URL,Mapa,Time1,Mapas_T1,Score_T1,Time2,Mapas_T2,Score_T2,Vencedor
https://www.vlr.gg/184513/zeta-division-vs-team-secret-champions-tour-2023-pacific-league-playoffs-ur1,Haven,ZETA DIVISION,,13,Team Secret,,15,Team Secret
https://www.vlr.gg/184513/zeta-division-vs-team-secret-champions-tour-2023-pacific-league-playoffs-ur1,Ascent,ZETA DIVISION,,12,Team Secret,,14,Team Secret
https://www.vlr.gg/184513/zeta-division-vs-team-secret-champions-tour-2023-pacific-league-playoffs-ur1,AllMaps,ZETA DIVISION,0,25,Team Secret,2,29,Team Secret
https://www.vlr.gg/184514/t1-vs-gen-g-champions-tour-2023-pacific-league-playoffs-ur1,Fracture,T1,,13,Gen.G,,8,T1
https://www.vlr.gg/184514/t1-vs-gen-g-champions-tour-2023-pacific-league-playoffs-ur1,Ascent,T1,,11,Gen.G,,13,Gen.G
https://www.vlr.gg/184514/t1-vs-gen-g-champions-tour-2023-pacific-league-playoffs-ur1,Lotus,T1,,13,Gen.G,,7,T1
https://www.vlr.gg/184514/t1-vs-gen-g-champions-tour-2023-pacific-league-playoffs-ur1,AllMaps,T1,2,37,Gen.G,1,28,T1
https://www.vlr.gg/184515/drx-vs-team-secret-champions-tour-2023-pacific-league-playoffs-ubsf,Haven,Kiwoom DRX,,9,Team Secret,,13,Team Secret
https://www.vlr.gg/184515/drx-vs-team-secret-champions-tour-2023-pacific-league-playoffs-ubsf,Split,Kiwoom DRX,,13,Team Secret,,5,Kiwoom DRX
https://www.vlr.gg/184515/drx-vs-team-secret-champions-tour-2023-pacific-league-playoffs-ubsf,Bind,Kiwoom DRX,,13,Team Secret,,4,Kiwoom DRX
https://www.vlr.gg/184515/drx-vs-team-secret-champions-tour-2023-pacific-league-playoffs-ubsf,AllMaps,Kiwoom DRX,2,35,Team Secret,1,22,Kiwoom DRX
https://www.vlr.gg/184516/paper-rex-vs-t1-champions-tour-2023-pacific-league-playoffs-ubsf,Lotus,Paper Rex,,13,T1,,10,Paper Rex
https://www.vlr.gg/184516/paper-rex-vs-t1-champions-tour-2023-pacific-league-playoffs-ubsf,Fracture,Paper Rex,,13,T1,,10,Paper Rex
https://www.vlr.gg/184516/paper-rex-vs-t1-champions-tour-2023-pacific-league-playoffs-ubsf,AllMaps,Paper Rex,2,26,T1,0,20,Paper Rex
https://www.vlr.gg/184517/t1-vs-zeta-division-champions-tour-2023-pacific-league-playoffs-lr1,Haven,T1,,13,ZETA DIVISION,,10,T1
https://www.vlr.gg/184517/t1-vs-zeta-division-champions-tour-2023-pacific-league-playoffs-lr1,Bind,T1,,12,ZETA DIVISION,,14,ZETA DIVISION
https://www.vlr.gg/184517/t1-vs-zeta-division-champions-tour-2023-pacific-league-playoffs-lr1,Fracture,T1,,13,ZETA DIVISION,,10,T1
https://www.vlr.gg/184517/t1-vs-zeta-division-champions-tour-2023-pacific-league-playoffs-lr1,AllMaps,T1,2,38,ZETA DIVISION,1,34,T1
https://www.vlr.gg/184518/team-secret-vs-gen-g-champions-tour-2023-pacific-league-playoffs-lr1,Ascent,Team Secret,,13,Gen.G,,8,Team Secret
https://www.vlr.gg/184518/team-secret-vs-gen-g-champions-tour-2023-pacific-league-playoffs-lr1,Haven,Team Secret,,8,Gen.G,,13,Gen.G
https://www.vlr.gg/184518/team-secret-vs-gen-g-champions-tour-2023-pacific-league-playoffs-lr1,Split,Team Secret,,12,Gen.G,,14,Gen.G
https://www.vlr.gg/184518/team-secret-vs-gen-g-champions-tour-2023-pacific-league-playoffs-lr1,AllMaps,Team Secret,1,33,Gen.G,2,35,Gen.G
https://www.vlr.gg/184519/drx-vs-paper-rex-champions-tour-2023-pacific-league-playoffs-uf,Fracture,Kiwoom DRX,,5,Paper Rex,,13,Paper Rex
https://www.vlr.gg/184519/drx-vs-paper-rex-champions-tour-2023-pacific-league-playoffs-uf,Bind,Kiwoom DRX,,6,Paper Rex,,13,Paper Rex
https://www.vlr.gg/184519/drx-vs-paper-rex-champions-tour-2023-pacific-league-playoffs-uf,AllMaps,Kiwoom DRX,0,11,Paper Rex,2,26,Paper Rex
https://www.vlr.gg/184520/t1-vs-gen-g-champions-tour-2023-pacific-league-playoffs-lr2,Fracture,T1,,13,Gen.G,,10,T1
https://www.vlr.gg/184520/t1-vs-gen-g-champions-tour-2023-pacific-league-playoffs-lr2,Ascent,T1,,13,Gen.G,,10,T1
https://www.vlr.gg/184520/t1-vs-gen-g-champions-tour-2023-pacific-league-playoffs-lr2,AllMaps,T1,2,26,Gen.G,0,20,T1
https://www.vlr.gg/184521/drx-vs-t1-champions-tour-2023-pacific-league-playoffs-lf,Ascent,Kiwoom DRX,,11,T1,,13,T1
https://www.vlr.gg/184521/drx-vs-t1-champions-tour-2023-pacific-league-playoffs-lf,Fracture,Kiwoom DRX,,13,T1,,11,Kiwoom DRX
https://www.vlr.gg/184521/drx-vs-t1-champions-tour-2023-pacific-league-playoffs-lf,Haven,Kiwoom DRX,,13,T1,,11,Kiwoom DRX
https://www.vlr.gg/184521/drx-vs-t1-champions-tour-2023-pacific-league-playoffs-lf,Bind,Kiwoom DRX,,6,T1,,13,T1
https://www.vlr.gg/184521/drx-vs-t1-champions-tour-2023-pacific-league-playoffs-lf,Pearl,Kiwoom DRX,,13,T1,,9,Kiwoom DRX
https://www.vlr.gg/184521/drx-vs-t1-champions-tour-2023-pacific-league-playoffs-lf,AllMaps,Kiwoom DRX,3,56,T1,2,57,Kiwoom DRX
https://www.vlr.gg/184522/paper-rex-vs-drx-champions-tour-2023-pacific-league-playoffs-gf,Fracture,Paper Rex,,6,Kiwoom DRX,,13,Kiwoom DRX
https://www.vlr.gg/184522/paper-rex-vs-drx-champions-tour-2023-pacific-league-playoffs-gf,Ascent,Paper Rex,,14,Kiwoom DRX,,16,Kiwoom DRX
https://www.vlr.gg/184522/paper-rex-vs-drx-champions-tour-2023-pacific-league-playoffs-gf,Pearl,Paper Rex,,13,Kiwoom DRX,,8,Paper Rex
https://www.vlr.gg/184522/paper-rex-vs-drx-champions-tour-2023-pacific-league-playoffs-gf,Bind,Paper Rex,,13,Kiwoom DRX,,6,Paper Rex
https://www.vlr.gg/184522/paper-rex-vs-drx-champions-tour-2023-pacific-league-playoffs-gf,Lotus,Paper Rex,,13,Kiwoom DRX,,3,Paper Rex
https://www.vlr.gg/184522/paper-rex-vs-drx-champions-tour-2023-pacific-league-playoffs-gf,AllMaps,Paper Rex,3,59,Kiwoom DRX,2,46,Paper Rex
https://www.vlr.gg/184456/zeta-division-vs-drx-champions-tour-2023-pacific-league-w1,Ascent,ZETA DIVISION,,5,Kiwoom DRX,,13,Kiwoom DRX
https://www.vlr.gg/184456/zeta-division-vs-drx-champions-tour-2023-pacific-league-w1,Pearl,ZETA DIVISION,,5,Kiwoom DRX,,13,Kiwoom DRX
https://www.vlr.gg/184456/zeta-division-vs-drx-champions-tour-2023-pacific-league-w1,AllMaps,ZETA DIVISION,0,10,Kiwoom DRX,2,26,Kiwoom DRX
https://www.vlr.gg/184457/t1-vs-global-esports-champions-tour-2023-pacific-league-w1,Pearl,T1,,13,Global Esports,,8,T1
https://www.vlr.gg/184457/t1-vs-global-esports-champions-tour-2023-pacific-league-w1,Haven,T1,,4,Global Esports,,13,Global Esports
https://www.vlr.gg/184457/t1-vs-global-esports-champions-tour-2023-pacific-league-w1,Lotus,T1,,13,Global Esports,,7,T1
https://www.vlr.gg/184457/t1-vs-global-esports-champions-tour-2023-pacific-league-w1,AllMaps,T1,2,30,Global Esports,1,28,T1
https://www.vlr.gg/184458/paper-rex-vs-detonation-focusme-champions-tour-2023-pacific-league-w1,Pearl,Paper Rex,,13,DetonatioN FocusMe,,5,Paper Rex
https://www.vlr.gg/184458/paper-rex-vs-detonation-focusme-champions-tour-2023-pacific-league-w1,Lotus,Paper Rex,,13,DetonatioN FocusMe,,11,Paper Rex
https://www.vlr.gg/184458/paper-rex-vs-detonation-focusme-champions-tour-2023-pacific-league-w1,AllMaps,Paper Rex,2,26,DetonatioN FocusMe,0,16,Paper Rex
https://www.vlr.gg/184459/team-secret-vs-talon-esports-champions-tour-2023-pacific-league-w1,Ascent,Team Secret,,13,TALON,,5,Team Secret
https://www.vlr.gg/184459/team-secret-vs-talon-esports-champions-tour-2023-pacific-league-w1,Icebox,Team Secret,,8,TALON,,13,TALON
https://www.vlr.gg/184459/team-secret-vs-talon-esports-champions-tour-2023-pacific-league-w1,Fracture,Team Secret,,13,TALON,,3,Team Secret
https://www.vlr.gg/184459/team-secret-vs-talon-esports-champions-tour-2023-pacific-league-w1,AllMaps,Team Secret,2,34,TALON,1,21,Team Secret
https://www.vlr.gg/184460/rex-regum-qeon-vs-gen-g-champions-tour-2023-pacific-league-w1,Fracture,Rex Regum Qeon,,9,Gen.G,,13,Gen.G
https://www.vlr.gg/184460/rex-regum-qeon-vs-gen-g-champions-tour-2023-pacific-league-w1,Lotus,Rex Regum Qeon,,6,Gen.G,,13,Gen.G
https://www.vlr.gg/184460/rex-regum-qeon-vs-gen-g-champions-tour-2023-pacific-league-w1,AllMaps,Rex Regum Qeon,0,15,Gen.G,2,26,Gen.G
https://www.vlr.gg/184461/zeta-division-vs-rex-regum-qeon-champions-tour-2023-pacific-league-w2,Haven,ZETA DIVISION,,10,Rex Regum Qeon,,13,Rex Regum Qeon
https://www.vlr.gg/184461/zeta-division-vs-rex-regum-qeon-champions-tour-2023-pacific-league-w2,Ascent,ZETA DIVISION,,13,Rex Regum Qeon,,10,ZETA DIVISION
https://www.vlr.gg/184461/zeta-division-vs-rex-regum-qeon-champions-tour-2023-pacific-league-w2,Lotus,ZETA DIVISION,,13,Rex Regum Qeon,,5,ZETA DIVISION
https://www.vlr.gg/184461/zeta-division-vs-rex-regum-qeon-champions-tour-2023-pacific-league-w2,AllMaps,ZETA DIVISION,2,36,Rex Regum Qeon,1,28,ZETA DIVISION
https://www.vlr.gg/184462/talon-esports-vs-t1-champions-tour-2023-pacific-league-w2,Ascent,TALON,,8,T1,,13,T1
https://www.vlr.gg/184462/talon-esports-vs-t1-champions-tour-2023-pacific-league-w2,Haven,TALON,,6,T1,,13,T1
https://www.vlr.gg/184462/talon-esports-vs-t1-champions-tour-2023-pacific-league-w2,AllMaps,TALON,0,14,T1,2,26,T1
https://www.vlr.gg/184463/team-secret-vs-paper-rex-champions-tour-2023-pacific-league-w2,Haven,Team Secret,,11,Paper Rex,,13,Paper Rex
https://www.vlr.gg/184463/team-secret-vs-paper-rex-champions-tour-2023-pacific-league-w2,Fracture,Team Secret,,13,Paper Rex,,11,Team Secret
https://www.vlr.gg/184463/team-secret-vs-paper-rex-champions-tour-2023-pacific-league-w2,Split,Team Secret,,13,Paper Rex,,10,Team Secret
https://www.vlr.gg/184463/team-secret-vs-paper-rex-champions-tour-2023-pacific-league-w2,AllMaps,Team Secret,2,37,Paper Rex,1,34,Team Secret
https://www.vlr.gg/184465/gen-g-vs-detonation-focusme-champions-tour-2023-pacific-league-w2,Lotus,Gen.G,,13,DetonatioN FocusMe,,8,Gen.G
https://www.vlr.gg/184465/gen-g-vs-detonation-focusme-champions-tour-2023-pacific-league-w2,Fracture,Gen.G,,4,DetonatioN FocusMe,,13,DetonatioN FocusMe
https://www.vlr.gg/184465/gen-g-vs-detonation-focusme-champions-tour-2023-pacific-league-w2,Pearl,Gen.G,,13,DetonatioN FocusMe,,8,Gen.G
https://www.vlr.gg/184465/gen-g-vs-detonation-focusme-champions-tour-2023-pacific-league-w2,AllMaps,Gen.G,2,30,DetonatioN FocusMe,1,29,Gen.G
https://www.vlr.gg/184466/global-esports-vs-drx-champions-tour-2023-pacific-league-w2,Haven,Global Esports,,11,Kiwoom DRX,,13,Kiwoom DRX
https://www.vlr.gg/184466/global-esports-vs-drx-champions-tour-2023-pacific-league-w2,Split,Global Esports,,15,Kiwoom DRX,,17,Kiwoom DRX
https://www.vlr.gg/184466/global-esports-vs-drx-champions-tour-2023-pacific-league-w2,AllMaps,Global Esports,0,26,Kiwoom DRX,2,30,Kiwoom DRX
https://www.vlr.gg/184467/rex-regum-qeon-vs-detonation-focusme-champions-tour-2023-pacific-league-w3,Haven,Rex Regum Qeon,,13,DetonatioN FocusMe,,4,Rex Regum Qeon
https://www.vlr.gg/184467/rex-regum-qeon-vs-detonation-focusme-champions-tour-2023-pacific-league-w3,Pearl,Rex Regum Qeon,,13,DetonatioN FocusMe,,7,Rex Regum Qeon
https://www.vlr.gg/184467/rex-regum-qeon-vs-detonation-focusme-champions-tour-2023-pacific-league-w3,AllMaps,Rex Regum Qeon,2,26,DetonatioN FocusMe,0,11,Rex Regum Qeon
https://www.vlr.gg/184468/t1-vs-paper-rex-champions-tour-2023-pacific-league-w3,Pearl,T1,,3,Paper Rex,,13,Paper Rex
https://www.vlr.gg/184468/t1-vs-paper-rex-champions-tour-2023-pacific-league-w3,Fracture,T1,,6,Paper Rex,,13,Paper Rex
https://www.vlr.gg/184468/t1-vs-paper-rex-champions-tour-2023-pacific-league-w3,AllMaps,T1,0,9,Paper Rex,2,26,Paper Rex
https://www.vlr.gg/184469/zeta-division-vs-global-esports-champions-tour-2023-pacific-league-w3,Pearl,ZETA DIVISION,,9,Global Esports,,13,Global Esports
https://www.vlr.gg/184469/zeta-division-vs-global-esports-champions-tour-2023-pacific-league-w3,Ascent,ZETA DIVISION,,14,Global Esports,,12,ZETA DIVISION
https://www.vlr.gg/184469/zeta-division-vs-global-esports-champions-tour-2023-pacific-league-w3,Haven,ZETA DIVISION,,13,Global Esports,,8,ZETA DIVISION
https://www.vlr.gg/184469/zeta-division-vs-global-esports-champions-tour-2023-pacific-league-w3,AllMaps,ZETA DIVISION,2,36,Global Esports,1,33,ZETA DIVISION
https://www.vlr.gg/184470/talon-esports-vs-drx-champions-tour-2023-pacific-league-w3,Split,TALON,,3,Kiwoom DRX,,13,Kiwoom DRX
https://www.vlr.gg/184470/talon-esports-vs-drx-champions-tour-2023-pacific-league-w3,Pearl,TALON,,10,Kiwoom DRX,,13,Kiwoom DRX
https://www.vlr.gg/184470/talon-esports-vs-drx-champions-tour-2023-pacific-league-w3,AllMaps,TALON,0,13,Kiwoom DRX,2,26,Kiwoom DRX
https://www.vlr.gg/184471/team-secret-vs-gen-g-champions-tour-2023-pacific-league-w3,Haven,Team Secret,,8,Gen.G,,13,Gen.G
https://www.vlr.gg/184471/team-secret-vs-gen-g-champions-tour-2023-pacific-league-w3,Fracture,Team Secret,,11,Gen.G,,13,Gen.G
https://www.vlr.gg/184471/team-secret-vs-gen-g-champions-tour-2023-pacific-league-w3,AllMaps,Team Secret,0,19,Gen.G,2,26,Gen.G
https://www.vlr.gg/184472/paper-rex-vs-drx-champions-tour-2023-pacific-league-w4,Ascent,Paper Rex,,5,Kiwoom DRX,,13,Kiwoom DRX
https://www.vlr.gg/184472/paper-rex-vs-drx-champions-tour-2023-pacific-league-w4,Split,Paper Rex,,10,Kiwoom DRX,,13,Kiwoom DRX
https://www.vlr.gg/184472/paper-rex-vs-drx-champions-tour-2023-pacific-league-w4,AllMaps,Paper Rex,0,15,Kiwoom DRX,2,26,Kiwoom DRX
https://www.vlr.gg/184473/team-secret-vs-rex-regum-qeon-champions-tour-2023-pacific-league-w4,Icebox,Team Secret,,10,Rex Regum Qeon,,13,Rex Regum Qeon
https://www.vlr.gg/184473/team-secret-vs-rex-regum-qeon-champions-tour-2023-pacific-league-w4,Split,Team Secret,,7,Rex Regum Qeon,,13,Rex Regum Qeon
https://www.vlr.gg/184473/team-secret-vs-rex-regum-qeon-champions-tour-2023-pacific-league-w4,AllMaps,Team Secret,0,17,Rex Regum Qeon,2,26,Rex Regum Qeon
https://www.vlr.gg/184474/t1-vs-gen-g-champions-tour-2023-pacific-league-w4,Ascent,T1,,5,Gen.G,,13,Gen.G
https://www.vlr.gg/184474/t1-vs-gen-g-champions-tour-2023-pacific-league-w4,Haven,T1,,5,Gen.G,,13,Gen.G
https://www.vlr.gg/184474/t1-vs-gen-g-champions-tour-2023-pacific-league-w4,AllMaps,T1,0,10,Gen.G,2,26,Gen.G
https://www.vlr.gg/184475/zeta-division-vs-detonation-focusme-champions-tour-2023-pacific-league-w4,Ascent,ZETA DIVISION,,13,DetonatioN FocusMe,,9,ZETA DIVISION
https://www.vlr.gg/184475/zeta-division-vs-detonation-focusme-champions-tour-2023-pacific-league-w4,Haven,ZETA DIVISION,,13,DetonatioN FocusMe,,5,ZETA DIVISION
https://www.vlr.gg/184475/zeta-division-vs-detonation-focusme-champions-tour-2023-pacific-league-w4,AllMaps,ZETA DIVISION,2,26,DetonatioN FocusMe,0,14,ZETA DIVISION
https://www.vlr.gg/184476/talon-esports-vs-global-esports-champions-tour-2023-pacific-league-w4,Split,TALON,,6,Global Esports,,13,Global Esports
https://www.vlr.gg/184476/talon-esports-vs-global-esports-champions-tour-2023-pacific-league-w4,Icebox,TALON,,11,Global Esports,,13,Global Esports
https://www.vlr.gg/184476/talon-esports-vs-global-esports-champions-tour-2023-pacific-league-w4,AllMaps,TALON,0,17,Global Esports,2,26,Global Esports
https://www.vlr.gg/184477/paper-rex-vs-global-esports-champions-tour-2023-pacific-league-w5,Icebox,Paper Rex,,7,Global Esports,,13,Global Esports
https://www.vlr.gg/184477/paper-rex-vs-global-esports-champions-tour-2023-pacific-league-w5,Split,Paper Rex,,13,Global Esports,,6,Paper Rex
https://www.vlr.gg/184477/paper-rex-vs-global-esports-champions-tour-2023-pacific-league-w5,Pearl,Paper Rex,,13,Global Esports,,7,Paper Rex
https://www.vlr.gg/184477/paper-rex-vs-global-esports-champions-tour-2023-pacific-league-w5,AllMaps,Paper Rex,2,33,Global Esports,1,26,Paper Rex
https://www.vlr.gg/184478/gen-g-vs-drx-champions-tour-2023-pacific-league-w5,Haven,Gen.G,,7,Kiwoom DRX,,13,Kiwoom DRX
https://www.vlr.gg/184478/gen-g-vs-drx-champions-tour-2023-pacific-league-w5,Fracture,Gen.G,,13,Kiwoom DRX,,10,Gen.G
https://www.vlr.gg/184478/gen-g-vs-drx-champions-tour-2023-pacific-league-w5,Pearl,Gen.G,,4,Kiwoom DRX,,13,Kiwoom DRX
https://www.vlr.gg/184478/gen-g-vs-drx-champions-tour-2023-pacific-league-w5,AllMaps,Gen.G,1,24,Kiwoom DRX,2,36,Kiwoom DRX
https://www.vlr.gg/184479/t1-vs-rex-regum-qeon-champions-tour-2023-pacific-league-w5,Haven,T1,,13,Rex Regum Qeon,,9,T1
https://www.vlr.gg/184479/t1-vs-rex-regum-qeon-champions-tour-2023-pacific-league-w5,Fracture,T1,,13,Rex Regum Qeon,,4,T1
https://www.vlr.gg/184479/t1-vs-rex-regum-qeon-champions-tour-2023-pacific-league-w5,AllMaps,T1,2,26,Rex Regum Qeon,0,13,T1
https://www.vlr.gg/184480/team-secret-vs-detonation-focusme-champions-tour-2023-pacific-league-w5,Ascent,Team Secret,,13,DetonatioN FocusMe,,11,Team Secret
https://www.vlr.gg/184480/team-secret-vs-detonation-focusme-champions-tour-2023-pacific-league-w5,Haven,Team Secret,,13,DetonatioN FocusMe,,8,Team Secret
https://www.vlr.gg/184480/team-secret-vs-detonation-focusme-champions-tour-2023-pacific-league-w5,AllMaps,Team Secret,2,26,DetonatioN FocusMe,0,19,Team Secret
https://www.vlr.gg/184481/zeta-division-vs-talon-esports-champions-tour-2023-pacific-league-w5,Haven,ZETA DIVISION,,8,TALON,,13,TALON
https://www.vlr.gg/184481/zeta-division-vs-talon-esports-champions-tour-2023-pacific-league-w5,Ascent,ZETA DIVISION,,14,TALON,,16,TALON
https://www.vlr.gg/184481/zeta-division-vs-talon-esports-champions-tour-2023-pacific-league-w5,AllMaps,ZETA DIVISION,0,22,TALON,2,29,TALON
https://www.vlr.gg/184482/t1-vs-detonation-focusme-champions-tour-2023-pacific-league-w6,Lotus,T1,,13,DetonatioN FocusMe,,9,T1
https://www.vlr.gg/184482/t1-vs-detonation-focusme-champions-tour-2023-pacific-league-w6,Split,T1,,9,DetonatioN FocusMe,,13,DetonatioN FocusMe
https://www.vlr.gg/184482/t1-vs-detonation-focusme-champions-tour-2023-pacific-league-w6,Fracture,T1,,13,DetonatioN FocusMe,,10,T1
https://www.vlr.gg/184482/t1-vs-detonation-focusme-champions-tour-2023-pacific-league-w6,AllMaps,T1,2,35,DetonatioN FocusMe,1,32,T1
https://www.vlr.gg/184483/zeta-division-vs-team-secret-champions-tour-2023-pacific-league-w6,Split,ZETA DIVISION,,13,Team Secret,,9,ZETA DIVISION
https://www.vlr.gg/184483/zeta-division-vs-team-secret-champions-tour-2023-pacific-league-w6,Lotus,ZETA DIVISION,,10,Team Secret,,13,Team Secret
https://www.vlr.gg/184483/zeta-division-vs-team-secret-champions-tour-2023-pacific-league-w6,Fracture,ZETA DIVISION,,13,Team Secret,,9,ZETA DIVISION
https://www.vlr.gg/184483/zeta-division-vs-team-secret-champions-tour-2023-pacific-league-w6,AllMaps,ZETA DIVISION,2,36,Team Secret,1,31,ZETA DIVISION
https://www.vlr.gg/184484/global-esports-vs-gen-g-champions-tour-2023-pacific-league-w6,Pearl,Global Esports,,13,Gen.G,,8,Global Esports
https://www.vlr.gg/184484/global-esports-vs-gen-g-champions-tour-2023-pacific-league-w6,Lotus,Global Esports,,13,Gen.G,,8,Global Esports
https://www.vlr.gg/184484/global-esports-vs-gen-g-champions-tour-2023-pacific-league-w6,AllMaps,Global Esports,2,26,Gen.G,0,16,Global Esports
https://www.vlr.gg/184485/rex-regum-qeon-vs-drx-champions-tour-2023-pacific-league-w6,Haven,Rex Regum Qeon,,13,Kiwoom DRX,,8,Rex Regum Qeon
https://www.vlr.gg/184485/rex-regum-qeon-vs-drx-champions-tour-2023-pacific-league-w6,Split,Rex Regum Qeon,,10,Kiwoom DRX,,13,Kiwoom DRX
https://www.vlr.gg/184485/rex-regum-qeon-vs-drx-champions-tour-2023-pacific-league-w6,Pearl,Rex Regum Qeon,,2,Kiwoom DRX,,13,Kiwoom DRX
https://www.vlr.gg/184485/rex-regum-qeon-vs-drx-champions-tour-2023-pacific-league-w6,AllMaps,Rex Regum Qeon,1,25,Kiwoom DRX,2,34,Kiwoom DRX
https://www.vlr.gg/184486/talon-esports-vs-paper-rex-champions-tour-2023-pacific-league-w6,Pearl,TALON,,13,Paper Rex,,11,TALON
https://www.vlr.gg/184486/talon-esports-vs-paper-rex-champions-tour-2023-pacific-league-w6,Split,TALON,,4,Paper Rex,,13,Paper Rex
https://www.vlr.gg/184486/talon-esports-vs-paper-rex-champions-tour-2023-pacific-league-w6,Fracture,TALON,,10,Paper Rex,,13,Paper Rex
https://www.vlr.gg/184486/talon-esports-vs-paper-rex-champions-tour-2023-pacific-league-w6,AllMaps,TALON,1,27,Paper Rex,2,37,Paper Rex
https://www.vlr.gg/184488/talon-esports-vs-gen-g-champions-tour-2023-pacific-league-w7,Fracture,TALON,,13,Gen.G,,8,TALON
https://www.vlr.gg/184488/talon-esports-vs-gen-g-champions-tour-2023-pacific-league-w7,Lotus,TALON,,13,Gen.G,,7,TALON
https://www.vlr.gg/184488/talon-esports-vs-gen-g-champions-tour-2023-pacific-league-w7,AllMaps,TALON,2,26,Gen.G,0,15,TALON
https://www.vlr.gg/184489/zeta-division-vs-paper-rex-champions-tour-2023-pacific-league-w7,Split,ZETA DIVISION,,6,Paper Rex,,13,Paper Rex
https://www.vlr.gg/184489/zeta-division-vs-paper-rex-champions-tour-2023-pacific-league-w7,Ascent,ZETA DIVISION,,10,Paper Rex,,13,Paper Rex
https://www.vlr.gg/184489/zeta-division-vs-paper-rex-champions-tour-2023-pacific-league-w7,AllMaps,ZETA DIVISION,0,16,Paper Rex,2,26,Paper Rex
https://www.vlr.gg/184490/rex-regum-qeon-vs-global-esports-champions-tour-2023-pacific-league-w7,Fracture,Rex Regum Qeon,,13,Global Esports,,10,Rex Regum Qeon
https://www.vlr.gg/184490/rex-regum-qeon-vs-global-esports-champions-tour-2023-pacific-league-w7,Pearl,Rex Regum Qeon,,13,Global Esports,,11,Rex Regum Qeon
https://www.vlr.gg/184490/rex-regum-qeon-vs-global-esports-champions-tour-2023-pacific-league-w7,AllMaps,Rex Regum Qeon,2,26,Global Esports,0,21,Rex Regum Qeon
https://www.vlr.gg/184491/team-secret-vs-t1-champions-tour-2023-pacific-league-w7,Lotus,Team Secret,,4,T1,,13,T1
https://www.vlr.gg/184491/team-secret-vs-t1-champions-tour-2023-pacific-league-w7,Bind,Team Secret,,8,T1,,13,T1
https://www.vlr.gg/184491/team-secret-vs-t1-champions-tour-2023-pacific-league-w7,AllMaps,Team Secret,0,12,T1,2,26,T1
https://www.vlr.gg/184492/drx-vs-detonation-focusme-champions-tour-2023-pacific-league-w7,Fracture,Kiwoom DRX,,13,DetonatioN FocusMe,,8,Kiwoom DRX
https://www.vlr.gg/184492/drx-vs-detonation-focusme-champions-tour-2023-pacific-league-w7,Ascent,Kiwoom DRX,,13,DetonatioN FocusMe,,4,Kiwoom DRX
https://www.vlr.gg/184492/drx-vs-detonation-focusme-champions-tour-2023-pacific-league-w7,AllMaps,Kiwoom DRX,2,26,DetonatioN FocusMe,0,12,Kiwoom DRX
https://www.vlr.gg/184493/paper-rex-vs-gen-g-champions-tour-2023-pacific-league-w8,Split,Paper Rex,,13,Gen.G,,7,Paper Rex
https://www.vlr.gg/184493/paper-rex-vs-gen-g-champions-tour-2023-pacific-league-w8,Ascent,Paper Rex,,13,Gen.G,,2,Paper Rex
https://www.vlr.gg/184493/paper-rex-vs-gen-g-champions-tour-2023-pacific-league-w8,AllMaps,Paper Rex,2,26,Gen.G,0,9,Paper Rex
https://www.vlr.gg/184494/zeta-division-vs-t1-champions-tour-2023-pacific-league-w8,Fracture,ZETA DIVISION,,11,T1,,13,T1
https://www.vlr.gg/184494/zeta-division-vs-t1-champions-tour-2023-pacific-league-w8,Lotus,ZETA DIVISION,,13,T1,,10,ZETA DIVISION
https://www.vlr.gg/184494/zeta-division-vs-t1-champions-tour-2023-pacific-league-w8,Bind,ZETA DIVISION,,3,T1,,13,T1
https://www.vlr.gg/184494/zeta-division-vs-t1-champions-tour-2023-pacific-league-w8,AllMaps,ZETA DIVISION,1,27,T1,2,36,T1
https://www.vlr.gg/184495/team-secret-vs-drx-champions-tour-2023-pacific-league-w8,Haven,Team Secret,,13,Kiwoom DRX,,8,Team Secret
https://www.vlr.gg/184495/team-secret-vs-drx-champions-tour-2023-pacific-league-w8,Ascent,Team Secret,,13,Kiwoom DRX,,11,Team Secret
https://www.vlr.gg/184495/team-secret-vs-drx-champions-tour-2023-pacific-league-w8,AllMaps,Team Secret,2,26,Kiwoom DRX,0,19,Team Secret
https://www.vlr.gg/184496/global-esports-vs-detonation-focusme-champions-tour-2023-pacific-league-w8,Lotus,Global Esports,,13,DetonatioN FocusMe,,7,Global Esports
https://www.vlr.gg/184496/global-esports-vs-detonation-focusme-champions-tour-2023-pacific-league-w8,Pearl,Global Esports,,13,DetonatioN FocusMe,,6,Global Esports
https://www.vlr.gg/184496/global-esports-vs-detonation-focusme-champions-tour-2023-pacific-league-w8,AllMaps,Global Esports,2,26,DetonatioN FocusMe,0,13,Global Esports
https://www.vlr.gg/184497/talon-esports-vs-rex-regum-qeon-champions-tour-2023-pacific-league-w8,Split,TALON,,13,Rex Regum Qeon,,3,TALON
https://www.vlr.gg/184497/talon-esports-vs-rex-regum-qeon-champions-tour-2023-pacific-league-w8,Ascent,TALON,,4,Rex Regum Qeon,,13,Rex Regum Qeon
https://www.vlr.gg/184497/talon-esports-vs-rex-regum-qeon-champions-tour-2023-pacific-league-w8,Haven,TALON,,7,Rex Regum Qeon,,13,Rex Regum Qeon
https://www.vlr.gg/184497/talon-esports-vs-rex-regum-qeon-champions-tour-2023-pacific-league-w8,AllMaps,TALON,1,24,Rex Regum Qeon,2,29,Rex Regum Qeon
https://www.vlr.gg/184498/zeta-division-vs-gen-g-champions-tour-2023-pacific-league-w8,Haven,ZETA DIVISION,,13,Gen.G,,8,ZETA DIVISION
https://www.vlr.gg/184498/zeta-division-vs-gen-g-champions-tour-2023-pacific-league-w8,Ascent,ZETA DIVISION,,4,Gen.G,,13,Gen.G
https://www.vlr.gg/184498/zeta-division-vs-gen-g-champions-tour-2023-pacific-league-w8,Fracture,ZETA DIVISION,,13,Gen.G,,4,ZETA DIVISION
https://www.vlr.gg/184498/zeta-division-vs-gen-g-champions-tour-2023-pacific-league-w8,AllMaps,ZETA DIVISION,2,30,Gen.G,1,25,ZETA DIVISION
https://www.vlr.gg/184500/team-secret-vs-global-esports-champions-tour-2023-pacific-league-w8,Haven,Team Secret,,13,Global Esports,,9,Team Secret
https://www.vlr.gg/184500/team-secret-vs-global-esports-champions-tour-2023-pacific-league-w8,Lotus,Team Secret,,13,Global Esports,,10,Team Secret
https://www.vlr.gg/184500/team-secret-vs-global-esports-champions-tour-2023-pacific-league-w8,AllMaps,Team Secret,2,26,Global Esports,0,19,Team Secret
https://www.vlr.gg/184501/talon-esports-vs-detonation-focusme-champions-tour-2023-pacific-league-w8,Lotus,TALON,,13,DetonatioN FocusMe,,11,TALON
https://www.vlr.gg/184501/talon-esports-vs-detonation-focusme-champions-tour-2023-pacific-league-w8,Bind,TALON,,13,DetonatioN FocusMe,,4,TALON
https://www.vlr.gg/184501/talon-esports-vs-detonation-focusme-champions-tour-2023-pacific-league-w8,AllMaps,TALON,2,26,DetonatioN FocusMe,0,15,TALON
https://www.vlr.gg/184502/rex-regum-qeon-vs-paper-rex-champions-tour-2023-pacific-league-w8,Bind,Rex Regum Qeon,,9,Paper Rex,,13,Paper Rex
https://www.vlr.gg/184502/rex-regum-qeon-vs-paper-rex-champions-tour-2023-pacific-league-w8,Pearl,Rex Regum Qeon,,11,Paper Rex,,13,Paper Rex
https://www.vlr.gg/184502/rex-regum-qeon-vs-paper-rex-champions-tour-2023-pacific-league-w8,AllMaps,Rex Regum Qeon,0,20,Paper Rex,2,26,Paper Rex
https://www.vlr.gg/237266/talon-esports-vs-detonation-focusme-champions-tour-2023-pacific-last-chance-qualifier-ur1,Fracture,TALON,,13,DetonatioN FocusMe,,7,TALON
https://www.vlr.gg/237266/talon-esports-vs-detonation-focusme-champions-tour-2023-pacific-last-chance-qualifier-ur1,Ascent,TALON,,13,DetonatioN FocusMe,,8,TALON
https://www.vlr.gg/237266/talon-esports-vs-detonation-focusme-champions-tour-2023-pacific-last-chance-qualifier-ur1,AllMaps,TALON,2,26,DetonatioN FocusMe,0,15,TALON
https://www.vlr.gg/237267/rex-regum-qeon-vs-global-esports-champions-tour-2023-pacific-last-chance-qualifier-ubqf,Split,Rex Regum Qeon,,13,Global Esports,,10,Rex Regum Qeon
https://www.vlr.gg/237267/rex-regum-qeon-vs-global-esports-champions-tour-2023-pacific-last-chance-qualifier-ubqf,Ascent,Rex Regum Qeon,,13,Global Esports,,10,Rex Regum Qeon
https://www.vlr.gg/237267/rex-regum-qeon-vs-global-esports-champions-tour-2023-pacific-last-chance-qualifier-ubqf,AllMaps,Rex Regum Qeon,2,26,Global Esports,0,20,Rex Regum Qeon
https://www.vlr.gg/237268/gen-g-vs-talon-esports-champions-tour-2023-pacific-last-chance-qualifier-ubqf,Pearl,Gen.G,,11,TALON,,13,TALON
https://www.vlr.gg/237268/gen-g-vs-talon-esports-champions-tour-2023-pacific-last-chance-qualifier-ubqf,Split,Gen.G,,13,TALON,,10,Gen.G
https://www.vlr.gg/237268/gen-g-vs-talon-esports-champions-tour-2023-pacific-last-chance-qualifier-ubqf,Haven,Gen.G,,15,TALON,,13,Gen.G
https://www.vlr.gg/237268/gen-g-vs-talon-esports-champions-tour-2023-pacific-last-chance-qualifier-ubqf,AllMaps,Gen.G,2,39,TALON,1,36,Gen.G
https://www.vlr.gg/237269/zeta-division-vs-rex-regum-qeon-champions-tour-2023-pacific-last-chance-qualifier-ubsf,Haven,ZETA DIVISION,,2,Rex Regum Qeon,,13,Rex Regum Qeon
https://www.vlr.gg/237269/zeta-division-vs-rex-regum-qeon-champions-tour-2023-pacific-last-chance-qualifier-ubsf,Split,ZETA DIVISION,,13,Rex Regum Qeon,,8,ZETA DIVISION
https://www.vlr.gg/237269/zeta-division-vs-rex-regum-qeon-champions-tour-2023-pacific-last-chance-qualifier-ubsf,Ascent,ZETA DIVISION,,21,Rex Regum Qeon,,19,ZETA DIVISION
https://www.vlr.gg/237269/zeta-division-vs-rex-regum-qeon-champions-tour-2023-pacific-last-chance-qualifier-ubsf,AllMaps,ZETA DIVISION,2,36,Rex Regum Qeon,1,40,ZETA DIVISION
https://www.vlr.gg/237270/team-secret-vs-gen-g-champions-tour-2023-pacific-last-chance-qualifier-ubsf,Haven,Team Secret,,13,Gen.G,,6,Team Secret
https://www.vlr.gg/237270/team-secret-vs-gen-g-champions-tour-2023-pacific-last-chance-qualifier-ubsf,Ascent,Team Secret,,13,Gen.G,,8,Team Secret
https://www.vlr.gg/237270/team-secret-vs-gen-g-champions-tour-2023-pacific-last-chance-qualifier-ubsf,AllMaps,Team Secret,2,26,Gen.G,0,14,Team Secret
https://www.vlr.gg/237272/rex-regum-qeon-vs-gen-g-champions-tour-2023-pacific-last-chance-qualifier-lr1,Haven,Rex Regum Qeon,,6,Gen.G,,13,Gen.G
https://www.vlr.gg/237272/rex-regum-qeon-vs-gen-g-champions-tour-2023-pacific-last-chance-qualifier-lr1,Lotus,Rex Regum Qeon,,13,Gen.G,,2,Rex Regum Qeon
https://www.vlr.gg/237272/rex-regum-qeon-vs-gen-g-champions-tour-2023-pacific-last-chance-qualifier-lr1,Ascent,Rex Regum Qeon,,7,Gen.G,,13,Gen.G
https://www.vlr.gg/237272/rex-regum-qeon-vs-gen-g-champions-tour-2023-pacific-last-chance-qualifier-lr1,AllMaps,Rex Regum Qeon,1,26,Gen.G,2,28,Gen.G
https://www.vlr.gg/237271/zeta-division-vs-team-secret-champions-tour-2023-pacific-last-chance-qualifier-uf,Lotus,ZETA DIVISION,,13,Team Secret,,9,ZETA DIVISION
https://www.vlr.gg/237271/zeta-division-vs-team-secret-champions-tour-2023-pacific-last-chance-qualifier-uf,Fracture,ZETA DIVISION,,13,Team Secret,,7,ZETA DIVISION
https://www.vlr.gg/237271/zeta-division-vs-team-secret-champions-tour-2023-pacific-last-chance-qualifier-uf,AllMaps,ZETA DIVISION,2,26,Team Secret,0,16,ZETA DIVISION
https://www.vlr.gg/237273/team-secret-vs-gen-g-champions-tour-2023-pacific-last-chance-qualifier-lf,Haven,Team Secret,,10,Gen.G,,13,Gen.G
https://www.vlr.gg/237273/team-secret-vs-gen-g-champions-tour-2023-pacific-last-chance-qualifier-lf,Pearl,Team Secret,,13,Gen.G,,11,Team Secret
https://www.vlr.gg/237273/team-secret-vs-gen-g-champions-tour-2023-pacific-last-chance-qualifier-lf,Ascent,Team Secret,,13,Gen.G,,2,Team Secret
https://www.vlr.gg/237273/team-secret-vs-gen-g-champions-tour-2023-pacific-last-chance-qualifier-lf,Lotus,Team Secret,,13,Gen.G,,6,Team Secret
https://www.vlr.gg/237273/team-secret-vs-gen-g-champions-tour-2023-pacific-last-chance-qualifier-lf,AllMaps,Team Secret,3,49,Gen.G,1,32,Team Secret
https://www.vlr.gg/237274/zeta-division-vs-team-secret-champions-tour-2023-pacific-last-chance-qualifier-gf,Fracture,ZETA DIVISION,,14,Team Secret,,12,ZETA DIVISION
https://www.vlr.gg/237274/zeta-division-vs-team-secret-champions-tour-2023-pacific-last-chance-qualifier-gf,Ascent,ZETA DIVISION,,9,Team Secret,,13,Team Secret
https://www.vlr.gg/237274/zeta-division-vs-team-secret-champions-tour-2023-pacific-last-chance-qualifier-gf,Split,ZETA DIVISION,,13,Team Secret,,7,ZETA DIVISION
https://www.vlr.gg/237274/zeta-division-vs-team-secret-champions-tour-2023-pacific-last-chance-qualifier-gf,Lotus,ZETA DIVISION,,13,Team Secret,,6,ZETA DIVISION
https://www.vlr.gg/237274/zeta-division-vs-team-secret-champions-tour-2023-pacific-last-chance-qualifier-gf,AllMaps,ZETA DIVISION,3,49,Team Secret,1,38,ZETA DIVISION
https://www.vlr.gg/296735/t1-vs-bleed-champions-tour-2024-pacific-kickoff-opening-a,Breeze,T1,,18,BLEED,,16,T1
https://www.vlr.gg/296735/t1-vs-bleed-champions-tour-2024-pacific-kickoff-opening-a,Lotus,T1,,13,BLEED,,6,T1
https://www.vlr.gg/296735/t1-vs-bleed-champions-tour-2024-pacific-kickoff-opening-a,AllMaps,T1,2,31,BLEED,0,22,T1
https://www.vlr.gg/296730/zeta-division-vs-global-esports-champions-tour-2024-pacific-kickoff-opening-a,Bind,ZETA DIVISION,,13,Global Esports,,10,ZETA DIVISION
https://www.vlr.gg/296730/zeta-division-vs-global-esports-champions-tour-2024-pacific-kickoff-opening-a,Icebox,ZETA DIVISION,,13,Global Esports,,7,ZETA DIVISION
https://www.vlr.gg/296730/zeta-division-vs-global-esports-champions-tour-2024-pacific-kickoff-opening-a,AllMaps,ZETA DIVISION,2,26,Global Esports,0,17,ZETA DIVISION
https://www.vlr.gg/296738/bleed-vs-global-esports-champions-tour-2024-pacific-kickoff-elim-a,Sunset,BLEED,,9,Global Esports,,13,Global Esports
https://www.vlr.gg/296738/bleed-vs-global-esports-champions-tour-2024-pacific-kickoff-elim-a,Icebox,BLEED,,13,Global Esports,,10,BLEED
https://www.vlr.gg/296738/bleed-vs-global-esports-champions-tour-2024-pacific-kickoff-elim-a,Split,BLEED,,11,Global Esports,,13,Global Esports
https://www.vlr.gg/296738/bleed-vs-global-esports-champions-tour-2024-pacific-kickoff-elim-a,AllMaps,BLEED,1,33,Global Esports,2,36,Global Esports
https://www.vlr.gg/296737/t1-vs-zeta-division-champions-tour-2024-pacific-kickoff-winners-a,Ascent,T1,,11,ZETA DIVISION,,13,ZETA DIVISION
https://www.vlr.gg/296737/t1-vs-zeta-division-champions-tour-2024-pacific-kickoff-winners-a,Lotus,T1,,13,ZETA DIVISION,,4,T1
https://www.vlr.gg/296737/t1-vs-zeta-division-champions-tour-2024-pacific-kickoff-winners-a,Sunset,T1,,13,ZETA DIVISION,,7,T1
https://www.vlr.gg/296737/t1-vs-zeta-division-champions-tour-2024-pacific-kickoff-winners-a,AllMaps,T1,2,37,ZETA DIVISION,1,24,T1
https://www.vlr.gg/296739/zeta-division-vs-global-esports-champions-tour-2024-pacific-kickoff-decider-a,Bind,ZETA DIVISION,,13,Global Esports,,8,ZETA DIVISION
https://www.vlr.gg/296739/zeta-division-vs-global-esports-champions-tour-2024-pacific-kickoff-decider-a,Lotus,ZETA DIVISION,,13,Global Esports,,3,ZETA DIVISION
https://www.vlr.gg/296739/zeta-division-vs-global-esports-champions-tour-2024-pacific-kickoff-decider-a,AllMaps,ZETA DIVISION,2,26,Global Esports,0,11,ZETA DIVISION
https://www.vlr.gg/296736/drx-vs-detonation-focusme-champions-tour-2024-pacific-kickoff-opening-b,Lotus,Kiwoom DRX,,13,DetonatioN FocusMe,,8,Kiwoom DRX
https://www.vlr.gg/296736/drx-vs-detonation-focusme-champions-tour-2024-pacific-kickoff-opening-b,Breeze,Kiwoom DRX,,13,DetonatioN FocusMe,,8,Kiwoom DRX
https://www.vlr.gg/296736/drx-vs-detonation-focusme-champions-tour-2024-pacific-kickoff-opening-b,AllMaps,Kiwoom DRX,2,26,DetonatioN FocusMe,0,16,Kiwoom DRX
https://www.vlr.gg/296731/team-secret-vs-talon-esports-champions-tour-2024-pacific-kickoff-opening-b,Breeze,Team Secret,,8,TALON,,13,TALON
https://www.vlr.gg/296731/team-secret-vs-talon-esports-champions-tour-2024-pacific-kickoff-opening-b,Ascent,Team Secret,,3,TALON,,13,TALON
https://www.vlr.gg/296731/team-secret-vs-talon-esports-champions-tour-2024-pacific-kickoff-opening-b,AllMaps,Team Secret,0,11,TALON,2,26,TALON
https://www.vlr.gg/296733/detonation-focusme-vs-team-secret-champions-tour-2024-pacific-kickoff-elim-b,Lotus,DetonatioN FocusMe,,7,Team Secret,,13,Team Secret
https://www.vlr.gg/296733/detonation-focusme-vs-team-secret-champions-tour-2024-pacific-kickoff-elim-b,Breeze,DetonatioN FocusMe,,11,Team Secret,,13,Team Secret
https://www.vlr.gg/296733/detonation-focusme-vs-team-secret-champions-tour-2024-pacific-kickoff-elim-b,AllMaps,DetonatioN FocusMe,0,18,Team Secret,2,26,Team Secret
https://www.vlr.gg/296732/drx-vs-talon-esports-champions-tour-2024-pacific-kickoff-winners-b,Split,Kiwoom DRX,,13,TALON,,10,Kiwoom DRX
https://www.vlr.gg/296732/drx-vs-talon-esports-champions-tour-2024-pacific-kickoff-winners-b,Ascent,Kiwoom DRX,,13,TALON,,8,Kiwoom DRX
https://www.vlr.gg/296732/drx-vs-talon-esports-champions-tour-2024-pacific-kickoff-winners-b,AllMaps,Kiwoom DRX,2,26,TALON,0,18,Kiwoom DRX
https://www.vlr.gg/296734/talon-esports-vs-team-secret-champions-tour-2024-pacific-kickoff-decider-b,Breeze,TALON,,8,Team Secret,,13,Team Secret
https://www.vlr.gg/296734/talon-esports-vs-team-secret-champions-tour-2024-pacific-kickoff-decider-b,Ascent,TALON,,7,Team Secret,,13,Team Secret
https://www.vlr.gg/296734/talon-esports-vs-team-secret-champions-tour-2024-pacific-kickoff-decider-b,AllMaps,TALON,0,15,Team Secret,2,26,Team Secret
https://www.vlr.gg/296745/gen-g-vs-rex-regum-qeon-champions-tour-2024-pacific-kickoff-opening-c,Icebox,Gen.G,,13,Rex Regum Qeon,,11,Gen.G
https://www.vlr.gg/296745/gen-g-vs-rex-regum-qeon-champions-tour-2024-pacific-kickoff-opening-c,Split,Gen.G,,11,Rex Regum Qeon,,13,Rex Regum Qeon
https://www.vlr.gg/296745/gen-g-vs-rex-regum-qeon-champions-tour-2024-pacific-kickoff-opening-c,Sunset,Gen.G,,13,Rex Regum Qeon,,8,Gen.G
https://www.vlr.gg/296745/gen-g-vs-rex-regum-qeon-champions-tour-2024-pacific-kickoff-opening-c,AllMaps,Gen.G,2,37,Rex Regum Qeon,1,32,Gen.G
https://www.vlr.gg/296747/gen-g-vs-paper-rex-champions-tour-2024-pacific-kickoff-winners-c,Breeze,Gen.G,,13,Paper Rex,,10,Gen.G
https://www.vlr.gg/296747/gen-g-vs-paper-rex-champions-tour-2024-pacific-kickoff-winners-c,Lotus,Gen.G,,10,Paper Rex,,13,Paper Rex
https://www.vlr.gg/296747/gen-g-vs-paper-rex-champions-tour-2024-pacific-kickoff-winners-c,Sunset,Gen.G,,7,Paper Rex,,13,Paper Rex
https://www.vlr.gg/296747/gen-g-vs-paper-rex-champions-tour-2024-pacific-kickoff-winners-c,AllMaps,Gen.G,1,30,Paper Rex,2,36,Paper Rex
https://www.vlr.gg/296749/gen-g-vs-rex-regum-qeon-champions-tour-2024-pacific-kickoff-decider-c,Lotus,Gen.G,,13,Rex Regum Qeon,,7,Gen.G
https://www.vlr.gg/296749/gen-g-vs-rex-regum-qeon-champions-tour-2024-pacific-kickoff-decider-c,Breeze,Gen.G,,10,Rex Regum Qeon,,13,Rex Regum Qeon
https://www.vlr.gg/296749/gen-g-vs-rex-regum-qeon-champions-tour-2024-pacific-kickoff-decider-c,Icebox,Gen.G,,13,Rex Regum Qeon,,11,Gen.G
https://www.vlr.gg/296749/gen-g-vs-rex-regum-qeon-champions-tour-2024-pacific-kickoff-decider-c,AllMaps,Gen.G,2,36,Rex Regum Qeon,1,31,Gen.G
https://www.vlr.gg/297254/team-secret-vs-gen-g-champions-tour-2024-pacific-kickoff-play-ins,Breeze,Team Secret,,13,Gen.G,,5,Team Secret
https://www.vlr.gg/297254/team-secret-vs-gen-g-champions-tour-2024-pacific-kickoff-play-ins,Lotus,Team Secret,,9,Gen.G,,13,Gen.G
https://www.vlr.gg/297254/team-secret-vs-gen-g-champions-tour-2024-pacific-kickoff-play-ins,Icebox,Team Secret,,13,Gen.G,,15,Gen.G
https://www.vlr.gg/297254/team-secret-vs-gen-g-champions-tour-2024-pacific-kickoff-play-ins,AllMaps,Team Secret,1,35,Gen.G,2,33,Gen.G
https://www.vlr.gg/297253/zeta-division-vs-team-secret-champions-tour-2024-pacific-kickoff-play-ins,Icebox,ZETA DIVISION,,1,Team Secret,,13,Team Secret
https://www.vlr.gg/297253/zeta-division-vs-team-secret-champions-tour-2024-pacific-kickoff-play-ins,Ascent,ZETA DIVISION,,8,Team Secret,,13,Team Secret
https://www.vlr.gg/297253/zeta-division-vs-team-secret-champions-tour-2024-pacific-kickoff-play-ins,AllMaps,ZETA DIVISION,0,9,Team Secret,2,26,Team Secret
https://www.vlr.gg/297255/gen-g-vs-zeta-division-champions-tour-2024-pacific-kickoff-play-ins,Icebox,Gen.G,,13,ZETA DIVISION,,6,Gen.G
https://www.vlr.gg/297255/gen-g-vs-zeta-division-champions-tour-2024-pacific-kickoff-play-ins,Ascent,Gen.G,,13,ZETA DIVISION,,4,Gen.G
https://www.vlr.gg/297255/gen-g-vs-zeta-division-champions-tour-2024-pacific-kickoff-play-ins,AllMaps,Gen.G,2,26,ZETA DIVISION,0,10,Gen.G
https://www.vlr.gg/297256/t1-vs-paper-rex-champions-tour-2024-pacific-kickoff-playoffs-sf,Split,T1,,14,Paper Rex,,16,Paper Rex
https://www.vlr.gg/297256/t1-vs-paper-rex-champions-tour-2024-pacific-kickoff-playoffs-sf,Ascent,T1,,6,Paper Rex,,13,Paper Rex
https://www.vlr.gg/297256/t1-vs-paper-rex-champions-tour-2024-pacific-kickoff-playoffs-sf,AllMaps,T1,0,20,Paper Rex,2,29,Paper Rex
https://www.vlr.gg/297257/drx-vs-gen-g-champions-tour-2024-pacific-kickoff-playoffs-sf,Bind,Kiwoom DRX,,12,Gen.G,,14,Gen.G
https://www.vlr.gg/297257/drx-vs-gen-g-champions-tour-2024-pacific-kickoff-playoffs-sf,Lotus,Kiwoom DRX,,8,Gen.G,,13,Gen.G
https://www.vlr.gg/297257/drx-vs-gen-g-champions-tour-2024-pacific-kickoff-playoffs-sf,AllMaps,Kiwoom DRX,0,20,Gen.G,2,27,Gen.G
https://www.vlr.gg/297258/paper-rex-vs-gen-g-champions-tour-2024-pacific-kickoff-playoffs-gf,Ascent,Paper Rex,,5,Gen.G,,13,Gen.G
https://www.vlr.gg/297258/paper-rex-vs-gen-g-champions-tour-2024-pacific-kickoff-playoffs-gf,Split,Paper Rex,,13,Gen.G,,4,Paper Rex
https://www.vlr.gg/297258/paper-rex-vs-gen-g-champions-tour-2024-pacific-kickoff-playoffs-gf,Lotus,Paper Rex,,11,Gen.G,,13,Gen.G
https://www.vlr.gg/297258/paper-rex-vs-gen-g-champions-tour-2024-pacific-kickoff-playoffs-gf,Bind,Paper Rex,,4,Gen.G,,13,Gen.G
https://www.vlr.gg/297258/paper-rex-vs-gen-g-champions-tour-2024-pacific-kickoff-playoffs-gf,AllMaps,Paper Rex,1,33,Gen.G,3,43,Gen.G
https://www.vlr.gg/314301/global-esports-vs-zeta-division-champions-tour-2024-pacific-stage-1-w1,Sunset,Global Esports,,1,ZETA DIVISION,,13,ZETA DIVISION
https://www.vlr.gg/314301/global-esports-vs-zeta-division-champions-tour-2024-pacific-stage-1-w1,Icebox,Global Esports,,13,ZETA DIVISION,,10,Global Esports
https://www.vlr.gg/314301/global-esports-vs-zeta-division-champions-tour-2024-pacific-stage-1-w1,Ascent,Global Esports,,8,ZETA DIVISION,,13,ZETA DIVISION
https://www.vlr.gg/314301/global-esports-vs-zeta-division-champions-tour-2024-pacific-stage-1-w1,AllMaps,Global Esports,1,22,ZETA DIVISION,2,36,ZETA DIVISION
https://www.vlr.gg/314302/team-secret-vs-drx-champions-tour-2024-pacific-stage-1-w1,Sunset,Team Secret,,8,Kiwoom DRX,,13,Kiwoom DRX
https://www.vlr.gg/314302/team-secret-vs-drx-champions-tour-2024-pacific-stage-1-w1,Lotus,Team Secret,,8,Kiwoom DRX,,13,Kiwoom DRX
https://www.vlr.gg/314302/team-secret-vs-drx-champions-tour-2024-pacific-stage-1-w1,AllMaps,Team Secret,0,16,Kiwoom DRX,2,26,Kiwoom DRX
https://www.vlr.gg/314303/bleed-vs-talon-esports-champions-tour-2024-pacific-stage-1-w1,Lotus,BLEED,,13,TALON,,9,BLEED
https://www.vlr.gg/314303/bleed-vs-talon-esports-champions-tour-2024-pacific-stage-1-w1,Bind,BLEED,,7,TALON,,13,TALON
https://www.vlr.gg/314303/bleed-vs-talon-esports-champions-tour-2024-pacific-stage-1-w1,Icebox,BLEED,,6,TALON,,13,TALON
https://www.vlr.gg/314303/bleed-vs-talon-esports-champions-tour-2024-pacific-stage-1-w1,AllMaps,BLEED,1,26,TALON,2,35,TALON
https://www.vlr.gg/314304/t1-vs-paper-rex-champions-tour-2024-pacific-stage-1-w1,Lotus,T1,,10,Paper Rex,,13,Paper Rex
https://www.vlr.gg/314304/t1-vs-paper-rex-champions-tour-2024-pacific-stage-1-w1,Bind,T1,,12,Paper Rex,,14,Paper Rex
https://www.vlr.gg/314304/t1-vs-paper-rex-champions-tour-2024-pacific-stage-1-w1,AllMaps,T1,0,22,Paper Rex,2,27,Paper Rex
https://www.vlr.gg/314305/team-secret-vs-rex-regum-qeon-champions-tour-2024-pacific-stage-1-w1,Breeze,Team Secret,,10,Rex Regum Qeon,,13,Rex Regum Qeon
https://www.vlr.gg/314305/team-secret-vs-rex-regum-qeon-champions-tour-2024-pacific-stage-1-w1,Split,Team Secret,,13,Rex Regum Qeon,,6,Team Secret
https://www.vlr.gg/314305/team-secret-vs-rex-regum-qeon-champions-tour-2024-pacific-stage-1-w1,Icebox,Team Secret,,12,Rex Regum Qeon,,14,Rex Regum Qeon
https://www.vlr.gg/314305/team-secret-vs-rex-regum-qeon-champions-tour-2024-pacific-stage-1-w1,AllMaps,Team Secret,1,35,Rex Regum Qeon,2,33,Rex Regum Qeon
https://www.vlr.gg/314306/global-esports-vs-drx-champions-tour-2024-pacific-stage-1-w1,Ascent,Global Esports,,8,Kiwoom DRX,,13,Kiwoom DRX
https://www.vlr.gg/314306/global-esports-vs-drx-champions-tour-2024-pacific-stage-1-w1,Lotus,Global Esports,,6,Kiwoom DRX,,13,Kiwoom DRX
https://www.vlr.gg/314306/global-esports-vs-drx-champions-tour-2024-pacific-stage-1-w1,AllMaps,Global Esports,0,14,Kiwoom DRX,2,26,Kiwoom DRX
https://www.vlr.gg/314307/gen-g-vs-talon-esports-champions-tour-2024-pacific-stage-1-w1,Lotus,Gen.G,,13,TALON,,9,Gen.G
https://www.vlr.gg/314307/gen-g-vs-talon-esports-champions-tour-2024-pacific-stage-1-w1,Ascent,Gen.G,,13,TALON,,8,Gen.G
https://www.vlr.gg/314307/gen-g-vs-talon-esports-champions-tour-2024-pacific-stage-1-w1,AllMaps,Gen.G,2,26,TALON,0,17,Gen.G
https://www.vlr.gg/314308/t1-vs-detonation-focusme-champions-tour-2024-pacific-stage-1-w1,Ascent,T1,,10,DetonatioN FocusMe,,13,DetonatioN FocusMe
https://www.vlr.gg/314308/t1-vs-detonation-focusme-champions-tour-2024-pacific-stage-1-w1,Lotus,T1,,13,DetonatioN FocusMe,,5,T1
https://www.vlr.gg/314308/t1-vs-detonation-focusme-champions-tour-2024-pacific-stage-1-w1,Sunset,T1,,11,DetonatioN FocusMe,,13,DetonatioN FocusMe
https://www.vlr.gg/314308/t1-vs-detonation-focusme-champions-tour-2024-pacific-stage-1-w1,AllMaps,T1,1,34,DetonatioN FocusMe,2,31,DetonatioN FocusMe
https://www.vlr.gg/314309/gen-g-vs-paper-rex-champions-tour-2024-pacific-stage-1-w2,Lotus,Gen.G,,13,Paper Rex,,11,Gen.G
https://www.vlr.gg/314309/gen-g-vs-paper-rex-champions-tour-2024-pacific-stage-1-w2,Icebox,Gen.G,,11,Paper Rex,,13,Paper Rex
https://www.vlr.gg/314309/gen-g-vs-paper-rex-champions-tour-2024-pacific-stage-1-w2,Bind,Gen.G,,6,Paper Rex,,13,Paper Rex
https://www.vlr.gg/314309/gen-g-vs-paper-rex-champions-tour-2024-pacific-stage-1-w2,AllMaps,Gen.G,1,30,Paper Rex,2,37,Paper Rex
https://www.vlr.gg/314310/t1-vs-drx-champions-tour-2024-pacific-stage-1-w2,Breeze,T1,,13,Kiwoom DRX,,9,T1
https://www.vlr.gg/314310/t1-vs-drx-champions-tour-2024-pacific-stage-1-w2,Split,T1,,5,Kiwoom DRX,,13,Kiwoom DRX
https://www.vlr.gg/314310/t1-vs-drx-champions-tour-2024-pacific-stage-1-w2,Bind,T1,,6,Kiwoom DRX,,13,Kiwoom DRX
https://www.vlr.gg/314310/t1-vs-drx-champions-tour-2024-pacific-stage-1-w2,AllMaps,T1,1,24,Kiwoom DRX,2,35,Kiwoom DRX
https://www.vlr.gg/314311/team-secret-vs-zeta-division-champions-tour-2024-pacific-stage-1-w2,Icebox,Team Secret,,13,ZETA DIVISION,,8,Team Secret
https://www.vlr.gg/314311/team-secret-vs-zeta-division-champions-tour-2024-pacific-stage-1-w2,Lotus,Team Secret,,6,ZETA DIVISION,,13,ZETA DIVISION
https://www.vlr.gg/314311/team-secret-vs-zeta-division-champions-tour-2024-pacific-stage-1-w2,Sunset,Team Secret,,13,ZETA DIVISION,,7,Team Secret
https://www.vlr.gg/314311/team-secret-vs-zeta-division-champions-tour-2024-pacific-stage-1-w2,AllMaps,Team Secret,2,32,ZETA DIVISION,1,28,Team Secret
https://www.vlr.gg/314312/bleed-vs-rex-regum-qeon-champions-tour-2024-pacific-stage-1-w2,Lotus,BLEED,,2,Rex Regum Qeon,,13,Rex Regum Qeon
https://www.vlr.gg/314312/bleed-vs-rex-regum-qeon-champions-tour-2024-pacific-stage-1-w2,Icebox,BLEED,,5,Rex Regum Qeon,,13,Rex Regum Qeon
https://www.vlr.gg/314312/bleed-vs-rex-regum-qeon-champions-tour-2024-pacific-stage-1-w2,AllMaps,BLEED,0,7,Rex Regum Qeon,2,26,Rex Regum Qeon
https://www.vlr.gg/314313/gen-g-vs-detonation-focusme-champions-tour-2024-pacific-stage-1-w2,Split,Gen.G,,13,DetonatioN FocusMe,,8,Gen.G
https://www.vlr.gg/314313/gen-g-vs-detonation-focusme-champions-tour-2024-pacific-stage-1-w2,Lotus,Gen.G,,13,DetonatioN FocusMe,,7,Gen.G
https://www.vlr.gg/314313/gen-g-vs-detonation-focusme-champions-tour-2024-pacific-stage-1-w2,AllMaps,Gen.G,2,26,DetonatioN FocusMe,0,15,Gen.G
https://www.vlr.gg/314314/global-esports-vs-talon-esports-champions-tour-2024-pacific-stage-1-w2,Icebox,Global Esports,,13,TALON,,4,Global Esports
https://www.vlr.gg/314314/global-esports-vs-talon-esports-champions-tour-2024-pacific-stage-1-w2,Breeze,Global Esports,,12,TALON,,14,TALON
https://www.vlr.gg/314314/global-esports-vs-talon-esports-champions-tour-2024-pacific-stage-1-w2,Lotus,Global Esports,,6,TALON,,13,TALON
https://www.vlr.gg/314314/global-esports-vs-talon-esports-champions-tour-2024-pacific-stage-1-w2,AllMaps,Global Esports,1,31,TALON,2,31,TALON
https://www.vlr.gg/314315/t1-vs-rex-regum-qeon-champions-tour-2024-pacific-stage-1-w2,Ascent,T1,,13,Rex Regum Qeon,,6,T1
https://www.vlr.gg/314315/t1-vs-rex-regum-qeon-champions-tour-2024-pacific-stage-1-w2,Lotus,T1,,13,Rex Regum Qeon,,8,T1
https://www.vlr.gg/314315/t1-vs-rex-regum-qeon-champions-tour-2024-pacific-stage-1-w2,AllMaps,T1,2,26,Rex Regum Qeon,0,14,T1
https://www.vlr.gg/314316/bleed-vs-zeta-division-champions-tour-2024-pacific-stage-1-w2,Sunset,BLEED,,9,ZETA DIVISION,,13,ZETA DIVISION
https://www.vlr.gg/314316/bleed-vs-zeta-division-champions-tour-2024-pacific-stage-1-w2,Ascent,BLEED,,13,ZETA DIVISION,,9,BLEED
https://www.vlr.gg/314316/bleed-vs-zeta-division-champions-tour-2024-pacific-stage-1-w2,Lotus,BLEED,,8,ZETA DIVISION,,13,ZETA DIVISION
https://www.vlr.gg/314316/bleed-vs-zeta-division-champions-tour-2024-pacific-stage-1-w2,AllMaps,BLEED,1,30,ZETA DIVISION,2,35,ZETA DIVISION
https://www.vlr.gg/314317/gen-g-vs-drx-champions-tour-2024-pacific-stage-1-w3,Bind,Gen.G,,10,Kiwoom DRX,,13,Kiwoom DRX
https://www.vlr.gg/314317/gen-g-vs-drx-champions-tour-2024-pacific-stage-1-w3,Ascent,Gen.G,,13,Kiwoom DRX,,9,Gen.G
https://www.vlr.gg/314317/gen-g-vs-drx-champions-tour-2024-pacific-stage-1-w3,Split,Gen.G,,7,Kiwoom DRX,,13,Kiwoom DRX
https://www.vlr.gg/314317/gen-g-vs-drx-champions-tour-2024-pacific-stage-1-w3,AllMaps,Gen.G,1,30,Kiwoom DRX,2,35,Kiwoom DRX
https://www.vlr.gg/314318/bleed-vs-detonation-focusme-champions-tour-2024-pacific-stage-1-w3,Lotus,BLEED,,9,DetonatioN FocusMe,,13,DetonatioN FocusMe
https://www.vlr.gg/314318/bleed-vs-detonation-focusme-champions-tour-2024-pacific-stage-1-w3,Split,BLEED,,13,DetonatioN FocusMe,,7,BLEED
https://www.vlr.gg/314318/bleed-vs-detonation-focusme-champions-tour-2024-pacific-stage-1-w3,Ascent,BLEED,,13,DetonatioN FocusMe,,4,BLEED
https://www.vlr.gg/314318/bleed-vs-detonation-focusme-champions-tour-2024-pacific-stage-1-w3,AllMaps,BLEED,2,35,DetonatioN FocusMe,1,24,BLEED
https://www.vlr.gg/314319/global-esports-vs-rex-regum-qeon-champions-tour-2024-pacific-stage-1-w3,Lotus,Global Esports,,13,Rex Regum Qeon,,10,Global Esports
https://www.vlr.gg/314319/global-esports-vs-rex-regum-qeon-champions-tour-2024-pacific-stage-1-w3,Icebox,Global Esports,,13,Rex Regum Qeon,,4,Global Esports
https://www.vlr.gg/314319/global-esports-vs-rex-regum-qeon-champions-tour-2024-pacific-stage-1-w3,AllMaps,Global Esports,2,26,Rex Regum Qeon,0,14,Global Esports
https://www.vlr.gg/314321/t1-vs-talon-esports-champions-tour-2024-pacific-stage-1-w3,Lotus,T1,,11,TALON,,13,TALON
https://www.vlr.gg/314321/t1-vs-talon-esports-champions-tour-2024-pacific-stage-1-w3,Bind,T1,,10,TALON,,13,TALON
https://www.vlr.gg/314321/t1-vs-talon-esports-champions-tour-2024-pacific-stage-1-w3,AllMaps,T1,0,21,TALON,2,26,TALON
https://www.vlr.gg/314322/gen-g-vs-zeta-division-champions-tour-2024-pacific-stage-1-w3,Split,Gen.G,,13,ZETA DIVISION,,8,Gen.G
https://www.vlr.gg/314322/gen-g-vs-zeta-division-champions-tour-2024-pacific-stage-1-w3,Ascent,Gen.G,,14,ZETA DIVISION,,12,Gen.G
https://www.vlr.gg/314322/gen-g-vs-zeta-division-champions-tour-2024-pacific-stage-1-w3,AllMaps,Gen.G,2,27,ZETA DIVISION,0,20,Gen.G
https://www.vlr.gg/314323/team-secret-vs-detonation-focusme-champions-tour-2024-pacific-stage-1-w3,Lotus,Team Secret,,13,DetonatioN FocusMe,,4,Team Secret
https://www.vlr.gg/314323/team-secret-vs-detonation-focusme-champions-tour-2024-pacific-stage-1-w3,Breeze,Team Secret,,9,DetonatioN FocusMe,,13,DetonatioN FocusMe
https://www.vlr.gg/314323/team-secret-vs-detonation-focusme-champions-tour-2024-pacific-stage-1-w3,Sunset,Team Secret,,13,DetonatioN FocusMe,,2,Team Secret
https://www.vlr.gg/314323/team-secret-vs-detonation-focusme-champions-tour-2024-pacific-stage-1-w3,AllMaps,Team Secret,2,35,DetonatioN FocusMe,1,19,Team Secret
https://www.vlr.gg/314324/global-esports-vs-paper-rex-champions-tour-2024-pacific-stage-1-w3,Sunset,Global Esports,,4,Paper Rex,,13,Paper Rex
https://www.vlr.gg/314324/global-esports-vs-paper-rex-champions-tour-2024-pacific-stage-1-w3,Icebox,Global Esports,,7,Paper Rex,,13,Paper Rex
https://www.vlr.gg/314324/global-esports-vs-paper-rex-champions-tour-2024-pacific-stage-1-w3,AllMaps,Global Esports,0,11,Paper Rex,2,26,Paper Rex
https://www.vlr.gg/314325/bleed-vs-paper-rex-champions-tour-2024-pacific-stage-1-w4,Ascent,BLEED,,5,Paper Rex,,13,Paper Rex
https://www.vlr.gg/314325/bleed-vs-paper-rex-champions-tour-2024-pacific-stage-1-w4,Bind,BLEED,,6,Paper Rex,,13,Paper Rex
https://www.vlr.gg/314325/bleed-vs-paper-rex-champions-tour-2024-pacific-stage-1-w4,AllMaps,BLEED,0,11,Paper Rex,2,26,Paper Rex
https://www.vlr.gg/314326/global-esports-vs-detonation-focusme-champions-tour-2024-pacific-stage-1-w4,Split,Global Esports,,10,DetonatioN FocusMe,,13,DetonatioN FocusMe
https://www.vlr.gg/314326/global-esports-vs-detonation-focusme-champions-tour-2024-pacific-stage-1-w4,Lotus,Global Esports,,13,DetonatioN FocusMe,,5,Global Esports
https://www.vlr.gg/314326/global-esports-vs-detonation-focusme-champions-tour-2024-pacific-stage-1-w4,Ascent,Global Esports,,13,DetonatioN FocusMe,,11,Global Esports
https://www.vlr.gg/314326/global-esports-vs-detonation-focusme-champions-tour-2024-pacific-stage-1-w4,AllMaps,Global Esports,2,36,DetonatioN FocusMe,1,29,Global Esports
https://www.vlr.gg/314327/t1-vs-zeta-division-champions-tour-2024-pacific-stage-1-w4,Bind,T1,,11,ZETA DIVISION,,13,ZETA DIVISION
https://www.vlr.gg/314327/t1-vs-zeta-division-champions-tour-2024-pacific-stage-1-w4,Lotus,T1,,13,ZETA DIVISION,,9,T1
https://www.vlr.gg/314327/t1-vs-zeta-division-champions-tour-2024-pacific-stage-1-w4,Sunset,T1,,13,ZETA DIVISION,,10,T1
https://www.vlr.gg/314327/t1-vs-zeta-division-champions-tour-2024-pacific-stage-1-w4,AllMaps,T1,2,37,ZETA DIVISION,1,32,T1
https://www.vlr.gg/314328/team-secret-vs-talon-esports-champions-tour-2024-pacific-stage-1-w4,Sunset,Team Secret,,13,TALON,,11,Team Secret
https://www.vlr.gg/314328/team-secret-vs-talon-esports-champions-tour-2024-pacific-stage-1-w4,Lotus,Team Secret,,11,TALON,,13,TALON
https://www.vlr.gg/314328/team-secret-vs-talon-esports-champions-tour-2024-pacific-stage-1-w4,Breeze,Team Secret,,10,TALON,,13,TALON
https://www.vlr.gg/314328/team-secret-vs-talon-esports-champions-tour-2024-pacific-stage-1-w4,AllMaps,Team Secret,1,34,TALON,2,37,TALON
https://www.vlr.gg/314329/bleed-vs-drx-champions-tour-2024-pacific-stage-1-w4,Bind,BLEED,,9,Kiwoom DRX,,13,Kiwoom DRX
https://www.vlr.gg/314329/bleed-vs-drx-champions-tour-2024-pacific-stage-1-w4,Breeze,BLEED,,4,Kiwoom DRX,,13,Kiwoom DRX
https://www.vlr.gg/314329/bleed-vs-drx-champions-tour-2024-pacific-stage-1-w4,AllMaps,BLEED,0,13,Kiwoom DRX,2,26,Kiwoom DRX
https://www.vlr.gg/314330/gen-g-vs-rex-regum-qeon-champions-tour-2024-pacific-stage-1-w4,Breeze,Gen.G,,13,Rex Regum Qeon,,3,Gen.G
https://www.vlr.gg/314330/gen-g-vs-rex-regum-qeon-champions-tour-2024-pacific-stage-1-w4,Ascent,Gen.G,,11,Rex Regum Qeon,,13,Rex Regum Qeon
https://www.vlr.gg/314330/gen-g-vs-rex-regum-qeon-champions-tour-2024-pacific-stage-1-w4,Split,Gen.G,,10,Rex Regum Qeon,,13,Rex Regum Qeon
https://www.vlr.gg/314330/gen-g-vs-rex-regum-qeon-champions-tour-2024-pacific-stage-1-w4,AllMaps,Gen.G,1,34,Rex Regum Qeon,2,29,Rex Regum Qeon
https://www.vlr.gg/314301/global-esports-vs-zeta-division-champions-tour-2024-pacific-stage-1-w1,Sunset,Global Esports,,1,ZETA DIVISION,,13,ZETA DIVISION
https://www.vlr.gg/314301/global-esports-vs-zeta-division-champions-tour-2024-pacific-stage-1-w1,Icebox,Global Esports,,13,ZETA DIVISION,,10,Global Esports
https://www.vlr.gg/314301/global-esports-vs-zeta-division-champions-tour-2024-pacific-stage-1-w1,Ascent,Global Esports,,8,ZETA DIVISION,,13,ZETA DIVISION
https://www.vlr.gg/314301/global-esports-vs-zeta-division-champions-tour-2024-pacific-stage-1-w1,AllMaps,Global Esports,1,22,ZETA DIVISION,2,36,ZETA DIVISION
https://www.vlr.gg/314302/team-secret-vs-drx-champions-tour-2024-pacific-stage-1-w1,Sunset,Team Secret,,8,Kiwoom DRX,,13,Kiwoom DRX
https://www.vlr.gg/314302/team-secret-vs-drx-champions-tour-2024-pacific-stage-1-w1,Lotus,Team Secret,,8,Kiwoom DRX,,13,Kiwoom DRX
https://www.vlr.gg/314302/team-secret-vs-drx-champions-tour-2024-pacific-stage-1-w1,AllMaps,Team Secret,0,16,Kiwoom DRX,2,26,Kiwoom DRX
https://www.vlr.gg/314303/bleed-vs-talon-esports-champions-tour-2024-pacific-stage-1-w1,Lotus,BLEED,,13,TALON,,9,BLEED
https://www.vlr.gg/314303/bleed-vs-talon-esports-champions-tour-2024-pacific-stage-1-w1,Bind,BLEED,,7,TALON,,13,TALON
https://www.vlr.gg/314303/bleed-vs-talon-esports-champions-tour-2024-pacific-stage-1-w1,Icebox,BLEED,,6,TALON,,13,TALON
https://www.vlr.gg/314303/bleed-vs-talon-esports-champions-tour-2024-pacific-stage-1-w1,AllMaps,BLEED,1,26,TALON,2,35,TALON
https://www.vlr.gg/314305/team-secret-vs-rex-regum-qeon-champions-tour-2024-pacific-stage-1-w1,Breeze,Team Secret,,10,Rex Regum Qeon,,13,Rex Regum Qeon
https://www.vlr.gg/314305/team-secret-vs-rex-regum-qeon-champions-tour-2024-pacific-stage-1-w1,Split,Team Secret,,13,Rex Regum Qeon,,6,Team Secret
https://www.vlr.gg/314305/team-secret-vs-rex-regum-qeon-champions-tour-2024-pacific-stage-1-w1,Icebox,Team Secret,,12,Rex Regum Qeon,,14,Rex Regum Qeon
https://www.vlr.gg/314305/team-secret-vs-rex-regum-qeon-champions-tour-2024-pacific-stage-1-w1,AllMaps,Team Secret,1,35,Rex Regum Qeon,2,33,Rex Regum Qeon
https://www.vlr.gg/314306/global-esports-vs-drx-champions-tour-2024-pacific-stage-1-w1,Ascent,Global Esports,,8,Kiwoom DRX,,13,Kiwoom DRX
https://www.vlr.gg/314306/global-esports-vs-drx-champions-tour-2024-pacific-stage-1-w1,Lotus,Global Esports,,6,Kiwoom DRX,,13,Kiwoom DRX
https://www.vlr.gg/314306/global-esports-vs-drx-champions-tour-2024-pacific-stage-1-w1,AllMaps,Global Esports,0,14,Kiwoom DRX,2,26,Kiwoom DRX
https://www.vlr.gg/314307/gen-g-vs-talon-esports-champions-tour-2024-pacific-stage-1-w1,Lotus,Gen.G,,13,TALON,,9,Gen.G
https://www.vlr.gg/314307/gen-g-vs-talon-esports-champions-tour-2024-pacific-stage-1-w1,Ascent,Gen.G,,13,TALON,,8,Gen.G
https://www.vlr.gg/314307/gen-g-vs-talon-esports-champions-tour-2024-pacific-stage-1-w1,AllMaps,Gen.G,2,26,TALON,0,17,Gen.G
https://www.vlr.gg/314308/t1-vs-detonation-focusme-champions-tour-2024-pacific-stage-1-w1,Ascent,T1,,10,DetonatioN FocusMe,,13,DetonatioN FocusMe
https://www.vlr.gg/314308/t1-vs-detonation-focusme-champions-tour-2024-pacific-stage-1-w1,Lotus,T1,,13,DetonatioN FocusMe,,5,T1
https://www.vlr.gg/314308/t1-vs-detonation-focusme-champions-tour-2024-pacific-stage-1-w1,Sunset,T1,,11,DetonatioN FocusMe,,13,DetonatioN FocusMe
https://www.vlr.gg/314308/t1-vs-detonation-focusme-champions-tour-2024-pacific-stage-1-w1,AllMaps,T1,1,34,DetonatioN FocusMe,2,31,DetonatioN FocusMe
https://www.vlr.gg/314309/gen-g-vs-paper-rex-champions-tour-2024-pacific-stage-1-w2,Lotus,Gen.G,,13,Paper Rex,,11,Gen.G
https://www.vlr.gg/314309/gen-g-vs-paper-rex-champions-tour-2024-pacific-stage-1-w2,Icebox,Gen.G,,11,Paper Rex,,13,Paper Rex
https://www.vlr.gg/314309/gen-g-vs-paper-rex-champions-tour-2024-pacific-stage-1-w2,Bind,Gen.G,,6,Paper Rex,,13,Paper Rex
https://www.vlr.gg/314309/gen-g-vs-paper-rex-champions-tour-2024-pacific-stage-1-w2,AllMaps,Gen.G,1,30,Paper Rex,2,37,Paper Rex
https://www.vlr.gg/314310/t1-vs-drx-champions-tour-2024-pacific-stage-1-w2,Breeze,T1,,13,Kiwoom DRX,,9,T1
https://www.vlr.gg/314310/t1-vs-drx-champions-tour-2024-pacific-stage-1-w2,Split,T1,,5,Kiwoom DRX,,13,Kiwoom DRX
https://www.vlr.gg/314310/t1-vs-drx-champions-tour-2024-pacific-stage-1-w2,Bind,T1,,6,Kiwoom DRX,,13,Kiwoom DRX
https://www.vlr.gg/314310/t1-vs-drx-champions-tour-2024-pacific-stage-1-w2,AllMaps,T1,1,24,Kiwoom DRX,2,35,Kiwoom DRX
https://www.vlr.gg/314311/team-secret-vs-zeta-division-champions-tour-2024-pacific-stage-1-w2,Icebox,Team Secret,,13,ZETA DIVISION,,8,Team Secret
https://www.vlr.gg/314311/team-secret-vs-zeta-division-champions-tour-2024-pacific-stage-1-w2,Lotus,Team Secret,,6,ZETA DIVISION,,13,ZETA DIVISION
https://www.vlr.gg/314311/team-secret-vs-zeta-division-champions-tour-2024-pacific-stage-1-w2,Sunset,Team Secret,,13,ZETA DIVISION,,7,Team Secret
https://www.vlr.gg/314311/team-secret-vs-zeta-division-champions-tour-2024-pacific-stage-1-w2,AllMaps,Team Secret,2,32,ZETA DIVISION,1,28,Team Secret
https://www.vlr.gg/314312/bleed-vs-rex-regum-qeon-champions-tour-2024-pacific-stage-1-w2,Lotus,BLEED,,2,Rex Regum Qeon,,13,Rex Regum Qeon
https://www.vlr.gg/314312/bleed-vs-rex-regum-qeon-champions-tour-2024-pacific-stage-1-w2,Icebox,BLEED,,5,Rex Regum Qeon,,13,Rex Regum Qeon
https://www.vlr.gg/314312/bleed-vs-rex-regum-qeon-champions-tour-2024-pacific-stage-1-w2,AllMaps,BLEED,0,7,Rex Regum Qeon,2,26,Rex Regum Qeon
https://www.vlr.gg/314313/gen-g-vs-detonation-focusme-champions-tour-2024-pacific-stage-1-w2,Split,Gen.G,,13,DetonatioN FocusMe,,8,Gen.G
https://www.vlr.gg/314313/gen-g-vs-detonation-focusme-champions-tour-2024-pacific-stage-1-w2,Lotus,Gen.G,,13,DetonatioN FocusMe,,7,Gen.G
https://www.vlr.gg/314313/gen-g-vs-detonation-focusme-champions-tour-2024-pacific-stage-1-w2,AllMaps,Gen.G,2,26,DetonatioN FocusMe,0,15,Gen.G
https://www.vlr.gg/314314/global-esports-vs-talon-esports-champions-tour-2024-pacific-stage-1-w2,Icebox,Global Esports,,13,TALON,,4,Global Esports
https://www.vlr.gg/314314/global-esports-vs-talon-esports-champions-tour-2024-pacific-stage-1-w2,Breeze,Global Esports,,12,TALON,,14,TALON
https://www.vlr.gg/314314/global-esports-vs-talon-esports-champions-tour-2024-pacific-stage-1-w2,Lotus,Global Esports,,6,TALON,,13,TALON
https://www.vlr.gg/314314/global-esports-vs-talon-esports-champions-tour-2024-pacific-stage-1-w2,AllMaps,Global Esports,1,31,TALON,2,31,TALON
https://www.vlr.gg/314315/t1-vs-rex-regum-qeon-champions-tour-2024-pacific-stage-1-w2,Ascent,T1,,13,Rex Regum Qeon,,6,T1
https://www.vlr.gg/314315/t1-vs-rex-regum-qeon-champions-tour-2024-pacific-stage-1-w2,Lotus,T1,,13,Rex Regum Qeon,,8,T1
https://www.vlr.gg/314315/t1-vs-rex-regum-qeon-champions-tour-2024-pacific-stage-1-w2,AllMaps,T1,2,26,Rex Regum Qeon,0,14,T1
https://www.vlr.gg/314316/bleed-vs-zeta-division-champions-tour-2024-pacific-stage-1-w2,Sunset,BLEED,,9,ZETA DIVISION,,13,ZETA DIVISION
https://www.vlr.gg/314316/bleed-vs-zeta-division-champions-tour-2024-pacific-stage-1-w2,Ascent,BLEED,,13,ZETA DIVISION,,9,BLEED
https://www.vlr.gg/314316/bleed-vs-zeta-division-champions-tour-2024-pacific-stage-1-w2,Lotus,BLEED,,8,ZETA DIVISION,,13,ZETA DIVISION
https://www.vlr.gg/314316/bleed-vs-zeta-division-champions-tour-2024-pacific-stage-1-w2,AllMaps,BLEED,1,30,ZETA DIVISION,2,35,ZETA DIVISION
https://www.vlr.gg/314317/gen-g-vs-drx-champions-tour-2024-pacific-stage-1-w3,Bind,Gen.G,,10,Kiwoom DRX,,13,Kiwoom DRX
https://www.vlr.gg/314317/gen-g-vs-drx-champions-tour-2024-pacific-stage-1-w3,Ascent,Gen.G,,13,Kiwoom DRX,,9,Gen.G
https://www.vlr.gg/314317/gen-g-vs-drx-champions-tour-2024-pacific-stage-1-w3,Split,Gen.G,,7,Kiwoom DRX,,13,Kiwoom DRX
https://www.vlr.gg/314317/gen-g-vs-drx-champions-tour-2024-pacific-stage-1-w3,AllMaps,Gen.G,1,30,Kiwoom DRX,2,35,Kiwoom DRX
https://www.vlr.gg/314318/bleed-vs-detonation-focusme-champions-tour-2024-pacific-stage-1-w3,Lotus,BLEED,,9,DetonatioN FocusMe,,13,DetonatioN FocusMe
https://www.vlr.gg/314318/bleed-vs-detonation-focusme-champions-tour-2024-pacific-stage-1-w3,Split,BLEED,,13,DetonatioN FocusMe,,7,BLEED
https://www.vlr.gg/314318/bleed-vs-detonation-focusme-champions-tour-2024-pacific-stage-1-w3,Ascent,BLEED,,13,DetonatioN FocusMe,,4,BLEED
https://www.vlr.gg/314318/bleed-vs-detonation-focusme-champions-tour-2024-pacific-stage-1-w3,AllMaps,BLEED,2,35,DetonatioN FocusMe,1,24,BLEED
https://www.vlr.gg/314319/global-esports-vs-rex-regum-qeon-champions-tour-2024-pacific-stage-1-w3,Lotus,Global Esports,,13,Rex Regum Qeon,,10,Global Esports
https://www.vlr.gg/314319/global-esports-vs-rex-regum-qeon-champions-tour-2024-pacific-stage-1-w3,Icebox,Global Esports,,13,Rex Regum Qeon,,4,Global Esports
https://www.vlr.gg/314319/global-esports-vs-rex-regum-qeon-champions-tour-2024-pacific-stage-1-w3,AllMaps,Global Esports,2,26,Rex Regum Qeon,0,14,Global Esports
https://www.vlr.gg/314320/team-secret-vs-paper-rex-champions-tour-2024-pacific-stage-1-w3,Icebox,Team Secret,,13,Paper Rex,,9,Team Secret
https://www.vlr.gg/314320/team-secret-vs-paper-rex-champions-tour-2024-pacific-stage-1-w3,Sunset,Team Secret,,13,Paper Rex,,8,Team Secret
https://www.vlr.gg/314320/team-secret-vs-paper-rex-champions-tour-2024-pacific-stage-1-w3,AllMaps,Team Secret,2,26,Paper Rex,0,17,Team Secret
https://www.vlr.gg/314321/t1-vs-talon-esports-champions-tour-2024-pacific-stage-1-w3,Lotus,T1,,11,TALON,,13,TALON
https://www.vlr.gg/314321/t1-vs-talon-esports-champions-tour-2024-pacific-stage-1-w3,Bind,T1,,10,TALON,,13,TALON
https://www.vlr.gg/314321/t1-vs-talon-esports-champions-tour-2024-pacific-stage-1-w3,AllMaps,T1,0,21,TALON,2,26,TALON
https://www.vlr.gg/314322/gen-g-vs-zeta-division-champions-tour-2024-pacific-stage-1-w3,Split,Gen.G,,13,ZETA DIVISION,,8,Gen.G
https://www.vlr.gg/314322/gen-g-vs-zeta-division-champions-tour-2024-pacific-stage-1-w3,Ascent,Gen.G,,14,ZETA DIVISION,,12,Gen.G
https://www.vlr.gg/314322/gen-g-vs-zeta-division-champions-tour-2024-pacific-stage-1-w3,AllMaps,Gen.G,2,27,ZETA DIVISION,0,20,Gen.G
https://www.vlr.gg/314323/team-secret-vs-detonation-focusme-champions-tour-2024-pacific-stage-1-w3,Lotus,Team Secret,,13,DetonatioN FocusMe,,4,Team Secret
https://www.vlr.gg/314323/team-secret-vs-detonation-focusme-champions-tour-2024-pacific-stage-1-w3,Breeze,Team Secret,,9,DetonatioN FocusMe,,13,DetonatioN FocusMe
https://www.vlr.gg/314323/team-secret-vs-detonation-focusme-champions-tour-2024-pacific-stage-1-w3,Sunset,Team Secret,,13,DetonatioN FocusMe,,2,Team Secret
https://www.vlr.gg/314323/team-secret-vs-detonation-focusme-champions-tour-2024-pacific-stage-1-w3,AllMaps,Team Secret,2,35,DetonatioN FocusMe,1,19,Team Secret
https://www.vlr.gg/314324/global-esports-vs-paper-rex-champions-tour-2024-pacific-stage-1-w3,Sunset,Global Esports,,4,Paper Rex,,13,Paper Rex
https://www.vlr.gg/314324/global-esports-vs-paper-rex-champions-tour-2024-pacific-stage-1-w3,Icebox,Global Esports,,7,Paper Rex,,13,Paper Rex
https://www.vlr.gg/314324/global-esports-vs-paper-rex-champions-tour-2024-pacific-stage-1-w3,AllMaps,Global Esports,0,11,Paper Rex,2,26,Paper Rex
https://www.vlr.gg/314325/bleed-vs-paper-rex-champions-tour-2024-pacific-stage-1-w4,Ascent,BLEED,,5,Paper Rex,,13,Paper Rex
https://www.vlr.gg/314325/bleed-vs-paper-rex-champions-tour-2024-pacific-stage-1-w4,Bind,BLEED,,6,Paper Rex,,13,Paper Rex
https://www.vlr.gg/314325/bleed-vs-paper-rex-champions-tour-2024-pacific-stage-1-w4,AllMaps,BLEED,0,11,Paper Rex,2,26,Paper Rex
https://www.vlr.gg/314326/global-esports-vs-detonation-focusme-champions-tour-2024-pacific-stage-1-w4,Split,Global Esports,,10,DetonatioN FocusMe,,13,DetonatioN FocusMe
https://www.vlr.gg/314326/global-esports-vs-detonation-focusme-champions-tour-2024-pacific-stage-1-w4,Lotus,Global Esports,,13,DetonatioN FocusMe,,5,Global Esports
https://www.vlr.gg/314326/global-esports-vs-detonation-focusme-champions-tour-2024-pacific-stage-1-w4,Ascent,Global Esports,,13,DetonatioN FocusMe,,11,Global Esports
https://www.vlr.gg/314326/global-esports-vs-detonation-focusme-champions-tour-2024-pacific-stage-1-w4,AllMaps,Global Esports,2,36,DetonatioN FocusMe,1,29,Global Esports
https://www.vlr.gg/314327/t1-vs-zeta-division-champions-tour-2024-pacific-stage-1-w4,Bind,T1,,11,ZETA DIVISION,,13,ZETA DIVISION
https://www.vlr.gg/314327/t1-vs-zeta-division-champions-tour-2024-pacific-stage-1-w4,Lotus,T1,,13,ZETA DIVISION,,9,T1
https://www.vlr.gg/314327/t1-vs-zeta-division-champions-tour-2024-pacific-stage-1-w4,Sunset,T1,,13,ZETA DIVISION,,10,T1
https://www.vlr.gg/314327/t1-vs-zeta-division-champions-tour-2024-pacific-stage-1-w4,AllMaps,T1,2,37,ZETA DIVISION,1,32,T1
https://www.vlr.gg/314328/team-secret-vs-talon-esports-champions-tour-2024-pacific-stage-1-w4,Sunset,Team Secret,,13,TALON,,11,Team Secret
https://www.vlr.gg/314328/team-secret-vs-talon-esports-champions-tour-2024-pacific-stage-1-w4,Lotus,Team Secret,,11,TALON,,13,TALON
https://www.vlr.gg/314328/team-secret-vs-talon-esports-champions-tour-2024-pacific-stage-1-w4,Breeze,Team Secret,,10,TALON,,13,TALON
https://www.vlr.gg/314328/team-secret-vs-talon-esports-champions-tour-2024-pacific-stage-1-w4,AllMaps,Team Secret,1,34,TALON,2,37,TALON
https://www.vlr.gg/314329/bleed-vs-drx-champions-tour-2024-pacific-stage-1-w4,Bind,BLEED,,9,Kiwoom DRX,,13,Kiwoom DRX
https://www.vlr.gg/314329/bleed-vs-drx-champions-tour-2024-pacific-stage-1-w4,Breeze,BLEED,,4,Kiwoom DRX,,13,Kiwoom DRX
https://www.vlr.gg/314329/bleed-vs-drx-champions-tour-2024-pacific-stage-1-w4,AllMaps,BLEED,0,13,Kiwoom DRX,2,26,Kiwoom DRX
https://www.vlr.gg/314330/gen-g-vs-rex-regum-qeon-champions-tour-2024-pacific-stage-1-w4,Breeze,Gen.G,,13,Rex Regum Qeon,,3,Gen.G
https://www.vlr.gg/314330/gen-g-vs-rex-regum-qeon-champions-tour-2024-pacific-stage-1-w4,Ascent,Gen.G,,11,Rex Regum Qeon,,13,Rex Regum Qeon
https://www.vlr.gg/314330/gen-g-vs-rex-regum-qeon-champions-tour-2024-pacific-stage-1-w4,Split,Gen.G,,10,Rex Regum Qeon,,13,Rex Regum Qeon
https://www.vlr.gg/314330/gen-g-vs-rex-regum-qeon-champions-tour-2024-pacific-stage-1-w4,AllMaps,Gen.G,1,34,Rex Regum Qeon,2,29,Rex Regum Qeon
https://www.vlr.gg/329907/team-secret-vs-t1-champions-tour-2024-pacific-stage-1-ko,Lotus,Team Secret,,7,T1,,13,T1
https://www.vlr.gg/329907/team-secret-vs-t1-champions-tour-2024-pacific-stage-1-ko,Sunset,Team Secret,,11,T1,,13,T1
https://www.vlr.gg/329907/team-secret-vs-t1-champions-tour-2024-pacific-stage-1-ko,AllMaps,Team Secret,0,18,T1,2,26,T1
https://www.vlr.gg/329908/paper-rex-vs-talon-esports-champions-tour-2024-pacific-stage-1-ko,Lotus,Paper Rex,,13,TALON,,0,Paper Rex
https://www.vlr.gg/329908/paper-rex-vs-talon-esports-champions-tour-2024-pacific-stage-1-ko,Sunset,Paper Rex,,13,TALON,,9,Paper Rex
https://www.vlr.gg/329908/paper-rex-vs-talon-esports-champions-tour-2024-pacific-stage-1-ko,Bind,Paper Rex,,7,TALON,,13,TALON
https://www.vlr.gg/329908/paper-rex-vs-talon-esports-champions-tour-2024-pacific-stage-1-ko,AllMaps,Paper Rex,2,33,TALON,1,22,Paper Rex
https://www.vlr.gg/329909/gen-g-vs-t1-champions-tour-2024-pacific-stage-1-ubsf,Ascent,Gen.G,,9,T1,,13,T1
https://www.vlr.gg/329909/gen-g-vs-t1-champions-tour-2024-pacific-stage-1-ubsf,Sunset,Gen.G,,13,T1,,8,Gen.G
https://www.vlr.gg/329909/gen-g-vs-t1-champions-tour-2024-pacific-stage-1-ubsf,Breeze,Gen.G,,7,T1,,13,T1
https://www.vlr.gg/329909/gen-g-vs-t1-champions-tour-2024-pacific-stage-1-ubsf,AllMaps,Gen.G,1,29,T1,2,34,T1
https://www.vlr.gg/329910/drx-vs-paper-rex-champions-tour-2024-pacific-stage-1-ubsf,Lotus,Kiwoom DRX,,6,Paper Rex,,13,Paper Rex
https://www.vlr.gg/329910/drx-vs-paper-rex-champions-tour-2024-pacific-stage-1-ubsf,Ascent,Kiwoom DRX,,13,Paper Rex,,10,Kiwoom DRX
https://www.vlr.gg/329910/drx-vs-paper-rex-champions-tour-2024-pacific-stage-1-ubsf,Bind,Kiwoom DRX,,6,Paper Rex,,13,Paper Rex
https://www.vlr.gg/329910/drx-vs-paper-rex-champions-tour-2024-pacific-stage-1-ubsf,AllMaps,Kiwoom DRX,1,25,Paper Rex,2,36,Paper Rex
https://www.vlr.gg/329911/gen-g-vs-drx-champions-tour-2024-pacific-stage-1-lr1,Bind,Gen.G,,8,Kiwoom DRX,,13,Kiwoom DRX
https://www.vlr.gg/329911/gen-g-vs-drx-champions-tour-2024-pacific-stage-1-lr1,Sunset,Gen.G,,13,Kiwoom DRX,,11,Gen.G
https://www.vlr.gg/329911/gen-g-vs-drx-champions-tour-2024-pacific-stage-1-lr1,Ascent,Gen.G,,13,Kiwoom DRX,,8,Gen.G
https://www.vlr.gg/329911/gen-g-vs-drx-champions-tour-2024-pacific-stage-1-lr1,AllMaps,Gen.G,2,34,Kiwoom DRX,1,32,Gen.G
https://www.vlr.gg/329912/t1-vs-paper-rex-champions-tour-2024-pacific-stage-1-ubf,Lotus,T1,,3,Paper Rex,,13,Paper Rex
https://www.vlr.gg/329912/t1-vs-paper-rex-champions-tour-2024-pacific-stage-1-ubf,Sunset,T1,,5,Paper Rex,,13,Paper Rex
https://www.vlr.gg/329912/t1-vs-paper-rex-champions-tour-2024-pacific-stage-1-ubf,AllMaps,T1,0,8,Paper Rex,2,26,Paper Rex
https://www.vlr.gg/329913/t1-vs-gen-g-champions-tour-2024-pacific-stage-1-lf,Lotus,T1,,2,Gen.G,,13,Gen.G
https://www.vlr.gg/329913/t1-vs-gen-g-champions-tour-2024-pacific-stage-1-lf,Icebox,T1,,11,Gen.G,,13,Gen.G
https://www.vlr.gg/329913/t1-vs-gen-g-champions-tour-2024-pacific-stage-1-lf,Bind,T1,,9,Gen.G,,13,Gen.G
https://www.vlr.gg/329913/t1-vs-gen-g-champions-tour-2024-pacific-stage-1-lf,AllMaps,T1,0,22,Gen.G,3,39,Gen.G
https://www.vlr.gg/329914/paper-rex-vs-gen-g-champions-tour-2024-pacific-stage-1-gf,Lotus,Paper Rex,,9,Gen.G,,13,Gen.G
https://www.vlr.gg/329914/paper-rex-vs-gen-g-champions-tour-2024-pacific-stage-1-gf,Sunset,Paper Rex,,13,Gen.G,,9,Paper Rex
https://www.vlr.gg/329914/paper-rex-vs-gen-g-champions-tour-2024-pacific-stage-1-gf,Icebox,Paper Rex,,13,Gen.G,,11,Paper Rex
https://www.vlr.gg/329914/paper-rex-vs-gen-g-champions-tour-2024-pacific-stage-1-gf,Bind,Paper Rex,,9,Gen.G,,13,Gen.G
https://www.vlr.gg/329914/paper-rex-vs-gen-g-champions-tour-2024-pacific-stage-1-gf,Split,Paper Rex,,13,Gen.G,,8,Paper Rex
https://www.vlr.gg/329914/paper-rex-vs-gen-g-champions-tour-2024-pacific-stage-1-gf,AllMaps,Paper Rex,3,57,Gen.G,2,54,Paper Rex
https://www.vlr.gg/314341/team-secret-vs-bleed-champions-tour-2024-pacific-stage-2-w1,Ascent,Team Secret,,10,BLEED,,13,BLEED
https://www.vlr.gg/314341/team-secret-vs-bleed-champions-tour-2024-pacific-stage-2-w1,Sunset,Team Secret,,13,BLEED,,8,Team Secret
https://www.vlr.gg/314341/team-secret-vs-bleed-champions-tour-2024-pacific-stage-2-w1,Split,Team Secret,,13,BLEED,,8,Team Secret
https://www.vlr.gg/314341/team-secret-vs-bleed-champions-tour-2024-pacific-stage-2-w1,AllMaps,Team Secret,2,36,BLEED,1,29,Team Secret
https://www.vlr.gg/314342/t1-vs-gen-g-champions-tour-2024-pacific-stage-2-w1,Split,T1,,13,Gen.G,,15,Gen.G
https://www.vlr.gg/314342/t1-vs-gen-g-champions-tour-2024-pacific-stage-2-w1,Lotus,T1,,13,Gen.G,,5,T1
https://www.vlr.gg/314342/t1-vs-gen-g-champions-tour-2024-pacific-stage-2-w1,Sunset,T1,,9,Gen.G,,13,Gen.G
https://www.vlr.gg/314342/t1-vs-gen-g-champions-tour-2024-pacific-stage-2-w1,AllMaps,T1,1,35,Gen.G,2,33,Gen.G
https://www.vlr.gg/314345/team-secret-vs-global-esports-champions-tour-2024-pacific-stage-2-w1,Sunset,Team Secret,,13,Global Esports,,8,Team Secret
https://www.vlr.gg/314345/team-secret-vs-global-esports-champions-tour-2024-pacific-stage-2-w1,Ascent,Team Secret,,13,Global Esports,,10,Team Secret
https://www.vlr.gg/314345/team-secret-vs-global-esports-champions-tour-2024-pacific-stage-2-w1,AllMaps,Team Secret,2,26,Global Esports,0,18,Team Secret
https://www.vlr.gg/314348/global-esports-vs-bleed-champions-tour-2024-pacific-stage-2-w2,Lotus,Global Esports,,13,BLEED,,6,Global Esports
https://www.vlr.gg/314348/global-esports-vs-bleed-champions-tour-2024-pacific-stage-2-w2,Sunset,Global Esports,,13,BLEED,,6,Global Esports
https://www.vlr.gg/314348/global-esports-vs-bleed-champions-tour-2024-pacific-stage-2-w2,AllMaps,Global Esports,2,26,BLEED,0,12,Global Esports
https://www.vlr.gg/314351/team-secret-vs-t1-champions-tour-2024-pacific-stage-2-w2,Haven,Team Secret,,10,T1,,13,T1
https://www.vlr.gg/314351/team-secret-vs-t1-champions-tour-2024-pacific-stage-2-w2,Split,Team Secret,,13,T1,,6,Team Secret
https://www.vlr.gg/314351/team-secret-vs-t1-champions-tour-2024-pacific-stage-2-w2,Icebox,Team Secret,,14,T1,,12,Team Secret
https://www.vlr.gg/314351/team-secret-vs-t1-champions-tour-2024-pacific-stage-2-w2,AllMaps,Team Secret,2,37,T1,1,31,Team Secret
https://www.vlr.gg/314354/global-esports-vs-t1-champions-tour-2024-pacific-stage-2-w3,Icebox,Global Esports,,13,T1,,10,Global Esports
https://www.vlr.gg/314354/global-esports-vs-t1-champions-tour-2024-pacific-stage-2-w3,Lotus,Global Esports,,8,T1,,13,T1
https://www.vlr.gg/314354/global-esports-vs-t1-champions-tour-2024-pacific-stage-2-w3,Ascent,Global Esports,,8,T1,,13,T1
https://www.vlr.gg/314354/global-esports-vs-t1-champions-tour-2024-pacific-stage-2-w3,AllMaps,Global Esports,1,29,T1,2,36,T1
https://www.vlr.gg/314355/bleed-vs-gen-g-champions-tour-2024-pacific-stage-2-w3,Ascent,BLEED,,6,Gen.G,,13,Gen.G
https://www.vlr.gg/314355/bleed-vs-gen-g-champions-tour-2024-pacific-stage-2-w3,Sunset,BLEED,,13,Gen.G,,10,BLEED
https://www.vlr.gg/314355/bleed-vs-gen-g-champions-tour-2024-pacific-stage-2-w3,Icebox,BLEED,,11,Gen.G,,13,Gen.G
https://www.vlr.gg/314355/bleed-vs-gen-g-champions-tour-2024-pacific-stage-2-w3,AllMaps,BLEED,1,30,Gen.G,2,36,Gen.G
https://www.vlr.gg/314359/gen-g-vs-global-esports-champions-tour-2024-pacific-stage-2-w4,Lotus,Gen.G,,13,Global Esports,,1,Gen.G
https://www.vlr.gg/314359/gen-g-vs-global-esports-champions-tour-2024-pacific-stage-2-w4,Ascent,Gen.G,,13,Global Esports,,6,Gen.G
https://www.vlr.gg/314359/gen-g-vs-global-esports-champions-tour-2024-pacific-stage-2-w4,AllMaps,Gen.G,2,26,Global Esports,0,7,Gen.G
https://www.vlr.gg/314362/gen-g-vs-team-secret-champions-tour-2024-pacific-stage-2-w4,Sunset,Gen.G,,6,Team Secret,,13,Team Secret
https://www.vlr.gg/314362/gen-g-vs-team-secret-champions-tour-2024-pacific-stage-2-w4,Lotus,Gen.G,,13,Team Secret,,7,Gen.G
https://www.vlr.gg/314362/gen-g-vs-team-secret-champions-tour-2024-pacific-stage-2-w4,Split,Gen.G,,12,Team Secret,,14,Team Secret
https://www.vlr.gg/314362/gen-g-vs-team-secret-champions-tour-2024-pacific-stage-2-w4,AllMaps,Gen.G,1,31,Team Secret,2,34,Team Secret
https://www.vlr.gg/314364/t1-vs-bleed-champions-tour-2024-pacific-stage-2-w4,Bind,T1,,13,BLEED,,11,T1
https://www.vlr.gg/314364/t1-vs-bleed-champions-tour-2024-pacific-stage-2-w4,Lotus,T1,,9,BLEED,,13,BLEED
https://www.vlr.gg/314364/t1-vs-bleed-champions-tour-2024-pacific-stage-2-w4,Ascent,T1,,13,BLEED,,8,T1
https://www.vlr.gg/314364/t1-vs-bleed-champions-tour-2024-pacific-stage-2-w4,AllMaps,T1,2,35,BLEED,1,32,T1
https://www.vlr.gg/314340/zeta-division-vs-drx-champions-tour-2024-pacific-stage-2-w1,Icebox,ZETA DIVISION,,0,Kiwoom DRX,,13,Kiwoom DRX
https://www.vlr.gg/314340/zeta-division-vs-drx-champions-tour-2024-pacific-stage-2-w1,Sunset,ZETA DIVISION,,13,Kiwoom DRX,,11,ZETA DIVISION
https://www.vlr.gg/314340/zeta-division-vs-drx-champions-tour-2024-pacific-stage-2-w1,Breeze,ZETA DIVISION,,4,Kiwoom DRX,,13,Kiwoom DRX
https://www.vlr.gg/314340/zeta-division-vs-drx-champions-tour-2024-pacific-stage-2-w1,AllMaps,ZETA DIVISION,1,17,Kiwoom DRX,2,37,Kiwoom DRX
https://www.vlr.gg/314343/paper-rex-vs-talon-esports-champions-tour-2024-pacific-stage-2-w1,Icebox,Paper Rex,,13,TALON,,4,Paper Rex
https://www.vlr.gg/314343/paper-rex-vs-talon-esports-champions-tour-2024-pacific-stage-2-w1,Sunset,Paper Rex,,13,TALON,,7,Paper Rex
https://www.vlr.gg/314343/paper-rex-vs-talon-esports-champions-tour-2024-pacific-stage-2-w1,AllMaps,Paper Rex,2,26,TALON,0,11,Paper Rex
https://www.vlr.gg/314344/rex-regum-qeon-vs-detonation-focusme-champions-tour-2024-pacific-stage-2-w1,Icebox,Rex Regum Qeon,,15,DetonatioN FocusMe,,13,Rex Regum Qeon
https://www.vlr.gg/314344/rex-regum-qeon-vs-detonation-focusme-champions-tour-2024-pacific-stage-2-w1,Ascent,Rex Regum Qeon,,13,DetonatioN FocusMe,,9,Rex Regum Qeon
https://www.vlr.gg/314344/rex-regum-qeon-vs-detonation-focusme-champions-tour-2024-pacific-stage-2-w1,AllMaps,Rex Regum Qeon,2,28,DetonatioN FocusMe,0,22,Rex Regum Qeon
https://www.vlr.gg/314346/talon-esports-vs-rex-regum-qeon-champions-tour-2024-pacific-stage-2-w2,Lotus,TALON,,15,Rex Regum Qeon,,13,TALON
https://www.vlr.gg/314346/talon-esports-vs-rex-regum-qeon-champions-tour-2024-pacific-stage-2-w2,Ascent,TALON,,10,Rex Regum Qeon,,13,Rex Regum Qeon
https://www.vlr.gg/314346/talon-esports-vs-rex-regum-qeon-champions-tour-2024-pacific-stage-2-w2,Icebox,TALON,,13,Rex Regum Qeon,,10,TALON
https://www.vlr.gg/314346/talon-esports-vs-rex-regum-qeon-champions-tour-2024-pacific-stage-2-w2,AllMaps,TALON,2,38,Rex Regum Qeon,1,36,TALON
https://www.vlr.gg/314347/paper-rex-vs-drx-champions-tour-2024-pacific-stage-2-w2,Split,Paper Rex,,13,Kiwoom DRX,,4,Paper Rex
https://www.vlr.gg/314347/paper-rex-vs-drx-champions-tour-2024-pacific-stage-2-w2,Haven,Paper Rex,,8,Kiwoom DRX,,13,Kiwoom DRX
https://www.vlr.gg/314347/paper-rex-vs-drx-champions-tour-2024-pacific-stage-2-w2,Icebox,Paper Rex,,13,Kiwoom DRX,,5,Paper Rex
https://www.vlr.gg/314347/paper-rex-vs-drx-champions-tour-2024-pacific-stage-2-w2,AllMaps,Paper Rex,2,34,Kiwoom DRX,1,22,Paper Rex
https://www.vlr.gg/314349/detonation-focusme-vs-zeta-division-champions-tour-2024-pacific-stage-2-w2,Haven,DetonatioN FocusMe,,7,ZETA DIVISION,,13,ZETA DIVISION
https://www.vlr.gg/314349/detonation-focusme-vs-zeta-division-champions-tour-2024-pacific-stage-2-w2,Sunset,DetonatioN FocusMe,,13,ZETA DIVISION,,9,DetonatioN FocusMe
https://www.vlr.gg/314349/detonation-focusme-vs-zeta-division-champions-tour-2024-pacific-stage-2-w2,Ascent,DetonatioN FocusMe,,13,ZETA DIVISION,,10,DetonatioN FocusMe
https://www.vlr.gg/314349/detonation-focusme-vs-zeta-division-champions-tour-2024-pacific-stage-2-w2,AllMaps,DetonatioN FocusMe,2,33,ZETA DIVISION,1,32,DetonatioN FocusMe
https://www.vlr.gg/314350/drx-vs-rex-regum-qeon-champions-tour-2024-pacific-stage-2-w2,Split,Kiwoom DRX,,12,Rex Regum Qeon,,14,Rex Regum Qeon
https://www.vlr.gg/314350/drx-vs-rex-regum-qeon-champions-tour-2024-pacific-stage-2-w2,Sunset,Kiwoom DRX,,12,Rex Regum Qeon,,14,Rex Regum Qeon
https://www.vlr.gg/314350/drx-vs-rex-regum-qeon-champions-tour-2024-pacific-stage-2-w2,AllMaps,Kiwoom DRX,0,24,Rex Regum Qeon,2,28,Rex Regum Qeon
https://www.vlr.gg/314352/talon-esports-vs-detonation-focusme-champions-tour-2024-pacific-stage-2-w3,Lotus,TALON,,13,DetonatioN FocusMe,,7,TALON
https://www.vlr.gg/314352/talon-esports-vs-detonation-focusme-champions-tour-2024-pacific-stage-2-w3,Sunset,TALON,,13,DetonatioN FocusMe,,10,TALON
https://www.vlr.gg/314352/talon-esports-vs-detonation-focusme-champions-tour-2024-pacific-stage-2-w3,AllMaps,TALON,2,26,DetonatioN FocusMe,0,17,TALON
https://www.vlr.gg/314353/zeta-division-vs-rex-regum-qeon-champions-tour-2024-pacific-stage-2-w3,Split,ZETA DIVISION,,8,Rex Regum Qeon,,13,Rex Regum Qeon
https://www.vlr.gg/314353/zeta-division-vs-rex-regum-qeon-champions-tour-2024-pacific-stage-2-w3,Sunset,ZETA DIVISION,,10,Rex Regum Qeon,,13,Rex Regum Qeon
https://www.vlr.gg/314353/zeta-division-vs-rex-regum-qeon-champions-tour-2024-pacific-stage-2-w3,AllMaps,ZETA DIVISION,0,18,Rex Regum Qeon,2,26,Rex Regum Qeon
https://www.vlr.gg/314356/paper-rex-vs-detonation-focusme-champions-tour-2024-pacific-stage-2-w3,Icebox,Paper Rex,,13,DetonatioN FocusMe,,4,Paper Rex
https://www.vlr.gg/314356/paper-rex-vs-detonation-focusme-champions-tour-2024-pacific-stage-2-w3,Sunset,Paper Rex,,13,DetonatioN FocusMe,,8,Paper Rex
https://www.vlr.gg/314356/paper-rex-vs-detonation-focusme-champions-tour-2024-pacific-stage-2-w3,AllMaps,Paper Rex,2,26,DetonatioN FocusMe,0,12,Paper Rex
https://www.vlr.gg/314357/drx-vs-talon-esports-champions-tour-2024-pacific-stage-2-w3,Ascent,Kiwoom DRX,,11,TALON,,13,TALON
https://www.vlr.gg/314357/drx-vs-talon-esports-champions-tour-2024-pacific-stage-2-w3,Haven,Kiwoom DRX,,13,TALON,,10,Kiwoom DRX
https://www.vlr.gg/314357/drx-vs-talon-esports-champions-tour-2024-pacific-stage-2-w3,Icebox,Kiwoom DRX,,13,TALON,,5,Kiwoom DRX
https://www.vlr.gg/314357/drx-vs-talon-esports-champions-tour-2024-pacific-stage-2-w3,AllMaps,Kiwoom DRX,2,37,TALON,1,28,Kiwoom DRX
https://www.vlr.gg/314358/paper-rex-vs-rex-regum-qeon-champions-tour-2024-pacific-stage-2-w4,Lotus,Paper Rex,,13,Rex Regum Qeon,,7,Paper Rex
https://www.vlr.gg/314358/paper-rex-vs-rex-regum-qeon-champions-tour-2024-pacific-stage-2-w4,Ascent,Paper Rex,,7,Rex Regum Qeon,,13,Rex Regum Qeon
https://www.vlr.gg/314358/paper-rex-vs-rex-regum-qeon-champions-tour-2024-pacific-stage-2-w4,Sunset,Paper Rex,,13,Rex Regum Qeon,,10,Paper Rex
https://www.vlr.gg/314358/paper-rex-vs-rex-regum-qeon-champions-tour-2024-pacific-stage-2-w4,AllMaps,Paper Rex,2,33,Rex Regum Qeon,1,30,Paper Rex
https://www.vlr.gg/314360/drx-vs-detonation-focusme-champions-tour-2024-pacific-stage-2-w4,Icebox,Kiwoom DRX,,13,DetonatioN FocusMe,,7,Kiwoom DRX
https://www.vlr.gg/314360/drx-vs-detonation-focusme-champions-tour-2024-pacific-stage-2-w4,Ascent,Kiwoom DRX,,6,DetonatioN FocusMe,,13,DetonatioN FocusMe
https://www.vlr.gg/314360/drx-vs-detonation-focusme-champions-tour-2024-pacific-stage-2-w4,Haven,Kiwoom DRX,,13,DetonatioN FocusMe,,2,Kiwoom DRX
https://www.vlr.gg/314360/drx-vs-detonation-focusme-champions-tour-2024-pacific-stage-2-w4,AllMaps,Kiwoom DRX,2,32,DetonatioN FocusMe,1,22,Kiwoom DRX
https://www.vlr.gg/314361/zeta-division-vs-talon-esports-champions-tour-2024-pacific-stage-2-w4,Ascent,ZETA DIVISION,,13,TALON,,6,ZETA DIVISION
https://www.vlr.gg/314361/zeta-division-vs-talon-esports-champions-tour-2024-pacific-stage-2-w4,Lotus,ZETA DIVISION,,8,TALON,,13,TALON
https://www.vlr.gg/314361/zeta-division-vs-talon-esports-champions-tour-2024-pacific-stage-2-w4,Haven,ZETA DIVISION,,13,TALON,,8,ZETA DIVISION
https://www.vlr.gg/314361/zeta-division-vs-talon-esports-champions-tour-2024-pacific-stage-2-w4,AllMaps,ZETA DIVISION,2,34,TALON,1,27,ZETA DIVISION
https://www.vlr.gg/314363/paper-rex-vs-zeta-division-champions-tour-2024-pacific-stage-2-w4,Ascent,Paper Rex,,9,ZETA DIVISION,,13,ZETA DIVISION
https://www.vlr.gg/314363/paper-rex-vs-zeta-division-champions-tour-2024-pacific-stage-2-w4,Lotus,Paper Rex,,13,ZETA DIVISION,,8,Paper Rex
https://www.vlr.gg/314363/paper-rex-vs-zeta-division-champions-tour-2024-pacific-stage-2-w4,Sunset,Paper Rex,,13,ZETA DIVISION,,4,Paper Rex
https://www.vlr.gg/314363/paper-rex-vs-zeta-division-champions-tour-2024-pacific-stage-2-w4,AllMaps,Paper Rex,2,35,ZETA DIVISION,1,25,Paper Rex
https://www.vlr.gg/365316/gen-g-vs-rex-regum-qeon-champions-tour-2024-pacific-stage-2-ko,Haven,Gen.G,,13,Rex Regum Qeon,,8,Gen.G
https://www.vlr.gg/365316/gen-g-vs-rex-regum-qeon-champions-tour-2024-pacific-stage-2-ko,Bind,Gen.G,,13,Rex Regum Qeon,,11,Gen.G
https://www.vlr.gg/365316/gen-g-vs-rex-regum-qeon-champions-tour-2024-pacific-stage-2-ko,AllMaps,Gen.G,2,26,Rex Regum Qeon,0,19,Gen.G
https://www.vlr.gg/365317/team-secret-vs-talon-esports-champions-tour-2024-pacific-stage-2-ko,Lotus,Team Secret,,11,TALON,,13,TALON
https://www.vlr.gg/365317/team-secret-vs-talon-esports-champions-tour-2024-pacific-stage-2-ko,Abyss,Team Secret,,11,TALON,,13,TALON
https://www.vlr.gg/365317/team-secret-vs-talon-esports-champions-tour-2024-pacific-stage-2-ko,AllMaps,Team Secret,0,22,TALON,2,26,TALON
https://www.vlr.gg/365318/paper-rex-vs-gen-g-champions-tour-2024-pacific-stage-2-ubsf,Ascent,Paper Rex,,10,Gen.G,,13,Gen.G
https://www.vlr.gg/365318/paper-rex-vs-gen-g-champions-tour-2024-pacific-stage-2-ubsf,Icebox,Paper Rex,,5,Gen.G,,13,Gen.G
https://www.vlr.gg/365318/paper-rex-vs-gen-g-champions-tour-2024-pacific-stage-2-ubsf,AllMaps,Paper Rex,0,15,Gen.G,2,26,Gen.G
https://www.vlr.gg/365319/drx-vs-talon-esports-champions-tour-2024-pacific-stage-2-ubsf,Ascent,Kiwoom DRX,,13,TALON,,8,Kiwoom DRX
https://www.vlr.gg/365319/drx-vs-talon-esports-champions-tour-2024-pacific-stage-2-ubsf,Abyss,Kiwoom DRX,,13,TALON,,4,Kiwoom DRX
https://www.vlr.gg/365319/drx-vs-talon-esports-champions-tour-2024-pacific-stage-2-ubsf,AllMaps,Kiwoom DRX,2,26,TALON,0,12,Kiwoom DRX
https://www.vlr.gg/365322/paper-rex-vs-talon-esports-champions-tour-2024-pacific-stage-2-lr1,Ascent,Paper Rex,,13,TALON,,3,Paper Rex
https://www.vlr.gg/365322/paper-rex-vs-talon-esports-champions-tour-2024-pacific-stage-2-lr1,Sunset,Paper Rex,,13,TALON,,3,Paper Rex
https://www.vlr.gg/365322/paper-rex-vs-talon-esports-champions-tour-2024-pacific-stage-2-lr1,AllMaps,Paper Rex,2,26,TALON,0,6,Paper Rex
https://www.vlr.gg/365320/gen-g-vs-drx-champions-tour-2024-pacific-stage-2-ubf,Haven,Gen.G,,13,Kiwoom DRX,,9,Gen.G
https://www.vlr.gg/365320/gen-g-vs-drx-champions-tour-2024-pacific-stage-2-ubf,Sunset,Gen.G,,10,Kiwoom DRX,,13,Kiwoom DRX
https://www.vlr.gg/365320/gen-g-vs-drx-champions-tour-2024-pacific-stage-2-ubf,Bind,Gen.G,,13,Kiwoom DRX,,6,Gen.G
https://www.vlr.gg/365320/gen-g-vs-drx-champions-tour-2024-pacific-stage-2-ubf,AllMaps,Gen.G,2,36,Kiwoom DRX,1,28,Gen.G
https://www.vlr.gg/365323/drx-vs-paper-rex-champions-tour-2024-pacific-stage-2-lf,Abyss,Kiwoom DRX,,7,Paper Rex,,13,Paper Rex
https://www.vlr.gg/365323/drx-vs-paper-rex-champions-tour-2024-pacific-stage-2-lf,Lotus,Kiwoom DRX,,10,Paper Rex,,13,Paper Rex
https://www.vlr.gg/365323/drx-vs-paper-rex-champions-tour-2024-pacific-stage-2-lf,Bind,Kiwoom DRX,,13,Paper Rex,,10,Kiwoom DRX
https://www.vlr.gg/365323/drx-vs-paper-rex-champions-tour-2024-pacific-stage-2-lf,Icebox,Kiwoom DRX,,13,Paper Rex,,10,Kiwoom DRX
https://www.vlr.gg/365323/drx-vs-paper-rex-champions-tour-2024-pacific-stage-2-lf,Ascent,Kiwoom DRX,,13,Paper Rex,,7,Kiwoom DRX
https://www.vlr.gg/365323/drx-vs-paper-rex-champions-tour-2024-pacific-stage-2-lf,AllMaps,Kiwoom DRX,3,56,Paper Rex,2,53,Kiwoom DRX
https://www.vlr.gg/365321/gen-g-vs-drx-champions-tour-2024-pacific-stage-2-gf,Haven,Gen.G,,6,Kiwoom DRX,,13,Kiwoom DRX
https://www.vlr.gg/365321/gen-g-vs-drx-champions-tour-2024-pacific-stage-2-gf,Bind,Gen.G,,18,Kiwoom DRX,,16,Gen.G
https://www.vlr.gg/365321/gen-g-vs-drx-champions-tour-2024-pacific-stage-2-gf,Lotus,Gen.G,,14,Kiwoom DRX,,12,Gen.G
https://www.vlr.gg/365321/gen-g-vs-drx-champions-tour-2024-pacific-stage-2-gf,Icebox,Gen.G,,13,Kiwoom DRX,,6,Gen.G
https://www.vlr.gg/365321/gen-g-vs-drx-champions-tour-2024-pacific-stage-2-gf,AllMaps,Gen.G,3,51,Kiwoom DRX,1,47,Gen.G
https://www.vlr.gg/430514/boom-esports-vs-t1-champions-tour-2025-pacific-kickoff-ur1,Pearl,BOOM Esports,,11,T1,,13,T1
https://www.vlr.gg/430514/boom-esports-vs-t1-champions-tour-2025-pacific-kickoff-ur1,Bind,BOOM Esports,,13,T1,,8,BOOM Esports
https://www.vlr.gg/430514/boom-esports-vs-t1-champions-tour-2025-pacific-kickoff-ur1,Fracture,BOOM Esports,,7,T1,,13,T1
https://www.vlr.gg/430514/boom-esports-vs-t1-champions-tour-2025-pacific-kickoff-ur1,AllMaps,BOOM Esports,1,31,T1,2,34,T1
https://www.vlr.gg/430516/global-esports-vs-team-secret-champions-tour-2025-pacific-kickoff-ur1,Abyss,Global Esports,,3,Team Secret,,13,Team Secret
https://www.vlr.gg/430516/global-esports-vs-team-secret-champions-tour-2025-pacific-kickoff-ur1,Split,Global Esports,,13,Team Secret,,7,Global Esports
https://www.vlr.gg/430516/global-esports-vs-team-secret-champions-tour-2025-pacific-kickoff-ur1,Pearl,Global Esports,,13,Team Secret,,6,Global Esports
https://www.vlr.gg/430516/global-esports-vs-team-secret-champions-tour-2025-pacific-kickoff-ur1,AllMaps,Global Esports,2,29,Team Secret,1,26,Global Esports
https://www.vlr.gg/430517/detonation-focusme-vs-rex-regum-qeon-champions-tour-2025-pacific-kickoff-ur1,Abyss,DetonatioN FocusMe,,14,Rex Regum Qeon,,12,DetonatioN FocusMe
https://www.vlr.gg/430517/detonation-focusme-vs-rex-regum-qeon-champions-tour-2025-pacific-kickoff-ur1,Pearl,DetonatioN FocusMe,,3,Rex Regum Qeon,,13,Rex Regum Qeon
https://www.vlr.gg/430517/detonation-focusme-vs-rex-regum-qeon-champions-tour-2025-pacific-kickoff-ur1,Haven,DetonatioN FocusMe,,3,Rex Regum Qeon,,13,Rex Regum Qeon
https://www.vlr.gg/430517/detonation-focusme-vs-rex-regum-qeon-champions-tour-2025-pacific-kickoff-ur1,AllMaps,DetonatioN FocusMe,1,20,Rex Regum Qeon,2,38,Rex Regum Qeon
https://www.vlr.gg/430515/zeta-division-vs-nongshim-redforce-champions-tour-2025-pacific-kickoff-ur1,Split,ZETA DIVISION,,9,Nongshim RedForce,,13,Nongshim RedForce
https://www.vlr.gg/430515/zeta-division-vs-nongshim-redforce-champions-tour-2025-pacific-kickoff-ur1,Haven,ZETA DIVISION,,9,Nongshim RedForce,,13,Nongshim RedForce
https://www.vlr.gg/430515/zeta-division-vs-nongshim-redforce-champions-tour-2025-pacific-kickoff-ur1,AllMaps,ZETA DIVISION,0,18,Nongshim RedForce,2,26,Nongshim RedForce
https://www.vlr.gg/430526/nongshim-redforce-vs-boom-esports-champions-tour-2025-pacific-kickoff-lr1,Pearl,Nongshim RedForce,,13,BOOM Esports,,3,Nongshim RedForce
https://www.vlr.gg/430526/nongshim-redforce-vs-boom-esports-champions-tour-2025-pacific-kickoff-lr1,Bind,Nongshim RedForce,,7,BOOM Esports,,13,BOOM Esports
https://www.vlr.gg/430526/nongshim-redforce-vs-boom-esports-champions-tour-2025-pacific-kickoff-lr1,Lotus,Nongshim RedForce,,13,BOOM Esports,,9,Nongshim RedForce
https://www.vlr.gg/430526/nongshim-redforce-vs-boom-esports-champions-tour-2025-pacific-kickoff-lr1,AllMaps,Nongshim RedForce,2,33,BOOM Esports,1,25,Nongshim RedForce
https://www.vlr.gg/430527/rex-regum-qeon-vs-team-secret-champions-tour-2025-pacific-kickoff-lr1,Lotus,Rex Regum Qeon,,9,Team Secret,,13,Team Secret
https://www.vlr.gg/430527/rex-regum-qeon-vs-team-secret-champions-tour-2025-pacific-kickoff-lr1,Pearl,Rex Regum Qeon,,13,Team Secret,,4,Rex Regum Qeon
https://www.vlr.gg/430527/rex-regum-qeon-vs-team-secret-champions-tour-2025-pacific-kickoff-lr1,Haven,Rex Regum Qeon,,13,Team Secret,,4,Rex Regum Qeon
https://www.vlr.gg/430527/rex-regum-qeon-vs-team-secret-champions-tour-2025-pacific-kickoff-lr1,AllMaps,Rex Regum Qeon,2,35,Team Secret,1,21,Rex Regum Qeon
https://www.vlr.gg/430528/global-esports-vs-detonation-focusme-champions-tour-2025-pacific-kickoff-lr1,Abyss,Global Esports,,8,DetonatioN FocusMe,,13,DetonatioN FocusMe
https://www.vlr.gg/430528/global-esports-vs-detonation-focusme-champions-tour-2025-pacific-kickoff-lr1,Split,Global Esports,,12,DetonatioN FocusMe,,14,DetonatioN FocusMe
https://www.vlr.gg/430528/global-esports-vs-detonation-focusme-champions-tour-2025-pacific-kickoff-lr1,AllMaps,Global Esports,0,20,DetonatioN FocusMe,2,27,DetonatioN FocusMe
https://www.vlr.gg/430529/paper-rex-vs-zeta-division-champions-tour-2025-pacific-kickoff-lr1,Lotus,Paper Rex,,13,ZETA DIVISION,,5,Paper Rex
https://www.vlr.gg/430529/paper-rex-vs-zeta-division-champions-tour-2025-pacific-kickoff-lr1,Fracture,Paper Rex,,13,ZETA DIVISION,,8,Paper Rex
https://www.vlr.gg/430529/paper-rex-vs-zeta-division-champions-tour-2025-pacific-kickoff-lr1,AllMaps,Paper Rex,2,26,ZETA DIVISION,0,13,Paper Rex
https://www.vlr.gg/430531/detonation-focusme-vs-paper-rex-champions-tour-2025-pacific-kickoff-lr2,Abyss,DetonatioN FocusMe,,13,Paper Rex,,10,DetonatioN FocusMe
https://www.vlr.gg/430531/detonation-focusme-vs-paper-rex-champions-tour-2025-pacific-kickoff-lr2,Pearl,DetonatioN FocusMe,,13,Paper Rex,,1,DetonatioN FocusMe
https://www.vlr.gg/430531/detonation-focusme-vs-paper-rex-champions-tour-2025-pacific-kickoff-lr2,AllMaps,DetonatioN FocusMe,2,26,Paper Rex,0,11,DetonatioN FocusMe
https://www.vlr.gg/430530/nongshim-redforce-vs-rex-regum-qeon-champions-tour-2025-pacific-kickoff-lr2,Fracture,Nongshim RedForce,,12,Rex Regum Qeon,,14,Rex Regum Qeon
https://www.vlr.gg/430530/nongshim-redforce-vs-rex-regum-qeon-champions-tour-2025-pacific-kickoff-lr2,Lotus,Nongshim RedForce,,22,Rex Regum Qeon,,20,Nongshim RedForce
https://www.vlr.gg/430530/nongshim-redforce-vs-rex-regum-qeon-champions-tour-2025-pacific-kickoff-lr2,Pearl,Nongshim RedForce,,13,Rex Regum Qeon,,8,Nongshim RedForce
https://www.vlr.gg/430530/nongshim-redforce-vs-rex-regum-qeon-champions-tour-2025-pacific-kickoff-lr2,AllMaps,Nongshim RedForce,2,47,Rex Regum Qeon,1,42,Nongshim RedForce
https://www.vlr.gg/430521/drx-vs-nongshim-redforce-champions-tour-2025-pacific-kickoff-ubqf,Lotus,Kiwoom DRX,,13,Nongshim RedForce,,11,Kiwoom DRX
https://www.vlr.gg/430521/drx-vs-nongshim-redforce-champions-tour-2025-pacific-kickoff-ubqf,Pearl,Kiwoom DRX,,6,Nongshim RedForce,,13,Nongshim RedForce
https://www.vlr.gg/430521/drx-vs-nongshim-redforce-champions-tour-2025-pacific-kickoff-ubqf,Fracture,Kiwoom DRX,,13,Nongshim RedForce,,9,Kiwoom DRX
https://www.vlr.gg/430521/drx-vs-nongshim-redforce-champions-tour-2025-pacific-kickoff-ubqf,AllMaps,Kiwoom DRX,2,32,Nongshim RedForce,1,33,Kiwoom DRX
https://www.vlr.gg/430520/gen-g-vs-rex-regum-qeon-champions-tour-2025-pacific-kickoff-ubqf,Fracture,Gen.G,,6,Rex Regum Qeon,,13,Rex Regum Qeon
https://www.vlr.gg/430520/gen-g-vs-rex-regum-qeon-champions-tour-2025-pacific-kickoff-ubqf,Lotus,Gen.G,,13,Rex Regum Qeon,,8,Gen.G
https://www.vlr.gg/430520/gen-g-vs-rex-regum-qeon-champions-tour-2025-pacific-kickoff-ubqf,Haven,Gen.G,,14,Rex Regum Qeon,,12,Gen.G
https://www.vlr.gg/430520/gen-g-vs-rex-regum-qeon-champions-tour-2025-pacific-kickoff-ubqf,AllMaps,Gen.G,2,33,Rex Regum Qeon,1,33,Gen.G
https://www.vlr.gg/430519/talon-vs-global-esports-champions-tour-2025-pacific-kickoff-ubqf,Split,TALON,,6,Global Esports,,13,Global Esports
https://www.vlr.gg/430519/talon-vs-global-esports-champions-tour-2025-pacific-kickoff-ubqf,Abyss,TALON,,13,Global Esports,,9,TALON
https://www.vlr.gg/430519/talon-vs-global-esports-champions-tour-2025-pacific-kickoff-ubqf,Lotus,TALON,,13,Global Esports,,8,TALON
https://www.vlr.gg/430519/talon-vs-global-esports-champions-tour-2025-pacific-kickoff-ubqf,AllMaps,TALON,2,32,Global Esports,1,30,TALON
https://www.vlr.gg/430518/paper-rex-vs-t1-champions-tour-2025-pacific-kickoff-ubqf,Bind,Paper Rex,,6,T1,,13,T1
https://www.vlr.gg/430518/paper-rex-vs-t1-champions-tour-2025-pacific-kickoff-ubqf,Fracture,Paper Rex,,13,T1,,8,Paper Rex
https://www.vlr.gg/430518/paper-rex-vs-t1-champions-tour-2025-pacific-kickoff-ubqf,Split,Paper Rex,,11,T1,,13,T1
https://www.vlr.gg/430518/paper-rex-vs-t1-champions-tour-2025-pacific-kickoff-ubqf,AllMaps,Paper Rex,1,30,T1,2,34,T1
https://www.vlr.gg/430522/t1-vs-talon-champions-tour-2025-pacific-kickoff-ubsf,Fracture,T1,,13,TALON,,5,T1
https://www.vlr.gg/430522/t1-vs-talon-champions-tour-2025-pacific-kickoff-ubsf,Bind,T1,,4,TALON,,13,TALON
https://www.vlr.gg/430522/t1-vs-talon-champions-tour-2025-pacific-kickoff-ubsf,Haven,T1,,13,TALON,,9,T1
https://www.vlr.gg/430522/t1-vs-talon-champions-tour-2025-pacific-kickoff-ubsf,AllMaps,T1,2,30,TALON,1,27,T1
https://www.vlr.gg/430523/gen-g-vs-drx-champions-tour-2025-pacific-kickoff-ubsf,Abyss,Gen.G,,9,Kiwoom DRX,,13,Kiwoom DRX
https://www.vlr.gg/430523/gen-g-vs-drx-champions-tour-2025-pacific-kickoff-ubsf,Bind,Gen.G,,13,Kiwoom DRX,,15,Kiwoom DRX
https://www.vlr.gg/430523/gen-g-vs-drx-champions-tour-2025-pacific-kickoff-ubsf,AllMaps,Gen.G,0,22,Kiwoom DRX,2,28,Kiwoom DRX
https://www.vlr.gg/430532/talon-vs-nongshim-redforce-champions-tour-2025-pacific-kickoff-lr3,Lotus,TALON,,9,Nongshim RedForce,,13,Nongshim RedForce
https://www.vlr.gg/430532/talon-vs-nongshim-redforce-champions-tour-2025-pacific-kickoff-lr3,Bind,TALON,,13,Nongshim RedForce,,10,TALON
https://www.vlr.gg/430532/talon-vs-nongshim-redforce-champions-tour-2025-pacific-kickoff-lr3,Split,TALON,,13,Nongshim RedForce,,5,TALON
https://www.vlr.gg/430532/talon-vs-nongshim-redforce-champions-tour-2025-pacific-kickoff-lr3,AllMaps,TALON,2,35,Nongshim RedForce,1,28,TALON
https://www.vlr.gg/430533/gen-g-vs-detonation-focusme-champions-tour-2025-pacific-kickoff-lr3,Abyss,Gen.G,,13,DetonatioN FocusMe,,6,Gen.G
https://www.vlr.gg/430533/gen-g-vs-detonation-focusme-champions-tour-2025-pacific-kickoff-lr3,Lotus,Gen.G,,13,DetonatioN FocusMe,,6,Gen.G
https://www.vlr.gg/430533/gen-g-vs-detonation-focusme-champions-tour-2025-pacific-kickoff-lr3,AllMaps,Gen.G,2,26,DetonatioN FocusMe,0,12,Gen.G
https://www.vlr.gg/430524/t1-vs-drx-champions-tour-2025-pacific-kickoff-ubf,Lotus,T1,,13,Kiwoom DRX,,11,T1
https://www.vlr.gg/430524/t1-vs-drx-champions-tour-2025-pacific-kickoff-ubf,Haven,T1,,13,Kiwoom DRX,,15,Kiwoom DRX
https://www.vlr.gg/430524/t1-vs-drx-champions-tour-2025-pacific-kickoff-ubf,Fracture,T1,,10,Kiwoom DRX,,13,Kiwoom DRX
https://www.vlr.gg/430524/t1-vs-drx-champions-tour-2025-pacific-kickoff-ubf,AllMaps,T1,1,36,Kiwoom DRX,2,39,Kiwoom DRX
https://www.vlr.gg/430534/talon-vs-gen-g-champions-tour-2025-pacific-kickoff-lr4,Bind,TALON,,7,Gen.G,,13,Gen.G
https://www.vlr.gg/430534/talon-vs-gen-g-champions-tour-2025-pacific-kickoff-lr4,Lotus,TALON,,2,Gen.G,,13,Gen.G
https://www.vlr.gg/430534/talon-vs-gen-g-champions-tour-2025-pacific-kickoff-lr4,AllMaps,TALON,0,9,Gen.G,2,26,Gen.G
https://www.vlr.gg/430535/t1-vs-gen-g-champions-tour-2025-pacific-kickoff-lbf,Pearl,T1,,13,Gen.G,,8,T1
https://www.vlr.gg/430535/t1-vs-gen-g-champions-tour-2025-pacific-kickoff-lbf,Lotus,T1,,13,Gen.G,,8,T1
https://www.vlr.gg/430535/t1-vs-gen-g-champions-tour-2025-pacific-kickoff-lbf,Haven,T1,,5,Gen.G,,13,Gen.G
https://www.vlr.gg/430535/t1-vs-gen-g-champions-tour-2025-pacific-kickoff-lbf,Split,T1,,15,Gen.G,,17,Gen.G
https://www.vlr.gg/430535/t1-vs-gen-g-champions-tour-2025-pacific-kickoff-lbf,Bind,T1,,13,Gen.G,,10,T1
https://www.vlr.gg/430535/t1-vs-gen-g-champions-tour-2025-pacific-kickoff-lbf,AllMaps,T1,3,59,Gen.G,2,56,T1
https://www.vlr.gg/430525/drx-vs-t1-champions-tour-2025-pacific-kickoff-gf,Abyss,Kiwoom DRX,,13,T1,,3,Kiwoom DRX
https://www.vlr.gg/430525/drx-vs-t1-champions-tour-2025-pacific-kickoff-gf,Lotus,Kiwoom DRX,,6,T1,,13,T1
https://www.vlr.gg/430525/drx-vs-t1-champions-tour-2025-pacific-kickoff-gf,Fracture,Kiwoom DRX,,13,T1,,9,Kiwoom DRX
https://www.vlr.gg/430525/drx-vs-t1-champions-tour-2025-pacific-kickoff-gf,Bind,Kiwoom DRX,,12,T1,,14,T1
https://www.vlr.gg/430525/drx-vs-t1-champions-tour-2025-pacific-kickoff-gf,Split,Kiwoom DRX,,13,T1,,11,Kiwoom DRX
https://www.vlr.gg/430525/drx-vs-t1-champions-tour-2025-pacific-kickoff-gf,AllMaps,Kiwoom DRX,3,57,T1,2,50,Kiwoom DRX
https://www.vlr.gg/458805/detonation-focusme-vs-global-esports-champions-tour-2025-pacific-stage-1-w1,Lotus,DetonatioN FocusMe,,7,Global Esports,,13,Global Esports
https://www.vlr.gg/458805/detonation-focusme-vs-global-esports-champions-tour-2025-pacific-stage-1-w1,Pearl,DetonatioN FocusMe,,11,Global Esports,,13,Global Esports
https://www.vlr.gg/458805/detonation-focusme-vs-global-esports-champions-tour-2025-pacific-stage-1-w1,AllMaps,DetonatioN FocusMe,0,18,Global Esports,2,26,Global Esports
https://www.vlr.gg/458807/drx-vs-paper-rex-champions-tour-2025-pacific-stage-1-w1,Haven,Kiwoom DRX,,13,Paper Rex,,9,Kiwoom DRX
https://www.vlr.gg/458807/drx-vs-paper-rex-champions-tour-2025-pacific-stage-1-w1,Icebox,Kiwoom DRX,,10,Paper Rex,,13,Paper Rex
https://www.vlr.gg/458807/drx-vs-paper-rex-champions-tour-2025-pacific-stage-1-w1,Lotus,Kiwoom DRX,,13,Paper Rex,,7,Kiwoom DRX
https://www.vlr.gg/458807/drx-vs-paper-rex-champions-tour-2025-pacific-stage-1-w1,AllMaps,Kiwoom DRX,2,36,Paper Rex,1,29,Kiwoom DRX
https://www.vlr.gg/458809/gen-g-vs-boom-esports-champions-tour-2025-pacific-stage-1-w1,Ascent,Gen.G,,8,BOOM Esports,,13,BOOM Esports
https://www.vlr.gg/458809/gen-g-vs-boom-esports-champions-tour-2025-pacific-stage-1-w1,Haven,Gen.G,,15,BOOM Esports,,17,BOOM Esports
https://www.vlr.gg/458809/gen-g-vs-boom-esports-champions-tour-2025-pacific-stage-1-w1,AllMaps,Gen.G,0,23,BOOM Esports,2,30,BOOM Esports
https://www.vlr.gg/458813/gen-g-vs-paper-rex-champions-tour-2025-pacific-stage-1-w2,Lotus,Gen.G,,13,Paper Rex,,10,Gen.G
https://www.vlr.gg/458813/gen-g-vs-paper-rex-champions-tour-2025-pacific-stage-1-w2,Fracture,Gen.G,,6,Paper Rex,,13,Paper Rex
https://www.vlr.gg/458813/gen-g-vs-paper-rex-champions-tour-2025-pacific-stage-1-w2,Haven,Gen.G,,13,Paper Rex,,4,Gen.G
https://www.vlr.gg/458813/gen-g-vs-paper-rex-champions-tour-2025-pacific-stage-1-w2,AllMaps,Gen.G,2,32,Paper Rex,1,27,Gen.G
https://www.vlr.gg/458814/drx-vs-detonation-focusme-champions-tour-2025-pacific-stage-1-w2,Lotus,Kiwoom DRX,,13,DetonatioN FocusMe,,3,Kiwoom DRX
https://www.vlr.gg/458814/drx-vs-detonation-focusme-champions-tour-2025-pacific-stage-1-w2,Ascent,Kiwoom DRX,,13,DetonatioN FocusMe,,8,Kiwoom DRX
https://www.vlr.gg/458814/drx-vs-detonation-focusme-champions-tour-2025-pacific-stage-1-w2,AllMaps,Kiwoom DRX,2,26,DetonatioN FocusMe,0,11,Kiwoom DRX
https://www.vlr.gg/458816/boom-esports-vs-global-esports-champions-tour-2025-pacific-stage-1-w2,Lotus,BOOM Esports,,13,Global Esports,,1,BOOM Esports
https://www.vlr.gg/458816/boom-esports-vs-global-esports-champions-tour-2025-pacific-stage-1-w2,Haven,BOOM Esports,,13,Global Esports,,11,BOOM Esports
https://www.vlr.gg/458816/boom-esports-vs-global-esports-champions-tour-2025-pacific-stage-1-w2,AllMaps,BOOM Esports,2,26,Global Esports,0,12,BOOM Esports
https://www.vlr.gg/458817/gen-g-vs-detonation-focusme-champions-tour-2025-pacific-stage-1-w3,Lotus,Gen.G,,13,DetonatioN FocusMe,,2,Gen.G
https://www.vlr.gg/458817/gen-g-vs-detonation-focusme-champions-tour-2025-pacific-stage-1-w3,Fracture,Gen.G,,13,DetonatioN FocusMe,,4,Gen.G
https://www.vlr.gg/458817/gen-g-vs-detonation-focusme-champions-tour-2025-pacific-stage-1-w3,AllMaps,Gen.G,2,26,DetonatioN FocusMe,0,6,Gen.G
https://www.vlr.gg/458819/paper-rex-vs-boom-esports-champions-tour-2025-pacific-stage-1-w3,Ascent,Paper Rex,,13,BOOM Esports,,8,Paper Rex
https://www.vlr.gg/458819/paper-rex-vs-boom-esports-champions-tour-2025-pacific-stage-1-w3,Fracture,Paper Rex,,9,BOOM Esports,,13,BOOM Esports
https://www.vlr.gg/458819/paper-rex-vs-boom-esports-champions-tour-2025-pacific-stage-1-w3,Pearl,Paper Rex,,10,BOOM Esports,,13,BOOM Esports
https://www.vlr.gg/458819/paper-rex-vs-boom-esports-champions-tour-2025-pacific-stage-1-w3,AllMaps,Paper Rex,1,32,BOOM Esports,2,34,BOOM Esports
https://www.vlr.gg/458821/drx-vs-global-esports-champions-tour-2025-pacific-stage-1-w3,Ascent,Kiwoom DRX,,13,Global Esports,,3,Kiwoom DRX
https://www.vlr.gg/458821/drx-vs-global-esports-champions-tour-2025-pacific-stage-1-w3,Split,Kiwoom DRX,,13,Global Esports,,10,Kiwoom DRX
https://www.vlr.gg/458821/drx-vs-global-esports-champions-tour-2025-pacific-stage-1-w3,AllMaps,Kiwoom DRX,2,26,Global Esports,0,13,Kiwoom DRX
https://www.vlr.gg/458824/drx-vs-boom-esports-champions-tour-2025-pacific-stage-1-w4,Icebox,Kiwoom DRX,,8,BOOM Esports,,13,BOOM Esports
https://www.vlr.gg/458824/drx-vs-boom-esports-champions-tour-2025-pacific-stage-1-w4,Haven,Kiwoom DRX,,14,BOOM Esports,,12,Kiwoom DRX
https://www.vlr.gg/458824/drx-vs-boom-esports-champions-tour-2025-pacific-stage-1-w4,Ascent,Kiwoom DRX,,8,BOOM Esports,,13,BOOM Esports
https://www.vlr.gg/458824/drx-vs-boom-esports-champions-tour-2025-pacific-stage-1-w4,AllMaps,Kiwoom DRX,1,30,BOOM Esports,2,38,BOOM Esports
https://www.vlr.gg/458826/gen-g-vs-global-esports-champions-tour-2025-pacific-stage-1-w4,Haven,Gen.G,,13,Global Esports,,5,Gen.G
https://www.vlr.gg/458826/gen-g-vs-global-esports-champions-tour-2025-pacific-stage-1-w4,Pearl,Gen.G,,13,Global Esports,,7,Gen.G
https://www.vlr.gg/458826/gen-g-vs-global-esports-champions-tour-2025-pacific-stage-1-w4,AllMaps,Gen.G,2,26,Global Esports,0,12,Gen.G
https://www.vlr.gg/458828/detonation-focusme-vs-paper-rex-champions-tour-2025-pacific-stage-1-w4,Ascent,DetonatioN FocusMe,,13,Paper Rex,,11,DetonatioN FocusMe
https://www.vlr.gg/458828/detonation-focusme-vs-paper-rex-champions-tour-2025-pacific-stage-1-w4,Lotus,DetonatioN FocusMe,,7,Paper Rex,,13,Paper Rex
https://www.vlr.gg/458828/detonation-focusme-vs-paper-rex-champions-tour-2025-pacific-stage-1-w4,Pearl,DetonatioN FocusMe,,13,Paper Rex,,15,Paper Rex
https://www.vlr.gg/458828/detonation-focusme-vs-paper-rex-champions-tour-2025-pacific-stage-1-w4,AllMaps,DetonatioN FocusMe,1,33,Paper Rex,2,39,Paper Rex
https://www.vlr.gg/458830/paper-rex-vs-global-esports-champions-tour-2025-pacific-stage-1-w5,Split,Paper Rex,,13,Global Esports,,5,Paper Rex
https://www.vlr.gg/458830/paper-rex-vs-global-esports-champions-tour-2025-pacific-stage-1-w5,Lotus,Paper Rex,,13,Global Esports,,9,Paper Rex
https://www.vlr.gg/458830/paper-rex-vs-global-esports-champions-tour-2025-pacific-stage-1-w5,AllMaps,Paper Rex,2,26,Global Esports,0,14,Paper Rex
https://www.vlr.gg/458832/drx-vs-gen-g-champions-tour-2025-pacific-stage-1-w5,Lotus,Kiwoom DRX,,8,Gen.G,,13,Gen.G
https://www.vlr.gg/458832/drx-vs-gen-g-champions-tour-2025-pacific-stage-1-w5,Split,Kiwoom DRX,,13,Gen.G,,10,Kiwoom DRX
https://www.vlr.gg/458832/drx-vs-gen-g-champions-tour-2025-pacific-stage-1-w5,Ascent,Kiwoom DRX,,13,Gen.G,,9,Kiwoom DRX
https://www.vlr.gg/458832/drx-vs-gen-g-champions-tour-2025-pacific-stage-1-w5,AllMaps,Kiwoom DRX,2,34,Gen.G,1,32,Kiwoom DRX
https://www.vlr.gg/458834/detonation-focusme-vs-boom-esports-champions-tour-2025-pacific-stage-1-w5,Fracture,DetonatioN FocusMe,,8,BOOM Esports,,13,BOOM Esports
https://www.vlr.gg/458834/detonation-focusme-vs-boom-esports-champions-tour-2025-pacific-stage-1-w5,Ascent,DetonatioN FocusMe,,6,BOOM Esports,,13,BOOM Esports
https://www.vlr.gg/458834/detonation-focusme-vs-boom-esports-champions-tour-2025-pacific-stage-1-w5,AllMaps,DetonatioN FocusMe,0,14,BOOM Esports,2,26,BOOM Esports
https://www.vlr.gg/458806/t1-vs-zeta-division-champions-tour-2025-pacific-stage-1-w1,Fracture,T1,,13,ZETA DIVISION,,7,T1
https://www.vlr.gg/458806/t1-vs-zeta-division-champions-tour-2025-pacific-stage-1-w1,Split,T1,,12,ZETA DIVISION,,14,ZETA DIVISION
https://www.vlr.gg/458806/t1-vs-zeta-division-champions-tour-2025-pacific-stage-1-w1,Haven,T1,,13,ZETA DIVISION,,5,T1
https://www.vlr.gg/458806/t1-vs-zeta-division-champions-tour-2025-pacific-stage-1-w1,AllMaps,T1,2,38,ZETA DIVISION,1,26,T1
https://www.vlr.gg/458808/talon-vs-team-secret-champions-tour-2025-pacific-stage-1-w1,Pearl,TALON,,5,Team Secret,,13,Team Secret
https://www.vlr.gg/458808/talon-vs-team-secret-champions-tour-2025-pacific-stage-1-w1,Fracture,TALON,,13,Team Secret,,2,TALON
https://www.vlr.gg/458808/talon-vs-team-secret-champions-tour-2025-pacific-stage-1-w1,Haven,TALON,,13,Team Secret,,9,TALON
https://www.vlr.gg/458808/talon-vs-team-secret-champions-tour-2025-pacific-stage-1-w1,AllMaps,TALON,2,31,Team Secret,1,24,TALON
https://www.vlr.gg/458810/nongshim-redforce-vs-rex-regum-qeon-champions-tour-2025-pacific-stage-1-w1,Ascent,Nongshim RedForce,,5,Rex Regum Qeon,,13,Rex Regum Qeon
https://www.vlr.gg/458810/nongshim-redforce-vs-rex-regum-qeon-champions-tour-2025-pacific-stage-1-w1,Split,Nongshim RedForce,,13,Rex Regum Qeon,,8,Nongshim RedForce
https://www.vlr.gg/458810/nongshim-redforce-vs-rex-regum-qeon-champions-tour-2025-pacific-stage-1-w1,Pearl,Nongshim RedForce,,13,Rex Regum Qeon,,10,Nongshim RedForce
https://www.vlr.gg/458810/nongshim-redforce-vs-rex-regum-qeon-champions-tour-2025-pacific-stage-1-w1,AllMaps,Nongshim RedForce,2,31,Rex Regum Qeon,1,31,Nongshim RedForce
https://www.vlr.gg/458811/team-secret-vs-zeta-division-champions-tour-2025-pacific-stage-1-w2,Lotus,Team Secret,,11,ZETA DIVISION,,13,ZETA DIVISION
https://www.vlr.gg/458811/team-secret-vs-zeta-division-champions-tour-2025-pacific-stage-1-w2,Icebox,Team Secret,,10,ZETA DIVISION,,13,ZETA DIVISION
https://www.vlr.gg/458811/team-secret-vs-zeta-division-champions-tour-2025-pacific-stage-1-w2,AllMaps,Team Secret,0,21,ZETA DIVISION,2,26,ZETA DIVISION
https://www.vlr.gg/458812/t1-vs-nongshim-redforce-champions-tour-2025-pacific-stage-1-w2,Icebox,T1,,13,Nongshim RedForce,,10,T1
https://www.vlr.gg/458812/t1-vs-nongshim-redforce-champions-tour-2025-pacific-stage-1-w2,Split,T1,,13,Nongshim RedForce,,11,T1
https://www.vlr.gg/458812/t1-vs-nongshim-redforce-champions-tour-2025-pacific-stage-1-w2,AllMaps,T1,2,26,Nongshim RedForce,0,21,T1
https://www.vlr.gg/458815/talon-vs-rex-regum-qeon-champions-tour-2025-pacific-stage-1-w2,Lotus,TALON,,8,Rex Regum Qeon,,13,Rex Regum Qeon
https://www.vlr.gg/458815/talon-vs-rex-regum-qeon-champions-tour-2025-pacific-stage-1-w2,Ascent,TALON,,5,Rex Regum Qeon,,13,Rex Regum Qeon
https://www.vlr.gg/458815/talon-vs-rex-regum-qeon-champions-tour-2025-pacific-stage-1-w2,AllMaps,TALON,0,13,Rex Regum Qeon,2,26,Rex Regum Qeon
https://www.vlr.gg/458818/rex-regum-qeon-vs-zeta-division-champions-tour-2025-pacific-stage-1-w3,Split,Rex Regum Qeon,,13,ZETA DIVISION,,6,Rex Regum Qeon
https://www.vlr.gg/458818/rex-regum-qeon-vs-zeta-division-champions-tour-2025-pacific-stage-1-w3,Haven,Rex Regum Qeon,,13,ZETA DIVISION,,9,Rex Regum Qeon
https://www.vlr.gg/458818/rex-regum-qeon-vs-zeta-division-champions-tour-2025-pacific-stage-1-w3,AllMaps,Rex Regum Qeon,2,26,ZETA DIVISION,0,15,Rex Regum Qeon
https://www.vlr.gg/458820/talon-vs-nongshim-redforce-champions-tour-2025-pacific-stage-1-w3,Haven,TALON,,5,Nongshim RedForce,,13,Nongshim RedForce
https://www.vlr.gg/458820/talon-vs-nongshim-redforce-champions-tour-2025-pacific-stage-1-w3,Lotus,TALON,,13,Nongshim RedForce,,8,TALON
https://www.vlr.gg/458820/talon-vs-nongshim-redforce-champions-tour-2025-pacific-stage-1-w3,Fracture,TALON,,13,Nongshim RedForce,,6,TALON
https://www.vlr.gg/458820/talon-vs-nongshim-redforce-champions-tour-2025-pacific-stage-1-w3,AllMaps,TALON,2,31,Nongshim RedForce,1,27,TALON
https://www.vlr.gg/458822/t1-vs-team-secret-champions-tour-2025-pacific-stage-1-w3,Haven,T1,,13,Team Secret,,6,T1
https://www.vlr.gg/458822/t1-vs-team-secret-champions-tour-2025-pacific-stage-1-w3,Icebox,T1,,9,Team Secret,,13,Team Secret
https://www.vlr.gg/458822/t1-vs-team-secret-champions-tour-2025-pacific-stage-1-w3,Lotus,T1,,13,Team Secret,,8,T1
https://www.vlr.gg/458822/t1-vs-team-secret-champions-tour-2025-pacific-stage-1-w3,AllMaps,T1,2,35,Team Secret,1,27,T1
https://www.vlr.gg/458823/nongshim-redforce-vs-team-secret-champions-tour-2025-pacific-stage-1-w4,Pearl,Nongshim RedForce,,13,Team Secret,,10,Nongshim RedForce
https://www.vlr.gg/458823/nongshim-redforce-vs-team-secret-champions-tour-2025-pacific-stage-1-w4,Split,Nongshim RedForce,,13,Team Secret,,3,Nongshim RedForce
https://www.vlr.gg/458823/nongshim-redforce-vs-team-secret-champions-tour-2025-pacific-stage-1-w4,AllMaps,Nongshim RedForce,2,26,Team Secret,0,13,Nongshim RedForce
https://www.vlr.gg/458825/t1-vs-rex-regum-qeon-champions-tour-2025-pacific-stage-1-w4,Pearl,T1,,13,Rex Regum Qeon,,10,T1
https://www.vlr.gg/458825/t1-vs-rex-regum-qeon-champions-tour-2025-pacific-stage-1-w4,Icebox,T1,,10,Rex Regum Qeon,,13,Rex Regum Qeon
https://www.vlr.gg/458825/t1-vs-rex-regum-qeon-champions-tour-2025-pacific-stage-1-w4,Lotus,T1,,5,Rex Regum Qeon,,13,Rex Regum Qeon
https://www.vlr.gg/458825/t1-vs-rex-regum-qeon-champions-tour-2025-pacific-stage-1-w4,AllMaps,T1,1,28,Rex Regum Qeon,2,36,Rex Regum Qeon
https://www.vlr.gg/458827/talon-vs-zeta-division-champions-tour-2025-pacific-stage-1-w4,Lotus,TALON,,4,ZETA DIVISION,,13,ZETA DIVISION
https://www.vlr.gg/458827/talon-vs-zeta-division-champions-tour-2025-pacific-stage-1-w4,Split,TALON,,10,ZETA DIVISION,,13,ZETA DIVISION
https://www.vlr.gg/458827/talon-vs-zeta-division-champions-tour-2025-pacific-stage-1-w4,AllMaps,TALON,0,14,ZETA DIVISION,2,26,ZETA DIVISION
https://www.vlr.gg/458831/t1-vs-talon-champions-tour-2025-pacific-stage-1-w5,Icebox,T1,,6,TALON,,13,TALON
https://www.vlr.gg/458831/t1-vs-talon-champions-tour-2025-pacific-stage-1-w5,Haven,T1,,7,TALON,,13,TALON
https://www.vlr.gg/458831/t1-vs-talon-champions-tour-2025-pacific-stage-1-w5,AllMaps,T1,0,13,TALON,2,26,TALON
https://www.vlr.gg/458833/nongshim-redforce-vs-zeta-division-champions-tour-2025-pacific-stage-1-w5,Lotus,Nongshim RedForce,,13,ZETA DIVISION,,6,Nongshim RedForce
https://www.vlr.gg/458833/nongshim-redforce-vs-zeta-division-champions-tour-2025-pacific-stage-1-w5,Pearl,Nongshim RedForce,,11,ZETA DIVISION,,13,ZETA DIVISION
https://www.vlr.gg/458833/nongshim-redforce-vs-zeta-division-champions-tour-2025-pacific-stage-1-w5,Split,Nongshim RedForce,,13,ZETA DIVISION,,7,Nongshim RedForce
https://www.vlr.gg/458833/nongshim-redforce-vs-zeta-division-champions-tour-2025-pacific-stage-1-w5,AllMaps,Nongshim RedForce,2,37,ZETA DIVISION,1,26,Nongshim RedForce
https://www.vlr.gg/458835/rex-regum-qeon-vs-team-secret-champions-tour-2025-pacific-stage-1-w5,Haven,Rex Regum Qeon,,15,Team Secret,,13,Rex Regum Qeon
https://www.vlr.gg/458835/rex-regum-qeon-vs-team-secret-champions-tour-2025-pacific-stage-1-w5,Ascent,Rex Regum Qeon,,5,Team Secret,,13,Team Secret
https://www.vlr.gg/458835/rex-regum-qeon-vs-team-secret-champions-tour-2025-pacific-stage-1-w5,Lotus,Rex Regum Qeon,,9,Team Secret,,13,Team Secret
https://www.vlr.gg/458835/rex-regum-qeon-vs-team-secret-champions-tour-2025-pacific-stage-1-w5,AllMaps,Rex Regum Qeon,1,29,Team Secret,2,39,Team Secret
https://www.vlr.gg/473833/talon-vs-gen-g-champions-tour-2025-pacific-stage-1-ur1,Haven,TALON,,13,Gen.G,,6,TALON
https://www.vlr.gg/473833/talon-vs-gen-g-champions-tour-2025-pacific-stage-1-ur1,Icebox,TALON,,6,Gen.G,,13,Gen.G
https://www.vlr.gg/473833/talon-vs-gen-g-champions-tour-2025-pacific-stage-1-ur1,Pearl,TALON,,3,Gen.G,,13,Gen.G
https://www.vlr.gg/473833/talon-vs-gen-g-champions-tour-2025-pacific-stage-1-ur1,AllMaps,TALON,1,22,Gen.G,2,32,Gen.G
https://www.vlr.gg/473834/drx-vs-t1-champions-tour-2025-pacific-stage-1-ur1,Lotus,Kiwoom DRX,,15,T1,,13,Kiwoom DRX
https://www.vlr.gg/473834/drx-vs-t1-champions-tour-2025-pacific-stage-1-ur1,Fracture,Kiwoom DRX,,14,T1,,12,Kiwoom DRX
https://www.vlr.gg/473834/drx-vs-t1-champions-tour-2025-pacific-stage-1-ur1,AllMaps,Kiwoom DRX,2,29,T1,0,25,Kiwoom DRX
https://www.vlr.gg/473835/talon-vs-nongshim-redforce-champions-tour-2025-pacific-stage-1-lr1,Haven,TALON,,13,Nongshim RedForce,,9,TALON
https://www.vlr.gg/473835/talon-vs-nongshim-redforce-champions-tour-2025-pacific-stage-1-lr1,Pearl,TALON,,7,Nongshim RedForce,,13,Nongshim RedForce
https://www.vlr.gg/473835/talon-vs-nongshim-redforce-champions-tour-2025-pacific-stage-1-lr1,Ascent,TALON,,13,Nongshim RedForce,,9,TALON
https://www.vlr.gg/473835/talon-vs-nongshim-redforce-champions-tour-2025-pacific-stage-1-lr1,AllMaps,TALON,2,33,Nongshim RedForce,1,31,TALON
https://www.vlr.gg/473836/t1-vs-paper-rex-champions-tour-2025-pacific-stage-1-lr1,Fracture,T1,,13,Paper Rex,,3,T1
https://www.vlr.gg/473836/t1-vs-paper-rex-champions-tour-2025-pacific-stage-1-lr1,Ascent,T1,,4,Paper Rex,,13,Paper Rex
https://www.vlr.gg/473836/t1-vs-paper-rex-champions-tour-2025-pacific-stage-1-lr1,Lotus,T1,,2,Paper Rex,,13,Paper Rex
https://www.vlr.gg/473836/t1-vs-paper-rex-champions-tour-2025-pacific-stage-1-lr1,AllMaps,T1,1,19,Paper Rex,2,29,Paper Rex
https://www.vlr.gg/473837/boom-esports-vs-gen-g-champions-tour-2025-pacific-stage-1-ubsf,Split,BOOM Esports,,8,Gen.G,,13,Gen.G
https://www.vlr.gg/473837/boom-esports-vs-gen-g-champions-tour-2025-pacific-stage-1-ubsf,Ascent,BOOM Esports,,6,Gen.G,,13,Gen.G
https://www.vlr.gg/473837/boom-esports-vs-gen-g-champions-tour-2025-pacific-stage-1-ubsf,AllMaps,BOOM Esports,0,14,Gen.G,2,26,Gen.G
https://www.vlr.gg/473838/rex-regum-qeon-vs-drx-champions-tour-2025-pacific-stage-1-ubsf,Fracture,Rex Regum Qeon,,11,Kiwoom DRX,,13,Kiwoom DRX
https://www.vlr.gg/473838/rex-regum-qeon-vs-drx-champions-tour-2025-pacific-stage-1-ubsf,Icebox,Rex Regum Qeon,,13,Kiwoom DRX,,4,Rex Regum Qeon
https://www.vlr.gg/473838/rex-regum-qeon-vs-drx-champions-tour-2025-pacific-stage-1-ubsf,Lotus,Rex Regum Qeon,,14,Kiwoom DRX,,12,Rex Regum Qeon
https://www.vlr.gg/473838/rex-regum-qeon-vs-drx-champions-tour-2025-pacific-stage-1-ubsf,AllMaps,Rex Regum Qeon,2,38,Kiwoom DRX,1,29,Rex Regum Qeon
https://www.vlr.gg/473839/drx-vs-talon-champions-tour-2025-pacific-stage-1-lr2,Icebox,Kiwoom DRX,,13,TALON,,4,Kiwoom DRX
https://www.vlr.gg/473839/drx-vs-talon-champions-tour-2025-pacific-stage-1-lr2,Fracture,Kiwoom DRX,,14,TALON,,12,Kiwoom DRX
https://www.vlr.gg/473839/drx-vs-talon-champions-tour-2025-pacific-stage-1-lr2,AllMaps,Kiwoom DRX,2,27,TALON,0,16,Kiwoom DRX
https://www.vlr.gg/473840/boom-esports-vs-paper-rex-champions-tour-2025-pacific-stage-1-lr2,Lotus,BOOM Esports,,5,Paper Rex,,13,Paper Rex
https://www.vlr.gg/473840/boom-esports-vs-paper-rex-champions-tour-2025-pacific-stage-1-lr2,Fracture,BOOM Esports,,8,Paper Rex,,13,Paper Rex
https://www.vlr.gg/473840/boom-esports-vs-paper-rex-champions-tour-2025-pacific-stage-1-lr2,AllMaps,BOOM Esports,0,13,Paper Rex,2,26,Paper Rex
https://www.vlr.gg/473841/gen-g-vs-rex-regum-qeon-champions-tour-2025-pacific-stage-1-ubf,Lotus,Gen.G,,13,Rex Regum Qeon,,5,Gen.G
https://www.vlr.gg/473841/gen-g-vs-rex-regum-qeon-champions-tour-2025-pacific-stage-1-ubf,Icebox,Gen.G,,13,Rex Regum Qeon,,8,Gen.G
https://www.vlr.gg/473841/gen-g-vs-rex-regum-qeon-champions-tour-2025-pacific-stage-1-ubf,AllMaps,Gen.G,2,26,Rex Regum Qeon,0,13,Gen.G
https://www.vlr.gg/473842/drx-vs-paper-rex-champions-tour-2025-pacific-stage-1-lr3,Lotus,Kiwoom DRX,,11,Paper Rex,,13,Paper Rex
https://www.vlr.gg/473842/drx-vs-paper-rex-champions-tour-2025-pacific-stage-1-lr3,Icebox,Kiwoom DRX,,8,Paper Rex,,13,Paper Rex
https://www.vlr.gg/473842/drx-vs-paper-rex-champions-tour-2025-pacific-stage-1-lr3,AllMaps,Kiwoom DRX,0,19,Paper Rex,2,26,Paper Rex
https://www.vlr.gg/473843/rex-regum-qeon-vs-paper-rex-champions-tour-2025-pacific-stage-1-lbf,Fracture,Rex Regum Qeon,,2,Paper Rex,,13,Paper Rex
https://www.vlr.gg/473843/rex-regum-qeon-vs-paper-rex-champions-tour-2025-pacific-stage-1-lbf,Split,Rex Regum Qeon,,14,Paper Rex,,12,Rex Regum Qeon
https://www.vlr.gg/473843/rex-regum-qeon-vs-paper-rex-champions-tour-2025-pacific-stage-1-lbf,Pearl,Rex Regum Qeon,,14,Paper Rex,,12,Rex Regum Qeon
https://www.vlr.gg/473843/rex-regum-qeon-vs-paper-rex-champions-tour-2025-pacific-stage-1-lbf,Icebox,Rex Regum Qeon,,3,Paper Rex,,13,Paper Rex
https://www.vlr.gg/473843/rex-regum-qeon-vs-paper-rex-champions-tour-2025-pacific-stage-1-lbf,Ascent,Rex Regum Qeon,,13,Paper Rex,,6,Rex Regum Qeon
https://www.vlr.gg/473843/rex-regum-qeon-vs-paper-rex-champions-tour-2025-pacific-stage-1-lbf,AllMaps,Rex Regum Qeon,3,46,Paper Rex,2,56,Rex Regum Qeon
https://www.vlr.gg/473844/gen-g-vs-rex-regum-qeon-champions-tour-2025-pacific-stage-1-gf,Haven,Gen.G,,13,Rex Regum Qeon,,8,Gen.G
https://www.vlr.gg/473844/gen-g-vs-rex-regum-qeon-champions-tour-2025-pacific-stage-1-gf,Ascent,Gen.G,,11,Rex Regum Qeon,,13,Rex Regum Qeon
https://www.vlr.gg/473844/gen-g-vs-rex-regum-qeon-champions-tour-2025-pacific-stage-1-gf,Lotus,Gen.G,,9,Rex Regum Qeon,,13,Rex Regum Qeon
https://www.vlr.gg/473844/gen-g-vs-rex-regum-qeon-champions-tour-2025-pacific-stage-1-gf,Icebox,Gen.G,,11,Rex Regum Qeon,,13,Rex Regum Qeon
https://www.vlr.gg/473844/gen-g-vs-rex-regum-qeon-champions-tour-2025-pacific-stage-1-gf,AllMaps,Gen.G,1,44,Rex Regum Qeon,3,47,Rex Regum Qeon
https://www.vlr.gg/508816/nongshim-redforce-vs-team-secret-vct-2025-pacific-stage-2-w1,Sunset,Nongshim RedForce,,8,Team Secret,,13,Team Secret
https://www.vlr.gg/508816/nongshim-redforce-vs-team-secret-vct-2025-pacific-stage-2-w1,Ascent,Nongshim RedForce,,13,Team Secret,,10,Nongshim RedForce
https://www.vlr.gg/508816/nongshim-redforce-vs-team-secret-vct-2025-pacific-stage-2-w1,Lotus,Nongshim RedForce,,13,Team Secret,,3,Nongshim RedForce
https://www.vlr.gg/508816/nongshim-redforce-vs-team-secret-vct-2025-pacific-stage-2-w1,AllMaps,Nongshim RedForce,2,34,Team Secret,1,26,Nongshim RedForce
https://www.vlr.gg/508818/drx-vs-gen-g-vct-2025-pacific-stage-2-w1,Haven,Kiwoom DRX,,8,Gen.G,,13,Gen.G
https://www.vlr.gg/508818/drx-vs-gen-g-vct-2025-pacific-stage-2-w1,Corrode,Kiwoom DRX,,6,Gen.G,,13,Gen.G
https://www.vlr.gg/508818/drx-vs-gen-g-vct-2025-pacific-stage-2-w1,AllMaps,Kiwoom DRX,0,14,Gen.G,2,26,Gen.G
https://www.vlr.gg/508819/rex-regum-qeon-vs-global-esports-vct-2025-pacific-stage-2-w1,Corrode,Rex Regum Qeon,,7,Global Esports,,13,Global Esports
https://www.vlr.gg/508819/rex-regum-qeon-vs-global-esports-vct-2025-pacific-stage-2-w1,Haven,Rex Regum Qeon,,5,Global Esports,,13,Global Esports
https://www.vlr.gg/508819/rex-regum-qeon-vs-global-esports-vct-2025-pacific-stage-2-w1,AllMaps,Rex Regum Qeon,0,12,Global Esports,2,26,Global Esports
https://www.vlr.gg/508821/drx-vs-nongshim-redforce-vct-2025-pacific-stage-2-w1,Icebox,Kiwoom DRX,,13,Nongshim RedForce,,5,Kiwoom DRX
https://www.vlr.gg/508821/drx-vs-nongshim-redforce-vct-2025-pacific-stage-2-w1,Bind,Kiwoom DRX,,4,Nongshim RedForce,,13,Nongshim RedForce
https://www.vlr.gg/508821/drx-vs-nongshim-redforce-vct-2025-pacific-stage-2-w1,Lotus,Kiwoom DRX,,13,Nongshim RedForce,,11,Kiwoom DRX
https://www.vlr.gg/508821/drx-vs-nongshim-redforce-vct-2025-pacific-stage-2-w1,AllMaps,Kiwoom DRX,2,30,Nongshim RedForce,1,29,Kiwoom DRX
https://www.vlr.gg/508823/global-esports-vs-team-secret-vct-2025-pacific-stage-2-w1,Bind,Global Esports,,5,Team Secret,,13,Team Secret
https://www.vlr.gg/508823/global-esports-vs-team-secret-vct-2025-pacific-stage-2-w1,Corrode,Global Esports,,13,Team Secret,,9,Global Esports
https://www.vlr.gg/508823/global-esports-vs-team-secret-vct-2025-pacific-stage-2-w1,Lotus,Global Esports,,11,Team Secret,,13,Team Secret
https://www.vlr.gg/508823/global-esports-vs-team-secret-vct-2025-pacific-stage-2-w1,AllMaps,Global Esports,1,29,Team Secret,2,35,Team Secret
https://www.vlr.gg/508826/rex-regum-qeon-vs-gen-g-vct-2025-pacific-stage-2-w1,Ascent,Rex Regum Qeon,,6,Gen.G,,13,Gen.G
https://www.vlr.gg/508826/rex-regum-qeon-vs-gen-g-vct-2025-pacific-stage-2-w1,Haven,Rex Regum Qeon,,13,Gen.G,,11,Rex Regum Qeon
https://www.vlr.gg/508826/rex-regum-qeon-vs-gen-g-vct-2025-pacific-stage-2-w1,Sunset,Rex Regum Qeon,,13,Gen.G,,6,Rex Regum Qeon
https://www.vlr.gg/508826/rex-regum-qeon-vs-gen-g-vct-2025-pacific-stage-2-w1,AllMaps,Rex Regum Qeon,2,32,Gen.G,1,30,Rex Regum Qeon
https://www.vlr.gg/508828/gen-g-vs-global-esports-vct-2025-pacific-stage-2-w2,Icebox,Gen.G,,3,Global Esports,,13,Global Esports
https://www.vlr.gg/508828/gen-g-vs-global-esports-vct-2025-pacific-stage-2-w2,Haven,Gen.G,,13,Global Esports,,3,Gen.G
https://www.vlr.gg/508828/gen-g-vs-global-esports-vct-2025-pacific-stage-2-w2,Corrode,Gen.G,,13,Global Esports,,7,Gen.G
https://www.vlr.gg/508828/gen-g-vs-global-esports-vct-2025-pacific-stage-2-w2,AllMaps,Gen.G,2,29,Global Esports,1,23,Gen.G
https://www.vlr.gg/508831/rex-regum-qeon-vs-nongshim-redforce-vct-2025-pacific-stage-2-w2,Corrode,Rex Regum Qeon,,11,Nongshim RedForce,,13,Nongshim RedForce
https://www.vlr.gg/508831/rex-regum-qeon-vs-nongshim-redforce-vct-2025-pacific-stage-2-w2,Haven,Rex Regum Qeon,,13,Nongshim RedForce,,8,Rex Regum Qeon
https://www.vlr.gg/508831/rex-regum-qeon-vs-nongshim-redforce-vct-2025-pacific-stage-2-w2,Icebox,Rex Regum Qeon,,13,Nongshim RedForce,,3,Rex Regum Qeon
https://www.vlr.gg/508831/rex-regum-qeon-vs-nongshim-redforce-vct-2025-pacific-stage-2-w2,AllMaps,Rex Regum Qeon,2,37,Nongshim RedForce,1,24,Rex Regum Qeon
https://www.vlr.gg/508832/drx-vs-team-secret-vct-2025-pacific-stage-2-w2,Corrode,Kiwoom DRX,,13,Team Secret,,4,Kiwoom DRX
https://www.vlr.gg/508832/drx-vs-team-secret-vct-2025-pacific-stage-2-w2,Icebox,Kiwoom DRX,,13,Team Secret,,4,Kiwoom DRX
https://www.vlr.gg/508832/drx-vs-team-secret-vct-2025-pacific-stage-2-w2,AllMaps,Kiwoom DRX,2,26,Team Secret,0,8,Kiwoom DRX
https://www.vlr.gg/508834/gen-g-vs-team-secret-vct-2025-pacific-stage-2-w3,Lotus,Gen.G,,13,Team Secret,,3,Gen.G
https://www.vlr.gg/508834/gen-g-vs-team-secret-vct-2025-pacific-stage-2-w3,Ascent,Gen.G,,13,Team Secret,,8,Gen.G
https://www.vlr.gg/508834/gen-g-vs-team-secret-vct-2025-pacific-stage-2-w3,AllMaps,Gen.G,2,26,Team Secret,0,11,Gen.G
https://www.vlr.gg/508837/rex-regum-qeon-vs-drx-vct-2025-pacific-stage-2-w3,Bind,Rex Regum Qeon,,12,Kiwoom DRX,,14,Kiwoom DRX
https://www.vlr.gg/508837/rex-regum-qeon-vs-drx-vct-2025-pacific-stage-2-w3,Ascent,Rex Regum Qeon,,7,Kiwoom DRX,,13,Kiwoom DRX
https://www.vlr.gg/508837/rex-regum-qeon-vs-drx-vct-2025-pacific-stage-2-w3,AllMaps,Rex Regum Qeon,0,19,Kiwoom DRX,2,27,Kiwoom DRX
https://www.vlr.gg/508838/nongshim-redforce-vs-global-esports-vct-2025-pacific-stage-2-w3,Corrode,Nongshim RedForce,,13,Global Esports,,7,Nongshim RedForce
https://www.vlr.gg/508838/nongshim-redforce-vs-global-esports-vct-2025-pacific-stage-2-w3,Bind,Nongshim RedForce,,13,Global Esports,,8,Nongshim RedForce
https://www.vlr.gg/508838/nongshim-redforce-vs-global-esports-vct-2025-pacific-stage-2-w3,AllMaps,Nongshim RedForce,2,26,Global Esports,0,15,Nongshim RedForce
https://www.vlr.gg/508840/gen-g-vs-nongshim-redforce-vct-2025-pacific-stage-2-w4,Lotus,Gen.G,,9,Nongshim RedForce,,13,Nongshim RedForce
https://www.vlr.gg/508840/gen-g-vs-nongshim-redforce-vct-2025-pacific-stage-2-w4,Ascent,Gen.G,,12,Nongshim RedForce,,14,Nongshim RedForce
https://www.vlr.gg/508840/gen-g-vs-nongshim-redforce-vct-2025-pacific-stage-2-w4,AllMaps,Gen.G,0,21,Nongshim RedForce,2,27,Nongshim RedForce
https://www.vlr.gg/508842/drx-vs-global-esports-vct-2025-pacific-stage-2-w4,Lotus,Kiwoom DRX,,13,Global Esports,,10,Kiwoom DRX
https://www.vlr.gg/508842/drx-vs-global-esports-vct-2025-pacific-stage-2-w4,Icebox,Kiwoom DRX,,13,Global Esports,,10,Kiwoom DRX
https://www.vlr.gg/508842/drx-vs-global-esports-vct-2025-pacific-stage-2-w4,AllMaps,Kiwoom DRX,2,26,Global Esports,0,20,Kiwoom DRX
https://www.vlr.gg/508844/rex-regum-qeon-vs-team-secret-vct-2025-pacific-stage-2-w4,Ascent,Rex Regum Qeon,,13,Team Secret,,15,Team Secret
https://www.vlr.gg/508844/rex-regum-qeon-vs-team-secret-vct-2025-pacific-stage-2-w4,Icebox,Rex Regum Qeon,,13,Team Secret,,4,Rex Regum Qeon
https://www.vlr.gg/508844/rex-regum-qeon-vs-team-secret-vct-2025-pacific-stage-2-w4,Sunset,Rex Regum Qeon,,13,Team Secret,,3,Rex Regum Qeon
https://www.vlr.gg/508844/rex-regum-qeon-vs-team-secret-vct-2025-pacific-stage-2-w4,AllMaps,Rex Regum Qeon,2,39,Team Secret,1,22,Rex Regum Qeon
https://www.vlr.gg/508815/boom-esports-vs-talon-vct-2025-pacific-stage-2-w1,Bind,BOOM Esports,,8,TALON,,13,TALON
https://www.vlr.gg/508815/boom-esports-vs-talon-vct-2025-pacific-stage-2-w1,Icebox,BOOM Esports,,3,TALON,,13,TALON
https://www.vlr.gg/508815/boom-esports-vs-talon-vct-2025-pacific-stage-2-w1,AllMaps,BOOM Esports,0,11,TALON,2,26,TALON
https://www.vlr.gg/508817/t1-vs-paper-rex-vct-2025-pacific-stage-2-w1,Haven,T1,,15,Paper Rex,,17,Paper Rex
https://www.vlr.gg/508817/t1-vs-paper-rex-vct-2025-pacific-stage-2-w1,Lotus,T1,,12,Paper Rex,,14,Paper Rex
https://www.vlr.gg/508817/t1-vs-paper-rex-vct-2025-pacific-stage-2-w1,AllMaps,T1,0,27,Paper Rex,2,31,Paper Rex
https://www.vlr.gg/508820/zeta-division-vs-detonation-focusme-vct-2025-pacific-stage-2-w1,Haven,ZETA DIVISION,,1,DetonatioN FocusMe,,13,DetonatioN FocusMe
https://www.vlr.gg/508820/zeta-division-vs-detonation-focusme-vct-2025-pacific-stage-2-w1,Lotus,ZETA DIVISION,,13,DetonatioN FocusMe,,1,ZETA DIVISION
https://www.vlr.gg/508820/zeta-division-vs-detonation-focusme-vct-2025-pacific-stage-2-w1,Icebox,ZETA DIVISION,,7,DetonatioN FocusMe,,13,DetonatioN FocusMe
https://www.vlr.gg/508820/zeta-division-vs-detonation-focusme-vct-2025-pacific-stage-2-w1,AllMaps,ZETA DIVISION,1,21,DetonatioN FocusMe,2,27,DetonatioN FocusMe
https://www.vlr.gg/508824/paper-rex-vs-detonation-focusme-vct-2025-pacific-stage-2-w1,Haven,Paper Rex,,13,DetonatioN FocusMe,,7,Paper Rex
https://www.vlr.gg/508824/paper-rex-vs-detonation-focusme-vct-2025-pacific-stage-2-w1,Lotus,Paper Rex,,13,DetonatioN FocusMe,,7,Paper Rex
https://www.vlr.gg/508824/paper-rex-vs-detonation-focusme-vct-2025-pacific-stage-2-w1,AllMaps,Paper Rex,2,26,DetonatioN FocusMe,0,14,Paper Rex
https://www.vlr.gg/508825/talon-vs-zeta-division-vct-2025-pacific-stage-2-w1,Icebox,TALON,,13,ZETA DIVISION,,5,TALON
https://www.vlr.gg/508825/talon-vs-zeta-division-vct-2025-pacific-stage-2-w1,Bind,TALON,,13,ZETA DIVISION,,6,TALON
https://www.vlr.gg/508825/talon-vs-zeta-division-vct-2025-pacific-stage-2-w1,AllMaps,TALON,2,26,ZETA DIVISION,0,11,TALON
https://www.vlr.gg/508829/talon-vs-detonation-focusme-vct-2025-pacific-stage-2-w2,Corrode,TALON,,13,DetonatioN FocusMe,,9,TALON
https://www.vlr.gg/508829/talon-vs-detonation-focusme-vct-2025-pacific-stage-2-w2,Icebox,TALON,,8,DetonatioN FocusMe,,13,DetonatioN FocusMe
https://www.vlr.gg/508829/talon-vs-detonation-focusme-vct-2025-pacific-stage-2-w2,Sunset,TALON,,9,DetonatioN FocusMe,,13,DetonatioN FocusMe
https://www.vlr.gg/508829/talon-vs-detonation-focusme-vct-2025-pacific-stage-2-w2,AllMaps,TALON,1,30,DetonatioN FocusMe,2,35,DetonatioN FocusMe
https://www.vlr.gg/508830/t1-vs-zeta-division-vct-2025-pacific-stage-2-w2,Corrode,T1,,13,ZETA DIVISION,,8,T1
https://www.vlr.gg/508830/t1-vs-zeta-division-vct-2025-pacific-stage-2-w2,Sunset,T1,,13,ZETA DIVISION,,6,T1
https://www.vlr.gg/508830/t1-vs-zeta-division-vct-2025-pacific-stage-2-w2,AllMaps,T1,2,26,ZETA DIVISION,0,14,T1
https://www.vlr.gg/508833/boom-esports-vs-paper-rex-vct-2025-pacific-stage-2-w2,Bind,BOOM Esports,,8,Paper Rex,,13,Paper Rex
https://www.vlr.gg/508833/boom-esports-vs-paper-rex-vct-2025-pacific-stage-2-w2,Lotus,BOOM Esports,,10,Paper Rex,,13,Paper Rex
https://www.vlr.gg/508833/boom-esports-vs-paper-rex-vct-2025-pacific-stage-2-w2,AllMaps,BOOM Esports,0,18,Paper Rex,2,26,Paper Rex
https://www.vlr.gg/508835/talon-vs-t1-vct-2025-pacific-stage-2-w3,Corrode,TALON,,13,T1,,10,TALON
https://www.vlr.gg/508835/talon-vs-t1-vct-2025-pacific-stage-2-w3,Lotus,TALON,,13,T1,,6,TALON
https://www.vlr.gg/508835/talon-vs-t1-vct-2025-pacific-stage-2-w3,AllMaps,TALON,2,26,T1,0,16,TALON
https://www.vlr.gg/508836/boom-esports-vs-detonation-focusme-vct-2025-pacific-stage-2-w3,Lotus,BOOM Esports,,10,DetonatioN FocusMe,,13,DetonatioN FocusMe
https://www.vlr.gg/508836/boom-esports-vs-detonation-focusme-vct-2025-pacific-stage-2-w3,Corrode,BOOM Esports,,2,DetonatioN FocusMe,,13,DetonatioN FocusMe
https://www.vlr.gg/508836/boom-esports-vs-detonation-focusme-vct-2025-pacific-stage-2-w3,AllMaps,BOOM Esports,0,12,DetonatioN FocusMe,2,26,DetonatioN FocusMe
https://www.vlr.gg/508839/paper-rex-vs-zeta-division-vct-2025-pacific-stage-2-w3,Lotus,Paper Rex,,9,ZETA DIVISION,,13,ZETA DIVISION
https://www.vlr.gg/508839/paper-rex-vs-zeta-division-vct-2025-pacific-stage-2-w3,Sunset,Paper Rex,,7,ZETA DIVISION,,13,ZETA DIVISION
https://www.vlr.gg/508839/paper-rex-vs-zeta-division-vct-2025-pacific-stage-2-w3,AllMaps,Paper Rex,0,16,ZETA DIVISION,2,26,ZETA DIVISION
https://www.vlr.gg/508841/talon-vs-paper-rex-vct-2025-pacific-stage-2-w4,Bind,TALON,,11,Paper Rex,,13,Paper Rex
https://www.vlr.gg/508841/talon-vs-paper-rex-vct-2025-pacific-stage-2-w4,Icebox,TALON,,14,Paper Rex,,16,Paper Rex
https://www.vlr.gg/508841/talon-vs-paper-rex-vct-2025-pacific-stage-2-w4,AllMaps,TALON,0,25,Paper Rex,2,29,Paper Rex
https://www.vlr.gg/508843/boom-esports-vs-zeta-division-vct-2025-pacific-stage-2-w4,Lotus,BOOM Esports,,15,ZETA DIVISION,,13,BOOM Esports
https://www.vlr.gg/508843/boom-esports-vs-zeta-division-vct-2025-pacific-stage-2-w4,Corrode,BOOM Esports,,9,ZETA DIVISION,,13,ZETA DIVISION
https://www.vlr.gg/508843/boom-esports-vs-zeta-division-vct-2025-pacific-stage-2-w4,Ascent,BOOM Esports,,8,ZETA DIVISION,,13,ZETA DIVISION
https://www.vlr.gg/508843/boom-esports-vs-zeta-division-vct-2025-pacific-stage-2-w4,AllMaps,BOOM Esports,1,32,ZETA DIVISION,2,39,ZETA DIVISION
https://www.vlr.gg/508845/t1-vs-detonation-focusme-vct-2025-pacific-stage-2-w4,Sunset,T1,,13,DetonatioN FocusMe,,6,T1
https://www.vlr.gg/508845/t1-vs-detonation-focusme-vct-2025-pacific-stage-2-w4,Haven,T1,,13,DetonatioN FocusMe,,9,T1
https://www.vlr.gg/508845/t1-vs-detonation-focusme-vct-2025-pacific-stage-2-w4,AllMaps,T1,2,26,DetonatioN FocusMe,0,15,T1
https://www.vlr.gg/530354/talon-vs-nongshim-redforce-vct-2025-pacific-stage-2-ur1,Lotus,TALON,,13,Nongshim RedForce,,5,TALON
https://www.vlr.gg/530354/talon-vs-nongshim-redforce-vct-2025-pacific-stage-2-ur1,Corrode,TALON,,16,Nongshim RedForce,,14,TALON
https://www.vlr.gg/530354/talon-vs-nongshim-redforce-vct-2025-pacific-stage-2-ur1,AllMaps,TALON,2,29,Nongshim RedForce,0,19,TALON
https://www.vlr.gg/530355/rex-regum-qeon-vs-t1-vct-2025-pacific-stage-2-ur1,Bind,Rex Regum Qeon,,9,T1,,13,T1
https://www.vlr.gg/530355/rex-regum-qeon-vs-t1-vct-2025-pacific-stage-2-ur1,Haven,Rex Regum Qeon,,13,T1,,7,Rex Regum Qeon
https://www.vlr.gg/530355/rex-regum-qeon-vs-t1-vct-2025-pacific-stage-2-ur1,Sunset,Rex Regum Qeon,,8,T1,,13,T1
https://www.vlr.gg/530355/rex-regum-qeon-vs-t1-vct-2025-pacific-stage-2-ur1,AllMaps,Rex Regum Qeon,1,30,T1,2,33,T1
https://www.vlr.gg/530358/nongshim-redforce-vs-detonation-focusme-vct-2025-pacific-stage-2-lr1,Lotus,Nongshim RedForce,,13,DetonatioN FocusMe,,6,Nongshim RedForce
https://www.vlr.gg/530358/nongshim-redforce-vs-detonation-focusme-vct-2025-pacific-stage-2-lr1,Ascent,Nongshim RedForce,,13,DetonatioN FocusMe,,10,Nongshim RedForce
https://www.vlr.gg/530358/nongshim-redforce-vs-detonation-focusme-vct-2025-pacific-stage-2-lr1,AllMaps,Nongshim RedForce,2,26,DetonatioN FocusMe,0,16,Nongshim RedForce
https://www.vlr.gg/530359/rex-regum-qeon-vs-gen-g-vct-2025-pacific-stage-2-lr1,Haven,Rex Regum Qeon,,10,Gen.G,,13,Gen.G
https://www.vlr.gg/530359/rex-regum-qeon-vs-gen-g-vct-2025-pacific-stage-2-lr1,Sunset,Rex Regum Qeon,,13,Gen.G,,11,Rex Regum Qeon
https://www.vlr.gg/530359/rex-regum-qeon-vs-gen-g-vct-2025-pacific-stage-2-lr1,Corrode,Rex Regum Qeon,,13,Gen.G,,6,Rex Regum Qeon
https://www.vlr.gg/530359/rex-regum-qeon-vs-gen-g-vct-2025-pacific-stage-2-lr1,AllMaps,Rex Regum Qeon,2,36,Gen.G,1,30,Rex Regum Qeon
https://www.vlr.gg/530356/drx-vs-talon-vct-2025-pacific-stage-2-ubsf,Bind,Kiwoom DRX,,13,TALON,,11,Kiwoom DRX
https://www.vlr.gg/530356/drx-vs-talon-vct-2025-pacific-stage-2-ubsf,Haven,Kiwoom DRX,,9,TALON,,13,TALON
https://www.vlr.gg/530356/drx-vs-talon-vct-2025-pacific-stage-2-ubsf,Lotus,Kiwoom DRX,,7,TALON,,13,TALON
https://www.vlr.gg/530356/drx-vs-talon-vct-2025-pacific-stage-2-ubsf,AllMaps,Kiwoom DRX,1,29,TALON,2,37,TALON
https://www.vlr.gg/530357/paper-rex-vs-t1-vct-2025-pacific-stage-2-ubsf,Sunset,Paper Rex,,13,T1,,8,Paper Rex
https://www.vlr.gg/530357/paper-rex-vs-t1-vct-2025-pacific-stage-2-ubsf,Bind,Paper Rex,,13,T1,,6,Paper Rex
https://www.vlr.gg/530357/paper-rex-vs-t1-vct-2025-pacific-stage-2-ubsf,AllMaps,Paper Rex,2,26,T1,0,14,Paper Rex
https://www.vlr.gg/530360/t1-vs-nongshim-redforce-vct-2025-pacific-stage-2-lr2,Ascent,T1,,13,Nongshim RedForce,,9,T1
https://www.vlr.gg/530360/t1-vs-nongshim-redforce-vct-2025-pacific-stage-2-lr2,Lotus,T1,,13,Nongshim RedForce,,6,T1
https://www.vlr.gg/530360/t1-vs-nongshim-redforce-vct-2025-pacific-stage-2-lr2,AllMaps,T1,2,26,Nongshim RedForce,0,15,T1
https://www.vlr.gg/530361/drx-vs-rex-regum-qeon-vct-2025-pacific-stage-2-lr2,Icebox,Kiwoom DRX,,7,Rex Regum Qeon,,13,Rex Regum Qeon
https://www.vlr.gg/530361/drx-vs-rex-regum-qeon-vct-2025-pacific-stage-2-lr2,Corrode,Kiwoom DRX,,9,Rex Regum Qeon,,13,Rex Regum Qeon
https://www.vlr.gg/530361/drx-vs-rex-regum-qeon-vct-2025-pacific-stage-2-lr2,AllMaps,Kiwoom DRX,0,16,Rex Regum Qeon,2,26,Rex Regum Qeon
https://www.vlr.gg/530362/talon-vs-paper-rex-vct-2025-pacific-stage-2-ubf,Haven,TALON,,11,Paper Rex,,13,Paper Rex
https://www.vlr.gg/530362/talon-vs-paper-rex-vct-2025-pacific-stage-2-ubf,Bind,TALON,,7,Paper Rex,,13,Paper Rex
https://www.vlr.gg/530362/talon-vs-paper-rex-vct-2025-pacific-stage-2-ubf,AllMaps,TALON,0,18,Paper Rex,2,26,Paper Rex
https://www.vlr.gg/530363/t1-vs-rex-regum-qeon-vct-2025-pacific-stage-2-lr3,Sunset,T1,,13,Rex Regum Qeon,,11,T1
https://www.vlr.gg/530363/t1-vs-rex-regum-qeon-vct-2025-pacific-stage-2-lr3,Haven,T1,,13,Rex Regum Qeon,,15,Rex Regum Qeon
https://www.vlr.gg/530363/t1-vs-rex-regum-qeon-vct-2025-pacific-stage-2-lr3,Ascent,T1,,7,Rex Regum Qeon,,13,Rex Regum Qeon
https://www.vlr.gg/530363/t1-vs-rex-regum-qeon-vct-2025-pacific-stage-2-lr3,AllMaps,T1,1,33,Rex Regum Qeon,2,39,Rex Regum Qeon
https://www.vlr.gg/530364/talon-vs-rex-regum-qeon-vct-2025-pacific-stage-2-lf,Bind,TALON,,13,Rex Regum Qeon,,4,TALON
https://www.vlr.gg/530364/talon-vs-rex-regum-qeon-vct-2025-pacific-stage-2-lf,Haven,TALON,,13,Rex Regum Qeon,,7,TALON
https://www.vlr.gg/530364/talon-vs-rex-regum-qeon-vct-2025-pacific-stage-2-lf,Corrode,TALON,,10,Rex Regum Qeon,,13,Rex Regum Qeon
https://www.vlr.gg/530364/talon-vs-rex-regum-qeon-vct-2025-pacific-stage-2-lf,Icebox,TALON,,6,Rex Regum Qeon,,13,Rex Regum Qeon
https://www.vlr.gg/530364/talon-vs-rex-regum-qeon-vct-2025-pacific-stage-2-lf,Sunset,TALON,,12,Rex Regum Qeon,,14,Rex Regum Qeon
https://www.vlr.gg/530364/talon-vs-rex-regum-qeon-vct-2025-pacific-stage-2-lf,AllMaps,TALON,2,54,Rex Regum Qeon,3,51,Rex Regum Qeon
https://www.vlr.gg/530365/paper-rex-vs-rex-regum-qeon-vct-2025-pacific-stage-2-gf,Ascent,Paper Rex,,13,Rex Regum Qeon,,7,Paper Rex
https://www.vlr.gg/530365/paper-rex-vs-rex-regum-qeon-vct-2025-pacific-stage-2-gf,Lotus,Paper Rex,,6,Rex Regum Qeon,,13,Rex Regum Qeon
https://www.vlr.gg/530365/paper-rex-vs-rex-regum-qeon-vct-2025-pacific-stage-2-gf,Haven,Paper Rex,,13,Rex Regum Qeon,,7,Paper Rex
https://www.vlr.gg/530365/paper-rex-vs-rex-regum-qeon-vct-2025-pacific-stage-2-gf,Bind,Paper Rex,,13,Rex Regum Qeon,,8,Paper Rex
https://www.vlr.gg/530365/paper-rex-vs-rex-regum-qeon-vct-2025-pacific-stage-2-gf,AllMaps,Paper Rex,3,45,Rex Regum Qeon,1,35,Paper Rex
https://www.vlr.gg/595630/nongshim-redforce-vs-team-secret-vct-2026-pacific-kickoff-ur1,Haven,Nongshim RedForce,,13,Team Secret,,5,Nongshim RedForce
https://www.vlr.gg/595630/nongshim-redforce-vs-team-secret-vct-2026-pacific-kickoff-ur1,Split,Nongshim RedForce,,13,Team Secret,,8,Nongshim RedForce
https://www.vlr.gg/595630/nongshim-redforce-vs-team-secret-vct-2026-pacific-kickoff-ur1,AllMaps,Nongshim RedForce,2,26,Team Secret,0,13,Nongshim RedForce
https://www.vlr.gg/595631/zeta-division-vs-full-sense-vct-2026-pacific-kickoff-ur1,Corrode,ZETA DIVISION,,4,FULL SENSE,,13,FULL SENSE
https://www.vlr.gg/595631/zeta-division-vs-full-sense-vct-2026-pacific-kickoff-ur1,Split,ZETA DIVISION,,2,FULL SENSE,,13,FULL SENSE
https://www.vlr.gg/595631/zeta-division-vs-full-sense-vct-2026-pacific-kickoff-ur1,AllMaps,ZETA DIVISION,0,6,FULL SENSE,2,26,FULL SENSE
https://www.vlr.gg/595632/varrel-vs-global-esports-vct-2026-pacific-kickoff-ur1,Abyss,VARREL,,7,Global Esports,,13,Global Esports
https://www.vlr.gg/595632/varrel-vs-global-esports-vct-2026-pacific-kickoff-ur1,Split,VARREL,,7,Global Esports,,13,Global Esports
https://www.vlr.gg/595632/varrel-vs-global-esports-vct-2026-pacific-kickoff-ur1,AllMaps,VARREL,0,14,Global Esports,2,26,Global Esports
https://www.vlr.gg/595633/detonation-focusme-vs-gen-g-vct-2026-pacific-kickoff-ur1,Abyss,DetonatioN FocusMe,,13,Gen.G,,8,DetonatioN FocusMe
https://www.vlr.gg/595633/detonation-focusme-vs-gen-g-vct-2026-pacific-kickoff-ur1,Pearl,DetonatioN FocusMe,,13,Gen.G,,10,DetonatioN FocusMe
https://www.vlr.gg/595633/detonation-focusme-vs-gen-g-vct-2026-pacific-kickoff-ur1,AllMaps,DetonatioN FocusMe,2,26,Gen.G,0,18,DetonatioN FocusMe
https://www.vlr.gg/595641/team-secret-vs-detonation-focusme-vct-2026-pacific-kickoff-mr1,Split,Team Secret,,2,DetonatioN FocusMe,,13,DetonatioN FocusMe
https://www.vlr.gg/595641/team-secret-vs-detonation-focusme-vct-2026-pacific-kickoff-mr1,Bind,Team Secret,,8,DetonatioN FocusMe,,13,DetonatioN FocusMe
https://www.vlr.gg/595641/team-secret-vs-detonation-focusme-vct-2026-pacific-kickoff-mr1,AllMaps,Team Secret,0,10,DetonatioN FocusMe,2,26,DetonatioN FocusMe
https://www.vlr.gg/595642/zeta-division-vs-global-esports-vct-2026-pacific-kickoff-mr1,Haven,ZETA DIVISION,,11,Global Esports,,13,Global Esports
https://www.vlr.gg/595642/zeta-division-vs-global-esports-vct-2026-pacific-kickoff-mr1,Abyss,ZETA DIVISION,,9,Global Esports,,13,Global Esports
https://www.vlr.gg/595642/zeta-division-vs-global-esports-vct-2026-pacific-kickoff-mr1,AllMaps,ZETA DIVISION,0,20,Global Esports,2,26,Global Esports
https://www.vlr.gg/595643/varrel-vs-drx-vct-2026-pacific-kickoff-mr1,Corrode,VARREL,,13,Kiwoom DRX,,10,VARREL
https://www.vlr.gg/595643/varrel-vs-drx-vct-2026-pacific-kickoff-mr1,Split,VARREL,,10,Kiwoom DRX,,13,Kiwoom DRX
https://www.vlr.gg/595643/varrel-vs-drx-vct-2026-pacific-kickoff-mr1,Bind,VARREL,,5,Kiwoom DRX,,13,Kiwoom DRX
https://www.vlr.gg/595643/varrel-vs-drx-vct-2026-pacific-kickoff-mr1,AllMaps,VARREL,1,28,Kiwoom DRX,2,36,Kiwoom DRX
https://www.vlr.gg/595644/gen-g-vs-t1-vct-2026-pacific-kickoff-mr1,Breeze,Gen.G,,13,T1,,7,Gen.G
https://www.vlr.gg/595644/gen-g-vs-t1-vct-2026-pacific-kickoff-mr1,Bind,Gen.G,,8,T1,,13,T1
https://www.vlr.gg/595644/gen-g-vs-t1-vct-2026-pacific-kickoff-mr1,Haven,Gen.G,,9,T1,,13,T1
https://www.vlr.gg/595644/gen-g-vs-t1-vct-2026-pacific-kickoff-mr1,AllMaps,Gen.G,1,30,T1,2,33,T1
https://www.vlr.gg/595651/team-secret-vs-zeta-division-vct-2026-pacific-kickoff-lr1,Bind,Team Secret,,13,ZETA DIVISION,,4,Team Secret
https://www.vlr.gg/595651/team-secret-vs-zeta-division-vct-2026-pacific-kickoff-lr1,Split,Team Secret,,4,ZETA DIVISION,,13,ZETA DIVISION
https://www.vlr.gg/595651/team-secret-vs-zeta-division-vct-2026-pacific-kickoff-lr1,Abyss,Team Secret,,11,ZETA DIVISION,,13,ZETA DIVISION
https://www.vlr.gg/595651/team-secret-vs-zeta-division-vct-2026-pacific-kickoff-lr1,AllMaps,Team Secret,1,28,ZETA DIVISION,2,30,ZETA DIVISION
https://www.vlr.gg/595652/varrel-vs-gen-g-vct-2026-pacific-kickoff-lr1,Breeze,VARREL,,10,Gen.G,,13,Gen.G
https://www.vlr.gg/595652/varrel-vs-gen-g-vct-2026-pacific-kickoff-lr1,Pearl,VARREL,,20,Gen.G,,18,VARREL
https://www.vlr.gg/595652/varrel-vs-gen-g-vct-2026-pacific-kickoff-lr1,Haven,VARREL,,9,Gen.G,,13,Gen.G
https://www.vlr.gg/595652/varrel-vs-gen-g-vct-2026-pacific-kickoff-lr1,AllMaps,VARREL,1,39,Gen.G,2,44,Gen.G
https://www.vlr.gg/595634/t1-vs-nongshim-redforce-vct-2026-pacific-kickoff-ur2,Haven,T1,,4,Nongshim RedForce,,13,Nongshim RedForce
https://www.vlr.gg/595634/t1-vs-nongshim-redforce-vct-2026-pacific-kickoff-ur2,Corrode,T1,,9,Nongshim RedForce,,13,Nongshim RedForce
https://www.vlr.gg/595634/t1-vs-nongshim-redforce-vct-2026-pacific-kickoff-ur2,Split,T1,,13,Nongshim RedForce,,9,T1
https://www.vlr.gg/595634/t1-vs-nongshim-redforce-vct-2026-pacific-kickoff-ur2,AllMaps,T1,1,26,Nongshim RedForce,2,35,Nongshim RedForce
https://www.vlr.gg/595635/drx-vs-full-sense-vct-2026-pacific-kickoff-ur2,Breeze,Kiwoom DRX,,13,FULL SENSE,,10,Kiwoom DRX
https://www.vlr.gg/595635/drx-vs-full-sense-vct-2026-pacific-kickoff-ur2,Pearl,Kiwoom DRX,,8,FULL SENSE,,13,FULL SENSE
https://www.vlr.gg/595635/drx-vs-full-sense-vct-2026-pacific-kickoff-ur2,Split,Kiwoom DRX,,8,FULL SENSE,,13,FULL SENSE
https://www.vlr.gg/595635/drx-vs-full-sense-vct-2026-pacific-kickoff-ur2,AllMaps,Kiwoom DRX,1,29,FULL SENSE,2,36,FULL SENSE
https://www.vlr.gg/595636/paper-rex-vs-global-esports-vct-2026-pacific-kickoff-ur2,Breeze,Paper Rex,,13,Global Esports,,10,Paper Rex
https://www.vlr.gg/595636/paper-rex-vs-global-esports-vct-2026-pacific-kickoff-ur2,Split,Paper Rex,,5,Global Esports,,13,Global Esports
https://www.vlr.gg/595636/paper-rex-vs-global-esports-vct-2026-pacific-kickoff-ur2,Bind,Paper Rex,,13,Global Esports,,10,Paper Rex
https://www.vlr.gg/595636/paper-rex-vs-global-esports-vct-2026-pacific-kickoff-ur2,AllMaps,Paper Rex,2,31,Global Esports,1,33,Paper Rex
https://www.vlr.gg/595637/rex-regum-qeon-vs-detonation-focusme-vct-2026-pacific-kickoff-ur2,Haven,Rex Regum Qeon,,13,DetonatioN FocusMe,,10,Rex Regum Qeon
https://www.vlr.gg/595637/rex-regum-qeon-vs-detonation-focusme-vct-2026-pacific-kickoff-ur2,Corrode,Rex Regum Qeon,,13,DetonatioN FocusMe,,5,Rex Regum Qeon
https://www.vlr.gg/595637/rex-regum-qeon-vs-detonation-focusme-vct-2026-pacific-kickoff-ur2,AllMaps,Rex Regum Qeon,2,26,DetonatioN FocusMe,0,15,Rex Regum Qeon
https://www.vlr.gg/595645/detonation-focusme-vs-global-esports-vct-2026-pacific-kickoff-mr2,Breeze,DetonatioN FocusMe,,3,Global Esports,,13,Global Esports
https://www.vlr.gg/595645/detonation-focusme-vs-global-esports-vct-2026-pacific-kickoff-mr2,Pearl,DetonatioN FocusMe,,13,Global Esports,,9,DetonatioN FocusMe
https://www.vlr.gg/595645/detonation-focusme-vs-global-esports-vct-2026-pacific-kickoff-mr2,Split,DetonatioN FocusMe,,13,Global Esports,,8,DetonatioN FocusMe
https://www.vlr.gg/595645/detonation-focusme-vs-global-esports-vct-2026-pacific-kickoff-mr2,AllMaps,DetonatioN FocusMe,2,29,Global Esports,1,30,DetonatioN FocusMe
https://www.vlr.gg/595646/drx-vs-t1-vct-2026-pacific-kickoff-mr2,Split,Kiwoom DRX,,8,T1,,13,T1
https://www.vlr.gg/595646/drx-vs-t1-vct-2026-pacific-kickoff-mr2,Bind,Kiwoom DRX,,8,T1,,13,T1
https://www.vlr.gg/595646/drx-vs-t1-vct-2026-pacific-kickoff-mr2,AllMaps,Kiwoom DRX,0,16,T1,2,26,T1
https://www.vlr.gg/595653/drx-vs-zeta-division-vct-2026-pacific-kickoff-lr2,Haven,Kiwoom DRX,,13,ZETA DIVISION,,7,Kiwoom DRX
https://www.vlr.gg/595653/drx-vs-zeta-division-vct-2026-pacific-kickoff-lr2,Bind,Kiwoom DRX,,7,ZETA DIVISION,,13,ZETA DIVISION
https://www.vlr.gg/595653/drx-vs-zeta-division-vct-2026-pacific-kickoff-lr2,Split,Kiwoom DRX,,13,ZETA DIVISION,,9,Kiwoom DRX
https://www.vlr.gg/595653/drx-vs-zeta-division-vct-2026-pacific-kickoff-lr2,AllMaps,Kiwoom DRX,2,33,ZETA DIVISION,1,29,Kiwoom DRX
https://www.vlr.gg/595654/global-esports-vs-gen-g-vct-2026-pacific-kickoff-lr2,Breeze,Global Esports,,13,Gen.G,,15,Gen.G
https://www.vlr.gg/595654/global-esports-vs-gen-g-vct-2026-pacific-kickoff-lr2,Abyss,Global Esports,,13,Gen.G,,11,Global Esports
https://www.vlr.gg/595654/global-esports-vs-gen-g-vct-2026-pacific-kickoff-lr2,Haven,Global Esports,,13,Gen.G,,11,Global Esports
https://www.vlr.gg/595654/global-esports-vs-gen-g-vct-2026-pacific-kickoff-lr2,AllMaps,Global Esports,2,39,Gen.G,1,37,Global Esports
https://www.vlr.gg/595656/paper-rex-vs-global-esports-vct-2026-pacific-kickoff-lr3,Corrode,Paper Rex,,13,Global Esports,,10,Paper Rex
https://www.vlr.gg/595656/paper-rex-vs-global-esports-vct-2026-pacific-kickoff-lr3,Breeze,Paper Rex,,6,Global Esports,,13,Global Esports
https://www.vlr.gg/595656/paper-rex-vs-global-esports-vct-2026-pacific-kickoff-lr3,Split,Paper Rex,,14,Global Esports,,12,Paper Rex
https://www.vlr.gg/595656/paper-rex-vs-global-esports-vct-2026-pacific-kickoff-lr3,AllMaps,Paper Rex,2,33,Global Esports,1,35,Paper Rex
https://www.vlr.gg/595655/full-sense-vs-drx-vct-2026-pacific-kickoff-lr3,Corrode,FULL SENSE,,3,Kiwoom DRX,,13,Kiwoom DRX
https://www.vlr.gg/595655/full-sense-vs-drx-vct-2026-pacific-kickoff-lr3,Abyss,FULL SENSE,,9,Kiwoom DRX,,13,Kiwoom DRX
https://www.vlr.gg/595655/full-sense-vs-drx-vct-2026-pacific-kickoff-lr3,AllMaps,FULL SENSE,0,12,Kiwoom DRX,2,26,Kiwoom DRX
https://www.vlr.gg/595648/paper-rex-vs-t1-vct-2026-pacific-kickoff-mr3,Pearl,Paper Rex,,13,T1,,10,Paper Rex
https://www.vlr.gg/595648/paper-rex-vs-t1-vct-2026-pacific-kickoff-mr3,Breeze,Paper Rex,,9,T1,,13,T1
https://www.vlr.gg/595648/paper-rex-vs-t1-vct-2026-pacific-kickoff-mr3,Bind,Paper Rex,,8,T1,,13,T1
https://www.vlr.gg/595648/paper-rex-vs-t1-vct-2026-pacific-kickoff-mr3,AllMaps,Paper Rex,1,30,T1,2,36,T1
https://www.vlr.gg/595647/full-sense-vs-detonation-focusme-vct-2026-pacific-kickoff-mr3,Pearl,FULL SENSE,,13,DetonatioN FocusMe,,7,FULL SENSE
https://www.vlr.gg/595647/full-sense-vs-detonation-focusme-vct-2026-pacific-kickoff-mr3,Split,FULL SENSE,,9,DetonatioN FocusMe,,13,DetonatioN FocusMe
https://www.vlr.gg/595647/full-sense-vs-detonation-focusme-vct-2026-pacific-kickoff-mr3,Haven,FULL SENSE,,6,DetonatioN FocusMe,,13,DetonatioN FocusMe
https://www.vlr.gg/595647/full-sense-vs-detonation-focusme-vct-2026-pacific-kickoff-mr3,AllMaps,FULL SENSE,1,28,DetonatioN FocusMe,2,33,DetonatioN FocusMe
https://www.vlr.gg/595639/paper-rex-vs-rex-regum-qeon-vct-2026-pacific-kickoff-ur3,Bind,Paper Rex,,6,Rex Regum Qeon,,13,Rex Regum Qeon
https://www.vlr.gg/595639/paper-rex-vs-rex-regum-qeon-vct-2026-pacific-kickoff-ur3,Pearl,Paper Rex,,5,Rex Regum Qeon,,13,Rex Regum Qeon
https://www.vlr.gg/595639/paper-rex-vs-rex-regum-qeon-vct-2026-pacific-kickoff-ur3,AllMaps,Paper Rex,0,11,Rex Regum Qeon,2,26,Rex Regum Qeon
https://www.vlr.gg/595638/nongshim-redforce-vs-full-sense-vct-2026-pacific-kickoff-ur3,Split,Nongshim RedForce,,14,FULL SENSE,,12,Nongshim RedForce
https://www.vlr.gg/595638/nongshim-redforce-vs-full-sense-vct-2026-pacific-kickoff-ur3,Bind,Nongshim RedForce,,13,FULL SENSE,,2,Nongshim RedForce
https://www.vlr.gg/595638/nongshim-redforce-vs-full-sense-vct-2026-pacific-kickoff-ur3,AllMaps,Nongshim RedForce,2,27,FULL SENSE,0,14,Nongshim RedForce
https://www.vlr.gg/595649/detonation-focusme-vs-t1-vct-2026-pacific-kickoff-mr4,Pearl,DetonatioN FocusMe,,7,T1,,13,T1
https://www.vlr.gg/595649/detonation-focusme-vs-t1-vct-2026-pacific-kickoff-mr4,Split,DetonatioN FocusMe,,10,T1,,13,T1
https://www.vlr.gg/595649/detonation-focusme-vs-t1-vct-2026-pacific-kickoff-mr4,AllMaps,DetonatioN FocusMe,0,17,T1,2,26,T1
https://www.vlr.gg/595657/drx-vs-paper-rex-vct-2026-pacific-kickoff-lr4,Haven,Kiwoom DRX,,11,Paper Rex,,13,Paper Rex
https://www.vlr.gg/595657/drx-vs-paper-rex-vct-2026-pacific-kickoff-lr4,Corrode,Kiwoom DRX,,13,Paper Rex,,8,Kiwoom DRX
https://www.vlr.gg/595657/drx-vs-paper-rex-vct-2026-pacific-kickoff-lr4,Breeze,Kiwoom DRX,,10,Paper Rex,,13,Paper Rex
https://www.vlr.gg/595657/drx-vs-paper-rex-vct-2026-pacific-kickoff-lr4,AllMaps,Kiwoom DRX,1,34,Paper Rex,2,34,Paper Rex
https://www.vlr.gg/595658/detonation-focusme-vs-paper-rex-vct-2026-pacific-kickoff-lr5,Haven,DetonatioN FocusMe,,11,Paper Rex,,13,Paper Rex
https://www.vlr.gg/595658/detonation-focusme-vs-paper-rex-vct-2026-pacific-kickoff-lr5,Split,DetonatioN FocusMe,,2,Paper Rex,,13,Paper Rex
https://www.vlr.gg/595658/detonation-focusme-vs-paper-rex-vct-2026-pacific-kickoff-lr5,AllMaps,DetonatioN FocusMe,0,13,Paper Rex,2,26,Paper Rex
https://www.vlr.gg/595659/rex-regum-qeon-vs-paper-rex-vct-2026-pacific-kickoff-lbf,Haven,Rex Regum Qeon,,8,Paper Rex,,13,Paper Rex
https://www.vlr.gg/595659/rex-regum-qeon-vs-paper-rex-vct-2026-pacific-kickoff-lbf,Corrode,Rex Regum Qeon,,13,Paper Rex,,10,Rex Regum Qeon
https://www.vlr.gg/595659/rex-regum-qeon-vs-paper-rex-vct-2026-pacific-kickoff-lbf,Breeze,Rex Regum Qeon,,10,Paper Rex,,13,Paper Rex
https://www.vlr.gg/595659/rex-regum-qeon-vs-paper-rex-vct-2026-pacific-kickoff-lbf,Pearl,Rex Regum Qeon,,10,Paper Rex,,13,Paper Rex
https://www.vlr.gg/595659/rex-regum-qeon-vs-paper-rex-vct-2026-pacific-kickoff-lbf,AllMaps,Rex Regum Qeon,1,41,Paper Rex,3,49,Paper Rex
https://www.vlr.gg/595650/rex-regum-qeon-vs-t1-vct-2026-pacific-kickoff-mbf,Pearl,Rex Regum Qeon,,7,T1,,13,T1
https://www.vlr.gg/595650/rex-regum-qeon-vs-t1-vct-2026-pacific-kickoff-mbf,Breeze,Rex Regum Qeon,,2,T1,,13,T1
https://www.vlr.gg/595650/rex-regum-qeon-vs-t1-vct-2026-pacific-kickoff-mbf,Abyss,Rex Regum Qeon,,17,T1,,19,T1
https://www.vlr.gg/595650/rex-regum-qeon-vs-t1-vct-2026-pacific-kickoff-mbf,AllMaps,Rex Regum Qeon,0,26,T1,3,45,T1
https://www.vlr.gg/595640/nongshim-redforce-vs-rex-regum-qeon-vct-2026-pacific-kickoff-ubf,Corrode,Nongshim RedForce,,12,Rex Regum Qeon,,14,Rex Regum Qeon
https://www.vlr.gg/595640/nongshim-redforce-vs-rex-regum-qeon-vct-2026-pacific-kickoff-ubf,Bind,Nongshim RedForce,,13,Rex Regum Qeon,,8,Nongshim RedForce
https://www.vlr.gg/595640/nongshim-redforce-vs-rex-regum-qeon-vct-2026-pacific-kickoff-ubf,Haven,Nongshim RedForce,,13,Rex Regum Qeon,,5,Nongshim RedForce
https://www.vlr.gg/595640/nongshim-redforce-vs-rex-regum-qeon-vct-2026-pacific-kickoff-ubf,Abyss,Nongshim RedForce,,11,Rex Regum Qeon,,13,Rex Regum Qeon
https://www.vlr.gg/595640/nongshim-redforce-vs-rex-regum-qeon-vct-2026-pacific-kickoff-ubf,Breeze,Nongshim RedForce,,13,Rex Regum Qeon,,7,Nongshim RedForce
https://www.vlr.gg/595640/nongshim-redforce-vs-rex-regum-qeon-vct-2026-pacific-kickoff-ubf,AllMaps,Nongshim RedForce,3,62,Rex Regum Qeon,2,47,Nongshim RedForce
https://www.vlr.gg/644652/gen-g-vs-global-esports-vct-2026-pacific-stage-1-w1,Bind,Gen.G,,8,Global Esports,,13,Global Esports
https://www.vlr.gg/644652/gen-g-vs-global-esports-vct-2026-pacific-stage-1-w1,Split,Gen.G,,4,Global Esports,,13,Global Esports
https://www.vlr.gg/644652/gen-g-vs-global-esports-vct-2026-pacific-stage-1-w1,AllMaps,Gen.G,0,12,Global Esports,2,26,Global Esports
https://www.vlr.gg/644654/nongshim-redforce-vs-paper-rex-vct-2026-pacific-stage-1-w1,Fracture,Nongshim RedForce,,15,Paper Rex,,13,Nongshim RedForce
https://www.vlr.gg/644654/nongshim-redforce-vs-paper-rex-vct-2026-pacific-stage-1-w1,Split,Nongshim RedForce,,10,Paper Rex,,13,Paper Rex
https://www.vlr.gg/644654/nongshim-redforce-vs-paper-rex-vct-2026-pacific-stage-1-w1,Lotus,Nongshim RedForce,,6,Paper Rex,,13,Paper Rex
https://www.vlr.gg/644654/nongshim-redforce-vs-paper-rex-vct-2026-pacific-stage-1-w1,AllMaps,Nongshim RedForce,1,31,Paper Rex,2,39,Paper Rex
https://www.vlr.gg/644656/team-secret-vs-drx-vct-2026-pacific-stage-1-w1,Pearl,Team Secret,,5,Kiwoom DRX,,13,Kiwoom DRX
https://www.vlr.gg/644656/team-secret-vs-drx-vct-2026-pacific-stage-1-w1,Fracture,Team Secret,,13,Kiwoom DRX,,15,Kiwoom DRX
https://www.vlr.gg/644656/team-secret-vs-drx-vct-2026-pacific-stage-1-w1,AllMaps,Team Secret,0,18,Kiwoom DRX,2,28,Kiwoom DRX
https://www.vlr.gg/644659/nongshim-redforce-vs-drx-vct-2026-pacific-stage-1-w2,Haven,Nongshim RedForce,,11,Kiwoom DRX,,13,Kiwoom DRX
https://www.vlr.gg/644659/nongshim-redforce-vs-drx-vct-2026-pacific-stage-1-w2,Fracture,Nongshim RedForce,,15,Kiwoom DRX,,13,Nongshim RedForce
https://www.vlr.gg/644659/nongshim-redforce-vs-drx-vct-2026-pacific-stage-1-w2,Lotus,Nongshim RedForce,,10,Kiwoom DRX,,13,Kiwoom DRX
https://www.vlr.gg/644659/nongshim-redforce-vs-drx-vct-2026-pacific-stage-1-w2,AllMaps,Nongshim RedForce,1,36,Kiwoom DRX,2,39,Kiwoom DRX
https://www.vlr.gg/644660/team-secret-vs-global-esports-vct-2026-pacific-stage-1-w2,Split,Team Secret,,9,Global Esports,,13,Global Esports
https://www.vlr.gg/644660/team-secret-vs-global-esports-vct-2026-pacific-stage-1-w2,Lotus,Team Secret,,9,Global Esports,,13,Global Esports
https://www.vlr.gg/644660/team-secret-vs-global-esports-vct-2026-pacific-stage-1-w2,AllMaps,Team Secret,0,18,Global Esports,2,26,Global Esports
https://www.vlr.gg/644663/gen-g-vs-paper-rex-vct-2026-pacific-stage-1-w2,Haven,Gen.G,,17,Paper Rex,,15,Gen.G
https://www.vlr.gg/644663/gen-g-vs-paper-rex-vct-2026-pacific-stage-1-w2,Fracture,Gen.G,,3,Paper Rex,,13,Paper Rex
https://www.vlr.gg/644663/gen-g-vs-paper-rex-vct-2026-pacific-stage-1-w2,Lotus,Gen.G,,13,Paper Rex,,3,Gen.G
https://www.vlr.gg/644663/gen-g-vs-paper-rex-vct-2026-pacific-stage-1-w2,AllMaps,Gen.G,2,33,Paper Rex,1,31,Gen.G
https://www.vlr.gg/644666/team-secret-vs-paper-rex-vct-2026-pacific-stage-1-w3,Breeze,Team Secret,,4,Paper Rex,,13,Paper Rex
https://www.vlr.gg/644666/team-secret-vs-paper-rex-vct-2026-pacific-stage-1-w3,Split,Team Secret,,16,Paper Rex,,18,Paper Rex
https://www.vlr.gg/644666/team-secret-vs-paper-rex-vct-2026-pacific-stage-1-w3,AllMaps,Team Secret,0,20,Paper Rex,2,31,Paper Rex
https://www.vlr.gg/644667/kiwoom-drx-vs-global-esports-vct-2026-pacific-stage-1-w3,Fracture,Kiwoom DRX,,13,Global Esports,,8,Kiwoom DRX
https://www.vlr.gg/644667/kiwoom-drx-vs-global-esports-vct-2026-pacific-stage-1-w3,Haven,Kiwoom DRX,,13,Global Esports,,9,Kiwoom DRX
https://www.vlr.gg/644667/kiwoom-drx-vs-global-esports-vct-2026-pacific-stage-1-w3,AllMaps,Kiwoom DRX,2,26,Global Esports,0,17,Kiwoom DRX
https://www.vlr.gg/644670/nongshim-redforce-vs-gen-g-vct-2026-pacific-stage-1-w3,Pearl,Nongshim RedForce,,13,Gen.G,,8,Nongshim RedForce
https://www.vlr.gg/644670/nongshim-redforce-vs-gen-g-vct-2026-pacific-stage-1-w3,Breeze,Nongshim RedForce,,13,Gen.G,,3,Nongshim RedForce
https://www.vlr.gg/644670/nongshim-redforce-vs-gen-g-vct-2026-pacific-stage-1-w3,AllMaps,Nongshim RedForce,2,26,Gen.G,0,11,Nongshim RedForce
https://www.vlr.gg/644672/paper-rex-vs-global-esports-vct-2026-pacific-stage-1-w4,Split,Paper Rex,,13,Global Esports,,3,Paper Rex
https://www.vlr.gg/644672/paper-rex-vs-global-esports-vct-2026-pacific-stage-1-w4,Pearl,Paper Rex,,13,Global Esports,,8,Paper Rex
https://www.vlr.gg/644672/paper-rex-vs-global-esports-vct-2026-pacific-stage-1-w4,AllMaps,Paper Rex,2,26,Global Esports,0,11,Paper Rex
https://www.vlr.gg/644673/gen-g-vs-kiwoom-drx-vct-2026-pacific-stage-1-w4,Haven,Gen.G,,13,Kiwoom DRX,,3,Gen.G
https://www.vlr.gg/644673/gen-g-vs-kiwoom-drx-vct-2026-pacific-stage-1-w4,Pearl,Gen.G,,10,Kiwoom DRX,,13,Kiwoom DRX
https://www.vlr.gg/644673/gen-g-vs-kiwoom-drx-vct-2026-pacific-stage-1-w4,Lotus,Gen.G,,17,Kiwoom DRX,,19,Kiwoom DRX
https://www.vlr.gg/644673/gen-g-vs-kiwoom-drx-vct-2026-pacific-stage-1-w4,AllMaps,Gen.G,1,40,Kiwoom DRX,2,35,Kiwoom DRX
https://www.vlr.gg/644676/nongshim-redforce-vs-team-secret-vct-2026-pacific-stage-1-w4,Breeze,Nongshim RedForce,,13,Team Secret,,8,Nongshim RedForce
https://www.vlr.gg/644676/nongshim-redforce-vs-team-secret-vct-2026-pacific-stage-1-w4,Fracture,Nongshim RedForce,,8,Team Secret,,13,Team Secret
https://www.vlr.gg/644676/nongshim-redforce-vs-team-secret-vct-2026-pacific-stage-1-w4,Pearl,Nongshim RedForce,,13,Team Secret,,5,Nongshim RedForce
https://www.vlr.gg/644676/nongshim-redforce-vs-team-secret-vct-2026-pacific-stage-1-w4,AllMaps,Nongshim RedForce,2,34,Team Secret,1,26,Nongshim RedForce
https://www.vlr.gg/644677/gen-g-vs-team-secret-vct-2026-pacific-stage-1-w5,Split,Gen.G,,11,Team Secret,,13,Team Secret
https://www.vlr.gg/644677/gen-g-vs-team-secret-vct-2026-pacific-stage-1-w5,Lotus,Gen.G,,13,Team Secret,,11,Gen.G
https://www.vlr.gg/644677/gen-g-vs-team-secret-vct-2026-pacific-stage-1-w5,Breeze,Gen.G,,7,Team Secret,,13,Team Secret
https://www.vlr.gg/644677/gen-g-vs-team-secret-vct-2026-pacific-stage-1-w5,AllMaps,Gen.G,1,31,Team Secret,2,37,Team Secret
https://www.vlr.gg/644680/nongshim-redforce-vs-global-esports-vct-2026-pacific-stage-1-w5,Breeze,Nongshim RedForce,,5,Global Esports,,13,Global Esports
https://www.vlr.gg/644680/nongshim-redforce-vs-global-esports-vct-2026-pacific-stage-1-w5,Bind,Nongshim RedForce,,13,Global Esports,,11,Nongshim RedForce
https://www.vlr.gg/644680/nongshim-redforce-vs-global-esports-vct-2026-pacific-stage-1-w5,Haven,Nongshim RedForce,,12,Global Esports,,14,Global Esports
https://www.vlr.gg/644680/nongshim-redforce-vs-global-esports-vct-2026-pacific-stage-1-w5,AllMaps,Nongshim RedForce,1,30,Global Esports,2,38,Global Esports
https://www.vlr.gg/644681/paper-rex-vs-kiwoom-drx-vct-2026-pacific-stage-1-w5,Breeze,Paper Rex,,13,Kiwoom DRX,,5,Paper Rex
https://www.vlr.gg/644681/paper-rex-vs-kiwoom-drx-vct-2026-pacific-stage-1-w5,Lotus,Paper Rex,,13,Kiwoom DRX,,5,Paper Rex
https://www.vlr.gg/644681/paper-rex-vs-kiwoom-drx-vct-2026-pacific-stage-1-w5,AllMaps,Paper Rex,2,26,Kiwoom DRX,0,10,Paper Rex
https://www.vlr.gg/644653/t1-vs-varrel-vct-2026-pacific-stage-1-w1,Haven,T1,,13,VARREL,,11,T1
https://www.vlr.gg/644653/t1-vs-varrel-vct-2026-pacific-stage-1-w1,Pearl,T1,,13,VARREL,,4,T1
https://www.vlr.gg/644653/t1-vs-varrel-vct-2026-pacific-stage-1-w1,AllMaps,T1,2,26,VARREL,0,15,T1
https://www.vlr.gg/644655/full-sense-vs-detonation-focusme-vct-2026-pacific-stage-1-w1,Pearl,FULL SENSE,,13,DetonatioN FocusMe,,6,FULL SENSE
https://www.vlr.gg/644655/full-sense-vs-detonation-focusme-vct-2026-pacific-stage-1-w1,Bind,FULL SENSE,,13,DetonatioN FocusMe,,8,FULL SENSE
https://www.vlr.gg/644655/full-sense-vs-detonation-focusme-vct-2026-pacific-stage-1-w1,AllMaps,FULL SENSE,2,26,DetonatioN FocusMe,0,14,FULL SENSE
https://www.vlr.gg/644657/rex-regum-qeon-vs-zeta-division-vct-2026-pacific-stage-1-w1,Split,Rex Regum Qeon,,7,ZETA DIVISION,,13,ZETA DIVISION
https://www.vlr.gg/644657/rex-regum-qeon-vs-zeta-division-vct-2026-pacific-stage-1-w1,Fracture,Rex Regum Qeon,,13,ZETA DIVISION,,6,Rex Regum Qeon
https://www.vlr.gg/644657/rex-regum-qeon-vs-zeta-division-vct-2026-pacific-stage-1-w1,Haven,Rex Regum Qeon,,13,ZETA DIVISION,,11,Rex Regum Qeon
https://www.vlr.gg/644657/rex-regum-qeon-vs-zeta-division-vct-2026-pacific-stage-1-w1,AllMaps,Rex Regum Qeon,2,33,ZETA DIVISION,1,30,Rex Regum Qeon
https://www.vlr.gg/644658/detonation-focusme-vs-t1-vct-2026-pacific-stage-1-w2,Pearl,DetonatioN FocusMe,,13,T1,,15,T1
https://www.vlr.gg/644658/detonation-focusme-vs-t1-vct-2026-pacific-stage-1-w2,Lotus,DetonatioN FocusMe,,6,T1,,13,T1
https://www.vlr.gg/644658/detonation-focusme-vs-t1-vct-2026-pacific-stage-1-w2,AllMaps,DetonatioN FocusMe,0,19,T1,2,28,T1
https://www.vlr.gg/644661/rex-regum-qeon-vs-varrel-vct-2026-pacific-stage-1-w2,Bind,Rex Regum Qeon,,13,VARREL,,11,Rex Regum Qeon
https://www.vlr.gg/644661/rex-regum-qeon-vs-varrel-vct-2026-pacific-stage-1-w2,Split,Rex Regum Qeon,,16,VARREL,,14,Rex Regum Qeon
https://www.vlr.gg/644661/rex-regum-qeon-vs-varrel-vct-2026-pacific-stage-1-w2,AllMaps,Rex Regum Qeon,2,29,VARREL,0,25,Rex Regum Qeon
https://www.vlr.gg/644662/full-sense-vs-zeta-division-vct-2026-pacific-stage-1-w2,Fracture,FULL SENSE,,13,ZETA DIVISION,,6,FULL SENSE
https://www.vlr.gg/644662/full-sense-vs-zeta-division-vct-2026-pacific-stage-1-w2,Split,FULL SENSE,,13,ZETA DIVISION,,7,FULL SENSE
https://www.vlr.gg/644662/full-sense-vs-zeta-division-vct-2026-pacific-stage-1-w2,AllMaps,FULL SENSE,2,26,ZETA DIVISION,0,13,FULL SENSE
https://www.vlr.gg/644665/full-sense-vs-varrel-vct-2026-pacific-stage-1-w3,Haven,FULL SENSE,,13,VARREL,,5,FULL SENSE
https://www.vlr.gg/644665/full-sense-vs-varrel-vct-2026-pacific-stage-1-w3,Lotus,FULL SENSE,,14,VARREL,,12,FULL SENSE
https://www.vlr.gg/644665/full-sense-vs-varrel-vct-2026-pacific-stage-1-w3,AllMaps,FULL SENSE,2,27,VARREL,0,17,FULL SENSE
https://www.vlr.gg/644668/zeta-division-vs-detonation-focusme-vct-2026-pacific-stage-1-w3,Bind,ZETA DIVISION,,13,DetonatioN FocusMe,,10,ZETA DIVISION
https://www.vlr.gg/644668/zeta-division-vs-detonation-focusme-vct-2026-pacific-stage-1-w3,Lotus,ZETA DIVISION,,7,DetonatioN FocusMe,,13,DetonatioN FocusMe
https://www.vlr.gg/644668/zeta-division-vs-detonation-focusme-vct-2026-pacific-stage-1-w3,Pearl,ZETA DIVISION,,5,DetonatioN FocusMe,,13,DetonatioN FocusMe
https://www.vlr.gg/644668/zeta-division-vs-detonation-focusme-vct-2026-pacific-stage-1-w3,AllMaps,ZETA DIVISION,1,25,DetonatioN FocusMe,2,36,DetonatioN FocusMe
https://www.vlr.gg/644669/rex-regum-qeon-vs-t1-vct-2026-pacific-stage-1-w3,Pearl,Rex Regum Qeon,,8,T1,,13,T1
https://www.vlr.gg/644669/rex-regum-qeon-vs-t1-vct-2026-pacific-stage-1-w3,Bind,Rex Regum Qeon,,10,T1,,13,T1
https://www.vlr.gg/644669/rex-regum-qeon-vs-t1-vct-2026-pacific-stage-1-w3,AllMaps,Rex Regum Qeon,0,18,T1,2,26,T1
https://www.vlr.gg/644671/rex-regum-qeon-vs-full-sense-vct-2026-pacific-stage-1-w4,Pearl,Rex Regum Qeon,,9,FULL SENSE,,13,FULL SENSE
https://www.vlr.gg/644671/rex-regum-qeon-vs-full-sense-vct-2026-pacific-stage-1-w4,Haven,Rex Regum Qeon,,13,FULL SENSE,,10,Rex Regum Qeon
https://www.vlr.gg/644671/rex-regum-qeon-vs-full-sense-vct-2026-pacific-stage-1-w4,Fracture,Rex Regum Qeon,,13,FULL SENSE,,3,Rex Regum Qeon
https://www.vlr.gg/644671/rex-regum-qeon-vs-full-sense-vct-2026-pacific-stage-1-w4,AllMaps,Rex Regum Qeon,2,35,FULL SENSE,1,26,Rex Regum Qeon
https://www.vlr.gg/644674/detonation-focusme-vs-varrel-vct-2026-pacific-stage-1-w4,Lotus,DetonatioN FocusMe,,13,VARREL,,11,DetonatioN FocusMe
https://www.vlr.gg/644674/detonation-focusme-vs-varrel-vct-2026-pacific-stage-1-w4,Haven,DetonatioN FocusMe,,10,VARREL,,13,VARREL
https://www.vlr.gg/644674/detonation-focusme-vs-varrel-vct-2026-pacific-stage-1-w4,Fracture,DetonatioN FocusMe,,13,VARREL,,9,DetonatioN FocusMe
https://www.vlr.gg/644674/detonation-focusme-vs-varrel-vct-2026-pacific-stage-1-w4,AllMaps,DetonatioN FocusMe,2,36,VARREL,1,33,DetonatioN FocusMe
https://www.vlr.gg/644675/t1-vs-zeta-division-vct-2026-pacific-stage-1-w4,Haven,T1,,13,ZETA DIVISION,,6,T1
https://www.vlr.gg/644675/t1-vs-zeta-division-vct-2026-pacific-stage-1-w4,Lotus,T1,,13,ZETA DIVISION,,7,T1
https://www.vlr.gg/644675/t1-vs-zeta-division-vct-2026-pacific-stage-1-w4,AllMaps,T1,2,26,ZETA DIVISION,0,13,T1
https://www.vlr.gg/644678/varrel-vs-zeta-division-vct-2026-pacific-stage-1-w5,Bind,VARREL,,13,ZETA DIVISION,,10,VARREL
https://www.vlr.gg/644678/varrel-vs-zeta-division-vct-2026-pacific-stage-1-w5,Breeze,VARREL,,9,ZETA DIVISION,,13,ZETA DIVISION
https://www.vlr.gg/644678/varrel-vs-zeta-division-vct-2026-pacific-stage-1-w5,Fracture,VARREL,,9,ZETA DIVISION,,13,ZETA DIVISION
https://www.vlr.gg/644678/varrel-vs-zeta-division-vct-2026-pacific-stage-1-w5,AllMaps,VARREL,1,31,ZETA DIVISION,2,36,ZETA DIVISION
https://www.vlr.gg/644679/t1-vs-full-sense-vct-2026-pacific-stage-1-w5,Pearl,T1,,13,FULL SENSE,,5,T1
https://www.vlr.gg/644679/t1-vs-full-sense-vct-2026-pacific-stage-1-w5,Bind,T1,,7,FULL SENSE,,13,FULL SENSE
https://www.vlr.gg/644679/t1-vs-full-sense-vct-2026-pacific-stage-1-w5,Breeze,T1,,13,FULL SENSE,,9,T1
https://www.vlr.gg/644679/t1-vs-full-sense-vct-2026-pacific-stage-1-w5,AllMaps,T1,2,33,FULL SENSE,1,27,T1
https://www.vlr.gg/644682/rex-regum-qeon-vs-detonation-focusme-vct-2026-pacific-stage-1-w5,Haven,Rex Regum Qeon,,12,DetonatioN FocusMe,,14,DetonatioN FocusMe
https://www.vlr.gg/644682/rex-regum-qeon-vs-detonation-focusme-vct-2026-pacific-stage-1-w5,Lotus,Rex Regum Qeon,,14,DetonatioN FocusMe,,12,Rex Regum Qeon
https://www.vlr.gg/644682/rex-regum-qeon-vs-detonation-focusme-vct-2026-pacific-stage-1-w5,Fracture,Rex Regum Qeon,,13,DetonatioN FocusMe,,8,Rex Regum Qeon
https://www.vlr.gg/644682/rex-regum-qeon-vs-detonation-focusme-vct-2026-pacific-stage-1-w5,AllMaps,Rex Regum Qeon,2,39,DetonatioN FocusMe,1,34,Rex Regum Qeon
https://www.vlr.gg/666488/rex-regum-qeon-vs-global-esports-vct-2026-pacific-stage-1-ur1,Breeze,Rex Regum Qeon,,11,Global Esports,,13,Global Esports
https://www.vlr.gg/666488/rex-regum-qeon-vs-global-esports-vct-2026-pacific-stage-1-ur1,Pearl,Rex Regum Qeon,,10,Global Esports,,13,Global Esports
https://www.vlr.gg/666488/rex-regum-qeon-vs-global-esports-vct-2026-pacific-stage-1-ur1,AllMaps,Rex Regum Qeon,0,21,Global Esports,2,26,Global Esports
https://www.vlr.gg/666489/kiwoom-drx-vs-full-sense-vct-2026-pacific-stage-1-ur1,Lotus,Kiwoom DRX,,9,FULL SENSE,,13,FULL SENSE
https://www.vlr.gg/666489/kiwoom-drx-vs-full-sense-vct-2026-pacific-stage-1-ur1,Fracture,Kiwoom DRX,,7,FULL SENSE,,13,FULL SENSE
https://www.vlr.gg/666489/kiwoom-drx-vs-full-sense-vct-2026-pacific-stage-1-ur1,AllMaps,Kiwoom DRX,0,16,FULL SENSE,2,26,FULL SENSE
https://www.vlr.gg/666494/rex-regum-qeon-vs-detonation-focusme-vct-2026-pacific-stage-1-lr1,Ascent,Rex Regum Qeon,,9,DetonatioN FocusMe,,13,DetonatioN FocusMe
https://www.vlr.gg/666494/rex-regum-qeon-vs-detonation-focusme-vct-2026-pacific-stage-1-lr1,Breeze,Rex Regum Qeon,,13,DetonatioN FocusMe,,11,Rex Regum Qeon
https://www.vlr.gg/666494/rex-regum-qeon-vs-detonation-focusme-vct-2026-pacific-stage-1-lr1,Lotus,Rex Regum Qeon,,13,DetonatioN FocusMe,,8,Rex Regum Qeon
https://www.vlr.gg/666494/rex-regum-qeon-vs-detonation-focusme-vct-2026-pacific-stage-1-lr1,AllMaps,Rex Regum Qeon,2,35,DetonatioN FocusMe,1,32,Rex Regum Qeon
https://www.vlr.gg/666495/kiwoom-drx-vs-nongshim-redforce-vct-2026-pacific-stage-1-lr1,Pearl,Kiwoom DRX,,11,Nongshim RedForce,,13,Nongshim RedForce
https://www.vlr.gg/666495/kiwoom-drx-vs-nongshim-redforce-vct-2026-pacific-stage-1-lr1,Split,Kiwoom DRX,,13,Nongshim RedForce,,6,Kiwoom DRX
https://www.vlr.gg/666495/kiwoom-drx-vs-nongshim-redforce-vct-2026-pacific-stage-1-lr1,Haven,Kiwoom DRX,,13,Nongshim RedForce,,9,Kiwoom DRX
https://www.vlr.gg/666495/kiwoom-drx-vs-nongshim-redforce-vct-2026-pacific-stage-1-lr1,AllMaps,Kiwoom DRX,2,37,Nongshim RedForce,1,28,Kiwoom DRX
https://www.vlr.gg/666490/paper-rex-vs-global-esports-vct-2026-pacific-stage-1-ubsf,Breeze,Paper Rex,,9,Global Esports,,13,Global Esports
https://www.vlr.gg/666490/paper-rex-vs-global-esports-vct-2026-pacific-stage-1-ubsf,Lotus,Paper Rex,,13,Global Esports,,6,Paper Rex
https://www.vlr.gg/666490/paper-rex-vs-global-esports-vct-2026-pacific-stage-1-ubsf,Pearl,Paper Rex,,5,Global Esports,,13,Global Esports
https://www.vlr.gg/666490/paper-rex-vs-global-esports-vct-2026-pacific-stage-1-ubsf,AllMaps,Paper Rex,1,27,Global Esports,2,32,Global Esports
https://www.vlr.gg/666491/t1-vs-full-sense-vct-2026-pacific-stage-1-ubsf,Pearl,T1,,9,FULL SENSE,,13,FULL SENSE
https://www.vlr.gg/666491/t1-vs-full-sense-vct-2026-pacific-stage-1-ubsf,Lotus,T1,,8,FULL SENSE,,13,FULL SENSE
https://www.vlr.gg/666491/t1-vs-full-sense-vct-2026-pacific-stage-1-ubsf,AllMaps,T1,0,17,FULL SENSE,2,26,FULL SENSE
https://www.vlr.gg/666496/t1-vs-rex-regum-qeon-vct-2026-pacific-stage-1-lr2,Haven,T1,,13,Rex Regum Qeon,,6,T1
https://www.vlr.gg/666496/t1-vs-rex-regum-qeon-vct-2026-pacific-stage-1-lr2,Lotus,T1,,10,Rex Regum Qeon,,13,Rex Regum Qeon
https://www.vlr.gg/666496/t1-vs-rex-regum-qeon-vct-2026-pacific-stage-1-lr2,Breeze,T1,,13,Rex Regum Qeon,,5,T1
https://www.vlr.gg/666496/t1-vs-rex-regum-qeon-vct-2026-pacific-stage-1-lr2,AllMaps,T1,2,36,Rex Regum Qeon,1,24,T1
https://www.vlr.gg/666497/paper-rex-vs-kiwoom-drx-vct-2026-pacific-stage-1-lr2,Ascent,Paper Rex,,13,Kiwoom DRX,,8,Paper Rex
https://www.vlr.gg/666497/paper-rex-vs-kiwoom-drx-vct-2026-pacific-stage-1-lr2,Breeze,Paper Rex,,5,Kiwoom DRX,,13,Kiwoom DRX
https://www.vlr.gg/666497/paper-rex-vs-kiwoom-drx-vct-2026-pacific-stage-1-lr2,Split,Paper Rex,,13,Kiwoom DRX,,1,Paper Rex
https://www.vlr.gg/666497/paper-rex-vs-kiwoom-drx-vct-2026-pacific-stage-1-lr2,AllMaps,Paper Rex,2,31,Kiwoom DRX,1,22,Paper Rex
https://www.vlr.gg/666492/global-esports-vs-full-sense-vct-2026-pacific-stage-1-ubf,Split,Global Esports,,11,FULL SENSE,,13,FULL SENSE
https://www.vlr.gg/666492/global-esports-vs-full-sense-vct-2026-pacific-stage-1-ubf,Breeze,Global Esports,,8,FULL SENSE,,13,FULL SENSE
https://www.vlr.gg/666492/global-esports-vs-full-sense-vct-2026-pacific-stage-1-ubf,AllMaps,Global Esports,0,19,FULL SENSE,2,26,FULL SENSE
https://www.vlr.gg/666498/t1-vs-paper-rex-vct-2026-pacific-stage-1-lr3,Split,T1,,9,Paper Rex,,13,Paper Rex
https://www.vlr.gg/666498/t1-vs-paper-rex-vct-2026-pacific-stage-1-lr3,Ascent,T1,,13,Paper Rex,,10,T1
https://www.vlr.gg/666498/t1-vs-paper-rex-vct-2026-pacific-stage-1-lr3,Breeze,T1,,8,Paper Rex,,13,Paper Rex
https://www.vlr.gg/666498/t1-vs-paper-rex-vct-2026-pacific-stage-1-lr3,AllMaps,T1,1,30,Paper Rex,2,36,Paper Rex
https://www.vlr.gg/666499/global-esports-vs-paper-rex-vct-2026-pacific-stage-1-lbf,Haven,Global Esports,,6,Paper Rex,,13,Paper Rex
https://www.vlr.gg/666499/global-esports-vs-paper-rex-vct-2026-pacific-stage-1-lbf,Lotus,Global Esports,,4,Paper Rex,,13,Paper Rex
https://www.vlr.gg/666499/global-esports-vs-paper-rex-vct-2026-pacific-stage-1-lbf,Ascent,Global Esports,,11,Paper Rex,,13,Paper Rex
https://www.vlr.gg/666499/global-esports-vs-paper-rex-vct-2026-pacific-stage-1-lbf,AllMaps,Global Esports,0,21,Paper Rex,3,39,Paper Rex
https://www.vlr.gg/666493/full-sense-vs-paper-rex-vct-2026-pacific-stage-1-gf,Pearl,FULL SENSE,,10,Paper Rex,,13,Paper Rex
https://www.vlr.gg/666493/full-sense-vs-paper-rex-vct-2026-pacific-stage-1-gf,Lotus,FULL SENSE,,9,Paper Rex,,13,Paper Rex
https://www.vlr.gg/666493/full-sense-vs-paper-rex-vct-2026-pacific-stage-1-gf,Fracture,FULL SENSE,,10,Paper Rex,,13,Paper Rex
https://www.vlr.gg/666493/full-sense-vs-paper-rex-vct-2026-pacific-stage-1-gf,AllMaps,FULL SENSE,0,29,Paper Rex,3,39,Paper Rex
