Mapa_Num,Mapa,Jogador,Time,Agente,R,ACS,K,D,A,+/-,KAST,ADR,HS%,FK,FD,+/-_FK_FD,Time1,Mapas_T1,Score_T1,Time2,Mapas_T2,Score_T2,target,Liga
2,Split,BuZz,KRX,Raze,2.13,423.0,27,9,4,18,83.0,285.0,19.0,4.0,1.0,3.0,KRX,,13,TS,,5,1,VCT Emea
2,Split,MaKo,KRX,Viper,1.41,276.0,19,10,7,9,83.0,181.0,34.0,1.0,1.0,0.0,KRX,,13,TS,,5,1,VCT Emea
2,Split,Rb,KRX,Astra,0.93,130.0,9,9,10,0,83.0,83.0,33.0,1.0,1.0,0.0,KRX,,13,TS,,5,1,VCT Emea
2,Split,Foxy9,KRX,Jett,0.9,189.0,12,12,4,0,78.0,124.0,40.0,4.0,3.0,1.0,KRX,,13,TS,,5,1,VCT Emea
2,Split,stax,KRX,Skye,0.71,151.0,9,14,14,-5,83.0,88.0,32.0,0.0,2.0,-2.0,KRX,,13,TS,,5,1,VCT Emea
2,Split,Jremy,TS,Raze,1.1,262.0,15,16,5,-1,83.0,169.0,24.0,1.0,3.0,-2.0,KRX,,13,TS,,5,0,VCT Emea
2,Split,invy,TS,Viper,0.87,193.0,13,15,1,-2,56.0,116.0,14.0,2.0,2.0,0.0,KRX,,13,TS,,5,0,VCT Emea
2,Split,BORKUM,TS,Astra,0.8,210.0,11,17,8,-6,67.0,141.0,27.0,1.0,2.0,-1.0,KRX,,13,TS,,5,0,VCT Emea
2,Split,DubsteP,TS,Jett,0.79,154.0,9,15,3,-6,56.0,92.0,27.0,3.0,0.0,3.0,KRX,,13,TS,,5,0,VCT Emea
2,Split,JessieVash,TS,Skye,0.43,92.0,6,13,2,-7,50.0,56.0,13.0,1.0,3.0,-2.0,KRX,,13,TS,,5,0,VCT Emea
3,Bind,BuZz,KRX,Kayo,1.64,248.0,15,7,18,8,76.0,166.0,21.0,2.0,1.0,1.0,KRX,,13,TS,,4,1,VCT Emea
3,Bind,MaKo,KRX,Viper,1.48,259.0,13,9,12,4,76.0,187.0,13.0,0.0,0.0,0.0,KRX,,13,TS,,4,1,VCT Emea
3,Bind,Foxy9,KRX,Raze,1.43,288.0,18,9,2,9,76.0,165.0,26.0,5.0,3.0,2.0,KRX,,13,TS,,4,1,VCT Emea
3,Bind,stax,KRX,Skye,1.41,199.0,15,6,5,9,76.0,123.0,29.0,2.0,2.0,0.0,KRX,,13,TS,,4,1,VCT Emea
3,Bind,Rb,KRX,Harbor,0.99,132.0,8,8,11,0,82.0,72.0,14.0,1.0,1.0,0.0,KRX,,13,TS,,4,1,VCT Emea
3,Bind,DubsteP,TS,Jett,0.91,204.0,13,14,1,-1,53.0,126.0,32.0,4.0,1.0,3.0,KRX,,13,TS,,4,0,VCT Emea
3,Bind,lenne,TS,Gekko,0.79,139.0,8,13,5,-5,65.0,83.0,12.0,0.0,0.0,0.0,KRX,,13,TS,,4,0,VCT Emea
3,Bind,JessieVash,TS,Skye,0.73,147.0,7,13,6,-6,53.0,107.0,15.0,0.0,1.0,-1.0,KRX,,13,TS,,4,0,VCT Emea
3,Bind,BORKUM,TS,Brimstone,0.68,139.0,6,14,11,-8,47.0,89.0,18.0,0.0,2.0,-2.0,KRX,,13,TS,,4,0,VCT Emea
3,Bind,Jremy,TS,Raze,0.34,109.0,5,15,3,-10,59.0,80.0,15.0,3.0,6.0,-3.0,KRX,,13,TS,,4,0,VCT Emea
0,Lotus,d4v41,PRX,Skye,1.43,247.0,20,14,16,6,91.0,160.0,32.0,0.0,1.0,-1.0,PRX,,13,T1,,10,1,VCT Emea
0,Lotus,f0rsakeN,PRX,Cypher,1.15,251.0,22,15,4,7,78.0,152.0,29.0,3.0,1.0,2.0,PRX,,13,T1,,10,1,VCT Emea
0,Lotus,something,PRX,Jett,1.1,203.0,16,15,6,1,74.0,123.0,18.0,3.0,2.0,1.0,PRX,,13,T1,,10,1,VCT Emea
0,Lotus,Jinggg,PRX,Raze,1.05,194.0,17,12,3,5,78.0,139.0,21.0,2.0,4.0,-2.0,PRX,,13,T1,,10,1,VCT Emea
0,Lotus,mindfreak,PRX,Omen,0.97,186.0,14,15,10,-1,74.0,127.0,31.0,4.0,3.0,1.0,PRX,,13,T1,,10,1,VCT Emea
0,Lotus,Sayaplayer,T1,Jett,1.11,258.0,19,17,4,2,65.0,167.0,39.0,8.0,4.0,4.0,PRX,,13,T1,,10,0,VCT Emea
0,Lotus,xeta,T1,Harbor,1.09,207.0,15,15,6,0,65.0,131.0,21.0,1.0,0.0,1.0,PRX,,13,T1,,10,0,VCT Emea
0,Lotus,Munchkin,T1,Killjoy,0.96,166.0,14,16,4,-2,57.0,121.0,17.0,1.0,3.0,-2.0,PRX,,13,T1,,10,0,VCT Emea
0,Lotus,ban,T1,Viper,0.62,147.0,11,19,4,-8,43.0,95.0,21.0,0.0,4.0,-4.0,PRX,,13,T1,,10,0,VCT Emea
0,Lotus,carpe,T1,Skye,0.58,138.0,12,22,7,-10,65.0,92.0,26.0,1.0,1.0,0.0,PRX,,13,T1,,10,0,VCT Emea
2,Fracture,f0rsakeN,PRX,Neon,1.42,309.0,24,18,9,6,83.0,207.0,34.0,7.0,3.0,4.0,PRX,,13,T1,,10,1,VCT Emea
2,Fracture,d4v41,PRX,Killjoy,1.41,265.0,23,13,4,10,83.0,181.0,23.0,2.0,0.0,2.0,PRX,,13,T1,,10,1,VCT Emea
2,Fracture,Jinggg,PRX,Raze,1.23,224.0,19,15,4,4,74.0,146.0,17.0,5.0,2.0,3.0,PRX,,13,T1,,10,1,VCT Emea
2,Fracture,something,PRX,Breach,0.89,138.0,12,14,10,-2,74.0,98.0,19.0,0.0,0.0,0.0,PRX,,13,T1,,10,1,VCT Emea
2,Fracture,mindfreak,PRX,Brimstone,0.85,137.0,12,13,7,-1,74.0,72.0,22.0,1.0,3.0,-2.0,PRX,,13,T1,,10,1,VCT Emea
2,Fracture,ban,T1,Jett,1.01,182.0,16,17,2,-1,61.0,115.0,25.0,3.0,5.0,-2.0,PRX,,13,T1,,10,0,VCT Emea
2,Fracture,Sayaplayer,T1,Raze,0.97,212.0,18,17,2,1,61.0,163.0,31.0,1.0,2.0,-1.0,PRX,,13,T1,,10,0,VCT Emea
2,Fracture,carpe,T1,Brimstone,0.89,229.0,17,20,9,-3,83.0,167.0,30.0,2.0,2.0,0.0,PRX,,13,T1,,10,0,VCT Emea
2,Fracture,Munchkin,T1,Killjoy,0.7,169.0,11,19,7,-8,61.0,129.0,20.0,2.0,6.0,-4.0,PRX,,13,T1,,10,0,VCT Emea
2,Fracture,xeta,T1,Breach,0.68,135.0,11,17,7,-6,78.0,87.0,25.0,0.0,0.0,0.0,PRX,,13,T1,,10,0,VCT Emea
0,Haven,xeta,T1,Sova,1.23,194.0,15,13,12,2,74.0,144.0,16.0,0.0,1.0,-1.0,T1,,13,ZETA,,10,1,VCT Emea
0,Haven,carpe,T1,Breach,1.16,181.0,14,13,17,1,78.0,107.0,30.0,1.0,1.0,0.0,T1,,13,ZETA,,10,1,VCT Emea
0,Haven,Sayaplayer,T1,Jett,1.05,248.0,23,16,4,7,78.0,163.0,32.0,6.0,7.0,-1.0,T1,,13,ZETA,,10,1,VCT Emea
0,Haven,ban,T1,Omen,0.92,183.0,16,17,15,-1,74.0,111.0,24.0,3.0,1.0,2.0,T1,,13,ZETA,,10,1,VCT Emea
0,Haven,Munchkin,T1,Killjoy,0.89,153.0,14,15,1,-1,57.0,97.0,24.0,2.0,1.0,1.0,T1,,13,ZETA,,10,1,VCT Emea
0,Haven,SugarZ3ro,ZETA,Omen,1.16,194.0,18,16,11,2,70.0,116.0,31.0,1.0,2.0,-1.0,T1,,13,ZETA,,10,0,VCT Emea
0,Haven,TENNN,ZETA,Killjoy,1.12,223.0,16,15,4,1,65.0,145.0,15.0,2.0,2.0,0.0,T1,,13,ZETA,,10,0,VCT Emea
0,Haven,Laz,ZETA,Sova,1.06,205.0,15,17,6,-2,70.0,132.0,31.0,4.0,2.0,2.0,T1,,13,ZETA,,10,0,VCT Emea
0,Haven,Dep,ZETA,Jett,0.92,216.0,17,19,4,-2,65.0,132.0,22.0,4.0,4.0,0.0,T1,,13,ZETA,,10,0,VCT Emea
0,Haven,crow,ZETA,Breach,0.65,106.0,8,15,10,-7,74.0,65.0,25.0,0.0,2.0,-2.0,T1,,13,ZETA,,10,0,VCT Emea
2,Bind,xeta,T1,Viper,1.39,247.0,21,15,9,6,69.0,172.0,28.0,5.0,2.0,3.0,T1,,12,ZETA,,14,0,VCT Emea
2,Bind,Munchkin,T1,Skye,1.19,241.0,21,19,11,2,69.0,153.0,15.0,1.0,3.0,-2.0,T1,,12,ZETA,,14,0,VCT Emea
2,Bind,Sayaplayer,T1,Raze,1.05,252.0,22,19,2,3,69.0,161.0,24.0,3.0,7.0,-4.0,T1,,12,ZETA,,14,0,VCT Emea
2,Bind,ban,T1,Harbor,0.73,139.0,13,19,8,-6,77.0,84.0,31.0,1.0,1.0,0.0,T1,,12,ZETA,,14,0,VCT Emea
2,Bind,carpe,T1,Gekko,0.63,117.0,11,18,3,-7,65.0,70.0,44.0,1.0,2.0,-1.0,T1,,12,ZETA,,14,0,VCT Emea
2,Bind,SugarZ3ro,ZETA,Brimstone,1.43,242.0,21,14,14,7,77.0,159.0,30.0,1.0,0.0,1.0,T1,,12,ZETA,,14,1,VCT Emea
2,Bind,crow,ZETA,Breach,0.99,162.0,14,17,16,-3,77.0,105.0,14.0,1.0,0.0,1.0,T1,,12,ZETA,,14,1,VCT Emea
2,Bind,Dep,ZETA,Jett,0.94,233.0,21,20,2,1,65.0,149.0,25.0,6.0,4.0,2.0,T1,,12,ZETA,,14,1,VCT Emea
2,Bind,TENNN,ZETA,Raze,0.92,210.0,19,20,7,-1,73.0,142.0,22.0,4.0,5.0,-1.0,T1,,12,ZETA,,14,1,VCT Emea
2,Bind,Laz,ZETA,Skye,0.85,158.0,15,17,7,-2,77.0,97.0,29.0,3.0,2.0,1.0,T1,,12,ZETA,,14,1,VCT Emea
3,Fracture,carpe,T1,Brimstone,1.75,327.0,27,13,17,14,87.0,188.0,13.0,0.0,0.0,0.0,T1,,13,ZETA,,10,1,VCT Emea
3,Fracture,Munchkin,T1,Killjoy,1.16,220.0,18,14,5,4,70.0,159.0,14.0,2.0,2.0,0.0,T1,,13,ZETA,,10,1,VCT Emea
3,Fracture,xeta,T1,Breach,0.91,186.0,15,17,17,-2,87.0,109.0,19.0,2.0,0.0,2.0,T1,,13,ZETA,,10,1,VCT Emea
3,Fracture,Sayaplayer,T1,Raze,0.88,187.0,15,17,8,-2,78.0,125.0,12.0,2.0,4.0,-2.0,T1,,13,ZETA,,10,1,VCT Emea
3,Fracture,ban,T1,Jett,0.68,134.0,12,16,1,-4,70.0,82.0,25.0,5.0,6.0,-1.0,T1,,13,ZETA,,10,1,VCT Emea
3,Fracture,Dep,ZETA,Raze,1.14,227.0,18,17,7,1,78.0,153.0,14.0,3.0,4.0,-1.0,T1,,13,ZETA,,10,0,VCT Emea
3,Fracture,TENNN,ZETA,Killjoy,0.97,213.0,15,18,5,-3,65.0,156.0,27.0,4.0,0.0,4.0,T1,,13,ZETA,,10,0,VCT Emea
3,Fracture,crow,ZETA,Breach,0.92,155.0,13,16,12,-3,70.0,114.0,33.0,1.0,1.0,0.0,T1,,13,ZETA,,10,0,VCT Emea
3,Fracture,SugarZ3ro,ZETA,Brimstone,0.84,210.0,18,19,4,-1,57.0,133.0,26.0,2.0,2.0,0.0,T1,,13,ZETA,,10,0,VCT Emea
3,Fracture,Laz,ZETA,Fade,0.73,160.0,13,17,7,-4,78.0,100.0,15.0,2.0,4.0,-2.0,T1,,13,ZETA,,10,0,VCT Emea
0,Ascent,invy,TS,Kayo,1.36,241.0,19,15,11,4,81.0,145.0,29.0,2.0,0.0,2.0,TS,,13,GEN,,8,1,VCT Emea
0,Ascent,Jremy,TS,Killjoy,1.27,272.0,21,15,4,6,81.0,188.0,21.0,1.0,3.0,-2.0,TS,,13,GEN,,8,1,VCT Emea
0,Ascent,DubsteP,TS,Jett,1.07,252.0,18,16,5,2,67.0,160.0,25.0,5.0,6.0,-1.0,TS,,13,GEN,,8,1,VCT Emea
0,Ascent,BORKUM,TS,Omen,0.97,163.0,12,13,13,-1,76.0,106.0,16.0,1.0,2.0,-1.0,TS,,13,GEN,,8,1,VCT Emea
0,Ascent,JessieVash,TS,Sova,0.7,146.0,9,15,10,-6,90.0,109.0,12.0,0.0,1.0,-1.0,TS,,13,GEN,,8,1,VCT Emea
0,Ascent,Meteor,GEN,Jett,1.35,309.0,22,15,3,7,67.0,207.0,36.0,5.0,5.0,0.0,TS,,13,GEN,,8,0,VCT Emea
0,Ascent,eKo,GEN,Sova,1.08,191.0,15,12,8,3,76.0,118.0,33.0,0.0,1.0,-1.0,TS,,13,GEN,,8,0,VCT Emea
0,Ascent,GodDead,GEN,Kayo,0.96,200.0,14,17,11,-3,81.0,116.0,15.0,3.0,1.0,2.0,TS,,13,GEN,,8,0,VCT Emea
0,Ascent,TS,GEN,Omen,0.71,143.0,11,17,10,-6,76.0,74.0,12.0,1.0,1.0,0.0,TS,,13,GEN,,8,0,VCT Emea
0,Ascent,k1Ng,GEN,Killjoy,0.69,170.0,12,18,3,-6,71.0,116.0,30.0,3.0,1.0,2.0,TS,,13,GEN,,8,0,VCT Emea
2,Haven,DubsteP,TS,Killjoy,1.05,245.0,18,18,2,0,76.0,158.0,29.0,2.0,5.0,-3.0,TS,,8,GEN,,13,0,VCT Emea
2,Haven,JessieVash,TS,Sova,1.03,223.0,14,17,9,-3,71.0,161.0,37.0,2.0,1.0,1.0,TS,,8,GEN,,13,0,VCT Emea
2,Haven,Jremy,TS,Raze,0.73,174.0,12,17,4,-5,71.0,117.0,19.0,0.0,7.0,-7.0,TS,,8,GEN,,13,0,VCT Emea
2,Haven,invy,TS,Breach,0.71,141.0,10,17,9,-7,57.0,91.0,33.0,1.0,2.0,-1.0,TS,,8,GEN,,13,0,VCT Emea
2,Haven,BORKUM,TS,Omen,0.64,125.0,9,16,6,-7,57.0,89.0,15.0,0.0,1.0,-1.0,TS,,8,GEN,,13,0,VCT Emea
2,Haven,k1Ng,GEN,Killjoy,1.66,319.0,26,11,2,15,90.0,209.0,24.0,3.0,1.0,2.0,TS,,8,GEN,,13,1,VCT Emea
2,Haven,Meteor,GEN,Jett,1.28,241.0,18,12,6,6,86.0,153.0,21.0,6.0,2.0,4.0,TS,,8,GEN,,13,1,VCT Emea
2,Haven,Sylvan,GEN,Sova,1.27,183.0,13,10,9,3,90.0,114.0,15.0,4.0,1.0,3.0,TS,,8,GEN,,13,1,VCT Emea
2,Haven,GodDead,GEN,Breach,1.08,161.0,12,14,19,-2,95.0,103.0,31.0,1.0,0.0,1.0,TS,,8,GEN,,13,1,VCT Emea
2,Haven,TS,GEN,Omen,0.84,223.0,16,16,13,0,71.0,134.0,23.0,2.0,1.0,1.0,TS,,8,GEN,,13,1,VCT Emea
3,Split,BORKUM,TS,Astra,1.27,252.0,23,17,11,6,73.0,179.0,29.0,0.0,2.0,-2.0,TS,,12,GEN,,14,0,VCT Emea
3,Split,DubsteP,TS,Jett,0.95,202.0,17,18,5,-1,62.0,135.0,20.0,4.0,3.0,1.0,TS,,12,GEN,,14,0,VCT Emea
3,Split,invy,TS,Viper,0.91,178.0,16,18,13,-2,69.0,136.0,24.0,1.0,3.0,-2.0,TS,,12,GEN,,14,0,VCT Emea
3,Split,Jremy,TS,Raze,0.75,183.0,16,19,3,-3,69.0,112.0,16.0,3.0,3.0,0.0,TS,,12,GEN,,14,0,VCT Emea
3,Split,JessieVash,TS,Skye,0.61,121.0,12,19,10,-7,73.0,76.0,28.0,2.0,5.0,-3.0,TS,,12,GEN,,14,0,VCT Emea
3,Split,Sylvan,GEN,Skye,1.46,269.0,21,18,20,3,85.0,180.0,23.0,4.0,1.0,3.0,TS,,12,GEN,,14,1,VCT Emea
3,Split,k1Ng,GEN,Viper,1.41,225.0,22,14,5,8,77.0,142.0,24.0,5.0,3.0,2.0,TS,,12,GEN,,14,1,VCT Emea
3,Split,GodDead,GEN,Sage,1.19,218.0,21,17,3,4,65.0,129.0,33.0,2.0,2.0,0.0,TS,,12,GEN,,14,1,VCT Emea
3,Split,Meteor,GEN,Raze,1.03,221.0,18,20,7,-2,65.0,173.0,15.0,4.0,2.0,2.0,TS,,12,GEN,,14,1,VCT Emea
3,Split,TS,GEN,Astra,0.69,110.0,9,15,9,-6,65.0,80.0,15.0,1.0,2.0,-1.0,TS,,12,GEN,,14,1,VCT Emea
0,Fracture,Rb,KRX,Brimstone,0.86,176.0,11,15,6,-4,72.0,107.0,33.0,1.0,2.0,-1.0,KRX,,5,PRX,,13,0,VCT Emea
0,Fracture,MaKo,KRX,Viper,0.82,172.0,8,15,8,-7,67.0,129.0,19.0,2.0,1.0,1.0,KRX,,5,PRX,,13,0,VCT Emea
0,Fracture,BuZz,KRX,Killjoy,0.77,178.0,10,15,5,-5,67.0,112.0,24.0,0.0,2.0,-2.0,KRX,,5,PRX,,13,0,VCT Emea
0,Fracture,stax,KRX,Skye,0.72,157.0,9,15,5,-6,61.0,129.0,17.0,0.0,0.0,0.0,KRX,,5,PRX,,13,0,VCT Emea
0,Fracture,Foxy9,KRX,Jett,0.44,171.0,11,18,0,-7,50.0,107.0,23.0,4.0,6.0,-2.0,KRX,,5,PRX,,13,0,VCT Emea
0,Fracture,d4v41,PRX,Killjoy,1.78,306.0,22,7,3,15,83.0,199.0,32.0,3.0,1.0,2.0,KRX,,5,PRX,,13,1,VCT Emea
0,Fracture,mindfreak,PRX,Brimstone,1.59,236.0,15,6,6,9,94.0,129.0,28.0,3.0,0.0,3.0,KRX,,5,PRX,,13,1,VCT Emea
0,Fracture,Jinggg,PRX,Raze,1.47,289.0,17,9,8,8,94.0,185.0,11.0,0.0,0.0,0.0,KRX,,5,PRX,,13,1,VCT Emea
0,Fracture,something,PRX,Breach,1.14,212.0,14,10,7,4,83.0,147.0,26.0,0.0,1.0,-1.0,KRX,,5,PRX,,13,1,VCT Emea
0,Fracture,f0rsakeN,PRX,Neon,0.45,148.0,10,17,3,-7,67.0,84.0,24.0,5.0,5.0,0.0,KRX,,5,PRX,,13,1,VCT Emea
2,Bind,Rb,KRX,Harbor,0.93,179.0,12,14,6,-2,58.0,108.0,35.0,2.0,1.0,1.0,KRX,,6,PRX,,13,0,VCT Emea
2,Bind,stax,KRX,Skye,0.76,165.0,11,14,4,-3,58.0,100.0,38.0,0.0,3.0,-3.0,KRX,,6,PRX,,13,0,VCT Emea
2,Bind,Foxy9,KRX,Raze,0.72,191.0,12,16,5,-4,63.0,120.0,25.0,4.0,3.0,1.0,KRX,,6,PRX,,13,0,VCT Emea
2,Bind,BuZz,KRX,Kayo,0.7,134.0,8,14,6,-6,63.0,95.0,30.0,0.0,2.0,-2.0,KRX,,6,PRX,,13,0,VCT Emea
2,Bind,MaKo,KRX,Viper,0.64,139.0,8,15,5,-7,58.0,89.0,20.0,3.0,1.0,2.0,KRX,,6,PRX,,13,0,VCT Emea
2,Bind,something,PRX,Reyna,1.6,315.0,21,10,7,11,79.0,172.0,25.0,6.0,1.0,5.0,KRX,,6,PRX,,13,1,VCT Emea
2,Bind,f0rsakeN,PRX,Harbor,1.46,242.0,18,9,2,9,79.0,169.0,33.0,0.0,0.0,0.0,KRX,,6,PRX,,13,1,VCT Emea
2,Bind,d4v41,PRX,Skye,1.2,171.0,11,7,9,4,89.0,108.0,23.0,0.0,1.0,-1.0,KRX,,6,PRX,,13,1,VCT Emea
2,Bind,Jinggg,PRX,Raze,0.92,195.0,13,13,5,0,74.0,124.0,15.0,3.0,5.0,-2.0,KRX,,6,PRX,,13,1,VCT Emea
2,Bind,mindfreak,PRX,Brimstone,0.8,142.0,9,12,4,-3,74.0,98.0,16.0,1.0,2.0,-1.0,KRX,,6,PRX,,13,1,VCT Emea
0,Fracture,Sayaplayer,T1,Raze,1.49,313.0,25,16,5,9,87.0,215.0,25.0,3.0,2.0,1.0,T1,,13,GEN,,10,1,VCT Emea
0,Fracture,xeta,T1,Breach,1.34,216.0,19,12,10,7,96.0,136.0,24.0,2.0,0.0,2.0,T1,,13,GEN,,10,1,VCT Emea
0,Fracture,ban,T1,Jett,0.97,217.0,19,18,2,1,74.0,131.0,30.0,7.0,0.0,7.0,T1,,13,GEN,,10,1,VCT Emea
0,Fracture,Munchkin,T1,Killjoy,0.91,181.0,15,15,4,0,70.0,122.0,25.0,3.0,2.0,1.0,T1,,13,GEN,,10,1,VCT Emea
0,Fracture,carpe,T1,Brimstone,0.78,141.0,11,17,7,-6,78.0,96.0,19.0,3.0,1.0,2.0,T1,,13,GEN,,10,1,VCT Emea
0,Fracture,eKo,GEN,Breach,1.36,227.0,20,15,9,5,83.0,129.0,26.0,0.0,0.0,0.0,T1,,13,GEN,,10,0,VCT Emea
0,Fracture,Meteor,GEN,Jett,0.98,257.0,19,20,9,-1,83.0,181.0,17.0,1.0,6.0,-5.0,T1,,13,GEN,,10,0,VCT Emea
0,Fracture,TS,GEN,Omen,0.92,176.0,16,17,6,-1,70.0,108.0,31.0,0.0,2.0,-2.0,T1,,13,GEN,,10,0,VCT Emea
0,Fracture,k1Ng,GEN,Viper,0.84,169.0,14,17,4,-3,61.0,123.0,23.0,0.0,2.0,-2.0,T1,,13,GEN,,10,0,VCT Emea
0,Fracture,GodDead,GEN,Raze,0.49,150.0,9,20,9,-11,61.0,110.0,8.0,4.0,8.0,-4.0,T1,,13,GEN,,10,0,VCT Emea
2,Ascent,xeta,T1,Sova,1.58,275.0,21,13,13,8,91.0,176.0,22.0,3.0,1.0,2.0,T1,,13,GEN,,10,1,VCT Emea
2,Ascent,ban,T1,Omen,1.32,226.0,20,15,15,5,83.0,140.0,40.0,1.0,1.0,0.0,T1,,13,GEN,,10,1,VCT Emea
2,Ascent,carpe,T1,Kayo,1.26,204.0,16,15,16,1,87.0,125.0,23.0,2.0,1.0,1.0,T1,,13,GEN,,10,1,VCT Emea
2,Ascent,Munchkin,T1,Killjoy,1.12,206.0,18,14,3,4,74.0,135.0,16.0,0.0,3.0,-3.0,T1,,13,GEN,,10,1,VCT Emea
2,Ascent,Sayaplayer,T1,Jett,0.88,210.0,17,17,6,0,65.0,132.0,20.0,5.0,6.0,-1.0,T1,,13,GEN,,10,1,VCT Emea
2,Ascent,k1Ng,GEN,Killjoy,1.34,259.0,22,16,2,6,78.0,174.0,24.0,4.0,3.0,1.0,T1,,13,GEN,,10,0,VCT Emea
2,Ascent,Meteor,GEN,Jett,0.77,168.0,14,18,2,-4,52.0,106.0,30.0,3.0,5.0,-2.0,T1,,13,GEN,,10,0,VCT Emea
2,Ascent,GodDead,GEN,Kayo,0.74,186.0,15,19,9,-4,65.0,115.0,14.0,0.0,1.0,-1.0,T1,,13,GEN,,10,0,VCT Emea
2,Ascent,TS,GEN,Omen,0.74,176.0,14,19,10,-5,74.0,92.0,38.0,4.0,0.0,4.0,T1,,13,GEN,,10,0,VCT Emea
2,Ascent,eKo,GEN,Sova,0.41,130.0,9,20,7,-11,65.0,92.0,20.0,1.0,2.0,-1.0,T1,,13,GEN,,10,0,VCT Emea
0,Ascent,MaKo,KRX,Omen,1.2,195.0,18,16,11,2,71.0,126.0,25.0,1.0,1.0,0.0,KRX,,11,T1,,13,0,VCT Emea
0,Ascent,Rb,KRX,Killjoy,1.02,161.0,13,12,6,1,83.0,111.0,30.0,1.0,2.0,-1.0,KRX,,11,T1,,13,0,VCT Emea
0,Ascent,BuZz,KRX,Jett,1.02,269.0,21,22,7,-1,79.0,163.0,27.0,9.0,6.0,3.0,KRX,,11,T1,,13,0,VCT Emea
0,Ascent,Zest,KRX,Sova,0.83,175.0,15,18,6,-3,67.0,121.0,30.0,0.0,3.0,-3.0,KRX,,11,T1,,13,0,VCT Emea
0,Ascent,stax,KRX,Kayo,0.6,129.0,10,21,14,-11,63.0,87.0,19.0,0.0,1.0,-1.0,KRX,,11,T1,,13,0,VCT Emea
0,Ascent,xeta,T1,Sova,1.4,246.0,21,13,8,8,88.0,171.0,19.0,2.0,0.0,2.0,KRX,,11,T1,,13,1,VCT Emea
0,Ascent,Munchkin,T1,Killjoy,1.37,273.0,23,14,4,9,79.0,180.0,23.0,3.0,2.0,1.0,KRX,,11,T1,,13,1,VCT Emea
0,Ascent,Sayaplayer,T1,Jett,1.1,260.0,24,18,1,6,58.0,165.0,37.0,5.0,5.0,0.0,KRX,,11,T1,,13,1,VCT Emea
0,Ascent,carpe,T1,Kayo,0.96,160.0,11,16,17,-5,92.0,100.0,13.0,1.0,0.0,1.0,KRX,,11,T1,,13,1,VCT Emea
0,Ascent,ban,T1,Omen,0.69,128.0,10,16,12,-6,67.0,80.0,20.0,2.0,4.0,-2.0,KRX,,11,T1,,13,1,VCT Emea
2,Fracture,BuZz,KRX,Killjoy,1.26,208.0,19,13,3,6,75.0,137.0,16.0,3.0,2.0,1.0,KRX,,13,T1,,11,1,VCT Emea
2,Fracture,stax,KRX,Breach,1.08,185.0,14,16,14,-2,75.0,130.0,33.0,2.0,2.0,0.0,KRX,,13,T1,,11,1,VCT Emea
2,Fracture,MaKo,KRX,Brimstone,1.08,223.0,18,18,15,0,79.0,146.0,33.0,3.0,1.0,2.0,KRX,,13,T1,,11,1,VCT Emea
2,Fracture,Zest,KRX,Fade,1.05,151.0,14,14,4,0,83.0,93.0,48.0,2.0,0.0,2.0,KRX,,13,T1,,11,1,VCT Emea
2,Fracture,Rb,KRX,Neon,0.86,197.0,16,17,4,-1,75.0,132.0,42.0,1.0,7.0,-6.0,KRX,,13,T1,,11,1,VCT Emea
2,Fracture,xeta,T1,Breach,1.06,169.0,16,15,8,1,71.0,89.0,18.0,1.0,1.0,0.0,KRX,,13,T1,,11,0,VCT Emea
2,Fracture,Sayaplayer,T1,Raze,0.98,217.0,18,17,4,1,75.0,157.0,22.0,2.0,3.0,-1.0,KRX,,13,T1,,11,0,VCT Emea
2,Fracture,ban,T1,Jett,0.96,216.0,17,18,5,-1,67.0,138.0,32.0,5.0,4.0,1.0,KRX,,13,T1,,11,0,VCT Emea
2,Fracture,Munchkin,T1,Killjoy,0.94,160.0,15,14,2,1,75.0,102.0,26.0,2.0,3.0,-1.0,KRX,,13,T1,,11,0,VCT Emea
2,Fracture,carpe,T1,Brimstone,0.62,137.0,12,18,11,-6,75.0,86.0,17.0,3.0,1.0,2.0,KRX,,13,T1,,11,0,VCT Emea
3,Haven,MaKo,KRX,Omen,1.32,200.0,17,13,17,4,71.0,120.0,14.0,2.0,0.0,2.0,KRX,,13,T1,,11,1,VCT Emea
3,Haven,BuZz,KRX,Jett,1.3,290.0,23,18,5,5,75.0,197.0,32.0,7.0,4.0,3.0,KRX,,13,T1,,11,1,VCT Emea
3,Haven,Zest,KRX,Sova,1.28,202.0,18,14,6,4,75.0,129.0,28.0,2.0,2.0,0.0,KRX,,13,T1,,11,1,VCT Emea
3,Haven,Rb,KRX,Killjoy,1.04,206.0,17,17,3,0,83.0,126.0,23.0,3.0,1.0,2.0,KRX,,13,T1,,11,1,VCT Emea
3,Haven,stax,KRX,Breach,0.85,137.0,9,17,22,-8,88.0,90.0,28.0,1.0,2.0,-1.0,KRX,,13,T1,,11,1,VCT Emea
3,Haven,xeta,T1,Sova,1.16,243.0,19,17,10,2,88.0,165.0,22.0,0.0,2.0,-2.0,KRX,,13,T1,,11,0,VCT Emea
3,Haven,Sayaplayer,T1,Jett,1.13,236.0,22,17,1,5,71.0,149.0,37.0,6.0,2.0,4.0,KRX,,13,T1,,11,0,VCT Emea
3,Haven,Munchkin,T1,Killjoy,1.08,202.0,18,14,3,4,79.0,133.0,22.0,2.0,2.0,0.0,KRX,,13,T1,,11,0,VCT Emea
3,Haven,carpe,T1,Breach,0.55,113.0,10,18,11,-8,71.0,65.0,17.0,0.0,3.0,-3.0,KRX,,13,T1,,11,0,VCT Emea
3,Haven,ban,T1,Omen,0.51,134.0,10,18,7,-8,67.0,89.0,17.0,1.0,6.0,-5.0,KRX,,13,T1,,11,0,VCT Emea
4,Bind,BuZz,KRX,Raze,0.93,223.0,14,15,4,-1,63.0,148.0,23.0,1.0,3.0,-2.0,KRX,,6,T1,,13,0,VCT Emea
4,Bind,MaKo,KRX,Viper,0.89,174.0,11,13,1,-2,68.0,105.0,19.0,4.0,2.0,2.0,KRX,,6,T1,,13,0,VCT Emea
4,Bind,stax,KRX,Skye,0.79,172.0,10,16,8,-6,63.0,122.0,32.0,1.0,1.0,0.0,KRX,,6,T1,,13,0,VCT Emea
4,Bind,Zest,KRX,Brimstone,0.75,119.0,9,13,6,-4,74.0,66.0,29.0,0.0,2.0,-2.0,KRX,,6,T1,,13,0,VCT Emea
4,Bind,Rb,KRX,Kayo,0.52,112.0,8,16,4,-8,63.0,73.0,17.0,1.0,4.0,-3.0,KRX,,6,T1,,13,0,VCT Emea
4,Bind,carpe,T1,Gekko,1.77,276.0,20,7,2,13,95.0,170.0,25.0,1.0,0.0,1.0,KRX,,6,T1,,13,1,VCT Emea
4,Bind,xeta,T1,Viper,1.32,205.0,16,8,3,8,79.0,127.0,14.0,4.0,4.0,0.0,KRX,,6,T1,,13,1,VCT Emea
4,Bind,Sayaplayer,T1,Raze,1.15,284.0,19,14,4,5,63.0,181.0,28.0,6.0,3.0,3.0,KRX,,6,T1,,13,1,VCT Emea
4,Bind,ban,T1,Harbor,1.02,138.0,10,9,6,1,89.0,97.0,20.0,0.0,0.0,0.0,KRX,,6,T1,,13,1,VCT Emea
4,Bind,Munchkin,T1,Skye,0.7,129.0,8,14,9,-6,79.0,97.0,30.0,1.0,0.0,1.0,KRX,,6,T1,,13,1,VCT Emea
5,Pearl,MaKo,KRX,Viper,1.55,235.0,18,9,11,9,86.0,145.0,17.0,1.0,1.0,0.0,KRX,,13,T1,,9,1,VCT Emea
5,Pearl,BuZz,KRX,Jett,1.25,243.0,18,14,8,4,86.0,150.0,17.0,9.0,3.0,6.0,KRX,,13,T1,,9,1,VCT Emea
5,Pearl,stax,KRX,Skye,0.92,205.0,16,16,8,0,86.0,123.0,30.0,1.0,1.0,0.0,KRX,,13,T1,,9,1,VCT Emea
5,Pearl,Zest,KRX,Harbor,0.85,182.0,15,17,15,-2,95.0,105.0,28.0,1.0,0.0,1.0,KRX,,13,T1,,9,1,VCT Emea
5,Pearl,Rb,KRX,Killjoy,0.85,148.0,11,13,3,-2,77.0,104.0,29.0,2.0,3.0,-1.0,KRX,,13,T1,,9,1,VCT Emea
5,Pearl,carpe,T1,Skye,1.04,185.0,14,14,11,0,82.0,110.0,19.0,2.0,2.0,0.0,KRX,,13,T1,,9,0,VCT Emea
5,Pearl,ban,T1,Viper,1.01,177.0,13,14,9,-1,77.0,137.0,26.0,1.0,0.0,1.0,KRX,,13,T1,,9,0,VCT Emea
5,Pearl,Munchkin,T1,Killjoy,1.0,219.0,16,16,3,0,77.0,164.0,19.0,2.0,3.0,-1.0,KRX,,13,T1,,9,0,VCT Emea
5,Pearl,xeta,T1,Harbor,0.84,161.0,12,16,6,-4,86.0,104.0,20.0,1.0,1.0,0.0,KRX,,13,T1,,9,0,VCT Emea
5,Pearl,Sayaplayer,T1,Jett,0.64,161.0,14,18,2,-4,41.0,105.0,26.0,2.0,8.0,-6.0,KRX,,13,T1,,9,0,VCT Emea
0,Fracture,d4v41,PRX,Killjoy,1.01,198.0,14,14,3,0,84.0,131.0,21.0,2.0,3.0,-1.0,PRX,,6,KRX,,13,0,VCT Emea
0,Fracture,mindfreak,PRX,Brimstone,1.01,208.0,14,14,6,0,74.0,133.0,50.0,1.0,2.0,-1.0,PRX,,6,KRX,,13,0,VCT Emea
0,Fracture,something,PRX,Breach,0.98,170.0,12,13,10,-1,84.0,118.0,21.0,0.0,2.0,-2.0,PRX,,6,KRX,,13,0,VCT Emea
0,Fracture,Jinggg,PRX,Raze,0.81,178.0,12,14,1,-2,63.0,108.0,21.0,2.0,0.0,2.0,PRX,,6,KRX,,13,0,VCT Emea
0,Fracture,f0rsakeN,PRX,Neon,0.63,167.0,11,16,4,-5,58.0,112.0,28.0,2.0,5.0,-3.0,PRX,,6,KRX,,13,0,VCT Emea
0,Fracture,BuZz,KRX,Killjoy,1.42,223.0,16,8,2,8,89.0,142.0,36.0,1.0,1.0,0.0,PRX,,6,KRX,,13,1,VCT Emea
0,Fracture,Zest,KRX,Fade,1.41,280.0,19,13,4,6,84.0,201.0,50.0,3.0,1.0,2.0,PRX,,6,KRX,,13,1,VCT Emea
0,Fracture,MaKo,KRX,Brimstone,1.18,189.0,12,12,12,0,84.0,136.0,24.0,3.0,2.0,1.0,PRX,,6,KRX,,13,1,VCT Emea
0,Fracture,Rb,KRX,Neon,0.82,241.0,16,17,3,-1,79.0,136.0,39.0,4.0,1.0,3.0,PRX,,6,KRX,,13,1,VCT Emea
0,Fracture,stax,KRX,Breach,0.6,103.0,8,13,6,-5,79.0,62.0,18.0,1.0,2.0,-1.0,PRX,,6,KRX,,13,1,VCT Emea
2,Ascent,something,PRX,Reyna,1.38,271.0,30,20,4,10,83.0,172.0,19.0,6.0,3.0,3.0,PRX,,14,KRX,,16,0,VCT Emea
2,Ascent,Jinggg,PRX,Raze,1.22,242.0,29,20,1,9,60.0,155.0,20.0,1.0,2.0,-1.0,PRX,,14,KRX,,16,0,VCT Emea
2,Ascent,f0rsakeN,PRX,Harbor,0.87,226.0,24,24,6,0,70.0,142.0,22.0,5.0,3.0,2.0,PRX,,14,KRX,,16,0,VCT Emea
2,Ascent,mindfreak,PRX,Viper,0.68,148.0,14,22,8,-8,70.0,109.0,17.0,2.0,2.0,0.0,PRX,,14,KRX,,16,0,VCT Emea
2,Ascent,d4v41,PRX,Skye,0.64,126.0,12,22,12,-10,77.0,90.0,13.0,2.0,4.0,-2.0,PRX,,14,KRX,,16,0,VCT Emea
2,Ascent,BuZz,KRX,Jett,1.49,330.0,36,23,2,13,70.0,198.0,24.0,6.0,4.0,2.0,PRX,,14,KRX,,16,1,VCT Emea
2,Ascent,Rb,KRX,Killjoy,1.12,187.0,21,18,2,3,73.0,128.0,29.0,2.0,2.0,0.0,PRX,,14,KRX,,16,1,VCT Emea
2,Ascent,Zest,KRX,Sova,1.04,160.0,17,17,10,0,73.0,104.0,44.0,2.0,3.0,-1.0,PRX,,14,KRX,,16,1,VCT Emea
2,Ascent,MaKo,KRX,Omen,0.84,198.0,17,24,19,-7,73.0,132.0,28.0,3.0,4.0,-1.0,PRX,,14,KRX,,16,1,VCT Emea
2,Ascent,stax,KRX,Kayo,0.81,185.0,17,27,22,-10,70.0,119.0,24.0,1.0,3.0,-2.0,PRX,,14,KRX,,16,1,VCT Emea
3,Pearl,something,PRX,Jett,1.3,233.0,17,12,7,5,90.0,161.0,21.0,6.0,3.0,3.0,PRX,,13,KRX,,8,1,VCT Emea
3,Pearl,mindfreak,PRX,Astra,1.28,135.0,14,8,7,6,81.0,88.0,45.0,0.0,1.0,-1.0,PRX,,13,KRX,,8,1,VCT Emea
3,Pearl,d4v41,PRX,Skye,1.25,195.0,15,14,19,1,81.0,110.0,21.0,2.0,1.0,1.0,PRX,,13,KRX,,8,1,VCT Emea
3,Pearl,Jinggg,PRX,Phoenix,1.1,224.0,15,15,9,0,67.0,161.0,12.0,3.0,1.0,2.0,PRX,,13,KRX,,8,1,VCT Emea
3,Pearl,f0rsakeN,PRX,Killjoy,1.07,234.0,16,15,8,1,76.0,154.0,16.0,1.0,3.0,-2.0,PRX,,13,KRX,,8,1,VCT Emea
3,Pearl,MaKo,KRX,Viper,1.01,170.0,13,12,6,1,86.0,125.0,27.0,1.0,4.0,-3.0,PRX,,13,KRX,,8,0,VCT Emea
3,Pearl,Zest,KRX,Harbor,0.9,180.0,12,16,10,-4,67.0,111.0,35.0,1.0,0.0,1.0,PRX,,13,KRX,,8,0,VCT Emea
3,Pearl,stax,KRX,Skye,0.87,167.0,12,16,13,-4,62.0,98.0,26.0,1.0,2.0,-1.0,PRX,,13,KRX,,8,0,VCT Emea
3,Pearl,BuZz,KRX,Jett,0.87,225.0,15,18,7,-3,76.0,152.0,22.0,5.0,4.0,1.0,PRX,,13,KRX,,8,0,VCT Emea
3,Pearl,Rb,KRX,Killjoy,0.84,182.0,12,15,2,-3,62.0,144.0,28.0,1.0,2.0,-1.0,PRX,,13,KRX,,8,0,VCT Emea
4,Bind,d4v41,PRX,Skye,1.57,240.0,18,9,11,9,84.0,143.0,27.0,1.0,1.0,0.0,PRX,,13,KRX,,6,1,VCT Emea
4,Bind,something,PRX,Reyna,1.46,292.0,22,12,3,10,79.0,198.0,26.0,7.0,2.0,5.0,PRX,,13,KRX,,6,1,VCT Emea
4,Bind,f0rsakeN,PRX,Harbor,1.4,227.0,17,10,8,7,79.0,149.0,50.0,1.0,1.0,0.0,PRX,,13,KRX,,6,1,VCT Emea
4,Bind,Jinggg,PRX,Raze,1.09,247.0,16,14,6,2,89.0,174.0,17.0,2.0,2.0,0.0,PRX,,13,KRX,,6,1,VCT Emea
4,Bind,mindfreak,PRX,Brimstone,0.8,127.0,7,11,15,-4,84.0,93.0,42.0,1.0,1.0,0.0,PRX,,13,KRX,,6,1,VCT Emea
4,Bind,Zest,KRX,Brimstone,1.12,218.0,15,15,9,0,74.0,145.0,37.0,1.0,1.0,0.0,PRX,,13,KRX,,6,0,VCT Emea
4,Bind,MaKo,KRX,Viper,0.99,236.0,15,17,6,-2,68.0,144.0,23.0,2.0,4.0,-2.0,PRX,,13,KRX,,6,0,VCT Emea
4,Bind,BuZz,KRX,Jett,0.87,148.0,9,15,7,-6,74.0,102.0,27.0,2.0,1.0,1.0,PRX,,13,KRX,,6,0,VCT Emea
4,Bind,stax,KRX,Skye,0.75,166.0,12,16,4,-4,68.0,98.0,30.0,0.0,1.0,-1.0,PRX,,13,KRX,,6,0,VCT Emea
4,Bind,Rb,KRX,Raze,0.29,101.0,5,17,6,-12,53.0,82.0,14.0,2.0,5.0,-3.0,PRX,,13,KRX,,6,0,VCT Emea
5,Lotus,Jinggg,PRX,Raze,1.55,323.0,20,10,3,10,75.0,226.0,27.0,4.0,3.0,1.0,PRX,,13,KRX,,3,1,VCT Emea
5,Lotus,mindfreak,PRX,Omen,1.54,272.0,17,8,8,9,88.0,174.0,22.0,3.0,0.0,3.0,PRX,,13,KRX,,3,1,VCT Emea
5,Lotus,d4v41,PRX,Skye,1.37,173.0,11,6,13,5,81.0,104.0,31.0,0.0,0.0,0.0,PRX,,13,KRX,,3,1,VCT Emea
5,Lotus,something,PRX,Jett,1.34,239.0,14,7,1,7,94.0,142.0,13.0,4.0,1.0,3.0,PRX,,13,KRX,,3,1,VCT Emea
5,Lotus,f0rsakeN,PRX,Cypher,0.96,154.0,9,9,7,0,88.0,94.0,30.0,1.0,0.0,1.0,PRX,,13,KRX,,3,1,VCT Emea
5,Lotus,Rb,KRX,Killjoy,1.13,217.0,12,13,1,-1,69.0,161.0,40.0,1.0,0.0,1.0,PRX,,13,KRX,,3,0,VCT Emea
5,Lotus,MaKo,KRX,Viper,0.87,218.0,11,15,4,-4,63.0,150.0,29.0,2.0,3.0,-1.0,PRX,,13,KRX,,3,0,VCT Emea
5,Lotus,BuZz,KRX,Raze,0.71,174.0,8,14,3,-6,44.0,106.0,11.0,0.0,0.0,0.0,PRX,,13,KRX,,3,0,VCT Emea
5,Lotus,Zest,KRX,Fade,0.31,78.0,5,15,3,-10,50.0,53.0,31.0,1.0,4.0,-3.0,PRX,,13,KRX,,3,0,VCT Emea
5,Lotus,stax,KRX,Omen,0.26,82.0,4,14,6,-10,50.0,47.0,31.0,0.0,5.0,-5.0,PRX,,13,KRX,,3,0,VCT Emea
0,Ascent,Laz,ZETA,Sova,1.39,239.0,15,11,6,4,72.0,146.0,16.0,1.0,0.0,1.0,ZETA,,5,KRX,,13,0,VCT Emea
0,Ascent,TENNN,ZETA,Killjoy,0.89,234.0,15,14,6,1,61.0,145.0,32.0,1.0,4.0,-3.0,ZETA,,5,KRX,,13,0,VCT Emea
0,Ascent,Dep,ZETA,Jett,0.66,173.0,10,15,2,-5,67.0,123.0,18.0,4.0,2.0,2.0,ZETA,,5,KRX,,13,0,VCT Emea
0,Ascent,crow,ZETA,Kayo,0.57,142.0,8,15,4,-7,83.0,92.0,29.0,3.0,2.0,1.0,ZETA,,5,KRX,,13,0,VCT Emea
0,Ascent,SugarZ3ro,ZETA,Omen,0.51,114.0,7,16,8,-9,61.0,63.0,13.0,0.0,1.0,-1.0,ZETA,,5,KRX,,13,0,VCT Emea
0,Ascent,MaKo,KRX,Omen,1.69,257.0,15,9,20,6,83.0,172.0,30.0,1.0,2.0,-1.0,ZETA,,5,KRX,,13,1,VCT Emea
0,Ascent,Foxy9,KRX,Jett,1.31,275.0,18,11,4,7,72.0,167.0,17.0,5.0,4.0,1.0,ZETA,,5,KRX,,13,1,VCT Emea
0,Ascent,stax,KRX,Kayo,1.25,299.0,17,15,8,2,83.0,190.0,28.0,2.0,1.0,1.0,ZETA,,5,KRX,,13,1,VCT Emea
0,Ascent,Zest,KRX,Sova,0.99,168.0,11,10,3,1,67.0,95.0,31.0,1.0,0.0,1.0,ZETA,,5,KRX,,13,1,VCT Emea
0,Ascent,Rb,KRX,Killjoy,0.79,125.0,10,10,0,0,67.0,63.0,19.0,0.0,2.0,-2.0,ZETA,,5,KRX,,13,1,VCT Emea
2,Pearl,SugarZ3ro,ZETA,Viper,0.99,229.0,14,13,4,1,72.0,152.0,27.0,1.0,2.0,-1.0,ZETA,,5,KRX,,13,0,VCT Emea
2,Pearl,Dep,ZETA,Jett,0.92,224.0,13,16,3,-3,72.0,141.0,32.0,5.0,2.0,3.0,ZETA,,5,KRX,,13,0,VCT Emea
2,Pearl,Laz,ZETA,Skye,0.74,133.0,9,10,4,-1,78.0,83.0,33.0,1.0,0.0,1.0,ZETA,,5,KRX,,13,0,VCT Emea
2,Pearl,crow,ZETA,Harbor,0.59,121.0,9,11,2,-2,78.0,85.0,16.0,0.0,0.0,0.0,ZETA,,5,KRX,,13,0,VCT Emea
2,Pearl,TENNN,ZETA,Killjoy,0.31,111.0,7,16,1,-9,50.0,82.0,25.0,2.0,5.0,-3.0,ZETA,,5,KRX,,13,0,VCT Emea
2,Pearl,MaKo,KRX,Viper,1.36,206.0,12,8,10,4,89.0,118.0,18.0,2.0,1.0,1.0,ZETA,,5,KRX,,13,1,VCT Emea
2,Pearl,stax,KRX,Kayo,1.31,270.0,17,11,4,6,67.0,185.0,36.0,2.0,3.0,-1.0,ZETA,,5,KRX,,13,1,VCT Emea
2,Pearl,Zest,KRX,Fade,1.24,211.0,14,10,6,4,83.0,110.0,33.0,0.0,1.0,-1.0,ZETA,,5,KRX,,13,1,VCT Emea
2,Pearl,Rb,KRX,Harbor,1.1,179.0,10,10,14,0,89.0,97.0,16.0,2.0,0.0,2.0,ZETA,,5,KRX,,13,1,VCT Emea
2,Pearl,Foxy9,KRX,Jett,0.79,178.0,13,13,0,0,61.0,109.0,29.0,3.0,4.0,-1.0,ZETA,,5,KRX,,13,1,VCT Emea
0,Pearl,Munchkin,T1,Killjoy,1.45,306.0,23,12,4,11,86.0,205.0,23.0,2.0,2.0,0.0,T1,,13,GE,,8,1,VCT Emea
0,Pearl,carpe,T1,Skye,1.35,253.0,20,14,7,6,90.0,153.0,58.0,5.0,1.0,4.0,T1,,13,GE,,8,1,VCT Emea
0,Pearl,xeta,T1,Harbor,1.26,170.0,14,9,4,5,86.0,99.0,21.0,0.0,2.0,-2.0,T1,,13,GE,,8,1,VCT Emea
0,Pearl,iNTRO,T1,Viper,1.02,211.0,14,12,12,2,86.0,139.0,18.0,0.0,1.0,-1.0,T1,,13,GE,,8,1,VCT Emea
0,Pearl,Sayaplayer,T1,Jett,0.98,189.0,15,12,1,3,71.0,122.0,26.0,3.0,5.0,-2.0,T1,,13,GE,,8,1,VCT Emea
0,Pearl,Bazzi,GE,Fade,1.15,263.0,16,18,14,-2,76.0,173.0,15.0,3.0,1.0,2.0,T1,,13,GE,,8,0,VCT Emea
0,Pearl,AYRIN,GE,Killjoy,1.01,175.0,12,15,4,-3,71.0,126.0,9.0,1.0,1.0,0.0,T1,,13,GE,,8,0,VCT Emea
0,Pearl,t3xture,GE,Jett,0.93,226.0,18,19,1,-1,67.0,138.0,28.0,5.0,4.0,1.0,T1,,13,GE,,8,0,VCT Emea
0,Pearl,WRONSKI,GE,Kayo,0.56,118.0,7,17,12,-10,67.0,90.0,24.0,0.0,2.0,-2.0,T1,,13,GE,,8,0,VCT Emea
0,Pearl,Monyet,GE,Astra,0.46,93.0,6,17,8,-11,62.0,57.0,29.0,2.0,2.0,0.0,T1,,13,GE,,8,0,VCT Emea
2,Haven,xeta,T1,Sova,1.46,270.0,15,11,5,4,88.0,176.0,38.0,1.0,0.0,1.0,T1,,4,GE,,13,0,VCT Emea
2,Haven,Sayaplayer,T1,Jett,0.87,189.0,11,13,2,-2,65.0,109.0,27.0,3.0,4.0,-1.0,T1,,4,GE,,13,0,VCT Emea
2,Haven,ban,T1,Omen,0.68,128.0,8,13,5,-5,65.0,75.0,26.0,1.0,2.0,-1.0,T1,,4,GE,,13,0,VCT Emea
2,Haven,Munchkin,T1,Killjoy,0.46,141.0,7,16,2,-9,41.0,97.0,15.0,0.0,5.0,-5.0,T1,,4,GE,,13,0,VCT Emea
2,Haven,carpe,T1,Breach,0.38,108.0,5,14,3,-9,59.0,66.0,38.0,0.0,1.0,-1.0,T1,,4,GE,,13,0,VCT Emea
2,Haven,t3xture,GE,Jett,1.48,339.0,21,12,2,9,88.0,205.0,30.0,5.0,2.0,3.0,T1,,4,GE,,13,1,VCT Emea
2,Haven,Bazzi,GE,Skye,1.47,211.0,14,7,9,7,82.0,130.0,23.0,2.0,0.0,2.0,T1,,4,GE,,13,1,VCT Emea
2,Haven,AYRIN,GE,Killjoy,1.36,225.0,14,5,5,9,76.0,156.0,25.0,1.0,2.0,-1.0,T1,,4,GE,,13,1,VCT Emea
2,Haven,WRONSKI,GE,Kayo,1.03,201.0,11,10,11,1,94.0,125.0,20.0,3.0,1.0,2.0,T1,,4,GE,,13,1,VCT Emea
2,Haven,Monyet,GE,Omen,0.58,122.0,7,12,10,-5,100.0,65.0,10.0,1.0,0.0,1.0,T1,,4,GE,,13,1,VCT Emea
3,Lotus,xeta,T1,Harbor,1.92,273.0,21,8,8,13,80.0,178.0,37.0,1.0,0.0,1.0,T1,,13,GE,,7,1,VCT Emea
3,Lotus,Munchkin,T1,Killjoy,1.19,255.0,18,13,6,5,80.0,161.0,26.0,4.0,3.0,1.0,T1,,13,GE,,7,1,VCT Emea
3,Lotus,ban,T1,Viper,1.17,168.0,11,11,10,0,80.0,130.0,23.0,2.0,1.0,1.0,T1,,13,GE,,7,1,VCT Emea
3,Lotus,Sayaplayer,T1,Jett,1.02,236.0,17,13,1,4,70.0,152.0,28.0,5.0,2.0,3.0,T1,,13,GE,,7,1,VCT Emea
3,Lotus,carpe,T1,Skye,0.96,178.0,13,12,10,1,75.0,106.0,19.0,0.0,2.0,-2.0,T1,,13,GE,,7,1,VCT Emea
3,Lotus,Monyet,GE,Omen,1.01,195.0,14,15,7,-1,75.0,129.0,30.0,0.0,2.0,-2.0,T1,,13,GE,,7,0,VCT Emea
3,Lotus,Bazzi,GE,Breach,0.81,162.0,12,16,7,-4,75.0,111.0,21.0,0.0,1.0,-1.0,T1,,13,GE,,7,0,VCT Emea
3,Lotus,WRONSKI,GE,Jett,0.78,214.0,14,17,2,-3,60.0,129.0,35.0,6.0,5.0,1.0,T1,,13,GE,,7,0,VCT Emea
3,Lotus,t3xture,GE,Raze,0.59,159.0,11,17,2,-6,60.0,109.0,24.0,1.0,4.0,-3.0,T1,,13,GE,,7,0,VCT Emea
3,Lotus,AYRIN,GE,Killjoy,0.48,93.0,6,15,2,-9,60.0,64.0,13.0,1.0,0.0,1.0,T1,,13,GE,,7,0,VCT Emea
0,Pearl,Benkai,PRX,Killjoy,1.46,321.0,19,12,6,7,89.0,227.0,21.0,3.0,0.0,3.0,PRX,,13,DFM,,5,1,VCT Emea
0,Pearl,Jinggg,PRX,Phoenix,1.4,294.0,19,11,7,8,61.0,188.0,24.0,1.0,3.0,-2.0,PRX,,13,DFM,,5,1,VCT Emea
0,Pearl,f0rsakeN,PRX,Jett,1.07,209.0,14,14,2,0,67.0,128.0,19.0,3.0,2.0,1.0,PRX,,13,DFM,,5,1,VCT Emea
0,Pearl,d4v41,PRX,Skye,0.87,164.0,11,12,5,-1,67.0,104.0,19.0,0.0,2.0,-2.0,PRX,,13,DFM,,5,1,VCT Emea
0,Pearl,mindfreak,PRX,Astra,0.52,119.0,8,13,2,-5,67.0,99.0,43.0,0.0,4.0,-4.0,PRX,,13,DFM,,5,1,VCT Emea
0,Pearl,takej,DFM,Viper,1.18,227.0,16,15,5,1,78.0,176.0,43.0,3.0,1.0,2.0,PRX,,13,DFM,,5,0,VCT Emea
0,Pearl,Suggest,DFM,Jett,1.18,257.0,15,13,5,2,83.0,161.0,44.0,4.0,3.0,1.0,PRX,,13,DFM,,5,0,VCT Emea
0,Pearl,Reita,DFM,Killjoy,1.02,223.0,14,15,4,-1,72.0,170.0,27.0,1.0,1.0,0.0,PRX,,13,DFM,,5,0,VCT Emea
0,Pearl,Anthem,DFM,Skye,0.81,169.0,9,14,11,-5,78.0,124.0,27.0,1.0,0.0,1.0,PRX,,13,DFM,,5,0,VCT Emea
0,Pearl,xnfri,DFM,Harbor,0.76,143.0,8,14,10,-6,78.0,99.0,28.0,2.0,2.0,0.0,PRX,,13,DFM,,5,0,VCT Emea
2,Lotus,d4v41,PRX,Skye,1.49,285.0,25,16,10,9,71.0,181.0,28.0,2.0,2.0,0.0,PRX,,13,DFM,,11,1,VCT Emea
2,Lotus,Jinggg,PRX,Raze,0.91,218.0,17,19,5,-2,79.0,132.0,14.0,2.0,2.0,0.0,PRX,,13,DFM,,11,1,VCT Emea
2,Lotus,Benkai,PRX,Killjoy,0.84,190.0,15,20,4,-5,54.0,128.0,23.0,4.0,2.0,2.0,PRX,,13,DFM,,11,1,VCT Emea
2,Lotus,mindfreak,PRX,Astra,0.83,151.0,14,17,4,-3,58.0,104.0,42.0,2.0,1.0,1.0,PRX,,13,DFM,,11,1,VCT Emea
2,Lotus,f0rsakeN,PRX,Yoru,0.38,150.0,11,22,7,-11,67.0,97.0,19.0,1.0,6.0,-5.0,PRX,,13,DFM,,11,1,VCT Emea
2,Lotus,Suggest,DFM,Raze,1.43,321.0,29,19,3,10,79.0,210.0,25.0,3.0,1.0,2.0,PRX,,13,DFM,,11,0,VCT Emea
2,Lotus,Reita,DFM,Cypher,1.42,233.0,20,13,4,7,75.0,160.0,25.0,4.0,2.0,2.0,PRX,,13,DFM,,11,0,VCT Emea
2,Lotus,Anthem,DFM,Skye,1.21,250.0,21,16,15,5,79.0,159.0,26.0,2.0,5.0,-3.0,PRX,,13,DFM,,11,0,VCT Emea
2,Lotus,xnfri,DFM,Omen,0.87,175.0,14,17,14,-3,71.0,106.0,37.0,3.0,2.0,1.0,PRX,,13,DFM,,11,0,VCT Emea
2,Lotus,takej,DFM,Viper,0.71,137.0,10,17,11,-7,75.0,98.0,36.0,1.0,1.0,0.0,PRX,,13,DFM,,11,0,VCT Emea
0,Ascent,invy,TS,Kayo,1.38,250.0,16,10,10,6,72.0,156.0,33.0,4.0,3.0,1.0,TS,,13,TLN,,5,1,VCT Emea
0,Ascent,Jremy,TS,Killjoy,1.38,295.0,20,10,4,10,72.0,173.0,18.0,1.0,1.0,0.0,TS,,13,TLN,,5,1,VCT Emea
0,Ascent,BORKUM,TS,Omen,1.28,172.0,11,10,11,1,83.0,125.0,20.0,1.0,1.0,0.0,TS,,13,TLN,,5,1,VCT Emea
0,Ascent,DubsteP,TS,Jett,1.01,212.0,14,13,4,1,78.0,139.0,29.0,2.0,2.0,0.0,TS,,13,TLN,,5,1,VCT Emea
0,Ascent,JessieVash,TS,Sova,0.94,192.0,11,12,6,-1,67.0,129.0,38.0,2.0,1.0,1.0,TS,,13,TLN,,5,1,VCT Emea
0,Ascent,JitBoyS,TLN,Kayo,1.11,201.0,14,14,8,0,72.0,130.0,34.0,1.0,2.0,-1.0,TS,,13,TLN,,5,0,VCT Emea
0,Ascent,Patiphan,TLN,Sage,1.02,211.0,13,13,5,0,72.0,149.0,24.0,2.0,2.0,0.0,TS,,13,TLN,,5,0,VCT Emea
0,Ascent,garnetS,TLN,Jett,0.82,202.0,11,16,5,-5,56.0,136.0,16.0,3.0,5.0,-2.0,TS,,13,TLN,,5,0,VCT Emea
0,Ascent,Crws,TLN,Astra,0.78,182.0,11,15,10,-4,67.0,125.0,29.0,0.0,0.0,0.0,TS,,13,TLN,,5,0,VCT Emea
0,Ascent,foxz,TLN,Fade,0.67,132.0,6,14,11,-8,67.0,89.0,26.0,2.0,1.0,1.0,TS,,13,TLN,,5,0,VCT Emea
2,Icebox,invy,TS,Kayo,1.76,330.0,26,16,10,10,81.0,195.0,33.0,2.0,1.0,1.0,TS,,8,TLN,,13,0,VCT Emea
2,Icebox,Jremy,TS,Sage,0.86,217.0,15,18,7,-3,71.0,128.0,22.0,4.0,4.0,0.0,TS,,8,TLN,,13,0,VCT Emea
2,Icebox,DubsteP,TS,Killjoy,0.8,206.0,13,19,5,-6,76.0,152.0,21.0,1.0,2.0,-1.0,TS,,8,TLN,,13,0,VCT Emea
2,Icebox,JessieVash,TS,Sova,0.61,134.0,9,18,8,-9,62.0,107.0,17.0,2.0,3.0,-1.0,TS,,8,TLN,,13,0,VCT Emea
2,Icebox,BORKUM,TS,Viper,0.54,116.0,7,17,7,-10,62.0,85.0,29.0,0.0,2.0,-2.0,TS,,8,TLN,,13,0,VCT Emea
2,Icebox,Crws,TLN,Viper,1.57,302.0,22,12,10,10,90.0,204.0,30.0,4.0,0.0,4.0,TS,,8,TLN,,13,1,VCT Emea
2,Icebox,Sushiboys,TLN,Killjoy,1.18,184.0,15,13,7,2,86.0,120.0,26.0,1.0,2.0,-1.0,TS,,8,TLN,,13,1,VCT Emea
2,Icebox,Patiphan,TLN,Harbor,1.0,260.0,20,17,9,3,81.0,161.0,21.0,0.0,2.0,-2.0,TS,,8,TLN,,13,1,VCT Emea
2,Icebox,foxz,TLN,Sova,0.98,207.0,16,14,2,2,62.0,139.0,27.0,3.0,3.0,0.0,TS,,8,TLN,,13,1,VCT Emea
2,Icebox,garnetS,TLN,Jett,0.97,211.0,15,14,6,1,81.0,126.0,16.0,4.0,2.0,2.0,TS,,8,TLN,,13,1,VCT Emea
3,Fracture,BORKUM,TS,Brimstone,1.84,317.0,20,7,8,13,94.0,167.0,17.0,3.0,0.0,3.0,TS,,13,TLN,,3,1,VCT Emea
3,Fracture,JessieVash,TS,Fade,1.37,278.0,17,10,6,7,81.0,183.0,25.0,2.0,1.0,1.0,TS,,13,TLN,,3,1,VCT Emea
3,Fracture,DubsteP,TS,Cypher,1.19,195.0,12,8,2,4,75.0,132.0,36.0,0.0,2.0,-2.0,TS,,13,TLN,,3,1,VCT Emea
3,Fracture,invy,TS,Breach,1.11,163.0,10,8,5,2,81.0,115.0,21.0,1.0,1.0,0.0,TS,,13,TLN,,3,1,VCT Emea
3,Fracture,Jremy,TS,Raze,0.74,201.0,9,12,5,-3,81.0,140.0,10.0,3.0,3.0,0.0,TS,,13,TLN,,3,1,VCT Emea
3,Fracture,JitBoyS,TLN,Breach,1.02,216.0,12,13,4,-1,75.0,127.0,41.0,1.0,0.0,1.0,TS,,13,TLN,,3,0,VCT Emea
3,Fracture,Sushiboys,TLN,Killjoy,0.76,156.0,9,13,1,-4,63.0,115.0,20.0,0.0,0.0,0.0,TS,,13,TLN,,3,0,VCT Emea
3,Fracture,foxz,TLN,Kayo,0.63,177.0,9,15,7,-6,69.0,103.0,33.0,3.0,2.0,1.0,TS,,13,TLN,,3,0,VCT Emea
3,Fracture,garnetS,TLN,Neon,0.62,132.0,7,13,1,-6,50.0,86.0,25.0,3.0,4.0,-1.0,TS,,13,TLN,,3,0,VCT Emea
3,Fracture,Crws,TLN,Brimstone,0.57,171.0,8,14,3,-6,50.0,112.0,27.0,0.0,3.0,-3.0,TS,,13,TLN,,3,0,VCT Emea
0,Fracture,xffero,RRQ,Fade,1.44,252.0,21,14,9,7,77.0,149.0,26.0,3.0,2.0,1.0,RRQ,,9,GEN,,13,0,VCT Emea
0,Fracture,2GE,RRQ,Brimstone,1.08,190.0,14,14,6,0,68.0,128.0,20.0,1.0,1.0,0.0,RRQ,,9,GEN,,13,0,VCT Emea
0,Fracture,fl1pzjder,RRQ,Breach,0.85,182.0,13,18,17,-5,68.0,114.0,18.0,1.0,1.0,0.0,RRQ,,9,GEN,,13,0,VCT Emea
0,Fracture,EJAY,RRQ,Raze,0.74,206.0,16,19,2,-3,73.0,135.0,20.0,4.0,1.0,3.0,RRQ,,9,GEN,,13,0,VCT Emea
0,Fracture,Lmemore,RRQ,Cypher,0.53,166.0,12,20,6,-8,50.0,102.0,43.0,4.0,4.0,0.0,RRQ,,9,GEN,,13,0,VCT Emea
0,Fracture,k1Ng,GEN,Viper,1.4,278.0,22,14,8,8,77.0,179.0,44.0,0.0,3.0,-3.0,RRQ,,9,GEN,,13,1,VCT Emea
0,Fracture,Meteor,GEN,Raze,1.31,289.0,22,17,6,5,82.0,183.0,13.0,7.0,4.0,3.0,RRQ,,9,GEN,,13,1,VCT Emea
0,Fracture,GodDead,GEN,Kayo,1.18,177.0,13,13,18,0,82.0,112.0,19.0,0.0,2.0,-2.0,RRQ,,9,GEN,,13,1,VCT Emea
0,Fracture,eKo,GEN,Breach,0.92,178.0,13,16,11,-3,68.0,116.0,42.0,2.0,0.0,2.0,RRQ,,9,GEN,,13,1,VCT Emea
0,Fracture,TS,GEN,Astra,0.9,205.0,15,16,10,-1,73.0,126.0,28.0,0.0,4.0,-4.0,RRQ,,9,GEN,,13,1,VCT Emea
2,Lotus,xffero,RRQ,Skye,1.22,235.0,15,14,9,1,74.0,139.0,33.0,1.0,2.0,-1.0,RRQ,,6,GEN,,13,0,VCT Emea
2,Lotus,fl1pzjder,RRQ,Breach,1.07,218.0,12,15,14,-3,79.0,121.0,23.0,3.0,0.0,3.0,RRQ,,6,GEN,,13,0,VCT Emea
2,Lotus,Lmemore,RRQ,Killjoy,0.73,161.0,11,15,3,-4,68.0,98.0,50.0,2.0,2.0,0.0,RRQ,,6,GEN,,13,0,VCT Emea
2,Lotus,EJAY,RRQ,Jett,0.72,159.0,11,16,6,-5,74.0,94.0,20.0,2.0,4.0,-2.0,RRQ,,6,GEN,,13,0,VCT Emea
2,Lotus,2GE,RRQ,Omen,0.65,141.0,11,14,4,-3,63.0,90.0,25.0,0.0,3.0,-3.0,RRQ,,6,GEN,,13,0,VCT Emea
2,Lotus,Meteor,GEN,Jett,1.48,325.0,21,13,5,8,68.0,217.0,23.0,7.0,4.0,3.0,RRQ,,6,GEN,,13,1,VCT Emea
2,Lotus,GodDead,GEN,Kayo,1.37,238.0,15,12,19,3,84.0,152.0,30.0,1.0,1.0,0.0,RRQ,,6,GEN,,13,1,VCT Emea
2,Lotus,k1Ng,GEN,Killjoy,1.3,182.0,12,8,2,4,74.0,129.0,17.0,1.0,0.0,1.0,RRQ,,6,GEN,,13,1,VCT Emea
2,Lotus,Sylvan,GEN,Fade,1.12,226.0,16,13,9,3,79.0,159.0,28.0,1.0,1.0,0.0,RRQ,,6,GEN,,13,1,VCT Emea
2,Lotus,TS,GEN,Omen,0.67,140.0,10,14,6,-4,68.0,92.0,23.0,1.0,2.0,-1.0,RRQ,,6,GEN,,13,1,VCT Emea
0,Haven,TENNN,ZETA,Killjoy,1.65,326.0,27,15,5,12,83.0,226.0,31.0,4.0,1.0,3.0,ZETA,,10,RRQ,,13,0,VCT Emea
0,Haven,crow,ZETA,Breach,1.08,224.0,17,18,11,-1,87.0,146.0,28.0,2.0,0.0,2.0,ZETA,,10,RRQ,,13,0,VCT Emea
0,Haven,SugarZ3ro,ZETA,Omen,0.86,162.0,15,17,13,-2,87.0,109.0,26.0,1.0,4.0,-3.0,ZETA,,10,RRQ,,13,0,VCT Emea
0,Haven,Dep,ZETA,Jett,0.83,201.0,16,18,2,-2,74.0,122.0,31.0,7.0,3.0,4.0,ZETA,,10,RRQ,,13,0,VCT Emea
0,Haven,Laz,ZETA,Sova,0.51,118.0,7,18,7,-11,70.0,100.0,18.0,1.0,0.0,1.0,ZETA,,10,RRQ,,13,0,VCT Emea
0,Haven,Lmemore,RRQ,Killjoy,1.15,215.0,19,17,4,2,78.0,145.0,30.0,2.0,3.0,-1.0,ZETA,,10,RRQ,,13,1,VCT Emea
0,Haven,EJAY,RRQ,Jett,1.14,227.0,19,16,4,3,70.0,157.0,28.0,4.0,3.0,1.0,ZETA,,10,RRQ,,13,1,VCT Emea
0,Haven,xffero,RRQ,Sova,1.1,247.0,20,18,5,2,78.0,163.0,35.0,0.0,1.0,-1.0,ZETA,,10,RRQ,,13,1,VCT Emea
0,Haven,2GE,RRQ,Astra,1.02,168.0,14,14,8,0,74.0,108.0,26.0,0.0,3.0,-3.0,ZETA,,10,RRQ,,13,1,VCT Emea
0,Haven,fl1pzjder,RRQ,Breach,0.85,173.0,14,17,11,-3,61.0,107.0,33.0,2.0,5.0,-3.0,ZETA,,10,RRQ,,13,1,VCT Emea
2,Ascent,Dep,ZETA,Jett,1.28,281.0,22,16,5,6,78.0,170.0,33.0,6.0,4.0,2.0,ZETA,,13,RRQ,,10,1,VCT Emea
2,Ascent,TENNN,ZETA,Killjoy,1.18,239.0,22,16,4,6,74.0,154.0,37.0,2.0,2.0,0.0,ZETA,,13,RRQ,,10,1,VCT Emea
2,Ascent,SugarZ3ro,ZETA,Omen,0.97,189.0,16,15,13,1,83.0,108.0,10.0,0.0,3.0,-3.0,ZETA,,13,RRQ,,10,1,VCT Emea
2,Ascent,Laz,ZETA,Sova,0.77,125.0,9,13,8,-4,74.0,100.0,24.0,3.0,1.0,2.0,ZETA,,13,RRQ,,10,1,VCT Emea
2,Ascent,crow,ZETA,Kayo,0.62,147.0,9,17,16,-8,70.0,96.0,12.0,2.0,1.0,1.0,ZETA,,13,RRQ,,10,1,VCT Emea
2,Ascent,EJAY,RRQ,Jett,1.44,290.0,23,16,4,7,70.0,180.0,15.0,3.0,4.0,-1.0,ZETA,,13,RRQ,,10,0,VCT Emea
2,Ascent,xffero,RRQ,Sova,1.13,223.0,19,14,5,5,83.0,136.0,16.0,2.0,1.0,1.0,ZETA,,13,RRQ,,10,0,VCT Emea
2,Ascent,Lmemore,RRQ,Killjoy,0.98,191.0,15,17,3,-2,83.0,131.0,28.0,4.0,2.0,2.0,ZETA,,13,RRQ,,10,0,VCT Emea
2,Ascent,2GE,RRQ,Astra,0.9,139.0,10,15,15,-5,87.0,86.0,28.0,1.0,2.0,-1.0,ZETA,,13,RRQ,,10,0,VCT Emea
2,Ascent,fl1pzjder,RRQ,Kayo,0.65,144.0,10,17,15,-7,78.0,88.0,12.0,0.0,3.0,-3.0,ZETA,,13,RRQ,,10,0,VCT Emea
3,Lotus,SugarZ3ro,ZETA,Omen,2.02,332.0,22,7,7,15,83.0,216.0,30.0,5.0,0.0,5.0,ZETA,,13,RRQ,,5,1,VCT Emea
3,Lotus,TENNN,ZETA,Killjoy,1.77,342.0,23,11,3,12,89.0,229.0,33.0,2.0,0.0,2.0,ZETA,,13,RRQ,,5,1,VCT Emea
3,Lotus,crow,ZETA,Breach,1.15,197.0,13,11,12,2,89.0,139.0,21.0,1.0,1.0,0.0,ZETA,,13,RRQ,,5,1,VCT Emea
3,Lotus,Dep,ZETA,Neon,0.74,162.0,10,11,5,-1,72.0,121.0,35.0,1.0,3.0,-2.0,ZETA,,13,RRQ,,5,1,VCT Emea
3,Lotus,Laz,ZETA,Fade,0.35,82.0,5,12,5,-7,72.0,43.0,14.0,1.0,4.0,-3.0,ZETA,,13,RRQ,,5,1,VCT Emea
3,Lotus,Lmemore,RRQ,Killjoy,1.03,211.0,12,13,4,-1,72.0,143.0,30.0,5.0,3.0,2.0,ZETA,,13,RRQ,,5,0,VCT Emea
3,Lotus,fl1pzjder,RRQ,Breach,0.99,159.0,11,13,5,-2,56.0,86.0,37.0,1.0,0.0,1.0,ZETA,,13,RRQ,,5,0,VCT Emea
3,Lotus,2GE,RRQ,Omen,0.76,143.0,10,14,3,-4,61.0,86.0,31.0,0.0,4.0,-4.0,ZETA,,13,RRQ,,5,0,VCT Emea
3,Lotus,xffero,RRQ,Skye,0.64,164.0,9,17,7,-8,50.0,92.0,28.0,1.0,2.0,-1.0,ZETA,,13,RRQ,,5,0,VCT Emea
3,Lotus,EJAY,RRQ,Jett,0.64,186.0,10,16,5,-6,61.0,125.0,16.0,1.0,1.0,0.0,ZETA,,13,RRQ,,5,0,VCT Emea
0,Ascent,Patiphan,TLN,Gekko,0.94,185.0,15,15,0,0,57.0,123.0,41.0,3.0,2.0,1.0,TLN,,8,T1,,13,0,VCT Emea
0,Ascent,Crws,TLN,Omen,0.85,204.0,14,16,5,-2,52.0,138.0,29.0,1.0,3.0,-2.0,TLN,,8,T1,,13,0,VCT Emea
0,Ascent,garnetS,TLN,Jett,0.74,165.0,12,15,0,-3,67.0,110.0,40.0,4.0,4.0,0.0,TLN,,8,T1,,13,0,VCT Emea
0,Ascent,foxz,TLN,Fade,0.74,178.0,12,16,6,-4,67.0,122.0,22.0,1.0,2.0,-1.0,TLN,,8,T1,,13,0,VCT Emea
0,Ascent,Sushiboys,TLN,Killjoy,0.66,166.0,12,16,2,-4,57.0,111.0,20.0,1.0,0.0,1.0,TLN,,8,T1,,13,0,VCT Emea
0,Ascent,Sayaplayer,T1,Jett,1.39,284.0,22,12,3,10,76.0,181.0,24.0,5.0,5.0,0.0,TLN,,8,T1,,13,1,VCT Emea
0,Ascent,carpe,T1,Kayo,1.29,216.0,14,13,19,1,86.0,138.0,10.0,2.0,3.0,-1.0,TLN,,8,T1,,13,1,VCT Emea
0,Ascent,xeta,T1,Sova,1.23,176.0,14,12,6,2,76.0,103.0,18.0,1.0,1.0,0.0,TLN,,8,T1,,13,1,VCT Emea
0,Ascent,Munchkin,T1,Killjoy,1.1,202.0,14,15,3,-1,71.0,138.0,22.0,1.0,1.0,0.0,TLN,,8,T1,,13,1,VCT Emea
0,Ascent,ban,T1,Omen,1.0,172.0,14,13,11,1,71.0,85.0,24.0,2.0,0.0,2.0,TLN,,8,T1,,13,1,VCT Emea
2,Haven,Patiphan,TLN,Breach,1.06,211.0,14,14,7,0,79.0,156.0,35.0,0.0,1.0,-1.0,TLN,,6,T1,,13,0,VCT Emea
2,Haven,Crws,TLN,Omen,0.91,245.0,16,16,4,0,68.0,158.0,35.0,2.0,2.0,0.0,TLN,,6,T1,,13,0,VCT Emea
2,Haven,Sushiboys,TLN,Killjoy,0.86,206.0,13,13,2,0,58.0,130.0,22.0,5.0,0.0,5.0,TLN,,6,T1,,13,0,VCT Emea
2,Haven,garnetS,TLN,Jett,0.83,187.0,11,14,3,-3,63.0,121.0,30.0,3.0,4.0,-1.0,TLN,,6,T1,,13,0,VCT Emea
2,Haven,foxz,TLN,Gekko,0.61,158.0,10,17,2,-7,58.0,102.0,22.0,1.0,1.0,0.0,TLN,,6,T1,,13,0,VCT Emea
2,Haven,Sayaplayer,T1,Jett,1.38,288.0,20,13,2,7,74.0,181.0,25.0,4.0,4.0,0.0,TLN,,6,T1,,13,1,VCT Emea
2,Haven,xeta,T1,Sova,1.25,273.0,18,14,5,4,89.0,166.0,24.0,2.0,0.0,2.0,TLN,,6,T1,,13,1,VCT Emea
2,Haven,Munchkin,T1,Killjoy,1.16,211.0,14,11,4,3,84.0,128.0,21.0,2.0,3.0,-1.0,TLN,,6,T1,,13,1,VCT Emea
2,Haven,iNTRO,T1,Omen,1.08,188.0,13,12,10,1,84.0,125.0,23.0,0.0,2.0,-2.0,TLN,,6,T1,,13,1,VCT Emea
2,Haven,carpe,T1,Breach,0.75,138.0,9,14,11,-5,68.0,92.0,36.0,0.0,2.0,-2.0,TLN,,6,T1,,13,1,VCT Emea
0,Haven,DubsteP,TS,Killjoy,1.17,223.0,23,17,1,6,75.0,132.0,22.0,2.0,1.0,1.0,TS,,11,PRX,,13,0,VCT Emea
0,Haven,Jremy,TS,Raze,1.09,274.0,22,20,5,2,88.0,179.0,13.0,9.0,5.0,4.0,TS,,11,PRX,,13,0,VCT Emea
0,Haven,BORKUM,TS,Omen,0.96,166.0,15,16,8,-1,79.0,103.0,17.0,0.0,6.0,-6.0,TS,,11,PRX,,13,0,VCT Emea
0,Haven,JessieVash,TS,Sova,0.8,160.0,13,17,9,-4,79.0,116.0,33.0,0.0,0.0,0.0,TS,,11,PRX,,13,0,VCT Emea
0,Haven,invy,TS,Breach,0.78,146.0,11,18,14,-7,67.0,97.0,23.0,1.0,0.0,1.0,TS,,11,PRX,,13,0,VCT Emea
0,Haven,d4v41,PRX,Sova,1.22,234.0,23,16,5,7,75.0,155.0,38.0,3.0,5.0,-2.0,TS,,11,PRX,,13,1,VCT Emea
0,Haven,Benkai,PRX,Cypher,1.21,235.0,21,15,5,6,67.0,156.0,18.0,1.0,2.0,-1.0,TS,,11,PRX,,13,1,VCT Emea
0,Haven,Jinggg,PRX,Raze,1.16,248.0,20,20,6,0,71.0,160.0,16.0,4.0,3.0,1.0,TS,,11,PRX,,13,1,VCT Emea
0,Haven,mindfreak,PRX,Omen,0.96,132.0,10,13,16,-3,71.0,88.0,28.0,0.0,0.0,0.0,TS,,11,PRX,,13,1,VCT Emea
0,Haven,f0rsakeN,PRX,Yoru,0.76,183.0,14,20,8,-6,75.0,123.0,27.0,4.0,2.0,2.0,TS,,11,PRX,,13,1,VCT Emea
2,Fracture,invy,TS,Breach,1.38,257.0,22,15,11,7,79.0,182.0,53.0,3.0,0.0,3.0,TS,,13,PRX,,11,1,VCT Emea
2,Fracture,DubsteP,TS,Cypher,1.35,212.0,20,13,4,7,83.0,142.0,29.0,3.0,1.0,2.0,TS,,13,PRX,,11,1,VCT Emea
2,Fracture,BORKUM,TS,Brimstone,1.11,211.0,18,16,12,2,75.0,121.0,12.0,2.0,2.0,0.0,TS,,13,PRX,,11,1,VCT Emea
2,Fracture,JessieVash,TS,Fade,0.91,171.0,13,16,7,-3,75.0,111.0,21.0,3.0,0.0,3.0,TS,,13,PRX,,11,1,VCT Emea
2,Fracture,Jremy,TS,Raze,0.6,166.0,13,19,4,-6,67.0,111.0,22.0,3.0,7.0,-4.0,TS,,13,PRX,,11,1,VCT Emea
2,Fracture,Benkai,PRX,Breach,1.16,170.0,15,14,9,1,79.0,127.0,25.0,0.0,2.0,-2.0,TS,,13,PRX,,11,0,VCT Emea
2,Fracture,Jinggg,PRX,Raze,1.07,238.0,18,20,9,-2,71.0,151.0,16.0,5.0,4.0,1.0,TS,,13,PRX,,11,0,VCT Emea
2,Fracture,d4v41,PRX,Killjoy,0.88,148.0,13,16,5,-3,71.0,103.0,27.0,2.0,0.0,2.0,TS,,13,PRX,,11,0,VCT Emea
2,Fracture,mindfreak,PRX,Viper,0.87,197.0,16,17,7,-1,75.0,122.0,18.0,0.0,4.0,-4.0,TS,,13,PRX,,11,0,VCT Emea
2,Fracture,f0rsakeN,PRX,Neon,0.84,208.0,17,19,5,-2,58.0,144.0,32.0,3.0,4.0,-1.0,TS,,13,PRX,,11,0,VCT Emea
3,Split,DubsteP,TS,Jett,1.34,265.0,22,12,2,10,87.0,166.0,23.0,5.0,2.0,3.0,TS,,13,PRX,,10,1,VCT Emea
3,Split,Jremy,TS,Raze,1.27,262.0,22,15,2,7,65.0,171.0,23.0,5.0,1.0,4.0,TS,,13,PRX,,10,1,VCT Emea
3,Split,BORKUM,TS,Astra,1.01,171.0,13,12,8,1,78.0,107.0,18.0,2.0,1.0,1.0,TS,,13,PRX,,10,1,VCT Emea
3,Split,invy,TS,Skye,0.96,159.0,13,15,16,-2,65.0,102.0,31.0,3.0,3.0,0.0,TS,,13,PRX,,10,1,VCT Emea
3,Split,JessieVash,TS,Cypher,0.9,131.0,11,11,5,0,74.0,91.0,32.0,0.0,1.0,-1.0,TS,,13,PRX,,10,1,VCT Emea
3,Split,Jinggg,PRX,Raze,1.53,311.0,23,14,3,9,65.0,198.0,15.0,4.0,2.0,2.0,TS,,13,PRX,,10,0,VCT Emea
3,Split,d4v41,PRX,Skye,0.95,153.0,12,15,6,-3,57.0,115.0,27.0,0.0,1.0,-1.0,TS,,13,PRX,,10,0,VCT Emea
3,Split,f0rsakeN,PRX,Jett,0.87,189.0,13,18,5,-5,65.0,129.0,18.0,4.0,6.0,-2.0,TS,,13,PRX,,10,0,VCT Emea
3,Split,Benkai,PRX,Viper,0.72,147.0,11,17,5,-6,57.0,99.0,19.0,0.0,3.0,-3.0,TS,,13,PRX,,10,0,VCT Emea
3,Split,mindfreak,PRX,Astra,0.47,85.0,6,17,6,-11,57.0,57.0,24.0,0.0,3.0,-3.0,TS,,13,PRX,,10,0,VCT Emea
0,Lotus,TS,GEN,Omen,1.27,250.0,19,15,10,4,86.0,155.0,25.0,3.0,1.0,2.0,GEN,,13,DFM,,8,1,VCT Emea
0,Lotus,k1Ng,GEN,Killjoy,1.06,206.0,13,14,8,-1,76.0,158.0,20.0,2.0,0.0,2.0,GEN,,13,DFM,,8,1,VCT Emea
0,Lotus,GodDead,GEN,Kayo,1.01,170.0,12,14,14,-2,81.0,108.0,22.0,0.0,0.0,0.0,GEN,,13,DFM,,8,1,VCT Emea
0,Lotus,Sylvan,GEN,Fade,0.89,186.0,14,15,7,-1,62.0,125.0,28.0,1.0,2.0,-1.0,GEN,,13,DFM,,8,1,VCT Emea
0,Lotus,Meteor,GEN,Jett,0.78,208.0,16,17,2,-1,67.0,136.0,39.0,6.0,6.0,0.0,GEN,,13,DFM,,8,1,VCT Emea
0,Lotus,Suggest,DFM,Raze,1.81,327.0,23,13,11,10,86.0,219.0,29.0,3.0,2.0,1.0,GEN,,13,DFM,,8,0,VCT Emea
0,Lotus,takej,DFM,Viper,1.11,223.0,16,15,9,1,86.0,149.0,36.0,1.0,3.0,-2.0,GEN,,13,DFM,,8,0,VCT Emea
0,Lotus,xnfri,DFM,Omen,1.07,198.0,16,14,9,2,90.0,119.0,34.0,1.0,1.0,0.0,GEN,,13,DFM,,8,0,VCT Emea
0,Lotus,Anthem,DFM,Skye,0.75,152.0,12,17,3,-5,81.0,104.0,39.0,2.0,5.0,-3.0,GEN,,13,DFM,,8,0,VCT Emea
0,Lotus,Reita,DFM,Cypher,0.61,130.0,8,15,4,-7,57.0,86.0,17.0,2.0,1.0,1.0,GEN,,13,DFM,,8,0,VCT Emea
2,Fracture,k1Ng,GEN,Viper,0.85,216.0,12,15,3,-3,76.0,145.0,29.0,1.0,1.0,0.0,GEN,,4,DFM,,13,0,VCT Emea
2,Fracture,GodDead,GEN,Kayo,0.66,156.0,9,15,7,-6,82.0,117.0,16.0,0.0,1.0,-1.0,GEN,,4,DFM,,13,0,VCT Emea
2,Fracture,TS,GEN,Astra,0.63,145.0,8,15,5,-7,53.0,96.0,43.0,0.0,4.0,-4.0,GEN,,4,DFM,,13,0,VCT Emea
2,Fracture,eKo,GEN,Breach,0.58,110.0,6,14,6,-8,71.0,82.0,17.0,0.0,1.0,-1.0,GEN,,4,DFM,,13,0,VCT Emea
2,Fracture,Meteor,GEN,Raze,0.47,167.0,8,15,3,-7,53.0,116.0,29.0,3.0,6.0,-3.0,GEN,,4,DFM,,13,0,VCT Emea
2,Fracture,Suggest,DFM,Jett,1.75,361.0,22,9,3,13,94.0,224.0,33.0,8.0,1.0,7.0,GEN,,4,DFM,,13,1,VCT Emea
2,Fracture,Reita,DFM,Cypher,1.33,239.0,17,10,5,7,94.0,152.0,41.0,2.0,0.0,2.0,GEN,,4,DFM,,13,1,VCT Emea
2,Fracture,Anthem,DFM,Skye,1.32,204.0,13,7,9,6,94.0,144.0,23.0,1.0,1.0,0.0,GEN,,4,DFM,,13,1,VCT Emea
2,Fracture,xnfri,DFM,Brimstone,1.27,192.0,11,8,12,3,94.0,124.0,11.0,0.0,0.0,0.0,GEN,,4,DFM,,13,1,VCT Emea
2,Fracture,takej,DFM,Viper,1.07,167.0,11,9,7,2,82.0,98.0,19.0,2.0,2.0,0.0,GEN,,4,DFM,,13,1,VCT Emea
3,Pearl,Meteor,GEN,Jett,1.48,287.0,24,13,2,11,76.0,171.0,24.0,7.0,2.0,5.0,GEN,,13,DFM,,8,1,VCT Emea
3,Pearl,TS,GEN,Astra,1.41,206.0,16,10,10,6,76.0,128.0,30.0,2.0,1.0,1.0,GEN,,13,DFM,,8,1,VCT Emea
3,Pearl,k1Ng,GEN,Viper,1.24,238.0,18,13,8,5,86.0,172.0,33.0,2.0,1.0,1.0,GEN,,13,DFM,,8,1,VCT Emea
3,Pearl,GodDead,GEN,Kayo,0.87,219.0,14,16,14,-2,76.0,142.0,19.0,2.0,1.0,1.0,GEN,,13,DFM,,8,1,VCT Emea
3,Pearl,Sylvan,GEN,Skye,0.8,153.0,11,15,11,-4,67.0,104.0,19.0,2.0,1.0,1.0,GEN,,13,DFM,,8,1,VCT Emea
3,Pearl,Suggest,DFM,Jett,1.22,233.0,18,16,2,2,67.0,171.0,25.0,3.0,2.0,1.0,GEN,,13,DFM,,8,0,VCT Emea
3,Pearl,Anthem,DFM,Skye,0.92,190.0,12,16,11,-4,86.0,122.0,37.0,1.0,4.0,-3.0,GEN,,13,DFM,,8,0,VCT Emea
3,Pearl,Reita,DFM,Killjoy,0.89,221.0,15,18,6,-3,62.0,168.0,32.0,1.0,4.0,-3.0,GEN,,13,DFM,,8,0,VCT Emea
3,Pearl,takej,DFM,Viper,0.83,173.0,11,16,8,-5,71.0,122.0,38.0,1.0,2.0,-1.0,GEN,,13,DFM,,8,0,VCT Emea
3,Pearl,xnfri,DFM,Harbor,0.75,160.0,10,17,10,-7,71.0,119.0,31.0,0.0,3.0,-3.0,GEN,,13,DFM,,8,0,VCT Emea
0,Haven,Monyet,GE,Omen,1.33,232.0,19,15,17,4,88.0,134.0,33.0,2.0,1.0,1.0,GE,,11,KRX,,13,0,VCT Emea
0,Haven,WRONSKI,GE,Kayo,1.15,218.0,18,16,11,2,75.0,134.0,20.0,2.0,0.0,2.0,GE,,11,KRX,,13,0,VCT Emea
0,Haven,t3xture,GE,Jett,1.1,217.0,19,14,5,5,79.0,122.0,20.0,6.0,5.0,1.0,GE,,11,KRX,,13,0,VCT Emea
0,Haven,AYRIN,GE,Killjoy,1.01,172.0,14,13,5,1,71.0,112.0,18.0,3.0,2.0,1.0,GE,,11,KRX,,13,0,VCT Emea
0,Haven,Bazzi,GE,Skye,0.8,143.0,13,15,10,-2,71.0,91.0,18.0,0.0,2.0,-2.0,GE,,11,KRX,,13,0,VCT Emea
0,Haven,Foxy9,KRX,Jett,1.69,360.0,30,15,2,15,79.0,221.0,32.0,7.0,3.0,4.0,GE,,11,KRX,,13,1,VCT Emea
0,Haven,stax,KRX,Breach,0.94,184.0,14,18,13,-4,79.0,124.0,27.0,1.0,3.0,-2.0,GE,,11,KRX,,13,1,VCT Emea
0,Haven,BuZz,KRX,Killjoy,0.81,147.0,12,16,3,-4,50.0,100.0,19.0,1.0,2.0,-1.0,GE,,11,KRX,,13,1,VCT Emea
0,Haven,Rb,KRX,Sova,0.79,130.0,11,15,5,-4,71.0,82.0,31.0,0.0,2.0,-2.0,GE,,11,KRX,,13,1,VCT Emea
0,Haven,MaKo,KRX,Omen,0.45,102.0,6,19,12,-13,58.0,67.0,18.0,1.0,3.0,-2.0,GE,,11,KRX,,13,1,VCT Emea
2,Split,Monyet,GE,Astra,1.71,327.0,39,21,14,18,84.0,211.0,26.0,5.0,1.0,4.0,GE,,15,KRX,,17,0,VCT Emea
2,Split,WRONSKI,GE,Sage,1.07,211.0,23,23,13,0,69.0,124.0,20.0,6.0,6.0,0.0,GE,,15,KRX,,17,0,VCT Emea
2,Split,Bazzi,GE,Skye,0.99,170.0,17,21,17,-4,81.0,111.0,22.0,0.0,0.0,0.0,GE,,15,KRX,,17,0,VCT Emea
2,Split,t3xture,GE,Raze,0.75,191.0,20,27,6,-7,72.0,116.0,17.0,6.0,6.0,0.0,GE,,15,KRX,,17,0,VCT Emea
2,Split,AYRIN,GE,Viper,0.7,110.0,11,19,6,-8,63.0,81.0,13.0,1.0,1.0,0.0,GE,,15,KRX,,17,0,VCT Emea
2,Split,MaKo,KRX,Viper,1.36,292.0,31,21,8,10,81.0,180.0,19.0,4.0,4.0,0.0,GE,,15,KRX,,17,1,VCT Emea
2,Split,Rb,KRX,Astra,1.04,175.0,20,19,12,1,72.0,136.0,39.0,1.0,3.0,-2.0,GE,,15,KRX,,17,1,VCT Emea
2,Split,BuZz,KRX,Kayo,0.99,190.0,21,22,12,-1,72.0,126.0,19.0,2.0,5.0,-3.0,GE,,15,KRX,,17,1,VCT Emea
2,Split,stax,KRX,Skye,0.84,180.0,18,22,7,-4,66.0,116.0,37.0,1.0,1.0,0.0,GE,,15,KRX,,17,1,VCT Emea
2,Split,Foxy9,KRX,Raze,0.75,204.0,21,26,6,-5,63.0,134.0,21.0,6.0,5.0,1.0,GE,,15,KRX,,17,1,VCT Emea
0,Haven,xffero,RRQ,Sova,2.3,379.0,24,7,5,17,88.0,244.0,29.0,1.0,0.0,1.0,RRQ,,13,DFM,,4,1,VCT Emea
0,Haven,fl1pzjder,RRQ,Breach,1.5,269.0,18,9,12,9,88.0,161.0,27.0,1.0,1.0,0.0,RRQ,,13,DFM,,4,1,VCT Emea
0,Haven,2GE,RRQ,Astra,1.09,171.0,11,10,7,1,82.0,117.0,26.0,0.0,1.0,-1.0,RRQ,,13,DFM,,4,1,VCT Emea
0,Haven,EJAY,RRQ,Jett,1.06,211.0,13,10,3,3,76.0,144.0,27.0,4.0,4.0,0.0,RRQ,,13,DFM,,4,1,VCT Emea
0,Haven,Lmemore,RRQ,Killjoy,0.84,158.0,8,11,5,-3,76.0,110.0,26.0,3.0,2.0,1.0,RRQ,,13,DFM,,4,1,VCT Emea
0,Haven,Reita,DFM,Sova,1.13,197.0,14,13,2,1,59.0,127.0,43.0,0.0,1.0,-1.0,RRQ,,13,DFM,,4,0,VCT Emea
0,Haven,takej,DFM,Killjoy,0.75,204.0,12,16,1,-4,59.0,120.0,44.0,3.0,1.0,2.0,RRQ,,13,DFM,,4,0,VCT Emea
0,Haven,Suggest,DFM,Jett,0.5,128.0,7,14,4,-7,65.0,92.0,20.0,3.0,4.0,-1.0,RRQ,,13,DFM,,4,0,VCT Emea
0,Haven,xnfri,DFM,Omen,0.47,116.0,6,15,7,-9,59.0,90.0,40.0,1.0,2.0,-1.0,RRQ,,13,DFM,,4,0,VCT Emea
0,Haven,Anthem,DFM,Breach,0.45,151.0,8,16,6,-8,65.0,97.0,22.0,1.0,1.0,0.0,RRQ,,13,DFM,,4,0,VCT Emea
2,Pearl,fl1pzjder,RRQ,Skye,1.68,294.0,23,9,1,14,80.0,181.0,30.0,4.0,2.0,2.0,RRQ,,13,DFM,,7,1,VCT Emea
2,Pearl,xffero,RRQ,Astra,1.42,258.0,18,11,10,7,95.0,167.0,29.0,3.0,1.0,2.0,RRQ,,13,DFM,,7,1,VCT Emea
2,Pearl,Lmemore,RRQ,Killjoy,1.26,228.0,17,12,5,5,75.0,162.0,37.0,1.0,3.0,-2.0,RRQ,,13,DFM,,7,1,VCT Emea
2,Pearl,2GE,RRQ,Harbor,1.07,206.0,15,13,10,2,75.0,151.0,18.0,1.0,1.0,0.0,RRQ,,13,DFM,,7,1,VCT Emea
2,Pearl,EJAY,RRQ,Jett,0.96,227.0,17,16,5,1,85.0,139.0,14.0,4.0,0.0,4.0,RRQ,,13,DFM,,7,1,VCT Emea
2,Pearl,Anthem,DFM,Skye,1.0,236.0,14,18,8,-4,85.0,164.0,16.0,2.0,1.0,1.0,RRQ,,13,DFM,,7,0,VCT Emea
2,Pearl,Reita,DFM,Killjoy,0.79,179.0,13,17,2,-4,70.0,125.0,19.0,2.0,4.0,-2.0,RRQ,,13,DFM,,7,0,VCT Emea
2,Pearl,xnfri,DFM,Harbor,0.73,176.0,12,17,5,-5,65.0,112.0,22.0,0.0,0.0,0.0,RRQ,,13,DFM,,7,0,VCT Emea
2,Pearl,takej,DFM,Viper,0.55,159.0,11,19,4,-8,80.0,100.0,33.0,0.0,4.0,-4.0,RRQ,,13,DFM,,7,0,VCT Emea
2,Pearl,Suggest,DFM,Jett,0.53,146.0,11,19,3,-8,70.0,97.0,36.0,3.0,4.0,-1.0,RRQ,,13,DFM,,7,0,VCT Emea
0,Pearl,xeta,T1,Harbor,1.04,248.0,14,14,4,0,75.0,140.0,32.0,1.0,0.0,1.0,T1,,3,PRX,,13,0,VCT Emea
0,Pearl,iNTRO,T1,Viper,1.03,218.0,11,13,3,-2,56.0,157.0,38.0,0.0,1.0,-1.0,T1,,3,PRX,,13,0,VCT Emea
0,Pearl,Munchkin,T1,Killjoy,0.66,144.0,8,14,2,-6,56.0,84.0,35.0,2.0,1.0,1.0,T1,,3,PRX,,13,0,VCT Emea
0,Pearl,Sayaplayer,T1,Jett,0.43,113.0,6,14,2,-8,44.0,73.0,13.0,2.0,6.0,-4.0,T1,,3,PRX,,13,0,VCT Emea
0,Pearl,carpe,T1,Skye,0.29,116.0,5,15,4,-10,63.0,82.0,23.0,0.0,3.0,-3.0,T1,,3,PRX,,13,0,VCT Emea
0,Pearl,f0rsakeN,PRX,Killjoy,2.11,422.0,26,9,1,17,94.0,277.0,30.0,4.0,0.0,4.0,T1,,3,PRX,,13,1,VCT Emea
0,Pearl,something,PRX,Jett,1.54,304.0,18,8,0,10,75.0,175.0,29.0,6.0,2.0,4.0,T1,,3,PRX,,13,1,VCT Emea
0,Pearl,d4v41,PRX,Skye,1.16,168.0,11,8,9,3,75.0,126.0,14.0,1.0,1.0,0.0,T1,,3,PRX,,13,1,VCT Emea
0,Pearl,mindfreak,PRX,Astra,1.03,155.0,10,7,5,3,81.0,86.0,28.0,0.0,1.0,-1.0,T1,,3,PRX,,13,1,VCT Emea
0,Pearl,Jinggg,PRX,Phoenix,0.52,127.0,5,12,9,-7,63.0,96.0,5.0,0.0,1.0,-1.0,T1,,3,PRX,,13,1,VCT Emea
2,Fracture,Munchkin,T1,Killjoy,1.17,228.0,15,15,2,0,63.0,153.0,27.0,2.0,3.0,-1.0,T1,,6,PRX,,13,0,VCT Emea
2,Fracture,Sayaplayer,T1,Raze,0.94,200.0,12,14,3,-2,74.0,127.0,13.0,1.0,5.0,-4.0,T1,,6,PRX,,13,0,VCT Emea
2,Fracture,carpe,T1,Brimstone,0.81,141.0,10,15,7,-5,68.0,90.0,23.0,1.0,1.0,0.0,T1,,6,PRX,,13,0,VCT Emea
2,Fracture,xeta,T1,Breach,0.73,174.0,9,15,10,-6,47.0,117.0,24.0,0.0,0.0,0.0,T1,,6,PRX,,13,0,VCT Emea
2,Fracture,ban,T1,Jett,0.19,90.0,5,17,2,-12,53.0,58.0,22.0,2.0,4.0,-2.0,T1,,6,PRX,,13,0,VCT Emea
2,Fracture,mindfreak,PRX,Brimstone,1.91,273.0,19,7,18,12,89.0,168.0,38.0,0.0,0.0,0.0,T1,,6,PRX,,13,1,VCT Emea
2,Fracture,Benkai,PRX,Breach,1.26,198.0,15,10,9,5,89.0,106.0,22.0,3.0,1.0,2.0,T1,,6,PRX,,13,1,VCT Emea
2,Fracture,f0rsakeN,PRX,Neon,1.25,271.0,18,12,5,6,89.0,172.0,22.0,8.0,4.0,4.0,T1,,6,PRX,,13,1,VCT Emea
2,Fracture,d4v41,PRX,Killjoy,1.16,190.0,13,9,4,4,74.0,140.0,15.0,1.0,0.0,1.0,T1,,6,PRX,,13,1,VCT Emea
2,Fracture,Jinggg,PRX,Raze,0.76,153.0,11,13,6,-2,74.0,108.0,11.0,1.0,1.0,0.0,T1,,6,PRX,,13,1,VCT Emea
0,Pearl,SugarZ3ro,ZETA,Viper,1.44,294.0,24,14,6,10,68.0,178.0,29.0,2.0,2.0,0.0,ZETA,,9,GE,,13,0,VCT Emea
0,Pearl,Dep,ZETA,Jett,1.15,283.0,21,19,7,2,86.0,172.0,26.0,5.0,1.0,4.0,ZETA,,9,GE,,13,0,VCT Emea
0,Pearl,Laz,ZETA,Skye,0.86,166.0,14,15,8,-1,77.0,97.0,22.0,2.0,3.0,-1.0,ZETA,,9,GE,,13,0,VCT Emea
0,Pearl,TENNN,ZETA,Killjoy,0.66,139.0,9,16,6,-7,73.0,104.0,29.0,2.0,4.0,-2.0,ZETA,,9,GE,,13,0,VCT Emea
0,Pearl,crow,ZETA,Harbor,0.29,98.0,7,20,7,-13,59.0,67.0,19.0,0.0,1.0,-1.0,ZETA,,9,GE,,13,0,VCT Emea
0,Pearl,t3xture,GE,Jett,1.59,293.0,24,13,4,11,68.0,184.0,26.0,3.0,3.0,0.0,ZETA,,9,GE,,13,1,VCT Emea
0,Pearl,Monyet,GE,Astra,1.17,236.0,20,15,5,5,77.0,141.0,26.0,3.0,2.0,1.0,ZETA,,9,GE,,13,1,VCT Emea
0,Pearl,Bazzi,GE,Fade,1.16,182.0,14,13,12,1,77.0,116.0,24.0,0.0,2.0,-2.0,ZETA,,9,GE,,13,1,VCT Emea
0,Pearl,AYRIN,GE,Killjoy,1.02,202.0,16,16,4,0,82.0,139.0,21.0,2.0,0.0,2.0,ZETA,,9,GE,,13,1,VCT Emea
0,Pearl,WRONSKI,GE,Kayo,0.67,148.0,10,18,15,-8,77.0,108.0,30.0,3.0,4.0,-1.0,ZETA,,9,GE,,13,1,VCT Emea
2,Ascent,Dep,ZETA,Jett,1.37,302.0,28,19,3,9,81.0,200.0,33.0,5.0,3.0,2.0,ZETA,,14,GE,,12,1,VCT Emea
2,Ascent,crow,ZETA,Kayo,1.27,226.0,22,17,17,5,92.0,139.0,24.0,1.0,2.0,-1.0,ZETA,,14,GE,,12,1,VCT Emea
2,Ascent,SugarZ3ro,ZETA,Omen,1.11,203.0,16,18,19,-2,85.0,141.0,29.0,3.0,2.0,1.0,ZETA,,14,GE,,12,1,VCT Emea
2,Ascent,Laz,ZETA,Sova,1.0,132.0,12,15,15,-3,88.0,95.0,31.0,1.0,1.0,0.0,ZETA,,14,GE,,12,1,VCT Emea
2,Ascent,TENNN,ZETA,Killjoy,0.79,191.0,17,20,4,-3,77.0,131.0,48.0,4.0,4.0,0.0,ZETA,,14,GE,,12,1,VCT Emea
2,Ascent,Monyet,GE,Omen,1.39,231.0,23,17,15,6,88.0,139.0,24.0,1.0,1.0,0.0,ZETA,,14,GE,,12,0,VCT Emea
2,Ascent,Bazzi,GE,Sova,1.21,201.0,18,14,9,4,81.0,130.0,12.0,2.0,1.0,1.0,ZETA,,14,GE,,12,0,VCT Emea
2,Ascent,WRONSKI,GE,Kayo,0.87,211.0,18,23,16,-5,69.0,131.0,41.0,3.0,3.0,0.0,ZETA,,14,GE,,12,0,VCT Emea
2,Ascent,AYRIN,GE,Killjoy,0.73,153.0,15,19,2,-4,58.0,110.0,23.0,1.0,2.0,-1.0,ZETA,,14,GE,,12,0,VCT Emea
2,Ascent,t3xture,GE,Jett,0.56,160.0,15,22,3,-7,69.0,101.0,21.0,5.0,7.0,-2.0,ZETA,,14,GE,,12,0,VCT Emea
3,Haven,Dep,ZETA,Jett,2.02,390.0,29,12,2,17,86.0,241.0,36.0,5.0,3.0,2.0,ZETA,,13,GE,,8,1,VCT Emea
3,Haven,TENNN,ZETA,Killjoy,1.09,245.0,16,15,5,1,71.0,164.0,37.0,2.0,3.0,-1.0,ZETA,,13,GE,,8,1,VCT Emea
3,Haven,Laz,ZETA,Sova,1.03,154.0,10,10,7,0,90.0,101.0,33.0,4.0,0.0,4.0,ZETA,,13,GE,,8,1,VCT Emea
3,Haven,SugarZ3ro,ZETA,Omen,0.98,162.0,13,14,13,-1,71.0,92.0,23.0,0.0,4.0,-4.0,ZETA,,13,GE,,8,1,VCT Emea
3,Haven,crow,ZETA,Breach,0.9,179.0,12,14,8,-2,71.0,123.0,31.0,0.0,0.0,0.0,ZETA,,13,GE,,8,1,VCT Emea
3,Haven,Bazzi,GE,Skye,1.07,180.0,12,14,11,-2,90.0,124.0,14.0,0.0,1.0,-1.0,ZETA,,13,GE,,8,0,VCT Emea
3,Haven,WRONSKI,GE,Kayo,1.06,200.0,14,14,13,0,81.0,128.0,27.0,2.0,1.0,1.0,ZETA,,13,GE,,8,0,VCT Emea
3,Haven,Monyet,GE,Omen,0.85,168.0,11,16,14,-5,81.0,105.0,26.0,2.0,3.0,-1.0,ZETA,,13,GE,,8,0,VCT Emea
3,Haven,AYRIN,GE,Killjoy,0.74,191.0,14,17,3,-3,62.0,125.0,18.0,2.0,4.0,-2.0,ZETA,,13,GE,,8,0,VCT Emea
3,Haven,t3xture,GE,Jett,0.57,172.0,14,19,3,-5,76.0,98.0,15.0,4.0,2.0,2.0,ZETA,,13,GE,,8,0,VCT Emea
0,Split,Sushiboys,TLN,Jett,0.96,211.0,11,14,2,-3,63.0,132.0,18.0,0.0,1.0,-1.0,TLN,,3,KRX,,13,0,VCT Emea
0,Split,foxz,TLN,Yoru,0.72,202.0,11,14,3,-3,56.0,122.0,36.0,2.0,1.0,1.0,TLN,,3,KRX,,13,0,VCT Emea
0,Split,Crws,TLN,Breach,0.65,158.0,7,14,3,-7,50.0,118.0,17.0,2.0,1.0,1.0,TLN,,3,KRX,,13,0,VCT Emea
0,Split,Patiphan,TLN,Astra,0.33,98.0,4,15,4,-11,50.0,72.0,6.0,1.0,1.0,0.0,TLN,,3,KRX,,13,0,VCT Emea
0,Split,JitBoyS,TLN,Raze,0.24,95.0,4,15,2,-11,50.0,66.0,7.0,1.0,6.0,-5.0,TLN,,3,KRX,,13,0,VCT Emea
0,Split,MaKo,KRX,Viper,1.61,293.0,16,7,8,9,88.0,191.0,33.0,2.0,1.0,1.0,TLN,,3,KRX,,13,1,VCT Emea
0,Split,BuZz,KRX,Kayo,1.55,179.0,13,6,16,7,81.0,114.0,48.0,0.0,0.0,0.0,TLN,,3,KRX,,13,1,VCT Emea
0,Split,stax,KRX,Skye,1.5,199.0,12,6,5,6,88.0,124.0,27.0,2.0,1.0,1.0,TLN,,3,KRX,,13,1,VCT Emea
0,Split,Rb,KRX,Astra,1.45,249.0,14,7,14,7,94.0,159.0,27.0,1.0,1.0,0.0,TLN,,3,KRX,,13,1,VCT Emea
0,Split,Foxy9,KRX,Raze,1.3,311.0,17,11,5,6,88.0,214.0,17.0,5.0,3.0,2.0,TLN,,3,KRX,,13,1,VCT Emea
2,Pearl,Patiphan,TLN,Killjoy,0.95,200.0,17,18,0,-1,48.0,133.0,34.0,2.0,7.0,-5.0,TLN,,10,KRX,,13,0,VCT Emea
2,Pearl,Crws,TLN,Harbor,0.93,189.0,12,18,14,-6,74.0,128.0,23.0,2.0,1.0,1.0,TLN,,10,KRX,,13,0,VCT Emea
2,Pearl,Sushiboys,TLN,Jett,0.88,183.0,16,18,1,-2,57.0,114.0,24.0,2.0,3.0,-1.0,TLN,,10,KRX,,13,0,VCT Emea
2,Pearl,foxz,TLN,Skye,0.82,129.0,10,16,9,-6,65.0,104.0,15.0,0.0,1.0,-1.0,TLN,,10,KRX,,13,0,VCT Emea
2,Pearl,JitBoyS,TLN,Reyna,0.77,185.0,14,20,5,-6,61.0,133.0,32.0,4.0,1.0,3.0,TLN,,10,KRX,,13,0,VCT Emea
2,Pearl,Foxy9,KRX,Jett,1.29,306.0,25,17,2,8,74.0,194.0,33.0,9.0,5.0,4.0,TLN,,10,KRX,,13,1,VCT Emea
2,Pearl,Rb,KRX,Harbor,1.25,259.0,22,13,7,9,83.0,155.0,21.0,1.0,1.0,0.0,TLN,,10,KRX,,13,1,VCT Emea
2,Pearl,BuZz,KRX,Kayo,1.22,211.0,16,14,14,2,83.0,128.0,22.0,0.0,1.0,-1.0,TLN,,10,KRX,,13,1,VCT Emea
2,Pearl,MaKo,KRX,Viper,1.14,172.0,14,11,7,3,87.0,115.0,23.0,2.0,2.0,0.0,TLN,,10,KRX,,13,1,VCT Emea
2,Pearl,stax,KRX,Fade,0.74,150.0,13,14,5,-1,57.0,98.0,35.0,1.0,1.0,0.0,TLN,,10,KRX,,13,1,VCT Emea
0,Haven,Jremy,TS,Raze,1.19,303.0,21,19,4,2,76.0,193.0,16.0,5.0,3.0,2.0,TS,,8,GEN,,13,0,VCT Emea
0,Haven,invy,TS,Breach,1.19,212.0,15,15,12,0,86.0,139.0,25.0,0.0,1.0,-1.0,TS,,8,GEN,,13,0,VCT Emea
0,Haven,JessieVash,TS,Sova,0.93,223.0,15,18,11,-3,71.0,152.0,34.0,3.0,2.0,1.0,TS,,8,GEN,,13,0,VCT Emea
0,Haven,BORKUM,TS,Omen,0.87,173.0,10,16,13,-6,76.0,125.0,14.0,2.0,2.0,0.0,TS,,8,GEN,,13,0,VCT Emea
0,Haven,DubsteP,TS,Killjoy,0.76,142.0,11,14,2,-3,81.0,92.0,19.0,1.0,2.0,-1.0,TS,,8,GEN,,13,0,VCT Emea
0,Haven,k1Ng,GEN,Killjoy,1.36,262.0,19,13,4,6,71.0,159.0,23.0,1.0,0.0,1.0,TS,,8,GEN,,13,1,VCT Emea
0,Haven,TS,GEN,Omen,1.3,276.0,20,14,14,6,76.0,175.0,24.0,3.0,2.0,1.0,TS,,8,GEN,,13,1,VCT Emea
0,Haven,Sylvan,GEN,Sova,1.08,203.0,17,13,4,4,81.0,103.0,21.0,3.0,4.0,-1.0,TS,,8,GEN,,13,1,VCT Emea
0,Haven,GodDead,GEN,Breach,0.72,180.0,12,16,7,-4,76.0,109.0,34.0,0.0,2.0,-2.0,TS,,8,GEN,,13,1,VCT Emea
0,Haven,Meteor,GEN,Jett,0.72,170.0,14,16,2,-2,67.0,111.0,29.0,3.0,3.0,0.0,TS,,8,GEN,,13,1,VCT Emea
2,Fracture,invy,TS,Breach,1.23,187.0,15,14,14,1,75.0,124.0,30.0,1.0,1.0,0.0,TS,,11,GEN,,13,0,VCT Emea
2,Fracture,DubsteP,TS,Cypher,1.11,200.0,17,15,6,2,67.0,132.0,22.0,1.0,5.0,-4.0,TS,,11,GEN,,13,0,VCT Emea
2,Fracture,Jremy,TS,Raze,0.87,245.0,18,21,6,-3,63.0,157.0,13.0,3.0,4.0,-1.0,TS,,11,GEN,,13,0,VCT Emea
2,Fracture,BORKUM,TS,Brimstone,0.86,172.0,13,18,10,-5,71.0,112.0,19.0,3.0,3.0,0.0,TS,,11,GEN,,13,0,VCT Emea
2,Fracture,JessieVash,TS,Fade,0.71,126.0,12,18,4,-6,58.0,69.0,19.0,2.0,1.0,1.0,TS,,11,GEN,,13,0,VCT Emea
2,Fracture,GodDead,GEN,Kayo,1.32,270.0,22,16,14,6,67.0,158.0,23.0,4.0,0.0,4.0,TS,,11,GEN,,13,1,VCT Emea
2,Fracture,k1Ng,GEN,Viper,1.24,237.0,21,17,7,4,71.0,157.0,36.0,1.0,4.0,-3.0,TS,,11,GEN,,13,1,VCT Emea
2,Fracture,TS,GEN,Omen,1.15,204.0,17,13,3,4,71.0,128.0,46.0,5.0,3.0,2.0,TS,,11,GEN,,13,1,VCT Emea
2,Fracture,Meteor,GEN,Raze,1.03,215.0,18,15,3,3,79.0,144.0,15.0,3.0,3.0,0.0,TS,,11,GEN,,13,1,VCT Emea
2,Fracture,eKo,GEN,Breach,0.62,100.0,8,14,11,-6,75.0,73.0,12.0,1.0,0.0,1.0,TS,,11,GEN,,13,1,VCT Emea
0,Ascent,f0rsakeN,PRX,Killjoy,1.17,301.0,16,14,5,2,67.0,193.0,18.0,3.0,1.0,2.0,PRX,,5,KRX,,13,0,VCT Emea
0,Ascent,Benkai,PRX,Sova,1.12,214.0,13,13,5,0,67.0,139.0,18.0,2.0,1.0,1.0,PRX,,5,KRX,,13,0,VCT Emea
0,Ascent,mindfreak,PRX,Omen,0.86,158.0,11,13,6,-2,67.0,95.0,26.0,1.0,0.0,1.0,PRX,,5,KRX,,13,0,VCT Emea
0,Ascent,d4v41,PRX,Kayo,0.75,181.0,10,14,10,-4,67.0,117.0,16.0,0.0,2.0,-2.0,PRX,,5,KRX,,13,0,VCT Emea
0,Ascent,something,PRX,Jett,0.43,85.0,6,14,2,-8,56.0,53.0,23.0,2.0,6.0,-4.0,PRX,,5,KRX,,13,0,VCT Emea
0,Ascent,MaKo,KRX,Omen,1.38,207.0,13,9,10,4,83.0,133.0,24.0,0.0,0.0,0.0,PRX,,5,KRX,,13,1,VCT Emea
0,Ascent,Rb,KRX,Sova,1.32,219.0,13,10,8,3,72.0,141.0,21.0,2.0,0.0,2.0,PRX,,5,KRX,,13,1,VCT Emea
0,Ascent,BuZz,KRX,Killjoy,1.16,199.0,13,10,6,3,78.0,143.0,31.0,0.0,2.0,-2.0,PRX,,5,KRX,,13,1,VCT Emea
0,Ascent,Foxy9,KRX,Jett,1.07,276.0,19,14,3,5,72.0,174.0,57.0,7.0,5.0,2.0,PRX,,5,KRX,,13,1,VCT Emea
0,Ascent,stax,KRX,Kayo,0.93,158.0,10,13,10,-3,83.0,103.0,36.0,1.0,1.0,0.0,PRX,,5,KRX,,13,1,VCT Emea
2,Split,d4v41,PRX,Viper,1.6,262.0,23,13,4,10,91.0,172.0,23.0,2.0,2.0,0.0,PRX,,10,KRX,,13,0,VCT Emea
2,Split,Jinggg,PRX,Raze,0.96,229.0,16,18,5,-2,78.0,158.0,22.0,1.0,3.0,-2.0,PRX,,10,KRX,,13,0,VCT Emea
2,Split,something,PRX,Jett,0.86,185.0,15,17,2,-2,74.0,116.0,23.0,5.0,4.0,1.0,PRX,,10,KRX,,13,0,VCT Emea
2,Split,f0rsakeN,PRX,Skye,0.85,180.0,14,16,7,-2,57.0,107.0,48.0,4.0,1.0,3.0,PRX,,10,KRX,,13,0,VCT Emea
2,Split,mindfreak,PRX,Astra,0.49,63.0,4,15,13,-11,65.0,38.0,38.0,0.0,1.0,-1.0,PRX,,10,KRX,,13,0,VCT Emea
2,Split,MaKo,KRX,Viper,1.36,224.0,19,11,5,8,78.0,159.0,34.0,1.0,0.0,1.0,PRX,,10,KRX,,13,1,VCT Emea
2,Split,stax,KRX,Skye,1.18,256.0,21,16,7,5,78.0,153.0,43.0,6.0,2.0,4.0,PRX,,10,KRX,,13,1,VCT Emea
2,Split,BuZz,KRX,Kayo,1.13,202.0,17,16,11,1,74.0,128.0,27.0,0.0,3.0,-3.0,PRX,,10,KRX,,13,1,VCT Emea
2,Split,Foxy9,KRX,Raze,0.89,210.0,15,17,6,-2,65.0,142.0,16.0,3.0,4.0,-1.0,PRX,,10,KRX,,13,1,VCT Emea
2,Split,Rb,KRX,Astra,0.8,111.0,7,12,10,-5,83.0,72.0,16.0,1.0,3.0,-2.0,PRX,,10,KRX,,13,1,VCT Emea
0,Icebox,BORKUM,TS,Viper,1.19,263.0,20,20,13,0,65.0,176.0,18.0,1.0,3.0,-2.0,TS,,10,RRQ,,13,0,VCT Emea
0,Icebox,invy,TS,Kayo,1.08,238.0,18,20,8,-2,74.0,154.0,40.0,4.0,2.0,2.0,TS,,10,RRQ,,13,0,VCT Emea
0,Icebox,DubsteP,TS,Killjoy,0.98,209.0,15,18,5,-3,61.0,154.0,29.0,3.0,2.0,1.0,TS,,10,RRQ,,13,0,VCT Emea
0,Icebox,JessieVash,TS,Sova,0.8,135.0,11,15,6,-4,61.0,83.0,16.0,1.0,3.0,-2.0,TS,,10,RRQ,,13,0,VCT Emea
0,Icebox,Jremy,TS,Sage,0.73,108.0,8,14,9,-6,57.0,72.0,7.0,1.0,3.0,-2.0,TS,,10,RRQ,,13,0,VCT Emea
0,Icebox,Lmemore,RRQ,Killjoy,1.44,304.0,24,14,2,10,74.0,209.0,39.0,4.0,2.0,2.0,TS,,10,RRQ,,13,1,VCT Emea
0,Icebox,EJAY,RRQ,Jett,1.23,262.0,23,16,1,7,70.0,157.0,29.0,5.0,2.0,3.0,TS,,10,RRQ,,13,1,VCT Emea
0,Icebox,xffero,RRQ,Viper,1.2,239.0,19,14,6,5,78.0,160.0,30.0,3.0,2.0,1.0,TS,,10,RRQ,,13,1,VCT Emea
0,Icebox,2GE,RRQ,Harbor,1.03,143.0,13,11,6,2,70.0,113.0,43.0,0.0,3.0,-3.0,TS,,10,RRQ,,13,1,VCT Emea
0,Icebox,fl1pzjder,RRQ,Skye,0.5,116.0,8,17,9,-9,70.0,79.0,19.0,1.0,1.0,0.0,TS,,10,RRQ,,13,1,VCT Emea
2,Split,invy,TS,Skye,1.18,216.0,17,14,6,3,75.0,129.0,35.0,1.0,1.0,0.0,TS,,7,RRQ,,13,0,VCT Emea
2,Split,Jremy,TS,Raze,1.16,252.0,16,15,3,1,70.0,153.0,16.0,5.0,4.0,1.0,TS,,7,RRQ,,13,0,VCT Emea
2,Split,BORKUM,TS,Astra,0.77,115.0,8,13,6,-5,65.0,73.0,8.0,0.0,1.0,-1.0,TS,,7,RRQ,,13,0,VCT Emea
2,Split,JessieVash,TS,Cypher,0.38,67.0,4,14,3,-10,55.0,44.0,17.0,1.0,2.0,-1.0,TS,,7,RRQ,,13,0,VCT Emea
2,Split,DubsteP,TS,Jett,0.26,73.0,4,15,2,-11,50.0,53.0,21.0,0.0,5.0,-5.0,TS,,7,RRQ,,13,0,VCT Emea
2,Split,fl1pzjder,RRQ,Breach,1.39,224.0,16,9,11,7,80.0,141.0,39.0,2.0,0.0,2.0,TS,,7,RRQ,,13,1,VCT Emea
2,Split,xffero,RRQ,Astra,1.32,171.0,13,7,8,6,80.0,104.0,20.0,2.0,0.0,2.0,TS,,7,RRQ,,13,1,VCT Emea
2,Split,EJAY,RRQ,Raze,1.32,243.0,16,10,6,6,75.0,176.0,26.0,5.0,3.0,2.0,TS,,7,RRQ,,13,1,VCT Emea
2,Split,Emman,RRQ,Skye,1.2,164.0,12,9,7,3,80.0,125.0,42.0,2.0,1.0,1.0,TS,,7,RRQ,,13,1,VCT Emea
2,Split,Lmemore,RRQ,Cypher,0.93,199.0,14,14,2,0,75.0,132.0,41.0,2.0,3.0,-1.0,TS,,7,RRQ,,13,1,VCT Emea
0,Ascent,Sayaplayer,T1,Jett,1.66,314.0,20,11,1,9,61.0,214.0,35.0,0.0,2.0,-2.0,T1,,5,GEN,,13,0,VCT Emea
0,Ascent,xeta,T1,Sova,0.92,210.0,12,15,3,-3,72.0,145.0,16.0,2.0,1.0,1.0,T1,,5,GEN,,13,0,VCT Emea
0,Ascent,Munchkin,T1,Killjoy,0.69,185.0,11,15,2,-4,39.0,119.0,16.0,0.0,5.0,-5.0,T1,,5,GEN,,13,0,VCT Emea
0,Ascent,ban,T1,Omen,0.6,141.0,9,15,5,-6,50.0,95.0,36.0,2.0,2.0,0.0,T1,,5,GEN,,13,0,VCT Emea
0,Ascent,carpe,T1,Kayo,0.35,118.0,5,17,13,-12,61.0,90.0,19.0,1.0,3.0,-2.0,T1,,5,GEN,,13,0,VCT Emea
0,Ascent,GodDead,GEN,Kayo,1.72,286.0,20,9,10,11,72.0,184.0,20.0,1.0,1.0,0.0,T1,,5,GEN,,13,1,VCT Emea
0,Ascent,Meteor,GEN,Jett,1.46,268.0,18,11,5,7,83.0,179.0,21.0,5.0,2.0,3.0,T1,,5,GEN,,13,1,VCT Emea
0,Ascent,k1Ng,GEN,Killjoy,1.03,219.0,13,12,5,1,72.0,158.0,27.0,1.0,1.0,0.0,T1,,5,GEN,,13,1,VCT Emea
0,Ascent,eKo,GEN,Sova,1.01,204.0,12,13,7,-1,67.0,145.0,20.0,3.0,0.0,3.0,T1,,5,GEN,,13,1,VCT Emea
0,Ascent,TS,GEN,Omen,0.93,176.0,10,12,9,-2,83.0,100.0,33.0,3.0,1.0,2.0,T1,,5,GEN,,13,1,VCT Emea
2,Haven,carpe,T1,Breach,1.16,190.0,13,11,8,2,72.0,113.0,23.0,2.0,2.0,0.0,T1,,5,GEN,,13,0,VCT Emea
2,Haven,iNTRO,T1,Omen,0.72,159.0,8,14,4,-6,56.0,98.0,18.0,0.0,1.0,-1.0,T1,,5,GEN,,13,0,VCT Emea
2,Haven,xeta,T1,Sova,0.66,150.0,8,15,4,-7,56.0,111.0,19.0,0.0,3.0,-3.0,T1,,5,GEN,,13,0,VCT Emea
2,Haven,Sayaplayer,T1,Jett,0.59,134.0,7,15,4,-8,67.0,102.0,13.0,3.0,0.0,3.0,T1,,5,GEN,,13,0,VCT Emea
2,Haven,Munchkin,T1,Killjoy,0.57,163.0,9,14,2,-5,56.0,118.0,22.0,4.0,3.0,1.0,T1,,5,GEN,,13,0,VCT Emea
2,Haven,k1Ng,GEN,Killjoy,2.17,352.0,23,6,7,17,94.0,212.0,29.0,4.0,0.0,4.0,T1,,5,GEN,,13,1,VCT Emea
2,Haven,Sylvan,GEN,Sova,1.39,268.0,17,9,4,8,94.0,164.0,35.0,2.0,0.0,2.0,T1,,5,GEN,,13,1,VCT Emea
2,Haven,GodDead,GEN,Breach,1.07,131.0,8,7,10,1,94.0,81.0,9.0,0.0,0.0,0.0,T1,,5,GEN,,13,1,VCT Emea
2,Haven,TS,GEN,Omen,0.91,179.0,11,11,12,0,78.0,104.0,20.0,1.0,5.0,-4.0,T1,,5,GEN,,13,1,VCT Emea
2,Haven,Meteor,GEN,Jett,0.75,156.0,10,12,5,-2,83.0,99.0,16.0,2.0,4.0,-2.0,T1,,5,GEN,,13,1,VCT Emea
0,Ascent,SugarZ3ro,ZETA,Omen,1.59,264.0,20,11,12,9,86.0,166.0,22.0,1.0,1.0,0.0,ZETA,,13,DFM,,9,1,VCT Emea
0,Ascent,Laz,ZETA,Sova,1.51,244.0,20,9,5,11,86.0,154.0,25.0,1.0,0.0,1.0,ZETA,,13,DFM,,9,1,VCT Emea
0,Ascent,crow,ZETA,Kayo,1.32,233.0,18,15,17,3,91.0,140.0,36.0,2.0,0.0,2.0,ZETA,,13,DFM,,9,1,VCT Emea
0,Ascent,Dep,ZETA,Jett,0.81,201.0,15,14,6,1,64.0,127.0,18.0,5.0,4.0,1.0,ZETA,,13,DFM,,9,1,VCT Emea
0,Ascent,TENNN,ZETA,Killjoy,0.75,157.0,11,15,3,-4,73.0,117.0,27.0,3.0,5.0,-2.0,ZETA,,13,DFM,,9,1,VCT Emea
0,Ascent,Reita,DFM,Sova,0.98,184.0,13,15,12,-2,77.0,123.0,24.0,0.0,3.0,-3.0,ZETA,,13,DFM,,9,0,VCT Emea
0,Ascent,Suggest,DFM,Killjoy,0.91,211.0,16,17,5,-1,73.0,142.0,31.0,1.0,1.0,0.0,ZETA,,13,DFM,,9,0,VCT Emea
0,Ascent,takej,DFM,Omen,0.85,158.0,13,16,11,-3,77.0,79.0,36.0,3.0,2.0,1.0,ZETA,,13,DFM,,9,0,VCT Emea
0,Ascent,Seoldam,DFM,Jett,0.83,191.0,14,20,5,-6,73.0,120.0,17.0,6.0,4.0,2.0,ZETA,,13,DFM,,9,0,VCT Emea
0,Ascent,Anthem,DFM,Kayo,0.69,103.0,8,16,12,-8,68.0,83.0,14.0,0.0,2.0,-2.0,ZETA,,13,DFM,,9,0,VCT Emea
2,Haven,Dep,ZETA,Jett,1.81,386.0,27,10,2,17,89.0,240.0,25.0,10.0,1.0,9.0,ZETA,,13,DFM,,5,1,VCT Emea
2,Haven,crow,ZETA,Breach,1.26,229.0,14,10,6,4,89.0,151.0,32.0,2.0,1.0,1.0,ZETA,,13,DFM,,5,1,VCT Emea
2,Haven,Laz,ZETA,Sova,1.24,174.0,11,7,5,4,89.0,116.0,29.0,0.0,2.0,-2.0,ZETA,,13,DFM,,5,1,VCT Emea
2,Haven,TENNN,ZETA,Killjoy,1.18,196.0,13,9,1,4,78.0,131.0,19.0,1.0,0.0,1.0,ZETA,,13,DFM,,5,1,VCT Emea
2,Haven,SugarZ3ro,ZETA,Omen,0.92,153.0,9,10,12,-1,83.0,93.0,12.0,0.0,1.0,-1.0,ZETA,,13,DFM,,5,1,VCT Emea
2,Haven,Anthem,DFM,Breach,0.88,163.0,11,14,9,-3,72.0,97.0,18.0,0.0,0.0,0.0,ZETA,,13,DFM,,5,0,VCT Emea
2,Haven,takej,DFM,Omen,0.87,157.0,11,14,10,-3,72.0,91.0,23.0,0.0,2.0,-2.0,ZETA,,13,DFM,,5,0,VCT Emea
2,Haven,Seoldam,DFM,Jett,0.76,200.0,11,15,4,-4,61.0,119.0,9.0,3.0,7.0,-4.0,ZETA,,13,DFM,,5,0,VCT Emea
2,Haven,Reita,DFM,Sova,0.74,148.0,8,14,6,-6,72.0,112.0,24.0,1.0,1.0,0.0,ZETA,,13,DFM,,5,0,VCT Emea
2,Haven,Suggest,DFM,Killjoy,0.31,90.0,5,17,3,-12,61.0,58.0,11.0,1.0,3.0,-2.0,ZETA,,13,DFM,,5,0,VCT Emea
0,Split,garnetS,TLN,Raze,1.3,265.0,18,15,1,3,63.0,163.0,18.0,3.0,3.0,0.0,TLN,,6,GE,,13,0,VCT Emea
0,Split,Patiphan,TLN,Kayo,0.99,209.0,13,14,8,-1,58.0,126.0,35.0,0.0,2.0,-2.0,TLN,,6,GE,,13,0,VCT Emea
0,Split,Crws,TLN,Astra,0.78,157.0,7,16,17,-9,68.0,114.0,15.0,0.0,1.0,-1.0,TLN,,6,GE,,13,0,VCT Emea
0,Split,Sushiboys,TLN,Viper,0.62,176.0,11,18,9,-7,58.0,99.0,17.0,1.0,4.0,-3.0,TLN,,6,GE,,13,0,VCT Emea
0,Split,foxz,TLN,Skye,0.51,98.0,5,15,9,-10,53.0,55.0,4.0,1.0,3.0,-2.0,TLN,,6,GE,,13,0,VCT Emea
0,Split,Bazzi,GE,Skye,1.5,277.0,21,10,5,11,84.0,182.0,23.0,3.0,0.0,3.0,TLN,,6,GE,,13,1,VCT Emea
0,Split,Monyet,GE,Astra,1.45,268.0,19,11,9,8,74.0,169.0,28.0,1.0,0.0,1.0,TLN,,6,GE,,13,1,VCT Emea
0,Split,t3xture,GE,Sage,1.3,231.0,14,11,8,3,84.0,152.0,33.0,3.0,1.0,2.0,TLN,,6,GE,,13,1,VCT Emea
0,Split,AYRIN,GE,Viper,1.12,230.0,13,11,7,2,84.0,161.0,27.0,2.0,1.0,1.0,TLN,,6,GE,,13,1,VCT Emea
0,Split,Lightningfast,GE,Raze,0.74,152.0,11,12,3,-1,58.0,90.0,14.0,5.0,4.0,1.0,TLN,,6,GE,,13,1,VCT Emea
2,Icebox,foxz,TLN,Sova,1.25,213.0,17,17,9,0,71.0,154.0,30.0,3.0,1.0,2.0,TLN,,11,GE,,13,0,VCT Emea
2,Icebox,garnetS,TLN,Jett,1.21,266.0,23,19,3,4,67.0,162.0,22.0,7.0,3.0,4.0,TLN,,11,GE,,13,0,VCT Emea
2,Icebox,Patiphan,TLN,Harbor,1.16,201.0,18,14,4,4,67.0,136.0,19.0,2.0,2.0,0.0,TLN,,11,GE,,13,0,VCT Emea
2,Icebox,Sushiboys,TLN,Killjoy,0.66,178.0,14,20,3,-6,58.0,128.0,26.0,1.0,2.0,-1.0,TLN,,11,GE,,13,0,VCT Emea
2,Icebox,Crws,TLN,Viper,0.62,154.0,11,21,6,-10,63.0,115.0,17.0,1.0,2.0,-1.0,TLN,,11,GE,,13,0,VCT Emea
2,Icebox,Bazzi,GE,Skye,1.41,290.0,25,16,13,9,88.0,176.0,17.0,2.0,0.0,2.0,TLN,,11,GE,,13,1,VCT Emea
2,Icebox,t3xture,GE,Killjoy,1.19,229.0,21,14,2,7,67.0,149.0,23.0,0.0,3.0,-3.0,TLN,,11,GE,,13,1,VCT Emea
2,Icebox,SkRossi,GE,Jett,1.11,226.0,18,17,9,1,79.0,142.0,16.0,2.0,3.0,-1.0,TLN,,11,GE,,13,1,VCT Emea
2,Icebox,Monyet,GE,Viper,0.85,202.0,16,18,8,-2,63.0,136.0,40.0,5.0,4.0,1.0,TLN,,11,GE,,13,1,VCT Emea
2,Icebox,AYRIN,GE,Harbor,0.61,121.0,10,18,10,-8,54.0,75.0,32.0,1.0,4.0,-3.0,TLN,,11,GE,,13,1,VCT Emea
0,Icebox,something,PRX,Jett,1.02,241.0,17,15,2,2,65.0,158.0,39.0,1.0,3.0,-2.0,PRX,,7,GE,,13,0,VCT Emea
0,Icebox,Jinggg,PRX,Sage,0.94,186.0,11,14,12,-3,75.0,114.0,24.0,1.0,2.0,-1.0,PRX,,7,GE,,13,0,VCT Emea
0,Icebox,f0rsakeN,PRX,Sova,0.92,223.0,14,15,6,-1,50.0,153.0,38.0,3.0,3.0,0.0,PRX,,7,GE,,13,0,VCT Emea
0,Icebox,cgrs,PRX,Gekko,0.88,176.0,13,14,2,-1,70.0,117.0,30.0,2.0,3.0,-1.0,PRX,,7,GE,,13,0,VCT Emea
0,Icebox,mindfreak,PRX,Viper,0.72,133.0,9,15,6,-6,55.0,91.0,23.0,1.0,1.0,0.0,PRX,,7,GE,,13,0,VCT Emea
0,Icebox,t3xture,GE,Killjoy,1.6,268.0,21,11,1,10,70.0,156.0,32.0,4.0,1.0,3.0,PRX,,7,GE,,13,1,VCT Emea
0,Icebox,SkRossi,GE,Jett,1.51,338.0,25,14,3,11,75.0,192.0,34.0,5.0,2.0,3.0,PRX,,7,GE,,13,1,VCT Emea
0,Icebox,Bazzi,GE,Skye,0.92,137.0,6,12,21,-6,75.0,86.0,2.0,1.0,0.0,1.0,PRX,,7,GE,,13,1,VCT Emea
0,Icebox,Monyet,GE,Viper,0.86,184.0,11,15,4,-4,60.0,134.0,17.0,1.0,3.0,-2.0,PRX,,7,GE,,13,1,VCT Emea
0,Icebox,AYRIN,GE,Harbor,0.72,122.0,10,12,3,-2,60.0,83.0,36.0,1.0,2.0,-1.0,PRX,,7,GE,,13,1,VCT Emea
2,Split,mindfreak,PRX,Astra,1.71,281.0,20,8,6,12,84.0,176.0,28.0,2.0,0.0,2.0,PRX,,13,GE,,6,1,VCT Emea
2,Split,d4v41,PRX,Viper,1.24,270.0,17,13,5,4,58.0,192.0,31.0,3.0,3.0,0.0,PRX,,13,GE,,6,1,VCT Emea
2,Split,Jinggg,PRX,Raze,1.12,281.0,19,14,4,5,79.0,189.0,17.0,3.0,1.0,2.0,PRX,,13,GE,,6,1,VCT Emea
2,Split,something,PRX,Jett,1.1,241.0,17,14,2,3,84.0,140.0,22.0,4.0,1.0,3.0,PRX,,13,GE,,6,1,VCT Emea
2,Split,f0rsakeN,PRX,Skye,0.59,112.0,7,13,6,-6,58.0,76.0,18.0,0.0,2.0,-2.0,PRX,,13,GE,,6,1,VCT Emea
2,Split,Bazzi,GE,Skye,0.96,232.0,14,16,4,-2,68.0,137.0,17.0,2.0,2.0,0.0,PRX,,13,GE,,6,0,VCT Emea
2,Split,AYRIN,GE,Viper,0.92,229.0,14,16,4,-2,63.0,144.0,17.0,2.0,1.0,1.0,PRX,,13,GE,,6,0,VCT Emea
2,Split,Lightningfast,GE,Raze,0.86,203.0,13,15,5,-2,53.0,127.0,26.0,2.0,4.0,-2.0,PRX,,13,GE,,6,0,VCT Emea
2,Split,Monyet,GE,Astra,0.83,196.0,13,18,5,-5,63.0,126.0,36.0,0.0,2.0,-2.0,PRX,,13,GE,,6,0,VCT Emea
2,Split,t3xture,GE,Sage,0.66,120.0,8,15,7,-7,58.0,75.0,45.0,1.0,3.0,-2.0,PRX,,13,GE,,6,0,VCT Emea
3,Pearl,something,PRX,Jett,1.7,329.0,24,14,5,10,80.0,215.0,27.0,5.0,2.0,3.0,PRX,,13,GE,,7,1,VCT Emea
3,Pearl,Jinggg,PRX,Phoenix,1.29,251.0,18,12,6,6,75.0,163.0,19.0,4.0,1.0,3.0,PRX,,13,GE,,7,1,VCT Emea
3,Pearl,d4v41,PRX,Skye,0.97,196.0,14,14,11,0,70.0,139.0,19.0,1.0,2.0,-1.0,PRX,,13,GE,,7,1,VCT Emea
3,Pearl,f0rsakeN,PRX,Killjoy,0.8,174.0,12,14,0,-2,65.0,129.0,43.0,2.0,1.0,1.0,PRX,,13,GE,,7,1,VCT Emea
3,Pearl,mindfreak,PRX,Astra,0.56,95.0,6,14,5,-8,65.0,58.0,13.0,0.0,2.0,-2.0,PRX,,13,GE,,7,1,VCT Emea
3,Pearl,Monyet,GE,Astra,1.42,261.0,19,13,8,6,85.0,159.0,29.0,3.0,1.0,2.0,PRX,,13,GE,,7,0,VCT Emea
3,Pearl,AYRIN,GE,Killjoy,1.06,217.0,15,12,4,3,65.0,150.0,28.0,0.0,1.0,-1.0,PRX,,13,GE,,7,0,VCT Emea
3,Pearl,SkRossi,GE,Jett,0.76,196.0,12,16,5,-4,75.0,129.0,21.0,2.0,6.0,-4.0,PRX,,13,GE,,7,0,VCT Emea
3,Pearl,Bazzi,GE,Fade,0.73,168.0,10,15,7,-5,75.0,116.0,14.0,1.0,0.0,1.0,PRX,,13,GE,,7,0,VCT Emea
3,Pearl,WRONSKI,GE,Kayo,0.59,172.0,12,18,6,-6,55.0,96.0,24.0,2.0,4.0,-2.0,PRX,,13,GE,,7,0,VCT Emea
0,Haven,Meteor,GEN,Jett,1.03,210.0,16,12,4,4,70.0,134.0,25.0,2.0,1.0,1.0,GEN,,7,KRX,,13,0,VCT Emea
0,Haven,TS,GEN,Omen,1.01,201.0,13,12,7,1,85.0,113.0,15.0,3.0,3.0,0.0,GEN,,7,KRX,,13,0,VCT Emea
0,Haven,k1Ng,GEN,Killjoy,0.95,175.0,12,14,3,-2,60.0,118.0,23.0,3.0,2.0,1.0,GEN,,7,KRX,,13,0,VCT Emea
0,Haven,Sylvan,GEN,Sova,0.94,173.0,10,14,9,-4,70.0,126.0,27.0,3.0,2.0,1.0,GEN,,7,KRX,,13,0,VCT Emea
0,Haven,GodDead,GEN,Breach,0.72,127.0,9,15,6,-6,70.0,92.0,40.0,1.0,0.0,1.0,GEN,,7,KRX,,13,0,VCT Emea
0,Haven,stax,KRX,Breach,1.37,230.0,18,11,5,7,85.0,147.0,31.0,1.0,2.0,-1.0,GEN,,7,KRX,,13,1,VCT Emea
0,Haven,Rb,KRX,Sova,1.35,243.0,17,11,5,6,60.0,153.0,27.0,2.0,0.0,2.0,GEN,,7,KRX,,13,1,VCT Emea
0,Haven,MaKo,KRX,Omen,1.15,199.0,13,11,7,2,70.0,115.0,29.0,1.0,1.0,0.0,GEN,,7,KRX,,13,1,VCT Emea
0,Haven,Foxy9,KRX,Jett,0.67,158.0,10,14,5,-4,45.0,118.0,19.0,4.0,5.0,-1.0,GEN,,7,KRX,,13,1,VCT Emea
0,Haven,BuZz,KRX,Killjoy,0.62,110.0,9,13,1,-4,50.0,73.0,17.0,0.0,4.0,-4.0,GEN,,7,KRX,,13,1,VCT Emea
2,Fracture,k1Ng,GEN,Viper,1.32,266.0,23,15,5,8,83.0,166.0,37.0,5.0,3.0,2.0,GEN,,13,KRX,,10,1,VCT Emea
2,Fracture,eKo,GEN,Breach,1.24,186.0,17,12,8,5,78.0,122.0,43.0,4.0,1.0,3.0,GEN,,13,KRX,,10,1,VCT Emea
2,Fracture,TS,GEN,Omen,1.16,222.0,19,13,11,6,78.0,127.0,17.0,2.0,2.0,0.0,GEN,,13,KRX,,10,1,VCT Emea
2,Fracture,GodDead,GEN,Kayo,0.99,166.0,11,14,18,-3,78.0,105.0,13.0,1.0,1.0,0.0,GEN,,13,KRX,,10,1,VCT Emea
2,Fracture,Meteor,GEN,Raze,0.85,175.0,12,17,10,-5,78.0,141.0,20.0,2.0,2.0,0.0,GEN,,13,KRX,,10,1,VCT Emea
2,Fracture,MaKo,KRX,Brimstone,1.2,240.0,20,16,7,4,74.0,151.0,25.0,1.0,2.0,-1.0,GEN,,13,KRX,,10,0,VCT Emea
2,Fracture,Foxy9,KRX,Raze,1.06,234.0,18,18,5,0,70.0,154.0,18.0,2.0,3.0,-1.0,GEN,,13,KRX,,10,0,VCT Emea
2,Fracture,BuZz,KRX,Killjoy,0.99,204.0,16,16,2,0,74.0,147.0,17.0,3.0,3.0,0.0,GEN,,13,KRX,,10,0,VCT Emea
2,Fracture,Rb,KRX,Neon,0.74,134.0,11,17,2,-6,57.0,90.0,24.0,2.0,4.0,-2.0,GEN,,13,KRX,,10,0,VCT Emea
2,Fracture,stax,KRX,Breach,0.61,84.0,6,15,11,-9,65.0,55.0,20.0,1.0,2.0,-1.0,GEN,,13,KRX,,10,0,VCT Emea
3,Pearl,TS,GEN,Astra,1.15,197.0,10,12,13,-2,76.0,110.0,17.0,3.0,1.0,2.0,GEN,,4,KRX,,13,0,VCT Emea
3,Pearl,Sylvan,GEN,Skye,0.99,184.0,11,12,6,-1,76.0,126.0,17.0,1.0,1.0,0.0,GEN,,4,KRX,,13,0,VCT Emea
3,Pearl,GodDead,GEN,Kayo,0.96,206.0,11,13,7,-2,82.0,136.0,17.0,0.0,1.0,-1.0,GEN,,4,KRX,,13,0,VCT Emea
3,Pearl,k1Ng,GEN,Viper,0.86,187.0,11,13,6,-2,65.0,128.0,21.0,2.0,2.0,0.0,GEN,,4,KRX,,13,0,VCT Emea
3,Pearl,Meteor,GEN,Jett,0.46,132.0,7,14,4,-7,53.0,99.0,28.0,2.0,4.0,-2.0,GEN,,4,KRX,,13,0,VCT Emea
3,Pearl,BuZz,KRX,Killjoy,1.92,377.0,24,10,3,14,88.0,223.0,25.0,2.0,0.0,2.0,GEN,,4,KRX,,13,1,VCT Emea
3,Pearl,MaKo,KRX,Viper,1.32,161.0,9,6,7,3,94.0,107.0,4.0,0.0,0.0,0.0,GEN,,4,KRX,,13,1,VCT Emea
3,Pearl,stax,KRX,Skye,1.0,169.0,11,10,7,1,82.0,111.0,29.0,1.0,1.0,0.0,GEN,,4,KRX,,13,1,VCT Emea
3,Pearl,Foxy9,KRX,Jett,0.77,190.0,10,12,4,-2,71.0,129.0,29.0,3.0,6.0,-3.0,GEN,,4,KRX,,13,1,VCT Emea
3,Pearl,Rb,KRX,Harbor,0.76,180.0,10,12,8,-2,76.0,107.0,19.0,3.0,1.0,2.0,GEN,,4,KRX,,13,1,VCT Emea
0,Haven,Munchkin,T1,Killjoy,1.62,286.0,24,12,4,12,86.0,157.0,23.0,2.0,2.0,0.0,T1,,13,RRQ,,9,1,VCT Emea
0,Haven,xeta,T1,Sova,1.27,184.0,14,10,9,4,86.0,124.0,25.0,1.0,0.0,1.0,T1,,13,RRQ,,9,1,VCT Emea
0,Haven,Sayaplayer,T1,Jett,1.15,229.0,17,14,4,3,82.0,142.0,14.0,3.0,4.0,-1.0,T1,,13,RRQ,,9,1,VCT Emea
0,Haven,ban,T1,Omen,0.89,170.0,13,16,14,-3,73.0,122.0,24.0,3.0,0.0,3.0,T1,,13,RRQ,,9,1,VCT Emea
0,Haven,carpe,T1,Breach,0.72,155.0,13,17,6,-4,68.0,99.0,17.0,2.0,5.0,-3.0,T1,,13,RRQ,,9,1,VCT Emea
0,Haven,2GE,RRQ,Astra,1.2,187.0,17,12,5,5,86.0,115.0,34.0,0.0,0.0,0.0,T1,,13,RRQ,,9,0,VCT Emea
0,Haven,Lmemore,RRQ,Killjoy,0.91,209.0,14,17,4,-3,64.0,159.0,40.0,3.0,2.0,1.0,T1,,13,RRQ,,9,0,VCT Emea
0,Haven,EJAY,RRQ,Jett,0.85,229.0,18,18,0,0,77.0,138.0,35.0,5.0,3.0,2.0,T1,,13,RRQ,,9,0,VCT Emea
0,Haven,xffero,RRQ,Sova,0.77,179.0,12,17,7,-5,73.0,110.0,13.0,2.0,2.0,0.0,T1,,13,RRQ,,9,0,VCT Emea
0,Haven,fl1pzjder,RRQ,Breach,0.51,114.0,8,17,9,-9,59.0,79.0,29.0,1.0,4.0,-3.0,T1,,13,RRQ,,9,0,VCT Emea
2,Fracture,Munchkin,T1,Killjoy,1.65,302.0,18,9,4,9,65.0,203.0,21.0,2.0,1.0,1.0,T1,,13,RRQ,,4,1,VCT Emea
2,Fracture,Sayaplayer,T1,Raze,1.39,250.0,14,9,7,5,94.0,194.0,24.0,2.0,2.0,0.0,T1,,13,RRQ,,4,1,VCT Emea
2,Fracture,carpe,T1,Brimstone,1.25,271.0,17,12,10,5,82.0,156.0,14.0,0.0,1.0,-1.0,T1,,13,RRQ,,4,1,VCT Emea
2,Fracture,xeta,T1,Breach,1.06,173.0,11,11,10,0,82.0,106.0,31.0,1.0,2.0,-1.0,T1,,13,RRQ,,4,1,VCT Emea
2,Fracture,ban,T1,Jett,0.79,145.0,11,10,0,1,71.0,90.0,20.0,2.0,4.0,-2.0,T1,,13,RRQ,,4,1,VCT Emea
2,Fracture,fl1pzjder,RRQ,Breach,0.94,198.0,12,15,8,-3,76.0,138.0,39.0,1.0,1.0,0.0,T1,,13,RRQ,,4,0,VCT Emea
2,Fracture,Emman,RRQ,Kayo,0.92,176.0,12,14,4,-2,76.0,107.0,23.0,2.0,0.0,2.0,T1,,13,RRQ,,4,0,VCT Emea
2,Fracture,EJAY,RRQ,Raze,0.77,180.0,10,14,3,-4,88.0,117.0,22.0,4.0,3.0,1.0,T1,,13,RRQ,,4,0,VCT Emea
2,Fracture,xffero,RRQ,Astra,0.72,154.0,9,15,3,-6,71.0,99.0,42.0,2.0,0.0,2.0,T1,,13,RRQ,,4,0,VCT Emea
2,Fracture,Lmemore,RRQ,Viper,0.61,147.0,8,13,4,-5,65.0,98.0,18.0,1.0,3.0,-2.0,T1,,13,RRQ,,4,0,VCT Emea
0,Ascent,DubsteP,TS,Jett,1.37,300.0,28,15,4,13,75.0,187.0,31.0,7.0,4.0,3.0,TS,,13,DFM,,11,1,VCT Emea
0,Ascent,JessieVash,TS,Sova,1.35,238.0,20,12,9,8,75.0,168.0,29.0,3.0,1.0,2.0,TS,,13,DFM,,11,1,VCT Emea
0,Ascent,invy,TS,Kayo,1.12,193.0,16,16,19,0,79.0,119.0,30.0,3.0,0.0,3.0,TS,,13,DFM,,11,1,VCT Emea
0,Ascent,BORKUM,TS,Omen,0.91,137.0,11,14,12,-3,75.0,94.0,13.0,0.0,1.0,-1.0,TS,,13,DFM,,11,1,VCT Emea
0,Ascent,Jremy,TS,Killjoy,0.76,179.0,15,19,8,-4,79.0,124.0,16.0,2.0,3.0,-1.0,TS,,13,DFM,,11,1,VCT Emea
0,Ascent,takej,DFM,Omen,1.14,174.0,15,15,11,0,75.0,126.0,28.0,3.0,2.0,1.0,TS,,13,DFM,,11,0,VCT Emea
0,Ascent,xnfri,DFM,Kayo,1.04,185.0,15,18,17,-3,75.0,130.0,27.0,1.0,2.0,-1.0,TS,,13,DFM,,11,0,VCT Emea
0,Ascent,Seoldam,DFM,Jett,1.02,252.0,21,21,3,0,63.0,163.0,28.0,5.0,8.0,-3.0,TS,,13,DFM,,11,0,VCT Emea
0,Ascent,Anthem,DFM,Sova,0.99,190.0,15,17,7,-2,75.0,131.0,16.0,0.0,1.0,-1.0,TS,,13,DFM,,11,0,VCT Emea
0,Ascent,Suggest,DFM,Killjoy,0.73,135.0,10,19,4,-9,63.0,104.0,27.0,0.0,2.0,-2.0,TS,,13,DFM,,11,0,VCT Emea
2,Haven,Jremy,TS,Raze,1.56,281.0,22,12,7,10,81.0,195.0,14.0,4.0,5.0,-1.0,TS,,13,DFM,,8,1,VCT Emea
2,Haven,BORKUM,TS,Omen,1.26,251.0,18,14,9,4,71.0,168.0,26.0,3.0,2.0,1.0,TS,,13,DFM,,8,1,VCT Emea
2,Haven,JessieVash,TS,Sova,1.07,160.0,11,13,10,-2,76.0,106.0,21.0,0.0,0.0,0.0,TS,,13,DFM,,8,1,VCT Emea
2,Haven,DubsteP,TS,Killjoy,0.84,168.0,13,13,2,0,62.0,98.0,19.0,2.0,3.0,-1.0,TS,,13,DFM,,8,1,VCT Emea
2,Haven,invy,TS,Breach,0.8,167.0,13,15,8,-2,71.0,114.0,26.0,1.0,1.0,0.0,TS,,13,DFM,,8,1,VCT Emea
2,Haven,Seoldam,DFM,Jett,1.33,319.0,23,16,1,7,67.0,170.0,12.0,7.0,0.0,7.0,TS,,13,DFM,,8,0,VCT Emea
2,Haven,takej,DFM,Omen,1.02,204.0,16,15,10,1,71.0,109.0,22.0,2.0,2.0,0.0,TS,,13,DFM,,8,0,VCT Emea
2,Haven,Anthem,DFM,Sova,0.79,128.0,7,13,11,-6,67.0,98.0,26.0,0.0,1.0,-1.0,TS,,13,DFM,,8,0,VCT Emea
2,Haven,Suggest,DFM,Killjoy,0.73,185.0,14,17,1,-3,71.0,127.0,57.0,1.0,3.0,-2.0,TS,,13,DFM,,8,0,VCT Emea
2,Haven,xnfri,DFM,Breach,0.52,105.0,7,16,13,-9,76.0,62.0,21.0,1.0,4.0,-3.0,TS,,13,DFM,,8,0,VCT Emea
0,Haven,Dep,ZETA,Jett,1.04,217.0,16,16,1,0,67.0,127.0,16.0,5.0,1.0,4.0,ZETA,,8,TLN,,13,0,VCT Emea
0,Haven,Laz,ZETA,Sova,0.97,218.0,16,16,2,0,67.0,161.0,54.0,3.0,2.0,1.0,ZETA,,8,TLN,,13,0,VCT Emea
0,Haven,TENNN,ZETA,Killjoy,0.93,207.0,14,15,3,-1,86.0,138.0,27.0,4.0,3.0,1.0,ZETA,,8,TLN,,13,0,VCT Emea
0,Haven,crow,ZETA,Breach,0.8,217.0,16,17,7,-1,71.0,144.0,37.0,1.0,0.0,1.0,ZETA,,8,TLN,,13,0,VCT Emea
0,Haven,SugarZ3ro,ZETA,Omen,0.77,176.0,13,17,10,-4,71.0,113.0,20.0,2.0,1.0,1.0,ZETA,,8,TLN,,13,0,VCT Emea
0,Haven,Sushiboys,TLN,Killjoy,1.67,269.0,22,12,6,10,86.0,180.0,27.0,2.0,2.0,0.0,ZETA,,8,TLN,,13,1,VCT Emea
0,Haven,foxz,TLN,Skye,1.36,231.0,18,14,10,4,81.0,139.0,37.0,1.0,1.0,0.0,ZETA,,8,TLN,,13,1,VCT Emea
0,Haven,JitBoyS,TLN,Breach,0.97,182.0,14,17,7,-3,76.0,119.0,15.0,0.0,3.0,-3.0,ZETA,,8,TLN,,13,1,VCT Emea
0,Haven,Crws,TLN,Omen,0.78,175.0,13,16,7,-3,67.0,106.0,19.0,0.0,3.0,-3.0,ZETA,,8,TLN,,13,1,VCT Emea
0,Haven,Patiphan,TLN,Raze,0.67,188.0,13,17,5,-4,67.0,142.0,20.0,3.0,5.0,-2.0,ZETA,,8,TLN,,13,1,VCT Emea
2,Ascent,Laz,ZETA,Sova,1.63,288.0,31,17,16,14,87.0,191.0,24.0,3.0,1.0,2.0,ZETA,,14,TLN,,16,0,VCT Emea
2,Ascent,SugarZ3ro,ZETA,Omen,1.37,249.0,27,21,19,6,87.0,161.0,20.0,1.0,1.0,0.0,ZETA,,14,TLN,,16,0,VCT Emea
2,Ascent,crow,ZETA,Kayo,0.79,171.0,17,23,20,-6,73.0,113.0,29.0,2.0,6.0,-4.0,ZETA,,14,TLN,,16,0,VCT Emea
2,Ascent,Dep,ZETA,Jett,0.71,164.0,18,24,7,-6,63.0,93.0,18.0,3.0,8.0,-5.0,ZETA,,14,TLN,,16,0,VCT Emea
2,Ascent,TENNN,ZETA,Killjoy,0.64,148.0,15,22,6,-7,80.0,102.0,14.0,4.0,1.0,3.0,ZETA,,14,TLN,,16,0,VCT Emea
2,Ascent,JitBoyS,TLN,Cypher,1.23,244.0,27,22,8,5,77.0,147.0,23.0,4.0,2.0,2.0,ZETA,,14,TLN,,16,1,VCT Emea
2,Ascent,garnetS,TLN,Jett,1.12,226.0,24,21,6,3,90.0,156.0,19.0,5.0,4.0,1.0,ZETA,,14,TLN,,16,1,VCT Emea
2,Ascent,foxz,TLN,Sova,1.08,187.0,20,17,12,3,80.0,133.0,20.0,2.0,1.0,1.0,ZETA,,14,TLN,,16,1,VCT Emea
2,Ascent,Patiphan,TLN,Kayo,0.98,242.0,24,25,11,-1,70.0,160.0,25.0,5.0,3.0,2.0,ZETA,,14,TLN,,16,1,VCT Emea
2,Ascent,Crws,TLN,Omen,0.63,130.0,12,23,13,-11,70.0,87.0,25.0,1.0,3.0,-2.0,ZETA,,14,TLN,,16,1,VCT Emea
0,Lotus,xeta,T1,Harbor,1.4,249.0,20,12,7,8,73.0,153.0,21.0,3.0,1.0,2.0,T1,,13,DFM,,9,1,VCT Emea
0,Lotus,ban,T1,Viper,1.22,213.0,18,14,12,4,73.0,154.0,28.0,1.0,1.0,0.0,T1,,13,DFM,,9,1,VCT Emea
0,Lotus,Munchkin,T1,Killjoy,1.18,218.0,18,13,4,5,77.0,136.0,19.0,0.0,2.0,-2.0,T1,,13,DFM,,9,1,VCT Emea
0,Lotus,carpe,T1,Skye,0.92,146.0,11,14,8,-3,82.0,94.0,21.0,1.0,0.0,1.0,T1,,13,DFM,,9,1,VCT Emea
0,Lotus,Sayaplayer,T1,Jett,0.84,218.0,16,17,4,-1,82.0,126.0,38.0,9.0,4.0,5.0,T1,,13,DFM,,9,1,VCT Emea
0,Lotus,Anthem,DFM,Skye,1.25,242.0,19,14,6,5,77.0,168.0,29.0,1.0,0.0,1.0,T1,,13,DFM,,9,0,VCT Emea
0,Lotus,takej,DFM,Viper,0.99,216.0,16,16,6,0,59.0,134.0,31.0,3.0,2.0,1.0,T1,,13,DFM,,9,0,VCT Emea
0,Lotus,Suggest,DFM,Killjoy,0.86,179.0,12,16,3,-4,68.0,129.0,26.0,0.0,3.0,-3.0,T1,,13,DFM,,9,0,VCT Emea
0,Lotus,xnfri,DFM,Omen,0.72,170.0,14,18,4,-4,59.0,111.0,28.0,1.0,2.0,-1.0,T1,,13,DFM,,9,0,VCT Emea
0,Lotus,Seoldam,DFM,Jett,0.31,137.0,9,19,3,-10,59.0,84.0,18.0,3.0,7.0,-4.0,T1,,13,DFM,,9,0,VCT Emea
2,Split,Munchkin,T1,Skye,1.21,225.0,18,15,7,3,68.0,160.0,35.0,2.0,1.0,1.0,T1,,9,DFM,,13,0,VCT Emea
2,Split,ban,T1,Jett,1.1,249.0,19,17,3,2,68.0,154.0,30.0,5.0,4.0,1.0,T1,,9,DFM,,13,0,VCT Emea
2,Split,xeta,T1,Viper,0.84,193.0,13,17,7,-4,77.0,132.0,32.0,2.0,1.0,1.0,T1,,9,DFM,,13,0,VCT Emea
2,Split,Sayaplayer,T1,Raze,0.83,163.0,10,16,6,-6,64.0,121.0,9.0,1.0,2.0,-1.0,T1,,9,DFM,,13,0,VCT Emea
2,Split,carpe,T1,Astra,0.4,114.0,7,19,6,-12,64.0,82.0,24.0,1.0,2.0,-1.0,T1,,9,DFM,,13,0,VCT Emea
2,Split,takej,DFM,Omen,1.6,311.0,24,11,9,13,86.0,209.0,54.0,3.0,1.0,2.0,T1,,9,DFM,,13,1,VCT Emea
2,Split,xnfri,DFM,Skye,1.41,261.0,20,13,14,7,82.0,161.0,24.0,1.0,1.0,0.0,T1,,9,DFM,,13,1,VCT Emea
2,Split,Suggest,DFM,Sage,0.97,180.0,16,13,4,3,73.0,111.0,34.0,4.0,2.0,2.0,T1,,9,DFM,,13,1,VCT Emea
2,Split,Anthem,DFM,Cypher,0.94,173.0,12,13,5,-1,77.0,113.0,23.0,1.0,2.0,-1.0,T1,,9,DFM,,13,1,VCT Emea
2,Split,Seoldam,DFM,Jett,0.57,148.0,12,17,2,-5,68.0,101.0,8.0,2.0,6.0,-4.0,T1,,9,DFM,,13,1,VCT Emea
3,Fracture,Sayaplayer,T1,Raze,1.7,271.0,23,11,5,12,78.0,192.0,27.0,2.0,1.0,1.0,T1,,13,DFM,,10,1,VCT Emea
3,Fracture,carpe,T1,Brimstone,1.16,173.0,13,13,12,0,78.0,117.0,18.0,2.0,2.0,0.0,T1,,13,DFM,,10,1,VCT Emea
3,Fracture,ban,T1,Jett,1.02,258.0,22,19,2,3,70.0,163.0,26.0,6.0,2.0,4.0,T1,,13,DFM,,10,1,VCT Emea
3,Fracture,xeta,T1,Breach,0.97,152.0,11,14,15,-3,78.0,104.0,24.0,1.0,1.0,0.0,T1,,13,DFM,,10,1,VCT Emea
3,Fracture,Munchkin,T1,Killjoy,0.65,123.0,10,13,1,-3,65.0,84.0,25.0,3.0,3.0,0.0,T1,,13,DFM,,10,1,VCT Emea
3,Fracture,Suggest,DFM,Killjoy,1.35,311.0,22,16,7,6,74.0,205.0,26.0,2.0,2.0,0.0,T1,,13,DFM,,10,0,VCT Emea
3,Fracture,Seoldam,DFM,Jett,1.08,239.0,19,16,2,3,74.0,134.0,9.0,6.0,3.0,3.0,T1,,13,DFM,,10,0,VCT Emea
3,Fracture,xnfri,DFM,Brimstone,0.9,157.0,12,16,8,-4,74.0,102.0,41.0,0.0,3.0,-3.0,T1,,13,DFM,,10,0,VCT Emea
3,Fracture,takej,DFM,Viper,0.48,117.0,10,16,5,-6,57.0,77.0,40.0,0.0,2.0,-2.0,T1,,13,DFM,,10,0,VCT Emea
3,Fracture,Anthem,DFM,Skye,0.44,88.0,7,15,6,-8,74.0,51.0,25.0,1.0,4.0,-3.0,T1,,13,DFM,,10,0,VCT Emea
0,Split,Laz,ZETA,Skye,1.38,205.0,17,10,5,7,73.0,142.0,31.0,1.0,0.0,1.0,ZETA,,13,TS,,9,1,VCT Emea
0,Split,SugarZ3ro,ZETA,Astra,1.2,232.0,19,13,4,6,73.0,146.0,30.0,2.0,1.0,1.0,ZETA,,13,TS,,9,1,VCT Emea
0,Split,Dep,ZETA,Raze,1.15,263.0,19,17,3,2,73.0,174.0,21.0,6.0,3.0,3.0,ZETA,,13,TS,,9,1,VCT Emea
0,Split,crow,ZETA,Kayo,0.98,204.0,14,16,16,-2,77.0,132.0,29.0,1.0,1.0,0.0,ZETA,,13,TS,,9,1,VCT Emea
0,Split,TENNN,ZETA,Viper,0.88,202.0,17,16,6,1,73.0,105.0,26.0,4.0,3.0,1.0,ZETA,,13,TS,,9,1,VCT Emea
0,Split,Jremy,TS,Raze,1.07,230.0,17,16,4,1,68.0,143.0,27.0,3.0,5.0,-2.0,ZETA,,13,TS,,9,0,VCT Emea
0,Split,JessieVash,TS,Breach,0.96,181.0,13,15,10,-2,68.0,111.0,27.0,1.0,2.0,-1.0,ZETA,,13,TS,,9,0,VCT Emea
0,Split,DubsteP,TS,Viper,0.89,205.0,16,18,1,-2,64.0,145.0,38.0,3.0,2.0,1.0,ZETA,,13,TS,,9,0,VCT Emea
0,Split,BORKUM,TS,Astra,0.84,173.0,13,16,7,-3,73.0,107.0,17.0,0.0,1.0,-1.0,ZETA,,13,TS,,9,0,VCT Emea
0,Split,invy,TS,Skye,0.68,201.0,13,21,8,-8,64.0,131.0,19.0,1.0,4.0,-3.0,ZETA,,13,TS,,9,0,VCT Emea
2,Lotus,SugarZ3ro,ZETA,Omen,1.1,242.0,20,18,7,2,65.0,140.0,27.0,0.0,1.0,-1.0,ZETA,,10,TS,,13,0,VCT Emea
2,Lotus,crow,ZETA,Killjoy,0.99,189.0,15,16,4,-1,61.0,108.0,19.0,3.0,2.0,1.0,ZETA,,10,TS,,13,0,VCT Emea
2,Lotus,Laz,ZETA,Skye,0.83,150.0,11,18,8,-7,57.0,91.0,31.0,2.0,2.0,0.0,ZETA,,10,TS,,13,0,VCT Emea
2,Lotus,Dep,ZETA,Raze,0.73,203.0,13,19,4,-6,61.0,134.0,14.0,4.0,5.0,-1.0,ZETA,,10,TS,,13,0,VCT Emea
2,Lotus,TENNN,ZETA,Viper,0.71,140.0,11,18,5,-7,78.0,105.0,31.0,1.0,3.0,-2.0,ZETA,,10,TS,,13,0,VCT Emea
2,Lotus,BORKUM,TS,Omen,1.5,263.0,24,12,10,12,83.0,155.0,27.0,4.0,3.0,1.0,ZETA,,10,TS,,13,1,VCT Emea
2,Lotus,JessieVash,TS,Sova,1.23,194.0,15,12,11,3,74.0,139.0,30.0,1.0,1.0,0.0,ZETA,,10,TS,,13,1,VCT Emea
2,Lotus,invy,TS,Breach,1.1,195.0,18,14,8,4,78.0,120.0,38.0,1.0,1.0,0.0,ZETA,,10,TS,,13,1,VCT Emea
2,Lotus,DubsteP,TS,Jett,0.95,224.0,16,15,6,1,78.0,158.0,17.0,5.0,5.0,0.0,ZETA,,10,TS,,13,1,VCT Emea
2,Lotus,Jremy,TS,Killjoy,0.93,213.0,16,17,5,-1,74.0,137.0,16.0,2.0,0.0,2.0,ZETA,,10,TS,,13,1,VCT Emea
3,Fracture,Dep,ZETA,Raze,1.32,292.0,22,14,6,8,68.0,193.0,19.0,5.0,5.0,0.0,ZETA,,13,TS,,9,1,VCT Emea
3,Fracture,Laz,ZETA,Fade,1.27,227.0,18,12,5,6,73.0,164.0,33.0,1.0,0.0,1.0,ZETA,,13,TS,,9,1,VCT Emea
3,Fracture,SugarZ3ro,ZETA,Brimstone,1.22,201.0,14,12,15,2,91.0,134.0,11.0,2.0,0.0,2.0,ZETA,,13,TS,,9,1,VCT Emea
3,Fracture,TENNN,ZETA,Killjoy,0.95,174.0,13,13,3,0,77.0,102.0,18.0,3.0,1.0,2.0,ZETA,,13,TS,,9,1,VCT Emea
3,Fracture,crow,ZETA,Breach,0.8,113.0,11,12,9,-1,77.0,71.0,23.0,1.0,3.0,-2.0,ZETA,,13,TS,,9,1,VCT Emea
3,Fracture,invy,TS,Breach,1.02,169.0,13,16,12,-3,64.0,116.0,26.0,1.0,1.0,0.0,ZETA,,13,TS,,9,0,VCT Emea
3,Fracture,JessieVash,TS,Fade,1.0,175.0,15,15,4,0,73.0,113.0,22.0,3.0,2.0,1.0,ZETA,,13,TS,,9,0,VCT Emea
3,Fracture,BORKUM,TS,Brimstone,0.98,173.0,12,14,14,-2,73.0,122.0,16.0,1.0,2.0,-1.0,ZETA,,13,TS,,9,0,VCT Emea
3,Fracture,DubsteP,TS,Cypher,0.86,166.0,13,15,3,-2,68.0,115.0,36.0,4.0,2.0,2.0,ZETA,,13,TS,,9,0,VCT Emea
3,Fracture,Jremy,TS,Raze,0.56,164.0,10,18,4,-8,55.0,119.0,9.0,1.0,6.0,-5.0,ZETA,,13,TS,,9,0,VCT Emea
0,Pearl,Monyet,GE,Astra,1.4,199.0,16,10,12,6,76.0,127.0,43.0,3.0,0.0,3.0,GE,,13,GEN,,8,1,VCT Emea
0,Pearl,SkRossi,GE,Jett,1.35,298.0,23,16,2,7,71.0,186.0,20.0,7.0,3.0,4.0,GE,,13,GEN,,8,1,VCT Emea
0,Pearl,t3xture,GE,Killjoy,1.16,261.0,19,15,4,4,71.0,184.0,33.0,4.0,2.0,2.0,GE,,13,GEN,,8,1,VCT Emea
0,Pearl,Bazzi,GE,Fade,1.07,133.0,10,10,12,0,86.0,83.0,21.0,0.0,1.0,-1.0,GE,,13,GEN,,8,1,VCT Emea
0,Pearl,AYRIN,GE,Kayo,0.89,189.0,13,15,8,-2,71.0,123.0,22.0,0.0,1.0,-1.0,GE,,13,GEN,,8,1,VCT Emea
0,Pearl,Sylvan,GEN,Skye,1.15,193.0,17,13,4,4,76.0,100.0,21.0,0.0,0.0,0.0,GE,,13,GEN,,8,0,VCT Emea
0,Pearl,k1Ng,GEN,Viper,1.0,194.0,14,14,5,0,71.0,113.0,40.0,1.0,1.0,0.0,GE,,13,GEN,,8,0,VCT Emea
0,Pearl,Meteor,GEN,Jett,0.88,234.0,18,19,3,-1,52.0,139.0,28.0,3.0,5.0,-2.0,GE,,13,GEN,,8,0,VCT Emea
0,Pearl,GodDead,GEN,Kayo,0.72,152.0,9,16,15,-7,81.0,100.0,13.0,1.0,3.0,-2.0,GE,,13,GEN,,8,0,VCT Emea
0,Pearl,TS,GEN,Astra,0.43,127.0,8,19,8,-11,52.0,110.0,30.0,2.0,5.0,-3.0,GE,,13,GEN,,8,0,VCT Emea
2,Lotus,SkRossi,GE,Jett,1.59,331.0,24,13,4,11,90.0,224.0,28.0,6.0,4.0,2.0,GE,,13,GEN,,8,1,VCT Emea
2,Lotus,Monyet,GE,Omen,1.42,226.0,16,11,20,5,86.0,142.0,26.0,2.0,2.0,0.0,GE,,13,GEN,,8,1,VCT Emea
2,Lotus,AYRIN,GE,Kayo,1.06,211.0,18,15,12,3,95.0,123.0,27.0,2.0,1.0,1.0,GE,,13,GEN,,8,1,VCT Emea
2,Lotus,t3xture,GE,Killjoy,0.95,198.0,14,14,3,0,71.0,132.0,23.0,2.0,1.0,1.0,GE,,13,GEN,,8,1,VCT Emea
2,Lotus,Bazzi,GE,Skye,0.77,152.0,10,15,13,-5,67.0,97.0,21.0,1.0,0.0,1.0,GE,,13,GEN,,8,1,VCT Emea
2,Lotus,GodDead,GEN,Kayo,1.18,235.0,16,18,16,-2,71.0,149.0,21.0,0.0,1.0,-1.0,GE,,13,GEN,,8,0,VCT Emea
2,Lotus,Meteor,GEN,Jett,1.02,248.0,17,17,2,0,81.0,169.0,19.0,2.0,5.0,-3.0,GE,,13,GEN,,8,0,VCT Emea
2,Lotus,TS,GEN,Omen,0.95,206.0,15,18,8,-3,71.0,136.0,24.0,1.0,3.0,-2.0,GE,,13,GEN,,8,0,VCT Emea
2,Lotus,Sylvan,GEN,Fade,0.78,147.0,11,16,7,-5,71.0,98.0,28.0,3.0,1.0,2.0,GE,,13,GEN,,8,0,VCT Emea
2,Lotus,k1Ng,GEN,Killjoy,0.78,136.0,9,13,3,-4,67.0,100.0,24.0,2.0,3.0,-1.0,GE,,13,GEN,,8,0,VCT Emea
0,Haven,xffero,RRQ,Sova,1.43,261.0,19,12,9,7,76.0,170.0,25.0,2.0,1.0,1.0,RRQ,,13,KRX,,8,1,VCT Emea
0,Haven,Lmemore,RRQ,Killjoy,1.32,233.0,19,13,1,6,67.0,154.0,35.0,1.0,4.0,-3.0,RRQ,,13,KRX,,8,1,VCT Emea
0,Haven,EJAY,RRQ,Jett,1.17,204.0,17,13,3,4,67.0,136.0,22.0,2.0,5.0,-3.0,RRQ,,13,KRX,,8,1,VCT Emea
0,Haven,fl1pzjder,RRQ,Breach,1.05,214.0,15,16,10,-1,67.0,135.0,29.0,3.0,3.0,0.0,RRQ,,13,KRX,,8,1,VCT Emea
0,Haven,2GE,RRQ,Astra,0.97,184.0,11,14,15,-3,86.0,122.0,30.0,0.0,0.0,0.0,RRQ,,13,KRX,,8,1,VCT Emea
0,Haven,MaKo,KRX,Omen,1.29,277.0,19,15,15,4,76.0,157.0,25.0,2.0,1.0,1.0,RRQ,,13,KRX,,8,0,VCT Emea
0,Haven,Foxy9,KRX,Jett,1.09,245.0,18,16,3,2,67.0,138.0,25.0,6.0,1.0,5.0,RRQ,,13,KRX,,8,0,VCT Emea
0,Haven,stax,KRX,Breach,0.75,138.0,11,15,12,-4,76.0,78.0,22.0,0.0,2.0,-2.0,RRQ,,13,KRX,,8,0,VCT Emea
0,Haven,Rb,KRX,Sova,0.74,174.0,12,16,4,-4,62.0,118.0,17.0,4.0,1.0,3.0,RRQ,,13,KRX,,8,0,VCT Emea
0,Haven,BuZz,KRX,Killjoy,0.34,122.0,8,19,3,-11,52.0,82.0,29.0,1.0,3.0,-2.0,RRQ,,13,KRX,,8,0,VCT Emea
2,Split,Emman,RRQ,Skye,1.12,217.0,18,16,6,2,65.0,138.0,35.0,1.0,1.0,0.0,RRQ,,10,KRX,,13,0,VCT Emea
2,Split,fl1pzjder,RRQ,Breach,0.98,144.0,13,15,8,-2,65.0,91.0,25.0,1.0,0.0,1.0,RRQ,,10,KRX,,13,0,VCT Emea
2,Split,Lmemore,RRQ,Cypher,0.82,161.0,12,17,4,-5,61.0,100.0,16.0,2.0,2.0,0.0,RRQ,,10,KRX,,13,0,VCT Emea
2,Split,EJAY,RRQ,Raze,0.73,170.0,12,17,3,-5,57.0,110.0,8.0,3.0,5.0,-2.0,RRQ,,10,KRX,,13,0,VCT Emea
2,Split,xffero,RRQ,Astra,0.73,133.0,9,18,9,-9,61.0,91.0,23.0,3.0,4.0,-1.0,RRQ,,10,KRX,,13,0,VCT Emea
2,Split,BuZz,KRX,Raze,1.48,293.0,25,12,3,13,78.0,169.0,26.0,5.0,3.0,2.0,RRQ,,10,KRX,,13,1,VCT Emea
2,Split,Rb,KRX,Astra,1.33,204.0,17,12,7,5,87.0,139.0,23.0,2.0,2.0,0.0,RRQ,,10,KRX,,13,1,VCT Emea
2,Split,MaKo,KRX,Viper,1.31,253.0,20,13,7,7,83.0,178.0,20.0,2.0,0.0,2.0,RRQ,,10,KRX,,13,1,VCT Emea
2,Split,stax,KRX,Skye,0.71,124.0,10,14,11,-4,70.0,77.0,22.0,0.0,2.0,-2.0,RRQ,,10,KRX,,13,1,VCT Emea
2,Split,Foxy9,KRX,Jett,0.66,140.0,11,14,2,-3,70.0,91.0,20.0,4.0,4.0,0.0,RRQ,,10,KRX,,13,1,VCT Emea
3,Pearl,Lmemore,RRQ,Killjoy,0.9,269.0,12,14,2,-2,67.0,167.0,29.0,3.0,2.0,1.0,RRQ,,2,KRX,,13,0,VCT Emea
3,Pearl,fl1pzjder,RRQ,Skye,0.53,141.0,6,14,6,-8,60.0,90.0,16.0,1.0,3.0,-2.0,RRQ,,2,KRX,,13,0,VCT Emea
3,Pearl,EJAY,RRQ,Jett,0.52,138.0,7,13,0,-6,47.0,84.0,14.0,1.0,4.0,-3.0,RRQ,,2,KRX,,13,0,VCT Emea
3,Pearl,xffero,RRQ,Astra,0.32,68.0,3,13,2,-10,27.0,43.0,0.0,0.0,1.0,-1.0,RRQ,,2,KRX,,13,0,VCT Emea
3,Pearl,2GE,RRQ,Harbor,0.15,58.0,2,14,2,-12,33.0,48.0,20.0,0.0,0.0,0.0,RRQ,,2,KRX,,13,0,VCT Emea
3,Pearl,Foxy9,KRX,Jett,1.99,318.0,19,5,5,14,100.0,187.0,49.0,4.0,3.0,1.0,RRQ,,2,KRX,,13,1,VCT Emea
3,Pearl,BuZz,KRX,Killjoy,1.63,255.0,14,5,4,9,80.0,161.0,22.0,2.0,1.0,1.0,RRQ,,2,KRX,,13,1,VCT Emea
3,Pearl,MaKo,KRX,Viper,1.61,176.0,10,2,12,8,100.0,115.0,11.0,1.0,1.0,0.0,RRQ,,2,KRX,,13,1,VCT Emea
3,Pearl,stax,KRX,Skye,1.27,264.0,14,10,9,4,87.0,166.0,27.0,0.0,0.0,0.0,RRQ,,2,KRX,,13,1,VCT Emea
3,Pearl,Rb,KRX,Harbor,1.22,185.0,11,8,10,3,87.0,132.0,24.0,3.0,0.0,3.0,RRQ,,2,KRX,,13,1,VCT Emea
0,Pearl,Crws,TLN,Viper,1.35,255.0,21,14,7,7,71.0,184.0,20.0,4.0,4.0,0.0,TLN,,13,PRX,,11,1,VCT Emea
0,Pearl,Patiphan,TLN,Harbor,0.97,202.0,16,18,10,-2,58.0,138.0,27.0,2.0,2.0,0.0,TLN,,13,PRX,,11,1,VCT Emea
0,Pearl,foxz,TLN,Skye,0.91,141.0,13,13,6,0,71.0,114.0,33.0,0.0,1.0,-1.0,TLN,,13,PRX,,11,1,VCT Emea
0,Pearl,JitBoyS,TLN,Killjoy,0.9,194.0,15,18,3,-3,75.0,134.0,33.0,3.0,3.0,0.0,TLN,,13,PRX,,11,1,VCT Emea
0,Pearl,garnetS,TLN,Jett,0.5,144.0,11,19,2,-8,54.0,97.0,17.0,3.0,2.0,1.0,TLN,,13,PRX,,11,1,VCT Emea
0,Pearl,mindfreak,PRX,Astra,1.44,237.0,20,13,12,7,83.0,139.0,36.0,3.0,1.0,2.0,TLN,,13,PRX,,11,0,VCT Emea
0,Pearl,f0rsakeN,PRX,Killjoy,1.24,254.0,22,16,1,6,83.0,184.0,25.0,4.0,2.0,2.0,TLN,,13,PRX,,11,0,VCT Emea
0,Pearl,Jinggg,PRX,Phoenix,1.15,189.0,17,15,6,2,75.0,120.0,10.0,1.0,0.0,1.0,TLN,,13,PRX,,11,0,VCT Emea
0,Pearl,something,PRX,Jett,0.86,199.0,17,17,3,0,63.0,130.0,35.0,4.0,6.0,-2.0,TLN,,13,PRX,,11,0,VCT Emea
0,Pearl,d4v41,PRX,Skye,0.78,115.0,6,15,19,-9,71.0,81.0,13.0,0.0,3.0,-3.0,TLN,,13,PRX,,11,0,VCT Emea
2,Split,JitBoyS,TLN,Astra,1.09,201.0,11,14,12,-3,76.0,138.0,32.0,1.0,0.0,1.0,TLN,,4,PRX,,13,0,VCT Emea
2,Split,foxz,TLN,Skye,1.01,230.0,13,15,2,-2,59.0,155.0,20.0,0.0,1.0,-1.0,TLN,,4,PRX,,13,0,VCT Emea
2,Split,Patiphan,TLN,Kayo,0.92,179.0,10,14,9,-4,71.0,116.0,59.0,2.0,2.0,0.0,TLN,,4,PRX,,13,0,VCT Emea
2,Split,garnetS,TLN,Raze,0.85,210.0,12,16,3,-4,71.0,123.0,21.0,4.0,5.0,-1.0,TLN,,4,PRX,,13,0,VCT Emea
2,Split,Crws,TLN,Viper,0.11,64.0,3,15,4,-12,35.0,53.0,7.0,0.0,2.0,-2.0,TLN,,4,PRX,,13,0,VCT Emea
2,Split,f0rsakeN,PRX,Skye,1.62,225.0,15,8,13,7,94.0,131.0,34.0,3.0,0.0,3.0,TLN,,4,PRX,,13,1,VCT Emea
2,Split,something,PRX,Jett,1.56,346.0,20,12,6,8,94.0,225.0,18.0,3.0,1.0,2.0,TLN,,4,PRX,,13,1,VCT Emea
2,Split,d4v41,PRX,Viper,1.23,241.0,16,9,3,7,88.0,148.0,18.0,1.0,0.0,1.0,TLN,,4,PRX,,13,1,VCT Emea
2,Split,mindfreak,PRX,Astra,1.0,143.0,10,8,7,2,82.0,103.0,30.0,0.0,3.0,-3.0,TLN,,4,PRX,,13,1,VCT Emea
2,Split,Jinggg,PRX,Raze,0.94,241.0,13,12,5,1,76.0,156.0,12.0,3.0,3.0,0.0,TLN,,4,PRX,,13,1,VCT Emea
3,Fracture,foxz,TLN,Skye,1.19,256.0,22,18,6,4,78.0,166.0,30.0,0.0,5.0,-5.0,TLN,,10,PRX,,13,0,VCT Emea
3,Fracture,Crws,TLN,Brimstone,1.12,197.0,16,17,13,-1,74.0,124.0,21.0,0.0,2.0,-2.0,TLN,,10,PRX,,13,0,VCT Emea
3,Fracture,JitBoyS,TLN,Cypher,0.88,164.0,14,16,5,-2,61.0,105.0,30.0,1.0,4.0,-3.0,TLN,,10,PRX,,13,0,VCT Emea
3,Fracture,Patiphan,TLN,Breach,0.81,156.0,10,16,10,-6,65.0,106.0,23.0,3.0,1.0,2.0,TLN,,10,PRX,,13,0,VCT Emea
3,Fracture,garnetS,TLN,Raze,0.78,181.0,12,18,6,-6,70.0,136.0,32.0,2.0,5.0,-3.0,TLN,,10,PRX,,13,0,VCT Emea
3,Fracture,d4v41,PRX,Killjoy,1.33,247.0,19,13,6,6,91.0,161.0,21.0,3.0,1.0,2.0,TLN,,10,PRX,,13,1,VCT Emea
3,Fracture,f0rsakeN,PRX,Neon,1.19,260.0,21,15,6,6,70.0,164.0,24.0,6.0,1.0,5.0,TLN,,10,PRX,,13,1,VCT Emea
3,Fracture,Jinggg,PRX,Raze,1.07,227.0,18,16,4,2,61.0,159.0,16.0,5.0,2.0,3.0,TLN,,10,PRX,,13,1,VCT Emea
3,Fracture,something,PRX,Breach,1.04,172.0,12,14,11,-2,70.0,105.0,17.0,3.0,0.0,3.0,TLN,,10,PRX,,13,1,VCT Emea
3,Fracture,mindfreak,PRX,Brimstone,0.93,173.0,15,16,16,-1,74.0,107.0,31.0,0.0,2.0,-2.0,TLN,,10,PRX,,13,1,VCT Emea
0,Fracture,Crws,TLN,Brimstone,1.56,252.0,20,9,1,11,81.0,171.0,29.0,1.0,1.0,0.0,TLN,,13,GEN,,8,1,VCT Emea
0,Fracture,JitBoyS,TLN,Cypher,1.39,233.0,20,11,2,9,81.0,151.0,33.0,2.0,2.0,0.0,TLN,,13,GEN,,8,1,VCT Emea
0,Fracture,garnetS,TLN,Raze,1.03,250.0,16,17,6,-1,71.0,184.0,20.0,6.0,1.0,5.0,TLN,,13,GEN,,8,1,VCT Emea
0,Fracture,Patiphan,TLN,Breach,0.87,179.0,14,14,14,0,71.0,114.0,23.0,1.0,2.0,-1.0,TLN,,13,GEN,,8,1,VCT Emea
0,Fracture,foxz,TLN,Skye,0.86,174.0,12,14,12,-2,86.0,124.0,30.0,3.0,2.0,1.0,TLN,,13,GEN,,8,1,VCT Emea
0,Fracture,Meteor,GEN,Raze,1.0,231.0,16,17,5,-1,76.0,131.0,9.0,3.0,1.0,2.0,TLN,,13,GEN,,8,0,VCT Emea
0,Fracture,GodDead,GEN,Kayo,0.99,176.0,13,14,4,-1,57.0,122.0,23.0,0.0,3.0,-3.0,TLN,,13,GEN,,8,0,VCT Emea
0,Fracture,TS,GEN,Omen,0.91,202.0,14,17,6,-3,62.0,142.0,24.0,3.0,3.0,0.0,TLN,,13,GEN,,8,0,VCT Emea
0,Fracture,k1Ng,GEN,Viper,0.86,167.0,11,16,8,-5,57.0,122.0,27.0,2.0,3.0,-1.0,TLN,,13,GEN,,8,0,VCT Emea
0,Fracture,eKo,GEN,Breach,0.64,143.0,11,18,8,-7,71.0,91.0,26.0,0.0,3.0,-3.0,TLN,,13,GEN,,8,0,VCT Emea
2,Lotus,foxz,TLN,Sova,1.38,261.0,20,13,7,7,85.0,167.0,27.0,4.0,0.0,4.0,TLN,,13,GEN,,7,1,VCT Emea
2,Lotus,Crws,TLN,Omen,1.22,230.0,17,12,9,5,70.0,143.0,26.0,2.0,4.0,-2.0,TLN,,13,GEN,,7,1,VCT Emea
2,Lotus,garnetS,TLN,Raze,1.05,285.0,20,16,2,4,80.0,172.0,27.0,3.0,2.0,1.0,TLN,,13,GEN,,7,1,VCT Emea
2,Lotus,JitBoyS,TLN,Killjoy,0.99,150.0,11,10,4,1,65.0,117.0,33.0,1.0,1.0,0.0,TLN,,13,GEN,,7,1,VCT Emea
2,Lotus,Patiphan,TLN,Breach,0.83,168.0,11,14,11,-3,65.0,124.0,33.0,2.0,1.0,1.0,TLN,,13,GEN,,7,1,VCT Emea
2,Lotus,k1Ng,GEN,Killjoy,1.41,287.0,20,14,3,6,80.0,181.0,30.0,4.0,1.0,3.0,TLN,,13,GEN,,7,0,VCT Emea
2,Lotus,Meteor,GEN,Jett,1.03,210.0,17,15,2,2,65.0,121.0,20.0,4.0,6.0,-2.0,TLN,,13,GEN,,7,0,VCT Emea
2,Lotus,Sylvan,GEN,Fade,0.88,171.0,11,16,8,-5,70.0,117.0,24.0,0.0,1.0,-1.0,TLN,,13,GEN,,7,0,VCT Emea
2,Lotus,TS,GEN,Omen,0.82,183.0,12,17,10,-5,75.0,116.0,15.0,0.0,3.0,-3.0,TLN,,13,GEN,,7,0,VCT Emea
2,Lotus,GodDead,GEN,Kayo,0.62,129.0,5,17,17,-12,65.0,89.0,12.0,0.0,1.0,-1.0,TLN,,13,GEN,,7,0,VCT Emea
0,Split,SugarZ3ro,ZETA,Astra,0.96,188.0,13,16,5,-3,68.0,122.0,35.0,1.0,0.0,1.0,ZETA,,6,PRX,,13,0,VCT Emea
0,Split,Laz,ZETA,Skye,0.85,192.0,10,15,4,-5,58.0,129.0,21.0,2.0,1.0,1.0,ZETA,,6,PRX,,13,0,VCT Emea
0,Split,TENNN,ZETA,Viper,0.84,197.0,13,17,0,-4,68.0,123.0,23.0,1.0,4.0,-3.0,ZETA,,6,PRX,,13,0,VCT Emea
0,Split,Dep,ZETA,Raze,0.81,196.0,13,16,1,-3,47.0,116.0,17.0,1.0,7.0,-6.0,ZETA,,6,PRX,,13,0,VCT Emea
0,Split,crow,ZETA,Kayo,0.59,90.0,5,14,8,-9,79.0,71.0,20.0,0.0,2.0,-2.0,ZETA,,6,PRX,,13,0,VCT Emea
0,Split,something,PRX,Jett,1.54,237.0,19,7,2,12,95.0,147.0,23.0,5.0,3.0,2.0,ZETA,,6,PRX,,13,1,VCT Emea
0,Split,f0rsakeN,PRX,Skye,1.53,307.0,24,12,8,12,89.0,181.0,28.0,1.0,0.0,1.0,ZETA,,6,PRX,,13,1,VCT Emea
0,Split,mindfreak,PRX,Astra,1.05,178.0,11,10,14,1,79.0,97.0,23.0,3.0,2.0,1.0,ZETA,,6,PRX,,13,1,VCT Emea
0,Split,Jinggg,PRX,Raze,0.9,209.0,13,14,5,-1,74.0,149.0,20.0,4.0,0.0,4.0,ZETA,,6,PRX,,13,1,VCT Emea
0,Split,d4v41,PRX,Viper,0.8,143.0,11,11,6,0,74.0,87.0,23.0,1.0,0.0,1.0,ZETA,,6,PRX,,13,1,VCT Emea
2,Ascent,Laz,ZETA,Sova,1.29,193.0,17,12,11,5,78.0,120.0,20.0,1.0,2.0,-1.0,ZETA,,10,PRX,,13,0,VCT Emea
2,Ascent,crow,ZETA,Kayo,0.98,204.0,16,19,6,-3,65.0,126.0,18.0,1.0,1.0,0.0,ZETA,,10,PRX,,13,0,VCT Emea
2,Ascent,Dep,ZETA,Jett,0.88,207.0,17,19,4,-2,74.0,143.0,21.0,4.0,5.0,-1.0,ZETA,,10,PRX,,13,0,VCT Emea
2,Ascent,SugarZ3ro,ZETA,Omen,0.73,136.0,10,17,9,-7,65.0,84.0,20.0,2.0,1.0,1.0,ZETA,,10,PRX,,13,0,VCT Emea
2,Ascent,TENNN,ZETA,Killjoy,0.48,121.0,9,18,4,-9,74.0,80.0,21.0,1.0,4.0,-3.0,ZETA,,10,PRX,,13,0,VCT Emea
2,Ascent,something,PRX,Jett,1.47,241.0,22,11,4,11,83.0,139.0,29.0,4.0,2.0,2.0,ZETA,,10,PRX,,13,1,VCT Emea
2,Ascent,d4v41,PRX,Kayo,1.34,231.0,21,13,10,8,83.0,149.0,33.0,0.0,1.0,-1.0,ZETA,,10,PRX,,13,1,VCT Emea
2,Ascent,f0rsakeN,PRX,Fade,1.22,238.0,18,15,9,3,87.0,151.0,18.0,3.0,2.0,1.0,ZETA,,10,PRX,,13,1,VCT Emea
2,Ascent,Jinggg,PRX,Sage,0.83,148.0,10,14,12,-4,87.0,108.0,17.0,3.0,2.0,1.0,ZETA,,10,PRX,,13,1,VCT Emea
2,Ascent,mindfreak,PRX,Omen,0.83,150.0,14,16,10,-2,78.0,82.0,36.0,3.0,2.0,1.0,ZETA,,10,PRX,,13,1,VCT Emea
0,Fracture,xffero,RRQ,Brimstone,1.24,172.0,16,13,7,3,87.0,103.0,15.0,0.0,2.0,-2.0,RRQ,,13,GE,,10,1,VCT Emea
0,Fracture,Lmemore,RRQ,Killjoy,1.22,242.0,22,13,0,9,74.0,151.0,38.0,3.0,2.0,1.0,RRQ,,13,GE,,10,1,VCT Emea
0,Fracture,EJAY,RRQ,Raze,1.14,277.0,23,18,6,5,83.0,165.0,15.0,6.0,5.0,1.0,RRQ,,13,GE,,10,1,VCT Emea
0,Fracture,Emman,RRQ,Skye,0.98,211.0,18,18,11,0,83.0,141.0,26.0,2.0,1.0,1.0,RRQ,,13,GE,,10,1,VCT Emea
0,Fracture,fl1pzjder,RRQ,Breach,0.9,164.0,13,16,19,-3,78.0,108.0,23.0,2.0,0.0,2.0,RRQ,,13,GE,,10,1,VCT Emea
0,Fracture,Monyet,GE,Raze,1.16,302.0,25,20,2,5,70.0,179.0,23.0,6.0,6.0,0.0,RRQ,,13,GE,,10,0,VCT Emea
0,Fracture,AYRIN,GE,Brimstone,1.08,174.0,15,17,7,-2,74.0,119.0,13.0,1.0,1.0,0.0,RRQ,,13,GE,,10,0,VCT Emea
0,Fracture,Bazzi,GE,Breach,1.05,198.0,16,18,12,-2,78.0,140.0,23.0,0.0,3.0,-3.0,RRQ,,13,GE,,10,0,VCT Emea
0,Fracture,t3xture,GE,Killjoy,0.7,148.0,12,18,1,-6,70.0,111.0,34.0,1.0,1.0,0.0,RRQ,,13,GE,,10,0,VCT Emea
0,Fracture,SkRossi,GE,Jett,0.46,137.0,10,20,5,-10,61.0,85.0,16.0,2.0,2.0,0.0,RRQ,,13,GE,,10,0,VCT Emea
2,Pearl,Lmemore,RRQ,Killjoy,1.55,305.0,24,15,13,9,83.0,205.0,27.0,4.0,2.0,2.0,RRQ,,13,GE,,11,1,VCT Emea
2,Pearl,2GE,RRQ,Harbor,1.07,165.0,16,16,9,0,75.0,108.0,19.0,3.0,2.0,1.0,RRQ,,13,GE,,11,1,VCT Emea
2,Pearl,fl1pzjder,RRQ,Skye,0.99,201.0,19,18,10,1,71.0,121.0,38.0,2.0,1.0,1.0,RRQ,,13,GE,,11,1,VCT Emea
2,Pearl,EJAY,RRQ,Jett,0.93,218.0,18,18,7,0,83.0,156.0,26.0,5.0,3.0,2.0,RRQ,,13,GE,,11,1,VCT Emea
2,Pearl,xffero,RRQ,Astra,0.9,187.0,18,17,7,1,79.0,116.0,30.0,1.0,1.0,0.0,RRQ,,13,GE,,11,1,VCT Emea
2,Pearl,t3xture,GE,Killjoy,1.71,324.0,28,17,5,11,79.0,209.0,48.0,2.0,1.0,1.0,RRQ,,13,GE,,11,0,VCT Emea
2,Pearl,Monyet,GE,Astra,0.83,189.0,14,19,8,-5,71.0,125.0,21.0,3.0,2.0,1.0,RRQ,,13,GE,,11,0,VCT Emea
2,Pearl,AYRIN,GE,Kayo,0.76,177.0,16,20,11,-4,67.0,107.0,22.0,3.0,6.0,-3.0,RRQ,,13,GE,,11,0,VCT Emea
2,Pearl,SkRossi,GE,Jett,0.71,163.0,15,18,3,-3,54.0,100.0,11.0,0.0,5.0,-5.0,RRQ,,13,GE,,11,0,VCT Emea
2,Pearl,Bazzi,GE,Fade,0.62,163.0,11,21,8,-10,63.0,118.0,15.0,1.0,1.0,0.0,RRQ,,13,GE,,11,0,VCT Emea
0,Lotus,Jremy,TS,Killjoy,1.01,190.0,11,14,3,-3,59.0,109.0,25.0,2.0,2.0,0.0,TS,,4,T1,,13,0,VCT Emea
0,Lotus,BORKUM,TS,Omen,0.97,217.0,12,15,4,-3,76.0,142.0,23.0,0.0,0.0,0.0,TS,,4,T1,,13,0,VCT Emea
0,Lotus,invy,TS,Breach,0.9,192.0,11,13,4,-2,65.0,139.0,30.0,1.0,4.0,-3.0,TS,,4,T1,,13,0,VCT Emea
0,Lotus,JessieVash,TS,Sova,0.37,90.0,4,14,3,-10,47.0,69.0,14.0,0.0,3.0,-3.0,TS,,4,T1,,13,0,VCT Emea
0,Lotus,DubsteP,TS,Jett,0.26,109.0,5,16,1,-11,35.0,83.0,22.0,1.0,4.0,-3.0,TS,,4,T1,,13,0,VCT Emea
0,Lotus,carpe,T1,Skye,1.65,284.0,19,9,14,10,88.0,174.0,31.0,1.0,0.0,1.0,TS,,4,T1,,13,1,VCT Emea
0,Lotus,Sayaplayer,T1,Jett,1.51,227.0,16,6,1,10,88.0,140.0,32.0,6.0,1.0,5.0,TS,,4,T1,,13,1,VCT Emea
0,Lotus,Munchkin,T1,Killjoy,1.3,262.0,17,10,10,7,76.0,189.0,26.0,0.0,1.0,-1.0,TS,,4,T1,,13,1,VCT Emea
0,Lotus,ban,T1,Viper,1.11,181.0,11,8,5,3,76.0,107.0,23.0,3.0,1.0,2.0,TS,,4,T1,,13,1,VCT Emea
0,Lotus,xeta,T1,Harbor,0.96,169.0,9,10,7,-1,88.0,107.0,15.0,3.0,1.0,2.0,TS,,4,T1,,13,1,VCT Emea
2,Bind,DubsteP,TS,Sage,0.99,193.0,14,16,1,-2,57.0,143.0,40.0,4.0,6.0,-2.0,TS,,8,T1,,13,0,VCT Emea
2,Bind,Jremy,TS,Raze,0.92,223.0,15,18,2,-3,62.0,145.0,19.0,4.0,1.0,3.0,TS,,8,T1,,13,0,VCT Emea
2,Bind,JessieVash,TS,Harbor,0.7,143.0,10,17,8,-7,71.0,93.0,15.0,0.0,0.0,0.0,TS,,8,T1,,13,0,VCT Emea
2,Bind,BORKUM,TS,Viper,0.68,118.0,8,14,6,-6,67.0,82.0,26.0,1.0,1.0,0.0,TS,,8,T1,,13,0,VCT Emea
2,Bind,invy,TS,Skye,0.43,122.0,9,20,7,-11,62.0,75.0,23.0,0.0,4.0,-4.0,TS,,8,T1,,13,0,VCT Emea
2,Bind,Sayaplayer,T1,Raze,1.7,334.0,25,12,6,13,86.0,239.0,23.0,5.0,1.0,4.0,TS,,8,T1,,13,1,VCT Emea
2,Bind,xeta,T1,Viper,1.41,245.0,19,9,5,10,76.0,137.0,8.0,2.0,1.0,1.0,TS,,8,T1,,13,1,VCT Emea
2,Bind,Munchkin,T1,Skye,1.26,244.0,18,13,10,5,95.0,152.0,35.0,2.0,2.0,0.0,TS,,8,T1,,13,1,VCT Emea
2,Bind,iNTRO,T1,Harbor,1.06,148.0,12,9,6,3,95.0,117.0,40.0,0.0,2.0,-2.0,TS,,8,T1,,13,1,VCT Emea
2,Bind,carpe,T1,Gekko,0.74,148.0,11,13,4,-2,81.0,103.0,22.0,3.0,3.0,0.0,TS,,8,T1,,13,1,VCT Emea
0,Fracture,Foxy9,KRX,Raze,1.17,241.0,17,14,4,3,67.0,161.0,13.0,2.0,3.0,-1.0,KRX,,13,DFM,,8,1,VCT Emea
0,Fracture,BuZz,KRX,Killjoy,1.17,280.0,21,15,3,6,71.0,180.0,23.0,2.0,5.0,-3.0,KRX,,13,DFM,,8,1,VCT Emea
0,Fracture,stax,KRX,Breach,1.04,177.0,14,14,14,0,76.0,103.0,18.0,0.0,0.0,0.0,KRX,,13,DFM,,8,1,VCT Emea
0,Fracture,MaKo,KRX,Brimstone,1.03,207.0,15,14,9,1,71.0,132.0,23.0,3.0,3.0,0.0,KRX,,13,DFM,,8,1,VCT Emea
0,Fracture,Rb,KRX,Fade,0.75,121.0,9,14,5,-5,57.0,86.0,17.0,0.0,3.0,-3.0,KRX,,13,DFM,,8,1,VCT Emea
0,Fracture,Seoldam,DFM,Jett,1.37,295.0,21,15,6,6,71.0,172.0,28.0,7.0,3.0,4.0,KRX,,13,DFM,,8,0,VCT Emea
0,Fracture,takej,DFM,Brimstone,1.22,237.0,18,16,11,2,81.0,146.0,57.0,3.0,1.0,2.0,KRX,,13,DFM,,8,0,VCT Emea
0,Fracture,Reita,DFM,Breach,1.15,186.0,14,13,15,1,86.0,121.0,35.0,1.0,0.0,1.0,KRX,,13,DFM,,8,0,VCT Emea
0,Fracture,Anthem,DFM,Killjoy,0.65,152.0,10,15,4,-5,62.0,111.0,27.0,1.0,2.0,-1.0,KRX,,13,DFM,,8,0,VCT Emea
0,Fracture,xnfri,DFM,Skye,0.54,117.0,8,17,6,-9,52.0,75.0,30.0,2.0,1.0,1.0,KRX,,13,DFM,,8,0,VCT Emea
2,Ascent,MaKo,KRX,Omen,1.78,245.0,15,4,15,11,100.0,133.0,20.0,2.0,0.0,2.0,KRX,,13,DFM,,4,1,VCT Emea
2,Ascent,Rb,KRX,Sova,1.48,216.0,15,6,4,9,82.0,138.0,34.0,1.0,3.0,-2.0,KRX,,13,DFM,,4,1,VCT Emea
2,Ascent,BuZz,KRX,Killjoy,1.38,302.0,19,10,5,9,76.0,178.0,22.0,2.0,2.0,0.0,KRX,,13,DFM,,4,1,VCT Emea
2,Ascent,stax,KRX,Kayo,0.9,133.0,8,8,8,0,76.0,98.0,19.0,1.0,1.0,0.0,KRX,,13,DFM,,4,1,VCT Emea
2,Ascent,Foxy9,KRX,Jett,0.9,206.0,13,13,6,0,76.0,118.0,26.0,3.0,2.0,1.0,KRX,,13,DFM,,4,1,VCT Emea
2,Ascent,xnfri,DFM,Kayo,1.0,171.0,9,12,7,-3,71.0,125.0,20.0,1.0,0.0,1.0,KRX,,13,DFM,,4,0,VCT Emea
2,Ascent,Anthem,DFM,Killjoy,0.88,242.0,12,15,4,-3,59.0,166.0,35.0,1.0,2.0,-1.0,KRX,,13,DFM,,4,0,VCT Emea
2,Ascent,takej,DFM,Omen,0.61,82.0,4,12,4,-8,47.0,64.0,26.0,1.0,1.0,0.0,KRX,,13,DFM,,4,0,VCT Emea
2,Ascent,Seoldam,DFM,Jett,0.59,173.0,9,15,1,-6,53.0,104.0,27.0,4.0,5.0,-1.0,KRX,,13,DFM,,4,0,VCT Emea
2,Ascent,Reita,DFM,Sova,0.33,119.0,7,16,2,-9,53.0,81.0,26.0,1.0,1.0,0.0,KRX,,13,DFM,,4,0,VCT Emea
0,Split,Jinggg,PRX,Raze,1.46,278.0,21,11,2,10,80.0,166.0,18.0,2.0,2.0,0.0,PRX,,13,GEN,,7,1,VCT Emea
0,Split,f0rsakeN,PRX,Skye,1.14,146.0,10,9,9,1,85.0,85.0,21.0,2.0,0.0,2.0,PRX,,13,GEN,,7,1,VCT Emea
0,Split,d4v41,PRX,Viper,0.99,158.0,11,11,3,0,75.0,132.0,18.0,2.0,0.0,2.0,PRX,,13,GEN,,7,1,VCT Emea
0,Split,something,PRX,Jett,0.95,192.0,14,12,3,2,60.0,149.0,24.0,3.0,4.0,-1.0,PRX,,13,GEN,,7,1,VCT Emea
0,Split,mindfreak,PRX,Astra,0.84,177.0,12,13,4,-1,70.0,109.0,26.0,3.0,2.0,1.0,PRX,,13,GEN,,7,1,VCT Emea
0,Split,GodDead,GEN,Sage,1.3,259.0,18,13,4,5,60.0,163.0,34.0,4.0,5.0,-1.0,PRX,,13,GEN,,7,0,VCT Emea
0,Split,TS,GEN,Astra,1.07,180.0,13,11,7,2,65.0,120.0,29.0,1.0,3.0,-2.0,PRX,,13,GEN,,7,0,VCT Emea
0,Split,Meteor,GEN,Raze,0.78,184.0,13,16,4,-3,70.0,117.0,20.0,1.0,2.0,-1.0,PRX,,13,GEN,,7,0,VCT Emea
0,Split,Sylvan,GEN,Skye,0.69,126.0,8,14,6,-6,75.0,80.0,21.0,2.0,1.0,1.0,PRX,,13,GEN,,7,0,VCT Emea
0,Split,k1Ng,GEN,Viper,0.44,95.0,4,14,5,-10,65.0,79.0,19.0,0.0,1.0,-1.0,PRX,,13,GEN,,7,0,VCT Emea
2,Ascent,d4v41,PRX,Kayo,1.77,284.0,18,6,9,12,87.0,176.0,29.0,1.0,1.0,0.0,PRX,,13,GEN,,2,1,VCT Emea
2,Ascent,Jinggg,PRX,Sage,1.52,227.0,13,7,4,6,80.0,142.0,23.0,2.0,3.0,-1.0,PRX,,13,GEN,,2,1,VCT Emea
2,Ascent,f0rsakeN,PRX,Fade,1.37,273.0,16,9,4,7,80.0,169.0,33.0,2.0,0.0,2.0,PRX,,13,GEN,,2,1,VCT Emea
2,Ascent,something,PRX,Jett,1.22,200.0,10,8,6,2,93.0,120.0,13.0,4.0,0.0,4.0,PRX,,13,GEN,,2,1,VCT Emea
2,Ascent,mindfreak,PRX,Omen,1.1,171.0,9,7,5,2,80.0,101.0,26.0,1.0,1.0,0.0,PRX,,13,GEN,,2,1,VCT Emea
2,Ascent,Meteor,GEN,Jett,0.69,178.0,8,13,2,-5,47.0,120.0,32.0,3.0,1.0,2.0,PRX,,13,GEN,,2,0,VCT Emea
2,Ascent,TS,GEN,Omen,0.66,180.0,10,14,2,-4,67.0,100.0,8.0,1.0,0.0,1.0,PRX,,13,GEN,,2,0,VCT Emea
2,Ascent,eKo,GEN,Sova,0.61,112.0,5,12,5,-7,60.0,64.0,14.0,1.0,0.0,1.0,PRX,,13,GEN,,2,0,VCT Emea
2,Ascent,k1Ng,GEN,Killjoy,0.59,157.0,8,13,2,-5,67.0,127.0,20.0,0.0,6.0,-6.0,PRX,,13,GEN,,2,0,VCT Emea
2,Ascent,GodDead,GEN,Kayo,0.43,148.0,6,14,5,-8,53.0,102.0,22.0,0.0,3.0,-3.0,PRX,,13,GEN,,2,0,VCT Emea
0,Fracture,Laz,ZETA,Fade,1.46,255.0,23,12,8,11,88.0,157.0,42.0,1.0,2.0,-1.0,ZETA,,11,T1,,13,0,VCT Emea
0,Fracture,Dep,ZETA,Raze,1.2,267.0,23,18,4,5,71.0,170.0,22.0,3.0,2.0,1.0,ZETA,,11,T1,,13,0,VCT Emea
0,Fracture,SugarZ3ro,ZETA,Brimstone,0.89,191.0,15,17,8,-2,58.0,125.0,23.0,2.0,3.0,-1.0,ZETA,,11,T1,,13,0,VCT Emea
0,Fracture,TENNN,ZETA,Killjoy,0.86,189.0,14,18,5,-4,71.0,130.0,20.0,3.0,5.0,-2.0,ZETA,,11,T1,,13,0,VCT Emea
0,Fracture,crow,ZETA,Breach,0.68,126.0,8,17,10,-9,67.0,97.0,24.0,0.0,3.0,-3.0,ZETA,,11,T1,,13,0,VCT Emea
0,Fracture,ban,T1,Jett,1.23,289.0,24,19,3,5,75.0,186.0,29.0,5.0,4.0,1.0,ZETA,,11,T1,,13,1,VCT Emea
0,Fracture,Munchkin,T1,Killjoy,1.17,251.0,22,15,3,7,67.0,161.0,18.0,5.0,1.0,4.0,ZETA,,11,T1,,13,1,VCT Emea
0,Fracture,xeta,T1,Breach,1.03,186.0,15,18,14,-3,67.0,128.0,27.0,1.0,3.0,-2.0,ZETA,,11,T1,,13,1,VCT Emea
0,Fracture,Sayaplayer,T1,Raze,0.81,161.0,15,16,1,-1,71.0,99.0,24.0,3.0,1.0,2.0,ZETA,,11,T1,,13,1,VCT Emea
0,Fracture,carpe,T1,Brimstone,0.65,98.0,6,15,14,-9,75.0,64.0,15.0,1.0,0.0,1.0,ZETA,,11,T1,,13,1,VCT Emea
2,Lotus,Dep,ZETA,Raze,1.24,323.0,24,19,4,5,61.0,198.0,23.0,7.0,7.0,0.0,ZETA,,13,T1,,10,1,VCT Emea
2,Lotus,SugarZ3ro,ZETA,Omen,1.08,199.0,15,16,14,-1,74.0,121.0,36.0,0.0,3.0,-3.0,ZETA,,13,T1,,10,1,VCT Emea
2,Lotus,crow,ZETA,Killjoy,1.01,150.0,13,14,2,-1,70.0,109.0,38.0,0.0,0.0,0.0,ZETA,,13,T1,,10,1,VCT Emea
2,Lotus,TENNN,ZETA,Viper,0.84,170.0,15,16,5,-1,61.0,100.0,22.0,0.0,4.0,-4.0,ZETA,,13,T1,,10,1,VCT Emea
2,Lotus,Laz,ZETA,Skye,0.64,135.0,10,19,9,-9,52.0,104.0,32.0,1.0,1.0,0.0,ZETA,,13,T1,,10,1,VCT Emea
2,Lotus,ban,T1,Viper,1.29,240.0,20,13,4,7,83.0,145.0,46.0,3.0,1.0,2.0,ZETA,,13,T1,,10,0,VCT Emea
2,Lotus,Sayaplayer,T1,Jett,1.28,257.0,22,15,2,7,61.0,161.0,23.0,4.0,3.0,1.0,ZETA,,13,T1,,10,0,VCT Emea
2,Lotus,carpe,T1,Skye,1.05,228.0,19,17,9,2,87.0,127.0,34.0,4.0,0.0,4.0,ZETA,,13,T1,,10,0,VCT Emea
2,Lotus,Munchkin,T1,Killjoy,0.95,194.0,15,14,5,1,74.0,130.0,19.0,3.0,2.0,1.0,ZETA,,13,T1,,10,0,VCT Emea
2,Lotus,xeta,T1,Harbor,0.49,94.0,8,18,5,-10,65.0,67.0,24.0,1.0,2.0,-1.0,ZETA,,13,T1,,10,0,VCT Emea
3,Bind,TENNN,ZETA,Viper,0.85,206.0,12,15,1,-3,69.0,129.0,12.0,1.0,2.0,-1.0,ZETA,,3,T1,,13,0,VCT Emea
3,Bind,SugarZ3ro,ZETA,Harbor,0.67,169.0,8,15,4,-7,50.0,107.0,23.0,0.0,3.0,-3.0,ZETA,,3,T1,,13,0,VCT Emea
3,Bind,crow,ZETA,Sage,0.6,214.0,11,15,2,-4,44.0,136.0,23.0,1.0,1.0,0.0,ZETA,,3,T1,,13,0,VCT Emea
3,Bind,Dep,ZETA,Jett,0.4,155.0,8,17,2,-9,50.0,90.0,26.0,3.0,5.0,-2.0,ZETA,,3,T1,,13,0,VCT Emea
3,Bind,Laz,ZETA,Skye,0.38,96.0,5,14,2,-9,31.0,62.0,17.0,0.0,0.0,0.0,ZETA,,3,T1,,13,0,VCT Emea
3,Bind,Munchkin,T1,Skye,1.78,285.0,18,5,6,13,100.0,192.0,25.0,1.0,0.0,1.0,ZETA,,3,T1,,13,1,VCT Emea
3,Bind,Sayaplayer,T1,Raze,1.55,319.0,20,10,2,10,88.0,196.0,22.0,7.0,1.0,6.0,ZETA,,3,T1,,13,1,VCT Emea
3,Bind,xeta,T1,Viper,1.35,264.0,15,9,7,6,94.0,177.0,25.0,0.0,1.0,-1.0,ZETA,,3,T1,,13,1,VCT Emea
3,Bind,ban,T1,Harbor,1.22,254.0,14,12,5,2,88.0,150.0,9.0,3.0,0.0,3.0,ZETA,,3,T1,,13,1,VCT Emea
3,Bind,carpe,T1,Gekko,0.89,132.0,9,8,2,1,63.0,102.0,36.0,0.0,3.0,-3.0,ZETA,,3,T1,,13,1,VCT Emea
0,Haven,BORKUM,TS,Omen,1.32,224.0,18,13,5,5,90.0,163.0,21.0,1.0,0.0,1.0,TS,,13,KRX,,8,1,VCT Emea
0,Haven,JessieVash,TS,Sova,1.2,241.0,18,14,5,4,81.0,153.0,23.0,2.0,1.0,1.0,TS,,13,KRX,,8,1,VCT Emea
0,Haven,invy,TS,Breach,1.03,202.0,16,15,12,1,76.0,106.0,29.0,3.0,3.0,0.0,TS,,13,KRX,,8,1,VCT Emea
0,Haven,DubsteP,TS,Killjoy,1.02,179.0,15,14,3,1,67.0,122.0,28.0,1.0,2.0,-1.0,TS,,13,KRX,,8,1,VCT Emea
0,Haven,Jremy,TS,Raze,0.99,254.0,16,16,9,0,81.0,162.0,19.0,5.0,3.0,2.0,TS,,13,KRX,,8,1,VCT Emea
0,Haven,BuZz,KRX,Jett,1.17,268.0,21,18,3,3,71.0,166.0,21.0,3.0,5.0,-2.0,TS,,13,KRX,,8,0,VCT Emea
0,Haven,stax,KRX,Breach,0.97,192.0,14,16,10,-2,71.0,128.0,33.0,1.0,3.0,-2.0,TS,,13,KRX,,8,0,VCT Emea
0,Haven,Zest,KRX,Sova,0.9,175.0,12,15,6,-3,67.0,96.0,22.0,2.0,0.0,2.0,TS,,13,KRX,,8,0,VCT Emea
0,Haven,MaKo,KRX,Omen,0.89,199.0,15,17,10,-2,71.0,126.0,32.0,1.0,3.0,-2.0,TS,,13,KRX,,8,0,VCT Emea
0,Haven,Rb,KRX,Killjoy,0.56,144.0,10,17,2,-7,71.0,99.0,24.0,2.0,1.0,1.0,TS,,13,KRX,,8,0,VCT Emea
2,Ascent,JessieVash,TS,Sova,1.28,199.0,18,13,7,5,63.0,146.0,28.0,1.0,1.0,0.0,TS,,13,KRX,,11,1,VCT Emea
2,Ascent,Jremy,TS,Killjoy,1.1,210.0,20,15,3,5,83.0,136.0,19.0,2.0,2.0,0.0,TS,,13,KRX,,11,1,VCT Emea
2,Ascent,invy,TS,Kayo,1.03,207.0,15,19,17,-4,67.0,137.0,21.0,6.0,2.0,4.0,TS,,13,KRX,,11,1,VCT Emea
2,Ascent,DubsteP,TS,Jett,0.89,208.0,15,18,7,-3,67.0,124.0,13.0,2.0,2.0,0.0,TS,,13,KRX,,11,1,VCT Emea
2,Ascent,BORKUM,TS,Omen,0.81,159.0,14,17,12,-3,75.0,90.0,22.0,2.0,4.0,-2.0,TS,,13,KRX,,11,1,VCT Emea
2,Ascent,Rb,KRX,Killjoy,1.62,345.0,28,16,3,12,79.0,214.0,25.0,3.0,0.0,3.0,TS,,13,KRX,,11,0,VCT Emea
2,Ascent,MaKo,KRX,Omen,1.29,210.0,18,14,15,4,63.0,126.0,25.0,2.0,2.0,0.0,TS,,13,KRX,,11,0,VCT Emea
2,Ascent,Zest,KRX,Sova,1.11,186.0,18,15,7,3,63.0,125.0,43.0,2.0,2.0,0.0,TS,,13,KRX,,11,0,VCT Emea
2,Ascent,stax,KRX,Kayo,0.87,155.0,9,17,21,-8,79.0,114.0,20.0,1.0,1.0,0.0,TS,,13,KRX,,11,0,VCT Emea
2,Ascent,BuZz,KRX,Jett,0.35,110.0,9,20,1,-11,58.0,75.0,10.0,3.0,8.0,-5.0,TS,,13,KRX,,11,0,VCT Emea
0,Lotus,SkRossi,GE,Jett,1.61,313.0,24,12,3,12,80.0,202.0,43.0,5.0,4.0,1.0,GE,,13,DFM,,7,1,VCT Emea
0,Lotus,Monyet,GE,Omen,1.29,222.0,16,12,6,4,65.0,133.0,47.0,4.0,4.0,0.0,GE,,13,DFM,,7,1,VCT Emea
0,Lotus,t3xture,GE,Killjoy,1.23,173.0,13,8,2,5,80.0,124.0,47.0,1.0,0.0,1.0,GE,,13,DFM,,7,1,VCT Emea
0,Lotus,AYRIN,GE,Kayo,0.95,142.0,11,11,6,0,70.0,80.0,13.0,0.0,1.0,-1.0,GE,,13,DFM,,7,1,VCT Emea
0,Lotus,Bazzi,GE,Skye,0.89,131.0,7,11,11,-4,75.0,84.0,8.0,1.0,0.0,1.0,GE,,13,DFM,,7,1,VCT Emea
0,Lotus,Anthem,DFM,Killjoy,0.96,185.0,12,14,4,-2,75.0,135.0,29.0,2.0,0.0,2.0,GE,,13,DFM,,7,0,VCT Emea
0,Lotus,takej,DFM,Viper,0.79,165.0,12,13,4,-1,65.0,101.0,16.0,1.0,2.0,-1.0,GE,,13,DFM,,7,0,VCT Emea
0,Lotus,xnfri,DFM,Omen,0.74,138.0,10,15,5,-5,60.0,87.0,25.0,2.0,0.0,2.0,GE,,13,DFM,,7,0,VCT Emea
0,Lotus,Reita,DFM,Skye,0.72,127.0,10,14,4,-4,40.0,101.0,50.0,0.0,6.0,-6.0,GE,,13,DFM,,7,0,VCT Emea
0,Lotus,Seoldam,DFM,Jett,0.64,166.0,10,15,3,-5,60.0,98.0,22.0,4.0,3.0,1.0,GE,,13,DFM,,7,0,VCT Emea
2,Pearl,Monyet,GE,Astra,1.38,225.0,16,9,4,7,68.0,148.0,24.0,3.0,2.0,1.0,GE,,13,DFM,,6,1,VCT Emea
2,Pearl,t3xture,GE,Killjoy,1.25,199.0,13,11,7,2,79.0,145.0,22.0,2.0,2.0,0.0,GE,,13,DFM,,6,1,VCT Emea
2,Pearl,Bazzi,GE,Fade,1.25,210.0,16,11,7,5,89.0,121.0,21.0,1.0,0.0,1.0,GE,,13,DFM,,6,1,VCT Emea
2,Pearl,AYRIN,GE,Kayo,1.19,194.0,13,11,11,2,89.0,112.0,21.0,1.0,1.0,0.0,GE,,13,DFM,,6,1,VCT Emea
2,Pearl,SkRossi,GE,Jett,0.76,185.0,13,17,2,-4,68.0,120.0,17.0,3.0,4.0,-1.0,GE,,13,DFM,,6,1,VCT Emea
2,Pearl,Anthem,DFM,Killjoy,1.27,299.0,22,15,0,7,79.0,191.0,34.0,5.0,1.0,4.0,GE,,13,DFM,,6,0,VCT Emea
2,Pearl,xnfri,DFM,Skye,0.75,151.0,10,14,8,-4,63.0,91.0,26.0,0.0,1.0,-1.0,GE,,13,DFM,,6,0,VCT Emea
2,Pearl,Seoldam,DFM,Jett,0.74,163.0,11,13,3,-2,58.0,109.0,24.0,2.0,6.0,-4.0,GE,,13,DFM,,6,0,VCT Emea
2,Pearl,Reita,DFM,Harbor,0.66,115.0,7,13,11,-6,68.0,76.0,24.0,1.0,0.0,1.0,GE,,13,DFM,,6,0,VCT Emea
2,Pearl,takej,DFM,Viper,0.64,135.0,9,16,7,-7,68.0,110.0,27.0,1.0,2.0,-1.0,GE,,13,DFM,,6,0,VCT Emea
0,Split,Patiphan,TLN,Jett,1.55,300.0,17,11,5,6,81.0,204.0,27.0,2.0,2.0,0.0,TLN,,13,RRQ,,3,1,VCT Emea
0,Split,foxz,TLN,Skye,1.54,193.0,13,5,6,8,75.0,120.0,15.0,1.0,1.0,0.0,TLN,,13,RRQ,,3,1,VCT Emea
0,Split,JitBoyS,TLN,Astra,1.33,192.0,11,6,7,5,81.0,138.0,38.0,1.0,1.0,0.0,TLN,,13,RRQ,,3,1,VCT Emea
0,Split,garnetS,TLN,Raze,1.22,249.0,14,11,3,3,81.0,183.0,33.0,2.0,3.0,-1.0,TLN,,13,RRQ,,3,1,VCT Emea
0,Split,Crws,TLN,Viper,1.07,164.0,10,8,5,2,88.0,96.0,14.0,1.0,2.0,-1.0,TLN,,13,RRQ,,3,1,VCT Emea
0,Split,xffero,RRQ,Astra,0.91,212.0,10,14,7,-4,56.0,119.0,8.0,3.0,0.0,3.0,TLN,,13,RRQ,,3,0,VCT Emea
0,Split,Emman,RRQ,Skye,0.84,137.0,8,11,5,-3,75.0,85.0,50.0,3.0,0.0,3.0,TLN,,13,RRQ,,3,0,VCT Emea
0,Split,EJAY,RRQ,Raze,0.78,223.0,12,13,2,-1,69.0,140.0,12.0,1.0,2.0,-1.0,TLN,,13,RRQ,,3,0,VCT Emea
0,Split,fl1pzjder,RRQ,Viper,0.45,137.0,6,14,4,-8,63.0,89.0,41.0,1.0,2.0,-1.0,TLN,,13,RRQ,,3,0,VCT Emea
0,Split,Lmemore,RRQ,Killjoy,0.41,113.0,5,13,2,-8,50.0,83.0,16.0,1.0,3.0,-2.0,TLN,,13,RRQ,,3,0,VCT Emea
2,Ascent,Crws,TLN,Viper,1.05,250.0,15,16,4,-1,71.0,139.0,21.0,3.0,0.0,3.0,TLN,,4,RRQ,,13,0,VCT Emea
2,Ascent,garnetS,TLN,Jett,0.77,209.0,11,14,4,-3,82.0,139.0,23.0,2.0,3.0,-1.0,TLN,,4,RRQ,,13,0,VCT Emea
2,Ascent,Patiphan,TLN,Harbor,0.7,180.0,11,14,1,-3,53.0,127.0,13.0,2.0,0.0,2.0,TLN,,4,RRQ,,13,0,VCT Emea
2,Ascent,foxz,TLN,Skye,0.67,203.0,10,16,5,-6,76.0,135.0,23.0,3.0,3.0,0.0,TLN,,4,RRQ,,13,0,VCT Emea
2,Ascent,JitBoyS,TLN,Killjoy,0.5,137.0,7,15,3,-8,53.0,97.0,14.0,0.0,1.0,-1.0,TLN,,4,RRQ,,13,0,VCT Emea
2,Ascent,xffero,RRQ,Sova,1.94,310.0,20,9,10,11,88.0,192.0,17.0,2.0,1.0,1.0,TLN,,4,RRQ,,13,1,VCT Emea
2,Ascent,fl1pzjder,RRQ,Kayo,1.79,251.0,15,7,16,8,88.0,178.0,23.0,0.0,0.0,0.0,TLN,,4,RRQ,,13,1,VCT Emea
2,Ascent,2GE,RRQ,Omen,1.22,233.0,14,13,14,1,88.0,147.0,38.0,2.0,0.0,2.0,TLN,,4,RRQ,,13,1,VCT Emea
2,Ascent,Lmemore,RRQ,Killjoy,0.93,200.0,13,12,4,1,82.0,138.0,34.0,0.0,3.0,-3.0,TLN,,4,RRQ,,13,1,VCT Emea
2,Ascent,EJAY,RRQ,Jett,0.74,201.0,13,13,4,0,76.0,125.0,10.0,3.0,6.0,-3.0,TLN,,4,RRQ,,13,1,VCT Emea
3,Haven,Patiphan,TLN,Raze,1.06,222.0,16,15,0,1,55.0,140.0,28.0,0.0,3.0,-3.0,TLN,,7,RRQ,,13,0,VCT Emea
3,Haven,JitBoyS,TLN,Breach,0.98,202.0,13,16,10,-3,70.0,125.0,29.0,0.0,2.0,-2.0,TLN,,7,RRQ,,13,0,VCT Emea
3,Haven,Crws,TLN,Omen,0.71,184.0,12,18,11,-6,70.0,119.0,26.0,2.0,1.0,1.0,TLN,,7,RRQ,,13,0,VCT Emea
3,Haven,foxz,TLN,Skye,0.64,153.0,11,16,2,-5,60.0,107.0,35.0,3.0,6.0,-3.0,TLN,,7,RRQ,,13,0,VCT Emea
3,Haven,Sushiboys,TLN,Killjoy,0.5,149.0,9,17,4,-8,50.0,102.0,19.0,0.0,3.0,-3.0,TLN,,7,RRQ,,13,0,VCT Emea
3,Haven,fl1pzjder,RRQ,Breach,1.87,330.0,24,12,8,12,80.0,204.0,43.0,6.0,2.0,4.0,TLN,,7,RRQ,,13,1,VCT Emea
3,Haven,EJAY,RRQ,Jett,1.34,228.0,17,10,3,7,75.0,149.0,21.0,3.0,1.0,2.0,TLN,,7,RRQ,,13,1,VCT Emea
3,Haven,2GE,RRQ,Astra,1.23,223.0,17,12,6,5,85.0,145.0,37.0,2.0,1.0,1.0,TLN,,7,RRQ,,13,1,VCT Emea
3,Haven,Lmemore,RRQ,Killjoy,0.94,201.0,15,14,2,1,75.0,137.0,50.0,2.0,1.0,1.0,TLN,,7,RRQ,,13,1,VCT Emea
3,Haven,xffero,RRQ,Sova,0.69,134.0,9,13,4,-4,75.0,96.0,23.0,2.0,0.0,2.0,TLN,,7,RRQ,,13,1,VCT Emea
0,Haven,SugarZ3ro,ZETA,Omen,1.43,228.0,17,12,20,5,86.0,162.0,27.0,0.0,1.0,-1.0,ZETA,,13,GEN,,8,1,VCT Emea
0,Haven,TENNN,ZETA,Killjoy,1.38,288.0,22,13,4,9,90.0,186.0,25.0,5.0,0.0,5.0,ZETA,,13,GEN,,8,1,VCT Emea
0,Haven,Laz,ZETA,Sova,1.29,247.0,19,13,8,6,76.0,181.0,28.0,1.0,2.0,-1.0,ZETA,,13,GEN,,8,1,VCT Emea
0,Haven,crow,ZETA,Breach,1.08,168.0,10,12,14,-2,86.0,106.0,32.0,0.0,0.0,0.0,ZETA,,13,GEN,,8,1,VCT Emea
0,Haven,Dep,ZETA,Jett,0.77,212.0,17,16,1,1,57.0,118.0,18.0,7.0,5.0,2.0,ZETA,,13,GEN,,8,1,VCT Emea
0,Haven,Sylvan,GEN,Sova,1.27,241.0,19,15,4,4,67.0,154.0,29.0,2.0,0.0,2.0,ZETA,,13,GEN,,8,0,VCT Emea
0,Haven,k1Ng,GEN,Killjoy,1.24,239.0,19,16,3,3,62.0,154.0,38.0,1.0,5.0,-4.0,ZETA,,13,GEN,,8,0,VCT Emea
0,Haven,GodDead,GEN,Breach,0.6,161.0,11,19,10,-8,62.0,100.0,20.0,2.0,0.0,2.0,ZETA,,13,GEN,,8,0,VCT Emea
0,Haven,Meteor,GEN,Jett,0.57,145.0,9,17,5,-8,71.0,107.0,16.0,1.0,7.0,-6.0,ZETA,,13,GEN,,8,0,VCT Emea
0,Haven,TS,GEN,Omen,0.55,117.0,8,18,8,-10,57.0,80.0,17.0,2.0,1.0,1.0,ZETA,,13,GEN,,8,0,VCT Emea
2,Ascent,Dep,ZETA,Jett,0.99,190.0,13,14,0,-1,41.0,106.0,16.0,1.0,0.0,1.0,ZETA,,4,GEN,,13,0,VCT Emea
2,Ascent,TENNN,ZETA,Killjoy,0.8,217.0,11,15,5,-4,82.0,139.0,16.0,3.0,4.0,-1.0,ZETA,,4,GEN,,13,0,VCT Emea
2,Ascent,SugarZ3ro,ZETA,Omen,0.78,161.0,10,15,5,-5,53.0,97.0,45.0,0.0,3.0,-3.0,ZETA,,4,GEN,,13,0,VCT Emea
2,Ascent,Laz,ZETA,Sova,0.67,187.0,9,16,3,-7,53.0,133.0,20.0,1.0,1.0,0.0,ZETA,,4,GEN,,13,0,VCT Emea
2,Ascent,crow,ZETA,Kayo,0.28,117.0,5,15,7,-10,47.0,81.0,12.0,1.0,3.0,-2.0,ZETA,,4,GEN,,13,0,VCT Emea
2,Ascent,Meteor,GEN,Jett,1.67,336.0,20,11,6,9,94.0,213.0,24.0,5.0,0.0,5.0,ZETA,,4,GEN,,13,1,VCT Emea
2,Ascent,GodDead,GEN,Kayo,1.57,244.0,16,8,11,8,82.0,167.0,25.0,2.0,2.0,0.0,ZETA,,4,GEN,,13,1,VCT Emea
2,Ascent,k1Ng,GEN,Killjoy,1.33,230.0,15,10,6,5,82.0,161.0,20.0,1.0,1.0,0.0,ZETA,,4,GEN,,13,1,VCT Emea
2,Ascent,TS,GEN,Omen,1.24,202.0,14,8,9,6,82.0,123.0,32.0,1.0,1.0,0.0,ZETA,,4,GEN,,13,1,VCT Emea
2,Ascent,eKo,GEN,Sova,0.84,145.0,10,11,6,-1,76.0,100.0,30.0,2.0,2.0,0.0,ZETA,,4,GEN,,13,1,VCT Emea
3,Fracture,SugarZ3ro,ZETA,Brimstone,1.75,338.0,23,9,5,14,82.0,210.0,30.0,3.0,1.0,2.0,ZETA,,13,GEN,,4,1,VCT Emea
3,Fracture,Dep,ZETA,Raze,1.5,277.0,18,9,5,9,88.0,197.0,20.0,0.0,3.0,-3.0,ZETA,,13,GEN,,4,1,VCT Emea
3,Fracture,Laz,ZETA,Fade,1.44,254.0,16,8,7,8,94.0,141.0,18.0,2.0,1.0,1.0,ZETA,,13,GEN,,4,1,VCT Emea
3,Fracture,crow,ZETA,Breach,1.05,94.0,6,5,8,1,88.0,65.0,26.0,1.0,1.0,0.0,ZETA,,13,GEN,,4,1,VCT Emea
3,Fracture,TENNN,ZETA,Killjoy,0.97,201.0,12,10,5,2,88.0,119.0,4.0,3.0,2.0,1.0,ZETA,,13,GEN,,4,1,VCT Emea
3,Fracture,TS,GEN,Omen,0.82,214.0,10,16,6,-6,59.0,140.0,10.0,2.0,2.0,0.0,ZETA,,13,GEN,,4,0,VCT Emea
3,Fracture,GodDead,GEN,Kayo,0.8,185.0,10,16,8,-6,65.0,115.0,12.0,1.0,2.0,-1.0,ZETA,,13,GEN,,4,0,VCT Emea
3,Fracture,eKo,GEN,Breach,0.59,124.0,8,15,7,-7,76.0,74.0,15.0,0.0,2.0,-2.0,ZETA,,13,GEN,,4,0,VCT Emea
3,Fracture,Meteor,GEN,Raze,0.55,155.0,8,15,3,-7,59.0,109.0,19.0,5.0,2.0,3.0,ZETA,,13,GEN,,4,0,VCT Emea
3,Fracture,k1Ng,GEN,Viper,0.51,97.0,5,13,3,-8,53.0,67.0,28.0,0.0,1.0,-1.0,ZETA,,13,GEN,,4,0,VCT Emea
0,Haven,DubsteP,TS,Killjoy,1.36,197.0,19,9,4,10,77.0,145.0,36.0,0.0,2.0,-2.0,TS,,13,GE,,9,1,VCT Emea
0,Haven,Jremy,TS,Raze,1.29,256.0,20,14,7,6,77.0,175.0,21.0,5.0,4.0,1.0,TS,,13,GE,,9,1,VCT Emea
0,Haven,BORKUM,TS,Omen,1.16,191.0,16,13,11,3,86.0,111.0,23.0,3.0,1.0,2.0,TS,,13,GE,,9,1,VCT Emea
0,Haven,invy,TS,Breach,0.99,243.0,18,18,10,0,86.0,145.0,37.0,3.0,0.0,3.0,TS,,13,GE,,9,1,VCT Emea
0,Haven,JessieVash,TS,Sova,0.83,162.0,13,14,6,-1,73.0,112.0,18.0,2.0,2.0,0.0,TS,,13,GE,,9,1,VCT Emea
0,Haven,Monyet,GE,Viper,1.51,293.0,23,16,4,7,64.0,199.0,33.0,2.0,2.0,0.0,TS,,13,GE,,9,0,VCT Emea
0,Haven,t3xture,GE,Killjoy,0.97,209.0,17,16,1,1,68.0,126.0,25.0,2.0,3.0,-1.0,TS,,13,GE,,9,0,VCT Emea
0,Haven,Bazzi,GE,Skye,0.95,177.0,12,17,11,-5,59.0,116.0,24.0,3.0,2.0,1.0,TS,,13,GE,,9,0,VCT Emea
0,Haven,SkRossi,GE,Jett,0.54,110.0,8,18,5,-10,50.0,79.0,23.0,2.0,3.0,-1.0,TS,,13,GE,,9,0,VCT Emea
0,Haven,AYRIN,GE,Harbor,0.45,116.0,8,19,8,-11,64.0,80.0,8.0,0.0,3.0,-3.0,TS,,13,GE,,9,0,VCT Emea
2,Lotus,JessieVash,TS,Sova,1.52,252.0,21,12,11,9,83.0,158.0,19.0,3.0,1.0,2.0,TS,,13,GE,,10,1,VCT Emea
2,Lotus,BORKUM,TS,Omen,1.2,229.0,21,15,10,6,83.0,142.0,23.0,4.0,2.0,2.0,TS,,13,GE,,10,1,VCT Emea
2,Lotus,invy,TS,Breach,1.14,211.0,19,15,14,4,83.0,126.0,36.0,3.0,3.0,0.0,TS,,13,GE,,10,1,VCT Emea
2,Lotus,DubsteP,TS,Jett,1.03,183.0,15,14,7,1,78.0,119.0,24.0,2.0,3.0,-1.0,TS,,13,GE,,10,1,VCT Emea
2,Lotus,Jremy,TS,Killjoy,0.81,164.0,12,18,8,-6,70.0,117.0,25.0,2.0,0.0,2.0,TS,,13,GE,,10,1,VCT Emea
2,Lotus,t3xture,GE,Killjoy,1.35,276.0,22,17,3,5,70.0,183.0,33.0,4.0,1.0,3.0,TS,,13,GE,,10,0,VCT Emea
2,Lotus,Bazzi,GE,Skye,1.05,230.0,17,16,11,1,78.0,157.0,24.0,0.0,0.0,0.0,TS,,13,GE,,10,0,VCT Emea
2,Lotus,Monyet,GE,Omen,0.88,195.0,15,18,6,-3,57.0,127.0,28.0,2.0,3.0,-1.0,TS,,13,GE,,10,0,VCT Emea
2,Lotus,SkRossi,GE,Jett,0.73,183.0,13,19,2,-6,52.0,121.0,26.0,0.0,5.0,-5.0,TS,,13,GE,,10,0,VCT Emea
2,Lotus,AYRIN,GE,Kayo,0.52,116.0,7,18,9,-11,70.0,83.0,10.0,3.0,5.0,-2.0,TS,,13,GE,,10,0,VCT Emea
0,Lotus,Patiphan,TLN,Breach,1.56,276.0,24,15,11,9,79.0,174.0,24.0,1.0,2.0,-1.0,TLN,,13,DFM,,11,1,VCT Emea
0,Lotus,JitBoyS,TLN,Killjoy,1.3,262.0,22,15,5,7,75.0,176.0,34.0,1.0,2.0,-1.0,TLN,,13,DFM,,11,1,VCT Emea
0,Lotus,Crws,TLN,Omen,0.82,151.0,13,19,10,-6,75.0,93.0,17.0,2.0,2.0,0.0,TLN,,13,DFM,,11,1,VCT Emea
0,Lotus,foxz,TLN,Sova,0.73,138.0,10,16,8,-6,75.0,101.0,15.0,2.0,1.0,1.0,TLN,,13,DFM,,11,1,VCT Emea
0,Lotus,garnetS,TLN,Raze,0.67,179.0,15,19,4,-4,58.0,115.0,27.0,4.0,7.0,-3.0,TLN,,13,DFM,,11,1,VCT Emea
0,Lotus,Anthem,DFM,Killjoy,1.28,239.0,22,15,2,7,71.0,168.0,33.0,3.0,3.0,0.0,TLN,,13,DFM,,11,0,VCT Emea
0,Lotus,Seoldam,DFM,Jett,1.22,260.0,20,16,8,4,71.0,154.0,9.0,9.0,5.0,4.0,TLN,,13,DFM,,11,0,VCT Emea
0,Lotus,takej,DFM,Viper,0.95,191.0,15,17,6,-2,79.0,124.0,25.0,2.0,1.0,1.0,TLN,,13,DFM,,11,0,VCT Emea
0,Lotus,xnfri,DFM,Omen,0.87,174.0,13,18,10,-5,75.0,129.0,23.0,0.0,0.0,0.0,TLN,,13,DFM,,11,0,VCT Emea
0,Lotus,Reita,DFM,Skye,0.71,158.0,14,18,12,-4,75.0,115.0,39.0,0.0,1.0,-1.0,TLN,,13,DFM,,11,0,VCT Emea
2,Bind,foxz,TLN,Skye,1.8,336.0,22,9,8,13,82.0,245.0,44.0,0.0,3.0,-3.0,TLN,,13,DFM,,4,1,VCT Emea
2,Bind,Patiphan,TLN,Harbor,1.7,298.0,20,9,3,11,82.0,197.0,35.0,2.0,2.0,0.0,TLN,,13,DFM,,4,1,VCT Emea
2,Bind,Crws,TLN,Viper,1.35,209.0,13,7,4,6,94.0,143.0,39.0,3.0,1.0,2.0,TLN,,13,DFM,,4,1,VCT Emea
2,Bind,garnetS,TLN,Raze,1.0,226.0,14,12,2,2,76.0,135.0,23.0,2.0,2.0,0.0,TLN,,13,DFM,,4,1,VCT Emea
2,Bind,JitBoyS,TLN,Cypher,0.63,98.0,5,10,8,-5,82.0,65.0,22.0,1.0,1.0,0.0,TLN,,13,DFM,,4,1,VCT Emea
2,Bind,Seoldam,DFM,Raze,1.35,296.0,17,15,4,2,76.0,188.0,26.0,3.0,1.0,2.0,TLN,,13,DFM,,4,0,VCT Emea
2,Bind,Anthem,DFM,Viper,0.74,186.0,9,15,7,-6,59.0,126.0,21.0,1.0,2.0,-1.0,TLN,,13,DFM,,4,0,VCT Emea
2,Bind,Reita,DFM,Sage,0.53,133.0,8,13,3,-5,65.0,75.0,19.0,2.0,1.0,1.0,TLN,,13,DFM,,4,0,VCT Emea
2,Bind,xnfri,DFM,Skye,0.45,142.0,8,16,3,-8,53.0,91.0,8.0,1.0,2.0,-1.0,TLN,,13,DFM,,4,0,VCT Emea
2,Bind,takej,DFM,Harbor,0.42,114.0,5,15,4,-10,59.0,71.0,33.0,2.0,2.0,0.0,TLN,,13,DFM,,4,0,VCT Emea
0,Bind,Lmemore,RRQ,Viper,1.2,242.0,19,17,5,2,68.0,166.0,55.0,4.0,3.0,1.0,RRQ,,9,PRX,,13,0,VCT Emea
0,Bind,fl1pzjder,RRQ,Sova,1.05,192.0,14,16,4,-2,68.0,132.0,17.0,0.0,2.0,-2.0,RRQ,,9,PRX,,13,0,VCT Emea
0,Bind,xffero,RRQ,Brimstone,0.86,190.0,14,17,6,-3,59.0,111.0,15.0,2.0,1.0,1.0,RRQ,,9,PRX,,13,0,VCT Emea
0,Bind,Emman,RRQ,Skye,0.82,149.0,11,16,6,-5,73.0,102.0,43.0,0.0,3.0,-3.0,RRQ,,9,PRX,,13,0,VCT Emea
0,Bind,EJAY,RRQ,Raze,0.68,171.0,12,18,5,-6,59.0,119.0,23.0,2.0,5.0,-3.0,RRQ,,9,PRX,,13,0,VCT Emea
0,Bind,something,PRX,Reyna,1.69,290.0,26,11,1,15,91.0,190.0,39.0,3.0,2.0,1.0,RRQ,,9,PRX,,13,1,VCT Emea
0,Bind,f0rsakeN,PRX,Harbor,1.04,190.0,15,14,11,1,77.0,118.0,28.0,4.0,2.0,2.0,RRQ,,9,PRX,,13,1,VCT Emea
0,Bind,mindfreak,PRX,Astra,1.01,215.0,17,15,7,2,73.0,135.0,33.0,1.0,1.0,0.0,RRQ,,9,PRX,,13,1,VCT Emea
0,Bind,d4v41,PRX,Skye,0.98,169.0,13,14,9,-1,68.0,101.0,24.0,2.0,0.0,2.0,RRQ,,9,PRX,,13,1,VCT Emea
0,Bind,Jinggg,PRX,Raze,0.7,177.0,13,16,5,-3,73.0,128.0,16.0,4.0,3.0,1.0,RRQ,,9,PRX,,13,1,VCT Emea
2,Pearl,xffero,RRQ,Astra,1.69,319.0,29,16,3,13,79.0,209.0,28.0,3.0,2.0,1.0,RRQ,,11,PRX,,13,0,VCT Emea
2,Pearl,2GE,RRQ,Harbor,0.83,169.0,12,19,13,-7,63.0,120.0,23.0,0.0,1.0,-1.0,RRQ,,11,PRX,,13,0,VCT Emea
2,Pearl,fl1pzjder,RRQ,Skye,0.73,156.0,13,19,5,-6,58.0,105.0,23.0,4.0,1.0,3.0,RRQ,,11,PRX,,13,0,VCT Emea
2,Pearl,Lmemore,RRQ,Killjoy,0.73,194.0,15,20,2,-5,63.0,121.0,49.0,5.0,3.0,2.0,RRQ,,11,PRX,,13,0,VCT Emea
2,Pearl,EJAY,RRQ,Jett,0.63,175.0,13,21,6,-8,67.0,123.0,26.0,1.0,4.0,-3.0,RRQ,,11,PRX,,13,0,VCT Emea
2,Pearl,d4v41,PRX,Skye,1.48,233.0,22,14,18,8,96.0,145.0,35.0,2.0,0.0,2.0,RRQ,,11,PRX,,13,1,VCT Emea
2,Pearl,mindfreak,PRX,Astra,1.14,211.0,19,16,13,3,75.0,140.0,19.0,1.0,3.0,-2.0,RRQ,,11,PRX,,13,1,VCT Emea
2,Pearl,Jinggg,PRX,Phoenix,1.12,239.0,18,17,16,1,83.0,158.0,15.0,2.0,3.0,-1.0,RRQ,,11,PRX,,13,1,VCT Emea
2,Pearl,something,PRX,Jett,0.95,199.0,20,17,2,3,63.0,113.0,31.0,1.0,4.0,-3.0,RRQ,,11,PRX,,13,1,VCT Emea
2,Pearl,f0rsakeN,PRX,Killjoy,0.93,230.0,16,18,8,-2,79.0,165.0,26.0,5.0,3.0,2.0,RRQ,,11,PRX,,13,1,VCT Emea
0,Fracture,foxz,TLN,Kayo,1.26,199.0,14,12,11,2,70.0,129.0,21.0,1.0,2.0,-1.0,TLN,,13,DFM,,7,1,VCT Emea
0,Fracture,JitBoyS,TLN,Killjoy,1.2,215.0,15,11,6,4,75.0,138.0,25.0,2.0,2.0,0.0,TLN,,13,DFM,,7,1,VCT Emea
0,Fracture,garnetS,TLN,Neon,1.19,254.0,17,14,6,3,80.0,155.0,24.0,6.0,1.0,5.0,TLN,,13,DFM,,7,1,VCT Emea
0,Fracture,Crws,TLN,Breach,1.06,165.0,12,11,8,1,75.0,106.0,29.0,2.0,1.0,1.0,TLN,,13,DFM,,7,1,VCT Emea
0,Fracture,Patiphan,TLN,Brimstone,1.03,195.0,15,13,12,2,75.0,114.0,36.0,1.0,2.0,-1.0,TLN,,13,DFM,,7,1,VCT Emea
0,Fracture,Anthem,DFM,Fade,1.38,305.0,22,15,5,7,75.0,203.0,39.0,1.0,4.0,-3.0,TLN,,13,DFM,,7,0,VCT Emea
0,Fracture,Reita,DFM,Killjoy,0.85,176.0,12,13,2,-1,55.0,104.0,16.0,1.0,2.0,-1.0,TLN,,13,DFM,,7,0,VCT Emea
0,Fracture,Suggest,DFM,Breach,0.85,156.0,10,14,10,-4,65.0,102.0,52.0,2.0,2.0,0.0,TLN,,13,DFM,,7,0,VCT Emea
0,Fracture,takej,DFM,Brimstone,0.76,147.0,11,15,3,-4,65.0,91.0,43.0,3.0,0.0,3.0,TLN,,13,DFM,,7,0,VCT Emea
0,Fracture,xnfri,DFM,Raze,0.4,111.0,6,16,3,-10,55.0,85.0,17.0,1.0,4.0,-3.0,TLN,,13,DFM,,7,0,VCT Emea
2,Ascent,Patiphan,TLN,Omen,1.5,313.0,23,15,10,8,67.0,195.0,27.0,3.0,3.0,0.0,TLN,,13,DFM,,8,1,VCT Emea
2,Ascent,garnetS,TLN,Jett,1.27,288.0,22,14,0,8,62.0,177.0,47.0,5.0,1.0,4.0,TLN,,13,DFM,,8,1,VCT Emea
2,Ascent,foxz,TLN,Sova,1.08,214.0,14,14,9,0,86.0,151.0,24.0,2.0,1.0,1.0,TLN,,13,DFM,,8,1,VCT Emea
2,Ascent,Crws,TLN,Kayo,0.92,150.0,12,12,11,0,67.0,91.0,29.0,2.0,3.0,-1.0,TLN,,13,DFM,,8,1,VCT Emea
2,Ascent,JitBoyS,TLN,Killjoy,0.82,126.0,10,11,3,-1,81.0,92.0,32.0,0.0,1.0,-1.0,TLN,,13,DFM,,8,1,VCT Emea
2,Ascent,Reita,DFM,Killjoy,1.17,272.0,20,17,1,3,76.0,166.0,21.0,3.0,1.0,2.0,TLN,,13,DFM,,8,0,VCT Emea
2,Ascent,Anthem,DFM,Sova,1.11,187.0,15,14,5,1,67.0,120.0,32.0,1.0,1.0,0.0,TLN,,13,DFM,,8,0,VCT Emea
2,Ascent,takej,DFM,Omen,0.87,189.0,13,17,10,-4,62.0,128.0,61.0,1.0,3.0,-2.0,TLN,,13,DFM,,8,0,VCT Emea
2,Ascent,Suggest,DFM,Kayo,0.68,134.0,9,16,9,-7,67.0,86.0,17.0,1.0,3.0,-2.0,TLN,,13,DFM,,8,0,VCT Emea
2,Ascent,Seoldam,DFM,Jett,0.6,142.0,9,17,5,-8,71.0,102.0,22.0,3.0,4.0,-1.0,TLN,,13,DFM,,8,0,VCT Emea
0,Split,EJAY,RRQ,Jett,1.26,230.0,22,14,4,8,87.0,158.0,32.0,2.0,3.0,-1.0,RRQ,,13,GE,,10,1,VCT Emea
0,Split,xffero,RRQ,Omen,1.18,214.0,18,14,12,4,83.0,116.0,16.0,3.0,1.0,2.0,RRQ,,13,GE,,10,1,VCT Emea
0,Split,Emman,RRQ,Raze,1.09,261.0,20,20,4,0,70.0,162.0,31.0,4.0,4.0,0.0,RRQ,,13,GE,,10,1,VCT Emea
0,Split,Lmemore,RRQ,Viper,0.93,209.0,18,18,6,0,74.0,142.0,22.0,1.0,2.0,-1.0,RRQ,,13,GE,,10,1,VCT Emea
0,Split,fl1pzjder,RRQ,Skye,0.91,141.0,11,14,16,-3,74.0,97.0,24.0,0.0,3.0,-3.0,RRQ,,13,GE,,10,1,VCT Emea
0,Split,t3xture,GE,Raze,1.37,269.0,23,17,3,6,74.0,168.0,26.0,5.0,2.0,3.0,RRQ,,13,GE,,10,0,VCT Emea
0,Split,Monyet,GE,Astra,1.26,232.0,18,16,10,2,87.0,166.0,26.0,4.0,2.0,2.0,RRQ,,13,GE,,10,0,VCT Emea
0,Split,Bazzi,GE,Viper,0.89,204.0,16,18,7,-2,74.0,121.0,15.0,2.0,1.0,1.0,RRQ,,13,GE,,10,0,VCT Emea
0,Split,AYRIN,GE,Skye,0.66,135.0,11,18,8,-7,70.0,87.0,18.0,1.0,2.0,-1.0,RRQ,,13,GE,,10,0,VCT Emea
0,Split,SkRossi,GE,Jett,0.46,150.0,12,20,3,-8,61.0,100.0,30.0,1.0,3.0,-2.0,RRQ,,13,GE,,10,0,VCT Emea
2,Ascent,EJAY,RRQ,Jett,1.54,307.0,27,15,2,12,57.0,180.0,19.0,5.0,4.0,1.0,RRQ,,13,GE,,10,1,VCT Emea
2,Ascent,2GE,RRQ,Omen,1.36,229.0,19,15,15,4,78.0,131.0,17.0,1.0,1.0,0.0,RRQ,,13,GE,,10,1,VCT Emea
2,Ascent,fl1pzjder,RRQ,Kayo,0.83,148.0,11,17,14,-6,74.0,109.0,26.0,0.0,2.0,-2.0,RRQ,,13,GE,,10,1,VCT Emea
2,Ascent,xffero,RRQ,Sova,0.56,139.0,10,18,8,-8,57.0,92.0,19.0,1.0,4.0,-3.0,RRQ,,13,GE,,10,1,VCT Emea
2,Ascent,Lmemore,RRQ,Killjoy,0.55,150.0,11,18,4,-7,52.0,100.0,27.0,1.0,4.0,-3.0,RRQ,,13,GE,,10,1,VCT Emea
2,Ascent,Monyet,GE,Omen,1.43,258.0,20,14,13,6,83.0,176.0,28.0,4.0,3.0,1.0,RRQ,,13,GE,,10,0,VCT Emea
2,Ascent,Bazzi,GE,Killjoy,1.14,272.0,20,18,9,2,78.0,177.0,13.0,6.0,2.0,4.0,RRQ,,13,GE,,10,0,VCT Emea
2,Ascent,t3xture,GE,Phoenix,1.01,189.0,17,15,3,2,65.0,121.0,42.0,2.0,1.0,1.0,RRQ,,13,GE,,10,0,VCT Emea
2,Ascent,AYRIN,GE,Fade,0.96,177.0,14,15,6,-1,61.0,115.0,18.0,1.0,0.0,1.0,RRQ,,13,GE,,10,0,VCT Emea
2,Ascent,SkRossi,GE,Jett,0.68,130.0,12,16,2,-4,65.0,86.0,29.0,2.0,2.0,0.0,RRQ,,13,GE,,10,0,VCT Emea
0,Pearl,Meteor,GEN,Jett,1.49,271.0,21,15,6,6,79.0,187.0,25.0,5.0,3.0,2.0,GEN,,11,TLN,,13,0,VCT Emea
0,Pearl,TS,GEN,Gekko,1.29,227.0,19,16,13,3,67.0,142.0,16.0,1.0,2.0,-1.0,GEN,,11,TLN,,13,0,VCT Emea
0,Pearl,k1Ng,GEN,Killjoy,1.08,240.0,21,20,4,1,67.0,144.0,20.0,2.0,3.0,-1.0,GEN,,11,TLN,,13,0,VCT Emea
0,Pearl,GodDead,GEN,Kayo,0.6,93.0,6,18,15,-12,71.0,64.0,18.0,1.0,3.0,-2.0,GEN,,11,TLN,,13,0,VCT Emea
0,Pearl,Sylvan,GEN,Astra,0.53,122.0,9,20,11,-11,58.0,87.0,22.0,1.0,3.0,-2.0,GEN,,11,TLN,,13,0,VCT Emea
0,Pearl,garnetS,TLN,Jett,1.51,347.0,30,16,1,14,83.0,203.0,31.0,8.0,2.0,6.0,GEN,,11,TLN,,13,1,VCT Emea
0,Pearl,foxz,TLN,Skye,1.31,223.0,19,14,11,5,83.0,162.0,41.0,2.0,0.0,2.0,GEN,,11,TLN,,13,1,VCT Emea
0,Pearl,JitBoyS,TLN,Killjoy,0.98,175.0,17,12,0,5,67.0,113.0,31.0,0.0,3.0,-3.0,GEN,,11,TLN,,13,1,VCT Emea
0,Pearl,Crws,TLN,Viper,0.82,132.0,11,14,6,-3,71.0,96.0,25.0,2.0,0.0,2.0,GEN,,11,TLN,,13,1,VCT Emea
0,Pearl,Patiphan,TLN,Harbor,0.48,143.0,12,20,4,-8,50.0,99.0,28.0,2.0,5.0,-3.0,GEN,,11,TLN,,13,1,VCT Emea
2,Split,TS,GEN,Skye,1.43,277.0,24,16,9,8,83.0,187.0,33.0,1.0,0.0,1.0,GEN,,13,TLN,,10,1,VCT Emea
2,Split,k1Ng,GEN,Cypher,1.13,220.0,18,14,4,4,65.0,138.0,16.0,3.0,2.0,1.0,GEN,,13,TLN,,10,1,VCT Emea
2,Split,GodDead,GEN,Sage,1.04,162.0,13,14,12,-1,78.0,100.0,18.0,2.0,3.0,-1.0,GEN,,13,TLN,,10,1,VCT Emea
2,Split,Meteor,GEN,Jett,0.99,239.0,20,17,2,3,70.0,143.0,32.0,4.0,3.0,1.0,GEN,,13,TLN,,10,1,VCT Emea
2,Split,Sylvan,GEN,Omen,0.62,154.0,10,18,11,-8,65.0,100.0,31.0,2.0,3.0,-1.0,GEN,,13,TLN,,10,1,VCT Emea
2,Split,JitBoyS,TLN,Cypher,1.12,249.0,19,19,10,0,65.0,149.0,37.0,3.0,2.0,1.0,GEN,,13,TLN,,10,0,VCT Emea
2,Split,Patiphan,TLN,Omen,1.04,215.0,17,16,10,1,74.0,133.0,35.0,3.0,3.0,0.0,GEN,,13,TLN,,10,0,VCT Emea
2,Split,garnetS,TLN,Raze,1.01,239.0,19,16,2,3,61.0,155.0,23.0,5.0,7.0,-2.0,GEN,,13,TLN,,10,0,VCT Emea
2,Split,Crws,TLN,Breach,0.93,151.0,12,15,10,-3,74.0,100.0,33.0,0.0,0.0,0.0,GEN,,13,TLN,,10,0,VCT Emea
2,Split,foxz,TLN,Skye,0.68,157.0,12,20,13,-8,57.0,98.0,23.0,0.0,0.0,0.0,GEN,,13,TLN,,10,0,VCT Emea
3,Haven,Sylvan,GEN,Omen,1.46,236.0,24,17,14,7,75.0,144.0,27.0,2.0,1.0,1.0,GEN,,15,TLN,,13,1,VCT Emea
3,Haven,TS,GEN,Sova,1.4,237.0,23,17,12,6,75.0,161.0,26.0,2.0,1.0,1.0,GEN,,15,TLN,,13,1,VCT Emea
3,Haven,k1Ng,GEN,Killjoy,0.98,189.0,19,17,4,2,79.0,128.0,23.0,3.0,3.0,0.0,GEN,,15,TLN,,13,1,VCT Emea
3,Haven,GodDead,GEN,Breach,0.85,150.0,13,19,19,-6,82.0,98.0,23.0,1.0,2.0,-1.0,GEN,,15,TLN,,13,1,VCT Emea
3,Haven,Meteor,GEN,Jett,0.79,222.0,20,24,4,-4,71.0,145.0,37.0,7.0,6.0,1.0,GEN,,15,TLN,,13,1,VCT Emea
3,Haven,Patiphan,TLN,Omen,1.17,228.0,23,18,8,5,75.0,150.0,19.0,5.0,3.0,2.0,GEN,,15,TLN,,13,0,VCT Emea
3,Haven,foxz,TLN,Skye,1.01,166.0,18,18,9,0,71.0,111.0,42.0,0.0,0.0,0.0,GEN,,15,TLN,,13,0,VCT Emea
3,Haven,Crws,TLN,Viper,0.9,187.0,18,20,11,-2,75.0,123.0,29.0,2.0,5.0,-3.0,GEN,,15,TLN,,13,0,VCT Emea
3,Haven,garnetS,TLN,Jett,0.86,195.0,17,22,6,-5,71.0,133.0,22.0,5.0,3.0,2.0,GEN,,15,TLN,,13,0,VCT Emea
3,Haven,JitBoyS,TLN,Killjoy,0.83,179.0,18,21,3,-3,64.0,139.0,35.0,1.0,4.0,-3.0,GEN,,15,TLN,,13,0,VCT Emea
0,Haven,crow,ZETA,Killjoy,0.85,201.0,10,14,1,-4,53.0,120.0,36.0,3.0,1.0,2.0,ZETA,,2,RRQ,,13,0,VCT Emea
0,Haven,Dep,ZETA,Breach,0.57,136.0,6,14,5,-8,67.0,94.0,30.0,0.0,1.0,-1.0,ZETA,,2,RRQ,,13,0,VCT Emea
0,Haven,Laz,ZETA,Sova,0.5,116.0,5,13,2,-8,53.0,91.0,40.0,0.0,2.0,-2.0,ZETA,,2,RRQ,,13,0,VCT Emea
0,Haven,TENNN,ZETA,Raze,0.48,127.0,7,13,1,-6,47.0,83.0,18.0,0.0,5.0,-5.0,ZETA,,2,RRQ,,13,0,VCT Emea
0,Haven,SugarZ3ro,ZETA,Omen,0.43,106.0,6,14,5,-8,53.0,54.0,11.0,1.0,2.0,-1.0,ZETA,,2,RRQ,,13,0,VCT Emea
0,Haven,xffero,RRQ,Sova,1.86,361.0,19,6,6,13,80.0,224.0,30.0,4.0,1.0,3.0,ZETA,,2,RRQ,,13,1,VCT Emea
0,Haven,Lmemore,RRQ,Killjoy,1.42,261.0,16,7,2,9,93.0,176.0,47.0,1.0,1.0,0.0,ZETA,,2,RRQ,,13,1,VCT Emea
0,Haven,fl1pzjder,RRQ,Breach,1.41,207.0,12,8,12,4,93.0,142.0,38.0,1.0,0.0,1.0,ZETA,,2,RRQ,,13,1,VCT Emea
0,Haven,2GE,RRQ,Astra,1.3,169.0,9,6,14,3,93.0,105.0,24.0,0.0,0.0,0.0,ZETA,,2,RRQ,,13,1,VCT Emea
0,Haven,EJAY,RRQ,Jett,1.21,198.0,12,7,2,5,87.0,113.0,15.0,5.0,2.0,3.0,ZETA,,2,RRQ,,13,1,VCT Emea
2,Split,TENNN,ZETA,Raze,1.6,326.0,24,13,6,11,95.0,214.0,27.0,6.0,2.0,4.0,ZETA,,13,RRQ,,8,1,VCT Emea
2,Split,Laz,ZETA,Viper,1.44,221.0,17,9,6,8,86.0,146.0,25.0,1.0,0.0,1.0,ZETA,,13,RRQ,,8,1,VCT Emea
2,Split,Dep,ZETA,Jett,1.07,220.0,18,15,1,3,71.0,126.0,39.0,5.0,4.0,1.0,ZETA,,13,RRQ,,8,1,VCT Emea
2,Split,SugarZ3ro,ZETA,Astra,1.06,151.0,12,10,11,2,71.0,106.0,28.0,0.0,1.0,-1.0,ZETA,,13,RRQ,,8,1,VCT Emea
2,Split,crow,ZETA,Skye,0.68,154.0,11,16,8,-5,71.0,111.0,22.0,2.0,0.0,2.0,ZETA,,13,RRQ,,8,1,VCT Emea
2,Split,xffero,RRQ,Omen,1.3,254.0,21,14,7,7,71.0,159.0,25.0,1.0,1.0,0.0,ZETA,,13,RRQ,,8,0,VCT Emea
2,Split,Lmemore,RRQ,Viper,1.26,261.0,19,14,4,5,71.0,163.0,26.0,3.0,3.0,0.0,ZETA,,13,RRQ,,8,0,VCT Emea
2,Split,Emman,RRQ,Raze,0.55,144.0,9,19,4,-10,76.0,103.0,25.0,1.0,4.0,-3.0,ZETA,,13,RRQ,,8,0,VCT Emea
2,Split,EJAY,RRQ,Jett,0.52,125.0,8,18,2,-10,43.0,92.0,20.0,1.0,3.0,-2.0,ZETA,,13,RRQ,,8,0,VCT Emea
2,Split,fl1pzjder,RRQ,Skye,0.5,117.0,6,18,11,-12,62.0,83.0,22.0,1.0,3.0,-2.0,ZETA,,13,RRQ,,8,0,VCT Emea
3,Ascent,Dep,ZETA,Sova,1.47,290.0,42,26,11,16,83.0,201.0,30.0,3.0,1.0,2.0,ZETA,,21,RRQ,,19,1,VCT Emea
3,Ascent,SugarZ3ro,ZETA,Omen,1.21,239.0,34,29,28,5,90.0,157.0,30.0,4.0,5.0,-1.0,ZETA,,21,RRQ,,19,1,VCT Emea
3,Ascent,crow,ZETA,Kayo,1.02,186.0,23,28,33,-5,88.0,128.0,22.0,3.0,1.0,2.0,ZETA,,21,RRQ,,19,1,VCT Emea
3,Ascent,TENNN,ZETA,Raze,0.8,210.0,31,32,3,-1,73.0,131.0,20.0,9.0,7.0,2.0,ZETA,,21,RRQ,,19,1,VCT Emea
3,Ascent,Laz,ZETA,Cypher,0.71,158.0,21,31,14,-10,68.0,106.0,20.0,3.0,4.0,-1.0,ZETA,,21,RRQ,,19,1,VCT Emea
3,Ascent,2GE,RRQ,Omen,1.27,214.0,30,25,24,5,80.0,147.0,27.0,0.0,0.0,0.0,ZETA,,21,RRQ,,19,0,VCT Emea
3,Ascent,EJAY,RRQ,Jett,1.12,252.0,35,31,7,4,75.0,160.0,24.0,7.0,5.0,2.0,ZETA,,21,RRQ,,19,0,VCT Emea
3,Ascent,Lmemore,RRQ,Killjoy,1.07,228.0,35,33,6,2,68.0,155.0,30.0,4.0,5.0,-1.0,ZETA,,21,RRQ,,19,0,VCT Emea
3,Ascent,xffero,RRQ,Sova,1.04,211.0,26,31,14,-5,73.0,155.0,19.0,3.0,1.0,2.0,ZETA,,21,RRQ,,19,0,VCT Emea
3,Ascent,fl1pzjder,RRQ,Kayo,0.77,160.0,20,31,18,-11,83.0,104.0,20.0,4.0,11.0,-7.0,ZETA,,21,RRQ,,19,0,VCT Emea
0,Haven,invy,TS,Breach,1.44,221.0,16,10,15,6,84.0,137.0,29.0,1.0,1.0,0.0,TS,,13,GEN,,6,1,VCT Emea
0,Haven,DubsteP,TS,Killjoy,1.41,229.0,18,9,1,9,74.0,166.0,43.0,1.0,1.0,0.0,TS,,13,GEN,,6,1,VCT Emea
0,Haven,BORKUM,TS,Omen,1.27,215.0,14,10,9,4,79.0,140.0,30.0,1.0,1.0,0.0,TS,,13,GEN,,6,1,VCT Emea
0,Haven,JessieVash,TS,Sova,1.0,184.0,11,12,7,-1,89.0,121.0,17.0,1.0,0.0,1.0,TS,,13,GEN,,6,1,VCT Emea
0,Haven,Jremy,TS,Raze,0.95,226.0,15,13,4,2,68.0,139.0,22.0,4.0,8.0,-4.0,TS,,13,GEN,,6,1,VCT Emea
0,Haven,Meteor,GEN,Jett,1.62,333.0,23,14,1,9,68.0,196.0,40.0,6.0,1.0,5.0,TS,,13,GEN,,6,0,VCT Emea
0,Haven,Sylvan,GEN,Omen,0.84,157.0,10,14,6,-4,58.0,97.0,30.0,2.0,2.0,0.0,TS,,13,GEN,,6,0,VCT Emea
0,Haven,TS,GEN,Sova,0.66,128.0,8,14,4,-6,58.0,83.0,17.0,0.0,2.0,-2.0,TS,,13,GEN,,6,0,VCT Emea
0,Haven,GodDead,GEN,Breach,0.47,128.0,7,16,7,-9,63.0,82.0,18.0,2.0,0.0,2.0,TS,,13,GEN,,6,0,VCT Emea
0,Haven,k1Ng,GEN,Killjoy,0.32,86.0,6,16,1,-10,47.0,55.0,22.0,1.0,3.0,-2.0,TS,,13,GEN,,6,0,VCT Emea
2,Ascent,Jremy,TS,Killjoy,1.62,296.0,23,12,10,11,86.0,186.0,15.0,5.0,1.0,4.0,TS,,13,GEN,,8,1,VCT Emea
2,Ascent,BORKUM,TS,Omen,1.28,199.0,16,12,17,4,90.0,138.0,24.0,2.0,0.0,2.0,TS,,13,GEN,,8,1,VCT Emea
2,Ascent,invy,TS,Kayo,1.24,226.0,18,12,9,6,86.0,140.0,44.0,5.0,1.0,4.0,TS,,13,GEN,,8,1,VCT Emea
2,Ascent,DubsteP,TS,Jett,1.24,225.0,19,14,3,5,86.0,155.0,36.0,3.0,1.0,2.0,TS,,13,GEN,,8,1,VCT Emea
2,Ascent,JessieVash,TS,Sova,0.75,181.0,12,15,10,-3,67.0,125.0,16.0,1.0,2.0,-1.0,TS,,13,GEN,,8,1,VCT Emea
2,Ascent,TS,GEN,Sova,1.3,264.0,18,17,5,1,76.0,196.0,17.0,0.0,0.0,0.0,TS,,13,GEN,,8,0,VCT Emea
2,Ascent,Meteor,GEN,Jett,1.05,187.0,14,16,5,-2,76.0,139.0,27.0,2.0,3.0,-1.0,TS,,13,GEN,,8,0,VCT Emea
2,Ascent,k1Ng,GEN,Killjoy,0.85,194.0,12,18,6,-6,62.0,144.0,24.0,2.0,4.0,-2.0,TS,,13,GEN,,8,0,VCT Emea
2,Ascent,Sylvan,GEN,Omen,0.84,183.0,15,19,11,-4,76.0,111.0,33.0,0.0,0.0,0.0,TS,,13,GEN,,8,0,VCT Emea
2,Ascent,GodDead,GEN,Kayo,0.42,130.0,6,18,13,-12,57.0,93.0,21.0,1.0,9.0,-8.0,TS,,13,GEN,,8,0,VCT Emea
0,Haven,Lmemore,RRQ,Killjoy,0.97,213.0,14,16,2,-2,53.0,130.0,37.0,2.0,3.0,-1.0,RRQ,,6,GEN,,13,0,VCT Emea
0,Haven,2GE,RRQ,Astra,0.79,116.0,9,15,7,-6,68.0,74.0,21.0,0.0,2.0,-2.0,RRQ,,6,GEN,,13,0,VCT Emea
0,Haven,xffero,RRQ,Sova,0.74,132.0,7,15,5,-8,74.0,85.0,15.0,0.0,0.0,0.0,RRQ,,6,GEN,,13,0,VCT Emea
0,Haven,EJAY,RRQ,Jett,0.73,162.0,11,17,2,-6,53.0,107.0,26.0,1.0,6.0,-5.0,RRQ,,6,GEN,,13,0,VCT Emea
0,Haven,fl1pzjder,RRQ,Breach,0.71,187.0,10,18,7,-8,53.0,135.0,40.0,1.0,4.0,-3.0,RRQ,,6,GEN,,13,0,VCT Emea
0,Haven,Meteor,GEN,Jett,1.68,378.0,27,12,4,15,84.0,239.0,24.0,9.0,2.0,7.0,RRQ,,6,GEN,,13,1,VCT Emea
0,Haven,k1Ng,GEN,Killjoy,1.62,305.0,23,9,4,14,84.0,193.0,29.0,2.0,1.0,1.0,RRQ,,6,GEN,,13,1,VCT Emea
0,Haven,GodDead,GEN,Breach,1.05,131.0,9,8,14,1,84.0,73.0,11.0,0.0,0.0,0.0,RRQ,,6,GEN,,13,1,VCT Emea
0,Haven,Sylvan,GEN,Omen,0.93,186.0,14,12,13,2,84.0,108.0,15.0,4.0,1.0,3.0,RRQ,,6,GEN,,13,1,VCT Emea
0,Haven,TS,GEN,Sova,0.79,123.0,7,10,7,-3,100.0,87.0,17.0,0.0,0.0,0.0,RRQ,,6,GEN,,13,1,VCT Emea
2,Lotus,2GE,RRQ,Astra,1.64,242.0,14,5,9,9,93.0,165.0,41.0,3.0,0.0,3.0,RRQ,,13,GEN,,2,1,VCT Emea
2,Lotus,fl1pzjder,RRQ,Viper,1.44,242.0,14,7,5,7,93.0,143.0,21.0,3.0,1.0,2.0,RRQ,,13,GEN,,2,1,VCT Emea
2,Lotus,xffero,RRQ,Fade,1.36,235.0,14,6,3,8,87.0,143.0,30.0,1.0,1.0,0.0,RRQ,,13,GEN,,2,1,VCT Emea
2,Lotus,EJAY,RRQ,Raze,1.33,234.0,13,8,4,5,87.0,147.0,17.0,2.0,2.0,0.0,RRQ,,13,GEN,,2,1,VCT Emea
2,Lotus,Lmemore,RRQ,Killjoy,1.26,243.0,13,8,3,5,87.0,178.0,33.0,1.0,1.0,0.0,RRQ,,13,GEN,,2,1,VCT Emea
2,Lotus,Meteor,GEN,Jett,1.01,267.0,14,15,1,-1,73.0,161.0,36.0,4.0,3.0,1.0,RRQ,,13,GEN,,2,0,VCT Emea
2,Lotus,Sylvan,GEN,Omen,0.86,175.0,8,12,5,-4,67.0,134.0,27.0,0.0,2.0,-2.0,RRQ,,13,GEN,,2,0,VCT Emea
2,Lotus,GodDead,GEN,Breach,0.61,123.0,6,12,3,-6,53.0,84.0,25.0,0.0,1.0,-1.0,RRQ,,13,GEN,,2,0,VCT Emea
2,Lotus,TS,GEN,Gekko,0.15,65.0,3,14,1,-11,20.0,47.0,13.0,1.0,3.0,-2.0,RRQ,,13,GEN,,2,0,VCT Emea
2,Lotus,k1Ng,GEN,Cypher,0.13,67.0,3,15,1,-12,33.0,49.0,14.0,0.0,1.0,-1.0,RRQ,,13,GEN,,2,0,VCT Emea
3,Ascent,2GE,RRQ,Omen,1.25,208.0,16,13,10,3,70.0,118.0,41.0,1.0,2.0,-1.0,RRQ,,7,GEN,,13,0,VCT Emea
3,Ascent,fl1pzjder,RRQ,Kayo,1.15,232.0,15,16,8,-1,85.0,168.0,26.0,0.0,0.0,0.0,RRQ,,7,GEN,,13,0,VCT Emea
3,Ascent,xffero,RRQ,Sova,0.87,199.0,13,18,6,-5,80.0,133.0,23.0,3.0,0.0,3.0,RRQ,,7,GEN,,13,0,VCT Emea
3,Ascent,EJAY,RRQ,Jett,0.58,157.0,9,16,4,-7,50.0,113.0,13.0,2.0,7.0,-5.0,RRQ,,7,GEN,,13,0,VCT Emea
3,Ascent,Lmemore,RRQ,Killjoy,0.32,86.0,6,17,2,-11,40.0,59.0,30.0,1.0,4.0,-3.0,RRQ,,7,GEN,,13,0,VCT Emea
3,Ascent,k1Ng,GEN,Killjoy,1.65,338.0,25,12,4,13,90.0,222.0,24.0,3.0,0.0,3.0,RRQ,,7,GEN,,13,1,VCT Emea
3,Ascent,GodDead,GEN,Kayo,1.46,214.0,14,8,16,6,85.0,131.0,12.0,2.0,0.0,2.0,RRQ,,7,GEN,,13,1,VCT Emea
3,Ascent,Meteor,GEN,Jett,1.42,279.0,21,12,3,9,75.0,180.0,36.0,4.0,3.0,1.0,RRQ,,7,GEN,,13,1,VCT Emea
3,Ascent,Sylvan,GEN,Omen,0.98,168.0,12,14,15,-2,90.0,101.0,38.0,3.0,1.0,2.0,RRQ,,7,GEN,,13,1,VCT Emea
3,Ascent,TS,GEN,Sova,0.48,113.0,8,14,8,-6,80.0,73.0,21.0,1.0,3.0,-2.0,RRQ,,7,GEN,,13,1,VCT Emea
0,Lotus,Laz,ZETA,Chamber,1.59,330.0,26,13,1,13,68.0,205.0,27.0,4.0,2.0,2.0,ZETA,,13,TS,,9,1,VCT Emea
0,Lotus,crow,ZETA,Skye,1.19,211.0,17,12,8,5,77.0,129.0,38.0,1.0,0.0,1.0,ZETA,,13,TS,,9,1,VCT Emea
0,Lotus,SugarZ3ro,ZETA,Omen,0.91,146.0,13,13,10,0,82.0,93.0,24.0,1.0,1.0,0.0,ZETA,,13,TS,,9,1,VCT Emea
0,Lotus,TENNN,ZETA,Raze,0.91,210.0,15,14,5,1,73.0,141.0,24.0,3.0,4.0,-1.0,ZETA,,13,TS,,9,1,VCT Emea
0,Lotus,Dep,ZETA,Neon,0.86,175.0,13,15,4,-2,64.0,109.0,22.0,3.0,3.0,0.0,ZETA,,13,TS,,9,1,VCT Emea
0,Lotus,DubsteP,TS,Jett,1.35,265.0,20,15,3,5,59.0,191.0,21.0,4.0,3.0,1.0,ZETA,,13,TS,,9,0,VCT Emea
0,Lotus,BORKUM,TS,Omen,0.88,183.0,16,18,4,-2,73.0,107.0,17.0,2.0,2.0,0.0,ZETA,,13,TS,,9,0,VCT Emea
0,Lotus,Jremy,TS,Killjoy,0.72,142.0,10,16,0,-6,50.0,99.0,31.0,1.0,2.0,-1.0,ZETA,,13,TS,,9,0,VCT Emea
0,Lotus,invy,TS,Breach,0.72,159.0,11,18,9,-7,59.0,106.0,28.0,1.0,1.0,0.0,ZETA,,13,TS,,9,0,VCT Emea
0,Lotus,JessieVash,TS,Sova,0.71,153.0,10,17,10,-7,55.0,108.0,32.0,2.0,4.0,-2.0,ZETA,,13,TS,,9,0,VCT Emea
2,Fracture,crow,ZETA,Breach,1.62,231.0,18,7,9,11,85.0,158.0,29.0,2.0,0.0,2.0,ZETA,,13,TS,,7,1,VCT Emea
2,Fracture,Laz,ZETA,Chamber,1.33,232.0,16,9,3,7,80.0,144.0,22.0,5.0,2.0,3.0,ZETA,,13,TS,,7,1,VCT Emea
2,Fracture,SugarZ3ro,ZETA,Brimstone,1.18,194.0,15,10,12,5,85.0,113.0,21.0,0.0,0.0,0.0,ZETA,,13,TS,,7,1,VCT Emea
2,Fracture,TENNN,ZETA,Raze,1.05,236.0,17,12,3,5,75.0,152.0,33.0,4.0,3.0,1.0,ZETA,,13,TS,,7,1,VCT Emea
2,Fracture,Dep,ZETA,Neon,0.8,192.0,12,14,5,-2,70.0,132.0,19.0,3.0,1.0,2.0,ZETA,,13,TS,,7,1,VCT Emea
2,Fracture,invy,TS,Breach,1.44,233.0,18,15,10,3,65.0,156.0,31.0,1.0,0.0,1.0,ZETA,,13,TS,,7,0,VCT Emea
2,Fracture,Jremy,TS,Raze,1.17,275.0,18,16,2,2,65.0,178.0,22.0,1.0,3.0,-2.0,ZETA,,13,TS,,7,0,VCT Emea
2,Fracture,BORKUM,TS,Brimstone,0.57,106.0,6,15,5,-9,55.0,65.0,22.0,1.0,1.0,0.0,ZETA,,13,TS,,7,0,VCT Emea
2,Fracture,JessieVash,TS,Killjoy,0.52,106.0,5,15,1,-10,55.0,82.0,21.0,1.0,2.0,-1.0,ZETA,,13,TS,,7,0,VCT Emea
2,Fracture,DubsteP,TS,Jett,0.28,89.0,5,17,3,-12,40.0,68.0,8.0,2.0,8.0,-6.0,ZETA,,13,TS,,7,0,VCT Emea
0,Haven,invy,TS,Breach,1.01,201.0,19,17,3,2,57.0,145.0,42.0,3.0,1.0,2.0,TS,,10,GEN,,13,0,VCT Emea
0,Haven,DubsteP,TS,Killjoy,0.95,177.0,14,17,2,-3,52.0,124.0,33.0,4.0,2.0,2.0,TS,,10,GEN,,13,0,VCT Emea
0,Haven,Jremy,TS,Raze,0.94,201.0,15,17,7,-2,57.0,126.0,11.0,3.0,4.0,-1.0,TS,,10,GEN,,13,0,VCT Emea
0,Haven,JessieVash,TS,Sova,0.75,154.0,11,17,5,-6,52.0,104.0,35.0,1.0,2.0,-1.0,TS,,10,GEN,,13,0,VCT Emea
0,Haven,BORKUM,TS,Omen,0.65,102.0,8,17,10,-9,61.0,74.0,20.0,1.0,2.0,-1.0,TS,,10,GEN,,13,0,VCT Emea
0,Haven,Meteor,GEN,Jett,1.4,293.0,24,13,6,11,74.0,187.0,33.0,5.0,5.0,0.0,TS,,10,GEN,,13,1,VCT Emea
0,Haven,TS,GEN,Sova,1.35,249.0,19,14,13,5,74.0,165.0,28.0,4.0,4.0,0.0,TS,,10,GEN,,13,1,VCT Emea
0,Haven,Sylvan,GEN,Omen,1.14,185.0,15,13,15,2,78.0,119.0,32.0,1.0,2.0,-1.0,TS,,10,GEN,,13,1,VCT Emea
0,Haven,k1Ng,GEN,Killjoy,1.05,194.0,16,15,7,1,78.0,128.0,14.0,0.0,1.0,-1.0,TS,,10,GEN,,13,1,VCT Emea
0,Haven,GodDead,GEN,Breach,0.93,126.0,11,12,8,-1,74.0,77.0,7.0,1.0,0.0,1.0,TS,,10,GEN,,13,1,VCT Emea
2,Pearl,invy,TS,Skye,1.75,299.0,30,13,7,17,83.0,198.0,40.0,1.0,0.0,1.0,TS,,13,GEN,,11,1,VCT Emea
2,Pearl,BORKUM,TS,Astra,1.33,180.0,15,12,16,3,96.0,122.0,13.0,1.0,0.0,1.0,TS,,13,GEN,,11,1,VCT Emea
2,Pearl,Jremy,TS,Phoenix,1.13,226.0,16,16,10,0,75.0,151.0,26.0,4.0,2.0,2.0,TS,,13,GEN,,11,1,VCT Emea
2,Pearl,JessieVash,TS,Killjoy,1.09,190.0,17,15,4,2,71.0,121.0,31.0,3.0,2.0,1.0,TS,,13,GEN,,11,1,VCT Emea
2,Pearl,DubsteP,TS,Jett,0.52,133.0,12,17,2,-5,58.0,86.0,30.0,2.0,9.0,-7.0,TS,,13,GEN,,11,1,VCT Emea
2,Pearl,Sylvan,GEN,Astra,1.18,248.0,20,17,7,3,67.0,175.0,32.0,2.0,1.0,1.0,TS,,13,GEN,,11,0,VCT Emea
2,Pearl,TS,GEN,Gekko,0.9,188.0,17,18,5,-1,71.0,121.0,23.0,1.0,1.0,0.0,TS,,13,GEN,,11,0,VCT Emea
2,Pearl,Meteor,GEN,Jett,0.86,163.0,12,17,3,-5,58.0,107.0,17.0,6.0,4.0,2.0,TS,,13,GEN,,11,0,VCT Emea
2,Pearl,GodDead,GEN,Kayo,0.75,175.0,13,19,10,-6,67.0,130.0,20.0,2.0,3.0,-1.0,TS,,13,GEN,,11,0,VCT Emea
2,Pearl,k1Ng,GEN,Killjoy,0.61,142.0,11,19,4,-8,58.0,95.0,23.0,2.0,2.0,0.0,TS,,13,GEN,,11,0,VCT Emea
3,Ascent,invy,TS,Kayo,2.04,395.0,23,9,16,14,100.0,253.0,43.0,2.0,0.0,2.0,TS,,13,GEN,,2,1,VCT Emea
3,Ascent,BORKUM,TS,Omen,1.45,154.0,9,3,9,6,100.0,82.0,16.0,0.0,0.0,0.0,TS,,13,GEN,,2,1,VCT Emea
3,Ascent,DubsteP,TS,Jett,1.35,284.0,14,10,8,4,93.0,189.0,29.0,7.0,3.0,4.0,TS,,13,GEN,,2,1,VCT Emea
3,Ascent,JessieVash,TS,Sova,1.26,206.0,11,8,7,3,87.0,146.0,17.0,1.0,0.0,1.0,TS,,13,GEN,,2,1,VCT Emea
3,Ascent,Jremy,TS,Killjoy,1.19,143.0,7,5,5,2,87.0,94.0,24.0,2.0,0.0,2.0,TS,,13,GEN,,2,1,VCT Emea
3,Ascent,Sylvan,GEN,Omen,0.79,200.0,10,13,4,-3,67.0,124.0,30.0,0.0,3.0,-3.0,TS,,13,GEN,,2,0,VCT Emea
3,Ascent,TS,GEN,Sova,0.69,157.0,7,12,2,-5,60.0,101.0,20.0,1.0,2.0,-1.0,TS,,13,GEN,,2,0,VCT Emea
3,Ascent,k1Ng,GEN,Killjoy,0.65,158.0,9,13,2,-4,67.0,99.0,27.0,1.0,1.0,0.0,TS,,13,GEN,,2,0,VCT Emea
3,Ascent,Meteor,GEN,Jett,0.56,156.0,6,14,4,-8,67.0,102.0,21.0,1.0,2.0,-1.0,TS,,13,GEN,,2,0,VCT Emea
3,Ascent,GodDead,GEN,Kayo,0.44,86.0,3,12,6,-9,53.0,66.0,12.0,0.0,4.0,-4.0,TS,,13,GEN,,2,0,VCT Emea
4,Lotus,invy,TS,Breach,1.81,295.0,22,8,6,14,84.0,203.0,56.0,2.0,0.0,2.0,TS,,13,GEN,,6,1,VCT Emea
4,Lotus,DubsteP,TS,Jett,1.31,275.0,19,11,3,8,89.0,179.0,45.0,5.0,2.0,3.0,TS,,13,GEN,,6,1,VCT Emea
4,Lotus,BORKUM,TS,Omen,1.12,167.0,12,11,11,1,84.0,117.0,23.0,2.0,1.0,1.0,TS,,13,GEN,,6,1,VCT Emea
4,Lotus,JessieVash,TS,Sova,0.71,130.0,9,13,6,-4,74.0,96.0,23.0,1.0,2.0,-1.0,TS,,13,GEN,,6,1,VCT Emea
4,Lotus,Jremy,TS,Killjoy,0.68,162.0,10,14,6,-4,74.0,112.0,15.0,1.0,3.0,-2.0,TS,,13,GEN,,6,1,VCT Emea
4,Lotus,k1Ng,GEN,Cypher,1.12,240.0,16,14,4,2,79.0,159.0,34.0,2.0,2.0,0.0,TS,,13,GEN,,6,0,VCT Emea
4,Lotus,Sylvan,GEN,Omen,0.92,190.0,11,16,7,-5,63.0,121.0,27.0,2.0,2.0,0.0,TS,,13,GEN,,6,0,VCT Emea
4,Lotus,GodDead,GEN,Breach,0.83,156.0,11,14,6,-3,68.0,96.0,36.0,1.0,2.0,-1.0,TS,,13,GEN,,6,0,VCT Emea
4,Lotus,TS,GEN,Gekko,0.75,148.0,9,14,8,-5,63.0,81.0,10.0,1.0,3.0,-2.0,TS,,13,GEN,,6,0,VCT Emea
4,Lotus,Meteor,GEN,Jett,0.73,170.0,10,14,2,-4,42.0,113.0,23.0,2.0,2.0,0.0,TS,,13,GEN,,6,0,VCT Emea
0,Fracture,SugarZ3ro,ZETA,Brimstone,1.26,254.0,23,16,13,7,81.0,165.0,28.0,1.0,0.0,1.0,ZETA,,14,TS,,12,1,VCT Emea
0,Fracture,Laz,ZETA,Chamber,1.07,194.0,19,16,1,3,77.0,125.0,25.0,6.0,1.0,5.0,ZETA,,14,TS,,12,1,VCT Emea
0,Fracture,Dep,ZETA,Neon,0.92,210.0,21,21,3,0,69.0,130.0,39.0,4.0,6.0,-2.0,ZETA,,14,TS,,12,1,VCT Emea
0,Fracture,TENNN,ZETA,Raze,0.87,212.0,19,19,6,0,73.0,154.0,15.0,3.0,4.0,-1.0,ZETA,,14,TS,,12,1,VCT Emea
0,Fracture,crow,ZETA,Breach,0.83,161.0,14,17,14,-3,92.0,96.0,35.0,1.0,0.0,1.0,ZETA,,14,TS,,12,1,VCT Emea
0,Fracture,BORKUM,TS,Brimstone,1.19,222.0,20,18,14,2,77.0,152.0,23.0,0.0,0.0,0.0,ZETA,,14,TS,,12,0,VCT Emea
0,Fracture,JessieVash,TS,Killjoy,1.16,226.0,20,18,3,2,62.0,143.0,27.0,4.0,3.0,1.0,ZETA,,14,TS,,12,0,VCT Emea
0,Fracture,Jremy,TS,Raze,1.12,229.0,20,21,5,-1,58.0,161.0,11.0,2.0,2.0,0.0,ZETA,,14,TS,,12,0,VCT Emea
0,Fracture,DubsteP,TS,Jett,1.01,223.0,20,21,4,-1,69.0,147.0,23.0,5.0,6.0,-1.0,ZETA,,14,TS,,12,0,VCT Emea
0,Fracture,invy,TS,Breach,0.71,105.0,9,18,14,-9,73.0,81.0,42.0,0.0,4.0,-4.0,ZETA,,14,TS,,12,0,VCT Emea
2,Ascent,Dep,ZETA,Sova,1.23,242.0,18,17,5,1,82.0,163.0,32.0,2.0,1.0,1.0,ZETA,,9,TS,,13,0,VCT Emea
2,Ascent,Laz,ZETA,Cypher,0.94,216.0,18,17,4,1,73.0,122.0,29.0,3.0,0.0,3.0,ZETA,,9,TS,,13,0,VCT Emea
2,Ascent,crow,ZETA,Kayo,0.91,169.0,11,16,14,-5,68.0,121.0,37.0,1.0,5.0,-4.0,ZETA,,9,TS,,13,0,VCT Emea
2,Ascent,TENNN,ZETA,Raze,0.77,200.0,14,17,4,-3,59.0,141.0,21.0,2.0,5.0,-3.0,ZETA,,9,TS,,13,0,VCT Emea
2,Ascent,SugarZ3ro,ZETA,Omen,0.45,138.0,10,19,8,-9,64.0,89.0,19.0,0.0,3.0,-3.0,ZETA,,9,TS,,13,0,VCT Emea
2,Ascent,BORKUM,TS,Omen,1.29,223.0,18,14,14,4,91.0,154.0,23.0,3.0,1.0,2.0,ZETA,,9,TS,,13,1,VCT Emea
2,Ascent,JessieVash,TS,Sova,1.25,237.0,19,13,11,6,82.0,158.0,18.0,2.0,1.0,1.0,ZETA,,9,TS,,13,1,VCT Emea
2,Ascent,DubsteP,TS,Jett,1.22,266.0,21,15,3,6,77.0,167.0,22.0,4.0,2.0,2.0,ZETA,,9,TS,,13,1,VCT Emea
2,Ascent,Jremy,TS,Killjoy,1.08,228.0,17,17,10,0,77.0,160.0,21.0,4.0,3.0,1.0,ZETA,,9,TS,,13,1,VCT Emea
2,Ascent,invy,TS,Kayo,0.96,124.0,11,12,10,-1,82.0,91.0,42.0,1.0,1.0,0.0,ZETA,,9,TS,,13,1,VCT Emea
3,Split,Dep,ZETA,Jett,1.33,261.0,19,11,2,8,85.0,175.0,22.0,3.0,3.0,0.0,ZETA,,13,TS,,7,1,VCT Emea
3,Split,crow,ZETA,Skye,1.33,214.0,16,10,9,6,75.0,132.0,26.0,2.0,0.0,2.0,ZETA,,13,TS,,7,1,VCT Emea
3,Split,SugarZ3ro,ZETA,Astra,1.14,165.0,13,9,7,4,90.0,104.0,27.0,0.0,0.0,0.0,ZETA,,13,TS,,7,1,VCT Emea
3,Split,TENNN,ZETA,Raze,1.12,256.0,16,15,3,1,75.0,166.0,31.0,3.0,3.0,0.0,ZETA,,13,TS,,7,1,VCT Emea
3,Split,Laz,ZETA,Viper,0.99,227.0,15,13,6,2,75.0,155.0,29.0,1.0,5.0,-4.0,ZETA,,13,TS,,7,1,VCT Emea
3,Split,invy,TS,Viper,1.11,240.0,17,15,6,2,70.0,165.0,34.0,0.0,0.0,0.0,ZETA,,13,TS,,7,0,VCT Emea
3,Split,BORKUM,TS,Omen,1.0,181.0,12,14,7,-2,75.0,119.0,20.0,2.0,0.0,2.0,ZETA,,13,TS,,7,0,VCT Emea
3,Split,Jremy,TS,Reyna,0.9,172.0,12,14,1,-2,70.0,106.0,36.0,4.0,1.0,3.0,ZETA,,13,TS,,7,0,VCT Emea
3,Split,DubsteP,TS,Raze,0.54,166.0,10,18,3,-8,65.0,116.0,13.0,4.0,6.0,-2.0,ZETA,,13,TS,,7,0,VCT Emea
3,Split,JessieVash,TS,Skye,0.35,114.0,7,18,6,-11,55.0,77.0,22.0,1.0,2.0,-1.0,ZETA,,13,TS,,7,0,VCT Emea
4,Lotus,Laz,ZETA,Chamber,1.73,292.0,22,8,3,14,84.0,196.0,34.0,2.0,2.0,0.0,ZETA,,13,TS,,6,1,VCT Emea
4,Lotus,TENNN,ZETA,Raze,1.32,260.0,17,12,6,5,74.0,181.0,25.0,4.0,1.0,3.0,ZETA,,13,TS,,6,1,VCT Emea
4,Lotus,SugarZ3ro,ZETA,Omen,1.28,185.0,13,10,12,3,89.0,108.0,12.0,2.0,1.0,1.0,ZETA,,13,TS,,6,1,VCT Emea
4,Lotus,crow,ZETA,Skye,1.09,161.0,11,9,9,2,89.0,96.0,31.0,2.0,2.0,0.0,ZETA,,13,TS,,6,1,VCT Emea
4,Lotus,Dep,ZETA,Neon,0.96,206.0,14,13,4,1,84.0,130.0,43.0,2.0,1.0,1.0,ZETA,,13,TS,,6,1,VCT Emea
4,Lotus,DubsteP,TS,Jett,1.0,228.0,14,15,3,-1,74.0,161.0,25.0,4.0,3.0,1.0,ZETA,,13,TS,,6,0,VCT Emea
4,Lotus,invy,TS,Breach,0.99,226.0,13,15,6,-2,63.0,157.0,22.0,0.0,0.0,0.0,ZETA,,13,TS,,6,0,VCT Emea
4,Lotus,JessieVash,TS,Sova,0.74,166.0,11,16,4,-5,47.0,125.0,28.0,0.0,4.0,-4.0,ZETA,,13,TS,,6,0,VCT Emea
4,Lotus,BORKUM,TS,Omen,0.57,106.0,6,15,7,-9,53.0,71.0,21.0,2.0,4.0,-2.0,ZETA,,13,TS,,6,0,VCT Emea
4,Lotus,Jremy,TS,Killjoy,0.49,141.0,8,16,1,-8,47.0,101.0,28.0,1.0,1.0,0.0,ZETA,,13,TS,,6,0,VCT Emea
0,Breeze,Sayaplayer,T1,Jett,1.54,284.0,36,21,1,15,79.0,191.0,36.0,8.0,4.0,4.0,T1,,18,BLD,,16,1,VCT Emea
0,Breeze,xccurate,T1,Harbor,1.22,254.0,29,24,7,5,71.0,169.0,29.0,1.0,2.0,-1.0,T1,,18,BLD,,16,1,VCT Emea
0,Breeze,carpe,T1,Sova,1.05,203.0,23,25,11,-2,82.0,131.0,28.0,3.0,3.0,0.0,T1,,18,BLD,,16,1,VCT Emea
0,Breeze,iZu,T1,Yoru,0.96,194.0,22,24,9,-2,68.0,136.0,26.0,3.0,8.0,-5.0,T1,,18,BLD,,16,1,VCT Emea
0,Breeze,Rossy,T1,Viper,0.75,138.0,16,22,8,-6,62.0,99.0,27.0,0.0,2.0,-2.0,T1,,18,BLD,,16,1,VCT Emea
0,Breeze,sScary,BLD,Viper,1.17,215.0,28,21,10,7,82.0,152.0,27.0,3.0,2.0,1.0,T1,,18,BLD,,16,0,VCT Emea
0,Breeze,Deryeon,BLD,Harbor,0.99,245.0,29,28,6,1,85.0,154.0,27.0,6.0,1.0,5.0,T1,,18,BLD,,16,0,VCT Emea
0,Breeze,yay,BLD,Neon,0.88,213.0,27,26,6,1,71.0,130.0,26.0,6.0,7.0,-1.0,T1,,18,BLD,,16,0,VCT Emea
0,Breeze,Egoist,BLD,Skye,0.65,140.0,17,26,9,-9,74.0,90.0,27.0,2.0,2.0,0.0,T1,,18,BLD,,16,0,VCT Emea
0,Breeze,crazyguy,BLD,Sova,0.56,150.0,15,25,9,-10,53.0,102.0,26.0,2.0,3.0,-1.0,T1,,18,BLD,,16,0,VCT Emea
2,Lotus,carpe,T1,Fade,1.69,294.0,20,10,8,10,79.0,187.0,20.0,3.0,0.0,3.0,T1,,13,BLD,,6,1,VCT Emea
2,Lotus,Rossy,T1,Viper,1.41,270.0,16,13,13,3,89.0,170.0,13.0,4.0,1.0,3.0,T1,,13,BLD,,6,1,VCT Emea
2,Lotus,iZu,T1,Omen,1.25,229.0,17,12,9,5,74.0,151.0,39.0,2.0,2.0,0.0,T1,,13,BLD,,6,1,VCT Emea
2,Lotus,xccurate,T1,Chamber,1.02,187.0,14,10,2,4,79.0,117.0,17.0,0.0,1.0,-1.0,T1,,13,BLD,,6,1,VCT Emea
2,Lotus,Sayaplayer,T1,Raze,0.43,126.0,8,14,4,-6,58.0,92.0,35.0,2.0,4.0,-2.0,T1,,13,BLD,,6,1,VCT Emea
2,Lotus,crazyguy,BLD,Breach,1.21,260.0,16,16,8,0,63.0,153.0,38.0,3.0,1.0,2.0,T1,,13,BLD,,6,0,VCT Emea
2,Lotus,Egoist,BLD,Killjoy,1.01,200.0,13,14,2,-1,68.0,141.0,22.0,3.0,2.0,1.0,T1,,13,BLD,,6,0,VCT Emea
2,Lotus,sScary,BLD,Omen,0.97,196.0,13,14,5,-1,58.0,124.0,15.0,0.0,2.0,-2.0,T1,,13,BLD,,6,0,VCT Emea
2,Lotus,yay,BLD,Skye,0.74,183.0,11,16,6,-5,74.0,136.0,35.0,0.0,1.0,-1.0,T1,,13,BLD,,6,0,VCT Emea
2,Lotus,Deryeon,BLD,Raze,0.37,120.0,6,15,3,-9,58.0,90.0,12.0,2.0,5.0,-3.0,T1,,13,BLD,,6,0,VCT Emea
0,Bind,SugarZ3ro,ZETA,Brimstone,1.27,228.0,19,14,10,5,78.0,153.0,26.0,1.0,1.0,0.0,ZETA,,13,GE,,10,1,VCT Emea
0,Bind,yuran,ZETA,Viper,1.15,218.0,18,14,4,4,65.0,140.0,30.0,4.0,3.0,1.0,ZETA,,13,GE,,10,1,VCT Emea
0,Bind,Dep,ZETA,Raze,1.14,243.0,20,15,1,5,70.0,166.0,33.0,4.0,4.0,0.0,ZETA,,13,GE,,10,1,VCT Emea
0,Bind,hiroronn,ZETA,Skye,1.06,181.0,14,12,6,2,70.0,116.0,24.0,2.0,1.0,1.0,ZETA,,13,GE,,10,1,VCT Emea
0,Bind,Laz,ZETA,Cypher,0.78,176.0,16,17,4,-1,61.0,113.0,28.0,3.0,0.0,3.0,ZETA,,13,GE,,10,1,VCT Emea
0,Bind,Benkai,GE,Cypher,0.92,156.0,13,15,4,-2,61.0,112.0,30.0,0.0,2.0,-2.0,ZETA,,13,GE,,10,0,VCT Emea
0,Bind,Russ,GE,Kayo,0.85,180.0,15,17,5,-2,61.0,108.0,23.0,2.0,1.0,1.0,ZETA,,13,GE,,10,0,VCT Emea
0,Bind,blaZek1ng,GE,Gekko,0.84,185.0,15,19,1,-4,74.0,128.0,37.0,1.0,3.0,-2.0,ZETA,,13,GE,,10,0,VCT Emea
0,Bind,Lightningfast,GE,Viper,0.82,160.0,14,17,2,-3,57.0,98.0,33.0,2.0,3.0,-1.0,ZETA,,13,GE,,10,0,VCT Emea
0,Bind,Polvi,GE,Raze,0.75,210.0,15,19,3,-4,61.0,145.0,18.0,4.0,5.0,-1.0,ZETA,,13,GE,,10,0,VCT Emea
2,Icebox,hiroronn,ZETA,Sova,1.66,245.0,18,9,10,9,75.0,197.0,29.0,0.0,3.0,-3.0,ZETA,,13,GE,,7,1,VCT Emea
2,Icebox,yuran,ZETA,Viper,1.65,262.0,20,9,8,11,85.0,181.0,25.0,3.0,1.0,2.0,ZETA,,13,GE,,7,1,VCT Emea
2,Icebox,Dep,ZETA,Jett,1.28,231.0,17,13,5,4,75.0,140.0,22.0,3.0,2.0,1.0,ZETA,,13,GE,,7,1,VCT Emea
2,Icebox,Laz,ZETA,Killjoy,1.02,161.0,12,10,2,2,75.0,118.0,37.0,2.0,3.0,-1.0,ZETA,,13,GE,,7,1,VCT Emea
2,Icebox,SugarZ3ro,ZETA,Harbor,1.01,107.0,7,7,8,0,85.0,71.0,25.0,0.0,3.0,-3.0,ZETA,,13,GE,,7,1,VCT Emea
2,Icebox,Polvi,GE,Jett,1.03,232.0,16,15,0,1,75.0,161.0,27.0,7.0,3.0,4.0,ZETA,,13,GE,,7,0,VCT Emea
2,Icebox,Lightningfast,GE,Viper,0.8,203.0,13,16,3,-3,65.0,139.0,36.0,3.0,1.0,2.0,ZETA,,13,GE,,7,0,VCT Emea
2,Icebox,blaZek1ng,GE,Sova,0.69,145.0,9,14,6,-5,70.0,105.0,40.0,1.0,0.0,1.0,ZETA,,13,GE,,7,0,VCT Emea
2,Icebox,Russ,GE,Kayo,0.42,107.0,6,15,8,-9,70.0,67.0,23.0,1.0,1.0,0.0,ZETA,,13,GE,,7,0,VCT Emea
2,Icebox,Benkai,GE,Killjoy,0.3,69.0,4,14,1,-10,45.0,55.0,17.0,0.0,3.0,-3.0,ZETA,,13,GE,,7,0,VCT Emea
0,Sunset,sScary,BLD,Omen,1.15,190.0,15,12,8,3,77.0,124.0,35.0,3.0,4.0,-1.0,BLD,,9,GE,,13,0,VCT Emea
0,Sunset,Deryeon,BLD,Raze,1.08,268.0,19,18,4,1,64.0,149.0,12.0,3.0,4.0,-1.0,BLD,,9,GE,,13,0,VCT Emea
0,Sunset,Egoist,BLD,Cypher,1.01,174.0,14,13,5,1,68.0,105.0,33.0,2.0,1.0,1.0,BLD,,9,GE,,13,0,VCT Emea
0,Sunset,yay,BLD,Viper,0.93,156.0,12,13,2,-1,64.0,111.0,36.0,1.0,1.0,0.0,BLD,,9,GE,,13,0,VCT Emea
0,Sunset,crazyguy,BLD,Sova,0.66,150.0,11,18,4,-7,59.0,107.0,34.0,2.0,1.0,1.0,BLD,,9,GE,,13,0,VCT Emea
0,Sunset,blaZek1ng,GE,Fade,1.49,292.0,24,11,8,13,59.0,175.0,20.0,2.0,3.0,-1.0,BLD,,9,GE,,13,1,VCT Emea
0,Sunset,Polvi,GE,Raze,0.95,211.0,16,17,3,-1,59.0,152.0,31.0,6.0,6.0,0.0,BLD,,9,GE,,13,1,VCT Emea
0,Sunset,Benkai,GE,Viper,0.86,197.0,13,16,8,-3,73.0,122.0,24.0,3.0,1.0,2.0,BLD,,9,GE,,13,1,VCT Emea
0,Sunset,Russ,GE,Gekko,0.81,143.0,12,14,4,-2,73.0,90.0,52.0,0.0,1.0,-1.0,BLD,,9,GE,,13,1,VCT Emea
0,Sunset,Lightningfast,GE,Omen,0.78,117.0,9,13,4,-4,59.0,78.0,25.0,0.0,0.0,0.0,BLD,,9,GE,,13,1,VCT Emea
2,Icebox,Deryeon,BLD,Harbor,1.27,185.0,16,14,8,2,70.0,143.0,25.0,0.0,2.0,-2.0,BLD,,13,GE,,10,1,VCT Emea
2,Icebox,sScary,BLD,Viper,1.19,136.0,10,8,10,2,91.0,107.0,29.0,3.0,1.0,2.0,BLD,,13,GE,,10,1,VCT Emea
2,Icebox,Egoist,BLD,Killjoy,1.12,244.0,20,18,7,2,78.0,169.0,21.0,2.0,1.0,1.0,BLD,,13,GE,,10,1,VCT Emea
2,Icebox,crazyguy,BLD,Sova,0.98,221.0,17,17,6,0,74.0,145.0,30.0,4.0,3.0,1.0,BLD,,13,GE,,10,1,VCT Emea
2,Icebox,yay,BLD,Jett,0.94,204.0,17,17,6,0,65.0,146.0,27.0,3.0,4.0,-1.0,BLD,,13,GE,,10,1,VCT Emea
2,Icebox,Russ,GE,Kayo,1.2,234.0,17,14,16,3,83.0,149.0,30.0,5.0,3.0,2.0,BLD,,13,GE,,10,0,VCT Emea
2,Icebox,blaZek1ng,GE,Sova,0.98,196.0,15,16,7,-1,78.0,136.0,27.0,2.0,2.0,0.0,BLD,,13,GE,,10,0,VCT Emea
2,Icebox,Benkai,GE,Killjoy,0.93,175.0,15,14,2,1,70.0,120.0,30.0,0.0,2.0,-2.0,BLD,,13,GE,,10,0,VCT Emea
2,Icebox,Polvi,GE,Jett,0.76,192.0,14,19,5,-5,74.0,122.0,20.0,4.0,4.0,0.0,BLD,,13,GE,,10,0,VCT Emea
2,Icebox,Lightningfast,GE,Viper,0.7,145.0,13,17,4,-4,74.0,98.0,59.0,0.0,1.0,-1.0,BLD,,13,GE,,10,0,VCT Emea
3,Split,Egoist,BLD,Cypher,1.67,284.0,27,14,5,13,88.0,174.0,30.0,1.0,1.0,0.0,BLD,,11,GE,,13,0,VCT Emea
3,Split,Deryeon,BLD,Raze,1.1,294.0,23,20,6,3,75.0,175.0,18.0,10.0,4.0,6.0,BLD,,11,GE,,13,0,VCT Emea
3,Split,sScary,BLD,Omen,0.78,152.0,11,18,14,-7,71.0,100.0,17.0,1.0,1.0,0.0,BLD,,11,GE,,13,0,VCT Emea
3,Split,crazyguy,BLD,Skye,0.49,94.0,7,15,7,-8,63.0,74.0,28.0,0.0,4.0,-4.0,BLD,,11,GE,,13,0,VCT Emea
3,Split,yay,BLD,Viper,0.34,83.0,6,19,10,-13,63.0,52.0,14.0,0.0,3.0,-3.0,BLD,,11,GE,,13,0,VCT Emea
3,Split,Benkai,GE,Cypher,1.59,279.0,26,13,0,13,79.0,178.0,27.0,1.0,1.0,0.0,BLD,,11,GE,,13,1,VCT Emea
3,Split,Russ,GE,Breach,1.01,167.0,14,15,7,-1,63.0,111.0,30.0,1.0,3.0,-2.0,BLD,,11,GE,,13,1,VCT Emea
3,Split,blaZek1ng,GE,Gekko,0.95,196.0,17,14,5,3,79.0,127.0,31.0,0.0,2.0,-2.0,BLD,,11,GE,,13,1,VCT Emea
3,Split,Polvi,GE,Raze,0.92,215.0,16,18,5,-2,79.0,146.0,18.0,7.0,3.0,4.0,BLD,,11,GE,,13,1,VCT Emea
3,Split,Lightningfast,GE,Omen,0.89,155.0,13,15,10,-2,79.0,112.0,41.0,3.0,2.0,1.0,BLD,,11,GE,,13,1,VCT Emea
0,Ascent,Rossy,T1,Viper,1.2,203.0,20,14,4,6,83.0,124.0,14.0,0.0,0.0,0.0,T1,,11,ZETA,,13,0,VCT Emea
0,Ascent,Sayaplayer,T1,Jett,1.12,221.0,20,16,1,4,71.0,143.0,43.0,3.0,4.0,-1.0,T1,,11,ZETA,,13,0,VCT Emea
0,Ascent,iZu,T1,Omen,1.07,208.0,16,17,17,-1,75.0,125.0,26.0,3.0,2.0,1.0,T1,,11,ZETA,,13,0,VCT Emea
0,Ascent,xccurate,T1,Cypher,0.92,207.0,18,19,3,-1,67.0,126.0,21.0,3.0,2.0,1.0,T1,,11,ZETA,,13,0,VCT Emea
0,Ascent,carpe,T1,Fade,0.38,123.0,8,22,9,-14,67.0,83.0,11.0,2.0,5.0,-3.0,T1,,11,ZETA,,13,0,VCT Emea
0,Ascent,SugarZ3ro,ZETA,Omen,1.21,166.0,17,13,7,4,63.0,119.0,35.0,0.0,1.0,-1.0,T1,,11,ZETA,,13,1,VCT Emea
0,Ascent,Dep,ZETA,Jett,1.17,265.0,24,18,1,6,71.0,155.0,37.0,9.0,2.0,7.0,T1,,11,ZETA,,13,1,VCT Emea
0,Ascent,Laz,ZETA,Killjoy,1.15,207.0,15,14,9,1,88.0,142.0,20.0,0.0,2.0,-2.0,T1,,11,ZETA,,13,1,VCT Emea
0,Ascent,yuran,ZETA,Sova,1.04,208.0,17,18,11,-1,71.0,144.0,25.0,2.0,1.0,1.0,T1,,11,ZETA,,13,1,VCT Emea
0,Ascent,hiroronn,ZETA,Kayo,0.83,201.0,15,19,14,-4,63.0,129.0,26.0,2.0,5.0,-3.0,T1,,11,ZETA,,13,1,VCT Emea
2,Lotus,xccurate,T1,Chamber,1.66,359.0,22,9,4,13,76.0,219.0,26.0,6.0,0.0,6.0,T1,,13,ZETA,,4,1,VCT Emea
2,Lotus,Rossy,T1,Viper,1.35,278.0,17,8,3,9,94.0,168.0,22.0,3.0,0.0,3.0,T1,,13,ZETA,,4,1,VCT Emea
2,Lotus,iZu,T1,Omen,1.31,188.0,12,7,6,5,94.0,121.0,38.0,1.0,0.0,1.0,T1,,13,ZETA,,4,1,VCT Emea
2,Lotus,Sayaplayer,T1,Raze,1.17,206.0,13,9,3,4,94.0,132.0,29.0,3.0,2.0,1.0,T1,,13,ZETA,,4,1,VCT Emea
2,Lotus,carpe,T1,Fade,1.0,165.0,10,9,9,1,94.0,125.0,30.0,1.0,1.0,0.0,T1,,13,ZETA,,4,1,VCT Emea
2,Lotus,Dep,ZETA,Raze,0.94,195.0,11,13,3,-2,65.0,118.0,14.0,1.0,4.0,-3.0,T1,,13,ZETA,,4,0,VCT Emea
2,Lotus,Laz,ZETA,Killjoy,0.85,188.0,10,15,2,-5,53.0,143.0,20.0,1.0,1.0,0.0,T1,,13,ZETA,,4,0,VCT Emea
2,Lotus,SugarZ3ro,ZETA,Omen,0.72,143.0,7,14,7,-7,53.0,97.0,27.0,0.0,2.0,-2.0,T1,,13,ZETA,,4,0,VCT Emea
2,Lotus,hiroronn,ZETA,Fade,0.5,104.0,7,15,2,-8,35.0,71.0,58.0,1.0,4.0,-3.0,T1,,13,ZETA,,4,0,VCT Emea
2,Lotus,yuran,ZETA,Viper,0.36,132.0,7,17,5,-10,41.0,70.0,19.0,0.0,3.0,-3.0,T1,,13,ZETA,,4,0,VCT Emea
3,Sunset,Sayaplayer,T1,Raze,1.39,238.0,18,10,1,8,70.0,171.0,35.0,4.0,3.0,1.0,T1,,13,ZETA,,7,1,VCT Emea
3,Sunset,xccurate,T1,Cypher,1.2,224.0,17,12,5,5,80.0,153.0,38.0,1.0,1.0,0.0,T1,,13,ZETA,,7,1,VCT Emea
3,Sunset,carpe,T1,Sova,1.15,238.0,17,13,4,4,85.0,158.0,28.0,3.0,1.0,2.0,T1,,13,ZETA,,7,1,VCT Emea
3,Sunset,iZu,T1,Omen,0.95,187.0,13,13,8,0,75.0,117.0,24.0,2.0,1.0,1.0,T1,,13,ZETA,,7,1,VCT Emea
3,Sunset,Rossy,T1,Viper,0.84,151.0,11,13,5,-2,65.0,91.0,13.0,1.0,3.0,-2.0,T1,,13,ZETA,,7,1,VCT Emea
3,Sunset,Dep,ZETA,Raze,1.03,240.0,16,15,4,1,55.0,164.0,25.0,5.0,7.0,-2.0,T1,,13,ZETA,,7,0,VCT Emea
3,Sunset,hiroronn,ZETA,Fade,1.02,220.0,15,14,6,1,70.0,141.0,30.0,3.0,3.0,0.0,T1,,13,ZETA,,7,0,VCT Emea
3,Sunset,SugarZ3ro,ZETA,Omen,0.96,180.0,12,14,10,-2,60.0,107.0,35.0,0.0,0.0,0.0,T1,,13,ZETA,,7,0,VCT Emea
3,Sunset,yuran,ZETA,Breach,0.87,158.0,10,15,9,-5,85.0,108.0,22.0,1.0,0.0,1.0,T1,,13,ZETA,,7,0,VCT Emea
3,Sunset,Laz,ZETA,Cypher,0.46,117.0,8,18,2,-10,50.0,87.0,33.0,0.0,1.0,-1.0,T1,,13,ZETA,,7,0,VCT Emea
0,Bind,Dep,ZETA,Raze,1.62,350.0,27,10,2,17,86.0,219.0,31.0,7.0,2.0,5.0,ZETA,,13,GE,,8,1,VCT Emea
0,Bind,yuran,ZETA,Viper,1.42,221.0,17,9,4,8,86.0,134.0,33.0,2.0,1.0,1.0,ZETA,,13,GE,,8,1,VCT Emea
0,Bind,Laz,ZETA,Cypher,1.23,190.0,16,8,7,8,67.0,126.0,29.0,1.0,1.0,0.0,ZETA,,13,GE,,8,1,VCT Emea
0,Bind,hiroronn,ZETA,Skye,1.18,207.0,17,10,3,7,76.0,125.0,39.0,1.0,1.0,0.0,ZETA,,13,GE,,8,1,VCT Emea
0,Bind,SugarZ3ro,ZETA,Brimstone,0.61,104.0,7,13,9,-6,62.0,79.0,22.0,1.0,4.0,-3.0,ZETA,,13,GE,,8,1,VCT Emea
0,Bind,blaZek1ng,GE,Gekko,0.9,149.0,9,14,4,-5,57.0,105.0,26.0,2.0,1.0,1.0,ZETA,,13,GE,,8,0,VCT Emea
0,Bind,Lightningfast,GE,Viper,0.84,197.0,13,19,6,-6,52.0,143.0,44.0,0.0,1.0,-1.0,ZETA,,13,GE,,8,0,VCT Emea
0,Bind,Polvi,GE,Raze,0.72,186.0,11,18,2,-7,48.0,124.0,12.0,6.0,6.0,0.0,ZETA,,13,GE,,8,0,VCT Emea
0,Bind,Russ,GE,Kayo,0.65,137.0,10,17,6,-7,52.0,76.0,38.0,1.0,2.0,-1.0,ZETA,,13,GE,,8,0,VCT Emea
0,Bind,Benkai,GE,Cypher,0.54,87.0,7,16,2,-9,48.0,59.0,16.0,0.0,2.0,-2.0,ZETA,,13,GE,,8,0,VCT Emea
2,Lotus,Laz,ZETA,Killjoy,1.48,252.0,16,7,1,9,94.0,157.0,25.0,2.0,1.0,1.0,ZETA,,13,GE,,3,1,VCT Emea
2,Lotus,hiroronn,ZETA,Fade,1.28,141.0,9,5,4,4,81.0,101.0,33.0,2.0,1.0,1.0,ZETA,,13,GE,,3,1,VCT Emea
2,Lotus,Dep,ZETA,Raze,1.25,327.0,19,12,4,7,81.0,216.0,18.0,6.0,1.0,5.0,ZETA,,13,GE,,3,1,VCT Emea
2,Lotus,yuran,ZETA,Viper,1.17,274.0,15,10,3,5,69.0,185.0,39.0,3.0,0.0,3.0,ZETA,,13,GE,,3,1,VCT Emea
2,Lotus,SugarZ3ro,ZETA,Omen,1.16,118.0,9,6,9,3,81.0,85.0,35.0,0.0,0.0,0.0,ZETA,,13,GE,,3,1,VCT Emea
2,Lotus,Benkai,GE,Cypher,1.02,238.0,11,13,3,-2,63.0,147.0,26.0,0.0,4.0,-4.0,ZETA,,13,GE,,3,0,VCT Emea
2,Lotus,blaZek1ng,GE,Fade,0.88,152.0,8,12,2,-4,56.0,124.0,43.0,0.0,2.0,-2.0,ZETA,,13,GE,,3,0,VCT Emea
2,Lotus,Russ,GE,Gekko,0.74,176.0,10,15,3,-5,63.0,108.0,36.0,1.0,3.0,-2.0,ZETA,,13,GE,,3,0,VCT Emea
2,Lotus,Lightningfast,GE,Omen,0.54,97.0,5,13,4,-8,56.0,55.0,22.0,1.0,1.0,0.0,ZETA,,13,GE,,3,0,VCT Emea
2,Lotus,Polvi,GE,Raze,0.39,135.0,6,15,3,-9,38.0,90.0,25.0,1.0,3.0,-2.0,ZETA,,13,GE,,3,0,VCT Emea
0,Lotus,BuZz,KRX,Raze,1.21,269.0,20,16,4,4,86.0,174.0,24.0,5.0,2.0,3.0,KRX,,13,DFM,,8,1,VCT Emea
0,Lotus,stax,KRX,Fade,1.14,214.0,18,13,2,5,76.0,135.0,32.0,3.0,3.0,0.0,KRX,,13,DFM,,8,1,VCT Emea
0,Lotus,MaKo,KRX,Omen,1.13,201.0,16,14,7,2,86.0,144.0,28.0,3.0,0.0,3.0,KRX,,13,DFM,,8,1,VCT Emea
0,Lotus,Foxy9,KRX,Viper,1.09,230.0,18,13,1,5,86.0,140.0,35.0,1.0,2.0,-1.0,KRX,,13,DFM,,8,1,VCT Emea
0,Lotus,Flashback,KRX,Killjoy,1.07,176.0,16,11,2,5,71.0,122.0,33.0,0.0,2.0,-2.0,KRX,,13,DFM,,8,1,VCT Emea
0,Lotus,Meiy,DFM,Raze,1.06,252.0,16,18,7,-2,76.0,173.0,20.0,6.0,3.0,3.0,KRX,,13,DFM,,8,0,VCT Emea
0,Lotus,neth,DFM,Viper,0.93,176.0,14,17,5,-3,62.0,117.0,32.0,1.0,3.0,-2.0,KRX,,13,DFM,,8,0,VCT Emea
0,Lotus,SSeeS,DFM,Omen,0.88,212.0,17,18,5,-1,81.0,122.0,31.0,1.0,2.0,-1.0,KRX,,13,DFM,,8,0,VCT Emea
0,Lotus,Anthem,DFM,Skye,0.87,173.0,12,17,9,-5,81.0,114.0,23.0,1.0,2.0,-1.0,KRX,,13,DFM,,8,0,VCT Emea
0,Lotus,Medusa,DFM,Killjoy,0.37,96.0,8,18,1,-10,52.0,68.0,29.0,0.0,2.0,-2.0,KRX,,13,DFM,,8,0,VCT Emea
2,Breeze,Flashback,KRX,Cypher,1.43,261.0,21,12,3,9,71.0,169.0,46.0,2.0,4.0,-2.0,KRX,,13,DFM,,8,1,VCT Emea
2,Breeze,MaKo,KRX,Viper,1.22,224.0,19,13,5,6,76.0,143.0,31.0,2.0,0.0,2.0,KRX,,13,DFM,,8,1,VCT Emea
2,Breeze,stax,KRX,Sova,1.07,149.0,12,10,5,2,67.0,102.0,33.0,1.0,0.0,1.0,KRX,,13,DFM,,8,1,VCT Emea
2,Breeze,BuZz,KRX,Yoru,0.97,217.0,16,15,8,1,86.0,138.0,33.0,0.0,2.0,-2.0,KRX,,13,DFM,,8,1,VCT Emea
2,Breeze,Foxy9,KRX,Jett,0.91,187.0,14,14,3,0,71.0,111.0,18.0,6.0,4.0,2.0,KRX,,13,DFM,,8,1,VCT Emea
2,Breeze,Medusa,DFM,Cypher,1.33,240.0,19,14,1,5,67.0,162.0,49.0,3.0,1.0,2.0,KRX,,13,DFM,,8,0,VCT Emea
2,Breeze,Meiy,DFM,Yoru,0.92,240.0,17,18,4,-1,71.0,160.0,30.0,4.0,4.0,0.0,KRX,,13,DFM,,8,0,VCT Emea
2,Breeze,Anthem,DFM,Sova,0.76,125.0,8,15,9,-7,62.0,96.0,30.0,1.0,2.0,-1.0,KRX,,13,DFM,,8,0,VCT Emea
2,Breeze,SSeeS,DFM,Viper,0.62,147.0,11,17,5,-6,71.0,90.0,55.0,1.0,2.0,-1.0,KRX,,13,DFM,,8,0,VCT Emea
2,Breeze,neth,DFM,Harbor,0.51,134.0,9,18,3,-9,48.0,87.0,28.0,1.0,2.0,-1.0,KRX,,13,DFM,,8,0,VCT Emea
0,Breeze,JessieVash,TS,Sova,1.12,202.0,16,15,5,1,67.0,138.0,42.0,2.0,2.0,0.0,TS,,8,TLN,,13,0,VCT Emea
0,Breeze,Jremy,TS,Jett,1.09,230.0,16,15,6,1,67.0,157.0,29.0,4.0,5.0,-1.0,TS,,8,TLN,,13,0,VCT Emea
0,Breeze,BORKUM,TS,Viper,1.02,191.0,12,14,7,-2,71.0,129.0,23.0,2.0,0.0,2.0,TS,,8,TLN,,13,0,VCT Emea
0,Breeze,invy,TS,Kayo,0.86,139.0,12,15,4,-3,62.0,89.0,32.0,2.0,2.0,0.0,TS,,8,TLN,,13,0,VCT Emea
0,Breeze,NDG,TS,Cypher,0.59,97.0,5,15,7,-10,81.0,74.0,19.0,1.0,1.0,0.0,TS,,8,TLN,,13,0,VCT Emea
0,Breeze,ban,TLN,Yoru,1.38,289.0,22,13,4,9,76.0,171.0,22.0,3.0,1.0,2.0,TS,,8,TLN,,13,1,VCT Emea
0,Breeze,Governor,TLN,Neon,1.35,282.0,21,13,10,8,76.0,176.0,17.0,4.0,5.0,-1.0,TS,,8,TLN,,13,1,VCT Emea
0,Breeze,Crws,TLN,Harbor,0.97,175.0,13,13,6,0,81.0,114.0,29.0,1.0,2.0,-1.0,TS,,8,TLN,,13,1,VCT Emea
0,Breeze,lenne,TLN,Sova,0.93,139.0,10,11,9,-1,81.0,96.0,20.0,0.0,2.0,-2.0,TS,,8,TLN,,13,1,VCT Emea
0,Breeze,JitBoyS,TLN,Viper,0.9,140.0,8,11,9,-3,71.0,105.0,40.0,2.0,1.0,1.0,TS,,8,TLN,,13,1,VCT Emea
2,Ascent,Jremy,TS,Jett,0.92,216.0,12,15,0,-3,63.0,145.0,33.0,1.0,3.0,-2.0,TS,,3,TLN,,13,0,VCT Emea
2,Ascent,JessieVash,TS,Sova,0.76,151.0,7,13,3,-6,38.0,109.0,17.0,0.0,2.0,-2.0,TS,,3,TLN,,13,0,VCT Emea
2,Ascent,invy,TS,Kayo,0.4,110.0,5,15,6,-10,56.0,79.0,7.0,0.0,2.0,-2.0,TS,,3,TLN,,13,0,VCT Emea
2,Ascent,BORKUM,TS,Omen,0.39,119.0,5,16,7,-11,50.0,85.0,9.0,1.0,4.0,-3.0,TS,,3,TLN,,13,0,VCT Emea
2,Ascent,NDG,TS,Killjoy,0.25,91.0,4,15,1,-11,38.0,68.0,33.0,0.0,3.0,-3.0,TS,,3,TLN,,13,0,VCT Emea
2,Ascent,Governor,TLN,Jett,2.23,399.0,25,6,2,19,94.0,243.0,28.0,7.0,1.0,6.0,TS,,3,TLN,,13,1,VCT Emea
2,Ascent,lenne,TLN,Sova,2.02,293.0,17,3,9,14,100.0,187.0,13.0,4.0,0.0,4.0,TS,,3,TLN,,13,1,VCT Emea
2,Ascent,JitBoyS,TLN,Killjoy,1.45,230.0,14,5,2,9,88.0,152.0,21.0,0.0,0.0,0.0,TS,,3,TLN,,13,1,VCT Emea
2,Ascent,ban,TLN,Kayo,0.98,205.0,12,11,11,1,88.0,120.0,38.0,2.0,0.0,2.0,TS,,3,TLN,,13,1,VCT Emea
2,Ascent,Crws,TLN,Omen,0.66,100.0,6,8,6,-2,81.0,63.0,10.0,1.0,1.0,0.0,TS,,3,TLN,,13,1,VCT Emea
0,Lotus,Meiy,DFM,Raze,1.34,278.0,21,15,1,6,65.0,163.0,31.0,4.0,5.0,-1.0,DFM,,7,TS,,13,0,VCT Emea
0,Lotus,neth,DFM,Viper,1.05,221.0,13,15,8,-2,80.0,164.0,22.0,1.0,0.0,1.0,DFM,,7,TS,,13,0,VCT Emea
0,Lotus,SSeeS,DFM,Omen,0.88,150.0,10,14,10,-4,65.0,105.0,43.0,1.0,2.0,-1.0,DFM,,7,TS,,13,0,VCT Emea
0,Lotus,Medusa,DFM,Killjoy,0.82,185.0,12,14,1,-2,65.0,128.0,32.0,3.0,2.0,1.0,DFM,,7,TS,,13,0,VCT Emea
0,Lotus,Anthem,DFM,Skye,0.46,91.0,5,16,10,-11,55.0,78.0,29.0,0.0,2.0,-2.0,DFM,,7,TS,,13,0,VCT Emea
0,Lotus,Jremy,TS,Raze,1.36,237.0,19,11,2,8,70.0,156.0,28.0,5.0,4.0,1.0,DFM,,7,TS,,13,1,VCT Emea
0,Lotus,NDG,TS,Killjoy,1.31,253.0,19,12,5,7,85.0,161.0,23.0,2.0,1.0,1.0,DFM,,7,TS,,13,1,VCT Emea
0,Lotus,JessieVash,TS,Skye,0.95,139.0,11,12,4,-1,75.0,93.0,31.0,2.0,1.0,1.0,DFM,,7,TS,,13,1,VCT Emea
0,Lotus,BORKUM,TS,Omen,0.95,188.0,13,12,6,1,80.0,121.0,32.0,1.0,1.0,0.0,DFM,,7,TS,,13,1,VCT Emea
0,Lotus,invy,TS,Viper,0.85,174.0,12,14,6,-2,70.0,112.0,20.0,1.0,2.0,-1.0,DFM,,7,TS,,13,1,VCT Emea
2,Breeze,SSeeS,DFM,Viper,1.26,169.0,15,14,9,1,67.0,109.0,27.0,0.0,1.0,-1.0,DFM,,11,TS,,13,0,VCT Emea
2,Breeze,Meiy,DFM,Yoru,1.18,244.0,21,17,3,4,67.0,159.0,24.0,4.0,2.0,2.0,DFM,,11,TS,,13,0,VCT Emea
2,Breeze,Medusa,DFM,Cypher,0.96,187.0,15,18,6,-3,58.0,132.0,43.0,4.0,2.0,2.0,DFM,,11,TS,,13,0,VCT Emea
2,Breeze,neth,DFM,Harbor,0.76,156.0,14,17,3,-3,58.0,97.0,29.0,1.0,5.0,-4.0,DFM,,11,TS,,13,0,VCT Emea
2,Breeze,Anthem,DFM,Sova,0.75,165.0,13,19,12,-6,71.0,117.0,33.0,3.0,2.0,1.0,DFM,,11,TS,,13,0,VCT Emea
2,Breeze,Jremy,TS,Jett,1.26,287.0,27,18,3,9,79.0,180.0,30.0,5.0,4.0,1.0,DFM,,11,TS,,13,1,VCT Emea
2,Breeze,invy,TS,Kayo,1.06,189.0,15,15,10,0,79.0,124.0,22.0,1.0,0.0,1.0,DFM,,11,TS,,13,1,VCT Emea
2,Breeze,BORKUM,TS,Viper,1.01,190.0,15,16,8,-1,54.0,140.0,28.0,4.0,3.0,1.0,DFM,,11,TS,,13,1,VCT Emea
2,Breeze,JessieVash,TS,Sova,0.98,169.0,14,15,7,-1,67.0,123.0,30.0,0.0,1.0,-1.0,DFM,,11,TS,,13,1,VCT Emea
2,Breeze,NDG,TS,Cypher,0.85,153.0,14,14,4,0,67.0,109.0,35.0,2.0,4.0,-2.0,DFM,,11,TS,,13,1,VCT Emea
0,Split,stax,KRX,Breach,1.31,242.0,22,15,7,7,70.0,145.0,34.0,2.0,1.0,1.0,KRX,,13,TLN,,10,1,VCT Emea
0,Split,MaKo,KRX,Omen,1.13,191.0,17,14,7,3,91.0,133.0,33.0,1.0,1.0,0.0,KRX,,13,TLN,,10,1,VCT Emea
0,Split,Foxy9,KRX,Viper,1.1,250.0,21,17,5,4,78.0,145.0,27.0,5.0,3.0,2.0,KRX,,13,TLN,,10,1,VCT Emea
0,Split,Flashback,KRX,Cypher,1.02,165.0,15,13,3,2,70.0,137.0,47.0,0.0,2.0,-2.0,KRX,,13,TLN,,10,1,VCT Emea
0,Split,BuZz,KRX,Raze,0.94,198.0,14,16,9,-2,83.0,138.0,21.0,4.0,4.0,0.0,KRX,,13,TLN,,10,1,VCT Emea
0,Split,JitBoyS,TLN,Cypher,1.53,282.0,26,15,4,11,87.0,179.0,36.0,1.0,1.0,0.0,KRX,,13,TLN,,10,0,VCT Emea
0,Split,Governor,TLN,Raze,0.96,248.0,18,20,6,-2,83.0,171.0,13.0,5.0,4.0,1.0,KRX,,13,TLN,,10,0,VCT Emea
0,Split,ban,TLN,Skye,0.75,150.0,12,17,5,-5,78.0,95.0,24.0,3.0,2.0,1.0,KRX,,13,TLN,,10,0,VCT Emea
0,Split,Crws,TLN,Astra,0.74,154.0,13,17,8,-4,65.0,106.0,20.0,1.0,3.0,-2.0,KRX,,13,TLN,,10,0,VCT Emea
0,Split,lenne,TLN,Sova,0.35,104.0,6,20,6,-14,61.0,90.0,14.0,1.0,2.0,-1.0,KRX,,13,TLN,,10,0,VCT Emea
2,Ascent,Foxy9,KRX,Kayo,1.5,225.0,19,9,6,10,90.0,137.0,47.0,3.0,2.0,1.0,KRX,,13,TLN,,8,1,VCT Emea
2,Ascent,BuZz,KRX,Jett,1.42,294.0,21,15,4,6,81.0,187.0,22.0,7.0,0.0,7.0,KRX,,13,TLN,,8,1,VCT Emea
2,Ascent,MaKo,KRX,Omen,1.22,159.0,10,8,14,2,90.0,122.0,36.0,1.0,0.0,1.0,KRX,,13,TLN,,8,1,VCT Emea
2,Ascent,Flashback,KRX,Killjoy,1.05,251.0,18,16,4,2,67.0,171.0,35.0,3.0,2.0,1.0,KRX,,13,TLN,,8,1,VCT Emea
2,Ascent,stax,KRX,Sova,0.73,86.0,7,10,6,-3,57.0,67.0,30.0,0.0,3.0,-3.0,KRX,,13,TLN,,8,1,VCT Emea
2,Ascent,JitBoyS,TLN,Killjoy,1.08,233.0,16,17,1,-1,62.0,147.0,55.0,2.0,2.0,0.0,KRX,,13,TLN,,8,0,VCT Emea
2,Ascent,Crws,TLN,Omen,0.88,151.0,11,13,5,-2,67.0,100.0,23.0,0.0,3.0,-3.0,KRX,,13,TLN,,8,0,VCT Emea
2,Ascent,ban,TLN,Kayo,0.84,126.0,8,12,11,-4,62.0,75.0,43.0,0.0,2.0,-2.0,KRX,,13,TLN,,8,0,VCT Emea
2,Ascent,lenne,TLN,Sova,0.67,129.0,8,16,8,-8,67.0,90.0,22.0,1.0,2.0,-1.0,KRX,,13,TLN,,8,0,VCT Emea
2,Ascent,Governor,TLN,Jett,0.65,175.0,15,17,1,-2,62.0,100.0,14.0,4.0,5.0,-1.0,KRX,,13,TLN,,8,0,VCT Emea
0,Breeze,JitBoyS,TLN,Viper,1.24,266.0,20,17,3,3,86.0,170.0,48.0,0.0,1.0,-1.0,TLN,,8,TS,,13,0,VCT Emea
0,Breeze,ban,TLN,Yoru,0.95,228.0,16,18,4,-2,62.0,137.0,28.0,5.0,4.0,1.0,TLN,,8,TS,,13,0,VCT Emea
0,Breeze,Governor,TLN,Neon,0.84,190.0,13,16,4,-3,48.0,121.0,18.0,1.0,6.0,-5.0,TLN,,8,TS,,13,0,VCT Emea
0,Breeze,lenne,TLN,Sova,0.44,128.0,8,20,6,-12,62.0,89.0,41.0,0.0,1.0,-1.0,TLN,,8,TS,,13,0,VCT Emea
0,Breeze,Crws,TLN,Harbor,0.23,75.0,5,18,4,-13,43.0,55.0,28.0,0.0,3.0,-3.0,TLN,,8,TS,,13,0,VCT Emea
0,Breeze,BORKUM,TS,Viper,1.65,308.0,24,13,12,11,86.0,188.0,31.0,5.0,2.0,3.0,TLN,,8,TS,,13,1,VCT Emea
0,Breeze,invy,TS,Kayo,1.24,236.0,19,13,12,6,76.0,159.0,22.0,4.0,1.0,3.0,TLN,,8,TS,,13,1,VCT Emea
0,Breeze,Jremy,TS,Jett,1.23,227.0,18,12,2,6,86.0,159.0,30.0,4.0,0.0,4.0,TLN,,8,TS,,13,1,VCT Emea
0,Breeze,JessieVash,TS,Sova,1.14,201.0,14,12,12,2,90.0,125.0,26.0,1.0,1.0,0.0,TLN,,8,TS,,13,1,VCT Emea
0,Breeze,NDG,TS,Cypher,1.13,185.0,14,12,6,2,95.0,130.0,28.0,1.0,2.0,-1.0,TLN,,8,TS,,13,1,VCT Emea
2,Ascent,JitBoyS,TLN,Killjoy,1.05,220.0,17,16,1,1,55.0,156.0,31.0,2.0,3.0,-1.0,TLN,,7,TS,,13,0,VCT Emea
2,Ascent,lenne,TLN,Sova,0.93,180.0,12,15,3,-3,70.0,121.0,12.0,1.0,2.0,-1.0,TLN,,7,TS,,13,0,VCT Emea
2,Ascent,Governor,TLN,Jett,0.71,188.0,11,17,5,-6,65.0,127.0,12.0,2.0,5.0,-3.0,TLN,,7,TS,,13,0,VCT Emea
2,Ascent,ban,TLN,Kayo,0.67,175.0,10,17,7,-7,75.0,123.0,16.0,2.0,2.0,0.0,TLN,,7,TS,,13,0,VCT Emea
2,Ascent,Crws,TLN,Omen,0.66,120.0,9,15,6,-6,70.0,76.0,31.0,1.0,0.0,1.0,TLN,,7,TS,,13,0,VCT Emea
2,Ascent,invy,TS,Kayo,1.81,315.0,28,11,3,17,90.0,221.0,31.0,1.0,0.0,1.0,TLN,,7,TS,,13,1,VCT Emea
2,Ascent,NDG,TS,Killjoy,1.16,222.0,13,12,10,1,100.0,170.0,13.0,1.0,1.0,0.0,TLN,,7,TS,,13,1,VCT Emea
2,Ascent,BORKUM,TS,Omen,1.12,158.0,10,12,23,-2,80.0,101.0,15.0,0.0,0.0,0.0,TLN,,7,TS,,13,1,VCT Emea
2,Ascent,Jremy,TS,Jett,1.1,213.0,16,13,3,3,70.0,118.0,35.0,6.0,4.0,2.0,TLN,,7,TS,,13,1,VCT Emea
2,Ascent,JessieVash,TS,Sova,1.07,185.0,13,11,7,2,75.0,125.0,20.0,4.0,3.0,1.0,TLN,,7,TS,,13,1,VCT Emea
0,Icebox,t3xture,GEN,Jett,1.69,377.0,33,16,1,17,79.0,245.0,31.0,7.0,2.0,5.0,GEN,,13,RRQ,,11,1,VCT Emea
0,Icebox,Meteor,GEN,Killjoy,1.3,238.0,21,14,1,7,75.0,150.0,32.0,3.0,2.0,1.0,GEN,,13,RRQ,,11,1,VCT Emea
0,Icebox,Munchkin,GEN,Kayo,1.02,185.0,15,17,16,-2,83.0,113.0,17.0,0.0,0.0,0.0,GEN,,13,RRQ,,11,1,VCT Emea
0,Icebox,Karon,GEN,Viper,0.81,136.0,11,17,6,-6,67.0,100.0,46.0,4.0,3.0,1.0,GEN,,13,RRQ,,11,1,VCT Emea
0,Icebox,Lakia,GEN,Gekko,0.36,89.0,7,18,4,-11,67.0,73.0,19.0,1.0,2.0,-1.0,GEN,,13,RRQ,,11,1,VCT Emea
0,Icebox,xffero,RRQ,Viper,1.28,269.0,22,17,12,5,79.0,176.0,28.0,1.0,2.0,-1.0,GEN,,13,RRQ,,11,0,VCT Emea
0,Icebox,Jemkin,RRQ,Jett,1.02,195.0,19,16,0,3,58.0,118.0,28.0,3.0,4.0,-1.0,GEN,,13,RRQ,,11,0,VCT Emea
0,Icebox,Lmemore,RRQ,Killjoy,0.87,219.0,18,20,2,-2,63.0,148.0,38.0,2.0,4.0,-2.0,GEN,,13,RRQ,,11,0,VCT Emea
0,Icebox,fl1pzjder,RRQ,Gekko,0.8,169.0,13,17,7,-4,71.0,109.0,38.0,2.0,4.0,-2.0,GEN,,13,RRQ,,11,0,VCT Emea
0,Icebox,Estrella,RRQ,Sova,0.75,115.0,10,17,5,-7,75.0,71.0,28.0,1.0,1.0,0.0,GEN,,13,RRQ,,11,0,VCT Emea
2,Split,Karon,GEN,Astra,1.18,223.0,19,17,9,2,83.0,131.0,46.0,3.0,1.0,2.0,GEN,,11,RRQ,,13,0,VCT Emea
2,Split,Meteor,GEN,Jett,1.17,257.0,24,17,3,7,75.0,146.0,20.0,7.0,3.0,4.0,GEN,,11,RRQ,,13,0,VCT Emea
2,Split,Lakia,GEN,Skye,1.03,180.0,14,16,15,-2,79.0,128.0,29.0,2.0,2.0,0.0,GEN,,11,RRQ,,13,0,VCT Emea
2,Split,Munchkin,GEN,Viper,0.95,205.0,16,18,13,-2,79.0,139.0,12.0,1.0,0.0,1.0,GEN,,11,RRQ,,13,0,VCT Emea
2,Split,t3xture,GEN,Raze,0.8,202.0,16,18,3,-2,63.0,140.0,22.0,2.0,3.0,-1.0,GEN,,11,RRQ,,13,0,VCT Emea
2,Split,fl1pzjder,RRQ,Viper,1.27,204.0,18,15,8,3,83.0,133.0,33.0,1.0,1.0,0.0,GEN,,11,RRQ,,13,1,VCT Emea
2,Split,Lmemore,RRQ,Cypher,1.15,205.0,20,15,2,5,71.0,132.0,33.0,4.0,5.0,-1.0,GEN,,11,RRQ,,13,1,VCT Emea
2,Split,Estrella,RRQ,Skye,1.14,207.0,18,16,9,2,67.0,149.0,33.0,0.0,3.0,-3.0,GEN,,11,RRQ,,13,1,VCT Emea
2,Split,xffero,RRQ,Astra,0.84,207.0,15,21,8,-6,67.0,133.0,20.0,3.0,1.0,2.0,GEN,,11,RRQ,,13,1,VCT Emea
2,Split,Jemkin,RRQ,Raze,0.63,191.0,15,22,5,-7,58.0,127.0,37.0,1.0,5.0,-4.0,GEN,,11,RRQ,,13,1,VCT Emea
3,Sunset,t3xture,GEN,Raze,1.64,357.0,27,15,6,12,81.0,235.0,21.0,7.0,2.0,5.0,GEN,,13,RRQ,,8,1,VCT Emea
3,Sunset,Lakia,GEN,Skye,1.28,240.0,17,15,13,2,81.0,159.0,30.0,2.0,1.0,1.0,GEN,,13,RRQ,,8,1,VCT Emea
3,Sunset,Munchkin,GEN,Viper,1.08,181.0,14,13,9,1,76.0,119.0,11.0,1.0,3.0,-2.0,GEN,,13,RRQ,,8,1,VCT Emea
3,Sunset,Meteor,GEN,Cypher,0.84,226.0,19,17,3,2,71.0,149.0,41.0,3.0,0.0,3.0,GEN,,13,RRQ,,8,1,VCT Emea
3,Sunset,Karon,GEN,Omen,0.37,81.0,5,16,7,-11,67.0,59.0,21.0,0.0,2.0,-2.0,GEN,,13,RRQ,,8,1,VCT Emea
3,Sunset,Estrella,RRQ,Fade,1.35,245.0,19,13,8,6,71.0,156.0,36.0,1.0,1.0,0.0,GEN,,13,RRQ,,8,0,VCT Emea
3,Sunset,Jemkin,RRQ,Raze,1.14,259.0,20,16,1,4,86.0,148.0,22.0,6.0,3.0,3.0,GEN,,13,RRQ,,8,0,VCT Emea
3,Sunset,xffero,RRQ,Harbor,0.93,175.0,15,16,9,-1,71.0,98.0,26.0,0.0,2.0,-2.0,GEN,,13,RRQ,,8,0,VCT Emea
3,Sunset,fl1pzjder,RRQ,Omen,0.67,185.0,12,20,10,-8,76.0,112.0,26.0,1.0,4.0,-3.0,GEN,,13,RRQ,,8,0,VCT Emea
3,Sunset,Lmemore,RRQ,Cypher,0.64,146.0,10,17,3,-7,52.0,104.0,43.0,0.0,3.0,-3.0,GEN,,13,RRQ,,8,0,VCT Emea
0,Breeze,t3xture,GEN,Jett,1.48,319.0,28,17,3,11,74.0,201.0,40.0,4.0,2.0,2.0,GEN,,13,PRX,,10,1,VCT Emea
0,Breeze,Karon,GEN,Astra,1.34,226.0,20,15,7,5,78.0,134.0,44.0,1.0,0.0,1.0,GEN,,13,PRX,,10,1,VCT Emea
0,Breeze,Munchkin,GEN,Viper,1.02,180.0,14,15,8,-1,52.0,130.0,19.0,0.0,3.0,-3.0,GEN,,13,PRX,,10,1,VCT Emea
0,Breeze,Meteor,GEN,Cypher,0.94,217.0,18,18,3,0,65.0,143.0,24.0,3.0,1.0,2.0,GEN,,13,PRX,,10,1,VCT Emea
0,Breeze,Lakia,GEN,Skye,0.44,130.0,9,20,9,-11,65.0,88.0,20.0,4.0,5.0,-1.0,GEN,,13,PRX,,10,1,VCT Emea
0,Breeze,d4v41,PRX,Viper,1.31,224.0,21,15,1,6,57.0,167.0,43.0,1.0,3.0,-2.0,GEN,,13,PRX,,10,0,VCT Emea
0,Breeze,something,PRX,Yoru,0.99,233.0,18,18,6,0,78.0,174.0,19.0,4.0,2.0,2.0,GEN,,13,PRX,,10,0,VCT Emea
0,Breeze,f0rsakeN,PRX,Harbor,0.89,203.0,17,18,8,-1,78.0,142.0,46.0,2.0,2.0,0.0,GEN,,13,PRX,,10,0,VCT Emea
0,Breeze,mindfreak,PRX,Sova,0.86,203.0,14,19,10,-5,78.0,143.0,17.0,1.0,0.0,1.0,GEN,,13,PRX,,10,0,VCT Emea
0,Breeze,Monyet,PRX,Omen,0.71,166.0,15,19,6,-4,70.0,103.0,27.0,3.0,5.0,-2.0,GEN,,13,PRX,,10,0,VCT Emea
2,Lotus,Meteor,GEN,Killjoy,1.35,269.0,22,15,3,7,83.0,190.0,40.0,5.0,1.0,4.0,GEN,,10,PRX,,13,0,VCT Emea
2,Lotus,t3xture,GEN,Raze,1.31,258.0,23,17,6,6,83.0,162.0,19.0,5.0,2.0,3.0,GEN,,10,PRX,,13,0,VCT Emea
2,Lotus,Karon,GEN,Omen,0.9,197.0,16,16,9,0,70.0,123.0,31.0,2.0,2.0,0.0,GEN,,10,PRX,,13,0,VCT Emea
2,Lotus,Lakia,GEN,Fade,0.72,142.0,10,16,9,-6,65.0,95.0,18.0,0.0,0.0,0.0,GEN,,10,PRX,,13,0,VCT Emea
2,Lotus,Munchkin,GEN,Viper,0.72,169.0,14,18,7,-4,65.0,116.0,32.0,2.0,4.0,-2.0,GEN,,10,PRX,,13,0,VCT Emea
2,Lotus,something,PRX,Jett,1.42,282.0,23,17,6,6,83.0,180.0,16.0,4.0,5.0,-1.0,GEN,,10,PRX,,13,1,VCT Emea
2,Lotus,Monyet,PRX,Raze,1.26,255.0,20,18,8,2,91.0,187.0,23.0,1.0,1.0,0.0,GEN,,10,PRX,,13,1,VCT Emea
2,Lotus,d4v41,PRX,Skye,1.2,220.0,16,15,12,1,74.0,154.0,30.0,1.0,2.0,-1.0,GEN,,10,PRX,,13,1,VCT Emea
2,Lotus,f0rsakeN,PRX,Cypher,0.75,174.0,15,18,4,-3,57.0,113.0,25.0,2.0,4.0,-2.0,GEN,,10,PRX,,13,1,VCT Emea
2,Lotus,mindfreak,PRX,Omen,0.55,86.0,8,17,5,-9,43.0,61.0,21.0,1.0,2.0,-1.0,GEN,,10,PRX,,13,1,VCT Emea
3,Sunset,Lakia,GEN,Skye,1.19,265.0,19,17,4,2,65.0,159.0,44.0,1.0,2.0,-1.0,GEN,,7,PRX,,13,0,VCT Emea
3,Sunset,Karon,GEN,Omen,1.09,233.0,17,17,8,0,80.0,153.0,35.0,1.0,1.0,0.0,GEN,,7,PRX,,13,0,VCT Emea
3,Sunset,t3xture,GEN,Raze,0.73,203.0,14,17,2,-3,60.0,132.0,26.0,2.0,7.0,-5.0,GEN,,7,PRX,,13,0,VCT Emea
3,Sunset,Meteor,GEN,Cypher,0.34,79.0,5,17,2,-12,50.0,61.0,19.0,0.0,1.0,-1.0,GEN,,7,PRX,,13,0,VCT Emea
3,Sunset,Munchkin,GEN,Viper,0.21,97.0,6,18,2,-12,30.0,57.0,19.0,0.0,5.0,-5.0,GEN,,7,PRX,,13,0,VCT Emea
3,Sunset,something,PRX,Gekko,1.77,284.0,19,9,9,10,90.0,181.0,22.0,5.0,0.0,5.0,GEN,,7,PRX,,13,1,VCT Emea
3,Sunset,f0rsakeN,PRX,Kayo,1.44,309.0,21,14,8,7,85.0,196.0,24.0,6.0,1.0,5.0,GEN,,7,PRX,,13,1,VCT Emea
3,Sunset,d4v41,PRX,Sage,1.26,246.0,19,11,4,8,75.0,181.0,31.0,1.0,0.0,1.0,GEN,,7,PRX,,13,1,VCT Emea
3,Sunset,Monyet,PRX,Omen,1.12,196.0,15,14,7,1,80.0,125.0,33.0,3.0,2.0,1.0,GEN,,7,PRX,,13,1,VCT Emea
3,Sunset,mindfreak,PRX,Viper,0.81,158.0,12,13,2,-1,70.0,119.0,41.0,1.0,1.0,0.0,GEN,,7,PRX,,13,1,VCT Emea
0,Lotus,Meteor,GEN,Killjoy,1.33,246.0,18,10,6,8,85.0,163.0,26.0,2.0,1.0,1.0,GEN,,13,RRQ,,7,1,VCT Emea
0,Lotus,Karon,GEN,Omen,1.27,206.0,15,11,7,4,65.0,138.0,50.0,2.0,3.0,-1.0,GEN,,13,RRQ,,7,1,VCT Emea
0,Lotus,t3xture,GEN,Raze,1.16,222.0,18,13,1,5,75.0,137.0,25.0,4.0,2.0,2.0,GEN,,13,RRQ,,7,1,VCT Emea
0,Lotus,Lakia,GEN,Fade,0.89,171.0,12,14,4,-2,90.0,113.0,29.0,1.0,3.0,-2.0,GEN,,13,RRQ,,7,1,VCT Emea
0,Lotus,Munchkin,GEN,Viper,0.85,177.0,12,13,6,-1,80.0,118.0,13.0,1.0,1.0,0.0,GEN,,13,RRQ,,7,1,VCT Emea
0,Lotus,Jemkin,RRQ,Raze,1.15,258.0,17,15,5,2,65.0,173.0,23.0,5.0,0.0,5.0,GEN,,13,RRQ,,7,0,VCT Emea
0,Lotus,xffero,RRQ,Omen,0.84,157.0,12,15,7,-3,70.0,106.0,40.0,0.0,2.0,-2.0,GEN,,13,RRQ,,7,0,VCT Emea
0,Lotus,fl1pzjder,RRQ,Viper,0.83,153.0,11,12,4,-1,60.0,89.0,26.0,1.0,1.0,0.0,GEN,,13,RRQ,,7,0,VCT Emea
0,Lotus,Lmemore,RRQ,Chamber,0.73,172.0,12,16,2,-4,65.0,112.0,18.0,2.0,4.0,-2.0,GEN,,13,RRQ,,7,0,VCT Emea
0,Lotus,Estrella,RRQ,Fade,0.68,152.0,9,17,11,-8,65.0,94.0,24.0,2.0,3.0,-1.0,GEN,,13,RRQ,,7,0,VCT Emea
2,Breeze,t3xture,GEN,Jett,1.32,266.0,23,16,0,7,70.0,172.0,31.0,4.0,2.0,2.0,GEN,,10,RRQ,,13,0,VCT Emea
2,Breeze,Meteor,GEN,Cypher,0.97,197.0,17,17,2,0,65.0,127.0,23.0,1.0,3.0,-2.0,GEN,,10,RRQ,,13,0,VCT Emea
2,Breeze,Karon,GEN,Astra,0.87,163.0,12,16,8,-4,74.0,111.0,24.0,2.0,1.0,1.0,GEN,,10,RRQ,,13,0,VCT Emea
2,Breeze,Lakia,GEN,Skye,0.79,168.0,12,16,5,-4,65.0,130.0,38.0,2.0,4.0,-2.0,GEN,,10,RRQ,,13,0,VCT Emea
2,Breeze,Munchkin,GEN,Viper,0.73,148.0,11,16,9,-5,70.0,111.0,39.0,1.0,3.0,-2.0,GEN,,10,RRQ,,13,0,VCT Emea
2,Breeze,Jemkin,RRQ,Jett,1.38,253.0,22,13,3,9,74.0,160.0,33.0,1.0,2.0,-1.0,GEN,,10,RRQ,,13,1,VCT Emea
2,Breeze,xffero,RRQ,Viper,1.37,233.0,19,13,7,6,78.0,156.0,49.0,4.0,2.0,2.0,GEN,,10,RRQ,,13,1,VCT Emea
2,Breeze,Estrella,RRQ,Sova,1.13,216.0,17,13,2,4,74.0,138.0,27.0,2.0,1.0,1.0,GEN,,10,RRQ,,13,1,VCT Emea
2,Breeze,Lmemore,RRQ,Cypher,0.7,155.0,13,18,4,-5,70.0,105.0,35.0,4.0,3.0,1.0,GEN,,10,RRQ,,13,1,VCT Emea
2,Breeze,fl1pzjder,RRQ,Yoru,0.53,111.0,10,18,5,-8,65.0,64.0,19.0,2.0,2.0,0.0,GEN,,10,RRQ,,13,1,VCT Emea
3,Icebox,t3xture,GEN,Jett,1.3,277.0,25,16,1,9,71.0,171.0,24.0,4.0,3.0,1.0,GEN,,13,RRQ,,11,1,VCT Emea
3,Icebox,Karon,GEN,Viper,1.2,190.0,15,14,15,1,79.0,121.0,33.0,3.0,1.0,2.0,GEN,,13,RRQ,,11,1,VCT Emea
3,Icebox,Lakia,GEN,Gekko,1.19,217.0,19,14,12,5,83.0,132.0,29.0,4.0,0.0,4.0,GEN,,13,RRQ,,11,1,VCT Emea
3,Icebox,Meteor,GEN,Killjoy,1.03,226.0,20,17,3,3,92.0,151.0,37.0,2.0,2.0,0.0,GEN,,13,RRQ,,11,1,VCT Emea
3,Icebox,Munchkin,GEN,Kayo,0.79,148.0,13,16,13,-3,71.0,88.0,13.0,2.0,3.0,-1.0,GEN,,13,RRQ,,11,1,VCT Emea
3,Icebox,Jemkin,RRQ,Jett,1.29,262.0,25,19,3,6,67.0,158.0,36.0,2.0,2.0,0.0,GEN,,13,RRQ,,11,0,VCT Emea
3,Icebox,fl1pzjder,RRQ,Gekko,0.9,165.0,13,17,4,-4,58.0,110.0,19.0,1.0,1.0,0.0,GEN,,13,RRQ,,11,0,VCT Emea
3,Icebox,xffero,RRQ,Viper,0.8,161.0,13,18,7,-5,67.0,98.0,29.0,3.0,2.0,1.0,GEN,,13,RRQ,,11,0,VCT Emea
3,Icebox,Lmemore,RRQ,Killjoy,0.72,210.0,16,21,5,-5,63.0,137.0,29.0,2.0,8.0,-6.0,GEN,,13,RRQ,,11,0,VCT Emea
3,Icebox,Estrella,RRQ,Sova,0.71,123.0,10,17,6,-7,50.0,80.0,26.0,1.0,2.0,-1.0,GEN,,13,RRQ,,11,0,VCT Emea
0,Breeze,Jremy,TS,Jett,1.54,327.0,22,12,5,10,83.0,196.0,29.0,7.0,2.0,5.0,TS,,13,GEN,,5,1,VCT Emea
0,Breeze,invy,TS,Kayo,1.53,251.0,17,7,6,10,72.0,170.0,35.0,3.0,1.0,2.0,TS,,13,GEN,,5,1,VCT Emea
0,Breeze,JessieVash,TS,Sova,1.22,255.0,18,11,6,7,83.0,178.0,45.0,1.0,0.0,1.0,TS,,13,GEN,,5,1,VCT Emea
0,Breeze,NDG,TS,Cypher,1.13,192.0,11,9,7,2,78.0,129.0,13.0,2.0,1.0,1.0,TS,,13,GEN,,5,1,VCT Emea
0,Breeze,BORKUM,TS,Viper,0.92,140.0,9,8,6,1,72.0,82.0,13.0,0.0,1.0,-1.0,TS,,13,GEN,,5,1,VCT Emea
0,Breeze,Munchkin,GEN,Viper,1.08,185.0,12,13,4,-1,56.0,106.0,29.0,0.0,1.0,-1.0,TS,,13,GEN,,5,0,VCT Emea
0,Breeze,Karon,GEN,Astra,0.73,177.0,10,17,7,-7,56.0,104.0,24.0,3.0,1.0,2.0,TS,,13,GEN,,5,0,VCT Emea
0,Breeze,Lakia,GEN,Skye,0.66,158.0,8,15,5,-7,61.0,109.0,38.0,1.0,4.0,-3.0,TS,,13,GEN,,5,0,VCT Emea
0,Breeze,Meteor,GEN,Cypher,0.6,145.0,9,16,1,-7,44.0,94.0,23.0,1.0,4.0,-3.0,TS,,13,GEN,,5,0,VCT Emea
0,Breeze,t3xture,GEN,Jett,0.58,147.0,8,16,3,-8,50.0,100.0,50.0,0.0,3.0,-3.0,TS,,13,GEN,,5,0,VCT Emea
2,Lotus,invy,TS,Viper,1.38,231.0,18,13,6,5,77.0,164.0,38.0,0.0,1.0,-1.0,TS,,9,GEN,,13,0,VCT Emea
2,Lotus,Jremy,TS,Raze,1.21,264.0,19,16,4,3,68.0,169.0,22.0,7.0,5.0,2.0,TS,,9,GEN,,13,0,VCT Emea
2,Lotus,JessieVash,TS,Skye,1.11,213.0,16,13,10,3,77.0,141.0,22.0,0.0,2.0,-2.0,TS,,9,GEN,,13,0,VCT Emea
2,Lotus,NDG,TS,Killjoy,0.91,141.0,11,12,4,-1,73.0,106.0,23.0,0.0,3.0,-3.0,TS,,9,GEN,,13,0,VCT Emea
2,Lotus,BORKUM,TS,Omen,0.61,136.0,10,15,8,-5,55.0,73.0,16.0,3.0,1.0,2.0,TS,,9,GEN,,13,0,VCT Emea
2,Lotus,Meteor,GEN,Killjoy,1.52,297.0,23,13,1,10,64.0,192.0,29.0,6.0,0.0,6.0,TS,,9,GEN,,13,1,VCT Emea
2,Lotus,t3xture,GEN,Raze,0.96,223.0,16,16,2,0,68.0,155.0,35.0,4.0,4.0,0.0,TS,,9,GEN,,13,1,VCT Emea
2,Lotus,Munchkin,GEN,Viper,0.83,149.0,11,15,8,-4,68.0,101.0,18.0,0.0,3.0,-3.0,TS,,9,GEN,,13,1,VCT Emea
2,Lotus,Karon,GEN,Omen,0.74,139.0,9,15,12,-6,77.0,87.0,48.0,2.0,1.0,1.0,TS,,9,GEN,,13,1,VCT Emea
2,Lotus,Lakia,GEN,Fade,0.7,139.0,10,15,4,-5,64.0,84.0,21.0,0.0,2.0,-2.0,TS,,9,GEN,,13,1,VCT Emea
3,Icebox,BORKUM,TS,Viper,1.21,218.0,22,20,8,2,71.0,154.0,23.0,5.0,2.0,3.0,TS,,13,GEN,,15,0,VCT Emea
3,Icebox,invy,TS,Sage,1.15,228.0,24,21,8,3,75.0,156.0,37.0,1.0,3.0,-2.0,TS,,13,GEN,,15,0,VCT Emea
3,Icebox,NDG,TS,Killjoy,1.12,216.0,23,19,2,4,75.0,149.0,17.0,1.0,3.0,-2.0,TS,,13,GEN,,15,0,VCT Emea
3,Icebox,Jremy,TS,Jett,0.78,187.0,16,23,7,-7,75.0,130.0,23.0,4.0,6.0,-2.0,TS,,13,GEN,,15,0,VCT Emea
3,Icebox,JessieVash,TS,Sova,0.66,120.0,9,17,9,-8,61.0,87.0,11.0,2.0,1.0,1.0,TS,,13,GEN,,15,0,VCT Emea
3,Icebox,Munchkin,GEN,Kayo,1.49,297.0,27,18,12,9,75.0,193.0,22.0,5.0,3.0,2.0,TS,,13,GEN,,15,1,VCT Emea
3,Icebox,Karon,GEN,Viper,1.26,239.0,23,16,8,7,79.0,154.0,43.0,4.0,0.0,4.0,TS,,13,GEN,,15,1,VCT Emea
3,Icebox,Meteor,GEN,Killjoy,1.0,230.0,22,21,4,1,71.0,161.0,37.0,1.0,2.0,-1.0,TS,,13,GEN,,15,1,VCT Emea
3,Icebox,t3xture,GEN,Jett,0.79,166.0,17,19,6,-2,71.0,115.0,16.0,4.0,6.0,-2.0,TS,,13,GEN,,15,1,VCT Emea
3,Icebox,Lakia,GEN,Gekko,0.61,122.0,11,20,10,-9,71.0,77.0,26.0,1.0,2.0,-1.0,TS,,13,GEN,,15,1,VCT Emea
0,Icebox,Dep,ZETA,Jett,1.31,326.0,15,13,0,2,64.0,210.0,30.0,2.0,4.0,-2.0,ZETA,,1,TS,,13,0,VCT Emea
0,Icebox,yuran,ZETA,Viper,0.72,187.0,7,12,8,-5,86.0,122.0,12.0,1.0,0.0,1.0,ZETA,,1,TS,,13,0,VCT Emea
0,Icebox,SugarZ3ro,ZETA,Harbor,0.49,134.0,6,13,4,-7,57.0,98.0,19.0,0.0,3.0,-3.0,ZETA,,1,TS,,13,0,VCT Emea
0,Icebox,Laz,ZETA,Killjoy,0.37,118.0,6,13,0,-7,50.0,73.0,21.0,2.0,2.0,0.0,ZETA,,1,TS,,13,0,VCT Emea
0,Icebox,hiroronn,ZETA,Sova,0.3,112.0,4,14,1,-10,43.0,87.0,20.0,0.0,0.0,0.0,ZETA,,1,TS,,13,0,VCT Emea
0,Icebox,Jremy,TS,Jett,1.67,380.0,19,10,4,9,79.0,253.0,30.0,5.0,1.0,4.0,ZETA,,1,TS,,13,1,VCT Emea
0,Icebox,invy,TS,Sage,1.38,182.0,10,6,8,4,79.0,121.0,25.0,0.0,1.0,-1.0,ZETA,,1,TS,,13,1,VCT Emea
0,Icebox,BORKUM,TS,Viper,1.35,253.0,13,8,9,5,93.0,138.0,10.0,2.0,0.0,2.0,ZETA,,1,TS,,13,1,VCT Emea
0,Icebox,JessieVash,TS,Sova,1.3,212.0,11,7,7,4,86.0,138.0,41.0,2.0,2.0,0.0,ZETA,,1,TS,,13,1,VCT Emea
0,Icebox,NDG,TS,Killjoy,1.27,208.0,12,7,1,5,86.0,142.0,23.0,0.0,1.0,-1.0,ZETA,,1,TS,,13,1,VCT Emea
2,Ascent,SugarZ3ro,ZETA,Omen,1.09,237.0,17,16,10,1,71.0,143.0,29.0,1.0,0.0,1.0,ZETA,,8,TS,,13,0,VCT Emea
2,Ascent,hiroronn,ZETA,Kayo,0.89,211.0,16,19,11,-3,76.0,112.0,28.0,2.0,4.0,-2.0,ZETA,,8,TS,,13,0,VCT Emea
2,Ascent,Laz,ZETA,Killjoy,0.78,157.0,10,16,6,-6,62.0,116.0,21.0,1.0,2.0,-1.0,ZETA,,8,TS,,13,0,VCT Emea
2,Ascent,yuran,ZETA,Sova,0.76,180.0,12,17,7,-5,71.0,132.0,31.0,0.0,4.0,-4.0,ZETA,,8,TS,,13,0,VCT Emea
2,Ascent,Dep,ZETA,Jett,0.68,187.0,14,18,2,-4,62.0,115.0,17.0,4.0,3.0,1.0,ZETA,,8,TS,,13,0,VCT Emea
2,Ascent,invy,TS,Kayo,1.5,274.0,21,14,15,7,90.0,178.0,37.0,3.0,0.0,3.0,ZETA,,8,TS,,13,1,VCT Emea
2,Ascent,JessieVash,TS,Sova,1.32,207.0,15,11,11,4,95.0,145.0,19.0,0.0,2.0,-2.0,ZETA,,8,TS,,13,1,VCT Emea
2,Ascent,NDG,TS,Killjoy,1.32,207.0,17,11,2,6,76.0,138.0,26.0,1.0,0.0,1.0,ZETA,,8,TS,,13,1,VCT Emea
2,Ascent,Jremy,TS,Jett,1.0,255.0,18,18,6,0,86.0,170.0,25.0,8.0,4.0,4.0,ZETA,,8,TS,,13,1,VCT Emea
2,Ascent,BORKUM,TS,Omen,0.93,203.0,15,15,12,0,81.0,120.0,20.0,1.0,2.0,-1.0,ZETA,,8,TS,,13,1,VCT Emea
0,Icebox,Meteor,GEN,Killjoy,1.6,290.0,21,10,2,11,74.0,189.0,30.0,2.0,3.0,-1.0,GEN,,13,ZETA,,6,1,VCT Emea
0,Icebox,Karon,GEN,Viper,1.45,224.0,14,9,8,5,79.0,166.0,45.0,2.0,0.0,2.0,GEN,,13,ZETA,,6,1,VCT Emea
0,Icebox,t3xture,GEN,Jett,1.31,283.0,19,12,2,7,84.0,172.0,51.0,5.0,0.0,5.0,GEN,,13,ZETA,,6,1,VCT Emea
0,Icebox,Lakia,GEN,Gekko,1.25,238.0,19,11,3,8,74.0,173.0,44.0,0.0,2.0,-2.0,GEN,,13,ZETA,,6,1,VCT Emea
0,Icebox,Munchkin,GEN,Kayo,0.82,163.0,11,12,10,-1,84.0,102.0,22.0,2.0,3.0,-1.0,GEN,,13,ZETA,,6,1,VCT Emea
0,Icebox,Laz,ZETA,Killjoy,0.89,212.0,14,17,0,-3,63.0,125.0,19.0,3.0,1.0,2.0,GEN,,13,ZETA,,6,0,VCT Emea
0,Icebox,yuran,ZETA,Viper,0.86,213.0,13,17,5,-4,63.0,146.0,31.0,2.0,4.0,-2.0,GEN,,13,ZETA,,6,0,VCT Emea
0,Icebox,hiroronn,ZETA,Sova,0.7,174.0,11,17,3,-6,58.0,116.0,27.0,0.0,1.0,-1.0,GEN,,13,ZETA,,6,0,VCT Emea
0,Icebox,Dep,ZETA,Jett,0.47,162.0,11,18,1,-7,53.0,105.0,55.0,3.0,4.0,-1.0,GEN,,13,ZETA,,6,0,VCT Emea
0,Icebox,SugarZ3ro,ZETA,Harbor,0.43,83.0,5,15,5,-10,58.0,46.0,36.0,0.0,1.0,-1.0,GEN,,13,ZETA,,6,0,VCT Emea
2,Ascent,Karon,GEN,Omen,1.73,247.0,16,6,14,10,94.0,185.0,38.0,0.0,1.0,-1.0,GEN,,13,ZETA,,4,1,VCT Emea
2,Ascent,Meteor,GEN,Killjoy,1.48,311.0,20,11,2,9,82.0,186.0,14.0,1.0,3.0,-2.0,GEN,,13,ZETA,,4,1,VCT Emea
2,Ascent,Lakia,GEN,Sova,1.18,197.0,11,10,9,1,76.0,124.0,12.0,3.0,0.0,3.0,GEN,,13,ZETA,,4,1,VCT Emea
2,Ascent,t3xture,GEN,Jett,1.17,195.0,11,11,5,0,65.0,135.0,38.0,2.0,2.0,0.0,GEN,,13,ZETA,,4,1,VCT Emea
2,Ascent,Munchkin,GEN,Kayo,0.99,185.0,12,10,8,2,76.0,122.0,25.0,3.0,2.0,1.0,GEN,,13,ZETA,,4,1,VCT Emea
2,Ascent,Laz,ZETA,Killjoy,1.05,207.0,14,12,1,2,65.0,151.0,44.0,2.0,1.0,1.0,GEN,,13,ZETA,,4,0,VCT Emea
2,Ascent,SugarZ3ro,ZETA,Omen,0.95,218.0,12,15,5,-3,65.0,147.0,24.0,0.0,1.0,-1.0,GEN,,13,ZETA,,4,0,VCT Emea
2,Ascent,hiroronn,ZETA,Kayo,0.8,175.0,9,14,8,-5,76.0,125.0,27.0,3.0,1.0,2.0,GEN,,13,ZETA,,4,0,VCT Emea
2,Ascent,Dep,ZETA,Jett,0.63,169.0,10,14,3,-4,47.0,96.0,38.0,2.0,6.0,-4.0,GEN,,13,ZETA,,4,0,VCT Emea
2,Ascent,yuran,ZETA,Sova,0.27,64.0,3,15,4,-12,65.0,39.0,13.0,1.0,0.0,1.0,GEN,,13,ZETA,,4,0,VCT Emea
0,Split,Rossy,T1,Viper,1.2,221.0,23,19,8,4,90.0,136.0,23.0,2.0,1.0,1.0,T1,,14,PRX,,16,0,VCT Emea
0,Split,Sayaplayer,T1,Jett,1.11,238.0,26,20,1,6,77.0,135.0,15.0,8.0,4.0,4.0,T1,,14,PRX,,16,0,VCT Emea
0,Split,iZu,T1,Raze,1.1,255.0,27,24,2,3,70.0,170.0,33.0,6.0,4.0,2.0,T1,,14,PRX,,16,0,VCT Emea
0,Split,xccurate,T1,Astra,0.77,176.0,18,24,8,-6,77.0,118.0,30.0,2.0,0.0,2.0,T1,,14,PRX,,16,0,VCT Emea
0,Split,carpe,T1,Skye,0.46,129.0,14,25,5,-11,70.0,89.0,26.0,1.0,2.0,-1.0,T1,,14,PRX,,16,0,VCT Emea
0,Split,mindfreak,PRX,Omen,1.41,246.0,29,18,6,11,77.0,156.0,27.0,1.0,0.0,1.0,T1,,14,PRX,,16,1,VCT Emea
0,Split,f0rsakeN,PRX,Yoru,1.26,297.0,33,24,5,9,83.0,186.0,42.0,3.0,7.0,-4.0,T1,,14,PRX,,16,1,VCT Emea
0,Split,d4v41,PRX,Viper,1.05,188.0,16,20,19,-4,73.0,133.0,25.0,2.0,1.0,1.0,T1,,14,PRX,,16,1,VCT Emea
0,Split,something,PRX,Jett,0.81,165.0,19,21,3,-2,70.0,99.0,19.0,2.0,6.0,-4.0,T1,,14,PRX,,16,1,VCT Emea
0,Split,Monyet,PRX,Raze,0.69,156.0,15,25,8,-10,57.0,115.0,15.0,3.0,5.0,-2.0,T1,,14,PRX,,16,1,VCT Emea
2,Ascent,xccurate,T1,Cypher,1.31,228.0,17,12,6,5,74.0,163.0,35.0,0.0,0.0,0.0,T1,,6,PRX,,13,0,VCT Emea
2,Ascent,Rossy,T1,Viper,1.08,233.0,14,14,7,0,79.0,146.0,25.0,2.0,2.0,0.0,T1,,6,PRX,,13,0,VCT Emea
2,Ascent,Sayaplayer,T1,Jett,0.88,193.0,13,14,2,-1,68.0,105.0,17.0,6.0,1.0,5.0,T1,,6,PRX,,13,0,VCT Emea
2,Ascent,iZu,T1,Omen,0.76,161.0,10,12,11,-2,68.0,104.0,31.0,0.0,1.0,-1.0,T1,,6,PRX,,13,0,VCT Emea
2,Ascent,carpe,T1,Fade,0.41,110.0,5,16,6,-11,58.0,77.0,17.0,2.0,5.0,-3.0,T1,,6,PRX,,13,0,VCT Emea
2,Ascent,f0rsakeN,PRX,Fade,1.56,286.0,21,11,11,10,95.0,153.0,23.0,3.0,1.0,2.0,T1,,6,PRX,,13,1,VCT Emea
2,Ascent,something,PRX,Gekko,1.39,205.0,16,9,6,7,84.0,116.0,29.0,2.0,2.0,0.0,T1,,6,PRX,,13,1,VCT Emea
2,Ascent,mindfreak,PRX,Viper,1.19,148.0,11,9,6,2,68.0,108.0,23.0,0.0,1.0,-1.0,T1,,6,PRX,,13,1,VCT Emea
2,Ascent,d4v41,PRX,Omen,0.97,197.0,12,13,14,-1,89.0,120.0,26.0,0.0,3.0,-3.0,T1,,6,PRX,,13,1,VCT Emea
2,Ascent,Monyet,PRX,Raze,0.52,163.0,8,17,10,-9,74.0,115.0,15.0,4.0,3.0,1.0,T1,,6,PRX,,13,1,VCT Emea
0,Bind,Flashback,KRX,Cypher,1.08,199.0,21,19,4,2,65.0,133.0,28.0,3.0,4.0,-1.0,KRX,,12,GEN,,14,0,VCT Emea
0,Bind,MaKo,KRX,Brimstone,1.03,202.0,16,20,18,-4,81.0,134.0,17.0,1.0,2.0,-1.0,KRX,,12,GEN,,14,0,VCT Emea
0,Bind,BuZz,KRX,Yoru,0.99,246.0,22,22,10,0,69.0,150.0,26.0,2.0,1.0,1.0,KRX,,12,GEN,,14,0,VCT Emea
0,Bind,stax,KRX,Gekko,0.8,149.0,12,19,14,-7,77.0,106.0,26.0,3.0,0.0,3.0,KRX,,12,GEN,,14,0,VCT Emea
0,Bind,Foxy9,KRX,Viper,0.63,159.0,14,22,6,-8,50.0,101.0,38.0,4.0,6.0,-2.0,KRX,,12,GEN,,14,0,VCT Emea
0,Bind,Karon,GEN,Brimstone,1.55,250.0,23,14,10,9,85.0,180.0,23.0,0.0,1.0,-1.0,KRX,,12,GEN,,14,1,VCT Emea
0,Bind,t3xture,GEN,Raze,1.45,297.0,28,18,5,10,85.0,191.0,30.0,4.0,2.0,2.0,KRX,,12,GEN,,14,1,VCT Emea
0,Bind,Munchkin,GEN,Viper,1.21,221.0,20,14,10,6,81.0,145.0,15.0,6.0,2.0,4.0,KRX,,12,GEN,,14,1,VCT Emea
0,Bind,Meteor,GEN,Cypher,0.82,176.0,18,21,5,-3,69.0,115.0,34.0,2.0,2.0,0.0,KRX,,12,GEN,,14,1,VCT Emea
0,Bind,Lakia,GEN,Skye,0.73,146.0,13,18,11,-5,85.0,100.0,15.0,1.0,6.0,-5.0,KRX,,12,GEN,,14,1,VCT Emea
2,Lotus,MaKo,KRX,Omen,1.35,270.0,21,16,4,5,81.0,177.0,42.0,5.0,0.0,5.0,KRX,,8,GEN,,13,0,VCT Emea
2,Lotus,stax,KRX,Fade,1.16,206.0,17,14,5,3,71.0,138.0,38.0,1.0,0.0,1.0,KRX,,8,GEN,,13,0,VCT Emea
2,Lotus,Foxy9,KRX,Viper,0.86,153.0,10,14,9,-4,76.0,104.0,28.0,2.0,1.0,1.0,KRX,,8,GEN,,13,0,VCT Emea
2,Lotus,Flashback,KRX,Cypher,0.73,150.0,11,14,5,-3,62.0,106.0,35.0,1.0,3.0,-2.0,KRX,,8,GEN,,13,0,VCT Emea
2,Lotus,BuZz,KRX,Raze,0.69,184.0,12,20,3,-8,71.0,105.0,9.0,5.0,3.0,2.0,KRX,,8,GEN,,13,0,VCT Emea
2,Lotus,Meteor,GEN,Killjoy,1.19,216.0,17,13,3,4,67.0,151.0,33.0,1.0,1.0,0.0,KRX,,8,GEN,,13,1,VCT Emea
2,Lotus,Karon,GEN,Omen,1.18,198.0,15,13,8,2,81.0,134.0,39.0,0.0,0.0,0.0,KRX,,8,GEN,,13,1,VCT Emea
2,Lotus,Munchkin,GEN,Viper,1.04,191.0,14,13,7,1,81.0,137.0,26.0,5.0,2.0,3.0,KRX,,8,GEN,,13,1,VCT Emea
2,Lotus,t3xture,GEN,Raze,0.91,229.0,17,16,6,1,81.0,154.0,28.0,1.0,9.0,-8.0,KRX,,8,GEN,,13,1,VCT Emea
2,Lotus,Lakia,GEN,Fade,0.88,172.0,15,16,3,-1,67.0,116.0,32.0,0.0,2.0,-2.0,KRX,,8,GEN,,13,1,VCT Emea
0,Ascent,mindfreak,PRX,Viper,1.16,236.0,14,14,1,0,61.0,166.0,29.0,1.0,1.0,0.0,PRX,,5,GEN,,13,0,VCT Emea
0,Ascent,something,PRX,Gekko,0.97,213.0,12,16,7,-4,83.0,124.0,29.0,3.0,3.0,0.0,PRX,,5,GEN,,13,0,VCT Emea
0,Ascent,d4v41,PRX,Omen,0.86,137.0,7,14,10,-7,78.0,101.0,24.0,1.0,0.0,1.0,PRX,,5,GEN,,13,0,VCT Emea
0,Ascent,f0rsakeN,PRX,Fade,0.63,124.0,9,15,4,-6,61.0,64.0,33.0,1.0,2.0,-1.0,PRX,,5,GEN,,13,0,VCT Emea
0,Ascent,Monyet,PRX,Raze,0.5,164.0,11,16,3,-5,56.0,99.0,18.0,1.0,5.0,-4.0,PRX,,5,GEN,,13,0,VCT Emea
0,Ascent,t3xture,GEN,Jett,1.71,335.0,23,9,3,14,72.0,209.0,26.0,3.0,4.0,-1.0,PRX,,5,GEN,,13,1,VCT Emea
0,Ascent,Karon,GEN,Omen,1.52,224.0,17,7,4,10,78.0,164.0,52.0,1.0,1.0,0.0,PRX,,5,GEN,,13,1,VCT Emea
0,Ascent,Munchkin,GEN,Kayo,1.14,193.0,14,11,10,3,89.0,128.0,29.0,3.0,1.0,2.0,PRX,,5,GEN,,13,1,VCT Emea
0,Ascent,Meteor,GEN,Killjoy,0.9,227.0,12,13,4,-1,72.0,151.0,18.0,3.0,0.0,3.0,PRX,,5,GEN,,13,1,VCT Emea
0,Ascent,Lakia,GEN,Sova,0.67,154.0,9,13,6,-4,72.0,109.0,24.0,1.0,1.0,0.0,PRX,,5,GEN,,13,1,VCT Emea
2,Split,something,PRX,Jett,1.28,264.0,18,12,2,6,76.0,171.0,19.0,6.0,1.0,5.0,PRX,,13,GEN,,4,1,VCT Emea
2,Split,mindfreak,PRX,Omen,1.28,215.0,15,8,7,7,82.0,134.0,42.0,1.0,1.0,0.0,PRX,,13,GEN,,4,1,VCT Emea
2,Split,f0rsakeN,PRX,Yoru,1.22,242.0,15,11,3,4,71.0,147.0,14.0,3.0,1.0,2.0,PRX,,13,GEN,,4,1,VCT Emea
2,Split,Monyet,PRX,Raze,1.16,199.0,11,9,4,2,76.0,123.0,23.0,2.0,2.0,0.0,PRX,,13,GEN,,4,1,VCT Emea
2,Split,d4v41,PRX,Viper,0.9,198.0,12,13,8,-1,82.0,145.0,30.0,0.0,0.0,0.0,PRX,,13,GEN,,4,1,VCT Emea
2,Split,Karon,GEN,Astra,1.17,214.0,15,13,4,2,76.0,138.0,36.0,0.0,1.0,-1.0,PRX,,13,GEN,,4,0,VCT Emea
2,Split,Munchkin,GEN,Viper,0.94,190.0,10,13,4,-3,71.0,132.0,20.0,0.0,1.0,-1.0,PRX,,13,GEN,,4,0,VCT Emea
2,Split,t3xture,GEN,Raze,0.8,194.0,10,15,5,-5,65.0,130.0,19.0,3.0,2.0,1.0,PRX,,13,GEN,,4,0,VCT Emea
2,Split,Meteor,GEN,Jett,0.59,168.0,9,15,4,-6,65.0,135.0,28.0,0.0,4.0,-4.0,PRX,,13,GEN,,4,0,VCT Emea
2,Split,Lakia,GEN,Skye,0.58,157.0,9,15,4,-6,65.0,89.0,24.0,2.0,4.0,-2.0,PRX,,13,GEN,,4,0,VCT Emea
3,Lotus,d4v41,PRX,Skye,1.14,204.0,19,16,11,3,75.0,129.0,37.0,2.0,2.0,0.0,PRX,,11,GEN,,13,0,VCT Emea
3,Lotus,something,PRX,Reyna,1.1,253.0,20,21,6,-1,67.0,162.0,26.0,7.0,1.0,6.0,PRX,,11,GEN,,13,0,VCT Emea
3,Lotus,mindfreak,PRX,Omen,1.05,180.0,16,16,4,0,71.0,120.0,22.0,1.0,1.0,0.0,PRX,,11,GEN,,13,0,VCT Emea
3,Lotus,f0rsakeN,PRX,Cypher,0.76,166.0,12,16,6,-4,71.0,114.0,24.0,1.0,2.0,-1.0,PRX,,11,GEN,,13,0,VCT Emea
3,Lotus,Monyet,PRX,Raze,0.46,146.0,11,21,3,-10,63.0,107.0,12.0,2.0,5.0,-3.0,PRX,,11,GEN,,13,0,VCT Emea
3,Lotus,Munchkin,GEN,Viper,1.42,290.0,24,15,4,9,71.0,175.0,24.0,3.0,1.0,2.0,PRX,,11,GEN,,13,1,VCT Emea
3,Lotus,Karon,GEN,Omen,1.27,199.0,18,13,6,5,92.0,134.0,37.0,2.0,3.0,-1.0,PRX,,11,GEN,,13,1,VCT Emea
3,Lotus,Lakia,GEN,Fade,1.11,246.0,20,18,10,2,83.0,164.0,29.0,3.0,2.0,1.0,PRX,,11,GEN,,13,1,VCT Emea
3,Lotus,t3xture,GEN,Raze,0.86,174.0,16,16,2,0,75.0,115.0,42.0,0.0,3.0,-3.0,PRX,,11,GEN,,13,1,VCT Emea
3,Lotus,Meteor,GEN,Killjoy,0.84,155.0,12,16,6,-4,75.0,112.0,21.0,3.0,4.0,-1.0,PRX,,11,GEN,,13,1,VCT Emea
4,Bind,mindfreak,PRX,Brimstone,1.28,233.0,13,13,7,0,71.0,163.0,42.0,0.0,1.0,-1.0,PRX,,4,GEN,,13,0,VCT Emea
4,Bind,d4v41,PRX,Fade,0.78,149.0,8,14,6,-6,59.0,103.0,30.0,1.0,2.0,-1.0,PRX,,4,GEN,,13,0,VCT Emea
4,Bind,something,PRX,Gekko,0.68,123.0,8,14,2,-6,65.0,85.0,29.0,0.0,1.0,-1.0,PRX,,4,GEN,,13,0,VCT Emea
4,Bind,Monyet,PRX,Raze,0.65,137.0,8,13,1,-5,71.0,102.0,28.0,0.0,6.0,-6.0,PRX,,4,GEN,,13,0,VCT Emea
4,Bind,f0rsakeN,PRX,Yoru,0.49,182.0,8,17,2,-9,47.0,122.0,30.0,3.0,3.0,0.0,PRX,,4,GEN,,13,0,VCT Emea
4,Bind,t3xture,GEN,Raze,1.65,291.0,16,8,7,8,94.0,213.0,39.0,5.0,2.0,3.0,PRX,,4,GEN,,13,1,VCT Emea
4,Bind,Meteor,GEN,Cypher,1.44,269.0,18,8,2,10,88.0,171.0,37.0,3.0,0.0,3.0,PRX,,4,GEN,,13,1,VCT Emea
4,Bind,Karon,GEN,Brimstone,1.18,217.0,14,10,11,4,82.0,139.0,26.0,1.0,0.0,1.0,PRX,,4,GEN,,13,1,VCT Emea
4,Bind,Munchkin,GEN,Viper,1.03,196.0,13,10,4,3,82.0,128.0,26.0,3.0,2.0,1.0,PRX,,4,GEN,,13,1,VCT Emea
4,Bind,Lakia,GEN,Skye,0.97,147.0,10,9,8,1,100.0,90.0,25.0,1.0,0.0,1.0,PRX,,4,GEN,,13,1,VCT Emea
0,Sunset,blaZek1ng,GE,Sova,0.76,201.0,9,12,4,-3,57.0,134.0,37.0,0.0,0.0,0.0,GE,,1,ZETA,,13,0,VCT Emea
0,Sunset,Polvi,GE,Raze,0.57,157.0,6,13,3,-7,64.0,123.0,12.0,3.0,4.0,-1.0,GE,,1,ZETA,,13,0,VCT Emea
0,Sunset,Lightningfast,GE,Omen,0.54,153.0,7,14,3,-7,57.0,123.0,58.0,1.0,0.0,1.0,GE,,1,ZETA,,13,0,VCT Emea
0,Sunset,Russ,GE,Gekko,0.54,174.0,8,14,2,-6,64.0,123.0,41.0,2.0,2.0,0.0,GE,,1,ZETA,,13,0,VCT Emea
0,Sunset,Benkai,GE,Viper,0.3,117.0,5,14,2,-9,50.0,86.0,20.0,0.0,2.0,-2.0,GE,,1,ZETA,,13,0,VCT Emea
0,Sunset,Laz,ZETA,Chamber,1.76,205.0,13,3,1,10,100.0,145.0,20.0,1.0,0.0,1.0,GE,,1,ZETA,,13,1,VCT Emea
0,Sunset,Dep,ZETA,Phoenix,1.65,366.0,20,10,3,10,93.0,237.0,34.0,1.0,1.0,0.0,GE,,1,ZETA,,13,1,VCT Emea
0,Sunset,yuran,ZETA,Viper,1.38,185.0,10,5,2,5,86.0,129.0,28.0,0.0,2.0,-2.0,GE,,1,ZETA,,13,1,VCT Emea
0,Sunset,hiroronn,ZETA,Sova,1.33,278.0,14,9,3,5,93.0,168.0,40.0,5.0,3.0,2.0,GE,,1,ZETA,,13,1,VCT Emea
0,Sunset,SugarZ3ro,ZETA,Omen,1.2,201.0,10,8,8,2,86.0,143.0,33.0,1.0,0.0,1.0,GE,,1,ZETA,,13,1,VCT Emea
2,Icebox,Lightningfast,GE,Sage,1.49,294.0,23,17,7,6,74.0,199.0,29.0,1.0,1.0,0.0,GE,,13,ZETA,,10,1,VCT Emea
2,Icebox,Russ,GE,Gekko,1.2,203.0,19,15,7,4,83.0,119.0,33.0,3.0,0.0,3.0,GE,,13,ZETA,,10,1,VCT Emea
2,Icebox,Polvi,GE,Jett,0.98,226.0,19,17,3,2,70.0,137.0,19.0,5.0,4.0,1.0,GE,,13,ZETA,,10,1,VCT Emea
2,Icebox,Benkai,GE,Killjoy,0.88,205.0,16,16,5,0,70.0,151.0,33.0,1.0,1.0,0.0,GE,,13,ZETA,,10,1,VCT Emea
2,Icebox,blaZek1ng,GE,Viper,0.48,121.0,8,18,6,-10,57.0,85.0,27.0,4.0,3.0,1.0,GE,,13,ZETA,,10,1,VCT Emea
2,Icebox,Dep,ZETA,Jett,1.34,282.0,23,17,4,6,61.0,197.0,29.0,3.0,3.0,0.0,GE,,13,ZETA,,10,0,VCT Emea
2,Icebox,Laz,ZETA,Killjoy,1.18,225.0,18,18,4,0,70.0,146.0,31.0,4.0,1.0,3.0,GE,,13,ZETA,,10,0,VCT Emea
2,Icebox,hiroronn,ZETA,Kayo,0.87,186.0,15,17,9,-2,74.0,127.0,30.0,1.0,4.0,-3.0,GE,,13,ZETA,,10,0,VCT Emea
2,Icebox,yuran,ZETA,Gekko,0.85,172.0,15,17,6,-2,57.0,118.0,27.0,1.0,2.0,-1.0,GE,,13,ZETA,,10,0,VCT Emea
2,Icebox,SugarZ3ro,ZETA,Viper,0.75,164.0,12,16,9,-4,74.0,116.0,34.0,0.0,4.0,-4.0,GE,,13,ZETA,,10,0,VCT Emea
3,Ascent,Russ,GE,Kayo,1.1,242.0,18,16,13,2,67.0,156.0,39.0,1.0,4.0,-3.0,GE,,8,ZETA,,13,0,VCT Emea
3,Ascent,Lightningfast,GE,Omen,1.05,209.0,15,15,8,0,62.0,149.0,36.0,2.0,3.0,-1.0,GE,,8,ZETA,,13,0,VCT Emea
3,Ascent,blaZek1ng,GE,Sova,1.03,208.0,14,14,2,0,71.0,145.0,47.0,1.0,1.0,0.0,GE,,8,ZETA,,13,0,VCT Emea
3,Ascent,Benkai,GE,Killjoy,0.99,202.0,14,16,4,-2,62.0,139.0,26.0,2.0,1.0,1.0,GE,,8,ZETA,,13,0,VCT Emea
3,Ascent,Polvi,GE,Jett,0.49,120.0,7,16,5,-9,48.0,84.0,21.0,3.0,3.0,0.0,GE,,8,ZETA,,13,0,VCT Emea
3,Ascent,SugarZ3ro,ZETA,Omen,1.27,201.0,17,12,11,5,90.0,132.0,31.0,1.0,1.0,0.0,GE,,8,ZETA,,13,1,VCT Emea
3,Ascent,Laz,ZETA,Killjoy,1.26,274.0,19,15,6,4,81.0,189.0,33.0,4.0,2.0,2.0,GE,,8,ZETA,,13,1,VCT Emea
3,Ascent,yuran,ZETA,Sova,1.24,208.0,17,12,2,5,62.0,142.0,24.0,2.0,1.0,1.0,GE,,8,ZETA,,13,1,VCT Emea
3,Ascent,Dep,ZETA,Jett,0.91,205.0,15,16,4,-1,67.0,127.0,26.0,3.0,3.0,0.0,GE,,8,ZETA,,13,1,VCT Emea
3,Ascent,hiroronn,ZETA,Kayo,0.77,132.0,9,13,8,-4,62.0,91.0,22.0,2.0,2.0,0.0,GE,,8,ZETA,,13,1,VCT Emea
0,Sunset,invy,TS,Breach,1.04,178.0,15,16,8,-1,71.0,109.0,31.0,0.0,1.0,-1.0,TS,,8,KRX,,13,0,VCT Emea
0,Sunset,JessieVash,TS,Sova,1.02,237.0,16,15,7,1,76.0,156.0,19.0,3.0,1.0,2.0,TS,,8,KRX,,13,0,VCT Emea
0,Sunset,NDG,TS,Cypher,0.74,160.0,12,16,7,-4,62.0,99.0,26.0,4.0,1.0,3.0,TS,,8,KRX,,13,0,VCT Emea
0,Sunset,Jremy,TS,Raze,0.69,195.0,12,18,7,-6,62.0,130.0,9.0,4.0,6.0,-2.0,TS,,8,KRX,,13,0,VCT Emea
0,Sunset,BORKUM,TS,Omen,0.65,123.0,9,14,3,-5,67.0,83.0,32.0,1.0,0.0,1.0,TS,,8,KRX,,13,0,VCT Emea
0,Sunset,BeYN,KRX,Omen,1.38,182.0,16,10,11,6,81.0,119.0,41.0,0.0,1.0,-1.0,TS,,8,KRX,,13,1,VCT Emea
0,Sunset,MaKo,KRX,Viper,1.28,196.0,12,11,9,1,81.0,143.0,22.0,2.0,1.0,1.0,TS,,8,KRX,,13,1,VCT Emea
0,Sunset,Foxy9,KRX,Cypher,1.24,287.0,23,15,2,8,76.0,166.0,23.0,3.0,2.0,1.0,TS,,8,KRX,,13,1,VCT Emea
0,Sunset,stax,KRX,Fade,1.07,153.0,12,12,6,0,71.0,92.0,30.0,0.0,1.0,-1.0,TS,,8,KRX,,13,1,VCT Emea
0,Sunset,BuZz,KRX,Raze,0.89,243.0,16,17,4,-1,76.0,155.0,14.0,4.0,7.0,-3.0,TS,,8,KRX,,13,1,VCT Emea
2,Lotus,invy,TS,Viper,1.31,297.0,22,16,6,6,67.0,201.0,40.0,1.0,0.0,1.0,TS,,8,KRX,,13,0,VCT Emea
2,Lotus,BORKUM,TS,Omen,0.95,152.0,12,14,8,-2,67.0,87.0,19.0,1.0,1.0,0.0,TS,,8,KRX,,13,0,VCT Emea
2,Lotus,Jremy,TS,Raze,0.87,216.0,16,16,2,0,71.0,133.0,24.0,5.0,5.0,0.0,TS,,8,KRX,,13,0,VCT Emea
2,Lotus,JessieVash,TS,Skye,0.64,150.0,10,18,12,-8,57.0,98.0,33.0,2.0,4.0,-2.0,TS,,8,KRX,,13,0,VCT Emea
2,Lotus,NDG,TS,Killjoy,0.35,132.0,8,18,2,-10,62.0,89.0,15.0,2.0,0.0,2.0,TS,,8,KRX,,13,0,VCT Emea
2,Lotus,MaKo,KRX,Viper,1.73,268.0,20,9,11,11,81.0,177.0,44.0,0.0,1.0,-1.0,TS,,8,KRX,,13,1,VCT Emea
2,Lotus,BuZz,KRX,Raze,1.16,269.0,18,17,7,1,76.0,184.0,23.0,6.0,6.0,0.0,TS,,8,KRX,,13,1,VCT Emea
2,Lotus,Foxy9,KRX,Killjoy,1.07,188.0,15,13,5,2,76.0,120.0,14.0,1.0,2.0,-1.0,TS,,8,KRX,,13,1,VCT Emea
2,Lotus,BeYN,KRX,Omen,1.04,198.0,16,15,10,1,76.0,111.0,20.0,2.0,0.0,2.0,TS,,8,KRX,,13,1,VCT Emea
2,Lotus,stax,KRX,Fade,0.99,174.0,13,14,5,-1,71.0,124.0,45.0,1.0,2.0,-1.0,TS,,8,KRX,,13,1,VCT Emea
0,Lotus,sScary,BLD,Omen,1.48,262.0,22,12,7,10,82.0,168.0,33.0,2.0,1.0,1.0,BLD,,13,TLN,,9,1,VCT Emea
0,Lotus,Deryeon,BLD,Killjoy,1.2,170.0,13,10,2,3,77.0,122.0,45.0,2.0,3.0,-1.0,BLD,,13,TLN,,9,1,VCT Emea
0,Lotus,yay,BLD,Raze,1.17,268.0,20,16,5,4,68.0,181.0,17.0,5.0,4.0,1.0,BLD,,13,TLN,,9,1,VCT Emea
0,Lotus,Retla,BLD,Viper,0.97,147.0,12,11,7,1,91.0,88.0,27.0,2.0,1.0,1.0,BLD,,13,TLN,,9,1,VCT Emea
0,Lotus,Zest,BLD,Fade,0.78,125.0,10,13,3,-3,77.0,79.0,29.0,2.0,1.0,1.0,BLD,,13,TLN,,9,1,VCT Emea
0,Lotus,JitBoyS,TLN,Omen,1.26,270.0,19,16,3,3,73.0,174.0,43.0,3.0,2.0,1.0,BLD,,13,TLN,,9,0,VCT Emea
0,Lotus,Crws,TLN,Fade,0.87,143.0,10,15,12,-5,59.0,94.0,29.0,0.0,1.0,-1.0,BLD,,13,TLN,,9,0,VCT Emea
0,Lotus,ban,TLN,Viper,0.85,230.0,17,17,4,0,73.0,149.0,50.0,4.0,4.0,0.0,BLD,,13,TLN,,9,0,VCT Emea
0,Lotus,Surf,TLN,Killjoy,0.61,109.0,7,14,1,-7,64.0,83.0,38.0,0.0,1.0,-1.0,BLD,,13,TLN,,9,0,VCT Emea
0,Lotus,Governor,TLN,Raze,0.44,109.0,8,15,0,-7,55.0,85.0,9.0,2.0,4.0,-2.0,BLD,,13,TLN,,9,0,VCT Emea
2,Bind,sScary,BLD,Brimstone,1.24,219.0,15,13,6,2,75.0,151.0,29.0,2.0,3.0,-1.0,BLD,,7,TLN,,13,0,VCT Emea
2,Bind,yay,BLD,Raze,0.95,226.0,15,18,1,-3,75.0,135.0,24.0,4.0,2.0,2.0,BLD,,7,TLN,,13,0,VCT Emea
2,Bind,Retla,BLD,Cypher,0.92,175.0,12,12,4,0,80.0,119.0,29.0,3.0,1.0,2.0,BLD,,7,TLN,,13,0,VCT Emea
2,Bind,Deryeon,BLD,Breach,0.56,166.0,11,18,7,-7,65.0,113.0,37.0,1.0,1.0,0.0,BLD,,7,TLN,,13,0,VCT Emea
2,Bind,Zest,BLD,Gekko,0.54,129.0,9,17,3,-8,55.0,95.0,40.0,0.0,3.0,-3.0,BLD,,7,TLN,,13,0,VCT Emea
2,Bind,JitBoyS,TLN,Harbor,1.69,281.0,20,10,7,10,80.0,199.0,35.0,1.0,1.0,0.0,BLD,,7,TLN,,13,1,VCT Emea
2,Bind,Surf,TLN,Viper,1.07,220.0,15,12,7,3,75.0,144.0,48.0,2.0,3.0,-1.0,BLD,,7,TLN,,13,1,VCT Emea
2,Bind,Governor,TLN,Raze,1.05,218.0,16,12,1,4,65.0,137.0,29.0,4.0,2.0,2.0,BLD,,7,TLN,,13,1,VCT Emea
2,Bind,Crws,TLN,Gekko,0.98,149.0,13,11,3,2,80.0,95.0,22.0,0.0,1.0,-1.0,BLD,,7,TLN,,13,1,VCT Emea
2,Bind,ban,TLN,Skye,0.75,208.0,14,17,7,-3,75.0,126.0,26.0,3.0,3.0,0.0,BLD,,7,TLN,,13,1,VCT Emea
3,Icebox,yay,BLD,Jett,1.04,197.0,14,12,1,2,74.0,109.0,41.0,6.0,3.0,3.0,BLD,,6,TLN,,13,0,VCT Emea
3,Icebox,Deryeon,BLD,Kayo,1.03,204.0,14,14,4,0,68.0,137.0,33.0,1.0,1.0,0.0,BLD,,6,TLN,,13,0,VCT Emea
3,Icebox,sScary,BLD,Harbor,0.88,172.0,11,14,5,-3,63.0,107.0,18.0,0.0,1.0,-1.0,BLD,,6,TLN,,13,0,VCT Emea
3,Icebox,Zest,BLD,Gekko,0.72,148.0,9,14,4,-5,74.0,101.0,48.0,1.0,2.0,-1.0,BLD,,6,TLN,,13,0,VCT Emea
3,Icebox,Retla,BLD,Killjoy,0.21,64.0,2,15,4,-13,53.0,56.0,14.0,0.0,4.0,-4.0,BLD,,6,TLN,,13,0,VCT Emea
3,Icebox,Surf,TLN,Killjoy,1.46,216.0,14,7,4,7,79.0,162.0,32.0,1.0,1.0,0.0,BLD,,6,TLN,,13,1,VCT Emea
3,Icebox,ban,TLN,Kayo,1.4,207.0,15,9,11,6,79.0,134.0,33.0,1.0,2.0,-1.0,BLD,,6,TLN,,13,1,VCT Emea
3,Icebox,Governor,TLN,Jett,1.29,258.0,17,13,2,4,89.0,150.0,32.0,7.0,2.0,5.0,BLD,,6,TLN,,13,1,VCT Emea
3,Icebox,Crws,TLN,Gekko,0.94,136.0,10,9,4,1,74.0,82.0,19.0,0.0,0.0,0.0,BLD,,6,TLN,,13,1,VCT Emea
3,Icebox,JitBoyS,TLN,Viper,0.81,195.0,13,12,7,1,74.0,123.0,36.0,2.0,3.0,-1.0,BLD,,6,TLN,,13,1,VCT Emea
0,Lotus,xccurate,T1,Chamber,1.28,243.0,21,17,4,4,70.0,148.0,25.0,1.0,1.0,0.0,T1,,10,PRX,,13,0,VCT Emea
0,Lotus,Sayaplayer,T1,Raze,1.15,254.0,19,18,4,1,83.0,171.0,27.0,4.0,2.0,2.0,T1,,10,PRX,,13,0,VCT Emea
0,Lotus,Rossy,T1,Viper,0.91,144.0,12,16,6,-4,57.0,94.0,29.0,1.0,1.0,0.0,T1,,10,PRX,,13,0,VCT Emea
0,Lotus,iZu,T1,Omen,0.79,180.0,14,18,7,-4,70.0,114.0,21.0,2.0,6.0,-4.0,T1,,10,PRX,,13,0,VCT Emea
0,Lotus,carpe,T1,Fade,0.48,154.0,12,20,6,-8,61.0,97.0,21.0,1.0,4.0,-3.0,T1,,10,PRX,,13,0,VCT Emea
0,Lotus,Jinggg,PRX,Raze,1.16,215.0,19,14,3,5,74.0,144.0,23.0,4.0,0.0,4.0,T1,,10,PRX,,13,1,VCT Emea
0,Lotus,something,PRX,Jett,1.1,232.0,18,17,3,1,87.0,147.0,28.0,5.0,3.0,2.0,T1,,10,PRX,,13,1,VCT Emea
0,Lotus,mindfreak,PRX,Omen,1.09,208.0,17,17,14,0,70.0,137.0,43.0,2.0,1.0,1.0,T1,,10,PRX,,13,1,VCT Emea
0,Lotus,d4v41,PRX,Skye,1.02,186.0,15,13,11,2,74.0,117.0,27.0,0.0,1.0,-1.0,T1,,10,PRX,,13,1,VCT Emea
0,Lotus,f0rsakeN,PRX,Cypher,1.02,242.0,20,17,4,3,65.0,162.0,49.0,3.0,4.0,-1.0,T1,,10,PRX,,13,1,VCT Emea
2,Bind,carpe,T1,Gekko,1.16,254.0,24,20,5,4,81.0,145.0,30.0,3.0,3.0,0.0,T1,,12,PRX,,14,0,VCT Emea
2,Bind,Rossy,T1,Viper,1.12,192.0,18,16,9,2,73.0,136.0,25.0,3.0,1.0,2.0,T1,,12,PRX,,14,0,VCT Emea
2,Bind,xccurate,T1,Harbor,0.94,199.0,18,20,6,-2,69.0,150.0,32.0,1.0,2.0,-1.0,T1,,12,PRX,,14,0,VCT Emea
2,Bind,Sayaplayer,T1,Raze,0.79,166.0,16,20,3,-4,81.0,122.0,35.0,0.0,5.0,-5.0,T1,,12,PRX,,14,0,VCT Emea
2,Bind,iZu,T1,Skye,0.62,122.0,10,21,16,-11,77.0,81.0,22.0,4.0,4.0,0.0,T1,,12,PRX,,14,0,VCT Emea
2,Bind,d4v41,PRX,Skye,1.25,234.0,21,17,6,4,77.0,144.0,28.0,5.0,0.0,5.0,T1,,12,PRX,,14,1,VCT Emea
2,Bind,Jinggg,PRX,Raze,1.16,238.0,21,18,8,3,96.0,156.0,10.0,2.0,4.0,-2.0,T1,,12,PRX,,14,1,VCT Emea
2,Bind,something,PRX,Reyna,1.11,180.0,20,15,2,5,81.0,111.0,27.0,3.0,2.0,1.0,T1,,12,PRX,,14,1,VCT Emea
2,Bind,f0rsakeN,PRX,Harbor,1.04,237.0,22,19,13,3,85.0,147.0,29.0,5.0,4.0,1.0,T1,,12,PRX,,14,1,VCT Emea
2,Bind,mindfreak,PRX,Brimstone,0.9,160.0,13,17,12,-4,85.0,104.0,24.0,0.0,1.0,-1.0,T1,,12,PRX,,14,1,VCT Emea
0,Breeze,BORKUM,TS,Viper,1.18,239.0,19,15,9,4,78.0,148.0,33.0,5.0,0.0,5.0,TS,,10,RRQ,,13,0,VCT Emea
0,Breeze,NDG,TS,Cypher,0.97,182.0,15,17,5,-2,74.0,118.0,22.0,1.0,3.0,-2.0,TS,,10,RRQ,,13,0,VCT Emea
0,Breeze,Jremy,TS,Jett,0.88,196.0,16,18,3,-2,65.0,124.0,26.0,4.0,5.0,-1.0,TS,,10,RRQ,,13,0,VCT Emea
0,Breeze,invy,TS,Kayo,0.8,156.0,11,18,11,-7,83.0,92.0,40.0,2.0,1.0,1.0,TS,,10,RRQ,,13,0,VCT Emea
0,Breeze,JessieVash,TS,Sova,0.77,164.0,14,18,4,-4,65.0,105.0,18.0,1.0,1.0,0.0,TS,,10,RRQ,,13,0,VCT Emea
0,Breeze,fl1pzjder,RRQ,Yoru,1.29,274.0,23,18,5,5,74.0,179.0,36.0,2.0,4.0,-2.0,TS,,10,RRQ,,13,1,VCT Emea
0,Breeze,xffero,RRQ,Cypher,1.16,205.0,17,12,3,5,83.0,140.0,41.0,3.0,1.0,2.0,TS,,10,RRQ,,13,1,VCT Emea
0,Breeze,Lmemore,RRQ,Sova,1.12,218.0,17,15,11,2,78.0,158.0,34.0,1.0,1.0,0.0,TS,,10,RRQ,,13,1,VCT Emea
0,Breeze,Estrella,RRQ,Viper,0.97,195.0,15,15,8,0,74.0,121.0,31.0,2.0,2.0,0.0,TS,,10,RRQ,,13,1,VCT Emea
0,Breeze,Jemkin,RRQ,Jett,0.87,171.0,14,15,2,-1,78.0,115.0,42.0,2.0,5.0,-3.0,TS,,10,RRQ,,13,1,VCT Emea
2,Split,Jremy,TS,Raze,1.66,333.0,23,13,3,10,79.0,203.0,19.0,6.0,6.0,0.0,TS,,13,RRQ,,6,1,VCT Emea
2,Split,BORKUM,TS,Omen,1.39,211.0,13,9,11,4,79.0,157.0,35.0,0.0,2.0,-2.0,TS,,13,RRQ,,6,1,VCT Emea
2,Split,invy,TS,Fade,1.32,258.0,17,14,6,3,84.0,169.0,27.0,3.0,0.0,3.0,TS,,13,RRQ,,6,1,VCT Emea
2,Split,NDG,TS,Cypher,1.12,176.0,14,10,3,4,79.0,117.0,20.0,0.0,2.0,-2.0,TS,,13,RRQ,,6,1,VCT Emea
2,Split,JessieVash,TS,Breach,0.8,138.0,10,13,12,-3,79.0,94.0,26.0,0.0,0.0,0.0,TS,,13,RRQ,,6,1,VCT Emea
2,Split,Jemkin,RRQ,Raze,1.41,294.0,21,14,1,7,79.0,187.0,33.0,3.0,3.0,0.0,TS,,13,RRQ,,6,0,VCT Emea
2,Split,xffero,RRQ,Cypher,1.07,225.0,15,14,3,1,68.0,148.0,28.0,2.0,1.0,1.0,TS,,13,RRQ,,6,0,VCT Emea
2,Split,Lmemore,RRQ,Skye,0.53,159.0,10,17,4,-7,74.0,100.0,43.0,2.0,4.0,-2.0,TS,,13,RRQ,,6,0,VCT Emea
2,Split,fl1pzjder,RRQ,Viper,0.52,161.0,8,17,4,-9,63.0,128.0,22.0,3.0,1.0,2.0,TS,,13,RRQ,,6,0,VCT Emea
2,Split,Estrella,RRQ,Omen,0.37,90.0,5,15,12,-10,74.0,55.0,19.0,0.0,0.0,0.0,TS,,13,RRQ,,6,0,VCT Emea
3,Icebox,Jremy,TS,Jett,1.16,272.0,22,18,3,4,69.0,184.0,27.0,7.0,2.0,5.0,TS,,12,RRQ,,14,0,VCT Emea
3,Icebox,invy,TS,Kayo,1.09,220.0,22,18,16,4,85.0,145.0,31.0,2.0,2.0,0.0,TS,,12,RRQ,,14,0,VCT Emea
3,Icebox,BORKUM,TS,Viper,0.96,197.0,18,19,9,-1,65.0,132.0,21.0,3.0,2.0,1.0,TS,,12,RRQ,,14,0,VCT Emea
3,Icebox,NDG,TS,Killjoy,0.95,190.0,18,18,1,0,77.0,129.0,24.0,2.0,2.0,0.0,TS,,12,RRQ,,14,0,VCT Emea
3,Icebox,JessieVash,TS,Sova,0.84,136.0,11,15,9,-4,69.0,101.0,24.0,2.0,2.0,0.0,TS,,12,RRQ,,14,0,VCT Emea
3,Icebox,Jemkin,RRQ,Jett,1.31,274.0,26,18,2,8,73.0,170.0,46.0,3.0,3.0,0.0,TS,,12,RRQ,,14,1,VCT Emea
3,Icebox,Estrella,RRQ,Viper,1.03,167.0,14,15,13,-1,77.0,112.0,14.0,3.0,0.0,3.0,TS,,12,RRQ,,14,1,VCT Emea
3,Icebox,Lmemore,RRQ,Sova,0.97,189.0,16,19,7,-3,65.0,130.0,30.0,1.0,4.0,-3.0,TS,,12,RRQ,,14,1,VCT Emea
3,Icebox,xffero,RRQ,Killjoy,0.89,173.0,17,18,2,-1,58.0,114.0,34.0,1.0,5.0,-4.0,TS,,12,RRQ,,14,1,VCT Emea
3,Icebox,fl1pzjder,RRQ,Gekko,0.82,179.0,15,21,6,-6,62.0,113.0,23.0,2.0,4.0,-2.0,TS,,12,RRQ,,14,1,VCT Emea
0,Ascent,Russ,GE,Kayo,1.12,241.0,17,17,9,0,81.0,143.0,50.0,4.0,1.0,3.0,GE,,8,KRX,,13,0,VCT Emea
0,Ascent,Polvi,GE,Jett,1.06,200.0,16,14,2,2,71.0,134.0,29.0,3.0,5.0,-2.0,GE,,8,KRX,,13,0,VCT Emea
0,Ascent,Lightningfast,GE,Omen,1.0,213.0,16,16,10,0,67.0,123.0,20.0,2.0,2.0,0.0,GE,,8,KRX,,13,0,VCT Emea
0,Ascent,Benkai,GE,Killjoy,0.74,125.0,8,13,3,-5,62.0,84.0,23.0,1.0,2.0,-1.0,GE,,8,KRX,,13,0,VCT Emea
0,Ascent,blaZek1ng,GE,Sova,0.61,114.0,5,14,6,-9,67.0,94.0,25.0,0.0,1.0,-1.0,GE,,8,KRX,,13,0,VCT Emea
0,Ascent,MaKo,KRX,Omen,1.53,228.0,20,9,7,11,90.0,168.0,27.0,1.0,1.0,0.0,GE,,8,KRX,,13,1,VCT Emea
0,Ascent,Foxy9,KRX,Killjoy,1.49,269.0,21,11,2,10,86.0,194.0,37.0,2.0,0.0,2.0,GE,,8,KRX,,13,1,VCT Emea
0,Ascent,BuZz,KRX,Jett,1.16,245.0,18,14,3,4,81.0,173.0,30.0,8.0,7.0,1.0,GE,,8,KRX,,13,1,VCT Emea
0,Ascent,BeYN,KRX,Sova,0.98,152.0,11,12,7,-1,90.0,118.0,30.0,0.0,0.0,0.0,GE,,8,KRX,,13,1,VCT Emea
0,Ascent,stax,KRX,Kayo,0.45,82.0,4,16,13,-12,76.0,53.0,13.0,0.0,2.0,-2.0,GE,,8,KRX,,13,1,VCT Emea
2,Lotus,Russ,GE,Fade,1.16,218.0,16,13,4,3,79.0,130.0,43.0,1.0,2.0,-1.0,GE,,6,KRX,,13,0,VCT Emea
2,Lotus,Benkai,GE,Killjoy,1.06,230.0,15,13,3,2,74.0,140.0,20.0,5.0,0.0,5.0,GE,,6,KRX,,13,0,VCT Emea
2,Lotus,blaZek1ng,GE,Viper,0.64,161.0,11,15,3,-4,47.0,100.0,33.0,1.0,1.0,0.0,GE,,6,KRX,,13,0,VCT Emea
2,Lotus,Lightningfast,GE,Omen,0.58,165.0,9,16,6,-7,74.0,111.0,33.0,2.0,2.0,0.0,GE,,6,KRX,,13,0,VCT Emea
2,Lotus,Polvi,GE,Raze,0.4,146.0,9,17,2,-8,53.0,106.0,38.0,2.0,3.0,-1.0,GE,,6,KRX,,13,0,VCT Emea
2,Lotus,stax,KRX,Fade,1.35,248.0,16,13,11,3,84.0,159.0,25.0,2.0,2.0,0.0,GE,,6,KRX,,13,1,VCT Emea
2,Lotus,Foxy9,KRX,Killjoy,1.25,201.0,15,10,3,5,79.0,140.0,29.0,0.0,2.0,-2.0,GE,,6,KRX,,13,1,VCT Emea
2,Lotus,BeYN,KRX,Omen,1.16,171.0,12,10,7,2,84.0,110.0,30.0,1.0,1.0,0.0,GE,,6,KRX,,13,1,VCT Emea
2,Lotus,BuZz,KRX,Raze,1.1,264.0,17,17,3,0,74.0,165.0,10.0,3.0,3.0,0.0,GE,,6,KRX,,13,1,VCT Emea
2,Lotus,MaKo,KRX,Viper,1.08,181.0,14,10,2,4,74.0,113.0,25.0,2.0,3.0,-1.0,GE,,6,KRX,,13,1,VCT Emea
0,Lotus,t3xture,GEN,Raze,1.29,278.0,20,12,7,8,86.0,174.0,20.0,4.0,2.0,2.0,GEN,,13,TLN,,9,1,VCT Emea
0,Lotus,Munchkin,GEN,Viper,1.16,202.0,17,13,5,4,77.0,130.0,12.0,4.0,4.0,0.0,GEN,,13,TLN,,9,1,VCT Emea
0,Lotus,Karon,GEN,Omen,1.15,199.0,17,14,4,3,82.0,126.0,27.0,0.0,1.0,-1.0,GEN,,13,TLN,,9,1,VCT Emea
0,Lotus,Lakia,GEN,Fade,1.0,193.0,14,13,13,1,82.0,125.0,32.0,2.0,0.0,2.0,GEN,,13,TLN,,9,1,VCT Emea
0,Lotus,Meteor,GEN,Killjoy,0.95,200.0,16,14,4,2,86.0,125.0,26.0,3.0,2.0,1.0,GEN,,13,TLN,,9,1,VCT Emea
0,Lotus,Crws,TLN,Fade,1.18,184.0,17,14,3,3,59.0,129.0,33.0,0.0,1.0,-1.0,GEN,,13,TLN,,9,0,VCT Emea
0,Lotus,ban,TLN,Viper,1.1,220.0,17,16,8,1,68.0,135.0,38.0,5.0,4.0,1.0,GEN,,13,TLN,,9,0,VCT Emea
0,Lotus,Governor,TLN,Raze,0.99,267.0,17,20,7,-3,68.0,176.0,26.0,3.0,3.0,0.0,GEN,,13,TLN,,9,0,VCT Emea
0,Lotus,JitBoyS,TLN,Omen,0.67,107.0,9,17,6,-8,59.0,71.0,44.0,1.0,4.0,-3.0,GEN,,13,TLN,,9,0,VCT Emea
0,Lotus,Surf,TLN,Killjoy,0.41,75.0,6,17,4,-11,64.0,44.0,9.0,0.0,1.0,-1.0,GEN,,13,TLN,,9,0,VCT Emea
2,Ascent,t3xture,GEN,Jett,1.47,268.0,23,10,1,13,71.0,169.0,24.0,4.0,5.0,-1.0,GEN,,13,TLN,,8,1,VCT Emea
2,Ascent,Lakia,GEN,Sova,1.29,219.0,16,11,9,5,71.0,137.0,20.0,2.0,3.0,-1.0,GEN,,13,TLN,,8,1,VCT Emea
2,Ascent,Karon,GEN,Omen,1.25,155.0,11,11,12,0,62.0,113.0,30.0,1.0,1.0,0.0,GEN,,13,TLN,,8,1,VCT Emea
2,Ascent,Munchkin,GEN,Kayo,0.96,157.0,11,13,9,-2,76.0,97.0,33.0,2.0,1.0,1.0,GEN,,13,TLN,,8,1,VCT Emea
2,Ascent,Meteor,GEN,Killjoy,0.8,162.0,11,14,5,-3,67.0,94.0,15.0,1.0,1.0,0.0,GEN,,13,TLN,,8,1,VCT Emea
2,Ascent,lenne,TLN,Sova,1.11,224.0,15,13,5,2,62.0,142.0,13.0,2.0,1.0,1.0,GEN,,13,TLN,,8,0,VCT Emea
2,Ascent,ban,TLN,Killjoy,1.1,232.0,18,13,3,5,62.0,147.0,31.0,3.0,3.0,0.0,GEN,,13,TLN,,8,0,VCT Emea
2,Ascent,JitBoyS,TLN,Omen,0.83,181.0,13,18,6,-5,57.0,113.0,47.0,3.0,0.0,3.0,GEN,,13,TLN,,8,0,VCT Emea
2,Ascent,Crws,TLN,Kayo,0.61,103.0,8,15,8,-7,67.0,53.0,16.0,1.0,1.0,0.0,GEN,,13,TLN,,8,0,VCT Emea
2,Ascent,Governor,TLN,Jett,0.51,83.0,5,13,3,-8,52.0,56.0,21.0,2.0,5.0,-3.0,GEN,,13,TLN,,8,0,VCT Emea
0,Ascent,Sayaplayer,T1,Jett,1.12,235.0,19,16,7,3,70.0,165.0,23.0,5.0,4.0,1.0,T1,,10,DFM,,13,0,VCT Emea
0,Ascent,carpe,T1,Sova,1.02,175.0,14,16,10,-2,74.0,119.0,17.0,1.0,0.0,1.0,T1,,10,DFM,,13,0,VCT Emea
0,Ascent,Rossy,T1,Kayo,0.96,179.0,13,16,16,-3,74.0,120.0,19.0,1.0,3.0,-2.0,T1,,10,DFM,,13,0,VCT Emea
0,Ascent,xccurate,T1,Killjoy,0.68,112.0,10,15,1,-5,70.0,83.0,23.0,0.0,1.0,-1.0,T1,,10,DFM,,13,0,VCT Emea
0,Ascent,iZu,T1,Omen,0.64,197.0,15,22,8,-7,61.0,117.0,24.0,5.0,3.0,2.0,T1,,10,DFM,,13,0,VCT Emea
0,Ascent,Meiy,DFM,Raze,1.58,366.0,29,18,2,11,78.0,216.0,27.0,3.0,3.0,0.0,T1,,10,DFM,,13,1,VCT Emea
0,Ascent,Medusa,DFM,Viper,1.19,242.0,19,14,7,5,78.0,167.0,29.0,3.0,3.0,0.0,T1,,10,DFM,,13,1,VCT Emea
0,Ascent,Anthem,DFM,Kayo,1.06,148.0,12,13,18,-1,87.0,99.0,31.0,1.0,1.0,0.0,T1,,10,DFM,,13,1,VCT Emea
0,Ascent,neth,DFM,Cypher,0.97,149.0,12,12,5,0,74.0,99.0,22.0,1.0,2.0,-1.0,T1,,10,DFM,,13,1,VCT Emea
0,Ascent,SSeeS,DFM,Omen,0.97,157.0,13,14,4,-1,78.0,114.0,41.0,3.0,3.0,0.0,T1,,10,DFM,,13,1,VCT Emea
2,Lotus,iZu,T1,Omen,1.36,222.0,16,12,7,4,72.0,145.0,26.0,0.0,1.0,-1.0,T1,,13,DFM,,5,1,VCT Emea
2,Lotus,carpe,T1,Fade,1.35,263.0,15,12,14,3,83.0,195.0,24.0,0.0,1.0,-1.0,T1,,13,DFM,,5,1,VCT Emea
2,Lotus,Sayaplayer,T1,Raze,1.27,254.0,17,12,3,5,78.0,163.0,33.0,7.0,0.0,7.0,T1,,13,DFM,,5,1,VCT Emea
2,Lotus,Rossy,T1,Viper,1.1,182.0,11,11,11,0,83.0,111.0,13.0,2.0,0.0,2.0,T1,,13,DFM,,5,1,VCT Emea
2,Lotus,xccurate,T1,Chamber,0.85,178.0,13,12,1,1,67.0,104.0,5.0,4.0,3.0,1.0,T1,,13,DFM,,5,1,VCT Emea
2,Lotus,Meiy,DFM,Raze,1.2,274.0,17,14,4,3,78.0,181.0,23.0,3.0,3.0,0.0,T1,,13,DFM,,5,0,VCT Emea
2,Lotus,SSeeS,DFM,Omen,0.91,150.0,10,13,8,-3,72.0,101.0,27.0,0.0,1.0,-1.0,T1,,13,DFM,,5,0,VCT Emea
2,Lotus,Medusa,DFM,Viper,0.86,191.0,13,14,1,-1,56.0,117.0,35.0,1.0,4.0,-3.0,T1,,13,DFM,,5,0,VCT Emea
2,Lotus,neth,DFM,Killjoy,0.78,226.0,13,16,2,-3,67.0,145.0,39.0,1.0,2.0,-1.0,T1,,13,DFM,,5,0,VCT Emea
2,Lotus,Anthem,DFM,Fade,0.43,109.0,6,15,2,-9,50.0,89.0,27.0,0.0,3.0,-3.0,T1,,13,DFM,,5,0,VCT Emea
3,Sunset,Rossy,T1,Kayo,1.38,272.0,22,18,16,4,75.0,167.0,15.0,2.0,1.0,1.0,T1,,11,DFM,,13,0,VCT Emea
3,Sunset,iZu,T1,Omen,1.09,196.0,16,16,12,0,58.0,127.0,29.0,5.0,1.0,4.0,T1,,11,DFM,,13,0,VCT Emea
3,Sunset,xccurate,T1,Cypher,0.86,141.0,12,15,5,-3,71.0,106.0,24.0,1.0,5.0,-4.0,T1,,11,DFM,,13,0,VCT Emea
3,Sunset,carpe,T1,Sova,0.76,117.0,11,16,7,-5,88.0,83.0,30.0,1.0,2.0,-1.0,T1,,11,DFM,,13,0,VCT Emea
3,Sunset,Sayaplayer,T1,Neon,0.71,170.0,14,19,7,-5,63.0,104.0,30.0,4.0,2.0,2.0,T1,,11,DFM,,13,0,VCT Emea
3,Sunset,neth,DFM,Cypher,1.26,244.0,23,15,4,8,88.0,154.0,30.0,1.0,2.0,-1.0,T1,,11,DFM,,13,1,VCT Emea
3,Sunset,Meiy,DFM,Raze,1.18,234.0,18,16,9,2,75.0,163.0,21.0,5.0,3.0,2.0,T1,,11,DFM,,13,1,VCT Emea
3,Sunset,SSeeS,DFM,Omen,1.04,152.0,12,13,13,-1,88.0,99.0,28.0,0.0,0.0,0.0,T1,,11,DFM,,13,1,VCT Emea
3,Sunset,Medusa,DFM,Viper,1.01,181.0,16,15,5,1,92.0,128.0,26.0,3.0,3.0,0.0,T1,,11,DFM,,13,1,VCT Emea
3,Sunset,Anthem,DFM,Gekko,0.89,150.0,15,16,5,-1,79.0,104.0,31.0,2.0,5.0,-3.0,T1,,11,DFM,,13,1,VCT Emea
0,Lotus,Meteor,GEN,Killjoy,1.22,298.0,24,21,3,3,79.0,204.0,32.0,6.0,1.0,5.0,GEN,,13,PRX,,11,1,VCT Emea
0,Lotus,t3xture,GEN,Raze,1.1,241.0,20,18,2,2,67.0,158.0,30.0,3.0,2.0,1.0,GEN,,13,PRX,,11,1,VCT Emea
0,Lotus,Lakia,GEN,Fade,1.09,183.0,16,15,14,1,83.0,113.0,32.0,0.0,2.0,-2.0,GEN,,13,PRX,,11,1,VCT Emea
0,Lotus,Munchkin,GEN,Viper,0.84,145.0,12,17,12,-5,71.0,88.0,13.0,2.0,3.0,-1.0,GEN,,13,PRX,,11,1,VCT Emea
0,Lotus,Karon,GEN,Omen,0.4,93.0,7,20,7,-13,71.0,64.0,25.0,1.0,4.0,-3.0,GEN,,13,PRX,,11,1,VCT Emea
0,Lotus,mindfreak,PRX,Omen,1.49,279.0,26,15,9,11,96.0,189.0,33.0,1.0,0.0,1.0,GEN,,13,PRX,,11,0,VCT Emea
0,Lotus,something,PRX,Jett,1.3,265.0,22,16,5,6,83.0,166.0,28.0,6.0,1.0,5.0,GEN,,13,PRX,,11,0,VCT Emea
0,Lotus,f0rsakeN,PRX,Cypher,0.96,152.0,14,13,4,1,71.0,97.0,25.0,1.0,4.0,-3.0,GEN,,13,PRX,,11,0,VCT Emea
0,Lotus,d4v41,PRX,Skye,0.95,158.0,11,14,20,-3,88.0,121.0,21.0,1.0,2.0,-1.0,GEN,,13,PRX,,11,0,VCT Emea
0,Lotus,Jinggg,PRX,Raze,0.81,225.0,18,21,4,-3,67.0,147.0,18.0,3.0,5.0,-2.0,GEN,,13,PRX,,11,0,VCT Emea
2,Icebox,Munchkin,GEN,Kayo,1.11,246.0,21,19,10,2,79.0,149.0,35.0,2.0,5.0,-3.0,GEN,,11,PRX,,13,0,VCT Emea
2,Icebox,Karon,GEN,Viper,1.06,234.0,18,18,11,0,75.0,156.0,25.0,2.0,3.0,-1.0,GEN,,11,PRX,,13,0,VCT Emea
2,Icebox,Lakia,GEN,Gekko,0.99,185.0,16,16,4,0,67.0,127.0,24.0,1.0,3.0,-2.0,GEN,,11,PRX,,13,0,VCT Emea
2,Icebox,t3xture,GEN,Omen,0.9,160.0,15,17,5,-2,58.0,106.0,33.0,2.0,4.0,-2.0,GEN,,11,PRX,,13,0,VCT Emea
2,Icebox,Meteor,GEN,Killjoy,0.65,172.0,12,20,4,-8,54.0,126.0,14.0,1.0,1.0,0.0,GEN,,11,PRX,,13,0,VCT Emea
2,Icebox,f0rsakeN,PRX,Kayo,1.2,232.0,21,16,9,5,92.0,169.0,34.0,4.0,2.0,2.0,GEN,,11,PRX,,13,1,VCT Emea
2,Icebox,something,PRX,Jett,1.13,229.0,19,17,5,2,79.0,146.0,26.0,6.0,3.0,3.0,GEN,,11,PRX,,13,1,VCT Emea
2,Icebox,Jinggg,PRX,Sage,1.06,185.0,18,16,7,2,79.0,132.0,32.0,1.0,1.0,0.0,GEN,,11,PRX,,13,1,VCT Emea
2,Icebox,d4v41,PRX,Killjoy,1.01,186.0,17,16,2,1,75.0,130.0,32.0,3.0,1.0,2.0,GEN,,11,PRX,,13,1,VCT Emea
2,Icebox,mindfreak,PRX,Viper,0.98,181.0,15,17,10,-2,71.0,125.0,40.0,2.0,1.0,1.0,GEN,,11,PRX,,13,1,VCT Emea
3,Bind,Karon,GEN,Brimstone,1.01,195.0,12,14,6,-2,74.0,127.0,34.0,2.0,1.0,1.0,GEN,,6,PRX,,13,0,VCT Emea
3,Bind,Meteor,GEN,Cypher,0.84,173.0,11,14,3,-3,58.0,122.0,41.0,2.0,0.0,2.0,GEN,,6,PRX,,13,0,VCT Emea
3,Bind,Munchkin,GEN,Viper,0.8,179.0,11,16,9,-5,74.0,110.0,26.0,1.0,4.0,-3.0,GEN,,6,PRX,,13,0,VCT Emea
3,Bind,t3xture,GEN,Raze,0.72,158.0,11,16,0,-5,53.0,106.0,46.0,3.0,2.0,1.0,GEN,,6,PRX,,13,0,VCT Emea
3,Bind,Lakia,GEN,Skye,0.68,176.0,10,16,5,-6,58.0,121.0,28.0,0.0,4.0,-4.0,GEN,,6,PRX,,13,0,VCT Emea
3,Bind,something,PRX,Gekko,1.45,287.0,20,11,6,9,84.0,183.0,33.0,2.0,1.0,1.0,GEN,,6,PRX,,13,1,VCT Emea
3,Bind,mindfreak,PRX,Brimstone,1.4,219.0,16,11,7,5,89.0,146.0,44.0,1.0,1.0,0.0,GEN,,6,PRX,,13,1,VCT Emea
3,Bind,f0rsakeN,PRX,Harbor,1.15,224.0,16,11,3,5,74.0,153.0,28.0,2.0,2.0,0.0,GEN,,6,PRX,,13,1,VCT Emea
3,Bind,Jinggg,PRX,Raze,1.12,204.0,15,11,2,4,74.0,137.0,21.0,2.0,2.0,0.0,GEN,,6,PRX,,13,1,VCT Emea
3,Bind,d4v41,PRX,Skye,0.86,169.0,9,11,12,-2,68.0,102.0,25.0,4.0,2.0,2.0,GEN,,6,PRX,,13,1,VCT Emea
0,Breeze,iZu,T1,Yoru,1.79,323.0,26,13,3,13,77.0,206.0,37.0,5.0,0.0,5.0,T1,,13,KRX,,9,1,VCT Emea
0,Breeze,xccurate,T1,Harbor,0.96,171.0,15,14,6,1,68.0,117.0,24.0,0.0,0.0,0.0,T1,,13,KRX,,9,1,VCT Emea
0,Breeze,Sayaplayer,T1,Jett,0.94,246.0,20,18,3,2,68.0,155.0,24.0,5.0,4.0,1.0,T1,,13,KRX,,9,1,VCT Emea
0,Breeze,Rossy,T1,Viper,0.71,141.0,9,14,6,-5,73.0,100.0,32.0,2.0,3.0,-1.0,T1,,13,KRX,,9,1,VCT Emea
0,Breeze,carpe,T1,Sova,0.57,119.0,8,17,10,-9,64.0,93.0,28.0,0.0,3.0,-3.0,T1,,13,KRX,,9,1,VCT Emea
0,Breeze,MaKo,KRX,Viper,1.23,238.0,18,15,12,3,86.0,155.0,33.0,2.0,2.0,0.0,T1,,13,KRX,,9,0,VCT Emea
0,Breeze,BeYN,KRX,Yoru,1.09,212.0,16,14,4,2,77.0,144.0,30.0,2.0,6.0,-4.0,T1,,13,KRX,,9,0,VCT Emea
0,Breeze,BuZz,KRX,Jett,1.06,238.0,18,18,3,0,82.0,165.0,35.0,1.0,1.0,0.0,T1,,13,KRX,,9,0,VCT Emea
0,Breeze,stax,KRX,Sova,0.93,167.0,14,16,4,-2,68.0,98.0,17.0,2.0,0.0,2.0,T1,,13,KRX,,9,0,VCT Emea
0,Breeze,Foxy9,KRX,Cypher,0.69,124.0,10,15,2,-5,68.0,83.0,31.0,3.0,3.0,0.0,T1,,13,KRX,,9,0,VCT Emea
2,Split,carpe,T1,Skye,0.9,179.0,11,15,2,-4,72.0,117.0,36.0,3.0,1.0,2.0,T1,,5,KRX,,13,0,VCT Emea
2,Split,Sayaplayer,T1,Jett,0.74,155.0,10,15,2,-5,44.0,91.0,20.0,1.0,2.0,-1.0,T1,,5,KRX,,13,0,VCT Emea
2,Split,Rossy,T1,Viper,0.73,148.0,9,15,4,-6,61.0,85.0,13.0,0.0,2.0,-2.0,T1,,5,KRX,,13,0,VCT Emea
2,Split,xccurate,T1,Omen,0.49,88.0,6,15,5,-9,50.0,51.0,25.0,0.0,1.0,-1.0,T1,,5,KRX,,13,0,VCT Emea
2,Split,iZu,T1,Raze,0.34,139.0,7,16,3,-9,50.0,95.0,25.0,0.0,8.0,-8.0,T1,,5,KRX,,13,0,VCT Emea
2,Split,MaKo,KRX,Viper,1.82,326.0,21,8,9,13,83.0,228.0,34.0,4.0,1.0,3.0,T1,,5,KRX,,13,1,VCT Emea
2,Split,BuZz,KRX,Raze,1.36,276.0,19,8,2,11,78.0,175.0,26.0,3.0,2.0,1.0,T1,,5,KRX,,13,1,VCT Emea
2,Split,stax,KRX,Skye,1.31,225.0,14,9,6,5,100.0,132.0,35.0,5.0,0.0,5.0,T1,,5,KRX,,13,1,VCT Emea
2,Split,Foxy9,KRX,Cypher,1.17,176.0,12,8,7,4,72.0,111.0,21.0,1.0,1.0,0.0,T1,,5,KRX,,13,1,VCT Emea
2,Split,BeYN,KRX,Omen,1.02,169.0,10,10,11,0,94.0,104.0,21.0,1.0,0.0,1.0,T1,,5,KRX,,13,1,VCT Emea
3,Bind,Rossy,T1,Viper,1.18,194.0,13,13,3,0,68.0,122.0,21.0,0.0,2.0,-2.0,T1,,6,KRX,,13,0,VCT Emea
3,Bind,xccurate,T1,Harbor,1.02,187.0,13,14,1,-1,68.0,129.0,30.0,2.0,0.0,2.0,T1,,6,KRX,,13,0,VCT Emea
3,Bind,Sayaplayer,T1,Raze,0.86,164.0,11,15,2,-4,74.0,94.0,33.0,1.0,5.0,-4.0,T1,,6,KRX,,13,0,VCT Emea
3,Bind,carpe,T1,Gekko,0.45,109.0,6,18,10,-12,42.0,72.0,19.0,1.0,4.0,-3.0,T1,,6,KRX,,13,0,VCT Emea
3,Bind,iZu,T1,Skye,0.45,113.0,5,17,7,-12,53.0,86.0,18.0,3.0,1.0,2.0,T1,,6,KRX,,13,0,VCT Emea
3,Bind,BuZz,KRX,Raze,1.8,349.0,25,9,5,16,95.0,212.0,31.0,5.0,3.0,2.0,T1,,6,KRX,,13,1,VCT Emea
3,Bind,stax,KRX,Kayo,1.34,253.0,17,9,9,8,79.0,151.0,32.0,0.0,2.0,-2.0,T1,,6,KRX,,13,1,VCT Emea
3,Bind,MaKo,KRX,Viper,1.32,276.0,18,11,7,7,95.0,191.0,27.0,4.0,0.0,4.0,T1,,6,KRX,,13,1,VCT Emea
3,Bind,BeYN,KRX,Brimstone,1.05,166.0,11,9,10,2,95.0,99.0,26.0,1.0,1.0,0.0,T1,,6,KRX,,13,1,VCT Emea
3,Bind,Foxy9,KRX,Cypher,0.59,86.0,6,10,8,-4,68.0,56.0,20.0,2.0,1.0,1.0,T1,,6,KRX,,13,1,VCT Emea
0,Icebox,invy,TS,Kayo,1.44,252.0,20,13,9,7,76.0,163.0,36.0,2.0,1.0,1.0,TS,,13,ZETA,,8,1,VCT Emea
0,Icebox,BORKUM,TS,Viper,1.32,251.0,19,14,8,5,81.0,151.0,26.0,4.0,0.0,4.0,TS,,13,ZETA,,8,1,VCT Emea
0,Icebox,NDG,TS,Killjoy,1.05,227.0,17,14,4,3,86.0,140.0,28.0,3.0,2.0,1.0,TS,,13,ZETA,,8,1,VCT Emea
0,Icebox,Jremy,TS,Jett,0.93,184.0,14,14,6,0,76.0,128.0,34.0,4.0,4.0,0.0,TS,,13,ZETA,,8,1,VCT Emea
0,Icebox,JessieVash,TS,Sova,0.87,209.0,14,16,10,-2,76.0,141.0,38.0,1.0,0.0,1.0,TS,,13,ZETA,,8,1,VCT Emea
0,Icebox,hiroronn,ZETA,Kayo,1.04,185.0,13,16,20,-3,71.0,106.0,31.0,2.0,3.0,-1.0,TS,,13,ZETA,,8,0,VCT Emea
0,Icebox,Dep,ZETA,Jett,1.02,235.0,16,17,4,-1,57.0,164.0,35.0,2.0,4.0,-2.0,TS,,13,ZETA,,8,0,VCT Emea
0,Icebox,SugarZ3ro,ZETA,Viper,1.01,215.0,16,16,9,0,76.0,126.0,21.0,0.0,1.0,-1.0,TS,,13,ZETA,,8,0,VCT Emea
0,Icebox,Laz,ZETA,Killjoy,0.88,228.0,15,19,5,-4,62.0,151.0,25.0,3.0,4.0,-1.0,TS,,13,ZETA,,8,0,VCT Emea
0,Icebox,yuran,ZETA,Gekko,0.77,157.0,11,16,4,-5,76.0,106.0,35.0,0.0,2.0,-2.0,TS,,13,ZETA,,8,0,VCT Emea
2,Lotus,Jremy,TS,Raze,1.21,245.0,17,14,3,3,74.0,168.0,19.0,2.0,6.0,-4.0,TS,,6,ZETA,,13,0,VCT Emea
2,Lotus,NDG,TS,Killjoy,0.88,226.0,14,18,3,-4,53.0,135.0,20.0,5.0,1.0,4.0,TS,,6,ZETA,,13,0,VCT Emea
2,Lotus,BORKUM,TS,Omen,0.85,165.0,11,16,4,-5,63.0,109.0,16.0,1.0,2.0,-1.0,TS,,6,ZETA,,13,0,VCT Emea
2,Lotus,invy,TS,Viper,0.77,205.0,12,18,8,-6,68.0,128.0,13.0,0.0,0.0,0.0,TS,,6,ZETA,,13,0,VCT Emea
2,Lotus,JessieVash,TS,Fade,0.03,24.0,0,17,3,-17,26.0,24.0,0.0,0.0,2.0,-2.0,TS,,6,ZETA,,13,0,VCT Emea
2,Lotus,Dep,ZETA,Neon,1.53,342.0,23,13,4,10,84.0,223.0,37.0,4.0,2.0,2.0,TS,,6,ZETA,,13,1,VCT Emea
2,Lotus,SugarZ3ro,ZETA,Omen,1.51,256.0,19,10,8,9,95.0,139.0,28.0,3.0,1.0,2.0,TS,,6,ZETA,,13,1,VCT Emea
2,Lotus,yuran,ZETA,Viper,1.31,271.0,19,11,7,8,84.0,199.0,26.0,1.0,1.0,0.0,TS,,6,ZETA,,13,1,VCT Emea
2,Lotus,Laz,ZETA,Chamber,1.06,164.0,12,8,4,4,79.0,112.0,16.0,2.0,2.0,0.0,TS,,6,ZETA,,13,1,VCT Emea
2,Lotus,hiroronn,ZETA,Gekko,0.83,151.0,10,12,6,-2,95.0,102.0,31.0,1.0,2.0,-1.0,TS,,6,ZETA,,13,1,VCT Emea
3,Sunset,BORKUM,TS,Omen,1.41,255.0,18,13,7,5,65.0,172.0,22.0,2.0,1.0,1.0,TS,,13,ZETA,,7,1,VCT Emea
3,Sunset,JessieVash,TS,Sova,1.39,201.0,14,10,11,4,70.0,148.0,30.0,1.0,2.0,-1.0,TS,,13,ZETA,,7,1,VCT Emea
3,Sunset,invy,TS,Breach,1.29,194.0,14,12,13,2,75.0,127.0,35.0,0.0,1.0,-1.0,TS,,13,ZETA,,7,1,VCT Emea
3,Sunset,Jremy,TS,Raze,0.96,235.0,14,16,8,-2,80.0,174.0,28.0,5.0,5.0,0.0,TS,,13,ZETA,,7,1,VCT Emea
3,Sunset,NDG,TS,Cypher,0.86,161.0,13,14,2,-1,65.0,110.0,34.0,2.0,1.0,1.0,TS,,13,ZETA,,7,1,VCT Emea
3,Sunset,Laz,ZETA,Chamber,1.09,199.0,14,13,6,1,65.0,130.0,26.0,2.0,1.0,1.0,TS,,13,ZETA,,7,0,VCT Emea
3,Sunset,Dep,ZETA,Phoenix,0.99,214.0,17,15,4,2,70.0,127.0,27.0,4.0,4.0,0.0,TS,,13,ZETA,,7,0,VCT Emea
3,Sunset,hiroronn,ZETA,Sova,0.94,174.0,14,14,0,0,80.0,112.0,55.0,1.0,1.0,0.0,TS,,13,ZETA,,7,0,VCT Emea
3,Sunset,yuran,ZETA,Viper,0.9,234.0,12,15,10,-3,70.0,174.0,24.0,3.0,2.0,1.0,TS,,13,ZETA,,7,0,VCT Emea
3,Sunset,SugarZ3ro,ZETA,Omen,0.53,136.0,8,16,10,-8,75.0,82.0,36.0,0.0,2.0,-2.0,TS,,13,ZETA,,7,0,VCT Emea
0,Lotus,sScary,BLD,Omen,1.04,217.0,12,12,3,0,67.0,143.0,26.0,1.0,2.0,-1.0,BLD,,2,RRQ,,13,0,VCT Emea
0,Lotus,Retla,BLD,Viper,0.76,169.0,9,12,1,-3,67.0,118.0,43.0,0.0,1.0,-1.0,BLD,,2,RRQ,,13,0,VCT Emea
0,Lotus,Deryeon,BLD,Killjoy,0.54,176.0,8,13,2,-5,53.0,110.0,42.0,1.0,0.0,1.0,BLD,,2,RRQ,,13,0,VCT Emea
0,Lotus,yay,BLD,Raze,0.51,152.0,5,13,4,-8,60.0,116.0,23.0,2.0,5.0,-3.0,BLD,,2,RRQ,,13,0,VCT Emea
0,Lotus,Zest,BLD,Fade,0.14,53.0,2,12,3,-10,47.0,37.0,25.0,0.0,3.0,-3.0,BLD,,2,RRQ,,13,0,VCT Emea
0,Lotus,Jemkin,RRQ,Raze,1.51,259.0,14,7,3,7,100.0,176.0,18.0,3.0,1.0,2.0,BLD,,2,RRQ,,13,1,VCT Emea
0,Lotus,Lmemore,RRQ,Fade,1.37,217.0,12,7,6,5,93.0,141.0,39.0,1.0,2.0,-1.0,BLD,,2,RRQ,,13,1,VCT Emea
0,Lotus,xffero,RRQ,Killjoy,1.33,239.0,13,8,3,5,93.0,148.0,21.0,5.0,0.0,5.0,BLD,,2,RRQ,,13,1,VCT Emea
0,Lotus,Estrella,RRQ,Omen,1.27,190.0,13,7,4,6,87.0,134.0,31.0,1.0,0.0,1.0,BLD,,2,RRQ,,13,1,VCT Emea
0,Lotus,fl1pzjder,RRQ,Viper,1.05,188.0,10,7,6,3,67.0,132.0,29.0,1.0,1.0,0.0,BLD,,2,RRQ,,13,1,VCT Emea
2,Icebox,sScary,BLD,Viper,1.16,258.0,16,15,3,1,78.0,161.0,22.0,3.0,1.0,2.0,BLD,,5,RRQ,,13,0,VCT Emea
2,Icebox,Deryeon,BLD,Kayo,0.86,159.0,9,15,14,-6,83.0,98.0,27.0,2.0,1.0,1.0,BLD,,5,RRQ,,13,0,VCT Emea
2,Icebox,yay,BLD,Jett,0.8,208.0,12,15,2,-3,61.0,143.0,34.0,3.0,4.0,-1.0,BLD,,5,RRQ,,13,0,VCT Emea
2,Icebox,Zest,BLD,Gekko,0.63,166.0,10,16,3,-6,61.0,114.0,39.0,1.0,1.0,0.0,BLD,,5,RRQ,,13,0,VCT Emea
2,Icebox,Retla,BLD,Killjoy,0.4,96.0,7,14,0,-7,44.0,62.0,30.0,0.0,2.0,-2.0,BLD,,5,RRQ,,13,0,VCT Emea
2,Icebox,Lmemore,RRQ,Sova,2.22,440.0,30,10,3,20,83.0,276.0,30.0,4.0,2.0,2.0,BLD,,5,RRQ,,13,1,VCT Emea
2,Icebox,xffero,RRQ,Killjoy,1.71,313.0,23,9,1,14,89.0,216.0,34.0,1.0,2.0,-1.0,BLD,,5,RRQ,,13,1,VCT Emea
2,Icebox,Jemkin,RRQ,Jett,1.14,199.0,14,10,0,4,78.0,123.0,50.0,3.0,1.0,2.0,BLD,,5,RRQ,,13,1,VCT Emea
2,Icebox,Estrella,RRQ,Viper,0.53,149.0,8,14,7,-6,78.0,94.0,18.0,1.0,2.0,-1.0,BLD,,5,RRQ,,13,1,VCT Emea
2,Icebox,fl1pzjder,RRQ,Gekko,0.33,29.0,0,11,5,-11,78.0,28.0,7.0,0.0,2.0,-2.0,BLD,,5,RRQ,,13,1,VCT Emea
0,Split,t3xture,GEN,Raze,1.56,289.0,21,11,4,10,81.0,186.0,24.0,7.0,1.0,6.0,GEN,,13,DFM,,8,1,VCT Emea
0,Split,Munchkin,GEN,Viper,1.2,198.0,14,10,11,4,86.0,132.0,32.0,1.0,2.0,-1.0,GEN,,13,DFM,,8,1,VCT Emea
0,Split,Karon,GEN,Omen,1.0,127.0,10,9,11,1,86.0,77.0,41.0,0.0,1.0,-1.0,GEN,,13,DFM,,8,1,VCT Emea
0,Split,Meteor,GEN,Jett,0.89,178.0,14,13,1,1,71.0,111.0,37.0,4.0,3.0,1.0,GEN,,13,DFM,,8,1,VCT Emea
0,Split,Lakia,GEN,Skye,0.89,142.0,10,13,8,-3,81.0,101.0,19.0,0.0,1.0,-1.0,GEN,,13,DFM,,8,1,VCT Emea
0,Split,Medusa,DFM,Viper,1.02,198.0,13,13,4,0,86.0,124.0,39.0,2.0,1.0,1.0,GEN,,13,DFM,,8,0,VCT Emea
0,Split,Anthem,DFM,Skye,0.99,184.0,14,13,4,1,62.0,105.0,16.0,1.0,3.0,-2.0,GEN,,13,DFM,,8,0,VCT Emea
0,Split,Meiy,DFM,Raze,0.79,227.0,16,18,2,-2,62.0,134.0,28.0,5.0,4.0,1.0,GEN,,13,DFM,,8,0,VCT Emea
0,Split,neth,DFM,Cypher,0.74,91.0,8,12,2,-4,62.0,63.0,19.0,1.0,4.0,-3.0,GEN,,13,DFM,,8,0,VCT Emea
0,Split,SSeeS,DFM,Omen,0.57,74.0,5,14,6,-9,57.0,50.0,21.0,0.0,1.0,-1.0,GEN,,13,DFM,,8,0,VCT Emea
2,Lotus,Munchkin,GEN,Viper,1.35,245.0,16,10,6,6,80.0,152.0,44.0,3.0,0.0,3.0,GEN,,13,DFM,,7,1,VCT Emea
2,Lotus,Lakia,GEN,Fade,1.26,210.0,14,11,9,3,80.0,142.0,29.0,4.0,0.0,4.0,GEN,,13,DFM,,7,1,VCT Emea
2,Lotus,Karon,GEN,Omen,1.26,201.0,17,10,6,7,70.0,115.0,34.0,1.0,0.0,1.0,GEN,,13,DFM,,7,1,VCT Emea
2,Lotus,t3xture,GEN,Raze,1.0,189.0,14,13,5,1,70.0,131.0,28.0,2.0,4.0,-2.0,GEN,,13,DFM,,7,1,VCT Emea
2,Lotus,Meteor,GEN,Killjoy,0.8,188.0,13,16,1,-3,80.0,124.0,27.0,3.0,3.0,0.0,GEN,,13,DFM,,7,1,VCT Emea
2,Lotus,Meiy,DFM,Raze,1.63,351.0,25,15,2,10,50.0,214.0,24.0,5.0,2.0,3.0,GEN,,13,DFM,,7,0,VCT Emea
2,Lotus,Medusa,DFM,Viper,0.83,145.0,9,13,9,-4,70.0,104.0,38.0,0.0,3.0,-3.0,GEN,,13,DFM,,7,0,VCT Emea
2,Lotus,Anthem,DFM,Fade,0.63,135.0,9,15,5,-6,60.0,92.0,18.0,2.0,3.0,-1.0,GEN,,13,DFM,,7,0,VCT Emea
2,Lotus,neth,DFM,Killjoy,0.55,123.0,9,14,1,-5,55.0,77.0,27.0,0.0,4.0,-4.0,GEN,,13,DFM,,7,0,VCT Emea
2,Lotus,SSeeS,DFM,Omen,0.44,106.0,8,17,4,-9,55.0,71.0,69.0,0.0,1.0,-1.0,GEN,,13,DFM,,7,0,VCT Emea
0,Icebox,Lightningfast,GE,Sage,2.01,363.0,24,8,6,16,88.0,223.0,36.0,0.0,2.0,-2.0,GE,,13,TLN,,4,1,VCT Emea
0,Icebox,Russ,GE,Gekko,1.31,215.0,14,8,3,6,76.0,135.0,32.0,1.0,3.0,-2.0,GE,,13,TLN,,4,1,VCT Emea
0,Icebox,Benkai,GE,Killjoy,1.28,198.0,11,8,4,3,94.0,129.0,16.0,0.0,0.0,0.0,GE,,13,TLN,,4,1,VCT Emea
0,Icebox,Polvi,GE,Jett,1.06,269.0,16,13,4,3,82.0,162.0,16.0,3.0,4.0,-1.0,GE,,13,TLN,,4,1,VCT Emea
0,Icebox,blaZek1ng,GE,Viper,0.71,87.0,5,9,7,-4,71.0,58.0,44.0,1.0,3.0,-2.0,GE,,13,TLN,,4,1,VCT Emea
0,Icebox,Governor,TLN,Jett,1.13,248.0,14,13,2,1,76.0,163.0,46.0,7.0,0.0,7.0,GE,,13,TLN,,4,0,VCT Emea
0,Icebox,Crws,TLN,Gekko,0.65,169.0,9,13,2,-4,47.0,125.0,22.0,1.0,4.0,-3.0,GE,,13,TLN,,4,0,VCT Emea
0,Icebox,JitBoyS,TLN,Viper,0.62,174.0,10,14,0,-4,47.0,121.0,55.0,2.0,0.0,2.0,GE,,13,TLN,,4,0,VCT Emea
0,Icebox,ban,TLN,Kayo,0.46,116.0,6,14,6,-8,59.0,81.0,38.0,2.0,0.0,2.0,GE,,13,TLN,,4,0,VCT Emea
0,Icebox,Surf,TLN,Killjoy,0.4,120.0,7,16,1,-9,47.0,87.0,40.0,0.0,1.0,-1.0,GE,,13,TLN,,4,0,VCT Emea
2,Breeze,Lightningfast,GE,Viper,1.25,249.0,22,19,11,3,69.0,154.0,30.0,2.0,0.0,2.0,GE,,12,TLN,,14,0,VCT Emea
2,Breeze,Russ,GE,Kayo,1.21,236.0,21,18,12,3,77.0,153.0,43.0,1.0,1.0,0.0,GE,,12,TLN,,14,0,VCT Emea
2,Breeze,Benkai,GE,Cypher,0.97,179.0,18,18,5,0,69.0,127.0,29.0,0.0,2.0,-2.0,GE,,12,TLN,,14,0,VCT Emea
2,Breeze,Polvi,GE,Jett,0.73,174.0,16,23,6,-7,73.0,104.0,28.0,8.0,8.0,0.0,GE,,12,TLN,,14,0,VCT Emea
2,Breeze,blaZek1ng,GE,Sova,0.69,156.0,13,20,4,-7,65.0,103.0,33.0,3.0,1.0,2.0,GE,,12,TLN,,14,0,VCT Emea
2,Breeze,JitBoyS,TLN,Viper,1.58,311.0,29,17,7,12,77.0,212.0,40.0,3.0,0.0,3.0,GE,,12,TLN,,14,1,VCT Emea
2,Breeze,Governor,TLN,Jett,1.07,226.0,22,18,4,4,73.0,161.0,20.0,3.0,5.0,-2.0,GE,,12,TLN,,14,1,VCT Emea
2,Breeze,Surf,TLN,Cypher,0.91,168.0,15,15,5,0,77.0,117.0,42.0,0.0,0.0,0.0,GE,,12,TLN,,14,1,VCT Emea
2,Breeze,Crws,TLN,Sova,0.81,145.0,13,17,6,-4,65.0,103.0,26.0,0.0,4.0,-4.0,GE,,12,TLN,,14,1,VCT Emea
2,Breeze,ban,TLN,Yoru,0.71,212.0,19,23,3,-4,62.0,135.0,37.0,6.0,5.0,1.0,GE,,12,TLN,,14,1,VCT Emea
3,Lotus,blaZek1ng,GE,Viper,1.32,224.0,16,11,3,5,84.0,149.0,36.0,4.0,0.0,4.0,GE,,6,TLN,,13,0,VCT Emea
3,Lotus,Lightningfast,GE,Omen,1.02,207.0,14,14,4,0,74.0,128.0,42.0,2.0,1.0,1.0,GE,,6,TLN,,13,0,VCT Emea
3,Lotus,Benkai,GE,Killjoy,0.71,133.0,8,13,2,-5,58.0,103.0,22.0,0.0,2.0,-2.0,GE,,6,TLN,,13,0,VCT Emea
3,Lotus,Polvi,GE,Raze,0.56,138.0,7,13,4,-6,68.0,112.0,20.0,3.0,5.0,-2.0,GE,,6,TLN,,13,0,VCT Emea
3,Lotus,Russ,GE,Fade,0.33,76.0,5,13,1,-8,58.0,53.0,38.0,0.0,2.0,-2.0,GE,,6,TLN,,13,0,VCT Emea
3,Lotus,ban,TLN,Viper,1.65,315.0,22,10,3,12,79.0,191.0,30.0,2.0,2.0,0.0,GE,,6,TLN,,13,1,VCT Emea
3,Lotus,Governor,TLN,Raze,1.2,214.0,14,10,4,4,74.0,130.0,16.0,6.0,3.0,3.0,GE,,6,TLN,,13,1,VCT Emea
3,Lotus,Crws,TLN,Fade,1.14,150.0,9,8,6,1,74.0,94.0,29.0,1.0,1.0,0.0,GE,,6,TLN,,13,1,VCT Emea
3,Lotus,JitBoyS,TLN,Omen,1.0,180.0,14,12,3,2,79.0,129.0,48.0,0.0,1.0,-1.0,GE,,6,TLN,,13,1,VCT Emea
3,Lotus,Surf,TLN,Killjoy,0.59,79.0,5,10,0,-5,58.0,56.0,22.0,1.0,2.0,-1.0,GE,,6,TLN,,13,1,VCT Emea
0,Ascent,Rossy,T1,Kayo,1.72,307.0,20,9,10,11,84.0,201.0,48.0,4.0,1.0,3.0,T1,,13,RRQ,,6,1,VCT Emea
0,Ascent,iZu,T1,Omen,1.28,147.0,11,7,14,4,89.0,114.0,34.0,1.0,0.0,1.0,T1,,13,RRQ,,6,1,VCT Emea
0,Ascent,Sayaplayer,T1,Jett,1.18,234.0,18,13,1,5,74.0,145.0,34.0,5.0,4.0,1.0,T1,,13,RRQ,,6,1,VCT Emea
0,Ascent,carpe,T1,Sova,1.05,182.0,12,10,7,2,79.0,133.0,22.0,2.0,1.0,1.0,T1,,13,RRQ,,6,1,VCT Emea
0,Ascent,xccurate,T1,Killjoy,1.04,157.0,12,8,0,4,79.0,106.0,28.0,1.0,0.0,1.0,T1,,13,RRQ,,6,1,VCT Emea
0,Ascent,Lmemore,RRQ,Sova,0.94,165.0,11,15,5,-4,58.0,112.0,34.0,3.0,0.0,3.0,T1,,13,RRQ,,6,0,VCT Emea
0,Ascent,Jemkin,RRQ,Jett,0.85,189.0,13,14,1,-1,79.0,118.0,40.0,1.0,3.0,-2.0,T1,,13,RRQ,,6,0,VCT Emea
0,Ascent,fl1pzjder,RRQ,Kayo,0.74,139.0,8,15,12,-7,68.0,86.0,16.0,1.0,2.0,-1.0,T1,,13,RRQ,,6,0,VCT Emea
0,Ascent,xffero,RRQ,Killjoy,0.68,170.0,11,14,3,-3,53.0,104.0,21.0,1.0,5.0,-4.0,T1,,13,RRQ,,6,0,VCT Emea
0,Ascent,Estrella,RRQ,Omen,0.37,84.0,4,15,5,-11,47.0,60.0,17.0,0.0,3.0,-3.0,T1,,13,RRQ,,6,0,VCT Emea
2,Lotus,iZu,T1,Omen,1.51,292.0,23,14,7,9,81.0,195.0,26.0,3.0,3.0,0.0,T1,,13,RRQ,,8,1,VCT Emea
2,Lotus,xccurate,T1,Chamber,1.42,197.0,19,11,0,8,90.0,117.0,19.0,2.0,1.0,1.0,T1,,13,RRQ,,8,1,VCT Emea
2,Lotus,Sayaplayer,T1,Raze,1.03,274.0,19,19,6,0,76.0,176.0,35.0,6.0,1.0,5.0,T1,,13,RRQ,,8,1,VCT Emea
2,Lotus,carpe,T1,Fade,0.82,153.0,13,15,5,-2,76.0,112.0,37.0,0.0,2.0,-2.0,T1,,13,RRQ,,8,1,VCT Emea
2,Lotus,Rossy,T1,Viper,0.77,138.0,10,14,7,-4,67.0,101.0,29.0,0.0,3.0,-3.0,T1,,13,RRQ,,8,1,VCT Emea
2,Lotus,Lmemore,RRQ,Fade,1.33,314.0,23,17,1,6,62.0,206.0,34.0,4.0,1.0,3.0,T1,,13,RRQ,,8,0,VCT Emea
2,Lotus,Jemkin,RRQ,Raze,0.9,188.0,16,16,2,0,67.0,120.0,23.0,4.0,3.0,1.0,T1,,13,RRQ,,8,0,VCT Emea
2,Lotus,Estrella,RRQ,Omen,0.89,186.0,13,17,11,-4,76.0,137.0,29.0,0.0,3.0,-3.0,T1,,13,RRQ,,8,0,VCT Emea
2,Lotus,xffero,RRQ,Killjoy,0.83,192.0,14,17,3,-3,76.0,131.0,19.0,2.0,0.0,2.0,T1,,13,RRQ,,8,0,VCT Emea
2,Lotus,fl1pzjder,RRQ,Viper,0.45,113.0,7,17,8,-10,52.0,78.0,21.0,0.0,4.0,-4.0,T1,,13,RRQ,,8,0,VCT Emea
0,Sunset,Deryeon,BLD,Kayo,1.25,252.0,18,15,7,3,82.0,166.0,34.0,3.0,4.0,-1.0,BLD,,9,ZETA,,13,0,VCT Emea
0,Sunset,Zest,BLD,Gekko,0.97,217.0,16,17,8,-1,68.0,144.0,34.0,0.0,3.0,-3.0,BLD,,9,ZETA,,13,0,VCT Emea
0,Sunset,Retla,BLD,Cypher,0.93,223.0,16,18,5,-2,73.0,140.0,21.0,2.0,3.0,-1.0,BLD,,9,ZETA,,13,0,VCT Emea
0,Sunset,sScary,BLD,Omen,0.78,143.0,13,18,6,-5,64.0,81.0,18.0,1.0,0.0,1.0,BLD,,9,ZETA,,13,0,VCT Emea
0,Sunset,yay,BLD,Raze,0.7,108.0,9,14,2,-5,64.0,74.0,12.0,3.0,3.0,0.0,BLD,,9,ZETA,,13,0,VCT Emea
0,Sunset,SugarZ3ro,ZETA,Omen,1.5,288.0,24,12,9,12,77.0,181.0,34.0,2.0,1.0,1.0,BLD,,9,ZETA,,13,1,VCT Emea
0,Sunset,Laz,ZETA,Chamber,1.27,238.0,19,13,2,6,86.0,150.0,17.0,4.0,0.0,4.0,BLD,,9,ZETA,,13,1,VCT Emea
0,Sunset,Dep,ZETA,Phoenix,0.92,181.0,14,15,10,-1,82.0,124.0,17.0,6.0,1.0,5.0,BLD,,9,ZETA,,13,1,VCT Emea
0,Sunset,hiroronn,ZETA,Sova,0.8,167.0,14,16,6,-2,68.0,120.0,38.0,0.0,2.0,-2.0,BLD,,9,ZETA,,13,1,VCT Emea
0,Sunset,yuran,ZETA,Viper,0.72,157.0,11,16,9,-5,64.0,116.0,21.0,1.0,5.0,-4.0,BLD,,9,ZETA,,13,1,VCT Emea
2,Ascent,Zest,BLD,Sova,1.75,276.0,22,10,10,12,91.0,180.0,27.0,4.0,1.0,3.0,BLD,,13,ZETA,,9,1,VCT Emea
2,Ascent,sScary,BLD,Omen,1.12,187.0,15,12,11,3,77.0,120.0,15.0,1.0,1.0,0.0,BLD,,13,ZETA,,9,1,VCT Emea
2,Ascent,yay,BLD,Jett,1.12,271.0,20,16,7,4,68.0,178.0,32.0,7.0,3.0,4.0,BLD,,13,ZETA,,9,1,VCT Emea
2,Ascent,Retla,BLD,Killjoy,0.92,175.0,15,13,2,2,73.0,105.0,20.0,2.0,1.0,1.0,BLD,,13,ZETA,,9,1,VCT Emea
2,Ascent,Deryeon,BLD,Kayo,0.86,204.0,16,17,11,-1,82.0,128.0,33.0,1.0,1.0,0.0,BLD,,13,ZETA,,9,1,VCT Emea
2,Ascent,Laz,ZETA,Killjoy,1.29,253.0,20,16,1,4,68.0,161.0,26.0,3.0,2.0,1.0,BLD,,13,ZETA,,9,0,VCT Emea
2,Ascent,yuran,ZETA,Sova,1.09,212.0,17,16,2,1,59.0,120.0,29.0,2.0,1.0,1.0,BLD,,13,ZETA,,9,0,VCT Emea
2,Ascent,SugarZ3ro,ZETA,Omen,1.02,202.0,15,17,9,-2,64.0,136.0,44.0,0.0,2.0,-2.0,BLD,,13,ZETA,,9,0,VCT Emea
2,Ascent,Dep,ZETA,Jett,0.57,136.0,10,19,4,-9,50.0,95.0,24.0,1.0,7.0,-6.0,BLD,,13,ZETA,,9,0,VCT Emea
2,Ascent,hiroronn,ZETA,Kayo,0.39,119.0,6,20,14,-14,64.0,79.0,21.0,1.0,3.0,-2.0,BLD,,13,ZETA,,9,0,VCT Emea
3,Lotus,sScary,BLD,Omen,1.12,263.0,16,16,13,0,86.0,170.0,24.0,1.0,2.0,-1.0,BLD,,8,ZETA,,13,0,VCT Emea
3,Lotus,Zest,BLD,Fade,1.1,171.0,13,12,6,1,86.0,117.0,23.0,0.0,0.0,0.0,BLD,,8,ZETA,,13,0,VCT Emea
3,Lotus,Retla,BLD,Viper,0.95,168.0,13,14,7,-1,76.0,102.0,48.0,0.0,2.0,-2.0,BLD,,8,ZETA,,13,0,VCT Emea
3,Lotus,Deryeon,BLD,Killjoy,0.75,164.0,14,16,1,-2,62.0,95.0,29.0,1.0,3.0,-2.0,BLD,,8,ZETA,,13,0,VCT Emea
3,Lotus,yay,BLD,Raze,0.73,146.0,9,17,7,-8,67.0,95.0,7.0,4.0,8.0,-4.0,BLD,,8,ZETA,,13,0,VCT Emea
3,Lotus,Laz,ZETA,Chamber,1.35,221.0,18,11,2,7,76.0,142.0,23.0,6.0,1.0,5.0,BLD,,8,ZETA,,13,1,VCT Emea
3,Lotus,yuran,ZETA,Viper,1.12,234.0,16,13,8,3,76.0,153.0,26.0,4.0,0.0,4.0,BLD,,8,ZETA,,13,1,VCT Emea
3,Lotus,SugarZ3ro,ZETA,Omen,1.05,156.0,13,12,11,1,81.0,92.0,31.0,1.0,1.0,0.0,BLD,,8,ZETA,,13,1,VCT Emea
3,Lotus,hiroronn,ZETA,Gekko,0.95,181.0,14,13,7,1,86.0,106.0,39.0,1.0,1.0,0.0,BLD,,8,ZETA,,13,1,VCT Emea
3,Lotus,Dep,ZETA,Neon,0.87,199.0,14,16,7,-2,76.0,129.0,30.0,3.0,3.0,0.0,BLD,,8,ZETA,,13,1,VCT Emea
0,Bind,t3xture,GEN,Raze,1.14,268.0,20,19,5,1,70.0,172.0,23.0,7.0,4.0,3.0,GEN,,10,KRX,,13,0,VCT Emea
0,Bind,Meteor,GEN,Cypher,0.95,196.0,17,18,4,-1,70.0,134.0,35.0,0.0,0.0,0.0,GEN,,10,KRX,,13,0,VCT Emea
0,Bind,Karon,GEN,Brimstone,0.92,153.0,13,16,13,-3,74.0,78.0,19.0,0.0,2.0,-2.0,GEN,,10,KRX,,13,0,VCT Emea
0,Bind,Lakia,GEN,Skye,0.72,185.0,15,19,7,-4,65.0,121.0,27.0,1.0,5.0,-4.0,GEN,,10,KRX,,13,0,VCT Emea
0,Bind,Munchkin,GEN,Viper,0.71,149.0,8,16,16,-8,70.0,105.0,15.0,2.0,2.0,0.0,GEN,,10,KRX,,13,0,VCT Emea
0,Bind,Foxy9,KRX,Cypher,1.44,256.0,22,12,5,10,87.0,148.0,32.0,2.0,1.0,1.0,GEN,,10,KRX,,13,1,VCT Emea
0,Bind,MaKo,KRX,Viper,1.3,224.0,19,14,8,5,70.0,153.0,37.0,4.0,4.0,0.0,GEN,,10,KRX,,13,1,VCT Emea
0,Bind,stax,KRX,Kayo,1.27,237.0,17,16,20,1,83.0,162.0,18.0,2.0,1.0,1.0,GEN,,10,KRX,,13,1,VCT Emea
0,Bind,BeYN,KRX,Brimstone,0.96,206.0,18,17,10,1,78.0,144.0,42.0,2.0,1.0,1.0,GEN,,10,KRX,,13,1,VCT Emea
0,Bind,BuZz,KRX,Raze,0.9,143.0,12,14,5,-2,74.0,105.0,25.0,3.0,3.0,0.0,GEN,,10,KRX,,13,1,VCT Emea
2,Ascent,Munchkin,GEN,Kayo,1.45,275.0,21,14,12,7,77.0,198.0,29.0,1.0,2.0,-1.0,GEN,,13,KRX,,9,1,VCT Emea
2,Ascent,Meteor,GEN,Killjoy,1.15,203.0,19,12,1,7,77.0,151.0,37.0,1.0,2.0,-1.0,GEN,,13,KRX,,9,1,VCT Emea
2,Ascent,Karon,GEN,Omen,0.96,194.0,14,17,13,-3,77.0,120.0,32.0,3.0,1.0,2.0,GEN,,13,KRX,,9,1,VCT Emea
2,Ascent,t3xture,GEN,Jett,0.89,176.0,13,15,5,-2,68.0,131.0,28.0,4.0,4.0,0.0,GEN,,13,KRX,,9,1,VCT Emea
2,Ascent,Lakia,GEN,Sova,0.87,139.0,11,12,4,-1,68.0,93.0,23.0,3.0,1.0,2.0,GEN,,13,KRX,,9,1,VCT Emea
2,Ascent,BuZz,KRX,Jett,1.22,294.0,22,18,1,4,91.0,176.0,27.0,7.0,4.0,3.0,GEN,,13,KRX,,9,0,VCT Emea
2,Ascent,BeYN,KRX,Sova,1.08,201.0,17,14,5,3,86.0,140.0,32.0,0.0,0.0,0.0,GEN,,13,KRX,,9,0,VCT Emea
2,Ascent,stax,KRX,Kayo,0.89,143.0,10,15,18,-5,77.0,79.0,12.0,1.0,3.0,-2.0,GEN,,13,KRX,,9,0,VCT Emea
2,Ascent,MaKo,KRX,Omen,0.81,176.0,13,16,4,-3,64.0,126.0,31.0,2.0,3.0,-1.0,GEN,,13,KRX,,9,0,VCT Emea
2,Ascent,Foxy9,KRX,Killjoy,0.69,122.0,8,15,6,-7,64.0,91.0,24.0,0.0,2.0,-2.0,GEN,,13,KRX,,9,0,VCT Emea
3,Split,Munchkin,GEN,Viper,0.97,158.0,10,11,6,-1,75.0,99.0,23.0,1.0,1.0,0.0,GEN,,7,KRX,,13,0,VCT Emea
3,Split,Meteor,GEN,Jett,0.84,186.0,14,15,1,-1,55.0,117.0,48.0,5.0,3.0,2.0,GEN,,7,KRX,,13,0,VCT Emea
3,Split,t3xture,GEN,Raze,0.82,188.0,12,14,1,-2,60.0,135.0,20.0,1.0,5.0,-4.0,GEN,,7,KRX,,13,0,VCT Emea
3,Split,Karon,GEN,Omen,0.63,149.0,10,16,4,-6,60.0,95.0,28.0,1.0,3.0,-2.0,GEN,,7,KRX,,13,0,VCT Emea
3,Split,Lakia,GEN,Skye,0.45,92.0,5,16,6,-11,55.0,58.0,43.0,0.0,0.0,0.0,GEN,,7,KRX,,13,0,VCT Emea
3,Split,BeYN,KRX,Omen,1.56,248.0,17,9,12,8,85.0,164.0,37.0,3.0,1.0,2.0,GEN,,7,KRX,,13,1,VCT Emea
3,Split,Foxy9,KRX,Cypher,1.34,182.0,16,9,7,7,80.0,125.0,59.0,1.0,2.0,-1.0,GEN,,7,KRX,,13,1,VCT Emea
3,Split,stax,KRX,Skye,1.11,204.0,15,10,4,5,75.0,120.0,24.0,2.0,3.0,-1.0,GEN,,7,KRX,,13,1,VCT Emea
3,Split,BuZz,KRX,Raze,0.98,223.0,13,13,2,0,75.0,147.0,16.0,4.0,0.0,4.0,GEN,,7,KRX,,13,1,VCT Emea
3,Split,MaKo,KRX,Viper,0.92,145.0,11,11,5,0,75.0,99.0,33.0,2.0,2.0,0.0,GEN,,7,KRX,,13,1,VCT Emea
0,Lotus,sScary,BLD,Omen,1.57,307.0,26,15,6,11,82.0,179.0,34.0,6.0,1.0,5.0,BLD,,9,DFM,,13,0,VCT Emea
0,Lotus,Retla,BLD,Viper,0.87,133.0,11,12,5,-1,73.0,74.0,8.0,1.0,0.0,1.0,BLD,,9,DFM,,13,0,VCT Emea
0,Lotus,Deryeon,BLD,Killjoy,0.86,199.0,13,15,4,-2,68.0,143.0,26.0,1.0,2.0,-1.0,BLD,,9,DFM,,13,0,VCT Emea
0,Lotus,Zest,BLD,Fade,0.78,150.0,11,15,6,-4,73.0,114.0,27.0,0.0,1.0,-1.0,BLD,,9,DFM,,13,0,VCT Emea
0,Lotus,yay,BLD,Raze,0.64,148.0,10,15,2,-5,64.0,93.0,19.0,3.0,7.0,-4.0,BLD,,9,DFM,,13,0,VCT Emea
0,Lotus,SSeeS,DFM,Omen,1.33,198.0,17,11,9,6,68.0,143.0,40.0,0.0,0.0,0.0,BLD,,9,DFM,,13,1,VCT Emea
0,Lotus,Anthem,DFM,Fade,1.17,181.0,14,14,8,0,68.0,131.0,28.0,0.0,1.0,-1.0,BLD,,9,DFM,,13,1,VCT Emea
0,Lotus,Medusa,DFM,Viper,1.14,202.0,14,13,8,1,82.0,144.0,28.0,2.0,3.0,-1.0,BLD,,9,DFM,,13,1,VCT Emea
0,Lotus,neth,DFM,Killjoy,0.86,175.0,14,16,6,-2,68.0,113.0,19.0,3.0,3.0,0.0,BLD,,9,DFM,,13,1,VCT Emea
0,Lotus,Meiy,DFM,Raze,0.66,169.0,13,17,3,-4,68.0,110.0,24.0,6.0,4.0,2.0,BLD,,9,DFM,,13,1,VCT Emea
2,Split,Zest,BLD,Skye,1.3,216.0,16,12,5,4,80.0,135.0,21.0,2.0,0.0,2.0,BLD,,13,DFM,,7,1,VCT Emea
2,Split,sScary,BLD,Omen,1.27,237.0,16,12,7,4,90.0,178.0,23.0,2.0,1.0,1.0,BLD,,13,DFM,,7,1,VCT Emea
2,Split,Retla,BLD,Viper,1.21,164.0,11,8,5,3,90.0,123.0,33.0,0.0,1.0,-1.0,BLD,,13,DFM,,7,1,VCT Emea
2,Split,yay,BLD,Raze,0.88,210.0,16,15,3,1,60.0,130.0,24.0,4.0,5.0,-1.0,BLD,,13,DFM,,7,1,VCT Emea
2,Split,Deryeon,BLD,Jett,0.83,168.0,12,14,3,-2,75.0,114.0,15.0,1.0,4.0,-3.0,BLD,,13,DFM,,7,1,VCT Emea
2,Split,SSeeS,DFM,Omen,1.3,248.0,18,13,5,5,85.0,157.0,36.0,4.0,1.0,3.0,BLD,,13,DFM,,7,0,VCT Emea
2,Split,Meiy,DFM,Raze,0.96,217.0,15,17,4,-2,65.0,152.0,27.0,2.0,6.0,-4.0,BLD,,13,DFM,,7,0,VCT Emea
2,Split,Anthem,DFM,Skye,0.87,152.0,10,13,9,-3,80.0,101.0,13.0,1.0,0.0,1.0,BLD,,13,DFM,,7,0,VCT Emea
2,Split,Medusa,DFM,Viper,0.72,159.0,10,15,9,-5,65.0,106.0,24.0,2.0,2.0,0.0,BLD,,13,DFM,,7,0,VCT Emea
2,Split,neth,DFM,Cypher,0.71,106.0,8,13,4,-5,85.0,66.0,21.0,2.0,0.0,2.0,BLD,,13,DFM,,7,0,VCT Emea
3,Ascent,Zest,BLD,Sova,2.22,390.0,24,7,7,17,82.0,234.0,18.0,1.0,1.0,0.0,BLD,,13,DFM,,4,1,VCT Emea
3,Ascent,yay,BLD,Jett,1.4,204.0,15,6,2,9,82.0,140.0,38.0,2.0,3.0,-1.0,BLD,,13,DFM,,4,1,VCT Emea
3,Ascent,Deryeon,BLD,Kayo,1.31,193.0,12,8,11,4,94.0,112.0,30.0,4.0,0.0,4.0,BLD,,13,DFM,,4,1,VCT Emea
3,Ascent,sScary,BLD,Omen,1.11,176.0,9,9,12,0,82.0,136.0,30.0,2.0,1.0,1.0,BLD,,13,DFM,,4,1,VCT Emea
3,Ascent,Retla,BLD,Killjoy,0.69,129.0,8,9,2,-1,82.0,78.0,14.0,2.0,1.0,1.0,BLD,,13,DFM,,4,1,VCT Emea
3,Ascent,Meiy,DFM,Raze,1.14,262.0,15,13,3,2,76.0,172.0,34.0,3.0,1.0,2.0,BLD,,13,DFM,,4,0,VCT Emea
3,Ascent,Anthem,DFM,Kayo,0.69,152.0,7,14,7,-7,82.0,99.0,19.0,1.0,3.0,-2.0,BLD,,13,DFM,,4,0,VCT Emea
3,Ascent,SSeeS,DFM,Omen,0.57,97.0,6,14,6,-8,47.0,67.0,38.0,1.0,2.0,-1.0,BLD,,13,DFM,,4,0,VCT Emea
3,Ascent,Medusa,DFM,Viper,0.47,107.0,6,14,1,-8,59.0,62.0,17.0,1.0,3.0,-2.0,BLD,,13,DFM,,4,0,VCT Emea
3,Ascent,neth,DFM,Cypher,0.4,81.0,5,13,1,-8,47.0,57.0,35.0,0.0,2.0,-2.0,BLD,,13,DFM,,4,0,VCT Emea
0,Lotus,blaZek1ng,GE,Viper,1.4,262.0,22,12,12,10,74.0,157.0,15.0,3.0,2.0,1.0,GE,,13,RRQ,,10,1,VCT Emea
0,Lotus,Polvi,GE,Raze,1.37,246.0,21,12,4,9,87.0,158.0,22.0,5.0,0.0,5.0,GE,,13,RRQ,,10,1,VCT Emea
0,Lotus,Benkai,GE,Killjoy,1.11,197.0,16,12,3,4,61.0,131.0,22.0,3.0,2.0,1.0,GE,,13,RRQ,,10,1,VCT Emea
0,Lotus,Russ,GE,Fade,0.96,158.0,15,14,5,1,65.0,111.0,48.0,2.0,2.0,0.0,GE,,13,RRQ,,10,1,VCT Emea
0,Lotus,Lightningfast,GE,Omen,0.91,145.0,10,13,12,-3,78.0,91.0,33.0,3.0,1.0,2.0,GE,,13,RRQ,,10,1,VCT Emea
0,Lotus,Lmemore,RRQ,Fade,1.13,230.0,19,19,4,0,65.0,151.0,41.0,3.0,2.0,1.0,GE,,13,RRQ,,10,0,VCT Emea
0,Lotus,Jemkin,RRQ,Raze,0.75,139.0,10,15,5,-5,48.0,103.0,43.0,1.0,5.0,-4.0,GE,,13,RRQ,,10,0,VCT Emea
0,Lotus,xffero,RRQ,Killjoy,0.75,130.0,10,17,3,-7,57.0,95.0,39.0,1.0,2.0,-1.0,GE,,13,RRQ,,10,0,VCT Emea
0,Lotus,2GE,RRQ,Omen,0.7,108.0,10,14,4,-4,74.0,72.0,27.0,0.0,2.0,-2.0,GE,,13,RRQ,,10,0,VCT Emea
0,Lotus,fl1pzjder,RRQ,Viper,0.69,171.0,14,19,1,-5,65.0,111.0,32.0,2.0,5.0,-3.0,GE,,13,RRQ,,10,0,VCT Emea
2,Icebox,Polvi,GE,Jett,1.54,296.0,18,9,3,9,71.0,206.0,33.0,3.0,2.0,1.0,GE,,13,RRQ,,4,1,VCT Emea
2,Icebox,blaZek1ng,GE,Viper,1.35,253.0,16,11,8,5,76.0,156.0,28.0,3.0,1.0,2.0,GE,,13,RRQ,,4,1,VCT Emea
2,Icebox,Lightningfast,GE,Sage,0.99,195.0,13,11,7,2,76.0,120.0,26.0,1.0,2.0,-1.0,GE,,13,RRQ,,4,1,VCT Emea
2,Icebox,Benkai,GE,Killjoy,0.81,118.0,8,10,2,-2,65.0,81.0,23.0,1.0,1.0,0.0,GE,,13,RRQ,,4,1,VCT Emea
2,Icebox,Russ,GE,Gekko,0.59,159.0,9,15,3,-6,65.0,105.0,23.0,0.0,3.0,-3.0,GE,,13,RRQ,,4,1,VCT Emea
2,Icebox,Jemkin,RRQ,Jett,1.62,344.0,20,12,3,8,76.0,218.0,27.0,2.0,4.0,-2.0,GE,,13,RRQ,,4,0,VCT Emea
2,Icebox,xffero,RRQ,Killjoy,0.83,199.0,12,13,0,-1,71.0,125.0,31.0,1.0,0.0,1.0,GE,,13,RRQ,,4,0,VCT Emea
2,Icebox,2GE,RRQ,Viper,0.68,136.0,9,13,0,-4,59.0,94.0,31.0,0.0,1.0,-1.0,GE,,13,RRQ,,4,0,VCT Emea
2,Icebox,fl1pzjder,RRQ,Gekko,0.67,126.0,7,12,2,-5,59.0,68.0,41.0,3.0,0.0,3.0,GE,,13,RRQ,,4,0,VCT Emea
2,Icebox,Lmemore,RRQ,Sova,0.65,163.0,8,14,3,-6,47.0,112.0,37.0,3.0,3.0,0.0,GE,,13,RRQ,,4,0,VCT Emea
0,Lotus,iZu,T1,Omen,1.06,166.0,14,14,10,0,83.0,105.0,22.0,2.0,0.0,2.0,T1,,11,TLN,,13,0,VCT Emea
0,Lotus,carpe,T1,Fade,1.05,195.0,17,16,9,1,71.0,117.0,32.0,2.0,2.0,0.0,T1,,11,TLN,,13,0,VCT Emea
0,Lotus,Rossy,T1,Viper,1.01,189.0,15,15,9,0,83.0,133.0,25.0,3.0,2.0,1.0,T1,,11,TLN,,13,0,VCT Emea
0,Lotus,xccurate,T1,Chamber,0.88,175.0,16,16,1,0,75.0,115.0,21.0,3.0,2.0,1.0,T1,,11,TLN,,13,0,VCT Emea
0,Lotus,Sayaplayer,T1,Raze,0.86,194.0,17,19,1,-2,63.0,130.0,25.0,5.0,3.0,2.0,T1,,11,TLN,,13,0,VCT Emea
0,Lotus,JitBoyS,TLN,Omen,1.69,271.0,24,12,9,12,79.0,170.0,35.0,1.0,0.0,1.0,T1,,11,TLN,,13,1,VCT Emea
0,Lotus,lenne,TLN,Gekko,0.97,151.0,11,16,14,-5,79.0,96.0,18.0,1.0,2.0,-1.0,T1,,11,TLN,,13,1,VCT Emea
0,Lotus,Governor,TLN,Neon,0.9,173.0,17,17,3,0,63.0,110.0,27.0,1.0,8.0,-7.0,T1,,11,TLN,,13,1,VCT Emea
0,Lotus,Crws,TLN,Viper,0.81,217.0,16,17,3,-1,67.0,151.0,29.0,4.0,4.0,0.0,T1,,11,TLN,,13,1,VCT Emea
0,Lotus,ban,TLN,Chamber,0.7,146.0,12,17,2,-5,50.0,95.0,24.0,2.0,1.0,1.0,T1,,11,TLN,,13,1,VCT Emea
2,Bind,Rossy,T1,Viper,1.22,246.0,19,17,5,2,74.0,159.0,26.0,3.0,1.0,2.0,T1,,10,TLN,,13,0,VCT Emea
2,Bind,Sayaplayer,T1,Raze,1.22,232.0,18,15,6,3,78.0,146.0,14.0,1.0,3.0,-2.0,T1,,10,TLN,,13,0,VCT Emea
2,Bind,xccurate,T1,Harbor,0.99,225.0,19,18,5,1,74.0,135.0,31.0,2.0,5.0,-3.0,T1,,10,TLN,,13,0,VCT Emea
2,Bind,carpe,T1,Gekko,0.65,106.0,7,15,4,-8,70.0,78.0,25.0,1.0,1.0,0.0,T1,,10,TLN,,13,0,VCT Emea
2,Bind,iZu,T1,Skye,0.42,131.0,11,21,5,-10,61.0,84.0,22.0,0.0,6.0,-6.0,T1,,10,TLN,,13,0,VCT Emea
2,Bind,Surf,TLN,Viper,1.58,287.0,23,14,9,9,78.0,209.0,55.0,4.0,0.0,4.0,T1,,10,TLN,,13,1,VCT Emea
2,Bind,Governor,TLN,Raze,1.27,246.0,21,16,2,5,78.0,174.0,21.0,6.0,2.0,4.0,T1,,10,TLN,,13,1,VCT Emea
2,Bind,JitBoyS,TLN,Harbor,1.17,187.0,16,13,14,3,83.0,110.0,34.0,3.0,3.0,0.0,T1,,10,TLN,,13,1,VCT Emea
2,Bind,ban,TLN,Skye,1.04,197.0,17,15,10,2,74.0,119.0,17.0,2.0,1.0,1.0,T1,,10,TLN,,13,1,VCT Emea
2,Bind,Crws,TLN,Gekko,0.48,105.0,9,16,4,-7,65.0,78.0,19.0,1.0,1.0,0.0,T1,,10,TLN,,13,1,VCT Emea
0,Split,Karon,GEN,Omen,1.68,272.0,22,8,6,14,90.0,163.0,27.0,2.0,0.0,2.0,GEN,,13,ZETA,,8,1,VCT Emea
0,Split,Meteor,GEN,Jett,1.42,284.0,22,11,3,11,71.0,166.0,16.0,2.0,2.0,0.0,GEN,,13,ZETA,,8,1,VCT Emea
0,Split,Lakia,GEN,Skye,1.17,193.0,15,12,12,3,81.0,132.0,24.0,0.0,2.0,-2.0,GEN,,13,ZETA,,8,1,VCT Emea
0,Split,t3xture,GEN,Raze,0.78,170.0,13,14,3,-1,57.0,114.0,24.0,3.0,3.0,0.0,GEN,,13,ZETA,,8,1,VCT Emea
0,Split,Munchkin,GEN,Viper,0.62,107.0,5,12,8,-7,71.0,85.0,8.0,1.0,6.0,-5.0,GEN,,13,ZETA,,8,1,VCT Emea
0,Split,yuran,ZETA,Viper,1.21,204.0,14,14,5,0,67.0,153.0,21.0,0.0,1.0,-1.0,GEN,,13,ZETA,,8,0,VCT Emea
0,Split,Dep,ZETA,Yoru,0.95,223.0,17,17,2,0,71.0,149.0,32.0,5.0,4.0,1.0,GEN,,13,ZETA,,8,0,VCT Emea
0,Split,Laz,ZETA,Chamber,0.91,158.0,11,15,3,-4,57.0,117.0,27.0,4.0,1.0,3.0,GEN,,13,ZETA,,8,0,VCT Emea
0,Split,SugarZ3ro,ZETA,Astra,0.76,144.0,9,15,5,-6,62.0,96.0,31.0,3.0,1.0,2.0,GEN,,13,ZETA,,8,0,VCT Emea
0,Split,hiroronn,ZETA,Breach,0.51,92.0,6,16,6,-10,67.0,58.0,21.0,1.0,1.0,0.0,GEN,,13,ZETA,,8,0,VCT Emea
2,Ascent,t3xture,GEN,Jett,1.19,235.0,21,17,4,4,73.0,156.0,25.0,7.0,2.0,5.0,GEN,,14,ZETA,,12,1,VCT Emea
2,Ascent,Munchkin,GEN,Kayo,1.1,191.0,18,15,11,3,62.0,127.0,27.0,0.0,2.0,-2.0,GEN,,14,ZETA,,12,1,VCT Emea
2,Ascent,Lakia,GEN,Sova,1.07,174.0,14,16,13,-2,73.0,116.0,21.0,2.0,4.0,-2.0,GEN,,14,ZETA,,12,1,VCT Emea
2,Ascent,Meteor,GEN,Killjoy,0.98,236.0,22,20,5,2,58.0,160.0,40.0,2.0,3.0,-1.0,GEN,,14,ZETA,,12,1,VCT Emea
2,Ascent,Karon,GEN,Omen,0.96,174.0,16,18,12,-2,62.0,121.0,29.0,3.0,1.0,2.0,GEN,,14,ZETA,,12,1,VCT Emea
2,Ascent,Dep,ZETA,Jett,1.55,321.0,29,18,1,11,77.0,213.0,28.0,7.0,2.0,5.0,GEN,,14,ZETA,,12,0,VCT Emea
2,Ascent,SugarZ3ro,ZETA,Omen,1.05,206.0,19,18,9,1,69.0,130.0,41.0,1.0,1.0,0.0,GEN,,14,ZETA,,12,0,VCT Emea
2,Ascent,Laz,ZETA,Killjoy,1.01,174.0,16,14,3,2,69.0,123.0,25.0,0.0,3.0,-3.0,GEN,,14,ZETA,,12,0,VCT Emea
2,Ascent,yuran,ZETA,Sova,0.85,196.0,17,21,8,-4,58.0,118.0,23.0,4.0,3.0,1.0,GEN,,14,ZETA,,12,0,VCT Emea
2,Ascent,hiroronn,ZETA,Kayo,0.39,68.0,5,20,13,-15,62.0,48.0,8.0,0.0,5.0,-5.0,GEN,,14,ZETA,,12,0,VCT Emea
0,Lotus,Jremy,TS,Raze,1.52,315.0,19,11,3,8,88.0,184.0,13.0,4.0,4.0,0.0,TS,,13,DFM,,4,1,VCT Emea
0,Lotus,BORKUM,TS,Omen,1.42,258.0,18,10,6,8,94.0,150.0,24.0,1.0,2.0,-1.0,TS,,13,DFM,,4,1,VCT Emea
0,Lotus,JessieVash,TS,Fade,1.12,198.0,12,10,10,2,82.0,140.0,27.0,1.0,1.0,0.0,TS,,13,DFM,,4,1,VCT Emea
0,Lotus,invy,TS,Viper,1.06,192.0,12,12,5,0,76.0,133.0,44.0,2.0,0.0,2.0,TS,,13,DFM,,4,1,VCT Emea
0,Lotus,NDG,TS,Killjoy,0.87,148.0,10,11,5,-1,71.0,107.0,16.0,1.0,1.0,0.0,TS,,13,DFM,,4,1,VCT Emea
0,Lotus,Medusa,DFM,Viper,1.07,274.0,16,15,4,1,59.0,158.0,22.0,2.0,1.0,1.0,TS,,13,DFM,,4,0,VCT Emea
0,Lotus,SSeeS,DFM,Omen,1.04,232.0,15,14,5,1,76.0,131.0,41.0,2.0,0.0,2.0,TS,,13,DFM,,4,0,VCT Emea
0,Lotus,Anthem,DFM,Fade,0.85,127.0,8,12,7,-4,82.0,74.0,38.0,2.0,1.0,1.0,TS,,13,DFM,,4,0,VCT Emea
0,Lotus,neth,DFM,Killjoy,0.72,195.0,10,15,4,-5,59.0,138.0,23.0,0.0,3.0,-3.0,TS,,13,DFM,,4,0,VCT Emea
0,Lotus,Meiy,DFM,Raze,0.34,120.0,5,15,5,-10,71.0,79.0,16.0,2.0,4.0,-2.0,TS,,13,DFM,,4,0,VCT Emea
2,Breeze,JessieVash,TS,Sova,1.3,264.0,22,14,4,8,82.0,159.0,21.0,2.0,2.0,0.0,TS,,9,DFM,,13,0,VCT Emea
2,Breeze,BORKUM,TS,Viper,0.96,192.0,14,16,9,-2,73.0,139.0,17.0,1.0,1.0,0.0,TS,,9,DFM,,13,0,VCT Emea
2,Breeze,invy,TS,Kayo,0.91,181.0,14,19,14,-5,73.0,116.0,38.0,1.0,2.0,-1.0,TS,,9,DFM,,13,0,VCT Emea
2,Breeze,Jremy,TS,Jett,0.86,205.0,16,17,2,-1,64.0,135.0,28.0,5.0,6.0,-1.0,TS,,9,DFM,,13,0,VCT Emea
2,Breeze,NDG,TS,Cypher,0.71,140.0,11,16,7,-5,45.0,97.0,17.0,0.0,2.0,-2.0,TS,,9,DFM,,13,0,VCT Emea
2,Breeze,Anthem,DFM,Sova,1.25,254.0,20,15,6,5,77.0,154.0,35.0,0.0,0.0,0.0,TS,,9,DFM,,13,1,VCT Emea
2,Breeze,neth,DFM,Cypher,1.24,235.0,19,16,8,3,77.0,164.0,34.0,1.0,1.0,0.0,TS,,9,DFM,,13,1,VCT Emea
2,Breeze,Meiy,DFM,Yoru,1.13,230.0,20,16,3,4,64.0,130.0,31.0,6.0,4.0,2.0,TS,,9,DFM,,13,1,VCT Emea
2,Breeze,Medusa,DFM,Omen,1.0,223.0,16,16,7,0,68.0,137.0,55.0,5.0,3.0,2.0,TS,,9,DFM,,13,1,VCT Emea
2,Breeze,SSeeS,DFM,Viper,0.77,115.0,7,14,12,-7,77.0,83.0,19.0,1.0,1.0,0.0,TS,,9,DFM,,13,1,VCT Emea
3,Sunset,NDG,TS,Cypher,1.84,326.0,19,8,3,11,80.0,218.0,30.0,2.0,0.0,2.0,TS,,13,DFM,,2,1,VCT Emea
3,Sunset,Jremy,TS,Raze,1.76,352.0,20,8,0,12,100.0,213.0,25.0,5.0,1.0,4.0,TS,,13,DFM,,2,1,VCT Emea
3,Sunset,JessieVash,TS,Sova,1.54,262.0,13,6,8,7,87.0,198.0,31.0,1.0,2.0,-1.0,TS,,13,DFM,,2,1,VCT Emea
3,Sunset,BORKUM,TS,Omen,1.33,198.0,11,8,8,3,93.0,143.0,31.0,2.0,2.0,0.0,TS,,13,DFM,,2,1,VCT Emea
3,Sunset,invy,TS,Breach,1.26,146.0,8,5,13,3,100.0,107.0,23.0,0.0,0.0,0.0,TS,,13,DFM,,2,1,VCT Emea
3,Sunset,Meiy,DFM,Raze,0.8,208.0,11,14,0,-3,60.0,146.0,29.0,1.0,4.0,-3.0,TS,,13,DFM,,2,0,VCT Emea
3,Sunset,SSeeS,DFM,Omen,0.71,144.0,8,12,4,-4,67.0,82.0,21.0,0.0,2.0,-2.0,TS,,13,DFM,,2,0,VCT Emea
3,Sunset,Medusa,DFM,Viper,0.52,162.0,7,15,3,-8,73.0,113.0,38.0,4.0,4.0,0.0,TS,,13,DFM,,2,0,VCT Emea
3,Sunset,neth,DFM,Cypher,0.24,110.0,5,15,3,-10,53.0,78.0,26.0,0.0,0.0,0.0,TS,,13,DFM,,2,0,VCT Emea
3,Sunset,Anthem,DFM,Gekko,0.21,88.0,4,15,4,-11,47.0,59.0,20.0,0.0,0.0,0.0,TS,,13,DFM,,2,0,VCT Emea
0,Sunset,blaZek1ng,GE,Omen,1.11,218.0,13,13,3,0,53.0,144.0,39.0,4.0,3.0,1.0,GE,,4,PRX,,13,0,VCT Emea
0,Sunset,Polvi,GE,Gekko,0.93,196.0,11,13,3,-2,65.0,132.0,25.0,2.0,0.0,2.0,GE,,4,PRX,,13,0,VCT Emea
0,Sunset,Russ,GE,Kayo,0.8,193.0,10,14,7,-4,53.0,111.0,50.0,0.0,1.0,-1.0,GE,,4,PRX,,13,0,VCT Emea
0,Sunset,Benkai,GE,Killjoy,0.6,115.0,6,13,4,-7,59.0,85.0,23.0,0.0,2.0,-2.0,GE,,4,PRX,,13,0,VCT Emea
0,Sunset,Lightningfast,GE,Sage,0.45,143.0,7,16,4,-9,53.0,95.0,27.0,2.0,3.0,-1.0,GE,,4,PRX,,13,0,VCT Emea
0,Sunset,something,PRX,Gekko,1.64,224.0,17,7,3,10,82.0,155.0,31.0,1.0,1.0,0.0,GE,,4,PRX,,13,1,VCT Emea
0,Sunset,d4v41,PRX,Sage,1.39,258.0,15,9,12,6,88.0,165.0,25.0,4.0,1.0,3.0,GE,,4,PRX,,13,1,VCT Emea
0,Sunset,mindfreak,PRX,Omen,1.28,200.0,13,8,5,5,82.0,133.0,35.0,1.0,2.0,-1.0,GE,,4,PRX,,13,1,VCT Emea
0,Sunset,Jinggg,PRX,Raze,1.19,265.0,16,11,1,5,65.0,196.0,33.0,2.0,3.0,-1.0,GE,,4,PRX,,13,1,VCT Emea
0,Sunset,f0rsakeN,PRX,Breach,0.81,131.0,8,12,12,-4,82.0,89.0,27.0,1.0,1.0,0.0,GE,,4,PRX,,13,1,VCT Emea
2,Icebox,blaZek1ng,GE,Viper,1.45,276.0,20,16,12,4,95.0,198.0,40.0,2.0,0.0,2.0,GE,,7,PRX,,13,0,VCT Emea
2,Icebox,Polvi,GE,Jett,1.1,250.0,17,18,5,-1,70.0,157.0,17.0,5.0,4.0,1.0,GE,,7,PRX,,13,0,VCT Emea
2,Icebox,Benkai,GE,Killjoy,0.89,186.0,12,14,2,-2,80.0,141.0,20.0,0.0,1.0,-1.0,GE,,7,PRX,,13,0,VCT Emea
2,Icebox,Russ,GE,Gekko,0.61,180.0,12,18,5,-6,60.0,133.0,45.0,2.0,3.0,-1.0,GE,,7,PRX,,13,0,VCT Emea
2,Icebox,Lightningfast,GE,Sage,0.6,149.0,9,17,10,-8,70.0,99.0,26.0,2.0,1.0,1.0,GE,,7,PRX,,13,0,VCT Emea
2,Icebox,Jinggg,PRX,Sage,1.52,288.0,20,13,15,7,85.0,190.0,29.0,1.0,1.0,0.0,GE,,7,PRX,,13,1,VCT Emea
2,Icebox,f0rsakeN,PRX,Kayo,1.29,234.0,17,13,19,4,75.0,142.0,34.0,1.0,3.0,-2.0,GE,,7,PRX,,13,1,VCT Emea
2,Icebox,d4v41,PRX,Killjoy,1.29,227.0,19,12,1,7,95.0,142.0,43.0,2.0,1.0,1.0,GE,,7,PRX,,13,1,VCT Emea
2,Icebox,mindfreak,PRX,Viper,1.14,231.0,17,14,8,3,90.0,154.0,29.0,1.0,2.0,-1.0,GE,,7,PRX,,13,1,VCT Emea
2,Icebox,something,PRX,Jett,0.53,157.0,10,18,3,-8,65.0,95.0,19.0,4.0,4.0,0.0,GE,,7,PRX,,13,1,VCT Emea
0,Ascent,Retla,BLD,Killjoy,1.22,251.0,14,12,6,2,72.0,184.0,23.0,2.0,2.0,0.0,BLD,,5,PRX,,13,0,VCT Emea
0,Ascent,sScary,BLD,Omen,1.09,225.0,14,14,3,0,72.0,137.0,30.0,1.0,2.0,-1.0,BLD,,5,PRX,,13,0,VCT Emea
0,Ascent,yay,BLD,Jett,0.64,170.0,10,16,3,-6,61.0,119.0,40.0,0.0,6.0,-6.0,BLD,,5,PRX,,13,0,VCT Emea
0,Ascent,Zest,BLD,Sova,0.53,135.0,8,14,2,-6,44.0,86.0,8.0,1.0,1.0,0.0,BLD,,5,PRX,,13,0,VCT Emea
0,Ascent,Deryeon,BLD,Kayo,0.48,116.0,6,16,4,-10,72.0,76.0,32.0,1.0,2.0,-1.0,BLD,,5,PRX,,13,0,VCT Emea
0,Ascent,d4v41,PRX,Kayo,1.64,335.0,22,10,5,12,94.0,208.0,44.0,6.0,0.0,6.0,BLD,,5,PRX,,13,1,VCT Emea
0,Ascent,mindfreak,PRX,Omen,1.17,142.0,9,7,8,2,83.0,93.0,20.0,2.0,0.0,2.0,BLD,,5,PRX,,13,1,VCT Emea
0,Ascent,something,PRX,Jett,1.11,251.0,17,12,5,5,83.0,142.0,15.0,1.0,2.0,-1.0,BLD,,5,PRX,,13,1,VCT Emea
0,Ascent,f0rsakeN,PRX,Sova,1.1,184.0,13,9,2,4,89.0,113.0,29.0,2.0,2.0,0.0,BLD,,5,PRX,,13,1,VCT Emea
0,Ascent,Jinggg,PRX,Sage,0.78,169.0,11,14,7,-3,89.0,126.0,23.0,2.0,1.0,1.0,BLD,,5,PRX,,13,1,VCT Emea
2,Bind,sScary,BLD,Brimstone,1.4,275.0,18,12,3,6,79.0,176.0,28.0,0.0,1.0,-1.0,BLD,,6,PRX,,13,0,VCT Emea
2,Bind,Retla,BLD,Viper,0.9,226.0,15,15,1,0,68.0,148.0,44.0,2.0,0.0,2.0,BLD,,6,PRX,,13,0,VCT Emea
2,Bind,yay,BLD,Raze,0.57,175.0,9,18,6,-9,74.0,131.0,21.0,3.0,6.0,-3.0,BLD,,6,PRX,,13,0,VCT Emea
2,Bind,Zest,BLD,Skye,0.49,93.0,6,16,7,-10,53.0,64.0,39.0,2.0,2.0,0.0,BLD,,6,PRX,,13,0,VCT Emea
2,Bind,Deryeon,BLD,Gekko,0.44,109.0,8,17,3,-9,58.0,72.0,20.0,1.0,2.0,-1.0,BLD,,6,PRX,,13,0,VCT Emea
2,Bind,mindfreak,PRX,Brimstone,1.49,272.0,20,9,3,11,84.0,172.0,40.0,1.0,1.0,0.0,BLD,,6,PRX,,13,1,VCT Emea
2,Bind,something,PRX,Gekko,1.27,204.0,15,10,5,5,84.0,121.0,25.0,5.0,1.0,4.0,BLD,,6,PRX,,13,1,VCT Emea
2,Bind,d4v41,PRX,Skye,1.25,254.0,17,12,8,5,79.0,172.0,26.0,2.0,1.0,1.0,BLD,,6,PRX,,13,1,VCT Emea
2,Bind,f0rsakeN,PRX,Harbor,1.12,188.0,12,10,4,2,79.0,142.0,28.0,1.0,1.0,0.0,BLD,,6,PRX,,13,1,VCT Emea
2,Bind,Jinggg,PRX,Raze,0.8,191.0,13,15,5,-2,74.0,124.0,15.0,2.0,4.0,-2.0,BLD,,6,PRX,,13,1,VCT Emea
0,Split,Lightningfast,GE,Omen,1.36,255.0,20,14,9,6,87.0,175.0,44.0,2.0,1.0,1.0,GE,,10,DFM,,13,0,VCT Emea
0,Split,Polvi,GE,Raze,1.07,235.0,19,18,7,1,83.0,169.0,23.0,5.0,3.0,2.0,GE,,10,DFM,,13,0,VCT Emea
0,Split,Benkai,GE,Cypher,0.97,190.0,14,15,5,-1,74.0,127.0,26.0,1.0,2.0,-1.0,GE,,10,DFM,,13,0,VCT Emea
0,Split,blaZek1ng,GE,Viper,0.94,214.0,17,17,5,0,74.0,144.0,28.0,3.0,3.0,0.0,GE,,10,DFM,,13,0,VCT Emea
0,Split,Russ,GE,Skye,0.74,124.0,10,15,9,-5,74.0,82.0,31.0,2.0,1.0,1.0,GE,,10,DFM,,13,0,VCT Emea
0,Split,SSeeS,DFM,Omen,1.19,205.0,18,16,10,2,74.0,108.0,24.0,2.0,2.0,0.0,GE,,10,DFM,,13,1,VCT Emea
0,Split,Anthem,DFM,Skye,1.11,205.0,16,15,12,1,65.0,136.0,17.0,1.0,1.0,0.0,GE,,10,DFM,,13,1,VCT Emea
0,Split,Meiy,DFM,Raze,1.06,268.0,21,19,5,2,61.0,188.0,34.0,5.0,3.0,2.0,GE,,10,DFM,,13,1,VCT Emea
0,Split,neth,DFM,Cypher,0.95,163.0,13,16,7,-3,65.0,119.0,23.0,2.0,4.0,-2.0,GE,,10,DFM,,13,1,VCT Emea
0,Split,Medusa,DFM,Viper,0.84,137.0,11,14,7,-3,70.0,89.0,52.0,0.0,3.0,-3.0,GE,,10,DFM,,13,1,VCT Emea
2,Lotus,Russ,GE,Fade,1.87,285.0,20,7,7,13,83.0,175.0,53.0,3.0,0.0,3.0,GE,,13,DFM,,5,1,VCT Emea
2,Lotus,Lightningfast,GE,Omen,1.58,277.0,19,9,8,10,78.0,188.0,51.0,3.0,2.0,1.0,GE,,13,DFM,,5,1,VCT Emea
2,Lotus,Polvi,GE,Raze,1.34,262.0,16,13,4,3,78.0,171.0,23.0,2.0,2.0,0.0,GE,,13,DFM,,5,1,VCT Emea
2,Lotus,blaZek1ng,GE,Viper,0.88,155.0,10,11,3,-1,72.0,120.0,28.0,3.0,2.0,1.0,GE,,13,DFM,,5,1,VCT Emea
2,Lotus,Benkai,GE,Killjoy,0.5,95.0,6,12,2,-6,78.0,67.0,15.0,0.0,1.0,-1.0,GE,,13,DFM,,5,1,VCT Emea
2,Lotus,Anthem,DFM,Fade,0.98,165.0,9,12,7,-3,56.0,128.0,34.0,0.0,0.0,0.0,GE,,13,DFM,,5,0,VCT Emea
2,Lotus,neth,DFM,Killjoy,0.87,194.0,11,14,1,-3,56.0,120.0,15.0,2.0,2.0,0.0,GE,,13,DFM,,5,0,VCT Emea
2,Lotus,Meiy,DFM,Raze,0.83,196.0,14,15,1,-1,61.0,139.0,41.0,2.0,4.0,-2.0,GE,,13,DFM,,5,0,VCT Emea
2,Lotus,Medusa,DFM,Viper,0.6,191.0,11,16,6,-5,67.0,118.0,20.0,3.0,3.0,0.0,GE,,13,DFM,,5,0,VCT Emea
2,Lotus,SSeeS,DFM,Omen,0.52,116.0,7,14,5,-7,56.0,72.0,38.0,0.0,2.0,-2.0,GE,,13,DFM,,5,0,VCT Emea
3,Ascent,Polvi,GE,Jett,1.34,262.0,22,15,4,7,63.0,167.0,18.0,3.0,4.0,-1.0,GE,,13,DFM,,11,1,VCT Emea
3,Ascent,blaZek1ng,GE,Sova,1.32,263.0,21,15,6,6,88.0,175.0,27.0,4.0,0.0,4.0,GE,,13,DFM,,11,1,VCT Emea
3,Ascent,Benkai,GE,Killjoy,1.16,206.0,20,13,3,7,79.0,146.0,31.0,3.0,1.0,2.0,GE,,13,DFM,,11,1,VCT Emea
3,Ascent,Russ,GE,Kayo,0.98,181.0,16,15,8,1,83.0,128.0,39.0,3.0,2.0,1.0,GE,,13,DFM,,11,1,VCT Emea
3,Ascent,Lightningfast,GE,Omen,0.73,119.0,9,15,8,-6,63.0,80.0,26.0,1.0,3.0,-2.0,GE,,13,DFM,,11,1,VCT Emea
3,Ascent,Anthem,DFM,Kayo,1.11,176.0,16,15,7,1,58.0,127.0,24.0,1.0,1.0,0.0,GE,,13,DFM,,11,0,VCT Emea
3,Ascent,Medusa,DFM,Viper,1.07,209.0,17,17,7,0,63.0,130.0,27.0,1.0,2.0,-1.0,GE,,13,DFM,,11,0,VCT Emea
3,Ascent,Meiy,DFM,Raze,0.82,214.0,17,20,2,-3,67.0,134.0,14.0,6.0,7.0,-1.0,GE,,13,DFM,,11,0,VCT Emea
3,Ascent,neth,DFM,Cypher,0.82,160.0,12,17,8,-5,54.0,108.0,17.0,2.0,3.0,-1.0,GE,,13,DFM,,11,0,VCT Emea
3,Ascent,SSeeS,DFM,Omen,0.52,122.0,11,19,6,-8,71.0,79.0,16.0,0.0,1.0,-1.0,GE,,13,DFM,,11,0,VCT Emea
0,Bind,Rossy,T1,Skye,1.32,250.0,20,15,12,5,92.0,159.0,23.0,2.0,4.0,-2.0,T1,,11,ZETA,,13,0,VCT Emea
0,Bind,Sayaplayer,T1,Raze,1.3,301.0,24,19,7,5,83.0,211.0,25.0,5.0,2.0,3.0,T1,,11,ZETA,,13,0,VCT Emea
0,Bind,xccurate,T1,Harbor,0.92,176.0,15,16,7,-1,79.0,119.0,34.0,1.0,2.0,-1.0,T1,,11,ZETA,,13,0,VCT Emea
0,Bind,iZu,T1,Viper,0.84,167.0,14,15,5,-1,63.0,116.0,33.0,1.0,1.0,0.0,T1,,11,ZETA,,13,0,VCT Emea
0,Bind,carpe,T1,Gekko,0.68,131.0,13,18,4,-5,58.0,76.0,10.0,2.0,4.0,-2.0,T1,,11,ZETA,,13,0,VCT Emea
0,Bind,Dep,ZETA,Raze,1.27,248.0,21,16,6,5,83.0,159.0,16.0,4.0,2.0,2.0,T1,,11,ZETA,,13,1,VCT Emea
0,Bind,yuran,ZETA,Gekko,1.1,222.0,18,17,11,1,63.0,146.0,26.0,2.0,3.0,-1.0,T1,,11,ZETA,,13,1,VCT Emea
0,Bind,SugarZ3ro,ZETA,Brimstone,0.98,184.0,14,17,9,-3,75.0,121.0,30.0,2.0,2.0,0.0,T1,,11,ZETA,,13,1,VCT Emea
0,Bind,hiroronn,ZETA,Skye,0.95,185.0,15,19,13,-4,75.0,128.0,30.0,3.0,3.0,0.0,T1,,11,ZETA,,13,1,VCT Emea
0,Bind,Laz,ZETA,Viper,0.87,179.0,15,17,4,-2,63.0,124.0,23.0,2.0,1.0,1.0,T1,,11,ZETA,,13,1,VCT Emea
2,Lotus,Rossy,T1,Viper,1.37,234.0,18,13,8,5,77.0,172.0,27.0,1.0,0.0,1.0,T1,,13,ZETA,,9,1,VCT Emea
2,Lotus,xccurate,T1,Chamber,1.33,230.0,21,13,2,8,77.0,156.0,27.0,4.0,1.0,3.0,T1,,13,ZETA,,9,1,VCT Emea
2,Lotus,iZu,T1,Omen,1.12,233.0,18,16,8,2,77.0,163.0,43.0,3.0,0.0,3.0,T1,,13,ZETA,,9,1,VCT Emea
2,Lotus,Sayaplayer,T1,Raze,0.91,229.0,17,18,8,-1,91.0,158.0,21.0,7.0,4.0,3.0,T1,,13,ZETA,,9,1,VCT Emea
2,Lotus,carpe,T1,Fade,0.71,147.0,11,15,9,-4,68.0,86.0,24.0,2.0,0.0,2.0,T1,,13,ZETA,,9,1,VCT Emea
2,Lotus,Laz,ZETA,Chamber,1.44,273.0,22,16,3,6,77.0,192.0,28.0,2.0,2.0,0.0,T1,,13,ZETA,,9,0,VCT Emea
2,Lotus,yuran,ZETA,Viper,0.97,188.0,14,16,4,-2,64.0,136.0,34.0,0.0,2.0,-2.0,T1,,13,ZETA,,9,0,VCT Emea
2,Lotus,SugarZ3ro,ZETA,Omen,0.8,196.0,14,18,12,-4,77.0,111.0,34.0,2.0,2.0,0.0,T1,,13,ZETA,,9,0,VCT Emea
2,Lotus,Dep,ZETA,Neon,0.71,156.0,13,17,4,-4,64.0,99.0,46.0,1.0,7.0,-6.0,T1,,13,ZETA,,9,0,VCT Emea
2,Lotus,hiroronn,ZETA,Gekko,0.7,164.0,12,18,6,-6,68.0,99.0,38.0,0.0,4.0,-4.0,T1,,13,ZETA,,9,0,VCT Emea
3,Sunset,carpe,T1,Gekko,1.17,205.0,17,13,12,4,78.0,131.0,27.0,4.0,2.0,2.0,T1,,13,ZETA,,10,1,VCT Emea
3,Sunset,Sayaplayer,T1,Raze,1.11,221.0,17,16,3,1,61.0,144.0,24.0,7.0,4.0,3.0,T1,,13,ZETA,,10,1,VCT Emea
3,Sunset,iZu,T1,Omen,1.09,198.0,18,15,12,3,83.0,124.0,36.0,0.0,1.0,-1.0,T1,,13,ZETA,,10,1,VCT Emea
3,Sunset,Rossy,T1,Kayo,0.91,179.0,14,15,9,-1,83.0,120.0,30.0,3.0,0.0,3.0,T1,,13,ZETA,,10,1,VCT Emea
3,Sunset,xccurate,T1,Cypher,0.87,194.0,15,17,9,-2,74.0,133.0,28.0,1.0,1.0,0.0,T1,,13,ZETA,,10,1,VCT Emea
3,Sunset,yuran,ZETA,Viper,1.16,198.0,13,15,17,-2,74.0,143.0,32.0,0.0,2.0,-2.0,T1,,13,ZETA,,10,0,VCT Emea
3,Sunset,hiroronn,ZETA,Sova,1.1,222.0,20,17,5,3,70.0,141.0,54.0,1.0,3.0,-2.0,T1,,13,ZETA,,10,0,VCT Emea
3,Sunset,SugarZ3ro,ZETA,Omen,1.06,171.0,15,15,11,0,78.0,104.0,34.0,0.0,3.0,-3.0,T1,,13,ZETA,,10,0,VCT Emea
3,Sunset,Dep,ZETA,Phoenix,0.91,176.0,13,16,9,-3,74.0,115.0,26.0,0.0,3.0,-3.0,T1,,13,ZETA,,10,0,VCT Emea
3,Sunset,Laz,ZETA,Chamber,0.83,188.0,15,18,2,-3,57.0,110.0,40.0,7.0,4.0,3.0,T1,,13,ZETA,,10,0,VCT Emea
0,Sunset,invy,TS,Breach,1.38,194.0,18,12,12,6,88.0,133.0,42.0,2.0,0.0,2.0,TS,,13,TLN,,11,1,VCT Emea
0,Sunset,NDG,TS,Cypher,1.31,258.0,22,16,13,6,83.0,173.0,25.0,1.0,0.0,1.0,TS,,13,TLN,,11,1,VCT Emea
0,Sunset,Jremy,TS,Raze,1.1,232.0,19,17,4,2,71.0,152.0,22.0,7.0,8.0,-1.0,TS,,13,TLN,,11,1,VCT Emea
0,Sunset,BORKUM,TS,Omen,0.96,140.0,12,15,6,-3,71.0,99.0,15.0,1.0,3.0,-2.0,TS,,13,TLN,,11,1,VCT Emea
0,Sunset,JessieVash,TS,Sova,0.78,157.0,13,18,5,-5,75.0,111.0,26.0,2.0,0.0,2.0,TS,,13,TLN,,11,1,VCT Emea
0,Sunset,JitBoyS,TLN,Omen,1.0,207.0,17,19,12,-2,75.0,139.0,33.0,2.0,2.0,0.0,TS,,13,TLN,,11,0,VCT Emea
0,Sunset,Crws,TLN,Breach,0.98,150.0,13,14,9,-1,67.0,94.0,35.0,0.0,0.0,0.0,TS,,13,TLN,,11,0,VCT Emea
0,Sunset,Governor,TLN,Raze,0.93,224.0,19,17,2,2,58.0,134.0,28.0,3.0,5.0,-2.0,TS,,13,TLN,,11,0,VCT Emea
0,Sunset,lenne,TLN,Fade,0.85,171.0,15,17,10,-2,75.0,102.0,29.0,2.0,3.0,-1.0,TS,,13,TLN,,11,0,VCT Emea
0,Sunset,ban,TLN,Cypher,0.78,171.0,14,17,3,-3,63.0,126.0,34.0,4.0,3.0,1.0,TS,,13,TLN,,11,0,VCT Emea
2,Lotus,JessieVash,TS,Fade,1.44,278.0,26,16,3,10,75.0,160.0,40.0,1.0,1.0,0.0,TS,,11,TLN,,13,0,VCT Emea
2,Lotus,NDG,TS,Killjoy,1.03,208.0,17,18,6,-1,75.0,125.0,27.0,3.0,3.0,0.0,TS,,11,TLN,,13,0,VCT Emea
2,Lotus,invy,TS,Viper,0.78,172.0,13,19,9,-6,58.0,116.0,30.0,3.0,2.0,1.0,TS,,11,TLN,,13,0,VCT Emea
2,Lotus,BORKUM,TS,Omen,0.65,137.0,12,17,3,-5,67.0,96.0,20.0,0.0,0.0,0.0,TS,,11,TLN,,13,0,VCT Emea
2,Lotus,Jremy,TS,Raze,0.44,114.0,9,20,6,-11,67.0,85.0,20.0,2.0,9.0,-7.0,TS,,11,TLN,,13,0,VCT Emea
2,Lotus,Surf,TLN,Viper,1.23,241.0,22,17,6,5,75.0,152.0,46.0,4.0,2.0,2.0,TS,,11,TLN,,13,1,VCT Emea
2,Lotus,Governor,TLN,Raze,1.12,204.0,16,14,7,2,79.0,149.0,33.0,3.0,2.0,1.0,TS,,11,TLN,,13,1,VCT Emea
2,Lotus,ban,TLN,Killjoy,1.09,263.0,22,17,2,5,75.0,159.0,30.0,3.0,2.0,1.0,TS,,11,TLN,,13,1,VCT Emea
2,Lotus,Crws,TLN,Fade,1.04,195.0,15,14,8,1,79.0,134.0,23.0,2.0,1.0,1.0,TS,,11,TLN,,13,1,VCT Emea
2,Lotus,JitBoyS,TLN,Omen,0.95,169.0,15,15,7,0,88.0,108.0,37.0,3.0,2.0,1.0,TS,,11,TLN,,13,1,VCT Emea
3,Breeze,JessieVash,TS,Sova,1.04,184.0,15,15,5,0,61.0,128.0,24.0,2.0,1.0,1.0,TS,,10,TLN,,13,0,VCT Emea
3,Breeze,Jremy,TS,Jett,0.95,237.0,18,17,5,1,70.0,144.0,23.0,5.0,6.0,-1.0,TS,,10,TLN,,13,0,VCT Emea
3,Breeze,invy,TS,Kayo,0.82,175.0,14,17,8,-3,70.0,124.0,35.0,1.0,4.0,-3.0,TS,,10,TLN,,13,0,VCT Emea
3,Breeze,BORKUM,TS,Viper,0.77,160.0,12,18,8,-6,61.0,107.0,23.0,1.0,1.0,0.0,TS,,10,TLN,,13,0,VCT Emea
3,Breeze,NDG,TS,Cypher,0.76,167.0,13,17,3,-4,65.0,121.0,34.0,2.0,0.0,2.0,TS,,10,TLN,,13,0,VCT Emea
3,Breeze,ban,TLN,Yoru,1.52,304.0,26,16,6,10,74.0,218.0,43.0,5.0,3.0,2.0,TS,,10,TLN,,13,1,VCT Emea
3,Breeze,JitBoyS,TLN,Viper,1.4,206.0,17,11,13,6,87.0,148.0,38.0,1.0,0.0,1.0,TS,,10,TLN,,13,1,VCT Emea
3,Breeze,Governor,TLN,Jett,1.13,248.0,21,18,4,3,74.0,165.0,29.0,3.0,4.0,-1.0,TS,,10,TLN,,13,1,VCT Emea
3,Breeze,Crws,TLN,Sova,0.89,131.0,11,14,3,-3,74.0,96.0,32.0,1.0,2.0,-1.0,TS,,10,TLN,,13,1,VCT Emea
3,Breeze,Surf,TLN,Cypher,0.77,121.0,9,13,3,-4,57.0,98.0,36.0,2.0,2.0,0.0,TS,,10,TLN,,13,1,VCT Emea
0,Bind,Retla,BLD,Viper,1.16,203.0,16,12,8,4,73.0,124.0,33.0,0.0,2.0,-2.0,BLD,,9,KRX,,13,0,VCT Emea
0,Bind,sScary,BLD,Brimstone,1.0,229.0,18,17,7,1,77.0,150.0,25.0,4.0,1.0,3.0,BLD,,9,KRX,,13,0,VCT Emea
0,Bind,Zest,BLD,Skye,0.98,190.0,14,15,8,-1,73.0,110.0,20.0,0.0,2.0,-2.0,BLD,,9,KRX,,13,0,VCT Emea
0,Bind,Deryeon,BLD,Gekko,0.86,145.0,11,14,5,-3,77.0,91.0,23.0,2.0,2.0,0.0,BLD,,9,KRX,,13,0,VCT Emea
0,Bind,yay,BLD,Raze,0.64,201.0,14,19,3,-5,73.0,133.0,13.0,4.0,5.0,-1.0,BLD,,9,KRX,,13,0,VCT Emea
0,Bind,BeYN,KRX,Brimstone,1.76,310.0,25,12,7,13,86.0,187.0,37.0,2.0,1.0,1.0,BLD,,9,KRX,,13,1,VCT Emea
0,Bind,MaKo,KRX,Viper,1.25,291.0,21,16,8,5,64.0,194.0,31.0,4.0,3.0,1.0,BLD,,9,KRX,,13,1,VCT Emea
0,Bind,Foxy9,KRX,Cypher,1.1,206.0,16,15,7,1,68.0,137.0,45.0,2.0,1.0,1.0,BLD,,9,KRX,,13,1,VCT Emea
0,Bind,BuZz,KRX,Raze,0.74,151.0,9,15,4,-6,64.0,110.0,14.0,2.0,4.0,-2.0,BLD,,9,KRX,,13,1,VCT Emea
0,Bind,stax,KRX,Kayo,0.54,92.0,6,15,11,-9,73.0,61.0,22.0,2.0,1.0,1.0,BLD,,9,KRX,,13,1,VCT Emea
2,Breeze,Zest,BLD,Sova,0.91,175.0,11,12,1,-1,59.0,126.0,29.0,2.0,0.0,2.0,BLD,,4,KRX,,13,0,VCT Emea
2,Breeze,Retla,BLD,Cypher,0.8,136.0,8,12,3,-4,71.0,101.0,14.0,0.0,1.0,-1.0,BLD,,4,KRX,,13,0,VCT Emea
2,Breeze,yay,BLD,Yoru,0.61,172.0,9,15,1,-6,59.0,114.0,21.0,5.0,2.0,3.0,BLD,,4,KRX,,13,0,VCT Emea
2,Breeze,Deryeon,BLD,Jett,0.6,128.0,8,15,2,-7,65.0,87.0,17.0,2.0,1.0,1.0,BLD,,4,KRX,,13,0,VCT Emea
2,Breeze,sScary,BLD,Viper,0.41,136.0,7,15,4,-8,47.0,82.0,29.0,1.0,3.0,-2.0,BLD,,4,KRX,,13,0,VCT Emea
2,Breeze,BuZz,KRX,Jett,1.78,355.0,23,10,0,13,71.0,203.0,21.0,5.0,3.0,2.0,BLD,,4,KRX,,13,1,VCT Emea
2,Breeze,MaKo,KRX,Viper,1.41,221.0,14,7,6,7,76.0,137.0,29.0,0.0,1.0,-1.0,BLD,,4,KRX,,13,1,VCT Emea
2,Breeze,BeYN,KRX,Astra,1.24,201.0,13,8,3,5,88.0,145.0,43.0,0.0,1.0,-1.0,BLD,,4,KRX,,13,1,VCT Emea
2,Breeze,stax,KRX,Sova,1.19,184.0,11,8,5,3,71.0,126.0,32.0,1.0,1.0,0.0,BLD,,4,KRX,,13,1,VCT Emea
2,Breeze,Foxy9,KRX,Cypher,0.78,141.0,8,10,5,-2,82.0,105.0,38.0,1.0,4.0,-3.0,BLD,,4,KRX,,13,1,VCT Emea
0,Breeze,Karon,GEN,Astra,1.76,320.0,20,8,2,12,81.0,204.0,33.0,3.0,0.0,3.0,GEN,,13,RRQ,,3,1,VCT Emea
0,Breeze,Munchkin,GEN,Viper,1.54,230.0,14,6,3,8,81.0,183.0,32.0,1.0,0.0,1.0,GEN,,13,RRQ,,3,1,VCT Emea
0,Breeze,t3xture,GEN,Jett,1.26,243.0,16,9,2,7,69.0,158.0,33.0,5.0,2.0,3.0,GEN,,13,RRQ,,3,1,VCT Emea
0,Breeze,Meteor,GEN,Yoru,0.93,150.0,9,10,4,-1,81.0,114.0,27.0,2.0,1.0,1.0,GEN,,13,RRQ,,3,1,VCT Emea
0,Breeze,Lakia,GEN,Sova,0.71,127.0,7,11,9,-4,81.0,93.0,11.0,1.0,1.0,0.0,GEN,,13,RRQ,,3,1,VCT Emea
0,Breeze,Estrella,RRQ,Viper,1.08,172.0,10,10,1,0,69.0,122.0,24.0,0.0,1.0,-1.0,GEN,,13,RRQ,,3,0,VCT Emea
0,Breeze,xffero,RRQ,Cypher,1.01,233.0,13,14,1,-1,69.0,142.0,40.0,1.0,0.0,1.0,GEN,,13,RRQ,,3,0,VCT Emea
0,Breeze,Jemkin,RRQ,Jett,0.88,218.0,12,14,0,-2,69.0,151.0,48.0,1.0,4.0,-3.0,GEN,,13,RRQ,,3,0,VCT Emea
0,Breeze,fl1pzjder,RRQ,Yoru,0.34,72.0,4,13,2,-9,38.0,41.0,10.0,1.0,3.0,-2.0,GEN,,13,RRQ,,3,0,VCT Emea
0,Breeze,Lmemore,RRQ,Sova,0.24,99.0,5,15,3,-10,44.0,72.0,46.0,1.0,4.0,-3.0,GEN,,13,RRQ,,3,0,VCT Emea
2,Ascent,t3xture,GEN,Jett,1.17,253.0,21,19,7,2,75.0,165.0,28.0,7.0,2.0,5.0,GEN,,11,RRQ,,13,0,VCT Emea
2,Ascent,Lakia,GEN,Sova,0.99,197.0,16,17,9,-1,79.0,139.0,40.0,2.0,1.0,1.0,GEN,,11,RRQ,,13,0,VCT Emea
2,Ascent,Munchkin,GEN,Kayo,0.86,174.0,14,18,11,-4,75.0,103.0,20.0,1.0,6.0,-5.0,GEN,,11,RRQ,,13,0,VCT Emea
2,Ascent,Karon,GEN,Omen,0.78,134.0,12,19,13,-7,75.0,85.0,27.0,1.0,1.0,0.0,GEN,,11,RRQ,,13,0,VCT Emea
2,Ascent,Meteor,GEN,Killjoy,0.63,168.0,16,20,3,-4,63.0,125.0,28.0,2.0,1.0,1.0,GEN,,11,RRQ,,13,0,VCT Emea
2,Ascent,Jemkin,RRQ,Jett,1.57,287.0,26,14,4,12,75.0,188.0,32.0,3.0,5.0,-2.0,GEN,,11,RRQ,,13,1,VCT Emea
2,Ascent,fl1pzjder,RRQ,Kayo,1.31,269.0,23,16,10,7,79.0,175.0,29.0,3.0,3.0,0.0,GEN,,11,RRQ,,13,1,VCT Emea
2,Ascent,Lmemore,RRQ,Sova,0.96,185.0,16,18,5,-2,63.0,136.0,29.0,2.0,1.0,1.0,GEN,,11,RRQ,,13,1,VCT Emea
2,Ascent,Estrella,RRQ,Omen,0.96,186.0,15,16,9,-1,83.0,122.0,40.0,1.0,1.0,0.0,GEN,,11,RRQ,,13,1,VCT Emea
2,Ascent,xffero,RRQ,Killjoy,0.82,139.0,13,15,1,-2,63.0,81.0,35.0,2.0,3.0,-1.0,GEN,,11,RRQ,,13,1,VCT Emea
3,Split,t3xture,GEN,Raze,1.13,239.0,19,17,3,2,65.0,152.0,34.0,2.0,5.0,-3.0,GEN,,10,RRQ,,13,0,VCT Emea
3,Split,Munchkin,GEN,Viper,1.02,212.0,16,17,6,-1,70.0,163.0,24.0,2.0,1.0,1.0,GEN,,10,RRQ,,13,0,VCT Emea
3,Split,Meteor,GEN,Jett,0.85,180.0,16,18,2,-2,57.0,128.0,28.0,1.0,5.0,-4.0,GEN,,10,RRQ,,13,0,VCT Emea
3,Split,Karon,GEN,Omen,0.82,205.0,17,18,7,-1,65.0,122.0,44.0,1.0,2.0,-1.0,GEN,,10,RRQ,,13,0,VCT Emea
3,Split,Lakia,GEN,Skye,0.51,113.0,8,19,7,-11,61.0,72.0,50.0,1.0,3.0,-2.0,GEN,,10,RRQ,,13,0,VCT Emea
3,Split,Jemkin,RRQ,Raze,1.31,275.0,22,16,8,6,83.0,163.0,23.0,7.0,2.0,5.0,GEN,,10,RRQ,,13,1,VCT Emea
3,Split,Lmemore,RRQ,Skye,1.26,280.0,25,17,4,8,74.0,181.0,38.0,1.0,3.0,-2.0,GEN,,10,RRQ,,13,1,VCT Emea
3,Split,fl1pzjder,RRQ,Viper,1.1,153.0,13,12,9,1,78.0,109.0,46.0,2.0,0.0,2.0,GEN,,10,RRQ,,13,1,VCT Emea
3,Split,xffero,RRQ,Cypher,1.01,189.0,16,15,10,1,74.0,121.0,35.0,3.0,0.0,3.0,GEN,,10,RRQ,,13,1,VCT Emea
3,Split,Estrella,RRQ,Omen,0.95,155.0,13,16,9,-3,78.0,98.0,45.0,3.0,2.0,1.0,GEN,,10,RRQ,,13,1,VCT Emea
0,Icebox,invy,TS,Kayo,1.8,307.0,25,12,17,13,86.0,202.0,56.0,1.0,0.0,1.0,TS,,13,PRX,,9,1,VCT Emea
0,Icebox,BORKUM,TS,Viper,1.16,220.0,16,13,5,3,73.0,130.0,16.0,2.0,1.0,1.0,TS,,13,PRX,,9,1,VCT Emea
0,Icebox,JessieVash,TS,Sova,1.11,227.0,17,15,6,2,86.0,151.0,41.0,2.0,1.0,1.0,TS,,13,PRX,,9,1,VCT Emea
0,Icebox,Jremy,TS,Jett,1.02,204.0,16,14,3,2,86.0,143.0,27.0,6.0,6.0,0.0,TS,,13,PRX,,9,1,VCT Emea
0,Icebox,NDG,TS,Killjoy,0.77,163.0,14,16,3,-2,68.0,112.0,23.0,2.0,1.0,1.0,TS,,13,PRX,,9,1,VCT Emea
0,Icebox,f0rsakeN,PRX,Kayo,1.08,189.0,16,16,6,0,73.0,143.0,26.0,1.0,1.0,0.0,TS,,13,PRX,,9,0,VCT Emea
0,Icebox,d4v41,PRX,Killjoy,1.04,217.0,18,17,1,1,73.0,136.0,44.0,2.0,2.0,0.0,TS,,13,PRX,,9,0,VCT Emea
0,Icebox,mindfreak,PRX,Viper,0.82,154.0,10,16,8,-6,68.0,119.0,28.0,0.0,3.0,-3.0,TS,,13,PRX,,9,0,VCT Emea
0,Icebox,Jinggg,PRX,Sage,0.65,179.0,13,20,6,-7,68.0,117.0,27.0,1.0,1.0,0.0,TS,,13,PRX,,9,0,VCT Emea
0,Icebox,something,PRX,Jett,0.59,179.0,13,19,2,-6,59.0,106.0,18.0,5.0,6.0,-1.0,TS,,13,PRX,,9,0,VCT Emea
2,Sunset,Jremy,TS,Raze,1.82,421.0,30,15,8,15,100.0,241.0,22.0,10.0,3.0,7.0,TS,,13,PRX,,8,1,VCT Emea
2,Sunset,JessieVash,TS,Sova,1.44,264.0,23,12,4,11,81.0,173.0,30.0,2.0,0.0,2.0,TS,,13,PRX,,8,1,VCT Emea
2,Sunset,invy,TS,Breach,0.94,156.0,12,13,15,-1,86.0,110.0,29.0,1.0,0.0,1.0,TS,,13,PRX,,8,1,VCT Emea
2,Sunset,BORKUM,TS,Omen,0.89,169.0,12,14,8,-2,86.0,114.0,20.0,2.0,1.0,1.0,TS,,13,PRX,,8,1,VCT Emea
2,Sunset,NDG,TS,Cypher,0.68,135.0,10,15,10,-5,71.0,84.0,15.0,1.0,0.0,1.0,TS,,13,PRX,,8,1,VCT Emea
2,Sunset,mindfreak,PRX,Viper,1.22,241.0,18,14,4,4,67.0,160.0,28.0,1.0,3.0,-2.0,TS,,13,PRX,,8,0,VCT Emea
2,Sunset,f0rsakeN,PRX,Kayo,1.18,218.0,17,16,6,1,76.0,141.0,22.0,0.0,6.0,-6.0,TS,,13,PRX,,8,0,VCT Emea
2,Sunset,d4v41,PRX,Omen,0.76,179.0,13,19,8,-6,76.0,109.0,25.0,1.0,0.0,1.0,TS,,13,PRX,,8,0,VCT Emea
2,Sunset,something,PRX,Gekko,0.65,168.0,12,19,4,-7,62.0,124.0,38.0,2.0,3.0,-1.0,TS,,13,PRX,,8,0,VCT Emea
2,Sunset,Jinggg,PRX,Raze,0.51,148.0,9,20,7,-11,67.0,106.0,9.0,1.0,5.0,-4.0,TS,,13,PRX,,8,0,VCT Emea
0,Lotus,Jremy,TS,Raze,1.15,256.0,16,16,7,0,75.0,172.0,19.0,4.0,3.0,1.0,TS,,7,T1,,13,0,VCT Emea
0,Lotus,invy,TS,Viper,1.09,263.0,18,18,9,0,80.0,181.0,26.0,0.0,3.0,-3.0,TS,,7,T1,,13,0,VCT Emea
0,Lotus,BORKUM,TS,Omen,0.89,183.0,14,15,4,-1,65.0,109.0,33.0,2.0,1.0,1.0,TS,,7,T1,,13,0,VCT Emea
0,Lotus,JessieVash,TS,Fade,0.63,120.0,9,16,2,-7,45.0,81.0,23.0,1.0,3.0,-2.0,TS,,7,T1,,13,0,VCT Emea
0,Lotus,NDG,TS,Killjoy,0.6,139.0,10,16,2,-6,65.0,91.0,15.0,2.0,1.0,1.0,TS,,7,T1,,13,0,VCT Emea
0,Lotus,Rossy,T1,Viper,1.44,256.0,19,12,9,7,80.0,156.0,30.0,1.0,0.0,1.0,TS,,7,T1,,13,1,VCT Emea
0,Lotus,iZu,T1,Omen,1.27,250.0,18,14,11,4,75.0,157.0,42.0,2.0,3.0,-1.0,TS,,7,T1,,13,1,VCT Emea
0,Lotus,xccurate,T1,Chamber,1.18,269.0,20,16,6,4,80.0,168.0,18.0,3.0,4.0,-1.0,TS,,7,T1,,13,1,VCT Emea
0,Lotus,carpe,T1,Fade,1.01,172.0,12,13,11,-1,85.0,123.0,25.0,2.0,0.0,2.0,TS,,7,T1,,13,1,VCT Emea
0,Lotus,Sayaplayer,T1,Raze,0.86,181.0,12,12,3,0,70.0,136.0,29.0,3.0,2.0,1.0,TS,,7,T1,,13,1,VCT Emea
2,Sunset,JessieVash,TS,Sova,1.13,229.0,20,18,4,2,71.0,157.0,21.0,2.0,1.0,1.0,TS,,11,T1,,13,0,VCT Emea
2,Sunset,invy,TS,Breach,1.11,177.0,15,16,9,-1,71.0,116.0,37.0,3.0,1.0,2.0,TS,,11,T1,,13,0,VCT Emea
2,Sunset,NDG,TS,Cypher,0.9,218.0,17,19,8,-2,79.0,156.0,28.0,4.0,1.0,3.0,TS,,11,T1,,13,0,VCT Emea
2,Sunset,Jremy,TS,Raze,0.89,239.0,18,20,5,-2,71.0,169.0,21.0,4.0,7.0,-3.0,TS,,11,T1,,13,0,VCT Emea
2,Sunset,BORKUM,TS,Omen,0.72,112.0,11,18,8,-7,63.0,73.0,21.0,0.0,1.0,-1.0,TS,,11,T1,,13,0,VCT Emea
2,Sunset,Rossy,T1,Kayo,1.31,241.0,18,17,18,1,88.0,158.0,25.0,3.0,3.0,0.0,TS,,11,T1,,13,1,VCT Emea
2,Sunset,xccurate,T1,Cypher,1.28,233.0,21,14,4,7,79.0,159.0,24.0,1.0,2.0,-1.0,TS,,11,T1,,13,1,VCT Emea
2,Sunset,Sayaplayer,T1,Raze,1.06,239.0,21,18,2,3,75.0,155.0,22.0,5.0,2.0,3.0,TS,,11,T1,,13,1,VCT Emea
2,Sunset,iZu,T1,Omen,0.93,195.0,17,16,10,1,79.0,122.0,27.0,2.0,5.0,-3.0,TS,,11,T1,,13,1,VCT Emea
2,Sunset,carpe,T1,Gekko,0.84,138.0,14,16,6,-2,79.0,92.0,39.0,0.0,1.0,-1.0,TS,,11,T1,,13,1,VCT Emea
0,Lotus,Jinggg,PRX,Raze,2.07,327.0,17,3,3,14,85.0,212.0,31.0,2.0,0.0,2.0,PRX,,13,TLN,,0,1,VCT Emea
0,Lotus,something,PRX,Jett,2.07,383.0,19,5,3,14,85.0,248.0,25.0,7.0,1.0,6.0,PRX,,13,TLN,,0,1,VCT Emea
0,Lotus,d4v41,PRX,Skye,1.82,197.0,12,2,13,10,100.0,111.0,44.0,0.0,0.0,0.0,PRX,,13,TLN,,0,1,VCT Emea
0,Lotus,mindfreak,PRX,Omen,1.16,153.0,7,5,7,2,100.0,128.0,21.0,0.0,0.0,0.0,PRX,,13,TLN,,0,1,VCT Emea
0,Lotus,f0rsakeN,PRX,Breach,1.14,213.0,9,7,8,2,92.0,129.0,16.0,3.0,0.0,3.0,PRX,,13,TLN,,0,1,VCT Emea
0,Lotus,Surf,TLN,Viper,0.55,138.0,6,13,1,-7,69.0,88.0,54.0,0.0,2.0,-2.0,PRX,,13,TLN,,0,0,VCT Emea
0,Lotus,Crws,TLN,Fade,0.47,127.0,5,13,2,-8,62.0,97.0,18.0,0.0,0.0,0.0,PRX,,13,TLN,,0,0,VCT Emea
0,Lotus,JitBoyS,TLN,Omen,0.3,110.0,4,13,1,-9,54.0,78.0,25.0,0.0,2.0,-2.0,PRX,,13,TLN,,0,0,VCT Emea
0,Lotus,ban,TLN,Killjoy,0.28,117.0,4,12,1,-8,46.0,87.0,24.0,0.0,3.0,-3.0,PRX,,13,TLN,,0,0,VCT Emea
0,Lotus,Governor,TLN,Raze,0.18,91.0,3,13,1,-10,23.0,69.0,27.0,1.0,5.0,-4.0,PRX,,13,TLN,,0,0,VCT Emea
2,Sunset,f0rsakeN,PRX,Breach,1.25,244.0,18,15,12,3,82.0,162.0,43.0,2.0,2.0,0.0,PRX,,13,TLN,,9,1,VCT Emea
2,Sunset,something,PRX,Gekko,1.24,230.0,20,13,4,7,91.0,153.0,30.0,4.0,0.0,4.0,PRX,,13,TLN,,9,1,VCT Emea
2,Sunset,Jinggg,PRX,Raze,1.07,263.0,18,16,6,2,77.0,189.0,17.0,3.0,4.0,-1.0,PRX,,13,TLN,,9,1,VCT Emea
2,Sunset,mindfreak,PRX,Omen,1.01,217.0,18,16,6,2,68.0,135.0,35.0,4.0,1.0,3.0,PRX,,13,TLN,,9,1,VCT Emea
2,Sunset,d4v41,PRX,Sage,0.93,159.0,12,13,7,-1,91.0,92.0,21.0,0.0,2.0,-2.0,PRX,,13,TLN,,9,1,VCT Emea
2,Sunset,Crws,TLN,Kayo,1.59,301.0,23,17,12,6,86.0,179.0,29.0,3.0,1.0,2.0,PRX,,13,TLN,,9,0,VCT Emea
2,Sunset,ban,TLN,Cypher,0.99,200.0,16,16,5,0,55.0,144.0,34.0,1.0,4.0,-3.0,PRX,,13,TLN,,9,0,VCT Emea
2,Sunset,lenne,TLN,Sova,0.91,163.0,11,17,12,-6,82.0,113.0,19.0,3.0,0.0,3.0,PRX,,13,TLN,,9,0,VCT Emea
2,Sunset,Governor,TLN,Neon,0.74,190.0,15,19,7,-4,64.0,115.0,12.0,1.0,4.0,-3.0,PRX,,13,TLN,,9,0,VCT Emea
2,Sunset,JitBoyS,TLN,Omen,0.64,131.0,8,17,15,-9,68.0,81.0,17.0,1.0,4.0,-3.0,PRX,,13,TLN,,9,0,VCT Emea
3,Bind,Jinggg,PRX,Raze,1.12,269.0,19,13,1,6,85.0,168.0,28.0,3.0,2.0,1.0,PRX,,7,TLN,,13,0,VCT Emea
3,Bind,d4v41,PRX,Skye,0.98,203.0,14,15,6,-1,75.0,128.0,30.0,0.0,0.0,0.0,PRX,,7,TLN,,13,0,VCT Emea
3,Bind,mindfreak,PRX,Brimstone,0.97,222.0,15,17,9,-2,75.0,149.0,27.0,4.0,1.0,3.0,PRX,,7,TLN,,13,0,VCT Emea
3,Bind,something,PRX,Gekko,0.96,161.0,12,13,3,-1,65.0,101.0,29.0,1.0,2.0,-1.0,PRX,,7,TLN,,13,0,VCT Emea
3,Bind,f0rsakeN,PRX,Harbor,0.41,109.0,5,15,5,-10,65.0,85.0,16.0,0.0,7.0,-7.0,PRX,,7,TLN,,13,0,VCT Emea
3,Bind,JitBoyS,TLN,Harbor,1.38,210.0,18,10,4,8,75.0,135.0,36.0,2.0,3.0,-1.0,PRX,,7,TLN,,13,1,VCT Emea
3,Bind,Surf,TLN,Viper,1.23,261.0,17,15,5,2,70.0,169.0,32.0,6.0,2.0,4.0,PRX,,7,TLN,,13,1,VCT Emea
3,Bind,Governor,TLN,Raze,1.04,188.0,14,12,3,2,90.0,133.0,23.0,3.0,2.0,1.0,PRX,,7,TLN,,13,1,VCT Emea
3,Bind,ban,TLN,Skye,0.99,187.0,15,14,7,1,60.0,118.0,33.0,0.0,0.0,0.0,PRX,,7,TLN,,13,1,VCT Emea
3,Bind,Crws,TLN,Gekko,0.82,146.0,9,14,7,-5,75.0,113.0,30.0,1.0,1.0,0.0,PRX,,7,TLN,,13,1,VCT Emea
0,Ascent,Munchkin,GEN,Kayo,1.07,210.0,16,15,6,1,73.0,138.0,27.0,1.0,1.0,0.0,GEN,,9,T1,,13,0,VCT Emea
0,Ascent,Lakia,GEN,Sova,1.05,182.0,14,14,7,0,86.0,130.0,29.0,0.0,1.0,-1.0,GEN,,9,T1,,13,0,VCT Emea
0,Ascent,t3xture,GEN,Jett,0.95,226.0,17,18,3,-1,68.0,144.0,29.0,6.0,5.0,1.0,GEN,,9,T1,,13,0,VCT Emea
0,Ascent,Meteor,GEN,Killjoy,0.83,134.0,11,14,1,-3,50.0,103.0,33.0,1.0,1.0,0.0,GEN,,9,T1,,13,0,VCT Emea
0,Ascent,Karon,GEN,Omen,0.67,124.0,9,16,9,-7,77.0,77.0,21.0,2.0,4.0,-2.0,GEN,,9,T1,,13,0,VCT Emea
0,Ascent,Rossy,T1,Kayo,1.42,270.0,22,14,10,8,86.0,168.0,31.0,3.0,0.0,3.0,GEN,,9,T1,,13,1,VCT Emea
0,Ascent,carpe,T1,Sova,1.11,177.0,14,11,7,3,91.0,115.0,15.0,2.0,2.0,0.0,GEN,,9,T1,,13,1,VCT Emea
0,Ascent,Sayaplayer,T1,Jett,1.01,181.0,14,13,1,1,59.0,114.0,25.0,2.0,4.0,-2.0,GEN,,9,T1,,13,1,VCT Emea
0,Ascent,iZu,T1,Omen,0.9,196.0,15,16,7,-1,68.0,121.0,17.0,2.0,4.0,-2.0,GEN,,9,T1,,13,1,VCT Emea
0,Ascent,xccurate,T1,Killjoy,0.83,156.0,12,13,3,-1,64.0,103.0,30.0,3.0,0.0,3.0,GEN,,9,T1,,13,1,VCT Emea
2,Sunset,Munchkin,GEN,Kayo,1.51,246.0,18,11,15,7,86.0,155.0,33.0,1.0,1.0,0.0,GEN,,13,T1,,8,1,VCT Emea
2,Sunset,Karon,GEN,Omen,1.48,236.0,19,10,14,9,86.0,143.0,34.0,0.0,1.0,-1.0,GEN,,13,T1,,8,1,VCT Emea
2,Sunset,Meteor,GEN,Cypher,1.26,277.0,21,15,7,6,71.0,182.0,40.0,7.0,1.0,6.0,GEN,,13,T1,,8,1,VCT Emea
2,Sunset,t3xture,GEN,Jett,1.11,227.0,17,15,6,2,81.0,137.0,16.0,5.0,3.0,2.0,GEN,,13,T1,,8,1,VCT Emea
2,Sunset,Lakia,GEN,Sova,0.9,161.0,11,13,7,-2,76.0,117.0,31.0,1.0,1.0,0.0,GEN,,13,T1,,8,1,VCT Emea
2,Sunset,carpe,T1,Gekko,1.18,220.0,17,16,7,1,76.0,145.0,27.0,1.0,0.0,1.0,GEN,,13,T1,,8,0,VCT Emea
2,Sunset,iZu,T1,Omen,0.89,175.0,14,15,4,-1,81.0,108.0,23.0,1.0,2.0,-1.0,GEN,,13,T1,,8,0,VCT Emea
2,Sunset,xccurate,T1,Cypher,0.75,163.0,13,18,1,-5,52.0,100.0,29.0,1.0,3.0,-2.0,GEN,,13,T1,,8,0,VCT Emea
2,Sunset,Rossy,T1,Kayo,0.74,163.0,11,18,12,-7,67.0,104.0,24.0,0.0,2.0,-2.0,GEN,,13,T1,,8,0,VCT Emea
2,Sunset,Sayaplayer,T1,Raze,0.3,126.0,9,19,1,-10,48.0,79.0,17.0,4.0,7.0,-3.0,GEN,,13,T1,,8,0,VCT Emea
3,Breeze,t3xture,GEN,Jett,1.08,249.0,18,15,3,3,75.0,146.0,27.0,5.0,3.0,2.0,GEN,,7,T1,,13,0,VCT Emea
3,Breeze,Lakia,GEN,Sova,1.07,192.0,12,13,7,-1,75.0,143.0,30.0,1.0,1.0,0.0,GEN,,7,T1,,13,0,VCT Emea
3,Breeze,Munchkin,GEN,Viper,1.0,214.0,15,14,6,1,65.0,138.0,44.0,2.0,1.0,1.0,GEN,,7,T1,,13,0,VCT Emea
3,Breeze,Karon,GEN,Astra,0.87,155.0,11,14,10,-3,70.0,101.0,40.0,2.0,1.0,1.0,GEN,,7,T1,,13,0,VCT Emea
3,Breeze,Meteor,GEN,Yoru,0.66,177.0,12,17,3,-5,65.0,126.0,24.0,3.0,1.0,2.0,GEN,,7,T1,,13,0,VCT Emea
3,Breeze,Sayaplayer,T1,Jett,1.84,365.0,25,13,5,12,80.0,228.0,31.0,5.0,3.0,2.0,GEN,,7,T1,,13,1,VCT Emea
3,Breeze,xccurate,T1,Harbor,1.11,203.0,15,13,5,2,70.0,135.0,40.0,1.0,2.0,-1.0,GEN,,7,T1,,13,1,VCT Emea
3,Breeze,Rossy,T1,Viper,1.0,161.0,12,12,6,0,70.0,107.0,24.0,0.0,3.0,-3.0,GEN,,7,T1,,13,1,VCT Emea
3,Breeze,carpe,T1,Sova,0.93,147.0,11,12,6,-1,75.0,84.0,33.0,1.0,0.0,1.0,GEN,,7,T1,,13,1,VCT Emea
3,Breeze,iZu,T1,Yoru,0.42,137.0,10,18,3,-8,55.0,87.0,21.0,0.0,5.0,-5.0,GEN,,7,T1,,13,1,VCT Emea
0,Lotus,Foxy9,KRX,Killjoy,1.32,248.0,17,11,1,6,74.0,169.0,36.0,1.0,4.0,-3.0,KRX,,6,PRX,,13,0,VCT Emea
0,Lotus,MaKo,KRX,Viper,0.84,212.0,12,17,9,-5,84.0,136.0,35.0,2.0,2.0,0.0,KRX,,6,PRX,,13,0,VCT Emea
0,Lotus,stax,KRX,Fade,0.58,148.0,10,16,2,-6,68.0,107.0,36.0,1.0,2.0,-1.0,KRX,,6,PRX,,13,0,VCT Emea
0,Lotus,BeYN,KRX,Omen,0.53,116.0,8,17,4,-9,47.0,76.0,18.0,1.0,2.0,-1.0,KRX,,6,PRX,,13,0,VCT Emea
0,Lotus,BuZz,KRX,Raze,0.51,144.0,10,16,1,-6,58.0,101.0,20.0,0.0,4.0,-4.0,KRX,,6,PRX,,13,0,VCT Emea
0,Lotus,d4v41,PRX,Skye,1.81,281.0,21,7,10,14,100.0,181.0,36.0,2.0,1.0,1.0,KRX,,6,PRX,,13,1,VCT Emea
0,Lotus,something,PRX,Jett,1.67,330.0,23,12,5,11,84.0,213.0,25.0,6.0,2.0,4.0,KRX,,6,PRX,,13,1,VCT Emea
0,Lotus,mindfreak,PRX,Omen,0.99,181.0,14,12,6,2,79.0,109.0,26.0,2.0,0.0,2.0,KRX,,6,PRX,,13,1,VCT Emea
0,Lotus,Jinggg,PRX,Raze,0.92,197.0,13,15,4,-2,89.0,133.0,19.0,4.0,1.0,3.0,KRX,,6,PRX,,13,1,VCT Emea
0,Lotus,f0rsakeN,PRX,Breach,0.9,109.0,6,11,18,-5,79.0,82.0,19.0,0.0,1.0,-1.0,KRX,,6,PRX,,13,1,VCT Emea
2,Ascent,Foxy9,KRX,Cypher,1.43,237.0,20,14,8,6,83.0,142.0,31.0,4.0,1.0,3.0,KRX,,13,PRX,,10,1,VCT Emea
2,Ascent,BeYN,KRX,Omen,1.22,228.0,19,15,9,4,78.0,150.0,35.0,1.0,2.0,-1.0,KRX,,13,PRX,,10,1,VCT Emea
2,Ascent,MaKo,KRX,Viper,1.14,222.0,18,16,8,2,78.0,155.0,21.0,2.0,2.0,0.0,KRX,,13,PRX,,10,1,VCT Emea
2,Ascent,BuZz,KRX,Jett,0.8,202.0,17,19,4,-2,74.0,116.0,47.0,4.0,2.0,2.0,KRX,,13,PRX,,10,1,VCT Emea
2,Ascent,stax,KRX,Kayo,0.8,145.0,10,15,20,-5,74.0,86.0,29.0,3.0,2.0,1.0,KRX,,13,PRX,,10,1,VCT Emea
2,Ascent,mindfreak,PRX,Omen,1.14,206.0,20,15,6,5,70.0,127.0,27.0,0.0,3.0,-3.0,KRX,,13,PRX,,10,0,VCT Emea
2,Ascent,Jinggg,PRX,Sage,1.06,225.0,17,16,10,1,74.0,145.0,26.0,2.0,2.0,0.0,KRX,,13,PRX,,10,0,VCT Emea
2,Ascent,f0rsakeN,PRX,Sova,1.02,188.0,17,15,1,2,78.0,122.0,36.0,0.0,2.0,-2.0,KRX,,13,PRX,,10,0,VCT Emea
2,Ascent,d4v41,PRX,Kayo,0.84,196.0,13,20,16,-7,83.0,127.0,23.0,4.0,2.0,2.0,KRX,,13,PRX,,10,0,VCT Emea
2,Ascent,something,PRX,Jett,0.77,166.0,12,18,5,-6,78.0,122.0,28.0,3.0,5.0,-2.0,KRX,,13,PRX,,10,0,VCT Emea
3,Bind,Foxy9,KRX,Cypher,0.96,149.0,11,14,2,-3,63.0,97.0,40.0,0.0,0.0,0.0,KRX,,6,PRX,,13,0,VCT Emea
3,Bind,MaKo,KRX,Viper,0.9,184.0,12,16,3,-4,58.0,138.0,50.0,0.0,3.0,-3.0,KRX,,6,PRX,,13,0,VCT Emea
3,Bind,BuZz,KRX,Raze,0.89,187.0,11,14,1,-3,53.0,120.0,25.0,2.0,6.0,-4.0,KRX,,6,PRX,,13,0,VCT Emea
3,Bind,BeYN,KRX,Brimstone,0.86,204.0,12,15,7,-3,63.0,130.0,20.0,0.0,1.0,-1.0,KRX,,6,PRX,,13,0,VCT Emea
3,Bind,stax,KRX,Kayo,0.53,134.0,7,18,6,-11,47.0,93.0,30.0,3.0,4.0,-1.0,KRX,,6,PRX,,13,0,VCT Emea
3,Bind,something,PRX,Gekko,1.63,297.0,22,9,5,13,84.0,199.0,24.0,5.0,1.0,4.0,KRX,,6,PRX,,13,1,VCT Emea
3,Bind,Jinggg,PRX,Raze,1.29,274.0,19,12,3,7,84.0,189.0,25.0,6.0,1.0,5.0,KRX,,6,PRX,,13,1,VCT Emea
3,Bind,mindfreak,PRX,Brimstone,1.24,215.0,14,10,11,4,74.0,136.0,25.0,2.0,0.0,2.0,KRX,,6,PRX,,13,1,VCT Emea
3,Bind,d4v41,PRX,Skye,1.04,168.0,12,10,5,2,84.0,121.0,38.0,0.0,0.0,0.0,KRX,,6,PRX,,13,1,VCT Emea
3,Bind,f0rsakeN,PRX,Harbor,0.63,130.0,9,12,3,-3,79.0,85.0,45.0,1.0,3.0,-2.0,KRX,,6,PRX,,13,1,VCT Emea
0,Bind,Karon,GEN,Brimstone,1.31,235.0,17,12,8,5,67.0,143.0,30.0,2.0,2.0,0.0,GEN,,8,KRX,,13,0,VCT Emea
0,Bind,Lakia,GEN,Skye,1.01,184.0,15,13,1,2,67.0,135.0,22.0,4.0,2.0,2.0,GEN,,8,KRX,,13,0,VCT Emea
0,Bind,Meteor,GEN,Cypher,0.9,214.0,14,17,7,-3,62.0,145.0,38.0,3.0,2.0,1.0,GEN,,8,KRX,,13,0,VCT Emea
0,Bind,t3xture,GEN,Raze,0.88,186.0,14,14,2,0,71.0,119.0,27.0,3.0,1.0,2.0,GEN,,8,KRX,,13,0,VCT Emea
0,Bind,Munchkin,GEN,Viper,0.49,126.0,7,15,12,-8,62.0,83.0,28.0,1.0,1.0,0.0,GEN,,8,KRX,,13,0,VCT Emea
0,Bind,BeYN,KRX,Brimstone,1.41,203.0,16,12,6,4,67.0,145.0,30.0,0.0,2.0,-2.0,GEN,,8,KRX,,13,1,VCT Emea
0,Bind,stax,KRX,Kayo,1.16,200.0,13,14,17,-1,71.0,124.0,29.0,1.0,4.0,-3.0,GEN,,8,KRX,,13,1,VCT Emea
0,Bind,MaKo,KRX,Viper,1.03,205.0,14,15,9,-1,71.0,158.0,33.0,2.0,2.0,0.0,GEN,,8,KRX,,13,1,VCT Emea
0,Bind,BuZz,KRX,Raze,1.02,203.0,15,14,3,1,76.0,134.0,29.0,4.0,3.0,1.0,GEN,,8,KRX,,13,1,VCT Emea
0,Bind,Foxy9,KRX,Cypher,0.89,159.0,13,12,1,1,67.0,104.0,44.0,1.0,2.0,-1.0,GEN,,8,KRX,,13,1,VCT Emea
2,Sunset,Karon,GEN,Omen,1.47,258.0,23,14,13,9,67.0,163.0,40.0,2.0,1.0,1.0,GEN,,13,KRX,,11,1,VCT Emea
2,Sunset,Meteor,GEN,Cypher,1.2,282.0,23,16,6,7,75.0,174.0,47.0,2.0,1.0,1.0,GEN,,13,KRX,,11,1,VCT Emea
2,Sunset,t3xture,GEN,Jett,1.08,204.0,19,16,2,3,79.0,143.0,33.0,10.0,2.0,8.0,GEN,,13,KRX,,11,1,VCT Emea
2,Sunset,Munchkin,GEN,Kayo,1.07,206.0,15,16,17,-1,71.0,137.0,16.0,1.0,2.0,-1.0,GEN,,13,KRX,,11,1,VCT Emea
2,Sunset,Lakia,GEN,Sova,0.72,102.0,8,16,9,-8,75.0,76.0,33.0,1.0,2.0,-1.0,GEN,,13,KRX,,11,1,VCT Emea
2,Sunset,BeYN,KRX,Gekko,1.27,229.0,19,17,10,2,79.0,144.0,21.0,2.0,1.0,1.0,GEN,,13,KRX,,11,0,VCT Emea
2,Sunset,Foxy9,KRX,Cypher,1.24,253.0,24,17,2,7,79.0,169.0,41.0,3.0,0.0,3.0,GEN,,13,KRX,,11,0,VCT Emea
2,Sunset,stax,KRX,Breach,1.01,176.0,14,15,13,-1,67.0,113.0,21.0,0.0,4.0,-4.0,GEN,,13,KRX,,11,0,VCT Emea
2,Sunset,BuZz,KRX,Raze,0.64,198.0,15,20,3,-5,46.0,136.0,20.0,3.0,8.0,-5.0,GEN,,13,KRX,,11,0,VCT Emea
2,Sunset,MaKo,KRX,Omen,0.31,73.0,6,19,6,-13,58.0,46.0,46.0,0.0,3.0,-3.0,GEN,,13,KRX,,11,0,VCT Emea
3,Ascent,t3xture,GEN,Jett,1.42,256.0,22,13,4,9,76.0,162.0,20.0,3.0,3.0,0.0,GEN,,13,KRX,,8,1,VCT Emea
3,Ascent,Munchkin,GEN,Kayo,1.38,260.0,19,13,14,6,95.0,157.0,16.0,2.0,1.0,1.0,GEN,,13,KRX,,8,1,VCT Emea
3,Ascent,Meteor,GEN,Killjoy,1.15,305.0,20,16,3,4,76.0,208.0,27.0,5.0,3.0,2.0,GEN,,13,KRX,,8,1,VCT Emea
3,Ascent,Lakia,GEN,Sova,0.9,177.0,13,14,5,-1,81.0,121.0,12.0,0.0,2.0,-2.0,GEN,,13,KRX,,8,1,VCT Emea
3,Ascent,Karon,GEN,Omen,0.85,152.0,11,13,10,-2,86.0,107.0,27.0,1.0,1.0,0.0,GEN,,13,KRX,,8,1,VCT Emea
3,Ascent,MaKo,KRX,Viper,1.24,236.0,18,17,7,1,81.0,151.0,30.0,1.0,1.0,0.0,GEN,,13,KRX,,8,0,VCT Emea
3,Ascent,BeYN,KRX,Omen,1.03,198.0,14,17,11,-3,71.0,133.0,15.0,2.0,1.0,1.0,GEN,,13,KRX,,8,0,VCT Emea
3,Ascent,stax,KRX,Kayo,0.91,166.0,13,15,10,-2,62.0,99.0,41.0,4.0,4.0,0.0,GEN,,13,KRX,,8,0,VCT Emea
3,Ascent,BuZz,KRX,Jett,0.62,170.0,12,18,3,-6,67.0,99.0,19.0,3.0,4.0,-1.0,GEN,,13,KRX,,8,0,VCT Emea
3,Ascent,Foxy9,KRX,Cypher,0.6,162.0,12,18,4,-6,62.0,103.0,35.0,0.0,1.0,-1.0,GEN,,13,KRX,,8,0,VCT Emea
0,Lotus,carpe,T1,Fade,0.86,178.0,10,13,2,-3,56.0,120.0,26.0,1.0,0.0,1.0,T1,,3,PRX,,13,0,VCT Emea
0,Lotus,Sayaplayer,T1,Raze,0.74,161.0,9,13,3,-4,63.0,112.0,23.0,3.0,0.0,3.0,T1,,3,PRX,,13,0,VCT Emea
0,Lotus,iZu,T1,Omen,0.71,170.0,9,14,2,-5,75.0,114.0,38.0,2.0,1.0,1.0,T1,,3,PRX,,13,0,VCT Emea
0,Lotus,xccurate,T1,Chamber,0.55,177.0,9,14,1,-5,50.0,115.0,21.0,4.0,5.0,-1.0,T1,,3,PRX,,13,0,VCT Emea
0,Lotus,Rossy,T1,Viper,0.45,171.0,9,16,2,-7,63.0,104.0,35.0,0.0,0.0,0.0,T1,,3,PRX,,13,0,VCT Emea
0,Lotus,Jinggg,PRX,Raze,1.65,333.0,20,9,2,11,88.0,198.0,21.0,1.0,1.0,0.0,T1,,3,PRX,,13,1,VCT Emea
0,Lotus,mindfreak,PRX,Omen,1.47,230.0,15,6,4,9,81.0,151.0,39.0,1.0,1.0,0.0,T1,,3,PRX,,13,1,VCT Emea
0,Lotus,d4v41,PRX,Skye,1.33,194.0,10,8,13,2,94.0,138.0,29.0,0.0,1.0,-1.0,T1,,3,PRX,,13,1,VCT Emea
0,Lotus,f0rsakeN,PRX,Breach,1.11,220.0,13,11,4,2,69.0,131.0,50.0,1.0,2.0,-1.0,T1,,3,PRX,,13,1,VCT Emea
0,Lotus,something,PRX,Jett,0.91,207.0,12,12,2,0,63.0,147.0,55.0,3.0,5.0,-2.0,T1,,3,PRX,,13,1,VCT Emea
2,Sunset,xccurate,T1,Cypher,0.98,248.0,16,17,4,-1,72.0,157.0,52.0,2.0,1.0,1.0,T1,,5,PRX,,13,0,VCT Emea
2,Sunset,Rossy,T1,Kayo,0.89,181.0,11,14,5,-3,50.0,102.0,30.0,1.0,1.0,0.0,T1,,5,PRX,,13,0,VCT Emea
2,Sunset,Sayaplayer,T1,Raze,0.77,209.0,13,16,2,-3,78.0,135.0,23.0,0.0,5.0,-5.0,T1,,5,PRX,,13,0,VCT Emea
2,Sunset,carpe,T1,Gekko,0.63,146.0,9,15,3,-6,61.0,108.0,22.0,0.0,2.0,-2.0,T1,,5,PRX,,13,0,VCT Emea
2,Sunset,iZu,T1,Omen,0.2,68.0,4,16,3,-12,44.0,48.0,14.0,1.0,5.0,-4.0,T1,,5,PRX,,13,0,VCT Emea
2,Sunset,f0rsakeN,PRX,Breach,1.39,241.0,18,10,8,8,78.0,153.0,54.0,2.0,0.0,2.0,T1,,5,PRX,,13,1,VCT Emea
2,Sunset,d4v41,PRX,Sage,1.32,243.0,16,11,6,5,83.0,161.0,34.0,4.0,3.0,1.0,T1,,5,PRX,,13,1,VCT Emea
2,Sunset,Jinggg,PRX,Raze,1.27,232.0,15,11,2,4,89.0,148.0,15.0,4.0,0.0,4.0,T1,,5,PRX,,13,1,VCT Emea
2,Sunset,mindfreak,PRX,Omen,1.26,221.0,15,9,13,6,83.0,135.0,34.0,0.0,1.0,-1.0,T1,,5,PRX,,13,1,VCT Emea
2,Sunset,something,PRX,Gekko,1.18,230.0,14,12,8,2,78.0,163.0,37.0,4.0,0.0,4.0,T1,,5,PRX,,13,1,VCT Emea
0,Lotus,iZu,T1,Raze,0.74,177.0,8,14,3,-6,60.0,117.0,8.0,0.0,3.0,-3.0,T1,,2,GEN,,13,0,VCT Emea
0,Lotus,Rossy,T1,Breach,0.58,124.0,5,14,6,-9,73.0,88.0,17.0,1.0,1.0,0.0,T1,,2,GEN,,13,0,VCT Emea
0,Lotus,xccurate,T1,Omen,0.55,144.0,7,15,4,-8,47.0,106.0,27.0,0.0,0.0,0.0,T1,,2,GEN,,13,0,VCT Emea
0,Lotus,carpe,T1,Skye,0.5,138.0,7,14,2,-7,60.0,83.0,24.0,1.0,2.0,-1.0,T1,,2,GEN,,13,0,VCT Emea
0,Lotus,Sayaplayer,T1,Neon,0.32,131.0,7,15,2,-8,60.0,82.0,36.0,1.0,6.0,-5.0,T1,,2,GEN,,13,0,VCT Emea
0,Lotus,Karon,GEN,Omen,1.85,218.0,13,3,13,10,100.0,147.0,36.0,0.0,0.0,0.0,T1,,2,GEN,,13,1,VCT Emea
0,Lotus,t3xture,GEN,Raze,1.85,329.0,21,8,2,13,93.0,224.0,40.0,5.0,0.0,5.0,T1,,2,GEN,,13,1,VCT Emea
0,Lotus,Meteor,GEN,Killjoy,1.53,330.0,19,8,4,11,87.0,190.0,31.0,5.0,2.0,3.0,T1,,2,GEN,,13,1,VCT Emea
0,Lotus,Lakia,GEN,Fade,1.22,165.0,9,6,11,3,93.0,105.0,10.0,1.0,0.0,1.0,T1,,2,GEN,,13,1,VCT Emea
0,Lotus,Munchkin,GEN,Viper,1.06,218.0,10,9,10,1,80.0,157.0,22.0,1.0,1.0,0.0,T1,,2,GEN,,13,1,VCT Emea
2,Icebox,carpe,T1,Sova,1.14,237.0,20,17,9,3,79.0,155.0,49.0,1.0,2.0,-1.0,T1,,11,GEN,,13,0,VCT Emea
2,Icebox,iZu,T1,Viper,1.03,233.0,20,18,5,2,75.0,149.0,30.0,2.0,1.0,1.0,T1,,11,GEN,,13,0,VCT Emea
2,Icebox,xccurate,T1,Chamber,1.02,200.0,18,15,1,3,75.0,126.0,27.0,2.0,2.0,0.0,T1,,11,GEN,,13,0,VCT Emea
2,Icebox,Rossy,T1,Sage,1.01,248.0,22,19,6,3,75.0,157.0,32.0,2.0,1.0,1.0,T1,,11,GEN,,13,0,VCT Emea
2,Icebox,Sayaplayer,T1,Reyna,0.48,145.0,11,19,4,-8,58.0,110.0,31.0,3.0,8.0,-5.0,T1,,11,GEN,,13,0,VCT Emea
2,Icebox,Munchkin,GEN,Kayo,1.44,281.0,22,17,16,5,83.0,188.0,34.0,2.0,1.0,1.0,T1,,11,GEN,,13,1,VCT Emea
2,Icebox,t3xture,GEN,Jett,1.22,235.0,21,17,2,4,75.0,149.0,32.0,6.0,3.0,3.0,T1,,11,GEN,,13,1,VCT Emea
2,Icebox,Meteor,GEN,Killjoy,1.11,215.0,19,19,2,0,63.0,151.0,37.0,2.0,1.0,1.0,T1,,11,GEN,,13,1,VCT Emea
2,Icebox,Karon,GEN,Viper,0.83,161.0,13,18,11,-5,71.0,109.0,19.0,2.0,4.0,-2.0,T1,,11,GEN,,13,1,VCT Emea
2,Icebox,Lakia,GEN,Gekko,0.76,168.0,13,20,10,-7,79.0,105.0,24.0,2.0,1.0,1.0,T1,,11,GEN,,13,1,VCT Emea
3,Bind,carpe,T1,Gekko,1.07,193.0,17,17,6,0,68.0,139.0,48.0,1.0,1.0,0.0,T1,,9,GEN,,13,0,VCT Emea
3,Bind,xccurate,T1,Harbor,1.04,192.0,16,15,9,1,73.0,123.0,26.0,1.0,3.0,-2.0,T1,,9,GEN,,13,0,VCT Emea
3,Bind,Rossy,T1,Kayo,0.97,220.0,17,17,10,0,59.0,141.0,33.0,1.0,5.0,-4.0,T1,,9,GEN,,13,0,VCT Emea
3,Bind,iZu,T1,Viper,0.95,191.0,14,17,8,-3,77.0,128.0,24.0,3.0,0.0,3.0,T1,,9,GEN,,13,0,VCT Emea
3,Bind,Sayaplayer,T1,Raze,0.73,176.0,13,17,4,-4,68.0,118.0,21.0,3.0,4.0,-1.0,T1,,9,GEN,,13,0,VCT Emea
3,Bind,Karon,GEN,Brimstone,1.69,311.0,25,13,7,12,73.0,194.0,31.0,3.0,1.0,2.0,T1,,9,GEN,,13,1,VCT Emea
3,Bind,Munchkin,GEN,Viper,1.15,191.0,15,13,6,2,77.0,131.0,20.0,1.0,0.0,1.0,T1,,9,GEN,,13,1,VCT Emea
3,Bind,Lakia,GEN,Skye,1.0,180.0,16,14,4,2,77.0,140.0,32.0,1.0,2.0,-1.0,T1,,9,GEN,,13,1,VCT Emea
3,Bind,Meteor,GEN,Cypher,0.78,184.0,14,18,8,-4,73.0,117.0,32.0,6.0,1.0,5.0,T1,,9,GEN,,13,1,VCT Emea
3,Bind,t3xture,GEN,Raze,0.73,179.0,13,19,8,-6,82.0,128.0,19.0,2.0,5.0,-3.0,T1,,9,GEN,,13,1,VCT Emea
0,Lotus,Jinggg,PRX,Raze,1.01,221.0,16,16,1,0,55.0,148.0,19.0,2.0,2.0,0.0,PRX,,9,GEN,,13,0,VCT Emea
0,Lotus,mindfreak,PRX,Omen,0.86,209.0,18,16,4,2,73.0,121.0,52.0,0.0,3.0,-3.0,PRX,,9,GEN,,13,0,VCT Emea
0,Lotus,f0rsakeN,PRX,Breach,0.85,170.0,12,15,7,-3,73.0,122.0,32.0,2.0,0.0,2.0,PRX,,9,GEN,,13,0,VCT Emea
0,Lotus,d4v41,PRX,Skye,0.83,168.0,13,16,14,-3,77.0,97.0,30.0,0.0,2.0,-2.0,PRX,,9,GEN,,13,0,VCT Emea
0,Lotus,something,PRX,Jett,0.75,190.0,14,18,3,-4,50.0,118.0,24.0,5.0,6.0,-1.0,PRX,,9,GEN,,13,0,VCT Emea
0,Lotus,t3xture,GEN,Raze,1.77,380.0,28,17,7,11,91.0,253.0,34.0,6.0,1.0,5.0,PRX,,9,GEN,,13,1,VCT Emea
0,Lotus,Munchkin,GEN,Viper,1.13,174.0,14,13,6,1,68.0,130.0,28.0,2.0,2.0,0.0,PRX,,9,GEN,,13,1,VCT Emea
0,Lotus,Karon,GEN,Omen,1.13,194.0,16,14,11,2,68.0,127.0,29.0,2.0,2.0,0.0,PRX,,9,GEN,,13,1,VCT Emea
0,Lotus,Meteor,GEN,Killjoy,0.96,167.0,14,15,4,-1,73.0,120.0,29.0,2.0,2.0,0.0,PRX,,9,GEN,,13,1,VCT Emea
0,Lotus,Lakia,GEN,Fade,0.88,125.0,9,14,11,-5,73.0,91.0,19.0,1.0,2.0,-1.0,PRX,,9,GEN,,13,1,VCT Emea
2,Sunset,Jinggg,PRX,Raze,1.48,329.0,24,14,5,10,77.0,207.0,22.0,7.0,1.0,6.0,PRX,,13,GEN,,9,1,VCT Emea
2,Sunset,something,PRX,Gekko,1.02,212.0,16,16,7,0,77.0,121.0,26.0,4.0,2.0,2.0,PRX,,13,GEN,,9,1,VCT Emea
2,Sunset,f0rsakeN,PRX,Breach,0.92,173.0,15,16,6,-1,77.0,118.0,30.0,1.0,3.0,-2.0,PRX,,13,GEN,,9,1,VCT Emea
2,Sunset,mindfreak,PRX,Omen,0.87,154.0,13,13,4,0,77.0,99.0,26.0,0.0,0.0,0.0,PRX,,13,GEN,,9,1,VCT Emea
2,Sunset,d4v41,PRX,Sage,0.86,171.0,13,14,8,-1,77.0,114.0,36.0,0.0,4.0,-4.0,PRX,,13,GEN,,9,1,VCT Emea
2,Sunset,Meteor,GEN,Cypher,1.32,289.0,21,17,5,4,77.0,199.0,39.0,4.0,1.0,3.0,PRX,,13,GEN,,9,0,VCT Emea
2,Sunset,t3xture,GEN,Jett,0.97,220.0,17,18,1,-1,64.0,133.0,36.0,6.0,4.0,2.0,PRX,,13,GEN,,9,0,VCT Emea
2,Sunset,Lakia,GEN,Sova,0.91,184.0,12,16,6,-4,68.0,139.0,23.0,0.0,1.0,-1.0,PRX,,13,GEN,,9,0,VCT Emea
2,Sunset,Munchkin,GEN,Kayo,0.88,143.0,12,14,7,-2,55.0,98.0,21.0,0.0,3.0,-3.0,PRX,,13,GEN,,9,0,VCT Emea
2,Sunset,Karon,GEN,Omen,0.84,144.0,11,16,12,-5,68.0,92.0,22.0,0.0,3.0,-3.0,PRX,,13,GEN,,9,0,VCT Emea
3,Icebox,f0rsakeN,PRX,Kayo,1.5,282.0,25,17,13,8,88.0,189.0,34.0,2.0,1.0,1.0,PRX,,13,GEN,,11,1,VCT Emea
3,Icebox,something,PRX,Jett,1.42,294.0,25,16,10,9,83.0,205.0,21.0,8.0,3.0,5.0,PRX,,13,GEN,,11,1,VCT Emea
3,Icebox,d4v41,PRX,Killjoy,1.2,230.0,20,16,6,4,75.0,167.0,40.0,2.0,1.0,1.0,PRX,,13,GEN,,11,1,VCT Emea
3,Icebox,Jinggg,PRX,Sage,1.0,199.0,17,17,8,0,71.0,132.0,28.0,4.0,1.0,3.0,PRX,,13,GEN,,11,1,VCT Emea
3,Icebox,mindfreak,PRX,Viper,0.2,47.0,2,18,6,-16,58.0,36.0,25.0,0.0,2.0,-2.0,PRX,,13,GEN,,11,1,VCT Emea
3,Icebox,t3xture,GEN,Jett,1.6,325.0,28,16,4,12,79.0,207.0,26.0,5.0,4.0,1.0,PRX,,13,GEN,,11,0,VCT Emea
3,Icebox,Lakia,GEN,Gekko,1.16,226.0,19,17,7,2,75.0,156.0,44.0,0.0,2.0,-2.0,PRX,,13,GEN,,11,0,VCT Emea
3,Icebox,Meteor,GEN,Killjoy,0.82,185.0,15,18,1,-3,63.0,132.0,40.0,2.0,3.0,-1.0,PRX,,13,GEN,,11,0,VCT Emea
3,Icebox,Karon,GEN,Viper,0.76,171.0,15,19,2,-4,71.0,132.0,30.0,0.0,5.0,-5.0,PRX,,13,GEN,,11,0,VCT Emea
3,Icebox,Munchkin,GEN,Kayo,0.63,108.0,7,19,17,-12,75.0,68.0,25.0,1.0,2.0,-1.0,PRX,,13,GEN,,11,0,VCT Emea
4,Bind,Jinggg,PRX,Raze,1.49,293.0,23,15,4,8,68.0,199.0,21.0,5.0,0.0,5.0,PRX,,9,GEN,,13,0,VCT Emea
4,Bind,f0rsakeN,PRX,Harbor,1.0,169.0,14,13,2,1,59.0,107.0,34.0,2.0,2.0,0.0,PRX,,9,GEN,,13,0,VCT Emea
4,Bind,d4v41,PRX,Skye,0.9,198.0,13,16,9,-3,64.0,134.0,37.0,0.0,2.0,-2.0,PRX,,9,GEN,,13,0,VCT Emea
4,Bind,something,PRX,Gekko,0.63,153.0,12,19,7,-7,59.0,94.0,26.0,1.0,5.0,-4.0,PRX,,9,GEN,,13,0,VCT Emea
4,Bind,mindfreak,PRX,Brimstone,0.61,101.0,7,15,8,-8,64.0,67.0,37.0,1.0,4.0,-3.0,PRX,,9,GEN,,13,0,VCT Emea
4,Bind,Munchkin,GEN,Viper,1.55,265.0,20,12,9,8,68.0,177.0,24.0,2.0,2.0,0.0,PRX,,9,GEN,,13,1,VCT Emea
4,Bind,t3xture,GEN,Raze,1.13,249.0,19,15,4,4,73.0,166.0,23.0,4.0,1.0,3.0,PRX,,9,GEN,,13,1,VCT Emea
4,Bind,Meteor,GEN,Cypher,1.13,186.0,14,12,7,2,77.0,120.0,28.0,1.0,4.0,-3.0,PRX,,9,GEN,,13,1,VCT Emea
4,Bind,Lakia,GEN,Skye,0.97,215.0,17,15,3,2,64.0,141.0,20.0,2.0,0.0,2.0,PRX,,9,GEN,,13,1,VCT Emea
4,Bind,Karon,GEN,Brimstone,0.74,136.0,8,15,13,-7,73.0,86.0,28.0,4.0,2.0,2.0,PRX,,9,GEN,,13,1,VCT Emea
5,Split,something,PRX,Jett,1.8,289.0,22,10,4,12,76.0,169.0,25.0,8.0,2.0,6.0,PRX,,13,GEN,,8,1,VCT Emea
5,Split,f0rsakeN,PRX,Skye,1.29,213.0,17,10,5,7,86.0,134.0,30.0,2.0,3.0,-1.0,PRX,,13,GEN,,8,1,VCT Emea
5,Split,d4v41,PRX,Viper,1.28,247.0,18,13,7,5,81.0,171.0,22.0,1.0,0.0,1.0,PRX,,13,GEN,,8,1,VCT Emea
5,Split,mindfreak,PRX,Omen,1.1,196.0,15,12,9,3,81.0,131.0,35.0,1.0,0.0,1.0,PRX,,13,GEN,,8,1,VCT Emea
5,Split,Jinggg,PRX,Raze,0.66,154.0,11,15,5,-4,67.0,102.0,9.0,1.0,3.0,-2.0,PRX,,13,GEN,,8,1,VCT Emea
5,Split,t3xture,GEN,Raze,1.02,203.0,13,15,5,-2,71.0,141.0,24.0,3.0,2.0,1.0,PRX,,13,GEN,,8,0,VCT Emea
5,Split,Munchkin,GEN,Skye,0.89,159.0,13,14,2,-1,67.0,98.0,36.0,0.0,4.0,-4.0,PRX,,13,GEN,,8,0,VCT Emea
5,Split,Meteor,GEN,Jett,0.8,192.0,14,18,3,-4,48.0,116.0,35.0,4.0,4.0,0.0,PRX,,13,GEN,,8,0,VCT Emea
5,Split,Karon,GEN,Omen,0.58,169.0,13,19,3,-6,62.0,110.0,32.0,1.0,1.0,0.0,PRX,,13,GEN,,8,0,VCT Emea
5,Split,Lakia,GEN,Viper,0.47,116.0,6,17,10,-11,57.0,86.0,23.0,0.0,2.0,-2.0,PRX,,13,GEN,,8,0,VCT Emea
0,Ascent,invy,TS,Kayo,1.24,164.0,14,13,21,1,70.0,102.0,34.0,0.0,3.0,-3.0,TS,,10,BLD,,13,0,VCT Emea
0,Ascent,2GE,TS,Omen,0.98,191.0,15,16,5,-1,74.0,119.0,30.0,0.0,0.0,0.0,TS,,10,BLD,,13,0,VCT Emea
0,Ascent,Jremy,TS,Jett,0.96,170.0,16,15,1,1,70.0,115.0,38.0,4.0,4.0,0.0,TS,,10,BLD,,13,0,VCT Emea
0,Ascent,Wild0reoo,TS,Killjoy,0.88,221.0,17,20,9,-3,70.0,142.0,21.0,1.0,6.0,-5.0,TS,,10,BLD,,13,0,VCT Emea
0,Ascent,JessieVash,TS,Sova,0.84,189.0,13,20,12,-7,70.0,137.0,25.0,4.0,1.0,3.0,TS,,10,BLD,,13,0,VCT Emea
0,Ascent,Zest,BLD,Kayo,1.3,245.0,20,15,12,5,83.0,146.0,34.0,3.0,1.0,2.0,TS,,10,BLD,,13,1,VCT Emea
0,Ascent,crazyguy,BLD,Sova,1.28,214.0,15,14,13,1,87.0,153.0,23.0,3.0,0.0,3.0,TS,,10,BLD,,13,1,VCT Emea
0,Ascent,sScary,BLD,Omen,1.14,204.0,17,14,17,3,87.0,119.0,24.0,1.0,0.0,1.0,TS,,10,BLD,,13,1,VCT Emea
0,Ascent,Retla,BLD,Killjoy,1.1,233.0,19,16,6,3,78.0,160.0,25.0,1.0,0.0,1.0,TS,,10,BLD,,13,1,VCT Emea
0,Ascent,Deryeon,BLD,Jett,0.66,142.0,13,16,1,-3,65.0,88.0,20.0,6.0,8.0,-2.0,TS,,10,BLD,,13,1,VCT Emea
2,Sunset,invy,TS,Breach,1.44,232.0,19,12,8,7,76.0,150.0,47.0,3.0,0.0,3.0,TS,,13,BLD,,8,1,VCT Emea
2,Sunset,Jremy,TS,Raze,1.17,234.0,15,12,6,3,67.0,163.0,32.0,4.0,2.0,2.0,TS,,13,BLD,,8,1,VCT Emea
2,Sunset,JessieVash,TS,Sova,1.11,198.0,14,13,5,1,71.0,132.0,40.0,3.0,4.0,-1.0,TS,,13,BLD,,8,1,VCT Emea
2,Sunset,2GE,TS,Omen,1.02,185.0,12,14,12,-2,67.0,114.0,29.0,3.0,0.0,3.0,TS,,13,BLD,,8,1,VCT Emea
2,Sunset,Wild0reoo,TS,Cypher,0.82,146.0,12,13,3,-1,57.0,97.0,43.0,1.0,1.0,0.0,TS,,13,BLD,,8,1,VCT Emea
2,Sunset,sScary,BLD,Omen,1.29,216.0,16,12,11,4,76.0,132.0,26.0,1.0,1.0,0.0,TS,,13,BLD,,8,0,VCT Emea
2,Sunset,Retla,BLD,Cypher,0.9,186.0,15,14,5,1,67.0,119.0,29.0,1.0,1.0,0.0,TS,,13,BLD,,8,0,VCT Emea
2,Sunset,crazyguy,BLD,Sova,0.83,195.0,12,17,3,-5,52.0,122.0,19.0,2.0,2.0,0.0,TS,,13,BLD,,8,0,VCT Emea
2,Sunset,Deryeon,BLD,Raze,0.77,180.0,12,15,4,-3,71.0,112.0,26.0,3.0,6.0,-3.0,TS,,13,BLD,,8,0,VCT Emea
2,Sunset,Zest,BLD,Kayo,0.61,124.0,9,14,7,-5,67.0,73.0,24.0,0.0,4.0,-4.0,TS,,13,BLD,,8,0,VCT Emea
3,Split,Wild0reoo,TS,Skye,1.63,257.0,20,11,11,9,100.0,171.0,38.0,2.0,2.0,0.0,TS,,13,BLD,,8,1,VCT Emea
3,Split,Jremy,TS,Raze,1.41,273.0,18,11,7,7,81.0,189.0,14.0,4.0,1.0,3.0,TS,,13,BLD,,8,1,VCT Emea
3,Split,2GE,TS,Omen,1.35,213.0,17,11,8,6,95.0,132.0,37.0,4.0,0.0,4.0,TS,,13,BLD,,8,1,VCT Emea
3,Split,invy,TS,Viper,0.99,195.0,13,12,12,1,81.0,130.0,28.0,2.0,4.0,-2.0,TS,,13,BLD,,8,1,VCT Emea
3,Split,JessieVash,TS,Cypher,0.76,118.0,10,11,6,-1,81.0,67.0,9.0,1.0,1.0,0.0,TS,,13,BLD,,8,1,VCT Emea
3,Split,Retla,BLD,Cypher,0.99,199.0,15,15,2,0,67.0,135.0,23.0,2.0,1.0,1.0,TS,,13,BLD,,8,0,VCT Emea
3,Split,Deryeon,BLD,Raze,0.87,223.0,15,18,2,-3,62.0,151.0,25.0,3.0,3.0,0.0,TS,,13,BLD,,8,0,VCT Emea
3,Split,Zest,BLD,Deadlock,0.79,105.0,9,13,4,-4,71.0,78.0,48.0,2.0,3.0,-1.0,TS,,13,BLD,,8,0,VCT Emea
3,Split,crazyguy,BLD,Fade,0.73,170.0,9,16,7,-7,62.0,124.0,16.0,0.0,3.0,-3.0,TS,,13,BLD,,8,0,VCT Emea
3,Split,sScary,BLD,Omen,0.67,140.0,8,16,11,-8,67.0,96.0,16.0,1.0,3.0,-2.0,TS,,13,BLD,,8,0,VCT Emea
0,Split,stax,T1,Skye,1.14,193.0,19,16,9,3,82.0,118.0,22.0,2.0,0.0,2.0,T1,,13,GEN,,15,0,VCT Emea
0,Split,Sayaplayer,T1,Chamber,1.05,224.0,24,18,1,6,64.0,131.0,29.0,4.0,3.0,1.0,T1,,13,GEN,,15,0,VCT Emea
0,Split,iZu,T1,Raze,1.02,258.0,26,22,5,4,71.0,176.0,22.0,3.0,6.0,-3.0,T1,,13,GEN,,15,0,VCT Emea
0,Split,Rossy,T1,Viper,0.98,201.0,19,18,8,1,75.0,132.0,38.0,4.0,3.0,1.0,T1,,13,GEN,,15,0,VCT Emea
0,Split,xccurate,T1,Omen,0.34,81.0,6,22,12,-16,68.0,59.0,17.0,1.0,2.0,-1.0,T1,,13,GEN,,15,0,VCT Emea
0,Split,Karon,GEN,Omen,1.31,196.0,19,16,14,3,89.0,132.0,40.0,1.0,3.0,-2.0,T1,,13,GEN,,15,1,VCT Emea
0,Split,Meteor,GEN,Cypher,1.07,188.0,21,18,5,3,68.0,108.0,28.0,1.0,2.0,-1.0,T1,,13,GEN,,15,1,VCT Emea
0,Split,t3xture,GEN,Raze,1.06,241.0,22,22,3,0,64.0,166.0,27.0,3.0,3.0,0.0,T1,,13,GEN,,15,1,VCT Emea
0,Split,Lakia,GEN,Skye,1.02,203.0,20,18,8,2,68.0,130.0,26.0,5.0,1.0,4.0,T1,,13,GEN,,15,1,VCT Emea
0,Split,Munchkin,GEN,Viper,0.9,163.0,14,20,9,-6,71.0,119.0,23.0,4.0,5.0,-1.0,T1,,13,GEN,,15,1,VCT Emea
2,Lotus,Sayaplayer,T1,Chamber,2.01,345.0,24,9,3,15,89.0,210.0,14.0,5.0,1.0,4.0,T1,,13,GEN,,5,1,VCT Emea
2,Lotus,Rossy,T1,Viper,1.26,206.0,15,8,2,7,83.0,139.0,19.0,1.0,0.0,1.0,T1,,13,GEN,,5,1,VCT Emea
2,Lotus,stax,T1,Fade,1.08,206.0,13,10,13,3,94.0,125.0,27.0,1.0,1.0,0.0,T1,,13,GEN,,5,1,VCT Emea
2,Lotus,iZu,T1,Raze,1.01,237.0,16,12,3,4,78.0,146.0,23.0,2.0,4.0,-2.0,T1,,13,GEN,,5,1,VCT Emea
2,Lotus,xccurate,T1,Omen,0.88,155.0,11,11,6,0,67.0,103.0,28.0,0.0,3.0,-3.0,T1,,13,GEN,,5,1,VCT Emea
2,Lotus,Munchkin,GEN,Viper,0.91,179.0,11,14,4,-3,72.0,106.0,15.0,1.0,2.0,-1.0,T1,,13,GEN,,5,0,VCT Emea
2,Lotus,Meteor,GEN,Killjoy,0.78,173.0,11,16,1,-5,67.0,105.0,33.0,5.0,0.0,5.0,T1,,13,GEN,,5,0,VCT Emea
2,Lotus,Lakia,GEN,Fade,0.69,174.0,10,18,10,-8,78.0,119.0,22.0,2.0,2.0,0.0,T1,,13,GEN,,5,0,VCT Emea
2,Lotus,Karon,GEN,Omen,0.63,138.0,9,16,4,-7,44.0,82.0,47.0,1.0,0.0,1.0,T1,,13,GEN,,5,0,VCT Emea
2,Lotus,t3xture,GEN,Raze,0.53,140.0,9,15,4,-6,50.0,104.0,26.0,0.0,5.0,-5.0,T1,,13,GEN,,5,0,VCT Emea
3,Sunset,stax,T1,Breach,1.13,255.0,18,16,11,2,77.0,161.0,45.0,0.0,2.0,-2.0,T1,,9,GEN,,13,0,VCT Emea
3,Sunset,Rossy,T1,Gekko,0.99,193.0,15,15,4,0,82.0,122.0,21.0,1.0,1.0,0.0,T1,,9,GEN,,13,0,VCT Emea
3,Sunset,Sayaplayer,T1,Sage,0.94,180.0,14,13,4,1,77.0,129.0,40.0,2.0,1.0,1.0,T1,,9,GEN,,13,0,VCT Emea
3,Sunset,iZu,T1,Raze,0.9,257.0,18,19,7,-1,73.0,175.0,21.0,8.0,4.0,4.0,T1,,9,GEN,,13,0,VCT Emea
3,Sunset,xccurate,T1,Omen,0.75,134.0,10,14,7,-4,73.0,83.0,19.0,1.0,2.0,-1.0,T1,,9,GEN,,13,0,VCT Emea
3,Sunset,Karon,GEN,Omen,1.95,347.0,28,14,7,14,77.0,221.0,50.0,2.0,0.0,2.0,T1,,9,GEN,,13,1,VCT Emea
3,Sunset,t3xture,GEN,Jett,0.98,181.0,16,15,2,1,77.0,103.0,30.0,4.0,5.0,-1.0,T1,,9,GEN,,13,1,VCT Emea
3,Sunset,Meteor,GEN,Cypher,0.96,202.0,15,17,10,-2,64.0,130.0,24.0,3.0,2.0,1.0,T1,,9,GEN,,13,1,VCT Emea
3,Sunset,Lakia,GEN,Sova,0.87,163.0,11,13,4,-2,77.0,123.0,27.0,0.0,2.0,-2.0,T1,,9,GEN,,13,1,VCT Emea
3,Sunset,Munchkin,GEN,Kayo,0.62,109.0,6,16,16,-10,77.0,65.0,15.0,1.0,3.0,-2.0,T1,,9,GEN,,13,1,VCT Emea
0,Sunset,Jremy,TS,Raze,1.26,232.0,16,13,4,3,81.0,152.0,24.0,5.0,4.0,1.0,TS,,13,GE,,8,1,VCT Emea
0,Sunset,Wild0reoo,TS,Cypher,1.24,225.0,18,13,6,5,62.0,129.0,30.0,2.0,1.0,1.0,TS,,13,GE,,8,1,VCT Emea
0,Sunset,JessieVash,TS,Sova,1.13,240.0,18,14,4,4,62.0,162.0,33.0,2.0,1.0,1.0,TS,,13,GE,,8,1,VCT Emea
0,Sunset,2GE,TS,Omen,1.0,163.0,14,12,4,2,71.0,95.0,32.0,0.0,3.0,-3.0,TS,,13,GE,,8,1,VCT Emea
0,Sunset,invy,TS,Breach,0.93,161.0,11,13,7,-2,67.0,95.0,21.0,3.0,0.0,3.0,TS,,13,GE,,8,1,VCT Emea
0,Sunset,blaZek1ng,GE,Cypher,1.25,257.0,18,16,5,2,62.0,177.0,37.0,1.0,2.0,-1.0,TS,,13,GE,,8,0,VCT Emea
0,Sunset,Polvi,GE,Jett,0.98,209.0,14,13,5,1,76.0,153.0,15.0,3.0,4.0,-1.0,TS,,13,GE,,8,0,VCT Emea
0,Sunset,Russ,GE,Kayo,0.86,210.0,15,18,12,-3,67.0,138.0,43.0,2.0,4.0,-2.0,TS,,13,GE,,8,0,VCT Emea
0,Sunset,Benkai,GE,Sova,0.81,121.0,10,14,5,-4,71.0,82.0,44.0,0.0,1.0,-1.0,TS,,13,GE,,8,0,VCT Emea
0,Sunset,Lightningfast,GE,Omen,0.56,123.0,8,16,6,-8,67.0,80.0,24.0,3.0,1.0,2.0,TS,,13,GE,,8,0,VCT Emea
2,Ascent,Wild0reoo,TS,Killjoy,1.45,257.0,23,12,2,11,65.0,161.0,40.0,3.0,1.0,2.0,TS,,13,GE,,10,1,VCT Emea
2,Ascent,invy,TS,Kayo,1.32,185.0,17,12,11,5,78.0,120.0,27.0,0.0,0.0,0.0,TS,,13,GE,,10,1,VCT Emea
2,Ascent,Jremy,TS,Jett,1.2,271.0,23,19,6,4,74.0,174.0,24.0,3.0,6.0,-3.0,TS,,13,GE,,10,1,VCT Emea
2,Ascent,2GE,TS,Omen,0.96,207.0,16,16,7,0,65.0,128.0,33.0,3.0,3.0,0.0,TS,,13,GE,,10,1,VCT Emea
2,Ascent,JessieVash,TS,Sova,0.74,172.0,11,17,9,-6,70.0,126.0,9.0,1.0,3.0,-2.0,TS,,13,GE,,10,1,VCT Emea
2,Ascent,Polvi,GE,Jett,1.13,291.0,22,19,7,3,78.0,183.0,20.0,6.0,3.0,3.0,TS,,13,GE,,10,0,VCT Emea
2,Ascent,blaZek1ng,GE,Killjoy,0.91,178.0,15,16,2,-1,52.0,124.0,31.0,1.0,2.0,-1.0,TS,,13,GE,,10,0,VCT Emea
2,Ascent,Lightningfast,GE,Omen,0.89,191.0,18,19,5,-1,70.0,115.0,19.0,2.0,3.0,-1.0,TS,,13,GE,,10,0,VCT Emea
2,Ascent,Russ,GE,Kayo,0.78,155.0,10,18,14,-8,78.0,109.0,24.0,2.0,1.0,1.0,TS,,13,GE,,10,0,VCT Emea
2,Ascent,Benkai,GE,Sova,0.69,171.0,11,18,2,-7,43.0,129.0,32.0,2.0,1.0,1.0,TS,,13,GE,,10,0,VCT Emea
0,Lotus,Benkai,GE,Breach,1.53,244.0,17,9,13,8,95.0,170.0,29.0,0.0,1.0,-1.0,GE,,13,BLD,,6,1,VCT Emea
0,Lotus,Polvi,GE,Neon,1.27,301.0,20,14,7,6,79.0,205.0,27.0,4.0,5.0,-1.0,GE,,13,BLD,,6,1,VCT Emea
0,Lotus,Russ,GE,Fade,1.03,203.0,14,13,3,1,84.0,139.0,35.0,3.0,2.0,1.0,GE,,13,BLD,,6,1,VCT Emea
0,Lotus,blaZek1ng,GE,Cypher,0.95,147.0,9,12,7,-3,74.0,97.0,36.0,3.0,0.0,3.0,GE,,13,BLD,,6,1,VCT Emea
0,Lotus,Lightningfast,GE,Omen,0.95,174.0,13,13,6,0,89.0,95.0,36.0,1.0,0.0,1.0,GE,,13,BLD,,6,1,VCT Emea
0,Lotus,sScary,BLD,Omen,1.25,254.0,17,13,8,4,95.0,152.0,25.0,3.0,0.0,3.0,GE,,13,BLD,,6,0,VCT Emea
0,Lotus,Retla,BLD,Cypher,0.85,203.0,14,14,2,0,58.0,126.0,24.0,2.0,2.0,0.0,GE,,13,BLD,,6,0,VCT Emea
0,Lotus,Zest,BLD,Viper,0.8,187.0,13,15,1,-2,63.0,126.0,46.0,1.0,1.0,0.0,GE,,13,BLD,,6,0,VCT Emea
0,Lotus,Deryeon,BLD,Raze,0.72,155.0,11,16,4,-5,74.0,115.0,16.0,1.0,6.0,-5.0,GE,,13,BLD,,6,0,VCT Emea
0,Lotus,crazyguy,BLD,Fade,0.71,123.0,6,15,10,-9,68.0,92.0,14.0,1.0,2.0,-1.0,GE,,13,BLD,,6,0,VCT Emea
2,Sunset,Benkai,GE,Sova,1.57,220.0,14,7,8,7,84.0,138.0,31.0,0.0,0.0,0.0,GE,,13,BLD,,6,1,VCT Emea
2,Sunset,blaZek1ng,GE,Cypher,1.22,217.0,16,12,3,4,84.0,139.0,20.0,4.0,1.0,3.0,GE,,13,BLD,,6,1,VCT Emea
2,Sunset,Russ,GE,Kayo,1.13,219.0,12,12,19,0,84.0,155.0,27.0,2.0,3.0,-1.0,GE,,13,BLD,,6,1,VCT Emea
2,Sunset,Lightningfast,GE,Omen,1.07,122.0,10,9,10,1,95.0,70.0,35.0,1.0,1.0,0.0,GE,,13,BLD,,6,1,VCT Emea
2,Sunset,Polvi,GE,Neon,0.99,239.0,17,17,6,0,68.0,139.0,24.0,4.0,3.0,1.0,GE,,13,BLD,,6,1,VCT Emea
2,Sunset,sScary,BLD,Omen,1.31,219.0,18,11,2,7,84.0,123.0,26.0,1.0,0.0,1.0,GE,,13,BLD,,6,0,VCT Emea
2,Sunset,Retla,BLD,Cypher,0.85,195.0,13,16,6,-3,58.0,123.0,36.0,1.0,1.0,0.0,GE,,13,BLD,,6,0,VCT Emea
2,Sunset,crazyguy,BLD,Sova,0.7,157.0,10,14,5,-4,68.0,120.0,29.0,2.0,1.0,1.0,GE,,13,BLD,,6,0,VCT Emea
2,Sunset,Zest,BLD,Kayo,0.58,111.0,7,12,7,-5,47.0,68.0,40.0,1.0,5.0,-4.0,GE,,13,BLD,,6,0,VCT Emea
2,Sunset,Deryeon,BLD,Raze,0.56,158.0,9,16,4,-7,53.0,109.0,23.0,3.0,4.0,-1.0,GE,,13,BLD,,6,0,VCT Emea
0,Haven,invy,TS,Breach,1.2,237.0,20,18,8,2,65.0,156.0,43.0,1.0,1.0,0.0,TS,,10,T1,,13,0,VCT Emea
0,Haven,2GE,TS,Omen,1.08,180.0,14,17,13,-3,78.0,117.0,27.0,3.0,1.0,2.0,TS,,10,T1,,13,0,VCT Emea
0,Haven,JessieVash,TS,Sova,0.92,157.0,13,16,7,-3,78.0,103.0,24.0,0.0,0.0,0.0,TS,,10,T1,,13,0,VCT Emea
0,Haven,Wild0reoo,TS,Killjoy,0.82,164.0,13,16,2,-3,78.0,108.0,29.0,2.0,1.0,1.0,TS,,10,T1,,13,0,VCT Emea
0,Haven,Jremy,TS,Neon,0.57,192.0,16,22,1,-6,57.0,119.0,29.0,4.0,10.0,-6.0,TS,,10,T1,,13,0,VCT Emea
0,Haven,Rossy,T1,Sova,1.86,368.0,29,13,6,16,74.0,248.0,55.0,3.0,0.0,3.0,TS,,10,T1,,13,1,VCT Emea
0,Haven,xccurate,T1,Omen,1.26,261.0,20,17,18,3,100.0,161.0,25.0,3.0,1.0,2.0,TS,,10,T1,,13,1,VCT Emea
0,Haven,iZu,T1,Cypher,1.06,198.0,18,14,3,4,83.0,129.0,44.0,1.0,0.0,1.0,TS,,10,T1,,13,1,VCT Emea
0,Haven,Sayaplayer,T1,Jett,0.77,171.0,15,16,2,-1,65.0,113.0,19.0,6.0,6.0,0.0,TS,,10,T1,,13,1,VCT Emea
0,Haven,stax,T1,Breach,0.64,127.0,7,16,15,-9,65.0,88.0,33.0,0.0,3.0,-3.0,TS,,10,T1,,13,1,VCT Emea
2,Split,2GE,TS,Omen,1.67,245.0,20,8,5,12,84.0,156.0,33.0,1.0,1.0,0.0,TS,,13,T1,,6,1,VCT Emea
2,Split,Jremy,TS,Raze,1.21,255.0,16,12,5,4,84.0,170.0,19.0,4.0,0.0,4.0,TS,,13,T1,,6,1,VCT Emea
2,Split,JessieVash,TS,Cypher,1.05,208.0,15,13,4,2,63.0,112.0,20.0,4.0,4.0,0.0,TS,,13,T1,,6,1,VCT Emea
2,Split,invy,TS,Viper,1.02,158.0,11,11,8,0,68.0,107.0,22.0,1.0,2.0,-1.0,TS,,13,T1,,6,1,VCT Emea
2,Split,Wild0reoo,TS,Skye,0.89,161.0,10,14,6,-4,79.0,113.0,25.0,1.0,1.0,0.0,TS,,13,T1,,6,1,VCT Emea
2,Split,iZu,T1,Raze,1.02,256.0,16,15,2,1,58.0,170.0,15.0,2.0,3.0,-1.0,TS,,13,T1,,6,0,VCT Emea
2,Split,Sayaplayer,T1,Chamber,1.01,211.0,14,13,2,1,74.0,134.0,24.0,3.0,3.0,0.0,TS,,13,T1,,6,0,VCT Emea
2,Split,xccurate,T1,Omen,0.69,165.0,10,15,4,-5,58.0,104.0,18.0,3.0,2.0,1.0,TS,,13,T1,,6,0,VCT Emea
2,Split,stax,T1,Skye,0.63,168.0,11,15,4,-4,68.0,100.0,24.0,0.0,1.0,-1.0,TS,,13,T1,,6,0,VCT Emea
2,Split,Rossy,T1,Viper,0.49,122.0,7,14,3,-7,58.0,86.0,36.0,0.0,2.0,-2.0,TS,,13,T1,,6,0,VCT Emea
3,Icebox,invy,TS,Kayo,1.42,256.0,24,17,18,7,73.0,153.0,22.0,3.0,1.0,2.0,TS,,14,T1,,12,1,VCT Emea
3,Icebox,Wild0reoo,TS,Gekko,1.14,204.0,19,18,10,1,73.0,148.0,35.0,1.0,0.0,1.0,TS,,14,T1,,12,1,VCT Emea
3,Icebox,2GE,TS,Viper,0.99,188.0,17,18,8,-1,62.0,131.0,29.0,3.0,3.0,0.0,TS,,14,T1,,12,1,VCT Emea
3,Icebox,Jremy,TS,Jett,0.93,192.0,15,19,7,-4,62.0,136.0,20.0,6.0,7.0,-1.0,TS,,14,T1,,12,1,VCT Emea
3,Icebox,JessieVash,TS,Killjoy,0.56,97.0,10,15,1,-5,50.0,66.0,15.0,0.0,2.0,-2.0,TS,,14,T1,,12,1,VCT Emea
3,Icebox,stax,T1,Kayo,1.2,177.0,16,15,19,1,73.0,107.0,25.0,1.0,1.0,0.0,TS,,14,T1,,12,0,VCT Emea
3,Icebox,Sayaplayer,T1,Chamber,1.13,213.0,20,17,4,3,69.0,121.0,7.0,5.0,1.0,4.0,TS,,14,T1,,12,0,VCT Emea
3,Icebox,xccurate,T1,Viper,1.12,215.0,20,16,5,4,69.0,150.0,27.0,1.0,1.0,0.0,TS,,14,T1,,12,0,VCT Emea
3,Icebox,Rossy,T1,Gekko,0.92,144.0,13,17,11,-4,65.0,101.0,30.0,1.0,4.0,-3.0,TS,,14,T1,,12,0,VCT Emea
3,Icebox,iZu,T1,Iso,0.73,185.0,16,20,4,-4,69.0,127.0,34.0,5.0,6.0,-1.0,TS,,14,T1,,12,0,VCT Emea
0,Icebox,blaZek1ng,GE,Viper,1.29,198.0,17,14,2,3,74.0,118.0,40.0,1.0,0.0,1.0,GE,,13,T1,,10,1,VCT Emea
0,Icebox,Benkai,GE,Killjoy,1.2,186.0,14,15,9,-1,87.0,139.0,28.0,1.0,2.0,-1.0,GE,,13,T1,,10,1,VCT Emea
0,Icebox,Polvi,GE,Jett,1.15,238.0,20,19,3,1,65.0,156.0,32.0,3.0,7.0,-4.0,GE,,13,T1,,10,1,VCT Emea
0,Icebox,Lightningfast,GE,Sage,0.89,210.0,18,18,3,0,65.0,141.0,46.0,2.0,3.0,-1.0,GE,,13,T1,,10,1,VCT Emea
0,Icebox,Russ,GE,Kayo,0.78,166.0,13,19,17,-6,70.0,94.0,41.0,2.0,2.0,0.0,GE,,13,T1,,10,1,VCT Emea
0,Icebox,iZu,T1,Jett,1.3,305.0,25,17,4,8,78.0,211.0,30.0,6.0,3.0,3.0,GE,,13,T1,,10,0,VCT Emea
0,Icebox,Sayaplayer,T1,Chamber,1.13,227.0,19,15,2,4,70.0,148.0,28.0,4.0,1.0,3.0,GE,,13,T1,,10,0,VCT Emea
0,Icebox,stax,T1,Kayo,1.03,182.0,16,15,13,1,74.0,108.0,38.0,0.0,1.0,-1.0,GE,,13,T1,,10,0,VCT Emea
0,Icebox,xccurate,T1,Viper,0.74,153.0,11,16,9,-5,70.0,124.0,22.0,2.0,1.0,1.0,GE,,13,T1,,10,0,VCT Emea
0,Icebox,carpe,T1,Gekko,0.62,177.0,14,19,7,-5,74.0,122.0,28.0,2.0,3.0,-1.0,GE,,13,T1,,10,0,VCT Emea
2,Lotus,Russ,GE,Fade,1.22,272.0,20,18,5,2,76.0,167.0,40.0,4.0,2.0,2.0,GE,,8,T1,,13,0,VCT Emea
2,Lotus,blaZek1ng,GE,Cypher,1.19,209.0,17,15,5,2,71.0,143.0,39.0,0.0,2.0,-2.0,GE,,8,T1,,13,0,VCT Emea
2,Lotus,Polvi,GE,Neon,0.79,224.0,14,19,6,-5,62.0,149.0,27.0,5.0,3.0,2.0,GE,,8,T1,,13,0,VCT Emea
2,Lotus,Lightningfast,GE,Omen,0.71,136.0,9,16,7,-7,52.0,76.0,16.0,3.0,0.0,3.0,GE,,8,T1,,13,0,VCT Emea
2,Lotus,Benkai,GE,Breach,0.67,105.0,7,16,11,-9,76.0,77.0,18.0,0.0,2.0,-2.0,GE,,8,T1,,13,0,VCT Emea
2,Lotus,stax,T1,Fade,1.53,244.0,20,11,8,9,76.0,198.0,35.0,0.0,1.0,-1.0,GE,,8,T1,,13,1,VCT Emea
2,Lotus,iZu,T1,Raze,1.31,304.0,24,14,3,10,81.0,205.0,25.0,1.0,5.0,-4.0,GE,,8,T1,,13,1,VCT Emea
2,Lotus,Sayaplayer,T1,Chamber,1.08,167.0,15,11,1,4,76.0,126.0,24.0,5.0,4.0,1.0,GE,,8,T1,,13,1,VCT Emea
2,Lotus,carpe,T1,Viper,1.05,192.0,13,13,16,0,90.0,120.0,24.0,3.0,0.0,3.0,GE,,8,T1,,13,1,VCT Emea
2,Lotus,xccurate,T1,Omen,0.62,175.0,12,18,10,-6,71.0,115.0,23.0,0.0,2.0,-2.0,GE,,8,T1,,13,1,VCT Emea
3,Ascent,Russ,GE,Kayo,1.03,171.0,12,15,13,-3,62.0,106.0,27.0,5.0,2.0,3.0,GE,,8,T1,,13,0,VCT Emea
3,Ascent,Benkai,GE,Sova,1.0,160.0,11,14,5,-3,62.0,114.0,15.0,0.0,1.0,-1.0,GE,,8,T1,,13,0,VCT Emea
3,Ascent,Polvi,GE,Jett,0.85,217.0,15,18,4,-3,62.0,134.0,29.0,3.0,4.0,-1.0,GE,,8,T1,,13,0,VCT Emea
3,Ascent,blaZek1ng,GE,Killjoy,0.65,180.0,12,17,2,-5,67.0,117.0,24.0,0.0,4.0,-4.0,GE,,8,T1,,13,0,VCT Emea
3,Ascent,Lightningfast,GE,Omen,0.57,103.0,8,17,10,-9,62.0,51.0,30.0,0.0,2.0,-2.0,GE,,8,T1,,13,0,VCT Emea
3,Ascent,iZu,T1,Killjoy,1.54,280.0,23,11,5,12,86.0,190.0,24.0,3.0,1.0,2.0,GE,,8,T1,,13,1,VCT Emea
3,Ascent,Sayaplayer,T1,Jett,1.52,301.0,24,12,2,12,86.0,187.0,30.0,4.0,2.0,2.0,GE,,8,T1,,13,1,VCT Emea
3,Ascent,carpe,T1,Sova,1.25,190.0,15,10,7,5,86.0,132.0,20.0,3.0,0.0,3.0,GE,,8,T1,,13,1,VCT Emea
3,Ascent,stax,T1,Kayo,1.13,176.0,12,11,18,1,71.0,115.0,31.0,3.0,1.0,2.0,GE,,8,T1,,13,1,VCT Emea
3,Ascent,xccurate,T1,Omen,0.55,94.0,7,14,6,-7,71.0,62.0,20.0,0.0,4.0,-4.0,GE,,8,T1,,13,1,VCT Emea
0,Ascent,Zest,BLD,Kayo,1.21,219.0,15,14,8,1,63.0,141.0,33.0,2.0,2.0,0.0,BLD,,6,GEN,,13,0,VCT Emea
0,Ascent,sScary,BLD,Omen,1.12,229.0,13,14,10,-1,68.0,159.0,29.0,3.0,1.0,2.0,BLD,,6,GEN,,13,0,VCT Emea
0,Ascent,crazyguy,BLD,Sova,0.69,134.0,8,15,7,-7,79.0,95.0,24.0,0.0,2.0,-2.0,BLD,,6,GEN,,13,0,VCT Emea
0,Ascent,Retla,BLD,Killjoy,0.67,140.0,9,14,0,-5,53.0,103.0,17.0,0.0,1.0,-1.0,BLD,,6,GEN,,13,0,VCT Emea
0,Ascent,Deryeon,BLD,Jett,0.6,186.0,13,18,1,-5,53.0,109.0,35.0,2.0,6.0,-4.0,BLD,,6,GEN,,13,0,VCT Emea
0,Ascent,t3xture,GEN,Jett,2.0,384.0,26,11,5,15,95.0,246.0,22.0,7.0,1.0,6.0,BLD,,6,GEN,,13,1,VCT Emea
0,Ascent,Meteor,GEN,Killjoy,1.14,217.0,15,12,6,3,84.0,149.0,31.0,0.0,0.0,0.0,BLD,,6,GEN,,13,1,VCT Emea
0,Ascent,Lakia,GEN,Sova,0.99,193.0,15,12,11,3,84.0,159.0,37.0,1.0,2.0,-1.0,BLD,,6,GEN,,13,1,VCT Emea
0,Ascent,Karon,GEN,Omen,0.88,132.0,10,11,3,-1,79.0,77.0,40.0,2.0,2.0,0.0,BLD,,6,GEN,,13,1,VCT Emea
0,Ascent,Munchkin,GEN,Kayo,0.81,137.0,9,12,9,-3,79.0,89.0,33.0,2.0,2.0,0.0,BLD,,6,GEN,,13,1,VCT Emea
2,Sunset,Zest,BLD,Kayo,1.19,194.0,16,13,12,3,87.0,122.0,35.0,0.0,2.0,-2.0,BLD,,13,GEN,,10,1,VCT Emea
2,Sunset,Deryeon,BLD,Jett,1.18,251.0,21,17,3,4,74.0,158.0,32.0,10.0,3.0,7.0,BLD,,13,GEN,,10,1,VCT Emea
2,Sunset,crazyguy,BLD,Sova,1.18,216.0,18,15,4,3,74.0,147.0,22.0,2.0,1.0,1.0,BLD,,13,GEN,,10,1,VCT Emea
2,Sunset,Retla,BLD,Cypher,1.17,243.0,22,17,6,5,83.0,160.0,35.0,1.0,1.0,0.0,BLD,,13,GEN,,10,1,VCT Emea
2,Sunset,sScary,BLD,Omen,0.6,116.0,8,16,12,-8,83.0,80.0,30.0,1.0,2.0,-1.0,BLD,,13,GEN,,10,1,VCT Emea
2,Sunset,Karon,GEN,Omen,1.37,274.0,24,18,12,6,96.0,161.0,38.0,3.0,1.0,2.0,BLD,,13,GEN,,10,0,VCT Emea
2,Sunset,Lakia,GEN,Sova,1.01,195.0,14,15,9,-1,74.0,150.0,27.0,0.0,2.0,-2.0,BLD,,13,GEN,,10,0,VCT Emea
2,Sunset,t3xture,GEN,Jett,0.95,214.0,18,19,2,-1,57.0,139.0,47.0,4.0,6.0,-2.0,BLD,,13,GEN,,10,0,VCT Emea
2,Sunset,Meteor,GEN,Cypher,0.92,169.0,13,16,7,-3,74.0,124.0,31.0,0.0,2.0,-2.0,BLD,,13,GEN,,10,0,VCT Emea
2,Sunset,Munchkin,GEN,Kayo,0.74,140.0,9,17,16,-8,65.0,103.0,15.0,2.0,3.0,-1.0,BLD,,13,GEN,,10,0,VCT Emea
3,Icebox,Deryeon,BLD,Jett,1.25,276.0,23,16,2,7,75.0,172.0,32.0,8.0,4.0,4.0,BLD,,11,GEN,,13,0,VCT Emea
3,Icebox,sScary,BLD,Viper,1.24,229.0,20,15,3,5,67.0,159.0,24.0,1.0,1.0,0.0,BLD,,11,GEN,,13,0,VCT Emea
3,Icebox,Retla,BLD,Killjoy,0.78,123.0,11,17,3,-6,58.0,94.0,29.0,0.0,0.0,0.0,BLD,,11,GEN,,13,0,VCT Emea
3,Icebox,Zest,BLD,Kayo,0.71,143.0,10,17,12,-7,67.0,83.0,21.0,2.0,5.0,-3.0,BLD,,11,GEN,,13,0,VCT Emea
3,Icebox,crazyguy,BLD,Sova,0.53,112.0,8,18,4,-10,63.0,77.0,24.0,0.0,3.0,-3.0,BLD,,11,GEN,,13,0,VCT Emea
3,Icebox,Meteor,GEN,Killjoy,1.28,231.0,21,14,3,7,75.0,155.0,29.0,1.0,2.0,-1.0,BLD,,11,GEN,,13,1,VCT Emea
3,Icebox,t3xture,GEN,Jett,1.1,235.0,19,17,7,2,79.0,132.0,23.0,7.0,3.0,4.0,BLD,,11,GEN,,13,1,VCT Emea
3,Icebox,Lakia,GEN,Gekko,1.06,178.0,15,14,7,1,75.0,128.0,41.0,3.0,1.0,2.0,BLD,,11,GEN,,13,1,VCT Emea
3,Icebox,Karon,GEN,Viper,1.03,158.0,13,13,9,0,79.0,105.0,27.0,1.0,0.0,1.0,BLD,,11,GEN,,13,1,VCT Emea
3,Icebox,Munchkin,GEN,Kayo,0.99,175.0,15,14,14,1,71.0,110.0,19.0,1.0,5.0,-4.0,BLD,,11,GEN,,13,1,VCT Emea
0,Lotus,Meteor,GEN,Killjoy,1.83,372.0,19,5,6,14,100.0,214.0,26.0,3.0,0.0,3.0,GEN,,13,GE,,1,1,VCT Emea
0,Lotus,t3xture,GEN,Raze,1.68,298.0,18,6,2,12,93.0,175.0,33.0,2.0,1.0,1.0,GEN,,13,GE,,1,1,VCT Emea
0,Lotus,Munchkin,GEN,Viper,1.67,208.0,11,4,12,7,93.0,132.0,21.0,1.0,0.0,1.0,GEN,,13,GE,,1,1,VCT Emea
0,Lotus,Lakia,GEN,Fade,1.46,195.0,9,4,10,5,93.0,134.0,19.0,2.0,2.0,0.0,GEN,,13,GE,,1,1,VCT Emea
0,Lotus,Karon,GEN,Omen,1.27,153.0,10,5,2,5,86.0,97.0,62.0,1.0,2.0,-1.0,GEN,,13,GE,,1,1,VCT Emea
0,Lotus,Lightningfast,GE,Omen,0.72,155.0,8,13,2,-5,57.0,94.0,45.0,0.0,2.0,-2.0,GEN,,13,GE,,1,0,VCT Emea
0,Lotus,blaZek1ng,GE,Cypher,0.61,135.0,6,13,0,-7,50.0,91.0,57.0,0.0,2.0,-2.0,GEN,,13,GE,,1,0,VCT Emea
0,Lotus,Benkai,GE,Breach,0.33,89.0,3,13,6,-10,64.0,56.0,31.0,0.0,0.0,0.0,GEN,,13,GE,,1,0,VCT Emea
0,Lotus,Polvi,GE,Neon,0.14,102.0,5,14,0,-9,36.0,64.0,33.0,4.0,4.0,0.0,GEN,,13,GE,,1,0,VCT Emea
0,Lotus,Russ,GE,Fade,0.07,52.0,2,14,2,-12,36.0,30.0,33.0,1.0,1.0,0.0,GEN,,13,GE,,1,0,VCT Emea
2,Ascent,Lakia,GEN,Sova,1.69,246.0,19,7,5,12,84.0,165.0,22.0,1.0,3.0,-2.0,GEN,,13,GE,,6,1,VCT Emea
2,Ascent,Meteor,GEN,Killjoy,1.33,280.0,19,13,1,6,68.0,211.0,36.0,0.0,0.0,0.0,GEN,,13,GE,,6,1,VCT Emea
2,Ascent,Karon,GEN,Omen,1.11,189.0,13,11,11,2,84.0,118.0,26.0,2.0,0.0,2.0,GEN,,13,GE,,6,1,VCT Emea
2,Ascent,Munchkin,GEN,Kayo,1.09,221.0,14,13,9,1,74.0,156.0,32.0,2.0,4.0,-2.0,GEN,,13,GE,,6,1,VCT Emea
2,Ascent,t3xture,GEN,Jett,1.03,200.0,14,11,2,3,74.0,125.0,16.0,5.0,2.0,3.0,GEN,,13,GE,,6,1,VCT Emea
2,Ascent,Polvi,GE,Jett,1.05,249.0,16,16,4,0,63.0,170.0,31.0,6.0,7.0,-1.0,GEN,,13,GE,,6,0,VCT Emea
2,Ascent,Benkai,GE,Sova,0.92,153.0,10,14,5,-4,63.0,119.0,41.0,0.0,1.0,-1.0,GEN,,13,GE,,6,0,VCT Emea
2,Ascent,Lightningfast,GE,Omen,0.71,153.0,10,17,10,-7,63.0,104.0,31.0,1.0,1.0,0.0,GEN,,13,GE,,6,0,VCT Emea
2,Ascent,Russ,GE,Kayo,0.68,145.0,9,16,9,-7,79.0,89.0,47.0,1.0,1.0,0.0,GEN,,13,GE,,6,0,VCT Emea
2,Ascent,blaZek1ng,GE,Killjoy,0.57,136.0,10,16,2,-6,53.0,85.0,32.0,1.0,0.0,1.0,GEN,,13,GE,,6,0,VCT Emea
0,Sunset,Lakia,GEN,Sova,1.11,246.0,17,16,4,1,63.0,163.0,25.0,0.0,2.0,-2.0,GEN,,6,TS,,13,0,VCT Emea
0,Sunset,Karon,GEN,Omen,1.03,203.0,14,15,8,-1,63.0,137.0,33.0,2.0,0.0,2.0,GEN,,6,TS,,13,0,VCT Emea
0,Sunset,Munchkin,GEN,Kayo,0.83,217.0,12,18,9,-6,74.0,130.0,12.0,1.0,1.0,0.0,GEN,,6,TS,,13,0,VCT Emea
0,Sunset,t3xture,GEN,Jett,0.66,162.0,10,15,4,-5,63.0,111.0,39.0,3.0,2.0,1.0,GEN,,6,TS,,13,0,VCT Emea
0,Sunset,Meteor,GEN,Cypher,0.26,93.0,6,17,3,-11,53.0,77.0,23.0,2.0,6.0,-4.0,GEN,,6,TS,,13,0,VCT Emea
0,Sunset,JessieVash,TS,Sova,1.51,266.0,19,11,7,8,84.0,185.0,37.0,0.0,0.0,0.0,GEN,,6,TS,,13,1,VCT Emea
0,Sunset,2GE,TS,Omen,1.48,272.0,20,12,5,8,95.0,179.0,41.0,2.0,0.0,2.0,GEN,,6,TS,,13,1,VCT Emea
0,Sunset,invy,TS,Breach,1.36,221.0,14,11,13,3,89.0,151.0,24.0,2.0,0.0,2.0,GEN,,6,TS,,13,1,VCT Emea
0,Sunset,Jremy,TS,Neon,1.18,255.0,18,13,4,5,79.0,155.0,23.0,5.0,6.0,-1.0,GEN,,6,TS,,13,1,VCT Emea
0,Sunset,Wild0reoo,TS,Cypher,0.84,151.0,10,12,4,-2,63.0,111.0,36.0,2.0,2.0,0.0,GEN,,6,TS,,13,1,VCT Emea
2,Lotus,Lakia,GEN,Fade,1.48,271.0,19,13,9,6,80.0,171.0,20.0,1.0,1.0,0.0,GEN,,13,TS,,7,1,VCT Emea
2,Lotus,Meteor,GEN,Killjoy,1.32,201.0,15,10,3,5,80.0,133.0,33.0,2.0,1.0,1.0,GEN,,13,TS,,7,1,VCT Emea
2,Lotus,t3xture,GEN,Raze,1.21,274.0,19,15,5,4,75.0,183.0,22.0,4.0,3.0,1.0,GEN,,13,TS,,7,1,VCT Emea
2,Lotus,Karon,GEN,Omen,1.18,186.0,14,13,13,1,75.0,128.0,37.0,1.0,3.0,-2.0,GEN,,13,TS,,7,1,VCT Emea
2,Lotus,Munchkin,GEN,Viper,1.1,181.0,13,12,8,1,75.0,125.0,38.0,2.0,2.0,0.0,GEN,,13,TS,,7,1,VCT Emea
2,Lotus,2GE,TS,Omen,0.93,193.0,14,15,9,-1,60.0,119.0,27.0,1.0,2.0,-1.0,GEN,,13,TS,,7,0,VCT Emea
2,Lotus,JessieVash,TS,Killjoy,0.9,200.0,14,15,2,-1,65.0,144.0,26.0,2.0,4.0,-2.0,GEN,,13,TS,,7,0,VCT Emea
2,Lotus,Wild0reoo,TS,Skye,0.82,180.0,12,16,11,-4,80.0,113.0,31.0,2.0,0.0,2.0,GEN,,13,TS,,7,0,VCT Emea
2,Lotus,invy,TS,Sova,0.78,182.0,12,16,5,-4,75.0,118.0,26.0,1.0,1.0,0.0,GEN,,13,TS,,7,0,VCT Emea
2,Lotus,Jremy,TS,Neon,0.55,179.0,11,18,4,-7,70.0,118.0,28.0,4.0,3.0,1.0,GEN,,13,TS,,7,0,VCT Emea
3,Split,Karon,GEN,Omen,1.19,196.0,17,17,18,0,88.0,133.0,25.0,2.0,0.0,2.0,GEN,,12,TS,,14,0,VCT Emea
3,Split,t3xture,GEN,Raze,1.11,241.0,21,19,3,2,73.0,161.0,20.0,4.0,6.0,-2.0,GEN,,12,TS,,14,0,VCT Emea
3,Split,Munchkin,GEN,Viper,1.08,201.0,16,18,13,-2,77.0,127.0,16.0,4.0,1.0,3.0,GEN,,12,TS,,14,0,VCT Emea
3,Split,Lakia,GEN,Skye,0.82,137.0,13,17,5,-4,65.0,93.0,27.0,2.0,3.0,-1.0,GEN,,12,TS,,14,0,VCT Emea
3,Split,Meteor,GEN,Cypher,0.66,160.0,15,20,6,-5,58.0,105.0,27.0,2.0,2.0,0.0,GEN,,12,TS,,14,0,VCT Emea
3,Split,Wild0reoo,TS,Skye,1.33,260.0,25,18,9,7,81.0,170.0,37.0,3.0,0.0,3.0,GEN,,12,TS,,14,1,VCT Emea
3,Split,invy,TS,Viper,1.26,263.0,23,18,8,5,73.0,179.0,23.0,3.0,1.0,2.0,GEN,,12,TS,,14,1,VCT Emea
3,Split,2GE,TS,Omen,1.05,172.0,14,14,9,0,73.0,119.0,20.0,1.0,2.0,-1.0,GEN,,12,TS,,14,1,VCT Emea
3,Split,JessieVash,TS,Cypher,0.87,141.0,14,14,0,0,73.0,96.0,41.0,1.0,3.0,-2.0,GEN,,12,TS,,14,1,VCT Emea
3,Split,Jremy,TS,Raze,0.75,184.0,14,18,4,-4,69.0,122.0,23.0,4.0,8.0,-4.0,GEN,,12,TS,,14,1,VCT Emea
0,Bind,stax,T1,Kayo,1.33,246.0,20,14,13,6,83.0,149.0,25.0,1.0,1.0,0.0,T1,,13,BLD,,11,1,VCT Emea
0,Bind,Sayaplayer,T1,Gekko,1.26,180.0,17,12,6,5,79.0,123.0,34.0,2.0,2.0,0.0,T1,,13,BLD,,11,1,VCT Emea
0,Bind,carpe,T1,Viper,1.03,238.0,20,17,8,3,79.0,140.0,33.0,4.0,4.0,0.0,T1,,13,BLD,,11,1,VCT Emea
0,Bind,xccurate,T1,Brimstone,1.03,195.0,17,15,10,2,71.0,129.0,19.0,1.0,2.0,-1.0,T1,,13,BLD,,11,1,VCT Emea
0,Bind,iZu,T1,Raze,0.85,181.0,13,16,5,-3,58.0,124.0,15.0,5.0,2.0,3.0,T1,,13,BLD,,11,1,VCT Emea
0,Bind,sScary,BLD,Brimstone,1.36,225.0,19,15,10,4,75.0,152.0,31.0,0.0,1.0,-1.0,T1,,13,BLD,,11,0,VCT Emea
0,Bind,Deryeon,BLD,Raze,0.88,216.0,18,21,6,-3,58.0,137.0,21.0,4.0,4.0,0.0,T1,,13,BLD,,11,0,VCT Emea
0,Bind,Retla,BLD,Cypher,0.84,145.0,13,16,3,-3,50.0,96.0,29.0,2.0,2.0,0.0,T1,,13,BLD,,11,0,VCT Emea
0,Bind,Zest,BLD,Skye,0.82,164.0,13,17,5,-4,67.0,95.0,33.0,4.0,0.0,4.0,T1,,13,BLD,,11,0,VCT Emea
0,Bind,crazyguy,BLD,Deadlock,0.66,133.0,11,18,8,-7,58.0,90.0,27.0,1.0,6.0,-5.0,T1,,13,BLD,,11,0,VCT Emea
2,Lotus,Sayaplayer,T1,Chamber,1.41,259.0,22,15,2,7,86.0,199.0,36.0,3.0,2.0,1.0,T1,,9,BLD,,13,0,VCT Emea
2,Lotus,iZu,T1,Raze,1.07,289.0,21,20,5,1,77.0,182.0,24.0,4.0,3.0,1.0,T1,,9,BLD,,13,0,VCT Emea
2,Lotus,xccurate,T1,Omen,0.99,162.0,13,15,12,-2,86.0,99.0,24.0,0.0,3.0,-3.0,T1,,9,BLD,,13,0,VCT Emea
2,Lotus,carpe,T1,Viper,0.79,196.0,15,20,8,-5,73.0,124.0,26.0,3.0,2.0,1.0,T1,,9,BLD,,13,0,VCT Emea
2,Lotus,stax,T1,Fade,0.75,153.0,10,16,9,-6,82.0,102.0,22.0,0.0,2.0,-2.0,T1,,9,BLD,,13,0,VCT Emea
2,Lotus,sScary,BLD,Omen,1.36,272.0,21,15,12,6,91.0,179.0,34.0,2.0,0.0,2.0,T1,,9,BLD,,13,1,VCT Emea
2,Lotus,Retla,BLD,Killjoy,1.27,224.0,20,15,2,5,86.0,154.0,37.0,1.0,1.0,0.0,T1,,9,BLD,,13,1,VCT Emea
2,Lotus,crazyguy,BLD,Sova,1.0,218.0,19,17,7,2,73.0,135.0,20.0,3.0,3.0,0.0,T1,,9,BLD,,13,1,VCT Emea
2,Lotus,Deryeon,BLD,Neon,0.89,224.0,15,18,8,-3,77.0,141.0,33.0,6.0,5.0,1.0,T1,,9,BLD,,13,1,VCT Emea
2,Lotus,Zest,BLD,Breach,0.68,133.0,11,16,6,-5,64.0,93.0,29.0,0.0,1.0,-1.0,T1,,9,BLD,,13,1,VCT Emea
3,Ascent,stax,T1,Kayo,1.31,244.0,19,14,14,5,86.0,140.0,37.0,1.0,0.0,1.0,T1,,13,BLD,,8,1,VCT Emea
3,Ascent,iZu,T1,Killjoy,1.24,296.0,20,16,5,4,86.0,183.0,14.0,4.0,1.0,3.0,T1,,13,BLD,,8,1,VCT Emea
3,Ascent,Sayaplayer,T1,Jett,1.01,248.0,20,16,3,4,71.0,147.0,28.0,5.0,3.0,2.0,T1,,13,BLD,,8,1,VCT Emea
3,Ascent,carpe,T1,Sova,0.92,179.0,13,14,11,-1,76.0,116.0,19.0,1.0,2.0,-1.0,T1,,13,BLD,,8,1,VCT Emea
3,Ascent,xccurate,T1,Omen,0.68,136.0,11,15,9,-4,71.0,92.0,19.0,0.0,4.0,-4.0,T1,,13,BLD,,8,1,VCT Emea
3,Ascent,Deryeon,BLD,Jett,1.49,300.0,24,14,0,10,62.0,196.0,44.0,1.0,4.0,-3.0,T1,,13,BLD,,8,0,VCT Emea
3,Ascent,Zest,BLD,Kayo,1.05,217.0,16,17,6,-1,71.0,147.0,33.0,5.0,0.0,5.0,T1,,13,BLD,,8,0,VCT Emea
3,Ascent,Retla,BLD,Killjoy,0.82,177.0,13,17,7,-4,67.0,115.0,15.0,1.0,2.0,-1.0,T1,,13,BLD,,8,0,VCT Emea
3,Ascent,sScary,BLD,Omen,0.76,166.0,13,17,8,-4,67.0,111.0,28.0,1.0,0.0,1.0,T1,,13,BLD,,8,0,VCT Emea
3,Ascent,crazyguy,BLD,Sova,0.66,155.0,9,18,9,-9,62.0,122.0,17.0,2.0,5.0,-3.0,T1,,13,BLD,,8,0,VCT Emea
0,Icebox,SugarZ3ro,ZETA,Viper,0.96,251.0,12,12,0,0,54.0,148.0,42.0,1.0,1.0,0.0,ZETA,,0,KRX,,13,0,VCT Emea
0,Icebox,yuran,ZETA,Kayo,0.75,206.0,8,13,6,-5,69.0,140.0,22.0,1.0,1.0,0.0,ZETA,,0,KRX,,13,0,VCT Emea
0,Icebox,Dep,ZETA,Omen,0.4,130.0,5,13,3,-8,54.0,90.0,26.0,2.0,0.0,2.0,ZETA,,0,KRX,,13,0,VCT Emea
0,Icebox,hiroronn,ZETA,Gekko,0.21,111.0,4,13,0,-9,62.0,70.0,14.0,1.0,4.0,-3.0,ZETA,,0,KRX,,13,0,VCT Emea
0,Icebox,Laz,ZETA,Killjoy,0.03,43.0,1,13,1,-12,23.0,38.0,13.0,0.0,2.0,-2.0,ZETA,,0,KRX,,13,0,VCT Emea
0,Icebox,BuZz,KRX,Jett,2.23,481.0,23,7,0,16,100.0,294.0,28.0,2.0,0.0,2.0,ZETA,,0,KRX,,13,1,VCT Emea
0,Icebox,Flashback,KRX,Clove,1.62,275.0,13,7,5,6,100.0,185.0,37.0,2.0,1.0,1.0,ZETA,,0,KRX,,13,1,VCT Emea
0,Icebox,MaKo,KRX,Viper,1.38,185.0,10,5,3,5,92.0,116.0,37.0,2.0,2.0,0.0,ZETA,,0,KRX,,13,1,VCT Emea
0,Icebox,Foxy9,KRX,Killjoy,1.07,189.0,11,6,0,5,92.0,144.0,34.0,2.0,1.0,1.0,ZETA,,0,KRX,,13,1,VCT Emea
0,Icebox,BeYN,KRX,Kayo,1.05,155.0,7,6,8,1,100.0,95.0,22.0,0.0,1.0,-1.0,ZETA,,0,KRX,,13,1,VCT Emea
2,Sunset,SugarZ3ro,ZETA,Omen,1.4,234.0,21,15,9,6,96.0,151.0,45.0,2.0,0.0,2.0,ZETA,,13,KRX,,11,1,VCT Emea
2,Sunset,Dep,ZETA,Raze,1.29,290.0,22,18,6,4,71.0,197.0,25.0,5.0,2.0,3.0,ZETA,,13,KRX,,11,1,VCT Emea
2,Sunset,Laz,ZETA,Cypher,1.19,237.0,21,15,8,6,63.0,144.0,46.0,4.0,4.0,0.0,ZETA,,13,KRX,,11,1,VCT Emea
2,Sunset,hiroronn,ZETA,Gekko,0.95,135.0,10,14,11,-4,71.0,83.0,26.0,4.0,1.0,3.0,ZETA,,13,KRX,,11,1,VCT Emea
2,Sunset,yuran,ZETA,Breach,0.82,151.0,12,18,16,-6,71.0,93.0,9.0,1.0,1.0,0.0,ZETA,,13,KRX,,11,1,VCT Emea
2,Sunset,BuZz,KRX,Raze,1.57,334.0,28,16,5,12,75.0,224.0,22.0,4.0,4.0,0.0,ZETA,,13,KRX,,11,0,VCT Emea
2,Sunset,Flashback,KRX,Kayo,1.27,243.0,21,16,11,5,75.0,153.0,35.0,1.0,2.0,-1.0,ZETA,,13,KRX,,11,0,VCT Emea
2,Sunset,BeYN,KRX,Gekko,0.81,160.0,12,16,9,-4,71.0,109.0,24.0,0.0,1.0,-1.0,ZETA,,13,KRX,,11,0,VCT Emea
2,Sunset,Foxy9,KRX,Cypher,0.64,153.0,11,20,9,-9,54.0,111.0,29.0,2.0,5.0,-3.0,ZETA,,13,KRX,,11,0,VCT Emea
2,Sunset,MaKo,KRX,Omen,0.56,110.0,8,18,15,-10,71.0,75.0,33.0,1.0,4.0,-3.0,ZETA,,13,KRX,,11,0,VCT Emea
3,Breeze,SugarZ3ro,ZETA,Viper,1.29,287.0,17,13,5,4,65.0,169.0,47.0,1.0,2.0,-1.0,ZETA,,4,KRX,,13,0,VCT Emea
3,Breeze,Laz,ZETA,Cypher,0.95,187.0,11,12,5,-1,76.0,116.0,31.0,0.0,1.0,-1.0,ZETA,,4,KRX,,13,0,VCT Emea
3,Breeze,yuran,ZETA,Kayo,0.62,146.0,6,16,11,-10,59.0,106.0,20.0,2.0,3.0,-1.0,ZETA,,4,KRX,,13,0,VCT Emea
3,Breeze,Dep,ZETA,Jett,0.59,129.0,7,14,4,-7,71.0,95.0,19.0,3.0,2.0,1.0,ZETA,,4,KRX,,13,0,VCT Emea
3,Breeze,hiroronn,ZETA,Sova,0.34,90.0,5,15,6,-10,59.0,59.0,13.0,1.0,2.0,-1.0,ZETA,,4,KRX,,13,0,VCT Emea
3,Breeze,Flashback,KRX,Astra,1.63,242.0,17,7,2,10,71.0,155.0,20.0,1.0,0.0,1.0,ZETA,,4,KRX,,13,1,VCT Emea
3,Breeze,Foxy9,KRX,Cypher,1.28,258.0,17,10,2,7,76.0,179.0,39.0,1.0,1.0,0.0,ZETA,,4,KRX,,13,1,VCT Emea
3,Breeze,BuZz,KRX,Jett,1.14,228.0,15,9,2,6,82.0,155.0,29.0,3.0,3.0,0.0,ZETA,,4,KRX,,13,1,VCT Emea
3,Breeze,MaKo,KRX,Viper,1.04,193.0,11,10,7,1,76.0,122.0,28.0,3.0,2.0,1.0,ZETA,,4,KRX,,13,1,VCT Emea
3,Breeze,BeYN,KRX,Sova,1.02,179.0,10,10,4,0,76.0,143.0,31.0,2.0,1.0,1.0,ZETA,,4,KRX,,13,1,VCT Emea
0,Icebox,f0rsakeN,PRX,Kayo,1.51,234.0,16,7,9,9,88.0,139.0,26.0,0.0,1.0,-1.0,PRX,,13,TLN,,4,1,VCT Emea
0,Icebox,Jinggg,PRX,Sage,1.44,179.0,12,5,9,7,82.0,110.0,15.0,1.0,2.0,-1.0,PRX,,13,TLN,,4,1,VCT Emea
0,Icebox,mindfreak,PRX,Viper,1.18,186.0,13,8,2,5,71.0,133.0,44.0,3.0,1.0,2.0,PRX,,13,TLN,,4,1,VCT Emea
0,Icebox,something,PRX,Jett,1.18,254.0,15,10,2,5,76.0,151.0,16.0,6.0,1.0,5.0,PRX,,13,TLN,,4,1,VCT Emea
0,Icebox,d4v41,PRX,Killjoy,1.08,205.0,12,11,3,1,94.0,115.0,22.0,2.0,0.0,2.0,PRX,,13,TLN,,4,1,VCT Emea
0,Icebox,Crws,TLN,Gekko,0.85,166.0,9,12,1,-3,65.0,110.0,31.0,0.0,2.0,-2.0,PRX,,13,TLN,,4,0,VCT Emea
0,Icebox,Surf,TLN,Jett,0.73,152.0,9,12,0,-3,59.0,89.0,14.0,2.0,3.0,-1.0,PRX,,13,TLN,,4,0,VCT Emea
0,Icebox,JitBoyS,TLN,Viper,0.6,139.0,8,14,0,-6,35.0,83.0,21.0,1.0,3.0,-2.0,PRX,,13,TLN,,4,0,VCT Emea
0,Icebox,ban,TLN,Killjoy,0.54,171.0,10,16,0,-6,59.0,128.0,31.0,2.0,1.0,1.0,PRX,,13,TLN,,4,0,VCT Emea
0,Icebox,Governor,TLN,Kayo,0.36,107.0,5,14,3,-9,65.0,77.0,19.0,0.0,3.0,-3.0,PRX,,13,TLN,,4,0,VCT Emea
2,Sunset,d4v41,PRX,Sage,1.42,248.0,19,11,4,8,85.0,151.0,27.0,3.0,0.0,3.0,PRX,,13,TLN,,7,1,VCT Emea
2,Sunset,f0rsakeN,PRX,Breach,1.24,202.0,16,11,10,5,95.0,139.0,24.0,2.0,2.0,0.0,PRX,,13,TLN,,7,1,VCT Emea
2,Sunset,Jinggg,PRX,Raze,1.09,227.0,15,14,8,1,75.0,162.0,17.0,2.0,3.0,-1.0,PRX,,13,TLN,,7,1,VCT Emea
2,Sunset,something,PRX,Gekko,0.95,212.0,16,14,4,2,85.0,142.0,33.0,2.0,3.0,-1.0,PRX,,13,TLN,,7,1,VCT Emea
2,Sunset,mindfreak,PRX,Omen,0.85,157.0,10,14,10,-4,75.0,115.0,26.0,1.0,2.0,-1.0,PRX,,13,TLN,,7,1,VCT Emea
2,Sunset,Surf,TLN,Gekko,1.26,266.0,19,15,3,4,80.0,162.0,31.0,0.0,1.0,-1.0,PRX,,13,TLN,,7,0,VCT Emea
2,Sunset,JitBoyS,TLN,Omen,1.07,177.0,12,14,11,-2,65.0,108.0,41.0,2.0,0.0,2.0,PRX,,13,TLN,,7,0,VCT Emea
2,Sunset,ban,TLN,Cypher,0.96,192.0,14,15,2,-1,75.0,128.0,52.0,5.0,0.0,5.0,PRX,,13,TLN,,7,0,VCT Emea
2,Sunset,Crws,TLN,Breach,0.62,138.0,8,15,6,-7,75.0,98.0,40.0,0.0,4.0,-4.0,PRX,,13,TLN,,7,0,VCT Emea
2,Sunset,Governor,TLN,Raze,0.56,155.0,11,17,0,-6,65.0,98.0,20.0,3.0,5.0,-2.0,PRX,,13,TLN,,7,0,VCT Emea
0,Icebox,xffero,RRQ,Killjoy,1.28,255.0,27,17,2,10,86.0,169.0,21.0,5.0,2.0,3.0,RRQ,,15,DFM,,13,1,VCT Emea
0,Icebox,Jemkin,RRQ,Gekko,1.28,208.0,22,15,9,7,93.0,150.0,27.0,4.0,1.0,3.0,RRQ,,15,DFM,,13,1,VCT Emea
0,Icebox,Estrella,RRQ,Kayo,1.28,231.0,23,18,21,5,93.0,159.0,33.0,3.0,2.0,1.0,RRQ,,15,DFM,,13,1,VCT Emea
0,Icebox,Lmemore,RRQ,Sova,1.18,264.0,25,22,11,3,79.0,184.0,32.0,2.0,3.0,-1.0,RRQ,,15,DFM,,13,1,VCT Emea
0,Icebox,Monyet,RRQ,Viper,1.0,220.0,22,20,16,2,79.0,140.0,32.0,2.0,4.0,-2.0,RRQ,,15,DFM,,13,1,VCT Emea
0,Icebox,Meiy,DFM,Jett,1.38,306.0,30,24,2,6,75.0,197.0,33.0,7.0,3.0,4.0,RRQ,,15,DFM,,13,0,VCT Emea
0,Icebox,Medusa,DFM,Killjoy,1.0,215.0,22,22,3,0,64.0,151.0,22.0,1.0,4.0,-3.0,RRQ,,15,DFM,,13,0,VCT Emea
0,Icebox,Anthem,DFM,Sova,0.94,195.0,20,24,5,-4,75.0,137.0,37.0,1.0,2.0,-1.0,RRQ,,15,DFM,,13,0,VCT Emea
0,Icebox,SSeeS,DFM,Viper,0.53,118.0,10,23,4,-13,43.0,91.0,32.0,0.0,4.0,-4.0,RRQ,,15,DFM,,13,0,VCT Emea
0,Icebox,neth,DFM,Harbor,0.36,119.0,10,26,9,-16,61.0,79.0,30.0,3.0,3.0,0.0,RRQ,,15,DFM,,13,0,VCT Emea
2,Ascent,Lmemore,RRQ,Sova,1.35,237.0,18,13,7,5,55.0,173.0,34.0,2.0,1.0,1.0,RRQ,,13,DFM,,9,1,VCT Emea
2,Ascent,Monyet,RRQ,Omen,1.3,260.0,20,17,11,3,64.0,170.0,25.0,2.0,1.0,1.0,RRQ,,13,DFM,,9,1,VCT Emea
2,Ascent,Estrella,RRQ,Kayo,1.14,142.0,10,9,16,1,86.0,86.0,22.0,3.0,0.0,3.0,RRQ,,13,DFM,,9,1,VCT Emea
2,Ascent,xffero,RRQ,Killjoy,0.96,189.0,16,15,4,1,64.0,123.0,23.0,2.0,5.0,-3.0,RRQ,,13,DFM,,9,1,VCT Emea
2,Ascent,Jemkin,RRQ,Jett,0.84,195.0,15,18,4,-3,73.0,130.0,47.0,4.0,2.0,2.0,RRQ,,13,DFM,,9,1,VCT Emea
2,Ascent,neth,DFM,Kayo,1.01,186.0,15,14,11,1,68.0,122.0,27.0,0.0,3.0,-3.0,RRQ,,13,DFM,,9,0,VCT Emea
2,Ascent,Meiy,DFM,Jett,0.98,254.0,19,18,2,1,73.0,166.0,21.0,4.0,5.0,-1.0,RRQ,,13,DFM,,9,0,VCT Emea
2,Ascent,SSeeS,DFM,Omen,0.96,159.0,12,15,13,-3,77.0,103.0,36.0,1.0,1.0,0.0,RRQ,,13,DFM,,9,0,VCT Emea
2,Ascent,Medusa,DFM,Killjoy,0.93,182.0,14,17,5,-3,77.0,133.0,14.0,3.0,2.0,1.0,RRQ,,13,DFM,,9,0,VCT Emea
2,Ascent,Anthem,DFM,Sova,0.74,144.0,12,15,3,-3,77.0,95.0,20.0,1.0,2.0,-1.0,RRQ,,13,DFM,,9,0,VCT Emea
0,Lotus,JitBoyS,TLN,Astra,1.32,227.0,21,17,9,4,75.0,150.0,30.0,2.0,1.0,1.0,TLN,,15,RRQ,,13,1,VCT Emea
0,Lotus,Crws,TLN,Sova,1.26,221.0,21,15,8,6,79.0,157.0,17.0,0.0,2.0,-2.0,TLN,,15,RRQ,,13,1,VCT Emea
0,Lotus,Governor,TLN,Neon,1.1,223.0,22,19,6,3,75.0,156.0,24.0,9.0,7.0,2.0,TLN,,15,RRQ,,13,1,VCT Emea
0,Lotus,ban,TLN,Cypher,1.08,173.0,18,16,6,2,82.0,126.0,37.0,1.0,4.0,-3.0,TLN,,15,RRQ,,13,1,VCT Emea
0,Lotus,Surf,TLN,Breach,0.59,108.0,10,20,10,-10,64.0,76.0,50.0,1.0,1.0,0.0,TLN,,15,RRQ,,13,1,VCT Emea
0,Lotus,Monyet,RRQ,Neon,1.34,292.0,28,19,6,9,82.0,187.0,40.0,7.0,5.0,2.0,TLN,,15,RRQ,,13,0,VCT Emea
0,Lotus,Jemkin,RRQ,Gekko,1.1,193.0,20,16,4,4,79.0,122.0,37.0,2.0,1.0,1.0,TLN,,15,RRQ,,13,0,VCT Emea
0,Lotus,Lmemore,RRQ,Chamber,0.83,160.0,17,20,2,-3,57.0,105.0,24.0,4.0,5.0,-1.0,TLN,,15,RRQ,,13,0,VCT Emea
0,Lotus,Estrella,RRQ,Breach,0.77,102.0,10,15,10,-5,64.0,60.0,32.0,0.0,0.0,0.0,TLN,,15,RRQ,,13,0,VCT Emea
0,Lotus,xffero,RRQ,Omen,0.59,137.0,12,22,6,-10,57.0,102.0,23.0,2.0,2.0,0.0,TLN,,15,RRQ,,13,0,VCT Emea
2,Ascent,ban,TLN,Jett,1.18,270.0,23,20,4,3,74.0,169.0,32.0,8.0,5.0,3.0,TLN,,10,RRQ,,13,0,VCT Emea
2,Ascent,JitBoyS,TLN,Omen,1.17,212.0,19,17,5,2,87.0,142.0,40.0,0.0,1.0,-1.0,TLN,,10,RRQ,,13,0,VCT Emea
2,Ascent,Governor,TLN,Kayo,0.92,177.0,14,18,9,-4,65.0,110.0,36.0,3.0,1.0,2.0,TLN,,10,RRQ,,13,0,VCT Emea
2,Ascent,Crws,TLN,Sova,0.81,148.0,10,16,5,-6,70.0,103.0,7.0,2.0,1.0,1.0,TLN,,10,RRQ,,13,0,VCT Emea
2,Ascent,Surf,TLN,Killjoy,0.73,154.0,11,17,4,-6,61.0,109.0,39.0,1.0,1.0,0.0,TLN,,10,RRQ,,13,0,VCT Emea
2,Ascent,Jemkin,RRQ,Jett,1.63,294.0,27,12,2,15,78.0,200.0,28.0,2.0,1.0,1.0,TLN,,10,RRQ,,13,1,VCT Emea
2,Ascent,Estrella,RRQ,Kayo,1.02,184.0,17,15,7,2,74.0,110.0,32.0,1.0,3.0,-2.0,TLN,,10,RRQ,,13,1,VCT Emea
2,Ascent,Lmemore,RRQ,Sova,0.94,241.0,18,18,8,0,74.0,159.0,27.0,3.0,5.0,-2.0,TLN,,10,RRQ,,13,1,VCT Emea
2,Ascent,xffero,RRQ,Killjoy,0.9,186.0,13,15,11,-2,74.0,136.0,37.0,1.0,2.0,-1.0,TLN,,10,RRQ,,13,1,VCT Emea
2,Ascent,Monyet,RRQ,Omen,0.73,151.0,13,17,8,-4,74.0,113.0,31.0,2.0,3.0,-1.0,TLN,,10,RRQ,,13,1,VCT Emea
3,Icebox,ban,TLN,Iso,1.15,255.0,22,19,3,3,57.0,164.0,38.0,6.0,3.0,3.0,TLN,,13,RRQ,,10,1,VCT Emea
3,Icebox,JitBoyS,TLN,Harbor,1.06,172.0,14,13,10,1,70.0,118.0,42.0,1.0,3.0,-2.0,TLN,,13,RRQ,,10,1,VCT Emea
3,Icebox,Surf,TLN,Killjoy,1.05,190.0,17,14,3,3,74.0,110.0,33.0,2.0,1.0,1.0,TLN,,13,RRQ,,10,1,VCT Emea
3,Icebox,Governor,TLN,Clove,0.86,234.0,21,19,2,2,78.0,151.0,27.0,3.0,3.0,0.0,TLN,,13,RRQ,,10,1,VCT Emea
3,Icebox,Crws,TLN,Sova,0.81,130.0,10,14,6,-4,65.0,98.0,36.0,0.0,1.0,-1.0,TLN,,13,RRQ,,10,1,VCT Emea
3,Icebox,xffero,RRQ,Killjoy,1.06,198.0,16,15,4,1,65.0,136.0,28.0,1.0,2.0,-1.0,TLN,,13,RRQ,,10,0,VCT Emea
3,Icebox,Monyet,RRQ,Viper,1.04,251.0,19,18,5,1,70.0,170.0,38.0,4.0,2.0,2.0,TLN,,13,RRQ,,10,0,VCT Emea
3,Icebox,Jemkin,RRQ,Gekko,0.94,184.0,18,16,3,2,70.0,110.0,23.0,2.0,4.0,-2.0,TLN,,13,RRQ,,10,0,VCT Emea
3,Icebox,Estrella,RRQ,Kayo,0.84,166.0,11,17,8,-6,57.0,103.0,10.0,2.0,3.0,-1.0,TLN,,13,RRQ,,10,0,VCT Emea
3,Icebox,Lmemore,RRQ,Sova,0.82,171.0,13,18,3,-5,65.0,120.0,32.0,2.0,1.0,1.0,TLN,,13,RRQ,,10,0,VCT Emea
0,Split,mindfreak,PRX,Omen,1.6,299.0,20,7,3,13,88.0,190.0,55.0,1.0,2.0,-1.0,PRX,,13,KRX,,4,1,VCT Emea
0,Split,something,PRX,Jett,1.42,261.0,16,9,2,7,76.0,159.0,24.0,3.0,2.0,1.0,PRX,,13,KRX,,4,1,VCT Emea
0,Split,d4v41,PRX,Viper,1.22,209.0,13,9,4,4,76.0,150.0,37.0,1.0,3.0,-2.0,PRX,,13,KRX,,4,1,VCT Emea
0,Split,f0rsakeN,PRX,Skye,1.13,184.0,11,8,8,3,76.0,123.0,19.0,2.0,0.0,2.0,PRX,,13,KRX,,4,1,VCT Emea
0,Split,Jinggg,PRX,Raze,1.13,254.0,16,12,3,4,88.0,158.0,15.0,1.0,2.0,-1.0,PRX,,13,KRX,,4,1,VCT Emea
0,Split,Flashback,KRX,Clove,1.16,288.0,16,17,2,-1,59.0,186.0,27.0,4.0,0.0,4.0,PRX,,13,KRX,,4,0,VCT Emea
0,Split,BuZz,KRX,Raze,0.66,186.0,10,16,1,-6,41.0,120.0,20.0,1.0,4.0,-3.0,PRX,,13,KRX,,4,0,VCT Emea
0,Split,MaKo,KRX,Omen,0.64,173.0,9,15,5,-6,59.0,108.0,35.0,2.0,2.0,0.0,PRX,,13,KRX,,4,0,VCT Emea
0,Split,BeYN,KRX,Skye,0.56,135.0,7,16,5,-9,65.0,85.0,27.0,2.0,2.0,0.0,PRX,,13,KRX,,4,0,VCT Emea
0,Split,Foxy9,KRX,Cypher,0.35,69.0,3,12,5,-9,59.0,47.0,38.0,0.0,0.0,0.0,PRX,,13,KRX,,4,0,VCT Emea
2,Haven,f0rsakeN,PRX,Yoru,1.25,255.0,19,15,4,4,71.0,170.0,36.0,6.0,3.0,3.0,PRX,,8,KRX,,13,0,VCT Emea
2,Haven,mindfreak,PRX,Omen,0.87,155.0,11,13,6,-2,67.0,101.0,44.0,0.0,1.0,-1.0,PRX,,8,KRX,,13,0,VCT Emea
2,Haven,something,PRX,Fade,0.86,179.0,12,15,8,-3,67.0,119.0,25.0,1.0,1.0,0.0,PRX,,8,KRX,,13,0,VCT Emea
2,Haven,Jinggg,PRX,Iso,0.82,219.0,17,16,3,1,71.0,140.0,36.0,4.0,2.0,2.0,PRX,,8,KRX,,13,0,VCT Emea
2,Haven,d4v41,PRX,Killjoy,0.63,152.0,10,15,2,-5,62.0,112.0,22.0,3.0,0.0,3.0,PRX,,8,KRX,,13,0,VCT Emea
2,Haven,BuZz,KRX,Jett,1.36,279.0,21,16,6,5,67.0,158.0,15.0,4.0,2.0,2.0,PRX,,8,KRX,,13,1,VCT Emea
2,Haven,BeYN,KRX,Sova,1.14,173.0,15,11,3,4,76.0,103.0,36.0,2.0,2.0,0.0,PRX,,8,KRX,,13,1,VCT Emea
2,Haven,Flashback,KRX,Clove,1.08,215.0,15,16,17,-1,81.0,130.0,23.0,1.0,2.0,-1.0,PRX,,8,KRX,,13,1,VCT Emea
2,Haven,Foxy9,KRX,Cypher,1.04,186.0,13,14,6,-1,71.0,125.0,29.0,0.0,5.0,-5.0,PRX,,8,KRX,,13,1,VCT Emea
2,Haven,MaKo,KRX,Omen,0.74,130.0,10,13,4,-3,71.0,97.0,21.0,0.0,3.0,-3.0,PRX,,8,KRX,,13,1,VCT Emea
3,Icebox,d4v41,PRX,Killjoy,2.13,344.0,25,7,3,18,89.0,224.0,31.0,5.0,0.0,5.0,PRX,,13,KRX,,5,1,VCT Emea
3,Icebox,f0rsakeN,PRX,Kayo,1.23,247.0,15,12,12,3,78.0,154.0,37.0,0.0,2.0,-2.0,PRX,,13,KRX,,5,1,VCT Emea
3,Icebox,Jinggg,PRX,Sage,1.16,194.0,13,10,12,3,83.0,124.0,50.0,2.0,3.0,-1.0,PRX,,13,KRX,,5,1,VCT Emea
3,Icebox,mindfreak,PRX,Viper,1.07,138.0,7,8,9,-1,83.0,89.0,41.0,2.0,0.0,2.0,PRX,,13,KRX,,5,1,VCT Emea
3,Icebox,something,PRX,Jett,0.99,230.0,15,13,2,2,78.0,157.0,28.0,1.0,3.0,-2.0,PRX,,13,KRX,,5,1,VCT Emea
3,Icebox,Foxy9,KRX,Killjoy,0.95,187.0,12,14,2,-2,61.0,126.0,29.0,1.0,0.0,1.0,PRX,,13,KRX,,5,0,VCT Emea
3,Icebox,BuZz,KRX,Jett,0.93,226.0,15,16,2,-1,50.0,148.0,33.0,3.0,4.0,-1.0,PRX,,13,KRX,,5,0,VCT Emea
3,Icebox,BeYN,KRX,Kayo,0.72,150.0,7,14,9,-7,72.0,97.0,26.0,0.0,0.0,0.0,PRX,,13,KRX,,5,0,VCT Emea
3,Icebox,MaKo,KRX,Viper,0.58,158.0,8,14,3,-6,67.0,104.0,27.0,0.0,3.0,-3.0,PRX,,13,KRX,,5,0,VCT Emea
3,Icebox,Flashback,KRX,Clove,0.49,142.0,8,17,7,-9,67.0,93.0,14.0,4.0,3.0,1.0,PRX,,13,KRX,,5,0,VCT Emea
0,Haven,Meiy,DFM,Jett,1.24,295.0,20,15,1,5,70.0,185.0,29.0,4.0,2.0,2.0,DFM,,7,ZETA,,13,0,VCT Emea
0,Haven,SSeeS,DFM,Omen,0.99,205.0,14,16,8,-2,70.0,124.0,46.0,3.0,0.0,3.0,DFM,,7,ZETA,,13,0,VCT Emea
0,Haven,neth,DFM,Breach,0.87,163.0,12,13,4,-1,75.0,113.0,25.0,1.0,1.0,0.0,DFM,,7,ZETA,,13,0,VCT Emea
0,Haven,Medusa,DFM,Killjoy,0.62,160.0,11,15,3,-4,65.0,104.0,26.0,3.0,2.0,1.0,DFM,,7,ZETA,,13,0,VCT Emea
0,Haven,Anthem,DFM,Sova,0.49,108.0,6,15,2,-9,55.0,74.0,14.0,1.0,3.0,-2.0,DFM,,7,ZETA,,13,0,VCT Emea
0,Haven,hiroronn,ZETA,Sova,1.71,295.0,20,11,12,9,85.0,196.0,22.0,0.0,3.0,-3.0,DFM,,7,ZETA,,13,1,VCT Emea
0,Haven,yuran,ZETA,Breach,1.09,178.0,13,12,12,1,85.0,104.0,34.0,2.0,1.0,1.0,DFM,,7,ZETA,,13,1,VCT Emea
0,Haven,SugarZ3ro,ZETA,Omen,1.02,199.0,14,13,8,1,80.0,136.0,30.0,0.0,1.0,-1.0,DFM,,7,ZETA,,13,1,VCT Emea
0,Haven,Laz,ZETA,Killjoy,0.94,173.0,13,12,3,1,70.0,117.0,35.0,3.0,3.0,0.0,DFM,,7,ZETA,,13,1,VCT Emea
0,Haven,Dep,ZETA,Neon,0.68,190.0,13,15,4,-2,65.0,137.0,40.0,3.0,4.0,-1.0,DFM,,7,ZETA,,13,1,VCT Emea
2,Sunset,Medusa,DFM,Cypher,1.38,216.0,19,11,1,8,68.0,146.0,42.0,0.0,5.0,-5.0,DFM,,13,ZETA,,9,1,VCT Emea
2,Sunset,SSeeS,DFM,Omen,1.32,237.0,19,14,7,5,73.0,148.0,38.0,1.0,2.0,-1.0,DFM,,13,ZETA,,9,1,VCT Emea
2,Sunset,neth,DFM,Breach,1.22,219.0,18,14,8,4,91.0,140.0,31.0,1.0,1.0,0.0,DFM,,13,ZETA,,9,1,VCT Emea
2,Sunset,Meiy,DFM,Raze,0.98,260.0,18,19,4,-1,68.0,163.0,25.0,6.0,2.0,4.0,DFM,,13,ZETA,,9,1,VCT Emea
2,Sunset,Anthem,DFM,Gekko,0.7,150.0,11,18,8,-7,73.0,105.0,20.0,1.0,3.0,-2.0,DFM,,13,ZETA,,9,1,VCT Emea
2,Sunset,SugarZ3ro,ZETA,Omen,1.28,253.0,21,16,6,5,82.0,173.0,27.0,1.0,2.0,-1.0,DFM,,13,ZETA,,9,0,VCT Emea
2,Sunset,Laz,ZETA,Cypher,1.04,216.0,17,16,6,1,64.0,142.0,43.0,2.0,2.0,0.0,DFM,,13,ZETA,,9,0,VCT Emea
2,Sunset,hiroronn,ZETA,Gekko,0.8,173.0,13,17,4,-4,64.0,131.0,26.0,1.0,0.0,1.0,DFM,,13,ZETA,,9,0,VCT Emea
2,Sunset,yuran,ZETA,Breach,0.72,146.0,10,17,13,-7,82.0,94.0,52.0,1.0,0.0,1.0,DFM,,13,ZETA,,9,0,VCT Emea
2,Sunset,Dep,ZETA,Raze,0.68,228.0,15,19,6,-4,82.0,132.0,26.0,8.0,5.0,3.0,DFM,,13,ZETA,,9,0,VCT Emea
3,Ascent,Meiy,DFM,Jett,1.91,390.0,32,15,3,17,96.0,259.0,33.0,12.0,2.0,10.0,DFM,,13,ZETA,,10,1,VCT Emea
3,Ascent,Medusa,DFM,Killjoy,1.19,247.0,20,14,4,6,74.0,160.0,26.0,3.0,1.0,2.0,DFM,,13,ZETA,,10,1,VCT Emea
3,Ascent,neth,DFM,Kayo,1.11,177.0,12,15,21,-3,83.0,115.0,20.0,0.0,1.0,-1.0,DFM,,13,ZETA,,10,1,VCT Emea
3,Ascent,SSeeS,DFM,Omen,0.91,156.0,15,14,10,1,83.0,105.0,48.0,1.0,1.0,0.0,DFM,,13,ZETA,,10,1,VCT Emea
3,Ascent,Anthem,DFM,Sova,0.56,112.0,8,16,6,-8,74.0,89.0,27.0,0.0,2.0,-2.0,DFM,,13,ZETA,,10,1,VCT Emea
3,Ascent,hiroronn,ZETA,Sova,1.06,182.0,15,15,4,0,78.0,120.0,50.0,1.0,3.0,-2.0,DFM,,13,ZETA,,10,0,VCT Emea
3,Ascent,SugarZ3ro,ZETA,Omen,0.99,192.0,15,17,10,-2,74.0,131.0,46.0,1.0,4.0,-3.0,DFM,,13,ZETA,,10,0,VCT Emea
3,Ascent,Dep,ZETA,Jett,0.97,227.0,18,19,7,-1,70.0,163.0,25.0,2.0,3.0,-1.0,DFM,,13,ZETA,,10,0,VCT Emea
3,Ascent,yuran,ZETA,Kayo,0.87,168.0,14,19,14,-5,61.0,111.0,30.0,1.0,2.0,-1.0,DFM,,13,ZETA,,10,0,VCT Emea
3,Ascent,Laz,ZETA,Killjoy,0.7,156.0,12,17,1,-5,57.0,108.0,27.0,2.0,4.0,-2.0,DFM,,13,ZETA,,10,0,VCT Emea
0,Split,Flashback,KRX,Omen,1.32,227.0,24,20,5,4,65.0,155.0,37.0,1.0,0.0,1.0,KRX,,12,RRQ,,14,0,VCT Emea
0,Split,BeYN,KRX,Skye,0.78,148.0,13,21,7,-8,73.0,100.0,15.0,1.0,1.0,0.0,KRX,,12,RRQ,,14,0,VCT Emea
0,Split,Foxy9,KRX,Cypher,0.78,110.0,11,16,6,-5,58.0,74.0,41.0,3.0,4.0,-1.0,KRX,,12,RRQ,,14,0,VCT Emea
0,Split,BuZz,KRX,Raze,0.68,187.0,15,24,7,-9,58.0,131.0,16.0,3.0,6.0,-3.0,KRX,,12,RRQ,,14,0,VCT Emea
0,Split,MaKo,KRX,Viper,0.62,167.0,14,22,9,-8,54.0,108.0,23.0,3.0,4.0,-1.0,KRX,,12,RRQ,,14,0,VCT Emea
0,Split,Lmemore,RRQ,Skye,1.95,346.0,33,12,10,21,92.0,219.0,61.0,1.0,0.0,1.0,KRX,,12,RRQ,,14,1,VCT Emea
0,Split,Estrella,RRQ,Omen,1.14,199.0,18,15,13,3,88.0,126.0,33.0,3.0,1.0,2.0,KRX,,12,RRQ,,14,1,VCT Emea
0,Split,Jemkin,RRQ,Jett,1.13,236.0,21,15,3,6,77.0,151.0,20.0,5.0,4.0,1.0,KRX,,12,RRQ,,14,1,VCT Emea
0,Split,Monyet,RRQ,Raze,0.94,209.0,19,18,5,1,65.0,143.0,29.0,4.0,4.0,0.0,KRX,,12,RRQ,,14,1,VCT Emea
0,Split,xffero,RRQ,Viper,0.72,136.0,12,17,9,-5,73.0,98.0,29.0,2.0,2.0,0.0,KRX,,12,RRQ,,14,1,VCT Emea
2,Sunset,BeYN,KRX,Sova,1.13,222.0,20,18,7,2,69.0,146.0,31.0,0.0,0.0,0.0,KRX,,12,RRQ,,14,0,VCT Emea
2,Sunset,MaKo,KRX,Breach,0.99,202.0,20,21,11,-1,81.0,145.0,38.0,2.0,0.0,2.0,KRX,,12,RRQ,,14,0,VCT Emea
2,Sunset,BuZz,KRX,Jett,0.9,206.0,20,20,3,0,69.0,125.0,19.0,7.0,7.0,0.0,KRX,,12,RRQ,,14,0,VCT Emea
2,Sunset,Foxy9,KRX,Cypher,0.89,194.0,17,19,11,-2,77.0,138.0,33.0,2.0,3.0,-1.0,KRX,,12,RRQ,,14,0,VCT Emea
2,Sunset,Flashback,KRX,Omen,0.71,169.0,15,21,8,-6,65.0,101.0,22.0,3.0,2.0,1.0,KRX,,12,RRQ,,14,0,VCT Emea
2,Sunset,xffero,RRQ,Cypher,1.51,301.0,30,17,2,13,73.0,189.0,32.0,2.0,1.0,1.0,KRX,,12,RRQ,,14,1,VCT Emea
2,Sunset,Estrella,RRQ,Breach,1.36,204.0,19,13,16,6,81.0,140.0,43.0,0.0,0.0,0.0,KRX,,12,RRQ,,14,1,VCT Emea
2,Sunset,Monyet,RRQ,Omen,0.99,203.0,19,22,14,-3,85.0,135.0,28.0,4.0,1.0,3.0,KRX,,12,RRQ,,14,1,VCT Emea
2,Sunset,Jemkin,RRQ,Raze,0.85,194.0,16,20,5,-4,85.0,133.0,25.0,3.0,7.0,-4.0,KRX,,12,RRQ,,14,1,VCT Emea
2,Sunset,Lmemore,RRQ,Gekko,0.79,159.0,15,20,8,-5,69.0,113.0,45.0,3.0,5.0,-2.0,KRX,,12,RRQ,,14,1,VCT Emea
0,Lotus,Governor,TLN,Neon,1.51,377.0,26,16,5,10,90.0,213.0,15.0,11.0,1.0,10.0,TLN,,13,DFM,,7,1,VCT Emea
0,Lotus,JitBoyS,TLN,Astra,1.44,251.0,19,9,2,10,80.0,164.0,45.0,1.0,2.0,-1.0,TLN,,13,DFM,,7,1,VCT Emea
0,Lotus,Surf,TLN,Breach,1.43,203.0,17,9,9,8,85.0,125.0,67.0,1.0,0.0,1.0,TLN,,13,DFM,,7,1,VCT Emea
0,Lotus,ban,TLN,Cypher,0.91,158.0,12,11,2,1,60.0,109.0,42.0,1.0,1.0,0.0,TLN,,13,DFM,,7,1,VCT Emea
0,Lotus,Crws,TLN,Sova,0.7,118.0,8,12,6,-4,70.0,85.0,15.0,1.0,1.0,0.0,TLN,,13,DFM,,7,1,VCT Emea
0,Lotus,SSeeS,DFM,Omen,0.86,171.0,12,16,5,-4,55.0,98.0,50.0,2.0,3.0,-1.0,TLN,,13,DFM,,7,0,VCT Emea
0,Lotus,Anthem,DFM,Deadlock,0.85,184.0,14,16,3,-2,60.0,99.0,12.0,0.0,1.0,-1.0,TLN,,13,DFM,,7,0,VCT Emea
0,Lotus,Medusa,DFM,Cypher,0.78,161.0,11,15,2,-4,60.0,109.0,48.0,1.0,2.0,-1.0,TLN,,13,DFM,,7,0,VCT Emea
0,Lotus,neth,DFM,Breach,0.63,124.0,8,17,9,-9,65.0,87.0,27.0,0.0,2.0,-2.0,TLN,,13,DFM,,7,0,VCT Emea
0,Lotus,Meiy,DFM,Neon,0.6,182.0,12,18,4,-6,50.0,107.0,9.0,2.0,7.0,-5.0,TLN,,13,DFM,,7,0,VCT Emea
2,Sunset,Crws,TLN,Sova,1.38,231.0,19,12,7,7,70.0,155.0,21.0,0.0,0.0,0.0,TLN,,13,DFM,,10,1,VCT Emea
2,Sunset,Governor,TLN,Neon,1.07,260.0,22,19,7,3,78.0,146.0,18.0,4.0,5.0,-1.0,TLN,,13,DFM,,10,1,VCT Emea
2,Sunset,JitBoyS,TLN,Omen,0.94,216.0,15,17,13,-2,74.0,127.0,34.0,4.0,1.0,3.0,TLN,,13,DFM,,10,1,VCT Emea
2,Sunset,ban,TLN,Breach,0.93,177.0,15,16,8,-1,70.0,116.0,34.0,2.0,3.0,-1.0,TLN,,13,DFM,,10,1,VCT Emea
2,Sunset,Surf,TLN,Cypher,0.87,160.0,14,14,2,0,65.0,104.0,54.0,1.0,3.0,-2.0,TLN,,13,DFM,,10,1,VCT Emea
2,Sunset,Meiy,DFM,Raze,1.3,275.0,25,19,3,6,87.0,160.0,25.0,6.0,3.0,3.0,TLN,,13,DFM,,10,0,VCT Emea
2,Sunset,SSeeS,DFM,Omen,1.29,251.0,21,16,10,5,78.0,162.0,42.0,0.0,2.0,-2.0,TLN,,13,DFM,,10,0,VCT Emea
2,Sunset,neth,DFM,Breach,0.95,172.0,12,15,14,-3,87.0,121.0,27.0,2.0,1.0,1.0,TLN,,13,DFM,,10,0,VCT Emea
2,Sunset,Medusa,DFM,Cypher,0.74,154.0,11,17,6,-6,74.0,115.0,19.0,1.0,2.0,-1.0,TLN,,13,DFM,,10,0,VCT Emea
2,Sunset,Anthem,DFM,Gekko,0.61,117.0,9,18,10,-9,87.0,73.0,19.0,3.0,3.0,0.0,TLN,,13,DFM,,10,0,VCT Emea
0,Split,SugarZ3ro,ZETA,Omen,1.13,218.0,16,16,5,0,67.0,146.0,36.0,1.0,0.0,1.0,ZETA,,8,RRQ,,13,0,VCT Emea
0,Split,Laz,ZETA,Skye,0.99,192.0,14,16,9,-2,67.0,125.0,50.0,0.0,1.0,-1.0,ZETA,,8,RRQ,,13,0,VCT Emea
0,Split,Dep,ZETA,Raze,0.83,178.0,12,16,2,-4,62.0,105.0,24.0,5.0,6.0,-1.0,ZETA,,8,RRQ,,13,0,VCT Emea
0,Split,yuran,ZETA,Viper,0.8,156.0,10,15,7,-5,62.0,113.0,26.0,2.0,3.0,-1.0,ZETA,,8,RRQ,,13,0,VCT Emea
0,Split,hiroronn,ZETA,Cypher,0.76,153.0,10,15,1,-5,76.0,104.0,39.0,2.0,1.0,1.0,ZETA,,8,RRQ,,13,0,VCT Emea
0,Split,xffero,RRQ,Viper,1.43,272.0,20,11,8,9,81.0,187.0,29.0,3.0,2.0,1.0,ZETA,,8,RRQ,,13,1,VCT Emea
0,Split,Estrella,RRQ,Omen,1.13,183.0,15,11,6,4,90.0,140.0,47.0,1.0,1.0,0.0,ZETA,,8,RRQ,,13,1,VCT Emea
0,Split,Jemkin,RRQ,Jett,1.09,199.0,17,12,1,5,71.0,119.0,41.0,3.0,2.0,1.0,ZETA,,8,RRQ,,13,1,VCT Emea
0,Split,Lmemore,RRQ,Skye,0.96,210.0,15,14,6,1,71.0,138.0,24.0,2.0,3.0,-1.0,ZETA,,8,RRQ,,13,1,VCT Emea
0,Split,Monyet,RRQ,Raze,0.9,178.0,11,15,8,-4,76.0,130.0,17.0,2.0,2.0,0.0,ZETA,,8,RRQ,,13,1,VCT Emea
2,Sunset,Dep,ZETA,Raze,1.4,297.0,23,15,4,8,78.0,194.0,30.0,8.0,3.0,5.0,ZETA,,10,RRQ,,13,0,VCT Emea
2,Sunset,hiroronn,ZETA,Cypher,1.09,182.0,15,13,7,2,74.0,110.0,32.0,2.0,5.0,-3.0,ZETA,,10,RRQ,,13,0,VCT Emea
2,Sunset,Laz,ZETA,Gekko,0.95,204.0,16,16,9,0,83.0,126.0,38.0,0.0,2.0,-2.0,ZETA,,10,RRQ,,13,0,VCT Emea
2,Sunset,SugarZ3ro,ZETA,Omen,0.86,160.0,15,18,9,-3,78.0,112.0,39.0,0.0,1.0,-1.0,ZETA,,10,RRQ,,13,0,VCT Emea
2,Sunset,yuran,ZETA,Breach,0.62,82.0,6,15,13,-9,78.0,61.0,29.0,1.0,1.0,0.0,ZETA,,10,RRQ,,13,0,VCT Emea
2,Sunset,xffero,RRQ,Cypher,1.3,272.0,22,17,10,5,83.0,170.0,24.0,3.0,2.0,1.0,ZETA,,10,RRQ,,13,1,VCT Emea
2,Sunset,Monyet,RRQ,Omen,1.2,217.0,17,14,7,3,70.0,143.0,50.0,3.0,2.0,1.0,ZETA,,10,RRQ,,13,1,VCT Emea
2,Sunset,Jemkin,RRQ,Raze,1.17,258.0,20,16,2,4,78.0,162.0,24.0,2.0,3.0,-1.0,ZETA,,10,RRQ,,13,1,VCT Emea
2,Sunset,Estrella,RRQ,Breach,0.83,102.0,8,12,13,-4,74.0,58.0,29.0,1.0,2.0,-1.0,ZETA,,10,RRQ,,13,1,VCT Emea
2,Sunset,Lmemore,RRQ,Gekko,0.68,120.0,10,16,1,-6,65.0,80.0,28.0,3.0,2.0,1.0,ZETA,,10,RRQ,,13,1,VCT Emea
0,Icebox,mindfreak,PRX,Viper,1.54,216.0,16,4,3,12,88.0,145.0,71.0,1.0,1.0,0.0,PRX,,13,DFM,,4,1,VCT Emea
0,Icebox,f0rsakeN,PRX,Kayo,1.39,279.0,17,10,7,7,88.0,187.0,24.0,1.0,0.0,1.0,PRX,,13,DFM,,4,1,VCT Emea
0,Icebox,d4v41,PRX,Killjoy,1.3,277.0,16,11,6,5,88.0,196.0,28.0,3.0,0.0,3.0,PRX,,13,DFM,,4,1,VCT Emea
0,Icebox,Jinggg,PRX,Sage,1.01,182.0,12,9,3,3,82.0,110.0,44.0,2.0,0.0,2.0,PRX,,13,DFM,,4,1,VCT Emea
0,Icebox,something,PRX,Jett,0.84,173.0,11,11,2,0,71.0,120.0,29.0,5.0,4.0,1.0,PRX,,13,DFM,,4,1,VCT Emea
0,Icebox,neth,DFM,Harbor,0.85,179.0,10,14,2,-4,76.0,120.0,39.0,0.0,2.0,-2.0,PRX,,13,DFM,,4,0,VCT Emea
0,Icebox,Medusa,DFM,Killjoy,0.85,187.0,11,14,2,-3,65.0,120.0,19.0,2.0,1.0,1.0,PRX,,13,DFM,,4,0,VCT Emea
0,Icebox,Meiy,DFM,Jett,0.77,177.0,12,16,2,-4,59.0,111.0,21.0,1.0,4.0,-3.0,PRX,,13,DFM,,4,0,VCT Emea
0,Icebox,SSeeS,DFM,Viper,0.62,136.0,7,14,4,-7,53.0,88.0,23.0,2.0,3.0,-1.0,PRX,,13,DFM,,4,0,VCT Emea
0,Icebox,Anthem,DFM,Sova,0.46,113.0,5,14,3,-9,59.0,83.0,8.0,0.0,2.0,-2.0,PRX,,13,DFM,,4,0,VCT Emea
2,Sunset,f0rsakeN,PRX,Breach,1.46,319.0,22,15,11,7,86.0,222.0,25.0,2.0,1.0,1.0,PRX,,13,DFM,,8,1,VCT Emea
2,Sunset,Jinggg,PRX,Raze,1.45,288.0,21,12,3,9,67.0,185.0,24.0,4.0,2.0,2.0,PRX,,13,DFM,,8,1,VCT Emea
2,Sunset,d4v41,PRX,Sage,0.95,182.0,14,15,8,-1,71.0,121.0,35.0,1.0,3.0,-2.0,PRX,,13,DFM,,8,1,VCT Emea
2,Sunset,something,PRX,Gekko,0.84,151.0,11,14,3,-3,76.0,94.0,26.0,3.0,2.0,1.0,PRX,,13,DFM,,8,1,VCT Emea
2,Sunset,mindfreak,PRX,Omen,0.7,109.0,9,13,4,-4,62.0,73.0,22.0,0.0,3.0,-3.0,PRX,,13,DFM,,8,1,VCT Emea
2,Sunset,Meiy,DFM,Raze,1.24,283.0,19,16,6,3,67.0,202.0,33.0,4.0,3.0,1.0,PRX,,13,DFM,,8,0,VCT Emea
2,Sunset,SSeeS,DFM,Omen,1.21,241.0,17,14,9,3,76.0,148.0,40.0,4.0,2.0,2.0,PRX,,13,DFM,,8,0,VCT Emea
2,Sunset,Anthem,DFM,Gekko,1.13,235.0,18,16,3,2,86.0,150.0,29.0,3.0,2.0,1.0,PRX,,13,DFM,,8,0,VCT Emea
2,Sunset,Medusa,DFM,Cypher,0.62,129.0,10,15,2,-5,62.0,89.0,32.0,0.0,2.0,-2.0,PRX,,13,DFM,,8,0,VCT Emea
2,Sunset,neth,DFM,Breach,0.39,78.0,5,16,7,-11,52.0,53.0,23.0,0.0,1.0,-1.0,PRX,,13,DFM,,8,0,VCT Emea
0,Ascent,Foxy9,KRX,Kayo,1.24,247.0,18,15,13,3,83.0,163.0,32.0,4.0,3.0,1.0,KRX,,11,TLN,,13,0,VCT Emea
0,Ascent,BuZz,KRX,Jett,1.08,231.0,20,16,2,4,71.0,141.0,19.0,4.0,6.0,-2.0,KRX,,11,TLN,,13,0,VCT Emea
0,Ascent,Flashback,KRX,Cypher,0.88,235.0,19,22,4,-3,75.0,154.0,43.0,3.0,0.0,3.0,KRX,,11,TLN,,13,0,VCT Emea
0,Ascent,BeYN,KRX,Sova,0.77,103.0,6,15,9,-9,67.0,86.0,36.0,1.0,1.0,0.0,KRX,,11,TLN,,13,0,VCT Emea
0,Ascent,MaKo,KRX,Omen,0.71,136.0,11,18,6,-7,63.0,101.0,33.0,0.0,2.0,-2.0,KRX,,11,TLN,,13,0,VCT Emea
0,Ascent,Crws,TLN,Sova,1.43,266.0,21,13,14,8,88.0,178.0,20.0,3.0,0.0,3.0,KRX,,11,TLN,,13,1,VCT Emea
0,Ascent,Governor,TLN,Kayo,1.3,216.0,16,14,17,2,75.0,144.0,29.0,2.0,2.0,0.0,KRX,,11,TLN,,13,1,VCT Emea
0,Ascent,JitBoyS,TLN,Clove,1.15,286.0,24,18,10,6,83.0,178.0,24.0,5.0,4.0,1.0,KRX,,11,TLN,,13,1,VCT Emea
0,Ascent,Surf,TLN,Sage,0.9,151.0,13,15,7,-2,63.0,109.0,38.0,1.0,4.0,-3.0,KRX,,11,TLN,,13,1,VCT Emea
0,Ascent,ban,TLN,Phoenix,0.76,135.0,12,16,5,-4,67.0,98.0,15.0,1.0,2.0,-1.0,KRX,,11,TLN,,13,1,VCT Emea
2,Haven,BuZz,KRX,Jett,1.51,283.0,23,15,3,8,78.0,166.0,22.0,6.0,1.0,5.0,KRX,,13,TLN,,10,1,VCT Emea
2,Haven,MaKo,KRX,Omen,1.09,213.0,18,16,8,2,74.0,127.0,31.0,2.0,5.0,-3.0,KRX,,13,TLN,,10,1,VCT Emea
2,Haven,Flashback,KRX,Cypher,1.06,192.0,15,15,5,0,87.0,136.0,22.0,1.0,1.0,0.0,KRX,,13,TLN,,10,1,VCT Emea
2,Haven,Foxy9,KRX,Breach,0.79,122.0,10,15,7,-5,74.0,86.0,33.0,1.0,0.0,1.0,KRX,,13,TLN,,10,1,VCT Emea
2,Haven,BeYN,KRX,Sova,0.78,156.0,12,16,4,-4,74.0,108.0,23.0,2.0,4.0,-2.0,KRX,,13,TLN,,10,1,VCT Emea
2,Haven,JitBoyS,TLN,Astra,1.14,194.0,17,13,6,4,74.0,136.0,56.0,1.0,0.0,1.0,KRX,,13,TLN,,10,0,VCT Emea
2,Haven,Surf,TLN,Killjoy,1.11,186.0,13,12,6,1,78.0,141.0,26.0,2.0,0.0,2.0,KRX,,13,TLN,,10,0,VCT Emea
2,Haven,Crws,TLN,Breach,0.95,182.0,16,16,5,0,70.0,115.0,29.0,0.0,1.0,-1.0,KRX,,13,TLN,,10,0,VCT Emea
2,Haven,ban,TLN,Iso,0.89,209.0,16,17,6,-1,70.0,131.0,36.0,3.0,3.0,0.0,KRX,,13,TLN,,10,0,VCT Emea
2,Haven,Governor,TLN,Neon,0.61,183.0,15,20,6,-5,61.0,115.0,28.0,5.0,8.0,-3.0,KRX,,13,TLN,,10,0,VCT Emea
3,Icebox,BeYN,KRX,Kayo,1.26,181.0,11,9,10,2,78.0,131.0,17.0,1.0,0.0,1.0,KRX,,13,TLN,,5,1,VCT Emea
3,Icebox,Flashback,KRX,Clove,1.17,332.0,21,17,4,4,78.0,208.0,35.0,5.0,0.0,5.0,KRX,,13,TLN,,5,1,VCT Emea
3,Icebox,MaKo,KRX,Viper,1.14,224.0,15,13,9,2,67.0,130.0,23.0,0.0,2.0,-2.0,KRX,,13,TLN,,5,1,VCT Emea
3,Icebox,Foxy9,KRX,Killjoy,0.99,161.0,10,9,2,1,83.0,126.0,35.0,1.0,0.0,1.0,KRX,,13,TLN,,5,1,VCT Emea
3,Icebox,BuZz,KRX,Jett,0.98,257.0,18,15,1,3,67.0,161.0,22.0,4.0,5.0,-1.0,KRX,,13,TLN,,5,1,VCT Emea
3,Icebox,Crws,TLN,Sova,1.31,296.0,18,14,5,4,78.0,200.0,30.0,1.0,0.0,1.0,KRX,,13,TLN,,5,0,VCT Emea
3,Icebox,Surf,TLN,Killjoy,0.9,218.0,14,15,2,-1,78.0,140.0,46.0,2.0,1.0,1.0,KRX,,13,TLN,,5,0,VCT Emea
3,Icebox,Governor,TLN,Clove,0.88,208.0,13,16,3,-3,56.0,144.0,30.0,2.0,1.0,1.0,KRX,,13,TLN,,5,0,VCT Emea
3,Icebox,ban,TLN,Iso,0.69,171.0,11,16,4,-5,72.0,116.0,40.0,2.0,6.0,-4.0,KRX,,13,TLN,,5,0,VCT Emea
3,Icebox,JitBoyS,TLN,Harbor,0.49,101.0,7,15,4,-8,61.0,91.0,37.0,0.0,3.0,-3.0,KRX,,13,TLN,,5,0,VCT Emea
0,Lotus,something,PRX,Jett,1.2,240.0,19,13,3,6,85.0,150.0,26.0,5.0,2.0,3.0,PRX,,13,RRQ,,7,1,VCT Emea
0,Lotus,d4v41,PRX,Fade,1.16,202.0,15,14,10,1,80.0,148.0,43.0,0.0,0.0,0.0,PRX,,13,RRQ,,7,1,VCT Emea
0,Lotus,mindfreak,PRX,Omen,1.1,190.0,14,13,11,1,65.0,125.0,32.0,2.0,0.0,2.0,PRX,,13,RRQ,,7,1,VCT Emea
0,Lotus,Jinggg,PRX,Neon,1.01,275.0,18,18,11,0,85.0,167.0,11.0,7.0,4.0,3.0,PRX,,13,RRQ,,7,1,VCT Emea
0,Lotus,f0rsakeN,PRX,Kayo,0.83,114.0,9,13,12,-4,70.0,74.0,21.0,0.0,0.0,0.0,PRX,,13,RRQ,,7,1,VCT Emea
0,Lotus,xffero,RRQ,Omen,1.31,283.0,20,16,6,4,80.0,186.0,50.0,1.0,1.0,0.0,PRX,,13,RRQ,,7,0,VCT Emea
0,Lotus,Estrella,RRQ,Breach,1.07,171.0,12,12,16,0,80.0,114.0,38.0,0.0,1.0,-1.0,PRX,,13,RRQ,,7,0,VCT Emea
0,Lotus,Monyet,RRQ,Neon,0.99,232.0,15,16,5,-1,70.0,146.0,31.0,4.0,6.0,-2.0,PRX,,13,RRQ,,7,0,VCT Emea
0,Lotus,Jemkin,RRQ,Chamber,0.93,158.0,12,14,4,-2,75.0,110.0,48.0,0.0,1.0,-1.0,PRX,,13,RRQ,,7,0,VCT Emea
0,Lotus,Lmemore,RRQ,Sova,0.65,177.0,12,17,3,-5,55.0,105.0,10.0,1.0,5.0,-4.0,PRX,,13,RRQ,,7,0,VCT Emea
2,Ascent,d4v41,PRX,Sova,1.22,241.0,16,14,6,2,80.0,158.0,15.0,3.0,2.0,1.0,PRX,,7,RRQ,,13,0,VCT Emea
2,Ascent,something,PRX,Jett,1.08,193.0,15,15,4,0,60.0,129.0,38.0,2.0,2.0,0.0,PRX,,7,RRQ,,13,0,VCT Emea
2,Ascent,Jinggg,PRX,Clove,1.0,284.0,19,22,12,-3,75.0,191.0,21.0,4.0,2.0,2.0,PRX,,7,RRQ,,13,0,VCT Emea
2,Ascent,mindfreak,PRX,Omen,0.58,143.0,10,15,9,-5,65.0,100.0,27.0,0.0,2.0,-2.0,PRX,,7,RRQ,,13,0,VCT Emea
2,Ascent,f0rsakeN,PRX,Cypher,0.54,132.0,10,16,3,-6,60.0,84.0,26.0,1.0,2.0,-1.0,PRX,,7,RRQ,,13,0,VCT Emea
2,Ascent,xffero,RRQ,Killjoy,1.52,287.0,21,13,6,8,95.0,191.0,37.0,2.0,0.0,2.0,PRX,,7,RRQ,,13,1,VCT Emea
2,Ascent,Lmemore,RRQ,Sova,1.1,208.0,15,13,5,2,80.0,150.0,33.0,2.0,1.0,1.0,PRX,,7,RRQ,,13,1,VCT Emea
2,Ascent,Jemkin,RRQ,Jett,1.1,240.0,17,14,6,3,90.0,160.0,26.0,4.0,4.0,0.0,PRX,,7,RRQ,,13,1,VCT Emea
2,Ascent,Monyet,RRQ,Omen,1.08,196.0,15,15,8,0,75.0,138.0,39.0,0.0,2.0,-2.0,PRX,,7,RRQ,,13,1,VCT Emea
2,Ascent,Estrella,RRQ,Kayo,0.89,186.0,14,15,5,-1,70.0,107.0,21.0,2.0,3.0,-1.0,PRX,,7,RRQ,,13,1,VCT Emea
3,Sunset,d4v41,PRX,Sage,1.57,255.0,22,13,7,9,78.0,164.0,42.0,4.0,0.0,4.0,PRX,,13,RRQ,,10,1,VCT Emea
3,Sunset,something,PRX,Gekko,1.02,186.0,16,14,6,2,78.0,119.0,28.0,4.0,2.0,2.0,PRX,,13,RRQ,,10,1,VCT Emea
3,Sunset,f0rsakeN,PRX,Breach,0.92,216.0,17,18,8,-1,83.0,131.0,44.0,3.0,4.0,-1.0,PRX,,13,RRQ,,10,1,VCT Emea
3,Sunset,Jinggg,PRX,Raze,0.85,190.0,15,17,7,-2,83.0,134.0,22.0,4.0,1.0,3.0,PRX,,13,RRQ,,10,1,VCT Emea
3,Sunset,mindfreak,PRX,Omen,0.84,135.0,11,14,8,-3,70.0,90.0,21.0,0.0,1.0,-1.0,PRX,,13,RRQ,,10,1,VCT Emea
3,Sunset,Jemkin,RRQ,Raze,1.33,269.0,21,14,6,7,78.0,186.0,33.0,4.0,5.0,-1.0,PRX,,13,RRQ,,10,0,VCT Emea
3,Sunset,xffero,RRQ,Cypher,0.96,195.0,16,16,5,0,70.0,132.0,33.0,2.0,4.0,-2.0,PRX,,13,RRQ,,10,0,VCT Emea
3,Sunset,Monyet,RRQ,Omen,0.92,191.0,15,19,16,-4,83.0,111.0,30.0,1.0,3.0,-2.0,PRX,,13,RRQ,,10,0,VCT Emea
3,Sunset,Lmemore,RRQ,Gekko,0.92,174.0,14,15,4,-1,74.0,119.0,48.0,1.0,2.0,-1.0,PRX,,13,RRQ,,10,0,VCT Emea
3,Sunset,Estrella,RRQ,Breach,0.62,135.0,10,17,7,-7,83.0,99.0,33.0,0.0,1.0,-1.0,PRX,,13,RRQ,,10,0,VCT Emea
0,Icebox,Flashback,KRX,Clove,1.27,303.0,22,16,6,6,65.0,183.0,24.0,1.0,2.0,-1.0,KRX,,13,DFM,,7,1,VCT Emea
0,Icebox,MaKo,KRX,Viper,1.18,219.0,15,13,8,2,80.0,151.0,43.0,3.0,1.0,2.0,KRX,,13,DFM,,7,1,VCT Emea
0,Icebox,BuZz,KRX,Jett,0.93,175.0,12,12,2,0,80.0,112.0,35.0,3.0,2.0,1.0,KRX,,13,DFM,,7,1,VCT Emea
0,Icebox,BeYN,KRX,Kayo,0.9,133.0,9,11,7,-2,70.0,91.0,25.0,1.0,1.0,0.0,KRX,,13,DFM,,7,1,VCT Emea
0,Icebox,Foxy9,KRX,Killjoy,0.66,177.0,13,14,2,-1,65.0,113.0,39.0,4.0,2.0,2.0,KRX,,13,DFM,,7,1,VCT Emea
0,Icebox,neth,DFM,Harbor,1.27,245.0,18,13,3,5,80.0,139.0,45.0,2.0,1.0,1.0,KRX,,13,DFM,,7,0,VCT Emea
0,Icebox,Meiy,DFM,Jett,1.21,270.0,17,15,7,2,80.0,169.0,24.0,4.0,6.0,-2.0,KRX,,13,DFM,,7,0,VCT Emea
0,Icebox,Anthem,DFM,Sova,0.9,183.0,13,14,3,-1,70.0,110.0,31.0,1.0,2.0,-1.0,KRX,,13,DFM,,7,0,VCT Emea
0,Icebox,SSeeS,DFM,Viper,0.71,111.0,8,13,5,-5,70.0,86.0,30.0,0.0,2.0,-2.0,KRX,,13,DFM,,7,0,VCT Emea
0,Icebox,Medusa,DFM,Killjoy,0.61,127.0,10,16,2,-6,65.0,96.0,33.0,1.0,1.0,0.0,KRX,,13,DFM,,7,0,VCT Emea
2,Ascent,Flashback,KRX,Cypher,1.17,232.0,15,12,4,3,68.0,157.0,31.0,1.0,5.0,-4.0,KRX,,6,DFM,,13,0,VCT Emea
2,Ascent,BuZz,KRX,Jett,0.9,257.0,15,18,4,-3,74.0,156.0,33.0,4.0,2.0,2.0,KRX,,6,DFM,,13,0,VCT Emea
2,Ascent,MaKo,KRX,Omen,0.72,102.0,6,13,12,-7,74.0,57.0,22.0,0.0,1.0,-1.0,KRX,,6,DFM,,13,0,VCT Emea
2,Ascent,Foxy9,KRX,Kayo,0.7,147.0,9,15,9,-6,63.0,94.0,37.0,1.0,2.0,-1.0,KRX,,6,DFM,,13,0,VCT Emea
2,Ascent,BeYN,KRX,Sova,0.63,114.0,7,14,6,-7,58.0,79.0,25.0,1.0,2.0,-1.0,KRX,,6,DFM,,13,0,VCT Emea
2,Ascent,Anthem,DFM,Sova,1.35,206.0,14,9,6,5,79.0,133.0,17.0,0.0,1.0,-1.0,KRX,,6,DFM,,13,1,VCT Emea
2,Ascent,Medusa,DFM,Killjoy,1.32,211.0,15,8,4,7,79.0,141.0,24.0,3.0,2.0,1.0,KRX,,6,DFM,,13,1,VCT Emea
2,Ascent,SSeeS,DFM,Omen,1.23,210.0,12,10,15,2,84.0,118.0,36.0,3.0,1.0,2.0,KRX,,6,DFM,,13,1,VCT Emea
2,Ascent,neth,DFM,Kayo,1.23,180.0,13,10,15,3,79.0,118.0,15.0,0.0,0.0,0.0,KRX,,6,DFM,,13,1,VCT Emea
2,Ascent,Meiy,DFM,Jett,0.99,232.0,18,15,0,3,84.0,133.0,22.0,6.0,3.0,3.0,KRX,,6,DFM,,13,1,VCT Emea
3,Haven,MaKo,KRX,Omen,1.89,266.0,16,5,9,11,100.0,152.0,28.0,1.0,1.0,0.0,KRX,,13,DFM,,2,1,VCT Emea
3,Haven,BeYN,KRX,Sova,1.56,302.0,17,8,3,9,93.0,184.0,52.0,2.0,0.0,2.0,KRX,,13,DFM,,2,1,VCT Emea
3,Haven,Flashback,KRX,Cypher,1.35,284.0,16,9,3,7,87.0,172.0,23.0,3.0,0.0,3.0,KRX,,13,DFM,,2,1,VCT Emea
3,Haven,BuZz,KRX,Jett,1.04,229.0,11,10,4,1,80.0,146.0,20.0,5.0,2.0,3.0,KRX,,13,DFM,,2,1,VCT Emea
3,Haven,Foxy9,KRX,Breach,0.77,107.0,6,8,9,-2,93.0,78.0,25.0,0.0,1.0,-1.0,KRX,,13,DFM,,2,1,VCT Emea
3,Haven,neth,DFM,Breach,1.0,217.0,11,13,6,-2,67.0,128.0,23.0,0.0,0.0,0.0,KRX,,13,DFM,,2,0,VCT Emea
3,Haven,SSeeS,DFM,Omen,0.66,132.0,6,13,8,-7,60.0,93.0,31.0,0.0,1.0,-1.0,KRX,,13,DFM,,2,0,VCT Emea
3,Haven,Anthem,DFM,Sova,0.64,177.0,10,14,1,-4,73.0,111.0,45.0,1.0,2.0,-1.0,KRX,,13,DFM,,2,0,VCT Emea
3,Haven,Medusa,DFM,Killjoy,0.62,176.0,8,13,2,-5,60.0,113.0,38.0,3.0,3.0,0.0,KRX,,13,DFM,,2,0,VCT Emea
3,Haven,Meiy,DFM,Jett,0.27,111.0,5,13,0,-8,33.0,73.0,4.0,0.0,5.0,-5.0,KRX,,13,DFM,,2,0,VCT Emea
0,Ascent,Dep,ZETA,Jett,1.73,362.0,24,11,2,13,79.0,226.0,40.0,7.0,2.0,5.0,ZETA,,13,TLN,,6,1,VCT Emea
0,Ascent,Laz,ZETA,Sova,1.61,297.0,19,10,10,9,79.0,200.0,27.0,4.0,0.0,4.0,ZETA,,13,TLN,,6,1,VCT Emea
0,Ascent,SugarZ3ro,ZETA,Omen,0.99,151.0,12,10,9,2,68.0,109.0,42.0,0.0,1.0,-1.0,ZETA,,13,TLN,,6,1,VCT Emea
0,Ascent,hiroronn,ZETA,Killjoy,0.98,212.0,15,13,3,2,79.0,156.0,24.0,1.0,1.0,0.0,ZETA,,13,TLN,,6,1,VCT Emea
0,Ascent,yuran,ZETA,Kayo,0.91,138.0,7,11,20,-4,89.0,89.0,15.0,0.0,3.0,-3.0,ZETA,,13,TLN,,6,1,VCT Emea
0,Ascent,Crws,TLN,Sova,1.01,220.0,14,16,4,-2,68.0,164.0,21.0,1.0,1.0,0.0,ZETA,,13,TLN,,6,0,VCT Emea
0,Ascent,Governor,TLN,Kayo,0.89,189.0,13,17,5,-4,79.0,129.0,34.0,3.0,1.0,2.0,ZETA,,13,TLN,,6,0,VCT Emea
0,Ascent,Surf,TLN,Phoenix,0.8,161.0,12,14,3,-2,68.0,94.0,32.0,2.0,3.0,-1.0,ZETA,,13,TLN,,6,0,VCT Emea
0,Ascent,ban,TLN,Sage,0.8,162.0,10,15,9,-5,68.0,113.0,26.0,1.0,1.0,0.0,ZETA,,13,TLN,,6,0,VCT Emea
0,Ascent,JitBoyS,TLN,Clove,0.48,128.0,6,15,8,-9,63.0,83.0,19.0,0.0,6.0,-6.0,ZETA,,13,TLN,,6,0,VCT Emea
2,Lotus,hiroronn,ZETA,Killjoy,1.22,242.0,17,15,5,2,62.0,167.0,28.0,2.0,2.0,0.0,ZETA,,8,TLN,,13,0,VCT Emea
2,Lotus,SugarZ3ro,ZETA,Omen,1.14,216.0,14,13,8,1,81.0,134.0,30.0,2.0,2.0,0.0,ZETA,,8,TLN,,13,0,VCT Emea
2,Lotus,Dep,ZETA,Raze,0.97,190.0,13,14,3,-1,62.0,127.0,20.0,4.0,2.0,2.0,ZETA,,8,TLN,,13,0,VCT Emea
2,Lotus,Laz,ZETA,Fade,0.65,130.0,11,15,6,-4,52.0,81.0,48.0,0.0,2.0,-2.0,ZETA,,8,TLN,,13,0,VCT Emea
2,Lotus,yuran,ZETA,Viper,0.47,124.0,8,18,8,-10,67.0,99.0,23.0,1.0,4.0,-3.0,ZETA,,8,TLN,,13,0,VCT Emea
2,Lotus,JitBoyS,TLN,Astra,1.36,252.0,18,13,10,5,76.0,147.0,43.0,4.0,0.0,4.0,ZETA,,8,TLN,,13,1,VCT Emea
2,Lotus,ban,TLN,Cypher,1.21,204.0,17,11,1,6,71.0,149.0,44.0,1.0,2.0,-1.0,ZETA,,8,TLN,,13,1,VCT Emea
2,Lotus,Crws,TLN,Sova,1.07,138.0,11,9,9,2,71.0,101.0,38.0,0.0,1.0,-1.0,ZETA,,8,TLN,,13,1,VCT Emea
2,Lotus,Surf,TLN,Breach,1.0,189.0,14,13,7,1,71.0,135.0,50.0,0.0,0.0,0.0,ZETA,,8,TLN,,13,1,VCT Emea
2,Lotus,Governor,TLN,Neon,0.84,197.0,15,17,3,-2,71.0,126.0,21.0,7.0,6.0,1.0,ZETA,,8,TLN,,13,1,VCT Emea
3,Haven,Laz,ZETA,Sova,1.7,310.0,23,11,5,12,76.0,213.0,45.0,4.0,0.0,4.0,ZETA,,13,TLN,,8,1,VCT Emea
3,Haven,SugarZ3ro,ZETA,Omen,1.26,237.0,19,13,7,6,71.0,149.0,30.0,1.0,0.0,1.0,ZETA,,13,TLN,,8,1,VCT Emea
3,Haven,yuran,ZETA,Breach,1.03,166.0,14,11,8,3,81.0,109.0,30.0,1.0,1.0,0.0,ZETA,,13,TLN,,8,1,VCT Emea
3,Haven,Dep,ZETA,Neon,0.9,222.0,17,15,6,2,67.0,132.0,19.0,5.0,5.0,0.0,ZETA,,13,TLN,,8,1,VCT Emea
3,Haven,hiroronn,ZETA,Killjoy,0.62,124.0,9,14,4,-5,62.0,77.0,30.0,3.0,1.0,2.0,ZETA,,13,TLN,,8,1,VCT Emea
3,Haven,JitBoyS,TLN,Astra,1.43,276.0,20,15,4,5,67.0,178.0,62.0,1.0,2.0,-1.0,ZETA,,13,TLN,,8,0,VCT Emea
3,Haven,Governor,TLN,Neon,0.97,204.0,15,15,2,0,67.0,134.0,24.0,2.0,4.0,-2.0,ZETA,,13,TLN,,8,0,VCT Emea
3,Haven,ban,TLN,Iso,0.92,222.0,15,19,1,-4,43.0,149.0,42.0,4.0,5.0,-1.0,ZETA,,13,TLN,,8,0,VCT Emea
3,Haven,Surf,TLN,Killjoy,0.49,97.0,7,16,0,-9,48.0,63.0,22.0,0.0,1.0,-1.0,ZETA,,13,TLN,,8,0,VCT Emea
3,Haven,Crws,TLN,Breach,0.48,110.0,7,17,6,-10,52.0,77.0,34.0,0.0,2.0,-2.0,ZETA,,13,TLN,,8,0,VCT Emea
0,Ascent,f0rsakeN,PRX,Fade,1.32,248.0,18,15,9,3,73.0,183.0,29.0,3.0,3.0,0.0,PRX,,9,ZETA,,13,0,VCT Emea
0,Ascent,something,PRX,Jett,0.99,207.0,16,17,3,-1,64.0,144.0,29.0,4.0,5.0,-1.0,PRX,,9,ZETA,,13,0,VCT Emea
0,Ascent,Jinggg,PRX,Clove,0.85,218.0,16,20,11,-4,73.0,142.0,17.0,2.0,1.0,1.0,PRX,,9,ZETA,,13,0,VCT Emea
0,Ascent,mindfreak,PRX,Omen,0.83,177.0,16,17,2,-1,73.0,104.0,39.0,2.0,1.0,1.0,PRX,,9,ZETA,,13,0,VCT Emea
0,Ascent,d4v41,PRX,Kayo,0.71,134.0,10,17,15,-7,68.0,87.0,36.0,0.0,1.0,-1.0,PRX,,9,ZETA,,13,0,VCT Emea
0,Ascent,yuran,ZETA,Kayo,1.39,254.0,20,14,12,6,77.0,158.0,26.0,0.0,3.0,-3.0,PRX,,9,ZETA,,13,1,VCT Emea
0,Ascent,Dep,ZETA,Jett,1.27,288.0,23,18,4,5,73.0,180.0,34.0,4.0,2.0,2.0,PRX,,9,ZETA,,13,1,VCT Emea
0,Ascent,Laz,ZETA,Sova,1.22,231.0,16,14,13,2,73.0,149.0,35.0,2.0,3.0,-1.0,PRX,,9,ZETA,,13,1,VCT Emea
0,Ascent,hiroronn,ZETA,Killjoy,1.12,231.0,18,15,4,3,73.0,151.0,25.0,5.0,2.0,3.0,PRX,,9,ZETA,,13,1,VCT Emea
0,Ascent,SugarZ3ro,ZETA,Omen,0.69,106.0,9,15,13,-6,82.0,89.0,35.0,0.0,1.0,-1.0,PRX,,9,ZETA,,13,1,VCT Emea
2,Lotus,d4v41,PRX,Fade,1.78,310.0,25,8,5,17,95.0,194.0,29.0,2.0,0.0,2.0,PRX,,13,ZETA,,8,1,VCT Emea
2,Lotus,Jinggg,PRX,Neon,1.28,270.0,18,12,7,6,86.0,160.0,25.0,8.0,4.0,4.0,PRX,,13,ZETA,,8,1,VCT Emea
2,Lotus,f0rsakeN,PRX,Kayo,1.22,225.0,16,13,12,3,95.0,154.0,33.0,1.0,0.0,1.0,PRX,,13,ZETA,,8,1,VCT Emea
2,Lotus,something,PRX,Jett,1.13,247.0,20,14,3,6,81.0,175.0,43.0,4.0,2.0,2.0,PRX,,13,ZETA,,8,1,VCT Emea
2,Lotus,mindfreak,PRX,Omen,1.06,147.0,12,10,12,2,81.0,91.0,53.0,0.0,0.0,0.0,PRX,,13,ZETA,,8,1,VCT Emea
2,Lotus,Laz,ZETA,Fade,1.57,279.0,22,16,4,6,62.0,175.0,33.0,0.0,2.0,-2.0,PRX,,13,ZETA,,8,0,VCT Emea
2,Lotus,hiroronn,ZETA,Killjoy,0.94,197.0,14,17,1,-3,48.0,156.0,32.0,1.0,1.0,0.0,PRX,,13,ZETA,,8,0,VCT Emea
2,Lotus,yuran,ZETA,Viper,0.47,109.0,7,17,3,-10,43.0,76.0,24.0,1.0,4.0,-3.0,PRX,,13,ZETA,,8,0,VCT Emea
2,Lotus,Dep,ZETA,Raze,0.28,156.0,9,21,3,-12,62.0,105.0,24.0,3.0,5.0,-2.0,PRX,,13,ZETA,,8,0,VCT Emea
2,Lotus,SugarZ3ro,ZETA,Omen,0.22,83.0,5,20,1,-15,48.0,60.0,29.0,1.0,3.0,-2.0,PRX,,13,ZETA,,8,0,VCT Emea
3,Sunset,d4v41,PRX,Sage,1.62,234.0,16,6,9,10,88.0,142.0,21.0,1.0,2.0,-1.0,PRX,,13,ZETA,,4,1,VCT Emea
3,Sunset,Jinggg,PRX,Raze,1.35,269.0,16,10,4,6,82.0,168.0,16.0,3.0,0.0,3.0,PRX,,13,ZETA,,4,1,VCT Emea
3,Sunset,f0rsakeN,PRX,Breach,1.2,296.0,17,12,9,5,82.0,194.0,32.0,3.0,2.0,1.0,PRX,,13,ZETA,,4,1,VCT Emea
3,Sunset,mindfreak,PRX,Omen,0.98,192.0,12,10,7,2,82.0,121.0,35.0,1.0,1.0,0.0,PRX,,13,ZETA,,4,1,VCT Emea
3,Sunset,something,PRX,Gekko,0.81,182.0,12,12,6,0,65.0,132.0,36.0,3.0,1.0,2.0,PRX,,13,ZETA,,4,1,VCT Emea
3,Sunset,SugarZ3ro,ZETA,Omen,1.33,260.0,17,14,2,3,65.0,179.0,46.0,0.0,1.0,-1.0,PRX,,13,ZETA,,4,0,VCT Emea
3,Sunset,Laz,ZETA,Gekko,0.87,142.0,9,13,3,-4,65.0,93.0,73.0,2.0,2.0,0.0,PRX,,13,ZETA,,4,0,VCT Emea
3,Sunset,Dep,ZETA,Raze,0.59,185.0,10,16,1,-6,71.0,112.0,24.0,3.0,6.0,-3.0,PRX,,13,ZETA,,4,0,VCT Emea
3,Sunset,yuran,ZETA,Breach,0.58,125.0,7,15,5,-8,71.0,85.0,26.0,0.0,0.0,0.0,PRX,,13,ZETA,,4,0,VCT Emea
3,Sunset,hiroronn,ZETA,Cypher,0.57,140.0,7,15,5,-8,65.0,92.0,26.0,1.0,2.0,-1.0,PRX,,13,ZETA,,4,0,VCT Emea
0,Haven,Karon,GEN,Omen,1.39,290.0,23,14,9,9,86.0,176.0,42.0,2.0,0.0,2.0,GEN,,13,RRQ,,8,1,VCT Emea
0,Haven,t3xture,GEN,Jett,1.37,247.0,20,12,2,8,62.0,162.0,32.0,5.0,3.0,2.0,GEN,,13,RRQ,,8,1,VCT Emea
0,Haven,Munchkin,GEN,Viper,1.24,207.0,14,11,12,3,76.0,143.0,29.0,3.0,1.0,2.0,GEN,,13,RRQ,,8,1,VCT Emea
0,Haven,Lakia,GEN,Skye,0.9,118.0,9,11,9,-2,71.0,64.0,17.0,1.0,1.0,0.0,GEN,,13,RRQ,,8,1,VCT Emea
0,Haven,Meteor,GEN,Killjoy,0.62,110.0,9,11,3,-2,62.0,64.0,18.0,2.0,3.0,-1.0,GEN,,13,RRQ,,8,1,VCT Emea
0,Haven,Lmemore,RRQ,Sova,1.29,226.0,16,13,5,3,67.0,140.0,45.0,3.0,1.0,2.0,GEN,,13,RRQ,,8,0,VCT Emea
0,Haven,Estrella,RRQ,Breach,0.98,141.0,9,13,12,-4,71.0,86.0,16.0,1.0,2.0,-1.0,GEN,,13,RRQ,,8,0,VCT Emea
0,Haven,xffero,RRQ,Cypher,0.82,156.0,11,16,7,-5,62.0,105.0,50.0,1.0,2.0,-1.0,GEN,,13,RRQ,,8,0,VCT Emea
0,Haven,Jemkin,RRQ,Jett,0.78,182.0,13,18,7,-5,62.0,117.0,27.0,2.0,4.0,-2.0,GEN,,13,RRQ,,8,0,VCT Emea
0,Haven,Monyet,RRQ,Omen,0.74,143.0,10,15,11,-5,52.0,93.0,24.0,1.0,4.0,-3.0,GEN,,13,RRQ,,8,0,VCT Emea
2,Bind,Meteor,GEN,Cypher,1.38,286.0,26,17,1,9,75.0,192.0,51.0,3.0,3.0,0.0,GEN,,13,RRQ,,11,1,VCT Emea
2,Bind,Karon,GEN,Brimstone,1.35,219.0,20,14,12,6,88.0,127.0,29.0,1.0,0.0,1.0,GEN,,13,RRQ,,11,1,VCT Emea
2,Bind,Munchkin,GEN,Viper,0.96,153.0,12,13,8,-1,75.0,102.0,15.0,4.0,0.0,4.0,GEN,,13,RRQ,,11,1,VCT Emea
2,Bind,t3xture,GEN,Raze,0.78,195.0,16,19,4,-3,67.0,127.0,21.0,5.0,3.0,2.0,GEN,,13,RRQ,,11,1,VCT Emea
2,Bind,Lakia,GEN,Skye,0.62,122.0,10,17,9,-7,58.0,82.0,19.0,3.0,2.0,1.0,GEN,,13,RRQ,,11,1,VCT Emea
2,Bind,Jemkin,RRQ,Yoru,1.31,246.0,22,14,4,8,75.0,162.0,40.0,4.0,2.0,2.0,GEN,,13,RRQ,,11,0,VCT Emea
2,Bind,xffero,RRQ,Cypher,1.04,215.0,17,17,6,0,79.0,134.0,35.0,0.0,2.0,-2.0,GEN,,13,RRQ,,11,0,VCT Emea
2,Bind,Estrella,RRQ,Omen,1.03,189.0,16,16,9,0,63.0,121.0,43.0,1.0,2.0,-1.0,GEN,,13,RRQ,,11,0,VCT Emea
2,Bind,Monyet,RRQ,Raze,0.95,218.0,17,20,5,-3,75.0,147.0,19.0,2.0,5.0,-3.0,GEN,,13,RRQ,,11,0,VCT Emea
2,Bind,Lmemore,RRQ,Deadlock,0.46,105.0,8,17,5,-9,50.0,69.0,19.0,1.0,5.0,-4.0,GEN,,13,RRQ,,11,0,VCT Emea
0,Lotus,Jremy,TS,Neon,1.38,267.0,23,15,6,8,92.0,182.0,34.0,5.0,2.0,3.0,TS,,11,TLN,,13,0,VCT Emea
0,Lotus,JessieVash,TS,Cypher,1.28,221.0,17,12,6,5,71.0,156.0,24.0,4.0,2.0,2.0,TS,,11,TLN,,13,0,VCT Emea
0,Lotus,2GE,TS,Omen,0.91,185.0,16,17,8,-1,67.0,120.0,25.0,3.0,4.0,-1.0,TS,,11,TLN,,13,0,VCT Emea
0,Lotus,Wild0reoo,TS,Skye,0.87,178.0,16,17,12,-1,88.0,115.0,34.0,0.0,3.0,-3.0,TS,,11,TLN,,13,0,VCT Emea
0,Lotus,invy,TS,Sova,0.72,135.0,11,19,10,-8,75.0,98.0,43.0,0.0,1.0,-1.0,TS,,11,TLN,,13,0,VCT Emea
0,Lotus,primmie,TLN,Clove,1.15,278.0,24,21,4,3,75.0,177.0,42.0,2.0,2.0,0.0,TS,,11,TLN,,13,1,VCT Emea
0,Lotus,ban,TLN,Deadlock,1.0,142.0,13,13,3,0,67.0,102.0,41.0,2.0,3.0,-1.0,TS,,11,TLN,,13,1,VCT Emea
0,Lotus,JitBoyS,TLN,Omen,0.99,154.0,13,16,11,-3,83.0,102.0,39.0,2.0,1.0,1.0,TS,,11,TLN,,13,1,VCT Emea
0,Lotus,Crws,TLN,Fade,0.9,181.0,15,16,7,-1,71.0,111.0,19.0,1.0,2.0,-1.0,TS,,11,TLN,,13,1,VCT Emea
0,Lotus,Governor,TLN,Raze,0.82,195.0,15,18,2,-3,58.0,116.0,23.0,5.0,4.0,1.0,TS,,11,TLN,,13,1,VCT Emea
2,Abyss,JessieVash,TS,Sova,1.23,230.0,19,17,4,2,71.0,161.0,25.0,3.0,0.0,3.0,TS,,11,TLN,,13,0,VCT Emea
2,Abyss,invy,TS,Kayo,1.17,223.0,18,17,16,1,83.0,158.0,18.0,2.0,3.0,-1.0,TS,,11,TLN,,13,0,VCT Emea
2,Abyss,Wild0reoo,TS,Cypher,1.02,192.0,18,17,5,1,63.0,127.0,46.0,2.0,3.0,-1.0,TS,,11,TLN,,13,0,VCT Emea
2,Abyss,2GE,TS,Omen,0.83,157.0,13,17,7,-4,71.0,119.0,31.0,0.0,3.0,-3.0,TS,,11,TLN,,13,0,VCT Emea
2,Abyss,Jremy,TS,Jett,0.57,140.0,12,19,2,-7,58.0,94.0,23.0,5.0,5.0,0.0,TS,,11,TLN,,13,0,VCT Emea
2,Abyss,JitBoyS,TLN,Omen,1.31,211.0,18,15,13,3,83.0,148.0,48.0,2.0,1.0,1.0,TS,,11,TLN,,13,1,VCT Emea
2,Abyss,primmie,TLN,Jett,1.26,332.0,28,21,4,7,75.0,212.0,40.0,6.0,1.0,5.0,TS,,11,TLN,,13,1,VCT Emea
2,Abyss,Governor,TLN,Sova,1.19,181.0,16,13,6,3,71.0,123.0,30.0,1.0,2.0,-1.0,TS,,11,TLN,,13,1,VCT Emea
2,Abyss,Crws,TLN,Breach,0.73,115.0,9,13,7,-4,71.0,86.0,28.0,2.0,4.0,-2.0,TS,,11,TLN,,13,1,VCT Emea
2,Abyss,ban,TLN,Cypher,0.66,156.0,13,18,3,-5,58.0,110.0,29.0,1.0,2.0,-1.0,TS,,11,TLN,,13,1,VCT Emea
0,Ascent,d4v41,PRX,Sova,1.11,165.0,11,14,9,-3,70.0,124.0,16.0,1.0,0.0,1.0,PRX,,10,GEN,,13,0,VCT Emea
0,Ascent,Jinggg,PRX,Raze,0.93,229.0,17,19,1,-2,57.0,145.0,24.0,2.0,4.0,-2.0,PRX,,10,GEN,,13,0,VCT Emea
0,Ascent,mindfreak,PRX,Omen,0.89,166.0,14,15,5,-1,70.0,101.0,64.0,2.0,2.0,0.0,PRX,,10,GEN,,13,0,VCT Emea
0,Ascent,something,PRX,Reyna,0.82,149.0,12,15,5,-3,61.0,92.0,30.0,2.0,2.0,0.0,PRX,,10,GEN,,13,0,VCT Emea
0,Ascent,f0rsakeN,PRX,Harbor,0.73,164.0,13,17,5,-4,61.0,114.0,43.0,3.0,5.0,-2.0,PRX,,10,GEN,,13,0,VCT Emea
0,Ascent,t3xture,GEN,Jett,1.36,256.0,24,13,1,11,70.0,164.0,33.0,4.0,2.0,2.0,PRX,,10,GEN,,13,1,VCT Emea
0,Ascent,Munchkin,GEN,Kayo,1.32,247.0,19,14,17,5,83.0,171.0,25.0,2.0,2.0,0.0,PRX,,10,GEN,,13,1,VCT Emea
0,Ascent,Lakia,GEN,Sova,1.13,180.0,13,11,9,2,74.0,124.0,14.0,0.0,1.0,-1.0,PRX,,10,GEN,,13,1,VCT Emea
0,Ascent,Karon,GEN,Omen,1.0,178.0,14,16,14,-2,74.0,102.0,17.0,6.0,3.0,3.0,PRX,,10,GEN,,13,1,VCT Emea
0,Ascent,Meteor,GEN,Killjoy,0.81,114.0,10,13,3,-3,65.0,83.0,13.0,1.0,2.0,-1.0,PRX,,10,GEN,,13,1,VCT Emea
2,Icebox,f0rsakeN,PRX,Kayo,1.16,224.0,14,15,13,-1,72.0,129.0,16.0,0.0,2.0,-2.0,PRX,,5,GEN,,13,0,VCT Emea
2,Icebox,Jinggg,PRX,Sage,0.9,184.0,11,15,3,-4,56.0,107.0,27.0,3.0,2.0,1.0,PRX,,5,GEN,,13,0,VCT Emea
2,Icebox,mindfreak,PRX,Viper,0.75,127.0,7,14,5,-7,72.0,99.0,21.0,1.0,0.0,1.0,PRX,,5,GEN,,13,0,VCT Emea
2,Icebox,d4v41,PRX,Killjoy,0.5,111.0,5,15,1,-10,44.0,83.0,10.0,1.0,2.0,-1.0,PRX,,5,GEN,,13,0,VCT Emea
2,Icebox,something,PRX,Jett,0.3,88.0,6,18,2,-12,50.0,65.0,22.0,1.0,6.0,-5.0,PRX,,5,GEN,,13,0,VCT Emea
2,Icebox,Meteor,GEN,Killjoy,1.65,314.0,22,8,2,14,100.0,223.0,28.0,3.0,0.0,3.0,PRX,,5,GEN,,13,1,VCT Emea
2,Icebox,t3xture,GEN,Jett,1.46,314.0,20,10,4,10,89.0,195.0,29.0,6.0,1.0,5.0,PRX,,5,GEN,,13,1,VCT Emea
2,Icebox,Munchkin,GEN,Kayo,1.44,267.0,16,9,13,7,83.0,190.0,31.0,1.0,2.0,-1.0,PRX,,5,GEN,,13,1,VCT Emea
2,Icebox,Karon,GEN,Viper,1.18,182.0,13,8,4,5,83.0,132.0,48.0,1.0,2.0,-1.0,PRX,,5,GEN,,13,1,VCT Emea
2,Icebox,Lakia,GEN,Gekko,0.78,101.0,6,8,2,-2,67.0,84.0,26.0,1.0,1.0,0.0,PRX,,5,GEN,,13,1,VCT Emea
0,Ascent,BuZz,KRX,Jett,1.38,262.0,22,13,3,9,71.0,157.0,18.0,4.0,4.0,0.0,KRX,,13,TLN,,8,1,VCT Emea
0,Ascent,MaKo,KRX,Omen,1.18,242.0,18,15,12,3,90.0,157.0,24.0,5.0,1.0,4.0,KRX,,13,TLN,,8,1,VCT Emea
0,Ascent,Flashback,KRX,Killjoy,0.93,179.0,14,15,3,-1,62.0,128.0,43.0,0.0,1.0,-1.0,KRX,,13,TLN,,8,1,VCT Emea
0,Ascent,BeYN,KRX,Sova,0.74,189.0,13,16,8,-3,76.0,137.0,26.0,1.0,3.0,-2.0,KRX,,13,TLN,,8,1,VCT Emea
0,Ascent,Foxy9,KRX,Kayo,0.63,159.0,11,17,10,-6,62.0,113.0,26.0,0.0,2.0,-2.0,KRX,,13,TLN,,8,1,VCT Emea
0,Ascent,ban,TLN,Killjoy,1.39,284.0,21,15,3,6,67.0,187.0,38.0,2.0,0.0,2.0,KRX,,13,TLN,,8,0,VCT Emea
0,Ascent,Governor,TLN,Kayo,1.26,223.0,16,14,12,2,76.0,141.0,29.0,2.0,2.0,0.0,KRX,,13,TLN,,8,0,VCT Emea
0,Ascent,primmie,TLN,Jett,1.12,224.0,16,16,5,0,67.0,155.0,42.0,3.0,4.0,-1.0,KRX,,13,TLN,,8,0,VCT Emea
0,Ascent,JitBoyS,TLN,Omen,0.84,152.0,13,15,8,-2,76.0,96.0,31.0,1.0,1.0,0.0,KRX,,13,TLN,,8,0,VCT Emea
0,Ascent,Crws,TLN,Sova,0.55,160.0,10,18,7,-8,76.0,115.0,13.0,3.0,3.0,0.0,KRX,,13,TLN,,8,0,VCT Emea
2,Abyss,Flashback,KRX,Cypher,1.97,288.0,21,5,7,16,76.0,166.0,22.0,3.0,0.0,3.0,KRX,,13,TLN,,4,1,VCT Emea
2,Abyss,BuZz,KRX,Jett,1.39,285.0,17,11,5,6,82.0,179.0,23.0,5.0,1.0,4.0,KRX,,13,TLN,,4,1,VCT Emea
2,Abyss,MaKo,KRX,Omen,1.21,224.0,13,10,7,3,94.0,165.0,18.0,1.0,0.0,1.0,KRX,,13,TLN,,4,1,VCT Emea
2,Abyss,BeYN,KRX,Sova,1.18,197.0,13,10,3,3,76.0,130.0,26.0,3.0,1.0,2.0,KRX,,13,TLN,,4,1,VCT Emea
2,Abyss,Foxy9,KRX,Kayo,0.74,138.0,8,12,6,-4,88.0,89.0,20.0,1.0,2.0,-1.0,KRX,,13,TLN,,4,1,VCT Emea
2,Abyss,primmie,TLN,Iso,1.38,312.0,17,14,5,3,76.0,214.0,61.0,3.0,3.0,0.0,KRX,,13,TLN,,4,0,VCT Emea
2,Abyss,JitBoyS,TLN,Omen,1.11,269.0,17,15,1,2,71.0,176.0,55.0,0.0,1.0,-1.0,KRX,,13,TLN,,4,0,VCT Emea
2,Abyss,Crws,TLN,Sova,0.39,68.0,4,13,2,-9,41.0,41.0,10.0,0.0,3.0,-3.0,KRX,,13,TLN,,4,0,VCT Emea
2,Abyss,ban,TLN,Cypher,0.37,93.0,5,15,4,-10,59.0,68.0,44.0,0.0,1.0,-1.0,KRX,,13,TLN,,4,0,VCT Emea
2,Abyss,Governor,TLN,Neon,0.2,94.0,5,15,3,-10,59.0,66.0,29.0,1.0,5.0,-4.0,KRX,,13,TLN,,4,0,VCT Emea
0,Ascent,something,PRX,Reyna,1.7,320.0,19,7,3,12,88.0,208.0,29.0,5.0,1.0,4.0,PRX,,13,TLN,,3,1,VCT Emea
0,Ascent,f0rsakeN,PRX,Harbor,1.7,292.0,19,9,8,10,94.0,160.0,26.0,1.0,0.0,1.0,PRX,,13,TLN,,3,1,VCT Emea
0,Ascent,mindfreak,PRX,Omen,1.33,154.0,10,4,4,6,88.0,105.0,50.0,1.0,1.0,0.0,PRX,,13,TLN,,3,1,VCT Emea
0,Ascent,Jinggg,PRX,Raze,1.17,224.0,13,9,5,4,75.0,157.0,14.0,2.0,2.0,0.0,PRX,,13,TLN,,3,1,VCT Emea
0,Ascent,d4v41,PRX,Skye,0.99,174.0,11,8,5,3,81.0,115.0,24.0,1.0,2.0,-1.0,PRX,,13,TLN,,3,1,VCT Emea
0,Ascent,primmie,TLN,Jett,0.77,191.0,11,15,0,-4,50.0,129.0,61.0,4.0,3.0,1.0,PRX,,13,TLN,,3,0,VCT Emea
0,Ascent,JitBoyS,TLN,Omen,0.65,153.0,9,15,1,-6,50.0,105.0,50.0,0.0,1.0,-1.0,PRX,,13,TLN,,3,0,VCT Emea
0,Ascent,Crws,TLN,Sova,0.55,166.0,7,14,2,-7,56.0,119.0,23.0,1.0,2.0,-1.0,PRX,,13,TLN,,3,0,VCT Emea
0,Ascent,Governor,TLN,Kayo,0.47,97.0,6,14,1,-8,63.0,76.0,25.0,0.0,2.0,-2.0,PRX,,13,TLN,,3,0,VCT Emea
0,Ascent,ban,TLN,Killjoy,0.43,109.0,4,14,3,-10,44.0,87.0,24.0,1.0,2.0,-1.0,PRX,,13,TLN,,3,0,VCT Emea
2,Sunset,d4v41,PRX,Sage,1.67,288.0,17,8,10,9,81.0,186.0,27.0,3.0,1.0,2.0,PRX,,13,TLN,,3,1,VCT Emea
2,Sunset,something,PRX,Gekko,1.66,265.0,17,8,6,9,88.0,189.0,30.0,1.0,0.0,1.0,PRX,,13,TLN,,3,1,VCT Emea
2,Sunset,Jinggg,PRX,Raze,1.36,290.0,18,10,4,8,81.0,178.0,17.0,1.0,1.0,0.0,PRX,,13,TLN,,3,1,VCT Emea
2,Sunset,f0rsakeN,PRX,Breach,1.04,206.0,12,11,9,1,88.0,151.0,35.0,1.0,3.0,-2.0,PRX,,13,TLN,,3,1,VCT Emea
2,Sunset,mindfreak,PRX,Omen,0.7,138.0,8,12,9,-4,88.0,88.0,47.0,1.0,4.0,-3.0,PRX,,13,TLN,,3,1,VCT Emea
2,Sunset,JitBoyS,TLN,Omen,0.98,241.0,13,15,4,-2,75.0,145.0,23.0,1.0,1.0,0.0,PRX,,13,TLN,,3,0,VCT Emea
2,Sunset,primmie,TLN,Cypher,0.91,190.0,11,14,6,-3,69.0,140.0,35.0,1.0,2.0,-1.0,PRX,,13,TLN,,3,0,VCT Emea
2,Sunset,ban,TLN,Breach,0.82,195.0,9,15,9,-6,69.0,136.0,29.0,1.0,0.0,1.0,PRX,,13,TLN,,3,0,VCT Emea
2,Sunset,Governor,TLN,Neon,0.76,156.0,9,13,1,-4,63.0,99.0,30.0,5.0,3.0,2.0,PRX,,13,TLN,,3,0,VCT Emea
2,Sunset,Crws,TLN,Sova,0.43,155.0,7,15,3,-8,44.0,106.0,16.0,1.0,1.0,0.0,PRX,,13,TLN,,3,0,VCT Emea
0,Haven,Karon,GEN,Omen,1.84,294.0,26,9,14,17,86.0,181.0,40.0,2.0,0.0,2.0,GEN,,13,KRX,,9,1,VCT Emea
0,Haven,Munchkin,GEN,Viper,1.29,248.0,17,13,14,4,68.0,161.0,10.0,2.0,3.0,-1.0,GEN,,13,KRX,,9,1,VCT Emea
0,Haven,Meteor,GEN,Killjoy,1.06,194.0,15,13,2,2,68.0,127.0,25.0,2.0,2.0,0.0,GEN,,13,KRX,,9,1,VCT Emea
0,Haven,t3xture,GEN,Jett,0.79,111.0,10,11,0,-1,55.0,63.0,25.0,3.0,4.0,-1.0,GEN,,13,KRX,,9,1,VCT Emea
0,Haven,Lakia,GEN,Skye,0.77,131.0,10,15,9,-5,77.0,85.0,25.0,2.0,2.0,0.0,GEN,,13,KRX,,9,1,VCT Emea
0,Haven,MaKo,KRX,Omen,1.05,213.0,17,15,6,2,64.0,141.0,54.0,2.0,2.0,0.0,GEN,,13,KRX,,9,0,VCT Emea
0,Haven,Flashback,KRX,Cypher,1.04,196.0,14,15,4,-1,64.0,129.0,23.0,3.0,0.0,3.0,GEN,,13,KRX,,9,0,VCT Emea
0,Haven,BuZz,KRX,Jett,0.77,164.0,11,16,4,-5,73.0,119.0,18.0,3.0,4.0,-1.0,GEN,,13,KRX,,9,0,VCT Emea
0,Haven,Foxy9,KRX,Breach,0.74,137.0,11,16,8,-5,64.0,86.0,48.0,1.0,2.0,-1.0,GEN,,13,KRX,,9,0,VCT Emea
0,Haven,BeYN,KRX,Sova,0.69,118.0,8,16,6,-8,64.0,80.0,35.0,2.0,3.0,-1.0,GEN,,13,KRX,,9,0,VCT Emea
2,Sunset,Karon,GEN,Omen,1.21,232.0,20,16,8,4,74.0,147.0,31.0,3.0,1.0,2.0,GEN,,10,KRX,,13,0,VCT Emea
2,Sunset,Munchkin,GEN,Kayo,1.05,174.0,11,15,19,-4,78.0,105.0,14.0,2.0,2.0,0.0,GEN,,10,KRX,,13,0,VCT Emea
2,Sunset,t3xture,GEN,Jett,0.99,251.0,18,17,7,1,70.0,160.0,41.0,4.0,3.0,1.0,GEN,,10,KRX,,13,0,VCT Emea
2,Sunset,Lakia,GEN,Sova,0.7,178.0,13,18,1,-5,52.0,123.0,58.0,0.0,3.0,-3.0,GEN,,10,KRX,,13,0,VCT Emea
2,Sunset,Meteor,GEN,Cypher,0.68,136.0,10,18,5,-8,61.0,93.0,37.0,2.0,3.0,-1.0,GEN,,10,KRX,,13,0,VCT Emea
2,Sunset,BeYN,KRX,Sova,1.77,309.0,27,11,3,16,83.0,194.0,30.0,1.0,0.0,1.0,GEN,,10,KRX,,13,1,VCT Emea
2,Sunset,MaKo,KRX,Omen,1.19,219.0,17,13,5,4,74.0,148.0,30.0,4.0,2.0,2.0,GEN,,10,KRX,,13,1,VCT Emea
2,Sunset,Flashback,KRX,Cypher,0.99,179.0,14,14,4,0,65.0,119.0,32.0,3.0,2.0,1.0,GEN,,10,KRX,,13,1,VCT Emea
2,Sunset,Foxy9,KRX,Breach,0.89,168.0,15,15,12,0,74.0,106.0,32.0,1.0,2.0,-1.0,GEN,,10,KRX,,13,1,VCT Emea
2,Sunset,BuZz,KRX,Neon,0.48,135.0,11,19,5,-8,52.0,81.0,25.0,3.0,5.0,-2.0,GEN,,10,KRX,,13,1,VCT Emea
3,Bind,Meteor,GEN,Cypher,1.65,295.0,20,8,5,12,84.0,184.0,30.0,3.0,2.0,1.0,GEN,,13,KRX,,6,1,VCT Emea
3,Bind,Munchkin,GEN,Viper,1.41,209.0,13,7,7,6,95.0,129.0,24.0,3.0,0.0,3.0,GEN,,13,KRX,,6,1,VCT Emea
3,Bind,Lakia,GEN,Skye,1.39,190.0,14,5,2,9,84.0,141.0,35.0,2.0,1.0,1.0,GEN,,13,KRX,,6,1,VCT Emea
3,Bind,t3xture,GEN,Raze,1.06,182.0,13,9,3,4,74.0,114.0,12.0,3.0,2.0,1.0,GEN,,13,KRX,,6,1,VCT Emea
3,Bind,Karon,GEN,Brimstone,0.83,135.0,8,10,6,-2,68.0,89.0,37.0,2.0,1.0,1.0,GEN,,13,KRX,,6,1,VCT Emea
3,Bind,BuZz,KRX,Raze,1.18,220.0,15,12,3,3,74.0,147.0,28.0,2.0,2.0,0.0,GEN,,13,KRX,,6,0,VCT Emea
3,Bind,Flashback,KRX,Cypher,0.72,161.0,9,15,3,-6,42.0,114.0,23.0,2.0,3.0,-1.0,GEN,,13,KRX,,6,0,VCT Emea
3,Bind,Foxy9,KRX,Brimstone,0.65,76.0,6,12,5,-6,58.0,43.0,25.0,0.0,4.0,-4.0,GEN,,13,KRX,,6,0,VCT Emea
3,Bind,BeYN,KRX,Skye,0.58,85.0,4,14,2,-10,58.0,71.0,15.0,1.0,0.0,1.0,GEN,,13,KRX,,6,0,VCT Emea
3,Bind,MaKo,KRX,Viper,0.35,102.0,5,15,4,-10,42.0,63.0,26.0,1.0,4.0,-3.0,GEN,,13,KRX,,6,0,VCT Emea
0,Abyss,Flashback,KRX,Cypher,1.05,263.0,17,16,3,1,65.0,173.0,40.0,4.0,3.0,1.0,KRX,,7,PRX,,13,0,VCT Emea
0,Abyss,BeYN,KRX,Sova,1.0,209.0,13,15,6,-2,70.0,156.0,28.0,2.0,2.0,0.0,KRX,,7,PRX,,13,0,VCT Emea
0,Abyss,BuZz,KRX,Jett,0.79,174.0,12,14,2,-2,70.0,121.0,16.0,2.0,3.0,-1.0,KRX,,7,PRX,,13,0,VCT Emea
0,Abyss,MaKo,KRX,Omen,0.71,166.0,9,15,7,-6,55.0,119.0,31.0,0.0,1.0,-1.0,KRX,,7,PRX,,13,0,VCT Emea
0,Abyss,Foxy9,KRX,Kayo,0.65,170.0,11,17,7,-6,60.0,104.0,30.0,2.0,1.0,1.0,KRX,,7,PRX,,13,0,VCT Emea
0,Abyss,something,PRX,Breach,1.37,218.0,17,10,6,7,80.0,136.0,37.0,1.0,0.0,1.0,KRX,,7,PRX,,13,1,VCT Emea
0,Abyss,Jinggg,PRX,Phoenix,1.31,207.0,17,10,1,7,75.0,146.0,42.0,3.0,1.0,2.0,KRX,,7,PRX,,13,1,VCT Emea
0,Abyss,f0rsakeN,PRX,Neon,1.22,261.0,17,15,8,2,75.0,170.0,45.0,5.0,3.0,2.0,KRX,,7,PRX,,13,1,VCT Emea
0,Abyss,d4v41,PRX,Kayo,1.1,196.0,14,13,12,1,75.0,131.0,17.0,0.0,3.0,-3.0,KRX,,7,PRX,,13,1,VCT Emea
0,Abyss,mindfreak,PRX,Omen,0.77,168.0,11,14,8,-3,80.0,102.0,38.0,1.0,3.0,-2.0,KRX,,7,PRX,,13,1,VCT Emea
2,Lotus,BuZz,KRX,Neon,1.14,246.0,19,18,4,1,70.0,164.0,27.0,1.0,5.0,-4.0,KRX,,10,PRX,,13,0,VCT Emea
2,Lotus,Foxy9,KRX,Breach,0.9,152.0,12,18,15,-6,65.0,88.0,29.0,1.0,1.0,0.0,KRX,,10,PRX,,13,0,VCT Emea
2,Lotus,Flashback,KRX,Chamber,0.87,159.0,14,15,2,-1,65.0,120.0,24.0,1.0,4.0,-3.0,KRX,,10,PRX,,13,0,VCT Emea
2,Lotus,MaKo,KRX,Omen,0.82,173.0,13,17,7,-4,57.0,117.0,24.0,2.0,3.0,-1.0,KRX,,10,PRX,,13,0,VCT Emea
2,Lotus,BeYN,KRX,Fade,0.77,165.0,12,19,8,-7,74.0,111.0,23.0,2.0,3.0,-1.0,KRX,,10,PRX,,13,0,VCT Emea
2,Lotus,Jinggg,PRX,Neon,1.45,330.0,28,14,3,14,78.0,209.0,20.0,6.0,2.0,4.0,KRX,,10,PRX,,13,1,VCT Emea
2,Lotus,f0rsakeN,PRX,Kayo,1.35,228.0,18,13,16,5,87.0,142.0,26.0,1.0,1.0,0.0,KRX,,10,PRX,,13,1,VCT Emea
2,Lotus,mindfreak,PRX,Omen,1.08,172.0,13,13,12,0,87.0,109.0,28.0,5.0,0.0,5.0,KRX,,10,PRX,,13,1,VCT Emea
2,Lotus,something,PRX,Jett,0.97,191.0,16,15,4,1,70.0,118.0,36.0,3.0,4.0,-1.0,KRX,,10,PRX,,13,1,VCT Emea
2,Lotus,d4v41,PRX,Fade,0.93,161.0,12,15,12,-3,74.0,114.0,26.0,1.0,0.0,1.0,KRX,,10,PRX,,13,1,VCT Emea
3,Bind,MaKo,KRX,Brimstone,1.45,277.0,21,15,11,6,83.0,169.0,27.0,3.0,1.0,2.0,KRX,,13,PRX,,10,1,VCT Emea
3,Bind,BuZz,KRX,Raze,1.28,237.0,20,13,2,7,65.0,148.0,19.0,4.0,3.0,1.0,KRX,,13,PRX,,10,1,VCT Emea
3,Bind,Flashback,KRX,Viper,1.01,216.0,17,15,4,2,70.0,136.0,33.0,2.0,1.0,1.0,KRX,,13,PRX,,10,1,VCT Emea
3,Bind,Foxy9,KRX,Gekko,1.0,178.0,14,14,7,0,78.0,114.0,29.0,2.0,3.0,-1.0,KRX,,13,PRX,,10,1,VCT Emea
3,Bind,BeYN,KRX,Fade,0.53,68.0,6,13,3,-7,65.0,52.0,24.0,1.0,3.0,-2.0,KRX,,13,PRX,,10,1,VCT Emea
3,Bind,something,PRX,Gekko,1.22,212.0,16,16,5,0,70.0,142.0,26.0,4.0,1.0,3.0,KRX,,13,PRX,,10,0,VCT Emea
3,Bind,f0rsakeN,PRX,Yoru,1.1,261.0,22,16,0,6,57.0,150.0,30.0,3.0,2.0,1.0,KRX,,13,PRX,,10,0,VCT Emea
3,Bind,mindfreak,PRX,Omen,0.87,150.0,13,15,2,-2,61.0,92.0,24.0,0.0,2.0,-2.0,KRX,,13,PRX,,10,0,VCT Emea
3,Bind,d4v41,PRX,Viper,0.85,168.0,12,14,8,-2,70.0,115.0,31.0,2.0,5.0,-3.0,KRX,,13,PRX,,10,0,VCT Emea
3,Bind,Jinggg,PRX,Raze,0.37,98.0,7,18,3,-11,57.0,70.0,14.0,2.0,2.0,0.0,KRX,,13,PRX,,10,0,VCT Emea
4,Icebox,Flashback,KRX,Killjoy,1.67,265.0,23,12,5,11,78.0,190.0,27.0,3.0,1.0,2.0,KRX,,13,PRX,,10,1,VCT Emea
4,Icebox,Foxy9,KRX,Gekko,1.19,272.0,21,19,8,2,70.0,190.0,29.0,2.0,1.0,1.0,KRX,,13,PRX,,10,1,VCT Emea
4,Icebox,MaKo,KRX,Viper,1.03,203.0,16,16,6,0,70.0,126.0,17.0,3.0,4.0,-1.0,KRX,,13,PRX,,10,1,VCT Emea
4,Icebox,BuZz,KRX,Jett,0.83,209.0,17,18,1,-1,70.0,133.0,14.0,5.0,2.0,3.0,KRX,,13,PRX,,10,1,VCT Emea
4,Icebox,BeYN,KRX,Sova,0.46,123.0,11,19,2,-8,57.0,81.0,27.0,0.0,2.0,-2.0,KRX,,13,PRX,,10,1,VCT Emea
4,Icebox,mindfreak,PRX,Viper,1.16,222.0,19,16,7,3,74.0,145.0,42.0,2.0,0.0,2.0,KRX,,13,PRX,,10,0,VCT Emea
4,Icebox,d4v41,PRX,Killjoy,1.13,197.0,17,14,4,3,87.0,144.0,30.0,0.0,3.0,-3.0,KRX,,13,PRX,,10,0,VCT Emea
4,Icebox,f0rsakeN,PRX,Kayo,0.99,221.0,16,19,21,-3,78.0,147.0,36.0,2.0,0.0,2.0,KRX,,13,PRX,,10,0,VCT Emea
4,Icebox,something,PRX,Jett,0.92,224.0,19,21,1,-2,70.0,142.0,21.0,6.0,3.0,3.0,KRX,,13,PRX,,10,0,VCT Emea
4,Icebox,Jinggg,PRX,Sage,0.64,153.0,13,18,3,-5,61.0,102.0,40.0,0.0,7.0,-7.0,KRX,,13,PRX,,10,0,VCT Emea
5,Ascent,BuZz,KRX,Jett,1.72,319.0,24,12,2,12,85.0,201.0,14.0,2.0,1.0,1.0,KRX,,13,PRX,,7,1,VCT Emea
5,Ascent,MaKo,KRX,Omen,1.38,246.0,20,11,9,9,85.0,150.0,35.0,5.0,1.0,4.0,KRX,,13,PRX,,7,1,VCT Emea
5,Ascent,Foxy9,KRX,Kayo,1.01,191.0,12,12,14,0,90.0,132.0,20.0,1.0,2.0,-1.0,KRX,,13,PRX,,7,1,VCT Emea
5,Ascent,BeYN,KRX,Sova,0.93,180.0,13,13,3,0,70.0,115.0,29.0,3.0,2.0,1.0,KRX,,13,PRX,,7,1,VCT Emea
5,Ascent,Flashback,KRX,Killjoy,0.54,122.0,7,15,7,-8,65.0,87.0,30.0,2.0,1.0,1.0,KRX,,13,PRX,,7,1,VCT Emea
5,Ascent,d4v41,PRX,Skye,1.1,225.0,14,15,14,-1,75.0,162.0,25.0,0.0,1.0,-1.0,KRX,,13,PRX,,7,0,VCT Emea
5,Ascent,f0rsakeN,PRX,Harbor,1.03,215.0,15,16,9,-1,65.0,126.0,15.0,2.0,3.0,-1.0,KRX,,13,PRX,,7,0,VCT Emea
5,Ascent,mindfreak,PRX,Omen,0.93,148.0,14,12,6,2,70.0,88.0,38.0,0.0,1.0,-1.0,KRX,,13,PRX,,7,0,VCT Emea
5,Ascent,something,PRX,Reyna,0.9,177.0,13,15,4,-2,60.0,104.0,22.0,3.0,3.0,0.0,KRX,,13,PRX,,7,0,VCT Emea
5,Ascent,Jinggg,PRX,Raze,0.55,172.0,7,18,9,-11,50.0,125.0,10.0,2.0,5.0,-3.0,KRX,,13,PRX,,7,0,VCT Emea
0,Haven,Karon,GEN,Omen,1.12,240.0,17,14,5,3,74.0,147.0,37.0,3.0,2.0,1.0,GEN,,6,KRX,,13,0,VCT Emea
0,Haven,Lakia,GEN,Skye,0.96,211.0,14,14,4,0,68.0,140.0,32.0,1.0,2.0,-1.0,GEN,,6,KRX,,13,0,VCT Emea
0,Haven,Munchkin,GEN,Viper,0.84,194.0,12,15,7,-3,74.0,136.0,29.0,0.0,1.0,-1.0,GEN,,6,KRX,,13,0,VCT Emea
0,Haven,t3xture,GEN,Jett,0.8,209.0,14,16,3,-2,58.0,120.0,33.0,2.0,4.0,-2.0,GEN,,6,KRX,,13,0,VCT Emea
0,Haven,Meteor,GEN,Killjoy,0.36,88.0,5,14,0,-9,58.0,71.0,26.0,2.0,3.0,-1.0,GEN,,6,KRX,,13,0,VCT Emea
0,Haven,MaKo,KRX,Omen,1.52,243.0,17,11,12,6,79.0,179.0,36.0,1.0,0.0,1.0,GEN,,6,KRX,,13,1,VCT Emea
0,Haven,Flashback,KRX,Cypher,1.4,216.0,16,10,6,6,89.0,164.0,38.0,2.0,1.0,1.0,GEN,,6,KRX,,13,1,VCT Emea
0,Haven,Foxy9,KRX,Breach,1.23,220.0,14,13,11,1,84.0,135.0,41.0,3.0,1.0,2.0,GEN,,6,KRX,,13,1,VCT Emea
0,Haven,BuZz,KRX,Jett,1.22,266.0,19,14,5,5,68.0,170.0,30.0,4.0,3.0,1.0,GEN,,6,KRX,,13,1,VCT Emea
0,Haven,BeYN,KRX,Sova,0.52,84.0,6,14,4,-8,79.0,56.0,12.0,1.0,2.0,-1.0,GEN,,6,KRX,,13,1,VCT Emea
2,Bind,Munchkin,GEN,Viper,1.49,271.0,34,20,17,14,79.0,160.0,23.0,2.0,1.0,1.0,GEN,,18,KRX,,16,1,VCT Emea
2,Bind,Karon,GEN,Brimstone,1.14,220.0,27,23,12,4,79.0,156.0,46.0,1.0,2.0,-1.0,GEN,,18,KRX,,16,1,VCT Emea
2,Bind,t3xture,GEN,Raze,1.08,241.0,27,24,10,3,74.0,183.0,24.0,10.0,2.0,8.0,GEN,,18,KRX,,16,1,VCT Emea
2,Bind,Meteor,GEN,Cypher,1.02,215.0,27,25,8,2,74.0,140.0,34.0,5.0,2.0,3.0,GEN,,18,KRX,,16,1,VCT Emea
2,Bind,Lakia,GEN,Skye,1.01,202.0,24,23,13,1,82.0,122.0,24.0,6.0,3.0,3.0,GEN,,18,KRX,,16,1,VCT Emea
2,Bind,BuZz,KRX,Raze,1.29,280.0,33,27,3,6,62.0,191.0,19.0,5.0,5.0,0.0,GEN,,18,KRX,,16,0,VCT Emea
2,Bind,Flashback,KRX,Viper,1.0,209.0,25,26,14,-1,74.0,131.0,30.0,2.0,2.0,0.0,GEN,,18,KRX,,16,0,VCT Emea
2,Bind,MaKo,KRX,Brimstone,0.72,176.0,19,28,10,-9,65.0,121.0,21.0,0.0,5.0,-5.0,GEN,,18,KRX,,16,0,VCT Emea
2,Bind,BeYN,KRX,Fade,0.69,170.0,19,28,9,-9,68.0,112.0,28.0,1.0,6.0,-5.0,GEN,,18,KRX,,16,0,VCT Emea
2,Bind,Foxy9,KRX,Gekko,0.63,171.0,19,30,12,-11,59.0,109.0,29.0,2.0,6.0,-4.0,GEN,,18,KRX,,16,0,VCT Emea
3,Lotus,Meteor,GEN,Killjoy,1.26,255.0,24,18,8,6,73.0,163.0,22.0,3.0,2.0,1.0,GEN,,14,KRX,,12,1,VCT Emea
3,Lotus,Karon,GEN,Omen,1.19,197.0,19,16,13,3,81.0,131.0,30.0,2.0,2.0,0.0,GEN,,14,KRX,,12,1,VCT Emea
3,Lotus,Munchkin,GEN,Viper,1.09,189.0,15,16,14,-1,88.0,122.0,13.0,2.0,0.0,2.0,GEN,,14,KRX,,12,1,VCT Emea
3,Lotus,t3xture,GEN,Raze,1.03,254.0,24,22,3,2,62.0,171.0,26.0,7.0,7.0,0.0,GEN,,14,KRX,,12,1,VCT Emea
3,Lotus,Lakia,GEN,Fade,0.93,137.0,14,15,14,-1,85.0,85.0,18.0,1.0,0.0,1.0,GEN,,14,KRX,,12,1,VCT Emea
3,Lotus,MaKo,KRX,Omen,1.03,194.0,17,18,10,-1,69.0,143.0,32.0,0.0,2.0,-2.0,GEN,,14,KRX,,12,0,VCT Emea
3,Lotus,BuZz,KRX,Neon,1.01,249.0,21,23,6,-2,77.0,169.0,16.0,4.0,4.0,0.0,GEN,,14,KRX,,12,0,VCT Emea
3,Lotus,Foxy9,KRX,Breach,1.0,207.0,19,20,8,-1,73.0,128.0,45.0,2.0,1.0,1.0,GEN,,14,KRX,,12,0,VCT Emea
3,Lotus,BeYN,KRX,Fade,0.84,169.0,15,18,8,-3,69.0,125.0,24.0,0.0,1.0,-1.0,GEN,,14,KRX,,12,0,VCT Emea
3,Lotus,Flashback,KRX,Chamber,0.79,166.0,15,17,2,-2,65.0,98.0,17.0,5.0,7.0,-2.0,GEN,,14,KRX,,12,0,VCT Emea
4,Icebox,Meteor,GEN,Killjoy,1.59,264.0,20,8,4,12,89.0,181.0,31.0,2.0,1.0,1.0,GEN,,13,KRX,,6,1,VCT Emea
4,Icebox,Lakia,GEN,Gekko,1.38,254.0,16,11,13,5,84.0,178.0,36.0,2.0,2.0,0.0,GEN,,13,KRX,,6,1,VCT Emea
4,Icebox,Munchkin,GEN,Kayo,1.2,156.0,9,7,17,2,89.0,99.0,15.0,0.0,1.0,-1.0,GEN,,13,KRX,,6,1,VCT Emea
4,Icebox,Karon,GEN,Viper,1.2,207.0,14,10,6,4,74.0,123.0,43.0,3.0,0.0,3.0,GEN,,13,KRX,,6,1,VCT Emea
4,Icebox,t3xture,GEN,Jett,1.14,222.0,16,11,3,5,68.0,144.0,34.0,7.0,1.0,6.0,GEN,,13,KRX,,6,1,VCT Emea
4,Icebox,MaKo,KRX,Viper,0.85,181.0,9,15,10,-6,68.0,120.0,24.0,1.0,3.0,-2.0,GEN,,13,KRX,,6,0,VCT Emea
4,Icebox,Flashback,KRX,Killjoy,0.77,177.0,12,16,1,-4,42.0,112.0,32.0,0.0,2.0,-2.0,GEN,,13,KRX,,6,0,VCT Emea
4,Icebox,BeYN,KRX,Sova,0.75,147.0,9,16,3,-7,47.0,91.0,19.0,1.0,3.0,-2.0,GEN,,13,KRX,,6,0,VCT Emea
4,Icebox,BuZz,KRX,Jett,0.68,156.0,11,14,0,-3,47.0,106.0,29.0,1.0,5.0,-4.0,GEN,,13,KRX,,6,0,VCT Emea
4,Icebox,Foxy9,KRX,Gekko,0.46,74.0,6,14,3,-8,58.0,41.0,6.0,2.0,1.0,1.0,GEN,,13,KRX,,6,0,VCT Emea
0,Pearl,dos9,BME,Astra,1.27,221.0,20,16,6,4,75.0,137.0,32.0,1.0,1.0,0.0,BME,,11,T1,,13,0,VCT Emea
0,Pearl,BerserX,BME,Killjoy,1.17,210.0,18,14,4,4,79.0,143.0,22.0,1.0,2.0,-1.0,BME,,11,T1,,13,0,VCT Emea
0,Pearl,Shiro,BME,Kayo,0.84,166.0,13,19,7,-6,67.0,106.0,9.0,1.0,1.0,0.0,BME,,11,T1,,13,0,VCT Emea
0,Pearl,NcSlasher,BME,Fade,0.8,163.0,13,16,5,-3,63.0,106.0,41.0,1.0,3.0,-2.0,BME,,11,T1,,13,0,VCT Emea
0,Pearl,Famouz,BME,Neon,0.59,142.0,11,18,2,-7,54.0,88.0,12.0,3.0,10.0,-7.0,BME,,11,T1,,13,0,VCT Emea
0,Pearl,Meteor,T1,Killjoy,1.37,292.0,25,16,1,9,71.0,195.0,35.0,6.0,0.0,6.0,BME,,11,T1,,13,1,VCT Emea
0,Pearl,stax,T1,Sova,1.07,174.0,16,14,4,2,79.0,114.0,36.0,1.0,1.0,0.0,BME,,11,T1,,13,1,VCT Emea
0,Pearl,BuZz,T1,Neon,1.03,201.0,16,14,7,2,71.0,127.0,23.0,5.0,3.0,2.0,BME,,11,T1,,13,1,VCT Emea
0,Pearl,Sylvan,T1,Astra,0.85,147.0,14,16,11,-2,75.0,97.0,30.0,2.0,0.0,2.0,BME,,11,T1,,13,1,VCT Emea
0,Pearl,iZu,T1,Yoru,0.78,149.0,12,15,5,-3,71.0,109.0,22.0,3.0,3.0,0.0,BME,,11,T1,,13,1,VCT Emea
2,Bind,Shiro,BME,Kayo,1.54,244.0,18,10,15,8,86.0,141.0,28.0,5.0,4.0,1.0,BME,,13,T1,,8,1,VCT Emea
2,Bind,BerserX,BME,Vyse,1.5,283.0,22,11,4,11,76.0,170.0,35.0,3.0,1.0,2.0,BME,,13,T1,,8,1,VCT Emea
2,Bind,Famouz,BME,Raze,1.28,256.0,19,12,5,7,76.0,175.0,18.0,2.0,1.0,1.0,BME,,13,T1,,8,1,VCT Emea
2,Bind,NcSlasher,BME,Fade,1.05,187.0,14,14,13,0,81.0,113.0,38.0,2.0,1.0,1.0,BME,,13,T1,,8,1,VCT Emea
2,Bind,dos9,BME,Brimstone,0.82,132.0,8,14,14,-6,76.0,92.0,32.0,1.0,1.0,0.0,BME,,13,T1,,8,1,VCT Emea
2,Bind,BuZz,T1,Raze,1.26,255.0,20,14,1,6,67.0,159.0,7.0,4.0,3.0,1.0,BME,,13,T1,,8,0,VCT Emea
2,Bind,iZu,T1,Gekko,0.89,178.0,12,17,6,-5,57.0,122.0,37.0,3.0,1.0,2.0,BME,,13,T1,,8,0,VCT Emea
2,Bind,stax,T1,Kayo,0.88,156.0,11,16,10,-5,57.0,114.0,21.0,1.0,1.0,0.0,BME,,13,T1,,8,0,VCT Emea
2,Bind,Sylvan,T1,Brimstone,0.61,137.0,10,18,8,-8,62.0,108.0,21.0,0.0,2.0,-2.0,BME,,13,T1,,8,0,VCT Emea
2,Bind,Meteor,T1,Vyse,0.48,122.0,8,16,3,-8,52.0,80.0,25.0,0.0,6.0,-6.0,BME,,13,T1,,8,0,VCT Emea
3,Fracture,Famouz,BME,Neon,1.59,320.0,24,15,4,9,80.0,178.0,13.0,8.0,2.0,6.0,BME,,7,T1,,13,0,VCT Emea
3,Fracture,dos9,BME,Brimstone,1.12,210.0,14,15,12,-1,90.0,152.0,27.0,1.0,0.0,1.0,BME,,7,T1,,13,0,VCT Emea
3,Fracture,BerserX,BME,Cypher,0.64,139.0,10,16,2,-6,55.0,102.0,23.0,3.0,0.0,3.0,BME,,7,T1,,13,0,VCT Emea
3,Fracture,Shiro,BME,Tejo,0.54,140.0,8,16,7,-8,55.0,99.0,13.0,2.0,2.0,0.0,BME,,7,T1,,13,0,VCT Emea
3,Fracture,NcSlasher,BME,Breach,0.37,83.0,5,17,8,-12,65.0,55.0,8.0,0.0,1.0,-1.0,BME,,7,T1,,13,0,VCT Emea
3,Fracture,Sylvan,T1,Brimstone,1.66,251.0,19,11,13,8,90.0,159.0,26.0,0.0,2.0,-2.0,BME,,7,T1,,13,1,VCT Emea
3,Fracture,iZu,T1,Raze,1.4,287.0,22,12,1,10,80.0,170.0,25.0,1.0,3.0,-2.0,BME,,7,T1,,13,1,VCT Emea
3,Fracture,Meteor,T1,Killjoy,0.97,229.0,16,13,4,3,65.0,155.0,44.0,2.0,4.0,-2.0,BME,,7,T1,,13,1,VCT Emea
3,Fracture,stax,T1,Breach,0.96,135.0,9,11,10,-2,70.0,96.0,17.0,2.0,2.0,0.0,BME,,7,T1,,13,1,VCT Emea
3,Fracture,BuZz,T1,Neon,0.81,186.0,13,15,3,-2,65.0,116.0,29.0,1.0,4.0,-3.0,BME,,7,T1,,13,1,VCT Emea
0,Abyss,Papi,GE,Omen,0.93,185.0,10,11,4,-1,63.0,130.0,45.0,1.0,0.0,1.0,GE,,3,TS,,13,0,VCT Emea
0,Abyss,Deryeon,GE,Astra,0.85,132.0,8,12,6,-4,63.0,79.0,14.0,0.0,2.0,-2.0,GE,,3,TS,,13,0,VCT Emea
0,Abyss,Kr1stal,GE,Sova,0.8,201.0,9,14,6,-5,75.0,145.0,26.0,3.0,1.0,2.0,GE,,3,TS,,13,0,VCT Emea
0,Abyss,kellyS,GE,Kayo,0.66,168.0,8,16,10,-8,63.0,114.0,23.0,0.0,1.0,-1.0,GE,,3,TS,,13,0,VCT Emea
0,Abyss,UdoTan,GE,Jett,0.49,157.0,9,15,1,-6,56.0,92.0,45.0,3.0,5.0,-2.0,GE,,3,TS,,13,0,VCT Emea
0,Abyss,Jremy,TS,Jett,1.69,364.0,21,10,3,11,81.0,229.0,31.0,4.0,3.0,1.0,GE,,3,TS,,13,1,VCT Emea
0,Abyss,2GE,TS,Omen,1.46,271.0,16,10,9,6,100.0,156.0,12.0,3.0,0.0,3.0,GE,,3,TS,,13,1,VCT Emea
0,Abyss,invy,TS,Kayo,1.27,218.0,14,9,8,5,94.0,132.0,48.0,1.0,1.0,0.0,GE,,3,TS,,13,1,VCT Emea
0,Abyss,JessieVash,TS,Sova,1.18,159.0,11,7,8,4,88.0,117.0,50.0,0.0,1.0,-1.0,GE,,3,TS,,13,1,VCT Emea
0,Abyss,Wild0reoo,TS,Cypher,0.85,134.0,6,8,5,-2,75.0,96.0,25.0,1.0,2.0,-1.0,GE,,3,TS,,13,1,VCT Emea
2,Split,UdoTan,GE,Raze,1.46,308.0,21,16,3,5,65.0,185.0,22.0,1.0,3.0,-2.0,GE,,13,TS,,7,1,VCT Emea
2,Split,Kr1stal,GE,Fade,1.4,227.0,17,11,4,6,70.0,156.0,27.0,0.0,4.0,-4.0,GE,,13,TS,,7,1,VCT Emea
2,Split,Papi,GE,Astra,1.3,198.0,16,12,5,4,70.0,122.0,37.0,3.0,0.0,3.0,GE,,13,TS,,7,1,VCT Emea
2,Split,Deryeon,GE,Cypher,0.78,133.0,9,13,5,-4,65.0,94.0,26.0,0.0,4.0,-4.0,GE,,13,TS,,7,1,VCT Emea
2,Split,kellyS,GE,Deadlock,0.73,181.0,12,17,6,-5,60.0,112.0,25.0,3.0,2.0,1.0,GE,,13,TS,,7,1,VCT Emea
2,Split,JessieVash,TS,Cypher,1.04,227.0,16,15,4,1,65.0,161.0,33.0,1.0,1.0,0.0,GE,,13,TS,,7,0,VCT Emea
2,Split,Wild0reoo,TS,Skye,0.97,225.0,17,15,3,2,70.0,147.0,43.0,2.0,0.0,2.0,GE,,13,TS,,7,0,VCT Emea
2,Split,Jremy,TS,Raze,0.93,264.0,18,16,1,2,60.0,162.0,23.0,7.0,1.0,6.0,GE,,13,TS,,7,0,VCT Emea
2,Split,invy,TS,Deadlock,0.61,157.0,11,15,6,-4,75.0,101.0,17.0,1.0,1.0,0.0,GE,,13,TS,,7,0,VCT Emea
2,Split,2GE,TS,Astra,0.55,100.0,7,14,5,-7,55.0,65.0,17.0,2.0,4.0,-2.0,GE,,13,TS,,7,0,VCT Emea
3,Pearl,Papi,GE,Astra,1.42,209.0,15,8,9,7,84.0,132.0,39.0,1.0,0.0,1.0,GE,,13,TS,,6,1,VCT Emea
3,Pearl,Deryeon,GE,Killjoy,1.25,206.0,16,7,0,9,89.0,144.0,27.0,1.0,0.0,1.0,GE,,13,TS,,6,1,VCT Emea
3,Pearl,Kr1stal,GE,Sova,1.18,225.0,14,10,7,4,74.0,155.0,29.0,3.0,3.0,0.0,GE,,13,TS,,6,1,VCT Emea
3,Pearl,kellyS,GE,Vyse,1.13,204.0,13,12,7,1,79.0,143.0,19.0,0.0,2.0,-2.0,GE,,13,TS,,6,1,VCT Emea
3,Pearl,UdoTan,GE,Jett,0.74,168.0,12,13,2,-1,79.0,109.0,19.0,7.0,2.0,5.0,GE,,13,TS,,6,1,VCT Emea
3,Pearl,Jremy,TS,Jett,0.96,186.0,13,12,0,1,53.0,103.0,27.0,3.0,3.0,0.0,GE,,13,TS,,6,0,VCT Emea
3,Pearl,2GE,TS,Astra,0.8,167.0,10,13,5,-3,74.0,101.0,14.0,3.0,2.0,1.0,GE,,13,TS,,6,0,VCT Emea
3,Pearl,JessieVash,TS,Sova,0.79,204.0,12,17,3,-5,47.0,141.0,52.0,1.0,4.0,-3.0,GE,,13,TS,,6,0,VCT Emea
3,Pearl,Wild0reoo,TS,Killjoy,0.77,155.0,9,14,4,-5,74.0,113.0,26.0,0.0,1.0,-1.0,GE,,13,TS,,6,0,VCT Emea
3,Pearl,invy,TS,Kayo,0.68,115.0,6,14,9,-8,79.0,76.0,23.0,0.0,2.0,-2.0,GE,,13,TS,,6,0,VCT Emea
0,Abyss,Meiy,DFM,Jett,1.62,322.0,32,18,1,14,69.0,210.0,40.0,4.0,4.0,0.0,DFM,,14,RRQ,,12,1,VCT Emea
0,Abyss,Jinboong,DFM,Astra,0.89,201.0,19,19,3,0,65.0,127.0,43.0,1.0,4.0,-3.0,DFM,,14,RRQ,,12,1,VCT Emea
0,Abyss,Art,DFM,Sova,0.84,187.0,16,19,5,-3,69.0,119.0,10.0,3.0,4.0,-1.0,DFM,,14,RRQ,,12,1,VCT Emea
0,Abyss,Akame,DFM,Kayo,0.76,156.0,13,20,8,-7,77.0,110.0,36.0,1.0,2.0,-1.0,DFM,,14,RRQ,,12,1,VCT Emea
0,Abyss,gyen,DFM,Omen,0.73,133.0,13,18,8,-5,62.0,93.0,30.0,1.0,2.0,-1.0,DFM,,14,RRQ,,12,1,VCT Emea
0,Abyss,Jemkin,RRQ,Jett,1.34,267.0,25,18,5,7,81.0,169.0,22.0,7.0,3.0,4.0,DFM,,14,RRQ,,12,0,VCT Emea
0,Abyss,Kushy,RRQ,Sova,1.25,222.0,21,17,9,4,77.0,142.0,46.0,2.0,1.0,1.0,DFM,,14,RRQ,,12,0,VCT Emea
0,Abyss,xffero,RRQ,Astra,0.91,164.0,16,18,9,-2,73.0,111.0,34.0,2.0,1.0,1.0,DFM,,14,RRQ,,12,0,VCT Emea
0,Abyss,Monyet,RRQ,Omen,0.88,172.0,18,19,8,-1,65.0,114.0,44.0,2.0,1.0,1.0,DFM,,14,RRQ,,12,0,VCT Emea
0,Abyss,Estrella,RRQ,Kayo,0.76,174.0,14,21,16,-7,77.0,118.0,15.0,3.0,4.0,-1.0,DFM,,14,RRQ,,12,0,VCT Emea
2,Pearl,Jinboong,DFM,Killjoy,0.86,188.0,11,11,0,0,75.0,126.0,31.0,3.0,3.0,0.0,DFM,,3,RRQ,,13,0,VCT Emea
2,Pearl,Art,DFM,Sova,0.85,196.0,11,13,3,-2,56.0,123.0,43.0,1.0,2.0,-1.0,DFM,,3,RRQ,,13,0,VCT Emea
2,Pearl,Meiy,DFM,Yoru,0.6,166.0,10,15,3,-5,75.0,109.0,32.0,2.0,1.0,1.0,DFM,,3,RRQ,,13,0,VCT Emea
2,Pearl,gyen,DFM,Astra,0.5,108.0,4,12,9,-8,69.0,75.0,27.0,1.0,0.0,1.0,DFM,,3,RRQ,,13,0,VCT Emea
2,Pearl,Akame,DFM,Iso,0.36,143.0,8,16,2,-8,63.0,89.0,33.0,0.0,3.0,-3.0,DFM,,3,RRQ,,13,0,VCT Emea
2,Pearl,Kushy,RRQ,Sova,1.59,252.0,15,8,5,7,94.0,184.0,38.0,1.0,0.0,1.0,DFM,,3,RRQ,,13,1,VCT Emea
2,Pearl,Jemkin,RRQ,Jett,1.54,338.0,21,12,1,9,81.0,222.0,38.0,5.0,3.0,2.0,DFM,,3,RRQ,,13,1,VCT Emea
2,Pearl,Estrella,RRQ,Astra,1.53,202.0,14,6,2,8,75.0,138.0,43.0,2.0,2.0,0.0,DFM,,3,RRQ,,13,1,VCT Emea
2,Pearl,Monyet,RRQ,Phoenix,1.04,180.0,10,10,7,0,94.0,118.0,43.0,0.0,0.0,0.0,DFM,,3,RRQ,,13,1,VCT Emea
2,Pearl,xffero,RRQ,Vyse,0.85,120.0,7,8,5,-1,81.0,76.0,25.0,1.0,2.0,-1.0,DFM,,3,RRQ,,13,1,VCT Emea
3,Haven,Akame,DFM,Breach,1.16,261.0,15,13,4,2,75.0,169.0,45.0,3.0,3.0,0.0,DFM,,3,RRQ,,13,0,VCT Emea
3,Haven,gyen,DFM,Omen,0.81,205.0,11,15,3,-4,56.0,140.0,22.0,1.0,3.0,-2.0,DFM,,3,RRQ,,13,0,VCT Emea
3,Haven,Jinboong,DFM,Cypher,0.65,96.0,5,11,2,-6,50.0,77.0,20.0,0.0,1.0,-1.0,DFM,,3,RRQ,,13,0,VCT Emea
3,Haven,Meiy,DFM,Neon,0.6,127.0,7,13,2,-6,56.0,77.0,43.0,2.0,2.0,0.0,DFM,,3,RRQ,,13,0,VCT Emea
3,Haven,Art,DFM,Sova,0.44,137.0,6,14,3,-8,50.0,89.0,22.0,0.0,1.0,-1.0,DFM,,3,RRQ,,13,0,VCT Emea
3,Haven,Jemkin,RRQ,Jett,1.89,385.0,24,9,2,15,69.0,233.0,28.0,4.0,1.0,3.0,DFM,,3,RRQ,,13,1,VCT Emea
3,Haven,Kushy,RRQ,Sova,1.22,215.0,12,7,2,5,69.0,144.0,32.0,1.0,0.0,1.0,DFM,,3,RRQ,,13,1,VCT Emea
3,Haven,xffero,RRQ,Killjoy,1.18,236.0,14,11,3,3,94.0,169.0,39.0,3.0,1.0,2.0,DFM,,3,RRQ,,13,1,VCT Emea
3,Haven,Monyet,RRQ,Omen,1.14,181.0,10,9,14,1,88.0,105.0,29.0,2.0,3.0,-1.0,DFM,,3,RRQ,,13,1,VCT Emea
3,Haven,Estrella,RRQ,Breach,0.88,124.0,6,8,12,-2,88.0,77.0,15.0,0.0,1.0,-1.0,DFM,,3,RRQ,,13,1,VCT Emea
0,Split,SugarZ3ro,ZETA,Omen,1.06,212.0,16,15,9,1,68.0,135.0,46.0,2.0,0.0,2.0,ZETA,,9,NS,,13,0,VCT Emea
0,Split,Dep,ZETA,Raze,1.01,253.0,19,17,3,2,68.0,149.0,15.0,3.0,5.0,-2.0,ZETA,,9,NS,,13,0,VCT Emea
0,Split,Xdll,ZETA,Fade,0.92,189.0,14,16,1,-2,68.0,118.0,45.0,3.0,1.0,2.0,ZETA,,9,NS,,13,0,VCT Emea
0,Split,CLZ,ZETA,Breach,0.83,190.0,14,18,7,-4,73.0,122.0,35.0,0.0,4.0,-4.0,ZETA,,9,NS,,13,0,VCT Emea
0,Split,SyouTa,ZETA,Cypher,0.72,175.0,14,17,3,-3,64.0,107.0,39.0,1.0,3.0,-2.0,ZETA,,9,NS,,13,0,VCT Emea
0,Split,Persia,NS,Astra,1.48,247.0,21,14,8,7,82.0,165.0,24.0,1.0,2.0,-1.0,ZETA,,9,NS,,13,1,VCT Emea
0,Split,Ivy,NS,Fade,1.43,292.0,24,15,5,9,73.0,181.0,31.0,3.0,0.0,3.0,ZETA,,9,NS,,13,1,VCT Emea
0,Split,Francis,NS,Kayo,0.99,178.0,13,15,15,-2,73.0,117.0,15.0,1.0,0.0,1.0,ZETA,,9,NS,,13,1,VCT Emea
0,Split,margaret,NS,Cypher,0.91,171.0,13,16,10,-3,77.0,104.0,25.0,4.0,2.0,2.0,ZETA,,9,NS,,13,1,VCT Emea
0,Split,Dambi,NS,Neon,0.72,186.0,12,17,8,-5,68.0,113.0,8.0,4.0,5.0,-1.0,ZETA,,9,NS,,13,1,VCT Emea
2,Haven,CLZ,ZETA,Breach,1.25,192.0,15,13,9,2,82.0,125.0,40.0,1.0,1.0,0.0,ZETA,,9,NS,,13,0,VCT Emea
2,Haven,Dep,ZETA,Neon,1.03,197.0,15,15,7,0,64.0,119.0,35.0,5.0,3.0,2.0,ZETA,,9,NS,,13,0,VCT Emea
2,Haven,SyouTa,ZETA,Cypher,0.75,161.0,13,19,5,-6,64.0,104.0,40.0,3.0,0.0,3.0,ZETA,,9,NS,,13,0,VCT Emea
2,Haven,SugarZ3ro,ZETA,Omen,0.7,140.0,10,16,8,-6,68.0,99.0,37.0,1.0,2.0,-1.0,ZETA,,9,NS,,13,0,VCT Emea
2,Haven,Xdll,ZETA,Sova,0.57,188.0,13,20,3,-7,55.0,123.0,31.0,1.0,5.0,-4.0,ZETA,,9,NS,,13,0,VCT Emea
2,Haven,Persia,NS,Omen,1.33,225.0,18,12,14,6,86.0,139.0,27.0,3.0,0.0,3.0,ZETA,,9,NS,,13,1,VCT Emea
2,Haven,Francis,NS,Breach,1.26,225.0,18,15,15,3,100.0,146.0,31.0,1.0,3.0,-2.0,ZETA,,9,NS,,13,1,VCT Emea
2,Haven,Ivy,NS,Sova,1.23,208.0,16,12,9,4,82.0,135.0,22.0,2.0,2.0,0.0,ZETA,,9,NS,,13,1,VCT Emea
2,Haven,margaret,NS,Cypher,1.18,159.0,14,9,2,5,86.0,98.0,46.0,2.0,3.0,-1.0,ZETA,,9,NS,,13,1,VCT Emea
2,Haven,Dambi,NS,Neon,0.94,250.0,17,18,11,-1,82.0,154.0,16.0,3.0,3.0,0.0,ZETA,,9,NS,,13,1,VCT Emea
0,Pearl,Dambi,NS,Neon,1.81,317.0,19,8,7,11,88.0,237.0,25.0,6.0,2.0,4.0,NS,,13,BME,,3,1,VCT Emea
0,Pearl,Francis,NS,Sova,1.57,280.0,16,7,6,9,81.0,182.0,29.0,3.0,1.0,2.0,NS,,13,BME,,3,1,VCT Emea
0,Pearl,Persia,NS,Astra,1.55,193.0,12,5,9,7,94.0,122.0,27.0,0.0,0.0,0.0,NS,,13,BME,,3,1,VCT Emea
0,Pearl,Ivy,NS,Vyse,1.12,159.0,11,6,1,5,94.0,97.0,30.0,1.0,1.0,0.0,NS,,13,BME,,3,1,VCT Emea
0,Pearl,margaret,NS,Killjoy,0.86,188.0,11,10,2,1,75.0,143.0,23.0,2.0,0.0,2.0,NS,,13,BME,,3,1,VCT Emea
0,Pearl,BerserX,BME,Killjoy,0.81,173.0,8,14,4,-6,63.0,134.0,20.0,0.0,3.0,-3.0,NS,,13,BME,,3,0,VCT Emea
0,Pearl,NcSlasher,BME,Fade,0.64,146.0,9,13,2,-4,63.0,98.0,40.0,0.0,0.0,0.0,NS,,13,BME,,3,0,VCT Emea
0,Pearl,dos9,BME,Astra,0.58,141.0,8,13,4,-5,56.0,88.0,41.0,0.0,2.0,-2.0,NS,,13,BME,,3,0,VCT Emea
0,Pearl,Famouz,BME,Neon,0.55,166.0,8,14,2,-6,56.0,109.0,10.0,3.0,5.0,-2.0,NS,,13,BME,,3,0,VCT Emea
0,Pearl,Shiro,BME,Kayo,0.34,92.0,3,15,11,-12,69.0,59.0,18.0,1.0,2.0,-1.0,NS,,13,BME,,3,0,VCT Emea
2,Bind,Persia,NS,Brimstone,0.98,223.0,14,16,9,-2,60.0,146.0,23.0,1.0,1.0,0.0,NS,,7,BME,,13,0,VCT Emea
2,Bind,margaret,NS,Vyse,0.77,172.0,12,16,4,-4,65.0,110.0,37.0,2.0,2.0,0.0,NS,,7,BME,,13,0,VCT Emea
2,Bind,Francis,NS,Fade,0.72,160.0,10,15,3,-5,60.0,106.0,26.0,2.0,4.0,-2.0,NS,,7,BME,,13,0,VCT Emea
2,Bind,Ivy,NS,Deadlock,0.69,136.0,11,15,3,-4,65.0,74.0,37.0,1.0,1.0,0.0,NS,,7,BME,,13,0,VCT Emea
2,Bind,Dambi,NS,Raze,0.45,164.0,10,16,3,-6,55.0,108.0,17.0,1.0,4.0,-3.0,NS,,7,BME,,13,0,VCT Emea
2,Bind,dos9,BME,Brimstone,1.48,256.0,18,11,8,7,85.0,148.0,25.0,4.0,0.0,4.0,NS,,7,BME,,13,1,VCT Emea
2,Bind,BerserX,BME,Vyse,1.41,223.0,17,8,3,9,80.0,163.0,35.0,1.0,3.0,-2.0,NS,,7,BME,,13,1,VCT Emea
2,Bind,Famouz,BME,Raze,1.24,249.0,19,13,3,6,85.0,143.0,15.0,3.0,3.0,0.0,NS,,7,BME,,13,1,VCT Emea
2,Bind,Shiro,BME,Kayo,1.17,208.0,14,12,12,2,90.0,137.0,29.0,4.0,1.0,3.0,NS,,7,BME,,13,1,VCT Emea
2,Bind,NcSlasher,BME,Fade,0.63,145.0,10,13,4,-3,70.0,103.0,28.0,0.0,0.0,0.0,NS,,7,BME,,13,1,VCT Emea
3,Lotus,Francis,NS,Fade,1.37,232.0,21,12,9,9,86.0,147.0,27.0,0.0,3.0,-3.0,NS,,13,BME,,9,1,VCT Emea
3,Lotus,Ivy,NS,Viper,1.17,219.0,17,14,10,3,86.0,131.0,31.0,2.0,0.0,2.0,NS,,13,BME,,9,1,VCT Emea
3,Lotus,margaret,NS,Vyse,1.16,201.0,16,13,3,3,77.0,132.0,29.0,3.0,2.0,1.0,NS,,13,BME,,9,1,VCT Emea
3,Lotus,Persia,NS,Omen,1.03,181.0,14,14,15,0,86.0,126.0,15.0,0.0,0.0,0.0,NS,,13,BME,,9,1,VCT Emea
3,Lotus,Dambi,NS,Neon,0.75,201.0,15,18,9,-3,73.0,115.0,13.0,7.0,5.0,2.0,NS,,13,BME,,9,1,VCT Emea
3,Lotus,BerserX,BME,Killjoy,1.24,225.0,17,14,5,3,82.0,155.0,16.0,1.0,2.0,-1.0,NS,,13,BME,,9,0,VCT Emea
3,Lotus,Famouz,BME,Raze,1.01,250.0,16,19,8,-3,77.0,165.0,8.0,5.0,3.0,2.0,NS,,13,BME,,9,0,VCT Emea
3,Lotus,Shiro,BME,Viper,0.97,197.0,16,16,5,0,82.0,130.0,32.0,2.0,2.0,0.0,NS,,13,BME,,9,0,VCT Emea
3,Lotus,NcSlasher,BME,Fade,0.81,161.0,13,17,8,-4,82.0,106.0,30.0,0.0,4.0,-4.0,NS,,13,BME,,9,0,VCT Emea
3,Lotus,dos9,BME,Omen,0.67,121.0,9,17,6,-8,82.0,67.0,15.0,2.0,1.0,1.0,NS,,13,BME,,9,0,VCT Emea
0,Lotus,Monyet,RRQ,Omen,1.32,266.0,22,15,2,7,59.0,172.0,40.0,1.0,2.0,-1.0,RRQ,,9,TS,,13,0,VCT Emea
0,Lotus,Jemkin,RRQ,Raze,1.05,233.0,18,16,1,2,59.0,134.0,33.0,3.0,3.0,0.0,RRQ,,9,TS,,13,0,VCT Emea
0,Lotus,Kushy,RRQ,Fade,0.76,172.0,13,19,9,-6,68.0,110.0,34.0,2.0,2.0,0.0,RRQ,,9,TS,,13,0,VCT Emea
0,Lotus,xffero,RRQ,Vyse,0.63,146.0,9,17,9,-8,68.0,98.0,37.0,3.0,4.0,-1.0,RRQ,,9,TS,,13,0,VCT Emea
0,Lotus,Estrella,RRQ,Viper,0.59,140.0,10,16,7,-6,68.0,85.0,13.0,0.0,2.0,-2.0,RRQ,,9,TS,,13,0,VCT Emea
0,Lotus,invy,TS,Vyse,1.53,291.0,22,15,9,7,91.0,200.0,41.0,4.0,1.0,3.0,RRQ,,9,TS,,13,1,VCT Emea
0,Lotus,JessieVash,TS,Fade,1.48,278.0,22,14,6,8,77.0,192.0,35.0,2.0,1.0,1.0,RRQ,,9,TS,,13,1,VCT Emea
0,Lotus,2GE,TS,Omen,1.23,214.0,18,13,8,5,73.0,131.0,29.0,3.0,1.0,2.0,RRQ,,9,TS,,13,1,VCT Emea
0,Lotus,Wild0reoo,TS,Viper,0.69,121.0,8,13,3,-5,59.0,91.0,32.0,2.0,2.0,0.0,RRQ,,9,TS,,13,1,VCT Emea
0,Lotus,Jremy,TS,Raze,0.6,143.0,12,17,3,-5,59.0,88.0,17.0,2.0,4.0,-2.0,RRQ,,9,TS,,13,1,VCT Emea
2,Pearl,Estrella,RRQ,Astra,1.65,216.0,14,5,12,9,82.0,129.0,37.0,1.0,1.0,0.0,RRQ,,13,TS,,4,1,VCT Emea
2,Pearl,Kushy,RRQ,Sova,1.3,235.0,13,10,4,3,71.0,173.0,48.0,1.0,0.0,1.0,RRQ,,13,TS,,4,1,VCT Emea
2,Pearl,Monyet,RRQ,Phoenix,1.21,242.0,12,9,10,3,76.0,143.0,25.0,3.0,3.0,0.0,RRQ,,13,TS,,4,1,VCT Emea
2,Pearl,xffero,RRQ,Vyse,1.14,236.0,17,10,2,7,82.0,149.0,32.0,2.0,2.0,0.0,RRQ,,13,TS,,4,1,VCT Emea
2,Pearl,Jemkin,RRQ,Jett,0.92,200.0,13,12,3,1,82.0,131.0,19.0,2.0,2.0,0.0,RRQ,,13,TS,,4,1,VCT Emea
2,Pearl,Jremy,TS,Jett,0.93,232.0,14,14,1,0,65.0,152.0,44.0,2.0,2.0,0.0,RRQ,,13,TS,,4,0,VCT Emea
2,Pearl,Wild0reoo,TS,Killjoy,0.78,153.0,8,13,0,-5,59.0,103.0,25.0,4.0,2.0,2.0,RRQ,,13,TS,,4,0,VCT Emea
2,Pearl,JessieVash,TS,Sova,0.67,140.0,9,14,4,-5,47.0,114.0,38.0,1.0,0.0,1.0,RRQ,,13,TS,,4,0,VCT Emea
2,Pearl,invy,TS,Kayo,0.66,155.0,7,15,9,-8,71.0,110.0,30.0,0.0,1.0,-1.0,RRQ,,13,TS,,4,0,VCT Emea
2,Pearl,2GE,TS,Astra,0.65,152.0,8,13,5,-5,71.0,93.0,19.0,1.0,4.0,-3.0,RRQ,,13,TS,,4,0,VCT Emea
3,Haven,Estrella,RRQ,Breach,1.71,278.0,19,7,7,12,76.0,182.0,37.0,0.0,1.0,-1.0,RRQ,,13,TS,,4,1,VCT Emea
3,Haven,Kushy,RRQ,Sova,1.55,303.0,17,9,7,8,88.0,201.0,36.0,3.0,1.0,2.0,RRQ,,13,TS,,4,1,VCT Emea
3,Haven,Monyet,RRQ,Omen,1.28,208.0,15,7,4,8,88.0,131.0,33.0,0.0,1.0,-1.0,RRQ,,13,TS,,4,1,VCT Emea
3,Haven,xffero,RRQ,Killjoy,1.22,177.0,11,6,1,5,88.0,126.0,27.0,2.0,0.0,2.0,RRQ,,13,TS,,4,1,VCT Emea
3,Haven,Jemkin,RRQ,Jett,0.6,156.0,10,14,1,-4,59.0,99.0,55.0,6.0,3.0,3.0,RRQ,,13,TS,,4,1,VCT Emea
3,Haven,JessieVash,TS,Sova,1.42,299.0,17,13,0,4,82.0,196.0,26.0,3.0,0.0,3.0,RRQ,,13,TS,,4,0,VCT Emea
3,Haven,Wild0reoo,TS,Killjoy,0.8,196.0,11,15,1,-4,59.0,126.0,42.0,1.0,1.0,0.0,RRQ,,13,TS,,4,0,VCT Emea
3,Haven,invy,TS,Breach,0.52,107.0,6,15,9,-9,65.0,68.0,42.0,0.0,1.0,-1.0,RRQ,,13,TS,,4,0,VCT Emea
3,Haven,Jremy,TS,Jett,0.37,103.0,5,14,1,-9,53.0,65.0,17.0,1.0,5.0,-4.0,RRQ,,13,TS,,4,0,VCT Emea
3,Haven,2GE,TS,Omen,0.32,92.0,4,15,5,-11,65.0,64.0,4.0,1.0,4.0,-3.0,RRQ,,13,TS,,4,0,VCT Emea
0,Abyss,Kr1stal,GE,Sova,1.04,190.0,14,16,6,-2,71.0,121.0,21.0,3.0,2.0,1.0,GE,,8,DFM,,13,0,VCT Emea
0,Abyss,kellyS,GE,Breach,0.91,190.0,14,17,11,-3,81.0,137.0,27.0,0.0,2.0,-2.0,GE,,8,DFM,,13,0,VCT Emea
0,Abyss,Deryeon,GE,Chamber,0.85,160.0,13,16,4,-3,62.0,112.0,23.0,1.0,3.0,-2.0,GE,,8,DFM,,13,0,VCT Emea
0,Abyss,Papi,GE,Astra,0.74,148.0,11,17,11,-6,76.0,94.0,30.0,1.0,2.0,-1.0,GE,,8,DFM,,13,0,VCT Emea
0,Abyss,UdoTan,GE,Jett,0.63,175.0,12,18,3,-6,62.0,126.0,22.0,2.0,4.0,-2.0,GE,,8,DFM,,13,0,VCT Emea
0,Abyss,Jinboong,DFM,Astra,1.39,284.0,21,13,8,8,76.0,177.0,43.0,3.0,1.0,2.0,GE,,8,DFM,,13,1,VCT Emea
0,Abyss,Meiy,DFM,Jett,1.25,225.0,17,13,6,4,81.0,156.0,30.0,5.0,2.0,3.0,GE,,8,DFM,,13,1,VCT Emea
0,Abyss,gyen,DFM,Omen,1.2,220.0,17,11,3,6,67.0,155.0,33.0,1.0,1.0,0.0,GE,,8,DFM,,13,1,VCT Emea
0,Abyss,Art,DFM,Sova,0.97,148.0,12,12,8,0,86.0,101.0,21.0,2.0,3.0,-1.0,GE,,8,DFM,,13,1,VCT Emea
0,Abyss,Akame,DFM,Kayo,0.9,173.0,12,15,10,-3,86.0,112.0,36.0,2.0,0.0,2.0,GE,,8,DFM,,13,1,VCT Emea
2,Split,kellyS,GE,Deadlock,1.19,253.0,24,19,2,5,62.0,162.0,25.0,6.0,1.0,5.0,GE,,12,DFM,,14,0,VCT Emea
2,Split,Deryeon,GE,Cypher,0.93,169.0,15,18,6,-3,69.0,127.0,26.0,1.0,2.0,-1.0,GE,,12,DFM,,14,0,VCT Emea
2,Split,UdoTan,GE,Raze,0.91,195.0,17,18,6,-1,62.0,129.0,18.0,3.0,9.0,-6.0,GE,,12,DFM,,14,0,VCT Emea
2,Split,Papi,GE,Astra,0.8,126.0,12,17,7,-5,65.0,92.0,39.0,1.0,0.0,1.0,GE,,12,DFM,,14,0,VCT Emea
2,Split,Kr1stal,GE,Fade,0.78,164.0,15,20,11,-5,69.0,114.0,16.0,2.0,1.0,1.0,GE,,12,DFM,,14,0,VCT Emea
2,Split,Akame,DFM,Vyse,1.51,255.0,24,14,5,10,73.0,165.0,43.0,3.0,2.0,1.0,GE,,12,DFM,,14,1,VCT Emea
2,Split,Meiy,DFM,Raze,1.46,305.0,29,17,3,12,77.0,187.0,26.0,6.0,1.0,5.0,GE,,12,DFM,,14,1,VCT Emea
2,Split,Jinboong,DFM,Cypher,0.8,147.0,13,18,6,-5,77.0,95.0,38.0,1.0,1.0,0.0,GE,,12,DFM,,14,1,VCT Emea
2,Split,Art,DFM,Skye,0.78,169.0,15,18,7,-3,73.0,107.0,22.0,1.0,5.0,-4.0,GE,,12,DFM,,14,1,VCT Emea
2,Split,gyen,DFM,Omen,0.74,124.0,11,16,5,-5,58.0,91.0,32.0,2.0,4.0,-2.0,GE,,12,DFM,,14,1,VCT Emea
0,Lotus,something,PRX,Jett,1.58,339.0,21,12,5,9,72.0,196.0,15.0,5.0,2.0,3.0,PRX,,13,ZETA,,5,1,VCT Emea
0,Lotus,d4v41,PRX,Skye,1.23,211.0,14,9,8,5,89.0,158.0,43.0,1.0,0.0,1.0,PRX,,13,ZETA,,5,1,VCT Emea
0,Lotus,Jinggg,PRX,Raze,1.22,217.0,16,9,0,7,72.0,129.0,17.0,1.0,2.0,-1.0,PRX,,13,ZETA,,5,1,VCT Emea
0,Lotus,mindfreak,PRX,Omen,1.04,156.0,10,9,8,1,89.0,104.0,26.0,0.0,0.0,0.0,PRX,,13,ZETA,,5,1,VCT Emea
0,Lotus,f0rsakeN,PRX,Vyse,0.89,184.0,13,11,3,2,78.0,121.0,52.0,4.0,3.0,1.0,PRX,,13,ZETA,,5,1,VCT Emea
0,Lotus,SyouTa,ZETA,Cypher,1.06,219.0,15,15,0,0,61.0,145.0,54.0,2.0,3.0,-1.0,PRX,,13,ZETA,,5,0,VCT Emea
0,Lotus,SugarZ3ro,ZETA,Omen,0.82,193.0,10,16,10,-6,89.0,129.0,28.0,2.0,2.0,0.0,PRX,,13,ZETA,,5,0,VCT Emea
0,Lotus,Xdll,ZETA,Fade,0.75,155.0,10,14,1,-4,50.0,115.0,34.0,1.0,0.0,1.0,PRX,,13,ZETA,,5,0,VCT Emea
0,Lotus,Dep,ZETA,Neon,0.72,169.0,10,14,1,-4,56.0,93.0,48.0,2.0,5.0,-3.0,PRX,,13,ZETA,,5,0,VCT Emea
0,Lotus,CLZ,ZETA,Breach,0.47,90.0,5,15,4,-10,56.0,70.0,35.0,0.0,1.0,-1.0,PRX,,13,ZETA,,5,0,VCT Emea
2,Fracture,f0rsakeN,PRX,Skye,1.7,312.0,23,13,15,10,95.0,193.0,49.0,2.0,0.0,2.0,PRX,,13,ZETA,,8,1,VCT Emea
2,Fracture,d4v41,PRX,Killjoy,1.47,262.0,20,10,3,10,95.0,189.0,28.0,3.0,1.0,2.0,PRX,,13,ZETA,,8,1,VCT Emea
2,Fracture,Jinggg,PRX,Raze,1.17,212.0,17,12,4,5,81.0,153.0,16.0,1.0,4.0,-3.0,PRX,,13,ZETA,,8,1,VCT Emea
2,Fracture,something,PRX,Breach,1.08,240.0,18,14,4,4,71.0,158.0,29.0,4.0,3.0,1.0,PRX,,13,ZETA,,8,1,VCT Emea
2,Fracture,mindfreak,PRX,Brimstone,1.0,179.0,13,13,11,0,81.0,118.0,29.0,3.0,0.0,3.0,PRX,,13,ZETA,,8,1,VCT Emea
2,Fracture,Dep,ZETA,Neon,1.35,289.0,21,17,5,4,67.0,174.0,33.0,2.0,3.0,-1.0,PRX,,13,ZETA,,8,0,VCT Emea
2,Fracture,SugarZ3ro,ZETA,Brimstone,0.63,158.0,11,18,7,-7,67.0,97.0,26.0,0.0,1.0,-1.0,PRX,,13,ZETA,,8,0,VCT Emea
2,Fracture,Xdll,ZETA,Tejo,0.56,164.0,12,20,3,-8,62.0,105.0,21.0,3.0,1.0,2.0,PRX,,13,ZETA,,8,0,VCT Emea
2,Fracture,SyouTa,ZETA,Chamber,0.53,156.0,11,19,1,-8,57.0,106.0,45.0,3.0,5.0,-2.0,PRX,,13,ZETA,,8,0,VCT Emea
2,Fracture,CLZ,ZETA,Breach,0.52,96.0,7,17,7,-10,67.0,59.0,39.0,0.0,3.0,-3.0,PRX,,13,ZETA,,8,0,VCT Emea
0,Abyss,gyen,DFM,Omen,1.84,300.0,27,11,8,16,87.0,187.0,30.0,5.0,0.0,5.0,DFM,,13,PRX,,10,1,VCT Emea
0,Abyss,Meiy,DFM,Jett,1.34,274.0,23,16,3,7,74.0,184.0,37.0,3.0,3.0,0.0,DFM,,13,PRX,,10,1,VCT Emea
0,Abyss,Jinboong,DFM,Astra,0.97,170.0,14,16,8,-2,70.0,107.0,26.0,0.0,5.0,-5.0,DFM,,13,PRX,,10,1,VCT Emea
0,Abyss,Art,DFM,Sova,0.91,185.0,13,17,9,-4,61.0,133.0,28.0,0.0,1.0,-1.0,DFM,,13,PRX,,10,1,VCT Emea
0,Abyss,Akame,DFM,Kayo,0.73,139.0,10,17,15,-7,74.0,88.0,35.0,3.0,3.0,0.0,DFM,,13,PRX,,10,1,VCT Emea
0,Abyss,f0rsakeN,PRX,Sova,1.43,283.0,22,15,8,7,83.0,191.0,36.0,1.0,1.0,0.0,DFM,,13,PRX,,10,0,VCT Emea
0,Abyss,mindfreak,PRX,Omen,0.91,226.0,19,18,7,1,70.0,130.0,28.0,2.0,1.0,1.0,DFM,,13,PRX,,10,0,VCT Emea
0,Abyss,something,PRX,Jett,0.81,183.0,15,19,4,-4,74.0,108.0,20.0,7.0,5.0,2.0,DFM,,13,PRX,,10,0,VCT Emea
0,Abyss,Jinggg,PRX,Cypher,0.75,163.0,14,17,2,-3,70.0,110.0,56.0,2.0,2.0,0.0,DFM,,13,PRX,,10,0,VCT Emea
0,Abyss,d4v41,PRX,Kayo,0.53,112.0,7,18,16,-11,65.0,84.0,25.0,0.0,2.0,-2.0,DFM,,13,PRX,,10,0,VCT Emea
2,Pearl,Meiy,DFM,Jett,1.76,379.0,19,10,7,9,100.0,260.0,30.0,4.0,0.0,4.0,DFM,,13,PRX,,1,1,VCT Emea
2,Pearl,Akame,DFM,Kayo,1.56,266.0,14,7,6,7,100.0,156.0,13.0,2.0,0.0,2.0,DFM,,13,PRX,,1,1,VCT Emea
2,Pearl,Jinboong,DFM,Killjoy,1.46,195.0,12,5,1,7,100.0,146.0,28.0,1.0,2.0,-1.0,DFM,,13,PRX,,1,1,VCT Emea
2,Pearl,Art,DFM,Tejo,1.28,225.0,12,7,5,5,86.0,149.0,18.0,1.0,0.0,1.0,DFM,,13,PRX,,1,1,VCT Emea
2,Pearl,gyen,DFM,Astra,0.84,165.0,9,10,7,-1,79.0,83.0,11.0,3.0,1.0,2.0,DFM,,13,PRX,,1,1,VCT Emea
2,Pearl,something,PRX,Jett,0.96,200.0,10,11,1,-1,64.0,135.0,32.0,0.0,2.0,-2.0,DFM,,13,PRX,,1,0,VCT Emea
2,Pearl,Jinggg,PRX,Phoenix,0.82,237.0,10,13,5,-3,50.0,165.0,26.0,2.0,3.0,-1.0,DFM,,13,PRX,,1,0,VCT Emea
2,Pearl,d4v41,PRX,Sova,0.59,144.0,6,14,4,-8,64.0,97.0,38.0,0.0,1.0,-1.0,DFM,,13,PRX,,1,0,VCT Emea
2,Pearl,f0rsakeN,PRX,Killjoy,0.48,169.0,8,14,1,-6,57.0,125.0,19.0,1.0,3.0,-2.0,DFM,,13,PRX,,1,0,VCT Emea
2,Pearl,mindfreak,PRX,Astra,0.24,96.0,5,14,4,-9,50.0,57.0,27.0,0.0,2.0,-2.0,DFM,,13,PRX,,1,0,VCT Emea
0,Fracture,Francis,NS,Tejo,1.15,210.0,18,17,6,1,69.0,145.0,22.0,1.0,0.0,1.0,NS,,12,RRQ,,14,0,VCT Emea
0,Fracture,Dambi,NS,Raze,1.12,255.0,23,21,5,2,73.0,161.0,31.0,10.0,5.0,5.0,NS,,12,RRQ,,14,0,VCT Emea
0,Fracture,Ivy,NS,Breach,1.05,151.0,14,17,15,-3,77.0,93.0,27.0,0.0,1.0,-1.0,NS,,12,RRQ,,14,0,VCT Emea
0,Fracture,margaret,NS,Cypher,0.58,122.0,10,19,5,-9,54.0,81.0,24.0,4.0,2.0,2.0,NS,,12,RRQ,,14,0,VCT Emea
0,Fracture,Persia,NS,Brimstone,0.49,121.0,10,20,8,-10,69.0,86.0,29.0,0.0,3.0,-3.0,NS,,12,RRQ,,14,0,VCT Emea
0,Fracture,Jemkin,RRQ,Brimstone,1.41,263.0,24,14,15,10,81.0,175.0,33.0,3.0,2.0,1.0,NS,,12,RRQ,,14,1,VCT Emea
0,Fracture,Estrella,RRQ,Breach,1.3,191.0,20,14,10,6,88.0,148.0,44.0,1.0,0.0,1.0,NS,,12,RRQ,,14,1,VCT Emea
0,Fracture,xffero,RRQ,Killjoy,1.29,263.0,23,16,7,7,81.0,184.0,23.0,3.0,4.0,-1.0,NS,,12,RRQ,,14,1,VCT Emea
0,Fracture,Kushy,RRQ,Sova,0.95,155.0,13,16,8,-3,69.0,115.0,35.0,2.0,2.0,0.0,NS,,12,RRQ,,14,1,VCT Emea
0,Fracture,Monyet,RRQ,Neon,0.86,135.0,14,15,6,-1,69.0,86.0,23.0,2.0,7.0,-5.0,NS,,12,RRQ,,14,1,VCT Emea
2,Lotus,Persia,NS,Omen,1.26,244.0,35,27,19,8,79.0,154.0,29.0,5.0,1.0,4.0,NS,,22,RRQ,,20,1,VCT Emea
2,Lotus,margaret,NS,Vyse,1.24,224.0,31,26,13,5,71.0,157.0,34.0,5.0,2.0,3.0,NS,,22,RRQ,,20,1,VCT Emea
2,Lotus,Ivy,NS,Astra,1.14,225.0,35,28,14,7,79.0,140.0,35.0,4.0,4.0,0.0,NS,,22,RRQ,,20,1,VCT Emea
2,Lotus,Dambi,NS,Neon,0.8,186.0,26,33,13,-7,64.0,116.0,24.0,8.0,8.0,0.0,NS,,22,RRQ,,20,1,VCT Emea
2,Lotus,Francis,NS,Fade,0.78,175.0,23,30,15,-7,74.0,119.0,15.0,3.0,2.0,1.0,NS,,22,RRQ,,20,1,VCT Emea
2,Lotus,Jemkin,RRQ,Raze,1.29,277.0,38,29,12,9,81.0,180.0,21.0,6.0,9.0,-3.0,NS,,22,RRQ,,20,0,VCT Emea
2,Lotus,Estrella,RRQ,Omen,1.08,203.0,28,29,19,-1,81.0,131.0,27.0,4.0,3.0,1.0,NS,,22,RRQ,,20,0,VCT Emea
2,Lotus,xffero,RRQ,Vyse,1.05,194.0,31,28,11,3,69.0,121.0,18.0,2.0,4.0,-2.0,NS,,22,RRQ,,20,0,VCT Emea
2,Lotus,Monyet,RRQ,Viper,0.92,198.0,27,31,9,-4,76.0,136.0,30.0,4.0,4.0,0.0,NS,,22,RRQ,,20,0,VCT Emea
2,Lotus,Kushy,RRQ,Fade,0.69,153.0,20,33,20,-13,69.0,99.0,15.0,1.0,5.0,-4.0,NS,,22,RRQ,,20,0,VCT Emea
3,Pearl,Francis,NS,Tejo,1.44,327.0,23,16,10,7,76.0,242.0,21.0,2.0,0.0,2.0,NS,,13,RRQ,,8,1,VCT Emea
3,Pearl,Ivy,NS,Sova,1.28,202.0,17,11,6,6,67.0,142.0,19.0,2.0,3.0,-1.0,NS,,13,RRQ,,8,1,VCT Emea
3,Pearl,Persia,NS,Astra,1.17,156.0,12,9,9,3,81.0,109.0,30.0,1.0,0.0,1.0,NS,,13,RRQ,,8,1,VCT Emea
3,Pearl,margaret,NS,Vyse,1.07,211.0,15,15,7,0,81.0,137.0,31.0,4.0,1.0,3.0,NS,,13,RRQ,,8,1,VCT Emea
3,Pearl,Dambi,NS,Neon,0.91,232.0,17,18,8,-1,86.0,140.0,20.0,5.0,3.0,2.0,NS,,13,RRQ,,8,1,VCT Emea
3,Pearl,Kushy,RRQ,Sova,1.22,235.0,20,16,3,4,76.0,159.0,41.0,1.0,1.0,0.0,NS,,13,RRQ,,8,0,VCT Emea
3,Pearl,Estrella,RRQ,Astra,0.97,157.0,10,16,13,-6,71.0,112.0,26.0,0.0,0.0,0.0,NS,,13,RRQ,,8,0,VCT Emea
3,Pearl,xffero,RRQ,Vyse,0.81,186.0,13,16,8,-3,71.0,127.0,35.0,0.0,1.0,-1.0,NS,,13,RRQ,,8,0,VCT Emea
3,Pearl,Monyet,RRQ,Phoenix,0.76,182.0,12,18,8,-6,67.0,125.0,25.0,1.0,2.0,-1.0,NS,,13,RRQ,,8,0,VCT Emea
3,Pearl,Jemkin,RRQ,Jett,0.69,190.0,14,18,3,-4,57.0,117.0,25.0,5.0,10.0,-5.0,NS,,13,RRQ,,8,0,VCT Emea
0,Lotus,MaKo,KRX,Omen,1.28,269.0,22,18,8,4,88.0,170.0,35.0,5.0,1.0,4.0,KRX,,13,NS,,11,1,VCT Emea
0,Lotus,free1ng,KRX,Tejo,1.24,221.0,21,14,5,7,79.0,147.0,37.0,1.0,1.0,0.0,KRX,,13,NS,,11,1,VCT Emea
0,Lotus,HYUNMIN,KRX,Raze,1.2,296.0,25,18,2,7,83.0,197.0,32.0,7.0,3.0,4.0,KRX,,13,NS,,11,1,VCT Emea
0,Lotus,BeYN,KRX,Fade,0.9,153.0,13,15,7,-2,79.0,106.0,30.0,0.0,1.0,-1.0,KRX,,13,NS,,11,1,VCT Emea
0,Lotus,Flashback,KRX,Viper,0.5,128.0,8,18,7,-10,75.0,90.0,29.0,0.0,5.0,-5.0,KRX,,13,NS,,11,1,VCT Emea
0,Lotus,Ivy,NS,Viper,1.17,222.0,16,17,18,-1,92.0,137.0,30.0,1.0,2.0,-1.0,KRX,,13,NS,,11,0,VCT Emea
0,Lotus,Francis,NS,Fade,1.13,224.0,18,18,10,0,75.0,137.0,31.0,4.0,1.0,3.0,KRX,,13,NS,,11,0,VCT Emea
0,Lotus,margaret,NS,Cypher,1.03,179.0,16,15,6,1,71.0,109.0,20.0,3.0,2.0,1.0,KRX,,13,NS,,11,0,VCT Emea
0,Lotus,Persia,NS,Omen,0.97,185.0,16,18,12,-2,71.0,113.0,31.0,0.0,1.0,-1.0,KRX,,13,NS,,11,0,VCT Emea
0,Lotus,Dambi,NS,Neon,0.64,180.0,17,21,8,-4,79.0,94.0,18.0,3.0,7.0,-4.0,KRX,,13,NS,,11,0,VCT Emea
2,Pearl,HYUNMIN,KRX,Jett,1.18,261.0,16,14,6,2,79.0,161.0,22.0,5.0,3.0,2.0,KRX,,6,NS,,13,0,VCT Emea
2,Pearl,free1ng,KRX,Tejo,1.02,247.0,15,16,5,-1,68.0,164.0,27.0,3.0,1.0,2.0,KRX,,6,NS,,13,0,VCT Emea
2,Pearl,Flashback,KRX,Killjoy,0.94,208.0,13,13,4,0,84.0,152.0,19.0,0.0,0.0,0.0,KRX,,6,NS,,13,0,VCT Emea
2,Pearl,BeYN,KRX,Sova,0.69,114.0,7,13,4,-6,68.0,72.0,28.0,0.0,2.0,-2.0,KRX,,6,NS,,13,0,VCT Emea
2,Pearl,MaKo,KRX,Astra,0.52,135.0,9,14,4,-5,63.0,91.0,25.0,2.0,3.0,-1.0,KRX,,6,NS,,13,0,VCT Emea
2,Pearl,Ivy,NS,Vyse,1.41,225.0,17,9,3,8,74.0,139.0,26.0,2.0,1.0,1.0,KRX,,6,NS,,13,1,VCT Emea
2,Pearl,Francis,NS,Skye,1.23,209.0,14,12,10,2,89.0,132.0,19.0,2.0,1.0,1.0,KRX,,6,NS,,13,1,VCT Emea
2,Pearl,Persia,NS,Astra,1.07,161.0,11,10,8,1,74.0,105.0,35.0,0.0,2.0,-2.0,KRX,,6,NS,,13,1,VCT Emea
2,Pearl,margaret,NS,Killjoy,0.98,224.0,17,13,1,4,74.0,135.0,37.0,1.0,2.0,-1.0,KRX,,6,NS,,13,1,VCT Emea
2,Pearl,Dambi,NS,Neon,0.76,190.0,11,16,10,-5,84.0,128.0,18.0,4.0,4.0,0.0,KRX,,6,NS,,13,1,VCT Emea
3,Fracture,free1ng,KRX,Tejo,1.22,239.0,22,14,3,8,82.0,144.0,29.0,2.0,1.0,1.0,KRX,,13,NS,,9,1,VCT Emea
3,Fracture,Flashback,KRX,Killjoy,1.17,214.0,18,13,4,5,77.0,149.0,14.0,3.0,2.0,1.0,KRX,,13,NS,,9,1,VCT Emea
3,Fracture,MaKo,KRX,Brimstone,1.15,232.0,15,16,14,-1,86.0,143.0,15.0,2.0,2.0,0.0,KRX,,13,NS,,9,1,VCT Emea
3,Fracture,HYUNMIN,KRX,Raze,1.1,227.0,17,16,4,1,82.0,166.0,19.0,5.0,3.0,2.0,KRX,,13,NS,,9,1,VCT Emea
3,Fracture,BeYN,KRX,Breach,0.84,152.0,12,15,11,-3,82.0,108.0,17.0,1.0,1.0,0.0,KRX,,13,NS,,9,1,VCT Emea
3,Fracture,Francis,NS,Breach,1.37,248.0,20,15,10,5,86.0,176.0,36.0,1.0,2.0,-1.0,KRX,,13,NS,,9,0,VCT Emea
3,Fracture,Persia,NS,Brimstone,0.94,175.0,12,15,16,-3,82.0,109.0,37.0,1.0,3.0,-2.0,KRX,,13,NS,,9,0,VCT Emea
3,Fracture,Dambi,NS,Neon,0.84,246.0,16,21,8,-5,73.0,149.0,26.0,4.0,5.0,-1.0,KRX,,13,NS,,9,0,VCT Emea
3,Fracture,Ivy,NS,Tejo,0.82,173.0,12,16,6,-4,82.0,120.0,24.0,1.0,0.0,1.0,KRX,,13,NS,,9,0,VCT Emea
3,Fracture,margaret,NS,Killjoy,0.75,169.0,14,17,2,-3,64.0,126.0,22.0,2.0,3.0,-1.0,KRX,,13,NS,,9,0,VCT Emea
0,Fracture,yoman,GEN,Sova,0.91,171.0,11,15,2,-4,47.0,120.0,23.0,0.0,0.0,0.0,GEN,,6,RRQ,,13,0,VCT Emea
0,Fracture,Karon,GEN,Brimstone,0.84,133.0,8,14,10,-6,58.0,94.0,35.0,0.0,2.0,-2.0,GEN,,6,RRQ,,13,0,VCT Emea
0,Fracture,Munchkin,GEN,Breach,0.65,181.0,13,18,3,-5,58.0,135.0,21.0,0.0,2.0,-2.0,GEN,,6,RRQ,,13,0,VCT Emea
0,Fracture,Foxy9,GEN,Killjoy,0.62,181.0,13,17,0,-4,58.0,114.0,32.0,3.0,2.0,1.0,GEN,,6,RRQ,,13,0,VCT Emea
0,Fracture,t3xture,GEN,Raze,0.6,174.0,11,17,1,-6,58.0,114.0,13.0,4.0,6.0,-2.0,GEN,,6,RRQ,,13,0,VCT Emea
0,Fracture,Kushy,RRQ,Sova,1.53,272.0,19,10,7,9,84.0,174.0,30.0,2.0,1.0,1.0,GEN,,6,RRQ,,13,1,VCT Emea
0,Fracture,Estrella,RRQ,Breach,1.25,195.0,13,10,14,3,84.0,147.0,32.0,2.0,2.0,0.0,GEN,,6,RRQ,,13,1,VCT Emea
0,Fracture,Monyet,RRQ,Neon,1.18,227.0,17,12,3,5,79.0,142.0,25.0,2.0,1.0,1.0,GEN,,6,RRQ,,13,1,VCT Emea
0,Fracture,xffero,RRQ,Killjoy,1.17,211.0,16,11,2,5,84.0,133.0,17.0,3.0,2.0,1.0,GEN,,6,RRQ,,13,1,VCT Emea
0,Fracture,Jemkin,RRQ,Brimstone,1.16,245.0,16,13,8,3,84.0,144.0,32.0,3.0,1.0,2.0,GEN,,6,RRQ,,13,1,VCT Emea
2,Lotus,Foxy9,GEN,Killjoy,1.45,272.0,20,13,4,7,62.0,164.0,36.0,1.0,0.0,1.0,GEN,,13,RRQ,,8,1,VCT Emea
2,Lotus,Karon,GEN,Omen,1.33,204.0,17,10,6,7,86.0,120.0,21.0,1.0,3.0,-2.0,GEN,,13,RRQ,,8,1,VCT Emea
2,Lotus,t3xture,GEN,Raze,1.14,246.0,20,14,2,6,71.0,156.0,24.0,6.0,4.0,2.0,GEN,,13,RRQ,,8,1,VCT Emea
2,Lotus,yoman,GEN,Fade,0.88,150.0,9,11,10,-2,81.0,96.0,28.0,1.0,1.0,0.0,GEN,,13,RRQ,,8,1,VCT Emea
2,Lotus,Munchkin,GEN,Viper,0.71,122.0,9,13,5,-4,71.0,79.0,15.0,3.0,1.0,2.0,GEN,,13,RRQ,,8,1,VCT Emea
2,Lotus,Kushy,RRQ,Fade,1.1,201.0,15,14,8,1,62.0,126.0,44.0,1.0,3.0,-2.0,GEN,,13,RRQ,,8,0,VCT Emea
2,Lotus,Monyet,RRQ,Omen,0.96,179.0,14,15,5,-1,62.0,125.0,33.0,1.0,3.0,-2.0,GEN,,13,RRQ,,8,0,VCT Emea
2,Lotus,Jemkin,RRQ,Raze,0.92,205.0,13,16,7,-3,76.0,135.0,18.0,3.0,4.0,-1.0,GEN,,13,RRQ,,8,0,VCT Emea
2,Lotus,Estrella,RRQ,Viper,0.82,145.0,11,14,5,-3,62.0,102.0,58.0,2.0,2.0,0.0,GEN,,13,RRQ,,8,0,VCT Emea
2,Lotus,xffero,RRQ,Vyse,0.6,104.0,8,16,5,-8,62.0,69.0,45.0,2.0,0.0,2.0,GEN,,13,RRQ,,8,0,VCT Emea
3,Haven,Munchkin,GEN,Viper,1.25,240.0,21,16,6,5,69.0,151.0,28.0,2.0,1.0,1.0,GEN,,14,RRQ,,12,1,VCT Emea
3,Haven,Karon,GEN,Omen,1.18,215.0,19,16,8,3,73.0,156.0,27.0,1.0,5.0,-4.0,GEN,,14,RRQ,,12,1,VCT Emea
3,Haven,t3xture,GEN,Neon,1.1,226.0,22,18,5,4,58.0,140.0,28.0,3.0,9.0,-6.0,GEN,,14,RRQ,,12,1,VCT Emea
3,Haven,Foxy9,GEN,Killjoy,0.8,177.0,16,19,2,-3,62.0,113.0,44.0,1.0,2.0,-1.0,GEN,,14,RRQ,,12,1,VCT Emea
3,Haven,yoman,GEN,Sova,0.65,94.0,8,16,8,-8,65.0,66.0,27.0,0.0,2.0,-2.0,GEN,,14,RRQ,,12,1,VCT Emea
3,Haven,Jemkin,RRQ,Jett,1.47,330.0,29,19,2,10,85.0,210.0,30.0,12.0,1.0,11.0,GEN,,14,RRQ,,12,0,VCT Emea
3,Haven,Kushy,RRQ,Sova,1.24,251.0,22,16,4,6,77.0,162.0,40.0,5.0,0.0,5.0,GEN,,14,RRQ,,12,0,VCT Emea
3,Haven,Estrella,RRQ,Breach,0.79,152.0,14,20,8,-6,73.0,97.0,47.0,2.0,0.0,2.0,GEN,,14,RRQ,,12,0,VCT Emea
3,Haven,xffero,RRQ,Killjoy,0.79,130.0,12,16,6,-4,62.0,96.0,29.0,0.0,2.0,-2.0,GEN,,14,RRQ,,12,0,VCT Emea
3,Haven,Monyet,RRQ,Omen,0.65,85.0,8,15,11,-7,62.0,57.0,43.0,0.0,4.0,-4.0,GEN,,14,RRQ,,12,0,VCT Emea
0,Split,JitBoyS,TLN,Astra,1.13,225.0,15,15,10,0,74.0,128.0,41.0,2.0,1.0,1.0,TLN,,6,GE,,13,0,VCT Emea
0,Split,ban,TLN,Yoru,0.92,199.0,15,13,2,2,58.0,111.0,52.0,3.0,4.0,-1.0,TLN,,6,GE,,13,0,VCT Emea
0,Split,primmie,TLN,Tejo,0.72,180.0,11,15,4,-4,68.0,120.0,33.0,0.0,0.0,0.0,TLN,,6,GE,,13,0,VCT Emea
0,Split,Crws,TLN,Breach,0.62,178.0,11,17,4,-6,63.0,122.0,44.0,1.0,1.0,0.0,TLN,,6,GE,,13,0,VCT Emea
0,Split,Governor,TLN,Raze,0.46,115.0,7,15,2,-8,63.0,74.0,23.0,2.0,5.0,-3.0,TLN,,6,GE,,13,0,VCT Emea
0,Split,UdoTan,GE,Raze,1.62,318.0,23,13,2,10,79.0,202.0,28.0,3.0,2.0,1.0,TLN,,6,GE,,13,1,VCT Emea
0,Split,Kr1stal,GE,Fade,1.59,261.0,19,9,5,10,79.0,157.0,20.0,2.0,2.0,0.0,TLN,,6,GE,,13,1,VCT Emea
0,Split,Papi,GE,Astra,1.25,224.0,16,12,11,4,79.0,146.0,55.0,3.0,1.0,2.0,TLN,,6,GE,,13,1,VCT Emea
0,Split,Deryeon,GE,Cypher,0.81,114.0,8,11,4,-3,74.0,85.0,33.0,2.0,0.0,2.0,TLN,,6,GE,,13,1,VCT Emea
0,Split,kellyS,GE,Deadlock,0.74,146.0,9,14,6,-5,58.0,97.0,17.0,1.0,3.0,-2.0,TLN,,6,GE,,13,1,VCT Emea
2,Abyss,JitBoyS,TLN,Astra,1.26,232.0,19,12,4,7,77.0,154.0,42.0,5.0,2.0,3.0,TLN,,13,GE,,9,1,VCT Emea
2,Abyss,primmie,TLN,Deadlock,1.01,205.0,16,13,4,3,91.0,127.0,57.0,2.0,0.0,2.0,TLN,,13,GE,,9,1,VCT Emea
2,Abyss,Crws,TLN,Sova,0.89,110.0,9,10,3,-1,68.0,84.0,24.0,0.0,0.0,0.0,TLN,,13,GE,,9,1,VCT Emea
2,Abyss,Governor,TLN,Neon,0.85,200.0,15,15,2,0,59.0,115.0,20.0,5.0,3.0,2.0,TLN,,13,GE,,9,1,VCT Emea
2,Abyss,ban,TLN,Viper,0.84,164.0,12,14,4,-2,68.0,121.0,42.0,1.0,3.0,-2.0,TLN,,13,GE,,9,1,VCT Emea
2,Abyss,UdoTan,GE,Jett,1.22,263.0,20,15,3,5,68.0,165.0,40.0,1.0,4.0,-3.0,TLN,,13,GE,,9,0,VCT Emea
2,Abyss,Kr1stal,GE,Sova,1.19,200.0,15,12,3,3,77.0,139.0,29.0,2.0,1.0,1.0,TLN,,13,GE,,9,0,VCT Emea
2,Abyss,Papi,GE,Astra,0.87,132.0,10,12,2,-2,77.0,92.0,43.0,1.0,2.0,-1.0,TLN,,13,GE,,9,0,VCT Emea
2,Abyss,kellyS,GE,Breach,0.78,136.0,10,14,4,-4,68.0,83.0,48.0,1.0,1.0,0.0,TLN,,13,GE,,9,0,VCT Emea
2,Abyss,Deryeon,GE,Chamber,0.42,102.0,8,18,2,-10,45.0,65.0,25.0,3.0,5.0,-2.0,TLN,,13,GE,,9,0,VCT Emea
3,Lotus,primmie,TLN,Clove,1.55,289.0,23,11,6,12,81.0,175.0,28.0,2.0,1.0,1.0,TLN,,13,GE,,8,1,VCT Emea
3,Lotus,Governor,TLN,Raze,1.11,223.0,16,13,7,3,81.0,144.0,28.0,5.0,4.0,1.0,TLN,,13,GE,,8,1,VCT Emea
3,Lotus,JitBoyS,TLN,Omen,0.96,185.0,16,15,3,1,62.0,112.0,31.0,1.0,3.0,-2.0,TLN,,13,GE,,8,1,VCT Emea
3,Lotus,ban,TLN,Deadlock,0.83,164.0,12,13,5,-1,71.0,109.0,39.0,2.0,3.0,-1.0,TLN,,13,GE,,8,1,VCT Emea
3,Lotus,Crws,TLN,Fade,0.76,117.0,6,10,11,-4,67.0,89.0,23.0,0.0,0.0,0.0,TLN,,13,GE,,8,1,VCT Emea
3,Lotus,Deryeon,GE,Chamber,1.28,226.0,18,12,2,6,71.0,146.0,37.0,3.0,3.0,0.0,TLN,,13,GE,,8,0,VCT Emea
3,Lotus,Kr1stal,GE,Tejo,0.89,190.0,12,15,4,-3,62.0,136.0,27.0,2.0,0.0,2.0,TLN,,13,GE,,8,0,VCT Emea
3,Lotus,Papi,GE,Astra,0.78,170.0,13,15,3,-2,67.0,110.0,29.0,2.0,2.0,0.0,TLN,,13,GE,,8,0,VCT Emea
3,Lotus,UdoTan,GE,Deadlock,0.72,159.0,11,17,2,-6,57.0,96.0,36.0,2.0,3.0,-1.0,TLN,,13,GE,,8,0,VCT Emea
3,Lotus,kellyS,GE,Vyse,0.58,123.0,7,14,6,-7,67.0,88.0,32.0,2.0,2.0,0.0,TLN,,13,GE,,8,0,VCT Emea
0,Bind,mindfreak,PRX,Brimstone,1.01,187.0,12,14,4,-2,53.0,114.0,42.0,1.0,2.0,-1.0,PRX,,6,T1,,13,0,VCT Emea
0,Bind,Jinggg,PRX,Raze,0.88,236.0,14,17,3,-3,58.0,146.0,9.0,2.0,7.0,-5.0,PRX,,6,T1,,13,0,VCT Emea
0,Bind,f0rsakeN,PRX,Deadlock,0.84,145.0,9,14,8,-5,68.0,85.0,26.0,0.0,1.0,-1.0,PRX,,6,T1,,13,0,VCT Emea
0,Bind,something,PRX,Fade,0.71,147.0,9,15,6,-6,68.0,95.0,31.0,1.0,1.0,0.0,PRX,,6,T1,,13,0,VCT Emea
0,Bind,d4v41,PRX,Clove,0.7,165.0,10,16,6,-6,74.0,113.0,29.0,2.0,2.0,0.0,PRX,,6,T1,,13,0,VCT Emea
0,Bind,BuZz,T1,Raze,1.57,322.0,23,11,3,12,89.0,203.0,24.0,4.0,0.0,4.0,PRX,,6,T1,,13,1,VCT Emea
0,Bind,Sylvan,T1,Brimstone,1.3,209.0,14,10,15,4,84.0,142.0,32.0,1.0,2.0,-1.0,PRX,,6,T1,,13,1,VCT Emea
0,Bind,stax,T1,Kayo,1.11,197.0,11,10,15,1,79.0,133.0,21.0,2.0,1.0,1.0,PRX,,6,T1,,13,1,VCT Emea
0,Bind,iZu,T1,Gekko,1.04,190.0,13,11,5,2,84.0,125.0,24.0,3.0,1.0,2.0,PRX,,6,T1,,13,1,VCT Emea
0,Bind,Meteor,T1,Vyse,0.98,185.0,14,12,2,2,74.0,109.0,41.0,3.0,2.0,1.0,PRX,,6,T1,,13,1,VCT Emea
2,Fracture,f0rsakeN,PRX,Tejo,1.72,302.0,24,11,6,13,81.0,205.0,40.0,3.0,1.0,2.0,PRX,,13,T1,,8,1,VCT Emea
2,Fracture,Jinggg,PRX,Raze,1.5,269.0,21,12,3,9,81.0,190.0,24.0,4.0,2.0,2.0,PRX,,13,T1,,8,1,VCT Emea
2,Fracture,mindfreak,PRX,Brimstone,0.9,133.0,7,13,18,-6,76.0,90.0,41.0,0.0,1.0,-1.0,PRX,,13,T1,,8,1,VCT Emea
2,Fracture,something,PRX,Breach,0.89,160.0,13,12,7,1,81.0,107.0,29.0,1.0,3.0,-2.0,PRX,,13,T1,,8,1,VCT Emea
2,Fracture,d4v41,PRX,Killjoy,0.83,189.0,13,14,3,-1,76.0,135.0,24.0,2.0,4.0,-2.0,PRX,,13,T1,,8,1,VCT Emea
2,Fracture,Meteor,T1,Killjoy,1.08,255.0,19,19,4,0,86.0,172.0,23.0,3.0,1.0,2.0,PRX,,13,T1,,8,0,VCT Emea
2,Fracture,BuZz,T1,Neon,0.95,165.0,14,14,1,0,48.0,107.0,36.0,3.0,2.0,1.0,PRX,,13,T1,,8,0,VCT Emea
2,Fracture,stax,T1,Breach,0.92,170.0,11,14,7,-3,67.0,109.0,15.0,1.0,1.0,0.0,PRX,,13,T1,,8,0,VCT Emea
2,Fracture,iZu,T1,Raze,0.79,154.0,11,16,3,-5,62.0,103.0,13.0,2.0,2.0,0.0,PRX,,13,T1,,8,0,VCT Emea
2,Fracture,Sylvan,T1,Brimstone,0.62,117.0,7,15,14,-8,81.0,75.0,15.0,2.0,4.0,-2.0,PRX,,13,T1,,8,0,VCT Emea
3,Split,d4v41,PRX,Sage,1.47,275.0,27,17,4,10,88.0,182.0,38.0,1.0,0.0,1.0,PRX,,11,T1,,13,0,VCT Emea
3,Split,mindfreak,PRX,Omen,1.0,203.0,16,18,10,-2,67.0,139.0,25.0,0.0,0.0,0.0,PRX,,11,T1,,13,0,VCT Emea
3,Split,something,PRX,Jett,0.92,204.0,17,19,4,-2,71.0,130.0,18.0,4.0,4.0,0.0,PRX,,11,T1,,13,0,VCT Emea
3,Split,Jinggg,PRX,Raze,0.91,193.0,16,18,6,-2,75.0,124.0,15.0,8.0,2.0,6.0,PRX,,11,T1,,13,0,VCT Emea
3,Split,f0rsakeN,PRX,Skye,0.56,156.0,12,23,12,-11,75.0,103.0,20.0,2.0,3.0,-1.0,PRX,,11,T1,,13,0,VCT Emea
3,Split,stax,T1,Skye,1.64,285.0,24,13,10,11,83.0,201.0,31.0,1.0,3.0,-2.0,PRX,,11,T1,,13,1,VCT Emea
3,Split,iZu,T1,Viper,1.13,235.0,18,19,11,-1,75.0,174.0,33.0,1.0,3.0,-2.0,PRX,,11,T1,,13,1,VCT Emea
3,Split,BuZz,T1,Raze,0.9,227.0,18,21,7,-3,67.0,153.0,13.0,3.0,4.0,-1.0,PRX,,11,T1,,13,1,VCT Emea
3,Split,Sylvan,T1,Omen,0.89,205.0,17,18,10,-1,75.0,129.0,30.0,1.0,2.0,-1.0,PRX,,11,T1,,13,1,VCT Emea
3,Split,Meteor,T1,Chamber,0.83,191.0,18,17,1,1,54.0,117.0,34.0,3.0,3.0,0.0,PRX,,11,T1,,13,1,VCT Emea
0,Fracture,BuZz,T1,Raze,1.58,287.0,21,12,4,9,89.0,190.0,12.0,4.0,0.0,4.0,T1,,13,TLN,,5,1,VCT Emea
0,Fracture,iZu,T1,Tejo,1.5,175.0,13,5,6,8,100.0,134.0,32.0,2.0,0.0,2.0,T1,,13,TLN,,5,1,VCT Emea
0,Fracture,Meteor,T1,Cypher,1.15,235.0,15,13,7,2,67.0,171.0,25.0,3.0,2.0,1.0,T1,,13,TLN,,5,1,VCT Emea
0,Fracture,Sylvan,T1,Brimstone,1.12,269.0,14,12,12,2,83.0,198.0,21.0,4.0,2.0,2.0,T1,,13,TLN,,5,1,VCT Emea
0,Fracture,stax,T1,Breach,1.06,115.0,8,8,15,0,83.0,73.0,28.0,0.0,1.0,-1.0,T1,,13,TLN,,5,1,VCT Emea
0,Fracture,primmie,TLN,Tejo,1.09,214.0,14,13,1,1,61.0,145.0,29.0,0.0,2.0,-2.0,T1,,13,TLN,,5,0,VCT Emea
0,Fracture,JitBoyS,TLN,Brimstone,0.82,149.0,9,14,11,-5,89.0,92.0,56.0,0.0,2.0,-2.0,T1,,13,TLN,,5,0,VCT Emea
0,Fracture,Crws,TLN,Breach,0.73,173.0,10,14,4,-4,56.0,103.0,13.0,1.0,1.0,0.0,T1,,13,TLN,,5,0,VCT Emea
0,Fracture,ban,TLN,Deadlock,0.65,152.0,10,15,3,-5,67.0,103.0,28.0,1.0,1.0,0.0,T1,,13,TLN,,5,0,VCT Emea
0,Fracture,Governor,TLN,Raze,0.4,115.0,7,15,0,-8,50.0,70.0,21.0,3.0,7.0,-4.0,T1,,13,TLN,,5,0,VCT Emea
2,Bind,BuZz,T1,Raze,0.8,207.0,9,15,5,-6,47.0,156.0,19.0,2.0,3.0,-1.0,T1,,4,TLN,,13,0,VCT Emea
2,Bind,Meteor,T1,Vyse,0.78,225.0,13,16,2,-3,47.0,139.0,34.0,2.0,2.0,0.0,T1,,4,TLN,,13,0,VCT Emea
2,Bind,iZu,T1,Gekko,0.75,164.0,11,15,3,-4,71.0,102.0,29.0,0.0,3.0,-3.0,T1,,4,TLN,,13,0,VCT Emea
2,Bind,stax,T1,Kayo,0.66,122.0,7,14,5,-7,65.0,89.0,56.0,0.0,0.0,0.0,T1,,4,TLN,,13,0,VCT Emea
2,Bind,Sylvan,T1,Brimstone,0.43,106.0,5,14,4,-9,71.0,69.0,21.0,0.0,5.0,-5.0,T1,,4,TLN,,13,0,VCT Emea
2,Bind,ban,TLN,Gekko,1.78,308.0,19,5,5,14,88.0,196.0,45.0,2.0,0.0,2.0,T1,,4,TLN,,13,1,VCT Emea
2,Bind,Governor,TLN,Raze,1.28,285.0,18,9,0,9,76.0,159.0,18.0,6.0,3.0,3.0,T1,,4,TLN,,13,1,VCT Emea
2,Bind,primmie,TLN,Deadlock,1.21,193.0,14,10,1,4,82.0,130.0,46.0,1.0,1.0,0.0,T1,,4,TLN,,13,1,VCT Emea
2,Bind,JitBoyS,TLN,Astra,1.06,214.0,14,11,4,3,88.0,139.0,32.0,3.0,0.0,3.0,T1,,4,TLN,,13,1,VCT Emea
2,Bind,Crws,TLN,Fade,0.89,134.0,9,10,2,-1,82.0,89.0,20.0,1.0,0.0,1.0,T1,,4,TLN,,13,1,VCT Emea
3,Haven,BuZz,T1,Yoru,1.58,258.0,22,12,8,10,86.0,176.0,35.0,7.0,2.0,5.0,T1,,13,TLN,,9,1,VCT Emea
3,Haven,iZu,T1,Cypher,1.1,199.0,17,12,3,5,77.0,141.0,33.0,1.0,2.0,-1.0,T1,,13,TLN,,9,1,VCT Emea
3,Haven,stax,T1,Sova,0.99,179.0,13,14,6,-1,68.0,131.0,20.0,2.0,1.0,1.0,T1,,13,TLN,,9,1,VCT Emea
3,Haven,Sylvan,T1,Omen,0.92,146.0,11,14,11,-3,68.0,101.0,38.0,0.0,1.0,-1.0,T1,,13,TLN,,9,1,VCT Emea
3,Haven,Meteor,T1,Iso,0.9,226.0,17,17,4,0,68.0,162.0,41.0,3.0,3.0,0.0,T1,,13,TLN,,9,1,VCT Emea
3,Haven,JitBoyS,TLN,Omen,1.14,189.0,15,16,8,-1,77.0,145.0,25.0,0.0,1.0,-1.0,T1,,13,TLN,,9,0,VCT Emea
3,Haven,ban,TLN,Cypher,1.09,197.0,16,14,5,2,59.0,121.0,30.0,5.0,4.0,1.0,T1,,13,TLN,,9,0,VCT Emea
3,Haven,primmie,TLN,Jett,1.02,213.0,17,16,0,1,64.0,131.0,23.0,3.0,1.0,2.0,T1,,13,TLN,,9,0,VCT Emea
3,Haven,Governor,TLN,Sova,0.92,188.0,13,16,5,-3,59.0,141.0,33.0,1.0,2.0,-1.0,T1,,13,TLN,,9,0,VCT Emea
3,Haven,Crws,TLN,Breach,0.44,104.0,8,18,9,-10,55.0,60.0,19.0,0.0,5.0,-5.0,T1,,13,TLN,,9,0,VCT Emea
0,Abyss,t3xture,GEN,Jett,1.0,241.0,20,17,0,3,55.0,131.0,28.0,5.0,4.0,1.0,GEN,,9,KRX,,13,0,VCT Emea
0,Abyss,Karon,GEN,Omen,0.93,190.0,14,17,14,-3,68.0,109.0,40.0,1.0,2.0,-1.0,GEN,,9,KRX,,13,0,VCT Emea
0,Abyss,yoman,GEN,Sova,0.86,144.0,11,13,4,-2,55.0,109.0,31.0,1.0,2.0,-1.0,GEN,,9,KRX,,13,0,VCT Emea
0,Abyss,Munchkin,GEN,Kayo,0.75,170.0,11,17,11,-6,77.0,118.0,18.0,1.0,2.0,-1.0,GEN,,9,KRX,,13,0,VCT Emea
0,Abyss,Foxy9,GEN,Cypher,0.59,131.0,10,17,2,-7,55.0,78.0,32.0,2.0,2.0,0.0,GEN,,9,KRX,,13,0,VCT Emea
0,Abyss,BeYN,KRX,Sova,1.67,271.0,23,11,8,12,86.0,181.0,59.0,1.0,0.0,1.0,GEN,,9,KRX,,13,1,VCT Emea
0,Abyss,free1ng,KRX,Tejo,1.49,247.0,20,13,7,7,86.0,159.0,20.0,3.0,1.0,2.0,GEN,,9,KRX,,13,1,VCT Emea
0,Abyss,MaKo,KRX,Astra,1.13,161.0,12,13,11,-1,77.0,122.0,17.0,1.0,2.0,-1.0,GEN,,9,KRX,,13,1,VCT Emea
0,Abyss,HYUNMIN,KRX,Jett,0.87,200.0,15,15,4,0,55.0,150.0,50.0,3.0,4.0,-1.0,GEN,,9,KRX,,13,1,VCT Emea
0,Abyss,Flashback,KRX,Cypher,0.76,148.0,11,14,2,-3,68.0,95.0,31.0,4.0,3.0,1.0,GEN,,9,KRX,,13,1,VCT Emea
2,Bind,Foxy9,GEN,Gekko,1.15,238.0,23,21,4,2,64.0,164.0,49.0,4.0,1.0,3.0,GEN,,13,KRX,,15,0,VCT Emea
2,Bind,yoman,GEN,Fade,1.1,189.0,19,20,6,-1,71.0,113.0,31.0,1.0,2.0,-1.0,GEN,,13,KRX,,15,0,VCT Emea
2,Bind,Karon,GEN,Brimstone,0.9,139.0,13,17,12,-4,71.0,97.0,29.0,0.0,1.0,-1.0,GEN,,13,KRX,,15,0,VCT Emea
2,Bind,Munchkin,GEN,Viper,0.81,170.0,15,21,11,-6,71.0,113.0,19.0,1.0,4.0,-3.0,GEN,,13,KRX,,15,0,VCT Emea
2,Bind,t3xture,GEN,Raze,0.58,168.0,16,25,3,-9,54.0,113.0,22.0,4.0,10.0,-6.0,GEN,,13,KRX,,15,0,VCT Emea
2,Bind,free1ng,KRX,Tejo,1.34,252.0,27,15,3,12,82.0,149.0,49.0,5.0,2.0,3.0,GEN,,13,KRX,,15,1,VCT Emea
2,Bind,Flashback,KRX,Viper,1.21,236.0,21,17,12,4,82.0,154.0,27.0,5.0,3.0,2.0,GEN,,13,KRX,,15,1,VCT Emea
2,Bind,MaKo,KRX,Brimstone,1.14,207.0,19,17,16,2,75.0,134.0,37.0,0.0,1.0,-1.0,GEN,,13,KRX,,15,1,VCT Emea
2,Bind,HYUNMIN,KRX,Raze,1.04,211.0,20,18,8,2,96.0,141.0,25.0,5.0,1.0,4.0,GEN,,13,KRX,,15,1,VCT Emea
2,Bind,BeYN,KRX,Kayo,0.86,163.0,17,19,12,-2,75.0,120.0,30.0,3.0,3.0,0.0,GEN,,13,KRX,,15,1,VCT Emea
0,Lotus,primmie,TLN,Clove,1.43,266.0,23,16,5,7,73.0,184.0,38.0,1.0,2.0,-1.0,TLN,,9,NS,,13,0,VCT Emea
0,Lotus,JitBoyS,TLN,Omen,0.95,197.0,15,17,9,-2,68.0,121.0,20.0,4.0,2.0,2.0,TLN,,9,NS,,13,0,VCT Emea
0,Lotus,ban,TLN,Deadlock,0.76,169.0,14,17,3,-3,55.0,107.0,32.0,0.0,3.0,-3.0,TLN,,9,NS,,13,0,VCT Emea
0,Lotus,Governor,TLN,Raze,0.75,163.0,12,17,4,-5,77.0,114.0,15.0,3.0,6.0,-3.0,TLN,,9,NS,,13,0,VCT Emea
0,Lotus,Crws,TLN,Fade,0.66,147.0,9,17,7,-8,73.0,98.0,16.0,0.0,1.0,-1.0,TLN,,9,NS,,13,0,VCT Emea
0,Lotus,Ivy,NS,Astra,1.33,200.0,17,11,10,6,82.0,129.0,44.0,1.0,0.0,1.0,TLN,,9,NS,,13,1,VCT Emea
0,Lotus,Francis,NS,Fade,1.26,259.0,18,15,10,3,77.0,188.0,26.0,2.0,1.0,1.0,TLN,,9,NS,,13,1,VCT Emea
0,Lotus,Persia,NS,Omen,1.07,218.0,17,15,9,2,82.0,140.0,30.0,2.0,2.0,0.0,TLN,,9,NS,,13,1,VCT Emea
0,Lotus,Dambi,NS,Neon,1.02,237.0,18,17,10,1,77.0,151.0,24.0,4.0,3.0,1.0,TLN,,9,NS,,13,1,VCT Emea
0,Lotus,margaret,NS,Vyse,0.96,170.0,13,15,8,-2,77.0,111.0,24.0,5.0,2.0,3.0,TLN,,9,NS,,13,1,VCT Emea
2,Bind,JitBoyS,TLN,Astra,1.43,221.0,19,12,7,7,78.0,162.0,43.0,2.0,0.0,2.0,TLN,,13,NS,,10,1,VCT Emea
2,Bind,Crws,TLN,Fade,1.42,279.0,24,13,6,11,78.0,159.0,35.0,4.0,3.0,1.0,TLN,,13,NS,,10,1,VCT Emea
2,Bind,primmie,TLN,Deadlock,1.06,171.0,16,12,3,4,78.0,127.0,34.0,0.0,2.0,-2.0,TLN,,13,NS,,10,1,VCT Emea
2,Bind,ban,TLN,Gekko,0.77,187.0,14,17,8,-3,78.0,122.0,27.0,3.0,3.0,0.0,TLN,,13,NS,,10,1,VCT Emea
2,Bind,Governor,TLN,Raze,0.55,130.0,8,18,5,-10,65.0,89.0,5.0,3.0,3.0,0.0,TLN,,13,NS,,10,1,VCT Emea
2,Bind,margaret,NS,Viper,1.14,220.0,17,16,6,1,78.0,150.0,30.0,5.0,1.0,4.0,TLN,,13,NS,,10,0,VCT Emea
2,Bind,Ivy,NS,Vyse,0.96,170.0,15,15,3,0,74.0,111.0,31.0,0.0,1.0,-1.0,TLN,,13,NS,,10,0,VCT Emea
2,Bind,Persia,NS,Brimstone,0.95,175.0,13,16,11,-3,91.0,112.0,28.0,1.0,1.0,0.0,TLN,,13,NS,,10,0,VCT Emea
2,Bind,Dambi,NS,Neon,0.79,184.0,13,18,6,-5,61.0,121.0,23.0,3.0,4.0,-1.0,TLN,,13,NS,,10,0,VCT Emea
2,Bind,Francis,NS,Fade,0.73,161.0,14,16,3,-2,61.0,99.0,21.0,2.0,5.0,-3.0,TLN,,13,NS,,10,0,VCT Emea
3,Split,primmie,TLN,Deadlock,2.0,365.0,25,9,9,16,94.0,232.0,51.0,1.0,1.0,0.0,TLN,,13,NS,,5,1,VCT Emea
3,Split,JitBoyS,TLN,Astra,1.78,258.0,19,5,5,14,83.0,157.0,31.0,1.0,0.0,1.0,TLN,,13,NS,,5,1,VCT Emea
3,Split,Governor,TLN,Raze,1.16,258.0,16,12,4,4,72.0,160.0,21.0,4.0,4.0,0.0,TLN,,13,NS,,5,1,VCT Emea
3,Split,Crws,TLN,Skye,0.72,124.0,8,12,12,-4,89.0,73.0,24.0,2.0,2.0,0.0,TLN,,13,NS,,5,1,VCT Emea
3,Split,ban,TLN,Cypher,0.56,102.0,5,11,5,-6,72.0,65.0,23.0,1.0,2.0,-1.0,TLN,,13,NS,,5,1,VCT Emea
3,Split,Persia,NS,Astra,0.96,173.0,11,12,4,-1,50.0,108.0,22.0,2.0,3.0,-1.0,TLN,,13,NS,,5,0,VCT Emea
3,Split,Dambi,NS,Neon,0.87,231.0,12,16,5,-4,67.0,157.0,28.0,4.0,2.0,2.0,TLN,,13,NS,,5,0,VCT Emea
3,Split,Francis,NS,Tejo,0.77,175.0,9,16,4,-7,61.0,120.0,23.0,0.0,1.0,-1.0,TLN,,13,NS,,5,0,VCT Emea
3,Split,Ivy,NS,Breach,0.73,159.0,10,14,9,-4,72.0,90.0,36.0,2.0,0.0,2.0,TLN,,13,NS,,5,0,VCT Emea
3,Split,margaret,NS,Cypher,0.47,120.0,7,15,4,-8,61.0,94.0,19.0,1.0,3.0,-2.0,TLN,,13,NS,,5,0,VCT Emea
0,Abyss,yoman,GEN,Sova,1.34,193.0,14,7,6,7,84.0,126.0,38.0,0.0,0.0,0.0,GEN,,13,DFM,,6,1,VCT Emea
0,Abyss,Munchkin,GEN,Kayo,1.32,222.0,14,10,14,4,79.0,138.0,43.0,3.0,1.0,2.0,GEN,,13,DFM,,6,1,VCT Emea
0,Abyss,Karon,GEN,Omen,1.25,216.0,17,11,5,6,63.0,161.0,52.0,0.0,2.0,-2.0,GEN,,13,DFM,,6,1,VCT Emea
0,Abyss,t3xture,GEN,Jett,1.08,264.0,18,13,2,5,58.0,157.0,26.0,5.0,7.0,-2.0,GEN,,13,DFM,,6,1,VCT Emea
0,Abyss,Foxy9,GEN,Cypher,0.94,139.0,9,11,6,-2,63.0,98.0,42.0,0.0,1.0,-1.0,GEN,,13,DFM,,6,1,VCT Emea
0,Abyss,Akame,DFM,Kayo,1.19,236.0,14,13,6,1,68.0,172.0,22.0,3.0,0.0,3.0,GEN,,13,DFM,,6,0,VCT Emea
0,Abyss,Meiy,DFM,Jett,0.89,189.0,12,14,1,-2,58.0,122.0,31.0,4.0,3.0,1.0,GEN,,13,DFM,,6,0,VCT Emea
0,Abyss,Art,DFM,Sova,0.88,195.0,10,15,4,-5,63.0,137.0,26.0,4.0,1.0,3.0,GEN,,13,DFM,,6,0,VCT Emea
0,Abyss,gyen,DFM,Omen,0.7,130.0,10,14,3,-4,63.0,73.0,33.0,0.0,1.0,-1.0,GEN,,13,DFM,,6,0,VCT Emea
0,Abyss,Jinboong,DFM,Astra,0.47,106.0,6,16,9,-10,58.0,68.0,33.0,0.0,3.0,-3.0,GEN,,13,DFM,,6,0,VCT Emea
2,Lotus,Foxy9,GEN,Killjoy,1.42,259.0,19,9,1,10,79.0,189.0,41.0,1.0,3.0,-2.0,GEN,,13,DFM,,6,1,VCT Emea
2,Lotus,Munchkin,GEN,Viper,1.39,248.0,17,8,1,9,74.0,159.0,27.0,4.0,2.0,2.0,GEN,,13,DFM,,6,1,VCT Emea
2,Lotus,Karon,GEN,Omen,1.04,179.0,13,12,9,1,84.0,125.0,42.0,0.0,2.0,-2.0,GEN,,13,DFM,,6,1,VCT Emea
2,Lotus,yoman,GEN,Fade,1.0,170.0,12,10,3,2,74.0,97.0,44.0,1.0,0.0,1.0,GEN,,13,DFM,,6,1,VCT Emea
2,Lotus,t3xture,GEN,Raze,0.92,173.0,12,11,3,1,79.0,116.0,30.0,5.0,1.0,4.0,GEN,,13,DFM,,6,1,VCT Emea
2,Lotus,Jinboong,DFM,Fade,0.94,139.0,10,12,4,-2,63.0,85.0,43.0,2.0,1.0,1.0,GEN,,13,DFM,,6,0,VCT Emea
2,Lotus,Akame,DFM,Vyse,0.86,188.0,13,16,2,-3,68.0,116.0,23.0,2.0,1.0,1.0,GEN,,13,DFM,,6,0,VCT Emea
2,Lotus,Meiy,DFM,Raze,0.83,177.0,10,15,3,-5,58.0,121.0,14.0,2.0,4.0,-2.0,GEN,,13,DFM,,6,0,VCT Emea
2,Lotus,Art,DFM,Omen,0.73,151.0,9,15,10,-6,68.0,88.0,4.0,2.0,4.0,-2.0,GEN,,13,DFM,,6,0,VCT Emea
2,Lotus,gyen,DFM,Astra,0.64,127.0,8,15,5,-7,58.0,79.0,17.0,0.0,1.0,-1.0,GEN,,13,DFM,,6,0,VCT Emea
0,Lotus,iZu,T1,Cypher,1.42,259.0,22,13,3,9,88.0,165.0,37.0,3.0,2.0,1.0,T1,,13,KRX,,11,1,VCT Emea
0,Lotus,Meteor,T1,Iso,1.26,236.0,22,16,4,6,75.0,165.0,36.0,3.0,1.0,2.0,T1,,13,KRX,,11,1,VCT Emea
0,Lotus,BuZz,T1,Raze,1.13,299.0,23,21,4,2,67.0,199.0,16.0,7.0,3.0,4.0,T1,,13,KRX,,11,1,VCT Emea
0,Lotus,stax,T1,Sova,1.01,165.0,14,14,10,0,83.0,103.0,15.0,1.0,0.0,1.0,T1,,13,KRX,,11,1,VCT Emea
0,Lotus,carpe,T1,Omen,0.79,122.0,11,16,13,-5,67.0,93.0,50.0,1.0,3.0,-2.0,T1,,13,KRX,,11,1,VCT Emea
0,Lotus,MaKo,KRX,Omen,1.2,212.0,19,15,10,4,75.0,133.0,21.0,1.0,3.0,-2.0,T1,,13,KRX,,11,0,VCT Emea
0,Lotus,HYUNMIN,KRX,Raze,1.05,254.0,21,20,5,1,54.0,173.0,20.0,3.0,4.0,-1.0,T1,,13,KRX,,11,0,VCT Emea
0,Lotus,free1ng,KRX,Tejo,1.05,224.0,19,20,6,-1,67.0,143.0,25.0,5.0,1.0,4.0,T1,,13,KRX,,11,0,VCT Emea
0,Lotus,BeYN,KRX,Fade,0.78,169.0,13,19,8,-6,67.0,123.0,24.0,0.0,1.0,-1.0,T1,,13,KRX,,11,0,VCT Emea
0,Lotus,Flashback,KRX,Vyse,0.44,102.0,8,18,5,-10,63.0,67.0,27.0,0.0,6.0,-6.0,T1,,13,KRX,,11,0,VCT Emea
2,Haven,iZu,T1,Cypher,1.05,189.0,19,17,3,2,64.0,127.0,36.0,0.0,3.0,-3.0,T1,,13,KRX,,15,0,VCT Emea
2,Haven,Meteor,T1,Iso,1.03,243.0,23,21,5,2,71.0,172.0,37.0,2.0,3.0,-1.0,T1,,13,KRX,,15,0,VCT Emea
2,Haven,BuZz,T1,Yoru,0.98,226.0,21,21,9,0,68.0,140.0,37.0,6.0,6.0,0.0,T1,,13,KRX,,15,0,VCT Emea
2,Haven,carpe,T1,Omen,0.84,161.0,15,21,13,-6,64.0,111.0,47.0,3.0,1.0,2.0,T1,,13,KRX,,15,0,VCT Emea
2,Haven,stax,T1,Sova,0.7,148.0,15,21,4,-6,64.0,95.0,26.0,1.0,3.0,-2.0,T1,,13,KRX,,15,0,VCT Emea
2,Haven,free1ng,KRX,Tejo,1.31,277.0,28,19,7,9,75.0,191.0,33.0,2.0,1.0,1.0,T1,,13,KRX,,15,1,VCT Emea
2,Haven,HYUNMIN,KRX,Jett,1.2,262.0,25,21,3,4,82.0,174.0,37.0,5.0,5.0,0.0,T1,,13,KRX,,15,1,VCT Emea
2,Haven,MaKo,KRX,Omen,1.15,196.0,19,17,12,2,82.0,125.0,25.0,4.0,3.0,1.0,T1,,13,KRX,,15,1,VCT Emea
2,Haven,Flashback,KRX,Cypher,1.11,180.0,17,16,8,1,79.0,113.0,22.0,4.0,3.0,1.0,T1,,13,KRX,,15,1,VCT Emea
2,Haven,BeYN,KRX,Sova,0.64,120.0,12,20,3,-8,64.0,79.0,27.0,1.0,0.0,1.0,T1,,13,KRX,,15,1,VCT Emea
3,Fracture,BuZz,T1,Raze,1.38,292.0,23,17,4,6,78.0,180.0,23.0,5.0,3.0,2.0,T1,,10,KRX,,13,0,VCT Emea
3,Fracture,carpe,T1,Brimstone,1.08,207.0,17,17,12,0,70.0,135.0,47.0,0.0,2.0,-2.0,T1,,10,KRX,,13,0,VCT Emea
3,Fracture,iZu,T1,Tejo,0.99,192.0,15,15,6,0,70.0,135.0,31.0,2.0,1.0,1.0,T1,,10,KRX,,13,0,VCT Emea
3,Fracture,stax,T1,Breach,0.83,148.0,11,17,14,-6,70.0,98.0,32.0,1.0,1.0,0.0,T1,,10,KRX,,13,0,VCT Emea
3,Fracture,Meteor,T1,Cypher,0.73,169.0,13,18,6,-5,74.0,117.0,30.0,2.0,6.0,-4.0,T1,,10,KRX,,13,0,VCT Emea
3,Fracture,HYUNMIN,KRX,Raze,1.44,294.0,24,17,5,7,74.0,197.0,25.0,9.0,2.0,7.0,T1,,10,KRX,,13,1,VCT Emea
3,Fracture,MaKo,KRX,Brimstone,1.43,282.0,25,15,10,10,83.0,164.0,27.0,3.0,1.0,2.0,T1,,10,KRX,,13,1,VCT Emea
3,Fracture,BeYN,KRX,Breach,0.98,161.0,13,14,17,-1,78.0,97.0,23.0,1.0,2.0,-1.0,T1,,10,KRX,,13,1,VCT Emea
3,Fracture,Flashback,KRX,Vyse,0.8,146.0,14,15,3,-1,52.0,82.0,26.0,0.0,4.0,-4.0,T1,,10,KRX,,13,1,VCT Emea
3,Fracture,free1ng,KRX,Tejo,0.53,120.0,8,18,8,-10,78.0,100.0,20.0,0.0,1.0,-1.0,T1,,10,KRX,,13,1,VCT Emea
0,Bind,primmie,TLN,Deadlock,1.11,239.0,19,16,3,3,65.0,136.0,31.0,1.0,2.0,-1.0,TLN,,7,GEN,,13,0,VCT Emea
0,Bind,ban,TLN,Gekko,0.84,176.0,12,15,0,-3,55.0,107.0,33.0,2.0,3.0,-1.0,TLN,,7,GEN,,13,0,VCT Emea
0,Bind,Crws,TLN,Fade,0.79,147.0,10,15,6,-5,75.0,99.0,41.0,2.0,0.0,2.0,TLN,,7,GEN,,13,0,VCT Emea
0,Bind,JitBoyS,TLN,Astra,0.48,79.0,5,15,5,-10,45.0,48.0,50.0,1.0,2.0,-1.0,TLN,,7,GEN,,13,0,VCT Emea
0,Bind,Governor,TLN,Raze,0.38,125.0,8,18,4,-10,50.0,89.0,19.0,3.0,4.0,-1.0,TLN,,7,GEN,,13,0,VCT Emea
0,Bind,Karon,GEN,Brimstone,1.78,308.0,24,9,10,15,90.0,185.0,40.0,4.0,0.0,4.0,TLN,,7,GEN,,13,1,VCT Emea
0,Bind,t3xture,GEN,Raze,1.41,276.0,21,12,3,9,85.0,185.0,23.0,3.0,1.0,2.0,TLN,,7,GEN,,13,1,VCT Emea
0,Bind,yoman,GEN,Fade,1.32,171.0,12,9,10,3,90.0,123.0,32.0,2.0,2.0,0.0,TLN,,7,GEN,,13,1,VCT Emea
0,Bind,Foxy9,GEN,Gekko,1.11,212.0,16,12,7,4,75.0,127.0,44.0,0.0,2.0,-2.0,TLN,,7,GEN,,13,1,VCT Emea
0,Bind,Munchkin,GEN,Viper,0.73,125.0,6,12,10,-6,70.0,91.0,18.0,2.0,4.0,-2.0,TLN,,7,GEN,,13,1,VCT Emea
2,Lotus,primmie,TLN,Deadlock,0.95,248.0,11,14,6,-3,67.0,180.0,45.0,0.0,1.0,-1.0,TLN,,2,GEN,,13,0,VCT Emea
2,Lotus,JitBoyS,TLN,Omen,0.9,143.0,8,11,3,-3,60.0,107.0,47.0,1.0,1.0,0.0,TLN,,2,GEN,,13,0,VCT Emea
2,Lotus,ban,TLN,Tejo,0.88,203.0,10,14,4,-4,73.0,140.0,22.0,2.0,1.0,1.0,TLN,,2,GEN,,13,0,VCT Emea
2,Lotus,Governor,TLN,Raze,0.29,108.0,6,15,2,-9,53.0,68.0,6.0,1.0,3.0,-2.0,TLN,,2,GEN,,13,0,VCT Emea
2,Lotus,Crws,TLN,Fade,0.08,94.0,3,15,4,-12,47.0,69.0,17.0,0.0,5.0,-5.0,TLN,,2,GEN,,13,0,VCT Emea
2,Lotus,yoman,GEN,Fade,1.88,258.0,15,4,6,11,93.0,141.0,34.0,1.0,0.0,1.0,TLN,,2,GEN,,13,1,VCT Emea
2,Lotus,Foxy9,GEN,Killjoy,1.35,256.0,15,8,1,7,73.0,154.0,28.0,4.0,2.0,2.0,TLN,,2,GEN,,13,1,VCT Emea
2,Lotus,Munchkin,GEN,Viper,1.28,279.0,16,9,3,7,80.0,162.0,25.0,3.0,0.0,3.0,TLN,,2,GEN,,13,1,VCT Emea
2,Lotus,Karon,GEN,Omen,1.13,184.0,11,7,4,4,93.0,125.0,35.0,1.0,0.0,1.0,TLN,,2,GEN,,13,1,VCT Emea
2,Lotus,t3xture,GEN,Raze,0.95,208.0,12,10,3,2,73.0,136.0,13.0,2.0,2.0,0.0,TLN,,2,GEN,,13,1,VCT Emea
0,Pearl,carpe,T1,Astra,1.64,204.0,18,9,10,9,86.0,154.0,45.0,1.0,0.0,1.0,T1,,13,GEN,,8,1,VCT Emea
0,Pearl,Meteor,T1,Killjoy,1.1,204.0,15,14,4,1,71.0,142.0,23.0,1.0,2.0,-1.0,T1,,13,GEN,,8,1,VCT Emea
0,Pearl,stax,T1,Sova,1.1,193.0,16,14,3,2,71.0,144.0,39.0,0.0,1.0,-1.0,T1,,13,GEN,,8,1,VCT Emea
0,Pearl,iZu,T1,Yoru,0.97,210.0,15,17,6,-2,71.0,129.0,20.0,3.0,2.0,1.0,T1,,13,GEN,,8,1,VCT Emea
0,Pearl,BuZz,T1,Neon,0.52,138.0,8,18,6,-10,71.0,95.0,11.0,4.0,7.0,-3.0,T1,,13,GEN,,8,1,VCT Emea
0,Pearl,Karon,GEN,Astra,1.44,231.0,18,11,11,7,86.0,160.0,40.0,2.0,0.0,2.0,T1,,13,GEN,,8,0,VCT Emea
0,Pearl,Munchkin,GEN,Kayo,1.12,228.0,16,14,11,2,86.0,159.0,27.0,3.0,1.0,2.0,T1,,13,GEN,,8,0,VCT Emea
0,Pearl,Foxy9,GEN,Killjoy,0.79,143.0,11,13,3,-2,62.0,98.0,16.0,2.0,4.0,-2.0,T1,,13,GEN,,8,0,VCT Emea
0,Pearl,t3xture,GEN,Jett,0.76,219.0,18,18,1,0,81.0,133.0,23.0,4.0,3.0,1.0,T1,,13,GEN,,8,0,VCT Emea
0,Pearl,yoman,GEN,Sova,0.46,135.0,9,16,5,-7,71.0,96.0,25.0,1.0,1.0,0.0,T1,,13,GEN,,8,0,VCT Emea
2,Lotus,iZu,T1,Cypher,1.28,181.0,15,10,8,5,81.0,126.0,36.0,1.0,2.0,-1.0,T1,,13,GEN,,8,1,VCT Emea
2,Lotus,Meteor,T1,Iso,1.26,233.0,20,16,5,4,76.0,153.0,37.0,3.0,2.0,1.0,T1,,13,GEN,,8,1,VCT Emea
2,Lotus,BuZz,T1,Raze,1.18,257.0,17,16,8,1,76.0,178.0,15.0,7.0,1.0,6.0,T1,,13,GEN,,8,1,VCT Emea
2,Lotus,carpe,T1,Omen,1.13,197.0,15,14,10,1,76.0,145.0,31.0,2.0,2.0,0.0,T1,,13,GEN,,8,1,VCT Emea
2,Lotus,stax,T1,Sova,0.9,122.0,8,10,6,-2,76.0,97.0,23.0,0.0,1.0,-1.0,T1,,13,GEN,,8,1,VCT Emea
2,Lotus,Karon,GEN,Omen,1.29,234.0,18,14,12,4,81.0,147.0,30.0,0.0,1.0,-1.0,T1,,13,GEN,,8,0,VCT Emea
2,Lotus,Munchkin,GEN,Viper,1.03,212.0,15,15,10,0,76.0,121.0,22.0,1.0,1.0,0.0,T1,,13,GEN,,8,0,VCT Emea
2,Lotus,Foxy9,GEN,Killjoy,1.02,208.0,15,15,4,0,57.0,146.0,37.0,3.0,1.0,2.0,T1,,13,GEN,,8,0,VCT Emea
2,Lotus,yoman,GEN,Fade,0.88,168.0,12,15,8,-3,71.0,105.0,22.0,1.0,1.0,0.0,T1,,13,GEN,,8,0,VCT Emea
2,Lotus,t3xture,GEN,Raze,0.29,93.0,6,16,3,-10,43.0,66.0,21.0,3.0,9.0,-6.0,T1,,13,GEN,,8,0,VCT Emea
3,Haven,Meteor,T1,Iso,0.93,229.0,13,16,5,-3,67.0,160.0,21.0,2.0,3.0,-1.0,T1,,5,GEN,,13,0,VCT Emea
3,Haven,carpe,T1,Omen,0.89,202.0,13,16,5,-3,72.0,121.0,36.0,3.0,0.0,3.0,T1,,5,GEN,,13,0,VCT Emea
3,Haven,iZu,T1,Cypher,0.83,181.0,11,15,4,-4,67.0,113.0,42.0,1.0,2.0,-1.0,T1,,5,GEN,,13,0,VCT Emea
3,Haven,stax,T1,Sova,0.64,113.0,8,13,4,-5,56.0,88.0,32.0,1.0,1.0,0.0,T1,,5,GEN,,13,0,VCT Emea
3,Haven,BuZz,T1,Yoru,0.4,146.0,8,17,3,-9,50.0,90.0,11.0,1.0,4.0,-3.0,T1,,5,GEN,,13,0,VCT Emea
3,Haven,Munchkin,GEN,Viper,1.92,271.0,18,7,10,11,94.0,184.0,33.0,1.0,0.0,1.0,T1,,5,GEN,,13,1,VCT Emea
3,Haven,t3xture,GEN,Neon,1.11,229.0,15,12,7,3,67.0,153.0,27.0,1.0,1.0,0.0,T1,,5,GEN,,13,1,VCT Emea
3,Haven,yoman,GEN,Sova,1.11,206.0,15,11,4,4,78.0,131.0,62.0,3.0,1.0,2.0,T1,,5,GEN,,13,1,VCT Emea
3,Haven,Karon,GEN,Omen,1.07,225.0,15,13,8,2,78.0,149.0,22.0,3.0,4.0,-1.0,T1,,5,GEN,,13,1,VCT Emea
3,Haven,Foxy9,GEN,Killjoy,1.03,194.0,14,10,2,4,72.0,114.0,24.0,2.0,2.0,0.0,T1,,5,GEN,,13,1,VCT Emea
4,Split,iZu,T1,Viper,1.26,274.0,29,21,8,8,69.0,186.0,25.0,3.0,2.0,1.0,T1,,15,GEN,,17,0,VCT Emea
4,Split,stax,T1,Fade,1.18,225.0,28,22,9,6,66.0,133.0,26.0,4.0,3.0,1.0,T1,,15,GEN,,17,0,VCT Emea
4,Split,Meteor,T1,Yoru,0.77,160.0,17,24,8,-7,63.0,117.0,14.0,3.0,3.0,0.0,T1,,15,GEN,,17,0,VCT Emea
4,Split,BuZz,T1,Raze,0.72,159.0,18,24,3,-6,59.0,101.0,15.0,4.0,7.0,-3.0,T1,,15,GEN,,17,0,VCT Emea
4,Split,carpe,T1,Omen,0.63,156.0,15,27,15,-12,63.0,104.0,26.0,3.0,0.0,3.0,T1,,15,GEN,,17,0,VCT Emea
4,Split,t3xture,GEN,Raze,1.51,301.0,35,22,5,13,72.0,189.0,28.0,8.0,6.0,2.0,T1,,15,GEN,,17,1,VCT Emea
4,Split,Karon,GEN,Astra,1.31,208.0,22,16,18,6,81.0,137.0,22.0,0.0,2.0,-2.0,T1,,15,GEN,,17,1,VCT Emea
4,Split,yoman,GEN,Breach,1.02,192.0,22,23,14,-1,81.0,116.0,23.0,3.0,2.0,1.0,T1,,15,GEN,,17,1,VCT Emea
4,Split,Munchkin,GEN,Tejo,0.97,197.0,22,22,9,0,75.0,132.0,26.0,3.0,5.0,-2.0,T1,,15,GEN,,17,1,VCT Emea
4,Split,Foxy9,GEN,Cypher,0.75,151.0,17,24,9,-7,75.0,107.0,37.0,1.0,2.0,-1.0,T1,,15,GEN,,17,1,VCT Emea
5,Bind,carpe,T1,Brimstone,1.25,220.0,18,15,10,3,87.0,136.0,31.0,2.0,1.0,1.0,T1,,13,GEN,,10,1,VCT Emea
5,Bind,stax,T1,Kayo,1.21,191.0,17,13,8,4,74.0,136.0,27.0,1.0,1.0,0.0,T1,,13,GEN,,10,1,VCT Emea
5,Bind,iZu,T1,Gekko,0.98,166.0,13,13,7,0,74.0,106.0,15.0,1.0,0.0,1.0,T1,,13,GEN,,10,1,VCT Emea
5,Bind,Meteor,T1,Vyse,0.78,142.0,12,15,1,-3,61.0,94.0,32.0,0.0,2.0,-2.0,T1,,13,GEN,,10,1,VCT Emea
5,Bind,BuZz,T1,Raze,0.64,220.0,16,22,5,-6,65.0,130.0,9.0,8.0,7.0,1.0,T1,,13,GEN,,10,1,VCT Emea
5,Bind,Karon,GEN,Brimstone,1.32,207.0,15,12,11,3,83.0,146.0,38.0,1.0,0.0,1.0,T1,,13,GEN,,10,0,VCT Emea
5,Bind,t3xture,GEN,Raze,1.25,296.0,22,17,3,5,61.0,177.0,23.0,3.0,6.0,-3.0,T1,,13,GEN,,10,0,VCT Emea
5,Bind,yoman,GEN,Fade,0.98,169.0,16,15,7,1,78.0,99.0,23.0,3.0,3.0,0.0,T1,,13,GEN,,10,0,VCT Emea
5,Bind,Foxy9,GEN,Gekko,0.82,162.0,13,15,3,-2,74.0,101.0,21.0,1.0,1.0,0.0,T1,,13,GEN,,10,0,VCT Emea
5,Bind,Munchkin,GEN,Viper,0.74,168.0,12,17,9,-5,78.0,104.0,11.0,3.0,2.0,1.0,T1,,13,GEN,,10,0,VCT Emea
0,Abyss,free1ng,KRX,Tejo,2.06,320.0,21,5,6,16,94.0,195.0,30.0,2.0,1.0,1.0,KRX,,13,T1,,3,1,VCT Emea
0,Abyss,BeYN,KRX,Sova,1.79,278.0,17,7,6,10,100.0,193.0,28.0,4.0,0.0,4.0,KRX,,13,T1,,3,1,VCT Emea
0,Abyss,MaKo,KRX,Astra,1.6,220.0,13,5,12,8,88.0,160.0,17.0,1.0,1.0,0.0,KRX,,13,T1,,3,1,VCT Emea
0,Abyss,Flashback,KRX,Cypher,1.01,204.0,12,11,5,1,88.0,144.0,26.0,2.0,1.0,1.0,KRX,,13,T1,,3,1,VCT Emea
0,Abyss,HYUNMIN,KRX,Jett,0.69,165.0,10,11,1,-1,81.0,109.0,28.0,1.0,3.0,-2.0,KRX,,13,T1,,3,1,VCT Emea
0,Abyss,BuZz,T1,Yoru,0.94,273.0,14,16,2,-2,69.0,184.0,20.0,3.0,3.0,0.0,KRX,,13,T1,,3,0,VCT Emea
0,Abyss,carpe,T1,Astra,0.64,136.0,8,13,4,-5,44.0,84.0,53.0,0.0,2.0,-2.0,KRX,,13,T1,,3,0,VCT Emea
0,Abyss,stax,T1,Breach,0.62,137.0,7,14,7,-7,69.0,78.0,50.0,1.0,0.0,1.0,KRX,,13,T1,,3,0,VCT Emea
0,Abyss,Meteor,T1,Cypher,0.43,111.0,6,14,1,-8,50.0,77.0,19.0,1.0,4.0,-3.0,KRX,,13,T1,,3,0,VCT Emea
0,Abyss,iZu,T1,Sova,0.25,80.0,4,16,3,-12,56.0,58.0,24.0,1.0,1.0,0.0,KRX,,13,T1,,3,0,VCT Emea
2,Lotus,free1ng,KRX,Tejo,1.16,219.0,14,15,4,-1,68.0,160.0,27.0,2.0,2.0,0.0,KRX,,6,T1,,13,0,VCT Emea
2,Lotus,HYUNMIN,KRX,Raze,0.8,210.0,13,17,3,-4,42.0,128.0,24.0,4.0,3.0,1.0,KRX,,6,T1,,13,0,VCT Emea
2,Lotus,BeYN,KRX,Fade,0.75,123.0,7,14,8,-7,58.0,92.0,22.0,1.0,0.0,1.0,KRX,,6,T1,,13,0,VCT Emea
2,Lotus,Flashback,KRX,Viper,0.69,150.0,10,16,1,-6,63.0,104.0,41.0,2.0,1.0,1.0,KRX,,6,T1,,13,0,VCT Emea
2,Lotus,MaKo,KRX,Omen,0.65,139.0,7,16,13,-9,68.0,91.0,21.0,1.0,3.0,-2.0,KRX,,6,T1,,13,0,VCT Emea
2,Lotus,carpe,T1,Omen,1.51,240.0,16,9,18,7,100.0,151.0,34.0,1.0,1.0,0.0,KRX,,6,T1,,13,1,VCT Emea
2,Lotus,BuZz,T1,Raze,1.33,273.0,20,11,4,9,84.0,187.0,21.0,4.0,4.0,0.0,KRX,,6,T1,,13,1,VCT Emea
2,Lotus,stax,T1,Sova,1.24,201.0,14,10,6,4,89.0,142.0,36.0,3.0,2.0,1.0,KRX,,6,T1,,13,1,VCT Emea
2,Lotus,Meteor,T1,Iso,1.16,249.0,17,12,8,5,79.0,139.0,20.0,0.0,1.0,-1.0,KRX,,6,T1,,13,1,VCT Emea
2,Lotus,iZu,T1,Cypher,0.84,126.0,11,9,1,2,74.0,90.0,26.0,1.0,2.0,-1.0,KRX,,6,T1,,13,1,VCT Emea
3,Fracture,BeYN,KRX,Breach,1.31,157.0,13,9,9,4,77.0,94.0,17.0,3.0,0.0,3.0,KRX,,13,T1,,9,1,VCT Emea
3,Fracture,free1ng,KRX,Tejo,1.28,211.0,18,12,5,6,68.0,145.0,27.0,1.0,1.0,0.0,KRX,,13,T1,,9,1,VCT Emea
3,Fracture,Flashback,KRX,Vyse,1.1,217.0,16,14,6,2,77.0,131.0,17.0,3.0,1.0,2.0,KRX,,13,T1,,9,1,VCT Emea
3,Fracture,MaKo,KRX,Brimstone,1.02,207.0,15,16,16,-1,82.0,139.0,27.0,2.0,5.0,-3.0,KRX,,13,T1,,9,1,VCT Emea
3,Fracture,HYUNMIN,KRX,Raze,0.83,197.0,16,17,1,-1,64.0,120.0,21.0,4.0,2.0,2.0,KRX,,13,T1,,9,1,VCT Emea
3,Fracture,carpe,T1,Brimstone,1.14,172.0,14,14,8,0,82.0,98.0,31.0,0.0,0.0,0.0,KRX,,13,T1,,9,0,VCT Emea
3,Fracture,BuZz,T1,Raze,1.1,265.0,19,18,4,1,82.0,189.0,20.0,6.0,4.0,2.0,KRX,,13,T1,,9,0,VCT Emea
3,Fracture,stax,T1,Breach,0.93,189.0,13,16,11,-3,73.0,124.0,23.0,0.0,1.0,-1.0,KRX,,13,T1,,9,0,VCT Emea
3,Fracture,Meteor,T1,Cypher,0.84,187.0,14,15,4,-1,68.0,127.0,35.0,2.0,5.0,-3.0,KRX,,13,T1,,9,0,VCT Emea
3,Fracture,iZu,T1,Tejo,0.52,106.0,8,15,3,-7,55.0,68.0,23.0,1.0,3.0,-2.0,KRX,,13,T1,,9,0,VCT Emea
4,Bind,HYUNMIN,KRX,Raze,1.24,252.0,24,19,2,5,73.0,161.0,37.0,5.0,4.0,1.0,KRX,,12,T1,,14,0,VCT Emea
4,Bind,Flashback,KRX,Viper,1.24,248.0,22,17,9,5,81.0,156.0,25.0,0.0,2.0,-2.0,KRX,,12,T1,,14,0,VCT Emea
4,Bind,free1ng,KRX,Tejo,0.99,180.0,17,16,7,1,73.0,136.0,32.0,3.0,5.0,-2.0,KRX,,12,T1,,14,0,VCT Emea
4,Bind,MaKo,KRX,Brimstone,0.86,199.0,17,20,10,-3,69.0,138.0,25.0,3.0,2.0,1.0,KRX,,12,T1,,14,0,VCT Emea
4,Bind,BeYN,KRX,Kayo,0.77,133.0,11,19,16,-8,77.0,87.0,23.0,0.0,2.0,-2.0,KRX,,12,T1,,14,0,VCT Emea
4,Bind,BuZz,T1,Raze,1.62,302.0,28,15,8,13,85.0,199.0,19.0,6.0,4.0,2.0,KRX,,12,T1,,14,1,VCT Emea
4,Bind,carpe,T1,Brimstone,1.21,228.0,19,20,21,-1,88.0,154.0,23.0,3.0,1.0,2.0,KRX,,12,T1,,14,1,VCT Emea
4,Bind,Meteor,T1,Vyse,0.89,196.0,16,19,4,-3,58.0,138.0,17.0,3.0,2.0,1.0,KRX,,12,T1,,14,1,VCT Emea
4,Bind,iZu,T1,Gekko,0.83,160.0,15,18,5,-3,77.0,117.0,36.0,1.0,2.0,-1.0,KRX,,12,T1,,14,1,VCT Emea
4,Bind,stax,T1,Kayo,0.8,147.0,13,19,16,-6,77.0,109.0,22.0,2.0,2.0,0.0,KRX,,12,T1,,14,1,VCT Emea
5,Split,HYUNMIN,KRX,Raze,1.51,361.0,29,18,5,11,79.0,246.0,30.0,9.0,3.0,6.0,KRX,,13,T1,,11,1,VCT Emea
5,Split,MaKo,KRX,Omen,1.33,204.0,18,11,7,7,83.0,136.0,51.0,1.0,0.0,1.0,KRX,,13,T1,,11,1,VCT Emea
5,Split,Flashback,KRX,Cypher,1.16,210.0,18,15,8,3,79.0,149.0,29.0,2.0,3.0,-1.0,KRX,,13,T1,,11,1,VCT Emea
5,Split,BeYN,KRX,Breach,0.7,85.0,7,12,9,-5,75.0,56.0,20.0,0.0,3.0,-3.0,KRX,,13,T1,,11,1,VCT Emea
5,Split,free1ng,KRX,Tejo,0.59,132.0,11,18,4,-7,63.0,86.0,26.0,1.0,2.0,-1.0,KRX,,13,T1,,11,1,VCT Emea
5,Split,BuZz,T1,Raze,1.18,248.0,20,18,2,2,71.0,173.0,20.0,6.0,2.0,4.0,KRX,,13,T1,,11,0,VCT Emea
5,Split,stax,T1,Skye,1.12,221.0,18,17,10,1,75.0,131.0,30.0,2.0,2.0,0.0,KRX,,13,T1,,11,0,VCT Emea
5,Split,iZu,T1,Viper,1.0,183.0,15,15,8,0,71.0,128.0,26.0,0.0,2.0,-2.0,KRX,,13,T1,,11,0,VCT Emea
5,Split,carpe,T1,Omen,0.76,106.0,8,15,20,-7,83.0,54.0,23.0,0.0,3.0,-3.0,KRX,,13,T1,,11,0,VCT Emea
5,Split,Meteor,T1,Chamber,0.69,152.0,13,18,3,-5,54.0,98.0,19.0,3.0,4.0,-1.0,KRX,,13,T1,,11,0,VCT Emea
0,Lotus,Akame,DFM,Fade,1.11,241.0,17,15,6,2,75.0,159.0,37.0,1.0,3.0,-2.0,DFM,,7,GE,,13,0,VCT Emea
0,Lotus,Meiy,DFM,Raze,1.09,208.0,15,14,1,1,70.0,122.0,30.0,1.0,2.0,-1.0,DFM,,7,GE,,13,0,VCT Emea
0,Lotus,Jinboong,DFM,Vyse,0.92,200.0,14,15,1,-1,75.0,137.0,33.0,2.0,2.0,0.0,DFM,,7,GE,,13,0,VCT Emea
0,Lotus,gyen,DFM,Viper,0.85,183.0,13,14,3,-1,70.0,105.0,72.0,4.0,0.0,4.0,DFM,,7,GE,,13,0,VCT Emea
0,Lotus,Art,DFM,Omen,0.5,106.0,7,14,2,-7,50.0,71.0,24.0,1.0,4.0,-3.0,DFM,,7,GE,,13,0,VCT Emea
0,Lotus,Kr1stal,GE,Tejo,1.41,208.0,14,9,7,5,80.0,148.0,23.0,2.0,1.0,1.0,DFM,,7,GE,,13,1,VCT Emea
0,Lotus,kellyS,GE,Breach,1.38,240.0,16,13,17,3,65.0,167.0,20.0,1.0,1.0,0.0,DFM,,7,GE,,13,1,VCT Emea
0,Lotus,Papi,GE,Omen,1.15,178.0,14,11,12,3,90.0,103.0,43.0,1.0,1.0,0.0,DFM,,7,GE,,13,1,VCT Emea
0,Lotus,UdoTan,GE,Cypher,0.92,200.0,15,15,6,0,60.0,134.0,50.0,1.0,2.0,-1.0,DFM,,7,GE,,13,1,VCT Emea
0,Lotus,yokam,GE,Yoru,0.7,188.0,13,18,4,-5,70.0,119.0,25.0,6.0,4.0,2.0,DFM,,7,GE,,13,1,VCT Emea
2,Pearl,Jinboong,DFM,Vyse,1.13,216.0,16,14,3,2,58.0,142.0,36.0,1.0,3.0,-2.0,DFM,,11,GE,,13,0,VCT Emea
2,Pearl,Meiy,DFM,Yoru,1.0,187.0,17,16,4,1,67.0,122.0,33.0,3.0,3.0,0.0,DFM,,11,GE,,13,0,VCT Emea
2,Pearl,Akame,DFM,Chamber,0.97,176.0,14,15,3,-1,71.0,123.0,33.0,5.0,3.0,2.0,DFM,,11,GE,,13,0,VCT Emea
2,Pearl,gyen,DFM,Astra,0.83,157.0,13,18,10,-5,75.0,109.0,52.0,1.0,2.0,-1.0,DFM,,11,GE,,13,0,VCT Emea
2,Pearl,Art,DFM,Sova,0.67,168.0,13,18,6,-5,71.0,105.0,24.0,1.0,2.0,-1.0,DFM,,11,GE,,13,0,VCT Emea
2,Pearl,Kr1stal,GE,Sova,1.31,215.0,19,12,5,7,79.0,157.0,32.0,2.0,3.0,-1.0,DFM,,11,GE,,13,1,VCT Emea
2,Pearl,UdoTan,GE,Killjoy,1.11,217.0,18,15,3,3,83.0,154.0,29.0,4.0,3.0,1.0,DFM,,11,GE,,13,1,VCT Emea
2,Pearl,kellyS,GE,Vyse,1.06,242.0,19,17,6,2,63.0,163.0,16.0,0.0,2.0,-2.0,DFM,,11,GE,,13,1,VCT Emea
2,Pearl,Papi,GE,Astra,0.93,128.0,13,13,7,0,75.0,86.0,29.0,0.0,1.0,-1.0,DFM,,11,GE,,13,1,VCT Emea
2,Pearl,yokam,GE,Jett,0.72,159.0,12,16,1,-4,71.0,99.0,38.0,7.0,2.0,5.0,DFM,,11,GE,,13,1,VCT Emea
0,Haven,BeYN,KRX,Sova,1.36,205.0,18,12,1,6,64.0,142.0,23.0,0.0,1.0,-1.0,KRX,,13,PRX,,9,1,VCT Emea
0,Haven,Flashback,KRX,Neon,1.14,229.0,17,16,6,1,68.0,153.0,21.0,4.0,3.0,1.0,KRX,,13,PRX,,9,1,VCT Emea
0,Haven,HYUNMIN,KRX,Jett,1.1,220.0,16,15,3,1,64.0,141.0,24.0,4.0,2.0,2.0,KRX,,13,PRX,,9,1,VCT Emea
0,Haven,MaKo,KRX,Omen,0.75,120.0,8,14,7,-6,77.0,71.0,16.0,2.0,1.0,1.0,KRX,,13,PRX,,9,1,VCT Emea
0,Haven,free1ng,KRX,Cypher,0.66,145.0,12,17,5,-5,59.0,96.0,27.0,3.0,2.0,1.0,KRX,,13,PRX,,9,1,VCT Emea
0,Haven,something,PRX,Breach,1.17,212.0,16,13,9,3,64.0,136.0,36.0,2.0,2.0,0.0,KRX,,13,PRX,,9,0,VCT Emea
0,Haven,Jinggg,PRX,Omen,1.04,164.0,13,11,11,2,86.0,113.0,29.0,0.0,3.0,-3.0,KRX,,13,PRX,,9,0,VCT Emea
0,Haven,d4v41,PRX,Tejo,0.97,188.0,16,14,4,2,73.0,127.0,21.0,1.0,1.0,0.0,KRX,,13,PRX,,9,0,VCT Emea
0,Haven,f0rsakeN,PRX,Yoru,0.91,235.0,18,17,5,1,59.0,142.0,32.0,3.0,4.0,-1.0,KRX,,13,PRX,,9,0,VCT Emea
0,Haven,mindfreak,PRX,Cypher,0.62,145.0,11,16,4,-5,59.0,95.0,42.0,3.0,3.0,0.0,KRX,,13,PRX,,9,0,VCT Emea
2,Icebox,MaKo,KRX,Viper,1.32,274.0,23,15,3,8,78.0,177.0,27.0,2.0,2.0,0.0,KRX,,10,PRX,,13,0,VCT Emea
2,Icebox,HYUNMIN,KRX,Jett,1.18,267.0,22,18,1,4,83.0,174.0,37.0,6.0,1.0,5.0,KRX,,10,PRX,,13,0,VCT Emea
2,Icebox,Flashback,KRX,Killjoy,0.78,166.0,12,16,1,-4,65.0,107.0,19.0,2.0,0.0,2.0,KRX,,10,PRX,,13,0,VCT Emea
2,Icebox,free1ng,KRX,Tejo,0.65,128.0,10,17,6,-7,61.0,91.0,17.0,3.0,2.0,1.0,KRX,,10,PRX,,13,0,VCT Emea
2,Icebox,BeYN,KRX,Omen,0.64,143.0,9,17,9,-8,61.0,95.0,14.0,3.0,2.0,1.0,KRX,,10,PRX,,13,0,VCT Emea
2,Icebox,something,PRX,Sova,1.44,242.0,20,12,6,8,74.0,152.0,36.0,2.0,4.0,-2.0,KRX,,10,PRX,,13,1,VCT Emea
2,Icebox,Jinggg,PRX,Tejo,1.24,238.0,19,15,8,4,65.0,156.0,25.0,1.0,1.0,0.0,KRX,,10,PRX,,13,1,VCT Emea
2,Icebox,mindfreak,PRX,Viper,1.16,194.0,15,13,7,2,74.0,135.0,47.0,0.0,3.0,-3.0,KRX,,10,PRX,,13,1,VCT Emea
2,Icebox,f0rsakeN,PRX,Waylay,1.04,261.0,21,19,7,2,65.0,175.0,36.0,4.0,7.0,-3.0,KRX,,10,PRX,,13,1,VCT Emea
2,Icebox,d4v41,PRX,Kayo,0.59,112.0,8,17,14,-9,70.0,69.0,25.0,0.0,1.0,-1.0,KRX,,10,PRX,,13,1,VCT Emea
3,Lotus,HYUNMIN,KRX,Raze,1.6,309.0,23,11,1,12,85.0,183.0,47.0,5.0,2.0,3.0,KRX,,13,PRX,,7,1,VCT Emea
3,Lotus,MaKo,KRX,Omen,1.42,239.0,18,11,7,7,90.0,155.0,30.0,1.0,0.0,1.0,KRX,,13,PRX,,7,1,VCT Emea
3,Lotus,BeYN,KRX,Fade,1.04,138.0,9,9,10,0,80.0,81.0,16.0,0.0,0.0,0.0,KRX,,13,PRX,,7,1,VCT Emea
3,Lotus,Flashback,KRX,Yoru,1.01,175.0,13,11,2,2,75.0,100.0,24.0,5.0,2.0,3.0,KRX,,13,PRX,,7,1,VCT Emea
3,Lotus,free1ng,KRX,Cypher,0.88,159.0,11,11,3,0,60.0,103.0,30.0,3.0,2.0,1.0,KRX,,13,PRX,,7,1,VCT Emea
3,Lotus,d4v41,PRX,Tejo,0.96,192.0,14,14,4,0,85.0,118.0,47.0,3.0,2.0,1.0,KRX,,13,PRX,,7,0,VCT Emea
3,Lotus,Jinggg,PRX,Omen,0.94,168.0,10,14,8,-4,75.0,117.0,45.0,1.0,1.0,0.0,KRX,,13,PRX,,7,0,VCT Emea
3,Lotus,f0rsakeN,PRX,Waylay,0.73,190.0,14,16,1,-2,55.0,127.0,32.0,1.0,7.0,-6.0,KRX,,13,PRX,,7,0,VCT Emea
3,Lotus,mindfreak,PRX,Viper,0.63,108.0,8,14,3,-6,60.0,65.0,24.0,0.0,1.0,-1.0,KRX,,13,PRX,,7,0,VCT Emea
3,Lotus,something,PRX,Breach,0.42,88.0,7,16,2,-9,55.0,54.0,25.0,1.0,3.0,-2.0,KRX,,13,PRX,,7,0,VCT Emea
0,Ascent,Karon,GEN,Omen,1.42,253.0,19,15,7,4,76.0,165.0,27.0,1.0,0.0,1.0,GEN,,8,BME,,13,0,VCT Emea
0,Ascent,Munchkin,GEN,Kayo,1.13,258.0,17,17,9,0,71.0,196.0,28.0,2.0,2.0,0.0,GEN,,8,BME,,13,0,VCT Emea
0,Ascent,Ash,GEN,Tejo,1.05,205.0,14,16,1,-2,71.0,155.0,32.0,2.0,0.0,2.0,GEN,,8,BME,,13,0,VCT Emea
0,Ascent,t3xture,GEN,Jett,0.48,160.0,10,20,4,-10,52.0,108.0,22.0,3.0,7.0,-4.0,GEN,,8,BME,,13,0,VCT Emea
0,Ascent,Suggest,GEN,Cypher,0.26,109.0,8,19,0,-11,43.0,94.0,41.0,1.0,3.0,-2.0,GEN,,8,BME,,13,0,VCT Emea
0,Ascent,dos9,BME,Omen,1.64,260.0,22,11,9,11,81.0,156.0,21.0,0.0,1.0,-1.0,GEN,,8,BME,,13,1,VCT Emea
0,Ascent,NcSlasher,BME,Tejo,1.18,259.0,19,15,7,4,76.0,162.0,40.0,3.0,1.0,2.0,GEN,,8,BME,,13,1,VCT Emea
0,Ascent,BerserX,BME,Killjoy,1.05,208.0,15,13,6,2,76.0,132.0,28.0,3.0,1.0,2.0,GEN,,8,BME,,13,1,VCT Emea
0,Ascent,Shiro,BME,Sova,0.99,177.0,13,12,5,1,67.0,107.0,42.0,1.0,1.0,0.0,GEN,,8,BME,,13,1,VCT Emea
0,Ascent,Famouz,BME,Phoenix,0.96,251.0,18,17,6,1,71.0,164.0,19.0,5.0,5.0,0.0,GEN,,8,BME,,13,1,VCT Emea
2,Haven,Munchkin,GEN,Viper,1.41,246.0,29,19,7,10,69.0,170.0,27.0,9.0,3.0,6.0,GEN,,15,BME,,17,0,VCT Emea
2,Haven,t3xture,GEN,Neon,1.28,258.0,29,22,10,7,66.0,157.0,33.0,3.0,4.0,-1.0,GEN,,15,BME,,17,0,VCT Emea
2,Haven,Suggest,GEN,Killjoy,0.85,201.0,21,24,7,-3,66.0,142.0,25.0,3.0,3.0,0.0,GEN,,15,BME,,17,0,VCT Emea
2,Haven,Ash,GEN,Tejo,0.76,146.0,15,24,8,-9,63.0,110.0,24.0,3.0,1.0,2.0,GEN,,15,BME,,17,0,VCT Emea
2,Haven,Karon,GEN,Omen,0.53,139.0,14,25,15,-11,59.0,88.0,24.0,2.0,1.0,1.0,GEN,,15,BME,,17,0,VCT Emea
2,Haven,dos9,BME,Omen,1.68,318.0,35,19,12,16,72.0,206.0,49.0,3.0,2.0,1.0,GEN,,15,BME,,17,1,VCT Emea
2,Haven,Famouz,BME,Neon,1.15,268.0,29,24,9,5,75.0,168.0,19.0,6.0,9.0,-3.0,GEN,,15,BME,,17,1,VCT Emea
2,Haven,BerserX,BME,Cypher,0.86,149.0,18,19,5,-1,72.0,102.0,24.0,0.0,3.0,-3.0,GEN,,15,BME,,17,1,VCT Emea
2,Haven,NcSlasher,BME,Breach,0.84,165.0,18,22,11,-4,72.0,103.0,32.0,1.0,2.0,-1.0,GEN,,15,BME,,17,1,VCT Emea
2,Haven,Shiro,BME,Sova,0.63,122.0,14,24,6,-10,59.0,87.0,28.0,2.0,4.0,-2.0,GEN,,15,BME,,17,1,VCT Emea
0,Lotus,Karon,GEN,Omen,1.46,287.0,24,14,6,10,87.0,189.0,35.0,3.0,3.0,0.0,GEN,,13,PRX,,10,1,VCT Emea
0,Lotus,Ash,GEN,Fade,1.08,132.0,12,10,5,2,83.0,102.0,35.0,0.0,0.0,0.0,GEN,,13,PRX,,10,1,VCT Emea
0,Lotus,Suggest,GEN,Vyse,1.02,215.0,17,13,4,4,78.0,128.0,23.0,4.0,3.0,1.0,GEN,,13,PRX,,10,1,VCT Emea
0,Lotus,Munchkin,GEN,Viper,1.0,173.0,14,12,6,2,78.0,120.0,17.0,0.0,2.0,-2.0,GEN,,13,PRX,,10,1,VCT Emea
0,Lotus,t3xture,GEN,Raze,0.89,203.0,16,18,3,-2,65.0,136.0,33.0,3.0,4.0,-1.0,GEN,,13,PRX,,10,1,VCT Emea
0,Lotus,f0rsakeN,PRX,Waylay,1.24,265.0,21,17,2,4,70.0,167.0,24.0,5.0,7.0,-2.0,GEN,,13,PRX,,10,0,VCT Emea
0,Lotus,mindfreak,PRX,Viper,1.04,202.0,16,15,3,1,61.0,129.0,25.0,1.0,0.0,1.0,GEN,,13,PRX,,10,0,VCT Emea
0,Lotus,something,PRX,Breach,0.72,174.0,12,18,9,-6,74.0,121.0,45.0,2.0,1.0,1.0,GEN,,13,PRX,,10,0,VCT Emea
0,Lotus,d4v41,PRX,Tejo,0.65,150.0,10,17,10,-7,83.0,113.0,11.0,2.0,1.0,1.0,GEN,,13,PRX,,10,0,VCT Emea
0,Lotus,Jinggg,PRX,Omen,0.5,101.0,8,17,2,-9,48.0,67.0,27.0,3.0,2.0,1.0,GEN,,13,PRX,,10,0,VCT Emea
2,Fracture,t3xture,GEN,Neon,1.4,332.0,22,15,4,7,68.0,226.0,39.0,3.0,4.0,-1.0,GEN,,6,PRX,,13,0,VCT Emea
2,Fracture,Munchkin,GEN,Breach,1.04,180.0,11,13,7,-2,79.0,121.0,20.0,0.0,1.0,-1.0,GEN,,6,PRX,,13,0,VCT Emea
2,Fracture,Karon,GEN,Brimstone,1.0,221.0,14,15,6,-1,58.0,144.0,34.0,0.0,2.0,-2.0,GEN,,6,PRX,,13,0,VCT Emea
2,Fracture,Suggest,GEN,Cypher,0.51,131.0,10,15,1,-5,63.0,91.0,41.0,0.0,4.0,-4.0,GEN,,6,PRX,,13,0,VCT Emea
2,Fracture,Ash,GEN,Tejo,0.31,111.0,6,17,6,-11,58.0,78.0,16.0,1.0,4.0,-3.0,GEN,,6,PRX,,13,0,VCT Emea
2,Fracture,Jinggg,PRX,Brimstone,1.67,316.0,20,13,15,7,84.0,182.0,25.0,6.0,1.0,5.0,GEN,,6,PRX,,13,1,VCT Emea
2,Fracture,something,PRX,Breach,1.37,213.0,14,12,12,2,84.0,154.0,27.0,1.0,0.0,1.0,GEN,,6,PRX,,13,1,VCT Emea
2,Fracture,mindfreak,PRX,Vyse,1.23,246.0,17,12,1,5,68.0,180.0,31.0,3.0,0.0,3.0,GEN,,6,PRX,,13,1,VCT Emea
2,Fracture,f0rsakeN,PRX,Neon,1.08,216.0,15,13,6,2,74.0,153.0,32.0,4.0,3.0,1.0,GEN,,6,PRX,,13,1,VCT Emea
2,Fracture,d4v41,PRX,Tejo,0.73,130.0,9,13,4,-4,79.0,97.0,21.0,1.0,0.0,1.0,GEN,,6,PRX,,13,1,VCT Emea
3,Haven,Munchkin,GEN,Viper,1.47,299.0,17,9,3,8,76.0,200.0,30.0,1.0,3.0,-2.0,GEN,,13,PRX,,4,1,VCT Emea
3,Haven,Karon,GEN,Omen,1.45,320.0,20,12,9,8,88.0,203.0,33.0,3.0,1.0,2.0,GEN,,13,PRX,,4,1,VCT Emea
3,Haven,Ash,GEN,Tejo,1.44,220.0,14,7,4,7,88.0,153.0,33.0,1.0,1.0,0.0,GEN,,13,PRX,,4,1,VCT Emea
3,Haven,t3xture,GEN,Neon,1.4,286.0,19,10,4,9,82.0,169.0,27.0,2.0,3.0,-1.0,GEN,,13,PRX,,4,1,VCT Emea
3,Haven,Suggest,GEN,Killjoy,0.46,105.0,8,12,1,-4,76.0,72.0,44.0,2.0,0.0,2.0,GEN,,13,PRX,,4,1,VCT Emea
3,Haven,f0rsakeN,PRX,Yoru,0.96,201.0,12,14,2,-2,76.0,138.0,14.0,6.0,3.0,3.0,GEN,,13,PRX,,4,0,VCT Emea
3,Haven,d4v41,PRX,Cypher,0.93,261.0,15,17,3,-2,71.0,161.0,24.0,1.0,1.0,0.0,GEN,,13,PRX,,4,0,VCT Emea
3,Haven,something,PRX,Breach,0.8,149.0,10,15,4,-5,59.0,85.0,29.0,0.0,2.0,-2.0,GEN,,13,PRX,,4,0,VCT Emea
3,Haven,Jinggg,PRX,Tejo,0.63,156.0,9,16,5,-7,59.0,95.0,22.0,1.0,1.0,0.0,GEN,,13,PRX,,4,0,VCT Emea
3,Haven,mindfreak,PRX,Omen,0.4,96.0,4,16,8,-12,53.0,75.0,14.0,0.0,2.0,-2.0,GEN,,13,PRX,,4,0,VCT Emea
0,Lotus,free1ng,KRX,Vyse,2.06,413.0,26,6,2,20,81.0,255.0,40.0,3.0,0.0,3.0,KRX,,13,DFM,,3,1,VCT Emea
0,Lotus,MaKo,KRX,Omen,1.59,245.0,15,6,7,9,94.0,158.0,37.0,0.0,0.0,0.0,KRX,,13,DFM,,3,1,VCT Emea
0,Lotus,BeYN,KRX,Fade,1.17,178.0,11,7,5,4,88.0,122.0,21.0,1.0,0.0,1.0,KRX,,13,DFM,,3,1,VCT Emea
0,Lotus,Flashback,KRX,Yoru,1.16,231.0,14,8,2,6,75.0,138.0,12.0,5.0,1.0,4.0,KRX,,13,DFM,,3,1,VCT Emea
0,Lotus,HYUNMIN,KRX,Raze,0.86,121.0,8,7,2,1,88.0,80.0,37.0,1.0,5.0,-4.0,KRX,,13,DFM,,3,1,VCT Emea
0,Lotus,Akame,DFM,Fade,0.93,180.0,10,14,3,-4,69.0,105.0,36.0,2.0,0.0,2.0,KRX,,13,DFM,,3,0,VCT Emea
0,Lotus,Meiy,DFM,Raze,0.8,150.0,9,14,1,-5,50.0,99.0,27.0,2.0,3.0,-1.0,KRX,,13,DFM,,3,0,VCT Emea
0,Lotus,gyen,DFM,Viper,0.79,171.0,9,14,1,-5,44.0,110.0,59.0,1.0,2.0,-1.0,KRX,,13,DFM,,3,0,VCT Emea
0,Lotus,Art,DFM,Omen,0.18,93.0,3,16,5,-13,56.0,71.0,29.0,1.0,2.0,-1.0,KRX,,13,DFM,,3,0,VCT Emea
0,Lotus,Jinboong,DFM,Vyse,0.08,67.0,3,16,1,-13,38.0,52.0,21.0,0.0,3.0,-3.0,KRX,,13,DFM,,3,0,VCT Emea
2,Ascent,HYUNMIN,KRX,Jett,1.29,227.0,19,12,0,7,76.0,147.0,39.0,5.0,1.0,4.0,KRX,,13,DFM,,8,1,VCT Emea
2,Ascent,free1ng,KRX,Tejo,1.15,223.0,19,12,1,7,71.0,153.0,45.0,1.0,2.0,-1.0,KRX,,13,DFM,,8,1,VCT Emea
2,Ascent,Flashback,KRX,Vyse,1.04,178.0,14,12,6,2,71.0,115.0,41.0,2.0,2.0,0.0,KRX,,13,DFM,,8,1,VCT Emea
2,Ascent,MaKo,KRX,Omen,0.97,196.0,14,13,8,1,81.0,123.0,23.0,2.0,2.0,0.0,KRX,,13,DFM,,8,1,VCT Emea
2,Ascent,BeYN,KRX,Sova,0.95,171.0,12,13,9,-1,71.0,131.0,32.0,1.0,3.0,-2.0,KRX,,13,DFM,,8,1,VCT Emea
2,Ascent,Art,DFM,Tejo,1.11,205.0,16,14,1,2,67.0,130.0,18.0,4.0,0.0,4.0,KRX,,13,DFM,,8,0,VCT Emea
2,Ascent,Meiy,DFM,Jett,1.08,206.0,15,16,2,-1,57.0,135.0,28.0,1.0,2.0,-1.0,KRX,,13,DFM,,8,0,VCT Emea
2,Ascent,Akame,DFM,Kayo,0.96,166.0,13,15,9,-2,62.0,113.0,33.0,2.0,3.0,-1.0,KRX,,13,DFM,,8,0,VCT Emea
2,Ascent,Jinboong,DFM,Fade,0.77,162.0,10,16,11,-6,67.0,100.0,52.0,2.0,5.0,-3.0,KRX,,13,DFM,,8,0,VCT Emea
2,Ascent,gyen,DFM,Astra,0.7,129.0,8,17,11,-9,62.0,97.0,18.0,1.0,1.0,0.0,KRX,,13,DFM,,8,0,VCT Emea
0,Lotus,BerserX,BME,Viper,2.22,358.0,19,4,3,15,100.0,241.0,27.0,1.0,1.0,0.0,BME,,13,GE,,1,1,VCT Emea
0,Lotus,dos9,BME,Omen,1.74,264.0,16,6,6,10,86.0,153.0,35.0,3.0,0.0,3.0,BME,,13,GE,,1,1,VCT Emea
0,Lotus,NcSlasher,BME,Breach,1.53,218.0,12,4,8,8,93.0,143.0,29.0,0.0,0.0,0.0,BME,,13,GE,,1,1,VCT Emea
0,Lotus,Famouz,BME,Neon,1.45,275.0,14,8,4,6,93.0,161.0,14.0,4.0,1.0,3.0,BME,,13,GE,,1,1,VCT Emea
0,Lotus,Shiro,BME,Tejo,0.41,130.0,6,13,7,-7,64.0,96.0,25.0,1.0,3.0,-2.0,BME,,13,GE,,1,1,VCT Emea
0,Lotus,Kr1stal,GE,Tejo,0.72,169.0,8,13,1,-5,57.0,101.0,26.0,0.0,2.0,-2.0,BME,,13,GE,,1,0,VCT Emea
0,Lotus,UdoTan,GE,Cypher,0.7,181.0,7,13,7,-6,79.0,127.0,15.0,1.0,1.0,0.0,BME,,13,GE,,1,0,VCT Emea
0,Lotus,Papi,GE,Omen,0.51,149.0,7,14,5,-7,64.0,94.0,32.0,2.0,2.0,0.0,BME,,13,GE,,1,0,VCT Emea
0,Lotus,kellyS,GE,Breach,0.48,152.0,7,13,3,-6,50.0,98.0,40.0,0.0,0.0,0.0,BME,,13,GE,,1,0,VCT Emea
0,Lotus,yokam,GE,Yoru,0.42,167.0,6,14,2,-8,50.0,131.0,38.0,2.0,4.0,-2.0,BME,,13,GE,,1,0,VCT Emea
2,Haven,Shiro,BME,Sova,1.47,260.0,21,15,12,6,71.0,182.0,28.0,2.0,2.0,0.0,BME,,13,GE,,11,1,VCT Emea
2,Haven,BerserX,BME,Cypher,1.3,204.0,18,14,6,4,79.0,139.0,40.0,2.0,3.0,-1.0,BME,,13,GE,,11,1,VCT Emea
2,Haven,dos9,BME,Omen,1.09,207.0,19,19,18,0,67.0,133.0,20.0,4.0,0.0,4.0,BME,,13,GE,,11,1,VCT Emea
2,Haven,Famouz,BME,Neon,0.97,252.0,21,18,7,3,92.0,164.0,19.0,6.0,3.0,3.0,BME,,13,GE,,11,1,VCT Emea
2,Haven,NcSlasher,BME,Breach,0.97,174.0,15,15,11,0,79.0,117.0,43.0,1.0,1.0,0.0,BME,,13,GE,,11,1,VCT Emea
2,Haven,UdoTan,GE,Iso,1.56,341.0,28,18,6,10,79.0,230.0,29.0,4.0,2.0,2.0,BME,,13,GE,,11,0,VCT Emea
2,Haven,Kr1stal,GE,Sova,1.1,179.0,15,17,9,-2,75.0,126.0,21.0,0.0,1.0,-1.0,BME,,13,GE,,11,0,VCT Emea
2,Haven,kellyS,GE,Cypher,0.99,226.0,19,19,6,0,67.0,142.0,26.0,3.0,4.0,-1.0,BME,,13,GE,,11,0,VCT Emea
2,Haven,Papi,GE,Omen,0.58,135.0,11,20,10,-9,71.0,84.0,24.0,1.0,2.0,-1.0,BME,,13,GE,,11,0,VCT Emea
2,Haven,yokam,GE,Yoru,0.36,102.0,8,20,4,-12,46.0,68.0,12.0,1.0,6.0,-5.0,BME,,13,GE,,11,0,VCT Emea
0,Lotus,Foxy9,GEN,Vyse,1.82,278.0,17,5,6,12,100.0,201.0,35.0,1.0,1.0,0.0,GEN,,13,DFM,,2,1,VCT Emea
0,Lotus,Munchkin,GEN,Viper,1.62,342.0,18,9,9,9,93.0,216.0,26.0,6.0,0.0,6.0,GEN,,13,DFM,,2,1,VCT Emea
0,Lotus,Karon,GEN,Omen,1.28,176.0,11,6,4,5,87.0,122.0,30.0,2.0,0.0,2.0,GEN,,13,DFM,,2,1,VCT Emea
0,Lotus,Ash,GEN,Fade,1.22,218.0,14,8,6,6,87.0,129.0,38.0,1.0,1.0,0.0,GEN,,13,DFM,,2,1,VCT Emea
0,Lotus,t3xture,GEN,Raze,0.96,194.0,11,10,4,1,73.0,117.0,10.0,1.0,2.0,-1.0,GEN,,13,DFM,,2,1,VCT Emea
0,Lotus,gyen,DFM,Viper,0.87,193.0,11,14,2,-3,60.0,128.0,43.0,1.0,2.0,-1.0,GEN,,13,DFM,,2,0,VCT Emea
0,Lotus,Akame,DFM,Fade,0.69,184.0,7,15,9,-8,80.0,136.0,22.0,0.0,2.0,-2.0,GEN,,13,DFM,,2,0,VCT Emea
0,Lotus,Jinboong,DFM,Vyse,0.66,137.0,7,13,2,-6,53.0,91.0,33.0,1.0,2.0,-1.0,GEN,,13,DFM,,2,0,VCT Emea
0,Lotus,Art,DFM,Omen,0.59,146.0,7,14,4,-7,67.0,101.0,43.0,1.0,3.0,-2.0,GEN,,13,DFM,,2,0,VCT Emea
0,Lotus,Meiy,DFM,Raze,0.39,127.0,6,15,0,-9,60.0,89.0,11.0,1.0,2.0,-1.0,GEN,,13,DFM,,2,0,VCT Emea
2,Fracture,Karon,GEN,Brimstone,1.57,242.0,16,9,12,7,94.0,171.0,37.0,1.0,2.0,-1.0,GEN,,13,DFM,,4,1,VCT Emea
2,Fracture,Ash,GEN,Tejo,1.45,255.0,17,9,6,8,94.0,162.0,35.0,2.0,0.0,2.0,GEN,,13,DFM,,4,1,VCT Emea
2,Fracture,t3xture,GEN,Neon,1.11,255.0,16,13,3,3,82.0,165.0,24.0,6.0,2.0,4.0,GEN,,13,DFM,,4,1,VCT Emea
2,Fracture,Foxy9,GEN,Cypher,1.1,206.0,12,11,8,1,82.0,132.0,31.0,2.0,1.0,1.0,GEN,,13,DFM,,4,1,VCT Emea
2,Fracture,Munchkin,GEN,Breach,0.93,148.0,10,10,8,0,88.0,91.0,24.0,1.0,0.0,1.0,GEN,,13,DFM,,4,1,VCT Emea
2,Fracture,Akame,DFM,Tejo,1.04,206.0,13,13,1,0,71.0,141.0,33.0,2.0,3.0,-1.0,GEN,,13,DFM,,4,0,VCT Emea
2,Fracture,gyen,DFM,Brimstone,1.0,212.0,13,14,3,-1,65.0,136.0,74.0,0.0,4.0,-4.0,GEN,,13,DFM,,4,0,VCT Emea
2,Fracture,Jinboong,DFM,Vyse,0.73,182.0,11,15,5,-4,71.0,111.0,23.0,1.0,1.0,0.0,GEN,,13,DFM,,4,0,VCT Emea
2,Fracture,Meiy,DFM,Raze,0.68,191.0,11,15,2,-4,59.0,114.0,24.0,2.0,3.0,-1.0,GEN,,13,DFM,,4,0,VCT Emea
2,Fracture,Art,DFM,Breach,0.44,87.0,4,14,8,-10,59.0,54.0,15.0,0.0,1.0,-1.0,GEN,,13,DFM,,4,0,VCT Emea
0,Ascent,PatMen,PRX,Kayo,1.25,250.0,16,15,7,1,67.0,182.0,28.0,1.0,1.0,0.0,PRX,,13,BME,,8,1,VCT Emea
0,Ascent,something,PRX,Jett,1.2,233.0,19,13,4,6,76.0,131.0,17.0,5.0,4.0,1.0,PRX,,13,BME,,8,1,VCT Emea
0,Ascent,Jinggg,PRX,Omen,1.02,157.0,12,12,8,0,76.0,115.0,22.0,0.0,0.0,0.0,PRX,,13,BME,,8,1,VCT Emea
0,Ascent,f0rsakeN,PRX,Fade,0.92,189.0,14,14,8,0,71.0,115.0,33.0,4.0,4.0,0.0,PRX,,13,BME,,8,1,VCT Emea
0,Ascent,d4v41,PRX,Vyse,0.9,187.0,14,14,6,0,76.0,128.0,27.0,0.0,2.0,-2.0,PRX,,13,BME,,8,1,VCT Emea
0,Ascent,Famouz,BME,Phoenix,1.63,337.0,25,14,5,11,81.0,188.0,24.0,5.0,3.0,2.0,PRX,,13,BME,,8,0,VCT Emea
0,Ascent,NcSlasher,BME,Tejo,1.1,212.0,15,14,5,1,81.0,138.0,31.0,3.0,1.0,2.0,PRX,,13,BME,,8,0,VCT Emea
0,Ascent,BerserX,BME,Killjoy,0.76,159.0,11,16,3,-5,86.0,114.0,20.0,1.0,1.0,0.0,PRX,,13,BME,,8,0,VCT Emea
0,Ascent,Shiro,BME,Sova,0.67,146.0,9,16,5,-7,76.0,102.0,9.0,1.0,1.0,0.0,PRX,,13,BME,,8,0,VCT Emea
0,Ascent,dos9,BME,Omen,0.62,117.0,8,15,7,-7,62.0,78.0,14.0,1.0,4.0,-3.0,PRX,,13,BME,,8,0,VCT Emea
2,Fracture,Jinggg,PRX,Brimstone,1.73,342.0,27,15,10,12,95.0,239.0,34.0,1.0,0.0,1.0,PRX,,9,BME,,13,0,VCT Emea
2,Fracture,f0rsakeN,PRX,Neon,1.21,238.0,19,16,8,3,77.0,152.0,31.0,6.0,7.0,-1.0,PRX,,9,BME,,13,0,VCT Emea
2,Fracture,PatMen,PRX,Breach,0.8,163.0,12,18,14,-6,68.0,115.0,20.0,1.0,0.0,1.0,PRX,,9,BME,,13,0,VCT Emea
2,Fracture,something,PRX,Tejo,0.76,179.0,14,19,3,-5,64.0,131.0,27.0,0.0,2.0,-2.0,PRX,,9,BME,,13,0,VCT Emea
2,Fracture,d4v41,PRX,Vyse,0.46,107.0,8,17,3,-9,68.0,81.0,33.0,0.0,5.0,-5.0,PRX,,9,BME,,13,0,VCT Emea
2,Fracture,dos9,BME,Brimstone,1.64,240.0,22,12,8,10,86.0,143.0,24.0,1.0,0.0,1.0,PRX,,9,BME,,13,1,VCT Emea
2,Fracture,NcSlasher,BME,Breach,1.35,254.0,20,16,13,4,91.0,162.0,15.0,0.0,0.0,0.0,PRX,,9,BME,,13,1,VCT Emea
2,Fracture,BerserX,BME,Killjoy,0.8,214.0,17,17,7,0,68.0,132.0,10.0,4.0,3.0,1.0,PRX,,9,BME,,13,1,VCT Emea
2,Fracture,Famouz,BME,Neon,0.76,241.0,17,21,6,-4,77.0,154.0,22.0,7.0,3.0,4.0,PRX,,9,BME,,13,1,VCT Emea
2,Fracture,Shiro,BME,Tejo,0.61,116.0,9,14,4,-5,68.0,79.0,14.0,2.0,2.0,0.0,PRX,,9,BME,,13,1,VCT Emea
3,Pearl,f0rsakeN,PRX,Vyse,1.01,190.0,16,15,5,1,70.0,125.0,38.0,2.0,3.0,-1.0,PRX,,10,BME,,13,0,VCT Emea
3,Pearl,d4v41,PRX,Astra,0.99,156.0,14,14,6,0,65.0,101.0,36.0,1.0,1.0,0.0,PRX,,10,BME,,13,0,VCT Emea
3,Pearl,PatMen,PRX,Fade,0.88,221.0,16,18,6,-2,65.0,127.0,38.0,2.0,1.0,1.0,PRX,,10,BME,,13,0,VCT Emea
3,Pearl,Jinggg,PRX,Phoenix,0.76,152.0,11,16,8,-5,70.0,102.0,28.0,2.0,5.0,-3.0,PRX,,10,BME,,13,0,VCT Emea
3,Pearl,something,PRX,Yoru,0.72,100.0,8,13,4,-5,78.0,66.0,27.0,2.0,4.0,-2.0,PRX,,10,BME,,13,0,VCT Emea
3,Pearl,Famouz,BME,Jett,1.53,328.0,27,15,4,12,78.0,205.0,21.0,6.0,3.0,3.0,PRX,,10,BME,,13,1,VCT Emea
3,Pearl,Shiro,BME,Kayo,1.36,267.0,20,15,9,5,87.0,178.0,39.0,5.0,0.0,5.0,PRX,,10,BME,,13,1,VCT Emea
3,Pearl,dos9,BME,Astra,0.99,112.0,7,11,17,-4,78.0,77.0,23.0,1.0,0.0,1.0,PRX,,10,BME,,13,1,VCT Emea
3,Pearl,NcSlasher,BME,Tejo,0.95,149.0,12,13,8,-1,65.0,99.0,20.0,0.0,4.0,-4.0,PRX,,10,BME,,13,1,VCT Emea
3,Pearl,BerserX,BME,Killjoy,0.85,113.0,10,11,2,-1,65.0,78.0,15.0,2.0,2.0,0.0,PRX,,10,BME,,13,1,VCT Emea
0,Ascent,Flashback,KRX,Yoru,1.49,241.0,16,7,4,9,94.0,174.0,36.0,1.0,0.0,1.0,KRX,,13,GE,,3,1,VCT Emea
0,Ascent,Estrella,KRX,Vyse,1.37,258.0,15,7,3,8,88.0,153.0,27.0,4.0,1.0,3.0,KRX,,13,GE,,3,1,VCT Emea
0,Ascent,MaKo,KRX,Omen,1.21,176.0,10,6,8,4,81.0,114.0,46.0,2.0,1.0,1.0,KRX,,13,GE,,3,1,VCT Emea
0,Ascent,HYUNMIN,KRX,Jett,1.1,231.0,15,9,1,6,81.0,152.0,45.0,3.0,2.0,1.0,KRX,,13,GE,,3,1,VCT Emea
0,Ascent,free1ng,KRX,Tejo,1.04,186.0,10,8,5,2,81.0,114.0,47.0,2.0,0.0,2.0,KRX,,13,GE,,3,1,VCT Emea
0,Ascent,kellyS,GE,Deadlock,0.92,208.0,11,14,3,-3,69.0,125.0,32.0,1.0,1.0,0.0,KRX,,13,GE,,3,0,VCT Emea
0,Ascent,UdoTan,GE,Cypher,0.84,158.0,9,12,2,-3,56.0,91.0,39.0,0.0,1.0,-1.0,KRX,,13,GE,,3,0,VCT Emea
0,Ascent,Kr1stal,GE,Tejo,0.69,144.0,6,13,3,-7,63.0,111.0,21.0,1.0,4.0,-3.0,KRX,,13,GE,,3,0,VCT Emea
0,Ascent,Papi,GE,Omen,0.67,128.0,7,12,1,-5,56.0,71.0,25.0,0.0,2.0,-2.0,KRX,,13,GE,,3,0,VCT Emea
0,Ascent,yokam,GE,Jett,0.18,80.0,4,15,2,-11,50.0,62.0,17.0,2.0,4.0,-2.0,KRX,,13,GE,,3,0,VCT Emea
2,Split,Estrella,KRX,Omen,1.33,252.0,22,15,8,7,78.0,167.0,35.0,2.0,1.0,1.0,KRX,,13,GE,,10,1,VCT Emea
2,Split,Flashback,KRX,Neon,1.25,289.0,25,16,3,9,87.0,192.0,22.0,6.0,2.0,4.0,KRX,,13,GE,,10,1,VCT Emea
2,Split,free1ng,KRX,Tejo,1.21,238.0,20,14,4,6,96.0,152.0,22.0,2.0,0.0,2.0,KRX,,13,GE,,10,1,VCT Emea
2,Split,HYUNMIN,KRX,Raze,0.77,174.0,15,17,2,-2,78.0,124.0,27.0,4.0,0.0,4.0,KRX,,13,GE,,10,1,VCT Emea
2,Split,MaKo,KRX,Viper,0.72,136.0,11,14,7,-3,78.0,104.0,20.0,1.0,5.0,-4.0,KRX,,13,GE,,10,1,VCT Emea
2,Split,Kr1stal,GE,Fade,1.21,192.0,18,17,8,1,70.0,121.0,22.0,2.0,3.0,-1.0,KRX,,13,GE,,10,0,VCT Emea
2,Split,UdoTan,GE,Cypher,1.03,191.0,16,18,3,-2,61.0,112.0,25.0,2.0,1.0,1.0,KRX,,13,GE,,10,0,VCT Emea
2,Split,Papi,GE,Astra,0.94,171.0,15,18,6,-3,70.0,120.0,25.0,0.0,4.0,-4.0,KRX,,13,GE,,10,0,VCT Emea
2,Split,yokam,GE,Raze,0.79,220.0,15,21,8,-6,65.0,148.0,17.0,1.0,3.0,-2.0,KRX,,13,GE,,10,0,VCT Emea
2,Split,kellyS,GE,Deadlock,0.68,159.0,12,19,7,-7,70.0,105.0,17.0,3.0,4.0,-1.0,KRX,,13,GE,,10,0,VCT Emea
0,Icebox,HYUNMIN,KRX,Jett,1.35,287.0,22,14,2,8,71.0,188.0,40.0,4.0,2.0,2.0,KRX,,8,BME,,13,0,VCT Emea
0,Icebox,free1ng,KRX,Yoru,1.02,175.0,13,15,5,-2,67.0,114.0,29.0,4.0,1.0,3.0,KRX,,8,BME,,13,0,VCT Emea
0,Icebox,Estrella,KRX,Killjoy,0.84,170.0,12,13,2,-1,76.0,118.0,18.0,0.0,4.0,-4.0,KRX,,8,BME,,13,0,VCT Emea
0,Icebox,BeYN,KRX,Tejo,0.69,150.0,10,15,4,-5,71.0,116.0,37.0,0.0,2.0,-2.0,KRX,,8,BME,,13,0,VCT Emea
0,Icebox,MaKo,KRX,Viper,0.54,115.0,6,15,4,-9,57.0,82.0,24.0,2.0,2.0,0.0,KRX,,8,BME,,13,0,VCT Emea
0,Icebox,NcSlasher,BME,Kayo,1.31,251.0,18,15,11,3,76.0,163.0,31.0,3.0,2.0,1.0,KRX,,8,BME,,13,1,VCT Emea
0,Icebox,dos9,BME,Viper,1.31,178.0,12,9,11,3,76.0,117.0,23.0,0.0,1.0,-1.0,KRX,,8,BME,,13,1,VCT Emea
0,Icebox,BerserX,BME,Killjoy,1.2,179.0,14,9,4,5,86.0,126.0,30.0,0.0,1.0,-1.0,KRX,,8,BME,,13,1,VCT Emea
0,Icebox,Shiro,BME,Tejo,0.98,181.0,13,15,5,-2,67.0,107.0,25.0,5.0,1.0,4.0,KRX,,8,BME,,13,1,VCT Emea
0,Icebox,Famouz,BME,Jett,0.68,179.0,15,15,2,0,57.0,124.0,34.0,3.0,5.0,-2.0,KRX,,8,BME,,13,1,VCT Emea
2,Haven,HYUNMIN,KRX,Jett,1.56,319.0,32,18,1,14,62.0,206.0,48.0,3.0,2.0,1.0,KRX,,14,BME,,12,1,VCT Emea
2,Haven,MaKo,KRX,Omen,1.21,238.0,21,18,15,3,73.0,154.0,23.0,2.0,3.0,-1.0,KRX,,14,BME,,12,1,VCT Emea
2,Haven,Estrella,KRX,Cypher,0.99,213.0,20,19,10,1,81.0,136.0,27.0,3.0,2.0,1.0,KRX,,14,BME,,12,1,VCT Emea
2,Haven,BeYN,KRX,Tejo,0.94,196.0,16,20,7,-4,73.0,128.0,19.0,5.0,1.0,4.0,KRX,,14,BME,,12,1,VCT Emea
2,Haven,free1ng,KRX,Yoru,0.49,100.0,9,19,6,-10,69.0,73.0,20.0,1.0,4.0,-3.0,KRX,,14,BME,,12,1,VCT Emea
2,Haven,NcSlasher,BME,Omen,1.24,237.0,22,19,15,3,81.0,147.0,25.0,1.0,1.0,0.0,KRX,,14,BME,,12,0,VCT Emea
2,Haven,Famouz,BME,Yoru,1.17,272.0,25,21,4,4,73.0,187.0,25.0,5.0,7.0,-2.0,KRX,,14,BME,,12,0,VCT Emea
2,Haven,Shiro,BME,Sova,1.15,247.0,21,19,6,2,65.0,167.0,45.0,3.0,1.0,2.0,KRX,,14,BME,,12,0,VCT Emea
2,Haven,BerserX,BME,Cypher,0.82,187.0,17,20,3,-3,58.0,126.0,43.0,2.0,1.0,1.0,KRX,,14,BME,,12,0,VCT Emea
2,Haven,dos9,BME,Iso,0.55,115.0,9,19,8,-10,62.0,88.0,29.0,1.0,4.0,-3.0,KRX,,14,BME,,12,0,VCT Emea
3,Ascent,free1ng,KRX,Yoru,0.92,195.0,14,17,3,-3,67.0,116.0,29.0,1.0,4.0,-3.0,KRX,,8,BME,,13,0,VCT Emea
3,Ascent,BeYN,KRX,Tejo,0.85,177.0,12,17,7,-5,76.0,125.0,21.0,2.0,2.0,0.0,KRX,,8,BME,,13,0,VCT Emea
3,Ascent,Estrella,KRX,Vyse,0.85,181.0,14,15,3,-1,71.0,111.0,19.0,1.0,2.0,-1.0,KRX,,8,BME,,13,0,VCT Emea
3,Ascent,HYUNMIN,KRX,Jett,0.66,206.0,15,20,1,-5,57.0,123.0,42.0,2.0,4.0,-2.0,KRX,,8,BME,,13,0,VCT Emea
3,Ascent,MaKo,KRX,Omen,0.42,106.0,6,19,7,-13,48.0,78.0,16.0,0.0,2.0,-2.0,KRX,,8,BME,,13,0,VCT Emea
3,Ascent,BerserX,BME,Vyse,1.57,295.0,22,12,8,10,81.0,173.0,30.0,6.0,1.0,5.0,KRX,,8,BME,,13,1,VCT Emea
3,Ascent,dos9,BME,Omen,1.43,216.0,18,9,10,9,95.0,124.0,16.0,2.0,1.0,1.0,KRX,,8,BME,,13,1,VCT Emea
3,Ascent,Shiro,BME,Sova,1.07,221.0,15,13,8,2,71.0,163.0,22.0,3.0,2.0,1.0,KRX,,8,BME,,13,1,VCT Emea
3,Ascent,Famouz,BME,Yoru,1.06,242.0,20,16,3,4,71.0,159.0,33.0,4.0,1.0,3.0,KRX,,8,BME,,13,1,VCT Emea
3,Ascent,NcSlasher,BME,Tejo,0.91,157.0,13,12,2,1,95.0,107.0,40.0,0.0,2.0,-2.0,KRX,,8,BME,,13,1,VCT Emea
0,Haven,Ash,GEN,Tejo,1.45,236.0,15,9,6,6,78.0,158.0,37.0,1.0,0.0,1.0,GEN,,13,GE,,5,1,VCT Emea
0,Haven,Karon,GEN,Omen,1.19,215.0,14,11,8,3,72.0,131.0,22.0,3.0,2.0,1.0,GEN,,13,GE,,5,1,VCT Emea
0,Haven,Munchkin,GEN,Viper,1.12,208.0,14,12,7,2,72.0,152.0,27.0,4.0,1.0,3.0,GEN,,13,GE,,5,1,VCT Emea
0,Haven,Foxy9,GEN,Killjoy,1.1,192.0,13,9,1,4,83.0,123.0,26.0,4.0,1.0,3.0,GEN,,13,GE,,5,1,VCT Emea
0,Haven,t3xture,GEN,Neon,0.97,184.0,13,12,2,1,72.0,117.0,23.0,2.0,0.0,2.0,GEN,,13,GE,,5,1,VCT Emea
0,Haven,UdoTan,GE,Iso,1.18,268.0,16,13,2,3,67.0,173.0,35.0,3.0,5.0,-2.0,GEN,,13,GE,,5,0,VCT Emea
0,Haven,Kr1stal,GE,Sova,0.83,168.0,11,13,2,-2,67.0,114.0,27.0,0.0,1.0,-1.0,GEN,,13,GE,,5,0,VCT Emea
0,Haven,kellyS,GE,Cypher,0.82,165.0,10,13,4,-3,67.0,110.0,16.0,1.0,3.0,-2.0,GEN,,13,GE,,5,0,VCT Emea
0,Haven,Papi,GE,Omen,0.72,155.0,11,14,4,-3,78.0,95.0,18.0,0.0,1.0,-1.0,GEN,,13,GE,,5,0,VCT Emea
0,Haven,Deryeon,GE,Jett,0.52,127.0,5,16,5,-11,56.0,94.0,29.0,0.0,4.0,-4.0,GEN,,13,GE,,5,0,VCT Emea
2,Pearl,Karon,GEN,Astra,1.36,227.0,18,10,8,8,80.0,139.0,47.0,2.0,0.0,2.0,GEN,,13,GE,,7,1,VCT Emea
2,Pearl,Foxy9,GEN,Killjoy,1.35,247.0,17,11,2,6,80.0,161.0,40.0,3.0,1.0,2.0,GEN,,13,GE,,7,1,VCT Emea
2,Pearl,Ash,GEN,Tejo,1.01,155.0,11,12,4,-1,75.0,101.0,26.0,1.0,1.0,0.0,GEN,,13,GE,,7,1,VCT Emea
2,Pearl,Munchkin,GEN,Kayo,0.96,173.0,11,14,15,-3,80.0,103.0,14.0,2.0,2.0,0.0,GEN,,13,GE,,7,1,VCT Emea
2,Pearl,t3xture,GEN,Neon,0.94,215.0,16,15,4,1,80.0,149.0,40.0,2.0,6.0,-4.0,GEN,,13,GE,,7,1,VCT Emea
2,Pearl,Kr1stal,GE,Sova,1.42,221.0,17,12,3,5,80.0,131.0,21.0,1.0,1.0,0.0,GEN,,13,GE,,7,0,VCT Emea
2,Pearl,UdoTan,GE,Killjoy,0.9,188.0,12,15,5,-3,75.0,143.0,29.0,3.0,6.0,-3.0,GEN,,13,GE,,7,0,VCT Emea
2,Pearl,kellyS,GE,Vyse,0.73,125.0,8,13,7,-5,65.0,90.0,19.0,0.0,1.0,-1.0,GEN,,13,GE,,7,0,VCT Emea
2,Pearl,Deryeon,GE,Jett,0.69,214.0,15,18,3,-3,80.0,137.0,30.0,5.0,2.0,3.0,GEN,,13,GE,,7,0,VCT Emea
2,Pearl,Papi,GE,Astra,0.69,157.0,10,15,6,-5,75.0,107.0,19.0,1.0,0.0,1.0,GEN,,13,GE,,7,0,VCT Emea
0,Ascent,Akame,DFM,Kayo,1.61,307.0,24,18,19,6,88.0,186.0,35.0,5.0,0.0,5.0,DFM,,13,PRX,,11,1,VCT Emea
0,Ascent,gyen,DFM,Astra,1.16,257.0,21,20,13,1,67.0,181.0,29.0,2.0,2.0,0.0,DFM,,13,PRX,,11,1,VCT Emea
0,Ascent,Jinboong,DFM,Fade,1.07,155.0,14,14,5,0,63.0,118.0,37.0,1.0,3.0,-2.0,DFM,,13,PRX,,11,1,VCT Emea
0,Ascent,Meiy,DFM,Jett,0.92,190.0,18,16,4,2,75.0,112.0,16.0,4.0,2.0,2.0,DFM,,13,PRX,,11,1,VCT Emea
0,Ascent,Art,DFM,Tejo,0.65,128.0,9,17,10,-8,67.0,92.0,15.0,1.0,4.0,-3.0,DFM,,13,PRX,,11,1,VCT Emea
0,Ascent,Jinggg,PRX,Omen,1.46,252.0,23,16,12,7,79.0,185.0,42.0,1.0,1.0,0.0,DFM,,13,PRX,,11,0,VCT Emea
0,Ascent,something,PRX,Jett,1.02,185.0,16,16,2,0,63.0,114.0,44.0,4.0,3.0,1.0,DFM,,13,PRX,,11,0,VCT Emea
0,Ascent,PatMen,PRX,Kayo,1.0,214.0,17,18,19,-1,79.0,139.0,30.0,2.0,2.0,0.0,DFM,,13,PRX,,11,0,VCT Emea
0,Ascent,f0rsakeN,PRX,Fade,0.84,189.0,16,19,8,-3,75.0,132.0,29.0,2.0,6.0,-4.0,DFM,,13,PRX,,11,0,VCT Emea
0,Ascent,d4v41,PRX,Vyse,0.68,132.0,13,17,6,-4,71.0,79.0,31.0,2.0,1.0,1.0,DFM,,13,PRX,,11,0,VCT Emea
2,Lotus,gyen,DFM,Omen,1.14,232.0,8,16,10,-8,60.0,151.0,21.0,1.0,2.0,-1.0,DFM,,7,PRX,,13,0,VCT Emea
2,Lotus,Meiy,DFM,Neon,0.89,198.0,17,16,4,1,75.0,127.0,48.0,1.0,1.0,0.0,DFM,,7,PRX,,13,0,VCT Emea
2,Lotus,Akame,DFM,Breach,0.78,163.0,14,17,4,-3,65.0,103.0,24.0,3.0,0.0,3.0,DFM,,7,PRX,,13,0,VCT Emea
2,Lotus,Art,DFM,Tejo,0.63,129.0,9,19,7,-10,70.0,78.0,22.0,0.0,6.0,-6.0,DFM,,7,PRX,,13,0,VCT Emea
2,Lotus,Jinboong,DFM,Viper,0.61,168.0,11,17,6,-6,55.0,134.0,24.0,1.0,5.0,-4.0,DFM,,7,PRX,,13,0,VCT Emea
2,Lotus,something,PRX,Yoru,1.66,286.0,23,13,8,10,85.0,195.0,29.0,8.0,1.0,7.0,DFM,,7,PRX,,13,1,VCT Emea
2,Lotus,PatMen,PRX,Fade,1.43,303.0,15,13,9,2,80.0,173.0,29.0,0.0,0.0,0.0,DFM,,7,PRX,,13,1,VCT Emea
2,Lotus,Jinggg,PRX,Raze,1.14,208.0,12,11,4,1,75.0,133.0,12.0,2.0,2.0,0.0,DFM,,7,PRX,,13,1,VCT Emea
2,Lotus,f0rsakeN,PRX,Omen,1.01,189.0,15,12,13,3,85.0,119.0,42.0,2.0,3.0,-1.0,DFM,,7,PRX,,13,1,VCT Emea
2,Lotus,d4v41,PRX,Vyse,0.95,178.0,20,10,6,10,95.0,123.0,22.0,2.0,0.0,2.0,DFM,,7,PRX,,13,1,VCT Emea
3,Pearl,Akame,DFM,Chamber,1.53,314.0,32,19,3,13,64.0,212.0,43.0,6.0,5.0,1.0,DFM,,13,PRX,,15,0,VCT Emea
3,Pearl,gyen,DFM,Astra,1.08,178.0,17,19,10,-2,68.0,115.0,33.0,4.0,1.0,3.0,DFM,,13,PRX,,15,0,VCT Emea
3,Pearl,Jinboong,DFM,Vyse,0.95,163.0,16,18,5,-2,79.0,115.0,35.0,3.0,1.0,2.0,DFM,,13,PRX,,15,0,VCT Emea
3,Pearl,Meiy,DFM,Yoru,0.8,174.0,17,21,4,-4,61.0,128.0,21.0,1.0,5.0,-4.0,DFM,,13,PRX,,15,0,VCT Emea
3,Pearl,Art,DFM,Sova,0.54,133.0,9,23,11,-14,50.0,112.0,18.0,0.0,2.0,-2.0,DFM,,13,PRX,,15,0,VCT Emea
3,Pearl,Jinggg,PRX,Phoenix,1.51,296.0,31,17,4,14,86.0,176.0,27.0,6.0,2.0,4.0,DFM,,13,PRX,,15,1,VCT Emea
3,Pearl,something,PRX,Jett,1.23,244.0,23,18,5,5,71.0,168.0,32.0,6.0,5.0,1.0,DFM,,13,PRX,,15,1,VCT Emea
3,Pearl,d4v41,PRX,Astra,1.11,222.0,22,18,7,4,75.0,155.0,29.0,1.0,2.0,-1.0,DFM,,13,PRX,,15,1,VCT Emea
3,Pearl,PatMen,PRX,Fade,0.73,106.0,10,17,12,-7,79.0,60.0,23.0,1.0,0.0,1.0,DFM,,13,PRX,,15,1,VCT Emea
3,Pearl,f0rsakeN,PRX,Vyse,0.59,137.0,14,21,7,-7,50.0,94.0,24.0,0.0,5.0,-5.0,DFM,,13,PRX,,15,1,VCT Emea
0,Split,d4v41,PRX,Viper,1.54,284.0,19,10,7,9,83.0,186.0,21.0,3.0,1.0,2.0,PRX,,13,GE,,5,1,VCT Emea
0,Split,f0rsakeN,PRX,Omen,1.27,262.0,17,13,9,4,78.0,156.0,22.0,1.0,0.0,1.0,PRX,,13,GE,,5,1,VCT Emea
0,Split,Jinggg,PRX,Raze,1.27,257.0,18,12,2,6,67.0,164.0,15.0,1.0,1.0,0.0,PRX,,13,GE,,5,1,VCT Emea
0,Split,PatMen,PRX,Fade,1.03,191.0,12,10,7,2,78.0,140.0,22.0,0.0,2.0,-2.0,PRX,,13,GE,,5,1,VCT Emea
0,Split,something,PRX,Yoru,0.48,133.0,8,15,4,-7,61.0,90.0,10.0,4.0,5.0,-1.0,PRX,,13,GE,,5,1,VCT Emea
0,Split,Papi,GE,Astra,1.11,185.0,13,13,2,0,78.0,116.0,39.0,1.0,2.0,-1.0,PRX,,13,GE,,5,0,VCT Emea
0,Split,Deryeon,GE,Raze,0.96,253.0,14,17,4,-3,72.0,147.0,22.0,4.0,3.0,1.0,PRX,,13,GE,,5,0,VCT Emea
0,Split,kellyS,GE,Deadlock,0.94,157.0,11,13,4,-2,67.0,92.0,18.0,1.0,1.0,0.0,PRX,,13,GE,,5,0,VCT Emea
0,Split,Kr1stal,GE,Fade,0.76,203.0,14,16,3,-2,72.0,119.0,24.0,2.0,2.0,0.0,PRX,,13,GE,,5,0,VCT Emea
0,Split,UdoTan,GE,Cypher,0.53,151.0,8,15,3,-7,67.0,117.0,30.0,1.0,1.0,0.0,PRX,,13,GE,,5,0,VCT Emea
2,Lotus,d4v41,PRX,Vyse,1.5,311.0,24,14,7,10,77.0,172.0,33.0,5.0,0.0,5.0,PRX,,13,GE,,9,1,VCT Emea
2,Lotus,f0rsakeN,PRX,Omen,1.43,254.0,21,13,6,8,82.0,153.0,38.0,3.0,3.0,0.0,PRX,,13,GE,,9,1,VCT Emea
2,Lotus,Jinggg,PRX,Raze,1.43,291.0,24,14,5,10,77.0,181.0,20.0,0.0,1.0,-1.0,PRX,,13,GE,,9,1,VCT Emea
2,Lotus,PatMen,PRX,Fade,0.59,118.0,8,16,10,-8,77.0,96.0,37.0,0.0,5.0,-5.0,PRX,,13,GE,,9,1,VCT Emea
2,Lotus,something,PRX,Yoru,0.36,84.0,6,16,2,-10,50.0,52.0,10.0,2.0,3.0,-1.0,PRX,,13,GE,,9,1,VCT Emea
2,Lotus,UdoTan,GE,Cypher,1.35,258.0,21,15,6,6,68.0,171.0,31.0,1.0,3.0,-2.0,PRX,,13,GE,,9,0,VCT Emea
2,Lotus,Deryeon,GE,Yoru,1.04,236.0,16,17,7,-1,68.0,147.0,23.0,6.0,2.0,4.0,PRX,,13,GE,,9,0,VCT Emea
2,Lotus,Kr1stal,GE,Tejo,0.97,186.0,16,15,4,1,59.0,125.0,29.0,0.0,1.0,-1.0,PRX,,13,GE,,9,0,VCT Emea
2,Lotus,Papi,GE,Omen,0.67,138.0,9,17,10,-8,82.0,106.0,15.0,4.0,3.0,1.0,PRX,,13,GE,,9,0,VCT Emea
2,Lotus,kellyS,GE,Breach,0.63,150.0,11,19,9,-8,64.0,88.0,15.0,1.0,1.0,0.0,PRX,,13,GE,,9,0,VCT Emea
0,Lotus,HYUNMIN,KRX,Yoru,1.12,245.0,17,18,5,-1,71.0,156.0,23.0,4.0,2.0,2.0,KRX,,8,GEN,,13,0,VCT Emea
0,Lotus,BeYN,KRX,Omen,1.03,229.0,17,16,6,1,67.0,133.0,38.0,4.0,1.0,3.0,KRX,,8,GEN,,13,0,VCT Emea
0,Lotus,MaKo,KRX,Viper,0.8,148.0,11,15,1,-4,48.0,103.0,26.0,2.0,4.0,-2.0,KRX,,8,GEN,,13,0,VCT Emea
0,Lotus,free1ng,KRX,Tejo,0.68,160.0,12,18,3,-6,57.0,92.0,17.0,3.0,1.0,2.0,KRX,,8,GEN,,13,0,VCT Emea
0,Lotus,Estrella,KRX,Breach,0.55,110.0,7,16,10,-9,67.0,76.0,26.0,0.0,0.0,0.0,KRX,,8,GEN,,13,0,VCT Emea
0,Lotus,Foxy9,GEN,Vyse,1.52,313.0,23,12,4,11,90.0,199.0,41.0,3.0,0.0,3.0,KRX,,8,GEN,,13,1,VCT Emea
0,Lotus,t3xture,GEN,Raze,1.44,349.0,26,15,1,11,71.0,221.0,19.0,2.0,3.0,-1.0,KRX,,8,GEN,,13,1,VCT Emea
0,Lotus,Ash,GEN,Fade,1.09,154.0,13,11,7,2,71.0,110.0,42.0,0.0,2.0,-2.0,KRX,,8,GEN,,13,1,VCT Emea
0,Lotus,Munchkin,GEN,Viper,0.85,161.0,12,12,3,0,86.0,105.0,31.0,2.0,4.0,-2.0,KRX,,8,GEN,,13,1,VCT Emea
0,Lotus,Karon,GEN,Omen,0.68,126.0,9,14,6,-5,57.0,74.0,37.0,1.0,4.0,-3.0,KRX,,8,GEN,,13,1,VCT Emea
2,Split,HYUNMIN,KRX,Yoru,1.32,276.0,24,16,6,8,83.0,162.0,33.0,5.0,2.0,3.0,KRX,,13,GEN,,10,1,VCT Emea
2,Split,BeYN,KRX,Omen,1.26,212.0,18,15,14,3,83.0,135.0,28.0,0.0,1.0,-1.0,KRX,,13,GEN,,10,1,VCT Emea
2,Split,free1ng,KRX,Tejo,1.13,191.0,15,14,12,1,78.0,127.0,11.0,3.0,1.0,2.0,KRX,,13,GEN,,10,1,VCT Emea
2,Split,MaKo,KRX,Viper,1.12,221.0,18,15,5,3,65.0,142.0,20.0,6.0,3.0,3.0,KRX,,13,GEN,,10,1,VCT Emea
2,Split,Estrella,KRX,Breach,1.03,144.0,11,12,10,-1,91.0,93.0,15.0,2.0,0.0,2.0,KRX,,13,GEN,,10,1,VCT Emea
2,Split,Foxy9,GEN,Viper,1.23,233.0,19,15,5,4,78.0,161.0,36.0,1.0,2.0,-1.0,KRX,,13,GEN,,10,0,VCT Emea
2,Split,Ash,GEN,Yoru,1.02,223.0,18,16,4,2,65.0,138.0,28.0,3.0,4.0,-1.0,KRX,,13,GEN,,10,0,VCT Emea
2,Split,t3xture,GEN,Raze,0.75,177.0,14,18,3,-4,65.0,108.0,29.0,2.0,6.0,-4.0,KRX,,13,GEN,,10,0,VCT Emea
2,Split,Munchkin,GEN,Fade,0.6,125.0,10,19,9,-9,65.0,89.0,14.0,1.0,2.0,-1.0,KRX,,13,GEN,,10,0,VCT Emea
2,Split,Karon,GEN,Omen,0.52,132.0,10,18,4,-8,74.0,85.0,19.0,0.0,2.0,-2.0,KRX,,13,GEN,,10,0,VCT Emea
3,Ascent,BeYN,KRX,Cypher,1.32,201.0,16,13,8,3,68.0,136.0,33.0,4.0,1.0,3.0,KRX,,13,GEN,,9,1,VCT Emea
3,Ascent,HYUNMIN,KRX,Jett,1.3,240.0,19,13,3,6,64.0,141.0,18.0,4.0,4.0,0.0,KRX,,13,GEN,,9,1,VCT Emea
3,Ascent,MaKo,KRX,Omen,1.18,181.0,13,12,13,1,82.0,108.0,28.0,2.0,1.0,1.0,KRX,,13,GEN,,9,1,VCT Emea
3,Ascent,free1ng,KRX,Tejo,1.04,212.0,17,14,4,3,68.0,149.0,28.0,1.0,3.0,-2.0,KRX,,13,GEN,,9,1,VCT Emea
3,Ascent,Estrella,KRX,Kayo,0.7,120.0,8,14,10,-6,77.0,85.0,16.0,1.0,1.0,0.0,KRX,,13,GEN,,9,1,VCT Emea
3,Ascent,t3xture,GEN,Yoru,1.13,253.0,20,17,6,3,68.0,154.0,27.0,6.0,6.0,0.0,KRX,,13,GEN,,9,0,VCT Emea
3,Ascent,Karon,GEN,Omen,1.06,225.0,17,15,8,2,82.0,136.0,31.0,2.0,1.0,1.0,KRX,,13,GEN,,9,0,VCT Emea
3,Ascent,Foxy9,GEN,Cypher,0.93,157.0,13,13,8,0,77.0,102.0,24.0,2.0,1.0,1.0,KRX,,13,GEN,,9,0,VCT Emea
3,Ascent,Ash,GEN,Tejo,0.77,111.0,9,13,4,-4,68.0,76.0,12.0,0.0,1.0,-1.0,KRX,,13,GEN,,9,0,VCT Emea
3,Ascent,Munchkin,GEN,Sova,0.66,108.0,7,15,9,-8,68.0,83.0,23.0,0.0,3.0,-3.0,KRX,,13,GEN,,9,0,VCT Emea
0,Fracture,Akame,DFM,Tejo,1.19,206.0,16,14,2,2,67.0,137.0,21.0,3.0,4.0,-1.0,DFM,,8,BME,,13,0,VCT Emea
0,Fracture,Meiy,DFM,Neon,1.09,242.0,19,18,3,1,62.0,159.0,36.0,2.0,2.0,0.0,DFM,,8,BME,,13,0,VCT Emea
0,Fracture,Jinboong,DFM,Vyse,1.03,197.0,14,15,5,-1,71.0,133.0,30.0,2.0,1.0,1.0,DFM,,8,BME,,13,0,VCT Emea
0,Fracture,gyen,DFM,Brimstone,1.02,202.0,15,17,10,-2,76.0,140.0,38.0,2.0,4.0,-2.0,DFM,,8,BME,,13,0,VCT Emea
0,Fracture,Art,DFM,Breach,0.35,103.0,5,17,10,-12,62.0,66.0,11.0,0.0,1.0,-1.0,DFM,,8,BME,,13,0,VCT Emea
0,Fracture,Shiro,BME,Tejo,1.56,281.0,23,12,7,11,86.0,194.0,39.0,0.0,0.0,0.0,DFM,,8,BME,,13,1,VCT Emea
0,Fracture,dos9,BME,Brimstone,1.12,220.0,16,16,15,0,76.0,150.0,28.0,3.0,1.0,2.0,DFM,,8,BME,,13,1,VCT Emea
0,Fracture,Famouz,BME,Neon,0.97,186.0,14,12,4,2,71.0,124.0,20.0,6.0,6.0,0.0,DFM,,8,BME,,13,1,VCT Emea
0,Fracture,NcSlasher,BME,Breach,0.97,193.0,15,15,8,0,90.0,119.0,23.0,0.0,0.0,0.0,DFM,,8,BME,,13,1,VCT Emea
0,Fracture,BerserX,BME,Killjoy,0.88,175.0,13,14,3,-1,67.0,121.0,22.0,3.0,2.0,1.0,DFM,,8,BME,,13,1,VCT Emea
2,Ascent,Meiy,DFM,Jett,0.97,220.0,14,17,2,-3,63.0,141.0,37.0,2.0,5.0,-3.0,DFM,,6,BME,,13,0,VCT Emea
2,Ascent,Akame,DFM,Kayo,0.96,199.0,12,16,9,-4,68.0,113.0,32.0,2.0,2.0,0.0,DFM,,6,BME,,13,0,VCT Emea
2,Ascent,Art,DFM,Tejo,0.9,195.0,12,16,5,-4,58.0,124.0,24.0,0.0,3.0,-3.0,DFM,,6,BME,,13,0,VCT Emea
2,Ascent,gyen,DFM,Astra,0.89,174.0,11,14,3,-3,68.0,107.0,32.0,0.0,2.0,-2.0,DFM,,6,BME,,13,0,VCT Emea
2,Ascent,Jinboong,DFM,Fade,0.38,84.0,5,16,4,-11,37.0,62.0,29.0,0.0,3.0,-3.0,DFM,,6,BME,,13,0,VCT Emea
2,Ascent,dos9,BME,Omen,1.33,243.0,18,11,9,7,89.0,153.0,27.0,4.0,0.0,4.0,DFM,,6,BME,,13,1,VCT Emea
2,Ascent,Famouz,BME,Yoru,1.25,275.0,18,13,5,5,79.0,159.0,21.0,5.0,1.0,4.0,DFM,,6,BME,,13,1,VCT Emea
2,Ascent,NcSlasher,BME,Tejo,1.13,187.0,15,9,4,6,74.0,122.0,26.0,2.0,2.0,0.0,DFM,,6,BME,,13,1,VCT Emea
2,Ascent,BerserX,BME,Vyse,1.02,162.0,12,10,7,2,89.0,107.0,31.0,3.0,0.0,3.0,DFM,,6,BME,,13,1,VCT Emea
2,Ascent,Shiro,BME,Sova,0.97,222.0,16,12,5,4,79.0,144.0,21.0,1.0,1.0,0.0,DFM,,6,BME,,13,1,VCT Emea
0,Fracture,Meteor,T1,Vyse,1.42,278.0,20,12,6,8,70.0,187.0,36.0,2.0,0.0,2.0,T1,,13,ZETA,,7,1,VCT Emea
0,Fracture,BuZz,T1,Neon,1.26,237.0,17,12,8,5,75.0,149.0,20.0,4.0,2.0,2.0,T1,,13,ZETA,,7,1,VCT Emea
0,Fracture,Sylvan,T1,Brimstone,1.08,230.0,14,13,13,1,80.0,143.0,20.0,4.0,3.0,1.0,T1,,13,ZETA,,7,1,VCT Emea
0,Fracture,iZu,T1,Tejo,1.0,139.0,13,10,1,3,75.0,97.0,25.0,2.0,1.0,1.0,T1,,13,ZETA,,7,1,VCT Emea
0,Fracture,stax,T1,Breach,0.96,151.0,10,12,16,-2,80.0,92.0,18.0,1.0,1.0,0.0,T1,,13,ZETA,,7,1,VCT Emea
0,Fracture,SugarZ3ro,ZETA,Brimstone,1.37,218.0,18,12,3,6,75.0,147.0,34.0,0.0,1.0,-1.0,T1,,13,ZETA,,7,0,VCT Emea
0,Fracture,SyouTa,ZETA,Vyse,0.91,167.0,11,14,4,-3,60.0,107.0,26.0,2.0,2.0,0.0,T1,,13,ZETA,,7,0,VCT Emea
0,Fracture,Xdll,ZETA,Breach,0.76,154.0,10,16,5,-6,55.0,103.0,41.0,1.0,3.0,-2.0,T1,,13,ZETA,,7,0,VCT Emea
0,Fracture,CLZ,ZETA,Tejo,0.69,133.0,7,15,9,-8,60.0,94.0,24.0,3.0,2.0,1.0,T1,,13,ZETA,,7,0,VCT Emea
0,Fracture,Dep,ZETA,Raze,0.69,192.0,13,17,2,-4,55.0,114.0,19.0,1.0,5.0,-4.0,T1,,13,ZETA,,7,0,VCT Emea
2,Split,iZu,T1,Yoru,1.2,206.0,20,15,4,5,62.0,125.0,25.0,0.0,4.0,-4.0,T1,,12,ZETA,,14,0,VCT Emea
2,Split,BuZz,T1,Raze,1.0,215.0,17,19,5,-2,65.0,160.0,31.0,4.0,5.0,-1.0,T1,,12,ZETA,,14,0,VCT Emea
2,Split,stax,T1,Fade,0.89,174.0,16,19,6,-3,65.0,118.0,28.0,1.0,3.0,-2.0,T1,,12,ZETA,,14,0,VCT Emea
2,Split,Sylvan,T1,Omen,0.82,146.0,11,17,9,-6,73.0,97.0,14.0,1.0,1.0,0.0,T1,,12,ZETA,,14,0,VCT Emea
2,Split,Meteor,T1,Viper,0.76,188.0,17,21,5,-4,69.0,117.0,21.0,3.0,4.0,-1.0,T1,,12,ZETA,,14,0,VCT Emea
2,Split,Dep,ZETA,Yoru,1.24,272.0,25,17,10,8,77.0,183.0,36.0,4.0,3.0,1.0,T1,,12,ZETA,,14,1,VCT Emea
2,Split,SugarZ3ro,ZETA,Omen,1.24,167.0,17,12,6,5,77.0,101.0,24.0,4.0,2.0,2.0,T1,,12,ZETA,,14,1,VCT Emea
2,Split,Xdll,ZETA,Breach,1.1,203.0,21,16,5,5,73.0,133.0,40.0,3.0,1.0,2.0,T1,,12,ZETA,,14,1,VCT Emea
2,Split,SyouTa,ZETA,Viper,0.91,169.0,14,17,8,-3,62.0,107.0,22.0,3.0,2.0,1.0,T1,,12,ZETA,,14,1,VCT Emea
2,Split,CLZ,ZETA,Tejo,0.76,150.0,14,19,4,-5,62.0,102.0,26.0,3.0,1.0,2.0,T1,,12,ZETA,,14,1,VCT Emea
3,Haven,Meteor,T1,Iso,1.43,255.0,17,10,3,7,83.0,164.0,30.0,5.0,4.0,1.0,T1,,13,ZETA,,5,1,VCT Emea
3,Haven,Sylvan,T1,Omen,1.39,232.0,15,9,11,6,83.0,164.0,27.0,0.0,2.0,-2.0,T1,,13,ZETA,,5,1,VCT Emea
3,Haven,iZu,T1,Cypher,1.22,255.0,17,12,7,5,78.0,152.0,23.0,2.0,1.0,1.0,T1,,13,ZETA,,5,1,VCT Emea
3,Haven,stax,T1,Sova,1.21,145.0,10,7,4,3,72.0,99.0,16.0,0.0,1.0,-1.0,T1,,13,ZETA,,5,1,VCT Emea
3,Haven,BuZz,T1,Yoru,0.96,236.0,16,13,2,3,72.0,143.0,43.0,2.0,1.0,1.0,T1,,13,ZETA,,5,1,VCT Emea
3,Haven,CLZ,ZETA,Tejo,1.22,236.0,14,13,5,1,67.0,159.0,48.0,1.0,0.0,1.0,T1,,13,ZETA,,5,0,VCT Emea
3,Haven,Xdll,ZETA,Breach,1.08,247.0,16,15,7,1,78.0,152.0,35.0,2.0,2.0,0.0,T1,,13,ZETA,,5,0,VCT Emea
3,Haven,Dep,ZETA,Yoru,0.62,152.0,8,15,4,-7,44.0,100.0,19.0,4.0,5.0,-1.0,T1,,13,ZETA,,5,0,VCT Emea
3,Haven,SugarZ3ro,ZETA,Omen,0.6,141.0,8,15,3,-7,44.0,93.0,28.0,1.0,1.0,0.0,T1,,13,ZETA,,5,0,VCT Emea
3,Haven,SyouTa,ZETA,Cypher,0.25,80.0,5,17,3,-12,33.0,55.0,24.0,1.0,1.0,0.0,T1,,13,ZETA,,5,0,VCT Emea
0,Pearl,Killua,TLN,Fade,1.04,217.0,14,15,5,-1,56.0,135.0,44.0,1.0,2.0,-1.0,TLN,,5,TS,,13,0,VCT Emea
0,Pearl,primmie,TLN,Yoru,0.93,224.0,14,16,0,-2,61.0,136.0,21.0,3.0,2.0,1.0,TLN,,5,TS,,13,0,VCT Emea
0,Pearl,thyy,TLN,Astra,0.75,201.0,12,17,5,-5,72.0,128.0,54.0,3.0,0.0,3.0,TLN,,5,TS,,13,0,VCT Emea
0,Pearl,JitBoyS,TLN,Vyse,0.5,134.0,8,16,1,-8,56.0,96.0,33.0,1.0,4.0,-3.0,TLN,,5,TS,,13,0,VCT Emea
0,Pearl,Crws,TLN,Tejo,0.32,108.0,6,17,4,-11,50.0,77.0,25.0,0.0,2.0,-2.0,TLN,,5,TS,,13,0,VCT Emea
0,Pearl,invy,TS,Vyse,1.75,299.0,21,9,5,12,78.0,184.0,25.0,2.0,1.0,1.0,TLN,,5,TS,,13,1,VCT Emea
0,Pearl,Jremy,TS,Yoru,1.44,284.0,20,12,4,8,83.0,181.0,27.0,4.0,2.0,2.0,TLN,,5,TS,,13,1,VCT Emea
0,Pearl,Wild0reoo,TS,Chamber,1.06,213.0,15,12,3,3,67.0,128.0,14.0,3.0,3.0,0.0,TLN,,5,TS,,13,1,VCT Emea
0,Pearl,JessieVash,TS,Sova,1.04,193.0,12,11,9,1,83.0,140.0,24.0,0.0,0.0,0.0,TLN,,5,TS,,13,1,VCT Emea
0,Pearl,2GE,TS,Astra,0.97,183.0,13,10,5,3,67.0,113.0,21.0,1.0,2.0,-1.0,TLN,,5,TS,,13,1,VCT Emea
2,Fracture,thyy,TLN,Brimstone,1.7,260.0,13,6,13,7,100.0,146.0,27.0,2.0,0.0,2.0,TLN,,13,TS,,2,1,VCT Emea
2,Fracture,primmie,TLN,Waylay,1.59,279.0,17,5,1,12,87.0,189.0,45.0,2.0,1.0,1.0,TLN,,13,TS,,2,1,VCT Emea
2,Fracture,Killua,TLN,Breach,1.54,254.0,16,6,5,10,87.0,167.0,41.0,2.0,2.0,0.0,TLN,,13,TS,,2,1,VCT Emea
2,Fracture,Crws,TLN,Tejo,1.36,233.0,14,6,2,8,93.0,136.0,31.0,1.0,1.0,0.0,TLN,,13,TS,,2,1,VCT Emea
2,Fracture,JitBoyS,TLN,Cypher,0.98,220.0,12,9,3,3,87.0,145.0,21.0,4.0,0.0,4.0,TLN,,13,TS,,2,1,VCT Emea
2,Fracture,Wild0reoo,TS,Breach,0.6,144.0,8,14,2,-6,60.0,88.0,50.0,0.0,3.0,-3.0,TLN,,13,TS,,2,0,VCT Emea
2,Fracture,Jremy,TS,Neon,0.57,138.0,7,14,1,-7,40.0,90.0,13.0,2.0,3.0,-1.0,TLN,,13,TS,,2,0,VCT Emea
2,Fracture,invy,TS,Cypher,0.51,166.0,7,14,1,-7,60.0,117.0,9.0,2.0,3.0,-1.0,TLN,,13,TS,,2,0,VCT Emea
2,Fracture,JessieVash,TS,Tejo,0.5,139.0,5,15,3,-10,47.0,113.0,21.0,0.0,2.0,-2.0,TLN,,13,TS,,2,0,VCT Emea
2,Fracture,2GE,TS,Brimstone,0.47,123.0,5,15,5,-10,33.0,86.0,17.0,0.0,0.0,0.0,TLN,,13,TS,,2,0,VCT Emea
3,Haven,thyy,TLN,Omen,1.41,230.0,19,13,9,6,77.0,151.0,28.0,1.0,0.0,1.0,TLN,,13,TS,,9,1,VCT Emea
3,Haven,JitBoyS,TLN,Cypher,1.27,243.0,20,13,0,7,64.0,148.0,50.0,3.0,5.0,-2.0,TLN,,13,TS,,9,1,VCT Emea
3,Haven,Crws,TLN,Sova,0.99,162.0,13,14,5,-1,59.0,112.0,18.0,0.0,3.0,-3.0,TLN,,13,TS,,9,1,VCT Emea
3,Haven,Killua,TLN,Yoru,0.9,183.0,15,15,3,0,68.0,132.0,29.0,4.0,2.0,2.0,TLN,,13,TS,,9,1,VCT Emea
3,Haven,primmie,TLN,Iso,0.84,223.0,15,17,7,-2,86.0,150.0,30.0,3.0,1.0,2.0,TLN,,13,TS,,9,1,VCT Emea
3,Haven,invy,TS,Cypher,1.15,258.0,22,17,2,5,64.0,173.0,31.0,0.0,2.0,-2.0,TLN,,13,TS,,9,0,VCT Emea
3,Haven,2GE,TS,Astra,1.07,232.0,17,18,10,-1,77.0,140.0,17.0,5.0,1.0,4.0,TLN,,13,TS,,9,0,VCT Emea
3,Haven,Wild0reoo,TS,Breach,0.9,145.0,11,15,9,-4,59.0,101.0,30.0,0.0,0.0,0.0,TLN,,13,TS,,9,0,VCT Emea
3,Haven,JessieVash,TS,Tejo,0.76,157.0,12,16,4,-4,55.0,108.0,26.0,3.0,2.0,1.0,TLN,,13,TS,,9,0,VCT Emea
3,Haven,Jremy,TS,Neon,0.66,148.0,10,16,3,-6,68.0,92.0,30.0,3.0,6.0,-3.0,TLN,,13,TS,,9,0,VCT Emea
0,Ascent,Persia,NS,Omen,1.0,213.0,12,14,6,-2,67.0,142.0,31.0,1.0,2.0,-1.0,NS,,5,RRQ,,13,0,VCT Emea
0,Ascent,Dambi,NS,Waylay,0.76,152.0,10,14,2,-4,44.0,94.0,32.0,3.0,6.0,-3.0,NS,,5,RRQ,,13,0,VCT Emea
0,Ascent,Ivy,NS,Tejo,0.75,121.0,8,14,3,-6,56.0,100.0,36.0,0.0,0.0,0.0,NS,,5,RRQ,,13,0,VCT Emea
0,Ascent,margaret,NS,Cypher,0.62,129.0,8,16,3,-8,50.0,93.0,47.0,0.0,3.0,-3.0,NS,,5,RRQ,,13,0,VCT Emea
0,Ascent,Francis,NS,Kayo,0.57,147.0,8,16,7,-8,67.0,104.0,27.0,1.0,2.0,-1.0,NS,,5,RRQ,,13,0,VCT Emea
0,Ascent,Jemkin,RRQ,Yoru,1.89,341.0,22,10,8,12,89.0,221.0,32.0,9.0,1.0,8.0,NS,,5,RRQ,,13,1,VCT Emea
0,Ascent,Kushy,RRQ,Sova,1.75,252.0,19,7,8,12,83.0,169.0,41.0,3.0,2.0,1.0,NS,,5,RRQ,,13,1,VCT Emea
0,Ascent,crazyguy,RRQ,Tejo,1.19,239.0,15,9,7,6,83.0,163.0,19.0,0.0,0.0,0.0,NS,,5,RRQ,,13,1,VCT Emea
0,Ascent,Monyet,RRQ,Omen,0.97,136.0,9,9,7,0,78.0,101.0,30.0,0.0,1.0,-1.0,NS,,5,RRQ,,13,1,VCT Emea
0,Ascent,xffero,RRQ,Cypher,0.76,148.0,9,11,9,-2,83.0,107.0,28.0,1.0,1.0,0.0,NS,,5,RRQ,,13,1,VCT Emea
2,Split,Persia,NS,Omen,1.56,267.0,20,13,9,7,81.0,171.0,43.0,1.0,0.0,1.0,NS,,13,RRQ,,8,1,VCT Emea
2,Split,Francis,NS,Tejo,1.39,262.0,18,13,5,5,62.0,169.0,16.0,4.0,0.0,4.0,NS,,13,RRQ,,8,1,VCT Emea
2,Split,Ivy,NS,Deadlock,1.31,195.0,15,10,3,5,86.0,123.0,30.0,3.0,1.0,2.0,NS,,13,RRQ,,8,1,VCT Emea
2,Split,margaret,NS,Viper,0.72,121.0,9,13,6,-4,67.0,71.0,14.0,3.0,4.0,-1.0,NS,,13,RRQ,,8,1,VCT Emea
2,Split,Dambi,NS,Waylay,0.5,99.0,6,14,4,-8,67.0,70.0,14.0,0.0,5.0,-5.0,NS,,13,RRQ,,8,1,VCT Emea
2,Split,xffero,RRQ,Viper,1.25,229.0,18,11,3,7,76.0,149.0,19.0,1.0,0.0,1.0,NS,,13,RRQ,,8,0,VCT Emea
2,Split,Kushy,RRQ,Tejo,1.04,178.0,13,13,2,0,67.0,127.0,43.0,1.0,1.0,0.0,NS,,13,RRQ,,8,0,VCT Emea
2,Split,Monyet,RRQ,Astra,1.03,179.0,14,11,2,3,76.0,119.0,21.0,1.0,1.0,0.0,NS,,13,RRQ,,8,0,VCT Emea
2,Split,crazyguy,RRQ,Breach,0.56,140.0,8,16,4,-8,57.0,100.0,34.0,2.0,2.0,0.0,NS,,13,RRQ,,8,0,VCT Emea
2,Split,Jemkin,RRQ,Yoru,0.48,142.0,10,17,6,-7,62.0,88.0,25.0,5.0,7.0,-2.0,NS,,13,RRQ,,8,0,VCT Emea
3,Pearl,margaret,NS,Killjoy,1.05,160.0,15,14,2,1,65.0,104.0,38.0,2.0,3.0,-1.0,NS,,13,RRQ,,10,1,VCT Emea
3,Pearl,Persia,NS,Astra,0.95,147.0,16,14,6,2,83.0,97.0,32.0,2.0,2.0,0.0,NS,,13,RRQ,,10,1,VCT Emea
3,Pearl,Ivy,NS,Vyse,0.92,162.0,17,15,6,2,83.0,111.0,50.0,1.0,0.0,1.0,NS,,13,RRQ,,10,1,VCT Emea
3,Pearl,Dambi,NS,Neon,0.91,162.0,20,14,7,6,74.0,106.0,23.0,2.0,5.0,-3.0,NS,,13,RRQ,,10,1,VCT Emea
3,Pearl,Francis,NS,Tejo,0.9,171.0,16,19,3,-3,78.0,108.0,27.0,1.0,1.0,0.0,NS,,13,RRQ,,10,1,VCT Emea
3,Pearl,Monyet,RRQ,Astra,1.15,216.0,20,16,11,4,83.0,132.0,22.0,5.0,0.0,5.0,NS,,13,RRQ,,10,0,VCT Emea
3,Pearl,Kushy,RRQ,Kayo,1.14,191.0,15,16,12,-1,78.0,115.0,41.0,3.0,3.0,0.0,NS,,13,RRQ,,10,0,VCT Emea
3,Pearl,Jemkin,RRQ,Yoru,0.86,179.0,15,19,2,-4,61.0,122.0,24.0,2.0,3.0,-1.0,NS,,13,RRQ,,10,0,VCT Emea
3,Pearl,crazyguy,RRQ,Tejo,0.84,124.0,10,16,7,-6,78.0,85.0,15.0,0.0,1.0,-1.0,NS,,13,RRQ,,10,0,VCT Emea
3,Pearl,xffero,RRQ,Vyse,0.79,124.0,16,17,5,-1,78.0,74.0,15.0,1.0,1.0,0.0,NS,,13,RRQ,,10,0,VCT Emea
0,Lotus,invy,TS,Breach,1.74,305.0,27,14,18,13,92.0,195.0,28.0,1.0,1.0,0.0,TS,,11,ZETA,,13,0,VCT Emea
0,Lotus,Wild0reoo,TS,Tejo,1.26,296.0,25,19,4,6,83.0,195.0,30.0,2.0,3.0,-1.0,TS,,11,ZETA,,13,0,VCT Emea
0,Lotus,JessieVash,TS,Cypher,1.01,199.0,17,16,4,1,63.0,135.0,43.0,3.0,1.0,2.0,TS,,11,ZETA,,13,0,VCT Emea
0,Lotus,Jremy,TS,Waylay,0.85,196.0,16,19,8,-3,63.0,142.0,30.0,3.0,7.0,-4.0,TS,,11,ZETA,,13,0,VCT Emea
0,Lotus,2GE,TS,Omen,0.34,66.0,5,18,8,-13,63.0,44.0,20.0,0.0,3.0,-3.0,TS,,11,ZETA,,13,0,VCT Emea
0,Lotus,CLZ,ZETA,Sova,1.47,265.0,23,15,4,8,75.0,174.0,31.0,2.0,1.0,1.0,TS,,11,ZETA,,13,1,VCT Emea
0,Lotus,SyouTa,ZETA,Vyse,0.98,194.0,17,17,3,0,67.0,120.0,39.0,4.0,2.0,2.0,TS,,11,ZETA,,13,1,VCT Emea
0,Lotus,SugarZ3ro,ZETA,Omen,0.81,162.0,13,17,7,-4,79.0,104.0,36.0,1.0,1.0,0.0,TS,,11,ZETA,,13,1,VCT Emea
0,Lotus,Xdll,ZETA,Iso,0.79,220.0,18,23,2,-5,67.0,147.0,36.0,7.0,2.0,5.0,TS,,11,ZETA,,13,1,VCT Emea
0,Lotus,Dep,ZETA,Raze,0.77,167.0,15,18,1,-3,63.0,120.0,28.0,1.0,3.0,-2.0,TS,,11,ZETA,,13,1,VCT Emea
2,Icebox,invy,TS,Kayo,1.27,231.0,18,16,11,2,87.0,159.0,20.0,3.0,2.0,1.0,TS,,10,ZETA,,13,0,VCT Emea
2,Icebox,2GE,TS,Viper,1.05,241.0,19,18,6,1,83.0,165.0,23.0,1.0,3.0,-2.0,TS,,10,ZETA,,13,0,VCT Emea
2,Icebox,JessieVash,TS,Killjoy,0.95,181.0,16,16,2,0,74.0,111.0,21.0,0.0,3.0,-3.0,TS,,10,ZETA,,13,0,VCT Emea
2,Icebox,Jremy,TS,Waylay,0.89,229.0,16,18,2,-2,52.0,145.0,38.0,3.0,3.0,0.0,TS,,10,ZETA,,13,0,VCT Emea
2,Icebox,Wild0reoo,TS,Gekko,0.57,131.0,11,18,2,-7,65.0,89.0,24.0,2.0,3.0,-1.0,TS,,10,ZETA,,13,0,VCT Emea
2,Icebox,CLZ,ZETA,Sova,1.36,223.0,19,12,5,7,74.0,169.0,53.0,2.0,0.0,2.0,TS,,10,ZETA,,13,1,VCT Emea
2,Icebox,Dep,ZETA,Reyna,1.24,273.0,22,17,3,5,70.0,184.0,30.0,8.0,2.0,6.0,TS,,10,ZETA,,13,1,VCT Emea
2,Icebox,SugarZ3ro,ZETA,Viper,1.23,221.0,20,15,6,5,74.0,151.0,27.0,0.0,1.0,-1.0,TS,,10,ZETA,,13,1,VCT Emea
2,Icebox,SyouTa,ZETA,Vyse,0.94,155.0,13,14,6,-1,65.0,102.0,33.0,1.0,2.0,-1.0,TS,,10,ZETA,,13,1,VCT Emea
2,Icebox,Xdll,ZETA,Iso,0.45,164.0,12,22,5,-10,61.0,103.0,28.0,3.0,4.0,-1.0,TS,,10,ZETA,,13,1,VCT Emea
0,Icebox,stax,T1,Kayo,1.6,303.0,25,13,13,12,74.0,188.0,34.0,1.0,2.0,-1.0,T1,,13,NS,,10,1,VCT Emea
0,Icebox,Sylvan,T1,Viper,1.27,223.0,18,15,15,3,83.0,138.0,42.0,2.0,1.0,1.0,T1,,13,NS,,10,1,VCT Emea
0,Icebox,BuZz,T1,Chamber,1.21,255.0,21,14,2,7,78.0,165.0,29.0,3.0,3.0,0.0,T1,,13,NS,,10,1,VCT Emea
0,Icebox,iZu,T1,Sova,0.89,170.0,15,16,5,-1,78.0,108.0,45.0,1.0,0.0,1.0,T1,,13,NS,,10,1,VCT Emea
0,Icebox,Meteor,T1,Reyna,0.79,206.0,17,18,2,-1,61.0,135.0,47.0,3.0,7.0,-4.0,T1,,13,NS,,10,1,VCT Emea
0,Icebox,margaret,NS,Killjoy,1.09,239.0,20,20,3,0,74.0,156.0,40.0,3.0,2.0,1.0,T1,,13,NS,,10,0,VCT Emea
0,Icebox,Dambi,NS,Jett,0.94,239.0,19,22,6,-3,65.0,147.0,21.0,5.0,1.0,4.0,T1,,13,NS,,10,0,VCT Emea
0,Icebox,Ivy,NS,Tejo,0.88,172.0,14,18,8,-4,70.0,118.0,31.0,1.0,2.0,-1.0,T1,,13,NS,,10,0,VCT Emea
0,Icebox,Francis,NS,Kayo,0.79,176.0,13,19,13,-6,78.0,127.0,15.0,3.0,4.0,-1.0,T1,,13,NS,,10,0,VCT Emea
0,Icebox,Persia,NS,Viper,0.64,107.0,10,17,5,-7,52.0,80.0,24.0,1.0,1.0,0.0,T1,,13,NS,,10,0,VCT Emea
2,Split,Meteor,T1,Viper,1.36,301.0,23,16,8,7,79.0,196.0,36.0,6.0,3.0,3.0,T1,,13,NS,,11,1,VCT Emea
2,Split,iZu,T1,Yoru,1.35,246.0,22,13,6,9,67.0,155.0,18.0,2.0,3.0,-1.0,T1,,13,NS,,11,1,VCT Emea
2,Split,Sylvan,T1,Omen,0.91,157.0,14,15,9,-1,58.0,114.0,33.0,2.0,1.0,1.0,T1,,13,NS,,11,1,VCT Emea
2,Split,BuZz,T1,Raze,0.8,184.0,15,18,3,-3,71.0,131.0,23.0,2.0,5.0,-3.0,T1,,13,NS,,11,1,VCT Emea
2,Split,stax,T1,Fade,0.78,88.0,9,12,3,-3,67.0,63.0,33.0,0.0,0.0,0.0,T1,,13,NS,,11,1,VCT Emea
2,Split,Persia,NS,Omen,1.47,277.0,22,16,6,6,79.0,189.0,25.0,3.0,1.0,2.0,T1,,13,NS,,11,0,VCT Emea
2,Split,Ivy,NS,Deadlock,1.17,180.0,16,14,4,2,71.0,118.0,36.0,0.0,2.0,-2.0,T1,,13,NS,,11,0,VCT Emea
2,Split,margaret,NS,Viper,0.95,176.0,15,16,5,-1,63.0,112.0,32.0,3.0,1.0,2.0,T1,,13,NS,,11,0,VCT Emea
2,Split,Francis,NS,Tejo,0.83,190.0,16,18,3,-2,58.0,120.0,21.0,5.0,2.0,3.0,T1,,13,NS,,11,0,VCT Emea
2,Split,Dambi,NS,Waylay,0.26,86.0,5,19,5,-14,50.0,61.0,21.0,1.0,6.0,-5.0,T1,,13,NS,,11,0,VCT Emea
0,Lotus,Killua,TLN,Breach,1.48,231.0,18,11,5,7,67.0,151.0,28.0,1.0,3.0,-2.0,TLN,,8,RRQ,,13,0,VCT Emea
0,Lotus,primmie,TLN,Neon,0.97,200.0,16,16,3,0,71.0,141.0,40.0,3.0,4.0,-1.0,TLN,,8,RRQ,,13,0,VCT Emea
0,Lotus,JitBoyS,TLN,Vyse,0.86,201.0,14,18,9,-4,76.0,138.0,27.0,4.0,3.0,1.0,TLN,,8,RRQ,,13,0,VCT Emea
0,Lotus,Crws,TLN,Tejo,0.78,158.0,11,16,6,-5,62.0,113.0,30.0,1.0,1.0,0.0,TLN,,8,RRQ,,13,0,VCT Emea
0,Lotus,thyy,TLN,Omen,0.57,98.0,8,15,4,-7,62.0,73.0,43.0,0.0,1.0,-1.0,TLN,,8,RRQ,,13,0,VCT Emea
0,Lotus,Jemkin,RRQ,Yoru,1.25,236.0,18,14,3,4,67.0,166.0,33.0,5.0,3.0,2.0,TLN,,8,RRQ,,13,1,VCT Emea
0,Lotus,xffero,RRQ,Viper,1.16,230.0,15,11,5,4,52.0,157.0,27.0,2.0,3.0,-1.0,TLN,,8,RRQ,,13,1,VCT Emea
0,Lotus,Kushy,RRQ,Tejo,1.08,202.0,15,14,4,1,76.0,145.0,28.0,1.0,0.0,1.0,TLN,,8,RRQ,,13,1,VCT Emea
0,Lotus,crazyguy,RRQ,Breach,1.03,226.0,17,15,7,2,67.0,134.0,31.0,4.0,3.0,1.0,TLN,,8,RRQ,,13,1,VCT Emea
0,Lotus,Monyet,RRQ,Omen,0.93,160.0,11,13,11,-2,71.0,99.0,30.0,0.0,0.0,0.0,TLN,,8,RRQ,,13,1,VCT Emea
2,Ascent,Crws,TLN,Tejo,1.02,192.0,12,14,5,-2,78.0,135.0,21.0,3.0,1.0,2.0,TLN,,5,RRQ,,13,0,VCT Emea
2,Ascent,JitBoyS,TLN,Deadlock,0.99,225.0,13,14,3,-1,67.0,153.0,52.0,1.0,1.0,0.0,TLN,,5,RRQ,,13,0,VCT Emea
2,Ascent,thyy,TLN,Astra,0.83,174.0,11,15,7,-4,61.0,115.0,39.0,1.0,1.0,0.0,TLN,,5,RRQ,,13,0,VCT Emea
2,Ascent,primmie,TLN,Yoru,0.58,142.0,9,15,1,-6,61.0,90.0,38.0,2.0,5.0,-3.0,TLN,,5,RRQ,,13,0,VCT Emea
2,Ascent,Killua,TLN,Vyse,0.57,146.0,9,15,3,-6,72.0,103.0,37.0,1.0,2.0,-1.0,TLN,,5,RRQ,,13,0,VCT Emea
2,Ascent,Jemkin,RRQ,Yoru,1.55,337.0,22,10,1,12,83.0,204.0,52.0,3.0,3.0,0.0,TLN,,5,RRQ,,13,1,VCT Emea
2,Ascent,Kushy,RRQ,Sova,1.41,250.0,16,10,4,6,83.0,162.0,31.0,2.0,0.0,2.0,TLN,,5,RRQ,,13,1,VCT Emea
2,Ascent,Monyet,RRQ,Omen,1.06,183.0,13,11,7,2,83.0,115.0,36.0,2.0,4.0,-2.0,TLN,,5,RRQ,,13,1,VCT Emea
2,Ascent,xffero,RRQ,Cypher,1.03,141.0,10,10,6,0,78.0,98.0,21.0,2.0,1.0,1.0,TLN,,5,RRQ,,13,1,VCT Emea
2,Ascent,crazyguy,RRQ,Tejo,0.77,171.0,12,13,3,-1,78.0,108.0,16.0,1.0,0.0,1.0,TLN,,5,RRQ,,13,1,VCT Emea
0,Split,Jemkin,RRQ,Yoru,1.6,307.0,21,10,3,11,89.0,187.0,37.0,6.0,3.0,3.0,RRQ,,13,ZETA,,6,1,VCT Emea
0,Split,Kushy,RRQ,Tejo,1.51,226.0,16,7,2,9,84.0,158.0,44.0,0.0,1.0,-1.0,RRQ,,13,ZETA,,6,1,VCT Emea
0,Split,crazyguy,RRQ,Breach,1.4,214.0,17,8,7,9,84.0,135.0,22.0,2.0,1.0,1.0,RRQ,,13,ZETA,,6,1,VCT Emea
0,Split,xffero,RRQ,Viper,1.33,247.0,16,11,10,5,95.0,162.0,34.0,2.0,0.0,2.0,RRQ,,13,ZETA,,6,1,VCT Emea
0,Split,Monyet,RRQ,Omen,1.13,174.0,11,9,12,2,84.0,103.0,25.0,2.0,2.0,0.0,RRQ,,13,ZETA,,6,1,VCT Emea
0,Split,SyouTa,ZETA,Viper,0.73,190.0,13,17,3,-4,53.0,121.0,64.0,3.0,0.0,3.0,RRQ,,13,ZETA,,6,0,VCT Emea
0,Split,CLZ,ZETA,Tejo,0.64,144.0,9,16,1,-7,53.0,94.0,32.0,0.0,1.0,-1.0,RRQ,,13,ZETA,,6,0,VCT Emea
0,Split,SugarZ3ro,ZETA,Omen,0.61,151.0,10,16,5,-6,63.0,93.0,34.0,1.0,2.0,-1.0,RRQ,,13,ZETA,,6,0,VCT Emea
0,Split,Xdll,ZETA,Breach,0.58,155.0,10,17,1,-7,58.0,106.0,41.0,2.0,1.0,1.0,RRQ,,13,ZETA,,6,0,VCT Emea
0,Split,Dep,ZETA,Yoru,0.17,60.0,3,15,1,-12,32.0,43.0,8.0,1.0,8.0,-7.0,RRQ,,13,ZETA,,6,0,VCT Emea
2,Haven,crazyguy,RRQ,Omen,1.58,282.0,23,13,9,10,77.0,191.0,30.0,1.0,0.0,1.0,RRQ,,13,ZETA,,9,1,VCT Emea
2,Haven,Kushy,RRQ,Sova,1.1,224.0,17,16,6,1,68.0,146.0,36.0,2.0,2.0,0.0,RRQ,,13,ZETA,,9,1,VCT Emea
2,Haven,Monyet,RRQ,Yoru,1.01,205.0,15,15,5,0,68.0,143.0,17.0,1.0,4.0,-3.0,RRQ,,13,ZETA,,9,1,VCT Emea
2,Haven,Jemkin,RRQ,Iso,1.0,269.0,21,19,3,2,82.0,164.0,40.0,4.0,2.0,2.0,RRQ,,13,ZETA,,9,1,VCT Emea
2,Haven,xffero,RRQ,Cypher,0.65,145.0,12,15,1,-3,59.0,98.0,41.0,1.0,5.0,-4.0,RRQ,,13,ZETA,,9,1,VCT Emea
2,Haven,Dep,ZETA,Neon,1.64,362.0,28,17,4,11,77.0,221.0,38.0,5.0,2.0,3.0,RRQ,,13,ZETA,,9,0,VCT Emea
2,Haven,SugarZ3ro,ZETA,Omen,0.88,144.0,13,16,11,-3,77.0,93.0,25.0,2.0,2.0,0.0,RRQ,,13,ZETA,,9,0,VCT Emea
2,Haven,CLZ,ZETA,Tejo,0.86,185.0,12,17,9,-5,64.0,134.0,18.0,1.0,1.0,0.0,RRQ,,13,ZETA,,9,0,VCT Emea
2,Haven,SyouTa,ZETA,Cypher,0.7,151.0,13,18,2,-5,55.0,112.0,55.0,3.0,2.0,1.0,RRQ,,13,ZETA,,9,0,VCT Emea
2,Haven,Xdll,ZETA,Breach,0.64,170.0,12,20,11,-8,82.0,119.0,30.0,2.0,2.0,0.0,RRQ,,13,ZETA,,9,0,VCT Emea
0,Haven,thyy,TLN,Omen,1.07,164.0,10,12,10,-2,78.0,117.0,35.0,0.0,0.0,0.0,TLN,,5,NS,,13,0,VCT Emea
0,Haven,primmie,TLN,Iso,0.93,237.0,14,14,5,0,78.0,168.0,30.0,3.0,2.0,1.0,TLN,,5,NS,,13,0,VCT Emea
0,Haven,Killua,TLN,Yoru,0.9,198.0,13,13,0,0,67.0,130.0,29.0,4.0,2.0,2.0,TLN,,5,NS,,13,0,VCT Emea
0,Haven,Crws,TLN,Sova,0.64,165.0,9,15,3,-6,56.0,121.0,16.0,2.0,3.0,-1.0,TLN,,5,NS,,13,0,VCT Emea
0,Haven,JitBoyS,TLN,Cypher,0.43,97.0,6,13,1,-7,56.0,73.0,37.0,0.0,2.0,-2.0,TLN,,5,NS,,13,0,VCT Emea
0,Haven,margaret,NS,Cypher,1.51,246.0,16,9,7,7,67.0,170.0,29.0,4.0,1.0,3.0,TLN,,5,NS,,13,1,VCT Emea
0,Haven,Dambi,NS,Neon,1.48,271.0,19,10,6,9,72.0,181.0,27.0,3.0,3.0,0.0,TLN,,5,NS,,13,1,VCT Emea
0,Haven,Ivy,NS,Sova,1.33,174.0,13,8,3,5,67.0,111.0,19.0,0.0,2.0,-2.0,TLN,,5,NS,,13,1,VCT Emea
0,Haven,Francis,NS,Tejo,1.08,206.0,12,11,5,1,78.0,148.0,20.0,0.0,1.0,-1.0,TLN,,5,NS,,13,1,VCT Emea
0,Haven,Persia,NS,Omen,0.8,148.0,7,14,13,-7,83.0,90.0,21.0,2.0,2.0,0.0,TLN,,5,NS,,13,1,VCT Emea
2,Lotus,primmie,TLN,Waylay,1.76,318.0,24,12,1,12,71.0,211.0,25.0,2.0,1.0,1.0,TLN,,13,NS,,8,1,VCT Emea
2,Lotus,Crws,TLN,Tejo,1.37,209.0,15,11,9,4,90.0,140.0,29.0,2.0,3.0,-1.0,TLN,,13,NS,,8,1,VCT Emea
2,Lotus,Killua,TLN,Breach,1.29,196.0,15,10,11,5,81.0,126.0,36.0,1.0,0.0,1.0,TLN,,13,NS,,8,1,VCT Emea
2,Lotus,JitBoyS,TLN,Cypher,1.02,165.0,13,12,3,1,81.0,127.0,42.0,2.0,5.0,-3.0,TLN,,13,NS,,8,1,VCT Emea
2,Lotus,thyy,TLN,Omen,0.89,179.0,13,14,12,-1,95.0,108.0,29.0,2.0,3.0,-1.0,TLN,,13,NS,,8,1,VCT Emea
2,Lotus,Francis,NS,Fade,1.17,238.0,17,15,8,2,62.0,158.0,31.0,1.0,1.0,0.0,TLN,,13,NS,,8,0,VCT Emea
2,Lotus,Dambi,NS,Neon,0.85,218.0,16,17,3,-1,71.0,142.0,30.0,4.0,5.0,-1.0,TLN,,13,NS,,8,0,VCT Emea
2,Lotus,Persia,NS,Omen,0.73,180.0,10,17,6,-7,67.0,129.0,18.0,5.0,1.0,4.0,TLN,,13,NS,,8,0,VCT Emea
2,Lotus,margaret,NS,Cypher,0.69,140.0,10,15,3,-5,48.0,103.0,27.0,1.0,1.0,0.0,TLN,,13,NS,,8,0,VCT Emea
2,Lotus,Ivy,NS,Iso,0.38,89.0,6,16,3,-10,48.0,52.0,22.0,1.0,1.0,0.0,TLN,,13,NS,,8,0,VCT Emea
3,Fracture,thyy,TLN,Brimstone,1.61,315.0,24,12,8,12,79.0,197.0,30.0,1.0,1.0,0.0,TLN,,13,NS,,6,1,VCT Emea
3,Fracture,JitBoyS,TLN,Cypher,1.29,245.0,15,11,7,4,79.0,168.0,28.0,4.0,4.0,0.0,TLN,,13,NS,,6,1,VCT Emea
3,Fracture,Crws,TLN,Tejo,1.16,203.0,13,12,9,1,74.0,145.0,13.0,2.0,1.0,1.0,TLN,,13,NS,,6,1,VCT Emea
3,Fracture,Killua,TLN,Breach,0.96,202.0,15,15,13,0,84.0,123.0,29.0,1.0,0.0,1.0,TLN,,13,NS,,6,1,VCT Emea
3,Fracture,primmie,TLN,Waylay,0.66,119.0,8,12,1,-4,58.0,80.0,29.0,3.0,2.0,1.0,TLN,,13,NS,,6,1,VCT Emea
3,Fracture,margaret,NS,Cypher,1.21,269.0,18,15,3,3,68.0,164.0,41.0,3.0,0.0,3.0,TLN,,13,NS,,6,0,VCT Emea
3,Fracture,Persia,NS,Brimstone,1.08,209.0,14,15,12,-1,84.0,131.0,31.0,1.0,1.0,0.0,TLN,,13,NS,,6,0,VCT Emea
3,Fracture,Ivy,NS,Tejo,0.82,130.0,9,13,2,-4,47.0,85.0,23.0,1.0,2.0,-1.0,TLN,,13,NS,,6,0,VCT Emea
3,Fracture,Dambi,NS,Neon,0.74,203.0,13,17,2,-4,58.0,118.0,23.0,3.0,6.0,-3.0,TLN,,13,NS,,6,0,VCT Emea
3,Fracture,Francis,NS,Breach,0.59,133.0,8,15,7,-7,79.0,88.0,16.0,0.0,2.0,-2.0,TLN,,13,NS,,6,0,VCT Emea
0,Haven,BuZz,T1,Yoru,1.66,340.0,23,10,5,13,79.0,235.0,23.0,5.0,2.0,3.0,T1,,13,TS,,6,1,VCT Emea
0,Haven,Sylvan,T1,Omen,1.27,193.0,14,9,6,5,74.0,129.0,37.0,0.0,1.0,-1.0,T1,,13,TS,,6,1,VCT Emea
0,Haven,stax,T1,Sova,1.16,162.0,12,8,7,4,74.0,119.0,50.0,1.0,1.0,0.0,T1,,13,TS,,6,1,VCT Emea
0,Haven,Meteor,T1,Iso,1.14,238.0,16,12,6,4,79.0,165.0,31.0,5.0,3.0,2.0,T1,,13,TS,,6,1,VCT Emea
0,Haven,iZu,T1,Cypher,1.02,156.0,11,9,5,2,84.0,97.0,30.0,1.0,0.0,1.0,T1,,13,TS,,6,1,VCT Emea
0,Haven,JessieVash,TS,Sova,1.34,270.0,16,15,5,1,63.0,190.0,37.0,2.0,2.0,0.0,T1,,13,TS,,6,0,VCT Emea
0,Haven,invy,TS,Breach,1.21,209.0,15,13,8,2,68.0,129.0,28.0,2.0,1.0,1.0,T1,,13,TS,,6,0,VCT Emea
0,Haven,Jremy,TS,Jett,0.62,87.0,7,12,0,-5,53.0,55.0,50.0,1.0,2.0,-1.0,T1,,13,TS,,6,0,VCT Emea
0,Haven,Wild0reoo,TS,Cypher,0.43,122.0,7,18,3,-11,53.0,88.0,29.0,1.0,2.0,-1.0,T1,,13,TS,,6,0,VCT Emea
0,Haven,2GE,TS,Omen,0.16,64.0,3,18,3,-15,42.0,48.0,27.0,1.0,5.0,-4.0,T1,,13,TS,,6,0,VCT Emea
2,Icebox,Meteor,T1,Reyna,1.11,236.0,19,16,5,3,77.0,170.0,37.0,3.0,5.0,-2.0,T1,,9,TS,,13,0,VCT Emea
2,Icebox,stax,T1,Kayo,0.96,220.0,17,19,10,-2,68.0,142.0,19.0,0.0,0.0,0.0,T1,,9,TS,,13,0,VCT Emea
2,Icebox,iZu,T1,Sova,0.9,178.0,13,17,8,-4,86.0,129.0,27.0,1.0,1.0,0.0,T1,,9,TS,,13,0,VCT Emea
2,Icebox,BuZz,T1,Chamber,0.8,168.0,14,16,1,-2,50.0,105.0,14.0,2.0,4.0,-2.0,T1,,9,TS,,13,0,VCT Emea
2,Icebox,Sylvan,T1,Viper,0.76,218.0,15,19,7,-4,64.0,137.0,28.0,2.0,4.0,-2.0,T1,,9,TS,,13,0,VCT Emea
2,Icebox,Jremy,TS,Iso,1.5,313.0,25,16,5,9,91.0,194.0,28.0,6.0,1.0,5.0,T1,,9,TS,,13,1,VCT Emea
2,Icebox,invy,TS,Kayo,1.44,276.0,21,15,13,6,73.0,169.0,44.0,4.0,1.0,3.0,T1,,9,TS,,13,1,VCT Emea
2,Icebox,2GE,TS,Viper,1.13,195.0,16,15,5,1,73.0,151.0,32.0,0.0,1.0,-1.0,T1,,9,TS,,13,1,VCT Emea
2,Icebox,Wild0reoo,TS,Chamber,0.89,205.0,17,17,2,0,68.0,143.0,25.0,4.0,4.0,0.0,T1,,9,TS,,13,1,VCT Emea
2,Icebox,JessieVash,TS,Sova,0.69,118.0,8,15,8,-7,73.0,97.0,21.0,0.0,1.0,-1.0,T1,,9,TS,,13,1,VCT Emea
3,Lotus,BuZz,T1,Raze,1.87,389.0,30,13,3,17,76.0,260.0,42.0,2.0,3.0,-1.0,T1,,13,TS,,8,1,VCT Emea
3,Lotus,Sylvan,T1,Omen,1.11,210.0,15,12,12,3,81.0,139.0,13.0,0.0,2.0,-2.0,T1,,13,TS,,8,1,VCT Emea
3,Lotus,iZu,T1,Viper,0.86,169.0,12,13,8,-1,81.0,111.0,30.0,2.0,2.0,0.0,T1,,13,TS,,8,1,VCT Emea
3,Lotus,Meteor,T1,Iso,0.81,217.0,17,16,5,1,67.0,134.0,29.0,6.0,4.0,2.0,T1,,13,TS,,8,1,VCT Emea
3,Lotus,stax,T1,Fade,0.78,153.0,11,13,2,-2,67.0,109.0,41.0,0.0,0.0,0.0,T1,,13,TS,,8,1,VCT Emea
3,Lotus,JessieVash,TS,Cypher,1.24,232.0,19,16,3,3,67.0,149.0,42.0,2.0,2.0,0.0,T1,,13,TS,,8,0,VCT Emea
3,Lotus,2GE,TS,Omen,1.1,188.0,12,15,12,-3,62.0,124.0,27.0,0.0,1.0,-1.0,T1,,13,TS,,8,0,VCT Emea
3,Lotus,Wild0reoo,TS,Tejo,0.83,170.0,12,17,2,-5,52.0,124.0,32.0,1.0,1.0,0.0,T1,,13,TS,,8,0,VCT Emea
3,Lotus,invy,TS,Breach,0.8,167.0,13,18,7,-5,71.0,94.0,22.0,5.0,1.0,4.0,T1,,13,TS,,8,0,VCT Emea
3,Lotus,Jremy,TS,Raze,0.5,149.0,11,19,4,-8,71.0,106.0,23.0,3.0,5.0,-2.0,T1,,13,TS,,8,0,VCT Emea
0,Pearl,Francis,NS,Tejo,1.6,295.0,25,15,4,10,74.0,187.0,21.0,4.0,2.0,2.0,NS,,13,TS,,10,1,VCT Emea
0,Pearl,Persia,NS,Astra,0.96,153.0,12,15,13,-3,74.0,94.0,24.0,1.0,2.0,-1.0,NS,,13,TS,,10,1,VCT Emea
0,Pearl,Dambi,NS,Neon,0.91,181.0,13,17,5,-4,65.0,116.0,37.0,5.0,3.0,2.0,NS,,13,TS,,10,1,VCT Emea
0,Pearl,Ivy,NS,Vyse,0.9,176.0,14,17,5,-3,65.0,111.0,23.0,2.0,2.0,0.0,NS,,13,TS,,10,1,VCT Emea
0,Pearl,margaret,NS,Killjoy,0.74,149.0,12,18,1,-6,61.0,104.0,30.0,1.0,1.0,0.0,NS,,13,TS,,10,1,VCT Emea
0,Pearl,invy,TS,Vyse,1.37,230.0,17,12,12,5,74.0,164.0,31.0,1.0,1.0,0.0,NS,,13,TS,,10,0,VCT Emea
0,Pearl,Jremy,TS,Yoru,1.29,300.0,27,18,7,9,91.0,199.0,38.0,3.0,5.0,-2.0,NS,,13,TS,,10,0,VCT Emea
0,Pearl,JessieVash,TS,Sova,1.13,224.0,19,15,7,4,65.0,155.0,21.0,2.0,1.0,1.0,NS,,13,TS,,10,0,VCT Emea
0,Pearl,2GE,TS,Astra,0.73,143.0,11,15,11,-4,70.0,88.0,34.0,1.0,3.0,-2.0,NS,,13,TS,,10,0,VCT Emea
0,Pearl,Wild0reoo,TS,Chamber,0.47,105.0,8,16,5,-8,65.0,70.0,24.0,3.0,3.0,0.0,NS,,13,TS,,10,0,VCT Emea
2,Split,Francis,NS,Tejo,1.62,260.0,16,7,6,9,88.0,187.0,18.0,3.0,0.0,3.0,NS,,13,TS,,3,1,VCT Emea
2,Split,Persia,NS,Omen,1.38,221.0,13,7,6,6,75.0,151.0,22.0,1.0,0.0,1.0,NS,,13,TS,,3,1,VCT Emea
2,Split,Dambi,NS,Neon,1.33,254.0,14,9,6,5,81.0,146.0,19.0,3.0,1.0,2.0,NS,,13,TS,,3,1,VCT Emea
2,Split,margaret,NS,Viper,1.33,284.0,17,10,3,7,75.0,179.0,32.0,2.0,3.0,-1.0,NS,,13,TS,,3,1,VCT Emea
2,Split,Ivy,NS,Deadlock,1.16,210.0,13,12,5,1,88.0,145.0,24.0,3.0,0.0,3.0,NS,,13,TS,,3,1,VCT Emea
2,Split,JessieVash,TS,Fade,0.76,171.0,9,14,8,-5,75.0,100.0,26.0,0.0,0.0,0.0,NS,,13,TS,,3,0,VCT Emea
2,Split,invy,TS,Omen,0.75,188.0,11,15,2,-4,63.0,125.0,20.0,0.0,1.0,-1.0,NS,,13,TS,,3,0,VCT Emea
2,Split,Wild0reoo,TS,Raze,0.63,165.0,9,14,2,-5,44.0,98.0,17.0,2.0,5.0,-3.0,NS,,13,TS,,3,0,VCT Emea
2,Split,2GE,TS,Viper,0.59,159.0,8,15,8,-7,56.0,111.0,23.0,0.0,1.0,-1.0,NS,,13,TS,,3,0,VCT Emea
2,Split,Jremy,TS,Yoru,0.53,159.0,8,15,3,-7,56.0,93.0,18.0,2.0,5.0,-3.0,NS,,13,TS,,3,0,VCT Emea
0,Pearl,Meteor,T1,Killjoy,1.44,278.0,24,15,4,9,83.0,194.0,37.0,1.0,1.0,0.0,T1,,13,RRQ,,10,1,VCT Emea
0,Pearl,iZu,T1,Yoru,1.32,265.0,22,16,8,6,78.0,178.0,42.0,3.0,4.0,-1.0,T1,,13,RRQ,,10,1,VCT Emea
0,Pearl,Sylvan,T1,Astra,1.22,216.0,17,15,9,2,78.0,144.0,28.0,0.0,1.0,-1.0,T1,,13,RRQ,,10,1,VCT Emea
0,Pearl,stax,T1,Sova,0.92,175.0,15,16,5,-1,74.0,119.0,35.0,0.0,1.0,-1.0,T1,,13,RRQ,,10,1,VCT Emea
0,Pearl,BuZz,T1,Neon,0.24,91.0,6,21,6,-15,48.0,60.0,18.0,4.0,8.0,-4.0,T1,,13,RRQ,,10,1,VCT Emea
0,Pearl,xffero,RRQ,Astra,1.37,234.0,21,15,8,6,78.0,160.0,35.0,2.0,1.0,1.0,T1,,13,RRQ,,10,0,VCT Emea
0,Pearl,Monyet,RRQ,Neon,1.17,242.0,22,16,2,6,65.0,153.0,32.0,3.0,3.0,0.0,T1,,13,RRQ,,10,0,VCT Emea
0,Pearl,Jemkin,RRQ,Yoru,0.85,200.0,16,18,2,-2,74.0,136.0,46.0,8.0,2.0,6.0,T1,,13,RRQ,,10,0,VCT Emea
0,Pearl,Kushy,RRQ,Vyse,0.81,216.0,18,19,4,-1,70.0,131.0,30.0,1.0,0.0,1.0,T1,,13,RRQ,,10,0,VCT Emea
0,Pearl,crazyguy,RRQ,Tejo,0.6,110.0,6,16,10,-10,61.0,83.0,10.0,1.0,2.0,-1.0,T1,,13,RRQ,,10,0,VCT Emea
2,Icebox,iZu,T1,Sova,1.63,280.0,23,14,6,9,78.0,177.0,35.0,3.0,3.0,0.0,T1,,10,RRQ,,13,0,VCT Emea
2,Icebox,stax,T1,Kayo,1.23,250.0,21,16,10,5,83.0,176.0,37.0,1.0,3.0,-2.0,T1,,10,RRQ,,13,0,VCT Emea
2,Icebox,BuZz,T1,Chamber,0.76,163.0,16,18,0,-2,52.0,107.0,41.0,3.0,0.0,3.0,T1,,10,RRQ,,13,0,VCT Emea
2,Icebox,Meteor,T1,Reyna,0.69,183.0,14,19,4,-5,65.0,130.0,22.0,2.0,6.0,-4.0,T1,,10,RRQ,,13,0,VCT Emea
2,Icebox,Sylvan,T1,Viper,0.63,175.0,11,19,8,-8,70.0,116.0,17.0,0.0,2.0,-2.0,T1,,10,RRQ,,13,0,VCT Emea
2,Icebox,xffero,RRQ,Killjoy,1.25,213.0,19,14,3,5,70.0,159.0,25.0,1.0,2.0,-1.0,T1,,10,RRQ,,13,1,VCT Emea
2,Icebox,Jemkin,RRQ,Jett,1.04,241.0,20,19,0,1,65.0,147.0,29.0,6.0,4.0,2.0,T1,,10,RRQ,,13,1,VCT Emea
2,Icebox,Monyet,RRQ,Viper,1.02,195.0,17,16,6,1,65.0,137.0,47.0,1.0,1.0,0.0,T1,,10,RRQ,,13,1,VCT Emea
2,Icebox,crazyguy,RRQ,Tejo,0.95,170.0,13,16,8,-3,70.0,135.0,27.0,2.0,1.0,1.0,T1,,10,RRQ,,13,1,VCT Emea
2,Icebox,Kushy,RRQ,Kayo,0.86,219.0,17,20,9,-3,65.0,135.0,41.0,4.0,1.0,3.0,T1,,10,RRQ,,13,1,VCT Emea
3,Lotus,iZu,T1,Viper,1.12,229.0,14,13,5,1,78.0,141.0,17.0,2.0,1.0,1.0,T1,,5,RRQ,,13,0,VCT Emea
3,Lotus,BuZz,T1,Raze,0.8,256.0,14,16,4,-2,61.0,174.0,21.0,2.0,5.0,-3.0,T1,,5,RRQ,,13,0,VCT Emea
3,Lotus,Sylvan,T1,Omen,0.59,125.0,8,15,5,-7,61.0,79.0,17.0,2.0,1.0,1.0,T1,,5,RRQ,,13,0,VCT Emea
3,Lotus,stax,T1,Fade,0.58,144.0,9,15,4,-6,61.0,96.0,42.0,1.0,2.0,-1.0,T1,,5,RRQ,,13,0,VCT Emea
3,Lotus,Meteor,T1,Iso,0.46,89.0,5,14,1,-9,61.0,62.0,33.0,1.0,1.0,0.0,T1,,5,RRQ,,13,0,VCT Emea
3,Lotus,Jemkin,RRQ,Yoru,1.74,359.0,24,11,1,13,72.0,220.0,42.0,5.0,4.0,1.0,T1,,5,RRQ,,13,1,VCT Emea
3,Lotus,xffero,RRQ,Viper,1.28,171.0,12,8,3,4,83.0,117.0,55.0,2.0,0.0,2.0,T1,,5,RRQ,,13,1,VCT Emea
3,Lotus,Kushy,RRQ,Tejo,1.26,240.0,16,10,2,6,83.0,166.0,42.0,0.0,2.0,-2.0,T1,,5,RRQ,,13,1,VCT Emea
3,Lotus,crazyguy,RRQ,Breach,1.11,160.0,10,9,5,1,83.0,122.0,41.0,1.0,2.0,-1.0,T1,,5,RRQ,,13,1,VCT Emea
3,Lotus,Monyet,RRQ,Omen,0.98,169.0,11,12,9,-1,72.0,120.0,24.0,2.0,0.0,2.0,T1,,5,RRQ,,13,1,VCT Emea
0,Lotus,primmie,TLN,Waylay,1.06,237.0,14,14,3,0,71.0,152.0,52.0,0.0,3.0,-3.0,TLN,,4,ZETA,,13,0,VCT Emea
0,Lotus,Killua,TLN,Breach,0.84,192.0,11,15,5,-4,53.0,138.0,35.0,1.0,0.0,1.0,TLN,,4,ZETA,,13,0,VCT Emea
0,Lotus,Crws,TLN,Tejo,0.7,161.0,9,15,2,-6,53.0,105.0,22.0,2.0,4.0,-2.0,TLN,,4,ZETA,,13,0,VCT Emea
0,Lotus,JitBoyS,TLN,Cypher,0.5,128.0,7,15,2,-8,47.0,76.0,75.0,1.0,2.0,-1.0,TLN,,4,ZETA,,13,0,VCT Emea
0,Lotus,thyy,TLN,Omen,0.47,134.0,7,16,7,-9,65.0,78.0,56.0,0.0,4.0,-4.0,TLN,,4,ZETA,,13,0,VCT Emea
0,Lotus,TenTen,ZETA,Neon,1.51,279.0,17,10,1,7,82.0,193.0,37.0,5.0,1.0,4.0,TLN,,4,ZETA,,13,1,VCT Emea
0,Lotus,SyouTa,ZETA,Vyse,1.47,290.0,18,9,5,9,94.0,203.0,55.0,2.0,0.0,2.0,TLN,,4,ZETA,,13,1,VCT Emea
0,Lotus,SugarZ3ro,ZETA,Omen,1.35,191.0,14,9,12,5,94.0,113.0,29.0,2.0,0.0,2.0,TLN,,4,ZETA,,13,1,VCT Emea
0,Lotus,Xdll,ZETA,Iso,1.23,274.0,16,12,7,4,88.0,186.0,32.0,3.0,2.0,1.0,TLN,,4,ZETA,,13,1,VCT Emea
0,Lotus,CLZ,ZETA,Sova,0.92,149.0,10,8,2,2,65.0,102.0,32.0,1.0,1.0,0.0,TLN,,4,ZETA,,13,1,VCT Emea
2,Split,primmie,TLN,Jett,1.29,272.0,24,16,1,8,83.0,156.0,46.0,3.0,4.0,-1.0,TLN,,10,ZETA,,13,0,VCT Emea
2,Split,Crws,TLN,Deadlock,1.01,245.0,20,18,6,2,78.0,146.0,28.0,2.0,3.0,-1.0,TLN,,10,ZETA,,13,0,VCT Emea
2,Split,JitBoyS,TLN,Cypher,0.84,207.0,16,19,6,-3,74.0,135.0,31.0,4.0,5.0,-1.0,TLN,,10,ZETA,,13,0,VCT Emea
2,Split,Killua,TLN,Tejo,0.82,179.0,16,18,2,-2,78.0,129.0,38.0,1.0,0.0,1.0,TLN,,10,ZETA,,13,0,VCT Emea
2,Split,thyy,TLN,Omen,0.4,101.0,8,21,13,-13,78.0,70.0,13.0,0.0,1.0,-1.0,TLN,,10,ZETA,,13,0,VCT Emea
2,Split,SugarZ3ro,ZETA,Omen,1.54,291.0,27,16,6,11,83.0,174.0,31.0,1.0,0.0,1.0,TLN,,10,ZETA,,13,1,VCT Emea
2,Split,Xdll,ZETA,Breach,1.14,227.0,19,16,8,3,70.0,133.0,47.0,2.0,1.0,1.0,TLN,,10,ZETA,,13,1,VCT Emea
2,Split,CLZ,ZETA,Tejo,0.88,152.0,13,15,5,-2,87.0,110.0,19.0,1.0,3.0,-2.0,TLN,,10,ZETA,,13,1,VCT Emea
2,Split,TenTen,ZETA,Yoru,0.87,223.0,16,19,8,-3,74.0,138.0,14.0,7.0,5.0,2.0,TLN,,10,ZETA,,13,1,VCT Emea
2,Split,SyouTa,ZETA,Viper,0.86,209.0,17,18,5,-1,65.0,133.0,33.0,2.0,1.0,1.0,TLN,,10,ZETA,,13,1,VCT Emea
0,Icebox,BuZz,T1,Jett,0.98,203.0,13,13,2,0,68.0,135.0,14.0,2.0,6.0,-4.0,T1,,6,TLN,,13,0,VCT Emea
0,Icebox,Meteor,T1,Killjoy,0.85,175.0,11,16,4,-5,63.0,121.0,30.0,1.0,1.0,0.0,T1,,6,TLN,,13,0,VCT Emea
0,Icebox,stax,T1,Kayo,0.81,128.0,10,15,5,-5,58.0,91.0,38.0,0.0,1.0,-1.0,T1,,6,TLN,,13,0,VCT Emea
0,Icebox,iZu,T1,Tejo,0.65,165.0,11,16,1,-5,58.0,106.0,41.0,0.0,2.0,-2.0,T1,,6,TLN,,13,0,VCT Emea
0,Icebox,Sylvan,T1,Viper,0.42,127.0,7,17,4,-10,42.0,104.0,27.0,2.0,4.0,-2.0,T1,,6,TLN,,13,0,VCT Emea
0,Icebox,thyy,TLN,Viper,1.43,263.0,17,10,7,7,89.0,173.0,27.0,4.0,0.0,4.0,T1,,6,TLN,,13,1,VCT Emea
0,Icebox,primmie,TLN,Jett,1.36,261.0,18,11,7,7,84.0,192.0,32.0,4.0,2.0,2.0,T1,,6,TLN,,13,1,VCT Emea
0,Icebox,Crws,TLN,Sova,1.3,227.0,15,8,3,7,74.0,145.0,33.0,3.0,1.0,2.0,T1,,6,TLN,,13,1,VCT Emea
0,Icebox,Killua,TLN,Tejo,1.14,169.0,13,11,4,2,74.0,120.0,42.0,1.0,1.0,0.0,T1,,6,TLN,,13,1,VCT Emea
0,Icebox,JitBoyS,TLN,Killjoy,0.99,183.0,14,12,1,2,68.0,127.0,46.0,2.0,1.0,1.0,T1,,6,TLN,,13,1,VCT Emea
2,Haven,Meteor,T1,Iso,1.14,238.0,16,15,3,1,60.0,157.0,34.0,3.0,3.0,0.0,T1,,7,TLN,,13,0,VCT Emea
2,Haven,BuZz,T1,Yoru,0.96,219.0,14,16,4,-2,55.0,146.0,24.0,1.0,4.0,-3.0,T1,,7,TLN,,13,0,VCT Emea
2,Haven,stax,T1,Sova,0.9,203.0,14,15,3,-1,70.0,132.0,27.0,2.0,1.0,1.0,T1,,7,TLN,,13,0,VCT Emea
2,Haven,Sylvan,T1,Omen,0.8,148.0,11,16,11,-5,65.0,91.0,18.0,0.0,3.0,-3.0,T1,,7,TLN,,13,0,VCT Emea
2,Haven,iZu,T1,Cypher,0.36,96.0,6,17,3,-11,65.0,64.0,30.0,1.0,2.0,-1.0,T1,,7,TLN,,13,0,VCT Emea
2,Haven,primmie,TLN,Yoru,1.85,347.0,26,11,6,15,90.0,203.0,23.0,4.0,0.0,4.0,T1,,7,TLN,,13,1,VCT Emea
2,Haven,Killua,TLN,Tejo,1.52,234.0,18,10,4,8,70.0,162.0,35.0,2.0,0.0,2.0,T1,,7,TLN,,13,1,VCT Emea
2,Haven,Crws,TLN,Deadlock,1.05,207.0,16,13,4,3,80.0,134.0,31.0,3.0,3.0,0.0,T1,,7,TLN,,13,1,VCT Emea
2,Haven,JitBoyS,TLN,Cypher,0.81,186.0,12,15,10,-3,80.0,124.0,29.0,3.0,3.0,0.0,T1,,7,TLN,,13,1,VCT Emea
2,Haven,thyy,TLN,Omen,0.71,115.0,7,12,15,-5,75.0,74.0,40.0,1.0,1.0,0.0,T1,,7,TLN,,13,1,VCT Emea
0,Lotus,Dambi,NS,Neon,1.59,354.0,23,13,6,10,79.0,216.0,27.0,3.0,2.0,1.0,NS,,13,ZETA,,6,1,VCT Emea
0,Lotus,margaret,NS,Viper,1.39,261.0,19,10,2,9,89.0,162.0,22.0,2.0,2.0,0.0,NS,,13,ZETA,,6,1,VCT Emea
0,Lotus,Francis,NS,Fade,1.23,213.0,14,10,4,4,68.0,133.0,25.0,3.0,3.0,0.0,NS,,13,ZETA,,6,1,VCT Emea
0,Lotus,Ivy,NS,Deadlock,1.02,165.0,12,10,7,2,74.0,101.0,41.0,0.0,1.0,-1.0,NS,,13,ZETA,,6,1,VCT Emea
0,Lotus,Persia,NS,Omen,0.89,99.0,6,8,12,-2,79.0,65.0,30.0,1.0,2.0,-1.0,NS,,13,ZETA,,6,1,VCT Emea
0,Lotus,Xdll,ZETA,Iso,1.22,223.0,15,15,5,0,68.0,163.0,32.0,2.0,1.0,1.0,NS,,13,ZETA,,6,0,VCT Emea
0,Lotus,CLZ,ZETA,Sova,0.86,155.0,10,13,2,-3,63.0,113.0,27.0,2.0,0.0,2.0,NS,,13,ZETA,,6,0,VCT Emea
0,Lotus,SugarZ3ro,ZETA,Omen,0.81,189.0,12,15,5,-3,63.0,121.0,19.0,2.0,1.0,1.0,NS,,13,ZETA,,6,0,VCT Emea
0,Lotus,TenTen,ZETA,Neon,0.54,151.0,9,16,3,-7,63.0,98.0,16.0,3.0,5.0,-2.0,NS,,13,ZETA,,6,0,VCT Emea
0,Lotus,SyouTa,ZETA,Vyse,0.36,70.0,5,15,1,-10,58.0,49.0,45.0,1.0,2.0,-1.0,NS,,13,ZETA,,6,0,VCT Emea
2,Pearl,margaret,NS,Killjoy,1.63,313.0,27,13,5,14,79.0,215.0,21.0,4.0,2.0,2.0,NS,,11,ZETA,,13,0,VCT Emea
2,Pearl,Ivy,NS,Vyse,1.09,184.0,17,14,7,3,75.0,124.0,18.0,0.0,4.0,-4.0,NS,,11,ZETA,,13,0,VCT Emea
2,Pearl,Francis,NS,Tejo,0.83,156.0,13,16,5,-3,71.0,105.0,16.0,2.0,3.0,-1.0,NS,,11,ZETA,,13,0,VCT Emea
2,Pearl,Dambi,NS,Neon,0.82,197.0,15,20,8,-5,63.0,129.0,18.0,4.0,3.0,1.0,NS,,11,ZETA,,13,0,VCT Emea
2,Pearl,Persia,NS,Astra,0.78,141.0,11,15,7,-4,67.0,99.0,23.0,2.0,0.0,2.0,NS,,11,ZETA,,13,0,VCT Emea
2,Pearl,CLZ,ZETA,Tejo,1.23,220.0,17,17,6,0,75.0,158.0,16.0,1.0,0.0,1.0,NS,,11,ZETA,,13,1,VCT Emea
2,Pearl,TenTen,ZETA,Yoru,1.11,237.0,20,18,6,2,75.0,139.0,10.0,5.0,4.0,1.0,NS,,11,ZETA,,13,1,VCT Emea
2,Pearl,SugarZ3ro,ZETA,Astra,1.11,181.0,17,13,8,4,75.0,121.0,39.0,0.0,2.0,-2.0,NS,,11,ZETA,,13,1,VCT Emea
2,Pearl,Xdll,ZETA,Vyse,0.73,160.0,13,17,2,-4,63.0,101.0,24.0,3.0,3.0,0.0,NS,,11,ZETA,,13,1,VCT Emea
2,Pearl,SyouTa,ZETA,Killjoy,0.64,127.0,11,18,4,-7,58.0,93.0,28.0,3.0,3.0,0.0,NS,,11,ZETA,,13,1,VCT Emea
3,Split,margaret,NS,Viper,1.55,271.0,20,8,5,12,85.0,182.0,27.0,3.0,1.0,2.0,NS,,13,ZETA,,7,1,VCT Emea
3,Split,Dambi,NS,Neon,1.41,282.0,17,13,10,4,80.0,180.0,25.0,3.0,3.0,0.0,NS,,13,ZETA,,7,1,VCT Emea
3,Split,Ivy,NS,Deadlock,1.2,222.0,16,13,5,3,70.0,134.0,40.0,4.0,2.0,2.0,NS,,13,ZETA,,7,1,VCT Emea
3,Split,Francis,NS,Tejo,1.12,188.0,14,10,3,4,85.0,107.0,16.0,1.0,1.0,0.0,NS,,13,ZETA,,7,1,VCT Emea
3,Split,Persia,NS,Omen,0.81,108.0,8,11,9,-3,65.0,57.0,14.0,1.0,1.0,0.0,NS,,13,ZETA,,7,1,VCT Emea
3,Split,Xdll,ZETA,Breach,0.98,209.0,16,14,1,2,60.0,121.0,38.0,1.0,2.0,-1.0,NS,,13,ZETA,,7,0,VCT Emea
3,Split,SugarZ3ro,ZETA,Omen,0.79,125.0,9,14,6,-5,65.0,75.0,15.0,1.0,0.0,1.0,NS,,13,ZETA,,7,0,VCT Emea
3,Split,TenTen,ZETA,Yoru,0.72,192.0,13,15,2,-2,50.0,116.0,11.0,3.0,8.0,-5.0,NS,,13,ZETA,,7,0,VCT Emea
3,Split,SyouTa,ZETA,Viper,0.68,152.0,10,16,4,-6,60.0,99.0,26.0,1.0,1.0,0.0,NS,,13,ZETA,,7,0,VCT Emea
3,Split,CLZ,ZETA,Tejo,0.55,125.0,7,16,5,-9,70.0,87.0,15.0,2.0,1.0,1.0,NS,,13,ZETA,,7,0,VCT Emea
0,Haven,crazyguy,RRQ,Omen,1.19,218.0,21,17,14,4,71.0,140.0,26.0,3.0,1.0,2.0,RRQ,,15,TS,,13,1,VCT Emea
0,Haven,Kushy,RRQ,Sova,1.07,188.0,17,17,6,0,79.0,138.0,34.0,1.0,1.0,0.0,RRQ,,15,TS,,13,1,VCT Emea
0,Haven,Jemkin,RRQ,Iso,1.05,222.0,23,21,2,2,61.0,144.0,31.0,7.0,4.0,3.0,RRQ,,15,TS,,13,1,VCT Emea
0,Haven,xffero,RRQ,Cypher,0.99,193.0,19,19,6,0,71.0,134.0,22.0,2.0,1.0,1.0,RRQ,,15,TS,,13,1,VCT Emea
0,Haven,Monyet,RRQ,Yoru,0.77,194.0,20,21,3,-1,64.0,136.0,44.0,4.0,4.0,0.0,RRQ,,15,TS,,13,1,VCT Emea
0,Haven,invy,TS,Cypher,1.24,257.0,25,19,5,6,71.0,169.0,37.0,1.0,2.0,-1.0,RRQ,,15,TS,,13,0,VCT Emea
0,Haven,JessieVash,TS,Sova,1.14,194.0,20,17,3,3,75.0,136.0,44.0,1.0,1.0,0.0,RRQ,,15,TS,,13,0,VCT Emea
0,Haven,Wild0reoo,TS,Yoru,0.99,224.0,22,21,4,1,68.0,144.0,36.0,4.0,5.0,-1.0,RRQ,,15,TS,,13,0,VCT Emea
0,Haven,2GE,TS,Omen,0.71,145.0,12,21,12,-9,64.0,97.0,19.0,1.0,4.0,-3.0,RRQ,,15,TS,,13,0,VCT Emea
0,Haven,Jremy,TS,Iso,0.62,164.0,16,22,5,-6,61.0,108.0,36.0,4.0,5.0,-1.0,RRQ,,15,TS,,13,0,VCT Emea
2,Ascent,crazyguy,RRQ,Tejo,0.86,234.0,13,15,6,-2,72.0,158.0,33.0,1.0,4.0,-3.0,RRQ,,5,TS,,13,0,VCT Emea
2,Ascent,Jemkin,RRQ,Yoru,0.85,188.0,13,14,0,-1,50.0,110.0,26.0,2.0,4.0,-2.0,RRQ,,5,TS,,13,0,VCT Emea
2,Ascent,Monyet,RRQ,Omen,0.85,180.0,11,15,6,-4,72.0,113.0,20.0,1.0,1.0,0.0,RRQ,,5,TS,,13,0,VCT Emea
2,Ascent,xffero,RRQ,Vyse,0.79,187.0,10,14,5,-4,67.0,126.0,39.0,1.0,1.0,0.0,RRQ,,5,TS,,13,0,VCT Emea
2,Ascent,Kushy,RRQ,Sova,0.58,147.0,8,14,2,-6,72.0,96.0,47.0,2.0,1.0,1.0,RRQ,,5,TS,,13,0,VCT Emea
2,Ascent,2GE,TS,Omen,1.46,238.0,16,9,9,7,89.0,132.0,13.0,4.0,1.0,3.0,RRQ,,5,TS,,13,1,VCT Emea
2,Ascent,Jremy,TS,Yoru,1.45,290.0,19,13,5,6,89.0,187.0,15.0,2.0,1.0,1.0,RRQ,,5,TS,,13,1,VCT Emea
2,Ascent,invy,TS,Vyse,1.42,254.0,18,10,5,8,72.0,187.0,44.0,0.0,0.0,0.0,RRQ,,5,TS,,13,1,VCT Emea
2,Ascent,Wild0reoo,TS,Jett,0.91,205.0,13,13,3,0,83.0,127.0,13.0,5.0,4.0,1.0,RRQ,,5,TS,,13,1,VCT Emea
2,Ascent,JessieVash,TS,Tejo,0.79,99.0,6,10,3,-4,83.0,76.0,17.0,0.0,1.0,-1.0,RRQ,,5,TS,,13,1,VCT Emea
3,Lotus,Jemkin,RRQ,Yoru,1.06,257.0,20,19,5,1,77.0,172.0,38.0,5.0,4.0,1.0,RRQ,,9,TS,,13,0,VCT Emea
3,Lotus,Monyet,RRQ,Omen,0.91,173.0,14,16,11,-2,73.0,104.0,41.0,3.0,3.0,0.0,RRQ,,9,TS,,13,0,VCT Emea
3,Lotus,crazyguy,RRQ,Breach,0.9,157.0,12,14,9,-2,68.0,104.0,27.0,2.0,0.0,2.0,RRQ,,9,TS,,13,0,VCT Emea
3,Lotus,xffero,RRQ,Viper,0.89,199.0,15,16,9,-1,73.0,122.0,28.0,2.0,1.0,1.0,RRQ,,9,TS,,13,0,VCT Emea
3,Lotus,Kushy,RRQ,Tejo,0.85,193.0,14,17,9,-3,64.0,138.0,22.0,1.0,1.0,0.0,RRQ,,9,TS,,13,0,VCT Emea
3,Lotus,invy,TS,Omen,1.41,244.0,21,14,6,7,68.0,170.0,37.0,2.0,2.0,0.0,RRQ,,9,TS,,13,1,VCT Emea
3,Lotus,JessieVash,TS,Fade,1.33,196.0,17,11,3,6,73.0,144.0,41.0,1.0,3.0,-2.0,RRQ,,9,TS,,13,1,VCT Emea
3,Lotus,Wild0reoo,TS,Raze,1.28,287.0,21,18,4,3,77.0,180.0,20.0,5.0,1.0,4.0,RRQ,,9,TS,,13,1,VCT Emea
3,Lotus,Jremy,TS,Iso,0.79,156.0,10,17,11,-7,86.0,105.0,9.0,1.0,4.0,-3.0,RRQ,,9,TS,,13,1,VCT Emea
3,Lotus,2GE,TS,Viper,0.77,172.0,13,15,3,-2,64.0,111.0,39.0,0.0,3.0,-3.0,RRQ,,9,TS,,13,1,VCT Emea
0,Haven,primmie,TLN,Yoru,1.46,234.0,18,7,2,11,89.0,139.0,52.0,5.0,1.0,4.0,TLN,,13,GEN,,6,1,VCT Emea
0,Haven,thyy,TLN,Omen,1.22,233.0,17,9,4,8,84.0,159.0,30.0,3.0,0.0,3.0,TLN,,13,GEN,,6,1,VCT Emea
0,Haven,JitBoyS,TLN,Cypher,1.1,215.0,16,9,3,7,84.0,132.0,56.0,1.0,1.0,0.0,TLN,,13,GEN,,6,1,VCT Emea
0,Haven,Crws,TLN,Deadlock,1.04,214.0,12,11,10,1,68.0,127.0,24.0,3.0,1.0,2.0,TLN,,13,GEN,,6,1,VCT Emea
0,Haven,Killua,TLN,Tejo,0.89,166.0,12,10,3,2,74.0,115.0,33.0,2.0,1.0,1.0,TLN,,13,GEN,,6,1,VCT Emea
0,Haven,t3xture,GEN,Neon,0.93,199.0,12,15,3,-3,63.0,141.0,29.0,0.0,1.0,-1.0,TLN,,13,GEN,,6,0,VCT Emea
0,Haven,Karon,GEN,Omen,0.81,152.0,9,15,6,-6,58.0,94.0,38.0,2.0,2.0,0.0,TLN,,13,GEN,,6,0,VCT Emea
0,Haven,Foxy9,GEN,Killjoy,0.79,160.0,11,14,3,-3,68.0,96.0,31.0,2.0,5.0,-3.0,TLN,,13,GEN,,6,0,VCT Emea
0,Haven,Munchkin,GEN,Viper,0.64,124.0,7,16,6,-9,53.0,84.0,25.0,0.0,2.0,-2.0,TLN,,13,GEN,,6,0,VCT Emea
0,Haven,Ash,GEN,Tejo,0.47,97.0,7,15,3,-8,47.0,56.0,20.0,0.0,4.0,-4.0,TLN,,13,GEN,,6,0,VCT Emea
2,Icebox,Crws,TLN,Sova,1.03,181.0,10,13,6,-3,58.0,135.0,26.0,0.0,2.0,-2.0,TLN,,6,GEN,,13,0,VCT Emea
2,Icebox,Killua,TLN,Killjoy,0.97,201.0,13,15,1,-2,58.0,126.0,34.0,3.0,3.0,0.0,TLN,,6,GEN,,13,0,VCT Emea
2,Icebox,JitBoyS,TLN,Harbor,0.82,170.0,11,17,5,-6,74.0,115.0,27.0,0.0,0.0,0.0,TLN,,6,GEN,,13,0,VCT Emea
2,Icebox,thyy,TLN,Viper,0.66,135.0,9,15,5,-6,63.0,111.0,35.0,0.0,1.0,-1.0,TLN,,6,GEN,,13,0,VCT Emea
2,Icebox,primmie,TLN,Jett,0.25,86.0,5,16,2,-11,47.0,61.0,43.0,3.0,7.0,-4.0,TLN,,6,GEN,,13,0,VCT Emea
2,Icebox,Ash,GEN,Tejo,1.39,221.0,15,8,5,7,79.0,140.0,31.0,1.0,0.0,1.0,TLN,,6,GEN,,13,1,VCT Emea
2,Icebox,Munchkin,GEN,Kayo,1.37,218.0,15,8,12,7,74.0,140.0,27.0,3.0,1.0,2.0,TLN,,6,GEN,,13,1,VCT Emea
2,Icebox,t3xture,GEN,Yoru,1.33,284.0,19,12,4,7,84.0,165.0,33.0,5.0,3.0,2.0,TLN,,6,GEN,,13,1,VCT Emea
2,Icebox,Foxy9,GEN,Killjoy,1.27,199.0,16,8,1,8,89.0,129.0,45.0,2.0,1.0,1.0,TLN,,6,GEN,,13,1,VCT Emea
2,Icebox,Karon,GEN,Viper,0.84,166.0,11,12,4,-1,79.0,116.0,29.0,2.0,1.0,1.0,TLN,,6,GEN,,13,1,VCT Emea
3,Pearl,primmie,TLN,Yoru,1.26,288.0,16,13,2,3,63.0,188.0,46.0,3.0,1.0,2.0,TLN,,3,GEN,,13,0,VCT Emea
3,Pearl,JitBoyS,TLN,Cypher,0.69,155.0,8,13,3,-5,75.0,95.0,56.0,2.0,2.0,0.0,TLN,,3,GEN,,13,0,VCT Emea
3,Pearl,thyy,TLN,Astra,0.65,138.0,8,13,4,-5,50.0,100.0,23.0,0.0,1.0,-1.0,TLN,,3,GEN,,13,0,VCT Emea
3,Pearl,Crws,TLN,Fade,0.23,56.0,2,14,3,-12,44.0,42.0,21.0,0.0,2.0,-2.0,TLN,,3,GEN,,13,0,VCT Emea
3,Pearl,Killua,TLN,Vyse,0.22,80.0,4,14,0,-10,31.0,62.0,29.0,1.0,4.0,-3.0,TLN,,3,GEN,,13,0,VCT Emea
3,Pearl,Ash,GEN,Tejo,2.05,310.0,19,4,6,15,88.0,236.0,32.0,1.0,0.0,1.0,TLN,,3,GEN,,13,1,VCT Emea
3,Pearl,t3xture,GEN,Neon,1.61,315.0,19,8,1,11,75.0,188.0,34.0,5.0,1.0,4.0,TLN,,3,GEN,,13,1,VCT Emea
3,Pearl,Foxy9,GEN,Killjoy,1.24,180.0,12,8,1,4,75.0,122.0,36.0,1.0,1.0,0.0,TLN,,3,GEN,,13,1,VCT Emea
3,Pearl,Munchkin,GEN,Kayo,1.13,159.0,9,8,14,1,81.0,88.0,12.0,2.0,3.0,-1.0,TLN,,3,GEN,,13,1,VCT Emea
3,Pearl,Karon,GEN,Astra,0.87,153.0,8,10,12,-2,75.0,110.0,26.0,1.0,1.0,0.0,TLN,,3,GEN,,13,1,VCT Emea
0,Lotus,MaKo,KRX,Omen,1.28,241.0,24,17,9,7,75.0,155.0,30.0,5.0,4.0,1.0,KRX,,15,T1,,13,1,VCT Emea
0,Lotus,free1ng,KRX,Killjoy,1.1,204.0,19,17,3,2,75.0,135.0,28.0,6.0,4.0,2.0,KRX,,15,T1,,13,1,VCT Emea
0,Lotus,BeYN,KRX,Fade,1.05,168.0,19,16,8,3,75.0,115.0,24.0,1.0,1.0,0.0,KRX,,15,T1,,13,1,VCT Emea
0,Lotus,HYUNMIN,KRX,Raze,0.99,246.0,23,22,5,1,79.0,151.0,28.0,3.0,2.0,1.0,KRX,,15,T1,,13,1,VCT Emea
0,Lotus,Estrella,KRX,Viper,0.9,163.0,14,19,14,-5,75.0,105.0,23.0,1.0,1.0,0.0,KRX,,15,T1,,13,1,VCT Emea
0,Lotus,stax,T1,Breach,1.08,214.0,21,19,10,2,75.0,144.0,35.0,1.0,1.0,0.0,KRX,,15,T1,,13,0,VCT Emea
0,Lotus,BuZz,T1,Yoru,0.96,242.0,24,20,2,4,64.0,147.0,29.0,5.0,5.0,0.0,KRX,,15,T1,,13,0,VCT Emea
0,Lotus,Sylvan,T1,Omen,0.91,169.0,16,20,15,-4,68.0,118.0,37.0,2.0,4.0,-2.0,KRX,,15,T1,,13,0,VCT Emea
0,Lotus,Meteor,T1,Tejo,0.87,159.0,15,20,8,-5,57.0,126.0,25.0,0.0,1.0,-1.0,KRX,,15,T1,,13,0,VCT Emea
0,Lotus,iZu,T1,Viper,0.85,157.0,15,20,10,-5,57.0,103.0,47.0,4.0,5.0,-1.0,KRX,,15,T1,,13,0,VCT Emea
2,Fracture,MaKo,KRX,Brimstone,1.29,220.0,20,15,18,5,81.0,153.0,21.0,2.0,0.0,2.0,KRX,,14,T1,,12,1,VCT Emea
2,Fracture,BeYN,KRX,Cypher,1.14,189.0,17,14,7,3,73.0,124.0,17.0,2.0,3.0,-1.0,KRX,,14,T1,,12,1,VCT Emea
2,Fracture,HYUNMIN,KRX,Neon,1.13,277.0,24,21,7,3,85.0,158.0,15.0,7.0,3.0,4.0,KRX,,14,T1,,12,1,VCT Emea
2,Fracture,free1ng,KRX,Tejo,0.95,196.0,19,18,5,1,69.0,124.0,27.0,2.0,4.0,-2.0,KRX,,14,T1,,12,1,VCT Emea
2,Fracture,Estrella,KRX,Breach,0.91,153.0,14,16,11,-2,69.0,103.0,25.0,1.0,2.0,-1.0,KRX,,14,T1,,12,1,VCT Emea
2,Fracture,iZu,T1,Tejo,1.29,207.0,21,16,6,5,81.0,128.0,24.0,1.0,0.0,1.0,KRX,,14,T1,,12,0,VCT Emea
2,Fracture,Sylvan,T1,Brimstone,1.08,224.0,18,19,17,-1,92.0,132.0,25.0,2.0,1.0,1.0,KRX,,14,T1,,12,0,VCT Emea
2,Fracture,stax,T1,Breach,0.98,183.0,17,19,12,-2,69.0,115.0,22.0,1.0,1.0,0.0,KRX,,14,T1,,12,0,VCT Emea
2,Fracture,BuZz,T1,Neon,0.67,139.0,14,19,2,-5,65.0,80.0,18.0,3.0,5.0,-2.0,KRX,,14,T1,,12,0,VCT Emea
2,Fracture,Meteor,T1,Vyse,0.66,174.0,14,21,7,-7,58.0,117.0,19.0,5.0,7.0,-2.0,KRX,,14,T1,,12,0,VCT Emea
0,Haven,primmie,TLN,Yoru,1.49,300.0,25,13,1,12,77.0,192.0,34.0,7.0,2.0,5.0,TLN,,13,NS,,9,1,VCT Emea
0,Haven,JitBoyS,TLN,Cypher,1.07,227.0,17,15,3,2,73.0,154.0,35.0,4.0,1.0,3.0,TLN,,13,NS,,9,1,VCT Emea
0,Haven,thyy,TLN,Omen,0.9,179.0,14,14,6,0,73.0,111.0,35.0,2.0,1.0,1.0,TLN,,13,NS,,9,1,VCT Emea
0,Haven,Crws,TLN,Deadlock,0.89,125.0,11,13,4,-2,68.0,82.0,24.0,1.0,2.0,-1.0,TLN,,13,NS,,9,1,VCT Emea
0,Haven,Killua,TLN,Tejo,0.85,149.0,10,14,9,-4,73.0,113.0,30.0,1.0,1.0,0.0,TLN,,13,NS,,9,1,VCT Emea
0,Haven,Ivy,NS,Sova,1.32,230.0,18,12,6,6,86.0,149.0,36.0,1.0,2.0,-1.0,TLN,,13,NS,,9,0,VCT Emea
0,Haven,Dambi,NS,Neon,1.2,287.0,20,16,5,4,73.0,192.0,29.0,2.0,4.0,-2.0,TLN,,13,NS,,9,0,VCT Emea
0,Haven,Persia,NS,Omen,0.9,153.0,12,15,3,-3,64.0,91.0,23.0,1.0,2.0,-1.0,TLN,,13,NS,,9,0,VCT Emea
0,Haven,margaret,NS,Cypher,0.62,100.0,9,15,1,-6,55.0,71.0,32.0,0.0,3.0,-3.0,TLN,,13,NS,,9,0,VCT Emea
0,Haven,Francis,NS,Breach,0.6,130.0,10,19,9,-9,59.0,81.0,26.0,3.0,4.0,-1.0,TLN,,13,NS,,9,0,VCT Emea
2,Pearl,Killua,TLN,Vyse,1.0,222.0,14,16,4,-2,75.0,147.0,39.0,3.0,0.0,3.0,TLN,,7,NS,,13,0,VCT Emea
2,Pearl,JitBoyS,TLN,Cypher,0.79,141.0,10,15,3,-5,55.0,103.0,48.0,2.0,4.0,-2.0,TLN,,7,NS,,13,0,VCT Emea
2,Pearl,primmie,TLN,Yoru,0.76,172.0,11,16,5,-5,70.0,112.0,22.0,1.0,4.0,-3.0,TLN,,7,NS,,13,0,VCT Emea
2,Pearl,thyy,TLN,Astra,0.68,131.0,10,17,2,-7,50.0,77.0,36.0,1.0,1.0,0.0,TLN,,7,NS,,13,0,VCT Emea
2,Pearl,Crws,TLN,Tejo,0.41,112.0,8,17,1,-9,45.0,81.0,38.0,0.0,4.0,-4.0,TLN,,7,NS,,13,0,VCT Emea
2,Pearl,Francis,NS,Sova,1.89,265.0,21,6,4,15,95.0,178.0,22.0,2.0,0.0,2.0,TLN,,7,NS,,13,1,VCT Emea
2,Pearl,Persia,NS,Astra,1.18,183.0,14,10,4,4,70.0,113.0,24.0,3.0,1.0,2.0,TLN,,7,NS,,13,1,VCT Emea
2,Pearl,margaret,NS,Killjoy,1.16,243.0,17,12,5,5,75.0,168.0,29.0,2.0,2.0,0.0,TLN,,7,NS,,13,1,VCT Emea
2,Pearl,Ivy,NS,Vyse,0.95,189.0,15,13,6,2,70.0,114.0,33.0,2.0,1.0,1.0,TLN,,7,NS,,13,1,VCT Emea
2,Pearl,Dambi,NS,Neon,0.87,187.0,14,12,2,2,70.0,129.0,7.0,4.0,3.0,1.0,TLN,,7,NS,,13,1,VCT Emea
3,Ascent,Killua,TLN,Vyse,1.37,249.0,18,13,7,5,77.0,164.0,35.0,1.0,2.0,-1.0,TLN,,13,NS,,9,1,VCT Emea
3,Ascent,JitBoyS,TLN,Deadlock,1.3,219.0,19,13,6,6,77.0,140.0,30.0,2.0,4.0,-2.0,TLN,,13,NS,,9,1,VCT Emea
3,Ascent,Crws,TLN,Tejo,1.16,215.0,16,13,4,3,73.0,160.0,29.0,1.0,0.0,1.0,TLN,,13,NS,,9,1,VCT Emea
3,Ascent,primmie,TLN,Jett,0.89,194.0,15,15,2,0,59.0,139.0,48.0,5.0,5.0,0.0,TLN,,13,NS,,9,1,VCT Emea
3,Ascent,thyy,TLN,Omen,0.85,123.0,9,13,5,-4,73.0,78.0,52.0,1.0,1.0,0.0,TLN,,13,NS,,9,1,VCT Emea
3,Ascent,Dambi,NS,Yoru,1.01,201.0,16,15,4,1,68.0,134.0,24.0,4.0,5.0,-1.0,TLN,,13,NS,,9,0,VCT Emea
3,Ascent,Ivy,NS,Tejo,0.98,156.0,12,13,1,-1,64.0,107.0,19.0,3.0,0.0,3.0,TLN,,13,NS,,9,0,VCT Emea
3,Ascent,margaret,NS,Cypher,0.9,191.0,16,16,3,0,68.0,131.0,30.0,2.0,1.0,1.0,TLN,,13,NS,,9,0,VCT Emea
3,Ascent,Persia,NS,Omen,0.74,175.0,13,17,6,-4,59.0,115.0,29.0,3.0,1.0,2.0,TLN,,13,NS,,9,0,VCT Emea
3,Ascent,Francis,NS,Harbor,0.71,150.0,10,16,6,-6,59.0,108.0,17.0,0.0,3.0,-3.0,TLN,,13,NS,,9,0,VCT Emea
0,Fracture,BuZz,T1,Neon,1.52,336.0,19,10,5,9,81.0,204.0,28.0,5.0,0.0,5.0,T1,,13,PRX,,3,1,VCT Emea
0,Fracture,Meteor,T1,Vyse,1.48,278.0,18,8,5,10,94.0,165.0,30.0,1.0,2.0,-1.0,T1,,13,PRX,,3,1,VCT Emea
0,Fracture,iZu,T1,Tejo,1.4,250.0,16,8,3,8,88.0,145.0,30.0,1.0,1.0,0.0,T1,,13,PRX,,3,1,VCT Emea
0,Fracture,Sylvan,T1,Brimstone,1.24,198.0,10,8,8,2,94.0,143.0,21.0,1.0,2.0,-1.0,T1,,13,PRX,,3,1,VCT Emea
0,Fracture,stax,T1,Breach,0.86,138.0,7,8,7,-1,81.0,91.0,19.0,1.0,2.0,-1.0,T1,,13,PRX,,3,1,VCT Emea
0,Fracture,f0rsakeN,PRX,Neon,1.37,266.0,15,13,6,2,75.0,158.0,21.0,4.0,1.0,3.0,T1,,13,PRX,,3,0,VCT Emea
0,Fracture,Jinggg,PRX,Raze,0.98,193.0,10,13,2,-3,69.0,134.0,21.0,1.0,1.0,0.0,T1,,13,PRX,,3,0,VCT Emea
0,Fracture,PatMen,PRX,Breach,0.75,162.0,9,14,8,-5,50.0,117.0,39.0,0.0,0.0,0.0,T1,,13,PRX,,3,0,VCT Emea
0,Fracture,d4v41,PRX,Killjoy,0.37,116.0,7,15,3,-8,63.0,79.0,14.0,2.0,4.0,-2.0,T1,,13,PRX,,3,0,VCT Emea
0,Fracture,something,PRX,Brimstone,0.22,65.0,1,15,10,-14,56.0,50.0,10.0,0.0,3.0,-3.0,T1,,13,PRX,,3,0,VCT Emea
2,Ascent,BuZz,T1,Jett,0.95,252.0,14,16,2,-2,71.0,169.0,41.0,2.0,2.0,0.0,T1,,4,PRX,,13,0,VCT Emea
2,Ascent,iZu,T1,Sova,0.62,186.0,9,16,3,-7,65.0,142.0,29.0,0.0,3.0,-3.0,T1,,4,PRX,,13,0,VCT Emea
2,Ascent,Sylvan,T1,Omen,0.55,134.0,8,14,5,-6,59.0,93.0,30.0,1.0,1.0,0.0,T1,,4,PRX,,13,0,VCT Emea
2,Ascent,stax,T1,Kayo,0.53,156.0,9,16,4,-7,53.0,106.0,29.0,0.0,1.0,-1.0,T1,,4,PRX,,13,0,VCT Emea
2,Ascent,Meteor,T1,Killjoy,0.53,163.0,9,16,0,-7,47.0,114.0,18.0,3.0,4.0,-1.0,T1,,4,PRX,,13,0,VCT Emea
2,Ascent,something,PRX,Jett,1.6,306.0,19,10,5,9,94.0,188.0,14.0,2.0,1.0,1.0,T1,,4,PRX,,13,1,VCT Emea
2,Ascent,Jinggg,PRX,Omen,1.57,284.0,18,10,14,8,94.0,175.0,33.0,4.0,2.0,2.0,T1,,4,PRX,,13,1,VCT Emea
2,Ascent,PatMen,PRX,Kayo,1.48,272.0,18,10,9,8,76.0,183.0,27.0,0.0,0.0,0.0,T1,,4,PRX,,13,1,VCT Emea
2,Ascent,d4v41,PRX,Vyse,1.42,204.0,14,8,6,6,88.0,153.0,24.0,2.0,0.0,2.0,T1,,4,PRX,,13,1,VCT Emea
2,Ascent,f0rsakeN,PRX,Fade,0.74,141.0,9,11,8,-2,71.0,83.0,43.0,3.0,3.0,0.0,T1,,4,PRX,,13,1,VCT Emea
3,Lotus,Meteor,T1,Tejo,0.8,219.0,11,14,0,-3,60.0,143.0,32.0,1.0,2.0,-1.0,T1,,2,PRX,,13,0,VCT Emea
3,Lotus,stax,T1,Breach,0.58,166.0,8,14,5,-6,53.0,113.0,56.0,0.0,1.0,-1.0,T1,,2,PRX,,13,0,VCT Emea
3,Lotus,iZu,T1,Viper,0.5,171.0,8,15,1,-7,53.0,107.0,33.0,0.0,2.0,-2.0,T1,,2,PRX,,13,0,VCT Emea
3,Lotus,Sylvan,T1,Omen,0.46,100.0,6,14,3,-8,47.0,77.0,21.0,0.0,4.0,-4.0,T1,,2,PRX,,13,0,VCT Emea
3,Lotus,BuZz,T1,Yoru,0.44,125.0,7,14,1,-7,40.0,75.0,29.0,1.0,4.0,-3.0,T1,,2,PRX,,13,0,VCT Emea
3,Lotus,Jinggg,PRX,Raze,1.75,332.0,18,10,8,8,87.0,252.0,21.0,2.0,1.0,1.0,T1,,2,PRX,,13,1,VCT Emea
3,Lotus,something,PRX,Yoru,1.65,299.0,16,6,5,10,93.0,177.0,28.0,4.0,0.0,4.0,T1,,2,PRX,,13,1,VCT Emea
3,Lotus,f0rsakeN,PRX,Omen,1.55,229.0,15,6,5,9,87.0,134.0,38.0,3.0,1.0,2.0,T1,,2,PRX,,13,1,VCT Emea
3,Lotus,PatMen,PRX,Fade,1.15,178.0,9,9,10,0,93.0,113.0,17.0,1.0,0.0,1.0,T1,,2,PRX,,13,1,VCT Emea
3,Lotus,d4v41,PRX,Vyse,1.09,205.0,13,9,5,4,93.0,122.0,32.0,3.0,0.0,3.0,T1,,2,PRX,,13,1,VCT Emea
0,Split,dos9,BME,Omen,1.08,232.0,18,17,9,1,71.0,142.0,32.0,1.0,1.0,0.0,BME,,8,GEN,,13,0,VCT Emea
0,Split,NcSlasher,BME,Deadlock,0.94,151.0,11,15,2,-4,67.0,99.0,48.0,3.0,3.0,0.0,BME,,8,GEN,,13,0,VCT Emea
0,Split,BerserX,BME,Viper,0.9,217.0,16,18,1,-2,71.0,149.0,31.0,1.0,1.0,0.0,BME,,8,GEN,,13,0,VCT Emea
0,Split,Shiro,BME,Tejo,0.46,138.0,9,19,4,-10,52.0,98.0,25.0,1.0,2.0,-1.0,BME,,8,GEN,,13,0,VCT Emea
0,Split,Famouz,BME,Yoru,0.35,121.0,6,19,6,-13,57.0,93.0,15.0,1.0,7.0,-6.0,BME,,8,GEN,,13,0,VCT Emea
0,Split,Karon,GEN,Omen,1.57,286.0,23,11,13,12,90.0,199.0,38.0,2.0,0.0,2.0,BME,,8,GEN,,13,1,VCT Emea
0,Split,Munchkin,GEN,Viper,1.24,200.0,15,10,5,5,76.0,135.0,25.0,3.0,2.0,1.0,BME,,8,GEN,,13,1,VCT Emea
0,Split,t3xture,GEN,Neon,1.2,245.0,19,13,4,6,62.0,167.0,33.0,3.0,4.0,-1.0,BME,,8,GEN,,13,1,VCT Emea
0,Split,Foxy9,GEN,Deadlock,1.2,268.0,21,17,5,4,90.0,152.0,46.0,6.0,0.0,6.0,BME,,8,GEN,,13,1,VCT Emea
0,Split,Ash,GEN,Tejo,0.97,131.0,10,9,8,1,81.0,99.0,21.0,0.0,1.0,-1.0,BME,,8,GEN,,13,1,VCT Emea
2,Ascent,Shiro,BME,Sova,1.2,233.0,15,13,6,2,74.0,136.0,18.0,2.0,3.0,-1.0,BME,,6,GEN,,13,0,VCT Emea
2,Ascent,BerserX,BME,Vyse,0.79,152.0,10,14,4,-4,58.0,111.0,28.0,1.0,4.0,-3.0,BME,,6,GEN,,13,0,VCT Emea
2,Ascent,NcSlasher,BME,Tejo,0.77,120.0,9,13,2,-4,58.0,72.0,47.0,2.0,1.0,1.0,BME,,6,GEN,,13,0,VCT Emea
2,Ascent,dos9,BME,Omen,0.61,129.0,6,15,10,-9,63.0,102.0,27.0,0.0,4.0,-4.0,BME,,6,GEN,,13,0,VCT Emea
2,Ascent,Famouz,BME,Yoru,0.57,149.0,11,16,2,-5,47.0,81.0,13.0,0.0,2.0,-2.0,BME,,6,GEN,,13,0,VCT Emea
2,Ascent,t3xture,GEN,Jett,1.41,303.0,21,11,2,10,79.0,191.0,25.0,9.0,2.0,7.0,BME,,6,GEN,,13,1,VCT Emea
2,Ascent,Munchkin,GEN,Kayo,1.38,200.0,15,9,8,6,84.0,143.0,25.0,2.0,1.0,1.0,BME,,6,GEN,,13,1,VCT Emea
2,Ascent,Karon,GEN,Omen,1.23,204.0,13,10,7,3,79.0,150.0,40.0,0.0,0.0,0.0,BME,,6,GEN,,13,1,VCT Emea
2,Ascent,Ash,GEN,Sova,1.14,165.0,12,8,3,4,68.0,116.0,53.0,2.0,0.0,2.0,BME,,6,GEN,,13,1,VCT Emea
2,Ascent,Foxy9,GEN,Killjoy,0.81,147.0,10,13,2,-3,68.0,113.0,32.0,1.0,2.0,-1.0,BME,,6,GEN,,13,1,VCT Emea
0,Fracture,Kushy,RRQ,Tejo,1.34,231.0,21,16,5,5,83.0,173.0,26.0,1.0,0.0,1.0,RRQ,,11,KRX,,13,0,VCT Emea
0,Fracture,xffero,RRQ,Vyse,0.99,239.0,19,19,6,0,83.0,169.0,30.0,3.0,1.0,2.0,RRQ,,11,KRX,,13,0,VCT Emea
0,Fracture,Jemkin,RRQ,Brimstone,0.91,171.0,14,17,7,-3,75.0,126.0,29.0,2.0,1.0,1.0,RRQ,,11,KRX,,13,0,VCT Emea
0,Fracture,crazyguy,RRQ,Breach,0.9,193.0,15,18,9,-3,75.0,127.0,24.0,1.0,1.0,0.0,RRQ,,11,KRX,,13,0,VCT Emea
0,Fracture,Monyet,RRQ,Neon,0.65,169.0,15,20,4,-5,58.0,97.0,31.0,7.0,7.0,0.0,RRQ,,11,KRX,,13,0,VCT Emea
0,Fracture,MaKo,KRX,Brimstone,1.68,351.0,29,16,10,13,83.0,216.0,17.0,2.0,0.0,2.0,RRQ,,11,KRX,,13,1,VCT Emea
0,Fracture,BeYN,KRX,Cypher,1.24,225.0,19,16,11,3,75.0,146.0,31.0,3.0,3.0,0.0,RRQ,,11,KRX,,13,1,VCT Emea
0,Fracture,free1ng,KRX,Tejo,1.09,197.0,16,15,5,1,58.0,132.0,28.0,2.0,3.0,-1.0,RRQ,,11,KRX,,13,1,VCT Emea
0,Fracture,HYUNMIN,KRX,Neon,0.91,199.0,17,19,7,-2,71.0,128.0,32.0,3.0,6.0,-3.0,RRQ,,11,KRX,,13,1,VCT Emea
0,Fracture,Estrella,KRX,Breach,0.44,96.0,9,18,6,-9,67.0,56.0,19.0,0.0,2.0,-2.0,RRQ,,11,KRX,,13,1,VCT Emea
2,Icebox,Jemkin,RRQ,Jett,1.89,325.0,21,8,1,13,82.0,209.0,33.0,5.0,1.0,4.0,RRQ,,13,KRX,,4,1,VCT Emea
2,Icebox,xffero,RRQ,Killjoy,1.3,246.0,15,9,1,6,82.0,177.0,27.0,4.0,2.0,2.0,RRQ,,13,KRX,,4,1,VCT Emea
2,Icebox,Monyet,RRQ,Viper,1.16,175.0,12,9,11,3,82.0,121.0,27.0,1.0,0.0,1.0,RRQ,,13,KRX,,4,1,VCT Emea
2,Icebox,Kushy,RRQ,Kayo,1.11,206.0,14,11,6,3,76.0,133.0,44.0,0.0,1.0,-1.0,RRQ,,13,KRX,,4,1,VCT Emea
2,Icebox,crazyguy,RRQ,Tejo,0.95,219.0,11,12,7,-1,82.0,147.0,15.0,2.0,1.0,1.0,RRQ,,13,KRX,,4,1,VCT Emea
2,Icebox,MaKo,KRX,Viper,1.04,210.0,12,13,7,-1,71.0,123.0,22.0,2.0,1.0,1.0,RRQ,,13,KRX,,4,0,VCT Emea
2,Icebox,HYUNMIN,KRX,Jett,1.0,254.0,15,16,2,-1,65.0,161.0,27.0,3.0,3.0,0.0,RRQ,,13,KRX,,4,0,VCT Emea
2,Icebox,free1ng,KRX,Tejo,0.52,131.0,7,14,2,-7,47.0,96.0,11.0,0.0,4.0,-4.0,RRQ,,13,KRX,,4,0,VCT Emea
2,Icebox,Estrella,KRX,Kayo,0.49,143.0,8,14,6,-6,65.0,92.0,26.0,0.0,3.0,-3.0,RRQ,,13,KRX,,4,0,VCT Emea
2,Icebox,BeYN,KRX,Killjoy,0.42,123.0,7,16,1,-9,71.0,69.0,29.0,0.0,1.0,-1.0,RRQ,,13,KRX,,4,0,VCT Emea
3,Lotus,Jemkin,RRQ,Yoru,1.57,264.0,25,12,3,13,65.0,168.0,43.0,6.0,5.0,1.0,RRQ,,14,KRX,,12,1,VCT Emea
3,Lotus,crazyguy,RRQ,Breach,1.31,268.0,23,17,8,6,81.0,174.0,36.0,1.0,1.0,0.0,RRQ,,14,KRX,,12,1,VCT Emea
3,Lotus,xffero,RRQ,Viper,0.99,207.0,22,17,4,5,77.0,128.0,27.0,2.0,2.0,0.0,RRQ,,14,KRX,,12,1,VCT Emea
3,Lotus,Monyet,RRQ,Omen,0.85,146.0,11,17,15,-6,85.0,100.0,25.0,3.0,2.0,1.0,RRQ,,14,KRX,,12,1,VCT Emea
3,Lotus,Kushy,RRQ,Tejo,0.6,130.0,10,20,12,-10,69.0,104.0,23.0,0.0,4.0,-4.0,RRQ,,14,KRX,,12,1,VCT Emea
3,Lotus,free1ng,KRX,Killjoy,1.22,233.0,22,16,2,6,62.0,151.0,28.0,5.0,5.0,0.0,RRQ,,14,KRX,,12,0,VCT Emea
3,Lotus,HYUNMIN,KRX,Raze,1.12,285.0,24,21,2,3,65.0,182.0,24.0,4.0,2.0,2.0,RRQ,,14,KRX,,12,0,VCT Emea
3,Lotus,MaKo,KRX,Omen,1.12,217.0,20,17,7,3,77.0,130.0,34.0,3.0,2.0,1.0,RRQ,,14,KRX,,12,0,VCT Emea
3,Lotus,Estrella,KRX,Viper,0.82,128.0,11,16,4,-5,62.0,82.0,16.0,2.0,2.0,0.0,RRQ,,14,KRX,,12,0,VCT Emea
3,Lotus,BeYN,KRX,Fade,0.34,83.0,6,21,8,-15,62.0,53.0,14.0,0.0,1.0,-1.0,RRQ,,14,KRX,,12,0,VCT Emea
0,Icebox,MaKo,KRX,Viper,1.52,265.0,17,8,4,9,82.0,152.0,38.0,3.0,3.0,0.0,KRX,,13,TLN,,4,1,VCT Emea
0,Icebox,HYUNMIN,KRX,Jett,1.41,260.0,16,9,2,7,76.0,163.0,38.0,1.0,2.0,-1.0,KRX,,13,TLN,,4,1,VCT Emea
0,Icebox,BeYN,KRX,Killjoy,1.29,235.0,14,9,2,5,76.0,138.0,28.0,1.0,2.0,-1.0,KRX,,13,TLN,,4,1,VCT Emea
0,Icebox,free1ng,KRX,Tejo,1.08,198.0,13,10,5,3,94.0,123.0,20.0,2.0,0.0,2.0,KRX,,13,TLN,,4,1,VCT Emea
0,Icebox,Estrella,KRX,Harbor,0.64,144.0,9,12,6,-3,65.0,74.0,23.0,1.0,2.0,-1.0,KRX,,13,TLN,,4,1,VCT Emea
0,Icebox,primmie,TLN,Jett,1.08,235.0,15,15,0,0,59.0,146.0,32.0,3.0,2.0,1.0,KRX,,13,TLN,,4,0,VCT Emea
0,Icebox,thyy,TLN,Viper,1.01,207.0,12,13,5,-1,65.0,133.0,29.0,1.0,1.0,0.0,KRX,,13,TLN,,4,0,VCT Emea
0,Icebox,JitBoyS,TLN,Killjoy,0.9,195.0,11,14,2,-3,65.0,142.0,38.0,4.0,3.0,1.0,KRX,,13,TLN,,4,0,VCT Emea
0,Icebox,Killua,TLN,Tejo,0.5,114.0,5,13,7,-8,71.0,83.0,21.0,1.0,2.0,-1.0,KRX,,13,TLN,,4,0,VCT Emea
0,Icebox,Crws,TLN,Sova,0.32,91.0,5,14,2,-9,35.0,78.0,24.0,0.0,0.0,0.0,KRX,,13,TLN,,4,0,VCT Emea
2,Fracture,MaKo,KRX,Brimstone,1.35,269.0,24,17,19,7,77.0,174.0,39.0,3.0,1.0,2.0,KRX,,14,TLN,,12,1,VCT Emea
2,Fracture,BeYN,KRX,Cypher,1.19,189.0,19,14,2,5,69.0,132.0,23.0,4.0,0.0,4.0,KRX,,14,TLN,,12,1,VCT Emea
2,Fracture,HYUNMIN,KRX,Neon,0.99,205.0,21,18,6,3,77.0,141.0,31.0,6.0,6.0,0.0,KRX,,14,TLN,,12,1,VCT Emea
2,Fracture,free1ng,KRX,Tejo,0.81,156.0,13,19,7,-6,73.0,118.0,27.0,1.0,1.0,0.0,KRX,,14,TLN,,12,1,VCT Emea
2,Fracture,Estrella,KRX,Breach,0.81,164.0,15,18,9,-3,69.0,102.0,33.0,2.0,2.0,0.0,KRX,,14,TLN,,12,1,VCT Emea
2,Fracture,primmie,TLN,Waylay,1.09,227.0,23,19,3,4,65.0,135.0,28.0,1.0,2.0,-1.0,KRX,,14,TLN,,12,0,VCT Emea
2,Fracture,Crws,TLN,Tejo,0.99,219.0,19,18,3,1,62.0,150.0,27.0,2.0,3.0,-1.0,KRX,,14,TLN,,12,0,VCT Emea
2,Fracture,Killua,TLN,Breach,0.91,167.0,14,19,10,-5,69.0,101.0,29.0,4.0,2.0,2.0,KRX,,14,TLN,,12,0,VCT Emea
2,Fracture,thyy,TLN,Brimstone,0.9,164.0,14,17,12,-3,77.0,102.0,38.0,0.0,2.0,-2.0,KRX,,14,TLN,,12,0,VCT Emea
2,Fracture,JitBoyS,TLN,Cypher,0.84,182.0,16,19,3,-3,54.0,108.0,26.0,3.0,7.0,-4.0,KRX,,14,TLN,,12,0,VCT Emea
0,Lotus,dos9,BME,Omen,1.19,283.0,17,17,2,0,67.0,185.0,37.0,2.0,1.0,1.0,BME,,5,PRX,,13,0,VCT Emea
0,Lotus,NcSlasher,BME,Breach,1.01,238.0,13,17,6,-4,61.0,159.0,18.0,0.0,2.0,-2.0,BME,,5,PRX,,13,0,VCT Emea
0,Lotus,Famouz,BME,Neon,0.49,139.0,9,17,1,-8,50.0,84.0,31.0,2.0,7.0,-5.0,BME,,5,PRX,,13,0,VCT Emea
0,Lotus,BerserX,BME,Viper,0.4,111.0,5,16,5,-11,44.0,82.0,20.0,1.0,2.0,-1.0,BME,,5,PRX,,13,0,VCT Emea
0,Lotus,Shiro,BME,Tejo,0.34,93.0,5,16,1,-11,44.0,77.0,13.0,1.0,1.0,0.0,BME,,5,PRX,,13,0,VCT Emea
0,Lotus,Jinggg,PRX,Raze,2.04,364.0,28,8,3,20,89.0,221.0,22.0,4.0,0.0,4.0,BME,,5,PRX,,13,1,VCT Emea
0,Lotus,something,PRX,Yoru,1.29,205.0,14,8,8,6,83.0,142.0,20.0,3.0,3.0,0.0,BME,,5,PRX,,13,1,VCT Emea
0,Lotus,d4v41,PRX,Vyse,1.14,221.0,14,10,8,4,83.0,146.0,19.0,1.0,0.0,1.0,BME,,5,PRX,,13,1,VCT Emea
0,Lotus,f0rsakeN,PRX,Omen,1.08,235.0,13,12,15,1,89.0,137.0,13.0,4.0,1.0,3.0,BME,,5,PRX,,13,1,VCT Emea
0,Lotus,PatMen,PRX,Fade,1.08,190.0,13,11,12,2,83.0,126.0,30.0,0.0,1.0,-1.0,BME,,5,PRX,,13,1,VCT Emea
2,Fracture,BerserX,BME,Killjoy,1.12,253.0,19,17,5,2,76.0,155.0,14.0,3.0,0.0,3.0,BME,,8,PRX,,13,0,VCT Emea
2,Fracture,dos9,BME,Brimstone,1.1,261.0,18,16,9,2,76.0,165.0,15.0,4.0,4.0,0.0,BME,,8,PRX,,13,0,VCT Emea
2,Fracture,NcSlasher,BME,Breach,0.87,193.0,13,18,14,-5,76.0,128.0,38.0,0.0,3.0,-3.0,BME,,8,PRX,,13,0,VCT Emea
2,Fracture,Shiro,BME,Tejo,0.71,168.0,11,16,4,-5,81.0,119.0,31.0,2.0,0.0,2.0,BME,,8,PRX,,13,0,VCT Emea
2,Fracture,Famouz,BME,Neon,0.71,138.0,12,15,3,-3,62.0,94.0,8.0,1.0,4.0,-3.0,BME,,8,PRX,,13,0,VCT Emea
2,Fracture,PatMen,PRX,Breach,1.43,245.0,19,11,8,8,81.0,157.0,28.0,2.0,1.0,1.0,BME,,8,PRX,,13,1,VCT Emea
2,Fracture,something,PRX,Brimstone,1.18,231.0,16,17,12,-1,76.0,168.0,20.0,1.0,0.0,1.0,BME,,8,PRX,,13,1,VCT Emea
2,Fracture,Jinggg,PRX,Raze,1.1,232.0,18,15,2,3,71.0,147.0,31.0,2.0,4.0,-2.0,BME,,8,PRX,,13,1,VCT Emea
2,Fracture,f0rsakeN,PRX,Neon,1.03,217.0,15,16,5,-1,71.0,136.0,12.0,4.0,2.0,2.0,BME,,8,PRX,,13,1,VCT Emea
2,Fracture,d4v41,PRX,Killjoy,0.94,180.0,14,14,2,0,76.0,127.0,11.0,2.0,3.0,-1.0,BME,,8,PRX,,13,1,VCT Emea
0,Lotus,t3xture,GEN,Raze,1.46,290.0,21,10,1,11,72.0,180.0,26.0,4.0,6.0,-2.0,GEN,,13,RRQ,,5,1,VCT Emea
0,Lotus,Karon,GEN,Omen,1.44,259.0,16,8,5,8,83.0,160.0,25.0,1.0,1.0,0.0,GEN,,13,RRQ,,5,1,VCT Emea
0,Lotus,Munchkin,GEN,Viper,1.18,220.0,14,10,3,4,83.0,149.0,29.0,2.0,2.0,0.0,GEN,,13,RRQ,,5,1,VCT Emea
0,Lotus,Foxy9,GEN,Vyse,1.08,159.0,10,8,3,2,78.0,103.0,30.0,1.0,0.0,1.0,GEN,,13,RRQ,,5,1,VCT Emea
0,Lotus,Ash,GEN,Fade,0.99,139.0,9,9,6,0,78.0,81.0,35.0,1.0,0.0,1.0,GEN,,13,RRQ,,5,1,VCT Emea
0,Lotus,Jemkin,RRQ,Yoru,0.92,227.0,14,14,1,0,61.0,134.0,34.0,5.0,5.0,0.0,GEN,,13,RRQ,,5,0,VCT Emea
0,Lotus,Monyet,RRQ,Omen,0.8,147.0,9,13,2,-4,61.0,109.0,41.0,0.0,0.0,0.0,GEN,,13,RRQ,,5,0,VCT Emea
0,Lotus,Kushy,RRQ,Tejo,0.75,159.0,9,14,3,-5,61.0,112.0,19.0,1.0,1.0,0.0,GEN,,13,RRQ,,5,0,VCT Emea
0,Lotus,crazyguy,RRQ,Breach,0.63,136.0,8,15,3,-7,61.0,86.0,35.0,3.0,1.0,2.0,GEN,,13,RRQ,,5,0,VCT Emea
0,Lotus,xffero,RRQ,Viper,0.41,98.0,5,14,2,-9,50.0,68.0,15.0,0.0,2.0,-2.0,GEN,,13,RRQ,,5,0,VCT Emea
2,Icebox,t3xture,GEN,Yoru,1.39,298.0,22,12,7,10,71.0,178.0,21.0,4.0,4.0,0.0,GEN,,13,RRQ,,8,1,VCT Emea
2,Icebox,Foxy9,GEN,Killjoy,1.36,222.0,19,12,2,7,76.0,146.0,35.0,2.0,3.0,-1.0,GEN,,13,RRQ,,8,1,VCT Emea
2,Icebox,Ash,GEN,Tejo,1.31,192.0,15,10,5,5,76.0,137.0,34.0,1.0,0.0,1.0,GEN,,13,RRQ,,8,1,VCT Emea
2,Icebox,Karon,GEN,Viper,0.9,168.0,10,15,17,-5,90.0,116.0,26.0,0.0,1.0,-1.0,GEN,,13,RRQ,,8,1,VCT Emea
2,Icebox,Munchkin,GEN,Kayo,0.77,196.0,14,16,7,-2,67.0,118.0,35.0,3.0,3.0,0.0,GEN,,13,RRQ,,8,1,VCT Emea
2,Icebox,Jemkin,RRQ,Jett,1.2,290.0,22,17,2,5,76.0,170.0,29.0,4.0,3.0,1.0,GEN,,13,RRQ,,8,0,VCT Emea
2,Icebox,xffero,RRQ,Killjoy,0.97,171.0,13,14,3,-1,67.0,121.0,23.0,1.0,2.0,-1.0,GEN,,13,RRQ,,8,0,VCT Emea
2,Icebox,crazyguy,RRQ,Tejo,0.94,156.0,12,13,5,-1,62.0,116.0,20.0,3.0,2.0,1.0,GEN,,13,RRQ,,8,0,VCT Emea
2,Icebox,Kushy,RRQ,Kayo,0.67,149.0,10,17,10,-7,86.0,98.0,33.0,0.0,1.0,-1.0,GEN,,13,RRQ,,8,0,VCT Emea
2,Icebox,Monyet,RRQ,Viper,0.5,117.0,8,19,7,-11,62.0,92.0,33.0,3.0,2.0,1.0,GEN,,13,RRQ,,8,0,VCT Emea
0,Lotus,free1ng,KRX,Tejo,1.17,227.0,18,16,4,2,75.0,156.0,40.0,7.0,1.0,6.0,KRX,,11,PRX,,13,0,VCT Emea
0,Lotus,MaKo,KRX,Omen,1.13,237.0,19,17,8,2,75.0,155.0,28.0,0.0,3.0,-3.0,KRX,,11,PRX,,13,0,VCT Emea
0,Lotus,HYUNMIN,KRX,Yoru,0.92,195.0,17,18,4,-1,67.0,134.0,23.0,4.0,3.0,1.0,KRX,,11,PRX,,13,0,VCT Emea
0,Lotus,BeYN,KRX,Deadlock,0.77,148.0,13,16,4,-3,63.0,91.0,30.0,1.0,1.0,0.0,KRX,,11,PRX,,13,0,VCT Emea
0,Lotus,Estrella,KRX,Vyse,0.74,164.0,13,17,4,-4,63.0,132.0,36.0,1.0,3.0,-2.0,KRX,,11,PRX,,13,0,VCT Emea
0,Lotus,f0rsakeN,PRX,Omen,1.34,254.0,21,16,9,5,88.0,165.0,41.0,4.0,1.0,3.0,KRX,,11,PRX,,13,1,VCT Emea
0,Lotus,d4v41,PRX,Vyse,1.29,210.0,20,13,5,7,67.0,148.0,27.0,0.0,3.0,-3.0,KRX,,11,PRX,,13,1,VCT Emea
0,Lotus,something,PRX,Yoru,1.07,197.0,16,14,3,2,67.0,121.0,29.0,3.0,4.0,-1.0,KRX,,11,PRX,,13,1,VCT Emea
0,Lotus,PatMen,PRX,Fade,0.81,146.0,13,17,4,-4,75.0,90.0,30.0,3.0,1.0,2.0,KRX,,11,PRX,,13,1,VCT Emea
0,Lotus,Jinggg,PRX,Raze,0.8,204.0,14,20,9,-6,63.0,153.0,23.0,1.0,4.0,-3.0,KRX,,11,PRX,,13,1,VCT Emea
2,Icebox,BeYN,KRX,Killjoy,1.08,204.0,15,14,3,1,62.0,142.0,36.0,3.0,2.0,1.0,KRX,,8,PRX,,13,0,VCT Emea
2,Icebox,HYUNMIN,KRX,Jett,0.97,199.0,14,16,4,-2,67.0,125.0,31.0,4.0,2.0,2.0,KRX,,8,PRX,,13,0,VCT Emea
2,Icebox,MaKo,KRX,Viper,0.87,197.0,13,15,4,-2,71.0,126.0,32.0,3.0,2.0,1.0,KRX,,8,PRX,,13,0,VCT Emea
2,Icebox,Estrella,KRX,Harbor,0.69,146.0,12,14,5,-2,57.0,83.0,40.0,1.0,1.0,0.0,KRX,,8,PRX,,13,0,VCT Emea
2,Icebox,free1ng,KRX,Tejo,0.61,105.0,8,14,1,-6,52.0,73.0,35.0,1.0,2.0,-1.0,KRX,,8,PRX,,13,0,VCT Emea
2,Icebox,PatMen,PRX,Viper,1.33,231.0,17,12,8,5,67.0,147.0,36.0,2.0,2.0,0.0,KRX,,8,PRX,,13,1,VCT Emea
2,Icebox,f0rsakeN,PRX,Sova,1.22,179.0,15,11,2,4,52.0,138.0,63.0,0.0,1.0,-1.0,KRX,,8,PRX,,13,1,VCT Emea
2,Icebox,d4v41,PRX,Killjoy,1.13,182.0,12,10,5,2,76.0,132.0,16.0,1.0,0.0,1.0,KRX,,8,PRX,,13,1,VCT Emea
2,Icebox,something,PRX,Jett,1.12,256.0,19,15,3,4,76.0,146.0,31.0,5.0,5.0,0.0,KRX,,8,PRX,,13,1,VCT Emea
2,Icebox,Jinggg,PRX,Omen,0.69,132.0,10,14,6,-4,62.0,92.0,28.0,1.0,4.0,-3.0,KRX,,8,PRX,,13,1,VCT Emea
0,Fracture,Jemkin,RRQ,Brimstone,1.29,211.0,11,10,2,1,67.0,144.0,50.0,0.0,3.0,-3.0,RRQ,,2,PRX,,13,0,VCT Emea
0,Fracture,crazyguy,RRQ,Breach,0.8,170.0,7,11,7,-4,87.0,120.0,31.0,0.0,1.0,-1.0,RRQ,,2,PRX,,13,0,VCT Emea
0,Fracture,xffero,RRQ,Vyse,0.6,133.0,6,12,4,-6,67.0,102.0,18.0,1.0,5.0,-4.0,RRQ,,2,PRX,,13,0,VCT Emea
0,Fracture,Kushy,RRQ,Tejo,0.28,105.0,5,15,1,-10,33.0,71.0,27.0,0.0,2.0,-2.0,RRQ,,2,PRX,,13,0,VCT Emea
0,Fracture,Monyet,RRQ,Neon,0.23,96.0,5,15,1,-10,40.0,68.0,29.0,0.0,3.0,-3.0,RRQ,,2,PRX,,13,0,VCT Emea
0,Fracture,f0rsakeN,PRX,Neon,2.45,448.0,26,5,3,21,93.0,307.0,37.0,3.0,0.0,3.0,RRQ,,2,PRX,,13,1,VCT Emea
0,Fracture,d4v41,PRX,Killjoy,1.54,238.0,14,5,1,9,87.0,149.0,28.0,6.0,0.0,6.0,RRQ,,2,PRX,,13,1,VCT Emea
0,Fracture,something,PRX,Brimstone,1.09,166.0,9,7,2,2,87.0,111.0,53.0,2.0,1.0,1.0,RRQ,,2,PRX,,13,1,VCT Emea
0,Fracture,Jinggg,PRX,Raze,0.82,166.0,8,9,3,-1,93.0,114.0,15.0,3.0,0.0,3.0,RRQ,,2,PRX,,13,1,VCT Emea
0,Fracture,PatMen,PRX,Breach,0.67,105.0,6,8,4,-2,87.0,65.0,35.0,0.0,0.0,0.0,RRQ,,2,PRX,,13,1,VCT Emea
2,Split,Jemkin,RRQ,Yoru,1.73,337.0,32,17,6,15,77.0,198.0,57.0,7.0,1.0,6.0,RRQ,,14,PRX,,12,1,VCT Emea
2,Split,Monyet,RRQ,Raze,0.97,214.0,18,23,7,-5,69.0,140.0,20.0,4.0,4.0,0.0,RRQ,,14,PRX,,12,1,VCT Emea
2,Split,Kushy,RRQ,Fade,0.84,156.0,13,19,9,-6,62.0,97.0,21.0,1.0,0.0,1.0,RRQ,,14,PRX,,12,1,VCT Emea
2,Split,xffero,RRQ,Viper,0.73,127.0,13,17,4,-4,73.0,82.0,24.0,1.0,4.0,-3.0,RRQ,,14,PRX,,12,1,VCT Emea
2,Split,crazyguy,RRQ,Omen,0.7,131.0,11,18,10,-7,62.0,81.0,29.0,1.0,3.0,-2.0,RRQ,,14,PRX,,12,1,VCT Emea
2,Split,f0rsakeN,PRX,Omen,1.07,224.0,21,16,11,5,65.0,148.0,35.0,2.0,4.0,-2.0,RRQ,,14,PRX,,12,0,VCT Emea
2,Split,Jinggg,PRX,Raze,1.04,240.0,22,19,4,3,77.0,155.0,22.0,6.0,2.0,4.0,RRQ,,14,PRX,,12,0,VCT Emea
2,Split,something,PRX,Jett,1.02,219.0,20,18,2,2,54.0,148.0,24.0,2.0,6.0,-4.0,RRQ,,14,PRX,,12,0,VCT Emea
2,Split,d4v41,PRX,Viper,0.86,203.0,18,18,7,0,81.0,149.0,22.0,1.0,1.0,0.0,RRQ,,14,PRX,,12,0,VCT Emea
2,Split,PatMen,PRX,Skye,0.78,152.0,13,16,13,-3,88.0,104.0,27.0,1.0,1.0,0.0,RRQ,,14,PRX,,12,0,VCT Emea
3,Pearl,Kushy,RRQ,Killjoy,1.51,305.0,31,16,7,15,81.0,189.0,24.0,2.0,1.0,1.0,RRQ,,14,PRX,,12,1,VCT Emea
3,Pearl,Jemkin,RRQ,Yoru,1.45,296.0,27,17,10,10,81.0,189.0,40.0,7.0,3.0,4.0,RRQ,,14,PRX,,12,1,VCT Emea
3,Pearl,xffero,RRQ,Astra,1.0,140.0,14,10,11,4,85.0,95.0,26.0,0.0,3.0,-3.0,RRQ,,14,PRX,,12,1,VCT Emea
3,Pearl,Monyet,RRQ,Neon,0.74,205.0,18,21,10,-3,65.0,120.0,15.0,4.0,6.0,-2.0,RRQ,,14,PRX,,12,1,VCT Emea
3,Pearl,crazyguy,RRQ,Tejo,0.54,102.0,7,16,6,-9,69.0,78.0,18.0,0.0,0.0,0.0,RRQ,,14,PRX,,12,1,VCT Emea
3,Pearl,Jinggg,PRX,Phoenix,1.04,207.0,18,20,7,-2,85.0,134.0,40.0,2.0,2.0,0.0,RRQ,,14,PRX,,12,0,VCT Emea
3,Pearl,f0rsakeN,PRX,Killjoy,0.88,165.0,15,18,2,-3,69.0,112.0,48.0,1.0,3.0,-2.0,RRQ,,14,PRX,,12,0,VCT Emea
3,Pearl,d4v41,PRX,Astra,0.85,174.0,14,20,11,-6,69.0,124.0,33.0,1.0,4.0,-3.0,RRQ,,14,PRX,,12,0,VCT Emea
3,Pearl,something,PRX,Jett,0.81,175.0,17,19,3,-2,73.0,104.0,22.0,7.0,2.0,5.0,RRQ,,14,PRX,,12,0,VCT Emea
3,Pearl,PatMen,PRX,Fade,0.8,176.0,16,20,7,-4,65.0,117.0,36.0,2.0,2.0,0.0,RRQ,,14,PRX,,12,0,VCT Emea
4,Icebox,Monyet,RRQ,Viper,0.99,232.0,13,14,3,-1,50.0,147.0,21.0,0.0,3.0,-3.0,RRQ,,3,PRX,,13,0,VCT Emea
4,Icebox,crazyguy,RRQ,Tejo,0.65,177.0,9,15,1,-6,50.0,113.0,55.0,1.0,1.0,0.0,RRQ,,3,PRX,,13,0,VCT Emea
4,Icebox,xffero,RRQ,Killjoy,0.48,131.0,7,15,2,-8,50.0,106.0,15.0,0.0,2.0,-2.0,RRQ,,3,PRX,,13,0,VCT Emea
4,Icebox,Jemkin,RRQ,Jett,0.42,132.0,7,15,1,-8,50.0,83.0,26.0,2.0,4.0,-2.0,RRQ,,3,PRX,,13,0,VCT Emea
4,Icebox,Kushy,RRQ,Kayo,0.2,71.0,4,15,2,-11,44.0,44.0,40.0,0.0,3.0,-3.0,RRQ,,3,PRX,,13,0,VCT Emea
4,Icebox,something,PRX,Jett,1.59,303.0,17,9,7,8,94.0,197.0,25.0,7.0,1.0,6.0,RRQ,,3,PRX,,13,1,VCT Emea
4,Icebox,f0rsakeN,PRX,Sova,1.58,250.0,16,7,3,9,94.0,158.0,16.0,4.0,1.0,3.0,RRQ,,3,PRX,,13,1,VCT Emea
4,Icebox,PatMen,PRX,Viper,1.54,268.0,16,8,8,8,94.0,166.0,50.0,0.0,0.0,0.0,RRQ,,3,PRX,,13,1,VCT Emea
4,Icebox,d4v41,PRX,Killjoy,1.3,242.0,14,9,4,5,100.0,157.0,19.0,1.0,0.0,1.0,RRQ,,3,PRX,,13,1,VCT Emea
4,Icebox,Jinggg,PRX,Omen,1.05,150.0,11,7,5,4,88.0,95.0,35.0,1.0,1.0,0.0,RRQ,,3,PRX,,13,1,VCT Emea
5,Ascent,Jemkin,RRQ,Yoru,1.33,254.0,17,12,4,5,79.0,150.0,44.0,6.0,2.0,4.0,RRQ,,13,PRX,,6,1,VCT Emea
5,Ascent,crazyguy,RRQ,Tejo,1.24,245.0,17,13,5,4,89.0,162.0,17.0,0.0,0.0,0.0,RRQ,,13,PRX,,6,1,VCT Emea
5,Ascent,xffero,RRQ,Cypher,1.21,238.0,16,12,10,4,84.0,171.0,32.0,2.0,1.0,1.0,RRQ,,13,PRX,,6,1,VCT Emea
5,Ascent,Kushy,RRQ,Sova,0.98,159.0,11,12,7,-1,74.0,102.0,28.0,1.0,3.0,-2.0,RRQ,,13,PRX,,6,1,VCT Emea
5,Ascent,Monyet,RRQ,Omen,0.92,129.0,10,12,13,-2,68.0,79.0,24.0,1.0,3.0,-2.0,RRQ,,13,PRX,,6,1,VCT Emea
5,Ascent,f0rsakeN,PRX,Fade,1.18,254.0,16,14,12,2,84.0,147.0,18.0,3.0,2.0,1.0,RRQ,,13,PRX,,6,0,VCT Emea
5,Ascent,something,PRX,Jett,0.94,198.0,13,14,3,-1,68.0,116.0,16.0,3.0,4.0,-1.0,RRQ,,13,PRX,,6,0,VCT Emea
5,Ascent,d4v41,PRX,Vyse,0.88,173.0,11,13,7,-2,58.0,130.0,25.0,1.0,1.0,0.0,RRQ,,13,PRX,,6,0,VCT Emea
5,Ascent,PatMen,PRX,Kayo,0.79,168.0,11,15,8,-4,53.0,115.0,36.0,1.0,2.0,-1.0,RRQ,,13,PRX,,6,0,VCT Emea
5,Ascent,Jinggg,PRX,Omen,0.67,141.0,10,15,6,-5,63.0,88.0,28.0,1.0,1.0,0.0,RRQ,,13,PRX,,6,0,VCT Emea
0,Haven,Karon,GEN,Omen,1.61,243.0,19,9,5,10,86.0,158.0,36.0,2.0,0.0,2.0,GEN,,13,RRQ,,8,1,VCT Emea
0,Haven,Munchkin,GEN,Viper,1.19,229.0,17,13,6,4,76.0,138.0,11.0,3.0,3.0,0.0,GEN,,13,RRQ,,8,1,VCT Emea
0,Haven,Foxy9,GEN,Killjoy,1.11,241.0,19,14,5,5,71.0,163.0,29.0,0.0,3.0,-3.0,GEN,,13,RRQ,,8,1,VCT Emea
0,Haven,Ash,GEN,Tejo,0.89,125.0,9,11,6,-2,76.0,86.0,25.0,0.0,1.0,-1.0,GEN,,13,RRQ,,8,1,VCT Emea
0,Haven,t3xture,GEN,Neon,0.73,176.0,13,16,3,-3,67.0,112.0,25.0,5.0,4.0,1.0,GEN,,13,RRQ,,8,1,VCT Emea
0,Haven,Kushy,RRQ,Sova,1.37,239.0,17,14,6,3,76.0,186.0,49.0,4.0,0.0,4.0,GEN,,13,RRQ,,8,0,VCT Emea
0,Haven,Jemkin,RRQ,Iso,1.05,236.0,19,16,1,3,62.0,154.0,52.0,4.0,3.0,1.0,GEN,,13,RRQ,,8,0,VCT Emea
0,Haven,crazyguy,RRQ,Omen,0.81,148.0,8,15,13,-7,67.0,102.0,13.0,0.0,1.0,-1.0,GEN,,13,RRQ,,8,0,VCT Emea
0,Haven,Monyet,RRQ,Yoru,0.67,151.0,9,16,8,-7,71.0,96.0,19.0,3.0,5.0,-2.0,GEN,,13,RRQ,,8,0,VCT Emea
0,Haven,xffero,RRQ,Cypher,0.62,127.0,10,16,2,-6,57.0,91.0,28.0,0.0,1.0,-1.0,GEN,,13,RRQ,,8,0,VCT Emea
2,Ascent,t3xture,GEN,Jett,1.05,212.0,17,17,2,0,50.0,147.0,30.0,3.0,5.0,-2.0,GEN,,11,RRQ,,13,0,VCT Emea
2,Ascent,Munchkin,GEN,Kayo,0.89,192.0,14,20,13,-6,67.0,116.0,37.0,4.0,6.0,-2.0,GEN,,11,RRQ,,13,0,VCT Emea
2,Ascent,Foxy9,GEN,Killjoy,0.85,188.0,16,16,2,0,67.0,129.0,43.0,1.0,4.0,-3.0,GEN,,11,RRQ,,13,0,VCT Emea
2,Ascent,Karon,GEN,Omen,0.81,198.0,18,22,8,-4,67.0,127.0,29.0,0.0,0.0,0.0,GEN,,11,RRQ,,13,0,VCT Emea
2,Ascent,Ash,GEN,Sova,0.57,136.0,11,17,5,-6,58.0,89.0,33.0,0.0,1.0,-1.0,GEN,,11,RRQ,,13,0,VCT Emea
2,Ascent,Jemkin,RRQ,Yoru,1.35,301.0,27,17,2,10,79.0,197.0,55.0,9.0,4.0,5.0,GEN,,11,RRQ,,13,1,VCT Emea
2,Ascent,Monyet,RRQ,Omen,1.19,205.0,16,14,11,2,79.0,125.0,34.0,1.0,1.0,0.0,GEN,,11,RRQ,,13,1,VCT Emea
2,Ascent,xffero,RRQ,Cypher,1.16,217.0,17,17,13,0,75.0,155.0,26.0,2.0,0.0,2.0,GEN,,11,RRQ,,13,1,VCT Emea
2,Ascent,Kushy,RRQ,Sova,1.02,188.0,17,15,5,2,71.0,123.0,54.0,3.0,1.0,2.0,GEN,,11,RRQ,,13,1,VCT Emea
2,Ascent,crazyguy,RRQ,Tejo,0.95,148.0,15,13,4,2,63.0,93.0,30.0,1.0,2.0,-1.0,GEN,,11,RRQ,,13,1,VCT Emea
3,Lotus,Munchkin,GEN,Viper,1.01,213.0,15,19,10,-4,73.0,133.0,13.0,3.0,1.0,2.0,GEN,,9,RRQ,,13,0,VCT Emea
3,Lotus,Karon,GEN,Omen,0.86,186.0,15,18,7,-3,64.0,120.0,34.0,1.0,1.0,0.0,GEN,,9,RRQ,,13,0,VCT Emea
3,Lotus,Ash,GEN,Fade,0.81,161.0,13,18,5,-5,73.0,114.0,39.0,2.0,2.0,0.0,GEN,,9,RRQ,,13,0,VCT Emea
3,Lotus,Foxy9,GEN,Vyse,0.81,186.0,16,19,3,-3,64.0,120.0,30.0,1.0,1.0,0.0,GEN,,9,RRQ,,13,0,VCT Emea
3,Lotus,t3xture,GEN,Raze,0.79,211.0,14,19,8,-5,77.0,136.0,21.0,4.0,5.0,-1.0,GEN,,9,RRQ,,13,0,VCT Emea
3,Lotus,xffero,RRQ,Viper,1.34,282.0,23,13,4,10,73.0,177.0,25.0,1.0,3.0,-2.0,GEN,,9,RRQ,,13,1,VCT Emea
3,Lotus,Monyet,RRQ,Omen,1.28,207.0,18,13,6,5,73.0,143.0,49.0,1.0,4.0,-3.0,GEN,,9,RRQ,,13,1,VCT Emea
3,Lotus,Jemkin,RRQ,Yoru,1.24,261.0,19,16,8,3,91.0,162.0,32.0,6.0,1.0,5.0,GEN,,9,RRQ,,13,1,VCT Emea
3,Lotus,crazyguy,RRQ,Breach,0.97,180.0,15,15,8,0,82.0,109.0,20.0,2.0,1.0,1.0,GEN,,9,RRQ,,13,1,VCT Emea
3,Lotus,Kushy,RRQ,Tejo,0.88,227.0,18,17,8,1,77.0,145.0,30.0,1.0,3.0,-2.0,GEN,,9,RRQ,,13,1,VCT Emea
4,Icebox,Munchkin,GEN,Kayo,1.12,200.0,19,18,7,1,63.0,118.0,27.0,3.0,2.0,1.0,GEN,,11,RRQ,,13,0,VCT Emea
4,Icebox,t3xture,GEN,Yoru,1.0,214.0,18,18,3,0,71.0,148.0,31.0,2.0,2.0,0.0,GEN,,11,RRQ,,13,0,VCT Emea
4,Icebox,Karon,GEN,Viper,0.96,199.0,17,19,7,-2,67.0,129.0,29.0,2.0,2.0,0.0,GEN,,11,RRQ,,13,0,VCT Emea
4,Icebox,Foxy9,GEN,Killjoy,0.81,165.0,13,17,4,-4,75.0,124.0,16.0,2.0,3.0,-1.0,GEN,,11,RRQ,,13,0,VCT Emea
4,Icebox,Ash,GEN,Tejo,0.62,151.0,12,19,4,-7,63.0,111.0,29.0,3.0,3.0,0.0,GEN,,11,RRQ,,13,0,VCT Emea
4,Icebox,Jemkin,RRQ,Jett,1.4,273.0,24,15,3,9,88.0,181.0,41.0,7.0,4.0,3.0,GEN,,11,RRQ,,13,1,VCT Emea
4,Icebox,Monyet,RRQ,Viper,1.34,292.0,25,16,6,9,88.0,183.0,38.0,2.0,2.0,0.0,GEN,,11,RRQ,,13,1,VCT Emea
4,Icebox,crazyguy,RRQ,Tejo,1.03,191.0,17,16,5,1,75.0,127.0,18.0,2.0,1.0,1.0,GEN,,11,RRQ,,13,1,VCT Emea
4,Icebox,Kushy,RRQ,Kayo,1.0,159.0,12,15,15,-3,88.0,107.0,26.0,0.0,1.0,-1.0,GEN,,11,RRQ,,13,1,VCT Emea
4,Icebox,xffero,RRQ,Killjoy,0.68,145.0,13,17,3,-4,71.0,100.0,20.0,1.0,4.0,-3.0,GEN,,11,RRQ,,13,1,VCT Emea
0,Sunset,Rb,NS,Sova,1.21,276.0,19,14,9,5,71.0,172.0,23.0,3.0,1.0,2.0,NS,,8,TS,,13,0,VCT Emea
0,Sunset,Francis,NS,Viper,1.03,231.0,19,16,3,3,67.0,161.0,45.0,2.0,3.0,-1.0,NS,,8,TS,,13,0,VCT Emea
0,Sunset,Dambi,NS,Neon,0.94,231.0,17,16,2,1,67.0,146.0,17.0,6.0,1.0,5.0,NS,,8,TS,,13,0,VCT Emea
0,Sunset,Ivy,NS,Deadlock,0.82,139.0,10,14,10,-4,67.0,89.0,35.0,1.0,0.0,1.0,NS,,8,TS,,13,0,VCT Emea
0,Sunset,Persia,NS,Omen,0.65,152.0,11,16,6,-5,76.0,90.0,38.0,2.0,2.0,0.0,NS,,8,TS,,13,0,VCT Emea
0,Sunset,Wild0reoo,TS,Omen,1.29,234.0,17,14,7,3,76.0,132.0,25.0,1.0,2.0,-1.0,NS,,8,TS,,13,1,VCT Emea
0,Sunset,invy,TS,Sova,1.18,234.0,18,15,4,3,62.0,158.0,27.0,0.0,2.0,-2.0,NS,,8,TS,,13,1,VCT Emea
0,Sunset,kellyS,TS,Breach,1.15,186.0,14,14,11,0,67.0,117.0,39.0,0.0,4.0,-4.0,NS,,8,TS,,13,1,VCT Emea
0,Sunset,n1zzy,TS,Cypher,0.91,163.0,13,16,2,-3,71.0,100.0,24.0,3.0,1.0,2.0,NS,,8,TS,,13,1,VCT Emea
0,Sunset,ZesBeeW,TS,Neon,0.69,181.0,14,17,1,-3,62.0,119.0,28.0,3.0,5.0,-2.0,NS,,8,TS,,13,1,VCT Emea
2,Ascent,Rb,NS,Sova,1.23,229.0,18,15,6,3,78.0,168.0,29.0,4.0,1.0,3.0,NS,,13,TS,,10,1,VCT Emea
2,Ascent,Persia,NS,Omen,1.23,248.0,20,16,13,4,83.0,138.0,33.0,3.0,3.0,0.0,NS,,13,TS,,10,1,VCT Emea
2,Ascent,Dambi,NS,Neon,1.15,225.0,18,15,7,3,78.0,152.0,22.0,3.0,2.0,1.0,NS,,13,TS,,10,1,VCT Emea
2,Ascent,Ivy,NS,Killjoy,0.98,155.0,15,12,2,3,83.0,106.0,30.0,0.0,2.0,-2.0,NS,,13,TS,,10,1,VCT Emea
2,Ascent,Francis,NS,Viper,0.94,195.0,15,16,13,-1,78.0,138.0,30.0,3.0,2.0,1.0,NS,,13,TS,,10,1,VCT Emea
2,Ascent,n1zzy,TS,Yoru,1.15,209.0,19,17,4,2,78.0,143.0,42.0,3.0,2.0,1.0,NS,,13,TS,,10,0,VCT Emea
2,Ascent,kellyS,TS,Deadlock,1.05,219.0,17,17,8,0,74.0,142.0,18.0,2.0,0.0,2.0,NS,,13,TS,,10,0,VCT Emea
2,Ascent,invy,TS,Sova,0.99,236.0,19,20,2,-1,65.0,154.0,21.0,2.0,3.0,-1.0,NS,,13,TS,,10,0,VCT Emea
2,Ascent,ZesBeeW,TS,Omen,0.84,157.0,11,16,12,-5,65.0,112.0,29.0,3.0,3.0,0.0,NS,,13,TS,,10,0,VCT Emea
2,Ascent,Wild0reoo,TS,Cypher,0.5,94.0,8,16,1,-8,48.0,65.0,33.0,0.0,5.0,-5.0,NS,,13,TS,,10,0,VCT Emea
3,Lotus,Dambi,NS,Neon,1.94,367.0,21,9,6,12,81.0,228.0,22.0,5.0,3.0,2.0,NS,,13,TS,,3,1,VCT Emea
3,Lotus,Francis,NS,Viper,1.71,311.0,17,7,8,10,81.0,194.0,33.0,3.0,1.0,2.0,NS,,13,TS,,3,1,VCT Emea
3,Lotus,Ivy,NS,Deadlock,1.21,189.0,12,8,7,4,81.0,123.0,29.0,1.0,0.0,1.0,NS,,13,TS,,3,1,VCT Emea
3,Lotus,Persia,NS,Omen,1.2,141.0,10,6,9,4,94.0,92.0,33.0,1.0,1.0,0.0,NS,,13,TS,,3,1,VCT Emea
3,Lotus,Rb,NS,Sova,1.08,162.0,9,9,8,0,75.0,128.0,35.0,0.0,1.0,-1.0,NS,,13,TS,,3,1,VCT Emea
3,Lotus,n1zzy,TS,Viper,1.15,253.0,13,13,2,0,81.0,179.0,36.0,1.0,0.0,1.0,NS,,13,TS,,3,0,VCT Emea
3,Lotus,Wild0reoo,TS,Cypher,0.59,151.0,8,14,0,-6,50.0,103.0,35.0,2.0,0.0,2.0,NS,,13,TS,,3,0,VCT Emea
3,Lotus,kellyS,TS,Raze,0.51,171.0,8,14,3,-6,69.0,123.0,8.0,1.0,6.0,-5.0,NS,,13,TS,,3,0,VCT Emea
3,Lotus,invy,TS,Fade,0.46,109.0,6,14,1,-8,63.0,75.0,30.0,1.0,1.0,0.0,NS,,13,TS,,3,0,VCT Emea
3,Lotus,ZesBeeW,TS,Omen,0.31,87.0,4,14,3,-10,50.0,57.0,16.0,1.0,3.0,-2.0,NS,,13,TS,,3,0,VCT Emea
0,Haven,MaKo,KRX,Omen,1.48,253.0,20,14,8,6,76.0,170.0,33.0,1.0,0.0,1.0,KRX,,8,GEN,,13,0,VCT Emea
0,Haven,Flashback,KRX,Cypher,1.19,247.0,19,14,2,5,76.0,153.0,28.0,1.0,1.0,0.0,KRX,,8,GEN,,13,0,VCT Emea
0,Haven,Estrella,KRX,Viper,0.68,171.0,11,16,9,-5,71.0,102.0,20.0,1.0,4.0,-3.0,KRX,,8,GEN,,13,0,VCT Emea
0,Haven,HYUNMIN,KRX,Neon,0.57,147.0,11,17,1,-6,67.0,100.0,56.0,4.0,2.0,2.0,KRX,,8,GEN,,13,0,VCT Emea
0,Haven,free1ng,KRX,Sova,0.44,91.0,6,16,3,-10,52.0,56.0,35.0,3.0,4.0,-1.0,KRX,,8,GEN,,13,0,VCT Emea
0,Haven,Ash,GEN,Sova,1.25,195.0,16,10,6,6,90.0,123.0,24.0,1.0,2.0,-1.0,KRX,,8,GEN,,13,1,VCT Emea
0,Haven,t3xture,GEN,Neon,1.22,230.0,17,15,5,2,81.0,160.0,31.0,2.0,2.0,0.0,KRX,,8,GEN,,13,1,VCT Emea
0,Haven,Munchkin,GEN,Viper,1.03,238.0,17,15,8,2,76.0,147.0,28.0,2.0,1.0,1.0,KRX,,8,GEN,,13,1,VCT Emea
0,Haven,Foxy9,GEN,Killjoy,1.02,188.0,13,13,4,0,67.0,121.0,29.0,3.0,2.0,1.0,KRX,,8,GEN,,13,1,VCT Emea
0,Haven,Karon,GEN,Omen,0.95,168.0,14,14,9,0,76.0,101.0,48.0,3.0,3.0,0.0,KRX,,8,GEN,,13,1,VCT Emea
2,Corrode,MaKo,KRX,Omen,1.2,221.0,15,13,4,2,74.0,143.0,42.0,0.0,1.0,-1.0,KRX,,6,GEN,,13,0,VCT Emea
2,Corrode,Flashback,KRX,Cypher,1.02,239.0,16,15,0,1,68.0,155.0,62.0,2.0,0.0,2.0,KRX,,6,GEN,,13,0,VCT Emea
2,Corrode,HYUNMIN,KRX,Jett,0.72,148.0,10,15,1,-5,53.0,103.0,26.0,2.0,5.0,-3.0,KRX,,6,GEN,,13,0,VCT Emea
2,Corrode,free1ng,KRX,Sova,0.66,178.0,11,17,4,-6,68.0,119.0,29.0,3.0,1.0,2.0,KRX,,6,GEN,,13,0,VCT Emea
2,Corrode,Estrella,KRX,Viper,0.56,133.0,8,16,6,-8,68.0,87.0,33.0,2.0,3.0,-1.0,KRX,,6,GEN,,13,0,VCT Emea
2,Corrode,Ash,GEN,Fade,1.61,226.0,18,8,3,10,89.0,139.0,41.0,2.0,0.0,2.0,KRX,,6,GEN,,13,1,VCT Emea
2,Corrode,t3xture,GEN,Neon,1.44,298.0,20,11,4,9,84.0,188.0,20.0,4.0,3.0,1.0,KRX,,6,GEN,,13,1,VCT Emea
2,Corrode,Foxy9,GEN,Sage,1.07,175.0,12,11,5,1,95.0,130.0,50.0,2.0,1.0,1.0,KRX,,6,GEN,,13,1,VCT Emea
2,Corrode,Karon,GEN,Omen,0.89,234.0,16,17,10,-1,79.0,132.0,32.0,1.0,1.0,0.0,KRX,,6,GEN,,13,1,VCT Emea
2,Corrode,Munchkin,GEN,Viper,0.73,173.0,10,13,7,-3,68.0,114.0,18.0,1.0,4.0,-3.0,KRX,,6,GEN,,13,1,VCT Emea
0,Corrode,Jemkin,RRQ,Yoru,1.02,208.0,14,16,5,-2,70.0,131.0,39.0,2.0,3.0,-1.0,RRQ,,7,GE,,13,0,VCT Emea
0,Corrode,Monyet,RRQ,Omen,0.92,179.0,12,16,8,-4,70.0,119.0,58.0,2.0,2.0,0.0,RRQ,,7,GE,,13,0,VCT Emea
0,Corrode,Kushy,RRQ,Vyse,0.81,176.0,11,15,6,-4,55.0,110.0,22.0,1.0,4.0,-3.0,RRQ,,7,GE,,13,0,VCT Emea
0,Corrode,crazyguy,RRQ,Fade,0.66,140.0,9,16,3,-7,60.0,98.0,17.0,2.0,3.0,-1.0,RRQ,,7,GE,,13,0,VCT Emea
0,Corrode,xffero,RRQ,Viper,0.31,81.0,6,17,0,-11,40.0,58.0,21.0,0.0,1.0,-1.0,RRQ,,7,GE,,13,0,VCT Emea
0,Corrode,Papi,GE,Astra,1.52,229.0,17,7,7,10,80.0,154.0,22.0,1.0,2.0,-1.0,RRQ,,7,GE,,13,1,VCT Emea
0,Corrode,UdoTan,GE,Raze,1.29,246.0,17,9,4,8,75.0,169.0,26.0,4.0,0.0,4.0,RRQ,,7,GE,,13,1,VCT Emea
0,Corrode,ban,GE,Iso,1.23,275.0,19,13,2,6,80.0,185.0,27.0,7.0,1.0,6.0,RRQ,,7,GE,,13,1,VCT Emea
0,Corrode,Kr1stal,GE,Fade,1.02,220.0,16,13,1,3,70.0,144.0,17.0,0.0,4.0,-4.0,RRQ,,7,GE,,13,1,VCT Emea
0,Corrode,yoman,GE,Sage,0.9,125.0,11,10,0,1,80.0,84.0,40.0,1.0,0.0,1.0,RRQ,,7,GE,,13,1,VCT Emea
2,Haven,Kushy,RRQ,Sova,1.11,234.0,14,13,5,1,72.0,141.0,38.0,1.0,1.0,0.0,RRQ,,5,GE,,13,0,VCT Emea
2,Haven,Jemkin,RRQ,Yoru,0.98,218.0,14,14,5,0,78.0,154.0,42.0,4.0,1.0,3.0,RRQ,,5,GE,,13,0,VCT Emea
2,Haven,xffero,RRQ,Cypher,0.79,208.0,13,17,3,-4,50.0,137.0,19.0,2.0,1.0,1.0,RRQ,,5,GE,,13,0,VCT Emea
2,Haven,Monyet,RRQ,Neon,0.69,173.0,10,15,4,-5,50.0,126.0,22.0,0.0,6.0,-6.0,RRQ,,5,GE,,13,0,VCT Emea
2,Haven,crazyguy,RRQ,Omen,0.63,144.0,10,15,5,-5,67.0,78.0,45.0,1.0,1.0,0.0,RRQ,,5,GE,,13,0,VCT Emea
2,Haven,UdoTan,GE,Neon,2.03,426.0,29,12,4,17,83.0,254.0,21.0,5.0,4.0,1.0,RRQ,,5,GE,,13,1,VCT Emea
2,Haven,Kr1stal,GE,Deadlock,1.27,250.0,16,14,5,2,83.0,158.0,36.0,2.0,1.0,1.0,RRQ,,5,GE,,13,1,VCT Emea
2,Haven,Papi,GE,Omen,1.0,190.0,12,12,8,0,78.0,126.0,32.0,1.0,1.0,0.0,RRQ,,5,GE,,13,1,VCT Emea
2,Haven,ban,GE,Cypher,0.78,105.0,8,10,3,-2,72.0,72.0,20.0,2.0,0.0,2.0,RRQ,,5,GE,,13,1,VCT Emea
2,Haven,yoman,GE,Sova,0.74,151.0,9,13,9,-4,78.0,112.0,19.0,0.0,2.0,-2.0,RRQ,,5,GE,,13,1,VCT Emea
0,Icebox,free1ng,KRX,Sova,1.49,258.0,17,10,4,7,78.0,174.0,38.0,1.0,0.0,1.0,KRX,,13,NS,,5,1,VCT Emea
0,Icebox,MaKo,KRX,Viper,1.22,232.0,14,10,11,4,83.0,166.0,17.0,0.0,5.0,-5.0,KRX,,13,NS,,5,1,VCT Emea
0,Icebox,Flashback,KRX,Killjoy,1.13,198.0,16,12,2,4,83.0,132.0,33.0,3.0,2.0,1.0,KRX,,13,NS,,5,1,VCT Emea
0,Icebox,HYUNMIN,KRX,Jett,1.01,190.0,11,12,4,-1,83.0,139.0,24.0,3.0,2.0,1.0,KRX,,13,NS,,5,1,VCT Emea
0,Icebox,Estrella,KRX,Sage,0.79,126.0,8,13,10,-5,72.0,71.0,42.0,1.0,1.0,0.0,KRX,,13,NS,,5,1,VCT Emea
0,Icebox,Persia,NS,Viper,1.4,236.0,15,10,3,5,72.0,159.0,31.0,2.0,0.0,2.0,KRX,,13,NS,,5,0,VCT Emea
0,Icebox,Ivy,NS,Killjoy,1.02,240.0,16,14,1,2,61.0,159.0,32.0,3.0,0.0,3.0,KRX,,13,NS,,5,0,VCT Emea
0,Icebox,Rb,NS,Sova,0.82,197.0,12,15,3,-3,72.0,128.0,31.0,2.0,2.0,0.0,KRX,,13,NS,,5,0,VCT Emea
0,Icebox,Dambi,NS,Jett,0.6,153.0,8,13,2,-5,50.0,113.0,19.0,2.0,5.0,-3.0,KRX,,13,NS,,5,0,VCT Emea
0,Icebox,Francis,NS,Harbor,0.51,91.0,6,14,4,-8,67.0,58.0,43.0,1.0,1.0,0.0,KRX,,13,NS,,5,0,VCT Emea
2,Bind,HYUNMIN,KRX,Waylay,1.35,274.0,16,12,4,4,76.0,159.0,33.0,2.0,2.0,0.0,KRX,,4,NS,,13,0,VCT Emea
2,Bind,MaKo,KRX,Brimstone,0.77,165.0,8,13,6,-5,76.0,108.0,24.0,1.0,1.0,0.0,KRX,,4,NS,,13,0,VCT Emea
2,Bind,Estrella,KRX,Gekko,0.58,131.0,7,13,7,-6,65.0,82.0,20.0,0.0,1.0,-1.0,KRX,,4,NS,,13,0,VCT Emea
2,Bind,Flashback,KRX,Viper,0.55,154.0,8,13,0,-5,47.0,102.0,24.0,3.0,4.0,-1.0,KRX,,4,NS,,13,0,VCT Emea
2,Bind,free1ng,KRX,Skye,0.34,114.0,6,15,5,-9,65.0,76.0,30.0,1.0,2.0,-1.0,KRX,,4,NS,,13,0,VCT Emea
2,Bind,Dambi,NS,Raze,1.59,304.0,19,9,3,10,76.0,201.0,32.0,3.0,3.0,0.0,KRX,,4,NS,,13,1,VCT Emea
2,Bind,Francis,NS,Viper,1.54,247.0,16,9,8,7,76.0,150.0,22.0,4.0,1.0,3.0,KRX,,4,NS,,13,1,VCT Emea
2,Bind,Rb,NS,Kayo,1.19,181.0,9,10,15,-1,76.0,107.0,16.0,0.0,1.0,-1.0,KRX,,4,NS,,13,1,VCT Emea
2,Bind,Persia,NS,Astra,1.13,161.0,10,7,6,3,76.0,105.0,17.0,1.0,1.0,0.0,KRX,,4,NS,,13,1,VCT Emea
2,Bind,Ivy,NS,Deadlock,1.06,182.0,12,10,2,2,76.0,105.0,18.0,2.0,1.0,1.0,KRX,,4,NS,,13,1,VCT Emea
3,Lotus,HYUNMIN,KRX,Raze,1.43,316.0,24,18,5,6,71.0,203.0,23.0,5.0,2.0,3.0,KRX,,13,NS,,11,1,VCT Emea
3,Lotus,Flashback,KRX,Vyse,1.09,188.0,15,15,8,0,75.0,133.0,16.0,3.0,1.0,2.0,KRX,,13,NS,,11,1,VCT Emea
3,Lotus,Estrella,KRX,Viper,0.95,221.0,17,16,6,1,67.0,132.0,14.0,2.0,2.0,0.0,KRX,,13,NS,,11,1,VCT Emea
3,Lotus,free1ng,KRX,Fade,0.9,182.0,15,18,14,-3,75.0,112.0,29.0,1.0,3.0,-2.0,KRX,,13,NS,,11,1,VCT Emea
3,Lotus,MaKo,KRX,Omen,0.58,128.0,11,18,10,-7,54.0,77.0,19.0,0.0,5.0,-5.0,KRX,,13,NS,,11,1,VCT Emea
3,Lotus,Francis,NS,Viper,1.13,275.0,23,17,3,6,63.0,170.0,22.0,4.0,4.0,0.0,KRX,,13,NS,,11,0,VCT Emea
3,Lotus,Dambi,NS,Neon,1.07,222.0,19,16,4,3,75.0,134.0,19.0,3.0,4.0,-1.0,KRX,,13,NS,,11,0,VCT Emea
3,Lotus,Ivy,NS,Deadlock,0.96,205.0,16,18,9,-2,75.0,125.0,27.0,2.0,1.0,1.0,KRX,,13,NS,,11,0,VCT Emea
3,Lotus,Rb,NS,Fade,0.94,133.0,12,14,9,-2,67.0,73.0,30.0,2.0,2.0,0.0,KRX,,13,NS,,11,0,VCT Emea
3,Lotus,Persia,NS,Omen,0.87,180.0,15,17,8,-2,71.0,117.0,31.0,2.0,0.0,2.0,KRX,,13,NS,,11,0,VCT Emea
0,Bind,Papi,GE,Brimstone,1.01,226.0,13,15,4,-2,72.0,144.0,31.0,2.0,0.0,2.0,GE,,5,TS,,13,0,VCT Emea
0,Bind,ban,GE,Viper,0.95,198.0,12,14,1,-2,50.0,137.0,52.0,1.0,3.0,-2.0,GE,,5,TS,,13,0,VCT Emea
0,Bind,UdoTan,GE,Raze,0.56,164.0,9,17,0,-8,56.0,108.0,18.0,2.0,4.0,-2.0,GE,,5,TS,,13,0,VCT Emea
0,Bind,yoman,GE,Skye,0.45,109.0,6,15,1,-9,44.0,80.0,23.0,0.0,1.0,-1.0,GE,,5,TS,,13,0,VCT Emea
0,Bind,Kr1stal,GE,Deadlock,0.38,101.0,7,16,2,-9,50.0,55.0,80.0,1.0,4.0,-3.0,GE,,5,TS,,13,0,VCT Emea
0,Bind,Wild0reoo,TS,Skye,1.73,329.0,23,8,5,15,89.0,220.0,51.0,2.0,0.0,2.0,GE,,5,TS,,13,1,VCT Emea
0,Bind,n1zzy,TS,Brimstone,1.63,214.0,16,5,5,11,83.0,147.0,58.0,4.0,0.0,4.0,GE,,5,TS,,13,1,VCT Emea
0,Bind,kellyS,TS,Raze,1.05,223.0,14,12,3,2,89.0,134.0,17.0,3.0,3.0,0.0,GE,,5,TS,,13,1,VCT Emea
0,Bind,invy,TS,Gekko,0.98,207.0,13,12,4,1,67.0,136.0,32.0,2.0,0.0,2.0,GE,,5,TS,,13,1,VCT Emea
0,Bind,ZesBeeW,TS,Viper,0.86,170.0,11,10,7,1,78.0,116.0,13.0,1.0,3.0,-2.0,GE,,5,TS,,13,1,VCT Emea
2,Corrode,Kr1stal,GE,Fade,1.44,255.0,21,14,7,7,82.0,171.0,18.0,3.0,0.0,3.0,GE,,13,TS,,9,1,VCT Emea
2,Corrode,yoman,GE,Sage,1.38,259.0,22,14,8,8,86.0,175.0,34.0,4.0,0.0,4.0,GE,,13,TS,,9,1,VCT Emea
2,Corrode,Papi,GE,Astra,0.84,159.0,12,14,9,-2,82.0,122.0,23.0,2.0,0.0,2.0,GE,,13,TS,,9,1,VCT Emea
2,Corrode,ban,GE,Iso,0.78,178.0,13,16,3,-3,50.0,112.0,28.0,3.0,5.0,-2.0,GE,,13,TS,,9,1,VCT Emea
2,Corrode,UdoTan,GE,Raze,0.68,171.0,14,19,4,-5,64.0,114.0,19.0,2.0,3.0,-1.0,GE,,13,TS,,9,1,VCT Emea
2,Corrode,n1zzy,TS,Viper,1.3,280.0,21,15,5,6,82.0,190.0,41.0,1.0,0.0,1.0,GE,,13,TS,,9,0,VCT Emea
2,Corrode,Wild0reoo,TS,Omen,1.17,224.0,19,16,4,3,68.0,148.0,38.0,2.0,2.0,0.0,GE,,13,TS,,9,0,VCT Emea
2,Corrode,kellyS,TS,Deadlock,0.97,192.0,13,15,6,-2,77.0,134.0,30.0,3.0,4.0,-1.0,GE,,13,TS,,9,0,VCT Emea
2,Corrode,invy,TS,Fade,0.81,163.0,12,18,7,-6,77.0,109.0,45.0,1.0,0.0,1.0,GE,,13,TS,,9,0,VCT Emea
2,Corrode,ZesBeeW,TS,Neon,0.57,167.0,12,18,4,-6,55.0,95.0,16.0,1.0,8.0,-7.0,GE,,13,TS,,9,0,VCT Emea
3,Lotus,Kr1stal,GE,Tejo,1.31,208.0,19,14,5,5,71.0,133.0,38.0,1.0,0.0,1.0,GE,,11,TS,,13,0,VCT Emea
3,Lotus,ban,GE,Viper,1.18,238.0,20,15,7,5,75.0,156.0,30.0,2.0,1.0,1.0,GE,,11,TS,,13,0,VCT Emea
3,Lotus,Papi,GE,Omen,1.03,214.0,17,17,6,0,67.0,140.0,24.0,2.0,1.0,1.0,GE,,11,TS,,13,0,VCT Emea
3,Lotus,UdoTan,GE,Neon,0.5,189.0,15,23,3,-8,63.0,113.0,18.0,8.0,5.0,3.0,GE,,11,TS,,13,0,VCT Emea
3,Lotus,yoman,GE,Fade,0.48,130.0,11,20,8,-9,58.0,77.0,24.0,3.0,1.0,2.0,GE,,11,TS,,13,0,VCT Emea
3,Lotus,ZesBeeW,TS,Omen,1.66,300.0,28,14,11,14,88.0,186.0,23.0,5.0,4.0,1.0,GE,,11,TS,,13,1,VCT Emea
3,Lotus,n1zzy,TS,Killjoy,1.07,190.0,14,17,9,-3,71.0,135.0,31.0,0.0,1.0,-1.0,GE,,11,TS,,13,1,VCT Emea
3,Lotus,kellyS,TS,Raze,0.99,221.0,19,18,4,1,75.0,143.0,14.0,2.0,4.0,-2.0,GE,,11,TS,,13,1,VCT Emea
3,Lotus,Wild0reoo,TS,Viper,0.88,205.0,17,18,9,-1,75.0,124.0,26.0,0.0,7.0,-7.0,GE,,11,TS,,13,1,VCT Emea
3,Lotus,invy,TS,Fade,0.88,139.0,11,15,10,-4,83.0,103.0,39.0,1.0,0.0,1.0,GE,,11,TS,,13,1,VCT Emea
0,Ascent,Jemkin,RRQ,Yoru,0.89,205.0,13,14,3,-1,68.0,111.0,17.0,4.0,7.0,-3.0,RRQ,,6,GEN,,13,0,VCT Emea
0,Ascent,Monyet,RRQ,Omen,0.89,168.0,11,13,6,-2,68.0,103.0,29.0,0.0,1.0,-1.0,RRQ,,6,GEN,,13,0,VCT Emea
0,Ascent,Kushy,RRQ,Deadlock,0.73,161.0,11,15,1,-4,58.0,92.0,38.0,0.0,2.0,-2.0,RRQ,,6,GEN,,13,0,VCT Emea
0,Ascent,crazyguy,RRQ,Sova,0.7,184.0,11,16,3,-5,63.0,118.0,20.0,1.0,1.0,0.0,RRQ,,6,GEN,,13,0,VCT Emea
0,Ascent,xffero,RRQ,Cypher,0.43,75.0,4,14,5,-10,58.0,51.0,32.0,0.0,3.0,-3.0,RRQ,,6,GEN,,13,0,VCT Emea
0,Ascent,Munchkin,GEN,Kayo,1.56,346.0,24,12,6,12,84.0,209.0,27.0,6.0,0.0,6.0,RRQ,,6,GEN,,13,1,VCT Emea
0,Ascent,Ash,GEN,Sova,1.27,169.0,13,8,4,5,79.0,119.0,26.0,1.0,0.0,1.0,RRQ,,6,GEN,,13,1,VCT Emea
0,Ascent,Karon,GEN,Omen,1.24,183.0,13,8,6,5,79.0,128.0,23.0,1.0,0.0,1.0,RRQ,,6,GEN,,13,1,VCT Emea
0,Ascent,Foxy9,GEN,Killjoy,0.98,159.0,11,11,1,0,79.0,113.0,50.0,2.0,2.0,0.0,RRQ,,6,GEN,,13,1,VCT Emea
0,Ascent,t3xture,GEN,Jett,0.95,178.0,11,11,3,0,68.0,118.0,25.0,4.0,3.0,1.0,RRQ,,6,GEN,,13,1,VCT Emea
2,Haven,Monyet,RRQ,Neon,1.39,297.0,24,16,5,8,75.0,173.0,21.0,6.0,7.0,-1.0,RRQ,,13,GEN,,11,1,VCT Emea
2,Haven,xffero,RRQ,Cypher,1.28,205.0,19,13,8,6,79.0,135.0,32.0,1.0,1.0,0.0,RRQ,,13,GEN,,11,1,VCT Emea
2,Haven,Jemkin,RRQ,Yoru,1.04,189.0,16,16,5,0,71.0,122.0,40.0,5.0,2.0,3.0,RRQ,,13,GEN,,11,1,VCT Emea
2,Haven,crazyguy,RRQ,Omen,0.96,138.0,12,14,10,-2,75.0,87.0,26.0,1.0,0.0,1.0,RRQ,,13,GEN,,11,1,VCT Emea
2,Haven,Kushy,RRQ,Sova,0.85,142.0,12,14,7,-2,71.0,98.0,34.0,1.0,0.0,1.0,RRQ,,13,GEN,,11,1,VCT Emea
2,Haven,Foxy9,GEN,Killjoy,0.97,214.0,18,17,3,1,75.0,135.0,25.0,1.0,1.0,0.0,RRQ,,13,GEN,,11,0,VCT Emea
2,Haven,Munchkin,GEN,Viper,0.92,175.0,14,16,9,-2,67.0,113.0,20.0,2.0,3.0,-1.0,RRQ,,13,GEN,,11,0,VCT Emea
2,Haven,Ash,GEN,Sova,0.9,176.0,14,14,5,0,75.0,111.0,26.0,0.0,0.0,0.0,RRQ,,13,GEN,,11,0,VCT Emea
2,Haven,Karon,GEN,Omen,0.86,177.0,14,18,10,-4,67.0,110.0,41.0,4.0,2.0,2.0,RRQ,,13,GEN,,11,0,VCT Emea
2,Haven,t3xture,GEN,Neon,0.72,160.0,13,18,4,-5,58.0,108.0,41.0,3.0,8.0,-5.0,RRQ,,13,GEN,,11,0,VCT Emea
3,Sunset,Monyet,RRQ,Omen,1.65,325.0,23,11,11,12,84.0,211.0,28.0,3.0,0.0,3.0,RRQ,,13,GEN,,6,1,VCT Emea
3,Sunset,Kushy,RRQ,Fade,1.48,194.0,15,7,4,8,79.0,129.0,28.0,1.0,0.0,1.0,RRQ,,13,GEN,,6,1,VCT Emea
3,Sunset,Jemkin,RRQ,Waylay,1.33,248.0,17,11,5,6,74.0,151.0,35.0,3.0,3.0,0.0,RRQ,,13,GEN,,6,1,VCT Emea
3,Sunset,xffero,RRQ,Cypher,1.04,220.0,16,14,8,2,84.0,137.0,32.0,2.0,2.0,0.0,RRQ,,13,GEN,,6,1,VCT Emea
3,Sunset,crazyguy,RRQ,Breach,0.7,136.0,8,13,5,-5,74.0,92.0,30.0,2.0,3.0,-1.0,RRQ,,13,GEN,,6,1,VCT Emea
3,Sunset,Ash,GEN,Sova,0.95,206.0,13,15,7,-2,79.0,139.0,32.0,1.0,1.0,0.0,RRQ,,13,GEN,,6,0,VCT Emea
3,Sunset,Munchkin,GEN,Viper,0.92,234.0,15,16,3,-1,68.0,151.0,41.0,3.0,4.0,-1.0,RRQ,,13,GEN,,6,0,VCT Emea
3,Sunset,Foxy9,GEN,Deadlock,0.86,168.0,13,14,3,-1,68.0,104.0,23.0,0.0,1.0,-1.0,RRQ,,13,GEN,,6,0,VCT Emea
3,Sunset,Karon,GEN,Omen,0.62,133.0,7,16,7,-9,53.0,91.0,44.0,2.0,1.0,1.0,RRQ,,13,GEN,,6,0,VCT Emea
3,Sunset,t3xture,GEN,Neon,0.36,132.0,8,18,2,-10,32.0,89.0,38.0,2.0,4.0,-2.0,RRQ,,13,GEN,,6,0,VCT Emea
0,Icebox,t3xture,GEN,Jett,0.99,219.0,12,14,2,-2,50.0,128.0,25.0,0.0,2.0,-2.0,GEN,,3,GE,,13,0,VCT Emea
0,Icebox,Karon,GEN,Omen,0.71,155.0,8,14,3,-6,56.0,88.0,18.0,2.0,2.0,0.0,GEN,,3,GE,,13,0,VCT Emea
0,Icebox,Foxy9,GEN,Killjoy,0.59,176.0,9,15,1,-6,44.0,117.0,35.0,1.0,2.0,-1.0,GEN,,3,GE,,13,0,VCT Emea
0,Icebox,Munchkin,GEN,Viper,0.53,119.0,5,14,3,-9,50.0,96.0,36.0,1.0,4.0,-3.0,GEN,,3,GE,,13,0,VCT Emea
0,Icebox,Ash,GEN,Sova,0.42,93.0,5,13,2,-8,56.0,63.0,42.0,0.0,2.0,-2.0,GEN,,3,GE,,13,0,VCT Emea
0,Icebox,Kr1stal,GE,Sova,1.79,289.0,18,6,3,12,94.0,194.0,53.0,4.0,0.0,4.0,GEN,,3,GE,,13,1,VCT Emea
0,Icebox,Papi,GE,Viper,1.34,252.0,15,7,5,8,81.0,158.0,38.0,0.0,0.0,0.0,GEN,,3,GE,,13,1,VCT Emea
0,Icebox,UdoTan,GE,Chamber,1.33,242.0,17,6,1,11,75.0,157.0,20.0,3.0,3.0,0.0,GEN,,3,GE,,13,1,VCT Emea
0,Icebox,yoman,GE,Sage,1.12,157.0,9,8,8,1,81.0,112.0,50.0,1.0,0.0,1.0,GEN,,3,GE,,13,1,VCT Emea
0,Icebox,ban,GE,Iso,0.84,202.0,11,12,3,-1,75.0,156.0,44.0,4.0,1.0,3.0,GEN,,3,GE,,13,1,VCT Emea
2,Haven,Ash,GEN,Sova,1.49,243.0,14,7,6,7,94.0,165.0,46.0,1.0,0.0,1.0,GEN,,13,GE,,3,1,VCT Emea
2,Haven,Munchkin,GEN,Viper,1.28,283.0,16,10,4,6,81.0,195.0,21.0,7.0,3.0,4.0,GEN,,13,GE,,3,1,VCT Emea
2,Haven,Karon,GEN,Omen,1.26,211.0,13,9,9,4,88.0,141.0,38.0,3.0,0.0,3.0,GEN,,13,GE,,3,1,VCT Emea
2,Haven,Foxy9,GEN,Killjoy,1.21,234.0,15,9,0,6,69.0,147.0,40.0,0.0,1.0,-1.0,GEN,,13,GE,,3,1,VCT Emea
2,Haven,t3xture,GEN,Neon,1.06,188.0,12,9,1,3,56.0,118.0,21.0,1.0,0.0,1.0,GEN,,13,GE,,3,1,VCT Emea
2,Haven,Kr1stal,GE,Deadlock,1.17,217.0,12,13,2,-1,75.0,136.0,30.0,4.0,1.0,3.0,GEN,,13,GE,,3,0,VCT Emea
2,Haven,ban,GE,Cypher,0.86,200.0,11,15,3,-4,56.0,131.0,32.0,0.0,1.0,-1.0,GEN,,13,GE,,3,0,VCT Emea
2,Haven,yoman,GE,Sova,0.77,177.0,9,13,6,-4,63.0,110.0,20.0,0.0,1.0,-1.0,GEN,,13,GE,,3,0,VCT Emea
2,Haven,UdoTan,GE,Neon,0.49,122.0,6,14,7,-8,56.0,95.0,19.0,0.0,7.0,-7.0,GEN,,13,GE,,3,0,VCT Emea
2,Haven,Papi,GE,Omen,0.34,97.0,5,15,4,-10,69.0,80.0,27.0,0.0,2.0,-2.0,GEN,,13,GE,,3,0,VCT Emea
3,Corrode,Foxy9,GEN,Sage,1.33,203.0,16,9,5,7,80.0,128.0,33.0,2.0,2.0,0.0,GEN,,13,GE,,7,1,VCT Emea
3,Corrode,Karon,GEN,Omen,1.2,220.0,16,12,10,4,85.0,133.0,32.0,1.0,1.0,0.0,GEN,,13,GE,,7,1,VCT Emea
3,Corrode,t3xture,GEN,Neon,1.13,254.0,16,13,5,3,80.0,173.0,26.0,6.0,3.0,3.0,GEN,,13,GE,,7,1,VCT Emea
3,Corrode,Munchkin,GEN,Viper,1.12,183.0,13,10,4,3,80.0,132.0,43.0,3.0,0.0,3.0,GEN,,13,GE,,7,1,VCT Emea
3,Corrode,Ash,GEN,Fade,1.05,191.0,14,12,4,2,80.0,108.0,33.0,1.0,1.0,0.0,GEN,,13,GE,,7,1,VCT Emea
3,Corrode,ban,GE,Iso,1.19,310.0,21,18,3,3,65.0,176.0,30.0,4.0,4.0,0.0,GEN,,13,GE,,7,0,VCT Emea
3,Corrode,UdoTan,GE,Raze,0.74,172.0,12,15,1,-3,50.0,117.0,24.0,1.0,2.0,-1.0,GEN,,13,GE,,7,0,VCT Emea
3,Corrode,yoman,GE,Sage,0.73,134.0,8,15,6,-7,60.0,89.0,14.0,1.0,2.0,-1.0,GEN,,13,GE,,7,0,VCT Emea
3,Corrode,Kr1stal,GE,Fade,0.72,157.0,10,15,3,-5,55.0,113.0,25.0,0.0,2.0,-2.0,GEN,,13,GE,,7,0,VCT Emea
3,Corrode,Papi,GE,Astra,0.61,81.0,5,12,5,-7,75.0,51.0,22.0,1.0,3.0,-2.0,GEN,,13,GE,,7,0,VCT Emea
0,Corrode,Jemkin,RRQ,Neon,1.31,255.0,21,13,5,8,83.0,145.0,42.0,6.0,5.0,1.0,RRQ,,11,NS,,13,0,VCT Emea
0,Corrode,xffero,RRQ,Viper,1.22,219.0,21,15,7,6,83.0,140.0,33.0,3.0,2.0,1.0,RRQ,,11,NS,,13,0,VCT Emea
0,Corrode,Monyet,RRQ,Omen,1.19,240.0,19,16,15,3,83.0,153.0,32.0,2.0,0.0,2.0,RRQ,,11,NS,,13,0,VCT Emea
0,Corrode,crazyguy,RRQ,Fade,0.81,129.0,12,14,8,-2,88.0,89.0,32.0,0.0,0.0,0.0,RRQ,,11,NS,,13,0,VCT Emea
0,Corrode,Kushy,RRQ,Vyse,0.71,150.0,12,19,10,-7,88.0,84.0,32.0,2.0,4.0,-2.0,RRQ,,11,NS,,13,0,VCT Emea
0,Corrode,Ivy,NS,Deadlock,1.34,261.0,23,16,5,7,79.0,147.0,23.0,2.0,2.0,0.0,RRQ,,11,NS,,13,1,VCT Emea
0,Corrode,Francis,NS,Viper,1.14,197.0,16,15,8,1,88.0,126.0,29.0,3.0,0.0,3.0,RRQ,,11,NS,,13,1,VCT Emea
0,Corrode,Rb,NS,Sova,0.86,189.0,15,18,5,-3,79.0,126.0,19.0,1.0,3.0,-2.0,RRQ,,11,NS,,13,1,VCT Emea
0,Corrode,Persia,NS,Omen,0.7,144.0,11,18,15,-7,71.0,87.0,20.0,2.0,2.0,0.0,RRQ,,11,NS,,13,1,VCT Emea
0,Corrode,Dambi,NS,Neon,0.66,151.0,12,18,6,-6,67.0,105.0,23.0,3.0,6.0,-3.0,RRQ,,11,NS,,13,1,VCT Emea
2,Haven,Jemkin,RRQ,Yoru,1.33,256.0,21,12,3,9,76.0,151.0,39.0,3.0,3.0,0.0,RRQ,,13,NS,,8,1,VCT Emea
2,Haven,Monyet,RRQ,Neon,1.26,265.0,20,13,9,7,86.0,157.0,30.0,3.0,2.0,1.0,RRQ,,13,NS,,8,1,VCT Emea
2,Haven,xffero,RRQ,Cypher,1.11,192.0,16,12,4,4,76.0,110.0,23.0,3.0,2.0,1.0,RRQ,,13,NS,,8,1,VCT Emea
2,Haven,crazyguy,RRQ,Omen,1.11,170.0,12,10,10,2,81.0,110.0,25.0,3.0,1.0,2.0,RRQ,,13,NS,,8,1,VCT Emea
2,Haven,Kushy,RRQ,Sova,0.83,129.0,7,10,6,-3,76.0,91.0,19.0,1.0,0.0,1.0,RRQ,,13,NS,,8,1,VCT Emea
2,Haven,Francis,NS,Viper,1.2,222.0,17,14,5,3,62.0,127.0,32.0,0.0,4.0,-4.0,RRQ,,13,NS,,8,0,VCT Emea
2,Haven,Persia,NS,Omen,0.93,157.0,12,14,7,-2,71.0,97.0,22.0,1.0,2.0,-1.0,RRQ,,13,NS,,8,0,VCT Emea
2,Haven,Rb,NS,Sova,0.73,162.0,12,16,2,-4,62.0,113.0,33.0,3.0,2.0,1.0,RRQ,,13,NS,,8,0,VCT Emea
2,Haven,Ivy,NS,Killjoy,0.57,97.0,7,15,2,-8,52.0,61.0,17.0,1.0,4.0,-3.0,RRQ,,13,NS,,8,0,VCT Emea
2,Haven,Dambi,NS,Neon,0.53,141.0,9,17,3,-8,71.0,82.0,32.0,3.0,1.0,2.0,RRQ,,13,NS,,8,0,VCT Emea
3,Icebox,Monyet,RRQ,Viper,1.75,363.0,21,10,10,11,94.0,233.0,38.0,5.0,1.0,4.0,RRQ,,13,NS,,3,1,VCT Emea
3,Icebox,Jemkin,RRQ,Jett,1.69,315.0,20,8,2,12,81.0,200.0,34.0,3.0,1.0,2.0,RRQ,,13,NS,,3,1,VCT Emea
3,Icebox,Kushy,RRQ,Sova,1.49,254.0,16,7,4,9,100.0,168.0,29.0,2.0,1.0,1.0,RRQ,,13,NS,,3,1,VCT Emea
3,Icebox,crazyguy,RRQ,Sage,1.0,149.0,8,9,14,-1,94.0,91.0,20.0,1.0,1.0,0.0,RRQ,,13,NS,,3,1,VCT Emea
3,Icebox,xffero,RRQ,Killjoy,0.92,120.0,8,7,2,1,69.0,102.0,38.0,1.0,0.0,1.0,RRQ,,13,NS,,3,1,VCT Emea
3,Icebox,Persia,NS,Viper,1.08,229.0,13,13,2,0,63.0,152.0,17.0,1.0,5.0,-4.0,RRQ,,13,NS,,3,0,VCT Emea
3,Icebox,Dambi,NS,Jett,1.05,207.0,12,12,2,0,69.0,137.0,21.0,2.0,4.0,-2.0,RRQ,,13,NS,,3,0,VCT Emea
3,Icebox,Ivy,NS,Killjoy,0.68,196.0,10,16,1,-6,63.0,144.0,19.0,1.0,0.0,1.0,RRQ,,13,NS,,3,0,VCT Emea
3,Icebox,Francis,NS,Harbor,0.3,95.0,2,16,10,-14,56.0,73.0,14.0,0.0,2.0,-2.0,RRQ,,13,NS,,3,0,VCT Emea
3,Icebox,Rb,NS,Sova,0.21,110.0,4,16,2,-12,38.0,89.0,20.0,0.0,1.0,-1.0,RRQ,,13,NS,,3,0,VCT Emea
0,Corrode,free1ng,KRX,Viper,1.7,281.0,17,7,6,10,82.0,190.0,39.0,4.0,1.0,3.0,KRX,,13,TS,,4,1,VCT Emea
0,Corrode,Flashback,KRX,Vyse,1.37,211.0,15,6,4,9,88.0,141.0,19.0,1.0,0.0,1.0,KRX,,13,TS,,4,1,VCT Emea
0,Corrode,MaKo,KRX,Omen,1.31,244.0,14,9,10,5,82.0,155.0,27.0,4.0,1.0,3.0,KRX,,13,TS,,4,1,VCT Emea
0,Corrode,HYUNMIN,KRX,Neon,1.21,209.0,13,10,6,3,88.0,138.0,19.0,2.0,1.0,1.0,KRX,,13,TS,,4,1,VCT Emea
0,Corrode,Estrella,KRX,Fade,1.15,172.0,10,8,8,2,94.0,112.0,19.0,2.0,1.0,1.0,KRX,,13,TS,,4,1,VCT Emea
0,Corrode,invy,TS,Fade,1.15,259.0,16,14,3,2,82.0,158.0,28.0,1.0,1.0,0.0,KRX,,13,TS,,4,0,VCT Emea
0,Corrode,kellyS,TS,Deadlock,0.79,127.0,8,14,4,-6,71.0,79.0,14.0,1.0,1.0,0.0,KRX,,13,TS,,4,0,VCT Emea
0,Corrode,ZesBeeW,TS,Omen,0.65,108.0,6,12,2,-6,59.0,76.0,41.0,0.0,2.0,-2.0,KRX,,13,TS,,4,0,VCT Emea
0,Corrode,Wild0reoo,TS,Neon,0.45,158.0,8,15,4,-7,59.0,102.0,23.0,2.0,9.0,-7.0,KRX,,13,TS,,4,0,VCT Emea
0,Corrode,n1zzy,TS,Viper,0.3,65.0,2,14,5,-12,53.0,50.0,55.0,0.0,0.0,0.0,KRX,,13,TS,,4,0,VCT Emea
2,Icebox,HYUNMIN,KRX,Jett,1.6,358.0,22,11,5,11,88.0,218.0,44.0,2.0,1.0,1.0,KRX,,13,TS,,4,1,VCT Emea
2,Icebox,free1ng,KRX,Sova,1.57,248.0,14,6,7,8,94.0,158.0,37.0,1.0,0.0,1.0,KRX,,13,TS,,4,1,VCT Emea
2,Icebox,MaKo,KRX,Viper,1.55,282.0,18,7,4,11,76.0,190.0,25.0,5.0,2.0,3.0,KRX,,13,TS,,4,1,VCT Emea
2,Icebox,Estrella,KRX,Sage,1.02,165.0,11,8,2,3,88.0,114.0,32.0,1.0,2.0,-1.0,KRX,,13,TS,,4,1,VCT Emea
2,Icebox,Flashback,KRX,Killjoy,0.95,161.0,12,7,1,5,76.0,107.0,26.0,0.0,3.0,-3.0,KRX,,13,TS,,4,1,VCT Emea
2,Icebox,n1zzy,TS,Killjoy,1.04,183.0,11,14,1,-3,65.0,121.0,37.0,3.0,2.0,1.0,KRX,,13,TS,,4,0,VCT Emea
2,Icebox,invy,TS,Sova,0.82,160.0,9,15,5,-6,35.0,110.0,21.0,2.0,1.0,1.0,KRX,,13,TS,,4,0,VCT Emea
2,Icebox,kellyS,TS,Kayo,0.51,133.0,6,16,2,-10,53.0,93.0,16.0,1.0,0.0,1.0,KRX,,13,TS,,4,0,VCT Emea
2,Icebox,ZesBeeW,TS,Omen,0.38,136.0,7,16,4,-9,47.0,92.0,22.0,1.0,4.0,-3.0,KRX,,13,TS,,4,0,VCT Emea
2,Icebox,Wild0reoo,TS,Viper,0.37,124.0,6,16,2,-10,41.0,80.0,44.0,1.0,2.0,-1.0,KRX,,13,TS,,4,0,VCT Emea
0,Lotus,Karon,GEN,Omen,1.69,289.0,18,7,10,11,94.0,179.0,51.0,2.0,0.0,2.0,GEN,,13,TS,,3,1,VCT Emea
0,Lotus,Ash,GEN,Fade,1.59,277.0,17,8,4,9,81.0,177.0,30.0,1.0,1.0,0.0,GEN,,13,TS,,3,1,VCT Emea
0,Lotus,Foxy9,GEN,Killjoy,1.22,210.0,12,6,3,6,88.0,133.0,24.0,3.0,1.0,2.0,GEN,,13,TS,,3,1,VCT Emea
0,Lotus,t3xture,GEN,Raze,1.1,225.0,14,11,4,3,81.0,140.0,14.0,3.0,0.0,3.0,GEN,,13,TS,,3,1,VCT Emea
0,Lotus,Munchkin,GEN,Viper,0.74,169.0,7,10,8,-3,75.0,119.0,20.0,3.0,2.0,1.0,GEN,,13,TS,,3,1,VCT Emea
0,Lotus,n1zzy,TS,Killjoy,1.02,197.0,12,14,1,-2,69.0,125.0,52.0,0.0,2.0,-2.0,GEN,,13,TS,,3,0,VCT Emea
0,Lotus,invy,TS,Fade,0.89,189.0,10,12,3,-2,69.0,131.0,40.0,1.0,2.0,-1.0,GEN,,13,TS,,3,0,VCT Emea
0,Lotus,Wild0reoo,TS,Viper,0.74,132.0,8,13,3,-5,63.0,92.0,50.0,0.0,1.0,-1.0,GEN,,13,TS,,3,0,VCT Emea
0,Lotus,kellyS,TS,Raze,0.57,168.0,8,15,2,-7,63.0,118.0,19.0,3.0,6.0,-3.0,GEN,,13,TS,,3,0,VCT Emea
0,Lotus,ZesBeeW,TS,Omen,0.45,86.0,4,14,7,-10,75.0,53.0,22.0,0.0,1.0,-1.0,GEN,,13,TS,,3,0,VCT Emea
2,Ascent,t3xture,GEN,Jett,1.6,320.0,24,9,4,15,81.0,189.0,17.0,7.0,1.0,6.0,GEN,,13,TS,,8,1,VCT Emea
2,Ascent,Munchkin,GEN,Kayo,1.28,217.0,16,10,12,6,81.0,149.0,14.0,2.0,3.0,-1.0,GEN,,13,TS,,8,1,VCT Emea
2,Ascent,Karon,GEN,Omen,1.24,206.0,15,13,16,2,90.0,135.0,26.0,1.0,1.0,0.0,GEN,,13,TS,,8,1,VCT Emea
2,Ascent,Foxy9,GEN,Killjoy,1.23,226.0,18,11,7,7,81.0,155.0,36.0,3.0,3.0,0.0,GEN,,13,TS,,8,1,VCT Emea
2,Ascent,Ash,GEN,Sova,1.02,192.0,16,13,5,3,90.0,142.0,31.0,0.0,0.0,0.0,GEN,,13,TS,,8,1,VCT Emea
2,Ascent,invy,TS,Sova,1.28,284.0,21,17,2,4,62.0,171.0,33.0,2.0,1.0,1.0,GEN,,13,TS,,8,0,VCT Emea
2,Ascent,ZesBeeW,TS,Omen,0.81,122.0,10,17,10,-7,52.0,67.0,35.0,1.0,1.0,0.0,GEN,,13,TS,,8,0,VCT Emea
2,Ascent,n1zzy,TS,Yoru,0.73,138.0,10,17,5,-7,57.0,112.0,43.0,4.0,7.0,-3.0,GEN,,13,TS,,8,0,VCT Emea
2,Ascent,Wild0reoo,TS,Cypher,0.62,147.0,8,19,8,-11,57.0,105.0,32.0,1.0,2.0,-1.0,GEN,,13,TS,,8,0,VCT Emea
2,Ascent,kellyS,TS,Deadlock,0.38,108.0,7,19,5,-12,57.0,74.0,19.0,0.0,2.0,-2.0,GEN,,13,TS,,8,0,VCT Emea
0,Bind,Jemkin,RRQ,Yoru,1.22,227.0,21,16,3,5,69.0,144.0,33.0,4.0,3.0,1.0,RRQ,,12,KRX,,14,0,VCT Emea
0,Bind,crazyguy,RRQ,Gekko,1.07,180.0,17,16,5,1,69.0,115.0,40.0,2.0,2.0,0.0,RRQ,,12,KRX,,14,0,VCT Emea
0,Bind,xffero,RRQ,Astra,0.96,173.0,16,15,9,1,65.0,108.0,18.0,0.0,1.0,-1.0,RRQ,,12,KRX,,14,0,VCT Emea
0,Bind,Monyet,RRQ,Waylay,0.75,149.0,14,18,3,-4,65.0,100.0,23.0,3.0,7.0,-4.0,RRQ,,12,KRX,,14,0,VCT Emea
0,Bind,Kushy,RRQ,Deadlock,0.67,147.0,12,19,5,-7,69.0,108.0,28.0,2.0,2.0,0.0,RRQ,,12,KRX,,14,0,VCT Emea
0,Bind,Flashback,KRX,Vyse,1.43,271.0,24,14,6,10,81.0,158.0,42.0,5.0,2.0,3.0,RRQ,,12,KRX,,14,1,VCT Emea
0,Bind,HYUNMIN,KRX,Raze,0.97,202.0,18,17,7,1,69.0,127.0,18.0,6.0,4.0,2.0,RRQ,,12,KRX,,14,1,VCT Emea
0,Bind,MaKo,KRX,Brimstone,0.92,160.0,14,16,11,-2,73.0,109.0,23.0,2.0,1.0,1.0,RRQ,,12,KRX,,14,1,VCT Emea
0,Bind,free1ng,KRX,Viper,0.89,181.0,17,16,10,1,77.0,118.0,48.0,2.0,3.0,-1.0,RRQ,,12,KRX,,14,1,VCT Emea
0,Bind,Estrella,KRX,Fade,0.68,127.0,11,17,6,-6,62.0,83.0,31.0,0.0,1.0,-1.0,RRQ,,12,KRX,,14,1,VCT Emea
2,Ascent,crazyguy,RRQ,Sova,0.98,210.0,13,13,4,0,65.0,150.0,28.0,1.0,0.0,1.0,RRQ,,7,KRX,,13,0,VCT Emea
2,Ascent,Monyet,RRQ,Neon,0.96,224.0,16,16,1,0,70.0,129.0,33.0,3.0,2.0,1.0,RRQ,,7,KRX,,13,0,VCT Emea
2,Ascent,Jemkin,RRQ,Waylay,0.77,168.0,12,15,6,-3,60.0,105.0,55.0,4.0,5.0,-1.0,RRQ,,7,KRX,,13,0,VCT Emea
2,Ascent,xffero,RRQ,Omen,0.77,113.0,8,14,8,-6,70.0,74.0,33.0,1.0,1.0,0.0,RRQ,,7,KRX,,13,0,VCT Emea
2,Ascent,Kushy,RRQ,Killjoy,0.51,146.0,8,15,3,-7,65.0,113.0,23.0,1.0,2.0,-1.0,RRQ,,7,KRX,,13,0,VCT Emea
2,Ascent,HYUNMIN,KRX,Jett,1.79,368.0,26,13,2,13,75.0,232.0,37.0,5.0,1.0,4.0,RRQ,,7,KRX,,13,1,VCT Emea
2,Ascent,Flashback,KRX,Cypher,1.49,203.0,16,8,9,8,75.0,161.0,46.0,0.0,1.0,-1.0,RRQ,,7,KRX,,13,1,VCT Emea
2,Ascent,MaKo,KRX,Omen,1.25,177.0,12,9,9,3,80.0,125.0,19.0,2.0,3.0,-1.0,RRQ,,7,KRX,,13,1,VCT Emea
2,Ascent,free1ng,KRX,Sova,0.93,148.0,11,12,7,-1,65.0,98.0,34.0,1.0,2.0,-1.0,RRQ,,7,KRX,,13,1,VCT Emea
2,Ascent,Estrella,KRX,Kayo,0.59,135.0,8,15,8,-7,70.0,89.0,30.0,2.0,3.0,-1.0,RRQ,,7,KRX,,13,1,VCT Emea
0,Corrode,Ivy,NS,Deadlock,1.46,250.0,21,10,1,11,80.0,153.0,46.0,2.0,1.0,1.0,NS,,13,GE,,7,1,VCT Emea
0,Corrode,Persia,NS,Omen,1.29,229.0,15,11,11,4,80.0,139.0,33.0,1.0,1.0,0.0,NS,,13,GE,,7,1,VCT Emea
0,Corrode,Francis,NS,Fade,1.02,173.0,12,12,8,0,70.0,97.0,9.0,1.0,1.0,0.0,NS,,13,GE,,7,1,VCT Emea
0,Corrode,Rb,NS,Viper,1.0,182.0,13,13,7,0,80.0,132.0,37.0,2.0,0.0,2.0,NS,,13,GE,,7,1,VCT Emea
0,Corrode,Dambi,NS,Neon,0.89,229.0,17,17,6,0,65.0,136.0,34.0,4.0,7.0,-3.0,NS,,13,GE,,7,1,VCT Emea
0,Corrode,yoman,GE,Vyse,1.3,242.0,18,13,8,5,85.0,175.0,25.0,1.0,0.0,1.0,NS,,13,GE,,7,0,VCT Emea
0,Corrode,UdoTan,GE,Raze,1.19,252.0,16,15,5,1,90.0,163.0,25.0,4.0,2.0,2.0,NS,,13,GE,,7,0,VCT Emea
0,Corrode,Kr1stal,GE,Sova,0.82,190.0,11,16,4,-5,60.0,120.0,21.0,2.0,3.0,-1.0,NS,,13,GE,,7,0,VCT Emea
0,Corrode,Papi,GE,Viper,0.52,115.0,8,16,7,-8,60.0,69.0,23.0,1.0,1.0,0.0,NS,,13,GE,,7,0,VCT Emea
0,Corrode,ban,GE,Clove,0.49,146.0,10,18,4,-8,65.0,98.0,28.0,2.0,4.0,-2.0,NS,,13,GE,,7,0,VCT Emea
2,Bind,Francis,NS,Kayo,1.86,347.0,27,13,11,14,90.0,224.0,22.0,1.0,0.0,1.0,NS,,13,GE,,8,1,VCT Emea
2,Bind,Dambi,NS,Raze,1.31,298.0,21,16,3,5,81.0,177.0,24.0,5.0,3.0,2.0,NS,,13,GE,,8,1,VCT Emea
2,Bind,Persia,NS,Astra,1.1,157.0,11,12,17,-1,86.0,98.0,32.0,4.0,2.0,2.0,NS,,13,GE,,8,1,VCT Emea
2,Bind,Rb,NS,Cypher,0.81,180.0,14,16,5,-2,67.0,102.0,34.0,3.0,1.0,2.0,NS,,13,GE,,8,1,VCT Emea
2,Bind,Ivy,NS,Deadlock,0.55,112.0,8,13,5,-5,71.0,86.0,26.0,0.0,2.0,-2.0,NS,,13,GE,,8,1,VCT Emea
2,Bind,ban,GE,Viper,1.21,239.0,18,14,6,4,71.0,156.0,23.0,2.0,5.0,-3.0,NS,,13,GE,,8,0,VCT Emea
2,Bind,UdoTan,GE,Raze,1.06,222.0,17,17,0,0,67.0,154.0,27.0,3.0,2.0,1.0,NS,,13,GE,,8,0,VCT Emea
2,Bind,yoman,GE,Deadlock,0.78,161.0,13,16,5,-3,81.0,91.0,29.0,1.0,2.0,-1.0,NS,,13,GE,,8,0,VCT Emea
2,Bind,Kr1stal,GE,Fade,0.67,147.0,10,17,8,-7,81.0,96.0,19.0,0.0,2.0,-2.0,NS,,13,GE,,8,0,VCT Emea
2,Bind,Papi,GE,Brimstone,0.65,178.0,11,17,8,-6,67.0,118.0,27.0,2.0,2.0,0.0,NS,,13,GE,,8,0,VCT Emea
0,Lotus,Karon,GEN,Omen,1.36,281.0,21,17,12,4,73.0,183.0,39.0,3.0,1.0,2.0,GEN,,9,NS,,13,0,VCT Emea
0,Lotus,Munchkin,GEN,Viper,1.02,241.0,18,17,5,1,64.0,147.0,26.0,3.0,4.0,-1.0,GEN,,9,NS,,13,0,VCT Emea
0,Lotus,Ash,GEN,Fade,0.92,178.0,14,13,3,1,68.0,119.0,25.0,2.0,0.0,2.0,GEN,,9,NS,,13,0,VCT Emea
0,Lotus,Foxy9,GEN,Killjoy,0.81,169.0,13,15,2,-2,64.0,108.0,32.0,2.0,2.0,0.0,GEN,,9,NS,,13,0,VCT Emea
0,Lotus,t3xture,GEN,Raze,0.38,90.0,7,16,0,-9,55.0,67.0,25.0,1.0,4.0,-3.0,GEN,,9,NS,,13,0,VCT Emea
0,Lotus,Persia,NS,Omen,1.53,259.0,22,11,4,11,77.0,163.0,33.0,2.0,0.0,2.0,GEN,,9,NS,,13,1,VCT Emea
0,Lotus,Dambi,NS,Waylay,1.49,300.0,22,14,6,8,77.0,186.0,22.0,6.0,2.0,4.0,GEN,,9,NS,,13,1,VCT Emea
0,Lotus,Rb,NS,Cypher,1.02,167.0,14,13,4,1,77.0,109.0,39.0,2.0,4.0,-2.0,GEN,,9,NS,,13,1,VCT Emea
0,Lotus,Francis,NS,Breach,0.78,161.0,11,17,11,-6,73.0,110.0,23.0,0.0,0.0,0.0,GEN,,9,NS,,13,1,VCT Emea
0,Lotus,Ivy,NS,Fade,0.64,125.0,9,18,9,-9,64.0,83.0,38.0,1.0,5.0,-4.0,GEN,,9,NS,,13,1,VCT Emea
2,Ascent,Karon,GEN,Omen,1.11,236.0,23,19,11,4,65.0,150.0,26.0,2.0,4.0,-2.0,GEN,,12,NS,,14,0,VCT Emea
2,Ascent,t3xture,GEN,Jett,1.06,230.0,22,21,3,1,65.0,144.0,23.0,4.0,3.0,1.0,GEN,,12,NS,,14,0,VCT Emea
2,Ascent,Foxy9,GEN,Killjoy,1.04,223.0,19,18,7,1,73.0,150.0,30.0,4.0,3.0,1.0,GEN,,12,NS,,14,0,VCT Emea
2,Ascent,Ash,GEN,Sova,0.96,157.0,15,18,6,-3,62.0,113.0,45.0,1.0,1.0,0.0,GEN,,12,NS,,14,0,VCT Emea
2,Ascent,Munchkin,GEN,Kayo,0.48,117.0,10,20,7,-10,58.0,72.0,9.0,1.0,3.0,-2.0,GEN,,12,NS,,14,0,VCT Emea
2,Ascent,Rb,NS,Viper,1.34,237.0,23,16,6,7,73.0,151.0,21.0,3.0,5.0,-2.0,GEN,,12,NS,,14,1,VCT Emea
2,Ascent,Dambi,NS,Neon,1.22,254.0,23,19,9,4,69.0,141.0,24.0,8.0,3.0,5.0,GEN,,12,NS,,14,1,VCT Emea
2,Ascent,Persia,NS,Omen,1.08,215.0,21,19,9,2,65.0,128.0,33.0,1.0,1.0,0.0,GEN,,12,NS,,14,1,VCT Emea
2,Ascent,Ivy,NS,Killjoy,0.97,189.0,17,16,5,1,85.0,136.0,40.0,1.0,0.0,1.0,GEN,,12,NS,,14,1,VCT Emea
2,Ascent,Francis,NS,Sova,0.64,152.0,12,19,7,-7,73.0,113.0,18.0,1.0,3.0,-2.0,GEN,,12,NS,,14,1,VCT Emea
0,Lotus,Estrella,KRX,Fade,1.41,248.0,18,12,11,6,87.0,157.0,38.0,3.0,2.0,1.0,KRX,,13,GE,,10,1,VCT Emea
0,Lotus,free1ng,KRX,Viper,1.3,222.0,20,12,2,8,78.0,146.0,37.0,1.0,3.0,-2.0,KRX,,13,GE,,10,1,VCT Emea
0,Lotus,MaKo,KRX,Omen,1.19,238.0,19,15,8,4,83.0,150.0,29.0,3.0,2.0,1.0,KRX,,13,GE,,10,1,VCT Emea
0,Lotus,HYUNMIN,KRX,Raze,1.11,212.0,16,15,5,1,87.0,143.0,24.0,5.0,3.0,2.0,KRX,,13,GE,,10,1,VCT Emea
0,Lotus,Flashback,KRX,Vyse,0.67,115.0,8,14,9,-6,70.0,87.0,33.0,0.0,1.0,-1.0,KRX,,13,GE,,10,1,VCT Emea
0,Lotus,UdoTan,GE,Raze,1.36,317.0,24,16,2,8,57.0,206.0,24.0,3.0,4.0,-1.0,KRX,,13,GE,,10,0,VCT Emea
0,Lotus,ban,GE,Omen,0.81,138.0,12,16,10,-4,70.0,81.0,19.0,0.0,1.0,-1.0,KRX,,13,GE,,10,0,VCT Emea
0,Lotus,Kr1stal,GE,Sova,0.8,160.0,11,16,7,-5,57.0,119.0,21.0,3.0,3.0,0.0,KRX,,13,GE,,10,0,VCT Emea
0,Lotus,yoman,GE,Vyse,0.75,140.0,11,17,6,-6,78.0,90.0,27.0,4.0,3.0,1.0,KRX,,13,GE,,10,0,VCT Emea
0,Lotus,Papi,GE,Viper,0.71,125.0,10,16,5,-6,65.0,80.0,20.0,1.0,1.0,0.0,KRX,,13,GE,,10,0,VCT Emea
2,Icebox,MaKo,KRX,Viper,1.66,273.0,22,12,4,10,74.0,180.0,34.0,1.0,1.0,0.0,KRX,,13,GE,,10,1,VCT Emea
2,Icebox,HYUNMIN,KRX,Jett,1.26,323.0,25,20,6,5,78.0,204.0,36.0,5.0,0.0,5.0,KRX,,13,GE,,10,1,VCT Emea
2,Icebox,Flashback,KRX,Killjoy,0.84,216.0,17,17,2,0,70.0,143.0,33.0,3.0,4.0,-1.0,KRX,,13,GE,,10,1,VCT Emea
2,Icebox,Estrella,KRX,Sage,0.8,110.0,8,12,14,-4,70.0,78.0,25.0,0.0,4.0,-4.0,KRX,,13,GE,,10,1,VCT Emea
2,Icebox,free1ng,KRX,Sova,0.67,156.0,14,18,3,-4,70.0,96.0,56.0,2.0,3.0,-1.0,KRX,,13,GE,,10,1,VCT Emea
2,Icebox,UdoTan,GE,Chamber,1.26,291.0,22,17,3,5,65.0,174.0,23.0,3.0,2.0,1.0,KRX,,13,GE,,10,0,VCT Emea
2,Icebox,ban,GE,Iso,0.99,241.0,19,17,2,2,65.0,159.0,39.0,4.0,5.0,-1.0,KRX,,13,GE,,10,0,VCT Emea
2,Icebox,Papi,GE,Viper,0.95,184.0,15,15,3,0,61.0,125.0,36.0,1.0,1.0,0.0,KRX,,13,GE,,10,0,VCT Emea
2,Icebox,Kr1stal,GE,Sova,0.82,185.0,13,20,9,-7,61.0,134.0,39.0,2.0,1.0,1.0,KRX,,13,GE,,10,0,VCT Emea
2,Icebox,yoman,GE,Sage,0.57,110.0,10,17,7,-7,61.0,64.0,32.0,2.0,2.0,0.0,KRX,,13,GE,,10,0,VCT Emea
0,Ascent,xffero,RRQ,Omen,1.19,214.0,22,19,12,3,61.0,124.0,35.0,1.0,2.0,-1.0,RRQ,,13,TS,,15,0,VCT Emea
0,Ascent,Jemkin,RRQ,Waylay,1.05,197.0,21,18,4,3,68.0,116.0,42.0,6.0,5.0,1.0,RRQ,,13,TS,,15,0,VCT Emea
0,Ascent,Monyet,RRQ,Neon,0.84,182.0,15,21,9,-6,64.0,125.0,18.0,6.0,5.0,1.0,RRQ,,13,TS,,15,0,VCT Emea
0,Ascent,crazyguy,RRQ,Sova,0.71,156.0,13,22,9,-9,61.0,114.0,17.0,0.0,0.0,0.0,RRQ,,13,TS,,15,0,VCT Emea
0,Ascent,Kushy,RRQ,Vyse,0.69,115.0,10,20,7,-10,54.0,83.0,38.0,0.0,3.0,-3.0,RRQ,,13,TS,,15,0,VCT Emea
0,Ascent,kellyS,TS,Vyse,1.48,258.0,25,13,6,12,71.0,172.0,24.0,3.0,0.0,3.0,RRQ,,13,TS,,15,1,VCT Emea
0,Ascent,invy,TS,Chamber,1.48,286.0,28,17,4,11,75.0,181.0,28.0,4.0,3.0,1.0,RRQ,,13,TS,,15,1,VCT Emea
0,Ascent,n1zzy,TS,Yoru,1.02,218.0,22,16,2,6,57.0,140.0,50.0,4.0,6.0,-2.0,RRQ,,13,TS,,15,1,VCT Emea
0,Ascent,JessieVash,TS,Sova,0.86,145.0,16,16,2,0,57.0,115.0,36.0,2.0,1.0,1.0,RRQ,,13,TS,,15,1,VCT Emea
0,Ascent,Wild0reoo,TS,Omen,0.68,116.0,9,19,19,-10,71.0,78.0,34.0,2.0,3.0,-1.0,RRQ,,13,TS,,15,1,VCT Emea
2,Icebox,xffero,RRQ,Killjoy,1.75,363.0,21,10,6,11,94.0,246.0,22.0,2.0,1.0,1.0,RRQ,,13,TS,,4,1,VCT Emea
2,Icebox,Jemkin,RRQ,Jett,1.59,268.0,19,8,0,11,82.0,186.0,39.0,4.0,3.0,1.0,RRQ,,13,TS,,4,1,VCT Emea
2,Icebox,Kushy,RRQ,Sova,1.28,224.0,14,11,9,3,76.0,187.0,40.0,0.0,1.0,-1.0,RRQ,,13,TS,,4,1,VCT Emea
2,Icebox,Monyet,RRQ,Viper,0.88,160.0,9,10,4,-1,71.0,104.0,8.0,0.0,1.0,-1.0,RRQ,,13,TS,,4,1,VCT Emea
2,Icebox,crazyguy,RRQ,Sage,0.83,181.0,11,11,9,0,71.0,108.0,35.0,1.0,4.0,-3.0,RRQ,,13,TS,,4,1,VCT Emea
2,Icebox,kellyS,TS,Killjoy,1.13,271.0,16,15,1,1,76.0,165.0,16.0,1.0,1.0,0.0,RRQ,,13,TS,,4,0,VCT Emea
2,Icebox,invy,TS,Sage,0.98,193.0,10,13,6,-3,71.0,127.0,28.0,3.0,1.0,2.0,RRQ,,13,TS,,4,0,VCT Emea
2,Icebox,n1zzy,TS,Jett,0.82,235.0,14,17,3,-3,71.0,160.0,26.0,4.0,2.0,2.0,RRQ,,13,TS,,4,0,VCT Emea
2,Icebox,JessieVash,TS,Sova,0.49,108.0,5,14,5,-9,59.0,79.0,24.0,0.0,1.0,-1.0,RRQ,,13,TS,,4,0,VCT Emea
2,Icebox,Wild0reoo,TS,Viper,0.36,95.0,5,15,3,-10,41.0,71.0,25.0,2.0,2.0,0.0,RRQ,,13,TS,,4,0,VCT Emea
3,Sunset,Jemkin,RRQ,Waylay,1.86,345.0,21,6,4,15,88.0,195.0,18.0,5.0,0.0,5.0,RRQ,,13,TS,,3,1,VCT Emea
3,Sunset,Kushy,RRQ,Fade,1.36,209.0,11,6,5,5,100.0,149.0,37.0,1.0,1.0,0.0,RRQ,,13,TS,,3,1,VCT Emea
3,Sunset,Monyet,RRQ,Omen,1.35,205.0,14,7,9,7,94.0,134.0,38.0,1.0,1.0,0.0,RRQ,,13,TS,,3,1,VCT Emea
3,Sunset,crazyguy,RRQ,Breach,1.26,264.0,16,10,6,6,94.0,154.0,28.0,5.0,1.0,4.0,RRQ,,13,TS,,3,1,VCT Emea
3,Sunset,xffero,RRQ,Cypher,0.97,170.0,10,9,5,1,88.0,127.0,29.0,0.0,1.0,-1.0,RRQ,,13,TS,,3,1,VCT Emea
3,Sunset,invy,TS,Breach,1.06,192.0,11,13,5,-2,69.0,133.0,34.0,1.0,0.0,1.0,RRQ,,13,TS,,3,0,VCT Emea
3,Sunset,JessieVash,TS,Sova,0.82,172.0,9,13,3,-4,63.0,111.0,32.0,0.0,0.0,0.0,RRQ,,13,TS,,3,0,VCT Emea
3,Sunset,kellyS,TS,Cypher,0.58,156.0,8,15,1,-7,38.0,107.0,23.0,1.0,2.0,-1.0,RRQ,,13,TS,,3,0,VCT Emea
3,Sunset,n1zzy,TS,Neon,0.33,120.0,6,15,1,-9,31.0,68.0,46.0,2.0,6.0,-4.0,RRQ,,13,TS,,3,0,VCT Emea
3,Sunset,Wild0reoo,TS,Omen,0.28,109.0,4,16,5,-12,63.0,78.0,19.0,0.0,4.0,-4.0,RRQ,,13,TS,,3,0,VCT Emea
0,Bind,Famouz,BME,Raze,0.91,210.0,15,15,3,0,57.0,144.0,19.0,2.0,3.0,-1.0,BME,,8,TLN,,13,0,VCT Emea
0,Bind,NcSlasher,BME,Fade,0.88,169.0,12,12,3,0,81.0,124.0,38.0,5.0,0.0,5.0,BME,,8,TLN,,13,0,VCT Emea
0,Bind,dos9,BME,Brimstone,0.87,180.0,14,14,3,0,81.0,98.0,28.0,3.0,1.0,2.0,BME,,8,TLN,,13,0,VCT Emea
0,Bind,Shiro,BME,Kayo,0.85,224.0,15,16,8,-1,71.0,148.0,37.0,2.0,3.0,-1.0,BME,,8,TLN,,13,0,VCT Emea
0,Bind,BerserX,BME,Viper,0.62,109.0,7,13,4,-6,62.0,72.0,13.0,2.0,0.0,2.0,BME,,8,TLN,,13,0,VCT Emea
0,Bind,Killua,TLN,Gekko,1.33,223.0,16,11,2,5,67.0,144.0,45.0,1.0,1.0,0.0,BME,,8,TLN,,13,1,VCT Emea
0,Bind,primmie,TLN,Deadlock,1.24,241.0,18,13,2,5,76.0,150.0,32.0,3.0,2.0,1.0,BME,,8,TLN,,13,1,VCT Emea
0,Bind,JitBoyS,TLN,Astra,1.14,157.0,12,12,10,0,81.0,84.0,43.0,0.0,3.0,-3.0,BME,,8,TLN,,13,1,VCT Emea
0,Bind,thyy,TLN,Raze,1.01,187.0,14,14,4,0,57.0,115.0,17.0,2.0,6.0,-4.0,BME,,8,TLN,,13,1,VCT Emea
0,Bind,Crws,TLN,Fade,0.91,143.0,10,13,11,-3,76.0,83.0,21.0,1.0,2.0,-1.0,BME,,8,TLN,,13,1,VCT Emea
2,Icebox,dos9,BME,Viper,1.07,273.0,13,13,9,0,75.0,182.0,26.0,4.0,2.0,2.0,BME,,3,TLN,,13,0,VCT Emea
2,Icebox,Shiro,BME,Sova,0.75,164.0,9,13,3,-4,63.0,103.0,41.0,1.0,1.0,0.0,BME,,3,TLN,,13,0,VCT Emea
2,Icebox,BerserX,BME,Killjoy,0.67,149.0,7,13,4,-6,75.0,111.0,19.0,0.0,2.0,-2.0,BME,,3,TLN,,13,0,VCT Emea
2,Icebox,Famouz,BME,Neon,0.63,193.0,10,15,1,-5,56.0,111.0,15.0,1.0,2.0,-1.0,BME,,3,TLN,,13,0,VCT Emea
2,Icebox,NcSlasher,BME,Omen,0.55,125.0,6,14,8,-8,56.0,80.0,6.0,0.0,3.0,-3.0,BME,,3,TLN,,13,0,VCT Emea
2,Icebox,Crws,TLN,Viper,1.62,247.0,15,6,4,9,75.0,180.0,28.0,0.0,1.0,-1.0,BME,,3,TLN,,13,1,VCT Emea
2,Icebox,JitBoyS,TLN,Killjoy,1.47,235.0,13,7,4,6,81.0,173.0,28.0,3.0,2.0,1.0,BME,,3,TLN,,13,1,VCT Emea
2,Icebox,thyy,TLN,Jett,1.47,304.0,19,11,2,8,81.0,180.0,31.0,5.0,0.0,5.0,BME,,3,TLN,,13,1,VCT Emea
2,Icebox,primmie,TLN,Sage,1.18,211.0,13,9,7,4,69.0,144.0,57.0,1.0,2.0,-1.0,BME,,3,TLN,,13,1,VCT Emea
2,Icebox,Killua,TLN,Sova,0.71,141.0,8,12,1,-4,81.0,104.0,50.0,1.0,1.0,0.0,BME,,3,TLN,,13,1,VCT Emea
0,Haven,BuZz,T1,Yoru,1.34,283.0,33,23,5,10,72.0,171.0,18.0,6.0,5.0,1.0,T1,,15,PRX,,17,0,VCT Emea
0,Haven,iZu,T1,Neon,0.97,235.0,25,25,4,0,66.0,152.0,23.0,3.0,4.0,-1.0,T1,,15,PRX,,17,0,VCT Emea
0,Haven,DH,T1,Omen,0.93,210.0,23,25,15,-2,66.0,139.0,39.0,3.0,4.0,-1.0,T1,,15,PRX,,17,0,VCT Emea
0,Haven,Meteor,T1,Cypher,0.65,173.0,18,26,6,-8,72.0,121.0,23.0,0.0,4.0,-4.0,T1,,15,PRX,,17,0,VCT Emea
0,Haven,stax,T1,Sova,0.6,121.0,13,25,5,-12,53.0,87.0,29.0,0.0,3.0,-3.0,T1,,15,PRX,,17,0,VCT Emea
0,Haven,something,PRX,Yoru,1.36,284.0,32,24,11,8,81.0,193.0,23.0,4.0,3.0,1.0,T1,,15,PRX,,17,1,VCT Emea
0,Haven,f0rsakeN,PRX,Waylay,1.15,239.0,27,23,11,4,78.0,160.0,26.0,6.0,3.0,3.0,T1,,15,PRX,,17,1,VCT Emea
0,Haven,d4v41,PRX,Vyse,1.12,183.0,20,19,9,1,75.0,127.0,27.0,5.0,2.0,3.0,T1,,15,PRX,,17,1,VCT Emea
0,Haven,PatMen,PRX,Fade,1.05,192.0,22,24,15,-2,84.0,138.0,34.0,1.0,1.0,0.0,T1,,15,PRX,,17,1,VCT Emea
0,Haven,Jinggg,PRX,Omen,1.0,207.0,23,22,11,1,78.0,130.0,44.0,4.0,3.0,1.0,T1,,15,PRX,,17,1,VCT Emea
2,Lotus,DH,T1,Omen,1.1,226.0,21,19,10,2,69.0,150.0,42.0,1.0,2.0,-1.0,T1,,12,PRX,,14,0,VCT Emea
2,Lotus,BuZz,T1,Yoru,0.99,218.0,19,20,2,-1,65.0,129.0,21.0,6.0,3.0,3.0,T1,,12,PRX,,14,0,VCT Emea
2,Lotus,stax,T1,Fade,0.92,183.0,18,20,5,-2,50.0,134.0,27.0,0.0,1.0,-1.0,T1,,12,PRX,,14,0,VCT Emea
2,Lotus,Meteor,T1,Vyse,0.9,172.0,14,18,5,-4,54.0,122.0,41.0,2.0,3.0,-1.0,T1,,12,PRX,,14,0,VCT Emea
2,Lotus,iZu,T1,Neon,0.47,139.0,13,22,2,-9,46.0,87.0,14.0,3.0,5.0,-2.0,T1,,12,PRX,,14,0,VCT Emea
2,Lotus,d4v41,PRX,Vyse,1.43,300.0,29,17,4,12,77.0,200.0,28.0,3.0,2.0,1.0,T1,,12,PRX,,14,1,VCT Emea
2,Lotus,Jinggg,PRX,Raze,1.31,222.0,21,15,5,6,77.0,151.0,18.0,2.0,2.0,0.0,T1,,12,PRX,,14,1,VCT Emea
2,Lotus,something,PRX,Yoru,1.12,216.0,20,16,4,4,73.0,153.0,26.0,2.0,1.0,1.0,T1,,12,PRX,,14,1,VCT Emea
2,Lotus,f0rsakeN,PRX,Omen,1.03,223.0,19,18,10,1,77.0,139.0,31.0,6.0,5.0,1.0,T1,,12,PRX,,14,1,VCT Emea
2,Lotus,PatMen,PRX,Fade,0.66,128.0,10,19,12,-9,62.0,86.0,22.0,1.0,2.0,-1.0,T1,,12,PRX,,14,1,VCT Emea
0,Haven,Xdll,ZETA,Sova,0.55,128.0,6,13,2,-7,36.0,81.0,50.0,0.0,1.0,-1.0,ZETA,,1,DFM,,13,0,VCT Emea
0,Haven,TenTen,ZETA,Neon,0.5,138.0,6,13,3,-7,71.0,88.0,12.0,3.0,3.0,0.0,ZETA,,1,DFM,,13,0,VCT Emea
0,Haven,Dep,ZETA,Viper,0.43,141.0,6,13,1,-7,36.0,99.0,62.0,1.0,3.0,-2.0,ZETA,,1,DFM,,13,0,VCT Emea
0,Haven,CLZ,ZETA,Killjoy,0.37,72.0,3,12,1,-9,50.0,67.0,53.0,1.0,0.0,1.0,ZETA,,1,DFM,,13,0,VCT Emea
0,Haven,SugarZ3ro,ZETA,Omen,0.29,92.0,4,14,3,-10,43.0,53.0,13.0,0.0,2.0,-2.0,ZETA,,1,DFM,,13,0,VCT Emea
0,Haven,Jinboong,DFM,Cypher,2.42,371.0,20,2,2,18,100.0,236.0,31.0,2.0,0.0,2.0,ZETA,,1,DFM,,13,1,VCT Emea
0,Haven,Meiy,DFM,Yoru,1.57,283.0,13,7,8,6,93.0,201.0,18.0,2.0,1.0,1.0,ZETA,,1,DFM,,13,1,VCT Emea
0,Haven,Akame,DFM,Iso,1.5,272.0,16,6,4,10,86.0,191.0,31.0,1.0,3.0,-2.0,ZETA,,1,DFM,,13,1,VCT Emea
0,Haven,gyen,DFM,Omen,1.17,114.0,5,4,9,1,86.0,74.0,31.0,0.0,1.0,-1.0,ZETA,,1,DFM,,13,1,VCT Emea
0,Haven,SSeeS,DFM,Sova,1.06,176.0,11,6,1,5,79.0,85.0,17.0,4.0,0.0,4.0,ZETA,,1,DFM,,13,1,VCT Emea
2,Lotus,TenTen,ZETA,Raze,1.85,304.0,18,5,3,13,100.0,219.0,25.0,1.0,1.0,0.0,ZETA,,13,DFM,,1,1,VCT Emea
2,Lotus,Dep,ZETA,Viper,1.51,255.0,13,6,6,7,100.0,161.0,29.0,3.0,0.0,3.0,ZETA,,13,DFM,,1,1,VCT Emea
2,Lotus,CLZ,ZETA,Vyse,1.44,241.0,13,7,6,6,86.0,165.0,52.0,2.0,3.0,-1.0,ZETA,,13,DFM,,1,1,VCT Emea
2,Lotus,Xdll,ZETA,Fade,1.4,205.0,11,5,4,6,86.0,129.0,25.0,2.0,1.0,1.0,ZETA,,13,DFM,,1,1,VCT Emea
2,Lotus,SugarZ3ro,ZETA,Omen,1.1,167.0,9,6,4,3,86.0,93.0,35.0,1.0,0.0,1.0,ZETA,,13,DFM,,1,1,VCT Emea
2,Lotus,Meiy,DFM,Yoru,0.73,196.0,8,14,2,-6,43.0,121.0,35.0,1.0,0.0,1.0,ZETA,,13,DFM,,1,0,VCT Emea
2,Lotus,Akame,DFM,Raze,0.72,183.0,9,13,2,-4,71.0,129.0,45.0,2.0,3.0,-1.0,ZETA,,13,DFM,,1,0,VCT Emea
2,Lotus,gyen,DFM,Omen,0.48,110.0,5,12,3,-7,64.0,67.0,25.0,1.0,1.0,0.0,ZETA,,13,DFM,,1,0,VCT Emea
2,Lotus,SSeeS,DFM,Fade,0.34,87.0,3,12,3,-9,43.0,59.0,18.0,1.0,3.0,-2.0,ZETA,,13,DFM,,1,0,VCT Emea
2,Lotus,Jinboong,DFM,Vyse,0.33,102.0,4,13,3,-9,50.0,76.0,26.0,0.0,2.0,-2.0,ZETA,,13,DFM,,1,0,VCT Emea
3,Icebox,SugarZ3ro,ZETA,Viper,1.15,233.0,17,17,5,0,65.0,159.0,44.0,0.0,1.0,-1.0,ZETA,,7,DFM,,13,0,VCT Emea
3,Icebox,Xdll,ZETA,Sage,0.81,154.0,11,16,7,-5,50.0,85.0,25.0,4.0,3.0,1.0,ZETA,,7,DFM,,13,0,VCT Emea
3,Icebox,Dep,ZETA,Killjoy,0.63,193.0,12,20,2,-8,70.0,136.0,33.0,2.0,1.0,1.0,ZETA,,7,DFM,,13,0,VCT Emea
3,Icebox,TenTen,ZETA,Omen,0.57,164.0,11,18,3,-7,45.0,104.0,28.0,0.0,3.0,-3.0,ZETA,,7,DFM,,13,0,VCT Emea
3,Icebox,CLZ,ZETA,Sova,0.55,121.0,9,16,0,-7,35.0,77.0,30.0,3.0,3.0,0.0,ZETA,,7,DFM,,13,0,VCT Emea
3,Icebox,Meiy,DFM,Jett,2.23,509.0,39,11,1,28,85.0,302.0,50.0,3.0,1.0,2.0,ZETA,,7,DFM,,13,1,VCT Emea
3,Icebox,Akame,DFM,Harbor,1.46,269.0,19,12,10,7,85.0,173.0,25.0,2.0,2.0,0.0,ZETA,,7,DFM,,13,1,VCT Emea
3,Icebox,gyen,DFM,Viper,1.03,167.0,11,10,6,1,80.0,106.0,25.0,4.0,2.0,2.0,ZETA,,7,DFM,,13,1,VCT Emea
3,Icebox,Jinboong,DFM,Killjoy,0.91,172.0,12,12,4,0,80.0,129.0,26.0,2.0,0.0,2.0,ZETA,,7,DFM,,13,1,VCT Emea
3,Icebox,SSeeS,DFM,Sova,0.37,101.0,6,15,6,-9,60.0,70.0,21.0,0.0,4.0,-4.0,ZETA,,7,DFM,,13,1,VCT Emea
0,Haven,d4v41,PRX,Vyse,1.73,329.0,26,11,4,15,80.0,215.0,38.0,3.0,0.0,3.0,PRX,,13,DFM,,7,1,VCT Emea
0,Haven,something,PRX,Yoru,1.45,266.0,20,10,5,10,85.0,155.0,30.0,6.0,2.0,4.0,PRX,,13,DFM,,7,1,VCT Emea
0,Haven,PatMen,PRX,Fade,1.17,207.0,16,11,7,5,65.0,142.0,32.0,2.0,0.0,2.0,PRX,,13,DFM,,7,1,VCT Emea
0,Haven,f0rsakeN,PRX,Waylay,1.06,200.0,16,12,4,4,75.0,142.0,30.0,0.0,3.0,-3.0,PRX,,13,DFM,,7,1,VCT Emea
0,Haven,Jinggg,PRX,Omen,0.78,134.0,8,12,13,-4,95.0,98.0,12.0,2.0,2.0,0.0,PRX,,13,DFM,,7,1,VCT Emea
0,Haven,gyen,DFM,Omen,1.33,250.0,17,15,9,2,70.0,157.0,38.0,1.0,4.0,-3.0,PRX,,13,DFM,,7,0,VCT Emea
0,Haven,Meiy,DFM,Yoru,0.85,178.0,13,17,2,-4,60.0,117.0,33.0,1.0,2.0,-1.0,PRX,,13,DFM,,7,0,VCT Emea
0,Haven,Akame,DFM,Iso,0.78,200.0,13,18,2,-5,50.0,134.0,26.0,2.0,3.0,-1.0,PRX,,13,DFM,,7,0,VCT Emea
0,Haven,Jinboong,DFM,Cypher,0.48,125.0,8,19,0,-11,50.0,81.0,33.0,3.0,2.0,1.0,PRX,,13,DFM,,7,0,VCT Emea
0,Haven,SSeeS,DFM,Sova,0.31,80.0,5,17,5,-12,45.0,56.0,11.0,0.0,2.0,-2.0,PRX,,13,DFM,,7,0,VCT Emea
2,Lotus,Jinggg,PRX,Raze,1.4,306.0,22,13,6,9,80.0,199.0,23.0,3.0,1.0,2.0,PRX,,13,DFM,,7,1,VCT Emea
2,Lotus,d4v41,PRX,Vyse,1.26,196.0,15,10,6,5,80.0,144.0,41.0,2.0,0.0,2.0,PRX,,13,DFM,,7,1,VCT Emea
2,Lotus,something,PRX,Yoru,1.25,202.0,15,9,7,6,95.0,127.0,13.0,1.0,2.0,-1.0,PRX,,13,DFM,,7,1,VCT Emea
2,Lotus,f0rsakeN,PRX,Omen,1.24,225.0,18,12,7,6,75.0,140.0,37.0,5.0,3.0,2.0,PRX,,13,DFM,,7,1,VCT Emea
2,Lotus,PatMen,PRX,Fade,1.01,172.0,12,12,10,0,75.0,112.0,19.0,1.0,2.0,-1.0,PRX,,13,DFM,,7,1,VCT Emea
2,Lotus,Meiy,DFM,Yoru,1.08,221.0,17,16,3,1,70.0,151.0,41.0,1.0,3.0,-2.0,PRX,,13,DFM,,7,0,VCT Emea
2,Lotus,gyen,DFM,Omen,0.95,208.0,14,16,2,-2,65.0,118.0,23.0,3.0,4.0,-1.0,PRX,,13,DFM,,7,0,VCT Emea
2,Lotus,Akame,DFM,Raze,0.82,188.0,11,17,2,-6,70.0,134.0,25.0,3.0,1.0,2.0,PRX,,13,DFM,,7,0,VCT Emea
2,Lotus,SSeeS,DFM,Fade,0.56,132.0,8,16,5,-8,55.0,88.0,30.0,0.0,2.0,-2.0,PRX,,13,DFM,,7,0,VCT Emea
2,Lotus,Jinboong,DFM,Vyse,0.38,103.0,6,17,1,-11,45.0,71.0,27.0,1.0,2.0,-1.0,PRX,,13,DFM,,7,0,VCT Emea
0,Icebox,Killua,TLN,Sova,1.52,255.0,18,10,4,8,89.0,193.0,51.0,1.0,2.0,-1.0,TLN,,13,ZETA,,5,1,VCT Emea
0,Icebox,JitBoyS,TLN,Killjoy,1.44,292.0,19,12,4,7,83.0,196.0,44.0,4.0,0.0,4.0,TLN,,13,ZETA,,5,1,VCT Emea
0,Icebox,primmie,TLN,Sage,1.31,249.0,16,9,6,7,89.0,151.0,39.0,4.0,0.0,4.0,TLN,,13,ZETA,,5,1,VCT Emea
0,Icebox,Crws,TLN,Viper,0.91,176.0,13,12,3,1,61.0,138.0,28.0,2.0,0.0,2.0,TLN,,13,ZETA,,5,1,VCT Emea
0,Icebox,thyy,TLN,Jett,0.61,153.0,11,16,3,-5,83.0,106.0,14.0,3.0,2.0,1.0,TLN,,13,ZETA,,5,1,VCT Emea
0,Icebox,Xdll,ZETA,Sova,1.09,229.0,16,14,0,2,67.0,158.0,55.0,0.0,3.0,-3.0,TLN,,13,ZETA,,5,0,VCT Emea
0,Icebox,Dep,ZETA,Killjoy,1.04,258.0,15,15,3,0,67.0,160.0,36.0,0.0,1.0,-1.0,TLN,,13,ZETA,,5,0,VCT Emea
0,Icebox,SugarZ3ro,ZETA,Viper,0.94,231.0,13,16,6,-3,83.0,152.0,31.0,1.0,2.0,-1.0,TLN,,13,ZETA,,5,0,VCT Emea
0,Icebox,CLZ,ZETA,Omen,0.54,133.0,9,16,3,-7,61.0,80.0,35.0,0.0,1.0,-1.0,TLN,,13,ZETA,,5,0,VCT Emea
0,Icebox,TenTen,ZETA,Jett,0.3,117.0,6,16,3,-10,39.0,77.0,24.0,3.0,7.0,-4.0,TLN,,13,ZETA,,5,0,VCT Emea
2,Bind,Crws,TLN,Fade,1.74,318.0,21,9,9,12,95.0,206.0,46.0,5.0,1.0,4.0,TLN,,13,ZETA,,6,1,VCT Emea
2,Bind,primmie,TLN,Deadlock,1.67,290.0,23,11,4,12,79.0,179.0,45.0,2.0,1.0,1.0,TLN,,13,ZETA,,6,1,VCT Emea
2,Bind,JitBoyS,TLN,Astra,0.98,164.0,11,12,8,-1,95.0,110.0,67.0,2.0,0.0,2.0,TLN,,13,ZETA,,6,1,VCT Emea
2,Bind,Killua,TLN,Gekko,0.76,201.0,15,16,5,-1,89.0,114.0,44.0,1.0,1.0,0.0,TLN,,13,ZETA,,6,1,VCT Emea
2,Bind,thyy,TLN,Raze,0.76,211.0,15,14,3,1,74.0,123.0,17.0,4.0,2.0,2.0,TLN,,13,ZETA,,6,1,VCT Emea
2,Bind,Dep,ZETA,Vyse,1.15,272.0,19,17,3,2,74.0,166.0,42.0,1.0,4.0,-3.0,TLN,,13,ZETA,,6,0,VCT Emea
2,Bind,SugarZ3ro,ZETA,Brimstone,0.95,224.0,14,17,2,-3,37.0,150.0,37.0,0.0,3.0,-3.0,TLN,,13,ZETA,,6,0,VCT Emea
2,Bind,CLZ,ZETA,Deadlock,0.67,157.0,10,17,3,-7,58.0,94.0,41.0,0.0,0.0,0.0,TLN,,13,ZETA,,6,0,VCT Emea
2,Bind,Xdll,ZETA,Skye,0.66,168.0,11,17,4,-6,37.0,108.0,48.0,2.0,2.0,0.0,TLN,,13,ZETA,,6,0,VCT Emea
2,Bind,TenTen,ZETA,Raze,0.55,146.0,8,17,7,-9,53.0,117.0,10.0,2.0,5.0,-3.0,TLN,,13,ZETA,,6,0,VCT Emea
0,Corrode,thyy,TLN,Yoru,1.49,252.0,20,11,3,9,86.0,165.0,41.0,5.0,0.0,5.0,TLN,,13,DFM,,9,1,VCT Emea
0,Corrode,primmie,TLN,Deadlock,1.35,278.0,23,15,5,8,82.0,172.0,38.0,3.0,1.0,2.0,TLN,,13,DFM,,9,1,VCT Emea
0,Corrode,Killua,TLN,Sova,0.99,213.0,15,16,6,-1,82.0,140.0,34.0,4.0,1.0,3.0,TLN,,13,DFM,,9,1,VCT Emea
0,Corrode,JitBoyS,TLN,Cypher,0.93,164.0,15,14,2,1,59.0,118.0,32.0,1.0,5.0,-4.0,TLN,,13,DFM,,9,1,VCT Emea
0,Corrode,Crws,TLN,Omen,0.72,124.0,11,15,5,-4,82.0,88.0,36.0,0.0,2.0,-2.0,TLN,,13,DFM,,9,1,VCT Emea
0,Corrode,Meiy,DFM,Waylay,1.3,266.0,22,17,4,5,68.0,148.0,25.0,3.0,3.0,0.0,TLN,,13,DFM,,9,0,VCT Emea
0,Corrode,Jinboong,DFM,Fade,0.96,227.0,17,19,9,-2,73.0,146.0,28.0,3.0,2.0,1.0,TLN,,13,DFM,,9,0,VCT Emea
0,Corrode,SSeeS,DFM,Omen,0.7,126.0,11,15,1,-4,55.0,77.0,31.0,1.0,3.0,-2.0,TLN,,13,DFM,,9,0,VCT Emea
0,Corrode,gyen,DFM,Viper,0.67,167.0,13,16,3,-3,59.0,104.0,38.0,1.0,3.0,-2.0,TLN,,13,DFM,,9,0,VCT Emea
0,Corrode,Akame,DFM,Yoru,0.49,117.0,8,17,3,-9,59.0,82.0,30.0,1.0,2.0,-1.0,TLN,,13,DFM,,9,0,VCT Emea
2,Icebox,Killua,TLN,Sova,1.18,252.0,20,15,0,5,62.0,166.0,30.0,0.0,3.0,-3.0,TLN,,8,DFM,,13,0,VCT Emea
2,Icebox,thyy,TLN,Jett,0.9,216.0,16,16,0,0,62.0,122.0,25.0,5.0,5.0,0.0,TLN,,8,DFM,,13,0,VCT Emea
2,Icebox,Crws,TLN,Viper,0.73,148.0,10,15,3,-5,62.0,94.0,29.0,1.0,3.0,-2.0,TLN,,8,DFM,,13,0,VCT Emea
2,Icebox,JitBoyS,TLN,Killjoy,0.58,119.0,8,15,2,-7,57.0,80.0,34.0,0.0,3.0,-3.0,TLN,,8,DFM,,13,0,VCT Emea
2,Icebox,primmie,TLN,Sage,0.45,76.0,4,16,12,-12,67.0,45.0,36.0,0.0,1.0,-1.0,TLN,,8,DFM,,13,0,VCT Emea
2,Icebox,Meiy,DFM,Jett,1.52,237.0,19,9,1,10,86.0,153.0,20.0,6.0,3.0,3.0,TLN,,8,DFM,,13,1,VCT Emea
2,Icebox,gyen,DFM,Viper,1.24,233.0,18,12,1,6,67.0,159.0,33.0,5.0,1.0,4.0,TLN,,8,DFM,,13,1,VCT Emea
2,Icebox,Akame,DFM,Harbor,1.18,269.0,18,14,6,4,81.0,161.0,27.0,1.0,1.0,0.0,TLN,,8,DFM,,13,1,VCT Emea
2,Icebox,Jinboong,DFM,Killjoy,0.94,177.0,12,13,4,-1,67.0,122.0,30.0,2.0,0.0,2.0,TLN,,8,DFM,,13,1,VCT Emea
2,Icebox,SSeeS,DFM,Sova,0.9,120.0,10,10,3,0,71.0,81.0,33.0,1.0,1.0,0.0,TLN,,8,DFM,,13,1,VCT Emea
3,Sunset,primmie,TLN,Deadlock,1.21,192.0,16,14,1,2,68.0,121.0,64.0,0.0,1.0,-1.0,TLN,,9,DFM,,13,0,VCT Emea
3,Sunset,Killua,TLN,Sova,1.19,218.0,17,16,1,1,59.0,153.0,71.0,1.0,1.0,0.0,TLN,,9,DFM,,13,0,VCT Emea
3,Sunset,JitBoyS,TLN,Viper,0.71,141.0,12,17,3,-5,55.0,90.0,41.0,1.0,6.0,-5.0,TLN,,9,DFM,,13,0,VCT Emea
3,Sunset,thyy,TLN,Neon,0.58,159.0,10,20,5,-10,59.0,105.0,19.0,2.0,5.0,-3.0,TLN,,9,DFM,,13,0,VCT Emea
3,Sunset,Crws,TLN,Omen,0.5,157.0,11,20,6,-9,59.0,91.0,11.0,3.0,2.0,1.0,TLN,,9,DFM,,13,0,VCT Emea
3,Sunset,Akame,DFM,Omen,1.39,292.0,23,15,8,8,91.0,173.0,41.0,5.0,0.0,5.0,TLN,,9,DFM,,13,1,VCT Emea
3,Sunset,Meiy,DFM,Neon,1.37,303.0,25,14,5,11,82.0,214.0,28.0,4.0,2.0,2.0,TLN,,9,DFM,,13,1,VCT Emea
3,Sunset,Jinboong,DFM,Deadlock,1.05,171.0,14,11,5,3,91.0,101.0,32.0,2.0,2.0,0.0,TLN,,9,DFM,,13,1,VCT Emea
3,Sunset,gyen,DFM,Viper,0.87,186.0,13,14,4,-1,73.0,124.0,48.0,4.0,2.0,2.0,TLN,,9,DFM,,13,1,VCT Emea
3,Sunset,SSeeS,DFM,Sova,0.83,128.0,12,12,2,0,68.0,78.0,50.0,0.0,1.0,-1.0,TLN,,9,DFM,,13,1,VCT Emea
0,Corrode,DH,T1,Omen,1.34,254.0,20,12,14,8,86.0,144.0,47.0,2.0,1.0,1.0,T1,,13,ZETA,,8,1,VCT Emea
0,Corrode,iZu,T1,Yoru,1.27,295.0,20,14,9,6,81.0,189.0,25.0,4.0,2.0,2.0,T1,,13,ZETA,,8,1,VCT Emea
0,Corrode,Meteor,T1,Astra,1.23,257.0,19,13,7,6,81.0,154.0,32.0,3.0,3.0,0.0,T1,,13,ZETA,,8,1,VCT Emea
0,Corrode,BuZz,T1,Chamber,1.18,219.0,17,11,3,6,62.0,142.0,13.0,3.0,3.0,0.0,T1,,13,ZETA,,8,1,VCT Emea
0,Corrode,stax,T1,Fade,0.78,116.0,10,12,4,-2,57.0,98.0,37.0,0.0,0.0,0.0,T1,,13,ZETA,,8,1,VCT Emea
0,Corrode,Dep,ZETA,Viper,1.55,287.0,22,16,6,6,81.0,182.0,48.0,3.0,2.0,1.0,T1,,13,ZETA,,8,0,VCT Emea
0,Corrode,SugarZ3ro,ZETA,Omen,0.83,184.0,12,17,6,-5,52.0,117.0,35.0,2.0,1.0,1.0,T1,,13,ZETA,,8,0,VCT Emea
0,Corrode,CLZ,ZETA,Deadlock,0.73,128.0,9,17,3,-8,57.0,91.0,24.0,2.0,1.0,1.0,T1,,13,ZETA,,8,0,VCT Emea
0,Corrode,TenTen,ZETA,Yoru,0.71,171.0,13,17,3,-4,52.0,107.0,14.0,2.0,7.0,-5.0,T1,,13,ZETA,,8,0,VCT Emea
0,Corrode,Xdll,ZETA,Sova,0.34,93.0,6,19,3,-13,48.0,72.0,12.0,0.0,1.0,-1.0,T1,,13,ZETA,,8,0,VCT Emea
2,Sunset,stax,T1,Sova,1.77,295.0,21,10,7,11,79.0,196.0,39.0,0.0,1.0,-1.0,T1,,13,ZETA,,6,1,VCT Emea
2,Sunset,DH,T1,Omen,1.18,226.0,16,13,5,3,68.0,149.0,44.0,1.0,3.0,-2.0,T1,,13,ZETA,,6,1,VCT Emea
2,Sunset,iZu,T1,Neon,1.03,265.0,17,15,5,2,79.0,164.0,27.0,4.0,1.0,3.0,T1,,13,ZETA,,6,1,VCT Emea
2,Sunset,Meteor,T1,Cypher,0.87,153.0,12,13,4,-1,79.0,104.0,30.0,2.0,1.0,1.0,T1,,13,ZETA,,6,1,VCT Emea
2,Sunset,BuZz,T1,Yoru,0.48,131.0,8,16,2,-8,84.0,83.0,16.0,2.0,4.0,-2.0,T1,,13,ZETA,,6,1,VCT Emea
2,Sunset,SugarZ3ro,ZETA,Omen,1.14,235.0,15,13,5,2,63.0,153.0,21.0,2.0,0.0,2.0,T1,,13,ZETA,,6,0,VCT Emea
2,Sunset,Dep,ZETA,Viper,1.06,212.0,13,15,5,-2,63.0,151.0,23.0,3.0,3.0,0.0,T1,,13,ZETA,,6,0,VCT Emea
2,Sunset,CLZ,ZETA,Cypher,0.87,212.0,15,15,5,0,84.0,132.0,42.0,1.0,0.0,1.0,T1,,13,ZETA,,6,0,VCT Emea
2,Sunset,Xdll,ZETA,Sova,0.72,162.0,11,15,3,-4,63.0,102.0,27.0,2.0,0.0,2.0,T1,,13,ZETA,,6,0,VCT Emea
2,Sunset,TenTen,ZETA,Neon,0.67,174.0,13,17,4,-4,74.0,99.0,14.0,2.0,6.0,-4.0,T1,,13,ZETA,,6,0,VCT Emea
0,Bind,dos9,BME,Brimstone,1.18,199.0,14,13,13,1,86.0,130.0,25.0,0.0,0.0,0.0,BME,,8,PRX,,13,0,VCT Emea
0,Bind,BerserX,BME,Viper,1.08,217.0,17,15,4,2,67.0,139.0,33.0,4.0,2.0,2.0,BME,,8,PRX,,13,0,VCT Emea
0,Bind,NcSlasher,BME,Fade,1.05,225.0,17,15,9,2,81.0,139.0,26.0,4.0,3.0,1.0,BME,,8,PRX,,13,0,VCT Emea
0,Bind,Famouz,BME,Raze,0.76,196.0,14,18,3,-4,76.0,131.0,12.0,2.0,2.0,0.0,BME,,8,PRX,,13,0,VCT Emea
0,Bind,Shiro,BME,Kayo,0.75,174.0,13,17,10,-4,81.0,114.0,23.0,2.0,2.0,0.0,BME,,8,PRX,,13,0,VCT Emea
0,Bind,something,PRX,Yoru,1.22,195.0,16,12,3,4,76.0,134.0,35.0,2.0,1.0,1.0,BME,,8,PRX,,13,1,VCT Emea
0,Bind,PatMen,PRX,Fade,1.14,223.0,18,15,7,3,86.0,142.0,42.0,0.0,0.0,0.0,BME,,8,PRX,,13,1,VCT Emea
0,Bind,f0rsakeN,PRX,Brimstone,1.09,206.0,14,16,14,-2,76.0,144.0,18.0,0.0,4.0,-4.0,BME,,8,PRX,,13,1,VCT Emea
0,Bind,Jinggg,PRX,Raze,1.03,240.0,19,17,0,2,76.0,144.0,26.0,3.0,4.0,-1.0,BME,,8,PRX,,13,1,VCT Emea
0,Bind,d4v41,PRX,Viper,0.74,162.0,11,15,6,-4,67.0,117.0,15.0,4.0,3.0,1.0,BME,,8,PRX,,13,1,VCT Emea
2,Lotus,Shiro,BME,Viper,1.09,228.0,19,18,6,1,83.0,144.0,31.0,3.0,1.0,2.0,BME,,10,PRX,,13,0,VCT Emea
2,Lotus,BerserX,BME,Killjoy,1.08,219.0,18,17,2,1,70.0,147.0,24.0,1.0,1.0,0.0,BME,,10,PRX,,13,0,VCT Emea
2,Lotus,Famouz,BME,Raze,1.07,229.0,17,18,7,-1,70.0,143.0,18.0,4.0,5.0,-1.0,BME,,10,PRX,,13,0,VCT Emea
2,Lotus,dos9,BME,Omen,0.92,182.0,15,16,10,-1,83.0,106.0,36.0,1.0,4.0,-3.0,BME,,10,PRX,,13,0,VCT Emea
2,Lotus,NcSlasher,BME,Fade,0.64,138.0,12,18,5,-6,52.0,87.0,22.0,0.0,3.0,-3.0,BME,,10,PRX,,13,0,VCT Emea
2,Lotus,something,PRX,Yoru,1.31,248.0,20,15,4,5,83.0,175.0,26.0,7.0,2.0,5.0,BME,,10,PRX,,13,1,VCT Emea
2,Lotus,f0rsakeN,PRX,Omen,1.25,240.0,21,17,10,4,74.0,145.0,43.0,1.0,2.0,-1.0,BME,,10,PRX,,13,1,VCT Emea
2,Lotus,d4v41,PRX,Vyse,1.0,219.0,18,16,5,2,70.0,142.0,30.0,3.0,1.0,2.0,BME,,10,PRX,,13,1,VCT Emea
2,Lotus,PatMen,PRX,Fade,0.83,144.0,13,15,5,-2,70.0,97.0,15.0,1.0,1.0,0.0,BME,,10,PRX,,13,1,VCT Emea
2,Lotus,Jinggg,PRX,Raze,0.71,205.0,15,19,5,-4,61.0,142.0,27.0,2.0,3.0,-1.0,BME,,10,PRX,,13,1,VCT Emea
0,Corrode,Killua,TLN,Sova,1.34,271.0,25,15,1,10,91.0,154.0,50.0,2.0,0.0,2.0,TLN,,13,T1,,10,1,VCT Emea
0,Corrode,primmie,TLN,Deadlock,1.17,187.0,16,14,6,2,78.0,137.0,53.0,0.0,1.0,-1.0,TLN,,13,T1,,10,1,VCT Emea
0,Corrode,thyy,TLN,Yoru,1.02,232.0,18,17,4,1,74.0,138.0,29.0,8.0,4.0,4.0,TLN,,13,T1,,10,1,VCT Emea
0,Corrode,JitBoyS,TLN,Cypher,0.95,172.0,15,14,3,1,74.0,120.0,36.0,1.0,4.0,-3.0,TLN,,13,T1,,10,1,VCT Emea
0,Corrode,Crws,TLN,Omen,0.71,139.0,10,16,12,-6,70.0,104.0,25.0,1.0,2.0,-1.0,TLN,,13,T1,,10,1,VCT Emea
0,Corrode,DH,T1,Omen,1.21,219.0,18,17,10,1,87.0,134.0,34.0,2.0,1.0,1.0,TLN,,13,T1,,10,0,VCT Emea
0,Corrode,Meteor,T1,Astra,1.13,264.0,23,17,6,6,70.0,142.0,32.0,3.0,2.0,1.0,TLN,,13,T1,,10,0,VCT Emea
0,Corrode,BuZz,T1,Chamber,0.83,172.0,13,17,4,-4,65.0,115.0,7.0,5.0,5.0,0.0,TLN,,13,T1,,10,0,VCT Emea
0,Corrode,stax,T1,Fade,0.76,121.0,9,16,7,-7,65.0,88.0,40.0,0.0,1.0,-1.0,TLN,,13,T1,,10,0,VCT Emea
0,Corrode,iZu,T1,Yoru,0.65,146.0,13,17,3,-4,57.0,93.0,30.0,1.0,3.0,-2.0,TLN,,13,T1,,10,0,VCT Emea
2,Lotus,thyy,TLN,Raze,1.63,323.0,24,13,4,11,84.0,201.0,29.0,4.0,1.0,3.0,TLN,,13,T1,,6,1,VCT Emea
2,Lotus,primmie,TLN,Yoru,1.39,258.0,18,11,2,7,79.0,168.0,38.0,5.0,2.0,3.0,TLN,,13,T1,,6,1,VCT Emea
2,Lotus,Killua,TLN,Fade,0.98,202.0,15,14,5,1,84.0,131.0,34.0,1.0,2.0,-1.0,TLN,,13,T1,,6,1,VCT Emea
2,Lotus,Crws,TLN,Omen,0.96,160.0,10,12,10,-2,84.0,102.0,24.0,2.0,0.0,2.0,TLN,,13,T1,,6,1,VCT Emea
2,Lotus,JitBoyS,TLN,Vyse,0.76,174.0,11,16,8,-5,84.0,117.0,30.0,1.0,1.0,0.0,TLN,,13,T1,,6,1,VCT Emea
2,Lotus,DH,T1,Omen,1.27,242.0,17,14,7,3,84.0,140.0,39.0,1.0,3.0,-2.0,TLN,,13,T1,,6,0,VCT Emea
2,Lotus,BuZz,T1,Yoru,0.95,206.0,13,14,4,-1,68.0,128.0,12.0,2.0,3.0,-1.0,TLN,,13,T1,,6,0,VCT Emea
2,Lotus,Meteor,T1,Viper,0.9,233.0,13,17,11,-4,79.0,147.0,33.0,2.0,1.0,1.0,TLN,,13,T1,,6,0,VCT Emea
2,Lotus,iZu,T1,Neon,0.8,207.0,15,16,4,-1,68.0,112.0,30.0,0.0,5.0,-5.0,TLN,,13,T1,,6,0,VCT Emea
2,Lotus,stax,T1,Fade,0.4,133.0,8,17,5,-9,79.0,90.0,19.0,1.0,1.0,0.0,TLN,,13,T1,,6,0,VCT Emea
0,Lotus,Shiro,BME,Viper,1.3,215.0,18,15,12,3,70.0,155.0,35.0,2.0,5.0,-3.0,BME,,10,DFM,,13,0,VCT Emea
0,Lotus,BerserX,BME,Killjoy,1.25,270.0,24,16,1,8,74.0,155.0,22.0,4.0,2.0,2.0,BME,,10,DFM,,13,0,VCT Emea
0,Lotus,dos9,BME,Omen,0.9,152.0,12,16,8,-4,70.0,95.0,28.0,0.0,2.0,-2.0,BME,,10,DFM,,13,0,VCT Emea
0,Lotus,Famouz,BME,Raze,0.85,188.0,14,18,4,-4,61.0,131.0,14.0,4.0,1.0,3.0,BME,,10,DFM,,13,0,VCT Emea
0,Lotus,NcSlasher,BME,Fade,0.61,119.0,10,18,7,-8,70.0,74.0,28.0,1.0,2.0,-1.0,BME,,10,DFM,,13,0,VCT Emea
0,Lotus,gyen,DFM,Viper,1.26,208.0,18,13,2,5,70.0,141.0,46.0,2.0,1.0,1.0,BME,,10,DFM,,13,1,VCT Emea
0,Lotus,Meiy,DFM,Yoru,1.17,289.0,24,19,7,5,78.0,165.0,25.0,6.0,2.0,4.0,BME,,10,DFM,,13,1,VCT Emea
0,Lotus,Akame,DFM,Raze,0.91,234.0,18,18,5,0,70.0,156.0,25.0,3.0,4.0,-1.0,BME,,10,DFM,,13,1,VCT Emea
0,Lotus,SSeeS,DFM,Omen,0.82,105.0,10,12,8,-2,74.0,73.0,45.0,0.0,3.0,-3.0,BME,,10,DFM,,13,1,VCT Emea
0,Lotus,Jinboong,DFM,Fade,0.76,165.0,13,16,6,-3,74.0,110.0,38.0,1.0,1.0,0.0,BME,,10,DFM,,13,1,VCT Emea
2,Corrode,dos9,BME,Omen,1.08,213.0,11,12,4,-1,73.0,134.0,32.0,0.0,1.0,-1.0,BME,,2,DFM,,13,0,VCT Emea
2,Corrode,BerserX,BME,Vyse,0.98,215.0,10,12,6,-2,80.0,132.0,26.0,4.0,0.0,4.0,BME,,2,DFM,,13,0,VCT Emea
2,Corrode,Famouz,BME,Neon,0.92,220.0,12,13,0,-1,60.0,135.0,41.0,3.0,0.0,3.0,BME,,2,DFM,,13,0,VCT Emea
2,Corrode,Shiro,BME,Viper,0.55,143.0,6,13,3,-7,47.0,109.0,24.0,1.0,4.0,-3.0,BME,,2,DFM,,13,0,VCT Emea
2,Corrode,NcSlasher,BME,Fade,0.02,51.0,2,15,0,-13,33.0,36.0,18.0,1.0,1.0,0.0,BME,,2,DFM,,13,0,VCT Emea
2,Corrode,gyen,DFM,Viper,1.59,276.0,16,7,4,9,87.0,166.0,23.0,0.0,2.0,-2.0,BME,,2,DFM,,13,1,VCT Emea
2,Corrode,Jinboong,DFM,Fade,1.55,236.0,13,6,4,7,80.0,138.0,52.0,1.0,2.0,-1.0,BME,,2,DFM,,13,1,VCT Emea
2,Corrode,Meiy,DFM,Waylay,1.54,320.0,19,10,1,9,87.0,190.0,50.0,3.0,1.0,2.0,BME,,2,DFM,,13,1,VCT Emea
2,Corrode,SSeeS,DFM,Omen,0.88,147.0,7,8,6,-1,80.0,117.0,47.0,1.0,2.0,-1.0,BME,,2,DFM,,13,1,VCT Emea
2,Corrode,Akame,DFM,Yoru,0.85,185.0,10,10,4,0,80.0,146.0,30.0,1.0,2.0,-1.0,BME,,2,DFM,,13,1,VCT Emea
0,Lotus,d4v41,PRX,Vyse,1.23,253.0,19,16,6,3,55.0,167.0,30.0,2.0,1.0,1.0,PRX,,9,ZETA,,13,0,VCT Emea
0,Lotus,Jinggg,PRX,Raze,1.01,217.0,15,16,1,-1,59.0,147.0,16.0,1.0,3.0,-2.0,PRX,,9,ZETA,,13,0,VCT Emea
0,Lotus,something,PRX,Yoru,0.69,152.0,12,18,2,-6,50.0,101.0,52.0,1.0,2.0,-1.0,PRX,,9,ZETA,,13,0,VCT Emea
0,Lotus,f0rsakeN,PRX,Omen,0.58,153.0,11,19,8,-8,73.0,106.0,35.0,4.0,6.0,-2.0,PRX,,9,ZETA,,13,0,VCT Emea
0,Lotus,PatMen,PRX,Fade,0.48,136.0,10,18,7,-8,64.0,99.0,35.0,0.0,2.0,-2.0,PRX,,9,ZETA,,13,0,VCT Emea
0,Lotus,CLZ,ZETA,Vyse,1.51,241.0,22,11,2,11,77.0,171.0,36.0,3.0,0.0,3.0,PRX,,9,ZETA,,13,1,VCT Emea
0,Lotus,SugarZ3ro,ZETA,Omen,1.4,296.0,23,15,15,8,86.0,177.0,33.0,3.0,0.0,3.0,PRX,,9,ZETA,,13,1,VCT Emea
0,Lotus,Xdll,ZETA,Fade,1.36,217.0,17,13,11,4,82.0,117.0,25.0,2.0,0.0,2.0,PRX,,9,ZETA,,13,1,VCT Emea
0,Lotus,Dep,ZETA,Viper,1.02,153.0,13,12,8,1,77.0,114.0,25.0,1.0,2.0,-1.0,PRX,,9,ZETA,,13,1,VCT Emea
0,Lotus,TenTen,ZETA,Raze,0.74,181.0,12,16,5,-4,73.0,127.0,23.0,5.0,6.0,-1.0,PRX,,9,ZETA,,13,1,VCT Emea
2,Sunset,Jinggg,PRX,Raze,1.37,301.0,21,15,6,6,90.0,193.0,21.0,3.0,1.0,2.0,PRX,,7,ZETA,,13,0,VCT Emea
2,Sunset,something,PRX,Sova,1.24,210.0,16,14,4,2,70.0,163.0,24.0,0.0,0.0,0.0,PRX,,7,ZETA,,13,0,VCT Emea
2,Sunset,PatMen,PRX,Viper,0.97,221.0,16,16,0,0,70.0,142.0,31.0,3.0,2.0,1.0,PRX,,7,ZETA,,13,0,VCT Emea
2,Sunset,f0rsakeN,PRX,Omen,0.55,151.0,10,17,6,-7,80.0,110.0,27.0,1.0,6.0,-5.0,PRX,,7,ZETA,,13,0,VCT Emea
2,Sunset,d4v41,PRX,Sage,0.29,125.0,7,18,7,-11,80.0,89.0,9.0,2.0,2.0,0.0,PRX,,7,ZETA,,13,0,VCT Emea
2,Sunset,Dep,ZETA,Viper,1.51,267.0,19,11,4,8,80.0,177.0,30.0,5.0,1.0,4.0,PRX,,7,ZETA,,13,1,VCT Emea
2,Sunset,CLZ,ZETA,Cypher,1.33,246.0,17,14,7,3,80.0,161.0,26.0,2.0,1.0,1.0,PRX,,7,ZETA,,13,1,VCT Emea
2,Sunset,SugarZ3ro,ZETA,Omen,1.16,220.0,18,16,9,2,75.0,138.0,32.0,1.0,1.0,0.0,PRX,,7,ZETA,,13,1,VCT Emea
2,Sunset,Xdll,ZETA,Sova,1.09,199.0,15,13,5,2,80.0,136.0,38.0,2.0,2.0,0.0,PRX,,7,ZETA,,13,1,VCT Emea
2,Sunset,TenTen,ZETA,Neon,0.59,155.0,11,16,7,-5,60.0,102.0,12.0,1.0,4.0,-3.0,PRX,,7,ZETA,,13,1,VCT Emea
0,Bind,thyy,TLN,Raze,1.22,262.0,22,17,4,5,71.0,160.0,20.0,4.0,3.0,1.0,TLN,,11,PRX,,13,0,VCT Emea
0,Bind,Killua,TLN,Gekko,1.18,205.0,17,15,4,2,75.0,134.0,43.0,4.0,1.0,3.0,TLN,,11,PRX,,13,0,VCT Emea
0,Bind,JitBoyS,TLN,Astra,0.99,157.0,14,16,7,-2,58.0,90.0,34.0,1.0,2.0,-1.0,TLN,,11,PRX,,13,0,VCT Emea
0,Bind,primmie,TLN,Deadlock,0.93,204.0,17,18,5,-1,71.0,123.0,34.0,0.0,4.0,-4.0,TLN,,11,PRX,,13,0,VCT Emea
0,Bind,Crws,TLN,Fade,0.42,84.0,5,17,7,-12,63.0,63.0,21.0,1.0,4.0,-3.0,TLN,,11,PRX,,13,0,VCT Emea
0,Bind,d4v41,PRX,Viper,1.46,262.0,22,12,4,10,75.0,160.0,20.0,3.0,1.0,2.0,TLN,,11,PRX,,13,1,VCT Emea
0,Bind,something,PRX,Yoru,1.12,213.0,20,14,4,6,79.0,127.0,22.0,5.0,2.0,3.0,TLN,,11,PRX,,13,1,VCT Emea
0,Bind,Jinggg,PRX,Raze,0.92,201.0,15,17,9,-2,79.0,148.0,16.0,4.0,4.0,0.0,TLN,,11,PRX,,13,1,VCT Emea
0,Bind,f0rsakeN,PRX,Brimstone,0.91,164.0,14,17,14,-3,75.0,99.0,23.0,1.0,1.0,0.0,TLN,,11,PRX,,13,1,VCT Emea
0,Bind,PatMen,PRX,Fade,0.76,149.0,12,15,3,-3,67.0,108.0,30.0,1.0,2.0,-1.0,TLN,,11,PRX,,13,1,VCT Emea
2,Icebox,Crws,TLN,Viper,1.15,242.0,28,21,2,7,70.0,175.0,34.0,1.0,4.0,-3.0,TLN,,14,PRX,,16,0,VCT Emea
2,Icebox,primmie,TLN,Sage,0.99,181.0,20,21,3,-1,67.0,123.0,39.0,0.0,3.0,-3.0,TLN,,14,PRX,,16,0,VCT Emea
2,Icebox,thyy,TLN,Jett,0.8,202.0,20,25,3,-5,53.0,137.0,40.0,2.0,4.0,-2.0,TLN,,14,PRX,,16,0,VCT Emea
2,Icebox,JitBoyS,TLN,Killjoy,0.52,114.0,13,24,2,-11,60.0,76.0,21.0,0.0,3.0,-3.0,TLN,,14,PRX,,16,0,VCT Emea
2,Icebox,Killua,TLN,Sova,0.42,138.0,14,27,5,-13,57.0,99.0,41.0,5.0,8.0,-3.0,TLN,,14,PRX,,16,0,VCT Emea
2,Icebox,something,PRX,Jett,1.44,290.0,32,19,3,13,83.0,168.0,28.0,9.0,1.0,8.0,TLN,,14,PRX,,16,1,VCT Emea
2,Icebox,PatMen,PRX,Viper,1.21,244.0,25,19,9,6,70.0,168.0,32.0,6.0,5.0,1.0,TLN,,14,PRX,,16,1,VCT Emea
2,Icebox,d4v41,PRX,Killjoy,1.19,241.0,26,19,4,7,73.0,174.0,20.0,0.0,1.0,-1.0,TLN,,14,PRX,,16,1,VCT Emea
2,Icebox,Jinggg,PRX,Omen,1.12,195.0,21,20,8,1,70.0,126.0,28.0,3.0,0.0,3.0,TLN,,14,PRX,,16,1,VCT Emea
2,Icebox,f0rsakeN,PRX,Sova,0.85,142.0,14,18,6,-4,63.0,95.0,31.0,4.0,1.0,3.0,TLN,,14,PRX,,16,1,VCT Emea
0,Lotus,dos9,BME,Omen,1.34,250.0,25,17,17,8,75.0,151.0,28.0,1.0,3.0,-2.0,BME,,15,ZETA,,13,1,VCT Emea
0,Lotus,Shiro,BME,Viper,1.14,225.0,21,18,6,3,71.0,145.0,25.0,4.0,4.0,0.0,BME,,15,ZETA,,13,1,VCT Emea
0,Lotus,NcSlasher,BME,Fade,0.98,202.0,19,20,8,-1,68.0,132.0,33.0,1.0,0.0,1.0,BME,,15,ZETA,,13,1,VCT Emea
0,Lotus,Famouz,BME,Raze,0.84,186.0,18,19,2,-1,68.0,116.0,11.0,2.0,5.0,-3.0,BME,,15,ZETA,,13,1,VCT Emea
0,Lotus,BerserX,BME,Killjoy,0.65,140.0,14,19,2,-5,68.0,92.0,19.0,4.0,4.0,0.0,BME,,15,ZETA,,13,1,VCT Emea
0,Lotus,Xdll,ZETA,Fade,1.22,247.0,26,20,3,6,71.0,173.0,54.0,1.0,1.0,0.0,BME,,15,ZETA,,13,0,VCT Emea
0,Lotus,SugarZ3ro,ZETA,Omen,1.11,179.0,17,18,10,-1,82.0,108.0,25.0,4.0,1.0,3.0,BME,,15,ZETA,,13,0,VCT Emea
0,Lotus,CLZ,ZETA,Vyse,0.91,159.0,15,16,7,-1,82.0,108.0,45.0,1.0,0.0,1.0,BME,,15,ZETA,,13,0,VCT Emea
0,Lotus,TenTen,ZETA,Raze,0.85,205.0,18,22,4,-4,61.0,132.0,13.0,4.0,7.0,-3.0,BME,,15,ZETA,,13,0,VCT Emea
0,Lotus,Dep,ZETA,Viper,0.75,179.0,17,21,3,-4,61.0,111.0,32.0,6.0,3.0,3.0,BME,,15,ZETA,,13,0,VCT Emea
2,Corrode,Famouz,BME,Neon,1.08,213.0,17,16,4,1,73.0,139.0,31.0,1.0,1.0,0.0,BME,,9,ZETA,,13,0,VCT Emea
2,Corrode,dos9,BME,Astra,1.01,228.0,18,16,7,2,73.0,141.0,45.0,4.0,3.0,1.0,BME,,9,ZETA,,13,0,VCT Emea
2,Corrode,Shiro,BME,Kayo,0.94,180.0,13,15,8,-2,73.0,121.0,19.0,5.0,1.0,4.0,BME,,9,ZETA,,13,0,VCT Emea
2,Corrode,NcSlasher,BME,Fade,0.9,183.0,13,17,8,-4,64.0,119.0,30.0,2.0,1.0,1.0,BME,,9,ZETA,,13,0,VCT Emea
2,Corrode,BerserX,BME,Viper,0.72,138.0,12,14,1,-2,50.0,79.0,25.0,1.0,3.0,-2.0,BME,,9,ZETA,,13,0,VCT Emea
2,Corrode,Xdll,ZETA,Fade,1.27,235.0,18,15,8,3,77.0,141.0,34.0,2.0,2.0,0.0,BME,,9,ZETA,,13,1,VCT Emea
2,Corrode,SugarZ3ro,ZETA,Omen,1.2,192.0,16,13,8,3,77.0,133.0,33.0,2.0,2.0,0.0,BME,,9,ZETA,,13,1,VCT Emea
2,Corrode,Dep,ZETA,Astra,1.08,181.0,17,14,3,3,82.0,111.0,36.0,4.0,1.0,3.0,BME,,9,ZETA,,13,1,VCT Emea
2,Corrode,TenTen,ZETA,Neon,1.04,278.0,19,17,5,2,73.0,189.0,20.0,1.0,5.0,-4.0,BME,,9,ZETA,,13,1,VCT Emea
2,Corrode,CLZ,ZETA,Vyse,0.63,110.0,8,14,5,-6,64.0,82.0,36.0,0.0,3.0,-3.0,BME,,9,ZETA,,13,1,VCT Emea
3,Ascent,BerserX,BME,Killjoy,1.2,238.0,17,14,2,3,62.0,140.0,25.0,6.0,3.0,3.0,BME,,8,ZETA,,13,0,VCT Emea
3,Ascent,dos9,BME,Omen,0.87,164.0,13,14,4,-1,52.0,103.0,20.0,2.0,1.0,1.0,BME,,8,ZETA,,13,0,VCT Emea
3,Ascent,Famouz,BME,Jett,0.83,200.0,15,15,1,0,62.0,126.0,18.0,4.0,2.0,2.0,BME,,8,ZETA,,13,0,VCT Emea
3,Ascent,NcSlasher,BME,Kayo,0.61,175.0,11,18,11,-7,71.0,128.0,23.0,0.0,1.0,-1.0,BME,,8,ZETA,,13,0,VCT Emea
3,Ascent,Shiro,BME,Sova,0.53,123.0,7,17,7,-10,67.0,88.0,11.0,1.0,1.0,0.0,BME,,8,ZETA,,13,0,VCT Emea
3,Ascent,TenTen,ZETA,Jett,1.73,306.0,22,11,4,11,76.0,206.0,16.0,6.0,1.0,5.0,BME,,8,ZETA,,13,1,VCT Emea
3,Ascent,Dep,ZETA,Chamber,1.27,227.0,17,11,1,6,67.0,144.0,22.0,1.0,3.0,-2.0,BME,,8,ZETA,,13,1,VCT Emea
3,Ascent,Xdll,ZETA,Sova,1.18,197.0,16,13,4,3,81.0,134.0,28.0,1.0,5.0,-4.0,BME,,8,ZETA,,13,1,VCT Emea
3,Ascent,SugarZ3ro,ZETA,Omen,1.07,200.0,15,12,10,3,81.0,128.0,28.0,0.0,2.0,-2.0,BME,,8,ZETA,,13,1,VCT Emea
3,Ascent,CLZ,ZETA,Kayo,0.54,116.0,8,16,12,-8,81.0,72.0,18.0,0.0,2.0,-2.0,BME,,8,ZETA,,13,1,VCT Emea
0,Sunset,DH,T1,Omen,1.43,201.0,14,10,15,4,79.0,141.0,37.0,1.0,1.0,0.0,T1,,13,DFM,,6,1,VCT Emea
0,Sunset,iZu,T1,Neon,1.3,274.0,19,11,1,8,53.0,179.0,28.0,2.0,4.0,-2.0,T1,,13,DFM,,6,1,VCT Emea
0,Sunset,Meteor,T1,Cypher,1.07,223.0,15,13,5,2,79.0,136.0,35.0,3.0,3.0,0.0,T1,,13,DFM,,6,1,VCT Emea
0,Sunset,BuZz,T1,Yoru,0.97,164.0,13,13,2,0,68.0,106.0,28.0,2.0,2.0,0.0,T1,,13,DFM,,6,1,VCT Emea
0,Sunset,stax,T1,Sova,0.8,162.0,11,14,7,-3,74.0,102.0,36.0,0.0,1.0,-1.0,T1,,13,DFM,,6,1,VCT Emea
0,Sunset,gyen,DFM,Viper,1.01,226.0,13,14,6,-1,68.0,146.0,29.0,2.0,2.0,0.0,T1,,13,DFM,,6,0,VCT Emea
0,Sunset,Meiy,DFM,Neon,0.95,246.0,15,16,3,-1,58.0,149.0,20.0,2.0,2.0,0.0,T1,,13,DFM,,6,0,VCT Emea
0,Sunset,Akame,DFM,Omen,0.93,203.0,15,14,6,1,74.0,120.0,29.0,3.0,2.0,1.0,T1,,13,DFM,,6,0,VCT Emea
0,Sunset,Jinboong,DFM,Deadlock,0.71,118.0,9,13,1,-4,53.0,74.0,33.0,2.0,2.0,0.0,T1,,13,DFM,,6,0,VCT Emea
0,Sunset,SSeeS,DFM,Sova,0.68,145.0,9,15,2,-6,74.0,97.0,17.0,2.0,0.0,2.0,T1,,13,DFM,,6,0,VCT Emea
2,Haven,DH,T1,Omen,1.12,148.0,12,12,8,0,77.0,102.0,36.0,0.0,1.0,-1.0,T1,,13,DFM,,9,1,VCT Emea
2,Haven,iZu,T1,Neon,1.02,191.0,14,14,7,0,68.0,135.0,30.0,3.0,2.0,1.0,T1,,13,DFM,,9,1,VCT Emea
2,Haven,BuZz,T1,Yoru,0.97,210.0,17,16,4,1,59.0,130.0,33.0,4.0,2.0,2.0,T1,,13,DFM,,9,1,VCT Emea
2,Haven,stax,T1,Sova,0.96,189.0,15,15,4,0,59.0,125.0,32.0,2.0,3.0,-1.0,T1,,13,DFM,,9,1,VCT Emea
2,Haven,Meteor,T1,Cypher,0.96,184.0,14,15,6,-1,59.0,119.0,13.0,1.0,4.0,-3.0,T1,,13,DFM,,9,1,VCT Emea
2,Haven,Jinboong,DFM,Cypher,1.58,280.0,23,13,5,10,77.0,184.0,47.0,3.0,0.0,3.0,T1,,13,DFM,,9,0,VCT Emea
2,Haven,Meiy,DFM,Yoru,1.27,279.0,21,15,8,6,77.0,179.0,15.0,6.0,1.0,5.0,T1,,13,DFM,,9,0,VCT Emea
2,Haven,gyen,DFM,Omen,0.91,159.0,13,15,8,-2,73.0,105.0,57.0,0.0,0.0,0.0,T1,,13,DFM,,9,0,VCT Emea
2,Haven,SSeeS,DFM,Sova,0.69,118.0,8,14,5,-6,64.0,95.0,11.0,0.0,4.0,-4.0,T1,,13,DFM,,9,0,VCT Emea
2,Haven,Akame,DFM,Iso,0.48,94.0,7,15,2,-8,64.0,56.0,64.0,3.0,5.0,-2.0,T1,,13,DFM,,9,0,VCT Emea
0,Lotus,thyy,TLN,Raze,1.66,379.0,25,11,6,14,89.0,247.0,30.0,3.0,0.0,3.0,TLN,,13,NS,,5,1,VCT Emea
0,Lotus,primmie,TLN,Yoru,1.13,232.0,15,10,5,5,78.0,145.0,42.0,5.0,3.0,2.0,TLN,,13,NS,,5,1,VCT Emea
0,Lotus,Killua,TLN,Fade,1.11,172.0,11,10,12,1,83.0,131.0,27.0,1.0,1.0,0.0,TLN,,13,NS,,5,1,VCT Emea
0,Lotus,Crws,TLN,Omen,1.01,134.0,9,6,6,3,94.0,80.0,34.0,2.0,0.0,2.0,TLN,,13,NS,,5,1,VCT Emea
0,Lotus,JitBoyS,TLN,Vyse,0.94,99.0,7,6,3,1,83.0,62.0,17.0,2.0,0.0,2.0,TLN,,13,NS,,5,1,VCT Emea
0,Lotus,Ivy,NS,Fade,1.04,199.0,12,13,3,-1,56.0,117.0,24.0,1.0,1.0,0.0,TLN,,13,NS,,5,0,VCT Emea
0,Lotus,Dambi,NS,Waylay,0.89,189.0,11,15,3,-4,72.0,122.0,53.0,3.0,1.0,2.0,TLN,,13,NS,,5,0,VCT Emea
0,Lotus,Francis,NS,Breach,0.65,143.0,8,14,6,-6,61.0,87.0,23.0,0.0,3.0,-3.0,TLN,,13,NS,,5,0,VCT Emea
0,Lotus,Rb,NS,Viper,0.52,116.0,7,14,2,-7,44.0,80.0,60.0,0.0,5.0,-5.0,TLN,,13,NS,,5,0,VCT Emea
0,Lotus,Persia,NS,Omen,0.45,82.0,5,11,4,-6,61.0,54.0,33.0,0.0,3.0,-3.0,TLN,,13,NS,,5,0,VCT Emea
2,Corrode,primmie,TLN,Deadlock,1.34,262.0,30,19,4,11,80.0,163.0,36.0,3.0,1.0,2.0,TLN,,16,NS,,14,1,VCT Emea
2,Corrode,Killua,TLN,Sova,1.2,255.0,27,22,8,5,73.0,158.0,51.0,5.0,2.0,3.0,TLN,,16,NS,,14,1,VCT Emea
2,Corrode,JitBoyS,TLN,Cypher,0.99,214.0,23,21,9,2,73.0,139.0,37.0,2.0,0.0,2.0,TLN,,16,NS,,14,1,VCT Emea
2,Corrode,Crws,TLN,Omen,0.94,200.0,17,20,13,-3,60.0,129.0,13.0,5.0,2.0,3.0,TLN,,16,NS,,14,1,VCT Emea
2,Corrode,thyy,TLN,Yoru,0.56,133.0,14,22,7,-8,50.0,90.0,38.0,1.0,9.0,-8.0,TLN,,16,NS,,14,1,VCT Emea
2,Corrode,Persia,NS,Omen,1.31,251.0,27,20,8,7,67.0,164.0,40.0,2.0,4.0,-2.0,TLN,,16,NS,,14,0,VCT Emea
2,Corrode,Rb,NS,Viper,1.01,179.0,20,21,4,-1,63.0,130.0,23.0,5.0,0.0,5.0,TLN,,16,NS,,14,0,VCT Emea
2,Corrode,Francis,NS,Fade,1.0,198.0,20,23,12,-3,67.0,121.0,26.0,3.0,4.0,-1.0,TLN,,16,NS,,14,0,VCT Emea
2,Corrode,Ivy,NS,Deadlock,0.86,177.0,19,23,3,-4,67.0,113.0,25.0,1.0,1.0,0.0,TLN,,16,NS,,14,0,VCT Emea
2,Corrode,Dambi,NS,Neon,0.75,185.0,18,24,8,-6,63.0,116.0,28.0,3.0,7.0,-4.0,TLN,,16,NS,,14,0,VCT Emea
0,Bind,Jemkin,RRQ,Yoru,1.27,282.0,23,17,3,6,68.0,156.0,35.0,5.0,3.0,2.0,RRQ,,9,T1,,13,0,VCT Emea
0,Bind,crazyguy,RRQ,Gekko,1.08,220.0,15,15,6,0,73.0,151.0,57.0,1.0,2.0,-1.0,RRQ,,9,T1,,13,0,VCT Emea
0,Bind,xffero,RRQ,Astra,0.87,149.0,12,15,9,-3,68.0,89.0,38.0,0.0,0.0,0.0,RRQ,,9,T1,,13,0,VCT Emea
0,Bind,Monyet,RRQ,Waylay,0.64,144.0,10,16,6,-6,45.0,91.0,32.0,1.0,5.0,-4.0,RRQ,,9,T1,,13,0,VCT Emea
0,Bind,Kushy,RRQ,Deadlock,0.51,93.0,8,16,1,-8,55.0,63.0,23.0,1.0,4.0,-3.0,RRQ,,9,T1,,13,0,VCT Emea
0,Bind,Meteor,T1,Viper,1.47,301.0,24,14,6,10,82.0,176.0,44.0,4.0,1.0,3.0,RRQ,,9,T1,,13,1,VCT Emea
0,Bind,iZu,T1,Gekko,1.27,216.0,17,12,9,5,86.0,134.0,38.0,2.0,0.0,2.0,RRQ,,9,T1,,13,1,VCT Emea
0,Bind,DH,T1,Brimstone,1.06,178.0,14,13,10,1,68.0,119.0,38.0,1.0,1.0,0.0,RRQ,,9,T1,,13,1,VCT Emea
0,Bind,BuZz,T1,Raze,0.96,211.0,15,17,5,-2,73.0,139.0,19.0,5.0,2.0,3.0,RRQ,,9,T1,,13,1,VCT Emea
0,Bind,stax,T1,Kayo,0.8,116.0,9,12,7,-3,68.0,84.0,35.0,2.0,4.0,-2.0,RRQ,,9,T1,,13,1,VCT Emea
2,Haven,xffero,RRQ,Cypher,1.47,266.0,21,10,3,11,85.0,175.0,37.0,3.0,0.0,3.0,RRQ,,13,T1,,7,1,VCT Emea
2,Haven,Jemkin,RRQ,Yoru,1.31,234.0,18,10,3,8,80.0,154.0,29.0,1.0,3.0,-2.0,RRQ,,13,T1,,7,1,VCT Emea
2,Haven,Kushy,RRQ,Sova,1.29,176.0,13,9,6,4,65.0,113.0,27.0,3.0,2.0,1.0,RRQ,,13,T1,,7,1,VCT Emea
2,Haven,Monyet,RRQ,Neon,1.11,264.0,17,15,7,2,80.0,159.0,23.0,5.0,2.0,3.0,RRQ,,13,T1,,7,1,VCT Emea
2,Haven,crazyguy,RRQ,Omen,0.84,164.0,10,14,16,-4,90.0,92.0,16.0,0.0,1.0,-1.0,RRQ,,13,T1,,7,1,VCT Emea
2,Haven,DH,T1,Omen,1.25,268.0,18,16,8,2,90.0,158.0,47.0,4.0,1.0,3.0,RRQ,,13,T1,,7,0,VCT Emea
2,Haven,iZu,T1,Neon,0.85,199.0,13,15,3,-2,55.0,121.0,26.0,2.0,5.0,-3.0,RRQ,,13,T1,,7,0,VCT Emea
2,Haven,stax,T1,Sova,0.83,160.0,11,14,5,-3,65.0,118.0,29.0,1.0,1.0,0.0,RRQ,,13,T1,,7,0,VCT Emea
2,Haven,BuZz,T1,Yoru,0.53,116.0,8,16,1,-8,55.0,82.0,31.0,0.0,5.0,-5.0,RRQ,,13,T1,,7,0,VCT Emea
2,Haven,Meteor,T1,Cypher,0.51,124.0,8,18,5,-10,45.0,74.0,29.0,1.0,0.0,1.0,RRQ,,13,T1,,7,0,VCT Emea
3,Sunset,Jemkin,RRQ,Waylay,1.12,262.0,19,15,2,4,76.0,153.0,31.0,5.0,3.0,2.0,RRQ,,8,T1,,13,0,VCT Emea
3,Sunset,Monyet,RRQ,Omen,1.03,206.0,16,16,5,0,71.0,125.0,33.0,3.0,3.0,0.0,RRQ,,8,T1,,13,0,VCT Emea
3,Sunset,Kushy,RRQ,Fade,0.95,163.0,12,14,5,-2,67.0,110.0,31.0,0.0,3.0,-3.0,RRQ,,8,T1,,13,0,VCT Emea
3,Sunset,xffero,RRQ,Cypher,0.85,165.0,12,14,5,-2,57.0,120.0,33.0,2.0,0.0,2.0,RRQ,,8,T1,,13,0,VCT Emea
3,Sunset,crazyguy,RRQ,Breach,0.44,142.0,8,19,7,-11,57.0,102.0,28.0,1.0,1.0,0.0,RRQ,,8,T1,,13,0,VCT Emea
3,Sunset,BuZz,T1,Yoru,1.21,247.0,18,15,8,3,71.0,161.0,33.0,4.0,1.0,3.0,RRQ,,8,T1,,13,1,VCT Emea
3,Sunset,stax,T1,Sova,1.19,157.0,13,9,4,4,81.0,111.0,25.0,0.0,1.0,-1.0,RRQ,,8,T1,,13,1,VCT Emea
3,Sunset,Meteor,T1,Cypher,1.17,228.0,17,12,7,5,86.0,152.0,24.0,0.0,3.0,-3.0,RRQ,,8,T1,,13,1,VCT Emea
3,Sunset,iZu,T1,Neon,1.07,220.0,15,15,7,0,62.0,134.0,29.0,5.0,3.0,2.0,RRQ,,8,T1,,13,1,VCT Emea
3,Sunset,DH,T1,Omen,0.94,196.0,15,16,12,-1,86.0,120.0,31.0,1.0,3.0,-2.0,RRQ,,8,T1,,13,1,VCT Emea
0,Lotus,Persia,NS,Omen,1.55,245.0,18,9,8,9,84.0,164.0,33.0,2.0,0.0,2.0,NS,,13,DFM,,6,1,VCT Emea
0,Lotus,Dambi,NS,Neon,1.48,280.0,20,11,7,9,100.0,173.0,17.0,6.0,3.0,3.0,NS,,13,DFM,,6,1,VCT Emea
0,Lotus,Ivy,NS,Deadlock,1.27,156.0,12,6,10,6,79.0,88.0,28.0,1.0,1.0,0.0,NS,,13,DFM,,6,1,VCT Emea
0,Lotus,Francis,NS,Fade,1.23,226.0,17,10,5,7,79.0,145.0,33.0,1.0,1.0,0.0,NS,,13,DFM,,6,1,VCT Emea
0,Lotus,Rb,NS,Viper,0.68,141.0,9,13,1,-4,68.0,98.0,31.0,2.0,2.0,0.0,NS,,13,DFM,,6,1,VCT Emea
0,Lotus,Akame,DFM,Raze,1.03,236.0,14,16,5,-2,68.0,160.0,16.0,3.0,3.0,0.0,NS,,13,DFM,,6,0,VCT Emea
0,Lotus,Meiy,DFM,Yoru,1.01,194.0,12,13,5,-1,68.0,130.0,45.0,3.0,1.0,2.0,NS,,13,DFM,,6,0,VCT Emea
0,Lotus,Jinboong,DFM,Fade,0.54,133.0,8,16,4,-8,63.0,94.0,25.0,0.0,2.0,-2.0,NS,,13,DFM,,6,0,VCT Emea
0,Lotus,gyen,DFM,Viper,0.53,145.0,10,17,1,-7,42.0,96.0,38.0,1.0,4.0,-3.0,NS,,13,DFM,,6,0,VCT Emea
0,Lotus,SSeeS,DFM,Omen,0.41,89.0,5,14,4,-9,47.0,56.0,13.0,0.0,2.0,-2.0,NS,,13,DFM,,6,0,VCT Emea
2,Ascent,Rb,NS,Viper,1.36,230.0,19,12,8,7,74.0,156.0,25.0,2.0,3.0,-1.0,NS,,13,DFM,,10,1,VCT Emea
2,Ascent,Dambi,NS,Neon,1.09,200.0,18,15,8,3,78.0,126.0,16.0,5.0,4.0,1.0,NS,,13,DFM,,10,1,VCT Emea
2,Ascent,Francis,NS,Sova,1.08,197.0,17,15,9,2,78.0,131.0,26.0,0.0,0.0,0.0,NS,,13,DFM,,10,1,VCT Emea
2,Ascent,Persia,NS,Omen,0.96,160.0,12,15,11,-3,83.0,98.0,21.0,1.0,2.0,-1.0,NS,,13,DFM,,10,1,VCT Emea
2,Ascent,Ivy,NS,Killjoy,0.96,167.0,14,15,4,-1,83.0,115.0,27.0,4.0,2.0,2.0,NS,,13,DFM,,10,1,VCT Emea
2,Ascent,gyen,DFM,Omen,1.24,213.0,19,14,11,5,74.0,142.0,33.0,1.0,2.0,-1.0,NS,,13,DFM,,10,0,VCT Emea
2,Ascent,Jinboong,DFM,Killjoy,1.17,236.0,17,16,4,1,61.0,160.0,33.0,1.0,1.0,0.0,NS,,13,DFM,,10,0,VCT Emea
2,Ascent,Meiy,DFM,Jett,0.99,206.0,17,17,3,0,74.0,124.0,23.0,5.0,5.0,0.0,NS,,13,DFM,,10,0,VCT Emea
2,Ascent,SSeeS,DFM,Sova,0.69,161.0,12,16,3,-4,70.0,107.0,22.0,3.0,1.0,2.0,NS,,13,DFM,,10,0,VCT Emea
2,Ascent,Akame,DFM,Kayo,0.49,107.0,7,18,9,-11,65.0,82.0,25.0,1.0,3.0,-2.0,NS,,13,DFM,,10,0,VCT Emea
0,Haven,crazyguy,RRQ,Omen,1.38,224.0,17,13,13,4,74.0,129.0,24.0,2.0,0.0,2.0,RRQ,,10,GEN,,13,0,VCT Emea
0,Haven,Jemkin,RRQ,Yoru,1.13,229.0,18,15,6,3,74.0,134.0,21.0,6.0,5.0,1.0,RRQ,,10,GEN,,13,0,VCT Emea
0,Haven,Monyet,RRQ,Neon,1.0,222.0,16,16,8,0,87.0,141.0,32.0,2.0,4.0,-2.0,RRQ,,10,GEN,,13,0,VCT Emea
0,Haven,Kushy,RRQ,Sova,0.65,105.0,7,16,6,-9,65.0,75.0,20.0,2.0,1.0,1.0,RRQ,,10,GEN,,13,0,VCT Emea
0,Haven,xffero,RRQ,Cypher,0.53,96.0,8,15,1,-7,52.0,58.0,26.0,1.0,0.0,1.0,RRQ,,10,GEN,,13,0,VCT Emea
0,Haven,t3xture,GEN,Neon,1.34,272.0,23,13,3,10,65.0,165.0,31.0,3.0,5.0,-2.0,RRQ,,10,GEN,,13,1,VCT Emea
0,Haven,Foxy9,GEN,Killjoy,1.11,160.0,12,11,2,1,61.0,132.0,27.0,1.0,0.0,1.0,RRQ,,10,GEN,,13,1,VCT Emea
0,Haven,Karon,GEN,Omen,1.06,164.0,14,13,9,1,78.0,95.0,50.0,4.0,1.0,3.0,RRQ,,10,GEN,,13,1,VCT Emea
0,Haven,Munchkin,GEN,Viper,0.94,181.0,14,15,13,-1,70.0,115.0,17.0,1.0,5.0,-4.0,RRQ,,10,GEN,,13,1,VCT Emea
0,Haven,Ash,GEN,Sova,0.92,179.0,12,14,7,-2,74.0,122.0,7.0,1.0,2.0,-1.0,RRQ,,10,GEN,,13,1,VCT Emea
2,Sunset,Jemkin,RRQ,Waylay,1.34,271.0,24,15,4,9,75.0,172.0,45.0,1.0,5.0,-4.0,RRQ,,13,GEN,,11,1,VCT Emea
2,Sunset,crazyguy,RRQ,Breach,1.34,228.0,19,13,8,6,88.0,141.0,59.0,3.0,3.0,0.0,RRQ,,13,GEN,,11,1,VCT Emea
2,Sunset,xffero,RRQ,Cypher,1.14,154.0,14,10,7,4,75.0,100.0,23.0,1.0,1.0,0.0,RRQ,,13,GEN,,11,1,VCT Emea
2,Sunset,Monyet,RRQ,Omen,1.05,202.0,17,14,11,3,75.0,140.0,44.0,1.0,2.0,-1.0,RRQ,,13,GEN,,11,1,VCT Emea
2,Sunset,Kushy,RRQ,Fade,0.59,104.0,10,16,5,-6,79.0,76.0,33.0,0.0,7.0,-7.0,RRQ,,13,GEN,,11,1,VCT Emea
2,Sunset,Karon,GEN,Omen,1.09,151.0,14,13,10,1,63.0,101.0,32.0,0.0,0.0,0.0,RRQ,,13,GEN,,11,0,VCT Emea
2,Sunset,Ash,GEN,Sova,0.87,159.0,13,17,4,-4,58.0,108.0,20.0,1.0,1.0,0.0,RRQ,,13,GEN,,11,0,VCT Emea
2,Sunset,t3xture,GEN,Neon,0.84,202.0,15,20,7,-5,71.0,130.0,25.0,7.0,1.0,6.0,RRQ,,13,GEN,,11,0,VCT Emea
2,Sunset,Munchkin,GEN,Viper,0.83,168.0,12,16,6,-4,58.0,108.0,29.0,7.0,4.0,3.0,RRQ,,13,GEN,,11,0,VCT Emea
2,Sunset,Foxy9,GEN,Deadlock,0.71,156.0,14,18,5,-4,71.0,101.0,48.0,3.0,0.0,3.0,RRQ,,13,GEN,,11,0,VCT Emea
3,Corrode,xffero,RRQ,Viper,1.57,279.0,18,9,6,9,79.0,195.0,35.0,2.0,0.0,2.0,RRQ,,13,GEN,,6,1,VCT Emea
3,Corrode,Monyet,RRQ,Neon,1.27,276.0,19,12,5,7,74.0,178.0,27.0,3.0,2.0,1.0,RRQ,,13,GEN,,6,1,VCT Emea
3,Corrode,Kushy,RRQ,Fade,1.11,223.0,15,12,9,3,74.0,134.0,31.0,0.0,0.0,0.0,RRQ,,13,GEN,,6,1,VCT Emea
3,Corrode,crazyguy,RRQ,Omen,0.97,194.0,14,10,6,4,84.0,126.0,32.0,1.0,2.0,-1.0,RRQ,,13,GEN,,6,1,VCT Emea
3,Corrode,Jemkin,RRQ,Waylay,0.96,209.0,15,12,0,3,68.0,114.0,23.0,5.0,4.0,1.0,RRQ,,13,GEN,,6,1,VCT Emea
3,Corrode,Karon,GEN,Omen,0.88,154.0,10,16,12,-6,68.0,107.0,50.0,0.0,2.0,-2.0,RRQ,,13,GEN,,6,0,VCT Emea
3,Corrode,t3xture,GEN,Neon,0.85,233.0,14,18,4,-4,68.0,153.0,32.0,6.0,5.0,1.0,RRQ,,13,GEN,,6,0,VCT Emea
3,Corrode,Munchkin,GEN,Viper,0.84,170.0,12,15,4,-3,68.0,104.0,28.0,0.0,1.0,-1.0,RRQ,,13,GEN,,6,0,VCT Emea
3,Corrode,Ash,GEN,Fade,0.78,139.0,10,16,5,-6,58.0,85.0,32.0,1.0,2.0,-1.0,RRQ,,13,GEN,,6,0,VCT Emea
3,Corrode,Foxy9,GEN,Sage,0.68,146.0,9,16,6,-7,58.0,97.0,30.0,1.0,1.0,0.0,RRQ,,13,GEN,,6,0,VCT Emea
0,Bind,HYUNMIN,KRX,Raze,1.25,254.0,22,16,1,6,71.0,168.0,29.0,5.0,3.0,2.0,KRX,,13,TLN,,11,1,VCT Emea
0,Bind,free1ng,KRX,Viper,1.21,206.0,17,14,7,3,75.0,126.0,28.0,3.0,1.0,2.0,KRX,,13,TLN,,11,1,VCT Emea
0,Bind,MaKo,KRX,Brimstone,1.1,181.0,14,15,12,-1,71.0,116.0,20.0,1.0,4.0,-3.0,KRX,,13,TLN,,11,1,VCT Emea
0,Bind,Estrella,KRX,Fade,0.98,172.0,13,14,10,-1,67.0,117.0,28.0,1.0,0.0,1.0,KRX,,13,TLN,,11,1,VCT Emea
0,Bind,Flashback,KRX,Vyse,0.8,154.0,13,16,6,-3,75.0,100.0,38.0,4.0,2.0,2.0,KRX,,13,TLN,,11,1,VCT Emea
0,Bind,thyy,TLN,Raze,1.08,229.0,20,16,5,4,83.0,148.0,28.0,2.0,3.0,-1.0,KRX,,13,TLN,,11,0,VCT Emea
0,Bind,JitBoyS,TLN,Astra,1.03,204.0,13,16,15,-3,79.0,143.0,30.0,2.0,0.0,2.0,KRX,,13,TLN,,11,0,VCT Emea
0,Bind,primmie,TLN,Deadlock,0.89,189.0,18,16,2,2,63.0,131.0,44.0,3.0,5.0,-2.0,KRX,,13,TLN,,11,0,VCT Emea
0,Bind,Crws,TLN,Fade,0.84,136.0,11,14,5,-3,71.0,88.0,18.0,2.0,2.0,0.0,KRX,,13,TLN,,11,0,VCT Emea
0,Bind,Killua,TLN,Gekko,0.65,124.0,12,17,4,-5,71.0,83.0,40.0,1.0,4.0,-3.0,KRX,,13,TLN,,11,0,VCT Emea
2,Haven,Flashback,KRX,Vyse,1.42,280.0,23,16,4,7,64.0,180.0,33.0,3.0,2.0,1.0,KRX,,9,TLN,,13,0,VCT Emea
2,Haven,HYUNMIN,KRX,Neon,1.08,225.0,19,16,2,3,73.0,144.0,23.0,3.0,1.0,2.0,KRX,,9,TLN,,13,0,VCT Emea
2,Haven,free1ng,KRX,Viper,0.81,160.0,10,16,8,-6,64.0,103.0,22.0,2.0,0.0,2.0,KRX,,9,TLN,,13,0,VCT Emea
2,Haven,Estrella,KRX,Fade,0.58,123.0,9,16,6,-7,45.0,99.0,27.0,0.0,4.0,-4.0,KRX,,9,TLN,,13,0,VCT Emea
2,Haven,MaKo,KRX,Omen,0.41,98.0,6,16,5,-10,68.0,66.0,35.0,4.0,3.0,1.0,KRX,,9,TLN,,13,0,VCT Emea
2,Haven,JitBoyS,TLN,Cypher,1.25,246.0,20,13,1,7,73.0,161.0,40.0,2.0,2.0,0.0,KRX,,9,TLN,,13,1,VCT Emea
2,Haven,primmie,TLN,Yoru,1.07,223.0,17,15,6,2,73.0,151.0,28.0,4.0,4.0,0.0,KRX,,9,TLN,,13,1,VCT Emea
2,Haven,Crws,TLN,Deadlock,1.03,202.0,15,14,3,1,91.0,126.0,33.0,1.0,3.0,-2.0,KRX,,9,TLN,,13,1,VCT Emea
2,Haven,thyy,TLN,Omen,1.01,166.0,13,12,10,1,73.0,109.0,43.0,1.0,1.0,0.0,KRX,,9,TLN,,13,1,VCT Emea
2,Haven,Killua,TLN,Sova,0.99,171.0,15,13,3,2,73.0,117.0,26.0,2.0,2.0,0.0,KRX,,9,TLN,,13,1,VCT Emea
3,Lotus,Estrella,KRX,Fade,1.27,179.0,12,13,9,-1,80.0,112.0,26.0,0.0,3.0,-3.0,KRX,,7,TLN,,13,0,VCT Emea
3,Lotus,free1ng,KRX,Viper,1.01,196.0,13,13,8,0,65.0,125.0,44.0,2.0,3.0,-1.0,KRX,,7,TLN,,13,0,VCT Emea
3,Lotus,HYUNMIN,KRX,Raze,0.88,207.0,13,18,5,-5,65.0,140.0,24.0,1.0,2.0,-1.0,KRX,,7,TLN,,13,0,VCT Emea
3,Lotus,Flashback,KRX,Vyse,0.7,178.0,13,16,3,-3,50.0,109.0,39.0,2.0,3.0,-1.0,KRX,,7,TLN,,13,0,VCT Emea
3,Lotus,MaKo,KRX,Omen,0.34,115.0,7,16,6,-9,60.0,66.0,25.0,2.0,2.0,0.0,KRX,,7,TLN,,13,0,VCT Emea
3,Lotus,Killua,TLN,Fade,1.43,256.0,20,11,9,9,80.0,168.0,57.0,1.0,1.0,0.0,KRX,,7,TLN,,13,1,VCT Emea
3,Lotus,JitBoyS,TLN,Vyse,1.2,201.0,15,10,4,5,80.0,125.0,16.0,1.0,3.0,-2.0,KRX,,7,TLN,,13,1,VCT Emea
3,Lotus,thyy,TLN,Raze,1.07,263.0,19,15,6,4,75.0,168.0,31.0,5.0,2.0,3.0,KRX,,7,TLN,,13,1,VCT Emea
3,Lotus,Crws,TLN,Omen,1.02,126.0,9,9,10,0,95.0,74.0,26.0,3.0,0.0,3.0,KRX,,7,TLN,,13,1,VCT Emea
3,Lotus,primmie,TLN,Yoru,1.01,166.0,13,13,4,0,70.0,100.0,32.0,3.0,1.0,2.0,KRX,,7,TLN,,13,1,VCT Emea
0,Sunset,f0rsakeN,PRX,Omen,1.41,251.0,19,12,7,7,71.0,156.0,31.0,3.0,2.0,1.0,PRX,,13,T1,,8,1,VCT Emea
0,Sunset,Jinggg,PRX,Raze,1.33,288.0,20,16,6,4,90.0,187.0,27.0,5.0,1.0,4.0,PRX,,13,T1,,8,1,VCT Emea
0,Sunset,d4v41,PRX,Sage,1.22,182.0,15,12,6,3,81.0,112.0,39.0,3.0,1.0,2.0,PRX,,13,T1,,8,1,VCT Emea
0,Sunset,something,PRX,Sova,1.03,197.0,14,13,5,1,67.0,136.0,32.0,2.0,1.0,1.0,PRX,,13,T1,,8,1,VCT Emea
0,Sunset,PatMen,PRX,Viper,0.77,135.0,10,13,3,-3,67.0,98.0,41.0,0.0,3.0,-3.0,PRX,,13,T1,,8,1,VCT Emea
0,Sunset,Meteor,T1,Cypher,1.08,258.0,19,15,5,4,67.0,149.0,21.0,4.0,5.0,-1.0,PRX,,13,T1,,8,0,VCT Emea
0,Sunset,BuZz,T1,Yoru,1.07,240.0,18,16,3,2,67.0,154.0,29.0,1.0,3.0,-2.0,PRX,,13,T1,,8,0,VCT Emea
0,Sunset,DH,T1,Omen,0.85,142.0,10,14,9,-4,67.0,109.0,38.0,1.0,3.0,-2.0,PRX,,13,T1,,8,0,VCT Emea
0,Sunset,stax,T1,Sova,0.73,125.0,10,15,4,-5,71.0,79.0,16.0,0.0,0.0,0.0,PRX,,13,T1,,8,0,VCT Emea
0,Sunset,iZu,T1,Neon,0.53,161.0,9,18,8,-9,62.0,108.0,16.0,2.0,2.0,0.0,PRX,,13,T1,,8,0,VCT Emea
2,Bind,Jinggg,PRX,Raze,1.92,352.0,24,9,3,15,84.0,226.0,24.0,4.0,2.0,2.0,PRX,,13,T1,,6,1,VCT Emea
2,Bind,f0rsakeN,PRX,Brimstone,1.34,221.0,16,10,9,6,84.0,160.0,44.0,1.0,3.0,-2.0,PRX,,13,T1,,6,1,VCT Emea
2,Bind,something,PRX,Yoru,1.08,189.0,12,12,9,0,79.0,126.0,57.0,3.0,2.0,1.0,PRX,,13,T1,,6,1,VCT Emea
2,Bind,d4v41,PRX,Viper,0.98,162.0,12,12,4,0,79.0,110.0,32.0,2.0,1.0,1.0,PRX,,13,T1,,6,1,VCT Emea
2,Bind,PatMen,PRX,Fade,0.92,161.0,11,11,7,0,84.0,96.0,35.0,0.0,1.0,-1.0,PRX,,13,T1,,6,1,VCT Emea
2,Bind,stax,T1,Kayo,1.11,219.0,14,15,9,-1,74.0,137.0,37.0,4.0,2.0,2.0,PRX,,13,T1,,6,0,VCT Emea
2,Bind,Meteor,T1,Viper,0.88,227.0,14,15,3,-1,58.0,144.0,21.0,3.0,1.0,2.0,PRX,,13,T1,,6,0,VCT Emea
2,Bind,DH,T1,Brimstone,0.71,120.0,8,15,8,-7,74.0,71.0,40.0,1.0,2.0,-1.0,PRX,,13,T1,,6,0,VCT Emea
2,Bind,iZu,T1,Gekko,0.6,140.0,8,14,4,-6,63.0,98.0,23.0,0.0,2.0,-2.0,PRX,,13,T1,,6,0,VCT Emea
2,Bind,BuZz,T1,Raze,0.58,162.0,10,16,1,-6,68.0,115.0,18.0,1.0,3.0,-2.0,PRX,,13,T1,,6,0,VCT Emea
0,Ascent,DH,T1,Omen,1.26,204.0,18,13,11,5,59.0,127.0,44.0,3.0,2.0,1.0,T1,,13,NS,,9,1,VCT Emea
0,Ascent,Meteor,T1,Vyse,1.23,254.0,19,16,8,3,68.0,157.0,28.0,2.0,0.0,2.0,T1,,13,NS,,9,1,VCT Emea
0,Ascent,BuZz,T1,Chamber,0.94,192.0,16,14,3,2,73.0,123.0,16.0,4.0,3.0,1.0,T1,,13,NS,,9,1,VCT Emea
0,Ascent,stax,T1,Sova,0.83,153.0,11,14,6,-3,68.0,107.0,12.0,2.0,1.0,1.0,T1,,13,NS,,9,1,VCT Emea
0,Ascent,iZu,T1,Yoru,0.73,178.0,15,16,3,-1,55.0,117.0,26.0,1.0,4.0,-3.0,T1,,13,NS,,9,1,VCT Emea
0,Ascent,Rb,NS,Viper,1.6,333.0,27,14,2,13,68.0,198.0,35.0,4.0,2.0,2.0,T1,,13,NS,,9,0,VCT Emea
0,Ascent,Francis,NS,Sova,0.91,201.0,13,17,5,-4,64.0,139.0,30.0,3.0,2.0,1.0,T1,,13,NS,,9,0,VCT Emea
0,Ascent,Dambi,NS,Neon,0.9,184.0,14,17,1,-3,68.0,106.0,18.0,3.0,2.0,1.0,T1,,13,NS,,9,0,VCT Emea
0,Ascent,Ivy,NS,Killjoy,0.69,141.0,10,16,2,-6,55.0,97.0,36.0,0.0,4.0,-4.0,T1,,13,NS,,9,0,VCT Emea
0,Ascent,Persia,NS,Omen,0.67,114.0,9,15,7,-6,64.0,64.0,21.0,0.0,2.0,-2.0,T1,,13,NS,,9,0,VCT Emea
2,Lotus,Meteor,T1,Vyse,1.35,230.0,17,11,6,6,89.0,156.0,31.0,3.0,0.0,3.0,T1,,13,NS,,6,1,VCT Emea
2,Lotus,stax,T1,Fade,1.34,169.0,11,8,10,3,79.0,118.0,33.0,1.0,0.0,1.0,T1,,13,NS,,6,1,VCT Emea
2,Lotus,BuZz,T1,Yoru,1.3,242.0,16,10,7,6,74.0,161.0,24.0,2.0,2.0,0.0,T1,,13,NS,,6,1,VCT Emea
2,Lotus,DH,T1,Omen,1.23,184.0,12,10,14,2,89.0,128.0,36.0,1.0,0.0,1.0,T1,,13,NS,,6,1,VCT Emea
2,Lotus,iZu,T1,Neon,1.18,289.0,20,15,6,5,68.0,197.0,25.0,6.0,4.0,2.0,T1,,13,NS,,6,1,VCT Emea
2,Lotus,Dambi,NS,Neon,1.04,229.0,15,16,3,-1,58.0,149.0,26.0,1.0,4.0,-3.0,T1,,13,NS,,6,0,VCT Emea
2,Lotus,Ivy,NS,Deadlock,1.03,220.0,13,14,4,-1,53.0,140.0,27.0,2.0,1.0,1.0,T1,,13,NS,,6,0,VCT Emea
2,Lotus,Persia,NS,Omen,0.64,139.0,9,17,9,-8,74.0,84.0,24.0,2.0,0.0,2.0,T1,,13,NS,,6,0,VCT Emea
2,Lotus,Rb,NS,Viper,0.62,149.0,10,15,3,-5,47.0,92.0,21.0,1.0,2.0,-1.0,T1,,13,NS,,6,0,VCT Emea
2,Lotus,Francis,NS,Fade,0.6,125.0,7,14,8,-7,63.0,83.0,16.0,0.0,6.0,-6.0,T1,,13,NS,,6,0,VCT Emea
0,Icebox,MaKo,KRX,Viper,1.01,216.0,15,16,5,-1,70.0,157.0,28.0,3.0,5.0,-2.0,KRX,,7,RRQ,,13,0,VCT Emea
0,Icebox,Flashback,KRX,Killjoy,0.97,196.0,14,16,4,-2,55.0,130.0,39.0,0.0,1.0,-1.0,KRX,,7,RRQ,,13,0,VCT Emea
0,Icebox,free1ng,KRX,Sova,0.84,202.0,13,17,4,-4,75.0,138.0,36.0,1.0,1.0,0.0,KRX,,7,RRQ,,13,0,VCT Emea
0,Icebox,HYUNMIN,KRX,Jett,0.72,184.0,11,15,4,-4,60.0,125.0,22.0,4.0,5.0,-1.0,KRX,,7,RRQ,,13,0,VCT Emea
0,Icebox,Estrella,KRX,Sage,0.6,131.0,8,16,13,-8,80.0,81.0,36.0,0.0,0.0,0.0,KRX,,7,RRQ,,13,0,VCT Emea
0,Icebox,Kushy,RRQ,Sova,1.6,306.0,23,12,7,11,90.0,195.0,36.0,1.0,1.0,0.0,KRX,,7,RRQ,,13,1,VCT Emea
0,Icebox,crazyguy,RRQ,Sage,1.3,232.0,15,13,13,2,90.0,145.0,37.0,4.0,1.0,3.0,KRX,,7,RRQ,,13,1,VCT Emea
0,Icebox,xffero,RRQ,Killjoy,1.17,218.0,16,10,2,6,70.0,141.0,28.0,3.0,0.0,3.0,KRX,,7,RRQ,,13,1,VCT Emea
0,Icebox,Monyet,RRQ,Viper,0.99,209.0,13,12,12,1,80.0,146.0,15.0,1.0,2.0,-1.0,KRX,,7,RRQ,,13,1,VCT Emea
0,Icebox,Jemkin,RRQ,Jett,0.85,161.0,13,14,1,-1,70.0,107.0,55.0,3.0,4.0,-1.0,KRX,,7,RRQ,,13,1,VCT Emea
2,Corrode,HYUNMIN,KRX,Neon,1.25,268.0,21,17,2,4,77.0,176.0,30.0,4.0,4.0,0.0,KRX,,9,RRQ,,13,0,VCT Emea
2,Corrode,Flashback,KRX,Vyse,1.21,246.0,18,14,1,4,73.0,157.0,32.0,1.0,0.0,1.0,KRX,,9,RRQ,,13,0,VCT Emea
2,Corrode,MaKo,KRX,Omen,0.88,183.0,13,17,6,-4,55.0,106.0,42.0,2.0,3.0,-1.0,KRX,,9,RRQ,,13,0,VCT Emea
2,Corrode,free1ng,KRX,Viper,0.8,144.0,12,16,2,-4,55.0,115.0,28.0,0.0,6.0,-6.0,KRX,,9,RRQ,,13,0,VCT Emea
2,Corrode,Estrella,KRX,Fade,0.29,91.0,5,18,6,-13,55.0,64.0,31.0,0.0,2.0,-2.0,KRX,,9,RRQ,,13,0,VCT Emea
2,Corrode,Monyet,RRQ,Neon,1.32,307.0,24,15,6,9,86.0,177.0,16.0,6.0,1.0,5.0,KRX,,9,RRQ,,13,1,VCT Emea
2,Corrode,xffero,RRQ,Viper,1.26,217.0,19,11,4,8,77.0,131.0,30.0,1.0,0.0,1.0,KRX,,9,RRQ,,13,1,VCT Emea
2,Corrode,Jemkin,RRQ,Waylay,1.16,230.0,18,14,5,4,86.0,131.0,37.0,5.0,2.0,3.0,KRX,,9,RRQ,,13,1,VCT Emea
2,Corrode,crazyguy,RRQ,Omen,0.79,148.0,11,14,11,-3,68.0,105.0,31.0,1.0,1.0,0.0,KRX,,9,RRQ,,13,1,VCT Emea
2,Corrode,Kushy,RRQ,Fade,0.69,142.0,10,15,9,-5,73.0,95.0,23.0,2.0,3.0,-1.0,KRX,,9,RRQ,,13,1,VCT Emea
0,Haven,primmie,TLN,Yoru,1.15,242.0,22,19,4,3,71.0,156.0,43.0,4.0,5.0,-1.0,TLN,,11,PRX,,13,0,VCT Emea
0,Haven,thyy,TLN,Omen,1.02,198.0,17,18,7,-1,75.0,139.0,32.0,2.0,1.0,1.0,TLN,,11,PRX,,13,0,VCT Emea
0,Haven,JitBoyS,TLN,Cypher,0.89,182.0,15,17,9,-2,71.0,113.0,30.0,3.0,5.0,-2.0,TLN,,11,PRX,,13,0,VCT Emea
0,Haven,Killua,TLN,Sova,0.8,165.0,14,20,5,-6,67.0,129.0,28.0,0.0,1.0,-1.0,TLN,,11,PRX,,13,0,VCT Emea
0,Haven,Crws,TLN,Deadlock,0.67,130.0,10,18,6,-8,75.0,95.0,22.0,2.0,1.0,1.0,TLN,,11,PRX,,13,0,VCT Emea
0,Haven,something,PRX,Yoru,1.55,282.0,27,12,2,15,71.0,171.0,20.0,4.0,4.0,0.0,TLN,,11,PRX,,13,1,VCT Emea
0,Haven,Jinggg,PRX,Omen,1.25,243.0,20,17,13,3,79.0,166.0,32.0,3.0,3.0,0.0,TLN,,11,PRX,,13,1,VCT Emea
0,Haven,PatMen,PRX,Fade,0.95,190.0,17,17,3,0,67.0,121.0,34.0,3.0,0.0,3.0,TLN,,11,PRX,,13,1,VCT Emea
0,Haven,d4v41,PRX,Vyse,0.82,156.0,11,14,6,-3,67.0,114.0,29.0,1.0,2.0,-1.0,TLN,,11,PRX,,13,1,VCT Emea
0,Haven,f0rsakeN,PRX,Waylay,0.81,194.0,17,18,5,-1,75.0,133.0,28.0,2.0,2.0,0.0,TLN,,11,PRX,,13,1,VCT Emea
2,Bind,Killua,TLN,Gekko,1.13,219.0,16,15,4,1,70.0,137.0,38.0,4.0,3.0,1.0,TLN,,7,PRX,,13,0,VCT Emea
2,Bind,thyy,TLN,Raze,1.08,230.0,16,17,4,-1,85.0,159.0,33.0,2.0,0.0,2.0,TLN,,7,PRX,,13,0,VCT Emea
2,Bind,primmie,TLN,Deadlock,0.9,194.0,14,15,8,-1,80.0,119.0,43.0,1.0,2.0,-1.0,TLN,,7,PRX,,13,0,VCT Emea
2,Bind,JitBoyS,TLN,Astra,0.75,138.0,9,14,5,-5,60.0,97.0,54.0,0.0,2.0,-2.0,TLN,,7,PRX,,13,0,VCT Emea
2,Bind,Crws,TLN,Fade,0.36,79.0,5,17,7,-12,55.0,49.0,17.0,2.0,4.0,-2.0,TLN,,7,PRX,,13,0,VCT Emea
2,Bind,f0rsakeN,PRX,Brimstone,1.57,263.0,21,9,4,12,85.0,175.0,40.0,2.0,1.0,1.0,TLN,,7,PRX,,13,1,VCT Emea
2,Bind,PatMen,PRX,Fade,1.18,165.0,13,10,10,3,85.0,112.0,35.0,1.0,0.0,1.0,TLN,,7,PRX,,13,1,VCT Emea
2,Bind,Jinggg,PRX,Raze,1.09,224.0,16,14,4,2,90.0,153.0,17.0,1.0,2.0,-1.0,TLN,,7,PRX,,13,1,VCT Emea
2,Bind,something,PRX,Yoru,1.0,203.0,15,12,4,3,60.0,117.0,37.0,5.0,5.0,0.0,TLN,,7,PRX,,13,1,VCT Emea
2,Bind,d4v41,PRX,Viper,0.93,195.0,13,15,8,-2,70.0,129.0,21.0,2.0,1.0,1.0,TLN,,7,PRX,,13,1,VCT Emea
0,Sunset,iZu,T1,Neon,1.42,337.0,29,18,6,11,88.0,207.0,24.0,5.0,3.0,2.0,T1,,13,RRQ,,11,1,VCT Emea
0,Sunset,DH,T1,Omen,1.19,231.0,20,14,6,6,83.0,150.0,43.0,1.0,2.0,-1.0,T1,,13,RRQ,,11,1,VCT Emea
0,Sunset,Meteor,T1,Cypher,1.01,250.0,20,19,11,1,92.0,164.0,28.0,3.0,4.0,-1.0,T1,,13,RRQ,,11,1,VCT Emea
0,Sunset,stax,T1,Sova,0.88,147.0,13,14,3,-1,79.0,99.0,28.0,0.0,0.0,0.0,T1,,13,RRQ,,11,1,VCT Emea
0,Sunset,BuZz,T1,Yoru,0.57,123.0,11,16,5,-5,54.0,81.0,35.0,2.0,4.0,-2.0,T1,,13,RRQ,,11,1,VCT Emea
0,Sunset,Monyet,RRQ,Omen,1.44,276.0,21,18,14,3,63.0,199.0,36.0,5.0,4.0,1.0,T1,,13,RRQ,,11,0,VCT Emea
0,Sunset,xffero,RRQ,Cypher,1.0,145.0,14,15,3,-1,71.0,97.0,23.0,0.0,1.0,-1.0,T1,,13,RRQ,,11,0,VCT Emea
0,Sunset,crazyguy,RRQ,Breach,0.79,188.0,17,23,4,-6,67.0,120.0,21.0,4.0,2.0,2.0,T1,,13,RRQ,,11,0,VCT Emea
0,Sunset,Jemkin,RRQ,Waylay,0.79,197.0,17,19,6,-2,67.0,128.0,34.0,3.0,3.0,0.0,T1,,13,RRQ,,11,0,VCT Emea
0,Sunset,Kushy,RRQ,Fade,0.75,148.0,12,18,7,-6,71.0,102.0,33.0,1.0,1.0,0.0,T1,,13,RRQ,,11,0,VCT Emea
2,Haven,DH,T1,Omen,1.39,229.0,23,16,17,7,79.0,150.0,32.0,3.0,3.0,0.0,T1,,13,RRQ,,15,0,VCT Emea
2,Haven,Meteor,T1,Cypher,1.13,259.0,22,21,9,1,64.0,185.0,33.0,2.0,3.0,-1.0,T1,,13,RRQ,,15,0,VCT Emea
2,Haven,BuZz,T1,Yoru,0.96,228.0,23,22,8,1,64.0,138.0,31.0,2.0,6.0,-4.0,T1,,13,RRQ,,15,0,VCT Emea
2,Haven,iZu,T1,Neon,0.66,153.0,15,21,5,-6,71.0,112.0,28.0,3.0,4.0,-1.0,T1,,13,RRQ,,15,0,VCT Emea
2,Haven,stax,T1,Sova,0.48,85.0,7,20,4,-13,57.0,69.0,25.0,0.0,2.0,-2.0,T1,,13,RRQ,,15,0,VCT Emea
2,Haven,xffero,RRQ,Cypher,1.51,235.0,25,12,6,13,75.0,172.0,32.0,3.0,1.0,2.0,T1,,13,RRQ,,15,1,VCT Emea
2,Haven,crazyguy,RRQ,Omen,1.34,244.0,24,20,20,4,79.0,149.0,18.0,2.0,1.0,1.0,T1,,13,RRQ,,15,1,VCT Emea
2,Haven,Jemkin,RRQ,Yoru,1.25,242.0,23,18,4,5,79.0,155.0,48.0,7.0,2.0,5.0,T1,,13,RRQ,,15,1,VCT Emea
2,Haven,Kushy,RRQ,Sova,0.78,144.0,12,18,8,-6,75.0,104.0,25.0,1.0,1.0,0.0,T1,,13,RRQ,,15,1,VCT Emea
2,Haven,Monyet,RRQ,Neon,0.71,168.0,16,22,7,-6,57.0,111.0,17.0,5.0,5.0,0.0,T1,,13,RRQ,,15,1,VCT Emea
3,Ascent,BuZz,T1,Chamber,1.15,275.0,18,15,2,3,70.0,169.0,22.0,4.0,0.0,4.0,T1,,7,RRQ,,13,0,VCT Emea
3,Ascent,iZu,T1,Yoru,0.93,213.0,15,16,5,-1,50.0,129.0,27.0,3.0,3.0,0.0,T1,,7,RRQ,,13,0,VCT Emea
3,Ascent,Meteor,T1,Vyse,0.87,179.0,13,15,4,-2,55.0,108.0,30.0,1.0,1.0,0.0,T1,,7,RRQ,,13,0,VCT Emea
3,Ascent,stax,T1,Sova,0.67,131.0,8,14,4,-6,60.0,84.0,23.0,0.0,2.0,-2.0,T1,,7,RRQ,,13,0,VCT Emea
3,Ascent,DH,T1,Omen,0.39,96.0,9,16,2,-7,45.0,65.0,30.0,1.0,5.0,-4.0,T1,,7,RRQ,,13,0,VCT Emea
3,Ascent,Monyet,RRQ,Omen,1.41,229.0,17,12,12,5,80.0,155.0,51.0,4.0,1.0,3.0,T1,,7,RRQ,,13,1,VCT Emea
3,Ascent,Kushy,RRQ,Sova,1.25,220.0,15,11,6,4,80.0,151.0,43.0,0.0,2.0,-2.0,T1,,7,RRQ,,13,1,VCT Emea
3,Ascent,crazyguy,RRQ,Tejo,1.14,238.0,18,15,4,3,65.0,138.0,27.0,0.0,1.0,-1.0,T1,,7,RRQ,,13,1,VCT Emea
3,Ascent,xffero,RRQ,Cypher,1.11,192.0,13,12,6,1,80.0,143.0,28.0,2.0,1.0,1.0,T1,,7,RRQ,,13,1,VCT Emea
3,Ascent,Jemkin,RRQ,Yoru,0.91,189.0,13,13,3,0,65.0,134.0,32.0,5.0,4.0,1.0,T1,,7,RRQ,,13,1,VCT Emea
0,Bind,JitBoyS,TLN,Viper,1.58,300.0,19,9,5,10,82.0,165.0,39.0,2.0,1.0,1.0,TLN,,13,RRQ,,4,1,VCT Emea
0,Bind,primmie,TLN,Yoru,1.54,274.0,19,9,4,10,76.0,172.0,38.0,3.0,2.0,1.0,TLN,,13,RRQ,,4,1,VCT Emea
0,Bind,thyy,TLN,Raze,1.5,227.0,16,7,4,9,88.0,166.0,33.0,2.0,2.0,0.0,TLN,,13,RRQ,,4,1,VCT Emea
0,Bind,Crws,TLN,Brimstone,1.29,188.0,10,7,10,3,88.0,130.0,20.0,2.0,1.0,1.0,TLN,,13,RRQ,,4,1,VCT Emea
0,Bind,Killua,TLN,Fade,0.94,173.0,10,11,7,-1,94.0,129.0,44.0,1.0,1.0,0.0,TLN,,13,RRQ,,4,1,VCT Emea
0,Bind,xffero,RRQ,Viper,1.04,205.0,12,13,2,-1,59.0,130.0,25.0,0.0,1.0,-1.0,TLN,,13,RRQ,,4,0,VCT Emea
0,Bind,Monyet,RRQ,Raze,0.6,185.0,8,15,5,-7,65.0,131.0,32.0,1.0,4.0,-3.0,TLN,,13,RRQ,,4,0,VCT Emea
0,Bind,crazyguy,RRQ,Brimstone,0.54,130.0,8,14,3,-6,65.0,93.0,29.0,0.0,4.0,-4.0,TLN,,13,RRQ,,4,0,VCT Emea
0,Bind,Jemkin,RRQ,Yoru,0.46,122.0,8,16,1,-8,35.0,80.0,54.0,2.0,1.0,1.0,TLN,,13,RRQ,,4,0,VCT Emea
0,Bind,Kushy,RRQ,Fade,0.41,117.0,7,16,0,-9,59.0,66.0,33.0,4.0,0.0,4.0,TLN,,13,RRQ,,4,0,VCT Emea
2,Haven,primmie,TLN,Yoru,1.48,296.0,22,13,1,9,85.0,173.0,44.0,7.0,4.0,3.0,TLN,,13,RRQ,,7,1,VCT Emea
2,Haven,Crws,TLN,Deadlock,1.31,218.0,14,9,9,5,85.0,129.0,20.0,1.0,1.0,0.0,TLN,,13,RRQ,,7,1,VCT Emea
2,Haven,JitBoyS,TLN,Cypher,1.04,200.0,15,13,6,2,85.0,130.0,45.0,2.0,1.0,1.0,TLN,,13,RRQ,,7,1,VCT Emea
2,Haven,thyy,TLN,Omen,1.03,198.0,14,14,11,0,90.0,137.0,45.0,3.0,0.0,3.0,TLN,,13,RRQ,,7,1,VCT Emea
2,Haven,Killua,TLN,Sova,0.84,162.0,13,14,4,-1,75.0,112.0,57.0,0.0,1.0,-1.0,TLN,,13,RRQ,,7,1,VCT Emea
2,Haven,xffero,RRQ,Cypher,1.09,178.0,14,12,3,2,80.0,117.0,30.0,0.0,2.0,-2.0,TLN,,13,RRQ,,7,0,VCT Emea
2,Haven,Jemkin,RRQ,Yoru,1.02,201.0,16,15,2,1,75.0,130.0,29.0,2.0,3.0,-1.0,TLN,,13,RRQ,,7,0,VCT Emea
2,Haven,crazyguy,RRQ,Omen,0.88,201.0,12,16,11,-4,70.0,142.0,19.0,1.0,1.0,0.0,TLN,,13,RRQ,,7,0,VCT Emea
2,Haven,Kushy,RRQ,Sova,0.57,153.0,11,19,3,-8,55.0,102.0,37.0,1.0,2.0,-1.0,TLN,,13,RRQ,,7,0,VCT Emea
2,Haven,Monyet,RRQ,Neon,0.5,173.0,10,16,6,-6,65.0,116.0,25.0,3.0,5.0,-2.0,TLN,,13,RRQ,,7,0,VCT Emea
3,Corrode,JitBoyS,TLN,Cypher,1.19,205.0,16,13,4,3,74.0,125.0,43.0,2.0,3.0,-1.0,TLN,,10,RRQ,,13,0,VCT Emea
3,Corrode,Killua,TLN,Sova,0.86,184.0,15,15,5,0,70.0,125.0,39.0,1.0,1.0,0.0,TLN,,10,RRQ,,13,0,VCT Emea
3,Corrode,primmie,TLN,Deadlock,0.82,187.0,16,17,2,-1,52.0,121.0,25.0,0.0,2.0,-2.0,TLN,,10,RRQ,,13,0,VCT Emea
3,Corrode,Crws,TLN,Omen,0.76,145.0,11,17,13,-6,78.0,91.0,22.0,2.0,4.0,-2.0,TLN,,10,RRQ,,13,0,VCT Emea
3,Corrode,thyy,TLN,Yoru,0.76,201.0,16,20,3,-4,57.0,130.0,33.0,6.0,2.0,4.0,TLN,,10,RRQ,,13,0,VCT Emea
3,Corrode,xffero,RRQ,Viper,1.59,285.0,25,13,2,12,78.0,169.0,47.0,2.0,2.0,0.0,TLN,,10,RRQ,,13,1,VCT Emea
3,Corrode,Monyet,RRQ,Neon,1.05,226.0,17,16,8,1,74.0,145.0,42.0,4.0,5.0,-1.0,TLN,,10,RRQ,,13,1,VCT Emea
3,Corrode,Kushy,RRQ,Fade,0.9,167.0,12,16,6,-4,83.0,120.0,38.0,2.0,0.0,2.0,TLN,,10,RRQ,,13,1,VCT Emea
3,Corrode,crazyguy,RRQ,Omen,0.87,149.0,13,12,6,1,65.0,96.0,35.0,1.0,2.0,-1.0,TLN,,10,RRQ,,13,1,VCT Emea
3,Corrode,Jemkin,RRQ,Waylay,0.86,185.0,15,17,6,-2,65.0,122.0,42.0,3.0,2.0,1.0,TLN,,10,RRQ,,13,1,VCT Emea
4,Icebox,primmie,TLN,Sage,0.96,229.0,15,16,3,-1,63.0,135.0,41.0,3.0,0.0,3.0,TLN,,6,RRQ,,13,0,VCT Emea
4,Icebox,thyy,TLN,Jett,0.9,224.0,16,17,0,-1,58.0,134.0,36.0,3.0,4.0,-1.0,TLN,,6,RRQ,,13,0,VCT Emea
4,Icebox,Killua,TLN,Sova,0.77,133.0,8,14,4,-6,53.0,88.0,27.0,0.0,0.0,0.0,TLN,,6,RRQ,,13,0,VCT Emea
4,Icebox,Crws,TLN,Viper,0.62,117.0,6,15,4,-9,37.0,88.0,19.0,1.0,3.0,-2.0,TLN,,6,RRQ,,13,0,VCT Emea
4,Icebox,JitBoyS,TLN,Killjoy,0.5,129.0,8,15,1,-7,47.0,98.0,27.0,1.0,4.0,-3.0,TLN,,6,RRQ,,13,0,VCT Emea
4,Icebox,Monyet,RRQ,Viper,1.74,317.0,21,9,9,12,74.0,208.0,39.0,4.0,2.0,2.0,TLN,,6,RRQ,,13,1,VCT Emea
4,Icebox,Jemkin,RRQ,Jett,1.63,279.0,21,8,2,13,84.0,195.0,36.0,4.0,1.0,3.0,TLN,,6,RRQ,,13,1,VCT Emea
4,Icebox,xffero,RRQ,Killjoy,1.2,281.0,17,13,6,4,74.0,188.0,28.0,3.0,4.0,-1.0,TLN,,6,RRQ,,13,1,VCT Emea
4,Icebox,crazyguy,RRQ,Sage,0.86,128.0,9,10,12,-1,74.0,90.0,37.0,0.0,1.0,-1.0,TLN,,6,RRQ,,13,1,VCT Emea
4,Icebox,Kushy,RRQ,Sova,0.79,119.0,9,13,3,-4,74.0,83.0,60.0,0.0,0.0,0.0,TLN,,6,RRQ,,13,1,VCT Emea
5,Sunset,Killua,TLN,Sova,1.11,264.0,25,20,4,5,81.0,165.0,40.0,4.0,2.0,2.0,TLN,,12,RRQ,,14,0,VCT Emea
5,Sunset,JitBoyS,TLN,Omen,0.99,240.0,22,20,10,2,73.0,142.0,47.0,4.0,2.0,2.0,TLN,,12,RRQ,,14,0,VCT Emea
5,Sunset,Crws,TLN,Viper,0.85,172.0,15,18,4,-3,73.0,126.0,24.0,2.0,1.0,1.0,TLN,,12,RRQ,,14,0,VCT Emea
5,Sunset,thyy,TLN,Raze,0.68,166.0,16,21,3,-5,50.0,109.0,26.0,3.0,2.0,1.0,TLN,,12,RRQ,,14,0,VCT Emea
5,Sunset,primmie,TLN,Sage,0.57,123.0,9,19,14,-10,69.0,86.0,28.0,1.0,5.0,-4.0,TLN,,12,RRQ,,14,0,VCT Emea
5,Sunset,Jemkin,RRQ,Waylay,1.5,335.0,31,19,4,12,85.0,206.0,30.0,2.0,4.0,-2.0,TLN,,12,RRQ,,14,1,VCT Emea
5,Sunset,Kushy,RRQ,Fade,1.34,241.0,23,16,5,7,73.0,155.0,35.0,4.0,3.0,1.0,TLN,,12,RRQ,,14,1,VCT Emea
5,Sunset,crazyguy,RRQ,Breach,1.24,185.0,16,15,13,1,73.0,130.0,33.0,1.0,2.0,-1.0,TLN,,12,RRQ,,14,1,VCT Emea
5,Sunset,Monyet,RRQ,Omen,0.91,146.0,13,19,10,-6,77.0,109.0,31.0,2.0,3.0,-1.0,TLN,,12,RRQ,,14,1,VCT Emea
5,Sunset,xffero,RRQ,Cypher,0.84,180.0,15,18,8,-3,73.0,124.0,28.0,3.0,2.0,1.0,TLN,,12,RRQ,,14,1,VCT Emea
0,Ascent,f0rsakeN,PRX,Omen,1.4,280.0,21,13,9,8,80.0,188.0,30.0,3.0,1.0,2.0,PRX,,13,RRQ,,7,1,VCT Emea
0,Ascent,Jinggg,PRX,Sage,1.32,243.0,16,11,9,5,75.0,158.0,22.0,3.0,0.0,3.0,PRX,,13,RRQ,,7,1,VCT Emea
0,Ascent,something,PRX,Yoru,1.31,254.0,18,10,3,8,80.0,142.0,11.0,4.0,5.0,-1.0,PRX,,13,RRQ,,7,1,VCT Emea
0,Ascent,d4v41,PRX,Vyse,1.18,142.0,11,8,2,3,90.0,100.0,20.0,0.0,1.0,-1.0,PRX,,13,RRQ,,7,1,VCT Emea
0,Ascent,PatMen,PRX,Sova,0.84,165.0,12,13,3,-1,65.0,106.0,40.0,1.0,2.0,-1.0,PRX,,13,RRQ,,7,1,VCT Emea
0,Ascent,Kushy,RRQ,Sova,0.88,189.0,12,15,5,-3,65.0,135.0,46.0,2.0,1.0,1.0,PRX,,13,RRQ,,7,0,VCT Emea
0,Ascent,Monyet,RRQ,Omen,0.86,186.0,13,17,8,-4,70.0,113.0,17.0,2.0,3.0,-1.0,PRX,,13,RRQ,,7,0,VCT Emea
0,Ascent,Jemkin,RRQ,Yoru,0.81,206.0,15,17,4,-2,65.0,121.0,38.0,4.0,5.0,-1.0,PRX,,13,RRQ,,7,0,VCT Emea
0,Ascent,crazyguy,RRQ,Tejo,0.65,100.0,6,14,5,-8,55.0,75.0,12.0,0.0,2.0,-2.0,PRX,,13,RRQ,,7,0,VCT Emea
0,Ascent,xffero,RRQ,Cypher,0.65,131.0,9,15,2,-6,50.0,83.0,37.0,1.0,0.0,1.0,PRX,,13,RRQ,,7,0,VCT Emea
2,Lotus,Jinggg,PRX,Raze,1.16,256.0,17,13,3,4,74.0,162.0,30.0,3.0,3.0,0.0,PRX,,6,RRQ,,13,0,VCT Emea
2,Lotus,something,PRX,Yoru,1.15,268.0,15,14,4,1,68.0,169.0,27.0,5.0,3.0,2.0,PRX,,6,RRQ,,13,0,VCT Emea
2,Lotus,f0rsakeN,PRX,Omen,1.11,224.0,15,13,8,2,68.0,136.0,20.0,1.0,0.0,1.0,PRX,,6,RRQ,,13,0,VCT Emea
2,Lotus,PatMen,PRX,Fade,0.46,116.0,8,17,3,-9,58.0,71.0,20.0,0.0,1.0,-1.0,PRX,,6,RRQ,,13,0,VCT Emea
2,Lotus,d4v41,PRX,Vyse,0.45,110.0,7,16,5,-9,58.0,79.0,20.0,1.0,2.0,-1.0,PRX,,6,RRQ,,13,0,VCT Emea
2,Lotus,crazyguy,RRQ,Omen,1.56,215.0,16,9,7,7,79.0,151.0,29.0,1.0,0.0,1.0,PRX,,6,RRQ,,13,1,VCT Emea
2,Lotus,Jemkin,RRQ,Yoru,1.26,272.0,18,13,4,5,79.0,198.0,29.0,3.0,2.0,1.0,PRX,,6,RRQ,,13,1,VCT Emea
2,Lotus,Monyet,RRQ,Raze,1.22,240.0,18,13,2,5,79.0,146.0,30.0,3.0,6.0,-3.0,PRX,,6,RRQ,,13,1,VCT Emea
2,Lotus,xffero,RRQ,Viper,0.86,193.0,13,14,3,-1,63.0,125.0,29.0,1.0,1.0,0.0,PRX,,6,RRQ,,13,1,VCT Emea
2,Lotus,Kushy,RRQ,Fade,0.72,137.0,8,13,5,-5,58.0,92.0,25.0,1.0,1.0,0.0,PRX,,6,RRQ,,13,1,VCT Emea
3,Haven,d4v41,PRX,Vyse,1.29,205.0,14,11,7,3,80.0,145.0,18.0,1.0,2.0,-1.0,PRX,,13,RRQ,,7,1,VCT Emea
3,Haven,PatMen,PRX,Fade,1.16,174.0,14,10,6,4,80.0,107.0,32.0,0.0,1.0,-1.0,PRX,,13,RRQ,,7,1,VCT Emea
3,Haven,something,PRX,Yoru,1.14,200.0,14,11,8,3,85.0,129.0,31.0,4.0,2.0,2.0,PRX,,13,RRQ,,7,1,VCT Emea
3,Haven,f0rsakeN,PRX,Waylay,1.06,258.0,18,15,6,3,75.0,168.0,31.0,3.0,4.0,-1.0,PRX,,13,RRQ,,7,1,VCT Emea
3,Haven,Jinggg,PRX,Omen,0.93,185.0,14,13,8,1,70.0,118.0,26.0,2.0,1.0,1.0,PRX,,13,RRQ,,7,1,VCT Emea
3,Haven,xffero,RRQ,Cypher,1.12,197.0,13,14,7,-1,80.0,127.0,23.0,3.0,0.0,3.0,PRX,,13,RRQ,,7,0,VCT Emea
3,Haven,Monyet,RRQ,Neon,1.11,198.0,15,13,4,2,80.0,122.0,20.0,0.0,1.0,-1.0,PRX,,13,RRQ,,7,0,VCT Emea
3,Haven,crazyguy,RRQ,Omen,0.82,176.0,12,16,9,-4,70.0,113.0,36.0,2.0,3.0,-1.0,PRX,,13,RRQ,,7,0,VCT Emea
3,Haven,Jemkin,RRQ,Yoru,0.76,164.0,12,16,3,-4,50.0,97.0,26.0,3.0,4.0,-1.0,PRX,,13,RRQ,,7,0,VCT Emea
3,Haven,Kushy,RRQ,Sova,0.62,122.0,8,15,4,-7,60.0,80.0,43.0,2.0,2.0,0.0,PRX,,13,RRQ,,7,0,VCT Emea
4,Bind,something,PRX,Yoru,1.52,278.0,22,12,4,10,95.0,167.0,27.0,7.0,0.0,7.0,PRX,,13,RRQ,,8,1,VCT Emea
4,Bind,d4v41,PRX,Viper,1.23,164.0,14,9,7,5,86.0,115.0,32.0,0.0,1.0,-1.0,PRX,,13,RRQ,,8,1,VCT Emea
4,Bind,PatMen,PRX,Fade,1.11,174.0,14,12,8,2,76.0,121.0,25.0,0.0,0.0,0.0,PRX,,13,RRQ,,8,1,VCT Emea
4,Bind,Jinggg,PRX,Raze,1.08,248.0,18,15,6,3,76.0,164.0,21.0,5.0,3.0,2.0,PRX,,13,RRQ,,8,1,VCT Emea
4,Bind,f0rsakeN,PRX,Brimstone,0.95,212.0,16,16,6,0,71.0,141.0,36.0,3.0,2.0,1.0,PRX,,13,RRQ,,8,1,VCT Emea
4,Bind,Kushy,RRQ,Fade,1.03,219.0,16,16,5,0,71.0,141.0,35.0,4.0,3.0,1.0,PRX,,13,RRQ,,8,0,VCT Emea
4,Bind,xffero,RRQ,Viper,1.01,181.0,12,14,5,-2,62.0,132.0,15.0,0.0,2.0,-2.0,PRX,,13,RRQ,,8,0,VCT Emea
4,Bind,Monyet,RRQ,Astra,0.73,173.0,13,17,5,-4,67.0,119.0,28.0,0.0,3.0,-3.0,PRX,,13,RRQ,,8,0,VCT Emea
4,Bind,Jemkin,RRQ,Yoru,0.69,143.0,12,18,2,-6,52.0,99.0,48.0,2.0,4.0,-2.0,PRX,,13,RRQ,,8,0,VCT Emea
4,Bind,crazyguy,RRQ,Tejo,0.55,151.0,11,19,5,-8,67.0,113.0,26.0,0.0,3.0,-3.0,PRX,,13,RRQ,,8,0,VCT Emea
0,Haven,Dambi,NS,Neon,1.71,300.0,21,10,6,11,94.0,177.0,25.0,1.0,0.0,1.0,NS,,13,TS,,5,1,VCT Emea
0,Haven,Xross,NS,Sova,1.34,242.0,14,8,9,6,100.0,164.0,28.0,1.0,1.0,0.0,NS,,13,TS,,5,1,VCT Emea
0,Haven,Francis,NS,Yoru,1.21,290.0,19,13,0,6,78.0,171.0,26.0,7.0,4.0,3.0,NS,,13,TS,,5,1,VCT Emea
0,Haven,Rb,NS,Omen,1.02,144.0,10,7,7,3,72.0,96.0,35.0,1.0,2.0,-1.0,NS,,13,TS,,5,1,VCT Emea
0,Haven,Ivy,NS,Killjoy,0.84,103.0,8,8,2,0,78.0,64.0,21.0,1.0,0.0,1.0,NS,,13,TS,,5,1,VCT Emea
0,Haven,kellyS,TS,Viper,1.03,230.0,13,13,6,0,72.0,145.0,23.0,0.0,2.0,-2.0,NS,,13,TS,,5,0,VCT Emea
0,Haven,Sylvan,TS,Omen,0.79,158.0,10,13,2,-3,56.0,94.0,26.0,3.0,3.0,0.0,NS,,13,TS,,5,0,VCT Emea
0,Haven,JessieVash,TS,Sova,0.68,174.0,10,16,5,-6,67.0,121.0,21.0,1.0,1.0,0.0,NS,,13,TS,,5,0,VCT Emea
0,Haven,BerserX,TS,Killjoy,0.54,92.0,8,13,1,-5,50.0,64.0,32.0,0.0,1.0,-1.0,NS,,13,TS,,5,0,VCT Emea
0,Haven,TenTen,TS,Neon,0.34,106.0,5,17,5,-12,50.0,73.0,21.0,3.0,4.0,-1.0,NS,,13,TS,,5,0,VCT Emea
2,Split,Dambi,NS,Neon,1.42,292.0,20,15,8,5,76.0,169.0,15.0,7.0,3.0,4.0,NS,,13,TS,,8,1,VCT Emea
2,Split,Rb,NS,Omen,1.37,206.0,16,13,14,3,81.0,129.0,25.0,1.0,1.0,0.0,NS,,13,TS,,8,1,VCT Emea
2,Split,Francis,NS,Yoru,1.07,248.0,19,17,4,2,62.0,168.0,39.0,3.0,4.0,-1.0,NS,,13,TS,,8,1,VCT Emea
2,Split,Ivy,NS,Viper,0.76,116.0,9,13,10,-4,76.0,77.0,40.0,1.0,0.0,1.0,NS,,13,TS,,8,1,VCT Emea
2,Split,Xross,NS,Fade,0.7,130.0,9,15,6,-6,71.0,82.0,15.0,1.0,0.0,1.0,NS,,13,TS,,8,1,VCT Emea
2,Split,BerserX,TS,Viper,1.44,263.0,19,12,3,7,71.0,180.0,16.0,3.0,0.0,3.0,NS,,13,TS,,8,0,VCT Emea
2,Split,TenTen,TS,Waylay,0.98,234.0,17,17,4,0,71.0,149.0,15.0,2.0,2.0,0.0,NS,,13,TS,,8,0,VCT Emea
2,Split,Sylvan,TS,Omen,0.78,139.0,10,14,10,-4,76.0,103.0,37.0,0.0,5.0,-5.0,NS,,13,TS,,8,0,VCT Emea
2,Split,JessieVash,TS,Fade,0.73,175.0,13,16,4,-3,67.0,110.0,50.0,1.0,1.0,0.0,NS,,13,TS,,8,0,VCT Emea
2,Split,kellyS,TS,Yoru,0.7,174.0,14,14,5,0,71.0,99.0,31.0,2.0,5.0,-3.0,NS,,13,TS,,8,0,VCT Emea
0,Corrode,eKo,ZETA,Neon,0.83,233.0,14,16,2,-2,65.0,138.0,23.0,5.0,2.0,3.0,ZETA,,4,FS,,13,0,VCT Emea
0,Corrode,Absol,ZETA,Yoru,0.74,199.0,11,14,3,-3,71.0,119.0,17.0,2.0,0.0,2.0,ZETA,,4,FS,,13,0,VCT Emea
0,Corrode,SugarZ3ro,ZETA,Omen,0.58,111.0,6,12,4,-6,59.0,66.0,50.0,1.0,3.0,-2.0,ZETA,,4,FS,,13,0,VCT Emea
0,Corrode,SyouTa,ZETA,Viper,0.52,158.0,8,14,4,-6,65.0,96.0,32.0,3.0,1.0,2.0,ZETA,,4,FS,,13,0,VCT Emea
0,Corrode,Xdll,ZETA,Fade,0.49,99.0,6,13,1,-7,41.0,61.0,38.0,0.0,0.0,0.0,ZETA,,4,FS,,13,0,VCT Emea
0,Corrode,primmie,FS,Yoru,1.96,331.0,22,5,0,17,88.0,192.0,30.0,3.0,1.0,2.0,ZETA,,4,FS,,13,1,VCT Emea
0,Corrode,Killua,FS,Fade,1.68,320.0,20,8,6,12,76.0,200.0,44.0,0.0,2.0,-2.0,ZETA,,4,FS,,13,1,VCT Emea
0,Corrode,thyy,FS,Waylay,1.05,193.0,12,10,4,2,94.0,113.0,40.0,1.0,2.0,-1.0,ZETA,,4,FS,,13,1,VCT Emea
0,Corrode,JitBoyS,FS,Cypher,0.95,142.0,8,10,8,-2,82.0,90.0,39.0,1.0,3.0,-2.0,ZETA,,4,FS,,13,1,VCT Emea
0,Corrode,Leviathan,FS,Omen,0.64,135.0,7,12,8,-5,76.0,87.0,41.0,1.0,3.0,-2.0,ZETA,,4,FS,,13,1,VCT Emea
2,Split,eKo,ZETA,Neon,0.78,195.0,9,13,4,-4,60.0,127.0,16.0,2.0,4.0,-2.0,ZETA,,2,FS,,13,0,VCT Emea
2,Split,Absol,ZETA,Yoru,0.62,185.0,9,13,1,-4,53.0,99.0,7.0,2.0,2.0,0.0,ZETA,,2,FS,,13,0,VCT Emea
2,Split,SugarZ3ro,ZETA,Omen,0.52,148.0,6,14,6,-8,60.0,115.0,23.0,0.0,0.0,0.0,ZETA,,2,FS,,13,0,VCT Emea
2,Split,SyouTa,ZETA,Viper,0.42,132.0,6,15,2,-9,40.0,100.0,48.0,2.0,1.0,1.0,ZETA,,2,FS,,13,0,VCT Emea
2,Split,Xdll,ZETA,Fade,0.33,89.0,5,14,0,-9,27.0,53.0,9.0,1.0,1.0,0.0,ZETA,,2,FS,,13,0,VCT Emea
2,Split,Leviathan,FS,Omen,1.97,306.0,18,6,9,12,87.0,187.0,30.0,3.0,1.0,2.0,ZETA,,2,FS,,13,1,VCT Emea
2,Split,primmie,FS,Yoru,1.67,336.0,19,8,1,11,93.0,235.0,45.0,3.0,2.0,1.0,ZETA,,2,FS,,13,1,VCT Emea
2,Split,JitBoyS,FS,Viper,1.48,248.0,13,5,5,8,100.0,141.0,32.0,1.0,2.0,-1.0,ZETA,,2,FS,,13,1,VCT Emea
2,Split,Killua,FS,Fade,1.08,160.0,10,7,2,3,87.0,101.0,42.0,0.0,1.0,-1.0,ZETA,,2,FS,,13,1,VCT Emea
2,Split,thyy,FS,Raze,1.03,181.0,9,9,6,0,80.0,119.0,17.0,1.0,1.0,0.0,ZETA,,2,FS,,13,1,VCT Emea
0,Abyss,Zexy,VL,Yoru,1.6,385.0,28,16,1,12,75.0,224.0,35.0,6.0,1.0,5.0,VL,,7,GE,,13,0,VCT Emea
0,Abyss,Klaus,VL,Veto,0.79,160.0,12,15,1,-3,70.0,121.0,31.0,2.0,2.0,0.0,VL,,7,GE,,13,0,VCT Emea
0,Abyss,XuNa,VL,Sova,0.65,145.0,9,17,7,-8,60.0,114.0,29.0,2.0,0.0,2.0,VL,,7,GE,,13,0,VCT Emea
0,Abyss,oonzmlp,VL,Harbor,0.6,125.0,8,16,5,-8,60.0,82.0,33.0,0.0,4.0,-4.0,VL,,7,GE,,13,0,VCT Emea
0,Abyss,C1ndeR,VL,Astra,0.17,49.0,2,17,7,-15,55.0,40.0,4.0,0.0,2.0,-2.0,VL,,7,GE,,13,0,VCT Emea
0,Abyss,xavi8k,GE,Astra,1.28,262.0,20,14,4,6,80.0,152.0,30.0,1.0,3.0,-2.0,VL,,7,GE,,13,1,VCT Emea
0,Abyss,UdoTan,GE,Veto,1.21,234.0,18,12,2,6,75.0,141.0,26.0,3.0,0.0,3.0,VL,,7,GE,,13,1,VCT Emea
0,Abyss,Kr1stal,GE,Sova,1.2,183.0,11,9,7,2,70.0,133.0,35.0,1.0,1.0,0.0,VL,,7,GE,,13,1,VCT Emea
0,Abyss,Autumn,GE,Yoru,1.07,215.0,16,13,2,3,70.0,137.0,25.0,2.0,5.0,-3.0,VL,,7,GE,,13,1,VCT Emea
0,Abyss,PatMen,GE,Omen,0.92,149.0,11,11,5,0,70.0,87.0,43.0,2.0,1.0,1.0,VL,,7,GE,,13,1,VCT Emea
2,Split,XuNa,VL,Fade,0.96,239.0,16,17,4,-1,65.0,156.0,39.0,2.0,0.0,2.0,VL,,7,GE,,13,0,VCT Emea
2,Split,Klaus,VL,Yoru,0.85,208.0,15,16,5,-1,65.0,137.0,28.0,2.0,3.0,-1.0,VL,,7,GE,,13,0,VCT Emea
2,Split,oonzmlp,VL,Viper,0.67,176.0,12,18,3,-6,55.0,109.0,31.0,2.0,2.0,0.0,VL,,7,GE,,13,0,VCT Emea
2,Split,Zexy,VL,Raze,0.65,164.0,11,17,2,-6,55.0,108.0,13.0,3.0,3.0,0.0,VL,,7,GE,,13,0,VCT Emea
2,Split,C1ndeR,VL,Omen,0.24,118.0,7,19,1,-12,40.0,81.0,41.0,2.0,1.0,1.0,VL,,7,GE,,13,0,VCT Emea
2,Split,UdoTan,GE,Veto,1.76,326.0,24,11,2,13,75.0,216.0,45.0,3.0,1.0,2.0,VL,,7,GE,,13,1,VCT Emea
2,Split,xavi8k,GE,Astra,1.42,258.0,20,12,5,8,90.0,161.0,27.0,2.0,0.0,2.0,VL,,7,GE,,13,1,VCT Emea
2,Split,PatMen,GE,Viper,1.33,231.0,19,11,3,8,85.0,158.0,41.0,2.0,2.0,0.0,VL,,7,GE,,13,1,VCT Emea
2,Split,Kr1stal,GE,Fade,1.0,192.0,13,13,7,0,90.0,132.0,36.0,1.0,3.0,-2.0,VL,,7,GE,,13,1,VCT Emea
2,Split,Autumn,GE,Yoru,0.86,158.0,11,14,5,-3,85.0,103.0,42.0,1.0,5.0,-4.0,VL,,7,GE,,13,1,VCT Emea
0,Abyss,Caedye,DFM,Veto,1.56,317.0,24,14,3,10,81.0,192.0,46.0,7.0,0.0,7.0,DFM,,13,GEN,,8,1,VCT Emea
0,Abyss,SSeeS,DFM,Astra,1.38,226.0,17,12,7,5,86.0,150.0,21.0,0.0,0.0,0.0,DFM,,13,GEN,,8,1,VCT Emea
0,Abyss,yatsuka,DFM,Yoru,1.14,179.0,16,11,4,5,67.0,109.0,38.0,2.0,2.0,0.0,DFM,,13,GEN,,8,1,VCT Emea
0,Abyss,Akame,DFM,Sova,0.96,179.0,13,14,7,-1,76.0,129.0,23.0,0.0,2.0,-2.0,DFM,,13,GEN,,8,1,VCT Emea
0,Abyss,Meiy,DFM,Waylay,0.64,152.0,11,16,7,-5,71.0,103.0,17.0,4.0,4.0,0.0,DFM,,13,GEN,,8,1,VCT Emea
0,Abyss,Ash,GEN,Astra,1.57,263.0,21,12,4,9,71.0,172.0,58.0,3.0,1.0,2.0,DFM,,13,GEN,,8,0,VCT Emea
0,Abyss,t3xture,GEN,Yoru,1.08,252.0,19,17,3,2,81.0,155.0,26.0,2.0,4.0,-2.0,DFM,,13,GEN,,8,0,VCT Emea
0,Abyss,Karon,GEN,Veto,0.71,171.0,12,16,3,-4,62.0,106.0,26.0,2.0,2.0,0.0,DFM,,13,GEN,,8,0,VCT Emea
0,Abyss,ZynX,GEN,Waylay,0.34,108.0,7,19,5,-12,52.0,68.0,45.0,1.0,2.0,-1.0,DFM,,13,GEN,,8,0,VCT Emea
0,Abyss,Lakia,GEN,Sova,0.32,84.0,6,17,2,-11,48.0,70.0,33.0,0.0,4.0,-4.0,DFM,,13,GEN,,8,0,VCT Emea
2,Pearl,Meiy,DFM,Neon,1.57,354.0,31,16,3,15,87.0,221.0,30.0,4.0,2.0,2.0,DFM,,13,GEN,,10,1,VCT Emea
2,Pearl,Akame,DFM,Sova,0.94,177.0,13,13,3,0,65.0,135.0,36.0,0.0,2.0,-2.0,DFM,,13,GEN,,10,1,VCT Emea
2,Pearl,SSeeS,DFM,Astra,0.93,133.0,10,12,14,-2,91.0,92.0,15.0,1.0,1.0,0.0,DFM,,13,GEN,,10,1,VCT Emea
2,Pearl,Caedye,DFM,Killjoy,0.88,174.0,15,16,3,-1,61.0,121.0,39.0,3.0,3.0,0.0,DFM,,13,GEN,,10,1,VCT Emea
2,Pearl,yatsuka,DFM,Yoru,0.78,155.0,12,15,1,-3,70.0,98.0,19.0,4.0,3.0,1.0,DFM,,13,GEN,,10,1,VCT Emea
2,Pearl,Karon,GEN,Killjoy,1.63,280.0,22,13,3,9,96.0,207.0,31.0,2.0,1.0,1.0,DFM,,13,GEN,,10,0,VCT Emea
2,Pearl,Ash,GEN,Astra,0.89,135.0,11,14,12,-3,83.0,78.0,30.0,0.0,1.0,-1.0,DFM,,13,GEN,,10,0,VCT Emea
2,Pearl,ZynX,GEN,Yoru,0.88,182.0,15,17,8,-2,61.0,124.0,39.0,3.0,4.0,-1.0,DFM,,13,GEN,,10,0,VCT Emea
2,Pearl,Lakia,GEN,Tejo,0.86,164.0,11,17,10,-6,83.0,116.0,18.0,3.0,0.0,3.0,DFM,,13,GEN,,10,0,VCT Emea
2,Pearl,t3xture,GEN,Neon,0.71,170.0,13,20,3,-7,61.0,104.0,26.0,3.0,6.0,-3.0,DFM,,13,GEN,,10,0,VCT Emea
0,Split,BerserX,TS,Viper,0.96,231.0,12,13,2,-1,80.0,138.0,20.0,0.0,1.0,-1.0,TS,,2,DFM,,13,0,VCT Emea
0,Split,JessieVash,TS,Fade,0.92,174.0,9,12,4,-3,80.0,146.0,40.0,0.0,0.0,0.0,TS,,2,DFM,,13,0,VCT Emea
0,Split,kellyS,TS,Yoru,0.82,201.0,10,14,3,-4,73.0,114.0,27.0,2.0,3.0,-1.0,TS,,2,DFM,,13,0,VCT Emea
0,Split,Sylvan,TS,Omen,0.6,135.0,6,13,4,-7,60.0,84.0,39.0,1.0,1.0,0.0,TS,,2,DFM,,13,0,VCT Emea
0,Split,TenTen,TS,Waylay,0.41,117.0,6,15,3,-9,53.0,79.0,23.0,0.0,7.0,-7.0,TS,,2,DFM,,13,0,VCT Emea
0,Split,Akame,DFM,Fade,1.65,248.0,15,6,5,9,100.0,169.0,33.0,0.0,0.0,0.0,TS,,2,DFM,,13,1,VCT Emea
0,Split,Meiy,DFM,Raze,1.4,256.0,17,9,1,8,80.0,158.0,19.0,3.0,1.0,2.0,TS,,2,DFM,,13,1,VCT Emea
0,Split,Caedye,DFM,Viper,1.17,284.0,15,11,2,4,87.0,182.0,30.0,4.0,1.0,3.0,TS,,2,DFM,,13,1,VCT Emea
0,Split,SSeeS,DFM,Omen,1.02,236.0,13,9,6,4,73.0,161.0,31.0,3.0,1.0,2.0,TS,,2,DFM,,13,1,VCT Emea
0,Split,yatsuka,DFM,Yoru,0.96,142.0,7,8,6,-1,80.0,99.0,15.0,2.0,0.0,2.0,TS,,2,DFM,,13,1,VCT Emea
2,Bind,kellyS,TS,Yoru,1.42,248.0,19,15,5,4,86.0,166.0,25.0,4.0,3.0,1.0,TS,,8,DFM,,13,0,VCT Emea
2,Bind,BerserX,TS,Viper,1.27,265.0,17,15,10,2,81.0,179.0,20.0,2.0,2.0,0.0,TS,,8,DFM,,13,0,VCT Emea
2,Bind,Sylvan,TS,Brimstone,0.78,138.0,10,16,14,-6,62.0,78.0,21.0,1.0,1.0,0.0,TS,,8,DFM,,13,0,VCT Emea
2,Bind,JessieVash,TS,Fade,0.76,162.0,12,16,6,-4,76.0,110.0,33.0,1.0,0.0,1.0,TS,,8,DFM,,13,0,VCT Emea
2,Bind,TenTen,TS,Waylay,0.73,169.0,14,18,2,-4,52.0,89.0,21.0,5.0,2.0,3.0,TS,,8,DFM,,13,0,VCT Emea
2,Bind,Akame,DFM,Fade,1.67,296.0,21,11,9,10,86.0,195.0,28.0,1.0,0.0,1.0,TS,,8,DFM,,13,1,VCT Emea
2,Bind,SSeeS,DFM,Brimstone,1.14,177.0,14,12,9,2,81.0,109.0,30.0,1.0,2.0,-1.0,TS,,8,DFM,,13,1,VCT Emea
2,Bind,yatsuka,DFM,Yoru,0.99,186.0,14,13,3,1,62.0,129.0,40.0,3.0,4.0,-1.0,TS,,8,DFM,,13,1,VCT Emea
2,Bind,Meiy,DFM,Raze,0.86,271.0,20,17,4,3,76.0,167.0,26.0,2.0,2.0,0.0,TS,,8,DFM,,13,1,VCT Emea
2,Bind,Caedye,DFM,Viper,0.51,157.0,11,19,8,-8,67.0,96.0,43.0,1.0,5.0,-4.0,TS,,8,DFM,,13,1,VCT Emea
0,Haven,Absol,ZETA,Yoru,1.27,275.0,23,17,8,6,88.0,174.0,13.0,3.0,3.0,0.0,ZETA,,11,GE,,13,0,VCT Emea
0,Haven,SugarZ3ro,ZETA,Omen,1.22,233.0,19,16,13,3,88.0,134.0,33.0,1.0,3.0,-2.0,ZETA,,11,GE,,13,0,VCT Emea
0,Haven,SyouTa,ZETA,Cypher,0.77,147.0,13,17,4,-4,71.0,92.0,23.0,0.0,4.0,-4.0,ZETA,,11,GE,,13,0,VCT Emea
0,Haven,eKo,ZETA,Neon,0.75,185.0,16,19,4,-3,67.0,118.0,23.0,1.0,7.0,-6.0,ZETA,,11,GE,,13,0,VCT Emea
0,Haven,Xdll,ZETA,Sova,0.52,116.0,9,20,7,-11,71.0,89.0,25.0,1.0,1.0,0.0,ZETA,,11,GE,,13,0,VCT Emea
0,Haven,xavi8k,GE,Astra,1.44,244.0,22,14,11,8,79.0,161.0,22.0,3.0,1.0,2.0,ZETA,,11,GE,,13,1,VCT Emea
0,Haven,Autumn,GE,Jett,1.27,266.0,22,16,3,6,67.0,172.0,43.0,7.0,2.0,5.0,ZETA,,11,GE,,13,1,VCT Emea
0,Haven,PatMen,GE,Skye,1.07,232.0,18,18,10,0,75.0,142.0,26.0,5.0,0.0,5.0,ZETA,,11,GE,,13,1,VCT Emea
0,Haven,Kr1stal,GE,Sova,0.99,173.0,15,16,7,-1,79.0,135.0,38.0,2.0,1.0,1.0,ZETA,,11,GE,,13,1,VCT Emea
0,Haven,UdoTan,GE,Chamber,0.72,138.0,12,16,2,-4,67.0,103.0,28.0,1.0,2.0,-1.0,ZETA,,11,GE,,13,1,VCT Emea
2,Abyss,Xdll,ZETA,Sova,1.24,226.0,19,16,5,3,68.0,148.0,25.0,1.0,2.0,-1.0,ZETA,,9,GE,,13,0,VCT Emea
2,Abyss,SugarZ3ro,ZETA,Omen,1.23,305.0,23,17,7,6,82.0,185.0,23.0,4.0,3.0,1.0,ZETA,,9,GE,,13,0,VCT Emea
2,Abyss,SyouTa,ZETA,Astra,0.84,179.0,15,15,4,0,64.0,113.0,48.0,1.0,2.0,-1.0,ZETA,,9,GE,,13,0,VCT Emea
2,Abyss,Absol,ZETA,Yoru,0.62,178.0,14,19,3,-5,64.0,108.0,20.0,3.0,4.0,-1.0,ZETA,,9,GE,,13,0,VCT Emea
2,Abyss,eKo,ZETA,Waylay,0.56,122.0,10,16,2,-6,64.0,79.0,18.0,1.0,1.0,0.0,ZETA,,9,GE,,13,0,VCT Emea
2,Abyss,xavi8k,GE,Astra,1.31,249.0,22,16,6,6,77.0,157.0,21.0,2.0,0.0,2.0,ZETA,,9,GE,,13,1,VCT Emea
2,Abyss,Kr1stal,GE,Sova,1.26,205.0,16,14,6,2,77.0,147.0,28.0,2.0,1.0,1.0,ZETA,,9,GE,,13,1,VCT Emea
2,Abyss,Autumn,GE,Yoru,1.1,217.0,16,15,6,1,68.0,137.0,35.0,1.0,0.0,1.0,ZETA,,9,GE,,13,1,VCT Emea
2,Abyss,UdoTan,GE,Veto,0.85,196.0,15,18,1,-3,64.0,119.0,35.0,4.0,4.0,0.0,ZETA,,9,GE,,13,1,VCT Emea
2,Abyss,PatMen,GE,Omen,0.72,186.0,14,18,3,-4,73.0,124.0,36.0,3.0,5.0,-2.0,ZETA,,9,GE,,13,1,VCT Emea
0,Corrode,Klaus,VL,Waylay,1.23,235.0,21,16,7,5,70.0,139.0,30.0,2.0,1.0,1.0,VL,,13,KRX,,10,1,VCT Emea
0,Corrode,XuNa,VL,Sova,1.11,188.0,16,14,5,2,74.0,146.0,34.0,0.0,1.0,-1.0,VL,,13,KRX,,10,1,VCT Emea
0,Corrode,C1ndeR,VL,Brimstone,1.07,174.0,13,13,16,0,87.0,100.0,23.0,4.0,0.0,4.0,VL,,13,KRX,,10,1,VCT Emea
0,Corrode,Zexy,VL,Raze,0.94,228.0,17,19,4,-2,70.0,144.0,14.0,7.0,4.0,3.0,VL,,13,KRX,,10,1,VCT Emea
0,Corrode,oonzmlp,VL,Omen,0.87,158.0,10,15,12,-5,74.0,111.0,35.0,2.0,2.0,0.0,VL,,13,KRX,,10,1,VCT Emea
0,Corrode,MaKo,KRX,Omen,1.33,236.0,20,14,5,6,83.0,143.0,27.0,2.0,2.0,0.0,VL,,13,KRX,,10,0,VCT Emea
0,Corrode,BeYN,KRX,Fade,1.22,235.0,19,14,7,5,83.0,151.0,41.0,1.0,1.0,0.0,VL,,13,KRX,,10,0,VCT Emea
0,Corrode,HYUNMIN,KRX,Waylay,0.86,186.0,15,16,3,-1,74.0,123.0,30.0,1.0,2.0,-1.0,VL,,13,KRX,,10,0,VCT Emea
0,Corrode,free1ng,KRX,Viper,0.72,144.0,12,17,5,-5,65.0,95.0,40.0,1.0,6.0,-5.0,VL,,13,KRX,,10,0,VCT Emea
0,Corrode,Hermes,KRX,Yoru,0.67,133.0,11,16,2,-5,65.0,82.0,30.0,3.0,4.0,-1.0,VL,,13,KRX,,10,0,VCT Emea
2,Split,oonzmlp,VL,Viper,1.43,254.0,20,15,7,5,74.0,182.0,40.0,2.0,0.0,2.0,VL,,10,KRX,,13,0,VCT Emea
2,Split,XuNa,VL,Skye,1.42,260.0,23,16,7,7,74.0,161.0,25.0,1.0,1.0,0.0,VL,,10,KRX,,13,0,VCT Emea
2,Split,Klaus,VL,Chamber,0.79,187.0,15,19,4,-4,70.0,117.0,19.0,3.0,3.0,0.0,VL,,10,KRX,,13,0,VCT Emea
2,Split,C1ndeR,VL,Omen,0.46,117.0,6,18,15,-12,78.0,75.0,32.0,0.0,1.0,-1.0,VL,,10,KRX,,13,0,VCT Emea
2,Split,Zexy,VL,Raze,0.37,144.0,12,22,2,-10,61.0,96.0,28.0,4.0,8.0,-4.0,VL,,10,KRX,,13,0,VCT Emea
2,Split,BeYN,KRX,Skye,1.16,205.0,18,13,6,5,70.0,132.0,17.0,1.0,0.0,1.0,VL,,10,KRX,,13,1,VCT Emea
2,Split,Hermes,KRX,Viper,1.16,214.0,18,13,8,5,65.0,124.0,22.0,4.0,3.0,1.0,VL,,10,KRX,,13,1,VCT Emea
2,Split,HYUNMIN,KRX,Raze,1.07,267.0,20,20,8,0,91.0,177.0,26.0,3.0,3.0,0.0,VL,,10,KRX,,13,1,VCT Emea
2,Split,MaKo,KRX,Omen,1.06,235.0,19,17,4,2,74.0,150.0,20.0,4.0,2.0,2.0,VL,,10,KRX,,13,1,VCT Emea
2,Split,free1ng,KRX,Tejo,1.03,186.0,15,14,5,1,70.0,117.0,26.0,1.0,2.0,-1.0,VL,,10,KRX,,13,1,VCT Emea
3,Bind,Zexy,VL,Raze,1.03,270.0,16,16,2,0,67.0,162.0,17.0,4.0,2.0,2.0,VL,,5,KRX,,13,0,VCT Emea
3,Bind,oonzmlp,VL,Brimstone,0.89,170.0,10,12,4,-2,83.0,109.0,38.0,0.0,0.0,0.0,VL,,5,KRX,,13,0,VCT Emea
3,Bind,C1ndeR,VL,Astra,0.64,134.0,9,14,3,-5,56.0,79.0,21.0,2.0,6.0,-4.0,VL,,5,KRX,,13,0,VCT Emea
3,Bind,Klaus,VL,Yoru,0.6,117.0,7,12,1,-5,56.0,78.0,39.0,0.0,2.0,-2.0,VL,,5,KRX,,13,0,VCT Emea
3,Bind,XuNa,VL,Skye,0.57,86.0,4,11,4,-7,56.0,54.0,10.0,1.0,1.0,0.0,VL,,5,KRX,,13,0,VCT Emea
3,Bind,HYUNMIN,KRX,Raze,1.57,301.0,19,9,6,10,94.0,206.0,25.0,3.0,0.0,3.0,VL,,5,KRX,,13,1,VCT Emea
3,Bind,BeYN,KRX,Fade,1.29,159.0,12,7,2,5,89.0,96.0,30.0,1.0,1.0,0.0,VL,,5,KRX,,13,1,VCT Emea
3,Bind,MaKo,KRX,Brimstone,1.12,137.0,9,8,7,1,94.0,87.0,19.0,0.0,1.0,-1.0,VL,,5,KRX,,13,1,VCT Emea
3,Bind,Hermes,KRX,Yoru,1.08,167.0,11,9,6,2,78.0,107.0,21.0,2.0,2.0,0.0,VL,,5,KRX,,13,1,VCT Emea
3,Bind,free1ng,KRX,Viper,0.99,224.0,14,13,5,1,61.0,162.0,42.0,5.0,3.0,2.0,VL,,5,KRX,,13,1,VCT Emea
0,Breeze,t3xture,GEN,Jett,1.7,333.0,24,11,3,13,65.0,203.0,19.0,5.0,2.0,3.0,GEN,,13,T1,,7,1,VCT Emea
0,Breeze,Lakia,GEN,Sova,1.06,191.0,13,14,7,-1,80.0,139.0,14.0,0.0,1.0,-1.0,GEN,,13,T1,,7,1,VCT Emea
0,Breeze,Ash,GEN,Astra,1.06,194.0,15,11,2,4,65.0,111.0,24.0,2.0,3.0,-1.0,GEN,,13,T1,,7,1,VCT Emea
0,Breeze,Karon,GEN,Viper,1.03,177.0,13,13,2,0,75.0,123.0,20.0,1.0,0.0,1.0,GEN,,13,T1,,7,1,VCT Emea
0,Breeze,ZynX,GEN,Yoru,1.01,208.0,14,13,6,1,70.0,130.0,31.0,2.0,4.0,-2.0,GEN,,13,T1,,7,1,VCT Emea
0,Breeze,stax,T1,Sova,0.95,169.0,13,14,1,-1,60.0,104.0,14.0,2.0,1.0,1.0,GEN,,13,T1,,7,0,VCT Emea
0,Breeze,Meteor,T1,Astra,0.9,207.0,16,17,3,-1,60.0,135.0,46.0,1.0,1.0,0.0,GEN,,13,T1,,7,0,VCT Emea
0,Breeze,iZu,T1,Yoru,0.83,213.0,14,15,3,-1,60.0,138.0,39.0,4.0,4.0,0.0,GEN,,13,T1,,7,0,VCT Emea
0,Breeze,Munchkin,T1,Viper,0.66,147.0,10,16,6,-6,70.0,102.0,24.0,1.0,1.0,0.0,GEN,,13,T1,,7,0,VCT Emea
0,Breeze,BuZz,T1,Jett,0.55,155.0,9,17,4,-8,75.0,101.0,15.0,2.0,3.0,-1.0,GEN,,13,T1,,7,0,VCT Emea
2,Bind,t3xture,GEN,Raze,1.44,304.0,21,17,1,4,76.0,190.0,15.0,4.0,2.0,2.0,GEN,,8,T1,,13,0,VCT Emea
2,Bind,Karon,GEN,Viper,1.22,244.0,17,16,3,1,62.0,166.0,43.0,3.0,1.0,2.0,GEN,,8,T1,,13,0,VCT Emea
2,Bind,Lakia,GEN,Skye,0.98,158.0,12,14,4,-2,62.0,104.0,31.0,0.0,1.0,-1.0,GEN,,8,T1,,13,0,VCT Emea
2,Bind,Ash,GEN,Astra,0.92,176.0,12,14,5,-2,71.0,112.0,24.0,1.0,3.0,-2.0,GEN,,8,T1,,13,0,VCT Emea
2,Bind,ZynX,GEN,Waylay,0.18,93.0,6,19,3,-13,52.0,66.0,21.0,0.0,6.0,-6.0,GEN,,8,T1,,13,0,VCT Emea
2,Bind,Meteor,T1,Viper,1.39,282.0,22,14,2,8,76.0,184.0,49.0,4.0,2.0,2.0,GEN,,8,T1,,13,1,VCT Emea
2,Bind,iZu,T1,Yoru,1.19,260.0,20,13,1,7,71.0,148.0,24.0,5.0,2.0,3.0,GEN,,8,T1,,13,1,VCT Emea
2,Bind,Munchkin,T1,Brimstone,1.05,220.0,15,13,7,2,71.0,143.0,10.0,2.0,2.0,0.0,GEN,,8,T1,,13,1,VCT Emea
2,Bind,BuZz,T1,Waylay,0.76,194.0,15,15,3,0,71.0,129.0,19.0,2.0,2.0,0.0,GEN,,8,T1,,13,1,VCT Emea
2,Bind,stax,T1,Fade,0.62,96.0,8,13,7,-5,62.0,63.0,32.0,0.0,0.0,0.0,GEN,,8,T1,,13,1,VCT Emea
3,Haven,Karon,GEN,Cypher,1.25,211.0,16,13,3,3,68.0,128.0,26.0,3.0,0.0,3.0,GEN,,9,T1,,13,0,VCT Emea
3,Haven,ZynX,GEN,Yoru,0.95,214.0,18,14,2,4,55.0,141.0,44.0,2.0,3.0,-1.0,GEN,,9,T1,,13,0,VCT Emea
3,Haven,Lakia,GEN,Sova,0.89,173.0,11,14,5,-3,64.0,117.0,21.0,1.0,2.0,-1.0,GEN,,9,T1,,13,0,VCT Emea
3,Haven,t3xture,GEN,Jett,0.74,154.0,12,16,2,-4,68.0,103.0,43.0,3.0,3.0,0.0,GEN,,9,T1,,13,0,VCT Emea
3,Haven,Ash,GEN,Omen,0.65,111.0,8,13,6,-5,68.0,77.0,24.0,1.0,4.0,-3.0,GEN,,9,T1,,13,0,VCT Emea
3,Haven,iZu,T1,Omen,1.41,223.0,19,10,5,9,82.0,135.0,43.0,4.0,2.0,2.0,GEN,,9,T1,,13,1,VCT Emea
3,Haven,Munchkin,T1,Viper,1.37,243.0,17,12,13,5,73.0,157.0,18.0,3.0,3.0,0.0,GEN,,9,T1,,13,1,VCT Emea
3,Haven,Meteor,T1,Killjoy,1.21,230.0,21,15,2,6,64.0,153.0,30.0,3.0,4.0,-1.0,GEN,,9,T1,,13,1,VCT Emea
3,Haven,stax,T1,Sova,0.74,86.0,6,12,6,-6,77.0,58.0,9.0,0.0,0.0,0.0,GEN,,9,T1,,13,1,VCT Emea
3,Haven,BuZz,T1,Neon,0.5,95.0,7,16,5,-9,59.0,55.0,17.0,2.0,1.0,1.0,GEN,,9,T1,,13,1,VCT Emea
0,Bind,JessieVash,TS,Fade,1.6,282.0,19,10,4,9,82.0,150.0,29.0,0.0,1.0,-1.0,TS,,13,ZETA,,4,1,VCT Emea
0,Bind,TenTen,TS,Raze,1.2,223.0,14,9,1,5,65.0,137.0,10.0,3.0,3.0,0.0,TS,,13,ZETA,,4,1,VCT Emea
0,Bind,kellyS,TS,Yoru,1.17,269.0,17,12,5,5,71.0,173.0,32.0,1.0,4.0,-3.0,TS,,13,ZETA,,4,1,VCT Emea
0,Bind,Sylvan,TS,Brimstone,1.1,187.0,10,10,7,0,82.0,105.0,23.0,2.0,1.0,1.0,TS,,13,ZETA,,4,1,VCT Emea
0,Bind,BerserX,TS,Viper,1.0,178.0,10,10,8,0,71.0,107.0,14.0,1.0,1.0,0.0,TS,,13,ZETA,,4,1,VCT Emea
0,Bind,Xdll,ZETA,Skye,0.94,214.0,15,13,2,2,59.0,120.0,32.0,4.0,0.0,4.0,TS,,13,ZETA,,4,0,VCT Emea
0,Bind,Absol,ZETA,Raze,0.89,237.0,12,15,6,-3,65.0,161.0,13.0,3.0,3.0,0.0,TS,,13,ZETA,,4,0,VCT Emea
0,Bind,eKo,ZETA,Waylay,0.76,198.0,12,15,5,-3,71.0,136.0,15.0,2.0,1.0,1.0,TS,,13,ZETA,,4,0,VCT Emea
0,Bind,SyouTa,ZETA,Viper,0.59,131.0,7,13,5,-6,71.0,98.0,19.0,1.0,1.0,0.0,TS,,13,ZETA,,4,0,VCT Emea
0,Bind,SugarZ3ro,ZETA,Brimstone,0.47,121.0,5,14,5,-9,65.0,86.0,23.0,0.0,2.0,-2.0,TS,,13,ZETA,,4,0,VCT Emea
2,Split,kellyS,TS,Yoru,0.99,225.0,14,14,6,0,76.0,140.0,24.0,2.0,3.0,-1.0,TS,,4,ZETA,,13,0,VCT Emea
2,Split,TenTen,TS,Raze,0.87,176.0,10,14,4,-4,71.0,124.0,21.0,1.0,2.0,-1.0,TS,,4,ZETA,,13,0,VCT Emea
2,Split,JessieVash,TS,Fade,0.83,214.0,13,13,5,0,76.0,137.0,24.0,2.0,1.0,1.0,TS,,4,ZETA,,13,0,VCT Emea
2,Split,BerserX,TS,Viper,0.48,152.0,7,15,6,-8,76.0,98.0,17.0,1.0,1.0,0.0,TS,,4,ZETA,,13,0,VCT Emea
2,Split,Sylvan,TS,Omen,0.31,81.0,4,15,4,-11,53.0,49.0,13.0,1.0,3.0,-2.0,TS,,4,ZETA,,13,0,VCT Emea
2,Split,Xdll,ZETA,Fade,1.5,276.0,19,9,5,10,82.0,159.0,42.0,2.0,2.0,0.0,TS,,4,ZETA,,13,1,VCT Emea
2,Split,SugarZ3ro,ZETA,Omen,1.27,225.0,12,10,9,2,82.0,145.0,26.0,0.0,0.0,0.0,TS,,4,ZETA,,13,1,VCT Emea
2,Split,eKo,ZETA,Neon,1.26,288.0,16,13,8,3,88.0,189.0,16.0,5.0,2.0,3.0,TS,,4,ZETA,,13,1,VCT Emea
2,Split,SyouTa,ZETA,Viper,1.23,163.0,11,7,1,4,76.0,103.0,35.0,1.0,1.0,0.0,TS,,4,ZETA,,13,1,VCT Emea
2,Split,Absol,ZETA,Yoru,1.08,195.0,13,9,4,4,76.0,116.0,22.0,2.0,2.0,0.0,TS,,4,ZETA,,13,1,VCT Emea
3,Abyss,JessieVash,TS,Sova,1.1,230.0,19,19,6,0,75.0,152.0,20.0,2.0,3.0,-1.0,TS,,11,ZETA,,13,0,VCT Emea
3,Abyss,TenTen,TS,Jett,0.9,172.0,14,15,5,-1,79.0,106.0,15.0,4.0,6.0,-2.0,TS,,11,ZETA,,13,0,VCT Emea
3,Abyss,Sylvan,TS,Astra,0.81,153.0,13,18,8,-5,83.0,98.0,26.0,1.0,2.0,-1.0,TS,,11,ZETA,,13,0,VCT Emea
3,Abyss,BerserX,TS,Vyse,0.79,165.0,14,18,5,-4,67.0,123.0,30.0,0.0,1.0,-1.0,TS,,11,ZETA,,13,0,VCT Emea
3,Abyss,kellyS,TS,Yoru,0.7,183.0,15,20,2,-5,63.0,118.0,19.0,1.0,3.0,-2.0,TS,,11,ZETA,,13,0,VCT Emea
3,Abyss,eKo,ZETA,Waylay,1.28,264.0,24,16,6,8,79.0,169.0,25.0,5.0,4.0,1.0,TS,,11,ZETA,,13,1,VCT Emea
3,Abyss,SyouTa,ZETA,Astra,1.11,191.0,17,13,5,4,67.0,124.0,47.0,1.0,0.0,1.0,TS,,11,ZETA,,13,1,VCT Emea
3,Abyss,Xdll,ZETA,Sova,1.09,185.0,15,13,3,2,75.0,131.0,24.0,2.0,0.0,2.0,TS,,11,ZETA,,13,1,VCT Emea
3,Abyss,SugarZ3ro,ZETA,Omen,1.02,205.0,16,16,8,0,79.0,132.0,31.0,3.0,1.0,2.0,TS,,11,ZETA,,13,1,VCT Emea
3,Abyss,Absol,ZETA,Yoru,0.56,107.0,9,17,7,-8,79.0,77.0,13.0,4.0,3.0,1.0,TS,,11,ZETA,,13,1,VCT Emea
0,Breeze,Zexy,VL,Jett,1.31,256.0,21,16,5,5,70.0,181.0,35.0,5.0,3.0,2.0,VL,,10,GEN,,13,0,VCT Emea
0,Breeze,Klaus,VL,Yoru,1.3,224.0,19,18,3,1,65.0,139.0,41.0,3.0,2.0,1.0,VL,,10,GEN,,13,0,VCT Emea
0,Breeze,XuNa,VL,Sova,1.06,175.0,15,15,5,0,70.0,134.0,42.0,2.0,2.0,0.0,VL,,10,GEN,,13,0,VCT Emea
0,Breeze,C1ndeR,VL,Astra,0.63,95.0,7,15,9,-8,65.0,64.0,39.0,1.0,1.0,0.0,VL,,10,GEN,,13,0,VCT Emea
0,Breeze,oonzmlp,VL,Viper,0.37,77.0,4,17,5,-13,57.0,60.0,25.0,0.0,4.0,-4.0,VL,,10,GEN,,13,0,VCT Emea
0,Breeze,Karon,GEN,Viper,1.47,240.0,21,12,11,9,78.0,175.0,37.0,2.0,1.0,1.0,VL,,10,GEN,,13,1,VCT Emea
0,Breeze,ZynX,GEN,Yoru,1.33,288.0,24,14,3,10,74.0,192.0,40.0,5.0,2.0,3.0,VL,,10,GEN,,13,1,VCT Emea
0,Breeze,Lakia,GEN,Sova,1.06,152.0,11,10,10,1,83.0,98.0,28.0,0.0,0.0,0.0,VL,,10,GEN,,13,1,VCT Emea
0,Breeze,Ash,GEN,Astra,0.92,154.0,13,14,13,-1,70.0,99.0,38.0,3.0,4.0,-1.0,VL,,10,GEN,,13,1,VCT Emea
0,Breeze,t3xture,GEN,Jett,0.64,148.0,12,16,2,-4,70.0,94.0,15.0,2.0,4.0,-2.0,VL,,10,GEN,,13,1,VCT Emea
2,Pearl,XuNa,VL,Sova,1.41,258.0,34,25,13,9,79.0,179.0,32.0,2.0,1.0,1.0,VL,,20,GEN,,18,1,VCT Emea
2,Pearl,Klaus,VL,Cypher,1.27,226.0,29,24,12,5,71.0,153.0,47.0,2.0,2.0,0.0,VL,,20,GEN,,18,1,VCT Emea
2,Pearl,Zexy,VL,Waylay,0.99,215.0,30,27,9,3,63.0,140.0,35.0,4.0,8.0,-4.0,VL,,20,GEN,,18,1,VCT Emea
2,Pearl,C1ndeR,VL,Astra,0.85,168.0,21,29,16,-8,68.0,107.0,33.0,3.0,3.0,0.0,VL,,20,GEN,,18,1,VCT Emea
2,Pearl,oonzmlp,VL,Yoru,0.78,166.0,23,25,4,-2,66.0,100.0,19.0,5.0,8.0,-3.0,VL,,20,GEN,,18,1,VCT Emea
2,Pearl,ZynX,GEN,Yoru,1.14,244.0,34,28,6,6,68.0,161.0,29.0,7.0,3.0,4.0,VL,,20,GEN,,18,0,VCT Emea
2,Pearl,Ash,GEN,Astra,0.99,165.0,22,24,16,-2,79.0,108.0,31.0,0.0,1.0,-1.0,VL,,20,GEN,,18,0,VCT Emea
2,Pearl,Karon,GEN,Killjoy,0.93,204.0,26,28,5,-2,76.0,153.0,28.0,1.0,2.0,-1.0,VL,,20,GEN,,18,0,VCT Emea
2,Pearl,t3xture,GEN,Neon,0.9,217.0,29,29,7,0,71.0,130.0,17.0,10.0,7.0,3.0,VL,,20,GEN,,18,0,VCT Emea
2,Pearl,Lakia,GEN,Tejo,0.78,169.0,19,28,18,-9,74.0,117.0,19.0,4.0,3.0,1.0,VL,,20,GEN,,18,0,VCT Emea
3,Haven,Zexy,VL,Jett,1.18,232.0,19,15,1,4,68.0,144.0,40.0,7.0,1.0,6.0,VL,,9,GEN,,13,0,VCT Emea
3,Haven,C1ndeR,VL,Omen,1.0,195.0,15,17,8,-2,73.0,119.0,26.0,2.0,1.0,1.0,VL,,9,GEN,,13,0,VCT Emea
3,Haven,oonzmlp,VL,Yoru,0.85,191.0,17,15,3,2,64.0,125.0,26.0,2.0,2.0,0.0,VL,,9,GEN,,13,0,VCT Emea
3,Haven,XuNa,VL,Sova,0.84,185.0,15,16,6,-1,73.0,138.0,28.0,1.0,0.0,1.0,VL,,9,GEN,,13,0,VCT Emea
3,Haven,Klaus,VL,Cypher,0.77,163.0,13,17,2,-4,55.0,113.0,31.0,2.0,4.0,-2.0,VL,,9,GEN,,13,0,VCT Emea
3,Haven,t3xture,GEN,Jett,1.32,266.0,21,15,4,6,68.0,179.0,21.0,3.0,7.0,-4.0,VL,,9,GEN,,13,1,VCT Emea
3,Haven,ZynX,GEN,Yoru,1.11,248.0,19,18,5,1,68.0,151.0,34.0,2.0,2.0,0.0,VL,,9,GEN,,13,1,VCT Emea
3,Haven,Lakia,GEN,Sova,0.99,279.0,19,20,10,-1,73.0,180.0,23.0,2.0,2.0,0.0,VL,,9,GEN,,13,1,VCT Emea
3,Haven,Ash,GEN,Omen,0.99,125.0,11,12,11,-1,82.0,71.0,14.0,0.0,0.0,0.0,VL,,9,GEN,,13,1,VCT Emea
3,Haven,Karon,GEN,Cypher,0.85,134.0,10,14,5,-4,73.0,89.0,20.0,1.0,3.0,-2.0,VL,,9,GEN,,13,1,VCT Emea
0,Haven,BuZz,T1,Neon,0.91,211.0,11,15,2,-4,35.0,139.0,13.0,2.0,2.0,0.0,T1,,4,NS,,13,0,VCT Emea
0,Haven,Munchkin,T1,Viper,0.7,156.0,9,15,8,-6,65.0,102.0,19.0,1.0,2.0,-1.0,T1,,4,NS,,13,0,VCT Emea
0,Haven,stax,T1,Sova,0.64,162.0,8,16,5,-8,53.0,102.0,17.0,1.0,1.0,0.0,T1,,4,NS,,13,0,VCT Emea
0,Haven,Meteor,T1,Killjoy,0.62,188.0,10,14,3,-4,65.0,120.0,24.0,0.0,3.0,-3.0,T1,,4,NS,,13,0,VCT Emea
0,Haven,iZu,T1,Omen,0.53,108.0,6,13,3,-7,59.0,70.0,31.0,1.0,4.0,-3.0,T1,,4,NS,,13,0,VCT Emea
0,Haven,Dambi,NS,Neon,1.98,381.0,28,9,4,19,88.0,220.0,23.0,3.0,0.0,3.0,T1,,4,NS,,13,1,VCT Emea
0,Haven,Xross,NS,Sova,1.47,271.0,15,9,8,6,88.0,164.0,28.0,4.0,1.0,3.0,T1,,4,NS,,13,1,VCT Emea
0,Haven,Francis,NS,Yoru,1.18,233.0,14,11,10,3,88.0,169.0,19.0,3.0,2.0,1.0,T1,,4,NS,,13,1,VCT Emea
0,Haven,Ivy,NS,Killjoy,1.11,142.0,9,6,2,3,76.0,101.0,32.0,2.0,0.0,2.0,T1,,4,NS,,13,1,VCT Emea
0,Haven,Rb,NS,Omen,0.83,117.0,7,9,9,-2,88.0,81.0,14.0,0.0,2.0,-2.0,T1,,4,NS,,13,1,VCT Emea
2,Corrode,stax,T1,Fade,1.06,211.0,15,16,7,-1,82.0,132.0,9.0,4.0,1.0,3.0,T1,,9,NS,,13,0,VCT Emea
2,Corrode,iZu,T1,Omen,1.01,203.0,16,16,9,0,73.0,130.0,31.0,0.0,0.0,0.0,T1,,9,NS,,13,0,VCT Emea
2,Corrode,Meteor,T1,Waylay,0.85,188.0,14,16,5,-2,73.0,114.0,35.0,5.0,3.0,2.0,T1,,9,NS,,13,0,VCT Emea
2,Corrode,BuZz,T1,Yoru,0.82,168.0,14,14,3,0,59.0,109.0,33.0,1.0,3.0,-2.0,T1,,9,NS,,13,0,VCT Emea
2,Corrode,Munchkin,T1,Viper,0.77,132.0,8,12,3,-4,64.0,96.0,15.0,3.0,2.0,1.0,T1,,9,NS,,13,0,VCT Emea
2,Corrode,Ivy,NS,Viper,1.36,244.0,19,11,4,8,82.0,164.0,32.0,1.0,0.0,1.0,T1,,9,NS,,13,1,VCT Emea
2,Corrode,Francis,NS,Yoru,1.12,230.0,18,15,5,3,82.0,132.0,24.0,2.0,4.0,-2.0,T1,,9,NS,,13,1,VCT Emea
2,Corrode,Dambi,NS,Neon,1.01,195.0,15,15,5,0,68.0,123.0,13.0,2.0,6.0,-4.0,T1,,9,NS,,13,1,VCT Emea
2,Corrode,Rb,NS,Omen,0.97,164.0,12,14,6,-2,59.0,106.0,24.0,3.0,1.0,2.0,T1,,9,NS,,13,1,VCT Emea
2,Corrode,Xross,NS,Fade,0.91,132.0,10,12,5,-2,64.0,91.0,17.0,1.0,2.0,-1.0,T1,,9,NS,,13,1,VCT Emea
3,Split,BuZz,T1,Raze,1.82,317.0,28,11,3,17,86.0,186.0,17.0,6.0,1.0,5.0,T1,,13,NS,,9,1,VCT Emea
3,Split,iZu,T1,Yoru,1.23,242.0,19,13,6,6,91.0,155.0,14.0,5.0,0.0,5.0,T1,,13,NS,,9,1,VCT Emea
3,Split,Munchkin,T1,Omen,1.09,213.0,16,15,18,1,95.0,127.0,19.0,1.0,3.0,-2.0,T1,,13,NS,,9,1,VCT Emea
3,Split,stax,T1,Fade,1.04,198.0,16,14,6,2,82.0,130.0,28.0,2.0,1.0,1.0,T1,,13,NS,,9,1,VCT Emea
3,Split,Meteor,T1,Viper,0.84,172.0,14,15,3,-1,73.0,133.0,27.0,1.0,2.0,-1.0,T1,,13,NS,,9,1,VCT Emea
3,Split,Francis,NS,Yoru,1.02,201.0,16,17,2,-1,59.0,117.0,17.0,5.0,4.0,1.0,T1,,13,NS,,9,0,VCT Emea
3,Split,Ivy,NS,Viper,0.79,153.0,13,17,5,-4,55.0,95.0,17.0,0.0,2.0,-2.0,T1,,13,NS,,9,0,VCT Emea
3,Split,Rb,NS,Omen,0.75,205.0,15,20,8,-5,64.0,136.0,31.0,0.0,1.0,-1.0,T1,,13,NS,,9,0,VCT Emea
3,Split,Xross,NS,Fade,0.73,179.0,11,19,5,-8,68.0,139.0,15.0,0.0,2.0,-2.0,T1,,13,NS,,9,0,VCT Emea
3,Split,Dambi,NS,Neon,0.54,157.0,12,20,2,-8,59.0,84.0,15.0,2.0,6.0,-4.0,T1,,13,NS,,9,0,VCT Emea
0,Breeze,MaKo,KRX,Viper,1.4,287.0,26,14,5,12,74.0,186.0,49.0,0.0,2.0,-2.0,KRX,,13,FS,,10,1,VCT Emea
0,Breeze,free1ng,KRX,Astra,1.16,213.0,18,14,6,4,78.0,136.0,26.0,4.0,1.0,3.0,KRX,,13,FS,,10,1,VCT Emea
0,Breeze,BeYN,KRX,Sova,1.08,203.0,16,13,7,3,83.0,143.0,30.0,4.0,0.0,4.0,KRX,,13,FS,,10,1,VCT Emea
0,Breeze,Hermes,KRX,Yoru,1.07,228.0,19,15,3,4,65.0,137.0,27.0,4.0,3.0,1.0,KRX,,13,FS,,10,1,VCT Emea
0,Breeze,HYUNMIN,KRX,Jett,0.46,113.0,9,17,4,-8,52.0,87.0,45.0,1.0,4.0,-3.0,KRX,,13,FS,,10,1,VCT Emea
0,Breeze,primmie,FS,Yoru,1.97,362.0,31,15,2,16,78.0,227.0,48.0,3.0,1.0,2.0,KRX,,13,FS,,10,0,VCT Emea
0,Breeze,Killua,FS,Fade,0.83,186.0,14,19,2,-5,74.0,109.0,58.0,4.0,0.0,4.0,KRX,,13,FS,,10,0,VCT Emea
0,Breeze,JitBoyS,FS,Vyse,0.74,149.0,11,17,2,-6,61.0,99.0,48.0,0.0,4.0,-4.0,KRX,,13,FS,,10,0,VCT Emea
0,Breeze,Leviathan,FS,Omen,0.47,133.0,9,19,4,-10,65.0,86.0,43.0,1.0,4.0,-3.0,KRX,,13,FS,,10,0,VCT Emea
0,Breeze,thyy,FS,Jett,0.47,113.0,8,18,3,-10,61.0,75.0,39.0,2.0,4.0,-2.0,KRX,,13,FS,,10,0,VCT Emea
2,Pearl,free1ng,KRX,Cypher,1.38,278.0,21,15,2,6,71.0,157.0,36.0,5.0,1.0,4.0,KRX,,8,FS,,13,0,VCT Emea
2,Pearl,BeYN,KRX,Sova,0.83,154.0,11,17,5,-6,57.0,108.0,30.0,1.0,1.0,0.0,KRX,,8,FS,,13,0,VCT Emea
2,Pearl,MaKo,KRX,Astra,0.71,120.0,9,15,5,-6,71.0,76.0,26.0,1.0,2.0,-1.0,KRX,,8,FS,,13,0,VCT Emea
2,Pearl,Hermes,KRX,Yoru,0.67,163.0,11,17,5,-6,62.0,101.0,36.0,0.0,4.0,-4.0,KRX,,8,FS,,13,0,VCT Emea
2,Pearl,HYUNMIN,KRX,Neon,0.46,113.0,7,19,5,-12,62.0,83.0,18.0,4.0,2.0,2.0,KRX,,8,FS,,13,0,VCT Emea
2,Pearl,primmie,FS,Yoru,1.58,326.0,25,12,5,13,86.0,197.0,31.0,8.0,1.0,7.0,KRX,,8,FS,,13,1,VCT Emea
2,Pearl,Killua,FS,Fade,1.46,231.0,17,9,11,8,76.0,163.0,38.0,0.0,2.0,-2.0,KRX,,8,FS,,13,1,VCT Emea
2,Pearl,Leviathan,FS,Astra,1.32,233.0,18,11,11,7,90.0,158.0,36.0,1.0,1.0,0.0,KRX,,8,FS,,13,1,VCT Emea
2,Pearl,JitBoyS,FS,Killjoy,0.92,161.0,12,12,6,0,86.0,100.0,20.0,1.0,2.0,-1.0,KRX,,8,FS,,13,1,VCT Emea
2,Pearl,thyy,FS,Raze,0.58,138.0,11,15,3,-4,62.0,93.0,24.0,0.0,5.0,-5.0,KRX,,8,FS,,13,1,VCT Emea
3,Split,MaKo,KRX,Omen,1.15,260.0,19,17,5,2,86.0,158.0,29.0,5.0,1.0,4.0,KRX,,8,FS,,13,0,VCT Emea
3,Split,free1ng,KRX,Viper,1.03,201.0,15,14,4,1,67.0,120.0,45.0,1.0,0.0,1.0,KRX,,8,FS,,13,0,VCT Emea
3,Split,BeYN,KRX,Fade,0.91,181.0,13,14,5,-1,71.0,116.0,29.0,0.0,2.0,-2.0,KRX,,8,FS,,13,0,VCT Emea
3,Split,HYUNMIN,KRX,Neon,0.61,144.0,10,15,3,-5,57.0,85.0,23.0,3.0,4.0,-1.0,KRX,,8,FS,,13,0,VCT Emea
3,Split,Hermes,KRX,Yoru,0.43,142.0,10,17,2,-7,57.0,93.0,24.0,2.0,3.0,-1.0,KRX,,8,FS,,13,0,VCT Emea
3,Split,primmie,FS,Yoru,1.5,269.0,23,11,0,12,81.0,165.0,37.0,2.0,4.0,-2.0,KRX,,8,FS,,13,1,VCT Emea
3,Split,JitBoyS,FS,Viper,1.23,188.0,14,11,7,3,86.0,116.0,37.0,2.0,1.0,1.0,KRX,,8,FS,,13,1,VCT Emea
3,Split,thyy,FS,Raze,1.06,227.0,15,14,6,1,81.0,166.0,22.0,2.0,3.0,-1.0,KRX,,8,FS,,13,1,VCT Emea
3,Split,Killua,FS,Fade,1.02,219.0,18,16,2,2,62.0,129.0,52.0,3.0,1.0,2.0,KRX,,8,FS,,13,1,VCT Emea
3,Split,Leviathan,FS,Omen,0.52,104.0,7,15,10,-8,81.0,64.0,62.0,1.0,2.0,-1.0,KRX,,8,FS,,13,1,VCT Emea
0,Breeze,Jinggg,PRX,Jett,1.33,268.0,23,14,1,9,78.0,172.0,29.0,3.0,1.0,2.0,PRX,,13,GE,,10,1,VCT Emea
0,Breeze,invy,PRX,Sova,1.19,210.0,17,14,3,3,83.0,149.0,27.0,1.0,0.0,1.0,PRX,,13,GE,,10,1,VCT Emea
0,Breeze,f0rsakeN,PRX,Brimstone,1.09,264.0,20,17,10,3,74.0,176.0,42.0,1.0,4.0,-3.0,PRX,,13,GE,,10,1,VCT Emea
0,Breeze,something,PRX,Yoru,0.84,191.0,16,17,3,-1,65.0,128.0,36.0,3.0,5.0,-2.0,PRX,,13,GE,,10,1,VCT Emea
0,Breeze,d4v41,PRX,Viper,0.77,150.0,12,15,4,-3,78.0,104.0,41.0,3.0,2.0,1.0,PRX,,13,GE,,10,1,VCT Emea
0,Breeze,PatMen,GE,Omen,1.08,239.0,20,18,3,2,78.0,164.0,43.0,6.0,2.0,4.0,PRX,,13,GE,,10,0,VCT Emea
0,Breeze,xavi8k,GE,Astra,0.95,169.0,14,16,6,-2,74.0,120.0,39.0,0.0,2.0,-2.0,PRX,,13,GE,,10,0,VCT Emea
0,Breeze,Kr1stal,GE,Sova,0.91,188.0,15,19,4,-4,65.0,125.0,20.0,1.0,3.0,-2.0,PRX,,13,GE,,10,0,VCT Emea
0,Breeze,UdoTan,GE,Veto,0.88,171.0,13,17,3,-4,70.0,126.0,17.0,4.0,0.0,4.0,PRX,,13,GE,,10,0,VCT Emea
0,Breeze,Autumn,GE,Yoru,0.87,186.0,15,18,4,-3,57.0,125.0,50.0,1.0,4.0,-3.0,PRX,,13,GE,,10,0,VCT Emea
2,Split,d4v41,PRX,Viper,1.13,227.0,14,14,3,0,72.0,130.0,52.0,5.0,1.0,4.0,PRX,,5,GE,,13,0,VCT Emea
2,Split,something,PRX,Yoru,0.84,162.0,10,15,4,-5,50.0,108.0,13.0,2.0,3.0,-1.0,PRX,,5,GE,,13,0,VCT Emea
2,Split,Jinggg,PRX,Raze,0.72,160.0,11,14,1,-3,61.0,121.0,17.0,1.0,3.0,-2.0,PRX,,5,GE,,13,0,VCT Emea
2,Split,f0rsakeN,PRX,Omen,0.62,159.0,9,17,8,-8,61.0,92.0,17.0,0.0,0.0,0.0,PRX,,5,GE,,13,0,VCT Emea
2,Split,invy,PRX,Fade,0.57,152.0,9,15,2,-6,50.0,92.0,29.0,1.0,2.0,-1.0,PRX,,5,GE,,13,0,VCT Emea
2,Split,Autumn,GE,Yoru,1.33,257.0,18,11,3,7,83.0,157.0,17.0,3.0,1.0,2.0,PRX,,5,GE,,13,1,VCT Emea
2,Split,PatMen,GE,Viper,1.31,269.0,18,11,6,7,94.0,162.0,25.0,3.0,2.0,1.0,PRX,,5,GE,,13,1,VCT Emea
2,Split,xavi8k,GE,Astra,1.22,232.0,15,12,6,3,94.0,149.0,17.0,2.0,1.0,1.0,PRX,,5,GE,,13,1,VCT Emea
2,Split,UdoTan,GE,Veto,1.12,211.0,15,11,4,4,78.0,144.0,26.0,1.0,3.0,-2.0,PRX,,5,GE,,13,1,VCT Emea
2,Split,Kr1stal,GE,Fade,0.92,133.0,9,8,4,1,78.0,98.0,19.0,0.0,2.0,-2.0,PRX,,5,GE,,13,1,VCT Emea
3,Bind,f0rsakeN,PRX,Brimstone,1.31,262.0,20,16,13,4,87.0,174.0,40.0,3.0,2.0,1.0,PRX,,13,GE,,10,1,VCT Emea
3,Bind,something,PRX,Yoru,1.24,241.0,19,16,5,3,78.0,159.0,30.0,3.0,3.0,0.0,PRX,,13,GE,,10,1,VCT Emea
3,Bind,invy,PRX,Fade,1.11,209.0,18,15,5,3,74.0,136.0,36.0,1.0,2.0,-1.0,PRX,,13,GE,,10,1,VCT Emea
3,Bind,Jinggg,PRX,Raze,0.9,191.0,17,17,1,0,57.0,131.0,21.0,2.0,2.0,0.0,PRX,,13,GE,,10,1,VCT Emea
3,Bind,d4v41,PRX,Viper,0.69,160.0,13,19,4,-6,70.0,104.0,23.0,2.0,3.0,-1.0,PRX,,13,GE,,10,1,VCT Emea
3,Bind,PatMen,GE,Waylay,1.29,242.0,21,15,6,6,83.0,155.0,30.0,4.0,3.0,1.0,PRX,,13,GE,,10,0,VCT Emea
3,Bind,UdoTan,GE,Veto,0.97,246.0,19,19,3,0,78.0,161.0,41.0,2.0,1.0,1.0,PRX,,13,GE,,10,0,VCT Emea
3,Bind,xavi8k,GE,Astra,0.81,169.0,14,18,11,-4,74.0,108.0,25.0,1.0,1.0,0.0,PRX,,13,GE,,10,0,VCT Emea
3,Bind,Autumn,GE,Yoru,0.81,187.0,16,18,2,-2,61.0,104.0,34.0,4.0,4.0,0.0,PRX,,13,GE,,10,0,VCT Emea
3,Bind,Kr1stal,GE,Fade,0.74,148.0,13,17,2,-4,74.0,110.0,34.0,1.0,2.0,-1.0,PRX,,13,GE,,10,0,VCT Emea
0,Haven,xffero,RRQ,Killjoy,1.74,280.0,25,11,2,14,78.0,194.0,37.0,2.0,0.0,2.0,RRQ,,13,DFM,,10,1,VCT Emea
0,Haven,Kushy,RRQ,Sova,1.73,302.0,23,12,9,11,87.0,204.0,23.0,1.0,1.0,0.0,RRQ,,13,DFM,,10,1,VCT Emea
0,Haven,Jemkin,RRQ,Neon,0.9,213.0,19,17,1,2,61.0,129.0,38.0,4.0,6.0,-2.0,RRQ,,13,DFM,,10,1,VCT Emea
0,Haven,crazyguy,RRQ,Omen,0.68,142.0,12,17,4,-5,61.0,91.0,26.0,1.0,3.0,-2.0,RRQ,,13,DFM,,10,1,VCT Emea
0,Haven,Monyet,RRQ,Viper,0.41,104.0,6,19,5,-13,52.0,76.0,14.0,2.0,3.0,-1.0,RRQ,,13,DFM,,10,1,VCT Emea
0,Haven,yatsuka,DFM,Chamber,1.37,268.0,23,15,2,8,74.0,161.0,31.0,6.0,2.0,4.0,RRQ,,13,DFM,,10,0,VCT Emea
0,Haven,SSeeS,DFM,Astra,0.88,186.0,15,16,9,-1,65.0,115.0,24.0,1.0,1.0,0.0,RRQ,,13,DFM,,10,0,VCT Emea
0,Haven,Meiy,DFM,Yoru,0.77,191.0,16,19,3,-3,70.0,119.0,32.0,4.0,2.0,2.0,RRQ,,13,DFM,,10,0,VCT Emea
0,Haven,Akame,DFM,Fade,0.69,138.0,10,16,5,-6,65.0,102.0,40.0,0.0,1.0,-1.0,RRQ,,13,DFM,,10,0,VCT Emea
0,Haven,Caedye,DFM,Phoenix,0.6,168.0,12,19,5,-7,65.0,106.0,39.0,2.0,4.0,-2.0,RRQ,,13,DFM,,10,0,VCT Emea
2,Corrode,Kushy,RRQ,Fade,1.66,304.0,19,8,4,11,78.0,184.0,28.0,1.0,0.0,1.0,RRQ,,13,DFM,,5,1,VCT Emea
2,Corrode,Jemkin,RRQ,Chamber,1.44,239.0,15,7,3,8,83.0,145.0,22.0,3.0,2.0,1.0,RRQ,,13,DFM,,5,1,VCT Emea
2,Corrode,xffero,RRQ,Viper,1.21,224.0,15,10,6,5,89.0,137.0,32.0,2.0,1.0,1.0,RRQ,,13,DFM,,5,1,VCT Emea
2,Corrode,crazyguy,RRQ,Omen,0.95,164.0,12,9,6,3,83.0,131.0,54.0,1.0,3.0,-2.0,RRQ,,13,DFM,,5,1,VCT Emea
2,Corrode,Monyet,RRQ,Neon,0.63,145.0,10,14,5,-4,61.0,93.0,39.0,1.0,4.0,-3.0,RRQ,,13,DFM,,5,1,VCT Emea
2,Corrode,Meiy,DFM,Yoru,1.41,275.0,17,13,1,4,56.0,177.0,38.0,2.0,0.0,2.0,RRQ,,13,DFM,,5,0,VCT Emea
2,Corrode,Caedye,DFM,Phoenix,0.69,190.0,11,15,3,-4,67.0,113.0,28.0,3.0,4.0,-1.0,RRQ,,13,DFM,,5,0,VCT Emea
2,Corrode,SSeeS,DFM,Omen,0.66,139.0,7,15,13,-8,67.0,75.0,19.0,0.0,0.0,0.0,RRQ,,13,DFM,,5,0,VCT Emea
2,Corrode,yatsuka,DFM,Chamber,0.57,149.0,7,15,5,-8,56.0,105.0,24.0,3.0,4.0,-1.0,RRQ,,13,DFM,,5,0,VCT Emea
2,Corrode,Akame,DFM,Fade,0.56,95.0,6,13,3,-7,67.0,61.0,21.0,2.0,0.0,2.0,RRQ,,13,DFM,,5,0,VCT Emea
0,Breeze,Meiy,DFM,Jett,0.83,207.0,11,14,1,-3,63.0,149.0,25.0,3.0,5.0,-2.0,DFM,,3,GE,,13,0,VCT Emea
0,Breeze,Caedye,DFM,Viper,0.66,169.0,9,15,0,-6,38.0,114.0,29.0,1.0,1.0,0.0,DFM,,3,GE,,13,0,VCT Emea
0,Breeze,Akame,DFM,Sova,0.59,98.0,6,13,2,-7,44.0,81.0,24.0,0.0,2.0,-2.0,DFM,,3,GE,,13,0,VCT Emea
0,Breeze,SSeeS,DFM,Astra,0.51,130.0,5,15,3,-10,38.0,101.0,19.0,1.0,0.0,1.0,DFM,,3,GE,,13,0,VCT Emea
0,Breeze,yatsuka,DFM,Yoru,0.34,101.0,4,15,2,-11,44.0,68.0,29.0,1.0,2.0,-1.0,DFM,,3,GE,,13,0,VCT Emea
0,Breeze,PatMen,GE,Omen,2.81,516.0,32,5,4,27,100.0,353.0,41.0,2.0,0.0,2.0,DFM,,3,GE,,13,1,VCT Emea
0,Breeze,Autumn,GE,Yoru,1.31,231.0,13,8,3,5,94.0,158.0,40.0,6.0,2.0,4.0,DFM,,3,GE,,13,1,VCT Emea
0,Breeze,Kr1stal,GE,Sova,1.12,156.0,11,6,5,5,69.0,90.0,24.0,0.0,2.0,-2.0,DFM,,3,GE,,13,1,VCT Emea
0,Breeze,xavi8k,GE,Astra,0.95,144.0,8,7,5,1,88.0,99.0,19.0,0.0,1.0,-1.0,DFM,,3,GE,,13,1,VCT Emea
0,Breeze,UdoTan,GE,Veto,0.75,144.0,8,9,3,-1,88.0,100.0,20.0,2.0,1.0,1.0,DFM,,3,GE,,13,1,VCT Emea
2,Pearl,Meiy,DFM,Neon,1.37,245.0,21,11,2,10,77.0,157.0,30.0,3.0,3.0,0.0,DFM,,13,GE,,9,1,VCT Emea
2,Pearl,Akame,DFM,Sova,1.35,253.0,19,12,6,7,77.0,183.0,46.0,2.0,2.0,0.0,DFM,,13,GE,,9,1,VCT Emea
2,Pearl,Caedye,DFM,Killjoy,1.23,256.0,21,16,6,5,73.0,185.0,35.0,2.0,2.0,0.0,DFM,,13,GE,,9,1,VCT Emea
2,Pearl,yatsuka,DFM,Yoru,0.86,179.0,14,15,3,-1,73.0,107.0,19.0,3.0,3.0,0.0,DFM,,13,GE,,9,1,VCT Emea
2,Pearl,SSeeS,DFM,Astra,0.84,151.0,11,14,9,-3,86.0,95.0,31.0,0.0,2.0,-2.0,DFM,,13,GE,,9,1,VCT Emea
2,Pearl,Autumn,GE,Yoru,1.16,213.0,17,17,5,0,59.0,134.0,30.0,6.0,1.0,5.0,DFM,,13,GE,,9,0,VCT Emea
2,Pearl,xavi8k,GE,Astra,0.93,158.0,13,15,4,-2,77.0,110.0,18.0,0.0,0.0,0.0,DFM,,13,GE,,9,0,VCT Emea
2,Pearl,PatMen,GE,Waylay,0.88,177.0,13,17,8,-4,77.0,127.0,20.0,2.0,4.0,-2.0,DFM,,13,GE,,9,0,VCT Emea
2,Pearl,UdoTan,GE,Veto,0.81,170.0,14,18,4,-4,68.0,113.0,25.0,3.0,2.0,1.0,DFM,,13,GE,,9,0,VCT Emea
2,Pearl,Kr1stal,GE,Fade,0.58,146.0,11,19,9,-8,68.0,106.0,28.0,1.0,3.0,-2.0,DFM,,13,GE,,9,0,VCT Emea
3,Split,Meiy,DFM,Raze,1.24,292.0,20,14,4,6,81.0,174.0,22.0,4.0,4.0,0.0,DFM,,13,GE,,8,1,VCT Emea
3,Split,Akame,DFM,Fade,1.18,225.0,15,15,8,0,71.0,149.0,25.0,1.0,2.0,-1.0,DFM,,13,GE,,8,1,VCT Emea
3,Split,SSeeS,DFM,Omen,0.88,143.0,12,13,8,-1,76.0,88.0,17.0,0.0,2.0,-2.0,DFM,,13,GE,,8,1,VCT Emea
3,Split,Caedye,DFM,Viper,0.8,128.0,12,14,4,-2,52.0,91.0,19.0,1.0,0.0,1.0,DFM,,13,GE,,8,1,VCT Emea
3,Split,yatsuka,DFM,Yoru,0.69,133.0,10,15,5,-5,48.0,92.0,31.0,3.0,4.0,-1.0,DFM,,13,GE,,8,1,VCT Emea
3,Split,Autumn,GE,Yoru,1.49,304.0,22,12,5,10,90.0,185.0,22.0,4.0,2.0,2.0,DFM,,13,GE,,8,0,VCT Emea
3,Split,Kr1stal,GE,Fade,0.98,156.0,11,13,6,-2,71.0,101.0,28.0,1.0,1.0,0.0,DFM,,13,GE,,8,0,VCT Emea
3,Split,PatMen,GE,Viper,0.96,223.0,17,15,7,2,67.0,155.0,28.0,3.0,5.0,-2.0,DFM,,13,GE,,8,0,VCT Emea
3,Split,UdoTan,GE,Veto,0.94,184.0,14,15,1,-1,76.0,111.0,38.0,4.0,1.0,3.0,DFM,,13,GE,,8,0,VCT Emea
3,Split,xavi8k,GE,Astra,0.77,119.0,7,14,6,-7,62.0,89.0,18.0,0.0,0.0,0.0,DFM,,13,GE,,8,0,VCT Emea
0,Split,HYUNMIN,KRX,Raze,1.52,351.0,25,16,9,9,81.0,240.0,25.0,2.0,2.0,0.0,KRX,,8,T1,,13,0,VCT Emea
0,Split,BeYN,KRX,Skye,1.07,188.0,15,14,7,1,62.0,107.0,27.0,3.0,1.0,2.0,KRX,,8,T1,,13,0,VCT Emea
0,Split,MaKo,KRX,Omen,1.05,224.0,17,15,12,2,76.0,134.0,28.0,1.0,2.0,-1.0,KRX,,8,T1,,13,0,VCT Emea
0,Split,Hermes,KRX,Viper,0.56,136.0,10,15,5,-5,67.0,74.0,19.0,4.0,4.0,0.0,KRX,,8,T1,,13,0,VCT Emea
0,Split,free1ng,KRX,Tejo,0.53,124.0,9,16,4,-7,62.0,85.0,13.0,1.0,1.0,0.0,KRX,,8,T1,,13,0,VCT Emea
0,Split,BuZz,T1,Raze,1.53,328.0,23,15,4,8,71.0,190.0,19.0,3.0,2.0,1.0,KRX,,8,T1,,13,1,VCT Emea
0,Split,iZu,T1,Yoru,1.05,199.0,16,14,4,2,52.0,144.0,22.0,1.0,4.0,-3.0,KRX,,8,T1,,13,1,VCT Emea
0,Split,Munchkin,T1,Omen,1.0,215.0,15,16,8,-1,86.0,139.0,21.0,2.0,3.0,-1.0,KRX,,8,T1,,13,1,VCT Emea
0,Split,Meteor,T1,Viper,0.98,155.0,12,14,7,-2,86.0,95.0,32.0,4.0,1.0,3.0,KRX,,8,T1,,13,1,VCT Emea
0,Split,stax,T1,Fade,0.72,164.0,10,17,10,-7,62.0,125.0,14.0,0.0,1.0,-1.0,KRX,,8,T1,,13,1,VCT Emea
2,Bind,free1ng,KRX,Viper,1.25,206.0,16,12,5,4,71.0,144.0,52.0,1.0,0.0,1.0,KRX,,8,T1,,13,0,VCT Emea
2,Bind,HYUNMIN,KRX,Raze,0.78,197.0,15,18,0,-3,62.0,120.0,17.0,0.0,5.0,-5.0,KRX,,8,T1,,13,0,VCT Emea
2,Bind,Hermes,KRX,Yoru,0.76,164.0,13,16,2,-3,67.0,98.0,12.0,6.0,4.0,2.0,KRX,,8,T1,,13,0,VCT Emea
2,Bind,MaKo,KRX,Brimstone,0.72,151.0,10,15,6,-5,71.0,100.0,20.0,1.0,1.0,0.0,KRX,,8,T1,,13,0,VCT Emea
2,Bind,BeYN,KRX,Fade,0.53,102.0,6,15,6,-9,62.0,68.0,12.0,0.0,3.0,-3.0,KRX,,8,T1,,13,0,VCT Emea
2,Bind,BuZz,T1,Waylay,1.46,266.0,21,12,5,9,62.0,171.0,24.0,4.0,3.0,1.0,KRX,,8,T1,,13,1,VCT Emea
2,Bind,Munchkin,T1,Brimstone,1.15,163.0,11,10,14,1,95.0,114.0,37.0,0.0,1.0,-1.0,KRX,,8,T1,,13,1,VCT Emea
2,Bind,iZu,T1,Yoru,1.14,215.0,16,12,6,4,86.0,143.0,34.0,5.0,2.0,3.0,KRX,,8,T1,,13,1,VCT Emea
2,Bind,Meteor,T1,Viper,1.02,195.0,14,15,10,-1,76.0,132.0,39.0,2.0,1.0,1.0,KRX,,8,T1,,13,1,VCT Emea
2,Bind,stax,T1,Fade,1.02,166.0,14,11,6,3,76.0,100.0,18.0,2.0,1.0,1.0,KRX,,8,T1,,13,1,VCT Emea
0,Haven,BeYN,KRX,Breach,1.36,229.0,16,11,11,5,85.0,134.0,23.0,3.0,0.0,3.0,KRX,,13,ZETA,,7,1,VCT Emea
0,Haven,MaKo,KRX,Omen,1.34,273.0,19,12,9,7,80.0,147.0,44.0,4.0,0.0,4.0,KRX,,13,ZETA,,7,1,VCT Emea
0,Haven,HYUNMIN,KRX,Waylay,1.32,269.0,19,12,3,7,80.0,168.0,25.0,4.0,2.0,2.0,KRX,,13,ZETA,,7,1,VCT Emea
0,Haven,free1ng,KRX,Tejo,1.23,209.0,15,10,6,5,90.0,141.0,29.0,0.0,2.0,-2.0,KRX,,13,ZETA,,7,1,VCT Emea
0,Haven,Hermes,KRX,Cypher,0.96,174.0,12,11,8,1,85.0,111.0,38.0,2.0,3.0,-1.0,KRX,,13,ZETA,,7,1,VCT Emea
0,Haven,SugarZ3ro,ZETA,Omen,1.18,257.0,17,18,13,-1,75.0,160.0,26.0,2.0,3.0,-1.0,KRX,,13,ZETA,,7,0,VCT Emea
0,Haven,Xdll,ZETA,Sova,1.0,177.0,11,14,10,-3,65.0,136.0,39.0,0.0,1.0,-1.0,KRX,,13,ZETA,,7,0,VCT Emea
0,Haven,eKo,ZETA,Neon,0.89,190.0,15,15,2,0,70.0,107.0,17.0,4.0,1.0,3.0,KRX,,13,ZETA,,7,0,VCT Emea
0,Haven,SyouTa,ZETA,Cypher,0.62,109.0,9,16,3,-7,55.0,72.0,50.0,0.0,2.0,-2.0,KRX,,13,ZETA,,7,0,VCT Emea
0,Haven,Absol,ZETA,Yoru,0.19,77.0,4,18,4,-14,35.0,49.0,25.0,1.0,6.0,-5.0,KRX,,13,ZETA,,7,0,VCT Emea
2,Bind,HYUNMIN,KRX,Waylay,1.24,270.0,18,16,3,2,70.0,166.0,40.0,4.0,1.0,3.0,KRX,,7,ZETA,,13,0,VCT Emea
2,Bind,Hermes,KRX,Viper,0.97,219.0,15,15,3,0,80.0,149.0,41.0,2.0,2.0,0.0,KRX,,7,ZETA,,13,0,VCT Emea
2,Bind,BeYN,KRX,Kayo,0.75,166.0,11,15,7,-4,60.0,113.0,29.0,0.0,1.0,-1.0,KRX,,7,ZETA,,13,0,VCT Emea
2,Bind,free1ng,KRX,Tejo,0.57,145.0,9,17,4,-8,40.0,102.0,31.0,2.0,2.0,0.0,KRX,,7,ZETA,,13,0,VCT Emea
2,Bind,MaKo,KRX,Brimstone,0.54,86.0,6,14,6,-8,55.0,64.0,25.0,1.0,5.0,-4.0,KRX,,7,ZETA,,13,0,VCT Emea
2,Bind,SugarZ3ro,ZETA,Brimstone,1.29,214.0,17,11,10,6,85.0,125.0,59.0,1.0,0.0,1.0,KRX,,7,ZETA,,13,1,VCT Emea
2,Bind,Absol,ZETA,Raze,1.24,284.0,21,13,2,8,75.0,172.0,25.0,3.0,5.0,-2.0,KRX,,7,ZETA,,13,1,VCT Emea
2,Bind,eKo,ZETA,Waylay,1.15,173.0,14,10,1,4,80.0,106.0,13.0,4.0,1.0,3.0,KRX,,7,ZETA,,13,1,VCT Emea
2,Bind,SyouTa,ZETA,Viper,1.03,207.0,15,14,3,1,70.0,141.0,47.0,2.0,1.0,1.0,KRX,,7,ZETA,,13,1,VCT Emea
2,Bind,Xdll,ZETA,Skye,0.99,143.0,10,11,7,-1,75.0,98.0,45.0,1.0,2.0,-1.0,KRX,,7,ZETA,,13,1,VCT Emea
3,Split,MaKo,KRX,Omen,1.14,213.0,16,15,6,1,68.0,146.0,30.0,3.0,1.0,2.0,KRX,,13,ZETA,,9,1,VCT Emea
3,Split,BeYN,KRX,Breach,1.02,226.0,18,17,5,1,73.0,146.0,26.0,0.0,1.0,-1.0,KRX,,13,ZETA,,9,1,VCT Emea
3,Split,free1ng,KRX,Tejo,1.02,192.0,16,14,2,2,77.0,115.0,25.0,2.0,1.0,1.0,KRX,,13,ZETA,,9,1,VCT Emea
3,Split,HYUNMIN,KRX,Waylay,0.99,206.0,16,14,5,2,68.0,132.0,24.0,4.0,2.0,2.0,KRX,,13,ZETA,,9,1,VCT Emea
3,Split,Hermes,KRX,Viper,0.73,148.0,12,15,1,-3,73.0,105.0,37.0,3.0,5.0,-2.0,KRX,,13,ZETA,,9,1,VCT Emea
3,Split,Absol,ZETA,Yoru,1.24,227.0,19,13,2,6,86.0,145.0,32.0,3.0,1.0,2.0,KRX,,13,ZETA,,9,0,VCT Emea
3,Split,eKo,ZETA,Neon,1.16,216.0,17,15,10,2,77.0,141.0,21.0,2.0,4.0,-2.0,KRX,,13,ZETA,,9,0,VCT Emea
3,Split,SugarZ3ro,ZETA,Omen,1.02,209.0,16,16,5,0,64.0,122.0,38.0,2.0,2.0,0.0,KRX,,13,ZETA,,9,0,VCT Emea
3,Split,SyouTa,ZETA,Viper,0.72,139.0,11,16,5,-5,73.0,103.0,30.0,0.0,3.0,-3.0,KRX,,13,ZETA,,9,0,VCT Emea
3,Split,Xdll,ZETA,Fade,0.66,146.0,11,18,5,-7,68.0,112.0,25.0,3.0,2.0,1.0,KRX,,13,ZETA,,9,0,VCT Emea
0,Breeze,UdoTan,GE,Veto,1.53,308.0,32,20,0,12,71.0,184.0,54.0,4.0,1.0,3.0,GE,,13,GEN,,15,0,VCT Emea
0,Breeze,PatMen,GE,Omen,0.96,199.0,20,20,5,0,68.0,134.0,30.0,4.0,3.0,1.0,GE,,13,GEN,,15,0,VCT Emea
0,Breeze,Autumn,GE,Yoru,0.86,192.0,19,20,9,-1,61.0,129.0,30.0,2.0,9.0,-7.0,GE,,13,GEN,,15,0,VCT Emea
0,Breeze,Kr1stal,GE,Sova,0.75,133.0,12,20,7,-8,50.0,96.0,16.0,1.0,1.0,0.0,GE,,13,GEN,,15,0,VCT Emea
0,Breeze,xavi8k,GE,Astra,0.62,91.0,9,20,8,-11,57.0,57.0,21.0,2.0,1.0,1.0,GE,,13,GEN,,15,0,VCT Emea
0,Breeze,ZynX,GEN,Yoru,1.55,324.0,32,17,5,15,75.0,211.0,43.0,6.0,2.0,4.0,GE,,13,GEN,,15,1,VCT Emea
0,Breeze,t3xture,GEN,Jett,0.99,241.0,24,20,3,4,54.0,152.0,22.0,5.0,7.0,-2.0,GE,,13,GEN,,15,1,VCT Emea
0,Breeze,Karon,GEN,Viper,0.93,177.0,18,20,5,-2,71.0,126.0,36.0,2.0,1.0,1.0,GE,,13,GEN,,15,1,VCT Emea
0,Breeze,Ash,GEN,Astra,0.82,121.0,12,16,8,-4,82.0,72.0,21.0,1.0,0.0,1.0,GE,,13,GEN,,15,1,VCT Emea
0,Breeze,Lakia,GEN,Sova,0.79,158.0,14,19,10,-5,71.0,106.0,32.0,1.0,3.0,-2.0,GE,,13,GEN,,15,1,VCT Emea
2,Abyss,xavi8k,GE,Astra,1.28,249.0,23,15,7,8,79.0,141.0,25.0,2.0,1.0,1.0,GE,,13,GEN,,11,1,VCT Emea
2,Abyss,UdoTan,GE,Veto,1.2,232.0,21,18,4,3,75.0,146.0,56.0,3.0,2.0,1.0,GE,,13,GEN,,11,1,VCT Emea
2,Abyss,Autumn,GE,Yoru,1.16,227.0,20,15,6,5,75.0,144.0,21.0,2.0,6.0,-4.0,GE,,13,GEN,,11,1,VCT Emea
2,Abyss,Kr1stal,GE,Sova,1.06,203.0,17,15,5,2,71.0,143.0,40.0,1.0,2.0,-1.0,GE,,13,GEN,,11,1,VCT Emea
2,Abyss,PatMen,GE,Omen,0.74,149.0,13,17,13,-4,83.0,95.0,35.0,3.0,2.0,1.0,GE,,13,GEN,,11,1,VCT Emea
2,Abyss,Karon,GEN,Veto,1.32,269.0,24,16,3,8,79.0,184.0,23.0,4.0,1.0,3.0,GE,,13,GEN,,11,0,VCT Emea
2,Abyss,Ash,GEN,Astra,0.89,130.0,11,15,10,-4,67.0,95.0,26.0,1.0,3.0,-2.0,GE,,13,GEN,,11,0,VCT Emea
2,Abyss,Lakia,GEN,Sova,0.73,143.0,12,18,6,-6,58.0,110.0,26.0,3.0,1.0,2.0,GE,,13,GEN,,11,0,VCT Emea
2,Abyss,ZynX,GEN,Waylay,0.73,193.0,16,23,6,-7,71.0,130.0,24.0,3.0,2.0,1.0,GE,,13,GEN,,11,0,VCT Emea
2,Abyss,t3xture,GEN,Yoru,0.61,181.0,16,23,3,-7,58.0,115.0,37.0,2.0,4.0,-2.0,GE,,13,GEN,,11,0,VCT Emea
3,Haven,Autumn,GE,Jett,1.57,352.0,32,18,4,14,75.0,204.0,40.0,7.0,3.0,4.0,GE,,13,GEN,,11,1,VCT Emea
3,Haven,xavi8k,GE,Astra,1.29,243.0,20,16,13,4,83.0,145.0,29.0,3.0,1.0,2.0,GE,,13,GEN,,11,1,VCT Emea
3,Haven,PatMen,GE,Skye,0.91,157.0,13,16,13,-3,83.0,96.0,24.0,1.0,1.0,0.0,GE,,13,GEN,,11,1,VCT Emea
3,Haven,UdoTan,GE,Veto,0.81,199.0,17,20,4,-3,63.0,138.0,37.0,3.0,3.0,0.0,GE,,13,GEN,,11,1,VCT Emea
3,Haven,Kr1stal,GE,Sova,0.66,94.0,7,15,6,-8,67.0,80.0,22.0,1.0,1.0,0.0,GE,,13,GEN,,11,1,VCT Emea
3,Haven,Karon,GEN,Cypher,1.38,266.0,24,17,7,7,75.0,177.0,40.0,0.0,1.0,-1.0,GE,,13,GEN,,11,0,VCT Emea
3,Haven,Lakia,GEN,Sova,1.02,205.0,15,16,12,-1,88.0,148.0,20.0,1.0,1.0,0.0,GE,,13,GEN,,11,0,VCT Emea
3,Haven,t3xture,GEN,Jett,0.88,192.0,17,18,3,-1,75.0,121.0,20.0,4.0,4.0,0.0,GE,,13,GEN,,11,0,VCT Emea
3,Haven,Ash,GEN,Omen,0.82,144.0,11,17,20,-6,79.0,81.0,15.0,1.0,2.0,-1.0,GE,,13,GEN,,11,0,VCT Emea
3,Haven,ZynX,GEN,Yoru,0.73,206.0,18,21,3,-3,58.0,131.0,33.0,3.0,7.0,-4.0,GE,,13,GEN,,11,0,VCT Emea
0,Corrode,f0rsakeN,PRX,Omen,1.25,286.0,23,16,7,7,70.0,183.0,36.0,4.0,2.0,2.0,PRX,,13,GE,,10,1,VCT Emea
0,Corrode,Jinggg,PRX,Phoenix,1.22,196.0,16,13,8,3,78.0,135.0,21.0,3.0,2.0,1.0,PRX,,13,GE,,10,1,VCT Emea
0,Corrode,something,PRX,Waylay,1.15,217.0,20,14,1,6,74.0,127.0,11.0,4.0,2.0,2.0,PRX,,13,GE,,10,1,VCT Emea
0,Corrode,d4v41,PRX,Viper,0.95,178.0,13,15,4,-2,65.0,126.0,29.0,2.0,1.0,1.0,PRX,,13,GE,,10,1,VCT Emea
0,Corrode,invy,PRX,Fade,0.67,135.0,12,17,5,-5,61.0,99.0,26.0,0.0,3.0,-3.0,PRX,,13,GE,,10,1,VCT Emea
0,Corrode,PatMen,GE,Sage,1.24,232.0,19,14,4,5,70.0,145.0,35.0,1.0,3.0,-2.0,PRX,,13,GE,,10,0,VCT Emea
0,Corrode,Kr1stal,GE,Fade,1.19,188.0,16,15,8,1,78.0,124.0,28.0,2.0,0.0,2.0,PRX,,13,GE,,10,0,VCT Emea
0,Corrode,Autumn,GE,Waylay,1.07,227.0,17,16,4,1,57.0,158.0,21.0,3.0,3.0,0.0,PRX,,13,GE,,10,0,VCT Emea
0,Corrode,UdoTan,GE,Veto,0.93,203.0,13,17,5,-4,70.0,152.0,31.0,4.0,4.0,0.0,PRX,,13,GE,,10,0,VCT Emea
0,Corrode,xavi8k,GE,Omen,0.33,130.0,10,22,7,-12,70.0,84.0,17.0,0.0,3.0,-3.0,PRX,,13,GE,,10,0,VCT Emea
2,Breeze,invy,PRX,Sova,1.03,176.0,12,15,6,-3,79.0,124.0,40.0,0.0,1.0,-1.0,PRX,,6,GE,,13,0,VCT Emea
2,Breeze,something,PRX,Yoru,0.9,188.0,12,16,9,-4,68.0,124.0,20.0,2.0,2.0,0.0,PRX,,6,GE,,13,0,VCT Emea
2,Breeze,f0rsakeN,PRX,Astra,0.84,220.0,14,17,5,-3,63.0,144.0,22.0,1.0,3.0,-2.0,PRX,,6,GE,,13,0,VCT Emea
2,Breeze,d4v41,PRX,Viper,0.69,187.0,12,16,1,-4,63.0,120.0,19.0,1.0,3.0,-2.0,PRX,,6,GE,,13,0,VCT Emea
2,Breeze,Jinggg,PRX,Jett,0.66,170.0,11,17,2,-6,63.0,120.0,18.0,3.0,3.0,0.0,PRX,,6,GE,,13,0,VCT Emea
2,Breeze,PatMen,GE,Viper,1.86,324.0,25,10,1,15,79.0,207.0,26.0,2.0,1.0,1.0,PRX,,6,GE,,13,1,VCT Emea
2,Breeze,Autumn,GE,Chamber,1.19,259.0,19,15,3,4,89.0,160.0,10.0,5.0,1.0,4.0,PRX,,6,GE,,13,1,VCT Emea
2,Breeze,Kr1stal,GE,Sova,1.1,166.0,11,9,8,2,95.0,122.0,21.0,2.0,0.0,2.0,PRX,,6,GE,,13,1,VCT Emea
2,Breeze,xavi8k,GE,Sage,0.84,171.0,12,12,6,0,68.0,122.0,20.0,1.0,3.0,-2.0,PRX,,6,GE,,13,1,VCT Emea
2,Breeze,UdoTan,GE,Neon,0.76,199.0,14,15,2,-1,74.0,107.0,11.0,2.0,2.0,0.0,PRX,,6,GE,,13,1,VCT Emea
3,Split,invy,PRX,Fade,1.29,233.0,23,14,7,9,81.0,140.0,51.0,2.0,4.0,-2.0,PRX,,14,GE,,12,1,VCT Emea
3,Split,d4v41,PRX,Viper,1.19,199.0,20,17,7,3,73.0,134.0,27.0,3.0,1.0,2.0,PRX,,14,GE,,12,1,VCT Emea
3,Split,Jinggg,PRX,Raze,1.12,252.0,22,19,4,3,77.0,158.0,18.0,5.0,2.0,3.0,PRX,,14,GE,,12,1,VCT Emea
3,Split,f0rsakeN,PRX,Omen,0.89,146.0,13,16,12,-3,65.0,87.0,18.0,3.0,2.0,1.0,PRX,,14,GE,,12,1,VCT Emea
3,Split,something,PRX,Yoru,0.8,182.0,16,18,6,-2,65.0,119.0,25.0,1.0,3.0,-2.0,PRX,,14,GE,,12,1,VCT Emea
3,Split,xavi8k,GE,Omen,1.16,206.0,19,18,6,1,62.0,128.0,44.0,4.0,2.0,2.0,PRX,,14,GE,,12,0,VCT Emea
3,Split,Kr1stal,GE,Viper,1.14,235.0,23,17,2,6,62.0,152.0,36.0,2.0,3.0,-1.0,PRX,,14,GE,,12,0,VCT Emea
3,Split,PatMen,GE,Fade,0.9,210.0,20,21,4,-1,62.0,142.0,29.0,2.0,1.0,1.0,PRX,,14,GE,,12,0,VCT Emea
3,Split,Autumn,GE,Yoru,0.66,121.0,11,18,2,-7,73.0,80.0,25.0,2.0,5.0,-3.0,PRX,,14,GE,,12,0,VCT Emea
3,Split,UdoTan,GE,Raze,0.65,146.0,11,20,7,-9,65.0,104.0,22.0,2.0,3.0,-1.0,PRX,,14,GE,,12,0,VCT Emea
0,Corrode,Killua,FS,Fade,0.81,229.0,12,14,5,-2,88.0,149.0,33.0,0.0,1.0,-1.0,FS,,3,KRX,,13,0,VCT Emea
0,Corrode,thyy,FS,Waylay,0.74,172.0,10,12,2,-2,69.0,115.0,34.0,1.0,1.0,0.0,FS,,3,KRX,,13,0,VCT Emea
0,Corrode,Leviathan,FS,Omen,0.67,152.0,9,12,4,-3,69.0,111.0,40.0,0.0,2.0,-2.0,FS,,3,KRX,,13,0,VCT Emea
0,Corrode,JitBoyS,FS,Cypher,0.47,143.0,8,15,5,-7,69.0,86.0,30.0,2.0,2.0,0.0,FS,,3,KRX,,13,0,VCT Emea
0,Corrode,primmie,FS,Yoru,0.42,170.0,9,16,2,-7,75.0,117.0,25.0,3.0,4.0,-1.0,FS,,3,KRX,,13,0,VCT Emea
0,Corrode,MaKo,KRX,Omen,1.71,283.0,17,9,7,8,88.0,199.0,25.0,2.0,1.0,1.0,FS,,3,KRX,,13,1,VCT Emea
0,Corrode,free1ng,KRX,Viper,1.65,228.0,15,5,5,10,81.0,139.0,52.0,1.0,2.0,-1.0,FS,,3,KRX,,13,1,VCT Emea
0,Corrode,HYUNMIN,KRX,Waylay,1.46,312.0,19,12,4,7,88.0,180.0,18.0,4.0,1.0,3.0,FS,,3,KRX,,13,1,VCT Emea
0,Corrode,BeYN,KRX,Fade,1.23,215.0,12,10,10,2,88.0,131.0,42.0,3.0,1.0,2.0,FS,,3,KRX,,13,1,VCT Emea
0,Corrode,Hermes,KRX,Kayo,0.6,123.0,6,12,8,-6,88.0,88.0,23.0,0.0,1.0,-1.0,FS,,3,KRX,,13,1,VCT Emea
2,Abyss,Killua,FS,Sova,1.19,204.0,16,15,4,1,68.0,145.0,52.0,1.0,3.0,-2.0,FS,,9,KRX,,13,0,VCT Emea
2,Abyss,Leviathan,FS,Omen,1.02,212.0,17,16,5,1,86.0,148.0,45.0,0.0,2.0,-2.0,FS,,9,KRX,,13,0,VCT Emea
2,Abyss,primmie,FS,Yoru,0.82,234.0,18,19,0,-1,59.0,144.0,36.0,2.0,4.0,-2.0,FS,,9,KRX,,13,0,VCT Emea
2,Abyss,JitBoyS,FS,Cypher,0.81,139.0,9,16,9,-7,82.0,109.0,22.0,2.0,2.0,0.0,FS,,9,KRX,,13,0,VCT Emea
2,Abyss,thyy,FS,Waylay,0.39,90.0,6,19,5,-13,59.0,71.0,41.0,1.0,4.0,-3.0,FS,,9,KRX,,13,0,VCT Emea
2,Abyss,HYUNMIN,KRX,Waylay,1.48,268.0,21,12,3,9,77.0,172.0,30.0,5.0,1.0,4.0,FS,,9,KRX,,13,1,VCT Emea
2,Abyss,free1ng,KRX,Cypher,1.33,226.0,18,10,4,8,77.0,147.0,41.0,4.0,1.0,3.0,FS,,9,KRX,,13,1,VCT Emea
2,Abyss,Hermes,KRX,Kayo,0.94,167.0,12,15,11,-3,77.0,108.0,24.0,2.0,2.0,0.0,FS,,9,KRX,,13,1,VCT Emea
2,Abyss,MaKo,KRX,Omen,0.94,189.0,14,15,11,-1,77.0,127.0,17.0,2.0,1.0,1.0,FS,,9,KRX,,13,1,VCT Emea
2,Abyss,BeYN,KRX,Sova,0.87,161.0,15,14,2,1,82.0,114.0,31.0,2.0,1.0,1.0,FS,,9,KRX,,13,1,VCT Emea
0,Pearl,invy,PRX,Sova,1.47,292.0,23,15,8,8,78.0,195.0,53.0,3.0,0.0,3.0,PRX,,13,T1,,10,1,VCT Emea
0,Pearl,Jinggg,PRX,Neon,1.22,233.0,17,14,8,3,83.0,168.0,18.0,5.0,3.0,2.0,PRX,,13,T1,,10,1,VCT Emea
0,Pearl,f0rsakeN,PRX,Astra,1.19,220.0,19,13,10,6,87.0,137.0,33.0,3.0,4.0,-1.0,PRX,,13,T1,,10,1,VCT Emea
0,Pearl,something,PRX,Chamber,0.99,154.0,14,14,3,0,65.0,115.0,38.0,2.0,3.0,-1.0,PRX,,13,T1,,10,1,VCT Emea
0,Pearl,d4v41,PRX,Tejo,0.9,142.0,12,13,6,-1,78.0,116.0,28.0,0.0,0.0,0.0,PRX,,13,T1,,10,1,VCT Emea
0,Pearl,stax,T1,Sova,1.36,270.0,22,17,3,5,83.0,169.0,45.0,3.0,0.0,3.0,PRX,,13,T1,,10,0,VCT Emea
0,Pearl,Munchkin,T1,Astra,1.08,161.0,14,14,11,0,87.0,103.0,16.0,0.0,0.0,0.0,PRX,,13,T1,,10,0,VCT Emea
0,Pearl,Meteor,T1,Killjoy,0.68,166.0,12,19,2,-7,52.0,109.0,35.0,3.0,3.0,0.0,PRX,,13,T1,,10,0,VCT Emea
0,Pearl,iZu,T1,Yoru,0.58,129.0,10,17,5,-7,61.0,83.0,39.0,3.0,5.0,-2.0,PRX,,13,T1,,10,0,VCT Emea
0,Pearl,BuZz,T1,Neon,0.56,134.0,11,18,3,-7,65.0,91.0,28.0,1.0,5.0,-4.0,PRX,,13,T1,,10,0,VCT Emea
2,Breeze,invy,PRX,Sova,1.55,306.0,24,15,3,9,77.0,194.0,54.0,4.0,1.0,3.0,PRX,,9,T1,,13,0,VCT Emea
2,Breeze,d4v41,PRX,Viper,0.97,221.0,17,18,6,-1,73.0,156.0,18.0,2.0,3.0,-1.0,PRX,,9,T1,,13,0,VCT Emea
2,Breeze,f0rsakeN,PRX,Astra,0.68,168.0,12,18,6,-6,59.0,106.0,31.0,2.0,2.0,0.0,PRX,,9,T1,,13,0,VCT Emea
2,Breeze,Jinggg,PRX,Jett,0.64,172.0,14,18,2,-4,73.0,103.0,13.0,1.0,3.0,-2.0,PRX,,9,T1,,13,0,VCT Emea
2,Breeze,something,PRX,Yoru,0.48,112.0,9,18,5,-9,68.0,69.0,24.0,2.0,2.0,0.0,PRX,,9,T1,,13,0,VCT Emea
2,Breeze,Meteor,T1,Astra,1.36,260.0,22,14,6,8,77.0,191.0,35.0,2.0,3.0,-1.0,PRX,,9,T1,,13,1,VCT Emea
2,Breeze,iZu,T1,Yoru,1.25,263.0,20,15,5,5,73.0,170.0,29.0,3.0,2.0,1.0,PRX,,9,T1,,13,1,VCT Emea
2,Breeze,BuZz,T1,Jett,1.14,241.0,19,16,2,3,68.0,135.0,30.0,4.0,4.0,0.0,PRX,,9,T1,,13,1,VCT Emea
2,Breeze,Munchkin,T1,Viper,0.98,173.0,15,15,5,0,68.0,106.0,31.0,1.0,1.0,0.0,PRX,,9,T1,,13,1,VCT Emea
2,Breeze,stax,T1,Sova,0.82,154.0,11,16,7,-5,82.0,137.0,40.0,1.0,1.0,0.0,PRX,,9,T1,,13,1,VCT Emea
3,Bind,Jinggg,PRX,Raze,1.55,300.0,24,14,1,10,81.0,190.0,24.0,4.0,1.0,3.0,PRX,,8,T1,,13,0,VCT Emea
3,Bind,invy,PRX,Kayo,1.03,212.0,16,16,5,0,71.0,137.0,37.0,0.0,3.0,-3.0,PRX,,8,T1,,13,0,VCT Emea
3,Bind,d4v41,PRX,Brimstone,0.87,161.0,9,16,15,-7,71.0,96.0,26.0,3.0,2.0,1.0,PRX,,8,T1,,13,0,VCT Emea
3,Bind,something,PRX,Veto,0.87,158.0,11,14,4,-3,57.0,107.0,34.0,2.0,4.0,-2.0,PRX,,8,T1,,13,0,VCT Emea
3,Bind,f0rsakeN,PRX,Fade,0.45,101.0,6,17,9,-11,62.0,73.0,21.0,0.0,2.0,-2.0,PRX,,8,T1,,13,0,VCT Emea
3,Bind,iZu,T1,Yoru,1.97,321.0,29,8,1,21,86.0,192.0,18.0,2.0,1.0,1.0,PRX,,8,T1,,13,1,VCT Emea
3,Bind,BuZz,T1,Waylay,1.09,264.0,20,16,4,4,81.0,159.0,13.0,6.0,3.0,3.0,PRX,,8,T1,,13,1,VCT Emea
3,Bind,Meteor,T1,Viper,0.9,216.0,16,16,3,0,76.0,138.0,39.0,1.0,1.0,0.0,PRX,,8,T1,,13,1,VCT Emea
3,Bind,Munchkin,T1,Brimstone,0.88,144.0,9,13,15,-4,86.0,96.0,18.0,2.0,2.0,0.0,PRX,,8,T1,,13,1,VCT Emea
3,Bind,stax,T1,Fade,0.42,69.0,3,13,5,-10,67.0,63.0,21.0,1.0,2.0,-1.0,PRX,,8,T1,,13,1,VCT Emea
0,Pearl,primmie,FS,Yoru,1.56,245.0,21,10,5,11,85.0,164.0,29.0,2.0,1.0,1.0,FS,,13,DFM,,7,1,VCT Emea
0,Pearl,thyy,FS,Raze,1.3,285.0,21,14,3,7,85.0,195.0,24.0,3.0,0.0,3.0,FS,,13,DFM,,7,1,VCT Emea
0,Pearl,Killua,FS,Fade,1.1,181.0,13,13,8,0,85.0,118.0,24.0,3.0,0.0,3.0,FS,,13,DFM,,7,1,VCT Emea
0,Pearl,Leviathan,FS,Astra,1.08,222.0,15,13,10,2,85.0,163.0,37.0,1.0,0.0,1.0,FS,,13,DFM,,7,1,VCT Emea
0,Pearl,JitBoyS,FS,Killjoy,0.88,195.0,14,12,2,2,65.0,133.0,23.0,5.0,5.0,0.0,FS,,13,DFM,,7,1,VCT Emea
0,Pearl,yatsuka,DFM,Yoru,1.28,302.0,20,16,3,4,80.0,175.0,32.0,3.0,1.0,2.0,FS,,13,DFM,,7,0,VCT Emea
0,Pearl,SSeeS,DFM,Astra,0.9,184.0,14,16,4,-2,60.0,115.0,32.0,0.0,2.0,-2.0,FS,,13,DFM,,7,0,VCT Emea
0,Pearl,Caedye,DFM,Killjoy,0.62,140.0,9,17,2,-8,55.0,102.0,28.0,1.0,3.0,-2.0,FS,,13,DFM,,7,0,VCT Emea
0,Pearl,Meiy,DFM,Neon,0.59,137.0,9,16,3,-7,55.0,96.0,31.0,1.0,6.0,-5.0,FS,,13,DFM,,7,0,VCT Emea
0,Pearl,Akame,DFM,Sova,0.46,151.0,9,19,5,-10,75.0,101.0,31.0,1.0,2.0,-1.0,FS,,13,DFM,,7,0,VCT Emea
2,Split,primmie,FS,Yoru,1.08,253.0,18,18,8,0,59.0,162.0,25.0,5.0,2.0,3.0,FS,,9,DFM,,13,0,VCT Emea
2,Split,Killua,FS,Fade,0.97,189.0,17,17,3,0,77.0,121.0,48.0,2.0,0.0,2.0,FS,,9,DFM,,13,0,VCT Emea
2,Split,Leviathan,FS,Omen,0.9,164.0,13,18,8,-5,50.0,113.0,31.0,1.0,2.0,-1.0,FS,,9,DFM,,13,0,VCT Emea
2,Split,thyy,FS,Raze,0.87,163.0,13,18,5,-5,77.0,116.0,11.0,3.0,2.0,1.0,FS,,9,DFM,,13,0,VCT Emea
2,Split,JitBoyS,FS,Viper,0.54,118.0,8,18,10,-10,59.0,81.0,20.0,3.0,2.0,1.0,FS,,9,DFM,,13,0,VCT Emea
2,Split,Meiy,DFM,Raze,1.28,252.0,21,13,3,8,82.0,158.0,33.0,2.0,2.0,0.0,FS,,9,DFM,,13,1,VCT Emea
2,Split,yatsuka,DFM,Yoru,1.27,243.0,21,14,2,7,82.0,146.0,36.0,4.0,4.0,0.0,FS,,9,DFM,,13,1,VCT Emea
2,Split,SSeeS,DFM,Omen,1.14,214.0,17,13,12,4,73.0,137.0,29.0,0.0,1.0,-1.0,FS,,9,DFM,,13,1,VCT Emea
2,Split,Caedye,DFM,Viper,1.02,230.0,16,16,9,0,82.0,161.0,22.0,1.0,4.0,-3.0,FS,,9,DFM,,13,1,VCT Emea
2,Split,Akame,DFM,Fade,0.92,171.0,14,13,6,1,86.0,114.0,17.0,1.0,3.0,-2.0,FS,,9,DFM,,13,1,VCT Emea
3,Haven,Killua,FS,Sova,1.25,258.0,18,15,2,3,58.0,161.0,50.0,2.0,2.0,0.0,FS,,6,DFM,,13,0,VCT Emea
3,Haven,Leviathan,FS,Omen,1.09,226.0,15,15,5,0,74.0,139.0,56.0,0.0,1.0,-1.0,FS,,6,DFM,,13,0,VCT Emea
3,Haven,primmie,FS,Yoru,0.78,223.0,13,17,6,-4,58.0,162.0,29.0,4.0,2.0,2.0,FS,,6,DFM,,13,0,VCT Emea
3,Haven,JitBoyS,FS,Cypher,0.72,187.0,12,16,3,-4,63.0,125.0,52.0,1.0,4.0,-3.0,FS,,6,DFM,,13,0,VCT Emea
3,Haven,thyy,FS,Waylay,0.45,115.0,7,17,4,-10,63.0,83.0,33.0,1.0,2.0,-1.0,FS,,6,DFM,,13,0,VCT Emea
3,Haven,yatsuka,DFM,Chamber,1.51,270.0,21,11,5,10,84.0,173.0,18.0,3.0,2.0,1.0,FS,,6,DFM,,13,1,VCT Emea
3,Haven,Meiy,DFM,Yoru,1.33,269.0,18,14,4,4,84.0,181.0,31.0,3.0,1.0,2.0,FS,,6,DFM,,13,1,VCT Emea
3,Haven,SSeeS,DFM,Astra,1.23,204.0,16,10,6,6,84.0,128.0,30.0,0.0,1.0,-1.0,FS,,6,DFM,,13,1,VCT Emea
3,Haven,Caedye,DFM,Phoenix,1.11,236.0,16,13,6,3,74.0,157.0,25.0,1.0,3.0,-2.0,FS,,6,DFM,,13,1,VCT Emea
3,Haven,Akame,DFM,Fade,0.48,149.0,9,17,2,-8,58.0,102.0,26.0,4.0,1.0,3.0,FS,,6,DFM,,13,1,VCT Emea
0,Bind,f0rsakeN,PRX,Brimstone,1.07,204.0,13,14,8,-1,58.0,122.0,22.0,1.0,2.0,-1.0,PRX,,6,RRQ,,13,0,VCT Emea
0,Bind,invy,PRX,Fade,0.88,178.0,10,15,5,-5,74.0,128.0,27.0,0.0,3.0,-3.0,PRX,,6,RRQ,,13,0,VCT Emea
0,Bind,Jinggg,PRX,Raze,0.87,215.0,14,16,1,-2,58.0,141.0,18.0,4.0,3.0,1.0,PRX,,6,RRQ,,13,0,VCT Emea
0,Bind,d4v41,PRX,Viper,0.7,146.0,11,16,2,-5,63.0,83.0,25.0,1.0,0.0,1.0,PRX,,6,RRQ,,13,0,VCT Emea
0,Bind,something,PRX,Yoru,0.65,149.0,9,15,4,-6,47.0,97.0,32.0,1.0,4.0,-3.0,PRX,,6,RRQ,,13,0,VCT Emea
0,Bind,Jemkin,RRQ,Chamber,1.64,261.0,20,8,2,12,84.0,186.0,23.0,7.0,1.0,6.0,PRX,,6,RRQ,,13,1,VCT Emea
0,Bind,Kushy,RRQ,Skye,1.37,226.0,17,11,4,6,74.0,156.0,39.0,1.0,1.0,0.0,PRX,,6,RRQ,,13,1,VCT Emea
0,Bind,Monyet,RRQ,Raze,1.1,263.0,18,13,2,5,74.0,181.0,33.0,2.0,2.0,0.0,PRX,,6,RRQ,,13,1,VCT Emea
0,Bind,xffero,RRQ,Viper,0.84,197.0,12,13,8,-1,68.0,135.0,24.0,1.0,0.0,1.0,PRX,,6,RRQ,,13,1,VCT Emea
0,Bind,crazyguy,RRQ,Brimstone,0.83,137.0,9,12,8,-3,79.0,86.0,17.0,1.0,3.0,-2.0,PRX,,6,RRQ,,13,1,VCT Emea
2,Pearl,f0rsakeN,PRX,Astra,1.04,242.0,16,14,1,2,44.0,153.0,32.0,2.0,3.0,-1.0,PRX,,5,RRQ,,13,0,VCT Emea
2,Pearl,Jinggg,PRX,Waylay,0.81,156.0,9,12,2,-3,67.0,101.0,32.0,3.0,3.0,0.0,PRX,,5,RRQ,,13,0,VCT Emea
2,Pearl,d4v41,PRX,Killjoy,0.79,130.0,9,14,2,-5,50.0,110.0,28.0,0.0,1.0,-1.0,PRX,,5,RRQ,,13,0,VCT Emea
2,Pearl,something,PRX,Yoru,0.67,152.0,9,16,4,-7,72.0,103.0,33.0,1.0,2.0,-1.0,PRX,,5,RRQ,,13,0,VCT Emea
2,Pearl,invy,PRX,Sova,0.36,86.0,4,16,5,-12,44.0,72.0,15.0,1.0,2.0,-1.0,PRX,,5,RRQ,,13,0,VCT Emea
2,Pearl,Jemkin,RRQ,Chamber,1.44,265.0,18,9,5,9,72.0,169.0,24.0,6.0,2.0,4.0,PRX,,5,RRQ,,13,1,VCT Emea
2,Pearl,xffero,RRQ,Astra,1.36,150.0,11,5,5,6,89.0,106.0,38.0,1.0,0.0,1.0,PRX,,5,RRQ,,13,1,VCT Emea
2,Pearl,Kushy,RRQ,Sova,1.26,198.0,12,9,5,3,78.0,141.0,36.0,2.0,1.0,1.0,PRX,,5,RRQ,,13,1,VCT Emea
2,Pearl,Monyet,RRQ,Neon,1.1,236.0,16,12,3,4,83.0,161.0,33.0,2.0,2.0,0.0,PRX,,5,RRQ,,13,1,VCT Emea
2,Pearl,crazyguy,RRQ,Tejo,0.97,209.0,15,12,3,3,72.0,138.0,24.0,0.0,2.0,-2.0,PRX,,5,RRQ,,13,1,VCT Emea
0,Split,Dambi,NS,Neon,1.29,265.0,23,18,8,5,69.0,157.0,29.0,4.0,5.0,-1.0,NS,,14,FS,,12,1,VCT Emea
0,Split,Rb,NS,Omen,1.26,192.0,19,14,9,5,69.0,127.0,25.0,0.0,1.0,-1.0,NS,,14,FS,,12,1,VCT Emea
0,Split,Ivy,NS,Viper,0.95,240.0,22,20,4,2,62.0,162.0,27.0,2.0,5.0,-3.0,NS,,14,FS,,12,1,VCT Emea
0,Split,Xross,NS,Fade,0.89,161.0,14,17,8,-3,81.0,109.0,22.0,1.0,2.0,-1.0,NS,,14,FS,,12,1,VCT Emea
0,Split,Francis,NS,Yoru,0.74,172.0,15,20,7,-5,69.0,107.0,31.0,3.0,3.0,0.0,NS,,14,FS,,12,1,VCT Emea
0,Split,Leviathan,FS,Omen,1.23,210.0,20,16,15,4,73.0,141.0,33.0,2.0,2.0,0.0,NS,,14,FS,,12,0,VCT Emea
0,Split,JitBoyS,FS,Cypher,1.2,220.0,22,17,6,5,77.0,153.0,31.0,5.0,1.0,4.0,NS,,14,FS,,12,0,VCT Emea
0,Split,thyy,FS,Raze,0.86,198.0,17,19,6,-2,73.0,128.0,24.0,3.0,0.0,3.0,NS,,14,FS,,12,0,VCT Emea
0,Split,primmie,FS,Yoru,0.86,226.0,19,23,7,-4,73.0,151.0,23.0,4.0,4.0,0.0,NS,,14,FS,,12,0,VCT Emea
0,Split,Killua,FS,Fade,0.73,123.0,11,18,9,-7,65.0,80.0,31.0,2.0,3.0,-1.0,NS,,14,FS,,12,0,VCT Emea
2,Bind,Francis,NS,Yoru,1.67,345.0,17,8,9,9,100.0,217.0,16.0,5.0,1.0,4.0,NS,,13,FS,,2,1,VCT Emea
2,Bind,Rb,NS,Brimstone,1.47,211.0,13,6,4,7,87.0,134.0,23.0,0.0,1.0,-1.0,NS,,13,FS,,2,1,VCT Emea
2,Bind,Dambi,NS,Neon,1.44,246.0,15,7,2,8,100.0,139.0,14.0,3.0,0.0,3.0,NS,,13,FS,,2,1,VCT Emea
2,Bind,Ivy,NS,Viper,1.44,265.0,15,6,4,9,80.0,170.0,33.0,1.0,3.0,-2.0,NS,,13,FS,,2,1,VCT Emea
2,Bind,Xross,NS,Fade,0.87,140.0,9,8,3,1,87.0,98.0,15.0,0.0,1.0,-1.0,NS,,13,FS,,2,1,VCT Emea
2,Bind,Leviathan,FS,Brimstone,0.77,191.0,8,14,6,-6,67.0,125.0,30.0,1.0,0.0,1.0,NS,,13,FS,,2,0,VCT Emea
2,Bind,thyy,FS,Raze,0.69,154.0,7,12,2,-5,33.0,106.0,25.0,1.0,3.0,-2.0,NS,,13,FS,,2,0,VCT Emea
2,Bind,Killua,FS,Fade,0.59,128.0,7,14,2,-7,60.0,79.0,19.0,1.0,2.0,-1.0,NS,,13,FS,,2,0,VCT Emea
2,Bind,primmie,FS,Yoru,0.36,122.0,7,14,1,-7,53.0,68.0,33.0,1.0,2.0,-1.0,NS,,13,FS,,2,0,VCT Emea
2,Bind,JitBoyS,FS,Viper,0.33,111.0,6,15,1,-9,53.0,71.0,16.0,2.0,2.0,0.0,NS,,13,FS,,2,0,VCT Emea
0,Pearl,Akame,DFM,Sova,1.3,206.0,16,11,7,5,90.0,144.0,26.0,1.0,0.0,1.0,DFM,,7,T1,,13,0,VCT Emea
0,Pearl,Meiy,DFM,Neon,0.98,230.0,16,16,6,0,65.0,154.0,28.0,4.0,3.0,1.0,DFM,,7,T1,,13,0,VCT Emea
0,Pearl,yatsuka,DFM,Yoru,0.94,182.0,13,15,5,-2,85.0,110.0,27.0,3.0,0.0,3.0,DFM,,7,T1,,13,0,VCT Emea
0,Pearl,Caedye,DFM,Killjoy,0.8,180.0,12,17,6,-5,65.0,125.0,33.0,3.0,3.0,0.0,DFM,,7,T1,,13,0,VCT Emea
0,Pearl,SSeeS,DFM,Astra,0.44,108.0,6,15,7,-9,60.0,67.0,22.0,0.0,3.0,-3.0,DFM,,7,T1,,13,0,VCT Emea
0,Pearl,iZu,T1,Yoru,1.39,244.0,19,10,1,9,70.0,156.0,26.0,4.0,1.0,3.0,DFM,,7,T1,,13,1,VCT Emea
0,Pearl,Munchkin,T1,Astra,1.18,207.0,14,12,10,2,80.0,122.0,44.0,2.0,2.0,0.0,DFM,,7,T1,,13,1,VCT Emea
0,Pearl,BuZz,T1,Neon,1.12,212.0,15,13,5,2,75.0,140.0,20.0,1.0,2.0,-1.0,DFM,,7,T1,,13,1,VCT Emea
0,Pearl,Meteor,T1,Killjoy,0.94,220.0,16,16,4,0,85.0,155.0,28.0,2.0,2.0,0.0,DFM,,7,T1,,13,1,VCT Emea
0,Pearl,stax,T1,Sova,0.93,158.0,10,12,4,-2,65.0,106.0,24.0,0.0,4.0,-4.0,DFM,,7,T1,,13,1,VCT Emea
2,Split,Akame,DFM,Fade,1.41,246.0,19,15,6,4,70.0,146.0,24.0,3.0,1.0,2.0,DFM,,10,T1,,13,0,VCT Emea
2,Split,Meiy,DFM,Raze,1.03,222.0,16,17,8,-1,70.0,154.0,26.0,0.0,6.0,-6.0,DFM,,10,T1,,13,0,VCT Emea
2,Split,yatsuka,DFM,Yoru,0.86,189.0,16,17,4,-1,57.0,118.0,26.0,2.0,4.0,-2.0,DFM,,10,T1,,13,0,VCT Emea
2,Split,SSeeS,DFM,Omen,0.75,122.0,11,16,8,-5,61.0,78.0,36.0,0.0,1.0,-1.0,DFM,,10,T1,,13,0,VCT Emea
2,Split,Caedye,DFM,Viper,0.74,174.0,14,20,2,-6,61.0,113.0,37.0,4.0,2.0,2.0,DFM,,10,T1,,13,0,VCT Emea
2,Split,Meteor,T1,Viper,1.37,285.0,25,14,4,11,78.0,171.0,37.0,3.0,1.0,2.0,DFM,,10,T1,,13,1,VCT Emea
2,Split,Munchkin,T1,Omen,1.0,194.0,14,15,7,-1,74.0,117.0,13.0,1.0,0.0,1.0,DFM,,10,T1,,13,1,VCT Emea
2,Split,BuZz,T1,Raze,0.98,232.0,20,16,2,4,52.0,137.0,7.0,3.0,5.0,-2.0,DFM,,10,T1,,13,1,VCT Emea
2,Split,iZu,T1,Yoru,0.84,206.0,16,17,2,-1,70.0,133.0,17.0,6.0,2.0,4.0,DFM,,10,T1,,13,1,VCT Emea
2,Split,stax,T1,Fade,0.79,132.0,10,14,7,-4,70.0,83.0,24.0,1.0,1.0,0.0,DFM,,10,T1,,13,1,VCT Emea
0,Haven,HYUNMIN,KRX,Waylay,1.05,269.0,20,20,6,0,58.0,178.0,43.0,6.0,6.0,0.0,KRX,,11,PRX,,13,0,VCT Emea
0,Haven,BeYN,KRX,Breach,0.94,189.0,15,18,7,-3,75.0,132.0,31.0,0.0,1.0,-1.0,KRX,,11,PRX,,13,0,VCT Emea
0,Haven,free1ng,KRX,Tejo,0.93,152.0,13,15,3,-2,75.0,105.0,28.0,1.0,3.0,-2.0,KRX,,11,PRX,,13,0,VCT Emea
0,Haven,Hermes,KRX,Cypher,0.84,190.0,15,18,4,-3,67.0,122.0,32.0,1.0,4.0,-3.0,KRX,,11,PRX,,13,0,VCT Emea
0,Haven,MaKo,KRX,Omen,0.49,131.0,10,20,8,-10,67.0,73.0,16.0,0.0,2.0,-2.0,KRX,,11,PRX,,13,0,VCT Emea
0,Haven,d4v41,PRX,Chamber,1.67,309.0,28,14,2,14,83.0,189.0,21.0,8.0,1.0,7.0,KRX,,11,PRX,,13,1,VCT Emea
0,Haven,Jinggg,PRX,Phoenix,1.52,278.0,22,13,9,9,83.0,184.0,25.0,3.0,0.0,3.0,KRX,,11,PRX,,13,1,VCT Emea
0,Haven,something,PRX,Yoru,1.02,180.0,19,14,2,5,67.0,115.0,28.0,2.0,4.0,-2.0,KRX,,11,PRX,,13,1,VCT Emea
0,Haven,invy,PRX,Fade,0.84,149.0,11,16,17,-5,88.0,97.0,31.0,3.0,1.0,2.0,KRX,,11,PRX,,13,1,VCT Emea
0,Haven,f0rsakeN,PRX,Omen,0.8,139.0,11,16,13,-5,83.0,95.0,23.0,0.0,2.0,-2.0,KRX,,11,PRX,,13,1,VCT Emea
2,Corrode,MaKo,KRX,Omen,1.46,270.0,22,12,2,10,76.0,181.0,48.0,3.0,2.0,1.0,KRX,,13,PRX,,8,1,VCT Emea
2,Corrode,Hermes,KRX,Kayo,1.33,212.0,15,12,14,3,67.0,158.0,33.0,1.0,0.0,1.0,KRX,,13,PRX,,8,1,VCT Emea
2,Corrode,free1ng,KRX,Viper,0.96,225.0,16,15,6,1,71.0,152.0,32.0,1.0,3.0,-2.0,KRX,,13,PRX,,8,1,VCT Emea
2,Corrode,HYUNMIN,KRX,Waylay,0.88,237.0,18,17,5,1,67.0,157.0,33.0,4.0,5.0,-1.0,KRX,,13,PRX,,8,1,VCT Emea
2,Corrode,BeYN,KRX,Fade,0.69,176.0,12,17,8,-5,57.0,106.0,17.0,1.0,1.0,0.0,KRX,,13,PRX,,8,1,VCT Emea
2,Corrode,something,PRX,Waylay,1.69,297.0,25,14,0,11,71.0,207.0,47.0,5.0,1.0,4.0,KRX,,13,PRX,,8,0,VCT Emea
2,Corrode,Jinggg,PRX,Phoenix,0.96,210.0,15,17,3,-2,76.0,139.0,33.0,0.0,1.0,-1.0,KRX,,13,PRX,,8,0,VCT Emea
2,Corrode,f0rsakeN,PRX,Omen,0.91,206.0,14,18,5,-4,67.0,141.0,31.0,2.0,2.0,0.0,KRX,,13,PRX,,8,0,VCT Emea
2,Corrode,d4v41,PRX,Viper,0.63,152.0,9,17,8,-8,62.0,107.0,14.0,2.0,4.0,-2.0,KRX,,13,PRX,,8,0,VCT Emea
2,Corrode,invy,PRX,Fade,0.59,154.0,10,17,4,-7,48.0,102.0,38.0,2.0,2.0,0.0,KRX,,13,PRX,,8,0,VCT Emea
3,Breeze,HYUNMIN,KRX,Jett,1.21,251.0,22,17,3,5,70.0,150.0,35.0,2.0,4.0,-2.0,KRX,,10,PRX,,13,0,VCT Emea
3,Breeze,free1ng,KRX,Astra,0.82,112.0,9,14,6,-5,52.0,80.0,43.0,1.0,3.0,-2.0,KRX,,10,PRX,,13,0,VCT Emea
3,Breeze,MaKo,KRX,Viper,0.81,149.0,11,16,6,-5,74.0,95.0,28.0,0.0,2.0,-2.0,KRX,,10,PRX,,13,0,VCT Emea
3,Breeze,Hermes,KRX,Yoru,0.79,186.0,16,19,2,-3,57.0,106.0,18.0,4.0,4.0,0.0,KRX,,10,PRX,,13,0,VCT Emea
3,Breeze,BeYN,KRX,Sova,0.77,116.0,8,15,2,-7,61.0,96.0,21.0,1.0,2.0,-1.0,KRX,,10,PRX,,13,0,VCT Emea
3,Breeze,invy,PRX,Sova,1.59,284.0,23,12,9,11,83.0,183.0,44.0,3.0,0.0,3.0,KRX,,10,PRX,,13,1,VCT Emea
3,Breeze,f0rsakeN,PRX,Yoru,1.08,216.0,18,14,4,4,74.0,141.0,33.0,6.0,2.0,4.0,KRX,,10,PRX,,13,1,VCT Emea
3,Breeze,d4v41,PRX,Viper,1.07,205.0,17,14,5,3,83.0,143.0,27.0,2.0,1.0,1.0,KRX,,10,PRX,,13,1,VCT Emea
3,Breeze,Jinggg,PRX,Omen,0.82,127.0,10,13,8,-3,74.0,82.0,22.0,2.0,2.0,0.0,KRX,,10,PRX,,13,1,VCT Emea
3,Breeze,something,PRX,Jett,0.78,156.0,13,13,2,0,65.0,96.0,14.0,2.0,3.0,-1.0,KRX,,10,PRX,,13,1,VCT Emea
0,Haven,Meiy,DFM,Yoru,1.28,278.0,21,19,3,2,67.0,184.0,26.0,3.0,1.0,2.0,DFM,,11,PRX,,13,0,VCT Emea
0,Haven,Caedye,DFM,Phoenix,0.96,240.0,20,20,4,0,58.0,155.0,33.0,1.0,4.0,-3.0,DFM,,11,PRX,,13,0,VCT Emea
0,Haven,SSeeS,DFM,Astra,0.95,129.0,10,15,12,-5,67.0,91.0,21.0,2.0,0.0,2.0,DFM,,11,PRX,,13,0,VCT Emea
0,Haven,Akame,DFM,Fade,0.73,140.0,11,17,6,-6,63.0,91.0,20.0,0.0,1.0,-1.0,DFM,,11,PRX,,13,0,VCT Emea
0,Haven,yatsuka,DFM,Chamber,0.65,129.0,12,19,2,-7,54.0,84.0,28.0,4.0,8.0,-4.0,DFM,,11,PRX,,13,0,VCT Emea
0,Haven,something,PRX,Yoru,1.32,279.0,24,14,5,10,75.0,207.0,39.0,3.0,3.0,0.0,DFM,,11,PRX,,13,1,VCT Emea
0,Haven,f0rsakeN,PRX,Omen,1.2,243.0,19,16,12,3,79.0,148.0,25.0,4.0,1.0,3.0,DFM,,11,PRX,,13,1,VCT Emea
0,Haven,d4v41,PRX,Chamber,1.01,206.0,19,15,3,4,71.0,142.0,20.0,4.0,2.0,2.0,DFM,,11,PRX,,13,1,VCT Emea
0,Haven,Jinggg,PRX,Phoenix,1.0,192.0,16,16,8,0,75.0,118.0,29.0,3.0,3.0,0.0,DFM,,11,PRX,,13,1,VCT Emea
0,Haven,invy,PRX,Fade,0.88,139.0,12,13,4,-1,75.0,103.0,27.0,0.0,1.0,-1.0,DFM,,11,PRX,,13,1,VCT Emea
2,Split,SSeeS,DFM,Omen,0.78,99.0,5,12,3,-7,47.0,58.0,12.0,1.0,1.0,0.0,DFM,,2,PRX,,13,0,VCT Emea
2,Split,Meiy,DFM,Raze,0.73,213.0,10,14,2,-4,53.0,138.0,33.0,1.0,5.0,-4.0,DFM,,2,PRX,,13,0,VCT Emea
2,Split,yatsuka,DFM,Yoru,0.41,130.0,6,15,3,-9,47.0,76.0,67.0,1.0,3.0,-2.0,DFM,,2,PRX,,13,0,VCT Emea
2,Split,Caedye,DFM,Viper,0.38,141.0,6,15,2,-9,47.0,94.0,53.0,0.0,2.0,-2.0,DFM,,2,PRX,,13,0,VCT Emea
2,Split,Akame,DFM,Fade,0.32,60.0,3,13,0,-10,33.0,43.0,67.0,0.0,1.0,-1.0,DFM,,2,PRX,,13,0,VCT Emea
2,Split,d4v41,PRX,Viper,1.68,321.0,17,7,4,10,80.0,200.0,29.0,3.0,1.0,2.0,DFM,,2,PRX,,13,1,VCT Emea
2,Split,f0rsakeN,PRX,Omen,1.46,286.0,18,6,4,12,87.0,192.0,53.0,3.0,1.0,2.0,DFM,,2,PRX,,13,1,VCT Emea
2,Split,something,PRX,Yoru,1.36,154.0,10,3,2,7,93.0,99.0,6.0,0.0,0.0,0.0,DFM,,2,PRX,,13,1,VCT Emea
2,Split,invy,PRX,Fade,1.36,249.0,12,7,5,5,87.0,156.0,33.0,2.0,0.0,2.0,DFM,,2,PRX,,13,1,VCT Emea
2,Split,Jinggg,PRX,Raze,1.14,191.0,12,7,0,5,87.0,125.0,20.0,4.0,1.0,3.0,DFM,,2,PRX,,13,1,VCT Emea
0,Haven,crazyguy,RRQ,Omen,1.17,197.0,14,13,9,1,62.0,124.0,22.0,0.0,1.0,-1.0,RRQ,,8,PRX,,13,0,VCT Emea
0,Haven,Jemkin,RRQ,Yoru,1.07,259.0,19,17,2,2,57.0,166.0,35.0,2.0,5.0,-3.0,RRQ,,8,PRX,,13,0,VCT Emea
0,Haven,xffero,RRQ,Cypher,1.0,198.0,15,15,7,0,86.0,116.0,29.0,3.0,0.0,3.0,RRQ,,8,PRX,,13,0,VCT Emea
0,Haven,Kushy,RRQ,Sova,0.82,188.0,13,17,5,-4,81.0,115.0,50.0,3.0,0.0,3.0,RRQ,,8,PRX,,13,0,VCT Emea
0,Haven,Monyet,RRQ,Neon,0.45,144.0,8,18,8,-10,67.0,92.0,31.0,1.0,6.0,-5.0,RRQ,,8,PRX,,13,0,VCT Emea
0,Haven,f0rsakeN,PRX,Omen,1.44,296.0,23,14,5,9,81.0,188.0,38.0,3.0,1.0,2.0,RRQ,,8,PRX,,13,1,VCT Emea
0,Haven,Jinggg,PRX,Phoenix,1.14,222.0,15,13,7,2,81.0,149.0,28.0,4.0,2.0,2.0,RRQ,,8,PRX,,13,1,VCT Emea
0,Haven,invy,PRX,Fade,1.11,168.0,14,13,7,1,81.0,107.0,24.0,1.0,2.0,-1.0,RRQ,,8,PRX,,13,1,VCT Emea
0,Haven,d4v41,PRX,Chamber,0.98,203.0,17,14,2,3,71.0,139.0,16.0,2.0,1.0,1.0,RRQ,,8,PRX,,13,1,VCT Emea
0,Haven,something,PRX,Yoru,0.73,162.0,11,15,3,-4,62.0,103.0,32.0,2.0,3.0,-1.0,RRQ,,8,PRX,,13,1,VCT Emea
2,Corrode,Jemkin,RRQ,Chamber,1.46,293.0,24,13,2,11,70.0,180.0,21.0,7.0,1.0,6.0,RRQ,,13,PRX,,10,1,VCT Emea
2,Corrode,xffero,RRQ,Viper,1.09,238.0,18,15,2,3,74.0,173.0,43.0,1.0,3.0,-2.0,RRQ,,13,PRX,,10,1,VCT Emea
2,Corrode,Kushy,RRQ,Fade,0.94,185.0,15,15,6,0,78.0,112.0,31.0,1.0,3.0,-2.0,RRQ,,13,PRX,,10,1,VCT Emea
2,Corrode,crazyguy,RRQ,Omen,0.92,125.0,11,12,4,-1,65.0,86.0,20.0,1.0,2.0,-1.0,RRQ,,13,PRX,,10,1,VCT Emea
2,Corrode,Monyet,RRQ,Neon,0.88,201.0,13,18,9,-5,61.0,133.0,20.0,1.0,3.0,-2.0,RRQ,,13,PRX,,10,1,VCT Emea
2,Corrode,f0rsakeN,PRX,Omen,0.97,211.0,17,16,3,1,61.0,132.0,41.0,3.0,1.0,2.0,RRQ,,13,PRX,,10,0,VCT Emea
2,Corrode,invy,PRX,Fade,0.89,191.0,15,16,1,-1,65.0,121.0,33.0,4.0,1.0,3.0,RRQ,,13,PRX,,10,0,VCT Emea
2,Corrode,something,PRX,Waylay,0.8,186.0,17,18,1,-1,74.0,123.0,29.0,2.0,3.0,-1.0,RRQ,,13,PRX,,10,0,VCT Emea
2,Corrode,Jinggg,PRX,Phoenix,0.8,197.0,15,16,6,-1,61.0,125.0,24.0,2.0,4.0,-2.0,RRQ,,13,PRX,,10,0,VCT Emea
2,Corrode,d4v41,PRX,Viper,0.56,118.0,9,15,4,-6,78.0,81.0,23.0,1.0,2.0,-1.0,RRQ,,13,PRX,,10,0,VCT Emea
3,Breeze,crazyguy,RRQ,Astra,1.39,247.0,20,15,8,5,65.0,180.0,54.0,0.0,2.0,-2.0,RRQ,,10,PRX,,13,0,VCT Emea
3,Breeze,xffero,RRQ,Viper,1.11,183.0,15,15,2,0,70.0,128.0,37.0,1.0,1.0,0.0,RRQ,,10,PRX,,13,0,VCT Emea
3,Breeze,Monyet,RRQ,Neon,0.72,182.0,13,22,6,-9,48.0,126.0,28.0,3.0,4.0,-1.0,RRQ,,10,PRX,,13,0,VCT Emea
3,Breeze,Kushy,RRQ,Sova,0.7,168.0,13,19,4,-6,65.0,122.0,24.0,1.0,2.0,-1.0,RRQ,,10,PRX,,13,0,VCT Emea
3,Breeze,Jemkin,RRQ,Yoru,0.47,137.0,11,20,2,-9,52.0,76.0,16.0,4.0,5.0,-1.0,RRQ,,10,PRX,,13,0,VCT Emea
3,Breeze,f0rsakeN,PRX,Yoru,1.54,288.0,26,12,0,14,78.0,191.0,42.0,3.0,3.0,0.0,RRQ,,10,PRX,,13,1,VCT Emea
3,Breeze,invy,PRX,Sova,1.16,183.0,15,13,13,2,87.0,137.0,24.0,1.0,1.0,0.0,RRQ,,10,PRX,,13,1,VCT Emea
3,Breeze,something,PRX,Jett,1.09,222.0,19,16,4,3,70.0,153.0,24.0,3.0,2.0,1.0,RRQ,,10,PRX,,13,1,VCT Emea
3,Breeze,d4v41,PRX,Viper,0.99,201.0,15,14,11,1,83.0,140.0,21.0,2.0,2.0,0.0,RRQ,,10,PRX,,13,1,VCT Emea
3,Breeze,Jinggg,PRX,Omen,0.92,204.0,16,17,5,-1,74.0,134.0,32.0,5.0,1.0,4.0,RRQ,,10,PRX,,13,1,VCT Emea
4,Pearl,Jemkin,RRQ,Chamber,1.39,286.0,25,18,3,7,74.0,180.0,40.0,4.0,1.0,3.0,RRQ,,10,PRX,,13,0,VCT Emea
4,Pearl,Kushy,RRQ,Sova,1.0,201.0,16,18,4,-2,70.0,135.0,27.0,4.0,1.0,3.0,RRQ,,10,PRX,,13,0,VCT Emea
4,Pearl,Monyet,RRQ,Neon,0.78,215.0,15,21,10,-6,83.0,147.0,27.0,3.0,8.0,-5.0,RRQ,,10,PRX,,13,0,VCT Emea
4,Pearl,crazyguy,RRQ,Tejo,0.77,146.0,12,17,4,-5,61.0,99.0,16.0,2.0,0.0,2.0,RRQ,,10,PRX,,13,0,VCT Emea
4,Pearl,xffero,RRQ,Astra,0.72,181.0,13,20,7,-7,83.0,128.0,28.0,0.0,0.0,0.0,RRQ,,10,PRX,,13,0,VCT Emea
4,Pearl,f0rsakeN,PRX,Veto,1.82,389.0,35,16,3,19,83.0,251.0,38.0,3.0,2.0,1.0,RRQ,,10,PRX,,13,1,VCT Emea
4,Pearl,Jinggg,PRX,Raze,1.18,240.0,20,16,2,4,74.0,142.0,16.0,4.0,1.0,3.0,RRQ,,10,PRX,,13,1,VCT Emea
4,Pearl,invy,PRX,Fade,1.13,184.0,15,14,9,1,74.0,137.0,33.0,1.0,3.0,-2.0,RRQ,,10,PRX,,13,1,VCT Emea
4,Pearl,something,PRX,Yoru,0.67,162.0,14,18,5,-4,65.0,106.0,27.0,2.0,5.0,-3.0,RRQ,,10,PRX,,13,1,VCT Emea
4,Pearl,d4v41,PRX,Astra,0.48,130.0,10,17,7,-7,61.0,85.0,11.0,0.0,2.0,-2.0,RRQ,,10,PRX,,13,1,VCT Emea
0,Pearl,Monyet,RRQ,Neon,1.43,287.0,21,14,1,7,70.0,167.0,33.0,2.0,4.0,-2.0,RRQ,,7,T1,,13,0,VCT Emea
0,Pearl,Jemkin,RRQ,Chamber,0.84,175.0,12,14,2,-2,80.0,105.0,16.0,4.0,2.0,2.0,RRQ,,7,T1,,13,0,VCT Emea
0,Pearl,xffero,RRQ,Astra,0.71,125.0,8,14,6,-6,70.0,80.0,50.0,0.0,2.0,-2.0,RRQ,,7,T1,,13,0,VCT Emea
0,Pearl,Kushy,RRQ,Sova,0.66,134.0,8,16,6,-8,70.0,100.0,17.0,0.0,0.0,0.0,RRQ,,7,T1,,13,0,VCT Emea
0,Pearl,crazyguy,RRQ,Tejo,0.58,117.0,7,15,2,-8,65.0,80.0,32.0,2.0,4.0,-2.0,RRQ,,7,T1,,13,0,VCT Emea
0,Pearl,stax,T1,Sova,1.25,183.0,14,8,7,6,80.0,121.0,20.0,1.0,0.0,1.0,RRQ,,7,T1,,13,1,VCT Emea
0,Pearl,iZu,T1,Yoru,1.21,213.0,17,10,1,7,75.0,132.0,50.0,4.0,1.0,3.0,RRQ,,7,T1,,13,1,VCT Emea
0,Pearl,Munchkin,T1,Astra,1.15,171.0,13,9,11,4,80.0,114.0,20.0,1.0,1.0,0.0,RRQ,,7,T1,,13,1,VCT Emea
0,Pearl,BuZz,T1,Neon,0.94,227.0,17,14,3,3,75.0,137.0,29.0,4.0,3.0,1.0,RRQ,,7,T1,,13,1,VCT Emea
0,Pearl,Meteor,T1,Killjoy,0.73,188.0,12,15,2,-3,80.0,133.0,27.0,2.0,3.0,-1.0,RRQ,,7,T1,,13,1,VCT Emea
2,Breeze,xffero,RRQ,Viper,0.94,221.0,11,14,2,-3,53.0,152.0,43.0,1.0,1.0,0.0,RRQ,,2,T1,,13,0,VCT Emea
2,Breeze,Jemkin,RRQ,Yoru,0.71,144.0,8,14,2,-6,47.0,92.0,17.0,2.0,2.0,0.0,RRQ,,2,T1,,13,0,VCT Emea
2,Breeze,Monyet,RRQ,Jett,0.47,142.0,6,15,4,-9,53.0,101.0,39.0,3.0,4.0,-1.0,RRQ,,2,T1,,13,0,VCT Emea
2,Breeze,crazyguy,RRQ,Astra,0.33,87.0,3,14,4,-11,40.0,61.0,28.0,0.0,2.0,-2.0,RRQ,,2,T1,,13,0,VCT Emea
2,Breeze,Kushy,RRQ,Sova,0.26,55.0,4,14,0,-10,27.0,31.0,40.0,0.0,0.0,0.0,RRQ,,2,T1,,13,0,VCT Emea
2,Breeze,Meteor,T1,Astra,1.87,304.0,19,5,7,14,100.0,196.0,39.0,1.0,1.0,0.0,RRQ,,2,T1,,13,1,VCT Emea
2,Breeze,iZu,T1,Yoru,1.72,318.0,17,6,4,11,93.0,209.0,35.0,2.0,2.0,0.0,RRQ,,2,T1,,13,1,VCT Emea
2,Breeze,Munchkin,T1,Viper,1.27,174.0,11,6,4,5,87.0,115.0,13.0,0.0,0.0,0.0,RRQ,,2,T1,,13,1,VCT Emea
2,Breeze,stax,T1,Sova,1.14,138.0,8,5,4,3,87.0,91.0,46.0,0.0,1.0,-1.0,RRQ,,2,T1,,13,1,VCT Emea
2,Breeze,BuZz,T1,Jett,1.09,278.0,16,10,3,6,80.0,187.0,36.0,6.0,2.0,4.0,RRQ,,2,T1,,13,1,VCT Emea
3,Abyss,Jemkin,RRQ,Yoru,1.13,230.0,28,27,6,1,86.0,142.0,46.0,7.0,5.0,2.0,RRQ,,17,T1,,19,0,VCT Emea
3,Abyss,Monyet,RRQ,Waylay,1.11,235.0,27,29,18,-2,83.0,144.0,22.0,5.0,5.0,0.0,RRQ,,17,T1,,19,0,VCT Emea
3,Abyss,xffero,RRQ,Brimstone,1.0,172.0,20,25,23,-5,81.0,112.0,20.0,2.0,2.0,0.0,RRQ,,17,T1,,19,0,VCT Emea
3,Abyss,Kushy,RRQ,Sova,0.94,202.0,27,27,4,0,72.0,137.0,27.0,4.0,2.0,2.0,RRQ,,17,T1,,19,0,VCT Emea
3,Abyss,crazyguy,RRQ,Astra,0.8,116.0,15,24,17,-9,67.0,68.0,31.0,1.0,3.0,-2.0,RRQ,,17,T1,,19,0,VCT Emea
3,Abyss,Meteor,T1,Waylay,1.15,281.0,38,30,5,8,78.0,176.0,36.0,9.0,6.0,3.0,RRQ,,17,T1,,19,1,VCT Emea
3,Abyss,iZu,T1,Sova,1.11,247.0,31,24,6,7,81.0,156.0,32.0,4.0,2.0,2.0,RRQ,,17,T1,,19,1,VCT Emea
3,Abyss,Munchkin,T1,Astra,0.94,161.0,21,20,16,1,81.0,102.0,33.0,1.0,5.0,-4.0,RRQ,,17,T1,,19,1,VCT Emea
3,Abyss,stax,T1,Tejo,0.89,154.0,18,22,12,-4,72.0,108.0,25.0,1.0,0.0,1.0,RRQ,,17,T1,,19,1,VCT Emea
3,Abyss,BuZz,T1,Yoru,0.82,192.0,24,25,10,-1,67.0,133.0,16.0,2.0,6.0,-4.0,RRQ,,17,T1,,19,1,VCT Emea
0,Corrode,Rb,NS,Omen,1.15,237.0,20,19,11,1,77.0,144.0,22.0,3.0,0.0,3.0,NS,,12,RRQ,,14,0,VCT Emea
0,Corrode,Xross,NS,Fade,1.1,218.0,21,20,4,1,62.0,150.0,40.0,0.0,2.0,-2.0,NS,,12,RRQ,,14,0,VCT Emea
0,Corrode,Ivy,NS,Viper,1.01,172.0,16,16,5,0,73.0,112.0,30.0,2.0,1.0,1.0,NS,,12,RRQ,,14,0,VCT Emea
0,Corrode,Dambi,NS,Neon,0.78,207.0,18,22,2,-4,58.0,121.0,27.0,3.0,6.0,-3.0,NS,,12,RRQ,,14,0,VCT Emea
0,Corrode,Francis,NS,Yoru,0.54,135.0,13,21,3,-8,46.0,84.0,48.0,4.0,5.0,-1.0,NS,,12,RRQ,,14,0,VCT Emea
0,Corrode,xffero,RRQ,Viper,1.36,248.0,24,16,8,8,81.0,174.0,36.0,3.0,1.0,2.0,NS,,12,RRQ,,14,1,VCT Emea
0,Corrode,crazyguy,RRQ,Omen,1.21,235.0,25,17,8,8,62.0,162.0,34.0,0.0,4.0,-4.0,NS,,12,RRQ,,14,1,VCT Emea
0,Corrode,Jemkin,RRQ,Chamber,1.05,191.0,18,16,3,2,73.0,123.0,28.0,5.0,2.0,3.0,NS,,12,RRQ,,14,1,VCT Emea
0,Corrode,Monyet,RRQ,Neon,1.01,215.0,18,21,13,-3,92.0,155.0,24.0,3.0,4.0,-1.0,NS,,12,RRQ,,14,1,VCT Emea
0,Corrode,Kushy,RRQ,Fade,0.77,163.0,13,18,9,-5,77.0,102.0,12.0,3.0,1.0,2.0,NS,,12,RRQ,,14,1,VCT Emea
2,Bind,Ivy,NS,Viper,1.19,224.0,15,13,8,2,71.0,163.0,51.0,2.0,3.0,-1.0,NS,,13,RRQ,,8,1,VCT Emea
2,Bind,Rb,NS,Brimstone,1.1,179.0,14,10,5,4,81.0,92.0,20.0,1.0,0.0,1.0,NS,,13,RRQ,,8,1,VCT Emea
2,Bind,Dambi,NS,Neon,0.99,229.0,17,15,2,2,62.0,126.0,16.0,6.0,3.0,3.0,NS,,13,RRQ,,8,1,VCT Emea
2,Bind,Xross,NS,Fade,0.98,137.0,10,10,5,0,67.0,88.0,36.0,2.0,0.0,2.0,NS,,13,RRQ,,8,1,VCT Emea
2,Bind,Francis,NS,Yoru,0.82,153.0,10,13,6,-3,57.0,100.0,25.0,1.0,3.0,-2.0,NS,,13,RRQ,,8,1,VCT Emea
2,Bind,xffero,RRQ,Viper,1.02,198.0,14,13,4,1,71.0,133.0,33.0,3.0,0.0,3.0,NS,,13,RRQ,,8,0,VCT Emea
2,Bind,Jemkin,RRQ,Chamber,0.98,194.0,14,12,2,2,67.0,117.0,21.0,1.0,2.0,-1.0,NS,,13,RRQ,,8,0,VCT Emea
2,Bind,Monyet,RRQ,Raze,0.89,186.0,14,13,1,1,52.0,135.0,26.0,0.0,5.0,-5.0,NS,,13,RRQ,,8,0,VCT Emea
2,Bind,crazyguy,RRQ,Brimstone,0.74,153.0,11,14,4,-3,67.0,95.0,29.0,3.0,4.0,-1.0,NS,,13,RRQ,,8,0,VCT Emea
2,Bind,Kushy,RRQ,Skye,0.68,122.0,8,14,5,-6,71.0,80.0,29.0,2.0,1.0,1.0,NS,,13,RRQ,,8,0,VCT Emea
3,Haven,Dambi,NS,Neon,1.38,330.0,21,14,7,7,89.0,199.0,20.0,3.0,2.0,1.0,NS,,13,RRQ,,5,1,VCT Emea
3,Haven,Xross,NS,Sova,1.37,227.0,15,8,2,7,83.0,152.0,25.0,3.0,0.0,3.0,NS,,13,RRQ,,5,1,VCT Emea
3,Haven,Rb,NS,Omen,1.27,182.0,14,9,7,5,94.0,112.0,21.0,2.0,2.0,0.0,NS,,13,RRQ,,5,1,VCT Emea
3,Haven,Francis,NS,Yoru,0.93,190.0,11,12,9,-1,94.0,130.0,24.0,0.0,1.0,-1.0,NS,,13,RRQ,,5,1,VCT Emea
3,Haven,Ivy,NS,Killjoy,0.79,198.0,13,13,2,0,56.0,135.0,19.0,1.0,4.0,-3.0,NS,,13,RRQ,,5,1,VCT Emea
3,Haven,Kushy,RRQ,Sova,1.16,244.0,14,14,4,0,78.0,166.0,22.0,0.0,1.0,-1.0,NS,,13,RRQ,,5,0,VCT Emea
3,Haven,xffero,RRQ,Killjoy,1.1,163.0,12,11,3,1,72.0,115.0,29.0,1.0,0.0,1.0,NS,,13,RRQ,,5,0,VCT Emea
3,Haven,Jemkin,RRQ,Neon,1.04,254.0,15,16,6,-1,72.0,152.0,39.0,3.0,1.0,2.0,NS,,13,RRQ,,5,0,VCT Emea
3,Haven,Monyet,RRQ,Viper,0.65,133.0,7,15,6,-8,50.0,107.0,52.0,1.0,3.0,-2.0,NS,,13,RRQ,,5,0,VCT Emea
3,Haven,crazyguy,RRQ,Omen,0.38,117.0,8,18,6,-10,67.0,66.0,23.0,4.0,4.0,0.0,NS,,13,RRQ,,5,0,VCT Emea
4,Abyss,Ivy,NS,Astra,1.36,206.0,17,12,16,5,79.0,132.0,22.0,2.0,1.0,1.0,NS,,11,RRQ,,13,0,VCT Emea
4,Abyss,Xross,NS,Sova,1.15,189.0,17,13,4,4,71.0,135.0,48.0,0.0,0.0,0.0,NS,,11,RRQ,,13,0,VCT Emea
4,Abyss,Rb,NS,Omen,1.12,222.0,17,15,5,2,75.0,138.0,12.0,4.0,1.0,3.0,NS,,11,RRQ,,13,0,VCT Emea
4,Abyss,Francis,NS,Yoru,0.61,138.0,12,17,3,-5,67.0,87.0,27.0,5.0,5.0,0.0,NS,,11,RRQ,,13,0,VCT Emea
4,Abyss,Dambi,NS,Waylay,0.56,160.0,13,20,5,-7,50.0,99.0,22.0,3.0,3.0,0.0,NS,,11,RRQ,,13,0,VCT Emea
4,Abyss,Jemkin,RRQ,Yoru,1.29,245.0,20,15,4,5,83.0,150.0,32.0,5.0,0.0,5.0,NS,,11,RRQ,,13,1,VCT Emea
4,Abyss,Monyet,RRQ,Waylay,1.21,202.0,18,14,7,4,67.0,135.0,25.0,5.0,8.0,-3.0,NS,,11,RRQ,,13,1,VCT Emea
4,Abyss,xffero,RRQ,Brimstone,0.94,201.0,19,18,10,1,83.0,122.0,34.0,0.0,1.0,-1.0,NS,,11,RRQ,,13,1,VCT Emea
4,Abyss,crazyguy,RRQ,Astra,0.87,138.0,12,16,9,-4,79.0,87.0,24.0,0.0,2.0,-2.0,NS,,11,RRQ,,13,1,VCT Emea
4,Abyss,Kushy,RRQ,Sova,0.68,119.0,8,17,8,-9,63.0,98.0,40.0,0.0,3.0,-3.0,NS,,11,RRQ,,13,1,VCT Emea
5,Breeze,Xross,NS,Sova,1.39,208.0,16,11,5,5,75.0,136.0,68.0,2.0,0.0,2.0,NS,,13,RRQ,,7,1,VCT Emea
5,Breeze,Rb,NS,Viper,1.22,182.0,13,11,7,2,70.0,124.0,27.0,2.0,0.0,2.0,NS,,13,RRQ,,7,1,VCT Emea
5,Breeze,Ivy,NS,Astra,1.12,194.0,14,13,4,1,85.0,131.0,44.0,2.0,1.0,1.0,NS,,13,RRQ,,7,1,VCT Emea
5,Breeze,Francis,NS,Yoru,0.78,197.0,13,16,2,-3,60.0,129.0,28.0,5.0,3.0,2.0,NS,,13,RRQ,,7,1,VCT Emea
5,Breeze,Dambi,NS,Neon,0.76,196.0,13,16,5,-3,55.0,123.0,19.0,3.0,2.0,1.0,NS,,13,RRQ,,7,1,VCT Emea
5,Breeze,Jemkin,RRQ,Yoru,1.22,237.0,18,12,5,6,95.0,156.0,26.0,1.0,1.0,0.0,NS,,13,RRQ,,7,0,VCT Emea
5,Breeze,xffero,RRQ,Viper,0.96,146.0,11,13,5,-2,85.0,106.0,40.0,0.0,3.0,-3.0,NS,,13,RRQ,,7,0,VCT Emea
5,Breeze,Kushy,RRQ,Sova,0.87,151.0,10,13,6,-3,75.0,108.0,31.0,1.0,1.0,0.0,NS,,13,RRQ,,7,0,VCT Emea
5,Breeze,Monyet,RRQ,Jett,0.86,246.0,16,17,5,-1,70.0,151.0,23.0,4.0,7.0,-3.0,NS,,13,RRQ,,7,0,VCT Emea
5,Breeze,crazyguy,RRQ,Astra,0.8,159.0,12,14,8,-2,60.0,102.0,35.0,0.0,2.0,-2.0,NS,,13,RRQ,,7,0,VCT Emea
0,Bind,Lakia,GEN,Fade,1.18,234.0,17,16,9,1,86.0,153.0,18.0,3.0,1.0,2.0,GEN,,8,GE,,13,0,VCT Emea
0,Bind,t3xture,GEN,Neon,1.12,218.0,16,15,5,1,81.0,153.0,16.0,5.0,6.0,-1.0,GEN,,8,GE,,13,0,VCT Emea
0,Bind,Foxy9,GEN,Brimstone,0.82,145.0,10,13,9,-3,71.0,86.0,21.0,0.0,1.0,-1.0,GEN,,8,GE,,13,0,VCT Emea
0,Bind,Karon,GEN,Viper,0.75,169.0,12,16,7,-4,62.0,121.0,19.0,0.0,2.0,-2.0,GEN,,8,GE,,13,0,VCT Emea
0,Bind,ZynX,GEN,Yoru,0.69,189.0,13,18,3,-5,67.0,117.0,24.0,2.0,1.0,1.0,GEN,,8,GE,,13,0,VCT Emea
0,Bind,PatMen,GE,Gekko,1.38,258.0,20,15,2,5,81.0,173.0,41.0,3.0,0.0,3.0,GEN,,8,GE,,13,1,VCT Emea
0,Bind,Autumn,GE,Brimstone,1.3,227.0,17,12,7,5,86.0,160.0,33.0,2.0,1.0,1.0,GEN,,8,GE,,13,1,VCT Emea
0,Bind,xavi8k,GE,Kayo,1.17,209.0,17,13,6,4,71.0,137.0,33.0,1.0,3.0,-2.0,GEN,,8,GE,,13,1,VCT Emea
0,Bind,Kr1stal,GE,Deadlock,0.94,168.0,13,13,3,0,76.0,108.0,44.0,1.0,2.0,-1.0,GEN,,8,GE,,13,1,VCT Emea
0,Bind,UdoTan,GE,Neon,0.7,163.0,11,15,4,-4,71.0,107.0,29.0,4.0,4.0,0.0,GEN,,8,GE,,13,1,VCT Emea
2,Split,t3xture,GEN,Neon,0.93,251.0,13,16,5,-3,71.0,166.0,28.0,5.0,2.0,3.0,GEN,,4,GE,,13,0,VCT Emea
2,Split,Lakia,GEN,Fade,0.92,213.0,13,14,5,-1,71.0,133.0,35.0,1.0,2.0,-1.0,GEN,,4,GE,,13,0,VCT Emea
2,Split,Foxy9,GEN,Omen,0.6,135.0,9,14,4,-5,71.0,77.0,32.0,2.0,1.0,1.0,GEN,,4,GE,,13,0,VCT Emea
2,Split,ZynX,GEN,Cypher,0.43,110.0,6,14,3,-8,47.0,75.0,37.0,0.0,1.0,-1.0,GEN,,4,GE,,13,0,VCT Emea
2,Split,Karon,GEN,Viper,0.27,84.0,5,16,4,-11,59.0,56.0,17.0,1.0,2.0,-1.0,GEN,,4,GE,,13,0,VCT Emea
2,Split,UdoTan,GE,Raze,1.67,287.0,20,8,3,12,88.0,190.0,25.0,1.0,3.0,-2.0,GEN,,4,GE,,13,1,VCT Emea
2,Split,PatMen,GE,Viper,1.62,298.0,18,10,9,8,88.0,200.0,32.0,3.0,1.0,2.0,GEN,,4,GE,,13,1,VCT Emea
2,Split,Autumn,GE,Veto,1.39,220.0,14,8,5,6,82.0,142.0,17.0,1.0,2.0,-1.0,GEN,,4,GE,,13,1,VCT Emea
2,Split,Kr1stal,GE,Fade,1.11,235.0,13,11,7,2,76.0,137.0,39.0,3.0,2.0,1.0,GEN,,4,GE,,13,1,VCT Emea
2,Split,xavi8k,GE,Omen,1.02,133.0,9,9,6,0,71.0,70.0,5.0,0.0,1.0,-1.0,GEN,,4,GE,,13,1,VCT Emea
0,Fracture,Ivy,NS,Cypher,1.08,205.0,20,19,6,1,64.0,142.0,24.0,1.0,3.0,-2.0,NS,,15,PRX,,13,1,VCT Emea
0,Fracture,Francis,NS,Breach,1.05,199.0,20,22,10,-2,71.0,121.0,21.0,3.0,3.0,0.0,NS,,15,PRX,,13,1,VCT Emea
0,Fracture,Dambi,NS,Neon,1.01,206.0,21,20,5,1,61.0,117.0,29.0,5.0,6.0,-1.0,NS,,15,PRX,,13,1,VCT Emea
0,Fracture,Xross,NS,Tejo,0.99,210.0,22,22,5,0,68.0,147.0,21.0,0.0,1.0,-1.0,NS,,15,PRX,,13,1,VCT Emea
0,Fracture,Rb,NS,Brimstone,0.72,167.0,13,25,20,-12,75.0,108.0,25.0,2.0,4.0,-2.0,NS,,15,PRX,,13,1,VCT Emea
0,Fracture,Jinggg,PRX,Raze,1.61,364.0,36,19,7,17,86.0,219.0,27.0,8.0,4.0,4.0,NS,,15,PRX,,13,0,VCT Emea
0,Fracture,something,PRX,Neon,1.01,214.0,21,19,6,2,75.0,126.0,22.0,4.0,1.0,3.0,NS,,15,PRX,,13,0,VCT Emea
0,Fracture,f0rsakeN,PRX,Brimstone,0.96,153.0,15,17,16,-2,75.0,112.0,26.0,0.0,2.0,-2.0,NS,,15,PRX,,13,0,VCT Emea
0,Fracture,invy,PRX,Breach,0.91,190.0,19,20,10,-1,75.0,129.0,23.0,3.0,1.0,2.0,NS,,15,PRX,,13,0,VCT Emea
0,Fracture,d4v41,PRX,Killjoy,0.78,180.0,17,21,6,-4,71.0,126.0,23.0,2.0,3.0,-1.0,NS,,15,PRX,,13,0,VCT Emea
2,Split,Ivy,NS,Viper,1.15,216.0,18,17,6,1,74.0,140.0,38.0,3.0,3.0,0.0,NS,,10,PRX,,13,0,VCT Emea
2,Split,Rb,NS,Omen,1.11,220.0,18,18,7,0,70.0,133.0,24.0,3.0,1.0,2.0,NS,,10,PRX,,13,0,VCT Emea
2,Split,Xross,NS,Fade,1.02,175.0,15,15,4,0,74.0,120.0,27.0,0.0,1.0,-1.0,NS,,10,PRX,,13,0,VCT Emea
2,Split,Dambi,NS,Neon,0.79,177.0,13,19,7,-6,65.0,121.0,23.0,1.0,4.0,-3.0,NS,,10,PRX,,13,0,VCT Emea
2,Split,Francis,NS,Waylay,0.64,158.0,12,18,3,-6,57.0,96.0,21.0,2.0,5.0,-3.0,NS,,10,PRX,,13,0,VCT Emea
2,Split,f0rsakeN,PRX,Omen,1.22,257.0,20,16,8,4,74.0,167.0,28.0,3.0,1.0,2.0,NS,,10,PRX,,13,1,VCT Emea
2,Split,invy,PRX,Skye,1.11,160.0,14,13,19,1,83.0,108.0,28.0,0.0,2.0,-2.0,NS,,10,PRX,,13,1,VCT Emea
2,Split,d4v41,PRX,Viper,1.04,216.0,17,15,6,2,61.0,147.0,22.0,2.0,1.0,1.0,NS,,10,PRX,,13,1,VCT Emea
2,Split,Jinggg,PRX,Raze,1.04,244.0,18,16,6,2,74.0,156.0,22.0,5.0,1.0,4.0,NS,,10,PRX,,13,1,VCT Emea
2,Split,something,PRX,Jett,0.97,195.0,18,16,2,2,74.0,125.0,26.0,4.0,4.0,0.0,NS,,10,PRX,,13,1,VCT Emea
3,Lotus,Ivy,NS,Viper,0.97,253.0,15,17,4,-2,68.0,165.0,45.0,4.0,3.0,1.0,NS,,6,PRX,,13,0,VCT Emea
3,Lotus,Francis,NS,Waylay,0.84,204.0,13,17,5,-4,58.0,130.0,29.0,3.0,3.0,0.0,NS,,6,PRX,,13,0,VCT Emea
3,Lotus,Xross,NS,Fade,0.74,145.0,11,14,3,-3,53.0,89.0,17.0,0.0,3.0,-3.0,NS,,6,PRX,,13,0,VCT Emea
3,Lotus,Rb,NS,Omen,0.51,110.0,7,16,2,-9,47.0,69.0,44.0,0.0,1.0,-1.0,NS,,6,PRX,,13,0,VCT Emea
3,Lotus,Dambi,NS,Neon,0.48,135.0,8,17,3,-9,53.0,98.0,27.0,0.0,2.0,-2.0,NS,,6,PRX,,13,0,VCT Emea
3,Lotus,invy,PRX,Fade,1.48,256.0,18,11,6,7,84.0,156.0,19.0,2.0,4.0,-2.0,NS,,6,PRX,,13,1,VCT Emea
3,Lotus,Jinggg,PRX,Raze,1.48,306.0,22,12,4,10,89.0,195.0,24.0,4.0,3.0,1.0,NS,,6,PRX,,13,1,VCT Emea
3,Lotus,something,PRX,Neon,1.34,210.0,17,9,5,8,74.0,136.0,26.0,1.0,0.0,1.0,NS,,6,PRX,,13,1,VCT Emea
3,Lotus,d4v41,PRX,Vyse,1.08,171.0,11,9,8,2,74.0,113.0,28.0,2.0,0.0,2.0,NS,,6,PRX,,13,1,VCT Emea
3,Lotus,f0rsakeN,PRX,Omen,0.99,201.0,13,13,13,0,89.0,122.0,31.0,3.0,0.0,3.0,NS,,6,PRX,,13,1,VCT Emea
0,Pearl,kellyS,TS,Chamber,1.27,261.0,15,10,5,5,83.0,174.0,8.0,2.0,0.0,2.0,TS,,5,KRX,,13,0,VCT Emea
0,Pearl,Sylvan,TS,Astra,0.82,186.0,12,13,8,-1,78.0,127.0,29.0,0.0,0.0,0.0,TS,,5,KRX,,13,0,VCT Emea
0,Pearl,JessieVash,TS,Skye,0.63,145.0,8,15,8,-7,67.0,100.0,21.0,0.0,0.0,0.0,TS,,5,KRX,,13,0,VCT Emea
0,Pearl,BerserX,TS,Killjoy,0.62,118.0,8,10,1,-2,72.0,75.0,22.0,0.0,2.0,-2.0,TS,,5,KRX,,13,0,VCT Emea
0,Pearl,Rimuru,TS,Neon,0.46,159.0,9,17,3,-8,50.0,111.0,29.0,6.0,8.0,-2.0,TS,,5,KRX,,13,0,VCT Emea
0,Pearl,HYUNMIN,KRX,Phoenix,1.61,266.0,18,10,6,8,78.0,173.0,46.0,1.0,1.0,0.0,TS,,5,KRX,,13,1,VCT Emea
0,Pearl,free1ng,KRX,Neon,1.38,283.0,17,11,3,6,72.0,162.0,26.0,5.0,4.0,1.0,TS,,5,KRX,,13,1,VCT Emea
0,Pearl,MaKo,KRX,Astra,1.11,180.0,13,9,4,4,83.0,112.0,30.0,1.0,0.0,1.0,TS,,5,KRX,,13,1,VCT Emea
0,Pearl,BeYN,KRX,Fade,0.95,150.0,9,10,3,-1,78.0,95.0,17.0,1.0,1.0,0.0,TS,,5,KRX,,13,1,VCT Emea
0,Pearl,yong,KRX,Chamber,0.64,131.0,8,12,5,-4,72.0,86.0,18.0,2.0,2.0,0.0,TS,,5,KRX,,13,1,VCT Emea
2,Fracture,kellyS,TS,Skye,1.1,233.0,24,19,10,5,82.0,147.0,20.0,1.0,3.0,-2.0,TS,,13,KRX,,15,0,VCT Emea
2,Fracture,Sylvan,TS,Brimstone,1.05,227.0,22,22,18,0,89.0,132.0,28.0,2.0,3.0,-1.0,TS,,13,KRX,,15,0,VCT Emea
2,Fracture,BerserX,TS,Cypher,0.93,202.0,20,21,5,-1,71.0,144.0,22.0,3.0,1.0,2.0,TS,,13,KRX,,15,0,VCT Emea
2,Fracture,JessieVash,TS,Tejo,0.84,168.0,16,20,5,-4,79.0,124.0,18.0,3.0,2.0,1.0,TS,,13,KRX,,15,0,VCT Emea
2,Fracture,Rimuru,TS,Neon,0.73,161.0,15,23,8,-8,71.0,111.0,36.0,6.0,4.0,2.0,TS,,13,KRX,,15,0,VCT Emea
2,Fracture,BeYN,KRX,Breach,1.42,249.0,24,17,13,7,75.0,151.0,34.0,0.0,1.0,-1.0,TS,,13,KRX,,15,1,VCT Emea
2,Fracture,HYUNMIN,KRX,Waylay,1.13,214.0,23,18,3,5,79.0,151.0,31.0,2.0,7.0,-5.0,TS,,13,KRX,,15,1,VCT Emea
2,Fracture,free1ng,KRX,Tejo,1.09,206.0,20,19,5,1,79.0,142.0,27.0,1.0,2.0,-1.0,TS,,13,KRX,,15,1,VCT Emea
2,Fracture,MaKo,KRX,Brimstone,1.03,213.0,18,22,16,-4,75.0,141.0,33.0,7.0,2.0,5.0,TS,,13,KRX,,15,1,VCT Emea
2,Fracture,yong,KRX,Cypher,0.93,209.0,19,21,13,-2,75.0,144.0,27.0,3.0,3.0,0.0,TS,,13,KRX,,15,1,VCT Emea
0,Haven,Xross,NS,Sova,1.33,232.0,18,14,11,4,67.0,162.0,33.0,3.0,2.0,1.0,NS,,11,KRX,,13,0,VCT Emea
0,Haven,Rb,NS,Omen,1.02,160.0,14,15,8,-1,63.0,114.0,44.0,1.0,2.0,-1.0,NS,,11,KRX,,13,0,VCT Emea
0,Haven,Dambi,NS,Neon,0.94,233.0,19,22,2,-3,79.0,155.0,28.0,6.0,4.0,2.0,NS,,11,KRX,,13,0,VCT Emea
0,Haven,Francis,NS,Breach,0.79,183.0,15,20,7,-5,71.0,121.0,20.0,0.0,3.0,-3.0,NS,,11,KRX,,13,0,VCT Emea
0,Haven,Ivy,NS,Killjoy,0.65,110.0,9,16,3,-7,54.0,72.0,24.0,2.0,1.0,1.0,NS,,11,KRX,,13,0,VCT Emea
0,Haven,HYUNMIN,KRX,Phoenix,1.5,268.0,25,14,6,11,83.0,172.0,23.0,1.0,2.0,-1.0,NS,,11,KRX,,13,1,VCT Emea
0,Haven,BeYN,KRX,Sova,1.18,222.0,17,15,7,2,83.0,152.0,33.0,5.0,2.0,3.0,NS,,11,KRX,,13,1,VCT Emea
0,Haven,yong,KRX,Cypher,1.02,197.0,16,14,10,2,79.0,141.0,31.0,2.0,3.0,-1.0,NS,,11,KRX,,13,1,VCT Emea
0,Haven,MaKo,KRX,Omen,0.81,157.0,13,17,7,-4,71.0,104.0,26.0,1.0,2.0,-1.0,NS,,11,KRX,,13,1,VCT Emea
0,Haven,free1ng,KRX,Neon,0.76,157.0,16,15,1,1,79.0,93.0,17.0,3.0,3.0,0.0,NS,,11,KRX,,13,1,VCT Emea
2,Fracture,Francis,NS,Breach,1.5,255.0,26,15,11,11,89.0,172.0,26.0,2.0,1.0,1.0,NS,,15,KRX,,13,1,VCT Emea
2,Fracture,Xross,NS,Tejo,1.08,219.0,18,18,8,0,86.0,167.0,20.0,1.0,1.0,0.0,NS,,15,KRX,,13,1,VCT Emea
2,Fracture,Ivy,NS,Cypher,0.92,182.0,20,21,4,-1,68.0,124.0,46.0,3.0,4.0,-1.0,NS,,15,KRX,,13,1,VCT Emea
2,Fracture,Rb,NS,Brimstone,0.86,149.0,14,20,24,-6,79.0,103.0,27.0,0.0,2.0,-2.0,NS,,15,KRX,,13,1,VCT Emea
2,Fracture,Dambi,NS,Neon,0.79,203.0,19,23,5,-4,64.0,124.0,20.0,6.0,8.0,-2.0,NS,,15,KRX,,13,1,VCT Emea
2,Fracture,MaKo,KRX,Brimstone,1.48,265.0,26,16,20,10,89.0,179.0,22.0,2.0,2.0,0.0,NS,,15,KRX,,13,0,VCT Emea
2,Fracture,free1ng,KRX,Tejo,0.96,170.0,16,18,8,-2,75.0,113.0,25.0,4.0,3.0,1.0,NS,,15,KRX,,13,0,VCT Emea
2,Fracture,BeYN,KRX,Breach,0.93,187.0,18,20,8,-2,71.0,118.0,20.0,3.0,2.0,1.0,NS,,15,KRX,,13,0,VCT Emea
2,Fracture,HYUNMIN,KRX,Waylay,0.92,187.0,17,20,6,-3,68.0,126.0,23.0,3.0,3.0,0.0,NS,,15,KRX,,13,0,VCT Emea
2,Fracture,yong,KRX,Cypher,0.79,184.0,19,23,5,-4,68.0,114.0,22.0,4.0,2.0,2.0,NS,,15,KRX,,13,0,VCT Emea
3,Lotus,Xross,NS,Fade,1.3,245.0,19,15,12,4,83.0,148.0,23.0,2.0,1.0,1.0,NS,,10,KRX,,13,0,VCT Emea
3,Lotus,Ivy,NS,Vyse,1.14,207.0,18,17,5,1,78.0,132.0,59.0,0.0,1.0,-1.0,NS,,10,KRX,,13,0,VCT Emea
3,Lotus,Dambi,NS,Neon,1.07,268.0,21,18,5,3,65.0,155.0,21.0,6.0,3.0,3.0,NS,,10,KRX,,13,0,VCT Emea
3,Lotus,Francis,NS,Breach,1.02,165.0,12,15,13,-3,83.0,114.0,24.0,1.0,1.0,0.0,NS,,10,KRX,,13,0,VCT Emea
3,Lotus,Rb,NS,Omen,0.54,136.0,9,17,5,-8,61.0,87.0,15.0,4.0,4.0,0.0,NS,,10,KRX,,13,0,VCT Emea
3,Lotus,yong,KRX,Chamber,1.44,269.0,25,14,2,11,74.0,160.0,32.0,6.0,3.0,3.0,NS,,10,KRX,,13,1,VCT Emea
3,Lotus,MaKo,KRX,Omen,0.98,151.0,13,14,11,-1,83.0,92.0,26.0,1.0,2.0,-1.0,NS,,10,KRX,,13,1,VCT Emea
3,Lotus,HYUNMIN,KRX,Raze,0.89,230.0,18,19,5,-1,91.0,152.0,25.0,1.0,4.0,-3.0,NS,,10,KRX,,13,1,VCT Emea
3,Lotus,free1ng,KRX,Neon,0.8,187.0,16,17,2,-1,52.0,120.0,21.0,2.0,3.0,-1.0,NS,,10,KRX,,13,1,VCT Emea
3,Lotus,BeYN,KRX,Fade,0.69,116.0,10,15,2,-5,61.0,72.0,32.0,0.0,1.0,-1.0,NS,,10,KRX,,13,1,VCT Emea
0,Split,Sylvan,TS,Astra,1.21,202.0,16,14,6,2,68.0,122.0,33.0,2.0,0.0,2.0,TS,,9,GE,,13,0,VCT Emea
0,Split,kellyS,TS,Viper,0.98,211.0,17,17,6,0,77.0,148.0,25.0,1.0,1.0,0.0,TS,,9,GE,,13,0,VCT Emea
0,Split,JessieVash,TS,Skye,0.74,132.0,10,17,11,-7,68.0,104.0,27.0,0.0,1.0,-1.0,TS,,9,GE,,13,0,VCT Emea
0,Split,Rimuru,TS,Neon,0.72,165.0,14,18,3,-4,59.0,96.0,33.0,7.0,5.0,2.0,TS,,9,GE,,13,0,VCT Emea
0,Split,BerserX,TS,Cypher,0.54,124.0,7,16,9,-9,59.0,91.0,20.0,0.0,4.0,-4.0,TS,,9,GE,,13,0,VCT Emea
0,Split,Kr1stal,GE,Fade,1.6,236.0,19,8,9,11,91.0,150.0,20.0,2.0,1.0,1.0,TS,,9,GE,,13,1,VCT Emea
0,Split,Autumn,GE,Veto,1.52,289.0,25,13,0,12,91.0,186.0,27.0,5.0,0.0,5.0,TS,,9,GE,,13,1,VCT Emea
0,Split,UdoTan,GE,Raze,1.05,200.0,16,14,4,2,82.0,142.0,27.0,1.0,3.0,-2.0,TS,,9,GE,,13,1,VCT Emea
0,Split,xavi8k,GE,Omen,0.93,186.0,11,15,17,-4,73.0,145.0,16.0,2.0,4.0,-2.0,TS,,9,GE,,13,1,VCT Emea
0,Split,PatMen,GE,Viper,0.65,138.0,11,14,4,-3,73.0,100.0,41.0,1.0,2.0,-1.0,TS,,9,GE,,13,1,VCT Emea
2,Lotus,Sylvan,TS,Omen,1.23,209.0,18,13,7,5,73.0,140.0,34.0,0.0,1.0,-1.0,TS,,9,GE,,13,0,VCT Emea
2,Lotus,kellyS,TS,Viper,1.09,228.0,17,14,5,3,77.0,152.0,24.0,4.0,1.0,3.0,TS,,9,GE,,13,0,VCT Emea
2,Lotus,JessieVash,TS,Fade,0.83,140.0,10,15,8,-5,64.0,99.0,38.0,1.0,0.0,1.0,TS,,9,GE,,13,0,VCT Emea
2,Lotus,BerserX,TS,Vyse,0.71,137.0,10,17,7,-7,86.0,102.0,22.0,4.0,2.0,2.0,TS,,9,GE,,13,0,VCT Emea
2,Lotus,Rimuru,TS,Neon,0.66,181.0,14,18,5,-4,55.0,110.0,39.0,2.0,7.0,-5.0,TS,,9,GE,,13,0,VCT Emea
2,Lotus,UdoTan,GE,Raze,1.5,249.0,20,12,7,8,86.0,172.0,25.0,3.0,2.0,1.0,TS,,9,GE,,13,1,VCT Emea
2,Lotus,PatMen,GE,Fade,1.28,250.0,17,15,14,2,82.0,177.0,35.0,3.0,0.0,3.0,TS,,9,GE,,13,1,VCT Emea
2,Lotus,Kr1stal,GE,Deadlock,1.05,174.0,14,15,6,-1,64.0,110.0,31.0,3.0,1.0,2.0,TS,,9,GE,,13,1,VCT Emea
2,Lotus,xavi8k,GE,Astra,0.81,161.0,14,14,3,0,64.0,93.0,27.0,0.0,4.0,-4.0,TS,,9,GE,,13,1,VCT Emea
2,Lotus,Autumn,GE,Omen,0.78,147.0,12,13,7,-1,59.0,88.0,35.0,2.0,4.0,-2.0,TS,,9,GE,,13,1,VCT Emea
0,Haven,t3xture,GEN,Chamber,1.42,273.0,32,22,6,10,81.0,165.0,16.0,7.0,3.0,4.0,GEN,,17,PRX,,15,1,VCT Emea
0,Haven,Ash,GEN,Omen,1.34,239.0,25,21,17,4,75.0,164.0,40.0,1.0,2.0,-1.0,GEN,,17,PRX,,15,1,VCT Emea
0,Haven,Karon,GEN,Phoenix,1.23,255.0,30,23,12,7,72.0,171.0,30.0,3.0,4.0,-1.0,GEN,,17,PRX,,15,1,VCT Emea
0,Haven,Lakia,GEN,Fade,0.89,161.0,19,21,15,-2,78.0,113.0,23.0,1.0,3.0,-2.0,GEN,,17,PRX,,15,1,VCT Emea
0,Haven,ZynX,GEN,Neon,0.8,195.0,21,25,9,-4,78.0,122.0,24.0,3.0,5.0,-2.0,GEN,,17,PRX,,15,1,VCT Emea
0,Haven,d4v41,PRX,Chamber,1.31,243.0,30,22,3,8,66.0,155.0,21.0,3.0,1.0,2.0,GEN,,17,PRX,,15,0,VCT Emea
0,Haven,Jinggg,PRX,Phoenix,0.98,223.0,25,26,12,-1,69.0,154.0,29.0,3.0,4.0,-1.0,GEN,,17,PRX,,15,0,VCT Emea
0,Haven,f0rsakeN,PRX,Omen,0.85,196.0,21,27,12,-6,66.0,132.0,28.0,4.0,2.0,2.0,GEN,,17,PRX,,15,0,VCT Emea
0,Haven,invy,PRX,Sova,0.71,171.0,18,26,9,-8,78.0,113.0,13.0,3.0,1.0,2.0,GEN,,17,PRX,,15,0,VCT Emea
0,Haven,something,PRX,Neon,0.61,167.0,18,26,6,-8,66.0,109.0,33.0,4.0,7.0,-3.0,GEN,,17,PRX,,15,0,VCT Emea
2,Fracture,t3xture,GEN,Neon,1.09,241.0,15,12,0,3,69.0,152.0,38.0,3.0,3.0,0.0,GEN,,3,PRX,,13,0,VCT Emea
2,Fracture,Karon,GEN,Cypher,0.94,204.0,11,12,1,-1,69.0,132.0,24.0,3.0,0.0,3.0,GEN,,3,PRX,,13,0,VCT Emea
2,Fracture,ZynX,GEN,Waylay,0.59,149.0,9,15,2,-6,69.0,95.0,33.0,0.0,3.0,-3.0,GEN,,3,PRX,,13,0,VCT Emea
2,Fracture,Ash,GEN,Brimstone,0.51,147.0,7,14,5,-7,81.0,112.0,26.0,0.0,3.0,-3.0,GEN,,3,PRX,,13,0,VCT Emea
2,Fracture,Lakia,GEN,Breach,0.37,106.0,5,15,3,-10,63.0,68.0,9.0,0.0,1.0,-1.0,GEN,,3,PRX,,13,0,VCT Emea
2,Fracture,Jinggg,PRX,Raze,1.92,390.0,23,10,4,13,88.0,270.0,31.0,5.0,1.0,4.0,GEN,,3,PRX,,13,1,VCT Emea
2,Fracture,invy,PRX,Breach,1.38,222.0,14,9,6,5,94.0,146.0,31.0,0.0,1.0,-1.0,GEN,,3,PRX,,13,1,VCT Emea
2,Fracture,d4v41,PRX,Killjoy,1.21,185.0,11,8,5,3,75.0,135.0,21.0,1.0,1.0,0.0,GEN,,3,PRX,,13,1,VCT Emea
2,Fracture,f0rsakeN,PRX,Brimstone,1.19,169.0,9,9,11,0,94.0,117.0,32.0,1.0,0.0,1.0,GEN,,3,PRX,,13,1,VCT Emea
2,Fracture,something,PRX,Neon,0.75,175.0,11,11,1,0,63.0,111.0,15.0,3.0,3.0,0.0,GEN,,3,PRX,,13,1,VCT Emea
3,Lotus,Karon,GEN,Vyse,1.5,235.0,16,8,2,8,88.0,166.0,32.0,0.0,1.0,-1.0,GEN,,13,PRX,,3,1,VCT Emea
3,Lotus,ZynX,GEN,Neon,1.37,302.0,19,12,6,7,94.0,144.0,18.0,3.0,2.0,1.0,GEN,,13,PRX,,3,1,VCT Emea
3,Lotus,Lakia,GEN,Fade,1.22,234.0,13,12,10,1,88.0,172.0,33.0,2.0,0.0,2.0,GEN,,13,PRX,,3,1,VCT Emea
3,Lotus,t3xture,GEN,Raze,1.12,289.0,15,14,9,1,88.0,199.0,13.0,3.0,3.0,0.0,GEN,,13,PRX,,3,1,VCT Emea
3,Lotus,Ash,GEN,Omen,0.86,128.0,8,9,8,-1,69.0,78.0,37.0,0.0,2.0,-2.0,GEN,,13,PRX,,3,1,VCT Emea
3,Lotus,Jinggg,PRX,Raze,1.49,314.0,18,13,0,5,81.0,182.0,21.0,1.0,2.0,-1.0,GEN,,13,PRX,,3,0,VCT Emea
3,Lotus,d4v41,PRX,Vyse,1.15,291.0,15,13,4,2,81.0,182.0,22.0,4.0,1.0,3.0,GEN,,13,PRX,,3,0,VCT Emea
3,Lotus,f0rsakeN,PRX,Omen,0.71,166.0,10,14,7,-4,75.0,115.0,27.0,0.0,2.0,-2.0,GEN,,13,PRX,,3,0,VCT Emea
3,Lotus,invy,PRX,Fade,0.53,143.0,9,15,4,-6,75.0,90.0,29.0,2.0,0.0,2.0,GEN,,13,PRX,,3,0,VCT Emea
3,Lotus,something,PRX,Neon,0.16,110.0,3,16,5,-13,63.0,86.0,19.0,1.0,3.0,-2.0,GEN,,13,PRX,,3,0,VCT Emea
0,Breeze,Sylvan,TS,Astra,0.87,196.0,12,15,2,-3,59.0,126.0,62.0,0.0,0.0,0.0,TS,,4,PRX,,13,0,VCT Emea
0,Breeze,BerserX,TS,Viper,0.86,215.0,13,15,2,-2,59.0,142.0,26.0,1.0,0.0,1.0,TS,,4,PRX,,13,0,VCT Emea
0,Breeze,kellyS,TS,Kayo,0.83,179.0,11,16,2,-5,59.0,115.0,32.0,2.0,0.0,2.0,TS,,4,PRX,,13,0,VCT Emea
0,Breeze,JessieVash,TS,Sova,0.57,123.0,6,15,7,-9,59.0,83.0,24.0,1.0,0.0,1.0,TS,,4,PRX,,13,0,VCT Emea
0,Breeze,Rimuru,TS,Jett,0.03,55.0,2,16,3,-14,35.0,43.0,7.0,1.0,12.0,-11.0,TS,,4,PRX,,13,0,VCT Emea
0,Breeze,Jinggg,PRX,Omen,2.19,372.0,25,6,7,19,94.0,241.0,40.0,3.0,1.0,2.0,TS,,4,PRX,,13,1,VCT Emea
0,Breeze,something,PRX,Jett,1.36,226.0,15,8,1,7,94.0,128.0,35.0,5.0,0.0,5.0,TS,,4,PRX,,13,1,VCT Emea
0,Breeze,f0rsakeN,PRX,Neon,1.16,238.0,14,12,6,2,88.0,170.0,15.0,2.0,2.0,0.0,TS,,4,PRX,,13,1,VCT Emea
0,Breeze,invy,PRX,Sova,1.03,176.0,12,9,7,3,71.0,126.0,26.0,0.0,0.0,0.0,TS,,4,PRX,,13,1,VCT Emea
0,Breeze,d4v41,PRX,Viper,1.03,174.0,11,9,2,2,88.0,124.0,33.0,2.0,2.0,0.0,TS,,4,PRX,,13,1,VCT Emea
2,Split,BerserX,TS,Cypher,1.25,211.0,24,20,7,4,85.0,139.0,36.0,5.0,4.0,1.0,TS,,16,PRX,,18,0,VCT Emea
2,Split,kellyS,TS,Viper,1.18,235.0,28,23,10,5,79.0,143.0,34.0,2.0,0.0,2.0,TS,,16,PRX,,18,0,VCT Emea
2,Split,Rimuru,TS,Neon,1.02,238.0,28,25,5,3,68.0,156.0,26.0,5.0,9.0,-4.0,TS,,16,PRX,,18,0,VCT Emea
2,Split,Sylvan,TS,Omen,0.99,195.0,23,24,14,-1,79.0,131.0,33.0,3.0,2.0,1.0,TS,,16,PRX,,18,0,VCT Emea
2,Split,JessieVash,TS,Skye,0.88,165.0,19,22,15,-3,82.0,116.0,23.0,2.0,2.0,0.0,TS,,16,PRX,,18,0,VCT Emea
2,Split,invy,PRX,Skye,1.29,296.0,34,24,9,10,85.0,191.0,32.0,3.0,2.0,1.0,TS,,16,PRX,,18,1,VCT Emea
2,Split,something,PRX,Jett,1.27,217.0,28,20,4,8,68.0,148.0,27.0,4.0,3.0,1.0,TS,,16,PRX,,18,1,VCT Emea
2,Split,Jinggg,PRX,Raze,0.87,195.0,21,27,10,-6,76.0,133.0,17.0,4.0,3.0,1.0,TS,,16,PRX,,18,1,VCT Emea
2,Split,f0rsakeN,PRX,Omen,0.72,184.0,21,27,9,-6,65.0,120.0,31.0,5.0,3.0,2.0,TS,,16,PRX,,18,1,VCT Emea
2,Split,d4v41,PRX,Viper,0.52,89.0,10,24,5,-14,74.0,65.0,20.0,1.0,6.0,-5.0,TS,,16,PRX,,18,1,VCT Emea
0,Fracture,MaKo,KRX,Brimstone,1.78,311.0,25,10,8,15,90.0,219.0,50.0,2.0,0.0,2.0,KRX,,13,GE,,8,1,VCT Emea
0,Fracture,HYUNMIN,KRX,Raze,1.2,249.0,19,14,2,5,71.0,164.0,26.0,2.0,2.0,0.0,KRX,,13,GE,,8,1,VCT Emea
0,Fracture,free1ng,KRX,Neon,1.17,271.0,21,14,5,7,76.0,165.0,27.0,6.0,4.0,2.0,KRX,,13,GE,,8,1,VCT Emea
0,Fracture,BeYN,KRX,Breach,1.03,190.0,14,12,13,2,90.0,117.0,16.0,1.0,1.0,0.0,KRX,,13,GE,,8,1,VCT Emea
0,Fracture,yong,KRX,Cypher,0.48,115.0,7,15,5,-8,71.0,79.0,11.0,0.0,3.0,-3.0,KRX,,13,GE,,8,1,VCT Emea
0,Fracture,UdoTan,GE,Raze,1.13,229.0,18,16,2,2,57.0,150.0,28.0,3.0,3.0,0.0,KRX,,13,GE,,8,0,VCT Emea
0,Fracture,PatMen,GE,Tejo,1.05,228.0,18,18,4,0,67.0,124.0,40.0,3.0,1.0,2.0,KRX,,13,GE,,8,0,VCT Emea
0,Fracture,Autumn,GE,Brimstone,0.94,178.0,13,16,9,-3,81.0,117.0,39.0,2.0,1.0,1.0,KRX,,13,GE,,8,0,VCT Emea
0,Fracture,xavi8k,GE,Breach,0.59,108.0,7,18,7,-11,52.0,80.0,10.0,0.0,3.0,-3.0,KRX,,13,GE,,8,0,VCT Emea
0,Fracture,Kr1stal,GE,Deadlock,0.47,131.0,9,18,3,-9,57.0,83.0,16.0,2.0,3.0,-1.0,KRX,,13,GE,,8,0,VCT Emea
2,Haven,HYUNMIN,KRX,Jett,1.51,334.0,25,16,3,9,68.0,226.0,36.0,2.0,2.0,0.0,KRX,,13,GE,,9,1,VCT Emea
2,Haven,MaKo,KRX,Omen,1.17,179.0,13,12,16,1,86.0,126.0,22.0,1.0,1.0,0.0,KRX,,13,GE,,9,1,VCT Emea
2,Haven,BeYN,KRX,Skye,0.86,136.0,11,12,6,-1,77.0,102.0,30.0,3.0,2.0,1.0,KRX,,13,GE,,9,1,VCT Emea
2,Haven,yong,KRX,Chamber,0.78,151.0,12,15,2,-3,64.0,109.0,28.0,1.0,5.0,-4.0,KRX,,13,GE,,9,1,VCT Emea
2,Haven,free1ng,KRX,Neon,0.72,186.0,15,15,5,0,59.0,102.0,22.0,2.0,3.0,-1.0,KRX,,13,GE,,9,1,VCT Emea
2,Haven,UdoTan,GE,Waylay,1.29,278.0,22,16,5,6,86.0,177.0,29.0,7.0,0.0,7.0,KRX,,13,GE,,9,0,VCT Emea
2,Haven,Kr1stal,GE,Deadlock,1.16,198.0,13,14,8,-1,77.0,139.0,25.0,2.0,1.0,1.0,KRX,,13,GE,,9,0,VCT Emea
2,Haven,PatMen,GE,Skye,0.96,194.0,15,16,5,-1,73.0,118.0,31.0,2.0,2.0,0.0,KRX,,13,GE,,9,0,VCT Emea
2,Haven,Autumn,GE,Cypher,0.86,164.0,11,15,4,-4,73.0,109.0,39.0,1.0,4.0,-3.0,KRX,,13,GE,,9,0,VCT Emea
2,Haven,xavi8k,GE,Omen,0.68,110.0,9,15,7,-6,59.0,74.0,26.0,1.0,2.0,-1.0,KRX,,13,GE,,9,0,VCT Emea
0,Pearl,Rb,NS,Astra,1.6,249.0,20,9,10,11,86.0,149.0,32.0,0.0,3.0,-3.0,NS,,13,GEN,,8,1,VCT Emea
0,Pearl,Ivy,NS,Chamber,1.14,166.0,13,10,6,3,76.0,123.0,32.0,4.0,5.0,-1.0,NS,,13,GEN,,8,1,VCT Emea
0,Pearl,Francis,NS,Neon,1.13,289.0,22,16,3,6,76.0,159.0,16.0,3.0,2.0,1.0,NS,,13,GEN,,8,1,VCT Emea
0,Pearl,Xross,NS,Fade,1.11,214.0,16,13,8,3,81.0,135.0,32.0,2.0,0.0,2.0,NS,,13,GEN,,8,1,VCT Emea
0,Pearl,Dambi,NS,Phoenix,0.79,168.0,11,15,7,-4,67.0,111.0,30.0,2.0,0.0,2.0,NS,,13,GEN,,8,1,VCT Emea
0,Pearl,t3xture,GEN,Neon,1.24,263.0,19,16,6,3,76.0,155.0,22.0,3.0,2.0,1.0,NS,,13,GEN,,8,0,VCT Emea
0,Pearl,Karon,GEN,Phoenix,1.07,221.0,18,17,3,1,76.0,140.0,23.0,2.0,3.0,-1.0,NS,,13,GEN,,8,0,VCT Emea
0,Pearl,Ash,GEN,Astra,0.77,149.0,10,16,11,-6,71.0,90.0,24.0,1.0,1.0,0.0,NS,,13,GEN,,8,0,VCT Emea
0,Pearl,ZynX,GEN,Killjoy,0.72,164.0,10,16,5,-6,67.0,118.0,20.0,3.0,3.0,0.0,NS,,13,GEN,,8,0,VCT Emea
0,Pearl,Lakia,GEN,Fade,0.46,90.0,6,17,9,-11,57.0,51.0,16.0,1.0,2.0,-1.0,NS,,13,GEN,,8,0,VCT Emea
2,Breeze,Ivy,NS,Viper,1.73,357.0,23,9,0,14,100.0,234.0,36.0,5.0,0.0,5.0,NS,,13,GEN,,3,1,VCT Emea
2,Breeze,Xross,NS,Sova,1.29,194.0,11,6,4,5,81.0,124.0,33.0,1.0,1.0,0.0,NS,,13,GEN,,3,1,VCT Emea
2,Breeze,Rb,NS,Harbor,1.1,135.0,9,7,6,2,81.0,82.0,17.0,0.0,0.0,0.0,NS,,13,GEN,,3,1,VCT Emea
2,Breeze,Dambi,NS,Phoenix,1.04,187.0,9,9,6,0,63.0,124.0,23.0,1.0,2.0,-1.0,NS,,13,GEN,,3,1,VCT Emea
2,Breeze,Francis,NS,Neon,0.93,188.0,12,10,1,2,75.0,130.0,26.0,2.0,4.0,-2.0,NS,,13,GEN,,3,1,VCT Emea
2,Breeze,Lakia,GEN,Sova,1.28,246.0,14,12,2,2,81.0,180.0,24.0,1.0,1.0,0.0,NS,,13,GEN,,3,0,VCT Emea
2,Breeze,Karon,GEN,Viper,0.89,163.0,9,11,5,-2,81.0,102.0,38.0,1.0,1.0,0.0,NS,,13,GEN,,3,0,VCT Emea
2,Breeze,Ash,GEN,Harbor,0.74,167.0,8,13,4,-5,63.0,130.0,23.0,2.0,4.0,-2.0,NS,,13,GEN,,3,0,VCT Emea
2,Breeze,t3xture,GEN,Jett,0.71,164.0,8,13,2,-5,56.0,113.0,27.0,3.0,3.0,0.0,NS,,13,GEN,,3,0,VCT Emea
2,Breeze,ZynX,GEN,Kayo,0.25,68.0,2,15,7,-13,50.0,49.0,36.0,0.0,0.0,0.0,NS,,13,GEN,,3,0,VCT Emea
0,Split,something,PRX,Jett,1.93,345.0,21,7,5,14,94.0,213.0,16.0,3.0,1.0,2.0,PRX,,13,GE,,3,1,VCT Emea
0,Split,Jinggg,PRX,Raze,1.37,231.0,14,7,5,7,94.0,145.0,19.0,2.0,1.0,1.0,PRX,,13,GE,,3,1,VCT Emea
0,Split,invy,PRX,Skye,1.28,159.0,9,7,10,2,88.0,97.0,8.0,2.0,0.0,2.0,PRX,,13,GE,,3,1,VCT Emea
0,Split,d4v41,PRX,Viper,1.08,257.0,15,12,8,3,81.0,151.0,7.0,2.0,2.0,0.0,PRX,,13,GE,,3,1,VCT Emea
0,Split,f0rsakeN,PRX,Omen,0.95,189.0,10,10,5,0,75.0,138.0,19.0,1.0,2.0,-1.0,PRX,,13,GE,,3,1,VCT Emea
0,Split,Kr1stal,GE,Fade,0.84,170.0,9,12,3,-3,63.0,116.0,30.0,1.0,0.0,1.0,PRX,,13,GE,,3,0,VCT Emea
0,Split,PatMen,GE,Viper,0.83,212.0,12,14,0,-2,56.0,126.0,29.0,1.0,0.0,1.0,PRX,,13,GE,,3,0,VCT Emea
0,Split,Autumn,GE,Vyse,0.79,148.0,9,13,2,-4,81.0,104.0,45.0,0.0,1.0,-1.0,PRX,,13,GE,,3,0,VCT Emea
0,Split,xavi8k,GE,Omen,0.62,183.0,8,15,5,-7,63.0,119.0,15.0,1.0,2.0,-1.0,PRX,,13,GE,,3,0,VCT Emea
0,Split,UdoTan,GE,Neon,0.32,109.0,5,15,3,-10,56.0,72.0,23.0,3.0,7.0,-4.0,PRX,,13,GE,,3,0,VCT Emea
2,Pearl,something,PRX,Jett,1.6,330.0,25,14,4,11,76.0,232.0,26.0,5.0,2.0,3.0,PRX,,13,GE,,8,1,VCT Emea
2,Pearl,f0rsakeN,PRX,Astra,1.22,222.0,17,13,3,4,76.0,147.0,47.0,1.0,0.0,1.0,PRX,,13,GE,,8,1,VCT Emea
2,Pearl,d4v41,PRX,Vyse,1.16,245.0,20,15,5,5,81.0,157.0,22.0,0.0,2.0,-2.0,PRX,,13,GE,,8,1,VCT Emea
2,Pearl,invy,PRX,Fade,1.06,188.0,12,12,9,0,86.0,128.0,27.0,1.0,1.0,0.0,PRX,,13,GE,,8,1,VCT Emea
2,Pearl,Jinggg,PRX,Phoenix,1.01,174.0,13,13,11,0,76.0,118.0,39.0,6.0,3.0,3.0,PRX,,13,GE,,8,1,VCT Emea
2,Pearl,PatMen,GE,Tejo,1.35,354.0,25,18,3,7,71.0,214.0,29.0,4.0,0.0,4.0,PRX,,13,GE,,8,0,VCT Emea
2,Pearl,Kr1stal,GE,Fade,1.13,181.0,14,14,6,0,76.0,118.0,38.0,1.0,0.0,1.0,PRX,,13,GE,,8,0,VCT Emea
2,Pearl,xavi8k,GE,Astra,0.81,153.0,11,17,7,-6,67.0,101.0,29.0,1.0,1.0,0.0,PRX,,13,GE,,8,0,VCT Emea
2,Pearl,UdoTan,GE,Neon,0.69,179.0,12,18,5,-6,57.0,107.0,23.0,2.0,5.0,-3.0,PRX,,13,GE,,8,0,VCT Emea
2,Pearl,Autumn,GE,Chamber,0.07,90.0,5,20,5,-15,43.0,64.0,20.0,0.0,7.0,-7.0,PRX,,13,GE,,8,0,VCT Emea
0,Haven,Karon,GEN,Phoenix,1.53,275.0,16,8,5,8,75.0,183.0,26.0,2.0,2.0,0.0,GEN,,13,KRX,,3,1,VCT Emea
0,Haven,Lakia,GEN,Fade,1.51,231.0,14,8,9,6,81.0,139.0,36.0,0.0,0.0,0.0,GEN,,13,KRX,,3,1,VCT Emea
0,Haven,KiTae,GEN,Omen,1.32,260.0,13,10,12,3,88.0,174.0,15.0,1.0,2.0,-1.0,GEN,,13,KRX,,3,1,VCT Emea
0,Haven,t3xture,GEN,Chamber,0.98,160.0,10,9,0,1,69.0,100.0,22.0,1.0,3.0,-2.0,GEN,,13,KRX,,3,1,VCT Emea
0,Haven,Ash,GEN,Neon,0.97,182.0,11,9,2,2,63.0,126.0,27.0,1.0,4.0,-3.0,GEN,,13,KRX,,3,1,VCT Emea
0,Haven,BeYN,KRX,Skye,1.14,215.0,10,12,7,-2,75.0,146.0,24.0,2.0,0.0,2.0,GEN,,13,KRX,,3,0,VCT Emea
0,Haven,yong,KRX,Chamber,0.92,197.0,12,12,2,0,56.0,126.0,30.0,3.0,0.0,3.0,GEN,,13,KRX,,3,0,VCT Emea
0,Haven,HYUNMIN,KRX,Phoenix,0.66,124.0,7,12,7,-5,63.0,87.0,24.0,0.0,1.0,-1.0,GEN,,13,KRX,,3,0,VCT Emea
0,Haven,MaKo,KRX,Omen,0.62,129.0,7,13,5,-6,50.0,81.0,32.0,1.0,0.0,1.0,GEN,,13,KRX,,3,0,VCT Emea
0,Haven,free1ng,KRX,Neon,0.44,157.0,8,15,1,-7,69.0,94.0,17.0,5.0,4.0,1.0,GEN,,13,KRX,,3,0,VCT Emea
2,Pearl,Karon,GEN,Phoenix,1.32,240.0,18,14,8,4,74.0,163.0,30.0,0.0,1.0,-1.0,GEN,,10,KRX,,13,0,VCT Emea
2,Pearl,t3xture,GEN,Chamber,1.22,249.0,21,14,0,7,65.0,141.0,22.0,6.0,2.0,4.0,GEN,,10,KRX,,13,0,VCT Emea
2,Pearl,Ash,GEN,Neon,1.07,223.0,18,17,4,1,74.0,132.0,33.0,8.0,2.0,6.0,GEN,,10,KRX,,13,0,VCT Emea
2,Pearl,Lakia,GEN,Fade,0.65,141.0,10,18,9,-8,70.0,84.0,18.0,0.0,1.0,-1.0,GEN,,10,KRX,,13,0,VCT Emea
2,Pearl,KiTae,GEN,Astra,0.47,92.0,5,16,8,-11,78.0,65.0,23.0,0.0,3.0,-3.0,GEN,,10,KRX,,13,0,VCT Emea
2,Pearl,MaKo,KRX,Astra,1.59,276.0,22,10,3,12,74.0,194.0,25.0,3.0,1.0,2.0,GEN,,10,KRX,,13,1,VCT Emea
2,Pearl,BeYN,KRX,Skye,1.31,203.0,18,11,11,7,74.0,125.0,20.0,0.0,2.0,-2.0,GEN,,10,KRX,,13,1,VCT Emea
2,Pearl,free1ng,KRX,Neon,1.08,197.0,18,14,1,4,57.0,123.0,19.0,1.0,2.0,-1.0,GEN,,10,KRX,,13,1,VCT Emea
2,Pearl,yong,KRX,Chamber,0.56,139.0,10,17,3,-7,65.0,91.0,21.0,2.0,7.0,-5.0,GEN,,10,KRX,,13,1,VCT Emea
2,Pearl,HYUNMIN,KRX,Jett,0.51,154.0,11,20,2,-9,52.0,99.0,24.0,3.0,2.0,1.0,GEN,,10,KRX,,13,1,VCT Emea
3,Lotus,Lakia,GEN,Fade,1.12,204.0,26,26,14,0,78.0,131.0,27.0,2.0,0.0,2.0,GEN,,17,KRX,,19,0,VCT Emea
3,Lotus,Karon,GEN,Vyse,1.01,179.0,24,26,6,-2,72.0,121.0,36.0,6.0,0.0,6.0,GEN,,17,KRX,,19,0,VCT Emea
3,Lotus,t3xture,GEN,Raze,0.93,232.0,27,30,10,-3,69.0,155.0,26.0,3.0,6.0,-3.0,GEN,,17,KRX,,19,0,VCT Emea
3,Lotus,Ash,GEN,Neon,0.81,200.0,24,30,6,-6,67.0,124.0,22.0,5.0,8.0,-3.0,GEN,,17,KRX,,19,0,VCT Emea
3,Lotus,KiTae,GEN,Omen,0.67,145.0,17,28,12,-11,61.0,102.0,36.0,1.0,6.0,-5.0,GEN,,17,KRX,,19,0,VCT Emea
3,Lotus,HYUNMIN,KRX,Raze,1.36,301.0,36,27,8,9,81.0,198.0,24.0,4.0,4.0,0.0,GEN,,17,KRX,,19,1,VCT Emea
3,Lotus,MaKo,KRX,Omen,1.32,226.0,28,20,16,8,83.0,156.0,43.0,0.0,0.0,0.0,GEN,,17,KRX,,19,1,VCT Emea
3,Lotus,yong,KRX,Chamber,1.15,243.0,33,24,2,9,72.0,169.0,39.0,9.0,2.0,7.0,GEN,,17,KRX,,19,1,VCT Emea
3,Lotus,BeYN,KRX,Fade,1.04,187.0,23,22,9,1,75.0,132.0,27.0,3.0,3.0,0.0,GEN,,17,KRX,,19,1,VCT Emea
3,Lotus,free1ng,KRX,Neon,0.6,144.0,19,25,2,-6,61.0,94.0,20.0,3.0,7.0,-4.0,GEN,,17,KRX,,19,1,VCT Emea
0,Breeze,Xross,NS,Sova,1.41,226.0,19,9,0,10,81.0,138.0,14.0,0.0,0.0,0.0,NS,,13,TS,,8,1,VCT Emea
0,Breeze,Dambi,NS,Phoenix,1.19,255.0,20,14,3,6,76.0,145.0,19.0,5.0,0.0,5.0,NS,,13,TS,,8,1,VCT Emea
0,Breeze,Rb,NS,Harbor,1.14,162.0,13,9,9,4,76.0,114.0,24.0,1.0,3.0,-2.0,NS,,13,TS,,8,1,VCT Emea
0,Breeze,Francis,NS,Neon,1.01,243.0,17,15,6,2,76.0,154.0,13.0,4.0,4.0,0.0,NS,,13,TS,,8,1,VCT Emea
0,Breeze,Ivy,NS,Viper,0.87,141.0,10,11,5,-1,62.0,111.0,25.0,1.0,3.0,-2.0,NS,,13,TS,,8,1,VCT Emea
0,Breeze,Sylvan,TS,Astra,1.28,246.0,20,16,4,4,76.0,148.0,35.0,3.0,2.0,1.0,NS,,13,TS,,8,0,VCT Emea
0,Breeze,BerserX,TS,Viper,1.1,198.0,14,16,8,-2,86.0,146.0,22.0,1.0,0.0,1.0,NS,,13,TS,,8,0,VCT Emea
0,Breeze,Zeus,TS,Neon,0.8,196.0,12,17,8,-5,76.0,151.0,27.0,4.0,4.0,0.0,NS,,13,TS,,8,0,VCT Emea
0,Breeze,JessieVash,TS,Sova,0.62,89.0,6,14,3,-8,62.0,65.0,13.0,0.0,2.0,-2.0,NS,,13,TS,,8,0,VCT Emea
0,Breeze,kellyS,TS,Kayo,0.61,116.0,6,16,11,-10,71.0,79.0,37.0,2.0,3.0,-1.0,NS,,13,TS,,8,0,VCT Emea
2,Fracture,Xross,NS,Skye,0.87,194.0,15,15,5,0,76.0,123.0,22.0,0.0,1.0,-1.0,NS,,8,TS,,13,0,VCT Emea
2,Fracture,Francis,NS,Neon,0.84,229.0,16,18,4,-2,67.0,139.0,23.0,4.0,5.0,-1.0,NS,,8,TS,,13,0,VCT Emea
2,Fracture,Ivy,NS,Cypher,0.8,203.0,14,17,4,-3,71.0,134.0,35.0,3.0,2.0,1.0,NS,,8,TS,,13,0,VCT Emea
2,Fracture,Rb,NS,Brimstone,0.72,144.0,11,13,1,-2,67.0,93.0,23.0,0.0,1.0,-1.0,NS,,8,TS,,13,0,VCT Emea
2,Fracture,Dambi,NS,Raze,0.69,159.0,11,16,5,-5,67.0,119.0,21.0,3.0,2.0,1.0,NS,,8,TS,,13,0,VCT Emea
2,Fracture,Sylvan,TS,Brimstone,1.82,284.0,20,11,16,9,90.0,200.0,24.0,2.0,0.0,2.0,NS,,8,TS,,13,1,VCT Emea
2,Fracture,JessieVash,TS,Tejo,1.21,171.0,14,11,7,3,81.0,115.0,28.0,2.0,1.0,1.0,NS,,8,TS,,13,1,VCT Emea
2,Fracture,BerserX,TS,Cypher,1.12,197.0,16,13,3,3,81.0,119.0,17.0,2.0,1.0,1.0,NS,,8,TS,,13,1,VCT Emea
2,Fracture,Zeus,TS,Neon,0.96,225.0,16,15,6,1,67.0,146.0,14.0,4.0,7.0,-3.0,NS,,8,TS,,13,1,VCT Emea
2,Fracture,kellyS,TS,Skye,0.85,175.0,13,17,12,-4,86.0,122.0,16.0,1.0,1.0,0.0,NS,,8,TS,,13,1,VCT Emea
3,Pearl,Dambi,NS,Phoenix,1.55,275.0,17,10,11,7,89.0,176.0,22.0,1.0,0.0,1.0,NS,,13,TS,,5,1,VCT Emea
3,Pearl,Xross,NS,Fade,1.53,281.0,18,10,5,8,83.0,177.0,31.0,0.0,0.0,0.0,NS,,13,TS,,5,1,VCT Emea
3,Pearl,Rb,NS,Astra,1.2,166.0,11,9,11,2,83.0,112.0,27.0,3.0,0.0,3.0,NS,,13,TS,,5,1,VCT Emea
3,Pearl,Ivy,NS,Chamber,0.99,190.0,13,12,1,1,56.0,121.0,30.0,2.0,5.0,-3.0,NS,,13,TS,,5,1,VCT Emea
3,Pearl,Francis,NS,Neon,0.77,221.0,14,14,3,0,50.0,121.0,8.0,2.0,5.0,-3.0,NS,,13,TS,,5,1,VCT Emea
3,Pearl,BerserX,TS,Killjoy,1.07,220.0,14,14,2,0,72.0,157.0,20.0,2.0,1.0,1.0,NS,,13,TS,,5,0,VCT Emea
3,Pearl,kellyS,TS,Chamber,1.03,199.0,12,13,5,-1,67.0,147.0,22.0,3.0,3.0,0.0,NS,,13,TS,,5,0,VCT Emea
3,Pearl,Zeus,TS,Neon,0.67,189.0,10,17,6,-7,67.0,126.0,30.0,4.0,2.0,2.0,NS,,13,TS,,5,0,VCT Emea
3,Pearl,Sylvan,TS,Astra,0.62,147.0,9,15,1,-6,56.0,113.0,33.0,1.0,1.0,0.0,NS,,13,TS,,5,0,VCT Emea
3,Pearl,JessieVash,TS,Skye,0.61,138.0,10,14,7,-4,67.0,92.0,40.0,0.0,1.0,-1.0,NS,,13,TS,,5,0,VCT Emea
0,Split,Ash,GEN,Neon,1.26,242.0,22,15,4,7,71.0,145.0,28.0,5.0,4.0,1.0,GEN,,11,TS,,13,0,VCT Emea
0,Split,t3xture,GEN,Raze,1.15,223.0,16,16,9,0,79.0,139.0,14.0,6.0,2.0,4.0,GEN,,11,TS,,13,0,VCT Emea
0,Split,Karon,GEN,Vyse,1.02,176.0,16,15,7,1,79.0,116.0,28.0,1.0,1.0,0.0,GEN,,11,TS,,13,0,VCT Emea
0,Split,KiTae,GEN,Astra,0.9,160.0,12,15,10,-3,67.0,113.0,29.0,1.0,1.0,0.0,GEN,,11,TS,,13,0,VCT Emea
0,Split,Lakia,GEN,Fade,0.82,215.0,19,20,6,-1,79.0,152.0,26.0,1.0,2.0,-1.0,GEN,,11,TS,,13,0,VCT Emea
0,Split,kellyS,TS,Viper,1.33,275.0,23,17,4,6,63.0,190.0,29.0,3.0,1.0,2.0,GEN,,11,TS,,13,1,VCT Emea
0,Split,Sylvan,TS,Omen,1.14,242.0,21,18,6,3,67.0,162.0,35.0,3.0,3.0,0.0,GEN,,11,TS,,13,1,VCT Emea
0,Split,JessieVash,TS,Skye,1.0,151.0,14,15,8,-1,71.0,92.0,28.0,1.0,0.0,1.0,GEN,,11,TS,,13,1,VCT Emea
0,Split,Zeus,TS,Neon,0.76,184.0,15,19,5,-4,83.0,118.0,23.0,3.0,8.0,-5.0,GEN,,11,TS,,13,1,VCT Emea
0,Split,BerserX,TS,Cypher,0.67,102.0,8,16,7,-8,67.0,75.0,11.0,0.0,2.0,-2.0,GEN,,11,TS,,13,1,VCT Emea
2,Lotus,Ash,GEN,Neon,1.48,286.0,22,15,6,7,71.0,181.0,21.0,5.0,0.0,5.0,GEN,,13,TS,,11,1,VCT Emea
2,Lotus,Lakia,GEN,Fade,1.1,187.0,17,16,10,1,83.0,117.0,29.0,0.0,0.0,0.0,GEN,,13,TS,,11,1,VCT Emea
2,Lotus,Karon,GEN,Vyse,1.04,216.0,18,17,9,1,75.0,138.0,33.0,1.0,1.0,0.0,GEN,,13,TS,,11,1,VCT Emea
2,Lotus,t3xture,GEN,Raze,0.94,178.0,17,15,3,2,83.0,132.0,30.0,1.0,7.0,-6.0,GEN,,13,TS,,11,1,VCT Emea
2,Lotus,KiTae,GEN,Omen,0.57,153.0,13,19,7,-6,67.0,92.0,32.0,5.0,4.0,1.0,GEN,,13,TS,,11,1,VCT Emea
2,Lotus,Zeus,TS,Neon,1.33,293.0,25,20,6,5,83.0,192.0,22.0,5.0,4.0,1.0,GEN,,13,TS,,11,0,VCT Emea
2,Lotus,JessieVash,TS,Fade,1.21,211.0,18,17,12,1,83.0,140.0,28.0,1.0,0.0,1.0,GEN,,13,TS,,11,0,VCT Emea
2,Lotus,kellyS,TS,Viper,0.99,200.0,16,17,8,-1,75.0,137.0,27.0,4.0,4.0,0.0,GEN,,13,TS,,11,0,VCT Emea
2,Lotus,BerserX,TS,Vyse,0.92,153.0,14,15,6,-1,71.0,106.0,17.0,1.0,2.0,-1.0,GEN,,13,TS,,11,0,VCT Emea
2,Lotus,Sylvan,TS,Omen,0.58,114.0,9,18,14,-9,75.0,63.0,13.0,1.0,2.0,-1.0,GEN,,13,TS,,11,0,VCT Emea
3,Breeze,t3xture,GEN,Jett,1.21,259.0,19,16,2,3,55.0,167.0,45.0,4.0,3.0,1.0,GEN,,7,TS,,13,0,VCT Emea
3,Breeze,Lakia,GEN,Sova,1.03,172.0,11,14,4,-3,70.0,117.0,19.0,1.0,0.0,1.0,GEN,,7,TS,,13,0,VCT Emea
3,Breeze,Ash,GEN,Neon,0.75,193.0,11,18,6,-7,55.0,130.0,24.0,3.0,3.0,0.0,GEN,,7,TS,,13,0,VCT Emea
3,Breeze,Karon,GEN,Viper,0.55,142.0,10,15,6,-5,55.0,86.0,25.0,0.0,3.0,-3.0,GEN,,7,TS,,13,0,VCT Emea
3,Breeze,KiTae,GEN,Omen,0.54,130.0,9,18,6,-9,70.0,82.0,38.0,3.0,0.0,3.0,GEN,,7,TS,,13,0,VCT Emea
3,Breeze,Sylvan,TS,Astra,1.51,272.0,22,12,6,10,90.0,175.0,31.0,0.0,2.0,-2.0,GEN,,7,TS,,13,1,VCT Emea
3,Breeze,Zeus,TS,Neon,1.2,297.0,21,16,6,5,80.0,180.0,21.0,7.0,4.0,3.0,GEN,,7,TS,,13,1,VCT Emea
3,Breeze,kellyS,TS,Kayo,1.18,227.0,15,12,11,3,85.0,157.0,25.0,2.0,3.0,-1.0,GEN,,7,TS,,13,1,VCT Emea
3,Breeze,BerserX,TS,Viper,1.13,180.0,11,10,7,1,70.0,125.0,17.0,0.0,2.0,-2.0,GEN,,7,TS,,13,1,VCT Emea
3,Breeze,JessieVash,TS,Sova,1.02,160.0,12,10,5,2,90.0,117.0,31.0,0.0,0.0,0.0,GEN,,7,TS,,13,1,VCT Emea
0,Breeze,Ivy,NS,Viper,0.95,203.0,12,14,2,-2,50.0,139.0,33.0,1.0,2.0,-1.0,NS,,5,GE,,13,0,VCT Emea
0,Breeze,Francis,NS,Neon,0.86,220.0,14,18,2,-4,67.0,131.0,20.0,1.0,5.0,-4.0,NS,,5,GE,,13,0,VCT Emea
0,Breeze,Xross,NS,Sova,0.75,162.0,9,16,5,-7,56.0,105.0,18.0,1.0,0.0,1.0,NS,,5,GE,,13,0,VCT Emea
0,Breeze,Dambi,NS,Phoenix,0.62,153.0,10,15,2,-5,61.0,94.0,40.0,2.0,2.0,0.0,NS,,5,GE,,13,0,VCT Emea
0,Breeze,Rb,NS,Harbor,0.23,78.0,3,16,5,-13,39.0,63.0,13.0,0.0,4.0,-4.0,NS,,5,GE,,13,0,VCT Emea
0,Breeze,Autumn,GE,Chamber,1.44,248.0,16,9,3,7,83.0,171.0,47.0,4.0,2.0,2.0,NS,,5,GE,,13,1,VCT Emea
0,Breeze,PatMen,GE,Viper,1.41,275.0,18,9,2,9,83.0,184.0,32.0,3.0,0.0,3.0,NS,,5,GE,,13,1,VCT Emea
0,Breeze,xavi8k,GE,Sage,1.36,273.0,18,10,9,8,72.0,169.0,35.0,1.0,0.0,1.0,NS,,5,GE,,13,1,VCT Emea
0,Breeze,Kr1stal,GE,Sova,1.11,186.0,12,9,6,3,72.0,113.0,11.0,1.0,2.0,-1.0,NS,,5,GE,,13,1,VCT Emea
0,Breeze,UdoTan,GE,Neon,1.06,206.0,15,11,5,4,89.0,127.0,13.0,4.0,1.0,3.0,NS,,5,GE,,13,1,VCT Emea
2,Bind,Dambi,NS,Raze,1.31,284.0,23,17,5,6,75.0,191.0,25.0,5.0,4.0,1.0,NS,,13,GE,,11,1,VCT Emea
2,Bind,Xross,NS,Skye,1.19,230.0,18,15,9,3,83.0,147.0,25.0,1.0,0.0,1.0,NS,,13,GE,,11,1,VCT Emea
2,Bind,Francis,NS,Neon,1.16,243.0,22,17,4,5,79.0,160.0,14.0,1.0,4.0,-3.0,NS,,13,GE,,11,1,VCT Emea
2,Bind,Rb,NS,Brimstone,0.99,139.0,11,12,13,-1,83.0,98.0,19.0,0.0,0.0,0.0,NS,,13,GE,,11,1,VCT Emea
2,Bind,Ivy,NS,Viper,0.71,166.0,13,19,5,-6,58.0,114.0,46.0,4.0,5.0,-1.0,NS,,13,GE,,11,1,VCT Emea
2,Bind,UdoTan,GE,Neon,1.09,210.0,17,16,5,1,75.0,142.0,22.0,4.0,3.0,1.0,NS,,13,GE,,11,0,VCT Emea
2,Bind,PatMen,GE,Gekko,0.97,202.0,18,18,3,0,63.0,123.0,28.0,3.0,3.0,0.0,NS,,13,GE,,11,0,VCT Emea
2,Bind,Kr1stal,GE,Deadlock,0.91,205.0,16,18,5,-2,67.0,133.0,21.0,1.0,2.0,-1.0,NS,,13,GE,,11,0,VCT Emea
2,Bind,Autumn,GE,Brimstone,0.88,201.0,17,19,5,-2,67.0,127.0,24.0,4.0,3.0,1.0,NS,,13,GE,,11,0,VCT Emea
2,Bind,xavi8k,GE,Kayo,0.82,145.0,12,16,10,-4,67.0,95.0,12.0,1.0,0.0,1.0,NS,,13,GE,,11,0,VCT Emea
3,Haven,Dambi,NS,Phoenix,1.31,250.0,23,19,10,4,81.0,167.0,33.0,3.0,2.0,1.0,NS,,12,GE,,14,0,VCT Emea
3,Haven,Rb,NS,Omen,0.88,173.0,17,19,5,-2,58.0,109.0,27.0,1.0,3.0,-2.0,NS,,12,GE,,14,0,VCT Emea
3,Haven,Francis,NS,Neon,0.88,223.0,20,23,5,-3,69.0,151.0,15.0,5.0,5.0,0.0,NS,,12,GE,,14,0,VCT Emea
3,Haven,Xross,NS,Sova,0.79,189.0,16,21,7,-5,54.0,138.0,20.0,2.0,0.0,2.0,NS,,12,GE,,14,0,VCT Emea
3,Haven,Ivy,NS,Chamber,0.23,80.0,7,22,3,-15,38.0,52.0,9.0,0.0,5.0,-5.0,NS,,12,GE,,14,0,VCT Emea
3,Haven,PatMen,GE,Omen,1.65,310.0,31,15,8,16,77.0,184.0,45.0,4.0,0.0,4.0,NS,,12,GE,,14,1,VCT Emea
3,Haven,xavi8k,GE,Sova,1.52,288.0,26,17,8,9,88.0,206.0,26.0,4.0,0.0,4.0,NS,,12,GE,,14,1,VCT Emea
3,Haven,UdoTan,GE,Neon,1.11,239.0,21,19,12,2,85.0,148.0,23.0,4.0,5.0,-1.0,NS,,12,GE,,14,1,VCT Emea
3,Haven,Autumn,GE,Cypher,1.0,181.0,16,16,9,0,81.0,127.0,33.0,1.0,3.0,-2.0,NS,,12,GE,,14,1,VCT Emea
3,Haven,Kr1stal,GE,Deadlock,0.75,125.0,10,16,4,-6,77.0,96.0,24.0,2.0,3.0,-1.0,NS,,12,GE,,14,1,VCT Emea
0,Breeze,f0rsakeN,PRX,Neon,1.52,312.0,21,13,7,8,94.0,206.0,21.0,3.0,0.0,3.0,PRX,,13,KRX,,5,1,VCT Emea
0,Breeze,something,PRX,Jett,1.36,252.0,17,9,4,8,78.0,173.0,16.0,4.0,1.0,3.0,PRX,,13,KRX,,5,1,VCT Emea
0,Breeze,invy,PRX,Sova,1.35,189.0,12,8,8,4,89.0,122.0,25.0,2.0,1.0,1.0,PRX,,13,KRX,,5,1,VCT Emea
0,Breeze,d4v41,PRX,Viper,1.2,249.0,14,12,8,2,83.0,172.0,33.0,5.0,2.0,3.0,PRX,,13,KRX,,5,1,VCT Emea
0,Breeze,Jinggg,PRX,Omen,1.13,171.0,13,10,8,3,78.0,117.0,24.0,0.0,0.0,0.0,PRX,,13,KRX,,5,1,VCT Emea
0,Breeze,free1ng,KRX,Neon,1.0,255.0,18,16,2,2,61.0,143.0,29.0,3.0,5.0,-2.0,PRX,,13,KRX,,5,0,VCT Emea
0,Breeze,HYUNMIN,KRX,Phoenix,0.69,145.0,9,16,5,-7,67.0,114.0,33.0,0.0,2.0,-2.0,PRX,,13,KRX,,5,0,VCT Emea
0,Breeze,MaKo,KRX,Viper,0.69,152.0,8,15,4,-7,61.0,109.0,30.0,0.0,4.0,-4.0,PRX,,13,KRX,,5,0,VCT Emea
0,Breeze,BeYN,KRX,Sova,0.62,118.0,9,14,3,-5,67.0,82.0,54.0,0.0,2.0,-2.0,PRX,,13,KRX,,5,0,VCT Emea
0,Breeze,yong,KRX,Harbor,0.58,159.0,8,16,5,-8,56.0,114.0,28.0,1.0,1.0,0.0,PRX,,13,KRX,,5,0,VCT Emea
2,Lotus,Jinggg,PRX,Raze,1.82,392.0,23,12,12,11,94.0,268.0,27.0,5.0,1.0,4.0,PRX,,13,KRX,,5,1,VCT Emea
2,Lotus,something,PRX,Jett,1.62,313.0,21,10,3,11,72.0,195.0,29.0,5.0,1.0,4.0,PRX,,13,KRX,,5,1,VCT Emea
2,Lotus,invy,PRX,Skye,0.96,141.0,10,10,8,0,78.0,91.0,25.0,1.0,0.0,1.0,PRX,,13,KRX,,5,1,VCT Emea
2,Lotus,d4v41,PRX,Vyse,0.96,171.0,12,11,3,1,72.0,125.0,54.0,2.0,1.0,1.0,PRX,,13,KRX,,5,1,VCT Emea
2,Lotus,f0rsakeN,PRX,Omen,0.92,194.0,12,12,9,0,78.0,122.0,28.0,0.0,2.0,-2.0,PRX,,13,KRX,,5,1,VCT Emea
2,Lotus,BeYN,KRX,Fade,0.94,203.0,11,15,4,-4,67.0,141.0,26.0,0.0,1.0,-1.0,PRX,,13,KRX,,5,0,VCT Emea
2,Lotus,yong,KRX,Chamber,0.92,223.0,14,16,1,-2,50.0,142.0,50.0,2.0,4.0,-2.0,PRX,,13,KRX,,5,0,VCT Emea
2,Lotus,HYUNMIN,KRX,Raze,0.83,208.0,13,16,2,-3,50.0,138.0,28.0,1.0,1.0,0.0,PRX,,13,KRX,,5,0,VCT Emea
2,Lotus,MaKo,KRX,Omen,0.8,157.0,10,15,7,-5,72.0,103.0,39.0,1.0,1.0,0.0,PRX,,13,KRX,,5,0,VCT Emea
2,Lotus,free1ng,KRX,Neon,0.35,112.0,7,16,1,-9,50.0,78.0,25.0,1.0,6.0,-5.0,PRX,,13,KRX,,5,0,VCT Emea
0,Haven,Meteor,T1,Phoenix,1.27,239.0,19,14,7,5,75.0,164.0,31.0,3.0,3.0,0.0,T1,,13,VL,,11,1,VCT Emea
0,Haven,iZu,T1,Chamber,1.14,226.0,19,14,3,5,67.0,144.0,21.0,3.0,3.0,0.0,T1,,13,VL,,11,1,VCT Emea
0,Haven,BuZz,T1,Neon,1.08,266.0,21,19,9,2,79.0,176.0,15.0,2.0,3.0,-1.0,T1,,13,VL,,11,1,VCT Emea
0,Haven,Munchkin,T1,Astra,0.95,142.0,14,14,8,0,83.0,101.0,27.0,0.0,2.0,-2.0,T1,,13,VL,,11,1,VCT Emea
0,Haven,stax,T1,Skye,0.84,150.0,11,14,12,-3,75.0,87.0,16.0,2.0,3.0,-1.0,T1,,13,VL,,11,1,VCT Emea
0,Haven,C1ndeR,VL,Omen,1.4,256.0,24,16,6,8,71.0,150.0,29.0,1.0,3.0,-2.0,T1,,13,VL,,11,0,VCT Emea
0,Haven,XuNa,VL,Sova,1.29,227.0,19,15,7,4,58.0,150.0,24.0,4.0,0.0,4.0,T1,,13,VL,,11,0,VCT Emea
0,Haven,oonzmlp,VL,Cypher,1.02,195.0,15,16,7,-1,75.0,131.0,16.0,3.0,2.0,1.0,T1,,13,VL,,11,0,VCT Emea
0,Haven,Zexy,VL,Jett,0.59,121.0,8,18,6,-10,63.0,90.0,18.0,3.0,0.0,3.0,T1,,13,VL,,11,0,VCT Emea
0,Haven,Klaus,VL,Neon,0.45,113.0,9,19,4,-10,50.0,75.0,14.0,3.0,5.0,-2.0,T1,,13,VL,,11,0,VCT Emea
2,Pearl,BuZz,T1,Neon,1.53,325.0,20,11,5,9,88.0,185.0,35.0,3.0,2.0,1.0,T1,,13,VL,,4,1,VCT Emea
2,Pearl,iZu,T1,Chamber,1.49,250.0,16,7,2,9,76.0,171.0,24.0,4.0,2.0,2.0,T1,,13,VL,,4,1,VCT Emea
2,Pearl,Meteor,T1,Killjoy,1.24,285.0,19,11,0,8,71.0,171.0,34.0,4.0,2.0,2.0,T1,,13,VL,,4,1,VCT Emea
2,Pearl,Munchkin,T1,Astra,1.23,132.0,9,5,7,4,94.0,88.0,11.0,0.0,0.0,0.0,T1,,13,VL,,4,1,VCT Emea
2,Pearl,stax,T1,Skye,1.16,194.0,13,10,7,3,88.0,126.0,33.0,0.0,0.0,0.0,T1,,13,VL,,4,1,VCT Emea
2,Pearl,XuNa,VL,Fade,1.03,207.0,12,15,1,-3,53.0,137.0,31.0,1.0,0.0,1.0,T1,,13,VL,,4,0,VCT Emea
2,Pearl,C1ndeR,VL,Astra,0.79,186.0,10,14,5,-4,65.0,114.0,36.0,0.0,2.0,-2.0,T1,,13,VL,,4,0,VCT Emea
2,Pearl,oonzmlp,VL,Kayo,0.48,146.0,8,17,8,-9,65.0,91.0,23.0,1.0,2.0,-1.0,T1,,13,VL,,4,0,VCT Emea
2,Pearl,Klaus,VL,Killjoy,0.47,123.0,7,15,1,-8,35.0,83.0,19.0,0.0,1.0,-1.0,T1,,13,VL,,4,0,VCT Emea
2,Pearl,Zexy,VL,Waylay,0.33,134.0,7,16,2,-9,53.0,82.0,38.0,4.0,6.0,-2.0,T1,,13,VL,,4,0,VCT Emea
0,Pearl,primmie,FS,Phoenix,1.66,308.0,22,11,5,11,84.0,196.0,39.0,4.0,0.0,4.0,FS,,13,DFM,,6,1,VCT Emea
0,Pearl,Killua,FS,Fade,1.39,264.0,21,13,3,8,84.0,158.0,46.0,1.0,2.0,-1.0,FS,,13,DFM,,6,1,VCT Emea
0,Pearl,Crws,FS,Astra,1.22,178.0,12,11,11,1,84.0,138.0,21.0,0.0,3.0,-3.0,FS,,13,DFM,,6,1,VCT Emea
0,Pearl,JitBoyS,FS,Neon,0.77,230.0,14,17,5,-3,74.0,142.0,13.0,3.0,4.0,-1.0,FS,,13,DFM,,6,1,VCT Emea
0,Pearl,Leviathan,FS,Cypher,0.48,105.0,7,13,2,-6,68.0,71.0,64.0,1.0,1.0,0.0,FS,,13,DFM,,6,1,VCT Emea
0,Pearl,Akame,DFM,Killjoy,1.19,253.0,18,14,3,4,68.0,155.0,20.0,3.0,3.0,0.0,FS,,13,DFM,,6,0,VCT Emea
0,Pearl,Meiy,DFM,Waylay,1.04,248.0,18,16,3,2,79.0,160.0,22.0,6.0,2.0,4.0,FS,,13,DFM,,6,0,VCT Emea
0,Pearl,SSeeS,DFM,Astra,0.77,201.0,12,17,6,-5,68.0,133.0,36.0,0.0,1.0,-1.0,FS,,13,DFM,,6,0,VCT Emea
0,Pearl,Caedye,DFM,Tejo,0.72,169.0,10,15,4,-5,63.0,113.0,21.0,1.0,2.0,-1.0,FS,,13,DFM,,6,0,VCT Emea
0,Pearl,yatsuka,DFM,Sova,0.49,116.0,7,14,5,-7,79.0,91.0,38.0,0.0,1.0,-1.0,FS,,13,DFM,,6,0,VCT Emea
2,Bind,Leviathan,FS,Viper,1.43,227.0,19,10,8,9,71.0,152.0,58.0,2.0,1.0,1.0,FS,,13,DFM,,8,1,VCT Emea
2,Bind,primmie,FS,Waylay,1.43,260.0,19,13,10,6,81.0,174.0,27.0,2.0,0.0,2.0,FS,,13,DFM,,8,1,VCT Emea
2,Bind,Killua,FS,Skye,1.13,228.0,18,15,12,3,90.0,156.0,27.0,3.0,2.0,1.0,FS,,13,DFM,,8,1,VCT Emea
2,Bind,JitBoyS,FS,Neon,1.11,230.0,18,16,7,2,90.0,143.0,22.0,3.0,3.0,0.0,FS,,13,DFM,,8,1,VCT Emea
2,Bind,Crws,FS,Brimstone,0.81,159.0,11,16,11,-5,76.0,101.0,28.0,3.0,2.0,1.0,FS,,13,DFM,,8,1,VCT Emea
2,Bind,Meiy,DFM,Neon,1.07,225.0,18,15,2,3,71.0,148.0,37.0,2.0,3.0,-1.0,FS,,13,DFM,,8,0,VCT Emea
2,Bind,yatsuka,DFM,Skye,0.97,174.0,14,15,7,-1,57.0,91.0,44.0,1.0,2.0,-1.0,FS,,13,DFM,,8,0,VCT Emea
2,Bind,Caedye,DFM,Waylay,0.93,224.0,16,17,3,-1,62.0,137.0,23.0,2.0,1.0,1.0,FS,,13,DFM,,8,0,VCT Emea
2,Bind,SSeeS,DFM,Brimstone,0.76,175.0,10,19,18,-9,76.0,115.0,15.0,2.0,1.0,1.0,FS,,13,DFM,,8,0,VCT Emea
2,Bind,Akame,DFM,Viper,0.67,201.0,12,19,8,-7,67.0,156.0,35.0,1.0,6.0,-5.0,FS,,13,DFM,,8,0,VCT Emea
0,Split,Jemkin,RRQ,Waylay,1.3,236.0,18,13,4,5,65.0,144.0,35.0,0.0,2.0,-2.0,RRQ,,7,ZETA,,13,0,VCT Emea
0,Split,crazyguy,RRQ,Omen,0.92,177.0,13,14,5,-1,65.0,97.0,38.0,1.0,3.0,-2.0,RRQ,,7,ZETA,,13,0,VCT Emea
0,Split,Monyet,RRQ,Neon,0.79,210.0,14,17,2,-3,60.0,123.0,23.0,5.0,5.0,0.0,RRQ,,7,ZETA,,13,0,VCT Emea
0,Split,Kushy,RRQ,Skye,0.64,105.0,6,14,8,-8,65.0,63.0,23.0,0.0,1.0,-1.0,RRQ,,7,ZETA,,13,0,VCT Emea
0,Split,xffero,RRQ,Viper,0.45,114.0,6,17,8,-11,50.0,77.0,13.0,1.0,2.0,-1.0,RRQ,,7,ZETA,,13,0,VCT Emea
0,Split,Absol,ZETA,Neon,1.64,354.0,26,11,2,15,75.0,227.0,21.0,3.0,2.0,1.0,RRQ,,7,ZETA,,13,1,VCT Emea
0,Split,SugarZ3ro,ZETA,Omen,1.05,176.0,12,12,8,0,85.0,115.0,41.0,1.0,1.0,0.0,RRQ,,7,ZETA,,13,1,VCT Emea
0,Split,eKo,ZETA,Waylay,1.02,204.0,14,14,6,0,80.0,144.0,22.0,4.0,2.0,2.0,RRQ,,7,ZETA,,13,1,VCT Emea
0,Split,SyouTa,ZETA,Viper,0.99,148.0,11,9,2,2,75.0,92.0,31.0,4.0,2.0,2.0,RRQ,,7,ZETA,,13,1,VCT Emea
0,Split,Xdll,ZETA,Skye,0.98,156.0,12,11,6,1,75.0,108.0,30.0,1.0,0.0,1.0,RRQ,,7,ZETA,,13,1,VCT Emea
2,Fracture,crazyguy,RRQ,Brimstone,1.66,255.0,19,9,14,10,89.0,173.0,27.0,0.0,0.0,0.0,RRQ,,13,ZETA,,6,1,VCT Emea
2,Fracture,Jemkin,RRQ,Raze,1.46,260.0,18,10,5,8,74.0,183.0,35.0,2.0,1.0,1.0,RRQ,,13,ZETA,,6,1,VCT Emea
2,Fracture,xffero,RRQ,Veto,1.4,259.0,17,10,3,7,74.0,177.0,36.0,2.0,2.0,0.0,RRQ,,13,ZETA,,6,1,VCT Emea
2,Fracture,Kushy,RRQ,Skye,1.12,162.0,11,9,6,2,84.0,98.0,30.0,1.0,2.0,-1.0,RRQ,,13,ZETA,,6,1,VCT Emea
2,Fracture,Monyet,RRQ,Neon,0.91,199.0,14,14,2,0,89.0,115.0,38.0,6.0,3.0,3.0,RRQ,,13,ZETA,,6,1,VCT Emea
2,Fracture,SugarZ3ro,ZETA,Brimstone,0.93,251.0,15,16,7,-1,84.0,170.0,49.0,2.0,2.0,0.0,RRQ,,13,ZETA,,6,0,VCT Emea
2,Fracture,Absol,ZETA,Neon,0.89,180.0,13,16,2,-3,58.0,118.0,18.0,2.0,1.0,1.0,RRQ,,13,ZETA,,6,0,VCT Emea
2,Fracture,eKo,ZETA,Waylay,0.6,167.0,10,18,2,-8,47.0,114.0,20.0,2.0,2.0,0.0,RRQ,,13,ZETA,,6,0,VCT Emea
2,Fracture,SyouTa,ZETA,Veto,0.5,145.0,10,15,1,-5,68.0,92.0,43.0,2.0,5.0,-3.0,RRQ,,13,ZETA,,6,0,VCT Emea
2,Fracture,Xdll,ZETA,Breach,0.41,64.0,4,14,6,-10,47.0,44.0,21.0,0.0,1.0,-1.0,RRQ,,13,ZETA,,6,0,VCT Emea
3,Haven,Jemkin,RRQ,Killjoy,1.38,256.0,22,13,5,9,71.0,169.0,37.0,6.0,3.0,3.0,RRQ,,13,ZETA,,11,1,VCT Emea
3,Haven,xffero,RRQ,Viper,1.38,292.0,23,13,12,10,83.0,191.0,25.0,3.0,0.0,3.0,RRQ,,13,ZETA,,11,1,VCT Emea
3,Haven,Kushy,RRQ,Sova,0.9,141.0,12,14,8,-2,83.0,93.0,44.0,1.0,4.0,-3.0,RRQ,,13,ZETA,,11,1,VCT Emea
3,Haven,crazyguy,RRQ,Omen,0.87,153.0,12,14,8,-2,71.0,95.0,24.0,0.0,1.0,-1.0,RRQ,,13,ZETA,,11,1,VCT Emea
3,Haven,Monyet,RRQ,Neon,0.8,148.0,14,17,7,-3,71.0,97.0,23.0,2.0,4.0,-2.0,RRQ,,13,ZETA,,11,1,VCT Emea
3,Haven,SyouTa,ZETA,Cypher,1.05,187.0,18,14,2,4,67.0,120.0,39.0,1.0,1.0,0.0,RRQ,,13,ZETA,,11,0,VCT Emea
3,Haven,SugarZ3ro,ZETA,Omen,0.89,163.0,13,16,11,-3,67.0,97.0,20.0,2.0,3.0,-1.0,RRQ,,13,ZETA,,11,0,VCT Emea
3,Haven,Xdll,ZETA,Sova,0.88,151.0,12,15,3,-3,67.0,104.0,24.0,0.0,0.0,0.0,RRQ,,13,ZETA,,11,0,VCT Emea
3,Haven,eKo,ZETA,Waylay,0.85,207.0,16,19,5,-3,71.0,142.0,27.0,7.0,3.0,4.0,RRQ,,13,ZETA,,11,0,VCT Emea
3,Haven,Absol,ZETA,Neon,0.57,148.0,12,19,6,-7,58.0,99.0,15.0,2.0,5.0,-3.0,RRQ,,13,ZETA,,11,0,VCT Emea
0,Pearl,Meiy,DFM,Waylay,1.08,240.0,23,21,5,2,71.0,140.0,21.0,8.0,3.0,5.0,DFM,,13,T1,,15,0,VCT Emea
0,Pearl,Caedye,DFM,Killjoy,0.98,229.0,23,21,4,2,71.0,147.0,44.0,3.0,3.0,0.0,DFM,,13,T1,,15,0,VCT Emea
0,Pearl,Akame,DFM,Sova,0.97,185.0,16,19,6,-3,68.0,128.0,33.0,2.0,2.0,0.0,DFM,,13,T1,,15,0,VCT Emea
0,Pearl,yatsuka,DFM,Astra,0.85,136.0,13,18,10,-5,71.0,87.0,44.0,2.0,2.0,0.0,DFM,,13,T1,,15,0,VCT Emea
0,Pearl,SSeeS,DFM,Tejo,0.77,177.0,17,22,4,-5,82.0,124.0,30.0,3.0,0.0,3.0,DFM,,13,T1,,15,0,VCT Emea
0,Pearl,Munchkin,T1,Astra,1.26,189.0,19,14,17,5,75.0,115.0,29.0,2.0,3.0,-1.0,DFM,,13,T1,,15,1,VCT Emea
0,Pearl,iZu,T1,Chamber,1.19,222.0,23,17,0,6,71.0,138.0,26.0,2.0,3.0,-1.0,DFM,,13,T1,,15,1,VCT Emea
0,Pearl,BuZz,T1,Neon,1.14,262.0,27,22,6,5,68.0,152.0,26.0,4.0,7.0,-3.0,DFM,,13,T1,,15,1,VCT Emea
0,Pearl,Meteor,T1,Killjoy,0.91,165.0,15,17,6,-2,64.0,136.0,25.0,1.0,3.0,-2.0,DFM,,13,T1,,15,1,VCT Emea
0,Pearl,stax,T1,Skye,0.73,167.0,16,22,6,-6,68.0,112.0,43.0,1.0,2.0,-1.0,DFM,,13,T1,,15,1,VCT Emea
2,Lotus,SSeeS,DFM,Omen,0.98,202.0,12,16,7,-4,63.0,149.0,29.0,0.0,2.0,-2.0,DFM,,6,T1,,13,0,VCT Emea
2,Lotus,Akame,DFM,Fade,0.92,212.0,14,16,3,-2,68.0,134.0,41.0,0.0,0.0,0.0,DFM,,6,T1,,13,0,VCT Emea
2,Lotus,yatsuka,DFM,Viper,0.91,178.0,12,16,3,-4,63.0,122.0,34.0,3.0,2.0,1.0,DFM,,6,T1,,13,0,VCT Emea
2,Lotus,Caedye,DFM,Iso,0.66,172.0,13,18,1,-5,63.0,96.0,22.0,2.0,3.0,-1.0,DFM,,6,T1,,13,0,VCT Emea
2,Lotus,Meiy,DFM,Neon,0.35,133.0,7,18,4,-11,63.0,83.0,20.0,2.0,5.0,-3.0,DFM,,6,T1,,13,0,VCT Emea
2,Lotus,iZu,T1,Killjoy,1.37,212.0,16,8,5,8,89.0,147.0,25.0,1.0,1.0,0.0,DFM,,6,T1,,13,1,VCT Emea
2,Lotus,Munchkin,T1,Omen,1.29,268.0,19,13,8,6,84.0,148.0,15.0,2.0,0.0,2.0,DFM,,6,T1,,13,1,VCT Emea
2,Lotus,Meteor,T1,Viper,1.27,281.0,18,14,11,4,89.0,194.0,19.0,3.0,2.0,1.0,DFM,,6,T1,,13,1,VCT Emea
2,Lotus,stax,T1,Fade,1.25,205.0,15,9,3,6,84.0,139.0,36.0,1.0,0.0,1.0,DFM,,6,T1,,13,1,VCT Emea
2,Lotus,BuZz,T1,Neon,0.94,224.0,16,14,2,2,74.0,137.0,13.0,5.0,4.0,1.0,DFM,,6,T1,,13,1,VCT Emea
0,Bind,Jemkin,RRQ,Waylay,1.46,274.0,24,14,5,10,83.0,169.0,38.0,4.0,2.0,2.0,RRQ,,13,VL,,11,1,VCT Emea
0,Bind,xffero,RRQ,Viper,1.4,265.0,23,12,2,11,71.0,164.0,31.0,1.0,1.0,0.0,RRQ,,13,VL,,11,1,VCT Emea
0,Bind,crazyguy,RRQ,Brimstone,0.74,140.0,11,17,9,-6,79.0,94.0,38.0,1.0,1.0,0.0,RRQ,,13,VL,,11,1,VCT Emea
0,Bind,Kushy,RRQ,Skye,0.68,126.0,11,18,8,-7,67.0,78.0,36.0,2.0,3.0,-1.0,RRQ,,13,VL,,11,1,VCT Emea
0,Bind,Monyet,RRQ,Neon,0.61,152.0,11,20,5,-9,54.0,101.0,24.0,3.0,6.0,-3.0,RRQ,,13,VL,,11,1,VCT Emea
0,Bind,oonzmlp,VL,Chamber,1.68,339.0,29,14,3,15,67.0,210.0,33.0,5.0,3.0,2.0,RRQ,,13,VL,,11,0,VCT Emea
0,Bind,C1ndeR,VL,Astra,1.1,210.0,17,15,10,2,83.0,137.0,32.0,2.0,2.0,0.0,RRQ,,13,VL,,11,0,VCT Emea
0,Bind,Zexy,VL,Jett,0.74,179.0,14,20,2,-6,63.0,123.0,23.0,4.0,4.0,0.0,RRQ,,13,VL,,11,0,VCT Emea
0,Bind,Klaus,VL,Waylay,0.67,117.0,11,15,1,-4,54.0,80.0,26.0,0.0,2.0,-2.0,RRQ,,13,VL,,11,0,VCT Emea
0,Bind,XuNa,VL,Skye,0.65,122.0,10,16,5,-6,75.0,80.0,63.0,2.0,0.0,2.0,RRQ,,13,VL,,11,0,VCT Emea
2,Split,Jemkin,RRQ,Waylay,1.37,308.0,32,21,5,11,63.0,195.0,35.0,3.0,2.0,1.0,RRQ,,16,VL,,14,1,VCT Emea
2,Split,Kushy,RRQ,Skye,1.37,231.0,26,18,12,8,80.0,145.0,48.0,0.0,0.0,0.0,RRQ,,16,VL,,14,1,VCT Emea
2,Split,xffero,RRQ,Viper,0.99,162.0,16,17,8,-1,80.0,99.0,22.0,3.0,2.0,1.0,RRQ,,16,VL,,14,1,VCT Emea
2,Split,crazyguy,RRQ,Omen,0.83,165.0,17,20,13,-3,73.0,107.0,20.0,4.0,5.0,-1.0,RRQ,,16,VL,,14,1,VCT Emea
2,Split,Monyet,RRQ,Neon,0.63,182.0,19,26,3,-7,80.0,123.0,20.0,6.0,5.0,1.0,RRQ,,16,VL,,14,1,VCT Emea
2,Split,Klaus,VL,Tejo,1.55,280.0,31,19,7,12,80.0,184.0,34.0,3.0,2.0,1.0,RRQ,,16,VL,,14,0,VCT Emea
2,Split,oonzmlp,VL,Deadlock,1.06,234.0,26,22,8,4,60.0,146.0,40.0,4.0,4.0,0.0,RRQ,,16,VL,,14,0,VCT Emea
2,Split,C1ndeR,VL,Astra,0.91,170.0,16,21,13,-5,73.0,110.0,33.0,4.0,2.0,2.0,RRQ,,16,VL,,14,0,VCT Emea
2,Split,XuNa,VL,Skye,0.77,173.0,16,24,12,-8,67.0,115.0,31.0,1.0,1.0,0.0,RRQ,,16,VL,,14,0,VCT Emea
2,Split,Zexy,VL,Jett,0.59,136.0,13,24,7,-11,57.0,100.0,17.0,2.0,7.0,-5.0,RRQ,,16,VL,,14,0,VCT Emea
0,Fracture,primmie,FS,Waylay,1.67,342.0,24,11,2,13,89.0,220.0,25.0,7.0,0.0,7.0,FS,,13,ZETA,,6,1,VCT Emea
0,Fracture,Killua,FS,Skye,1.28,245.0,16,12,6,4,84.0,159.0,29.0,0.0,0.0,0.0,FS,,13,ZETA,,6,1,VCT Emea
0,Fracture,Crws,FS,Brimstone,1.23,214.0,13,12,19,1,79.0,141.0,20.0,1.0,1.0,0.0,FS,,13,ZETA,,6,1,VCT Emea
0,Fracture,JitBoyS,FS,Neon,0.97,168.0,12,12,6,0,63.0,117.0,20.0,1.0,3.0,-2.0,FS,,13,ZETA,,6,1,VCT Emea
0,Fracture,Leviathan,FS,Cypher,0.84,138.0,10,10,4,0,68.0,96.0,21.0,2.0,4.0,-2.0,FS,,13,ZETA,,6,1,VCT Emea
0,Fracture,SyouTa,ZETA,Veto,1.01,204.0,14,15,3,-1,74.0,131.0,28.0,1.0,2.0,-1.0,FS,,13,ZETA,,6,0,VCT Emea
0,Fracture,Absol,ZETA,Neon,1.01,240.0,15,15,5,0,63.0,153.0,28.0,3.0,4.0,-1.0,FS,,13,ZETA,,6,0,VCT Emea
0,Fracture,Xdll,ZETA,Breach,0.97,169.0,12,14,7,-2,89.0,111.0,29.0,0.0,1.0,-1.0,FS,,13,ZETA,,6,0,VCT Emea
0,Fracture,SugarZ3ro,ZETA,Brimstone,0.76,161.0,9,15,8,-6,74.0,110.0,29.0,3.0,2.0,1.0,FS,,13,ZETA,,6,0,VCT Emea
0,Fracture,eKo,ZETA,Waylay,0.42,128.0,7,16,4,-9,58.0,103.0,21.0,1.0,2.0,-1.0,FS,,13,ZETA,,6,0,VCT Emea
2,Split,Killua,FS,Skye,1.91,359.0,25,12,13,13,85.0,236.0,36.0,3.0,1.0,2.0,FS,,13,ZETA,,7,1,VCT Emea
2,Split,primmie,FS,Waylay,1.38,231.0,18,10,5,8,75.0,155.0,33.0,4.0,5.0,-1.0,FS,,13,ZETA,,7,1,VCT Emea
2,Split,JitBoyS,FS,Cypher,0.86,164.0,12,14,3,-2,75.0,101.0,17.0,4.0,0.0,4.0,FS,,13,ZETA,,7,1,VCT Emea
2,Split,Crws,FS,Deadlock,0.8,182.0,11,15,6,-4,75.0,128.0,27.0,2.0,1.0,1.0,FS,,13,ZETA,,7,1,VCT Emea
2,Split,Leviathan,FS,Omen,0.65,111.0,8,14,8,-6,70.0,75.0,31.0,0.0,0.0,0.0,FS,,13,ZETA,,7,1,VCT Emea
2,Split,SyouTa,ZETA,Viper,1.34,274.0,19,14,3,5,80.0,176.0,24.0,2.0,0.0,2.0,FS,,13,ZETA,,7,0,VCT Emea
2,Split,eKo,ZETA,Waylay,0.9,184.0,13,15,4,-2,80.0,107.0,21.0,2.0,4.0,-2.0,FS,,13,ZETA,,7,0,VCT Emea
2,Split,Absol,ZETA,Neon,0.88,195.0,14,15,2,-1,60.0,127.0,21.0,1.0,4.0,-3.0,FS,,13,ZETA,,7,0,VCT Emea
2,Split,SugarZ3ro,ZETA,Omen,0.65,146.0,10,14,6,-4,60.0,91.0,22.0,0.0,4.0,-4.0,FS,,13,ZETA,,7,0,VCT Emea
2,Split,Xdll,ZETA,Skye,0.65,143.0,9,16,3,-7,75.0,106.0,40.0,2.0,1.0,1.0,FS,,13,ZETA,,7,0,VCT Emea
0,Haven,Leviathan,FS,Omen,1.88,357.0,25,10,9,15,94.0,249.0,38.0,1.0,2.0,-1.0,FS,,13,VL,,5,1,VCT Emea
0,Haven,Killua,FS,Skye,1.7,268.0,17,9,14,8,83.0,175.0,32.0,3.0,0.0,3.0,FS,,13,VL,,5,1,VCT Emea
0,Haven,primmie,FS,Waylay,1.48,293.0,18,10,4,8,89.0,194.0,33.0,3.0,4.0,-1.0,FS,,13,VL,,5,1,VCT Emea
0,Haven,Crws,FS,Deadlock,0.96,160.0,9,10,8,-1,89.0,127.0,25.0,0.0,2.0,-2.0,FS,,13,VL,,5,1,VCT Emea
0,Haven,JitBoyS,FS,Cypher,0.73,105.0,6,9,4,-3,67.0,78.0,26.0,1.0,2.0,-1.0,FS,,13,VL,,5,1,VCT Emea
0,Haven,C1ndeR,VL,Astra,0.96,159.0,11,13,3,-2,61.0,109.0,33.0,3.0,0.0,3.0,FS,,13,VL,,5,0,VCT Emea
0,Haven,XuNa,VL,Sova,0.83,169.0,10,14,3,-4,56.0,121.0,50.0,0.0,1.0,-1.0,FS,,13,VL,,5,0,VCT Emea
0,Haven,oonzmlp,VL,Chamber,0.78,162.0,11,15,1,-4,61.0,106.0,35.0,3.0,3.0,0.0,FS,,13,VL,,5,0,VCT Emea
0,Haven,Zexy,VL,Phoenix,0.71,188.0,11,15,7,-4,61.0,118.0,42.0,2.0,2.0,0.0,FS,,13,VL,,5,0,VCT Emea
0,Haven,Klaus,VL,Neon,0.22,93.0,5,18,2,-13,39.0,68.0,30.0,2.0,2.0,0.0,FS,,13,VL,,5,0,VCT Emea
2,Lotus,primmie,FS,Phoenix,1.21,243.0,20,18,10,2,77.0,175.0,33.0,5.0,2.0,3.0,FS,,14,VL,,12,1,VCT Emea
2,Lotus,JitBoyS,FS,Neon,1.12,250.0,23,20,2,3,58.0,154.0,33.0,5.0,4.0,1.0,FS,,14,VL,,12,1,VCT Emea
2,Lotus,Killua,FS,Fade,0.86,194.0,17,19,9,-2,69.0,131.0,31.0,2.0,1.0,1.0,FS,,14,VL,,12,1,VCT Emea
2,Lotus,Crws,FS,Omen,0.74,155.0,14,19,3,-5,65.0,102.0,18.0,0.0,2.0,-2.0,FS,,14,VL,,12,1,VCT Emea
2,Lotus,Leviathan,FS,Vyse,0.69,135.0,14,21,1,-7,58.0,100.0,38.0,0.0,5.0,-5.0,FS,,14,VL,,12,1,VCT Emea
2,Lotus,XuNa,VL,Fade,1.5,261.0,24,13,5,11,81.0,173.0,43.0,3.0,0.0,3.0,FS,,14,VL,,12,0,VCT Emea
2,Lotus,oonzmlp,VL,Viper,1.21,243.0,22,16,5,6,69.0,168.0,38.0,4.0,5.0,-1.0,FS,,14,VL,,12,0,VCT Emea
2,Lotus,Zexy,VL,Raze,1.19,262.0,24,20,4,4,69.0,182.0,34.0,6.0,2.0,4.0,FS,,14,VL,,12,0,VCT Emea
2,Lotus,Klaus,VL,Neon,0.84,190.0,17,19,6,-2,69.0,132.0,43.0,1.0,5.0,-4.0,FS,,14,VL,,12,0,VCT Emea
2,Lotus,C1ndeR,VL,Omen,0.54,112.0,10,20,8,-10,69.0,69.0,37.0,0.0,0.0,0.0,FS,,14,VL,,12,0,VCT Emea
0,Bind,eKo,ZETA,Waylay,1.33,263.0,21,15,5,6,65.0,174.0,28.0,5.0,3.0,2.0,ZETA,,13,DFM,,10,1,VCT Emea
0,Bind,SugarZ3ro,ZETA,Brimstone,1.19,204.0,16,15,10,1,74.0,128.0,29.0,1.0,0.0,1.0,ZETA,,13,DFM,,10,1,VCT Emea
0,Bind,Xdll,ZETA,Skye,1.13,216.0,17,18,12,-1,87.0,138.0,40.0,1.0,2.0,-1.0,ZETA,,13,DFM,,10,1,VCT Emea
0,Bind,Absol,ZETA,Neon,1.0,226.0,19,17,4,2,70.0,154.0,24.0,4.0,2.0,2.0,ZETA,,13,DFM,,10,1,VCT Emea
0,Bind,SyouTa,ZETA,Viper,0.59,126.0,10,16,2,-6,65.0,88.0,55.0,2.0,3.0,-1.0,ZETA,,13,DFM,,10,1,VCT Emea
0,Bind,SSeeS,DFM,Brimstone,1.18,224.0,17,14,13,3,74.0,146.0,29.0,0.0,3.0,-3.0,ZETA,,13,DFM,,10,0,VCT Emea
0,Bind,Caedye,DFM,Viper,1.05,184.0,16,14,4,2,65.0,115.0,27.0,2.0,3.0,-1.0,ZETA,,13,DFM,,10,0,VCT Emea
0,Bind,Akame,DFM,Neon,1.01,281.0,21,20,8,1,74.0,158.0,11.0,6.0,5.0,1.0,ZETA,,13,DFM,,10,0,VCT Emea
0,Bind,yatsuka,DFM,Skye,0.81,149.0,12,17,11,-5,65.0,96.0,45.0,1.0,0.0,1.0,ZETA,,13,DFM,,10,0,VCT Emea
0,Bind,Meiy,DFM,Waylay,0.74,189.0,15,18,4,-3,70.0,132.0,24.0,1.0,2.0,-1.0,ZETA,,13,DFM,,10,0,VCT Emea
2,Lotus,Absol,ZETA,Neon,0.99,230.0,15,17,5,-2,55.0,149.0,24.0,3.0,5.0,-2.0,ZETA,,7,DFM,,13,0,VCT Emea
2,Lotus,SyouTa,ZETA,Viper,0.95,185.0,14,14,2,0,70.0,113.0,42.0,1.0,1.0,0.0,ZETA,,7,DFM,,13,0,VCT Emea
2,Lotus,eKo,ZETA,Waylay,0.71,187.0,11,17,5,-6,55.0,138.0,22.0,0.0,3.0,-3.0,ZETA,,7,DFM,,13,0,VCT Emea
2,Lotus,Xdll,ZETA,Fade,0.62,153.0,10,17,2,-7,55.0,109.0,26.0,0.0,1.0,-1.0,ZETA,,7,DFM,,13,0,VCT Emea
2,Lotus,SugarZ3ro,ZETA,Omen,0.4,129.0,8,20,8,-12,60.0,73.0,19.0,2.0,4.0,-2.0,ZETA,,7,DFM,,13,0,VCT Emea
2,Lotus,Meiy,DFM,Raze,1.56,312.0,22,12,6,10,85.0,202.0,20.0,4.0,0.0,4.0,ZETA,,7,DFM,,13,1,VCT Emea
2,Lotus,Akame,DFM,Neon,1.46,330.0,25,14,5,11,75.0,195.0,20.0,6.0,2.0,4.0,ZETA,,7,DFM,,13,1,VCT Emea
2,Lotus,SSeeS,DFM,Omen,1.17,164.0,12,9,12,3,85.0,94.0,28.0,0.0,3.0,-3.0,ZETA,,7,DFM,,13,1,VCT Emea
2,Lotus,Caedye,DFM,Vyse,1.06,247.0,18,14,1,4,70.0,151.0,24.0,4.0,1.0,3.0,ZETA,,7,DFM,,13,1,VCT Emea
2,Lotus,yatsuka,DFM,Fade,0.91,115.0,8,9,9,-1,75.0,75.0,38.0,0.0,0.0,0.0,ZETA,,7,DFM,,13,1,VCT Emea
3,Pearl,SyouTa,ZETA,Cypher,0.85,175.0,11,13,2,-2,67.0,113.0,46.0,2.0,2.0,0.0,ZETA,,5,DFM,,13,0,VCT Emea
3,Pearl,Absol,ZETA,Neon,0.85,181.0,11,13,2,-2,67.0,119.0,17.0,1.0,4.0,-3.0,ZETA,,5,DFM,,13,0,VCT Emea
3,Pearl,Xdll,ZETA,Fade,0.62,125.0,8,14,2,-6,44.0,92.0,21.0,0.0,2.0,-2.0,ZETA,,5,DFM,,13,0,VCT Emea
3,Pearl,SugarZ3ro,ZETA,Astra,0.46,83.0,5,15,4,-10,56.0,51.0,25.0,0.0,2.0,-2.0,ZETA,,5,DFM,,13,0,VCT Emea
3,Pearl,eKo,ZETA,Phoenix,0.39,99.0,5,15,2,-10,44.0,67.0,20.0,0.0,5.0,-5.0,ZETA,,5,DFM,,13,0,VCT Emea
3,Pearl,Caedye,DFM,Killjoy,1.65,378.0,23,9,1,14,72.0,235.0,22.0,9.0,1.0,8.0,ZETA,,5,DFM,,13,1,VCT Emea
3,Pearl,Akame,DFM,Sova,1.36,211.0,14,8,11,6,89.0,148.0,36.0,1.0,0.0,1.0,ZETA,,5,DFM,,13,1,VCT Emea
3,Pearl,yatsuka,DFM,Astra,1.36,142.0,10,6,12,4,78.0,79.0,69.0,0.0,0.0,0.0,ZETA,,5,DFM,,13,1,VCT Emea
3,Pearl,Meiy,DFM,Waylay,1.36,252.0,17,10,3,7,89.0,155.0,27.0,5.0,2.0,3.0,ZETA,,5,DFM,,13,1,VCT Emea
3,Pearl,SSeeS,DFM,Tejo,0.83,99.0,6,7,4,-1,94.0,67.0,15.0,0.0,0.0,0.0,ZETA,,5,DFM,,13,1,VCT Emea
0,Pearl,crazyguy,RRQ,Kayo,1.13,207.0,15,15,9,0,62.0,118.0,20.0,2.0,1.0,1.0,RRQ,,8,T1,,13,0,VCT Emea
0,Pearl,Jemkin,RRQ,Chamber,0.96,168.0,12,14,7,-2,57.0,107.0,12.0,2.0,2.0,0.0,RRQ,,8,T1,,13,0,VCT Emea
0,Pearl,xffero,RRQ,Astra,0.7,122.0,9,15,6,-6,67.0,77.0,22.0,1.0,3.0,-2.0,RRQ,,8,T1,,13,0,VCT Emea
0,Pearl,Monyet,RRQ,Neon,0.69,179.0,13,18,6,-5,62.0,118.0,24.0,0.0,5.0,-5.0,RRQ,,8,T1,,13,0,VCT Emea
0,Pearl,Kushy,RRQ,Sova,0.65,135.0,9,17,6,-8,71.0,91.0,29.0,3.0,2.0,1.0,RRQ,,8,T1,,13,0,VCT Emea
0,Pearl,Munchkin,T1,Astra,1.48,252.0,20,10,8,10,71.0,155.0,27.0,0.0,2.0,-2.0,RRQ,,8,T1,,13,1,VCT Emea
0,Pearl,iZu,T1,Chamber,1.32,237.0,19,11,2,8,81.0,153.0,24.0,5.0,3.0,2.0,RRQ,,8,T1,,13,1,VCT Emea
0,Pearl,BuZz,T1,Neon,1.24,305.0,23,16,4,7,71.0,183.0,25.0,4.0,2.0,2.0,RRQ,,8,T1,,13,1,VCT Emea
0,Pearl,stax,T1,Skye,0.94,116.0,9,10,6,-1,76.0,79.0,33.0,2.0,1.0,1.0,RRQ,,8,T1,,13,1,VCT Emea
0,Pearl,Meteor,T1,Killjoy,0.8,127.0,8,11,7,-3,76.0,104.0,15.0,2.0,0.0,2.0,RRQ,,8,T1,,13,1,VCT Emea
2,Bind,xffero,RRQ,Viper,1.26,251.0,18,17,7,1,65.0,184.0,21.0,2.0,0.0,2.0,RRQ,,10,T1,,13,0,VCT Emea
2,Bind,Jemkin,RRQ,Waylay,1.05,213.0,16,15,4,1,61.0,136.0,18.0,5.0,4.0,1.0,RRQ,,10,T1,,13,0,VCT Emea
2,Bind,Kushy,RRQ,Skye,0.72,155.0,13,18,10,-5,74.0,108.0,48.0,2.0,2.0,0.0,RRQ,,10,T1,,13,0,VCT Emea
2,Bind,crazyguy,RRQ,Brimstone,0.63,139.0,11,17,7,-6,57.0,85.0,29.0,0.0,0.0,0.0,RRQ,,10,T1,,13,0,VCT Emea
2,Bind,Monyet,RRQ,Neon,0.63,136.0,12,17,1,-5,52.0,75.0,29.0,2.0,6.0,-4.0,RRQ,,10,T1,,13,0,VCT Emea
2,Bind,Munchkin,T1,Brimstone,1.39,239.0,19,14,18,5,83.0,135.0,24.0,0.0,0.0,0.0,RRQ,,10,T1,,13,1,VCT Emea
2,Bind,BuZz,T1,Neon,1.37,240.0,20,11,5,9,70.0,156.0,31.0,5.0,4.0,1.0,RRQ,,10,T1,,13,1,VCT Emea
2,Bind,Meteor,T1,Viper,1.1,212.0,16,15,8,1,70.0,135.0,22.0,2.0,4.0,-2.0,RRQ,,10,T1,,13,1,VCT Emea
2,Bind,iZu,T1,Chamber,0.97,198.0,17,16,1,1,70.0,121.0,13.0,5.0,2.0,3.0,RRQ,,10,T1,,13,1,VCT Emea
2,Bind,stax,T1,Skye,0.89,127.0,12,14,8,-2,65.0,89.0,39.0,0.0,1.0,-1.0,RRQ,,10,T1,,13,1,VCT Emea
0,Pearl,Jemkin,RRQ,Chamber,1.52,288.0,23,12,2,11,82.0,202.0,23.0,3.0,1.0,2.0,RRQ,,9,FS,,13,0,VCT Emea
0,Pearl,Kushy,RRQ,Sova,0.84,186.0,14,18,5,-4,59.0,110.0,23.0,2.0,1.0,1.0,RRQ,,9,FS,,13,0,VCT Emea
0,Pearl,xffero,RRQ,Astra,0.72,127.0,9,17,7,-8,50.0,92.0,32.0,1.0,1.0,0.0,RRQ,,9,FS,,13,0,VCT Emea
0,Pearl,Monyet,RRQ,Neon,0.7,169.0,12,17,9,-5,55.0,117.0,21.0,2.0,6.0,-4.0,RRQ,,9,FS,,13,0,VCT Emea
0,Pearl,crazyguy,RRQ,Kayo,0.7,149.0,8,15,17,-7,68.0,113.0,7.0,1.0,4.0,-3.0,RRQ,,9,FS,,13,0,VCT Emea
0,Pearl,primmie,FS,Phoenix,1.49,312.0,23,14,8,9,77.0,192.0,47.0,6.0,5.0,1.0,RRQ,,9,FS,,13,1,VCT Emea
0,Pearl,JitBoyS,FS,Neon,1.48,252.0,22,12,3,10,82.0,157.0,30.0,3.0,1.0,2.0,RRQ,,9,FS,,13,1,VCT Emea
0,Pearl,Crws,FS,Astra,1.0,164.0,13,12,5,1,73.0,105.0,17.0,2.0,0.0,2.0,RRQ,,9,FS,,13,1,VCT Emea
0,Pearl,Leviathan,FS,Cypher,0.86,156.0,12,14,8,-2,82.0,101.0,35.0,1.0,2.0,-1.0,RRQ,,9,FS,,13,1,VCT Emea
0,Pearl,Killua,FS,Fade,0.76,127.0,9,14,9,-5,73.0,83.0,35.0,1.0,1.0,0.0,RRQ,,9,FS,,13,1,VCT Emea
2,Haven,Jemkin,RRQ,Jett,1.43,285.0,24,14,1,10,70.0,168.0,29.0,6.0,2.0,4.0,RRQ,,13,FS,,10,1,VCT Emea
2,Haven,xffero,RRQ,Cypher,1.42,245.0,19,15,8,4,74.0,181.0,29.0,1.0,1.0,0.0,RRQ,,13,FS,,10,1,VCT Emea
2,Haven,crazyguy,RRQ,Omen,1.32,256.0,20,16,11,4,70.0,157.0,20.0,3.0,4.0,-1.0,RRQ,,13,FS,,10,1,VCT Emea
2,Haven,Kushy,RRQ,Sova,0.79,141.0,12,15,7,-3,74.0,97.0,25.0,1.0,1.0,0.0,RRQ,,13,FS,,10,1,VCT Emea
2,Haven,Monyet,RRQ,Neon,0.57,137.0,11,18,3,-7,61.0,75.0,31.0,1.0,3.0,-2.0,RRQ,,13,FS,,10,1,VCT Emea
2,Haven,Leviathan,FS,Omen,0.99,196.0,17,15,6,2,70.0,123.0,24.0,1.0,3.0,-2.0,RRQ,,13,FS,,10,0,VCT Emea
2,Haven,primmie,FS,Waylay,0.97,235.0,18,18,4,0,70.0,148.0,24.0,3.0,2.0,1.0,RRQ,,13,FS,,10,0,VCT Emea
2,Haven,JitBoyS,FS,Cypher,0.84,223.0,17,20,7,-3,52.0,148.0,25.0,3.0,2.0,1.0,RRQ,,13,FS,,10,0,VCT Emea
2,Haven,Killua,FS,Skye,0.84,168.0,14,16,8,-2,70.0,93.0,25.0,2.0,4.0,-2.0,RRQ,,13,FS,,10,0,VCT Emea
2,Haven,Crws,FS,Deadlock,0.73,160.0,12,17,6,-5,70.0,101.0,25.0,2.0,1.0,1.0,RRQ,,13,FS,,10,0,VCT Emea
3,Fracture,xffero,RRQ,Veto,1.59,310.0,18,7,3,11,88.0,197.0,26.0,4.0,2.0,2.0,RRQ,,13,FS,,3,1,VCT Emea
3,Fracture,Monyet,RRQ,Neon,1.53,285.0,18,9,3,9,88.0,171.0,27.0,4.0,1.0,3.0,RRQ,,13,FS,,3,1,VCT Emea
3,Fracture,crazyguy,RRQ,Brimstone,1.43,167.0,10,4,11,6,94.0,111.0,21.0,1.0,0.0,1.0,RRQ,,13,FS,,3,1,VCT Emea
3,Fracture,Jemkin,RRQ,Raze,1.32,242.0,15,11,2,4,100.0,157.0,45.0,1.0,0.0,1.0,RRQ,,13,FS,,3,1,VCT Emea
3,Fracture,Kushy,RRQ,Skye,0.9,85.0,3,7,15,-4,81.0,54.0,29.0,1.0,2.0,-1.0,RRQ,,13,FS,,3,1,VCT Emea
3,Fracture,JitBoyS,FS,Neon,1.22,274.0,14,12,2,2,69.0,165.0,32.0,1.0,5.0,-4.0,RRQ,,13,FS,,3,0,VCT Emea
3,Fracture,primmie,FS,Waylay,0.67,166.0,8,12,1,-4,63.0,113.0,22.0,4.0,2.0,2.0,RRQ,,13,FS,,3,0,VCT Emea
3,Fracture,Leviathan,FS,Cypher,0.54,120.0,7,13,2,-6,38.0,79.0,30.0,0.0,1.0,-1.0,RRQ,,13,FS,,3,0,VCT Emea
3,Fracture,Killua,FS,Skye,0.37,146.0,6,14,2,-8,44.0,106.0,24.0,0.0,1.0,-1.0,RRQ,,13,FS,,3,0,VCT Emea
3,Fracture,Crws,FS,Brimstone,0.31,71.0,3,13,4,-10,56.0,44.0,13.0,0.0,2.0,-2.0,RRQ,,13,FS,,3,0,VCT Emea
0,Lotus,Caedye,DFM,Vyse,1.2,210.0,15,14,10,1,75.0,152.0,30.0,3.0,1.0,2.0,DFM,,13,VL,,11,1,VCT Emea
0,Lotus,Meiy,DFM,Raze,1.17,268.0,21,18,4,3,63.0,173.0,26.0,4.0,3.0,1.0,DFM,,13,VL,,11,1,VCT Emea
0,Lotus,SSeeS,DFM,Omen,1.16,183.0,18,14,6,4,75.0,119.0,31.0,0.0,4.0,-4.0,DFM,,13,VL,,11,1,VCT Emea
0,Lotus,yatsuka,DFM,Fade,1.15,191.0,16,15,7,1,75.0,123.0,47.0,1.0,1.0,0.0,DFM,,13,VL,,11,1,VCT Emea
0,Lotus,Akame,DFM,Neon,0.82,165.0,14,18,6,-4,71.0,116.0,20.0,1.0,6.0,-5.0,DFM,,13,VL,,11,1,VCT Emea
0,Lotus,oonzmlp,VL,Viper,1.19,245.0,19,14,7,5,88.0,150.0,25.0,6.0,0.0,6.0,DFM,,13,VL,,11,0,VCT Emea
0,Lotus,Klaus,VL,Neon,1.16,223.0,21,16,5,5,79.0,130.0,25.0,5.0,3.0,2.0,DFM,,13,VL,,11,0,VCT Emea
0,Lotus,Zexy,VL,Raze,1.04,230.0,19,18,6,1,63.0,160.0,23.0,3.0,5.0,-2.0,DFM,,13,VL,,11,0,VCT Emea
0,Lotus,XuNa,VL,Fade,0.61,115.0,9,19,8,-10,71.0,103.0,23.0,1.0,1.0,0.0,DFM,,13,VL,,11,0,VCT Emea
0,Lotus,C1ndeR,VL,Omen,0.58,117.0,11,17,7,-6,63.0,77.0,30.0,0.0,0.0,0.0,DFM,,13,VL,,11,0,VCT Emea
2,Haven,Meiy,DFM,Jett,1.41,286.0,23,16,3,7,78.0,168.0,47.0,4.0,1.0,3.0,DFM,,10,VL,,13,0,VCT Emea
2,Haven,Caedye,DFM,Cypher,1.11,210.0,16,14,9,2,74.0,129.0,23.0,3.0,4.0,-1.0,DFM,,10,VL,,13,0,VCT Emea
2,Haven,yatsuka,DFM,Skye,0.68,108.0,8,17,6,-9,61.0,85.0,42.0,1.0,0.0,1.0,DFM,,10,VL,,13,0,VCT Emea
2,Haven,SSeeS,DFM,Omen,0.66,120.0,9,15,5,-6,61.0,73.0,31.0,3.0,3.0,0.0,DFM,,10,VL,,13,0,VCT Emea
2,Haven,Akame,DFM,Neon,0.58,127.0,9,16,5,-7,61.0,83.0,13.0,0.0,4.0,-4.0,DFM,,10,VL,,13,0,VCT Emea
2,Haven,oonzmlp,VL,Deadlock,1.63,280.0,23,11,4,12,78.0,196.0,40.0,2.0,1.0,1.0,DFM,,10,VL,,13,1,VCT Emea
2,Haven,Zexy,VL,Waylay,1.08,218.0,19,14,5,5,74.0,129.0,29.0,3.0,3.0,0.0,DFM,,10,VL,,13,1,VCT Emea
2,Haven,Klaus,VL,Cypher,1.04,184.0,15,10,7,5,83.0,118.0,30.0,3.0,2.0,1.0,DFM,,10,VL,,13,1,VCT Emea
2,Haven,XuNa,VL,Skye,0.96,134.0,11,11,9,0,83.0,100.0,28.0,2.0,1.0,1.0,DFM,,10,VL,,13,1,VCT Emea
2,Haven,C1ndeR,VL,Omen,0.61,146.0,10,19,10,-9,57.0,90.0,26.0,2.0,4.0,-2.0,DFM,,10,VL,,13,1,VCT Emea
3,Fracture,Meiy,DFM,Neon,1.4,312.0,24,16,3,8,82.0,175.0,14.0,8.0,2.0,6.0,DFM,,13,VL,,9,1,VCT Emea
3,Fracture,Caedye,DFM,Cypher,1.29,257.0,21,14,4,7,77.0,160.0,34.0,2.0,1.0,1.0,DFM,,13,VL,,9,1,VCT Emea
3,Fracture,yatsuka,DFM,Breach,1.14,180.0,14,13,11,1,73.0,114.0,29.0,1.0,2.0,-1.0,DFM,,13,VL,,9,1,VCT Emea
3,Fracture,Akame,DFM,Tejo,0.95,216.0,17,15,4,2,86.0,140.0,18.0,1.0,3.0,-2.0,DFM,,13,VL,,9,1,VCT Emea
3,Fracture,SSeeS,DFM,Brimstone,0.78,145.0,9,16,21,-7,73.0,96.0,10.0,0.0,2.0,-2.0,DFM,,13,VL,,9,1,VCT Emea
3,Fracture,Zexy,VL,Raze,1.45,302.0,26,15,2,11,73.0,192.0,24.0,2.0,1.0,1.0,DFM,,13,VL,,9,0,VCT Emea
3,Fracture,XuNa,VL,Brimstone,1.09,201.0,17,17,6,0,68.0,134.0,28.0,1.0,2.0,-1.0,DFM,,13,VL,,9,0,VCT Emea
3,Fracture,Klaus,VL,Neon,0.98,223.0,17,17,4,0,64.0,127.0,36.0,4.0,6.0,-2.0,DFM,,13,VL,,9,0,VCT Emea
3,Fracture,oonzmlp,VL,Cypher,0.49,131.0,9,19,6,-10,68.0,88.0,31.0,3.0,3.0,0.0,DFM,,13,VL,,9,0,VCT Emea
3,Fracture,C1ndeR,VL,Breach,0.35,70.0,5,17,6,-12,68.0,42.0,16.0,0.0,0.0,0.0,DFM,,13,VL,,9,0,VCT Emea
0,Haven,iZu,T1,Chamber,1.43,269.0,20,11,3,9,74.0,165.0,32.0,4.0,4.0,0.0,T1,,13,ZETA,,6,1,VCT Emea
0,Haven,BuZz,T1,Neon,1.26,295.0,20,16,5,4,89.0,176.0,23.0,6.0,0.0,6.0,T1,,13,ZETA,,6,1,VCT Emea
0,Haven,Meteor,T1,Phoenix,1.15,197.0,15,11,5,4,89.0,132.0,42.0,1.0,1.0,0.0,T1,,13,ZETA,,6,1,VCT Emea
0,Haven,stax,T1,Sova,1.01,179.0,12,13,8,-1,74.0,134.0,19.0,0.0,1.0,-1.0,T1,,13,ZETA,,6,1,VCT Emea
0,Haven,Munchkin,T1,Omen,0.76,193.0,14,16,7,-2,84.0,125.0,24.0,0.0,2.0,-2.0,T1,,13,ZETA,,6,1,VCT Emea
0,Haven,SyouTa,ZETA,Omen,1.08,226.0,14,16,12,-2,79.0,150.0,44.0,1.0,2.0,-1.0,T1,,13,ZETA,,6,0,VCT Emea
0,Haven,Absol,ZETA,Neon,1.05,256.0,17,16,8,1,68.0,147.0,22.0,3.0,4.0,-1.0,T1,,13,ZETA,,6,0,VCT Emea
0,Haven,eKo,ZETA,Skye,0.91,175.0,12,16,6,-4,68.0,132.0,33.0,1.0,2.0,-1.0,T1,,13,ZETA,,6,0,VCT Emea
0,Haven,Xdll,ZETA,Killjoy,0.87,207.0,13,16,2,-3,58.0,133.0,45.0,2.0,2.0,0.0,T1,,13,ZETA,,6,0,VCT Emea
0,Haven,SugarZ3ro,ZETA,Harbor,0.7,181.0,11,17,10,-6,68.0,120.0,36.0,1.0,1.0,0.0,T1,,13,ZETA,,6,0,VCT Emea
2,Lotus,iZu,T1,Killjoy,1.34,251.0,18,12,2,6,75.0,166.0,38.0,3.0,2.0,1.0,T1,,13,ZETA,,7,1,VCT Emea
2,Lotus,stax,T1,Fade,1.18,229.0,17,12,6,5,80.0,133.0,38.0,2.0,0.0,2.0,T1,,13,ZETA,,7,1,VCT Emea
2,Lotus,BuZz,T1,Neon,1.18,235.0,18,13,2,5,85.0,139.0,20.0,4.0,4.0,0.0,T1,,13,ZETA,,7,1,VCT Emea
2,Lotus,Munchkin,T1,Omen,1.06,201.0,13,12,13,1,70.0,129.0,13.0,1.0,1.0,0.0,T1,,13,ZETA,,7,1,VCT Emea
2,Lotus,Meteor,T1,Viper,0.84,180.0,12,13,7,-1,75.0,115.0,25.0,1.0,2.0,-1.0,T1,,13,ZETA,,7,1,VCT Emea
2,Lotus,SyouTa,ZETA,Raze,1.13,201.0,16,14,3,2,80.0,137.0,34.0,1.0,2.0,-1.0,T1,,13,ZETA,,7,0,VCT Emea
2,Lotus,Xdll,ZETA,Vyse,0.88,135.0,10,13,1,-3,55.0,85.0,32.0,1.0,2.0,-1.0,T1,,13,ZETA,,7,0,VCT Emea
2,Lotus,SugarZ3ro,ZETA,Omen,0.83,183.0,12,18,9,-6,65.0,123.0,36.0,2.0,2.0,0.0,T1,,13,ZETA,,7,0,VCT Emea
2,Lotus,Absol,ZETA,Neon,0.78,222.0,14,18,5,-4,75.0,139.0,17.0,5.0,2.0,3.0,T1,,13,ZETA,,7,0,VCT Emea
2,Lotus,eKo,ZETA,Fade,0.68,128.0,10,15,5,-5,70.0,83.0,26.0,0.0,3.0,-3.0,T1,,13,ZETA,,7,0,VCT Emea
0,Bind,oonzmlp,VL,Phoenix,1.32,236.0,18,14,6,4,87.0,160.0,46.0,0.0,2.0,-2.0,VL,,13,ZETA,,10,1,VCT Emea
0,Bind,XuNa,VL,Skye,1.17,243.0,20,16,4,4,70.0,158.0,38.0,2.0,2.0,0.0,VL,,13,ZETA,,10,1,VCT Emea
0,Bind,C1ndeR,VL,Brimstone,0.98,189.0,15,15,14,0,74.0,107.0,42.0,1.0,2.0,-1.0,VL,,13,ZETA,,10,1,VCT Emea
0,Bind,Zexy,VL,Neon,0.96,215.0,18,18,4,0,70.0,130.0,36.0,3.0,4.0,-1.0,VL,,13,ZETA,,10,1,VCT Emea
0,Bind,Klaus,VL,Viper,0.92,198.0,16,15,2,1,74.0,128.0,50.0,3.0,4.0,-1.0,VL,,13,ZETA,,10,1,VCT Emea
0,Bind,eKo,ZETA,Skye,1.08,150.0,14,14,13,0,74.0,97.0,41.0,1.0,2.0,-1.0,VL,,13,ZETA,,10,0,VCT Emea
0,Bind,SugarZ3ro,ZETA,Brimstone,0.99,172.0,16,15,6,1,70.0,115.0,39.0,2.0,0.0,2.0,VL,,13,ZETA,,10,0,VCT Emea
0,Bind,Xdll,ZETA,Viper,0.98,236.0,17,19,5,-2,61.0,159.0,33.0,3.0,2.0,1.0,VL,,13,ZETA,,10,0,VCT Emea
0,Bind,SyouTa,ZETA,Raze,0.81,250.0,19,21,4,-2,78.0,154.0,31.0,7.0,2.0,5.0,VL,,13,ZETA,,10,0,VCT Emea
0,Bind,Absol,ZETA,Neon,0.77,174.0,12,18,4,-6,70.0,126.0,23.0,1.0,3.0,-2.0,VL,,13,ZETA,,10,0,VCT Emea
2,Breeze,XuNa,VL,Sova,1.35,217.0,18,13,4,5,82.0,163.0,35.0,0.0,0.0,0.0,VL,,9,ZETA,,13,0,VCT Emea
2,Breeze,oonzmlp,VL,Viper,1.13,239.0,18,14,4,4,55.0,149.0,43.0,2.0,3.0,-1.0,VL,,9,ZETA,,13,0,VCT Emea
2,Breeze,Zexy,VL,Neon,0.63,169.0,13,18,3,-5,55.0,116.0,48.0,1.0,2.0,-1.0,VL,,9,ZETA,,13,0,VCT Emea
2,Breeze,Klaus,VL,Chamber,0.56,125.0,10,16,0,-6,55.0,77.0,54.0,3.0,6.0,-3.0,VL,,9,ZETA,,13,0,VCT Emea
2,Breeze,C1ndeR,VL,Omen,0.48,135.0,10,19,4,-9,59.0,84.0,29.0,2.0,3.0,-1.0,VL,,9,ZETA,,13,0,VCT Emea
2,Breeze,Absol,ZETA,Neon,1.64,293.0,25,13,3,12,73.0,187.0,20.0,3.0,5.0,-2.0,VL,,9,ZETA,,13,1,VCT Emea
2,Breeze,SyouTa,ZETA,Viper,1.34,249.0,19,13,4,6,73.0,163.0,44.0,5.0,1.0,4.0,VL,,9,ZETA,,13,1,VCT Emea
2,Breeze,SugarZ3ro,ZETA,Harbor,0.95,143.0,12,12,4,0,64.0,96.0,24.0,2.0,1.0,1.0,VL,,9,ZETA,,13,1,VCT Emea
2,Breeze,eKo,ZETA,Kayo,0.93,182.0,14,16,8,-2,77.0,123.0,41.0,3.0,0.0,3.0,VL,,9,ZETA,,13,1,VCT Emea
2,Breeze,Xdll,ZETA,Sova,0.68,117.0,10,15,1,-5,59.0,84.0,45.0,1.0,1.0,0.0,VL,,9,ZETA,,13,1,VCT Emea
3,Fracture,oonzmlp,VL,Breach,1.68,299.0,24,14,10,10,82.0,188.0,38.0,2.0,0.0,2.0,VL,,9,ZETA,,13,0,VCT Emea
3,Fracture,Klaus,VL,Waylay,0.9,198.0,15,19,2,-4,73.0,130.0,33.0,6.0,1.0,5.0,VL,,9,ZETA,,13,0,VCT Emea
3,Fracture,XuNa,VL,Tejo,0.77,206.0,17,17,2,0,64.0,137.0,32.0,1.0,1.0,0.0,VL,,9,ZETA,,13,0,VCT Emea
3,Fracture,C1ndeR,VL,Brimstone,0.65,134.0,9,17,12,-8,73.0,83.0,23.0,1.0,1.0,0.0,VL,,9,ZETA,,13,0,VCT Emea
3,Fracture,Zexy,VL,Neon,0.41,149.0,11,20,1,-9,45.0,89.0,21.0,4.0,5.0,-1.0,VL,,9,ZETA,,13,0,VCT Emea
3,Fracture,Absol,ZETA,Neon,1.35,273.0,21,14,8,7,68.0,172.0,22.0,2.0,4.0,-2.0,VL,,9,ZETA,,13,1,VCT Emea
3,Fracture,SugarZ3ro,ZETA,Brimstone,1.33,238.0,20,14,8,6,73.0,139.0,21.0,2.0,1.0,1.0,VL,,9,ZETA,,13,1,VCT Emea
3,Fracture,eKo,ZETA,Breach,1.21,193.0,16,14,10,2,73.0,138.0,38.0,0.0,1.0,-1.0,VL,,9,ZETA,,13,1,VCT Emea
3,Fracture,Xdll,ZETA,Cypher,1.1,217.0,18,16,2,2,73.0,158.0,30.0,2.0,1.0,1.0,VL,,9,ZETA,,13,1,VCT Emea
3,Fracture,SyouTa,ZETA,Raze,0.53,147.0,11,18,5,-7,64.0,101.0,10.0,2.0,7.0,-5.0,VL,,9,ZETA,,13,1,VCT Emea
0,Pearl,stax,T1,Sova,1.69,275.0,18,8,6,10,89.0,181.0,24.0,3.0,1.0,2.0,T1,,13,FS,,5,1,VCT Emea
0,Pearl,iZu,T1,Tejo,1.32,220.0,13,10,7,3,83.0,179.0,19.0,0.0,0.0,0.0,T1,,13,FS,,5,1,VCT Emea
0,Pearl,Munchkin,T1,Astra,1.23,184.0,12,9,12,3,72.0,141.0,26.0,1.0,2.0,-1.0,T1,,13,FS,,5,1,VCT Emea
0,Pearl,Meteor,T1,Killjoy,1.14,201.0,13,9,2,4,78.0,125.0,28.0,3.0,1.0,2.0,T1,,13,FS,,5,1,VCT Emea
0,Pearl,BuZz,T1,Neon,0.85,191.0,12,12,5,0,67.0,99.0,29.0,2.0,5.0,-3.0,T1,,13,FS,,5,1,VCT Emea
0,Pearl,primmie,FS,Phoenix,1.22,268.0,17,14,5,3,61.0,177.0,47.0,3.0,4.0,-1.0,T1,,13,FS,,5,0,VCT Emea
0,Pearl,Killua,FS,Fade,0.97,155.0,8,12,7,-4,67.0,119.0,36.0,0.0,1.0,-1.0,T1,,13,FS,,5,0,VCT Emea
0,Pearl,JitBoyS,FS,Neon,0.72,155.0,9,13,1,-4,67.0,105.0,34.0,3.0,1.0,2.0,T1,,13,FS,,5,0,VCT Emea
0,Pearl,Leviathan,FS,Cypher,0.56,123.0,8,14,1,-6,50.0,84.0,29.0,2.0,1.0,1.0,T1,,13,FS,,5,0,VCT Emea
0,Pearl,Crws,FS,Astra,0.34,92.0,6,15,2,-9,44.0,68.0,21.0,1.0,2.0,-1.0,T1,,13,FS,,5,0,VCT Emea
2,Bind,Meteor,T1,Viper,1.08,244.0,16,15,5,1,80.0,141.0,24.0,3.0,1.0,2.0,T1,,7,FS,,13,0,VCT Emea
2,Bind,iZu,T1,Chamber,1.03,208.0,16,15,2,1,70.0,141.0,30.0,3.0,1.0,2.0,T1,,7,FS,,13,0,VCT Emea
2,Bind,BuZz,T1,Neon,1.0,202.0,16,13,5,3,85.0,125.0,18.0,3.0,2.0,1.0,T1,,7,FS,,13,0,VCT Emea
2,Bind,Munchkin,T1,Brimstone,0.9,207.0,11,16,13,-5,65.0,162.0,26.0,1.0,2.0,-1.0,T1,,7,FS,,13,0,VCT Emea
2,Bind,stax,T1,Skye,0.71,124.0,9,14,11,-5,80.0,83.0,27.0,3.0,1.0,2.0,T1,,7,FS,,13,0,VCT Emea
2,Bind,primmie,FS,Raze,1.38,321.0,21,16,7,5,70.0,214.0,35.0,3.0,2.0,1.0,T1,,7,FS,,13,1,VCT Emea
2,Bind,Killua,FS,Skye,1.27,224.0,16,12,5,4,85.0,147.0,40.0,1.0,1.0,0.0,T1,,7,FS,,13,1,VCT Emea
2,Bind,Crws,FS,Brimstone,1.19,194.0,14,12,10,2,75.0,119.0,30.0,0.0,0.0,0.0,T1,,7,FS,,13,1,VCT Emea
2,Bind,Leviathan,FS,Viper,1.06,212.0,15,13,4,2,75.0,140.0,39.0,1.0,2.0,-1.0,T1,,7,FS,,13,1,VCT Emea
2,Bind,JitBoyS,FS,Neon,0.39,99.0,7,15,3,-8,65.0,72.0,55.0,2.0,8.0,-6.0,T1,,7,FS,,13,1,VCT Emea
3,Breeze,iZu,T1,Sova,1.65,338.0,27,13,4,14,73.0,218.0,34.0,3.0,1.0,2.0,T1,,13,FS,,9,1,VCT Emea
3,Breeze,BuZz,T1,Neon,0.98,174.0,15,14,4,1,73.0,131.0,21.0,2.0,3.0,-1.0,T1,,13,FS,,9,1,VCT Emea
3,Breeze,Meteor,T1,Viper,0.9,175.0,13,15,2,-2,59.0,115.0,39.0,3.0,5.0,-2.0,T1,,13,FS,,9,1,VCT Emea
3,Breeze,stax,T1,Kayo,0.78,182.0,14,17,9,-3,68.0,128.0,27.0,1.0,0.0,1.0,T1,,13,FS,,9,1,VCT Emea
3,Breeze,Munchkin,T1,Harbor,0.45,113.0,6,17,13,-11,64.0,83.0,20.0,1.0,3.0,-2.0,T1,,13,FS,,9,1,VCT Emea
3,Breeze,JitBoyS,FS,Neon,1.36,259.0,20,14,5,6,73.0,169.0,28.0,3.0,2.0,1.0,T1,,13,FS,,9,0,VCT Emea
3,Breeze,primmie,FS,Jett,1.19,271.0,22,17,0,5,73.0,162.0,57.0,5.0,3.0,2.0,T1,,13,FS,,9,0,VCT Emea
3,Breeze,Crws,FS,Harbor,0.93,158.0,11,16,14,-5,68.0,102.0,32.0,2.0,2.0,0.0,T1,,13,FS,,9,0,VCT Emea
3,Breeze,Killua,FS,Sova,0.92,155.0,12,13,4,-1,73.0,109.0,31.0,1.0,1.0,0.0,T1,,13,FS,,9,0,VCT Emea
3,Breeze,Leviathan,FS,Viper,0.79,137.0,11,15,6,-4,64.0,98.0,58.0,1.0,2.0,-1.0,T1,,13,FS,,9,0,VCT Emea
0,Haven,xffero,RRQ,Cypher,1.31,258.0,25,18,7,7,77.0,158.0,28.0,4.0,1.0,3.0,RRQ,,12,DFM,,14,0,VCT Emea
0,Haven,crazyguy,RRQ,Omen,0.98,192.0,17,19,12,-2,58.0,117.0,28.0,1.0,2.0,-1.0,RRQ,,12,DFM,,14,0,VCT Emea
0,Haven,Jemkin,RRQ,Jett,0.84,183.0,17,19,4,-2,65.0,114.0,19.0,4.0,5.0,-1.0,RRQ,,12,DFM,,14,0,VCT Emea
0,Haven,Kushy,RRQ,Sova,0.66,137.0,13,19,3,-6,54.0,94.0,31.0,0.0,1.0,-1.0,RRQ,,12,DFM,,14,0,VCT Emea
0,Haven,Monyet,RRQ,Neon,0.58,176.0,15,22,8,-7,73.0,115.0,23.0,4.0,4.0,0.0,RRQ,,12,DFM,,14,0,VCT Emea
0,Haven,Meiy,DFM,Jett,1.92,363.0,36,16,5,20,73.0,213.0,33.0,8.0,3.0,5.0,RRQ,,12,DFM,,14,1,VCT Emea
0,Haven,SSeeS,DFM,Omen,1.24,187.0,15,13,20,2,81.0,110.0,28.0,0.0,2.0,-2.0,RRQ,,12,DFM,,14,1,VCT Emea
0,Haven,yatsuka,DFM,Skye,0.9,173.0,15,17,7,-2,73.0,121.0,33.0,0.0,0.0,0.0,RRQ,,12,DFM,,14,1,VCT Emea
0,Haven,Caedye,DFM,Cypher,0.78,183.0,17,22,5,-5,73.0,113.0,46.0,2.0,2.0,0.0,RRQ,,12,DFM,,14,1,VCT Emea
0,Haven,Akame,DFM,Neon,0.64,147.0,14,19,4,-5,62.0,84.0,23.0,3.0,6.0,-3.0,RRQ,,12,DFM,,14,1,VCT Emea
2,Lotus,Jemkin,RRQ,Chamber,1.4,243.0,22,14,3,8,85.0,153.0,23.0,4.0,4.0,0.0,RRQ,,14,DFM,,12,1,VCT Emea
2,Lotus,xffero,RRQ,Viper,1.3,217.0,20,15,7,5,77.0,155.0,22.0,2.0,1.0,1.0,RRQ,,14,DFM,,12,1,VCT Emea
2,Lotus,Monyet,RRQ,Neon,0.97,199.0,19,19,5,0,54.0,123.0,20.0,4.0,3.0,1.0,RRQ,,14,DFM,,12,1,VCT Emea
2,Lotus,Kushy,RRQ,Fade,0.92,179.0,16,19,7,-3,77.0,141.0,33.0,1.0,0.0,1.0,RRQ,,14,DFM,,12,1,VCT Emea
2,Lotus,crazyguy,RRQ,Omen,0.8,172.0,16,19,10,-3,73.0,103.0,29.0,4.0,3.0,1.0,RRQ,,14,DFM,,12,1,VCT Emea
2,Lotus,Meiy,DFM,Raze,1.36,263.0,25,19,8,6,81.0,177.0,21.0,3.0,5.0,-2.0,RRQ,,14,DFM,,12,0,VCT Emea
2,Lotus,SSeeS,DFM,Omen,0.91,145.0,13,17,11,-4,65.0,93.0,25.0,1.0,2.0,-1.0,RRQ,,14,DFM,,12,0,VCT Emea
2,Lotus,yatsuka,DFM,Fade,0.87,161.0,16,18,4,-2,73.0,109.0,38.0,1.0,2.0,-1.0,RRQ,,14,DFM,,12,0,VCT Emea
2,Lotus,Akame,DFM,Neon,0.84,199.0,19,20,2,-1,65.0,130.0,30.0,6.0,4.0,2.0,RRQ,,14,DFM,,12,0,VCT Emea
2,Lotus,Caedye,DFM,Vyse,0.62,152.0,13,19,9,-6,73.0,107.0,14.0,0.0,2.0,-2.0,RRQ,,14,DFM,,12,0,VCT Emea
3,Fracture,Monyet,RRQ,Neon,1.23,253.0,20,13,7,7,81.0,177.0,37.0,3.0,6.0,-3.0,RRQ,,13,DFM,,8,1,VCT Emea
3,Fracture,crazyguy,RRQ,Brimstone,1.23,203.0,15,13,12,2,76.0,151.0,27.0,0.0,2.0,-2.0,RRQ,,13,DFM,,8,1,VCT Emea
3,Fracture,Jemkin,RRQ,Raze,1.14,210.0,16,12,6,4,86.0,135.0,11.0,2.0,3.0,-1.0,RRQ,,13,DFM,,8,1,VCT Emea
3,Fracture,Kushy,RRQ,Skye,1.13,187.0,16,12,9,4,90.0,118.0,63.0,0.0,0.0,0.0,RRQ,,13,DFM,,8,1,VCT Emea
3,Fracture,xffero,RRQ,Veto,0.99,237.0,18,14,4,4,81.0,172.0,20.0,3.0,2.0,1.0,RRQ,,13,DFM,,8,1,VCT Emea
3,Fracture,Akame,DFM,Tejo,1.3,244.0,19,16,1,3,52.0,152.0,23.0,2.0,1.0,1.0,RRQ,,13,DFM,,8,0,VCT Emea
3,Fracture,Meiy,DFM,Neon,1.09,264.0,18,18,4,0,81.0,165.0,27.0,4.0,3.0,1.0,RRQ,,13,DFM,,8,0,VCT Emea
3,Fracture,SSeeS,DFM,Brimstone,0.75,140.0,10,15,10,-5,71.0,93.0,29.0,3.0,2.0,1.0,RRQ,,13,DFM,,8,0,VCT Emea
3,Fracture,yatsuka,DFM,Breach,0.59,115.0,7,17,11,-10,67.0,73.0,19.0,0.0,0.0,0.0,RRQ,,13,DFM,,8,0,VCT Emea
3,Fracture,Caedye,DFM,Cypher,0.48,143.0,10,19,4,-9,52.0,79.0,9.0,4.0,2.0,2.0,RRQ,,13,DFM,,8,0,VCT Emea
0,Breeze,Kushy,RRQ,Sova,1.42,271.0,23,15,7,8,79.0,199.0,65.0,3.0,2.0,1.0,RRQ,,11,GE,,13,0,VCT Emea
0,Breeze,xffero,RRQ,Viper,1.4,314.0,26,18,8,8,83.0,201.0,36.0,2.0,2.0,0.0,RRQ,,11,GE,,13,0,VCT Emea
0,Breeze,crazyguy,RRQ,Kayo,0.85,195.0,16,19,10,-3,67.0,139.0,20.0,1.0,2.0,-1.0,RRQ,,11,GE,,13,0,VCT Emea
0,Breeze,Jemkin,RRQ,Neon,0.68,160.0,13,19,3,-6,58.0,102.0,42.0,6.0,6.0,0.0,RRQ,,11,GE,,13,0,VCT Emea
0,Breeze,Monyet,RRQ,Harbor,0.65,112.0,9,17,9,-8,75.0,74.0,31.0,0.0,0.0,0.0,RRQ,,11,GE,,13,0,VCT Emea
0,Breeze,UdoTan,GE,Neon,1.26,250.0,23,16,5,7,79.0,167.0,30.0,2.0,1.0,1.0,RRQ,,11,GE,,13,1,VCT Emea
0,Breeze,PatMen,GE,Viper,1.19,245.0,22,17,3,5,71.0,175.0,43.0,2.0,2.0,0.0,RRQ,,11,GE,,13,1,VCT Emea
0,Breeze,xavi8k,GE,Sage,1.0,164.0,14,15,8,-1,71.0,117.0,19.0,1.0,2.0,-1.0,RRQ,,11,GE,,13,1,VCT Emea
0,Breeze,Kr1stal,GE,Sova,0.8,161.0,12,17,6,-5,67.0,118.0,25.0,2.0,2.0,0.0,RRQ,,11,GE,,13,1,VCT Emea
0,Breeze,Autumn,GE,Chamber,0.7,192.0,17,22,4,-5,58.0,111.0,22.0,5.0,5.0,0.0,RRQ,,11,GE,,13,1,VCT Emea
2,Pearl,Monyet,RRQ,Neon,1.2,269.0,19,18,9,1,65.0,183.0,21.0,4.0,3.0,1.0,RRQ,,10,GE,,13,0,VCT Emea
2,Pearl,Kushy,RRQ,Skye,1.18,213.0,15,15,14,0,74.0,150.0,27.0,0.0,2.0,-2.0,RRQ,,10,GE,,13,0,VCT Emea
2,Pearl,Jemkin,RRQ,Chamber,0.95,161.0,14,15,3,-1,78.0,101.0,25.0,3.0,3.0,0.0,RRQ,,10,GE,,13,0,VCT Emea
2,Pearl,xffero,RRQ,Killjoy,0.89,187.0,16,17,2,-1,65.0,127.0,19.0,2.0,0.0,2.0,RRQ,,10,GE,,13,0,VCT Emea
2,Pearl,crazyguy,RRQ,Astra,0.85,145.0,11,14,2,-3,74.0,91.0,27.0,3.0,3.0,0.0,RRQ,,10,GE,,13,0,VCT Emea
2,Pearl,Kr1stal,GE,Killjoy,1.12,246.0,21,15,1,6,61.0,171.0,33.0,1.0,1.0,0.0,RRQ,,10,GE,,13,1,VCT Emea
2,Pearl,PatMen,GE,Fade,1.04,209.0,17,16,5,1,78.0,136.0,24.0,3.0,1.0,2.0,RRQ,,10,GE,,13,1,VCT Emea
2,Pearl,Autumn,GE,Phoenix,1.03,180.0,14,13,3,1,65.0,128.0,37.0,3.0,2.0,1.0,RRQ,,10,GE,,13,1,VCT Emea
2,Pearl,xavi8k,GE,Astra,0.94,173.0,13,13,7,0,70.0,112.0,15.0,2.0,2.0,0.0,RRQ,,10,GE,,13,1,VCT Emea
2,Pearl,UdoTan,GE,Neon,0.7,183.0,14,18,5,-4,57.0,120.0,18.0,2.0,6.0,-4.0,RRQ,,10,GE,,13,1,VCT Emea
0,Lotus,MaKo,KRX,Omen,1.31,249.0,19,16,8,3,68.0,163.0,26.0,4.0,0.0,4.0,KRX,,9,FS,,13,0,VCT Emea
0,Lotus,BeYN,KRX,Fade,1.21,203.0,17,15,4,2,64.0,132.0,31.0,2.0,0.0,2.0,KRX,,9,FS,,13,0,VCT Emea
0,Lotus,HYUNMIN,KRX,Raze,0.72,157.0,12,16,2,-4,55.0,98.0,32.0,3.0,3.0,0.0,KRX,,9,FS,,13,0,VCT Emea
0,Lotus,free1ng,KRX,Neon,0.59,183.0,13,20,5,-7,64.0,128.0,16.0,1.0,6.0,-5.0,KRX,,9,FS,,13,0,VCT Emea
0,Lotus,Hermes,KRX,Vyse,0.58,131.0,9,17,4,-8,64.0,93.0,32.0,1.0,2.0,-1.0,KRX,,9,FS,,13,0,VCT Emea
0,Lotus,JitBoyS,FS,Raze,1.54,349.0,26,15,2,11,68.0,198.0,18.0,5.0,1.0,4.0,KRX,,9,FS,,13,1,VCT Emea
0,Lotus,Leviathan,FS,Omen,1.19,176.0,13,12,16,1,86.0,110.0,37.0,2.0,0.0,2.0,KRX,,9,FS,,13,1,VCT Emea
0,Lotus,Crws,FS,Vyse,1.09,175.0,14,12,7,2,73.0,108.0,35.0,2.0,2.0,0.0,KRX,,9,FS,,13,1,VCT Emea
0,Lotus,primmie,FS,Jett,0.99,269.0,22,16,3,6,64.0,166.0,19.0,1.0,7.0,-6.0,KRX,,9,FS,,13,1,VCT Emea
0,Lotus,Killua,FS,Skye,0.71,127.0,9,15,13,-6,68.0,79.0,23.0,1.0,1.0,0.0,KRX,,9,FS,,13,1,VCT Emea
2,Fracture,HYUNMIN,KRX,Raze,1.09,272.0,18,17,3,1,70.0,210.0,29.0,1.0,2.0,-1.0,KRX,,7,FS,,13,0,VCT Emea
2,Fracture,MaKo,KRX,Brimstone,1.01,191.0,12,13,6,-1,70.0,124.0,18.0,4.0,3.0,1.0,KRX,,7,FS,,13,0,VCT Emea
2,Fracture,free1ng,KRX,Neon,0.88,179.0,13,14,2,-1,70.0,127.0,25.0,4.0,5.0,-1.0,KRX,,7,FS,,13,0,VCT Emea
2,Fracture,Hermes,KRX,Cypher,0.81,155.0,10,13,6,-3,60.0,111.0,21.0,1.0,0.0,1.0,KRX,,7,FS,,13,0,VCT Emea
2,Fracture,BeYN,KRX,Breach,0.4,95.0,6,16,5,-10,50.0,63.0,22.0,0.0,0.0,0.0,KRX,,7,FS,,13,0,VCT Emea
2,Fracture,primmie,FS,Phoenix,1.43,266.0,19,11,7,8,70.0,154.0,38.0,4.0,3.0,1.0,KRX,,7,FS,,13,1,VCT Emea
2,Fracture,Leviathan,FS,Cypher,1.21,192.0,15,12,2,3,80.0,127.0,35.0,1.0,1.0,0.0,KRX,,7,FS,,13,1,VCT Emea
2,Fracture,Killua,FS,Fade,1.21,194.0,15,11,11,4,75.0,113.0,32.0,0.0,1.0,-1.0,KRX,,7,FS,,13,1,VCT Emea
2,Fracture,Crws,FS,Brimstone,1.0,144.0,9,10,11,-1,90.0,95.0,27.0,0.0,2.0,-2.0,KRX,,7,FS,,13,1,VCT Emea
2,Fracture,JitBoyS,FS,Neon,0.91,213.0,15,15,6,0,70.0,124.0,21.0,5.0,3.0,2.0,KRX,,7,FS,,13,1,VCT Emea
0,Ascent,Jemkin,RRQ,Jett,1.4,254.0,20,12,6,8,82.0,168.0,24.0,4.0,4.0,0.0,RRQ,,9,DFM,,13,0,VCT Emea
0,Ascent,xffero,RRQ,Chamber,0.96,215.0,17,16,2,1,68.0,140.0,19.0,5.0,3.0,2.0,RRQ,,9,DFM,,13,0,VCT Emea
0,Ascent,Kushy,RRQ,Sova,0.95,195.0,16,16,6,0,77.0,136.0,31.0,0.0,0.0,0.0,RRQ,,9,DFM,,13,0,VCT Emea
0,Ascent,Monyet,RRQ,Omen,0.74,187.0,14,20,12,-6,86.0,127.0,27.0,0.0,0.0,0.0,RRQ,,9,DFM,,13,0,VCT Emea
0,Ascent,crazyguy,RRQ,Vyse,0.62,177.0,13,18,6,-5,59.0,127.0,20.0,1.0,5.0,-4.0,RRQ,,9,DFM,,13,0,VCT Emea
0,Ascent,yatsuka,DFM,Sova,1.26,189.0,17,11,3,6,77.0,118.0,48.0,0.0,0.0,0.0,RRQ,,9,DFM,,13,1,VCT Emea
0,Ascent,Caedye,DFM,Cypher,1.1,234.0,19,16,4,3,59.0,154.0,26.0,0.0,1.0,-1.0,RRQ,,9,DFM,,13,1,VCT Emea
0,Ascent,Meiy,DFM,Jett,1.04,218.0,18,17,2,1,68.0,133.0,50.0,7.0,2.0,5.0,RRQ,,9,DFM,,13,1,VCT Emea
0,Ascent,SSeeS,DFM,Omen,0.86,190.0,14,18,9,-4,77.0,115.0,24.0,1.0,0.0,1.0,RRQ,,9,DFM,,13,1,VCT Emea
0,Ascent,Akame,DFM,Neon,0.8,206.0,14,18,7,-4,68.0,131.0,27.0,4.0,7.0,-3.0,RRQ,,9,DFM,,13,1,VCT Emea
2,Breeze,Jemkin,RRQ,Neon,1.47,269.0,23,14,4,9,83.0,176.0,35.0,7.0,2.0,5.0,RRQ,,13,DFM,,11,1,VCT Emea
2,Breeze,Monyet,RRQ,Harbor,1.34,245.0,21,15,13,6,88.0,146.0,29.0,4.0,1.0,3.0,RRQ,,13,DFM,,11,1,VCT Emea
2,Breeze,crazyguy,RRQ,Kayo,1.1,200.0,16,14,10,2,71.0,129.0,20.0,2.0,3.0,-1.0,RRQ,,13,DFM,,11,1,VCT Emea
2,Breeze,xffero,RRQ,Viper,0.87,153.0,14,14,4,0,63.0,104.0,19.0,0.0,3.0,-3.0,RRQ,,13,DFM,,11,1,VCT Emea
2,Breeze,Kushy,RRQ,Sova,0.8,142.0,11,17,8,-6,75.0,91.0,16.0,0.0,2.0,-2.0,RRQ,,13,DFM,,11,1,VCT Emea
2,Breeze,Caedye,DFM,Omen,1.0,187.0,15,15,6,0,67.0,116.0,31.0,3.0,3.0,0.0,RRQ,,13,DFM,,11,0,VCT Emea
2,Breeze,yatsuka,DFM,Sova,0.97,241.0,19,19,4,0,67.0,159.0,38.0,5.0,0.0,5.0,RRQ,,13,DFM,,11,0,VCT Emea
2,Breeze,SSeeS,DFM,Viper,0.93,164.0,14,16,7,-2,67.0,110.0,31.0,2.0,1.0,1.0,RRQ,,13,DFM,,11,0,VCT Emea
2,Breeze,Meiy,DFM,Jett,0.84,200.0,16,16,2,0,63.0,122.0,33.0,0.0,4.0,-4.0,RRQ,,13,DFM,,11,0,VCT Emea
2,Breeze,Akame,DFM,Neon,0.43,110.0,10,19,4,-9,63.0,70.0,15.0,1.0,5.0,-4.0,RRQ,,13,DFM,,11,0,VCT Emea
3,Lotus,crazyguy,RRQ,Omen,1.39,262.0,19,11,14,8,81.0,146.0,13.0,1.0,3.0,-2.0,RRQ,,13,DFM,,8,1,VCT Emea
3,Lotus,Jemkin,RRQ,Chamber,1.3,242.0,20,11,0,9,81.0,149.0,32.0,2.0,2.0,0.0,RRQ,,13,DFM,,8,1,VCT Emea
3,Lotus,xffero,RRQ,Viper,1.21,206.0,18,11,4,7,86.0,137.0,17.0,1.0,0.0,1.0,RRQ,,13,DFM,,8,1,VCT Emea
3,Lotus,Monyet,RRQ,Neon,1.06,190.0,12,13,9,-1,76.0,120.0,28.0,5.0,2.0,3.0,RRQ,,13,DFM,,8,1,VCT Emea
3,Lotus,Kushy,RRQ,Fade,1.02,193.0,13,12,6,1,86.0,126.0,26.0,3.0,2.0,1.0,RRQ,,13,DFM,,8,1,VCT Emea
3,Lotus,Meiy,DFM,Raze,1.11,226.0,17,17,3,0,81.0,138.0,35.0,6.0,0.0,6.0,RRQ,,13,DFM,,8,0,VCT Emea
3,Lotus,Akame,DFM,Neon,0.95,197.0,16,16,1,0,57.0,126.0,33.0,2.0,8.0,-6.0,RRQ,,13,DFM,,8,0,VCT Emea
3,Lotus,Caedye,DFM,Vyse,0.89,194.0,13,17,4,-4,62.0,128.0,60.0,0.0,3.0,-3.0,RRQ,,13,DFM,,8,0,VCT Emea
3,Lotus,SSeeS,DFM,Omen,0.48,110.0,6,16,7,-10,62.0,74.0,16.0,1.0,0.0,1.0,RRQ,,13,DFM,,8,0,VCT Emea
3,Lotus,yatsuka,DFM,Fade,0.35,77.0,6,16,2,-10,52.0,54.0,22.0,0.0,1.0,-1.0,RRQ,,13,DFM,,8,0,VCT Emea
0,Pearl,HYUNMIN,KRX,Jett,1.35,277.0,25,18,1,7,75.0,172.0,34.0,6.0,1.0,5.0,KRX,,11,NS,,13,0,VCT Emea
0,Pearl,free1ng,KRX,Tejo,1.07,200.0,16,16,6,0,83.0,145.0,23.0,1.0,2.0,-1.0,KRX,,11,NS,,13,0,VCT Emea
0,Pearl,yong,KRX,Killjoy,1.0,214.0,17,17,8,0,79.0,157.0,28.0,2.0,3.0,-1.0,KRX,,11,NS,,13,0,VCT Emea
0,Pearl,BeYN,KRX,Kayo,0.9,158.0,12,17,17,-5,92.0,102.0,35.0,2.0,3.0,-1.0,KRX,,11,NS,,13,0,VCT Emea
0,Pearl,MaKo,KRX,Astra,0.88,150.0,12,15,13,-3,79.0,109.0,28.0,2.0,2.0,0.0,KRX,,11,NS,,13,0,VCT Emea
0,Pearl,Dambi,NS,Phoenix,1.3,267.0,24,18,8,6,54.0,172.0,27.0,3.0,4.0,-1.0,KRX,,11,NS,,13,1,VCT Emea
0,Pearl,Ivy,NS,Chamber,1.2,186.0,17,14,4,3,71.0,123.0,22.0,2.0,2.0,0.0,KRX,,11,NS,,13,1,VCT Emea
0,Pearl,Rb,NS,Astra,0.99,120.0,9,10,14,-1,83.0,71.0,21.0,0.0,1.0,-1.0,KRX,,11,NS,,13,1,VCT Emea
0,Pearl,Francis,NS,Neon,0.79,264.0,21,22,3,-1,67.0,151.0,11.0,5.0,2.0,3.0,KRX,,11,NS,,13,1,VCT Emea
0,Pearl,Xross,NS,Fade,0.68,150.0,12,18,6,-6,71.0,112.0,26.0,1.0,4.0,-3.0,KRX,,11,NS,,13,1,VCT Emea
2,Split,HYUNMIN,KRX,Jett,1.75,298.0,21,10,7,11,79.0,225.0,38.0,6.0,0.0,6.0,KRX,,13,NS,,6,1,VCT Emea
2,Split,MaKo,KRX,Astra,1.42,247.0,17,10,11,7,84.0,139.0,27.0,1.0,1.0,0.0,KRX,,13,NS,,6,1,VCT Emea
2,Split,BeYN,KRX,Skye,1.29,212.0,15,11,12,4,84.0,120.0,33.0,1.0,2.0,-1.0,KRX,,13,NS,,6,1,VCT Emea
2,Split,free1ng,KRX,Raze,1.17,197.0,15,10,3,5,79.0,120.0,16.0,2.0,1.0,1.0,KRX,,13,NS,,6,1,VCT Emea
2,Split,yong,KRX,Vyse,0.8,152.0,9,11,5,-2,74.0,106.0,22.0,2.0,3.0,-1.0,KRX,,13,NS,,6,1,VCT Emea
2,Split,Francis,NS,Yoru,1.02,214.0,15,14,4,1,63.0,141.0,31.0,4.0,5.0,-1.0,KRX,,13,NS,,6,0,VCT Emea
2,Split,Xross,NS,Fade,0.77,155.0,8,16,8,-8,58.0,113.0,21.0,0.0,1.0,-1.0,KRX,,13,NS,,6,0,VCT Emea
2,Split,Rb,NS,Omen,0.67,124.0,9,14,3,-5,68.0,80.0,16.0,0.0,0.0,0.0,KRX,,13,NS,,6,0,VCT Emea
2,Split,Ivy,NS,Viper,0.66,150.0,11,14,1,-3,63.0,105.0,30.0,1.0,3.0,-2.0,KRX,,13,NS,,6,0,VCT Emea
2,Split,Dambi,NS,Neon,0.47,154.0,9,19,5,-10,58.0,102.0,10.0,2.0,3.0,-1.0,KRX,,13,NS,,6,0,VCT Emea
3,Haven,yong,KRX,Cypher,1.38,225.0,21,11,1,10,77.0,149.0,39.0,2.0,3.0,-1.0,KRX,,13,NS,,9,1,VCT Emea
3,Haven,MaKo,KRX,Omen,1.3,232.0,17,12,8,5,91.0,139.0,17.0,4.0,3.0,1.0,KRX,,13,NS,,9,1,VCT Emea
3,Haven,free1ng,KRX,Neon,1.14,219.0,18,14,4,4,86.0,140.0,28.0,1.0,1.0,0.0,KRX,,13,NS,,9,1,VCT Emea
3,Haven,HYUNMIN,KRX,Jett,0.96,211.0,15,16,5,-1,77.0,141.0,18.0,2.0,2.0,0.0,KRX,,13,NS,,9,1,VCT Emea
3,Haven,BeYN,KRX,Sova,0.87,152.0,12,14,6,-2,68.0,94.0,29.0,1.0,3.0,-2.0,KRX,,13,NS,,9,1,VCT Emea
3,Haven,Rb,NS,Omen,1.39,239.0,20,14,10,6,73.0,139.0,19.0,1.0,1.0,0.0,KRX,,13,NS,,9,0,VCT Emea
3,Haven,Dambi,NS,Neon,0.98,227.0,15,19,12,-4,86.0,153.0,28.0,4.0,3.0,1.0,KRX,,13,NS,,9,0,VCT Emea
3,Haven,Xross,NS,Sova,0.87,156.0,12,14,7,-2,73.0,103.0,27.0,0.0,2.0,-2.0,KRX,,13,NS,,9,0,VCT Emea
3,Haven,Francis,NS,Yoru,0.56,158.0,10,20,8,-10,50.0,102.0,9.0,4.0,3.0,1.0,KRX,,13,NS,,9,0,VCT Emea
3,Haven,Ivy,NS,Killjoy,0.53,136.0,10,16,4,-6,68.0,89.0,21.0,3.0,1.0,2.0,KRX,,13,NS,,9,0,VCT Emea
0,Breeze,d4v41,PRX,Viper,1.18,287.0,22,17,2,5,55.0,201.0,41.0,3.0,0.0,3.0,PRX,,9,GE,,13,0,VCT Emea
0,Breeze,invy,PRX,Sova,0.97,170.0,12,17,5,-5,82.0,107.0,30.0,1.0,1.0,0.0,PRX,,9,GE,,13,0,VCT Emea
0,Breeze,something,PRX,Jett,0.97,193.0,14,15,2,-1,50.0,139.0,16.0,2.0,3.0,-1.0,PRX,,9,GE,,13,0,VCT Emea
0,Breeze,f0rsakeN,PRX,Neon,0.76,174.0,14,16,0,-2,55.0,101.0,18.0,4.0,6.0,-2.0,PRX,,9,GE,,13,0,VCT Emea
0,Breeze,Jinggg,PRX,Omen,0.54,123.0,10,17,3,-7,59.0,83.0,23.0,1.0,1.0,0.0,PRX,,9,GE,,13,0,VCT Emea
0,Breeze,Autumn,GE,Chamber,1.39,250.0,22,13,1,9,77.0,148.0,24.0,7.0,1.0,6.0,PRX,,9,GE,,13,1,VCT Emea
0,Breeze,UdoTan,GE,Neon,1.19,272.0,22,17,3,5,82.0,163.0,16.0,3.0,3.0,0.0,PRX,,9,GE,,13,1,VCT Emea
0,Breeze,xavi8k,GE,Sage,1.17,201.0,16,12,5,4,59.0,132.0,28.0,0.0,0.0,0.0,PRX,,9,GE,,13,1,VCT Emea
0,Breeze,Kr1stal,GE,Sova,0.85,152.0,10,13,6,-3,77.0,111.0,16.0,0.0,1.0,-1.0,PRX,,9,GE,,13,1,VCT Emea
0,Breeze,PatMen,GE,Viper,0.68,167.0,12,17,4,-5,64.0,122.0,36.0,1.0,6.0,-5.0,PRX,,9,GE,,13,1,VCT Emea
2,Lotus,invy,PRX,Skye,1.43,203.0,15,8,11,7,84.0,128.0,26.0,1.0,1.0,0.0,PRX,,13,GE,,6,1,VCT Emea
2,Lotus,Jinggg,PRX,Raze,1.43,257.0,18,10,3,8,89.0,172.0,20.0,4.0,0.0,4.0,PRX,,13,GE,,6,1,VCT Emea
2,Lotus,something,PRX,Jett,1.36,232.0,16,10,4,6,89.0,154.0,20.0,3.0,2.0,1.0,PRX,,13,GE,,6,1,VCT Emea
2,Lotus,d4v41,PRX,Vyse,1.23,214.0,14,11,11,3,74.0,149.0,56.0,3.0,1.0,2.0,PRX,,13,GE,,6,1,VCT Emea
2,Lotus,f0rsakeN,PRX,Omen,0.84,171.0,11,13,13,-2,74.0,123.0,21.0,2.0,2.0,0.0,PRX,,13,GE,,6,1,VCT Emea
2,Lotus,Kr1stal,GE,Vyse,1.13,262.0,17,15,2,2,68.0,173.0,22.0,3.0,1.0,2.0,PRX,,13,GE,,6,0,VCT Emea
2,Lotus,Autumn,GE,Viper,0.91,176.0,10,15,6,-5,58.0,115.0,37.0,2.0,1.0,1.0,PRX,,13,GE,,6,0,VCT Emea
2,Lotus,UdoTan,GE,Neon,0.69,126.0,9,13,2,-4,53.0,80.0,50.0,0.0,5.0,-5.0,PRX,,13,GE,,6,0,VCT Emea
2,Lotus,xavi8k,GE,Fade,0.63,130.0,9,15,2,-6,63.0,84.0,36.0,0.0,2.0,-2.0,PRX,,13,GE,,6,0,VCT Emea
2,Lotus,PatMen,GE,Omen,0.47,124.0,7,16,4,-9,42.0,78.0,41.0,1.0,4.0,-3.0,PRX,,13,GE,,6,0,VCT Emea
3,Pearl,f0rsakeN,PRX,Astra,1.16,230.0,15,14,11,1,78.0,135.0,21.0,1.0,1.0,0.0,PRX,,5,GE,,13,0,VCT Emea
3,Pearl,something,PRX,Jett,0.81,202.0,13,15,0,-2,56.0,131.0,32.0,5.0,2.0,3.0,PRX,,5,GE,,13,0,VCT Emea
3,Pearl,Jinggg,PRX,Phoenix,0.75,181.0,10,15,6,-5,44.0,125.0,21.0,2.0,2.0,0.0,PRX,,5,GE,,13,0,VCT Emea
3,Pearl,d4v41,PRX,Vyse,0.61,163.0,9,17,6,-8,61.0,104.0,20.0,1.0,2.0,-1.0,PRX,,5,GE,,13,0,VCT Emea
3,Pearl,invy,PRX,Fade,0.37,95.0,4,16,6,-12,44.0,61.0,21.0,2.0,0.0,2.0,PRX,,5,GE,,13,0,VCT Emea
3,Pearl,Autumn,GE,Phoenix,1.58,271.0,18,10,8,8,83.0,173.0,33.0,2.0,0.0,2.0,PRX,,5,GE,,13,1,VCT Emea
3,Pearl,PatMen,GE,Fade,1.49,302.0,20,12,6,8,78.0,208.0,29.0,2.0,3.0,-1.0,PRX,,5,GE,,13,1,VCT Emea
3,Pearl,Kr1stal,GE,Killjoy,1.33,228.0,16,10,1,6,83.0,160.0,33.0,0.0,1.0,-1.0,PRX,,5,GE,,13,1,VCT Emea
3,Pearl,UdoTan,GE,Neon,1.14,241.0,15,10,5,5,89.0,162.0,30.0,1.0,3.0,-2.0,PRX,,5,GE,,13,1,VCT Emea
3,Pearl,xavi8k,GE,Astra,0.91,137.0,8,9,6,-1,67.0,85.0,28.0,2.0,4.0,-2.0,PRX,,5,GE,,13,1,VCT Emea
0,Pearl,Meteor,T1,Killjoy,1.12,287.0,20,18,4,2,77.0,190.0,36.0,2.0,4.0,-2.0,T1,,9,FS,,13,0,VCT Emea
0,Pearl,iZu,T1,Tejo,1.06,170.0,15,15,2,0,59.0,108.0,21.0,1.0,1.0,0.0,T1,,9,FS,,13,0,VCT Emea
0,Pearl,stax,T1,Sova,0.8,148.0,10,15,4,-5,64.0,117.0,33.0,1.0,0.0,1.0,T1,,9,FS,,13,0,VCT Emea
0,Pearl,BuZz,T1,Neon,0.78,191.0,13,18,5,-5,68.0,136.0,27.0,5.0,5.0,0.0,T1,,9,FS,,13,0,VCT Emea
0,Pearl,Munchkin,T1,Astra,0.74,116.0,8,16,7,-8,68.0,83.0,23.0,0.0,3.0,-3.0,T1,,9,FS,,13,0,VCT Emea
0,Pearl,Killua,FS,Fade,1.25,221.0,19,10,4,9,86.0,141.0,26.0,1.0,2.0,-1.0,T1,,9,FS,,13,1,VCT Emea
0,Pearl,primmie,FS,Jett,1.21,269.0,20,17,4,3,82.0,147.0,11.0,8.0,5.0,3.0,T1,,9,FS,,13,1,VCT Emea
0,Pearl,JitBoyS,FS,Phoenix,1.16,239.0,19,14,5,5,77.0,162.0,27.0,1.0,0.0,1.0,T1,,9,FS,,13,1,VCT Emea
0,Pearl,Crws,FS,Vyse,0.97,191.0,14,13,9,1,77.0,130.0,19.0,3.0,2.0,1.0,T1,,9,FS,,13,1,VCT Emea
0,Pearl,Leviathan,FS,Astra,0.75,117.0,10,12,5,-2,77.0,80.0,47.0,0.0,0.0,0.0,T1,,9,FS,,13,1,VCT Emea
2,Lotus,stax,T1,Fade,1.0,226.0,17,16,2,1,62.0,135.0,32.0,3.0,1.0,2.0,T1,,8,FS,,13,0,VCT Emea
2,Lotus,Munchkin,T1,Omen,0.96,175.0,14,15,8,-1,76.0,110.0,13.0,2.0,2.0,0.0,T1,,8,FS,,13,0,VCT Emea
2,Lotus,Meteor,T1,Viper,0.72,187.0,12,19,10,-7,62.0,122.0,21.0,3.0,2.0,1.0,T1,,8,FS,,13,0,VCT Emea
2,Lotus,iZu,T1,Killjoy,0.7,148.0,10,14,4,-4,62.0,99.0,17.0,3.0,3.0,0.0,T1,,8,FS,,13,0,VCT Emea
2,Lotus,BuZz,T1,Neon,0.67,168.0,12,18,4,-6,62.0,100.0,15.0,1.0,1.0,0.0,T1,,8,FS,,13,0,VCT Emea
2,Lotus,Leviathan,FS,Omen,1.48,277.0,21,11,6,10,81.0,172.0,37.0,2.0,1.0,1.0,T1,,8,FS,,13,1,VCT Emea
2,Lotus,primmie,FS,Jett,1.47,302.0,23,13,2,10,81.0,164.0,34.0,5.0,2.0,3.0,T1,,8,FS,,13,1,VCT Emea
2,Lotus,JitBoyS,FS,Raze,1.21,237.0,19,14,2,5,76.0,149.0,21.0,1.0,3.0,-2.0,T1,,8,FS,,13,1,VCT Emea
2,Lotus,Killua,FS,Skye,0.84,158.0,11,14,13,-3,95.0,104.0,31.0,1.0,3.0,-2.0,T1,,8,FS,,13,1,VCT Emea
2,Lotus,Crws,FS,Vyse,0.7,111.0,8,13,4,-5,62.0,90.0,25.0,0.0,3.0,-3.0,T1,,8,FS,,13,1,VCT Emea
0,Haven,BuZz,T1,Neon,1.55,300.0,23,9,4,14,84.0,171.0,24.0,6.0,2.0,4.0,T1,,13,RRQ,,6,1,VCT Emea
0,Haven,iZu,T1,Chamber,1.24,178.0,14,6,1,8,89.0,112.0,19.0,2.0,1.0,1.0,T1,,13,RRQ,,6,1,VCT Emea
0,Haven,stax,T1,Sova,1.21,162.0,11,7,7,4,84.0,129.0,38.0,1.0,0.0,1.0,T1,,13,RRQ,,6,1,VCT Emea
0,Haven,Munchkin,T1,Omen,0.92,163.0,11,12,8,-1,79.0,102.0,15.0,0.0,1.0,-1.0,T1,,13,RRQ,,6,1,VCT Emea
0,Haven,Meteor,T1,Phoenix,0.89,211.0,12,15,6,-3,79.0,135.0,30.0,4.0,2.0,2.0,T1,,13,RRQ,,6,1,VCT Emea
0,Haven,xffero,RRQ,Cypher,1.09,183.0,13,12,2,1,68.0,125.0,31.0,0.0,2.0,-2.0,T1,,13,RRQ,,6,0,VCT Emea
0,Haven,Kushy,RRQ,Sova,0.97,192.0,12,14,7,-2,63.0,145.0,31.0,0.0,0.0,0.0,T1,,13,RRQ,,6,0,VCT Emea
0,Haven,Jemkin,RRQ,Waylay,0.9,146.0,9,13,6,-4,63.0,106.0,28.0,2.0,5.0,-3.0,T1,,13,RRQ,,6,0,VCT Emea
0,Haven,Monyet,RRQ,Neon,0.83,211.0,11,16,6,-5,68.0,146.0,21.0,2.0,5.0,-3.0,T1,,13,RRQ,,6,0,VCT Emea
0,Haven,crazyguy,RRQ,Omen,0.49,109.0,4,16,11,-12,53.0,80.0,22.0,2.0,1.0,1.0,T1,,13,RRQ,,6,0,VCT Emea
2,Lotus,stax,T1,Fade,1.07,200.0,16,15,8,1,70.0,122.0,21.0,2.0,1.0,1.0,T1,,10,RRQ,,13,0,VCT Emea
2,Lotus,Meteor,T1,Viper,1.03,190.0,16,15,4,1,74.0,129.0,55.0,2.0,1.0,1.0,T1,,10,RRQ,,13,0,VCT Emea
2,Lotus,BuZz,T1,Neon,0.89,211.0,17,18,3,-1,48.0,128.0,38.0,3.0,4.0,-1.0,T1,,10,RRQ,,13,0,VCT Emea
2,Lotus,Munchkin,T1,Omen,0.75,155.0,11,17,6,-6,70.0,99.0,13.0,3.0,4.0,-1.0,T1,,10,RRQ,,13,0,VCT Emea
2,Lotus,iZu,T1,Killjoy,0.65,139.0,11,17,2,-6,61.0,94.0,14.0,2.0,1.0,1.0,T1,,10,RRQ,,13,0,VCT Emea
2,Lotus,Monyet,RRQ,Neon,1.56,324.0,29,14,8,15,83.0,197.0,24.0,3.0,1.0,2.0,T1,,10,RRQ,,13,1,VCT Emea
2,Lotus,crazyguy,RRQ,Omen,1.02,143.0,10,12,13,-2,78.0,101.0,38.0,0.0,3.0,-3.0,T1,,10,RRQ,,13,1,VCT Emea
2,Lotus,xffero,RRQ,Viper,1.01,171.0,12,14,7,-2,83.0,125.0,22.0,0.0,1.0,-1.0,T1,,10,RRQ,,13,1,VCT Emea
2,Lotus,Jemkin,RRQ,Chamber,0.91,207.0,18,15,0,3,57.0,117.0,36.0,7.0,7.0,0.0,T1,,10,RRQ,,13,1,VCT Emea
2,Lotus,Kushy,RRQ,Fade,0.91,165.0,13,16,5,-3,87.0,104.0,18.0,1.0,0.0,1.0,T1,,10,RRQ,,13,1,VCT Emea
3,Breeze,stax,T1,Kayo,1.79,318.0,22,10,8,12,89.0,207.0,35.0,3.0,1.0,2.0,T1,,13,RRQ,,5,1,VCT Emea
3,Breeze,iZu,T1,Sova,1.6,271.0,17,7,9,10,94.0,191.0,32.0,1.0,2.0,-1.0,T1,,13,RRQ,,5,1,VCT Emea
3,Breeze,BuZz,T1,Neon,1.42,324.0,21,11,4,10,72.0,183.0,16.0,5.0,1.0,4.0,T1,,13,RRQ,,5,1,VCT Emea
3,Breeze,Munchkin,T1,Harbor,0.89,124.0,8,9,10,-1,61.0,85.0,10.0,0.0,1.0,-1.0,T1,,13,RRQ,,5,1,VCT Emea
3,Breeze,Meteor,T1,Viper,0.59,122.0,8,12,3,-4,78.0,82.0,35.0,2.0,2.0,0.0,T1,,13,RRQ,,5,1,VCT Emea
3,Breeze,Monyet,RRQ,Harbor,1.01,173.0,11,14,5,-3,61.0,111.0,24.0,0.0,1.0,-1.0,T1,,13,RRQ,,5,0,VCT Emea
3,Breeze,Kushy,RRQ,Sova,0.78,150.0,9,14,5,-5,67.0,107.0,25.0,0.0,1.0,-1.0,T1,,13,RRQ,,5,0,VCT Emea
3,Breeze,crazyguy,RRQ,Kayo,0.77,184.0,10,16,7,-6,61.0,120.0,29.0,2.0,3.0,-1.0,T1,,13,RRQ,,5,0,VCT Emea
3,Breeze,xffero,RRQ,Viper,0.67,152.0,8,16,6,-8,56.0,100.0,35.0,4.0,1.0,3.0,T1,,13,RRQ,,5,0,VCT Emea
3,Breeze,Jemkin,RRQ,Neon,0.61,142.0,11,16,0,-5,39.0,103.0,30.0,1.0,5.0,-4.0,T1,,13,RRQ,,5,0,VCT Emea
0,Ascent,f0rsakeN,PRX,Omen,1.42,284.0,21,14,17,7,86.0,164.0,26.0,3.0,0.0,3.0,PRX,,13,KRX,,8,1,VCT Emea
0,Ascent,something,PRX,Yoru,1.41,246.0,20,10,1,10,76.0,144.0,16.0,6.0,4.0,2.0,PRX,,13,KRX,,8,1,VCT Emea
0,Ascent,d4v41,PRX,Vyse,1.35,241.0,20,10,2,10,76.0,172.0,44.0,1.0,2.0,-1.0,PRX,,13,KRX,,8,1,VCT Emea
0,Ascent,invy,PRX,Sova,1.16,233.0,16,13,8,3,86.0,168.0,24.0,3.0,0.0,3.0,PRX,,13,KRX,,8,1,VCT Emea
0,Ascent,Jinggg,PRX,Sage,0.8,145.0,10,14,9,-4,67.0,113.0,38.0,1.0,1.0,0.0,PRX,,13,KRX,,8,1,VCT Emea
0,Ascent,MaKo,KRX,Omen,1.08,218.0,16,17,4,-1,62.0,140.0,43.0,2.0,2.0,0.0,PRX,,13,KRX,,8,0,VCT Emea
0,Ascent,HYUNMIN,KRX,Jett,1.01,244.0,16,17,3,-1,67.0,150.0,27.0,2.0,5.0,-3.0,PRX,,13,KRX,,8,0,VCT Emea
0,Ascent,yong,KRX,Vyse,0.78,190.0,13,19,3,-6,62.0,130.0,31.0,1.0,1.0,0.0,PRX,,13,KRX,,8,0,VCT Emea
0,Ascent,free1ng,KRX,Waylay,0.58,121.0,9,17,1,-8,52.0,74.0,17.0,1.0,3.0,-2.0,PRX,,13,KRX,,8,0,VCT Emea
0,Ascent,BeYN,KRX,Sova,0.38,94.0,7,17,2,-10,48.0,67.0,53.0,1.0,3.0,-2.0,PRX,,13,KRX,,8,0,VCT Emea
2,Breeze,something,PRX,Jett,1.23,210.0,13,10,3,3,67.0,140.0,20.0,4.0,3.0,1.0,PRX,,5,KRX,,13,0,VCT Emea
2,Breeze,d4v41,PRX,Viper,1.0,216.0,13,12,3,1,67.0,146.0,15.0,2.0,2.0,0.0,PRX,,5,KRX,,13,0,VCT Emea
2,Breeze,f0rsakeN,PRX,Neon,0.58,164.0,10,15,3,-5,50.0,107.0,10.0,1.0,4.0,-3.0,PRX,,5,KRX,,13,0,VCT Emea
2,Breeze,invy,PRX,Sova,0.56,138.0,7,14,3,-7,50.0,99.0,28.0,1.0,0.0,1.0,PRX,,5,KRX,,13,0,VCT Emea
2,Breeze,Jinggg,PRX,Omen,0.5,121.0,7,16,6,-9,61.0,77.0,39.0,1.0,0.0,1.0,PRX,,5,KRX,,13,0,VCT Emea
2,Breeze,BeYN,KRX,Kayo,1.39,191.0,10,8,11,2,83.0,120.0,23.0,0.0,1.0,-1.0,PRX,,5,KRX,,13,1,VCT Emea
2,Breeze,MaKo,KRX,Viper,1.27,242.0,16,11,4,5,78.0,156.0,25.0,2.0,3.0,-1.0,PRX,,5,KRX,,13,1,VCT Emea
2,Breeze,free1ng,KRX,Sova,1.21,251.0,17,9,3,8,94.0,164.0,23.0,3.0,1.0,2.0,PRX,,5,KRX,,13,1,VCT Emea
2,Breeze,HYUNMIN,KRX,Jett,1.14,209.0,15,12,1,3,56.0,145.0,40.0,3.0,3.0,0.0,PRX,,5,KRX,,13,1,VCT Emea
2,Breeze,yong,KRX,Harbor,0.9,155.0,9,10,7,-1,78.0,115.0,31.0,1.0,1.0,0.0,PRX,,5,KRX,,13,1,VCT Emea
3,Split,d4v41,PRX,Viper,1.87,237.0,13,2,2,11,93.0,141.0,25.0,3.0,0.0,3.0,PRX,,13,KRX,,1,1,VCT Emea
3,Split,Jinggg,PRX,Raze,1.64,328.0,19,8,0,11,86.0,183.0,21.0,2.0,2.0,0.0,PRX,,13,KRX,,1,1,VCT Emea
3,Split,invy,PRX,Skye,1.47,220.0,12,6,7,6,79.0,171.0,22.0,1.0,0.0,1.0,PRX,,13,KRX,,1,1,VCT Emea
3,Split,something,PRX,Jett,1.16,239.0,12,7,5,5,79.0,159.0,21.0,1.0,2.0,-1.0,PRX,,13,KRX,,1,1,VCT Emea
3,Split,f0rsakeN,PRX,Omen,1.01,147.0,7,7,5,0,93.0,90.0,21.0,2.0,1.0,1.0,PRX,,13,KRX,,1,1,VCT Emea
3,Split,BeYN,KRX,Skye,0.65,156.0,7,13,3,-6,57.0,92.0,21.0,3.0,2.0,1.0,PRX,,13,KRX,,1,0,VCT Emea
3,Split,MaKo,KRX,Astra,0.65,171.0,7,12,3,-5,57.0,118.0,27.0,0.0,1.0,-1.0,PRX,,13,KRX,,1,0,VCT Emea
3,Split,yong,KRX,Vyse,0.62,173.0,8,13,1,-5,64.0,121.0,35.0,0.0,0.0,0.0,PRX,,13,KRX,,1,0,VCT Emea
3,Split,free1ng,KRX,Raze,0.48,137.0,4,13,6,-9,50.0,107.0,18.0,2.0,2.0,0.0,PRX,,13,KRX,,1,0,VCT Emea
3,Split,HYUNMIN,KRX,Jett,0.22,73.0,4,12,2,-8,36.0,49.0,27.0,0.0,4.0,-4.0,PRX,,13,KRX,,1,0,VCT Emea
0,Split,Autumn,GE,Viper,1.16,249.0,22,19,3,3,71.0,167.0,38.0,5.0,3.0,2.0,GE,,11,FS,,13,0,VCT Emea
0,Split,PatMen,GE,Omen,1.11,236.0,19,19,7,0,63.0,172.0,37.0,3.0,5.0,-2.0,GE,,11,FS,,13,0,VCT Emea
0,Split,Kr1stal,GE,Fade,0.77,135.0,10,17,9,-7,71.0,94.0,20.0,0.0,0.0,0.0,GE,,11,FS,,13,0,VCT Emea
0,Split,xavi8k,GE,Sage,0.71,115.0,10,17,8,-7,71.0,79.0,23.0,3.0,2.0,1.0,GE,,11,FS,,13,0,VCT Emea
0,Split,UdoTan,GE,Raze,0.69,169.0,14,20,2,-6,63.0,126.0,20.0,3.0,1.0,2.0,GE,,11,FS,,13,0,VCT Emea
0,Split,primmie,FS,Jett,1.31,284.0,25,17,3,8,63.0,159.0,26.0,7.0,6.0,1.0,GE,,11,FS,,13,1,VCT Emea
0,Split,Killua,FS,Skye,1.15,161.0,15,13,12,2,71.0,106.0,38.0,0.0,2.0,-2.0,GE,,11,FS,,13,1,VCT Emea
0,Split,JitBoyS,FS,Raze,1.09,245.0,20,16,6,4,88.0,163.0,15.0,2.0,3.0,-1.0,GE,,11,FS,,13,1,VCT Emea
0,Split,Leviathan,FS,Omen,1.02,195.0,17,15,10,2,71.0,139.0,34.0,0.0,1.0,-1.0,GE,,11,FS,,13,1,VCT Emea
0,Split,Crws,FS,Viper,0.96,172.0,14,14,6,0,83.0,115.0,20.0,1.0,1.0,0.0,GE,,11,FS,,13,1,VCT Emea
2,Breeze,Autumn,GE,Chamber,1.04,185.0,15,14,1,1,62.0,119.0,26.0,2.0,3.0,-1.0,GE,,8,FS,,13,0,VCT Emea
2,Breeze,PatMen,GE,Viper,0.83,213.0,16,18,2,-2,52.0,138.0,38.0,2.0,2.0,0.0,GE,,8,FS,,13,0,VCT Emea
2,Breeze,Kr1stal,GE,Sova,0.79,180.0,12,18,4,-6,48.0,150.0,32.0,2.0,0.0,2.0,GE,,8,FS,,13,0,VCT Emea
2,Breeze,xavi8k,GE,Sage,0.69,150.0,10,17,4,-7,71.0,101.0,18.0,1.0,2.0,-1.0,GE,,8,FS,,13,0,VCT Emea
2,Breeze,UdoTan,GE,Neon,0.34,121.0,8,18,4,-10,57.0,81.0,20.0,2.0,5.0,-3.0,GE,,8,FS,,13,0,VCT Emea
2,Breeze,primmie,FS,Jett,1.52,315.0,24,15,8,9,81.0,203.0,33.0,3.0,2.0,1.0,GE,,8,FS,,13,1,VCT Emea
2,Breeze,Killua,FS,Sova,1.29,252.0,18,13,6,5,90.0,167.0,41.0,3.0,1.0,2.0,GE,,8,FS,,13,1,VCT Emea
2,Breeze,JitBoyS,FS,Neon,1.22,198.0,17,11,3,6,76.0,127.0,29.0,2.0,3.0,-1.0,GE,,8,FS,,13,1,VCT Emea
2,Breeze,Leviathan,FS,Omen,1.19,201.0,16,12,7,4,81.0,129.0,44.0,2.0,1.0,1.0,GE,,8,FS,,13,1,VCT Emea
2,Breeze,Crws,FS,Viper,0.9,146.0,10,10,4,0,76.0,100.0,20.0,2.0,2.0,0.0,GE,,8,FS,,13,1,VCT Emea
0,Split,iZu,T1,Raze,1.02,205.0,18,17,0,1,59.0,144.0,16.0,2.0,2.0,0.0,T1,,9,PRX,,13,0,VCT Emea
0,Split,BuZz,T1,Neon,0.96,225.0,17,18,6,-1,73.0,149.0,15.0,2.0,1.0,1.0,T1,,9,PRX,,13,0,VCT Emea
0,Split,stax,T1,Fade,0.93,166.0,13,14,7,-1,73.0,103.0,15.0,1.0,0.0,1.0,T1,,9,PRX,,13,0,VCT Emea
0,Split,Meteor,T1,Viper,0.87,178.0,12,16,3,-4,59.0,139.0,35.0,2.0,5.0,-3.0,T1,,9,PRX,,13,0,VCT Emea
0,Split,Munchkin,T1,Omen,0.38,79.0,5,17,5,-12,50.0,47.0,12.0,1.0,6.0,-5.0,T1,,9,PRX,,13,0,VCT Emea
0,Split,something,PRX,Jett,1.63,300.0,25,12,1,13,77.0,170.0,32.0,6.0,2.0,4.0,T1,,9,PRX,,13,1,VCT Emea
0,Split,Jinggg,PRX,Raze,1.2,214.0,18,12,5,6,77.0,148.0,20.0,1.0,3.0,-2.0,T1,,9,PRX,,13,1,VCT Emea
0,Split,f0rsakeN,PRX,Omen,1.04,146.0,13,11,5,2,68.0,89.0,12.0,0.0,2.0,-2.0,T1,,9,PRX,,13,1,VCT Emea
0,Split,invy,PRX,Skye,0.99,230.0,16,16,9,0,64.0,171.0,25.0,3.0,1.0,2.0,T1,,9,PRX,,13,1,VCT Emea
0,Split,d4v41,PRX,Viper,0.87,150.0,10,14,7,-4,68.0,101.0,12.0,4.0,0.0,4.0,T1,,9,PRX,,13,1,VCT Emea
2,Ascent,iZu,T1,Sova,1.25,227.0,21,14,2,7,74.0,145.0,23.0,2.0,0.0,2.0,T1,,13,PRX,,10,1,VCT Emea
2,Ascent,Munchkin,T1,Omen,1.02,189.0,15,14,8,1,74.0,116.0,19.0,1.0,4.0,-3.0,T1,,13,PRX,,10,1,VCT Emea
2,Ascent,stax,T1,Kayo,1.0,171.0,14,14,11,0,78.0,106.0,21.0,2.0,0.0,2.0,T1,,13,PRX,,10,1,VCT Emea
2,Ascent,BuZz,T1,Jett,0.99,239.0,18,18,6,0,57.0,141.0,20.0,6.0,5.0,1.0,T1,,13,PRX,,10,1,VCT Emea
2,Ascent,Meteor,T1,Killjoy,0.96,194.0,15,15,5,0,70.0,151.0,31.0,0.0,3.0,-3.0,T1,,13,PRX,,10,1,VCT Emea
2,Ascent,invy,PRX,Sova,1.15,259.0,17,17,9,0,74.0,191.0,30.0,2.0,1.0,1.0,T1,,13,PRX,,10,0,VCT Emea
2,Ascent,something,PRX,Yoru,1.11,203.0,16,14,6,2,61.0,126.0,19.0,5.0,2.0,3.0,T1,,13,PRX,,10,0,VCT Emea
2,Ascent,d4v41,PRX,Vyse,1.06,225.0,19,20,4,-1,65.0,162.0,33.0,2.0,3.0,-1.0,T1,,13,PRX,,10,0,VCT Emea
2,Ascent,Jinggg,PRX,Sage,0.89,143.0,11,14,9,-3,70.0,88.0,12.0,1.0,1.0,0.0,T1,,13,PRX,,10,0,VCT Emea
2,Ascent,f0rsakeN,PRX,Omen,0.72,147.0,12,18,8,-6,70.0,91.0,17.0,2.0,4.0,-2.0,T1,,13,PRX,,10,0,VCT Emea
3,Breeze,BuZz,T1,Neon,1.0,246.0,19,17,3,2,67.0,140.0,23.0,5.0,5.0,0.0,T1,,8,PRX,,13,0,VCT Emea
3,Breeze,stax,T1,Kayo,0.88,191.0,13,18,8,-5,62.0,132.0,24.0,1.0,2.0,-1.0,T1,,8,PRX,,13,0,VCT Emea
3,Breeze,iZu,T1,Sova,0.76,120.0,9,15,4,-6,57.0,84.0,40.0,1.0,2.0,-1.0,T1,,8,PRX,,13,0,VCT Emea
3,Breeze,Meteor,T1,Viper,0.7,145.0,11,16,7,-5,48.0,97.0,27.0,1.0,1.0,0.0,T1,,8,PRX,,13,0,VCT Emea
3,Breeze,Munchkin,T1,Harbor,0.62,122.0,9,17,5,-8,67.0,71.0,7.0,0.0,3.0,-3.0,T1,,8,PRX,,13,0,VCT Emea
3,Breeze,something,PRX,Jett,1.45,304.0,22,12,5,10,76.0,204.0,21.0,1.0,1.0,0.0,T1,,8,PRX,,13,1,VCT Emea
3,Breeze,Jinggg,PRX,Omen,1.27,213.0,16,12,6,4,71.0,150.0,48.0,4.0,2.0,2.0,T1,,8,PRX,,13,1,VCT Emea
3,Breeze,d4v41,PRX,Viper,1.18,195.0,15,12,3,3,81.0,137.0,40.0,3.0,0.0,3.0,T1,,8,PRX,,13,1,VCT Emea
3,Breeze,invy,PRX,Sova,1.06,160.0,13,12,4,1,86.0,136.0,54.0,3.0,1.0,2.0,T1,,8,PRX,,13,1,VCT Emea
3,Breeze,f0rsakeN,PRX,Neon,1.04,219.0,17,13,8,4,71.0,128.0,13.0,2.0,4.0,-2.0,T1,,8,PRX,,13,1,VCT Emea
0,Haven,Autumn,GE,Iso,1.19,253.0,16,15,3,1,79.0,162.0,24.0,0.0,3.0,-3.0,GE,,6,PRX,,13,0,VCT Emea
0,Haven,UdoTan,GE,Neon,1.11,235.0,16,15,3,1,74.0,137.0,15.0,6.0,4.0,2.0,GE,,6,PRX,,13,0,VCT Emea
0,Haven,Kr1stal,GE,Vyse,0.73,179.0,12,16,2,-4,53.0,105.0,30.0,1.0,1.0,0.0,GE,,6,PRX,,13,0,VCT Emea
0,Haven,PatMen,GE,Omen,0.71,157.0,10,17,4,-7,74.0,107.0,34.0,2.0,1.0,1.0,GE,,6,PRX,,13,0,VCT Emea
0,Haven,xavi8k,GE,Sova,0.44,77.0,3,14,5,-11,58.0,65.0,5.0,0.0,1.0,-1.0,GE,,6,PRX,,13,0,VCT Emea
0,Haven,invy,PRX,Fade,1.44,273.0,18,11,8,7,68.0,190.0,36.0,1.0,2.0,-1.0,GE,,6,PRX,,13,1,VCT Emea
0,Haven,something,PRX,Jett,1.36,232.0,17,9,2,8,84.0,162.0,35.0,3.0,2.0,1.0,GE,,6,PRX,,13,1,VCT Emea
0,Haven,f0rsakeN,PRX,Omen,1.34,257.0,19,11,6,8,79.0,163.0,36.0,2.0,0.0,2.0,GE,,6,PRX,,13,1,VCT Emea
0,Haven,Jinggg,PRX,Phoenix,0.81,174.0,12,13,4,-1,74.0,116.0,41.0,1.0,4.0,-3.0,GE,,6,PRX,,13,1,VCT Emea
0,Haven,d4v41,PRX,Chamber,0.69,160.0,11,13,4,-2,58.0,107.0,32.0,3.0,1.0,2.0,GE,,6,PRX,,13,1,VCT Emea
2,Lotus,PatMen,GE,Fade,1.22,250.0,14,13,6,1,88.0,153.0,42.0,1.0,1.0,0.0,GE,,4,PRX,,13,0,VCT Emea
2,Lotus,UdoTan,GE,Sage,0.89,220.0,13,16,6,-3,76.0,123.0,63.0,4.0,1.0,3.0,GE,,4,PRX,,13,0,VCT Emea
2,Lotus,xavi8k,GE,Omen,0.82,198.0,12,14,5,-2,59.0,120.0,29.0,0.0,3.0,-3.0,GE,,4,PRX,,13,0,VCT Emea
2,Lotus,Autumn,GE,Cypher,0.57,148.0,9,15,3,-6,53.0,108.0,45.0,2.0,2.0,0.0,GE,,4,PRX,,13,0,VCT Emea
2,Lotus,Kr1stal,GE,Deadlock,0.34,134.0,8,17,2,-9,47.0,79.0,21.0,0.0,3.0,-3.0,GE,,4,PRX,,13,0,VCT Emea
2,Lotus,Jinggg,PRX,Raze,1.98,365.0,25,9,1,16,88.0,233.0,33.0,2.0,2.0,0.0,GE,,4,PRX,,13,1,VCT Emea
2,Lotus,invy,PRX,Skye,1.29,190.0,10,9,18,1,94.0,136.0,26.0,0.0,0.0,0.0,GE,,4,PRX,,13,1,VCT Emea
2,Lotus,something,PRX,Jett,1.23,283.0,18,12,3,6,76.0,160.0,18.0,6.0,3.0,3.0,GE,,4,PRX,,13,1,VCT Emea
2,Lotus,d4v41,PRX,Vyse,0.88,178.0,11,13,4,-2,59.0,113.0,28.0,2.0,1.0,1.0,GE,,4,PRX,,13,1,VCT Emea
2,Lotus,f0rsakeN,PRX,Omen,0.68,160.0,11,13,5,-2,76.0,106.0,26.0,0.0,1.0,-1.0,GE,,4,PRX,,13,1,VCT Emea
3,Ascent,Autumn,GE,Phoenix,1.28,289.0,25,19,3,6,79.0,165.0,25.0,5.0,4.0,1.0,GE,,11,PRX,,13,0,VCT Emea
3,Ascent,xavi8k,GE,Kayo,1.21,215.0,17,16,18,1,79.0,138.0,25.0,1.0,0.0,1.0,GE,,11,PRX,,13,0,VCT Emea
3,Ascent,UdoTan,GE,Sage,0.78,130.0,10,16,7,-6,71.0,98.0,31.0,0.0,2.0,-2.0,GE,,11,PRX,,13,0,VCT Emea
3,Ascent,Kr1stal,GE,Sova,0.77,212.0,18,21,3,-3,71.0,139.0,18.0,4.0,1.0,3.0,GE,,11,PRX,,13,0,VCT Emea
3,Ascent,PatMen,GE,Omen,0.73,166.0,14,20,11,-6,71.0,100.0,28.0,3.0,4.0,-1.0,GE,,11,PRX,,13,0,VCT Emea
3,Ascent,something,PRX,Yoru,1.63,321.0,28,14,2,14,83.0,217.0,31.0,3.0,1.0,2.0,GE,,11,PRX,,13,1,VCT Emea
3,Ascent,f0rsakeN,PRX,Omen,1.46,303.0,27,18,5,9,88.0,196.0,41.0,5.0,3.0,2.0,GE,,11,PRX,,13,1,VCT Emea
3,Ascent,Jinggg,PRX,Sage,1.15,195.0,17,16,16,1,83.0,144.0,35.0,1.0,1.0,0.0,GE,,11,PRX,,13,1,VCT Emea
3,Ascent,invy,PRX,Sova,0.87,145.0,12,15,7,-3,46.0,113.0,33.0,1.0,2.0,-1.0,GE,,11,PRX,,13,1,VCT Emea
3,Ascent,d4v41,PRX,Vyse,0.41,117.0,8,21,8,-13,71.0,92.0,25.0,1.0,6.0,-5.0,GE,,11,PRX,,13,1,VCT Emea
0,Pearl,Leviathan,FS,Astra,1.18,188.0,17,15,4,2,57.0,136.0,45.0,2.0,1.0,1.0,FS,,10,PRX,,13,0,VCT Emea
0,Pearl,JitBoyS,FS,Phoenix,1.03,226.0,19,17,6,2,70.0,164.0,35.0,2.0,4.0,-2.0,FS,,10,PRX,,13,0,VCT Emea
0,Pearl,Killua,FS,Fade,0.97,235.0,19,19,5,0,74.0,140.0,39.0,2.0,1.0,1.0,FS,,10,PRX,,13,0,VCT Emea
0,Pearl,Crws,FS,Vyse,0.61,166.0,13,19,5,-6,52.0,117.0,31.0,3.0,2.0,1.0,FS,,10,PRX,,13,0,VCT Emea
0,Pearl,primmie,FS,Jett,0.58,189.0,14,22,4,-8,65.0,126.0,28.0,3.0,3.0,0.0,FS,,10,PRX,,13,0,VCT Emea
0,Pearl,f0rsakeN,PRX,Astra,1.25,235.0,19,16,15,3,78.0,158.0,31.0,1.0,2.0,-1.0,FS,,10,PRX,,13,1,VCT Emea
0,Pearl,something,PRX,Jett,1.25,229.0,20,16,4,4,78.0,150.0,27.0,4.0,0.0,4.0,FS,,10,PRX,,13,1,VCT Emea
0,Pearl,invy,PRX,Fade,1.15,217.0,19,17,9,2,87.0,156.0,31.0,2.0,4.0,-2.0,FS,,10,PRX,,13,1,VCT Emea
0,Pearl,Jinggg,PRX,Phoenix,1.12,245.0,17,19,14,-2,87.0,161.0,32.0,4.0,2.0,2.0,FS,,10,PRX,,13,1,VCT Emea
0,Pearl,d4v41,PRX,Killjoy,1.11,185.0,17,14,3,3,74.0,138.0,30.0,0.0,4.0,-4.0,FS,,10,PRX,,13,1,VCT Emea
2,Lotus,Leviathan,FS,Omen,1.22,210.0,17,16,6,1,77.0,156.0,58.0,0.0,1.0,-1.0,FS,,9,PRX,,13,0,VCT Emea
2,Lotus,Crws,FS,Vyse,1.12,225.0,17,16,3,1,68.0,154.0,26.0,3.0,3.0,0.0,FS,,9,PRX,,13,0,VCT Emea
2,Lotus,primmie,FS,Jett,1.08,254.0,19,18,2,1,77.0,155.0,20.0,4.0,2.0,2.0,FS,,9,PRX,,13,0,VCT Emea
2,Lotus,Killua,FS,Skye,0.75,125.0,11,16,4,-5,68.0,92.0,39.0,0.0,3.0,-3.0,FS,,9,PRX,,13,0,VCT Emea
2,Lotus,JitBoyS,FS,Raze,0.23,108.0,7,20,4,-13,55.0,81.0,8.0,1.0,5.0,-4.0,FS,,9,PRX,,13,0,VCT Emea
2,Lotus,something,PRX,Jett,1.6,303.0,25,13,3,12,77.0,199.0,23.0,7.0,3.0,4.0,FS,,9,PRX,,13,1,VCT Emea
2,Lotus,invy,PRX,Skye,1.21,204.0,16,13,11,3,73.0,135.0,33.0,2.0,0.0,2.0,FS,,9,PRX,,13,1,VCT Emea
2,Lotus,d4v41,PRX,Vyse,0.96,170.0,15,13,4,2,77.0,128.0,31.0,0.0,1.0,-1.0,FS,,9,PRX,,13,1,VCT Emea
2,Lotus,f0rsakeN,PRX,Omen,0.95,222.0,17,17,9,0,86.0,143.0,19.0,4.0,1.0,3.0,FS,,9,PRX,,13,1,VCT Emea
2,Lotus,Jinggg,PRX,Raze,0.82,181.0,13,15,1,-2,77.0,139.0,17.0,1.0,3.0,-2.0,FS,,9,PRX,,13,1,VCT Emea
3,Fracture,JitBoyS,FS,Neon,1.19,206.0,17,16,6,1,74.0,128.0,31.0,2.0,1.0,1.0,FS,,10,PRX,,13,0,VCT Emea
3,Fracture,Crws,FS,Brimstone,1.08,215.0,18,16,10,2,87.0,137.0,16.0,1.0,2.0,-1.0,FS,,10,PRX,,13,0,VCT Emea
3,Fracture,Killua,FS,Fade,0.88,196.0,16,19,7,-3,87.0,128.0,19.0,3.0,1.0,2.0,FS,,10,PRX,,13,0,VCT Emea
3,Fracture,Leviathan,FS,Cypher,0.81,173.0,15,18,4,-3,57.0,113.0,42.0,1.0,3.0,-2.0,FS,,10,PRX,,13,0,VCT Emea
3,Fracture,primmie,FS,Phoenix,0.78,176.0,12,19,6,-7,65.0,117.0,21.0,5.0,4.0,1.0,FS,,10,PRX,,13,0,VCT Emea
3,Fracture,f0rsakeN,PRX,Neon,1.51,342.0,27,17,6,10,74.0,224.0,18.0,3.0,1.0,2.0,FS,,10,PRX,,13,1,VCT Emea
3,Fracture,d4v41,PRX,Killjoy,1.1,242.0,19,17,4,2,74.0,173.0,20.0,4.0,2.0,2.0,FS,,10,PRX,,13,1,VCT Emea
3,Fracture,Jinggg,PRX,Raze,1.02,208.0,17,15,7,2,70.0,152.0,19.0,1.0,4.0,-3.0,FS,,10,PRX,,13,1,VCT Emea
3,Fracture,something,PRX,Brimstone,0.88,117.0,12,13,6,-1,78.0,102.0,34.0,1.0,3.0,-2.0,FS,,10,PRX,,13,1,VCT Emea
3,Fracture,invy,PRX,Breach,0.81,162.0,13,16,9,-3,78.0,87.0,31.0,2.0,2.0,0.0,FS,,10,PRX,,13,1,VCT Emea
