Mapa,Jogador,Time,Agente,R,ACS,K,D,A,+/-,KAST,ADR,HS%,FK,FD,+/-_FK_FD,Time1,Score_T1,Time2,Score_T2,target,Impacto_Ofensivo,Impacto_Suporte,Impacto_Geral
Haven,Darker,LOUD,Viper,1.12,256.0,18,16,6,2,70.0,166.0,30.0,2.0,1.0,1.0,LOUD,7,C9,13,0,0.718,0.382,1.1
Haven,cauanzin,LOUD,Sova,0.98,209.0,15,13,3,2,75.0,152.0,26.0,0.0,1.0,-1.0,LOUD,7,C9,13,0,0.638,0.325,0.963
Haven,Virtyy,LOUD,Yoru,0.7,178.0,14,16,4,-2,55.0,102.0,35.0,2.0,3.0,-1.0,LOUD,7,C9,13,0,0.522,0.264,0.786
Haven,pANcada,LOUD,Omen,0.67,145.0,11,13,1,-2,65.0,99.0,27.0,0.0,3.0,-3.0,LOUD,7,C9,13,0,0.462,0.253,0.716
Haven,lukxo,LOUD,Killjoy,0.65,192.0,13,16,3,-3,60.0,125.0,35.0,4.0,4.0,0.0,LOUD,7,C9,13,0,0.534,0.264,0.798
Haven,OXY,C9,Neon,1.44,282.0,21,14,2,7,80.0,169.0,29.0,5.0,2.0,3.0,LOUD,7,C9,13,1,0.839,0.403,1.242
Haven,penny,C9,Viper,1.23,203.0,15,12,7,3,80.0,133.0,23.0,3.0,2.0,1.0,LOUD,7,C9,13,1,0.69,0.412,1.102
Haven,v1c,C9,Omen,1.04,198.0,14,13,7,1,80.0,139.0,26.0,1.0,2.0,-1.0,LOUD,7,C9,13,1,0.611,0.375,0.986
Haven,Xeppaa,C9,Sova,1.01,185.0,13,16,9,-3,90.0,125.0,21.0,0.0,0.0,0.0,LOUD,7,C9,13,1,0.52,0.438,0.958
Haven,Zellsis,C9,Killjoy,0.82,166.0,11,16,1,-5,70.0,124.0,20.0,3.0,2.0,1.0,LOUD,7,C9,13,1,0.48,0.308,0.787
Abyss,lukxo,LOUD,Chamber,1.46,297.0,27,16,3,11,75.0,175.0,34.0,4.0,2.0,2.0,LOUD,11,C9,13,0,0.855,0.392,1.247
Abyss,Darker,LOUD,Astra,0.95,166.0,15,16,8,-1,75.0,101.0,31.0,1.0,3.0,-2.0,LOUD,11,C9,13,0,0.542,0.36,0.902
Abyss,pANcada,LOUD,Harbor,0.81,114.0,11,13,9,-2,79.0,66.0,63.0,1.0,1.0,0.0,LOUD,11,C9,13,0,0.474,0.389,0.864
Abyss,cauanzin,LOUD,Sova,0.73,166.0,13,20,8,-7,67.0,116.0,29.0,0.0,5.0,-5.0,LOUD,11,C9,13,0,0.457,0.319,0.775
Abyss,Virtyy,LOUD,Yoru,0.69,170.0,13,19,3,-6,63.0,113.0,21.0,4.0,3.0,1.0,LOUD,11,C9,13,0,0.471,0.282,0.753
Abyss,penny,C9,Veto,1.26,214.0,19,14,7,5,83.0,151.0,26.0,3.0,5.0,-2.0,LOUD,11,C9,13,1,0.762,0.395,1.157
Abyss,Xeppaa,C9,Sova,1.15,213.0,19,14,6,5,79.0,137.0,29.0,0.0,0.0,0.0,LOUD,11,C9,13,1,0.715,0.401,1.116
Abyss,v1c,C9,Astra,1.07,219.0,17,16,8,1,83.0,124.0,22.0,5.0,1.0,4.0,LOUD,11,C9,13,1,0.652,0.434,1.086
Abyss,Zellsis,C9,Breach,0.9,161.0,12,17,13,-5,96.0,101.0,29.0,2.0,0.0,2.0,LOUD,11,C9,13,1,0.473,0.454,0.927
Abyss,OXY,C9,Waylay,0.84,190.0,17,18,2,-1,63.0,122.0,44.0,4.0,4.0,0.0,LOUD,11,C9,13,1,0.609,0.289,0.899
Bind,BABYBAY,G2,Chamber,1.6,284.0,26,12,2,14,75.0,181.0,13.0,4.0,2.0,2.0,G2,13,100T,11,1,0.827,0.394,1.22
Bind,trent,G2,Skye,1.19,193.0,17,15,9,2,67.0,131.0,32.0,1.0,1.0,0.0,G2,13,100T,11,1,0.655,0.41,1.065
Bind,valyn,G2,Brimstone,1.01,189.0,16,16,6,0,75.0,122.0,26.0,3.0,1.0,2.0,G2,13,100T,11,1,0.616,0.387,1.004
Bind,leaf,G2,Viper,0.72,162.0,13,19,3,-6,63.0,122.0,21.0,1.0,2.0,-1.0,G2,13,100T,11,1,0.447,0.268,0.715
Bind,jawgemo,G2,Waylay,0.48,161.0,12,21,6,-9,63.0,101.0,26.0,3.0,6.0,-3.0,G2,13,100T,11,1,0.44,0.264,0.705
Bind,Cryocells,100T,Chamber,1.41,258.0,24,14,2,10,71.0,164.0,20.0,3.0,4.0,-1.0,G2,13,100T,11,0,0.809,0.355,1.163
Bind,bang,100T,Viper,1.13,214.0,17,15,6,2,71.0,139.0,49.0,2.0,3.0,-1.0,G2,13,100T,11,0,0.698,0.358,1.056
Bind,Timotino,100T,Waylay,0.91,191.0,15,18,4,-3,63.0,135.0,26.0,1.0,2.0,-1.0,G2,13,100T,11,0,0.535,0.299,0.835
Bind,Asuna,100T,Brimstone,0.88,203.0,16,18,10,-2,71.0,118.0,26.0,4.0,1.0,3.0,G2,13,100T,11,0,0.576,0.405,0.981
Bind,vora,100T,Skye,0.59,142.0,11,19,6,-8,71.0,96.0,26.0,2.0,2.0,0.0,G2,13,100T,11,0,0.419,0.31,0.729
Corrode,leaf,G2,Fade,1.13,238.0,13,14,5,-1,75.0,152.0,26.0,2.0,0.0,2.0,G2,3,100T,13,0,0.628,0.398,1.027
Corrode,valyn,G2,Omen,0.77,198.0,11,14,2,-3,63.0,117.0,22.0,2.0,1.0,1.0,G2,3,100T,13,0,0.503,0.3,0.803
Corrode,BABYBAY,G2,Viper,0.49,93.0,5,12,1,-7,63.0,65.0,21.0,0.0,4.0,-4.0,G2,3,100T,13,0,0.326,0.231,0.557
Corrode,trent,G2,Tejo,0.39,109.0,3,14,4,-11,56.0,90.0,13.0,0.0,1.0,-1.0,G2,3,100T,13,0,0.335,0.252,0.587
Corrode,jawgemo,G2,Yoru,0.28,90.0,4,14,2,-10,50.0,64.0,22.0,0.0,6.0,-6.0,G2,3,100T,13,0,0.327,0.209,0.536
Corrode,Cryocells,100T,Veto,1.61,268.0,17,7,1,10,94.0,188.0,37.0,1.0,0.0,1.0,G2,3,100T,13,1,0.809,0.435,1.244
Corrode,vora,100T,Fade,1.57,280.0,17,8,2,9,88.0,193.0,36.0,5.0,1.0,4.0,G2,3,100T,13,1,0.846,0.429,1.274
Corrode,Asuna,100T,Sage,1.51,212.0,12,5,6,7,81.0,124.0,19.0,2.0,1.0,1.0,G2,3,100T,13,1,0.709,0.438,1.147
Corrode,bang,100T,Omen,1.09,137.0,8,7,9,1,88.0,77.0,33.0,1.0,0.0,1.0,G2,3,100T,13,1,0.527,0.452,0.979
Corrode,Timotino,100T,Waylay,1.01,229.0,14,9,4,5,75.0,142.0,15.0,3.0,2.0,1.0,G2,3,100T,13,1,0.698,0.347,1.045
Split,leaf,G2,Breach,1.82,328.0,26,14,11,12,81.0,213.0,47.0,2.0,1.0,1.0,G2,13,100T,8,1,0.865,0.471,1.336
Split,trent,G2,Fade,1.23,223.0,16,14,7,2,76.0,153.0,26.0,2.0,2.0,0.0,G2,13,100T,8,1,0.691,0.397,1.088
Split,jawgemo,G2,Waylay,1.03,214.0,16,17,6,-1,57.0,152.0,17.0,4.0,4.0,0.0,G2,13,100T,8,1,0.622,0.333,0.955
Split,valyn,G2,Omen,0.93,179.0,13,14,4,-1,76.0,109.0,23.0,0.0,2.0,-2.0,G2,13,100T,8,1,0.531,0.315,0.846
Split,BABYBAY,G2,Viper,0.72,167.0,11,16,11,-5,62.0,109.0,20.0,2.0,2.0,0.0,G2,13,100T,8,1,0.445,0.342,0.787
Split,bang,100T,Omen,1.19,225.0,17,15,9,2,81.0,147.0,43.0,1.0,1.0,0.0,G2,13,100T,8,0,0.694,0.433,1.126
Split,Cryocells,100T,Viper,1.15,273.0,20,16,5,4,81.0,189.0,28.0,3.0,1.0,2.0,G2,13,100T,8,0,0.796,0.401,1.197
Split,vora,100T,Skye,1.14,248.0,17,15,7,2,81.0,172.0,30.0,2.0,1.0,1.0,G2,13,100T,8,0,0.716,0.414,1.13
Split,Asuna,100T,Sage,0.86,167.0,12,16,11,-4,81.0,108.0,15.0,1.0,0.0,1.0,G2,13,100T,8,0,0.455,0.416,0.871
Split,Timotino,100T,Waylay,0.31,147.0,9,20,1,-11,52.0,96.0,32.0,4.0,7.0,-3.0,G2,13,100T,8,0,0.424,0.212,0.637
Abyss,Rossy,ENVY,Omen,1.04,204.0,17,14,5,3,73.0,124.0,27.0,2.0,0.0,2.0,ENVY,9,EG,13,0,0.664,0.385,1.049
Abyss,Inspire,ENVY,Viper,1.03,232.0,17,17,1,0,64.0,148.0,25.0,3.0,2.0,1.0,ENVY,9,EG,13,0,0.659,0.32,0.979
Abyss,keznit,ENVY,Iso,0.94,173.0,12,15,4,-3,77.0,111.0,37.0,3.0,3.0,0.0,ENVY,9,EG,13,0,0.544,0.335,0.879
Abyss,Eggsterr,ENVY,Yoru,0.82,185.0,15,16,1,-1,64.0,112.0,27.0,2.0,3.0,-1.0,ENVY,9,EG,13,0,0.554,0.28,0.835
Abyss,P0PPIN,ENVY,Sova,0.3,72.0,5,17,3,-12,59.0,59.0,18.0,1.0,3.0,-2.0,ENVY,9,EG,13,0,0.32,0.228,0.549
Abyss,dgzin,EG,Yoru,1.54,261.0,22,11,1,11,73.0,163.0,20.0,4.0,3.0,1.0,ENVY,9,EG,13,1,0.816,0.382,1.197
Abyss,bao,EG,Veto,1.42,267.0,20,13,7,7,68.0,176.0,37.0,4.0,4.0,0.0,ENVY,9,EG,13,1,0.839,0.404,1.243
Abyss,Okeanos,EG,Breach,1.03,178.0,15,15,12,0,77.0,114.0,39.0,0.0,1.0,-1.0,ENVY,9,EG,13,1,0.589,0.401,0.99
Abyss,C0M,EG,Sova,0.99,177.0,14,14,7,0,77.0,133.0,24.0,2.0,3.0,-1.0,ENVY,9,EG,13,1,0.589,0.365,0.953
Abyss,supamen,EG,Astra,0.7,116.0,8,14,8,-6,73.0,76.0,38.0,1.0,0.0,1.0,ENVY,9,EG,13,1,0.391,0.374,0.765
Corrode,Rossy,ENVY,Omen,1.35,228.0,19,15,11,4,78.0,142.0,28.0,0.0,0.0,0.0,ENVY,13,EG,10,1,0.73,0.454,1.185
Corrode,Eggsterr,ENVY,Yoru,1.16,204.0,20,14,3,6,74.0,125.0,27.0,4.0,1.0,3.0,ENVY,13,EG,10,1,0.736,0.373,1.108
Corrode,Inspire,ENVY,Viper,0.98,191.0,15,15,4,0,57.0,130.0,38.0,1.0,4.0,-3.0,ENVY,13,EG,10,1,0.599,0.284,0.883
Corrode,P0PPIN,ENVY,Fade,0.88,175.0,14,16,7,-2,78.0,109.0,31.0,2.0,2.0,0.0,ENVY,13,EG,10,1,0.539,0.363,0.903
Corrode,keznit,ENVY,Waylay,0.79,179.0,14,18,4,-4,70.0,119.0,33.0,3.0,6.0,-3.0,ENVY,13,EG,10,1,0.526,0.285,0.811
Corrode,Okeanos,EG,Yoru,1.24,282.0,24,16,2,8,74.0,200.0,35.0,5.0,4.0,1.0,ENVY,13,EG,10,0,0.839,0.359,1.198
Corrode,dgzin,EG,Waylay,0.94,225.0,18,19,5,-1,74.0,152.0,43.0,5.0,2.0,3.0,ENVY,13,EG,10,0,0.66,0.362,1.022
Corrode,C0M,EG,Sova,0.93,160.0,15,15,4,0,74.0,97.0,16.0,0.0,2.0,-2.0,ENVY,13,EG,10,0,0.528,0.311,0.839
Corrode,supamen,EG,Viper,0.91,188.0,14,15,11,-1,74.0,129.0,22.0,3.0,1.0,2.0,ENVY,13,EG,10,0,0.58,0.409,0.989
Corrode,bao,EG,Omen,0.58,98.0,7,17,8,-10,65.0,59.0,35.0,0.0,1.0,-1.0,ENVY,13,EG,10,0,0.353,0.322,0.675
Bind,Eggsterr,ENVY,Yoru,1.63,330.0,28,13,5,15,82.0,196.0,31.0,2.0,1.0,1.0,ENVY,13,EG,9,1,0.847,0.428,1.276
Bind,Inspire,ENVY,Brimstone,1.3,248.0,21,13,6,8,86.0,149.0,37.0,4.0,3.0,1.0,ENVY,13,EG,9,1,0.804,0.419,1.223
Bind,keznit,ENVY,Waylay,1.15,203.0,17,12,6,5,86.0,143.0,36.0,2.0,2.0,0.0,ENVY,13,EG,9,1,0.728,0.394,1.123
Bind,Rossy,ENVY,Viper,0.87,186.0,13,15,7,-2,77.0,133.0,31.0,3.0,1.0,2.0,ENVY,13,EG,9,1,0.57,0.387,0.957
Bind,P0PPIN,ENVY,Skye,0.67,116.0,8,13,8,-5,73.0,69.0,14.0,2.0,2.0,0.0,ENVY,13,EG,9,1,0.365,0.344,0.709
Bind,supamen,EG,Viper,1.33,226.0,17,14,2,3,73.0,156.0,42.0,4.0,1.0,3.0,ENVY,13,EG,9,0,0.759,0.389,1.148
Bind,bao,EG,Brimstone,0.92,203.0,13,18,9,-5,64.0,138.0,20.0,1.0,4.0,-3.0,ENVY,13,EG,9,0,0.496,0.345,0.842
Bind,C0M,EG,Fade,0.78,151.0,11,19,11,-8,64.0,98.0,23.0,1.0,1.0,0.0,ENVY,13,EG,9,0,0.426,0.361,0.787
Bind,Okeanos,EG,Yoru,0.76,187.0,15,19,3,-4,50.0,123.0,22.0,2.0,4.0,-2.0,ENVY,13,EG,9,0,0.504,0.242,0.746
Bind,dgzin,EG,Waylay,0.64,132.0,10,17,5,-7,45.0,91.0,35.0,1.0,3.0,-2.0,ENVY,13,EG,9,0,0.408,0.243,0.651
Pearl,benG,KRÜ,Astra,1.44,220.0,18,14,12,4,83.0,126.0,25.0,0.0,0.0,0.0,KRU,13,FUR,10,0,0.717,0.472,1.189
Pearl,mta,KRÜ,Yoru,1.0,184.0,15,16,4,-1,74.0,118.0,32.0,3.0,3.0,0.0,KRU,13,FUR,10,0,0.598,0.336,0.934
Pearl,NagZ,KRÜ,Killjoy,0.86,116.0,9,14,5,-5,61.0,84.0,15.0,0.0,2.0,-2.0,KRU,13,FUR,10,0,0.386,0.293,0.68
Pearl,infiltrator,KRÜ,Neon,0.84,205.0,15,19,6,-4,70.0,137.0,29.0,5.0,4.0,1.0,KRU,13,FUR,10,0,0.555,0.343,0.898
Pearl,Governor,KRÜ,Fade,0.71,146.0,14,19,2,-5,52.0,100.0,35.0,2.0,4.0,-2.0,KRU,13,FUR,10,0,0.461,0.24,0.701
Pearl,koalanoob,FUR,Chamber,1.45,292.0,25,12,4,13,65.0,186.0,17.0,7.0,2.0,5.0,KRU,13,FUR,10,0,0.838,0.39,1.228
Pearl,artzin,FUR,Kayo,1.22,234.0,18,15,15,3,78.0,147.0,23.0,3.0,3.0,0.0,KRU,13,FUR,10,0,0.726,0.422,1.148
Pearl,nerve,FUR,Astra,0.98,162.0,12,14,14,-2,78.0,112.0,38.0,0.0,1.0,-1.0,KRU,13,FUR,10,0,0.53,0.397,0.927
Pearl,eeiu,FUR,Fade,0.91,175.0,16,12,8,4,78.0,118.0,33.0,0.0,2.0,-2.0,KRU,13,FUR,10,0,0.635,0.361,0.996
Pearl,alym,FUR,Neon,0.48,143.0,11,18,4,-7,70.0,90.0,31.0,3.0,2.0,1.0,KRU,13,FUR,10,0,0.426,0.284,0.71
Breeze,NagZ,KRÜ,Chamber,1.26,198.0,15,12,2,3,62.0,149.0,20.0,4.0,2.0,2.0,KRU,8,FUR,13,0,0.696,0.35,1.046
Breeze,mta,KRÜ,Kayo,1.09,181.0,12,13,9,-1,67.0,116.0,38.0,1.0,1.0,0.0,KRU,8,FUR,13,0,0.568,0.399,0.967
Breeze,infiltrator,KRÜ,Jett,0.73,162.0,11,17,4,-6,62.0,106.0,26.0,3.0,5.0,-2.0,KRU,8,FUR,13,0,0.465,0.27,0.735
Breeze,Governor,KRÜ,Sova,0.67,146.0,10,17,3,-7,52.0,104.0,36.0,0.0,3.0,-3.0,KRU,8,FUR,13,0,0.428,0.232,0.659
Breeze,benG,KRÜ,Viper,0.67,137.0,11,17,2,-6,52.0,85.0,43.0,0.0,2.0,-2.0,KRU,8,FUR,13,0,0.423,0.236,0.659
Breeze,artzin,FUR,Astra,1.43,251.0,22,11,3,11,71.0,153.0,33.0,2.0,0.0,2.0,KRU,8,FUR,13,1,0.803,0.401,1.204
Breeze,alym,FUR,Yoru,1.23,235.0,18,11,5,7,76.0,155.0,35.0,6.0,3.0,3.0,KRU,8,FUR,13,1,0.779,0.396,1.175
Breeze,koalanoob,FUR,Jett,1.04,244.0,18,15,3,3,76.0,144.0,16.0,4.0,2.0,2.0,KRU,8,FUR,13,1,0.699,0.35,1.049
Breeze,eeiu,FUR,Sova,0.89,140.0,10,10,6,0,76.0,102.0,25.0,1.0,1.0,0.0,KRU,8,FUR,13,1,0.508,0.359,0.867
Breeze,nerve,FUR,Viper,0.73,119.0,8,12,7,-4,67.0,84.0,10.0,0.0,2.0,-2.0,KRU,8,FUR,13,1,0.375,0.312,0.687
Abyss,infiltrator,KRÜ,Yoru,1.31,282.0,18,15,3,3,89.0,185.0,32.0,2.0,1.0,1.0,KRU,5,FUR,13,0,0.781,0.401,1.181
Abyss,mta,KRÜ,Kayo,0.77,158.0,8,14,8,-6,67.0,104.0,27.0,1.0,2.0,-1.0,KRU,5,FUR,13,0,0.424,0.336,0.76
Abyss,Governor,KRÜ,Sova,0.69,104.0,7,13,5,-6,56.0,80.0,50.0,1.0,2.0,-1.0,KRU,5,FUR,13,0,0.395,0.276,0.67
Abyss,NagZ,KRÜ,Chamber,0.64,131.0,8,16,4,-8,67.0,91.0,28.0,2.0,3.0,-1.0,KRU,5,FUR,13,0,0.405,0.277,0.682
Abyss,benG,KRÜ,Omen,0.45,119.0,6,15,5,-9,67.0,81.0,32.0,1.0,3.0,-2.0,KRU,5,FUR,13,0,0.362,0.264,0.626
Abyss,alym,FUR,Waylay,1.32,245.0,16,9,5,7,72.0,142.0,17.0,4.0,0.0,4.0,KRU,5,FUR,13,1,0.751,0.418,1.168
Abyss,koalanoob,FUR,Omen,1.3,278.0,18,13,9,5,83.0,171.0,30.0,4.0,3.0,1.0,KRU,5,FUR,13,1,0.811,0.447,1.258
Abyss,artzin,FUR,Astra,1.27,178.0,12,8,9,4,78.0,110.0,35.0,2.0,2.0,0.0,KRU,5,FUR,13,1,0.669,0.427,1.096
Abyss,eeiu,FUR,Sova,1.06,183.0,13,10,6,3,89.0,120.0,50.0,1.0,1.0,0.0,KRU,5,FUR,13,1,0.646,0.399,1.045
Abyss,nerve,FUR,Tejo,1.0,194.0,13,11,4,2,78.0,135.0,32.0,0.0,1.0,-1.0,KRU,5,FUR,13,1,0.62,0.343,0.963
Bind,Cryocells,100T,Chamber,1.43,311.0,26,14,2,12,82.0,189.0,20.0,3.0,3.0,0.0,100T,13,LEV,9,1,0.842,0.384,1.226
Bind,bang,100T,Viper,1.09,179.0,15,13,2,2,64.0,110.0,36.0,1.0,1.0,0.0,100T,13,LEV,9,1,0.62,0.327,0.947
Bind,vora,100T,Skye,1.09,176.0,14,11,8,3,86.0,115.0,39.0,1.0,0.0,1.0,100T,13,LEV,9,1,0.635,0.437,1.073
Bind,Asuna,100T,Brimstone,1.07,184.0,14,13,9,1,73.0,116.0,39.0,3.0,0.0,3.0,100T,13,LEV,9,1,0.638,0.438,1.075
Bind,Timotino,100T,Waylay,0.83,192.0,13,17,7,-4,82.0,118.0,17.0,6.0,4.0,2.0,100T,13,LEV,9,1,0.509,0.382,0.891
Bind,PxS,LEV,Viper,1.22,208.0,15,13,4,2,59.0,137.0,20.0,3.0,1.0,2.0,100T,13,LEV,9,0,0.674,0.361,1.035
Bind,Sato,LEV,Yoru,0.94,185.0,15,16,3,-1,64.0,152.0,46.0,1.0,6.0,-5.0,100T,13,LEV,9,0,0.6,0.28,0.88
Bind,kiNgg,LEV,Brimstone,0.88,182.0,15,17,7,-2,59.0,127.0,45.0,0.0,2.0,-2.0,100T,13,LEV,9,0,0.56,0.314,0.874
Bind,blowz,LEV,Fade,0.66,108.0,10,16,5,-6,64.0,71.0,24.0,0.0,4.0,-4.0,100T,13,LEV,9,0,0.371,0.273,0.644
Bind,spike,LEV,Waylay,0.6,175.0,13,20,1,-7,64.0,102.0,23.0,4.0,1.0,3.0,100T,13,LEV,9,0,0.46,0.296,0.756
Pearl,Asuna,100T,Kayo,1.32,218.0,19,14,12,5,74.0,126.0,33.0,1.0,2.0,-1.0,100T,10,LEV,13,0,0.733,0.417,1.15
Pearl,vora,100T,Fade,1.12,186.0,13,16,13,-3,70.0,120.0,33.0,3.0,1.0,2.0,100T,10,LEV,13,0,0.575,0.424,0.999
Pearl,bang,100T,Astra,1.03,158.0,13,14,6,-1,74.0,96.0,26.0,1.0,1.0,0.0,100T,10,LEV,13,0,0.528,0.371,0.898
Pearl,Timotino,100T,Waylay,0.81,240.0,17,21,6,-4,61.0,157.0,27.0,5.0,6.0,-1.0,100T,10,LEV,13,0,0.588,0.308,0.896
Pearl,Cryocells,100T,Chamber,0.64,156.0,12,18,4,-6,57.0,100.0,35.0,1.0,2.0,-1.0,100T,10,LEV,13,0,0.435,0.261,0.695
Pearl,kiNgg,LEV,Astra,1.12,188.0,16,11,9,5,70.0,118.0,29.0,0.0,2.0,-2.0,100T,10,LEV,13,1,0.674,0.381,1.054
Pearl,spike,LEV,Kayo,1.08,209.0,17,17,18,0,78.0,112.0,21.0,3.0,1.0,2.0,100T,10,LEV,13,1,0.624,0.433,1.058
Pearl,Sato,LEV,Waylay,1.07,253.0,20,17,9,3,70.0,170.0,38.0,5.0,6.0,-1.0,100T,10,LEV,13,1,0.763,0.384,1.147
Pearl,PxS,LEV,Chamber,1.01,154.0,13,13,4,0,87.0,113.0,29.0,3.0,0.0,3.0,100T,10,LEV,13,1,0.584,0.399,0.982
Pearl,blowz,LEV,Tejo,0.92,214.0,17,16,3,1,61.0,148.0,22.0,1.0,2.0,-1.0,100T,10,LEV,13,1,0.62,0.286,0.906
Split,vora,100T,Skye,1.33,249.0,20,15,7,5,82.0,160.0,24.0,2.0,1.0,1.0,100T,13,LEV,9,1,0.779,0.436,1.215
Split,bang,100T,Omen,1.1,220.0,16,15,10,1,77.0,136.0,30.0,1.0,0.0,1.0,100T,13,LEV,9,1,0.64,0.435,1.074
Split,Timotino,100T,Waylay,1.03,243.0,19,16,2,3,68.0,163.0,17.0,7.0,3.0,4.0,100T,13,LEV,9,1,0.716,0.339,1.056
Split,Cryocells,100T,Viper,0.81,181.0,14,17,3,-3,64.0,120.0,38.0,2.0,1.0,1.0,100T,13,LEV,9,1,0.535,0.306,0.841
Split,Asuna,100T,Sage,0.76,138.0,11,16,11,-5,86.0,92.0,22.0,1.0,4.0,-3.0,100T,13,LEV,9,1,0.412,0.365,0.777
Split,Sato,LEV,Yoru,1.43,285.0,24,14,2,10,68.0,179.0,34.0,3.0,4.0,-1.0,100T,13,LEV,9,0,0.852,0.352,1.204
Split,PxS,LEV,Viper,1.11,241.0,18,18,8,0,73.0,168.0,25.0,0.0,1.0,-1.0,100T,13,LEV,9,0,0.66,0.391,1.051
Split,kiNgg,LEV,Omen,0.99,222.0,16,17,6,-1,73.0,139.0,35.0,2.0,4.0,-2.0,100T,13,LEV,9,0,0.622,0.338,0.961
Split,blowz,LEV,Fade,0.76,141.0,10,14,6,-4,91.0,104.0,17.0,0.0,1.0,-1.0,100T,13,LEV,9,0,0.424,0.362,0.786
Split,spike,LEV,Waylay,0.7,149.0,11,17,5,-6,77.0,95.0,41.0,4.0,3.0,1.0,100T,13,LEV,9,0,0.466,0.329,0.795
Pearl,brawk,NRG,Sova,2.02,340.0,21,6,2,15,87.0,202.0,20.0,0.0,1.0,-1.0,NRG,13,C9,2,1,0.817,0.397,1.214
Pearl,keiko,NRG,Killjoy,1.45,227.0,13,7,5,6,87.0,128.0,22.0,5.0,0.0,5.0,NRG,13,C9,2,1,0.741,0.457,1.197
Pearl,mada,NRG,Waylay,1.25,225.0,13,8,4,5,80.0,150.0,32.0,4.0,1.0,3.0,NRG,13,C9,2,1,0.746,0.403,1.149
Pearl,Ethan,NRG,Tejo,1.12,226.0,12,10,2,2,93.0,159.0,20.0,2.0,0.0,2.0,NRG,13,C9,2,1,0.658,0.405,1.063
Pearl,skuba,NRG,Astra,0.72,109.0,6,8,3,-2,87.0,73.0,15.0,1.0,1.0,0.0,NRG,13,C9,2,1,0.397,0.326,0.723
Pearl,Xeppaa,C9,Tejo,1.3,353.0,17,14,3,3,67.0,220.0,25.0,1.0,2.0,-1.0,NRG,13,C9,2,0,0.758,0.336,1.095
Pearl,v1c,C9,Astra,0.71,165.0,8,14,6,-6,47.0,103.0,23.0,0.0,2.0,-2.0,NRG,13,C9,2,0,0.415,0.265,0.68
Pearl,penny,C9,Chamber,0.64,108.0,6,11,3,-5,80.0,73.0,6.0,0.0,1.0,-1.0,NRG,13,C9,2,0,0.325,0.297,0.622
Pearl,Zellsis,C9,Kayo,0.56,132.0,6,12,6,-6,60.0,86.0,19.0,1.0,1.0,0.0,NRG,13,C9,2,0,0.361,0.297,0.659
Pearl,OXY,C9,Neon,0.01,36.0,2,14,0,-12,33.0,26.0,50.0,1.0,6.0,-5.0,NRG,13,C9,2,0,0.359,0.186,0.546
Breeze,keiko,NRG,Neon,1.38,266.0,23,14,4,9,77.0,162.0,22.0,2.0,3.0,-1.0,NRG,13,C9,9,1,0.796,0.373,1.169
Breeze,skuba,NRG,Viper,1.22,211.0,17,13,4,4,73.0,135.0,33.0,1.0,1.0,0.0,NRG,13,C9,9,1,0.701,0.367,1.068
Breeze,mada,NRG,Yoru,0.99,158.0,13,12,5,1,64.0,97.0,31.0,3.0,5.0,-2.0,NRG,13,C9,9,1,0.59,0.312,0.903
Breeze,brawk,NRG,Sova,0.94,182.0,13,15,7,-2,77.0,118.0,16.0,3.0,1.0,2.0,NRG,13,C9,9,1,0.544,0.395,0.938
Breeze,Ethan,NRG,Astra,0.87,150.0,11,15,8,-4,77.0,99.0,23.0,1.0,2.0,-1.0,NRG,13,C9,9,1,0.45,0.363,0.814
Breeze,v1c,C9,Viper,1.08,197.0,15,12,1,3,59.0,128.0,33.0,1.0,1.0,0.0,NRG,13,C9,9,0,0.651,0.317,0.968
Breeze,OXY,C9,Neon,1.07,274.0,22,18,7,4,73.0,165.0,29.0,5.0,7.0,-2.0,NRG,13,C9,9,0,0.778,0.358,1.136
Breeze,penny,C9,Yoru,1.05,231.0,18,15,2,3,64.0,152.0,24.0,3.0,1.0,2.0,NRG,13,C9,9,0,0.712,0.34,1.051
Breeze,Xeppaa,C9,Sova,0.75,121.0,10,15,2,-5,73.0,77.0,32.0,3.0,1.0,2.0,NRG,13,C9,9,0,0.432,0.323,0.755
Breeze,Zellsis,C9,Breach,0.37,58.0,4,17,7,-13,55.0,40.0,25.0,0.0,0.0,0.0,NRG,13,C9,9,0,0.331,0.302,0.633
Abyss,aspas,MIBR,Jett,1.66,272.0,20,8,3,12,95.0,169.0,24.0,2.0,3.0,-1.0,MIBR,13,ENVY,7,1,0.811,0.401,1.212
Abyss,Mazino,MIBR,Kayo,1.39,284.0,19,13,11,6,90.0,186.0,32.0,4.0,3.0,1.0,MIBR,13,ENVY,7,1,0.84,0.469,1.309
Abyss,Verno,MIBR,Sova,1.29,243.0,18,12,7,6,85.0,158.0,21.0,3.0,0.0,3.0,MIBR,13,ENVY,7,1,0.772,0.459,1.231
Abyss,tex,MIBR,Cypher,0.95,180.0,14,13,7,1,85.0,103.0,19.0,2.0,2.0,0.0,MIBR,13,ENVY,7,1,0.574,0.383,0.956
Abyss,zekken,MIBR,Astra,0.9,124.0,9,11,11,-2,65.0,82.0,43.0,1.0,0.0,1.0,MIBR,13,ENVY,7,1,0.475,0.393,0.868
Abyss,Rossy,ENVY,Omen,1.32,250.0,17,13,4,4,70.0,143.0,30.0,1.0,0.0,1.0,MIBR,13,ENVY,7,0,0.732,0.39,1.122
Abyss,P0PPIN,ENVY,Sova,0.82,185.0,13,16,3,-3,50.0,124.0,34.0,4.0,1.0,3.0,MIBR,13,ENVY,7,0,0.547,0.296,0.843
Abyss,Inspire,ENVY,Viper,0.81,182.0,11,16,0,-5,45.0,128.0,34.0,1.0,1.0,0.0,MIBR,13,ENVY,7,0,0.478,0.265,0.743
Abyss,keznit,ENVY,Iso,0.55,160.0,11,18,5,-7,70.0,92.0,29.0,1.0,1.0,0.0,MIBR,13,ENVY,7,0,0.41,0.302,0.712
Abyss,Eggsterr,ENVY,Yoru,0.24,86.0,5,17,3,-12,55.0,56.0,20.0,1.0,9.0,-8.0,MIBR,13,ENVY,7,0,0.323,0.217,0.541
Corrode,Verno,MIBR,Sova,1.41,245.0,21,14,6,7,92.0,173.0,43.0,4.0,0.0,4.0,MIBR,13,ENVY,11,1,0.837,0.472,1.309
Corrode,aspas,MIBR,Waylay,1.31,270.0,24,15,5,9,71.0,189.0,40.0,5.0,2.0,3.0,MIBR,13,ENVY,11,1,0.845,0.397,1.242
Corrode,tex,MIBR,Viper,1.19,258.0,21,17,9,4,88.0,163.0,31.0,3.0,6.0,-3.0,MIBR,13,ENVY,11,1,0.785,0.414,1.198
Corrode,zekken,MIBR,Omen,0.98,185.0,15,16,14,-1,79.0,122.0,24.0,0.0,1.0,-1.0,MIBR,13,ENVY,11,1,0.559,0.399,0.957
Corrode,Mazino,MIBR,Kayo,0.92,183.0,17,20,14,-3,83.0,111.0,26.0,1.0,2.0,-1.0,MIBR,13,ENVY,11,1,0.526,0.39,0.916
Corrode,keznit,ENVY,Waylay,1.17,284.0,23,19,7,4,63.0,193.0,25.0,2.0,2.0,0.0,MIBR,13,ENVY,11,0,0.79,0.369,1.159
Corrode,Inspire,ENVY,Viper,1.03,171.0,16,17,5,-1,75.0,126.0,50.0,2.0,3.0,-1.0,MIBR,13,ENVY,11,0,0.609,0.343,0.953
Corrode,Rossy,ENVY,Omen,0.78,170.0,14,20,11,-6,63.0,115.0,32.0,1.0,3.0,-2.0,MIBR,13,ENVY,11,0,0.472,0.333,0.804
Corrode,Eggsterr,ENVY,Yoru,0.68,191.0,16,23,7,-7,71.0,132.0,24.0,5.0,1.0,4.0,MIBR,13,ENVY,11,0,0.511,0.361,0.872
Corrode,P0PPIN,ENVY,Fade,0.59,156.0,13,19,7,-6,58.0,106.0,37.0,1.0,4.0,-3.0,MIBR,13,ENVY,11,0,0.44,0.278,0.718
Split,johnqt,SEN,Omen,1.04,205.0,12,15,4,-3,72.0,144.0,30.0,1.0,3.0,-2.0,SEN,5,FUR,13,0,0.553,0.32,0.873
Split,cortezia,SEN,Viper,0.89,206.0,12,14,7,-2,72.0,158.0,27.0,1.0,2.0,-1.0,SEN,5,FUR,13,0,0.558,0.346,0.904
Split,Reduxx,SEN,Yoru,0.8,157.0,9,16,5,-7,61.0,100.0,35.0,3.0,2.0,1.0,SEN,5,FUR,13,0,0.468,0.313,0.781
Split,Kyu,SEN,Tejo,0.74,153.0,10,15,2,-5,56.0,103.0,21.0,0.0,2.0,-2.0,SEN,5,FUR,13,0,0.418,0.25,0.668
Split,N4RRATE,SEN,Waylay,0.52,155.0,10,16,2,-6,67.0,93.0,18.0,0.0,4.0,-4.0,SEN,5,FUR,13,0,0.385,0.241,0.625
Split,koalanoob,FUR,Yoru,1.64,274.0,19,8,2,11,78.0,184.0,24.0,4.0,2.0,2.0,SEN,5,FUR,13,1,0.832,0.399,1.231
Split,eeiu,FUR,Fade,1.23,232.0,16,11,7,5,83.0,165.0,26.0,3.0,0.0,3.0,SEN,5,FUR,13,1,0.763,0.449,1.212
Split,artzin,FUR,Omen,1.19,224.0,17,11,7,6,89.0,140.0,31.0,1.0,2.0,-1.0,SEN,5,FUR,13,1,0.72,0.406,1.126
Split,nerve,FUR,Viper,1.09,206.0,13,9,9,4,94.0,136.0,18.0,1.0,1.0,0.0,SEN,5,FUR,13,1,0.646,0.444,1.091
Split,alym,FUR,Waylay,0.77,178.0,11,14,6,-3,94.0,117.0,30.0,4.0,0.0,4.0,SEN,5,FUR,13,1,0.519,0.407,0.927
Breeze,johnqt,SEN,Astra,1.75,253.0,25,8,5,17,92.0,170.0,39.0,0.0,0.0,0.0,SEN,11,FUR,13,0,0.811,0.446,1.256
Breeze,N4RRATE,SEN,Neon,0.98,210.0,19,17,2,2,54.0,145.0,40.0,3.0,6.0,-3.0,SEN,11,FUR,13,0,0.699,0.268,0.966
Breeze,Kyu,SEN,Skye,0.95,197.0,15,18,8,-3,63.0,136.0,27.0,1.0,2.0,-1.0,SEN,11,FUR,13,0,0.545,0.348,0.893
Breeze,cortezia,SEN,Viper,0.72,163.0,13,17,3,-4,63.0,113.0,50.0,4.0,0.0,4.0,SEN,11,FUR,13,0,0.52,0.317,0.837
Breeze,Reduxx,SEN,Yoru,0.4,100.0,6,18,4,-12,58.0,72.0,35.0,3.0,5.0,-2.0,SEN,11,FUR,13,0,0.38,0.238,0.618
Breeze,koalanoob,FUR,Jett,1.23,237.0,19,18,5,1,79.0,145.0,22.0,4.0,5.0,-1.0,SEN,11,FUR,13,1,0.701,0.371,1.072
Breeze,artzin,FUR,Astra,1.14,195.0,18,14,6,4,63.0,121.0,27.0,1.0,2.0,-1.0,SEN,11,FUR,13,1,0.673,0.346,1.019
Breeze,alym,FUR,Yoru,0.96,200.0,17,16,6,1,71.0,115.0,28.0,5.0,4.0,1.0,SEN,11,FUR,13,1,0.634,0.358,0.991
Breeze,nerve,FUR,Viper,0.91,182.0,12,15,9,-3,79.0,129.0,13.0,2.0,0.0,2.0,SEN,11,FUR,13,1,0.508,0.426,0.934
Breeze,eeiu,FUR,Sova,0.83,134.0,12,15,4,-3,75.0,99.0,36.0,1.0,0.0,1.0,SEN,11,FUR,13,1,0.475,0.347,0.821
Breeze,pANcada,LOUD,Astra,1.12,189.0,16,15,10,1,71.0,138.0,21.0,1.0,0.0,1.0,LOUD,13,100T,11,1,0.616,0.427,1.043
Breeze,Virtyy,LOUD,Jett,1.09,234.0,23,18,1,5,71.0,141.0,22.0,2.0,4.0,-2.0,LOUD,13,100T,11,1,0.736,0.312,1.048
Breeze,Darker,LOUD,Kayo,1.06,187.0,16,16,5,0,75.0,128.0,18.0,2.0,3.0,-1.0,LOUD,13,100T,11,1,0.598,0.347,0.944
Breeze,lukxo,LOUD,Viper,1.04,181.0,16,16,5,0,75.0,126.0,34.0,2.0,7.0,-5.0,LOUD,13,100T,11,1,0.613,0.332,0.945
Breeze,cauanzin,LOUD,Sova,0.92,205.0,18,17,6,1,71.0,132.0,20.0,2.0,1.0,1.0,LOUD,13,100T,11,1,0.621,0.363,0.984
Breeze,Cryocells,100T,Astra,1.13,218.0,20,17,2,3,63.0,149.0,46.0,3.0,0.0,3.0,LOUD,13,100T,11,0,0.747,0.36,1.107
Breeze,Timotino,100T,Jett,0.97,246.0,21,21,2,0,67.0,165.0,31.0,5.0,6.0,-1.0,LOUD,13,100T,11,0,0.697,0.301,0.998
Breeze,vora,100T,Sova,0.94,182.0,16,17,6,-1,71.0,119.0,23.0,4.0,0.0,4.0,LOUD,13,100T,11,0,0.584,0.387,0.971
Breeze,bang,100T,Viper,0.86,192.0,15,18,7,-3,67.0,138.0,36.0,0.0,0.0,0.0,LOUD,13,100T,11,0,0.545,0.361,0.906
Breeze,Asuna,100T,Kayo,0.83,139.0,10,16,16,-6,71.0,84.0,23.0,3.0,3.0,0.0,LOUD,13,100T,11,0,0.442,0.369,0.81
Bind,lukxo,LOUD,Viper,1.22,257.0,17,13,5,4,74.0,162.0,26.0,4.0,1.0,3.0,LOUD,6,100T,13,0,0.762,0.401,1.163
Bind,Virtyy,LOUD,Yoru,0.88,172.0,12,14,7,-2,68.0,115.0,22.0,2.0,2.0,0.0,LOUD,6,100T,13,0,0.521,0.347,0.867
Bind,cauanzin,LOUD,Fade,0.73,137.0,9,14,4,-5,68.0,77.0,22.0,1.0,1.0,0.0,LOUD,6,100T,13,0,0.389,0.307,0.696
Bind,pANcada,LOUD,Brimstone,0.72,163.0,9,17,8,-8,68.0,125.0,37.0,2.0,0.0,2.0,LOUD,6,100T,13,0,0.466,0.377,0.843
Bind,Darker,LOUD,Tejo,0.54,157.0,10,17,3,-7,53.0,104.0,29.0,3.0,3.0,0.0,LOUD,6,100T,13,0,0.441,0.241,0.681
Bind,bang,100T,Viper,1.34,222.0,15,9,3,6,79.0,162.0,55.0,0.0,3.0,-3.0,LOUD,6,100T,13,1,0.765,0.348,1.113
Bind,Timotino,100T,Waylay,1.34,236.0,17,11,3,6,74.0,154.0,29.0,3.0,3.0,0.0,LOUD,6,100T,13,1,0.778,0.361,1.139
Bind,Cryocells,100T,Chamber,1.31,237.0,17,10,3,7,84.0,143.0,21.0,4.0,1.0,3.0,LOUD,6,100T,13,1,0.757,0.405,1.162
Bind,vora,100T,Skye,0.98,218.0,15,15,11,0,74.0,129.0,33.0,0.0,3.0,-3.0,LOUD,6,100T,13,1,0.606,0.368,0.974
Bind,Asuna,100T,Brimstone,0.93,156.0,11,12,6,-1,68.0,122.0,15.0,0.0,2.0,-2.0,LOUD,6,100T,13,1,0.507,0.324,0.831
Pearl,lukxo,LOUD,Killjoy,0.9,201.0,12,12,1,0,53.0,125.0,31.0,0.0,3.0,-3.0,LOUD,2,100T,13,0,0.57,0.258,0.828
Pearl,pANcada,LOUD,Astra,0.85,156.0,8,11,3,-3,80.0,111.0,43.0,0.0,1.0,-1.0,LOUD,2,100T,13,0,0.485,0.32,0.804
Pearl,Virtyy,LOUD,Yoru,0.66,163.0,8,13,3,-5,60.0,92.0,15.0,1.0,4.0,-3.0,LOUD,2,100T,13,0,0.388,0.244,0.632
Pearl,cauanzin,LOUD,Fade,0.4,102.0,5,14,4,-9,60.0,62.0,21.0,1.0,4.0,-3.0,LOUD,2,100T,13,0,0.328,0.237,0.565
Pearl,Darker,LOUD,Tejo,0.32,71.0,3,13,3,-10,67.0,55.0,6.0,1.0,0.0,1.0,LOUD,2,100T,13,0,0.297,0.286,0.583
Pearl,bang,100T,Astra,1.82,245.0,14,4,13,10,93.0,143.0,39.0,2.0,0.0,2.0,LOUD,2,100T,13,1,0.772,0.509,1.281
Pearl,Asuna,100T,Kayo,1.46,235.0,13,7,6,6,87.0,147.0,22.0,2.0,0.0,2.0,LOUD,2,100T,13,1,0.743,0.465,1.208
Pearl,Timotino,100T,Waylay,1.34,291.0,16,9,4,7,93.0,206.0,40.0,2.0,1.0,1.0,LOUD,2,100T,13,1,0.821,0.422,1.243
Pearl,Cryocells,100T,Chamber,1.21,197.0,11,7,0,4,73.0,148.0,25.0,5.0,2.0,3.0,LOUD,2,100T,13,1,0.694,0.367,1.061
Pearl,vora,100T,Fade,1.03,182.0,9,9,5,0,67.0,126.0,26.0,1.0,0.0,1.0,LOUD,2,100T,13,1,0.555,0.366,0.921
Abyss,bao,EG,Veto,1.04,217.0,18,15,1,3,81.0,130.0,31.0,1.0,4.0,-3.0,EG,8,SEN,13,0,0.669,0.319,0.988
Abyss,Okeanos,EG,Breach,0.8,142.0,12,16,5,-4,62.0,102.0,50.0,0.0,1.0,-1.0,EG,8,SEN,13,0,0.477,0.306,0.783
Abyss,C0M,EG,Sova,0.73,161.0,9,16,6,-7,71.0,107.0,25.0,1.0,0.0,1.0,EG,8,SEN,13,0,0.425,0.352,0.776
Abyss,dgzin,EG,Yoru,0.61,155.0,12,17,3,-5,86.0,88.0,33.0,4.0,4.0,0.0,EG,8,SEN,13,0,0.451,0.303,0.754
Abyss,supamen,EG,Astra,0.27,64.0,4,18,7,-14,62.0,46.0,29.0,0.0,4.0,-4.0,EG,8,SEN,13,0,0.336,0.274,0.61
Abyss,johnqt,SEN,Tejo,1.76,295.0,24,9,1,15,90.0,195.0,43.0,1.0,0.0,1.0,EG,8,SEN,13,1,0.846,0.429,1.275
Abyss,Reduxx,SEN,Yoru,1.23,229.0,18,12,5,6,76.0,158.0,58.0,4.0,1.0,3.0,EG,8,SEN,13,1,0.801,0.406,1.207
Abyss,Kyu,SEN,Breach,0.99,138.0,12,11,6,1,76.0,76.0,15.0,1.0,0.0,1.0,EG,8,SEN,13,1,0.509,0.388,0.897
Abyss,N4RRATE,SEN,Waylay,0.92,201.0,13,15,6,-2,86.0,144.0,26.0,4.0,2.0,2.0,EG,8,SEN,13,1,0.583,0.387,0.97
Abyss,cortezia,SEN,Astra,0.81,122.0,9,13,5,-4,71.0,90.0,38.0,3.0,3.0,0.0,EG,8,SEN,13,1,0.464,0.322,0.786
Pearl,bao,EG,Killjoy,1.09,238.0,19,19,5,0,75.0,172.0,24.0,4.0,1.0,3.0,EG,11,SEN,13,0,0.692,0.389,1.081
Pearl,dgzin,EG,Waylay,1.09,201.0,19,16,4,3,71.0,130.0,20.0,4.0,2.0,2.0,EG,11,SEN,13,0,0.686,0.358,1.043
Pearl,supamen,EG,Astra,1.05,150.0,13,14,7,-1,71.0,91.0,45.0,1.0,1.0,0.0,EG,11,SEN,13,0,0.545,0.379,0.924
Pearl,C0M,EG,Sova,0.93,134.0,12,14,4,-2,63.0,99.0,22.0,0.0,3.0,-3.0,EG,11,SEN,13,0,0.482,0.289,0.771
Pearl,Okeanos,EG,Yoru,0.67,164.0,14,18,3,-4,58.0,114.0,24.0,4.0,4.0,0.0,EG,11,SEN,13,0,0.491,0.263,0.754
Pearl,johnqt,SEN,Astra,1.25,215.0,22,13,9,9,92.0,129.0,25.0,2.0,0.0,2.0,EG,11,SEN,13,1,0.74,0.484,1.224
Pearl,Reduxx,SEN,Yoru,1.18,242.0,20,16,6,4,71.0,149.0,27.0,7.0,3.0,4.0,EG,11,SEN,13,1,0.757,0.394,1.151
Pearl,Kyu,SEN,Sova,1.05,221.0,17,15,9,2,88.0,147.0,24.0,2.0,3.0,-1.0,EG,11,SEN,13,1,0.669,0.412,1.081
Pearl,cortezia,SEN,Killjoy,0.86,153.0,11,15,6,-4,63.0,124.0,31.0,0.0,4.0,-4.0,EG,11,SEN,13,1,0.478,0.304,0.781
Pearl,N4RRATE,SEN,Waylay,0.63,140.0,11,18,6,-7,63.0,100.0,20.0,0.0,3.0,-3.0,EG,11,SEN,13,1,0.401,0.279,0.68
Abyss,infiltrator,KRÜ,Yoru,1.41,305.0,25,15,3,10,86.0,187.0,32.0,3.0,1.0,2.0,KRU,13,ENVY,9,0,0.855,0.415,1.27
Abyss,NagZ,KRÜ,Brimstone,1.28,179.0,15,11,16,4,86.0,112.0,24.0,0.0,2.0,-2.0,KRU,13,ENVY,9,0,0.656,0.424,1.08
Abyss,mta,KRÜ,Waylay,1.22,235.0,19,14,4,5,91.0,145.0,39.0,4.0,0.0,4.0,KRU,13,ENVY,9,0,0.78,0.428,1.208
Abyss,benG,KRÜ,Astra,1.02,184.0,13,13,6,0,68.0,103.0,30.0,6.0,0.0,6.0,KRU,13,ENVY,9,0,0.594,0.39,0.984
Abyss,Governor,KRÜ,Sova,0.58,143.0,10,17,10,-7,77.0,99.0,27.0,2.0,4.0,-2.0,KRU,13,ENVY,9,0,0.417,0.335,0.752
Abyss,P0PPIN,ENVY,Sova,1.05,221.0,17,18,2,-1,68.0,141.0,26.0,1.0,2.0,-1.0,KRU,13,ENVY,9,0,0.608,0.311,0.919
Abyss,Inspire,ENVY,Astra,0.94,169.0,13,16,9,-3,64.0,100.0,24.0,1.0,3.0,-2.0,KRU,13,ENVY,9,0,0.493,0.352,0.845
Abyss,keznit,ENVY,Waylay,0.88,162.0,13,15,4,-2,64.0,115.0,30.0,2.0,4.0,-2.0,KRU,13,ENVY,9,0,0.531,0.289,0.821
Abyss,Rossy,ENVY,Viper,0.85,158.0,14,14,1,0,68.0,95.0,26.0,1.0,2.0,-1.0,KRU,13,ENVY,9,0,0.527,0.29,0.818
Abyss,Eggsterr,ENVY,Yoru,0.48,153.0,10,19,5,-9,59.0,97.0,25.0,2.0,4.0,-2.0,KRU,13,ENVY,9,0,0.408,0.251,0.659
Pearl,mta,KRÜ,Yoru,1.08,250.0,17,15,3,2,61.0,139.0,37.0,2.0,2.0,0.0,KRU,5,ENVY,13,0,0.697,0.312,1.009
Pearl,benG,KRÜ,Astra,0.89,183.0,11,16,4,-5,67.0,116.0,29.0,2.0,0.0,2.0,KRU,5,ENVY,13,0,0.488,0.348,0.836
Pearl,NagZ,KRÜ,Killjoy,0.88,168.0,9,14,5,-5,67.0,137.0,36.0,1.0,1.0,0.0,KRU,5,ENVY,13,0,0.477,0.332,0.809
Pearl,Governor,KRÜ,Fade,0.54,130.0,9,16,4,-7,56.0,76.0,10.0,2.0,3.0,-1.0,KRU,5,ENVY,13,0,0.359,0.248,0.608
Pearl,infiltrator,KRÜ,Neon,0.36,118.0,5,17,4,-12,50.0,82.0,13.0,1.0,4.0,-3.0,KRU,5,ENVY,13,0,0.334,0.22,0.554
Pearl,Rossy,ENVY,Astra,1.52,241.0,16,9,13,7,83.0,170.0,23.0,2.0,1.0,1.0,KRU,5,ENVY,13,1,0.777,0.475,1.252
Pearl,Eggsterr,ENVY,Yoru,1.4,244.0,16,8,6,8,89.0,135.0,41.0,4.0,1.0,3.0,KRU,5,ENVY,13,1,0.785,0.457,1.242
Pearl,P0PPIN,ENVY,Sova,1.31,292.0,18,13,10,5,94.0,184.0,24.0,2.0,1.0,1.0,KRU,5,ENVY,13,1,0.803,0.476,1.279
Pearl,Inspire,ENVY,Killjoy,1.09,135.0,10,7,3,3,78.0,96.0,20.0,0.0,1.0,-1.0,KRU,5,ENVY,13,1,0.561,0.342,0.902
Pearl,keznit,ENVY,Neon,1.03,266.0,18,14,3,4,83.0,183.0,24.0,2.0,4.0,-2.0,KRU,5,ENVY,13,1,0.747,0.326,1.072
Breeze,benG,KRÜ,Astra,1.08,199.0,16,16,4,0,73.0,124.0,37.0,2.0,1.0,1.0,KRU,9,ENVY,13,0,0.628,0.361,0.989
Breeze,Governor,KRÜ,Sova,0.94,203.0,15,18,5,-3,77.0,127.0,12.0,1.0,2.0,-1.0,KRU,9,ENVY,13,0,0.517,0.337,0.854
Breeze,infiltrator,KRÜ,Neon,0.77,230.0,17,20,6,-3,73.0,137.0,32.0,4.0,4.0,0.0,KRU,9,ENVY,13,0,0.587,0.332,0.92
Breeze,mta,KRÜ,Yoru,0.77,179.0,15,17,1,-2,64.0,108.0,17.0,2.0,2.0,0.0,KRU,9,ENVY,13,0,0.514,0.284,0.797
Breeze,NagZ,KRÜ,Viper,0.56,93.0,7,16,4,-9,64.0,66.0,29.0,1.0,3.0,-2.0,KRU,9,ENVY,13,0,0.345,0.255,0.6
Breeze,Inspire,ENVY,Astra,1.57,296.0,24,12,6,12,82.0,187.0,40.0,0.0,0.0,0.0,KRU,9,ENVY,13,1,0.841,0.44,1.281
Breeze,keznit,ENVY,Jett,1.29,286.0,22,16,2,6,73.0,174.0,43.0,8.0,4.0,4.0,KRU,9,ENVY,13,1,0.844,0.375,1.22
Breeze,Rossy,ENVY,Viper,1.02,197.0,16,13,2,3,73.0,133.0,33.0,1.0,3.0,-2.0,KRU,9,ENVY,13,1,0.652,0.308,0.96
Breeze,Eggsterr,ENVY,Yoru,0.83,128.0,11,13,5,-2,68.0,91.0,27.0,1.0,2.0,-1.0,KRU,9,ENVY,13,1,0.466,0.31,0.776
Breeze,P0PPIN,ENVY,Sova,0.76,176.0,14,16,5,-2,86.0,109.0,52.0,2.0,1.0,1.0,KRU,9,ENVY,13,1,0.55,0.36,0.909
Pearl,PxS,LEV,Chamber,1.06,164.0,11,10,0,1,56.0,96.0,21.0,3.0,2.0,1.0,LEV,3,C9,13,0,0.577,0.31,0.887
Pearl,blowz,LEV,Tejo,0.86,183.0,10,13,4,-3,81.0,119.0,28.0,0.0,0.0,0.0,LEV,3,C9,13,0,0.496,0.351,0.847
Pearl,Sato,LEV,Waylay,0.67,160.0,8,12,3,-4,63.0,122.0,31.0,2.0,5.0,-3.0,LEV,3,C9,13,0,0.461,0.25,0.711
Pearl,spike,LEV,Kayo,0.6,138.0,7,13,9,-6,69.0,82.0,22.0,1.0,1.0,0.0,LEV,3,C9,13,0,0.37,0.35,0.72
Pearl,kiNgg,LEV,Astra,0.36,88.0,4,14,5,-10,50.0,50.0,40.0,0.0,2.0,-2.0,LEV,3,C9,13,0,0.349,0.236,0.585
Pearl,Xeppaa,C9,Tejo,1.79,286.0,19,6,3,13,88.0,174.0,19.0,0.0,0.0,0.0,LEV,3,C9,13,1,0.794,0.417,1.211
Pearl,Demon1,C9,Chamber,1.43,284.0,17,9,3,8,88.0,188.0,41.0,5.0,1.0,4.0,LEV,3,C9,13,1,0.847,0.425,1.272
Pearl,v1c,C9,Astra,1.07,138.0,7,7,3,0,81.0,83.0,28.0,1.0,1.0,0.0,LEV,3,C9,13,1,0.504,0.353,0.857
Pearl,Zellsis,C9,Kayo,1.03,159.0,8,8,19,0,75.0,97.0,28.0,1.0,0.0,1.0,LEV,3,C9,13,1,0.524,0.424,0.947
Pearl,penny,C9,Neon,0.98,209.0,11,10,4,1,56.0,130.0,28.0,3.0,4.0,-1.0,LEV,3,C9,13,1,0.623,0.295,0.918
Split,blowz,LEV,Fade,1.22,250.0,18,15,2,3,71.0,160.0,24.0,1.0,1.0,0.0,LEV,8,C9,13,0,0.714,0.352,1.066
Split,kiNgg,LEV,Omen,1.02,185.0,14,15,4,-1,71.0,117.0,23.0,3.0,1.0,2.0,LEV,8,C9,13,0,0.584,0.36,0.943
Split,Sato,LEV,Yoru,0.82,218.0,15,17,6,-2,76.0,142.0,42.0,4.0,3.0,1.0,LEV,8,C9,13,0,0.607,0.351,0.959
Split,PxS,LEV,Viper,0.62,96.0,7,11,4,-4,57.0,61.0,19.0,0.0,2.0,-2.0,LEV,8,C9,13,0,0.351,0.25,0.601
Split,spike,LEV,Waylay,0.18,92.0,6,19,2,-13,29.0,63.0,17.0,2.0,4.0,-2.0,LEV,8,C9,13,0,0.334,0.191,0.524
Split,Xeppaa,C9,Skye,1.48,223.0,17,9,11,8,90.0,158.0,35.0,0.0,2.0,-2.0,LEV,8,C9,13,1,0.766,0.451,1.217
Split,Zellsis,C9,Viper,1.38,224.0,18,11,10,7,86.0,120.0,15.0,4.0,1.0,3.0,LEV,8,C9,13,1,0.738,0.483,1.221
Split,Demon1,C9,Chamber,1.26,244.0,18,13,2,5,67.0,160.0,55.0,4.0,2.0,2.0,LEV,8,C9,13,1,0.81,0.358,1.168
Split,penny,C9,Raze,1.01,211.0,17,15,3,2,67.0,127.0,22.0,2.0,3.0,-1.0,LEV,8,C9,13,1,0.644,0.306,0.95
Split,v1c,C9,Omen,0.67,112.0,7,12,11,-5,81.0,82.0,15.0,1.0,2.0,-1.0,LEV,8,C9,13,1,0.354,0.36,0.714
Corrode,Timotino,100T,Waylay,1.37,288.0,24,18,7,6,75.0,198.0,50.0,5.0,3.0,2.0,100T,13,SEN,11,1,0.872,0.428,1.299
Corrode,bang,100T,Omen,1.12,187.0,16,15,6,1,79.0,116.0,48.0,2.0,2.0,0.0,100T,13,SEN,11,1,0.648,0.379,1.027
Corrode,Cryocells,100T,Veto,1.02,202.0,21,17,0,4,67.0,126.0,45.0,3.0,4.0,-1.0,100T,13,SEN,11,1,0.731,0.307,1.038
Corrode,Asuna,100T,Sage,0.92,154.0,12,14,12,-2,67.0,96.0,20.0,1.0,2.0,-1.0,100T,13,SEN,11,1,0.486,0.363,0.849
Corrode,vora,100T,Fade,0.84,177.0,14,16,9,-2,83.0,130.0,26.0,0.0,2.0,-2.0,100T,13,SEN,11,1,0.528,0.373,0.901
Corrode,johnqt,SEN,Tejo,1.73,327.0,30,15,4,15,75.0,205.0,27.0,3.0,0.0,3.0,100T,13,SEN,11,0,0.857,0.428,1.285
Corrode,Kyu,SEN,Fade,1.02,196.0,16,16,7,0,63.0,124.0,15.0,2.0,2.0,0.0,100T,13,SEN,11,0,0.59,0.353,0.943
Corrode,cortezia,SEN,Viper,0.96,213.0,16,17,6,-1,71.0,163.0,27.0,2.0,1.0,1.0,100T,13,SEN,11,0,0.621,0.367,0.987
Corrode,N4RRATE,SEN,Waylay,0.61,133.0,9,19,10,-10,67.0,95.0,16.0,1.0,2.0,-1.0,100T,13,SEN,11,0,0.377,0.33,0.707
Corrode,Reduxx,SEN,Omen,0.49,123.0,9,20,9,-11,54.0,79.0,37.0,5.0,6.0,-1.0,100T,13,SEN,11,0,0.408,0.296,0.703
Split,Timotino,100T,Waylay,1.18,275.0,29,24,5,5,67.0,180.0,28.0,8.0,6.0,2.0,100T,16,SEN,14,1,0.814,0.372,1.186
Split,Cryocells,100T,Viper,1.17,223.0,24,19,6,5,77.0,139.0,24.0,4.0,3.0,1.0,100T,16,SEN,14,1,0.756,0.39,1.146
Split,bang,100T,Omen,1.1,181.0,20,19,9,1,73.0,123.0,42.0,2.0,2.0,0.0,100T,16,SEN,14,1,0.66,0.401,1.06
Split,vora,100T,Skye,1.07,196.0,19,20,14,-1,83.0,125.0,35.0,1.0,1.0,0.0,100T,16,SEN,14,1,0.608,0.424,1.031
Split,Asuna,100T,Sage,0.74,156.0,16,22,8,-6,73.0,97.0,26.0,0.0,3.0,-3.0,100T,16,SEN,14,1,0.45,0.33,0.78
Split,Reduxx,SEN,Yoru,1.35,294.0,34,22,6,12,77.0,196.0,32.0,6.0,5.0,1.0,100T,16,SEN,14,0,0.851,0.409,1.26
Split,johnqt,SEN,Omen,1.33,220.0,22,17,14,5,80.0,153.0,29.0,1.0,2.0,-1.0,100T,16,SEN,14,0,0.757,0.428,1.185
Split,cortezia,SEN,Viper,0.84,200.0,19,19,6,0,77.0,125.0,20.0,2.0,1.0,1.0,100T,16,SEN,14,0,0.595,0.364,0.96
Split,Kyu,SEN,Fade,0.63,143.0,14,24,7,-10,67.0,94.0,15.0,1.0,2.0,-1.0,100T,16,SEN,14,0,0.404,0.31,0.714
Split,N4RRATE,SEN,Waylay,0.6,162.0,15,26,10,-11,73.0,107.0,15.0,5.0,5.0,0.0,100T,16,SEN,14,0,0.453,0.348,0.801
Pearl,Inspire,ENVY,Killjoy,1.29,226.0,27,23,11,4,63.0,170.0,27.0,3.0,4.0,-1.0,ENVY,18,C9,20,0,0.779,0.396,1.175
Pearl,P0PPIN,ENVY,Sova,1.09,237.0,31,28,11,3,76.0,152.0,35.0,8.0,3.0,5.0,ENVY,18,C9,20,0,0.746,0.426,1.173
Pearl,Rossy,ENVY,Astra,1.02,163.0,23,23,17,0,68.0,97.0,16.0,1.0,1.0,0.0,ENVY,18,C9,20,0,0.566,0.393,0.959
Pearl,keznit,ENVY,Neon,0.88,199.0,27,28,6,-1,66.0,136.0,24.0,3.0,5.0,-2.0,ENVY,18,C9,20,0,0.621,0.315,0.936
Pearl,Eggsterr,ENVY,Yoru,0.71,162.0,21,30,10,-9,66.0,114.0,32.0,3.0,7.0,-4.0,ENVY,18,C9,20,0,0.522,0.326,0.848
Pearl,Demon1,C9,Chamber,1.25,268.0,37,26,6,11,74.0,176.0,35.0,8.0,3.0,5.0,ENVY,18,C9,20,1,0.824,0.406,1.23
Pearl,v1c,C9,Astra,1.07,195.0,26,26,14,0,74.0,132.0,30.0,3.0,1.0,2.0,ENVY,18,C9,20,1,0.66,0.426,1.086
Pearl,Xeppaa,C9,Tejo,1.06,195.0,25,25,8,0,68.0,139.0,25.0,2.0,3.0,-1.0,ENVY,18,C9,20,1,0.642,0.368,1.01
Pearl,penny,C9,Neon,1.06,248.0,31,28,10,3,74.0,164.0,19.0,7.0,7.0,0.0,ENVY,18,C9,20,1,0.735,0.398,1.133
Pearl,Zellsis,C9,Kayo,0.74,111.0,13,24,21,-11,74.0,71.0,11.0,0.0,4.0,-4.0,ENVY,18,C9,20,1,0.373,0.343,0.716
Breeze,keznit,ENVY,Jett,1.39,280.0,22,13,2,9,81.0,163.0,22.0,6.0,2.0,4.0,ENVY,13,C9,8,1,0.819,0.399,1.219
Breeze,Rossy,ENVY,Viper,1.36,248.0,19,12,5,7,81.0,156.0,18.0,3.0,1.0,2.0,ENVY,13,C9,8,1,0.781,0.423,1.204
Breeze,P0PPIN,ENVY,Sova,1.13,222.0,18,14,4,4,86.0,136.0,45.0,2.0,2.0,0.0,ENVY,13,C9,8,1,0.73,0.37,1.1
Breeze,Inspire,ENVY,Astra,0.84,141.0,11,12,5,-1,67.0,97.0,31.0,1.0,0.0,1.0,ENVY,13,C9,8,1,0.497,0.346,0.843
Breeze,Eggsterr,ENVY,Yoru,0.71,126.0,9,14,6,-5,71.0,86.0,38.0,2.0,2.0,0.0,ENVY,13,C9,8,1,0.423,0.323,0.746
Breeze,v1c,C9,Astra,1.07,201.0,17,14,6,3,71.0,125.0,33.0,0.0,4.0,-4.0,ENVY,13,C9,8,0,0.659,0.339,0.998
Breeze,Demon1,C9,Jett,0.99,232.0,16,16,4,0,62.0,151.0,33.0,2.0,5.0,-3.0,ENVY,13,C9,8,0,0.648,0.293,0.941
Breeze,Xeppaa,C9,Sova,0.96,180.0,14,15,5,-1,81.0,117.0,26.0,1.0,0.0,1.0,ENVY,13,C9,8,0,0.549,0.382,0.931
Breeze,penny,C9,Yoru,0.89,166.0,13,14,3,-1,57.0,99.0,22.0,4.0,3.0,1.0,ENVY,13,C9,8,0,0.543,0.293,0.836
Breeze,Zellsis,C9,Viper,0.33,110.0,5,20,10,-15,48.0,74.0,9.0,0.0,2.0,-2.0,ENVY,13,C9,8,0,0.317,0.277,0.594
Split,keznit,ENVY,Jett,1.51,252.0,22,15,5,7,83.0,169.0,30.0,5.0,2.0,3.0,ENVY,11,C9,13,0,0.829,0.434,1.263
Split,Inspire,ENVY,Viper,0.98,209.0,18,17,6,1,83.0,136.0,47.0,5.0,1.0,4.0,ENVY,11,C9,13,0,0.68,0.402,1.082
Split,P0PPIN,ENVY,Skye,0.75,156.0,12,18,6,-6,58.0,95.0,14.0,2.0,1.0,1.0,ENVY,11,C9,13,0,0.428,0.323,0.751
Split,Rossy,ENVY,Omen,0.69,146.0,12,17,8,-5,54.0,98.0,16.0,1.0,3.0,-2.0,ENVY,11,C9,13,0,0.407,0.297,0.704
Split,Eggsterr,ENVY,Yoru,0.63,151.0,12,18,5,-6,63.0,91.0,19.0,1.0,3.0,-2.0,ENVY,11,C9,13,0,0.404,0.272,0.676
Split,penny,C9,Raze,1.37,268.0,22,15,8,7,83.0,171.0,23.0,3.0,3.0,0.0,ENVY,11,C9,13,1,0.818,0.435,1.253
Split,Xeppaa,C9,Skye,1.27,218.0,17,12,15,5,83.0,128.0,20.0,0.0,0.0,0.0,ENVY,11,C9,13,1,0.703,0.454,1.157
Split,Demon1,C9,Chamber,1.07,230.0,19,17,3,2,75.0,160.0,31.0,2.0,4.0,-2.0,ENVY,11,C9,13,1,0.702,0.317,1.019
Split,Zellsis,C9,Viper,1.04,190.0,16,15,7,1,75.0,131.0,17.0,2.0,2.0,0.0,ENVY,11,C9,13,1,0.612,0.375,0.988
Split,v1c,C9,Omen,0.75,129.0,11,17,10,-6,75.0,90.0,24.0,3.0,5.0,-2.0,ENVY,11,C9,13,1,0.438,0.35,0.788
Abyss,brawk,NRG,Sova,1.2,196.0,13,11,5,2,79.0,124.0,29.0,2.0,1.0,1.0,NRG,13,MIBR,6,1,0.646,0.395,1.041
Abyss,keiko,NRG,Omen,1.2,183.0,13,10,3,3,74.0,114.0,31.0,2.0,0.0,2.0,NRG,13,MIBR,6,1,0.651,0.382,1.033
Abyss,skuba,NRG,Viper,1.17,202.0,15,10,3,5,68.0,138.0,29.0,3.0,0.0,3.0,NRG,13,MIBR,6,1,0.724,0.373,1.097
Abyss,Ethan,NRG,Tejo,1.1,149.0,10,9,7,1,68.0,95.0,15.0,2.0,2.0,0.0,NRG,13,MIBR,6,1,0.545,0.37,0.915
Abyss,mada,NRG,Waylay,0.82,178.0,11,12,3,-1,68.0,115.0,27.0,3.0,4.0,-1.0,NRG,13,MIBR,6,1,0.55,0.287,0.837
Abyss,Verno,MIBR,Sova,1.21,244.0,15,12,4,3,63.0,161.0,37.0,2.0,2.0,0.0,NRG,13,MIBR,6,0,0.728,0.34,1.068
Abyss,Mazino,MIBR,Kayo,0.94,191.0,13,13,5,0,53.0,116.0,35.0,2.0,2.0,0.0,NRG,13,MIBR,6,0,0.588,0.306,0.894
Abyss,zekken,MIBR,Astra,0.92,149.0,9,11,3,-2,79.0,97.0,24.0,1.0,1.0,0.0,NRG,13,MIBR,6,0,0.476,0.334,0.81
Abyss,tex,MIBR,Cypher,0.63,110.0,8,13,2,-5,58.0,70.0,30.0,1.0,2.0,-1.0,NRG,13,MIBR,6,0,0.367,0.25,0.618
Abyss,aspas,MIBR,Jett,0.47,98.0,7,13,0,-6,47.0,65.0,32.0,1.0,5.0,-4.0,NRG,13,MIBR,6,0,0.341,0.204,0.545
Split,mada,NRG,Waylay,1.65,293.0,23,12,6,11,79.0,198.0,32.0,4.0,2.0,2.0,NRG,11,MIBR,13,0,0.864,0.434,1.297
Split,Ethan,NRG,Skye,0.89,178.0,13,17,13,-4,75.0,115.0,15.0,3.0,5.0,-2.0,NRG,11,MIBR,13,0,0.503,0.365,0.868
Split,skuba,NRG,Viper,0.89,193.0,16,19,3,-3,75.0,129.0,30.0,2.0,2.0,0.0,NRG,11,MIBR,13,0,0.555,0.315,0.87
Split,keiko,NRG,Astra,0.86,125.0,13,14,7,-1,71.0,72.0,36.0,0.0,4.0,-4.0,NRG,11,MIBR,13,0,0.49,0.328,0.818
Split,brawk,NRG,Tejo,0.78,152.0,13,17,6,-4,71.0,105.0,22.0,0.0,2.0,-2.0,NRG,11,MIBR,13,0,0.453,0.313,0.766
Split,zekken,MIBR,Yoru,1.32,235.0,20,14,5,6,88.0,132.0,20.0,8.0,1.0,7.0,NRG,11,MIBR,13,1,0.762,0.435,1.198
Split,Verno,MIBR,Fade,1.22,216.0,17,14,10,3,96.0,140.0,24.0,2.0,0.0,2.0,NRG,11,MIBR,13,1,0.695,0.488,1.183
Split,Mazino,MIBR,Omen,0.97,209.0,19,16,8,3,75.0,146.0,27.0,2.0,1.0,1.0,NRG,11,MIBR,13,1,0.682,0.397,1.079
Split,tex,MIBR,Viper,0.78,131.0,13,17,4,-4,67.0,82.0,33.0,0.0,2.0,-2.0,NRG,11,MIBR,13,1,0.443,0.284,0.726
Split,aspas,MIBR,Raze,0.61,127.0,10,17,5,-7,67.0,82.0,30.0,3.0,5.0,-2.0,NRG,11,MIBR,13,1,0.42,0.277,0.697
Breeze,brawk,NRG,Sova,1.07,216.0,14,15,5,-1,62.0,158.0,27.0,0.0,0.0,0.0,NRG,8,MIBR,13,0,0.606,0.353,0.959
Breeze,mada,NRG,Yoru,1.01,237.0,17,16,3,1,57.0,150.0,37.0,1.0,5.0,-4.0,NRG,8,MIBR,13,0,0.661,0.276,0.937
Breeze,Ethan,NRG,Astra,0.87,181.0,15,17,7,-2,67.0,123.0,17.0,3.0,3.0,0.0,NRG,8,MIBR,13,0,0.55,0.344,0.894
Breeze,skuba,NRG,Viper,0.84,177.0,13,16,2,-3,67.0,122.0,40.0,2.0,4.0,-2.0,NRG,8,MIBR,13,0,0.535,0.279,0.814
Breeze,keiko,NRG,Neon,0.72,159.0,11,17,3,-6,62.0,113.0,31.0,0.0,3.0,-3.0,NRG,8,MIBR,13,0,0.444,0.254,0.697
Breeze,zekken,MIBR,Yoru,1.39,253.0,20,14,5,6,81.0,172.0,32.0,4.0,3.0,1.0,NRG,8,MIBR,13,1,0.821,0.409,1.23
Breeze,aspas,MIBR,Jett,1.13,244.0,19,13,2,6,86.0,176.0,33.0,5.0,0.0,5.0,NRG,8,MIBR,13,1,0.788,0.399,1.187
Breeze,Verno,MIBR,Sova,1.06,185.0,13,12,9,1,76.0,128.0,42.0,1.0,1.0,0.0,NRG,8,MIBR,13,1,0.614,0.411,1.024
Breeze,Mazino,MIBR,Astra,1.03,204.0,17,14,3,3,67.0,137.0,28.0,2.0,1.0,1.0,NRG,8,MIBR,13,1,0.672,0.334,1.007
Breeze,tex,MIBR,Viper,0.6,143.0,12,17,2,-5,62.0,98.0,38.0,3.0,1.0,2.0,NRG,8,MIBR,13,1,0.456,0.289,0.745
Abyss,alym,FUR,Waylay,1.55,283.0,21,12,10,9,90.0,174.0,38.0,5.0,3.0,2.0,FUR,13,G2,7,1,0.857,0.486,1.342
Abyss,nerve,FUR,Tejo,1.42,209.0,18,10,3,8,75.0,150.0,34.0,1.0,2.0,-1.0,FUR,13,G2,7,1,0.752,0.362,1.114
Abyss,artzin,FUR,Astra,1.22,201.0,14,12,9,2,80.0,142.0,44.0,2.0,2.0,0.0,FUR,13,G2,7,1,0.684,0.425,1.109
Abyss,eeiu,FUR,Sova,1.02,128.0,9,10,8,-1,75.0,89.0,29.0,0.0,0.0,0.0,FUR,13,G2,7,1,0.493,0.403,0.896
Abyss,koalanoob,FUR,Omen,0.98,228.0,17,14,2,3,65.0,151.0,32.0,2.0,3.0,-1.0,FUR,13,G2,7,1,0.693,0.299,0.992
Abyss,trent,G2,Tejo,1.21,268.0,18,14,2,4,65.0,167.0,22.0,1.0,2.0,-1.0,FUR,13,G2,7,0,0.738,0.323,1.062
Abyss,BABYBAY,G2,Yoru,1.03,280.0,18,17,3,1,60.0,178.0,35.0,6.0,2.0,4.0,FUR,13,G2,7,0,0.734,0.326,1.06
Abyss,leaf,G2,Breach,0.57,132.0,9,16,5,-7,65.0,84.0,29.0,2.0,0.0,2.0,FUR,13,G2,7,0,0.399,0.322,0.721
Abyss,valyn,G2,Astra,0.5,77.0,6,15,4,-9,60.0,54.0,35.0,0.0,2.0,-2.0,FUR,13,G2,7,0,0.344,0.242,0.587
Abyss,jawgemo,G2,Jett,0.47,114.0,7,17,6,-10,70.0,86.0,26.0,1.0,4.0,-3.0,FUR,13,G2,7,0,0.355,0.276,0.631
Bind,eeiu,FUR,Fade,1.21,237.0,16,15,3,1,74.0,146.0,29.0,1.0,2.0,-1.0,FUR,6,G2,13,0,0.665,0.338,1.004
Bind,koalanoob,FUR,Yoru,1.02,209.0,14,15,1,-1,63.0,132.0,23.0,4.0,1.0,3.0,FUR,6,G2,13,0,0.605,0.339,0.944
Bind,nerve,FUR,Viper,0.63,111.0,6,12,3,-6,58.0,79.0,19.0,0.0,0.0,0.0,FUR,6,G2,13,0,0.354,0.277,0.631
Bind,alym,FUR,Waylay,0.49,109.0,8,15,1,-7,58.0,63.0,26.0,3.0,4.0,-1.0,FUR,6,G2,13,0,0.373,0.235,0.608
Bind,artzin,FUR,Astra,0.44,140.0,8,17,3,-9,58.0,92.0,37.0,3.0,1.0,2.0,FUR,6,G2,13,0,0.42,0.27,0.69
Bind,valyn,G2,Brimstone,1.66,286.0,18,8,9,10,89.0,180.0,27.0,1.0,0.0,1.0,FUR,6,G2,13,1,0.805,0.494,1.299
Bind,trent,G2,Skye,1.45,228.0,18,9,6,9,89.0,143.0,36.0,0.0,0.0,0.0,FUR,6,G2,13,1,0.762,0.45,1.211
Bind,leaf,G2,Viper,1.24,256.0,17,10,6,7,79.0,164.0,30.0,3.0,6.0,-3.0,FUR,6,G2,13,1,0.785,0.371,1.156
Bind,BABYBAY,G2,Chamber,1.07,204.0,15,11,2,4,74.0,132.0,11.0,1.0,1.0,0.0,FUR,6,G2,13,1,0.637,0.341,0.979
Bind,jawgemo,G2,Waylay,0.42,108.0,6,14,4,-8,74.0,75.0,14.0,3.0,4.0,-1.0,FUR,6,G2,13,1,0.356,0.273,0.63
Split,eeiu,FUR,Fade,1.7,266.0,17,6,6,11,81.0,165.0,18.0,1.0,2.0,-1.0,FUR,13,G2,3,1,0.768,0.411,1.179
Split,alym,FUR,Waylay,1.3,265.0,15,10,3,5,88.0,182.0,29.0,3.0,1.0,2.0,FUR,13,G2,3,1,0.797,0.406,1.204
Split,artzin,FUR,Omen,1.22,172.0,11,7,9,4,88.0,104.0,19.0,0.0,0.0,0.0,FUR,13,G2,3,1,0.615,0.457,1.072
Split,koalanoob,FUR,Yoru,0.93,189.0,11,10,3,1,75.0,147.0,21.0,4.0,3.0,1.0,FUR,13,G2,3,1,0.609,0.328,0.937
Split,nerve,FUR,Viper,0.92,195.0,12,12,5,0,75.0,110.0,14.0,1.0,1.0,0.0,FUR,13,G2,3,1,0.535,0.35,0.884
Split,jawgemo,G2,Waylay,1.37,220.0,12,11,5,1,75.0,150.0,23.0,4.0,2.0,2.0,FUR,13,G2,3,0,0.68,0.405,1.085
Split,valyn,G2,Omen,0.95,238.0,12,14,7,-2,81.0,143.0,21.0,1.0,1.0,0.0,FUR,13,G2,3,0,0.562,0.385,0.947
Split,leaf,G2,Breach,0.74,177.0,9,14,4,-5,63.0,117.0,12.0,2.0,1.0,1.0,FUR,13,G2,3,0,0.434,0.308,0.742
Split,trent,G2,Fade,0.56,114.0,5,13,3,-8,69.0,85.0,24.0,0.0,2.0,-2.0,FUR,13,G2,3,0,0.359,0.253,0.612
Split,BABYBAY,G2,Viper,0.45,153.0,7,14,4,-7,63.0,99.0,10.0,0.0,3.0,-3.0,FUR,13,G2,3,0,0.356,0.242,0.598
Haven,Darker,LOUD,Viper,1.2,288.0,18,15,4,3,78.0,167.0,29.0,3.0,2.0,1.0,LOUD,5,EG,13,0,0.771,0.372,1.144
Haven,lukxo,LOUD,Killjoy,1.03,224.0,13,15,2,-2,72.0,160.0,23.0,1.0,3.0,-2.0,LOUD,5,EG,13,0,0.582,0.307,0.89
Haven,pANcada,LOUD,Omen,0.76,165.0,9,16,7,-7,83.0,115.0,29.0,2.0,0.0,2.0,LOUD,5,EG,13,0,0.455,0.395,0.85
Haven,cauanzin,LOUD,Sova,0.64,127.0,8,15,6,-7,78.0,85.0,23.0,0.0,1.0,-1.0,LOUD,5,EG,13,0,0.377,0.327,0.705
Haven,Virtyy,LOUD,Neon,0.33,99.0,6,15,2,-9,61.0,64.0,14.0,1.0,5.0,-4.0,LOUD,5,EG,13,0,0.315,0.227,0.542
Haven,C0M,EG,Sova,1.5,255.0,17,9,6,8,89.0,181.0,32.0,3.0,1.0,2.0,LOUD,5,EG,13,1,0.823,0.46,1.282
Haven,dgzin,EG,Neon,1.29,242.0,16,10,2,6,83.0,143.0,16.0,5.0,3.0,2.0,LOUD,5,EG,13,1,0.745,0.388,1.133
Haven,supamen,EG,Viper,1.23,249.0,16,11,2,5,67.0,160.0,37.0,1.0,1.0,0.0,LOUD,5,EG,13,1,0.752,0.347,1.098
Haven,Okeanos,EG,Omen,1.1,212.0,14,11,9,3,78.0,120.0,39.0,1.0,1.0,0.0,LOUD,5,EG,13,1,0.657,0.418,1.075
Haven,bao,EG,Killjoy,0.82,184.0,13,13,3,0,72.0,125.0,25.0,1.0,1.0,0.0,LOUD,5,EG,13,1,0.55,0.312,0.862
Abyss,lukxo,LOUD,Chamber,1.41,245.0,23,12,2,11,77.0,174.0,36.0,4.0,6.0,-2.0,LOUD,12,EG,14,0,0.83,0.356,1.186
Abyss,pANcada,LOUD,Astra,1.03,169.0,14,15,8,-1,85.0,123.0,23.0,2.0,0.0,2.0,LOUD,12,EG,14,0,0.566,0.438,1.004
Abyss,Darker,LOUD,Kayo,1.01,193.0,18,19,13,-1,65.0,113.0,18.0,2.0,1.0,1.0,LOUD,12,EG,14,0,0.58,0.396,0.975
Abyss,cauanzin,LOUD,Sova,0.98,192.0,17,17,8,0,77.0,120.0,27.0,3.0,3.0,0.0,LOUD,12,EG,14,0,0.619,0.384,1.003
Abyss,Virtyy,LOUD,Waylay,0.8,183.0,18,19,4,-1,69.0,110.0,19.0,1.0,4.0,-3.0,LOUD,12,EG,14,0,0.537,0.285,0.822
Abyss,supamen,EG,Astra,1.37,242.0,22,15,10,7,69.0,155.0,52.0,2.0,0.0,2.0,LOUD,12,EG,14,1,0.813,0.458,1.272
Abyss,dgzin,EG,Yoru,1.11,266.0,23,19,2,4,73.0,157.0,36.0,7.0,3.0,4.0,LOUD,12,EG,14,1,0.782,0.356,1.138
Abyss,bao,EG,Veto,0.87,191.0,17,21,2,-4,65.0,125.0,40.0,4.0,1.0,3.0,LOUD,12,EG,14,1,0.566,0.327,0.892
Abyss,Okeanos,EG,Breach,0.73,130.0,12,17,10,-5,65.0,73.0,32.0,0.0,3.0,-3.0,LOUD,12,EG,14,1,0.41,0.327,0.737
Abyss,C0M,EG,Sova,0.61,92.0,8,18,6,-10,58.0,76.0,32.0,1.0,5.0,-4.0,LOUD,12,EG,14,1,0.365,0.269,0.634
Bind,NagZ,KRÜ,Viper,1.08,204.0,13,13,1,0,53.0,116.0,35.0,0.0,0.0,0.0,KRU,4,LEV,13,0,0.594,0.317,0.911
Bind,Governor,KRÜ,Skye,0.71,150.0,8,14,6,-6,59.0,97.0,29.0,0.0,0.0,0.0,KRU,4,LEV,13,0,0.412,0.321,0.732
Bind,benG,KRÜ,Brimstone,0.57,110.0,5,12,6,-7,53.0,69.0,17.0,1.0,1.0,0.0,KRU,4,LEV,13,0,0.337,0.287,0.624
Bind,infiltrator,KRÜ,Chamber,0.49,139.0,7,15,2,-8,41.0,90.0,32.0,3.0,7.0,-4.0,KRU,4,LEV,13,0,0.407,0.194,0.601
Bind,mta,KRÜ,Waylay,0.33,72.0,4,13,1,-9,47.0,45.0,27.0,0.0,5.0,-5.0,KRU,4,LEV,13,0,0.333,0.204,0.537
Bind,Neon,LEV,Yoru,1.81,291.0,19,5,3,14,94.0,181.0,21.0,5.0,0.0,5.0,KRU,4,LEV,13,1,0.834,0.448,1.282
Bind,kiNgg,LEV,Brimstone,1.46,283.0,18,8,4,10,82.0,195.0,39.0,0.0,2.0,-2.0,KRU,4,LEV,13,1,0.824,0.381,1.205
Bind,blowz,LEV,Fade,1.32,180.0,10,6,8,4,82.0,120.0,30.0,2.0,0.0,2.0,KRU,4,LEV,13,1,0.666,0.464,1.13
Bind,Sato,LEV,Waylay,1.09,182.0,12,8,0,4,76.0,133.0,38.0,4.0,2.0,2.0,KRU,4,LEV,13,1,0.685,0.355,1.04
Bind,spike,LEV,Viper,0.9,137.0,8,10,8,-2,76.0,92.0,28.0,2.0,0.0,2.0,KRU,4,LEV,13,1,0.481,0.409,0.89
Split,mta,KRÜ,Raze,1.14,220.0,18,17,2,1,78.0,129.0,20.0,5.0,2.0,3.0,KRU,10,LEV,13,0,0.665,0.368,1.033
Split,NagZ,KRÜ,Viper,0.98,171.0,16,15,2,1,65.0,140.0,33.0,1.0,3.0,-2.0,KRU,10,LEV,13,0,0.61,0.29,0.9
Split,infiltrator,KRÜ,Yoru,0.87,205.0,17,19,7,-2,65.0,133.0,19.0,2.0,5.0,-3.0,KRU,10,LEV,13,0,0.566,0.319,0.885
Split,Governor,KRÜ,Fade,0.83,164.0,11,16,11,-5,70.0,113.0,21.0,0.0,2.0,-2.0,KRU,10,LEV,13,0,0.444,0.35,0.794
Split,benG,KRÜ,Astra,0.82,158.0,13,17,5,-4,61.0,112.0,39.0,0.0,3.0,-3.0,KRU,10,LEV,13,0,0.487,0.285,0.771
Split,spike,LEV,Viper,1.36,247.0,22,13,4,9,74.0,154.0,16.0,2.0,1.0,1.0,KRU,10,LEV,13,1,0.77,0.392,1.162
Split,Neon,LEV,Yoru,1.12,233.0,20,16,3,4,78.0,135.0,25.0,8.0,2.0,6.0,KRU,10,LEV,13,1,0.734,0.366,1.1
Split,blowz,LEV,Fade,0.85,191.0,16,17,6,-1,87.0,125.0,32.0,0.0,2.0,-2.0,KRU,10,LEV,13,1,0.565,0.347,0.912
Split,Sato,LEV,Waylay,0.85,189.0,15,16,5,-1,65.0,116.0,32.0,4.0,2.0,2.0,KRU,10,LEV,13,1,0.583,0.333,0.917
Split,kiNgg,LEV,Omen,0.81,132.0,11,13,5,-2,74.0,78.0,25.0,1.0,1.0,0.0,KRU,10,LEV,13,1,0.454,0.336,0.791
Haven,skuba,NRG,Killjoy,1.28,181.0,15,10,4,5,77.0,138.0,26.0,4.0,2.0,2.0,NRG,13,100T,9,1,0.722,0.388,1.11
Haven,mada,NRG,Neon,1.22,210.0,19,13,1,6,64.0,138.0,26.0,4.0,2.0,2.0,NRG,13,100T,9,1,0.748,0.349,1.096
Haven,keiko,NRG,Viper,1.04,158.0,12,13,5,-1,64.0,111.0,62.0,0.0,1.0,-1.0,NRG,13,100T,9,1,0.569,0.335,0.904
Haven,brawk,NRG,Sova,0.94,156.0,11,14,7,-3,64.0,103.0,9.0,1.0,1.0,0.0,NRG,13,100T,9,1,0.454,0.356,0.809
Haven,Ethan,NRG,Omen,0.81,156.0,11,15,9,-4,82.0,109.0,44.0,4.0,3.0,1.0,NRG,13,100T,9,1,0.509,0.394,0.902
Haven,Cryocells,100T,Veto,1.34,241.0,19,11,2,8,82.0,143.0,48.0,3.0,3.0,0.0,NRG,13,100T,9,0,0.804,0.374,1.178
Haven,Timotino,100T,Neon,0.85,253.0,19,18,4,1,64.0,165.0,32.0,4.0,5.0,-1.0,NRG,13,100T,9,0,0.694,0.295,0.989
Haven,Asuna,100T,Omen,0.77,130.0,9,14,11,-5,77.0,71.0,21.0,1.0,2.0,-1.0,NRG,13,100T,9,0,0.385,0.364,0.749
Haven,bang,100T,Viper,0.73,94.0,9,11,3,-2,68.0,65.0,30.0,1.0,2.0,-1.0,NRG,13,100T,9,0,0.418,0.278,0.695
Haven,vora,100T,Fade,0.63,123.0,9,14,3,-5,73.0,77.0,43.0,0.0,1.0,-1.0,NRG,13,100T,9,0,0.398,0.285,0.682
Corrode,brawk,NRG,Sova,1.55,278.0,23,13,3,10,71.0,171.0,14.0,4.0,2.0,2.0,NRG,13,100T,11,1,0.819,0.387,1.206
Corrode,skuba,NRG,Viper,1.12,164.0,15,13,7,2,75.0,120.0,33.0,2.0,0.0,2.0,NRG,13,100T,11,1,0.634,0.42,1.053
Corrode,mada,NRG,Waylay,0.99,186.0,14,15,8,-1,83.0,113.0,18.0,7.0,3.0,4.0,NRG,13,100T,11,1,0.571,0.416,0.987
Corrode,keiko,NRG,Omen,0.98,236.0,20,19,7,1,67.0,146.0,42.0,4.0,1.0,3.0,NRG,13,100T,11,1,0.704,0.386,1.09
Corrode,Ethan,NRG,Kayo,0.74,130.0,9,17,15,-8,63.0,88.0,23.0,0.0,1.0,-1.0,NRG,13,100T,11,1,0.396,0.346,0.742
Corrode,bang,100T,Omen,1.42,252.0,24,15,6,9,79.0,150.0,47.0,2.0,2.0,0.0,NRG,13,100T,11,0,0.815,0.411,1.226
Corrode,Asuna,100T,Sage,1.1,207.0,17,14,11,3,88.0,128.0,27.0,1.0,2.0,-1.0,NRG,13,100T,11,0,0.659,0.417,1.076
Corrode,Cryocells,100T,Veto,0.81,164.0,14,16,1,-2,75.0,126.0,40.0,1.0,1.0,0.0,NRG,13,100T,11,0,0.533,0.316,0.849
Corrode,vora,100T,Fade,0.7,124.0,11,17,8,-6,75.0,79.0,22.0,1.0,5.0,-4.0,NRG,13,100T,11,0,0.39,0.329,0.719
Corrode,Timotino,100T,Waylay,0.58,154.0,11,19,7,-8,58.0,96.0,25.0,2.0,7.0,-5.0,NRG,13,100T,11,0,0.422,0.277,0.699
Corrode,trent,G2,Skye,1.19,218.0,17,15,14,2,88.0,146.0,36.0,1.0,0.0,1.0,G2,13,C9,11,1,0.682,0.462,1.144
Corrode,jawgemo,G2,Waylay,1.15,214.0,17,14,8,3,75.0,134.0,15.0,5.0,3.0,2.0,G2,13,C9,11,1,0.684,0.415,1.099
Corrode,leaf,G2,Viper,1.15,253.0,20,14,5,6,75.0,163.0,13.0,2.0,3.0,-1.0,G2,13,C9,11,1,0.746,0.356,1.103
Corrode,BABYBAY,G2,Iso,0.95,227.0,19,18,7,1,67.0,153.0,26.0,3.0,5.0,-2.0,G2,13,C9,11,1,0.677,0.335,1.012
Corrode,valyn,G2,Astra,0.9,169.0,14,14,9,0,75.0,105.0,26.0,2.0,0.0,2.0,G2,13,C9,11,1,0.56,0.419,0.978
Corrode,penny,C9,Waylay,1.33,272.0,22,17,4,5,67.0,168.0,18.0,2.0,4.0,-2.0,G2,13,C9,11,0,0.791,0.342,1.133
Corrode,OXY,C9,Veto,0.91,204.0,19,19,1,0,67.0,135.0,40.0,4.0,3.0,1.0,G2,13,C9,11,0,0.652,0.312,0.964
Corrode,Zellsis,C9,Sage,0.89,165.0,12,17,12,-5,67.0,101.0,12.0,0.0,2.0,-2.0,G2,13,C9,11,0,0.432,0.351,0.784
Corrode,v1c,C9,Astra,0.83,156.0,11,17,12,-6,67.0,98.0,24.0,2.0,1.0,1.0,G2,13,C9,11,0,0.45,0.38,0.83
Corrode,Xeppaa,C9,Fade,0.76,132.0,11,17,12,-6,63.0,83.0,29.0,3.0,3.0,0.0,G2,13,C9,11,0,0.443,0.348,0.791
Bind,BABYBAY,G2,Chamber,1.56,236.0,21,10,2,11,82.0,149.0,8.0,4.0,2.0,2.0,G2,13,C9,9,1,0.772,0.405,1.177
Bind,leaf,G2,Viper,1.37,237.0,20,11,5,9,82.0,150.0,25.0,0.0,1.0,-1.0,G2,13,C9,9,1,0.758,0.4,1.158
Bind,valyn,G2,Brimstone,1.27,258.0,19,16,10,3,77.0,162.0,26.0,4.0,0.0,4.0,G2,13,C9,9,1,0.762,0.465,1.227
Bind,trent,G2,Skye,0.76,140.0,10,16,11,-6,77.0,104.0,23.0,1.0,0.0,1.0,G2,13,C9,9,1,0.418,0.398,0.816
Bind,jawgemo,G2,Waylay,0.69,163.0,11,16,6,-5,73.0,114.0,16.0,4.0,6.0,-2.0,G2,13,C9,9,1,0.451,0.307,0.758
Bind,v1c,C9,Viper,1.31,240.0,20,15,4,5,77.0,152.0,35.0,4.0,1.0,3.0,G2,13,C9,9,0,0.797,0.405,1.201
Bind,OXY,C9,Chamber,0.99,234.0,18,18,2,0,64.0,149.0,38.0,2.0,3.0,-1.0,G2,13,C9,9,0,0.662,0.298,0.961
Bind,penny,C9,Raze,0.78,186.0,15,18,4,-3,64.0,119.0,32.0,2.0,5.0,-3.0,G2,13,C9,9,0,0.531,0.274,0.806
Bind,Xeppaa,C9,Skye,0.7,152.0,11,16,11,-5,64.0,95.0,38.0,1.0,1.0,0.0,G2,13,C9,9,0,0.435,0.352,0.787
Bind,Zellsis,C9,Brimstone,0.64,89.0,5,14,13,-9,73.0,65.0,12.0,0.0,3.0,-3.0,G2,13,C9,9,0,0.326,0.33,0.657
Pearl,Eggsterr,ENVY,Yoru,1.1,215.0,23,20,6,3,70.0,143.0,16.0,3.0,4.0,-1.0,ENVY,14,EG,16,0,0.705,0.354,1.058
Pearl,Demon1,ENVY,Astra,1.04,232.0,25,20,6,5,80.0,142.0,40.0,1.0,4.0,-3.0,ENVY,14,EG,16,0,0.738,0.351,1.089
Pearl,Rossy,ENVY,Killjoy,0.9,151.0,15,20,6,-5,63.0,107.0,30.0,0.0,1.0,-1.0,ENVY,14,EG,16,0,0.472,0.33,0.802
Pearl,P0PPIN,ENVY,Sova,0.77,171.0,16,20,9,-4,60.0,115.0,20.0,4.0,2.0,2.0,ENVY,14,EG,16,0,0.509,0.361,0.87
Pearl,keznit,ENVY,Neon,0.65,152.0,15,22,7,-7,63.0,92.0,23.0,4.0,7.0,-3.0,ENVY,14,EG,16,0,0.457,0.292,0.749
Pearl,bao,EG,Killjoy,1.5,267.0,30,17,6,13,67.0,197.0,23.0,1.0,2.0,-1.0,ENVY,14,EG,16,1,0.811,0.388,1.199
Pearl,dgzin,EG,Yoru,1.49,254.0,28,18,9,10,70.0,174.0,27.0,7.0,4.0,3.0,ENVY,14,EG,16,1,0.829,0.456,1.286
Pearl,C0M,EG,Sova,0.96,175.0,15,18,10,-3,77.0,118.0,14.0,2.0,1.0,1.0,ENVY,14,EG,16,1,0.518,0.41,0.929
Pearl,supamen,EG,Astra,0.95,135.0,14,20,19,-6,77.0,89.0,28.0,4.0,0.0,4.0,ENVY,14,EG,16,1,0.481,0.432,0.912
Pearl,Okeanos,EG,Waylay,0.69,139.0,15,21,8,-6,70.0,87.0,36.0,4.0,5.0,-1.0,ENVY,14,EG,16,1,0.468,0.332,0.8
Corrode,keznit,ENVY,Waylay,0.99,209.0,12,14,5,-2,67.0,126.0,14.0,3.0,1.0,2.0,ENVY,5,EG,13,0,0.559,0.361,0.92
Corrode,Demon1,ENVY,Viper,0.84,140.0,10,14,1,-4,67.0,105.0,33.0,0.0,2.0,-2.0,ENVY,5,EG,13,0,0.455,0.279,0.734
Corrode,Eggsterr,ENVY,Yoru,0.67,176.0,9,16,7,-7,78.0,112.0,37.0,3.0,4.0,-1.0,ENVY,5,EG,13,0,0.474,0.333,0.806
Corrode,Rossy,ENVY,Omen,0.66,139.0,8,15,8,-7,61.0,88.0,33.0,0.0,1.0,-1.0,ENVY,5,EG,13,0,0.4,0.323,0.723
Corrode,P0PPIN,ENVY,Fade,0.54,140.0,9,16,7,-7,61.0,73.0,47.0,2.0,2.0,0.0,ENVY,5,EG,13,0,0.413,0.299,0.712
Corrode,dgzin,EG,Yoru,2.39,413.0,30,7,4,23,83.0,270.0,26.0,3.0,1.0,2.0,ENVY,5,EG,13,1,0.856,0.427,1.283
Corrode,supamen,EG,Viper,2.02,377.0,25,8,4,17,94.0,270.0,38.0,4.0,1.0,3.0,ENVY,5,EG,13,1,0.871,0.45,1.321
Corrode,C0M,EG,Sova,0.87,181.0,9,11,5,-2,78.0,123.0,14.0,1.0,0.0,1.0,ENVY,5,EG,13,1,0.487,0.367,0.855
Corrode,Okeanos,EG,Waylay,0.71,108.0,7,10,1,-3,67.0,68.0,47.0,2.0,3.0,-1.0,ENVY,5,EG,13,1,0.433,0.274,0.707
Corrode,bao,EG,Omen,0.34,70.0,4,13,11,-9,72.0,52.0,17.0,0.0,3.0,-3.0,ENVY,5,EG,13,1,0.319,0.313,0.631
Corrode,Reduxx,SEN,Waylay,1.17,176.0,15,12,4,3,78.0,121.0,16.0,4.0,6.0,-2.0,SEN,10,LEV,13,0,0.652,0.343,0.995
Corrode,Kyu,SEN,Sova,1.15,237.0,18,16,5,2,65.0,157.0,26.0,3.0,2.0,1.0,SEN,10,LEV,13,0,0.716,0.357,1.073
Corrode,N4RRATE,SEN,Neon,1.02,248.0,20,18,5,2,70.0,155.0,24.0,5.0,1.0,4.0,SEN,10,LEV,13,0,0.713,0.373,1.086
Corrode,johnqt,SEN,Omen,0.79,126.0,9,15,15,-6,74.0,85.0,24.0,0.0,0.0,0.0,SEN,10,LEV,13,0,0.398,0.388,0.787
Corrode,cortezia,SEN,Viper,0.73,139.0,12,18,2,-6,65.0,97.0,38.0,1.0,1.0,0.0,SEN,10,LEV,13,0,0.437,0.29,0.728
Corrode,Sato,LEV,Waylay,1.3,286.0,23,18,5,5,65.0,166.0,17.0,4.0,4.0,0.0,SEN,10,LEV,13,1,0.807,0.364,1.171
Corrode,blowz,LEV,Fade,1.14,167.0,14,11,5,3,61.0,101.0,23.0,0.0,2.0,-2.0,SEN,10,LEV,13,1,0.607,0.323,0.93
Corrode,spike,LEV,Viper,1.01,224.0,16,15,10,1,78.0,159.0,42.0,2.0,3.0,-1.0,SEN,10,LEV,13,1,0.676,0.391,1.067
Corrode,Neon,LEV,Chamber,0.84,154.0,14,14,3,0,65.0,107.0,19.0,2.0,3.0,-1.0,SEN,10,LEV,13,1,0.537,0.284,0.821
Corrode,kiNgg,LEV,Omen,0.77,143.0,12,16,5,-4,65.0,78.0,36.0,2.0,1.0,1.0,SEN,10,LEV,13,1,0.459,0.326,0.784
Bind,N4RRATE,SEN,Chamber,1.14,248.0,21,20,2,1,73.0,154.0,21.0,8.0,4.0,4.0,SEN,12,LEV,14,0,0.71,0.359,1.07
Bind,cortezia,SEN,Viper,0.95,209.0,20,19,3,1,58.0,141.0,38.0,1.0,3.0,-2.0,SEN,12,LEV,14,0,0.65,0.276,0.925
Bind,Reduxx,SEN,Waylay,0.85,191.0,18,18,2,0,62.0,123.0,32.0,2.0,4.0,-2.0,SEN,12,LEV,14,0,0.603,0.272,0.874
Bind,Kyu,SEN,Skye,0.71,129.0,12,17,9,-5,65.0,77.0,24.0,0.0,4.0,-4.0,SEN,12,LEV,14,0,0.4,0.324,0.724
Bind,johnqt,SEN,Brimstone,0.64,89.0,7,17,5,-10,62.0,64.0,23.0,0.0,0.0,0.0,SEN,12,LEV,14,0,0.344,0.307,0.651
Bind,kiNgg,LEV,Brimstone,1.32,250.0,24,15,8,9,77.0,160.0,48.0,3.0,2.0,1.0,SEN,12,LEV,14,1,0.826,0.428,1.254
Bind,Neon,LEV,Yoru,1.16,188.0,18,14,4,4,69.0,121.0,31.0,7.0,1.0,6.0,SEN,12,LEV,14,1,0.706,0.375,1.082
Bind,spike,LEV,Viper,1.01,203.0,17,17,9,0,81.0,142.0,31.0,2.0,1.0,1.0,SEN,12,LEV,14,1,0.632,0.422,1.054
Bind,blowz,LEV,Fade,0.92,144.0,14,14,8,0,73.0,101.0,34.0,0.0,0.0,0.0,SEN,12,LEV,14,1,0.542,0.389,0.931
Bind,Sato,LEV,Waylay,0.88,194.0,18,18,7,0,77.0,121.0,34.0,3.0,7.0,-4.0,SEN,12,LEV,14,1,0.623,0.34,0.964
Pearl,keiko,NRG,Killjoy,1.18,252.0,14,14,2,0,75.0,188.0,38.0,1.0,0.0,1.0,NRG,3,G2,13,0,0.683,0.373,1.056
Pearl,skuba,NRG,Astra,1.12,230.0,13,14,7,-1,81.0,132.0,52.0,0.0,1.0,-1.0,NRG,3,G2,13,0,0.624,0.395,1.019
Pearl,mada,NRG,Waylay,0.56,181.0,10,15,5,-5,75.0,105.0,33.0,1.0,6.0,-5.0,NRG,3,G2,13,0,0.43,0.281,0.71
Pearl,Ethan,NRG,Tejo,0.47,168.0,7,16,4,-9,56.0,115.0,26.0,3.0,3.0,0.0,NRG,3,G2,13,0,0.43,0.252,0.682
Pearl,brawk,NRG,Sova,0.22,82.0,2,15,6,-13,50.0,67.0,6.0,0.0,1.0,-1.0,NRG,3,G2,13,0,0.299,0.265,0.564
Pearl,trent,G2,Sova,1.67,256.0,18,6,7,12,88.0,162.0,19.0,0.0,0.0,0.0,NRG,3,G2,13,1,0.767,0.461,1.229
Pearl,BABYBAY,G2,Yoru,1.54,241.0,15,7,8,8,88.0,169.0,30.0,1.0,0.0,1.0,NRG,3,G2,13,1,0.766,0.481,1.247
Pearl,jawgemo,G2,Phoenix,1.33,323.0,17,13,12,4,81.0,205.0,24.0,6.0,1.0,5.0,NRG,3,G2,13,1,0.805,0.469,1.274
Pearl,valyn,G2,Astra,1.27,217.0,14,9,5,5,81.0,152.0,28.0,1.0,1.0,0.0,NRG,3,G2,13,1,0.715,0.397,1.112
Pearl,leaf,G2,Veto,0.89,176.0,10,11,5,-1,75.0,125.0,19.0,3.0,3.0,0.0,NRG,3,G2,13,1,0.547,0.337,0.884
Split,keiko,NRG,Astra,0.98,208.0,16,16,7,0,76.0,116.0,43.0,1.0,1.0,0.0,NRG,8,G2,13,0,0.608,0.38,0.988
Split,mada,NRG,Waylay,0.87,188.0,14,17,4,-3,62.0,123.0,42.0,2.0,6.0,-4.0,NRG,8,G2,13,0,0.551,0.281,0.832
Split,brawk,NRG,Tejo,0.83,156.0,10,16,6,-6,43.0,121.0,22.0,1.0,2.0,-1.0,NRG,8,G2,13,0,0.442,0.28,0.722
Split,skuba,NRG,Viper,0.75,156.0,10,16,4,-6,62.0,110.0,13.0,1.0,4.0,-3.0,NRG,8,G2,13,0,0.412,0.268,0.68
Split,Ethan,NRG,Skye,0.7,117.0,8,17,5,-9,62.0,71.0,15.0,2.0,1.0,1.0,NRG,8,G2,13,0,0.372,0.313,0.685
Split,valyn,G2,Astra,1.54,249.0,18,9,12,9,86.0,170.0,30.0,2.0,0.0,2.0,NRG,8,G2,13,1,0.8,0.497,1.297
Split,jawgemo,G2,Neon,1.43,293.0,23,12,5,11,81.0,165.0,16.0,5.0,2.0,3.0,NRG,8,G2,13,1,0.82,0.426,1.246
Split,BABYBAY,G2,Waylay,1.16,259.0,20,14,5,6,71.0,151.0,13.0,7.0,2.0,5.0,NRG,8,G2,13,1,0.758,0.381,1.138
Split,trent,G2,Fade,1.01,160.0,13,10,4,3,86.0,108.0,34.0,0.0,1.0,-1.0,NRG,8,G2,13,1,0.604,0.358,0.962
Split,leaf,G2,Viper,0.67,119.0,8,13,4,-5,67.0,83.0,24.0,0.0,2.0,-2.0,NRG,8,G2,13,1,0.377,0.272,0.649
Haven,Cryocells,100T,Veto,1.18,219.0,20,14,1,6,67.0,154.0,33.0,1.0,3.0,-2.0,100T,13,EG,11,1,0.742,0.315,1.057
Haven,vora,100T,Fade,1.08,190.0,14,16,9,-2,71.0,131.0,27.0,2.0,2.0,0.0,100T,13,EG,11,1,0.577,0.395,0.972
Haven,bang,100T,Viper,0.93,187.0,16,18,7,-2,67.0,118.0,22.0,2.0,5.0,-3.0,100T,13,EG,11,1,0.553,0.329,0.882
Haven,Timotino,100T,Neon,0.93,202.0,16,18,6,-2,63.0,126.0,45.0,5.0,2.0,3.0,100T,13,EG,11,1,0.609,0.354,0.963
Haven,Asuna,100T,Omen,0.73,112.0,9,15,8,-6,42.0,70.0,18.0,0.0,2.0,-2.0,100T,13,EG,11,1,0.367,0.281,0.648
Haven,C0M,EG,Sova,1.15,199.0,18,13,6,5,63.0,116.0,22.0,4.0,2.0,2.0,100T,13,EG,11,0,0.71,0.373,1.083
Haven,dgzin,EG,Neon,1.11,245.0,22,17,2,5,67.0,163.0,19.0,5.0,5.0,0.0,100T,13,EG,11,0,0.768,0.325,1.093
Haven,Okeanos,EG,Omen,0.97,162.0,14,15,9,-1,58.0,101.0,31.0,2.0,2.0,0.0,100T,13,EG,11,0,0.552,0.362,0.914
Haven,supamen,EG,Viper,0.93,197.0,16,17,7,-1,75.0,139.0,37.0,2.0,1.0,1.0,100T,13,EG,11,0,0.606,0.382,0.988
Haven,bao,EG,Killjoy,0.87,146.0,11,13,6,-2,79.0,106.0,32.0,1.0,0.0,1.0,100T,13,EG,11,0,0.495,0.38,0.875
Bind,Cryocells,100T,Chamber,1.42,259.0,27,17,1,10,75.0,158.0,25.0,8.0,5.0,3.0,100T,15,EG,13,1,0.813,0.393,1.206
Bind,Asuna,100T,Brimstone,1.2,216.0,19,17,15,2,82.0,147.0,27.0,2.0,1.0,1.0,100T,15,EG,13,1,0.696,0.444,1.14
Bind,Timotino,100T,Waylay,0.98,219.0,21,23,9,-2,61.0,148.0,31.0,3.0,5.0,-2.0,100T,15,EG,13,1,0.644,0.351,0.994
Bind,vora,100T,Skye,0.95,162.0,16,19,13,-3,61.0,98.0,25.0,0.0,0.0,0.0,100T,15,EG,13,1,0.505,0.383,0.888
Bind,bang,100T,Viper,0.8,127.0,12,18,5,-6,68.0,83.0,29.0,2.0,2.0,0.0,100T,15,EG,13,1,0.434,0.316,0.75
Bind,dgzin,EG,Yoru,1.32,268.0,29,17,3,12,79.0,183.0,41.0,8.0,4.0,4.0,100T,15,EG,13,0,0.843,0.389,1.231
Bind,Okeanos,EG,Waylay,1.0,214.0,21,19,7,2,75.0,127.0,37.0,3.0,1.0,2.0,100T,15,EG,13,0,0.697,0.398,1.094
Bind,supamen,EG,Viper,0.91,152.0,15,18,10,-3,71.0,100.0,41.0,1.0,3.0,-2.0,100T,15,EG,13,0,0.512,0.36,0.872
Bind,bao,EG,Brimstone,0.86,192.0,16,21,13,-5,71.0,139.0,32.0,0.0,5.0,-5.0,100T,15,EG,13,0,0.515,0.35,0.866
Bind,C0M,EG,Fade,0.66,126.0,13,20,8,-7,64.0,88.0,21.0,1.0,2.0,-1.0,100T,15,EG,13,0,0.401,0.319,0.72
Bind,v1c,C9,Viper,1.92,328.0,23,7,5,16,94.0,199.0,43.0,2.0,1.0,1.0,C9,13,LEV,5,1,0.861,0.448,1.309
Bind,Zellsis,C9,Brimstone,1.26,249.0,17,10,5,7,67.0,150.0,41.0,2.0,1.0,1.0,C9,13,LEV,5,1,0.772,0.381,1.153
Bind,OXY,C9,Chamber,1.15,211.0,14,9,1,5,61.0,116.0,17.0,6.0,3.0,3.0,C9,13,LEV,5,1,0.69,0.34,1.031
Bind,penny,C9,Raze,0.86,157.0,9,11,6,-2,61.0,121.0,22.0,2.0,1.0,1.0,C9,13,LEV,5,1,0.502,0.34,0.841
Bind,Xeppaa,C9,Skye,0.71,99.0,5,10,8,-5,72.0,69.0,10.0,0.0,0.0,0.0,C9,13,LEV,5,1,0.334,0.365,0.699
Bind,blowz,LEV,Fade,1.06,191.0,12,13,3,-1,61.0,115.0,33.0,3.0,0.0,3.0,C9,13,LEV,5,0,0.593,0.349,0.943
Bind,kiNgg,LEV,Brimstone,0.88,185.0,11,14,1,-3,56.0,119.0,16.0,0.0,1.0,-1.0,C9,13,LEV,5,0,0.486,0.283,0.768
Bind,spike,LEV,Viper,0.87,193.0,11,13,3,-2,72.0,130.0,25.0,0.0,3.0,-3.0,C9,13,LEV,5,0,0.524,0.286,0.81
Bind,Neon,LEV,Yoru,0.74,169.0,10,14,3,-4,78.0,115.0,19.0,3.0,2.0,1.0,C9,13,LEV,5,0,0.476,0.312,0.788
Bind,Sato,LEV,Waylay,0.19,59.0,3,14,4,-11,39.0,46.0,15.0,0.0,6.0,-6.0,C9,13,LEV,5,0,0.315,0.202,0.517
Breeze,v1c,C9,Astra,1.43,189.0,16,7,7,9,85.0,139.0,29.0,0.0,1.0,-1.0,C9,13,LEV,7,1,0.721,0.434,1.155
Breeze,OXY,C9,Jett,1.32,292.0,20,15,4,5,75.0,189.0,10.0,6.0,1.0,5.0,C9,13,LEV,7,1,0.808,0.402,1.21
Breeze,Zellsis,C9,Kayo,1.07,182.0,14,12,9,2,70.0,107.0,17.0,1.0,2.0,-1.0,C9,13,LEV,7,1,0.587,0.384,0.971
Breeze,Xeppaa,C9,Sova,1.01,195.0,13,12,7,1,80.0,130.0,20.0,0.0,1.0,-1.0,C9,13,LEV,7,1,0.587,0.381,0.968
Breeze,penny,C9,Viper,0.91,180.0,14,12,8,2,75.0,117.0,24.0,3.0,5.0,-2.0,C9,13,LEV,7,1,0.616,0.356,0.972
Breeze,kiNgg,LEV,Astra,1.39,223.0,17,13,3,4,65.0,139.0,39.0,3.0,0.0,3.0,C9,13,LEV,7,0,0.764,0.391,1.155
Breeze,Neon,LEV,Jett,1.26,234.0,16,14,2,2,70.0,167.0,36.0,3.0,4.0,-1.0,C9,13,LEV,7,0,0.736,0.337,1.073
Breeze,blowz,LEV,Sova,0.66,161.0,11,16,1,-5,50.0,103.0,21.0,1.0,0.0,1.0,C9,13,LEV,7,0,0.418,0.276,0.694
Breeze,Sato,LEV,Yoru,0.43,83.0,6,16,4,-10,65.0,68.0,29.0,1.0,2.0,-1.0,C9,13,LEV,7,0,0.339,0.258,0.597
Breeze,spike,LEV,Viper,0.41,131.0,8,18,3,-10,55.0,88.0,26.0,2.0,4.0,-2.0,C9,13,LEV,7,0,0.384,0.222,0.606
Bind,Mazino,MIBR,Brimstone,1.2,227.0,17,13,7,4,71.0,148.0,19.0,2.0,1.0,1.0,MIBR,13,FUR,8,1,0.711,0.404,1.115
Bind,zekken,MIBR,Yoru,1.19,173.0,13,9,5,4,86.0,101.0,29.0,3.0,1.0,2.0,MIBR,13,FUR,8,1,0.664,0.414,1.078
Bind,tex,MIBR,Viper,1.14,238.0,16,15,9,1,76.0,151.0,20.0,3.0,2.0,1.0,MIBR,13,FUR,8,1,0.679,0.419,1.097
Bind,Verno,MIBR,Fade,1.04,184.0,14,12,7,2,86.0,104.0,25.0,3.0,1.0,2.0,MIBR,13,FUR,8,1,0.625,0.42,1.045
Bind,aspas,MIBR,Raze,0.8,152.0,12,13,2,-1,57.0,123.0,17.0,3.0,2.0,1.0,MIBR,13,FUR,8,1,0.53,0.284,0.814
Bind,eeiu,FUR,Fade,1.46,234.0,17,11,4,6,62.0,149.0,32.0,1.0,2.0,-1.0,MIBR,13,FUR,8,0,0.76,0.356,1.117
Bind,nerve,FUR,Viper,1.03,181.0,12,14,12,-2,76.0,128.0,30.0,1.0,0.0,1.0,MIBR,13,FUR,8,0,0.545,0.425,0.971
Bind,koalanoob,FUR,Yoru,0.93,193.0,15,16,1,-1,57.0,115.0,26.0,3.0,3.0,0.0,MIBR,13,FUR,8,0,0.585,0.289,0.874
Bind,alym,FUR,Waylay,0.62,148.0,11,16,4,-5,52.0,93.0,26.0,2.0,6.0,-4.0,MIBR,13,FUR,8,0,0.423,0.237,0.661
Bind,artzin,FUR,Brimstone,0.4,111.0,7,15,9,-8,71.0,82.0,36.0,0.0,3.0,-3.0,MIBR,13,FUR,8,0,0.363,0.311,0.675
Abyss,Mazino,MIBR,Kayo,0.99,190.0,13,15,4,-2,52.0,129.0,43.0,3.0,4.0,-1.0,MIBR,8,FUR,13,0,0.595,0.29,0.885
Abyss,tex,MIBR,Astra,0.93,197.0,15,14,4,1,76.0,117.0,38.0,2.0,2.0,0.0,MIBR,8,FUR,13,0,0.618,0.332,0.95
Abyss,aspas,MIBR,Jett,0.92,182.0,14,13,1,1,67.0,116.0,26.0,1.0,2.0,-1.0,MIBR,8,FUR,13,0,0.575,0.296,0.871
Abyss,Verno,MIBR,Sova,0.87,164.0,12,14,4,-2,71.0,131.0,26.0,0.0,0.0,0.0,MIBR,8,FUR,13,0,0.517,0.336,0.852
Abyss,zekken,MIBR,Omen,0.58,170.0,11,17,5,-6,71.0,120.0,22.0,2.0,5.0,-3.0,MIBR,8,FUR,13,0,0.442,0.276,0.718
Abyss,koalanoob,FUR,Omen,1.47,308.0,23,14,7,9,90.0,185.0,23.0,7.0,3.0,4.0,MIBR,8,FUR,13,1,0.848,0.468,1.316
Abyss,alym,FUR,Waylay,1.12,191.0,14,13,7,1,81.0,127.0,27.0,3.0,1.0,2.0,MIBR,8,FUR,13,1,0.639,0.42,1.06
Abyss,artzin,FUR,Astra,1.03,186.0,14,12,3,2,76.0,111.0,31.0,2.0,2.0,0.0,MIBR,8,FUR,13,1,0.622,0.331,0.953
Abyss,nerve,FUR,Tejo,1.02,199.0,16,14,4,2,76.0,121.0,12.0,1.0,1.0,0.0,MIBR,8,FUR,13,1,0.599,0.351,0.95
Abyss,eeiu,FUR,Sova,0.79,95.0,6,12,8,-6,81.0,75.0,11.0,0.0,1.0,-1.0,MIBR,8,FUR,13,1,0.347,0.371,0.718
Haven,Mazino,MIBR,Viper,1.09,252.0,21,18,3,3,67.0,168.0,16.0,2.0,1.0,1.0,MIBR,11,FUR,13,0,0.723,0.34,1.063
Haven,zekken,MIBR,Omen,1.07,206.0,16,13,5,3,79.0,129.0,32.0,3.0,4.0,-1.0,MIBR,11,FUR,13,0,0.688,0.354,1.042
Haven,tex,MIBR,Killjoy,0.87,196.0,16,16,2,0,67.0,129.0,33.0,1.0,1.0,0.0,MIBR,11,FUR,13,0,0.588,0.309,0.897
Haven,Verno,MIBR,Sova,0.82,153.0,13,15,4,-2,79.0,108.0,21.0,1.0,2.0,-1.0,MIBR,11,FUR,13,0,0.489,0.317,0.805
Haven,aspas,MIBR,Neon,0.55,121.0,11,17,4,-6,58.0,79.0,29.0,4.0,5.0,-1.0,MIBR,11,FUR,13,0,0.413,0.253,0.665
Haven,artzin,FUR,Killjoy,1.31,180.0,16,11,6,5,75.0,133.0,29.0,1.0,1.0,0.0,MIBR,11,FUR,13,1,0.7,0.402,1.102
Haven,alym,FUR,Neon,1.21,238.0,19,17,6,2,75.0,155.0,27.0,5.0,3.0,2.0,MIBR,11,FUR,13,1,0.728,0.399,1.127
Haven,nerve,FUR,Viper,1.01,171.0,14,17,6,-3,71.0,115.0,15.0,3.0,0.0,3.0,MIBR,11,FUR,13,1,0.532,0.394,0.926
Haven,eeiu,FUR,Sova,0.98,151.0,14,14,9,0,58.0,100.0,22.0,1.0,1.0,0.0,MIBR,11,FUR,13,1,0.536,0.372,0.908
Haven,koalanoob,FUR,Omen,0.85,187.0,16,18,7,-2,67.0,111.0,38.0,3.0,6.0,-3.0,MIBR,11,FUR,13,1,0.576,0.32,0.896
Breeze,aspas,MIBR,Jett,1.81,295.0,18,6,1,12,80.0,188.0,32.0,2.0,2.0,0.0,MIBR,13,FUR,2,1,0.833,0.385,1.218
Breeze,zekken,MIBR,Yoru,1.6,302.0,17,8,6,9,87.0,170.0,27.0,5.0,1.0,4.0,MIBR,13,FUR,2,1,0.826,0.461,1.286
Breeze,Verno,MIBR,Sova,1.39,180.0,9,5,8,4,100.0,123.0,50.0,1.0,0.0,1.0,MIBR,13,FUR,2,1,0.678,0.493,1.17
Breeze,Mazino,MIBR,Astra,1.26,248.0,14,10,7,4,93.0,165.0,50.0,1.0,1.0,0.0,MIBR,13,FUR,2,1,0.747,0.438,1.185
Breeze,tex,MIBR,Viper,1.12,160.0,9,6,2,3,73.0,120.0,42.0,2.0,0.0,2.0,MIBR,13,FUR,2,1,0.629,0.372,1.001
Breeze,koalanoob,FUR,Jett,0.78,204.0,11,14,2,-3,60.0,123.0,28.0,2.0,4.0,-2.0,MIBR,13,FUR,2,0,0.519,0.261,0.78
Breeze,artzin,FUR,Astra,0.68,158.0,7,12,5,-5,80.0,100.0,35.0,0.0,0.0,0.0,MIBR,13,FUR,2,0,0.417,0.342,0.759
Breeze,eeiu,FUR,Sova,0.63,138.0,7,14,2,-7,67.0,86.0,38.0,0.0,1.0,-1.0,MIBR,13,FUR,2,0,0.396,0.274,0.671
Breeze,nerve,FUR,Viper,0.33,91.0,3,13,4,-10,47.0,69.0,21.0,0.0,0.0,0.0,MIBR,13,FUR,2,0,0.329,0.255,0.584
Breeze,alym,FUR,Yoru,0.26,119.0,7,14,1,-7,47.0,76.0,27.0,2.0,6.0,-4.0,MIBR,13,FUR,2,0,0.367,0.204,0.571
Split,zekken,MIBR,Yoru,1.18,267.0,20,16,6,4,71.0,172.0,24.0,6.0,1.0,5.0,MIBR,8,FUR,13,0,0.78,0.403,1.183
Split,Mazino,MIBR,Omen,1.15,217.0,14,14,13,0,86.0,143.0,16.0,1.0,1.0,0.0,MIBR,8,FUR,13,0,0.604,0.437,1.041
Split,aspas,MIBR,Raze,1.0,204.0,17,15,2,2,81.0,136.0,21.0,3.0,5.0,-2.0,MIBR,8,FUR,13,0,0.659,0.319,0.978
Split,tex,MIBR,Viper,0.73,169.0,13,16,2,-3,71.0,104.0,21.0,2.0,1.0,1.0,MIBR,8,FUR,13,0,0.484,0.309,0.793
Split,Verno,MIBR,Fade,0.69,141.0,9,14,7,-5,71.0,101.0,10.0,0.0,1.0,-1.0,MIBR,8,FUR,13,0,0.382,0.332,0.714
Split,koalanoob,FUR,Yoru,1.38,235.0,18,13,5,5,86.0,140.0,17.0,3.0,3.0,0.0,MIBR,8,FUR,13,1,0.76,0.408,1.168
Split,artzin,FUR,Omen,1.09,224.0,15,16,11,-1,81.0,151.0,23.0,2.0,2.0,0.0,MIBR,8,FUR,13,1,0.622,0.413,1.035
Split,eeiu,FUR,Fade,1.06,195.0,16,14,1,2,67.0,131.0,19.0,2.0,1.0,1.0,MIBR,8,FUR,13,1,0.635,0.337,0.972
Split,nerve,FUR,Viper,0.86,168.0,14,14,3,0,67.0,113.0,23.0,1.0,2.0,-1.0,MIBR,8,FUR,13,1,0.541,0.29,0.831
Split,alym,FUR,Waylay,0.74,191.0,12,16,4,-4,67.0,124.0,29.0,1.0,4.0,-3.0,MIBR,8,FUR,13,1,0.485,0.275,0.761
Pearl,bang,100T,Astra,1.55,246.0,24,14,10,10,88.0,174.0,41.0,1.0,0.0,1.0,100T,14,C9,12,1,0.812,0.492,1.304
Pearl,Asuna,100T,Kayo,1.04,178.0,15,17,18,-2,85.0,111.0,22.0,0.0,1.0,-1.0,100T,14,C9,12,1,0.537,0.415,0.952
Pearl,vora,100T,Fade,0.91,192.0,17,20,12,-3,69.0,138.0,19.0,1.0,3.0,-2.0,100T,14,C9,12,1,0.537,0.357,0.894
Pearl,Cryocells,100T,Veto,0.9,205.0,19,20,4,-1,77.0,137.0,23.0,6.0,3.0,3.0,100T,14,C9,12,1,0.617,0.352,0.968
Pearl,Timotino,100T,Waylay,0.85,211.0,18,22,9,-4,73.0,148.0,19.0,7.0,4.0,3.0,100T,14,C9,12,1,0.566,0.396,0.961
Pearl,OXY,C9,Chamber,1.22,252.0,25,16,2,9,69.0,163.0,20.0,6.0,5.0,1.0,100T,14,C9,12,0,0.785,0.348,1.133
Pearl,Xeppaa,C9,Tejo,1.07,230.0,23,20,4,3,81.0,155.0,26.0,2.0,1.0,1.0,100T,14,C9,12,0,0.717,0.373,1.09
Pearl,v1c,C9,Astra,0.96,198.0,17,17,10,0,81.0,122.0,17.0,0.0,1.0,-1.0,100T,14,C9,12,0,0.576,0.4,0.976
Pearl,Zellsis,C9,Kayo,0.93,157.0,14,18,20,-4,85.0,86.0,19.0,2.0,3.0,-1.0,100T,14,C9,12,0,0.474,0.394,0.869
Pearl,penny,C9,Neon,0.63,152.0,14,22,7,-8,69.0,105.0,23.0,1.0,5.0,-4.0,100T,14,C9,12,0,0.429,0.3,0.729
Split,bang,100T,Omen,1.34,229.0,20,15,5,5,83.0,151.0,36.0,2.0,1.0,1.0,100T,11,C9,13,0,0.78,0.416,1.196
Split,Timotino,100T,Waylay,0.96,209.0,16,18,5,-2,71.0,144.0,26.0,6.0,3.0,3.0,100T,11,C9,13,0,0.605,0.359,0.964
Split,Asuna,100T,Sage,0.94,182.0,14,19,11,-5,88.0,112.0,15.0,0.0,4.0,-4.0,100T,11,C9,13,0,0.468,0.387,0.855
Split,Cryocells,100T,Viper,0.79,164.0,15,20,3,-5,71.0,101.0,12.0,1.0,2.0,-1.0,100T,11,C9,13,0,0.435,0.289,0.724
Split,vora,100T,Skye,0.75,158.0,12,20,9,-8,63.0,113.0,38.0,2.0,3.0,-1.0,100T,11,C9,13,0,0.474,0.338,0.812
Split,v1c,C9,Omen,1.51,310.0,26,14,8,12,92.0,199.0,32.0,5.0,3.0,2.0,100T,11,C9,13,1,0.864,0.478,1.341
Split,OXY,C9,Chamber,1.45,267.0,25,14,3,11,83.0,172.0,17.0,6.0,0.0,6.0,100T,11,C9,13,1,0.818,0.428,1.245
Split,Xeppaa,C9,Skye,1.01,220.0,18,17,11,1,83.0,137.0,29.0,1.0,0.0,1.0,100T,11,C9,13,1,0.639,0.435,1.074
Split,Zellsis,C9,Viper,0.77,156.0,12,16,11,-4,75.0,97.0,16.0,1.0,4.0,-3.0,100T,11,C9,13,1,0.435,0.348,0.783
Split,penny,C9,Raze,0.56,137.0,11,16,4,-5,75.0,88.0,13.0,0.0,4.0,-4.0,100T,11,C9,13,1,0.373,0.269,0.642
Abyss,vora,100T,Tejo,1.91,330.0,19,6,3,13,93.0,211.0,30.0,2.0,1.0,1.0,100T,13,C9,2,1,0.837,0.424,1.261
Abyss,Asuna,100T,Kayo,1.33,178.0,10,6,15,4,93.0,119.0,20.0,0.0,1.0,-1.0,100T,13,C9,2,1,0.637,0.459,1.096
Abyss,bang,100T,Astra,1.29,179.0,10,7,12,3,93.0,106.0,17.0,0.0,0.0,0.0,100T,13,C9,2,1,0.605,0.473,1.078
Abyss,Cryocells,100T,Chamber,1.23,204.0,12,7,3,5,87.0,134.0,19.0,4.0,2.0,2.0,100T,13,C9,2,1,0.701,0.388,1.089
Abyss,Timotino,100T,Waylay,1.18,238.0,14,10,3,4,80.0,162.0,30.0,3.0,2.0,1.0,100T,13,C9,2,1,0.74,0.363,1.102
Abyss,OXY,C9,Jett,0.83,235.0,12,15,2,-3,67.0,150.0,39.0,4.0,4.0,0.0,100T,13,C9,2,0,0.59,0.295,0.885
Abyss,v1c,C9,Astra,0.72,170.0,9,13,6,-4,80.0,105.0,24.0,1.0,1.0,0.0,100T,13,C9,2,0,0.44,0.348,0.788
Abyss,Xeppaa,C9,Sova,0.58,153.0,7,12,1,-5,60.0,115.0,22.0,0.0,1.0,-1.0,100T,13,C9,2,0,0.397,0.257,0.654
Abyss,Zellsis,C9,Breach,0.47,91.0,4,13,6,-9,60.0,55.0,25.0,0.0,0.0,0.0,100T,13,C9,2,0,0.331,0.299,0.63
Abyss,penny,C9,Waylay,0.27,83.0,4,13,2,-9,47.0,59.0,5.0,1.0,3.0,-2.0,100T,13,C9,2,0,0.297,0.208,0.505
Breeze,Verno,MIBR,Sova,1.15,217.0,14,14,4,0,68.0,151.0,34.0,1.0,2.0,-1.0,MIBR,6,G2,13,0,0.634,0.333,0.968
Breeze,zekken,MIBR,Yoru,0.9,157.0,9,14,5,-5,74.0,109.0,22.0,2.0,2.0,0.0,MIBR,6,G2,13,0,0.453,0.337,0.789
Breeze,Mazino,MIBR,Astra,0.7,158.0,11,14,4,-3,58.0,99.0,28.0,0.0,0.0,0.0,MIBR,6,G2,13,0,0.458,0.296,0.754
Breeze,tex,MIBR,Viper,0.67,168.0,11,17,2,-6,63.0,113.0,52.0,2.0,4.0,-2.0,MIBR,6,G2,13,0,0.48,0.254,0.734
Breeze,aspas,MIBR,Jett,0.57,144.0,10,16,2,-6,47.0,87.0,59.0,3.0,3.0,0.0,MIBR,6,G2,13,0,0.457,0.234,0.691
Breeze,valyn,G2,Astra,1.96,337.0,25,7,10,18,100.0,223.0,26.0,1.0,0.0,1.0,MIBR,6,G2,13,1,0.826,0.512,1.338
Breeze,BABYBAY,G2,Yoru,1.01,170.0,11,11,4,0,79.0,120.0,23.0,5.0,2.0,3.0,MIBR,6,G2,13,1,0.579,0.367,0.946
Breeze,jawgemo,G2,Neon,0.94,274.0,17,17,4,0,68.0,178.0,31.0,5.0,3.0,2.0,MIBR,6,G2,13,1,0.697,0.337,1.034
Breeze,leaf,G2,Viper,0.94,145.0,12,10,2,2,68.0,87.0,32.0,0.0,1.0,-1.0,MIBR,6,G2,13,1,0.554,0.309,0.863
Breeze,trent,G2,Sova,0.89,147.0,10,10,4,0,79.0,115.0,63.0,0.0,2.0,-2.0,MIBR,6,G2,13,1,0.556,0.315,0.872
Haven,zekken,MIBR,Omen,1.31,275.0,16,14,8,2,82.0,173.0,40.0,1.0,2.0,-1.0,MIBR,4,G2,13,0,0.74,0.418,1.158
Haven,Verno,MIBR,Sova,1.27,251.0,16,13,3,3,82.0,150.0,26.0,2.0,2.0,0.0,MIBR,4,G2,13,0,0.722,0.367,1.089
Haven,aspas,MIBR,Neon,0.58,181.0,9,16,4,-7,65.0,137.0,11.0,1.0,1.0,0.0,MIBR,4,G2,13,0,0.415,0.286,0.701
Haven,tex,MIBR,Killjoy,0.51,129.0,6,15,5,-9,65.0,92.0,26.0,1.0,5.0,-4.0,MIBR,4,G2,13,0,0.368,0.259,0.627
Haven,Mazino,MIBR,Viper,0.36,104.0,4,16,7,-12,47.0,80.0,12.0,1.0,1.0,0.0,MIBR,4,G2,13,0,0.324,0.279,0.603
Haven,valyn,G2,Astra,1.6,357.0,23,11,5,12,88.0,227.0,32.0,3.0,1.0,2.0,MIBR,4,G2,13,1,0.864,0.447,1.311
Haven,BABYBAY,G2,Chamber,1.5,257.0,16,8,3,8,82.0,150.0,15.0,4.0,1.0,3.0,MIBR,4,G2,13,1,0.774,0.419,1.193
Haven,trent,G2,Fade,1.24,227.0,15,9,4,6,76.0,139.0,29.0,2.0,0.0,2.0,MIBR,4,G2,13,1,0.729,0.4,1.13
Haven,leaf,G2,Yoru,0.95,177.0,11,11,6,0,88.0,142.0,31.0,0.0,1.0,-1.0,MIBR,4,G2,13,1,0.571,0.377,0.948
Haven,jawgemo,G2,Phoenix,0.6,143.0,9,12,4,-3,65.0,91.0,11.0,2.0,3.0,-1.0,MIBR,4,G2,13,1,0.414,0.27,0.684
Corrode,Mazino,MIBR,Kayo,1.45,328.0,23,15,5,8,65.0,203.0,36.0,1.0,4.0,-3.0,MIBR,7,G2,13,0,0.836,0.358,1.195
Corrode,zekken,MIBR,Omen,1.11,248.0,17,15,7,2,80.0,168.0,32.0,1.0,4.0,-3.0,MIBR,7,G2,13,0,0.697,0.37,1.067
Corrode,Verno,MIBR,Sova,0.83,193.0,13,16,4,-3,80.0,125.0,39.0,2.0,1.0,1.0,MIBR,7,G2,13,0,0.543,0.346,0.889
Corrode,aspas,MIBR,Waylay,0.49,127.0,10,17,1,-7,70.0,80.0,36.0,2.0,1.0,1.0,MIBR,7,G2,13,0,0.399,0.282,0.68
Corrode,tex,MIBR,Viper,0.49,131.0,9,18,4,-9,55.0,96.0,29.0,1.0,3.0,-2.0,MIBR,7,G2,13,0,0.383,0.233,0.616
Corrode,leaf,G2,Viper,1.3,206.0,17,12,3,5,70.0,143.0,25.0,2.0,2.0,0.0,MIBR,7,G2,13,1,0.732,0.35,1.082
Corrode,trent,G2,Skye,1.24,212.0,16,13,9,3,70.0,124.0,29.0,4.0,1.0,3.0,MIBR,7,G2,13,1,0.702,0.441,1.143
Corrode,valyn,G2,Astra,1.08,235.0,17,15,5,2,75.0,150.0,28.0,2.0,0.0,2.0,MIBR,7,G2,13,1,0.686,0.393,1.079
Corrode,BABYBAY,G2,Waylay,1.04,221.0,16,15,5,1,70.0,149.0,16.0,1.0,2.0,-1.0,MIBR,7,G2,13,1,0.622,0.336,0.958
Corrode,jawgemo,G2,Iso,0.94,235.0,15,17,9,-2,85.0,147.0,30.0,4.0,2.0,2.0,MIBR,7,G2,13,1,0.618,0.421,1.039
Pearl,brawk,NRG,Sova,1.84,267.0,18,5,5,13,100.0,186.0,31.0,2.0,1.0,1.0,NRG,13,100T,3,1,0.82,0.458,1.278
Pearl,keiko,NRG,Killjoy,1.45,252.0,16,8,2,8,94.0,169.0,35.0,2.0,0.0,2.0,NRG,13,100T,3,1,0.795,0.442,1.237
Pearl,mada,NRG,Waylay,1.16,281.0,17,11,2,6,88.0,163.0,40.0,3.0,1.0,2.0,NRG,13,100T,3,1,0.8,0.392,1.191
Pearl,skuba,NRG,Astra,1.07,164.0,9,9,9,0,94.0,112.0,30.0,2.0,1.0,1.0,NRG,13,100T,3,1,0.562,0.45,1.013
Pearl,Ethan,NRG,Tejo,1.01,167.0,10,7,4,3,75.0,110.0,23.0,1.0,3.0,-2.0,NRG,13,100T,3,1,0.581,0.321,0.903
Pearl,Cryocells,100T,Veto,0.98,212.0,12,13,0,-1,56.0,127.0,42.0,2.0,2.0,0.0,NRG,13,100T,3,0,0.598,0.293,0.891
Pearl,vora,100T,Fade,0.75,181.0,11,14,0,-3,56.0,108.0,48.0,1.0,2.0,-1.0,NRG,13,100T,3,0,0.503,0.26,0.762
Pearl,bang,100T,Astra,0.66,175.0,9,13,5,-4,81.0,108.0,39.0,1.0,1.0,0.0,NRG,13,100T,3,0,0.457,0.332,0.789
Pearl,Timotino,100T,Waylay,0.3,115.0,6,16,0,-10,50.0,77.0,54.0,2.0,4.0,-2.0,NRG,13,100T,3,0,0.396,0.213,0.609
Pearl,Asuna,100T,Kayo,0.21,64.0,2,14,6,-12,63.0,41.0,6.0,0.0,1.0,-1.0,NRG,13,100T,3,0,0.297,0.286,0.583
Abyss,skuba,NRG,Viper,1.5,229.0,17,9,7,8,86.0,146.0,29.0,1.0,0.0,1.0,NRG,13,100T,8,1,0.753,0.466,1.22
Abyss,Ethan,NRG,Tejo,1.27,219.0,17,12,5,5,71.0,151.0,36.0,2.0,3.0,-1.0,NRG,13,100T,8,1,0.754,0.362,1.116
Abyss,mada,NRG,Waylay,1.26,259.0,21,15,4,6,76.0,170.0,33.0,5.0,0.0,5.0,NRG,13,100T,8,1,0.814,0.407,1.221
Abyss,keiko,NRG,Omen,1.18,220.0,17,14,8,3,81.0,139.0,56.0,4.0,2.0,2.0,NRG,13,100T,8,1,0.743,0.429,1.171
Abyss,brawk,NRG,Sova,0.8,127.0,10,12,3,-2,57.0,97.0,28.0,1.0,3.0,-2.0,NRG,13,100T,8,1,0.463,0.258,0.721
Abyss,Asuna,100T,Kayo,0.99,200.0,14,16,14,-2,76.0,115.0,20.0,1.0,2.0,-1.0,NRG,13,100T,8,0,0.537,0.385,0.922
Abyss,vora,100T,Tejo,0.86,181.0,14,16,3,-2,71.0,116.0,27.0,0.0,1.0,-1.0,NRG,13,100T,8,0,0.525,0.306,0.83
Abyss,Timotino,100T,Waylay,0.77,195.0,14,17,7,-3,62.0,116.0,33.0,4.0,9.0,-5.0,NRG,13,100T,8,0,0.544,0.303,0.848
Abyss,Cryocells,100T,Chamber,0.66,147.0,10,16,3,-6,57.0,99.0,23.0,3.0,0.0,3.0,NRG,13,100T,8,0,0.437,0.3,0.737
Abyss,bang,100T,Astra,0.6,127.0,10,17,6,-7,52.0,87.0,20.0,0.0,1.0,-1.0,NRG,13,100T,8,0,0.379,0.28,0.659
Bind,aspas,MIBR,Raze,1.64,292.0,24,10,4,14,82.0,199.0,28.0,2.0,3.0,-1.0,MIBR,13,NRG,9,1,0.844,0.391,1.234
Bind,Verno,MIBR,Fade,1.4,262.0,22,10,5,12,77.0,153.0,40.0,2.0,0.0,2.0,MIBR,13,NRG,9,1,0.813,0.43,1.243
Bind,tex,MIBR,Viper,1.16,167.0,13,11,7,2,82.0,120.0,27.0,2.0,0.0,2.0,MIBR,13,NRG,9,1,0.623,0.436,1.058
Bind,zekken,MIBR,Yoru,0.91,190.0,17,16,7,1,73.0,126.0,20.0,3.0,3.0,0.0,MIBR,13,NRG,9,1,0.62,0.358,0.978
Bind,Mazino,MIBR,Brimstone,0.66,144.0,10,16,9,-6,73.0,92.0,28.0,2.0,5.0,-3.0,MIBR,13,NRG,9,1,0.423,0.333,0.755
Bind,skuba,NRG,Viper,1.12,239.0,17,15,3,2,64.0,159.0,32.0,1.0,3.0,-2.0,MIBR,13,NRG,9,0,0.688,0.304,0.992
Bind,mada,NRG,Waylay,0.9,212.0,16,18,4,-2,45.0,124.0,29.0,7.0,3.0,4.0,MIBR,13,NRG,9,0,0.591,0.298,0.889
Bind,keiko,NRG,Brimstone,0.89,181.0,14,18,3,-4,64.0,117.0,48.0,1.0,2.0,-1.0,MIBR,13,NRG,9,0,0.522,0.288,0.81
Bind,brawk,NRG,Tejo,0.72,155.0,10,17,5,-7,68.0,106.0,20.0,1.0,1.0,0.0,MIBR,13,NRG,9,0,0.417,0.317,0.734
Bind,Ethan,NRG,Skye,0.42,91.0,6,18,4,-12,55.0,65.0,36.0,1.0,2.0,-1.0,MIBR,13,NRG,9,0,0.345,0.241,0.587
Corrode,Mazino,MIBR,Kayo,1.6,299.0,20,10,7,10,67.0,200.0,30.0,0.0,2.0,-2.0,MIBR,13,NRG,5,1,0.827,0.39,1.217
Corrode,aspas,MIBR,Waylay,1.33,215.0,15,7,2,8,83.0,138.0,26.0,3.0,2.0,1.0,MIBR,13,NRG,5,1,0.744,0.383,1.127
Corrode,Verno,MIBR,Sova,1.03,182.0,11,10,7,1,72.0,122.0,40.0,1.0,1.0,0.0,MIBR,13,NRG,5,1,0.594,0.379,0.972
Corrode,tex,MIBR,Viper,1.02,206.0,14,12,3,2,67.0,118.0,29.0,3.0,2.0,1.0,MIBR,13,NRG,5,1,0.648,0.324,0.971
Corrode,zekken,MIBR,Omen,0.86,164.0,11,13,4,-2,78.0,108.0,38.0,2.0,2.0,0.0,MIBR,13,NRG,5,1,0.526,0.328,0.854
Corrode,Ethan,NRG,Kayo,1.01,265.0,16,16,5,0,72.0,172.0,41.0,5.0,2.0,3.0,MIBR,13,NRG,5,0,0.703,0.366,1.07
Corrode,mada,NRG,Waylay,0.94,196.0,13,13,3,0,44.0,119.0,35.0,2.0,3.0,-1.0,MIBR,13,NRG,5,0,0.593,0.26,0.852
Corrode,skuba,NRG,Viper,0.83,138.0,8,12,6,-4,94.0,115.0,35.0,0.0,1.0,-1.0,MIBR,13,NRG,5,0,0.453,0.374,0.827
Corrode,brawk,NRG,Sova,0.78,165.0,10,14,6,-4,61.0,108.0,36.0,1.0,0.0,1.0,MIBR,13,NRG,5,0,0.466,0.34,0.806
Corrode,keiko,NRG,Omen,0.28,99.0,5,16,3,-11,50.0,71.0,22.0,1.0,3.0,-2.0,MIBR,13,NRG,5,0,0.332,0.213,0.546
Split,aspas,MIBR,Raze,1.19,253.0,21,13,1,8,83.0,163.0,13.0,2.0,3.0,-1.0,MIBR,10,NRG,13,0,0.755,0.351,1.107
Split,Verno,MIBR,Fade,0.93,205.0,17,16,6,1,70.0,125.0,25.0,1.0,2.0,-1.0,MIBR,10,NRG,13,0,0.606,0.336,0.941
Split,zekken,MIBR,Yoru,0.84,207.0,15,19,5,-4,61.0,145.0,19.0,3.0,3.0,0.0,MIBR,10,NRG,13,0,0.547,0.308,0.855
Split,tex,MIBR,Viper,0.64,155.0,12,16,2,-4,57.0,108.0,31.0,2.0,5.0,-3.0,MIBR,10,NRG,13,0,0.464,0.237,0.701
Split,Mazino,MIBR,Omen,0.6,80.0,7,15,5,-8,57.0,58.0,31.0,0.0,2.0,-2.0,MIBR,10,NRG,13,0,0.35,0.259,0.609
Split,brawk,NRG,Tejo,1.42,219.0,18,11,8,7,87.0,167.0,28.0,1.0,0.0,1.0,MIBR,10,NRG,13,1,0.76,0.474,1.234
Split,skuba,NRG,Viper,1.18,215.0,19,13,3,6,74.0,121.0,22.0,3.0,0.0,3.0,MIBR,10,NRG,13,1,0.729,0.384,1.113
Split,mada,NRG,Waylay,1.08,229.0,18,17,4,1,83.0,139.0,19.0,9.0,3.0,6.0,MIBR,10,NRG,13,1,0.668,0.381,1.049
Split,Ethan,NRG,Skye,0.88,170.0,12,16,10,-4,70.0,115.0,28.0,2.0,3.0,-1.0,MIBR,10,NRG,13,1,0.498,0.364,0.862
Split,keiko,NRG,Astra,0.83,159.0,12,15,5,-3,70.0,114.0,41.0,0.0,2.0,-2.0,MIBR,10,NRG,13,1,0.502,0.305,0.807
Abyss,Verno,MIBR,Sova,1.29,274.0,17,14,3,3,71.0,157.0,33.0,0.0,2.0,-2.0,MIBR,4,NRG,13,0,0.738,0.333,1.071
Abyss,zekken,MIBR,Omen,1.02,244.0,12,15,12,-3,71.0,151.0,32.0,4.0,4.0,0.0,MIBR,4,NRG,13,0,0.607,0.389,0.996
Abyss,aspas,MIBR,Jett,0.73,172.0,10,15,3,-5,59.0,112.0,30.0,2.0,3.0,-1.0,MIBR,4,NRG,13,0,0.459,0.262,0.722
Abyss,tex,MIBR,Astra,0.47,76.0,4,14,10,-10,59.0,49.0,24.0,0.0,0.0,0.0,MIBR,4,NRG,13,0,0.329,0.331,0.66
Abyss,Mazino,MIBR,Kayo,0.37,85.0,3,15,9,-12,71.0,57.0,19.0,0.0,2.0,-2.0,MIBR,4,NRG,13,0,0.322,0.315,0.637
Abyss,brawk,NRG,Sova,1.47,241.0,17,8,7,9,82.0,159.0,25.0,2.0,1.0,1.0,MIBR,4,NRG,13,1,0.777,0.451,1.228
Abyss,keiko,NRG,Omen,1.38,244.0,16,10,9,6,88.0,149.0,34.0,2.0,1.0,1.0,MIBR,4,NRG,13,1,0.77,0.473,1.243
Abyss,Ethan,NRG,Tejo,1.31,249.0,15,8,6,7,94.0,192.0,23.0,2.0,0.0,2.0,MIBR,4,NRG,13,1,0.773,0.46,1.233
Abyss,mada,NRG,Waylay,1.11,239.0,13,11,7,2,82.0,159.0,21.0,3.0,4.0,-1.0,MIBR,4,NRG,13,1,0.684,0.386,1.07
Abyss,skuba,NRG,Viper,1.06,179.0,11,10,5,1,76.0,133.0,34.0,2.0,0.0,2.0,MIBR,4,NRG,13,1,0.611,0.393,1.004
Haven,tex,MIBR,Killjoy,0.83,159.0,12,12,0,0,67.0,94.0,35.0,1.0,3.0,-2.0,MIBR,5,NRG,13,0,0.527,0.278,0.805
Haven,aspas,MIBR,Neon,0.82,183.0,12,14,3,-2,56.0,115.0,27.0,4.0,2.0,2.0,MIBR,5,NRG,13,0,0.542,0.293,0.834
Haven,Verno,MIBR,Sova,0.81,167.0,9,13,7,-4,78.0,114.0,20.0,0.0,2.0,-2.0,MIBR,5,NRG,13,0,0.448,0.339,0.787
Haven,Mazino,MIBR,Viper,0.72,144.0,9,15,4,-6,67.0,89.0,22.0,2.0,0.0,2.0,MIBR,5,NRG,13,0,0.414,0.33,0.745
Haven,zekken,MIBR,Omen,0.46,124.0,5,15,5,-10,50.0,90.0,11.0,1.0,3.0,-2.0,MIBR,5,NRG,13,0,0.338,0.236,0.574
Haven,keiko,NRG,Viper,1.68,238.0,17,7,7,10,83.0,166.0,29.0,2.0,1.0,1.0,MIBR,5,NRG,13,1,0.786,0.452,1.238
Haven,mada,NRG,Neon,1.39,259.0,17,10,3,7,89.0,157.0,30.0,4.0,2.0,2.0,MIBR,5,NRG,13,1,0.798,0.408,1.206
Haven,brawk,NRG,Sova,1.17,196.0,12,10,5,2,83.0,122.0,21.0,3.0,1.0,2.0,MIBR,5,NRG,13,1,0.641,0.407,1.048
Haven,skuba,NRG,Killjoy,1.13,171.0,11,8,4,3,78.0,137.0,29.0,0.0,1.0,-1.0,MIBR,5,NRG,13,1,0.626,0.357,0.983
Haven,Ethan,NRG,Omen,0.88,174.0,12,12,7,0,72.0,103.0,12.0,1.0,3.0,-2.0,MIBR,5,NRG,13,1,0.512,0.336,0.848
Corrode,kiNgg,LEV,Viper,1.22,237.0,19,14,6,5,78.0,148.0,35.0,2.0,2.0,0.0,LEV,10,C9,13,0,0.763,0.388,1.152
Corrode,Sato,LEV,Neon,0.97,250.0,21,18,0,3,70.0,162.0,43.0,4.0,5.0,-1.0,LEV,10,C9,13,0,0.755,0.306,1.062
Corrode,Okeanos,LEV,Omen,0.95,216.0,16,18,11,-2,74.0,152.0,28.0,1.0,0.0,1.0,LEV,10,C9,13,0,0.585,0.414,0.999
Corrode,tex,LEV,Chamber,0.66,137.0,12,17,2,-5,57.0,94.0,14.0,2.0,4.0,-2.0,LEV,10,C9,13,0,0.409,0.243,0.652
Corrode,C0M,LEV,Fade,0.52,124.0,9,17,6,-8,61.0,78.0,18.0,3.0,0.0,3.0,LEV,10,C9,13,0,0.385,0.326,0.711
Corrode,neT,C9,Viper,1.3,203.0,17,12,5,5,83.0,131.0,37.0,1.0,1.0,0.0,LEV,10,C9,13,1,0.723,0.403,1.126
Corrode,mitch,C9,Skye,1.25,229.0,17,15,17,2,83.0,135.0,20.0,1.0,5.0,-4.0,LEV,10,C9,13,1,0.665,0.412,1.077
Corrode,v1c,C9,Omen,1.08,193.0,15,16,8,-1,91.0,133.0,34.0,2.0,1.0,1.0,LEV,10,C9,13,1,0.608,0.435,1.044
Corrode,OXY,C9,Raze,1.07,224.0,18,17,5,1,74.0,152.0,31.0,5.0,5.0,0.0,LEV,10,C9,13,1,0.69,0.355,1.044
Corrode,Xeppaa,C9,Vyse,0.94,206.0,17,17,9,0,83.0,140.0,13.0,2.0,0.0,2.0,LEV,10,C9,13,1,0.598,0.436,1.034
Haven,Sato,LEV,Yoru,1.82,383.0,30,15,4,15,83.0,236.0,27.0,7.0,2.0,5.0,LEV,13,C9,10,1,0.857,0.422,1.28
Haven,Okeanos,LEV,Neon,1.23,239.0,20,14,3,6,87.0,169.0,31.0,4.0,1.0,3.0,LEV,13,C9,10,1,0.794,0.402,1.196
Haven,kiNgg,LEV,Omen,1.0,199.0,14,16,14,-2,78.0,139.0,31.0,1.0,3.0,-2.0,LEV,13,C9,10,1,0.568,0.381,0.95
Haven,C0M,LEV,Sova,0.98,172.0,17,10,2,7,83.0,112.0,29.0,1.0,2.0,-1.0,LEV,13,C9,10,1,0.652,0.329,0.981
Haven,tex,LEV,Cypher,0.69,107.0,9,13,6,-4,78.0,70.0,16.0,1.0,1.0,0.0,LEV,13,C9,10,1,0.372,0.341,0.713
Haven,neT,C9,Viper,1.02,234.0,18,19,5,-1,70.0,143.0,42.0,3.0,2.0,1.0,LEV,13,C9,10,0,0.666,0.351,1.017
Haven,OXY,C9,Jett,0.97,215.0,18,18,5,0,65.0,134.0,51.0,4.0,3.0,1.0,LEV,13,C9,10,0,0.669,0.338,1.007
Haven,v1c,C9,Omen,0.58,128.0,10,18,5,-8,65.0,89.0,35.0,2.0,2.0,0.0,LEV,13,C9,10,0,0.413,0.288,0.701
Haven,Xeppaa,C9,Killjoy,0.56,168.0,13,17,3,-4,65.0,110.0,36.0,0.0,2.0,-2.0,LEV,13,C9,10,0,0.459,0.246,0.705
Haven,mitch,C9,Skye,0.5,108.0,9,18,6,-9,65.0,76.0,13.0,0.0,5.0,-5.0,LEV,13,C9,10,0,0.335,0.269,0.604
Lotus,Okeanos,LEV,Omen,1.74,349.0,30,16,8,14,75.0,226.0,30.0,3.0,4.0,-1.0,LEV,11,C9,13,0,0.861,0.424,1.285
Lotus,kiNgg,LEV,Viper,0.88,186.0,15,18,8,-3,71.0,126.0,21.0,2.0,2.0,0.0,LEV,11,C9,13,0,0.532,0.363,0.895
Lotus,tex,LEV,Vyse,0.66,126.0,10,18,3,-8,67.0,84.0,44.0,1.0,0.0,1.0,LEV,11,C9,13,0,0.412,0.304,0.717
Lotus,Sato,LEV,Raze,0.59,177.0,16,21,1,-5,58.0,110.0,25.0,3.0,6.0,-3.0,LEV,11,C9,13,0,0.482,0.233,0.715
Lotus,C0M,LEV,Fade,0.53,128.0,11,17,4,-6,83.0,91.0,35.0,2.0,1.0,1.0,LEV,11,C9,13,0,0.414,0.319,0.733
Lotus,v1c,C9,Omen,1.24,202.0,18,14,9,4,83.0,135.0,30.0,1.0,1.0,0.0,LEV,11,C9,13,1,0.7,0.442,1.141
Lotus,Xeppaa,C9,Vyse,1.09,235.0,20,17,4,3,79.0,158.0,34.0,4.0,1.0,3.0,LEV,11,C9,13,1,0.744,0.385,1.128
Lotus,mitch,C9,Fade,1.05,188.0,15,15,12,0,88.0,123.0,45.0,2.0,3.0,-1.0,LEV,11,C9,13,1,0.623,0.412,1.035
Lotus,OXY,C9,Raze,1.02,222.0,19,18,5,1,88.0,145.0,21.0,4.0,5.0,-1.0,LEV,11,C9,13,1,0.67,0.364,1.034
Lotus,neT,C9,Viper,1.01,204.0,18,18,5,0,75.0,131.0,34.0,2.0,1.0,1.0,LEV,11,C9,13,1,0.633,0.368,1.001
Corrode,johnqt,SEN,Viper,1.39,232.0,18,12,8,6,83.0,147.0,25.0,2.0,0.0,2.0,SEN,13,C9,10,1,0.761,0.473,1.234
Corrode,zekken,SEN,Neon,1.37,255.0,23,15,2,8,74.0,158.0,30.0,4.0,2.0,2.0,SEN,13,C9,10,1,0.813,0.381,1.194
Corrode,Zellsis,SEN,Vyse,1.13,228.0,18,15,9,3,87.0,143.0,23.0,1.0,3.0,-2.0,SEN,13,C9,10,1,0.681,0.41,1.091
Corrode,N4RRATE,SEN,Fade,0.82,193.0,15,18,7,-3,74.0,107.0,14.0,5.0,2.0,3.0,SEN,13,C9,10,1,0.52,0.372,0.892
Corrode,bang,SEN,Omen,0.69,121.0,9,14,9,-5,74.0,74.0,26.0,0.0,4.0,-4.0,SEN,13,C9,10,1,0.381,0.337,0.718
Corrode,mitch,C9,Skye,1.21,219.0,18,14,9,4,78.0,135.0,21.0,1.0,1.0,0.0,SEN,13,C9,10,0,0.692,0.43,1.122
Corrode,Xeppaa,C9,Vyse,1.03,206.0,16,16,7,0,78.0,139.0,20.0,2.0,1.0,1.0,SEN,13,C9,10,0,0.614,0.397,1.011
Corrode,v1c,C9,Omen,0.98,207.0,17,17,12,0,78.0,121.0,28.0,2.0,2.0,0.0,SEN,13,C9,10,0,0.613,0.396,1.01
Corrode,neT,C9,Viper,0.73,130.0,11,17,7,-6,83.0,76.0,17.0,2.0,2.0,0.0,SEN,13,C9,10,0,0.402,0.356,0.758
Corrode,OXY,C9,Raze,0.67,186.0,12,19,6,-7,61.0,125.0,23.0,4.0,6.0,-2.0,SEN,13,C9,10,0,0.483,0.284,0.767
Icebox,Zellsis,SEN,Killjoy,1.15,231.0,17,15,4,2,73.0,153.0,25.0,3.0,1.0,2.0,SEN,9,C9,13,0,0.705,0.377,1.081
Icebox,bang,SEN,Viper,1.09,210.0,15,16,3,-1,68.0,148.0,30.0,3.0,2.0,1.0,SEN,9,C9,13,0,0.637,0.333,0.97
Icebox,N4RRATE,SEN,Sova,0.77,122.0,10,13,4,-3,59.0,75.0,28.0,1.0,1.0,0.0,SEN,9,C9,13,0,0.428,0.296,0.724
Icebox,johnqt,SEN,Sage,0.74,134.0,9,15,8,-6,73.0,88.0,31.0,1.0,1.0,0.0,SEN,9,C9,13,0,0.408,0.361,0.769
Icebox,zekken,SEN,Jett,0.55,146.0,11,18,2,-7,50.0,106.0,28.0,3.0,6.0,-3.0,SEN,9,C9,13,0,0.441,0.215,0.656
Icebox,mitch,C9,Sova,1.33,230.0,18,11,4,7,77.0,151.0,27.0,1.0,0.0,1.0,SEN,9,C9,13,1,0.744,0.403,1.147
Icebox,Xeppaa,C9,Killjoy,1.23,223.0,18,12,2,6,68.0,159.0,37.0,1.0,2.0,-1.0,SEN,9,C9,13,1,0.748,0.331,1.078
Icebox,neT,C9,Viper,1.23,198.0,16,9,9,7,77.0,127.0,23.0,4.0,3.0,1.0,SEN,9,C9,13,1,0.718,0.43,1.148
Icebox,v1c,C9,Iso,0.9,166.0,12,13,3,-1,64.0,106.0,34.0,3.0,2.0,1.0,SEN,9,C9,13,1,0.56,0.306,0.866
Icebox,OXY,C9,Raze,0.78,168.0,13,17,3,-4,64.0,122.0,31.0,2.0,4.0,-2.0,SEN,9,C9,13,1,0.499,0.268,0.767
Lotus,N4RRATE,SEN,Fade,1.49,222.0,21,11,7,10,78.0,148.0,30.0,1.0,0.0,1.0,SEN,13,C9,10,1,0.771,0.453,1.224
Lotus,zekken,SEN,Raze,1.4,252.0,21,12,2,9,70.0,161.0,21.0,7.0,5.0,2.0,SEN,13,C9,10,1,0.804,0.378,1.182
Lotus,Zellsis,SEN,Vyse,1.27,224.0,18,14,13,4,87.0,150.0,15.0,2.0,2.0,0.0,SEN,13,C9,10,1,0.716,0.442,1.158
Lotus,johnqt,SEN,Viper,1.19,197.0,15,14,12,1,87.0,144.0,46.0,2.0,0.0,2.0,SEN,13,C9,10,1,0.672,0.469,1.141
Lotus,bang,SEN,Omen,0.67,147.0,9,20,20,-11,87.0,86.0,29.0,2.0,2.0,0.0,SEN,13,C9,10,1,0.418,0.378,0.797
Lotus,v1c,C9,Omen,1.16,203.0,17,16,15,1,83.0,144.0,29.0,0.0,0.0,0.0,SEN,13,C9,10,0,0.647,0.442,1.089
Lotus,OXY,C9,Raze,1.01,240.0,18,18,4,0,78.0,167.0,20.0,5.0,5.0,0.0,SEN,13,C9,10,0,0.671,0.344,1.014
Lotus,neT,C9,Viper,0.98,166.0,16,15,8,1,74.0,107.0,33.0,1.0,3.0,-2.0,SEN,13,C9,10,0,0.586,0.361,0.947
Lotus,Xeppaa,C9,Vyse,0.86,166.0,12,16,12,-4,78.0,110.0,12.0,1.0,2.0,-1.0,SEN,13,C9,10,0,0.451,0.375,0.826
Lotus,mitch,C9,Fade,0.49,122.0,8,19,8,-11,70.0,83.0,4.0,2.0,4.0,-2.0,SEN,13,C9,10,0,0.342,0.303,0.644
Sunset,BABYBAY,G2,Chamber,1.54,281.0,16,9,7,7,94.0,199.0,20.0,4.0,1.0,3.0,G2,13,100T,4,1,0.82,0.484,1.304
Sunset,jawgemo,G2,Neon,1.53,301.0,18,11,4,7,88.0,186.0,36.0,7.0,0.0,7.0,G2,13,100T,4,1,0.852,0.449,1.301
Sunset,valyn,G2,Omen,1.23,195.0,13,9,8,4,76.0,128.0,34.0,0.0,1.0,-1.0,G2,13,100T,4,1,0.673,0.409,1.082
Sunset,trent,G2,Fade,1.21,175.0,13,9,7,4,94.0,120.0,28.0,1.0,1.0,0.0,G2,13,100T,4,1,0.648,0.434,1.083
Sunset,JonahP,G2,Sage,1.21,193.0,12,9,8,3,88.0,137.0,23.0,2.0,0.0,2.0,G2,13,100T,4,1,0.657,0.462,1.119
Sunset,eeiu,100T,Sova,1.03,214.0,14,14,2,0,76.0,149.0,46.0,1.0,1.0,0.0,G2,13,100T,4,0,0.632,0.341,0.972
Sunset,Cryocells,100T,Yoru,0.95,235.0,13,14,5,-1,82.0,164.0,40.0,1.0,1.0,0.0,G2,13,100T,4,0,0.617,0.364,0.982
Sunset,zander,100T,Omen,0.62,147.0,9,15,6,-6,65.0,86.0,20.0,0.0,2.0,-2.0,G2,13,100T,4,0,0.385,0.286,0.671
Sunset,Asuna,100T,Neon,0.4,124.0,6,15,7,-9,71.0,93.0,24.0,1.0,8.0,-7.0,G2,13,100T,4,0,0.362,0.289,0.651
Sunset,Kess,100T,Cypher,0.36,86.0,5,14,1,-9,53.0,53.0,17.0,0.0,2.0,-2.0,G2,13,100T,4,0,0.319,0.218,0.537
Haven,jawgemo,G2,Yoru,1.73,345.0,25,9,4,16,89.0,196.0,17.0,1.0,1.0,0.0,G2,13,100T,5,1,0.813,0.42,1.233
Haven,JonahP,G2,Viper,1.3,212.0,15,9,4,6,94.0,120.0,23.0,6.0,1.0,5.0,G2,13,100T,5,1,0.723,0.432,1.155
Haven,BABYBAY,G2,Vyse,1.27,238.0,15,11,7,4,89.0,159.0,24.0,5.0,0.0,5.0,G2,13,100T,5,1,0.744,0.463,1.207
Haven,trent,G2,Fade,1.04,176.0,12,11,5,1,89.0,132.0,24.0,0.0,1.0,-1.0,G2,13,100T,5,1,0.584,0.377,0.961
Haven,valyn,G2,Omen,0.79,156.0,10,12,8,-2,89.0,110.0,19.0,2.0,1.0,1.0,G2,13,100T,5,1,0.486,0.401,0.888
Haven,eeiu,100T,Sova,1.27,256.0,18,15,1,3,83.0,159.0,43.0,1.0,2.0,-1.0,G2,13,100T,5,0,0.744,0.36,1.104
Haven,Kess,100T,Cypher,0.72,173.0,11,16,2,-5,56.0,104.0,40.0,2.0,2.0,0.0,G2,13,100T,5,0,0.47,0.265,0.735
Haven,Cryocells,100T,Yoru,0.65,170.0,10,16,6,-6,72.0,112.0,32.0,1.0,4.0,-3.0,G2,13,100T,5,0,0.437,0.296,0.734
Haven,zander,100T,Omen,0.6,146.0,8,16,10,-8,67.0,103.0,22.0,0.0,2.0,-2.0,G2,13,100T,5,0,0.392,0.32,0.713
Haven,Asuna,100T,Neon,0.5,106.0,5,14,4,-9,78.0,72.0,10.0,0.0,4.0,-4.0,G2,13,100T,5,0,0.317,0.268,0.585
Corrode,s0m,NRG,Omen,1.46,256.0,22,13,5,9,83.0,158.0,49.0,4.0,2.0,2.0,NRG,13,G2,10,1,0.844,0.428,1.272
Corrode,skuba,NRG,Viper,1.25,258.0,19,15,12,4,83.0,152.0,23.0,3.0,1.0,2.0,NRG,13,G2,10,1,0.764,0.46,1.224
Corrode,Ethan,NRG,Kayo,1.03,207.0,14,17,16,-3,74.0,145.0,19.0,1.0,2.0,-1.0,NRG,13,G2,10,1,0.548,0.386,0.934
Corrode,mada,NRG,Waylay,0.91,203.0,17,16,1,1,65.0,151.0,18.0,3.0,5.0,-2.0,NRG,13,G2,10,1,0.639,0.283,0.922
Corrode,brawk,NRG,Sova,0.72,137.0,10,15,2,-5,61.0,93.0,11.0,1.0,1.0,0.0,NRG,13,G2,10,1,0.384,0.283,0.667
Corrode,BABYBAY,G2,Viper,1.23,196.0,16,12,5,4,74.0,131.0,24.0,3.0,1.0,2.0,NRG,13,G2,10,0,0.706,0.398,1.104
Corrode,valyn,G2,Omen,1.06,262.0,22,20,6,2,70.0,153.0,28.0,4.0,4.0,0.0,NRG,13,G2,10,0,0.732,0.358,1.09
Corrode,JonahP,G2,Sage,0.95,142.0,12,15,12,-3,70.0,88.0,21.0,2.0,1.0,1.0,NRG,13,G2,10,0,0.48,0.398,0.877
Corrode,jawgemo,G2,Waylay,0.8,214.0,18,18,4,0,52.0,132.0,27.0,0.0,5.0,-5.0,NRG,13,G2,10,0,0.593,0.256,0.849
Corrode,trent,G2,Fade,0.56,104.0,8,17,6,-9,65.0,76.0,31.0,2.0,1.0,1.0,NRG,13,G2,10,0,0.377,0.314,0.692
Sunset,mada,NRG,Neon,1.3,306.0,26,18,5,8,79.0,192.0,33.0,5.0,3.0,2.0,NRG,11,G2,13,0,0.847,0.405,1.251
Sunset,s0m,NRG,Omen,1.28,259.0,22,18,8,4,71.0,166.0,32.0,4.0,5.0,-1.0,NRG,11,G2,13,0,0.798,0.397,1.195
Sunset,Ethan,NRG,Breach,1.14,198.0,15,15,10,0,71.0,134.0,35.0,1.0,1.0,0.0,NRG,11,G2,13,0,0.619,0.411,1.03
Sunset,brawk,NRG,Sova,0.76,116.0,10,17,8,-7,67.0,83.0,17.0,0.0,1.0,-1.0,NRG,11,G2,13,0,0.383,0.344,0.727
Sunset,skuba,NRG,Cypher,0.58,126.0,10,17,8,-7,71.0,88.0,21.0,0.0,4.0,-4.0,NRG,11,G2,13,0,0.378,0.31,0.688
Sunset,JonahP,G2,Sage,1.35,214.0,19,13,8,6,75.0,132.0,43.0,3.0,1.0,2.0,NRG,11,G2,13,1,0.78,0.446,1.225
Sunset,BABYBAY,G2,Chamber,1.23,262.0,23,18,5,5,83.0,161.0,23.0,5.0,3.0,2.0,NRG,11,G2,13,1,0.794,0.404,1.198
Sunset,valyn,G2,Omen,1.12,200.0,17,15,12,2,71.0,135.0,32.0,2.0,0.0,2.0,NRG,11,G2,13,1,0.669,0.435,1.104
Sunset,jawgemo,G2,Neon,0.73,174.0,16,19,4,-3,71.0,112.0,21.0,3.0,3.0,0.0,NRG,11,G2,13,1,0.521,0.302,0.823
Sunset,trent,G2,Fade,0.54,115.0,10,18,2,-8,58.0,78.0,18.0,1.0,3.0,-2.0,NRG,11,G2,13,1,0.358,0.232,0.59
Bind,s0m,NRG,Brimstone,1.38,259.0,19,13,5,6,65.0,163.0,37.0,4.0,3.0,1.0,NRG,7,G2,13,0,0.818,0.381,1.199
Bind,mada,NRG,Raze,0.79,203.0,12,18,2,-6,60.0,142.0,19.0,2.0,1.0,1.0,NRG,7,G2,13,0,0.494,0.297,0.791
Bind,skuba,NRG,Viper,0.73,158.0,12,16,3,-4,65.0,102.0,13.0,2.0,3.0,-1.0,NRG,7,G2,13,0,0.445,0.272,0.717
Bind,Ethan,NRG,Kayo,0.6,119.0,8,16,10,-8,70.0,68.0,14.0,0.0,3.0,-3.0,NRG,7,G2,13,0,0.343,0.321,0.665
Bind,brawk,NRG,Fade,0.52,98.0,7,16,4,-9,35.0,73.0,21.0,0.0,2.0,-2.0,NRG,7,G2,13,0,0.335,0.205,0.54
Bind,JonahP,G2,Fade,1.38,253.0,19,12,6,7,75.0,168.0,29.0,0.0,3.0,-3.0,NRG,7,G2,13,1,0.779,0.379,1.158
Bind,valyn,G2,Brimstone,1.28,259.0,20,13,6,7,85.0,171.0,31.0,4.0,1.0,3.0,NRG,7,G2,13,1,0.81,0.437,1.247
Bind,trent,G2,Tejo,1.19,195.0,14,11,8,3,85.0,126.0,13.0,4.0,0.0,4.0,NRG,7,G2,13,1,0.656,0.459,1.115
Bind,BABYBAY,G2,Deadlock,1.02,165.0,12,10,2,2,85.0,100.0,22.0,1.0,1.0,0.0,NRG,7,G2,13,1,0.567,0.355,0.922
Bind,jawgemo,G2,Yoru,1.01,196.0,14,12,3,2,75.0,138.0,21.0,3.0,3.0,0.0,NRG,7,G2,13,1,0.644,0.328,0.971
Bind,bang,SEN,Viper,1.17,230.0,17,14,4,3,76.0,141.0,40.0,2.0,0.0,2.0,SEN,8,G2,13,0,0.717,0.393,1.11
Bind,zekken,SEN,Raze,0.82,210.0,13,17,4,-4,57.0,144.0,19.0,3.0,3.0,0.0,SEN,8,G2,13,0,0.537,0.288,0.825
Bind,Zellsis,SEN,Brimstone,0.81,135.0,10,15,7,-5,62.0,88.0,16.0,0.0,1.0,-1.0,SEN,8,G2,13,0,0.399,0.33,0.729
Bind,N4RRATE,SEN,Yoru,0.8,202.0,14,16,3,-2,67.0,115.0,26.0,6.0,5.0,1.0,SEN,8,G2,13,0,0.556,0.3,0.857
Bind,johnqt,SEN,Fade,0.77,122.0,8,12,10,-4,81.0,71.0,14.0,0.0,1.0,-1.0,SEN,8,G2,13,0,0.38,0.38,0.76
Bind,valyn,G2,Brimstone,1.21,195.0,15,11,7,4,86.0,131.0,30.0,1.0,2.0,-1.0,SEN,8,G2,13,1,0.677,0.403,1.08
Bind,JonahP,G2,Fade,1.17,186.0,14,9,10,5,81.0,107.0,29.0,1.0,1.0,0.0,SEN,8,G2,13,1,0.662,0.431,1.092
Bind,leaf,G2,Deadlock,1.15,243.0,16,14,8,2,76.0,162.0,30.0,3.0,2.0,1.0,SEN,8,G2,13,1,0.718,0.408,1.127
Bind,jawgemo,G2,Yoru,1.11,227.0,18,14,5,4,81.0,132.0,19.0,3.0,3.0,0.0,SEN,8,G2,13,1,0.711,0.37,1.081
Bind,trent,G2,Tejo,0.79,144.0,11,14,6,-3,62.0,97.0,24.0,2.0,3.0,-1.0,SEN,8,G2,13,1,0.469,0.307,0.777
Sunset,johnqt,SEN,Cypher,1.28,236.0,20,16,4,4,73.0,163.0,35.0,4.0,0.0,4.0,SEN,9,G2,13,0,0.784,0.404,1.188
Sunset,Zellsis,SEN,Breach,1.19,253.0,18,16,14,2,91.0,169.0,27.0,0.0,1.0,-1.0,SEN,9,G2,13,0,0.707,0.441,1.148
Sunset,bang,SEN,Omen,1.11,185.0,15,14,6,1,68.0,122.0,39.0,1.0,0.0,1.0,SEN,9,G2,13,0,0.621,0.387,1.008
Sunset,N4RRATE,SEN,Fade,0.97,230.0,16,18,10,-2,77.0,146.0,14.0,5.0,3.0,2.0,SEN,9,G2,13,0,0.599,0.411,1.01
Sunset,zekken,SEN,Neon,0.59,178.0,12,19,10,-7,68.0,122.0,21.0,4.0,4.0,0.0,SEN,9,G2,13,0,0.466,0.338,0.804
Sunset,leaf,G2,Chamber,1.3,239.0,19,15,3,4,73.0,159.0,19.0,1.0,2.0,-1.0,SEN,9,G2,13,1,0.729,0.346,1.075
Sunset,trent,G2,Fade,1.17,222.0,15,15,16,0,82.0,150.0,35.0,0.0,0.0,0.0,SEN,9,G2,13,1,0.644,0.442,1.086
Sunset,JonahP,G2,Sage,1.01,195.0,16,15,4,1,68.0,126.0,22.0,1.0,2.0,-1.0,SEN,9,G2,13,1,0.601,0.318,0.919
Sunset,jawgemo,G2,Neon,0.92,254.0,20,18,2,2,64.0,143.0,15.0,4.0,7.0,-3.0,SEN,9,G2,13,1,0.683,0.278,0.961
Sunset,valyn,G2,Omen,0.69,160.0,13,18,8,-5,73.0,99.0,32.0,2.0,3.0,-1.0,SEN,9,G2,13,1,0.457,0.337,0.795
Bind,valyn,G2,Brimstone,1.1,189.0,15,15,15,0,71.0,125.0,28.0,3.0,0.0,3.0,G2,13,NRG,11,1,0.626,0.437,1.063
Bind,jawgemo,G2,Yoru,1.06,217.0,18,16,2,2,67.0,146.0,19.0,4.0,3.0,1.0,G2,13,NRG,11,1,0.68,0.328,1.008
Bind,JonahP,G2,Fade,1.06,204.0,16,16,9,0,75.0,132.0,25.0,1.0,3.0,-2.0,G2,13,NRG,11,1,0.604,0.383,0.986
Bind,trent,G2,Tejo,0.88,169.0,16,17,2,-1,54.0,98.0,21.0,2.0,2.0,0.0,G2,13,NRG,11,1,0.54,0.279,0.819
Bind,leaf,G2,Deadlock,0.75,170.0,15,19,5,-4,46.0,110.0,31.0,4.0,2.0,2.0,G2,13,NRG,11,1,0.513,0.291,0.804
Bind,Ethan,NRG,Kayo,1.23,214.0,18,15,12,3,67.0,134.0,25.0,2.0,2.0,0.0,G2,13,NRG,11,0,0.697,0.405,1.102
Bind,skuba,NRG,Viper,1.12,187.0,18,13,6,5,75.0,115.0,26.0,2.0,2.0,0.0,G2,13,NRG,11,0,0.691,0.373,1.064
Bind,brawk,NRG,Fade,1.08,206.0,17,16,8,1,67.0,135.0,26.0,1.0,1.0,0.0,G2,13,NRG,11,0,0.63,0.387,1.016
Bind,s0m,NRG,Brimstone,1.06,205.0,16,18,13,-2,83.0,142.0,22.0,0.0,2.0,-2.0,G2,13,NRG,11,0,0.577,0.396,0.973
Bind,mada,NRG,Raze,0.78,183.0,14,18,7,-4,63.0,113.0,12.0,5.0,7.0,-2.0,G2,13,NRG,11,0,0.491,0.311,0.802
Lotus,valyn,G2,Omen,1.23,239.0,18,14,7,4,76.0,157.0,27.0,1.0,0.0,1.0,G2,13,NRG,8,1,0.727,0.424,1.151
Lotus,jawgemo,G2,Yoru,1.14,221.0,17,15,1,2,67.0,125.0,13.0,3.0,2.0,1.0,G2,13,NRG,8,1,0.661,0.337,0.998
Lotus,JonahP,G2,Fade,1.14,221.0,16,14,9,2,76.0,132.0,11.0,3.0,2.0,1.0,G2,13,NRG,8,1,0.657,0.419,1.076
Lotus,trent,G2,Tejo,0.93,184.0,15,13,5,2,76.0,141.0,41.0,2.0,2.0,0.0,G2,13,NRG,8,1,0.646,0.343,0.989
Lotus,leaf,G2,Viper,0.91,165.0,13,12,3,1,67.0,113.0,23.0,3.0,3.0,0.0,G2,13,NRG,8,1,0.585,0.304,0.889
Lotus,s0m,NRG,Omen,1.17,219.0,16,15,7,1,81.0,134.0,40.0,1.0,0.0,1.0,G2,13,NRG,8,0,0.657,0.426,1.084
Lotus,skuba,NRG,Viper,1.16,216.0,17,13,6,4,67.0,134.0,26.0,2.0,3.0,-1.0,G2,13,NRG,8,0,0.702,0.355,1.057
Lotus,Ethan,NRG,Fade,0.73,174.0,13,16,5,-3,67.0,124.0,21.0,0.0,1.0,-1.0,G2,13,NRG,8,0,0.485,0.307,0.792
Lotus,mada,NRG,Raze,0.71,203.0,13,19,4,-6,52.0,131.0,17.0,5.0,6.0,-1.0,G2,13,NRG,8,0,0.495,0.26,0.755
Lotus,brawk,NRG,Vyse,0.48,121.0,8,16,5,-8,71.0,77.0,10.0,1.0,2.0,-1.0,G2,13,NRG,8,0,0.331,0.279,0.61
Ascent,trent,G2,Sova,1.32,213.0,18,13,4,5,65.0,150.0,33.0,1.0,2.0,-1.0,G2,13,NRG,10,1,0.742,0.346,1.088
Ascent,leaf,G2,Chamber,1.23,240.0,20,15,3,5,70.0,155.0,30.0,5.0,3.0,2.0,G2,13,NRG,10,1,0.784,0.36,1.144
Ascent,valyn,G2,Omen,0.88,138.0,12,14,9,-2,65.0,87.0,26.0,1.0,1.0,0.0,G2,13,NRG,10,1,0.477,0.373,0.85
Ascent,JonahP,G2,Vyse,0.85,186.0,15,16,6,-1,65.0,113.0,20.0,5.0,2.0,3.0,G2,13,NRG,10,1,0.564,0.349,0.912
Ascent,jawgemo,G2,Yoru,0.71,152.0,12,17,5,-5,74.0,97.0,24.0,1.0,2.0,-1.0,G2,13,NRG,10,1,0.424,0.308,0.732
Ascent,brawk,NRG,Sova,1.31,233.0,20,13,5,7,74.0,159.0,20.0,3.0,1.0,2.0,G2,13,NRG,10,0,0.778,0.406,1.185
Ascent,mada,NRG,Jett,1.0,230.0,17,17,6,0,74.0,148.0,28.0,5.0,7.0,-2.0,G2,13,NRG,10,0,0.659,0.341,1.0
Ascent,skuba,NRG,Vyse,1.0,159.0,14,14,8,0,70.0,100.0,39.0,1.0,2.0,-1.0,G2,13,NRG,10,0,0.563,0.365,0.928
Ascent,Ethan,NRG,Kayo,0.93,181.0,12,16,13,-4,70.0,133.0,31.0,0.0,1.0,-1.0,G2,13,NRG,10,0,0.509,0.378,0.887
Ascent,s0m,NRG,Omen,0.76,138.0,12,17,5,-5,74.0,83.0,33.0,1.0,2.0,-1.0,G2,13,NRG,10,0,0.425,0.313,0.738
Lotus,C0M,LEV,Fade,1.34,224.0,20,14,6,6,69.0,150.0,24.0,2.0,0.0,2.0,LEV,14,KRU,12,1,0.762,0.422,1.184
Lotus,Okeanos,LEV,Omen,1.27,197.0,19,15,12,4,81.0,129.0,40.0,3.0,3.0,0.0,LEV,14,KRU,12,1,0.743,0.432,1.175
Lotus,kiNgg,LEV,Viper,1.22,193.0,16,13,5,3,69.0,126.0,25.0,0.0,0.0,0.0,LEV,14,KRU,12,1,0.657,0.381,1.037
Lotus,Sato,LEV,Raze,1.14,271.0,24,21,4,3,73.0,182.0,37.0,6.0,5.0,1.0,LEV,14,KRU,12,1,0.79,0.358,1.148
Lotus,tex,LEV,Vyse,0.5,110.0,10,19,1,-9,62.0,73.0,24.0,2.0,5.0,-3.0,LEV,14,KRU,12,1,0.372,0.23,0.602
Lotus,Mazino,KRÜ,Fade,1.21,264.0,22,16,8,6,81.0,174.0,36.0,3.0,2.0,1.0,LEV,14,KRU,12,0,0.818,0.423,1.241
Lotus,Dantedeu5,KRÜ,Yoru,0.98,225.0,20,18,3,2,65.0,139.0,38.0,6.0,3.0,3.0,LEV,14,KRU,12,0,0.704,0.329,1.033
Lotus,Shyy,KRÜ,Viper,0.9,166.0,15,16,5,-1,65.0,107.0,39.0,1.0,2.0,-1.0,LEV,14,KRU,12,0,0.55,0.313,0.863
Lotus,keznit,KRÜ,Raze,0.81,204.0,17,20,4,-3,65.0,135.0,19.0,2.0,3.0,-1.0,LEV,14,KRU,12,0,0.545,0.292,0.837
Lotus,Melser,KRÜ,Omen,0.49,77.0,8,19,7,-11,65.0,49.0,22.0,1.0,3.0,-2.0,LEV,14,KRU,12,0,0.331,0.283,0.614
Sunset,Okeanos,LEV,Kayo,1.23,242.0,15,16,11,-1,84.0,175.0,40.0,2.0,1.0,1.0,LEV,6,KRU,13,0,0.682,0.451,1.133
Sunset,kiNgg,LEV,Omen,1.05,230.0,16,14,8,2,79.0,133.0,30.0,0.0,2.0,-2.0,LEV,6,KRU,13,0,0.653,0.377,1.03
Sunset,tex,LEV,Vyse,0.91,171.0,12,14,5,-2,74.0,110.0,28.0,3.0,2.0,1.0,LEV,6,KRU,13,0,0.543,0.346,0.89
Sunset,C0M,LEV,Sova,0.75,157.0,9,14,4,-5,63.0,95.0,18.0,0.0,2.0,-2.0,LEV,6,KRU,13,0,0.407,0.274,0.681
Sunset,Sato,LEV,Neon,0.7,175.0,11,16,5,-5,74.0,115.0,21.0,4.0,3.0,1.0,LEV,6,KRU,13,0,0.467,0.324,0.791
Sunset,keznit,KRÜ,Yoru,1.36,298.0,21,12,2,9,68.0,181.0,17.0,5.0,2.0,3.0,LEV,6,KRU,13,0,0.825,0.374,1.199
Sunset,Shyy,KRÜ,Cypher,1.14,209.0,14,13,5,1,68.0,152.0,29.0,1.0,1.0,0.0,LEV,6,KRU,13,0,0.639,0.361,1.0
Sunset,Mazino,KRÜ,Sova,1.11,221.0,16,12,4,4,84.0,139.0,20.0,2.0,2.0,0.0,LEV,6,KRU,13,0,0.69,0.364,1.054
Sunset,Melser,KRÜ,Omen,0.98,159.0,12,12,8,0,74.0,108.0,20.0,0.0,1.0,-1.0,LEV,6,KRU,13,0,0.532,0.379,0.912
Sunset,Dantedeu5,KRÜ,Neon,0.87,184.0,11,14,7,-3,63.0,132.0,19.0,2.0,3.0,-1.0,LEV,6,KRU,13,0,0.512,0.329,0.841
Haven,kiNgg,LEV,Omen,1.43,209.0,19,9,4,10,76.0,127.0,22.0,4.0,1.0,3.0,LEV,13,KRU,8,1,0.757,0.416,1.172
Haven,Sato,LEV,Yoru,1.28,242.0,18,13,6,5,86.0,177.0,36.0,2.0,4.0,-2.0,LEV,13,KRU,8,1,0.788,0.391,1.179
Haven,C0M,LEV,Sova,1.21,206.0,16,11,8,5,81.0,131.0,29.0,1.0,2.0,-1.0,LEV,13,KRU,8,1,0.7,0.406,1.106
Haven,tex,LEV,Cypher,1.04,209.0,14,15,6,-1,71.0,135.0,29.0,5.0,1.0,4.0,LEV,13,KRU,8,1,0.617,0.388,1.006
Haven,Okeanos,LEV,Neon,0.74,166.0,11,17,5,-6,86.0,111.0,18.0,0.0,1.0,-1.0,LEV,13,KRU,8,1,0.43,0.34,0.77
Haven,Melser,KRÜ,Omen,1.13,194.0,17,13,6,4,81.0,114.0,31.0,0.0,2.0,-2.0,LEV,13,KRU,8,0,0.667,0.367,1.034
Haven,Shyy,KRÜ,Cypher,0.91,235.0,14,18,10,-4,76.0,164.0,23.0,4.0,1.0,3.0,LEV,13,KRU,8,0,0.582,0.416,0.998
Haven,Mazino,KRÜ,Sova,0.88,187.0,13,16,5,-3,67.0,135.0,19.0,2.0,1.0,1.0,LEV,13,KRU,8,0,0.526,0.341,0.867
Haven,Dantedeu5,KRÜ,Yoru,0.77,147.0,11,15,6,-4,62.0,90.0,32.0,2.0,3.0,-1.0,LEV,13,KRU,8,0,0.459,0.305,0.765
Haven,keznit,KRÜ,Iso,0.69,145.0,10,16,4,-6,57.0,104.0,26.0,1.0,5.0,-4.0,LEV,13,KRU,8,0,0.417,0.253,0.67
Bind,Asuna,100T,Raze,1.92,304.0,20,5,4,15,94.0,201.0,11.0,3.0,0.0,3.0,100T,13,EG,4,1,0.827,0.459,1.286
Bind,Cryocells,100T,Yoru,1.3,218.0,15,8,4,7,88.0,128.0,16.0,3.0,2.0,1.0,100T,13,EG,4,1,0.72,0.4,1.12
Bind,Kess,100T,Brimstone,1.17,260.0,15,12,8,3,65.0,151.0,24.0,2.0,1.0,1.0,100T,13,EG,4,1,0.709,0.401,1.11
Bind,eeiu,100T,Fade,1.11,149.0,10,7,11,3,71.0,90.0,26.0,2.0,2.0,0.0,100T,13,EG,4,1,0.589,0.398,0.988
Bind,zander,100T,Viper,0.95,176.0,10,10,4,0,76.0,126.0,36.0,2.0,0.0,2.0,100T,13,EG,4,1,0.576,0.37,0.946
Bind,icy,EG,Raze,0.94,196.0,10,15,4,-5,47.0,136.0,26.0,2.0,3.0,-1.0,100T,13,EG,4,0,0.504,0.276,0.78
Bind,yay,EG,Brimstone,0.93,188.0,11,13,7,-2,71.0,120.0,30.0,1.0,1.0,0.0,100T,13,EG,4,0,0.528,0.366,0.894
Bind,NaturE,EG,Fade,0.86,174.0,11,13,4,-2,71.0,105.0,15.0,1.0,3.0,-2.0,100T,13,EG,4,0,0.482,0.299,0.781
Bind,Derrek,EG,Gekko,0.48,106.0,6,15,4,-9,53.0,78.0,31.0,0.0,2.0,-2.0,100T,13,EG,4,0,0.352,0.23,0.582
Bind,supamen,EG,Viper,0.37,82.0,4,14,2,-10,59.0,63.0,22.0,1.0,3.0,-2.0,100T,13,EG,4,0,0.326,0.228,0.555
Corrode,eeiu,100T,Sova,1.38,266.0,26,16,6,10,81.0,161.0,26.0,2.0,2.0,0.0,100T,14,EG,12,1,0.801,0.41,1.211
Corrode,Cryocells,100T,Chamber,1.36,263.0,24,17,5,7,81.0,167.0,38.0,8.0,1.0,7.0,100T,14,EG,12,1,0.831,0.428,1.259
Corrode,zander,100T,Omen,1.35,243.0,23,16,16,7,88.0,156.0,33.0,5.0,1.0,4.0,100T,14,EG,12,1,0.807,0.483,1.29
Corrode,Kess,100T,Fade,0.93,177.0,14,18,12,-4,77.0,119.0,15.0,1.0,1.0,0.0,100T,14,EG,12,1,0.484,0.399,0.883
Corrode,Asuna,100T,Yoru,0.68,140.0,11,19,9,-8,69.0,97.0,22.0,2.0,3.0,-1.0,100T,14,EG,12,1,0.423,0.341,0.764
Corrode,icy,EG,Neon,1.01,237.0,22,19,4,3,73.0,160.0,26.0,3.0,4.0,-1.0,100T,14,EG,12,0,0.732,0.327,1.059
Corrode,yay,EG,Chamber,0.99,194.0,20,20,1,0,54.0,121.0,43.0,2.0,7.0,-5.0,100T,14,EG,12,0,0.639,0.269,0.908
Corrode,Derrek,EG,Omen,0.91,200.0,18,21,8,-3,69.0,129.0,39.0,3.0,2.0,1.0,100T,14,EG,12,0,0.595,0.371,0.967
Corrode,supamen,EG,Viper,0.85,197.0,15,20,7,-5,54.0,130.0,35.0,0.0,1.0,-1.0,100T,14,EG,12,0,0.51,0.321,0.831
Corrode,NaturE,EG,Sova,0.6,125.0,11,18,8,-7,73.0,86.0,19.0,0.0,4.0,-4.0,100T,14,EG,12,0,0.38,0.315,0.695
Ascent,brawk,NRG,Sova,1.68,306.0,16,7,5,9,80.0,240.0,28.0,2.0,0.0,2.0,NRG,13,LEV,2,1,0.821,0.443,1.264
Ascent,mada,NRG,Jett,1.41,243.0,14,7,1,7,93.0,150.0,23.0,6.0,0.0,6.0,NRG,13,LEV,2,1,0.765,0.44,1.205
Ascent,Ethan,NRG,Kayo,1.38,214.0,13,7,5,6,93.0,134.0,25.0,0.0,1.0,-1.0,NRG,13,LEV,2,1,0.705,0.42,1.125
Ascent,s0m,NRG,Omen,1.28,234.0,15,8,1,7,80.0,132.0,15.0,2.0,1.0,1.0,NRG,13,LEV,2,1,0.712,0.382,1.094
Ascent,skuba,NRG,Vyse,1.13,169.0,9,7,4,2,80.0,135.0,23.0,1.0,2.0,-1.0,NRG,13,LEV,2,1,0.592,0.351,0.943
Ascent,Okeanos,LEV,Omen,0.98,226.0,12,13,4,-1,67.0,151.0,44.0,0.0,0.0,0.0,NRG,13,LEV,2,0,0.608,0.341,0.948
Ascent,tex,LEV,Chamber,0.59,117.0,7,13,0,-6,47.0,81.0,36.0,0.0,2.0,-2.0,NRG,13,LEV,2,0,0.376,0.219,0.595
Ascent,Sato,LEV,Yoru,0.53,189.0,9,14,2,-5,67.0,120.0,35.0,3.0,4.0,-1.0,NRG,13,LEV,2,0,0.468,0.255,0.723
Ascent,C0M,LEV,Sova,0.52,119.0,5,14,5,-9,60.0,77.0,13.0,0.0,2.0,-2.0,NRG,13,LEV,2,0,0.334,0.256,0.59
Ascent,kiNgg,LEV,Vyse,0.32,81.0,3,13,3,-10,33.0,58.0,26.0,1.0,3.0,-2.0,NRG,13,LEV,2,0,0.332,0.191,0.523
Icebox,Ethan,NRG,Harbor,1.75,255.0,14,5,11,9,93.0,159.0,13.0,2.0,1.0,1.0,NRG,13,LEV,2,1,0.751,0.491,1.243
Icebox,brawk,NRG,Sova,1.69,303.0,17,6,9,11,93.0,203.0,16.0,0.0,0.0,0.0,NRG,13,LEV,2,1,0.793,0.492,1.285
Icebox,mada,NRG,Jett,1.49,226.0,15,6,0,9,93.0,140.0,20.0,4.0,1.0,3.0,NRG,13,LEV,2,1,0.756,0.437,1.194
Icebox,s0m,NRG,Killjoy,1.18,244.0,14,8,3,6,87.0,158.0,26.0,3.0,1.0,2.0,NRG,13,LEV,2,1,0.75,0.392,1.142
Icebox,skuba,NRG,Viper,1.18,237.0,13,11,7,2,100.0,154.0,17.0,2.0,1.0,1.0,NRG,13,LEV,2,1,0.666,0.45,1.116
Icebox,kiNgg,LEV,Viper,0.73,173.0,8,14,1,-6,53.0,133.0,29.0,1.0,2.0,-1.0,NRG,13,LEV,2,0,0.448,0.252,0.701
Icebox,C0M,LEV,Sova,0.69,158.0,8,14,1,-6,67.0,107.0,57.0,0.0,0.0,0.0,NRG,13,LEV,2,0,0.45,0.299,0.748
Icebox,Okeanos,LEV,Harbor,0.54,149.0,8,15,3,-7,60.0,91.0,64.0,0.0,1.0,-1.0,NRG,13,LEV,2,0,0.42,0.253,0.673
Icebox,Sato,LEV,Jett,0.35,140.0,7,15,1,-8,53.0,81.0,38.0,2.0,5.0,-3.0,NRG,13,LEV,2,0,0.394,0.214,0.608
Icebox,tex,LEV,Killjoy,0.28,103.0,5,15,2,-10,53.0,69.0,22.0,1.0,3.0,-2.0,NRG,13,LEV,2,0,0.333,0.218,0.551
Haven,OXY,C9,Jett,1.19,229.0,19,14,1,5,82.0,123.0,27.0,5.0,4.0,1.0,C9,13,100T,9,1,0.745,0.367,1.112
Haven,v1c,C9,Omen,1.14,197.0,15,14,12,1,73.0,131.0,24.0,2.0,0.0,2.0,C9,13,100T,9,1,0.632,0.441,1.073
Haven,mitch,C9,Skye,1.1,224.0,17,15,10,2,82.0,147.0,16.0,1.0,0.0,1.0,C9,13,100T,9,1,0.648,0.443,1.091
Haven,Xeppaa,C9,Killjoy,1.02,243.0,18,17,5,1,73.0,156.0,18.0,2.0,2.0,0.0,C9,13,100T,9,1,0.663,0.348,1.01
Haven,neT,C9,Viper,0.52,103.0,7,15,7,-8,77.0,77.0,18.0,1.0,5.0,-4.0,C9,13,100T,9,1,0.335,0.302,0.637
Haven,eeiu,100T,Sova,1.41,267.0,20,15,7,5,73.0,199.0,49.0,0.0,0.0,0.0,C9,13,100T,9,0,0.83,0.43,1.26
Haven,zander,100T,Omen,1.12,213.0,16,15,10,1,73.0,128.0,24.0,5.0,1.0,4.0,C9,13,100T,9,0,0.656,0.434,1.089
Haven,Cryocells,100T,Yoru,1.03,198.0,14,14,9,0,82.0,138.0,32.0,1.0,2.0,-1.0,C9,13,100T,9,0,0.602,0.4,1.001
Haven,Asuna,100T,Neon,0.94,172.0,14,14,1,0,77.0,101.0,31.0,4.0,4.0,0.0,C9,13,100T,9,0,0.584,0.323,0.908
Haven,Kess,100T,Cypher,0.56,122.0,11,18,2,-7,45.0,83.0,28.0,1.0,4.0,-3.0,C9,13,100T,9,0,0.385,0.208,0.594
Icebox,OXY,C9,Raze,1.39,293.0,27,18,3,9,85.0,199.0,27.0,3.0,1.0,2.0,C9,14,100T,12,1,0.849,0.411,1.26
Icebox,neT,C9,Viper,1.15,256.0,22,21,8,1,77.0,159.0,36.0,3.0,1.0,2.0,C9,14,100T,12,1,0.738,0.428,1.166
Icebox,v1c,C9,Iso,0.98,223.0,21,19,4,2,77.0,153.0,25.0,4.0,8.0,-4.0,C9,14,100T,12,1,0.701,0.317,1.018
Icebox,mitch,C9,Sova,0.82,155.0,14,18,6,-4,73.0,112.0,33.0,0.0,3.0,-3.0,C9,14,100T,12,1,0.483,0.316,0.799
Icebox,Xeppaa,C9,Killjoy,0.69,142.0,11,20,6,-9,69.0,122.0,23.0,1.0,2.0,-1.0,C9,14,100T,12,1,0.428,0.308,0.736
Icebox,Cryocells,100T,Jett,1.59,362.0,35,20,2,15,88.0,229.0,44.0,8.0,4.0,4.0,C9,14,100T,12,0,0.877,0.42,1.297
Icebox,eeiu,100T,Sova,0.94,185.0,15,18,13,-3,58.0,119.0,33.0,2.0,0.0,2.0,C9,14,100T,12,0,0.549,0.394,0.943
Icebox,Asuna,100T,Sage,0.92,140.0,13,16,11,-3,65.0,101.0,24.0,1.0,1.0,0.0,C9,14,100T,12,0,0.478,0.378,0.855
Icebox,zander,100T,Viper,0.79,201.0,19,21,2,-2,58.0,133.0,33.0,2.0,5.0,-3.0,C9,14,100T,12,0,0.583,0.254,0.838
Icebox,Kess,100T,Killjoy,0.78,169.0,13,20,9,-7,65.0,130.0,19.0,2.0,1.0,1.0,C9,14,100T,12,0,0.473,0.371,0.845
Corrode,mada,NRG,Waylay,2.0,345.0,21,5,4,16,87.0,224.0,34.0,2.0,1.0,1.0,NRG,13,C9,2,1,0.851,0.425,1.276
Corrode,brawk,NRG,Sova,1.85,344.0,18,7,4,11,87.0,231.0,20.0,4.0,0.0,4.0,NRG,13,C9,2,1,0.834,0.448,1.281
Corrode,Ethan,NRG,Kayo,1.34,257.0,13,9,8,4,93.0,143.0,15.0,5.0,0.0,5.0,NRG,13,C9,2,1,0.727,0.488,1.216
Corrode,s0m,NRG,Omen,1.12,129.0,7,6,12,1,87.0,81.0,20.0,1.0,0.0,1.0,NRG,13,C9,2,1,0.507,0.453,0.961
Corrode,skuba,NRG,Viper,0.85,137.0,8,8,4,0,73.0,90.0,36.0,2.0,0.0,2.0,NRG,13,C9,2,1,0.514,0.354,0.868
Corrode,Xeppaa,C9,Vyse,0.81,172.0,9,13,3,-4,53.0,121.0,29.0,0.0,1.0,-1.0,NRG,13,C9,2,0,0.468,0.27,0.738
Corrode,mitch,C9,Skye,0.68,143.0,7,14,3,-7,53.0,89.0,24.0,0.0,2.0,-2.0,NRG,13,C9,2,0,0.388,0.239,0.627
Corrode,neT,C9,Viper,0.58,148.0,6,12,3,-6,67.0,121.0,38.0,0.0,4.0,-4.0,NRG,13,C9,2,0,0.419,0.247,0.666
Corrode,v1c,C9,Omen,0.55,150.0,7,14,7,-7,53.0,94.0,21.0,1.0,1.0,0.0,NRG,13,C9,2,0,0.377,0.296,0.673
Corrode,OXY,C9,Neon,0.39,115.0,6,14,2,-8,47.0,73.0,32.0,0.0,6.0,-6.0,NRG,13,C9,2,0,0.355,0.204,0.559
Lotus,brawk,NRG,Vyse,1.4,241.0,21,12,10,9,83.0,154.0,14.0,1.0,1.0,0.0,NRG,13,C9,10,1,0.753,0.459,1.211
Lotus,Ethan,NRG,Fade,1.32,270.0,23,16,8,7,87.0,151.0,21.0,4.0,2.0,2.0,NRG,13,C9,10,1,0.798,0.454,1.251
Lotus,s0m,NRG,Omen,1.3,219.0,17,13,16,4,74.0,147.0,19.0,2.0,0.0,2.0,NRG,13,C9,10,1,0.717,0.459,1.176
Lotus,mada,NRG,Raze,1.14,232.0,19,16,5,3,78.0,143.0,12.0,4.0,4.0,0.0,NRG,13,C9,10,1,0.701,0.369,1.069
Lotus,skuba,NRG,Viper,0.85,152.0,11,16,13,-5,78.0,110.0,18.0,2.0,3.0,-1.0,NRG,13,C9,10,1,0.449,0.374,0.823
Lotus,v1c,C9,Omen,1.34,254.0,20,16,6,4,78.0,153.0,45.0,2.0,3.0,-1.0,NRG,13,C9,10,0,0.788,0.392,1.181
Lotus,OXY,C9,Raze,1.07,254.0,22,19,4,3,70.0,162.0,32.0,4.0,3.0,1.0,NRG,13,C9,10,0,0.755,0.345,1.101
Lotus,mitch,C9,Fade,0.67,150.0,11,18,7,-7,65.0,106.0,14.0,1.0,2.0,-1.0,NRG,13,C9,10,0,0.404,0.311,0.715
Lotus,Xeppaa,C9,Vyse,0.6,148.0,13,19,4,-6,61.0,102.0,30.0,2.0,2.0,0.0,NRG,13,C9,10,0,0.441,0.272,0.713
Lotus,neT,C9,Viper,0.26,100.0,7,20,6,-13,52.0,70.0,38.0,1.0,3.0,-2.0,NRG,13,C9,10,0,0.353,0.25,0.603
Haven,s0m,NRG,Viper,1.26,241.0,19,16,10,3,65.0,176.0,34.0,1.0,2.0,-1.0,NRG,10,C9,13,0,0.742,0.396,1.138
Haven,skuba,NRG,Killjoy,1.1,200.0,17,16,0,1,74.0,136.0,36.0,1.0,1.0,0.0,NRG,10,C9,13,0,0.642,0.345,0.987
Haven,brawk,NRG,Sova,0.82,165.0,13,17,7,-4,65.0,109.0,20.0,1.0,2.0,-1.0,NRG,10,C9,13,0,0.464,0.327,0.79
Haven,mada,NRG,Neon,0.82,203.0,15,20,6,-5,61.0,138.0,33.0,4.0,5.0,-1.0,NRG,10,C9,13,0,0.542,0.309,0.851
Haven,Ethan,NRG,Omen,0.79,200.0,16,20,7,-4,78.0,132.0,26.0,3.0,3.0,0.0,NRG,10,C9,13,0,0.545,0.354,0.898
Haven,OXY,C9,Neon,1.31,273.0,24,16,4,8,70.0,152.0,15.0,5.0,3.0,2.0,NRG,10,C9,13,1,0.789,0.379,1.168
Haven,Xeppaa,C9,Vyse,1.26,264.0,21,18,13,3,87.0,166.0,21.0,1.0,1.0,0.0,NRG,10,C9,13,1,0.738,0.45,1.189
Haven,v1c,C9,Omen,1.25,262.0,22,15,12,7,91.0,175.0,27.0,4.0,1.0,3.0,NRG,10,C9,13,1,0.811,0.477,1.288
Haven,neT,C9,Viper,1.07,199.0,18,15,3,3,78.0,124.0,42.0,3.0,3.0,0.0,NRG,10,C9,13,1,0.702,0.339,1.041
Haven,mitch,C9,Skye,0.47,82.0,4,16,14,-12,70.0,63.0,13.0,0.0,2.0,-2.0,NRG,10,C9,13,1,0.311,0.314,0.625
Lotus,johnqt,SEN,Viper,1.27,258.0,16,12,8,4,88.0,153.0,26.0,1.0,2.0,-1.0,SEN,4,NRG,13,0,0.727,0.424,1.151
Lotus,Zellsis,SEN,Vyse,0.78,172.0,9,14,3,-5,59.0,108.0,19.0,1.0,0.0,1.0,SEN,4,NRG,13,0,0.427,0.303,0.731
Lotus,zekken,SEN,Raze,0.63,155.0,9,15,2,-6,47.0,94.0,18.0,1.0,4.0,-3.0,SEN,4,NRG,13,0,0.392,0.219,0.611
Lotus,bang,SEN,Omen,0.5,111.0,6,14,2,-8,59.0,73.0,29.0,2.0,2.0,0.0,SEN,4,NRG,13,0,0.365,0.247,0.612
Lotus,N4RRATE,SEN,Fade,0.49,143.0,6,14,6,-8,65.0,94.0,19.0,3.0,1.0,2.0,SEN,4,NRG,13,0,0.394,0.316,0.71
Lotus,brawk,NRG,Vyse,1.81,287.0,19,6,5,13,94.0,160.0,16.0,1.0,0.0,1.0,SEN,4,NRG,13,1,0.781,0.458,1.238
Lotus,Ethan,NRG,Fade,1.79,282.0,18,8,8,10,88.0,174.0,32.0,3.0,1.0,2.0,SEN,4,NRG,13,1,0.836,0.48,1.316
Lotus,skuba,NRG,Viper,1.29,217.0,14,8,9,6,82.0,144.0,27.0,2.0,1.0,1.0,SEN,4,NRG,13,1,0.726,0.454,1.18
Lotus,s0m,NRG,Omen,0.92,171.0,8,11,15,-3,71.0,110.0,9.0,1.0,3.0,-2.0,SEN,4,NRG,13,1,0.45,0.361,0.811
Lotus,mada,NRG,Raze,0.59,162.0,10,13,3,-3,71.0,120.0,30.0,2.0,3.0,-1.0,SEN,4,NRG,13,1,0.475,0.268,0.743
Icebox,N4RRATE,SEN,Sova,1.35,327.0,27,21,5,6,75.0,226.0,38.0,3.0,5.0,-2.0,SEN,11,NRG,13,0,0.858,0.369,1.227
Icebox,zekken,SEN,Jett,1.34,271.0,27,18,1,9,83.0,175.0,38.0,5.0,1.0,4.0,SEN,11,NRG,13,0,0.838,0.407,1.244
Icebox,bang,SEN,Viper,0.81,161.0,12,16,7,-4,67.0,112.0,31.0,1.0,4.0,-3.0,SEN,11,NRG,13,0,0.473,0.316,0.789
Icebox,Zellsis,SEN,Killjoy,0.8,167.0,14,15,5,-1,67.0,122.0,21.0,1.0,2.0,-1.0,SEN,11,NRG,13,0,0.522,0.306,0.828
Icebox,johnqt,SEN,Sage,0.59,100.0,8,18,17,-10,71.0,51.0,15.0,1.0,1.0,0.0,SEN,11,NRG,13,0,0.332,0.353,0.685
Icebox,brawk,NRG,Sova,1.6,308.0,25,15,5,10,88.0,206.0,23.0,5.0,0.0,5.0,SEN,11,NRG,13,1,0.852,0.46,1.312
Icebox,Ethan,NRG,Harbor,1.05,189.0,16,16,12,0,71.0,120.0,30.0,1.0,2.0,-1.0,SEN,11,NRG,13,1,0.594,0.383,0.978
Icebox,skuba,NRG,Viper,1.02,209.0,17,18,9,-1,71.0,151.0,34.0,0.0,3.0,-3.0,SEN,11,NRG,13,1,0.615,0.367,0.983
Icebox,mada,NRG,Jett,0.97,210.0,18,18,4,0,75.0,132.0,37.0,5.0,4.0,1.0,SEN,11,NRG,13,1,0.651,0.343,0.994
Icebox,s0m,NRG,Killjoy,0.52,138.0,11,21,4,-10,75.0,101.0,35.0,2.0,2.0,0.0,SEN,11,NRG,13,1,0.424,0.287,0.711
Sunset,bang,SEN,Omen,1.26,228.0,20,14,12,6,87.0,136.0,27.0,3.0,0.0,3.0,SEN,13,NRG,10,1,0.765,0.481,1.246
Sunset,N4RRATE,SEN,Fade,1.2,209.0,18,13,8,5,65.0,139.0,30.0,1.0,2.0,-1.0,SEN,13,NRG,10,1,0.716,0.378,1.095
Sunset,johnqt,SEN,Cypher,1.15,211.0,18,13,8,5,78.0,139.0,22.0,0.0,3.0,-3.0,SEN,13,NRG,10,1,0.701,0.382,1.083
Sunset,Zellsis,SEN,Breach,1.07,185.0,13,14,19,-1,78.0,118.0,17.0,2.0,1.0,1.0,SEN,13,NRG,10,1,0.561,0.424,0.985
Sunset,zekken,SEN,Neon,1.05,237.0,20,17,4,3,78.0,144.0,18.0,7.0,4.0,3.0,SEN,13,NRG,10,1,0.709,0.369,1.079
Sunset,brawk,NRG,Sova,1.12,263.0,19,19,7,0,70.0,181.0,25.0,2.0,0.0,2.0,SEN,13,NRG,10,0,0.699,0.411,1.111
Sunset,Ethan,NRG,Breach,1.11,182.0,15,16,9,-1,74.0,131.0,30.0,3.0,1.0,2.0,SEN,13,NRG,10,0,0.615,0.43,1.045
Sunset,skuba,NRG,Cypher,0.92,164.0,14,15,6,-1,65.0,105.0,29.0,0.0,0.0,0.0,SEN,13,NRG,10,0,0.533,0.353,0.886
Sunset,mada,NRG,Neon,0.8,176.0,13,19,10,-6,70.0,103.0,38.0,4.0,6.0,-2.0,SEN,13,NRG,10,0,0.501,0.347,0.848
Sunset,s0m,NRG,Omen,0.48,135.0,10,20,4,-10,52.0,88.0,31.0,1.0,6.0,-5.0,SEN,13,NRG,10,0,0.387,0.224,0.61
Corrode,johnqt,SEN,Viper,1.22,198.0,17,11,4,6,71.0,114.0,40.0,0.0,1.0,-1.0,SEN,8,NRG,13,0,0.704,0.355,1.059
Corrode,bang,SEN,Omen,0.95,166.0,12,14,6,-2,62.0,122.0,33.0,0.0,1.0,-1.0,SEN,8,NRG,13,0,0.529,0.334,0.863
Corrode,zekken,SEN,Neon,0.74,196.0,13,18,3,-5,67.0,144.0,31.0,6.0,7.0,-1.0,SEN,8,NRG,13,0,0.523,0.277,0.8
Corrode,N4RRATE,SEN,Fade,0.6,110.0,7,15,6,-8,67.0,73.0,11.0,1.0,3.0,-2.0,SEN,8,NRG,13,0,0.332,0.287,0.619
Corrode,Zellsis,SEN,Vyse,0.58,164.0,11,17,7,-6,71.0,107.0,26.0,0.0,2.0,-2.0,SEN,8,NRG,13,0,0.421,0.303,0.723
Corrode,brawk,NRG,Sova,1.38,275.0,19,12,6,7,76.0,171.0,27.0,1.0,0.0,1.0,SEN,8,NRG,13,1,0.789,0.429,1.218
Corrode,skuba,NRG,Viper,1.15,184.0,14,9,6,5,81.0,107.0,36.0,3.0,1.0,2.0,SEN,8,NRG,13,1,0.697,0.412,1.109
Corrode,mada,NRG,Waylay,1.13,224.0,17,13,6,4,81.0,142.0,35.0,5.0,3.0,2.0,SEN,8,NRG,13,1,0.735,0.401,1.136
Corrode,Ethan,NRG,Kayo,1.06,177.0,12,12,9,0,71.0,132.0,26.0,2.0,1.0,1.0,SEN,8,NRG,13,1,0.589,0.411,1.0
Corrode,s0m,NRG,Omen,0.69,165.0,13,14,6,-1,81.0,99.0,22.0,3.0,2.0,1.0,SEN,8,NRG,13,1,0.521,0.346,0.867
Haven,mitch,C9,Skye,1.51,250.0,18,8,5,10,94.0,159.0,21.0,0.0,2.0,-2.0,C9,13,FUR,5,1,0.766,0.413,1.179
Haven,OXY,C9,Jett,1.42,336.0,23,14,3,9,78.0,181.0,25.0,8.0,2.0,6.0,C9,13,FUR,5,1,0.843,0.398,1.241
Haven,v1c,C9,Omen,1.28,189.0,12,8,7,4,94.0,135.0,61.0,1.0,1.0,0.0,C9,13,FUR,5,1,0.7,0.442,1.142
Haven,Xeppaa,C9,Killjoy,1.2,221.0,13,10,5,3,100.0,160.0,23.0,2.0,0.0,2.0,C9,13,FUR,5,1,0.689,0.448,1.136
Haven,neT,C9,Viper,0.84,132.0,9,8,3,1,78.0,88.0,29.0,0.0,2.0,-2.0,C9,13,FUR,5,1,0.505,0.297,0.803
Haven,heat,FUR,Viper,0.92,176.0,12,15,3,-3,56.0,109.0,42.0,1.0,3.0,-2.0,C9,13,FUR,5,0,0.518,0.269,0.787
Haven,adverso,FUR,Sova,0.9,211.0,12,14,4,-2,83.0,156.0,24.0,0.0,0.0,0.0,C9,13,FUR,5,0,0.556,0.359,0.915
Haven,Palla,FUR,Neon,0.75,178.0,11,16,2,-5,56.0,124.0,36.0,2.0,2.0,0.0,C9,13,FUR,5,0,0.484,0.268,0.752
Haven,tuyz,FUR,Omen,0.58,97.0,6,13,6,-7,72.0,63.0,50.0,2.0,2.0,0.0,C9,13,FUR,5,0,0.384,0.31,0.694
Haven,Urango,FUR,Killjoy,0.27,133.0,7,17,1,-10,44.0,89.0,29.0,2.0,4.0,-2.0,C9,13,FUR,5,0,0.385,0.203,0.589
Bind,OXY,C9,Raze,1.78,339.0,21,7,5,14,82.0,190.0,12.0,4.0,1.0,3.0,C9,13,FUR,4,1,0.833,0.441,1.274
Bind,Xeppaa,C9,Vyse,1.64,357.0,22,10,7,12,88.0,223.0,31.0,5.0,0.0,5.0,C9,13,FUR,4,1,0.862,0.483,1.345
Bind,v1c,C9,Brimstone,1.48,202.0,13,5,9,8,94.0,139.0,24.0,1.0,1.0,0.0,C9,13,FUR,4,1,0.711,0.484,1.195
Bind,neT,C9,Viper,1.26,173.0,12,5,2,7,82.0,109.0,47.0,1.0,2.0,-1.0,C9,13,FUR,4,1,0.677,0.357,1.034
Bind,mitch,C9,Skye,1.02,131.0,6,7,10,-1,88.0,95.0,19.0,1.0,1.0,0.0,C9,13,FUR,4,1,0.475,0.427,0.902
Bind,tuyz,FUR,Brimstone,0.72,104.0,6,13,8,-7,47.0,74.0,55.0,0.0,2.0,-2.0,C9,13,FUR,4,0,0.399,0.289,0.687
Bind,adverso,FUR,Deadlock,0.61,142.0,8,15,3,-7,35.0,80.0,24.0,2.0,5.0,-3.0,C9,13,FUR,4,0,0.394,0.199,0.594
Bind,heat,FUR,Viper,0.59,120.0,6,15,3,-9,53.0,99.0,28.0,0.0,1.0,-1.0,C9,13,FUR,4,0,0.38,0.247,0.627
Bind,Palla,FUR,Raze,0.57,164.0,8,16,3,-8,35.0,111.0,18.0,1.0,3.0,-2.0,C9,13,FUR,4,0,0.397,0.199,0.596
Bind,Urango,FUR,Skye,0.37,102.0,6,15,4,-9,47.0,50.0,14.0,2.0,1.0,1.0,C9,13,FUR,4,0,0.331,0.255,0.586
Sunset,supamen,EG,Omen,1.01,159.0,13,14,6,-1,60.0,89.0,41.0,1.0,2.0,-1.0,EG,7,2G,13,0,0.539,0.327,0.867
Sunset,icy,EG,Cypher,0.9,189.0,14,15,1,-1,65.0,139.0,35.0,1.0,0.0,1.0,EG,7,2G,13,0,0.573,0.326,0.899
Sunset,Derrek,EG,Sova,0.88,184.0,13,15,6,-2,65.0,124.0,41.0,0.0,0.0,0.0,EG,7,2G,13,0,0.545,0.349,0.894
Sunset,NaturE,EG,Kayo,0.74,195.0,13,17,8,-4,80.0,110.0,29.0,1.0,2.0,-1.0,EG,7,2G,13,0,0.483,0.354,0.837
Sunset,yay,EG,Jett,0.66,161.0,9,17,7,-8,55.0,115.0,21.0,6.0,7.0,-1.0,EG,7,2G,13,0,0.447,0.293,0.74
Sunset,spike,2G,Neon,1.79,365.0,27,11,3,16,80.0,237.0,31.0,3.0,3.0,0.0,EG,7,2G,13,1,0.862,0.385,1.247
Sunset,lz,2G,Omen,1.49,257.0,18,11,11,7,80.0,155.0,43.0,4.0,3.0,1.0,EG,7,2G,13,1,0.823,0.46,1.284
Sunset,gobera,2G,Breach,1.02,190.0,12,14,13,-2,75.0,127.0,30.0,3.0,0.0,3.0,EG,7,2G,13,1,0.578,0.436,1.013
Sunset,silentzz,2G,Cypher,0.83,158.0,13,12,1,1,70.0,106.0,57.0,1.0,2.0,-1.0,EG,7,2G,13,1,0.577,0.291,0.868
Sunset,pryze,2G,Sova,0.65,108.0,8,14,5,-6,70.0,75.0,15.0,0.0,1.0,-1.0,EG,7,2G,13,1,0.35,0.304,0.654
Lotus,Derrek,EG,Chamber,1.59,350.0,30,15,4,15,79.0,242.0,31.0,3.0,2.0,1.0,EG,13,2G,11,1,0.862,0.403,1.265
Lotus,icy,EG,Raze,1.27,224.0,20,13,3,7,71.0,129.0,20.0,4.0,2.0,2.0,EG,13,2G,11,1,0.75,0.366,1.115
Lotus,supamen,EG,Viper,0.95,138.0,10,12,6,-2,67.0,98.0,19.0,3.0,3.0,0.0,EG,13,2G,11,1,0.502,0.341,0.843
Lotus,yay,EG,Clove,0.74,204.0,17,19,8,-2,71.0,141.0,30.0,1.0,3.0,-2.0,EG,13,2G,11,1,0.557,0.331,0.888
Lotus,NaturE,EG,Fade,0.62,102.0,8,16,11,-8,63.0,66.0,18.0,0.0,3.0,-3.0,EG,13,2G,11,1,0.343,0.312,0.654
Lotus,lz,2G,Omen,1.13,216.0,16,16,13,0,63.0,138.0,45.0,5.0,5.0,0.0,EG,13,2G,11,0,0.674,0.387,1.062
Lotus,pryze,2G,Fade,1.11,218.0,18,17,9,1,67.0,149.0,19.0,0.0,1.0,-1.0,EG,13,2G,11,0,0.642,0.392,1.035
Lotus,spike,2G,Neon,1.04,225.0,19,18,2,1,54.0,150.0,20.0,6.0,2.0,4.0,EG,13,2G,11,0,0.675,0.317,0.992
Lotus,silentzz,2G,Cypher,0.93,159.0,13,18,5,-5,58.0,105.0,35.0,1.0,2.0,-1.0,EG,13,2G,11,0,0.475,0.304,0.779
Lotus,gobera,2G,Breach,0.83,119.0,9,16,13,-7,75.0,80.0,24.0,1.0,1.0,0.0,EG,13,2G,11,0,0.396,0.385,0.781
Ascent,Derrek,EG,Sova,1.55,243.0,18,12,7,6,55.0,177.0,27.0,1.0,2.0,-1.0,EG,13,2G,9,1,0.782,0.379,1.161
Ascent,yay,EG,Jett,1.19,230.0,19,15,3,4,64.0,146.0,30.0,4.0,7.0,-3.0,EG,13,2G,9,1,0.75,0.307,1.056
Ascent,NaturE,EG,Kayo,1.15,230.0,17,15,12,2,82.0,156.0,29.0,2.0,1.0,1.0,EG,13,2G,9,1,0.696,0.439,1.135
Ascent,icy,EG,Cypher,0.8,109.0,8,12,6,-4,64.0,68.0,47.0,0.0,1.0,-1.0,EG,13,2G,9,1,0.418,0.321,0.739
Ascent,supamen,EG,Omen,0.75,152.0,11,15,6,-4,73.0,95.0,54.0,2.0,2.0,0.0,EG,13,2G,9,1,0.486,0.33,0.816
Ascent,silentzz,2G,Jett,1.69,311.0,26,11,1,15,77.0,190.0,28.0,7.0,1.0,6.0,EG,13,2G,9,0,0.858,0.41,1.269
Ascent,spike,2G,Kayo,1.01,187.0,14,15,13,-1,73.0,107.0,18.0,1.0,2.0,-1.0,EG,13,2G,9,0,0.539,0.383,0.922
Ascent,pryze,2G,Sova,0.89,188.0,14,15,5,-1,68.0,125.0,17.0,2.0,3.0,-1.0,EG,13,2G,9,0,0.552,0.317,0.869
Ascent,lz,2G,Omen,0.79,153.0,11,15,11,-4,77.0,94.0,35.0,3.0,0.0,3.0,EG,13,2G,9,0,0.485,0.415,0.9
Ascent,gobera,2G,Cypher,0.2,66.0,4,17,4,-13,45.0,51.0,4.0,0.0,3.0,-3.0,EG,13,2G,9,0,0.297,0.212,0.509
Corrode,N4RRATE,SEN,Fade,1.35,244.0,17,13,9,4,90.0,149.0,37.0,5.0,1.0,4.0,SEN,13,G2,8,1,0.774,0.486,1.261
Corrode,zekken,SEN,Neon,1.32,282.0,22,15,3,7,76.0,166.0,27.0,7.0,3.0,4.0,SEN,13,G2,8,1,0.822,0.384,1.205
Corrode,bang,SEN,Omen,1.3,190.0,15,8,8,7,81.0,118.0,23.0,1.0,0.0,1.0,SEN,13,G2,8,1,0.681,0.451,1.132
Corrode,johnqt,SEN,Viper,1.04,182.0,14,11,3,3,86.0,117.0,14.0,2.0,0.0,2.0,SEN,13,G2,8,1,0.615,0.385,1.0
Corrode,Zellsis,SEN,Vyse,0.91,193.0,15,13,2,2,76.0,132.0,18.0,2.0,0.0,2.0,SEN,13,G2,8,1,0.613,0.354,0.967
Corrode,trent,G2,Sova,1.28,281.0,18,16,4,2,67.0,201.0,28.0,1.0,2.0,-1.0,SEN,13,G2,8,0,0.746,0.345,1.091
Corrode,valyn,G2,Omen,0.87,157.0,12,15,8,-3,57.0,106.0,21.0,0.0,4.0,-4.0,SEN,13,G2,8,0,0.475,0.317,0.792
Corrode,JonahP,G2,Viper,0.78,130.0,9,15,5,-6,76.0,93.0,30.0,2.0,3.0,-1.0,SEN,13,G2,8,0,0.428,0.319,0.746
Corrode,jawgemo,G2,Yoru,0.75,210.0,14,20,6,-6,57.0,151.0,39.0,1.0,4.0,-3.0,SEN,13,G2,8,0,0.519,0.282,0.801
Corrode,BABYBAY,G2,Vyse,0.46,110.0,7,17,6,-10,62.0,83.0,21.0,0.0,4.0,-4.0,SEN,13,G2,8,0,0.344,0.263,0.607
Ascent,N4RRATE,SEN,Sova,1.01,230.0,14,16,6,-2,79.0,140.0,31.0,3.0,1.0,2.0,SEN,6,G2,13,0,0.615,0.394,1.009
Ascent,johnqt,SEN,Cypher,0.89,176.0,10,11,6,-1,58.0,120.0,24.0,1.0,0.0,1.0,SEN,6,G2,13,0,0.521,0.347,0.868
Ascent,bang,SEN,Omen,0.83,162.0,10,14,4,-4,68.0,100.0,33.0,1.0,1.0,0.0,SEN,6,G2,13,0,0.461,0.317,0.778
Ascent,Zellsis,SEN,Deadlock,0.74,178.0,12,16,1,-4,58.0,108.0,26.0,1.0,2.0,-1.0,SEN,6,G2,13,0,0.465,0.262,0.727
Ascent,zekken,SEN,Yoru,0.45,129.0,9,16,2,-7,58.0,90.0,40.0,3.0,6.0,-3.0,SEN,6,G2,13,0,0.421,0.222,0.643
Ascent,trent,G2,Sova,1.79,311.0,21,10,8,11,89.0,193.0,37.0,3.0,0.0,3.0,SEN,6,G2,13,1,0.87,0.496,1.365
Ascent,JonahP,G2,Vyse,1.26,200.0,14,9,4,5,84.0,128.0,25.0,1.0,0.0,1.0,SEN,6,G2,13,1,0.686,0.407,1.094
Ascent,valyn,G2,Omen,1.07,180.0,14,12,11,2,63.0,100.0,32.0,0.0,4.0,-4.0,SEN,6,G2,13,1,0.602,0.359,0.962
Ascent,BABYBAY,G2,Chamber,1.02,164.0,10,10,4,0,68.0,123.0,26.0,4.0,2.0,2.0,SEN,6,G2,13,1,0.578,0.345,0.924
Ascent,jawgemo,G2,Yoru,0.82,205.0,14,14,8,0,74.0,140.0,33.0,2.0,3.0,-1.0,SEN,6,G2,13,1,0.6,0.353,0.953
Lotus,Zellsis,SEN,Vyse,1.23,191.0,18,16,6,2,65.0,130.0,33.0,2.0,2.0,0.0,SEN,14,G2,12,1,0.679,0.368,1.046
Lotus,zekken,SEN,Raze,1.19,277.0,26,18,4,8,65.0,179.0,24.0,4.0,6.0,-2.0,SEN,14,G2,12,1,0.81,0.324,1.134
Lotus,johnqt,SEN,Viper,1.06,159.0,14,15,10,-1,73.0,116.0,15.0,1.0,0.0,1.0,SEN,14,G2,12,1,0.532,0.424,0.956
Lotus,N4RRATE,SEN,Fade,0.88,184.0,17,18,8,-1,73.0,107.0,10.0,4.0,2.0,2.0,SEN,14,G2,12,1,0.553,0.383,0.937
Lotus,bang,SEN,Omen,0.86,167.0,16,17,6,-1,62.0,108.0,50.0,0.0,5.0,-5.0,SEN,14,G2,12,1,0.563,0.302,0.864
Lotus,valyn,G2,Omen,1.41,275.0,26,17,8,9,77.0,181.0,23.0,3.0,0.0,3.0,SEN,14,G2,12,0,0.832,0.469,1.301
Lotus,jawgemo,G2,Yoru,1.11,224.0,19,17,10,2,69.0,145.0,22.0,7.0,4.0,3.0,SEN,14,G2,12,0,0.697,0.417,1.113
Lotus,JonahP,G2,Fade,0.88,177.0,16,20,10,-4,69.0,103.0,19.0,1.0,2.0,-1.0,SEN,14,G2,12,0,0.484,0.362,0.846
Lotus,trent,G2,Tejo,0.73,105.0,10,16,7,-6,62.0,66.0,10.0,1.0,1.0,0.0,SEN,14,G2,12,0,0.35,0.33,0.68
Lotus,BABYBAY,G2,Viper,0.64,160.0,13,21,4,-8,65.0,109.0,21.0,3.0,4.0,-1.0,SEN,14,G2,12,0,0.459,0.274,0.733
Ascent,pryze,2G,Sova,1.17,185.0,15,14,5,1,67.0,139.0,34.0,0.0,0.0,0.0,2G,8,G2,13,0,0.633,0.372,1.005
Ascent,silentzz,2G,Jett,1.01,221.0,18,15,0,3,57.0,132.0,26.0,5.0,6.0,-1.0,2G,8,G2,13,0,0.692,0.289,0.981
Ascent,spike,2G,Kayo,0.81,184.0,11,19,11,-8,52.0,119.0,28.0,2.0,3.0,-1.0,2G,8,G2,13,0,0.48,0.326,0.807
Ascent,lz,2G,Omen,0.76,159.0,12,18,6,-6,48.0,112.0,41.0,0.0,2.0,-2.0,2G,8,G2,13,0,0.463,0.272,0.735
Ascent,gobera,2G,Cypher,0.32,121.0,7,19,6,-12,52.0,82.0,40.0,1.0,2.0,-1.0,2G,8,G2,13,0,0.373,0.259,0.632
Ascent,jawgemo,G2,Yoru,1.48,287.0,22,12,6,10,81.0,180.0,19.0,3.0,3.0,0.0,2G,8,G2,13,1,0.838,0.42,1.258
Ascent,trent,G2,Sova,1.2,229.0,18,12,9,6,81.0,140.0,31.0,1.0,1.0,0.0,2G,8,G2,13,1,0.728,0.434,1.162
Ascent,JonahP,G2,Vyse,1.17,227.0,19,14,4,5,71.0,148.0,22.0,2.0,0.0,2.0,2G,8,G2,13,1,0.737,0.385,1.121
Ascent,valyn,G2,Omen,1.0,154.0,11,11,10,0,81.0,89.0,28.0,2.0,0.0,2.0,2G,8,G2,13,1,0.541,0.439,0.981
Ascent,BABYBAY,G2,Chamber,0.92,187.0,15,14,5,1,76.0,116.0,18.0,5.0,4.0,1.0,2G,8,G2,13,1,0.6,0.351,0.951
Haven,silentzz,2G,Iso,0.82,205.0,12,16,2,-4,78.0,145.0,30.0,2.0,2.0,0.0,2G,5,G2,13,0,0.531,0.312,0.843
Haven,pryze,2G,Sova,0.79,167.0,9,16,3,-7,56.0,131.0,27.0,2.0,0.0,2.0,2G,5,G2,13,0,0.467,0.308,0.776
Haven,spike,2G,Yoru,0.75,211.0,13,16,3,-3,56.0,146.0,47.0,3.0,3.0,0.0,2G,5,G2,13,0,0.58,0.268,0.848
Haven,gobera,2G,Cypher,0.69,136.0,9,15,1,-6,56.0,94.0,42.0,1.0,1.0,0.0,2G,5,G2,13,0,0.42,0.271,0.691
Haven,lz,2G,Omen,0.6,115.0,6,14,10,-8,61.0,75.0,53.0,1.0,3.0,-2.0,2G,5,G2,13,0,0.39,0.31,0.7
Haven,valyn,G2,Omen,1.8,344.0,23,9,7,14,89.0,203.0,19.0,1.0,1.0,0.0,2G,5,G2,13,1,0.816,0.454,1.269
Haven,JonahP,G2,Viper,1.76,294.0,19,8,10,11,89.0,182.0,19.0,3.0,1.0,2.0,2G,5,G2,13,1,0.831,0.493,1.324
Haven,trent,G2,Fade,1.4,241.0,19,10,5,9,89.0,138.0,24.0,3.0,1.0,2.0,2G,5,G2,13,1,0.779,0.441,1.22
Haven,BABYBAY,G2,Vyse,0.8,129.0,8,9,8,-1,72.0,87.0,15.0,0.0,4.0,-4.0,2G,5,G2,13,1,0.444,0.335,0.778
Haven,jawgemo,G2,Yoru,0.64,134.0,8,13,6,-5,72.0,101.0,11.0,2.0,2.0,0.0,2G,5,G2,13,1,0.386,0.317,0.702
Lotus,OXY,C9,Neon,1.4,324.0,22,15,9,7,95.0,229.0,28.0,4.0,2.0,2.0,C9,13,EG,7,1,0.851,0.487,1.338
Lotus,mitch,C9,Fade,1.39,244.0,16,12,12,4,90.0,158.0,22.0,3.0,2.0,1.0,C9,13,EG,7,1,0.761,0.469,1.229
Lotus,v1c,C9,Omen,1.36,216.0,18,11,11,7,85.0,146.0,30.0,0.0,0.0,0.0,C9,13,EG,7,1,0.741,0.467,1.208
Lotus,neT,C9,Viper,1.24,201.0,15,10,7,5,75.0,124.0,43.0,3.0,1.0,2.0,C9,13,EG,7,1,0.738,0.423,1.161
Lotus,Xeppaa,C9,Vyse,1.22,197.0,15,12,9,3,95.0,142.0,33.0,2.0,3.0,-1.0,C9,13,EG,7,1,0.69,0.442,1.131
Lotus,Derrek,EG,Tejo,0.83,168.0,10,15,7,-5,60.0,127.0,25.0,0.0,0.0,0.0,C9,13,EG,7,0,0.456,0.347,0.803
Lotus,yay,EG,Clove,0.76,203.0,16,18,2,-2,55.0,134.0,35.0,1.0,1.0,0.0,C9,13,EG,7,0,0.555,0.277,0.832
Lotus,icy,EG,Raze,0.73,180.0,13,17,4,-4,60.0,106.0,22.0,2.0,6.0,-4.0,C9,13,EG,7,0,0.477,0.262,0.74
Lotus,supamen,EG,Viper,0.7,184.0,12,18,1,-6,55.0,133.0,31.0,4.0,2.0,2.0,C9,13,EG,7,0,0.501,0.278,0.78
Lotus,NaturE,EG,Fade,0.69,134.0,9,18,8,-9,70.0,86.0,22.0,1.0,3.0,-2.0,C9,13,EG,7,0,0.39,0.324,0.713
Haven,mitch,C9,Skye,1.13,231.0,15,13,15,2,70.0,153.0,17.0,2.0,1.0,1.0,C9,13,EG,10,1,0.666,0.417,1.083
Haven,v1c,C9,Omen,1.11,231.0,18,15,11,3,65.0,143.0,25.0,2.0,3.0,-1.0,C9,13,EG,10,1,0.698,0.38,1.078
Haven,neT,C9,Viper,1.06,208.0,17,15,8,2,65.0,138.0,27.0,2.0,3.0,-1.0,C9,13,EG,10,1,0.662,0.363,1.025
Haven,OXY,C9,Jett,0.9,189.0,17,14,0,3,61.0,109.0,18.0,2.0,6.0,-4.0,C9,13,EG,10,1,0.619,0.271,0.89
Haven,Xeppaa,C9,Killjoy,0.74,153.0,13,17,4,-4,61.0,95.0,10.0,2.0,0.0,2.0,C9,13,EG,10,1,0.437,0.322,0.76
Haven,Derrek,EG,Sova,1.36,243.0,19,15,7,4,70.0,183.0,27.0,4.0,0.0,4.0,C9,13,EG,10,0,0.794,0.441,1.235
Haven,yay,EG,Jett,1.15,208.0,18,15,3,3,70.0,131.0,25.0,5.0,6.0,-1.0,C9,13,EG,10,0,0.699,0.325,1.024
Haven,icy,EG,Cypher,0.89,150.0,12,16,5,-4,65.0,96.0,34.0,2.0,0.0,2.0,C9,13,EG,10,0,0.484,0.356,0.84
Haven,supamen,EG,Omen,0.87,178.0,15,17,10,-2,78.0,107.0,32.0,2.0,3.0,-1.0,C9,13,EG,10,0,0.544,0.376,0.92
Haven,NaturE,EG,Breach,0.67,126.0,10,17,11,-7,61.0,75.0,25.0,0.0,1.0,-1.0,C9,13,EG,10,0,0.385,0.336,0.721
Sunset,adverso,FUR,Sova,1.02,236.0,13,15,3,-2,65.0,156.0,27.0,0.0,1.0,-1.0,FUR,4,SEN,13,0,0.59,0.313,0.902
Sunset,heat,FUR,Viper,0.64,158.0,10,13,0,-3,65.0,106.0,24.0,0.0,1.0,-1.0,FUR,4,SEN,13,0,0.446,0.272,0.718
Sunset,tuyz,FUR,Omen,0.58,153.0,10,16,5,-6,65.0,90.0,43.0,1.0,3.0,-2.0,FUR,4,SEN,13,0,0.42,0.27,0.69
Sunset,Palla,FUR,Neon,0.52,191.0,11,18,0,-7,53.0,111.0,39.0,2.0,7.0,-5.0,FUR,4,SEN,13,0,0.461,0.217,0.678
Sunset,Urango,FUR,Sage,0.44,93.0,5,14,4,-9,71.0,77.0,36.0,0.0,2.0,-2.0,FUR,4,SEN,13,0,0.353,0.26,0.613
Sunset,zekken,SEN,Neon,1.76,399.0,24,12,3,12,88.0,237.0,19.0,7.0,0.0,7.0,FUR,4,SEN,13,1,0.846,0.438,1.284
Sunset,N4RRATE,SEN,Fade,1.53,285.0,17,10,9,7,94.0,195.0,35.0,4.0,1.0,3.0,FUR,4,SEN,13,1,0.847,0.506,1.353
Sunset,Zellsis,SEN,Breach,1.35,204.0,12,9,15,3,100.0,138.0,26.0,0.0,0.0,0.0,FUR,4,SEN,13,1,0.667,0.491,1.158
Sunset,bang,SEN,Omen,1.14,209.0,13,11,8,2,88.0,134.0,40.0,3.0,1.0,2.0,FUR,4,SEN,13,1,0.681,0.445,1.126
Sunset,johnqt,SEN,Cypher,1.06,143.0,10,7,3,3,71.0,93.0,32.0,0.0,1.0,-1.0,FUR,4,SEN,13,1,0.576,0.327,0.902
Icebox,heat,FUR,Viper,1.02,251.0,9,13,5,-4,85.0,155.0,35.0,3.0,1.0,2.0,FUR,0,SEN,13,0,0.588,0.394,0.982
Icebox,Palla,FUR,Waylay,0.92,223.0,9,12,2,-3,69.0,145.0,34.0,2.0,1.0,1.0,FUR,0,SEN,13,0,0.556,0.326,0.882
Icebox,adverso,FUR,Sova,0.76,153.0,8,12,1,-4,46.0,95.0,17.0,0.0,0.0,0.0,FUR,0,SEN,13,0,0.415,0.271,0.686
Icebox,tuyz,FUR,Omen,0.16,79.0,3,13,2,-10,46.0,69.0,30.0,0.0,2.0,-2.0,FUR,0,SEN,13,0,0.341,0.207,0.547
Icebox,Urango,FUR,Killjoy,0.14,95.0,3,13,2,-10,46.0,75.0,11.0,0.0,4.0,-4.0,FUR,0,SEN,13,0,0.315,0.202,0.517
Icebox,N4RRATE,SEN,Sova,1.76,301.0,15,4,4,11,100.0,202.0,37.0,0.0,0.0,0.0,FUR,0,SEN,13,1,0.812,0.448,1.26
Icebox,Zellsis,SEN,Killjoy,1.6,330.0,17,8,3,9,85.0,200.0,23.0,2.0,2.0,0.0,FUR,0,SEN,13,1,0.819,0.393,1.212
Icebox,bang,SEN,Viper,1.37,259.0,11,6,5,5,92.0,156.0,17.0,3.0,1.0,2.0,FUR,0,SEN,13,1,0.749,0.443,1.192
Icebox,johnqt,SEN,Sage,1.24,162.0,9,5,8,4,92.0,112.0,27.0,0.0,0.0,0.0,FUR,0,SEN,13,1,0.62,0.455,1.075
Icebox,zekken,SEN,Jett,0.79,202.0,11,9,0,2,77.0,126.0,40.0,3.0,2.0,1.0,FUR,0,SEN,13,1,0.626,0.316,0.942
Corrode,silentzz,2G,Vyse,1.61,255.0,26,13,8,13,88.0,165.0,47.0,2.0,0.0,2.0,2G,12,FUR,14,0,0.832,0.49,1.321
Corrode,pryze,2G,Fade,1.13,246.0,20,21,17,-1,85.0,170.0,20.0,3.0,1.0,2.0,2G,12,FUR,14,0,0.682,0.45,1.133
Corrode,gobera,2G,Viper,0.79,163.0,15,17,5,-2,69.0,107.0,23.0,2.0,1.0,1.0,2G,12,FUR,14,0,0.517,0.334,0.851
Corrode,spike,2G,Neon,0.77,258.0,22,25,7,-3,77.0,151.0,17.0,9.0,3.0,6.0,2G,12,FUR,14,0,0.607,0.372,0.979
Corrode,lz,2G,Omen,0.59,114.0,11,18,8,-7,65.0,71.0,34.0,2.0,3.0,-1.0,2G,12,FUR,14,0,0.399,0.313,0.713
Corrode,adverso,FUR,Fade,1.17,257.0,21,21,13,0,92.0,169.0,20.0,2.0,5.0,-3.0,2G,12,FUR,14,1,0.696,0.418,1.114
Corrode,tuyz,FUR,Omen,1.11,177.0,17,15,9,2,85.0,118.0,37.0,1.0,2.0,-1.0,2G,12,FUR,14,1,0.636,0.413,1.05
Corrode,heat,FUR,Viper,1.08,191.0,18,17,7,1,73.0,126.0,40.0,2.0,2.0,0.0,2G,12,FUR,14,1,0.653,0.376,1.029
Corrode,Palla,FUR,Neon,1.04,269.0,24,23,6,1,77.0,158.0,26.0,3.0,4.0,-1.0,2G,12,FUR,14,1,0.719,0.359,1.078
Corrode,Urango,FUR,Sage,0.92,157.0,14,18,13,-4,73.0,89.0,24.0,0.0,5.0,-5.0,2G,12,FUR,14,1,0.468,0.36,0.828
Sunset,silentzz,2G,Cypher,1.83,261.0,19,5,0,14,88.0,176.0,58.0,4.0,1.0,3.0,2G,13,FUR,3,1,0.858,0.429,1.287
Sunset,gobera,2G,Breach,1.48,279.0,17,8,6,9,88.0,184.0,38.0,2.0,0.0,2.0,2G,13,FUR,3,1,0.828,0.467,1.295
Sunset,pryze,2G,Sova,1.41,227.0,14,7,4,7,81.0,153.0,38.0,3.0,1.0,2.0,2G,13,FUR,3,1,0.778,0.418,1.195
Sunset,spike,2G,Neon,1.27,278.0,14,11,7,3,88.0,184.0,17.0,3.0,1.0,2.0,2G,13,FUR,3,1,0.75,0.448,1.198
Sunset,lz,2G,Omen,0.96,164.0,10,10,8,0,81.0,118.0,55.0,0.0,1.0,-1.0,2G,13,FUR,3,1,0.571,0.389,0.959
Sunset,heat,FUR,Cypher,0.87,218.0,11,15,2,-4,56.0,143.0,40.0,0.0,2.0,-2.0,2G,13,FUR,3,0,0.533,0.264,0.797
Sunset,adverso,FUR,Sova,0.79,188.0,10,15,5,-5,63.0,126.0,10.0,2.0,0.0,2.0,2G,13,FUR,3,0,0.451,0.342,0.793
Sunset,Urango,FUR,Breach,0.61,145.0,8,15,4,-7,56.0,99.0,39.0,0.0,2.0,-2.0,2G,13,FUR,3,0,0.412,0.247,0.659
Sunset,tuyz,FUR,Omen,0.55,141.0,6,14,8,-8,63.0,94.0,25.0,1.0,3.0,-2.0,2G,13,FUR,3,0,0.378,0.297,0.676
Sunset,Palla,FUR,Neon,0.16,118.0,6,15,2,-9,44.0,77.0,14.0,1.0,5.0,-4.0,2G,13,FUR,3,0,0.333,0.199,0.532
Ascent,gobera,2G,Killjoy,2.08,356.0,21,8,2,13,93.0,236.0,31.0,0.0,1.0,-1.0,2G,13,FUR,2,1,0.832,0.407,1.24
Ascent,pryze,2G,Sova,1.4,252.0,14,9,4,5,87.0,160.0,25.0,1.0,0.0,1.0,2G,13,FUR,2,1,0.747,0.427,1.174
Ascent,spike,2G,Kayo,1.21,247.0,13,10,8,3,73.0,163.0,32.0,2.0,3.0,-1.0,2G,13,FUR,2,1,0.716,0.393,1.109
Ascent,silentzz,2G,Jett,0.63,154.0,8,11,1,-3,67.0,118.0,26.0,2.0,3.0,-1.0,2G,13,FUR,2,1,0.46,0.265,0.725
Ascent,lz,2G,Omen,0.63,146.0,8,12,7,-4,80.0,101.0,38.0,0.0,3.0,-3.0,2G,13,FUR,2,1,0.429,0.319,0.748
Ascent,Urango,FUR,Deadlock,1.09,225.0,13,12,4,1,67.0,142.0,41.0,1.0,1.0,0.0,2G,13,FUR,2,0,0.644,0.343,0.987
Ascent,Palla,FUR,Yoru,0.9,240.0,11,13,5,-2,80.0,154.0,23.0,5.0,2.0,3.0,2G,13,FUR,2,0,0.593,0.368,0.961
Ascent,heat,FUR,Cypher,0.83,188.0,9,13,5,-4,67.0,136.0,19.0,0.0,1.0,-1.0,2G,13,FUR,2,0,0.474,0.318,0.792
Ascent,tuyz,FUR,Omen,0.73,167.0,8,12,7,-4,73.0,103.0,32.0,3.0,1.0,2.0,2G,13,FUR,2,0,0.474,0.366,0.84
Ascent,adverso,FUR,Sova,0.63,172.0,9,14,3,-5,67.0,126.0,11.0,1.0,0.0,1.0,2G,13,FUR,2,0,0.409,0.301,0.71
Lotus,zekken,SEN,Raze,1.58,297.0,19,12,9,7,100.0,178.0,15.0,6.0,3.0,3.0,SEN,13,C9,5,1,0.822,0.507,1.328
Lotus,bang,SEN,Omen,1.55,236.0,18,8,10,10,83.0,122.0,17.0,1.0,2.0,-1.0,SEN,13,C9,5,1,0.728,0.448,1.176
Lotus,N4RRATE,SEN,Fade,1.4,280.0,18,11,6,7,89.0,187.0,31.0,3.0,1.0,2.0,SEN,13,C9,5,1,0.834,0.452,1.287
Lotus,johnqt,SEN,Viper,1.11,160.0,10,9,9,1,89.0,104.0,20.0,0.0,0.0,0.0,SEN,13,C9,5,1,0.55,0.447,0.997
Lotus,Zellsis,SEN,Vyse,0.96,130.0,8,8,4,0,83.0,90.0,17.0,0.0,2.0,-2.0,SEN,13,C9,5,1,0.482,0.33,0.811
Lotus,Xeppaa,C9,Vyse,1.03,199.0,12,13,5,-1,89.0,128.0,20.0,3.0,1.0,2.0,SEN,13,C9,5,0,0.585,0.402,0.987
Lotus,mitch,C9,Fade,0.75,132.0,10,13,4,-3,67.0,83.0,21.0,0.0,3.0,-3.0,SEN,13,C9,5,0,0.426,0.276,0.702
Lotus,v1c,C9,Omen,0.6,146.0,8,16,9,-8,78.0,96.0,14.0,2.0,3.0,-1.0,SEN,13,C9,5,0,0.39,0.347,0.737
Lotus,neT,C9,Viper,0.51,95.0,6,13,3,-7,61.0,63.0,29.0,0.0,1.0,-1.0,SEN,13,C9,5,0,0.338,0.252,0.59
Lotus,OXY,C9,Neon,0.5,178.0,12,18,1,-6,72.0,120.0,34.0,3.0,2.0,1.0,SEN,13,C9,5,0,0.472,0.277,0.749
Haven,N4RRATE,SEN,Sova,1.61,284.0,20,12,8,8,86.0,193.0,19.0,4.0,3.0,1.0,SEN,13,C9,9,1,0.839,0.459,1.298
Haven,bang,SEN,Omen,1.19,162.0,14,12,17,2,91.0,93.0,35.0,1.0,2.0,-1.0,SEN,13,C9,9,1,0.605,0.432,1.037
Haven,johnqt,SEN,Viper,1.18,208.0,14,9,12,5,82.0,137.0,11.0,1.0,0.0,1.0,SEN,13,C9,9,1,0.665,0.451,1.116
Haven,Zellsis,SEN,Killjoy,0.9,185.0,15,13,3,2,68.0,122.0,21.0,1.0,2.0,-1.0,SEN,13,C9,9,1,0.591,0.296,0.886
Haven,zekken,SEN,Neon,0.67,121.0,9,13,5,-4,64.0,79.0,33.0,2.0,6.0,-4.0,SEN,13,C9,9,1,0.421,0.274,0.695
Haven,OXY,C9,Jett,1.36,298.0,24,16,1,8,73.0,177.0,45.0,7.0,2.0,5.0,SEN,13,C9,9,0,0.858,0.383,1.24
Haven,mitch,C9,Skye,0.92,170.0,10,14,11,-4,64.0,121.0,16.0,1.0,3.0,-2.0,SEN,13,C9,9,0,0.464,0.349,0.814
Haven,Xeppaa,C9,Killjoy,0.81,148.0,12,14,0,-2,64.0,97.0,25.0,2.0,2.0,0.0,SEN,13,C9,9,0,0.494,0.288,0.782
Haven,v1c,C9,Omen,0.59,90.0,8,14,3,-6,64.0,54.0,28.0,2.0,0.0,2.0,SEN,13,C9,9,0,0.365,0.3,0.665
Haven,neT,C9,Viper,0.49,75.0,5,14,5,-9,55.0,49.0,19.0,1.0,2.0,-1.0,SEN,13,C9,9,0,0.322,0.253,0.574
Corrode,JonahP,G2,Viper,1.42,280.0,23,15,3,8,75.0,165.0,35.0,2.0,2.0,0.0,G2,11,EG,13,0,0.826,0.371,1.197
Corrode,valyn,G2,Omen,1.3,262.0,23,17,8,6,71.0,177.0,29.0,1.0,1.0,0.0,G2,11,EG,13,0,0.79,0.417,1.207
Corrode,trent,G2,Fade,1.08,183.0,15,14,9,1,83.0,112.0,38.0,0.0,3.0,-3.0,G2,11,EG,13,0,0.609,0.394,1.003
Corrode,jawgemo,G2,Neon,0.69,171.0,13,20,6,-7,67.0,110.0,25.0,5.0,4.0,1.0,G2,11,EG,13,0,0.476,0.322,0.798
Corrode,BABYBAY,G2,Chamber,0.55,137.0,11,19,2,-8,63.0,83.0,22.0,3.0,3.0,0.0,G2,11,EG,13,0,0.413,0.259,0.672
Corrode,yay,EG,Chamber,1.37,328.0,29,18,2,11,83.0,212.0,35.0,8.0,3.0,5.0,G2,11,EG,13,1,0.857,0.401,1.257
Corrode,Derrek,EG,Omen,1.17,235.0,21,17,3,4,79.0,151.0,47.0,0.0,1.0,-1.0,G2,11,EG,13,1,0.751,0.352,1.103
Corrode,NaturE,EG,Sova,1.15,209.0,18,15,5,3,79.0,135.0,24.0,3.0,1.0,2.0,G2,11,EG,13,1,0.701,0.398,1.098
Corrode,supamen,EG,Viper,0.58,117.0,9,17,3,-8,46.0,78.0,44.0,2.0,2.0,0.0,G2,11,EG,13,1,0.406,0.233,0.64
Corrode,icy,EG,Neon,0.49,115.0,8,18,5,-10,58.0,85.0,26.0,0.0,4.0,-4.0,G2,11,EG,13,1,0.36,0.245,0.604
Haven,trent,G2,Fade,1.81,232.0,17,5,6,12,82.0,169.0,25.0,0.0,1.0,-1.0,G2,13,EG,4,1,0.765,0.422,1.187
Haven,JonahP,G2,Viper,1.59,322.0,20,10,9,10,88.0,211.0,24.0,4.0,1.0,3.0,G2,13,EG,4,1,0.849,0.496,1.345
Haven,valyn,G2,Omen,1.22,236.0,14,12,7,2,82.0,174.0,33.0,3.0,1.0,2.0,G2,13,EG,4,1,0.725,0.433,1.157
Haven,jawgemo,G2,Yoru,1.05,189.0,13,9,2,4,88.0,113.0,22.0,3.0,0.0,3.0,G2,13,EG,4,1,0.655,0.393,1.049
Haven,BABYBAY,G2,Vyse,0.75,160.0,9,13,9,-4,82.0,110.0,26.0,0.0,4.0,-4.0,G2,13,EG,4,1,0.445,0.357,0.802
Haven,NaturE,EG,Breach,1.37,316.0,18,15,8,3,82.0,203.0,19.0,0.0,1.0,-1.0,G2,13,EG,4,0,0.762,0.434,1.195
Haven,Derrek,EG,Sova,1.03,202.0,11,13,3,-2,71.0,143.0,26.0,2.0,0.0,2.0,G2,13,EG,4,0,0.57,0.359,0.929
Haven,supamen,EG,Omen,0.64,130.0,8,14,6,-6,71.0,87.0,29.0,1.0,1.0,0.0,G2,13,EG,4,0,0.388,0.324,0.712
Haven,yay,EG,Jett,0.51,161.0,9,16,1,-7,59.0,121.0,21.0,4.0,6.0,-2.0,G2,13,EG,4,0,0.435,0.231,0.665
Haven,icy,EG,Cypher,0.27,70.0,3,15,3,-12,47.0,53.0,46.0,0.0,2.0,-2.0,G2,13,EG,4,0,0.355,0.208,0.563
Ascent,valyn,G2,Omen,1.62,268.0,17,8,8,9,94.0,167.0,35.0,2.0,0.0,2.0,G2,13,EG,4,1,0.808,0.5,1.308
Ascent,BABYBAY,G2,Chamber,1.39,221.0,15,7,1,8,76.0,156.0,20.0,2.0,2.0,0.0,G2,13,EG,4,1,0.741,0.37,1.11
Ascent,trent,G2,Sova,1.18,224.0,13,10,7,3,82.0,161.0,28.0,1.0,1.0,0.0,G2,13,EG,4,1,0.68,0.411,1.092
Ascent,JonahP,G2,Vyse,1.14,234.0,15,11,6,4,76.0,133.0,20.0,2.0,2.0,0.0,G2,13,EG,4,1,0.691,0.376,1.067
Ascent,jawgemo,G2,Yoru,0.96,183.0,11,11,6,0,82.0,110.0,22.0,2.0,3.0,-1.0,G2,13,EG,4,1,0.557,0.359,0.915
Ascent,NaturE,EG,Kayo,1.19,253.0,13,14,12,-1,82.0,147.0,21.0,1.0,1.0,0.0,G2,13,EG,4,0,0.617,0.435,1.051
Ascent,yay,EG,Jett,0.81,199.0,13,14,1,-1,59.0,126.0,30.0,2.0,4.0,-2.0,G2,13,EG,4,0,0.564,0.262,0.826
Ascent,Derrek,EG,Sova,0.79,179.0,8,15,7,-7,65.0,143.0,45.0,1.0,1.0,0.0,G2,13,EG,4,0,0.482,0.341,0.824
Ascent,icy,EG,Cypher,0.71,143.0,7,14,5,-7,59.0,103.0,19.0,3.0,0.0,3.0,G2,13,EG,4,0,0.423,0.331,0.755
Ascent,supamen,EG,Omen,0.4,81.0,6,14,4,-8,76.0,48.0,33.0,1.0,3.0,-2.0,G2,13,EG,4,0,0.341,0.268,0.609
Bind,v1c,C9,Brimstone,2.14,378.0,21,6,5,15,100.0,216.0,38.0,5.0,1.0,4.0,C9,13,2G,1,1,0.871,0.471,1.342
Bind,OXY,C9,Raze,1.81,290.0,16,4,3,12,100.0,190.0,10.0,0.0,0.0,0.0,C9,13,2G,1,1,0.776,0.437,1.213
Bind,Xeppaa,C9,Vyse,1.68,273.0,14,5,7,9,93.0,168.0,21.0,1.0,0.0,1.0,C9,13,2G,1,1,0.764,0.478,1.242
Bind,mitch,C9,Skye,1.5,236.0,12,5,5,7,86.0,140.0,17.0,4.0,1.0,3.0,C9,13,2G,1,1,0.743,0.448,1.19
Bind,neT,C9,Viper,0.93,138.0,7,6,8,1,93.0,88.0,16.0,1.0,1.0,0.0,C9,13,2G,1,1,0.49,0.414,0.904
Bind,pryze,2G,Fade,0.7,165.0,8,14,1,-6,57.0,94.0,21.0,0.0,0.0,0.0,C9,13,2G,1,0,0.405,0.283,0.688
Bind,lz,2G,Brimstone,0.41,137.0,5,14,5,-9,64.0,90.0,41.0,1.0,0.0,1.0,C9,13,2G,1,0,0.387,0.303,0.69
Bind,spike,2G,Yoru,0.38,136.0,6,14,3,-8,36.0,84.0,37.0,0.0,5.0,-5.0,C9,13,2G,1,0,0.378,0.186,0.564
Bind,gobera,2G,Viper,0.27,100.0,4,14,0,-10,29.0,70.0,31.0,1.0,2.0,-1.0,C9,13,2G,1,0,0.344,0.199,0.544
Bind,silentzz,2G,Raze,0.04,72.0,3,14,1,-11,21.0,48.0,7.0,1.0,4.0,-3.0,C9,13,2G,1,0,0.298,0.186,0.485
Lotus,OXY,C9,Neon,1.77,346.0,27,14,2,13,75.0,219.0,25.0,5.0,3.0,2.0,C9,13,2G,7,1,0.855,0.394,1.248
Lotus,v1c,C9,Omen,1.05,174.0,13,13,9,0,85.0,104.0,31.0,3.0,0.0,3.0,C9,13,2G,7,1,0.594,0.455,1.05
Lotus,Xeppaa,C9,Vyse,0.97,179.0,13,13,4,0,65.0,116.0,15.0,0.0,1.0,-1.0,C9,13,2G,7,1,0.543,0.318,0.861
Lotus,mitch,C9,Fade,0.78,141.0,8,12,8,-4,65.0,93.0,22.0,2.0,2.0,0.0,C9,13,2G,7,1,0.432,0.342,0.775
Lotus,neT,C9,Viper,0.76,153.0,8,13,4,-5,65.0,110.0,26.0,2.0,2.0,0.0,C9,13,2G,7,1,0.438,0.295,0.733
Lotus,lz,2G,Omen,1.19,251.0,19,14,8,5,85.0,146.0,42.0,2.0,1.0,1.0,C9,13,2G,7,0,0.773,0.437,1.211
Lotus,spike,2G,Neon,0.94,238.0,17,14,3,3,75.0,164.0,33.0,3.0,7.0,-4.0,C9,13,2G,7,0,0.718,0.299,1.017
Lotus,gobera,2G,Breach,0.84,173.0,12,13,8,-1,80.0,105.0,15.0,1.0,2.0,-1.0,C9,13,2G,7,0,0.499,0.365,0.864
Lotus,silentzz,2G,Viper,0.82,162.0,10,13,6,-3,75.0,101.0,20.0,2.0,0.0,2.0,C9,13,2G,7,0,0.473,0.377,0.85
Lotus,pryze,2G,Fade,0.58,104.0,7,15,5,-8,65.0,60.0,18.0,0.0,2.0,-2.0,C9,13,2G,7,0,0.333,0.27,0.604
Lotus,N4RRATE,SEN,Fade,1.26,291.0,22,15,6,7,71.0,171.0,38.0,3.0,0.0,3.0,SEN,13,EG,8,1,0.836,0.421,1.256
Lotus,bang,SEN,Omen,1.2,213.0,18,11,2,7,76.0,119.0,38.0,2.0,2.0,0.0,SEN,13,EG,8,1,0.73,0.349,1.079
Lotus,zekken,SEN,Raze,1.13,220.0,17,13,3,4,86.0,151.0,22.0,5.0,3.0,2.0,SEN,13,EG,8,1,0.722,0.376,1.098
Lotus,johnqt,SEN,Viper,1.12,159.0,11,11,13,0,90.0,107.0,23.0,1.0,0.0,1.0,SEN,13,EG,8,1,0.547,0.458,1.005
Lotus,Zellsis,SEN,Vyse,1.1,200.0,15,12,8,3,81.0,128.0,12.0,2.0,3.0,-1.0,SEN,13,EG,8,1,0.638,0.394,1.032
Lotus,supamen,EG,Viper,1.0,175.0,15,16,4,-1,52.0,113.0,40.0,0.0,0.0,0.0,SEN,13,EG,8,0,0.57,0.318,0.887
Lotus,icy,EG,Raze,0.84,175.0,13,16,3,-3,67.0,125.0,33.0,4.0,9.0,-5.0,SEN,13,EG,8,0,0.543,0.275,0.818
Lotus,NaturE,EG,Fade,0.81,184.0,13,17,5,-4,67.0,122.0,21.0,1.0,0.0,1.0,SEN,13,EG,8,0,0.482,0.342,0.824
Lotus,Derrek,EG,Tejo,0.75,172.0,11,16,9,-5,76.0,120.0,23.0,1.0,0.0,1.0,SEN,13,EG,8,0,0.447,0.396,0.843
Lotus,yay,EG,Clove,0.59,142.0,9,19,9,-10,62.0,82.0,38.0,2.0,4.0,-2.0,SEN,13,EG,8,0,0.415,0.311,0.726
Corrode,zekken,SEN,Neon,2.2,401.0,25,9,7,16,88.0,251.0,27.0,6.0,2.0,4.0,SEN,13,EG,4,1,0.857,0.464,1.322
Corrode,Zellsis,SEN,Vyse,1.52,234.0,15,7,4,8,88.0,140.0,24.0,3.0,0.0,3.0,SEN,13,EG,4,1,0.766,0.449,1.215
Corrode,johnqt,SEN,Viper,1.3,212.0,13,7,6,6,88.0,141.0,39.0,2.0,0.0,2.0,SEN,13,EG,4,1,0.732,0.449,1.182
Corrode,bang,SEN,Omen,1.06,197.0,12,9,8,3,76.0,119.0,15.0,2.0,2.0,0.0,SEN,13,EG,4,1,0.618,0.39,1.009
Corrode,N4RRATE,SEN,Fade,0.69,148.0,10,13,5,-3,76.0,85.0,30.0,0.0,0.0,0.0,SEN,13,EG,4,1,0.441,0.336,0.777
Corrode,Derrek,EG,Omen,1.04,221.0,15,14,1,1,59.0,134.0,35.0,1.0,2.0,-1.0,SEN,13,EG,4,0,0.634,0.295,0.93
Corrode,yay,EG,Chamber,0.84,234.0,12,15,2,-3,59.0,146.0,25.0,2.0,3.0,-1.0,SEN,13,EG,4,0,0.556,0.274,0.83
Corrode,supamen,EG,Viper,0.45,125.0,8,15,2,-7,59.0,69.0,37.0,0.0,2.0,-2.0,SEN,13,EG,4,0,0.367,0.228,0.596
Corrode,NaturE,EG,Sova,0.39,100.0,5,15,3,-10,41.0,74.0,17.0,0.0,1.0,-1.0,SEN,13,EG,4,0,0.327,0.216,0.543
Corrode,icy,EG,Neon,0.22,99.0,5,16,3,-11,65.0,63.0,23.0,1.0,5.0,-4.0,SEN,13,EG,4,0,0.329,0.234,0.563
Corrode,heat,FUR,Viper,0.92,220.0,11,12,2,-1,67.0,167.0,42.0,1.0,1.0,0.0,FUR,2,G2,13,0,0.602,0.314,0.916
Corrode,adverso,FUR,Fade,0.82,157.0,8,12,1,-4,73.0,99.0,15.0,1.0,0.0,1.0,FUR,2,G2,13,0,0.422,0.331,0.753
Corrode,tuyz,FUR,Omen,0.7,128.0,6,11,3,-5,73.0,87.0,19.0,2.0,1.0,1.0,FUR,2,G2,13,0,0.39,0.309,0.699
Corrode,Palla,FUR,Neon,0.68,214.0,10,14,2,-4,53.0,145.0,26.0,3.0,5.0,-2.0,FUR,2,G2,13,0,0.521,0.239,0.759
Corrode,Urango,FUR,Sage,0.55,130.0,6,14,3,-8,60.0,89.0,32.0,0.0,1.0,-1.0,FUR,2,G2,13,0,0.379,0.254,0.633
Corrode,jawgemo,G2,Waylay,1.42,330.0,17,12,4,5,93.0,200.0,35.0,5.0,3.0,2.0,FUR,2,G2,13,1,0.844,0.429,1.273
Corrode,BABYBAY,G2,Viper,1.42,322.0,18,8,6,10,93.0,193.0,35.0,3.0,1.0,2.0,FUR,2,G2,13,1,0.848,0.461,1.309
Corrode,trent,G2,Fade,1.3,162.0,11,5,10,6,93.0,83.0,30.0,0.0,0.0,0.0,FUR,2,G2,13,1,0.636,0.474,1.11
Corrode,valyn,G2,Omen,1.07,193.0,12,8,3,4,67.0,106.0,24.0,0.0,2.0,-2.0,FUR,2,G2,13,1,0.623,0.303,0.926
Corrode,JonahP,G2,Sage,0.91,144.0,5,8,9,-3,87.0,111.0,13.0,0.0,1.0,-1.0,FUR,2,G2,13,1,0.44,0.405,0.845
Ascent,heat,FUR,Chamber,1.29,249.0,15,12,1,3,61.0,152.0,17.0,4.0,1.0,3.0,FUR,5,G2,13,0,0.721,0.365,1.086
Ascent,adverso,FUR,Vyse,0.97,213.0,13,13,2,0,61.0,136.0,32.0,1.0,3.0,-2.0,FUR,5,G2,13,0,0.597,0.283,0.879
Ascent,tuyz,FUR,Omen,0.74,111.0,6,11,10,-5,78.0,68.0,15.0,0.0,0.0,0.0,FUR,5,G2,13,0,0.352,0.389,0.741
Ascent,Urango,FUR,Sova,0.6,114.0,7,13,4,-6,61.0,90.0,29.0,0.0,1.0,-1.0,FUR,5,G2,13,0,0.373,0.272,0.646
Ascent,Palla,FUR,Yoru,0.56,157.0,9,16,4,-7,50.0,108.0,47.0,4.0,4.0,0.0,FUR,5,G2,13,0,0.461,0.249,0.71
Ascent,trent,G2,Sova,1.43,270.0,16,9,5,7,78.0,181.0,25.0,1.0,0.0,1.0,FUR,5,G2,13,1,0.782,0.427,1.208
Ascent,jawgemo,G2,Yoru,1.23,225.0,14,10,7,4,83.0,161.0,40.0,3.0,2.0,1.0,FUR,5,G2,13,1,0.75,0.418,1.168
Ascent,valyn,G2,Omen,1.17,213.0,16,10,1,6,83.0,115.0,26.0,2.0,3.0,-1.0,FUR,5,G2,13,1,0.7,0.349,1.049
Ascent,JonahP,G2,Vyse,0.99,164.0,10,10,4,0,78.0,118.0,32.0,2.0,3.0,-1.0,FUR,5,G2,13,1,0.565,0.333,0.898
Ascent,BABYBAY,G2,Chamber,0.77,142.0,9,11,4,-2,83.0,101.0,21.0,1.0,1.0,0.0,FUR,5,G2,13,1,0.455,0.336,0.791
Corrode,adverso,FUR,Fade,0.95,209.0,13,15,8,-2,68.0,127.0,19.0,2.0,0.0,2.0,FUR,6,EG,13,0,0.554,0.401,0.955
Corrode,Palla,FUR,Neon,0.95,212.0,14,16,5,-2,63.0,147.0,35.0,3.0,7.0,-4.0,FUR,6,EG,13,0,0.609,0.302,0.911
Corrode,Urango,FUR,Sage,0.83,189.0,13,17,6,-4,74.0,116.0,48.0,0.0,3.0,-3.0,FUR,6,EG,13,0,0.515,0.319,0.833
Corrode,tuyz,FUR,Omen,0.62,154.0,10,17,4,-7,53.0,109.0,21.0,0.0,0.0,0.0,FUR,6,EG,13,0,0.41,0.279,0.689
Corrode,heat,FUR,Viper,0.16,63.0,4,18,3,-14,42.0,56.0,31.0,1.0,3.0,-2.0,FUR,6,EG,13,0,0.338,0.2,0.538
Corrode,NaturE,EG,Sova,1.39,238.0,14,9,15,5,89.0,162.0,24.0,2.0,0.0,2.0,FUR,6,EG,13,1,0.754,0.494,1.248
Corrode,yay,EG,Chamber,1.37,280.0,18,12,4,6,74.0,170.0,30.0,4.0,2.0,2.0,FUR,6,EG,13,1,0.819,0.392,1.211
Corrode,icy,EG,Neon,1.36,254.0,20,11,3,9,84.0,160.0,35.0,3.0,3.0,0.0,FUR,6,EG,13,1,0.814,0.38,1.194
Corrode,Derrek,EG,Omen,1.32,266.0,17,12,9,5,89.0,157.0,31.0,3.0,0.0,3.0,FUR,6,EG,13,1,0.795,0.491,1.286
Corrode,supamen,EG,Viper,1.12,185.0,14,10,3,4,68.0,132.0,41.0,1.0,1.0,0.0,FUR,6,EG,13,1,0.671,0.337,1.008
Ascent,heat,FUR,Chamber,1.16,202.0,16,15,6,1,73.0,130.0,21.0,4.0,4.0,0.0,FUR,9,EG,13,0,0.651,0.374,1.025
Ascent,Palla,FUR,Yoru,1.15,223.0,17,15,4,2,68.0,143.0,47.0,4.0,4.0,0.0,FUR,9,EG,13,0,0.72,0.342,1.062
Ascent,tuyz,FUR,Omen,0.98,182.0,15,17,9,-2,73.0,128.0,20.0,0.0,0.0,0.0,FUR,9,EG,13,0,0.54,0.406,0.947
Ascent,adverso,FUR,Vyse,0.57,133.0,10,18,4,-8,64.0,85.0,20.0,1.0,2.0,-1.0,FUR,9,EG,13,0,0.377,0.265,0.642
Ascent,Urango,FUR,Sova,0.48,156.0,11,20,5,-9,77.0,118.0,36.0,0.0,3.0,-3.0,FUR,9,EG,13,0,0.427,0.277,0.703
Ascent,supamen,EG,Omen,1.64,260.0,21,11,19,10,91.0,158.0,38.0,2.0,1.0,1.0,FUR,9,EG,13,1,0.82,0.488,1.308
Ascent,yay,EG,Jett,1.25,316.0,23,17,6,6,64.0,209.0,22.0,6.0,6.0,0.0,FUR,9,EG,13,1,0.827,0.368,1.195
Ascent,icy,EG,Cypher,1.21,204.0,18,14,5,4,82.0,130.0,24.0,2.0,1.0,1.0,FUR,9,EG,13,1,0.701,0.401,1.102
Ascent,Derrek,EG,Sova,0.98,173.0,13,14,9,-1,77.0,133.0,16.0,1.0,1.0,0.0,FUR,9,EG,13,1,0.539,0.404,0.943
Ascent,NaturE,EG,Kayo,0.93,138.0,9,13,20,-4,91.0,91.0,6.0,2.0,0.0,2.0,FUR,9,EG,13,1,0.421,0.448,0.869
Sunset,spike,2G,Neon,1.35,304.0,24,15,7,9,86.0,179.0,19.0,10.0,5.0,5.0,2G,13,SEN,9,1,0.826,0.448,1.274
Sunset,pryze,2G,Sova,1.2,227.0,16,15,10,1,68.0,154.0,32.0,2.0,0.0,2.0,2G,13,SEN,9,1,0.683,0.439,1.122
Sunset,silentzz,2G,Cypher,1.14,200.0,17,13,5,4,73.0,141.0,49.0,0.0,1.0,-1.0,2G,13,SEN,9,1,0.708,0.361,1.069
Sunset,gobera,2G,Breach,1.12,188.0,16,14,12,2,68.0,118.0,31.0,0.0,1.0,-1.0,2G,13,SEN,9,1,0.631,0.395,1.026
Sunset,lz,2G,Omen,0.93,122.0,10,8,7,2,82.0,74.0,29.0,2.0,1.0,1.0,2G,13,SEN,9,1,0.535,0.393,0.929
Sunset,N4RRATE,SEN,Fade,1.27,277.0,20,17,7,3,64.0,192.0,22.0,3.0,3.0,0.0,2G,13,SEN,9,0,0.789,0.381,1.17
Sunset,zekken,SEN,Neon,0.93,191.0,15,15,3,0,59.0,136.0,25.0,2.0,6.0,-4.0,2G,13,SEN,9,0,0.597,0.271,0.868
Sunset,johnqt,SEN,Cypher,0.83,167.0,13,16,5,-3,64.0,125.0,29.0,0.0,3.0,-3.0,2G,13,SEN,9,0,0.504,0.291,0.794
Sunset,bang,SEN,Omen,0.66,179.0,12,18,8,-6,68.0,104.0,16.0,1.0,0.0,1.0,2G,13,SEN,9,0,0.424,0.362,0.786
Sunset,Zellsis,SEN,Breach,0.51,79.0,5,17,10,-12,64.0,50.0,20.0,2.0,2.0,0.0,2G,13,SEN,9,0,0.341,0.323,0.664
Lotus,silentzz,2G,Viper,0.93,144.0,8,12,5,-4,71.0,108.0,26.0,0.0,0.0,0.0,2G,4,SEN,13,0,0.45,0.353,0.803
Lotus,lz,2G,Omen,0.7,143.0,8,14,6,-6,59.0,79.0,29.0,0.0,3.0,-3.0,2G,4,SEN,13,0,0.395,0.28,0.675
Lotus,spike,2G,Neon,0.5,179.0,9,15,2,-6,41.0,108.0,18.0,3.0,9.0,-6.0,2G,4,SEN,13,0,0.429,0.195,0.624
Lotus,pryze,2G,Fade,0.49,177.0,8,17,4,-9,35.0,124.0,18.0,0.0,2.0,-2.0,2G,4,SEN,13,0,0.403,0.202,0.605
Lotus,gobera,2G,Breach,0.4,99.0,5,16,6,-11,47.0,62.0,33.0,0.0,0.0,0.0,2G,4,SEN,13,0,0.342,0.278,0.62
Lotus,bang,SEN,Omen,1.73,282.0,18,7,9,11,100.0,182.0,24.0,2.0,0.0,2.0,2G,4,SEN,13,1,0.815,0.521,1.336
Lotus,johnqt,SEN,Viper,1.71,232.0,14,5,12,9,100.0,143.0,24.0,4.0,0.0,4.0,2G,4,SEN,13,1,0.763,0.525,1.288
Lotus,N4RRATE,SEN,Fade,1.62,254.0,16,8,9,8,88.0,162.0,25.0,3.0,1.0,2.0,2G,4,SEN,13,1,0.796,0.492,1.288
Lotus,zekken,SEN,Raze,1.34,290.0,17,9,3,8,82.0,177.0,17.0,4.0,1.0,3.0,2G,4,SEN,13,1,0.802,0.405,1.207
Lotus,Zellsis,SEN,Vyse,0.8,124.0,9,9,6,0,65.0,71.0,24.0,1.0,1.0,0.0,2G,4,SEN,13,1,0.464,0.331,0.796
Haven,silentzz,2G,Iso,1.2,278.0,16,13,1,3,59.0,189.0,59.0,2.0,4.0,-2.0,2G,4,SEN,13,0,0.788,0.304,1.092
Haven,spike,2G,Yoru,0.94,211.0,13,13,0,0,53.0,130.0,41.0,4.0,4.0,0.0,2G,4,SEN,13,0,0.629,0.283,0.912
Haven,lz,2G,Omen,0.77,115.0,6,13,6,-7,65.0,80.0,44.0,1.0,1.0,0.0,2G,4,SEN,13,0,0.402,0.328,0.731
Haven,gobera,2G,Cypher,0.27,47.0,2,14,3,-12,35.0,35.0,17.0,0.0,0.0,0.0,2G,4,SEN,13,0,0.319,0.226,0.545
Haven,pryze,2G,Sova,0.1,58.0,1,15,2,-14,29.0,52.0,5.0,0.0,1.0,-1.0,2G,4,SEN,13,0,0.297,0.209,0.506
Haven,johnqt,SEN,Viper,1.57,220.0,15,5,5,10,94.0,143.0,32.0,2.0,1.0,1.0,2G,4,SEN,13,1,0.757,0.448,1.205
Haven,bang,SEN,Omen,1.45,272.0,17,8,6,9,82.0,163.0,31.0,1.0,2.0,-1.0,2G,4,SEN,13,1,0.786,0.411,1.196
Haven,N4RRATE,SEN,Sova,1.22,194.0,12,7,8,5,82.0,136.0,29.0,0.0,1.0,-1.0,2G,4,SEN,13,1,0.681,0.418,1.099
Haven,Zellsis,SEN,Killjoy,1.15,184.0,12,8,2,4,76.0,115.0,31.0,2.0,2.0,0.0,2G,4,SEN,13,1,0.657,0.344,1.001
Haven,zekken,SEN,Neon,1.13,205.0,12,10,4,2,71.0,119.0,26.0,5.0,1.0,4.0,2G,4,SEN,13,1,0.646,0.375,1.022
Ascent,BABYBAY,G2,Chamber,1.53,255.0,21,12,1,9,76.0,168.0,17.0,3.0,1.0,2.0,G2,13,C9,8,1,0.811,0.404,1.216
Ascent,jawgemo,G2,Yoru,1.17,252.0,19,15,6,4,76.0,163.0,27.0,6.0,0.0,6.0,G2,13,C9,8,1,0.765,0.42,1.185
Ascent,trent,G2,Sova,0.99,176.0,10,13,11,-3,67.0,134.0,26.0,1.0,4.0,-3.0,G2,13,C9,8,1,0.513,0.358,0.871
Ascent,valyn,G2,Omen,0.98,176.0,13,14,10,-1,81.0,103.0,20.0,1.0,2.0,-1.0,G2,13,C9,8,1,0.527,0.393,0.92
Ascent,JonahP,G2,Vyse,0.79,164.0,13,14,5,-1,67.0,99.0,11.0,1.0,2.0,-1.0,G2,13,C9,8,1,0.483,0.305,0.787
Ascent,OXY,C9,Yoru,1.38,292.0,22,15,2,7,76.0,170.0,47.0,5.0,4.0,1.0,G2,13,C9,8,0,0.857,0.377,1.234
Ascent,v1c,C9,Omen,0.84,172.0,14,15,4,-1,71.0,106.0,29.0,1.0,1.0,0.0,G2,13,C9,8,0,0.529,0.323,0.852
Ascent,Xeppaa,C9,Vyse,0.82,140.0,11,15,5,-4,71.0,95.0,38.0,0.0,1.0,-1.0,G2,13,C9,8,0,0.456,0.324,0.78
Ascent,mitch,C9,Sova,0.71,163.0,10,15,4,-5,67.0,116.0,22.0,3.0,3.0,0.0,G2,13,C9,8,0,0.46,0.293,0.753
Ascent,neT,C9,Deadlock,0.7,159.0,11,16,3,-5,57.0,108.0,27.0,0.0,3.0,-3.0,G2,13,C9,8,0,0.433,0.243,0.676
Lotus,jawgemo,G2,Yoru,1.36,293.0,24,16,8,8,86.0,177.0,22.0,4.0,2.0,2.0,G2,13,C9,9,1,0.83,0.456,1.286
Lotus,BABYBAY,G2,Viper,1.16,228.0,16,14,8,2,68.0,142.0,17.0,3.0,3.0,0.0,G2,13,C9,9,1,0.681,0.388,1.068
Lotus,valyn,G2,Omen,1.12,250.0,21,16,8,5,82.0,161.0,32.0,2.0,0.0,2.0,G2,13,C9,9,1,0.773,0.442,1.216
Lotus,JonahP,G2,Fade,0.92,198.0,16,16,5,0,82.0,125.0,30.0,2.0,1.0,1.0,G2,13,C9,9,1,0.603,0.37,0.973
Lotus,trent,G2,Tejo,0.68,115.0,10,15,5,-5,77.0,77.0,14.0,3.0,2.0,1.0,G2,13,C9,9,1,0.395,0.327,0.722
Lotus,OXY,C9,Neon,1.47,336.0,24,19,7,5,95.0,218.0,37.0,6.0,3.0,3.0,G2,13,C9,9,0,0.87,0.476,1.345
Lotus,neT,C9,Viper,1.07,171.0,15,15,3,0,77.0,99.0,24.0,2.0,4.0,-2.0,G2,13,C9,9,0,0.576,0.32,0.897
Lotus,v1c,C9,Omen,0.93,215.0,16,17,8,-1,68.0,153.0,24.0,0.0,1.0,-1.0,G2,13,C9,9,0,0.593,0.364,0.957
Lotus,Xeppaa,C9,Vyse,0.81,175.0,13,17,9,-4,77.0,110.0,17.0,0.0,2.0,-2.0,G2,13,C9,9,0,0.463,0.359,0.823
Lotus,mitch,C9,Fade,0.47,136.0,9,19,8,-10,68.0,90.0,14.0,0.0,4.0,-4.0,G2,13,C9,9,0,0.359,0.295,0.654
Icebox,xenom,MIBR,Viper,1.23,235.0,20,15,9,5,71.0,151.0,37.0,5.0,0.0,5.0,MIBR,13,LOUD,11,1,0.787,0.451,1.239
Icebox,aspas,MIBR,Jett,1.22,275.0,22,17,4,5,79.0,176.0,42.0,7.0,0.0,7.0,MIBR,13,LOUD,11,1,0.832,0.408,1.24
Icebox,cortezia,MIBR,Killjoy,0.77,151.0,11,17,8,-6,75.0,112.0,22.0,1.0,3.0,-2.0,MIBR,13,LOUD,11,1,0.432,0.341,0.773
Icebox,artzin,MIBR,Harbor,0.75,135.0,12,16,4,-4,67.0,109.0,24.0,0.0,5.0,-5.0,MIBR,13,LOUD,11,1,0.443,0.276,0.719
Icebox,Verno,MIBR,Sova,0.72,121.0,12,15,2,-3,63.0,74.0,26.0,1.0,2.0,-1.0,MIBR,13,LOUD,11,1,0.428,0.268,0.696
Icebox,cauanzin,LOUD,Sova,1.25,219.0,21,14,7,7,79.0,142.0,27.0,1.0,3.0,-2.0,MIBR,13,LOUD,11,0,0.738,0.387,1.125
Icebox,Virtyy,LOUD,Jett,1.16,199.0,18,14,1,4,75.0,137.0,45.0,4.0,4.0,0.0,MIBR,13,LOUD,11,0,0.738,0.343,1.081
Icebox,pANcada,LOUD,Viper,1.04,146.0,12,13,7,-1,63.0,109.0,28.0,1.0,1.0,0.0,MIBR,13,LOUD,11,0,0.529,0.365,0.894
Icebox,lukxo,LOUD,Omen,0.88,201.0,15,19,9,-4,67.0,130.0,29.0,4.0,4.0,0.0,MIBR,13,LOUD,11,0,0.553,0.367,0.92
Icebox,RobbieBk,LOUD,Killjoy,0.78,168.0,14,17,4,-3,67.0,121.0,40.0,0.0,2.0,-2.0,MIBR,13,LOUD,11,0,0.514,0.284,0.797
Sunset,xenom,MIBR,Omen,1.33,198.0,18,11,5,7,87.0,127.0,31.0,3.0,0.0,3.0,MIBR,13,LOUD,10,1,0.748,0.444,1.192
Sunset,aspas,MIBR,Neon,1.28,277.0,23,14,5,9,70.0,184.0,31.0,5.0,4.0,1.0,MIBR,13,LOUD,10,1,0.832,0.379,1.211
Sunset,cortezia,MIBR,Cypher,1.12,225.0,22,14,1,8,78.0,145.0,36.0,0.0,1.0,-1.0,MIBR,13,LOUD,10,1,0.74,0.345,1.085
Sunset,Verno,MIBR,Sova,1.05,213.0,15,14,12,1,78.0,150.0,25.0,3.0,1.0,2.0,MIBR,13,LOUD,10,1,0.659,0.43,1.09
Sunset,artzin,MIBR,Viper,0.92,193.0,15,15,3,0,74.0,134.0,30.0,2.0,4.0,-2.0,MIBR,13,LOUD,10,1,0.602,0.299,0.901
Sunset,lukxo,LOUD,Cypher,0.97,188.0,17,19,3,-2,61.0,110.0,38.0,2.0,3.0,-1.0,MIBR,13,LOUD,10,0,0.578,0.291,0.869
Sunset,cauanzin,LOUD,Breach,0.96,210.0,16,19,14,-3,70.0,130.0,26.0,2.0,0.0,2.0,MIBR,13,LOUD,10,0,0.566,0.417,0.983
Sunset,Virtyy,LOUD,Neon,0.8,167.0,13,19,4,-6,57.0,108.0,27.0,2.0,5.0,-3.0,MIBR,13,LOUD,10,0,0.472,0.265,0.737
Sunset,RobbieBk,LOUD,Sova,0.77,147.0,12,18,3,-6,57.0,92.0,39.0,4.0,3.0,1.0,MIBR,13,LOUD,10,0,0.473,0.281,0.754
Sunset,pANcada,LOUD,Omen,0.74,139.0,10,18,8,-8,70.0,109.0,40.0,0.0,2.0,-2.0,MIBR,13,LOUD,10,0,0.439,0.329,0.768
Haven,Cryocells,100T,Yoru,1.51,281.0,25,15,7,10,78.0,192.0,39.0,5.0,0.0,5.0,100T,13,LEV,10,1,0.868,0.466,1.334
Haven,Kess,100T,Cypher,1.21,203.0,18,14,5,4,83.0,126.0,46.0,2.0,0.0,2.0,100T,13,LEV,10,1,0.724,0.42,1.144
Haven,eeiu,100T,Sova,1.04,174.0,14,13,6,1,65.0,128.0,22.0,3.0,0.0,3.0,100T,13,LEV,10,1,0.616,0.387,1.004
Haven,zander,100T,Omen,0.98,237.0,19,17,11,2,74.0,152.0,27.0,4.0,6.0,-2.0,100T,13,LEV,10,1,0.701,0.372,1.073
Haven,Asuna,100T,Neon,0.61,123.0,8,17,4,-9,70.0,95.0,13.0,1.0,2.0,-1.0,100T,13,LEV,10,1,0.362,0.279,0.641
Haven,tex,LEV,Cypher,1.4,265.0,21,15,4,6,74.0,162.0,56.0,1.0,2.0,-1.0,100T,13,LEV,10,0,0.821,0.37,1.191
Haven,C0M,LEV,Sova,1.07,207.0,16,16,8,0,65.0,149.0,42.0,2.0,1.0,1.0,100T,13,LEV,10,0,0.653,0.391,1.044
Haven,Sato,LEV,Yoru,0.84,200.0,16,19,5,-3,70.0,131.0,50.0,2.0,5.0,-3.0,100T,13,LEV,10,0,0.576,0.302,0.878
Haven,kiNgg,LEV,Omen,0.83,125.0,9,16,11,-7,74.0,84.0,22.0,0.0,2.0,-2.0,100T,13,LEV,10,0,0.399,0.357,0.755
Haven,Okeanos,LEV,Neon,0.69,187.0,14,18,5,-4,52.0,137.0,27.0,3.0,5.0,-2.0,100T,13,LEV,10,0,0.523,0.26,0.783
Sunset,Cryocells,100T,Yoru,1.04,243.0,20,20,5,0,65.0,154.0,20.0,4.0,3.0,1.0,100T,10,LEV,13,0,0.676,0.345,1.021
Sunset,zander,100T,Omen,0.95,214.0,16,19,8,-3,70.0,154.0,29.0,1.0,3.0,-2.0,100T,10,LEV,13,0,0.572,0.351,0.923
Sunset,Asuna,100T,Neon,0.83,192.0,15,17,4,-2,65.0,108.0,19.0,3.0,4.0,-1.0,100T,10,LEV,13,0,0.545,0.294,0.839
Sunset,Kess,100T,Cypher,0.68,138.0,11,17,3,-6,70.0,96.0,46.0,1.0,1.0,0.0,100T,10,LEV,13,0,0.435,0.293,0.728
Sunset,eeiu,100T,Sova,0.59,133.0,11,18,4,-7,70.0,95.0,25.0,1.0,2.0,-1.0,100T,10,LEV,13,0,0.398,0.277,0.675
Sunset,Okeanos,LEV,Kayo,1.41,219.0,17,13,21,4,87.0,151.0,27.0,0.0,0.0,0.0,100T,10,LEV,13,1,0.728,0.476,1.203
Sunset,Sato,LEV,Neon,1.26,286.0,23,17,9,6,83.0,181.0,35.0,3.0,3.0,0.0,100T,10,LEV,13,1,0.837,0.434,1.271
Sunset,C0M,LEV,Sova,1.24,252.0,21,15,7,6,78.0,154.0,42.0,4.0,3.0,1.0,100T,10,LEV,13,1,0.809,0.41,1.219
Sunset,kiNgg,LEV,Omen,1.18,193.0,15,15,12,0,83.0,123.0,28.0,2.0,1.0,1.0,100T,10,LEV,13,1,0.62,0.444,1.064
Sunset,tex,LEV,Vyse,1.04,176.0,15,13,7,2,83.0,125.0,37.0,4.0,3.0,1.0,100T,10,LEV,13,1,0.654,0.397,1.051
Lotus,Asuna,100T,Raze,0.78,208.0,10,13,3,-3,60.0,131.0,29.0,1.0,2.0,-1.0,100T,2,LEV,13,0,0.508,0.269,0.778
Lotus,Cryocells,100T,Yoru,0.7,153.0,8,12,0,-4,47.0,104.0,38.0,1.0,2.0,-1.0,100T,2,LEV,13,0,0.442,0.239,0.681
Lotus,zander,100T,Omen,0.53,169.0,7,15,4,-8,53.0,101.0,26.0,0.0,1.0,-1.0,100T,2,LEV,13,0,0.396,0.252,0.647
Lotus,eeiu,100T,Fade,0.47,135.0,7,14,2,-7,67.0,78.0,25.0,1.0,4.0,-3.0,100T,2,LEV,13,0,0.359,0.237,0.596
Lotus,Kess,100T,Vyse,0.3,119.0,5,14,2,-9,47.0,83.0,24.0,0.0,3.0,-3.0,100T,2,LEV,13,0,0.353,0.204,0.557
Lotus,Sato,LEV,Raze,2.24,450.0,24,7,2,17,80.0,281.0,31.0,3.0,1.0,2.0,100T,2,LEV,13,1,0.862,0.411,1.274
Lotus,tex,LEV,Vyse,1.3,194.0,10,6,7,4,100.0,123.0,23.0,3.0,1.0,2.0,100T,2,LEV,13,1,0.678,0.471,1.15
Lotus,C0M,LEV,Fade,1.28,193.0,10,7,6,3,87.0,159.0,35.0,2.0,0.0,2.0,100T,2,LEV,13,1,0.685,0.445,1.13
Lotus,Okeanos,LEV,Omen,1.2,209.0,14,8,3,6,80.0,147.0,31.0,2.0,1.0,1.0,100T,2,LEV,13,1,0.72,0.374,1.093
Lotus,kiNgg,LEV,Viper,1.03,163.0,10,9,7,1,87.0,88.0,15.0,2.0,0.0,2.0,100T,2,LEV,13,1,0.539,0.43,0.969
Sunset,Shyy,KRÜ,Cypher,1.7,327.0,23,11,4,12,79.0,216.0,48.0,2.0,5.0,-3.0,KRU,13,NRG,6,0,0.866,0.373,1.239
Sunset,Mazino,KRÜ,Sova,1.43,221.0,15,10,7,5,68.0,160.0,26.0,2.0,0.0,2.0,KRU,13,NRG,6,0,0.756,0.441,1.197
Sunset,keznit,KRÜ,Yoru,1.18,256.0,16,14,10,2,84.0,163.0,15.0,2.0,2.0,0.0,KRU,13,NRG,6,0,0.691,0.428,1.119
Sunset,Melser,KRÜ,Omen,1.17,110.0,10,6,13,4,84.0,72.0,21.0,0.0,0.0,0.0,KRU,13,NRG,6,0,0.558,0.445,1.003
Sunset,Dantedeu5,KRÜ,Neon,0.8,171.0,12,12,4,0,63.0,112.0,18.0,1.0,5.0,-4.0,KRU,13,NRG,6,0,0.519,0.275,0.793
Sunset,skuba,NRG,Omen,1.05,198.0,13,14,10,-1,63.0,132.0,31.0,2.0,0.0,2.0,KRU,13,NRG,6,0,0.594,0.414,1.008
Sunset,mada,NRG,Raze,0.97,211.0,13,16,5,-3,63.0,142.0,34.0,7.0,5.0,2.0,KRU,13,NRG,6,0,0.587,0.343,0.93
Sunset,brawk,NRG,Sova,0.8,171.0,10,16,9,-6,68.0,122.0,16.0,1.0,1.0,0.0,KRU,13,NRG,6,0,0.438,0.37,0.807
Sunset,Ethan,NRG,Breach,0.69,133.0,9,15,5,-6,63.0,91.0,28.0,1.0,0.0,1.0,KRU,13,NRG,6,0,0.401,0.323,0.724
Sunset,s0m,NRG,Cypher,0.55,134.0,8,15,4,-7,53.0,99.0,20.0,1.0,1.0,0.0,KRU,13,NRG,6,0,0.376,0.262,0.638
Lotus,keznit,KRÜ,Raze,1.31,279.0,22,15,2,7,80.0,170.0,23.0,3.0,1.0,2.0,KRU,7,NRG,13,0,0.816,0.394,1.211
Lotus,Melser,KRÜ,Omen,1.01,220.0,15,16,5,-1,75.0,156.0,30.0,5.0,2.0,3.0,KRU,7,NRG,13,0,0.639,0.371,1.01
Lotus,Shyy,KRÜ,Viper,0.86,160.0,12,14,3,-2,70.0,102.0,24.0,0.0,0.0,0.0,KRU,7,NRG,13,0,0.492,0.322,0.814
Lotus,Mazino,KRÜ,Fade,0.41,123.0,6,17,13,-11,70.0,74.0,12.0,0.0,3.0,-3.0,KRU,7,NRG,13,0,0.329,0.309,0.639
Lotus,Dantedeu5,KRÜ,Yoru,0.39,131.0,9,18,5,-9,70.0,89.0,20.0,2.0,4.0,-2.0,KRU,7,NRG,13,0,0.381,0.269,0.65
Lotus,brawk,NRG,Vyse,1.85,294.0,22,10,9,12,85.0,183.0,14.0,1.0,1.0,0.0,KRU,7,NRG,13,1,0.802,0.469,1.272
Lotus,skuba,NRG,Viper,1.57,243.0,19,9,10,10,95.0,155.0,28.0,1.0,1.0,0.0,KRU,7,NRG,13,1,0.774,0.486,1.26
Lotus,mada,NRG,Raze,0.97,191.0,13,15,4,-2,75.0,126.0,17.0,6.0,4.0,2.0,KRU,7,NRG,13,1,0.558,0.352,0.91
Lotus,Ethan,NRG,Fade,0.88,186.0,12,15,13,-3,80.0,113.0,18.0,2.0,1.0,1.0,KRU,7,NRG,13,1,0.505,0.407,0.912
Lotus,s0m,NRG,Omen,0.8,172.0,14,15,5,-1,80.0,102.0,24.0,0.0,3.0,-3.0,KRU,7,NRG,13,1,0.516,0.314,0.83
Haven,Shyy,KRÜ,Cypher,1.02,205.0,13,14,2,-1,56.0,143.0,35.0,0.0,0.0,0.0,KRU,5,NRG,13,0,0.591,0.315,0.906
Haven,keznit,KRÜ,Yoru,0.96,243.0,16,16,2,0,67.0,145.0,33.0,4.0,4.0,0.0,KRU,5,NRG,13,0,0.661,0.309,0.97
Haven,Mazino,KRÜ,Sova,0.79,154.0,8,13,4,-5,50.0,105.0,29.0,0.0,1.0,-1.0,KRU,5,NRG,13,0,0.427,0.274,0.701
Haven,Melser,KRÜ,Omen,0.5,120.0,7,15,7,-8,61.0,73.0,32.0,2.0,2.0,0.0,KRU,5,NRG,13,0,0.373,0.295,0.668
Haven,Dantedeu5,KRÜ,Neon,0.24,74.0,4,15,5,-11,61.0,46.0,4.0,1.0,4.0,-3.0,KRU,5,NRG,13,0,0.297,0.25,0.547
Haven,Ethan,NRG,Omen,1.66,307.0,20,11,7,9,78.0,200.0,30.0,4.0,0.0,4.0,KRU,5,NRG,13,1,0.857,0.466,1.323
Haven,skuba,NRG,Killjoy,1.31,231.0,16,9,7,7,78.0,164.0,22.0,0.0,1.0,-1.0,KRU,5,NRG,13,1,0.735,0.41,1.145
Haven,s0m,NRG,Viper,1.25,211.0,12,10,12,2,83.0,143.0,24.0,4.0,3.0,1.0,KRU,5,NRG,13,1,0.675,0.442,1.117
Haven,mada,NRG,Neon,1.19,195.0,14,8,3,6,72.0,113.0,34.0,1.0,2.0,-1.0,KRU,5,NRG,13,1,0.678,0.333,1.011
Haven,brawk,NRG,Sova,1.11,157.0,11,10,5,1,78.0,102.0,18.0,2.0,1.0,1.0,KRU,5,NRG,13,1,0.564,0.383,0.947
Sunset,pANcada,LOUD,Omen,1.61,283.0,16,6,7,10,93.0,177.0,43.0,3.0,0.0,3.0,LOUD,13,100T,2,1,0.841,0.491,1.332
Sunset,lukxo,LOUD,Cypher,1.53,318.0,17,10,5,7,100.0,233.0,40.0,3.0,0.0,3.0,LOUD,13,100T,2,1,0.855,0.48,1.335
Sunset,Virtyy,LOUD,Neon,1.29,327.0,18,11,3,7,73.0,181.0,32.0,4.0,3.0,1.0,LOUD,13,100T,2,1,0.825,0.362,1.187
Sunset,cauanzin,LOUD,Breach,1.17,171.0,9,6,9,3,93.0,102.0,24.0,0.0,0.0,0.0,LOUD,13,100T,2,1,0.592,0.46,1.052
Sunset,RobbieBk,LOUD,Sova,0.85,88.0,6,6,2,0,73.0,73.0,50.0,0.0,2.0,-2.0,LOUD,13,100T,2,1,0.478,0.29,0.768
Sunset,Cryocells,100T,Yoru,0.76,158.0,7,12,5,-5,53.0,106.0,20.0,0.0,1.0,-1.0,LOUD,13,100T,2,0,0.409,0.287,0.697
Sunset,Asuna,100T,Neon,0.74,171.0,9,13,3,-4,60.0,109.0,34.0,2.0,2.0,0.0,LOUD,13,100T,2,0,0.473,0.274,0.747
Sunset,Kess,100T,Cypher,0.74,165.0,8,13,2,-5,60.0,107.0,43.0,1.0,1.0,0.0,LOUD,13,100T,2,0,0.445,0.283,0.728
Sunset,eeiu,100T,Sova,0.59,155.0,8,14,3,-6,40.0,105.0,18.0,1.0,1.0,0.0,LOUD,13,100T,2,0,0.391,0.234,0.624
Sunset,zander,100T,Omen,0.54,166.0,7,14,7,-7,73.0,103.0,15.0,1.0,5.0,-4.0,LOUD,13,100T,2,0,0.38,0.297,0.677
Bind,cauanzin,LOUD,Gekko,1.23,304.0,20,17,6,3,80.0,198.0,33.0,4.0,1.0,3.0,LOUD,7,100T,13,0,0.805,0.423,1.228
Bind,pANcada,LOUD,Brimstone,1.01,164.0,11,13,11,-2,75.0,116.0,38.0,1.0,0.0,1.0,LOUD,7,100T,13,0,0.532,0.422,0.954
Bind,Virtyy,LOUD,Raze,0.8,151.0,9,14,6,-5,75.0,109.0,19.0,2.0,6.0,-4.0,LOUD,7,100T,13,0,0.435,0.317,0.752
Bind,RobbieBk,LOUD,Skye,0.73,142.0,10,15,7,-5,65.0,89.0,39.0,0.0,1.0,-1.0,LOUD,7,100T,13,0,0.426,0.326,0.752
Bind,lukxo,LOUD,Viper,0.29,87.0,6,18,2,-12,45.0,62.0,20.0,1.0,4.0,-3.0,LOUD,7,100T,13,0,0.323,0.201,0.524
Bind,Asuna,100T,Raze,1.4,302.0,21,12,5,9,75.0,167.0,21.0,6.0,3.0,3.0,LOUD,7,100T,13,1,0.826,0.413,1.239
Bind,zander,100T,Viper,1.28,241.0,18,10,2,8,80.0,151.0,33.0,3.0,2.0,1.0,LOUD,7,100T,13,1,0.782,0.373,1.155
Bind,Cryocells,100T,Yoru,1.18,222.0,17,12,4,5,70.0,144.0,22.0,1.0,0.0,1.0,LOUD,7,100T,13,1,0.708,0.375,1.084
Bind,eeiu,100T,Fade,1.07,141.0,11,9,6,2,75.0,94.0,32.0,1.0,2.0,-1.0,LOUD,7,100T,13,1,0.566,0.359,0.925
Bind,Kess,100T,Brimstone,0.92,167.0,10,13,15,-3,85.0,106.0,35.0,1.0,1.0,0.0,LOUD,7,100T,13,1,0.494,0.411,0.905
Lotus,lukxo,LOUD,Viper,1.59,304.0,28,18,5,10,73.0,197.0,42.0,6.0,1.0,5.0,LOUD,12,100T,14,0,0.875,0.426,1.301
Lotus,pANcada,LOUD,Omen,0.88,149.0,13,18,6,-5,58.0,100.0,34.0,0.0,1.0,-1.0,LOUD,12,100T,14,0,0.46,0.319,0.779
Lotus,RobbieBk,LOUD,Fade,0.74,167.0,11,20,17,-9,73.0,107.0,23.0,0.0,1.0,-1.0,LOUD,12,100T,14,0,0.435,0.363,0.798
Lotus,cauanzin,LOUD,Vyse,0.66,202.0,18,24,7,-6,69.0,122.0,16.0,2.0,1.0,1.0,LOUD,12,100T,14,0,0.489,0.343,0.832
Lotus,Virtyy,LOUD,Raze,0.62,164.0,15,21,1,-6,50.0,94.0,20.0,5.0,9.0,-4.0,LOUD,12,100T,14,0,0.456,0.223,0.679
Lotus,Asuna,100T,Raze,1.33,271.0,24,18,6,6,69.0,176.0,24.0,5.0,4.0,1.0,LOUD,12,100T,14,1,0.82,0.394,1.214
Lotus,Kess,100T,Vyse,1.13,230.0,23,15,3,8,73.0,153.0,25.0,1.0,2.0,-1.0,LOUD,12,100T,14,1,0.735,0.328,1.064
Lotus,eeiu,100T,Fade,1.1,189.0,19,16,9,3,85.0,112.0,34.0,1.0,3.0,-2.0,LOUD,12,100T,14,1,0.658,0.404,1.061
Lotus,Cryocells,100T,Yoru,1.02,209.0,18,19,9,-1,88.0,135.0,35.0,4.0,2.0,2.0,LOUD,12,100T,14,1,0.641,0.435,1.075
Lotus,zander,100T,Omen,0.93,181.0,17,17,6,0,62.0,122.0,28.0,2.0,2.0,0.0,LOUD,12,100T,14,1,0.596,0.331,0.927
Bind,Okeanos,LEV,Brimstone,1.23,231.0,17,13,5,4,79.0,162.0,52.0,3.0,0.0,3.0,LEV,6,KRU,13,0,0.779,0.42,1.199
Bind,Sato,LEV,Yoru,0.98,258.0,16,16,5,0,63.0,169.0,40.0,4.0,3.0,1.0,LEV,6,KRU,13,0,0.694,0.335,1.029
Bind,kiNgg,LEV,Viper,0.92,216.0,14,14,3,0,68.0,124.0,16.0,2.0,1.0,1.0,LEV,6,KRU,13,0,0.582,0.324,0.906
Bind,C0M,LEV,Fade,0.86,151.0,9,14,6,-5,68.0,97.0,29.0,1.0,1.0,0.0,LEV,6,KRU,13,0,0.432,0.343,0.775
Bind,tex,LEV,Gekko,0.39,95.0,5,16,4,-11,53.0,65.0,26.0,1.0,3.0,-2.0,LEV,6,KRU,13,0,0.333,0.23,0.563
Bind,Mazino,KRÜ,Fade,1.45,260.0,18,11,10,7,84.0,153.0,22.0,0.0,2.0,-2.0,LEV,6,KRU,13,0,0.766,0.439,1.205
Bind,keznit,KRÜ,Raze,1.33,271.0,19,13,3,6,68.0,170.0,25.0,4.0,4.0,0.0,LEV,6,KRU,13,0,0.808,0.35,1.158
Bind,Shyy,KRÜ,Viper,1.1,212.0,14,11,3,3,79.0,131.0,34.0,0.0,2.0,-2.0,LEV,6,KRU,13,0,0.659,0.327,0.985
Bind,Melser,KRÜ,Brimstone,0.95,156.0,10,12,7,-2,74.0,106.0,18.0,1.0,0.0,1.0,LEV,6,KRU,13,0,0.484,0.391,0.875
Bind,Dantedeu5,KRÜ,Yoru,0.78,173.0,12,14,6,-2,74.0,118.0,31.0,3.0,3.0,0.0,LEV,6,KRU,13,0,0.54,0.335,0.874
Haven,C0M,LEV,Sova,1.23,229.0,18,14,8,4,78.0,176.0,50.0,1.0,0.0,1.0,LEV,13,KRU,10,1,0.76,0.439,1.199
Haven,kiNgg,LEV,Omen,1.18,177.0,15,13,6,2,74.0,114.0,26.0,2.0,1.0,1.0,LEV,13,KRU,10,1,0.634,0.395,1.029
Haven,Okeanos,LEV,Neon,0.85,194.0,17,17,3,0,70.0,131.0,33.0,2.0,3.0,-1.0,LEV,13,KRU,10,1,0.606,0.294,0.899
Haven,tex,LEV,Cypher,0.75,166.0,13,17,6,-4,74.0,112.0,23.0,3.0,2.0,1.0,LEV,13,KRU,10,1,0.493,0.34,0.833
Haven,Sato,LEV,Yoru,0.63,189.0,14,18,5,-4,65.0,124.0,33.0,4.0,5.0,-1.0,LEV,13,KRU,10,1,0.517,0.284,0.801
Haven,Melser,KRÜ,Omen,1.44,233.0,20,13,12,7,83.0,143.0,33.0,3.0,0.0,3.0,LEV,13,KRU,10,0,0.799,0.494,1.292
Haven,Mazino,KRÜ,Sova,1.19,205.0,16,14,8,2,83.0,136.0,22.0,3.0,0.0,3.0,LEV,13,KRU,10,0,0.676,0.456,1.132
Haven,keznit,KRÜ,Iso,1.16,240.0,20,16,6,4,78.0,158.0,35.0,0.0,2.0,-2.0,LEV,13,KRU,10,0,0.74,0.365,1.104
Haven,Dantedeu5,KRÜ,Yoru,0.98,199.0,16,17,6,-1,61.0,132.0,22.0,3.0,7.0,-4.0,LEV,13,KRU,10,0,0.604,0.313,0.917
Haven,Shyy,KRÜ,Cypher,0.53,117.0,7,17,11,-10,61.0,82.0,21.0,2.0,3.0,-1.0,LEV,13,KRU,10,0,0.366,0.312,0.678
Ascent,Sato,LEV,Yoru,1.62,342.0,21,10,2,11,76.0,197.0,38.0,5.0,1.0,4.0,LEV,13,KRU,4,1,0.871,0.409,1.279
Ascent,kiNgg,LEV,Vyse,1.49,285.0,18,9,5,9,94.0,191.0,33.0,4.0,1.0,3.0,LEV,13,KRU,4,1,0.849,0.461,1.31
Ascent,tex,LEV,Chamber,1.3,218.0,16,7,4,9,82.0,146.0,26.0,0.0,1.0,-1.0,LEV,13,KRU,4,1,0.722,0.382,1.103
Ascent,Okeanos,LEV,Omen,1.17,227.0,14,7,11,7,88.0,137.0,26.0,4.0,1.0,3.0,LEV,13,KRU,4,1,0.727,0.464,1.191
Ascent,C0M,LEV,Sova,1.04,166.0,9,8,7,1,88.0,125.0,10.0,0.0,0.0,0.0,LEV,13,KRU,4,1,0.537,0.416,0.952
Ascent,Shyy,KRÜ,Cypher,0.85,182.0,11,15,0,-4,59.0,121.0,40.0,1.0,2.0,-1.0,LEV,13,KRU,4,0,0.499,0.275,0.774
Ascent,Dantedeu5,KRÜ,Jett,0.84,229.0,11,17,6,-6,76.0,158.0,25.0,1.0,4.0,-3.0,LEV,13,KRU,4,0,0.512,0.323,0.835
Ascent,keznit,KRÜ,Yoru,0.79,171.0,10,15,2,-5,47.0,111.0,19.0,2.0,2.0,0.0,LEV,13,KRU,4,0,0.449,0.257,0.707
Ascent,Melser,KRÜ,Omen,0.47,118.0,6,15,6,-9,59.0,80.0,23.0,0.0,4.0,-4.0,LEV,13,KRU,4,0,0.349,0.258,0.607
Ascent,Mazino,KRÜ,Sova,0.24,88.0,3,16,4,-13,35.0,70.0,10.0,0.0,1.0,-1.0,LEV,13,KRU,4,0,0.31,0.22,0.529
Lotus,cortezia,MIBR,Vyse,1.27,249.0,22,19,15,3,75.0,165.0,25.0,6.0,2.0,4.0,MIBR,13,NRG,15,0,0.767,0.444,1.211
Lotus,artzin,MIBR,Yoru,1.04,204.0,22,19,5,3,79.0,118.0,25.0,5.0,3.0,2.0,MIBR,13,NRG,15,0,0.69,0.377,1.067
Lotus,aspas,MIBR,Raze,0.97,205.0,23,19,4,4,75.0,122.0,18.0,3.0,2.0,1.0,MIBR,13,NRG,15,0,0.691,0.343,1.034
Lotus,xenom,MIBR,Omen,0.93,158.0,16,18,16,-2,71.0,102.0,39.0,0.0,1.0,-1.0,MIBR,13,NRG,15,0,0.535,0.38,0.915
Lotus,Verno,MIBR,Fade,0.63,155.0,13,23,13,-10,79.0,100.0,19.0,1.0,5.0,-4.0,MIBR,13,NRG,15,0,0.416,0.339,0.756
Lotus,skuba,NRG,Viper,1.38,231.0,26,15,4,11,82.0,147.0,27.0,2.0,1.0,1.0,MIBR,13,NRG,15,1,0.776,0.408,1.184
Lotus,brawk,NRG,Vyse,1.07,193.0,17,19,12,-2,79.0,119.0,13.0,3.0,1.0,2.0,MIBR,13,NRG,15,1,0.577,0.434,1.011
Lotus,s0m,NRG,Omen,1.05,220.0,20,21,13,-1,68.0,144.0,23.0,3.0,3.0,0.0,MIBR,13,NRG,15,1,0.649,0.387,1.036
Lotus,Ethan,NRG,Fade,0.85,185.0,18,21,6,-3,68.0,115.0,25.0,1.0,4.0,-3.0,MIBR,13,NRG,15,1,0.525,0.311,0.836
Lotus,mada,NRG,Raze,0.85,183.0,17,20,4,-3,64.0,111.0,22.0,4.0,6.0,-2.0,MIBR,13,NRG,15,1,0.543,0.286,0.829
Bind,aspas,MIBR,Raze,1.63,280.0,23,11,3,12,91.0,174.0,26.0,9.0,1.0,8.0,MIBR,10,NRG,13,0,0.841,0.434,1.274
Bind,cortezia,MIBR,Viper,1.08,198.0,16,13,5,3,78.0,129.0,28.0,1.0,3.0,-2.0,MIBR,10,NRG,13,0,0.65,0.345,0.995
Bind,xenom,MIBR,Brimstone,0.8,148.0,12,16,7,-4,65.0,97.0,25.0,0.0,1.0,-1.0,MIBR,10,NRG,13,0,0.448,0.334,0.782
Bind,artzin,MIBR,Yoru,0.76,158.0,13,16,5,-3,48.0,107.0,26.0,3.0,3.0,0.0,MIBR,10,NRG,13,0,0.506,0.278,0.784
Bind,Verno,MIBR,Fade,0.52,94.0,6,16,8,-10,78.0,69.0,26.0,1.0,1.0,0.0,MIBR,10,NRG,13,0,0.339,0.346,0.684
Bind,s0m,NRG,Brimstone,1.44,232.0,18,12,11,6,87.0,153.0,26.0,1.0,1.0,0.0,MIBR,10,NRG,13,1,0.757,0.469,1.226
Bind,mada,NRG,Raze,1.38,302.0,24,15,4,9,70.0,181.0,27.0,7.0,7.0,0.0,MIBR,10,NRG,13,1,0.842,0.37,1.211
Bind,skuba,NRG,Viper,0.94,167.0,13,12,6,1,65.0,106.0,21.0,1.0,2.0,-1.0,MIBR,10,NRG,13,1,0.552,0.328,0.88
Bind,brawk,NRG,Fade,0.57,87.0,6,14,7,-8,74.0,61.0,20.0,0.0,2.0,-2.0,MIBR,10,NRG,13,1,0.332,0.307,0.639
Bind,Ethan,NRG,Kayo,0.54,140.0,11,17,5,-6,57.0,84.0,21.0,0.0,2.0,-2.0,MIBR,10,NRG,13,1,0.383,0.253,0.636
Haven,lukxo,LOUD,Cypher,1.01,204.0,15,14,2,1,80.0,139.0,43.0,3.0,2.0,1.0,LOUD,7,KRU,13,0,0.665,0.344,1.009
Haven,Virtyy,LOUD,Neon,0.89,220.0,15,18,2,-3,60.0,143.0,28.0,3.0,4.0,-1.0,LOUD,7,KRU,13,0,0.585,0.281,0.866
Haven,RobbieBk,LOUD,Sova,0.8,168.0,12,15,4,-3,60.0,121.0,32.0,0.0,1.0,-1.0,LOUD,7,KRU,13,0,0.497,0.292,0.789
Haven,cauanzin,LOUD,Breach,0.78,205.0,14,19,8,-5,70.0,123.0,48.0,4.0,2.0,2.0,LOUD,7,KRU,13,0,0.541,0.368,0.909
Haven,pANcada,LOUD,Omen,0.77,137.0,9,16,9,-7,60.0,93.0,48.0,0.0,1.0,-1.0,LOUD,7,KRU,13,0,0.435,0.345,0.779
Haven,Dantedeu5,KRÜ,Yoru,1.59,333.0,24,15,7,9,70.0,203.0,26.0,5.0,2.0,3.0,LOUD,7,KRU,13,0,0.856,0.434,1.29
Haven,Shyy,KRÜ,Cypher,1.27,198.0,16,10,3,6,85.0,134.0,47.0,3.0,1.0,2.0,LOUD,7,KRU,13,0,0.755,0.398,1.153
Haven,Melser,KRÜ,Omen,1.22,191.0,15,10,4,5,85.0,129.0,27.0,0.0,2.0,-2.0,LOUD,7,KRU,13,0,0.686,0.36,1.046
Haven,keznit,KRÜ,Iso,0.98,189.0,15,14,8,1,90.0,132.0,33.0,1.0,2.0,-1.0,LOUD,7,KRU,13,0,0.609,0.397,1.005
Haven,Mazino,KRÜ,Sova,0.77,193.0,12,16,10,-4,65.0,142.0,24.0,1.0,3.0,-2.0,LOUD,7,KRU,13,0,0.495,0.335,0.83
Bind,pANcada,LOUD,Brimstone,1.27,246.0,18,15,16,3,77.0,169.0,49.0,1.0,1.0,0.0,LOUD,13,KRU,9,1,0.752,0.435,1.187
Bind,Virtyy,LOUD,Raze,1.26,255.0,20,14,6,6,82.0,166.0,21.0,4.0,6.0,-2.0,LOUD,13,KRU,9,1,0.789,0.382,1.171
Bind,cauanzin,LOUD,Gekko,1.15,215.0,17,15,7,2,77.0,124.0,26.0,2.0,2.0,0.0,LOUD,13,KRU,9,1,0.664,0.39,1.055
Bind,RobbieBk,LOUD,Skye,1.07,220.0,17,15,5,2,59.0,137.0,44.0,1.0,3.0,-2.0,LOUD,13,KRU,9,1,0.673,0.312,0.985
Bind,lukxo,LOUD,Viper,1.06,204.0,17,15,4,2,73.0,140.0,37.0,2.0,0.0,2.0,LOUD,13,KRU,9,1,0.674,0.376,1.05
Bind,Shyy,KRÜ,Viper,1.3,246.0,20,15,7,5,77.0,166.0,43.0,3.0,0.0,3.0,LOUD,13,KRU,9,0,0.816,0.446,1.263
Bind,Dantedeu5,KRÜ,Yoru,1.0,214.0,18,19,3,-1,64.0,141.0,29.0,3.0,2.0,1.0,LOUD,13,KRU,9,0,0.638,0.317,0.954
Bind,Mazino,KRÜ,Fade,0.87,177.0,15,16,4,-1,59.0,99.0,17.0,4.0,1.0,3.0,LOUD,13,KRU,9,0,0.547,0.328,0.875
Bind,keznit,KRÜ,Raze,0.63,186.0,11,19,7,-8,59.0,134.0,20.0,2.0,4.0,-2.0,LOUD,13,KRU,9,0,0.461,0.288,0.749
Bind,Melser,KRÜ,Brimstone,0.43,133.0,10,20,3,-10,64.0,83.0,38.0,0.0,3.0,-3.0,LOUD,13,KRU,9,0,0.391,0.232,0.623
Ascent,RobbieBk,LOUD,Sova,0.93,189.0,9,13,6,-4,71.0,137.0,38.0,1.0,1.0,0.0,LOUD,4,KRU,13,0,0.51,0.355,0.865
Ascent,Virtyy,LOUD,Jett,0.92,143.0,9,9,1,0,71.0,91.0,29.0,4.0,2.0,2.0,LOUD,4,KRU,13,0,0.536,0.328,0.865
Ascent,cauanzin,LOUD,Kayo,0.82,217.0,11,15,1,-4,59.0,139.0,13.0,2.0,0.0,2.0,LOUD,4,KRU,13,0,0.502,0.316,0.819
Ascent,lukxo,LOUD,Cypher,0.63,162.0,10,14,0,-4,41.0,103.0,45.0,3.0,1.0,2.0,LOUD,4,KRU,13,0,0.485,0.257,0.742
Ascent,pANcada,LOUD,Omen,0.22,43.0,1,12,3,-11,41.0,37.0,11.0,0.0,3.0,-3.0,LOUD,4,KRU,13,0,0.308,0.194,0.502
Ascent,keznit,KRÜ,Yoru,1.66,276.0,17,7,7,10,76.0,202.0,27.0,3.0,3.0,0.0,LOUD,4,KRU,13,0,0.833,0.423,1.255
Ascent,Mazino,KRÜ,Sova,1.54,262.0,17,9,4,8,88.0,158.0,26.0,2.0,1.0,1.0,LOUD,4,KRU,13,0,0.788,0.427,1.215
Ascent,Dantedeu5,KRÜ,Jett,1.34,226.0,14,8,5,6,76.0,135.0,24.0,1.0,3.0,-2.0,LOUD,4,KRU,13,0,0.711,0.369,1.08
Ascent,Melser,KRÜ,Omen,1.0,138.0,8,7,7,1,76.0,85.0,33.0,1.0,3.0,-2.0,LOUD,4,KRU,13,0,0.524,0.356,0.879
Ascent,Shyy,KRÜ,Cypher,0.78,100.0,7,9,3,-2,71.0,69.0,8.0,0.0,0.0,0.0,LOUD,4,KRU,13,0,0.382,0.315,0.697
Icebox,aspas,MIBR,Jett,1.57,287.0,24,11,3,13,83.0,176.0,39.0,7.0,3.0,4.0,MIBR,13,100T,10,1,0.861,0.411,1.272
Icebox,cortezia,MIBR,Killjoy,1.35,263.0,22,15,5,7,74.0,189.0,38.0,2.0,3.0,-1.0,MIBR,13,100T,10,1,0.829,0.376,1.205
Icebox,Verno,MIBR,Sova,0.95,166.0,12,14,4,-2,83.0,111.0,26.0,1.0,1.0,0.0,MIBR,13,100T,10,1,0.513,0.355,0.868
Icebox,artzin,MIBR,Harbor,0.81,202.0,16,17,9,-1,78.0,127.0,19.0,1.0,4.0,-3.0,MIBR,13,100T,10,1,0.549,0.357,0.906
Icebox,xenom,MIBR,Viper,0.72,138.0,11,16,5,-5,61.0,93.0,43.0,0.0,1.0,-1.0,MIBR,13,100T,10,1,0.434,0.296,0.73
Icebox,Cryocells,100T,Jett,1.22,221.0,20,15,1,5,83.0,134.0,34.0,2.0,3.0,-1.0,MIBR,13,100T,10,0,0.75,0.355,1.105
Icebox,eeiu,100T,Sova,0.92,179.0,14,17,4,-3,74.0,116.0,34.0,0.0,1.0,-1.0,MIBR,13,100T,10,0,0.524,0.328,0.852
Icebox,Asuna,100T,Omen,0.8,188.0,14,17,7,-3,61.0,137.0,29.0,2.0,3.0,-1.0,MIBR,13,100T,10,0,0.538,0.318,0.856
Icebox,Kess,100T,Killjoy,0.74,151.0,12,16,1,-4,70.0,104.0,32.0,3.0,2.0,1.0,MIBR,13,100T,10,0,0.487,0.299,0.786
Icebox,zander,100T,Viper,0.52,172.0,13,20,3,-7,65.0,110.0,21.0,5.0,2.0,3.0,MIBR,13,100T,10,0,0.452,0.28,0.733
Bind,cortezia,MIBR,Viper,1.53,279.0,28,14,2,14,69.0,168.0,38.0,2.0,3.0,-1.0,MIBR,14,100T,12,1,0.836,0.358,1.194
Bind,xenom,MIBR,Brimstone,0.96,171.0,17,16,6,1,73.0,108.0,46.0,1.0,1.0,0.0,MIBR,14,100T,12,1,0.606,0.362,0.967
Bind,Verno,MIBR,Skye,0.96,195.0,15,19,12,-4,62.0,125.0,46.0,2.0,3.0,-1.0,MIBR,14,100T,12,1,0.559,0.359,0.918
Bind,aspas,MIBR,Raze,0.96,212.0,19,20,7,-1,73.0,142.0,16.0,1.0,2.0,-1.0,MIBR,14,100T,12,1,0.589,0.355,0.944
Bind,artzin,MIBR,Yoru,0.3,100.0,9,23,6,-14,65.0,67.0,13.0,2.0,9.0,-7.0,MIBR,14,100T,12,1,0.34,0.268,0.607
Bind,Cryocells,100T,Yoru,1.22,245.0,27,17,2,10,77.0,152.0,27.0,3.0,3.0,0.0,MIBR,14,100T,12,0,0.784,0.353,1.137
Bind,Asuna,100T,Raze,1.18,274.0,22,19,7,3,85.0,187.0,17.0,8.0,0.0,8.0,MIBR,14,100T,12,0,0.772,0.447,1.219
Bind,eeiu,100T,Fade,0.94,181.0,17,15,9,2,81.0,128.0,22.0,1.0,1.0,0.0,MIBR,14,100T,12,0,0.608,0.406,1.014
Bind,zander,100T,Viper,0.92,171.0,14,16,6,-2,77.0,107.0,19.0,2.0,0.0,2.0,MIBR,14,100T,12,0,0.524,0.391,0.914
Bind,Kess,100T,Brimstone,0.62,150.0,12,21,14,-9,65.0,105.0,28.0,4.0,4.0,0.0,MIBR,14,100T,12,0,0.454,0.336,0.791
Lotus,C0M,LEV,Fade,0.9,145.0,10,12,3,-2,55.0,94.0,20.0,1.0,1.0,0.0,LEV,7,NRG,13,0,0.469,0.292,0.761
Lotus,Okeanos,LEV,Omen,0.81,181.0,13,17,4,-4,75.0,118.0,33.0,4.0,3.0,1.0,LEV,7,NRG,13,0,0.524,0.326,0.85
Lotus,kiNgg,LEV,Viper,0.79,159.0,10,15,3,-5,65.0,111.0,18.0,1.0,1.0,0.0,LEV,7,NRG,13,0,0.427,0.297,0.724
Lotus,Sato,LEV,Raze,0.76,202.0,14,17,2,-3,75.0,126.0,26.0,5.0,3.0,2.0,LEV,7,NRG,13,0,0.544,0.318,0.863
Lotus,tex,LEV,Killjoy,0.68,147.0,11,17,2,-6,60.0,122.0,50.0,1.0,0.0,1.0,LEV,7,NRG,13,0,0.46,0.295,0.755
Lotus,brawk,NRG,Vyse,1.55,211.0,15,7,7,8,90.0,156.0,30.0,1.0,0.0,1.0,LEV,7,NRG,13,1,0.743,0.473,1.217
Lotus,s0m,NRG,Omen,1.22,212.0,15,11,9,4,85.0,123.0,22.0,2.0,3.0,-1.0,LEV,7,NRG,13,1,0.685,0.425,1.11
Lotus,Ethan,NRG,Fade,1.18,240.0,16,12,8,4,80.0,143.0,20.0,0.0,1.0,-1.0,LEV,7,NRG,13,1,0.694,0.41,1.104
Lotus,mada,NRG,Raze,0.9,236.0,18,15,1,3,70.0,146.0,41.0,5.0,6.0,-1.0,LEV,7,NRG,13,1,0.715,0.299,1.014
Lotus,skuba,NRG,Viper,0.81,179.0,14,13,3,1,75.0,128.0,26.0,0.0,2.0,-2.0,LEV,7,NRG,13,1,0.57,0.289,0.859
Haven,Sato,LEV,Yoru,1.65,332.0,35,18,3,17,69.0,197.0,27.0,5.0,4.0,1.0,LEV,14,NRG,12,1,0.857,0.375,1.232
Haven,C0M,LEV,Sova,1.1,149.0,10,13,18,-3,85.0,118.0,24.0,1.0,1.0,0.0,LEV,14,NRG,12,1,0.499,0.43,0.929
Haven,kiNgg,LEV,Omen,1.02,192.0,16,19,17,-3,73.0,123.0,22.0,3.0,1.0,2.0,LEV,14,NRG,12,1,0.569,0.419,0.987
Haven,tex,LEV,Cypher,0.79,117.0,12,15,4,-3,62.0,87.0,34.0,1.0,4.0,-3.0,LEV,14,NRG,12,1,0.452,0.272,0.724
Haven,Okeanos,LEV,Neon,0.74,153.0,15,20,4,-5,62.0,94.0,25.0,1.0,5.0,-4.0,LEV,14,NRG,12,1,0.441,0.267,0.708
Haven,mada,NRG,Neon,1.22,279.0,25,19,0,6,73.0,181.0,28.0,11.0,4.0,7.0,LEV,14,NRG,12,0,0.821,0.368,1.189
Haven,skuba,NRG,Killjoy,1.05,211.0,20,18,3,2,81.0,133.0,19.0,2.0,1.0,1.0,LEV,14,NRG,12,0,0.661,0.36,1.021
Haven,brawk,NRG,Sova,1.04,183.0,16,16,8,0,77.0,137.0,32.0,2.0,1.0,1.0,LEV,14,NRG,12,0,0.619,0.408,1.027
Haven,s0m,NRG,Viper,0.96,168.0,17,17,12,0,69.0,104.0,28.0,0.0,3.0,-3.0,LEV,14,NRG,12,0,0.566,0.358,0.924
Haven,Ethan,NRG,Omen,0.66,118.0,7,18,21,-11,81.0,91.0,24.0,0.0,2.0,-2.0,LEV,14,NRG,12,0,0.376,0.35,0.726
Icebox,Sato,LEV,Jett,1.3,263.0,25,16,1,9,67.0,180.0,31.0,4.0,3.0,1.0,LEV,11,NRG,13,0,0.825,0.354,1.178
Icebox,Okeanos,LEV,Sage,0.95,154.0,13,15,11,-2,71.0,99.0,30.0,2.0,4.0,-2.0,LEV,11,NRG,13,0,0.524,0.364,0.889
Icebox,tex,LEV,Killjoy,0.93,191.0,18,16,3,2,79.0,134.0,32.0,1.0,3.0,-2.0,LEV,11,NRG,13,0,0.633,0.309,0.942
Icebox,kiNgg,LEV,Viper,0.77,159.0,10,18,11,-8,67.0,113.0,17.0,2.0,2.0,0.0,LEV,11,NRG,13,0,0.439,0.356,0.795
Icebox,C0M,LEV,Sova,0.7,121.0,10,17,7,-7,54.0,95.0,17.0,1.0,2.0,-1.0,LEV,11,NRG,13,0,0.387,0.296,0.683
Icebox,mada,NRG,Jett,1.51,303.0,26,14,2,12,71.0,175.0,31.0,7.0,4.0,3.0,LEV,11,NRG,13,1,0.852,0.391,1.243
Icebox,s0m,NRG,Killjoy,1.12,221.0,18,15,5,3,67.0,138.0,35.0,4.0,2.0,2.0,LEV,11,NRG,13,1,0.719,0.365,1.084
Icebox,skuba,NRG,Viper,1.03,222.0,18,17,3,1,71.0,169.0,27.0,2.0,3.0,-1.0,LEV,11,NRG,13,1,0.675,0.314,0.99
Icebox,Ethan,NRG,Harbor,0.84,152.0,12,16,9,-4,67.0,97.0,24.0,1.0,1.0,0.0,LEV,11,NRG,13,1,0.453,0.372,0.825
Icebox,brawk,NRG,Sova,0.71,103.0,8,14,12,-6,67.0,73.0,11.0,0.0,0.0,0.0,LEV,11,NRG,13,1,0.345,0.368,0.713
Lotus,artzin,MIBR,Yoru,1.1,233.0,18,15,4,3,62.0,149.0,20.0,4.0,6.0,-2.0,MIBR,8,LEV,13,0,0.71,0.309,1.019
Lotus,cortezia,MIBR,Vyse,0.86,182.0,14,15,2,-1,62.0,122.0,31.0,2.0,2.0,0.0,MIBR,8,LEV,13,0,0.564,0.29,0.854
Lotus,xenom,MIBR,Omen,0.73,133.0,10,15,5,-5,76.0,85.0,43.0,2.0,0.0,2.0,MIBR,8,LEV,13,0,0.438,0.358,0.795
Lotus,Verno,MIBR,Fade,0.64,131.0,9,16,7,-7,67.0,81.0,24.0,1.0,1.0,0.0,MIBR,8,LEV,13,0,0.382,0.329,0.711
Lotus,aspas,MIBR,Raze,0.61,153.0,12,16,5,-4,81.0,105.0,24.0,2.0,1.0,1.0,MIBR,8,LEV,13,0,0.449,0.335,0.784
Lotus,kiNgg,LEV,Viper,1.92,326.0,25,10,4,15,81.0,214.0,37.0,2.0,3.0,-1.0,MIBR,8,LEV,13,1,0.855,0.389,1.243
Lotus,Sato,LEV,Raze,1.15,229.0,16,16,10,0,81.0,175.0,19.0,4.0,4.0,0.0,MIBR,8,LEV,13,1,0.675,0.419,1.094
Lotus,C0M,LEV,Fade,1.03,113.0,8,9,10,-1,86.0,79.0,45.0,0.0,1.0,-1.0,MIBR,8,LEV,13,1,0.494,0.416,0.91
Lotus,Okeanos,LEV,Omen,0.96,173.0,14,12,7,2,81.0,108.0,33.0,1.0,2.0,-1.0,MIBR,8,LEV,13,1,0.594,0.368,0.962
Lotus,tex,LEV,Killjoy,0.69,172.0,13,16,4,-3,67.0,108.0,23.0,3.0,1.0,2.0,MIBR,8,LEV,13,1,0.502,0.318,0.82
Sunset,artzin,MIBR,Yoru,1.04,236.0,13,12,2,1,75.0,143.0,37.0,5.0,3.0,2.0,MIBR,3,LEV,13,0,0.67,0.348,1.018
Sunset,xenom,MIBR,Omen,0.78,164.0,10,13,4,-3,81.0,101.0,29.0,2.0,0.0,2.0,MIBR,3,LEV,13,0,0.482,0.36,0.842
Sunset,cortezia,MIBR,Cypher,0.56,187.0,10,16,3,-6,63.0,114.0,37.0,0.0,2.0,-2.0,MIBR,3,LEV,13,0,0.443,0.243,0.686
Sunset,aspas,MIBR,Raze,0.56,133.0,7,13,2,-6,63.0,98.0,19.0,1.0,1.0,0.0,MIBR,3,LEV,13,0,0.369,0.269,0.638
Sunset,Verno,MIBR,Sova,0.35,122.0,5,14,4,-9,50.0,88.0,31.0,1.0,1.0,0.0,MIBR,3,LEV,13,0,0.367,0.251,0.618
Sunset,kiNgg,LEV,Omen,1.77,295.0,19,6,3,13,75.0,188.0,39.0,2.0,1.0,1.0,MIBR,3,LEV,13,1,0.846,0.394,1.24
Sunset,C0M,LEV,Sova,1.33,205.0,12,7,3,5,81.0,136.0,20.0,0.0,0.0,0.0,MIBR,3,LEV,13,1,0.685,0.39,1.075
Sunset,tex,LEV,Vyse,1.26,244.0,14,11,3,3,81.0,161.0,46.0,3.0,2.0,1.0,MIBR,3,LEV,13,1,0.754,0.373,1.126
Sunset,Sato,LEV,Neon,1.17,252.0,16,11,1,5,69.0,158.0,35.0,1.0,5.0,-4.0,MIBR,3,LEV,13,1,0.743,0.313,1.056
Sunset,Okeanos,LEV,Kayo,0.83,135.0,7,10,13,-3,81.0,82.0,26.0,1.0,1.0,0.0,MIBR,3,LEV,13,1,0.429,0.395,0.823
Haven,brawk,NRG,Sova,1.58,296.0,19,8,2,11,88.0,188.0,23.0,3.0,0.0,3.0,NRG,13,LOUD,4,1,0.841,0.438,1.279
Haven,mada,NRG,Neon,1.41,226.0,16,8,1,8,65.0,136.0,31.0,2.0,3.0,-1.0,NRG,13,LOUD,4,1,0.752,0.345,1.097
Haven,s0m,NRG,Viper,1.26,225.0,13,10,9,3,88.0,146.0,32.0,1.0,1.0,0.0,NRG,13,LOUD,4,1,0.685,0.452,1.137
Haven,skuba,NRG,Killjoy,1.1,142.0,9,8,2,1,76.0,101.0,36.0,0.0,2.0,-2.0,NRG,13,LOUD,4,1,0.555,0.322,0.876
Haven,Ethan,NRG,Omen,1.04,188.0,10,10,8,0,82.0,119.0,16.0,0.0,5.0,-5.0,NRG,13,LOUD,4,1,0.544,0.377,0.921
Haven,lukxo,LOUD,Cypher,1.0,195.0,12,10,4,2,71.0,124.0,18.0,2.0,1.0,1.0,NRG,13,LOUD,4,0,0.604,0.349,0.953
Haven,Virtyy,LOUD,Neon,0.74,181.0,10,15,5,-5,71.0,118.0,27.0,5.0,3.0,2.0,NRG,13,LOUD,4,0,0.48,0.332,0.812
Haven,cauanzin,LOUD,Breach,0.71,133.0,7,13,2,-6,59.0,101.0,17.0,3.0,0.0,3.0,NRG,13,LOUD,4,0,0.414,0.309,0.723
Haven,pANcada,LOUD,Omen,0.55,147.0,9,15,4,-6,53.0,94.0,55.0,1.0,0.0,1.0,NRG,13,LOUD,4,0,0.424,0.28,0.704
Haven,RobbieBk,LOUD,Sova,0.44,106.0,6,14,4,-8,47.0,88.0,41.0,0.0,2.0,-2.0,NRG,13,LOUD,4,0,0.37,0.22,0.59
Corrode,s0m,NRG,Omen,1.36,227.0,18,12,15,6,73.0,158.0,25.0,2.0,3.0,-1.0,NRG,13,LOUD,9,1,0.763,0.42,1.183
Corrode,brawk,NRG,Sova,1.28,271.0,21,14,3,7,73.0,177.0,20.0,2.0,2.0,0.0,NRG,13,LOUD,9,1,0.794,0.353,1.147
Corrode,skuba,NRG,Viper,1.26,201.0,18,10,3,8,82.0,126.0,31.0,2.0,1.0,1.0,NRG,13,LOUD,9,1,0.727,0.384,1.11
Corrode,mada,NRG,Waylay,1.04,211.0,15,14,6,1,68.0,141.0,22.0,4.0,4.0,0.0,NRG,13,LOUD,9,1,0.647,0.353,1.0
Corrode,Ethan,NRG,Kayo,0.94,129.0,8,11,12,-3,86.0,77.0,16.0,2.0,0.0,2.0,NRG,13,LOUD,9,1,0.439,0.441,0.88
Corrode,cauanzin,LOUD,Vyse,1.33,221.0,19,11,3,8,68.0,152.0,33.0,2.0,1.0,1.0,NRG,13,LOUD,9,0,0.768,0.368,1.135
Corrode,Virtyy,LOUD,Neon,0.81,208.0,15,18,5,-3,59.0,118.0,27.0,5.0,5.0,0.0,NRG,13,LOUD,9,0,0.553,0.302,0.855
Corrode,lukxo,LOUD,Viper,0.65,149.0,10,17,4,-7,45.0,104.0,30.0,1.0,4.0,-3.0,NRG,13,LOUD,9,0,0.42,0.229,0.649
Corrode,pANcada,LOUD,Omen,0.58,122.0,9,19,6,-10,50.0,84.0,30.0,1.0,0.0,1.0,NRG,13,LOUD,9,0,0.382,0.301,0.682
Corrode,RobbieBk,LOUD,Fade,0.58,97.0,8,15,1,-7,45.0,59.0,35.0,1.0,2.0,-1.0,NRG,13,LOUD,9,0,0.358,0.223,0.581
Corrode,eeiu,100T,Sova,1.47,290.0,18,9,4,9,82.0,200.0,42.0,1.0,1.0,0.0,100T,13,KRU,4,1,0.831,0.408,1.24
Corrode,Cryocells,100T,Chamber,1.46,224.0,15,5,1,10,94.0,139.0,13.0,6.0,0.0,6.0,100T,13,KRU,4,1,0.742,0.447,1.189
Corrode,Kess,100T,Fade,1.4,210.0,14,6,4,8,82.0,123.0,26.0,1.0,0.0,1.0,100T,13,KRU,4,1,0.704,0.419,1.123
Corrode,Asuna,100T,Yoru,1.25,256.0,15,11,9,4,94.0,162.0,26.0,4.0,2.0,2.0,100T,13,KRU,4,1,0.755,0.469,1.224
Corrode,zander,100T,Omen,1.02,174.0,9,10,14,-1,76.0,105.0,31.0,1.0,1.0,0.0,100T,13,KRU,4,1,0.528,0.407,0.935
Corrode,Dantedeu5,KRÜ,Neon,0.84,210.0,11,15,4,-4,65.0,131.0,25.0,2.0,4.0,-2.0,100T,13,KRU,4,0,0.515,0.287,0.802
Corrode,keznit,KRÜ,Omen,0.79,189.0,10,14,5,-4,59.0,126.0,26.0,1.0,4.0,-3.0,100T,13,KRU,4,0,0.478,0.278,0.756
Corrode,Shyy,KRÜ,Vyse,0.76,203.0,10,14,3,-4,59.0,137.0,23.0,0.0,2.0,-2.0,100T,13,KRU,4,0,0.485,0.257,0.742
Corrode,Melser,KRÜ,Fade,0.52,80.0,4,13,6,-9,47.0,52.0,21.0,1.0,2.0,-1.0,100T,13,KRU,4,0,0.328,0.254,0.582
Corrode,Mazino,KRÜ,Viper,0.46,119.0,6,15,6,-9,59.0,64.0,29.0,0.0,1.0,-1.0,100T,13,KRU,4,0,0.347,0.28,0.627
Bind,Asuna,100T,Raze,1.64,316.0,19,8,5,11,72.0,216.0,18.0,1.0,3.0,-2.0,100T,13,KRU,5,1,0.805,0.376,1.182
Bind,zander,100T,Viper,1.54,311.0,19,9,3,10,83.0,193.0,18.0,5.0,2.0,3.0,100T,13,KRU,5,1,0.835,0.411,1.246
Bind,Kess,100T,Brimstone,1.19,145.0,9,7,11,2,83.0,85.0,33.0,0.0,0.0,0.0,100T,13,KRU,5,1,0.567,0.445,1.012
Bind,eeiu,100T,Fade,1.03,136.0,9,8,7,1,83.0,84.0,30.0,1.0,0.0,1.0,100T,13,KRU,5,1,0.526,0.415,0.941
Bind,Cryocells,100T,Yoru,0.81,151.0,11,11,5,0,72.0,90.0,14.0,3.0,3.0,0.0,100T,13,KRU,5,1,0.514,0.324,0.838
Bind,Melser,KRÜ,Brimstone,0.95,181.0,11,14,5,-3,61.0,126.0,21.0,1.0,0.0,1.0,100T,13,KRU,5,0,0.504,0.347,0.851
Bind,Dantedeu5,KRÜ,Raze,0.82,176.0,10,14,3,-4,61.0,119.0,31.0,4.0,6.0,-2.0,100T,13,KRU,5,0,0.507,0.267,0.774
Bind,Shyy,KRÜ,Vyse,0.8,139.0,8,13,3,-5,61.0,111.0,24.0,2.0,1.0,1.0,100T,13,KRU,5,0,0.433,0.3,0.733
Bind,keznit,KRÜ,Skye,0.72,125.0,7,12,6,-5,56.0,71.0,24.0,1.0,1.0,0.0,100T,13,KRU,5,0,0.372,0.308,0.68
Bind,Mazino,KRÜ,Viper,0.55,124.0,7,14,3,-7,56.0,87.0,27.0,0.0,2.0,-2.0,100T,13,KRU,5,0,0.368,0.23,0.598
Bind,Kess,100T,Brimstone,1.38,223.0,18,15,10,3,78.0,140.0,24.0,3.0,1.0,2.0,100T,13,NRG,10,1,0.735,0.465,1.2
Bind,Cryocells,100T,Yoru,1.15,207.0,18,14,3,4,74.0,138.0,30.0,1.0,2.0,-1.0,100T,13,NRG,10,1,0.694,0.332,1.027
Bind,zander,100T,Viper,1.04,179.0,16,14,4,2,74.0,114.0,21.0,3.0,1.0,2.0,100T,13,NRG,10,1,0.632,0.367,0.999
Bind,Asuna,100T,Raze,0.96,191.0,13,16,11,-3,83.0,134.0,15.0,2.0,6.0,-4.0,100T,13,NRG,10,1,0.529,0.381,0.91
Bind,eeiu,100T,Fade,0.88,169.0,16,15,4,1,74.0,96.0,27.0,2.0,2.0,0.0,100T,13,NRG,10,1,0.577,0.323,0.9
Bind,Ethan,NRG,Kayo,1.14,225.0,18,17,11,1,87.0,138.0,29.0,2.0,2.0,0.0,100T,13,NRG,10,0,0.671,0.428,1.099
Bind,skuba,NRG,Viper,1.11,198.0,16,13,4,3,70.0,145.0,14.0,0.0,0.0,0.0,100T,13,NRG,10,0,0.642,0.359,1.002
Bind,s0m,NRG,Brimstone,1.02,205.0,15,16,17,-1,87.0,133.0,19.0,2.0,3.0,-1.0,100T,13,NRG,10,0,0.587,0.407,0.994
Bind,brawk,NRG,Fade,0.82,169.0,14,18,12,-4,78.0,103.0,16.0,3.0,1.0,2.0,100T,13,NRG,10,0,0.49,0.406,0.896
Bind,mada,NRG,Raze,0.62,162.0,11,17,3,-6,57.0,111.0,28.0,5.0,5.0,0.0,100T,13,NRG,10,0,0.459,0.256,0.715
Sunset,eeiu,100T,Sova,1.8,281.0,19,6,5,13,82.0,189.0,34.0,3.0,2.0,1.0,100T,13,NRG,4,1,0.852,0.419,1.271
Sunset,zander,100T,Omen,1.41,230.0,16,7,4,9,88.0,141.0,38.0,1.0,0.0,1.0,100T,13,NRG,4,1,0.75,0.43,1.18
Sunset,Asuna,100T,Neon,1.38,253.0,14,9,7,5,82.0,162.0,23.0,2.0,3.0,-1.0,100T,13,NRG,4,1,0.759,0.415,1.174
Sunset,Kess,100T,Cypher,1.22,227.0,15,7,3,8,88.0,136.0,35.0,2.0,0.0,2.0,100T,13,NRG,4,1,0.733,0.407,1.14
Sunset,Cryocells,100T,Yoru,1.09,218.0,13,11,6,2,88.0,134.0,24.0,4.0,0.0,4.0,100T,13,NRG,4,1,0.66,0.431,1.091
Sunset,brawk,NRG,Sova,0.9,232.0,13,16,3,-3,59.0,171.0,14.0,0.0,1.0,-1.0,100T,13,NRG,4,0,0.55,0.29,0.84
Sunset,skuba,NRG,Viper,0.85,129.0,8,13,5,-5,53.0,79.0,23.0,0.0,0.0,0.0,100T,13,NRG,4,0,0.396,0.315,0.711
Sunset,Ethan,NRG,Omen,0.56,143.0,6,17,9,-11,53.0,107.0,11.0,1.0,2.0,-1.0,100T,13,NRG,4,0,0.366,0.301,0.667
Sunset,mada,NRG,Neon,0.54,170.0,9,16,0,-7,47.0,106.0,29.0,4.0,5.0,-1.0,100T,13,NRG,4,0,0.444,0.222,0.666
Sunset,s0m,NRG,Deadlock,0.25,80.0,4,15,3,-11,47.0,63.0,63.0,0.0,4.0,-4.0,100T,13,NRG,4,0,0.367,0.204,0.571
Corrode,aspas,MIBR,Raze,1.32,221.0,17,11,2,6,64.0,150.0,12.0,5.0,3.0,2.0,MIBR,13,KRU,9,1,0.74,0.359,1.099
Corrode,Verno,MIBR,Fade,1.18,167.0,12,10,5,2,73.0,114.0,17.0,2.0,0.0,2.0,MIBR,13,KRU,9,1,0.602,0.4,1.002
Corrode,xenom,MIBR,Astra,1.08,146.0,10,10,14,0,82.0,99.0,26.0,2.0,1.0,1.0,MIBR,13,KRU,9,1,0.545,0.432,0.977
Corrode,cortezia,MIBR,Vyse,1.04,192.0,15,13,5,2,68.0,132.0,61.0,0.0,1.0,-1.0,MIBR,13,KRU,9,1,0.658,0.342,1.0
Corrode,artzin,MIBR,Yoru,0.76,179.0,14,15,3,-1,64.0,130.0,15.0,2.0,6.0,-4.0,MIBR,13,KRU,9,1,0.534,0.261,0.795
Corrode,keznit,KRÜ,Omen,1.09,203.0,13,14,7,-1,77.0,132.0,31.0,4.0,0.0,4.0,MIBR,13,KRU,9,0,0.616,0.424,1.04
Corrode,Melser,KRÜ,Fade,1.03,192.0,15,13,5,2,77.0,126.0,26.0,1.0,1.0,0.0,MIBR,13,KRU,9,0,0.618,0.365,0.982
Corrode,Mazino,KRÜ,Viper,0.9,163.0,13,13,2,0,64.0,124.0,24.0,1.0,3.0,-2.0,MIBR,13,KRU,9,0,0.547,0.28,0.827
Corrode,Shyy,KRÜ,Vyse,0.84,138.0,11,13,2,-2,77.0,93.0,23.0,2.0,3.0,-1.0,MIBR,13,KRU,9,0,0.483,0.304,0.787
Corrode,Dantedeu5,KRÜ,Neon,0.45,94.0,7,15,1,-8,59.0,71.0,40.0,3.0,4.0,-1.0,MIBR,13,KRU,9,0,0.384,0.237,0.621
Ascent,aspas,MIBR,Jett,1.37,308.0,14,12,1,2,71.0,196.0,39.0,2.0,1.0,1.0,MIBR,1,KRU,13,0,0.769,0.377,1.146
Ascent,xenom,MIBR,Omen,0.66,169.0,7,13,5,-6,64.0,116.0,45.0,1.0,2.0,-1.0,MIBR,1,KRU,13,0,0.441,0.286,0.727
Ascent,cortezia,MIBR,Killjoy,0.47,104.0,5,12,1,-7,50.0,71.0,19.0,0.0,0.0,0.0,MIBR,1,KRU,13,0,0.33,0.249,0.579
Ascent,artzin,MIBR,Kayo,0.25,106.0,4,14,5,-10,43.0,78.0,16.0,0.0,4.0,-4.0,MIBR,1,KRU,13,0,0.331,0.22,0.551
Ascent,Verno,MIBR,Sova,0.09,73.0,3,14,3,-11,50.0,44.0,33.0,0.0,4.0,-4.0,MIBR,1,KRU,13,0,0.341,0.209,0.55
Ascent,keznit,KRÜ,Yoru,2.32,423.0,22,6,8,16,100.0,274.0,16.0,4.0,0.0,4.0,MIBR,1,KRU,13,0,0.841,0.514,1.355
Ascent,Melser,KRÜ,Omen,1.56,206.0,12,5,8,7,93.0,140.0,26.0,2.0,0.0,2.0,MIBR,1,KRU,13,0,0.727,0.498,1.225
Ascent,Mazino,KRÜ,Sova,1.27,265.0,13,8,4,5,79.0,174.0,29.0,1.0,1.0,0.0,MIBR,1,KRU,13,0,0.75,0.382,1.132
Ascent,Dantedeu5,KRÜ,Jett,1.08,200.0,8,8,6,0,93.0,134.0,19.0,2.0,2.0,0.0,MIBR,1,KRU,13,0,0.575,0.399,0.974
Ascent,Shyy,KRÜ,Cypher,1.03,156.0,10,6,5,4,86.0,87.0,10.0,2.0,0.0,2.0,MIBR,1,KRU,13,0,0.57,0.406,0.977
Haven,cortezia,MIBR,Cypher,1.12,200.0,17,16,2,1,59.0,135.0,42.0,2.0,1.0,1.0,MIBR,9,KRU,13,0,0.665,0.33,0.995
Haven,artzin,MIBR,Iso,0.95,232.0,17,18,5,-1,59.0,152.0,23.0,2.0,2.0,0.0,MIBR,9,KRU,13,0,0.62,0.317,0.937
Haven,xenom,MIBR,Omen,0.91,193.0,14,14,6,0,82.0,139.0,29.0,1.0,2.0,-1.0,MIBR,9,KRU,13,0,0.583,0.354,0.937
Haven,aspas,MIBR,Yoru,0.72,150.0,10,15,3,-5,64.0,103.0,25.0,4.0,3.0,1.0,MIBR,9,KRU,13,0,0.45,0.287,0.737
Haven,Verno,MIBR,Sova,0.42,109.0,8,16,3,-8,64.0,73.0,44.0,2.0,3.0,-1.0,MIBR,9,KRU,13,0,0.385,0.245,0.63
Haven,keznit,KRÜ,Iso,1.66,282.0,22,11,10,11,91.0,198.0,22.0,2.0,2.0,0.0,MIBR,9,KRU,13,0,0.832,0.47,1.302
Haven,Dantedeu5,KRÜ,Yoru,1.12,206.0,16,13,9,3,82.0,131.0,24.0,4.0,3.0,1.0,MIBR,9,KRU,13,0,0.684,0.426,1.111
Haven,Melser,KRÜ,Omen,1.12,198.0,16,15,10,1,86.0,133.0,23.0,1.0,3.0,-2.0,MIBR,9,KRU,13,0,0.62,0.407,1.028
Haven,Mazino,KRÜ,Sova,1.08,222.0,16,14,8,2,86.0,147.0,29.0,4.0,3.0,1.0,MIBR,9,KRU,13,0,0.69,0.418,1.107
Haven,Shyy,KRÜ,Cypher,0.79,116.0,9,13,7,-4,82.0,89.0,21.0,0.0,0.0,0.0,MIBR,9,KRU,13,0,0.407,0.379,0.786
Bind,Sato,LEV,Yoru,1.87,375.0,31,15,4,16,83.0,239.0,47.0,8.0,1.0,7.0,LEV,13,LOUD,10,1,0.88,0.432,1.312
Bind,Okeanos,LEV,Brimstone,1.03,220.0,18,17,11,1,78.0,124.0,45.0,3.0,1.0,2.0,LEV,13,LOUD,10,1,0.681,0.428,1.109
Bind,tex,LEV,Gekko,0.9,157.0,13,13,4,0,74.0,99.0,39.0,3.0,0.0,3.0,LEV,13,LOUD,10,1,0.576,0.365,0.941
Bind,kiNgg,LEV,Viper,0.84,112.0,8,12,8,-4,74.0,86.0,34.0,0.0,0.0,0.0,LEV,13,LOUD,10,1,0.421,0.382,0.803
Bind,C0M,LEV,Fade,0.74,123.0,10,14,8,-4,65.0,85.0,37.0,2.0,5.0,-3.0,LEV,13,LOUD,10,1,0.443,0.316,0.759
Bind,Virtyy,LOUD,Raze,1.45,311.0,25,18,3,7,70.0,187.0,19.0,5.0,5.0,0.0,LEV,13,LOUD,10,0,0.841,0.366,1.207
Bind,lukxo,LOUD,Viper,1.04,213.0,17,14,5,3,78.0,145.0,29.0,0.0,0.0,0.0,LEV,13,LOUD,10,0,0.669,0.377,1.046
Bind,RobbieBk,LOUD,Skye,0.94,166.0,12,15,7,-3,78.0,117.0,28.0,1.0,2.0,-1.0,LEV,13,LOUD,10,0,0.504,0.361,0.865
Bind,pANcada,LOUD,Brimstone,0.66,107.0,9,15,7,-6,61.0,68.0,26.0,1.0,3.0,-2.0,LEV,13,LOUD,10,0,0.367,0.294,0.662
Bind,cauanzin,LOUD,Gekko,0.47,98.0,8,18,4,-10,65.0,76.0,24.0,0.0,6.0,-6.0,LEV,13,LOUD,10,0,0.343,0.245,0.588
Ascent,C0M,LEV,Sova,1.61,280.0,22,12,5,10,74.0,176.0,17.0,1.0,0.0,1.0,LEV,10,LOUD,13,0,0.799,0.424,1.223
Ascent,Sato,LEV,Jett,1.03,219.0,17,17,4,0,57.0,143.0,44.0,4.0,7.0,-3.0,LEV,10,LOUD,13,0,0.672,0.289,0.961
Ascent,tex,LEV,Cypher,0.83,172.0,16,17,1,-1,57.0,108.0,30.0,0.0,2.0,-2.0,LEV,10,LOUD,13,0,0.54,0.261,0.801
Ascent,Okeanos,LEV,Kayo,0.59,109.0,7,18,14,-11,65.0,74.0,32.0,2.0,2.0,0.0,LEV,10,LOUD,13,0,0.378,0.333,0.711
Ascent,kiNgg,LEV,Omen,0.55,87.0,8,16,8,-8,57.0,60.0,35.0,2.0,3.0,-1.0,LEV,10,LOUD,13,0,0.369,0.296,0.665
Ascent,lukxo,LOUD,Cypher,1.5,280.0,24,13,4,11,78.0,176.0,36.0,6.0,1.0,5.0,LEV,10,LOUD,13,1,0.854,0.423,1.278
Ascent,Virtyy,LOUD,Jett,1.37,255.0,19,12,7,7,74.0,158.0,24.0,7.0,4.0,3.0,LEV,10,LOUD,13,1,0.796,0.43,1.226
Ascent,cauanzin,LOUD,Kayo,0.93,191.0,15,16,10,-1,61.0,131.0,25.0,1.0,2.0,-1.0,LEV,10,LOUD,13,1,0.564,0.354,0.918
Ascent,RobbieBk,LOUD,Sova,0.86,128.0,12,13,4,-1,74.0,88.0,33.0,0.0,0.0,0.0,LEV,10,LOUD,13,1,0.494,0.34,0.834
Ascent,pANcada,LOUD,Omen,0.63,131.0,10,16,6,-6,74.0,89.0,39.0,0.0,2.0,-2.0,LEV,10,LOUD,13,1,0.41,0.302,0.711
Icebox,kiNgg,LEV,Viper,1.57,279.0,21,14,7,7,88.0,179.0,29.0,0.0,1.0,-1.0,LEV,11,LOUD,13,0,0.817,0.443,1.261
Icebox,Okeanos,LEV,Harbor,1.17,241.0,20,17,7,3,71.0,143.0,57.0,1.0,2.0,-1.0,LEV,11,LOUD,13,0,0.739,0.374,1.113
Icebox,tex,LEV,Killjoy,0.79,173.0,17,18,2,-1,71.0,113.0,43.0,3.0,5.0,-2.0,LEV,11,LOUD,13,0,0.589,0.28,0.869
Icebox,Sato,LEV,Jett,0.68,164.0,14,19,3,-5,58.0,106.0,28.0,3.0,6.0,-3.0,LEV,11,LOUD,13,0,0.477,0.243,0.72
Icebox,C0M,LEV,Sova,0.48,129.0,11,21,3,-10,54.0,97.0,25.0,1.0,2.0,-1.0,LEV,11,LOUD,13,0,0.386,0.229,0.615
Icebox,pANcada,LOUD,Viper,1.54,319.0,28,16,5,12,79.0,205.0,45.0,3.0,0.0,3.0,LEV,11,LOUD,13,1,0.878,0.445,1.323
Icebox,lukxo,LOUD,Omen,1.17,243.0,21,17,2,4,79.0,151.0,30.0,7.0,2.0,5.0,LEV,11,LOUD,13,1,0.766,0.373,1.139
Icebox,Virtyy,LOUD,Jett,0.97,201.0,17,15,5,2,79.0,127.0,23.0,3.0,4.0,-1.0,LEV,11,LOUD,13,1,0.651,0.344,0.995
Icebox,RobbieBk,LOUD,Killjoy,0.68,151.0,13,18,1,-5,54.0,106.0,28.0,2.0,0.0,2.0,LEV,11,LOUD,13,1,0.451,0.293,0.744
Icebox,cauanzin,LOUD,Sova,0.62,134.0,10,17,8,-7,63.0,94.0,17.0,1.0,2.0,-1.0,LEV,11,LOUD,13,1,0.384,0.313,0.697
Split,Verno,MIBR,Tejo,1.39,204.0,17,8,7,9,78.0,132.0,22.0,2.0,1.0,1.0,MIBR,13,100T,10,1,0.729,0.435,1.165
Split,cortezia,MIBR,Omen,1.24,258.0,21,14,4,7,70.0,155.0,25.0,4.0,1.0,3.0,MIBR,13,100T,10,1,0.792,0.385,1.177
Split,aspas,MIBR,Jett,0.94,157.0,12,12,4,0,74.0,106.0,24.0,0.0,4.0,-4.0,MIBR,13,100T,10,1,0.532,0.308,0.84
Split,xenom,MIBR,Viper,0.8,163.0,13,12,4,1,74.0,100.0,31.0,2.0,2.0,0.0,MIBR,13,100T,10,1,0.56,0.315,0.874
Split,artzin,MIBR,Breach,0.72,174.0,16,16,6,0,57.0,101.0,29.0,2.0,5.0,-3.0,MIBR,13,100T,10,1,0.553,0.279,0.832
Split,Asuna,100T,Raze,1.28,260.0,18,15,3,3,87.0,173.0,22.0,7.0,3.0,4.0,MIBR,13,100T,10,0,0.761,0.398,1.159
Split,Cryocells,100T,Sage,1.0,205.0,15,16,3,-1,61.0,133.0,30.0,3.0,2.0,1.0,MIBR,13,100T,10,0,0.616,0.312,0.927
Split,zander,100T,Astra,0.86,144.0,11,16,12,-5,78.0,93.0,35.0,2.0,2.0,0.0,MIBR,13,100T,10,0,0.458,0.384,0.842
Split,eeiu,100T,Tejo,0.86,153.0,11,16,8,-5,65.0,95.0,34.0,1.0,0.0,1.0,MIBR,13,100T,10,0,0.447,0.378,0.825
Split,Boostio,100T,Breach,0.61,83.0,7,16,6,-9,65.0,60.0,30.0,0.0,3.0,-3.0,MIBR,13,100T,10,0,0.35,0.28,0.63
Icebox,aspas,MIBR,Jett,1.8,346.0,24,9,5,15,88.0,218.0,18.0,5.0,0.0,5.0,MIBR,13,100T,4,1,0.844,0.46,1.305
Icebox,Verno,MIBR,Sova,1.38,160.0,10,5,5,5,88.0,121.0,32.0,1.0,2.0,-1.0,MIBR,13,100T,4,1,0.666,0.402,1.068
Icebox,cortezia,MIBR,Killjoy,1.37,276.0,17,11,10,6,100.0,201.0,21.0,2.0,1.0,1.0,MIBR,13,100T,4,1,0.799,0.492,1.291
Icebox,xenom,MIBR,Viper,1.25,252.0,17,11,8,6,88.0,165.0,27.0,2.0,0.0,2.0,MIBR,13,100T,4,1,0.766,0.466,1.232
Icebox,artzin,MIBR,Harbor,0.79,192.0,12,11,3,1,76.0,117.0,29.0,3.0,1.0,2.0,MIBR,13,100T,4,1,0.592,0.332,0.924
Icebox,eeiu,100T,Sova,1.37,281.0,17,15,2,2,76.0,182.0,44.0,1.0,1.0,0.0,MIBR,13,100T,4,0,0.764,0.377,1.14
Icebox,Cryocells,100T,Jett,0.87,195.0,12,16,2,-4,76.0,129.0,14.0,0.0,4.0,-4.0,MIBR,13,100T,4,0,0.482,0.293,0.775
Icebox,zander,100T,Viper,0.42,113.0,4,15,10,-11,71.0,82.0,16.0,1.0,3.0,-2.0,MIBR,13,100T,4,0,0.337,0.315,0.652
Icebox,Boostio,100T,Killjoy,0.39,123.0,7,17,1,-10,47.0,77.0,32.0,1.0,1.0,0.0,MIBR,13,100T,4,0,0.361,0.235,0.596
Icebox,Asuna,100T,Gekko,0.22,103.0,7,17,4,-10,53.0,50.0,36.0,1.0,4.0,-3.0,MIBR,13,100T,4,0,0.348,0.225,0.573
Lotus,Shyy,KRÜ,Vyse,1.59,325.0,26,13,5,13,81.0,221.0,39.0,1.0,1.0,0.0,KRU,8,MIBR,13,0,0.842,0.418,1.26
Lotus,keznit,KRÜ,Neon,1.13,259.0,18,18,6,0,71.0,175.0,32.0,6.0,4.0,2.0,KRU,8,MIBR,13,0,0.714,0.384,1.098
Lotus,adverso,KRÜ,Tejo,0.65,140.0,9,15,4,-6,67.0,100.0,23.0,1.0,2.0,-1.0,KRU,8,MIBR,13,0,0.399,0.279,0.677
Lotus,Mazino,KRÜ,Breach,0.62,155.0,9,17,8,-8,81.0,114.0,14.0,2.0,0.0,2.0,KRU,8,MIBR,13,0,0.412,0.388,0.8
Lotus,Melser,KRÜ,Omen,0.58,114.0,8,15,5,-7,67.0,76.0,19.0,1.0,3.0,-2.0,KRU,8,MIBR,13,0,0.353,0.274,0.626
Lotus,aspas,MIBR,Neon,1.4,266.0,20,13,5,7,81.0,161.0,29.0,3.0,3.0,0.0,KRU,8,MIBR,13,1,0.817,0.401,1.219
Lotus,Verno,MIBR,Tejo,1.32,238.0,18,12,6,6,76.0,147.0,24.0,3.0,1.0,2.0,KRU,8,MIBR,13,1,0.77,0.422,1.192
Lotus,cortezia,MIBR,Omen,1.22,242.0,18,14,11,4,71.0,152.0,57.0,3.0,4.0,-1.0,KRU,8,MIBR,13,1,0.786,0.402,1.188
Lotus,xenom,MIBR,Viper,0.93,119.0,9,12,10,-3,71.0,80.0,26.0,0.0,2.0,-2.0,KRU,8,MIBR,13,1,0.439,0.362,0.802
Lotus,artzin,MIBR,Breach,0.68,182.0,13,19,9,-6,67.0,121.0,27.0,1.0,1.0,0.0,KRU,8,MIBR,13,1,0.46,0.355,0.815
Icebox,adverso,KRÜ,Sova,0.97,207.0,12,14,3,-2,56.0,137.0,19.0,2.0,2.0,0.0,KRU,5,MIBR,13,0,0.557,0.292,0.848
Icebox,keznit,KRÜ,Jett,0.81,139.0,8,12,3,-4,61.0,90.0,15.0,3.0,2.0,1.0,KRU,5,MIBR,13,0,0.436,0.292,0.728
Icebox,Mazino,KRÜ,Harbor,0.79,183.0,11,14,4,-3,67.0,112.0,33.0,3.0,2.0,1.0,KRU,5,MIBR,13,0,0.524,0.311,0.835
Icebox,Melser,KRÜ,Viper,0.73,131.0,7,12,3,-5,78.0,98.0,22.0,1.0,2.0,-1.0,KRU,5,MIBR,13,0,0.391,0.294,0.685
Icebox,Shyy,KRÜ,Killjoy,0.66,108.0,7,12,1,-5,56.0,68.0,12.0,0.0,1.0,-1.0,KRU,5,MIBR,13,0,0.336,0.259,0.595
Icebox,aspas,MIBR,Jett,1.28,259.0,17,10,2,7,72.0,161.0,28.0,2.0,2.0,0.0,KRU,5,MIBR,13,1,0.771,0.351,1.122
Icebox,artzin,MIBR,Harbor,1.25,284.0,19,11,0,8,72.0,179.0,33.0,3.0,2.0,1.0,KRU,5,MIBR,13,1,0.822,0.357,1.179
Icebox,Verno,MIBR,Sova,1.21,149.0,8,5,8,3,83.0,111.0,16.0,1.0,2.0,-1.0,KRU,5,MIBR,13,1,0.574,0.409,0.984
Icebox,cortezia,MIBR,Killjoy,1.06,151.0,11,8,2,3,89.0,109.0,22.0,1.0,0.0,1.0,KRU,5,MIBR,13,1,0.581,0.383,0.964
Icebox,xenom,MIBR,Viper,0.76,155.0,9,11,3,-2,67.0,106.0,20.0,2.0,3.0,-1.0,KRU,5,MIBR,13,1,0.477,0.279,0.756
Lotus,xenom,MIBR,Viper,1.08,199.0,16,15,0,1,60.0,126.0,56.0,3.0,2.0,1.0,MIBR,7,SEN,13,0,0.679,0.318,0.997
Lotus,cortezia,MIBR,Omen,1.07,191.0,13,13,4,0,55.0,134.0,52.0,0.0,3.0,-3.0,MIBR,7,SEN,13,0,0.617,0.29,0.907
Lotus,Verno,MIBR,Tejo,0.85,146.0,10,14,3,-4,65.0,93.0,35.0,0.0,2.0,-2.0,MIBR,7,SEN,13,0,0.453,0.277,0.73
Lotus,aspas,MIBR,Neon,0.64,182.0,11,17,3,-6,60.0,128.0,25.0,2.0,3.0,-1.0,MIBR,7,SEN,13,0,0.463,0.255,0.718
Lotus,artzin,MIBR,Breach,0.52,134.0,7,16,9,-9,55.0,89.0,24.0,1.0,4.0,-3.0,MIBR,7,SEN,13,0,0.367,0.288,0.655
Lotus,johnqt,SEN,Breach,1.57,211.0,15,7,13,8,95.0,146.0,44.0,1.0,0.0,1.0,MIBR,7,SEN,13,1,0.753,0.504,1.257
Lotus,zekken,SEN,Yoru,1.52,346.0,25,13,3,12,70.0,209.0,26.0,7.0,3.0,4.0,MIBR,7,SEN,13,1,0.856,0.389,1.245
Lotus,N4RRATE,SEN,Tejo,1.09,158.0,11,10,6,1,95.0,102.0,23.0,1.0,0.0,1.0,MIBR,7,SEN,13,1,0.555,0.43,0.985
Lotus,bang,SEN,Omen,0.95,194.0,16,13,4,3,60.0,116.0,39.0,3.0,1.0,2.0,MIBR,7,SEN,13,1,0.669,0.334,1.003
Lotus,Zellsis,SEN,Viper,0.58,112.0,8,14,5,-6,60.0,68.0,24.0,2.0,2.0,0.0,MIBR,7,SEN,13,1,0.369,0.279,0.648
Split,Verno,MIBR,Tejo,1.28,202.0,17,15,7,2,71.0,149.0,23.0,1.0,1.0,0.0,MIBR,11,SEN,13,0,0.669,0.403,1.073
Split,aspas,MIBR,Jett,1.15,248.0,23,19,5,4,71.0,163.0,18.0,8.0,5.0,3.0,MIBR,11,SEN,13,0,0.757,0.38,1.137
Split,xenom,MIBR,Viper,1.07,200.0,19,16,4,3,71.0,140.0,28.0,1.0,2.0,-1.0,MIBR,11,SEN,13,0,0.671,0.33,1.001
Split,cortezia,MIBR,Omen,0.7,152.0,13,20,13,-7,63.0,94.0,20.0,1.0,1.0,0.0,MIBR,11,SEN,13,0,0.42,0.351,0.771
Split,artzin,MIBR,Breach,0.6,124.0,9,19,12,-10,71.0,81.0,15.0,2.0,2.0,0.0,MIBR,11,SEN,13,0,0.376,0.344,0.72
Split,zekken,SEN,Yoru,1.46,280.0,24,14,6,10,71.0,167.0,30.0,5.0,4.0,1.0,MIBR,11,SEN,13,1,0.84,0.411,1.251
Split,bang,SEN,Omen,1.29,241.0,20,15,16,5,71.0,146.0,34.0,4.0,3.0,1.0,MIBR,11,SEN,13,1,0.79,0.426,1.216
Split,N4RRATE,SEN,Breach,1.17,241.0,22,17,10,5,75.0,144.0,18.0,1.0,2.0,-1.0,MIBR,11,SEN,13,1,0.729,0.403,1.132
Split,johnqt,SEN,Tejo,1.02,197.0,17,16,7,1,79.0,121.0,22.0,1.0,2.0,-1.0,MIBR,11,SEN,13,1,0.604,0.371,0.976
Split,Zellsis,SEN,Viper,0.39,91.0,6,19,9,-13,71.0,68.0,50.0,0.0,2.0,-2.0,MIBR,11,SEN,13,1,0.362,0.315,0.677
Haven,zekken,SEN,Neon,1.21,281.0,22,16,4,6,64.0,172.0,32.0,4.0,6.0,-2.0,SEN,9,G2,13,0,0.82,0.324,1.144
Haven,bang,SEN,Omen,1.06,214.0,16,15,7,1,68.0,124.0,30.0,1.0,2.0,-1.0,SEN,9,G2,13,0,0.625,0.357,0.982
Haven,johnqt,SEN,Breach,1.0,175.0,13,15,13,-2,68.0,107.0,25.0,0.0,1.0,-1.0,SEN,9,G2,13,0,0.523,0.382,0.906
Haven,N4RRATE,SEN,Sova,0.74,175.0,12,17,8,-5,59.0,129.0,26.0,1.0,1.0,0.0,SEN,9,G2,13,0,0.462,0.337,0.799
Haven,Zellsis,SEN,Cypher,0.69,168.0,13,16,3,-3,64.0,120.0,28.0,1.0,5.0,-4.0,SEN,9,G2,13,0,0.485,0.254,0.738
Haven,trent,G2,Tejo,1.66,253.0,21,11,7,10,82.0,171.0,30.0,4.0,1.0,3.0,SEN,9,G2,13,1,0.831,0.463,1.294
Haven,valyn,G2,Astra,1.37,251.0,21,15,6,6,73.0,152.0,33.0,3.0,1.0,2.0,SEN,9,G2,13,1,0.811,0.422,1.233
Haven,leaf,G2,Vyse,0.95,196.0,15,17,6,-2,59.0,136.0,22.0,2.0,2.0,0.0,SEN,9,G2,13,1,0.567,0.328,0.895
Haven,JonahP,G2,Breach,0.8,147.0,11,16,13,-5,73.0,95.0,27.0,1.0,1.0,0.0,SEN,9,G2,13,1,0.429,0.378,0.808
Haven,jawgemo,G2,Yoru,0.66,158.0,11,17,3,-6,68.0,103.0,11.0,5.0,2.0,3.0,SEN,9,G2,13,1,0.429,0.3,0.729
Split,zekken,SEN,Yoru,1.12,258.0,19,16,2,3,64.0,150.0,22.0,7.0,3.0,4.0,SEN,9,G2,13,0,0.732,0.342,1.075
Split,N4RRATE,SEN,Breach,0.99,174.0,15,14,8,1,82.0,104.0,24.0,1.0,0.0,1.0,SEN,9,G2,13,0,0.573,0.42,0.993
Split,johnqt,SEN,Tejo,0.95,165.0,14,11,3,3,68.0,98.0,20.0,1.0,0.0,1.0,SEN,9,G2,13,0,0.58,0.337,0.916
Split,bang,SEN,Omen,0.77,160.0,11,16,10,-5,73.0,94.0,27.0,2.0,2.0,0.0,SEN,9,G2,13,0,0.447,0.366,0.813
Split,Zellsis,SEN,Viper,0.77,135.0,9,13,6,-4,68.0,93.0,24.0,2.0,4.0,-2.0,SEN,9,G2,13,0,0.436,0.307,0.743
Split,valyn,G2,Omen,1.19,225.0,20,14,4,6,82.0,149.0,26.0,1.0,4.0,-3.0,SEN,9,G2,13,1,0.734,0.348,1.082
Split,leaf,G2,Viper,1.04,216.0,16,15,7,1,68.0,148.0,12.0,2.0,4.0,-2.0,SEN,9,G2,13,1,0.627,0.346,0.973
Split,trent,G2,Tejo,0.96,161.0,12,13,4,-1,68.0,104.0,28.0,1.0,1.0,0.0,SEN,9,G2,13,1,0.525,0.331,0.856
Split,jawgemo,G2,Yoru,0.95,187.0,13,14,6,-1,68.0,115.0,13.0,3.0,4.0,-1.0,SEN,9,G2,13,1,0.555,0.334,0.889
Split,JonahP,G2,Breach,0.86,107.0,9,12,11,-3,68.0,62.0,20.0,2.0,0.0,2.0,SEN,9,G2,13,1,0.422,0.403,0.824
Pearl,johnqt,SEN,Tejo,1.57,241.0,22,12,4,10,74.0,158.0,29.0,1.0,1.0,0.0,SEN,13,G2,10,1,0.785,0.395,1.18
Pearl,Zellsis,SEN,Vyse,1.12,264.0,21,18,8,3,70.0,178.0,25.0,2.0,3.0,-1.0,SEN,13,G2,10,1,0.752,0.378,1.13
Pearl,bang,SEN,Astra,1.0,239.0,20,18,4,2,70.0,144.0,35.0,4.0,4.0,0.0,SEN,13,G2,10,1,0.713,0.329,1.042
Pearl,N4RRATE,SEN,Fade,0.65,113.0,6,16,11,-10,70.0,88.0,16.0,0.0,2.0,-2.0,SEN,13,G2,10,1,0.358,0.331,0.689
Pearl,zekken,SEN,Yoru,0.55,126.0,11,18,4,-7,57.0,80.0,21.0,3.0,3.0,0.0,SEN,13,G2,10,1,0.405,0.26,0.664
Pearl,trent,G2,Tejo,1.19,198.0,17,14,5,3,74.0,146.0,35.0,5.0,2.0,3.0,SEN,13,G2,10,0,0.716,0.389,1.105
Pearl,jawgemo,G2,Yoru,1.19,257.0,20,15,8,5,70.0,167.0,22.0,4.0,3.0,1.0,SEN,13,G2,10,0,0.785,0.403,1.188
Pearl,JonahP,G2,Fade,1.1,234.0,19,17,10,2,74.0,137.0,26.0,0.0,4.0,-4.0,SEN,13,G2,10,0,0.671,0.381,1.052
Pearl,valyn,G2,Astra,0.91,164.0,14,16,2,-2,65.0,122.0,24.0,1.0,1.0,0.0,SEN,13,G2,10,0,0.522,0.309,0.831
Pearl,leaf,G2,Vyse,0.74,154.0,12,18,6,-6,74.0,91.0,28.0,3.0,0.0,3.0,SEN,13,G2,10,0,0.46,0.371,0.83
Ascent,bang,SEN,Omen,1.11,243.0,17,18,11,-1,74.0,155.0,41.0,2.0,1.0,1.0,SEN,10,G2,13,0,0.667,0.421,1.088
Ascent,N4RRATE,SEN,Tejo,1.09,229.0,18,17,7,1,78.0,175.0,24.0,4.0,1.0,3.0,SEN,10,G2,13,0,0.7,0.416,1.116
Ascent,zekken,SEN,Jett,0.98,239.0,20,19,2,1,74.0,155.0,24.0,4.0,3.0,1.0,SEN,10,G2,13,0,0.689,0.331,1.02
Ascent,Zellsis,SEN,Vyse,0.79,154.0,12,18,6,-6,61.0,103.0,23.0,2.0,0.0,2.0,SEN,10,G2,13,0,0.451,0.35,0.801
Ascent,johnqt,SEN,Kayo,0.69,116.0,8,16,12,-8,57.0,77.0,13.0,2.0,4.0,-2.0,SEN,10,G2,13,0,0.371,0.313,0.684
Ascent,trent,G2,Tejo,1.56,267.0,23,13,12,10,87.0,195.0,22.0,1.0,0.0,1.0,SEN,10,G2,13,1,0.81,0.49,1.3
Ascent,leaf,G2,Vyse,1.26,235.0,20,15,8,5,83.0,162.0,30.0,2.0,2.0,0.0,SEN,10,G2,13,1,0.774,0.423,1.198
Ascent,jawgemo,G2,Waylay,1.04,220.0,18,17,5,1,78.0,147.0,24.0,4.0,9.0,-5.0,SEN,10,G2,13,1,0.672,0.337,1.009
Ascent,JonahP,G2,Kayo,0.98,183.0,12,15,18,-3,83.0,107.0,13.0,1.0,2.0,-1.0,SEN,10,G2,13,1,0.486,0.396,0.883
Ascent,valyn,G2,Omen,0.96,162.0,15,15,8,0,78.0,99.0,29.0,1.0,1.0,0.0,SEN,10,G2,13,1,0.552,0.392,0.944
Ascent,zekken,SEN,Jett,1.58,305.0,24,14,5,10,82.0,185.0,21.0,7.0,5.0,2.0,SEN,13,C9,9,1,0.845,0.428,1.273
Ascent,johnqt,SEN,Kayo,1.11,222.0,17,14,13,3,86.0,150.0,37.0,0.0,0.0,0.0,SEN,13,C9,9,1,0.694,0.442,1.136
Ascent,Zellsis,SEN,Vyse,1.11,189.0,16,13,7,3,82.0,129.0,29.0,2.0,2.0,0.0,SEN,13,C9,9,1,0.665,0.395,1.06
Ascent,N4RRATE,SEN,Tejo,1.07,245.0,18,15,8,3,82.0,168.0,22.0,2.0,1.0,1.0,SEN,13,C9,9,1,0.713,0.419,1.132
Ascent,bang,SEN,Omen,0.93,182.0,15,14,10,1,82.0,107.0,28.0,1.0,2.0,-1.0,SEN,13,C9,9,1,0.578,0.389,0.967
Ascent,mitch,C9,Sova,1.58,275.0,23,15,5,8,73.0,176.0,25.0,4.0,1.0,3.0,SEN,13,C9,9,0,0.838,0.426,1.264
Ascent,v1c,C9,Omen,0.79,155.0,10,18,11,-8,59.0,109.0,39.0,0.0,0.0,0.0,SEN,13,C9,9,0,0.451,0.363,0.814
Ascent,OXY,C9,Yoru,0.79,161.0,14,18,9,-4,68.0,108.0,28.0,1.0,6.0,-5.0,SEN,13,C9,9,0,0.474,0.338,0.812
Ascent,Xeppaa,C9,Vyse,0.7,159.0,11,19,5,-8,59.0,121.0,33.0,1.0,1.0,0.0,SEN,13,C9,9,0,0.449,0.299,0.749
Ascent,neT,C9,Deadlock,0.62,167.0,12,20,5,-8,64.0,102.0,25.0,4.0,4.0,0.0,SEN,13,C9,9,0,0.456,0.29,0.747
Pearl,bang,SEN,Astra,1.43,274.0,21,14,10,7,82.0,167.0,25.0,3.0,1.0,2.0,SEN,13,C9,9,1,0.828,0.477,1.305
Pearl,zekken,SEN,Yoru,1.12,244.0,21,18,4,3,82.0,153.0,33.0,3.0,3.0,0.0,SEN,13,C9,9,1,0.751,0.362,1.113
Pearl,johnqt,SEN,Tejo,0.96,191.0,16,14,3,2,86.0,149.0,13.0,3.0,0.0,3.0,SEN,13,C9,9,1,0.639,0.381,1.02
Pearl,Zellsis,SEN,Vyse,0.94,161.0,13,14,5,-1,73.0,100.0,18.0,1.0,5.0,-4.0,SEN,13,C9,9,1,0.51,0.318,0.828
Pearl,N4RRATE,SEN,Fade,0.81,155.0,11,17,16,-6,73.0,93.0,31.0,2.0,2.0,0.0,SEN,13,C9,9,1,0.453,0.37,0.823
Pearl,v1c,C9,Astra,1.07,178.0,16,15,6,1,95.0,123.0,41.0,3.0,2.0,1.0,SEN,13,C9,9,0,0.651,0.409,1.06
Pearl,Xeppaa,C9,Yoru,1.03,224.0,16,17,10,-1,77.0,154.0,38.0,1.0,2.0,-1.0,SEN,13,C9,9,0,0.626,0.391,1.017
Pearl,OXY,C9,Jett,0.98,220.0,16,16,2,0,73.0,145.0,35.0,3.0,3.0,0.0,SEN,13,C9,9,0,0.654,0.321,0.975
Pearl,mitch,C9,Sova,0.76,155.0,12,17,5,-5,73.0,108.0,20.0,1.0,3.0,-2.0,SEN,13,C9,9,0,0.432,0.303,0.735
Pearl,neT,C9,Cypher,0.58,147.0,12,17,2,-5,68.0,88.0,26.0,2.0,1.0,1.0,SEN,13,C9,9,0,0.42,0.288,0.708
Split,trent,G2,Tejo,1.94,251.0,18,5,6,13,94.0,174.0,31.0,1.0,0.0,1.0,G2,13,SEN,5,1,0.789,0.469,1.258
Split,valyn,G2,Omen,1.49,262.0,18,10,8,8,89.0,181.0,27.0,0.0,3.0,-3.0,G2,13,SEN,5,1,0.794,0.434,1.228
Split,leaf,G2,Viper,1.08,223.0,14,12,4,2,72.0,130.0,22.0,4.0,4.0,0.0,G2,13,SEN,5,1,0.66,0.341,1.002
Split,jawgemo,G2,Yoru,1.06,221.0,13,13,8,0,89.0,154.0,25.0,2.0,3.0,-1.0,G2,13,SEN,5,1,0.628,0.403,1.031
Split,JonahP,G2,Breach,1.04,147.0,11,9,7,2,89.0,109.0,27.0,0.0,1.0,-1.0,G2,13,SEN,5,1,0.569,0.399,0.968
Split,zekken,SEN,Yoru,1.02,209.0,13,13,4,0,78.0,126.0,28.0,5.0,1.0,4.0,G2,13,SEN,5,0,0.618,0.376,0.994
Split,johnqt,SEN,Tejo,0.8,176.0,12,14,5,-2,72.0,117.0,31.0,0.0,0.0,0.0,G2,13,SEN,5,0,0.512,0.341,0.854
Split,N4RRATE,SEN,Breach,0.64,158.0,9,17,10,-8,78.0,106.0,32.0,2.0,4.0,-2.0,G2,13,SEN,5,0,0.437,0.343,0.78
Split,bang,SEN,Omen,0.56,136.0,8,15,5,-7,72.0,103.0,31.0,2.0,0.0,2.0,G2,13,SEN,5,0,0.41,0.333,0.743
Split,Zellsis,SEN,Viper,0.55,133.0,7,15,1,-8,61.0,98.0,14.0,2.0,2.0,0.0,G2,13,SEN,5,0,0.375,0.255,0.63
Icebox,leaf,G2,Killjoy,1.26,288.0,24,18,2,6,75.0,189.0,29.0,3.0,0.0,3.0,G2,11,SEN,13,0,0.836,0.394,1.23
Icebox,trent,G2,Tejo,1.15,232.0,19,15,6,4,75.0,154.0,16.0,3.0,3.0,0.0,G2,11,SEN,13,0,0.731,0.376,1.107
Icebox,valyn,G2,Harbor,0.82,164.0,15,17,2,-2,58.0,105.0,38.0,2.0,3.0,-1.0,G2,11,SEN,13,0,0.538,0.27,0.808
Icebox,JonahP,G2,Viper,0.71,138.0,11,17,3,-6,67.0,89.0,20.0,4.0,3.0,1.0,G2,11,SEN,13,0,0.432,0.291,0.723
Icebox,jawgemo,G2,Gekko,0.62,117.0,9,18,9,-9,75.0,86.0,18.0,0.0,3.0,-3.0,G2,11,SEN,13,0,0.368,0.332,0.699
Icebox,Zellsis,SEN,Killjoy,1.37,241.0,20,14,7,6,75.0,169.0,36.0,5.0,2.0,3.0,G2,11,SEN,13,1,0.816,0.432,1.248
Icebox,bang,SEN,Viper,1.36,288.0,22,16,8,6,75.0,180.0,32.0,4.0,3.0,1.0,G2,11,SEN,13,1,0.844,0.429,1.274
Icebox,johnqt,SEN,Tejo,1.07,210.0,16,16,7,0,71.0,161.0,23.0,1.0,1.0,0.0,G2,11,SEN,13,1,0.624,0.381,1.005
Icebox,N4RRATE,SEN,Gekko,0.88,161.0,15,14,2,1,50.0,121.0,20.0,1.0,5.0,-4.0,G2,11,SEN,13,1,0.56,0.25,0.81
Icebox,zekken,SEN,Omen,0.81,135.0,12,18,16,-6,71.0,88.0,23.0,1.0,1.0,0.0,G2,11,SEN,13,1,0.419,0.376,0.795
Ascent,trent,G2,Tejo,1.22,262.0,20,17,11,3,79.0,178.0,22.0,1.0,1.0,0.0,G2,11,SEN,13,0,0.738,0.433,1.171
Ascent,leaf,G2,Vyse,1.12,195.0,19,14,5,5,67.0,114.0,18.0,1.0,0.0,1.0,G2,11,SEN,13,0,0.672,0.375,1.048
Ascent,valyn,G2,Omen,1.02,235.0,21,17,8,4,75.0,139.0,33.0,3.0,5.0,-2.0,G2,11,SEN,13,0,0.742,0.367,1.109
Ascent,jawgemo,G2,Waylay,0.97,187.0,15,15,6,0,75.0,119.0,10.0,5.0,7.0,-2.0,G2,11,SEN,13,0,0.578,0.34,0.917
Ascent,JonahP,G2,Kayo,0.86,139.0,9,15,18,-6,79.0,85.0,13.0,0.0,1.0,-1.0,G2,11,SEN,13,0,0.394,0.386,0.78
Ascent,bang,SEN,Omen,1.38,218.0,21,13,7,8,75.0,131.0,39.0,1.0,2.0,-1.0,G2,11,SEN,13,1,0.759,0.403,1.162
Ascent,johnqt,SEN,Kayo,1.08,182.0,15,16,12,-1,75.0,120.0,24.0,1.0,0.0,1.0,G2,11,SEN,13,1,0.567,0.429,0.996
Ascent,zekken,SEN,Jett,1.04,200.0,17,16,4,1,75.0,127.0,26.0,6.0,6.0,0.0,G2,11,SEN,13,1,0.647,0.342,0.989
Ascent,Zellsis,SEN,Vyse,0.89,170.0,13,19,11,-6,75.0,115.0,15.0,2.0,0.0,2.0,G2,11,SEN,13,1,0.469,0.417,0.887
Ascent,N4RRATE,SEN,Tejo,0.62,162.0,12,20,7,-8,63.0,102.0,25.0,4.0,2.0,2.0,G2,11,SEN,13,1,0.454,0.328,0.782
Fracture,zander,100T,Brimstone,2.24,386.0,28,7,8,21,94.0,228.0,23.0,5.0,1.0,4.0,100T,13,NRG,5,1,0.852,0.495,1.347
Fracture,Cryocells,100T,Chamber,1.45,185.0,15,8,3,7,89.0,146.0,26.0,2.0,1.0,1.0,100T,13,NRG,5,1,0.732,0.415,1.147
Fracture,Boostio,100T,Breach,1.3,204.0,14,10,16,4,89.0,138.0,28.0,0.0,0.0,0.0,100T,13,NRG,5,1,0.688,0.467,1.155
Fracture,Asuna,100T,Neon,0.97,246.0,15,15,11,0,78.0,150.0,29.0,5.0,2.0,3.0,100T,13,NRG,5,1,0.657,0.417,1.074
Fracture,eeiu,100T,Tejo,0.71,120.0,7,13,11,-6,94.0,96.0,14.0,0.0,2.0,-2.0,100T,13,NRG,5,1,0.369,0.377,0.747
Fracture,mada,NRG,Raze,1.05,231.0,14,15,6,-1,78.0,168.0,15.0,2.0,6.0,-4.0,100T,13,NRG,5,0,0.615,0.349,0.963
Fracture,Ethan,NRG,Breach,0.89,147.0,10,14,5,-4,83.0,104.0,24.0,2.0,0.0,2.0,100T,13,NRG,5,0,0.466,0.386,0.852
Fracture,brawk,NRG,Tejo,0.73,199.0,12,17,5,-5,83.0,135.0,21.0,0.0,2.0,-2.0,100T,13,NRG,5,0,0.469,0.316,0.786
Fracture,FiNESSE,NRG,Cypher,0.73,187.0,10,15,7,-5,72.0,136.0,22.0,0.0,2.0,-2.0,100T,13,NRG,5,0,0.457,0.32,0.777
Fracture,s0m,NRG,Brimstone,0.46,140.0,7,18,10,-11,78.0,93.0,15.0,2.0,2.0,0.0,100T,13,NRG,5,0,0.37,0.344,0.715
Haven,zander,100T,Omen,1.69,275.0,26,13,6,13,88.0,179.0,30.0,2.0,0.0,2.0,100T,13,NRG,11,1,0.832,0.467,1.299
Haven,Asuna,100T,Neon,1.11,247.0,21,19,6,2,83.0,168.0,30.0,5.0,3.0,2.0,100T,13,NRG,11,1,0.743,0.402,1.145
Haven,eeiu,100T,Sova,1.06,147.0,14,14,6,0,79.0,99.0,10.0,0.0,0.0,0.0,100T,13,NRG,11,1,0.52,0.392,0.912
Haven,Cryocells,100T,Iso,0.9,180.0,15,16,7,-1,63.0,124.0,34.0,3.0,6.0,-3.0,100T,13,NRG,11,1,0.592,0.319,0.911
Haven,Boostio,100T,Cypher,0.63,138.0,10,19,5,-9,67.0,104.0,30.0,2.0,3.0,-1.0,100T,13,NRG,11,1,0.427,0.288,0.715
Haven,s0m,NRG,Omen,1.18,249.0,20,17,12,3,79.0,163.0,33.0,2.0,1.0,1.0,100T,13,NRG,11,0,0.747,0.437,1.184
Haven,Ethan,NRG,Breach,0.99,194.0,17,17,7,0,71.0,124.0,24.0,1.0,1.0,0.0,100T,13,NRG,11,0,0.59,0.373,0.962
Haven,brawk,NRG,Tejo,0.99,207.0,17,18,6,-1,71.0,143.0,16.0,2.0,1.0,1.0,100T,13,NRG,11,0,0.596,0.37,0.966
Haven,mada,NRG,Jett,0.89,210.0,18,18,2,0,58.0,148.0,26.0,6.0,5.0,1.0,100T,13,NRG,11,0,0.64,0.295,0.935
Haven,FiNESSE,NRG,Cypher,0.69,140.0,9,16,15,-7,63.0,87.0,9.0,1.0,4.0,-3.0,100T,13,NRG,11,0,0.37,0.319,0.689
Fracture,v1c,C9,Brimstone,1.38,255.0,21,16,9,5,82.0,163.0,41.0,2.0,1.0,1.0,C9,9,EG,13,0,0.815,0.463,1.278
Fracture,mitch,C9,Breach,0.89,161.0,10,15,13,-5,68.0,108.0,21.0,2.0,2.0,0.0,C9,9,EG,13,0,0.456,0.37,0.826
Fracture,neT,C9,Cypher,0.89,201.0,15,19,10,-4,77.0,138.0,15.0,0.0,0.0,0.0,C9,9,EG,13,0,0.508,0.404,0.912
Fracture,OXY,C9,Neon,0.73,204.0,15,20,4,-5,68.0,142.0,26.0,7.0,6.0,1.0,C9,9,EG,13,0,0.527,0.306,0.833
Fracture,Xeppaa,C9,Tejo,0.56,117.0,9,17,5,-8,59.0,78.0,9.0,0.0,2.0,-2.0,C9,9,EG,13,0,0.339,0.258,0.597
Fracture,yay,EG,Cypher,1.42,327.0,26,17,4,9,73.0,201.0,38.0,5.0,2.0,3.0,C9,9,EG,13,1,0.865,0.4,1.266
Fracture,supamen,EG,Brimstone,1.2,224.0,16,13,12,3,77.0,147.0,26.0,0.0,0.0,0.0,C9,9,EG,13,1,0.684,0.437,1.121
Fracture,icy,EG,Raze,1.17,283.0,23,18,5,5,86.0,176.0,20.0,4.0,5.0,-1.0,C9,9,EG,13,1,0.803,0.377,1.18
Fracture,Derrek,EG,Tejo,1.0,127.0,12,11,5,1,77.0,86.0,29.0,1.0,3.0,-2.0,C9,9,EG,13,1,0.532,0.335,0.867
Fracture,NaturE,EG,Breach,0.83,125.0,10,12,9,-2,77.0,82.0,18.0,1.0,1.0,0.0,C9,9,EG,13,1,0.441,0.388,0.829
Icebox,mitch,C9,Harbor,1.45,252.0,25,16,11,9,64.0,167.0,22.0,1.0,4.0,-3.0,C9,13,EG,15,0,0.785,0.401,1.186
Icebox,Xeppaa,C9,Sova,1.16,222.0,19,19,10,0,61.0,148.0,20.0,2.0,1.0,1.0,C9,13,EG,15,0,0.655,0.405,1.06
Icebox,OXY,C9,Jett,1.03,250.0,25,26,1,-1,68.0,158.0,34.0,7.0,6.0,1.0,C9,13,EG,15,0,0.689,0.327,1.016
Icebox,v1c,C9,Viper,0.68,131.0,13,21,3,-8,57.0,94.0,35.0,1.0,2.0,-1.0,C9,13,EG,15,0,0.427,0.254,0.681
Icebox,neT,C9,Killjoy,0.39,119.0,12,24,3,-12,54.0,77.0,33.0,2.0,2.0,0.0,C9,13,EG,15,0,0.398,0.237,0.636
Icebox,yay,EG,Jett,1.35,263.0,27,18,3,9,79.0,172.0,26.0,8.0,4.0,4.0,C9,13,EG,15,1,0.818,0.392,1.21
Icebox,icy,EG,Killjoy,1.34,267.0,28,18,3,10,71.0,181.0,35.0,3.0,4.0,-1.0,C9,13,EG,15,1,0.836,0.347,1.184
Icebox,Derrek,EG,Sova,0.93,192.0,19,17,4,2,71.0,130.0,26.0,0.0,0.0,0.0,C9,13,EG,15,1,0.628,0.342,0.97
Icebox,supamen,EG,Viper,0.81,159.0,16,19,9,-3,71.0,109.0,39.0,0.0,0.0,0.0,C9,13,EG,15,1,0.513,0.385,0.898
Icebox,NaturE,EG,Kayo,0.75,183.0,16,22,14,-6,68.0,125.0,25.0,4.0,5.0,-1.0,C9,13,EG,15,1,0.511,0.347,0.858
Haven,trent,G2,Tejo,2.16,318.0,20,5,9,15,94.0,215.0,49.0,0.0,0.0,0.0,G2,13,100T,4,1,0.848,0.494,1.341
Haven,valyn,G2,Astra,1.46,262.0,19,9,6,10,94.0,134.0,25.0,5.0,0.0,5.0,G2,13,100T,4,1,0.794,0.481,1.275
Haven,JonahP,G2,Breach,1.27,152.0,10,6,11,4,82.0,89.0,15.0,0.0,1.0,-1.0,G2,13,100T,4,1,0.59,0.434,1.025
Haven,jawgemo,G2,Yoru,0.91,188.0,10,11,8,-1,88.0,124.0,23.0,6.0,3.0,3.0,G2,13,100T,4,1,0.56,0.416,0.976
Haven,leaf,G2,Vyse,0.8,170.0,9,11,4,-2,65.0,117.0,9.0,2.0,0.0,2.0,G2,13,100T,4,1,0.476,0.335,0.811
Haven,eeiu,100T,Sova,1.5,280.0,16,11,1,5,71.0,199.0,38.0,1.0,3.0,-2.0,G2,13,100T,4,0,0.813,0.352,1.166
Haven,zander,100T,Omen,0.62,132.0,7,12,4,-5,65.0,80.0,28.0,2.0,3.0,-1.0,G2,13,100T,4,0,0.391,0.272,0.663
Haven,Asuna,100T,Neon,0.51,131.0,6,14,4,-8,65.0,87.0,11.0,1.0,3.0,-2.0,G2,13,100T,4,0,0.342,0.252,0.593
Haven,Cryocells,100T,Iso,0.5,131.0,8,15,3,-7,65.0,97.0,35.0,0.0,2.0,-2.0,G2,13,100T,4,0,0.387,0.239,0.627
Haven,Boostio,100T,Cypher,0.26,99.0,5,16,2,-11,53.0,69.0,30.0,0.0,2.0,-2.0,G2,13,100T,4,0,0.342,0.218,0.56
Split,jawgemo,G2,Yoru,1.23,268.0,22,18,5,4,62.0,167.0,20.0,5.0,2.0,3.0,G2,12,100T,14,0,0.781,0.373,1.154
Split,trent,G2,Tejo,1.04,192.0,16,16,7,0,77.0,131.0,34.0,0.0,2.0,-2.0,G2,12,100T,14,0,0.607,0.362,0.968
Split,leaf,G2,Viper,1.01,232.0,21,19,8,2,62.0,151.0,18.0,5.0,5.0,0.0,G2,12,100T,14,0,0.697,0.362,1.059
Split,JonahP,G2,Breach,0.84,167.0,16,19,7,-3,65.0,111.0,22.0,2.0,2.0,0.0,G2,12,100T,14,0,0.515,0.337,0.852
Split,valyn,G2,Omen,0.6,133.0,12,20,8,-8,65.0,88.0,18.0,1.0,2.0,-1.0,G2,12,100T,14,0,0.388,0.315,0.703
Split,zander,100T,Astra,1.26,210.0,18,15,10,3,85.0,132.0,32.0,1.0,2.0,-1.0,G2,12,100T,14,1,0.691,0.429,1.12
Split,Cryocells,100T,Sage,1.24,233.0,23,17,8,6,69.0,157.0,18.0,2.0,1.0,1.0,G2,12,100T,14,1,0.756,0.416,1.171
Split,Boostio,100T,Breach,1.1,189.0,16,17,8,-1,81.0,131.0,31.0,3.0,1.0,2.0,G2,12,100T,14,1,0.623,0.429,1.052
Split,eeiu,100T,Tejo,0.9,165.0,15,17,6,-2,69.0,114.0,29.0,1.0,1.0,0.0,G2,12,100T,14,1,0.527,0.349,0.876
Split,Asuna,100T,Raze,0.82,213.0,20,21,4,-1,58.0,138.0,23.0,6.0,8.0,-2.0,G2,12,100T,14,1,0.617,0.273,0.89
Pearl,leaf,G2,Vyse,1.4,290.0,29,21,14,8,80.0,192.0,21.0,10.0,4.0,6.0,G2,16,100T,14,1,0.841,0.466,1.307
Pearl,trent,G2,Tejo,1.28,222.0,25,19,7,6,77.0,149.0,28.0,2.0,0.0,2.0,G2,16,100T,14,1,0.764,0.44,1.204
Pearl,valyn,G2,Astra,1.08,204.0,24,20,10,4,80.0,123.0,22.0,2.0,2.0,0.0,G2,16,100T,14,1,0.694,0.41,1.104
Pearl,jawgemo,G2,Yoru,0.98,216.0,22,22,12,0,73.0,134.0,24.0,4.0,4.0,0.0,G2,16,100T,14,1,0.654,0.388,1.042
Pearl,JonahP,G2,Fade,0.9,155.0,15,20,18,-5,80.0,105.0,20.0,1.0,1.0,0.0,G2,16,100T,14,1,0.459,0.4,0.859
Pearl,Cryocells,100T,Yoru,1.23,253.0,30,24,4,6,67.0,160.0,25.0,3.0,5.0,-2.0,G2,16,100T,14,0,0.792,0.331,1.123
Pearl,zander,100T,Astra,1.0,207.0,23,22,11,1,73.0,144.0,17.0,0.0,2.0,-2.0,G2,16,100T,14,0,0.633,0.373,1.006
Pearl,eeiu,100T,Fade,0.83,146.0,15,21,13,-6,67.0,104.0,55.0,1.0,3.0,-2.0,G2,16,100T,14,0,0.487,0.345,0.832
Pearl,Asuna,100T,Neon,0.77,197.0,18,25,11,-7,73.0,132.0,23.0,5.0,3.0,2.0,G2,16,100T,14,0,0.531,0.383,0.914
Pearl,Boostio,100T,Killjoy,0.63,159.0,16,23,2,-7,53.0,108.0,42.0,2.0,6.0,-4.0,G2,16,100T,14,0,0.481,0.229,0.71
Lotus,keznit,KRÜ,Neon,1.23,263.0,25,19,5,6,73.0,170.0,22.0,5.0,6.0,-1.0,KRU,12,EG,14,0,0.799,0.361,1.16
Lotus,Shyy,KRÜ,Vyse,1.19,241.0,22,19,9,3,88.0,152.0,21.0,3.0,0.0,3.0,KRU,12,EG,14,0,0.741,0.475,1.216
Lotus,Melser,KRÜ,Omen,1.02,172.0,17,17,11,0,88.0,107.0,18.0,0.0,2.0,-2.0,KRU,12,EG,14,0,0.562,0.4,0.962
Lotus,Mazino,KRÜ,Breach,0.82,160.0,14,20,17,-6,81.0,103.0,29.0,2.0,3.0,-1.0,KRU,12,EG,14,0,0.474,0.376,0.85
Lotus,adverso,KRÜ,Tejo,0.75,171.0,14,20,6,-6,81.0,113.0,18.0,2.0,3.0,-1.0,KRU,12,EG,14,0,0.463,0.335,0.798
Lotus,icy,EG,Raze,1.37,267.0,23,16,5,7,62.0,188.0,27.0,7.0,4.0,3.0,KRU,12,EG,14,1,0.834,0.388,1.222
Lotus,Derrek,EG,Tejo,1.28,220.0,21,15,11,6,81.0,160.0,39.0,0.0,0.0,0.0,KRU,12,EG,14,1,0.768,0.452,1.22
Lotus,NaturE,EG,Fade,1.04,219.0,20,21,12,-1,88.0,128.0,30.0,2.0,0.0,2.0,KRU,12,EG,14,1,0.631,0.455,1.086
Lotus,yay,EG,Clove,0.94,207.0,19,21,5,-2,77.0,136.0,35.0,4.0,6.0,-2.0,KRU,12,EG,14,1,0.621,0.329,0.95
Lotus,supamen,EG,Viper,0.55,138.0,12,20,3,-8,54.0,108.0,33.0,1.0,2.0,-1.0,KRU,12,EG,14,1,0.419,0.235,0.654
Icebox,Mazino,KRÜ,Harbor,1.21,263.0,23,18,6,5,79.0,169.0,28.0,2.0,6.0,-4.0,KRU,11,EG,13,0,0.789,0.367,1.157
Icebox,Shyy,KRÜ,Killjoy,1.19,215.0,22,15,3,7,79.0,144.0,21.0,3.0,1.0,2.0,KRU,11,EG,13,0,0.753,0.38,1.133
Icebox,keznit,KRÜ,Jett,1.13,216.0,17,17,8,0,71.0,142.0,15.0,4.0,2.0,2.0,KRU,11,EG,13,0,0.643,0.407,1.049
Icebox,adverso,KRÜ,Sova,0.99,182.0,15,15,9,0,71.0,128.0,30.0,1.0,2.0,-1.0,KRU,11,EG,13,0,0.585,0.377,0.962
Icebox,Melser,KRÜ,Viper,0.73,153.0,13,20,10,-7,92.0,119.0,25.0,1.0,2.0,-1.0,KRU,11,EG,13,0,0.447,0.385,0.832
Icebox,yay,EG,Jett,1.26,257.0,22,17,4,5,71.0,157.0,19.0,9.0,5.0,4.0,KRU,11,EG,13,1,0.786,0.38,1.166
Icebox,icy,EG,Killjoy,0.96,242.0,21,20,3,1,67.0,164.0,30.0,3.0,1.0,2.0,KRU,11,EG,13,1,0.707,0.335,1.042
Icebox,NaturE,EG,Kayo,0.86,170.0,16,18,10,-2,67.0,109.0,18.0,1.0,2.0,-1.0,KRU,11,EG,13,1,0.511,0.357,0.867
Icebox,supamen,EG,Viper,0.84,171.0,14,17,5,-3,79.0,113.0,46.0,0.0,1.0,-1.0,KRU,11,EG,13,1,0.523,0.339,0.862
Icebox,Derrek,EG,Sova,0.82,157.0,12,18,6,-6,71.0,120.0,50.0,0.0,2.0,-2.0,KRU,11,EG,13,1,0.483,0.317,0.8
Lotus,JonahP,G2,Breach,1.35,253.0,19,17,17,2,82.0,151.0,13.0,2.0,2.0,0.0,G2,9,EG,13,0,0.71,0.442,1.153
Lotus,jawgemo,G2,Yoru,1.17,298.0,22,17,2,5,77.0,179.0,31.0,5.0,2.0,3.0,G2,9,EG,13,0,0.823,0.369,1.192
Lotus,valyn,G2,Omen,0.84,169.0,12,16,10,-4,64.0,119.0,11.0,1.0,2.0,-1.0,G2,9,EG,13,0,0.454,0.35,0.803
Lotus,trent,G2,Tejo,0.81,193.0,16,19,5,-3,68.0,112.0,36.0,4.0,0.0,4.0,G2,9,EG,13,0,0.558,0.357,0.915
Lotus,leaf,G2,Viper,0.62,144.0,10,17,9,-7,55.0,101.0,18.0,0.0,4.0,-4.0,G2,9,EG,13,0,0.395,0.298,0.693
Lotus,supamen,EG,Viper,1.26,245.0,19,15,7,4,68.0,163.0,46.0,2.0,3.0,-1.0,G2,9,EG,13,1,0.778,0.378,1.157
Lotus,yay,EG,Clove,1.2,310.0,25,20,6,5,73.0,209.0,52.0,1.0,3.0,-2.0,G2,9,EG,13,1,0.826,0.361,1.187
Lotus,NaturE,EG,Fade,1.06,186.0,14,14,6,0,73.0,129.0,24.0,0.0,0.0,0.0,G2,9,EG,13,1,0.583,0.381,0.964
Lotus,Derrek,EG,Tejo,1.04,170.0,14,14,5,0,73.0,111.0,25.0,2.0,0.0,2.0,G2,9,EG,13,1,0.577,0.385,0.963
Lotus,icy,EG,Raze,0.8,193.0,14,17,5,-3,59.0,115.0,21.0,5.0,6.0,-1.0,G2,9,EG,13,1,0.53,0.292,0.822
Split,leaf,G2,Viper,1.78,386.0,28,12,6,16,90.0,209.0,19.0,5.0,3.0,2.0,G2,13,EG,7,1,0.846,0.452,1.298
Split,trent,G2,Tejo,1.36,219.0,16,10,6,6,90.0,168.0,32.0,1.0,0.0,1.0,G2,13,EG,7,1,0.75,0.45,1.201
Split,jawgemo,G2,Yoru,1.05,249.0,18,15,1,3,80.0,151.0,23.0,4.0,3.0,1.0,G2,13,EG,7,1,0.718,0.349,1.067
Split,JonahP,G2,Breach,0.97,184.0,13,12,8,1,75.0,116.0,19.0,0.0,2.0,-2.0,G2,13,EG,7,1,0.567,0.362,0.929
Split,valyn,G2,Omen,0.74,119.0,8,12,12,-4,75.0,74.0,16.0,1.0,1.0,0.0,G2,13,EG,7,1,0.381,0.375,0.756
Split,icy,EG,Raze,1.35,302.0,20,17,1,3,75.0,189.0,21.0,3.0,2.0,1.0,G2,13,EG,7,0,0.801,0.372,1.173
Split,Derrek,EG,Tejo,0.89,183.0,13,15,3,-2,70.0,124.0,36.0,2.0,1.0,1.0,G2,13,EG,7,0,0.555,0.324,0.88
Split,yay,EG,Astra,0.87,197.0,15,17,6,-2,65.0,121.0,37.0,2.0,2.0,0.0,G2,13,EG,7,0,0.568,0.329,0.898
Split,supamen,EG,Viper,0.58,138.0,8,17,5,-9,60.0,85.0,29.0,2.0,4.0,-2.0,G2,13,EG,7,0,0.399,0.262,0.661
Split,NaturE,EG,Breach,0.33,76.0,5,17,7,-12,70.0,48.0,25.0,0.0,2.0,-2.0,G2,13,EG,7,0,0.331,0.291,0.622
Pearl,leaf,G2,Vyse,1.38,248.0,21,12,7,9,83.0,162.0,24.0,2.0,3.0,-1.0,G2,13,EG,11,1,0.79,0.416,1.206
Pearl,trent,G2,Tejo,1.34,233.0,23,14,5,9,79.0,154.0,25.0,2.0,4.0,-2.0,G2,13,EG,11,1,0.775,0.374,1.149
Pearl,valyn,G2,Astra,1.11,211.0,20,17,6,3,75.0,135.0,27.0,0.0,0.0,0.0,G2,13,EG,11,1,0.68,0.39,1.071
Pearl,JonahP,G2,Fade,1.01,174.0,13,16,15,-3,75.0,113.0,16.0,0.0,3.0,-3.0,G2,13,EG,11,1,0.499,0.373,0.872
Pearl,jawgemo,G2,Yoru,0.62,200.0,15,22,7,-7,75.0,125.0,16.0,7.0,3.0,4.0,G2,13,EG,11,1,0.487,0.352,0.84
Pearl,supamen,EG,Astra,1.3,214.0,19,15,8,4,67.0,132.0,51.0,2.0,0.0,2.0,G2,13,EG,11,0,0.752,0.436,1.189
Pearl,yay,EG,Jett,0.95,222.0,18,19,4,-1,54.0,143.0,29.0,6.0,3.0,3.0,G2,13,EG,11,0,0.637,0.319,0.956
Pearl,NaturE,EG,Vyse,0.83,165.0,13,17,7,-4,71.0,104.0,20.0,1.0,3.0,-2.0,G2,13,EG,11,0,0.461,0.329,0.791
Pearl,Derrek,EG,Tejo,0.83,185.0,14,19,7,-5,58.0,129.0,28.0,0.0,1.0,-1.0,G2,13,EG,11,0,0.488,0.325,0.814
Pearl,icy,EG,Yoru,0.66,198.0,17,22,4,-5,63.0,140.0,26.0,4.0,4.0,0.0,G2,13,EG,11,0,0.525,0.281,0.806
Haven,xenom,MIBR,Omen,1.38,245.0,20,12,9,8,78.0,170.0,33.0,1.0,1.0,0.0,MIBR,13,G2,10,1,0.786,0.448,1.234
Haven,artzin,MIBR,Breach,1.26,256.0,20,14,12,6,70.0,170.0,34.0,2.0,3.0,-1.0,MIBR,13,G2,10,1,0.795,0.404,1.199
Haven,aspas,MIBR,Jett,1.01,174.0,14,13,3,1,78.0,101.0,41.0,4.0,2.0,2.0,MIBR,13,G2,10,1,0.619,0.35,0.969
Haven,Verno,MIBR,Tejo,0.95,163.0,14,13,3,1,65.0,123.0,25.0,0.0,1.0,-1.0,MIBR,13,G2,10,1,0.572,0.305,0.877
Haven,cortezia,MIBR,Cypher,0.62,151.0,14,18,3,-4,70.0,99.0,24.0,4.0,5.0,-1.0,MIBR,13,G2,10,1,0.47,0.269,0.739
Haven,leaf,G2,Vyse,1.11,232.0,18,18,5,0,74.0,160.0,22.0,5.0,0.0,5.0,MIBR,13,G2,10,0,0.676,0.399,1.075
Haven,valyn,G2,Astra,1.09,217.0,18,16,7,2,65.0,144.0,47.0,3.0,3.0,0.0,MIBR,13,G2,10,0,0.716,0.364,1.08
Haven,jawgemo,G2,Yoru,1.05,183.0,16,16,2,0,70.0,140.0,34.0,2.0,4.0,-2.0,MIBR,13,G2,10,0,0.624,0.306,0.931
Haven,trent,G2,Tejo,0.93,156.0,10,14,12,-4,74.0,115.0,20.0,0.0,3.0,-3.0,MIBR,13,G2,10,0,0.461,0.363,0.824
Haven,JonahP,G2,Breach,0.68,123.0,8,18,7,-10,70.0,82.0,10.0,2.0,1.0,1.0,MIBR,13,G2,10,0,0.37,0.347,0.717
Lotus,aspas,MIBR,Neon,1.41,305.0,30,20,5,10,75.0,187.0,24.0,10.0,5.0,5.0,MIBR,13,G2,15,0,0.845,0.414,1.258
Lotus,Verno,MIBR,Tejo,1.05,197.0,19,18,6,1,86.0,139.0,25.0,1.0,0.0,1.0,MIBR,13,G2,15,0,0.633,0.411,1.043
Lotus,artzin,MIBR,Breach,0.96,200.0,17,23,16,-6,79.0,134.0,24.0,1.0,1.0,0.0,MIBR,13,G2,15,0,0.521,0.405,0.926
Lotus,xenom,MIBR,Viper,0.86,214.0,21,20,2,1,61.0,141.0,43.0,2.0,3.0,-1.0,MIBR,13,G2,15,0,0.668,0.28,0.947
Lotus,cortezia,MIBR,Omen,0.66,135.0,15,22,5,-7,71.0,84.0,41.0,4.0,1.0,3.0,MIBR,13,G2,15,0,0.466,0.337,0.803
Lotus,trent,G2,Tejo,1.66,301.0,28,17,12,11,89.0,196.0,27.0,2.0,1.0,1.0,MIBR,13,G2,15,1,0.842,0.485,1.327
Lotus,leaf,G2,Viper,1.05,238.0,24,23,7,1,79.0,149.0,31.0,3.0,5.0,-2.0,MIBR,13,G2,15,1,0.706,0.366,1.072
Lotus,jawgemo,G2,Yoru,0.91,200.0,21,19,6,2,71.0,126.0,26.0,4.0,5.0,-1.0,MIBR,13,G2,15,1,0.666,0.335,1.001
Lotus,valyn,G2,Omen,0.79,177.0,16,21,6,-5,71.0,125.0,23.0,1.0,6.0,-5.0,MIBR,13,G2,15,1,0.48,0.309,0.789
Lotus,JonahP,G2,Breach,0.73,158.0,14,22,14,-8,64.0,107.0,14.0,0.0,1.0,-1.0,MIBR,13,G2,15,1,0.429,0.347,0.776
Split,aspas,MIBR,Jett,1.45,269.0,21,15,4,6,61.0,159.0,30.0,6.0,6.0,0.0,MIBR,10,G2,13,0,0.829,0.362,1.191
Split,Verno,MIBR,Tejo,1.1,196.0,16,15,3,1,65.0,129.0,11.0,1.0,1.0,0.0,MIBR,10,G2,13,0,0.594,0.33,0.924
Split,cortezia,MIBR,Omen,0.71,180.0,14,19,5,-5,70.0,121.0,32.0,1.0,3.0,-2.0,MIBR,10,G2,13,0,0.473,0.292,0.765
Split,artzin,MIBR,Breach,0.61,141.0,10,19,9,-9,57.0,104.0,34.0,0.0,2.0,-2.0,MIBR,10,G2,13,0,0.416,0.305,0.721
Split,xenom,MIBR,Viper,0.32,71.0,6,16,3,-10,52.0,51.0,25.0,0.0,3.0,-3.0,MIBR,10,G2,13,0,0.331,0.212,0.543
Split,trent,G2,Tejo,1.3,227.0,18,11,10,7,91.0,161.0,24.0,2.0,1.0,1.0,MIBR,10,G2,13,1,0.757,0.47,1.227
Split,leaf,G2,Viper,1.21,245.0,20,15,5,5,78.0,171.0,30.0,2.0,1.0,1.0,MIBR,10,G2,13,1,0.78,0.394,1.174
Split,valyn,G2,Omen,1.04,199.0,18,14,5,4,74.0,125.0,31.0,1.0,4.0,-3.0,MIBR,10,G2,13,1,0.672,0.33,1.002
Split,jawgemo,G2,Yoru,1.03,218.0,17,15,6,2,78.0,141.0,26.0,6.0,2.0,4.0,MIBR,10,G2,13,1,0.679,0.39,1.069
Split,JonahP,G2,Breach,0.98,155.0,11,12,15,-1,83.0,83.0,17.0,4.0,0.0,4.0,MIBR,10,G2,13,1,0.52,0.445,0.965
Ascent,Verno,MIBR,Tejo,1.26,278.0,21,15,6,6,67.0,180.0,34.0,1.0,1.0,0.0,MIBR,8,G2,13,0,0.801,0.383,1.185
Ascent,xenom,MIBR,Omen,1.12,207.0,16,15,8,1,67.0,140.0,40.0,0.0,3.0,-3.0,MIBR,8,G2,13,0,0.65,0.36,1.01
Ascent,aspas,MIBR,Jett,0.87,178.0,13,16,3,-3,62.0,117.0,29.0,3.0,4.0,-1.0,MIBR,8,G2,13,0,0.538,0.282,0.82
Ascent,cortezia,MIBR,Vyse,0.61,184.0,14,18,4,-4,62.0,123.0,27.0,2.0,2.0,0.0,MIBR,8,G2,13,0,0.489,0.275,0.764
Ascent,artzin,MIBR,Kayo,0.42,118.0,6,18,10,-12,57.0,80.0,14.0,0.0,5.0,-5.0,MIBR,8,G2,13,0,0.335,0.288,0.622
Ascent,valyn,G2,Omen,1.61,296.0,24,14,10,10,90.0,178.0,23.0,1.0,1.0,0.0,MIBR,8,G2,13,1,0.814,0.478,1.291
Ascent,leaf,G2,Vyse,1.51,343.0,25,14,9,11,90.0,206.0,24.0,4.0,2.0,2.0,MIBR,8,G2,13,1,0.853,0.486,1.339
Ascent,JonahP,G2,Kayo,1.01,162.0,11,13,19,-2,81.0,102.0,18.0,3.0,0.0,3.0,MIBR,8,G2,13,1,0.525,0.445,0.97
Ascent,trent,G2,Tejo,0.91,132.0,10,12,8,-2,67.0,96.0,24.0,3.0,2.0,1.0,MIBR,8,G2,13,1,0.501,0.368,0.869
Ascent,jawgemo,G2,Waylay,0.61,152.0,12,17,3,-5,71.0,76.0,19.0,4.0,1.0,3.0,MIBR,8,G2,13,1,0.422,0.309,0.731
Fracture,adverso,KRÜ,Tejo,0.86,176.0,9,13,3,-4,56.0,133.0,18.0,2.0,1.0,1.0,KRU,3,LOUD,13,0,0.482,0.298,0.78
Fracture,Melser,KRÜ,Brimstone,0.7,183.0,11,16,3,-5,69.0,99.0,13.0,2.0,1.0,1.0,KRU,3,LOUD,13,0,0.432,0.302,0.734
Fracture,keznit,KRÜ,Raze,0.6,172.0,8,15,5,-7,63.0,112.0,26.0,1.0,3.0,-2.0,KRU,3,LOUD,13,0,0.416,0.269,0.685
Fracture,Shyy,KRÜ,Vyse,0.56,120.0,7,14,1,-7,44.0,73.0,20.0,1.0,0.0,1.0,KRU,3,LOUD,13,0,0.348,0.255,0.603
Fracture,Mazino,KRÜ,Breach,0.22,103.0,5,16,3,-11,44.0,78.0,21.0,0.0,5.0,-5.0,KRU,3,LOUD,13,0,0.338,0.199,0.537
Fracture,cauanzin,LOUD,Tejo,1.79,290.0,18,6,7,12,88.0,203.0,31.0,3.0,1.0,2.0,KRU,3,LOUD,13,1,0.849,0.469,1.318
Fracture,dgzin,LOUD,Neon,1.53,276.0,17,9,5,8,94.0,167.0,29.0,2.0,0.0,2.0,KRU,3,LOUD,13,1,0.805,0.466,1.271
Fracture,pANcada,LOUD,Brimstone,1.49,217.0,11,7,11,4,100.0,155.0,29.0,2.0,2.0,0.0,KRU,3,LOUD,13,1,0.726,0.485,1.211
Fracture,tuyz,LOUD,Cypher,1.39,243.0,13,6,12,7,100.0,158.0,18.0,2.0,2.0,0.0,KRU,3,LOUD,13,1,0.741,0.477,1.217
Fracture,v1nny,LOUD,Breach,1.17,232.0,15,12,12,3,88.0,145.0,30.0,1.0,1.0,0.0,KRU,3,LOUD,13,1,0.684,0.442,1.127
Haven,keznit,KRÜ,Yoru,1.87,350.0,20,9,6,11,87.0,219.0,25.0,6.0,1.0,5.0,KRU,13,LOUD,2,0,0.85,0.461,1.311
Haven,Mazino,KRÜ,Breach,1.58,253.0,14,8,10,6,100.0,175.0,23.0,1.0,0.0,1.0,KRU,13,LOUD,2,0,0.762,0.512,1.274
Haven,Melser,KRÜ,Omen,1.56,262.0,14,6,9,8,93.0,139.0,25.0,2.0,1.0,1.0,KRU,13,LOUD,2,0,0.761,0.491,1.252
Haven,Shyy,KRÜ,Cypher,1.16,215.0,14,8,3,6,80.0,133.0,17.0,1.0,2.0,-1.0,KRU,13,LOUD,2,0,0.674,0.343,1.017
Haven,adverso,KRÜ,Tejo,0.9,134.0,7,7,3,0,93.0,87.0,6.0,0.0,1.0,-1.0,KRU,13,LOUD,2,0,0.449,0.347,0.796
Haven,pANcada,LOUD,Omen,1.1,239.0,12,13,5,-1,80.0,162.0,44.0,1.0,0.0,1.0,KRU,13,LOUD,2,0,0.634,0.395,1.029
Haven,dgzin,LOUD,Jett,0.87,231.0,11,14,2,-3,67.0,152.0,24.0,3.0,4.0,-1.0,KRU,13,LOUD,2,0,0.571,0.291,0.861
Haven,tuyz,LOUD,Cypher,0.58,131.0,7,13,2,-6,60.0,100.0,39.0,1.0,1.0,0.0,KRU,13,LOUD,2,0,0.398,0.266,0.664
Haven,cauanzin,LOUD,Sova,0.27,126.0,6,14,0,-8,47.0,82.0,20.0,0.0,3.0,-3.0,KRU,13,LOUD,2,0,0.35,0.204,0.554
Haven,v1nny,LOUD,Breach,0.1,50.0,2,15,4,-13,47.0,34.0,27.0,0.0,2.0,-2.0,KRU,13,LOUD,2,0,0.333,0.22,0.553
Split,Shyy,KRÜ,Viper,1.38,211.0,18,12,9,6,78.0,151.0,28.0,2.0,1.0,1.0,KRU,13,LOUD,10,0,0.757,0.457,1.213
Split,keznit,KRÜ,Jett,1.26,285.0,25,14,2,11,78.0,167.0,18.0,5.0,3.0,2.0,KRU,13,LOUD,10,0,0.804,0.376,1.181
Split,Melser,KRÜ,Omen,1.19,182.0,14,13,11,1,74.0,118.0,26.0,1.0,2.0,-1.0,KRU,13,LOUD,10,0,0.605,0.403,1.008
Split,Mazino,KRÜ,Breach,1.15,194.0,15,15,13,0,83.0,119.0,17.0,3.0,0.0,3.0,KRU,13,LOUD,10,0,0.613,0.463,1.076
Split,adverso,KRÜ,Tejo,0.89,221.0,16,18,7,-2,74.0,159.0,26.0,2.0,4.0,-2.0,KRU,13,LOUD,10,0,0.598,0.341,0.939
Split,cauanzin,LOUD,Tejo,0.99,215.0,16,16,4,0,61.0,152.0,19.0,2.0,5.0,-3.0,KRU,13,LOUD,10,0,0.621,0.292,0.913
Split,dgzin,LOUD,Raze,0.77,164.0,13,17,3,-4,57.0,107.0,32.0,2.0,2.0,0.0,KRU,13,LOUD,10,0,0.488,0.272,0.76
Split,pANcada,LOUD,Astra,0.77,186.0,16,19,4,-3,61.0,121.0,41.0,1.0,3.0,-2.0,KRU,13,LOUD,10,0,0.531,0.273,0.804
Split,v1nny,LOUD,Breach,0.76,149.0,11,17,4,-6,74.0,107.0,38.0,1.0,1.0,0.0,KRU,13,LOUD,10,0,0.447,0.32,0.767
Split,tuyz,LOUD,Viper,0.73,218.0,16,19,4,-3,57.0,149.0,19.0,4.0,2.0,2.0,KRU,13,LOUD,10,0,0.563,0.296,0.859
Haven,Zap,2G,Sova,1.11,182.0,17,15,5,2,75.0,123.0,14.0,0.0,0.0,0.0,2G,11,EG,13,0,0.61,0.379,0.989
Haven,gobera,2G,Cypher,1.06,231.0,20,18,2,2,58.0,160.0,35.0,5.0,2.0,3.0,2G,11,EG,13,0,0.726,0.326,1.052
Haven,Askia,2G,Yoru,1.01,229.0,19,19,5,0,63.0,165.0,28.0,3.0,2.0,1.0,2G,11,EG,13,0,0.68,0.338,1.018
Haven,lz,2G,Omen,0.82,168.0,15,18,12,-3,71.0,97.0,33.0,2.0,3.0,-1.0,2G,11,EG,13,0,0.514,0.359,0.873
Haven,silentzz,2G,Iso,0.66,208.0,18,23,3,-5,58.0,128.0,51.0,4.0,3.0,1.0,2G,11,EG,13,0,0.554,0.271,0.825
Haven,yay,EG,Cypher,1.33,276.0,25,16,0,9,79.0,183.0,32.0,3.0,2.0,1.0,2G,11,EG,13,1,0.837,0.377,1.214
Haven,NaturE,EG,Breach,1.28,241.0,20,18,17,2,92.0,146.0,19.0,0.0,3.0,-3.0,2G,11,EG,13,1,0.694,0.43,1.124
Haven,icy,EG,Waylay,0.91,217.0,19,20,5,-1,75.0,138.0,23.0,5.0,4.0,1.0,2G,11,EG,13,1,0.624,0.348,0.972
Haven,supamen,EG,Omen,0.91,182.0,16,18,7,-2,71.0,124.0,26.0,1.0,4.0,-3.0,2G,11,EG,13,1,0.543,0.333,0.877
Haven,Derrek,EG,Sova,0.9,175.0,13,17,11,-4,88.0,123.0,33.0,1.0,1.0,0.0,2G,11,EG,13,1,0.504,0.414,0.917
Lotus,Zap,2G,Sova,1.02,228.0,17,16,4,1,67.0,149.0,34.0,2.0,1.0,1.0,2G,8,EG,13,0,0.668,0.344,1.012
Lotus,silentzz,2G,Iso,0.93,238.0,16,19,3,-3,67.0,160.0,45.0,2.0,1.0,1.0,2G,8,EG,13,0,0.618,0.324,0.942
Lotus,Askia,2G,Raze,0.91,199.0,15,16,1,-1,57.0,147.0,33.0,2.0,4.0,-2.0,2G,8,EG,13,0,0.601,0.27,0.871
Lotus,gobera,2G,Cypher,0.91,175.0,13,13,2,0,62.0,117.0,38.0,2.0,2.0,0.0,2G,8,EG,13,0,0.581,0.295,0.877
Lotus,lz,2G,Omen,0.68,120.0,7,15,12,-8,57.0,76.0,26.0,1.0,4.0,-3.0,2G,8,EG,13,0,0.372,0.308,0.68
Lotus,NaturE,EG,Fade,1.19,222.0,17,13,8,4,67.0,129.0,22.0,3.0,1.0,2.0,2G,8,EG,13,1,0.715,0.416,1.13
Lotus,Derrek,EG,Tejo,1.15,179.0,13,11,6,2,76.0,123.0,38.0,4.0,2.0,2.0,2G,8,EG,13,1,0.658,0.395,1.052
Lotus,supamen,EG,Viper,1.12,211.0,15,14,6,1,71.0,145.0,27.0,1.0,1.0,0.0,2G,8,EG,13,1,0.635,0.375,1.01
Lotus,yay,EG,Clove,1.06,227.0,18,17,7,1,81.0,168.0,33.0,0.0,3.0,-3.0,2G,8,EG,13,1,0.673,0.366,1.039
Lotus,icy,EG,Raze,1.04,202.0,16,13,2,3,71.0,125.0,9.0,4.0,2.0,2.0,2G,8,EG,13,1,0.644,0.341,0.985
Pearl,Zellsis,SEN,Vyse,1.42,266.0,18,10,3,8,83.0,142.0,24.0,1.0,2.0,-1.0,SEN,13,100T,5,1,0.761,0.376,1.137
Pearl,johnqt,SEN,Tejo,1.42,230.0,16,9,3,7,83.0,156.0,17.0,3.0,1.0,2.0,SEN,13,100T,5,1,0.763,0.411,1.174
Pearl,N4RRATE,SEN,Fade,1.15,225.0,14,12,10,2,72.0,136.0,18.0,1.0,1.0,0.0,SEN,13,100T,5,1,0.637,0.414,1.05
Pearl,bang,SEN,Astra,1.01,170.0,11,12,10,-1,94.0,108.0,22.0,2.0,0.0,2.0,SEN,13,100T,5,1,0.539,0.462,1.001
Pearl,zekken,SEN,Yoru,0.99,213.0,13,12,8,1,67.0,136.0,29.0,2.0,5.0,-3.0,SEN,13,100T,5,1,0.625,0.346,0.971
Pearl,eeiu,100T,Fade,0.99,194.0,13,14,3,-1,78.0,123.0,36.0,0.0,0.0,0.0,SEN,13,100T,5,0,0.571,0.349,0.92
Pearl,Asuna,100T,Neon,0.94,210.0,13,15,6,-2,83.0,147.0,29.0,4.0,4.0,0.0,SEN,13,100T,5,0,0.595,0.367,0.962
Pearl,zander,100T,Astra,0.86,213.0,13,16,8,-3,89.0,137.0,37.0,2.0,0.0,2.0,SEN,13,100T,5,0,0.561,0.427,0.988
Pearl,Boostio,100T,Vyse,0.64,140.0,8,14,2,-6,50.0,97.0,22.0,2.0,2.0,0.0,SEN,13,100T,5,0,0.405,0.246,0.651
Pearl,Cryocells,100T,Yoru,0.63,129.0,8,13,5,-5,61.0,77.0,33.0,1.0,3.0,-2.0,SEN,13,100T,5,0,0.385,0.269,0.654
Haven,bang,SEN,Omen,1.38,242.0,18,13,8,5,64.0,155.0,40.0,2.0,2.0,0.0,SEN,9,100T,13,0,0.788,0.404,1.193
Haven,zekken,SEN,Yoru,0.9,214.0,15,18,4,-3,68.0,132.0,24.0,3.0,5.0,-2.0,SEN,9,100T,13,0,0.571,0.298,0.869
Haven,Zellsis,SEN,Cypher,0.82,163.0,12,16,2,-4,45.0,110.0,25.0,1.0,3.0,-2.0,SEN,9,100T,13,0,0.466,0.24,0.706
Haven,johnqt,SEN,Sova,0.61,118.0,8,18,3,-10,45.0,84.0,23.0,0.0,2.0,-2.0,SEN,9,100T,13,0,0.369,0.218,0.587
Haven,N4RRATE,SEN,Iso,0.6,135.0,9,18,8,-9,59.0,95.0,24.0,1.0,3.0,-2.0,SEN,9,100T,13,0,0.389,0.296,0.685
Haven,Cryocells,100T,Iso,1.6,276.0,24,11,10,13,91.0,179.0,32.0,4.0,0.0,4.0,SEN,9,100T,13,1,0.85,0.51,1.36
Haven,Asuna,100T,Neon,1.38,277.0,20,14,9,6,68.0,191.0,42.0,8.0,4.0,4.0,SEN,9,100T,13,1,0.855,0.444,1.298
Haven,eeiu,100T,Sova,1.23,218.0,18,11,4,7,77.0,141.0,26.0,0.0,0.0,0.0,SEN,9,100T,13,1,0.72,0.384,1.104
Haven,zander,100T,Omen,0.9,140.0,10,13,18,-3,73.0,81.0,16.0,1.0,1.0,0.0,SEN,9,100T,13,1,0.437,0.389,0.825
Haven,Boostio,100T,Cypher,0.76,151.0,11,13,3,-2,68.0,106.0,28.0,2.0,2.0,0.0,SEN,9,100T,13,1,0.496,0.289,0.785
Split,bang,SEN,Omen,1.64,254.0,13,5,4,8,86.0,155.0,43.0,1.0,1.0,0.0,SEN,13,100T,1,1,0.769,0.415,1.184
Split,Zellsis,SEN,Viper,1.63,266.0,15,4,3,11,86.0,165.0,21.0,2.0,1.0,1.0,SEN,13,100T,1,1,0.778,0.413,1.191
Split,johnqt,SEN,Tejo,1.61,247.0,14,6,6,8,100.0,170.0,25.0,1.0,0.0,1.0,SEN,13,100T,1,1,0.759,0.479,1.237
Split,N4RRATE,SEN,Breach,1.35,221.0,12,8,10,4,100.0,149.0,16.0,0.0,0.0,0.0,SEN,13,100T,1,1,0.682,0.491,1.173
Split,zekken,SEN,Yoru,1.13,253.0,12,9,5,3,71.0,151.0,20.0,4.0,4.0,0.0,SEN,13,100T,1,1,0.697,0.356,1.053
Split,Cryocells,100T,Sage,0.69,192.0,7,13,4,-6,64.0,139.0,18.0,0.0,0.0,0.0,SEN,13,100T,1,0,0.437,0.305,0.742
Split,eeiu,100T,Tejo,0.64,113.0,7,12,1,-5,57.0,70.0,25.0,1.0,1.0,0.0,SEN,13,100T,1,0,0.359,0.267,0.626
Split,Boostio,100T,Breach,0.53,145.0,7,13,4,-6,57.0,94.0,47.0,0.0,1.0,-1.0,SEN,13,100T,1,0,0.404,0.258,0.662
Split,Asuna,100T,Raze,0.49,163.0,6,15,3,-9,79.0,133.0,24.0,5.0,6.0,-1.0,SEN,13,100T,1,0,0.437,0.27,0.707
Split,zander,100T,Astra,0.38,103.0,5,13,3,-8,57.0,63.0,14.0,0.0,0.0,0.0,SEN,13,100T,1,0,0.316,0.261,0.577
Lotus,johnqt,SEN,Viper,1.19,205.0,15,12,5,3,80.0,135.0,23.0,0.0,0.0,0.0,SEN,7,KRU,13,0,0.658,0.396,1.054
Lotus,zekken,SEN,Raze,1.0,241.0,14,15,4,-1,75.0,159.0,23.0,5.0,6.0,-1.0,SEN,7,KRU,13,0,0.636,0.329,0.965
Lotus,bang,SEN,Omen,0.86,183.0,14,15,6,-1,60.0,118.0,29.0,2.0,3.0,-1.0,SEN,7,KRU,13,0,0.559,0.311,0.871
Lotus,Zellsis,SEN,Vyse,0.63,143.0,9,15,1,-6,45.0,99.0,23.0,1.0,3.0,-2.0,SEN,7,KRU,13,0,0.397,0.22,0.617
Lotus,N4RRATE,SEN,Fade,0.58,126.0,7,16,5,-9,70.0,84.0,15.0,0.0,0.0,0.0,SEN,7,KRU,13,0,0.352,0.314,0.667
Lotus,keznit,KRÜ,Yoru,1.44,261.0,19,12,9,7,75.0,157.0,31.0,5.0,3.0,2.0,SEN,7,KRU,13,0,0.814,0.457,1.272
Lotus,Mazino,KRÜ,Breach,1.36,237.0,17,12,10,5,80.0,156.0,36.0,1.0,1.0,0.0,SEN,7,KRU,13,0,0.761,0.449,1.21
Lotus,Shyy,KRÜ,Vyse,1.36,198.0,16,7,3,9,75.0,143.0,20.0,1.0,1.0,0.0,SEN,7,KRU,13,0,0.708,0.374,1.082
Lotus,Melser,KRÜ,Omen,1.0,193.0,14,15,8,-1,60.0,124.0,30.0,4.0,2.0,2.0,SEN,7,KRU,13,0,0.599,0.374,0.974
Lotus,adverso,KRÜ,Tejo,0.61,95.0,7,13,4,-6,60.0,73.0,22.0,1.0,1.0,0.0,SEN,7,KRU,13,0,0.345,0.28,0.626
Icebox,zekken,SEN,Jett,1.36,310.0,23,15,4,8,71.0,198.0,40.0,8.0,3.0,5.0,SEN,8,KRU,13,0,0.861,0.391,1.252
Icebox,N4RRATE,SEN,Sova,1.22,232.0,13,14,11,-1,81.0,187.0,19.0,1.0,1.0,0.0,SEN,8,KRU,13,0,0.633,0.436,1.069
Icebox,johnqt,SEN,Kayo,1.02,163.0,12,14,18,-2,86.0,99.0,26.0,0.0,1.0,-1.0,SEN,8,KRU,13,0,0.511,0.415,0.926
Icebox,bang,SEN,Viper,0.97,186.0,14,15,10,-1,71.0,129.0,39.0,1.0,2.0,-1.0,SEN,8,KRU,13,0,0.577,0.375,0.952
Icebox,Zellsis,SEN,Killjoy,0.42,84.0,7,15,3,-8,52.0,63.0,23.0,0.0,4.0,-4.0,SEN,8,KRU,13,0,0.328,0.212,0.54
Icebox,keznit,KRÜ,Jett,1.44,298.0,23,15,2,8,76.0,157.0,17.0,8.0,3.0,5.0,SEN,8,KRU,13,0,0.818,0.396,1.214
Icebox,Mazino,KRÜ,Harbor,1.41,268.0,23,14,2,9,67.0,168.0,24.0,0.0,1.0,-1.0,SEN,8,KRU,13,0,0.792,0.357,1.149
Icebox,Shyy,KRÜ,Killjoy,1.04,144.0,12,11,5,1,76.0,113.0,21.0,1.0,1.0,0.0,SEN,8,KRU,13,0,0.551,0.364,0.915
Icebox,Melser,KRÜ,Viper,0.77,142.0,8,14,11,-6,71.0,101.0,19.0,1.0,4.0,-3.0,SEN,8,KRU,13,0,0.403,0.341,0.743
Icebox,adverso,KRÜ,Sova,0.58,111.0,7,15,8,-8,62.0,83.0,13.0,1.0,1.0,0.0,SEN,8,KRU,13,0,0.341,0.325,0.666
Fracture,Cryocells,100T,Chamber,1.71,331.0,28,13,2,15,78.0,207.0,31.0,5.0,0.0,5.0,100T,13,EG,10,1,0.862,0.421,1.284
Fracture,eeiu,100T,Tejo,1.34,253.0,23,13,3,10,78.0,169.0,38.0,2.0,0.0,2.0,100T,13,EG,10,1,0.81,0.403,1.213
Fracture,zander,100T,Brimstone,0.9,165.0,13,16,11,-3,70.0,107.0,28.0,3.0,2.0,1.0,100T,13,EG,10,1,0.527,0.383,0.91
Fracture,Boostio,100T,Breach,0.89,164.0,13,16,7,-3,70.0,110.0,30.0,1.0,1.0,0.0,100T,13,EG,10,1,0.5,0.36,0.86
Fracture,Asuna,100T,Neon,0.6,138.0,10,18,5,-8,52.0,97.0,26.0,3.0,6.0,-3.0,100T,13,EG,10,1,0.429,0.246,0.676
Fracture,Derrek,EG,Tejo,1.19,246.0,20,16,6,4,70.0,161.0,24.0,1.0,0.0,1.0,100T,13,EG,10,0,0.734,0.399,1.133
Fracture,NaturE,EG,Breach,1.19,232.0,19,16,12,3,83.0,138.0,26.0,1.0,0.0,1.0,100T,13,EG,10,0,0.695,0.454,1.149
Fracture,supamen,EG,Brimstone,1.01,168.0,12,16,15,-4,65.0,125.0,26.0,3.0,4.0,-1.0,100T,13,EG,10,0,0.53,0.369,0.899
Fracture,icy,EG,Raze,0.7,198.0,15,21,4,-6,65.0,139.0,29.0,2.0,7.0,-5.0,100T,13,EG,10,0,0.508,0.268,0.776
Fracture,yay,EG,Killjoy,0.59,127.0,10,18,2,-8,52.0,84.0,21.0,2.0,3.0,-1.0,100T,13,EG,10,0,0.392,0.236,0.628
Haven,Cryocells,100T,Iso,1.8,357.0,26,13,7,13,85.0,230.0,32.0,2.0,0.0,2.0,100T,13,EG,7,1,0.849,0.473,1.322
Haven,eeiu,100T,Sova,1.55,234.0,17,10,9,7,95.0,164.0,33.0,1.0,0.0,1.0,100T,13,EG,7,1,0.773,0.504,1.276
Haven,zander,100T,Omen,0.75,145.0,11,15,9,-4,75.0,98.0,18.0,2.0,3.0,-1.0,100T,13,EG,7,1,0.442,0.358,0.8
Haven,Asuna,100T,Neon,0.73,159.0,12,15,4,-3,70.0,98.0,24.0,5.0,4.0,1.0,100T,13,EG,7,1,0.49,0.309,0.799
Haven,Boostio,100T,Cypher,0.58,141.0,11,16,3,-5,55.0,91.0,38.0,1.0,2.0,-1.0,100T,13,EG,7,1,0.414,0.24,0.654
Haven,yay,EG,Cypher,1.28,262.0,19,15,1,4,60.0,172.0,44.0,3.0,2.0,1.0,100T,13,EG,7,0,0.807,0.34,1.147
Haven,Derrek,EG,Sova,1.06,201.0,14,13,6,1,85.0,144.0,52.0,0.0,2.0,-2.0,100T,13,EG,7,0,0.646,0.366,1.012
Haven,NaturE,EG,Breach,0.89,192.0,12,16,12,-4,75.0,124.0,25.0,1.0,1.0,0.0,100T,13,EG,7,0,0.497,0.391,0.888
Haven,supamen,EG,Omen,0.77,184.0,13,17,6,-4,70.0,116.0,31.0,3.0,3.0,0.0,100T,13,EG,7,0,0.517,0.327,0.844
Haven,icy,EG,Waylay,0.68,159.0,11,16,2,-5,75.0,110.0,38.0,2.0,3.0,-1.0,100T,13,EG,7,0,0.461,0.284,0.744
Lotus,dgzin,LOUD,Neon,1.56,337.0,32,19,4,13,81.0,203.0,32.0,11.0,2.0,9.0,LOUD,12,2G,14,0,0.864,0.419,1.283
Lotus,pANcada,LOUD,Omen,1.26,200.0,19,16,11,3,81.0,128.0,33.0,2.0,2.0,0.0,LOUD,12,2G,14,0,0.704,0.431,1.136
Lotus,tuyz,LOUD,Cypher,0.72,96.0,10,15,2,-5,62.0,77.0,38.0,0.0,2.0,-2.0,LOUD,12,2G,14,0,0.394,0.258,0.651
Lotus,cauanzin,LOUD,Fade,0.7,164.0,13,20,8,-7,65.0,117.0,19.0,1.0,3.0,-2.0,LOUD,12,2G,14,0,0.439,0.317,0.756
Lotus,v1nny,LOUD,Breach,0.61,116.0,9,20,12,-11,69.0,79.0,24.0,0.0,3.0,-3.0,LOUD,12,2G,14,0,0.371,0.321,0.691
Lotus,lz,2G,Omen,1.21,264.0,25,18,4,7,81.0,162.0,52.0,4.0,3.0,1.0,LOUD,12,2G,14,1,0.826,0.379,1.205
Lotus,gobera,2G,Tejo,1.12,188.0,17,15,6,2,77.0,131.0,28.0,1.0,1.0,0.0,LOUD,12,2G,14,1,0.64,0.385,1.026
Lotus,Askia,2G,Yoru,1.0,192.0,18,16,3,2,62.0,133.0,34.0,5.0,4.0,1.0,LOUD,12,2G,14,1,0.673,0.313,0.986
Lotus,PxS,2G,Breach,0.94,166.0,14,17,11,-3,65.0,111.0,22.0,2.0,4.0,-2.0,LOUD,12,2G,14,1,0.516,0.353,0.869
Lotus,silentzz,2G,Vyse,0.89,189.0,16,17,6,-1,73.0,136.0,40.0,0.0,2.0,-2.0,LOUD,12,2G,14,1,0.584,0.328,0.912
Pearl,pANcada,LOUD,Astra,1.38,286.0,24,18,7,6,71.0,187.0,32.0,2.0,0.0,2.0,LOUD,11,2G,13,0,0.835,0.44,1.276
Pearl,cauanzin,LOUD,Tejo,1.12,220.0,18,19,8,-1,71.0,145.0,18.0,2.0,5.0,-3.0,LOUD,11,2G,13,0,0.625,0.367,0.992
Pearl,dgzin,LOUD,Yoru,1.02,224.0,19,17,5,2,58.0,131.0,22.0,5.0,5.0,0.0,LOUD,11,2G,13,0,0.678,0.323,1.001
Pearl,tuyz,LOUD,Vyse,0.86,163.0,15,17,5,-2,63.0,126.0,28.0,0.0,0.0,0.0,LOUD,11,2G,13,0,0.528,0.332,0.861
Pearl,v1nny,LOUD,Kayo,0.66,128.0,11,19,17,-8,79.0,87.0,24.0,0.0,5.0,-5.0,LOUD,11,2G,13,0,0.396,0.343,0.739
Pearl,gobera,2G,Tejo,1.21,253.0,21,17,7,4,88.0,168.0,27.0,2.0,0.0,2.0,LOUD,11,2G,13,1,0.767,0.451,1.218
Pearl,Askia,2G,Yoru,1.08,248.0,20,17,7,3,75.0,151.0,40.0,6.0,5.0,1.0,LOUD,11,2G,13,1,0.751,0.388,1.139
Pearl,silentzz,2G,Vyse,1.06,214.0,18,17,6,1,83.0,143.0,48.0,5.0,2.0,3.0,LOUD,11,2G,13,1,0.696,0.401,1.098
Pearl,PxS,2G,Fade,0.89,182.0,16,19,10,-3,79.0,124.0,45.0,2.0,1.0,1.0,LOUD,11,2G,13,1,0.563,0.406,0.97
Pearl,lz,2G,Astra,0.8,156.0,15,17,11,-2,83.0,98.0,24.0,0.0,1.0,-1.0,LOUD,11,2G,13,1,0.495,0.386,0.881
Haven,supamen,EG,Omen,0.98,173.0,11,13,4,-2,53.0,113.0,56.0,0.0,3.0,-3.0,EG,4,SEN,13,0,0.549,0.277,0.826
Haven,Derrek,EG,Sova,0.74,154.0,8,16,4,-8,59.0,118.0,28.0,1.0,0.0,1.0,EG,4,SEN,13,0,0.429,0.31,0.739
Haven,NaturE,EG,Breach,0.74,159.0,9,14,5,-5,65.0,117.0,56.0,0.0,1.0,-1.0,EG,4,SEN,13,0,0.465,0.305,0.771
Haven,icy,EG,Waylay,0.66,139.0,10,13,0,-3,47.0,81.0,42.0,3.0,3.0,0.0,EG,4,SEN,13,0,0.475,0.244,0.718
Haven,yay,EG,Cypher,0.56,165.0,8,15,3,-7,59.0,110.0,32.0,4.0,2.0,2.0,EG,4,SEN,13,0,0.445,0.27,0.715
Haven,N4RRATE,SEN,Sova,1.76,338.0,21,9,3,12,71.0,228.0,45.0,2.0,0.0,2.0,EG,4,SEN,13,1,0.863,0.405,1.268
Haven,bang,SEN,Omen,1.52,263.0,17,7,6,10,82.0,166.0,64.0,1.0,2.0,-1.0,EG,4,SEN,13,1,0.814,0.413,1.227
Haven,zekken,SEN,Neon,1.07,202.0,12,10,3,2,94.0,123.0,30.0,5.0,3.0,2.0,EG,4,SEN,13,1,0.646,0.383,1.029
Haven,johnqt,SEN,Breach,0.99,142.0,9,8,9,1,82.0,91.0,16.0,0.0,1.0,-1.0,EG,4,SEN,13,1,0.509,0.405,0.914
Haven,Zellsis,SEN,Cypher,0.88,188.0,12,12,2,0,65.0,130.0,26.0,1.0,2.0,-1.0,EG,4,SEN,13,1,0.559,0.288,0.847
Pearl,yay,EG,Yoru,0.87,239.0,15,18,1,-3,53.0,148.0,32.0,5.0,6.0,-1.0,EG,6,SEN,13,0,0.6,0.267,0.868
Pearl,icy,EG,Jett,0.86,155.0,11,14,1,-3,74.0,89.0,39.0,1.0,0.0,1.0,EG,6,SEN,13,0,0.48,0.337,0.817
Pearl,supamen,EG,Astra,0.72,163.0,11,15,4,-4,58.0,104.0,34.0,0.0,2.0,-2.0,EG,6,SEN,13,0,0.458,0.262,0.721
Pearl,NaturE,EG,Vyse,0.6,135.0,8,16,6,-8,63.0,90.0,22.0,2.0,3.0,-1.0,EG,6,SEN,13,0,0.394,0.289,0.682
Pearl,Derrek,EG,Tejo,0.48,116.0,7,15,4,-8,68.0,83.0,26.0,0.0,0.0,0.0,EG,6,SEN,13,0,0.354,0.29,0.644
Pearl,N4RRATE,SEN,Fade,1.51,268.0,18,10,14,8,89.0,173.0,14.0,2.0,1.0,1.0,EG,6,SEN,13,1,0.787,0.485,1.271
Pearl,johnqt,SEN,Tejo,1.35,247.0,16,10,6,6,79.0,174.0,20.0,1.0,2.0,-1.0,EG,6,SEN,13,1,0.751,0.395,1.146
Pearl,zekken,SEN,Yoru,1.31,287.0,21,13,2,8,68.0,191.0,40.0,5.0,4.0,1.0,EG,6,SEN,13,1,0.855,0.356,1.211
Pearl,Zellsis,SEN,Vyse,1.05,166.0,12,9,7,3,95.0,114.0,19.0,1.0,0.0,1.0,EG,6,SEN,13,1,0.591,0.437,1.028
Pearl,bang,SEN,Astra,0.98,153.0,11,10,13,1,79.0,86.0,40.0,2.0,1.0,1.0,EG,6,SEN,13,1,0.566,0.416,0.982
Haven,Cryocells,100T,Iso,1.14,230.0,14,14,7,0,68.0,158.0,18.0,2.0,0.0,2.0,100T,6,LOUD,13,0,0.637,0.41,1.047
Haven,eeiu,100T,Sova,0.95,185.0,12,15,4,-3,63.0,132.0,36.0,0.0,0.0,0.0,100T,6,LOUD,13,0,0.533,0.331,0.864
Haven,Asuna,100T,Neon,0.82,189.0,11,16,4,-5,47.0,122.0,24.0,1.0,5.0,-4.0,100T,6,LOUD,13,0,0.465,0.25,0.716
Haven,zander,100T,Omen,0.79,154.0,11,15,8,-4,68.0,95.0,18.0,1.0,5.0,-4.0,100T,6,LOUD,13,0,0.434,0.327,0.76
Haven,Boostio,100T,Cypher,0.59,137.0,9,16,3,-7,47.0,74.0,59.0,2.0,3.0,-1.0,100T,6,LOUD,13,0,0.428,0.228,0.656
Haven,cauanzin,LOUD,Tejo,1.39,193.0,14,7,4,7,74.0,132.0,25.0,1.0,1.0,0.0,100T,6,LOUD,13,1,0.699,0.387,1.086
Haven,lukxo,LOUD,Cypher,1.34,288.0,20,11,3,9,79.0,175.0,36.0,4.0,0.0,4.0,100T,6,LOUD,13,1,0.839,0.409,1.248
Haven,dgzin,LOUD,Neon,1.19,273.0,19,15,4,4,74.0,179.0,26.0,7.0,4.0,3.0,100T,6,LOUD,13,1,0.787,0.378,1.164
Haven,pANcada,LOUD,Omen,0.99,197.0,14,12,7,2,89.0,129.0,30.0,0.0,1.0,-1.0,100T,6,LOUD,13,1,0.618,0.394,1.013
Haven,v1nny,LOUD,Breach,0.81,155.0,9,12,13,-3,89.0,96.0,30.0,1.0,0.0,1.0,100T,6,LOUD,13,1,0.46,0.424,0.884
Icebox,Cryocells,100T,Jett,1.35,315.0,30,18,2,12,63.0,198.0,33.0,5.0,5.0,0.0,100T,13,LOUD,11,1,0.852,0.344,1.196
Icebox,Asuna,100T,Gekko,1.22,220.0,17,16,9,1,79.0,133.0,17.0,0.0,2.0,-2.0,100T,13,LOUD,11,1,0.637,0.406,1.043
Icebox,eeiu,100T,Sova,1.14,160.0,14,12,4,2,71.0,115.0,28.0,1.0,3.0,-2.0,100T,13,LOUD,11,1,0.605,0.329,0.933
Icebox,zander,100T,Viper,0.76,171.0,13,18,8,-5,75.0,116.0,24.0,3.0,2.0,1.0,100T,13,LOUD,11,1,0.486,0.365,0.851
Icebox,Boostio,100T,Killjoy,0.59,134.0,9,18,5,-9,58.0,96.0,9.0,2.0,1.0,1.0,100T,13,LOUD,11,1,0.377,0.295,0.672
Icebox,lukxo,LOUD,Killjoy,1.41,259.0,23,16,5,7,63.0,182.0,38.0,4.0,1.0,3.0,100T,13,LOUD,11,0,0.844,0.403,1.247
Icebox,pANcada,LOUD,Viper,1.36,215.0,19,13,3,6,79.0,163.0,31.0,1.0,2.0,-1.0,100T,13,LOUD,11,0,0.758,0.363,1.121
Icebox,cauanzin,LOUD,Sova,1.01,190.0,14,15,8,-1,71.0,129.0,18.0,2.0,2.0,0.0,100T,13,LOUD,11,0,0.57,0.377,0.947
Icebox,dgzin,LOUD,Reyna,0.67,186.0,15,19,6,-4,63.0,124.0,53.0,5.0,4.0,1.0,100T,13,LOUD,11,0,0.545,0.313,0.859
Icebox,v1nny,LOUD,Tejo,0.56,126.0,11,20,6,-9,63.0,92.0,19.0,1.0,2.0,-1.0,100T,13,LOUD,11,0,0.38,0.285,0.665
Split,Cryocells,100T,Sage,1.81,314.0,24,12,14,12,95.0,205.0,32.0,4.0,2.0,2.0,100T,13,LOUD,8,1,0.864,0.494,1.358
Split,zander,100T,Astra,1.41,241.0,17,12,9,5,81.0,161.0,19.0,2.0,2.0,0.0,100T,13,LOUD,8,1,0.764,0.447,1.211
Split,eeiu,100T,Tejo,1.14,212.0,15,13,9,2,86.0,126.0,16.0,1.0,0.0,1.0,100T,13,LOUD,8,1,0.624,0.454,1.078
Split,Asuna,100T,Raze,0.97,220.0,17,16,4,1,71.0,146.0,19.0,2.0,6.0,-4.0,100T,13,LOUD,8,1,0.637,0.306,0.943
Split,Boostio,100T,Breach,0.73,89.0,6,13,13,-7,81.0,57.0,31.0,1.0,1.0,0.0,100T,13,LOUD,8,1,0.364,0.384,0.748
Split,lukxo,LOUD,Viper,1.21,287.0,23,16,2,7,71.0,177.0,43.0,5.0,2.0,3.0,100T,13,LOUD,8,0,0.838,0.364,1.202
Split,cauanzin,LOUD,Tejo,1.08,250.0,17,16,6,1,81.0,169.0,31.0,2.0,1.0,1.0,100T,13,LOUD,8,0,0.695,0.396,1.091
Split,pANcada,LOUD,Omen,0.77,149.0,9,15,9,-6,62.0,112.0,17.0,2.0,1.0,1.0,100T,13,LOUD,8,0,0.429,0.365,0.795
Split,dgzin,LOUD,Raze,0.68,182.0,11,17,6,-6,76.0,127.0,18.0,2.0,5.0,-3.0,100T,13,LOUD,8,0,0.456,0.306,0.763
Split,v1nny,LOUD,Breach,0.53,78.0,6,15,8,-9,67.0,45.0,50.0,0.0,1.0,-1.0,100T,13,LOUD,8,0,0.363,0.32,0.683
Icebox,lz,2G,Viper,1.19,245.0,17,14,4,3,68.0,167.0,48.0,3.0,5.0,-2.0,2G,6,KRU,13,0,0.766,0.329,1.095
Icebox,Askia,2G,Jett,0.95,228.0,15,15,2,0,79.0,140.0,32.0,2.0,2.0,0.0,2G,6,KRU,13,0,0.628,0.328,0.956
Icebox,silentzz,2G,Killjoy,0.83,193.0,13,17,1,-4,68.0,122.0,25.0,0.0,0.0,0.0,2G,6,KRU,13,0,0.494,0.315,0.809
Icebox,PxS,2G,Kayo,0.42,128.0,7,17,9,-10,74.0,78.0,13.0,0.0,2.0,-2.0,2G,6,KRU,13,0,0.336,0.32,0.657
Icebox,gobera,2G,Tejo,0.35,103.0,6,16,2,-10,53.0,69.0,25.0,1.0,4.0,-3.0,2G,6,KRU,13,0,0.337,0.214,0.551
Icebox,keznit,KRÜ,Jett,1.45,353.0,23,16,7,7,84.0,229.0,18.0,8.0,1.0,7.0,2G,6,KRU,13,0,0.842,0.465,1.307
Icebox,Melser,KRÜ,Viper,1.3,235.0,16,13,9,3,79.0,169.0,32.0,2.0,0.0,2.0,2G,6,KRU,13,0,0.737,0.468,1.205
Icebox,Mazino,KRÜ,Harbor,1.28,254.0,18,12,6,6,95.0,197.0,35.0,2.0,2.0,0.0,2G,6,KRU,13,0,0.801,0.423,1.224
Icebox,adverso,KRÜ,Sova,1.17,149.0,11,9,8,2,74.0,109.0,19.0,0.0,2.0,-2.0,2G,6,KRU,13,0,0.572,0.381,0.954
Icebox,Shyy,KRÜ,Killjoy,1.12,156.0,11,8,3,3,74.0,98.0,25.0,1.0,1.0,0.0,2G,6,KRU,13,0,0.587,0.347,0.934
Ascent,lz,2G,Omen,1.77,282.0,21,9,8,12,95.0,184.0,46.0,3.0,0.0,3.0,2G,13,KRU,6,1,0.871,0.506,1.377
Ascent,gobera,2G,Tejo,1.02,169.0,13,11,4,2,74.0,119.0,24.0,3.0,1.0,2.0,2G,13,KRU,6,1,0.619,0.365,0.984
Ascent,PxS,2G,Kayo,1.01,157.0,10,10,8,0,95.0,99.0,28.0,1.0,2.0,-1.0,2G,13,KRU,6,1,0.531,0.408,0.939
Ascent,Askia,2G,Jett,0.89,181.0,12,11,2,1,68.0,119.0,23.0,2.0,5.0,-3.0,2G,13,KRU,6,1,0.575,0.282,0.857
Ascent,silentzz,2G,Vyse,0.86,163.0,11,11,2,0,79.0,108.0,28.0,0.0,2.0,-2.0,2G,13,KRU,6,1,0.528,0.301,0.829
Ascent,adverso,KRÜ,Sova,1.2,200.0,11,11,6,0,84.0,136.0,18.0,2.0,1.0,1.0,2G,13,KRU,6,0,0.601,0.414,1.015
Ascent,keznit,KRÜ,Yoru,0.97,227.0,14,15,5,-1,58.0,154.0,20.0,6.0,4.0,2.0,2G,13,KRU,6,0,0.618,0.334,0.953
Ascent,Melser,KRÜ,Omen,0.89,155.0,10,13,5,-3,74.0,115.0,27.0,1.0,2.0,-1.0,2G,13,KRU,6,0,0.481,0.327,0.808
Ascent,Shyy,KRÜ,Cypher,0.7,93.0,6,11,6,-5,74.0,68.0,16.0,1.0,1.0,0.0,2G,13,KRU,6,0,0.342,0.336,0.678
Ascent,Mazino,KRÜ,Deadlock,0.65,172.0,11,17,2,-6,63.0,116.0,25.0,0.0,1.0,-1.0,2G,13,KRU,6,0,0.437,0.27,0.707
Pearl,PxS,2G,Fade,0.97,219.0,15,14,5,1,74.0,123.0,31.0,2.0,2.0,0.0,2G,6,KRU,13,0,0.629,0.344,0.973
Pearl,silentzz,2G,Vyse,0.91,231.0,14,16,2,-2,74.0,157.0,40.0,1.0,1.0,0.0,2G,6,KRU,13,0,0.596,0.324,0.921
Pearl,lz,2G,Astra,0.75,196.0,13,17,5,-4,68.0,113.0,37.0,1.0,1.0,0.0,2G,6,KRU,13,0,0.496,0.32,0.816
Pearl,gobera,2G,Tejo,0.66,155.0,10,16,3,-6,53.0,118.0,19.0,2.0,2.0,0.0,2G,6,KRU,13,0,0.432,0.254,0.686
Pearl,Askia,2G,Yoru,0.53,83.0,6,13,3,-7,53.0,57.0,29.0,1.0,6.0,-5.0,2G,6,KRU,13,0,0.34,0.218,0.558
Pearl,Melser,KRÜ,Astra,1.63,253.0,18,10,13,8,95.0,184.0,25.0,2.0,1.0,1.0,2G,6,KRU,13,0,0.804,0.495,1.299
Pearl,Mazino,KRÜ,Vyse,1.48,264.0,18,13,9,5,84.0,165.0,30.0,3.0,0.0,3.0,2G,6,KRU,13,0,0.819,0.498,1.317
Pearl,adverso,KRÜ,Sova,1.17,216.0,16,12,7,4,63.0,137.0,12.0,1.0,1.0,0.0,2G,6,KRU,13,0,0.663,0.378,1.042
Pearl,Shyy,KRÜ,Chamber,1.13,198.0,13,11,5,2,74.0,133.0,22.0,3.0,2.0,1.0,2G,6,KRU,13,0,0.651,0.37,1.021
Pearl,keznit,KRÜ,Yoru,0.87,171.0,11,12,8,-1,74.0,104.0,14.0,3.0,3.0,0.0,2G,6,KRU,13,0,0.524,0.367,0.891
Ascent,Cryocells,100T,Yoru,1.46,286.0,30,18,6,12,82.0,184.0,27.0,2.0,3.0,-1.0,100T,15,2G,13,1,0.835,0.412,1.247
Ascent,Asuna,100T,Tejo,1.21,194.0,18,17,12,1,79.0,129.0,19.0,2.0,3.0,-1.0,100T,15,2G,13,1,0.643,0.414,1.057
Ascent,Boostio,100T,Killjoy,1.18,246.0,24,21,4,3,71.0,165.0,25.0,7.0,2.0,5.0,100T,15,2G,13,1,0.756,0.372,1.128
Ascent,zander,100T,Omen,0.93,175.0,14,22,19,-8,79.0,125.0,19.0,2.0,3.0,-1.0,100T,15,2G,13,1,0.494,0.384,0.878
Ascent,eeiu,100T,Sova,0.86,140.0,13,18,9,-5,71.0,98.0,30.0,1.0,3.0,-2.0,100T,15,2G,13,1,0.447,0.355,0.802
Ascent,gobera,2G,Tejo,1.01,203.0,19,19,9,0,71.0,142.0,22.0,0.0,2.0,-2.0,100T,15,2G,13,0,0.614,0.371,0.985
Ascent,lz,2G,Omen,1.01,224.0,24,20,12,4,86.0,128.0,52.0,2.0,2.0,0.0,100T,15,2G,13,0,0.734,0.413,1.147
Ascent,silentzz,2G,Vyse,0.96,202.0,21,20,6,1,61.0,124.0,31.0,4.0,0.0,4.0,100T,15,2G,13,0,0.663,0.372,1.035
Ascent,Askia,2G,Jett,0.91,172.0,18,19,3,-1,71.0,123.0,30.0,5.0,5.0,0.0,100T,15,2G,13,0,0.597,0.31,0.908
Ascent,PxS,2G,Kayo,0.74,167.0,14,21,18,-7,82.0,108.0,25.0,3.0,5.0,-2.0,100T,15,2G,13,0,0.482,0.36,0.843
Icebox,Boostio,100T,Killjoy,1.49,296.0,20,13,4,7,84.0,189.0,50.0,5.0,3.0,2.0,100T,13,2G,6,1,0.878,0.42,1.297
Icebox,Cryocells,100T,Jett,1.45,260.0,20,8,1,12,89.0,151.0,15.0,2.0,3.0,-1.0,100T,13,2G,6,1,0.777,0.389,1.166
Icebox,zander,100T,Viper,1.26,200.0,14,10,6,4,79.0,120.0,22.0,2.0,2.0,0.0,100T,13,2G,6,1,0.677,0.394,1.071
Icebox,Asuna,100T,Gekko,1.02,180.0,11,11,13,0,89.0,126.0,18.0,1.0,0.0,1.0,100T,13,2G,6,1,0.551,0.446,0.997
Icebox,eeiu,100T,Sova,0.99,193.0,12,12,5,0,74.0,132.0,24.0,0.0,1.0,-1.0,100T,13,2G,6,1,0.571,0.347,0.918
Icebox,Askia,2G,Jett,1.16,271.0,17,17,6,0,79.0,204.0,31.0,4.0,1.0,3.0,100T,13,2G,6,0,0.727,0.414,1.142
Icebox,lz,2G,Viper,0.9,189.0,13,15,5,-2,74.0,118.0,35.0,3.0,1.0,2.0,100T,13,2G,6,0,0.569,0.363,0.932
Icebox,PxS,2G,Kayo,0.81,158.0,11,15,10,-4,74.0,94.0,36.0,2.0,1.0,1.0,100T,13,2G,6,0,0.476,0.389,0.866
Icebox,silentzz,2G,Killjoy,0.45,114.0,7,16,1,-9,47.0,78.0,18.0,0.0,2.0,-2.0,100T,13,2G,6,0,0.338,0.208,0.547
Icebox,gobera,2G,Tejo,0.4,101.0,6,14,4,-8,63.0,80.0,21.0,0.0,5.0,-5.0,100T,13,2G,6,0,0.338,0.242,0.58
Split,N4RRATE,SEN,Breach,1.31,227.0,19,15,16,4,83.0,135.0,29.0,3.0,2.0,1.0,SEN,13,LOUD,10,1,0.752,0.448,1.201
Split,johnqt,SEN,Tejo,1.27,212.0,16,11,9,5,83.0,149.0,20.0,1.0,1.0,0.0,SEN,13,LOUD,10,1,0.709,0.445,1.154
Split,bang,SEN,Omen,1.19,227.0,18,15,11,3,83.0,138.0,33.0,5.0,1.0,4.0,SEN,13,LOUD,10,1,0.727,0.458,1.185
Split,zekken,SEN,Yoru,1.01,227.0,20,17,3,3,65.0,152.0,29.0,3.0,4.0,-1.0,SEN,13,LOUD,10,1,0.721,0.302,1.023
Split,Zellsis,SEN,Viper,0.83,128.0,10,13,6,-3,61.0,98.0,16.0,1.0,2.0,-1.0,SEN,13,LOUD,10,1,0.434,0.31,0.744
Split,lukxo,LOUD,Viper,1.16,258.0,21,17,7,4,65.0,172.0,22.0,4.0,4.0,0.0,SEN,13,LOUD,10,0,0.775,0.371,1.147
Split,pANcada,LOUD,Omen,1.08,218.0,17,18,6,-1,61.0,150.0,35.0,1.0,1.0,0.0,SEN,13,LOUD,10,0,0.627,0.354,0.981
Split,dgzin,LOUD,Jett,0.9,193.0,14,17,5,-3,74.0,115.0,28.0,4.0,4.0,0.0,SEN,13,LOUD,10,0,0.55,0.337,0.887
Split,tuyz,LOUD,Breach,0.9,153.0,12,15,11,-3,78.0,103.0,44.0,1.0,1.0,0.0,SEN,13,LOUD,10,0,0.502,0.397,0.9
Split,cauanzin,LOUD,Tejo,0.56,83.0,7,16,4,-9,57.0,53.0,21.0,0.0,3.0,-3.0,SEN,13,LOUD,10,0,0.332,0.239,0.572
Lotus,N4RRATE,SEN,Tejo,1.76,290.0,25,11,9,14,92.0,198.0,30.0,4.0,0.0,4.0,SEN,11,LOUD,13,0,0.861,0.512,1.373
Lotus,johnqt,SEN,Breach,1.11,191.0,17,16,17,1,75.0,126.0,49.0,2.0,3.0,-1.0,SEN,11,LOUD,13,0,0.661,0.397,1.058
Lotus,zekken,SEN,Neon,0.75,166.0,14,19,8,-5,71.0,101.0,23.0,0.0,5.0,-5.0,SEN,11,LOUD,13,0,0.445,0.328,0.773
Lotus,bang,SEN,Omen,0.72,168.0,14,17,4,-3,75.0,104.0,42.0,1.0,2.0,-1.0,SEN,11,LOUD,13,0,0.498,0.299,0.798
Lotus,Zellsis,SEN,Viper,0.59,142.0,10,19,8,-9,50.0,94.0,33.0,3.0,4.0,-1.0,SEN,11,LOUD,13,0,0.437,0.288,0.725
Lotus,dgzin,LOUD,Neon,1.52,328.0,28,18,4,10,79.0,222.0,48.0,6.0,1.0,5.0,SEN,11,LOUD,13,1,0.881,0.425,1.306
Lotus,lukxo,LOUD,Vyse,1.29,258.0,22,17,6,5,71.0,178.0,35.0,5.0,1.0,4.0,SEN,11,LOUD,13,1,0.825,0.415,1.24
Lotus,cauanzin,LOUD,Tejo,0.92,172.0,14,15,3,-1,67.0,109.0,19.0,0.0,3.0,-3.0,SEN,11,LOUD,13,1,0.526,0.283,0.809
Lotus,tuyz,LOUD,Breach,0.79,116.0,9,14,10,-5,67.0,70.0,25.0,0.0,2.0,-2.0,SEN,11,LOUD,13,1,0.385,0.341,0.726
Lotus,pANcada,LOUD,Omen,0.6,122.0,9,16,9,-7,71.0,82.0,32.0,3.0,3.0,0.0,SEN,11,LOUD,13,1,0.415,0.344,0.759
Haven,N4RRATE,SEN,Sova,1.76,313.0,18,9,10,9,83.0,219.0,25.0,2.0,1.0,1.0,SEN,13,LOUD,5,1,0.826,0.475,1.3
Haven,johnqt,SEN,Breach,1.59,195.0,17,6,5,11,78.0,116.0,26.0,0.0,1.0,-1.0,SEN,13,LOUD,5,1,0.713,0.404,1.118
Haven,Zellsis,SEN,Cypher,1.35,311.0,19,13,5,6,72.0,203.0,27.0,6.0,3.0,3.0,SEN,13,LOUD,5,1,0.835,0.402,1.238
Haven,zekken,SEN,Neon,0.95,158.0,11,11,8,0,83.0,93.0,16.0,1.0,2.0,-1.0,SEN,13,LOUD,5,1,0.508,0.382,0.89
Haven,bang,SEN,Omen,0.81,121.0,7,10,7,-3,83.0,75.0,21.0,1.0,1.0,0.0,SEN,13,LOUD,5,1,0.408,0.374,0.782
Haven,lukxo,LOUD,Cypher,1.17,303.0,18,15,3,3,61.0,198.0,25.0,3.0,1.0,2.0,SEN,13,LOUD,5,0,0.779,0.348,1.127
Haven,dgzin,LOUD,Neon,0.68,158.0,11,15,2,-4,56.0,91.0,24.0,4.0,3.0,1.0,SEN,13,LOUD,5,0,0.46,0.269,0.73
Haven,tuyz,LOUD,Breach,0.67,103.0,7,13,7,-6,67.0,79.0,44.0,0.0,2.0,-2.0,SEN,13,LOUD,5,0,0.385,0.306,0.691
Haven,pANcada,LOUD,Omen,0.64,155.0,10,15,3,-5,61.0,107.0,28.0,1.0,2.0,-1.0,SEN,13,LOUD,5,0,0.421,0.256,0.677
Haven,cauanzin,LOUD,Tejo,0.43,77.0,3,14,4,-11,50.0,69.0,12.0,0.0,2.0,-2.0,SEN,13,LOUD,5,0,0.313,0.225,0.538
Lotus,Mazino,KRÜ,Breach,1.24,260.0,15,15,7,0,76.0,144.0,30.0,1.0,0.0,1.0,KRU,4,EG,13,0,0.66,0.425,1.085
Lotus,Shyy,KRÜ,Vyse,0.87,148.0,10,12,0,-2,53.0,104.0,38.0,0.0,1.0,-1.0,KRU,4,EG,13,0,0.497,0.277,0.774
Lotus,keznit,KRÜ,Yoru,0.4,140.0,6,16,4,-10,41.0,101.0,29.0,3.0,4.0,-1.0,KRU,4,EG,13,0,0.411,0.218,0.629
Lotus,Melser,KRÜ,Omen,0.39,103.0,5,14,4,-9,53.0,69.0,28.0,2.0,4.0,-2.0,KRU,4,EG,13,0,0.356,0.23,0.586
Lotus,adverso,KRÜ,Tejo,0.35,141.0,7,16,2,-9,53.0,100.0,24.0,0.0,2.0,-2.0,KRU,4,EG,13,0,0.375,0.218,0.593
Lotus,supamen,EG,Viper,2.1,301.0,22,5,3,17,88.0,194.0,48.0,1.0,0.0,1.0,KRU,4,EG,13,1,0.851,0.425,1.276
Lotus,icy,EG,Raze,1.36,251.0,15,8,2,7,82.0,163.0,29.0,4.0,4.0,0.0,KRU,4,EG,13,1,0.784,0.376,1.161
Lotus,NaturE,EG,Fade,1.26,251.0,16,10,9,6,88.0,145.0,24.0,2.0,0.0,2.0,KRU,4,EG,13,1,0.745,0.478,1.223
Lotus,Derrek,EG,Tejo,1.21,233.0,13,10,6,3,88.0,150.0,26.0,2.0,0.0,2.0,KRU,4,EG,13,1,0.693,0.44,1.133
Lotus,yay,EG,Clove,0.7,110.0,7,10,6,-3,76.0,64.0,25.0,2.0,2.0,0.0,KRU,4,EG,13,1,0.405,0.33,0.735
Pearl,Mazino,KRÜ,Vyse,1.09,247.0,17,18,4,-1,65.0,147.0,24.0,3.0,4.0,-1.0,KRU,7,EG,13,0,0.656,0.322,0.978
Pearl,keznit,KRÜ,Yoru,0.94,220.0,16,19,6,-3,75.0,152.0,37.0,3.0,3.0,0.0,KRU,7,EG,13,0,0.612,0.354,0.965
Pearl,Melser,KRÜ,Astra,0.88,162.0,12,16,8,-4,65.0,119.0,26.0,2.0,1.0,1.0,KRU,7,EG,13,0,0.494,0.371,0.865
Pearl,Shyy,KRÜ,Chamber,0.85,203.0,14,17,5,-3,65.0,133.0,32.0,1.0,2.0,-1.0,KRU,7,EG,13,0,0.537,0.308,0.844
Pearl,adverso,KRÜ,Sova,0.85,161.0,12,15,5,-3,75.0,108.0,27.0,1.0,0.0,1.0,KRU,7,EG,13,0,0.485,0.36,0.845
Pearl,supamen,EG,Astra,1.29,260.0,21,14,7,7,70.0,164.0,40.0,1.0,1.0,0.0,KRU,7,EG,13,1,0.792,0.403,1.195
Pearl,Derrek,EG,Tejo,1.18,228.0,17,13,2,4,70.0,163.0,24.0,0.0,1.0,-1.0,KRU,7,EG,13,1,0.712,0.338,1.049
Pearl,NaturE,EG,Vyse,1.13,242.0,16,13,9,3,70.0,172.0,21.0,0.0,2.0,-2.0,KRU,7,EG,13,1,0.695,0.382,1.077
Pearl,icy,EG,Yoru,0.85,238.0,17,16,5,1,85.0,148.0,23.0,5.0,5.0,0.0,KRU,7,EG,13,1,0.655,0.35,1.005
Pearl,yay,EG,Jett,0.79,175.0,14,15,1,-1,65.0,114.0,56.0,4.0,1.0,3.0,KRU,7,EG,13,1,0.589,0.318,0.908
Haven,bang,SEN,Omen,1.95,355.0,22,8,10,14,88.0,209.0,40.0,5.0,2.0,3.0,SEN,13,2G,4,1,0.873,0.487,1.359
Haven,zekken,SEN,Neon,1.74,313.0,20,7,5,13,88.0,209.0,43.0,3.0,2.0,1.0,SEN,13,2G,4,1,0.871,0.429,1.3
Haven,johnqt,SEN,Breach,1.69,218.0,13,6,21,7,94.0,142.0,29.0,1.0,1.0,0.0,SEN,13,2G,4,1,0.727,0.484,1.212
Haven,N4RRATE,SEN,Sova,1.02,148.0,9,8,3,1,82.0,94.0,21.0,2.0,0.0,2.0,SEN,13,2G,4,1,0.54,0.376,0.916
Haven,Zellsis,SEN,Cypher,0.98,155.0,9,9,9,0,76.0,97.0,20.0,1.0,0.0,1.0,SEN,13,2G,4,1,0.51,0.42,0.93
Haven,silentzz,2G,Iso,0.62,170.0,9,14,2,-5,47.0,122.0,44.0,0.0,3.0,-3.0,SEN,13,2G,4,0,0.45,0.218,0.667
Haven,gobera,2G,Cypher,0.6,196.0,10,16,2,-6,41.0,120.0,41.0,1.0,3.0,-2.0,SEN,13,2G,4,0,0.46,0.21,0.67
Haven,PxS,2G,Sova,0.52,127.0,7,15,1,-8,53.0,81.0,44.0,2.0,1.0,1.0,SEN,13,2G,4,0,0.397,0.257,0.654
Haven,Askia,2G,Yoru,0.51,105.0,7,14,0,-7,47.0,75.0,31.0,2.0,2.0,0.0,SEN,13,2G,4,0,0.367,0.228,0.595
Haven,lz,2G,Omen,0.41,102.0,5,14,4,-9,53.0,70.0,35.0,0.0,3.0,-3.0,SEN,13,2G,4,0,0.35,0.225,0.575
Pearl,zekken,SEN,Yoru,2.06,384.0,26,11,5,15,94.0,247.0,28.0,6.0,0.0,6.0,SEN,13,2G,5,1,0.859,0.47,1.329
Pearl,bang,SEN,Astra,1.23,181.0,13,11,8,2,83.0,121.0,34.0,0.0,1.0,-1.0,SEN,13,2G,5,1,0.631,0.421,1.052
Pearl,N4RRATE,SEN,Fade,1.22,231.0,13,12,12,1,83.0,149.0,14.0,3.0,3.0,0.0,SEN,13,2G,5,1,0.659,0.43,1.089
Pearl,johnqt,SEN,Tejo,1.11,139.0,9,8,5,1,89.0,112.0,39.0,1.0,0.0,1.0,SEN,13,2G,5,1,0.565,0.411,0.976
Pearl,Zellsis,SEN,Vyse,0.69,156.0,10,14,5,-4,72.0,102.0,23.0,1.0,3.0,-2.0,SEN,13,2G,5,1,0.432,0.294,0.725
Pearl,Askia,2G,Yoru,1.01,226.0,14,14,3,0,61.0,146.0,36.0,3.0,1.0,2.0,SEN,13,2G,5,0,0.653,0.331,0.983
Pearl,PxS,2G,Fade,0.93,176.0,12,13,4,-1,78.0,129.0,24.0,1.0,3.0,-2.0,SEN,13,2G,5,0,0.54,0.318,0.858
Pearl,gobera,2G,Tejo,0.75,181.0,11,15,2,-4,72.0,134.0,41.0,0.0,1.0,-1.0,SEN,13,2G,5,0,0.498,0.296,0.793
Pearl,lz,2G,Astra,0.67,181.0,10,14,13,-4,78.0,104.0,41.0,2.0,2.0,0.0,SEN,13,2G,5,0,0.48,0.363,0.843
Pearl,silentzz,2G,Vyse,0.61,152.0,9,15,7,-6,67.0,109.0,37.0,1.0,4.0,-3.0,SEN,13,2G,5,0,0.424,0.295,0.719
Fracture,Mazino,KRÜ,Breach,1.21,237.0,21,16,9,5,87.0,154.0,32.0,0.0,2.0,-2.0,KRU,13,100T,10,0,0.757,0.419,1.176
Fracture,Melser,KRÜ,Brimstone,1.11,214.0,17,15,5,2,74.0,141.0,33.0,3.0,1.0,2.0,KRU,13,100T,10,0,0.695,0.385,1.08
Fracture,Shyy,KRÜ,Vyse,1.1,203.0,17,14,2,3,61.0,142.0,29.0,2.0,2.0,0.0,KRU,13,100T,10,0,0.684,0.314,0.998
Fracture,keznit,KRÜ,Neon,1.0,223.0,18,18,3,0,65.0,146.0,24.0,6.0,5.0,1.0,KRU,13,100T,10,0,0.654,0.318,0.972
Fracture,adverso,KRÜ,Tejo,0.82,140.0,10,16,8,-6,78.0,107.0,17.0,0.0,2.0,-2.0,KRU,13,100T,10,0,0.417,0.351,0.768
Fracture,eeiu,100T,Tejo,1.31,190.0,17,13,4,4,87.0,153.0,36.0,1.0,1.0,0.0,KRU,13,100T,10,0,0.716,0.4,1.115
Fracture,Cryocells,100T,Chamber,0.96,206.0,17,15,3,2,78.0,137.0,45.0,2.0,2.0,0.0,KRU,13,100T,10,0,0.67,0.327,0.998
Fracture,zander,100T,Brimstone,0.95,179.0,14,16,9,-2,74.0,118.0,23.0,2.0,4.0,-2.0,KRU,13,100T,10,0,0.544,0.369,0.913
Fracture,Asuna,100T,Neon,0.9,261.0,20,21,4,-1,65.0,168.0,26.0,7.0,4.0,3.0,KRU,13,100T,10,0,0.673,0.332,1.004
Fracture,Boostio,100T,Breach,0.81,158.0,11,18,20,-7,78.0,91.0,18.0,0.0,0.0,0.0,KRU,13,100T,10,0,0.42,0.397,0.817
Icebox,Shyy,KRÜ,Killjoy,1.37,266.0,21,13,2,8,82.0,158.0,35.0,2.0,2.0,0.0,KRU,13,100T,9,0,0.809,0.377,1.186
Icebox,adverso,KRÜ,Sova,1.28,225.0,18,11,2,7,68.0,149.0,21.0,3.0,2.0,1.0,KRU,13,100T,9,0,0.757,0.353,1.11
Icebox,keznit,KRÜ,Jett,1.04,246.0,20,15,1,5,73.0,169.0,27.0,4.0,3.0,1.0,KRU,13,100T,9,0,0.772,0.336,1.108
Icebox,Melser,KRÜ,Viper,0.9,193.0,15,14,2,1,82.0,109.0,26.0,2.0,1.0,1.0,KRU,13,100T,9,0,0.593,0.345,0.939
Icebox,Mazino,KRÜ,Harbor,0.72,154.0,12,16,4,-4,77.0,111.0,23.0,2.0,1.0,1.0,KRU,13,100T,9,0,0.464,0.329,0.793
Icebox,eeiu,100T,Sova,1.28,223.0,17,14,8,3,86.0,146.0,27.0,1.0,0.0,1.0,KRU,13,100T,9,0,0.698,0.457,1.155
Icebox,Asuna,100T,Gekko,1.08,224.0,18,18,3,0,59.0,148.0,29.0,1.0,4.0,-3.0,KRU,13,100T,9,0,0.64,0.287,0.927
Icebox,Cryocells,100T,Jett,1.03,195.0,17,17,3,0,64.0,144.0,33.0,3.0,3.0,0.0,KRU,13,100T,9,0,0.649,0.311,0.96
Icebox,zander,100T,Viper,0.8,163.0,10,17,10,-7,68.0,107.0,18.0,4.0,2.0,2.0,KRU,13,100T,9,0,0.457,0.378,0.835
Icebox,Boostio,100T,Killjoy,0.3,100.0,7,20,3,-13,50.0,84.0,26.0,0.0,4.0,-4.0,KRU,13,100T,9,0,0.347,0.209,0.556
Lotus,supamen,EG,Viper,1.15,255.0,23,17,2,6,67.0,163.0,52.0,3.0,0.0,3.0,EG,11,LOUD,13,0,0.816,0.369,1.185
Lotus,icy,EG,Raze,0.96,218.0,17,18,5,-1,83.0,158.0,28.0,2.0,3.0,-1.0,EG,11,LOUD,13,0,0.626,0.349,0.975
Lotus,yay,EG,Clove,0.7,215.0,19,23,3,-4,58.0,128.0,28.0,3.0,4.0,-1.0,EG,11,LOUD,13,0,0.556,0.258,0.814
Lotus,NaturE,EG,Fade,0.66,145.0,12,19,7,-7,58.0,101.0,22.0,1.0,3.0,-2.0,EG,11,LOUD,13,0,0.415,0.289,0.705
Lotus,Derrek,EG,Tejo,0.64,130.0,11,18,5,-7,58.0,97.0,21.0,1.0,4.0,-3.0,EG,11,LOUD,13,0,0.397,0.261,0.658
Lotus,pANcada,LOUD,Omen,1.77,313.0,27,13,11,14,79.0,209.0,35.0,6.0,1.0,5.0,EG,11,LOUD,13,1,0.867,0.481,1.348
Lotus,lukxo,LOUD,Vyse,1.36,313.0,27,18,5,9,63.0,190.0,34.0,3.0,1.0,2.0,EG,11,LOUD,13,1,0.854,0.393,1.247
Lotus,tuyz,LOUD,Breach,1.12,188.0,16,14,8,2,75.0,133.0,33.0,1.0,0.0,1.0,EG,11,LOUD,13,1,0.643,0.422,1.066
Lotus,cauanzin,LOUD,Tejo,0.63,152.0,13,19,4,-6,71.0,106.0,21.0,1.0,2.0,-1.0,EG,11,LOUD,13,1,0.422,0.283,0.705
Lotus,dgzin,LOUD,Neon,0.57,132.0,10,18,6,-8,58.0,74.0,19.0,3.0,6.0,-3.0,EG,11,LOUD,13,1,0.398,0.264,0.662
Pearl,yay,EG,Jett,1.17,284.0,26,21,2,5,73.0,180.0,36.0,6.0,2.0,4.0,EG,14,LOUD,12,1,0.827,0.363,1.19
Pearl,supamen,EG,Astra,0.92,189.0,18,19,6,-1,73.0,114.0,49.0,3.0,1.0,2.0,EG,14,LOUD,12,1,0.622,0.375,0.996
Pearl,Derrek,EG,Tejo,0.88,135.0,13,17,5,-4,65.0,105.0,19.0,1.0,1.0,0.0,EG,14,LOUD,12,1,0.451,0.329,0.78
Pearl,NaturE,EG,Vyse,0.87,172.0,14,19,9,-5,73.0,123.0,21.0,2.0,2.0,0.0,EG,14,LOUD,12,1,0.488,0.376,0.864
Pearl,icy,EG,Yoru,0.82,196.0,17,22,6,-5,73.0,123.0,41.0,3.0,5.0,-2.0,EG,14,LOUD,12,1,0.547,0.32,0.868
Pearl,pANcada,LOUD,Astra,1.92,343.0,34,13,12,21,88.0,232.0,33.0,3.0,0.0,3.0,EG,14,LOUD,12,0,0.865,0.505,1.37
Pearl,cauanzin,LOUD,Tejo,0.91,199.0,17,19,8,-2,77.0,139.0,35.0,2.0,2.0,0.0,EG,14,LOUD,12,0,0.592,0.376,0.968
Pearl,lukxo,LOUD,Vyse,0.89,202.0,17,19,10,-2,62.0,130.0,27.0,1.0,4.0,-3.0,EG,14,LOUD,12,0,0.561,0.339,0.899
Pearl,tuyz,LOUD,Fade,0.87,164.0,16,19,10,-3,81.0,111.0,30.0,1.0,1.0,0.0,EG,14,LOUD,12,0,0.512,0.399,0.911
Pearl,dgzin,LOUD,Yoru,0.72,145.0,14,18,3,-4,62.0,95.0,36.0,4.0,8.0,-4.0,EG,14,LOUD,12,0,0.49,0.254,0.743
Split,Derrek,EG,Tejo,1.45,255.0,22,14,7,8,79.0,184.0,34.0,1.0,2.0,-1.0,EG,13,LOUD,11,1,0.813,0.417,1.23
Split,icy,EG,Raze,1.19,241.0,22,19,5,3,79.0,177.0,21.0,4.0,5.0,-1.0,EG,13,LOUD,11,1,0.757,0.367,1.124
Split,yay,EG,Astra,0.97,172.0,14,17,6,-3,71.0,123.0,34.0,4.0,1.0,3.0,EG,13,LOUD,11,1,0.56,0.381,0.941
Split,NaturE,EG,Breach,0.83,161.0,13,17,7,-4,63.0,116.0,20.0,1.0,1.0,0.0,EG,13,LOUD,11,1,0.467,0.342,0.81
Split,supamen,EG,Viper,0.79,159.0,14,17,5,-3,71.0,103.0,21.0,2.0,3.0,-1.0,EG,13,LOUD,11,1,0.49,0.311,0.801
Split,lukxo,LOUD,Viper,1.29,266.0,24,16,5,8,75.0,165.0,26.0,6.0,4.0,2.0,EG,13,LOUD,11,0,0.809,0.397,1.206
Split,tuyz,LOUD,Breach,1.07,197.0,16,17,14,-1,75.0,120.0,32.0,1.0,0.0,1.0,EG,13,LOUD,11,0,0.588,0.428,1.016
Split,cauanzin,LOUD,Tejo,0.94,165.0,14,16,3,-2,67.0,112.0,28.0,1.0,2.0,-1.0,EG,13,LOUD,11,0,0.524,0.298,0.822
Split,pANcada,LOUD,Omen,0.81,169.0,14,19,9,-5,75.0,117.0,29.0,3.0,2.0,1.0,EG,13,LOUD,11,0,0.502,0.382,0.884
Split,dgzin,LOUD,Jett,0.75,182.0,16,17,4,-1,67.0,126.0,20.0,1.0,4.0,-3.0,EG,13,LOUD,11,0,0.534,0.276,0.81
Fracture,Demon1,LEV,Brimstone,1.16,162.0,19,15,8,4,71.0,109.0,45.0,3.0,0.0,3.0,LEV,13,NRG,15,0,0.706,0.433,1.139
Fracture,kiNgg,LEV,Neon,1.07,220.0,22,20,9,2,68.0,135.0,20.0,5.0,3.0,2.0,LEV,13,NRG,15,0,0.69,0.406,1.097
Fracture,C0M,LEV,Tejo,0.97,161.0,14,16,7,-2,79.0,118.0,17.0,1.0,1.0,0.0,LEV,13,NRG,15,0,0.513,0.384,0.897
Fracture,tex,LEV,Vyse,0.7,145.0,14,19,6,-5,64.0,108.0,25.0,1.0,6.0,-5.0,LEV,13,NRG,15,0,0.437,0.288,0.726
Fracture,Rossy,LEV,Breach,0.66,163.0,15,21,10,-6,64.0,94.0,17.0,2.0,5.0,-3.0,LEV,13,NRG,15,0,0.44,0.317,0.758
Fracture,mada,NRG,Raze,1.38,265.0,25,17,3,8,68.0,181.0,30.0,9.0,4.0,5.0,LEV,13,NRG,15,1,0.834,0.377,1.21
Fracture,Ethan,NRG,Breach,1.32,244.0,24,18,11,6,75.0,157.0,25.0,1.0,1.0,0.0,LEV,13,NRG,15,1,0.765,0.437,1.202
Fracture,s0m,NRG,Brimstone,1.07,161.0,14,15,15,-1,82.0,108.0,30.0,1.0,1.0,0.0,LEV,13,NRG,15,1,0.551,0.422,0.973
Fracture,brawk,NRG,Tejo,1.04,180.0,19,16,8,3,79.0,123.0,17.0,3.0,4.0,-1.0,LEV,13,NRG,15,1,0.661,0.385,1.046
Fracture,FiNESSE,NRG,Cypher,0.69,112.0,9,19,7,-10,64.0,78.0,14.0,2.0,3.0,-1.0,LEV,13,NRG,15,1,0.376,0.311,0.687
Icebox,kiNgg,LEV,Viper,1.09,211.0,16,15,4,1,71.0,142.0,45.0,1.0,2.0,-1.0,LEV,8,NRG,13,0,0.655,0.332,0.987
Icebox,tex,LEV,Killjoy,1.03,212.0,17,16,2,1,81.0,155.0,35.0,0.0,2.0,-2.0,LEV,8,NRG,13,0,0.652,0.322,0.974
Icebox,Demon1,LEV,Jett,0.84,209.0,16,17,3,-1,71.0,139.0,36.0,5.0,3.0,2.0,LEV,8,NRG,13,0,0.616,0.32,0.936
Icebox,C0M,LEV,Tejo,0.64,131.0,10,16,5,-6,86.0,78.0,24.0,1.0,3.0,-2.0,LEV,8,NRG,13,0,0.385,0.312,0.697
Icebox,Rossy,LEV,Kayo,0.56,136.0,7,18,17,-11,76.0,95.0,20.0,2.0,2.0,0.0,LEV,8,NRG,13,0,0.385,0.348,0.734
Icebox,mada,NRG,Reyna,1.55,345.0,24,16,8,8,76.0,242.0,34.0,7.0,4.0,3.0,LEV,8,NRG,13,1,0.866,0.455,1.321
Icebox,Ethan,NRG,Kayo,1.34,198.0,15,11,13,4,81.0,140.0,27.0,0.0,3.0,-3.0,LEV,8,NRG,13,1,0.694,0.418,1.112
Icebox,s0m,NRG,Viper,1.33,206.0,16,11,5,5,90.0,146.0,44.0,2.0,0.0,2.0,LEV,8,NRG,13,1,0.755,0.445,1.2
Icebox,brawk,NRG,Gekko,1.22,225.0,17,13,7,4,71.0,153.0,13.0,2.0,1.0,1.0,LEV,8,NRG,13,1,0.705,0.406,1.111
Icebox,FiNESSE,NRG,Killjoy,0.64,113.0,10,15,4,-5,71.0,62.0,14.0,1.0,1.0,0.0,LEV,8,NRG,13,1,0.351,0.302,0.653
Icebox,aspas,MIBR,Jett,2.3,406.0,25,5,1,20,88.0,251.0,29.0,4.0,0.0,4.0,MIBR,13,FUR,3,1,0.86,0.438,1.298
Icebox,Verno,MIBR,Sova,1.43,177.0,10,5,4,5,81.0,112.0,30.0,2.0,1.0,1.0,MIBR,13,FUR,3,1,0.686,0.411,1.097
Icebox,xenom,MIBR,Viper,1.27,165.0,12,7,4,5,88.0,101.0,41.0,0.0,1.0,-1.0,MIBR,13,FUR,3,1,0.663,0.389,1.052
Icebox,cortezia,MIBR,Killjoy,1.18,193.0,11,7,2,4,69.0,134.0,50.0,2.0,1.0,1.0,MIBR,13,FUR,3,1,0.693,0.353,1.047
Icebox,artzin,MIBR,Harbor,0.35,106.0,5,14,6,-9,63.0,72.0,19.0,1.0,4.0,-3.0,MIBR,13,FUR,3,1,0.332,0.264,0.596
Icebox,heat,FUR,Killjoy,0.68,145.0,9,12,0,-3,56.0,100.0,36.0,0.0,0.0,0.0,MIBR,13,FUR,3,0,0.451,0.279,0.73
Icebox,Khalil,FUR,Viper,0.66,168.0,8,13,3,-5,69.0,103.0,19.0,1.0,0.0,1.0,MIBR,13,FUR,3,0,0.405,0.307,0.712
Icebox,pryze,FUR,Tejo,0.63,150.0,8,12,1,-4,56.0,94.0,19.0,0.0,2.0,-2.0,MIBR,13,FUR,3,0,0.402,0.238,0.64
Icebox,havoc,FUR,Jett,0.42,164.0,8,13,2,-5,56.0,105.0,30.0,5.0,5.0,0.0,MIBR,13,FUR,3,0,0.431,0.241,0.672
Icebox,raafa,FUR,Kayo,0.22,97.0,5,13,6,-8,50.0,57.0,24.0,1.0,2.0,-1.0,MIBR,13,FUR,3,0,0.329,0.255,0.585
Ascent,artzin,MIBR,Kayo,1.13,244.0,17,15,11,2,73.0,154.0,14.0,3.0,2.0,1.0,MIBR,9,FUR,13,0,0.692,0.413,1.105
Ascent,cortezia,MIBR,Cypher,1.11,221.0,20,14,3,6,77.0,165.0,50.0,1.0,1.0,0.0,MIBR,9,FUR,13,0,0.761,0.351,1.111
Ascent,Verno,MIBR,Sova,1.03,202.0,14,14,9,0,77.0,124.0,25.0,1.0,0.0,1.0,MIBR,9,FUR,13,0,0.585,0.427,1.012
Ascent,xenom,MIBR,Omen,0.94,196.0,16,15,9,1,64.0,119.0,28.0,3.0,1.0,2.0,MIBR,9,FUR,13,0,0.628,0.395,1.023
Ascent,aspas,MIBR,Jett,0.83,175.0,15,16,0,-1,73.0,118.0,43.0,5.0,5.0,0.0,MIBR,9,FUR,13,0,0.588,0.305,0.893
Ascent,pryze,FUR,Sova,1.56,292.0,23,14,8,9,77.0,197.0,24.0,1.0,0.0,1.0,MIBR,9,FUR,13,1,0.823,0.463,1.286
Ascent,heat,FUR,Vyse,1.27,239.0,20,16,5,4,77.0,169.0,41.0,0.0,0.0,0.0,MIBR,9,FUR,13,1,0.765,0.399,1.164
Ascent,havoc,FUR,Jett,0.96,238.0,18,18,1,0,50.0,154.0,49.0,8.0,10.0,-2.0,MIBR,9,FUR,13,1,0.691,0.263,0.954
Ascent,Khalil,FUR,Omen,0.7,124.0,8,15,5,-7,68.0,88.0,41.0,0.0,3.0,-3.0,MIBR,9,FUR,13,1,0.406,0.284,0.69
Ascent,raafa,FUR,Kayo,0.43,89.0,5,19,15,-14,73.0,58.0,19.0,0.0,0.0,0.0,MIBR,9,FUR,13,1,0.322,0.354,0.676
Split,Verno,MIBR,Tejo,1.46,252.0,21,13,7,8,86.0,178.0,29.0,2.0,2.0,0.0,MIBR,13,FUR,8,1,0.818,0.438,1.256
Split,aspas,MIBR,Jett,1.46,289.0,23,12,2,11,71.0,176.0,24.0,5.0,3.0,2.0,MIBR,13,FUR,8,1,0.842,0.386,1.228
Split,artzin,MIBR,Breach,0.98,210.0,16,14,8,2,71.0,135.0,31.0,1.0,1.0,0.0,MIBR,13,FUR,8,1,0.638,0.383,1.021
Split,xenom,MIBR,Viper,0.95,181.0,14,13,4,1,76.0,116.0,34.0,2.0,3.0,-1.0,MIBR,13,FUR,8,1,0.603,0.325,0.928
Split,cortezia,MIBR,Omen,0.52,105.0,8,15,6,-7,67.0,66.0,36.0,1.0,1.0,0.0,MIBR,13,FUR,8,1,0.358,0.305,0.663
Split,Khalil,FUR,Omen,1.3,235.0,20,15,2,5,76.0,151.0,30.0,2.0,2.0,0.0,MIBR,13,FUR,8,0,0.772,0.36,1.131
Split,havoc,FUR,Yoru,0.91,213.0,15,18,3,-3,71.0,132.0,26.0,5.0,3.0,2.0,MIBR,13,FUR,8,0,0.574,0.327,0.901
Split,pryze,FUR,Tejo,0.89,161.0,12,16,6,-4,67.0,114.0,19.0,1.0,0.0,1.0,MIBR,13,FUR,8,0,0.466,0.362,0.828
Split,raafa,FUR,Breach,0.85,166.0,11,16,15,-5,76.0,111.0,26.0,1.0,3.0,-2.0,MIBR,13,FUR,8,0,0.453,0.362,0.815
Split,heat,FUR,Viper,0.61,131.0,9,17,4,-8,52.0,94.0,35.0,1.0,3.0,-2.0,MIBR,13,FUR,8,0,0.402,0.241,0.642
Icebox,leaf,G2,Killjoy,1.43,276.0,19,11,3,8,83.0,172.0,19.0,3.0,2.0,1.0,G2,13,C9,5,1,0.814,0.394,1.208
Icebox,trent,G2,Tejo,1.33,205.0,12,9,9,3,78.0,152.0,24.0,1.0,0.0,1.0,G2,13,C9,5,1,0.671,0.461,1.132
Icebox,jawgemo,G2,Gekko,1.17,199.0,13,11,4,2,67.0,123.0,35.0,1.0,2.0,-1.0,G2,13,C9,5,1,0.636,0.334,0.97
Icebox,valyn,G2,Harbor,1.14,234.0,15,12,5,3,78.0,158.0,22.0,1.0,2.0,-1.0,G2,13,C9,5,1,0.68,0.36,1.04
Icebox,JonahP,G2,Viper,0.77,155.0,9,12,6,-3,56.0,120.0,21.0,2.0,4.0,-2.0,G2,13,C9,5,1,0.474,0.287,0.76
Icebox,v1c,C9,Viper,1.12,224.0,12,12,6,0,78.0,178.0,24.0,0.0,1.0,-1.0,G2,13,C9,5,0,0.63,0.378,1.009
Icebox,Xeppaa,C9,Sova,0.91,203.0,13,13,2,0,50.0,137.0,31.0,3.0,2.0,1.0,G2,13,C9,5,0,0.615,0.284,0.899
Icebox,neT,C9,Killjoy,0.88,208.0,13,14,3,-1,72.0,132.0,21.0,2.0,1.0,1.0,G2,13,C9,5,0,0.567,0.327,0.894
Icebox,mitch,C9,Harbor,0.71,140.0,9,12,6,-3,67.0,86.0,13.0,2.0,2.0,0.0,G2,13,C9,5,0,0.425,0.316,0.74
Icebox,OXY,C9,Jett,0.44,131.0,8,17,3,-9,67.0,80.0,25.0,3.0,2.0,1.0,G2,13,C9,5,0,0.393,0.268,0.66
Haven,jawgemo,G2,Yoru,1.14,241.0,14,14,5,0,71.0,148.0,26.0,5.0,3.0,2.0,G2,4,C9,13,0,0.663,0.374,1.037
Haven,JonahP,G2,Breach,0.8,152.0,9,14,5,-5,47.0,109.0,21.0,0.0,1.0,-1.0,G2,4,C9,13,0,0.423,0.281,0.705
Haven,trent,G2,Tejo,0.79,173.0,10,14,7,-4,65.0,118.0,23.0,0.0,3.0,-3.0,G2,4,C9,13,0,0.461,0.311,0.772
Haven,leaf,G2,Vyse,0.77,195.0,10,15,7,-5,65.0,130.0,23.0,0.0,2.0,-2.0,G2,4,C9,13,0,0.462,0.313,0.775
Haven,valyn,G2,Astra,0.69,130.0,7,14,8,-7,65.0,81.0,9.0,2.0,1.0,1.0,G2,4,C9,13,0,0.367,0.351,0.718
Haven,neT,C9,Cypher,1.4,195.0,15,7,2,8,76.0,140.0,43.0,2.0,0.0,2.0,G2,4,C9,13,1,0.748,0.406,1.154
Haven,OXY,C9,Jett,1.31,335.0,19,13,5,6,71.0,211.0,16.0,6.0,4.0,2.0,G2,4,C9,13,1,0.815,0.392,1.207
Haven,Xeppaa,C9,Sova,1.23,212.0,14,10,9,4,76.0,151.0,33.0,1.0,1.0,0.0,G2,4,C9,13,1,0.699,0.429,1.128
Haven,mitch,C9,Breach,1.17,226.0,13,11,12,2,76.0,160.0,22.0,1.0,0.0,1.0,G2,4,C9,13,1,0.656,0.44,1.097
Haven,v1c,C9,Omen,1.13,159.0,10,9,8,1,76.0,114.0,24.0,0.0,2.0,-2.0,G2,4,C9,13,1,0.564,0.381,0.945
Pearl,trent,G2,Tejo,1.49,237.0,22,12,9,10,88.0,153.0,32.0,3.0,0.0,3.0,G2,13,C9,11,1,0.814,0.505,1.319
Pearl,jawgemo,G2,Yoru,1.13,263.0,22,19,6,3,75.0,166.0,28.0,6.0,4.0,2.0,G2,13,C9,11,1,0.764,0.391,1.155
Pearl,JonahP,G2,Fade,1.09,191.0,16,16,13,0,83.0,106.0,21.0,3.0,3.0,0.0,G2,13,C9,11,1,0.608,0.416,1.024
Pearl,valyn,G2,Astra,0.98,202.0,16,17,12,-1,92.0,145.0,24.0,1.0,0.0,1.0,G2,13,C9,11,1,0.586,0.447,1.033
Pearl,leaf,G2,Vyse,0.96,164.0,15,15,7,0,75.0,95.0,20.0,2.0,2.0,0.0,G2,13,C9,11,1,0.553,0.367,0.92
Pearl,mitch,C9,Sova,1.28,258.0,20,17,8,3,71.0,189.0,27.0,2.0,1.0,1.0,G2,13,C9,11,0,0.771,0.423,1.195
Pearl,Xeppaa,C9,Yoru,0.95,203.0,18,19,6,-1,67.0,139.0,35.0,4.0,2.0,2.0,G2,13,C9,11,0,0.633,0.358,0.991
Pearl,v1c,C9,Astra,0.93,139.0,12,16,10,-4,63.0,94.0,30.0,0.0,1.0,-1.0,G2,13,C9,11,0,0.462,0.367,0.829
Pearl,neT,C9,Cypher,0.81,179.0,16,18,6,-2,75.0,105.0,32.0,2.0,4.0,-2.0,G2,13,C9,11,0,0.542,0.323,0.864
Pearl,OXY,C9,Jett,0.55,156.0,13,21,7,-8,54.0,106.0,22.0,1.0,7.0,-6.0,G2,13,C9,11,0,0.417,0.267,0.683
Haven,mada,NRG,Jett,1.48,264.0,18,11,4,7,84.0,156.0,26.0,4.0,1.0,3.0,NRG,6,MIBR,13,0,0.807,0.433,1.241
Haven,Ethan,NRG,Yoru,1.03,192.0,13,12,2,1,74.0,122.0,20.0,4.0,2.0,2.0,NRG,6,MIBR,13,0,0.612,0.345,0.958
Haven,brawk,NRG,Sova,0.77,186.0,10,16,9,-6,74.0,137.0,8.0,0.0,1.0,-1.0,NRG,6,MIBR,13,0,0.435,0.368,0.803
Haven,s0m,NRG,Omen,0.5,113.0,8,15,8,-7,68.0,79.0,22.0,1.0,4.0,-3.0,NRG,6,MIBR,13,0,0.35,0.296,0.646
Haven,FiNESSE,NRG,Cypher,0.48,109.0,7,16,3,-9,58.0,85.0,15.0,1.0,1.0,0.0,NRG,6,MIBR,13,0,0.335,0.253,0.588
Haven,Verno,MIBR,Tejo,1.95,297.0,22,7,3,15,95.0,207.0,32.0,0.0,0.0,0.0,NRG,6,MIBR,13,1,0.834,0.428,1.262
Haven,aspas,MIBR,Jett,1.2,251.0,16,12,4,4,74.0,172.0,22.0,5.0,4.0,1.0,NRG,6,MIBR,13,1,0.753,0.366,1.119
Haven,artzin,MIBR,Breach,0.89,173.0,11,13,7,-2,74.0,113.0,18.0,1.0,3.0,-2.0,NRG,6,MIBR,13,1,0.495,0.341,0.836
Haven,xenom,MIBR,Omen,0.87,158.0,11,14,6,-3,74.0,109.0,40.0,3.0,1.0,2.0,NRG,6,MIBR,13,1,0.527,0.371,0.898
Haven,cortezia,MIBR,Cypher,0.85,128.0,10,10,2,0,68.0,97.0,35.0,0.0,2.0,-2.0,NRG,6,MIBR,13,1,0.507,0.282,0.789
Icebox,Ethan,NRG,Harbor,1.45,289.0,19,16,7,3,89.0,187.0,35.0,2.0,1.0,1.0,NRG,5,MIBR,13,0,0.808,0.46,1.269
Icebox,FiNESSE,NRG,Killjoy,0.86,142.0,11,12,2,-1,50.0,81.0,19.0,1.0,1.0,0.0,NRG,5,MIBR,13,0,0.473,0.279,0.752
Icebox,s0m,NRG,Viper,0.8,209.0,13,16,4,-3,83.0,134.0,23.0,1.0,3.0,-2.0,NRG,5,MIBR,13,0,0.518,0.313,0.831
Icebox,mada,NRG,Jett,0.64,176.0,9,16,5,-7,56.0,128.0,20.0,3.0,6.0,-3.0,NRG,5,MIBR,13,0,0.459,0.257,0.716
Icebox,brawk,NRG,Sova,0.51,134.0,9,15,2,-6,61.0,89.0,24.0,0.0,0.0,0.0,NRG,5,MIBR,13,0,0.375,0.27,0.645
Icebox,aspas,MIBR,Jett,1.7,335.0,23,11,1,12,89.0,229.0,30.0,5.0,0.0,5.0,NRG,5,MIBR,13,1,0.861,0.44,1.301
Icebox,Verno,MIBR,Sova,1.2,246.0,16,11,5,5,78.0,159.0,17.0,2.0,1.0,1.0,NRG,5,MIBR,13,1,0.735,0.393,1.127
Icebox,xenom,MIBR,Viper,1.11,227.0,16,12,4,4,61.0,162.0,52.0,0.0,2.0,-2.0,NRG,5,MIBR,13,1,0.73,0.309,1.039
Icebox,cortezia,MIBR,Killjoy,1.07,231.0,15,15,3,0,78.0,162.0,41.0,2.0,2.0,0.0,NRG,5,MIBR,13,1,0.667,0.339,1.006
Icebox,artzin,MIBR,Harbor,0.43,80.0,5,12,4,-7,61.0,52.0,26.0,2.0,2.0,0.0,NRG,5,MIBR,13,1,0.347,0.26,0.607
Lotus,Khalil,FUR,Omen,0.98,208.0,23,22,7,1,77.0,134.0,26.0,3.0,4.0,-1.0,FUR,14,C9,16,0,0.668,0.364,1.032
Lotus,havoc,FUR,Neon,0.97,242.0,24,24,8,0,77.0,158.0,31.0,11.0,3.0,8.0,FUR,14,C9,16,0,0.69,0.404,1.094
Lotus,raafa,FUR,Breach,0.97,156.0,18,18,9,0,83.0,101.0,20.0,0.0,0.0,0.0,FUR,14,C9,16,0,0.553,0.422,0.975
Lotus,heat,FUR,Clove,0.93,207.0,23,21,5,2,63.0,142.0,39.0,3.0,3.0,0.0,FUR,14,C9,16,0,0.698,0.321,1.019
Lotus,pryze,FUR,Fade,0.81,152.0,16,20,13,-4,80.0,102.0,33.0,0.0,3.0,-3.0,FUR,14,C9,16,0,0.483,0.36,0.843
Lotus,v1c,C9,Omen,1.4,247.0,27,18,9,9,83.0,151.0,36.0,4.0,2.0,2.0,FUR,14,C9,16,1,0.815,0.466,1.281
Lotus,OXY,C9,Neon,1.17,262.0,27,22,6,5,73.0,161.0,24.0,8.0,9.0,-1.0,FUR,14,C9,16,1,0.789,0.366,1.155
Lotus,mitch,C9,Breach,1.02,199.0,20,24,11,-4,73.0,135.0,30.0,0.0,1.0,-1.0,FUR,14,C9,16,1,0.564,0.393,0.957
Lotus,Xeppaa,C9,Tejo,1.01,188.0,20,20,8,0,70.0,127.0,32.0,0.0,2.0,-2.0,FUR,14,C9,16,1,0.615,0.358,0.973
Lotus,neT,C9,Cypher,0.58,92.0,10,20,3,-10,63.0,69.0,33.0,1.0,3.0,-2.0,FUR,14,C9,16,1,0.368,0.245,0.612
Pearl,raafa,FUR,Kayo,0.65,172.0,7,13,3,-6,43.0,110.0,8.0,2.0,1.0,1.0,FUR,1,C9,13,0,0.4,0.254,0.653
Pearl,Khalil,FUR,Astra,0.62,158.0,7,12,2,-5,43.0,98.0,17.0,1.0,3.0,-2.0,FUR,1,C9,13,0,0.385,0.215,0.6
Pearl,heat,FUR,Vyse,0.55,130.0,5,12,3,-7,57.0,82.0,50.0,1.0,0.0,1.0,FUR,1,C9,13,0,0.394,0.276,0.669
Pearl,havoc,FUR,Jett,0.44,148.0,7,13,1,-6,43.0,88.0,16.0,2.0,3.0,-1.0,FUR,1,C9,13,0,0.373,0.21,0.583
Pearl,pryze,FUR,Tejo,0.33,105.0,5,13,3,-8,71.0,70.0,18.0,0.0,1.0,-1.0,FUR,1,C9,13,0,0.329,0.266,0.595
Pearl,Xeppaa,C9,Yoru,1.81,222.0,15,3,3,12,93.0,145.0,26.0,2.0,0.0,2.0,FUR,1,C9,13,1,0.751,0.442,1.193
Pearl,OXY,C9,Jett,1.53,289.0,14,8,5,6,93.0,207.0,23.0,3.0,0.0,3.0,FUR,1,C9,13,1,0.82,0.469,1.288
Pearl,v1c,C9,Astra,1.52,253.0,14,6,5,8,93.0,151.0,32.0,1.0,2.0,-1.0,FUR,1,C9,13,1,0.758,0.42,1.178
Pearl,neT,C9,Cypher,1.32,225.0,12,7,4,5,86.0,148.0,52.0,2.0,3.0,-1.0,FUR,1,C9,13,1,0.754,0.381,1.135
Pearl,mitch,C9,Sova,1.09,167.0,8,7,6,1,79.0,115.0,22.0,0.0,1.0,-1.0,FUR,1,C9,13,1,0.552,0.377,0.929
Lotus,valyn,G2,Omen,1.51,281.0,23,14,6,9,87.0,170.0,16.0,3.0,0.0,3.0,G2,13,LEV,10,1,0.823,0.47,1.293
Lotus,trent,G2,Tejo,1.26,201.0,17,13,7,4,74.0,147.0,32.0,0.0,2.0,-2.0,G2,13,LEV,10,1,0.707,0.38,1.087
Lotus,jawgemo,G2,Yoru,1.14,220.0,19,13,5,6,70.0,136.0,35.0,2.0,5.0,-3.0,G2,13,LEV,10,1,0.739,0.334,1.073
Lotus,leaf,G2,Viper,0.92,210.0,16,17,9,-1,65.0,139.0,26.0,4.0,4.0,0.0,G2,13,LEV,10,1,0.613,0.368,0.981
Lotus,JonahP,G2,Breach,0.65,105.0,8,17,13,-9,78.0,57.0,8.0,1.0,2.0,-1.0,G2,13,LEV,10,1,0.326,0.353,0.679
Lotus,Demon1,LEV,Neon,1.14,262.0,22,18,3,4,65.0,172.0,26.0,4.0,4.0,0.0,G2,13,LEV,10,0,0.781,0.325,1.105
Lotus,kiNgg,LEV,Omen,0.96,212.0,16,16,7,0,70.0,134.0,27.0,3.0,2.0,1.0,G2,13,LEV,10,0,0.631,0.367,0.998
Lotus,Rossy,LEV,Breach,0.78,157.0,13,17,10,-4,70.0,99.0,18.0,2.0,1.0,1.0,G2,13,LEV,10,0,0.461,0.38,0.84
Lotus,tex,LEV,Viper,0.73,142.0,12,15,3,-3,57.0,91.0,38.0,3.0,3.0,0.0,G2,13,LEV,10,0,0.495,0.268,0.763
Lotus,C0M,LEV,Tejo,0.71,154.0,11,17,6,-6,70.0,113.0,36.0,1.0,0.0,1.0,G2,13,LEV,10,0,0.446,0.348,0.794
Fracture,trent,G2,Tejo,1.4,241.0,23,15,6,8,83.0,151.0,19.0,4.0,0.0,4.0,G2,11,LEV,13,0,0.789,0.456,1.245
Fracture,valyn,G2,Brimstone,1.0,214.0,19,19,9,0,75.0,130.0,21.0,3.0,2.0,1.0,G2,11,LEV,13,0,0.639,0.402,1.041
Fracture,leaf,G2,Cypher,0.99,205.0,18,19,5,-1,71.0,139.0,24.0,2.0,3.0,-1.0,G2,11,LEV,13,0,0.609,0.332,0.942
Fracture,JonahP,G2,Breach,0.77,166.0,13,19,10,-6,67.0,97.0,29.0,4.0,1.0,3.0,G2,11,LEV,13,0,0.478,0.386,0.865
Fracture,jawgemo,G2,Waylay,0.51,146.0,11,21,4,-10,71.0,97.0,16.0,3.0,2.0,1.0,G2,11,LEV,13,0,0.413,0.288,0.701
Fracture,tex,LEV,Vyse,1.35,281.0,23,15,10,8,79.0,187.0,40.0,3.0,3.0,0.0,G2,11,LEV,13,1,0.854,0.437,1.291
Fracture,Demon1,LEV,Brimstone,1.24,270.0,22,18,11,4,83.0,178.0,38.0,1.0,4.0,-3.0,G2,11,LEV,13,1,0.784,0.411,1.194
Fracture,C0M,LEV,Tejo,1.18,178.0,17,13,3,4,75.0,123.0,31.0,1.0,0.0,1.0,G2,11,LEV,13,1,0.671,0.373,1.043
Fracture,Rossy,LEV,Breach,1.05,216.0,19,18,10,1,88.0,129.0,32.0,0.0,3.0,-3.0,G2,11,LEV,13,1,0.644,0.399,1.043
Fracture,kiNgg,LEV,Neon,0.52,161.0,12,20,7,-8,71.0,96.0,22.0,3.0,6.0,-3.0,G2,11,LEV,13,1,0.435,0.292,0.727
Haven,trent,G2,Tejo,1.57,263.0,20,11,5,9,80.0,171.0,24.0,0.0,2.0,-2.0,G2,13,LEV,7,1,0.793,0.39,1.183
Haven,valyn,G2,Astra,1.23,206.0,14,13,10,1,80.0,134.0,20.0,1.0,0.0,1.0,G2,13,LEV,7,1,0.623,0.453,1.076
Haven,leaf,G2,Vyse,1.17,274.0,18,14,9,4,65.0,182.0,31.0,5.0,3.0,2.0,G2,13,LEV,7,1,0.789,0.412,1.201
Haven,jawgemo,G2,Yoru,0.93,184.0,14,14,3,0,80.0,119.0,14.0,4.0,2.0,2.0,G2,13,LEV,7,1,0.575,0.345,0.92
Haven,JonahP,G2,Breach,0.72,156.0,11,14,10,-3,65.0,109.0,14.0,0.0,3.0,-3.0,G2,13,LEV,7,1,0.444,0.326,0.77
Haven,Rossy,LEV,Breach,1.3,249.0,18,14,7,4,80.0,157.0,31.0,1.0,0.0,1.0,G2,13,LEV,7,0,0.744,0.438,1.183
Haven,Demon1,LEV,Jett,1.07,252.0,18,17,2,1,70.0,162.0,42.0,4.0,5.0,-1.0,G2,13,LEV,7,0,0.722,0.317,1.039
Haven,C0M,LEV,Tejo,0.86,146.0,11,14,9,-3,75.0,88.0,18.0,2.0,1.0,1.0,G2,13,LEV,7,0,0.463,0.396,0.859
Haven,tex,LEV,Vyse,0.81,174.0,11,17,5,-6,80.0,103.0,41.0,3.0,0.0,3.0,G2,13,LEV,7,0,0.495,0.377,0.872
Haven,kiNgg,LEV,Omen,0.6,134.0,8,15,13,-7,65.0,97.0,30.0,0.0,4.0,-4.0,G2,13,LEV,7,0,0.393,0.313,0.706
Pearl,v1c,C9,Astra,1.48,231.0,20,11,5,9,91.0,147.0,40.0,2.0,2.0,0.0,C9,13,MIBR,9,1,0.797,0.425,1.222
Pearl,Xeppaa,C9,Yoru,1.26,241.0,20,14,3,6,73.0,164.0,36.0,5.0,2.0,3.0,C9,13,MIBR,9,1,0.801,0.372,1.173
Pearl,neT,C9,Cypher,0.83,140.0,11,13,2,-2,64.0,85.0,23.0,0.0,1.0,-1.0,C9,13,MIBR,9,1,0.462,0.291,0.753
Pearl,OXY,C9,Jett,0.82,230.0,18,18,2,0,73.0,135.0,20.0,5.0,4.0,1.0,C9,13,MIBR,9,1,0.625,0.313,0.937
Pearl,mitch,C9,Sova,0.51,106.0,8,15,7,-7,73.0,78.0,29.0,0.0,1.0,-1.0,C9,13,MIBR,9,1,0.357,0.316,0.673
Pearl,cortezia,MIBR,Vyse,1.33,260.0,20,14,2,6,68.0,169.0,41.0,4.0,2.0,2.0,C9,13,MIBR,9,0,0.826,0.367,1.193
Pearl,Verno,MIBR,Tejo,1.04,203.0,15,14,5,1,73.0,141.0,24.0,1.0,1.0,0.0,C9,13,MIBR,9,0,0.616,0.359,0.975
Pearl,aspas,MIBR,Waylay,0.86,197.0,17,17,2,0,64.0,130.0,50.0,3.0,4.0,-1.0,C9,13,MIBR,9,0,0.641,0.285,0.926
Pearl,xenom,MIBR,Astra,0.78,139.0,10,14,9,-4,91.0,92.0,36.0,1.0,1.0,0.0,C9,13,MIBR,9,0,0.443,0.406,0.849
Pearl,artzin,MIBR,Kayo,0.54,133.0,9,18,7,-9,64.0,85.0,13.0,1.0,4.0,-3.0,C9,13,MIBR,9,0,0.358,0.282,0.64
Lotus,neT,C9,Cypher,1.25,225.0,23,17,8,6,75.0,142.0,22.0,1.0,1.0,0.0,C9,13,MIBR,15,0,0.734,0.418,1.152
Lotus,mitch,C9,Breach,1.21,218.0,22,20,14,2,82.0,144.0,19.0,0.0,1.0,-1.0,C9,13,MIBR,15,0,0.678,0.428,1.107
Lotus,v1c,C9,Omen,1.2,254.0,24,20,11,4,64.0,159.0,45.0,5.0,4.0,1.0,C9,13,MIBR,15,0,0.797,0.405,1.202
Lotus,OXY,C9,Neon,0.8,237.0,21,25,7,-4,64.0,152.0,27.0,8.0,7.0,1.0,C9,13,MIBR,15,0,0.601,0.34,0.941
Lotus,Xeppaa,C9,Tejo,0.6,104.0,10,20,6,-10,86.0,86.0,19.0,0.0,1.0,-1.0,C9,13,MIBR,15,0,0.366,0.337,0.702
Lotus,Verno,MIBR,Tejo,1.2,188.0,19,16,13,3,86.0,125.0,26.0,1.0,0.0,1.0,C9,13,MIBR,15,1,0.666,0.46,1.127
Lotus,cortezia,MIBR,Vyse,1.05,229.0,21,20,9,1,68.0,154.0,33.0,3.0,1.0,2.0,C9,13,MIBR,15,1,0.707,0.414,1.121
Lotus,xenom,MIBR,Omen,1.03,208.0,22,20,12,2,75.0,135.0,28.0,1.0,7.0,-6.0,C9,13,MIBR,15,1,0.661,0.375,1.037
Lotus,aspas,MIBR,Neon,0.89,202.0,23,22,3,1,71.0,139.0,30.0,5.0,4.0,1.0,C9,13,MIBR,15,1,0.664,0.317,0.981
Lotus,artzin,MIBR,Breach,0.89,196.0,17,23,15,-6,82.0,121.0,27.0,4.0,2.0,2.0,C9,13,MIBR,15,1,0.537,0.411,0.948
Haven,OXY,C9,Jett,1.38,326.0,27,20,3,7,83.0,203.0,47.0,7.0,5.0,2.0,C9,11,MIBR,13,0,0.871,0.397,1.268
Haven,v1c,C9,Omen,1.27,211.0,18,14,14,4,88.0,128.0,48.0,1.0,1.0,0.0,C9,11,MIBR,13,0,0.722,0.453,1.176
Haven,Xeppaa,C9,Sova,1.11,209.0,17,15,7,2,83.0,127.0,22.0,2.0,1.0,1.0,C9,11,MIBR,13,0,0.654,0.414,1.068
Haven,neT,C9,Cypher,0.49,99.0,8,17,3,-9,75.0,67.0,12.0,0.0,3.0,-3.0,C9,11,MIBR,13,0,0.318,0.251,0.568
Haven,mitch,C9,Breach,0.47,89.0,6,18,13,-12,63.0,58.0,10.0,0.0,4.0,-4.0,C9,11,MIBR,13,0,0.305,0.298,0.603
Haven,aspas,MIBR,Jett,1.6,303.0,27,14,3,13,88.0,189.0,44.0,7.0,4.0,3.0,C9,11,MIBR,13,1,0.876,0.42,1.296
Haven,cortezia,MIBR,Cypher,1.29,251.0,22,15,5,7,75.0,154.0,36.0,3.0,1.0,2.0,C9,11,MIBR,13,1,0.807,0.406,1.213
Haven,Verno,MIBR,Tejo,0.86,124.0,11,12,6,-1,75.0,82.0,22.0,0.0,0.0,0.0,C9,11,MIBR,13,1,0.469,0.364,0.833
Haven,xenom,MIBR,Omen,0.8,160.0,13,17,15,-4,83.0,106.0,32.0,1.0,1.0,0.0,C9,11,MIBR,13,1,0.473,0.395,0.868
Haven,artzin,MIBR,Breach,0.64,163.0,11,18,10,-7,75.0,120.0,21.0,3.0,4.0,-1.0,C9,11,MIBR,13,1,0.458,0.347,0.805
Ascent,pryze,FUR,Sova,1.2,256.0,14,13,4,1,82.0,153.0,26.0,0.0,1.0,-1.0,FUR,4,LEV,13,0,0.665,0.371,1.036
Ascent,Khalil,FUR,Omen,1.07,235.0,14,14,4,0,71.0,144.0,18.0,1.0,0.0,1.0,FUR,4,LEV,13,0,0.608,0.365,0.974
Ascent,heat,FUR,Vyse,0.69,149.0,9,14,4,-5,71.0,96.0,38.0,4.0,2.0,2.0,FUR,4,LEV,13,0,0.454,0.315,0.769
Ascent,havoc,FUR,Yoru,0.47,115.0,7,14,4,-7,59.0,87.0,33.0,2.0,4.0,-2.0,FUR,4,LEV,13,0,0.38,0.24,0.62
Ascent,raafa,FUR,Tejo,0.45,138.0,7,15,3,-8,59.0,95.0,16.0,1.0,2.0,-1.0,FUR,4,LEV,13,0,0.357,0.237,0.594
Ascent,C0M,LEV,Tejo,1.92,307.0,21,7,4,14,88.0,214.0,33.0,1.0,0.0,1.0,FUR,4,LEV,13,1,0.835,0.436,1.271
Ascent,Demon1,LEV,Omen,1.26,252.0,16,12,12,4,88.0,156.0,42.0,1.0,2.0,-1.0,FUR,4,LEV,13,1,0.744,0.434,1.178
Ascent,tex,LEV,Vyse,1.1,229.0,12,11,3,1,88.0,151.0,33.0,1.0,1.0,0.0,FUR,4,LEV,13,1,0.639,0.368,1.008
Ascent,kiNgg,LEV,Waylay,1.09,203.0,13,10,1,3,76.0,134.0,24.0,4.0,3.0,1.0,FUR,4,LEV,13,1,0.668,0.346,1.014
Ascent,Rossy,LEV,Kayo,0.76,117.0,8,11,9,-3,82.0,74.0,22.0,2.0,2.0,0.0,FUR,4,LEV,13,1,0.421,0.38,0.801
Pearl,heat,FUR,Vyse,1.18,257.0,16,15,1,1,50.0,155.0,40.0,0.0,1.0,-1.0,FUR,5,LEV,13,0,0.69,0.304,0.995
Pearl,Khalil,FUR,Astra,0.69,145.0,10,15,4,-5,72.0,102.0,42.0,2.0,1.0,1.0,FUR,5,LEV,13,0,0.449,0.318,0.767
Pearl,raafa,FUR,Tejo,0.66,162.0,9,15,6,-6,61.0,114.0,12.0,0.0,4.0,-4.0,FUR,5,LEV,13,0,0.401,0.279,0.68
Pearl,havoc,FUR,Yoru,0.5,151.0,10,16,0,-6,50.0,91.0,22.0,3.0,3.0,0.0,FUR,5,LEV,13,0,0.415,0.232,0.647
Pearl,pryze,FUR,Fade,0.28,98.0,6,16,2,-10,44.0,67.0,21.0,0.0,4.0,-4.0,FUR,5,LEV,13,0,0.328,0.199,0.527
Pearl,kiNgg,LEV,Yoru,1.51,270.0,18,9,3,9,89.0,164.0,35.0,5.0,0.0,5.0,FUR,5,LEV,13,1,0.827,0.44,1.267
Pearl,tex,LEV,Vyse,1.44,267.0,19,10,3,9,89.0,154.0,33.0,3.0,0.0,3.0,FUR,5,LEV,13,1,0.818,0.437,1.254
Pearl,Demon1,LEV,Astra,1.31,232.0,17,10,6,7,89.0,157.0,42.0,3.0,0.0,3.0,FUR,5,LEV,13,1,0.79,0.456,1.246
Pearl,Rossy,LEV,Tejo,1.21,198.0,14,11,2,3,72.0,141.0,46.0,2.0,3.0,-1.0,FUR,5,LEV,13,1,0.698,0.335,1.033
Pearl,C0M,LEV,Fade,0.9,150.0,9,11,12,-2,83.0,103.0,20.0,0.0,2.0,-2.0,FUR,5,LEV,13,1,0.473,0.379,0.852
Lotus,jawgemo,G2,Yoru,2.46,460.0,27,7,5,20,100.0,294.0,30.0,2.0,1.0,1.0,G2,13,NRG,1,1,0.846,0.458,1.304
Lotus,leaf,G2,Viper,1.33,296.0,16,8,4,8,93.0,193.0,19.0,4.0,1.0,3.0,G2,13,NRG,1,1,0.808,0.433,1.242
Lotus,valyn,G2,Omen,1.18,142.0,7,6,10,1,79.0,94.0,25.0,1.0,2.0,-1.0,G2,13,NRG,1,1,0.536,0.411,0.946
Lotus,JonahP,G2,Breach,1.16,138.0,7,5,7,2,93.0,89.0,17.0,2.0,0.0,2.0,G2,13,NRG,1,1,0.546,0.454,1.0
Lotus,trent,G2,Tejo,1.14,204.0,10,7,3,3,93.0,147.0,38.0,1.0,0.0,1.0,G2,13,NRG,1,1,0.656,0.399,1.054
Lotus,brawk,NRG,Tejo,0.71,199.0,8,13,5,-5,64.0,139.0,23.0,0.0,2.0,-2.0,G2,13,NRG,1,0,0.454,0.282,0.737
Lotus,Ethan,NRG,Breach,0.7,164.0,7,13,4,-6,64.0,106.0,8.0,0.0,0.0,0.0,G2,13,NRG,1,0,0.383,0.306,0.689
Lotus,FiNESSE,NRG,Vyse,0.57,150.0,5,14,4,-9,43.0,114.0,18.0,2.0,0.0,2.0,G2,13,NRG,1,0,0.403,0.274,0.677
Lotus,s0m,NRG,Omen,0.55,137.0,7,13,3,-6,64.0,82.0,26.0,0.0,4.0,-4.0,G2,13,NRG,1,0,0.37,0.239,0.609
Lotus,mada,NRG,Raze,0.45,137.0,6,14,2,-8,71.0,97.0,29.0,2.0,4.0,-2.0,G2,13,NRG,1,0,0.392,0.248,0.641
Ascent,jawgemo,G2,Waylay,1.33,266.0,19,13,4,6,63.0,173.0,16.0,4.0,3.0,1.0,G2,13,NRG,6,1,0.794,0.361,1.155
Ascent,leaf,G2,Vyse,1.13,192.0,15,11,3,4,68.0,107.0,22.0,3.0,0.0,3.0,G2,13,NRG,6,1,0.67,0.369,1.039
Ascent,trent,G2,Tejo,1.1,181.0,13,11,5,2,68.0,115.0,12.0,1.0,2.0,-1.0,G2,13,NRG,6,1,0.581,0.339,0.92
Ascent,JonahP,G2,Kayo,0.99,187.0,12,12,12,0,68.0,107.0,16.0,2.0,1.0,1.0,G2,13,NRG,6,1,0.555,0.399,0.953
Ascent,valyn,G2,Omen,0.78,193.0,12,16,7,-4,58.0,135.0,14.0,1.0,2.0,-1.0,G2,13,NRG,6,1,0.475,0.311,0.786
Ascent,Ethan,NRG,Kayo,1.05,212.0,13,14,11,-1,84.0,131.0,20.0,1.0,1.0,0.0,G2,13,NRG,6,0,0.57,0.423,0.993
Ascent,brawk,NRG,Sova,1.05,220.0,12,12,6,0,84.0,167.0,17.0,1.0,3.0,-2.0,G2,13,NRG,6,0,0.603,0.363,0.966
Ascent,mada,NRG,Jett,0.94,234.0,15,16,3,-1,74.0,147.0,18.0,5.0,3.0,2.0,G2,13,NRG,6,0,0.615,0.336,0.951
Ascent,FiNESSE,NRG,Cypher,0.85,159.0,10,14,3,-4,63.0,116.0,35.0,1.0,3.0,-2.0,G2,13,NRG,6,0,0.475,0.273,0.748
Ascent,s0m,NRG,Omen,0.8,182.0,13,15,7,-2,79.0,110.0,32.0,0.0,1.0,-1.0,G2,13,NRG,6,0,0.517,0.357,0.874
Split,Demon1,LEV,Omen,1.1,193.0,14,14,6,0,62.0,129.0,50.0,2.0,1.0,1.0,LEV,8,C9,13,0,0.635,0.367,1.002
Split,Rossy,LEV,Breach,1.06,250.0,19,17,6,2,71.0,170.0,38.0,0.0,2.0,-2.0,LEV,8,C9,13,0,0.711,0.342,1.053
Split,kiNgg,LEV,Yoru,1.03,229.0,16,16,3,0,67.0,160.0,43.0,5.0,6.0,-1.0,LEV,8,C9,13,0,0.682,0.308,0.99
Split,C0M,LEV,Tejo,0.85,161.0,12,16,6,-4,76.0,105.0,19.0,0.0,1.0,-1.0,LEV,8,C9,13,0,0.456,0.346,0.802
Split,tex,LEV,Viper,0.62,133.0,9,16,5,-7,71.0,97.0,43.0,2.0,2.0,0.0,LEV,8,C9,13,0,0.429,0.302,0.731
Split,Xeppaa,C9,Tejo,1.33,244.0,19,12,4,7,81.0,164.0,24.0,0.0,3.0,-3.0,LEV,8,C9,13,1,0.76,0.361,1.121
Split,OXY,C9,Yoru,1.15,228.0,18,14,2,4,76.0,130.0,31.0,4.0,2.0,2.0,LEV,8,C9,13,1,0.731,0.361,1.092
Split,neT,C9,Viper,1.06,174.0,14,12,3,2,76.0,119.0,30.0,2.0,0.0,2.0,LEV,8,C9,13,1,0.623,0.37,0.994
Split,v1c,C9,Omen,0.97,233.0,18,15,6,3,81.0,131.0,30.0,3.0,2.0,1.0,LEV,8,C9,13,1,0.698,0.375,1.074
Split,mitch,C9,Breach,0.71,155.0,10,17,12,-7,71.0,101.0,22.0,3.0,2.0,1.0,LEV,8,C9,13,1,0.446,0.365,0.811
Ascent,Demon1,LEV,Omen,0.79,193.0,10,16,5,-6,56.0,130.0,48.0,3.0,1.0,2.0,LEV,3,C9,13,0,0.523,0.321,0.844
Ascent,kiNgg,LEV,Yoru,0.7,159.0,8,14,2,-6,44.0,106.0,25.0,0.0,2.0,-2.0,LEV,3,C9,13,0,0.415,0.226,0.641
Ascent,tex,LEV,Cypher,0.69,151.0,8,14,2,-6,38.0,111.0,43.0,2.0,5.0,-3.0,LEV,3,C9,13,0,0.45,0.21,0.66
Ascent,Rossy,LEV,Deadlock,0.37,73.0,4,14,0,-10,38.0,60.0,29.0,0.0,3.0,-3.0,LEV,3,C9,13,0,0.336,0.189,0.525
Ascent,C0M,LEV,Sova,0.34,97.0,5,15,2,-10,50.0,74.0,22.0,0.0,0.0,0.0,LEV,3,C9,13,0,0.333,0.249,0.583
Ascent,v1c,C9,Omen,2.13,347.0,20,4,20,16,100.0,212.0,28.0,1.0,1.0,0.0,LEV,3,C9,13,1,0.824,0.494,1.318
Ascent,Xeppaa,C9,Vyse,1.56,246.0,14,5,5,9,100.0,149.0,21.0,2.0,0.0,2.0,LEV,3,C9,13,1,0.754,0.476,1.23
Ascent,OXY,C9,Yoru,1.42,274.0,17,8,4,9,81.0,170.0,30.0,6.0,2.0,4.0,LEV,3,C9,13,1,0.817,0.414,1.23
Ascent,mitch,C9,Sova,1.08,183.0,11,9,5,2,94.0,120.0,13.0,1.0,1.0,0.0,LEV,3,C9,13,1,0.576,0.398,0.974
Ascent,neT,C9,Deadlock,0.99,183.0,11,9,3,2,88.0,126.0,43.0,1.0,1.0,0.0,LEV,3,C9,13,1,0.611,0.356,0.967
Pearl,trent,G2,Tejo,1.43,254.0,24,15,9,9,88.0,170.0,16.0,2.0,0.0,2.0,G2,12,MIBR,14,0,0.791,0.497,1.288
Pearl,leaf,G2,Vyse,1.09,227.0,19,18,7,1,73.0,164.0,23.0,2.0,3.0,-1.0,G2,12,MIBR,14,0,0.68,0.369,1.049
Pearl,valyn,G2,Astra,0.93,180.0,15,19,17,-4,77.0,115.0,20.0,4.0,4.0,0.0,G2,12,MIBR,14,0,0.526,0.389,0.915
Pearl,jawgemo,G2,Yoru,0.85,178.0,19,21,4,-2,50.0,104.0,26.0,4.0,4.0,0.0,G2,12,MIBR,14,0,0.566,0.28,0.846
Pearl,JonahP,G2,Fade,0.76,130.0,10,18,15,-8,81.0,92.0,22.0,1.0,2.0,-1.0,G2,12,MIBR,14,0,0.404,0.369,0.773
Pearl,Verno,MIBR,Tejo,1.18,213.0,19,16,8,3,88.0,135.0,22.0,3.0,2.0,1.0,G2,12,MIBR,14,1,0.707,0.432,1.139
Pearl,aspas,MIBR,Waylay,1.1,242.0,23,17,1,6,62.0,147.0,27.0,5.0,5.0,0.0,G2,12,MIBR,14,1,0.767,0.315,1.082
Pearl,cortezia,MIBR,Vyse,1.03,191.0,18,17,6,1,73.0,109.0,50.0,2.0,2.0,0.0,G2,12,MIBR,14,1,0.647,0.36,1.007
Pearl,xenom,MIBR,Astra,0.91,140.0,15,16,5,-1,73.0,89.0,48.0,0.0,1.0,-1.0,G2,12,MIBR,14,1,0.536,0.337,0.872
Pearl,artzin,MIBR,Kayo,0.74,193.0,16,21,4,-5,65.0,124.0,18.0,3.0,3.0,0.0,G2,12,MIBR,14,1,0.504,0.293,0.797
Haven,valyn,G2,Astra,1.45,271.0,23,16,7,7,88.0,169.0,26.0,1.0,1.0,0.0,G2,13,MIBR,11,1,0.801,0.45,1.251
Haven,jawgemo,G2,Yoru,1.09,224.0,20,17,5,3,63.0,150.0,23.0,2.0,8.0,-6.0,G2,13,MIBR,11,1,0.704,0.317,1.021
Haven,JonahP,G2,Breach,0.99,150.0,11,15,12,-4,67.0,99.0,24.0,3.0,2.0,1.0,G2,13,MIBR,11,1,0.495,0.388,0.882
Haven,leaf,G2,Vyse,0.98,205.0,14,18,11,-4,79.0,143.0,17.0,3.0,1.0,2.0,G2,13,MIBR,11,1,0.552,0.424,0.976
Haven,trent,G2,Tejo,0.51,98.0,8,18,5,-10,54.0,65.0,12.0,0.0,3.0,-3.0,G2,13,MIBR,11,1,0.318,0.24,0.558
Haven,xenom,MIBR,Omen,1.14,201.0,17,14,11,3,79.0,118.0,33.0,1.0,0.0,1.0,G2,13,MIBR,11,0,0.662,0.442,1.104
Haven,cortezia,MIBR,Cypher,1.13,230.0,20,16,4,4,75.0,150.0,39.0,2.0,1.0,1.0,G2,13,MIBR,11,0,0.746,0.369,1.115
Haven,aspas,MIBR,Jett,1.06,200.0,18,14,3,4,79.0,127.0,24.0,4.0,4.0,0.0,G2,13,MIBR,11,0,0.696,0.34,1.036
Haven,artzin,MIBR,Breach,0.96,198.0,14,18,18,-4,83.0,134.0,23.0,5.0,3.0,2.0,G2,13,MIBR,11,0,0.55,0.42,0.969
Haven,Verno,MIBR,Tejo,0.89,179.0,15,14,8,1,71.0,116.0,20.0,3.0,1.0,2.0,G2,13,MIBR,11,0,0.596,0.39,0.987
Ascent,leaf,G2,Vyse,1.76,312.0,25,13,7,12,95.0,213.0,31.0,1.0,1.0,0.0,G2,13,MIBR,8,1,0.832,0.464,1.296
Ascent,jawgemo,G2,Waylay,1.61,288.0,25,13,2,12,67.0,180.0,31.0,5.0,5.0,0.0,G2,13,MIBR,8,1,0.855,0.363,1.218
Ascent,trent,G2,Tejo,1.15,247.0,14,16,16,-2,86.0,182.0,22.0,2.0,0.0,2.0,G2,13,MIBR,8,1,0.638,0.463,1.102
Ascent,JonahP,G2,Kayo,1.01,189.0,14,14,12,0,90.0,116.0,19.0,3.0,0.0,3.0,G2,13,MIBR,8,1,0.593,0.46,1.053
Ascent,valyn,G2,Omen,0.4,83.0,6,15,7,-9,81.0,51.0,24.0,0.0,4.0,-4.0,G2,13,MIBR,8,1,0.329,0.306,0.635
Ascent,Verno,MIBR,Sova,1.39,284.0,20,14,7,6,71.0,184.0,27.0,0.0,0.0,0.0,G2,13,MIBR,8,0,0.807,0.424,1.232
Ascent,aspas,MIBR,Jett,0.92,226.0,16,18,3,-2,90.0,150.0,26.0,4.0,3.0,1.0,G2,13,MIBR,8,0,0.613,0.352,0.964
Ascent,cortezia,MIBR,Cypher,0.87,200.0,16,18,4,-2,57.0,133.0,40.0,1.0,4.0,-3.0,G2,13,MIBR,8,0,0.571,0.272,0.843
Ascent,xenom,MIBR,Omen,0.76,148.0,11,16,11,-5,71.0,93.0,19.0,1.0,0.0,1.0,G2,13,MIBR,8,0,0.413,0.388,0.801
Ascent,artzin,MIBR,Kayo,0.46,131.0,8,18,6,-10,57.0,92.0,14.0,4.0,4.0,0.0,G2,13,MIBR,8,0,0.383,0.276,0.659
Lotus,s0m,NRG,Omen,1.58,298.0,25,13,9,12,74.0,214.0,33.0,3.0,2.0,1.0,NRG,10,FUR,13,0,0.865,0.45,1.315
Lotus,FiNESSE,NRG,Vyse,0.93,204.0,15,18,8,-3,74.0,129.0,37.0,3.0,1.0,2.0,NRG,10,FUR,13,0,0.583,0.4,0.983
Lotus,brawk,NRG,Tejo,0.92,175.0,14,16,7,-2,74.0,112.0,20.0,1.0,0.0,1.0,NRG,10,FUR,13,0,0.516,0.388,0.904
Lotus,Ethan,NRG,Breach,0.92,147.0,11,14,7,-3,74.0,96.0,11.0,3.0,3.0,0.0,NRG,10,FUR,13,0,0.477,0.361,0.838
Lotus,mada,NRG,Neon,0.6,132.0,10,16,5,-6,52.0,100.0,24.0,3.0,4.0,-1.0,NRG,10,FUR,13,0,0.426,0.259,0.685
Lotus,havoc,FUR,Neon,1.26,268.0,22,17,3,5,74.0,161.0,44.0,3.0,3.0,0.0,NRG,10,FUR,13,1,0.825,0.352,1.178
Lotus,pryze,FUR,Fade,1.1,180.0,15,13,1,2,61.0,121.0,25.0,1.0,2.0,-1.0,NRG,10,FUR,13,1,0.615,0.305,0.92
Lotus,Khalil,FUR,Omen,0.96,156.0,12,14,12,-2,74.0,107.0,33.0,2.0,1.0,1.0,NRG,10,FUR,13,1,0.531,0.405,0.936
Lotus,heat,FUR,Clove,0.92,195.0,17,16,5,1,70.0,120.0,41.0,4.0,3.0,1.0,NRG,10,FUR,13,1,0.646,0.341,0.986
Lotus,raafa,FUR,Breach,0.79,118.0,11,15,9,-4,65.0,81.0,42.0,0.0,4.0,-4.0,NRG,10,FUR,13,1,0.438,0.333,0.771
Pearl,brawk,NRG,Sova,1.76,209.0,14,4,9,10,87.0,129.0,26.0,1.0,0.0,1.0,NRG,13,FUR,2,1,0.715,0.49,1.206
Pearl,Ethan,NRG,Yoru,1.58,278.0,15,7,6,8,80.0,165.0,33.0,4.0,1.0,3.0,NRG,13,FUR,2,1,0.815,0.449,1.264
Pearl,mada,NRG,Jett,1.49,289.0,16,8,4,8,80.0,186.0,29.0,4.0,3.0,1.0,NRG,13,FUR,2,1,0.834,0.404,1.238
Pearl,s0m,NRG,Astra,1.34,198.0,12,5,7,7,87.0,126.0,24.0,1.0,0.0,1.0,NRG,13,FUR,2,1,0.682,0.454,1.136
Pearl,FiNESSE,NRG,Killjoy,0.86,103.0,4,7,7,-3,87.0,92.0,13.0,1.0,0.0,1.0,NRG,13,FUR,2,1,0.403,0.403,0.806
Pearl,pryze,FUR,Sova,1.02,174.0,8,9,0,-1,53.0,120.0,29.0,2.0,0.0,2.0,NRG,13,FUR,2,0,0.546,0.328,0.874
Pearl,Khalil,FUR,Astra,0.62,123.0,6,12,2,-6,53.0,83.0,19.0,0.0,1.0,-1.0,NRG,13,FUR,2,0,0.361,0.25,0.611
Pearl,raafa,FUR,Kayo,0.52,149.0,7,13,3,-6,67.0,92.0,26.0,0.0,4.0,-4.0,NRG,13,FUR,2,0,0.379,0.241,0.62
Pearl,heat,FUR,Cypher,0.31,90.0,5,13,0,-8,40.0,74.0,43.0,0.0,1.0,-1.0,NRG,13,FUR,2,0,0.359,0.214,0.573
Pearl,havoc,FUR,Neon,0.27,113.0,5,14,2,-9,53.0,76.0,35.0,2.0,5.0,-3.0,NRG,13,FUR,2,0,0.374,0.214,0.588
Fracture,mada,NRG,Raze,2.17,406.0,26,9,3,17,82.0,248.0,29.0,8.0,3.0,5.0,NRG,13,FUR,4,1,0.86,0.41,1.269
Fracture,Ethan,NRG,Breach,1.42,173.0,9,5,10,4,94.0,123.0,20.0,0.0,0.0,0.0,NRG,13,FUR,4,1,0.642,0.488,1.13
Fracture,s0m,NRG,Brimstone,1.31,174.0,12,6,8,6,88.0,117.0,46.0,2.0,2.0,0.0,NRG,13,FUR,4,1,0.702,0.437,1.139
Fracture,FiNESSE,NRG,Cypher,1.13,195.0,13,9,6,4,76.0,131.0,16.0,1.0,1.0,0.0,NRG,13,FUR,4,1,0.639,0.385,1.024
Fracture,brawk,NRG,Tejo,1.0,106.0,7,6,6,1,88.0,81.0,17.0,0.0,0.0,0.0,NRG,13,FUR,4,1,0.479,0.4,0.879
Fracture,Khalil,FUR,Brimstone,0.91,209.0,12,14,2,-2,65.0,129.0,21.0,1.0,0.0,1.0,NRG,13,FUR,4,0,0.534,0.327,0.862
Fracture,pryze,FUR,Tejo,0.77,120.0,7,13,3,-6,47.0,94.0,40.0,0.0,1.0,-1.0,NRG,13,FUR,4,0,0.41,0.256,0.666
Fracture,heat,FUR,Cypher,0.53,131.0,8,12,2,-4,76.0,89.0,44.0,2.0,2.0,0.0,NRG,13,FUR,4,0,0.425,0.278,0.703
Fracture,raafa,FUR,Breach,0.42,71.0,4,12,5,-8,65.0,40.0,20.0,0.0,2.0,-2.0,NRG,13,FUR,4,0,0.323,0.261,0.584
Fracture,havoc,FUR,Raze,0.09,80.0,4,16,2,-12,35.0,56.0,19.0,3.0,6.0,-3.0,NRG,13,FUR,4,0,0.352,0.186,0.538
Split,cortezia,MIBR,Cypher,1.27,206.0,16,10,3,6,85.0,122.0,41.0,4.0,0.0,4.0,MIBR,13,LEV,7,1,0.745,0.412,1.157
Split,xenom,MIBR,Astra,1.26,229.0,17,12,6,5,75.0,141.0,17.0,2.0,2.0,0.0,MIBR,13,LEV,7,1,0.726,0.388,1.113
Split,artzin,MIBR,Breach,1.25,296.0,22,17,8,5,80.0,167.0,19.0,4.0,1.0,3.0,MIBR,13,LEV,7,1,0.807,0.448,1.255
Split,Verno,MIBR,Tejo,1.07,176.0,12,12,8,0,80.0,141.0,30.0,0.0,3.0,-3.0,MIBR,13,LEV,7,1,0.586,0.377,0.962
Split,aspas,MIBR,Jett,0.75,126.0,8,10,4,-2,70.0,83.0,15.0,2.0,2.0,0.0,MIBR,13,LEV,7,1,0.434,0.303,0.737
Split,C0M,LEV,Tejo,0.96,195.0,12,16,9,-4,85.0,140.0,23.0,1.0,2.0,-1.0,MIBR,13,LEV,7,0,0.513,0.397,0.91
Split,Rossy,LEV,Breach,0.92,188.0,13,15,8,-2,65.0,120.0,34.0,2.0,1.0,1.0,MIBR,13,LEV,7,0,0.556,0.375,0.931
Split,kiNgg,LEV,Yoru,0.83,178.0,13,15,1,-2,70.0,114.0,24.0,3.0,4.0,-1.0,MIBR,13,LEV,7,0,0.54,0.291,0.832
Split,tex,LEV,Viper,0.78,195.0,14,15,2,-1,65.0,128.0,52.0,2.0,1.0,1.0,MIBR,13,LEV,7,0,0.588,0.304,0.893
Split,Demon1,LEV,Omen,0.7,136.0,9,14,7,-5,70.0,95.0,24.0,0.0,4.0,-4.0,MIBR,13,LEV,7,0,0.4,0.309,0.71
Icebox,xenom,MIBR,Viper,1.53,234.0,20,9,8,11,86.0,158.0,31.0,3.0,2.0,1.0,MIBR,13,LEV,8,1,0.81,0.459,1.269
Icebox,artzin,MIBR,Harbor,1.21,269.0,19,16,7,3,76.0,164.0,36.0,5.0,2.0,3.0,MIBR,13,LEV,8,1,0.774,0.417,1.191
Icebox,aspas,MIBR,Jett,1.14,216.0,17,11,3,6,81.0,140.0,10.0,0.0,2.0,-2.0,MIBR,13,LEV,8,1,0.678,0.334,1.012
Icebox,Verno,MIBR,Sova,0.92,150.0,11,13,9,-2,71.0,128.0,38.0,0.0,1.0,-1.0,MIBR,13,LEV,8,1,0.523,0.379,0.902
Icebox,cortezia,MIBR,Killjoy,0.71,153.0,12,15,3,-3,57.0,107.0,31.0,2.0,4.0,-2.0,MIBR,13,LEV,8,1,0.485,0.248,0.734
Icebox,tex,LEV,Killjoy,1.28,255.0,20,15,0,5,62.0,173.0,45.0,6.0,1.0,5.0,MIBR,13,LEV,8,0,0.825,0.365,1.19
Icebox,C0M,LEV,Sova,0.92,194.0,13,16,2,-3,67.0,146.0,30.0,2.0,1.0,1.0,MIBR,13,LEV,8,0,0.556,0.322,0.879
Icebox,Demon1,LEV,Viper,0.88,140.0,12,14,3,-2,62.0,110.0,46.0,1.0,1.0,0.0,MIBR,13,LEV,8,0,0.516,0.301,0.817
Icebox,Rossy,LEV,Tejo,0.87,174.0,13,17,6,-4,71.0,119.0,35.0,0.0,1.0,-1.0,MIBR,13,LEV,8,0,0.5,0.34,0.84
Icebox,kiNgg,LEV,Yoru,0.45,103.0,6,17,6,-11,67.0,73.0,15.0,2.0,6.0,-4.0,MIBR,13,LEV,8,0,0.34,0.271,0.61
Lotus,trent,G2,Tejo,1.23,211.0,17,13,6,4,91.0,137.0,29.0,2.0,4.0,-2.0,G2,13,FUR,10,1,0.713,0.394,1.107
Lotus,valyn,G2,Omen,1.2,257.0,20,16,8,4,78.0,156.0,32.0,3.0,1.0,2.0,G2,13,FUR,10,1,0.777,0.435,1.212
Lotus,leaf,G2,Viper,1.05,183.0,16,15,4,1,57.0,138.0,19.0,2.0,3.0,-1.0,G2,13,FUR,10,1,0.618,0.304,0.922
Lotus,jawgemo,G2,Yoru,1.0,201.0,17,16,3,1,65.0,125.0,27.0,4.0,2.0,2.0,G2,13,FUR,10,1,0.644,0.327,0.971
Lotus,JonahP,G2,Breach,0.89,198.0,15,18,7,-3,78.0,146.0,37.0,0.0,2.0,-2.0,G2,13,FUR,10,1,0.557,0.347,0.905
Lotus,pryze,FUR,Fade,1.17,222.0,18,15,8,3,83.0,149.0,29.0,2.0,1.0,1.0,G2,13,FUR,10,0,0.71,0.432,1.141
Lotus,raafa,FUR,Breach,0.92,167.0,13,14,8,-1,74.0,114.0,23.0,3.0,1.0,2.0,G2,13,FUR,10,0,0.558,0.399,0.956
Lotus,Khalil,FUR,Omen,0.82,191.0,16,18,6,-2,65.0,137.0,28.0,1.0,5.0,-4.0,G2,13,FUR,10,0,0.549,0.303,0.852
Lotus,havoc,FUR,Neon,0.81,243.0,19,21,4,-2,70.0,138.0,37.0,6.0,4.0,2.0,G2,13,FUR,10,0,0.629,0.326,0.955
Lotus,heat,FUR,Clove,0.66,130.0,12,17,7,-5,61.0,97.0,57.0,0.0,0.0,0.0,G2,13,FUR,10,0,0.445,0.33,0.775
Ascent,jawgemo,G2,Waylay,1.52,266.0,20,11,3,9,80.0,169.0,22.0,4.0,1.0,3.0,G2,13,FUR,7,1,0.82,0.415,1.236
Ascent,leaf,G2,Vyse,1.48,307.0,21,15,7,6,90.0,214.0,46.0,2.0,1.0,1.0,G2,13,FUR,7,1,0.864,0.464,1.328
Ascent,valyn,G2,Omen,1.27,184.0,16,10,6,6,70.0,113.0,31.0,5.0,1.0,4.0,G2,13,FUR,7,1,0.717,0.411,1.128
Ascent,JonahP,G2,Kayo,1.12,173.0,12,10,12,2,85.0,111.0,30.0,2.0,2.0,0.0,G2,13,FUR,7,1,0.615,0.423,1.038
Ascent,trent,G2,Tejo,0.43,47.0,3,12,3,-9,60.0,36.0,13.0,1.0,1.0,0.0,G2,13,FUR,7,1,0.311,0.257,0.568
Ascent,havoc,FUR,Yoru,1.03,240.0,17,16,2,1,60.0,135.0,37.0,4.0,2.0,2.0,G2,13,FUR,7,0,0.684,0.322,1.006
Ascent,heat,FUR,Vyse,0.9,193.0,13,15,2,-2,55.0,136.0,37.0,0.0,4.0,-4.0,G2,13,FUR,7,0,0.555,0.261,0.816
Ascent,Khalil,FUR,Omen,0.88,157.0,11,12,1,-1,70.0,99.0,39.0,1.0,4.0,-3.0,G2,13,FUR,7,0,0.52,0.284,0.804
Ascent,raafa,FUR,Kayo,0.64,147.0,9,15,4,-6,55.0,110.0,16.0,1.0,3.0,-2.0,G2,13,FUR,7,0,0.397,0.249,0.646
Ascent,pryze,FUR,Sova,0.54,109.0,8,14,3,-6,65.0,68.0,50.0,0.0,1.0,-1.0,G2,13,FUR,7,0,0.378,0.262,0.64
Lotus,neT,C9,Deadlock,1.06,227.0,16,16,2,0,63.0,139.0,42.0,2.0,1.0,1.0,C9,6,NRG,13,0,0.655,0.331,0.985
Lotus,mitch,C9,Breach,0.78,164.0,11,15,2,-4,63.0,110.0,31.0,1.0,3.0,-2.0,C9,6,NRG,13,0,0.465,0.266,0.731
Lotus,Xeppaa,C9,Tejo,0.76,183.0,11,16,3,-5,68.0,129.0,30.0,2.0,2.0,0.0,C9,6,NRG,13,0,0.484,0.289,0.773
Lotus,v1c,C9,Omen,0.74,152.0,10,16,3,-6,58.0,109.0,31.0,1.0,2.0,-1.0,C9,6,NRG,13,0,0.435,0.262,0.697
Lotus,OXY,C9,Raze,0.44,149.0,9,18,1,-9,47.0,111.0,25.0,1.0,4.0,-3.0,C9,6,NRG,13,0,0.396,0.204,0.6
Lotus,s0m,NRG,Omen,1.63,346.0,24,11,5,13,84.0,218.0,32.0,4.0,1.0,3.0,C9,6,NRG,13,1,0.864,0.444,1.308
Lotus,brawk,NRG,Tejo,1.49,237.0,19,9,7,10,84.0,148.0,27.0,1.0,0.0,1.0,C9,6,NRG,13,1,0.765,0.463,1.228
Lotus,Ethan,NRG,Breach,1.27,248.0,18,14,11,4,100.0,152.0,22.0,2.0,1.0,1.0,C9,6,NRG,13,1,0.74,0.482,1.222
Lotus,FiNESSE,NRG,Vyse,1.11,156.0,10,8,8,2,89.0,117.0,13.0,0.0,0.0,0.0,C9,6,NRG,13,1,0.56,0.436,0.996
Lotus,mada,NRG,Neon,0.61,172.0,10,15,5,-5,63.0,107.0,26.0,5.0,5.0,0.0,C9,6,NRG,13,1,0.453,0.287,0.741
Fracture,Xeppaa,C9,Tejo,1.81,309.0,22,9,3,13,78.0,202.0,27.0,2.0,2.0,0.0,C9,13,NRG,5,1,0.842,0.381,1.224
Fracture,mitch,C9,Breach,1.34,243.0,16,12,14,4,89.0,149.0,20.0,0.0,1.0,-1.0,C9,13,NRG,5,1,0.716,0.454,1.17
Fracture,neT,C9,Cypher,1.07,160.0,11,9,4,2,61.0,99.0,58.0,2.0,2.0,0.0,C9,13,NRG,5,1,0.62,0.322,0.942
Fracture,v1c,C9,Brimstone,1.04,143.0,10,11,16,-1,89.0,76.0,11.0,2.0,1.0,1.0,C9,13,NRG,5,1,0.485,0.439,0.924
Fracture,OXY,C9,Neon,0.91,254.0,15,17,5,-2,78.0,169.0,34.0,4.0,2.0,2.0,C9,13,NRG,5,1,0.643,0.361,1.004
Fracture,mada,NRG,Raze,1.09,229.0,15,14,3,1,72.0,145.0,18.0,2.0,1.0,1.0,C9,13,NRG,5,0,0.643,0.349,0.991
Fracture,Ethan,NRG,Breach,0.89,220.0,14,15,6,-1,83.0,131.0,22.0,2.0,1.0,1.0,C9,13,NRG,5,0,0.579,0.38,0.959
Fracture,s0m,NRG,Brimstone,0.84,169.0,10,15,16,-5,78.0,113.0,22.0,1.0,3.0,-2.0,C9,13,NRG,5,0,0.445,0.364,0.809
Fracture,brawk,NRG,Tejo,0.61,147.0,10,16,3,-6,56.0,103.0,23.0,0.0,1.0,-1.0,C9,13,NRG,5,0,0.404,0.254,0.658
Fracture,FiNESSE,NRG,Cypher,0.61,161.0,9,15,3,-6,56.0,120.0,20.0,3.0,4.0,-1.0,C9,13,NRG,5,0,0.443,0.245,0.688
Pearl,OXY,C9,Jett,1.52,313.0,24,16,3,8,82.0,193.0,23.0,4.0,1.0,3.0,C9,13,NRG,9,1,0.852,0.419,1.271
Pearl,v1c,C9,Astra,1.12,145.0,12,12,16,0,68.0,91.0,35.0,2.0,4.0,-2.0,C9,13,NRG,9,1,0.564,0.377,0.942
Pearl,Xeppaa,C9,Yoru,1.04,223.0,17,15,7,2,73.0,142.0,30.0,2.0,2.0,0.0,C9,13,NRG,9,1,0.674,0.372,1.046
Pearl,mitch,C9,Sova,1.04,211.0,18,15,8,3,82.0,140.0,23.0,3.0,0.0,3.0,C9,13,NRG,9,1,0.692,0.438,1.13
Pearl,neT,C9,Cypher,0.87,143.0,12,13,5,-1,68.0,101.0,41.0,3.0,1.0,2.0,C9,13,NRG,9,1,0.55,0.35,0.9
Pearl,s0m,NRG,Astra,1.49,257.0,18,14,16,4,86.0,167.0,28.0,1.0,0.0,1.0,C9,13,NRG,9,0,0.769,0.489,1.258
Pearl,mada,NRG,Neon,1.13,264.0,19,17,8,2,68.0,172.0,25.0,4.0,5.0,-1.0,C9,13,NRG,9,0,0.74,0.376,1.116
Pearl,brawk,NRG,Sova,1.04,166.0,15,15,4,0,73.0,110.0,23.0,1.0,3.0,-2.0,C9,13,NRG,9,0,0.562,0.321,0.883
Pearl,FiNESSE,NRG,Killjoy,0.68,179.0,13,18,1,-5,73.0,131.0,30.0,1.0,3.0,-2.0,C9,13,NRG,9,0,0.469,0.272,0.741
Pearl,Ethan,NRG,Yoru,0.25,99.0,6,19,3,-13,32.0,67.0,3.0,1.0,3.0,-2.0,C9,13,NRG,9,0,0.3,0.191,0.491
Split,yay,EG,Chamber,1.06,180.0,18,15,1,3,54.0,112.0,22.0,5.0,3.0,2.0,EG,12,LOUD,14,0,0.659,0.315,0.974
Split,icy,EG,Raze,0.99,204.0,18,18,6,0,69.0,146.0,19.0,1.0,3.0,-2.0,EG,12,LOUD,14,0,0.606,0.332,0.938
Split,NaturE,EG,Viper,0.89,197.0,17,17,4,0,69.0,127.0,22.0,4.0,1.0,3.0,EG,12,LOUD,14,0,0.609,0.347,0.956
Split,supamen,EG,Omen,0.86,154.0,15,17,8,-2,73.0,94.0,13.0,2.0,1.0,1.0,EG,12,LOUD,14,0,0.495,0.382,0.877
Split,Derrek,EG,Skye,0.63,140.0,12,19,13,-7,69.0,89.0,32.0,1.0,5.0,-4.0,EG,12,LOUD,14,0,0.415,0.323,0.738
Split,dgzin,LOUD,Raze,1.63,299.0,28,14,2,14,69.0,185.0,21.0,7.0,3.0,4.0,EG,12,LOUD,14,1,0.845,0.388,1.233
Split,cauanzin,LOUD,Tejo,1.15,239.0,19,18,9,1,62.0,161.0,30.0,1.0,6.0,-5.0,EG,12,LOUD,14,1,0.684,0.366,1.051
Split,pANcada,LOUD,Astra,1.0,129.0,10,13,12,-3,77.0,93.0,29.0,1.0,1.0,0.0,EG,12,LOUD,14,1,0.469,0.406,0.875
Split,v1nny,LOUD,Breach,0.94,131.0,13,16,12,-3,69.0,93.0,33.0,1.0,2.0,-1.0,EG,12,LOUD,14,1,0.482,0.368,0.85
Split,tuyz,LOUD,Cypher,0.82,164.0,16,19,8,-3,73.0,104.0,33.0,3.0,1.0,2.0,EG,12,LOUD,14,1,0.536,0.386,0.922
Pearl,NaturE,EG,Vyse,1.06,198.0,16,17,5,-1,74.0,138.0,26.0,1.0,1.0,0.0,EG,10,LOUD,13,0,0.591,0.363,0.954
Pearl,supamen,EG,Astra,1.01,169.0,15,14,6,1,65.0,97.0,48.0,1.0,3.0,-2.0,EG,10,LOUD,13,0,0.596,0.327,0.923
Pearl,Derrek,EG,Sova,1.0,182.0,13,15,10,-2,78.0,131.0,30.0,2.0,1.0,1.0,EG,10,LOUD,13,0,0.564,0.416,0.98
Pearl,yay,EG,Phoenix,0.92,237.0,17,18,8,-1,61.0,175.0,35.0,3.0,3.0,0.0,EG,10,LOUD,13,0,0.665,0.35,1.016
Pearl,icy,EG,Jett,0.89,182.0,16,17,1,-1,61.0,122.0,22.0,3.0,5.0,-2.0,EG,10,LOUD,13,0,0.579,0.274,0.854
Pearl,v1nny,LOUD,Kayo,1.46,251.0,20,13,15,7,83.0,180.0,29.0,1.0,1.0,0.0,EG,10,LOUD,13,1,0.799,0.465,1.264
Pearl,cauanzin,LOUD,Sova,1.31,281.0,22,17,2,5,70.0,184.0,36.0,4.0,2.0,2.0,EG,10,LOUD,13,1,0.843,0.368,1.211
Pearl,pANcada,LOUD,Astra,0.95,189.0,18,16,7,2,87.0,123.0,44.0,1.0,1.0,0.0,EG,10,LOUD,13,1,0.641,0.395,1.036
Pearl,dgzin,LOUD,Jett,0.84,190.0,13,16,6,-3,70.0,141.0,32.0,6.0,3.0,3.0,EG,10,LOUD,13,1,0.56,0.356,0.916
Pearl,tuyz,LOUD,Cypher,0.58,94.0,8,15,7,-7,57.0,63.0,23.0,1.0,3.0,-2.0,EG,10,LOUD,13,1,0.342,0.279,0.621
Lotus,nzr,MIBR,Breach,1.2,214.0,13,13,5,0,59.0,130.0,46.0,0.0,0.0,0.0,MIBR,4,100T,13,0,0.633,0.362,0.995
Lotus,aspas,MIBR,Raze,0.77,156.0,7,13,3,-6,59.0,116.0,24.0,1.0,3.0,-2.0,MIBR,4,100T,13,0,0.422,0.258,0.68
Lotus,xenom,MIBR,Omen,0.71,225.0,13,16,6,-3,59.0,139.0,22.0,1.0,3.0,-2.0,MIBR,4,100T,13,0,0.518,0.285,0.804
Lotus,artzin,MIBR,Tejo,0.34,94.0,4,15,2,-11,41.0,80.0,18.0,0.0,4.0,-4.0,MIBR,4,100T,13,0,0.331,0.194,0.525
Lotus,cortezia,MIBR,Killjoy,0.33,56.0,3,13,1,-10,35.0,45.0,25.0,0.0,5.0,-5.0,MIBR,4,100T,13,0,0.331,0.186,0.517
Lotus,Asuna,100T,Neon,1.7,367.0,23,10,6,13,88.0,220.0,28.0,6.0,0.0,6.0,MIBR,4,100T,13,1,0.859,0.472,1.33
Lotus,eeiu,100T,Fade,1.36,187.0,11,6,8,5,82.0,135.0,36.0,3.0,0.0,3.0,MIBR,4,100T,13,1,0.725,0.472,1.198
Lotus,Cryocells,100T,Clove,1.25,262.0,16,10,3,6,82.0,181.0,18.0,4.0,2.0,2.0,MIBR,4,100T,13,1,0.779,0.382,1.16
Lotus,Boostio,100T,Breach,1.22,145.0,10,6,12,4,94.0,92.0,45.0,0.0,0.0,0.0,MIBR,4,100T,13,1,0.622,0.467,1.089
Lotus,zander,100T,Omen,1.1,157.0,10,8,8,2,82.0,83.0,25.0,2.0,0.0,2.0,MIBR,4,100T,13,1,0.571,0.44,1.011
Bind,aspas,MIBR,Raze,1.46,307.0,23,16,3,7,82.0,206.0,24.0,3.0,2.0,1.0,MIBR,9,100T,13,0,0.852,0.396,1.248
Bind,xenom,MIBR,Brimstone,0.75,169.0,12,18,10,-6,73.0,106.0,36.0,2.0,1.0,1.0,MIBR,9,100T,13,0,0.473,0.381,0.854
Bind,artzin,MIBR,Deadlock,0.75,175.0,13,18,6,-5,68.0,115.0,42.0,1.0,4.0,-3.0,MIBR,9,100T,13,0,0.477,0.3,0.778
Bind,cortezia,MIBR,Cypher,0.72,169.0,14,17,2,-3,55.0,105.0,44.0,1.0,2.0,-1.0,MIBR,9,100T,13,0,0.502,0.255,0.756
Bind,nzr,MIBR,Skye,0.62,119.0,8,15,3,-7,50.0,97.0,19.0,2.0,4.0,-2.0,MIBR,9,100T,13,0,0.388,0.227,0.615
Bind,Cryocells,100T,Brimstone,1.63,287.0,22,12,6,10,91.0,202.0,25.0,2.0,0.0,2.0,MIBR,9,100T,13,1,0.838,0.472,1.311
Bind,eeiu,100T,Fade,1.24,199.0,19,13,6,6,73.0,129.0,49.0,0.0,0.0,0.0,MIBR,9,100T,13,1,0.735,0.401,1.135
Bind,Asuna,100T,Raze,1.19,243.0,18,14,5,4,77.0,161.0,21.0,8.0,4.0,4.0,MIBR,9,100T,13,1,0.749,0.394,1.143
Bind,Boostio,100T,Gekko,0.87,170.0,14,14,6,0,77.0,107.0,27.0,0.0,2.0,-2.0,MIBR,9,100T,13,1,0.545,0.332,0.877
Bind,zander,100T,Viper,0.68,161.0,11,17,5,-6,77.0,114.0,22.0,3.0,3.0,0.0,MIBR,9,100T,13,1,0.459,0.318,0.777
Fracture,s0m,NRG,Brimstone,1.72,324.0,30,15,14,15,81.0,195.0,39.0,6.0,2.0,4.0,NRG,12,C9,14,0,0.872,0.475,1.347
Fracture,mada,NRG,Raze,1.24,274.0,26,19,2,7,77.0,173.0,30.0,6.0,6.0,0.0,NRG,12,C9,14,0,0.818,0.355,1.173
Fracture,Ethan,NRG,Breach,0.91,133.0,10,13,14,-3,77.0,84.0,20.0,0.0,0.0,0.0,NRG,12,C9,14,0,0.443,0.406,0.848
Fracture,Verno,NRG,Sova,0.83,156.0,14,16,3,-2,81.0,102.0,25.0,1.0,1.0,0.0,NRG,12,C9,14,0,0.498,0.328,0.825
Fracture,FiNESSE,NRG,Killjoy,0.51,129.0,11,20,2,-9,62.0,106.0,25.0,0.0,3.0,-3.0,NRG,12,C9,14,0,0.394,0.231,0.626
Fracture,Xeppaa,C9,Clove,1.13,305.0,28,25,6,3,73.0,185.0,18.0,4.0,4.0,0.0,NRG,12,C9,14,1,0.775,0.37,1.145
Fracture,OXY,C9,Raze,0.98,200.0,17,20,11,-3,77.0,136.0,14.0,2.0,4.0,-2.0,NRG,12,C9,14,1,0.553,0.377,0.931
Fracture,v1c,C9,Brimstone,0.91,141.0,13,15,8,-2,81.0,94.0,31.0,2.0,1.0,1.0,NRG,12,C9,14,1,0.512,0.401,0.912
Fracture,neT,C9,Killjoy,0.8,120.0,12,15,4,-3,81.0,94.0,28.0,0.0,1.0,-1.0,NRG,12,C9,14,1,0.452,0.327,0.779
Fracture,mitch,C9,Tejo,0.75,150.0,13,17,4,-4,58.0,103.0,15.0,5.0,4.0,1.0,NRG,12,C9,14,1,0.467,0.291,0.758
Lotus,Ethan,NRG,Omen,1.21,233.0,20,15,9,5,70.0,156.0,37.0,1.0,2.0,-1.0,NRG,10,C9,13,0,0.758,0.399,1.156
Lotus,FiNESSE,NRG,Vyse,1.05,195.0,16,17,10,-1,83.0,124.0,28.0,0.0,0.0,0.0,NRG,10,C9,13,0,0.582,0.431,1.013
Lotus,Verno,NRG,Fade,1.02,191.0,17,15,5,2,78.0,125.0,47.0,4.0,1.0,3.0,NRG,10,C9,13,0,0.679,0.387,1.065
Lotus,s0m,NRG,Viper,0.94,229.0,19,20,8,-1,83.0,134.0,11.0,3.0,2.0,1.0,NRG,10,C9,13,0,0.61,0.398,1.008
Lotus,mada,NRG,Raze,0.86,195.0,15,20,7,-5,57.0,131.0,17.0,4.0,6.0,-2.0,NRG,10,C9,13,0,0.516,0.309,0.825
Lotus,mitch,C9,Breach,1.35,220.0,17,14,16,3,87.0,138.0,21.0,0.0,1.0,-1.0,NRG,10,C9,13,1,0.69,0.451,1.141
Lotus,Xeppaa,C9,Tejo,1.3,287.0,26,17,5,9,83.0,171.0,16.0,4.0,1.0,3.0,NRG,10,C9,13,1,0.809,0.425,1.234
Lotus,neT,C9,Deadlock,1.01,202.0,18,17,5,1,74.0,142.0,27.0,3.0,3.0,0.0,NRG,10,C9,13,1,0.661,0.348,1.009
Lotus,v1c,C9,Omen,0.65,133.0,10,17,9,-7,65.0,91.0,23.0,1.0,1.0,0.0,NRG,10,C9,13,1,0.394,0.349,0.743
Lotus,OXY,C9,Raze,0.64,214.0,16,22,5,-6,70.0,134.0,21.0,3.0,6.0,-3.0,NRG,10,C9,13,1,0.515,0.281,0.795
Haven,gobera,2G,Vyse,1.62,338.0,23,14,6,9,85.0,222.0,29.0,4.0,0.0,4.0,2G,7,FUR,13,0,0.86,0.467,1.326
Haven,silentzz,2G,Yoru,0.93,213.0,16,16,3,0,75.0,130.0,48.0,5.0,3.0,2.0,2G,7,FUR,13,0,0.65,0.336,0.986
Haven,lz,2G,Omen,0.88,181.0,12,14,9,-2,65.0,127.0,42.0,2.0,2.0,0.0,2G,7,FUR,13,0,0.557,0.364,0.921
Haven,pryze,2G,Breach,0.72,122.0,8,14,9,-6,85.0,78.0,19.0,0.0,0.0,0.0,2G,7,FUR,13,0,0.373,0.399,0.772
Haven,Zap,2G,Tejo,0.55,133.0,9,15,4,-6,65.0,88.0,15.0,0.0,4.0,-4.0,2G,7,FUR,13,0,0.364,0.252,0.616
Haven,bdog,FUR,Breach,1.33,244.0,16,13,9,3,75.0,153.0,34.0,2.0,0.0,2.0,2G,7,FUR,13,1,0.737,0.464,1.201
Haven,Add3r,FUR,Cypher,1.18,235.0,18,14,0,4,75.0,148.0,34.0,1.0,2.0,-1.0,2G,7,FUR,13,1,0.723,0.337,1.059
Haven,stellar,FUR,Tejo,1.13,193.0,14,12,5,2,70.0,143.0,16.0,3.0,4.0,-1.0,2G,7,FUR,13,1,0.65,0.346,0.996
Haven,penny,FUR,Jett,0.85,192.0,15,14,1,1,75.0,110.0,24.0,3.0,2.0,1.0,2G,7,FUR,13,1,0.6,0.319,0.92
Haven,jakee,FUR,Clove,0.77,162.0,10,16,10,-6,75.0,111.0,26.0,0.0,3.0,-3.0,2G,7,FUR,13,1,0.438,0.348,0.786
Lotus,lz,2G,Omen,1.08,219.0,14,16,4,-2,67.0,141.0,56.0,3.0,3.0,0.0,2G,5,FUR,13,0,0.644,0.333,0.977
Lotus,silentzz,2G,Raze,0.79,204.0,11,18,3,-7,67.0,151.0,32.0,6.0,3.0,3.0,2G,5,FUR,13,0,0.529,0.312,0.841
Lotus,gobera,2G,Vyse,0.76,189.0,12,16,4,-4,61.0,132.0,39.0,0.0,3.0,-3.0,2G,5,FUR,13,0,0.504,0.267,0.771
Lotus,Zap,2G,Tejo,0.55,156.0,9,15,2,-6,78.0,118.0,24.0,0.0,0.0,0.0,2G,5,FUR,13,0,0.409,0.302,0.711
Lotus,pryze,2G,Breach,0.43,87.0,5,14,4,-9,44.0,52.0,22.0,0.0,0.0,0.0,2G,5,FUR,13,0,0.326,0.25,0.577
Lotus,penny,FUR,Raze,1.95,340.0,22,8,7,14,89.0,228.0,25.0,4.0,2.0,2.0,2G,5,FUR,13,1,0.855,0.462,1.316
Lotus,jakee,FUR,Omen,1.59,280.0,19,9,8,10,89.0,176.0,24.0,1.0,1.0,0.0,2G,5,FUR,13,1,0.8,0.465,1.265
Lotus,bdog,FUR,Breach,1.22,181.0,12,8,12,4,83.0,95.0,37.0,0.0,0.0,0.0,2G,5,FUR,13,1,0.642,0.449,1.091
Lotus,stellar,FUR,Tejo,1.02,216.0,15,12,6,3,83.0,144.0,22.0,1.0,2.0,-1.0,2G,5,FUR,13,1,0.649,0.367,1.016
Lotus,Add3r,FUR,Vyse,0.56,154.0,10,14,3,-4,56.0,102.0,31.0,3.0,4.0,-1.0,2G,5,FUR,13,1,0.457,0.239,0.697
Abyss,heat,FUR,Cypher,1.17,222.0,16,12,1,4,75.0,144.0,59.0,4.0,0.0,4.0,FUR,7,EG,13,0,0.758,0.385,1.143
Abyss,Khalil,FUR,Omen,1.02,206.0,15,15,6,0,75.0,124.0,35.0,3.0,0.0,3.0,FUR,7,EG,13,0,0.633,0.402,1.035
Abyss,mwzera,FUR,Sova,0.9,149.0,9,13,7,-4,65.0,128.0,34.0,0.0,1.0,-1.0,FUR,7,EG,13,0,0.477,0.344,0.822
Abyss,havoc,FUR,Jett,0.6,177.0,13,17,2,-4,55.0,106.0,26.0,3.0,4.0,-1.0,FUR,7,EG,13,0,0.483,0.242,0.725
Abyss,raafa,FUR,Kayo,0.4,126.0,6,18,8,-12,50.0,91.0,30.0,1.0,4.0,-3.0,FUR,7,EG,13,0,0.369,0.265,0.634
Abyss,Derrek,EG,Sova,1.47,260.0,20,12,4,8,90.0,166.0,37.0,1.0,3.0,-2.0,FUR,7,EG,13,1,0.805,0.395,1.2
Abyss,icy,EG,Jett,1.26,281.0,19,13,6,6,70.0,175.0,21.0,4.0,6.0,-2.0,FUR,7,EG,13,1,0.803,0.362,1.165
Abyss,yay,EG,Astra,1.23,188.0,14,10,4,4,80.0,115.0,36.0,3.0,0.0,3.0,FUR,7,EG,13,1,0.698,0.41,1.108
Abyss,NaturE,EG,Vyse,1.06,153.0,11,10,5,1,70.0,112.0,32.0,0.0,2.0,-2.0,FUR,7,EG,13,1,0.567,0.33,0.897
Abyss,supamen,EG,Omen,0.76,159.0,11,14,5,-3,80.0,100.0,46.0,1.0,0.0,1.0,FUR,7,EG,13,1,0.486,0.359,0.845
Fracture,Khalil,FUR,Brimstone,1.41,264.0,19,14,6,5,85.0,184.0,37.0,1.0,0.0,1.0,FUR,7,EG,13,0,0.807,0.447,1.255
Fracture,havoc,FUR,Raze,0.92,230.0,15,16,5,-1,70.0,163.0,20.0,2.0,4.0,-2.0,FUR,7,EG,13,0,0.61,0.315,0.925
Fracture,mwzera,FUR,Breach,0.76,141.0,10,14,6,-4,65.0,80.0,19.0,3.0,3.0,0.0,FUR,7,EG,13,0,0.441,0.318,0.759
Fracture,heat,FUR,Cypher,0.73,156.0,11,15,4,-4,70.0,108.0,33.0,0.0,2.0,-2.0,FUR,7,EG,13,0,0.457,0.283,0.741
Fracture,raafa,FUR,Sage,0.66,174.0,12,16,3,-4,55.0,105.0,24.0,1.0,4.0,-3.0,FUR,7,EG,13,0,0.45,0.235,0.685
Fracture,NaturE,EG,Breach,1.42,215.0,18,11,8,7,75.0,139.0,22.0,0.0,0.0,0.0,FUR,7,EG,13,1,0.732,0.445,1.177
Fracture,supamen,EG,Brimstone,1.21,204.0,13,11,13,2,80.0,151.0,47.0,4.0,2.0,2.0,FUR,7,EG,13,1,0.704,0.441,1.145
Fracture,yay,EG,Killjoy,1.16,216.0,14,13,8,1,80.0,150.0,21.0,5.0,0.0,5.0,FUR,7,EG,13,1,0.662,0.448,1.11
Fracture,icy,EG,Raze,1.16,270.0,19,17,3,2,80.0,180.0,26.0,4.0,2.0,2.0,FUR,7,EG,13,1,0.753,0.369,1.122
Fracture,Derrek,EG,Tejo,0.71,149.0,11,15,7,-4,70.0,97.0,36.0,0.0,3.0,-3.0,FUR,7,EG,13,1,0.448,0.31,0.759
Lotus,v1c,C9,Omen,1.68,243.0,21,8,10,13,90.0,170.0,44.0,1.0,0.0,1.0,C9,13,MIBR,7,1,0.811,0.496,1.307
Lotus,OXY,C9,Raze,1.44,329.0,24,15,4,9,80.0,206.0,29.0,8.0,4.0,4.0,C9,13,MIBR,7,1,0.857,0.414,1.271
Lotus,mitch,C9,Breach,1.17,192.0,12,12,17,0,80.0,117.0,16.0,3.0,2.0,1.0,C9,13,MIBR,7,1,0.598,0.428,1.026
Lotus,neT,C9,Deadlock,0.94,157.0,11,12,11,-1,80.0,106.0,32.0,1.0,0.0,1.0,C9,13,MIBR,7,1,0.523,0.423,0.945
Lotus,Xeppaa,C9,Tejo,0.72,127.0,9,12,5,-3,75.0,92.0,18.0,1.0,0.0,1.0,C9,13,MIBR,7,1,0.417,0.346,0.763
Lotus,aspas,MIBR,Raze,0.96,218.0,15,16,3,-1,65.0,165.0,27.0,1.0,4.0,-3.0,C9,13,MIBR,7,0,0.605,0.284,0.889
Lotus,artzin,MIBR,Viper,0.96,229.0,15,16,6,-1,55.0,135.0,25.0,4.0,7.0,-3.0,C9,13,MIBR,7,0,0.618,0.301,0.918
Lotus,nzr,MIBR,Fade,0.93,188.0,13,14,6,-1,70.0,125.0,21.0,0.0,1.0,-1.0,C9,13,MIBR,7,0,0.543,0.345,0.888
Lotus,xenom,MIBR,Omen,0.81,132.0,9,14,6,-5,60.0,80.0,24.0,0.0,0.0,0.0,C9,13,MIBR,7,0,0.4,0.333,0.733
Lotus,cortezia,MIBR,Vyse,0.46,113.0,7,17,7,-10,55.0,85.0,36.0,1.0,2.0,-1.0,C9,13,MIBR,7,0,0.366,0.275,0.641
Abyss,OXY,C9,Jett,1.12,288.0,23,19,2,4,65.0,177.0,27.0,6.0,4.0,2.0,C9,10,MIBR,13,0,0.796,0.34,1.135
Abyss,v1c,C9,Omen,0.97,172.0,14,16,8,-2,70.0,119.0,18.0,1.0,1.0,0.0,C9,10,MIBR,13,0,0.521,0.38,0.901
Abyss,Xeppaa,C9,Sova,0.86,153.0,12,17,8,-5,74.0,104.0,43.0,1.0,0.0,1.0,C9,10,MIBR,13,0,0.468,0.393,0.861
Abyss,neT,C9,Astra,0.63,159.0,14,19,8,-5,61.0,92.0,80.0,1.0,3.0,-2.0,C9,10,MIBR,13,0,0.463,0.302,0.765
Abyss,mitch,C9,Kayo,0.5,136.0,9,18,13,-9,57.0,82.0,16.0,0.0,5.0,-5.0,C9,10,MIBR,13,0,0.358,0.289,0.647
Abyss,aspas,MIBR,Jett,1.67,280.0,25,10,2,15,87.0,180.0,19.0,5.0,2.0,3.0,C9,10,MIBR,13,1,0.834,0.418,1.252
Abyss,xenom,MIBR,Astra,1.34,206.0,19,12,11,7,83.0,133.0,47.0,1.0,0.0,1.0,C9,10,MIBR,13,1,0.749,0.47,1.219
Abyss,cortezia,MIBR,Cypher,0.98,229.0,19,19,3,0,87.0,160.0,51.0,4.0,3.0,1.0,C9,10,MIBR,13,1,0.699,0.353,1.052
Abyss,artzin,MIBR,Kayo,0.82,153.0,11,16,13,-5,78.0,99.0,17.0,1.0,2.0,-1.0,C9,10,MIBR,13,1,0.422,0.371,0.793
Abyss,nzr,MIBR,Sova,0.82,137.0,10,15,9,-5,70.0,103.0,29.0,2.0,2.0,0.0,C9,10,MIBR,13,1,0.445,0.366,0.811
Pearl,v1c,C9,Astra,1.35,255.0,18,13,8,5,75.0,158.0,23.0,2.0,1.0,1.0,C9,7,MIBR,13,0,0.773,0.437,1.21
Pearl,neT,C9,Cypher,1.0,228.0,15,15,3,0,70.0,154.0,47.0,6.0,1.0,5.0,C9,7,MIBR,13,0,0.674,0.349,1.023
Pearl,mitch,C9,Tejo,0.59,158.0,11,17,3,-6,70.0,108.0,27.0,1.0,3.0,-2.0,C9,7,MIBR,13,0,0.421,0.257,0.678
Pearl,OXY,C9,Yoru,0.53,145.0,10,17,5,-7,55.0,103.0,30.0,1.0,4.0,-3.0,C9,7,MIBR,13,0,0.404,0.244,0.648
Pearl,Xeppaa,C9,Fade,0.45,84.0,5,16,4,-11,50.0,61.0,21.0,0.0,1.0,-1.0,C9,7,MIBR,13,0,0.325,0.242,0.567
Pearl,nzr,MIBR,Sova,1.65,262.0,18,9,9,9,85.0,191.0,26.0,1.0,0.0,1.0,C9,7,MIBR,13,1,0.799,0.487,1.286
Pearl,xenom,MIBR,Astra,1.34,186.0,15,9,10,6,80.0,129.0,19.0,0.0,1.0,-1.0,C9,7,MIBR,13,1,0.685,0.439,1.123
Pearl,artzin,MIBR,Kayo,1.32,258.0,19,15,9,4,75.0,150.0,19.0,3.0,1.0,2.0,C9,7,MIBR,13,1,0.764,0.454,1.218
Pearl,aspas,MIBR,Jett,1.11,241.0,17,14,5,3,70.0,151.0,18.0,5.0,7.0,-2.0,C9,7,MIBR,13,1,0.709,0.335,1.043
Pearl,cortezia,MIBR,Killjoy,0.73,119.0,9,12,1,-3,70.0,80.0,23.0,1.0,1.0,0.0,C9,7,MIBR,13,1,0.414,0.299,0.713
Lotus,eeiu,100T,Fade,1.51,232.0,26,12,7,14,96.0,143.0,31.0,2.0,0.0,2.0,100T,14,NRG,12,1,0.789,0.492,1.28
Lotus,zander,100T,Omen,1.03,193.0,17,16,8,1,69.0,112.0,22.0,4.0,3.0,1.0,100T,14,NRG,12,1,0.628,0.384,1.012
Lotus,Asuna,100T,Neon,1.03,230.0,20,18,6,2,69.0,162.0,33.0,3.0,7.0,-4.0,100T,14,NRG,12,1,0.721,0.332,1.053
Lotus,Cryocells,100T,Clove,0.99,229.0,19,20,9,-1,85.0,156.0,28.0,4.0,2.0,2.0,100T,14,NRG,12,1,0.657,0.426,1.083
Lotus,Boostio,100T,Breach,0.46,60.0,4,17,11,-13,69.0,38.0,9.0,0.0,1.0,-1.0,100T,14,NRG,12,1,0.303,0.33,0.633
Lotus,mada,NRG,Raze,1.23,253.0,20,18,9,2,77.0,169.0,11.0,7.0,7.0,0.0,100T,14,NRG,12,0,0.725,0.421,1.146
Lotus,Verno,NRG,Vyse,1.22,244.0,24,15,2,9,85.0,154.0,40.0,2.0,1.0,1.0,100T,14,NRG,12,0,0.786,0.384,1.17
Lotus,FiNESSE,NRG,Breach,1.11,194.0,15,17,10,-2,77.0,129.0,17.0,2.0,1.0,1.0,100T,14,NRG,12,0,0.571,0.426,0.997
Lotus,s0m,NRG,Omen,0.87,156.0,15,19,10,-4,69.0,93.0,29.0,1.0,1.0,0.0,100T,14,NRG,12,0,0.476,0.379,0.855
Lotus,Ethan,NRG,Tejo,0.59,105.0,9,17,4,-8,46.0,82.0,24.0,1.0,3.0,-2.0,100T,14,NRG,12,0,0.365,0.228,0.594
Pearl,eeiu,100T,Fade,0.99,198.0,16,15,5,1,73.0,122.0,51.0,1.0,2.0,-1.0,100T,9,NRG,13,0,0.631,0.336,0.967
Pearl,Asuna,100T,Kayo,0.88,156.0,12,14,10,-2,64.0,102.0,29.0,2.0,2.0,0.0,100T,9,NRG,13,0,0.514,0.362,0.876
Pearl,Cryocells,100T,Jett,0.77,185.0,15,15,1,0,68.0,112.0,16.0,1.0,2.0,-1.0,100T,9,NRG,13,0,0.533,0.282,0.814
Pearl,Boostio,100T,Vyse,0.66,162.0,12,18,5,-6,68.0,101.0,20.0,3.0,2.0,1.0,100T,9,NRG,13,0,0.45,0.31,0.76
Pearl,zander,100T,Astra,0.44,147.0,11,20,8,-9,64.0,91.0,32.0,1.0,6.0,-5.0,100T,9,NRG,13,0,0.4,0.288,0.689
Pearl,mada,NRG,Jett,1.66,326.0,26,15,4,11,86.0,211.0,26.0,6.0,2.0,4.0,100T,9,NRG,13,1,0.856,0.427,1.283
Pearl,s0m,NRG,Astra,1.47,258.0,19,12,8,7,91.0,160.0,19.0,6.0,1.0,5.0,100T,9,NRG,13,1,0.802,0.49,1.291
Pearl,FiNESSE,NRG,Breach,1.17,158.0,13,10,13,3,77.0,99.0,20.0,0.0,1.0,-1.0,100T,9,NRG,13,1,0.596,0.415,1.011
Pearl,Ethan,NRG,Tejo,0.85,172.0,13,15,5,-2,91.0,111.0,29.0,1.0,4.0,-3.0,100T,9,NRG,13,1,0.514,0.338,0.852
Pearl,Verno,NRG,Vyse,0.84,123.0,11,14,6,-3,82.0,85.0,23.0,1.0,0.0,1.0,100T,9,NRG,13,1,0.44,0.382,0.822
Bind,zander,100T,Viper,1.2,240.0,19,15,5,4,82.0,148.0,39.0,5.0,0.0,5.0,100T,9,NRG,13,0,0.767,0.422,1.189
Bind,Cryocells,100T,Brimstone,0.89,167.0,13,16,4,-3,82.0,107.0,50.0,2.0,0.0,2.0,100T,9,NRG,13,0,0.536,0.373,0.91
Bind,Asuna,100T,Raze,0.85,202.0,12,17,7,-5,64.0,138.0,15.0,5.0,3.0,2.0,100T,9,NRG,13,0,0.506,0.354,0.86
Bind,eeiu,100T,Fade,0.75,183.0,15,17,3,-2,73.0,107.0,42.0,2.0,1.0,1.0,100T,9,NRG,13,0,0.545,0.314,0.86
Bind,Boostio,100T,Gekko,0.35,90.0,7,18,6,-11,55.0,53.0,38.0,1.0,3.0,-2.0,100T,9,NRG,13,0,0.347,0.255,0.602
Bind,mada,NRG,Raze,1.54,321.0,27,14,1,13,82.0,175.0,14.0,4.0,6.0,-2.0,100T,9,NRG,13,1,0.827,0.371,1.198
Bind,Verno,NRG,Fade,1.32,258.0,21,14,10,7,77.0,161.0,39.0,1.0,2.0,-1.0,100T,9,NRG,13,1,0.791,0.422,1.214
Bind,s0m,NRG,Brimstone,1.08,174.0,13,12,16,1,91.0,103.0,15.0,0.0,3.0,-3.0,100T,9,NRG,13,1,0.558,0.407,0.966
Bind,FiNESSE,NRG,Viper,1.03,155.0,11,11,8,0,77.0,103.0,8.0,2.0,2.0,0.0,100T,9,NRG,13,1,0.52,0.389,0.909
Bind,Ethan,NRG,Kayo,0.91,158.0,11,15,15,-4,73.0,109.0,24.0,0.0,2.0,-2.0,100T,9,NRG,13,1,0.466,0.363,0.83
Abyss,keznit,KRÜ,Jett,1.58,328.0,18,8,4,10,88.0,209.0,27.0,5.0,2.0,3.0,KRU,13,2G,3,0,0.844,0.431,1.274
Abyss,Melser,KRÜ,Astra,1.41,264.0,16,8,4,8,88.0,158.0,44.0,3.0,2.0,1.0,KRU,13,2G,3,0,0.814,0.411,1.226
Abyss,Mazino,KRÜ,Kayo,1.25,202.0,11,8,10,3,88.0,119.0,18.0,1.0,1.0,0.0,KRU,13,2G,3,0,0.626,0.451,1.077
Abyss,Shyy,KRÜ,Viper,1.09,196.0,12,9,2,3,75.0,130.0,35.0,2.0,0.0,2.0,KRU,13,2G,3,0,0.656,0.372,1.028
Abyss,adverso,KRÜ,Sova,1.0,145.0,8,7,6,1,75.0,96.0,29.0,0.0,0.0,0.0,KRU,13,2G,3,0,0.529,0.378,0.908
Abyss,gobera,2G,Jett,1.27,241.0,13,12,3,1,69.0,143.0,34.0,2.0,0.0,2.0,KRU,13,2G,3,0,0.679,0.381,1.06
Abyss,pryze,2G,Sova,0.62,133.0,6,12,4,-6,63.0,97.0,19.0,1.0,1.0,0.0,KRU,13,2G,3,0,0.375,0.287,0.662
Abyss,lz,2G,Astra,0.58,152.0,9,14,2,-5,56.0,96.0,37.0,0.0,6.0,-6.0,KRU,13,2G,3,0,0.412,0.229,0.641
Abyss,silentzz,2G,Yoru,0.44,127.0,7,14,2,-7,56.0,78.0,58.0,0.0,2.0,-2.0,KRU,13,2G,3,0,0.391,0.223,0.614
Abyss,Zap,2G,Omen,0.39,86.0,5,13,1,-8,44.0,59.0,27.0,2.0,2.0,0.0,KRU,13,2G,3,0,0.348,0.221,0.569
Split,Melser,KRÜ,Omen,1.52,217.0,12,6,5,6,87.0,158.0,39.0,1.0,1.0,0.0,KRU,13,2G,2,0,0.744,0.428,1.172
Split,keznit,KRÜ,Raze,1.42,262.0,15,8,3,7,80.0,162.0,21.0,1.0,1.0,0.0,KRU,13,2G,2,0,0.754,0.389,1.143
Split,Mazino,KRÜ,Skye,1.22,231.0,12,10,12,2,80.0,169.0,30.0,1.0,2.0,-1.0,KRU,13,2G,2,0,0.676,0.417,1.093
Split,adverso,KRÜ,Viper,1.22,257.0,14,11,7,3,80.0,152.0,34.0,2.0,4.0,-2.0,KRU,13,2G,2,0,0.722,0.386,1.107
Split,Shyy,KRÜ,Cypher,1.03,190.0,11,10,6,1,87.0,134.0,16.0,1.0,1.0,0.0,KRU,13,2G,2,0,0.574,0.392,0.966
Split,pryze,2G,Viper,1.1,256.0,13,12,4,1,93.0,172.0,27.0,1.0,0.0,1.0,KRU,13,2G,2,0,0.663,0.405,1.069
Split,gobera,2G,Omen,0.89,190.0,10,12,7,-2,87.0,116.0,29.0,1.0,1.0,0.0,KRU,13,2G,2,0,0.516,0.389,0.905
Split,silentzz,2G,Yoru,0.79,210.0,10,14,3,-4,60.0,124.0,37.0,4.0,3.0,1.0,KRU,13,2G,2,0,0.53,0.288,0.818
Split,lz,2G,Tejo,0.61,133.0,7,13,3,-6,53.0,102.0,41.0,3.0,1.0,2.0,KRU,13,2G,2,0,0.435,0.275,0.71
Split,Zap,2G,Breach,0.55,138.0,5,14,10,-9,60.0,105.0,14.0,0.0,1.0,-1.0,KRU,13,2G,2,0,0.367,0.321,0.688
Abyss,Ethan,NRG,Omen,1.42,278.0,21,15,11,6,81.0,173.0,27.0,3.0,2.0,1.0,NRG,8,KRU,13,0,0.835,0.457,1.292
Abyss,mada,NRG,Yoru,1.33,300.0,20,15,8,5,81.0,197.0,27.0,3.0,3.0,0.0,NRG,8,KRU,13,0,0.838,0.427,1.265
Abyss,s0m,NRG,Harbor,1.02,239.0,18,17,7,1,86.0,161.0,37.0,1.0,3.0,-2.0,NRG,8,KRU,13,0,0.674,0.374,1.049
Abyss,Verno,NRG,Sova,0.63,138.0,9,16,7,-7,67.0,104.0,38.0,0.0,3.0,-3.0,NRG,8,KRU,13,0,0.417,0.297,0.714
Abyss,FiNESSE,NRG,Vyse,0.33,75.0,4,17,7,-13,62.0,58.0,17.0,1.0,2.0,-1.0,NRG,8,KRU,13,0,0.319,0.287,0.605
Abyss,Mazino,KRÜ,Kayo,1.47,266.0,20,13,14,7,86.0,166.0,25.0,4.0,0.0,4.0,NRG,8,KRU,13,0,0.823,0.502,1.324
Abyss,Melser,KRÜ,Astra,1.42,231.0,19,13,5,6,71.0,156.0,45.0,3.0,0.0,3.0,NRG,8,KRU,13,0,0.813,0.427,1.24
Abyss,keznit,KRÜ,Jett,1.13,235.0,19,14,1,5,71.0,151.0,39.0,3.0,4.0,-1.0,NRG,8,KRU,13,0,0.774,0.325,1.099
Abyss,adverso,KRÜ,Sova,0.96,185.0,14,14,5,0,67.0,122.0,13.0,1.0,1.0,0.0,NRG,8,KRU,13,0,0.549,0.34,0.89
Abyss,Shyy,KRÜ,Viper,0.46,122.0,8,18,2,-10,48.0,90.0,23.0,2.0,3.0,-1.0,NRG,8,KRU,13,0,0.377,0.219,0.596
Haven,mada,NRG,Neon,1.64,354.0,30,14,2,16,78.0,210.0,25.0,4.0,4.0,0.0,NRG,13,KRU,10,1,0.855,0.381,1.236
Haven,Ethan,NRG,Breach,1.63,315.0,24,16,11,8,74.0,203.0,32.0,2.0,1.0,1.0,NRG,13,KRU,10,1,0.849,0.46,1.308
Haven,Verno,NRG,Sova,0.84,129.0,10,15,4,-5,70.0,93.0,15.0,1.0,2.0,-1.0,NRG,13,KRU,10,1,0.401,0.304,0.705
Haven,s0m,NRG,Omen,0.74,121.0,10,15,8,-5,65.0,83.0,41.0,1.0,2.0,-1.0,NRG,13,KRU,10,1,0.415,0.329,0.744
Haven,FiNESSE,NRG,Cypher,0.44,89.0,5,17,6,-12,48.0,63.0,11.0,1.0,5.0,-4.0,NRG,13,KRU,10,1,0.308,0.239,0.547
Haven,Melser,KRÜ,Omen,1.24,207.0,19,12,10,7,83.0,133.0,29.0,3.0,1.0,2.0,NRG,13,KRU,10,0,0.749,0.459,1.208
Haven,Mazino,KRÜ,Breach,0.96,229.0,18,18,9,0,74.0,146.0,28.0,3.0,4.0,-1.0,NRG,13,KRU,10,0,0.658,0.379,1.037
Haven,Shyy,KRÜ,Cypher,0.92,172.0,15,16,5,-1,83.0,110.0,23.0,2.0,0.0,2.0,NRG,13,KRU,10,0,0.552,0.389,0.941
Haven,adverso,KRÜ,Sova,0.77,159.0,13,16,5,-3,74.0,110.0,17.0,2.0,0.0,2.0,NRG,13,KRU,10,0,0.481,0.358,0.84
Haven,keznit,KRÜ,Jett,0.77,159.0,12,17,3,-5,70.0,115.0,34.0,4.0,4.0,0.0,NRG,13,KRU,10,0,0.488,0.294,0.782
Bind,s0m,NRG,Brimstone,0.99,219.0,14,15,10,-1,85.0,144.0,15.0,1.0,0.0,1.0,NRG,7,KRU,13,0,0.572,0.436,1.008
Bind,mada,NRG,Raze,0.83,195.0,14,15,2,-1,60.0,120.0,36.0,3.0,5.0,-2.0,NRG,7,KRU,13,0,0.587,0.266,0.853
Bind,Verno,NRG,Fade,0.75,138.0,10,15,5,-5,70.0,84.0,36.0,1.0,2.0,-1.0,NRG,7,KRU,13,0,0.419,0.305,0.724
Bind,FiNESSE,NRG,Viper,0.64,166.0,11,17,3,-6,55.0,106.0,23.0,3.0,4.0,-1.0,NRG,7,KRU,13,0,0.453,0.246,0.7
Bind,Ethan,NRG,Kayo,0.57,110.0,6,15,12,-9,65.0,76.0,13.0,0.0,1.0,-1.0,NRG,7,KRU,13,0,0.335,0.332,0.666
Bind,Shyy,KRÜ,Vyse,1.89,322.0,25,8,4,17,85.0,192.0,36.0,3.0,0.0,3.0,NRG,7,KRU,13,0,0.868,0.444,1.313
Bind,adverso,KRÜ,Viper,1.59,279.0,21,10,10,11,80.0,177.0,17.0,4.0,2.0,2.0,NRG,7,KRU,13,0,0.829,0.469,1.298
Bind,keznit,KRÜ,Raze,1.15,226.0,14,12,8,2,80.0,151.0,16.0,4.0,1.0,3.0,NRG,7,KRU,13,0,0.674,0.437,1.111
Bind,Melser,KRÜ,Brimstone,0.87,125.0,10,9,6,1,85.0,76.0,22.0,0.0,2.0,-2.0,NRG,7,KRU,13,0,0.492,0.346,0.838
Bind,Mazino,KRÜ,Skye,0.35,91.0,7,16,5,-9,55.0,60.0,35.0,1.0,3.0,-2.0,NRG,7,KRU,13,0,0.343,0.244,0.587
Abyss,supamen,EG,Omen,1.53,289.0,25,16,5,9,74.0,188.0,44.0,2.0,2.0,0.0,EG,10,MIBR,13,0,0.86,0.397,1.257
Abyss,Derrek,EG,Sova,0.84,194.0,15,18,6,-3,65.0,137.0,42.0,1.0,0.0,1.0,EG,10,MIBR,13,0,0.55,0.353,0.903
Abyss,NaturE,EG,Vyse,0.76,147.0,9,17,12,-8,70.0,99.0,30.0,0.0,3.0,-3.0,EG,10,MIBR,13,0,0.423,0.338,0.761
Abyss,yay,EG,Astra,0.68,155.0,12,18,4,-6,52.0,110.0,32.0,2.0,3.0,-1.0,EG,10,MIBR,13,0,0.456,0.257,0.713
Abyss,icy,EG,Jett,0.54,146.0,12,19,0,-7,48.0,84.0,26.0,3.0,7.0,-4.0,EG,10,MIBR,13,0,0.427,0.211,0.638
Abyss,aspas,MIBR,Jett,1.42,299.0,25,14,3,11,87.0,180.0,18.0,8.0,3.0,5.0,EG,10,MIBR,13,1,0.832,0.413,1.245
Abyss,xenom,MIBR,Astra,1.25,231.0,17,17,18,0,87.0,144.0,26.0,1.0,1.0,0.0,EG,10,MIBR,13,1,0.651,0.449,1.1
Abyss,cortezia,MIBR,Cypher,1.19,216.0,19,13,2,6,70.0,142.0,46.0,3.0,1.0,2.0,EG,10,MIBR,13,1,0.773,0.365,1.138
Abyss,artzin,MIBR,Kayo,0.94,191.0,16,17,9,-1,83.0,123.0,16.0,2.0,2.0,0.0,EG,10,MIBR,13,1,0.565,0.4,0.966
Abyss,nzr,MIBR,Sova,0.72,135.0,11,14,6,-3,74.0,104.0,30.0,1.0,1.0,0.0,EG,10,MIBR,13,1,0.455,0.338,0.793
Split,icy,EG,Raze,0.81,216.0,11,15,4,-4,69.0,151.0,16.0,3.0,2.0,1.0,EG,3,MIBR,13,0,0.529,0.316,0.845
Split,yay,EG,Chamber,0.71,186.0,10,15,0,-5,44.0,111.0,47.0,2.0,4.0,-2.0,EG,3,MIBR,13,0,0.482,0.227,0.709
Split,supamen,EG,Omen,0.57,165.0,9,15,0,-6,44.0,110.0,29.0,1.0,2.0,-1.0,EG,3,MIBR,13,0,0.417,0.22,0.637
Split,NaturE,EG,Viper,0.46,120.0,6,14,2,-8,50.0,77.0,15.0,0.0,2.0,-2.0,EG,3,MIBR,13,0,0.335,0.213,0.549
Split,Derrek,EG,Skye,0.41,124.0,7,15,4,-8,63.0,63.0,36.0,0.0,0.0,0.0,EG,3,MIBR,13,0,0.358,0.282,0.64
Split,nzr,MIBR,Skye,1.76,257.0,15,7,9,8,88.0,188.0,21.0,2.0,0.0,2.0,EG,3,MIBR,13,1,0.789,0.501,1.29
Split,artzin,MIBR,Raze,1.39,317.0,20,10,2,10,88.0,178.0,13.0,2.0,3.0,-1.0,EG,3,MIBR,13,1,0.799,0.381,1.18
Split,xenom,MIBR,Astra,1.35,177.0,10,6,8,4,94.0,112.0,28.0,1.0,1.0,0.0,EG,3,MIBR,13,1,0.645,0.46,1.106
Split,aspas,MIBR,Jett,1.28,215.0,13,8,4,5,94.0,132.0,4.0,2.0,0.0,2.0,EG,3,MIBR,13,1,0.675,0.435,1.11
Split,cortezia,MIBR,Viper,1.11,278.0,16,12,5,4,94.0,186.0,38.0,3.0,2.0,1.0,EG,3,MIBR,13,1,0.786,0.401,1.187
Haven,C0M,LEV,Sova,1.66,330.0,27,14,3,13,90.0,221.0,29.0,2.0,1.0,1.0,LEV,13,FUR,8,1,0.845,0.419,1.264
Haven,kiNgg,LEV,Omen,1.17,222.0,17,14,8,3,76.0,122.0,38.0,2.0,2.0,0.0,LEV,13,FUR,8,1,0.698,0.402,1.1
Haven,nataNk,LEV,Breach,1.12,192.0,13,12,14,1,81.0,113.0,23.0,2.0,2.0,0.0,LEV,13,FUR,8,1,0.605,0.416,1.022
Haven,tex,LEV,Cypher,0.72,152.0,11,14,3,-3,71.0,93.0,22.0,2.0,3.0,-1.0,LEV,13,FUR,8,1,0.46,0.281,0.742
Haven,Demon1,LEV,Jett,0.59,162.0,11,17,2,-6,57.0,112.0,26.0,4.0,1.0,3.0,LEV,13,FUR,8,1,0.454,0.284,0.738
Haven,Khalil,FUR,Omen,1.28,215.0,18,12,4,6,86.0,137.0,42.0,1.0,0.0,1.0,LEV,13,FUR,8,0,0.74,0.413,1.153
Haven,mwzera,FUR,Sova,1.06,220.0,16,15,6,1,71.0,138.0,13.0,1.0,2.0,-1.0,LEV,13,FUR,8,0,0.611,0.351,0.962
Haven,havoc,FUR,Jett,0.89,211.0,14,19,7,-5,86.0,139.0,27.0,5.0,3.0,2.0,LEV,13,FUR,8,0,0.542,0.395,0.937
Haven,raafa,FUR,Breach,0.74,150.0,11,16,5,-5,57.0,111.0,23.0,0.0,2.0,-2.0,LEV,13,FUR,8,0,0.429,0.274,0.703
Haven,heat,FUR,Cypher,0.58,151.0,12,17,1,-5,52.0,105.0,41.0,2.0,5.0,-3.0,LEV,13,FUR,8,0,0.451,0.222,0.673
Split,kiNgg,LEV,Omen,1.72,278.0,20,9,7,11,89.0,173.0,43.0,3.0,2.0,1.0,LEV,13,FUR,6,1,0.854,0.453,1.307
Split,nataNk,LEV,Skye,1.45,213.0,14,8,8,6,79.0,142.0,31.0,2.0,2.0,0.0,LEV,13,FUR,6,1,0.745,0.437,1.181
Split,Demon1,LEV,Raze,1.03,164.0,11,9,3,2,79.0,111.0,17.0,1.0,3.0,-2.0,LEV,13,FUR,6,1,0.563,0.319,0.882
Split,tex,LEV,Cypher,1.01,172.0,13,11,1,2,68.0,116.0,40.0,2.0,1.0,1.0,LEV,13,FUR,6,1,0.622,0.334,0.956
Split,C0M,LEV,Viper,0.98,222.0,14,13,6,1,68.0,161.0,23.0,1.0,2.0,-1.0,LEV,13,FUR,6,1,0.626,0.338,0.964
Split,havoc,FUR,Raze,1.05,262.0,15,14,4,1,68.0,181.0,26.0,4.0,2.0,2.0,LEV,13,FUR,6,0,0.705,0.348,1.053
Split,mwzera,FUR,Skye,0.77,155.0,9,13,4,-4,63.0,98.0,12.0,3.0,1.0,2.0,LEV,13,FUR,6,0,0.444,0.32,0.764
Split,heat,FUR,Viper,0.68,161.0,10,15,1,-5,47.0,108.0,32.0,1.0,3.0,-2.0,LEV,13,FUR,6,0,0.434,0.229,0.662
Split,Khalil,FUR,Omen,0.64,160.0,10,17,5,-7,68.0,103.0,46.0,2.0,3.0,-1.0,LEV,13,FUR,6,0,0.456,0.29,0.746
Split,raafa,FUR,Sage,0.58,95.0,6,13,4,-7,58.0,66.0,11.0,0.0,0.0,0.0,LEV,13,FUR,6,0,0.319,0.283,0.602
Lotus,leaf,G2,Viper,1.64,296.0,22,11,4,11,89.0,209.0,33.0,2.0,0.0,2.0,G2,13,C9,6,1,0.85,0.447,1.296
Lotus,jawgemo,G2,Yoru,1.37,248.0,16,11,8,5,89.0,151.0,20.0,7.0,1.0,6.0,G2,13,C9,6,1,0.768,0.476,1.244
Lotus,valyn,G2,Omen,1.24,230.0,15,11,12,4,95.0,142.0,16.0,2.0,1.0,1.0,G2,13,C9,6,1,0.699,0.47,1.169
Lotus,JonahP,G2,Breach,1.19,160.0,12,9,10,3,84.0,114.0,48.0,0.0,0.0,0.0,G2,13,C9,6,1,0.638,0.447,1.085
Lotus,trent,G2,Tejo,0.91,174.0,14,11,2,3,74.0,120.0,29.0,2.0,4.0,-2.0,G2,13,C9,6,1,0.622,0.298,0.92
Lotus,Xeppaa,C9,Tejo,1.23,238.0,15,15,5,0,74.0,174.0,22.0,1.0,2.0,-1.0,G2,13,C9,6,0,0.657,0.363,1.02
Lotus,v1c,C9,Omen,0.87,167.0,10,16,11,-6,58.0,111.0,12.0,2.0,2.0,0.0,G2,13,C9,6,0,0.444,0.351,0.795
Lotus,neT,C9,Deadlock,0.74,186.0,12,16,1,-4,53.0,124.0,39.0,0.0,1.0,-1.0,G2,13,C9,6,0,0.495,0.263,0.758
Lotus,mitch,C9,Breach,0.54,112.0,7,15,6,-8,63.0,67.0,20.0,2.0,1.0,1.0,G2,13,C9,6,0,0.353,0.309,0.662
Lotus,OXY,C9,Raze,0.42,141.0,9,17,1,-8,53.0,94.0,36.0,1.0,7.0,-6.0,G2,13,C9,6,0,0.395,0.214,0.609
Abyss,JonahP,G2,Breach,1.53,246.0,18,11,17,7,90.0,148.0,30.0,3.0,1.0,2.0,G2,13,C9,8,1,0.799,0.495,1.294
Abyss,leaf,G2,Chamber,1.49,271.0,22,12,3,10,62.0,168.0,28.0,5.0,2.0,3.0,G2,13,C9,8,1,0.835,0.376,1.211
Abyss,trent,G2,Sova,1.43,210.0,17,8,3,9,76.0,157.0,50.0,1.0,1.0,0.0,G2,13,C9,8,1,0.77,0.383,1.153
Abyss,valyn,G2,Astra,0.93,155.0,10,14,9,-4,76.0,99.0,19.0,0.0,1.0,-1.0,G2,13,C9,8,1,0.449,0.388,0.837
Abyss,jawgemo,G2,Yoru,0.89,177.0,13,15,9,-2,67.0,135.0,22.0,4.0,3.0,1.0,G2,13,C9,8,1,0.557,0.377,0.934
Abyss,OXY,C9,Jett,1.0,237.0,19,17,2,2,57.0,166.0,20.0,4.0,4.0,0.0,G2,13,C9,8,0,0.702,0.296,0.998
Abyss,Xeppaa,C9,Sova,0.96,168.0,12,13,8,-1,67.0,117.0,24.0,0.0,0.0,0.0,G2,13,C9,8,0,0.531,0.383,0.915
Abyss,neT,C9,Astra,0.74,171.0,13,16,3,-3,52.0,108.0,48.0,2.0,6.0,-4.0,G2,13,C9,8,0,0.521,0.239,0.76
Abyss,mitch,C9,Kayo,0.7,173.0,10,18,12,-8,57.0,104.0,27.0,1.0,2.0,-1.0,G2,13,C9,8,0,0.433,0.323,0.756
Abyss,v1c,C9,Omen,0.46,107.0,6,16,6,-10,62.0,76.0,18.0,1.0,1.0,0.0,G2,13,C9,8,0,0.333,0.293,0.627
Split,N4RRATE,SEN,Breach,1.04,184.0,12,14,12,-2,76.0,119.0,22.0,1.0,1.0,0.0,SEN,4,100T,13,0,0.531,0.409,0.94
Split,johnqt,SEN,Tejo,0.98,242.0,13,15,5,-2,65.0,148.0,21.0,1.0,0.0,1.0,SEN,4,100T,13,0,0.575,0.357,0.932
Split,Zellsis,SEN,Viper,0.75,192.0,11,14,3,-3,59.0,125.0,26.0,1.0,3.0,-2.0,SEN,4,100T,13,0,0.494,0.256,0.75
Split,zekken,SEN,Yoru,0.71,196.0,11,15,3,-4,76.0,130.0,11.0,2.0,4.0,-2.0,SEN,4,100T,13,0,0.471,0.28,0.751
Split,bang,SEN,Omen,0.44,160.0,8,16,3,-8,71.0,126.0,32.0,2.0,2.0,0.0,SEN,4,100T,13,0,0.431,0.266,0.696
Split,Cryocells,100T,Sage,2.13,338.0,24,8,4,16,94.0,233.0,46.0,2.0,0.0,2.0,SEN,4,100T,13,1,0.864,0.455,1.319
Split,eeiu,100T,Tejo,1.26,272.0,17,13,6,4,82.0,200.0,38.0,2.0,1.0,1.0,SEN,4,100T,13,1,0.792,0.417,1.209
Split,Asuna,100T,Raze,1.0,223.0,13,13,3,0,71.0,147.0,12.0,2.0,5.0,-3.0,SEN,4,100T,13,1,0.597,0.298,0.895
Split,Boostio,100T,Breach,0.93,177.0,12,11,6,1,82.0,108.0,23.0,3.0,0.0,3.0,SEN,4,100T,13,1,0.585,0.404,0.989
Split,zander,100T,Astra,0.85,140.0,8,10,5,-2,76.0,89.0,24.0,1.0,1.0,0.0,SEN,4,100T,13,1,0.455,0.344,0.798
Bind,johnqt,SEN,Tejo,1.41,197.0,16,11,7,5,82.0,137.0,32.0,1.0,0.0,1.0,SEN,13,100T,9,1,0.725,0.453,1.178
Bind,zekken,SEN,Raze,1.27,229.0,20,13,4,7,86.0,151.0,17.0,4.0,4.0,0.0,SEN,13,100T,9,1,0.762,0.385,1.147
Bind,bang,SEN,Viper,1.18,229.0,19,13,5,6,77.0,151.0,34.0,2.0,3.0,-1.0,SEN,13,100T,9,1,0.756,0.363,1.119
Bind,Zellsis,SEN,Brimstone,0.99,155.0,11,13,9,-2,73.0,90.0,26.0,3.0,2.0,1.0,SEN,13,100T,9,1,0.524,0.398,0.922
Bind,N4RRATE,SEN,Gekko,0.95,222.0,16,17,8,-1,73.0,150.0,22.0,3.0,0.0,3.0,SEN,13,100T,9,1,0.623,0.414,1.037
Bind,Asuna,100T,Raze,1.07,269.0,21,18,3,3,73.0,170.0,20.0,6.0,4.0,2.0,SEN,13,100T,9,0,0.752,0.348,1.099
Bind,Cryocells,100T,Brimstone,0.88,191.0,14,18,9,-4,73.0,125.0,26.0,3.0,3.0,0.0,SEN,13,100T,9,0,0.536,0.377,0.914
Bind,eeiu,100T,Fade,0.85,137.0,12,15,9,-3,68.0,92.0,50.0,0.0,1.0,-1.0,SEN,13,100T,9,0,0.488,0.366,0.855
Bind,Boostio,100T,Gekko,0.72,151.0,10,16,8,-6,59.0,100.0,15.0,0.0,2.0,-2.0,SEN,13,100T,9,0,0.403,0.309,0.712
Bind,zander,100T,Viper,0.7,129.0,9,15,5,-6,64.0,84.0,16.0,0.0,3.0,-3.0,SEN,13,100T,9,0,0.377,0.277,0.654
Pearl,johnqt,SEN,Tejo,1.56,237.0,22,10,3,12,91.0,146.0,25.0,1.0,0.0,1.0,SEN,13,100T,9,1,0.77,0.43,1.2
Pearl,N4RRATE,SEN,Fade,1.28,231.0,17,15,10,2,86.0,172.0,31.0,1.0,0.0,1.0,SEN,13,100T,9,1,0.709,0.469,1.177
Pearl,bang,SEN,Astra,1.18,175.0,15,13,10,2,86.0,109.0,30.0,1.0,1.0,0.0,SEN,13,100T,9,1,0.62,0.44,1.06
Pearl,zekken,SEN,Yoru,1.07,227.0,17,16,7,1,77.0,147.0,17.0,8.0,6.0,2.0,SEN,13,100T,9,1,0.663,0.399,1.062
Pearl,Zellsis,SEN,Vyse,0.85,144.0,10,14,8,-4,86.0,105.0,30.0,1.0,3.0,-2.0,SEN,13,100T,9,1,0.454,0.368,0.822
Pearl,zander,100T,Astra,1.14,206.0,15,12,12,3,77.0,123.0,19.0,2.0,1.0,1.0,SEN,13,100T,9,0,0.654,0.43,1.084
Pearl,Cryocells,100T,Jett,0.95,212.0,15,16,5,-1,77.0,140.0,36.0,5.0,4.0,1.0,SEN,13,100T,9,0,0.625,0.355,0.981
Pearl,eeiu,100T,Fade,0.76,177.0,13,16,11,-3,77.0,119.0,38.0,0.0,3.0,-3.0,SEN,13,100T,9,0,0.508,0.35,0.858
Pearl,Asuna,100T,Kayo,0.72,184.0,13,18,7,-5,68.0,110.0,19.0,1.0,2.0,-1.0,SEN,13,100T,9,0,0.446,0.321,0.767
Pearl,Boostio,100T,Killjoy,0.53,149.0,12,19,2,-7,55.0,101.0,24.0,2.0,2.0,0.0,SEN,13,100T,9,0,0.421,0.243,0.664
Haven,Shyy,KRÜ,Cypher,1.09,183.0,13,15,4,-2,70.0,112.0,41.0,1.0,1.0,0.0,KRU,7,LOUD,13,0,0.559,0.348,0.907
Haven,Melser,KRÜ,Omen,0.84,145.0,9,14,8,-5,55.0,97.0,40.0,2.0,2.0,0.0,KRU,7,LOUD,13,0,0.455,0.332,0.787
Haven,keznit,KRÜ,Jett,0.83,173.0,13,15,1,-2,60.0,101.0,44.0,6.0,6.0,0.0,KRU,7,LOUD,13,0,0.553,0.283,0.836
Haven,adverso,KRÜ,Sova,0.62,109.0,9,16,2,-7,50.0,77.0,40.0,0.0,0.0,0.0,KRU,7,LOUD,13,0,0.387,0.263,0.649
Haven,Mazino,KRÜ,Breach,0.39,114.0,7,18,4,-11,50.0,70.0,21.0,0.0,2.0,-2.0,KRU,7,LOUD,13,0,0.338,0.225,0.562
Haven,dgzin,LOUD,Jett,1.47,229.0,19,7,3,12,85.0,138.0,11.0,4.0,2.0,2.0,KRU,7,LOUD,13,1,0.759,0.41,1.169
Haven,pANcada,LOUD,Omen,1.23,194.0,14,9,3,5,80.0,129.0,50.0,1.0,1.0,0.0,KRU,7,LOUD,13,1,0.709,0.368,1.078
Haven,cauanzin,LOUD,Sova,1.22,254.0,19,12,3,7,75.0,160.0,44.0,4.0,2.0,2.0,KRU,7,LOUD,13,1,0.804,0.367,1.171
Haven,tuyz,LOUD,Cypher,1.01,204.0,14,12,6,2,75.0,135.0,26.0,1.0,1.0,0.0,KRU,7,LOUD,13,1,0.623,0.37,0.993
Haven,v1nny,LOUD,Breach,0.94,163.0,12,11,7,1,85.0,114.0,48.0,1.0,3.0,-2.0,KRU,7,LOUD,13,1,0.583,0.364,0.947
Split,keznit,KRÜ,Raze,1.44,270.0,24,13,5,11,87.0,177.0,20.0,2.0,2.0,0.0,KRU,10,LOUD,13,0,0.811,0.416,1.227
Split,Shyy,KRÜ,Cypher,1.21,210.0,18,13,5,5,78.0,137.0,34.0,2.0,0.0,2.0,KRU,10,LOUD,13,0,0.736,0.412,1.148
Split,Mazino,KRÜ,Skye,0.88,222.0,18,17,6,1,70.0,158.0,34.0,4.0,5.0,-1.0,KRU,10,LOUD,13,0,0.676,0.33,1.006
Split,Melser,KRÜ,Omen,0.72,138.0,10,14,4,-4,74.0,88.0,28.0,2.0,1.0,1.0,KRU,10,LOUD,13,0,0.439,0.324,0.763
Split,adverso,KRÜ,Viper,0.72,152.0,11,17,4,-6,74.0,116.0,22.0,3.0,2.0,1.0,KRU,10,LOUD,13,0,0.46,0.315,0.775
Split,v1nny,LOUD,Breach,1.12,192.0,17,16,8,1,74.0,128.0,29.0,1.0,1.0,0.0,KRU,10,LOUD,13,1,0.627,0.403,1.029
Split,dgzin,LOUD,Raze,1.05,234.0,18,16,3,2,65.0,151.0,26.0,3.0,4.0,-1.0,KRU,10,LOUD,13,1,0.7,0.306,1.007
Split,tuyz,LOUD,Cypher,1.0,177.0,12,17,9,-5,65.0,131.0,26.0,2.0,4.0,-2.0,KRU,10,LOUD,13,1,0.507,0.36,0.866
Split,pANcada,LOUD,Astra,0.95,179.0,15,15,2,0,70.0,110.0,43.0,3.0,3.0,0.0,KRU,10,LOUD,13,1,0.613,0.313,0.925
Split,cauanzin,LOUD,Tejo,0.78,161.0,12,17,5,-5,65.0,104.0,14.0,1.0,1.0,0.0,KRU,10,LOUD,13,1,0.425,0.318,0.743
Lotus,pANcada,LOUD,Omen,1.31,226.0,20,14,12,6,75.0,140.0,37.0,5.0,0.0,5.0,LOUD,13,SEN,11,1,0.784,0.466,1.251
Lotus,dgzin,LOUD,Raze,1.18,231.0,19,14,7,5,79.0,150.0,29.0,3.0,3.0,0.0,LOUD,13,SEN,11,1,0.765,0.397,1.162
Lotus,cauanzin,LOUD,Fade,1.17,257.0,21,17,9,4,75.0,162.0,27.0,4.0,1.0,3.0,LOUD,13,SEN,11,1,0.776,0.442,1.218
Lotus,tuyz,LOUD,Cypher,0.98,157.0,14,12,1,2,71.0,98.0,30.0,2.0,1.0,1.0,LOUD,13,SEN,11,1,0.593,0.336,0.928
Lotus,v1nny,LOUD,Breach,0.64,133.0,10,17,5,-7,75.0,93.0,35.0,2.0,3.0,-1.0,LOUD,13,SEN,11,1,0.425,0.302,0.727
Lotus,zekken,SEN,Yoru,1.07,230.0,20,16,4,4,75.0,145.0,25.0,3.0,6.0,-3.0,LOUD,13,SEN,11,0,0.734,0.324,1.058
Lotus,N4RRATE,SEN,Breach,1.03,175.0,14,17,10,-3,75.0,128.0,19.0,0.0,1.0,-1.0,LOUD,13,SEN,11,0,0.521,0.397,0.918
Lotus,Zellsis,SEN,Vyse,1.01,205.0,15,18,11,-3,75.0,133.0,17.0,3.0,3.0,0.0,LOUD,13,SEN,11,0,0.568,0.395,0.963
Lotus,bang,SEN,Omen,0.86,184.0,16,19,6,-3,67.0,117.0,29.0,2.0,3.0,-1.0,LOUD,13,SEN,11,0,0.538,0.323,0.862
Lotus,johnqt,SEN,Tejo,0.77,116.0,9,14,5,-5,63.0,84.0,22.0,0.0,3.0,-3.0,LOUD,13,SEN,11,0,0.388,0.283,0.671
Pearl,dgzin,LOUD,Jett,1.05,218.0,19,16,0,3,67.0,134.0,29.0,7.0,1.0,6.0,LOUD,11,SEN,13,0,0.705,0.349,1.054
Pearl,cauanzin,LOUD,Sova,1.0,194.0,15,17,7,-2,63.0,132.0,20.0,3.0,2.0,1.0,LOUD,11,SEN,13,0,0.581,0.36,0.941
Pearl,pANcada,LOUD,Astra,0.95,167.0,15,14,10,1,67.0,120.0,32.0,1.0,4.0,-3.0,LOUD,11,SEN,13,0,0.586,0.353,0.939
Pearl,v1nny,LOUD,Kayo,0.81,143.0,12,18,12,-6,63.0,98.0,46.0,0.0,3.0,-3.0,LOUD,11,SEN,13,0,0.457,0.332,0.789
Pearl,tuyz,LOUD,Cypher,0.79,126.0,12,15,4,-3,75.0,78.0,48.0,2.0,1.0,1.0,LOUD,11,SEN,13,0,0.48,0.333,0.814
Pearl,zekken,SEN,Yoru,1.35,277.0,23,17,11,6,83.0,176.0,20.0,5.0,2.0,3.0,LOUD,11,SEN,13,1,0.819,0.465,1.285
Pearl,johnqt,SEN,Tejo,1.24,197.0,18,14,6,4,79.0,136.0,29.0,2.0,1.0,1.0,LOUD,11,SEN,13,1,0.712,0.41,1.122
Pearl,Zellsis,SEN,Vyse,0.95,162.0,12,13,8,-1,67.0,101.0,16.0,1.0,5.0,-4.0,LOUD,11,SEN,13,1,0.505,0.342,0.847
Pearl,N4RRATE,SEN,Fade,0.94,160.0,13,15,10,-2,67.0,106.0,15.0,1.0,2.0,-1.0,LOUD,11,SEN,13,1,0.494,0.365,0.859
Pearl,bang,SEN,Astra,0.91,159.0,14,14,6,0,79.0,108.0,34.0,2.0,3.0,-1.0,LOUD,11,SEN,13,1,0.568,0.348,0.916
Split,dgzin,LOUD,Raze,1.59,311.0,23,14,3,9,77.0,202.0,25.0,4.0,1.0,3.0,LOUD,9,SEN,13,0,0.855,0.41,1.265
Split,pANcada,LOUD,Astra,0.95,220.0,18,18,6,0,68.0,138.0,41.0,1.0,0.0,1.0,LOUD,9,SEN,13,0,0.632,0.37,1.002
Split,tuyz,LOUD,Cypher,0.67,116.0,9,15,2,-6,73.0,78.0,29.0,0.0,3.0,-3.0,LOUD,9,SEN,13,0,0.383,0.267,0.65
Split,v1nny,LOUD,Breach,0.59,103.0,9,15,2,-6,64.0,81.0,43.0,0.0,0.0,0.0,LOUD,9,SEN,13,0,0.386,0.283,0.669
Split,cauanzin,LOUD,Skye,0.59,195.0,13,19,6,-6,59.0,119.0,22.0,6.0,7.0,-1.0,LOUD,9,SEN,13,0,0.478,0.281,0.759
Split,bang,SEN,Omen,1.27,216.0,18,13,5,5,77.0,128.0,28.0,1.0,1.0,0.0,LOUD,9,SEN,13,1,0.717,0.39,1.107
Split,zekken,SEN,Yoru,1.21,252.0,18,14,6,4,86.0,161.0,26.0,7.0,4.0,3.0,LOUD,9,SEN,13,1,0.762,0.422,1.184
Split,johnqt,SEN,Tejo,1.12,237.0,18,15,5,3,77.0,164.0,26.0,2.0,0.0,2.0,LOUD,9,SEN,13,1,0.718,0.401,1.118
Split,Zellsis,SEN,Viper,1.1,205.0,18,15,2,3,68.0,120.0,18.0,1.0,3.0,-2.0,LOUD,9,SEN,13,1,0.644,0.308,0.953
Split,N4RRATE,SEN,Breach,0.68,115.0,9,15,9,-6,73.0,69.0,6.0,0.0,3.0,-3.0,LOUD,9,SEN,13,1,0.339,0.335,0.673
Pearl,trent,G2,Sova,1.69,255.0,18,7,8,11,94.0,178.0,28.0,0.0,1.0,-1.0,G2,13,LEV,5,1,0.79,0.465,1.255
Pearl,leaf,G2,Chamber,1.44,279.0,20,9,1,11,83.0,166.0,32.0,6.0,2.0,4.0,G2,13,LEV,5,1,0.835,0.408,1.243
Pearl,JonahP,G2,Vyse,1.05,212.0,14,12,8,2,83.0,155.0,28.0,0.0,0.0,0.0,G2,13,LEV,5,1,0.647,0.419,1.066
Pearl,valyn,G2,Astra,0.99,162.0,12,11,6,1,83.0,111.0,27.0,1.0,1.0,0.0,G2,13,LEV,5,1,0.562,0.382,0.943
Pearl,jawgemo,G2,Yoru,0.86,184.0,10,14,7,-4,72.0,125.0,12.0,5.0,2.0,3.0,G2,13,LEV,5,1,0.49,0.373,0.863
Pearl,tex,LEV,Vyse,1.27,232.0,16,12,0,4,61.0,154.0,46.0,1.0,4.0,-3.0,G2,13,LEV,5,0,0.738,0.31,1.049
Pearl,kiNgg,LEV,Astra,1.03,252.0,15,17,6,-2,78.0,155.0,31.0,3.0,1.0,2.0,G2,13,LEV,5,0,0.642,0.395,1.037
Pearl,nataNk,LEV,Fade,0.94,201.0,13,14,5,-1,61.0,115.0,28.0,1.0,3.0,-2.0,G2,13,LEV,5,0,0.554,0.302,0.856
Pearl,Demon1,LEV,Yoru,0.36,83.0,5,15,3,-10,44.0,67.0,30.0,1.0,4.0,-3.0,G2,13,LEV,5,0,0.339,0.199,0.539
Pearl,C0M,LEV,Tejo,0.3,78.0,4,16,3,-12,50.0,55.0,13.0,0.0,0.0,0.0,G2,13,LEV,5,0,0.311,0.249,0.561
Fracture,leaf,G2,Vyse,1.6,317.0,24,15,8,9,77.0,221.0,24.0,2.0,0.0,2.0,G2,13,LEV,9,1,0.838,0.471,1.309
Fracture,trent,G2,Tejo,1.39,218.0,19,14,4,5,86.0,156.0,36.0,3.0,2.0,1.0,G2,13,LEV,9,1,0.794,0.406,1.2
Fracture,JonahP,G2,Breach,0.99,200.0,16,18,17,-2,82.0,119.0,22.0,2.0,2.0,0.0,G2,13,LEV,9,1,0.567,0.404,0.971
Fracture,jawgemo,G2,Raze,0.9,249.0,19,20,6,-1,73.0,147.0,7.0,4.0,3.0,1.0,G2,13,LEV,9,1,0.615,0.355,0.969
Fracture,valyn,G2,Brimstone,0.61,143.0,9,18,11,-9,59.0,113.0,18.0,2.0,2.0,0.0,G2,13,LEV,9,1,0.412,0.325,0.737
Fracture,C0M,LEV,Sova,1.1,230.0,19,16,5,3,73.0,150.0,28.0,1.0,1.0,0.0,G2,13,LEV,9,0,0.695,0.365,1.06
Fracture,kiNgg,LEV,Breach,1.05,201.0,16,16,13,0,77.0,138.0,23.0,1.0,2.0,-1.0,G2,13,LEV,9,0,0.602,0.394,0.996
Fracture,nataNk,LEV,Raze,1.04,253.0,19,17,4,2,73.0,167.0,24.0,7.0,5.0,2.0,G2,13,LEV,9,0,0.721,0.356,1.076
Fracture,Demon1,LEV,Brimstone,0.92,227.0,15,20,18,-5,82.0,155.0,31.0,0.0,2.0,-2.0,G2,13,LEV,9,0,0.543,0.379,0.923
Fracture,tex,LEV,Killjoy,0.81,198.0,16,19,2,-3,64.0,134.0,39.0,0.0,3.0,-3.0,G2,13,LEV,9,0,0.548,0.266,0.814
Lotus,kiNgg,LEV,Omen,1.31,241.0,17,12,8,5,85.0,173.0,33.0,1.0,2.0,-1.0,LEV,13,MIBR,7,1,0.765,0.423,1.188
Lotus,tex,LEV,Killjoy,1.26,197.0,16,9,1,7,85.0,126.0,41.0,1.0,2.0,-1.0,LEV,13,MIBR,7,1,0.712,0.362,1.074
Lotus,Demon1,LEV,Raze,1.18,245.0,18,12,6,6,75.0,171.0,37.0,1.0,3.0,-2.0,LEV,13,MIBR,7,1,0.761,0.362,1.123
Lotus,nataNk,LEV,Fade,1.14,192.0,13,8,5,5,90.0,138.0,24.0,1.0,3.0,-2.0,LEV,13,MIBR,7,1,0.67,0.372,1.042
Lotus,C0M,LEV,Viper,1.11,195.0,14,11,3,3,80.0,134.0,22.0,3.0,2.0,1.0,LEV,13,MIBR,7,1,0.668,0.355,1.023
Lotus,aspas,MIBR,Raze,1.24,260.0,16,15,2,1,65.0,176.0,18.0,7.0,1.0,6.0,LEV,13,MIBR,7,0,0.713,0.366,1.079
Lotus,cortezia,MIBR,Cypher,0.85,222.0,15,16,0,-1,55.0,144.0,36.0,2.0,1.0,1.0,LEV,13,MIBR,7,0,0.607,0.295,0.902
Lotus,nzr,MIBR,Fade,0.52,107.0,8,16,0,-8,40.0,78.0,16.0,0.0,0.0,0.0,LEV,13,MIBR,7,0,0.339,0.236,0.575
Lotus,xenom,MIBR,Omen,0.51,103.0,7,15,4,-8,60.0,64.0,18.0,1.0,3.0,-2.0,LEV,13,MIBR,7,0,0.326,0.243,0.569
Lotus,artzin,MIBR,Breach,0.47,109.0,6,16,5,-10,45.0,85.0,24.0,2.0,2.0,0.0,LEV,13,MIBR,7,0,0.364,0.245,0.609
Pearl,Demon1,LEV,Jett,1.28,300.0,23,16,8,7,77.0,196.0,26.0,4.0,5.0,-1.0,LEV,9,MIBR,13,0,0.836,0.407,1.243
Pearl,tex,LEV,Vyse,1.12,188.0,15,14,5,1,73.0,122.0,33.0,1.0,2.0,-1.0,LEV,9,MIBR,13,0,0.617,0.35,0.966
Pearl,kiNgg,LEV,Astra,0.75,142.0,11,16,6,-5,82.0,101.0,31.0,1.0,1.0,0.0,LEV,9,MIBR,13,0,0.431,0.354,0.785
Pearl,nataNk,LEV,Phoenix,0.71,180.0,12,19,11,-7,77.0,120.0,17.0,2.0,2.0,0.0,LEV,9,MIBR,13,0,0.457,0.366,0.823
Pearl,C0M,LEV,Sova,0.64,146.0,12,17,6,-5,68.0,100.0,27.0,2.0,2.0,0.0,LEV,9,MIBR,13,0,0.435,0.31,0.745
Pearl,artzin,MIBR,Kayo,1.29,269.0,19,16,12,3,91.0,181.0,13.0,2.0,3.0,-1.0,LEV,9,MIBR,13,1,0.746,0.442,1.189
Pearl,nzr,MIBR,Sova,1.22,179.0,14,13,11,1,82.0,129.0,36.0,1.0,0.0,1.0,LEV,9,MIBR,13,1,0.626,0.456,1.082
Pearl,aspas,MIBR,Jett,1.14,205.0,16,13,4,3,77.0,139.0,21.0,4.0,2.0,2.0,LEV,9,MIBR,13,1,0.687,0.373,1.06
Pearl,xenom,MIBR,Astra,1.04,198.0,17,15,2,2,73.0,126.0,48.0,2.0,4.0,-2.0,LEV,9,MIBR,13,1,0.671,0.31,0.981
Pearl,cortezia,MIBR,Killjoy,0.93,210.0,16,16,3,0,68.0,138.0,43.0,3.0,1.0,2.0,LEV,9,MIBR,13,1,0.648,0.334,0.982
Split,tex,LEV,Cypher,1.06,167.0,17,16,2,1,65.0,122.0,34.0,2.0,1.0,1.0,LEV,12,MIBR,14,0,0.625,0.334,0.959
Split,nataNk,LEV,Skye,1.02,219.0,20,19,9,1,73.0,156.0,30.0,4.0,4.0,0.0,LEV,12,MIBR,14,0,0.692,0.392,1.085
Split,Demon1,LEV,Raze,0.87,206.0,20,22,4,-2,73.0,134.0,16.0,1.0,5.0,-4.0,LEV,12,MIBR,14,0,0.561,0.299,0.859
Split,kiNgg,LEV,Omen,0.77,176.0,16,20,9,-4,77.0,120.0,25.0,3.0,3.0,0.0,LEV,12,MIBR,14,0,0.522,0.372,0.894
Split,C0M,LEV,Viper,0.74,170.0,13,19,12,-6,81.0,103.0,10.0,0.0,3.0,-3.0,LEV,12,MIBR,14,0,0.421,0.354,0.775
Split,artzin,MIBR,Raze,1.38,313.0,26,21,6,5,77.0,205.0,10.0,8.0,6.0,2.0,LEV,12,MIBR,14,1,0.82,0.421,1.241
Split,xenom,MIBR,Astra,1.31,192.0,20,12,13,8,85.0,122.0,33.0,0.0,1.0,-1.0,LEV,12,MIBR,14,1,0.722,0.444,1.165
Split,cortezia,MIBR,Viper,1.18,242.0,22,17,14,5,81.0,149.0,21.0,4.0,1.0,3.0,LEV,12,MIBR,14,1,0.768,0.453,1.221
Split,aspas,MIBR,Jett,1.07,201.0,19,17,3,2,81.0,122.0,16.0,4.0,2.0,2.0,LEV,12,MIBR,14,1,0.657,0.361,1.018
Split,nzr,MIBR,Skye,0.71,129.0,9,19,13,-10,73.0,95.0,24.0,0.0,0.0,0.0,LEV,12,MIBR,14,1,0.398,0.378,0.776
Bind,pANcada,LOUD,Brimstone,1.31,248.0,15,15,7,0,83.0,192.0,38.0,1.0,0.0,1.0,LOUD,5,KRU,13,0,0.701,0.444,1.146
Bind,tuyz,LOUD,Deadlock,1.16,204.0,13,14,5,-1,72.0,132.0,37.0,3.0,1.0,2.0,LOUD,5,KRU,13,0,0.631,0.387,1.018
Bind,v1nny,LOUD,Kayo,0.58,113.0,5,13,12,-8,67.0,87.0,33.0,0.0,3.0,-3.0,LOUD,5,KRU,13,0,0.374,0.314,0.688
Bind,cauanzin,LOUD,Skye,0.52,167.0,9,16,6,-7,67.0,105.0,28.0,2.0,2.0,0.0,LOUD,5,KRU,13,0,0.423,0.296,0.719
Bind,dgzin,LOUD,Raze,0.51,186.0,13,18,0,-5,50.0,110.0,34.0,2.0,4.0,-2.0,LOUD,5,KRU,13,0,0.46,0.215,0.676
Bind,Melser,KRÜ,Brimstone,2.04,345.0,26,8,8,18,100.0,222.0,25.0,3.0,0.0,3.0,LOUD,5,KRU,13,0,0.855,0.514,1.369
Bind,adverso,KRÜ,Viper,1.37,252.0,16,11,8,5,89.0,164.0,12.0,1.0,0.0,1.0,LOUD,5,KRU,13,0,0.735,0.472,1.207
Bind,keznit,KRÜ,Raze,1.07,201.0,12,12,7,0,78.0,144.0,13.0,3.0,3.0,0.0,LOUD,5,KRU,13,0,0.604,0.384,0.987
Bind,Shyy,KRÜ,Vyse,0.96,167.0,11,11,5,0,78.0,112.0,27.0,1.0,2.0,-1.0,LOUD,5,KRU,13,0,0.542,0.341,0.883
Bind,Mazino,KRÜ,Skye,0.84,179.0,11,13,10,-2,94.0,108.0,17.0,2.0,3.0,-1.0,LOUD,5,KRU,13,0,0.503,0.4,0.903
Haven,dgzin,LOUD,Jett,1.23,252.0,23,15,1,8,63.0,179.0,28.0,6.0,3.0,3.0,LOUD,11,KRU,13,0,0.808,0.352,1.16
Haven,pANcada,LOUD,Omen,1.1,189.0,17,17,4,0,67.0,135.0,38.0,3.0,1.0,2.0,LOUD,11,KRU,13,0,0.653,0.361,1.015
Haven,tuyz,LOUD,Cypher,0.99,185.0,15,15,8,0,71.0,118.0,34.0,3.0,2.0,1.0,LOUD,11,KRU,13,0,0.615,0.383,0.998
Haven,v1nny,LOUD,Breach,0.8,155.0,13,16,6,-3,67.0,99.0,26.0,1.0,0.0,1.0,LOUD,11,KRU,13,0,0.474,0.352,0.826
Haven,cauanzin,LOUD,Sova,0.59,155.0,12,20,2,-8,54.0,108.0,36.0,1.0,4.0,-3.0,LOUD,11,KRU,13,0,0.435,0.226,0.661
Haven,Shyy,KRÜ,Cypher,1.41,225.0,18,14,6,4,79.0,160.0,28.0,1.0,0.0,1.0,LOUD,11,KRU,13,0,0.743,0.437,1.18
Haven,Mazino,KRÜ,Breach,1.19,219.0,21,15,7,6,71.0,151.0,41.0,1.0,2.0,-1.0,LOUD,11,KRU,13,0,0.754,0.376,1.13
Haven,Melser,KRÜ,Omen,1.0,220.0,19,17,6,2,75.0,127.0,31.0,2.0,1.0,1.0,LOUD,11,KRU,13,0,0.668,0.378,1.046
Haven,keznit,KRÜ,Jett,0.88,175.0,15,17,1,-2,67.0,119.0,23.0,3.0,6.0,-3.0,LOUD,11,KRU,13,0,0.555,0.279,0.834
Haven,adverso,KRÜ,Sova,0.72,152.0,10,17,10,-7,63.0,102.0,12.0,3.0,5.0,-2.0,LOUD,11,KRU,13,0,0.43,0.326,0.756
Bind,aspas,MIBR,Raze,1.76,331.0,24,13,4,11,90.0,210.0,31.0,4.0,2.0,2.0,MIBR,8,KRU,13,0,0.862,0.43,1.292
Bind,cortezia,MIBR,Viper,1.06,221.0,15,14,6,1,71.0,144.0,37.0,2.0,1.0,1.0,MIBR,8,KRU,13,0,0.66,0.377,1.038
Bind,artzin,MIBR,Yoru,0.76,189.0,13,18,7,-5,76.0,123.0,20.0,4.0,3.0,1.0,MIBR,8,KRU,13,0,0.493,0.356,0.849
Bind,xenom,MIBR,Brimstone,0.68,140.0,10,16,6,-6,62.0,88.0,35.0,0.0,4.0,-4.0,MIBR,8,KRU,13,0,0.414,0.283,0.697
Bind,nzr,MIBR,Skye,0.39,110.0,7,18,9,-11,52.0,76.0,17.0,0.0,1.0,-1.0,MIBR,8,KRU,13,0,0.333,0.302,0.635
Bind,Shyy,KRÜ,Vyse,1.89,321.0,23,9,7,14,86.0,217.0,28.0,2.0,0.0,2.0,MIBR,8,KRU,13,0,0.844,0.475,1.319
Bind,Melser,KRÜ,Brimstone,1.17,239.0,18,15,15,3,86.0,132.0,29.0,2.0,1.0,1.0,MIBR,8,KRU,13,0,0.707,0.448,1.155
Bind,keznit,KRÜ,Raze,1.06,231.0,16,16,4,0,86.0,153.0,18.0,6.0,3.0,3.0,MIBR,8,KRU,13,0,0.65,0.384,1.034
Bind,adverso,KRÜ,Viper,0.8,141.0,10,14,9,-4,71.0,86.0,23.0,1.0,3.0,-2.0,MIBR,8,KRU,13,0,0.426,0.348,0.774
Bind,Mazino,KRÜ,Skye,0.71,143.0,12,15,10,-3,62.0,85.0,34.0,0.0,3.0,-3.0,MIBR,8,KRU,13,0,0.455,0.319,0.774
Abyss,aspas,MIBR,Jett,2.02,370.0,29,9,2,20,90.0,238.0,20.0,3.0,1.0,2.0,MIBR,13,KRU,8,1,0.847,0.428,1.275
Abyss,cortezia,MIBR,Cypher,1.32,240.0,19,11,4,8,76.0,163.0,50.0,3.0,3.0,0.0,MIBR,13,KRU,8,1,0.816,0.373,1.189
Abyss,xenom,MIBR,Astra,0.86,148.0,11,13,11,-2,81.0,89.0,33.0,1.0,0.0,1.0,MIBR,13,KRU,8,1,0.485,0.416,0.901
Abyss,nzr,MIBR,Sova,0.83,137.0,10,12,4,-2,71.0,84.0,29.0,0.0,1.0,-1.0,MIBR,13,KRU,8,1,0.464,0.314,0.777
Abyss,artzin,MIBR,Kayo,0.69,178.0,13,17,7,-4,71.0,116.0,28.0,4.0,5.0,-1.0,MIBR,13,KRU,8,1,0.502,0.323,0.825
Abyss,Shyy,KRÜ,Viper,1.14,248.0,16,17,8,-1,76.0,152.0,15.0,1.0,1.0,0.0,MIBR,13,KRU,8,0,0.616,0.408,1.024
Abyss,adverso,KRÜ,Sova,0.93,190.0,13,15,9,-2,71.0,127.0,20.0,0.0,2.0,-2.0,MIBR,13,KRU,8,0,0.529,0.362,0.891
Abyss,Melser,KRÜ,Astra,0.9,173.0,12,16,7,-4,67.0,105.0,38.0,3.0,2.0,1.0,MIBR,13,KRU,8,0,0.522,0.356,0.878
Abyss,Mazino,KRÜ,Kayo,0.85,151.0,12,17,15,-5,76.0,76.0,26.0,3.0,1.0,2.0,MIBR,13,KRU,8,0,0.457,0.406,0.863
Abyss,keznit,KRÜ,Jett,0.48,103.0,9,17,2,-8,52.0,59.0,18.0,3.0,5.0,-2.0,MIBR,13,KRU,8,0,0.363,0.217,0.579
Split,aspas,MIBR,Jett,1.8,340.0,29,14,1,15,83.0,208.0,30.0,7.0,1.0,6.0,MIBR,13,KRU,11,1,0.861,0.42,1.282
Split,nzr,MIBR,Skye,1.27,175.0,15,12,14,3,83.0,121.0,24.0,0.0,0.0,0.0,MIBR,13,KRU,11,1,0.644,0.454,1.098
Split,xenom,MIBR,Astra,1.04,179.0,15,14,15,1,88.0,109.0,32.0,3.0,1.0,2.0,MIBR,13,KRU,11,1,0.624,0.446,1.07
Split,artzin,MIBR,Raze,0.77,193.0,17,17,4,0,67.0,120.0,18.0,4.0,5.0,-1.0,MIBR,13,KRU,11,1,0.584,0.291,0.875
Split,cortezia,MIBR,Viper,0.54,144.0,11,17,5,-6,83.0,93.0,19.0,2.0,1.0,1.0,MIBR,13,KRU,11,1,0.403,0.331,0.734
Split,Shyy,KRÜ,Cypher,1.21,201.0,18,14,2,4,79.0,147.0,33.0,1.0,1.0,0.0,MIBR,13,KRU,11,0,0.707,0.365,1.072
Split,adverso,KRÜ,Viper,0.88,214.0,18,21,2,-3,63.0,150.0,17.0,2.0,5.0,-3.0,MIBR,13,KRU,11,0,0.568,0.272,0.841
Split,Melser,KRÜ,Omen,0.87,144.0,12,16,10,-4,75.0,93.0,31.0,0.0,3.0,-3.0,MIBR,13,KRU,11,0,0.459,0.358,0.817
Split,keznit,KRÜ,Raze,0.86,212.0,16,18,1,-2,67.0,138.0,11.0,3.0,2.0,1.0,MIBR,13,KRU,11,0,0.567,0.307,0.874
Split,Mazino,KRÜ,Skye,0.68,143.0,10,18,8,-8,67.0,111.0,19.0,2.0,5.0,-3.0,MIBR,13,KRU,11,0,0.424,0.313,0.738
Split,valyn,G2,Astra,0.9,207.0,12,15,3,-3,65.0,146.0,21.0,2.0,2.0,0.0,G2,4,SEN,13,0,0.543,0.299,0.843
Split,jawgemo,G2,Yoru,0.71,200.0,11,17,5,-6,76.0,127.0,15.0,2.0,2.0,0.0,G2,4,SEN,13,0,0.463,0.32,0.783
Split,leaf,G2,Viper,0.71,174.0,9,16,4,-7,71.0,130.0,14.0,1.0,1.0,0.0,G2,4,SEN,13,0,0.427,0.309,0.736
Split,trent,G2,Tejo,0.64,155.0,10,15,2,-5,53.0,102.0,30.0,1.0,3.0,-2.0,G2,4,SEN,13,0,0.42,0.234,0.654
Split,JonahP,G2,Breach,0.54,147.0,8,15,4,-7,59.0,98.0,17.0,0.0,3.0,-3.0,G2,4,SEN,13,0,0.375,0.241,0.616
Split,johnqt,SEN,Tejo,1.54,208.0,14,7,6,7,82.0,137.0,47.0,0.0,0.0,0.0,G2,4,SEN,13,1,0.744,0.44,1.184
Split,N4RRATE,SEN,Breach,1.41,240.0,16,9,8,7,88.0,153.0,25.0,2.0,2.0,0.0,G2,4,SEN,13,1,0.762,0.448,1.21
Split,Zellsis,SEN,Viper,1.21,268.0,18,11,2,7,88.0,174.0,24.0,3.0,1.0,2.0,G2,4,SEN,13,1,0.791,0.397,1.188
Split,zekken,SEN,Yoru,1.2,252.0,17,12,3,5,88.0,176.0,43.0,3.0,2.0,1.0,G2,4,SEN,13,1,0.802,0.378,1.18
Split,bang,SEN,Omen,1.19,221.0,13,11,10,2,88.0,137.0,32.0,3.0,1.0,2.0,G2,4,SEN,13,1,0.684,0.462,1.146
Pearl,valyn,G2,Astra,1.19,191.0,13,11,9,2,67.0,139.0,26.0,2.0,0.0,2.0,G2,13,SEN,8,1,0.649,0.436,1.085
Pearl,leaf,G2,Chamber,1.14,183.0,14,12,4,2,76.0,117.0,33.0,5.0,3.0,2.0,G2,13,SEN,8,1,0.653,0.371,1.025
Pearl,JonahP,G2,Vyse,1.12,223.0,18,14,9,4,81.0,119.0,23.0,1.0,3.0,-2.0,G2,13,SEN,8,1,0.677,0.399,1.076
Pearl,jawgemo,G2,Yoru,1.11,228.0,18,14,3,4,76.0,139.0,28.0,2.0,4.0,-2.0,G2,13,SEN,8,1,0.713,0.323,1.036
Pearl,trent,G2,Sova,1.04,173.0,12,12,7,0,71.0,124.0,19.0,1.0,0.0,1.0,G2,13,SEN,8,1,0.554,0.396,0.95
Pearl,Zellsis,SEN,Vyse,1.05,169.0,13,14,4,-1,67.0,115.0,17.0,0.0,2.0,-2.0,G2,13,SEN,8,0,0.534,0.312,0.846
Pearl,bang,SEN,Astra,1.0,182.0,12,14,10,-2,71.0,129.0,31.0,2.0,2.0,0.0,G2,13,SEN,8,0,0.559,0.387,0.946
Pearl,zekken,SEN,Yoru,1.0,220.0,16,16,3,0,62.0,135.0,22.0,2.0,4.0,-2.0,G2,13,SEN,8,0,0.618,0.288,0.905
Pearl,johnqt,SEN,Tejo,0.68,160.0,11,16,5,-5,67.0,101.0,31.0,3.0,1.0,2.0,G2,13,SEN,8,0,0.462,0.328,0.79
Pearl,N4RRATE,SEN,Fade,0.67,150.0,11,15,7,-4,71.0,87.0,14.0,3.0,2.0,1.0,G2,13,SEN,8,0,0.437,0.338,0.775
Abyss,trent,G2,Sova,1.18,246.0,17,15,6,2,73.0,168.0,26.0,3.0,0.0,3.0,G2,9,SEN,13,0,0.726,0.416,1.142
Abyss,leaf,G2,Chamber,1.09,216.0,17,17,2,0,64.0,147.0,33.0,3.0,2.0,1.0,G2,9,SEN,13,0,0.667,0.326,0.994
Abyss,JonahP,G2,Breach,0.72,105.0,8,15,8,-7,73.0,65.0,23.0,1.0,1.0,0.0,G2,9,SEN,13,0,0.362,0.358,0.72
Abyss,valyn,G2,Astra,0.69,115.0,8,14,8,-6,59.0,74.0,21.0,1.0,4.0,-3.0,G2,9,SEN,13,0,0.366,0.301,0.668
Abyss,jawgemo,G2,Yoru,0.56,170.0,14,19,2,-5,50.0,116.0,26.0,2.0,5.0,-3.0,G2,9,SEN,13,0,0.456,0.216,0.673
Abyss,johnqt,SEN,Tejo,1.57,263.0,20,11,3,9,82.0,191.0,23.0,4.0,1.0,3.0,G2,9,SEN,13,1,0.834,0.419,1.253
Abyss,bang,SEN,Astra,1.08,223.0,16,14,12,2,82.0,124.0,42.0,1.0,2.0,-1.0,G2,9,SEN,13,1,0.66,0.405,1.065
Abyss,N4RRATE,SEN,Omen,1.01,162.0,14,13,3,1,73.0,113.0,33.0,2.0,0.0,2.0,G2,9,SEN,13,1,0.597,0.36,0.957
Abyss,Zellsis,SEN,Kayo,0.94,161.0,12,15,18,-3,73.0,86.0,18.0,1.0,2.0,-1.0,G2,9,SEN,13,1,0.467,0.375,0.842
Abyss,zekken,SEN,Jett,0.91,190.0,16,13,2,3,59.0,133.0,31.0,4.0,5.0,-1.0,G2,9,SEN,13,1,0.665,0.282,0.946
Fracture,trent,G2,Tejo,1.64,264.0,18,7,1,11,89.0,170.0,31.0,4.0,1.0,3.0,G2,13,SEN,5,1,0.823,0.43,1.254
Fracture,valyn,G2,Brimstone,1.39,237.0,17,9,10,8,89.0,147.0,18.0,2.0,0.0,2.0,G2,13,SEN,5,1,0.749,0.494,1.243
Fracture,jawgemo,G2,Raze,1.21,263.0,17,11,6,6,83.0,150.0,15.0,6.0,4.0,2.0,G2,13,SEN,5,1,0.754,0.413,1.167
Fracture,leaf,G2,Vyse,1.0,178.0,12,9,7,3,67.0,119.0,30.0,0.0,1.0,-1.0,G2,13,SEN,5,1,0.61,0.358,0.968
Fracture,JonahP,G2,Breach,0.97,121.0,9,9,8,0,83.0,70.0,20.0,0.0,0.0,0.0,G2,13,SEN,5,1,0.475,0.411,0.886
Fracture,johnqt,SEN,Tejo,0.9,163.0,9,14,6,-5,56.0,120.0,31.0,0.0,2.0,-2.0,G2,13,SEN,5,0,0.46,0.3,0.76
Fracture,zekken,SEN,Yoru,0.88,160.0,10,13,2,-3,61.0,113.0,25.0,2.0,3.0,-1.0,G2,13,SEN,5,0,0.494,0.282,0.775
Fracture,Zellsis,SEN,Vyse,0.85,194.0,11,15,5,-4,56.0,161.0,24.0,0.0,5.0,-5.0,G2,13,SEN,5,0,0.511,0.28,0.791
Fracture,N4RRATE,SEN,Breach,0.74,151.0,9,15,4,-6,61.0,103.0,30.0,2.0,1.0,1.0,G2,13,SEN,5,0,0.44,0.304,0.744
Fracture,bang,SEN,Brimstone,0.52,122.0,6,16,7,-10,56.0,78.0,31.0,2.0,1.0,1.0,G2,13,SEN,5,0,0.378,0.306,0.685
Haven,trent,G2,Tejo,1.51,265.0,23,14,5,9,74.0,191.0,21.0,4.0,1.0,3.0,G2,13,SEN,10,1,0.837,0.428,1.265
Haven,valyn,G2,Astra,1.35,227.0,19,14,10,5,78.0,147.0,17.0,0.0,1.0,-1.0,G2,13,SEN,10,1,0.732,0.436,1.168
Haven,JonahP,G2,Breach,1.04,189.0,15,15,12,0,74.0,111.0,21.0,1.0,1.0,0.0,G2,13,SEN,10,1,0.57,0.405,0.976
Haven,leaf,G2,Vyse,0.89,193.0,16,17,3,-1,61.0,118.0,25.0,4.0,3.0,1.0,G2,13,SEN,10,1,0.586,0.3,0.886
Haven,jawgemo,G2,Yoru,0.71,162.0,13,19,4,-6,70.0,101.0,25.0,2.0,6.0,-4.0,G2,13,SEN,10,1,0.452,0.277,0.729
Haven,bang,SEN,Omen,1.12,228.0,19,17,10,2,78.0,153.0,51.0,2.0,1.0,1.0,G2,13,SEN,10,0,0.724,0.429,1.153
Haven,N4RRATE,SEN,Iso,1.09,281.0,21,19,7,2,74.0,177.0,33.0,7.0,2.0,5.0,G2,13,SEN,10,0,0.767,0.401,1.167
Haven,johnqt,SEN,Sova,1.04,201.0,15,16,7,-1,70.0,159.0,36.0,1.0,2.0,-1.0,G2,13,SEN,10,0,0.612,0.358,0.97
Haven,zekken,SEN,Yoru,0.83,161.0,15,16,3,-1,65.0,101.0,22.0,1.0,3.0,-2.0,G2,13,SEN,10,0,0.515,0.275,0.789
Haven,Zellsis,SEN,Cypher,0.51,124.0,9,18,6,-9,57.0,80.0,26.0,1.0,3.0,-2.0,G2,13,SEN,10,0,0.367,0.261,0.628
Abyss,Zellsis,SEN,Kayo,1.31,268.0,20,16,6,4,70.0,163.0,34.0,2.0,0.0,2.0,SEN,7,G2,13,0,0.786,0.42,1.206
Abyss,bang,SEN,Astra,0.84,167.0,11,13,5,-2,75.0,122.0,28.0,1.0,4.0,-3.0,SEN,7,G2,13,0,0.507,0.31,0.818
Abyss,zekken,SEN,Jett,0.73,167.0,11,14,2,-3,60.0,111.0,16.0,4.0,3.0,1.0,SEN,7,G2,13,0,0.486,0.281,0.767
Abyss,johnqt,SEN,Sova,0.66,132.0,9,14,4,-5,65.0,90.0,32.0,0.0,0.0,0.0,SEN,7,G2,13,0,0.401,0.303,0.705
Abyss,N4RRATE,SEN,Omen,0.29,104.0,6,18,7,-12,50.0,70.0,39.0,1.0,5.0,-4.0,SEN,7,G2,13,0,0.356,0.254,0.609
Abyss,leaf,G2,Chamber,1.54,294.0,21,12,5,9,80.0,186.0,28.0,4.0,1.0,3.0,SEN,7,G2,13,1,0.856,0.438,1.293
Abyss,trent,G2,Sova,1.23,211.0,15,10,6,5,70.0,137.0,19.0,1.0,1.0,0.0,SEN,7,G2,13,1,0.69,0.385,1.075
Abyss,JonahP,G2,Breach,1.17,170.0,13,9,9,4,70.0,103.0,21.0,2.0,1.0,1.0,SEN,7,G2,13,1,0.636,0.421,1.057
Abyss,jawgemo,G2,Yoru,0.99,216.0,15,15,3,0,60.0,133.0,23.0,5.0,3.0,2.0,SEN,7,G2,13,1,0.625,0.318,0.943
Abyss,valyn,G2,Astra,0.78,137.0,10,12,5,-2,60.0,98.0,26.0,0.0,2.0,-2.0,SEN,7,G2,13,1,0.464,0.283,0.747
Pearl,N4RRATE,SEN,Fade,1.27,268.0,19,15,7,4,85.0,185.0,28.0,1.0,3.0,-2.0,SEN,7,G2,13,0,0.769,0.399,1.169
Pearl,bang,SEN,Astra,1.05,191.0,14,14,9,0,70.0,116.0,33.0,1.0,2.0,-1.0,SEN,7,G2,13,0,0.587,0.382,0.969
Pearl,zekken,SEN,Yoru,0.84,219.0,15,19,5,-4,70.0,131.0,30.0,4.0,1.0,3.0,SEN,7,G2,13,0,0.559,0.354,0.913
Pearl,johnqt,SEN,Tejo,0.7,140.0,9,15,4,-6,60.0,96.0,27.0,1.0,1.0,0.0,SEN,7,G2,13,0,0.407,0.29,0.697
Pearl,Zellsis,SEN,Vyse,0.69,149.0,9,16,4,-7,70.0,115.0,26.0,2.0,4.0,-2.0,SEN,7,G2,13,0,0.436,0.279,0.716
Pearl,jawgemo,G2,Yoru,1.41,293.0,21,14,13,7,80.0,186.0,15.0,4.0,0.0,4.0,SEN,7,G2,13,1,0.83,0.485,1.315
Pearl,valyn,G2,Astra,1.31,259.0,20,12,6,8,70.0,143.0,19.0,2.0,2.0,0.0,SEN,7,G2,13,1,0.764,0.385,1.148
Pearl,JonahP,G2,Vyse,1.18,195.0,13,11,11,2,80.0,148.0,20.0,2.0,1.0,1.0,SEN,7,G2,13,1,0.647,0.439,1.086
Pearl,trent,G2,Sova,1.11,218.0,16,13,3,3,65.0,145.0,26.0,1.0,2.0,-1.0,SEN,7,G2,13,1,0.671,0.313,0.984
Pearl,leaf,G2,Chamber,0.53,129.0,9,16,3,-7,60.0,84.0,11.0,2.0,4.0,-2.0,SEN,7,G2,13,1,0.365,0.234,0.599
Lotus,N4RRATE,SEN,Fade,1.64,270.0,19,9,5,10,75.0,174.0,26.0,1.0,1.0,0.0,SEN,13,MIBR,7,1,0.797,0.408,1.205
Lotus,Zellsis,SEN,Vyse,1.52,313.0,24,12,5,12,70.0,209.0,33.0,3.0,1.0,2.0,SEN,13,MIBR,7,1,0.865,0.417,1.282
Lotus,johnqt,SEN,Viper,1.1,140.0,10,10,10,0,70.0,89.0,27.0,1.0,0.0,1.0,SEN,13,MIBR,7,1,0.524,0.423,0.947
Lotus,bang,SEN,Omen,1.02,186.0,13,13,6,0,70.0,102.0,35.0,4.0,2.0,2.0,SEN,13,MIBR,7,1,0.6,0.371,0.971
Lotus,zekken,SEN,Raze,0.79,178.0,10,14,5,-4,75.0,138.0,23.0,3.0,4.0,-1.0,SEN,13,MIBR,7,1,0.506,0.318,0.824
Lotus,xenom,MIBR,Omen,1.02,203.0,14,13,4,1,75.0,127.0,39.0,2.0,1.0,1.0,SEN,13,MIBR,7,0,0.634,0.358,0.991
Lotus,nzr,MIBR,Breach,1.0,148.0,11,14,7,-3,80.0,98.0,33.0,0.0,0.0,0.0,SEN,13,MIBR,7,0,0.491,0.398,0.889
Lotus,aspas,MIBR,Jett,0.83,233.0,15,16,5,-1,65.0,170.0,37.0,5.0,5.0,0.0,SEN,13,MIBR,7,0,0.644,0.314,0.958
Lotus,artzin,MIBR,Raze,0.64,144.0,10,16,2,-6,55.0,99.0,29.0,1.0,5.0,-4.0,SEN,13,MIBR,7,0,0.412,0.233,0.645
Lotus,cortezia,MIBR,Cypher,0.46,119.0,8,17,2,-9,50.0,75.0,44.0,0.0,1.0,-1.0,SEN,13,MIBR,7,0,0.376,0.231,0.607
Abyss,Zellsis,SEN,Kayo,1.42,280.0,18,13,17,5,78.0,158.0,24.0,1.0,1.0,0.0,SEN,13,MIBR,5,1,0.778,0.452,1.231
Abyss,bang,SEN,Astra,1.4,224.0,13,9,14,4,83.0,149.0,38.0,3.0,0.0,3.0,SEN,13,MIBR,5,1,0.753,0.489,1.242
Abyss,zekken,SEN,Jett,1.28,234.0,17,11,4,6,78.0,181.0,33.0,4.0,4.0,0.0,SEN,13,MIBR,5,1,0.793,0.372,1.166
Abyss,johnqt,SEN,Sova,1.24,178.0,11,9,10,2,94.0,125.0,30.0,3.0,1.0,2.0,SEN,13,MIBR,5,1,0.65,0.477,1.127
Abyss,N4RRATE,SEN,Omen,1.16,229.0,14,13,13,1,89.0,148.0,22.0,1.0,0.0,1.0,SEN,13,MIBR,5,1,0.639,0.461,1.1
Abyss,xenom,MIBR,Astra,1.08,244.0,15,15,3,0,67.0,174.0,35.0,2.0,2.0,0.0,SEN,13,MIBR,5,0,0.676,0.322,0.997
Abyss,nzr,MIBR,Sova,0.94,194.0,12,12,4,0,61.0,124.0,37.0,0.0,1.0,-1.0,SEN,13,MIBR,5,0,0.578,0.309,0.886
Abyss,aspas,MIBR,Jett,0.71,191.0,11,16,2,-5,67.0,111.0,33.0,3.0,3.0,0.0,SEN,13,MIBR,5,0,0.489,0.282,0.771
Abyss,cortezia,MIBR,Cypher,0.68,173.0,12,15,4,-3,50.0,102.0,32.0,0.0,3.0,-3.0,SEN,13,MIBR,5,0,0.475,0.24,0.715
Abyss,artzin,MIBR,Kayo,0.25,83.0,3,15,5,-12,50.0,60.0,21.0,1.0,3.0,-2.0,SEN,13,MIBR,5,0,0.325,0.236,0.561
Pearl,johnqt,SEN,Tejo,1.06,184.0,27,28,8,-1,73.0,126.0,25.0,2.0,5.0,-3.0,SEN,19,MIBR,21,0,0.613,0.364,0.977
Pearl,bang,SEN,Astra,1.03,201.0,24,30,25,-6,85.0,142.0,38.0,2.0,3.0,-1.0,SEN,19,MIBR,21,0,0.585,0.405,0.989
Pearl,Zellsis,SEN,Vyse,1.0,224.0,31,32,10,-1,70.0,153.0,33.0,5.0,1.0,4.0,SEN,19,MIBR,21,0,0.669,0.416,1.085
Pearl,zekken,SEN,Yoru,0.96,233.0,32,31,10,1,63.0,144.0,24.0,9.0,9.0,0.0,SEN,19,MIBR,21,0,0.682,0.369,1.051
Pearl,N4RRATE,SEN,Fade,0.84,148.0,19,29,13,-10,73.0,93.0,15.0,0.0,4.0,-4.0,SEN,19,MIBR,21,0,0.451,0.352,0.803
Pearl,xenom,MIBR,Astra,1.32,228.0,33,23,22,10,83.0,145.0,27.0,4.0,1.0,3.0,SEN,19,MIBR,21,1,0.782,0.472,1.254
Pearl,aspas,MIBR,Jett,1.31,250.0,37,22,2,15,78.0,157.0,26.0,9.0,2.0,7.0,SEN,19,MIBR,21,1,0.798,0.386,1.184
Pearl,cortezia,MIBR,Killjoy,1.01,210.0,29,27,6,2,68.0,154.0,27.0,1.0,2.0,-1.0,SEN,19,MIBR,21,1,0.671,0.341,1.012
Pearl,artzin,MIBR,Kayo,0.81,210.0,28,30,11,-2,65.0,131.0,23.0,7.0,12.0,-5.0,SEN,19,MIBR,21,1,0.6,0.335,0.935
Pearl,nzr,MIBR,Sova,0.66,166.0,23,31,7,-8,68.0,123.0,29.0,1.0,1.0,0.0,SEN,19,MIBR,21,1,0.49,0.333,0.823
Split,zekken,SEN,Yoru,1.56,310.0,23,14,7,9,75.0,184.0,24.0,6.0,4.0,2.0,SEN,13,MIBR,7,1,0.849,0.438,1.287
Split,N4RRATE,SEN,Breach,1.19,200.0,15,10,7,5,80.0,109.0,26.0,1.0,1.0,0.0,SEN,13,MIBR,7,1,0.672,0.409,1.081
Split,Zellsis,SEN,Viper,1.13,191.0,12,12,11,0,70.0,137.0,19.0,1.0,1.0,0.0,SEN,13,MIBR,7,1,0.581,0.408,0.989
Split,johnqt,SEN,Tejo,0.93,175.0,11,12,6,-1,80.0,121.0,13.0,2.0,1.0,1.0,SEN,13,MIBR,7,1,0.527,0.379,0.906
Split,bang,SEN,Omen,0.86,152.0,11,13,9,-2,75.0,95.0,36.0,0.0,3.0,-3.0,SEN,13,MIBR,7,1,0.494,0.357,0.851
Split,nzr,MIBR,Skye,1.19,272.0,19,16,6,3,75.0,180.0,30.0,4.0,1.0,3.0,SEN,13,MIBR,7,0,0.777,0.411,1.188
Split,xenom,MIBR,Astra,0.83,143.0,10,12,6,-2,70.0,101.0,24.0,0.0,0.0,0.0,SEN,13,MIBR,7,0,0.471,0.352,0.823
Split,artzin,MIBR,Raze,0.72,172.0,10,15,6,-5,70.0,119.0,17.0,3.0,4.0,-1.0,SEN,13,MIBR,7,0,0.459,0.313,0.773
Split,cortezia,MIBR,Viper,0.71,174.0,11,14,2,-3,60.0,129.0,23.0,1.0,0.0,1.0,SEN,13,MIBR,7,0,0.48,0.298,0.777
Split,aspas,MIBR,Jett,0.53,132.0,11,15,0,-4,60.0,95.0,33.0,2.0,5.0,-3.0,SEN,13,MIBR,7,0,0.431,0.23,0.661
Lotus,valyn,G2,Harbor,1.19,218.0,17,14,10,3,71.0,159.0,30.0,2.0,0.0,2.0,G2,8,MIBR,13,0,0.713,0.443,1.156
Lotus,BABYBAY,G2,Vyse,1.13,233.0,17,15,4,2,76.0,141.0,17.0,2.0,0.0,2.0,G2,8,MIBR,13,0,0.669,0.389,1.057
Lotus,trent,G2,Fade,0.94,188.0,14,17,6,-3,62.0,133.0,34.0,1.0,0.0,1.0,G2,8,MIBR,13,0,0.541,0.359,0.9
Lotus,jawgemo,G2,Neon,0.84,213.0,14,19,9,-5,81.0,141.0,15.0,2.0,5.0,-3.0,G2,8,MIBR,13,0,0.506,0.365,0.871
Lotus,leaf,G2,Omen,0.5,132.0,8,18,5,-10,67.0,94.0,17.0,2.0,7.0,-5.0,G2,8,MIBR,13,0,0.376,0.261,0.637
Lotus,zekken,MIBR,Neon,1.61,360.0,28,15,2,13,81.0,228.0,22.0,3.0,2.0,1.0,G2,8,MIBR,13,1,0.85,0.395,1.245
Lotus,tex,MIBR,Vyse,1.05,226.0,16,14,4,2,67.0,149.0,42.0,4.0,0.0,4.0,G2,8,MIBR,13,1,0.705,0.37,1.074
Lotus,Verno,MIBR,Fade,1.0,163.0,13,12,6,1,76.0,111.0,24.0,1.0,1.0,0.0,G2,8,MIBR,13,1,0.564,0.371,0.935
Lotus,Mazino,MIBR,Omen,0.93,173.0,13,15,11,-2,67.0,111.0,28.0,3.0,3.0,0.0,G2,8,MIBR,13,1,0.552,0.373,0.924
Lotus,aspas,MIBR,Raze,0.83,166.0,13,14,3,-1,67.0,128.0,18.0,1.0,3.0,-2.0,G2,8,MIBR,13,1,0.519,0.278,0.797
Split,leaf,G2,Astra,1.1,203.0,22,20,13,2,73.0,138.0,19.0,2.0,1.0,1.0,G2,14,MIBR,16,0,0.671,0.419,1.089
Split,BABYBAY,G2,Vyse,1.09,231.0,24,21,12,3,73.0,152.0,25.0,1.0,1.0,0.0,G2,14,MIBR,16,0,0.701,0.409,1.11
Split,trent,G2,Fade,0.96,156.0,18,19,6,-1,73.0,108.0,26.0,2.0,2.0,0.0,G2,14,MIBR,16,0,0.565,0.352,0.917
Split,valyn,G2,Harbor,0.95,194.0,19,23,9,-4,73.0,124.0,25.0,6.0,2.0,4.0,G2,14,MIBR,16,0,0.566,0.406,0.972
Split,jawgemo,G2,Neon,0.67,186.0,18,22,6,-4,50.0,117.0,14.0,6.0,7.0,-1.0,G2,14,MIBR,16,0,0.506,0.275,0.78
Split,tex,MIBR,Vyse,1.34,237.0,25,17,8,8,67.0,148.0,38.0,1.0,1.0,0.0,G2,14,MIBR,16,1,0.774,0.414,1.188
Split,Verno,MIBR,Fade,1.1,219.0,23,19,7,4,63.0,131.0,30.0,3.0,4.0,-1.0,G2,14,MIBR,16,1,0.734,0.353,1.087
Split,aspas,MIBR,Raze,1.06,196.0,19,20,7,-1,63.0,145.0,29.0,4.0,1.0,3.0,G2,14,MIBR,16,1,0.642,0.388,1.031
Split,Mazino,MIBR,Astra,1.0,181.0,20,19,10,1,63.0,119.0,20.0,1.0,5.0,-4.0,G2,14,MIBR,16,1,0.604,0.352,0.956
Split,zekken,MIBR,Neon,0.74,175.0,18,26,8,-8,60.0,106.0,19.0,4.0,6.0,-2.0,G2,14,MIBR,16,1,0.494,0.312,0.807
Lotus,Rossy,ENVY,Viper,1.25,266.0,22,15,2,7,77.0,168.0,38.0,1.0,0.0,1.0,ENVY,13,LOUD,9,1,0.791,0.383,1.175
Lotus,keznit,ENVY,Neon,1.07,237.0,20,15,2,5,64.0,145.0,18.0,6.0,4.0,2.0,ENVY,13,LOUD,9,1,0.742,0.333,1.075
Lotus,P0PPIN,ENVY,Fade,0.97,180.0,14,14,7,0,77.0,123.0,10.0,1.0,1.0,0.0,ENVY,13,LOUD,9,1,0.542,0.381,0.923
Lotus,Demon1,ENVY,Veto,0.97,190.0,16,14,0,2,73.0,134.0,61.0,2.0,2.0,0.0,ENVY,13,LOUD,9,1,0.67,0.32,0.99
Lotus,Eggsterr,ENVY,Omen,0.94,172.0,13,14,7,-1,86.0,115.0,41.0,4.0,1.0,3.0,ENVY,13,LOUD,9,1,0.585,0.414,0.999
Lotus,lukxo,LOUD,Viper,1.31,258.0,20,16,8,4,64.0,166.0,22.0,3.0,4.0,-1.0,ENVY,13,LOUD,9,0,0.783,0.388,1.171
Lotus,Darker,LOUD,Vyse,1.29,294.0,22,19,4,3,59.0,172.0,19.0,2.0,0.0,2.0,ENVY,13,LOUD,9,0,0.77,0.377,1.147
Lotus,Virtyy,LOUD,Raze,0.96,190.0,13,16,3,-3,82.0,130.0,27.0,2.0,2.0,0.0,ENVY,13,LOUD,9,0,0.544,0.334,0.878
Lotus,cauanzin,LOUD,Fade,0.63,106.0,9,15,4,-6,59.0,83.0,19.0,0.0,3.0,-3.0,ENVY,13,LOUD,9,0,0.363,0.25,0.613
Lotus,Bati,LOUD,Omen,0.46,123.0,8,19,10,-11,64.0,74.0,30.0,1.0,5.0,-4.0,ENVY,13,LOUD,9,0,0.361,0.299,0.661
Pearl,Demon1,ENVY,Astra,1.26,219.0,20,16,16,4,83.0,137.0,40.0,3.0,0.0,3.0,ENVY,11,LOUD,13,0,0.762,0.474,1.236
Pearl,keznit,ENVY,Waylay,1.08,230.0,19,17,8,2,71.0,140.0,25.0,3.0,4.0,-1.0,ENVY,11,LOUD,13,0,0.697,0.376,1.073
Pearl,P0PPIN,ENVY,Sova,1.0,230.0,19,20,5,-1,71.0,159.0,21.0,0.0,4.0,-4.0,ENVY,11,LOUD,13,0,0.621,0.321,0.941
Pearl,Rossy,ENVY,Tejo,0.91,175.0,14,18,6,-4,63.0,126.0,20.0,1.0,3.0,-2.0,ENVY,11,LOUD,13,0,0.494,0.313,0.807
Pearl,Eggsterr,ENVY,Veto,0.16,66.0,6,22,1,-16,58.0,45.0,25.0,2.0,4.0,-2.0,ENVY,11,LOUD,13,0,0.346,0.227,0.572
Pearl,Darker,LOUD,Astra,1.61,310.0,28,15,9,13,96.0,191.0,32.0,2.0,1.0,1.0,ENVY,11,LOUD,13,1,0.849,0.496,1.345
Pearl,lukxo,LOUD,Chamber,1.32,254.0,23,15,3,8,67.0,148.0,32.0,5.0,1.0,4.0,ENVY,11,LOUD,13,1,0.803,0.378,1.181
Pearl,cauanzin,LOUD,Sova,1.18,217.0,18,15,8,3,71.0,142.0,37.0,3.0,0.0,3.0,ENVY,11,LOUD,13,1,0.728,0.435,1.163
Pearl,Bati,LOUD,Kayo,0.85,138.0,10,15,15,-5,79.0,94.0,19.0,1.0,2.0,-1.0,ENVY,11,LOUD,13,1,0.414,0.376,0.789
Pearl,Virtyy,LOUD,Neon,0.74,169.0,14,18,8,-4,88.0,124.0,24.0,4.0,5.0,-1.0,ENVY,11,LOUD,13,1,0.507,0.368,0.875
Breeze,Rossy,ENVY,Viper,1.46,267.0,21,14,4,7,62.0,183.0,35.0,1.0,1.0,0.0,ENVY,8,LOUD,13,0,0.82,0.374,1.194
Breeze,Demon1,ENVY,Iso,1.02,233.0,18,17,4,1,71.0,137.0,67.0,2.0,3.0,-1.0,ENVY,8,LOUD,13,0,0.692,0.324,1.017
Breeze,P0PPIN,ENVY,Sova,0.66,133.0,8,17,8,-9,57.0,96.0,26.0,0.0,3.0,-3.0,ENVY,8,LOUD,13,0,0.393,0.295,0.688
Breeze,keznit,ENVY,Neon,0.43,118.0,7,18,4,-11,48.0,78.0,11.0,3.0,3.0,0.0,ENVY,8,LOUD,13,0,0.357,0.238,0.596
Breeze,Eggsterr,ENVY,Harbor,0.33,104.0,7,20,3,-13,52.0,67.0,20.0,2.0,3.0,-1.0,ENVY,8,LOUD,13,0,0.344,0.225,0.57
Breeze,lukxo,LOUD,Harbor,1.71,308.0,24,12,15,12,95.0,191.0,43.0,3.0,0.0,3.0,ENVY,8,LOUD,13,1,0.876,0.517,1.393
Breeze,Darker,LOUD,Astra,1.62,308.0,25,12,10,13,81.0,173.0,24.0,4.0,2.0,2.0,ENVY,8,LOUD,13,1,0.842,0.471,1.312
Breeze,Bati,LOUD,Kayo,1.13,194.0,12,13,19,-1,81.0,120.0,12.0,1.0,1.0,0.0,ENVY,8,LOUD,13,1,0.544,0.427,0.971
Breeze,Virtyy,LOUD,Jett,0.96,190.0,14,13,3,1,71.0,136.0,21.0,4.0,4.0,0.0,ENVY,8,LOUD,13,1,0.619,0.316,0.935
Breeze,cauanzin,LOUD,Sova,0.95,148.0,11,11,10,0,76.0,107.0,12.0,1.0,1.0,0.0,ENVY,8,LOUD,13,1,0.505,0.399,0.904
Pearl,OXY,C9,Neon,1.11,271.0,17,17,4,0,79.0,169.0,15.0,4.0,3.0,1.0,C9,6,LEV,13,0,0.685,0.365,1.049
Pearl,Xeppaa,C9,Skye,0.83,221.0,12,18,9,-6,58.0,143.0,14.0,0.0,3.0,-3.0,C9,6,LEV,13,0,0.484,0.326,0.81
Pearl,v1c,C9,Astra,0.82,137.0,9,13,7,-4,79.0,93.0,32.0,1.0,1.0,0.0,C9,6,LEV,13,0,0.438,0.368,0.806
Pearl,Zellsis,C9,Tejo,0.79,155.0,11,14,4,-3,47.0,108.0,11.0,0.0,1.0,-1.0,C9,6,LEV,13,0,0.445,0.269,0.714
Pearl,penny,C9,Chamber,0.41,104.0,7,16,1,-9,42.0,61.0,7.0,3.0,3.0,0.0,C9,6,LEV,13,0,0.332,0.217,0.549
Pearl,Neon,LEV,Chamber,1.48,258.0,17,9,3,8,74.0,161.0,28.0,5.0,4.0,1.0,C9,6,LEV,13,1,0.806,0.383,1.189
Pearl,kiNgg,LEV,Astra,1.46,232.0,17,9,6,8,89.0,142.0,33.0,0.0,0.0,0.0,C9,6,LEV,13,1,0.756,0.451,1.207
Pearl,spike,LEV,Neon,1.25,278.0,19,15,7,4,84.0,189.0,17.0,3.0,1.0,2.0,C9,6,LEV,13,1,0.789,0.439,1.228
Pearl,blowz,LEV,Sova,0.97,121.0,11,9,5,2,84.0,92.0,32.0,0.0,0.0,0.0,C9,6,LEV,13,1,0.544,0.379,0.923
Pearl,Sato,LEV,Phoenix,0.88,205.0,14,14,7,0,79.0,125.0,39.0,3.0,3.0,0.0,C9,6,LEV,13,1,0.619,0.365,0.984
Haven,OXY,C9,Neon,1.09,226.0,15,14,3,1,56.0,146.0,29.0,1.0,2.0,-1.0,C9,5,LEV,13,0,0.642,0.296,0.938
Haven,Zellsis,C9,Killjoy,0.82,155.0,9,13,4,-4,67.0,107.0,27.0,2.0,3.0,-1.0,C9,5,LEV,13,0,0.464,0.297,0.761
Haven,penny,C9,Viper,0.75,182.0,10,13,2,-3,72.0,113.0,24.0,1.0,2.0,-1.0,C9,5,LEV,13,0,0.474,0.286,0.76
Haven,v1c,C9,Omen,0.64,122.0,6,15,7,-9,61.0,87.0,26.0,3.0,3.0,0.0,C9,5,LEV,13,0,0.406,0.31,0.715
Haven,Xeppaa,C9,Sova,0.54,112.0,6,13,5,-7,56.0,80.0,50.0,0.0,1.0,-1.0,C9,5,LEV,13,0,0.383,0.269,0.652
Haven,blowz,LEV,Sova,1.52,235.0,16,7,5,9,78.0,163.0,54.0,1.0,0.0,1.0,C9,5,LEV,13,1,0.79,0.431,1.221
Haven,Neon,LEV,Chamber,1.32,194.0,13,7,4,6,83.0,127.0,19.0,3.0,0.0,3.0,C9,5,LEV,13,1,0.706,0.425,1.131
Haven,Sato,LEV,Phoenix,1.26,228.0,15,10,5,5,72.0,136.0,54.0,3.0,2.0,1.0,C9,5,LEV,13,1,0.772,0.38,1.152
Haven,kiNgg,LEV,Astra,1.21,161.0,10,8,12,2,83.0,109.0,23.0,1.0,3.0,-2.0,C9,5,LEV,13,1,0.584,0.412,0.996
Haven,spike,LEV,Neon,0.8,218.0,14,14,6,0,61.0,145.0,23.0,3.0,2.0,1.0,C9,5,LEV,13,1,0.61,0.324,0.933
Split,Zellsis,C9,Vyse,1.27,261.0,22,16,6,6,83.0,163.0,25.0,5.0,1.0,4.0,C9,13,ENVY,11,1,0.802,0.433,1.234
Split,Xeppaa,C9,Skye,1.18,198.0,17,14,13,3,92.0,110.0,22.0,0.0,2.0,-2.0,C9,13,ENVY,11,1,0.645,0.424,1.068
Split,v1c,C9,Omen,1.11,213.0,16,14,13,2,88.0,143.0,23.0,0.0,3.0,-3.0,C9,13,ENVY,11,1,0.648,0.405,1.053
Split,OXY,C9,Neon,1.09,265.0,21,19,7,2,88.0,146.0,15.0,5.0,5.0,0.0,C9,13,ENVY,11,1,0.713,0.402,1.115
Split,penny,C9,Viper,1.0,192.0,16,15,5,1,71.0,127.0,24.0,1.0,1.0,0.0,C9,13,ENVY,11,1,0.602,0.351,0.953
Split,Eggsterr,ENVY,Omen,1.06,231.0,19,19,9,0,67.0,141.0,33.0,3.0,0.0,3.0,C9,13,ENVY,11,0,0.677,0.426,1.103
Split,Demon1,ENVY,Jett,0.97,195.0,19,18,1,1,71.0,128.0,59.0,2.0,4.0,-2.0,C9,13,ENVY,11,0,0.667,0.299,0.967
Split,P0PPIN,ENVY,Skye,0.83,154.0,14,20,10,-6,63.0,96.0,16.0,1.0,2.0,-1.0,C9,13,ENVY,11,0,0.434,0.347,0.781
Split,Rossy,ENVY,Viper,0.78,166.0,11,20,8,-9,71.0,125.0,15.0,0.0,4.0,-4.0,C9,13,ENVY,11,0,0.438,0.331,0.769
Split,keznit,ENVY,Raze,0.7,201.0,15,20,6,-5,79.0,161.0,9.0,7.0,2.0,5.0,C9,13,ENVY,11,0,0.506,0.356,0.862
Pearl,Xeppaa,C9,Skye,1.13,218.0,12,15,8,-3,67.0,159.0,29.0,1.0,0.0,1.0,C9,5,ENVY,13,0,0.578,0.41,0.987
Pearl,penny,C9,Vyse,1.04,206.0,12,13,4,-1,56.0,126.0,16.0,2.0,1.0,1.0,C9,5,ENVY,13,0,0.567,0.328,0.895
Pearl,OXY,C9,Neon,0.88,197.0,12,14,3,-2,61.0,130.0,23.0,2.0,4.0,-2.0,C9,5,ENVY,13,0,0.544,0.273,0.817
Pearl,v1c,C9,Astra,0.55,100.0,6,14,5,-8,56.0,73.0,24.0,1.0,2.0,-1.0,C9,5,ENVY,13,0,0.344,0.261,0.604
Pearl,Zellsis,C9,Tejo,0.45,102.0,6,15,3,-9,56.0,71.0,16.0,1.0,4.0,-3.0,C9,5,ENVY,13,0,0.324,0.219,0.544
Pearl,Eggsterr,ENVY,Phoenix,1.33,254.0,16,10,8,6,83.0,164.0,26.0,2.0,4.0,-2.0,C9,5,ENVY,13,1,0.769,0.413,1.182
Pearl,P0PPIN,ENVY,Sova,1.28,188.0,13,7,4,6,72.0,120.0,19.0,2.0,1.0,1.0,C9,5,ENVY,13,1,0.679,0.38,1.059
Pearl,Demon1,ENVY,Chamber,1.14,194.0,13,10,3,3,67.0,134.0,29.0,1.0,1.0,0.0,C9,5,ENVY,13,1,0.645,0.337,0.983
Pearl,keznit,ENVY,Neon,1.14,261.0,17,11,0,6,83.0,166.0,22.0,5.0,1.0,4.0,C9,5,ENVY,13,1,0.767,0.385,1.153
Pearl,Rossy,ENVY,Astra,1.05,161.0,12,10,8,2,78.0,112.0,42.0,1.0,0.0,1.0,C9,5,ENVY,13,1,0.601,0.42,1.021
Haven,OXY,C9,Neon,1.62,358.0,27,17,5,10,73.0,232.0,24.0,4.0,4.0,0.0,C9,9,ENVY,13,0,0.853,0.395,1.249
Haven,Zellsis,C9,Killjoy,0.92,174.0,14,15,4,-1,73.0,117.0,17.0,0.0,1.0,-1.0,C9,9,ENVY,13,0,0.529,0.326,0.855
Haven,penny,C9,Viper,0.86,178.0,13,15,7,-2,59.0,108.0,16.0,1.0,2.0,-1.0,C9,9,ENVY,13,0,0.497,0.321,0.818
Haven,Xeppaa,C9,Sova,0.7,150.0,11,17,7,-6,64.0,104.0,36.0,1.0,5.0,-4.0,C9,9,ENVY,13,0,0.437,0.299,0.737
Haven,v1c,C9,Omen,0.64,118.0,8,16,7,-8,68.0,88.0,24.0,1.0,3.0,-2.0,C9,9,ENVY,13,0,0.376,0.304,0.68
Haven,keznit,ENVY,Neon,1.52,288.0,25,14,8,11,73.0,182.0,24.0,4.0,2.0,2.0,C9,9,ENVY,13,1,0.847,0.446,1.293
Haven,Demon1,ENVY,Chamber,1.37,231.0,19,13,4,6,68.0,147.0,43.0,5.0,1.0,4.0,C9,9,ENVY,13,1,0.8,0.396,1.196
Haven,Rossy,ENVY,Astra,0.92,158.0,13,13,6,0,73.0,94.0,26.0,2.0,0.0,2.0,C9,9,ENVY,13,1,0.545,0.384,0.928
Haven,P0PPIN,ENVY,Sova,0.8,170.0,11,16,11,-5,68.0,116.0,7.0,1.0,2.0,-1.0,C9,9,ENVY,13,1,0.419,0.352,0.771
Haven,Eggsterr,ENVY,Phoenix,0.74,179.0,12,17,9,-5,59.0,117.0,25.0,3.0,2.0,1.0,C9,9,ENVY,13,1,0.485,0.348,0.832
Breeze,trent,G2,Sova,2.2,327.0,24,6,4,18,89.0,224.0,51.0,1.0,1.0,0.0,G2,13,LEV,6,1,0.854,0.42,1.274
Breeze,BABYBAY,G2,Vyse,1.13,192.0,13,12,5,1,79.0,116.0,18.0,3.0,0.0,3.0,G2,13,LEV,6,1,0.616,0.409,1.025
Breeze,leaf,G2,Astra,0.96,180.0,13,11,2,2,58.0,104.0,18.0,2.0,3.0,-1.0,G2,13,LEV,6,1,0.584,0.285,0.869
Breeze,valyn,G2,Harbor,0.87,136.0,10,12,6,-2,68.0,92.0,27.0,1.0,2.0,-1.0,G2,13,LEV,6,1,0.47,0.326,0.796
Breeze,jawgemo,G2,Neon,0.78,165.0,10,14,6,-4,74.0,102.0,13.0,3.0,3.0,0.0,G2,13,LEV,6,1,0.459,0.335,0.794
Breeze,spike,LEV,Omen,1.25,284.0,19,15,3,4,84.0,184.0,23.0,5.0,1.0,4.0,G2,13,LEV,6,0,0.797,0.399,1.196
Breeze,Neon,LEV,Chamber,0.99,214.0,14,12,2,2,68.0,142.0,28.0,2.0,2.0,0.0,G2,13,LEV,6,0,0.648,0.314,0.961
Breeze,kiNgg,LEV,Viper,0.5,114.0,8,13,4,-5,63.0,68.0,12.0,0.0,2.0,-2.0,G2,13,LEV,6,0,0.327,0.247,0.574
Breeze,Sato,LEV,Neon,0.44,142.0,9,16,5,-7,58.0,89.0,17.0,2.0,3.0,-1.0,G2,13,LEV,6,0,0.381,0.258,0.639
Breeze,blowz,LEV,Sova,0.37,86.0,5,14,4,-9,58.0,71.0,22.0,0.0,2.0,-2.0,G2,13,LEV,6,0,0.331,0.238,0.569
Split,BABYBAY,G2,Vyse,1.39,250.0,22,16,4,6,71.0,163.0,21.0,3.0,2.0,1.0,G2,11,LEV,13,0,0.803,0.381,1.184
Split,jawgemo,G2,Raze,0.94,216.0,19,20,1,-1,67.0,127.0,14.0,6.0,2.0,4.0,G2,11,LEV,13,0,0.605,0.328,0.933
Split,trent,G2,Fade,0.89,165.0,12,18,12,-6,75.0,130.0,41.0,3.0,2.0,1.0,G2,11,LEV,13,0,0.522,0.39,0.912
Split,leaf,G2,Astra,0.8,137.0,11,16,8,-5,79.0,100.0,25.0,0.0,2.0,-2.0,G2,11,LEV,13,0,0.425,0.351,0.776
Split,valyn,G2,Harbor,0.77,140.0,11,17,13,-6,71.0,90.0,14.0,2.0,2.0,0.0,G2,11,LEV,13,0,0.415,0.362,0.777
Split,Neon,LEV,Omen,1.18,232.0,20,15,11,5,88.0,160.0,28.0,1.0,3.0,-2.0,G2,11,LEV,13,1,0.746,0.417,1.163
Split,Sato,LEV,Phoenix,1.12,211.0,20,16,4,4,71.0,135.0,34.0,1.0,5.0,-4.0,G2,11,LEV,13,1,0.705,0.322,1.027
Split,kiNgg,LEV,Viper,0.97,180.0,15,14,5,1,79.0,127.0,31.0,1.0,1.0,0.0,G2,11,LEV,13,1,0.598,0.362,0.959
Split,blowz,LEV,Fade,0.93,165.0,16,13,3,3,79.0,95.0,31.0,1.0,0.0,1.0,G2,11,LEV,13,1,0.6,0.353,0.953
Split,spike,LEV,Neon,0.78,222.0,16,18,7,-2,63.0,138.0,19.0,6.0,5.0,1.0,G2,11,LEV,13,1,0.578,0.336,0.914
Bind,valyn,G2,Brimstone,1.22,198.0,18,16,11,2,73.0,122.0,16.0,2.0,2.0,0.0,G2,12,LEV,14,0,0.652,0.413,1.065
Bind,leaf,G2,Viper,0.98,187.0,17,19,8,-2,58.0,120.0,34.0,2.0,4.0,-2.0,G2,12,LEV,14,0,0.58,0.335,0.915
Bind,trent,G2,Fade,0.98,202.0,19,17,2,2,58.0,139.0,44.0,1.0,4.0,-3.0,G2,12,LEV,14,0,0.665,0.274,0.94
Bind,jawgemo,G2,Raze,0.92,218.0,18,19,6,-1,46.0,140.0,7.0,2.0,4.0,-2.0,G2,12,LEV,14,0,0.578,0.286,0.864
Bind,BABYBAY,G2,Vyse,0.81,131.0,9,17,10,-8,69.0,95.0,12.0,0.0,5.0,-5.0,G2,12,LEV,14,0,0.39,0.342,0.732
Bind,Sato,LEV,Phoenix,1.17,249.0,22,19,7,3,65.0,162.0,25.0,4.0,1.0,3.0,G2,12,LEV,14,1,0.755,0.403,1.158
Bind,Neon,LEV,Brimstone,1.15,184.0,19,15,10,4,73.0,126.0,47.0,1.0,1.0,0.0,G2,12,LEV,14,1,0.699,0.415,1.114
Bind,spike,LEV,Neon,1.1,260.0,24,21,5,3,77.0,157.0,23.0,8.0,2.0,6.0,G2,12,LEV,14,1,0.746,0.384,1.131
Bind,kiNgg,LEV,Viper,0.93,164.0,15,13,2,2,62.0,108.0,17.0,3.0,2.0,1.0,G2,12,LEV,14,1,0.598,0.306,0.904
Bind,blowz,LEV,Skye,0.76,109.0,8,13,7,-5,62.0,79.0,22.0,3.0,1.0,2.0,G2,12,LEV,14,1,0.406,0.35,0.756
Haven,Verno,MIBR,Fade,1.46,240.0,20,12,8,8,87.0,142.0,21.0,3.0,1.0,2.0,MIBR,13,LOUD,10,1,0.788,0.478,1.265
Haven,aspas,MIBR,Jett,1.28,200.0,18,13,1,5,83.0,128.0,31.0,3.0,1.0,2.0,MIBR,13,LOUD,10,1,0.745,0.396,1.141
Haven,zekken,MIBR,Phoenix,1.19,209.0,17,14,12,3,74.0,150.0,32.0,2.0,2.0,0.0,MIBR,13,LOUD,10,1,0.705,0.412,1.117
Haven,Mazino,MIBR,Omen,0.94,191.0,16,16,10,0,78.0,128.0,20.0,4.0,5.0,-1.0,MIBR,13,LOUD,10,1,0.605,0.384,0.988
Haven,tex,MIBR,Vyse,0.82,149.0,13,14,4,-1,65.0,103.0,35.0,1.0,1.0,0.0,MIBR,13,LOUD,10,1,0.517,0.311,0.828
Haven,lukxo,LOUD,Vyse,1.11,221.0,17,15,6,2,57.0,162.0,43.0,2.0,4.0,-2.0,MIBR,13,LOUD,10,0,0.708,0.324,1.032
Haven,Virtyy,LOUD,Neon,1.1,229.0,18,17,1,1,65.0,147.0,32.0,2.0,3.0,-1.0,MIBR,13,LOUD,10,0,0.678,0.312,0.99
Haven,cauanzin,LOUD,Sova,0.91,162.0,13,16,3,-3,57.0,98.0,19.0,4.0,1.0,3.0,MIBR,13,LOUD,10,0,0.508,0.318,0.826
Haven,Bati,LOUD,Omen,0.56,146.0,11,18,7,-7,70.0,98.0,23.0,2.0,2.0,0.0,MIBR,13,LOUD,10,0,0.415,0.316,0.731
Haven,Darker,LOUD,Viper,0.55,151.0,10,18,6,-8,52.0,111.0,29.0,0.0,3.0,-3.0,MIBR,13,LOUD,10,0,0.413,0.252,0.666
Split,Mazino,MIBR,Astra,1.66,282.0,18,6,10,12,88.0,196.0,24.0,0.0,0.0,0.0,MIBR,13,LOUD,4,1,0.806,0.484,1.289
Split,zekken,MIBR,Neon,1.43,291.0,17,8,5,9,76.0,165.0,11.0,5.0,3.0,2.0,MIBR,13,LOUD,4,1,0.792,0.413,1.206
Split,aspas,MIBR,Raze,1.36,232.0,14,8,5,6,88.0,148.0,29.0,5.0,1.0,4.0,MIBR,13,LOUD,4,1,0.761,0.439,1.2
Split,Verno,MIBR,Fade,1.05,173.0,12,8,3,4,94.0,117.0,15.0,1.0,0.0,1.0,MIBR,13,LOUD,4,1,0.604,0.391,0.995
Split,tex,MIBR,Vyse,0.91,106.0,7,7,6,0,88.0,60.0,13.0,1.0,1.0,0.0,MIBR,13,LOUD,4,1,0.436,0.381,0.817
Split,cauanzin,LOUD,Skye,0.86,177.0,10,13,3,-3,59.0,113.0,26.0,0.0,3.0,-3.0,MIBR,13,LOUD,4,0,0.486,0.263,0.749
Split,Virtyy,LOUD,Neon,0.83,196.0,11,14,0,-3,53.0,112.0,6.0,3.0,2.0,1.0,MIBR,13,LOUD,4,0,0.491,0.28,0.771
Split,Bati,LOUD,Omen,0.65,116.0,6,13,4,-7,47.0,87.0,19.0,0.0,1.0,-1.0,MIBR,13,LOUD,4,0,0.364,0.254,0.618
Split,lukxo,LOUD,Viper,0.61,125.0,7,14,2,-7,41.0,76.0,27.0,0.0,4.0,-4.0,MIBR,13,LOUD,4,0,0.368,0.207,0.575
Split,Darker,LOUD,Cypher,0.37,88.0,3,14,4,-11,47.0,71.0,20.0,2.0,2.0,0.0,MIBR,13,LOUD,4,0,0.343,0.237,0.58
Bind,blowz,LEV,Skye,2.19,395.0,25,9,17,16,88.0,246.0,38.0,2.0,0.0,2.0,LEV,13,ENVY,4,1,0.856,0.501,1.356
Bind,spike,LEV,Neon,1.2,257.0,16,11,3,5,76.0,178.0,33.0,3.0,5.0,-2.0,LEV,13,ENVY,4,1,0.79,0.332,1.122
Bind,Neon,LEV,Brimstone,1.11,197.0,13,12,7,1,88.0,118.0,37.0,1.0,1.0,0.0,LEV,13,ENVY,4,1,0.613,0.414,1.027
Bind,Sato,LEV,Phoenix,1.01,189.0,10,11,8,-1,76.0,134.0,48.0,2.0,0.0,2.0,LEV,13,ENVY,4,1,0.592,0.421,1.012
Bind,kiNgg,LEV,Viper,0.81,132.0,7,10,5,-3,71.0,86.0,10.0,2.0,1.0,1.0,LEV,13,ENVY,4,1,0.416,0.34,0.756
Bind,Rossy,ENVY,Viper,1.07,250.0,12,14,6,-2,71.0,183.0,30.0,0.0,1.0,-1.0,LEV,13,ENVY,4,0,0.619,0.361,0.98
Bind,P0PPIN,ENVY,Skye,1.04,241.0,15,14,5,1,71.0,143.0,13.0,1.0,3.0,-2.0,LEV,13,ENVY,4,0,0.618,0.329,0.947
Bind,Eggsterr,ENVY,Brimstone,0.72,175.0,8,15,8,-7,71.0,105.0,26.0,3.0,0.0,3.0,LEV,13,ENVY,4,0,0.456,0.386,0.842
Bind,keznit,ENVY,Neon,0.66,155.0,10,14,3,-4,59.0,77.0,16.0,1.0,1.0,0.0,LEV,13,ENVY,4,0,0.401,0.273,0.674
Bind,Demon1,ENVY,Chamber,0.55,130.0,8,14,2,-6,47.0,99.0,53.0,2.0,5.0,-3.0,LEV,13,ENVY,4,0,0.427,0.21,0.638
Fracture,Sato,LEV,Waylay,1.66,308.0,20,8,4,12,88.0,196.0,62.0,5.0,1.0,4.0,LEV,13,ENVY,4,1,0.886,0.44,1.326
Fracture,blowz,LEV,Tejo,1.5,257.0,16,8,8,8,94.0,162.0,23.0,2.0,1.0,1.0,LEV,13,ENVY,4,1,0.78,0.482,1.261
Fracture,Neon,LEV,Brimstone,1.42,216.0,14,8,16,6,94.0,137.0,16.0,2.0,0.0,2.0,LEV,13,ENVY,4,1,0.718,0.505,1.224
Fracture,spike,LEV,Neon,1.16,269.0,18,12,4,6,82.0,160.0,26.0,3.0,2.0,1.0,LEV,13,ENVY,4,1,0.78,0.375,1.154
Fracture,kiNgg,LEV,Breach,1.06,117.0,6,6,11,0,94.0,82.0,18.0,0.0,1.0,-1.0,LEV,13,ENVY,4,1,0.478,0.432,0.91
Fracture,P0PPIN,ENVY,Skye,0.87,164.0,9,14,3,-5,47.0,113.0,31.0,0.0,1.0,-1.0,LEV,13,ENVY,4,0,0.453,0.267,0.719
Fracture,Eggsterr,ENVY,Brimstone,0.87,182.0,11,14,5,-3,65.0,112.0,31.0,2.0,4.0,-2.0,LEV,13,ENVY,4,0,0.515,0.301,0.816
Fracture,Demon1,ENVY,Veto,0.58,137.0,8,15,0,-7,47.0,90.0,30.0,3.0,2.0,1.0,LEV,13,ENVY,4,0,0.418,0.244,0.662
Fracture,Rossy,ENVY,Breach,0.49,110.0,5,15,10,-10,59.0,71.0,42.0,0.0,2.0,-2.0,LEV,13,ENVY,4,0,0.362,0.295,0.658
Fracture,keznit,ENVY,Neon,0.48,154.0,9,16,2,-7,65.0,101.0,16.0,0.0,3.0,-3.0,LEV,13,ENVY,4,0,0.378,0.234,0.612
Haven,BABYBAY,G2,Chamber,1.45,292.0,23,13,5,10,82.0,186.0,25.0,4.0,1.0,3.0,G2,13,LOUD,9,1,0.85,0.439,1.289
Haven,valyn,G2,Astra,1.28,248.0,21,13,6,8,82.0,161.0,26.0,1.0,1.0,0.0,G2,13,LOUD,9,1,0.767,0.411,1.177
Haven,leaf,G2,Phoenix,1.19,206.0,17,14,9,3,77.0,133.0,27.0,4.0,4.0,0.0,G2,13,LOUD,9,1,0.702,0.417,1.118
Haven,jawgemo,G2,Neon,1.11,234.0,18,14,6,4,82.0,148.0,26.0,4.0,1.0,3.0,G2,13,LOUD,9,1,0.735,0.414,1.149
Haven,trent,G2,Fade,0.68,144.0,13,16,7,-3,68.0,94.0,33.0,1.0,1.0,0.0,G2,13,LOUD,9,1,0.461,0.335,0.796
Haven,lukxo,LOUD,Vyse,1.33,265.0,20,19,6,1,77.0,176.0,29.0,3.0,1.0,2.0,G2,13,LOUD,9,0,0.759,0.425,1.184
Haven,Virtyy,LOUD,Neon,0.86,209.0,13,18,5,-5,73.0,134.0,17.0,4.0,3.0,1.0,G2,13,LOUD,9,0,0.516,0.339,0.855
Haven,cauanzin,LOUD,Sova,0.81,168.0,13,18,5,-5,73.0,107.0,15.0,0.0,2.0,-2.0,G2,13,LOUD,9,0,0.439,0.308,0.748
Haven,Bati,LOUD,Omen,0.64,140.0,13,18,4,-5,55.0,90.0,30.0,0.0,5.0,-5.0,G2,13,LOUD,9,0,0.419,0.245,0.663
Haven,Darker,LOUD,Viper,0.56,156.0,11,19,5,-8,64.0,111.0,32.0,1.0,3.0,-2.0,G2,13,LOUD,9,0,0.425,0.267,0.692
Pearl,valyn,G2,Harbor,1.41,227.0,20,13,11,7,78.0,159.0,42.0,4.0,1.0,3.0,G2,13,LOUD,10,1,0.813,0.473,1.286
Pearl,leaf,G2,Astra,1.31,239.0,22,14,8,8,78.0,156.0,23.0,2.0,0.0,2.0,G2,13,LOUD,10,1,0.773,0.456,1.229
Pearl,trent,G2,Sova,1.3,210.0,16,11,6,5,74.0,151.0,26.0,1.0,1.0,0.0,G2,13,LOUD,10,1,0.721,0.399,1.12
Pearl,BABYBAY,G2,Vyse,1.0,187.0,15,16,3,-1,70.0,118.0,16.0,3.0,3.0,0.0,G2,13,LOUD,10,1,0.577,0.318,0.895
Pearl,jawgemo,G2,Neon,0.72,168.0,15,18,5,-3,70.0,100.0,13.0,1.0,7.0,-6.0,G2,13,LOUD,10,1,0.461,0.289,0.75
Pearl,lukxo,LOUD,Chamber,1.22,266.0,22,18,3,4,65.0,174.0,40.0,8.0,5.0,3.0,G2,13,LOUD,10,0,0.809,0.355,1.164
Pearl,Darker,LOUD,Astra,1.03,203.0,15,17,13,-2,74.0,138.0,24.0,2.0,1.0,1.0,G2,13,LOUD,10,0,0.583,0.413,0.996
Pearl,cauanzin,LOUD,Sova,0.93,201.0,16,17,5,-1,65.0,123.0,11.0,0.0,0.0,0.0,G2,13,LOUD,10,0,0.545,0.343,0.888
Pearl,Bati,LOUD,Kayo,0.6,123.0,10,19,9,-9,65.0,67.0,15.0,0.0,1.0,-1.0,G2,13,LOUD,10,0,0.356,0.335,0.691
Pearl,Virtyy,LOUD,Neon,0.45,116.0,9,17,0,-8,52.0,78.0,25.0,2.0,4.0,-2.0,G2,13,LOUD,10,0,0.374,0.217,0.59
Breeze,aspas,MIBR,Jett,1.11,230.0,21,20,3,1,65.0,161.0,29.0,4.0,1.0,3.0,MIBR,12,C9,14,0,0.714,0.352,1.066
Breeze,tex,MIBR,Astra,1.08,212.0,20,19,4,1,73.0,146.0,44.0,2.0,2.0,0.0,MIBR,12,C9,14,0,0.69,0.343,1.032
Breeze,Verno,MIBR,Skye,0.96,183.0,17,18,5,-1,73.0,131.0,34.0,0.0,1.0,-1.0,MIBR,12,C9,14,0,0.583,0.342,0.925
Breeze,Mazino,MIBR,Harbor,0.78,152.0,14,19,6,-5,65.0,98.0,28.0,3.0,4.0,-1.0,MIBR,12,C9,14,0,0.477,0.311,0.788
Breeze,zekken,MIBR,Neon,0.73,166.0,14,21,7,-7,54.0,109.0,16.0,4.0,5.0,-1.0,MIBR,12,C9,14,0,0.468,0.299,0.766
Breeze,OXY,C9,Neon,1.28,274.0,26,20,6,6,65.0,166.0,37.0,4.0,4.0,0.0,MIBR,12,C9,14,1,0.826,0.373,1.199
Breeze,Zellsis,C9,Harbor,1.26,253.0,23,17,9,6,85.0,166.0,20.0,2.0,0.0,2.0,MIBR,12,C9,14,1,0.777,0.473,1.25
Breeze,Xeppaa,C9,Sova,1.02,149.0,15,14,6,1,77.0,113.0,28.0,0.0,1.0,-1.0,MIBR,12,C9,14,1,0.575,0.366,0.941
Breeze,v1c,C9,Viper,0.99,202.0,17,19,15,-2,81.0,138.0,41.0,2.0,5.0,-3.0,MIBR,12,C9,14,1,0.608,0.381,0.989
Breeze,penny,C9,Iso,0.95,200.0,16,16,12,0,81.0,129.0,25.0,5.0,3.0,2.0,MIBR,12,C9,14,1,0.618,0.415,1.034
Split,aspas,MIBR,Raze,1.42,273.0,25,18,7,7,73.0,196.0,27.0,2.0,2.0,0.0,MIBR,12,C9,14,0,0.829,0.412,1.241
Split,zekken,MIBR,Neon,1.21,242.0,23,18,3,5,77.0,144.0,17.0,2.0,3.0,-1.0,MIBR,12,C9,14,0,0.747,0.343,1.09
Split,Verno,MIBR,Fade,1.12,183.0,16,16,12,0,77.0,117.0,36.0,3.0,3.0,0.0,MIBR,12,C9,14,0,0.634,0.41,1.044
Split,Mazino,MIBR,Astra,1.0,187.0,15,20,21,-5,85.0,113.0,16.0,4.0,2.0,2.0,MIBR,12,C9,14,0,0.514,0.427,0.941
Split,tex,MIBR,Vyse,0.52,125.0,10,21,5,-11,58.0,103.0,41.0,1.0,4.0,-3.0,MIBR,12,C9,14,0,0.406,0.248,0.654
Split,v1c,C9,Omen,1.45,232.0,21,14,14,7,85.0,152.0,36.0,2.0,0.0,2.0,MIBR,12,C9,14,1,0.798,0.494,1.292
Split,penny,C9,Raze,1.42,291.0,29,15,6,14,85.0,186.0,19.0,1.0,2.0,-1.0,MIBR,12,C9,14,1,0.808,0.413,1.22
Split,Xeppaa,C9,Skye,1.06,217.0,20,21,14,-1,69.0,151.0,30.0,3.0,0.0,3.0,MIBR,12,C9,14,1,0.662,0.43,1.092
Split,Zellsis,C9,Viper,0.76,144.0,9,17,11,-8,77.0,120.0,14.0,2.0,2.0,0.0,MIBR,12,C9,14,1,0.426,0.371,0.797
Split,OXY,C9,Neon,0.47,163.0,14,22,5,-8,65.0,98.0,36.0,6.0,8.0,-2.0,MIBR,12,C9,14,1,0.461,0.261,0.722
Breeze,Neon,LEV,Jett,1.38,274.0,24,14,3,10,78.0,174.0,22.0,4.0,0.0,4.0,LEV,10,MIBR,13,0,0.823,0.412,1.234
Breeze,kiNgg,LEV,Harbor,1.03,154.0,14,12,10,2,87.0,94.0,35.0,1.0,0.0,1.0,LEV,10,MIBR,13,0,0.585,0.444,1.029
Breeze,blowz,LEV,Sova,0.96,199.0,15,14,9,1,74.0,137.0,41.0,0.0,3.0,-3.0,LEV,10,MIBR,13,0,0.624,0.366,0.99
Breeze,spike,LEV,Neon,0.82,226.0,17,19,5,-2,65.0,162.0,27.0,6.0,6.0,0.0,LEV,10,MIBR,13,0,0.616,0.313,0.929
Breeze,Sato,LEV,Omen,0.71,133.0,10,16,8,-6,61.0,78.0,23.0,2.0,1.0,1.0,LEV,10,MIBR,13,0,0.407,0.346,0.753
Breeze,Verno,MIBR,Skye,1.37,222.0,18,13,6,5,78.0,141.0,38.0,3.0,2.0,1.0,LEV,10,MIBR,13,1,0.781,0.413,1.194
Breeze,zekken,MIBR,Neon,1.3,283.0,23,19,4,4,78.0,168.0,31.0,4.0,3.0,1.0,LEV,10,MIBR,13,1,0.812,0.383,1.195
Breeze,aspas,MIBR,Jett,0.98,202.0,16,16,3,0,74.0,115.0,18.0,2.0,2.0,0.0,LEV,10,MIBR,13,1,0.588,0.323,0.911
Breeze,tex,MIBR,Astra,0.79,104.0,9,14,8,-5,61.0,79.0,39.0,0.0,2.0,-2.0,LEV,10,MIBR,13,1,0.402,0.319,0.722
Breeze,Mazino,MIBR,Harbor,0.5,111.0,9,18,9,-9,65.0,75.0,23.0,1.0,4.0,-3.0,LEV,10,MIBR,13,1,0.353,0.302,0.655
Haven,Neon,LEV,Chamber,1.57,306.0,25,15,4,10,70.0,198.0,19.0,6.0,1.0,5.0,LEV,10,MIBR,13,0,0.846,0.41,1.256
Haven,Sato,LEV,Phoenix,0.85,230.0,18,19,4,-1,78.0,148.0,32.0,3.0,2.0,1.0,LEV,10,MIBR,13,0,0.638,0.335,0.973
Haven,kiNgg,LEV,Astra,0.8,119.0,11,13,8,-2,61.0,75.0,55.0,0.0,0.0,0.0,LEV,10,MIBR,13,0,0.478,0.356,0.835
Haven,blowz,LEV,Sova,0.73,148.0,10,16,6,-6,74.0,105.0,22.0,2.0,3.0,-1.0,LEV,10,MIBR,13,0,0.433,0.321,0.754
Haven,spike,LEV,Neon,0.67,164.0,11,19,7,-8,78.0,110.0,20.0,3.0,3.0,0.0,LEV,10,MIBR,13,0,0.454,0.341,0.795
Haven,zekken,MIBR,Phoenix,1.23,294.0,25,18,5,7,78.0,169.0,21.0,3.0,4.0,-1.0,LEV,10,MIBR,13,1,0.809,0.37,1.179
Haven,aspas,MIBR,Jett,1.16,217.0,22,15,1,7,78.0,144.0,34.0,3.0,3.0,0.0,LEV,10,MIBR,13,1,0.768,0.348,1.116
Haven,Verno,MIBR,Fade,0.97,143.0,10,11,9,-1,65.0,101.0,29.0,0.0,1.0,-1.0,LEV,10,MIBR,13,1,0.507,0.374,0.882
Haven,Mazino,MIBR,Omen,0.94,174.0,12,15,15,-3,87.0,126.0,19.0,1.0,2.0,-1.0,LEV,10,MIBR,13,1,0.501,0.399,0.899
Haven,tex,MIBR,Chamber,0.69,147.0,12,16,1,-4,57.0,91.0,19.0,2.0,4.0,-2.0,LEV,10,MIBR,13,1,0.438,0.246,0.685
Lotus,lukxo,LOUD,Viper,1.83,334.0,20,5,0,15,93.0,208.0,13.0,3.0,1.0,2.0,LOUD,13,C9,1,1,0.831,0.433,1.264
Lotus,erde,LOUD,Omen,1.67,260.0,13,4,8,9,93.0,174.0,23.0,2.0,0.0,2.0,LOUD,13,C9,1,1,0.775,0.498,1.273
Lotus,cauanzin,LOUD,Fade,1.3,141.0,7,3,5,4,93.0,102.0,21.0,1.0,0.0,1.0,LOUD,13,C9,1,1,0.592,0.438,1.03
Lotus,Darker,LOUD,Vyse,1.15,242.0,13,9,4,4,86.0,163.0,36.0,2.0,1.0,1.0,LOUD,13,C9,1,1,0.727,0.39,1.117
Lotus,Virtyy,LOUD,Neon,1.09,208.0,11,8,2,3,71.0,130.0,31.0,4.0,0.0,4.0,LOUD,13,C9,1,1,0.668,0.369,1.037
Lotus,Xeppaa,C9,Raze,1.05,194.0,7,11,5,-4,57.0,141.0,15.0,0.0,1.0,-1.0,LOUD,13,C9,1,0,0.487,0.325,0.812
Lotus,OXY,C9,Neon,0.68,151.0,7,13,1,-6,57.0,80.0,9.0,2.0,3.0,-1.0,LOUD,13,C9,1,0,0.375,0.254,0.629
Lotus,Jackk,C9,Fade,0.34,132.0,6,13,1,-7,50.0,76.0,21.0,0.0,3.0,-3.0,LOUD,13,C9,1,0,0.35,0.209,0.559
Lotus,v1c,C9,Omen,0.3,95.0,5,13,2,-8,43.0,55.0,36.0,0.0,1.0,-1.0,LOUD,13,C9,1,0,0.344,0.22,0.564
Lotus,Zellsis,C9,Vyse,0.25,106.0,4,14,4,-10,36.0,74.0,20.0,0.0,4.0,-4.0,LOUD,13,C9,1,0,0.335,0.198,0.533
Split,cauanzin,LOUD,Fade,1.02,189.0,15,17,6,-2,62.0,116.0,17.0,3.0,0.0,3.0,LOUD,8,C9,13,0,0.565,0.38,0.946
Split,lukxo,LOUD,Viper,0.98,225.0,15,16,10,-1,67.0,143.0,18.0,4.0,2.0,2.0,LOUD,8,C9,13,0,0.613,0.395,1.008
Split,Darker,LOUD,Vyse,0.97,227.0,16,18,5,-2,76.0,150.0,23.0,1.0,1.0,0.0,LOUD,8,C9,13,0,0.584,0.357,0.941
Split,erde,LOUD,Omen,0.92,208.0,16,16,1,0,67.0,141.0,26.0,1.0,3.0,-2.0,LOUD,8,C9,13,0,0.598,0.287,0.886
Split,Virtyy,LOUD,Neon,0.36,98.0,6,18,7,-12,57.0,75.0,20.0,1.0,5.0,-4.0,LOUD,8,C9,13,0,0.332,0.265,0.597
Split,v1c,C9,Omen,1.57,235.0,20,9,9,11,86.0,157.0,34.0,0.0,1.0,-1.0,LOUD,8,C9,13,1,0.783,0.462,1.246
Split,OXY,C9,Neon,1.33,307.0,24,15,2,9,81.0,182.0,23.0,3.0,4.0,-1.0,LOUD,8,C9,13,1,0.831,0.363,1.194
Split,Jackk,C9,Fade,1.05,165.0,12,13,15,-1,90.0,103.0,21.0,2.0,0.0,2.0,LOUD,8,C9,13,1,0.541,0.46,1.001
Split,Xeppaa,C9,Raze,0.95,251.0,18,18,4,0,86.0,159.0,29.0,4.0,1.0,3.0,LOUD,8,C9,13,1,0.677,0.381,1.058
Split,Zellsis,C9,Viper,0.84,149.0,11,13,8,-2,62.0,102.0,22.0,2.0,4.0,-2.0,LOUD,8,C9,13,1,0.492,0.326,0.819
Breeze,cauanzin,LOUD,Sova,1.48,246.0,22,14,8,8,83.0,178.0,28.0,1.0,1.0,0.0,LOUD,13,C9,11,1,0.8,0.455,1.254
Breeze,lukxo,LOUD,Harbor,1.2,276.0,22,17,8,5,83.0,183.0,20.0,3.0,0.0,3.0,LOUD,13,C9,11,1,0.807,0.457,1.264
Breeze,erde,LOUD,Kayo,0.93,162.0,15,17,4,-2,63.0,102.0,20.0,2.0,3.0,-1.0,LOUD,13,C9,11,1,0.523,0.302,0.825
Breeze,Darker,LOUD,Astra,0.73,145.0,10,17,9,-7,83.0,119.0,32.0,1.0,0.0,1.0,LOUD,13,C9,11,1,0.438,0.405,0.844
Breeze,Virtyy,LOUD,Neon,0.67,172.0,14,20,3,-6,58.0,109.0,24.0,6.0,7.0,-1.0,LOUD,13,C9,11,1,0.476,0.254,0.731
Breeze,v1c,C9,Viper,1.27,249.0,21,15,7,6,71.0,163.0,37.0,5.0,0.0,5.0,LOUD,13,C9,11,0,0.811,0.433,1.244
Breeze,Jackk,C9,Sova,1.21,223.0,17,14,7,3,79.0,176.0,38.0,0.0,2.0,-2.0,LOUD,13,C9,11,0,0.723,0.383,1.106
Breeze,OXY,C9,Neon,1.05,221.0,19,18,5,1,67.0,144.0,29.0,3.0,5.0,-2.0,LOUD,13,C9,11,0,0.683,0.324,1.006
Breeze,Xeppaa,C9,Iso,0.79,206.0,19,20,2,-1,54.0,123.0,19.0,1.0,5.0,-4.0,LOUD,13,C9,11,0,0.56,0.248,0.808
Breeze,Zellsis,C9,Harbor,0.78,123.0,9,16,16,-7,88.0,80.0,21.0,2.0,1.0,1.0,LOUD,13,C9,11,0,0.403,0.41,0.813
Haven,BABYBAY,G2,Chamber,1.73,309.0,20,9,3,11,94.0,191.0,19.0,5.0,2.0,3.0,G2,13,ENVY,4,1,0.841,0.43,1.271
Haven,trent,G2,Fade,1.73,267.0,17,6,10,11,88.0,156.0,39.0,0.0,0.0,0.0,G2,13,ENVY,4,1,0.79,0.484,1.274
Haven,jawgemo,G2,Neon,1.34,296.0,18,11,7,7,82.0,185.0,27.0,3.0,3.0,0.0,G2,13,ENVY,4,1,0.826,0.419,1.245
Haven,valyn,G2,Astra,0.98,191.0,12,12,7,0,88.0,137.0,34.0,0.0,0.0,0.0,G2,13,ENVY,4,1,0.585,0.409,0.995
Haven,leaf,G2,Phoenix,0.95,198.0,11,11,6,0,76.0,130.0,14.0,1.0,3.0,-2.0,G2,13,ENVY,4,1,0.548,0.339,0.887
Haven,Rossy,ENVY,Astra,0.87,204.0,13,16,6,-3,82.0,125.0,26.0,0.0,2.0,-2.0,G2,13,ENVY,4,0,0.522,0.341,0.862
Haven,keznit,ENVY,Neon,0.82,209.0,12,16,3,-4,76.0,134.0,20.0,4.0,2.0,2.0,G2,13,ENVY,4,0,0.527,0.326,0.853
Haven,Eggsterr,ENVY,Phoenix,0.66,166.0,10,15,2,-5,41.0,99.0,29.0,1.0,1.0,0.0,G2,13,ENVY,4,0,0.424,0.243,0.667
Haven,Demon1,ENVY,Chamber,0.55,157.0,9,15,1,-6,53.0,98.0,47.0,2.0,2.0,0.0,G2,13,ENVY,4,0,0.438,0.242,0.68
Haven,P0PPIN,ENVY,Sova,0.31,102.0,5,16,5,-11,53.0,78.0,14.0,1.0,2.0,-1.0,G2,13,ENVY,4,0,0.325,0.249,0.575
Lotus,leaf,G2,Viper,1.56,255.0,18,8,4,10,79.0,147.0,25.0,1.0,0.0,1.0,G2,13,ENVY,6,1,0.766,0.421,1.187
Lotus,valyn,G2,Omen,1.31,258.0,17,11,10,6,89.0,161.0,29.0,2.0,0.0,2.0,G2,13,ENVY,6,1,0.775,0.485,1.261
Lotus,trent,G2,Fade,1.3,256.0,18,12,8,6,89.0,156.0,26.0,2.0,1.0,1.0,G2,13,ENVY,6,1,0.771,0.455,1.226
Lotus,jawgemo,G2,Raze,0.95,193.0,13,12,4,1,74.0,129.0,25.0,4.0,4.0,0.0,G2,13,ENVY,6,1,0.616,0.331,0.947
Lotus,BABYBAY,G2,Vyse,0.92,178.0,12,12,9,0,79.0,108.0,14.0,2.0,3.0,-1.0,G2,13,ENVY,6,1,0.54,0.383,0.923
Lotus,Demon1,ENVY,Neon,1.11,204.0,13,14,5,-1,74.0,123.0,36.0,2.0,2.0,0.0,G2,13,ENVY,6,0,0.603,0.359,0.962
Lotus,Rossy,ENVY,Vyse,0.97,178.0,11,14,3,-3,58.0,130.0,23.0,2.0,2.0,0.0,G2,13,ENVY,6,0,0.525,0.295,0.82
Lotus,keznit,ENVY,Raze,0.75,203.0,13,16,1,-3,53.0,142.0,35.0,2.0,2.0,0.0,G2,13,ENVY,6,0,0.546,0.263,0.809
Lotus,Eggsterr,ENVY,Omen,0.68,176.0,12,17,3,-5,58.0,104.0,44.0,2.0,2.0,0.0,G2,13,ENVY,6,0,0.476,0.264,0.74
Lotus,P0PPIN,ENVY,Fade,0.32,89.0,6,17,1,-11,47.0,52.0,17.0,0.0,3.0,-3.0,G2,13,ENVY,6,0,0.319,0.204,0.523
Lotus,trent,G2,Fade,1.74,280.0,20,8,6,12,84.0,181.0,27.0,1.0,0.0,1.0,G2,13,C9,6,1,0.812,0.452,1.264
Lotus,valyn,G2,Omen,1.27,246.0,18,12,6,6,84.0,141.0,27.0,6.0,1.0,5.0,G2,13,C9,6,1,0.769,0.434,1.203
Lotus,BABYBAY,G2,Vyse,1.12,238.0,16,14,10,2,79.0,156.0,22.0,2.0,0.0,2.0,G2,13,C9,6,1,0.683,0.449,1.132
Lotus,leaf,G2,Viper,0.86,159.0,12,12,5,0,68.0,111.0,26.0,0.0,4.0,-4.0,G2,13,C9,6,1,0.53,0.301,0.831
Lotus,jawgemo,G2,Raze,0.82,175.0,11,13,6,-2,84.0,127.0,20.0,1.0,4.0,-3.0,G2,13,C9,6,1,0.501,0.334,0.835
Lotus,OXY,C9,Raze,1.11,225.0,16,15,2,1,68.0,143.0,26.0,4.0,6.0,-2.0,G2,13,C9,6,0,0.673,0.309,0.982
Lotus,Jackk,C9,Fade,0.88,172.0,12,14,3,-2,68.0,123.0,42.0,0.0,0.0,0.0,G2,13,C9,6,0,0.535,0.321,0.856
Lotus,Notexxd,C9,Omen,0.75,181.0,12,16,5,-4,74.0,111.0,23.0,2.0,2.0,0.0,G2,13,C9,6,0,0.48,0.321,0.801
Lotus,Zellsis,C9,Viper,0.63,178.0,11,16,5,-5,68.0,116.0,16.0,2.0,2.0,0.0,G2,13,C9,6,0,0.439,0.298,0.736
Lotus,Xeppaa,C9,Vyse,0.46,133.0,8,16,4,-8,63.0,101.0,26.0,1.0,0.0,1.0,G2,13,C9,6,0,0.379,0.291,0.669
Split,BABYBAY,G2,Vyse,1.77,339.0,27,14,8,13,95.0,206.0,26.0,7.0,0.0,7.0,G2,13,C9,9,1,0.856,0.506,1.362
Split,valyn,G2,Astra,1.3,227.0,18,12,10,6,86.0,136.0,13.0,0.0,1.0,-1.0,G2,13,C9,9,1,0.708,0.444,1.152
Split,leaf,G2,Viper,1.0,181.0,14,14,3,0,73.0,134.0,21.0,3.0,4.0,-1.0,G2,13,C9,9,1,0.603,0.315,0.917
Split,jawgemo,G2,Raze,0.91,178.0,14,15,7,-1,77.0,126.0,16.0,1.0,4.0,-3.0,G2,13,C9,9,1,0.534,0.343,0.877
Split,trent,G2,Fade,0.86,163.0,12,15,8,-3,91.0,115.0,24.0,1.0,1.0,0.0,G2,13,C9,9,1,0.487,0.403,0.891
Split,Notexxd,C9,Omen,1.25,211.0,17,13,11,4,86.0,133.0,24.0,0.0,0.0,0.0,G2,13,C9,9,0,0.691,0.457,1.148
Split,OXY,C9,Neon,0.8,193.0,13,19,5,-6,73.0,138.0,25.0,2.0,5.0,-3.0,G2,13,C9,9,0,0.501,0.303,0.804
Split,Jackk,C9,Fade,0.78,140.0,11,16,8,-5,68.0,88.0,24.0,1.0,2.0,-1.0,G2,13,C9,9,0,0.415,0.339,0.754
Split,Zellsis,C9,Viper,0.78,204.0,16,18,5,-2,64.0,122.0,24.0,4.0,2.0,2.0,G2,13,C9,9,0,0.566,0.324,0.89
Split,Xeppaa,C9,Raze,0.73,186.0,13,19,5,-6,73.0,130.0,16.0,3.0,3.0,0.0,G2,13,C9,9,0,0.486,0.317,0.803
Haven,Rossy,ENVY,Omen,1.86,270.0,16,6,7,10,86.0,171.0,33.0,0.0,0.0,0.0,ENVY,13,MIBR,1,1,0.79,0.458,1.248
Haven,Demon1,ENVY,Jett,1.45,310.0,18,10,2,8,86.0,207.0,50.0,0.0,1.0,-1.0,ENVY,13,MIBR,1,1,0.837,0.393,1.23
Haven,keznit,ENVY,Cypher,1.33,237.0,12,7,3,5,71.0,148.0,24.0,1.0,3.0,-2.0,ENVY,13,MIBR,1,1,0.714,0.338,1.052
Haven,P0PPIN,ENVY,Sova,1.11,220.0,10,9,8,1,86.0,147.0,32.0,1.0,3.0,-2.0,ENVY,13,MIBR,1,1,0.623,0.395,1.018
Haven,Eggsterr,ENVY,Yoru,0.55,215.0,9,12,4,-3,79.0,137.0,30.0,3.0,2.0,1.0,ENVY,13,MIBR,1,1,0.518,0.305,0.823
Haven,aspas,MIBR,Jett,1.29,253.0,13,11,4,2,71.0,162.0,41.0,2.0,2.0,0.0,ENVY,13,MIBR,1,0,0.722,0.362,1.084
Haven,zekken,MIBR,Phoenix,0.97,226.0,10,13,3,-3,71.0,141.0,17.0,2.0,1.0,1.0,ENVY,13,MIBR,1,0,0.541,0.334,0.876
Haven,Verno,MIBR,Fade,0.69,200.0,8,14,10,-6,71.0,123.0,35.0,2.0,0.0,2.0,ENVY,13,MIBR,1,0,0.473,0.39,0.862
Haven,Mazino,MIBR,Omen,0.62,170.0,8,13,6,-5,79.0,108.0,23.0,1.0,1.0,0.0,ENVY,13,MIBR,1,0,0.411,0.336,0.746
Haven,tex,MIBR,Chamber,0.31,112.0,5,14,2,-9,50.0,76.0,20.0,2.0,1.0,1.0,ENVY,13,MIBR,1,0,0.354,0.248,0.602
Bind,keznit,ENVY,Clove,1.84,382.0,21,11,5,10,88.0,251.0,37.0,1.0,1.0,0.0,ENVY,13,MIBR,3,1,0.84,0.43,1.269
Bind,P0PPIN,ENVY,Skye,1.6,296.0,16,8,10,8,94.0,174.0,28.0,1.0,0.0,1.0,ENVY,13,MIBR,3,1,0.795,0.502,1.297
Bind,Rossy,ENVY,Viper,1.48,248.0,16,9,7,7,94.0,145.0,29.0,1.0,1.0,0.0,ENVY,13,MIBR,3,1,0.757,0.462,1.219
Bind,Demon1,ENVY,Reyna,0.79,167.0,12,11,4,1,56.0,125.0,59.0,0.0,6.0,-6.0,ENVY,13,MIBR,3,1,0.586,0.262,0.848
Bind,Eggsterr,ENVY,Yoru,0.64,173.0,9,12,4,-3,81.0,104.0,23.0,2.0,3.0,-1.0,ENVY,13,MIBR,3,1,0.461,0.301,0.762
Bind,Mazino,MIBR,Harbor,1.01,249.0,14,15,3,-1,69.0,158.0,28.0,0.0,0.0,0.0,ENVY,13,MIBR,3,0,0.617,0.336,0.953
Bind,aspas,MIBR,Raze,0.98,242.0,13,15,3,-2,56.0,160.0,20.0,3.0,1.0,2.0,ENVY,13,MIBR,3,0,0.611,0.319,0.93
Bind,Verno,MIBR,Skye,0.58,136.0,6,14,7,-8,75.0,98.0,18.0,2.0,1.0,1.0,ENVY,13,MIBR,3,0,0.386,0.344,0.731
Bind,tex,MIBR,Viper,0.57,168.0,10,15,0,-5,56.0,96.0,24.0,3.0,2.0,1.0,ENVY,13,MIBR,3,0,0.437,0.258,0.695
Bind,zekken,MIBR,Neon,0.48,163.0,7,15,2,-8,44.0,108.0,12.0,3.0,1.0,2.0,ENVY,13,MIBR,3,0,0.401,0.247,0.648
Bind,Darker,LOUD,Viper,1.24,238.0,12,14,6,-2,81.0,160.0,27.0,2.0,0.0,2.0,LOUD,3,LEV,13,0,0.627,0.431,1.058
Bind,Virtyy,LOUD,Raze,1.17,250.0,14,15,4,-1,88.0,174.0,23.0,2.0,1.0,1.0,LOUD,3,LEV,13,0,0.653,0.395,1.048
Bind,erde,LOUD,Brimstone,0.68,167.0,9,14,8,-5,69.0,112.0,32.0,1.0,3.0,-2.0,LOUD,3,LEV,13,0,0.435,0.321,0.756
Bind,cauanzin,LOUD,Skye,0.62,170.0,7,15,11,-8,75.0,114.0,20.0,0.0,1.0,-1.0,LOUD,3,LEV,13,0,0.406,0.354,0.759
Bind,lukxo,LOUD,Chamber,0.28,112.0,6,15,1,-9,25.0,69.0,13.0,1.0,5.0,-4.0,LOUD,3,LEV,13,0,0.323,0.186,0.509
Bind,Neon,LEV,Brimstone,1.78,338.0,20,7,8,13,94.0,226.0,30.0,3.0,1.0,2.0,LOUD,3,LEV,13,1,0.857,0.49,1.347
Bind,Sato,LEV,Phoenix,1.57,328.0,19,11,10,8,88.0,200.0,53.0,2.0,1.0,1.0,LOUD,3,LEV,13,1,0.862,0.483,1.345
Bind,blowz,LEV,Skye,1.14,156.0,9,8,15,1,81.0,117.0,36.0,0.0,0.0,0.0,LOUD,3,LEV,13,1,0.576,0.437,1.013
Bind,spike,LEV,Neon,1.06,248.0,15,13,3,2,88.0,152.0,27.0,4.0,3.0,1.0,LOUD,3,LEV,13,1,0.696,0.363,1.059
Bind,kiNgg,LEV,Viper,0.94,172.0,10,9,4,1,69.0,109.0,24.0,1.0,1.0,0.0,LOUD,3,LEV,13,1,0.547,0.33,0.877
Breeze,erde,LOUD,Astra,1.53,304.0,27,18,7,9,85.0,195.0,36.0,5.0,3.0,2.0,LOUD,14,LEV,12,1,0.868,0.455,1.323
Breeze,lukxo,LOUD,Harbor,1.26,203.0,19,15,11,4,85.0,145.0,30.0,2.0,0.0,2.0,LOUD,14,LEV,12,1,0.728,0.473,1.202
Breeze,cauanzin,LOUD,Sova,1.05,199.0,19,17,7,2,81.0,132.0,18.0,1.0,1.0,0.0,LOUD,14,LEV,12,1,0.634,0.396,1.029
Breeze,Darker,LOUD,Kayo,0.94,166.0,16,16,5,0,81.0,113.0,23.0,1.0,5.0,-4.0,LOUD,14,LEV,12,1,0.558,0.331,0.889
Breeze,Virtyy,LOUD,Neon,0.89,193.0,17,19,3,-2,65.0,124.0,18.0,5.0,3.0,2.0,LOUD,14,LEV,12,1,0.569,0.315,0.885
Breeze,Neon,LEV,Jett,1.18,235.0,23,18,3,5,62.0,152.0,20.0,6.0,6.0,0.0,LOUD,14,LEV,12,0,0.765,0.324,1.089
Breeze,spike,LEV,Neon,0.88,210.0,20,20,4,0,62.0,125.0,31.0,0.0,6.0,-6.0,LOUD,14,LEV,12,0,0.609,0.282,0.891
Breeze,Sato,LEV,Omen,0.86,192.0,17,20,4,-3,69.0,134.0,33.0,1.0,1.0,0.0,LOUD,14,LEV,12,0,0.548,0.322,0.87
Breeze,blowz,LEV,Sova,0.71,126.0,11,19,8,-8,58.0,90.0,21.0,1.0,0.0,1.0,LOUD,14,LEV,12,0,0.398,0.35,0.748
Breeze,kiNgg,LEV,Harbor,0.67,160.0,14,21,9,-7,69.0,111.0,23.0,4.0,1.0,3.0,LOUD,14,LEV,12,0,0.471,0.379,0.85
Haven,erde,LOUD,Omen,1.5,242.0,20,12,14,8,96.0,150.0,16.0,1.0,1.0,0.0,LOUD,13,LEV,10,1,0.757,0.488,1.245
Haven,Darker,LOUD,Phoenix,1.27,259.0,22,18,8,4,65.0,162.0,22.0,1.0,1.0,0.0,LOUD,13,LEV,10,1,0.751,0.403,1.154
Haven,cauanzin,LOUD,Sova,1.01,166.0,11,14,8,-3,70.0,122.0,22.0,2.0,2.0,0.0,LOUD,13,LEV,10,1,0.517,0.375,0.892
Haven,lukxo,LOUD,Chamber,0.83,131.0,11,13,4,-2,61.0,87.0,12.0,2.0,5.0,-3.0,LOUD,13,LEV,10,1,0.456,0.275,0.731
Haven,Virtyy,LOUD,Neon,0.77,181.0,14,20,8,-6,78.0,112.0,11.0,3.0,5.0,-2.0,LOUD,13,LEV,10,1,0.472,0.346,0.817
Haven,Sato,LEV,Phoenix,1.27,262.0,21,17,10,4,87.0,171.0,42.0,2.0,2.0,0.0,LOUD,13,LEV,10,0,0.798,0.442,1.24
Haven,Neon,LEV,Chamber,1.18,208.0,16,13,5,3,78.0,147.0,18.0,5.0,2.0,3.0,LOUD,13,LEV,10,0,0.693,0.394,1.087
Haven,blowz,LEV,Sova,0.9,169.0,15,15,6,0,83.0,108.0,43.0,2.0,0.0,2.0,LOUD,13,LEV,10,0,0.586,0.398,0.985
Haven,kiNgg,LEV,Astra,0.78,128.0,9,13,8,-4,70.0,94.0,38.0,0.0,0.0,0.0,LOUD,13,LEV,10,0,0.437,0.369,0.806
Haven,spike,LEV,Neon,0.74,210.0,16,20,9,-4,65.0,122.0,27.0,5.0,5.0,0.0,LOUD,13,LEV,10,0,0.539,0.349,0.888
Lotus,Reduxx,SEN,Omen,1.28,219.0,16,15,9,1,86.0,141.0,25.0,2.0,0.0,2.0,SEN,8,KRU,13,0,0.67,0.477,1.148
Lotus,cortezia,SEN,Veto,0.94,174.0,13,16,2,-3,57.0,127.0,42.0,2.0,2.0,0.0,SEN,8,KRU,13,0,0.55,0.29,0.84
Lotus,johnqt,SEN,Viper,0.9,185.0,15,16,3,-1,57.0,113.0,21.0,0.0,2.0,-2.0,SEN,8,KRU,13,0,0.54,0.269,0.809
Lotus,Victor,SEN,Raze,0.65,179.0,12,18,3,-6,52.0,114.0,12.0,4.0,5.0,-1.0,SEN,8,KRU,13,0,0.452,0.242,0.694
Lotus,JonahP,SEN,Fade,0.47,95.0,5,16,9,-11,43.0,67.0,22.0,1.0,3.0,-2.0,SEN,8,KRU,13,0,0.329,0.269,0.597
Lotus,Less,KRÜ,Viper,1.33,225.0,17,10,7,7,71.0,143.0,33.0,2.0,1.0,1.0,SEN,8,KRU,13,0,0.755,0.417,1.172
Lotus,mwzera,KRÜ,Fade,1.28,221.0,17,12,10,5,86.0,135.0,23.0,1.0,0.0,1.0,SEN,8,KRU,13,0,0.714,0.469,1.183
Lotus,saadhak,KRÜ,Omen,1.15,193.0,15,11,9,4,71.0,123.0,32.0,4.0,2.0,2.0,SEN,8,KRU,13,0,0.697,0.42,1.117
Lotus,silentzz,KRÜ,Vyse,1.11,205.0,16,12,3,4,81.0,136.0,40.0,2.0,0.0,2.0,SEN,8,KRU,13,0,0.705,0.384,1.089
Lotus,Dantedeu5,KRÜ,Neon,0.9,228.0,16,16,5,0,67.0,149.0,24.0,3.0,6.0,-3.0,SEN,8,KRU,13,0,0.638,0.303,0.941
Breeze,johnqt,SEN,Harbor,1.29,274.0,21,16,5,5,73.0,191.0,40.0,1.0,1.0,0.0,SEN,9,KRU,13,0,0.816,0.385,1.202
Breeze,Reduxx,SEN,Iso,0.87,201.0,15,19,4,-4,41.0,129.0,36.0,1.0,4.0,-3.0,SEN,9,KRU,13,0,0.529,0.246,0.775
Breeze,Victor,SEN,Neon,0.76,205.0,16,19,2,-3,59.0,128.0,10.0,6.0,4.0,2.0,SEN,9,KRU,13,0,0.53,0.291,0.821
Breeze,JonahP,SEN,Sova,0.67,151.0,11,17,7,-6,77.0,105.0,27.0,1.0,3.0,-2.0,SEN,9,KRU,13,0,0.424,0.322,0.746
Breeze,cortezia,SEN,Viper,0.63,120.0,9,15,6,-6,59.0,77.0,19.0,0.0,1.0,-1.0,SEN,9,KRU,13,0,0.366,0.295,0.661
Breeze,saadhak,KRÜ,Omen,1.36,259.0,22,15,5,7,77.0,162.0,21.0,1.0,1.0,0.0,SEN,9,KRU,13,0,0.774,0.4,1.174
Breeze,mwzera,KRÜ,Sova,1.3,238.0,16,12,7,4,91.0,165.0,25.0,3.0,2.0,1.0,SEN,9,KRU,13,0,0.757,0.438,1.196
Breeze,silentzz,KRÜ,Chamber,1.08,154.0,14,12,3,2,73.0,105.0,21.0,3.0,2.0,1.0,SEN,9,KRU,13,0,0.609,0.34,0.95
Breeze,Less,KRÜ,Viper,1.06,234.0,18,15,9,3,50.0,138.0,18.0,3.0,1.0,2.0,SEN,9,KRU,13,0,0.696,0.385,1.08
Breeze,Dantedeu5,KRÜ,Neon,0.74,196.0,16,18,2,-2,50.0,115.0,15.0,3.0,3.0,0.0,SEN,9,KRU,13,0,0.539,0.257,0.797
Haven,bang,100T,Omen,1.49,227.0,18,9,7,9,81.0,143.0,24.0,1.0,1.0,0.0,100T,13,EG,8,1,0.748,0.44,1.189
Haven,Cryocells,100T,Cypher,1.26,246.0,20,13,3,7,57.0,144.0,33.0,6.0,3.0,3.0,100T,13,EG,8,1,0.787,0.345,1.132
Haven,Asuna,100T,Neon,1.16,211.0,16,12,1,4,76.0,127.0,21.0,4.0,2.0,2.0,100T,13,EG,8,1,0.699,0.362,1.061
Haven,vora,100T,Sova,0.93,157.0,12,12,7,0,86.0,120.0,21.0,0.0,1.0,-1.0,100T,13,EG,8,1,0.536,0.383,0.918
Haven,Timotino,100T,Phoenix,0.82,189.0,13,17,5,-4,71.0,122.0,28.0,1.0,2.0,-1.0,100T,13,EG,8,1,0.495,0.314,0.809
Haven,supamen,EG,Viper,1.13,204.0,16,15,5,1,71.0,128.0,30.0,1.0,2.0,-1.0,100T,13,EG,8,0,0.63,0.347,0.978
Haven,Okeanos,EG,Omen,0.96,190.0,15,16,2,-1,62.0,142.0,43.0,1.0,1.0,0.0,100T,13,EG,8,0,0.595,0.31,0.905
Haven,dgzin,EG,Neon,0.88,172.0,13,15,5,-2,67.0,119.0,23.0,4.0,2.0,2.0,100T,13,EG,8,0,0.544,0.34,0.884
Haven,C0M,EG,Sova,0.68,162.0,8,15,11,-7,62.0,125.0,10.0,2.0,3.0,-1.0,100T,13,EG,8,0,0.417,0.329,0.746
Haven,bao,EG,Killjoy,0.52,180.0,11,18,4,-7,57.0,116.0,17.0,1.0,4.0,-3.0,100T,13,EG,8,0,0.415,0.235,0.65
Breeze,Cryocells,100T,Viper,1.71,279.0,20,7,2,13,94.0,195.0,39.0,2.0,0.0,2.0,100T,13,EG,4,1,0.847,0.444,1.291
Breeze,Asuna,100T,Kayo,1.44,245.0,16,8,13,8,88.0,145.0,24.0,2.0,0.0,2.0,100T,13,EG,4,1,0.761,0.498,1.259
Breeze,Timotino,100T,Jett,1.32,283.0,19,13,2,6,76.0,174.0,9.0,5.0,6.0,-1.0,100T,13,EG,4,1,0.788,0.353,1.142
Breeze,bang,100T,Harbor,1.24,205.0,14,10,9,4,88.0,124.0,39.0,0.0,0.0,0.0,100T,13,EG,4,1,0.686,0.459,1.145
Breeze,vora,100T,Sova,0.87,158.0,8,10,7,-2,76.0,104.0,16.0,1.0,1.0,0.0,100T,13,EG,4,1,0.463,0.368,0.831
Breeze,dgzin,EG,Neon,1.14,269.0,17,15,1,2,71.0,151.0,33.0,4.0,2.0,2.0,100T,13,EG,4,0,0.731,0.352,1.083
Breeze,Okeanos,EG,Kayo,0.76,175.0,11,16,5,-5,65.0,105.0,43.0,1.0,1.0,0.0,100T,13,EG,4,0,0.464,0.316,0.78
Breeze,C0M,EG,Sova,0.64,137.0,8,14,1,-6,47.0,99.0,39.0,0.0,3.0,-3.0,100T,13,EG,4,0,0.411,0.22,0.631
Breeze,bao,EG,Harbor,0.55,147.0,8,17,9,-9,71.0,89.0,45.0,2.0,0.0,2.0,100T,13,EG,4,0,0.421,0.375,0.796
Breeze,supamen,EG,Viper,0.22,90.0,4,15,2,-11,35.0,65.0,46.0,0.0,4.0,-4.0,100T,13,EG,4,0,0.356,0.186,0.543
Pearl,alym,FUR,Neon,1.6,327.0,24,11,7,13,70.0,197.0,24.0,5.0,4.0,1.0,FUR,13,NRG,7,1,0.853,0.421,1.275
Pearl,nerve,FUR,Astra,1.09,187.0,15,11,6,4,80.0,109.0,26.0,0.0,0.0,0.0,FUR,13,NRG,7,1,0.641,0.396,1.037
Pearl,artzin,FUR,Killjoy,0.94,147.0,12,10,2,2,75.0,98.0,28.0,0.0,3.0,-3.0,FUR,13,NRG,7,1,0.557,0.299,0.856
Pearl,koalanoob,FUR,Phoenix,0.85,202.0,14,15,7,-1,70.0,138.0,15.0,3.0,2.0,1.0,FUR,13,NRG,7,1,0.575,0.355,0.93
Pearl,eeiu,FUR,Fade,0.84,154.0,11,12,6,-1,70.0,100.0,48.0,2.0,1.0,1.0,FUR,13,NRG,7,1,0.539,0.352,0.892
Pearl,brawk,NRG,Sova,1.54,311.0,22,14,5,8,90.0,199.0,25.0,1.0,0.0,1.0,FUR,13,NRG,7,0,0.825,0.451,1.275
Pearl,Ethan,NRG,Tejo,0.87,189.0,11,17,7,-6,60.0,144.0,18.0,1.0,0.0,1.0,FUR,13,NRG,7,0,0.476,0.359,0.835
Pearl,keiko,NRG,Killjoy,0.74,161.0,11,14,1,-3,50.0,118.0,35.0,2.0,2.0,0.0,FUR,13,NRG,7,0,0.5,0.257,0.757
Pearl,mada,NRG,Waylay,0.61,155.0,10,17,4,-7,60.0,90.0,30.0,6.0,7.0,-1.0,FUR,13,NRG,7,0,0.439,0.263,0.702
Pearl,skuba,NRG,Astra,0.38,104.0,5,15,5,-10,45.0,85.0,30.0,0.0,1.0,-1.0,FUR,13,NRG,7,0,0.355,0.245,0.6
Split,koalanoob,FUR,Omen,1.28,246.0,21,17,7,4,83.0,163.0,23.0,3.0,2.0,1.0,FUR,13,NRG,10,1,0.778,0.423,1.201
Split,nerve,FUR,Viper,1.1,190.0,17,14,7,3,91.0,127.0,24.0,1.0,1.0,0.0,FUR,13,NRG,10,1,0.646,0.418,1.064
Split,artzin,FUR,Vyse,1.06,201.0,17,15,7,2,74.0,135.0,28.0,1.0,3.0,-2.0,FUR,13,NRG,10,1,0.643,0.359,1.002
Split,eeiu,FUR,Fade,1.02,211.0,16,16,8,0,65.0,131.0,41.0,3.0,0.0,3.0,FUR,13,NRG,10,1,0.652,0.408,1.059
Split,alym,FUR,Neon,0.98,220.0,18,17,4,1,65.0,132.0,15.0,4.0,5.0,-1.0,FUR,13,NRG,10,1,0.642,0.31,0.952
Split,mada,NRG,Raze,1.3,264.0,22,18,7,4,65.0,162.0,13.0,3.0,1.0,2.0,FUR,13,NRG,10,0,0.772,0.413,1.184
Split,keiko,NRG,Omen,1.14,271.0,22,19,8,3,83.0,169.0,35.0,3.0,2.0,1.0,FUR,13,NRG,10,0,0.779,0.419,1.198
Split,skuba,NRG,Viper,0.78,175.0,13,18,2,-5,70.0,110.0,23.0,1.0,3.0,-2.0,FUR,13,NRG,10,0,0.454,0.278,0.732
Split,brawk,NRG,Deadlock,0.72,162.0,12,18,10,-6,61.0,105.0,20.0,1.0,2.0,-1.0,FUR,13,NRG,10,0,0.429,0.332,0.761
Split,Ethan,NRG,Skye,0.69,129.0,10,16,11,-6,83.0,83.0,19.0,3.0,4.0,-1.0,FUR,13,NRG,10,0,0.415,0.365,0.781
Haven,alym,FUR,Neon,1.16,253.0,24,18,4,6,77.0,153.0,21.0,6.0,4.0,2.0,FUR,12,EG,14,0,0.774,0.375,1.149
Haven,eeiu,FUR,Sova,0.99,148.0,15,15,6,0,69.0,87.0,26.0,0.0,1.0,-1.0,FUR,12,EG,14,0,0.537,0.35,0.886
Haven,koalanoob,FUR,Omen,0.89,196.0,17,19,8,-2,62.0,114.0,27.0,2.0,3.0,-1.0,FUR,12,EG,14,0,0.562,0.34,0.903
Haven,artzin,FUR,Killjoy,0.85,209.0,18,20,6,-2,65.0,146.0,17.0,3.0,2.0,1.0,FUR,12,EG,14,0,0.59,0.336,0.926
Haven,nerve,FUR,Viper,0.82,179.0,16,18,0,-2,65.0,134.0,34.0,2.0,3.0,-1.0,FUR,12,EG,14,0,0.564,0.282,0.846
Haven,dgzin,EG,Neon,1.54,323.0,30,19,2,11,81.0,202.0,46.0,6.0,4.0,2.0,FUR,12,EG,14,1,0.879,0.404,1.283
Haven,supamen,EG,Viper,1.48,314.0,29,17,4,12,85.0,200.0,40.0,4.0,1.0,3.0,FUR,12,EG,14,1,0.873,0.435,1.308
Haven,bao,EG,Killjoy,0.84,155.0,14,18,1,-4,62.0,101.0,64.0,2.0,3.0,-1.0,FUR,12,EG,14,1,0.519,0.279,0.798
Haven,Okeanos,EG,Omen,0.58,114.0,10,20,4,-10,54.0,87.0,38.0,1.0,4.0,-3.0,FUR,12,EG,14,1,0.394,0.236,0.63
Haven,C0M,EG,Sova,0.55,107.0,7,16,6,-9,65.0,82.0,10.0,0.0,1.0,-1.0,FUR,12,EG,14,1,0.329,0.296,0.625
Pearl,koalanoob,FUR,Phoenix,1.26,270.0,18,13,7,5,89.0,165.0,26.0,4.0,4.0,0.0,FUR,13,EG,5,1,0.794,0.422,1.216
Pearl,artzin,FUR,Killjoy,1.21,219.0,15,10,3,5,83.0,138.0,18.0,2.0,1.0,1.0,FUR,13,EG,5,1,0.706,0.38,1.086
Pearl,nerve,FUR,Astra,1.19,194.0,13,8,10,5,83.0,133.0,35.0,0.0,0.0,0.0,FUR,13,EG,5,1,0.687,0.445,1.133
Pearl,alym,FUR,Neon,1.0,285.0,18,15,3,3,67.0,171.0,22.0,2.0,3.0,-1.0,FUR,13,EG,5,1,0.727,0.304,1.031
Pearl,eeiu,FUR,Fade,0.88,180.0,13,10,5,3,67.0,110.0,21.0,1.0,1.0,0.0,FUR,13,EG,5,1,0.584,0.332,0.916
Pearl,supamen,EG,Astra,1.42,259.0,18,13,8,5,61.0,181.0,34.0,1.0,0.0,1.0,FUR,13,EG,5,0,0.796,0.431,1.227
Pearl,bao,EG,Killjoy,1.01,224.0,12,15,5,-3,72.0,136.0,15.0,2.0,1.0,1.0,FUR,13,EG,5,0,0.547,0.363,0.91
Pearl,C0M,EG,Sova,0.97,206.0,11,15,5,-4,56.0,141.0,24.0,2.0,3.0,-1.0,FUR,13,EG,5,0,0.532,0.305,0.837
Pearl,Okeanos,EG,Waylay,0.68,155.0,8,16,2,-8,61.0,120.0,31.0,2.0,0.0,2.0,FUR,13,EG,5,0,0.443,0.305,0.748
Pearl,dgzin,EG,Neon,0.23,113.0,7,18,2,-11,56.0,79.0,41.0,2.0,5.0,-3.0,FUR,13,EG,5,0,0.383,0.219,0.602
Lotus,artzin,FUR,Vyse,1.43,304.0,26,17,7,9,78.0,198.0,31.0,1.0,1.0,0.0,FUR,13,EG,10,1,0.828,0.431,1.259
Lotus,nerve,FUR,Viper,1.02,170.0,16,13,4,3,83.0,120.0,28.0,1.0,1.0,0.0,FUR,13,EG,10,1,0.624,0.362,0.987
Lotus,koalanoob,FUR,Omen,1.0,189.0,15,15,7,0,70.0,143.0,33.0,4.0,2.0,2.0,FUR,13,EG,10,1,0.633,0.38,1.013
Lotus,eeiu,FUR,Fade,0.9,161.0,13,16,8,-3,61.0,111.0,33.0,3.0,1.0,2.0,FUR,13,EG,10,1,0.534,0.375,0.909
Lotus,alym,FUR,Neon,0.79,197.0,17,18,3,-1,74.0,111.0,25.0,5.0,4.0,1.0,FUR,13,EG,10,1,0.578,0.311,0.889
Lotus,dgzin,EG,Neon,1.48,313.0,27,19,3,8,78.0,211.0,40.0,2.0,6.0,-4.0,FUR,13,EG,10,0,0.858,0.36,1.218
Lotus,Okeanos,EG,Omen,1.08,202.0,15,17,14,-2,78.0,137.0,33.0,1.0,1.0,0.0,FUR,13,EG,10,0,0.584,0.416,1.0
Lotus,bao,EG,Vyse,0.85,163.0,13,17,4,-4,65.0,117.0,24.0,3.0,2.0,1.0,FUR,13,EG,10,0,0.507,0.314,0.82
Lotus,supamen,EG,Viper,0.75,166.0,14,18,5,-4,78.0,111.0,33.0,1.0,3.0,-2.0,FUR,13,EG,10,0,0.48,0.31,0.79
Lotus,C0M,EG,Fade,0.74,136.0,10,16,6,-6,74.0,92.0,20.0,2.0,2.0,0.0,FUR,13,EG,10,0,0.416,0.331,0.747
Lotus,brawk,NRG,Vyse,1.25,232.0,18,14,9,4,70.0,150.0,22.0,2.0,0.0,2.0,NRG,10,KRU,13,0,0.729,0.447,1.176
Lotus,mada,NRG,Neon,0.98,225.0,17,19,6,-2,70.0,143.0,10.0,6.0,6.0,0.0,NRG,10,KRU,13,0,0.592,0.349,0.941
Lotus,skuba,NRG,Viper,0.84,182.0,15,17,5,-2,78.0,118.0,28.0,1.0,2.0,-1.0,NRG,10,KRU,13,0,0.53,0.328,0.858
Lotus,Ethan,NRG,Fade,0.8,170.0,12,18,5,-6,70.0,118.0,21.0,2.0,0.0,2.0,NRG,10,KRU,13,0,0.467,0.355,0.822
Lotus,keiko,NRG,Omen,0.71,136.0,13,16,3,-3,61.0,91.0,27.0,1.0,3.0,-2.0,NRG,10,KRU,13,0,0.451,0.255,0.706
Lotus,saadhak,KRÜ,Omen,1.44,270.0,22,14,7,8,70.0,173.0,30.0,4.0,2.0,2.0,NRG,10,KRU,13,0,0.837,0.427,1.264
Lotus,Less,KRÜ,Viper,1.24,218.0,18,13,8,5,83.0,137.0,36.0,0.0,3.0,-3.0,NRG,10,KRU,13,0,0.731,0.4,1.13
Lotus,silentzz,KRÜ,Vyse,1.1,183.0,15,13,6,2,87.0,103.0,33.0,3.0,1.0,2.0,NRG,10,KRU,13,0,0.645,0.417,1.062
Lotus,mwzera,KRÜ,Fade,0.97,180.0,15,16,7,-1,65.0,134.0,36.0,1.0,2.0,-1.0,NRG,10,KRU,13,0,0.578,0.343,0.921
Lotus,Dantedeu5,KRÜ,Neon,0.69,199.0,14,19,10,-5,65.0,133.0,22.0,3.0,4.0,-1.0,NRG,10,KRU,13,0,0.504,0.335,0.84
Split,Ethan,NRG,Fade,1.26,248.0,18,16,6,2,71.0,158.0,20.0,2.0,2.0,0.0,NRG,8,KRU,13,0,0.71,0.381,1.091
Split,skuba,NRG,Viper,1.18,220.0,15,15,6,0,62.0,158.0,31.0,1.0,0.0,1.0,NRG,8,KRU,13,0,0.645,0.384,1.029
Split,brawk,NRG,Vyse,0.84,171.0,12,17,4,-5,57.0,114.0,17.0,2.0,1.0,1.0,NRG,8,KRU,13,0,0.463,0.308,0.771
Split,keiko,NRG,Omen,0.65,135.0,10,17,4,-7,62.0,89.0,45.0,1.0,3.0,-2.0,NRG,8,KRU,13,0,0.42,0.262,0.682
Split,mada,NRG,Neon,0.22,67.0,4,16,3,-12,48.0,50.0,11.0,0.0,9.0,-9.0,NRG,8,KRU,13,0,0.308,0.206,0.513
Split,Less,KRÜ,Viper,1.62,331.0,24,11,12,13,86.0,210.0,21.0,1.0,2.0,-1.0,NRG,8,KRU,13,0,0.819,0.453,1.272
Split,saadhak,KRÜ,Omen,1.1,174.0,12,11,9,1,71.0,131.0,20.0,1.0,0.0,1.0,NRG,8,KRU,13,0,0.582,0.424,1.007
Split,silentzz,KRÜ,Vyse,1.08,172.0,14,11,2,3,86.0,113.0,17.0,2.0,0.0,2.0,NRG,8,KRU,13,0,0.617,0.389,1.006
Split,Dantedeu5,KRÜ,Neon,1.04,237.0,17,16,9,1,71.0,138.0,15.0,10.0,4.0,6.0,NRG,8,KRU,13,0,0.656,0.413,1.068
Split,mwzera,KRÜ,Fade,1.03,174.0,14,10,5,4,86.0,99.0,13.0,1.0,0.0,1.0,NRG,8,KRU,13,0,0.596,0.397,0.994
Haven,Cryocells,100T,Cypher,1.39,239.0,21,13,4,8,83.0,142.0,23.0,2.0,0.0,2.0,100T,10,SEN,13,0,0.772,0.428,1.2
Haven,bang,100T,Omen,1.12,159.0,15,14,9,1,70.0,95.0,32.0,0.0,0.0,0.0,100T,10,SEN,13,0,0.584,0.416,1.0
Haven,Timotino,100T,Phoenix,0.8,190.0,11,20,15,-9,61.0,136.0,21.0,4.0,5.0,-1.0,100T,10,SEN,13,0,0.499,0.34,0.839
Haven,vora,100T,Sova,0.65,157.0,10,17,9,-7,57.0,107.0,18.0,1.0,4.0,-3.0,100T,10,SEN,13,0,0.409,0.305,0.713
Haven,Asuna,100T,Neon,0.58,137.0,10,19,3,-9,57.0,92.0,15.0,3.0,4.0,-1.0,100T,10,SEN,13,0,0.407,0.243,0.65
Haven,Reduxx,SEN,Omen,1.36,255.0,23,13,11,10,83.0,166.0,30.0,1.0,0.0,1.0,100T,10,SEN,13,1,0.787,0.472,1.259
Haven,cortezia,SEN,Killjoy,1.32,233.0,19,11,3,8,91.0,141.0,16.0,5.0,1.0,4.0,100T,10,SEN,13,1,0.756,0.418,1.174
Haven,johnqt,SEN,Viper,1.12,165.0,14,11,6,3,83.0,104.0,15.0,1.0,3.0,-2.0,100T,10,SEN,13,1,0.594,0.369,0.962
Haven,Jerrwin,SEN,Neon,0.81,168.0,14,16,8,-2,61.0,117.0,18.0,5.0,4.0,1.0,100T,10,SEN,13,1,0.531,0.347,0.878
Haven,JonahP,SEN,Sova,0.75,181.0,13,16,7,-3,65.0,117.0,16.0,1.0,2.0,-1.0,100T,10,SEN,13,1,0.478,0.319,0.797
Split,Cryocells,100T,Viper,1.13,258.0,30,26,11,4,81.0,171.0,16.0,3.0,1.0,2.0,100T,17,SEN,19,0,0.762,0.444,1.206
Split,Timotino,100T,Raze,1.04,228.0,29,28,5,1,69.0,141.0,20.0,10.0,7.0,3.0,100T,17,SEN,19,0,0.68,0.365,1.044
Split,vora,100T,Fade,1.01,195.0,25,25,12,0,72.0,129.0,27.0,2.0,4.0,-2.0,100T,17,SEN,19,0,0.633,0.372,1.005
Split,bang,100T,Omen,1.01,185.0,28,25,11,3,75.0,110.0,22.0,2.0,1.0,1.0,100T,17,SEN,19,0,0.654,0.412,1.066
Split,Asuna,100T,Sage,0.81,155.0,16,25,15,-9,75.0,111.0,14.0,2.0,4.0,-2.0,100T,17,SEN,19,0,0.463,0.356,0.819
Split,cortezia,SEN,Viper,1.39,275.0,35,24,9,11,75.0,170.0,27.0,6.0,5.0,1.0,100T,17,SEN,19,1,0.828,0.443,1.272
Split,JonahP,SEN,Skye,1.11,202.0,25,25,10,0,75.0,141.0,24.0,1.0,3.0,-2.0,100T,17,SEN,19,1,0.636,0.388,1.023
Split,Reduxx,SEN,Omen,1.01,211.0,26,25,10,1,81.0,134.0,23.0,3.0,1.0,2.0,100T,17,SEN,19,1,0.668,0.431,1.099
Split,johnqt,SEN,Sage,0.84,149.0,17,24,17,-7,72.0,104.0,21.0,1.0,2.0,-1.0,100T,17,SEN,19,1,0.46,0.363,0.822
Split,Jerrwin,SEN,Neon,0.81,209.0,26,30,9,-4,64.0,136.0,17.0,6.0,8.0,-2.0,100T,17,SEN,19,1,0.563,0.338,0.901
Lotus,nerve,FUR,Viper,0.89,198.0,9,13,6,-4,71.0,165.0,19.0,1.0,1.0,0.0,FUR,4,KRU,13,0,0.504,0.351,0.855
Lotus,artzin,FUR,Vyse,0.72,210.0,11,15,6,-4,76.0,128.0,20.0,0.0,2.0,-2.0,FUR,4,KRU,13,0,0.478,0.315,0.793
Lotus,eeiu,FUR,Fade,0.67,150.0,11,15,1,-4,53.0,106.0,43.0,1.0,1.0,0.0,FUR,4,KRU,13,0,0.458,0.264,0.722
Lotus,koalanoob,FUR,Omen,0.59,129.0,7,15,4,-8,59.0,78.0,18.0,1.0,0.0,1.0,FUR,4,KRU,13,0,0.356,0.294,0.65
Lotus,alym,FUR,Neon,0.37,149.0,7,15,3,-8,35.0,95.0,8.0,2.0,8.0,-6.0,FUR,4,KRU,13,0,0.362,0.186,0.548
Lotus,saadhak,KRÜ,Omen,1.72,310.0,19,9,10,10,94.0,199.0,29.0,3.0,2.0,1.0,FUR,4,KRU,13,0,0.851,0.484,1.334
Lotus,Dantedeu5,KRÜ,Neon,1.57,313.0,19,11,7,8,82.0,188.0,24.0,6.0,2.0,4.0,FUR,4,KRU,13,0,0.842,0.454,1.297
Lotus,Less,KRÜ,Viper,1.36,208.0,13,8,4,5,88.0,140.0,20.0,1.0,1.0,0.0,FUR,4,KRU,13,0,0.697,0.407,1.104
Lotus,mwzera,KRÜ,Fade,1.3,169.0,12,7,6,5,82.0,96.0,10.0,1.0,0.0,1.0,FUR,4,KRU,13,0,0.62,0.431,1.051
Lotus,silentzz,KRÜ,Vyse,0.99,178.0,10,10,7,0,82.0,118.0,14.0,1.0,0.0,1.0,FUR,4,KRU,13,0,0.53,0.409,0.939
Haven,nerve,FUR,Omen,1.11,237.0,19,15,7,4,70.0,149.0,37.0,0.0,4.0,-4.0,FUR,10,KRU,13,0,0.725,0.353,1.078
Haven,eeiu,FUR,Sova,0.96,183.0,14,16,6,-2,65.0,136.0,18.0,2.0,0.0,2.0,FUR,10,KRU,13,0,0.551,0.375,0.926
Haven,alym,FUR,Neon,0.9,208.0,16,17,2,-1,74.0,123.0,28.0,4.0,4.0,0.0,FUR,10,KRU,13,0,0.602,0.314,0.916
Haven,artzin,FUR,Cypher,0.8,162.0,15,15,4,0,74.0,116.0,27.0,1.0,1.0,0.0,FUR,10,KRU,13,0,0.544,0.324,0.868
Haven,koalanoob,FUR,Phoenix,0.7,149.0,11,17,12,-6,74.0,102.0,26.0,3.0,4.0,-1.0,FUR,10,KRU,13,0,0.453,0.351,0.804
Haven,mwzera,KRÜ,Fade,1.24,232.0,17,14,8,3,65.0,166.0,21.0,0.0,1.0,-1.0,FUR,10,KRU,13,0,0.702,0.392,1.094
Haven,saadhak,KRÜ,Omen,1.15,187.0,14,13,13,1,65.0,118.0,35.0,2.0,4.0,-2.0,FUR,10,KRU,13,0,0.629,0.375,1.005
Haven,Less,KRÜ,Cypher,1.13,237.0,20,16,2,4,74.0,146.0,21.0,4.0,1.0,3.0,FUR,10,KRU,13,0,0.739,0.369,1.108
Haven,Dantedeu5,KRÜ,Neon,0.97,160.0,15,15,2,0,65.0,102.0,36.0,5.0,3.0,2.0,FUR,10,KRU,13,0,0.593,0.324,0.916
Haven,silentzz,KRÜ,Phoenix,0.96,185.0,14,17,11,-3,70.0,125.0,18.0,2.0,1.0,1.0,FUR,10,KRU,13,0,0.53,0.399,0.929
Pearl,skuba,NRG,Astra,1.34,254.0,19,14,7,5,73.0,158.0,28.0,3.0,2.0,1.0,NRG,9,100T,13,0,0.797,0.412,1.21
Pearl,keiko,NRG,Killjoy,1.08,221.0,17,15,1,2,68.0,149.0,40.0,1.0,1.0,0.0,NRG,9,100T,13,0,0.678,0.333,1.011
Pearl,brawk,NRG,Sova,0.83,156.0,11,16,8,-5,73.0,116.0,25.0,1.0,2.0,-1.0,NRG,9,100T,13,0,0.448,0.352,0.8
Pearl,Ethan,NRG,Tejo,0.6,127.0,8,16,9,-8,68.0,96.0,16.0,1.0,1.0,0.0,NRG,9,100T,13,0,0.369,0.349,0.718
Pearl,mada,NRG,Neon,0.51,129.0,10,16,4,-6,59.0,80.0,18.0,3.0,7.0,-4.0,NRG,9,100T,13,0,0.393,0.237,0.63
Pearl,Cryocells,100T,Chamber,1.32,211.0,18,11,2,7,73.0,127.0,17.0,5.0,0.0,5.0,NRG,9,100T,13,1,0.734,0.397,1.131
Pearl,Asuna,100T,Neon,1.07,235.0,19,15,4,4,77.0,147.0,24.0,2.0,4.0,-2.0,NRG,9,100T,13,1,0.717,0.331,1.048
Pearl,bang,100T,Astra,1.04,185.0,14,11,8,3,82.0,116.0,24.0,1.0,1.0,0.0,NRG,9,100T,13,1,0.617,0.407,1.024
Pearl,vora,100T,Fade,0.8,158.0,13,13,7,0,82.0,103.0,32.0,2.0,1.0,1.0,NRG,9,100T,13,1,0.545,0.379,0.925
Pearl,Timotino,100T,Phoenix,0.77,188.0,13,15,7,-2,59.0,131.0,27.0,3.0,3.0,0.0,NRG,9,100T,13,1,0.554,0.32,0.874
Lotus,keiko,NRG,Omen,1.51,255.0,23,15,7,8,83.0,183.0,44.0,1.0,1.0,0.0,NRG,13,100T,10,1,0.826,0.444,1.269
Lotus,skuba,NRG,Viper,1.18,226.0,18,14,9,4,87.0,151.0,24.0,3.0,2.0,1.0,NRG,13,100T,10,1,0.737,0.441,1.179
Lotus,mada,NRG,Neon,0.99,262.0,21,20,3,1,70.0,151.0,24.0,11.0,3.0,8.0,NRG,13,100T,10,1,0.703,0.339,1.042
Lotus,Ethan,NRG,Fade,0.89,174.0,13,16,7,-3,78.0,116.0,23.0,1.0,1.0,0.0,NRG,13,100T,10,1,0.499,0.374,0.873
Lotus,brawk,NRG,Vyse,0.83,125.0,8,13,11,-5,70.0,84.0,21.0,0.0,0.0,0.0,NRG,13,100T,10,1,0.393,0.386,0.778
Lotus,bang,100T,Omen,1.43,227.0,19,15,7,4,78.0,145.0,38.0,2.0,2.0,0.0,NRG,13,100T,10,0,0.767,0.422,1.189
Lotus,Asuna,100T,Sage,1.04,203.0,16,15,8,1,78.0,134.0,24.0,2.0,1.0,1.0,NRG,13,100T,10,0,0.631,0.409,1.041
Lotus,Timotino,100T,Raze,0.8,203.0,18,19,5,-1,74.0,127.0,12.0,1.0,5.0,-4.0,NRG,13,100T,10,0,0.546,0.304,0.85
Lotus,Cryocells,100T,Vyse,0.68,158.0,13,16,7,-3,74.0,108.0,20.0,2.0,5.0,-3.0,NRG,13,100T,10,0,0.475,0.314,0.789
Lotus,vora,100T,Sova,0.66,157.0,12,18,7,-6,65.0,113.0,26.0,0.0,3.0,-3.0,NRG,13,100T,10,0,0.434,0.297,0.731
Breeze,Ethan,NRG,Kayo,1.81,306.0,16,7,11,9,100.0,172.0,30.0,1.0,0.0,1.0,NRG,13,100T,2,1,0.796,0.512,1.308
Breeze,keiko,NRG,Jett,1.57,337.0,20,9,0,11,73.0,224.0,53.0,2.0,2.0,0.0,NRG,13,100T,2,1,0.866,0.373,1.239
Breeze,brawk,NRG,Sova,1.46,172.0,11,5,3,6,93.0,131.0,38.0,1.0,1.0,0.0,NRG,13,100T,2,1,0.698,0.415,1.113
Breeze,mada,NRG,Harbor,1.13,199.0,11,8,6,3,80.0,115.0,39.0,2.0,2.0,0.0,NRG,13,100T,2,1,0.652,0.382,1.034
Breeze,skuba,NRG,Viper,0.89,147.0,7,7,6,0,80.0,104.0,13.0,1.0,3.0,-2.0,NRG,13,100T,2,1,0.48,0.339,0.819
Breeze,Timotino,100T,Jett,0.79,205.0,10,14,4,-4,60.0,148.0,33.0,3.0,3.0,0.0,NRG,13,100T,2,0,0.539,0.29,0.829
Breeze,Asuna,100T,Kayo,0.73,154.0,8,13,8,-5,73.0,91.0,21.0,1.0,1.0,0.0,NRG,13,100T,2,0,0.401,0.36,0.76
Breeze,Cryocells,100T,Viper,0.69,130.0,7,12,4,-5,60.0,82.0,19.0,2.0,1.0,1.0,NRG,13,100T,2,0,0.386,0.298,0.684
Breeze,vora,100T,Sova,0.59,109.0,5,12,2,-7,60.0,77.0,28.0,2.0,0.0,2.0,NRG,13,100T,2,0,0.375,0.294,0.669
Breeze,bang,100T,Harbor,0.36,103.0,6,14,2,-8,53.0,68.0,33.0,0.0,2.0,-2.0,NRG,13,100T,2,0,0.347,0.218,0.565
Haven,C0M,EG,Sova,0.99,189.0,13,14,2,-1,65.0,132.0,28.0,0.0,0.0,0.0,EG,7,SEN,13,0,0.564,0.327,0.892
Haven,bao,EG,Killjoy,0.87,159.0,12,14,1,-2,60.0,117.0,39.0,0.0,2.0,-2.0,EG,7,SEN,13,0,0.521,0.27,0.791
Haven,dgzin,EG,Neon,0.87,221.0,14,16,4,-2,70.0,149.0,45.0,6.0,6.0,0.0,EG,7,SEN,13,0,0.617,0.315,0.933
Haven,Okeanos,EG,Omen,0.8,137.0,11,14,4,-3,60.0,99.0,48.0,0.0,2.0,-2.0,EG,7,SEN,13,0,0.481,0.274,0.755
Haven,supamen,EG,Viper,0.5,129.0,9,17,2,-8,55.0,83.0,26.0,2.0,2.0,0.0,EG,7,SEN,13,0,0.386,0.24,0.626
Haven,Reduxx,SEN,Omen,1.71,288.0,24,11,1,13,80.0,171.0,49.0,3.0,1.0,2.0,EG,7,SEN,13,1,0.869,0.411,1.28
Haven,johnqt,SEN,Viper,1.39,219.0,15,10,11,5,75.0,161.0,25.0,0.0,1.0,-1.0,EG,7,SEN,13,1,0.735,0.436,1.171
Haven,JonahP,SEN,Sova,0.94,168.0,12,11,5,1,90.0,127.0,13.0,1.0,2.0,-1.0,EG,7,SEN,13,1,0.548,0.359,0.907
Haven,cortezia,SEN,Killjoy,0.88,155.0,10,11,2,-1,70.0,106.0,14.0,3.0,1.0,2.0,EG,7,SEN,13,1,0.514,0.332,0.846
Haven,Jerrwin,SEN,Neon,0.83,189.0,14,16,4,-2,80.0,115.0,5.0,5.0,3.0,2.0,EG,7,SEN,13,1,0.518,0.345,0.863
Bind,Okeanos,EG,Waylay,1.24,242.0,20,17,6,3,71.0,153.0,34.0,2.0,3.0,-1.0,EG,11,SEN,13,0,0.745,0.37,1.115
Bind,supamen,EG,Viper,1.09,181.0,17,14,2,3,71.0,121.0,30.0,2.0,2.0,0.0,EG,11,SEN,13,0,0.66,0.329,0.989
Bind,bao,EG,Brimstone,1.04,179.0,14,16,12,-2,75.0,136.0,41.0,3.0,1.0,2.0,EG,11,SEN,13,0,0.602,0.424,1.027
Bind,dgzin,EG,Neon,0.81,211.0,18,21,3,-3,67.0,134.0,42.0,6.0,5.0,1.0,EG,11,SEN,13,0,0.596,0.302,0.898
Bind,C0M,EG,Skye,0.7,131.0,11,17,12,-6,58.0,86.0,26.0,0.0,0.0,0.0,EG,11,SEN,13,0,0.404,0.352,0.756
Bind,cortezia,SEN,Viper,1.49,277.0,23,13,7,10,71.0,177.0,36.0,2.0,0.0,2.0,EG,11,SEN,13,1,0.839,0.45,1.289
Bind,Jerrwin,SEN,Neon,0.94,215.0,18,17,3,1,54.0,131.0,10.0,3.0,4.0,-1.0,EG,11,SEN,13,1,0.625,0.276,0.901
Bind,JonahP,SEN,Skye,0.92,207.0,17,17,6,0,71.0,130.0,33.0,3.0,4.0,-1.0,EG,11,SEN,13,1,0.634,0.336,0.97
Bind,Reduxx,SEN,Raze,0.9,194.0,15,18,7,-3,71.0,129.0,21.0,3.0,4.0,-1.0,EG,11,SEN,13,1,0.555,0.345,0.9
Bind,johnqt,SEN,Harbor,0.86,145.0,12,15,5,-3,58.0,89.0,35.0,0.0,1.0,-1.0,EG,11,SEN,13,1,0.475,0.306,0.782
Fracture,dgzin,EG,Chamber,1.09,212.0,18,15,0,3,57.0,123.0,33.0,5.0,6.0,-1.0,EG,8,NRG,13,0,0.699,0.297,0.997
Fracture,supamen,EG,Brimstone,0.9,171.0,11,16,11,-5,76.0,125.0,33.0,1.0,1.0,0.0,EG,8,NRG,13,0,0.479,0.394,0.873
Fracture,bao,EG,Breach,0.81,178.0,12,17,11,-5,76.0,112.0,41.0,0.0,1.0,-1.0,EG,8,NRG,13,0,0.478,0.376,0.853
Fracture,C0M,EG,Sova,0.75,126.0,9,13,5,-4,76.0,96.0,35.0,0.0,1.0,-1.0,EG,8,NRG,13,0,0.43,0.325,0.755
Fracture,Okeanos,EG,Neon,0.66,178.0,12,18,5,-6,57.0,109.0,23.0,1.0,5.0,-4.0,EG,8,NRG,13,0,0.438,0.261,0.699
Fracture,mada,NRG,Waylay,1.53,282.0,22,11,2,11,76.0,173.0,33.0,6.0,3.0,3.0,EG,8,NRG,13,1,0.85,0.4,1.249
Fracture,brawk,NRG,Brimstone,1.17,173.0,13,10,10,3,76.0,111.0,26.0,1.0,0.0,1.0,EG,8,NRG,13,1,0.619,0.44,1.06
Fracture,Ethan,NRG,Fade,1.06,222.0,17,14,5,3,71.0,141.0,18.0,1.0,0.0,1.0,EG,8,NRG,13,1,0.658,0.376,1.033
Fracture,keiko,NRG,Phoenix,1.05,196.0,13,12,4,1,62.0,128.0,26.0,4.0,1.0,3.0,EG,8,NRG,13,1,0.629,0.352,0.981
Fracture,skuba,NRG,Cypher,0.86,179.0,14,15,1,-1,62.0,117.0,30.0,2.0,3.0,-1.0,EG,8,NRG,13,1,0.558,0.281,0.839
Pearl,bao,EG,Vyse,1.16,222.0,17,15,6,2,82.0,160.0,42.0,2.0,2.0,0.0,EG,9,NRG,13,0,0.711,0.389,1.1
Pearl,C0M,EG,Fade,0.94,178.0,13,14,7,-1,73.0,116.0,19.0,2.0,1.0,1.0,EG,9,NRG,13,0,0.546,0.379,0.925
Pearl,supamen,EG,Astra,0.94,191.0,15,16,7,-1,77.0,116.0,27.0,4.0,1.0,3.0,EG,9,NRG,13,0,0.588,0.399,0.986
Pearl,Okeanos,EG,Phoenix,0.8,185.0,14,17,6,-3,68.0,132.0,47.0,2.0,2.0,0.0,EG,9,NRG,13,0,0.553,0.327,0.88
Pearl,dgzin,EG,Neon,0.77,155.0,13,14,2,-1,64.0,104.0,32.0,2.0,4.0,-2.0,EG,9,NRG,13,0,0.526,0.266,0.793
Pearl,Ethan,NRG,Tejo,1.42,261.0,23,13,1,10,73.0,153.0,23.0,3.0,0.0,3.0,EG,9,NRG,13,1,0.808,0.408,1.216
Pearl,brawk,NRG,Sova,1.33,258.0,18,14,11,4,86.0,165.0,14.0,3.0,0.0,3.0,EG,9,NRG,13,1,0.762,0.487,1.249
Pearl,mada,NRG,Neon,0.96,210.0,16,17,3,-1,73.0,130.0,17.0,2.0,7.0,-5.0,EG,9,NRG,13,1,0.583,0.297,0.88
Pearl,skuba,NRG,Astra,0.85,116.0,8,13,9,-5,77.0,83.0,19.0,1.0,3.0,-2.0,EG,9,NRG,13,1,0.387,0.364,0.75
Pearl,keiko,NRG,Killjoy,0.69,142.0,11,15,3,-4,73.0,99.0,14.0,1.0,2.0,-1.0,EG,9,NRG,13,1,0.413,0.282,0.695
Bind,mwzera,KRÜ,Fade,0.99,227.0,13,15,7,-2,82.0,144.0,18.0,2.0,0.0,2.0,KRU,4,100T,13,0,0.576,0.417,0.994
Bind,Less,KRÜ,Viper,0.97,192.0,12,11,1,1,53.0,116.0,38.0,4.0,3.0,1.0,KRU,4,100T,13,0,0.621,0.295,0.916
Bind,saadhak,KRÜ,Brimstone,0.84,185.0,8,14,11,-6,65.0,145.0,30.0,1.0,4.0,-3.0,KRU,4,100T,13,0,0.475,0.338,0.813
Bind,silentzz,KRÜ,Vyse,0.69,159.0,9,15,4,-6,59.0,110.0,30.0,2.0,0.0,2.0,KRU,4,100T,13,0,0.443,0.314,0.757
Bind,Dantedeu5,KRÜ,Neon,0.48,133.0,6,15,8,-9,71.0,108.0,22.0,0.0,1.0,-1.0,KRU,4,100T,13,0,0.373,0.322,0.695
Bind,bang,100T,Viper,1.81,311.0,19,7,5,12,94.0,212.0,49.0,3.0,0.0,3.0,KRU,4,100T,13,1,0.873,0.47,1.343
Bind,Asuna,100T,Brimstone,1.68,262.0,19,8,10,11,82.0,158.0,37.0,0.0,2.0,-2.0,KRU,4,100T,13,1,0.796,0.438,1.234
Bind,Cryocells,100T,Chamber,1.11,181.0,13,11,4,2,82.0,121.0,21.0,2.0,4.0,-2.0,KRU,4,100T,13,1,0.616,0.344,0.96
Bind,Timotino,100T,Waylay,1.01,233.0,13,11,6,2,76.0,157.0,23.0,2.0,3.0,-1.0,KRU,4,100T,13,1,0.657,0.354,1.011
Bind,vora,100T,Skye,0.77,132.0,6,11,11,-5,88.0,105.0,20.0,1.0,0.0,1.0,KRU,4,100T,13,1,0.397,0.418,0.815
Haven,Less,KRÜ,Cypher,1.48,268.0,22,13,4,9,74.0,189.0,37.0,2.0,3.0,-1.0,KRU,13,100T,10,0,0.843,0.377,1.22
Haven,saadhak,KRÜ,Omen,1.1,226.0,18,16,5,2,74.0,140.0,20.0,3.0,1.0,2.0,KRU,13,100T,10,0,0.686,0.384,1.07
Haven,Dantedeu5,KRÜ,Neon,1.04,192.0,17,16,5,1,74.0,120.0,18.0,4.0,3.0,1.0,KRU,13,100T,10,0,0.627,0.36,0.987
Haven,mwzera,KRÜ,Fade,0.97,215.0,16,16,8,0,78.0,148.0,27.0,1.0,1.0,0.0,KRU,13,100T,10,0,0.613,0.393,1.006
Haven,silentzz,KRÜ,Phoenix,0.7,143.0,10,17,7,-7,52.0,107.0,36.0,2.0,3.0,-1.0,KRU,13,100T,10,0,0.446,0.292,0.738
Haven,bang,100T,Omen,1.18,219.0,18,16,10,2,78.0,134.0,31.0,1.0,0.0,1.0,KRU,13,100T,10,0,0.672,0.445,1.117
Haven,Asuna,100T,Neon,1.15,224.0,19,17,4,2,70.0,149.0,23.0,2.0,3.0,-1.0,KRU,13,100T,10,0,0.69,0.337,1.027
Haven,Timotino,100T,Phoenix,0.95,212.0,16,19,5,-3,65.0,154.0,40.0,4.0,3.0,1.0,KRU,13,100T,10,0,0.614,0.335,0.949
Haven,vora,100T,Sova,0.78,166.0,13,16,5,-3,74.0,131.0,29.0,1.0,1.0,0.0,KRU,13,100T,10,0,0.502,0.333,0.835
Haven,Cryocells,100T,Cypher,0.69,151.0,12,15,4,-3,65.0,111.0,21.0,3.0,5.0,-2.0,KRU,13,100T,10,0,0.486,0.271,0.757
Split,mwzera,KRÜ,Fade,1.22,231.0,17,15,1,2,58.0,160.0,29.0,2.0,1.0,1.0,KRU,6,100T,13,0,0.707,0.339,1.046
Split,saadhak,KRÜ,Omen,1.06,198.0,13,13,4,0,58.0,137.0,24.0,3.0,4.0,-1.0,KRU,6,100T,13,0,0.619,0.307,0.926
Split,silentzz,KRÜ,Vyse,1.04,228.0,14,15,4,-1,68.0,157.0,35.0,1.0,0.0,1.0,KRU,6,100T,13,0,0.618,0.357,0.975
Split,Less,KRÜ,Viper,0.76,184.0,12,15,3,-3,53.0,124.0,35.0,1.0,2.0,-1.0,KRU,6,100T,13,0,0.506,0.256,0.762
Split,Dantedeu5,KRÜ,Neon,0.38,115.0,7,16,2,-9,58.0,85.0,50.0,1.0,4.0,-3.0,KRU,6,100T,13,0,0.382,0.222,0.604
Split,Cryocells,100T,Viper,1.25,243.0,17,12,8,5,84.0,145.0,21.0,1.0,1.0,0.0,KRU,6,100T,13,1,0.725,0.433,1.158
Split,Timotino,100T,Raze,1.21,302.0,19,15,5,4,79.0,186.0,16.0,6.0,2.0,4.0,KRU,6,100T,13,1,0.786,0.399,1.186
Split,vora,100T,Skye,1.18,207.0,15,12,9,3,79.0,131.0,23.0,2.0,3.0,-1.0,KRU,6,100T,13,1,0.67,0.411,1.081
Split,bang,100T,Omen,1.1,220.0,15,12,1,3,63.0,147.0,26.0,2.0,2.0,0.0,KRU,6,100T,13,1,0.682,0.317,0.999
Split,Asuna,100T,Sage,0.8,119.0,8,12,10,-4,74.0,80.0,17.0,0.0,0.0,0.0,KRU,6,100T,13,1,0.393,0.389,0.782
Split,artzin,FUR,Vyse,1.65,274.0,18,7,2,11,88.0,173.0,30.0,1.0,0.0,1.0,FUR,13,SEN,4,1,0.799,0.425,1.224
Split,eeiu,FUR,Fade,1.47,237.0,15,7,4,8,76.0,145.0,32.0,4.0,1.0,3.0,FUR,13,SEN,4,1,0.781,0.42,1.201
Split,nerve,FUR,Viper,1.4,209.0,13,7,7,6,94.0,149.0,32.0,0.0,0.0,0.0,FUR,13,SEN,4,1,0.724,0.464,1.188
Split,koalanoob,FUR,Omen,1.21,233.0,16,10,7,6,94.0,136.0,44.0,2.0,2.0,0.0,FUR,13,SEN,4,1,0.749,0.425,1.174
Split,alym,FUR,Neon,0.69,163.0,10,13,3,-3,71.0,87.0,3.0,4.0,3.0,1.0,FUR,13,SEN,4,1,0.439,0.295,0.735
Split,Jerrwin,SEN,Neon,1.05,257.0,15,14,1,1,59.0,153.0,16.0,2.0,3.0,-1.0,FUR,13,SEN,4,0,0.654,0.296,0.95
Split,cortezia,SEN,Viper,0.76,144.0,7,13,7,-6,71.0,107.0,22.0,1.0,2.0,-1.0,FUR,13,SEN,4,0,0.406,0.33,0.737
Split,Reduxx,SEN,Omen,0.59,173.0,8,16,4,-8,53.0,116.0,21.0,1.0,1.0,0.0,FUR,13,SEN,4,0,0.411,0.267,0.678
Split,johnqt,SEN,Sage,0.58,137.0,7,14,3,-7,59.0,105.0,23.0,1.0,2.0,-1.0,FUR,13,SEN,4,0,0.384,0.247,0.631
Split,JonahP,SEN,Skye,0.47,129.0,7,15,2,-8,53.0,91.0,50.0,1.0,3.0,-2.0,FUR,13,SEN,4,0,0.393,0.218,0.611
Breeze,koalanoob,FUR,Jett,1.09,248.0,18,17,1,1,60.0,153.0,25.0,3.0,0.0,3.0,FUR,7,SEN,13,0,0.696,0.351,1.047
Breeze,alym,FUR,Neon,1.04,217.0,15,16,2,-1,65.0,120.0,28.0,4.0,4.0,0.0,FUR,7,SEN,13,0,0.615,0.314,0.929
Breeze,nerve,FUR,Astra,0.78,136.0,9,13,6,-4,60.0,95.0,24.0,0.0,1.0,-1.0,FUR,7,SEN,13,0,0.424,0.312,0.736
Breeze,eeiu,FUR,Sova,0.64,132.0,8,17,8,-9,65.0,97.0,15.0,0.0,1.0,-1.0,FUR,7,SEN,13,0,0.375,0.328,0.703
Breeze,artzin,FUR,Harbor,0.56,107.0,8,16,6,-8,60.0,77.0,29.0,0.0,7.0,-7.0,FUR,7,SEN,13,0,0.362,0.267,0.629
Breeze,cortezia,SEN,Viper,1.51,239.0,18,8,3,10,80.0,171.0,35.0,3.0,2.0,1.0,FUR,7,SEN,13,1,0.816,0.393,1.21
Breeze,JonahP,SEN,Sova,1.3,225.0,18,9,3,9,90.0,168.0,50.0,0.0,1.0,-1.0,FUR,7,SEN,13,1,0.776,0.384,1.16
Breeze,johnqt,SEN,Harbor,1.08,181.0,14,11,6,3,75.0,116.0,31.0,1.0,0.0,1.0,FUR,7,SEN,13,1,0.628,0.396,1.024
Breeze,Reduxx,SEN,Iso,1.06,227.0,16,15,5,1,85.0,145.0,31.0,2.0,0.0,2.0,FUR,7,SEN,13,1,0.661,0.408,1.069
Breeze,Jerrwin,SEN,Neon,0.72,184.0,13,15,3,-2,75.0,116.0,12.0,7.0,4.0,3.0,FUR,7,SEN,13,1,0.513,0.318,0.831
Haven,eeiu,FUR,Sova,1.42,265.0,20,13,6,7,85.0,198.0,21.0,1.0,1.0,0.0,FUR,13,SEN,7,1,0.797,0.43,1.228
Haven,artzin,FUR,Cypher,1.3,221.0,17,12,6,5,70.0,157.0,28.0,0.0,2.0,-2.0,FUR,13,SEN,7,1,0.737,0.366,1.104
Haven,nerve,FUR,Omen,1.24,192.0,15,10,9,5,85.0,125.0,37.0,2.0,0.0,2.0,FUR,13,SEN,7,1,0.713,0.471,1.184
Haven,alym,FUR,Neon,1.11,238.0,15,14,7,1,75.0,148.0,35.0,4.0,3.0,1.0,FUR,13,SEN,7,1,0.689,0.391,1.08
Haven,koalanoob,FUR,Phoenix,0.74,157.0,11,15,7,-4,70.0,99.0,24.0,3.0,4.0,-1.0,FUR,13,SEN,7,1,0.471,0.327,0.798
Haven,cortezia,SEN,Killjoy,1.11,207.0,15,15,5,0,70.0,133.0,38.0,4.0,0.0,4.0,FUR,13,SEN,7,0,0.653,0.392,1.045
Haven,JonahP,SEN,Sova,1.05,284.0,14,17,6,-3,70.0,200.0,17.0,2.0,2.0,0.0,FUR,13,SEN,7,0,0.628,0.357,0.985
Haven,Jerrwin,SEN,Neon,0.81,193.0,13,15,2,-2,60.0,128.0,21.0,4.0,5.0,-1.0,FUR,13,SEN,7,0,0.55,0.273,0.823
Haven,johnqt,SEN,Viper,0.77,155.0,12,15,1,-3,55.0,91.0,13.0,0.0,2.0,-2.0,FUR,13,SEN,7,0,0.44,0.251,0.692
Haven,Reduxx,SEN,Omen,0.52,120.0,10,16,4,-6,65.0,70.0,21.0,0.0,1.0,-1.0,FUR,13,SEN,7,0,0.357,0.271,0.628
Haven,Less,KRÜ,Cypher,1.67,268.0,26,11,6,15,83.0,175.0,22.0,4.0,0.0,4.0,KRU,11,EG,13,0,0.83,0.463,1.293
Haven,saadhak,KRÜ,Omen,0.84,196.0,15,19,10,-4,63.0,118.0,19.0,2.0,1.0,1.0,KRU,11,EG,13,0,0.509,0.374,0.883
Haven,mwzera,KRÜ,Fade,0.79,163.0,12,17,10,-5,71.0,116.0,17.0,1.0,0.0,1.0,KRU,11,EG,13,0,0.44,0.392,0.831
Haven,Dantedeu5,KRÜ,Neon,0.77,182.0,14,18,6,-4,71.0,125.0,29.0,5.0,5.0,0.0,KRU,11,EG,13,0,0.524,0.329,0.853
Haven,silentzz,KRÜ,Phoenix,0.72,184.0,15,20,6,-5,71.0,108.0,18.0,3.0,3.0,0.0,KRU,11,EG,13,0,0.482,0.324,0.806
Haven,dgzin,EG,Neon,1.35,249.0,24,16,1,8,79.0,147.0,35.0,2.0,3.0,-1.0,KRU,11,EG,13,1,0.792,0.362,1.153
Haven,Paincakes,EG,Sova,1.06,200.0,16,18,8,-2,71.0,136.0,32.0,0.0,4.0,-4.0,KRU,11,EG,13,1,0.584,0.36,0.944
Haven,zerona,EG,Viper,1.01,193.0,16,16,8,0,71.0,136.0,23.0,1.0,2.0,-1.0,KRU,11,EG,13,1,0.593,0.368,0.961
Haven,bao,EG,Killjoy,0.91,224.0,18,17,5,1,67.0,149.0,22.0,4.0,3.0,1.0,KRU,11,EG,13,1,0.659,0.334,0.993
Haven,supamen,EG,Omen,0.9,135.0,11,15,9,-4,71.0,90.0,44.0,2.0,3.0,-1.0,KRU,11,EG,13,1,0.481,0.368,0.848
Lotus,mwzera,KRÜ,Fade,1.33,206.0,17,12,7,5,92.0,130.0,13.0,0.0,1.0,-1.0,KRU,13,EG,11,0,0.693,0.435,1.128
Lotus,Less,KRÜ,Viper,1.21,274.0,23,17,7,6,79.0,169.0,31.0,5.0,2.0,3.0,KRU,13,EG,11,0,0.813,0.422,1.235
Lotus,silentzz,KRÜ,Vyse,0.91,160.0,14,13,4,1,67.0,124.0,33.0,0.0,3.0,-3.0,KRU,13,EG,11,0,0.578,0.293,0.871
Lotus,saadhak,KRÜ,Omen,0.89,189.0,17,16,3,1,71.0,107.0,18.0,3.0,3.0,0.0,KRU,13,EG,11,0,0.601,0.308,0.91
Lotus,Dantedeu5,KRÜ,Neon,0.87,187.0,16,17,7,-1,67.0,113.0,22.0,4.0,3.0,1.0,KRU,13,EG,11,0,0.574,0.353,0.926
Lotus,dgzin,EG,Neon,1.04,213.0,19,17,3,2,67.0,132.0,21.0,5.0,4.0,1.0,KRU,13,EG,11,0,0.674,0.326,1.0
Lotus,Paincakes,EG,Fade,1.03,196.0,16,17,8,-1,63.0,123.0,26.0,0.0,0.0,0.0,KRU,13,EG,11,0,0.577,0.384,0.961
Lotus,zerona,EG,Viper,1.02,216.0,18,18,2,0,67.0,140.0,31.0,4.0,1.0,3.0,KRU,13,EG,11,0,0.658,0.346,1.004
Lotus,bao,EG,Vyse,0.76,141.0,12,17,6,-5,58.0,99.0,31.0,1.0,5.0,-4.0,KRU,13,EG,11,0,0.435,0.285,0.719
Lotus,supamen,EG,Omen,0.63,122.0,10,18,5,-8,67.0,96.0,31.0,2.0,2.0,0.0,KRU,13,EG,11,0,0.416,0.296,0.712
Bind,saadhak,KRÜ,Brimstone,1.53,268.0,18,12,18,6,79.0,154.0,19.0,3.0,1.0,2.0,KRU,13,EG,6,0,0.798,0.476,1.274
Bind,silentzz,KRÜ,Vyse,1.2,198.0,13,10,4,3,74.0,139.0,29.0,0.0,1.0,-1.0,KRU,13,EG,6,0,0.657,0.358,1.015
Bind,mwzera,KRÜ,Fade,1.19,197.0,14,12,7,2,79.0,145.0,17.0,1.0,1.0,0.0,KRU,13,EG,6,0,0.632,0.407,1.039
Bind,Dantedeu5,KRÜ,Neon,1.15,239.0,18,14,5,4,79.0,137.0,25.0,2.0,3.0,-1.0,KRU,13,EG,6,0,0.718,0.363,1.08
Bind,Less,KRÜ,Viper,1.14,221.0,14,12,4,2,74.0,151.0,28.0,6.0,1.0,5.0,KRU,13,EG,6,0,0.688,0.382,1.069
Bind,bao,EG,Brimstone,0.98,196.0,12,14,8,-2,74.0,119.0,34.0,2.0,2.0,0.0,KRU,13,EG,6,0,0.561,0.379,0.94
Bind,dgzin,EG,Neon,0.91,235.0,16,15,3,1,58.0,151.0,34.0,2.0,5.0,-3.0,KRU,13,EG,6,0,0.657,0.267,0.924
Bind,zerona,EG,Phoenix,0.83,246.0,15,18,5,-3,79.0,157.0,28.0,3.0,1.0,2.0,KRU,13,EG,6,0,0.6,0.364,0.964
Bind,Paincakes,EG,Skye,0.82,153.0,10,14,10,-4,74.0,99.0,32.0,0.0,1.0,-1.0,KRU,13,EG,6,0,0.454,0.373,0.827
Bind,supamen,EG,Viper,0.39,102.0,7,16,4,-9,58.0,65.0,43.0,0.0,3.0,-3.0,KRU,13,EG,6,0,0.356,0.234,0.589
Fracture,Reduxx,SEN,Raze,1.34,297.0,23,18,5,5,67.0,192.0,24.0,3.0,4.0,-1.0,SEN,11,NRG,13,0,0.839,0.363,1.202
Fracture,JonahP,SEN,Fade,1.0,146.0,11,14,5,-3,63.0,109.0,21.0,2.0,0.0,2.0,SEN,11,NRG,13,0,0.496,0.364,0.86
Fracture,cortezia,SEN,Cypher,0.94,167.0,16,16,2,0,63.0,105.0,38.0,3.0,6.0,-3.0,SEN,11,NRG,13,0,0.602,0.279,0.88
Fracture,johnqt,SEN,Brimstone,0.73,136.0,12,17,12,-5,67.0,79.0,22.0,0.0,1.0,-1.0,SEN,11,NRG,13,0,0.404,0.352,0.756
Fracture,Jerrwin,SEN,Neon,0.68,137.0,12,18,3,-6,75.0,99.0,28.0,2.0,3.0,-1.0,SEN,11,NRG,13,0,0.435,0.284,0.719
Fracture,mada,NRG,Waylay,1.21,269.0,22,16,2,6,83.0,189.0,27.0,6.0,3.0,3.0,SEN,11,NRG,13,1,0.819,0.384,1.203
Fracture,keiko,NRG,Phoenix,1.02,250.0,20,17,7,3,71.0,162.0,28.0,3.0,3.0,0.0,SEN,11,NRG,13,1,0.739,0.367,1.105
Fracture,skuba,NRG,Cypher,0.98,155.0,16,12,1,4,83.0,106.0,21.0,2.0,1.0,1.0,SEN,11,NRG,13,1,0.624,0.356,0.98
Fracture,brawk,NRG,Brimstone,0.89,145.0,12,14,16,-2,88.0,84.0,11.0,0.0,1.0,-1.0,SEN,11,NRG,13,1,0.455,0.404,0.859
Fracture,Ethan,NRG,Fade,0.86,151.0,13,15,5,-2,71.0,105.0,30.0,3.0,2.0,1.0,SEN,11,NRG,13,1,0.532,0.336,0.868
Breeze,cortezia,SEN,Viper,1.2,245.0,21,15,3,6,71.0,153.0,38.0,1.0,2.0,-1.0,SEN,13,NRG,11,1,0.766,0.332,1.098
Breeze,Reduxx,SEN,Iso,1.16,239.0,22,17,4,5,71.0,147.0,38.0,4.0,1.0,3.0,SEN,13,NRG,11,1,0.785,0.379,1.164
Breeze,johnqt,SEN,Harbor,1.12,157.0,13,13,9,0,67.0,102.0,15.0,0.0,0.0,0.0,SEN,13,NRG,11,1,0.539,0.411,0.95
Breeze,JonahP,SEN,Sova,0.89,181.0,15,16,6,-1,83.0,138.0,19.0,2.0,5.0,-3.0,SEN,13,NRG,11,1,0.565,0.34,0.905
Breeze,Jerrwin,SEN,Neon,0.77,199.0,16,18,3,-2,58.0,115.0,22.0,5.0,4.0,1.0,SEN,13,NRG,11,1,0.555,0.282,0.838
Breeze,brawk,NRG,Sova,1.43,253.0,22,14,8,8,75.0,170.0,19.0,1.0,1.0,0.0,SEN,13,NRG,11,0,0.781,0.437,1.218
Breeze,mada,NRG,Harbor,0.9,219.0,18,20,7,-2,79.0,134.0,31.0,3.0,1.0,2.0,SEN,13,NRG,11,0,0.612,0.394,1.006
Breeze,skuba,NRG,Viper,0.89,140.0,13,15,5,-2,79.0,88.0,27.0,1.0,2.0,-1.0,SEN,13,NRG,11,0,0.485,0.335,0.82
Breeze,keiko,NRG,Jett,0.81,192.0,16,20,2,-4,54.0,122.0,28.0,5.0,5.0,0.0,SEN,13,NRG,11,0,0.539,0.271,0.81
Breeze,Ethan,NRG,Kayo,0.76,146.0,10,18,13,-8,58.0,109.0,29.0,2.0,3.0,-1.0,SEN,13,NRG,11,0,0.447,0.331,0.778
Lotus,cortezia,SEN,Vyse,1.35,276.0,22,15,7,7,78.0,169.0,41.0,2.0,3.0,-1.0,SEN,10,NRG,13,0,0.826,0.405,1.23
Lotus,Reduxx,SEN,Raze,0.87,196.0,15,18,1,-3,65.0,126.0,16.0,3.0,3.0,0.0,SEN,10,NRG,13,0,0.543,0.296,0.839
Lotus,Jerrwin,SEN,Neon,0.86,209.0,16,19,3,-3,61.0,129.0,24.0,3.0,5.0,-2.0,SEN,10,NRG,13,0,0.567,0.271,0.838
Lotus,johnqt,SEN,Omen,0.76,105.0,8,14,5,-6,52.0,79.0,31.0,1.0,2.0,-1.0,SEN,10,NRG,13,0,0.386,0.276,0.662
Lotus,JonahP,SEN,Fade,0.76,173.0,14,18,7,-4,61.0,108.0,16.0,1.0,0.0,1.0,SEN,10,NRG,13,0,0.459,0.349,0.808
Lotus,brawk,NRG,Vyse,1.38,308.0,26,15,4,11,78.0,176.0,12.0,3.0,0.0,3.0,SEN,10,NRG,13,1,0.815,0.423,1.238
Lotus,Ethan,NRG,Fade,1.31,240.0,19,14,10,5,78.0,161.0,30.0,3.0,0.0,3.0,SEN,10,NRG,13,1,0.792,0.471,1.263
Lotus,mada,NRG,Neon,0.95,210.0,18,16,5,2,65.0,126.0,17.0,4.0,5.0,-1.0,SEN,10,NRG,13,1,0.648,0.318,0.966
Lotus,keiko,NRG,Omen,0.83,112.0,10,13,11,-3,70.0,82.0,28.0,0.0,4.0,-4.0,SEN,10,NRG,13,1,0.434,0.346,0.78
Lotus,skuba,NRG,Viper,0.71,140.0,11,17,2,-6,61.0,88.0,18.0,3.0,1.0,2.0,SEN,10,NRG,13,1,0.429,0.299,0.728
Pearl,artzin,FUR,Killjoy,1.44,260.0,20,13,4,7,77.0,182.0,30.0,3.0,0.0,3.0,FUR,13,100T,9,1,0.834,0.428,1.261
Pearl,eeiu,FUR,Fade,1.1,232.0,18,16,3,2,59.0,142.0,29.0,1.0,2.0,-1.0,FUR,13,100T,9,1,0.673,0.302,0.974
Pearl,koalanoob,FUR,Phoenix,1.04,208.0,15,14,8,1,77.0,148.0,24.0,1.0,3.0,-2.0,FUR,13,100T,9,1,0.623,0.373,0.996
Pearl,alym,FUR,Neon,1.04,264.0,21,17,2,4,68.0,171.0,24.0,4.0,5.0,-1.0,FUR,13,100T,9,1,0.768,0.31,1.078
Pearl,nerve,FUR,Astra,0.71,116.0,9,13,3,-4,73.0,79.0,27.0,1.0,2.0,-1.0,FUR,13,100T,9,1,0.4,0.284,0.684
Pearl,Cryocells,100T,Chamber,1.45,277.0,22,14,3,8,77.0,171.0,26.0,0.0,2.0,-2.0,FUR,13,100T,9,0,0.805,0.36,1.165
Pearl,Timotino,100T,Phoenix,1.08,199.0,14,16,7,-2,68.0,126.0,24.0,3.0,4.0,-1.0,FUR,13,100T,9,0,0.589,0.359,0.948
Pearl,Asuna,100T,Neon,0.8,223.0,16,19,5,-3,68.0,138.0,19.0,6.0,1.0,5.0,FUR,13,100T,9,0,0.566,0.347,0.912
Pearl,bang,100T,Astra,0.76,153.0,12,17,8,-5,64.0,90.0,29.0,2.0,1.0,1.0,FUR,13,100T,9,0,0.447,0.356,0.803
Pearl,vora,100T,Fade,0.51,111.0,9,17,8,-8,64.0,75.0,13.0,1.0,2.0,-1.0,FUR,13,100T,9,0,0.337,0.303,0.641
Haven,eeiu,FUR,Sova,1.2,248.0,17,15,7,2,76.0,159.0,27.0,3.0,0.0,3.0,FUR,8,100T,13,0,0.725,0.434,1.159
Haven,artzin,FUR,Cypher,1.03,226.0,16,16,1,0,62.0,150.0,23.0,3.0,1.0,2.0,FUR,8,100T,13,0,0.65,0.334,0.985
Haven,alym,FUR,Neon,0.82,216.0,16,18,4,-2,67.0,128.0,11.0,5.0,3.0,2.0,FUR,8,100T,13,0,0.558,0.322,0.881
Haven,nerve,FUR,Omen,0.76,118.0,9,14,8,-5,67.0,75.0,11.0,0.0,4.0,-4.0,FUR,8,100T,13,0,0.363,0.322,0.685
Haven,koalanoob,FUR,Phoenix,0.44,131.0,8,18,4,-10,52.0,96.0,14.0,1.0,1.0,0.0,FUR,8,100T,13,0,0.356,0.254,0.61
Haven,vora,100T,Sova,1.61,271.0,22,11,11,11,90.0,170.0,26.0,0.0,0.0,0.0,FUR,8,100T,13,1,0.804,0.487,1.291
Haven,Timotino,100T,Phoenix,1.39,244.0,18,11,13,7,76.0,156.0,44.0,3.0,3.0,0.0,FUR,8,100T,13,1,0.81,0.437,1.247
Haven,Cryocells,100T,Cypher,1.11,244.0,20,14,5,6,57.0,159.0,22.0,1.0,3.0,-2.0,FUR,8,100T,13,1,0.735,0.313,1.048
Haven,bang,100T,Omen,1.0,171.0,11,15,16,-4,81.0,114.0,31.0,2.0,2.0,0.0,FUR,8,100T,13,1,0.51,0.403,0.913
Haven,Asuna,100T,Neon,0.84,158.0,10,15,9,-5,81.0,99.0,20.0,3.0,4.0,-1.0,FUR,8,100T,13,1,0.457,0.378,0.835
Breeze,nerve,FUR,Harbor,1.03,228.0,14,15,6,-1,63.0,144.0,38.0,2.0,1.0,1.0,FUR,6,100T,13,0,0.627,0.361,0.988
Breeze,eeiu,FUR,Sova,0.9,152.0,12,13,0,-1,58.0,97.0,20.0,2.0,2.0,0.0,FUR,6,100T,13,0,0.513,0.287,0.801
Breeze,alym,FUR,Neon,0.84,214.0,13,17,5,-4,68.0,136.0,27.0,3.0,4.0,-1.0,FUR,6,100T,13,0,0.547,0.312,0.858
Breeze,koalanoob,FUR,Iso,0.81,175.0,11,14,4,-3,53.0,115.0,21.0,2.0,2.0,0.0,FUR,6,100T,13,0,0.494,0.281,0.774
Breeze,artzin,FUR,Astra,0.74,146.0,8,15,4,-7,58.0,114.0,26.0,0.0,1.0,-1.0,FUR,6,100T,13,0,0.42,0.282,0.702
Breeze,Asuna,100T,Phoenix,1.46,280.0,18,12,12,6,79.0,199.0,21.0,1.0,3.0,-2.0,FUR,6,100T,13,1,0.8,0.432,1.231
Breeze,vora,100T,Sova,1.38,234.0,17,9,2,8,74.0,163.0,29.0,0.0,1.0,-1.0,FUR,6,100T,13,1,0.757,0.366,1.123
Breeze,bang,100T,Harbor,1.17,174.0,13,10,5,3,79.0,112.0,32.0,4.0,1.0,3.0,FUR,6,100T,13,1,0.658,0.404,1.063
Breeze,Timotino,100T,Neon,0.84,189.0,13,14,4,-1,74.0,130.0,32.0,4.0,2.0,2.0,FUR,6,100T,13,1,0.582,0.336,0.918
Breeze,Cryocells,100T,Cypher,0.81,182.0,13,13,3,0,63.0,118.0,25.0,1.0,2.0,-1.0,FUR,6,100T,13,1,0.544,0.278,0.821
Breeze,Victor,NRG,Cypher,1.28,218.0,18,13,7,5,83.0,139.0,38.0,4.0,1.0,3.0,NRG,13,FUR,10,1,0.769,0.445,1.214
Breeze,Ethan,NRG,Kayo,1.23,205.0,17,13,14,4,83.0,139.0,32.0,0.0,2.0,-2.0,NRG,13,FUR,10,1,0.701,0.414,1.115
Breeze,crashies,NRG,Sova,1.12,200.0,16,13,7,3,78.0,136.0,35.0,2.0,0.0,2.0,NRG,13,FUR,10,1,0.683,0.425,1.108
Breeze,Demon1,NRG,Jett,1.04,238.0,19,17,4,2,70.0,155.0,26.0,8.0,3.0,5.0,NRG,13,FUR,10,1,0.708,0.355,1.063
Breeze,Marved,NRG,Viper,0.91,187.0,16,17,6,-1,78.0,141.0,33.0,1.0,2.0,-1.0,NRG,13,FUR,10,1,0.581,0.347,0.928
Breeze,mwzera,FUR,Jett,1.59,289.0,23,15,7,8,78.0,190.0,29.0,4.0,4.0,0.0,NRG,13,FUR,10,0,0.859,0.426,1.285
Breeze,liazzi,FUR,Viper,1.17,242.0,19,17,7,2,65.0,141.0,33.0,2.0,2.0,0.0,NRG,13,FUR,10,0,0.709,0.372,1.081
Breeze,Khalil,FUR,Cypher,0.86,193.0,15,17,5,-2,57.0,136.0,39.0,1.0,2.0,-1.0,NRG,13,FUR,10,0,0.562,0.295,0.858
Breeze,kon4n,FUR,Sova,0.83,174.0,14,17,6,-3,78.0,106.0,17.0,1.0,1.0,0.0,NRG,13,FUR,10,0,0.482,0.356,0.838
Breeze,havoc,FUR,Kayo,0.04,44.0,2,20,5,-18,39.0,36.0,13.0,0.0,6.0,-6.0,NRG,13,FUR,10,0,0.311,0.213,0.525
Ascent,Ethan,NRG,Kayo,1.42,284.0,20,11,9,9,86.0,192.0,18.0,3.0,3.0,0.0,NRG,13,FUR,8,1,0.832,0.456,1.288
Ascent,Demon1,NRG,Jett,1.29,189.0,14,9,2,5,71.0,136.0,26.0,4.0,2.0,2.0,NRG,13,FUR,8,1,0.721,0.368,1.089
Ascent,Victor,NRG,Killjoy,1.0,227.0,17,14,2,3,81.0,146.0,22.0,4.0,2.0,2.0,NRG,13,FUR,8,1,0.693,0.354,1.047
Ascent,crashies,NRG,Sova,0.96,165.0,13,11,8,2,81.0,102.0,21.0,1.0,1.0,0.0,NRG,13,FUR,8,1,0.565,0.397,0.963
Ascent,Marved,NRG,Omen,0.72,118.0,8,14,14,-6,81.0,74.0,14.0,0.0,1.0,-1.0,NRG,13,FUR,8,1,0.36,0.374,0.734
Ascent,Khalil,FUR,Killjoy,1.07,166.0,14,14,0,0,76.0,119.0,25.0,0.0,1.0,-1.0,NRG,13,FUR,8,0,0.569,0.336,0.905
Ascent,kon4n,FUR,Sova,1.07,186.0,12,13,5,-1,76.0,119.0,12.0,1.0,0.0,1.0,NRG,13,FUR,8,0,0.533,0.385,0.918
Ascent,mwzera,FUR,Jett,0.97,171.0,13,14,3,-1,76.0,101.0,18.0,5.0,4.0,1.0,NRG,13,FUR,8,0,0.549,0.334,0.883
Ascent,liazzi,FUR,Omen,0.73,130.0,8,14,12,-6,81.0,81.0,43.0,1.0,2.0,-1.0,NRG,13,FUR,8,0,0.41,0.366,0.776
Ascent,havoc,FUR,Kayo,0.64,185.0,12,17,9,-5,57.0,121.0,27.0,2.0,5.0,-3.0,NRG,13,FUR,8,0,0.467,0.304,0.771
Bind,wippie,C9,Viper,1.56,253.0,23,11,4,12,88.0,151.0,25.0,2.0,1.0,1.0,C9,13,MIBR,11,1,0.796,0.427,1.223
Bind,jakee,C9,Brimstone,1.34,236.0,20,14,11,6,71.0,150.0,27.0,1.0,1.0,0.0,C9,13,MIBR,11,1,0.757,0.432,1.189
Bind,OXY,C9,Yoru,1.17,261.0,21,18,5,3,63.0,173.0,40.0,6.0,2.0,4.0,C9,13,MIBR,11,1,0.786,0.368,1.154
Bind,Xeppaa,C9,Raze,0.99,223.0,20,17,4,3,79.0,134.0,25.0,6.0,3.0,3.0,C9,13,MIBR,11,1,0.7,0.365,1.065
Bind,vanity,C9,Skye,0.9,125.0,9,13,15,-4,83.0,84.0,23.0,0.0,2.0,-2.0,C9,13,MIBR,11,1,0.423,0.379,0.802
Bind,RgLMeister,MIBR,Brimstone,1.18,200.0,17,14,13,3,83.0,135.0,23.0,2.0,1.0,1.0,C9,13,MIBR,11,0,0.678,0.444,1.122
Bind,frz,MIBR,Viper,0.83,176.0,16,18,1,-2,58.0,106.0,29.0,1.0,0.0,1.0,C9,13,MIBR,11,0,0.524,0.307,0.831
Bind,artzin,MIBR,Jett,0.78,192.0,16,19,4,-3,67.0,131.0,23.0,3.0,2.0,1.0,C9,13,MIBR,11,0,0.55,0.31,0.859
Bind,mazin,MIBR,Skye,0.74,158.0,13,20,13,-7,75.0,104.0,36.0,0.0,1.0,-1.0,C9,13,MIBR,11,0,0.454,0.367,0.821
Bind,jzz,MIBR,Raze,0.44,162.0,11,22,6,-11,58.0,123.0,29.0,3.0,11.0,-8.0,C9,13,MIBR,11,0,0.455,0.256,0.711
Split,Xeppaa,C9,Skye,1.05,199.0,14,15,6,-1,76.0,128.0,39.0,0.0,3.0,-3.0,C9,8,MIBR,13,0,0.591,0.345,0.936
Split,OXY,C9,Raze,1.05,265.0,20,18,2,2,62.0,166.0,35.0,5.0,6.0,-1.0,C9,8,MIBR,13,0,0.745,0.301,1.047
Split,vanity,C9,Viper,1.0,200.0,15,16,2,-1,57.0,119.0,21.0,0.0,5.0,-5.0,C9,8,MIBR,13,0,0.562,0.275,0.837
Split,wippie,C9,Killjoy,0.86,163.0,10,13,6,-3,71.0,109.0,16.0,1.0,1.0,0.0,C9,8,MIBR,13,0,0.462,0.348,0.809
Split,jakee,C9,Astra,0.76,147.0,9,15,8,-6,76.0,103.0,16.0,0.0,0.0,0.0,C9,8,MIBR,13,0,0.405,0.377,0.782
Split,jzz,MIBR,Raze,1.28,264.0,21,14,5,7,90.0,185.0,31.0,4.0,1.0,3.0,C9,8,MIBR,13,1,0.826,0.434,1.261
Split,RgLMeister,MIBR,Astra,1.14,185.0,15,12,7,3,76.0,114.0,23.0,0.0,0.0,0.0,C9,8,MIBR,13,1,0.629,0.406,1.035
Split,mazin,MIBR,Skye,1.04,173.0,14,13,3,1,67.0,118.0,40.0,1.0,0.0,1.0,C9,8,MIBR,13,1,0.602,0.344,0.946
Split,artzin,MIBR,Jett,0.83,196.0,14,16,3,-2,81.0,121.0,14.0,8.0,2.0,6.0,C9,8,MIBR,13,1,0.542,0.34,0.882
Split,frz,MIBR,Viper,0.8,157.0,13,13,2,0,62.0,106.0,35.0,2.0,3.0,-1.0,C9,8,MIBR,13,1,0.55,0.275,0.825
Lotus,vanity,C9,Gekko,1.33,197.0,18,12,6,6,78.0,133.0,28.0,1.0,3.0,-2.0,C9,13,MIBR,10,1,0.718,0.383,1.101
Lotus,Xeppaa,C9,Fade,1.08,215.0,18,18,10,0,96.0,131.0,21.0,2.0,2.0,0.0,C9,13,MIBR,10,1,0.629,0.437,1.066
Lotus,OXY,C9,Raze,1.07,301.0,24,20,2,4,74.0,197.0,35.0,6.0,5.0,1.0,C9,13,MIBR,10,1,0.81,0.341,1.151
Lotus,wippie,C9,Killjoy,1.01,156.0,11,13,7,-2,87.0,123.0,16.0,2.0,1.0,1.0,C9,13,MIBR,10,1,0.518,0.41,0.928
Lotus,jakee,C9,Omen,0.77,122.0,8,15,14,-7,83.0,80.0,14.0,0.0,1.0,-1.0,C9,13,MIBR,10,1,0.371,0.383,0.754
Lotus,jzz,MIBR,Skye,1.14,222.0,18,17,6,1,83.0,138.0,27.0,4.0,0.0,4.0,C9,13,MIBR,10,0,0.682,0.428,1.11
Lotus,RgLMeister,MIBR,Omen,1.05,181.0,14,13,10,1,91.0,119.0,41.0,0.0,3.0,-3.0,C9,13,MIBR,10,0,0.608,0.404,1.012
Lotus,artzin,MIBR,Raze,1.01,220.0,17,16,2,1,78.0,147.0,19.0,1.0,3.0,-2.0,C9,13,MIBR,10,0,0.627,0.315,0.942
Lotus,mazin,MIBR,Viper,1.0,202.0,16,16,11,0,70.0,132.0,16.0,4.0,2.0,2.0,C9,13,MIBR,10,0,0.613,0.402,1.015
Lotus,frz,MIBR,Killjoy,0.8,161.0,13,17,9,-4,70.0,115.0,11.0,3.0,3.0,0.0,C9,13,MIBR,10,0,0.478,0.364,0.841
Split,mwzera,FUR,Jett,1.42,305.0,24,17,2,7,77.0,197.0,31.0,5.0,3.0,2.0,FUR,9,MIBR,13,0,0.857,0.392,1.249
Split,havoc,FUR,Raze,0.95,221.0,16,15,5,1,68.0,127.0,18.0,5.0,4.0,1.0,FUR,9,MIBR,13,0,0.632,0.34,0.972
Split,Khalil,FUR,Viper,0.9,163.0,11,15,7,-4,64.0,102.0,14.0,0.0,1.0,-1.0,FUR,9,MIBR,13,0,0.447,0.343,0.79
Split,kon4n,FUR,Skye,0.81,146.0,11,16,10,-5,73.0,110.0,21.0,1.0,0.0,1.0,FUR,9,MIBR,13,0,0.431,0.397,0.828
Split,liazzi,FUR,Astra,0.63,91.0,6,13,5,-7,68.0,63.0,32.0,1.0,2.0,-1.0,FUR,9,MIBR,13,0,0.355,0.289,0.644
Split,frz,MIBR,Viper,1.49,277.0,22,11,7,11,64.0,185.0,20.0,1.0,5.0,-4.0,FUR,9,MIBR,13,1,0.808,0.381,1.189
Split,jzz,MIBR,Raze,0.98,237.0,18,17,3,1,64.0,153.0,22.0,4.0,3.0,1.0,FUR,9,MIBR,13,1,0.675,0.315,0.989
Split,artzin,MIBR,Jett,0.95,193.0,15,16,3,-1,91.0,126.0,38.0,4.0,3.0,1.0,FUR,9,MIBR,13,1,0.609,0.356,0.966
Split,mazin,MIBR,Skye,0.92,126.0,10,11,8,-1,73.0,89.0,31.0,1.0,0.0,1.0,FUR,9,MIBR,13,1,0.489,0.398,0.886
Split,RgLMeister,MIBR,Astra,0.89,143.0,11,13,9,-2,77.0,103.0,36.0,0.0,1.0,-1.0,FUR,9,MIBR,13,1,0.498,0.386,0.884
Breeze,havoc,FUR,Kayo,1.11,235.0,20,17,7,3,58.0,161.0,43.0,5.0,5.0,0.0,FUR,11,MIBR,13,0,0.758,0.354,1.112
Breeze,liazzi,FUR,Viper,1.01,205.0,17,16,6,1,67.0,135.0,36.0,1.0,0.0,1.0,FUR,11,MIBR,13,0,0.634,0.375,1.009
Breeze,kon4n,FUR,Sova,0.99,174.0,14,15,8,-1,75.0,120.0,26.0,3.0,1.0,2.0,FUR,11,MIBR,13,0,0.581,0.408,0.989
Breeze,mwzera,FUR,Jett,0.95,183.0,14,15,5,-1,54.0,135.0,20.0,2.0,4.0,-2.0,FUR,11,MIBR,13,0,0.568,0.291,0.859
Breeze,Khalil,FUR,Cypher,0.89,160.0,14,18,4,-4,63.0,120.0,32.0,2.0,1.0,1.0,FUR,11,MIBR,13,0,0.512,0.324,0.835
Breeze,artzin,MIBR,Jett,1.23,278.0,22,17,5,5,67.0,170.0,20.0,7.0,4.0,3.0,FUR,11,MIBR,13,1,0.803,0.381,1.184
Breeze,RgLMeister,MIBR,Viper,1.22,194.0,17,13,3,4,71.0,136.0,33.0,1.0,2.0,-1.0,FUR,11,MIBR,13,1,0.693,0.335,1.028
Breeze,jzz,MIBR,Sova,1.04,189.0,18,15,2,3,67.0,133.0,36.0,2.0,2.0,0.0,FUR,11,MIBR,13,1,0.678,0.317,0.995
Breeze,frz,MIBR,Cypher,0.91,186.0,15,17,4,-2,63.0,126.0,37.0,1.0,3.0,-2.0,FUR,11,MIBR,13,1,0.556,0.291,0.846
Breeze,mazin,MIBR,Kayo,0.66,124.0,9,17,14,-8,63.0,85.0,37.0,0.0,2.0,-2.0,FUR,11,MIBR,13,1,0.4,0.32,0.72
Sunset,Demon1,NRG,Jett,1.72,316.0,24,11,2,13,85.0,216.0,33.0,4.0,2.0,2.0,NRG,13,C9,7,1,0.865,0.41,1.275
Sunset,Victor,NRG,Cypher,1.29,217.0,17,10,5,7,70.0,152.0,19.0,1.0,3.0,-2.0,NRG,13,C9,7,1,0.718,0.354,1.072
Sunset,Marved,NRG,Omen,1.12,229.0,16,15,10,1,80.0,143.0,27.0,3.0,1.0,2.0,NRG,13,C9,7,1,0.677,0.441,1.118
Sunset,Ethan,NRG,Skye,1.08,213.0,15,14,8,1,85.0,143.0,21.0,3.0,1.0,2.0,NRG,13,C9,7,1,0.652,0.434,1.086
Sunset,crashies,NRG,Viper,0.98,136.0,9,10,6,-1,70.0,96.0,27.0,1.0,1.0,0.0,NRG,13,C9,7,1,0.495,0.359,0.853
Sunset,wippie,C9,Viper,1.06,177.0,13,13,4,0,50.0,113.0,22.0,1.0,3.0,-2.0,NRG,13,C9,7,0,0.56,0.285,0.845
Sunset,Xeppaa,C9,Raze,0.89,233.0,14,17,5,-3,65.0,150.0,21.0,1.0,1.0,0.0,NRG,13,C9,7,0,0.552,0.33,0.881
Sunset,vanity,C9,Skye,0.66,174.0,11,17,6,-6,75.0,115.0,32.0,1.0,1.0,0.0,NRG,13,C9,7,0,0.447,0.333,0.78
Sunset,jakee,C9,Omen,0.66,157.0,11,17,3,-6,60.0,110.0,34.0,2.0,2.0,0.0,NRG,13,C9,7,0,0.453,0.265,0.718
Sunset,OXY,C9,Yoru,0.62,166.0,11,17,5,-6,60.0,95.0,63.0,3.0,5.0,-2.0,NRG,13,C9,7,0,0.483,0.266,0.749
Ascent,Victor,NRG,Killjoy,1.31,248.0,22,18,9,4,77.0,177.0,24.0,3.0,3.0,0.0,NRG,14,C9,12,1,0.792,0.43,1.222
Ascent,crashies,NRG,Sova,1.17,187.0,17,13,7,4,77.0,121.0,18.0,2.0,1.0,1.0,NRG,14,C9,12,1,0.669,0.41,1.08
Ascent,Demon1,NRG,Jett,0.98,183.0,19,20,2,-1,69.0,129.0,41.0,5.0,4.0,1.0,NRG,14,C9,12,1,0.631,0.323,0.954
Ascent,Marved,NRG,Omen,0.97,208.0,20,20,13,0,77.0,129.0,26.0,1.0,3.0,-2.0,NRG,14,C9,12,1,0.614,0.376,0.99
Ascent,Ethan,NRG,Kayo,0.7,184.0,14,22,15,-8,77.0,113.0,7.0,2.0,2.0,0.0,NRG,14,C9,12,1,0.442,0.365,0.807
Ascent,vanity,C9,Sova,1.39,259.0,23,16,10,7,96.0,183.0,21.0,2.0,0.0,2.0,NRG,14,C9,12,0,0.806,0.506,1.311
Ascent,OXY,C9,Jett,1.0,255.0,23,23,3,0,73.0,162.0,23.0,9.0,6.0,3.0,NRG,14,C9,12,0,0.692,0.345,1.036
Ascent,Xeppaa,C9,Kayo,0.98,192.0,17,18,19,-1,88.0,124.0,20.0,1.0,4.0,-3.0,NRG,14,C9,12,0,0.567,0.392,0.958
Ascent,wippie,C9,Killjoy,0.85,164.0,16,17,3,-1,73.0,109.0,30.0,0.0,0.0,0.0,NRG,14,C9,12,0,0.539,0.326,0.865
Ascent,jakee,C9,Omen,0.76,145.0,14,18,11,-4,65.0,100.0,26.0,1.0,3.0,-2.0,NRG,14,C9,12,0,0.455,0.334,0.789
Bind,vanity,C9,Skye,1.28,239.0,23,16,10,7,77.0,150.0,25.0,3.0,0.0,3.0,C9,12,MIBR,14,0,0.784,0.467,1.25
Bind,OXY,C9,Yoru,1.18,219.0,21,16,6,5,81.0,147.0,26.0,5.0,3.0,2.0,C9,12,MIBR,14,0,0.763,0.406,1.169
Bind,jakee,C9,Brimstone,0.98,162.0,16,17,9,-1,85.0,107.0,48.0,2.0,0.0,2.0,C9,12,MIBR,14,0,0.585,0.444,1.029
Bind,wippie,C9,Viper,0.93,177.0,15,16,7,-1,81.0,106.0,23.0,4.0,2.0,2.0,C9,12,MIBR,14,0,0.568,0.391,0.959
Bind,Xeppaa,C9,Raze,0.88,168.0,14,16,7,-2,77.0,118.0,12.0,1.0,6.0,-5.0,C9,12,MIBR,14,0,0.498,0.34,0.838
Bind,RgLMeister,MIBR,Brimstone,1.2,216.0,18,17,8,1,65.0,157.0,33.0,1.0,0.0,1.0,C9,12,MIBR,14,1,0.675,0.414,1.089
Bind,frz,MIBR,Viper,1.03,188.0,19,17,0,2,69.0,112.0,33.0,4.0,2.0,2.0,C9,12,MIBR,14,1,0.664,0.337,1.001
Bind,mazin,MIBR,Kayo,0.99,221.0,19,20,8,-1,65.0,136.0,37.0,5.0,3.0,2.0,C9,12,MIBR,14,1,0.651,0.382,1.033
Bind,jzz,MIBR,Skye,0.84,153.0,14,17,7,-3,85.0,100.0,37.0,1.0,1.0,0.0,C9,12,MIBR,14,1,0.496,0.38,0.876
Bind,artzin,MIBR,Raze,0.58,115.0,11,18,4,-7,50.0,77.0,11.0,0.0,9.0,-9.0,C9,12,MIBR,14,1,0.353,0.23,0.583
Ascent,jakee,C9,Omen,1.44,226.0,20,15,7,5,77.0,147.0,38.0,1.0,2.0,-1.0,C9,9,MIBR,13,0,0.774,0.413,1.186
Ascent,Xeppaa,C9,Kayo,1.36,248.0,19,17,20,2,77.0,160.0,27.0,2.0,0.0,2.0,C9,9,MIBR,13,0,0.737,0.471,1.207
Ascent,vanity,C9,Sova,0.77,196.0,13,19,6,-6,59.0,131.0,15.0,3.0,2.0,1.0,C9,9,MIBR,13,0,0.494,0.317,0.812
Ascent,wippie,C9,Killjoy,0.63,163.0,10,17,5,-7,59.0,127.0,17.0,1.0,3.0,-2.0,C9,9,MIBR,13,0,0.421,0.266,0.686
Ascent,OXY,C9,Jett,0.34,128.0,8,22,3,-14,50.0,84.0,32.0,4.0,4.0,0.0,C9,9,MIBR,13,0,0.403,0.231,0.633
Ascent,jzz,MIBR,Skye,1.4,290.0,24,15,8,9,91.0,174.0,27.0,7.0,2.0,5.0,C9,9,MIBR,13,1,0.839,0.473,1.312
Ascent,frz,MIBR,Cypher,1.35,224.0,17,11,6,6,82.0,160.0,38.0,2.0,2.0,0.0,C9,9,MIBR,13,1,0.773,0.409,1.182
Ascent,RgLMeister,MIBR,Omen,1.31,249.0,21,14,14,7,91.0,166.0,30.0,0.0,1.0,-1.0,C9,9,MIBR,13,1,0.779,0.454,1.232
Ascent,artzin,MIBR,Jett,0.99,216.0,17,16,6,1,73.0,137.0,23.0,2.0,2.0,0.0,C9,9,MIBR,13,1,0.637,0.356,0.993
Ascent,mazin,MIBR,Viper,0.8,155.0,11,14,10,-3,73.0,126.0,34.0,0.0,4.0,-4.0,C9,9,MIBR,13,1,0.492,0.347,0.84
Split,qck,LOUD,Raze,1.17,261.0,22,16,5,6,71.0,173.0,20.0,5.0,6.0,-1.0,LOUD,13,SEN,11,1,0.79,0.352,1.142
Split,cauanzin,LOUD,Breach,1.13,212.0,18,15,5,3,79.0,126.0,33.0,2.0,0.0,2.0,LOUD,13,SEN,11,1,0.691,0.405,1.096
Split,tuyz,LOUD,Omen,1.08,177.0,13,14,18,-1,71.0,110.0,35.0,0.0,1.0,-1.0,LOUD,13,SEN,11,1,0.562,0.396,0.958
Split,saadhak,LOUD,Skye,1.04,226.0,19,20,10,-1,71.0,139.0,19.0,1.0,4.0,-3.0,LOUD,13,SEN,11,1,0.607,0.37,0.976
Split,Less,LOUD,Viper,1.02,157.0,14,13,9,1,63.0,100.0,42.0,2.0,3.0,-1.0,LOUD,13,SEN,11,1,0.597,0.367,0.964
Split,zekken,SEN,Raze,1.23,257.0,22,17,4,5,79.0,163.0,16.0,7.0,4.0,3.0,LOUD,13,SEN,11,0,0.782,0.39,1.172
Split,TenZ,SEN,Omen,1.17,234.0,19,16,6,3,67.0,151.0,40.0,3.0,0.0,3.0,LOUD,13,SEN,11,0,0.749,0.405,1.154
Split,johnqt,SEN,Cypher,0.97,170.0,15,14,3,1,71.0,107.0,17.0,2.0,3.0,-1.0,LOUD,13,SEN,11,0,0.575,0.308,0.883
Split,Zellsis,SEN,Viper,0.75,204.0,15,19,10,-4,79.0,125.0,28.0,1.0,1.0,0.0,LOUD,13,SEN,11,0,0.506,0.383,0.889
Split,Sacy,SEN,Skye,0.51,105.0,7,20,8,-13,63.0,69.0,23.0,1.0,2.0,-1.0,LOUD,13,SEN,11,0,0.338,0.302,0.639
Ascent,cauanzin,LOUD,Breach,1.32,212.0,18,13,10,5,82.0,128.0,33.0,3.0,3.0,0.0,LOUD,13,SEN,9,1,0.757,0.439,1.196
Ascent,qck,LOUD,Phoenix,1.13,207.0,17,13,6,4,73.0,129.0,23.0,4.0,1.0,3.0,LOUD,13,SEN,9,1,0.703,0.401,1.104
Ascent,Less,LOUD,Viper,1.09,208.0,15,16,11,-1,82.0,151.0,28.0,3.0,1.0,2.0,LOUD,13,SEN,9,1,0.636,0.441,1.077
Ascent,saadhak,LOUD,Kayo,0.94,170.0,11,14,12,-3,77.0,111.0,22.0,2.0,3.0,-1.0,LOUD,13,SEN,9,1,0.504,0.382,0.886
Ascent,tuyz,LOUD,Omen,0.66,89.0,7,14,11,-7,77.0,57.0,25.0,0.0,2.0,-2.0,LOUD,13,SEN,9,1,0.349,0.344,0.692
Ascent,Sacy,SEN,Sova,1.55,331.0,24,14,9,10,82.0,224.0,26.0,3.0,2.0,1.0,LOUD,13,SEN,9,0,0.856,0.464,1.32
Ascent,johnqt,SEN,Killjoy,1.08,202.0,14,13,8,1,73.0,144.0,24.0,1.0,0.0,1.0,LOUD,13,SEN,9,0,0.617,0.415,1.032
Ascent,zekken,SEN,Jett,0.87,190.0,14,16,4,-2,59.0,118.0,23.0,4.0,4.0,0.0,LOUD,13,SEN,9,0,0.556,0.297,0.853
Ascent,TenZ,SEN,Omen,0.8,109.0,7,12,15,-5,73.0,78.0,27.0,1.0,2.0,-1.0,LOUD,13,SEN,9,0,0.382,0.36,0.742
Ascent,Zellsis,SEN,Kayo,0.75,139.0,11,13,12,-2,82.0,86.0,21.0,1.0,4.0,-3.0,LOUD,13,SEN,9,0,0.451,0.357,0.808
Bind,aspas,LEV,Raze,1.84,374.0,31,15,3,16,86.0,235.0,23.0,10.0,1.0,9.0,LEV,13,100T,9,1,0.852,0.425,1.277
Bind,C0M,LEV,Skye,1.25,202.0,17,12,11,5,77.0,111.0,13.0,4.0,0.0,4.0,LEV,13,100T,9,1,0.7,0.463,1.163
Bind,Mazino,LEV,Harbor,1.24,233.0,17,12,13,5,73.0,151.0,15.0,2.0,1.0,1.0,LEV,13,100T,9,1,0.728,0.433,1.162
Bind,tex,LEV,Gekko,0.92,124.0,9,10,8,-1,77.0,99.0,37.0,0.0,3.0,-3.0,LEV,13,100T,9,1,0.497,0.356,0.852
Bind,kiNgg,LEV,Viper,0.74,145.0,10,15,10,-5,68.0,89.0,25.0,0.0,1.0,-1.0,LEV,13,100T,9,1,0.411,0.355,0.766
Bind,Boostio,100T,Gekko,1.22,274.0,22,18,3,4,77.0,180.0,35.0,4.0,2.0,2.0,LEV,13,100T,9,0,0.811,0.37,1.182
Bind,Cryocells,100T,Brimstone,0.9,204.0,15,16,5,-1,77.0,126.0,26.0,1.0,6.0,-5.0,LEV,13,100T,9,0,0.565,0.32,0.885
Bind,eeiu,100T,Fade,0.74,151.0,11,16,7,-5,68.0,108.0,28.0,0.0,1.0,-1.0,LEV,13,100T,9,0,0.435,0.332,0.767
Bind,Asuna,100T,Raze,0.62,147.0,10,19,7,-9,73.0,94.0,19.0,1.0,4.0,-3.0,LEV,13,100T,9,0,0.394,0.306,0.7
Bind,bang,100T,Viper,0.56,95.0,6,15,4,-9,55.0,70.0,29.0,0.0,3.0,-3.0,LEV,13,100T,9,0,0.348,0.236,0.584
Split,aspas,LEV,Raze,0.83,203.0,10,15,4,-5,69.0,150.0,28.0,2.0,7.0,-5.0,LEV,3,100T,13,0,0.507,0.288,0.795
Split,kiNgg,LEV,Breach,0.79,185.0,11,15,4,-4,63.0,119.0,29.0,0.0,1.0,-1.0,LEV,3,100T,13,0,0.48,0.296,0.776
Split,Mazino,LEV,Omen,0.62,139.0,7,14,5,-7,63.0,98.0,25.0,0.0,3.0,-3.0,LEV,3,100T,13,0,0.387,0.267,0.654
Split,tex,LEV,Cypher,0.5,120.0,6,16,5,-10,69.0,82.0,28.0,0.0,1.0,-1.0,LEV,3,100T,13,0,0.359,0.286,0.645
Split,C0M,LEV,Sova,0.49,146.0,6,15,5,-9,50.0,105.0,25.0,1.0,1.0,0.0,LEV,3,100T,13,0,0.382,0.262,0.644
Split,eeiu,100T,Fade,1.64,259.0,17,6,5,11,94.0,158.0,15.0,1.0,0.0,1.0,LEV,3,100T,13,1,0.755,0.458,1.212
Split,Cryocells,100T,Astra,1.51,232.0,15,7,1,8,88.0,180.0,36.0,3.0,1.0,2.0,LEV,3,100T,13,1,0.806,0.425,1.231
Split,Asuna,100T,Raze,1.36,286.0,18,10,4,8,100.0,180.0,24.0,3.0,1.0,2.0,LEV,3,100T,13,1,0.819,0.444,1.263
Split,Boostio,100T,Gekko,1.2,194.0,10,8,7,2,94.0,150.0,19.0,2.0,0.0,2.0,LEV,3,100T,13,1,0.634,0.46,1.094
Split,bang,100T,Viper,1.13,239.0,15,10,4,5,88.0,150.0,38.0,4.0,1.0,3.0,LEV,3,100T,13,1,0.756,0.404,1.16
Icebox,C0M,LEV,Sova,1.62,278.0,24,13,7,11,83.0,174.0,29.0,4.0,1.0,3.0,LEV,13,100T,11,1,0.844,0.465,1.309
Icebox,aspas,LEV,Reyna,1.52,302.0,25,14,9,11,75.0,195.0,32.0,4.0,1.0,3.0,LEV,13,100T,11,1,0.864,0.474,1.338
Icebox,tex,LEV,Killjoy,0.85,163.0,15,16,2,-1,63.0,114.0,38.0,3.0,3.0,0.0,LEV,13,100T,11,1,0.576,0.29,0.867
Icebox,Mazino,LEV,Harbor,0.81,200.0,16,20,12,-4,63.0,121.0,24.0,1.0,3.0,-2.0,LEV,13,100T,11,1,0.507,0.336,0.843
Icebox,kiNgg,LEV,Viper,0.79,164.0,14,18,12,-4,75.0,111.0,31.0,1.0,3.0,-2.0,LEV,13,100T,11,1,0.481,0.354,0.835
Icebox,Cryocells,100T,Jett,1.11,250.0,21,19,2,2,58.0,161.0,17.0,5.0,3.0,2.0,LEV,13,100T,11,0,0.721,0.327,1.048
Icebox,Boostio,100T,Killjoy,1.0,246.0,20,19,7,1,54.0,164.0,23.0,3.0,9.0,-6.0,LEV,13,100T,11,0,0.699,0.315,1.014
Icebox,bang,100T,Viper,0.95,217.0,19,18,4,1,75.0,132.0,33.0,1.0,0.0,1.0,LEV,13,100T,11,0,0.637,0.359,0.997
Icebox,eeiu,100T,Sova,0.65,151.0,12,20,4,-8,63.0,98.0,21.0,1.0,1.0,0.0,LEV,13,100T,11,0,0.414,0.29,0.703
Icebox,Asuna,100T,Gekko,0.61,114.0,9,18,2,-9,58.0,66.0,14.0,1.0,0.0,1.0,LEV,13,100T,11,0,0.345,0.284,0.629
Bind,saadhak,LOUD,Kayo,1.1,247.0,19,18,10,1,88.0,159.0,12.0,1.0,4.0,-3.0,LOUD,11,LEV,13,0,0.654,0.404,1.058
Bind,Less,LOUD,Viper,1.06,169.0,14,14,4,0,71.0,118.0,21.0,1.0,3.0,-2.0,LOUD,11,LEV,13,0,0.563,0.32,0.883
Bind,tuyz,LOUD,Brimstone,1.06,173.0,14,15,13,-1,75.0,125.0,41.0,2.0,0.0,2.0,LOUD,11,LEV,13,0,0.594,0.436,1.03
Bind,cauanzin,LOUD,Breach,0.99,186.0,16,17,8,-1,71.0,127.0,39.0,2.0,2.0,0.0,LOUD,11,LEV,13,0,0.602,0.375,0.976
Bind,qck,LOUD,Phoenix,0.76,188.0,16,21,4,-5,67.0,118.0,19.0,4.0,5.0,-1.0,LOUD,11,LEV,13,0,0.501,0.29,0.792
Bind,kiNgg,LEV,Viper,1.43,248.0,21,13,10,8,83.0,183.0,39.0,1.0,1.0,0.0,LOUD,11,LEV,13,1,0.813,0.462,1.274
Bind,Mazino,LEV,Harbor,1.3,197.0,18,12,8,6,79.0,141.0,38.0,2.0,2.0,0.0,LOUD,11,LEV,13,1,0.747,0.421,1.168
Bind,tex,LEV,Gekko,1.14,242.0,19,18,12,1,79.0,157.0,23.0,7.0,2.0,5.0,LOUD,11,LEV,13,1,0.703,0.437,1.139
Bind,C0M,LEV,Skye,0.82,163.0,13,17,10,-4,63.0,106.0,23.0,1.0,2.0,-1.0,LOUD,11,LEV,13,1,0.465,0.346,0.811
Bind,aspas,LEV,Raze,0.69,181.0,14,19,3,-5,71.0,129.0,17.0,3.0,3.0,0.0,LOUD,11,LEV,13,1,0.485,0.287,0.772
Split,Less,LOUD,Viper,1.88,284.0,23,10,8,13,83.0,181.0,39.0,2.0,1.0,1.0,LOUD,13,LEV,10,1,0.848,0.463,1.311
Split,tuyz,LOUD,Omen,1.14,213.0,18,13,7,5,83.0,136.0,41.0,3.0,1.0,2.0,LOUD,13,LEV,10,1,0.753,0.426,1.178
Split,cauanzin,LOUD,Breach,1.08,208.0,16,14,12,2,78.0,121.0,31.0,4.0,0.0,4.0,LOUD,13,LEV,10,1,0.668,0.447,1.115
Split,qck,LOUD,Raze,0.82,190.0,16,16,2,0,65.0,121.0,24.0,4.0,1.0,3.0,LOUD,13,LEV,10,1,0.593,0.321,0.914
Split,saadhak,LOUD,Skye,0.75,159.0,12,16,4,-4,65.0,103.0,20.0,3.0,3.0,0.0,LOUD,13,LEV,10,1,0.475,0.294,0.769
Split,kiNgg,LEV,Viper,1.16,255.0,22,16,3,6,78.0,161.0,25.0,2.0,2.0,0.0,LOUD,13,LEV,10,0,0.771,0.348,1.119
Split,aspas,LEV,Jett,0.85,148.0,12,15,4,-3,57.0,113.0,31.0,1.0,3.0,-2.0,LOUD,13,LEV,10,0,0.487,0.274,0.761
Split,C0M,LEV,Skye,0.79,185.0,14,17,9,-3,70.0,105.0,10.0,1.0,4.0,-3.0,LOUD,13,LEV,10,0,0.469,0.341,0.81
Split,tex,LEV,Raze,0.61,163.0,13,19,5,-6,70.0,109.0,31.0,2.0,5.0,-3.0,LOUD,13,LEV,10,0,0.455,0.278,0.733
Split,Mazino,LEV,Astra,0.41,118.0,8,18,5,-10,70.0,77.0,28.0,1.0,3.0,-2.0,LOUD,13,LEV,10,0,0.358,0.269,0.628
Ascent,Less,LOUD,Viper,1.79,310.0,24,9,4,15,100.0,204.0,28.0,5.0,0.0,5.0,LOUD,13,LEV,7,1,0.859,0.469,1.328
Ascent,tuyz,LOUD,Omen,1.29,197.0,13,10,12,3,75.0,145.0,29.0,1.0,0.0,1.0,LOUD,13,LEV,7,1,0.67,0.451,1.121
Ascent,qck,LOUD,Phoenix,1.09,234.0,17,13,4,4,65.0,159.0,41.0,3.0,2.0,1.0,LOUD,13,LEV,7,1,0.753,0.339,1.092
Ascent,cauanzin,LOUD,Breach,0.77,152.0,11,14,4,-3,80.0,102.0,30.0,4.0,0.0,4.0,LOUD,13,LEV,7,1,0.497,0.362,0.859
Ascent,saadhak,LOUD,Kayo,0.75,170.0,11,14,13,-3,75.0,105.0,11.0,3.0,2.0,1.0,LOUD,13,LEV,7,1,0.476,0.376,0.851
Ascent,C0M,LEV,Sova,1.23,253.0,14,14,8,0,85.0,178.0,22.0,2.0,1.0,1.0,LOUD,13,LEV,7,0,0.677,0.441,1.118
Ascent,aspas,LEV,Jett,1.19,214.0,16,12,1,4,70.0,130.0,50.0,0.0,2.0,-2.0,LOUD,13,LEV,7,0,0.71,0.321,1.031
Ascent,kiNgg,LEV,Kayo,0.76,191.0,13,16,3,-3,55.0,131.0,38.0,0.0,2.0,-2.0,LOUD,13,LEV,7,0,0.522,0.25,0.773
Ascent,Mazino,LEV,Omen,0.6,127.0,9,15,5,-6,65.0,97.0,32.0,0.0,5.0,-5.0,LOUD,13,LEV,7,0,0.397,0.268,0.665
Ascent,tex,LEV,Killjoy,0.47,134.0,8,19,3,-11,55.0,96.0,19.0,2.0,6.0,-4.0,LOUD,13,LEV,7,0,0.381,0.217,0.598
Lotus,zekken,SEN,Raze,1.58,308.0,21,12,6,9,78.0,204.0,19.0,5.0,2.0,3.0,SEN,13,100T,5,1,0.846,0.436,1.282
Lotus,TenZ,SEN,Omen,1.39,207.0,14,8,11,6,83.0,133.0,38.0,2.0,1.0,1.0,SEN,13,100T,5,1,0.738,0.466,1.204
Lotus,johnqt,SEN,Viper,1.33,211.0,15,9,5,6,78.0,125.0,29.0,1.0,2.0,-1.0,SEN,13,100T,5,1,0.707,0.38,1.087
Lotus,Zellsis,SEN,Killjoy,1.28,208.0,13,10,4,3,83.0,152.0,17.0,2.0,1.0,1.0,SEN,13,100T,5,1,0.676,0.399,1.075
Lotus,Sacy,SEN,Fade,1.25,190.0,11,9,14,2,89.0,141.0,14.0,0.0,2.0,-2.0,SEN,13,100T,5,1,0.613,0.426,1.039
Lotus,Cryocells,100T,Chamber,1.02,221.0,16,14,0,2,72.0,138.0,32.0,3.0,2.0,1.0,SEN,13,100T,5,0,0.681,0.332,1.013
Lotus,bang,100T,Viper,0.82,190.0,10,14,4,-4,50.0,144.0,30.0,3.0,2.0,1.0,SEN,13,100T,5,0,0.529,0.285,0.814
Lotus,Asuna,100T,Raze,0.64,179.0,9,16,6,-7,61.0,128.0,20.0,1.0,3.0,-2.0,SEN,13,100T,5,0,0.43,0.281,0.712
Lotus,eeiu,100T,Fade,0.59,97.0,7,13,3,-6,56.0,56.0,17.0,0.0,2.0,-2.0,SEN,13,100T,5,0,0.329,0.234,0.563
Lotus,Boostio,100T,Omen,0.34,115.0,6,17,5,-11,56.0,96.0,26.0,1.0,1.0,0.0,SEN,13,100T,5,0,0.362,0.272,0.634
Bind,TenZ,SEN,Yoru,1.07,240.0,15,14,5,1,63.0,174.0,30.0,3.0,3.0,0.0,SEN,6,100T,13,0,0.697,0.336,1.033
Bind,johnqt,SEN,Viper,0.95,197.0,11,13,7,-2,68.0,134.0,35.0,2.0,1.0,1.0,SEN,6,100T,13,0,0.565,0.372,0.937
Bind,Zellsis,SEN,Brimstone,0.9,187.0,12,15,10,-3,79.0,117.0,29.0,0.0,2.0,-2.0,SEN,6,100T,13,0,0.511,0.372,0.883
Bind,Sacy,SEN,Skye,0.89,168.0,12,14,9,-2,74.0,101.0,28.0,1.0,3.0,-2.0,SEN,6,100T,13,0,0.504,0.363,0.867
Bind,zekken,SEN,Raze,0.79,194.0,12,16,3,-4,53.0,125.0,29.0,1.0,3.0,-2.0,SEN,6,100T,13,0,0.493,0.25,0.743
Bind,Boostio,100T,Gekko,1.27,209.0,15,12,4,3,84.0,133.0,36.0,4.0,2.0,2.0,SEN,6,100T,13,1,0.713,0.399,1.112
Bind,bang,100T,Viper,1.16,204.0,13,11,9,2,89.0,133.0,21.0,1.0,0.0,1.0,SEN,6,100T,13,1,0.626,0.461,1.087
Bind,Asuna,100T,Raze,1.1,261.0,17,14,4,3,74.0,165.0,16.0,7.0,4.0,3.0,SEN,6,100T,13,1,0.723,0.368,1.091
Bind,eeiu,100T,Fade,1.07,193.0,14,13,10,1,89.0,137.0,33.0,0.0,0.0,0.0,SEN,6,100T,13,1,0.619,0.443,1.062
Bind,Cryocells,100T,Brimstone,1.0,158.0,13,12,8,1,79.0,119.0,29.0,0.0,1.0,-1.0,SEN,6,100T,13,1,0.573,0.39,0.963
Split,Sacy,SEN,Skye,1.38,225.0,18,11,10,7,81.0,156.0,30.0,2.0,0.0,2.0,SEN,13,100T,8,1,0.769,0.48,1.249
Split,johnqt,SEN,Cypher,1.27,245.0,18,13,6,5,81.0,163.0,32.0,2.0,1.0,1.0,SEN,13,100T,8,1,0.774,0.416,1.191
Split,zekken,SEN,Raze,1.26,255.0,18,14,4,4,81.0,176.0,23.0,6.0,3.0,3.0,SEN,13,100T,8,1,0.775,0.397,1.171
Split,Zellsis,SEN,Viper,1.09,171.0,14,11,4,3,76.0,130.0,30.0,2.0,2.0,0.0,SEN,13,100T,8,1,0.647,0.349,0.996
Split,TenZ,SEN,Omen,1.0,199.0,14,14,10,0,71.0,134.0,23.0,3.0,0.0,3.0,SEN,13,100T,8,1,0.614,0.427,1.041
Split,eeiu,100T,Fade,0.96,169.0,13,15,6,-2,62.0,117.0,37.0,1.0,1.0,0.0,SEN,13,100T,8,0,0.538,0.343,0.881
Split,bang,100T,Viper,0.93,210.0,15,17,6,-2,71.0,127.0,29.0,2.0,5.0,-3.0,SEN,13,100T,8,0,0.575,0.324,0.9
Split,Cryocells,100T,Astra,0.77,173.0,14,15,4,-1,52.0,106.0,19.0,1.0,1.0,0.0,SEN,13,100T,8,0,0.508,0.284,0.792
Split,Boostio,100T,Gekko,0.75,173.0,12,17,4,-5,71.0,113.0,34.0,2.0,2.0,0.0,SEN,13,100T,8,0,0.477,0.304,0.781
Split,Asuna,100T,Raze,0.68,150.0,9,18,9,-9,67.0,98.0,9.0,0.0,6.0,-6.0,SEN,13,100T,8,0,0.381,0.325,0.705
Split,kiNgg,LEV,Viper,1.3,286.0,16,13,1,3,69.0,186.0,40.0,0.0,1.0,-1.0,LEV,3,SEN,13,0,0.767,0.349,1.116
Split,aspas,LEV,Jett,1.21,247.0,15,13,1,2,75.0,158.0,46.0,1.0,2.0,-1.0,LEV,3,SEN,13,0,0.707,0.34,1.048
Split,C0M,LEV,Skye,0.58,148.0,6,15,17,-9,75.0,93.0,28.0,1.0,2.0,-1.0,LEV,3,SEN,13,0,0.388,0.34,0.729
Split,tex,LEV,Raze,0.44,155.0,7,16,5,-9,69.0,107.0,12.0,2.0,5.0,-3.0,LEV,3,SEN,13,0,0.381,0.263,0.644
Split,Mazino,LEV,Astra,0.37,104.0,5,14,5,-9,63.0,68.0,13.0,1.0,1.0,0.0,LEV,3,SEN,13,0,0.318,0.284,0.602
Split,zekken,SEN,Raze,1.93,339.0,19,8,8,11,94.0,228.0,17.0,2.0,0.0,2.0,LEV,3,SEN,13,1,0.818,0.5,1.318
Split,Zellsis,SEN,Viper,1.5,265.0,15,9,10,6,81.0,185.0,12.0,3.0,3.0,0.0,LEV,3,SEN,13,1,0.791,0.453,1.244
Split,johnqt,SEN,Cypher,1.36,254.0,15,10,6,5,100.0,158.0,30.0,3.0,0.0,3.0,LEV,3,SEN,13,1,0.784,0.48,1.264
Split,TenZ,SEN,Omen,0.9,172.0,11,11,7,0,69.0,99.0,15.0,2.0,1.0,1.0,LEV,3,SEN,13,1,0.527,0.368,0.895
Split,Sacy,SEN,Skye,0.81,168.0,10,11,10,-1,75.0,105.0,15.0,1.0,1.0,0.0,LEV,3,SEN,13,1,0.484,0.383,0.867
Breeze,kiNgg,LEV,Viper,1.42,224.0,17,8,7,9,79.0,138.0,29.0,1.0,1.0,0.0,LEV,13,SEN,6,1,0.74,0.432,1.172
Breeze,aspas,LEV,Jett,1.42,285.0,19,12,5,7,79.0,189.0,24.0,5.0,2.0,3.0,LEV,13,SEN,6,1,0.836,0.422,1.257
Breeze,Mazino,LEV,Kayo,1.19,204.0,14,11,8,3,79.0,148.0,36.0,2.0,3.0,-1.0,LEV,13,SEN,6,1,0.693,0.401,1.093
Breeze,tex,LEV,Cypher,1.07,242.0,17,14,3,3,79.0,168.0,28.0,2.0,0.0,2.0,LEV,13,SEN,6,1,0.715,0.376,1.092
Breeze,C0M,LEV,Sova,0.77,114.0,6,10,10,-4,68.0,85.0,14.0,0.0,3.0,-3.0,LEV,13,SEN,6,1,0.381,0.336,0.716
Breeze,zekken,SEN,Jett,0.87,215.0,15,15,2,0,68.0,120.0,38.0,5.0,5.0,0.0,LEV,13,SEN,6,0,0.623,0.301,0.924
Breeze,Sacy,SEN,Sova,0.87,190.0,12,12,3,0,68.0,123.0,45.0,2.0,0.0,2.0,LEV,13,SEN,6,0,0.591,0.337,0.928
Breeze,johnqt,SEN,Cypher,0.68,163.0,10,14,5,-4,74.0,116.0,20.0,1.0,3.0,-2.0,LEV,13,SEN,6,0,0.439,0.296,0.735
Breeze,TenZ,SEN,Kayo,0.66,154.0,9,16,7,-7,68.0,95.0,19.0,0.0,2.0,-2.0,LEV,13,SEN,6,0,0.397,0.306,0.703
Breeze,Zellsis,SEN,Viper,0.62,136.0,9,16,5,-7,74.0,93.0,19.0,1.0,0.0,1.0,LEV,13,SEN,6,0,0.383,0.334,0.717
Bind,aspas,LEV,Raze,1.27,225.0,16,13,7,3,73.0,162.0,22.0,1.0,4.0,-3.0,LEV,9,SEN,13,0,0.697,0.375,1.072
Bind,kiNgg,LEV,Viper,0.94,169.0,12,15,5,-3,77.0,113.0,21.0,1.0,1.0,0.0,LEV,9,SEN,13,0,0.493,0.355,0.848
Bind,C0M,LEV,Skye,0.89,199.0,17,18,7,-1,64.0,117.0,29.0,1.0,5.0,-4.0,LEV,9,SEN,13,0,0.568,0.32,0.888
Bind,Mazino,LEV,Harbor,0.6,150.0,11,19,4,-8,50.0,98.0,21.0,2.0,2.0,0.0,LEV,9,SEN,13,0,0.418,0.253,0.672
Bind,tex,LEV,Gekko,0.57,160.0,13,19,4,-6,73.0,99.0,31.0,2.0,3.0,-1.0,LEV,9,SEN,13,0,0.443,0.28,0.723
Bind,Sacy,SEN,Skye,1.42,229.0,19,11,10,8,82.0,160.0,30.0,3.0,1.0,2.0,LEV,9,SEN,13,1,0.798,0.476,1.274
Bind,zekken,SEN,Raze,1.35,298.0,23,16,3,7,77.0,202.0,15.0,5.0,2.0,3.0,LEV,9,SEN,13,1,0.826,0.388,1.215
Bind,Zellsis,SEN,Brimstone,1.12,191.0,15,15,13,0,77.0,113.0,10.0,2.0,1.0,1.0,LEV,9,SEN,13,1,0.577,0.427,1.004
Bind,johnqt,SEN,Viper,1.03,155.0,13,11,6,2,86.0,99.0,32.0,2.0,1.0,1.0,LEV,9,SEN,13,1,0.596,0.399,0.995
Bind,TenZ,SEN,Yoru,0.97,206.0,14,16,10,-2,73.0,144.0,20.0,3.0,2.0,1.0,LEV,9,SEN,13,1,0.587,0.396,0.982
Icebox,Shyy,KRÜ,Killjoy,1.56,225.0,19,10,2,9,77.0,161.0,24.0,2.0,2.0,0.0,KRU,13,G2,9,0,0.779,0.38,1.158
Icebox,Klaus,KRÜ,Sova,1.21,198.0,16,14,6,2,77.0,143.0,24.0,4.0,0.0,4.0,KRU,13,G2,9,0,0.683,0.426,1.108
Icebox,keznit,KRÜ,Jett,1.02,234.0,18,15,4,3,59.0,152.0,30.0,3.0,5.0,-2.0,KRU,13,G2,9,0,0.718,0.296,1.014
Icebox,Melser,KRÜ,Viper,0.88,169.0,13,14,3,-1,77.0,122.0,38.0,0.0,2.0,-2.0,KRU,13,G2,9,0,0.549,0.3,0.848
Icebox,mta,KRÜ,Kayo,0.86,211.0,14,19,15,-5,68.0,132.0,44.0,3.0,1.0,2.0,KRU,13,G2,9,0,0.554,0.393,0.948
Icebox,valyn,G2,Brimstone,1.52,314.0,24,15,6,9,91.0,203.0,35.0,4.0,1.0,3.0,KRU,13,G2,9,0,0.867,0.467,1.335
Icebox,trent,G2,Viper,0.94,204.0,16,16,3,0,77.0,122.0,9.0,1.0,1.0,0.0,KRU,13,G2,9,0,0.557,0.333,0.89
Icebox,leaf,G2,Jett,0.79,193.0,12,17,7,-5,59.0,137.0,29.0,4.0,4.0,0.0,KRU,13,G2,9,0,0.515,0.322,0.837
Icebox,JonahP,G2,Sova,0.7,145.0,13,16,3,-3,73.0,100.0,40.0,1.0,5.0,-4.0,KRU,13,G2,9,0,0.476,0.27,0.746
Icebox,neT,G2,Killjoy,0.49,97.0,7,16,0,-9,50.0,80.0,22.0,0.0,1.0,-1.0,KRU,13,G2,9,0,0.337,0.231,0.569
Sunset,Klaus,KRÜ,Fade,1.04,230.0,16,17,7,-1,73.0,147.0,23.0,4.0,1.0,3.0,KRU,9,G2,13,0,0.636,0.403,1.039
Sunset,mta,KRÜ,Kayo,0.9,162.0,13,16,8,-3,73.0,101.0,31.0,3.0,2.0,1.0,KRU,9,G2,13,0,0.525,0.377,0.902
Sunset,keznit,KRÜ,Chamber,0.88,196.0,15,16,1,-1,59.0,124.0,38.0,5.0,0.0,5.0,KRU,9,G2,13,0,0.602,0.327,0.929
Sunset,Melser,KRÜ,Omen,0.68,156.0,11,18,10,-7,64.0,99.0,30.0,3.0,2.0,1.0,KRU,9,G2,13,0,0.458,0.35,0.807
Sunset,Shyy,KRÜ,Viper,0.39,96.0,7,17,5,-10,50.0,78.0,16.0,0.0,2.0,-2.0,KRU,9,G2,13,0,0.326,0.236,0.562
Sunset,JonahP,G2,Sova,1.63,297.0,23,13,6,10,77.0,181.0,31.0,2.0,1.0,1.0,KRU,9,G2,13,1,0.841,0.431,1.272
Sunset,valyn,G2,Omen,1.45,223.0,17,10,14,7,91.0,150.0,35.0,0.0,2.0,-2.0,KRU,9,G2,13,1,0.758,0.451,1.209
Sunset,leaf,G2,Raze,1.15,238.0,19,14,6,5,64.0,152.0,29.0,4.0,5.0,-1.0,KRU,9,G2,13,1,0.767,0.349,1.116
Sunset,trent,G2,Viper,1.05,190.0,13,14,8,-1,73.0,125.0,33.0,1.0,6.0,-5.0,KRU,9,G2,13,1,0.573,0.363,0.936
Sunset,neT,G2,Cypher,0.92,133.0,12,11,1,1,73.0,94.0,39.0,0.0,1.0,-1.0,KRU,9,G2,13,1,0.544,0.315,0.859
Ascent,keznit,KRÜ,Jett,1.66,358.0,31,18,5,13,79.0,238.0,45.0,8.0,3.0,5.0,KRU,11,G2,13,0,0.878,0.427,1.305
Ascent,Shyy,KRÜ,Killjoy,1.24,229.0,19,13,7,6,79.0,174.0,20.0,1.0,1.0,0.0,KRU,11,G2,13,0,0.744,0.413,1.156
Ascent,Klaus,KRÜ,Sova,0.96,201.0,17,16,5,1,63.0,134.0,24.0,1.0,1.0,0.0,KRU,11,G2,13,0,0.611,0.334,0.945
Ascent,mta,KRÜ,Kayo,0.8,164.0,12,17,14,-5,63.0,96.0,38.0,2.0,4.0,-2.0,KRU,11,G2,13,0,0.471,0.335,0.806
Ascent,Melser,KRÜ,Omen,0.39,88.0,8,17,6,-9,67.0,70.0,35.0,0.0,3.0,-3.0,KRU,11,G2,13,0,0.352,0.271,0.623
Ascent,JonahP,G2,Kayo,1.37,267.0,20,16,19,4,83.0,162.0,23.0,0.0,1.0,-1.0,KRU,11,G2,13,1,0.762,0.447,1.209
Ascent,trent,G2,Viper,1.07,194.0,16,16,3,0,71.0,148.0,28.0,0.0,0.0,0.0,KRU,11,G2,13,1,0.615,0.346,0.96
Ascent,neT,G2,Cypher,0.92,185.0,15,17,4,-2,63.0,120.0,35.0,3.0,1.0,2.0,KRU,11,G2,13,1,0.58,0.336,0.916
Ascent,valyn,G2,Omen,0.84,172.0,13,19,13,-6,75.0,102.0,18.0,4.0,2.0,2.0,KRU,11,G2,13,1,0.476,0.394,0.87
Ascent,leaf,G2,Jett,0.83,197.0,17,19,3,-2,58.0,110.0,28.0,5.0,8.0,-3.0,KRU,11,G2,13,1,0.57,0.259,0.829
Sunset,JonahP,G2,Sova,1.09,201.0,20,19,7,1,79.0,142.0,39.0,1.0,2.0,-1.0,G2,13,EG,15,0,0.662,0.379,1.041
Sunset,leaf,G2,Raze,1.06,264.0,24,21,5,3,71.0,167.0,28.0,6.0,7.0,-1.0,G2,13,EG,15,0,0.757,0.34,1.097
Sunset,trent,G2,Viper,0.95,192.0,19,20,8,-1,75.0,124.0,19.0,1.0,4.0,-3.0,G2,13,EG,15,0,0.571,0.355,0.927
Sunset,neT,G2,Cypher,0.84,201.0,22,20,5,2,71.0,137.0,40.0,1.0,2.0,-1.0,G2,13,EG,15,0,0.653,0.317,0.97
Sunset,valyn,G2,Omen,0.82,161.0,16,21,13,-5,71.0,94.0,26.0,3.0,1.0,2.0,G2,13,EG,15,0,0.489,0.394,0.883
Sunset,jawgemo,EG,Raze,1.18,242.0,20,20,12,0,79.0,168.0,17.0,5.0,1.0,4.0,G2,13,EG,15,1,0.695,0.45,1.145
Sunset,supamen,EG,Omen,1.08,207.0,20,21,6,-1,71.0,116.0,38.0,4.0,3.0,1.0,G2,13,EG,15,1,0.646,0.37,1.017
Sunset,NaturE,EG,Breach,1.02,181.0,18,19,10,-1,79.0,113.0,35.0,2.0,0.0,2.0,G2,13,EG,15,1,0.598,0.438,1.036
Sunset,Derrek,EG,Fade,1.0,197.0,22,20,2,2,61.0,131.0,46.0,3.0,1.0,2.0,G2,13,EG,15,1,0.701,0.33,1.03
Sunset,Apoth,EG,Cypher,0.94,191.0,21,21,8,0,64.0,144.0,38.0,2.0,7.0,-5.0,G2,13,EG,15,1,0.647,0.336,0.983
Icebox,leaf,G2,Jett,1.25,241.0,20,16,3,4,67.0,153.0,33.0,5.0,5.0,0.0,G2,11,EG,13,0,0.774,0.34,1.114
Icebox,JonahP,G2,Sova,1.08,188.0,17,15,8,2,75.0,133.0,38.0,1.0,3.0,-2.0,G2,11,EG,13,0,0.649,0.374,1.023
Icebox,valyn,G2,Brimstone,0.98,214.0,17,18,7,-1,79.0,147.0,21.0,3.0,3.0,0.0,G2,11,EG,13,0,0.624,0.376,1.0
Icebox,trent,G2,Viper,0.98,188.0,15,16,10,-1,79.0,141.0,35.0,1.0,1.0,0.0,G2,11,EG,13,0,0.587,0.407,0.994
Icebox,neT,G2,Killjoy,0.47,109.0,9,19,3,-10,54.0,77.0,35.0,0.0,2.0,-2.0,G2,11,EG,13,0,0.367,0.22,0.587
Icebox,supamen,EG,Viper,1.51,290.0,22,15,12,7,83.0,189.0,29.0,3.0,0.0,3.0,G2,11,EG,13,1,0.859,0.497,1.356
Icebox,Apoth,EG,Killjoy,1.22,238.0,21,15,2,6,63.0,158.0,27.0,2.0,3.0,-1.0,G2,11,EG,13,1,0.77,0.321,1.091
Icebox,Derrek,EG,Gekko,1.11,207.0,19,15,2,4,71.0,133.0,44.0,4.0,2.0,2.0,G2,11,EG,13,1,0.737,0.349,1.086
Icebox,NaturE,EG,Kayo,0.81,129.0,9,16,15,-7,79.0,79.0,16.0,2.0,1.0,1.0,G2,11,EG,13,1,0.401,0.398,0.799
Icebox,jawgemo,EG,Deadlock,0.66,151.0,13,17,6,-4,42.0,100.0,25.0,3.0,4.0,-1.0,G2,11,EG,13,1,0.471,0.26,0.731
Split,leaf,G2,Raze,1.44,287.0,18,11,5,7,71.0,219.0,18.0,5.0,6.0,-1.0,G2,13,KRU,8,1,0.826,0.38,1.206
Split,neT,G2,Cypher,1.34,277.0,20,14,8,6,86.0,171.0,29.0,2.0,0.0,2.0,G2,13,KRU,8,1,0.808,0.472,1.28
Split,trent,G2,Viper,1.21,237.0,16,14,8,2,86.0,162.0,38.0,3.0,1.0,2.0,G2,13,KRU,8,1,0.731,0.449,1.181
Split,valyn,G2,Omen,1.02,141.0,12,11,6,1,76.0,98.0,21.0,0.0,1.0,-1.0,G2,13,KRU,8,1,0.538,0.364,0.902
Split,JonahP,G2,Breach,0.65,98.0,9,13,11,-4,71.0,61.0,24.0,0.0,3.0,-3.0,G2,13,KRU,8,1,0.371,0.328,0.699
Split,Shyy,KRÜ,Viper,1.42,232.0,18,13,6,5,86.0,155.0,32.0,2.0,0.0,2.0,G2,13,KRU,8,0,0.779,0.459,1.237
Split,mta,KRÜ,Kayo,0.88,186.0,13,17,6,-4,62.0,126.0,38.0,2.0,3.0,-1.0,G2,13,KRU,8,0,0.529,0.317,0.846
Split,keznit,KRÜ,Jett,0.82,180.0,14,16,3,-2,67.0,129.0,26.0,4.0,1.0,3.0,G2,13,KRU,8,0,0.557,0.325,0.882
Split,Klaus,KRÜ,Skye,0.79,127.0,7,14,12,-7,71.0,85.0,18.0,2.0,2.0,0.0,G2,13,KRU,8,0,0.396,0.364,0.76
Split,Melser,KRÜ,Astra,0.76,147.0,11,15,11,-4,76.0,81.0,25.0,1.0,4.0,-3.0,G2,13,KRU,8,0,0.428,0.348,0.777
Sunset,trent,G2,Viper,1.32,223.0,15,13,14,2,76.0,174.0,29.0,2.0,1.0,1.0,G2,13,KRU,8,1,0.714,0.447,1.161
Sunset,JonahP,G2,Sova,1.28,207.0,18,13,6,5,71.0,137.0,16.0,0.0,2.0,-2.0,G2,13,KRU,8,1,0.702,0.366,1.068
Sunset,leaf,G2,Raze,1.27,232.0,16,12,7,4,90.0,151.0,20.0,5.0,5.0,0.0,G2,13,KRU,8,1,0.735,0.425,1.16
Sunset,neT,G2,Cypher,1.12,233.0,17,15,7,2,81.0,158.0,43.0,0.0,1.0,-1.0,G2,13,KRU,8,1,0.697,0.395,1.092
Sunset,valyn,G2,Omen,0.91,181.0,14,14,7,0,81.0,109.0,19.0,4.0,1.0,3.0,G2,13,KRU,8,1,0.574,0.402,0.976
Sunset,keznit,KRÜ,Chamber,1.27,288.0,22,15,2,7,76.0,179.0,32.0,5.0,2.0,3.0,G2,13,KRU,8,0,0.834,0.378,1.212
Sunset,mta,KRÜ,Kayo,0.85,174.0,12,15,8,-3,71.0,106.0,48.0,2.0,4.0,-2.0,G2,13,KRU,8,0,0.528,0.342,0.871
Sunset,Shyy,KRÜ,Viper,0.84,170.0,13,16,4,-3,52.0,129.0,26.0,1.0,2.0,-1.0,G2,13,KRU,8,0,0.505,0.274,0.778
Sunset,Klaus,KRÜ,Fade,0.79,158.0,9,17,8,-8,71.0,118.0,22.0,1.0,1.0,0.0,G2,13,KRU,8,0,0.433,0.363,0.795
Sunset,Melser,KRÜ,Omen,0.52,127.0,11,17,1,-6,48.0,65.0,25.0,1.0,2.0,-1.0,G2,13,KRU,8,0,0.368,0.222,0.59
Split,frz,MIBR,Viper,1.12,261.0,17,15,5,2,65.0,152.0,35.0,2.0,0.0,2.0,MIBR,7,SEN,13,0,0.713,0.381,1.093
Split,artzin,MIBR,Jett,0.97,206.0,14,15,2,-1,65.0,130.0,27.0,1.0,2.0,-1.0,MIBR,7,SEN,13,0,0.572,0.298,0.87
Split,RgLMeister,MIBR,Astra,0.76,180.0,12,16,10,-4,65.0,120.0,24.0,1.0,0.0,1.0,MIBR,7,SEN,13,0,0.473,0.378,0.851
Split,jzz,MIBR,Raze,0.73,175.0,12,17,2,-5,70.0,123.0,25.0,4.0,6.0,-2.0,MIBR,7,SEN,13,0,0.486,0.272,0.758
Split,mazin,MIBR,Skye,0.69,131.0,8,13,4,-5,60.0,88.0,15.0,0.0,4.0,-4.0,MIBR,7,SEN,13,0,0.374,0.258,0.632
Split,zekken,SEN,Raze,1.5,285.0,20,12,6,8,80.0,189.0,21.0,3.0,3.0,0.0,MIBR,7,SEN,13,1,0.841,0.418,1.259
Split,TenZ,SEN,Omen,1.3,224.0,19,12,9,7,80.0,145.0,38.0,1.0,1.0,0.0,MIBR,7,SEN,13,1,0.752,0.443,1.195
Split,johnqt,SEN,Cypher,1.28,203.0,16,11,2,5,70.0,125.0,29.0,2.0,1.0,1.0,MIBR,7,SEN,13,1,0.717,0.366,1.083
Split,Zellsis,SEN,Viper,1.06,229.0,12,14,14,-2,85.0,151.0,20.0,4.0,2.0,2.0,MIBR,7,SEN,13,1,0.603,0.434,1.037
Split,Sacy,SEN,Skye,0.89,146.0,9,14,17,-5,75.0,93.0,22.0,2.0,1.0,1.0,MIBR,7,SEN,13,1,0.436,0.4,0.836
Ascent,artzin,MIBR,Jett,1.06,274.0,18,17,1,1,74.0,192.0,37.0,2.0,2.0,0.0,MIBR,6,SEN,13,0,0.73,0.331,1.061
Ascent,frz,MIBR,Cypher,0.8,143.0,10,14,0,-4,58.0,107.0,42.0,0.0,2.0,-2.0,MIBR,6,SEN,13,0,0.463,0.26,0.723
Ascent,mazin,MIBR,Viper,0.75,167.0,9,14,4,-5,53.0,111.0,38.0,3.0,3.0,0.0,MIBR,6,SEN,13,0,0.478,0.274,0.753
Ascent,RgLMeister,MIBR,Omen,0.69,133.0,9,15,5,-6,58.0,80.0,35.0,2.0,2.0,0.0,MIBR,6,SEN,13,0,0.417,0.287,0.704
Ascent,jzz,MIBR,Skye,0.55,128.0,8,15,5,-7,58.0,79.0,33.0,0.0,3.0,-3.0,MIBR,6,SEN,13,0,0.377,0.251,0.628
Ascent,zekken,SEN,Jett,1.44,308.0,21,11,2,10,79.0,197.0,31.0,6.0,3.0,3.0,MIBR,6,SEN,13,1,0.859,0.401,1.261
Ascent,Sacy,SEN,Sova,1.33,237.0,14,10,6,4,79.0,172.0,25.0,2.0,0.0,2.0,MIBR,6,SEN,13,1,0.74,0.437,1.178
Ascent,Zellsis,SEN,Kayo,1.27,190.0,13,10,11,3,84.0,118.0,11.0,1.0,0.0,1.0,MIBR,6,SEN,13,1,0.618,0.464,1.083
Ascent,TenZ,SEN,Omen,1.16,245.0,18,12,5,6,79.0,144.0,43.0,2.0,4.0,-2.0,MIBR,6,SEN,13,1,0.763,0.355,1.118
Ascent,johnqt,SEN,Killjoy,0.75,139.0,9,11,1,-2,74.0,99.0,17.0,1.0,0.0,1.0,MIBR,6,SEN,13,1,0.444,0.325,0.769
Sunset,trent,G2,Viper,1.31,212.0,17,13,2,4,77.0,144.0,42.0,2.0,3.0,-1.0,G2,9,MIBR,13,0,0.742,0.354,1.096
Sunset,leaf,G2,Raze,1.03,229.0,18,17,4,1,73.0,150.0,25.0,2.0,3.0,-1.0,G2,9,MIBR,13,0,0.664,0.329,0.992
Sunset,valyn,G2,Omen,0.93,183.0,14,18,4,-4,68.0,110.0,30.0,4.0,1.0,3.0,G2,9,MIBR,13,0,0.533,0.349,0.882
Sunset,neT,G2,Cypher,0.74,182.0,14,17,1,-3,59.0,125.0,48.0,0.0,3.0,-3.0,G2,9,MIBR,13,0,0.527,0.251,0.778
Sunset,JonahP,G2,Sova,0.67,147.0,10,17,6,-7,77.0,125.0,31.0,1.0,3.0,-2.0,G2,9,MIBR,13,0,0.436,0.311,0.747
Sunset,frz,MIBR,Cypher,1.42,225.0,19,10,3,9,82.0,154.0,33.0,2.0,2.0,0.0,G2,9,MIBR,13,1,0.78,0.383,1.163
Sunset,jzz,MIBR,Skye,1.33,273.0,22,15,6,7,77.0,175.0,37.0,6.0,2.0,4.0,G2,9,MIBR,13,1,0.837,0.42,1.256
Sunset,artzin,MIBR,Raze,1.01,218.0,16,17,7,-1,77.0,154.0,20.0,2.0,3.0,-1.0,G2,9,MIBR,13,1,0.612,0.367,0.979
Sunset,mazin,MIBR,Viper,0.96,200.0,14,14,11,0,64.0,126.0,29.0,1.0,2.0,-1.0,G2,9,MIBR,13,1,0.584,0.362,0.946
Sunset,RgLMeister,MIBR,Omen,0.64,135.0,11,17,9,-6,82.0,94.0,24.0,2.0,0.0,2.0,G2,9,MIBR,13,1,0.417,0.403,0.82
Split,leaf,G2,Raze,1.31,267.0,26,17,3,9,75.0,193.0,32.0,7.0,4.0,3.0,G2,15,MIBR,13,1,0.836,0.381,1.217
Split,trent,G2,Viper,1.03,230.0,22,21,8,1,79.0,170.0,26.0,4.0,2.0,2.0,G2,15,MIBR,13,1,0.707,0.409,1.117
Split,JonahP,G2,Breach,1.0,170.0,18,19,8,-1,71.0,104.0,33.0,2.0,1.0,1.0,G2,15,MIBR,13,1,0.582,0.393,0.976
Split,neT,G2,Cypher,0.9,150.0,15,17,8,-2,75.0,105.0,56.0,4.0,2.0,2.0,G2,15,MIBR,13,1,0.573,0.389,0.962
Split,valyn,G2,Omen,0.88,152.0,14,19,10,-5,68.0,94.0,13.0,1.0,1.0,0.0,G2,15,MIBR,13,1,0.432,0.378,0.81
Split,jzz,MIBR,Raze,1.21,294.0,28,21,2,7,68.0,191.0,29.0,4.0,3.0,1.0,G2,15,MIBR,13,0,0.832,0.346,1.178
Split,RgLMeister,MIBR,Astra,1.13,222.0,23,18,13,5,82.0,144.0,30.0,1.0,3.0,-2.0,G2,15,MIBR,13,0,0.732,0.402,1.134
Split,frz,MIBR,Viper,1.0,161.0,16,16,5,0,71.0,111.0,24.0,2.0,3.0,-1.0,G2,15,MIBR,13,0,0.577,0.334,0.91
Split,artzin,MIBR,Jett,0.72,152.0,14,21,5,-7,61.0,101.0,21.0,2.0,6.0,-4.0,G2,15,MIBR,13,0,0.448,0.274,0.722
Split,mazin,MIBR,Skye,0.57,131.0,12,19,6,-7,54.0,90.0,28.0,1.0,3.0,-2.0,G2,15,MIBR,13,0,0.4,0.262,0.662
Breeze,neT,G2,Cypher,1.22,285.0,21,18,5,3,65.0,184.0,43.0,2.0,2.0,0.0,G2,10,MIBR,13,0,0.798,0.355,1.154
Breeze,JonahP,G2,Sova,0.93,170.0,15,16,5,-1,70.0,120.0,38.0,1.0,2.0,-1.0,G2,10,MIBR,13,0,0.562,0.324,0.887
Breeze,leaf,G2,Yoru,0.81,189.0,14,17,3,-3,61.0,117.0,43.0,4.0,4.0,0.0,G2,10,MIBR,13,0,0.558,0.283,0.84
Breeze,trent,G2,Viper,0.77,172.0,14,18,7,-4,70.0,107.0,46.0,3.0,1.0,2.0,G2,10,MIBR,13,0,0.527,0.365,0.891
Breeze,valyn,G2,Harbor,0.43,112.0,9,19,5,-10,57.0,69.0,9.0,0.0,4.0,-4.0,G2,10,MIBR,13,0,0.323,0.243,0.566
Breeze,artzin,MIBR,Jett,1.63,336.0,28,15,2,13,83.0,203.0,53.0,6.0,2.0,4.0,G2,10,MIBR,13,1,0.886,0.411,1.297
Breeze,jzz,MIBR,Sova,1.25,208.0,18,13,6,5,87.0,147.0,37.0,3.0,3.0,0.0,G2,10,MIBR,13,1,0.765,0.407,1.171
Breeze,RgLMeister,MIBR,Viper,1.18,216.0,17,14,8,3,83.0,163.0,37.0,0.0,1.0,-1.0,G2,10,MIBR,13,1,0.707,0.415,1.122
Breeze,mazin,MIBR,Kayo,0.91,151.0,12,16,11,-4,74.0,106.0,18.0,3.0,1.0,2.0,G2,10,MIBR,13,1,0.487,0.409,0.895
Breeze,frz,MIBR,Cypher,0.76,147.0,13,15,4,-2,61.0,89.0,29.0,1.0,3.0,-2.0,G2,10,MIBR,13,1,0.478,0.272,0.75
Sunset,Zellsis,SEN,Kayo,1.47,231.0,19,10,10,9,86.0,141.0,20.0,1.0,2.0,-1.0,SEN,13,G2,8,1,0.748,0.453,1.201
Sunset,Sacy,SEN,Gekko,1.37,273.0,19,15,10,4,86.0,183.0,25.0,0.0,0.0,0.0,SEN,13,G2,8,1,0.777,0.47,1.247
Sunset,zekken,SEN,Raze,1.19,266.0,19,16,6,3,76.0,181.0,38.0,6.0,5.0,1.0,SEN,13,G2,8,1,0.784,0.39,1.175
Sunset,TenZ,SEN,Omen,1.03,211.0,17,14,5,3,86.0,119.0,21.0,4.0,1.0,3.0,SEN,13,G2,8,1,0.669,0.401,1.07
Sunset,johnqt,SEN,Cypher,0.78,121.0,9,13,8,-4,76.0,88.0,30.0,1.0,1.0,0.0,SEN,13,G2,8,1,0.42,0.37,0.79
Sunset,leaf,G2,Raze,1.21,247.0,20,16,3,4,81.0,152.0,32.0,4.0,7.0,-3.0,SEN,13,G2,8,0,0.771,0.337,1.108
Sunset,neT,G2,Cypher,0.89,164.0,13,16,3,-3,67.0,104.0,38.0,1.0,1.0,0.0,SEN,13,G2,8,0,0.505,0.311,0.816
Sunset,trent,G2,Viper,0.83,171.0,12,15,4,-3,71.0,110.0,12.0,1.0,2.0,-1.0,SEN,13,G2,8,0,0.465,0.304,0.769
Sunset,JonahP,G2,Sova,0.8,187.0,12,17,5,-5,71.0,135.0,20.0,0.0,1.0,-1.0,SEN,13,G2,8,0,0.469,0.322,0.791
Sunset,valyn,G2,Omen,0.57,165.0,11,19,15,-8,86.0,103.0,20.0,3.0,1.0,2.0,SEN,13,G2,8,0,0.439,0.393,0.832
Breeze,Zellsis,SEN,Viper,1.09,184.0,14,15,4,-1,55.0,125.0,23.0,1.0,0.0,1.0,SEN,9,G2,13,0,0.566,0.341,0.907
Breeze,johnqt,SEN,Cypher,0.96,189.0,13,16,5,-3,55.0,127.0,24.0,1.0,3.0,-2.0,SEN,9,G2,13,0,0.523,0.294,0.817
Breeze,TenZ,SEN,Kayo,0.96,185.0,15,18,7,-3,59.0,148.0,32.0,1.0,2.0,-1.0,SEN,9,G2,13,0,0.554,0.332,0.886
Breeze,zekken,SEN,Jett,0.65,205.0,16,21,1,-5,59.0,139.0,32.0,3.0,7.0,-4.0,SEN,9,G2,13,0,0.529,0.241,0.77
Breeze,Sacy,SEN,Sova,0.59,142.0,9,20,6,-11,55.0,99.0,33.0,2.0,2.0,0.0,SEN,9,G2,13,0,0.421,0.283,0.704
Breeze,neT,G2,Cypher,1.68,306.0,25,12,4,13,73.0,199.0,35.0,3.0,1.0,2.0,SEN,9,G2,13,1,0.867,0.411,1.278
Breeze,trent,G2,Viper,1.18,193.0,16,12,2,4,68.0,134.0,68.0,1.0,3.0,-2.0,SEN,9,G2,13,1,0.709,0.317,1.026
Breeze,leaf,G2,Yoru,1.15,295.0,23,17,5,6,82.0,188.0,31.0,5.0,0.0,5.0,SEN,9,G2,13,1,0.827,0.416,1.243
Breeze,JonahP,G2,Sova,0.94,154.0,14,12,6,2,82.0,111.0,29.0,3.0,2.0,1.0,SEN,9,G2,13,1,0.609,0.374,0.983
Breeze,valyn,G2,Harbor,0.81,154.0,12,14,8,-2,73.0,108.0,31.0,2.0,2.0,0.0,SEN,9,G2,13,1,0.512,0.359,0.871
Split,Zellsis,SEN,Viper,1.28,239.0,19,12,7,7,82.0,133.0,9.0,3.0,1.0,2.0,SEN,9,G2,13,0,0.736,0.439,1.175
Split,Sacy,SEN,Skye,1.06,194.0,15,13,6,2,64.0,122.0,19.0,2.0,2.0,0.0,SEN,9,G2,13,0,0.624,0.348,0.972
Split,johnqt,SEN,Cypher,1.05,174.0,13,12,9,1,73.0,113.0,33.0,3.0,0.0,3.0,SEN,9,G2,13,0,0.617,0.435,1.053
Split,TenZ,SEN,Omen,0.84,129.0,10,14,6,-4,64.0,98.0,16.0,1.0,2.0,-1.0,SEN,9,G2,13,0,0.421,0.316,0.737
Split,zekken,SEN,Raze,0.73,177.0,13,16,5,-3,55.0,137.0,28.0,1.0,7.0,-6.0,SEN,9,G2,13,0,0.504,0.265,0.77
Split,neT,G2,Cypher,1.24,258.0,19,16,5,3,64.0,160.0,49.0,5.0,1.0,4.0,SEN,9,G2,13,1,0.783,0.387,1.17
Split,valyn,G2,Omen,1.23,178.0,16,12,3,4,73.0,105.0,9.0,1.0,2.0,-1.0,SEN,9,G2,13,1,0.624,0.339,0.963
Split,trent,G2,Viper,1.01,155.0,9,12,10,-3,64.0,112.0,23.0,2.0,1.0,1.0,SEN,9,G2,13,1,0.497,0.394,0.891
Split,leaf,G2,Raze,0.79,206.0,17,17,2,0,50.0,120.0,20.0,3.0,5.0,-2.0,SEN,9,G2,13,1,0.596,0.245,0.841
Split,JonahP,G2,Breach,0.72,91.0,6,13,13,-7,73.0,54.0,19.0,1.0,1.0,0.0,SEN,9,G2,13,1,0.346,0.37,0.716
Ascent,supamen,EG,Omen,1.84,256.0,19,7,12,12,90.0,154.0,39.0,4.0,0.0,4.0,EG,13,LOUD,7,1,0.823,0.508,1.331
Ascent,jawgemo,EG,Jett,1.4,287.0,21,13,7,8,75.0,194.0,22.0,3.0,5.0,-2.0,EG,13,LOUD,7,1,0.842,0.396,1.238
Ascent,Derrek,EG,Sova,1.28,231.0,15,12,10,3,85.0,158.0,24.0,1.0,0.0,1.0,EG,13,LOUD,7,1,0.696,0.467,1.163
Ascent,Apoth,EG,Cypher,1.17,200.0,16,12,7,4,75.0,144.0,48.0,1.0,3.0,-2.0,EG,13,LOUD,7,1,0.708,0.372,1.08
Ascent,NaturE,EG,Kayo,0.78,174.0,11,15,10,-4,80.0,103.0,27.0,3.0,0.0,3.0,EG,13,LOUD,7,1,0.491,0.418,0.909
Ascent,tuyz,LOUD,Omen,0.97,220.0,15,16,3,-1,60.0,155.0,45.0,0.0,0.0,0.0,EG,13,LOUD,7,0,0.621,0.317,0.938
Ascent,cauanzin,LOUD,Breach,0.94,182.0,13,16,9,-3,75.0,117.0,41.0,1.0,0.0,1.0,EG,13,LOUD,7,0,0.531,0.414,0.945
Ascent,saadhak,LOUD,Kayo,0.81,214.0,14,19,10,-5,70.0,128.0,13.0,3.0,3.0,0.0,EG,13,LOUD,7,0,0.506,0.365,0.871
Ascent,Less,LOUD,Viper,0.59,161.0,11,16,4,-5,65.0,111.0,22.0,1.0,3.0,-2.0,EG,13,LOUD,7,0,0.417,0.26,0.678
Ascent,qck,LOUD,Phoenix,0.46,93.0,6,15,1,-9,55.0,65.0,35.0,3.0,6.0,-3.0,EG,13,LOUD,7,0,0.374,0.217,0.592
Icebox,Apoth,EG,Killjoy,1.1,271.0,18,16,4,2,60.0,179.0,24.0,1.0,4.0,-3.0,EG,7,LOUD,13,0,0.709,0.302,1.011
Icebox,jawgemo,EG,Deadlock,0.92,242.0,17,18,1,-1,65.0,144.0,28.0,5.0,3.0,2.0,EG,7,LOUD,13,0,0.639,0.318,0.957
Icebox,supamen,EG,Viper,0.76,130.0,8,13,1,-5,55.0,91.0,25.0,0.0,3.0,-3.0,EG,7,LOUD,13,0,0.398,0.246,0.644
Icebox,Derrek,EG,Gekko,0.71,141.0,8,16,5,-8,60.0,96.0,26.0,2.0,1.0,1.0,EG,7,LOUD,13,0,0.418,0.311,0.728
Icebox,NaturE,EG,Kayo,0.51,118.0,8,17,6,-9,60.0,77.0,28.0,0.0,1.0,-1.0,EG,7,LOUD,13,0,0.361,0.284,0.644
Icebox,tuyz,LOUD,Harbor,1.44,225.0,19,10,7,9,90.0,150.0,28.0,1.0,0.0,1.0,EG,7,LOUD,13,1,0.759,0.47,1.229
Icebox,Less,LOUD,Viper,1.37,235.0,18,10,4,8,85.0,147.0,20.0,2.0,0.0,2.0,EG,7,LOUD,13,1,0.753,0.429,1.183
Icebox,cauanzin,LOUD,Sova,1.32,251.0,20,10,4,10,75.0,147.0,22.0,3.0,2.0,1.0,EG,7,LOUD,13,1,0.783,0.38,1.163
Icebox,qck,LOUD,Jett,0.94,182.0,13,14,6,-1,85.0,133.0,28.0,5.0,3.0,2.0,EG,7,LOUD,13,1,0.586,0.388,0.974
Icebox,saadhak,LOUD,Killjoy,0.79,168.0,10,15,7,-5,85.0,114.0,13.0,1.0,3.0,-2.0,EG,7,LOUD,13,1,0.425,0.348,0.773
Sunset,Derrek,EG,Fade,1.5,319.0,20,13,0,7,72.0,194.0,49.0,3.0,1.0,2.0,EG,5,LOUD,13,0,0.878,0.398,1.275
Sunset,Apoth,EG,Cypher,0.67,185.0,9,15,1,-6,39.0,146.0,33.0,2.0,4.0,-2.0,EG,5,LOUD,13,0,0.481,0.214,0.695
Sunset,NaturE,EG,Breach,0.64,140.0,9,16,4,-7,56.0,93.0,29.0,0.0,0.0,0.0,EG,5,LOUD,13,0,0.401,0.286,0.687
Sunset,jawgemo,EG,Raze,0.47,108.0,6,16,3,-10,56.0,78.0,23.0,0.0,4.0,-4.0,EG,5,LOUD,13,0,0.343,0.219,0.562
Sunset,supamen,EG,Omen,0.29,70.0,3,16,3,-13,56.0,56.0,30.0,1.0,3.0,-2.0,EG,5,LOUD,13,0,0.337,0.223,0.561
Sunset,Less,LOUD,Viper,1.68,287.0,20,8,4,12,94.0,178.0,31.0,1.0,0.0,1.0,EG,5,LOUD,13,1,0.818,0.446,1.265
Sunset,saadhak,LOUD,Sova,1.39,236.0,18,7,4,11,89.0,138.0,22.0,1.0,1.0,0.0,EG,5,LOUD,13,1,0.738,0.412,1.15
Sunset,tuyz,LOUD,Omen,1.29,188.0,12,7,8,5,83.0,128.0,21.0,2.0,0.0,2.0,EG,5,LOUD,13,1,0.684,0.462,1.146
Sunset,qck,LOUD,Phoenix,0.97,199.0,13,11,6,2,56.0,149.0,36.0,2.0,2.0,0.0,EG,5,LOUD,13,1,0.648,0.325,0.973
Sunset,cauanzin,LOUD,Breach,0.93,222.0,13,14,10,-1,78.0,124.0,42.0,6.0,3.0,3.0,EG,5,LOUD,13,1,0.615,0.413,1.028
Sunset,Marved,NRG,Omen,1.04,199.0,22,21,7,1,67.0,126.0,31.0,2.0,4.0,-2.0,NRG,14,SEN,16,0,0.656,0.345,1.001
Sunset,Victor,NRG,Cypher,0.92,176.0,19,19,5,0,67.0,103.0,44.0,3.0,1.0,2.0,NRG,14,SEN,16,0,0.623,0.353,0.976
Sunset,crashies,NRG,Viper,0.91,203.0,22,23,7,-1,70.0,118.0,27.0,1.0,2.0,-1.0,NRG,14,SEN,16,0,0.589,0.345,0.933
Sunset,Demon1,NRG,Jett,0.81,182.0,17,23,5,-6,67.0,127.0,39.0,5.0,8.0,-3.0,NRG,14,SEN,16,0,0.54,0.294,0.834
Sunset,Ethan,NRG,Skye,0.56,111.0,9,22,16,-13,73.0,82.0,28.0,0.0,4.0,-4.0,NRG,14,SEN,16,0,0.37,0.322,0.692
Sunset,TenZ,SEN,Omen,1.52,287.0,30,17,15,13,90.0,185.0,43.0,5.0,2.0,3.0,NRG,14,SEN,16,1,0.871,0.49,1.361
Sunset,zekken,SEN,Raze,1.47,294.0,31,18,3,13,73.0,196.0,39.0,10.0,7.0,3.0,NRG,14,SEN,16,1,0.872,0.395,1.266
Sunset,Zellsis,SEN,Kayo,1.05,156.0,14,16,18,-2,77.0,109.0,25.0,1.0,0.0,1.0,NRG,14,SEN,16,1,0.525,0.429,0.955
Sunset,johnqt,SEN,Cypher,0.95,175.0,18,19,8,-1,70.0,119.0,30.0,1.0,1.0,0.0,NRG,14,SEN,16,1,0.57,0.378,0.948
Sunset,Sacy,SEN,Gekko,0.95,153.0,15,19,8,-4,73.0,117.0,38.0,2.0,1.0,1.0,NRG,14,SEN,16,1,0.524,0.391,0.916
Ascent,Ethan,NRG,Kayo,1.66,333.0,27,12,9,15,81.0,187.0,28.0,1.0,0.0,1.0,NRG,13,SEN,8,1,0.826,0.48,1.307
Ascent,Victor,NRG,Killjoy,1.15,191.0,16,10,2,6,76.0,136.0,22.0,2.0,1.0,1.0,NRG,13,SEN,8,1,0.695,0.362,1.057
Ascent,Demon1,NRG,Jett,0.92,216.0,16,16,3,0,71.0,154.0,36.0,4.0,4.0,0.0,NRG,13,SEN,8,1,0.653,0.311,0.964
Ascent,crashies,NRG,Sova,0.83,147.0,10,11,6,-1,76.0,96.0,25.0,2.0,4.0,-2.0,NRG,13,SEN,8,1,0.501,0.326,0.827
Ascent,Marved,NRG,Omen,0.6,129.0,8,16,9,-8,81.0,75.0,35.0,1.0,2.0,-1.0,NRG,13,SEN,8,1,0.383,0.352,0.735
Ascent,Zellsis,SEN,Kayo,1.21,213.0,17,14,7,3,71.0,118.0,20.0,3.0,3.0,0.0,NRG,13,SEN,8,0,0.687,0.387,1.074
Ascent,zekken,SEN,Jett,1.0,225.0,16,17,3,-1,76.0,147.0,17.0,6.0,3.0,3.0,NRG,13,SEN,8,0,0.62,0.35,0.97
Ascent,TenZ,SEN,Omen,0.93,210.0,14,15,8,-1,81.0,137.0,18.0,2.0,0.0,2.0,NRG,13,SEN,8,0,0.577,0.421,0.997
Ascent,Sacy,SEN,Sova,0.91,208.0,13,17,11,-4,62.0,142.0,12.0,0.0,2.0,-2.0,NRG,13,SEN,8,0,0.502,0.345,0.847
Ascent,johnqt,SEN,Cypher,0.55,78.0,5,14,6,-9,52.0,58.0,36.0,0.0,2.0,-2.0,NRG,13,SEN,8,0,0.351,0.257,0.607
Split,Marved,NRG,Viper,1.03,281.0,14,15,4,-1,63.0,184.0,27.0,1.0,2.0,-1.0,NRG,3,SEN,13,0,0.65,0.312,0.962
Split,Victor,NRG,Raze,0.76,200.0,11,13,0,-2,63.0,136.0,15.0,0.0,6.0,-6.0,NRG,3,SEN,13,0,0.504,0.259,0.764
Split,Demon1,NRG,Omen,0.75,183.0,10,14,6,-4,63.0,108.0,33.0,2.0,3.0,-1.0,NRG,3,SEN,13,0,0.483,0.305,0.788
Split,crashies,NRG,Breach,0.72,137.0,7,13,8,-6,63.0,87.0,22.0,0.0,2.0,-2.0,NRG,3,SEN,13,0,0.386,0.315,0.701
Split,Ethan,NRG,Skye,0.52,145.0,6,14,5,-8,63.0,115.0,22.0,0.0,0.0,0.0,NRG,3,SEN,13,0,0.387,0.296,0.683
Split,johnqt,SEN,Cypher,1.8,287.0,18,7,5,11,81.0,192.0,20.0,0.0,0.0,0.0,NRG,3,SEN,13,1,0.802,0.427,1.23
Split,Zellsis,SEN,Viper,1.54,273.0,15,8,7,7,88.0,153.0,14.0,4.0,0.0,4.0,NRG,3,SEN,13,1,0.777,0.483,1.26
Split,Sacy,SEN,Skye,1.32,224.0,13,9,8,4,75.0,145.0,21.0,0.0,1.0,-1.0,NRG,3,SEN,13,1,0.69,0.417,1.107
Split,TenZ,SEN,Omen,1.21,229.0,13,11,6,2,81.0,144.0,20.0,5.0,0.0,5.0,NRG,3,SEN,13,1,0.679,0.432,1.111
Split,zekken,SEN,Raze,0.6,181.0,10,13,3,-3,69.0,118.0,34.0,4.0,2.0,2.0,NRG,3,SEN,13,1,0.504,0.291,0.795
Sunset,Less,LOUD,Viper,0.99,190.0,16,17,6,-1,82.0,144.0,52.0,0.0,0.0,0.0,LOUD,9,SEN,13,0,0.613,0.389,1.002
Sunset,tuyz,LOUD,Omen,0.92,219.0,16,17,8,-1,59.0,150.0,33.0,2.0,2.0,0.0,LOUD,9,SEN,13,0,0.618,0.347,0.965
Sunset,qck,LOUD,Phoenix,0.76,202.0,17,20,4,-3,64.0,142.0,39.0,5.0,5.0,0.0,LOUD,9,SEN,13,0,0.584,0.294,0.878
Sunset,cauanzin,LOUD,Breach,0.7,161.0,12,18,6,-6,68.0,108.0,28.0,2.0,2.0,0.0,LOUD,9,SEN,13,0,0.455,0.316,0.771
Sunset,saadhak,LOUD,Sova,0.63,164.0,10,19,8,-9,68.0,113.0,10.0,0.0,4.0,-4.0,LOUD,9,SEN,13,0,0.399,0.31,0.709
Sunset,TenZ,SEN,Omen,1.55,289.0,24,13,8,11,77.0,202.0,23.0,1.0,3.0,-2.0,LOUD,9,SEN,13,1,0.822,0.418,1.24
Sunset,Sacy,SEN,Gekko,1.52,276.0,23,13,10,10,86.0,192.0,35.0,2.0,0.0,2.0,LOUD,9,SEN,13,1,0.846,0.497,1.343
Sunset,zekken,SEN,Raze,1.13,235.0,18,14,4,4,68.0,137.0,24.0,7.0,3.0,4.0,LOUD,9,SEN,13,1,0.727,0.361,1.088
Sunset,johnqt,SEN,Cypher,0.94,180.0,14,14,8,0,77.0,115.0,22.0,1.0,2.0,-1.0,LOUD,9,SEN,13,1,0.555,0.371,0.926
Sunset,Zellsis,SEN,Kayo,0.83,183.0,12,17,14,-5,73.0,122.0,10.0,2.0,1.0,1.0,LOUD,9,SEN,13,1,0.459,0.39,0.849
Split,Less,LOUD,Viper,1.15,225.0,10,12,4,-2,56.0,171.0,34.0,1.0,2.0,-1.0,LOUD,3,SEN,13,0,0.603,0.313,0.916
Split,tuyz,LOUD,Omen,0.87,147.0,8,11,4,-3,69.0,95.0,19.0,1.0,0.0,1.0,LOUD,3,SEN,13,0,0.442,0.341,0.783
Split,cauanzin,LOUD,Breach,0.76,139.0,8,13,2,-5,56.0,79.0,27.0,2.0,1.0,1.0,LOUD,3,SEN,13,0,0.412,0.287,0.699
Split,qck,LOUD,Raze,0.49,136.0,7,13,1,-6,50.0,94.0,21.0,1.0,4.0,-3.0,LOUD,3,SEN,13,0,0.364,0.209,0.573
Split,saadhak,LOUD,Skye,0.16,72.0,3,15,2,-12,44.0,48.0,13.0,1.0,3.0,-2.0,LOUD,3,SEN,13,0,0.311,0.203,0.515
Split,zekken,SEN,Raze,1.53,275.0,16,7,3,9,88.0,169.0,25.0,3.0,0.0,3.0,LOUD,3,SEN,13,1,0.811,0.438,1.249
Split,TenZ,SEN,Omen,1.5,272.0,16,7,4,9,75.0,174.0,23.0,3.0,1.0,2.0,LOUD,3,SEN,13,1,0.81,0.414,1.224
Split,Sacy,SEN,Skye,1.21,239.0,13,9,9,4,94.0,148.0,26.0,2.0,1.0,1.0,LOUD,3,SEN,13,1,0.71,0.465,1.175
Split,Zellsis,SEN,Viper,1.14,178.0,11,8,6,3,75.0,129.0,23.0,1.0,3.0,-2.0,LOUD,3,SEN,13,1,0.617,0.358,0.975
Split,johnqt,SEN,Cypher,1.11,133.0,8,5,2,3,88.0,98.0,16.0,1.0,1.0,0.0,LOUD,3,SEN,13,1,0.547,0.369,0.917
Icebox,tuyz,LOUD,Harbor,1.24,173.0,17,12,13,5,75.0,123.0,25.0,0.0,2.0,-2.0,LOUD,13,SEN,11,1,0.682,0.402,1.083
Icebox,Less,LOUD,Viper,1.23,216.0,18,14,3,4,79.0,154.0,40.0,3.0,1.0,2.0,LOUD,13,SEN,11,1,0.759,0.384,1.143
Icebox,cauanzin,LOUD,Sova,1.21,218.0,18,14,7,4,71.0,154.0,19.0,1.0,5.0,-4.0,LOUD,13,SEN,11,1,0.701,0.365,1.066
Icebox,saadhak,LOUD,Killjoy,1.08,214.0,16,16,6,0,71.0,143.0,24.0,3.0,1.0,2.0,LOUD,13,SEN,11,1,0.647,0.388,1.035
Icebox,qck,LOUD,Jett,0.82,188.0,16,19,2,-3,79.0,117.0,33.0,5.0,3.0,2.0,LOUD,13,SEN,11,1,0.556,0.331,0.887
Icebox,TenZ,SEN,Kayo,1.17,210.0,16,17,20,-1,79.0,132.0,16.0,2.0,4.0,-2.0,LOUD,13,SEN,11,0,0.605,0.401,1.006
Icebox,johnqt,SEN,Viper,1.14,230.0,19,14,8,5,75.0,146.0,22.0,2.0,3.0,-1.0,LOUD,13,SEN,11,0,0.733,0.389,1.122
Icebox,Zellsis,SEN,Killjoy,0.94,174.0,17,17,5,0,75.0,109.0,10.0,3.0,1.0,2.0,LOUD,13,SEN,11,0,0.571,0.369,0.94
Icebox,zekken,SEN,Jett,0.66,192.0,16,20,2,-4,67.0,118.0,34.0,3.0,1.0,2.0,LOUD,13,SEN,11,0,0.528,0.303,0.831
Icebox,Sacy,SEN,Gekko,0.48,106.0,7,17,5,-10,63.0,69.0,23.0,2.0,3.0,-1.0,LOUD,13,SEN,11,0,0.351,0.266,0.617
Bind,qck,LOUD,Phoenix,1.5,297.0,24,14,6,10,76.0,195.0,30.0,4.0,2.0,2.0,LOUD,13,SEN,8,1,0.861,0.429,1.29
Bind,tuyz,LOUD,Brimstone,1.45,251.0,19,12,16,7,86.0,158.0,32.0,1.0,0.0,1.0,LOUD,13,SEN,8,1,0.783,0.487,1.269
Bind,cauanzin,LOUD,Breach,1.08,198.0,16,14,5,2,62.0,101.0,54.0,4.0,1.0,3.0,LOUD,13,SEN,8,1,0.675,0.366,1.041
Bind,saadhak,LOUD,Kayo,1.03,216.0,13,15,15,-2,86.0,152.0,24.0,4.0,1.0,3.0,LOUD,13,SEN,8,1,0.604,0.446,1.05
Bind,Less,LOUD,Viper,0.68,98.0,8,12,5,-4,52.0,51.0,20.0,1.0,3.0,-2.0,LOUD,13,SEN,8,1,0.364,0.259,0.623
Bind,johnqt,SEN,Viper,1.07,202.0,15,13,3,2,71.0,130.0,32.0,0.0,2.0,-2.0,LOUD,13,SEN,8,0,0.637,0.31,0.947
Bind,zekken,SEN,Raze,1.05,222.0,15,15,6,0,71.0,141.0,23.0,2.0,4.0,-2.0,LOUD,13,SEN,8,0,0.625,0.341,0.966
Bind,Zellsis,SEN,Brimstone,0.94,183.0,15,15,2,0,57.0,123.0,28.0,0.0,2.0,-2.0,LOUD,13,SEN,8,0,0.575,0.273,0.847
Bind,TenZ,SEN,Yoru,0.88,220.0,14,19,7,-5,76.0,139.0,29.0,5.0,5.0,0.0,LOUD,13,SEN,8,0,0.548,0.36,0.908
Bind,Sacy,SEN,Skye,0.58,154.0,8,18,10,-10,62.0,116.0,27.0,0.0,1.0,-1.0,LOUD,13,SEN,8,0,0.409,0.328,0.737
Lotus,Less,LOUD,Viper,1.13,233.0,14,13,3,1,71.0,171.0,38.0,0.0,2.0,-2.0,LOUD,4,SEN,13,0,0.673,0.316,0.989
Lotus,qck,LOUD,Phoenix,1.12,262.0,14,14,5,0,59.0,164.0,32.0,3.0,2.0,1.0,LOUD,4,SEN,13,0,0.689,0.343,1.032
Lotus,tuyz,LOUD,Omen,0.9,208.0,12,14,8,-2,65.0,131.0,23.0,1.0,2.0,-1.0,LOUD,4,SEN,13,0,0.537,0.346,0.883
Lotus,cauanzin,LOUD,Breach,0.79,201.0,14,16,6,-2,82.0,120.0,18.0,4.0,3.0,1.0,LOUD,4,SEN,13,0,0.546,0.358,0.904
Lotus,saadhak,LOUD,Skye,0.69,174.0,10,15,6,-5,82.0,107.0,21.0,0.0,0.0,0.0,LOUD,4,SEN,13,0,0.426,0.357,0.783
Lotus,zekken,SEN,Raze,1.42,307.0,18,13,8,5,82.0,205.0,22.0,4.0,2.0,2.0,LOUD,4,SEN,13,1,0.831,0.456,1.287
Lotus,Sacy,SEN,Fade,1.27,247.0,14,12,15,2,88.0,181.0,28.0,0.0,0.0,0.0,LOUD,4,SEN,13,1,0.704,0.462,1.166
Lotus,johnqt,SEN,Viper,1.19,229.0,16,12,5,4,94.0,152.0,38.0,0.0,0.0,0.0,LOUD,4,SEN,13,1,0.719,0.419,1.138
Lotus,TenZ,SEN,Omen,1.04,239.0,14,14,9,0,94.0,141.0,20.0,5.0,3.0,2.0,LOUD,4,SEN,13,1,0.638,0.447,1.085
Lotus,Zellsis,SEN,Killjoy,0.58,164.0,10,13,6,-3,76.0,99.0,4.0,0.0,3.0,-3.0,LOUD,4,SEN,13,1,0.406,0.296,0.702
Icebox,moose,C9,Killjoy,0.98,209.0,14,15,6,-1,75.0,152.0,30.0,0.0,2.0,-2.0,C9,7,LEV,13,0,0.593,0.341,0.934
Icebox,Xeppaa,C9,Sage,0.8,216.0,13,17,6,-4,75.0,141.0,45.0,2.0,1.0,1.0,C9,7,LEV,13,0,0.553,0.357,0.909
Icebox,runi,C9,Sova,0.72,104.0,8,14,3,-6,45.0,100.0,35.0,0.0,0.0,0.0,C9,7,LEV,13,0,0.4,0.265,0.665
Icebox,OXY,C9,Jett,0.7,227.0,16,19,2,-3,65.0,130.0,28.0,5.0,7.0,-2.0,C9,7,LEV,13,0,0.564,0.261,0.825
Icebox,vanity,C9,Viper,0.59,138.0,10,17,8,-7,75.0,98.0,56.0,1.0,2.0,-1.0,C9,7,LEV,13,0,0.432,0.33,0.762
Icebox,aspas,LEV,Jett,2.12,420.0,31,9,2,22,85.0,281.0,30.0,4.0,1.0,3.0,C9,7,LEV,13,1,0.861,0.424,1.285
Icebox,Mazino,LEV,Harbor,1.36,224.0,17,12,7,5,80.0,143.0,50.0,1.0,0.0,1.0,C9,7,LEV,13,1,0.761,0.445,1.205
Icebox,kiNgg,LEV,Viper,0.97,155.0,12,12,4,0,80.0,105.0,28.0,1.0,3.0,-2.0,C9,7,LEV,13,1,0.539,0.326,0.864
Icebox,tex,LEV,Killjoy,0.79,191.0,13,15,4,-2,80.0,112.0,30.0,5.0,2.0,3.0,C9,7,LEV,13,1,0.549,0.345,0.894
Icebox,C0M,LEV,Sova,0.76,145.0,9,13,9,-4,85.0,104.0,18.0,1.0,2.0,-1.0,C9,7,LEV,13,1,0.423,0.376,0.799
Sunset,runi,C9,Viper,1.53,285.0,20,11,4,9,85.0,192.0,48.0,2.0,2.0,0.0,C9,13,LEV,7,1,0.859,0.404,1.264
Sunset,Xeppaa,C9,Skye,1.36,229.0,16,10,12,6,85.0,133.0,18.0,1.0,2.0,-1.0,C9,13,LEV,7,1,0.713,0.44,1.153
Sunset,vanity,C9,Omen,1.18,188.0,13,9,10,4,80.0,127.0,30.0,1.0,2.0,-1.0,C9,13,LEV,7,1,0.658,0.412,1.071
Sunset,OXY,C9,Raze,0.93,198.0,13,15,5,-2,65.0,127.0,28.0,3.0,4.0,-1.0,C9,13,LEV,7,1,0.574,0.316,0.89
Sunset,moose,C9,Cypher,0.81,105.0,7,9,3,-2,70.0,66.0,36.0,1.0,2.0,-1.0,C9,13,LEV,7,1,0.429,0.289,0.718
Sunset,kiNgg,LEV,Omen,1.01,189.0,14,12,4,2,65.0,118.0,39.0,3.0,4.0,-1.0,C9,13,LEV,7,0,0.65,0.313,0.963
Sunset,aspas,LEV,Phoenix,0.79,194.0,12,14,5,-2,75.0,127.0,48.0,0.0,1.0,-1.0,C9,13,LEV,7,0,0.545,0.327,0.872
Sunset,tex,LEV,Cypher,0.73,155.0,9,14,4,-5,65.0,107.0,39.0,3.0,1.0,2.0,C9,13,LEV,7,0,0.469,0.319,0.788
Sunset,C0M,LEV,Sova,0.64,178.0,10,14,1,-4,60.0,117.0,11.0,5.0,1.0,4.0,C9,13,LEV,7,0,0.456,0.294,0.75
Sunset,Mazino,LEV,Breach,0.47,109.0,8,15,0,-7,65.0,68.0,44.0,1.0,1.0,0.0,C9,13,LEV,7,0,0.367,0.265,0.631
Ascent,OXY,C9,Jett,1.43,297.0,35,25,4,10,76.0,190.0,26.0,7.0,5.0,2.0,C9,18,LEV,16,1,0.851,0.402,1.254
Ascent,Xeppaa,C9,Kayo,1.11,234.0,26,24,16,2,74.0,152.0,34.0,4.0,4.0,0.0,C9,18,LEV,16,1,0.731,0.403,1.134
Ascent,runi,C9,Sova,1.07,187.0,21,21,13,0,71.0,147.0,32.0,1.0,2.0,-1.0,C9,18,LEV,16,1,0.638,0.386,1.024
Ascent,moose,C9,Killjoy,0.89,179.0,19,24,9,-5,71.0,136.0,21.0,3.0,1.0,2.0,C9,18,LEV,16,1,0.539,0.402,0.941
Ascent,vanity,C9,Omen,0.66,126.0,15,25,9,-10,74.0,85.0,17.0,2.0,5.0,-3.0,C9,18,LEV,16,1,0.416,0.334,0.751
Ascent,aspas,LEV,Raze,1.4,305.0,35,23,8,12,68.0,196.0,23.0,5.0,4.0,1.0,C9,18,LEV,16,0,0.844,0.422,1.266
Ascent,kiNgg,LEV,Omen,1.4,267.0,30,21,22,9,85.0,173.0,22.0,4.0,1.0,3.0,C9,18,LEV,16,0,0.821,0.483,1.304
Ascent,tex,LEV,Sage,0.9,180.0,22,22,13,0,76.0,124.0,33.0,4.0,5.0,-1.0,C9,18,LEV,16,0,0.633,0.376,1.009
Ascent,Mazino,LEV,Kayo,0.7,158.0,19,26,9,-7,62.0,99.0,23.0,1.0,4.0,-3.0,C9,18,LEV,16,0,0.458,0.318,0.776
Ascent,C0M,LEV,Viper,0.62,117.0,13,24,6,-11,74.0,80.0,7.0,3.0,3.0,0.0,C9,18,LEV,16,0,0.39,0.318,0.708
Breeze,Marved,NRG,Viper,1.4,238.0,21,14,3,7,65.0,162.0,43.0,3.0,2.0,1.0,NRG,13,LOUD,10,1,0.825,0.361,1.186
Breeze,Demon1,NRG,Jett,1.19,253.0,19,19,7,0,83.0,171.0,36.0,7.0,0.0,7.0,NRG,13,LOUD,10,1,0.724,0.445,1.169
Breeze,crashies,NRG,Sova,1.18,198.0,18,14,3,4,83.0,128.0,35.0,1.0,0.0,1.0,NRG,13,LOUD,10,1,0.693,0.386,1.079
Breeze,Victor,NRG,Cypher,0.77,168.0,14,19,5,-5,70.0,116.0,28.0,1.0,1.0,0.0,NRG,13,LOUD,10,1,0.465,0.325,0.79
Breeze,Ethan,NRG,Yoru,0.67,149.0,10,18,8,-8,61.0,122.0,9.0,2.0,6.0,-4.0,NRG,13,LOUD,10,1,0.415,0.302,0.717
Breeze,Less,LOUD,Cypher,1.5,294.0,25,15,7,10,70.0,191.0,29.0,2.0,1.0,1.0,NRG,13,LOUD,10,0,0.845,0.431,1.275
Breeze,tuyz,LOUD,Viper,1.06,199.0,16,14,10,2,83.0,146.0,33.0,0.0,1.0,-1.0,NRG,13,LOUD,10,0,0.651,0.414,1.065
Breeze,saadhak,LOUD,Kayo,0.85,217.0,16,19,13,-3,83.0,124.0,22.0,3.0,4.0,-1.0,NRG,13,LOUD,10,0,0.563,0.382,0.946
Breeze,qck,LOUD,Jett,0.74,164.0,15,16,0,-1,61.0,100.0,32.0,3.0,6.0,-3.0,NRG,13,LOUD,10,0,0.549,0.254,0.803
Breeze,cauanzin,LOUD,Sova,0.73,170.0,12,18,13,-6,78.0,105.0,18.0,1.0,2.0,-1.0,NRG,13,LOUD,10,0,0.431,0.361,0.792
Sunset,Demon1,NRG,Raze,1.66,352.0,19,9,3,10,93.0,219.0,37.0,5.0,2.0,3.0,NRG,13,LOUD,2,1,0.86,0.428,1.288
Sunset,crashies,NRG,Gekko,1.5,244.0,16,7,3,9,93.0,178.0,42.0,1.0,0.0,1.0,NRG,13,LOUD,2,1,0.792,0.434,1.226
Sunset,Marved,NRG,Omen,1.25,217.0,12,9,4,3,67.0,153.0,24.0,1.0,2.0,-1.0,NRG,13,LOUD,2,1,0.669,0.342,1.012
Sunset,Victor,NRG,Cypher,1.22,213.0,13,7,2,6,80.0,135.0,25.0,1.0,1.0,0.0,NRG,13,LOUD,2,1,0.688,0.367,1.056
Sunset,Ethan,NRG,Kayo,0.95,190.0,9,10,7,-1,87.0,112.0,19.0,1.0,1.0,0.0,NRG,13,LOUD,2,1,0.517,0.395,0.912
Sunset,Less,LOUD,Viper,0.91,233.0,11,15,4,-4,73.0,148.0,25.0,1.0,1.0,0.0,NRG,13,LOUD,2,0,0.529,0.334,0.863
Sunset,cauanzin,LOUD,Breach,0.62,180.0,9,14,3,-5,67.0,112.0,27.0,0.0,0.0,0.0,NRG,13,LOUD,2,0,0.428,0.291,0.719
Sunset,saadhak,LOUD,Sova,0.6,151.0,6,14,5,-8,53.0,121.0,23.0,1.0,0.0,1.0,NRG,13,LOUD,2,0,0.403,0.297,0.7
Sunset,tuyz,LOUD,Omen,0.56,126.0,8,12,1,-4,47.0,88.0,38.0,1.0,3.0,-2.0,NRG,13,LOUD,2,0,0.404,0.216,0.62
Sunset,qck,LOUD,Phoenix,0.54,161.0,8,14,1,-6,47.0,95.0,42.0,3.0,5.0,-2.0,NRG,13,LOUD,2,0,0.443,0.214,0.656
Lotus,valyn,G2,Omen,1.34,237.0,21,13,8,8,71.0,145.0,30.0,2.0,3.0,-1.0,G2,13,EG,8,1,0.777,0.403,1.18
Lotus,trent,G2,Fade,1.33,219.0,17,13,11,4,90.0,143.0,36.0,3.0,1.0,2.0,G2,13,EG,8,1,0.755,0.48,1.235
Lotus,leaf,G2,Killjoy,1.32,240.0,17,13,8,4,81.0,166.0,13.0,3.0,0.0,3.0,G2,13,EG,8,1,0.746,0.466,1.213
Lotus,JonahP,G2,Viper,1.29,235.0,17,13,12,4,67.0,160.0,25.0,0.0,2.0,-2.0,G2,13,EG,8,1,0.726,0.394,1.12
Lotus,icy,G2,Raze,0.53,152.0,10,18,5,-8,62.0,104.0,22.0,5.0,2.0,3.0,G2,13,EG,8,1,0.428,0.299,0.726
Lotus,NaturE,EG,Viper,1.56,326.0,24,14,9,10,76.0,208.0,35.0,1.0,3.0,-2.0,G2,13,EG,8,0,0.837,0.428,1.265
Lotus,Derrek,EG,Fade,0.91,160.0,12,16,11,-4,76.0,110.0,27.0,0.0,1.0,-1.0,G2,13,EG,8,0,0.477,0.386,0.863
Lotus,Apoth,EG,Cypher,0.87,200.0,14,17,6,-3,71.0,137.0,31.0,2.0,3.0,-1.0,G2,13,EG,8,0,0.554,0.331,0.885
Lotus,supamen,EG,Omen,0.69,174.0,12,18,7,-6,71.0,110.0,33.0,2.0,2.0,0.0,G2,13,EG,8,0,0.468,0.332,0.799
Lotus,jawgemo,EG,Raze,0.51,138.0,8,17,4,-9,52.0,104.0,11.0,3.0,4.0,-1.0,G2,13,EG,8,0,0.391,0.239,0.629
Icebox,valyn,G2,Omen,1.94,311.0,18,6,9,12,94.0,194.0,34.0,4.0,0.0,4.0,G2,13,EG,3,1,0.852,0.515,1.367
Icebox,trent,G2,Sova,1.62,262.0,16,7,7,9,88.0,170.0,21.0,1.0,0.0,1.0,G2,13,EG,3,1,0.769,0.47,1.239
Icebox,JonahP,G2,Viper,1.38,268.0,16,10,7,6,81.0,171.0,24.0,4.0,2.0,2.0,G2,13,EG,3,1,0.798,0.439,1.236
Icebox,leaf,G2,Killjoy,1.23,229.0,15,8,2,7,81.0,131.0,20.0,1.0,1.0,0.0,G2,13,EG,3,1,0.696,0.37,1.067
Icebox,icy,G2,Gekko,0.74,119.0,7,9,6,-2,81.0,76.0,20.0,1.0,2.0,-1.0,G2,13,EG,3,1,0.414,0.334,0.748
Icebox,NaturE,EG,Killjoy,1.18,279.0,14,14,5,0,75.0,196.0,34.0,1.0,1.0,0.0,G2,13,EG,3,0,0.693,0.377,1.07
Icebox,jawgemo,EG,Jett,0.82,171.0,9,14,3,-5,56.0,128.0,32.0,2.0,3.0,-1.0,G2,13,EG,3,0,0.477,0.267,0.744
Icebox,supamen,EG,Viper,0.56,120.0,7,13,3,-6,50.0,70.0,46.0,1.0,3.0,-2.0,G2,13,EG,3,0,0.378,0.221,0.599
Icebox,Derrek,EG,Sova,0.47,144.0,8,16,0,-8,50.0,112.0,41.0,1.0,2.0,-1.0,G2,13,EG,3,0,0.409,0.222,0.631
Icebox,Apoth,EG,Harbor,0.06,50.0,2,15,3,-13,38.0,35.0,20.0,0.0,2.0,-2.0,G2,13,EG,3,0,0.323,0.193,0.517
Icebox,Sacy,SEN,Gekko,1.6,256.0,22,13,5,9,70.0,172.0,43.0,2.0,1.0,1.0,SEN,13,100T,10,1,0.833,0.408,1.241
Icebox,johnqt,SEN,Viper,1.14,201.0,15,12,5,3,74.0,134.0,33.0,1.0,2.0,-1.0,SEN,13,100T,10,1,0.663,0.353,1.016
Icebox,Zellsis,SEN,Killjoy,1.09,172.0,13,13,3,0,83.0,117.0,21.0,2.0,0.0,2.0,SEN,13,100T,10,1,0.577,0.385,0.962
Icebox,TenZ,SEN,Kayo,1.07,207.0,15,16,21,-1,74.0,114.0,27.0,1.0,4.0,-3.0,SEN,13,100T,10,1,0.578,0.378,0.955
Icebox,zekken,SEN,Jett,0.77,166.0,14,17,3,-3,61.0,114.0,33.0,3.0,7.0,-4.0,SEN,13,100T,10,1,0.529,0.257,0.786
Icebox,Cryocells,100T,Jett,1.39,313.0,26,16,2,10,70.0,204.0,32.0,7.0,3.0,4.0,SEN,13,100T,10,0,0.855,0.381,1.236
Icebox,bang,100T,Viper,1.18,232.0,17,16,11,1,87.0,157.0,28.0,2.0,2.0,0.0,SEN,13,100T,10,0,0.685,0.433,1.118
Icebox,eeiu,100T,Sova,0.84,127.0,11,14,5,-3,74.0,92.0,43.0,1.0,1.0,0.0,SEN,13,100T,10,0,0.471,0.339,0.81
Icebox,Asuna,100T,Gekko,0.71,138.0,11,16,6,-5,61.0,97.0,34.0,2.0,1.0,1.0,SEN,13,100T,10,0,0.441,0.324,0.764
Icebox,Boostio,100T,Killjoy,0.34,90.0,6,17,4,-11,48.0,65.0,15.0,2.0,2.0,0.0,SEN,13,100T,10,0,0.331,0.238,0.57
Split,Zellsis,SEN,Viper,1.37,196.0,14,8,9,6,89.0,141.0,32.0,0.0,2.0,-2.0,SEN,13,100T,6,1,0.714,0.439,1.153
Split,TenZ,SEN,Omen,1.3,218.0,14,12,14,2,79.0,143.0,23.0,3.0,0.0,3.0,SEN,13,100T,6,1,0.691,0.472,1.163
Split,johnqt,SEN,Cypher,1.18,194.0,15,9,2,6,68.0,136.0,38.0,1.0,1.0,0.0,SEN,13,100T,6,1,0.701,0.343,1.044
Split,zekken,SEN,Raze,1.16,311.0,20,15,5,5,74.0,194.0,21.0,5.0,3.0,2.0,SEN,13,100T,6,1,0.811,0.381,1.193
Split,Sacy,SEN,Skye,1.15,209.0,14,12,12,2,79.0,141.0,24.0,2.0,2.0,0.0,SEN,13,100T,6,1,0.656,0.416,1.072
Split,Cryocells,100T,Astra,1.02,181.0,14,14,1,0,79.0,130.0,24.0,2.0,0.0,2.0,SEN,13,100T,6,0,0.592,0.371,0.963
Split,Asuna,100T,Raze,0.95,243.0,16,16,2,0,58.0,147.0,18.0,2.0,3.0,-1.0,SEN,13,100T,6,0,0.625,0.284,0.91
Split,eeiu,100T,Fade,0.94,177.0,10,15,4,-5,74.0,124.0,27.0,2.0,1.0,1.0,SEN,13,100T,6,0,0.488,0.347,0.836
Split,bang,100T,Viper,0.86,198.0,12,17,5,-5,63.0,135.0,37.0,1.0,4.0,-3.0,SEN,13,100T,6,0,0.503,0.292,0.796
Split,Boostio,100T,Gekko,0.32,74.0,4,15,8,-11,58.0,49.0,13.0,1.0,3.0,-2.0,SEN,13,100T,6,0,0.311,0.283,0.594
Lotus,keznit,KRÜ,Raze,1.41,336.0,23,16,6,7,80.0,210.0,30.0,7.0,2.0,5.0,KRU,13,FUR,7,0,0.855,0.433,1.288
Lotus,heat,KRÜ,Fade,1.35,230.0,16,13,11,3,90.0,149.0,38.0,2.0,0.0,2.0,KRU,13,FUR,7,0,0.734,0.491,1.226
Lotus,Melser,KRÜ,Omen,1.12,205.0,15,13,5,2,75.0,143.0,43.0,1.0,0.0,1.0,KRU,13,FUR,7,0,0.665,0.389,1.053
Lotus,Shyy,KRÜ,Killjoy,0.99,122.0,11,10,1,1,70.0,92.0,23.0,0.0,0.0,0.0,KRU,13,FUR,7,0,0.52,0.336,0.856
Lotus,Klaus,KRÜ,Viper,0.73,179.0,12,15,4,-3,70.0,115.0,28.0,6.0,2.0,4.0,KRU,13,FUR,7,0,0.516,0.322,0.839
Lotus,nzr,FUR,Skye,1.58,314.0,23,14,9,9,80.0,199.0,47.0,0.0,0.0,0.0,KRU,13,FUR,7,0,0.85,0.47,1.32
Lotus,Khalil,FUR,Omen,0.74,189.0,14,15,6,-1,80.0,116.0,36.0,1.0,3.0,-2.0,KRU,13,FUR,7,0,0.542,0.324,0.865
Lotus,kon4n,FUR,Viper,0.62,147.0,10,15,5,-5,75.0,102.0,16.0,2.0,4.0,-2.0,KRU,13,FUR,7,0,0.409,0.291,0.7
Lotus,mwzera,FUR,Raze,0.61,160.0,10,17,4,-7,55.0,97.0,14.0,0.0,5.0,-5.0,KRU,13,FUR,7,0,0.392,0.241,0.634
Lotus,havoc,FUR,Killjoy,0.56,147.0,10,16,2,-6,55.0,108.0,38.0,1.0,4.0,-3.0,KRU,13,FUR,7,0,0.421,0.225,0.646
Icebox,heat,KRÜ,Kayo,1.67,279.0,26,15,17,11,75.0,177.0,29.0,1.0,3.0,-2.0,KRU,11,FUR,13,0,0.816,0.426,1.242
Icebox,keznit,KRÜ,Reyna,1.26,281.0,24,17,5,7,58.0,189.0,36.0,4.0,4.0,0.0,KRU,11,FUR,13,0,0.841,0.348,1.189
Icebox,Melser,KRÜ,Viper,0.88,163.0,13,16,9,-3,71.0,119.0,35.0,2.0,2.0,0.0,KRU,11,FUR,13,0,0.525,0.374,0.899
Icebox,Shyy,KRÜ,Killjoy,0.84,163.0,12,15,6,-3,75.0,114.0,21.0,2.0,1.0,1.0,KRU,11,FUR,13,0,0.495,0.361,0.856
Icebox,Klaus,KRÜ,Gekko,0.52,115.0,8,17,5,-9,71.0,85.0,21.0,1.0,4.0,-3.0,KRU,11,FUR,13,0,0.356,0.27,0.625
Icebox,mwzera,FUR,Omen,1.23,285.0,23,18,3,5,71.0,196.0,21.0,6.0,3.0,3.0,KRU,11,FUR,13,1,0.821,0.366,1.187
Icebox,Khalil,FUR,Killjoy,1.12,170.0,14,14,4,0,71.0,133.0,29.0,0.0,2.0,-2.0,KRU,11,FUR,13,1,0.591,0.326,0.917
Icebox,havoc,FUR,Gekko,0.94,215.0,18,18,2,0,67.0,146.0,50.0,3.0,3.0,0.0,KRU,11,FUR,13,1,0.673,0.307,0.98
Icebox,kon4n,FUR,Viper,0.94,170.0,14,17,6,-3,71.0,126.0,33.0,3.0,1.0,2.0,KRU,11,FUR,13,1,0.557,0.373,0.93
Icebox,nzr,FUR,Kayo,0.75,125.0,11,16,6,-5,63.0,81.0,21.0,2.0,1.0,1.0,KRU,11,FUR,13,1,0.411,0.331,0.742
Breeze,heat,KRÜ,Kayo,1.54,269.0,22,10,11,12,85.0,200.0,51.0,2.0,1.0,1.0,KRU,13,FUR,7,0,0.859,0.478,1.337
Breeze,Shyy,KRÜ,Cypher,1.39,190.0,15,7,7,8,90.0,139.0,33.0,1.0,1.0,0.0,KRU,13,FUR,7,0,0.717,0.447,1.164
Breeze,keznit,KRÜ,Jett,1.27,232.0,19,11,0,8,90.0,141.0,31.0,3.0,1.0,2.0,KRU,13,FUR,7,0,0.772,0.407,1.179
Breeze,Klaus,KRÜ,Sova,1.14,207.0,13,11,5,2,80.0,163.0,33.0,4.0,2.0,2.0,KRU,13,FUR,7,0,0.691,0.389,1.08
Breeze,Melser,KRÜ,Viper,0.97,181.0,12,12,8,0,75.0,131.0,22.0,2.0,3.0,-1.0,KRU,13,FUR,7,0,0.575,0.371,0.946
Breeze,Khalil,FUR,Cypher,0.88,165.0,10,15,4,-5,60.0,116.0,34.0,2.0,0.0,2.0,KRU,13,FUR,7,0,0.479,0.336,0.815
Breeze,nzr,FUR,Sova,0.71,144.0,10,16,5,-6,55.0,98.0,27.0,1.0,0.0,1.0,KRU,13,FUR,7,0,0.416,0.312,0.728
Breeze,mwzera,FUR,Jett,0.69,184.0,13,17,1,-4,50.0,112.0,12.0,3.0,6.0,-3.0,KRU,13,FUR,7,0,0.477,0.23,0.707
Breeze,havoc,FUR,Kayo,0.61,138.0,10,17,4,-7,60.0,103.0,55.0,2.0,3.0,-1.0,KRU,13,FUR,7,0,0.451,0.263,0.714
Breeze,kon4n,FUR,Viper,0.61,132.0,8,16,5,-8,55.0,93.0,17.0,0.0,3.0,-3.0,KRU,13,FUR,7,0,0.372,0.252,0.625
Bind,JonahP,G2,Kayo,1.07,171.0,11,13,16,-2,86.0,118.0,18.0,2.0,0.0,2.0,G2,9,100T,13,0,0.532,0.455,0.987
Bind,trent,G2,Fade,1.06,233.0,16,17,18,-1,82.0,151.0,37.0,2.0,3.0,-1.0,G2,9,100T,13,0,0.645,0.403,1.048
Bind,valyn,G2,Brimstone,0.97,204.0,17,15,7,2,82.0,117.0,24.0,3.0,2.0,1.0,G2,9,100T,13,0,0.648,0.388,1.036
Bind,icy,G2,Yoru,0.95,225.0,17,17,4,0,68.0,136.0,21.0,4.0,5.0,-1.0,G2,9,100T,13,0,0.634,0.312,0.946
Bind,leaf,G2,Viper,0.93,186.0,13,15,6,-2,59.0,129.0,37.0,1.0,0.0,1.0,G2,9,100T,13,0,0.551,0.353,0.903
Bind,Cryocells,100T,Brimstone,1.34,235.0,18,14,15,4,77.0,156.0,30.0,0.0,0.0,0.0,G2,9,100T,13,1,0.74,0.451,1.191
Bind,eeiu,100T,Fade,1.32,204.0,18,12,4,6,68.0,130.0,28.0,2.0,1.0,1.0,G2,9,100T,13,1,0.733,0.378,1.111
Bind,bang,100T,Viper,1.17,224.0,17,15,8,2,77.0,143.0,35.0,2.0,2.0,0.0,G2,9,100T,13,1,0.694,0.404,1.098
Bind,Boostio,100T,Gekko,1.04,174.0,14,16,5,-2,82.0,116.0,30.0,1.0,1.0,0.0,G2,9,100T,13,1,0.544,0.374,0.918
Bind,Asuna,100T,Raze,0.54,147.0,10,17,5,-7,45.0,105.0,16.0,5.0,8.0,-3.0,G2,9,100T,13,1,0.417,0.228,0.646
Split,trent,G2,Viper,1.21,258.0,19,16,5,3,62.0,173.0,34.0,1.0,1.0,0.0,G2,8,100T,13,0,0.743,0.359,1.101
Split,leaf,G2,Cypher,0.9,199.0,14,16,2,-2,71.0,130.0,25.0,2.0,3.0,-1.0,G2,8,100T,13,0,0.559,0.301,0.86
Split,valyn,G2,Omen,0.78,126.0,12,15,1,-3,67.0,78.0,30.0,3.0,1.0,2.0,G2,8,100T,13,0,0.475,0.316,0.791
Split,JonahP,G2,Breach,0.72,134.0,9,14,9,-5,71.0,87.0,13.0,0.0,1.0,-1.0,G2,8,100T,13,0,0.378,0.358,0.736
Split,icy,G2,Raze,0.55,133.0,7,15,7,-8,67.0,97.0,17.0,2.0,7.0,-5.0,G2,8,100T,13,0,0.379,0.289,0.668
Split,Asuna,100T,Raze,1.46,301.0,21,13,6,8,71.0,205.0,23.0,7.0,5.0,2.0,G2,8,100T,13,1,0.851,0.419,1.27
Split,bang,100T,Viper,1.27,206.0,14,10,13,4,81.0,133.0,22.0,3.0,1.0,2.0,G2,8,100T,13,1,0.704,0.459,1.163
Split,eeiu,100T,Fade,1.17,182.0,15,11,3,4,71.0,124.0,26.0,1.0,0.0,1.0,G2,8,100T,13,1,0.656,0.365,1.021
Split,Cryocells,100T,Astra,1.13,223.0,16,14,7,2,76.0,150.0,18.0,2.0,0.0,2.0,G2,8,100T,13,1,0.667,0.422,1.089
Split,Boostio,100T,Gekko,0.71,119.0,9,13,2,-4,67.0,80.0,20.0,0.0,2.0,-2.0,G2,8,100T,13,1,0.393,0.265,0.658
Lotus,johnqt,SEN,Viper,1.24,230.0,29,21,6,8,69.0,162.0,37.0,2.0,2.0,0.0,SEN,17,LEV,19,0,0.783,0.375,1.158
Lotus,Sacy,SEN,Fade,0.86,161.0,20,27,11,-7,67.0,129.0,33.0,4.0,3.0,1.0,SEN,17,LEV,19,0,0.543,0.374,0.917
Lotus,Zellsis,SEN,Killjoy,0.82,193.0,23,25,1,-2,72.0,134.0,16.0,2.0,4.0,-2.0,SEN,17,LEV,19,0,0.569,0.285,0.854
Lotus,TenZ,SEN,Omen,0.75,167.0,18,29,14,-11,64.0,117.0,27.0,5.0,6.0,-1.0,SEN,17,LEV,19,0,0.51,0.34,0.85
Lotus,zekken,SEN,Raze,0.53,170.0,20,32,5,-12,64.0,111.0,18.0,2.0,6.0,-4.0,SEN,17,LEV,19,0,0.465,0.259,0.724
Lotus,aspas,LEV,Raze,1.92,372.0,47,19,6,28,83.0,239.0,40.0,7.0,3.0,4.0,SEN,17,LEV,19,1,0.873,0.445,1.318
Lotus,kiNgg,LEV,Viper,1.2,224.0,28,22,8,6,86.0,148.0,40.0,4.0,2.0,2.0,SEN,17,LEV,19,1,0.785,0.439,1.224
Lotus,Mazino,LEV,Omen,1.06,198.0,25,20,12,5,86.0,134.0,34.0,4.0,1.0,3.0,SEN,17,LEV,19,1,0.742,0.449,1.19
Lotus,C0M,LEV,Fade,0.73,143.0,17,26,13,-9,78.0,95.0,21.0,3.0,7.0,-4.0,SEN,17,LEV,19,1,0.469,0.348,0.817
Lotus,tex,LEV,Killjoy,0.71,127.0,17,23,3,-6,72.0,87.0,27.0,3.0,2.0,1.0,SEN,17,LEV,19,1,0.462,0.299,0.762
Icebox,TenZ,SEN,Kayo,1.15,212.0,19,16,11,3,83.0,126.0,24.0,2.0,2.0,0.0,SEN,11,LEV,13,0,0.686,0.423,1.108
Icebox,zekken,SEN,Jett,1.13,237.0,21,16,1,5,67.0,146.0,40.0,5.0,2.0,3.0,SEN,11,LEV,13,0,0.782,0.348,1.131
Icebox,Zellsis,SEN,Killjoy,1.12,212.0,16,15,2,1,67.0,134.0,17.0,4.0,3.0,1.0,SEN,11,LEV,13,0,0.648,0.334,0.983
Icebox,Sacy,SEN,Gekko,0.6,107.0,8,16,5,-8,67.0,73.0,23.0,1.0,3.0,-2.0,SEN,11,LEV,13,0,0.355,0.276,0.631
Icebox,johnqt,SEN,Viper,0.59,94.0,6,15,10,-9,79.0,72.0,20.0,1.0,0.0,1.0,SEN,11,LEV,13,0,0.34,0.384,0.723
Icebox,aspas,LEV,Jett,1.14,255.0,21,15,3,6,71.0,174.0,19.0,6.0,4.0,2.0,SEN,11,LEV,13,1,0.783,0.352,1.135
Icebox,C0M,LEV,Sova,1.13,197.0,16,13,9,3,71.0,120.0,23.0,1.0,3.0,-2.0,SEN,11,LEV,13,1,0.642,0.383,1.026
Icebox,kiNgg,LEV,Viper,1.05,219.0,18,14,6,4,67.0,154.0,26.0,2.0,2.0,0.0,SEN,11,LEV,13,1,0.71,0.352,1.062
Icebox,tex,LEV,Killjoy,0.92,138.0,12,12,3,0,79.0,98.0,26.0,0.0,2.0,-2.0,SEN,11,LEV,13,1,0.518,0.307,0.825
Icebox,Mazino,LEV,Harbor,0.63,123.0,11,16,9,-5,58.0,86.0,23.0,1.0,2.0,-1.0,SEN,11,LEV,13,1,0.388,0.317,0.706
Icebox,Klaus,KRÜ,Gekko,1.31,243.0,16,11,8,5,95.0,156.0,19.0,1.0,0.0,1.0,KRU,13,MIBR,6,0,0.731,0.476,1.207
Icebox,keznit,KRÜ,Reyna,1.13,239.0,18,11,1,7,74.0,147.0,35.0,4.0,6.0,-2.0,KRU,13,MIBR,6,0,0.765,0.321,1.086
Icebox,heat,KRÜ,Kayo,1.11,200.0,14,12,11,2,84.0,134.0,30.0,1.0,1.0,0.0,KRU,13,MIBR,6,0,0.636,0.429,1.065
Icebox,Melser,KRÜ,Viper,1.06,179.0,12,9,4,3,79.0,136.0,39.0,3.0,3.0,0.0,KRU,13,MIBR,6,0,0.668,0.351,1.019
Icebox,Shyy,KRÜ,Killjoy,1.05,147.0,11,9,2,2,84.0,115.0,28.0,0.0,0.0,0.0,KRU,13,MIBR,6,0,0.575,0.365,0.941
Icebox,jzz,MIBR,Sova,1.12,210.0,15,14,3,1,74.0,150.0,45.0,2.0,1.0,1.0,KRU,13,MIBR,6,0,0.674,0.355,1.029
Icebox,frz,MIBR,Killjoy,0.92,196.0,11,13,4,-2,68.0,155.0,19.0,0.0,3.0,-3.0,KRU,13,MIBR,6,0,0.539,0.296,0.834
Icebox,artzin,MIBR,Jett,0.91,216.0,14,18,2,-4,53.0,131.0,44.0,6.0,3.0,3.0,KRU,13,MIBR,6,0,0.576,0.302,0.878
Icebox,mazin,MIBR,Viper,0.72,103.0,6,11,6,-5,74.0,70.0,23.0,0.0,1.0,-1.0,KRU,13,MIBR,6,0,0.36,0.329,0.689
Icebox,RgLMeister,MIBR,Harbor,0.57,108.0,6,15,6,-9,63.0,68.0,20.0,2.0,1.0,1.0,KRU,13,MIBR,6,0,0.355,0.312,0.667
Sunset,heat,KRÜ,Gekko,1.22,205.0,17,13,2,4,67.0,137.0,57.0,2.0,3.0,-1.0,KRU,13,MIBR,8,0,0.739,0.328,1.067
Sunset,keznit,KRÜ,Raze,1.22,297.0,20,16,5,4,67.0,217.0,22.0,3.0,2.0,1.0,KRU,13,MIBR,8,0,0.804,0.367,1.172
Sunset,Klaus,KRÜ,Breach,1.12,181.0,14,13,9,1,76.0,117.0,30.0,1.0,1.0,0.0,KRU,13,MIBR,8,0,0.602,0.417,1.019
Sunset,Melser,KRÜ,Omen,1.0,177.0,15,13,2,2,67.0,123.0,38.0,4.0,2.0,2.0,KRU,13,MIBR,8,0,0.65,0.33,0.98
Sunset,Shyy,KRÜ,Cypher,0.97,188.0,13,14,6,-1,71.0,124.0,34.0,1.0,2.0,-1.0,KRU,13,MIBR,8,0,0.564,0.341,0.906
Sunset,frz,MIBR,Cypher,0.94,210.0,16,15,2,1,67.0,115.0,22.0,2.0,4.0,-2.0,KRU,13,MIBR,8,0,0.609,0.29,0.898
Sunset,RgLMeister,MIBR,Omen,0.94,185.0,14,15,6,-1,71.0,107.0,22.0,0.0,2.0,-2.0,KRU,13,MIBR,8,0,0.537,0.33,0.867
Sunset,artzin,MIBR,Raze,0.91,207.0,14,17,2,-3,62.0,151.0,18.0,1.0,2.0,-1.0,KRU,13,MIBR,8,0,0.537,0.287,0.824
Sunset,jzz,MIBR,Skye,0.83,205.0,14,17,6,-3,67.0,138.0,37.0,5.0,2.0,3.0,KRU,13,MIBR,8,0,0.575,0.35,0.925
Sunset,mazin,MIBR,Viper,0.77,156.0,11,15,5,-4,71.0,101.0,31.0,2.0,1.0,1.0,KRU,13,MIBR,8,0,0.47,0.336,0.805
Split,Demon1,NRG,Jett,1.59,278.0,17,7,0,10,87.0,189.0,52.0,3.0,0.0,3.0,NRG,13,FUR,2,1,0.86,0.436,1.297
Split,Marved,NRG,Viper,1.57,255.0,15,6,5,9,87.0,167.0,29.0,2.0,1.0,1.0,NRG,13,FUR,2,1,0.786,0.437,1.222
Split,Victor,NRG,Raze,1.39,314.0,16,9,6,7,87.0,212.0,20.0,4.0,2.0,2.0,NRG,13,FUR,2,1,0.816,0.439,1.255
Split,crashies,NRG,Skye,1.38,232.0,14,7,8,7,100.0,140.0,52.0,0.0,0.0,0.0,NRG,13,FUR,2,1,0.753,0.483,1.236
Split,Ethan,NRG,Omen,0.82,144.0,7,9,10,-2,80.0,103.0,35.0,1.0,2.0,-1.0,NRG,13,FUR,2,1,0.472,0.374,0.846
Split,nzr,FUR,Skye,0.97,166.0,10,12,4,-2,67.0,87.0,28.0,1.0,1.0,0.0,NRG,13,FUR,2,0,0.493,0.33,0.823
Split,havoc,FUR,Raze,0.94,219.0,10,14,5,-4,73.0,162.0,23.0,1.0,4.0,-3.0,NRG,13,FUR,2,0,0.528,0.318,0.845
Split,Khalil,FUR,Omen,0.6,146.0,7,15,4,-8,67.0,87.0,19.0,1.0,0.0,1.0,NRG,13,FUR,2,0,0.373,0.309,0.682
Split,kon4n,FUR,Viper,0.42,130.0,5,14,5,-9,40.0,83.0,19.0,1.0,1.0,0.0,NRG,13,FUR,2,0,0.351,0.245,0.596
Split,mwzera,FUR,Yoru,0.41,136.0,6,14,3,-8,53.0,84.0,14.0,1.0,4.0,-3.0,NRG,13,FUR,2,0,0.346,0.214,0.56
Breeze,Victor,NRG,Cypher,1.48,295.0,24,14,2,10,71.0,196.0,28.0,3.0,1.0,2.0,NRG,13,FUR,8,1,0.859,0.396,1.255
Breeze,Demon1,NRG,Jett,1.1,265.0,21,16,1,5,76.0,183.0,51.0,6.0,3.0,3.0,NRG,13,FUR,8,1,0.828,0.36,1.188
Breeze,Ethan,NRG,Yoru,1.03,172.0,13,11,6,2,76.0,120.0,20.0,2.0,3.0,-1.0,NRG,13,FUR,8,1,0.601,0.356,0.958
Breeze,Marved,NRG,Viper,0.97,161.0,11,12,9,-1,71.0,113.0,28.0,0.0,2.0,-2.0,NRG,13,FUR,8,1,0.527,0.366,0.894
Breeze,crashies,NRG,Sova,0.69,137.0,10,15,7,-5,76.0,95.0,47.0,0.0,1.0,-1.0,NRG,13,FUR,8,1,0.431,0.341,0.772
Breeze,nzr,FUR,Sova,1.29,234.0,15,14,6,1,67.0,171.0,20.0,0.0,0.0,0.0,NRG,13,FUR,8,0,0.671,0.396,1.067
Breeze,mwzera,FUR,Yoru,1.03,220.0,17,17,7,0,71.0,133.0,39.0,1.0,2.0,-1.0,NRG,13,FUR,8,0,0.631,0.359,0.99
Breeze,kon4n,FUR,Viper,0.94,176.0,14,15,8,-1,76.0,102.0,30.0,3.0,2.0,1.0,NRG,13,FUR,8,0,0.57,0.386,0.957
Breeze,Khalil,FUR,Cypher,0.85,147.0,11,15,4,-4,62.0,106.0,18.0,1.0,0.0,1.0,NRG,13,FUR,8,0,0.444,0.327,0.771
Breeze,havoc,FUR,Jett,0.48,149.0,11,18,1,-7,57.0,91.0,60.0,5.0,7.0,-2.0,NRG,13,FUR,8,0,0.459,0.225,0.684
Lotus,runi,C9,Viper,1.37,216.0,17,14,8,3,68.0,162.0,33.0,1.0,2.0,-1.0,C9,9,EG,13,0,0.722,0.401,1.123
Lotus,moose,C9,Killjoy,0.98,175.0,13,14,3,-1,68.0,116.0,33.0,1.0,2.0,-1.0,C9,9,EG,13,0,0.552,0.304,0.856
Lotus,OXY,C9,Raze,0.82,228.0,16,20,5,-4,73.0,130.0,18.0,5.0,4.0,1.0,C9,9,EG,13,0,0.548,0.335,0.883
Lotus,Xeppaa,C9,Gekko,0.81,203.0,16,18,4,-2,64.0,118.0,30.0,1.0,2.0,-1.0,C9,9,EG,13,0,0.544,0.29,0.835
Lotus,vanity,C9,Omen,0.44,98.0,8,18,4,-10,59.0,61.0,17.0,1.0,3.0,-2.0,C9,9,EG,13,0,0.324,0.24,0.563
Lotus,supamen,EG,Omen,1.22,250.0,18,14,11,4,82.0,159.0,29.0,3.0,2.0,1.0,C9,9,EG,13,1,0.765,0.437,1.202
Lotus,NaturE,EG,Viper,1.14,202.0,18,13,2,5,73.0,133.0,46.0,2.0,2.0,0.0,C9,9,EG,13,1,0.736,0.338,1.074
Lotus,Derrek,EG,Fade,1.11,196.0,15,13,9,2,68.0,131.0,31.0,1.0,1.0,0.0,C9,9,EG,13,1,0.638,0.403,1.041
Lotus,jawgemo,EG,Raze,1.09,253.0,21,17,1,4,77.0,151.0,22.0,5.0,3.0,2.0,C9,9,EG,13,1,0.752,0.357,1.108
Lotus,Apoth,EG,Cypher,0.94,164.0,12,13,7,-1,86.0,119.0,39.0,2.0,1.0,1.0,C9,9,EG,13,1,0.562,0.401,0.963
Sunset,OXY,C9,Raze,2.02,445.0,33,15,4,18,86.0,276.0,37.0,5.0,3.0,2.0,C9,13,EG,8,1,0.87,0.423,1.293
Sunset,Xeppaa,C9,Skye,1.18,201.0,14,12,9,2,86.0,120.0,26.0,1.0,4.0,-3.0,C9,13,EG,8,1,0.63,0.409,1.039
Sunset,vanity,C9,Omen,1.03,161.0,12,12,7,0,86.0,102.0,22.0,1.0,0.0,1.0,C9,13,EG,8,1,0.538,0.42,0.958
Sunset,runi,C9,Viper,1.0,191.0,15,11,9,4,81.0,142.0,52.0,2.0,2.0,0.0,C9,13,EG,8,1,0.699,0.403,1.102
Sunset,moose,C9,Cypher,0.72,141.0,11,12,4,-1,57.0,101.0,32.0,0.0,3.0,-3.0,C9,13,EG,8,1,0.488,0.256,0.745
Sunset,Apoth,EG,Cypher,1.17,245.0,17,16,3,1,62.0,172.0,33.0,5.0,2.0,3.0,C9,13,EG,8,0,0.721,0.344,1.065
Sunset,NaturE,EG,Breach,0.95,128.0,8,14,14,-6,76.0,98.0,24.0,0.0,0.0,0.0,C9,13,EG,8,0,0.42,0.408,0.829
Sunset,Derrek,EG,Fade,0.87,199.0,12,16,7,-4,57.0,140.0,37.0,0.0,0.0,0.0,C9,13,EG,8,0,0.523,0.346,0.869
Sunset,jawgemo,EG,Raze,0.57,199.0,14,21,1,-7,52.0,134.0,33.0,5.0,2.0,3.0,C9,13,EG,8,0,0.507,0.264,0.771
Sunset,supamen,EG,Omen,0.52,137.0,10,18,3,-8,57.0,89.0,47.0,2.0,5.0,-3.0,C9,13,EG,8,0,0.424,0.224,0.648
Split,OXY,C9,Raze,2.09,444.0,27,10,4,17,94.0,286.0,24.0,5.0,3.0,2.0,C9,13,EG,4,1,0.853,0.436,1.29
Split,moose,C9,Cypher,1.44,196.0,13,8,6,5,88.0,149.0,25.0,0.0,0.0,0.0,C9,13,EG,4,1,0.713,0.447,1.16
Split,Xeppaa,C9,Skye,1.21,206.0,13,9,9,4,82.0,120.0,25.0,3.0,0.0,3.0,C9,13,EG,4,1,0.689,0.467,1.157
Split,runi,C9,Viper,1.19,182.0,12,8,5,4,76.0,124.0,29.0,2.0,0.0,2.0,C9,13,EG,4,1,0.664,0.406,1.07
Split,vanity,C9,Omen,0.92,163.0,9,10,10,-1,76.0,87.0,12.0,2.0,2.0,0.0,C9,13,EG,4,1,0.487,0.387,0.873
Split,Derrek,EG,Skye,0.71,159.0,8,15,7,-7,59.0,97.0,36.0,1.0,0.0,1.0,C9,13,EG,4,0,0.424,0.341,0.765
Split,jawgemo,EG,Raze,0.7,165.0,8,14,1,-6,47.0,121.0,32.0,2.0,3.0,-1.0,C9,13,EG,4,0,0.452,0.239,0.691
Split,NaturE,EG,Viper,0.68,168.0,9,15,4,-6,65.0,118.0,48.0,0.0,1.0,-1.0,C9,13,EG,4,0,0.456,0.288,0.744
Split,Apoth,EG,Cypher,0.65,176.0,11,15,2,-4,47.0,109.0,48.0,0.0,6.0,-6.0,C9,13,EG,4,0,0.475,0.221,0.696
Split,supamen,EG,Omen,0.59,190.0,9,15,4,-6,71.0,130.0,29.0,2.0,2.0,0.0,C9,13,EG,4,0,0.459,0.287,0.747
Bind,OXY,C9,Raze,1.11,255.0,21,19,8,2,75.0,170.0,26.0,3.0,5.0,-2.0,C9,11,LOUD,13,0,0.743,0.377,1.12
Bind,moose,C9,Cypher,1.1,191.0,19,14,1,5,75.0,115.0,31.0,1.0,0.0,1.0,C9,11,LOUD,13,0,0.687,0.364,1.051
Bind,runi,C9,Viper,1.03,199.0,18,16,6,2,88.0,133.0,37.0,2.0,1.0,1.0,C9,11,LOUD,13,0,0.668,0.403,1.071
Bind,vanity,C9,Brimstone,1.02,196.0,17,16,10,1,75.0,126.0,21.0,5.0,3.0,2.0,C9,11,LOUD,13,0,0.636,0.413,1.048
Bind,Xeppaa,C9,Skye,0.7,132.0,11,17,12,-6,75.0,84.0,29.0,2.0,2.0,0.0,C9,11,LOUD,13,0,0.422,0.362,0.784
Bind,Less,LOUD,Viper,1.33,278.0,25,16,1,9,67.0,196.0,46.0,3.0,1.0,2.0,C9,11,LOUD,13,1,0.859,0.375,1.233
Bind,tuyz,LOUD,Brimstone,1.16,219.0,17,18,12,-1,71.0,144.0,28.0,1.0,0.0,1.0,C9,11,LOUD,13,1,0.623,0.431,1.054
Bind,cauanzin,LOUD,Kayo,1.0,211.0,16,19,8,-3,75.0,138.0,23.0,2.0,2.0,0.0,C9,11,LOUD,13,1,0.572,0.382,0.954
Bind,qck,LOUD,Raze,0.84,169.0,14,18,4,-4,71.0,105.0,20.0,4.0,6.0,-2.0,C9,11,LOUD,13,1,0.5,0.297,0.796
Bind,saadhak,LOUD,Breach,0.8,128.0,10,15,9,-5,71.0,92.0,24.0,1.0,4.0,-3.0,C9,11,LOUD,13,1,0.41,0.344,0.754
Icebox,runi,C9,Sova,1.49,268.0,19,9,2,10,88.0,182.0,37.0,3.0,1.0,2.0,C9,13,LOUD,4,1,0.844,0.425,1.269
Icebox,OXY,C9,Jett,1.3,309.0,21,14,1,7,71.0,190.0,28.0,7.0,2.0,5.0,C9,13,LOUD,4,1,0.84,0.373,1.213
Icebox,vanity,C9,Viper,1.17,169.0,10,7,6,3,82.0,118.0,21.0,1.0,0.0,1.0,C9,13,LOUD,4,1,0.601,0.417,1.018
Icebox,Xeppaa,C9,Sage,1.14,170.0,9,9,19,0,88.0,109.0,28.0,2.0,1.0,1.0,C9,13,LOUD,4,1,0.568,0.448,1.016
Icebox,moose,C9,Killjoy,1.12,157.0,10,6,3,4,82.0,103.0,16.0,0.0,0.0,0.0,C9,13,LOUD,4,1,0.587,0.369,0.957
Icebox,saadhak,LOUD,Killjoy,1.08,279.0,13,14,3,-1,53.0,212.0,20.0,1.0,3.0,-2.0,C9,13,LOUD,4,0,0.644,0.281,0.925
Icebox,cauanzin,LOUD,Sova,0.94,178.0,9,13,8,-4,76.0,135.0,29.0,0.0,2.0,-2.0,C9,13,LOUD,4,0,0.494,0.36,0.854
Icebox,tuyz,LOUD,Harbor,0.76,145.0,8,13,3,-5,65.0,90.0,32.0,1.0,1.0,0.0,C9,13,LOUD,4,0,0.414,0.294,0.707
Icebox,Less,LOUD,Viper,0.6,143.0,9,14,2,-5,41.0,87.0,25.0,0.0,3.0,-3.0,C9,13,LOUD,4,0,0.389,0.206,0.595
Icebox,qck,LOUD,Jett,0.47,121.0,6,15,2,-9,53.0,83.0,17.0,2.0,4.0,-2.0,C9,13,LOUD,4,0,0.358,0.218,0.577
Lotus,Xeppaa,C9,Gekko,1.37,226.0,20,13,10,7,91.0,134.0,27.0,1.0,1.0,0.0,C9,13,LOUD,9,1,0.745,0.469,1.213
Lotus,runi,C9,Viper,1.24,210.0,18,13,7,5,86.0,142.0,43.0,2.0,2.0,0.0,C9,13,LOUD,9,1,0.753,0.415,1.168
Lotus,OXY,C9,Raze,1.21,285.0,21,16,8,5,82.0,202.0,28.0,7.0,6.0,1.0,C9,13,LOUD,9,1,0.829,0.425,1.254
Lotus,vanity,C9,Omen,0.91,136.0,10,13,12,-3,82.0,93.0,19.0,1.0,1.0,0.0,C9,13,LOUD,9,1,0.448,0.405,0.853
Lotus,moose,C9,Killjoy,0.9,124.0,10,12,6,-2,82.0,82.0,23.0,1.0,0.0,1.0,C9,13,LOUD,9,1,0.455,0.388,0.844
Lotus,saadhak,LOUD,Deadlock,1.32,286.0,23,17,6,6,73.0,170.0,26.0,2.0,3.0,-1.0,C9,13,LOUD,9,0,0.81,0.382,1.192
Lotus,Less,LOUD,Viper,0.9,170.0,11,14,8,-3,82.0,107.0,18.0,1.0,1.0,0.0,C9,13,LOUD,9,0,0.476,0.393,0.869
Lotus,cauanzin,LOUD,Fade,0.88,184.0,14,17,2,-3,68.0,116.0,23.0,4.0,2.0,2.0,C9,13,LOUD,9,0,0.538,0.319,0.857
Lotus,qck,LOUD,Raze,0.83,188.0,11,16,9,-5,68.0,151.0,12.0,3.0,5.0,-2.0,C9,13,LOUD,9,0,0.495,0.347,0.842
Lotus,tuyz,LOUD,Omen,0.63,94.0,8,15,4,-7,50.0,60.0,20.0,0.0,1.0,-1.0,C9,13,LOUD,9,0,0.343,0.257,0.6
Lotus,TenZ,SEN,Omen,1.73,295.0,18,7,9,11,94.0,191.0,27.0,2.0,0.0,2.0,SEN,13,MIBR,3,1,0.829,0.511,1.339
Lotus,Zellsis,SEN,Killjoy,1.43,238.0,14,8,8,6,88.0,179.0,17.0,0.0,1.0,-1.0,SEN,13,MIBR,3,1,0.744,0.45,1.194
Lotus,zekken,SEN,Raze,1.41,319.0,18,10,4,8,94.0,205.0,22.0,6.0,4.0,2.0,SEN,13,MIBR,3,1,0.83,0.43,1.26
Lotus,johnqt,SEN,Viper,1.37,246.0,14,8,10,6,88.0,147.0,30.0,1.0,1.0,0.0,SEN,13,MIBR,3,1,0.739,0.464,1.203
Lotus,Sacy,SEN,Fade,1.05,150.0,10,8,6,2,81.0,101.0,38.0,1.0,0.0,1.0,SEN,13,MIBR,3,1,0.575,0.402,0.977
Lotus,mazin,MIBR,Viper,0.93,166.0,11,12,4,-1,50.0,90.0,23.0,0.0,3.0,-3.0,SEN,13,MIBR,3,0,0.504,0.267,0.771
Lotus,frz,MIBR,Killjoy,0.64,137.0,7,15,1,-8,44.0,103.0,33.0,1.0,2.0,-1.0,SEN,13,MIBR,3,0,0.402,0.228,0.63
Lotus,jzz,MIBR,Skye,0.6,162.0,9,16,3,-7,50.0,120.0,45.0,1.0,1.0,0.0,SEN,13,MIBR,3,0,0.443,0.251,0.695
Lotus,RgLMeister,MIBR,Omen,0.59,134.0,7,15,6,-8,50.0,83.0,32.0,1.0,0.0,1.0,SEN,13,MIBR,3,0,0.381,0.302,0.683
Lotus,artzin,MIBR,Raze,0.46,166.0,7,16,4,-9,56.0,110.0,25.0,3.0,4.0,-1.0,SEN,13,MIBR,3,0,0.425,0.243,0.668
Bind,TenZ,SEN,Gekko,1.53,207.0,16,8,13,8,80.0,124.0,31.0,2.0,0.0,2.0,SEN,13,MIBR,7,1,0.741,0.487,1.229
Bind,zekken,SEN,Raze,1.43,330.0,22,14,6,8,85.0,201.0,28.0,8.0,3.0,5.0,SEN,13,MIBR,7,1,0.854,0.444,1.298
Bind,johnqt,SEN,Viper,1.29,202.0,15,9,6,6,90.0,136.0,33.0,0.0,3.0,-3.0,SEN,13,MIBR,7,1,0.711,0.394,1.105
Bind,Zellsis,SEN,Brimstone,1.11,167.0,12,11,10,1,80.0,111.0,20.0,0.0,1.0,-1.0,SEN,13,MIBR,7,1,0.567,0.414,0.981
Bind,Sacy,SEN,Skye,0.86,150.0,12,11,3,1,80.0,90.0,50.0,2.0,1.0,1.0,SEN,13,MIBR,7,1,0.569,0.338,0.907
Bind,RgLMeister,MIBR,Brimstone,1.0,201.0,14,16,4,-2,50.0,133.0,43.0,2.0,0.0,2.0,SEN,13,MIBR,7,0,0.594,0.332,0.925
Bind,mazin,MIBR,Kayo,0.99,166.0,9,14,15,-5,70.0,103.0,44.0,1.0,0.0,1.0,SEN,13,MIBR,7,0,0.475,0.411,0.886
Bind,artzin,MIBR,Raze,0.76,194.0,14,16,3,-2,50.0,137.0,25.0,2.0,4.0,-2.0,SEN,13,MIBR,7,0,0.546,0.242,0.788
Bind,frz,MIBR,Viper,0.7,144.0,10,15,5,-5,55.0,98.0,15.0,1.0,6.0,-5.0,SEN,13,MIBR,7,0,0.397,0.262,0.659
Bind,jzz,MIBR,Skye,0.46,106.0,6,16,3,-10,55.0,69.0,32.0,2.0,2.0,0.0,SEN,13,MIBR,7,0,0.363,0.239,0.602
Lotus,keznit,KRÜ,Raze,1.57,329.0,23,10,2,13,72.0,206.0,27.0,3.0,3.0,0.0,KRU,13,EG,5,0,0.857,0.371,1.229
Lotus,Klaus,KRÜ,Viper,1.3,255.0,17,8,1,9,78.0,159.0,28.0,4.0,2.0,2.0,KRU,13,EG,5,0,0.785,0.381,1.166
Lotus,heat,KRÜ,Fade,1.12,216.0,13,11,7,2,89.0,133.0,60.0,1.0,1.0,0.0,KRU,13,EG,5,0,0.669,0.417,1.086
Lotus,Melser,KRÜ,Omen,0.95,179.0,10,11,7,-1,72.0,142.0,37.0,2.0,1.0,1.0,KRU,13,EG,5,0,0.574,0.379,0.953
Lotus,Shyy,KRÜ,Killjoy,0.85,159.0,11,11,3,0,83.0,119.0,21.0,1.0,0.0,1.0,KRU,13,EG,5,0,0.523,0.351,0.874
Lotus,supamen,EG,Omen,1.05,198.0,13,13,5,0,72.0,122.0,35.0,1.0,1.0,0.0,KRU,13,EG,5,0,0.592,0.358,0.951
Lotus,NaturE,EG,Viper,0.95,203.0,13,15,3,-2,61.0,123.0,35.0,1.0,0.0,1.0,KRU,13,EG,5,0,0.555,0.325,0.88
Lotus,Derrek,EG,Fade,0.82,174.0,9,13,6,-4,78.0,114.0,35.0,1.0,0.0,1.0,KRU,13,EG,5,0,0.473,0.373,0.846
Lotus,Apoth,EG,Cypher,0.64,166.0,8,16,4,-8,50.0,110.0,33.0,3.0,5.0,-2.0,KRU,13,EG,5,0,0.455,0.24,0.696
Lotus,jawgemo,EG,Raze,0.37,126.0,8,17,1,-9,39.0,84.0,22.0,1.0,5.0,-4.0,KRU,13,EG,5,0,0.359,0.191,0.549
Breeze,Melser,KRÜ,Viper,1.38,196.0,17,10,6,7,68.0,135.0,39.0,0.0,1.0,-1.0,KRU,13,EG,9,0,0.733,0.389,1.122
Breeze,heat,KRÜ,Kayo,1.29,245.0,18,12,4,6,68.0,166.0,43.0,2.0,2.0,0.0,KRU,13,EG,9,0,0.791,0.357,1.147
Breeze,Klaus,KRÜ,Sova,1.25,220.0,18,13,8,5,77.0,141.0,40.0,4.0,0.0,4.0,KRU,13,EG,9,0,0.77,0.452,1.222
Breeze,Shyy,KRÜ,Cypher,1.04,166.0,12,12,10,0,73.0,104.0,15.0,1.0,2.0,-1.0,KRU,13,EG,9,0,0.531,0.386,0.917
Breeze,keznit,KRÜ,Jett,0.86,174.0,14,13,3,1,59.0,123.0,38.0,3.0,7.0,-4.0,KRU,13,EG,9,0,0.614,0.263,0.877
Breeze,Derrek,EG,Sova,1.05,184.0,16,15,0,1,50.0,132.0,42.0,1.0,0.0,1.0,KRU,13,EG,9,0,0.628,0.317,0.946
Breeze,supamen,EG,Viper,0.87,198.0,15,18,1,-3,64.0,143.0,43.0,4.0,1.0,3.0,KRU,13,EG,9,0,0.59,0.325,0.915
Breeze,NaturE,EG,Yoru,0.81,180.0,13,17,2,-4,45.0,123.0,34.0,3.0,3.0,0.0,KRU,13,EG,9,0,0.528,0.256,0.784
Breeze,jawgemo,EG,Jett,0.63,153.0,10,16,4,-6,50.0,101.0,34.0,1.0,3.0,-2.0,KRU,13,EG,9,0,0.422,0.239,0.662
Breeze,Apoth,EG,Astra,0.58,84.0,6,13,2,-7,50.0,53.0,35.0,3.0,3.0,0.0,KRU,13,EG,9,0,0.383,0.24,0.623
Lotus,leaf,G2,Killjoy,1.49,242.0,19,6,1,13,88.0,123.0,18.0,2.0,0.0,2.0,G2,13,FUR,3,1,0.753,0.434,1.187
Lotus,trent,G2,Fade,1.42,192.0,12,5,7,7,88.0,117.0,38.0,1.0,0.0,1.0,G2,13,FUR,3,1,0.699,0.465,1.164
Lotus,icy,G2,Raze,1.36,298.0,15,10,4,5,88.0,196.0,19.0,8.0,1.0,7.0,G2,13,FUR,3,1,0.807,0.428,1.235
Lotus,JonahP,G2,Viper,1.27,213.0,11,9,7,2,94.0,138.0,28.0,0.0,1.0,-1.0,G2,13,FUR,3,1,0.646,0.432,1.078
Lotus,valyn,G2,Omen,1.09,158.0,10,8,8,2,94.0,92.0,25.0,2.0,1.0,1.0,G2,13,FUR,3,1,0.576,0.441,1.018
Lotus,kon4n,FUR,Viper,1.02,223.0,14,13,1,1,75.0,135.0,38.0,2.0,2.0,0.0,G2,13,FUR,3,0,0.648,0.329,0.976
Lotus,havoc,FUR,Killjoy,0.76,182.0,9,14,3,-5,38.0,135.0,29.0,0.0,2.0,-2.0,G2,13,FUR,3,0,0.462,0.222,0.684
Lotus,nzr,FUR,Fade,0.7,109.0,6,12,2,-6,44.0,68.0,14.0,0.0,1.0,-1.0,G2,13,FUR,3,0,0.345,0.243,0.588
Lotus,mwzera,FUR,Raze,0.46,143.0,6,15,7,-9,75.0,97.0,5.0,1.0,5.0,-4.0,G2,13,FUR,3,0,0.341,0.296,0.637
Lotus,Khalil,FUR,Omen,0.28,78.0,3,13,3,-10,50.0,59.0,16.0,0.0,3.0,-3.0,G2,13,FUR,3,0,0.317,0.209,0.526
Icebox,trent,G2,Sova,2.04,304.0,19,5,7,14,88.0,205.0,30.0,1.0,0.0,1.0,G2,13,FUR,3,1,0.822,0.47,1.292
Icebox,JonahP,G2,Viper,1.62,286.0,19,8,3,11,88.0,180.0,28.0,3.0,0.0,3.0,G2,13,FUR,3,1,0.841,0.438,1.279
Icebox,leaf,G2,Killjoy,1.52,246.0,14,5,4,9,94.0,170.0,19.0,3.0,1.0,2.0,G2,13,FUR,3,1,0.779,0.446,1.225
Icebox,icy,G2,Gekko,0.97,164.0,11,10,4,1,88.0,92.0,25.0,3.0,2.0,1.0,G2,13,FUR,3,1,0.571,0.365,0.936
Icebox,valyn,G2,Harbor,0.9,164.0,9,9,4,0,75.0,99.0,16.0,1.0,2.0,-1.0,G2,13,FUR,3,1,0.5,0.318,0.819
Icebox,nzr,FUR,Kayo,1.08,226.0,14,14,2,0,63.0,130.0,24.0,2.0,0.0,2.0,G2,13,FUR,3,0,0.62,0.351,0.97
Icebox,Khalil,FUR,Killjoy,0.72,160.0,7,13,5,-6,44.0,138.0,39.0,1.0,3.0,-2.0,G2,13,FUR,3,0,0.451,0.25,0.702
Icebox,havoc,FUR,Gekko,0.56,137.0,8,14,2,-6,56.0,93.0,64.0,1.0,3.0,-2.0,G2,13,FUR,3,0,0.418,0.231,0.649
Icebox,mwzera,FUR,Omen,0.2,100.0,5,16,5,-11,44.0,60.0,50.0,1.0,2.0,-1.0,G2,13,FUR,3,0,0.361,0.234,0.595
Icebox,kon4n,FUR,Viper,0.13,72.0,3,15,1,-12,25.0,60.0,21.0,0.0,3.0,-3.0,G2,13,FUR,3,0,0.325,0.186,0.511
Sunset,Ethan,NRG,Kayo,1.32,286.0,16,14,7,2,71.0,165.0,22.0,2.0,1.0,1.0,NRG,4,LEV,13,0,0.733,0.416,1.15
Sunset,crashies,NRG,Gekko,0.79,146.0,8,14,3,-6,53.0,107.0,37.0,0.0,1.0,-1.0,NRG,4,LEV,13,0,0.434,0.268,0.702
Sunset,Marved,NRG,Omen,0.47,126.0,7,16,4,-9,41.0,88.0,29.0,1.0,2.0,-1.0,NRG,4,LEV,13,0,0.366,0.218,0.584
Sunset,Demon1,NRG,Raze,0.39,112.0,6,15,2,-9,47.0,80.0,17.0,0.0,9.0,-9.0,NRG,4,LEV,13,0,0.337,0.204,0.541
Sunset,Victor,NRG,Cypher,0.38,119.0,6,15,2,-9,41.0,74.0,27.0,1.0,0.0,1.0,NRG,4,LEV,13,0,0.351,0.243,0.594
Sunset,kiNgg,LEV,Omen,1.6,293.0,18,9,10,9,88.0,190.0,40.0,2.0,0.0,2.0,NRG,4,LEV,13,1,0.844,0.501,1.345
Sunset,Mazino,LEV,Breach,1.54,305.0,20,11,7,9,82.0,200.0,49.0,3.0,1.0,2.0,NRG,4,LEV,13,1,0.878,0.459,1.337
Sunset,aspas,LEV,Raze,1.4,216.0,15,7,3,8,88.0,157.0,30.0,4.0,2.0,2.0,NRG,4,LEV,13,1,0.769,0.408,1.177
Sunset,tex,LEV,Gekko,1.29,189.0,12,7,8,5,88.0,129.0,34.0,2.0,0.0,2.0,NRG,4,LEV,13,1,0.702,0.47,1.173
Sunset,C0M,LEV,Cypher,0.97,154.0,9,9,8,0,88.0,98.0,26.0,2.0,1.0,1.0,NRG,4,LEV,13,1,0.532,0.419,0.951
Bind,Marved,NRG,Viper,1.03,274.0,16,14,1,2,71.0,176.0,24.0,2.0,2.0,0.0,NRG,4,LEV,13,0,0.707,0.323,1.03
Bind,Ethan,NRG,Kayo,0.78,134.0,7,14,6,-7,47.0,80.0,33.0,0.0,0.0,0.0,NRG,4,LEV,13,0,0.4,0.308,0.709
Bind,Victor,NRG,Brimstone,0.56,148.0,7,15,6,-8,76.0,88.0,36.0,2.0,1.0,1.0,NRG,4,LEV,13,0,0.408,0.333,0.74
Bind,crashies,NRG,Gekko,0.41,91.0,6,14,1,-8,24.0,61.0,47.0,0.0,2.0,-2.0,NRG,4,LEV,13,0,0.356,0.191,0.547
Bind,Demon1,NRG,Raze,0.38,133.0,7,15,3,-8,41.0,85.0,44.0,2.0,6.0,-4.0,NRG,4,LEV,13,0,0.4,0.194,0.594
Bind,aspas,LEV,Raze,1.61,283.0,19,8,4,11,76.0,181.0,33.0,3.0,1.0,2.0,NRG,4,LEV,13,1,0.846,0.416,1.262
Bind,kiNgg,LEV,Viper,1.53,248.0,16,8,10,8,82.0,171.0,21.0,1.0,1.0,0.0,NRG,4,LEV,13,1,0.763,0.464,1.228
Bind,Mazino,LEV,Brimstone,1.47,279.0,17,10,8,7,88.0,185.0,27.0,3.0,2.0,1.0,NRG,4,LEV,13,1,0.83,0.463,1.293
Bind,tex,LEV,Gekko,1.09,179.0,11,9,4,2,71.0,110.0,37.0,3.0,1.0,2.0,NRG,4,LEV,13,1,0.633,0.367,1.0
Bind,C0M,LEV,Skye,1.02,134.0,8,8,7,0,82.0,98.0,38.0,1.0,1.0,0.0,NRG,4,LEV,13,1,0.523,0.394,0.917
Bind,OXY,C9,Raze,1.07,256.0,18,18,3,0,60.0,169.0,41.0,4.0,4.0,0.0,C9,7,100T,13,0,0.713,0.309,1.021
Bind,Xeppaa,C9,Skye,1.01,184.0,12,15,6,-3,70.0,143.0,29.0,1.0,2.0,-1.0,C9,7,100T,13,0,0.538,0.344,0.882
Bind,moose,C9,Cypher,0.68,119.0,8,16,3,-8,55.0,69.0,16.0,2.0,0.0,2.0,C9,7,100T,13,0,0.371,0.295,0.666
Bind,vanity,C9,Brimstone,0.66,143.0,10,17,9,-7,70.0,93.0,26.0,0.0,4.0,-4.0,C9,7,100T,13,0,0.405,0.328,0.733
Bind,runi,C9,Viper,0.63,162.0,11,17,2,-6,65.0,112.0,26.0,2.0,1.0,1.0,C9,7,100T,13,0,0.443,0.288,0.732
Bind,Asuna,100T,Raze,1.47,285.0,22,11,4,11,90.0,191.0,22.0,3.0,1.0,2.0,C9,7,100T,13,1,0.848,0.439,1.287
Bind,eeiu,100T,Fade,1.37,221.0,17,9,4,8,80.0,158.0,31.0,1.0,0.0,1.0,C9,7,100T,13,1,0.749,0.412,1.162
Bind,bang,100T,Viper,1.19,193.0,15,10,4,5,85.0,113.0,28.0,2.0,3.0,-1.0,C9,7,100T,13,1,0.689,0.366,1.055
Bind,Cryocells,100T,Brimstone,1.13,249.0,18,15,5,3,75.0,161.0,27.0,3.0,1.0,2.0,C9,7,100T,13,1,0.739,0.389,1.128
Bind,Boostio,100T,Gekko,0.75,175.0,11,14,7,-3,90.0,119.0,16.0,2.0,4.0,-2.0,C9,7,100T,13,1,0.482,0.352,0.834
Ascent,OXY,C9,Jett,0.91,253.0,17,19,4,-2,68.0,161.0,31.0,5.0,3.0,2.0,C9,6,100T,13,0,0.643,0.334,0.976
Ascent,Xeppaa,C9,Kayo,0.79,176.0,9,16,11,-7,74.0,128.0,16.0,0.0,1.0,-1.0,C9,6,100T,13,0,0.438,0.37,0.809
Ascent,vanity,C9,Omen,0.75,160.0,9,16,9,-7,42.0,108.0,21.0,2.0,1.0,1.0,C9,6,100T,13,0,0.436,0.33,0.766
Ascent,runi,C9,Sova,0.55,91.0,6,15,2,-9,47.0,65.0,19.0,1.0,2.0,-1.0,C9,6,100T,13,0,0.329,0.223,0.553
Ascent,moose,C9,Cypher,0.47,115.0,7,16,4,-9,53.0,89.0,18.0,0.0,4.0,-4.0,C9,6,100T,13,0,0.346,0.225,0.571
Ascent,Cryocells,100T,Jett,1.57,314.0,22,10,6,12,84.0,202.0,16.0,6.0,3.0,3.0,C9,6,100T,13,1,0.841,0.446,1.287
Ascent,bang,100T,Omen,1.55,279.0,21,9,7,12,95.0,169.0,37.0,2.0,1.0,1.0,C9,6,100T,13,1,0.835,0.472,1.308
Ascent,Asuna,100T,Kayo,1.44,216.0,14,10,23,4,89.0,130.0,22.0,0.0,1.0,-1.0,C9,6,100T,13,1,0.695,0.464,1.159
Ascent,eeiu,100T,Sova,1.38,166.0,12,8,5,4,84.0,130.0,31.0,0.0,0.0,0.0,C9,6,100T,13,1,0.668,0.423,1.09
Ascent,Boostio,100T,Killjoy,1.09,214.0,13,11,8,2,79.0,143.0,17.0,3.0,3.0,0.0,C9,6,100T,13,1,0.653,0.399,1.052
Lotus,TenZ,SEN,Omen,1.39,261.0,21,17,14,4,74.0,167.0,16.0,1.0,0.0,1.0,SEN,13,EG,10,1,0.758,0.46,1.219
Lotus,zekken,SEN,Raze,1.26,255.0,22,16,3,6,87.0,175.0,24.0,7.0,4.0,3.0,SEN,13,EG,10,1,0.804,0.396,1.2
Lotus,johnqt,SEN,Viper,1.2,201.0,18,14,11,4,83.0,122.0,22.0,1.0,1.0,0.0,SEN,13,EG,10,1,0.676,0.437,1.113
Lotus,Zellsis,SEN,Killjoy,0.99,224.0,16,17,6,-1,61.0,143.0,19.0,3.0,4.0,-1.0,SEN,13,EG,10,1,0.619,0.327,0.946
Lotus,Sacy,SEN,Fade,0.55,131.0,10,19,5,-9,61.0,91.0,39.0,0.0,2.0,-2.0,SEN,13,EG,10,1,0.402,0.26,0.663
Lotus,jawgemo,EG,Raze,1.49,383.0,29,19,3,10,61.0,242.0,18.0,7.0,3.0,4.0,SEN,13,EG,10,0,0.844,0.374,1.219
Lotus,Apoth,EG,Cypher,1.12,229.0,19,16,3,3,57.0,157.0,66.0,1.0,2.0,-1.0,SEN,13,EG,10,0,0.734,0.301,1.034
Lotus,supamen,EG,Omen,0.85,161.0,14,18,6,-4,91.0,115.0,35.0,2.0,1.0,1.0,SEN,13,EG,10,0,0.508,0.389,0.897
Lotus,Derrek,EG,Fade,0.75,130.0,12,16,1,-4,52.0,98.0,32.0,1.0,2.0,-1.0,SEN,13,EG,10,0,0.444,0.253,0.697
Lotus,NaturE,EG,Viper,0.39,108.0,9,18,3,-9,48.0,70.0,24.0,0.0,4.0,-4.0,SEN,13,EG,10,0,0.348,0.206,0.554
Bind,Sacy,SEN,Skye,1.35,231.0,21,14,7,7,75.0,142.0,35.0,3.0,2.0,1.0,SEN,11,EG,13,0,0.795,0.417,1.211
Bind,johnqt,SEN,Viper,1.15,209.0,17,17,8,0,54.0,135.0,23.0,1.0,0.0,1.0,SEN,11,EG,13,0,0.62,0.39,1.01
Bind,Zellsis,SEN,Brimstone,0.98,202.0,15,17,10,-2,71.0,127.0,33.0,4.0,3.0,1.0,SEN,11,EG,13,0,0.597,0.393,0.99
Bind,TenZ,SEN,Gekko,0.84,192.0,14,18,6,-4,63.0,131.0,30.0,4.0,3.0,1.0,SEN,11,EG,13,0,0.541,0.332,0.873
Bind,zekken,SEN,Raze,0.47,132.0,9,19,6,-10,50.0,100.0,18.0,2.0,2.0,0.0,SEN,11,EG,13,0,0.385,0.264,0.649
Bind,NaturE,EG,Skye,1.49,273.0,24,14,14,10,79.0,172.0,26.0,2.0,0.0,2.0,SEN,11,EG,13,1,0.821,0.486,1.307
Bind,Apoth,EG,Brimstone,1.34,251.0,22,14,10,8,71.0,159.0,28.0,0.0,4.0,-4.0,SEN,11,EG,13,1,0.776,0.401,1.177
Bind,Derrek,EG,Gekko,0.93,164.0,14,16,6,-2,71.0,104.0,18.0,1.0,4.0,-3.0,SEN,11,EG,13,1,0.503,0.324,0.827
Bind,supamen,EG,Viper,0.91,201.0,17,16,2,1,54.0,128.0,29.0,6.0,2.0,4.0,SEN,11,EG,13,1,0.639,0.303,0.942
Bind,jawgemo,EG,Raze,0.6,113.0,8,16,4,-8,67.0,89.0,13.0,1.0,4.0,-3.0,SEN,11,EG,13,1,0.352,0.26,0.613
Sunset,zekken,SEN,Raze,1.2,305.0,23,20,1,3,70.0,204.0,24.0,7.0,2.0,5.0,SEN,10,EG,13,0,0.795,0.361,1.155
Sunset,Zellsis,SEN,Kayo,1.06,185.0,15,16,16,-1,61.0,119.0,27.0,0.0,4.0,-4.0,SEN,10,EG,13,0,0.569,0.355,0.924
Sunset,johnqt,SEN,Cypher,1.01,211.0,19,16,8,3,74.0,120.0,21.0,1.0,3.0,-2.0,SEN,10,EG,13,0,0.647,0.364,1.012
Sunset,TenZ,SEN,Omen,0.96,215.0,17,18,12,-1,83.0,121.0,35.0,3.0,2.0,1.0,SEN,10,EG,13,0,0.623,0.411,1.035
Sunset,Sacy,SEN,Gekko,0.62,131.0,9,17,11,-8,70.0,101.0,20.0,0.0,1.0,-1.0,SEN,10,EG,13,0,0.387,0.345,0.733
Sunset,jawgemo,EG,Raze,1.27,262.0,22,16,3,6,78.0,167.0,27.0,6.0,3.0,3.0,SEN,10,EG,13,1,0.807,0.382,1.189
Sunset,supamen,EG,Omen,1.1,221.0,20,17,6,3,74.0,137.0,44.0,2.0,3.0,-1.0,SEN,10,EG,13,1,0.72,0.36,1.081
Sunset,Derrek,EG,Fade,0.99,213.0,18,18,8,0,74.0,147.0,33.0,2.0,0.0,2.0,SEN,10,EG,13,1,0.645,0.415,1.06
Sunset,NaturE,EG,Breach,0.98,166.0,15,15,11,0,78.0,119.0,34.0,0.0,0.0,0.0,SEN,10,EG,13,1,0.575,0.415,0.99
Sunset,Apoth,EG,Cypher,0.71,164.0,12,17,2,-5,52.0,107.0,33.0,2.0,5.0,-3.0,SEN,10,EG,13,1,0.463,0.236,0.699
Split,Victor,NRG,Raze,1.48,329.0,26,16,4,10,73.0,219.0,31.0,0.0,2.0,-2.0,NRG,13,MIBR,9,1,0.832,0.367,1.199
Split,Ethan,NRG,Omen,1.06,199.0,15,13,11,2,91.0,138.0,20.0,1.0,2.0,-1.0,NRG,13,MIBR,9,1,0.624,0.418,1.042
Split,crashies,NRG,Skye,0.89,153.0,13,13,3,0,59.0,84.0,28.0,3.0,2.0,1.0,NRG,13,MIBR,9,1,0.55,0.297,0.847
Split,Demon1,NRG,Jett,0.86,184.0,14,17,4,-3,73.0,116.0,26.0,3.0,3.0,0.0,NRG,13,MIBR,9,1,0.54,0.319,0.859
Split,Marved,NRG,Viper,0.81,160.0,11,14,7,-3,68.0,113.0,24.0,1.0,5.0,-4.0,NRG,13,MIBR,9,1,0.474,0.318,0.792
Split,artzin,MIBR,Jett,1.41,289.0,20,17,8,3,82.0,193.0,31.0,4.0,1.0,3.0,NRG,13,MIBR,9,0,0.821,0.468,1.29
Split,frz,MIBR,Viper,0.99,180.0,13,15,9,-2,73.0,118.0,27.0,1.0,1.0,0.0,NRG,13,MIBR,9,0,0.535,0.398,0.933
Split,jzz,MIBR,Raze,0.96,227.0,17,17,4,0,73.0,147.0,16.0,7.0,3.0,4.0,NRG,13,MIBR,9,0,0.635,0.352,0.987
Split,RgLMeister,MIBR,Astra,0.76,137.0,11,15,7,-4,55.0,81.0,15.0,1.0,1.0,0.0,NRG,13,MIBR,9,0,0.408,0.321,0.73
Split,mazin,MIBR,Skye,0.75,123.0,12,15,4,-3,59.0,80.0,24.0,1.0,2.0,-1.0,NRG,13,MIBR,9,0,0.433,0.276,0.709
Breeze,Ethan,NRG,Yoru,1.65,289.0,19,6,2,13,81.0,190.0,24.0,1.0,3.0,-2.0,NRG,13,MIBR,3,1,0.814,0.369,1.183
Breeze,Victor,NRG,Cypher,1.5,231.0,14,5,4,9,88.0,141.0,43.0,3.0,0.0,3.0,NRG,13,MIBR,3,1,0.783,0.449,1.233
Breeze,crashies,NRG,Sova,1.43,249.0,16,8,4,8,81.0,164.0,24.0,2.0,1.0,1.0,NRG,13,MIBR,3,1,0.774,0.411,1.185
Breeze,Marved,NRG,Viper,1.33,233.0,15,7,4,8,81.0,156.0,50.0,3.0,0.0,3.0,NRG,13,MIBR,3,1,0.791,0.423,1.214
Breeze,Demon1,NRG,Jett,1.06,163.0,8,7,5,1,94.0,123.0,25.0,2.0,1.0,1.0,NRG,13,MIBR,3,1,0.572,0.405,0.976
Breeze,jzz,MIBR,Sova,0.99,210.0,10,14,4,-4,56.0,163.0,41.0,1.0,1.0,0.0,NRG,13,MIBR,3,0,0.551,0.314,0.865
Breeze,frz,MIBR,Cypher,0.97,153.0,9,13,2,-4,38.0,98.0,23.0,2.0,3.0,-1.0,NRG,13,MIBR,3,0,0.468,0.253,0.721
Breeze,artzin,MIBR,Jett,0.44,151.0,7,16,3,-9,44.0,101.0,29.0,2.0,6.0,-4.0,NRG,13,MIBR,3,0,0.402,0.199,0.601
Breeze,RgLMeister,MIBR,Viper,0.33,74.0,5,15,3,-10,50.0,46.0,27.0,0.0,0.0,0.0,NRG,13,MIBR,3,0,0.333,0.249,0.582
Breeze,mazin,MIBR,Kayo,0.15,50.0,2,14,4,-12,31.0,40.0,17.0,0.0,1.0,-1.0,NRG,13,MIBR,3,0,0.319,0.22,0.538
Breeze,valyn,G2,Harbor,1.01,220.0,14,16,2,-2,47.0,151.0,36.0,1.0,1.0,0.0,G2,6,LEV,13,0,0.593,0.29,0.883
Breeze,leaf,G2,Cypher,0.89,206.0,14,15,3,-1,63.0,135.0,30.0,0.0,3.0,-3.0,G2,6,LEV,13,0,0.571,0.273,0.844
Breeze,JonahP,G2,Viper,0.8,157.0,10,14,4,-4,58.0,103.0,30.0,1.0,0.0,1.0,G2,6,LEV,13,0,0.454,0.315,0.769
Breeze,trent,G2,Sova,0.78,144.0,10,15,2,-5,42.0,103.0,30.0,3.0,3.0,0.0,G2,6,LEV,13,0,0.46,0.248,0.708
Breeze,icy,G2,Yoru,0.39,114.0,7,17,1,-10,53.0,75.0,31.0,3.0,4.0,-1.0,G2,6,LEV,13,0,0.384,0.227,0.611
Breeze,aspas,LEV,Jett,1.68,283.0,23,8,0,15,79.0,185.0,19.0,3.0,3.0,0.0,G2,6,LEV,13,1,0.839,0.383,1.222
Breeze,tex,LEV,Cypher,1.44,298.0,21,11,0,10,84.0,190.0,54.0,4.0,3.0,1.0,G2,6,LEV,13,1,0.883,0.397,1.28
Breeze,kiNgg,LEV,Viper,1.1,205.0,11,12,15,-1,74.0,141.0,30.0,1.0,0.0,1.0,G2,6,LEV,13,1,0.583,0.43,1.013
Breeze,C0M,LEV,Sova,1.06,194.0,13,12,3,1,74.0,134.0,29.0,2.0,1.0,1.0,G2,6,LEV,13,1,0.622,0.349,0.971
Breeze,Mazino,LEV,Kayo,0.77,149.0,9,12,13,-3,74.0,97.0,10.0,1.0,1.0,0.0,G2,6,LEV,13,1,0.421,0.377,0.798
Icebox,leaf,G2,Killjoy,1.98,385.0,28,12,5,16,90.0,262.0,31.0,4.0,2.0,2.0,G2,13,LEV,8,1,0.862,0.441,1.303
Icebox,icy,G2,Gekko,1.17,228.0,17,14,6,3,71.0,148.0,26.0,1.0,2.0,-1.0,G2,13,LEV,8,1,0.688,0.363,1.051
Icebox,JonahP,G2,Viper,1.07,209.0,16,14,6,2,76.0,119.0,21.0,2.0,1.0,1.0,G2,13,LEV,8,1,0.638,0.387,1.025
Icebox,trent,G2,Sova,0.69,110.0,8,15,3,-7,71.0,84.0,33.0,1.0,3.0,-2.0,G2,13,LEV,8,1,0.387,0.27,0.656
Icebox,valyn,G2,Harbor,0.65,101.0,8,13,3,-5,81.0,77.0,29.0,2.0,3.0,-1.0,G2,13,LEV,8,1,0.383,0.291,0.674
Icebox,aspas,LEV,Jett,1.32,214.0,20,13,1,7,76.0,147.0,33.0,1.0,1.0,0.0,G2,13,LEV,8,0,0.75,0.371,1.121
Icebox,kiNgg,LEV,Viper,0.94,203.0,14,17,14,-3,76.0,136.0,42.0,4.0,1.0,3.0,G2,13,LEV,8,0,0.589,0.42,1.009
Icebox,C0M,LEV,Sova,0.88,183.0,12,14,5,-2,76.0,133.0,23.0,1.0,0.0,1.0,G2,13,LEV,8,0,0.524,0.365,0.889
Icebox,Mazino,LEV,Harbor,0.66,173.0,13,18,5,-5,62.0,99.0,16.0,2.0,4.0,-2.0,G2,13,LEV,8,0,0.437,0.274,0.711
Icebox,tex,LEV,Killjoy,0.55,138.0,9,15,3,-6,62.0,107.0,35.0,3.0,4.0,-1.0,G2,13,LEV,8,0,0.437,0.248,0.686
Lotus,JonahP,G2,Viper,1.18,208.0,16,15,2,1,73.0,130.0,33.0,2.0,1.0,1.0,G2,9,LEV,13,0,0.657,0.36,1.017
Lotus,valyn,G2,Omen,0.88,154.0,11,16,9,-5,73.0,91.0,24.0,1.0,3.0,-2.0,G2,9,LEV,13,0,0.435,0.36,0.795
Lotus,leaf,G2,Killjoy,0.83,176.0,12,16,3,-4,55.0,129.0,18.0,2.0,2.0,0.0,G2,9,LEV,13,0,0.49,0.275,0.765
Lotus,icy,G2,Raze,0.56,164.0,11,19,2,-8,59.0,107.0,14.0,2.0,4.0,-2.0,G2,9,LEV,13,0,0.415,0.236,0.651
Lotus,trent,G2,Fade,0.5,152.0,11,18,3,-7,59.0,103.0,50.0,0.0,5.0,-5.0,G2,9,LEV,13,0,0.431,0.225,0.656
Lotus,Mazino,LEV,Omen,1.56,278.0,23,11,12,12,95.0,191.0,40.0,1.0,0.0,1.0,G2,9,LEV,13,1,0.837,0.504,1.341
Lotus,aspas,LEV,Raze,1.31,277.0,20,13,7,7,82.0,188.0,32.0,4.0,3.0,1.0,G2,9,LEV,13,1,0.834,0.424,1.259
Lotus,kiNgg,LEV,Viper,1.15,191.0,17,11,4,6,86.0,119.0,42.0,3.0,1.0,2.0,G2,9,LEV,13,1,0.729,0.398,1.127
Lotus,tex,LEV,Killjoy,0.99,174.0,14,11,1,3,77.0,122.0,41.0,4.0,1.0,3.0,G2,9,LEV,13,1,0.661,0.359,1.02
Lotus,C0M,LEV,Fade,0.65,128.0,10,15,8,-5,64.0,77.0,19.0,3.0,2.0,1.0,G2,9,LEV,13,1,0.407,0.335,0.742
Split,keznit,KRÜ,Raze,1.46,270.0,18,14,11,4,76.0,187.0,23.0,3.0,3.0,0.0,KRU,13,LOUD,8,0,0.81,0.444,1.254
Split,heat,KRÜ,Skye,1.21,199.0,17,11,6,6,81.0,131.0,28.0,1.0,2.0,-1.0,KRU,13,LOUD,8,0,0.7,0.384,1.084
Split,Shyy,KRÜ,Viper,1.14,206.0,16,13,7,3,67.0,136.0,28.0,4.0,0.0,4.0,KRU,13,LOUD,8,0,0.695,0.413,1.108
Split,Klaus,KRÜ,Cypher,1.09,200.0,15,15,6,0,76.0,117.0,22.0,4.0,2.0,2.0,KRU,13,LOUD,8,0,0.616,0.388,1.005
Split,Melser,KRÜ,Omen,0.9,96.0,8,10,4,-2,76.0,62.0,14.0,0.0,2.0,-2.0,KRU,13,LOUD,8,0,0.406,0.311,0.718
Split,saadhak,LOUD,Breach,1.15,259.0,19,16,6,3,67.0,172.0,33.0,4.0,2.0,2.0,KRU,13,LOUD,8,0,0.765,0.38,1.145
Split,Less,LOUD,Viper,0.87,181.0,13,14,2,-1,62.0,124.0,26.0,1.0,1.0,0.0,KRU,13,LOUD,8,0,0.54,0.3,0.84
Split,qck,LOUD,Raze,0.82,193.0,14,16,2,-2,67.0,130.0,20.0,1.0,4.0,-3.0,KRU,13,LOUD,8,0,0.525,0.272,0.798
Split,cauanzin,LOUD,Skye,0.66,154.0,10,15,9,-5,86.0,98.0,34.0,3.0,2.0,1.0,KRU,13,LOUD,8,0,0.454,0.384,0.838
Split,tuyz,LOUD,Omen,0.58,84.0,7,13,6,-6,62.0,50.0,75.0,0.0,3.0,-3.0,KRU,13,LOUD,8,0,0.377,0.272,0.649
Ascent,Melser,KRÜ,Omen,1.57,251.0,22,10,6,12,76.0,169.0,28.0,1.0,2.0,-1.0,KRU,13,LOUD,8,0,0.796,0.403,1.199
Ascent,Shyy,KRÜ,Killjoy,1.45,266.0,20,13,6,7,76.0,199.0,28.0,1.0,2.0,-1.0,KRU,13,LOUD,8,0,0.811,0.401,1.211
Ascent,heat,KRÜ,Kayo,1.26,217.0,18,11,6,7,81.0,137.0,41.0,2.0,2.0,0.0,KRU,13,LOUD,8,0,0.753,0.398,1.151
Ascent,keznit,KRÜ,Jett,0.86,180.0,14,15,2,-1,71.0,123.0,38.0,5.0,4.0,1.0,KRU,13,LOUD,8,0,0.587,0.314,0.901
Ascent,Klaus,KRÜ,Sova,0.68,139.0,8,15,9,-7,67.0,109.0,14.0,0.0,2.0,-2.0,KRU,13,LOUD,8,0,0.388,0.329,0.717
Ascent,Less,LOUD,Viper,1.05,200.0,16,16,2,0,57.0,138.0,21.0,1.0,2.0,-1.0,KRU,13,LOUD,8,0,0.599,0.293,0.892
Ascent,saadhak,LOUD,Kayo,0.96,193.0,11,15,14,-4,67.0,131.0,30.0,4.0,1.0,3.0,KRU,13,LOUD,8,0,0.541,0.407,0.948
Ascent,cauanzin,LOUD,Sova,0.87,187.0,13,16,5,-3,71.0,119.0,31.0,2.0,3.0,-1.0,KRU,13,LOUD,8,0,0.531,0.32,0.851
Ascent,tuyz,LOUD,Omen,0.84,157.0,10,15,9,-5,57.0,110.0,32.0,0.0,2.0,-2.0,KRU,13,LOUD,8,0,0.45,0.329,0.779
Ascent,qck,LOUD,Jett,0.59,189.0,14,20,2,-6,52.0,108.0,26.0,5.0,1.0,4.0,KRU,13,LOUD,8,0,0.478,0.275,0.754
Icebox,trent,G2,Sova,1.36,240.0,18,13,7,5,91.0,162.0,24.0,3.0,1.0,2.0,G2,13,MIBR,9,1,0.785,0.463,1.248
Icebox,valyn,G2,Harbor,1.12,282.0,23,18,3,5,73.0,172.0,33.0,1.0,4.0,-3.0,G2,13,MIBR,9,1,0.782,0.314,1.096
Icebox,JonahP,G2,Viper,1.07,218.0,16,15,12,1,77.0,141.0,33.0,2.0,2.0,0.0,G2,13,MIBR,9,1,0.658,0.404,1.062
Icebox,icy,G2,Gekko,0.93,188.0,16,16,6,0,64.0,129.0,30.0,1.0,3.0,-2.0,G2,13,MIBR,9,1,0.587,0.317,0.904
Icebox,leaf,G2,Killjoy,0.87,205.0,17,17,3,0,64.0,149.0,30.0,2.0,3.0,-1.0,G2,13,MIBR,9,1,0.621,0.286,0.907
Icebox,RgLMeister,MIBR,Viper,1.2,227.0,18,16,6,2,82.0,161.0,35.0,3.0,0.0,3.0,G2,13,MIBR,9,0,0.73,0.433,1.163
Icebox,frz,MIBR,Killjoy,1.06,253.0,20,20,3,0,86.0,168.0,36.0,3.0,2.0,1.0,G2,13,MIBR,9,0,0.713,0.36,1.073
Icebox,artzin,MIBR,Sage,0.89,172.0,15,18,2,-3,68.0,108.0,35.0,2.0,3.0,-1.0,G2,13,MIBR,9,0,0.533,0.294,0.827
Icebox,jzz,MIBR,Gekko,0.86,199.0,15,18,6,-3,73.0,152.0,23.0,2.0,1.0,1.0,G2,13,MIBR,9,0,0.556,0.36,0.916
Icebox,mazin,MIBR,Kayo,0.61,156.0,11,18,10,-7,68.0,95.0,30.0,3.0,3.0,0.0,G2,13,MIBR,9,0,0.447,0.34,0.788
Bind,valyn,G2,Brimstone,1.5,297.0,18,11,6,7,75.0,225.0,34.0,2.0,1.0,1.0,G2,13,MIBR,3,1,0.837,0.428,1.265
Bind,trent,G2,Gekko,1.36,176.0,10,5,5,5,81.0,108.0,28.0,2.0,2.0,0.0,G2,13,MIBR,3,1,0.673,0.397,1.07
Bind,icy,G2,Raze,1.23,271.0,14,10,4,4,81.0,202.0,26.0,3.0,3.0,0.0,G2,13,MIBR,3,1,0.775,0.372,1.147
Bind,leaf,G2,Viper,1.2,227.0,12,7,4,5,94.0,168.0,32.0,1.0,1.0,0.0,G2,13,MIBR,3,1,0.719,0.4,1.119
Bind,JonahP,G2,Skye,1.01,146.0,10,9,6,1,81.0,89.0,33.0,1.0,0.0,1.0,G2,13,MIBR,3,1,0.54,0.398,0.938
Bind,artzin,MIBR,Raze,0.84,192.0,10,11,4,-1,69.0,122.0,15.0,4.0,2.0,2.0,G2,13,MIBR,3,0,0.54,0.328,0.868
Bind,jzz,MIBR,Skye,0.78,198.0,12,14,1,-2,63.0,121.0,32.0,1.0,3.0,-2.0,G2,13,MIBR,3,0,0.525,0.266,0.791
Bind,frz,MIBR,Viper,0.71,129.0,6,12,8,-6,63.0,76.0,26.0,2.0,2.0,0.0,G2,13,MIBR,3,0,0.394,0.331,0.726
Bind,RgLMeister,MIBR,Brimstone,0.67,136.0,8,13,2,-5,50.0,88.0,11.0,0.0,1.0,-1.0,G2,13,MIBR,3,0,0.366,0.25,0.617
Bind,mazin,MIBR,Gekko,0.4,128.0,6,14,4,-8,63.0,90.0,20.0,0.0,1.0,-1.0,G2,13,MIBR,3,0,0.356,0.264,0.62
Lotus,zekken,SEN,Raze,1.13,184.0,13,12,4,1,75.0,120.0,15.0,3.0,3.0,0.0,SEN,7,LOUD,13,0,0.61,0.351,0.961
Lotus,Zellsis,SEN,Killjoy,0.86,146.0,10,13,1,-3,60.0,118.0,17.0,0.0,1.0,-1.0,SEN,7,LOUD,13,0,0.461,0.287,0.748
Lotus,TenZ,SEN,Omen,0.75,158.0,9,15,6,-6,65.0,100.0,24.0,2.0,1.0,1.0,SEN,7,LOUD,13,0,0.434,0.335,0.769
Lotus,johnqt,SEN,Viper,0.64,159.0,10,16,4,-6,80.0,100.0,28.0,3.0,3.0,0.0,SEN,7,LOUD,13,0,0.448,0.308,0.756
Lotus,Sacy,SEN,Fade,0.53,137.0,10,16,7,-6,60.0,72.0,27.0,1.0,3.0,-2.0,SEN,7,LOUD,13,0,0.376,0.279,0.655
Lotus,cauanzin,LOUD,Fade,1.7,262.0,20,7,7,13,85.0,160.0,31.0,3.0,0.0,3.0,SEN,7,LOUD,13,1,0.825,0.478,1.302
Lotus,tuyz,LOUD,Omen,1.28,212.0,17,10,6,7,90.0,133.0,41.0,2.0,2.0,0.0,SEN,7,LOUD,13,1,0.746,0.415,1.16
Lotus,Less,LOUD,Viper,1.19,168.0,11,7,4,4,90.0,121.0,30.0,0.0,1.0,-1.0,SEN,7,LOUD,13,1,0.637,0.384,1.02
Lotus,qck,LOUD,Raze,1.12,257.0,19,15,0,4,60.0,156.0,26.0,5.0,1.0,4.0,SEN,7,LOUD,13,1,0.757,0.345,1.101
Lotus,saadhak,LOUD,Deadlock,0.35,85.0,5,13,4,-8,65.0,60.0,30.0,1.0,5.0,-4.0,SEN,7,LOUD,13,1,0.337,0.245,0.582
Icebox,johnqt,SEN,Viper,1.2,205.0,15,13,6,2,76.0,150.0,17.0,2.0,0.0,2.0,SEN,8,LOUD,13,0,0.659,0.419,1.078
Icebox,Sacy,SEN,Gekko,1.17,224.0,18,13,2,5,67.0,144.0,29.0,1.0,1.0,0.0,SEN,8,LOUD,13,0,0.722,0.34,1.063
Icebox,zekken,SEN,Jett,0.85,193.0,14,15,2,-1,62.0,117.0,25.0,5.0,5.0,0.0,SEN,8,LOUD,13,0,0.572,0.289,0.861
Icebox,TenZ,SEN,Kayo,0.64,158.0,11,16,9,-5,76.0,102.0,18.0,1.0,3.0,-2.0,SEN,8,LOUD,13,0,0.409,0.34,0.749
Icebox,Zellsis,SEN,Killjoy,0.46,106.0,6,16,1,-10,57.0,79.0,18.0,2.0,1.0,1.0,SEN,8,LOUD,13,0,0.35,0.26,0.61
Icebox,cauanzin,LOUD,Sova,1.4,266.0,21,13,2,8,76.0,177.0,32.0,2.0,0.0,2.0,SEN,8,LOUD,13,1,0.821,0.406,1.227
Icebox,qck,LOUD,Jett,1.18,223.0,16,13,3,3,57.0,159.0,37.0,2.0,5.0,-3.0,SEN,8,LOUD,13,1,0.718,0.294,1.012
Icebox,Less,LOUD,Viper,1.09,145.0,11,10,8,1,86.0,86.0,15.0,2.0,2.0,0.0,SEN,8,LOUD,13,1,0.54,0.41,0.95
Icebox,tuyz,LOUD,Harbor,0.99,131.0,10,12,6,-2,67.0,86.0,36.0,2.0,0.0,2.0,SEN,8,LOUD,13,1,0.502,0.381,0.884
Icebox,saadhak,LOUD,Killjoy,0.81,204.0,15,16,4,-1,52.0,129.0,31.0,2.0,4.0,-2.0,SEN,8,LOUD,13,1,0.579,0.262,0.84
Ascent,Xeppaa,C9,Kayo,0.96,226.0,11,15,8,-4,67.0,132.0,25.0,1.0,1.0,0.0,C9,2,FUR,13,0,0.521,0.374,0.895
Ascent,OXY,C9,Jett,0.95,253.0,13,15,2,-2,67.0,171.0,38.0,5.0,3.0,2.0,C9,2,FUR,13,0,0.644,0.325,0.969
Ascent,runi,C9,Sova,0.77,161.0,8,14,5,-6,67.0,127.0,36.0,0.0,1.0,-1.0,C9,2,FUR,13,0,0.451,0.312,0.763
Ascent,moose,C9,Killjoy,0.47,138.0,7,14,1,-7,60.0,96.0,12.0,2.0,0.0,2.0,C9,2,FUR,13,0,0.366,0.283,0.649
Ascent,vanity,C9,Omen,0.43,148.0,6,14,4,-8,60.0,106.0,16.0,0.0,2.0,-2.0,C9,2,FUR,13,0,0.37,0.241,0.611
Ascent,Khalil,FUR,Omen,1.69,301.0,16,7,8,9,100.0,195.0,35.0,1.0,0.0,1.0,C9,2,FUR,13,1,0.814,0.501,1.315
Ascent,nzr,FUR,Sova,1.56,226.0,14,6,7,8,93.0,138.0,29.0,0.0,1.0,-1.0,C9,2,FUR,13,1,0.733,0.452,1.185
Ascent,havoc,FUR,Killjoy,1.37,247.0,15,9,2,6,87.0,163.0,36.0,3.0,2.0,1.0,C9,2,FUR,13,1,0.792,0.394,1.186
Ascent,kon4n,FUR,Kayo,1.09,228.0,12,10,7,2,87.0,151.0,28.0,1.0,2.0,-1.0,C9,2,FUR,13,1,0.647,0.392,1.039
Ascent,mwzera,FUR,Jett,0.83,263.0,15,13,3,2,73.0,161.0,24.0,2.0,3.0,-1.0,C9,2,FUR,13,1,0.666,0.296,0.962
Lotus,runi,C9,Viper,1.62,264.0,17,8,5,9,81.0,160.0,46.0,2.0,1.0,1.0,C9,13,FUR,3,1,0.814,0.427,1.24
Lotus,OXY,C9,Raze,1.53,330.0,19,12,9,7,100.0,235.0,26.0,4.0,2.0,2.0,C9,13,FUR,3,1,0.847,0.502,1.349
Lotus,vanity,C9,Omen,1.41,230.0,15,7,7,8,94.0,148.0,27.0,4.0,2.0,2.0,C9,13,FUR,3,1,0.767,0.464,1.231
Lotus,moose,C9,Killjoy,1.34,249.0,15,8,5,7,94.0,170.0,27.0,0.0,0.0,0.0,C9,13,FUR,3,1,0.753,0.435,1.188
Lotus,Xeppaa,C9,Gekko,0.94,142.0,7,9,13,-2,81.0,102.0,18.0,0.0,1.0,-1.0,C9,13,FUR,3,1,0.46,0.398,0.858
Lotus,mwzera,FUR,Raze,1.13,232.0,13,14,3,-1,69.0,155.0,38.0,2.0,1.0,1.0,C9,13,FUR,3,0,0.642,0.348,0.99
Lotus,nzr,FUR,Fade,0.65,195.0,10,15,3,-5,69.0,140.0,24.0,0.0,1.0,-1.0,C9,13,FUR,3,0,0.457,0.28,0.737
Lotus,Khalil,FUR,Omen,0.65,140.0,9,14,2,-5,69.0,84.0,21.0,0.0,4.0,-4.0,C9,13,FUR,3,0,0.385,0.258,0.643
Lotus,kon4n,FUR,Viper,0.43,134.0,7,14,3,-7,69.0,89.0,25.0,1.0,0.0,1.0,C9,13,FUR,3,0,0.365,0.289,0.655
Lotus,havoc,FUR,Killjoy,0.27,103.0,5,16,3,-11,44.0,93.0,44.0,3.0,4.0,-1.0,C9,13,FUR,3,0,0.405,0.212,0.617
Bind,OXY,C9,Raze,1.71,369.0,27,16,9,11,86.0,230.0,24.0,7.0,2.0,5.0,C9,13,FUR,8,1,0.853,0.483,1.336
Bind,moose,C9,Cypher,1.14,216.0,17,11,5,6,76.0,133.0,17.0,1.0,1.0,0.0,C9,13,FUR,8,1,0.686,0.375,1.061
Bind,runi,C9,Viper,1.13,206.0,16,12,5,4,86.0,155.0,23.0,1.0,2.0,-1.0,C9,13,FUR,8,1,0.684,0.372,1.057
Bind,vanity,C9,Brimstone,1.08,228.0,17,16,15,1,81.0,142.0,12.0,3.0,0.0,3.0,C9,13,FUR,8,1,0.653,0.452,1.105
Bind,Xeppaa,C9,Skye,0.75,120.0,9,14,10,-5,81.0,91.0,27.0,2.0,2.0,0.0,C9,13,FUR,8,1,0.414,0.377,0.791
Bind,havoc,FUR,Cypher,1.11,267.0,20,18,2,2,71.0,167.0,41.0,4.0,6.0,-2.0,C9,13,FUR,8,0,0.76,0.314,1.074
Bind,nzr,FUR,Skye,0.98,204.0,15,17,8,-2,81.0,139.0,27.0,0.0,0.0,0.0,C9,13,FUR,8,0,0.568,0.409,0.977
Bind,mwzera,FUR,Raze,0.95,231.0,15,18,5,-3,71.0,146.0,4.0,2.0,2.0,0.0,C9,13,FUR,8,0,0.546,0.337,0.883
Bind,Khalil,FUR,Brimstone,0.72,142.0,11,17,6,-6,62.0,89.0,10.0,0.0,2.0,-2.0,C9,13,FUR,8,0,0.387,0.291,0.678
Bind,kon4n,FUR,Viper,0.47,123.0,8,16,5,-8,57.0,83.0,24.0,1.0,4.0,-3.0,C9,13,FUR,8,0,0.359,0.243,0.602
Ascent,crashies,NRG,Sova,1.3,241.0,16,13,6,3,74.0,155.0,22.0,0.0,0.0,0.0,NRG,6,EG,13,0,0.703,0.409,1.112
Ascent,Ethan,NRG,Kayo,0.94,186.0,13,14,12,-1,68.0,93.0,16.0,0.0,0.0,0.0,NRG,6,EG,13,0,0.515,0.394,0.908
Ascent,Victor,NRG,Killjoy,0.54,118.0,7,14,1,-7,47.0,80.0,44.0,2.0,2.0,0.0,NRG,6,EG,13,0,0.395,0.231,0.625
Ascent,Demon1,NRG,Jett,0.47,142.0,10,16,0,-6,47.0,126.0,36.0,4.0,7.0,-3.0,NRG,6,EG,13,0,0.451,0.204,0.655
Ascent,Marved,NRG,Omen,0.43,117.0,6,15,8,-9,58.0,74.0,13.0,0.0,4.0,-4.0,NRG,6,EG,13,0,0.328,0.278,0.607
Ascent,jawgemo,EG,Jett,1.94,366.0,23,10,5,13,95.0,236.0,16.0,5.0,0.0,5.0,NRG,6,EG,13,1,0.841,0.472,1.313
Ascent,Derrek,EG,Sova,1.33,204.0,14,8,7,6,84.0,135.0,39.0,2.0,0.0,2.0,NRG,6,EG,13,1,0.732,0.457,1.189
Ascent,Apoth,EG,Killjoy,1.26,194.0,15,9,2,6,63.0,132.0,33.0,3.0,2.0,1.0,NRG,6,EG,13,1,0.731,0.343,1.073
Ascent,NaturE,EG,Kayo,1.21,209.0,13,12,13,1,79.0,138.0,29.0,2.0,1.0,1.0,NRG,6,EG,13,1,0.648,0.44,1.088
Ascent,supamen,EG,Omen,0.88,138.0,7,13,14,-6,74.0,92.0,30.0,1.0,3.0,-2.0,NRG,6,EG,13,1,0.417,0.362,0.779
Lotus,Victor,NRG,Raze,1.31,282.0,30,21,2,9,70.0,177.0,27.0,6.0,3.0,3.0,NRG,16,EG,14,1,0.828,0.373,1.2
Lotus,crashies,NRG,Gekko,1.1,193.0,24,19,6,5,77.0,122.0,37.0,2.0,1.0,1.0,NRG,16,EG,14,1,0.724,0.392,1.116
Lotus,Demon1,NRG,Brimstone,1.09,222.0,21,21,11,0,70.0,148.0,49.0,6.0,5.0,1.0,NRG,16,EG,14,1,0.706,0.403,1.11
Lotus,Ethan,NRG,Breach,1.02,161.0,15,18,20,-3,67.0,115.0,17.0,0.0,1.0,-1.0,NRG,16,EG,14,1,0.506,0.383,0.889
Lotus,Marved,NRG,Cypher,0.81,175.0,17,22,7,-5,77.0,122.0,31.0,3.0,3.0,0.0,NRG,16,EG,14,1,0.524,0.354,0.878
Lotus,Derrek,EG,Fade,1.28,245.0,26,21,7,5,80.0,151.0,33.0,2.0,2.0,0.0,NRG,16,EG,14,0,0.782,0.409,1.192
Lotus,NaturE,EG,Viper,1.05,178.0,19,19,9,0,60.0,125.0,35.0,1.0,3.0,-2.0,NRG,16,EG,14,0,0.612,0.357,0.968
Lotus,jawgemo,EG,Raze,1.03,252.0,24,24,7,0,70.0,157.0,11.0,3.0,2.0,1.0,NRG,16,EG,14,0,0.67,0.375,1.044
Lotus,supamen,EG,Omen,0.75,156.0,15,21,13,-6,50.0,102.0,52.0,2.0,6.0,-4.0,NRG,16,EG,14,0,0.494,0.304,0.798
Lotus,Apoth,EG,Cypher,0.7,162.0,17,22,2,-5,60.0,115.0,44.0,5.0,4.0,1.0,NRG,16,EG,14,0,0.516,0.278,0.794
Sunset,Marved,NRG,Omen,1.21,244.0,21,18,5,3,67.0,146.0,25.0,3.0,2.0,1.0,NRG,11,EG,13,0,0.746,0.366,1.112
Sunset,Ethan,NRG,Kayo,1.15,220.0,17,16,13,1,71.0,144.0,19.0,2.0,2.0,0.0,NRG,11,EG,13,0,0.655,0.403,1.057
Sunset,crashies,NRG,Gekko,1.01,181.0,16,16,4,0,75.0,122.0,34.0,0.0,5.0,-5.0,NRG,11,EG,13,0,0.592,0.317,0.91
Sunset,Demon1,NRG,Raze,0.65,141.0,12,20,5,-8,71.0,114.0,26.0,2.0,5.0,-3.0,NRG,11,EG,13,0,0.441,0.283,0.725
Sunset,Victor,NRG,Cypher,0.45,115.0,9,20,5,-11,54.0,78.0,24.0,2.0,1.0,1.0,NRG,11,EG,13,0,0.372,0.277,0.649
Sunset,supamen,EG,Omen,1.4,250.0,23,14,7,9,88.0,178.0,43.0,3.0,1.0,2.0,NRG,11,EG,13,1,0.841,0.462,1.303
Sunset,Derrek,EG,Fade,1.38,209.0,20,11,7,9,75.0,131.0,30.0,0.0,0.0,0.0,NRG,11,EG,13,1,0.739,0.43,1.169
Sunset,NaturE,EG,Breach,1.1,176.0,13,15,15,-2,83.0,118.0,23.0,2.0,0.0,2.0,NRG,11,EG,13,1,0.554,0.453,1.007
Sunset,jawgemo,EG,Raze,0.99,245.0,21,17,4,4,67.0,170.0,19.0,5.0,5.0,0.0,NRG,11,EG,13,1,0.745,0.323,1.068
Sunset,Apoth,EG,Cypher,0.8,183.0,13,18,12,-5,75.0,117.0,37.0,5.0,3.0,2.0,NRG,11,EG,13,1,0.512,0.389,0.902
Sunset,keznit,KRÜ,Raze,1.54,385.0,26,14,3,12,65.0,258.0,38.0,7.0,2.0,5.0,KRU,13,100T,7,0,0.871,0.381,1.252
Sunset,Shyy,KRÜ,Cypher,1.33,214.0,16,10,7,6,75.0,136.0,32.0,0.0,3.0,-3.0,KRU,13,100T,7,0,0.724,0.385,1.109
Sunset,Melser,KRÜ,Omen,1.26,190.0,13,11,8,2,85.0,130.0,44.0,3.0,0.0,3.0,KRU,13,100T,7,0,0.686,0.467,1.152
Sunset,Klaus,KRÜ,Breach,0.84,146.0,10,12,10,-2,75.0,83.0,27.0,2.0,2.0,0.0,KRU,13,100T,7,0,0.481,0.376,0.857
Sunset,heat,KRÜ,Gekko,0.78,148.0,11,13,5,-2,65.0,89.0,27.0,0.0,1.0,-1.0,KRU,13,100T,7,0,0.469,0.309,0.778
Sunset,bang,100T,Omen,1.49,251.0,18,12,4,6,80.0,159.0,50.0,2.0,0.0,2.0,KRU,13,100T,7,0,0.815,0.432,1.247
Sunset,eeiu,100T,Sova,0.88,187.0,12,16,4,-4,70.0,116.0,32.0,1.0,2.0,-1.0,KRU,13,100T,7,0,0.497,0.308,0.805
Sunset,Cryocells,100T,Gekko,0.82,159.0,11,15,5,-4,70.0,111.0,18.0,0.0,1.0,-1.0,KRU,13,100T,7,0,0.45,0.322,0.772
Sunset,Asuna,100T,Raze,0.78,203.0,13,16,2,-3,65.0,126.0,29.0,5.0,7.0,-2.0,KRU,13,100T,7,0,0.546,0.269,0.816
Sunset,Boostio,100T,Cypher,0.25,101.0,6,17,2,-11,40.0,72.0,16.0,0.0,2.0,-2.0,KRU,13,100T,7,0,0.325,0.197,0.521
Breeze,heat,KRÜ,Kayo,1.23,236.0,20,19,12,1,63.0,170.0,37.0,2.0,1.0,1.0,KRU,11,100T,13,0,0.725,0.416,1.141
Breeze,Melser,KRÜ,Viper,1.0,199.0,17,19,5,-2,71.0,134.0,24.0,3.0,1.0,2.0,KRU,11,100T,13,0,0.6,0.369,0.968
Breeze,Shyy,KRÜ,Cypher,0.92,167.0,12,17,6,-5,67.0,116.0,10.0,2.0,2.0,0.0,KRU,11,100T,13,0,0.457,0.338,0.795
Breeze,Klaus,KRÜ,Sova,0.81,150.0,13,19,7,-6,75.0,104.0,21.0,2.0,3.0,-1.0,KRU,11,100T,13,0,0.454,0.342,0.796
Breeze,keznit,KRÜ,Jett,0.71,199.0,16,22,6,-6,71.0,130.0,38.0,4.0,4.0,0.0,KRU,11,100T,13,0,0.534,0.323,0.856
Breeze,Cryocells,100T,Jett,1.78,377.0,33,16,1,17,83.0,238.0,20.0,7.0,4.0,3.0,KRU,11,100T,13,1,0.847,0.411,1.259
Breeze,eeiu,100T,Sova,1.3,264.0,24,14,6,10,75.0,169.0,50.0,2.0,2.0,0.0,KRU,11,100T,13,1,0.824,0.392,1.215
Breeze,bang,100T,Viper,1.01,181.0,15,14,6,1,71.0,113.0,26.0,1.0,1.0,0.0,KRU,11,100T,13,1,0.587,0.364,0.95
Breeze,Asuna,100T,Kayo,0.69,124.0,9,16,18,-7,71.0,82.0,19.0,0.0,3.0,-3.0,KRU,11,100T,13,1,0.378,0.332,0.71
Breeze,Boostio,100T,Cypher,0.65,168.0,15,18,1,-3,75.0,112.0,30.0,1.0,3.0,-2.0,KRU,11,100T,13,1,0.487,0.272,0.759
Split,heat,KRÜ,Skye,1.17,191.0,15,12,8,3,71.0,129.0,29.0,1.0,2.0,-1.0,KRU,13,100T,8,0,0.653,0.385,1.038
Split,Shyy,KRÜ,Viper,1.13,197.0,14,12,6,2,76.0,141.0,30.0,1.0,1.0,0.0,KRU,13,100T,8,0,0.641,0.385,1.026
Split,keznit,KRÜ,Raze,1.12,257.0,18,16,5,2,76.0,177.0,23.0,5.0,4.0,1.0,KRU,13,100T,8,0,0.731,0.372,1.103
Split,Melser,KRÜ,Omen,1.01,155.0,12,13,8,-1,71.0,99.0,34.0,1.0,2.0,-1.0,KRU,13,100T,8,0,0.531,0.368,0.9
Split,Klaus,KRÜ,Cypher,0.95,199.0,16,14,6,2,81.0,125.0,20.0,2.0,2.0,0.0,KRU,13,100T,8,0,0.623,0.365,0.988
Split,bang,100T,Viper,1.3,248.0,18,13,7,5,81.0,153.0,41.0,3.0,1.0,2.0,KRU,13,100T,8,0,0.798,0.439,1.237
Split,eeiu,100T,Fade,0.91,177.0,13,13,4,0,81.0,121.0,33.0,0.0,0.0,0.0,KRU,13,100T,8,0,0.564,0.357,0.921
Split,Asuna,100T,Raze,0.85,181.0,13,17,6,-4,86.0,120.0,10.0,4.0,4.0,0.0,KRU,13,100T,8,0,0.494,0.362,0.856
Split,Cryocells,100T,Astra,0.77,180.0,11,16,8,-5,67.0,127.0,23.0,1.0,3.0,-2.0,KRU,13,100T,8,0,0.458,0.327,0.785
Split,Boostio,100T,Gekko,0.74,163.0,12,16,3,-4,67.0,96.0,17.0,3.0,2.0,1.0,KRU,13,100T,8,0,0.466,0.294,0.76
Split,zekken,SEN,Raze,1.48,304.0,19,12,5,7,89.0,198.0,14.0,5.0,2.0,3.0,SEN,13,FUR,5,1,0.828,0.444,1.272
Split,TenZ,SEN,Omen,1.39,258.0,17,11,6,6,83.0,155.0,32.0,5.0,1.0,4.0,SEN,13,FUR,5,1,0.799,0.445,1.244
Split,Zellsis,SEN,Viper,0.95,164.0,10,11,7,-1,78.0,138.0,19.0,1.0,1.0,0.0,SEN,13,FUR,5,1,0.526,0.38,0.906
Split,johnqt,SEN,Cypher,0.92,150.0,11,12,4,-1,78.0,108.0,23.0,1.0,1.0,0.0,SEN,13,FUR,5,1,0.507,0.343,0.85
Split,Sacy,SEN,Skye,0.87,121.0,7,10,7,-3,72.0,90.0,38.0,0.0,1.0,-1.0,SEN,13,FUR,5,1,0.446,0.353,0.799
Split,mwzera,FUR,Jett,1.02,205.0,15,12,1,3,67.0,140.0,25.0,2.0,1.0,1.0,SEN,13,FUR,5,0,0.661,0.333,0.994
Split,kon4n,FUR,Viper,1.01,181.0,12,11,7,1,83.0,112.0,38.0,1.0,2.0,-1.0,SEN,13,FUR,5,0,0.587,0.377,0.964
Split,havoc,FUR,Raze,0.82,212.0,11,15,7,-4,50.0,161.0,24.0,3.0,7.0,-4.0,SEN,13,FUR,5,0,0.547,0.289,0.836
Split,nzr,FUR,Skye,0.81,151.0,9,13,8,-4,67.0,109.0,21.0,0.0,1.0,-1.0,SEN,13,FUR,5,0,0.439,0.349,0.788
Split,Khalil,FUR,Omen,0.7,139.0,8,13,7,-5,89.0,100.0,33.0,0.0,1.0,-1.0,SEN,13,FUR,5,0,0.412,0.363,0.775
Icebox,TenZ,SEN,Kayo,1.83,367.0,28,13,14,15,82.0,241.0,26.0,3.0,2.0,1.0,SEN,13,FUR,9,1,0.856,0.464,1.32
Icebox,Zellsis,SEN,Killjoy,1.19,187.0,18,13,1,5,82.0,142.0,25.0,2.0,0.0,2.0,SEN,13,FUR,9,1,0.715,0.394,1.109
Icebox,zekken,SEN,Jett,1.13,258.0,19,15,2,4,73.0,178.0,32.0,9.0,1.0,8.0,SEN,13,FUR,9,1,0.78,0.368,1.148
Icebox,johnqt,SEN,Viper,0.98,136.0,10,11,11,-1,82.0,86.0,21.0,1.0,2.0,-1.0,SEN,13,FUR,9,1,0.484,0.394,0.879
Icebox,Sacy,SEN,Gekko,0.72,97.0,7,11,5,-4,77.0,78.0,30.0,1.0,1.0,0.0,SEN,13,FUR,9,1,0.386,0.332,0.718
Icebox,nzr,FUR,Sova,1.19,205.0,16,14,2,2,64.0,136.0,18.0,0.0,0.0,0.0,SEN,13,FUR,9,0,0.64,0.347,0.987
Icebox,Khalil,FUR,Killjoy,1.14,196.0,17,13,3,4,77.0,126.0,52.0,2.0,2.0,0.0,SEN,13,FUR,9,0,0.714,0.345,1.059
Icebox,kon4n,FUR,Viper,0.67,137.0,11,16,2,-5,50.0,91.0,32.0,1.0,5.0,-4.0,SEN,13,FUR,9,0,0.415,0.228,0.643
Icebox,mwzera,FUR,Reyna,0.54,139.0,10,20,4,-10,55.0,95.0,22.0,1.0,5.0,-4.0,SEN,13,FUR,9,0,0.386,0.234,0.62
Icebox,havoc,FUR,Gekko,0.41,123.0,9,19,4,-10,55.0,83.0,47.0,2.0,4.0,-2.0,SEN,13,FUR,9,0,0.406,0.233,0.639
Split,Ethan,NRG,Omen,1.07,225.0,17,17,4,0,67.0,140.0,32.0,4.0,1.0,3.0,NRG,8,100T,13,0,0.664,0.362,1.026
Split,Demon1,NRG,Jett,0.82,209.0,15,18,3,-3,71.0,140.0,33.0,2.0,1.0,1.0,NRG,8,100T,13,0,0.562,0.319,0.88
Split,crashies,NRG,Skye,0.81,152.0,8,14,20,-6,81.0,109.0,24.0,1.0,1.0,0.0,NRG,8,100T,13,0,0.424,0.393,0.817
Split,Marved,NRG,Viper,0.56,143.0,11,19,2,-8,62.0,93.0,15.0,2.0,1.0,1.0,NRG,8,100T,13,0,0.398,0.276,0.673
Split,Victor,NRG,Raze,0.56,193.0,12,19,5,-7,67.0,135.0,17.0,3.0,5.0,-2.0,NRG,8,100T,13,0,0.472,0.272,0.744
Split,Cryocells,100T,Astra,1.54,225.0,18,10,8,8,81.0,154.0,28.0,1.0,1.0,0.0,NRG,8,100T,13,1,0.76,0.451,1.211
Split,eeiu,100T,Fade,1.52,224.0,19,9,5,10,86.0,143.0,43.0,2.0,1.0,1.0,NRG,8,100T,13,1,0.789,0.435,1.224
Split,bang,100T,Viper,1.32,231.0,18,11,2,7,76.0,144.0,35.0,2.0,3.0,-1.0,NRG,8,100T,13,1,0.764,0.353,1.118
Split,Boostio,100T,Gekko,0.94,221.0,16,16,7,0,81.0,144.0,40.0,2.0,3.0,-1.0,NRG,8,100T,13,1,0.64,0.366,1.007
Split,Asuna,100T,Raze,0.83,225.0,16,17,5,-1,81.0,150.0,21.0,2.0,4.0,-2.0,NRG,8,100T,13,1,0.596,0.324,0.919
Bind,Demon1,NRG,Brimstone,0.85,203.0,13,19,8,-6,70.0,129.0,29.0,0.0,2.0,-2.0,NRG,7,100T,13,0,0.496,0.341,0.837
Bind,Victor,NRG,Raze,0.83,243.0,17,19,0,-2,60.0,144.0,24.0,3.0,5.0,-2.0,NRG,7,100T,13,0,0.609,0.266,0.875
Bind,Ethan,NRG,Skye,0.73,129.0,10,15,6,-5,75.0,66.0,16.0,1.0,3.0,-2.0,NRG,7,100T,13,0,0.373,0.314,0.688
Bind,crashies,NRG,Gekko,0.68,153.0,11,17,1,-6,55.0,102.0,46.0,1.0,2.0,-1.0,NRG,7,100T,13,0,0.446,0.25,0.696
Bind,Marved,NRG,Viper,0.54,122.0,7,16,4,-9,50.0,85.0,41.0,1.0,2.0,-1.0,NRG,7,100T,13,0,0.382,0.238,0.62
Bind,Asuna,100T,Raze,1.61,332.0,25,12,6,13,85.0,184.0,10.0,7.0,3.0,4.0,NRG,7,100T,13,1,0.825,0.448,1.273
Bind,Boostio,100T,Gekko,1.43,276.0,22,12,3,10,95.0,166.0,31.0,3.0,1.0,2.0,NRG,7,100T,13,1,0.836,0.432,1.268
Bind,eeiu,100T,Fade,1.19,189.0,13,10,15,3,95.0,117.0,23.0,0.0,0.0,0.0,NRG,7,100T,13,1,0.629,0.466,1.095
Bind,Cryocells,100T,Brimstone,1.16,254.0,18,14,7,4,75.0,178.0,28.0,2.0,0.0,2.0,NRG,7,100T,13,1,0.757,0.424,1.181
Bind,bang,100T,Viper,0.81,116.0,8,10,6,-2,75.0,79.0,22.0,2.0,2.0,0.0,NRG,7,100T,13,1,0.444,0.34,0.784
Ascent,heat,KRÜ,Kayo,1.17,198.0,13,13,5,0,88.0,118.0,31.0,1.0,0.0,1.0,KRU,4,LEV,13,0,0.598,0.416,1.013
Ascent,Klaus,KRÜ,Sova,0.91,229.0,13,16,4,-3,65.0,151.0,46.0,0.0,0.0,0.0,KRU,4,LEV,13,0,0.578,0.33,0.908
Ascent,Shyy,KRÜ,Killjoy,0.9,208.0,11,14,4,-3,71.0,154.0,41.0,0.0,1.0,-1.0,KRU,4,LEV,13,0,0.555,0.321,0.876
Ascent,keznit,KRÜ,Jett,0.47,162.0,9,17,0,-8,53.0,102.0,23.0,5.0,7.0,-2.0,KRU,4,LEV,13,0,0.424,0.218,0.642
Ascent,Melser,KRÜ,Omen,0.4,95.0,4,14,10,-10,65.0,68.0,15.0,0.0,3.0,-3.0,KRU,4,LEV,13,0,0.318,0.301,0.619
Ascent,aspas,LEV,Jett,1.94,332.0,22,7,2,15,82.0,232.0,37.0,3.0,1.0,2.0,KRU,4,LEV,13,1,0.87,0.414,1.284
Ascent,Mazino,LEV,Kayo,1.67,312.0,20,10,10,10,82.0,201.0,22.0,2.0,1.0,1.0,KRU,4,LEV,13,1,0.831,0.473,1.304
Ascent,kiNgg,LEV,Omen,1.04,187.0,12,10,6,2,76.0,120.0,48.0,1.0,0.0,1.0,KRU,4,LEV,13,1,0.624,0.393,1.017
Ascent,C0M,LEV,Sova,0.91,195.0,10,11,7,-1,82.0,135.0,15.0,2.0,2.0,0.0,KRU,4,LEV,13,1,0.543,0.373,0.916
Ascent,tex,LEV,Killjoy,0.75,186.0,10,12,3,-2,71.0,120.0,28.0,3.0,2.0,1.0,KRU,4,LEV,13,1,0.531,0.302,0.833
Breeze,keznit,KRÜ,Jett,1.42,304.0,27,16,4,11,77.0,190.0,24.0,7.0,3.0,4.0,KRU,14,LEV,12,0,0.848,0.407,1.255
Breeze,Shyy,KRÜ,Cypher,0.93,183.0,17,16,6,1,69.0,117.0,27.0,2.0,2.0,0.0,KRU,14,LEV,12,0,0.607,0.343,0.95
Breeze,heat,KRÜ,Kayo,0.92,195.0,17,18,10,-1,65.0,130.0,41.0,4.0,2.0,2.0,KRU,14,LEV,12,0,0.622,0.385,1.008
Breeze,Melser,KRÜ,Viper,0.92,147.0,13,15,6,-2,69.0,108.0,32.0,1.0,0.0,1.0,KRU,14,LEV,12,0,0.511,0.369,0.88
Breeze,Klaus,KRÜ,Sova,0.79,162.0,16,20,2,-4,65.0,105.0,21.0,3.0,2.0,1.0,KRU,14,LEV,12,0,0.502,0.296,0.798
Breeze,kiNgg,LEV,Viper,1.72,291.0,29,12,8,17,85.0,178.0,38.0,2.0,0.0,2.0,KRU,14,LEV,12,0,0.847,0.485,1.332
Breeze,tex,LEV,Cypher,1.17,225.0,21,18,4,3,54.0,124.0,29.0,4.0,5.0,-1.0,KRU,14,LEV,12,0,0.724,0.312,1.036
Breeze,aspas,LEV,Jett,0.88,155.0,14,17,4,-3,65.0,105.0,29.0,2.0,3.0,-1.0,KRU,14,LEV,12,0,0.51,0.3,0.809
Breeze,C0M,LEV,Sova,0.59,137.0,10,22,8,-12,62.0,108.0,30.0,1.0,1.0,0.0,KRU,14,LEV,12,0,0.41,0.326,0.736
Breeze,Mazino,LEV,Kayo,0.54,122.0,11,21,8,-10,58.0,82.0,41.0,0.0,8.0,-8.0,KRU,14,LEV,12,0,0.398,0.284,0.681
Lotus,heat,KRÜ,Fade,1.42,255.0,23,15,6,8,87.0,158.0,33.0,0.0,2.0,-2.0,KRU,10,LEV,13,0,0.792,0.407,1.199
Lotus,keznit,KRÜ,Raze,1.2,258.0,19,16,6,3,91.0,185.0,28.0,6.0,0.0,6.0,KRU,10,LEV,13,0,0.772,0.448,1.22
Lotus,Shyy,KRÜ,Killjoy,1.08,245.0,21,17,1,4,74.0,166.0,38.0,4.0,2.0,2.0,KRU,10,LEV,13,0,0.777,0.35,1.127
Lotus,Melser,KRÜ,Omen,0.92,170.0,15,14,6,1,70.0,112.0,24.0,1.0,2.0,-1.0,KRU,10,LEV,13,0,0.569,0.335,0.903
Lotus,Klaus,KRÜ,Viper,0.22,85.0,4,19,6,-15,65.0,69.0,16.0,1.0,5.0,-4.0,KRU,10,LEV,13,0,0.321,0.268,0.588
Lotus,aspas,LEV,Raze,1.23,266.0,23,18,2,5,78.0,167.0,38.0,5.0,3.0,2.0,KRU,10,LEV,13,1,0.818,0.373,1.192
Lotus,tex,LEV,Killjoy,1.2,210.0,19,16,3,3,70.0,150.0,34.0,0.0,3.0,-3.0,KRU,10,LEV,13,1,0.703,0.318,1.021
Lotus,kiNgg,LEV,Viper,1.19,197.0,15,14,9,1,78.0,129.0,28.0,5.0,1.0,4.0,KRU,10,LEV,13,1,0.657,0.449,1.106
Lotus,C0M,LEV,Fade,0.83,152.0,12,17,6,-5,65.0,123.0,23.0,1.0,1.0,0.0,KRU,10,LEV,13,1,0.452,0.334,0.787
Lotus,Mazino,LEV,Omen,0.74,158.0,12,17,7,-5,65.0,112.0,40.0,0.0,4.0,-4.0,KRU,10,LEV,13,1,0.46,0.305,0.765
Icebox,OXY,C9,Jett,1.71,341.0,32,16,4,16,77.0,208.0,34.0,9.0,2.0,7.0,C9,14,MIBR,12,1,0.866,0.412,1.278
Icebox,moose,C9,Killjoy,1.46,233.0,21,11,4,10,92.0,175.0,25.0,4.0,1.0,3.0,C9,14,MIBR,12,1,0.816,0.446,1.262
Icebox,Xeppaa,C9,Sage,0.96,172.0,15,19,10,-4,73.0,114.0,22.0,2.0,0.0,2.0,C9,14,MIBR,12,1,0.512,0.422,0.934
Icebox,runi,C9,Sova,0.81,193.0,19,20,5,-1,62.0,141.0,38.0,1.0,2.0,-1.0,C9,14,MIBR,12,1,0.593,0.298,0.891
Icebox,vanity,C9,Viper,0.75,239.0,20,26,9,-6,81.0,163.0,30.0,1.0,4.0,-3.0,C9,14,MIBR,12,1,0.558,0.355,0.913
Icebox,frz,MIBR,Killjoy,1.27,273.0,25,20,2,5,65.0,176.0,29.0,2.0,2.0,0.0,C9,14,MIBR,12,0,0.806,0.338,1.145
Icebox,RgLMeister,MIBR,Viper,1.04,227.0,21,21,8,0,77.0,162.0,35.0,2.0,2.0,0.0,C9,14,MIBR,12,0,0.683,0.39,1.073
Icebox,artzin,MIBR,Sage,0.86,205.0,19,22,8,-3,69.0,139.0,30.0,1.0,6.0,-5.0,C9,14,MIBR,12,0,0.563,0.336,0.899
Icebox,jzz,MIBR,Gekko,0.84,182.0,19,21,3,-2,73.0,127.0,44.0,4.0,5.0,-1.0,C9,14,MIBR,12,0,0.603,0.298,0.9
Icebox,mazin,MIBR,Kayo,0.39,106.0,8,23,14,-15,69.0,74.0,16.0,0.0,2.0,-2.0,C9,14,MIBR,12,0,0.333,0.312,0.645
Sunset,moose,C9,Cypher,1.3,183.0,17,9,4,8,73.0,118.0,19.0,2.0,1.0,1.0,C9,13,MIBR,9,1,0.696,0.384,1.08
Sunset,OXY,C9,Raze,1.26,318.0,24,17,8,7,77.0,210.0,27.0,5.0,1.0,4.0,C9,13,MIBR,9,1,0.835,0.444,1.279
Sunset,runi,C9,Viper,1.19,205.0,15,12,8,3,91.0,142.0,38.0,3.0,1.0,2.0,C9,13,MIBR,9,1,0.711,0.456,1.167
Sunset,vanity,C9,Omen,0.99,213.0,18,16,5,2,68.0,125.0,22.0,2.0,2.0,0.0,C9,13,MIBR,9,1,0.646,0.336,0.982
Sunset,Xeppaa,C9,Skye,0.88,167.0,13,15,11,-2,73.0,111.0,37.0,2.0,3.0,-1.0,C9,13,MIBR,9,1,0.539,0.369,0.908
Sunset,jzz,MIBR,Skye,1.22,263.0,19,17,7,2,68.0,165.0,36.0,3.0,3.0,0.0,C9,13,MIBR,9,0,0.758,0.383,1.141
Sunset,artzin,MIBR,Raze,1.04,250.0,19,19,1,0,59.0,157.0,23.0,2.0,4.0,-2.0,C9,13,MIBR,9,0,0.666,0.287,0.953
Sunset,frz,MIBR,Cypher,0.91,186.0,13,17,6,-4,73.0,120.0,25.0,2.0,2.0,0.0,C9,13,MIBR,9,0,0.513,0.347,0.86
Sunset,RgLMeister,MIBR,Omen,0.73,133.0,10,16,8,-6,73.0,85.0,27.0,1.0,1.0,0.0,C9,13,MIBR,9,0,0.404,0.36,0.764
Sunset,mazin,MIBR,Viper,0.49,122.0,8,18,4,-10,41.0,89.0,29.0,0.0,4.0,-4.0,C9,13,MIBR,9,0,0.369,0.205,0.575
Bind,trent,G2,Gekko,1.28,215.0,19,14,6,5,67.0,140.0,27.0,1.0,0.0,1.0,G2,11,LOUD,13,0,0.729,0.403,1.133
Bind,valyn,G2,Brimstone,1.14,177.0,16,13,8,3,88.0,102.0,15.0,1.0,1.0,0.0,G2,11,LOUD,13,0,0.609,0.428,1.037
Bind,leaf,G2,Viper,0.99,206.0,15,17,11,-2,79.0,143.0,16.0,4.0,4.0,0.0,G2,11,LOUD,13,0,0.586,0.399,0.985
Bind,icy,G2,Raze,0.75,164.0,13,18,2,-5,50.0,118.0,16.0,5.0,4.0,1.0,G2,11,LOUD,13,0,0.47,0.267,0.737
Bind,JonahP,G2,Skye,0.53,87.0,6,16,9,-10,67.0,61.0,18.0,1.0,3.0,-2.0,G2,11,LOUD,13,0,0.324,0.313,0.638
Bind,Less,LOUD,Viper,1.53,256.0,21,11,5,10,92.0,185.0,38.0,1.0,0.0,1.0,G2,11,LOUD,13,1,0.821,0.454,1.275
Bind,tuyz,LOUD,Brimstone,1.33,206.0,17,13,16,4,79.0,147.0,34.0,2.0,3.0,-1.0,G2,11,LOUD,13,1,0.734,0.427,1.161
Bind,cauanzin,LOUD,Kayo,1.24,206.0,16,13,15,3,75.0,145.0,23.0,2.0,2.0,0.0,G2,11,LOUD,13,1,0.69,0.419,1.109
Bind,qck,LOUD,Raze,0.8,131.0,11,13,1,-2,63.0,83.0,19.0,5.0,4.0,1.0,G2,11,LOUD,13,1,0.477,0.294,0.771
Bind,saadhak,LOUD,Breach,0.79,164.0,13,19,14,-6,75.0,116.0,20.0,2.0,3.0,-1.0,G2,11,LOUD,13,1,0.464,0.363,0.827
Icebox,valyn,G2,Harbor,0.95,206.0,13,14,5,-1,82.0,124.0,33.0,2.0,2.0,0.0,G2,4,LOUD,13,0,0.584,0.355,0.94
Icebox,icy,G2,Gekko,0.85,174.0,10,14,4,-4,47.0,117.0,50.0,1.0,4.0,-3.0,G2,4,LOUD,13,0,0.498,0.253,0.752
Icebox,JonahP,G2,Viper,0.82,171.0,8,15,5,-7,59.0,129.0,43.0,0.0,2.0,-2.0,G2,4,LOUD,13,0,0.47,0.286,0.756
Icebox,leaf,G2,Killjoy,0.64,177.0,10,14,2,-4,59.0,121.0,11.0,0.0,4.0,-4.0,G2,4,LOUD,13,0,0.429,0.24,0.669
Icebox,trent,G2,Sova,0.25,86.0,4,16,3,-12,47.0,74.0,13.0,0.0,2.0,-2.0,G2,4,LOUD,13,0,0.318,0.208,0.527
Icebox,Less,LOUD,Viper,1.92,296.0,20,5,3,15,88.0,208.0,35.0,2.0,0.0,2.0,G2,4,LOUD,13,1,0.848,0.434,1.281
Icebox,tuyz,LOUD,Harbor,1.23,203.0,13,10,6,3,82.0,144.0,22.0,3.0,0.0,3.0,G2,4,LOUD,13,1,0.686,0.436,1.122
Icebox,qck,LOUD,Jett,1.12,194.0,12,8,1,4,82.0,111.0,31.0,4.0,2.0,2.0,G2,4,LOUD,13,1,0.671,0.368,1.039
Icebox,saadhak,LOUD,Killjoy,1.01,183.0,11,9,3,2,71.0,131.0,35.0,1.0,0.0,1.0,G2,4,LOUD,13,1,0.607,0.348,0.955
Icebox,cauanzin,LOUD,Sova,0.96,263.0,17,13,0,4,76.0,171.0,41.0,4.0,1.0,3.0,G2,4,LOUD,13,1,0.761,0.355,1.116
Lotus,moose,C9,Killjoy,1.17,267.0,18,14,1,4,74.0,165.0,38.0,4.0,1.0,3.0,C9,6,G2,13,0,0.783,0.374,1.156
Lotus,OXY,C9,Raze,0.99,232.0,16,16,3,0,63.0,150.0,34.0,3.0,4.0,-1.0,C9,6,G2,13,0,0.663,0.297,0.96
Lotus,runi,C9,Viper,0.76,113.0,9,12,4,-3,68.0,82.0,47.0,3.0,1.0,2.0,C9,6,G2,13,0,0.474,0.327,0.801
Lotus,Xeppaa,C9,Gekko,0.69,196.0,11,16,7,-5,68.0,137.0,22.0,1.0,0.0,1.0,C9,6,G2,13,0,0.462,0.354,0.816
Lotus,vanity,C9,Omen,0.56,98.0,6,15,6,-9,68.0,76.0,23.0,0.0,2.0,-2.0,C9,6,G2,13,0,0.344,0.284,0.629
Lotus,valyn,G2,Omen,1.6,270.0,19,10,9,9,89.0,173.0,24.0,5.0,1.0,4.0,C9,6,G2,13,1,0.823,0.497,1.321
Lotus,icy,G2,Raze,1.27,207.0,14,11,4,3,84.0,144.0,26.0,1.0,4.0,-3.0,C9,6,G2,13,1,0.673,0.36,1.032
Lotus,trent,G2,Fade,1.23,237.0,15,13,10,2,89.0,144.0,17.0,1.0,0.0,1.0,C9,6,G2,13,1,0.659,0.468,1.127
Lotus,leaf,G2,Killjoy,0.99,196.0,15,11,2,4,63.0,114.0,16.0,1.0,4.0,-3.0,C9,6,G2,13,1,0.622,0.284,0.906
Lotus,JonahP,G2,Viper,0.68,157.0,10,15,5,-5,74.0,93.0,17.0,0.0,2.0,-2.0,C9,6,G2,13,1,0.401,0.296,0.697
Ascent,Xeppaa,C9,Skye,1.14,225.0,23,20,10,3,79.0,147.0,36.0,2.0,0.0,2.0,C9,13,G2,15,0,0.729,0.451,1.18
Ascent,runi,C9,Viper,0.92,141.0,14,17,9,-3,61.0,102.0,25.0,1.0,0.0,1.0,C9,13,G2,15,0,0.485,0.389,0.874
Ascent,moose,C9,Killjoy,0.74,180.0,17,20,3,-3,54.0,117.0,24.0,3.0,5.0,-2.0,C9,13,G2,15,0,0.537,0.247,0.783
Ascent,OXY,C9,Jett,0.72,199.0,18,25,3,-7,64.0,134.0,28.0,4.0,6.0,-2.0,C9,13,G2,15,0,0.535,0.261,0.796
Ascent,vanity,C9,Omen,0.67,116.0,12,21,4,-9,57.0,82.0,21.0,3.0,4.0,-1.0,C9,13,G2,15,0,0.418,0.264,0.682
Ascent,icy,G2,Jett,1.37,259.0,26,17,5,9,75.0,158.0,32.0,8.0,5.0,3.0,C9,13,G2,15,1,0.817,0.41,1.227
Ascent,trent,G2,Sova,1.32,218.0,22,14,8,8,79.0,149.0,25.0,2.0,0.0,2.0,C9,13,G2,15,1,0.762,0.459,1.221
Ascent,JonahP,G2,Kayo,1.18,215.0,20,16,17,4,86.0,154.0,26.0,1.0,3.0,-2.0,C9,13,G2,15,1,0.716,0.414,1.13
Ascent,valyn,G2,Omen,1.07,204.0,17,20,15,-3,82.0,144.0,22.0,2.0,2.0,0.0,C9,13,G2,15,1,0.583,0.413,0.996
Ascent,leaf,G2,Killjoy,0.96,192.0,18,17,6,1,68.0,131.0,28.0,2.0,3.0,-1.0,C9,13,G2,15,1,0.63,0.335,0.965
Bind,Cryocells,100T,Brimstone,1.94,319.0,25,8,4,17,95.0,203.0,28.0,2.0,0.0,2.0,100T,13,LOUD,6,1,0.844,0.457,1.3
Bind,Asuna,100T,Raze,1.36,346.0,23,16,3,7,89.0,226.0,31.0,5.0,1.0,4.0,100T,13,LOUD,6,1,0.851,0.419,1.27
Bind,eeiu,100T,Fade,1.0,142.0,9,9,9,0,79.0,82.0,50.0,2.0,0.0,2.0,100T,13,LOUD,6,1,0.546,0.436,0.982
Bind,bang,100T,Viper,0.84,163.0,11,12,5,-1,74.0,108.0,19.0,2.0,4.0,-2.0,100T,13,LOUD,6,1,0.513,0.313,0.826
Bind,Boostio,100T,Gekko,0.31,126.0,7,17,7,-10,58.0,97.0,23.0,1.0,2.0,-1.0,100T,13,LOUD,6,1,0.364,0.28,0.644
Bind,tuyz,LOUD,Brimstone,1.31,220.0,16,14,10,2,89.0,125.0,40.0,0.0,0.0,0.0,100T,13,LOUD,6,0,0.682,0.468,1.15
Bind,Less,LOUD,Viper,1.04,179.0,10,13,6,-3,74.0,120.0,19.0,2.0,1.0,1.0,100T,13,LOUD,6,0,0.516,0.38,0.896
Bind,cauanzin,LOUD,Kayo,0.91,213.0,14,17,9,-3,74.0,121.0,18.0,1.0,2.0,-1.0,100T,13,LOUD,6,0,0.521,0.374,0.894
Bind,saadhak,LOUD,Breach,0.9,162.0,11,13,5,-2,74.0,119.0,24.0,1.0,2.0,-1.0,100T,13,LOUD,6,0,0.504,0.328,0.832
Bind,qck,LOUD,Raze,0.49,169.0,11,18,2,-7,58.0,113.0,19.0,3.0,7.0,-4.0,100T,13,LOUD,6,0,0.437,0.222,0.66
Icebox,Cryocells,100T,Jett,1.75,355.0,22,7,1,15,71.0,211.0,17.0,6.0,2.0,4.0,100T,13,LOUD,4,1,0.843,0.391,1.234
Icebox,bang,100T,Viper,1.41,234.0,16,8,6,8,82.0,163.0,40.0,3.0,1.0,2.0,100T,13,LOUD,4,1,0.799,0.442,1.241
Icebox,Asuna,100T,Gekko,1.19,174.0,13,8,3,5,82.0,101.0,13.0,0.0,0.0,0.0,100T,13,LOUD,4,1,0.625,0.377,1.002
Icebox,eeiu,100T,Sova,1.07,132.0,7,6,9,1,94.0,103.0,24.0,0.0,0.0,0.0,100T,13,LOUD,4,1,0.524,0.451,0.975
Icebox,Boostio,100T,Killjoy,1.03,220.0,13,11,2,2,82.0,152.0,24.0,3.0,2.0,1.0,100T,13,LOUD,4,1,0.666,0.35,1.016
Icebox,tuyz,LOUD,Harbor,0.95,166.0,10,13,3,-3,59.0,106.0,32.0,3.0,1.0,2.0,100T,13,LOUD,4,0,0.523,0.321,0.844
Icebox,saadhak,LOUD,Killjoy,0.86,200.0,10,14,2,-4,59.0,141.0,21.0,0.0,3.0,-3.0,100T,13,LOUD,4,0,0.493,0.263,0.757
Icebox,cauanzin,LOUD,Sova,0.67,149.0,8,14,3,-6,53.0,89.0,33.0,2.0,2.0,0.0,100T,13,LOUD,4,0,0.421,0.255,0.676
Icebox,Less,LOUD,Viper,0.59,124.0,7,14,4,-7,47.0,88.0,22.0,0.0,3.0,-3.0,100T,13,LOUD,4,0,0.366,0.226,0.592
Icebox,qck,LOUD,Jett,0.25,87.0,5,16,1,-11,41.0,45.0,30.0,0.0,3.0,-3.0,100T,13,LOUD,4,0,0.337,0.194,0.531
Icebox,Melser,KRÜ,Viper,1.34,278.0,17,14,4,3,72.0,189.0,34.0,3.0,2.0,1.0,KRU,5,G2,13,0,0.797,0.377,1.175
Icebox,heat,KRÜ,Kayo,1.01,217.0,13,15,10,-2,72.0,149.0,36.0,1.0,6.0,-5.0,KRU,5,G2,13,0,0.586,0.368,0.954
Icebox,Klaus,KRÜ,Gekko,0.67,142.0,9,15,5,-6,56.0,86.0,23.0,1.0,1.0,0.0,KRU,5,G2,13,0,0.393,0.291,0.684
Icebox,Shyy,KRÜ,Killjoy,0.49,125.0,7,15,0,-8,56.0,87.0,28.0,0.0,0.0,0.0,KRU,5,G2,13,0,0.364,0.259,0.623
Icebox,keznit,KRÜ,Reyna,0.3,104.0,7,16,3,-9,39.0,64.0,22.0,1.0,3.0,-2.0,KRU,5,G2,13,0,0.33,0.195,0.525
Icebox,leaf,G2,Killjoy,1.84,357.0,24,10,4,14,89.0,234.0,22.0,5.0,1.0,4.0,KRU,5,G2,13,1,0.85,0.442,1.292
Icebox,trent,G2,Sova,1.42,239.0,15,9,6,6,89.0,172.0,25.0,3.0,0.0,3.0,KRU,5,G2,13,1,0.785,0.468,1.253
Icebox,JonahP,G2,Viper,1.17,178.0,13,9,5,4,78.0,113.0,21.0,2.0,2.0,0.0,KRU,5,G2,13,1,0.646,0.372,1.018
Icebox,valyn,G2,Harbor,1.03,203.0,12,13,5,-1,72.0,138.0,32.0,1.0,1.0,0.0,KRU,5,G2,13,1,0.58,0.356,0.936
Icebox,icy,G2,Gekko,0.74,145.0,11,12,5,-1,72.0,88.0,32.0,1.0,2.0,-1.0,KRU,5,G2,13,1,0.484,0.308,0.791
Ascent,Shyy,KRÜ,Killjoy,1.0,199.0,15,16,1,-1,67.0,127.0,21.0,2.0,2.0,0.0,KRU,8,G2,13,0,0.581,0.313,0.895
Ascent,keznit,KRÜ,Jett,0.88,230.0,15,17,4,-2,48.0,151.0,23.0,4.0,6.0,-2.0,KRU,8,G2,13,0,0.602,0.263,0.865
Ascent,Melser,KRÜ,Omen,0.84,169.0,14,17,9,-3,62.0,95.0,39.0,1.0,1.0,0.0,KRU,8,G2,13,0,0.502,0.364,0.866
Ascent,heat,KRÜ,Kayo,0.79,153.0,12,16,7,-4,71.0,106.0,41.0,1.0,2.0,-1.0,KRU,8,G2,13,0,0.475,0.334,0.808
Ascent,Klaus,KRÜ,Sova,0.5,146.0,9,18,3,-9,67.0,105.0,10.0,2.0,0.0,2.0,KRU,8,G2,13,0,0.382,0.296,0.677
Ascent,leaf,G2,Killjoy,1.37,264.0,20,12,3,8,71.0,178.0,33.0,4.0,3.0,1.0,KRU,8,G2,13,1,0.829,0.368,1.197
Ascent,JonahP,G2,Kayo,1.36,229.0,17,12,20,5,81.0,155.0,31.0,2.0,1.0,1.0,KRU,8,G2,13,1,0.765,0.46,1.225
Ascent,valyn,G2,Omen,1.31,224.0,18,14,13,4,76.0,153.0,28.0,1.0,2.0,-1.0,KRU,8,G2,13,1,0.727,0.419,1.146
Ascent,trent,G2,Sova,1.09,177.0,12,11,7,1,76.0,133.0,12.0,2.0,2.0,0.0,KRU,8,G2,13,1,0.585,0.382,0.968
Ascent,icy,G2,Jett,1.05,212.0,17,16,6,1,86.0,135.0,35.0,2.0,2.0,0.0,KRU,8,G2,13,1,0.656,0.384,1.039
Bind,Mazino,LEV,Brimstone,0.96,226.0,11,15,7,-4,69.0,125.0,21.0,1.0,2.0,-1.0,LEV,3,100T,13,0,0.511,0.348,0.859
Bind,C0M,LEV,Skye,0.94,173.0,9,14,7,-5,63.0,116.0,21.0,2.0,0.0,2.0,LEV,3,100T,13,0,0.468,0.38,0.848
Bind,tex,LEV,Gekko,0.77,189.0,10,13,4,-3,63.0,127.0,42.0,1.0,2.0,-1.0,LEV,3,100T,13,0,0.51,0.285,0.795
Bind,aspas,LEV,Raze,0.75,213.0,11,14,4,-3,88.0,139.0,19.0,2.0,2.0,0.0,LEV,3,100T,13,0,0.518,0.333,0.851
Bind,kiNgg,LEV,Viper,0.3,99.0,5,14,3,-9,50.0,63.0,9.0,0.0,4.0,-4.0,LEV,3,100T,13,0,0.304,0.209,0.513
Bind,Asuna,100T,Raze,1.65,382.0,21,11,5,10,75.0,216.0,17.0,7.0,2.0,5.0,LEV,3,100T,13,1,0.843,0.42,1.263
Bind,Boostio,100T,Gekko,1.47,209.0,16,6,5,10,81.0,137.0,36.0,0.0,1.0,-1.0,LEV,3,100T,13,1,0.742,0.409,1.151
Bind,bang,100T,Viper,1.34,252.0,14,8,3,6,81.0,171.0,29.0,2.0,2.0,0.0,LEV,3,100T,13,1,0.768,0.373,1.141
Bind,Cryocells,100T,Brimstone,0.91,192.0,11,11,8,0,88.0,111.0,32.0,1.0,1.0,0.0,LEV,3,100T,13,1,0.555,0.404,0.958
Bind,eeiu,100T,Fade,0.8,134.0,8,10,7,-2,81.0,92.0,30.0,0.0,0.0,0.0,LEV,3,100T,13,1,0.456,0.378,0.835
Sunset,Mazino,LEV,Breach,1.46,260.0,25,16,10,9,73.0,175.0,31.0,4.0,2.0,2.0,LEV,14,100T,12,1,0.837,0.456,1.293
Sunset,kiNgg,LEV,Omen,1.36,253.0,23,17,17,6,88.0,167.0,34.0,6.0,0.0,6.0,LEV,14,100T,12,1,0.821,0.493,1.315
Sunset,aspas,LEV,Raze,1.25,282.0,24,18,5,6,73.0,190.0,30.0,5.0,2.0,3.0,LEV,14,100T,12,1,0.834,0.393,1.227
Sunset,tex,LEV,Gekko,0.98,173.0,16,16,7,0,65.0,110.0,43.0,2.0,2.0,0.0,LEV,14,100T,12,1,0.602,0.352,0.955
Sunset,C0M,LEV,Cypher,0.47,109.0,9,20,8,-11,65.0,71.0,18.0,1.0,2.0,-1.0,LEV,14,100T,12,1,0.34,0.303,0.643
Sunset,Cryocells,100T,Gekko,1.22,232.0,21,16,2,5,65.0,155.0,28.0,3.0,3.0,0.0,LEV,14,100T,12,0,0.781,0.333,1.114
Sunset,eeiu,100T,Sova,1.16,221.0,19,19,9,0,73.0,160.0,30.0,1.0,0.0,1.0,LEV,14,100T,12,0,0.661,0.434,1.095
Sunset,Asuna,100T,Raze,0.98,225.0,21,20,3,1,69.0,143.0,28.0,1.0,4.0,-3.0,LEV,14,100T,12,0,0.655,0.293,0.947
Sunset,Boostio,100T,Cypher,0.66,151.0,14,21,5,-7,62.0,94.0,11.0,2.0,9.0,-7.0,LEV,14,100T,12,0,0.419,0.269,0.688
Sunset,bang,100T,Omen,0.61,146.0,12,21,8,-9,62.0,96.0,52.0,1.0,2.0,-1.0,LEV,14,100T,12,0,0.442,0.311,0.752
Icebox,aspas,LEV,Jett,1.28,250.0,20,17,5,3,70.0,177.0,43.0,9.0,4.0,5.0,LEV,10,100T,13,0,0.793,0.392,1.185
Icebox,kiNgg,LEV,Viper,0.94,169.0,15,16,7,-1,70.0,98.0,17.0,0.0,1.0,-1.0,LEV,10,100T,13,0,0.52,0.357,0.877
Icebox,C0M,LEV,Sova,0.85,141.0,12,16,5,-4,78.0,91.0,14.0,2.0,1.0,1.0,LEV,10,100T,13,0,0.444,0.356,0.8
Icebox,tex,LEV,Killjoy,0.83,161.0,13,18,6,-5,65.0,124.0,36.0,0.0,1.0,-1.0,LEV,10,100T,13,0,0.478,0.326,0.804
Icebox,Mazino,LEV,Harbor,0.73,162.0,12,19,12,-7,70.0,119.0,26.0,1.0,4.0,-3.0,LEV,10,100T,13,0,0.448,0.335,0.783
Icebox,Cryocells,100T,Jett,1.55,315.0,26,15,4,11,78.0,209.0,21.0,6.0,3.0,3.0,LEV,10,100T,13,1,0.849,0.414,1.263
Icebox,eeiu,100T,Sova,1.38,226.0,18,12,7,6,74.0,150.0,44.0,2.0,0.0,2.0,LEV,10,100T,13,1,0.782,0.445,1.227
Icebox,Asuna,100T,Gekko,0.98,207.0,18,15,6,3,74.0,133.0,30.0,1.0,3.0,-2.0,LEV,10,100T,13,1,0.658,0.339,0.997
Icebox,bang,100T,Viper,0.76,117.0,10,14,8,-4,74.0,82.0,30.0,0.0,1.0,-1.0,LEV,10,100T,13,1,0.417,0.356,0.772
Icebox,Boostio,100T,Killjoy,0.71,166.0,14,16,1,-2,52.0,104.0,18.0,2.0,5.0,-3.0,LEV,10,100T,13,1,0.496,0.236,0.731
Lotus,keznit,KRÜ,Raze,1.65,348.0,23,12,5,11,74.0,224.0,27.0,3.0,2.0,1.0,KRU,13,LEV,6,0,0.857,0.406,1.263
Lotus,heat,KRÜ,Fade,1.17,198.0,15,11,5,4,79.0,133.0,42.0,1.0,2.0,-1.0,KRU,13,LEV,6,0,0.689,0.365,1.054
Lotus,Melser,KRÜ,Omen,1.09,168.0,12,9,4,3,84.0,111.0,40.0,2.0,1.0,1.0,KRU,13,LEV,6,0,0.636,0.38,1.016
Lotus,Shyy,KRÜ,Killjoy,0.97,141.0,11,9,4,2,84.0,98.0,17.0,0.0,0.0,0.0,KRU,13,LEV,6,0,0.537,0.368,0.905
Lotus,Klaus,KRÜ,Viper,0.79,223.0,13,17,7,-4,74.0,153.0,25.0,6.0,2.0,4.0,KRU,13,LEV,6,0,0.554,0.369,0.923
Lotus,aspas,LEV,Raze,1.15,234.0,17,14,4,3,84.0,150.0,26.0,1.0,0.0,1.0,KRU,13,LEV,6,0,0.691,0.396,1.086
Lotus,C0M,LEV,Fade,1.05,184.0,12,13,4,-1,68.0,113.0,24.0,2.0,1.0,1.0,KRU,13,LEV,6,0,0.561,0.349,0.91
Lotus,tex,LEV,Killjoy,0.85,183.0,12,15,2,-3,63.0,117.0,41.0,3.0,4.0,-1.0,KRU,13,LEV,6,0,0.548,0.282,0.83
Lotus,Mazino,LEV,Omen,0.77,174.0,10,16,12,-6,63.0,107.0,25.0,1.0,4.0,-3.0,KRU,13,LEV,6,0,0.44,0.328,0.767
Lotus,kiNgg,LEV,Viper,0.52,110.0,7,16,6,-9,47.0,80.0,24.0,0.0,3.0,-3.0,KRU,13,LEV,6,0,0.35,0.241,0.59
Icebox,keznit,KRÜ,Jett,1.28,278.0,23,19,5,4,83.0,196.0,37.0,5.0,2.0,3.0,KRU,11,LEV,13,0,0.829,0.413,1.242
Icebox,Klaus,KRÜ,Gekko,1.12,204.0,17,17,7,0,75.0,128.0,47.0,4.0,2.0,2.0,KRU,11,LEV,13,0,0.668,0.401,1.069
Icebox,Shyy,KRÜ,Killjoy,1.11,252.0,22,17,1,5,58.0,158.0,27.0,2.0,2.0,0.0,KRU,11,LEV,13,0,0.765,0.31,1.075
Icebox,Melser,KRÜ,Viper,1.07,175.0,15,14,5,1,67.0,117.0,33.0,2.0,3.0,-1.0,KRU,11,LEV,13,0,0.617,0.334,0.951
Icebox,heat,KRÜ,Kayo,0.43,109.0,8,21,11,-13,63.0,67.0,23.0,1.0,1.0,0.0,KRU,11,LEV,13,0,0.341,0.329,0.669
Icebox,aspas,LEV,Jett,1.52,314.0,28,15,2,13,67.0,204.0,32.0,3.0,1.0,2.0,KRU,11,LEV,13,1,0.864,0.389,1.253
Icebox,tex,LEV,Killjoy,1.35,285.0,25,17,3,8,75.0,180.0,39.0,3.0,2.0,1.0,KRU,11,LEV,13,1,0.85,0.372,1.222
Icebox,Mazino,LEV,Harbor,0.8,178.0,15,19,7,-4,67.0,126.0,26.0,1.0,4.0,-3.0,KRU,11,LEV,13,1,0.497,0.315,0.812
Icebox,C0M,LEV,Sova,0.62,119.0,10,16,3,-6,63.0,81.0,22.0,2.0,4.0,-2.0,KRU,11,LEV,13,1,0.391,0.249,0.64
Icebox,kiNgg,LEV,Viper,0.61,128.0,10,18,7,-8,63.0,95.0,20.0,1.0,3.0,-2.0,KRU,11,LEV,13,1,0.386,0.292,0.678
Sunset,Shyy,KRÜ,Cypher,1.26,250.0,19,15,2,4,71.0,162.0,34.0,3.0,1.0,2.0,KRU,8,LEV,13,0,0.782,0.374,1.156
Sunset,heat,KRÜ,Gekko,1.18,269.0,19,17,6,2,86.0,176.0,27.0,2.0,3.0,-1.0,KRU,8,LEV,13,0,0.738,0.389,1.127
Sunset,keznit,KRÜ,Raze,0.54,160.0,10,18,4,-8,62.0,116.0,19.0,1.0,6.0,-5.0,KRU,8,LEV,13,0,0.406,0.246,0.651
Sunset,Klaus,KRÜ,Breach,0.51,128.0,8,17,9,-9,67.0,91.0,29.0,0.0,0.0,0.0,KRU,8,LEV,13,0,0.376,0.347,0.722
Sunset,Melser,KRÜ,Omen,0.3,106.0,7,19,3,-12,48.0,81.0,27.0,1.0,3.0,-2.0,KRU,8,LEV,13,0,0.349,0.21,0.559
Sunset,Mazino,LEV,Breach,1.63,318.0,23,12,11,11,95.0,205.0,22.0,2.0,0.0,2.0,KRU,8,LEV,13,1,0.835,0.512,1.348
Sunset,aspas,LEV,Raze,1.21,210.0,16,11,5,5,71.0,127.0,27.0,3.0,2.0,1.0,KRU,8,LEV,13,1,0.727,0.373,1.1
Sunset,tex,LEV,Gekko,1.16,224.0,17,14,5,3,86.0,165.0,38.0,2.0,3.0,-1.0,KRU,8,LEV,13,1,0.726,0.376,1.102
Sunset,C0M,LEV,Cypher,1.15,171.0,15,11,4,4,76.0,124.0,36.0,2.0,0.0,2.0,KRU,8,LEV,13,1,0.676,0.391,1.067
Sunset,kiNgg,LEV,Omen,1.03,225.0,15,15,12,0,81.0,136.0,28.0,4.0,2.0,2.0,KRU,8,LEV,13,1,0.643,0.424,1.067
Ascent,trent,G2,Sova,0.97,181.0,10,13,3,-3,56.0,136.0,34.0,2.0,1.0,1.0,G2,5,100T,13,0,0.54,0.309,0.849
Ascent,icy,G2,Jett,0.8,186.0,11,15,1,-4,44.0,124.0,31.0,3.0,3.0,0.0,G2,5,100T,13,0,0.517,0.253,0.771
Ascent,JonahP,G2,Kayo,0.77,167.0,7,15,12,-8,67.0,99.0,25.0,0.0,3.0,-3.0,G2,5,100T,13,0,0.418,0.334,0.752
Ascent,valyn,G2,Omen,0.68,103.0,7,12,6,-5,56.0,62.0,20.0,1.0,2.0,-1.0,G2,5,100T,13,0,0.347,0.286,0.632
Ascent,leaf,G2,Killjoy,0.36,118.0,8,16,0,-8,33.0,73.0,23.0,0.0,3.0,-3.0,G2,5,100T,13,0,0.349,0.186,0.535
Ascent,eeiu,100T,Sova,1.68,308.0,21,8,7,13,83.0,192.0,28.0,2.0,1.0,1.0,G2,5,100T,13,1,0.844,0.452,1.296
Ascent,bang,100T,Omen,1.47,245.0,16,7,9,9,83.0,129.0,18.0,1.0,0.0,1.0,G2,5,100T,13,1,0.73,0.484,1.214
Ascent,Cryocells,100T,Jett,1.32,234.0,17,9,3,8,78.0,148.0,12.0,6.0,1.0,5.0,G2,5,100T,13,1,0.745,0.396,1.141
Ascent,Asuna,100T,Kayo,1.22,173.0,8,9,21,-1,78.0,124.0,19.0,1.0,2.0,-1.0,G2,5,100T,13,1,0.54,0.413,0.954
Ascent,Boostio,100T,Killjoy,0.82,138.0,9,10,1,-1,72.0,96.0,22.0,2.0,2.0,0.0,G2,5,100T,13,1,0.487,0.302,0.789
Bind,valyn,G2,Brimstone,1.68,287.0,22,12,11,10,81.0,174.0,20.0,1.0,0.0,1.0,G2,13,100T,8,1,0.805,0.48,1.286
Bind,leaf,G2,Viper,1.66,282.0,21,14,7,7,81.0,207.0,24.0,1.0,1.0,0.0,G2,13,100T,8,1,0.82,0.44,1.26
Bind,trent,G2,Gekko,1.22,219.0,16,14,6,2,76.0,140.0,34.0,2.0,2.0,0.0,G2,13,100T,8,1,0.69,0.385,1.075
Bind,JonahP,G2,Skye,0.5,126.0,9,19,7,-10,62.0,94.0,16.0,2.0,2.0,0.0,G2,13,100T,8,1,0.376,0.296,0.673
Bind,icy,G2,Raze,0.36,167.0,11,21,5,-10,62.0,113.0,22.0,4.0,6.0,-2.0,G2,13,100T,8,1,0.441,0.256,0.697
Bind,eeiu,100T,Fade,1.22,234.0,18,16,10,2,95.0,187.0,25.0,1.0,1.0,0.0,G2,13,100T,8,0,0.71,0.459,1.17
Bind,Asuna,100T,Raze,1.13,261.0,19,15,8,4,86.0,158.0,21.0,5.0,3.0,2.0,G2,13,100T,8,0,0.754,0.432,1.185
Bind,bang,100T,Viper,1.11,221.0,17,14,5,3,76.0,138.0,23.0,2.0,4.0,-2.0,G2,13,100T,8,0,0.683,0.345,1.028
Bind,Cryocells,100T,Brimstone,1.0,236.0,18,18,8,0,86.0,163.0,30.0,2.0,0.0,2.0,G2,13,100T,8,0,0.664,0.436,1.1
Bind,Boostio,100T,Gekko,0.41,114.0,8,16,7,-8,67.0,72.0,19.0,1.0,2.0,-1.0,G2,13,100T,8,0,0.34,0.295,0.635
Split,valyn,G2,Omen,1.28,252.0,21,17,7,4,75.0,162.0,18.0,5.0,0.0,5.0,G2,11,100T,13,0,0.772,0.441,1.213
Split,leaf,G2,Viper,1.27,223.0,19,16,9,3,67.0,143.0,26.0,2.0,0.0,2.0,G2,11,100T,13,0,0.718,0.444,1.162
Split,trent,G2,Fade,0.96,164.0,13,16,12,-3,71.0,103.0,23.0,2.0,4.0,-2.0,G2,11,100T,13,0,0.508,0.365,0.874
Split,icy,G2,Raze,0.91,191.0,17,15,3,2,75.0,129.0,28.0,2.0,5.0,-3.0,G2,11,100T,13,0,0.633,0.295,0.929
Split,JonahP,G2,Breach,0.73,116.0,7,16,13,-9,63.0,75.0,21.0,1.0,3.0,-2.0,G2,11,100T,13,0,0.367,0.328,0.695
Split,eeiu,100T,Fade,1.24,204.0,20,12,6,8,67.0,135.0,27.0,2.0,3.0,-1.0,G2,11,100T,13,1,0.736,0.363,1.099
Split,Cryocells,100T,Astra,1.0,161.0,12,15,14,-3,67.0,113.0,28.0,3.0,2.0,1.0,G2,11,100T,13,1,0.535,0.389,0.924
Split,Asuna,100T,Raze,0.94,215.0,17,17,6,0,71.0,134.0,17.0,2.0,3.0,-1.0,G2,11,100T,13,1,0.605,0.338,0.944
Split,bang,100T,Viper,0.93,186.0,13,16,12,-3,67.0,115.0,30.0,3.0,2.0,1.0,G2,11,100T,13,1,0.548,0.381,0.929
Split,Boostio,100T,Gekko,0.89,189.0,18,17,3,1,71.0,119.0,32.0,2.0,2.0,0.0,G2,11,100T,13,1,0.618,0.308,0.926
Bind,bang,100T,Viper,1.42,240.0,21,13,2,8,77.0,163.0,48.0,4.0,3.0,1.0,100T,13,G2,9,1,0.834,0.383,1.217
Bind,eeiu,100T,Fade,1.4,239.0,20,14,5,6,73.0,153.0,42.0,1.0,1.0,0.0,100T,13,G2,9,1,0.784,0.397,1.181
Bind,Boostio,100T,Gekko,0.83,178.0,13,16,8,-3,77.0,116.0,17.0,0.0,2.0,-2.0,100T,13,G2,9,1,0.486,0.35,0.836
Bind,Asuna,100T,Raze,0.78,189.0,14,17,6,-3,59.0,129.0,16.0,3.0,6.0,-3.0,100T,13,G2,9,1,0.527,0.288,0.815
Bind,Cryocells,100T,Brimstone,0.73,176.0,12,18,8,-6,64.0,127.0,20.0,1.0,1.0,0.0,100T,13,G2,9,1,0.452,0.345,0.796
Bind,valyn,G2,Brimstone,1.24,264.0,19,15,8,4,82.0,175.0,25.0,6.0,3.0,3.0,100T,13,G2,9,0,0.784,0.441,1.225
Bind,leaf,G2,Viper,1.04,243.0,20,17,2,3,77.0,164.0,27.0,3.0,1.0,2.0,100T,13,G2,9,0,0.737,0.361,1.098
Bind,icy,G2,Raze,0.93,192.0,16,17,2,-1,73.0,122.0,21.0,4.0,2.0,2.0,100T,13,G2,9,0,0.587,0.333,0.92
Bind,JonahP,G2,Skye,0.88,177.0,14,16,10,-2,91.0,113.0,30.0,0.0,1.0,-1.0,100T,13,G2,9,0,0.527,0.408,0.935
Bind,trent,G2,Gekko,0.71,131.0,9,15,8,-6,64.0,99.0,56.0,0.0,2.0,-2.0,100T,13,G2,9,0,0.437,0.316,0.753
Breeze,Boostio,100T,Cypher,1.49,269.0,22,10,2,12,80.0,174.0,43.0,4.0,1.0,3.0,100T,13,G2,7,1,0.855,0.415,1.271
Breeze,eeiu,100T,Sova,1.35,233.0,16,10,8,6,75.0,157.0,25.0,4.0,2.0,2.0,100T,13,G2,7,1,0.77,0.437,1.207
Breeze,bang,100T,Viper,1.24,218.0,17,11,5,6,90.0,133.0,36.0,5.0,2.0,3.0,100T,13,G2,7,1,0.754,0.421,1.174
Breeze,Asuna,100T,Kayo,1.08,197.0,12,12,12,0,90.0,138.0,27.0,0.0,0.0,0.0,100T,13,G2,7,1,0.591,0.446,1.036
Breeze,Cryocells,100T,Jett,1.04,183.0,14,12,2,2,80.0,122.0,21.0,2.0,0.0,2.0,100T,13,G2,7,1,0.615,0.375,0.99
Breeze,icy,G2,Yoru,0.89,212.0,16,18,1,-2,55.0,145.0,47.0,0.0,4.0,-4.0,100T,13,G2,7,0,0.594,0.26,0.853
Breeze,JonahP,G2,Viper,0.86,153.0,9,14,9,-5,60.0,104.0,35.0,0.0,3.0,-3.0,100T,13,G2,7,0,0.445,0.332,0.777
Breeze,valyn,G2,Astra,0.73,154.0,10,16,1,-6,60.0,104.0,29.0,0.0,2.0,-2.0,100T,13,G2,7,0,0.429,0.256,0.685
Breeze,leaf,G2,Cypher,0.68,191.0,13,17,2,-4,60.0,125.0,29.0,4.0,2.0,2.0,100T,13,G2,7,0,0.514,0.285,0.799
Breeze,trent,G2,Sova,0.51,104.0,7,16,5,-9,55.0,78.0,29.0,1.0,4.0,-3.0,100T,13,G2,7,0,0.351,0.242,0.593
Sunset,Asuna,100T,Raze,1.42,299.0,21,14,5,7,71.0,196.0,19.0,4.0,5.0,-1.0,100T,13,G2,8,1,0.841,0.378,1.219
Sunset,bang,100T,Omen,1.29,241.0,18,12,8,6,95.0,139.0,63.0,2.0,0.0,2.0,100T,13,G2,8,1,0.786,0.482,1.268
Sunset,Cryocells,100T,Gekko,1.14,232.0,19,15,4,4,86.0,159.0,27.0,2.0,0.0,2.0,100T,13,G2,8,1,0.735,0.407,1.141
Sunset,Boostio,100T,Cypher,1.1,195.0,16,13,3,3,71.0,132.0,48.0,4.0,2.0,2.0,100T,13,G2,8,1,0.705,0.348,1.053
Sunset,eeiu,100T,Sova,0.58,108.0,8,14,4,-6,76.0,85.0,21.0,0.0,2.0,-2.0,100T,13,G2,8,1,0.359,0.278,0.636
Sunset,icy,G2,Raze,1.21,241.0,17,15,5,2,81.0,170.0,16.0,1.0,2.0,-1.0,100T,13,G2,8,0,0.683,0.373,1.056
Sunset,valyn,G2,Omen,1.08,197.0,14,16,7,-2,76.0,138.0,26.0,3.0,2.0,1.0,100T,13,G2,8,0,0.599,0.39,0.989
Sunset,trent,G2,Gekko,0.9,191.0,13,16,7,-3,71.0,130.0,32.0,2.0,2.0,0.0,100T,13,G2,8,0,0.545,0.354,0.898
Sunset,leaf,G2,Cypher,0.81,188.0,14,17,2,-3,62.0,116.0,30.0,2.0,5.0,-3.0,100T,13,G2,8,0,0.527,0.263,0.79
Sunset,JonahP,G2,Breach,0.54,140.0,10,18,11,-8,81.0,89.0,30.0,1.0,1.0,0.0,100T,13,G2,8,0,0.394,0.364,0.758
Bind,leaf,G2,Viper,1.12,238.0,22,20,8,2,77.0,174.0,28.0,2.0,3.0,-1.0,G2,12,LEV,14,0,0.726,0.39,1.116
Bind,trent,G2,Gekko,0.97,194.0,18,19,8,-1,65.0,123.0,20.0,3.0,1.0,2.0,G2,12,LEV,14,0,0.6,0.389,0.989
Bind,JonahP,G2,Skye,0.93,192.0,18,19,11,-1,73.0,117.0,49.0,1.0,3.0,-2.0,G2,12,LEV,14,0,0.596,0.365,0.962
Bind,valyn,G2,Brimstone,0.9,178.0,16,18,9,-2,73.0,119.0,30.0,2.0,4.0,-2.0,G2,12,LEV,14,0,0.557,0.362,0.92
Bind,icy,G2,Raze,0.61,160.0,14,22,3,-8,62.0,107.0,32.0,5.0,2.0,3.0,G2,12,LEV,14,0,0.473,0.285,0.758
Bind,C0M,LEV,Skye,1.3,214.0,22,15,9,7,77.0,155.0,43.0,2.0,1.0,1.0,G2,12,LEV,14,1,0.783,0.446,1.23
Bind,aspas,LEV,Raze,1.24,254.0,22,18,6,4,85.0,179.0,25.0,5.0,3.0,2.0,G2,12,LEV,14,1,0.791,0.419,1.21
Bind,kiNgg,LEV,Viper,1.0,199.0,17,18,6,-1,73.0,146.0,39.0,3.0,2.0,1.0,G2,12,LEV,14,1,0.641,0.365,1.006
Bind,Mazino,LEV,Brimstone,0.95,229.0,20,21,11,-1,77.0,151.0,26.0,1.0,2.0,-1.0,G2,12,LEV,14,1,0.621,0.383,1.004
Bind,tex,LEV,Gekko,0.94,174.0,17,16,2,1,77.0,114.0,47.0,2.0,5.0,-3.0,G2,12,LEV,14,1,0.625,0.302,0.927
Breeze,trent,G2,Sova,1.19,212.0,15,13,6,2,60.0,133.0,24.0,2.0,2.0,0.0,G2,13,LEV,7,1,0.661,0.355,1.016
Breeze,JonahP,G2,Viper,1.16,239.0,14,14,9,0,65.0,154.0,23.0,1.0,1.0,0.0,G2,13,LEV,7,1,0.634,0.403,1.037
Breeze,valyn,G2,Astra,1.13,187.0,15,12,8,3,65.0,116.0,29.0,3.0,1.0,2.0,G2,13,LEV,7,1,0.668,0.406,1.074
Breeze,leaf,G2,Cypher,1.02,173.0,13,12,1,1,75.0,103.0,16.0,3.0,1.0,2.0,G2,13,LEV,7,1,0.583,0.355,0.938
Breeze,icy,G2,Yoru,0.79,146.0,12,14,1,-2,60.0,92.0,27.0,3.0,3.0,0.0,G2,13,LEV,7,1,0.506,0.279,0.785
Breeze,Mazino,LEV,Kayo,1.01,196.0,13,14,11,-1,70.0,118.0,22.0,2.0,4.0,-2.0,G2,13,LEV,7,0,0.568,0.369,0.937
Breeze,aspas,LEV,Jett,0.97,223.0,16,13,1,3,65.0,133.0,35.0,2.0,4.0,-2.0,G2,13,LEV,7,0,0.677,0.289,0.966
Breeze,tex,LEV,Cypher,0.9,174.0,12,14,2,-2,60.0,119.0,38.0,2.0,0.0,2.0,G2,13,LEV,7,0,0.547,0.326,0.873
Breeze,kiNgg,LEV,Viper,0.86,213.0,14,14,6,0,75.0,132.0,35.0,1.0,3.0,-2.0,G2,13,LEV,7,0,0.59,0.328,0.918
Breeze,C0M,LEV,Sova,0.74,147.0,10,14,2,-4,55.0,104.0,26.0,1.0,1.0,0.0,G2,13,LEV,7,0,0.438,0.275,0.713
Icebox,trent,G2,Sova,1.69,305.0,29,16,7,13,85.0,201.0,36.0,2.0,2.0,0.0,G2,12,LEV,14,0,0.853,0.438,1.291
Icebox,valyn,G2,Harbor,1.36,252.0,25,18,7,7,81.0,146.0,40.0,4.0,0.0,4.0,G2,12,LEV,14,0,0.814,0.459,1.273
Icebox,JonahP,G2,Viper,0.92,189.0,16,19,12,-3,81.0,122.0,22.0,1.0,5.0,-4.0,G2,12,LEV,14,0,0.526,0.374,0.899
Icebox,leaf,G2,Killjoy,0.79,188.0,16,23,6,-7,62.0,132.0,19.0,4.0,4.0,0.0,G2,12,LEV,14,0,0.514,0.316,0.83
Icebox,icy,G2,Gekko,0.62,143.0,12,21,9,-9,58.0,112.0,27.0,1.0,3.0,-2.0,G2,12,LEV,14,0,0.424,0.308,0.732
Icebox,aspas,LEV,Jett,1.3,301.0,28,19,3,9,69.0,204.0,39.0,5.0,3.0,2.0,G2,12,LEV,14,1,0.854,0.365,1.219
Icebox,C0M,LEV,Sova,0.86,195.0,17,20,6,-3,62.0,126.0,24.0,4.0,4.0,0.0,G2,12,LEV,14,1,0.563,0.323,0.886
Icebox,tex,LEV,Killjoy,0.85,177.0,17,17,1,0,62.0,117.0,34.0,1.0,3.0,-2.0,G2,12,LEV,14,1,0.575,0.272,0.846
Icebox,kiNgg,LEV,Viper,0.79,174.0,15,18,5,-3,73.0,125.0,28.0,2.0,2.0,0.0,G2,12,LEV,14,1,0.526,0.323,0.849
Icebox,Mazino,LEV,Harbor,0.67,207.0,20,24,5,-4,73.0,136.0,33.0,2.0,0.0,2.0,G2,12,LEV,14,1,0.55,0.346,0.896
Lotus,valyn,G2,Omen,1.44,309.0,26,17,10,9,87.0,190.0,24.0,4.0,2.0,2.0,G2,13,LEV,10,1,0.85,0.477,1.327
Lotus,icy,G2,Raze,1.33,224.0,20,15,4,5,83.0,145.0,28.0,2.0,1.0,1.0,G2,13,LEV,10,1,0.763,0.404,1.167
Lotus,leaf,G2,Killjoy,0.94,210.0,17,17,7,0,74.0,139.0,23.0,2.0,3.0,-1.0,G2,13,LEV,10,1,0.615,0.354,0.97
Lotus,JonahP,G2,Viper,0.81,186.0,13,17,5,-4,70.0,127.0,43.0,1.0,5.0,-4.0,G2,13,LEV,10,1,0.513,0.299,0.812
Lotus,trent,G2,Fade,0.6,113.0,8,15,6,-7,74.0,71.0,38.0,1.0,2.0,-1.0,G2,13,LEV,10,1,0.376,0.307,0.683
Lotus,Mazino,LEV,Omen,1.49,295.0,26,16,9,10,87.0,171.0,32.0,2.0,2.0,0.0,G2,13,LEV,10,0,0.836,0.463,1.299
Lotus,aspas,LEV,Raze,1.1,214.0,18,17,7,1,83.0,160.0,27.0,2.0,2.0,0.0,G2,13,LEV,10,0,0.673,0.395,1.068
Lotus,kiNgg,LEV,Viper,1.02,210.0,16,15,9,1,74.0,131.0,26.0,3.0,0.0,3.0,G2,13,LEV,10,0,0.648,0.434,1.082
Lotus,C0M,LEV,Fade,0.77,146.0,11,17,10,-6,74.0,112.0,23.0,3.0,1.0,2.0,G2,13,LEV,10,0,0.461,0.394,0.855
Lotus,tex,LEV,Killjoy,0.52,136.0,10,19,4,-9,70.0,110.0,24.0,3.0,5.0,-2.0,G2,13,LEV,10,0,0.426,0.261,0.687
Ascent,valyn,G2,Omen,1.1,221.0,19,15,9,4,71.0,152.0,29.0,2.0,4.0,-2.0,G2,13,LEV,11,1,0.723,0.38,1.104
Ascent,JonahP,G2,Kayo,0.96,174.0,14,17,18,-3,71.0,116.0,36.0,1.0,1.0,0.0,G2,13,LEV,11,1,0.528,0.392,0.92
Ascent,leaf,G2,Killjoy,0.93,223.0,18,20,6,-2,83.0,147.0,26.0,3.0,1.0,2.0,G2,13,LEV,11,1,0.62,0.392,1.012
Ascent,trent,G2,Sova,0.89,198.0,14,17,6,-3,63.0,134.0,18.0,3.0,1.0,2.0,G2,13,LEV,11,1,0.55,0.355,0.904
Ascent,icy,G2,Jett,0.84,156.0,16,18,1,-2,71.0,124.0,42.0,5.0,3.0,2.0,G2,13,LEV,11,1,0.572,0.32,0.892
Ascent,kiNgg,LEV,Omen,1.6,274.0,25,13,7,12,75.0,169.0,31.0,1.0,1.0,0.0,G2,13,LEV,11,0,0.811,0.43,1.241
Ascent,C0M,LEV,Sova,1.32,204.0,17,14,10,3,75.0,136.0,23.0,2.0,0.0,2.0,G2,13,LEV,11,0,0.696,0.463,1.159
Ascent,Mazino,LEV,Kayo,0.88,196.0,15,18,14,-3,83.0,138.0,40.0,0.0,3.0,-3.0,G2,13,LEV,11,0,0.553,0.373,0.926
Ascent,aspas,LEV,Jett,0.85,180.0,17,17,2,0,58.0,113.0,41.0,5.0,5.0,0.0,G2,13,LEV,11,0,0.611,0.282,0.894
Ascent,tex,LEV,Killjoy,0.72,169.0,13,19,6,-6,63.0,108.0,31.0,2.0,5.0,-3.0,G2,13,LEV,11,0,0.469,0.289,0.758
Lotus,zekken,SEN,Raze,1.47,339.0,22,14,7,8,76.0,222.0,30.0,7.0,4.0,3.0,SEN,13,NRG,8,1,0.861,0.444,1.305
Lotus,Sacy,SEN,Fade,1.47,245.0,19,10,9,9,86.0,161.0,39.0,0.0,2.0,-2.0,SEN,13,NRG,8,1,0.792,0.445,1.236
Lotus,Zellsis,SEN,Cypher,1.24,204.0,16,10,6,6,86.0,131.0,21.0,1.0,0.0,1.0,SEN,13,NRG,8,1,0.692,0.431,1.122
Lotus,TenZ,SEN,Omen,1.02,188.0,13,13,14,0,76.0,127.0,12.0,1.0,1.0,0.0,SEN,13,NRG,8,1,0.554,0.407,0.96
Lotus,johnqt,SEN,Deadlock,0.9,134.0,10,11,5,-1,67.0,96.0,46.0,2.0,2.0,0.0,SEN,13,NRG,8,1,0.527,0.325,0.851
Lotus,Ethan,NRG,Breach,0.96,191.0,14,15,10,-1,76.0,121.0,29.0,3.0,0.0,3.0,SEN,13,NRG,8,0,0.591,0.431,1.022
Lotus,s0m,NRG,Clove,0.92,210.0,14,17,6,-3,71.0,142.0,28.0,4.0,4.0,0.0,SEN,13,NRG,8,0,0.578,0.345,0.923
Lotus,Victor,NRG,Neon,0.71,164.0,11,17,5,-6,57.0,116.0,21.0,2.0,6.0,-4.0,SEN,13,NRG,8,0,0.448,0.266,0.715
Lotus,FiNESSE,NRG,Cypher,0.68,122.0,9,16,4,-7,62.0,79.0,15.0,1.0,0.0,1.0,SEN,13,NRG,8,0,0.367,0.309,0.676
Lotus,crashies,NRG,Gekko,0.65,134.0,10,16,4,-6,52.0,92.0,40.0,0.0,2.0,-2.0,SEN,13,NRG,8,0,0.416,0.245,0.661
Sunset,TenZ,SEN,Omen,1.38,229.0,23,16,10,7,77.0,140.0,29.0,4.0,2.0,2.0,SEN,14,NRG,12,1,0.788,0.454,1.243
Sunset,zekken,SEN,Raze,1.36,294.0,24,19,14,5,77.0,206.0,28.0,5.0,4.0,1.0,SEN,14,NRG,12,1,0.847,0.444,1.291
Sunset,Zellsis,SEN,Breach,1.31,220.0,21,14,16,7,81.0,138.0,22.0,1.0,1.0,0.0,SEN,14,NRG,12,1,0.736,0.446,1.181
Sunset,Sacy,SEN,Gekko,1.02,191.0,19,16,8,3,77.0,132.0,33.0,3.0,3.0,0.0,SEN,14,NRG,12,1,0.692,0.388,1.08
Sunset,johnqt,SEN,Cypher,0.85,166.0,15,17,4,-2,73.0,108.0,26.0,1.0,2.0,-1.0,SEN,14,NRG,12,1,0.514,0.31,0.824
Sunset,Ethan,NRG,Kayo,0.99,198.0,18,19,13,-1,73.0,117.0,21.0,2.0,3.0,-1.0,SEN,14,NRG,12,0,0.587,0.38,0.968
Sunset,s0m,NRG,Omen,0.95,180.0,16,18,15,-2,77.0,123.0,19.0,0.0,2.0,-2.0,SEN,14,NRG,12,0,0.536,0.374,0.91
Sunset,Victor,NRG,Neon,0.94,273.0,23,24,5,-1,65.0,177.0,26.0,7.0,7.0,0.0,SEN,14,NRG,12,0,0.693,0.326,1.019
Sunset,crashies,NRG,Sova,0.74,141.0,13,19,10,-6,62.0,92.0,15.0,1.0,1.0,0.0,SEN,14,NRG,12,0,0.409,0.353,0.763
Sunset,FiNESSE,NRG,Cypher,0.6,144.0,12,22,4,-10,46.0,100.0,17.0,2.0,1.0,1.0,SEN,14,NRG,12,0,0.415,0.265,0.679
Ascent,valyn,G2,Omen,1.17,205.0,19,17,6,2,79.0,137.0,32.0,2.0,1.0,1.0,G2,13,C9,11,1,0.687,0.403,1.09
Ascent,leaf,G2,Killjoy,1.13,221.0,18,16,8,2,75.0,147.0,17.0,2.0,1.0,1.0,G2,13,C9,11,1,0.671,0.414,1.085
Ascent,trent,G2,Sova,1.1,181.0,16,14,4,2,71.0,119.0,25.0,2.0,3.0,-1.0,G2,13,C9,11,1,0.634,0.333,0.966
Ascent,JonahP,G2,Kayo,1.02,176.0,14,17,17,-3,71.0,113.0,33.0,3.0,2.0,1.0,G2,13,C9,11,1,0.56,0.398,0.957
Ascent,icy,G2,Neon,0.93,176.0,16,16,6,0,63.0,104.0,24.0,2.0,6.0,-4.0,G2,13,C9,11,1,0.572,0.311,0.883
Ascent,runi,C9,Sova,1.11,199.0,15,14,13,1,88.0,142.0,32.0,0.0,0.0,0.0,G2,13,C9,11,0,0.633,0.445,1.078
Ascent,Xeppaa,C9,Kayo,1.09,193.0,14,16,17,-2,83.0,131.0,27.0,2.0,2.0,0.0,G2,13,C9,11,0,0.58,0.416,0.996
Ascent,OXY,C9,Jett,1.05,243.0,22,18,2,4,63.0,145.0,26.0,6.0,3.0,3.0,G2,13,C9,11,0,0.744,0.333,1.078
Ascent,moose,C9,Killjoy,0.89,174.0,15,16,4,-1,75.0,116.0,22.0,2.0,1.0,1.0,G2,13,C9,11,0,0.552,0.344,0.896
Ascent,vanity,C9,Omen,0.73,162.0,14,19,11,-5,71.0,106.0,22.0,3.0,5.0,-2.0,G2,13,C9,11,0,0.473,0.341,0.814
Icebox,valyn,G2,Harbor,1.32,257.0,15,12,7,3,78.0,146.0,23.0,2.0,1.0,1.0,G2,5,C9,13,0,0.719,0.428,1.147
Icebox,trent,G2,Sova,0.94,172.0,11,13,5,-2,61.0,108.0,29.0,2.0,2.0,0.0,G2,5,C9,13,0,0.527,0.319,0.846
Icebox,leaf,G2,Killjoy,0.83,192.0,11,15,3,-4,61.0,135.0,21.0,1.0,3.0,-2.0,G2,5,C9,13,0,0.487,0.268,0.755
Icebox,icy,G2,Gekko,0.66,155.0,9,15,6,-6,67.0,104.0,32.0,2.0,2.0,0.0,G2,5,C9,13,0,0.436,0.311,0.747
Icebox,JonahP,G2,Viper,0.63,168.0,10,15,3,-5,44.0,106.0,21.0,1.0,2.0,-1.0,G2,5,C9,13,0,0.416,0.227,0.643
Icebox,runi,C9,Sova,1.59,256.0,18,8,4,10,83.0,166.0,38.0,2.0,0.0,2.0,G2,5,C9,13,1,0.81,0.437,1.246
Icebox,moose,C9,Killjoy,1.28,184.0,13,8,5,5,83.0,156.0,21.0,1.0,1.0,0.0,G2,5,C9,13,1,0.689,0.401,1.09
Icebox,Xeppaa,C9,Gekko,0.98,231.0,15,13,3,2,56.0,156.0,22.0,0.0,3.0,-3.0,G2,5,C9,13,1,0.645,0.271,0.916
Icebox,OXY,C9,Reyna,0.92,214.0,14,14,3,0,78.0,142.0,30.0,6.0,4.0,2.0,G2,5,C9,13,1,0.628,0.34,0.968
Icebox,vanity,C9,Viper,0.74,153.0,10,13,5,-3,56.0,109.0,28.0,1.0,0.0,1.0,G2,5,C9,13,1,0.462,0.317,0.778
Lotus,leaf,G2,Killjoy,1.34,253.0,19,12,8,7,71.0,181.0,20.0,1.0,3.0,-2.0,G2,13,C9,8,1,0.771,0.394,1.165
Lotus,trent,G2,Fade,1.22,190.0,15,11,6,4,81.0,125.0,28.0,2.0,1.0,1.0,G2,13,C9,8,1,0.684,0.411,1.095
Lotus,JonahP,G2,Viper,1.13,183.0,15,11,4,4,71.0,103.0,10.0,3.0,1.0,2.0,G2,13,C9,8,1,0.642,0.371,1.014
Lotus,icy,G2,Raze,0.96,182.0,14,13,5,1,67.0,123.0,11.0,1.0,0.0,1.0,G2,13,C9,8,1,0.559,0.358,0.918
Lotus,valyn,G2,Omen,0.87,167.0,11,14,8,-3,76.0,106.0,21.0,6.0,3.0,3.0,G2,13,C9,8,1,0.505,0.392,0.897
Lotus,vanity,C9,Omen,1.25,272.0,21,16,7,5,81.0,176.0,23.0,3.0,2.0,1.0,G2,13,C9,8,0,0.811,0.416,1.227
Lotus,OXY,C9,Raze,1.09,259.0,18,16,7,2,76.0,167.0,22.0,3.0,3.0,0.0,G2,13,C9,8,0,0.721,0.382,1.104
Lotus,runi,C9,Breach,0.88,138.0,9,12,8,-3,67.0,83.0,28.0,1.0,1.0,0.0,G2,13,C9,8,0,0.448,0.365,0.813
Lotus,moose,C9,Cypher,0.58,97.0,7,14,1,-7,57.0,80.0,20.0,0.0,2.0,-2.0,G2,13,C9,8,0,0.344,0.235,0.579
Lotus,Xeppaa,C9,Gekko,0.47,97.0,6,16,5,-10,62.0,70.0,18.0,1.0,5.0,-4.0,G2,13,C9,8,0,0.325,0.251,0.576
Lotus,zekken,SEN,Raze,1.32,301.0,22,20,12,2,75.0,207.0,15.0,4.0,3.0,1.0,SEN,13,KRU,11,1,0.778,0.436,1.214
Lotus,TenZ,SEN,Omen,1.23,247.0,21,16,6,5,58.0,160.0,33.0,3.0,5.0,-2.0,SEN,13,KRU,11,1,0.799,0.339,1.138
Lotus,Zellsis,SEN,Breach,1.21,151.0,13,11,15,2,88.0,97.0,24.0,0.0,0.0,0.0,SEN,13,KRU,11,1,0.586,0.456,1.042
Lotus,johnqt,SEN,Cypher,1.08,185.0,15,14,8,1,71.0,133.0,31.0,0.0,1.0,-1.0,SEN,13,KRU,11,1,0.616,0.385,1.0
Lotus,Sacy,SEN,Fade,0.87,164.0,15,17,8,-2,58.0,100.0,24.0,3.0,5.0,-2.0,SEN,13,KRU,11,1,0.538,0.323,0.86
Lotus,Melser,KRÜ,Omen,1.11,213.0,19,15,6,4,83.0,133.0,27.0,3.0,3.0,0.0,SEN,13,KRU,11,0,0.721,0.385,1.106
Lotus,heat,KRÜ,Fade,1.06,221.0,19,17,5,2,83.0,148.0,36.0,2.0,1.0,1.0,SEN,13,KRU,11,0,0.695,0.386,1.081
Lotus,keznit,KRÜ,Raze,0.97,253.0,19,20,6,-1,71.0,169.0,27.0,6.0,1.0,5.0,SEN,13,KRU,11,0,0.673,0.381,1.054
Lotus,Klaus,KRÜ,Viper,0.67,140.0,12,18,4,-6,63.0,97.0,26.0,2.0,3.0,-1.0,SEN,13,KRU,11,0,0.432,0.274,0.706
Lotus,Shyy,KRÜ,Killjoy,0.52,107.0,9,16,2,-7,58.0,77.0,24.0,1.0,2.0,-1.0,SEN,13,KRU,11,0,0.355,0.239,0.594
Split,TenZ,SEN,Omen,1.24,196.0,18,13,4,5,83.0,115.0,26.0,3.0,1.0,2.0,SEN,13,KRU,10,1,0.723,0.403,1.126
Split,Sacy,SEN,Skye,1.13,198.0,15,13,4,2,83.0,146.0,29.0,2.0,1.0,1.0,SEN,13,KRU,10,1,0.663,0.383,1.046
Split,zekken,SEN,Raze,1.1,256.0,19,19,4,0,74.0,172.0,33.0,4.0,5.0,-1.0,SEN,13,KRU,10,1,0.713,0.338,1.051
Split,Zellsis,SEN,Viper,1.03,148.0,12,12,7,0,74.0,96.0,13.0,1.0,1.0,0.0,SEN,13,KRU,10,1,0.513,0.382,0.895
Split,johnqt,SEN,Cypher,0.81,158.0,11,16,6,-5,74.0,111.0,33.0,2.0,3.0,-1.0,SEN,13,KRU,10,1,0.469,0.33,0.798
Split,keznit,KRÜ,Raze,1.2,245.0,20,16,3,4,78.0,162.0,25.0,5.0,2.0,3.0,SEN,13,KRU,10,0,0.766,0.374,1.141
Split,heat,KRÜ,Skye,1.01,189.0,16,15,8,1,78.0,120.0,36.0,1.0,3.0,-2.0,SEN,13,KRU,10,0,0.612,0.371,0.983
Split,Melser,KRÜ,Omen,0.99,172.0,15,13,7,2,83.0,110.0,26.0,2.0,1.0,1.0,SEN,13,KRU,10,0,0.608,0.401,1.01
Split,Shyy,KRÜ,Viper,0.84,163.0,14,15,8,-1,61.0,115.0,26.0,1.0,3.0,-2.0,SEN,13,KRU,10,0,0.527,0.325,0.852
Split,Klaus,KRÜ,Cypher,0.65,114.0,8,16,7,-8,65.0,88.0,29.0,2.0,3.0,-1.0,SEN,13,KRU,10,0,0.397,0.309,0.706
Haven,Ethan,NRG,Yoru,1.0,297.0,18,18,4,0,65.0,182.0,26.0,4.0,2.0,2.0,NRG,7,G2,13,0,0.712,0.338,1.05
Haven,s0m,NRG,Omen,0.94,223.0,13,16,10,-3,80.0,149.0,30.0,0.0,2.0,-2.0,NRG,7,G2,13,0,0.559,0.378,0.937
Haven,Victor,NRG,Clove,0.81,174.0,13,17,6,-4,65.0,119.0,39.0,3.0,4.0,-1.0,NRG,7,G2,13,0,0.528,0.314,0.842
Haven,crashies,NRG,Fade,0.73,133.0,9,12,6,-3,75.0,79.0,17.0,1.0,1.0,0.0,NRG,7,G2,13,0,0.411,0.341,0.751
Haven,FiNESSE,NRG,Deadlock,0.29,69.0,4,18,4,-14,50.0,44.0,17.0,1.0,2.0,-1.0,NRG,7,G2,13,0,0.319,0.233,0.552
Haven,leaf,G2,Killjoy,1.87,334.0,25,9,6,16,80.0,205.0,19.0,5.0,1.0,4.0,NRG,7,G2,13,1,0.846,0.449,1.295
Haven,trent,G2,Sova,1.38,301.0,21,14,9,7,90.0,196.0,38.0,1.0,2.0,-1.0,NRG,7,G2,13,1,0.831,0.45,1.281
Haven,valyn,G2,Omen,1.04,169.0,12,10,9,2,85.0,96.0,24.0,1.0,2.0,-1.0,NRG,7,G2,13,1,0.572,0.406,0.977
Haven,icy,G2,Jett,1.0,187.0,14,10,4,4,95.0,142.0,32.0,3.0,2.0,1.0,NRG,7,G2,13,1,0.686,0.38,1.065
Haven,JonahP,G2,Breach,0.57,123.0,9,14,8,-5,60.0,92.0,22.0,1.0,2.0,-1.0,NRG,7,G2,13,1,0.375,0.303,0.678
Bind,Ethan,NRG,Sage,1.25,244.0,19,14,7,5,90.0,143.0,17.0,3.0,1.0,2.0,NRG,8,G2,13,0,0.757,0.449,1.206
Bind,crashies,NRG,Skye,1.08,168.0,12,11,8,1,86.0,127.0,24.0,0.0,0.0,0.0,NRG,8,G2,13,0,0.581,0.428,1.008
Bind,s0m,NRG,Brimstone,0.94,177.0,13,16,10,-3,71.0,115.0,33.0,3.0,2.0,1.0,NRG,8,G2,13,0,0.548,0.389,0.938
Bind,Victor,NRG,Raze,0.76,197.0,14,15,4,-1,62.0,142.0,29.0,1.0,7.0,-6.0,NRG,8,G2,13,0,0.556,0.269,0.825
Bind,FiNESSE,NRG,Viper,0.47,150.0,9,20,6,-11,43.0,96.0,25.0,2.0,2.0,0.0,NRG,8,G2,13,0,0.402,0.252,0.654
Bind,JonahP,G2,Skye,1.39,215.0,16,11,13,5,90.0,134.0,30.0,1.0,1.0,0.0,NRG,8,G2,13,1,0.727,0.469,1.196
Bind,trent,G2,Gekko,1.13,239.0,17,16,7,1,71.0,160.0,38.0,4.0,2.0,2.0,NRG,8,G2,13,1,0.712,0.395,1.107
Bind,valyn,G2,Brimstone,1.08,191.0,13,13,9,0,86.0,135.0,16.0,1.0,0.0,1.0,NRG,8,G2,13,1,0.574,0.447,1.022
Bind,leaf,G2,Viper,1.02,210.0,15,14,3,1,62.0,141.0,21.0,3.0,3.0,0.0,NRG,8,G2,13,1,0.643,0.307,0.95
Bind,icy,G2,Raze,0.97,201.0,15,13,1,2,81.0,126.0,24.0,3.0,3.0,0.0,NRG,8,G2,13,1,0.643,0.333,0.976
Haven,zekken,SEN,Jett,1.64,284.0,19,10,3,9,83.0,169.0,26.0,7.0,1.0,6.0,SEN,13,C9,5,1,0.83,0.42,1.251
Haven,Zellsis,SEN,Breach,1.35,193.0,13,7,10,6,83.0,118.0,17.0,0.0,1.0,-1.0,SEN,13,C9,5,1,0.669,0.445,1.114
Haven,TenZ,SEN,Omen,1.25,194.0,13,9,8,4,83.0,130.0,38.0,1.0,1.0,0.0,SEN,13,C9,5,1,0.68,0.431,1.112
Haven,johnqt,SEN,Killjoy,1.09,227.0,15,11,2,4,72.0,128.0,30.0,3.0,1.0,2.0,SEN,13,C9,5,1,0.707,0.357,1.065
Haven,Sacy,SEN,Sova,0.95,129.0,8,9,9,-1,83.0,92.0,27.0,1.0,2.0,-1.0,SEN,13,C9,5,1,0.481,0.393,0.874
Haven,moose,C9,Killjoy,0.88,118.0,8,11,2,-3,61.0,77.0,32.0,0.0,1.0,-1.0,SEN,13,C9,5,0,0.435,0.291,0.726
Haven,Xeppaa,C9,Gekko,0.87,171.0,10,13,7,-3,83.0,117.0,17.0,2.0,1.0,1.0,SEN,13,C9,5,0,0.489,0.389,0.877
Haven,runi,C9,Breach,0.83,150.0,10,14,10,-4,78.0,92.0,32.0,0.0,1.0,-1.0,SEN,13,C9,5,0,0.449,0.381,0.83
Haven,OXY,C9,Jett,0.59,197.0,12,16,2,-4,50.0,128.0,21.0,2.0,6.0,-4.0,SEN,13,C9,5,0,0.479,0.22,0.699
Haven,vanity,C9,Omen,0.43,107.0,6,14,4,-8,50.0,65.0,12.0,2.0,3.0,-1.0,SEN,13,C9,5,0,0.331,0.233,0.564
Split,Zellsis,SEN,Viper,1.26,222.0,18,11,4,7,71.0,152.0,16.0,0.0,2.0,-2.0,SEN,13,C9,8,1,0.717,0.341,1.059
Split,zekken,SEN,Raze,1.22,307.0,21,14,3,7,86.0,192.0,26.0,9.0,4.0,5.0,SEN,13,C9,8,1,0.829,0.39,1.219
Split,johnqt,SEN,Cypher,0.94,126.0,11,10,3,1,71.0,89.0,26.0,0.0,0.0,0.0,SEN,13,C9,8,1,0.519,0.332,0.851
Split,Sacy,SEN,Skye,0.93,151.0,10,12,10,-2,76.0,104.0,33.0,1.0,3.0,-2.0,SEN,13,C9,8,1,0.499,0.371,0.87
Split,TenZ,SEN,Omen,0.89,174.0,11,14,9,-3,71.0,127.0,19.0,1.0,2.0,-1.0,SEN,13,C9,8,1,0.491,0.367,0.858
Split,Xeppaa,C9,Skye,1.31,233.0,17,13,8,4,71.0,147.0,31.0,3.0,1.0,2.0,SEN,13,C9,8,0,0.757,0.435,1.191
Split,vanity,C9,Omen,1.06,215.0,15,14,6,1,71.0,141.0,20.0,2.0,4.0,-2.0,SEN,13,C9,8,0,0.633,0.342,0.976
Split,moose,C9,Cypher,0.87,145.0,11,13,3,-2,62.0,86.0,17.0,2.0,2.0,0.0,SEN,13,C9,8,0,0.475,0.291,0.766
Split,runi,C9,Viper,0.77,145.0,10,15,5,-5,62.0,104.0,23.0,1.0,1.0,0.0,SEN,13,C9,8,0,0.421,0.312,0.733
Split,OXY,C9,Raze,0.55,109.0,6,16,5,-10,71.0,77.0,24.0,2.0,2.0,0.0,SEN,13,C9,8,0,0.365,0.294,0.66
Split,Ethan,NRG,Yoru,1.47,331.0,25,16,4,9,90.0,193.0,21.0,6.0,1.0,5.0,NRG,8,KRU,13,0,0.849,0.443,1.292
Split,s0m,NRG,Omen,1.02,247.0,18,17,8,1,76.0,146.0,27.0,2.0,1.0,1.0,NRG,8,KRU,13,0,0.671,0.404,1.075
Split,Victor,NRG,Neon,0.99,241.0,18,16,4,2,57.0,140.0,18.0,3.0,6.0,-3.0,NRG,8,KRU,13,0,0.678,0.285,0.963
Split,crashies,NRG,Breach,0.76,169.0,12,14,8,-2,71.0,103.0,25.0,0.0,2.0,-2.0,NRG,8,KRU,13,0,0.488,0.333,0.821
Split,FiNESSE,NRG,Cypher,0.54,97.0,7,14,3,-7,76.0,73.0,11.0,0.0,0.0,0.0,NRG,8,KRU,13,0,0.319,0.298,0.617
Split,Melser,KRÜ,Omen,1.36,271.0,20,17,11,3,90.0,187.0,32.0,2.0,1.0,1.0,NRG,8,KRU,13,0,0.791,0.475,1.266
Split,Shyy,KRÜ,Viper,1.15,179.0,16,14,9,2,71.0,116.0,35.0,1.0,2.0,-1.0,NRG,8,KRU,13,0,0.633,0.394,1.028
Split,heat,KRÜ,Skye,1.04,215.0,16,17,6,-1,71.0,141.0,28.0,3.0,2.0,1.0,NRG,8,KRU,13,0,0.632,0.366,0.998
Split,keznit,KRÜ,Raze,1.01,251.0,17,17,8,0,81.0,174.0,24.0,3.0,4.0,-1.0,NRG,8,KRU,13,0,0.682,0.385,1.067
Split,mta,KRÜ,Cypher,0.59,107.0,8,15,4,-7,62.0,67.0,27.0,1.0,2.0,-1.0,NRG,8,KRU,13,0,0.356,0.264,0.62
Ascent,s0m,NRG,Omen,1.56,271.0,22,11,10,11,86.0,183.0,37.0,1.0,0.0,1.0,NRG,13,KRU,8,1,0.826,0.489,1.315
Ascent,FiNESSE,NRG,Cypher,1.23,224.0,18,12,6,6,76.0,162.0,22.0,2.0,1.0,1.0,NRG,13,KRU,8,1,0.746,0.404,1.15
Ascent,crashies,NRG,Sova,1.1,205.0,14,12,3,2,76.0,139.0,15.0,1.0,0.0,1.0,NRG,13,KRU,8,1,0.619,0.366,0.984
Ascent,Victor,NRG,Jett,0.85,210.0,16,15,2,1,76.0,137.0,24.0,5.0,5.0,0.0,NRG,13,KRU,8,1,0.631,0.312,0.944
Ascent,Ethan,NRG,Kayo,0.82,210.0,14,17,10,-3,81.0,131.0,11.0,5.0,1.0,4.0,NRG,13,KRU,8,1,0.533,0.415,0.948
Ascent,Shyy,KRÜ,Killjoy,1.09,198.0,15,15,5,0,71.0,136.0,37.0,0.0,0.0,0.0,NRG,13,KRU,8,0,0.617,0.37,0.987
Ascent,Melser,KRÜ,Omen,1.04,211.0,16,16,4,0,71.0,127.0,35.0,3.0,3.0,0.0,NRG,13,KRU,8,0,0.644,0.335,0.98
Ascent,heat,KRÜ,Kayo,0.98,218.0,15,18,6,-3,62.0,143.0,19.0,0.0,4.0,-4.0,NRG,13,KRU,8,0,0.551,0.315,0.866
Ascent,mta,KRÜ,Sova,0.87,165.0,11,17,5,-6,62.0,108.0,26.0,1.0,0.0,1.0,NRG,13,KRU,8,0,0.453,0.34,0.793
Ascent,keznit,KRÜ,Jett,0.47,135.0,10,18,2,-8,52.0,85.0,42.0,3.0,7.0,-4.0,NRG,13,KRU,8,0,0.427,0.212,0.64
Sunset,crashies,NRG,Fade,1.47,255.0,19,11,9,8,90.0,181.0,31.0,3.0,0.0,3.0,NRG,13,KRU,7,1,0.83,0.508,1.339
Sunset,s0m,NRG,Omen,1.15,210.0,14,12,9,2,85.0,125.0,29.0,3.0,0.0,3.0,NRG,13,KRU,7,1,0.668,0.466,1.134
Sunset,Victor,NRG,Neon,0.99,260.0,18,15,1,3,70.0,169.0,27.0,7.0,3.0,4.0,NRG,13,KRU,7,1,0.734,0.339,1.073
Sunset,Ethan,NRG,Breach,0.91,156.0,11,12,11,-1,75.0,100.0,24.0,0.0,1.0,-1.0,NRG,13,KRU,7,1,0.505,0.385,0.889
Sunset,FiNESSE,NRG,Cypher,0.81,165.0,12,13,5,-1,70.0,102.0,29.0,2.0,1.0,1.0,NRG,13,KRU,7,1,0.526,0.338,0.864
Sunset,keznit,KRÜ,Raze,1.37,299.0,20,14,5,6,70.0,187.0,23.0,3.0,3.0,0.0,NRG,13,KRU,7,0,0.834,0.38,1.214
Sunset,heat,KRÜ,Kayo,1.07,206.0,15,15,11,0,75.0,128.0,55.0,1.0,5.0,-4.0,NRG,13,KRU,7,0,0.632,0.379,1.011
Sunset,Shyy,KRÜ,Cypher,0.96,179.0,13,14,2,-1,60.0,137.0,45.0,0.0,1.0,-1.0,NRG,13,KRU,7,0,0.579,0.298,0.877
Sunset,Melser,KRÜ,Omen,0.67,135.0,9,15,0,-6,75.0,86.0,56.0,1.0,3.0,-2.0,NRG,13,KRU,7,0,0.426,0.274,0.7
Sunset,mta,KRÜ,Sova,0.48,92.0,6,17,4,-11,75.0,59.0,53.0,0.0,3.0,-3.0,NRG,13,KRU,7,0,0.362,0.262,0.624
Lotus,valyn,G2,Omen,0.76,183.0,11,15,6,-4,82.0,112.0,27.0,1.0,2.0,-1.0,G2,4,KRU,13,0,0.469,0.338,0.806
Lotus,icy,G2,Raze,0.72,177.0,10,16,2,-6,65.0,122.0,26.0,3.0,4.0,-1.0,G2,4,KRU,13,0,0.477,0.271,0.749
Lotus,leaf,G2,Killjoy,0.66,177.0,9,16,4,-7,65.0,124.0,13.0,0.0,1.0,-1.0,G2,4,KRU,13,0,0.417,0.285,0.702
Lotus,JonahP,G2,Viper,0.65,138.0,8,14,2,-6,47.0,90.0,18.0,3.0,2.0,1.0,G2,4,KRU,13,0,0.409,0.251,0.66
Lotus,trent,G2,Fade,0.59,119.0,7,15,3,-8,35.0,76.0,14.0,0.0,1.0,-1.0,G2,4,KRU,13,0,0.343,0.219,0.562
Lotus,keznit,KRÜ,Raze,1.86,395.0,24,9,2,15,88.0,249.0,34.0,4.0,0.0,4.0,G2,4,KRU,13,0,0.866,0.438,1.304
Lotus,Melser,KRÜ,Omen,1.4,257.0,17,8,6,9,76.0,173.0,36.0,2.0,5.0,-3.0,G2,4,KRU,13,0,0.801,0.383,1.183
Lotus,heat,KRÜ,Fade,1.19,197.0,13,9,9,4,88.0,118.0,29.0,1.0,1.0,0.0,G2,4,KRU,13,0,0.657,0.445,1.101
Lotus,mta,KRÜ,Viper,1.05,170.0,10,9,7,1,88.0,108.0,31.0,3.0,0.0,3.0,G2,4,KRU,13,0,0.596,0.438,1.034
Lotus,Shyy,KRÜ,Killjoy,0.96,170.0,12,10,1,2,76.0,119.0,24.0,0.0,1.0,-1.0,G2,4,KRU,13,0,0.579,0.325,0.903
Ascent,JonahP,G2,Kayo,1.29,233.0,27,20,20,7,83.0,132.0,15.0,3.0,2.0,1.0,G2,16,KRU,14,1,0.755,0.446,1.201
Ascent,trent,G2,Sova,1.13,227.0,22,21,15,1,77.0,157.0,14.0,1.0,5.0,-4.0,G2,16,KRU,14,1,0.659,0.389,1.048
Ascent,icy,G2,Jett,0.96,226.0,23,24,7,-1,70.0,148.0,32.0,2.0,4.0,-2.0,G2,16,KRU,14,1,0.646,0.341,0.987
Ascent,leaf,G2,Killjoy,0.95,230.0,22,25,6,-3,67.0,157.0,22.0,4.0,5.0,-1.0,G2,16,KRU,14,1,0.625,0.333,0.957
Ascent,valyn,G2,Omen,0.92,172.0,16,22,12,-6,83.0,114.0,25.0,2.0,2.0,0.0,G2,16,KRU,14,1,0.502,0.398,0.9
Ascent,keznit,KRÜ,Jett,1.18,275.0,29,21,7,8,80.0,163.0,22.0,7.0,1.0,6.0,G2,16,KRU,14,0,0.795,0.429,1.224
Ascent,Melser,KRÜ,Omen,1.11,212.0,23,21,11,2,83.0,145.0,29.0,3.0,2.0,1.0,G2,16,KRU,14,0,0.71,0.427,1.137
Ascent,heat,KRÜ,Kayo,1.0,182.0,19,20,15,-1,80.0,113.0,38.0,4.0,3.0,1.0,G2,16,KRU,14,0,0.619,0.41,1.03
Ascent,Shyy,KRÜ,Killjoy,0.9,234.0,27,24,3,3,70.0,157.0,20.0,2.0,3.0,-1.0,G2,16,KRU,14,0,0.693,0.299,0.992
Ascent,mta,KRÜ,Sova,0.65,151.0,14,24,15,-10,73.0,112.0,28.0,2.0,3.0,-1.0,G2,16,KRU,14,0,0.457,0.344,0.801
Split,valyn,G2,Omen,1.32,293.0,20,13,4,7,83.0,190.0,19.0,2.0,1.0,1.0,G2,13,KRU,5,1,0.81,0.403,1.213
Split,JonahP,G2,Breach,1.29,245.0,15,10,7,5,78.0,143.0,22.0,3.0,0.0,3.0,G2,13,KRU,5,1,0.751,0.447,1.198
Split,icy,G2,Raze,1.1,237.0,16,12,4,4,94.0,151.0,24.0,1.0,5.0,-4.0,G2,13,KRU,5,1,0.695,0.358,1.054
Split,leaf,G2,Viper,0.9,196.0,11,13,7,-2,61.0,137.0,17.0,3.0,2.0,1.0,G2,13,KRU,5,1,0.551,0.346,0.897
Split,trent,G2,Fade,0.9,167.0,11,11,7,0,83.0,103.0,29.0,0.0,1.0,-1.0,G2,13,KRU,5,1,0.533,0.375,0.907
Split,Shyy,KRÜ,Viper,1.28,235.0,15,12,4,3,72.0,174.0,33.0,1.0,2.0,-1.0,G2,13,KRU,5,0,0.72,0.354,1.074
Split,Melser,KRÜ,Omen,1.03,219.0,15,14,5,1,56.0,146.0,35.0,1.0,1.0,0.0,G2,13,KRU,5,0,0.64,0.329,0.97
Split,keznit,KRÜ,Raze,0.9,241.0,13,15,4,-2,61.0,157.0,11.0,3.0,5.0,-2.0,G2,13,KRU,5,0,0.584,0.286,0.871
Split,mta,KRÜ,Cypher,0.73,165.0,9,16,10,-7,61.0,94.0,27.0,4.0,0.0,4.0,G2,13,KRU,5,0,0.451,0.381,0.832
Split,heat,KRÜ,Skye,0.49,121.0,7,16,8,-9,61.0,85.0,23.0,0.0,1.0,-1.0,G2,13,KRU,5,0,0.354,0.305,0.659
Ascent,Ethan,NRG,Kayo,1.58,230.0,15,7,10,8,94.0,132.0,29.0,0.0,1.0,-1.0,NRG,13,C9,3,1,0.736,0.476,1.211
Ascent,s0m,NRG,Omen,1.49,241.0,14,7,7,7,88.0,149.0,27.0,2.0,1.0,1.0,NRG,13,C9,3,1,0.76,0.461,1.22
Ascent,Victor,NRG,Jett,1.4,251.0,14,8,2,6,75.0,159.0,22.0,3.0,4.0,-1.0,NRG,13,C9,3,1,0.772,0.36,1.132
Ascent,FiNESSE,NRG,Cypher,1.07,200.0,13,10,4,3,81.0,109.0,17.0,2.0,0.0,2.0,NRG,13,C9,3,1,0.622,0.391,1.013
Ascent,crashies,NRG,Sova,0.87,168.0,8,9,4,-1,81.0,118.0,29.0,2.0,1.0,1.0,NRG,13,C9,3,1,0.526,0.352,0.878
Ascent,Xeppaa,C9,Kayo,0.87,215.0,9,14,8,-5,88.0,162.0,15.0,1.0,1.0,0.0,NRG,13,C9,3,0,0.486,0.399,0.886
Ascent,runi,C9,Sova,0.8,140.0,8,11,1,-3,63.0,83.0,20.0,0.0,1.0,-1.0,NRG,13,C9,3,0,0.425,0.286,0.71
Ascent,vanity,C9,Omen,0.73,170.0,10,14,3,-4,75.0,134.0,30.0,2.0,3.0,-1.0,NRG,13,C9,3,0,0.488,0.289,0.777
Ascent,moose,C9,Killjoy,0.54,112.0,6,10,1,-4,69.0,68.0,14.0,2.0,0.0,2.0,NRG,13,C9,3,0,0.359,0.303,0.662
Ascent,OXY,C9,Jett,0.54,162.0,8,15,3,-7,50.0,106.0,25.0,2.0,4.0,-2.0,NRG,13,C9,3,0,0.415,0.219,0.634
Icebox,s0m,NRG,Viper,1.11,223.0,18,15,6,3,57.0,145.0,29.0,1.0,3.0,-2.0,NRG,10,C9,13,0,0.686,0.324,1.011
Icebox,FiNESSE,NRG,Killjoy,1.08,227.0,17,17,12,0,83.0,161.0,13.0,0.0,0.0,0.0,NRG,10,C9,13,0,0.621,0.434,1.055
Icebox,Ethan,NRG,Kayo,0.95,182.0,14,18,13,-4,78.0,135.0,22.0,1.0,1.0,0.0,NRG,10,C9,13,0,0.51,0.402,0.913
Icebox,crashies,NRG,Sova,0.83,165.0,13,17,8,-4,83.0,113.0,23.0,1.0,3.0,-2.0,NRG,10,C9,13,0,0.472,0.36,0.832
Icebox,Victor,NRG,Jett,0.67,190.0,16,21,3,-5,70.0,121.0,16.0,8.0,5.0,3.0,NRG,10,C9,13,0,0.49,0.305,0.794
Icebox,OXY,C9,Reyna,1.76,377.0,33,17,4,16,83.0,234.0,27.0,7.0,2.0,5.0,NRG,10,C9,13,1,0.857,0.422,1.28
Icebox,vanity,C9,Viper,1.09,208.0,18,13,8,5,74.0,133.0,19.0,3.0,4.0,-1.0,NRG,10,C9,13,1,0.715,0.382,1.097
Icebox,Xeppaa,C9,Gekko,0.99,198.0,16,15,5,1,74.0,120.0,34.0,1.0,4.0,-3.0,NRG,10,C9,13,1,0.612,0.325,0.937
Icebox,moose,C9,Killjoy,0.98,171.0,13,16,4,-3,70.0,128.0,28.0,1.0,1.0,0.0,NRG,10,C9,13,1,0.522,0.336,0.859
Icebox,runi,C9,Sova,0.57,118.0,8,17,9,-9,70.0,85.0,25.0,0.0,0.0,0.0,NRG,10,C9,13,1,0.368,0.358,0.726
Sunset,s0m,NRG,Omen,1.22,265.0,24,18,16,6,88.0,160.0,21.0,4.0,1.0,3.0,NRG,12,C9,14,0,0.791,0.469,1.26
Sunset,Ethan,NRG,Breach,1.05,186.0,16,16,10,0,69.0,118.0,22.0,1.0,2.0,-1.0,NRG,12,C9,14,0,0.581,0.38,0.961
Sunset,crashies,NRG,Fade,0.93,176.0,16,16,10,0,77.0,101.0,23.0,0.0,3.0,-3.0,NRG,12,C9,14,0,0.553,0.368,0.921
Sunset,FiNESSE,NRG,Cypher,0.86,183.0,15,21,12,-6,62.0,120.0,25.0,5.0,2.0,3.0,NRG,12,C9,14,0,0.515,0.378,0.893
Sunset,Victor,NRG,Neon,0.86,187.0,18,17,5,1,69.0,119.0,28.0,4.0,4.0,0.0,NRG,12,C9,14,0,0.624,0.324,0.948
Sunset,OXY,C9,Raze,1.18,255.0,23,20,3,3,85.0,165.0,26.0,4.0,4.0,0.0,NRG,12,C9,14,1,0.762,0.362,1.124
Sunset,vanity,C9,Omen,1.17,252.0,21,19,9,2,81.0,164.0,23.0,3.0,3.0,0.0,NRG,12,C9,14,1,0.74,0.422,1.161
Sunset,moose,C9,Cypher,1.09,184.0,17,15,5,2,69.0,117.0,21.0,3.0,1.0,2.0,NRG,12,C9,14,1,0.646,0.375,1.021
Sunset,runi,C9,Clove,1.05,202.0,21,19,6,2,62.0,133.0,47.0,2.0,4.0,-2.0,NRG,12,C9,14,1,0.696,0.326,1.022
Sunset,Xeppaa,C9,Skye,0.67,83.0,6,16,9,-10,65.0,57.0,32.0,0.0,2.0,-2.0,NRG,12,C9,14,1,0.359,0.325,0.683
Icebox,OXY,C9,Reyna,1.25,294.0,19,18,5,1,65.0,191.0,37.0,5.0,6.0,-1.0,C9,7,KRU,13,0,0.777,0.35,1.127
Icebox,vanity,C9,Viper,0.8,170.0,11,16,3,-5,55.0,128.0,15.0,2.0,2.0,0.0,C9,7,KRU,13,0,0.459,0.272,0.731
Icebox,Xeppaa,C9,Gekko,0.72,135.0,9,15,5,-6,70.0,112.0,31.0,0.0,1.0,-1.0,C9,7,KRU,13,0,0.422,0.311,0.734
Icebox,moose,C9,Killjoy,0.71,169.0,12,17,0,-5,45.0,113.0,27.0,0.0,1.0,-1.0,C9,7,KRU,13,0,0.447,0.246,0.693
Icebox,runi,C9,Sova,0.24,62.0,2,17,6,-15,40.0,51.0,5.0,0.0,3.0,-3.0,C9,7,KRU,13,0,0.297,0.226,0.523
Icebox,keznit,KRÜ,Jett,1.65,298.0,22,10,6,12,85.0,198.0,28.0,6.0,1.0,5.0,C9,7,KRU,13,0,0.859,0.457,1.316
Icebox,Shyy,KRÜ,Killjoy,1.41,256.0,20,10,3,10,75.0,190.0,33.0,3.0,0.0,3.0,C9,7,KRU,13,0,0.837,0.41,1.247
Icebox,heat,KRÜ,Kayo,1.3,251.0,19,13,7,6,85.0,161.0,33.0,1.0,2.0,-1.0,C9,7,KRU,13,0,0.77,0.411,1.181
Icebox,mta,KRÜ,Sova,1.08,165.0,12,9,2,3,80.0,113.0,46.0,2.0,1.0,1.0,C9,7,KRU,13,0,0.641,0.361,1.002
Icebox,Melser,KRÜ,Viper,0.89,140.0,10,11,8,-1,70.0,90.0,28.0,1.0,3.0,-2.0,C9,7,KRU,13,0,0.489,0.345,0.834
Split,moose,C9,Cypher,1.14,216.0,17,14,3,3,74.0,143.0,24.0,6.0,2.0,4.0,C9,10,KRU,13,0,0.703,0.361,1.065
Split,OXY,C9,Raze,0.96,246.0,20,20,3,0,70.0,169.0,28.0,2.0,4.0,-2.0,C9,10,KRU,13,0,0.675,0.297,0.972
Split,vanity,C9,Omen,0.85,133.0,11,14,7,-3,61.0,78.0,18.0,1.0,0.0,1.0,C9,10,KRU,13,0,0.434,0.359,0.793
Split,Xeppaa,C9,Skye,0.85,174.0,12,18,13,-6,70.0,124.0,25.0,3.0,3.0,0.0,C9,10,KRU,13,0,0.499,0.369,0.868
Split,runi,C9,Viper,0.83,136.0,10,14,4,-4,87.0,87.0,24.0,2.0,0.0,2.0,C9,10,KRU,13,0,0.443,0.375,0.819
Split,mta,KRÜ,Cypher,1.37,250.0,22,13,5,9,78.0,189.0,61.0,0.0,2.0,-2.0,C9,10,KRU,13,0,0.83,0.376,1.206
Split,keznit,KRÜ,Raze,1.21,259.0,19,15,4,4,78.0,183.0,13.0,4.0,3.0,1.0,C9,10,KRU,13,0,0.764,0.374,1.138
Split,Melser,KRÜ,Omen,1.16,209.0,16,12,6,4,78.0,127.0,36.0,3.0,4.0,-1.0,C9,10,KRU,13,0,0.717,0.373,1.091
Split,heat,KRÜ,Skye,0.88,141.0,13,15,6,-2,74.0,89.0,28.0,2.0,2.0,0.0,C9,10,KRU,13,0,0.502,0.346,0.847
Split,Shyy,KRÜ,Viper,0.83,135.0,10,15,9,-5,65.0,107.0,18.0,0.0,3.0,-3.0,C9,10,KRU,13,0,0.417,0.337,0.754
Bind,zekken,SEN,Raze,1.02,267.0,17,17,2,0,63.0,171.0,22.0,1.0,2.0,-1.0,SEN,6,G2,13,0,0.656,0.3,0.956
Bind,johnqt,SEN,Deadlock,0.77,152.0,10,15,4,-5,63.0,106.0,22.0,1.0,1.0,0.0,SEN,6,G2,13,0,0.424,0.302,0.727
Bind,Zellsis,SEN,Brimstone,0.75,230.0,13,17,6,-4,68.0,139.0,22.0,2.0,4.0,-2.0,SEN,6,G2,13,0,0.525,0.305,0.83
Bind,TenZ,SEN,Gekko,0.54,118.0,7,17,5,-10,58.0,74.0,7.0,2.0,3.0,-1.0,SEN,6,G2,13,0,0.336,0.263,0.599
Bind,Sacy,SEN,Fade,0.46,104.0,5,15,7,-10,47.0,79.0,31.0,0.0,3.0,-3.0,SEN,6,G2,13,0,0.352,0.249,0.601
Bind,JonahP,G2,Skye,1.51,229.0,16,9,12,7,89.0,131.0,32.0,3.0,0.0,3.0,SEN,6,G2,13,1,0.773,0.507,1.28
Bind,valyn,G2,Brimstone,1.41,234.0,17,10,12,7,84.0,127.0,15.0,2.0,1.0,1.0,SEN,6,G2,13,1,0.731,0.47,1.201
Bind,icy,G2,Raze,1.31,259.0,19,12,3,7,74.0,178.0,27.0,4.0,2.0,2.0,SEN,6,G2,13,1,0.808,0.375,1.183
Bind,leaf,G2,Viper,1.29,228.0,15,10,9,5,84.0,153.0,28.0,2.0,1.0,1.0,SEN,6,G2,13,1,0.743,0.457,1.2
Bind,trent,G2,Gekko,1.15,181.0,14,11,9,3,84.0,120.0,22.0,2.0,2.0,0.0,SEN,6,G2,13,1,0.641,0.424,1.065
Lotus,johnqt,SEN,Deadlock,1.36,202.0,19,12,4,7,77.0,115.0,26.0,1.0,1.0,0.0,SEN,9,G2,13,0,0.714,0.388,1.102
Lotus,TenZ,SEN,Omen,1.33,236.0,18,14,8,4,82.0,151.0,30.0,1.0,2.0,-1.0,SEN,9,G2,13,0,0.736,0.42,1.156
Lotus,Sacy,SEN,Fade,0.9,180.0,12,15,9,-3,86.0,131.0,26.0,1.0,2.0,-1.0,SEN,9,G2,13,0,0.513,0.393,0.905
Lotus,Zellsis,SEN,Cypher,0.56,148.0,12,17,4,-5,68.0,91.0,22.0,0.0,2.0,-2.0,SEN,9,G2,13,0,0.399,0.262,0.662
Lotus,zekken,SEN,Raze,0.5,168.0,12,19,3,-7,64.0,113.0,19.0,6.0,6.0,0.0,SEN,9,G2,13,0,0.443,0.255,0.698
Lotus,trent,G2,Fade,1.43,209.0,15,12,14,3,77.0,143.0,18.0,2.0,0.0,2.0,SEN,9,G2,13,1,0.698,0.478,1.176
Lotus,icy,G2,Raze,1.4,263.0,22,14,2,8,73.0,168.0,29.0,3.0,2.0,1.0,SEN,9,G2,13,1,0.825,0.374,1.199
Lotus,JonahP,G2,Viper,1.12,222.0,16,15,9,1,77.0,140.0,23.0,4.0,3.0,1.0,SEN,9,G2,13,1,0.666,0.418,1.084
Lotus,leaf,G2,Killjoy,0.82,196.0,14,18,6,-4,73.0,133.0,18.0,2.0,0.0,2.0,SEN,9,G2,13,1,0.511,0.373,0.884
Lotus,valyn,G2,Omen,0.58,115.0,10,14,4,-4,68.0,64.0,23.0,2.0,4.0,-2.0,SEN,9,G2,13,1,0.39,0.264,0.655
Ascent,mazin,MIBR,Omen,1.18,251.0,20,15,10,5,73.0,161.0,29.0,3.0,1.0,2.0,MIBR,9,LEV,13,0,0.787,0.436,1.222
Ascent,artzin,MIBR,Yoru,1.07,224.0,18,15,9,3,73.0,139.0,31.0,7.0,0.0,7.0,MIBR,9,LEV,13,0,0.711,0.438,1.149
Ascent,ShahZaM,MIBR,Sova,0.98,170.0,12,14,9,-2,86.0,122.0,28.0,2.0,1.0,1.0,MIBR,9,LEV,13,0,0.543,0.428,0.971
Ascent,liazzi,MIBR,Killjoy,0.86,159.0,13,14,5,-1,77.0,126.0,28.0,0.0,2.0,-2.0,MIBR,9,LEV,13,0,0.532,0.32,0.852
Ascent,Pa1nt,MIBR,Iso,0.64,148.0,11,17,6,-6,64.0,98.0,25.0,2.0,4.0,-2.0,MIBR,9,LEV,13,0,0.427,0.286,0.713
Ascent,Mazino,LEV,Kayo,1.46,290.0,22,15,9,7,82.0,175.0,26.0,1.0,3.0,-2.0,MIBR,9,LEV,13,1,0.815,0.437,1.252
Ascent,tex,LEV,Killjoy,1.38,268.0,20,15,2,5,64.0,179.0,30.0,3.0,3.0,0.0,MIBR,9,LEV,13,1,0.829,0.348,1.178
Ascent,kiNgg,LEV,Omen,0.94,152.0,12,14,8,-2,59.0,111.0,34.0,2.0,3.0,-1.0,MIBR,9,LEV,13,1,0.53,0.341,0.871
Ascent,C0M,LEV,Sova,0.91,146.0,10,14,7,-4,73.0,106.0,18.0,0.0,1.0,-1.0,MIBR,9,LEV,13,1,0.445,0.359,0.804
Ascent,aspas,LEV,Jett,0.76,153.0,11,16,4,-5,59.0,113.0,32.0,2.0,4.0,-2.0,MIBR,9,LEV,13,1,0.461,0.268,0.729
Icebox,mazin,MIBR,Viper,1.18,237.0,15,14,5,1,70.0,150.0,35.0,3.0,1.0,2.0,MIBR,7,LEV,13,0,0.697,0.386,1.083
Icebox,artzin,MIBR,Gekko,1.04,233.0,16,15,4,1,65.0,150.0,38.0,0.0,3.0,-3.0,MIBR,7,LEV,13,0,0.658,0.304,0.962
Icebox,ShahZaM,MIBR,Sova,0.83,175.0,11,15,5,-4,60.0,127.0,19.0,1.0,3.0,-2.0,MIBR,7,LEV,13,0,0.471,0.288,0.759
Icebox,liazzi,MIBR,Killjoy,0.42,121.0,8,16,1,-8,55.0,80.0,37.0,1.0,1.0,0.0,MIBR,7,LEV,13,0,0.373,0.248,0.621
Icebox,Pa1nt,MIBR,Jett,0.4,133.0,8,18,6,-10,65.0,105.0,23.0,2.0,5.0,-3.0,MIBR,7,LEV,13,0,0.392,0.268,0.66
Icebox,kiNgg,LEV,Viper,1.64,312.0,22,10,8,12,80.0,210.0,22.0,4.0,0.0,4.0,MIBR,7,LEV,13,1,0.85,0.481,1.331
Icebox,aspas,LEV,Jett,1.61,259.0,21,8,4,13,90.0,179.0,29.0,5.0,1.0,4.0,MIBR,7,LEV,13,1,0.838,0.443,1.281
Icebox,C0M,LEV,Sova,1.23,223.0,17,13,5,4,70.0,156.0,29.0,2.0,0.0,2.0,MIBR,7,LEV,13,1,0.732,0.401,1.132
Icebox,Mazino,LEV,Harbor,0.8,152.0,9,14,12,-5,70.0,124.0,29.0,1.0,3.0,-2.0,MIBR,7,LEV,13,1,0.444,0.347,0.791
Icebox,tex,LEV,Killjoy,0.73,128.0,9,13,3,-4,65.0,104.0,31.0,1.0,3.0,-2.0,MIBR,7,LEV,13,1,0.43,0.264,0.694
Icebox,nzr,FUR,Sova,1.24,242.0,23,16,4,7,77.0,163.0,23.0,1.0,2.0,-1.0,FUR,14,100T,12,1,0.757,0.358,1.114
Icebox,Khalil,FUR,Viper,1.22,234.0,22,15,9,7,85.0,150.0,62.0,4.0,2.0,2.0,FUR,14,100T,12,1,0.811,0.451,1.262
Icebox,havoc,FUR,Killjoy,1.0,229.0,21,21,7,0,73.0,170.0,30.0,1.0,3.0,-2.0,FUR,14,100T,12,1,0.664,0.351,1.014
Icebox,mwzera,FUR,Jett,0.83,205.0,18,22,5,-4,77.0,128.0,13.0,5.0,4.0,1.0,FUR,14,100T,12,1,0.537,0.343,0.88
Icebox,xand,FUR,Sage,0.83,175.0,16,18,12,-2,85.0,98.0,30.0,3.0,1.0,2.0,FUR,14,100T,12,1,0.55,0.419,0.968
Icebox,eeiu,100T,Sova,1.12,201.0,19,18,6,1,77.0,154.0,49.0,0.0,0.0,0.0,FUR,14,100T,12,0,0.679,0.395,1.074
Icebox,Cryocells,100T,Jett,1.09,235.0,23,21,2,2,58.0,137.0,23.0,3.0,4.0,-1.0,FUR,14,100T,12,0,0.705,0.299,1.004
Icebox,Asuna,100T,Gekko,0.91,180.0,16,20,7,-4,73.0,116.0,29.0,1.0,5.0,-4.0,FUR,14,100T,12,0,0.511,0.337,0.848
Icebox,bang,100T,Viper,0.88,200.0,17,19,6,-2,77.0,133.0,33.0,6.0,3.0,3.0,FUR,14,100T,12,0,0.598,0.372,0.97
Icebox,Boostio,100T,Killjoy,0.83,194.0,17,22,7,-5,65.0,141.0,29.0,2.0,2.0,0.0,FUR,14,100T,12,0,0.53,0.336,0.867
Haven,Khalil,FUR,Omen,1.51,272.0,31,17,10,14,80.0,172.0,32.0,1.0,3.0,-2.0,FUR,16,100T,14,1,0.813,0.434,1.248
Haven,nzr,FUR,Breach,1.33,232.0,24,19,20,5,80.0,147.0,27.0,1.0,1.0,0.0,FUR,16,100T,14,1,0.756,0.446,1.202
Haven,havoc,FUR,Killjoy,0.89,171.0,18,19,3,-1,63.0,116.0,41.0,1.0,3.0,-2.0,FUR,16,100T,14,1,0.573,0.278,0.85
Haven,mwzera,FUR,Neon,0.84,215.0,21,27,12,-6,77.0,136.0,19.0,6.0,6.0,0.0,FUR,16,100T,14,1,0.557,0.38,0.937
Haven,xand,FUR,Gekko,0.7,149.0,14,22,7,-8,63.0,106.0,29.0,1.0,7.0,-6.0,FUR,16,100T,14,1,0.443,0.298,0.741
Haven,Asuna,100T,Kayo,1.18,213.0,23,21,17,2,77.0,142.0,20.0,5.0,2.0,3.0,FUR,16,100T,14,0,0.703,0.437,1.14
Haven,Boostio,100T,Killjoy,1.03,206.0,21,21,9,0,73.0,148.0,30.0,1.0,2.0,-1.0,FUR,16,100T,14,0,0.641,0.385,1.026
Haven,eeiu,100T,Sova,1.0,177.0,17,19,13,-2,77.0,141.0,27.0,2.0,1.0,1.0,FUR,16,100T,14,0,0.583,0.415,0.997
Haven,bang,100T,Omen,0.95,189.0,20,21,12,-1,77.0,109.0,30.0,4.0,3.0,1.0,FUR,16,100T,14,0,0.61,0.4,1.01
Haven,Cryocells,100T,Jett,0.9,232.0,23,26,8,-3,73.0,153.0,24.0,8.0,2.0,6.0,FUR,16,100T,14,0,0.621,0.39,1.01
Lotus,Less,LOUD,Cypher,1.64,256.0,20,9,6,11,85.0,170.0,36.0,2.0,1.0,1.0,LOUD,13,EG,7,1,0.819,0.444,1.264
Lotus,saadhak,LOUD,Neon,1.3,299.0,20,15,7,5,85.0,188.0,22.0,3.0,4.0,-1.0,LOUD,13,EG,7,1,0.826,0.411,1.237
Lotus,cauanzin,LOUD,Fade,1.13,236.0,17,13,8,4,75.0,146.0,22.0,0.0,4.0,-4.0,LOUD,13,EG,7,1,0.696,0.375,1.071
Lotus,tuyz,LOUD,Gekko,1.0,186.0,14,12,5,2,70.0,119.0,29.0,0.0,2.0,-2.0,LOUD,13,EG,7,1,0.606,0.323,0.93
Lotus,pANcada,LOUD,Omen,0.89,135.0,11,11,9,0,80.0,76.0,33.0,2.0,2.0,0.0,LOUD,13,EG,7,1,0.518,0.39,0.908
Lotus,supamen,EG,Omen,1.25,273.0,20,16,4,4,70.0,165.0,53.0,1.0,2.0,-1.0,LOUD,13,EG,7,0,0.788,0.347,1.136
Lotus,jawgemo,EG,Iso,1.25,301.0,19,18,7,1,90.0,207.0,23.0,8.0,1.0,7.0,LOUD,13,EG,7,0,0.759,0.453,1.213
Lotus,NaturE,EG,Breach,0.61,96.0,6,14,7,-8,75.0,63.0,22.0,1.0,1.0,0.0,LOUD,13,EG,7,0,0.339,0.339,0.678
Lotus,Derrek,EG,Fade,0.55,96.0,7,16,7,-9,50.0,65.0,21.0,1.0,0.0,1.0,LOUD,13,EG,7,0,0.332,0.309,0.641
Lotus,Apoth,EG,Cypher,0.37,134.0,8,18,1,-10,45.0,90.0,25.0,2.0,3.0,-1.0,LOUD,13,EG,7,0,0.386,0.214,0.599
Sunset,Less,LOUD,Cypher,1.12,197.0,14,12,2,2,68.0,137.0,24.0,1.0,1.0,0.0,LOUD,6,EG,13,0,0.63,0.337,0.966
Sunset,pANcada,LOUD,Omen,1.07,173.0,12,13,9,-1,74.0,126.0,32.0,1.0,3.0,-2.0,LOUD,6,EG,13,0,0.562,0.382,0.944
Sunset,cauanzin,LOUD,Breach,0.98,214.0,14,15,8,-1,84.0,159.0,31.0,1.0,1.0,0.0,LOUD,6,EG,13,0,0.601,0.404,1.006
Sunset,saadhak,LOUD,Neon,0.74,198.0,11,16,5,-5,68.0,135.0,23.0,2.0,5.0,-3.0,LOUD,6,EG,13,0,0.483,0.288,0.771
Sunset,tuyz,LOUD,Gekko,0.61,143.0,9,15,3,-6,68.0,103.0,40.0,2.0,2.0,0.0,LOUD,6,EG,13,0,0.434,0.273,0.707
Sunset,jawgemo,EG,Neon,1.49,324.0,22,14,5,8,74.0,206.0,22.0,8.0,1.0,7.0,LOUD,6,EG,13,1,0.85,0.428,1.278
Sunset,Derrek,EG,Fade,1.3,211.0,15,10,8,5,84.0,126.0,33.0,1.0,0.0,1.0,LOUD,6,EG,13,1,0.709,0.456,1.166
Sunset,Apoth,EG,Cypher,1.04,223.0,15,13,4,2,79.0,140.0,27.0,2.0,1.0,1.0,LOUD,6,EG,13,1,0.659,0.366,1.026
Sunset,NaturE,EG,Breach,0.91,141.0,9,12,12,-3,79.0,101.0,38.0,1.0,2.0,-1.0,LOUD,6,EG,13,1,0.476,0.382,0.858
Sunset,supamen,EG,Omen,0.87,148.0,10,11,10,-1,79.0,82.0,56.0,0.0,3.0,-3.0,LOUD,6,EG,13,1,0.516,0.365,0.881
Icebox,tuyz,LOUD,Omen,1.31,251.0,22,15,6,7,83.0,172.0,29.0,2.0,1.0,1.0,LOUD,11,EG,13,0,0.797,0.424,1.221
Icebox,cauanzin,LOUD,Kayo,1.04,260.0,21,17,7,4,83.0,179.0,25.0,4.0,2.0,2.0,LOUD,11,EG,13,0,0.772,0.406,1.178
Icebox,Less,LOUD,Killjoy,0.99,205.0,17,15,5,2,58.0,122.0,21.0,1.0,3.0,-2.0,LOUD,11,EG,13,0,0.619,0.302,0.921
Icebox,saadhak,LOUD,Gekko,0.86,174.0,15,17,6,-2,67.0,114.0,28.0,3.0,4.0,-1.0,LOUD,11,EG,13,0,0.556,0.323,0.879
Icebox,pANcada,LOUD,Viper,0.76,148.0,12,14,6,-2,58.0,114.0,41.0,1.0,3.0,-2.0,LOUD,11,EG,13,0,0.504,0.289,0.793
Icebox,Derrek,EG,Sova,1.31,223.0,20,15,8,5,75.0,160.0,33.0,1.0,0.0,1.0,LOUD,11,EG,13,1,0.761,0.442,1.204
Icebox,jawgemo,EG,Iso,1.1,211.0,17,17,3,0,71.0,129.0,24.0,5.0,1.0,4.0,LOUD,11,EG,13,1,0.643,0.361,1.004
Icebox,supamen,EG,Clove,0.95,216.0,20,21,2,-1,67.0,129.0,47.0,2.0,7.0,-5.0,LOUD,11,EG,13,1,0.64,0.286,0.926
Icebox,NaturE,EG,Killjoy,0.94,169.0,13,16,5,-3,63.0,118.0,31.0,4.0,1.0,3.0,LOUD,11,EG,13,1,0.544,0.353,0.897
Icebox,Apoth,EG,Harbor,0.56,108.0,8,18,7,-10,63.0,74.0,17.0,1.0,2.0,-1.0,LOUD,11,EG,13,1,0.343,0.296,0.639
Bind,supamen,EG,Omen,1.82,305.0,23,8,4,15,89.0,215.0,52.0,2.0,1.0,1.0,EG,13,FUR,5,1,0.87,0.429,1.299
Bind,Apoth,EG,Brimstone,1.6,254.0,18,8,12,10,94.0,158.0,24.0,2.0,4.0,-2.0,EG,13,FUR,5,1,0.786,0.458,1.244
Bind,jawgemo,EG,Raze,1.44,283.0,18,10,8,8,89.0,200.0,24.0,2.0,0.0,2.0,EG,13,FUR,5,1,0.818,0.488,1.306
Bind,Derrek,EG,Gekko,1.02,205.0,14,11,7,3,94.0,132.0,44.0,4.0,1.0,3.0,EG,13,FUR,5,1,0.688,0.436,1.124
Bind,NaturE,EG,Skye,0.94,162.0,10,11,6,-1,83.0,116.0,36.0,1.0,1.0,0.0,EG,13,FUR,5,1,0.532,0.376,0.908
Bind,nzr,FUR,Gekko,1.08,261.0,16,17,2,-1,78.0,186.0,32.0,1.0,1.0,0.0,EG,13,FUR,5,0,0.663,0.349,1.012
Bind,Khalil,FUR,Brimstone,0.73,183.0,12,17,4,-5,72.0,114.0,13.0,1.0,1.0,0.0,EG,13,FUR,5,0,0.435,0.313,0.748
Bind,mwzera,FUR,Raze,0.57,137.0,8,17,4,-9,56.0,85.0,8.0,3.0,3.0,0.0,EG,13,FUR,5,0,0.377,0.26,0.638
Bind,xand,FUR,Fade,0.51,119.0,7,16,6,-9,61.0,87.0,43.0,1.0,2.0,-1.0,EG,13,FUR,5,0,0.38,0.276,0.656
Bind,havoc,FUR,Viper,0.3,94.0,5,16,4,-11,56.0,75.0,27.0,1.0,4.0,-3.0,EG,13,FUR,5,0,0.341,0.23,0.571
Lotus,jawgemo,EG,Neon,1.55,394.0,23,14,5,9,94.0,252.0,28.0,8.0,3.0,5.0,EG,13,FUR,4,1,0.859,0.452,1.311
Lotus,NaturE,EG,Breach,1.43,250.0,17,8,9,9,88.0,153.0,44.0,1.0,0.0,1.0,EG,13,FUR,4,1,0.781,0.488,1.269
Lotus,Derrek,EG,Fade,1.38,253.0,15,10,10,5,88.0,185.0,35.0,1.0,0.0,1.0,EG,13,FUR,4,1,0.779,0.483,1.262
Lotus,supamen,EG,Omen,1.28,156.0,12,7,8,5,88.0,100.0,42.0,1.0,2.0,-1.0,EG,13,FUR,4,1,0.66,0.425,1.085
Lotus,Apoth,EG,Cypher,0.97,146.0,8,10,5,-2,82.0,84.0,43.0,0.0,1.0,-1.0,EG,13,FUR,4,1,0.49,0.358,0.848
Lotus,nzr,FUR,Breach,1.04,231.0,13,14,5,-1,65.0,144.0,42.0,1.0,0.0,1.0,EG,13,FUR,4,0,0.614,0.363,0.978
Lotus,havoc,FUR,Cypher,1.03,220.0,14,14,1,0,47.0,130.0,50.0,1.0,4.0,-3.0,EG,13,FUR,4,0,0.626,0.261,0.888
Lotus,Khalil,FUR,Omen,0.74,182.0,10,15,2,-5,53.0,125.0,31.0,0.0,1.0,-1.0,EG,13,FUR,4,0,0.46,0.263,0.723
Lotus,mwzera,FUR,Neon,0.55,169.0,9,16,5,-7,71.0,109.0,31.0,4.0,4.0,0.0,EG,13,FUR,4,0,0.449,0.294,0.743
Lotus,xand,FUR,Kayo,0.13,71.0,3,16,5,-13,65.0,44.0,21.0,0.0,2.0,-2.0,EG,13,FUR,4,0,0.325,0.261,0.586
Ascent,saadhak,LOUD,Kayo,1.51,273.0,19,11,14,8,90.0,182.0,19.0,2.0,1.0,1.0,LOUD,13,MIBR,7,1,0.808,0.486,1.294
Ascent,tuyz,LOUD,Jett,1.2,268.0,20,13,5,7,80.0,176.0,28.0,3.0,3.0,0.0,LOUD,13,MIBR,7,1,0.806,0.378,1.184
Ascent,Less,LOUD,Cypher,1.18,200.0,16,11,4,5,85.0,122.0,36.0,3.0,1.0,2.0,LOUD,13,MIBR,7,1,0.727,0.4,1.127
Ascent,pANcada,LOUD,Omen,1.13,207.0,16,11,5,5,75.0,142.0,26.0,1.0,1.0,0.0,LOUD,13,MIBR,7,1,0.696,0.372,1.067
Ascent,cauanzin,LOUD,Sova,1.05,210.0,15,12,4,3,90.0,132.0,11.0,3.0,2.0,1.0,LOUD,13,MIBR,7,1,0.653,0.377,1.03
Ascent,mazin,MIBR,Omen,1.16,197.0,14,14,3,0,65.0,133.0,27.0,0.0,0.0,0.0,LOUD,13,MIBR,7,0,0.605,0.345,0.951
Ascent,liazzi,MIBR,Kayo,0.93,189.0,13,16,11,-3,65.0,117.0,37.0,1.0,2.0,-1.0,LOUD,13,MIBR,7,0,0.529,0.361,0.89
Ascent,rich,MIBR,Sova,0.69,190.0,12,20,1,-8,60.0,141.0,26.0,3.0,2.0,1.0,LOUD,13,MIBR,7,0,0.502,0.277,0.779
Ascent,artzin,MIBR,Killjoy,0.69,155.0,9,16,6,-7,65.0,112.0,13.0,1.0,2.0,-1.0,LOUD,13,MIBR,7,0,0.402,0.302,0.704
Ascent,Palla,MIBR,Jett,0.41,148.0,10,20,3,-10,55.0,96.0,31.0,3.0,6.0,-3.0,LOUD,13,MIBR,7,0,0.428,0.217,0.646
Lotus,cauanzin,LOUD,Fade,1.45,293.0,23,17,8,6,75.0,173.0,56.0,3.0,2.0,1.0,LOUD,11,MIBR,13,0,0.875,0.439,1.314
Lotus,Less,LOUD,Cypher,1.03,229.0,19,17,7,2,79.0,144.0,40.0,2.0,1.0,1.0,LOUD,11,MIBR,13,0,0.697,0.399,1.096
Lotus,pANcada,LOUD,Omen,0.96,160.0,14,15,7,-1,71.0,119.0,32.0,1.0,1.0,0.0,LOUD,11,MIBR,13,0,0.548,0.369,0.918
Lotus,tuyz,LOUD,Gekko,0.55,123.0,11,19,3,-8,54.0,85.0,24.0,1.0,3.0,-2.0,LOUD,11,MIBR,13,0,0.381,0.226,0.607
Lotus,saadhak,LOUD,Neon,0.32,138.0,9,22,8,-13,67.0,89.0,12.0,5.0,5.0,0.0,LOUD,11,MIBR,13,0,0.385,0.315,0.7
Lotus,artzin,MIBR,Viper,1.27,237.0,20,15,7,5,63.0,169.0,36.0,3.0,5.0,-2.0,LOUD,11,MIBR,13,1,0.803,0.363,1.166
Lotus,rich,MIBR,Fade,1.2,242.0,22,16,5,6,83.0,164.0,28.0,1.0,1.0,0.0,LOUD,11,MIBR,13,1,0.76,0.393,1.152
Lotus,liazzi,MIBR,Killjoy,1.09,205.0,18,14,3,4,88.0,136.0,28.0,0.0,2.0,-2.0,LOUD,11,MIBR,13,1,0.683,0.341,1.024
Lotus,mazin,MIBR,Omen,1.08,134.0,13,10,8,3,71.0,96.0,26.0,0.0,0.0,0.0,LOUD,11,MIBR,13,1,0.581,0.403,0.984
Lotus,Palla,MIBR,Raze,0.87,222.0,17,21,3,-4,67.0,167.0,23.0,8.0,4.0,4.0,LOUD,11,MIBR,13,1,0.587,0.321,0.908
Sunset,tuyz,LOUD,Gekko,1.47,236.0,21,10,1,11,77.0,145.0,26.0,1.0,2.0,-1.0,LOUD,13,MIBR,9,1,0.77,0.371,1.142
Sunset,Less,LOUD,Cypher,1.38,263.0,21,14,4,7,68.0,172.0,30.0,2.0,1.0,1.0,LOUD,13,MIBR,9,1,0.812,0.384,1.196
Sunset,cauanzin,LOUD,Breach,1.19,204.0,16,14,9,2,86.0,136.0,34.0,3.0,3.0,0.0,LOUD,13,MIBR,9,1,0.692,0.432,1.124
Sunset,pANcada,LOUD,Omen,0.79,125.0,10,13,8,-3,68.0,93.0,34.0,0.0,2.0,-2.0,LOUD,13,MIBR,9,1,0.451,0.331,0.782
Sunset,saadhak,LOUD,Neon,0.47,175.0,11,20,6,-9,59.0,121.0,15.0,4.0,4.0,0.0,LOUD,13,MIBR,9,1,0.439,0.279,0.718
Sunset,liazzi,MIBR,Breach,1.27,204.0,16,14,8,2,73.0,139.0,36.0,1.0,0.0,1.0,LOUD,13,MIBR,9,0,0.674,0.435,1.109
Sunset,artzin,MIBR,Cypher,0.97,227.0,18,17,3,1,55.0,144.0,24.0,3.0,3.0,0.0,LOUD,13,MIBR,9,0,0.666,0.29,0.956
Sunset,Palla,MIBR,Raze,0.87,238.0,18,18,3,0,59.0,146.0,24.0,6.0,4.0,2.0,LOUD,13,MIBR,9,0,0.647,0.303,0.95
Sunset,mazin,MIBR,Omen,0.83,141.0,9,15,7,-6,59.0,90.0,31.0,1.0,1.0,0.0,LOUD,13,MIBR,9,0,0.422,0.336,0.758
Sunset,rich,MIBR,Gekko,0.7,137.0,10,15,3,-5,59.0,95.0,22.0,1.0,2.0,-1.0,LOUD,13,MIBR,9,0,0.402,0.259,0.662
Bind,aspas,LEV,Raze,1.32,274.0,23,16,1,7,70.0,160.0,24.0,7.0,4.0,3.0,LEV,13,100T,10,1,0.81,0.374,1.184
Bind,kiNgg,LEV,Viper,1.31,227.0,18,13,7,5,83.0,159.0,28.0,3.0,2.0,1.0,LEV,13,100T,10,1,0.777,0.426,1.203
Bind,tex,LEV,Gekko,1.09,193.0,17,15,11,2,74.0,130.0,41.0,1.0,2.0,-1.0,LEV,13,100T,10,1,0.654,0.393,1.047
Bind,Mazino,LEV,Brimstone,0.98,219.0,17,15,9,2,74.0,144.0,15.0,0.0,0.0,0.0,LEV,13,100T,10,1,0.63,0.408,1.038
Bind,C0M,LEV,Fade,0.92,119.0,10,13,16,-3,70.0,64.0,8.0,2.0,2.0,0.0,LEV,13,100T,10,1,0.416,0.377,0.793
Bind,Boostio,100T,Gekko,1.19,234.0,20,17,6,3,65.0,164.0,37.0,1.0,1.0,0.0,LEV,13,100T,10,0,0.731,0.373,1.104
Bind,eeiu,100T,Fade,1.05,152.0,13,13,15,0,74.0,101.0,24.0,0.0,0.0,0.0,LEV,13,100T,10,0,0.542,0.416,0.958
Bind,Asuna,100T,Raze,0.99,235.0,17,20,7,-3,65.0,153.0,14.0,5.0,3.0,2.0,LEV,13,100T,10,0,0.597,0.371,0.968
Bind,Cryocells,100T,Brimstone,0.72,177.0,13,19,9,-6,61.0,121.0,29.0,1.0,3.0,-2.0,LEV,13,100T,10,0,0.464,0.323,0.787
Bind,bang,100T,Viper,0.57,111.0,9,16,1,-7,52.0,68.0,40.0,3.0,6.0,-3.0,LEV,13,100T,10,0,0.406,0.221,0.627
Haven,aspas,LEV,Neon,1.57,316.0,19,10,3,9,76.0,186.0,23.0,6.0,2.0,4.0,LEV,13,100T,4,1,0.84,0.4,1.239
Haven,kiNgg,LEV,Omen,1.52,238.0,16,8,10,8,82.0,164.0,42.0,1.0,1.0,0.0,LEV,13,100T,4,1,0.78,0.464,1.244
Haven,Mazino,LEV,Breach,1.47,250.0,17,9,9,8,82.0,168.0,35.0,1.0,0.0,1.0,LEV,13,100T,4,1,0.785,0.482,1.267
Haven,tex,LEV,Cypher,0.96,187.0,12,11,2,1,71.0,115.0,30.0,1.0,1.0,0.0,LEV,13,100T,4,1,0.577,0.325,0.902
Haven,C0M,LEV,Sova,0.83,125.0,6,10,9,-4,76.0,85.0,11.0,3.0,1.0,2.0,LEV,13,100T,4,1,0.416,0.404,0.82
Haven,Asuna,100T,Kayo,1.0,198.0,10,13,10,-3,94.0,133.0,16.0,1.0,1.0,0.0,LEV,13,100T,4,0,0.509,0.434,0.944
Haven,eeiu,100T,Sova,0.97,214.0,13,13,4,0,88.0,134.0,37.0,1.0,1.0,0.0,LEV,13,100T,4,0,0.602,0.365,0.967
Haven,bang,100T,Omen,0.85,190.0,11,15,10,-4,76.0,128.0,43.0,0.0,3.0,-3.0,LEV,13,100T,4,0,0.511,0.358,0.868
Haven,Boostio,100T,Killjoy,0.56,137.0,7,15,4,-8,41.0,92.0,25.0,2.0,3.0,-1.0,LEV,13,100T,4,0,0.391,0.226,0.617
Haven,Cryocells,100T,Jett,0.54,128.0,7,14,2,-7,53.0,90.0,41.0,1.0,4.0,-3.0,LEV,13,100T,4,0,0.388,0.219,0.607
Icebox,Apoth,EG,Harbor,0.92,180.0,12,14,1,-2,50.0,121.0,64.0,2.0,2.0,0.0,EG,5,LEV,13,0,0.573,0.276,0.849
Icebox,jawgemo,EG,Sage,0.71,172.0,10,16,7,-6,61.0,114.0,37.0,1.0,2.0,-1.0,EG,5,LEV,13,0,0.452,0.308,0.76
Icebox,Derrek,EG,Sova,0.5,105.0,6,14,2,-8,56.0,71.0,64.0,0.0,2.0,-2.0,EG,5,LEV,13,0,0.377,0.224,0.602
Icebox,supamen,EG,Clove,0.45,157.0,9,20,2,-11,67.0,104.0,45.0,3.0,4.0,-1.0,EG,5,LEV,13,0,0.449,0.25,0.699
Icebox,NaturE,EG,Killjoy,0.31,96.0,6,17,0,-11,50.0,61.0,36.0,0.0,2.0,-2.0,EG,5,LEV,13,0,0.344,0.213,0.558
Icebox,aspas,LEV,Jett,1.82,352.0,23,8,2,15,83.0,222.0,51.0,5.0,1.0,4.0,EG,5,LEV,13,1,0.884,0.42,1.305
Icebox,Mazino,LEV,Harbor,1.62,316.0,21,10,7,11,83.0,196.0,35.0,4.0,3.0,1.0,EG,5,LEV,13,1,0.867,0.443,1.31
Icebox,kiNgg,LEV,Viper,1.59,253.0,16,7,8,9,78.0,169.0,24.0,1.0,0.0,1.0,EG,5,LEV,13,1,0.769,0.464,1.233
Icebox,C0M,LEV,Sova,1.27,207.0,14,8,4,6,94.0,156.0,28.0,0.0,1.0,-1.0,EG,5,LEV,13,1,0.713,0.399,1.112
Icebox,tex,LEV,Killjoy,0.67,111.0,7,10,3,-3,67.0,79.0,23.0,2.0,1.0,1.0,EG,5,LEV,13,1,0.409,0.296,0.705
Sunset,Derrek,EG,Fade,1.45,272.0,23,16,5,7,83.0,192.0,42.0,1.0,2.0,-1.0,EG,10,LEV,13,0,0.834,0.401,1.236
Sunset,supamen,EG,Omen,0.93,230.0,19,19,4,0,70.0,156.0,43.0,4.0,5.0,-1.0,EG,10,LEV,13,0,0.683,0.313,0.997
Sunset,jawgemo,EG,Neon,0.9,195.0,16,19,9,-3,78.0,135.0,28.0,1.0,4.0,-3.0,EG,10,LEV,13,0,0.543,0.366,0.91
Sunset,NaturE,EG,Breach,0.83,151.0,12,15,13,-3,78.0,95.0,30.0,0.0,0.0,0.0,EG,10,LEV,13,0,0.473,0.399,0.872
Sunset,Apoth,EG,Cypher,0.63,154.0,10,19,9,-9,52.0,120.0,46.0,2.0,4.0,-2.0,EG,10,LEV,13,0,0.463,0.299,0.762
Sunset,aspas,LEV,Neon,1.47,301.0,25,17,5,8,83.0,200.0,25.0,4.0,2.0,2.0,EG,10,LEV,13,1,0.855,0.429,1.284
Sunset,Mazino,LEV,Breach,1.34,221.0,20,14,11,6,87.0,134.0,31.0,3.0,1.0,2.0,EG,10,LEV,13,1,0.774,0.476,1.25
Sunset,kiNgg,LEV,Omen,1.25,195.0,17,12,13,5,87.0,130.0,40.0,2.0,1.0,1.0,EG,10,LEV,13,1,0.731,0.458,1.189
Sunset,C0M,LEV,Sova,0.78,164.0,11,17,10,-6,78.0,121.0,24.0,2.0,2.0,0.0,EG,10,LEV,13,1,0.463,0.375,0.839
Sunset,tex,LEV,Cypher,0.59,202.0,15,20,8,-5,65.0,112.0,18.0,4.0,2.0,2.0,EG,10,LEV,13,1,0.48,0.339,0.819
Haven,pANcada,LOUD,Viper,1.68,328.0,28,13,5,15,79.0,208.0,57.0,2.0,3.0,-1.0,LOUD,13,FUR,11,1,0.875,0.397,1.271
Haven,cauanzin,LOUD,Skye,1.11,240.0,20,18,6,2,75.0,155.0,25.0,5.0,1.0,4.0,LOUD,13,FUR,11,1,0.72,0.402,1.122
Haven,saadhak,LOUD,Neon,0.97,200.0,15,16,5,-1,58.0,137.0,24.0,3.0,7.0,-4.0,LOUD,13,FUR,11,1,0.605,0.296,0.9
Haven,tuyz,LOUD,Omen,0.91,147.0,13,15,11,-2,83.0,99.0,34.0,0.0,1.0,-1.0,LOUD,13,FUR,11,1,0.507,0.398,0.905
Haven,Less,LOUD,Cypher,0.76,143.0,13,17,2,-4,54.0,116.0,29.0,1.0,1.0,0.0,LOUD,13,FUR,11,1,0.464,0.275,0.739
Haven,mwzera,FUR,Neon,1.2,299.0,25,19,7,6,79.0,184.0,13.0,5.0,2.0,3.0,LOUD,13,FUR,11,0,0.803,0.421,1.223
Haven,Khalil,FUR,Omen,1.11,218.0,18,16,7,2,79.0,141.0,25.0,2.0,2.0,0.0,LOUD,13,FUR,11,0,0.676,0.389,1.065
Haven,havoc,FUR,Killjoy,0.84,190.0,15,18,3,-3,63.0,134.0,25.0,2.0,2.0,0.0,LOUD,13,FUR,11,0,0.54,0.289,0.83
Haven,nzr,FUR,Breach,0.78,136.0,12,16,4,-4,54.0,105.0,30.0,0.0,0.0,0.0,LOUD,13,FUR,11,0,0.452,0.298,0.75
Haven,xand,FUR,Gekko,0.54,111.0,9,20,9,-11,67.0,82.0,23.0,4.0,5.0,-1.0,LOUD,13,FUR,11,0,0.391,0.323,0.714
Icebox,cauanzin,LOUD,Kayo,1.3,261.0,24,16,3,8,61.0,160.0,22.0,1.0,2.0,-1.0,LOUD,10,FUR,13,0,0.769,0.326,1.095
Icebox,pANcada,LOUD,Omen,1.2,241.0,20,17,4,3,74.0,163.0,37.0,4.0,1.0,3.0,LOUD,10,FUR,13,0,0.765,0.388,1.153
Icebox,Less,LOUD,Killjoy,0.98,246.0,18,19,6,-1,74.0,175.0,21.0,4.0,2.0,2.0,LOUD,10,FUR,13,0,0.662,0.373,1.035
Icebox,tuyz,LOUD,Harbor,0.73,145.0,11,17,5,-6,65.0,105.0,46.0,1.0,3.0,-2.0,LOUD,10,FUR,13,0,0.449,0.286,0.736
Icebox,saadhak,LOUD,Gekko,0.58,151.0,9,19,12,-10,70.0,96.0,24.0,1.0,4.0,-3.0,LOUD,10,FUR,13,0,0.395,0.319,0.714
Icebox,havoc,FUR,Killjoy,1.39,272.0,22,15,5,7,78.0,198.0,46.0,4.0,4.0,0.0,LOUD,10,FUR,13,1,0.862,0.395,1.257
Icebox,nzr,FUR,Sova,1.2,249.0,22,16,8,6,65.0,181.0,24.0,1.0,0.0,1.0,LOUD,10,FUR,13,1,0.769,0.414,1.183
Icebox,Khalil,FUR,Viper,0.94,148.0,12,14,8,-2,65.0,100.0,24.0,1.0,0.0,1.0,LOUD,10,FUR,13,1,0.494,0.386,0.88
Icebox,xand,FUR,Sage,0.92,164.0,15,16,7,-1,61.0,100.0,27.0,2.0,4.0,-2.0,LOUD,10,FUR,13,1,0.547,0.322,0.869
Icebox,mwzera,FUR,Jett,0.8,214.0,17,21,3,-4,78.0,137.0,20.0,4.0,3.0,1.0,LOUD,10,FUR,13,1,0.552,0.319,0.871
Bind,tuyz,LOUD,Gekko,1.0,226.0,18,17,9,1,68.0,137.0,27.0,2.0,2.0,0.0,LOUD,9,FUR,13,0,0.653,0.382,1.035
Bind,saadhak,LOUD,Neon,0.94,208.0,12,18,8,-6,73.0,152.0,16.0,3.0,3.0,0.0,LOUD,9,FUR,13,0,0.529,0.373,0.902
Bind,Less,LOUD,Omen,0.88,167.0,13,15,3,-2,55.0,102.0,39.0,2.0,2.0,0.0,LOUD,9,FUR,13,0,0.536,0.28,0.816
Bind,pANcada,LOUD,Brimstone,0.77,140.0,10,16,10,-6,68.0,87.0,34.0,0.0,1.0,-1.0,LOUD,9,FUR,13,0,0.422,0.358,0.78
Bind,cauanzin,LOUD,Skye,0.47,144.0,10,18,1,-8,45.0,95.0,32.0,4.0,3.0,1.0,LOUD,9,FUR,13,0,0.427,0.231,0.658
Bind,mwzera,FUR,Raze,1.92,371.0,29,12,6,17,86.0,251.0,17.0,4.0,2.0,2.0,LOUD,9,FUR,13,1,0.843,0.445,1.288
Bind,Khalil,FUR,Brimstone,1.6,240.0,20,10,12,10,86.0,153.0,44.0,2.0,3.0,-1.0,LOUD,9,FUR,13,1,0.809,0.453,1.262
Bind,havoc,FUR,Viper,1.19,224.0,17,14,6,3,82.0,146.0,46.0,5.0,2.0,3.0,LOUD,9,FUR,13,1,0.74,0.413,1.154
Bind,nzr,FUR,Skye,0.77,127.0,8,13,15,-5,86.0,100.0,19.0,0.0,3.0,-3.0,LOUD,9,FUR,13,1,0.395,0.366,0.761
Bind,xand,FUR,Sage,0.71,110.0,10,14,9,-4,86.0,66.0,39.0,0.0,1.0,-1.0,LOUD,9,FUR,13,1,0.408,0.382,0.79
Icebox,rich,MIBR,Sova,1.37,255.0,17,13,2,4,78.0,178.0,45.0,3.0,0.0,3.0,MIBR,5,100T,13,0,0.809,0.411,1.22
Icebox,Palla,MIBR,Jett,0.91,219.0,14,16,1,-2,67.0,141.0,44.0,4.0,3.0,1.0,MIBR,5,100T,13,0,0.614,0.312,0.926
Icebox,mazin,MIBR,Viper,0.71,136.0,7,14,6,-7,50.0,95.0,41.0,1.0,3.0,-2.0,MIBR,5,100T,13,0,0.413,0.27,0.683
Icebox,liazzi,MIBR,Gekko,0.4,114.0,6,16,5,-10,72.0,70.0,23.0,1.0,0.0,1.0,MIBR,5,100T,13,0,0.341,0.317,0.657
Icebox,artzin,MIBR,Killjoy,0.14,101.0,5,17,2,-12,61.0,69.0,22.0,1.0,2.0,-1.0,MIBR,5,100T,13,0,0.332,0.24,0.572
Icebox,Boostio,100T,Killjoy,1.6,282.0,20,9,2,11,83.0,209.0,33.0,2.0,3.0,-1.0,MIBR,5,100T,13,1,0.842,0.381,1.223
Icebox,eeiu,100T,Sova,1.49,265.0,17,9,3,8,100.0,183.0,26.0,1.0,0.0,1.0,MIBR,5,100T,13,1,0.791,0.445,1.236
Icebox,Asuna,100T,Gekko,1.23,173.0,12,8,9,4,83.0,124.0,18.0,1.0,2.0,-1.0,MIBR,5,100T,13,1,0.633,0.423,1.056
Icebox,Cryocells,100T,Jett,0.99,202.0,15,12,1,3,72.0,126.0,36.0,1.0,4.0,-3.0,MIBR,5,100T,13,1,0.646,0.299,0.945
Icebox,bang,100T,Viper,0.98,189.0,12,11,2,1,67.0,116.0,33.0,3.0,1.0,2.0,MIBR,5,100T,13,1,0.615,0.337,0.952
Split,Palla,MIBR,Jett,0.97,237.0,15,16,5,-1,58.0,155.0,19.0,4.0,4.0,0.0,MIBR,6,100T,13,0,0.627,0.317,0.944
Split,artzin,MIBR,Viper,0.85,177.0,12,16,8,-4,68.0,111.0,19.0,1.0,0.0,1.0,MIBR,6,100T,13,0,0.468,0.382,0.85
Split,liazzi,MIBR,Raze,0.8,198.0,13,16,4,-3,74.0,129.0,25.0,3.0,4.0,-1.0,MIBR,6,100T,13,0,0.543,0.306,0.849
Split,mazin,MIBR,Omen,0.68,125.0,7,14,6,-7,58.0,79.0,33.0,0.0,2.0,-2.0,MIBR,6,100T,13,0,0.385,0.28,0.665
Split,rich,MIBR,Skye,0.52,94.0,7,16,3,-9,68.0,65.0,47.0,1.0,0.0,1.0,MIBR,6,100T,13,0,0.36,0.291,0.651
Split,eeiu,100T,Fade,2.19,335.0,26,5,6,21,95.0,201.0,40.0,2.0,0.0,2.0,MIBR,6,100T,13,1,0.858,0.479,1.337
Split,bang,100T,Viper,1.11,246.0,15,13,10,2,79.0,154.0,43.0,4.0,4.0,0.0,MIBR,6,100T,13,1,0.721,0.412,1.132
Split,Boostio,100T,Breach,1.08,201.0,13,12,16,1,95.0,133.0,36.0,1.0,0.0,1.0,MIBR,6,100T,13,1,0.62,0.462,1.083
Split,Asuna,100T,Raze,1.0,186.0,12,12,6,0,84.0,117.0,16.0,3.0,4.0,-1.0,MIBR,6,100T,13,1,0.577,0.366,0.943
Split,Cryocells,100T,Astra,0.93,181.0,12,13,8,-1,79.0,123.0,42.0,0.0,1.0,-1.0,MIBR,6,100T,13,1,0.56,0.382,0.942
Lotus,pANcada,LOUD,Omen,1.36,231.0,18,16,15,2,75.0,146.0,30.0,4.0,1.0,3.0,LOUD,11,LEV,13,0,0.734,0.462,1.196
Lotus,Less,LOUD,Cypher,0.95,162.0,15,18,5,-3,63.0,99.0,41.0,2.0,1.0,1.0,LOUD,11,LEV,13,0,0.535,0.341,0.876
Lotus,cauanzin,LOUD,Fade,0.83,218.0,17,21,6,-4,58.0,142.0,28.0,4.0,2.0,2.0,LOUD,11,LEV,13,0,0.571,0.331,0.902
Lotus,tuyz,LOUD,Raze,0.68,167.0,13,19,3,-6,75.0,111.0,24.0,3.0,5.0,-2.0,LOUD,11,LEV,13,0,0.472,0.275,0.747
Lotus,saadhak,LOUD,Breach,0.61,108.0,8,17,10,-9,58.0,68.0,19.0,0.0,2.0,-2.0,LOUD,11,LEV,13,0,0.348,0.306,0.654
Lotus,C0M,LEV,Fade,1.38,269.0,23,14,8,9,83.0,164.0,19.0,5.0,1.0,4.0,LOUD,11,LEV,13,1,0.809,0.467,1.276
Lotus,tex,LEV,Cypher,1.25,247.0,22,16,5,6,79.0,162.0,38.0,1.0,3.0,-2.0,LOUD,11,LEV,13,1,0.778,0.365,1.143
Lotus,kiNgg,LEV,Omen,1.18,189.0,18,12,11,6,92.0,112.0,39.0,1.0,1.0,0.0,LOUD,11,LEV,13,1,0.698,0.45,1.148
Lotus,Mazino,LEV,Breach,1.09,187.0,16,14,15,2,71.0,133.0,33.0,0.0,4.0,-4.0,LOUD,11,LEV,13,1,0.64,0.375,1.015
Lotus,aspas,LEV,Neon,0.83,153.0,12,15,9,-3,83.0,107.0,33.0,4.0,4.0,0.0,LOUD,11,LEV,13,1,0.515,0.389,0.904
Icebox,cauanzin,LOUD,Sova,1.27,265.0,17,14,3,3,63.0,170.0,44.0,4.0,2.0,2.0,LOUD,6,LEV,13,0,0.782,0.352,1.135
Icebox,tuyz,LOUD,Harbor,0.83,179.0,10,16,9,-6,74.0,101.0,19.0,2.0,1.0,1.0,LOUD,6,LEV,13,0,0.451,0.392,0.843
Icebox,Less,LOUD,Killjoy,0.69,146.0,11,16,2,-5,63.0,105.0,31.0,2.0,1.0,1.0,LOUD,6,LEV,13,0,0.444,0.291,0.735
Icebox,saadhak,LOUD,Kayo,0.55,139.0,9,17,8,-8,63.0,91.0,30.0,2.0,3.0,-1.0,LOUD,6,LEV,13,0,0.406,0.306,0.712
Icebox,pANcada,LOUD,Omen,0.48,139.0,10,18,0,-8,42.0,89.0,45.0,1.0,1.0,0.0,LOUD,6,LEV,13,0,0.405,0.226,0.631
Icebox,aspas,LEV,Jett,1.6,373.0,25,12,3,13,74.0,230.0,27.0,4.0,5.0,-1.0,LOUD,6,LEV,13,1,0.857,0.366,1.223
Icebox,tex,LEV,Killjoy,1.35,247.0,20,11,2,9,79.0,159.0,26.0,1.0,2.0,-1.0,LOUD,6,LEV,13,1,0.768,0.362,1.129
Icebox,kiNgg,LEV,Viper,1.26,205.0,16,10,3,6,68.0,134.0,37.0,1.0,2.0,-1.0,LOUD,6,LEV,13,1,0.717,0.334,1.05
Icebox,Mazino,LEV,Harbor,1.04,210.0,15,13,6,2,84.0,136.0,19.0,1.0,1.0,0.0,LOUD,6,LEV,13,1,0.624,0.389,1.012
Icebox,C0M,LEV,Sova,0.61,89.0,5,11,5,-6,79.0,66.0,10.0,1.0,1.0,0.0,LOUD,6,LEV,13,1,0.32,0.323,0.643
Sunset,artzin,MIBR,Cypher,1.32,274.0,24,16,1,8,65.0,175.0,43.0,2.0,3.0,-1.0,MIBR,10,FUR,13,0,0.828,0.335,1.163
Sunset,liazzi,MIBR,Breach,1.01,182.0,15,17,9,-2,74.0,114.0,43.0,0.0,1.0,-1.0,MIBR,10,FUR,13,0,0.563,0.394,0.956
Sunset,rich,MIBR,Gekko,0.84,200.0,16,19,7,-3,78.0,120.0,34.0,2.0,3.0,-1.0,MIBR,10,FUR,13,0,0.552,0.351,0.903
Sunset,Palla,MIBR,Raze,0.69,202.0,12,19,5,-7,65.0,136.0,13.0,3.0,6.0,-3.0,MIBR,10,FUR,13,0,0.484,0.278,0.761
Sunset,mazin,MIBR,Omen,0.48,112.0,9,19,2,-10,61.0,80.0,33.0,3.0,0.0,3.0,MIBR,10,FUR,13,0,0.398,0.289,0.687
Sunset,Khalil,FUR,Omen,1.58,259.0,23,14,10,9,87.0,172.0,38.0,2.0,0.0,2.0,MIBR,10,FUR,13,1,0.829,0.499,1.328
Sunset,havoc,FUR,Cypher,1.43,278.0,23,14,5,9,65.0,184.0,41.0,4.0,3.0,1.0,MIBR,10,FUR,13,1,0.86,0.386,1.246
Sunset,xand,FUR,Kayo,1.14,220.0,18,17,19,1,83.0,142.0,21.0,4.0,1.0,3.0,MIBR,10,FUR,13,1,0.675,0.452,1.127
Sunset,mwzera,FUR,Jett,1.0,240.0,19,18,8,1,74.0,167.0,25.0,3.0,5.0,-2.0,MIBR,10,FUR,13,1,0.696,0.363,1.06
Sunset,nzr,FUR,Sova,0.7,94.0,7,13,6,-6,65.0,76.0,15.0,0.0,1.0,-1.0,MIBR,10,FUR,13,1,0.346,0.312,0.658
Icebox,artzin,MIBR,Killjoy,1.18,244.0,18,15,3,3,60.0,159.0,25.0,4.0,1.0,3.0,MIBR,7,FUR,13,0,0.738,0.351,1.089
Icebox,rich,MIBR,Sova,0.91,224.0,15,17,6,-2,70.0,139.0,25.0,2.0,4.0,-2.0,MIBR,7,FUR,13,0,0.583,0.325,0.907
Icebox,Palla,MIBR,Jett,0.76,199.0,15,17,0,-2,50.0,117.0,54.0,2.0,3.0,-1.0,MIBR,7,FUR,13,0,0.572,0.251,0.823
Icebox,mazin,MIBR,Viper,0.58,119.0,8,15,5,-7,60.0,84.0,28.0,1.0,1.0,0.0,MIBR,7,FUR,13,0,0.373,0.288,0.661
Icebox,liazzi,MIBR,Gekko,0.29,96.0,6,17,2,-11,40.0,67.0,32.0,0.0,2.0,-2.0,MIBR,7,FUR,13,0,0.342,0.197,0.539
Icebox,Khalil,FUR,Viper,1.72,325.0,24,12,6,12,85.0,215.0,30.0,2.0,1.0,1.0,MIBR,7,FUR,13,1,0.846,0.444,1.291
Icebox,mwzera,FUR,Jett,1.23,263.0,19,12,2,7,80.0,161.0,24.0,5.0,0.0,5.0,MIBR,7,FUR,13,1,0.787,0.399,1.186
Icebox,nzr,FUR,Sova,1.21,212.0,16,13,4,3,85.0,151.0,25.0,1.0,1.0,0.0,MIBR,7,FUR,13,1,0.681,0.386,1.067
Icebox,havoc,FUR,Killjoy,0.96,173.0,12,12,5,0,65.0,129.0,26.0,3.0,4.0,-1.0,MIBR,7,FUR,13,1,0.589,0.319,0.909
Icebox,xand,FUR,Sage,0.79,134.0,10,13,3,-3,75.0,90.0,22.0,0.0,3.0,-3.0,MIBR,7,FUR,13,1,0.437,0.283,0.72
Lotus,supamen,EG,Omen,1.06,231.0,19,16,6,3,74.0,129.0,50.0,1.0,2.0,-1.0,EG,10,100T,13,0,0.702,0.356,1.058
Lotus,jawgemo,EG,Neon,1.06,256.0,20,19,7,1,61.0,156.0,24.0,5.0,7.0,-2.0,EG,10,100T,13,0,0.706,0.337,1.043
Lotus,Derrek,EG,Fade,1.05,177.0,15,18,10,-3,87.0,118.0,41.0,0.0,1.0,-1.0,EG,10,100T,13,0,0.55,0.419,0.97
Lotus,NaturE,EG,Breach,0.8,148.0,12,17,8,-5,78.0,91.0,37.0,1.0,2.0,-1.0,EG,10,100T,13,0,0.444,0.357,0.802
Lotus,Apoth,EG,Cypher,0.79,138.0,11,16,4,-5,57.0,104.0,50.0,1.0,3.0,-2.0,EG,10,100T,13,0,0.456,0.268,0.724
Lotus,Asuna,100T,Raze,1.18,261.0,20,16,10,4,83.0,173.0,16.0,5.0,2.0,3.0,EG,10,100T,13,1,0.765,0.447,1.213
Lotus,eeiu,100T,Fade,1.17,229.0,20,15,10,5,83.0,159.0,39.0,1.0,0.0,1.0,EG,10,100T,13,1,0.756,0.452,1.208
Lotus,Boostio,100T,Killjoy,0.96,198.0,16,17,4,-1,87.0,132.0,17.0,2.0,2.0,0.0,EG,10,100T,13,1,0.578,0.353,0.932
Lotus,Cryocells,100T,Omen,0.96,190.0,18,15,5,3,74.0,109.0,28.0,5.0,1.0,4.0,EG,10,100T,13,1,0.66,0.374,1.033
Lotus,bang,100T,Viper,0.94,163.0,12,14,6,-2,65.0,116.0,39.0,2.0,3.0,-1.0,EG,10,100T,13,1,0.545,0.328,0.873
Bind,NaturE,EG,Skye,1.3,222.0,19,16,11,3,70.0,143.0,35.0,2.0,3.0,-1.0,EG,13,100T,10,1,0.731,0.408,1.14
Bind,supamen,EG,Omen,1.18,237.0,19,14,6,5,78.0,149.0,32.0,2.0,1.0,1.0,EG,13,100T,10,1,0.756,0.402,1.158
Bind,Derrek,EG,Gekko,1.04,167.0,14,14,9,0,87.0,109.0,28.0,2.0,1.0,1.0,EG,13,100T,10,1,0.579,0.436,1.014
Bind,Apoth,EG,Brimstone,0.93,204.0,17,17,13,0,83.0,125.0,34.0,3.0,1.0,2.0,EG,13,100T,10,1,0.631,0.426,1.057
Bind,jawgemo,EG,Raze,0.76,206.0,15,19,4,-4,57.0,145.0,27.0,4.0,4.0,0.0,EG,13,100T,10,1,0.55,0.282,0.832
Bind,bang,100T,Viper,1.28,291.0,24,17,8,7,74.0,164.0,28.0,1.0,5.0,-4.0,EG,13,100T,10,0,0.791,0.389,1.18
Bind,eeiu,100T,Fade,1.24,252.0,18,17,15,1,83.0,165.0,36.0,1.0,0.0,1.0,EG,13,100T,10,0,0.706,0.459,1.165
Bind,Cryocells,100T,Brimstone,0.98,154.0,13,15,9,-2,74.0,93.0,30.0,0.0,1.0,-1.0,EG,13,100T,10,0,0.509,0.39,0.899
Bind,Asuna,100T,Raze,0.79,175.0,14,17,5,-3,61.0,110.0,11.0,6.0,7.0,-1.0,EG,13,100T,10,0,0.5,0.295,0.794
Bind,Boostio,100T,Gekko,0.72,151.0,11,18,14,-7,70.0,87.0,24.0,2.0,0.0,2.0,EG,13,100T,10,0,0.429,0.391,0.82
Ascent,Derrek,EG,Sova,1.41,243.0,20,14,5,6,70.0,155.0,31.0,2.0,0.0,2.0,EG,7,100T,13,0,0.791,0.42,1.211
Ascent,supamen,EG,Omen,1.03,214.0,15,16,7,-1,55.0,130.0,40.0,2.0,3.0,-1.0,EG,7,100T,13,0,0.618,0.332,0.95
Ascent,NaturE,EG,Kayo,0.97,222.0,15,18,8,-3,75.0,136.0,30.0,2.0,1.0,1.0,EG,7,100T,13,0,0.578,0.397,0.975
Ascent,Apoth,EG,Cypher,0.4,127.0,6,17,2,-11,50.0,105.0,27.0,1.0,4.0,-3.0,EG,7,100T,13,0,0.375,0.209,0.584
Ascent,jawgemo,EG,Jett,0.29,121.0,6,19,5,-13,50.0,97.0,9.0,0.0,5.0,-5.0,EG,7,100T,13,0,0.337,0.231,0.568
Ascent,eeiu,100T,Sova,1.57,246.0,19,9,5,10,85.0,161.0,27.0,2.0,1.0,1.0,EG,7,100T,13,1,0.793,0.433,1.226
Ascent,Cryocells,100T,Jett,1.54,313.0,25,13,1,12,85.0,199.0,26.0,7.0,2.0,5.0,EG,7,100T,13,1,0.856,0.415,1.271
Ascent,Asuna,100T,Kayo,1.28,211.0,14,13,24,1,100.0,132.0,19.0,2.0,1.0,1.0,EG,7,100T,13,1,0.643,0.483,1.125
Ascent,bang,100T,Omen,1.13,195.0,14,12,12,2,80.0,137.0,23.0,1.0,1.0,0.0,EG,7,100T,13,1,0.628,0.425,1.053
Ascent,Boostio,100T,Killjoy,0.76,183.0,12,15,6,-3,75.0,138.0,16.0,1.0,2.0,-1.0,EG,7,100T,13,1,0.489,0.326,0.815
Bind,Derrek,EG,Gekko,1.41,264.0,21,13,9,8,77.0,178.0,50.0,1.0,0.0,1.0,EG,9,MIBR,13,0,0.826,0.467,1.294
Bind,jawgemo,EG,Raze,1.28,285.0,22,15,1,7,82.0,177.0,16.0,1.0,4.0,-3.0,EG,9,MIBR,13,0,0.78,0.346,1.126
Bind,supamen,EG,Omen,1.06,231.0,17,16,11,1,77.0,140.0,49.0,3.0,4.0,-1.0,EG,9,MIBR,13,0,0.699,0.395,1.094
Bind,NaturE,EG,Skye,0.52,137.0,10,18,4,-8,64.0,100.0,23.0,2.0,2.0,0.0,EG,9,MIBR,13,0,0.403,0.268,0.671
Bind,Apoth,EG,Brimstone,0.43,83.0,6,14,4,-8,55.0,59.0,38.0,1.0,4.0,-3.0,EG,9,MIBR,13,0,0.347,0.229,0.575
Bind,liazzi,MIBR,Deadlock,1.4,248.0,19,12,8,7,73.0,159.0,30.0,3.0,1.0,2.0,EG,9,MIBR,13,1,0.804,0.448,1.252
Bind,artzin,MIBR,Cypher,1.26,222.0,17,15,6,2,77.0,146.0,22.0,4.0,1.0,3.0,EG,9,MIBR,13,1,0.703,0.422,1.125
Bind,mazin,MIBR,Brimstone,1.04,150.0,13,14,8,-1,68.0,101.0,21.0,0.0,0.0,0.0,EG,9,MIBR,13,1,0.521,0.393,0.914
Bind,rich,MIBR,Skye,0.99,176.0,12,15,11,-3,59.0,130.0,32.0,1.0,1.0,0.0,EG,9,MIBR,13,1,0.527,0.375,0.902
Bind,Palla,MIBR,Raze,0.7,203.0,15,20,4,-5,64.0,132.0,26.0,6.0,5.0,1.0,EG,9,MIBR,13,1,0.517,0.296,0.813
Lotus,supamen,EG,Omen,0.88,177.0,9,13,1,-4,67.0,131.0,39.0,1.0,3.0,-2.0,EG,2,MIBR,13,0,0.496,0.283,0.779
Lotus,NaturE,EG,Breach,0.77,168.0,8,13,3,-5,60.0,113.0,27.0,0.0,0.0,0.0,EG,2,MIBR,13,0,0.434,0.295,0.73
Lotus,Derrek,EG,Fade,0.74,176.0,9,15,2,-6,60.0,120.0,35.0,1.0,1.0,0.0,EG,2,MIBR,13,0,0.454,0.283,0.737
Lotus,jawgemo,EG,Neon,0.58,173.0,8,15,2,-7,47.0,113.0,33.0,1.0,4.0,-3.0,EG,2,MIBR,13,0,0.424,0.214,0.638
Lotus,Apoth,EG,Cypher,0.12,56.0,2,15,1,-13,27.0,45.0,7.0,0.0,4.0,-4.0,EG,2,MIBR,13,0,0.298,0.186,0.485
Lotus,artzin,MIBR,Viper,1.56,246.0,14,6,7,8,87.0,173.0,23.0,1.0,0.0,1.0,EG,2,MIBR,13,1,0.757,0.468,1.226
Lotus,Palla,MIBR,Raze,1.44,322.0,18,10,3,8,93.0,203.0,34.0,5.0,2.0,3.0,EG,2,MIBR,13,1,0.849,0.425,1.274
Lotus,rich,MIBR,Fade,1.37,213.0,13,6,7,7,100.0,145.0,32.0,0.0,0.0,0.0,EG,2,MIBR,13,1,0.72,0.471,1.191
Lotus,mazin,MIBR,Omen,1.32,252.0,15,8,7,7,80.0,157.0,50.0,4.0,0.0,4.0,EG,2,MIBR,13,1,0.8,0.453,1.253
Lotus,liazzi,MIBR,Killjoy,1.09,177.0,11,6,1,5,80.0,112.0,38.0,2.0,1.0,1.0,EG,2,MIBR,13,1,0.664,0.362,1.026
Sunset,aspas,LEV,Neon,1.97,396.0,27,10,6,17,84.0,257.0,33.0,4.0,3.0,1.0,LEV,13,FUR,6,1,0.865,0.433,1.298
Sunset,C0M,LEV,Sova,1.15,158.0,11,10,5,1,68.0,125.0,24.0,0.0,2.0,-2.0,LEV,13,FUR,6,1,0.577,0.336,0.913
Sunset,kiNgg,LEV,Omen,1.14,200.0,12,11,10,1,79.0,131.0,24.0,1.0,2.0,-1.0,LEV,13,FUR,6,1,0.605,0.406,1.011
Sunset,tex,LEV,Cypher,1.1,214.0,16,12,1,4,63.0,136.0,37.0,2.0,3.0,-1.0,LEV,13,FUR,6,1,0.705,0.308,1.014
Sunset,Mazino,LEV,Breach,0.7,142.0,9,13,10,-4,79.0,89.0,22.0,1.0,1.0,0.0,LEV,13,FUR,6,1,0.411,0.378,0.789
Sunset,nzr,FUR,Sova,1.34,248.0,15,13,4,2,79.0,181.0,33.0,2.0,0.0,2.0,LEV,13,FUR,6,0,0.737,0.416,1.154
Sunset,mwzera,FUR,Jett,0.89,241.0,16,16,2,0,58.0,156.0,17.0,3.0,3.0,0.0,LEV,13,FUR,6,0,0.637,0.286,0.924
Sunset,havoc,FUR,Cypher,0.59,148.0,9,16,3,-7,53.0,84.0,60.0,3.0,2.0,1.0,LEV,13,FUR,6,0,0.455,0.255,0.71
Sunset,xand,FUR,Kayo,0.53,142.0,9,15,3,-6,53.0,91.0,57.0,2.0,1.0,1.0,LEV,13,FUR,6,0,0.434,0.258,0.692
Sunset,Khalil,FUR,Omen,0.35,93.0,7,15,3,-8,63.0,54.0,38.0,1.0,2.0,-1.0,LEV,13,FUR,6,0,0.347,0.244,0.59
Icebox,C0M,LEV,Sova,1.53,284.0,20,10,5,10,84.0,195.0,33.0,2.0,1.0,1.0,LEV,13,FUR,6,1,0.843,0.432,1.274
Icebox,aspas,LEV,Jett,1.37,219.0,15,8,4,7,74.0,137.0,29.0,4.0,1.0,3.0,LEV,13,FUR,6,1,0.753,0.406,1.159
Icebox,kiNgg,LEV,Viper,1.22,179.0,13,10,4,3,84.0,119.0,28.0,3.0,3.0,0.0,LEV,13,FUR,6,1,0.666,0.376,1.042
Icebox,Mazino,LEV,Harbor,1.18,205.0,16,12,3,4,68.0,148.0,32.0,0.0,1.0,-1.0,LEV,13,FUR,6,1,0.697,0.335,1.031
Icebox,tex,LEV,Killjoy,0.87,215.0,15,14,2,1,74.0,149.0,23.0,2.0,2.0,0.0,LEV,13,FUR,6,1,0.623,0.311,0.934
Icebox,mwzera,FUR,Jett,0.9,246.0,16,18,2,-2,68.0,154.0,24.0,2.0,4.0,-2.0,LEV,13,FUR,6,0,0.605,0.287,0.892
Icebox,nzr,FUR,Sova,0.86,150.0,11,14,3,-3,74.0,121.0,24.0,0.0,0.0,0.0,LEV,13,FUR,6,0,0.48,0.328,0.809
Icebox,havoc,FUR,Killjoy,0.75,182.0,12,16,3,-4,63.0,135.0,31.0,3.0,2.0,1.0,LEV,13,FUR,6,0,0.522,0.288,0.81
Icebox,xand,FUR,Sage,0.58,138.0,8,16,3,-8,63.0,120.0,30.0,1.0,5.0,-4.0,LEV,13,FUR,6,0,0.408,0.24,0.649
Icebox,Khalil,FUR,Viper,0.56,120.0,7,15,3,-8,58.0,89.0,28.0,2.0,0.0,2.0,LEV,13,FUR,6,0,0.385,0.287,0.672
Ascent,saadhak,LOUD,Kayo,1.07,208.0,11,13,2,-2,50.0,128.0,34.0,2.0,1.0,1.0,LOUD,1,100T,13,0,0.578,0.31,0.888
Ascent,pANcada,LOUD,Omen,0.73,177.0,8,14,2,-6,64.0,109.0,63.0,0.0,0.0,0.0,LOUD,1,100T,13,0,0.466,0.298,0.763
Ascent,cauanzin,LOUD,Sova,0.6,160.0,5,14,3,-9,36.0,120.0,15.0,1.0,1.0,0.0,LOUD,1,100T,13,0,0.394,0.229,0.623
Ascent,Less,LOUD,Cypher,0.08,41.0,2,14,2,-12,29.0,26.0,13.0,0.0,4.0,-4.0,LOUD,1,100T,13,0,0.311,0.186,0.498
Ascent,tuyz,LOUD,Jett,0.02,27.0,1,14,0,-13,36.0,19.0,50.0,0.0,5.0,-5.0,LOUD,1,100T,13,0,0.359,0.186,0.546
Ascent,Cryocells,100T,Jett,2.49,439.0,25,4,2,21,100.0,277.0,32.0,5.0,0.0,5.0,LOUD,1,100T,13,1,0.864,0.458,1.322
Ascent,Asuna,100T,Kayo,2.02,314.0,16,4,11,12,100.0,192.0,23.0,3.0,0.0,3.0,LOUD,1,100T,13,1,0.829,0.525,1.354
Ascent,Boostio,100T,Killjoy,1.07,229.0,12,7,3,5,93.0,161.0,20.0,2.0,1.0,1.0,LOUD,1,100T,13,1,0.7,0.382,1.082
Ascent,bang,100T,Omen,0.98,190.0,10,7,6,3,86.0,123.0,39.0,1.0,2.0,-1.0,LOUD,1,100T,13,1,0.617,0.368,0.985
Ascent,eeiu,100T,Sova,0.94,109.0,6,5,4,1,86.0,89.0,27.0,0.0,0.0,0.0,LOUD,1,100T,13,1,0.494,0.368,0.862
Bind,Less,LOUD,Omen,1.37,219.0,16,11,8,5,62.0,171.0,34.0,3.0,0.0,3.0,LOUD,13,100T,8,1,0.786,0.44,1.226
Bind,pANcada,LOUD,Brimstone,1.02,179.0,14,13,13,1,81.0,111.0,34.0,1.0,3.0,-2.0,LOUD,13,100T,8,1,0.591,0.388,0.98
Bind,tuyz,LOUD,Raze,0.98,204.0,13,14,8,-1,71.0,134.0,16.0,3.0,3.0,0.0,LOUD,13,100T,8,1,0.584,0.373,0.958
Bind,saadhak,LOUD,Gekko,0.98,213.0,18,16,4,2,71.0,141.0,26.0,1.0,2.0,-1.0,LOUD,13,100T,8,1,0.646,0.32,0.966
Bind,cauanzin,LOUD,Skye,0.97,205.0,16,13,4,3,76.0,128.0,31.0,2.0,3.0,-1.0,LOUD,13,100T,8,1,0.66,0.328,0.987
Bind,eeiu,100T,Fade,1.32,212.0,16,12,5,4,81.0,159.0,36.0,2.0,0.0,2.0,LOUD,13,100T,8,0,0.742,0.428,1.17
Bind,Asuna,100T,Raze,1.24,273.0,22,16,1,6,76.0,156.0,16.0,3.0,1.0,2.0,LOUD,13,100T,8,0,0.786,0.38,1.166
Bind,bang,100T,Viper,0.88,204.0,14,16,5,-2,62.0,121.0,35.0,3.0,3.0,0.0,LOUD,13,100T,8,0,0.581,0.314,0.895
Bind,Cryocells,100T,Brimstone,0.87,146.0,10,14,6,-4,67.0,101.0,36.0,1.0,3.0,-2.0,LOUD,13,100T,8,0,0.462,0.316,0.777
Bind,Boostio,100T,Gekko,0.33,95.0,5,19,6,-14,71.0,75.0,33.0,2.0,3.0,-1.0,LOUD,13,100T,8,0,0.363,0.291,0.654
Lotus,pANcada,LOUD,Omen,1.73,306.0,24,11,9,13,83.0,192.0,37.0,3.0,1.0,2.0,LOUD,13,100T,10,1,0.87,0.483,1.353
Lotus,saadhak,LOUD,Breach,1.27,215.0,16,12,15,4,87.0,151.0,30.0,0.0,1.0,-1.0,LOUD,13,100T,10,1,0.71,0.443,1.153
Lotus,Less,LOUD,Cypher,0.98,202.0,16,17,8,-1,61.0,125.0,29.0,3.0,3.0,0.0,LOUD,13,100T,10,1,0.61,0.357,0.967
Lotus,tuyz,LOUD,Raze,0.9,155.0,14,14,2,0,61.0,105.0,25.0,5.0,5.0,0.0,LOUD,13,100T,10,1,0.566,0.292,0.859
Lotus,cauanzin,LOUD,Fade,0.87,170.0,14,17,9,-3,70.0,113.0,34.0,2.0,0.0,2.0,LOUD,13,100T,10,1,0.527,0.407,0.934
Lotus,eeiu,100T,Fade,1.01,197.0,15,16,5,-1,70.0,117.0,29.0,1.0,2.0,-1.0,LOUD,13,100T,10,0,0.571,0.333,0.904
Lotus,bang,100T,Viper,0.97,165.0,13,13,9,0,74.0,98.0,34.0,0.0,4.0,-4.0,LOUD,13,100T,10,0,0.551,0.367,0.918
Lotus,Cryocells,100T,Omen,0.87,191.0,16,18,7,-2,70.0,103.0,20.0,4.0,2.0,2.0,LOUD,13,100T,10,0,0.551,0.366,0.917
Lotus,Boostio,100T,Killjoy,0.77,184.0,14,17,2,-3,52.0,125.0,12.0,2.0,2.0,0.0,LOUD,13,100T,10,0,0.499,0.264,0.762
Lotus,Asuna,100T,Raze,0.6,185.0,13,20,4,-7,65.0,119.0,14.0,3.0,3.0,0.0,LOUD,13,100T,10,0,0.461,0.278,0.74
Abyss,heat,KRÜ,Kayo,1.73,301.0,26,12,15,14,83.0,192.0,37.0,3.0,1.0,2.0,KRU,13,C9,11,0,0.87,0.483,1.353
Abyss,Shyy,KRÜ,Cypher,1.04,223.0,20,16,4,4,79.0,138.0,29.0,3.0,1.0,2.0,KRU,13,C9,11,0,0.728,0.375,1.103
Abyss,Melser,KRÜ,Omen,0.96,194.0,17,16,8,1,79.0,133.0,36.0,1.0,4.0,-3.0,KRU,13,C9,11,0,0.622,0.363,0.986
Abyss,mta,KRÜ,Sova,0.88,143.0,14,14,1,0,75.0,88.0,40.0,1.0,0.0,1.0,KRU,13,C9,11,0,0.536,0.341,0.876
Abyss,keznit,KRÜ,Jett,0.84,193.0,16,17,4,-1,63.0,139.0,23.0,4.0,6.0,-2.0,KRU,13,C9,11,0,0.592,0.283,0.875
Abyss,moose,C9,Killjoy,1.11,211.0,18,17,2,1,63.0,144.0,38.0,2.0,1.0,1.0,KRU,13,C9,11,0,0.675,0.336,1.011
Abyss,Xeppaa,C9,Kayo,1.01,211.0,16,18,10,-2,75.0,140.0,36.0,1.0,1.0,0.0,KRU,13,C9,11,0,0.591,0.404,0.995
Abyss,vanity,C9,Omen,0.95,220.0,18,20,6,-2,63.0,126.0,20.0,4.0,5.0,-1.0,KRU,13,C9,11,0,0.598,0.326,0.924
Abyss,OXY,C9,Jett,0.78,198.0,16,21,4,-5,58.0,128.0,31.0,5.0,5.0,0.0,KRU,13,C9,11,0,0.531,0.286,0.817
Abyss,runi,C9,Sova,0.44,105.0,7,19,6,-12,63.0,72.0,44.0,0.0,0.0,0.0,KRU,13,C9,11,0,0.363,0.304,0.667
Lotus,heat,KRÜ,Fade,1.58,246.0,25,15,9,10,88.0,166.0,49.0,5.0,0.0,5.0,KRU,11,C9,13,0,0.845,0.505,1.35
Lotus,Melser,KRÜ,Omen,1.25,206.0,18,14,10,4,83.0,129.0,41.0,1.0,2.0,-1.0,KRU,11,C9,13,0,0.711,0.425,1.136
Lotus,keznit,KRÜ,Raze,1.12,253.0,21,19,4,2,75.0,173.0,22.0,6.0,3.0,3.0,KRU,11,C9,13,0,0.739,0.372,1.111
Lotus,Shyy,KRÜ,Killjoy,0.72,183.0,13,20,8,-7,71.0,138.0,21.0,1.0,3.0,-2.0,KRU,11,C9,13,0,0.467,0.329,0.796
Lotus,mta,KRÜ,Viper,0.46,149.0,11,21,5,-10,63.0,93.0,29.0,1.0,2.0,-1.0,KRU,11,C9,13,0,0.399,0.266,0.665
Lotus,Xeppaa,C9,Gekko,1.19,199.0,18,16,8,2,83.0,148.0,30.0,0.0,1.0,-1.0,KRU,11,C9,13,1,0.671,0.416,1.088
Lotus,runi,C9,Clove,1.08,256.0,22,20,8,2,88.0,158.0,44.0,3.0,3.0,0.0,KRU,11,C9,13,1,0.753,0.413,1.166
Lotus,OXY,C9,Raze,0.94,262.0,21,20,4,1,71.0,167.0,22.0,2.0,7.0,-5.0,KRU,11,C9,13,1,0.691,0.303,0.994
Lotus,vanity,C9,Omen,0.89,162.0,14,16,8,-2,75.0,110.0,34.0,1.0,2.0,-1.0,KRU,11,C9,13,1,0.523,0.362,0.885
Lotus,moose,C9,Killjoy,0.84,171.0,14,16,1,-2,54.0,112.0,33.0,4.0,1.0,3.0,KRU,11,C9,13,1,0.553,0.305,0.858
Haven,Shyy,KRÜ,Cypher,1.56,238.0,16,9,13,7,84.0,169.0,46.0,3.0,1.0,2.0,KRU,13,C9,6,0,0.817,0.485,1.302
Haven,mta,KRÜ,Sova,1.45,283.0,21,12,2,9,89.0,192.0,34.0,1.0,1.0,0.0,KRU,13,C9,6,0,0.831,0.407,1.238
Haven,heat,KRÜ,Breach,1.37,185.0,14,9,8,5,89.0,125.0,34.0,0.0,1.0,-1.0,KRU,13,C9,6,0,0.7,0.446,1.146
Haven,keznit,KRÜ,Neon,1.26,224.0,14,9,9,5,68.0,161.0,28.0,3.0,4.0,-1.0,KRU,13,C9,6,0,0.754,0.401,1.154
Haven,Melser,KRÜ,Omen,1.07,209.0,14,13,12,1,84.0,139.0,23.0,4.0,1.0,3.0,KRU,13,C9,6,0,0.645,0.447,1.092
Haven,moose,C9,Killjoy,1.07,205.0,15,14,1,1,68.0,141.0,26.0,2.0,4.0,-2.0,KRU,13,C9,6,0,0.638,0.305,0.943
Haven,runi,C9,Sova,0.87,199.0,11,14,3,-3,58.0,137.0,35.0,2.0,1.0,1.0,KRU,13,C9,6,0,0.544,0.302,0.846
Haven,OXY,C9,Jett,0.71,209.0,14,17,0,-3,74.0,131.0,35.0,4.0,3.0,1.0,KRU,13,C9,6,0,0.557,0.303,0.86
Haven,Xeppaa,C9,Breach,0.62,140.0,8,17,11,-9,63.0,100.0,26.0,0.0,0.0,0.0,KRU,13,C9,6,0,0.395,0.352,0.747
Haven,vanity,C9,Omen,0.37,82.0,4,17,8,-13,42.0,53.0,8.0,0.0,3.0,-3.0,KRU,13,C9,6,0,0.301,0.252,0.552
Haven,TenZ,SEN,Omen,1.11,254.0,16,15,6,1,85.0,162.0,29.0,2.0,4.0,-2.0,SEN,7,100T,13,0,0.688,0.371,1.059
Haven,johnqt,SEN,Killjoy,1.0,223.0,16,16,1,0,60.0,142.0,23.0,0.0,1.0,-1.0,SEN,7,100T,13,0,0.61,0.302,0.912
Haven,Sacy,SEN,Sova,0.79,152.0,9,14,6,-5,55.0,103.0,26.0,1.0,5.0,-4.0,SEN,7,100T,13,0,0.426,0.283,0.708
Haven,Zellsis,SEN,Breach,0.75,134.0,10,13,6,-3,60.0,79.0,26.0,0.0,1.0,-1.0,SEN,7,100T,13,0,0.432,0.309,0.741
Haven,zekken,SEN,Jett,0.53,166.0,11,18,5,-7,55.0,106.0,28.0,3.0,3.0,0.0,SEN,7,100T,13,0,0.448,0.265,0.714
Haven,Asuna,100T,Yoru,1.49,273.0,22,11,7,11,85.0,156.0,21.0,5.0,2.0,3.0,SEN,7,100T,13,1,0.818,0.459,1.278
Haven,eeiu,100T,Sova,1.3,202.0,13,10,11,3,80.0,155.0,20.0,2.0,1.0,1.0,SEN,7,100T,13,1,0.682,0.452,1.134
Haven,bang,100T,Omen,1.11,173.0,12,10,8,2,75.0,102.0,19.0,1.0,0.0,1.0,SEN,7,100T,13,1,0.578,0.421,0.999
Haven,Boostio,100T,Cypher,1.04,228.0,16,16,8,0,70.0,159.0,29.0,3.0,2.0,1.0,SEN,7,100T,13,1,0.666,0.387,1.053
Haven,Cryocells,100T,Iso,0.93,199.0,13,15,6,-2,80.0,149.0,28.0,3.0,1.0,2.0,SEN,7,100T,13,1,0.589,0.387,0.976
Ascent,zekken,SEN,Jett,1.45,355.0,28,19,2,9,57.0,211.0,47.0,7.0,7.0,0.0,SEN,10,100T,13,0,0.878,0.344,1.222
Ascent,Sacy,SEN,Sova,0.96,190.0,15,15,4,0,87.0,139.0,26.0,0.0,1.0,-1.0,SEN,10,100T,13,0,0.588,0.354,0.942
Ascent,TenZ,SEN,Omen,0.94,206.0,15,17,10,-2,70.0,133.0,35.0,2.0,2.0,0.0,SEN,10,100T,13,0,0.586,0.379,0.964
Ascent,Zellsis,SEN,Cypher,0.8,148.0,12,15,5,-3,65.0,105.0,26.0,0.0,1.0,-1.0,SEN,10,100T,13,0,0.47,0.312,0.781
Ascent,johnqt,SEN,Deadlock,0.73,151.0,12,18,7,-6,83.0,109.0,31.0,1.0,2.0,-1.0,SEN,10,100T,13,0,0.443,0.347,0.79
Ascent,bang,100T,Omen,2.09,347.0,31,12,8,19,78.0,209.0,42.0,5.0,1.0,4.0,SEN,10,100T,13,1,0.875,0.468,1.343
Ascent,Cryocells,100T,Jett,1.17,250.0,23,16,3,7,74.0,161.0,20.0,4.0,2.0,2.0,SEN,10,100T,13,1,0.777,0.36,1.137
Ascent,eeiu,100T,Sova,0.89,139.0,11,13,8,-2,74.0,93.0,18.0,1.0,0.0,1.0,SEN,10,100T,13,1,0.466,0.396,0.862
Ascent,Asuna,100T,Kayo,0.67,173.0,14,21,13,-7,74.0,114.0,29.0,2.0,2.0,0.0,SEN,10,100T,13,1,0.472,0.357,0.829
Ascent,Boostio,100T,Killjoy,0.21,88.0,5,20,6,-15,61.0,71.0,15.0,1.0,5.0,-4.0,SEN,10,100T,13,1,0.32,0.261,0.581
Icebox,aspas,LEV,Jett,1.89,357.0,22,6,1,16,87.0,249.0,25.0,3.0,0.0,3.0,LEV,13,KRU,2,1,0.855,0.436,1.291
Icebox,tex,LEV,Killjoy,1.78,329.0,19,7,3,12,93.0,205.0,39.0,4.0,1.0,3.0,LEV,13,KRU,2,1,0.863,0.437,1.3
Icebox,kiNgg,LEV,Viper,1.39,207.0,12,6,6,6,93.0,140.0,38.0,1.0,1.0,0.0,LEV,13,KRU,2,1,0.718,0.441,1.159
Icebox,Mazino,LEV,Harbor,1.04,192.0,10,8,4,2,87.0,122.0,23.0,2.0,1.0,1.0,LEV,13,KRU,2,1,0.604,0.38,0.984
Icebox,C0M,LEV,Sova,0.97,130.0,6,6,7,0,80.0,80.0,13.0,2.0,0.0,2.0,LEV,13,KRU,2,1,0.479,0.412,0.891
Icebox,Shyy,KRÜ,Killjoy,0.84,182.0,9,13,0,-4,53.0,123.0,29.0,0.0,1.0,-1.0,LEV,13,KRU,2,0,0.477,0.273,0.751
Icebox,Melser,KRÜ,Viper,0.61,154.0,8,14,3,-6,53.0,90.0,38.0,1.0,2.0,-1.0,LEV,13,KRU,2,0,0.409,0.24,0.649
Icebox,mta,KRÜ,Sova,0.52,99.0,5,14,2,-9,40.0,70.0,33.0,0.0,1.0,-1.0,LEV,13,KRU,2,0,0.349,0.218,0.567
Icebox,keznit,KRÜ,Jett,0.47,173.0,8,14,1,-6,47.0,103.0,29.0,2.0,5.0,-3.0,LEV,13,KRU,2,0,0.418,0.204,0.622
Icebox,heat,KRÜ,Kayo,0.18,62.0,3,14,1,-11,33.0,45.0,14.0,0.0,3.0,-3.0,LEV,13,KRU,2,0,0.313,0.186,0.5
Sunset,kiNgg,LEV,Omen,1.56,231.0,17,5,5,12,88.0,145.0,26.0,1.0,0.0,1.0,LEV,13,KRU,4,1,0.75,0.448,1.197
Sunset,aspas,LEV,Neon,1.51,302.0,18,9,5,9,82.0,184.0,40.0,8.0,0.0,8.0,LEV,13,KRU,4,1,0.855,0.45,1.305
Sunset,tex,LEV,Cypher,1.45,242.0,18,8,4,10,100.0,181.0,44.0,2.0,1.0,1.0,LEV,13,KRU,4,1,0.817,0.445,1.262
Sunset,C0M,LEV,Sova,1.3,215.0,12,7,8,5,94.0,164.0,19.0,1.0,1.0,0.0,LEV,13,KRU,4,1,0.703,0.455,1.159
Sunset,Mazino,LEV,Breach,1.2,195.0,11,9,14,2,88.0,134.0,29.0,2.0,1.0,1.0,LEV,13,KRU,4,1,0.643,0.454,1.097
Sunset,keznit,KRÜ,Neon,0.8,208.0,11,16,4,-5,65.0,149.0,33.0,2.0,6.0,-4.0,LEV,13,KRU,4,0,0.517,0.278,0.795
Sunset,Melser,KRÜ,Omen,0.76,147.0,7,14,9,-7,71.0,110.0,24.0,0.0,2.0,-2.0,LEV,13,KRU,4,0,0.413,0.344,0.757
Sunset,mta,KRÜ,Sova,0.59,105.0,6,14,3,-8,47.0,71.0,29.0,0.0,1.0,-1.0,LEV,13,KRU,4,0,0.356,0.237,0.592
Sunset,Shyy,KRÜ,Cypher,0.56,162.0,8,16,3,-8,59.0,115.0,35.0,1.0,3.0,-2.0,LEV,13,KRU,4,0,0.42,0.236,0.656
Sunset,heat,KRÜ,Breach,0.46,98.0,6,16,4,-10,47.0,79.0,28.0,0.0,2.0,-2.0,LEV,13,KRU,4,0,0.345,0.22,0.565
Lotus,JonahP,G2,Viper,2.12,342.0,24,7,4,17,100.0,236.0,44.0,2.0,0.0,2.0,G2,13,100T,5,1,0.862,0.465,1.327
Lotus,leaf,G2,Killjoy,1.41,247.0,19,9,3,10,78.0,170.0,14.0,2.0,0.0,2.0,G2,13,100T,5,1,0.773,0.411,1.184
Lotus,trent,G2,Fade,1.3,223.0,13,9,9,4,94.0,154.0,17.0,5.0,1.0,4.0,G2,13,100T,5,1,0.717,0.488,1.205
Lotus,valyn,G2,Omen,1.11,213.0,13,12,9,1,89.0,135.0,17.0,1.0,0.0,1.0,G2,13,100T,5,1,0.605,0.456,1.06
Lotus,icy,G2,Raze,0.46,120.0,7,14,3,-7,72.0,89.0,8.0,2.0,4.0,-2.0,G2,13,100T,5,1,0.344,0.25,0.594
Lotus,Boostio,100T,Killjoy,1.33,249.0,16,14,6,2,67.0,169.0,27.0,2.0,1.0,1.0,G2,13,100T,5,0,0.726,0.399,1.126
Lotus,bang,100T,Viper,0.93,188.0,10,13,7,-3,67.0,121.0,21.0,1.0,3.0,-2.0,G2,13,100T,5,0,0.497,0.333,0.83
Lotus,eeiu,100T,Fade,0.71,151.0,10,16,5,-6,67.0,89.0,39.0,1.0,1.0,0.0,G2,13,100T,5,0,0.428,0.314,0.742
Lotus,Cryocells,100T,Omen,0.51,161.0,10,17,4,-7,67.0,103.0,29.0,1.0,1.0,0.0,G2,13,100T,5,0,0.409,0.282,0.69
Lotus,Asuna,100T,Raze,0.16,96.0,5,17,1,-12,44.0,65.0,7.0,1.0,7.0,-6.0,G2,13,100T,5,0,0.299,0.199,0.498
Abyss,valyn,G2,Astra,1.45,219.0,20,13,8,7,87.0,155.0,24.0,1.0,0.0,1.0,G2,13,100T,10,1,0.759,0.477,1.237
Abyss,trent,G2,Sova,1.4,255.0,21,14,11,7,83.0,174.0,27.0,2.0,2.0,0.0,G2,13,100T,10,1,0.807,0.449,1.257
Abyss,leaf,G2,Killjoy,0.95,214.0,19,16,2,3,70.0,137.0,32.0,2.0,1.0,1.0,G2,13,100T,10,1,0.683,0.331,1.014
Abyss,icy,G2,Yoru,0.85,199.0,15,18,8,-3,61.0,119.0,13.0,5.0,4.0,1.0,G2,13,100T,10,1,0.532,0.352,0.884
Abyss,JonahP,G2,Viper,0.69,183.0,15,19,4,-4,65.0,105.0,20.0,3.0,2.0,1.0,G2,13,100T,10,1,0.495,0.297,0.792
Abyss,Cryocells,100T,Jett,1.14,312.0,25,19,1,6,65.0,173.0,22.0,3.0,5.0,-2.0,G2,13,100T,10,0,0.804,0.307,1.111
Abyss,bang,100T,Omen,0.96,208.0,19,18,9,1,74.0,137.0,50.0,2.0,1.0,1.0,G2,13,100T,10,0,0.671,0.405,1.076
Abyss,Asuna,100T,Gekko,0.94,202.0,15,19,10,-4,87.0,135.0,41.0,2.0,1.0,1.0,G2,13,100T,10,0,0.562,0.425,0.987
Abyss,eeiu,100T,Sova,0.85,151.0,11,16,6,-5,61.0,110.0,28.0,0.0,1.0,-1.0,G2,13,100T,10,0,0.448,0.321,0.769
Abyss,Boostio,100T,Cypher,0.51,129.0,10,19,8,-9,52.0,96.0,23.0,3.0,6.0,-3.0,G2,13,100T,10,0,0.411,0.27,0.681
Icebox,Melser,KRÜ,Viper,1.48,256.0,21,14,4,7,82.0,172.0,50.0,4.0,0.0,4.0,KRU,9,100T,13,0,0.855,0.439,1.294
Icebox,Shyy,KRÜ,Killjoy,1.0,175.0,16,15,2,1,68.0,140.0,35.0,1.0,0.0,1.0,KRU,9,100T,13,0,0.616,0.342,0.958
Icebox,keznit,KRÜ,Jett,0.91,214.0,15,19,5,-4,64.0,140.0,31.0,5.0,3.0,2.0,KRU,9,100T,13,0,0.571,0.338,0.909
Icebox,heat,KRÜ,Kayo,0.68,154.0,11,18,9,-7,55.0,98.0,24.0,2.0,3.0,-1.0,KRU,9,100T,13,0,0.433,0.317,0.75
Icebox,mta,KRÜ,Sova,0.5,124.0,8,18,9,-10,59.0,101.0,27.0,0.0,4.0,-4.0,KRU,9,100T,13,0,0.377,0.292,0.669
Icebox,Cryocells,100T,Jett,1.59,324.0,27,14,4,13,91.0,196.0,20.0,7.0,2.0,5.0,KRU,9,100T,13,1,0.847,0.436,1.283
Icebox,Asuna,100T,Gekko,1.24,213.0,16,12,7,4,77.0,144.0,20.0,1.0,1.0,0.0,KRU,9,100T,13,1,0.688,0.409,1.097
Icebox,eeiu,100T,Sova,1.23,211.0,18,13,4,5,73.0,120.0,36.0,0.0,1.0,-1.0,KRU,9,100T,13,1,0.715,0.359,1.075
Icebox,Boostio,100T,Killjoy,0.75,176.0,12,16,5,-4,77.0,138.0,22.0,1.0,5.0,-4.0,KRU,9,100T,13,1,0.479,0.304,0.783
Icebox,bang,100T,Viper,0.69,143.0,11,16,7,-5,77.0,102.0,21.0,1.0,3.0,-2.0,KRU,9,100T,13,1,0.412,0.324,0.736
Lotus,Shyy,KRÜ,Killjoy,1.46,300.0,25,17,7,8,88.0,196.0,35.0,2.0,1.0,1.0,KRU,13,100T,11,0,0.851,0.46,1.311
Lotus,heat,KRÜ,Fade,1.28,223.0,22,15,3,7,79.0,133.0,20.0,3.0,2.0,1.0,KRU,13,100T,11,0,0.758,0.371,1.129
Lotus,mta,KRÜ,Viper,0.95,171.0,15,14,4,1,63.0,109.0,28.0,3.0,1.0,2.0,KRU,13,100T,11,0,0.606,0.339,0.944
Lotus,Melser,KRÜ,Omen,0.88,126.0,11,14,7,-3,75.0,91.0,33.0,2.0,2.0,0.0,KRU,13,100T,11,0,0.478,0.358,0.836
Lotus,keznit,KRÜ,Raze,0.86,191.0,15,18,8,-3,71.0,145.0,24.0,4.0,5.0,-1.0,KRU,13,100T,11,0,0.564,0.352,0.916
Lotus,Boostio,100T,Killjoy,1.08,244.0,20,19,3,1,63.0,171.0,19.0,2.0,2.0,0.0,KRU,13,100T,11,0,0.69,0.315,1.005
Lotus,bang,100T,Viper,1.03,238.0,18,19,9,-1,71.0,156.0,27.0,2.0,3.0,-1.0,KRU,13,100T,11,0,0.645,0.381,1.026
Lotus,Cryocells,100T,Omen,1.0,190.0,18,16,2,2,58.0,127.0,21.0,1.0,3.0,-2.0,KRU,13,100T,11,0,0.621,0.281,0.902
Lotus,eeiu,100T,Fade,0.86,151.0,13,16,9,-3,58.0,99.0,29.0,1.0,0.0,1.0,KRU,13,100T,11,0,0.482,0.377,0.859
Lotus,Asuna,100T,Raze,0.53,127.0,8,18,7,-10,67.0,97.0,16.0,4.0,5.0,-1.0,KRU,13,100T,11,0,0.392,0.299,0.692
Ascent,Melser,KRÜ,Omen,1.22,219.0,17,15,11,2,67.0,133.0,35.0,2.0,0.0,2.0,KRU,13,100T,11,0,0.691,0.439,1.13
Ascent,mta,KRÜ,Sova,1.14,217.0,19,16,7,3,67.0,136.0,32.0,2.0,4.0,-2.0,KRU,13,100T,11,0,0.704,0.355,1.059
Ascent,Shyy,KRÜ,Killjoy,1.05,206.0,18,17,5,1,71.0,149.0,26.0,2.0,2.0,0.0,KRU,13,100T,11,0,0.655,0.347,1.003
Ascent,keznit,KRÜ,Jett,0.86,199.0,16,18,4,-2,75.0,130.0,39.0,7.0,4.0,3.0,KRU,13,100T,11,0,0.596,0.344,0.94
Ascent,heat,KRÜ,Kayo,0.79,157.0,13,18,10,-5,75.0,108.0,18.0,0.0,1.0,-1.0,KRU,13,100T,11,0,0.438,0.372,0.81
Ascent,eeiu,100T,Sova,1.2,215.0,17,15,9,2,67.0,147.0,27.0,1.0,1.0,0.0,KRU,13,100T,11,0,0.671,0.411,1.082
Ascent,bang,100T,Omen,1.11,211.0,17,16,12,1,83.0,125.0,36.0,0.0,1.0,-1.0,KRU,13,100T,11,0,0.641,0.419,1.06
Ascent,Asuna,100T,Kayo,1.03,219.0,17,19,20,-2,71.0,148.0,21.0,1.0,1.0,0.0,KRU,13,100T,11,0,0.587,0.399,0.986
Ascent,Cryocells,100T,Jett,0.99,229.0,20,17,3,3,63.0,129.0,19.0,7.0,7.0,0.0,KRU,13,100T,11,0,0.691,0.305,0.996
Ascent,Boostio,100T,Killjoy,0.8,159.0,13,16,2,-3,71.0,106.0,26.0,2.0,3.0,-1.0,KRU,13,100T,11,0,0.495,0.29,0.785
Icebox,tex,LEV,Killjoy,1.11,243.0,18,15,7,3,81.0,160.0,27.0,3.0,2.0,1.0,LEV,8,G2,13,0,0.733,0.401,1.135
Icebox,aspas,LEV,Jett,1.1,230.0,17,14,5,3,71.0,140.0,22.0,3.0,1.0,2.0,LEV,8,G2,13,0,0.701,0.379,1.08
Icebox,kiNgg,LEV,Viper,1.01,231.0,17,15,7,2,81.0,144.0,29.0,2.0,1.0,1.0,LEV,8,G2,13,0,0.674,0.4,1.074
Icebox,C0M,LEV,Sova,0.81,191.0,13,15,4,-2,71.0,115.0,6.0,3.0,3.0,0.0,LEV,8,G2,13,0,0.513,0.311,0.823
Icebox,Mazino,LEV,Harbor,0.59,185.0,13,20,10,-7,67.0,122.0,33.0,2.0,1.0,1.0,LEV,8,G2,13,0,0.475,0.354,0.829
Icebox,JonahP,G2,Viper,1.41,314.0,21,16,10,5,81.0,207.0,27.0,2.0,3.0,-1.0,LEV,8,G2,13,1,0.836,0.438,1.274
Icebox,icy,G2,Gekko,1.2,185.0,17,14,4,3,76.0,129.0,29.0,0.0,0.0,0.0,LEV,8,G2,13,1,0.662,0.379,1.041
Icebox,trent,G2,Sova,1.1,182.0,13,13,6,0,86.0,119.0,25.0,2.0,2.0,0.0,LEV,8,G2,13,1,0.59,0.389,0.979
Icebox,valyn,G2,Harbor,0.79,153.0,13,16,4,-3,71.0,98.0,32.0,1.0,4.0,-3.0,LEV,8,G2,13,1,0.479,0.287,0.766
Icebox,leaf,G2,Killjoy,0.7,221.0,15,19,5,-4,52.0,135.0,15.0,3.0,4.0,-1.0,LEV,8,G2,13,1,0.526,0.27,0.796
Bind,kiNgg,LEV,Viper,1.61,345.0,23,13,5,10,79.0,204.0,27.0,5.0,1.0,4.0,LEV,6,G2,13,0,0.857,0.436,1.293
Bind,aspas,LEV,Raze,1.37,294.0,22,13,0,9,84.0,178.0,26.0,3.0,3.0,0.0,LEV,6,G2,13,0,0.837,0.381,1.218
Bind,Mazino,LEV,Brimstone,0.72,166.0,10,16,7,-6,58.0,118.0,24.0,1.0,0.0,1.0,LEV,6,G2,13,0,0.436,0.34,0.777
Bind,tex,LEV,Gekko,0.54,107.0,7,14,5,-7,68.0,73.0,38.0,1.0,2.0,-1.0,LEV,6,G2,13,0,0.363,0.28,0.643
Bind,C0M,LEV,Fade,0.34,85.0,5,16,8,-11,63.0,64.0,32.0,1.0,2.0,-1.0,LEV,6,G2,13,0,0.34,0.3,0.64
Bind,valyn,G2,Brimstone,1.36,260.0,18,12,9,6,79.0,161.0,18.0,2.0,1.0,1.0,LEV,6,G2,13,1,0.77,0.456,1.227
Bind,JonahP,G2,Skye,1.08,231.0,17,14,6,3,68.0,131.0,28.0,2.0,3.0,-1.0,LEV,6,G2,13,1,0.687,0.348,1.035
Bind,icy,G2,Raze,1.05,228.0,15,14,4,1,68.0,153.0,19.0,2.0,2.0,0.0,LEV,6,G2,13,1,0.645,0.331,0.976
Bind,leaf,G2,Viper,1.03,191.0,13,13,4,0,74.0,132.0,15.0,2.0,0.0,2.0,LEV,6,G2,13,1,0.58,0.375,0.955
Bind,trent,G2,Gekko,0.63,126.0,9,14,6,-5,74.0,87.0,73.0,0.0,5.0,-5.0,LEV,6,G2,13,1,0.421,0.298,0.718
Icebox,aspas,LEV,Jett,2.08,362.0,22,6,2,16,81.0,227.0,24.0,5.0,1.0,4.0,LEV,13,KRU,3,1,0.853,0.417,1.27
Icebox,tex,LEV,Killjoy,1.61,285.0,17,7,3,10,81.0,193.0,37.0,3.0,0.0,3.0,LEV,13,KRU,3,1,0.849,0.426,1.275
Icebox,Mazino,LEV,Harbor,1.29,221.0,14,8,9,6,88.0,141.0,26.0,1.0,1.0,0.0,LEV,13,KRU,3,1,0.71,0.455,1.165
Icebox,C0M,LEV,Sova,1.19,134.0,6,6,11,0,100.0,108.0,22.0,2.0,1.0,1.0,LEV,13,KRU,3,1,0.538,0.473,1.011
Icebox,kiNgg,LEV,Viper,1.12,168.0,10,7,1,3,88.0,99.0,17.0,2.0,0.0,2.0,LEV,13,KRU,3,1,0.592,0.397,0.988
Icebox,Shyy,KRÜ,Killjoy,0.62,170.0,9,14,1,-5,31.0,99.0,19.0,0.0,3.0,-3.0,LEV,13,KRU,3,0,0.403,0.2,0.604
Icebox,mta,KRÜ,Sova,0.59,151.0,8,16,0,-8,50.0,105.0,23.0,2.0,2.0,0.0,LEV,13,KRU,3,0,0.411,0.241,0.653
Icebox,keznit,KRÜ,Reyna,0.44,111.0,5,13,2,-8,44.0,87.0,17.0,1.0,4.0,-3.0,LEV,13,KRU,3,0,0.341,0.199,0.54
Icebox,heat,KRÜ,Gekko,0.41,103.0,6,13,1,-7,50.0,66.0,15.0,0.0,2.0,-2.0,LEV,13,KRU,3,0,0.32,0.213,0.533
Icebox,Melser,KRÜ,Viper,0.41,103.0,6,13,2,-7,44.0,70.0,33.0,0.0,2.0,-2.0,LEV,13,KRU,3,0,0.348,0.203,0.552
Haven,C0M,LEV,Sova,1.27,273.0,23,18,6,5,79.0,173.0,31.0,3.0,2.0,1.0,LEV,11,KRU,13,0,0.822,0.404,1.226
Haven,Mazino,LEV,Breach,1.12,253.0,22,18,8,4,83.0,167.0,26.0,2.0,1.0,1.0,LEV,11,KRU,13,0,0.756,0.426,1.182
Haven,kiNgg,LEV,Omen,0.9,198.0,17,18,8,-1,79.0,120.0,19.0,3.0,2.0,1.0,LEV,11,KRU,13,0,0.587,0.387,0.974
Haven,aspas,LEV,Neon,0.87,161.0,13,18,8,-5,71.0,126.0,43.0,3.0,3.0,0.0,LEV,11,KRU,13,0,0.522,0.362,0.884
Haven,tex,LEV,Cypher,0.78,164.0,12,18,11,-6,63.0,118.0,26.0,2.0,3.0,-1.0,LEV,11,KRU,13,0,0.469,0.341,0.81
Haven,Shyy,KRÜ,Cypher,1.35,260.0,20,15,8,5,79.0,171.0,28.0,4.0,0.0,4.0,LEV,11,KRU,13,0,0.814,0.466,1.281
Haven,keznit,KRÜ,Neon,1.33,320.0,27,20,4,7,75.0,202.0,20.0,5.0,5.0,0.0,LEV,11,KRU,13,0,0.833,0.373,1.205
Haven,heat,KRÜ,Breach,1.09,186.0,16,15,11,1,88.0,114.0,43.0,0.0,2.0,-2.0,LEV,11,KRU,13,0,0.623,0.408,1.031
Haven,Melser,KRÜ,Omen,0.93,161.0,13,18,18,-5,83.0,91.0,17.0,0.0,3.0,-3.0,LEV,11,KRU,13,0,0.442,0.378,0.82
Haven,mta,KRÜ,Sova,0.66,159.0,14,19,4,-5,75.0,118.0,40.0,2.0,3.0,-1.0,LEV,11,KRU,13,0,0.48,0.293,0.773
Sunset,Mazino,LEV,Breach,1.22,283.0,20,17,9,3,70.0,169.0,25.0,2.0,1.0,1.0,LEV,7,KRU,13,0,0.761,0.426,1.188
Sunset,C0M,LEV,Sova,0.98,193.0,13,14,8,-1,70.0,121.0,24.0,0.0,4.0,-4.0,LEV,7,KRU,13,0,0.553,0.35,0.903
Sunset,tex,LEV,Cypher,0.81,142.0,11,13,2,-2,60.0,100.0,28.0,2.0,2.0,0.0,LEV,7,KRU,13,0,0.493,0.281,0.774
Sunset,kiNgg,LEV,Omen,0.7,171.0,10,16,7,-6,75.0,114.0,18.0,3.0,3.0,0.0,LEV,7,KRU,13,0,0.455,0.339,0.794
Sunset,aspas,LEV,Neon,0.5,115.0,6,17,5,-11,75.0,82.0,29.0,2.0,1.0,1.0,LEV,7,KRU,13,0,0.373,0.314,0.687
Sunset,heat,KRÜ,Breach,1.59,258.0,19,10,12,9,75.0,167.0,32.0,2.0,1.0,1.0,LEV,7,KRU,13,0,0.809,0.461,1.27
Sunset,keznit,KRÜ,Neon,1.38,275.0,19,15,8,4,80.0,188.0,17.0,5.0,2.0,3.0,LEV,7,KRU,13,0,0.8,0.452,1.253
Sunset,Shyy,KRÜ,Cypher,1.27,223.0,17,11,6,6,75.0,161.0,31.0,1.0,3.0,-2.0,LEV,7,KRU,13,0,0.742,0.371,1.113
Sunset,Melser,KRÜ,Omen,0.89,161.0,11,11,8,0,70.0,105.0,40.0,0.0,3.0,-3.0,LEV,7,KRU,13,0,0.543,0.341,0.884
Sunset,mta,KRÜ,Sova,0.86,159.0,11,13,3,-2,65.0,121.0,22.0,3.0,0.0,3.0,LEV,7,KRU,13,0,0.527,0.335,0.862
Abyss,aspas,LEV,Jett,1.42,294.0,24,14,2,10,87.0,192.0,30.0,8.0,1.0,7.0,LEV,13,KRU,10,1,0.856,0.422,1.278
Abyss,Mazino,LEV,Harbor,1.36,259.0,21,15,7,6,96.0,182.0,25.0,2.0,1.0,1.0,LEV,13,KRU,10,1,0.808,0.462,1.27
Abyss,kiNgg,LEV,Omen,0.93,172.0,13,15,14,-2,91.0,115.0,34.0,1.0,0.0,1.0,LEV,13,KRU,10,1,0.531,0.44,0.971
Abyss,tex,LEV,Cypher,0.93,221.0,19,17,2,2,74.0,138.0,37.0,3.0,2.0,1.0,LEV,13,KRU,10,1,0.691,0.326,1.017
Abyss,C0M,LEV,Sova,0.9,169.0,13,15,4,-2,78.0,121.0,14.0,2.0,3.0,-1.0,LEV,13,KRU,10,1,0.517,0.323,0.84
Abyss,Shyy,KRÜ,Cypher,1.43,247.0,22,15,4,7,70.0,167.0,46.0,1.0,3.0,-2.0,LEV,13,KRU,10,0,0.809,0.358,1.167
Abyss,mta,KRÜ,Sova,1.22,261.0,21,17,5,4,70.0,170.0,43.0,2.0,3.0,-1.0,LEV,13,KRU,10,0,0.792,0.355,1.148
Abyss,heat,KRÜ,Kayo,0.69,169.0,13,21,10,-8,65.0,117.0,22.0,1.0,3.0,-2.0,LEV,13,KRU,10,0,0.445,0.327,0.772
Abyss,keznit,KRÜ,Jett,0.64,143.0,12,19,2,-7,57.0,97.0,19.0,1.0,5.0,-4.0,LEV,13,KRU,10,0,0.405,0.237,0.642
Abyss,Melser,KRÜ,Omen,0.44,110.0,7,19,10,-12,57.0,79.0,31.0,2.0,2.0,0.0,LEV,13,KRU,10,0,0.37,0.309,0.679
Ascent,aspas,LEV,Jett,1.45,320.0,25,15,4,10,70.0,211.0,29.0,6.0,1.0,5.0,LEV,13,KRU,10,1,0.858,0.408,1.266
Ascent,Mazino,LEV,Deadlock,1.27,268.0,22,18,15,4,91.0,157.0,38.0,3.0,2.0,1.0,LEV,13,KRU,10,1,0.802,0.457,1.26
Ascent,kiNgg,LEV,Omen,1.12,193.0,18,15,8,3,78.0,138.0,24.0,2.0,3.0,-1.0,LEV,13,KRU,10,1,0.677,0.391,1.068
Ascent,tex,LEV,Cypher,1.1,192.0,16,13,4,3,74.0,130.0,32.0,2.0,3.0,-1.0,LEV,13,KRU,10,1,0.67,0.338,1.008
Ascent,C0M,LEV,Sova,0.94,160.0,11,13,4,-2,78.0,114.0,7.0,0.0,1.0,-1.0,LEV,13,KRU,10,1,0.473,0.337,0.81
Ascent,Melser,KRÜ,Omen,0.95,178.0,13,17,8,-4,57.0,111.0,35.0,2.0,1.0,1.0,LEV,13,KRU,10,0,0.52,0.365,0.885
Ascent,Shyy,KRÜ,Killjoy,0.93,223.0,18,19,6,-1,61.0,153.0,19.0,0.0,3.0,-3.0,LEV,13,KRU,10,0,0.598,0.308,0.906
Ascent,keznit,KRÜ,Jett,0.89,203.0,18,18,3,0,70.0,120.0,18.0,3.0,3.0,0.0,LEV,13,KRU,10,0,0.606,0.306,0.913
Ascent,heat,KRÜ,Kayo,0.72,188.0,15,19,8,-4,65.0,106.0,27.0,5.0,5.0,0.0,LEV,13,KRU,10,0,0.511,0.336,0.847
Ascent,mta,KRÜ,Sova,0.52,135.0,10,19,3,-9,61.0,97.0,23.0,0.0,1.0,-1.0,LEV,13,KRU,10,0,0.385,0.253,0.638
Lotus,valyn,G2,Omen,1.24,222.0,23,19,15,4,75.0,135.0,26.0,1.0,3.0,-2.0,G2,13,LEV,15,0,0.718,0.402,1.12
Lotus,leaf,G2,Killjoy,0.92,202.0,16,21,6,-5,68.0,138.0,16.0,3.0,3.0,0.0,G2,13,LEV,15,0,0.533,0.34,0.873
Lotus,icy,G2,Raze,0.78,171.0,16,22,6,-6,61.0,124.0,15.0,6.0,6.0,0.0,G2,13,LEV,15,0,0.493,0.313,0.806
Lotus,JonahP,G2,Viper,0.68,157.0,15,24,4,-9,54.0,98.0,18.0,0.0,2.0,-2.0,G2,13,LEV,15,0,0.429,0.251,0.68
Lotus,trent,G2,Fade,0.61,148.0,12,22,15,-10,75.0,98.0,14.0,1.0,3.0,-2.0,G2,13,LEV,15,0,0.396,0.335,0.731
Lotus,Mazino,LEV,Breach,1.74,325.0,34,15,13,19,86.0,201.0,33.0,4.0,1.0,3.0,G2,13,LEV,15,1,0.865,0.492,1.357
Lotus,aspas,LEV,Neon,1.42,303.0,27,18,10,9,82.0,203.0,17.0,5.0,3.0,2.0,G2,13,LEV,15,1,0.837,0.467,1.304
Lotus,tex,LEV,Cypher,0.96,181.0,19,18,3,1,75.0,127.0,39.0,2.0,2.0,0.0,G2,13,LEV,15,1,0.64,0.322,0.962
Lotus,kiNgg,LEV,Omen,0.94,149.0,13,16,19,-3,71.0,96.0,33.0,4.0,3.0,1.0,G2,13,LEV,15,1,0.523,0.389,0.912
Lotus,C0M,LEV,Fade,0.93,147.0,15,15,12,0,86.0,95.0,16.0,2.0,2.0,0.0,G2,13,LEV,15,1,0.535,0.404,0.94
Haven,leaf,G2,Killjoy,1.16,234.0,24,24,9,0,70.0,148.0,16.0,4.0,3.0,1.0,G2,14,LEV,16,0,0.678,0.411,1.089
Haven,JonahP,G2,Breach,1.15,215.0,23,21,18,2,77.0,140.0,18.0,0.0,0.0,0.0,G2,14,LEV,16,0,0.666,0.431,1.098
Haven,trent,G2,Sova,0.95,180.0,20,20,9,0,70.0,125.0,27.0,0.0,1.0,-1.0,G2,14,LEV,16,0,0.597,0.38,0.977
Haven,valyn,G2,Omen,0.81,147.0,15,24,19,-9,73.0,77.0,13.0,5.0,6.0,-1.0,G2,14,LEV,16,0,0.445,0.361,0.807
Haven,icy,G2,Jett,0.74,192.0,18,24,6,-6,63.0,133.0,27.0,3.0,8.0,-5.0,G2,14,LEV,16,0,0.532,0.291,0.822
Haven,C0M,LEV,Sova,1.43,270.0,28,17,10,11,90.0,180.0,26.0,4.0,0.0,4.0,G2,14,LEV,16,1,0.835,0.504,1.34
Haven,tex,LEV,Cypher,1.18,206.0,23,18,8,5,73.0,153.0,43.0,3.0,2.0,1.0,G2,14,LEV,16,1,0.781,0.407,1.187
Haven,Mazino,LEV,Breach,1.14,230.0,23,22,19,1,80.0,161.0,32.0,2.0,1.0,1.0,G2,14,LEV,16,1,0.706,0.435,1.14
Haven,kiNgg,LEV,Omen,1.0,172.0,19,19,18,0,77.0,106.0,28.0,3.0,2.0,1.0,G2,14,LEV,16,1,0.613,0.405,1.018
Haven,aspas,LEV,Neon,0.76,186.0,20,24,10,-4,70.0,113.0,15.0,6.0,7.0,-1.0,G2,14,LEV,16,1,0.524,0.351,0.875
Bind,leaf,G2,Viper,1.72,326.0,25,14,12,11,86.0,232.0,22.0,3.0,1.0,2.0,G2,13,LEV,9,1,0.85,0.488,1.339
Bind,JonahP,G2,Skye,1.28,216.0,18,13,6,5,64.0,152.0,31.0,1.0,3.0,-2.0,G2,13,LEV,9,1,0.738,0.354,1.092
Bind,icy,G2,Raze,1.22,257.0,21,15,4,6,86.0,165.0,22.0,5.0,2.0,3.0,G2,13,LEV,9,1,0.792,0.401,1.192
Bind,trent,G2,Gekko,0.75,125.0,9,16,11,-7,68.0,82.0,23.0,2.0,0.0,2.0,G2,13,LEV,9,1,0.405,0.391,0.796
Bind,valyn,G2,Brimstone,0.52,158.0,12,19,6,-7,82.0,98.0,24.0,2.0,3.0,-1.0,G2,13,LEV,9,1,0.422,0.312,0.735
Bind,Mazino,LEV,Brimstone,1.21,272.0,18,17,8,1,82.0,185.0,29.0,4.0,1.0,3.0,G2,13,LEV,9,0,0.747,0.447,1.194
Bind,C0M,LEV,Fade,1.0,203.0,15,16,9,-1,77.0,148.0,22.0,1.0,2.0,-1.0,G2,13,LEV,9,0,0.584,0.388,0.972
Bind,kiNgg,LEV,Viper,0.85,202.0,18,19,3,-1,77.0,117.0,16.0,1.0,2.0,-1.0,G2,13,LEV,9,0,0.551,0.305,0.856
Bind,tex,LEV,Gekko,0.85,181.0,14,17,7,-3,77.0,119.0,26.0,0.0,2.0,-2.0,G2,13,LEV,9,0,0.509,0.341,0.851
Bind,aspas,LEV,Raze,0.73,138.0,12,16,1,-4,50.0,92.0,29.0,3.0,6.0,-3.0,G2,13,LEV,9,0,0.468,0.235,0.702
Ascent,valyn,G2,Omen,1.19,286.0,15,15,3,0,65.0,170.0,22.0,5.0,0.0,5.0,G2,4,LEV,13,0,0.703,0.37,1.073
Ascent,icy,G2,Jett,0.49,81.0,5,14,4,-9,47.0,67.0,17.0,0.0,2.0,-2.0,G2,4,LEV,13,0,0.321,0.22,0.54
Ascent,JonahP,G2,Kayo,0.39,112.0,6,16,6,-10,47.0,78.0,15.0,1.0,2.0,-1.0,G2,4,LEV,13,0,0.332,0.25,0.583
Ascent,leaf,G2,Killjoy,0.37,71.0,5,15,1,-10,47.0,41.0,21.0,1.0,3.0,-2.0,G2,4,LEV,13,0,0.325,0.208,0.533
Ascent,trent,G2,Sova,0.35,125.0,4,16,6,-12,47.0,99.0,19.0,1.0,2.0,-1.0,G2,4,LEV,13,0,0.359,0.25,0.609
Ascent,aspas,LEV,Jett,1.89,330.0,22,7,1,15,88.0,205.0,14.0,5.0,1.0,4.0,G2,4,LEV,13,1,0.837,0.429,1.266
Ascent,kiNgg,LEV,Omen,1.66,237.0,15,5,7,10,100.0,152.0,26.0,2.0,0.0,2.0,G2,4,LEV,13,1,0.763,0.498,1.262
Ascent,tex,LEV,Cypher,1.31,201.0,13,5,3,8,88.0,117.0,16.0,0.0,2.0,-2.0,G2,4,LEV,13,1,0.667,0.364,1.031
Ascent,C0M,LEV,Sova,1.13,186.0,11,8,6,3,82.0,123.0,21.0,0.0,1.0,-1.0,G2,4,LEV,13,1,0.613,0.386,0.999
Ascent,Mazino,LEV,Deadlock,1.01,216.0,15,10,3,5,65.0,119.0,44.0,2.0,4.0,-2.0,G2,4,LEV,13,1,0.704,0.294,0.997
Fracture,zekken,SEN,Raze,1.35,321.0,25,17,6,8,79.0,213.0,20.0,4.0,5.0,-1.0,SEN,13,100T,11,1,0.835,0.395,1.23
Fracture,TenZ,SEN,Jett,1.33,277.0,25,15,3,10,75.0,170.0,21.0,4.0,3.0,1.0,SEN,13,100T,11,1,0.815,0.37,1.185
Fracture,Sacy,SEN,Brimstone,1.1,217.0,17,17,13,0,79.0,155.0,26.0,2.0,1.0,1.0,SEN,13,100T,11,1,0.65,0.429,1.079
Fracture,pANcada,SEN,Killjoy,0.86,134.0,11,13,4,-2,75.0,102.0,17.0,0.0,3.0,-3.0,SEN,13,100T,11,1,0.464,0.301,0.766
Fracture,dephh,SEN,Breach,0.82,128.0,11,15,11,-4,79.0,94.0,27.0,0.0,2.0,-2.0,SEN,13,100T,11,1,0.437,0.364,0.801
Fracture,Asuna,100T,Skye,1.32,229.0,19,16,11,3,75.0,148.0,26.0,4.0,0.0,4.0,SEN,13,100T,11,0,0.744,0.467,1.211
Fracture,stellar,100T,Killjoy,0.97,201.0,17,19,5,-2,75.0,130.0,27.0,2.0,1.0,1.0,SEN,13,100T,11,0,0.584,0.363,0.947
Fracture,bang,100T,Brimstone,0.89,179.0,16,19,7,-3,79.0,111.0,36.0,1.0,1.0,0.0,SEN,13,100T,11,0,0.529,0.375,0.904
Fracture,Derrek,100T,Breach,0.77,125.0,12,15,10,-3,67.0,81.0,44.0,1.0,3.0,-2.0,SEN,13,100T,11,0,0.461,0.338,0.799
Fracture,Cryocells,100T,Jett,0.56,160.0,13,20,3,-7,58.0,113.0,22.0,6.0,5.0,1.0,SEN,13,100T,11,0,0.454,0.26,0.714
Split,Sacy,SEN,Sage,1.32,268.0,23,16,9,7,81.0,181.0,37.0,2.0,2.0,0.0,SEN,12,100T,14,0,0.822,0.437,1.259
Split,zekken,SEN,Skye,1.32,259.0,23,17,12,6,77.0,174.0,24.0,2.0,2.0,0.0,SEN,12,100T,14,0,0.797,0.431,1.228
Split,pANcada,SEN,Viper,0.89,194.0,17,19,6,-2,65.0,123.0,29.0,0.0,3.0,-3.0,SEN,12,100T,14,0,0.555,0.31,0.865
Split,TenZ,SEN,Jett,0.83,242.0,20,21,5,-1,65.0,162.0,20.0,4.0,7.0,-3.0,SEN,12,100T,14,0,0.643,0.293,0.936
Split,dephh,SEN,Astra,0.76,131.0,11,16,11,-5,65.0,99.0,22.0,1.0,3.0,-2.0,SEN,12,100T,14,0,0.413,0.334,0.747
Split,Asuna,100T,Raze,1.38,334.0,26,21,10,5,77.0,220.0,16.0,7.0,3.0,4.0,SEN,12,100T,14,1,0.831,0.459,1.29
Split,Derrek,100T,Skye,1.2,205.0,19,17,11,2,69.0,127.0,25.0,3.0,0.0,3.0,SEN,12,100T,14,1,0.69,0.445,1.134
Split,Cryocells,100T,Sage,1.01,176.0,16,19,12,-3,81.0,124.0,16.0,4.0,2.0,2.0,SEN,12,100T,14,1,0.551,0.422,0.973
Split,stellar,100T,Cypher,0.94,155.0,15,18,7,-3,73.0,96.0,18.0,3.0,1.0,2.0,SEN,12,100T,14,1,0.514,0.388,0.902
Split,bang,100T,Astra,0.66,130.0,13,19,6,-6,58.0,77.0,26.0,0.0,3.0,-3.0,SEN,12,100T,14,1,0.402,0.274,0.676
Ascent,pANcada,SEN,Killjoy,1.37,232.0,22,16,7,6,77.0,162.0,27.0,0.0,2.0,-2.0,SEN,14,100T,12,1,0.77,0.397,1.167
Ascent,TenZ,SEN,Jett,1.34,239.0,23,14,3,9,81.0,140.0,9.0,5.0,5.0,0.0,SEN,14,100T,12,1,0.756,0.373,1.129
Ascent,zekken,SEN,Sova,1.1,172.0,14,13,10,1,73.0,114.0,26.0,1.0,5.0,-4.0,SEN,14,100T,12,1,0.588,0.379,0.967
Ascent,Sacy,SEN,Omen,1.08,184.0,17,16,18,1,73.0,111.0,29.0,2.0,0.0,2.0,SEN,14,100T,12,1,0.622,0.434,1.057
Ascent,dephh,SEN,Kayo,1.06,221.0,21,19,13,2,73.0,144.0,28.0,3.0,3.0,0.0,SEN,14,100T,12,1,0.707,0.396,1.103
Ascent,bang,100T,Omen,1.03,226.0,20,20,9,0,58.0,149.0,35.0,3.0,3.0,0.0,SEN,14,100T,12,0,0.683,0.368,1.051
Ascent,Asuna,100T,Kayo,0.93,191.0,15,19,15,-4,69.0,130.0,11.0,3.0,2.0,1.0,SEN,14,100T,12,0,0.525,0.385,0.909
Ascent,Cryocells,100T,Jett,0.82,168.0,18,19,2,-1,54.0,108.0,21.0,4.0,3.0,1.0,SEN,14,100T,12,0,0.564,0.281,0.845
Ascent,Derrek,100T,Sova,0.78,164.0,13,20,6,-7,65.0,112.0,25.0,2.0,1.0,1.0,SEN,14,100T,12,0,0.468,0.338,0.806
Ascent,stellar,100T,Viper,0.65,138.0,12,19,4,-7,69.0,92.0,24.0,3.0,2.0,1.0,SEN,14,100T,12,0,0.438,0.299,0.737
Split,Klaus,KRÜ,Skye,1.08,202.0,17,17,13,0,75.0,111.0,11.0,1.0,1.0,0.0,KRU,11,FUR,13,0,0.573,0.411,0.984
Split,keznit,KRÜ,Jett,1.06,235.0,20,16,4,4,67.0,165.0,21.0,1.0,2.0,-1.0,KRU,11,FUR,13,0,0.713,0.322,1.035
Split,DaveeyS,KRÜ,Raze,0.96,204.0,15,17,5,-2,75.0,134.0,16.0,6.0,2.0,4.0,KRU,11,FUR,13,0,0.576,0.366,0.942
Split,NagZ,KRÜ,Viper,0.95,184.0,13,16,7,-3,71.0,130.0,14.0,4.0,3.0,1.0,KRU,11,FUR,13,0,0.535,0.368,0.903
Split,Melser,KRÜ,Astra,0.76,146.0,11,15,9,-4,75.0,94.0,35.0,1.0,3.0,-2.0,KRU,11,FUR,13,0,0.449,0.351,0.8
Split,Khalil,FUR,Astra,1.38,192.0,18,10,6,8,88.0,120.0,35.0,0.0,0.0,0.0,KRU,11,FUR,13,1,0.721,0.441,1.161
Split,mazin,FUR,Skye,1.08,161.0,14,14,13,0,67.0,108.0,34.0,2.0,2.0,0.0,KRU,11,FUR,13,1,0.587,0.389,0.975
Split,dgzin,FUR,Chamber,0.96,187.0,16,15,2,1,58.0,119.0,25.0,3.0,5.0,-2.0,KRU,11,FUR,13,1,0.622,0.277,0.898
Split,mwzera,FUR,Raze,0.93,232.0,18,20,6,-2,58.0,150.0,10.0,3.0,6.0,-3.0,KRU,11,FUR,13,1,0.599,0.303,0.902
Split,qck,FUR,Viper,0.93,183.0,15,17,6,-2,75.0,107.0,21.0,3.0,0.0,3.0,KRU,11,FUR,13,1,0.553,0.393,0.946
Ascent,DaveeyS,KRÜ,Kayo,1.25,225.0,12,13,17,-1,83.0,145.0,26.0,0.0,1.0,-1.0,KRU,5,FUR,13,0,0.611,0.434,1.045
Ascent,NagZ,KRÜ,Killjoy,1.06,250.0,15,16,4,-1,67.0,157.0,27.0,2.0,1.0,1.0,KRU,5,FUR,13,0,0.64,0.348,0.989
Ascent,Melser,KRÜ,Omen,0.9,243.0,14,16,4,-2,67.0,158.0,23.0,2.0,0.0,2.0,KRU,5,FUR,13,0,0.596,0.349,0.945
Ascent,keznit,KRÜ,Jett,0.67,169.0,11,15,1,-4,56.0,121.0,20.0,3.0,4.0,-1.0,KRU,5,FUR,13,0,0.478,0.251,0.729
Ascent,Klaus,KRÜ,Sova,0.05,47.0,3,17,5,-14,50.0,24.0,0.0,2.0,3.0,-1.0,KRU,5,FUR,13,0,0.312,0.244,0.556
Ascent,Khalil,FUR,Omen,1.68,268.0,18,9,7,9,89.0,180.0,39.0,0.0,1.0,-1.0,KRU,5,FUR,13,1,0.811,0.445,1.256
Ascent,mwzera,FUR,Sova,1.29,230.0,16,10,5,6,94.0,158.0,24.0,1.0,0.0,1.0,KRU,5,FUR,13,1,0.731,0.438,1.17
Ascent,qck,FUR,Killjoy,1.21,235.0,16,11,5,5,78.0,176.0,30.0,1.0,2.0,-1.0,KRU,5,FUR,13,1,0.745,0.367,1.113
Ascent,mazin,FUR,Kayo,1.09,199.0,13,11,7,2,83.0,130.0,35.0,1.0,3.0,-2.0,KRU,5,FUR,13,1,0.632,0.377,1.009
Ascent,dgzin,FUR,Jett,1.09,246.0,14,14,5,0,78.0,157.0,22.0,6.0,3.0,3.0,KRU,5,FUR,13,1,0.66,0.385,1.045
Split,Less,LOUD,Viper,1.55,305.0,20,8,4,12,83.0,219.0,21.0,1.0,0.0,1.0,LOUD,13,MIBR,5,1,0.814,0.428,1.242
Split,aspas,LOUD,Jett,1.49,225.0,16,7,5,9,89.0,140.0,12.0,6.0,0.0,6.0,LOUD,13,MIBR,5,1,0.747,0.462,1.209
Split,saadhak,LOUD,Gekko,1.37,271.0,15,10,9,5,83.0,164.0,14.0,5.0,0.0,5.0,LOUD,13,MIBR,5,1,0.773,0.486,1.259
Split,tuyz,LOUD,Astra,0.99,117.0,9,7,6,2,78.0,79.0,17.0,1.0,1.0,0.0,LOUD,13,MIBR,5,1,0.506,0.373,0.879
Split,cauanzin,LOUD,Skye,0.99,215.0,14,11,7,3,72.0,118.0,9.0,2.0,2.0,0.0,LOUD,13,MIBR,5,1,0.616,0.365,0.981
Split,jzz,MIBR,Skye,1.07,222.0,12,15,4,-3,61.0,143.0,28.0,1.0,3.0,-2.0,LOUD,13,MIBR,5,0,0.561,0.304,0.866
Split,heat,MIBR,Jett,0.97,218.0,13,15,0,-2,67.0,131.0,32.0,2.0,5.0,-3.0,LOUD,13,MIBR,5,0,0.581,0.288,0.869
Split,RgLMeister,MIBR,Astra,0.91,150.0,9,13,4,-4,61.0,103.0,28.0,0.0,0.0,0.0,LOUD,13,MIBR,5,0,0.455,0.323,0.778
Split,murizzz,MIBR,Viper,0.47,124.0,7,15,3,-8,33.0,84.0,20.0,0.0,3.0,-3.0,LOUD,13,MIBR,5,0,0.35,0.186,0.537
Split,frz,MIBR,Kayo,0.16,48.0,2,16,5,-14,50.0,35.0,13.0,0.0,4.0,-4.0,LOUD,13,MIBR,5,0,0.311,0.231,0.543
Lotus,aspas,LOUD,Jett,1.35,316.0,26,17,5,9,79.0,191.0,33.0,6.0,4.0,2.0,LOUD,11,MIBR,13,0,0.852,0.41,1.262
Lotus,Less,LOUD,Viper,1.28,225.0,20,13,8,7,75.0,140.0,28.0,1.0,0.0,1.0,LOUD,11,MIBR,13,0,0.74,0.439,1.179
Lotus,cauanzin,LOUD,Skye,1.04,229.0,17,19,16,-2,75.0,153.0,18.0,2.0,5.0,-3.0,LOUD,11,MIBR,13,0,0.607,0.376,0.983
Lotus,tuyz,LOUD,Harbor,0.93,183.0,14,17,14,-3,79.0,123.0,18.0,2.0,0.0,2.0,LOUD,11,MIBR,13,0,0.525,0.428,0.953
Lotus,saadhak,LOUD,Gekko,0.54,139.0,10,20,17,-10,63.0,78.0,26.0,1.0,3.0,-2.0,LOUD,11,MIBR,13,0,0.381,0.307,0.688
Lotus,RgLMeister,MIBR,Omen,1.34,272.0,22,20,16,2,71.0,183.0,22.0,2.0,1.0,1.0,LOUD,11,MIBR,13,1,0.763,0.441,1.204
Lotus,murizzz,MIBR,Viper,1.11,212.0,17,17,15,0,71.0,125.0,17.0,3.0,1.0,2.0,LOUD,11,MIBR,13,1,0.631,0.425,1.056
Lotus,jzz,MIBR,Skye,1.03,201.0,16,17,14,-1,79.0,122.0,30.0,2.0,2.0,0.0,LOUD,11,MIBR,13,1,0.599,0.403,1.003
Lotus,heat,MIBR,Raze,0.96,205.0,17,18,2,-1,67.0,148.0,23.0,2.0,4.0,-2.0,LOUD,11,MIBR,13,1,0.606,0.292,0.898
Lotus,frz,MIBR,Killjoy,0.91,164.0,14,15,3,-1,67.0,113.0,33.0,3.0,4.0,-1.0,LOUD,11,MIBR,13,1,0.572,0.295,0.867
Haven,cauanzin,LOUD,Skye,1.37,253.0,21,15,15,6,83.0,149.0,23.0,3.0,2.0,1.0,LOUD,13,MIBR,11,1,0.797,0.455,1.251
Haven,aspas,LOUD,Jett,1.36,262.0,24,14,7,10,88.0,165.0,20.0,3.0,4.0,-1.0,LOUD,13,MIBR,11,1,0.806,0.422,1.228
Haven,tuyz,LOUD,Harbor,1.28,205.0,18,13,14,5,88.0,142.0,32.0,0.0,2.0,-2.0,LOUD,13,MIBR,11,1,0.727,0.428,1.155
Haven,Less,LOUD,Killjoy,0.62,109.0,9,16,1,-7,67.0,101.0,13.0,0.0,2.0,-2.0,LOUD,13,MIBR,11,1,0.365,0.256,0.621
Haven,saadhak,LOUD,Viper,0.59,172.0,13,18,5,-5,67.0,101.0,30.0,4.0,4.0,0.0,LOUD,13,MIBR,11,1,0.466,0.292,0.758
Haven,RgLMeister,MIBR,Omen,1.11,215.0,18,17,9,1,79.0,133.0,14.0,2.0,0.0,2.0,LOUD,13,MIBR,11,0,0.637,0.448,1.084
Haven,jzz,MIBR,Fade,1.03,162.0,14,15,6,-1,71.0,108.0,30.0,1.0,2.0,-1.0,LOUD,13,MIBR,11,0,0.547,0.348,0.895
Haven,frz,MIBR,Killjoy,0.94,201.0,14,17,5,-3,67.0,155.0,17.0,4.0,3.0,1.0,LOUD,13,MIBR,11,0,0.569,0.338,0.906
Haven,heat,MIBR,Raze,0.92,235.0,19,19,6,0,67.0,167.0,34.0,6.0,4.0,2.0,LOUD,13,MIBR,11,0,0.682,0.355,1.037
Haven,murizzz,MIBR,Breach,0.8,133.0,11,17,11,-6,67.0,83.0,16.0,1.0,1.0,0.0,LOUD,13,MIBR,11,0,0.398,0.368,0.767
Pearl,BcJ,EG,Astra,1.29,206.0,18,14,13,4,75.0,126.0,13.0,2.0,0.0,2.0,EG,11,C9,13,0,0.69,0.46,1.15
Pearl,jawgemo,EG,Harbor,0.98,271.0,17,21,12,-4,79.0,186.0,25.0,4.0,3.0,1.0,EG,11,C9,13,0,0.637,0.407,1.044
Pearl,C0M,EG,Gekko,0.96,166.0,16,18,9,-2,67.0,124.0,29.0,1.0,4.0,-3.0,EG,11,C9,13,0,0.545,0.354,0.899
Pearl,Boostio,EG,Killjoy,0.91,216.0,16,18,4,-2,67.0,149.0,30.0,5.0,3.0,2.0,EG,11,C9,13,0,0.611,0.332,0.943
Pearl,Ethan,EG,Skye,0.84,173.0,14,18,8,-4,58.0,113.0,16.0,0.0,2.0,-2.0,EG,11,C9,13,0,0.47,0.32,0.79
Pearl,Zellsis,C9,Phoenix,1.36,285.0,22,16,13,6,79.0,186.0,20.0,3.0,4.0,-1.0,EG,11,C9,13,1,0.831,0.43,1.26
Pearl,jakee,C9,Astra,1.13,217.0,19,16,7,3,83.0,147.0,24.0,1.0,2.0,-1.0,EG,11,C9,13,1,0.685,0.39,1.074
Pearl,runi,C9,Sage,1.03,151.0,15,14,7,1,79.0,86.0,17.0,2.0,2.0,0.0,EG,11,C9,13,1,0.558,0.381,0.939
Pearl,Xeppaa,C9,Skye,1.01,202.0,16,18,13,-2,63.0,128.0,25.0,2.0,2.0,0.0,EG,11,C9,13,1,0.58,0.374,0.954
Pearl,leaf,C9,Killjoy,0.95,236.0,17,18,5,-1,83.0,170.0,14.0,4.0,2.0,2.0,EG,11,C9,13,1,0.635,0.374,1.009
Fracture,C0M,EG,Sova,1.39,260.0,18,15,9,3,82.0,191.0,31.0,0.0,1.0,-1.0,EG,9,C9,13,0,0.766,0.447,1.213
Fracture,Boostio,EG,Killjoy,1.17,235.0,19,15,5,4,64.0,152.0,16.0,3.0,6.0,-3.0,EG,9,C9,13,0,0.734,0.327,1.06
Fracture,jawgemo,EG,Raze,1.02,231.0,17,18,6,-1,77.0,162.0,17.0,2.0,4.0,-2.0,EG,9,C9,13,0,0.625,0.348,0.973
Fracture,Ethan,EG,Breach,0.94,184.0,16,17,7,-1,77.0,116.0,30.0,2.0,0.0,2.0,EG,9,C9,13,0,0.578,0.404,0.981
Fracture,BcJ,EG,Brimstone,0.78,166.0,12,19,13,-7,68.0,101.0,24.0,2.0,2.0,0.0,EG,9,C9,13,0,0.456,0.358,0.814
Fracture,leaf,C9,Skye,1.53,304.0,26,15,12,11,77.0,193.0,30.0,1.0,1.0,0.0,EG,9,C9,13,1,0.831,0.456,1.287
Fracture,runi,C9,Breach,1.23,236.0,18,16,14,2,86.0,154.0,15.0,3.0,3.0,0.0,EG,9,C9,13,1,0.705,0.436,1.142
Fracture,Xeppaa,C9,Raze,1.04,248.0,20,16,3,4,73.0,162.0,18.0,6.0,3.0,3.0,EG,9,C9,13,1,0.74,0.349,1.089
Fracture,Zellsis,C9,Killjoy,0.74,120.0,9,15,6,-6,64.0,85.0,11.0,1.0,1.0,0.0,EG,9,C9,13,1,0.369,0.323,0.692
Fracture,jakee,C9,Brimstone,0.62,179.0,11,20,11,-9,68.0,123.0,19.0,2.0,1.0,1.0,EG,9,C9,13,1,0.448,0.359,0.807
Pearl,kiNgg,LEV,Viper,1.55,240.0,19,11,11,8,79.0,161.0,43.0,3.0,4.0,-1.0,LEV,13,NRG,11,1,0.824,0.441,1.265
Pearl,Mazino,LEV,Harbor,1.25,222.0,20,16,10,4,79.0,146.0,33.0,3.0,0.0,3.0,LEV,13,NRG,11,1,0.76,0.467,1.227
Pearl,Shyy,LEV,Killjoy,1.13,187.0,16,14,5,2,71.0,133.0,16.0,2.0,1.0,1.0,LEV,13,NRG,11,1,0.635,0.374,1.009
Pearl,nzr,LEV,Skye,0.95,154.0,13,16,13,-3,67.0,102.0,14.0,0.0,2.0,-2.0,LEV,13,NRG,11,1,0.472,0.358,0.83
Pearl,Tacolilla,LEV,Jett,0.41,109.0,9,18,1,-9,46.0,69.0,13.0,3.0,5.0,-2.0,LEV,13,NRG,11,1,0.36,0.207,0.567
Pearl,Victor,NRG,Viper,1.23,217.0,18,13,2,5,79.0,157.0,24.0,2.0,0.0,2.0,LEV,13,NRG,11,0,0.742,0.393,1.135
Pearl,FiNESSE,NRG,Skye,0.97,187.0,15,15,8,0,79.0,123.0,26.0,1.0,1.0,0.0,LEV,13,NRG,11,0,0.577,0.395,0.972
Pearl,s0m,NRG,Harbor,0.9,179.0,15,17,8,-2,79.0,114.0,36.0,2.0,6.0,-4.0,LEV,13,NRG,11,0,0.557,0.357,0.914
Pearl,ardiis,NRG,Raze,0.88,186.0,14,16,1,-2,67.0,136.0,13.0,5.0,2.0,3.0,LEV,13,NRG,11,0,0.55,0.322,0.872
Pearl,crashies,NRG,Killjoy,0.64,157.0,13,17,2,-4,67.0,102.0,15.0,3.0,3.0,0.0,LEV,13,NRG,11,0,0.458,0.275,0.733
Lotus,nzr,LEV,Skye,1.49,215.0,16,7,10,9,94.0,111.0,18.0,3.0,0.0,3.0,LEV,13,NRG,4,1,0.734,0.515,1.249
Lotus,Tacolilla,LEV,Jett,1.49,280.0,19,9,4,10,94.0,141.0,18.0,4.0,0.0,4.0,LEV,13,NRG,4,1,0.798,0.459,1.257
Lotus,kiNgg,LEV,Viper,1.47,233.0,16,7,7,9,88.0,147.0,17.0,0.0,1.0,-1.0,LEV,13,NRG,4,1,0.734,0.443,1.177
Lotus,Mazino,LEV,Omen,1.03,217.0,12,12,9,0,88.0,143.0,15.0,5.0,2.0,3.0,LEV,13,NRG,4,1,0.61,0.44,1.05
Lotus,Shyy,LEV,Killjoy,0.88,171.0,9,12,6,-3,76.0,140.0,19.0,2.0,0.0,2.0,LEV,13,NRG,4,1,0.503,0.385,0.888
Lotus,Victor,NRG,Killjoy,1.25,283.0,18,14,0,4,71.0,162.0,31.0,1.0,2.0,-1.0,LEV,13,NRG,4,0,0.759,0.338,1.096
Lotus,s0m,NRG,Omen,0.89,223.0,13,15,6,-2,71.0,153.0,30.0,1.0,4.0,-3.0,LEV,13,NRG,4,0,0.572,0.32,0.892
Lotus,FiNESSE,NRG,Breach,0.69,126.0,6,13,4,-7,53.0,94.0,23.0,0.0,1.0,-1.0,LEV,13,NRG,4,0,0.383,0.269,0.652
Lotus,crashies,NRG,Skye,0.58,109.0,4,14,9,-10,59.0,83.0,18.0,1.0,3.0,-2.0,LEV,13,NRG,4,0,0.349,0.305,0.654
Lotus,ardiis,NRG,Raze,0.47,145.0,6,16,7,-10,76.0,116.0,15.0,0.0,4.0,-4.0,LEV,13,NRG,4,0,0.373,0.297,0.67
Split,leaf,C9,Skye,1.64,305.0,21,11,11,10,80.0,170.0,22.0,5.0,1.0,4.0,C9,13,LOUD,7,1,0.837,0.482,1.319
Split,jakee,C9,Astra,1.33,239.0,18,13,10,5,90.0,148.0,27.0,3.0,2.0,1.0,C9,13,LOUD,7,1,0.777,0.462,1.239
Split,Zellsis,C9,Killjoy,1.18,207.0,17,11,2,6,75.0,123.0,17.0,1.0,1.0,0.0,C9,13,LOUD,7,1,0.68,0.355,1.034
Split,runi,C9,Breach,1.03,179.0,13,12,14,1,90.0,118.0,39.0,1.0,1.0,0.0,C9,13,LOUD,7,1,0.598,0.431,1.029
Split,Xeppaa,C9,Raze,0.8,208.0,13,15,3,-2,60.0,134.0,19.0,4.0,1.0,3.0,C9,13,LOUD,7,1,0.557,0.311,0.868
Split,tuyz,LOUD,Astra,1.15,211.0,15,15,8,0,80.0,159.0,35.0,1.0,1.0,0.0,C9,13,LOUD,7,0,0.642,0.416,1.058
Split,aspas,LOUD,Jett,0.95,222.0,14,17,3,-3,60.0,141.0,17.0,4.0,2.0,2.0,C9,13,LOUD,7,0,0.571,0.313,0.884
Split,Less,LOUD,Viper,0.9,217.0,14,17,4,-3,60.0,144.0,29.0,0.0,2.0,-2.0,C9,13,LOUD,7,0,0.552,0.285,0.837
Split,cauanzin,LOUD,Skye,0.73,144.0,9,15,6,-6,50.0,107.0,25.0,1.0,6.0,-5.0,C9,13,LOUD,7,0,0.417,0.268,0.685
Split,saadhak,LOUD,Gekko,0.59,157.0,10,18,9,-8,75.0,116.0,24.0,0.0,3.0,-3.0,C9,13,LOUD,7,0,0.417,0.328,0.745
Ascent,leaf,C9,Jett,1.18,247.0,19,17,6,2,67.0,158.0,19.0,4.0,4.0,0.0,C9,8,LOUD,13,0,0.719,0.366,1.085
Ascent,Xeppaa,C9,Kayo,1.03,189.0,13,18,10,-5,71.0,119.0,14.0,0.0,0.0,0.0,C9,8,LOUD,13,0,0.479,0.408,0.887
Ascent,jakee,C9,Omen,0.67,148.0,10,18,11,-8,67.0,95.0,34.0,3.0,1.0,2.0,C9,8,LOUD,13,0,0.45,0.372,0.822
Ascent,runi,C9,Sova,0.63,159.0,10,18,6,-8,52.0,108.0,22.0,2.0,3.0,-1.0,C9,8,LOUD,13,0,0.429,0.274,0.703
Ascent,Zellsis,C9,Killjoy,0.59,154.0,11,18,3,-7,57.0,113.0,16.0,1.0,3.0,-2.0,C9,8,LOUD,13,0,0.406,0.236,0.642
Ascent,saadhak,LOUD,Kayo,1.41,285.0,20,13,17,7,81.0,182.0,26.0,2.0,2.0,0.0,C9,8,LOUD,13,1,0.822,0.447,1.269
Ascent,Less,LOUD,Killjoy,1.26,268.0,23,14,5,9,81.0,181.0,20.0,2.0,2.0,0.0,C9,8,LOUD,13,1,0.794,0.386,1.18
Ascent,cauanzin,LOUD,Sova,1.25,237.0,17,12,10,5,81.0,154.0,14.0,4.0,0.0,4.0,C9,8,LOUD,13,1,0.747,0.47,1.217
Ascent,aspas,LOUD,Jett,1.12,205.0,16,13,4,3,71.0,130.0,24.0,3.0,4.0,-1.0,C9,8,LOUD,13,1,0.683,0.335,1.018
Ascent,tuyz,LOUD,Omen,0.98,173.0,13,11,12,2,95.0,106.0,29.0,0.0,2.0,-2.0,C9,8,LOUD,13,1,0.585,0.408,0.993
Pearl,runi,C9,Sage,1.37,269.0,19,15,1,4,80.0,169.0,29.0,2.0,0.0,2.0,C9,7,LOUD,13,0,0.786,0.41,1.196
Pearl,Xeppaa,C9,Skye,0.93,178.0,14,16,4,-2,75.0,116.0,30.0,0.0,0.0,0.0,C9,7,LOUD,13,0,0.534,0.349,0.883
Pearl,Zellsis,C9,Phoenix,0.6,143.0,8,16,4,-8,55.0,113.0,15.0,3.0,6.0,-3.0,C9,7,LOUD,13,0,0.416,0.24,0.656
Pearl,leaf,C9,Killjoy,0.56,127.0,6,17,6,-11,45.0,95.0,15.0,1.0,4.0,-3.0,C9,7,LOUD,13,0,0.358,0.242,0.6
Pearl,jakee,C9,Astra,0.42,108.0,6,17,2,-11,45.0,71.0,32.0,2.0,2.0,0.0,C9,7,LOUD,13,0,0.365,0.222,0.587
Pearl,Less,LOUD,Viper,1.59,291.0,21,10,4,11,80.0,200.0,37.0,5.0,3.0,2.0,C9,7,LOUD,13,1,0.87,0.413,1.283
Pearl,aspas,LOUD,Jett,1.43,257.0,19,10,2,9,70.0,190.0,21.0,2.0,2.0,0.0,C9,7,LOUD,13,1,0.805,0.364,1.168
Pearl,tuyz,LOUD,Harbor,1.14,172.0,12,9,7,3,80.0,120.0,20.0,1.0,1.0,0.0,C9,7,LOUD,13,1,0.609,0.404,1.012
Pearl,saadhak,LOUD,Killjoy,1.07,193.0,11,10,6,1,75.0,143.0,15.0,1.0,1.0,0.0,C9,7,LOUD,13,1,0.583,0.377,0.96
Pearl,cauanzin,LOUD,Skye,0.93,227.0,18,14,3,4,70.0,152.0,34.0,3.0,1.0,2.0,C9,7,LOUD,13,1,0.725,0.337,1.062
Pearl,kiNgg,LEV,Viper,1.76,262.0,26,9,7,17,88.0,174.0,22.0,4.0,1.0,3.0,LEV,13,FUR,11,1,0.826,0.473,1.3
Pearl,Tacolilla,LEV,Jett,1.22,235.0,19,16,8,3,79.0,146.0,25.0,5.0,4.0,1.0,LEV,13,FUR,11,1,0.734,0.421,1.155
Pearl,nzr,LEV,Skye,1.09,168.0,13,13,11,0,83.0,102.0,22.0,1.0,3.0,-2.0,LEV,13,FUR,11,1,0.552,0.399,0.951
Pearl,Shyy,LEV,Killjoy,0.93,178.0,15,16,8,-1,79.0,140.0,12.0,1.0,1.0,0.0,LEV,13,FUR,11,1,0.542,0.391,0.933
Pearl,Mazino,LEV,Harbor,0.82,193.0,15,20,13,-5,63.0,132.0,28.0,2.0,2.0,0.0,LEV,13,FUR,11,1,0.513,0.354,0.867
Pearl,dgzin,FUR,Neon,1.23,286.0,23,18,5,5,75.0,186.0,27.0,5.0,6.0,-1.0,LEV,13,FUR,11,0,0.827,0.365,1.192
Pearl,qck,FUR,Harbor,1.03,229.0,19,18,7,1,79.0,141.0,35.0,3.0,3.0,0.0,LEV,13,FUR,11,0,0.69,0.381,1.071
Pearl,Khalil,FUR,Viper,0.94,186.0,14,16,4,-2,79.0,128.0,28.0,1.0,1.0,0.0,LEV,13,FUR,11,0,0.545,0.347,0.892
Pearl,mazin,FUR,Breach,0.65,126.0,10,18,7,-8,75.0,86.0,24.0,1.0,1.0,0.0,LEV,13,FUR,11,0,0.389,0.343,0.732
Pearl,mwzera,FUR,Skye,0.46,106.0,8,18,7,-10,67.0,69.0,15.0,1.0,2.0,-1.0,LEV,13,FUR,11,0,0.328,0.295,0.623
Icebox,nzr,LEV,Sova,0.95,179.0,9,11,5,-2,67.0,135.0,33.0,0.0,0.0,0.0,LEV,5,FUR,13,0,0.53,0.349,0.879
Icebox,Shyy,LEV,Killjoy,0.8,160.0,10,14,3,-4,67.0,106.0,25.0,1.0,2.0,-1.0,LEV,5,FUR,13,0,0.451,0.283,0.734
Icebox,kiNgg,LEV,Viper,0.76,188.0,10,14,7,-4,67.0,123.0,26.0,3.0,3.0,0.0,LEV,5,FUR,13,0,0.502,0.332,0.835
Icebox,Mazino,LEV,Harbor,0.73,190.0,11,14,3,-3,61.0,118.0,22.0,2.0,1.0,1.0,LEV,5,FUR,13,0,0.496,0.292,0.788
Icebox,Tacolilla,LEV,Jett,0.56,140.0,9,14,2,-5,50.0,108.0,21.0,1.0,5.0,-4.0,LEV,5,FUR,13,0,0.392,0.216,0.608
Icebox,Khalil,FUR,Killjoy,1.59,249.0,17,8,2,9,89.0,165.0,22.0,1.0,1.0,0.0,LEV,5,FUR,13,1,0.766,0.409,1.175
Icebox,dgzin,FUR,Jett,1.46,253.0,17,10,3,7,83.0,164.0,26.0,3.0,2.0,1.0,LEV,5,FUR,13,1,0.802,0.397,1.199
Icebox,mazin,FUR,Viper,1.31,234.0,15,9,11,6,89.0,160.0,22.0,2.0,2.0,0.0,LEV,5,FUR,13,1,0.744,0.45,1.194
Icebox,mwzera,FUR,Sova,0.96,166.0,11,10,5,1,78.0,111.0,10.0,1.0,2.0,-1.0,LEV,5,FUR,13,1,0.528,0.341,0.869
Icebox,qck,FUR,Sage,0.72,110.0,7,12,5,-5,78.0,65.0,25.0,4.0,0.0,4.0,LEV,5,FUR,13,1,0.393,0.364,0.757
Ascent,Shyy,LEV,Killjoy,1.24,266.0,21,17,3,4,74.0,173.0,20.0,1.0,0.0,1.0,LEV,10,FUR,13,0,0.755,0.377,1.133
Ascent,nzr,LEV,Sova,1.01,144.0,12,14,8,-2,74.0,100.0,20.0,2.0,0.0,2.0,LEV,10,FUR,13,0,0.508,0.417,0.926
Ascent,Mazino,LEV,Omen,0.9,225.0,16,17,9,-1,65.0,150.0,18.0,4.0,2.0,2.0,LEV,10,FUR,13,0,0.613,0.383,0.997
Ascent,kiNgg,LEV,Kayo,0.81,169.0,15,17,6,-2,78.0,106.0,32.0,2.0,3.0,-1.0,LEV,10,FUR,13,0,0.533,0.336,0.869
Ascent,Tacolilla,LEV,Jett,0.63,167.0,12,20,6,-8,61.0,105.0,10.0,4.0,5.0,-1.0,LEV,10,FUR,13,0,0.434,0.289,0.723
Ascent,Khalil,FUR,Omen,1.75,283.0,25,11,7,14,87.0,172.0,30.0,1.0,0.0,1.0,LEV,10,FUR,13,1,0.816,0.468,1.284
Ascent,dgzin,FUR,Jett,1.14,262.0,22,19,2,3,70.0,160.0,18.0,5.0,5.0,0.0,LEV,10,FUR,13,1,0.746,0.333,1.079
Ascent,mwzera,FUR,Sova,1.11,166.0,13,11,9,2,83.0,111.0,32.0,0.0,1.0,-1.0,LEV,10,FUR,13,1,0.602,0.419,1.022
Ascent,qck,FUR,Killjoy,1.01,205.0,17,15,2,2,74.0,138.0,29.0,2.0,1.0,1.0,LEV,10,FUR,13,1,0.658,0.344,1.002
Ascent,mazin,FUR,Kayo,0.46,122.0,8,20,16,-12,65.0,76.0,18.0,2.0,6.0,-4.0,LEV,10,FUR,13,1,0.36,0.301,0.661
Lotus,Victor,NRG,Jett,1.46,282.0,22,16,6,6,74.0,187.0,18.0,6.0,2.0,4.0,NRG,13,SEN,10,1,0.837,0.429,1.266
Lotus,s0m,NRG,Omen,1.24,239.0,21,13,13,8,87.0,147.0,28.0,4.0,1.0,3.0,NRG,13,SEN,10,1,0.781,0.47,1.251
Lotus,ardiis,NRG,Killjoy,1.13,162.0,14,11,5,3,83.0,128.0,30.0,4.0,0.0,4.0,NRG,13,SEN,10,1,0.661,0.416,1.077
Lotus,crashies,NRG,Viper,0.91,151.0,13,13,3,0,74.0,114.0,22.0,3.0,0.0,3.0,NRG,13,SEN,10,1,0.563,0.355,0.918
Lotus,FiNESSE,NRG,Skye,0.87,145.0,12,12,13,0,70.0,110.0,25.0,1.0,2.0,-1.0,NRG,13,SEN,10,1,0.523,0.363,0.885
Lotus,zekken,SEN,Skye,1.44,275.0,22,16,6,6,78.0,171.0,34.0,0.0,1.0,-1.0,NRG,13,SEN,10,0,0.813,0.412,1.225
Lotus,pANcada,SEN,Killjoy,0.82,139.0,11,15,2,-4,57.0,99.0,29.0,0.0,2.0,-2.0,NRG,13,SEN,10,0,0.448,0.26,0.708
Lotus,Sacy,SEN,Viper,0.78,149.0,11,15,5,-4,70.0,102.0,22.0,1.0,2.0,-1.0,NRG,13,SEN,10,0,0.441,0.308,0.749
Lotus,dephh,SEN,Harbor,0.59,173.0,13,20,6,-7,70.0,118.0,19.0,2.0,6.0,-4.0,NRG,13,SEN,10,0,0.447,0.287,0.734
Lotus,TenZ,SEN,Jett,0.46,111.0,8,16,5,-8,57.0,76.0,11.0,2.0,7.0,-5.0,NRG,13,SEN,10,0,0.342,0.243,0.585
Icebox,s0m,NRG,Viper,2.03,294.0,19,6,6,13,93.0,183.0,37.0,3.0,0.0,3.0,NRG,13,SEN,2,1,0.855,0.48,1.335
Icebox,crashies,NRG,Sova,1.77,328.0,19,8,6,11,87.0,191.0,16.0,1.0,0.0,1.0,NRG,13,SEN,2,1,0.802,0.457,1.259
Icebox,ardiis,NRG,Sage,1.16,224.0,13,9,8,4,93.0,138.0,15.0,3.0,1.0,2.0,NRG,13,SEN,2,1,0.689,0.456,1.145
Icebox,FiNESSE,NRG,Killjoy,1.13,207.0,14,8,0,6,80.0,118.0,14.0,1.0,3.0,-2.0,NRG,13,SEN,2,1,0.652,0.331,0.984
Icebox,Victor,NRG,Kayo,0.81,183.0,7,11,15,-4,87.0,127.0,12.0,2.0,1.0,1.0,NRG,13,SEN,2,1,0.457,0.411,0.868
Icebox,pANcada,SEN,Killjoy,1.25,277.0,13,13,2,0,67.0,204.0,33.0,2.0,0.0,2.0,NRG,13,SEN,2,0,0.709,0.375,1.084
Icebox,zekken,SEN,Sova,0.8,245.0,12,15,2,-3,67.0,163.0,38.0,1.0,1.0,0.0,NRG,13,SEN,2,0,0.569,0.301,0.87
Icebox,Sacy,SEN,Viper,0.53,161.0,8,15,1,-7,47.0,98.0,50.0,1.0,0.0,1.0,NRG,13,SEN,2,0,0.422,0.257,0.678
Icebox,TenZ,SEN,Jett,0.35,113.0,5,14,2,-9,47.0,96.0,22.0,1.0,8.0,-7.0,NRG,13,SEN,2,0,0.356,0.204,0.56
Icebox,dephh,SEN,Harbor,0.24,85.0,4,15,2,-11,60.0,74.0,17.0,0.0,1.0,-1.0,NRG,13,SEN,2,0,0.325,0.248,0.573
Ascent,heat,MIBR,Jett,1.16,248.0,20,15,1,5,68.0,140.0,24.0,6.0,3.0,3.0,MIBR,9,KRU,13,0,0.763,0.353,1.116
Ascent,RgLMeister,MIBR,Omen,1.05,176.0,14,14,11,0,68.0,108.0,20.0,1.0,1.0,0.0,MIBR,9,KRU,13,0,0.557,0.396,0.954
Ascent,jzz,MIBR,Sova,1.02,206.0,18,15,5,3,82.0,116.0,18.0,3.0,1.0,2.0,MIBR,9,KRU,13,0,0.664,0.389,1.053
Ascent,frz,MIBR,Killjoy,0.91,208.0,15,18,6,-3,68.0,135.0,25.0,1.0,1.0,0.0,MIBR,9,KRU,13,0,0.542,0.348,0.89
Ascent,murizzz,MIBR,Kayo,0.61,177.0,11,18,15,-7,73.0,114.0,20.0,2.0,3.0,-1.0,MIBR,9,KRU,13,0,0.441,0.34,0.781
Ascent,DaveeyS,KRÜ,Kayo,1.69,313.0,26,15,11,11,82.0,194.0,25.0,1.0,2.0,-1.0,MIBR,9,KRU,13,0,0.825,0.446,1.271
Ascent,Melser,KRÜ,Omen,1.09,251.0,17,19,16,-2,77.0,162.0,25.0,3.0,1.0,2.0,MIBR,9,KRU,13,0,0.654,0.433,1.087
Ascent,NagZ,KRÜ,Killjoy,1.0,133.0,10,10,5,0,73.0,94.0,23.0,1.0,1.0,0.0,MIBR,9,KRU,13,0,0.508,0.355,0.863
Ascent,Klaus,KRÜ,Sova,0.89,163.0,13,16,8,-3,73.0,111.0,25.0,0.0,2.0,-2.0,MIBR,9,KRU,13,0,0.494,0.35,0.844
Ascent,keznit,KRÜ,Jett,0.62,170.0,13,18,4,-5,55.0,106.0,26.0,4.0,7.0,-3.0,MIBR,9,KRU,13,0,0.466,0.242,0.709
Lotus,jzz,MIBR,Skye,1.49,295.0,28,17,9,11,83.0,174.0,33.0,5.0,1.0,4.0,MIBR,13,KRU,11,1,0.854,0.487,1.342
Lotus,heat,MIBR,Raze,1.15,247.0,20,17,7,3,79.0,166.0,24.0,4.0,3.0,1.0,MIBR,13,KRU,11,1,0.748,0.402,1.151
Lotus,murizzz,MIBR,Viper,1.11,214.0,15,16,13,-1,71.0,169.0,20.0,3.0,2.0,1.0,MIBR,13,KRU,11,1,0.641,0.407,1.048
Lotus,frz,MIBR,Killjoy,1.04,190.0,17,14,2,3,88.0,132.0,26.0,0.0,2.0,-2.0,MIBR,13,KRU,11,1,0.646,0.335,0.981
Lotus,RgLMeister,MIBR,Omen,0.57,117.0,10,16,12,-6,79.0,70.0,16.0,2.0,2.0,0.0,MIBR,13,KRU,11,1,0.368,0.355,0.723
Lotus,NagZ,KRÜ,Killjoy,1.12,218.0,18,17,5,1,67.0,140.0,15.0,3.0,0.0,3.0,MIBR,13,KRU,11,0,0.661,0.388,1.049
Lotus,Melser,KRÜ,Omen,1.05,213.0,20,17,2,3,63.0,133.0,42.0,1.0,4.0,-3.0,MIBR,13,KRU,11,0,0.691,0.29,0.982
Lotus,keznit,KRÜ,Raze,0.97,231.0,18,19,8,-1,79.0,176.0,20.0,3.0,4.0,-1.0,MIBR,13,KRU,11,0,0.653,0.377,1.03
Lotus,DaveeyS,KRÜ,Skye,0.97,164.0,13,18,17,-5,71.0,94.0,27.0,0.0,2.0,-2.0,MIBR,13,KRU,11,0,0.464,0.366,0.831
Lotus,Klaus,KRÜ,Gekko,0.63,148.0,11,19,3,-8,79.0,96.0,24.0,3.0,4.0,-1.0,MIBR,13,KRU,11,0,0.438,0.285,0.724
Pearl,murizzz,MIBR,Viper,1.37,265.0,24,15,9,9,69.0,165.0,36.0,2.0,1.0,1.0,MIBR,14,KRU,12,1,0.814,0.441,1.255
Pearl,heat,MIBR,Jett,1.27,263.0,23,16,3,7,65.0,162.0,26.0,5.0,4.0,1.0,MIBR,14,KRU,12,1,0.803,0.347,1.15
Pearl,jzz,MIBR,Skye,1.13,197.0,18,17,17,1,81.0,116.0,22.0,2.0,3.0,-1.0,MIBR,14,KRU,12,1,0.632,0.409,1.041
Pearl,RgLMeister,MIBR,Harbor,0.94,156.0,14,15,8,-1,73.0,101.0,22.0,2.0,4.0,-2.0,MIBR,14,KRU,12,1,0.534,0.355,0.89
Pearl,frz,MIBR,Killjoy,0.71,186.0,16,17,4,-1,65.0,129.0,25.0,1.0,2.0,-1.0,MIBR,14,KRU,12,1,0.541,0.282,0.823
Pearl,keznit,KRÜ,Jett,1.39,293.0,27,18,2,9,62.0,197.0,33.0,7.0,5.0,2.0,MIBR,14,KRU,12,0,0.856,0.363,1.22
Pearl,NagZ,KRÜ,Killjoy,0.96,209.0,17,19,6,-2,58.0,147.0,11.0,2.0,2.0,0.0,MIBR,14,KRU,12,0,0.572,0.327,0.899
Pearl,Melser,KRÜ,Viper,0.83,153.0,13,17,6,-4,65.0,96.0,34.0,1.0,1.0,0.0,MIBR,14,KRU,12,0,0.469,0.334,0.803
Pearl,DaveeyS,KRÜ,Harbor,0.81,175.0,15,21,8,-6,62.0,103.0,19.0,3.0,1.0,2.0,MIBR,14,KRU,12,0,0.486,0.367,0.853
Pearl,Klaus,KRÜ,Skye,0.6,118.0,8,20,16,-12,62.0,77.0,17.0,1.0,3.0,-2.0,MIBR,14,KRU,12,0,0.354,0.312,0.666
Haven,BcJ,EG,Omen,1.08,188.0,14,15,9,-1,77.0,118.0,27.0,1.0,2.0,-1.0,EG,9,100T,13,0,0.568,0.397,0.964
Haven,Boostio,EG,Killjoy,0.79,195.0,15,18,2,-3,59.0,126.0,27.0,5.0,2.0,3.0,EG,9,100T,13,0,0.55,0.299,0.849
Haven,Ethan,EG,Breach,0.75,185.0,14,20,5,-6,68.0,126.0,26.0,0.0,0.0,0.0,EG,9,100T,13,0,0.475,0.329,0.804
Haven,jawgemo,EG,Jett,0.71,185.0,14,19,3,-5,64.0,118.0,29.0,3.0,7.0,-4.0,EG,9,100T,13,0,0.5,0.256,0.755
Haven,C0M,EG,Sova,0.53,96.0,7,17,5,-10,64.0,74.0,29.0,0.0,2.0,-2.0,EG,9,100T,13,0,0.347,0.263,0.61
Haven,Cryocells,100T,Jett,1.49,284.0,23,13,4,10,77.0,172.0,18.0,4.0,3.0,1.0,EG,9,100T,13,1,0.83,0.399,1.229
Haven,stellar,100T,Killjoy,1.41,270.0,21,14,2,7,82.0,186.0,24.0,5.0,0.0,5.0,EG,9,100T,13,1,0.835,0.422,1.256
Haven,bang,100T,Omen,1.24,203.0,16,12,11,4,77.0,128.0,23.0,2.0,3.0,-1.0,EG,9,100T,13,1,0.692,0.414,1.106
Haven,Derrek,100T,Sova,1.12,207.0,15,11,9,4,73.0,144.0,27.0,0.0,0.0,0.0,EG,9,100T,13,1,0.678,0.421,1.099
Haven,Asuna,100T,Gekko,0.88,165.0,14,14,8,0,64.0,101.0,15.0,2.0,3.0,-1.0,EG,9,100T,13,1,0.536,0.343,0.879
Icebox,Ethan,EG,Skye,1.31,275.0,17,13,7,4,72.0,155.0,25.0,3.0,2.0,1.0,EG,5,100T,13,0,0.774,0.408,1.182
Icebox,Boostio,EG,Killjoy,1.04,235.0,15,15,3,0,67.0,150.0,29.0,3.0,0.0,3.0,EG,5,100T,13,0,0.659,0.357,1.016
Icebox,Demon1,EG,Jett,0.99,227.0,14,15,2,-1,67.0,159.0,22.0,4.0,3.0,1.0,EG,5,100T,13,0,0.627,0.321,0.947
Icebox,C0M,EG,Viper,0.35,74.0,3,14,10,-11,61.0,61.0,25.0,0.0,1.0,-1.0,EG,5,100T,13,0,0.331,0.317,0.647
Icebox,jawgemo,EG,Harbor,0.34,100.0,5,15,6,-10,56.0,72.0,8.0,0.0,2.0,-2.0,EG,5,100T,13,0,0.308,0.257,0.565
Icebox,bang,100T,Viper,1.87,373.0,25,10,5,15,89.0,252.0,33.0,3.0,1.0,2.0,EG,5,100T,13,1,0.865,0.449,1.313
Icebox,Derrek,100T,Sova,1.35,232.0,15,11,7,4,72.0,155.0,18.0,0.0,1.0,-1.0,EG,5,100T,13,1,0.708,0.404,1.112
Icebox,stellar,100T,Killjoy,1.3,215.0,16,10,4,6,83.0,140.0,13.0,0.0,3.0,-3.0,EG,5,100T,13,1,0.696,0.361,1.057
Icebox,Asuna,100T,Sage,1.21,173.0,11,9,11,2,89.0,114.0,20.0,3.0,2.0,1.0,EG,5,100T,13,1,0.623,0.448,1.071
Icebox,Cryocells,100T,Omen,0.57,116.0,5,14,11,-9,72.0,76.0,19.0,2.0,3.0,-1.0,EG,5,100T,13,1,0.363,0.334,0.697
Lotus,Zellsis,C9,Killjoy,1.43,233.0,17,9,5,8,85.0,144.0,13.0,2.0,1.0,1.0,C9,13,100T,7,1,0.74,0.429,1.169
Lotus,runi,C9,Viper,1.41,200.0,17,10,6,7,90.0,156.0,26.0,1.0,0.0,1.0,C9,13,100T,7,1,0.736,0.456,1.191
Lotus,jakee,C9,Omen,1.31,238.0,16,12,17,4,80.0,144.0,34.0,4.0,3.0,1.0,C9,13,100T,7,1,0.756,0.443,1.199
Lotus,leaf,C9,Neon,1.08,235.0,17,13,3,4,75.0,155.0,25.0,5.0,2.0,3.0,C9,13,100T,7,1,0.731,0.356,1.087
Lotus,Xeppaa,C9,Skye,1.01,151.0,11,11,11,0,80.0,101.0,27.0,1.0,1.0,0.0,C9,13,100T,7,1,0.533,0.412,0.945
Lotus,Derrek,100T,Skye,0.91,204.0,14,15,1,-1,65.0,134.0,34.0,2.0,2.0,0.0,C9,13,100T,7,0,0.591,0.3,0.892
Lotus,bang,100T,Omen,0.82,172.0,12,16,4,-4,60.0,109.0,35.0,1.0,1.0,0.0,C9,13,100T,7,0,0.482,0.303,0.785
Lotus,stellar,100T,Killjoy,0.77,160.0,10,15,3,-5,60.0,114.0,19.0,1.0,2.0,-1.0,C9,13,100T,7,0,0.429,0.268,0.697
Lotus,Asuna,100T,Breach,0.67,153.0,9,17,6,-8,60.0,99.0,27.0,1.0,1.0,0.0,C9,13,100T,7,0,0.412,0.309,0.721
Lotus,Cryocells,100T,Jett,0.65,154.0,10,15,3,-5,65.0,110.0,13.0,2.0,7.0,-5.0,C9,13,100T,7,0,0.415,0.251,0.666
Ascent,leaf,C9,Jett,1.27,293.0,26,21,6,5,77.0,197.0,18.0,9.0,3.0,6.0,C9,14,100T,12,1,0.823,0.413,1.236
Ascent,Xeppaa,C9,Kayo,1.18,266.0,24,21,16,3,77.0,182.0,29.0,1.0,2.0,-1.0,C9,14,100T,12,1,0.752,0.407,1.16
Ascent,Zellsis,C9,Killjoy,0.94,148.0,15,15,3,0,62.0,113.0,14.0,0.0,1.0,-1.0,C9,14,100T,12,1,0.53,0.299,0.829
Ascent,runi,C9,Sova,0.81,150.0,16,20,2,-4,77.0,106.0,32.0,6.0,1.0,5.0,C9,14,100T,12,1,0.513,0.34,0.854
Ascent,jakee,C9,Omen,0.71,152.0,14,21,12,-7,73.0,116.0,15.0,2.0,1.0,1.0,C9,14,100T,12,1,0.447,0.377,0.824
Ascent,Asuna,100T,Kayo,1.25,254.0,22,19,12,3,77.0,166.0,29.0,2.0,5.0,-3.0,C9,14,100T,12,0,0.758,0.402,1.16
Ascent,Derrek,100T,Sova,1.24,251.0,23,18,9,5,77.0,158.0,30.0,1.0,2.0,-1.0,C9,14,100T,12,0,0.767,0.414,1.181
Ascent,Cryocells,100T,Jett,1.0,185.0,17,19,6,-2,69.0,123.0,16.0,2.0,5.0,-3.0,C9,14,100T,12,0,0.558,0.328,0.887
Ascent,stellar,100T,Viper,0.95,197.0,19,18,9,1,62.0,136.0,25.0,1.0,4.0,-3.0,C9,14,100T,12,0,0.62,0.345,0.965
Ascent,bang,100T,Omen,0.85,200.0,17,21,11,-4,81.0,122.0,27.0,2.0,2.0,0.0,C9,14,100T,12,0,0.535,0.388,0.923
Icebox,s0m,NRG,Viper,1.22,232.0,19,15,5,4,78.0,139.0,27.0,1.0,1.0,0.0,NRG,10,MIBR,13,0,0.715,0.386,1.102
Icebox,Victor,NRG,Kayo,0.89,192.0,16,19,16,-3,78.0,107.0,26.0,1.0,5.0,-4.0,NRG,10,MIBR,13,0,0.52,0.365,0.885
Icebox,crashies,NRG,Sova,0.84,162.0,12,17,8,-5,57.0,115.0,16.0,1.0,1.0,0.0,NRG,10,MIBR,13,0,0.442,0.344,0.787
Icebox,ardiis,NRG,Sage,0.83,174.0,14,16,5,-2,70.0,114.0,26.0,2.0,4.0,-2.0,NRG,10,MIBR,13,0,0.53,0.305,0.836
Icebox,FiNESSE,NRG,Killjoy,0.62,186.0,13,20,3,-7,61.0,128.0,10.0,3.0,4.0,-1.0,NRG,10,MIBR,13,0,0.462,0.254,0.716
Icebox,heat,MIBR,Jett,1.36,245.0,19,13,5,6,74.0,156.0,26.0,7.0,6.0,1.0,NRG,10,MIBR,13,1,0.791,0.394,1.185
Icebox,murizzz,MIBR,Viper,1.32,243.0,19,13,7,6,83.0,180.0,36.0,3.0,1.0,2.0,NRG,10,MIBR,13,1,0.814,0.445,1.259
Icebox,RgLMeister,MIBR,Harbor,1.13,209.0,18,16,9,2,74.0,135.0,24.0,1.0,0.0,1.0,NRG,10,MIBR,13,1,0.653,0.433,1.086
Icebox,jzz,MIBR,Sova,1.13,210.0,20,14,2,6,78.0,130.0,38.0,3.0,0.0,3.0,NRG,10,MIBR,13,1,0.752,0.385,1.137
Icebox,frz,MIBR,Killjoy,0.58,136.0,11,18,4,-7,70.0,89.0,36.0,1.0,1.0,0.0,NRG,10,MIBR,13,1,0.408,0.294,0.702
Pearl,crashies,NRG,Killjoy,1.15,233.0,24,22,4,2,73.0,152.0,20.0,3.0,2.0,1.0,NRG,16,MIBR,14,1,0.716,0.359,1.075
Pearl,Victor,NRG,Viper,1.05,176.0,17,19,17,-2,77.0,113.0,17.0,2.0,4.0,-2.0,NRG,16,MIBR,14,1,0.554,0.385,0.939
Pearl,ardiis,NRG,Raze,0.99,236.0,23,24,5,-1,67.0,155.0,13.0,7.0,3.0,4.0,NRG,16,MIBR,14,1,0.646,0.356,1.001
Pearl,s0m,NRG,Harbor,0.99,193.0,22,22,10,0,77.0,114.0,19.0,4.0,3.0,1.0,NRG,16,MIBR,14,1,0.623,0.404,1.028
Pearl,FiNESSE,NRG,Skye,0.69,159.0,13,26,16,-13,73.0,115.0,16.0,1.0,1.0,0.0,NRG,16,MIBR,14,1,0.429,0.366,0.796
Pearl,jzz,MIBR,Skye,1.53,303.0,30,20,23,10,90.0,188.0,27.0,4.0,1.0,3.0,NRG,16,MIBR,14,0,0.856,0.499,1.355
Pearl,murizzz,MIBR,Viper,1.13,205.0,24,19,6,5,77.0,142.0,35.0,0.0,5.0,-5.0,NRG,16,MIBR,14,0,0.729,0.356,1.084
Pearl,frz,MIBR,Killjoy,1.08,203.0,21,18,7,3,80.0,145.0,31.0,4.0,2.0,2.0,NRG,16,MIBR,14,0,0.72,0.405,1.125
Pearl,RgLMeister,MIBR,Harbor,0.99,188.0,19,19,14,0,77.0,127.0,24.0,0.0,0.0,0.0,NRG,16,MIBR,14,0,0.598,0.414,1.012
Pearl,heat,MIBR,Jett,0.65,173.0,19,23,1,-4,53.0,118.0,27.0,5.0,9.0,-4.0,NRG,16,MIBR,14,0,0.523,0.231,0.754
Split,Victor,NRG,Raze,1.22,309.0,30,24,8,6,83.0,194.0,15.0,12.0,6.0,6.0,NRG,14,MIBR,16,0,0.813,0.441,1.253
Split,crashies,NRG,Skye,1.07,222.0,24,22,14,2,80.0,133.0,34.0,2.0,1.0,1.0,NRG,14,MIBR,16,0,0.693,0.427,1.121
Split,s0m,NRG,Astra,1.0,182.0,22,21,10,1,83.0,110.0,18.0,0.0,0.0,0.0,NRG,14,MIBR,16,0,0.6,0.425,1.025
Split,ardiis,NRG,Killjoy,0.77,192.0,19,22,4,-3,63.0,125.0,22.0,3.0,2.0,1.0,NRG,14,MIBR,16,0,0.557,0.302,0.859
Split,FiNESSE,NRG,Breach,0.54,142.0,12,23,11,-11,73.0,98.0,16.0,3.0,1.0,2.0,NRG,14,MIBR,16,0,0.42,0.368,0.787
Split,frz,MIBR,Killjoy,1.43,263.0,27,20,8,7,83.0,183.0,33.0,2.0,1.0,1.0,NRG,14,MIBR,16,1,0.828,0.459,1.287
Split,RgLMeister,MIBR,Astra,1.26,232.0,24,20,11,4,80.0,146.0,32.0,3.0,2.0,1.0,NRG,14,MIBR,16,1,0.77,0.438,1.208
Split,murizzz,MIBR,Viper,1.06,215.0,24,23,4,1,67.0,141.0,25.0,3.0,5.0,-2.0,NRG,14,MIBR,16,1,0.683,0.313,0.996
Split,heat,MIBR,Raze,0.85,198.0,22,23,5,-1,63.0,137.0,25.0,2.0,6.0,-4.0,NRG,14,MIBR,16,1,0.605,0.291,0.896
Split,jzz,MIBR,Skye,0.73,134.0,15,21,5,-6,63.0,85.0,40.0,0.0,6.0,-6.0,NRG,14,MIBR,16,1,0.443,0.279,0.722
Split,kiNgg,LEV,Viper,1.24,248.0,21,16,13,5,77.0,151.0,26.0,2.0,1.0,1.0,LEV,14,SEN,12,1,0.771,0.44,1.211
Split,Mazino,LEV,Astra,1.13,225.0,21,18,11,3,88.0,157.0,30.0,0.0,2.0,-2.0,LEV,14,SEN,12,1,0.712,0.412,1.124
Split,Shyy,LEV,Skye,0.94,165.0,15,16,12,-1,77.0,97.0,19.0,2.0,2.0,0.0,LEV,14,SEN,12,1,0.536,0.39,0.927
Split,nzr,LEV,Raze,0.88,185.0,15,16,5,-1,81.0,134.0,19.0,2.0,5.0,-3.0,LEV,14,SEN,12,1,0.564,0.325,0.888
Split,Tacolilla,LEV,Jett,0.83,177.0,15,17,5,-2,62.0,110.0,27.0,6.0,4.0,2.0,LEV,14,SEN,12,1,0.55,0.326,0.876
Split,zekken,SEN,Raze,1.27,261.0,21,18,6,3,73.0,174.0,24.0,7.0,3.0,4.0,LEV,14,SEN,12,0,0.778,0.407,1.184
Split,pANcada,SEN,Astra,1.12,183.0,17,14,10,3,81.0,117.0,22.0,1.0,2.0,-1.0,LEV,14,SEN,12,0,0.636,0.408,1.043
Split,TenZ,SEN,Sage,1.01,199.0,18,18,5,0,65.0,136.0,28.0,1.0,3.0,-2.0,LEV,14,SEN,12,0,0.612,0.316,0.928
Split,dephh,SEN,Skye,0.88,178.0,16,19,8,-3,73.0,124.0,20.0,1.0,2.0,-1.0,LEV,14,SEN,12,0,0.515,0.358,0.872
Split,Sacy,SEN,Viper,0.74,141.0,11,18,6,-7,69.0,100.0,25.0,4.0,2.0,2.0,LEV,14,SEN,12,0,0.451,0.34,0.79
Ascent,nzr,LEV,Sova,1.24,238.0,21,14,8,7,79.0,172.0,25.0,1.0,0.0,1.0,LEV,11,SEN,13,0,0.763,0.442,1.205
Ascent,kiNgg,LEV,Kayo,1.05,185.0,13,15,19,-2,88.0,122.0,27.0,0.0,2.0,-2.0,LEV,11,SEN,13,0,0.546,0.403,0.949
Ascent,Tacolilla,LEV,Jett,0.91,210.0,18,20,5,-2,58.0,134.0,20.0,5.0,5.0,0.0,LEV,11,SEN,13,0,0.594,0.311,0.905
Ascent,Mazino,LEV,Omen,0.91,181.0,18,19,9,-1,75.0,95.0,22.0,5.0,2.0,3.0,LEV,11,SEN,13,0,0.573,0.405,0.978
Ascent,Shyy,LEV,Killjoy,0.72,156.0,12,18,3,-6,54.0,123.0,23.0,1.0,3.0,-2.0,LEV,11,SEN,13,0,0.443,0.244,0.687
Ascent,zekken,SEN,Sova,1.78,336.0,29,15,9,14,88.0,212.0,24.0,2.0,2.0,0.0,LEV,11,SEN,13,1,0.838,0.465,1.303
Ascent,Sacy,SEN,Omen,1.06,216.0,18,16,9,2,67.0,126.0,33.0,3.0,2.0,1.0,LEV,11,SEN,13,1,0.685,0.395,1.08
Ascent,pANcada,SEN,Killjoy,1.04,207.0,18,17,6,1,88.0,133.0,18.0,2.0,1.0,1.0,LEV,11,SEN,13,1,0.633,0.404,1.036
Ascent,dephh,SEN,Kayo,0.8,154.0,12,16,14,-4,75.0,94.0,27.0,3.0,1.0,2.0,LEV,11,SEN,13,1,0.482,0.399,0.88
Ascent,TenZ,SEN,Jett,0.59,130.0,9,18,7,-9,63.0,98.0,26.0,2.0,6.0,-4.0,LEV,11,SEN,13,1,0.405,0.286,0.692
Pearl,Mazino,LEV,Harbor,1.69,314.0,22,10,5,12,76.0,183.0,29.0,6.0,1.0,5.0,LEV,13,SEN,4,1,0.855,0.431,1.286
Pearl,Shyy,LEV,Killjoy,1.41,210.0,15,8,0,7,76.0,142.0,29.0,1.0,1.0,0.0,LEV,13,SEN,4,1,0.726,0.381,1.107
Pearl,kiNgg,LEV,Viper,1.11,174.0,9,9,10,0,76.0,121.0,23.0,1.0,1.0,0.0,LEV,13,SEN,4,1,0.553,0.416,0.969
Pearl,Tacolilla,LEV,Jett,1.04,258.0,15,13,2,2,65.0,153.0,16.0,5.0,1.0,4.0,LEV,13,SEN,4,1,0.683,0.345,1.028
Pearl,nzr,LEV,Skye,0.84,134.0,6,10,12,-4,88.0,89.0,14.0,0.0,0.0,0.0,LEV,13,SEN,4,1,0.4,0.417,0.817
Pearl,dephh,SEN,Kayo,1.31,275.0,16,14,6,2,71.0,181.0,27.0,1.0,0.0,1.0,LEV,13,SEN,4,0,0.729,0.413,1.143
Pearl,zekken,SEN,Sova,1.0,218.0,11,13,8,-2,65.0,158.0,26.0,0.0,1.0,-1.0,LEV,13,SEN,4,0,0.57,0.366,0.936
Pearl,pANcada,SEN,Astra,0.79,146.0,8,12,6,-4,65.0,101.0,47.0,1.0,3.0,-2.0,LEV,13,SEN,4,0,0.456,0.304,0.76
Pearl,TenZ,SEN,Jett,0.48,118.0,8,13,2,-5,47.0,76.0,27.0,2.0,4.0,-2.0,LEV,13,SEN,4,0,0.371,0.208,0.58
Pearl,Sacy,SEN,Viper,0.39,119.0,7,15,3,-8,41.0,71.0,35.0,0.0,5.0,-5.0,LEV,13,SEN,4,0,0.359,0.194,0.553
Pearl,jawgemo,EG,Harbor,1.14,240.0,22,18,12,4,79.0,146.0,22.0,2.0,3.0,-1.0,EG,13,KRU,11,1,0.732,0.406,1.139
Pearl,Ethan,EG,Skye,1.14,203.0,16,15,12,1,67.0,135.0,20.0,2.0,2.0,0.0,EG,13,KRU,11,1,0.637,0.395,1.032
Pearl,Boostio,EG,Astra,1.07,203.0,18,17,10,1,63.0,128.0,39.0,2.0,4.0,-2.0,EG,13,KRU,11,1,0.658,0.364,1.022
Pearl,C0M,EG,Gekko,0.91,172.0,12,17,9,-5,79.0,130.0,19.0,1.0,5.0,-4.0,EG,13,KRU,11,1,0.469,0.369,0.838
Pearl,Demon1,EG,Killjoy,0.8,168.0,13,18,5,-5,75.0,120.0,22.0,1.0,2.0,-1.0,EG,13,KRU,11,1,0.458,0.319,0.777
Pearl,Klaus,KRÜ,Skye,1.22,216.0,19,14,13,5,83.0,125.0,15.0,3.0,2.0,1.0,EG,13,KRU,11,0,0.725,0.439,1.164
Pearl,keznit,KRÜ,Jett,1.1,259.0,22,18,6,4,75.0,171.0,25.0,6.0,3.0,3.0,EG,13,KRU,11,0,0.773,0.392,1.165
Pearl,NagZ,KRÜ,Killjoy,1.08,205.0,15,16,6,-1,79.0,159.0,18.0,3.0,0.0,3.0,EG,13,KRU,11,0,0.624,0.415,1.039
Pearl,DaveeyS,KRÜ,Harbor,0.89,173.0,17,16,7,1,75.0,107.0,17.0,3.0,2.0,1.0,EG,13,KRU,11,0,0.592,0.368,0.96
Pearl,Melser,KRÜ,Viper,0.81,156.0,12,17,9,-5,75.0,111.0,24.0,1.0,1.0,0.0,EG,13,KRU,11,0,0.446,0.383,0.828
Ascent,Demon1,EG,Jett,1.31,257.0,22,17,2,5,67.0,161.0,27.0,6.0,2.0,4.0,EG,11,KRU,13,0,0.805,0.367,1.173
Ascent,Boostio,EG,Killjoy,1.23,263.0,22,17,4,5,67.0,177.0,23.0,2.0,1.0,1.0,EG,11,KRU,13,0,0.79,0.367,1.156
Ascent,C0M,EG,Sova,1.14,217.0,18,15,6,3,79.0,134.0,33.0,2.0,2.0,0.0,EG,11,KRU,13,0,0.699,0.382,1.081
Ascent,Ethan,EG,Kayo,0.8,146.0,10,16,16,-6,75.0,111.0,21.0,1.0,3.0,-2.0,EG,11,KRU,13,0,0.426,0.355,0.781
Ascent,jawgemo,EG,Omen,0.69,133.0,10,17,9,-7,71.0,92.0,22.0,1.0,4.0,-3.0,EG,11,KRU,13,0,0.398,0.332,0.73
Ascent,Melser,KRÜ,Omen,1.32,241.0,20,15,12,5,83.0,160.0,27.0,2.0,1.0,1.0,EG,11,KRU,13,0,0.779,0.459,1.237
Ascent,NagZ,KRÜ,Killjoy,1.21,255.0,20,16,7,4,75.0,175.0,23.0,4.0,2.0,2.0,EG,11,KRU,13,0,0.778,0.411,1.189
Ascent,keznit,KRÜ,Jett,0.97,219.0,18,18,5,0,71.0,137.0,27.0,4.0,4.0,0.0,EG,11,KRU,13,0,0.647,0.339,0.986
Ascent,DaveeyS,KRÜ,Kayo,0.94,132.0,11,14,15,-3,79.0,84.0,19.0,2.0,3.0,-1.0,EG,11,KRU,13,0,0.463,0.385,0.849
Ascent,Klaus,KRÜ,Sova,0.68,150.0,13,19,7,-6,50.0,84.0,16.0,0.0,2.0,-2.0,EG,11,KRU,13,0,0.404,0.278,0.682
Fracture,C0M,EG,Sova,1.57,288.0,22,11,8,11,90.0,171.0,14.0,3.0,0.0,3.0,EG,13,KRU,7,1,0.824,0.497,1.321
Fracture,Demon1,EG,Brimstone,1.42,209.0,17,8,8,9,95.0,132.0,23.0,2.0,0.0,2.0,EG,13,KRU,7,1,0.736,0.496,1.232
Fracture,jawgemo,EG,Raze,1.21,245.0,18,13,8,5,85.0,152.0,9.0,2.0,3.0,-1.0,EG,13,KRU,7,1,0.724,0.413,1.137
Fracture,Ethan,EG,Breach,1.03,177.0,11,12,10,-1,95.0,120.0,16.0,4.0,1.0,3.0,EG,13,KRU,7,1,0.558,0.461,1.019
Fracture,Boostio,EG,Killjoy,1.0,199.0,14,13,5,1,80.0,137.0,17.0,2.0,3.0,-1.0,EG,13,KRU,7,1,0.607,0.349,0.956
Fracture,Klaus,KRÜ,Fade,1.08,207.0,15,15,10,0,80.0,129.0,10.0,1.0,2.0,-1.0,EG,13,KRU,7,0,0.576,0.402,0.977
Fracture,NagZ,KRÜ,Cypher,0.97,212.0,16,17,2,-1,70.0,133.0,17.0,2.0,1.0,1.0,EG,13,KRU,7,0,0.587,0.333,0.92
Fracture,Melser,KRÜ,Brimstone,0.82,152.0,11,16,3,-5,55.0,84.0,23.0,3.0,1.0,2.0,EG,13,KRU,7,0,0.451,0.3,0.752
Fracture,DaveeyS,KRÜ,Breach,0.56,112.0,7,16,7,-9,65.0,67.0,9.0,0.0,2.0,-2.0,EG,13,KRU,7,0,0.32,0.291,0.611
Fracture,keznit,KRÜ,Raze,0.39,145.0,8,18,6,-10,55.0,105.0,17.0,1.0,7.0,-6.0,EG,13,KRU,7,0,0.374,0.251,0.625
Split,cauanzin,LOUD,Skye,1.58,250.0,21,11,10,10,82.0,164.0,28.0,2.0,1.0,1.0,LOUD,13,FUR,9,1,0.807,0.473,1.28
Split,aspas,LOUD,Jett,1.54,273.0,22,11,3,11,95.0,166.0,30.0,4.0,0.0,4.0,LOUD,13,FUR,9,1,0.837,0.45,1.287
Split,Less,LOUD,Viper,1.08,244.0,19,15,6,4,77.0,153.0,31.0,4.0,2.0,2.0,LOUD,13,FUR,9,1,0.75,0.389,1.139
Split,tuyz,LOUD,Astra,0.87,169.0,14,15,11,-1,95.0,112.0,25.0,1.0,2.0,-1.0,LOUD,13,FUR,9,1,0.53,0.404,0.934
Split,saadhak,LOUD,Raze,0.56,156.0,11,18,4,-7,68.0,96.0,22.0,1.0,5.0,-4.0,LOUD,13,FUR,9,1,0.402,0.258,0.66
Split,mazin,FUR,Skye,1.3,225.0,17,14,6,3,73.0,147.0,29.0,2.0,0.0,2.0,LOUD,13,FUR,9,0,0.719,0.424,1.143
Split,qck,FUR,Viper,1.05,215.0,18,16,7,2,68.0,124.0,28.0,0.0,1.0,-1.0,LOUD,13,FUR,9,0,0.646,0.365,1.011
Split,dgzin,FUR,Chamber,0.75,173.0,13,18,3,-5,68.0,118.0,38.0,3.0,2.0,1.0,LOUD,13,FUR,9,0,0.504,0.297,0.801
Split,Khalil,FUR,Astra,0.73,134.0,10,17,6,-7,50.0,90.0,27.0,1.0,2.0,-1.0,LOUD,13,FUR,9,0,0.408,0.281,0.689
Split,mwzera,FUR,Raze,0.57,193.0,12,22,9,-10,68.0,128.0,20.0,4.0,7.0,-3.0,LOUD,13,FUR,9,0,0.473,0.315,0.788
Icebox,aspas,LOUD,Jett,1.89,416.0,26,10,3,16,94.0,248.0,19.0,7.0,0.0,7.0,LOUD,13,FUR,4,1,0.846,0.448,1.294
Icebox,tuyz,LOUD,Harbor,1.44,221.0,15,7,2,8,82.0,137.0,43.0,1.0,0.0,1.0,LOUD,13,FUR,4,1,0.747,0.412,1.159
Icebox,Less,LOUD,Viper,0.98,181.0,11,9,7,2,82.0,119.0,20.0,3.0,1.0,2.0,LOUD,13,FUR,4,1,0.606,0.407,1.013
Icebox,saadhak,LOUD,Killjoy,0.75,124.0,6,9,4,-3,71.0,94.0,11.0,1.0,2.0,-1.0,LOUD,13,FUR,4,1,0.398,0.296,0.694
Icebox,cauanzin,LOUD,Sova,0.65,135.0,10,12,5,-2,94.0,75.0,33.0,1.0,1.0,0.0,LOUD,13,FUR,4,1,0.443,0.353,0.795
Icebox,Khalil,FUR,Killjoy,1.2,228.0,14,12,2,2,65.0,129.0,20.0,0.0,2.0,-2.0,LOUD,13,FUR,4,0,0.642,0.314,0.956
Icebox,dgzin,FUR,Jett,0.99,244.0,14,17,4,-3,53.0,147.0,19.0,3.0,1.0,2.0,LOUD,13,FUR,4,0,0.593,0.326,0.919
Icebox,mazin,FUR,Viper,0.73,139.0,8,13,3,-5,53.0,106.0,36.0,0.0,4.0,-4.0,LOUD,13,FUR,4,0,0.423,0.24,0.662
Icebox,mwzera,FUR,Sova,0.53,116.0,7,14,3,-7,53.0,104.0,26.0,1.0,3.0,-2.0,LOUD,13,FUR,4,0,0.372,0.223,0.595
Icebox,qck,FUR,Sage,0.45,96.0,4,12,2,-8,59.0,76.0,16.0,0.0,3.0,-3.0,LOUD,13,FUR,4,0,0.325,0.224,0.549
Pearl,saadhak,LOUD,Killjoy,1.01,188.0,12,14,2,-2,68.0,138.0,30.0,3.0,3.0,0.0,LOUD,6,SEN,13,0,0.583,0.316,0.899
Pearl,Less,LOUD,Viper,0.92,215.0,14,14,5,0,68.0,135.0,34.0,3.0,2.0,1.0,LOUD,6,SEN,13,0,0.629,0.337,0.966
Pearl,cauanzin,LOUD,Skye,0.83,202.0,13,16,7,-3,63.0,121.0,17.0,2.0,0.0,2.0,LOUD,6,SEN,13,0,0.516,0.369,0.884
Pearl,aspas,LOUD,Jett,0.66,153.0,11,16,0,-5,63.0,104.0,45.0,1.0,3.0,-2.0,LOUD,6,SEN,13,0,0.444,0.253,0.697
Pearl,tuyz,LOUD,Harbor,0.63,140.0,8,17,14,-9,58.0,73.0,12.0,0.0,2.0,-2.0,LOUD,6,SEN,13,0,0.356,0.309,0.665
Pearl,Sacy,SEN,Skye,1.45,283.0,20,13,11,7,84.0,165.0,35.0,2.0,1.0,1.0,LOUD,6,SEN,13,1,0.826,0.474,1.3
Pearl,pANcada,SEN,Killjoy,1.31,189.0,13,8,7,5,79.0,132.0,17.0,1.0,0.0,1.0,LOUD,6,SEN,13,1,0.672,0.438,1.11
Pearl,zekken,SEN,Jett,1.23,247.0,15,13,6,2,68.0,175.0,39.0,4.0,2.0,2.0,LOUD,6,SEN,13,1,0.743,0.39,1.133
Pearl,dephh,SEN,Harbor,1.07,191.0,15,13,7,2,79.0,111.0,21.0,1.0,0.0,1.0,LOUD,6,SEN,13,1,0.605,0.412,1.017
Pearl,Marved,SEN,Viper,1.01,200.0,14,11,5,3,63.0,123.0,22.0,2.0,6.0,-4.0,LOUD,6,SEN,13,1,0.637,0.308,0.946
Haven,aspas,LOUD,Jett,1.6,301.0,28,13,2,15,75.0,183.0,27.0,5.0,1.0,4.0,LOUD,13,SEN,11,1,0.852,0.407,1.26
Haven,Less,LOUD,Killjoy,1.02,211.0,16,16,6,0,71.0,147.0,22.0,4.0,3.0,1.0,LOUD,13,SEN,11,1,0.639,0.364,1.003
Haven,cauanzin,LOUD,Skye,0.86,220.0,19,20,13,-1,83.0,119.0,25.0,3.0,2.0,1.0,LOUD,13,SEN,11,1,0.611,0.401,1.011
Haven,tuyz,LOUD,Harbor,0.73,109.0,10,16,9,-6,79.0,81.0,27.0,1.0,2.0,-1.0,LOUD,13,SEN,11,1,0.39,0.363,0.753
Haven,saadhak,LOUD,Viper,0.65,121.0,9,16,10,-7,71.0,86.0,29.0,0.0,3.0,-3.0,LOUD,13,SEN,11,1,0.389,0.328,0.717
Haven,Sacy,SEN,Sova,1.57,276.0,23,14,9,9,88.0,188.0,39.0,1.0,2.0,-1.0,LOUD,13,SEN,11,0,0.834,0.456,1.29
Haven,zekken,SEN,Jett,1.19,259.0,23,18,3,5,79.0,159.0,20.0,5.0,3.0,2.0,LOUD,13,SEN,11,0,0.782,0.371,1.153
Haven,Marved,SEN,Astra,1.17,229.0,18,16,6,2,67.0,146.0,39.0,4.0,3.0,1.0,LOUD,13,SEN,11,0,0.723,0.373,1.096
Haven,pANcada,SEN,Killjoy,0.86,142.0,12,14,3,-2,79.0,113.0,18.0,1.0,2.0,-1.0,LOUD,13,SEN,11,0,0.482,0.31,0.791
Haven,dephh,SEN,Breach,0.29,65.0,5,20,8,-15,50.0,46.0,26.0,0.0,3.0,-3.0,LOUD,13,SEN,11,0,0.332,0.265,0.597
Ascent,aspas,LOUD,Jett,1.8,332.0,25,10,4,15,81.0,218.0,29.0,3.0,1.0,2.0,LOUD,13,SEN,8,1,0.86,0.424,1.284
Ascent,cauanzin,LOUD,Sova,1.45,278.0,23,12,6,11,100.0,162.0,14.0,4.0,0.0,4.0,LOUD,13,SEN,8,1,0.811,0.49,1.301
Ascent,saadhak,LOUD,Kayo,1.02,212.0,16,15,13,1,76.0,119.0,20.0,1.0,4.0,-3.0,LOUD,13,SEN,8,1,0.603,0.376,0.978
Ascent,tuyz,LOUD,Omen,0.93,129.0,11,11,11,0,81.0,76.0,23.0,1.0,2.0,-1.0,LOUD,13,SEN,8,1,0.492,0.387,0.879
Ascent,Less,LOUD,Killjoy,0.83,130.0,8,11,5,-3,76.0,88.0,10.0,2.0,3.0,-1.0,LOUD,13,SEN,8,1,0.423,0.324,0.747
Ascent,Marved,SEN,Omen,1.37,269.0,19,17,5,2,71.0,184.0,29.0,3.0,1.0,2.0,LOUD,13,SEN,8,0,0.781,0.408,1.189
Ascent,Sacy,SEN,Sova,0.94,215.0,15,17,6,-2,67.0,142.0,22.0,1.0,1.0,0.0,LOUD,13,SEN,8,0,0.564,0.349,0.914
Ascent,pANcada,SEN,Killjoy,0.74,164.0,11,16,4,-5,48.0,112.0,14.0,2.0,2.0,0.0,LOUD,13,SEN,8,0,0.437,0.265,0.702
Ascent,zekken,SEN,Jett,0.55,127.0,8,16,3,-8,48.0,98.0,16.0,3.0,5.0,-2.0,LOUD,13,SEN,8,0,0.395,0.216,0.611
Ascent,dephh,SEN,Kayo,0.35,82.0,6,17,7,-11,52.0,40.0,21.0,1.0,2.0,-1.0,LOUD,13,SEN,8,0,0.325,0.27,0.595
Pearl,nzr,LEV,Skye,1.54,233.0,17,6,9,11,88.0,139.0,21.0,2.0,0.0,2.0,LEV,13,MIBR,4,1,0.755,0.501,1.256
Pearl,Mazino,LEV,Harbor,1.43,228.0,13,10,13,3,88.0,150.0,29.0,3.0,2.0,1.0,LEV,13,MIBR,4,1,0.733,0.469,1.202
Pearl,Shyy,LEV,Killjoy,1.43,292.0,17,9,3,8,71.0,188.0,18.0,4.0,1.0,3.0,LEV,13,MIBR,4,1,0.82,0.396,1.216
Pearl,Tacolilla,LEV,Jett,1.28,166.0,10,6,3,4,88.0,94.0,12.0,1.0,2.0,-1.0,LEV,13,MIBR,4,1,0.596,0.369,0.965
Pearl,kiNgg,LEV,Viper,1.12,249.0,14,11,8,3,88.0,156.0,27.0,1.0,1.0,0.0,LEV,13,MIBR,4,1,0.686,0.426,1.112
Pearl,heat,MIBR,Jett,0.99,201.0,12,13,1,-1,71.0,143.0,38.0,1.0,2.0,-1.0,LEV,13,MIBR,4,0,0.585,0.31,0.895
Pearl,frz,MIBR,Killjoy,0.93,223.0,13,14,2,-1,82.0,143.0,23.0,0.0,1.0,-1.0,LEV,13,MIBR,4,0,0.575,0.331,0.906
Pearl,RgLMeister,MIBR,Harbor,0.6,118.0,7,14,4,-7,82.0,91.0,21.0,2.0,1.0,1.0,LEV,13,MIBR,4,0,0.38,0.325,0.705
Pearl,murizzz,MIBR,Viper,0.57,122.0,6,14,3,-8,47.0,80.0,12.0,2.0,4.0,-2.0,LEV,13,MIBR,4,0,0.356,0.217,0.573
Pearl,jzz,MIBR,Skye,0.24,102.0,4,16,6,-12,59.0,75.0,12.0,1.0,3.0,-2.0,LEV,13,MIBR,4,0,0.32,0.262,0.582
Icebox,nzr,LEV,Sova,1.69,251.0,16,5,7,11,94.0,156.0,22.0,0.0,1.0,-1.0,LEV,13,MIBR,3,1,0.756,0.453,1.21
Icebox,Tacolilla,LEV,Jett,1.62,266.0,15,5,4,10,88.0,179.0,20.0,5.0,2.0,3.0,LEV,13,MIBR,3,1,0.801,0.431,1.232
Icebox,kiNgg,LEV,Viper,1.36,225.0,13,7,7,6,88.0,145.0,33.0,0.0,3.0,-3.0,LEV,13,MIBR,3,1,0.726,0.41,1.135
Icebox,Mazino,LEV,Harbor,1.16,190.0,11,9,7,2,88.0,119.0,13.0,4.0,1.0,3.0,LEV,13,MIBR,3,1,0.617,0.441,1.058
Icebox,Shyy,LEV,Killjoy,1.04,199.0,12,10,2,2,81.0,119.0,16.0,0.0,0.0,0.0,LEV,13,MIBR,3,1,0.589,0.359,0.948
Icebox,frz,MIBR,Killjoy,0.77,179.0,10,13,0,-3,50.0,132.0,36.0,3.0,2.0,1.0,LEV,13,MIBR,3,0,0.532,0.269,0.801
Icebox,heat,MIBR,Jett,0.76,175.0,8,13,1,-5,56.0,122.0,24.0,3.0,1.0,2.0,LEV,13,MIBR,3,0,0.469,0.296,0.764
Icebox,RgLMeister,MIBR,Harbor,0.69,175.0,8,14,4,-6,63.0,117.0,25.0,0.0,2.0,-2.0,LEV,13,MIBR,3,0,0.429,0.267,0.697
Icebox,jzz,MIBR,Sova,0.61,116.0,6,13,1,-7,50.0,86.0,29.0,0.0,1.0,-1.0,LEV,13,MIBR,3,0,0.373,0.244,0.617
Icebox,murizzz,MIBR,Viper,0.17,99.0,4,15,4,-11,50.0,69.0,28.0,1.0,3.0,-2.0,LEV,13,MIBR,3,0,0.339,0.225,0.564
Ascent,Melser,KRÜ,Omen,1.77,311.0,21,9,10,12,82.0,210.0,53.0,4.0,2.0,2.0,KRU,13,100T,4,0,0.886,0.472,1.358
Ascent,keznit,KRÜ,Jett,1.49,342.0,23,10,2,13,88.0,211.0,21.0,4.0,3.0,1.0,KRU,13,100T,4,0,0.849,0.407,1.256
Ascent,DaveeyS,KRÜ,Kayo,1.45,220.0,14,8,12,6,88.0,126.0,23.0,2.0,1.0,1.0,KRU,13,100T,4,0,0.727,0.481,1.208
Ascent,NagZ,KRÜ,Killjoy,1.1,158.0,10,6,3,4,82.0,107.0,15.0,0.0,0.0,0.0,KRU,13,100T,4,0,0.587,0.367,0.954
Ascent,Klaus,KRÜ,Sova,0.84,169.0,9,10,9,-1,94.0,115.0,24.0,0.0,1.0,-1.0,KRU,13,100T,4,0,0.504,0.409,0.913
Ascent,stellar,100T,Viper,0.85,184.0,10,16,2,-6,41.0,137.0,42.0,2.0,1.0,1.0,KRU,13,100T,4,0,0.508,0.272,0.78
Ascent,bang,100T,Omen,0.78,165.0,8,14,6,-6,53.0,105.0,35.0,2.0,2.0,0.0,KRU,13,100T,4,0,0.454,0.3,0.754
Ascent,Asuna,100T,Kayo,0.77,180.0,10,15,2,-5,65.0,131.0,20.0,2.0,1.0,1.0,KRU,13,100T,4,0,0.466,0.303,0.769
Ascent,Cryocells,100T,Jett,0.67,184.0,10,16,4,-6,53.0,115.0,9.0,1.0,5.0,-4.0,KRU,13,100T,4,0,0.412,0.244,0.656
Ascent,Derrek,100T,Sova,0.43,83.0,5,16,3,-11,41.0,73.0,37.0,0.0,1.0,-1.0,KRU,13,100T,4,0,0.352,0.216,0.568
Split,keznit,KRÜ,Jett,1.15,245.0,20,19,6,1,75.0,168.0,29.0,4.0,4.0,0.0,KRU,11,100T,13,0,0.725,0.376,1.101
Split,NagZ,KRÜ,Viper,1.15,224.0,18,15,13,3,83.0,143.0,24.0,3.0,1.0,2.0,KRU,11,100T,13,0,0.713,0.449,1.162
Split,Melser,KRÜ,Astra,1.15,201.0,17,16,10,1,96.0,150.0,24.0,1.0,1.0,0.0,KRU,11,100T,13,0,0.642,0.454,1.096
Split,Klaus,KRÜ,Skye,1.14,255.0,22,18,19,4,83.0,141.0,20.0,1.0,1.0,0.0,KRU,11,100T,13,0,0.718,0.431,1.149
Split,DaveeyS,KRÜ,Raze,0.56,144.0,10,18,8,-8,63.0,109.0,14.0,2.0,6.0,-4.0,KRU,11,100T,13,0,0.402,0.294,0.696
Split,Asuna,100T,Raze,1.45,339.0,27,20,11,7,71.0,221.0,13.0,7.0,4.0,3.0,KRU,11,100T,13,1,0.833,0.456,1.289
Split,Cryocells,100T,Sage,1.25,179.0,17,15,9,2,67.0,139.0,28.0,1.0,3.0,-2.0,KRU,11,100T,13,1,0.655,0.389,1.045
Split,Derrek,100T,Skye,1.0,172.0,13,17,10,-4,71.0,123.0,35.0,1.0,0.0,1.0,KRU,11,100T,13,1,0.515,0.414,0.929
Split,bang,100T,Astra,0.95,202.0,18,18,6,0,83.0,135.0,29.0,3.0,3.0,0.0,KRU,11,100T,13,1,0.638,0.368,1.006
Split,stellar,100T,Cypher,0.79,151.0,11,17,8,-6,79.0,100.0,18.0,1.0,1.0,0.0,KRU,11,100T,13,1,0.42,0.376,0.796
Fracture,Klaus,KRÜ,Fade,1.13,236.0,17,14,2,3,72.0,157.0,38.0,1.0,0.0,1.0,KRU,5,100T,13,0,0.709,0.362,1.071
Fracture,Melser,KRÜ,Brimstone,0.86,167.0,11,15,9,-4,72.0,109.0,46.0,1.0,1.0,0.0,KRU,5,100T,13,0,0.491,0.383,0.874
Fracture,NagZ,KRÜ,Cypher,0.77,164.0,9,14,6,-5,67.0,111.0,22.0,1.0,1.0,0.0,KRU,5,100T,13,0,0.429,0.331,0.76
Fracture,keznit,KRÜ,Raze,0.73,212.0,12,15,3,-3,50.0,143.0,30.0,4.0,9.0,-5.0,KRU,5,100T,13,0,0.553,0.235,0.788
Fracture,DaveeyS,KRÜ,Breach,0.36,80.0,4,15,8,-11,50.0,51.0,4.0,0.0,0.0,0.0,KRU,5,100T,13,0,0.297,0.305,0.602
Fracture,Cryocells,100T,Jett,1.79,342.0,20,9,6,11,100.0,222.0,17.0,7.0,0.0,7.0,KRU,5,100T,13,1,0.838,0.492,1.33
Fracture,bang,100T,Brimstone,1.31,260.0,18,11,6,7,83.0,153.0,21.0,1.0,3.0,-2.0,KRU,5,100T,13,1,0.749,0.389,1.139
Fracture,stellar,100T,Killjoy,1.16,180.0,13,10,2,3,78.0,112.0,20.0,1.0,0.0,1.0,KRU,5,100T,13,1,0.614,0.376,0.989
Fracture,Asuna,100T,Skye,1.12,220.0,14,12,6,2,72.0,137.0,11.0,2.0,3.0,-1.0,KRU,5,100T,13,1,0.634,0.359,0.993
Fracture,Derrek,100T,Breach,0.88,121.0,8,11,8,-3,78.0,98.0,38.0,0.0,1.0,-1.0,KRU,5,100T,13,1,0.457,0.375,0.832
Ascent,Boostio,EG,Killjoy,1.29,273.0,23,21,9,2,61.0,190.0,24.0,3.0,4.0,-1.0,EG,13,FUR,15,0,0.781,0.392,1.173
Ascent,Ethan,EG,Kayo,1.05,192.0,20,19,11,1,79.0,129.0,23.0,1.0,1.0,0.0,EG,13,FUR,15,0,0.626,0.415,1.04
Ascent,Demon1,EG,Jett,0.92,203.0,20,20,2,0,68.0,131.0,35.0,4.0,7.0,-3.0,EG,13,FUR,15,0,0.649,0.285,0.933
Ascent,jawgemo,EG,Omen,0.72,147.0,15,22,15,-7,71.0,88.0,27.0,1.0,5.0,-4.0,EG,13,FUR,15,0,0.435,0.336,0.77
Ascent,C0M,EG,Sova,0.72,163.0,14,22,12,-8,68.0,111.0,18.0,1.0,1.0,0.0,EG,13,FUR,15,0,0.44,0.361,0.801
Ascent,mwzera,FUR,Sova,1.49,266.0,26,17,9,9,89.0,192.0,19.0,2.0,1.0,1.0,EG,13,FUR,15,1,0.82,0.485,1.304
Ascent,mazin,FUR,Kayo,1.34,249.0,26,17,11,9,82.0,149.0,28.0,4.0,1.0,3.0,EG,13,FUR,15,1,0.798,0.472,1.27
Ascent,Khalil,FUR,Omen,0.93,160.0,15,17,8,-2,82.0,107.0,36.0,0.0,1.0,-1.0,EG,13,FUR,15,1,0.532,0.387,0.919
Ascent,qck,FUR,Killjoy,0.93,185.0,18,20,5,-2,64.0,139.0,27.0,2.0,1.0,1.0,EG,13,FUR,15,1,0.582,0.341,0.923
Ascent,dgzin,FUR,Jett,0.78,189.0,19,21,1,-2,68.0,108.0,22.0,10.0,6.0,4.0,EG,13,FUR,15,1,0.561,0.313,0.874
Fracture,Ethan,EG,Breach,1.5,266.0,21,11,11,10,90.0,153.0,22.0,3.0,1.0,2.0,EG,13,FUR,7,1,0.815,0.495,1.309
Fracture,Boostio,EG,Killjoy,1.42,320.0,22,14,6,8,85.0,212.0,21.0,5.0,2.0,3.0,EG,13,FUR,7,1,0.844,0.443,1.286
Fracture,jawgemo,EG,Raze,1.4,272.0,21,12,4,9,85.0,172.0,16.0,2.0,3.0,-1.0,EG,13,FUR,7,1,0.798,0.388,1.186
Fracture,C0M,EG,Sova,1.31,209.0,15,10,9,5,75.0,145.0,25.0,1.0,2.0,-1.0,EG,13,FUR,7,1,0.712,0.418,1.129
Fracture,Demon1,EG,Brimstone,0.56,93.0,6,12,4,-6,70.0,61.0,29.0,0.0,1.0,-1.0,EG,13,FUR,7,1,0.343,0.283,0.627
Fracture,qck,FUR,Killjoy,0.93,179.0,12,15,2,-3,60.0,143.0,17.0,1.0,2.0,-1.0,EG,13,FUR,7,0,0.51,0.285,0.795
Fracture,Khalil,FUR,Brimstone,0.8,157.0,12,15,4,-3,75.0,103.0,22.0,1.0,0.0,1.0,EG,13,FUR,7,0,0.467,0.344,0.811
Fracture,mazin,FUR,Breach,0.77,191.0,12,18,7,-6,60.0,127.0,22.0,1.0,1.0,0.0,EG,13,FUR,7,0,0.466,0.331,0.797
Fracture,dgzin,FUR,Neon,0.67,198.0,12,19,4,-7,55.0,133.0,24.0,4.0,4.0,0.0,EG,13,FUR,7,0,0.496,0.269,0.765
Fracture,mwzera,FUR,Fade,0.64,169.0,11,18,3,-7,55.0,103.0,16.0,2.0,4.0,-2.0,EG,13,FUR,7,0,0.427,0.238,0.665
Haven,Demon1,EG,Jett,0.97,220.0,17,18,1,-1,57.0,139.0,44.0,4.0,2.0,2.0,EG,10,FUR,13,0,0.649,0.31,0.959
Haven,Ethan,EG,Breach,0.93,208.0,15,19,11,-4,74.0,135.0,18.0,1.0,3.0,-2.0,EG,10,FUR,13,0,0.519,0.367,0.886
Haven,Boostio,EG,Killjoy,0.83,159.0,12,16,1,-4,61.0,108.0,15.0,0.0,4.0,-4.0,EG,10,FUR,13,0,0.448,0.264,0.712
Haven,jawgemo,EG,Omen,0.78,142.0,10,18,8,-8,57.0,95.0,16.0,0.0,1.0,-1.0,EG,10,FUR,13,0,0.404,0.33,0.733
Haven,C0M,EG,Sova,0.49,140.0,10,20,5,-10,57.0,90.0,10.0,3.0,5.0,-2.0,EG,10,FUR,13,0,0.387,0.247,0.635
Haven,mwzera,FUR,Skye,1.61,348.0,30,13,6,17,74.0,205.0,30.0,5.0,2.0,3.0,EG,10,FUR,13,1,0.861,0.43,1.291
Haven,dgzin,FUR,Jett,1.3,218.0,17,11,2,6,74.0,127.0,25.0,7.0,0.0,7.0,EG,10,FUR,13,1,0.742,0.397,1.139
Haven,qck,FUR,Killjoy,1.03,181.0,16,13,2,3,57.0,116.0,24.0,1.0,4.0,-3.0,EG,10,FUR,13,1,0.623,0.278,0.901
Haven,mazin,FUR,Breach,1.02,180.0,14,12,12,2,74.0,144.0,30.0,0.0,0.0,0.0,EG,10,FUR,13,1,0.623,0.412,1.036
Haven,Khalil,FUR,Omen,0.91,185.0,14,15,17,-1,78.0,117.0,24.0,2.0,2.0,0.0,EG,10,FUR,13,1,0.558,0.389,0.947
Haven,s0m,NRG,Astra,,,24,8,1,16,,,,,,,NRG,13,C9,8,1,,,
Haven,Victor,NRG,Killjoy,,,18,15,6,3,,,,,,,NRG,13,C9,8,1,,,
Haven,crashies,NRG,Sova,,,12,13,4,-1,,,,,,,NRG,13,C9,8,1,,,
Haven,ardiis,NRG,Jett,,,11,16,3,-5,,,,,,,NRG,13,C9,8,1,,,
Haven,FiNESSE,NRG,Breach,,,8,11,10,-3,,,,,,,NRG,13,C9,8,1,,,
Haven,leaf,C9,Jett,,,18,15,3,3,,,,,,,NRG,13,C9,8,0,,,
Haven,runi,C9,Sova,,,16,14,6,2,,,,,,,NRG,13,C9,8,0,,,
Haven,Xeppaa,C9,Breach,,,11,15,11,-4,,,,,,,NRG,13,C9,8,0,,,
Haven,Zellsis,C9,Killjoy,,,10,13,5,-3,,,,,,,NRG,13,C9,8,0,,,
Haven,jakee,C9,Omen,,,8,16,7,-8,,,,,,,NRG,13,C9,8,0,,,
Pearl,crashies,NRG,Killjoy,1.27,268.0,19,15,5,4,91.0,189.0,24.0,1.0,1.0,0.0,NRG,9,C9,13,0,0.767,0.413,1.18
Pearl,FiNESSE,NRG,Skye,0.81,189.0,16,18,4,-2,68.0,120.0,25.0,3.0,3.0,0.0,NRG,9,C9,13,0,0.562,0.306,0.868
Pearl,s0m,NRG,Harbor,0.77,152.0,13,16,2,-3,77.0,108.0,22.0,2.0,1.0,1.0,NRG,9,C9,13,0,0.484,0.323,0.808
Pearl,ardiis,NRG,Raze,0.75,196.0,12,17,11,-5,77.0,138.0,25.0,2.0,3.0,-1.0,NRG,9,C9,13,0,0.493,0.362,0.854
Pearl,Victor,NRG,Viper,0.62,140.0,10,17,3,-7,68.0,90.0,19.0,2.0,4.0,-2.0,NRG,9,C9,13,0,0.403,0.257,0.66
Pearl,Zellsis,C9,Harbor,1.33,217.0,19,12,5,7,82.0,136.0,31.0,2.0,0.0,2.0,NRG,9,C9,13,1,0.753,0.431,1.184
Pearl,jakee,C9,Viper,1.29,247.0,21,14,5,7,86.0,159.0,38.0,1.0,4.0,-3.0,NRG,9,C9,13,1,0.78,0.376,1.157
Pearl,leaf,C9,Jett,1.26,282.0,22,15,4,7,86.0,164.0,18.0,8.0,3.0,5.0,NRG,9,C9,13,1,0.801,0.405,1.206
Pearl,runi,C9,Killjoy,0.88,165.0,12,16,6,-4,86.0,131.0,19.0,0.0,1.0,-1.0,NRG,9,C9,13,1,0.478,0.366,0.844
Pearl,Xeppaa,C9,Skye,0.81,123.0,9,13,14,-4,82.0,85.0,34.0,1.0,2.0,-1.0,NRG,9,C9,13,1,0.427,0.376,0.803
Ascent,Victor,NRG,Jett,1.23,304.0,19,17,4,2,75.0,205.0,18.0,8.0,3.0,5.0,NRG,7,C9,13,0,0.765,0.384,1.148
Ascent,crashies,NRG,Sova,1.03,205.0,16,16,7,0,75.0,122.0,23.0,1.0,2.0,-1.0,NRG,7,C9,13,0,0.592,0.366,0.958
Ascent,FiNESSE,NRG,Kayo,0.74,150.0,9,16,10,-7,55.0,106.0,26.0,0.0,0.0,0.0,NRG,7,C9,13,0,0.421,0.351,0.772
Ascent,s0m,NRG,Omen,0.72,130.0,9,16,6,-7,75.0,75.0,23.0,3.0,1.0,2.0,NRG,7,C9,13,0,0.415,0.357,0.772
Ascent,ardiis,NRG,Killjoy,0.35,90.0,7,16,1,-9,50.0,65.0,9.0,0.0,2.0,-2.0,NRG,7,C9,13,0,0.304,0.213,0.518
Ascent,jakee,C9,Omen,1.81,318.0,24,10,11,14,75.0,210.0,32.0,1.0,2.0,-1.0,NRG,7,C9,13,1,0.834,0.435,1.268
Ascent,runi,C9,Viper,1.23,217.0,15,10,5,5,80.0,127.0,26.0,0.0,1.0,-1.0,NRG,7,C9,13,1,0.697,0.382,1.079
Ascent,Zellsis,C9,Killjoy,1.13,216.0,16,13,4,3,75.0,153.0,23.0,4.0,1.0,3.0,NRG,7,C9,13,1,0.703,0.382,1.085
Ascent,leaf,C9,Jett,1.04,218.0,15,13,5,2,70.0,152.0,32.0,2.0,6.0,-4.0,NRG,7,C9,13,1,0.671,0.323,0.994
Ascent,Xeppaa,C9,Skye,0.9,162.0,11,14,12,-3,80.0,103.0,30.0,1.0,2.0,-1.0,NRG,7,C9,13,1,0.486,0.383,0.869
Pearl,jzz,MIBR,Skye,1.39,253.0,15,12,9,3,78.0,171.0,34.0,3.0,2.0,1.0,MIBR,5,SEN,13,0,0.77,0.448,1.218
Pearl,heat,MIBR,Jett,1.12,258.0,16,15,3,1,67.0,141.0,38.0,2.0,2.0,0.0,MIBR,5,SEN,13,0,0.688,0.326,1.014
Pearl,RgLMeister,MIBR,Harbor,0.92,177.0,12,13,6,-1,61.0,120.0,18.0,0.0,2.0,-2.0,MIBR,5,SEN,13,0,0.524,0.311,0.835
Pearl,frz,MIBR,Killjoy,0.77,163.0,8,13,8,-5,72.0,125.0,22.0,2.0,0.0,2.0,MIBR,5,SEN,13,0,0.448,0.389,0.836
Pearl,murizzz,MIBR,Viper,0.44,110.0,6,15,6,-9,56.0,78.0,17.0,1.0,4.0,-3.0,MIBR,5,SEN,13,0,0.335,0.253,0.587
Pearl,Marved,SEN,Viper,1.54,287.0,18,10,9,8,89.0,175.0,34.0,4.0,2.0,2.0,MIBR,5,SEN,13,1,0.841,0.484,1.325
Pearl,Sacy,SEN,Skye,1.43,267.0,19,10,8,9,89.0,164.0,43.0,2.0,2.0,0.0,MIBR,5,SEN,13,1,0.819,0.451,1.271
Pearl,zekken,SEN,Jett,0.84,207.0,13,15,3,-2,72.0,129.0,13.0,3.0,2.0,1.0,MIBR,5,SEN,13,1,0.547,0.313,0.86
Pearl,dephh,SEN,Harbor,0.81,155.0,10,12,10,-2,78.0,95.0,16.0,0.0,0.0,0.0,MIBR,5,SEN,13,1,0.458,0.397,0.855
Pearl,pANcada,SEN,Killjoy,0.75,136.0,8,10,5,-2,83.0,96.0,24.0,1.0,2.0,-1.0,MIBR,5,SEN,13,1,0.447,0.327,0.774
Fracture,murizzz,MIBR,Kayo,1.31,260.0,17,13,8,4,68.0,164.0,15.0,2.0,1.0,1.0,MIBR,6,SEN,13,0,0.742,0.421,1.164
Fracture,jzz,MIBR,Breach,1.08,229.0,16,15,9,1,84.0,153.0,31.0,1.0,3.0,-2.0,MIBR,6,SEN,13,0,0.655,0.4,1.054
Fracture,RgLMeister,MIBR,Brimstone,0.9,200.0,15,15,4,0,79.0,124.0,21.0,1.0,3.0,-2.0,MIBR,6,SEN,13,0,0.569,0.317,0.886
Fracture,frz,MIBR,Cypher,0.59,163.0,10,18,4,-8,53.0,111.0,34.0,2.0,3.0,-1.0,MIBR,6,SEN,13,0,0.444,0.249,0.693
Fracture,heat,MIBR,Raze,0.53,129.0,9,17,4,-8,74.0,95.0,18.0,2.0,1.0,1.0,MIBR,6,SEN,13,0,0.385,0.304,0.689
Fracture,Marved,SEN,Brimstone,1.48,262.0,20,13,8,7,89.0,183.0,40.0,2.0,1.0,1.0,MIBR,6,SEN,13,1,0.835,0.473,1.309
Fracture,zekken,SEN,Raze,1.36,318.0,20,14,4,6,79.0,204.0,12.0,7.0,2.0,5.0,MIBR,6,SEN,13,1,0.817,0.404,1.221
Fracture,Sacy,SEN,Fade,1.33,259.0,20,13,3,7,79.0,166.0,33.0,1.0,2.0,-1.0,MIBR,6,SEN,13,1,0.785,0.36,1.144
Fracture,dephh,SEN,Breach,0.97,141.0,9,12,10,-3,74.0,107.0,32.0,1.0,1.0,0.0,MIBR,6,SEN,13,1,0.48,0.398,0.877
Fracture,pANcada,SEN,Killjoy,0.62,156.0,9,15,4,-6,63.0,116.0,25.0,0.0,2.0,-2.0,MIBR,6,SEN,13,1,0.417,0.26,0.677
Icebox,nzr,LEV,Sova,1.23,223.0,22,16,7,6,82.0,147.0,20.0,1.0,0.0,1.0,LEV,15,100T,13,1,0.731,0.434,1.166
Icebox,Mazino,LEV,Harbor,1.1,203.0,22,18,6,4,64.0,126.0,34.0,3.0,4.0,-1.0,LEV,15,100T,13,1,0.728,0.344,1.072
Icebox,kiNgg,LEV,Viper,1.09,217.0,19,20,6,-1,82.0,140.0,28.0,6.0,0.0,6.0,LEV,15,100T,13,1,0.651,0.421,1.072
Icebox,Tacolilla,LEV,Jett,1.02,185.0,18,16,4,2,68.0,123.0,40.0,4.0,5.0,-1.0,LEV,15,100T,13,1,0.672,0.319,0.991
Icebox,Shyy,LEV,Killjoy,0.94,214.0,23,22,5,1,64.0,135.0,33.0,2.0,3.0,-1.0,LEV,15,100T,13,1,0.661,0.315,0.976
Icebox,bang,100T,Viper,1.13,234.0,22,19,14,3,79.0,152.0,25.0,1.0,1.0,0.0,LEV,15,100T,13,0,0.707,0.423,1.13
Icebox,Cryocells,100T,Omen,1.01,208.0,21,22,14,-1,75.0,119.0,13.0,3.0,6.0,-3.0,LEV,15,100T,13,0,0.611,0.373,0.984
Icebox,Derrek,100T,Sova,0.99,242.0,22,24,12,-2,82.0,165.0,23.0,3.0,2.0,1.0,LEV,15,100T,13,0,0.656,0.413,1.069
Icebox,Asuna,100T,Sage,0.91,178.0,17,20,11,-3,75.0,114.0,23.0,3.0,6.0,-3.0,LEV,15,100T,13,0,0.55,0.362,0.913
Icebox,stellar,100T,Killjoy,0.65,136.0,10,19,3,-9,64.0,100.0,20.0,2.0,1.0,1.0,LEV,15,100T,13,0,0.412,0.289,0.701
Haven,Shyy,LEV,Killjoy,1.2,200.0,18,15,3,3,58.0,123.0,31.0,4.0,0.0,4.0,LEV,11,100T,13,0,0.703,0.359,1.062
Haven,kiNgg,LEV,Breach,1.11,203.0,17,16,10,1,67.0,127.0,48.0,2.0,3.0,-1.0,LEV,11,100T,13,0,0.666,0.383,1.05
Haven,nzr,LEV,Sova,0.93,127.0,10,14,10,-4,67.0,91.0,23.0,0.0,1.0,-1.0,LEV,11,100T,13,0,0.436,0.373,0.809
Haven,Tacolilla,LEV,Jett,0.79,163.0,14,18,4,-4,75.0,102.0,16.0,4.0,6.0,-2.0,LEV,11,100T,13,0,0.483,0.298,0.781
Haven,Mazino,LEV,Omen,0.68,141.0,10,18,7,-8,71.0,105.0,31.0,1.0,3.0,-2.0,LEV,11,100T,13,0,0.421,0.313,0.734
Haven,stellar,100T,Killjoy,1.23,216.0,18,12,6,6,75.0,142.0,22.0,3.0,2.0,1.0,LEV,11,100T,13,1,0.744,0.393,1.137
Haven,bang,100T,Omen,1.21,207.0,17,13,14,4,88.0,138.0,25.0,1.0,0.0,1.0,LEV,11,100T,13,1,0.69,0.465,1.154
Haven,Cryocells,100T,Jett,1.07,220.0,18,15,5,3,88.0,151.0,26.0,3.0,3.0,0.0,LEV,11,100T,13,1,0.711,0.378,1.088
Haven,Derrek,100T,Sova,0.99,192.0,14,15,8,-1,71.0,127.0,29.0,4.0,2.0,2.0,LEV,11,100T,13,1,0.599,0.392,0.99
Haven,Asuna,100T,Gekko,0.87,159.0,14,14,7,0,83.0,106.0,21.0,2.0,4.0,-2.0,LEV,11,100T,13,1,0.545,0.354,0.899
Lotus,Mazino,LEV,Omen,1.13,235.0,18,16,10,2,75.0,149.0,35.0,3.0,3.0,0.0,LEV,11,100T,13,0,0.719,0.407,1.126
Lotus,kiNgg,LEV,Viper,1.03,209.0,18,17,5,1,67.0,145.0,27.0,3.0,1.0,2.0,LEV,11,100T,13,0,0.668,0.365,1.033
Lotus,Shyy,LEV,Killjoy,0.88,188.0,15,16,5,-1,79.0,144.0,22.0,3.0,2.0,1.0,LEV,11,100T,13,0,0.591,0.351,0.942
Lotus,Tacolilla,LEV,Jett,0.81,188.0,15,17,5,-2,79.0,122.0,17.0,3.0,6.0,-3.0,LEV,11,100T,13,0,0.546,0.314,0.86
Lotus,nzr,LEV,Skye,0.81,162.0,14,15,6,-1,83.0,105.0,19.0,0.0,0.0,0.0,LEV,11,100T,13,0,0.506,0.372,0.878
Lotus,Asuna,100T,Skye,1.53,263.0,23,14,10,9,75.0,160.0,23.0,1.0,3.0,-2.0,LEV,11,100T,13,1,0.789,0.426,1.215
Lotus,bang,100T,Omen,1.11,198.0,15,17,12,-2,75.0,119.0,22.0,2.0,0.0,2.0,LEV,11,100T,13,1,0.574,0.441,1.015
Lotus,Derrek,100T,Killjoy,1.04,174.0,13,13,7,0,71.0,140.0,32.0,1.0,2.0,-1.0,LEV,11,100T,13,1,0.588,0.36,0.948
Lotus,Cryocells,100T,Jett,0.86,203.0,15,19,5,-4,71.0,129.0,28.0,8.0,6.0,2.0,LEV,11,100T,13,1,0.55,0.344,0.894
Lotus,stellar,100T,Viper,0.79,161.0,15,17,3,-2,63.0,88.0,24.0,0.0,1.0,-1.0,LEV,11,100T,13,1,0.49,0.285,0.775
Split,Demon1,EG,Jett,1.66,266.0,18,8,3,10,81.0,183.0,32.0,3.0,1.0,2.0,EG,13,LOUD,3,1,0.834,0.413,1.247
Split,Boostio,EG,Astra,1.47,195.0,12,7,8,5,88.0,134.0,25.0,2.0,1.0,1.0,EG,13,LOUD,3,1,0.716,0.472,1.188
Split,Ethan,EG,Skye,1.35,228.0,14,10,10,4,88.0,151.0,24.0,0.0,0.0,0.0,EG,13,LOUD,3,1,0.708,0.471,1.179
Split,C0M,EG,Viper,1.12,201.0,11,10,5,1,81.0,138.0,14.0,4.0,1.0,3.0,EG,13,LOUD,3,1,0.618,0.402,1.02
Split,jawgemo,EG,Raze,0.86,237.0,13,14,4,-1,81.0,166.0,7.0,4.0,0.0,4.0,EG,13,LOUD,3,1,0.59,0.373,0.963
Split,Less,LOUD,Viper,0.93,240.0,13,14,3,-1,63.0,153.0,31.0,1.0,2.0,-1.0,EG,13,LOUD,3,0,0.6,0.29,0.891
Split,aspas,LOUD,Jett,0.92,224.0,12,14,1,-2,69.0,127.0,21.0,0.0,2.0,-2.0,EG,13,LOUD,3,0,0.541,0.291,0.832
Split,cauanzin,LOUD,Skye,0.85,185.0,11,12,6,-1,75.0,126.0,24.0,0.0,2.0,-2.0,EG,13,LOUD,3,0,0.529,0.327,0.856
Split,saadhak,LOUD,Raze,0.7,203.0,9,14,6,-5,75.0,149.0,16.0,1.0,4.0,-3.0,EG,13,LOUD,3,0,0.456,0.307,0.762
Split,tuyz,LOUD,Astra,0.31,102.0,4,14,4,-10,63.0,76.0,10.0,1.0,3.0,-2.0,EG,13,LOUD,3,0,0.316,0.246,0.562
Haven,Ethan,EG,Breach,1.11,218.0,18,18,8,0,74.0,143.0,26.0,2.0,1.0,1.0,EG,10,LOUD,13,0,0.649,0.41,1.059
Haven,Boostio,EG,Killjoy,1.04,243.0,20,18,2,2,74.0,148.0,16.0,1.0,2.0,-1.0,EG,10,LOUD,13,0,0.666,0.32,0.986
Haven,C0M,EG,Sova,0.84,173.0,12,16,10,-4,70.0,123.0,28.0,0.0,6.0,-6.0,EG,10,LOUD,13,0,0.485,0.347,0.832
Haven,Demon1,EG,Jett,0.66,152.0,13,18,2,-5,43.0,91.0,26.0,1.0,8.0,-7.0,EG,10,LOUD,13,0,0.422,0.215,0.638
Haven,jawgemo,EG,Omen,0.54,148.0,11,21,10,-10,57.0,88.0,8.0,0.0,2.0,-2.0,EG,10,LOUD,13,0,0.365,0.297,0.663
Haven,saadhak,LOUD,Viper,1.29,235.0,17,15,12,2,83.0,178.0,20.0,7.0,0.0,7.0,EG,10,LOUD,13,1,0.731,0.478,1.208
Haven,aspas,LOUD,Jett,1.28,283.0,24,15,3,9,87.0,181.0,28.0,4.0,2.0,2.0,EG,10,LOUD,13,1,0.829,0.393,1.223
Haven,tuyz,LOUD,Harbor,1.25,245.0,21,15,12,6,91.0,131.0,25.0,2.0,0.0,2.0,EG,10,LOUD,13,1,0.756,0.482,1.238
Haven,Less,LOUD,Killjoy,1.24,210.0,19,12,2,7,83.0,140.0,28.0,3.0,1.0,2.0,EG,10,LOUD,13,1,0.754,0.392,1.146
Haven,cauanzin,LOUD,Skye,0.68,134.0,10,17,10,-7,91.0,85.0,31.0,3.0,1.0,2.0,EG,10,LOUD,13,1,0.434,0.413,0.847
Pearl,jawgemo,EG,Harbor,0.73,206.0,9,13,0,-4,62.0,132.0,35.0,1.0,3.0,-2.0,EG,0,LOUD,13,0,0.49,0.259,0.749
Pearl,Ethan,EG,Skye,0.61,153.0,6,13,6,-7,54.0,107.0,23.0,0.0,0.0,0.0,EG,0,LOUD,13,0,0.396,0.302,0.698
Pearl,Demon1,EG,Killjoy,0.59,182.0,7,13,1,-6,54.0,133.0,26.0,1.0,3.0,-2.0,EG,0,LOUD,13,0,0.429,0.231,0.66
Pearl,Boostio,EG,Astra,0.48,129.0,6,13,1,-7,69.0,71.0,33.0,0.0,3.0,-3.0,EG,0,LOUD,13,0,0.361,0.241,0.602
Pearl,C0M,EG,Fade,0.29,104.0,3,13,5,-10,54.0,81.0,14.0,0.0,2.0,-2.0,EG,0,LOUD,13,0,0.328,0.242,0.571
Pearl,Less,LOUD,Viper,1.78,382.0,16,7,9,9,100.0,249.0,33.0,3.0,1.0,2.0,EG,0,LOUD,13,1,0.842,0.512,1.354
Pearl,cauanzin,LOUD,Skye,1.5,234.0,13,6,5,7,100.0,146.0,41.0,2.0,0.0,2.0,EG,0,LOUD,13,1,0.767,0.476,1.243
Pearl,tuyz,LOUD,Harbor,1.35,205.0,11,6,3,5,85.0,119.0,33.0,1.0,0.0,1.0,EG,0,LOUD,13,1,0.689,0.407,1.096
Pearl,aspas,LOUD,Jett,1.34,195.0,12,5,3,7,100.0,129.0,28.0,1.0,1.0,0.0,EG,0,LOUD,13,1,0.688,0.414,1.102
Pearl,saadhak,LOUD,Killjoy,1.34,248.0,13,7,3,6,100.0,176.0,27.0,4.0,0.0,4.0,EG,0,LOUD,13,1,0.777,0.444,1.222
Ascent,leaf,C9,Jett,1.68,321.0,25,14,2,11,81.0,209.0,28.0,5.0,1.0,4.0,C9,13,FUR,8,1,0.859,0.417,1.276
Ascent,jakee,C9,Omen,1.35,215.0,18,10,8,8,86.0,147.0,29.0,2.0,2.0,0.0,C9,13,FUR,8,1,0.754,0.438,1.192
Ascent,Xeppaa,C9,Skye,1.16,186.0,14,11,7,3,81.0,118.0,29.0,3.0,1.0,2.0,C9,13,FUR,8,1,0.668,0.425,1.092
Ascent,runi,C9,Viper,0.9,149.0,10,13,4,-3,71.0,94.0,12.0,1.0,3.0,-2.0,C9,13,FUR,8,1,0.442,0.303,0.745
Ascent,Zellsis,C9,Killjoy,0.77,136.0,9,12,5,-3,76.0,92.0,24.0,2.0,1.0,1.0,C9,13,FUR,8,1,0.451,0.344,0.795
Ascent,Khalil,FUR,Omen,1.13,189.0,15,13,3,2,76.0,122.0,29.0,3.0,2.0,1.0,C9,13,FUR,8,0,0.658,0.351,1.009
Ascent,mwzera,FUR,Sova,1.02,258.0,15,17,9,-2,71.0,185.0,23.0,0.0,1.0,-1.0,C9,13,FUR,8,0,0.623,0.39,1.012
Ascent,mazin,FUR,Kayo,0.74,169.0,13,17,8,-4,57.0,96.0,24.0,2.0,4.0,-2.0,C9,13,FUR,8,0,0.469,0.307,0.777
Ascent,dgzin,FUR,Jett,0.72,157.0,11,15,3,-4,67.0,111.0,37.0,3.0,4.0,-1.0,C9,13,FUR,8,0,0.493,0.275,0.768
Ascent,qck,FUR,Killjoy,0.49,84.0,6,14,3,-8,52.0,56.0,21.0,0.0,2.0,-2.0,C9,13,FUR,8,0,0.325,0.217,0.542
Fracture,runi,C9,Breach,1.19,219.0,17,17,14,0,86.0,146.0,27.0,1.0,0.0,1.0,C9,13,FUR,9,1,0.641,0.459,1.1
Fracture,Xeppaa,C9,Raze,1.09,265.0,20,18,3,2,64.0,178.0,21.0,2.0,5.0,-3.0,C9,13,FUR,9,1,0.724,0.296,1.02
Fracture,jakee,C9,Brimstone,1.01,186.0,14,16,9,-2,86.0,113.0,31.0,1.0,2.0,-1.0,C9,13,FUR,9,1,0.546,0.404,0.95
Fracture,leaf,C9,Skye,0.96,188.0,15,17,5,-2,59.0,120.0,26.0,4.0,4.0,0.0,C9,13,FUR,9,1,0.574,0.318,0.892
Fracture,Zellsis,C9,Killjoy,0.94,208.0,15,18,6,-3,64.0,138.0,23.0,2.0,1.0,1.0,C9,13,FUR,9,1,0.56,0.353,0.913
Fracture,dgzin,FUR,Raze,1.25,301.0,22,18,3,4,82.0,198.0,29.0,6.0,1.0,5.0,C9,13,FUR,9,0,0.822,0.395,1.217
Fracture,mwzera,FUR,Fade,1.13,191.0,16,13,7,3,82.0,130.0,15.0,0.0,2.0,-2.0,C9,13,FUR,9,0,0.633,0.379,1.013
Fracture,Khalil,FUR,Omen,1.1,228.0,19,16,13,3,91.0,151.0,23.0,1.0,2.0,-1.0,C9,13,FUR,9,0,0.688,0.422,1.11
Fracture,qck,FUR,Killjoy,0.89,212.0,17,17,4,0,77.0,124.0,26.0,4.0,1.0,3.0,C9,13,FUR,9,0,0.62,0.36,0.98
Fracture,mazin,FUR,Viper,0.57,160.0,12,17,5,-5,64.0,116.0,26.0,1.0,4.0,-3.0,C9,13,FUR,9,0,0.428,0.263,0.692
Haven,s0m,NRG,Astra,1.36,227.0,17,13,10,4,74.0,148.0,32.0,0.0,0.0,0.0,NRG,13,KRU,10,1,0.731,0.448,1.179
Haven,ardiis,NRG,Jett,1.15,238.0,20,15,5,5,74.0,143.0,10.0,4.0,7.0,-3.0,NRG,13,KRU,10,1,0.735,0.342,1.077
Haven,Victor,NRG,Killjoy,1.15,208.0,17,14,6,3,78.0,124.0,19.0,2.0,3.0,-1.0,NRG,13,KRU,10,1,0.666,0.372,1.038
Haven,FiNESSE,NRG,Breach,1.03,216.0,16,15,5,1,70.0,158.0,17.0,2.0,2.0,0.0,NRG,13,KRU,10,1,0.641,0.344,0.985
Haven,crashies,NRG,Sova,0.9,168.0,13,14,9,-1,78.0,113.0,24.0,2.0,1.0,1.0,NRG,13,KRU,10,1,0.542,0.406,0.948
Haven,DaveeyS,KRÜ,Breach,1.16,199.0,16,16,11,0,74.0,143.0,40.0,0.0,0.0,0.0,NRG,13,KRU,10,0,0.637,0.427,1.065
Haven,keznit,KRÜ,Jett,0.92,226.0,19,18,1,1,61.0,133.0,36.0,7.0,7.0,0.0,NRG,13,KRU,10,0,0.673,0.295,0.967
Haven,NagZ,KRÜ,Killjoy,0.86,163.0,14,16,1,-2,70.0,106.0,19.0,3.0,0.0,3.0,NRG,13,KRU,10,0,0.528,0.343,0.871
Haven,Melser,KRÜ,Omen,0.81,152.0,12,16,9,-4,70.0,96.0,56.0,2.0,2.0,0.0,NRG,13,KRU,10,0,0.5,0.365,0.864
Haven,Klaus,KRÜ,Sova,0.58,127.0,10,17,4,-7,48.0,85.0,28.0,1.0,1.0,0.0,NRG,13,KRU,10,0,0.387,0.257,0.644
Ascent,ardiis,NRG,Jett,1.66,349.0,22,9,4,13,88.0,193.0,18.0,6.0,2.0,4.0,NRG,13,KRU,4,1,0.844,0.431,1.275
Ascent,s0m,NRG,Omen,1.53,188.0,15,5,7,10,82.0,101.0,28.0,2.0,0.0,2.0,NRG,13,KRU,4,1,0.709,0.468,1.177
Ascent,crashies,NRG,Sova,1.27,206.0,13,7,4,6,88.0,128.0,24.0,2.0,0.0,2.0,NRG,13,KRU,4,1,0.699,0.424,1.123
Ascent,Victor,NRG,Kayo,1.17,203.0,10,8,14,2,88.0,127.0,21.0,3.0,1.0,2.0,NRG,13,KRU,4,1,0.639,0.46,1.098
Ascent,FiNESSE,NRG,Killjoy,1.12,218.0,13,9,1,4,82.0,151.0,12.0,0.0,1.0,-1.0,NRG,13,KRU,4,1,0.655,0.352,1.006
Ascent,keznit,KRÜ,Jett,0.68,171.0,10,14,2,-4,41.0,104.0,23.0,2.0,2.0,0.0,NRG,13,KRU,4,0,0.454,0.236,0.69
Ascent,NagZ,KRÜ,Killjoy,0.68,150.0,8,15,2,-7,59.0,98.0,27.0,1.0,4.0,-3.0,NRG,13,KRU,4,0,0.406,0.244,0.651
Ascent,Klaus,KRÜ,Sova,0.68,162.0,8,15,3,-7,41.0,105.0,18.0,1.0,1.0,0.0,NRG,13,KRU,4,0,0.404,0.245,0.649
Ascent,Melser,KRÜ,Omen,0.62,146.0,9,15,2,-6,59.0,102.0,25.0,0.0,3.0,-3.0,NRG,13,KRU,4,0,0.403,0.238,0.64
Ascent,DaveeyS,KRÜ,Kayo,0.3,77.0,3,14,3,-11,41.0,55.0,9.0,0.0,3.0,-3.0,NRG,13,KRU,4,0,0.303,0.194,0.497
Bind,ardiis,NRG,Sage,1.43,258.0,20,12,7,8,95.0,162.0,23.0,2.0,0.0,2.0,NRG,13,100T,7,1,0.794,0.486,1.28
Bind,crashies,NRG,Skye,1.4,274.0,20,13,12,7,90.0,195.0,32.0,4.0,0.0,4.0,NRG,13,100T,7,1,0.844,0.501,1.345
Bind,Victor,NRG,Raze,1.28,279.0,18,14,2,4,90.0,181.0,20.0,6.0,2.0,4.0,NRG,13,100T,7,1,0.787,0.403,1.19
Bind,s0m,NRG,Harbor,1.17,167.0,14,11,5,3,70.0,116.0,39.0,1.0,1.0,0.0,NRG,13,100T,7,1,0.64,0.368,1.008
Bind,FiNESSE,NRG,Viper,0.87,215.0,13,16,17,-3,75.0,137.0,15.0,2.0,2.0,0.0,NRG,13,100T,7,1,0.533,0.38,0.913
Bind,Cryocells,100T,Sage,1.26,224.0,18,16,5,2,75.0,145.0,34.0,1.0,2.0,-1.0,NRG,13,100T,7,0,0.694,0.368,1.062
Bind,Derrek,100T,Skye,0.92,219.0,15,16,6,-1,75.0,138.0,46.0,0.0,4.0,-4.0,NRG,13,100T,7,0,0.605,0.33,0.935
Bind,Asuna,100T,Raze,0.8,215.0,11,18,8,-7,75.0,163.0,14.0,1.0,4.0,-3.0,NRG,13,100T,7,0,0.487,0.34,0.826
Bind,stellar,100T,Viper,0.67,200.0,12,18,10,-6,75.0,123.0,10.0,2.0,4.0,-2.0,NRG,13,100T,7,0,0.451,0.341,0.792
Bind,bang,100T,Brimstone,0.66,131.0,10,17,6,-7,75.0,86.0,38.0,1.0,1.0,0.0,NRG,13,100T,7,0,0.41,0.333,0.743
Fracture,crashies,NRG,Skye,1.77,250.0,17,6,6,11,88.0,161.0,24.0,1.0,2.0,-1.0,NRG,13,100T,3,1,0.767,0.423,1.19
Fracture,s0m,NRG,Brimstone,1.63,279.0,15,8,12,7,81.0,196.0,29.0,1.0,2.0,-1.0,NRG,13,100T,3,1,0.797,0.445,1.242
Fracture,Victor,NRG,Killjoy,1.11,192.0,11,7,2,4,81.0,123.0,26.0,2.0,1.0,1.0,NRG,13,100T,3,1,0.651,0.366,1.017
Fracture,FiNESSE,NRG,Breach,1.0,181.0,11,11,10,0,88.0,114.0,13.0,0.0,1.0,-1.0,NRG,13,100T,3,1,0.533,0.416,0.948
Fracture,ardiis,NRG,Jett,0.7,184.0,10,12,1,-2,56.0,119.0,11.0,3.0,3.0,0.0,NRG,13,100T,3,1,0.497,0.263,0.76
Fracture,Cryocells,100T,Jett,0.93,221.0,12,13,3,-1,56.0,146.0,25.0,3.0,4.0,-1.0,NRG,13,100T,3,0,0.604,0.279,0.883
Fracture,Derrek,100T,Breach,0.93,210.0,11,13,9,-2,75.0,150.0,35.0,2.0,1.0,1.0,NRG,13,100T,3,0,0.579,0.404,0.983
Fracture,Asuna,100T,Skye,0.72,135.0,8,12,3,-4,56.0,87.0,28.0,0.0,1.0,-1.0,NRG,13,100T,3,0,0.413,0.266,0.678
Fracture,stellar,100T,Killjoy,0.62,133.0,6,12,2,-6,69.0,87.0,24.0,3.0,0.0,3.0,NRG,13,100T,3,0,0.406,0.316,0.722
Fracture,bang,100T,Brimstone,0.51,156.0,7,14,6,-7,75.0,104.0,23.0,1.0,1.0,0.0,NRG,13,100T,3,0,0.385,0.317,0.702
Pearl,frz,MIBR,Killjoy,1.14,205.0,14,15,8,-1,71.0,153.0,31.0,2.0,0.0,2.0,MIBR,11,FUR,13,0,0.625,0.426,1.051
Pearl,heat,MIBR,Jett,1.03,220.0,17,16,2,1,63.0,149.0,23.0,4.0,5.0,-1.0,MIBR,11,FUR,13,0,0.666,0.301,0.967
Pearl,RgLMeister,MIBR,Harbor,0.99,175.0,16,16,5,0,71.0,122.0,18.0,2.0,2.0,0.0,MIBR,11,FUR,13,0,0.581,0.341,0.922
Pearl,murizzz,MIBR,Viper,0.81,175.0,14,16,7,-2,67.0,109.0,19.0,1.0,4.0,-3.0,MIBR,11,FUR,13,0,0.5,0.316,0.816
Pearl,jzz,MIBR,Skye,0.69,134.0,12,16,9,-4,63.0,76.0,20.0,1.0,3.0,-2.0,MIBR,11,FUR,13,0,0.409,0.323,0.732
Pearl,dgzin,FUR,Jett,1.49,284.0,24,14,6,10,83.0,164.0,42.0,7.0,4.0,3.0,MIBR,11,FUR,13,1,0.855,0.445,1.3
Pearl,Khalil,FUR,Killjoy,1.2,221.0,18,14,5,4,83.0,163.0,29.0,3.0,1.0,2.0,MIBR,11,FUR,13,1,0.752,0.41,1.161
Pearl,mazin,FUR,Viper,1.12,158.0,14,12,5,2,71.0,120.0,44.0,3.0,1.0,2.0,MIBR,11,FUR,13,1,0.653,0.381,1.035
Pearl,mwzera,FUR,Skye,0.92,181.0,13,17,18,-4,75.0,110.0,23.0,0.0,1.0,-1.0,MIBR,11,FUR,13,1,0.487,0.386,0.873
Pearl,qck,FUR,Harbor,0.62,124.0,10,16,11,-6,67.0,67.0,18.0,1.0,3.0,-2.0,MIBR,11,FUR,13,1,0.363,0.323,0.686
Split,frz,MIBR,Killjoy,1.15,226.0,16,14,1,2,75.0,153.0,43.0,2.0,2.0,0.0,MIBR,7,FUR,13,0,0.704,0.342,1.046
Split,murizzz,MIBR,Viper,0.9,166.0,10,14,7,-4,60.0,115.0,18.0,1.0,0.0,1.0,MIBR,7,FUR,13,0,0.46,0.363,0.822
Split,heat,MIBR,Raze,0.79,181.0,13,15,1,-2,60.0,99.0,15.0,2.0,8.0,-6.0,MIBR,7,FUR,13,0,0.498,0.258,0.756
Split,RgLMeister,MIBR,Astra,0.74,103.0,8,14,6,-6,75.0,78.0,22.0,0.0,0.0,0.0,MIBR,7,FUR,13,0,0.37,0.351,0.721
Split,jzz,MIBR,Skye,0.72,165.0,11,17,6,-6,75.0,105.0,29.0,3.0,2.0,1.0,MIBR,7,FUR,13,0,0.469,0.339,0.808
Split,qck,FUR,Viper,1.33,287.0,21,14,8,7,85.0,192.0,21.0,2.0,2.0,0.0,MIBR,7,FUR,13,1,0.818,0.434,1.252
Split,dgzin,FUR,Jett,1.2,221.0,16,11,3,5,85.0,137.0,20.0,4.0,1.0,3.0,MIBR,7,FUR,13,1,0.728,0.395,1.123
Split,mazin,FUR,Skye,1.18,174.0,14,10,7,4,75.0,118.0,28.0,1.0,1.0,0.0,MIBR,7,FUR,13,1,0.648,0.399,1.047
Split,mwzera,FUR,Raze,1.01,229.0,15,14,8,1,80.0,142.0,7.0,5.0,3.0,2.0,MIBR,7,FUR,13,1,0.625,0.409,1.034
Split,Khalil,FUR,Astra,0.86,120.0,8,9,7,-1,75.0,78.0,24.0,0.0,1.0,-1.0,MIBR,7,FUR,13,1,0.454,0.357,0.811
Lotus,leaf,C9,Neon,1.45,301.0,19,11,5,8,82.0,183.0,15.0,7.0,3.0,4.0,C9,13,SEN,4,1,0.823,0.43,1.253
Lotus,jakee,C9,Omen,1.29,242.0,16,11,9,5,88.0,162.0,35.0,3.0,1.0,2.0,C9,13,SEN,4,1,0.784,0.472,1.256
Lotus,Zellsis,C9,Killjoy,1.28,260.0,14,9,9,5,82.0,183.0,17.0,1.0,2.0,-1.0,C9,13,SEN,4,1,0.741,0.426,1.168
Lotus,Xeppaa,C9,Skye,1.13,197.0,13,10,11,3,82.0,123.0,22.0,0.0,0.0,0.0,C9,13,SEN,4,1,0.629,0.437,1.067
Lotus,runi,C9,Viper,0.86,124.0,7,9,4,-2,71.0,81.0,20.0,0.0,0.0,0.0,C9,13,SEN,4,1,0.432,0.335,0.767
Lotus,pANcada,SEN,Killjoy,1.07,214.0,13,13,2,0,59.0,144.0,24.0,1.0,0.0,1.0,C9,13,SEN,4,0,0.602,0.334,0.937
Lotus,Marved,SEN,Viper,0.86,204.0,11,16,5,-5,47.0,127.0,23.0,3.0,3.0,0.0,C9,13,SEN,4,0,0.509,0.287,0.796
Lotus,dephh,SEN,Omen,0.79,142.0,8,13,5,-5,65.0,87.0,16.0,1.0,0.0,1.0,C9,13,SEN,4,0,0.391,0.337,0.728
Lotus,Sacy,SEN,Skye,0.73,156.0,9,14,6,-5,59.0,105.0,33.0,1.0,1.0,0.0,C9,13,SEN,4,0,0.431,0.314,0.745
Lotus,zekken,SEN,Raze,0.71,180.0,9,13,4,-4,71.0,115.0,21.0,0.0,7.0,-7.0,C9,13,SEN,4,0,0.446,0.279,0.725
Fracture,leaf,C9,Skye,1.7,293.0,22,9,1,13,89.0,177.0,19.0,2.0,2.0,0.0,C9,13,SEN,6,1,0.822,0.4,1.222
Fracture,jakee,C9,Brimstone,1.33,242.0,16,11,9,5,84.0,159.0,26.0,2.0,0.0,2.0,C9,13,SEN,6,1,0.76,0.479,1.239
Fracture,runi,C9,Breach,1.25,184.0,11,9,17,2,79.0,111.0,42.0,1.0,1.0,0.0,C9,13,SEN,6,1,0.628,0.436,1.064
Fracture,Zellsis,C9,Killjoy,1.22,200.0,15,9,1,6,79.0,128.0,15.0,0.0,3.0,-3.0,C9,13,SEN,6,1,0.671,0.335,1.006
Fracture,Xeppaa,C9,Raze,1.02,218.0,16,13,4,3,79.0,144.0,19.0,4.0,4.0,0.0,C9,13,SEN,6,1,0.68,0.346,1.027
Fracture,Marved,SEN,Brimstone,0.9,135.0,12,14,4,-2,63.0,92.0,29.0,3.0,2.0,1.0,C9,13,SEN,6,0,0.514,0.316,0.83
Fracture,dephh,SEN,Breach,0.76,192.0,12,17,4,-5,63.0,119.0,23.0,1.0,0.0,1.0,C9,13,SEN,6,0,0.462,0.319,0.781
Fracture,Sacy,SEN,Fade,0.7,181.0,10,17,6,-7,63.0,124.0,31.0,3.0,1.0,2.0,C9,13,SEN,6,0,0.485,0.335,0.819
Fracture,pANcada,SEN,Killjoy,0.68,177.0,11,17,4,-6,53.0,124.0,24.0,2.0,2.0,0.0,C9,13,SEN,6,0,0.461,0.267,0.728
Fracture,zekken,SEN,Raze,0.42,105.0,6,15,3,-9,47.0,84.0,13.0,1.0,4.0,-3.0,C9,13,SEN,6,0,0.329,0.204,0.533
Split,Mazino,LEV,Astra,1.41,255.0,22,13,6,9,74.0,168.0,29.0,0.0,0.0,0.0,LEV,10,EG,13,0,0.792,0.42,1.213
Split,kiNgg,LEV,Viper,1.13,214.0,19,15,4,4,83.0,143.0,33.0,4.0,0.0,4.0,LEV,10,EG,13,0,0.737,0.405,1.142
Split,nzr,LEV,Raze,0.94,190.0,13,14,5,-1,70.0,134.0,19.0,0.0,5.0,-5.0,LEV,10,EG,13,0,0.548,0.313,0.861
Split,Tacolilla,LEV,Jett,0.93,228.0,17,17,4,0,74.0,143.0,15.0,5.0,5.0,0.0,LEV,10,EG,13,0,0.628,0.329,0.956
Split,Shyy,LEV,Skye,0.63,115.0,7,16,16,-9,74.0,79.0,16.0,2.0,2.0,0.0,LEV,10,EG,13,0,0.366,0.353,0.718
Split,Boostio,EG,Astra,1.27,192.0,16,13,5,3,70.0,138.0,22.0,1.0,1.0,0.0,LEV,10,EG,13,1,0.665,0.378,1.043
Split,Demon1,EG,Jett,1.24,238.0,20,14,3,6,70.0,155.0,37.0,4.0,3.0,1.0,LEV,10,EG,13,1,0.793,0.352,1.145
Split,jawgemo,EG,Raze,1.22,283.0,21,20,10,1,78.0,190.0,15.0,4.0,5.0,-1.0,LEV,10,EG,13,1,0.749,0.413,1.162
Split,Ethan,EG,Skye,0.74,142.0,9,16,13,-7,74.0,97.0,18.0,1.0,2.0,-1.0,LEV,10,EG,13,1,0.4,0.356,0.755
Split,C0M,EG,Viper,0.68,108.0,9,15,4,-6,74.0,82.0,20.0,2.0,0.0,2.0,LEV,10,EG,13,1,0.385,0.338,0.723
Pearl,kiNgg,LEV,Viper,1.35,264.0,19,15,14,4,87.0,186.0,23.0,2.0,2.0,0.0,LEV,13,EG,10,1,0.785,0.451,1.235
Pearl,nzr,LEV,Skye,1.17,207.0,18,12,12,6,70.0,125.0,14.0,1.0,0.0,1.0,LEV,13,EG,10,1,0.679,0.43,1.11
Pearl,Shyy,LEV,Killjoy,1.04,177.0,14,12,4,2,83.0,116.0,16.0,2.0,2.0,0.0,LEV,13,EG,10,1,0.6,0.355,0.956
Pearl,Tacolilla,LEV,Jett,1.02,185.0,17,12,1,5,78.0,117.0,17.0,3.0,6.0,-3.0,LEV,13,EG,10,1,0.678,0.312,0.99
Pearl,Mazino,LEV,Harbor,0.98,225.0,18,17,11,1,70.0,142.0,16.0,2.0,3.0,-1.0,LEV,13,EG,10,1,0.637,0.374,1.012
Pearl,C0M,EG,Viper,1.44,227.0,18,11,4,7,65.0,162.0,25.0,3.0,2.0,1.0,LEV,13,EG,10,0,0.789,0.376,1.165
Pearl,Demon1,EG,Jett,0.98,216.0,16,19,1,-3,57.0,144.0,23.0,6.0,1.0,5.0,LEV,13,EG,10,0,0.591,0.325,0.916
Pearl,Boostio,EG,Killjoy,0.83,187.0,14,18,2,-4,57.0,130.0,26.0,3.0,5.0,-2.0,LEV,13,EG,10,0,0.532,0.261,0.793
Pearl,jawgemo,EG,Harbor,0.62,130.0,11,19,1,-8,57.0,97.0,36.0,0.0,1.0,-1.0,LEV,13,EG,10,0,0.414,0.257,0.671
Pearl,Ethan,EG,Skye,0.58,125.0,9,19,11,-10,61.0,81.0,32.0,1.0,1.0,0.0,LEV,13,EG,10,0,0.384,0.335,0.718
Ascent,nzr,LEV,Sova,1.26,242.0,19,17,6,2,78.0,154.0,25.0,2.0,0.0,2.0,LEV,10,EG,13,0,0.716,0.428,1.145
Ascent,Tacolilla,LEV,Jett,0.95,190.0,15,15,4,0,74.0,140.0,26.0,4.0,4.0,0.0,LEV,10,EG,13,0,0.617,0.331,0.948
Ascent,kiNgg,LEV,Kayo,0.89,183.0,14,16,7,-2,52.0,133.0,25.0,0.0,5.0,-5.0,LEV,10,EG,13,0,0.537,0.3,0.837
Ascent,Shyy,LEV,Killjoy,0.84,148.0,11,15,6,-4,65.0,103.0,19.0,0.0,0.0,0.0,LEV,10,EG,13,0,0.443,0.345,0.788
Ascent,Mazino,LEV,Omen,0.8,174.0,12,18,14,-6,65.0,103.0,26.0,5.0,3.0,2.0,LEV,10,EG,13,0,0.481,0.373,0.854
Ascent,Ethan,EG,Kayo,1.43,273.0,21,14,14,7,74.0,168.0,30.0,2.0,4.0,-2.0,LEV,10,EG,13,1,0.819,0.42,1.24
Ascent,Demon1,EG,Jett,1.34,227.0,20,12,2,8,78.0,137.0,32.0,3.0,1.0,2.0,LEV,10,EG,13,1,0.78,0.394,1.174
Ascent,C0M,EG,Sova,1.11,167.0,13,12,6,1,74.0,121.0,25.0,3.0,1.0,2.0,LEV,10,EG,13,1,0.615,0.396,1.012
Ascent,Boostio,EG,Killjoy,0.92,192.0,17,15,4,2,65.0,136.0,24.0,1.0,2.0,-1.0,LEV,10,EG,13,1,0.619,0.304,0.923
Ascent,jawgemo,EG,Omen,0.66,144.0,10,18,9,-8,70.0,90.0,38.0,3.0,3.0,0.0,LEV,10,EG,13,1,0.449,0.349,0.798
Pearl,Less,LOUD,Viper,1.39,295.0,23,16,7,7,61.0,185.0,15.0,3.0,1.0,2.0,LOUD,10,KRU,13,0,0.827,0.416,1.243
Pearl,aspas,LOUD,Jett,1.27,254.0,21,14,1,7,70.0,161.0,29.0,7.0,3.0,4.0,LOUD,10,KRU,13,0,0.802,0.368,1.171
Pearl,cauanzin,LOUD,Skye,1.04,196.0,16,15,10,1,83.0,130.0,34.0,1.0,1.0,0.0,LOUD,10,KRU,13,0,0.623,0.42,1.043
Pearl,saadhak,LOUD,Killjoy,0.62,125.0,6,17,12,-11,65.0,100.0,8.0,2.0,4.0,-2.0,LOUD,10,KRU,13,0,0.367,0.319,0.686
Pearl,tuyz,LOUD,Harbor,0.33,63.0,3,17,8,-14,65.0,44.0,3.0,0.0,1.0,-1.0,LOUD,10,KRU,13,0,0.297,0.312,0.609
Pearl,axeddy,KRÜ,Harbor,1.48,280.0,23,14,5,9,83.0,175.0,31.0,1.0,2.0,-1.0,LOUD,10,KRU,13,0,0.818,0.403,1.221
Pearl,NagZ,KRÜ,Killjoy,1.15,155.0,11,8,6,3,74.0,114.0,25.0,2.0,1.0,1.0,LOUD,10,KRU,13,0,0.615,0.392,1.007
Pearl,keznit,KRÜ,Jett,1.01,231.0,19,16,3,3,65.0,160.0,30.0,5.0,6.0,-1.0,LOUD,10,KRU,13,0,0.725,0.302,1.027
Pearl,Melser,KRÜ,Viper,0.96,168.0,14,14,8,0,70.0,122.0,20.0,0.0,3.0,-3.0,LOUD,10,KRU,13,0,0.553,0.348,0.901
Pearl,Klaus,KRÜ,Skye,0.77,153.0,12,17,13,-5,83.0,98.0,19.0,2.0,1.0,1.0,LOUD,10,KRU,13,0,0.439,0.4,0.839
Ascent,aspas,LOUD,Jett,1.3,259.0,23,16,4,7,75.0,177.0,25.0,8.0,5.0,3.0,LOUD,13,KRU,11,1,0.813,0.391,1.204
Ascent,cauanzin,LOUD,Sova,1.17,197.0,17,12,8,5,88.0,130.0,20.0,1.0,2.0,-1.0,LOUD,13,KRU,11,1,0.683,0.413,1.097
Ascent,saadhak,LOUD,Kayo,1.12,236.0,17,17,18,0,63.0,166.0,14.0,0.0,3.0,-3.0,LOUD,13,KRU,11,1,0.635,0.365,1.0
Ascent,tuyz,LOUD,Omen,1.1,172.0,16,14,12,2,83.0,103.0,21.0,3.0,1.0,2.0,LOUD,13,KRU,11,1,0.628,0.444,1.072
Ascent,Less,LOUD,Killjoy,0.94,173.0,12,16,5,-4,71.0,117.0,23.0,1.0,0.0,1.0,LOUD,13,KRU,11,1,0.485,0.363,0.848
Ascent,NagZ,KRÜ,Killjoy,1.21,220.0,18,15,5,3,71.0,146.0,31.0,0.0,1.0,-1.0,LOUD,13,KRU,11,0,0.699,0.365,1.064
Ascent,Melser,KRÜ,Omen,1.19,216.0,19,16,8,3,71.0,126.0,25.0,2.0,2.0,0.0,LOUD,13,KRU,11,0,0.693,0.396,1.089
Ascent,keznit,KRÜ,Jett,0.77,181.0,15,19,3,-4,50.0,130.0,24.0,3.0,4.0,-1.0,LOUD,13,KRU,11,0,0.525,0.252,0.776
Ascent,Klaus,KRÜ,Sova,0.75,140.0,11,16,6,-5,54.0,103.0,19.0,2.0,1.0,1.0,LOUD,13,KRU,11,0,0.429,0.316,0.746
Ascent,axeddy,KRÜ,Kayo,0.66,150.0,12,19,8,-7,75.0,87.0,31.0,4.0,5.0,-1.0,LOUD,13,KRU,11,0,0.45,0.338,0.788
Split,aspas,LOUD,Jett,1.29,267.0,23,14,3,9,83.0,166.0,14.0,3.0,0.0,3.0,LOUD,13,KRU,10,1,0.791,0.411,1.202
Split,tuyz,LOUD,Astra,1.22,217.0,18,13,8,5,70.0,134.0,16.0,2.0,2.0,0.0,LOUD,13,KRU,10,1,0.714,0.397,1.111
Split,Less,LOUD,Viper,1.21,210.0,18,14,10,4,83.0,142.0,21.0,1.0,2.0,-1.0,LOUD,13,KRU,10,1,0.693,0.421,1.113
Split,cauanzin,LOUD,Skye,0.93,178.0,14,14,5,0,70.0,104.0,23.0,4.0,3.0,1.0,LOUD,13,KRU,10,1,0.577,0.342,0.919
Split,saadhak,LOUD,Raze,0.71,160.0,10,16,5,-6,65.0,121.0,18.0,2.0,4.0,-2.0,LOUD,13,KRU,10,1,0.44,0.284,0.725
Split,keznit,KRÜ,Jett,1.35,266.0,22,16,2,6,78.0,182.0,32.0,7.0,1.0,6.0,LOUD,13,KRU,10,0,0.834,0.399,1.233
Split,Melser,KRÜ,Astra,1.11,176.0,14,14,5,0,70.0,130.0,29.0,0.0,2.0,-2.0,LOUD,13,KRU,10,0,0.59,0.335,0.925
Split,Klaus,KRÜ,Skye,0.87,163.0,13,17,9,-4,74.0,97.0,23.0,2.0,2.0,0.0,LOUD,13,KRU,10,0,0.48,0.378,0.858
Split,NagZ,KRÜ,Viper,0.79,163.0,12,17,7,-5,57.0,102.0,18.0,2.0,3.0,-1.0,LOUD,13,KRU,10,0,0.447,0.31,0.757
Split,axeddy,KRÜ,Raze,0.55,139.0,10,19,4,-9,61.0,108.0,17.0,0.0,4.0,-4.0,LOUD,13,KRU,10,0,0.388,0.245,0.633
Fracture,Ethan,EG,Breach,1.79,267.0,17,6,13,11,84.0,158.0,17.0,4.0,0.0,4.0,EG,13,SEN,6,1,0.792,0.498,1.291
Fracture,jawgemo,EG,Raze,1.28,278.0,19,13,4,6,84.0,178.0,19.0,5.0,2.0,3.0,EG,13,SEN,6,1,0.803,0.404,1.207
Fracture,Demon1,EG,Brimstone,1.18,203.0,15,10,8,5,84.0,145.0,48.0,0.0,1.0,-1.0,EG,13,SEN,6,1,0.721,0.417,1.139
Fracture,C0M,EG,Sova,1.18,178.0,12,9,10,3,84.0,123.0,31.0,2.0,0.0,2.0,EG,13,SEN,6,1,0.648,0.463,1.111
Fracture,Boostio,EG,Killjoy,0.47,111.0,8,14,4,-6,79.0,87.0,18.0,2.0,3.0,-1.0,EG,13,SEN,6,1,0.362,0.282,0.644
Fracture,zekken,SEN,Raze,1.29,284.0,17,15,6,2,74.0,188.0,22.0,5.0,4.0,1.0,EG,13,SEN,6,0,0.764,0.398,1.161
Fracture,Sacy,SEN,Skye,0.86,148.0,9,14,7,-5,58.0,94.0,24.0,1.0,3.0,-2.0,EG,13,SEN,6,0,0.422,0.311,0.733
Fracture,pANcada,SEN,Killjoy,0.85,187.0,11,13,0,-2,53.0,123.0,22.0,0.0,2.0,-2.0,EG,13,SEN,6,0,0.51,0.257,0.767
Fracture,Marved,SEN,Brimstone,0.69,113.0,7,14,5,-7,63.0,89.0,20.0,0.0,3.0,-3.0,EG,13,SEN,6,0,0.369,0.274,0.644
Fracture,dephh,SEN,Breach,0.69,133.0,8,15,7,-7,53.0,92.0,24.0,0.0,1.0,-1.0,EG,13,SEN,6,0,0.391,0.302,0.693
Pearl,C0M,EG,Viper,1.86,222.0,17,4,8,13,89.0,136.0,29.0,2.0,0.0,2.0,EG,13,SEN,5,1,0.758,0.491,1.25
Pearl,Ethan,EG,Skye,1.29,239.0,14,12,18,2,78.0,136.0,26.0,2.0,1.0,1.0,EG,13,SEN,5,1,0.685,0.447,1.132
Pearl,jawgemo,EG,Harbor,1.28,248.0,17,11,4,6,78.0,155.0,28.0,1.0,0.0,1.0,EG,13,SEN,5,1,0.747,0.399,1.146
Pearl,Demon1,EG,Jett,1.0,224.0,16,13,1,3,67.0,159.0,40.0,4.0,5.0,-1.0,EG,13,SEN,5,1,0.718,0.304,1.022
Pearl,Boostio,EG,Killjoy,0.8,167.0,10,11,5,-1,61.0,120.0,15.0,0.0,3.0,-3.0,EG,13,SEN,5,1,0.493,0.283,0.775
Pearl,zekken,SEN,Jett,1.32,288.0,18,14,0,4,67.0,173.0,28.0,5.0,5.0,0.0,EG,13,SEN,5,0,0.802,0.347,1.149
Pearl,pANcada,SEN,Killjoy,1.06,207.0,13,13,2,0,78.0,145.0,30.0,1.0,0.0,1.0,EG,13,SEN,5,0,0.607,0.365,0.972
Pearl,Sacy,SEN,Skye,0.59,141.0,7,15,6,-8,56.0,108.0,34.0,1.0,2.0,-1.0,EG,13,SEN,5,0,0.403,0.276,0.679
Pearl,dephh,SEN,Harbor,0.54,151.0,8,16,5,-8,61.0,97.0,15.0,1.0,2.0,-1.0,EG,13,SEN,5,0,0.373,0.268,0.641
Pearl,Marved,SEN,Viper,0.37,95.0,5,16,6,-11,50.0,68.0,36.0,1.0,0.0,1.0,EG,13,SEN,5,0,0.347,0.291,0.638
Split,leaf,C9,Skye,1.52,249.0,17,9,9,8,94.0,160.0,24.0,2.0,2.0,0.0,C9,13,MIBR,5,1,0.781,0.475,1.256
Split,Zellsis,C9,Killjoy,1.44,254.0,16,8,1,8,94.0,168.0,25.0,1.0,0.0,1.0,C9,13,MIBR,5,1,0.767,0.432,1.199
Split,Xeppaa,C9,Raze,1.17,241.0,14,11,8,3,78.0,161.0,18.0,3.0,4.0,-1.0,C9,13,MIBR,5,1,0.708,0.397,1.105
Split,jakee,C9,Astra,1.06,178.0,12,11,5,1,72.0,114.0,23.0,4.0,1.0,3.0,C9,13,MIBR,5,1,0.603,0.381,0.984
Split,runi,C9,Breach,1.05,134.0,9,8,11,1,89.0,94.0,50.0,0.0,1.0,-1.0,C9,13,MIBR,5,1,0.556,0.423,0.978
Split,frz,MIBR,Viper,0.97,246.0,13,15,4,-2,61.0,173.0,38.0,6.0,3.0,3.0,C9,13,MIBR,5,0,0.644,0.333,0.976
Split,RgLMeister,MIBR,Astra,0.89,168.0,10,13,4,-3,61.0,117.0,21.0,2.0,1.0,1.0,C9,13,MIBR,5,0,0.495,0.32,0.816
Split,murizzz,MIBR,Skye,0.67,152.0,10,14,7,-4,67.0,102.0,37.0,0.0,2.0,-2.0,C9,13,MIBR,5,0,0.445,0.306,0.751
Split,heat,MIBR,Jett,0.61,118.0,7,11,2,-4,56.0,82.0,17.0,0.0,1.0,-1.0,C9,13,MIBR,5,0,0.369,0.254,0.623
Split,jzz,MIBR,Raze,0.5,119.0,7,15,3,-8,61.0,82.0,30.0,0.0,3.0,-3.0,C9,13,MIBR,5,0,0.361,0.229,0.59
Lotus,leaf,C9,Neon,1.64,318.0,20,9,4,11,88.0,185.0,16.0,5.0,1.0,4.0,C9,13,MIBR,4,1,0.833,0.44,1.273
Lotus,Xeppaa,C9,Skye,1.46,203.0,13,7,7,6,88.0,121.0,24.0,1.0,1.0,0.0,C9,13,MIBR,4,1,0.699,0.451,1.149
Lotus,runi,C9,Viper,1.45,274.0,15,9,9,6,76.0,189.0,41.0,3.0,2.0,1.0,C9,13,MIBR,4,1,0.836,0.451,1.287
Lotus,Zellsis,C9,Killjoy,1.32,220.0,15,9,2,6,88.0,148.0,20.0,1.0,2.0,-1.0,C9,13,MIBR,4,1,0.713,0.374,1.086
Lotus,jakee,C9,Omen,0.78,126.0,8,10,11,-2,71.0,72.0,22.0,1.0,0.0,1.0,C9,13,MIBR,4,1,0.427,0.391,0.817
Lotus,frz,MIBR,Killjoy,0.85,202.0,12,15,2,-3,71.0,127.0,41.0,1.0,1.0,0.0,C9,13,MIBR,4,0,0.533,0.313,0.846
Lotus,jzz,MIBR,Skye,0.82,155.0,9,14,7,-5,71.0,93.0,41.0,2.0,0.0,2.0,C9,13,MIBR,4,0,0.457,0.381,0.838
Lotus,RgLMeister,MIBR,Omen,0.68,162.0,9,15,6,-6,53.0,108.0,24.0,0.0,1.0,-1.0,C9,13,MIBR,4,0,0.419,0.29,0.709
Lotus,heat,MIBR,Raze,0.61,164.0,9,14,2,-5,59.0,117.0,25.0,3.0,3.0,0.0,C9,13,MIBR,4,0,0.45,0.258,0.708
Lotus,murizzz,MIBR,Viper,0.49,109.0,5,13,4,-8,59.0,97.0,26.0,0.0,6.0,-6.0,C9,13,MIBR,4,0,0.36,0.235,0.595
Ascent,Less,LOUD,Killjoy,1.74,342.0,22,9,4,13,83.0,211.0,25.0,2.0,2.0,0.0,LOUD,13,100T,5,1,0.84,0.401,1.241
Ascent,aspas,LOUD,Jett,1.68,270.0,19,9,6,10,78.0,171.0,24.0,4.0,1.0,3.0,LOUD,13,100T,5,1,0.822,0.446,1.268
Ascent,tuyz,LOUD,Omen,0.98,187.0,12,12,11,0,83.0,106.0,22.0,1.0,0.0,1.0,LOUD,13,100T,5,1,0.548,0.432,0.979
Ascent,cauanzin,LOUD,Sova,0.85,141.0,8,11,7,-3,72.0,96.0,9.0,0.0,3.0,-3.0,LOUD,13,100T,5,1,0.419,0.329,0.747
Ascent,saadhak,LOUD,Kayo,0.77,150.0,8,12,10,-4,61.0,95.0,4.0,3.0,2.0,1.0,LOUD,13,100T,5,1,0.423,0.354,0.777
Ascent,Cryocells,100T,Jett,1.05,232.0,16,14,1,2,61.0,154.0,28.0,5.0,2.0,3.0,LOUD,13,100T,5,0,0.695,0.33,1.025
Ascent,Derrek,100T,Sova,0.99,180.0,10,14,10,-4,72.0,135.0,36.0,3.0,0.0,3.0,LOUD,13,100T,5,0,0.543,0.427,0.97
Ascent,Asuna,100T,Kayo,0.84,171.0,10,13,5,-3,67.0,114.0,19.0,0.0,2.0,-2.0,LOUD,13,100T,5,0,0.472,0.301,0.773
Ascent,stellar,100T,Killjoy,0.75,185.0,12,14,3,-2,67.0,114.0,23.0,0.0,2.0,-2.0,LOUD,13,100T,5,0,0.499,0.269,0.768
Ascent,bang,100T,Omen,0.4,78.0,5,14,10,-9,67.0,47.0,17.0,0.0,4.0,-4.0,LOUD,13,100T,5,0,0.319,0.304,0.623
Split,aspas,LOUD,Jett,1.52,319.0,33,17,5,16,71.0,190.0,27.0,4.0,5.0,-1.0,LOUD,15,100T,13,1,0.857,0.383,1.24
Split,Less,LOUD,Viper,1.03,190.0,19,17,6,2,68.0,138.0,19.0,2.0,4.0,-2.0,LOUD,15,100T,13,1,0.648,0.334,0.982
Split,tuyz,LOUD,Astra,0.94,148.0,12,16,12,-4,79.0,103.0,26.0,0.0,1.0,-1.0,LOUD,15,100T,13,1,0.468,0.394,0.863
Split,cauanzin,LOUD,Skye,0.93,166.0,15,18,11,-3,86.0,106.0,25.0,3.0,2.0,1.0,LOUD,15,100T,13,1,0.535,0.413,0.948
Split,saadhak,LOUD,Raze,0.7,168.0,14,21,5,-7,57.0,115.0,10.0,3.0,4.0,-1.0,LOUD,15,100T,13,1,0.458,0.278,0.736
Split,Cryocells,100T,Sage,1.28,232.0,22,16,10,6,79.0,156.0,27.0,4.0,1.0,3.0,LOUD,15,100T,13,0,0.787,0.461,1.248
Split,Asuna,100T,Raze,1.09,253.0,22,23,7,-1,75.0,167.0,18.0,6.0,2.0,4.0,LOUD,15,100T,13,0,0.681,0.402,1.083
Split,bang,100T,Astra,0.97,163.0,18,17,9,1,79.0,106.0,30.0,2.0,3.0,-1.0,LOUD,15,100T,13,0,0.603,0.388,0.992
Split,Derrek,100T,Skye,0.93,154.0,16,18,7,-2,75.0,113.0,36.0,2.0,3.0,-1.0,LOUD,15,100T,13,0,0.552,0.355,0.907
Split,stellar,100T,Cypher,0.71,129.0,11,19,8,-8,61.0,90.0,15.0,2.0,3.0,-1.0,LOUD,15,100T,13,0,0.405,0.32,0.724
Haven,kiNgg,LEV,Breach,1.67,231.0,16,5,8,11,82.0,151.0,27.0,2.0,0.0,2.0,LEV,13,KRU,4,1,0.765,0.48,1.245
Haven,nzr,LEV,Sova,1.6,231.0,14,6,8,8,88.0,152.0,13.0,0.0,0.0,0.0,LEV,13,KRU,4,1,0.72,0.472,1.193
Haven,Mazino,LEV,Omen,1.48,281.0,17,8,7,9,88.0,169.0,29.0,3.0,2.0,1.0,LEV,13,KRU,4,1,0.823,0.451,1.275
Haven,Tacolilla,LEV,Jett,1.41,254.0,15,9,5,6,88.0,178.0,22.0,5.0,1.0,4.0,LEV,13,KRU,4,1,0.791,0.445,1.236
Haven,Shyy,LEV,Killjoy,0.84,143.0,9,9,2,0,94.0,91.0,34.0,2.0,2.0,0.0,LEV,13,KRU,4,1,0.519,0.341,0.86
Haven,Klaus,KRÜ,Sova,0.81,219.0,12,15,2,-3,71.0,133.0,13.0,3.0,1.0,2.0,LEV,13,KRU,4,0,0.533,0.326,0.859
Haven,axeddy,KRÜ,Breach,0.73,157.0,9,14,3,-5,65.0,89.0,16.0,0.0,0.0,0.0,LEV,13,KRU,4,0,0.397,0.3,0.697
Haven,NagZ,KRÜ,Killjoy,0.54,90.0,4,13,4,-9,65.0,69.0,15.0,0.0,1.0,-1.0,LEV,13,KRU,4,0,0.324,0.273,0.597
Haven,keznit,KRÜ,Jett,0.53,152.0,9,15,1,-6,53.0,105.0,35.0,2.0,7.0,-5.0,LEV,13,KRU,4,0,0.425,0.218,0.644
Haven,Melser,KRÜ,Omen,0.28,53.0,3,14,3,-11,53.0,32.0,36.0,0.0,3.0,-3.0,LEV,13,KRU,4,0,0.344,0.214,0.558
Split,Mazino,LEV,Astra,2.0,351.0,23,7,8,16,88.0,221.0,22.0,3.0,0.0,3.0,LEV,13,KRU,4,1,0.85,0.494,1.344
Split,kiNgg,LEV,Viper,1.38,264.0,15,9,9,6,76.0,155.0,19.0,2.0,0.0,2.0,LEV,13,KRU,4,1,0.758,0.471,1.23
Split,nzr,LEV,Raze,1.36,335.0,18,12,7,6,76.0,220.0,15.0,4.0,3.0,1.0,LEV,13,KRU,4,1,0.814,0.42,1.233
Split,Shyy,LEV,Skye,1.01,134.0,8,8,10,0,82.0,95.0,30.0,0.0,1.0,-1.0,LEV,13,KRU,4,1,0.511,0.407,0.917
Split,Tacolilla,LEV,Jett,0.83,107.0,8,9,0,-1,71.0,59.0,0.0,3.0,1.0,2.0,LEV,13,KRU,4,1,0.433,0.328,0.761
Split,NagZ,KRÜ,Viper,0.93,228.0,13,15,4,-2,53.0,154.0,14.0,1.0,3.0,-2.0,LEV,13,KRU,4,0,0.555,0.276,0.831
Split,keznit,KRÜ,Jett,0.85,196.0,10,15,3,-5,59.0,140.0,23.0,2.0,2.0,0.0,LEV,13,KRU,4,0,0.493,0.284,0.777
Split,Klaus,KRÜ,Skye,0.69,152.0,9,14,7,-5,53.0,86.0,24.0,0.0,2.0,-2.0,LEV,13,KRU,4,0,0.401,0.284,0.685
Split,Melser,KRÜ,Astra,0.68,136.0,7,14,5,-7,59.0,96.0,37.0,0.0,1.0,-1.0,LEV,13,KRU,4,0,0.406,0.289,0.695
Split,axeddy,KRÜ,Raze,0.49,123.0,6,14,2,-8,53.0,90.0,22.0,2.0,4.0,-2.0,LEV,13,KRU,4,0,0.371,0.218,0.59
Bind,s0m,NRG,Harbor,1.51,271.0,26,14,4,12,88.0,150.0,17.0,1.0,1.0,0.0,NRG,13,FUR,11,1,0.777,0.418,1.196
Bind,ardiis,NRG,Sage,1.12,182.0,15,14,7,1,75.0,119.0,18.0,4.0,2.0,2.0,NRG,13,FUR,11,1,0.621,0.401,1.022
Bind,Victor,NRG,Raze,1.07,259.0,20,18,6,2,75.0,170.0,17.0,3.0,5.0,-2.0,NRG,13,FUR,11,1,0.722,0.35,1.073
Bind,crashies,NRG,Skye,0.79,146.0,11,15,12,-4,79.0,89.0,28.0,1.0,3.0,-2.0,NRG,13,FUR,11,1,0.44,0.361,0.801
Bind,FiNESSE,NRG,Viper,0.61,151.0,12,20,5,-8,54.0,96.0,27.0,1.0,3.0,-2.0,NRG,13,FUR,11,1,0.416,0.255,0.672
Bind,dgzin,FUR,Jett,1.42,282.0,25,17,4,8,83.0,175.0,38.0,8.0,2.0,6.0,NRG,13,FUR,11,0,0.852,0.417,1.269
Bind,mazin,FUR,Skye,0.93,186.0,15,17,10,-2,63.0,111.0,29.0,2.0,4.0,-2.0,NRG,13,FUR,11,0,0.553,0.349,0.902
Bind,Khalil,FUR,Brimstone,0.91,182.0,15,14,8,1,79.0,118.0,26.0,0.0,1.0,-1.0,NRG,13,FUR,11,0,0.58,0.38,0.96
Bind,mwzera,FUR,Raze,0.77,175.0,12,18,7,-6,67.0,125.0,19.0,2.0,2.0,0.0,NRG,13,FUR,11,0,0.467,0.333,0.801
Bind,qck,FUR,Viper,0.63,160.0,14,18,4,-4,63.0,104.0,18.0,2.0,1.0,1.0,NRG,13,FUR,11,0,0.454,0.296,0.75
Haven,crashies,NRG,Sova,1.46,246.0,21,15,13,6,75.0,164.0,32.0,2.0,1.0,1.0,NRG,11,FUR,13,0,0.809,0.46,1.269
Haven,Victor,NRG,Killjoy,1.03,251.0,21,19,7,2,67.0,156.0,23.0,4.0,2.0,2.0,NRG,11,FUR,13,0,0.719,0.378,1.097
Haven,FiNESSE,NRG,Breach,0.89,157.0,14,16,8,-2,75.0,100.0,19.0,2.0,2.0,0.0,NRG,11,FUR,13,0,0.509,0.371,0.88
Haven,s0m,NRG,Astra,0.88,163.0,16,19,8,-3,75.0,97.0,15.0,0.0,1.0,-1.0,NRG,11,FUR,13,0,0.482,0.37,0.852
Haven,ardiis,NRG,Jett,0.71,170.0,12,19,8,-7,63.0,112.0,9.0,5.0,5.0,0.0,NRG,11,FUR,13,0,0.447,0.331,0.778
Haven,dgzin,FUR,Jett,1.36,288.0,27,17,2,10,71.0,169.0,36.0,3.0,5.0,-2.0,NRG,11,FUR,13,1,0.842,0.341,1.183
Haven,qck,FUR,Viper,1.1,202.0,16,14,8,2,75.0,134.0,31.0,1.0,1.0,0.0,NRG,11,FUR,13,1,0.646,0.402,1.048
Haven,mwzera,FUR,Skye,0.92,200.0,17,18,7,-1,79.0,131.0,23.0,1.0,3.0,-2.0,NRG,11,FUR,13,1,0.573,0.352,0.925
Haven,mazin,FUR,Harbor,0.88,192.0,15,19,9,-4,67.0,119.0,25.0,3.0,1.0,2.0,NRG,11,FUR,13,1,0.536,0.394,0.93
Haven,Khalil,FUR,Killjoy,0.8,154.0,13,16,3,-3,63.0,109.0,18.0,3.0,3.0,0.0,NRG,11,FUR,13,1,0.498,0.285,0.783
Pearl,Victor,NRG,Killjoy,1.23,177.0,13,7,2,6,84.0,125.0,20.0,1.0,1.0,0.0,NRG,13,FUR,6,1,0.658,0.375,1.034
Pearl,FiNESSE,NRG,Viper,1.19,194.0,12,9,6,3,95.0,117.0,22.0,3.0,0.0,3.0,NRG,13,FUR,6,1,0.655,0.454,1.109
Pearl,s0m,NRG,Harbor,1.04,236.0,15,13,5,2,79.0,145.0,13.0,3.0,2.0,1.0,NRG,13,FUR,6,1,0.662,0.368,1.03
Pearl,crashies,NRG,Skye,1.02,138.0,10,10,15,0,84.0,78.0,11.0,0.0,1.0,-1.0,NRG,13,FUR,6,1,0.482,0.411,0.893
Pearl,ardiis,NRG,Jett,0.98,208.0,14,12,2,2,74.0,138.0,23.0,5.0,4.0,1.0,NRG,13,FUR,6,1,0.649,0.331,0.981
Pearl,mwzera,FUR,Skye,1.4,261.0,18,13,6,5,79.0,164.0,29.0,2.0,3.0,-1.0,NRG,13,FUR,6,0,0.793,0.4,1.193
Pearl,mazin,FUR,Viper,0.93,190.0,11,11,5,0,79.0,137.0,24.0,0.0,2.0,-2.0,NRG,13,FUR,6,0,0.562,0.331,0.893
Pearl,dgzin,FUR,Jett,0.72,155.0,9,13,5,-4,79.0,104.0,27.0,3.0,2.0,1.0,NRG,13,FUR,6,0,0.467,0.334,0.801
Pearl,qck,FUR,Harbor,0.64,129.0,8,14,4,-6,58.0,84.0,20.0,2.0,2.0,0.0,NRG,13,FUR,6,0,0.388,0.271,0.659
Pearl,Khalil,FUR,Killjoy,0.53,99.0,5,13,4,-8,58.0,73.0,21.0,0.0,2.0,-2.0,NRG,13,FUR,6,0,0.337,0.242,0.579
Pearl,dgzin,FUR,Jett,1.42,310.0,26,16,3,10,87.0,192.0,29.0,7.0,3.0,4.0,FUR,13,100T,10,1,0.855,0.413,1.267
Pearl,Khalil,FUR,Killjoy,1.09,213.0,16,14,9,2,65.0,153.0,23.0,1.0,1.0,0.0,FUR,13,100T,10,1,0.652,0.396,1.048
Pearl,mwzera,FUR,Skye,0.97,202.0,15,15,6,0,70.0,137.0,19.0,1.0,1.0,0.0,FUR,13,100T,10,1,0.583,0.358,0.941
Pearl,qck,FUR,Harbor,0.93,159.0,14,15,5,-1,70.0,127.0,37.0,0.0,5.0,-5.0,FUR,13,100T,10,1,0.556,0.312,0.867
Pearl,mazin,FUR,Viper,0.69,120.0,10,15,8,-5,48.0,83.0,19.0,1.0,3.0,-2.0,FUR,13,100T,10,1,0.381,0.287,0.668
Pearl,Cryocells,100T,Jett,1.47,285.0,24,14,4,10,70.0,186.0,19.0,7.0,4.0,3.0,FUR,13,100T,10,0,0.841,0.401,1.241
Pearl,bang,100T,Viper,1.0,186.0,16,16,5,0,65.0,123.0,33.0,3.0,4.0,-1.0,FUR,13,100T,10,0,0.623,0.323,0.947
Pearl,Derrek,100T,Killjoy,0.95,173.0,14,16,3,-2,70.0,118.0,31.0,0.0,1.0,-1.0,FUR,13,100T,10,0,0.537,0.313,0.85
Pearl,Asuna,100T,Skye,0.87,155.0,11,17,13,-6,65.0,96.0,20.0,2.0,0.0,2.0,FUR,13,100T,10,0,0.446,0.399,0.845
Pearl,stellar,100T,Harbor,0.58,129.0,10,18,6,-8,61.0,80.0,11.0,1.0,1.0,0.0,FUR,13,100T,10,0,0.357,0.301,0.658
Fracture,Khalil,FUR,Brimstone,1.02,225.0,15,14,5,1,70.0,144.0,33.0,0.0,3.0,-3.0,FUR,7,100T,13,0,0.638,0.321,0.959
Fracture,qck,FUR,Cypher,0.98,162.0,11,12,2,-1,55.0,107.0,24.0,2.0,2.0,0.0,FUR,7,100T,13,0,0.535,0.291,0.825
Fracture,mazin,FUR,Breach,0.69,110.0,8,14,6,-6,85.0,66.0,11.0,0.0,0.0,0.0,FUR,7,100T,13,0,0.341,0.362,0.704
Fracture,dgzin,FUR,Neon,0.61,170.0,11,17,3,-6,55.0,113.0,38.0,3.0,7.0,-4.0,FUR,7,100T,13,0,0.475,0.23,0.706
Fracture,mwzera,FUR,Fade,0.55,108.0,7,14,7,-7,70.0,66.0,13.0,1.0,2.0,-1.0,FUR,7,100T,13,0,0.325,0.306,0.631
Fracture,bang,100T,Brimstone,1.59,239.0,18,8,11,10,85.0,160.0,46.0,4.0,0.0,4.0,FUR,7,100T,13,1,0.821,0.5,1.321
Fracture,Cryocells,100T,Jett,1.31,293.0,21,13,4,8,90.0,183.0,20.0,6.0,1.0,5.0,FUR,7,100T,13,1,0.826,0.426,1.252
Fracture,Derrek,100T,Breach,1.11,142.0,8,8,17,0,85.0,88.0,27.0,2.0,1.0,1.0,FUR,7,100T,13,1,0.532,0.44,0.971
Fracture,stellar,100T,Killjoy,0.98,197.0,15,12,1,3,75.0,123.0,28.0,2.0,2.0,0.0,FUR,7,100T,13,1,0.646,0.324,0.97
Fracture,Asuna,100T,Skye,0.94,156.0,9,11,11,-2,75.0,101.0,23.0,0.0,2.0,-2.0,FUR,7,100T,13,1,0.483,0.37,0.853
Haven,mazin,FUR,Harbor,1.09,198.0,18,16,4,2,75.0,127.0,34.0,1.0,1.0,0.0,FUR,11,100T,13,0,0.651,0.356,1.008
Haven,mwzera,FUR,Skye,0.96,204.0,17,19,8,-2,75.0,135.0,25.0,3.0,0.0,3.0,FUR,11,100T,13,0,0.6,0.418,1.018
Haven,Khalil,FUR,Killjoy,0.93,170.0,15,15,4,0,63.0,111.0,20.0,4.0,1.0,3.0,FUR,11,100T,13,0,0.578,0.341,0.919
Haven,dgzin,FUR,Jett,0.79,180.0,14,19,5,-5,71.0,119.0,20.0,4.0,8.0,-4.0,FUR,11,100T,13,0,0.494,0.298,0.792
Haven,qck,FUR,Viper,0.72,158.0,12,19,8,-7,71.0,113.0,31.0,0.0,2.0,-2.0,FUR,11,100T,13,0,0.448,0.329,0.776
Haven,Asuna,100T,Gekko,1.27,254.0,23,15,6,8,79.0,158.0,23.0,2.0,2.0,0.0,FUR,11,100T,13,1,0.777,0.395,1.173
Haven,stellar,100T,Killjoy,1.11,167.0,14,13,8,1,75.0,116.0,15.0,1.0,1.0,0.0,FUR,11,100T,13,1,0.571,0.403,0.974
Haven,Cryocells,100T,Jett,1.08,210.0,18,17,6,1,79.0,144.0,13.0,4.0,4.0,0.0,FUR,11,100T,13,1,0.652,0.375,1.027
Haven,Derrek,100T,Sova,1.05,219.0,18,16,8,2,79.0,160.0,31.0,3.0,2.0,1.0,FUR,11,100T,13,1,0.705,0.403,1.108
Haven,bang,100T,Omen,1.01,187.0,15,15,12,0,75.0,112.0,35.0,2.0,3.0,-1.0,FUR,11,100T,13,1,0.6,0.386,0.986
Lotus,Demon1,EG,Jett,2.04,381.0,22,6,3,16,87.0,263.0,39.0,5.0,2.0,3.0,EG,13,MIBR,2,1,0.872,0.418,1.29
Lotus,C0M,EG,Breach,1.81,252.0,15,5,10,10,93.0,155.0,27.0,1.0,0.0,1.0,EG,13,MIBR,2,1,0.759,0.501,1.259
Lotus,Ethan,EG,Skye,1.39,251.0,13,8,9,5,93.0,168.0,30.0,4.0,1.0,3.0,EG,13,MIBR,2,1,0.783,0.496,1.279
Lotus,jawgemo,EG,Omen,1.26,245.0,13,9,7,4,87.0,164.0,23.0,1.0,0.0,1.0,EG,13,MIBR,2,1,0.709,0.446,1.155
Lotus,Boostio,EG,Killjoy,1.18,150.0,9,5,3,4,80.0,113.0,32.0,0.0,1.0,-1.0,EG,13,MIBR,2,1,0.615,0.355,0.97
Lotus,frz,MIBR,Skye,0.84,217.0,10,14,3,-4,60.0,148.0,44.0,2.0,1.0,1.0,EG,13,MIBR,2,0,0.547,0.302,0.849
Lotus,TxoziN,MIBR,Killjoy,0.58,141.0,7,14,0,-7,53.0,112.0,42.0,1.0,1.0,0.0,EG,13,MIBR,2,0,0.414,0.254,0.668
Lotus,RgLMeister,MIBR,Omen,0.58,153.0,7,15,4,-8,67.0,105.0,11.0,0.0,0.0,0.0,EG,13,MIBR,2,0,0.371,0.298,0.67
Lotus,jzz,MIBR,Raze,0.27,114.0,5,15,4,-10,53.0,89.0,11.0,1.0,6.0,-5.0,EG,13,MIBR,2,0,0.333,0.225,0.558
Lotus,murizzz,MIBR,Viper,0.27,89.0,4,14,3,-10,40.0,61.0,17.0,0.0,3.0,-3.0,EG,13,MIBR,2,0,0.319,0.192,0.511
Fracture,Ethan,EG,Breach,1.98,320.0,21,8,14,13,89.0,217.0,16.0,1.0,0.0,1.0,EG,13,MIBR,5,1,0.811,0.494,1.305
Fracture,jawgemo,EG,Raze,1.32,247.0,16,12,8,4,78.0,160.0,2.0,5.0,3.0,2.0,EG,13,MIBR,5,1,0.727,0.438,1.165
Fracture,Demon1,EG,Brimstone,1.22,186.0,10,10,15,0,78.0,125.0,41.0,1.0,1.0,0.0,EG,13,MIBR,5,1,0.599,0.431,1.03
Fracture,Boostio,EG,Killjoy,1.2,226.0,15,10,3,5,78.0,157.0,25.0,3.0,2.0,1.0,EG,13,MIBR,5,1,0.746,0.361,1.107
Fracture,C0M,EG,Sova,0.86,158.0,11,10,3,1,78.0,87.0,26.0,2.0,1.0,1.0,EG,13,MIBR,5,1,0.54,0.334,0.874
Fracture,frz,MIBR,Breach,0.99,222.0,14,16,7,-2,72.0,148.0,51.0,1.0,1.0,0.0,EG,13,MIBR,5,0,0.606,0.374,0.98
Fracture,RgLMeister,MIBR,Brimstone,0.88,184.0,10,14,11,-4,56.0,117.0,16.0,1.0,1.0,0.0,EG,13,MIBR,5,0,0.464,0.358,0.822
Fracture,TxoziN,MIBR,Killjoy,0.64,120.0,7,13,2,-6,61.0,87.0,10.0,0.0,3.0,-3.0,EG,13,MIBR,5,0,0.348,0.243,0.591
Fracture,jzz,MIBR,Raze,0.61,173.0,10,16,2,-6,50.0,109.0,15.0,4.0,4.0,0.0,EG,13,MIBR,5,0,0.438,0.243,0.682
Fracture,murizzz,MIBR,Fade,0.57,122.0,8,14,4,-6,72.0,88.0,33.0,0.0,2.0,-2.0,EG,13,MIBR,5,0,0.382,0.27,0.652
Lotus,keznit,KRÜ,Jett,1.3,230.0,23,15,1,8,65.0,141.0,27.0,3.0,6.0,-3.0,KRU,12,SEN,14,0,0.778,0.32,1.098
Lotus,DaveeyS,KRÜ,Killjoy,1.24,243.0,22,16,2,6,65.0,174.0,49.0,3.0,3.0,0.0,KRU,12,SEN,14,0,0.824,0.335,1.16
Lotus,Klaus,KRÜ,Skye,1.04,218.0,20,20,11,0,69.0,143.0,23.0,3.0,1.0,2.0,KRU,12,SEN,14,0,0.661,0.414,1.075
Lotus,Melser,KRÜ,Harbor,0.78,157.0,14,19,8,-5,92.0,109.0,38.0,0.0,1.0,-1.0,KRU,12,SEN,14,0,0.468,0.388,0.856
Lotus,axeddy,KRÜ,Viper,0.5,121.0,9,19,10,-10,62.0,86.0,43.0,2.0,4.0,-2.0,KRU,12,SEN,14,0,0.404,0.301,0.705
Lotus,zekken,SEN,Omen,1.45,303.0,28,18,9,10,92.0,207.0,32.0,2.0,4.0,-2.0,KRU,12,SEN,14,1,0.847,0.452,1.299
Lotus,Sacy,SEN,Skye,1.12,196.0,18,18,6,0,81.0,126.0,25.0,4.0,1.0,3.0,KRU,12,SEN,14,1,0.642,0.413,1.055
Lotus,pANcada,SEN,Killjoy,1.02,176.0,15,15,5,0,85.0,129.0,23.0,2.0,0.0,2.0,KRU,12,SEN,14,1,0.592,0.403,0.995
Lotus,TenZ,SEN,Neon,0.95,208.0,16,18,9,-2,65.0,140.0,14.0,4.0,5.0,-1.0,KRU,12,SEN,14,1,0.582,0.363,0.945
Lotus,Marved,SEN,Viper,0.63,135.0,12,19,5,-7,62.0,96.0,17.0,3.0,1.0,2.0,KRU,12,SEN,14,1,0.426,0.314,0.74
Bind,DaveeyS,KRÜ,Cypher,1.17,200.0,18,16,4,2,70.0,123.0,43.0,3.0,3.0,0.0,KRU,10,SEN,13,0,0.698,0.347,1.046
Bind,axeddy,KRÜ,Viper,1.12,224.0,17,17,11,0,78.0,146.0,17.0,0.0,4.0,-4.0,KRU,10,SEN,13,0,0.622,0.39,1.011
Bind,keznit,KRÜ,Raze,0.87,239.0,17,18,4,-1,61.0,164.0,10.0,3.0,5.0,-2.0,KRU,10,SEN,13,0,0.616,0.283,0.899
Bind,Melser,KRÜ,Brimstone,0.77,168.0,12,19,17,-7,78.0,117.0,25.0,1.0,1.0,0.0,KRU,10,SEN,13,0,0.453,0.383,0.836
Bind,Klaus,KRÜ,Skye,0.56,125.0,10,19,8,-9,65.0,71.0,17.0,3.0,0.0,3.0,KRU,10,SEN,13,0,0.388,0.359,0.747
Bind,Marved,SEN,Brimstone,1.43,245.0,21,13,12,8,78.0,174.0,29.0,1.0,2.0,-1.0,KRU,10,SEN,13,1,0.793,0.436,1.229
Bind,pANcada,SEN,Viper,1.17,209.0,16,13,3,3,83.0,144.0,25.0,0.0,1.0,-1.0,KRU,10,SEN,13,1,0.671,0.359,1.029
Bind,zekken,SEN,Raze,1.07,262.0,21,17,4,4,87.0,166.0,19.0,6.0,2.0,4.0,KRU,10,SEN,13,1,0.759,0.387,1.146
Bind,TenZ,SEN,Jett,1.07,225.0,18,17,8,1,74.0,152.0,33.0,6.0,3.0,3.0,KRU,10,SEN,13,1,0.692,0.41,1.102
Bind,Sacy,SEN,Skye,0.89,164.0,13,15,9,-2,83.0,107.0,28.0,0.0,2.0,-2.0,KRU,10,SEN,13,1,0.51,0.378,0.888
Split,Victor,NRG,Raze,2.15,401.0,27,9,5,18,94.0,240.0,25.0,6.0,2.0,4.0,NRG,13,LOUD,5,1,0.855,0.452,1.307
Split,ardiis,NRG,Jett,1.35,272.0,17,12,3,5,72.0,195.0,22.0,5.0,1.0,4.0,NRG,13,LOUD,5,1,0.811,0.389,1.2
Split,crashies,NRG,Skye,0.96,157.0,9,10,9,-1,72.0,113.0,29.0,2.0,1.0,1.0,NRG,13,LOUD,5,1,0.531,0.402,0.934
Split,s0m,NRG,Astra,0.9,154.0,11,10,8,1,89.0,92.0,31.0,0.0,0.0,0.0,NRG,13,LOUD,5,1,0.537,0.414,0.95
Split,FiNESSE,NRG,Viper,0.6,85.0,5,11,4,-6,72.0,58.0,14.0,0.0,1.0,-1.0,NRG,13,LOUD,5,1,0.325,0.291,0.616
Split,Less,LOUD,Viper,1.24,258.0,17,14,3,3,72.0,154.0,62.0,2.0,2.0,0.0,NRG,13,LOUD,5,0,0.764,0.347,1.111
Split,aspas,LOUD,Jett,0.82,169.0,9,13,5,-4,61.0,124.0,20.0,0.0,4.0,-4.0,NRG,13,LOUD,5,0,0.457,0.285,0.742
Split,tuyz,LOUD,Astra,0.8,120.0,8,11,4,-3,67.0,81.0,38.0,1.0,1.0,0.0,NRG,13,LOUD,5,0,0.437,0.312,0.749
Split,saadhak,LOUD,Raze,0.55,176.0,9,15,3,-6,56.0,122.0,10.0,1.0,3.0,-2.0,NRG,13,LOUD,5,0,0.397,0.23,0.627
Split,cauanzin,LOUD,Skye,0.54,154.0,9,16,5,-7,61.0,104.0,23.0,1.0,3.0,-2.0,NRG,13,LOUD,5,0,0.396,0.259,0.656
Pearl,ardiis,NRG,Jett,1.51,306.0,24,15,7,9,86.0,199.0,17.0,6.0,6.0,0.0,NRG,13,LOUD,9,1,0.843,0.439,1.282
Pearl,Victor,NRG,Killjoy,1.22,233.0,19,13,9,6,86.0,159.0,18.0,2.0,0.0,2.0,NRG,13,LOUD,9,1,0.746,0.471,1.217
Pearl,crashies,NRG,Skye,1.15,186.0,16,12,11,4,86.0,115.0,36.0,0.0,2.0,-2.0,NRG,13,LOUD,9,1,0.667,0.411,1.078
Pearl,s0m,NRG,Harbor,1.1,216.0,17,15,11,2,82.0,158.0,21.0,2.0,2.0,0.0,NRG,13,LOUD,9,1,0.675,0.416,1.09
Pearl,FiNESSE,NRG,Viper,0.69,159.0,12,16,9,-4,91.0,104.0,11.0,2.0,0.0,2.0,NRG,13,LOUD,9,1,0.438,0.423,0.861
Pearl,saadhak,LOUD,Killjoy,1.24,261.0,21,16,4,5,59.0,171.0,27.0,2.0,1.0,1.0,NRG,13,LOUD,9,0,0.791,0.354,1.146
Pearl,cauanzin,LOUD,Skye,0.93,190.0,14,17,9,-3,59.0,120.0,17.0,1.0,3.0,-2.0,NRG,13,LOUD,9,0,0.509,0.342,0.851
Pearl,Less,LOUD,Viper,0.78,208.0,16,20,2,-4,68.0,124.0,33.0,4.0,3.0,1.0,NRG,13,LOUD,9,0,0.551,0.3,0.851
Pearl,tuyz,LOUD,Harbor,0.66,111.0,9,15,6,-6,77.0,72.0,29.0,0.0,2.0,-2.0,NRG,13,LOUD,9,0,0.376,0.31,0.686
Pearl,aspas,LOUD,Jett,0.59,166.0,11,20,4,-9,77.0,114.0,29.0,3.0,3.0,0.0,NRG,13,LOUD,9,0,0.461,0.297,0.759
Lotus,kiNgg,LEV,Viper,1.14,228.0,16,14,7,2,70.0,144.0,37.0,1.0,2.0,-1.0,LEV,7,C9,13,0,0.677,0.369,1.046
Lotus,Shyy,LEV,Killjoy,1.05,174.0,10,12,8,-2,75.0,127.0,14.0,1.0,1.0,0.0,LEV,7,C9,13,0,0.51,0.397,0.907
Lotus,nzr,LEV,Skye,1.01,195.0,15,15,9,0,80.0,112.0,21.0,1.0,0.0,1.0,LEV,7,C9,13,0,0.571,0.43,1.001
Lotus,Mazino,LEV,Omen,0.93,178.0,14,15,4,-1,75.0,113.0,25.0,2.0,2.0,0.0,LEV,7,C9,13,0,0.556,0.33,0.886
Lotus,Tacolilla,LEV,Raze,0.57,156.0,9,17,5,-8,60.0,104.0,15.0,4.0,6.0,-2.0,LEV,7,C9,13,0,0.418,0.261,0.679
Lotus,runi,C9,Viper,1.72,273.0,21,10,4,11,90.0,188.0,25.0,1.0,1.0,0.0,LEV,7,C9,13,1,0.815,0.422,1.237
Lotus,leaf,C9,Neon,1.27,300.0,21,16,4,5,70.0,179.0,26.0,8.0,3.0,5.0,LEV,7,C9,13,1,0.827,0.379,1.207
Lotus,Zellsis,C9,Killjoy,0.83,114.0,8,10,5,-2,65.0,82.0,12.0,0.0,3.0,-3.0,LEV,7,C9,13,1,0.416,0.293,0.708
Lotus,Xeppaa,C9,Skye,0.78,177.0,12,15,10,-3,80.0,132.0,25.0,0.0,0.0,0.0,LEV,7,C9,13,1,0.498,0.397,0.895
Lotus,jakee,C9,Omen,0.73,133.0,11,13,2,-2,80.0,80.0,28.0,2.0,2.0,0.0,LEV,7,C9,13,1,0.467,0.306,0.773
Haven,nzr,LEV,Sova,1.43,276.0,15,10,3,5,76.0,175.0,18.0,0.0,1.0,-1.0,LEV,4,C9,13,0,0.766,0.374,1.14
Haven,Tacolilla,LEV,Jett,0.95,240.0,14,14,4,0,82.0,156.0,30.0,2.0,5.0,-3.0,LEV,4,C9,13,0,0.638,0.323,0.96
Haven,kiNgg,LEV,Breach,0.88,188.0,11,12,4,-1,59.0,118.0,44.0,1.0,0.0,1.0,LEV,4,C9,13,0,0.552,0.325,0.878
Haven,Shyy,LEV,Killjoy,0.76,130.0,9,12,1,-3,59.0,75.0,16.0,0.0,2.0,-2.0,LEV,4,C9,13,0,0.408,0.257,0.665
Haven,Mazino,LEV,Omen,0.58,135.0,7,15,10,-8,65.0,91.0,17.0,1.0,5.0,-4.0,LEV,4,C9,13,0,0.365,0.311,0.675
Haven,leaf,C9,Jett,1.51,304.0,17,11,8,6,76.0,210.0,29.0,7.0,1.0,6.0,LEV,4,C9,13,1,0.842,0.465,1.306
Haven,runi,C9,Sova,1.18,218.0,15,12,3,3,71.0,147.0,38.0,2.0,2.0,0.0,LEV,4,C9,13,1,0.705,0.339,1.043
Haven,jakee,C9,Omen,1.02,145.0,9,10,10,-1,88.0,94.0,23.0,3.0,0.0,3.0,LEV,4,C9,13,1,0.527,0.457,0.984
Haven,Zellsis,C9,Breach,0.94,143.0,8,11,12,-3,71.0,77.0,19.0,0.0,0.0,0.0,LEV,4,C9,13,1,0.435,0.399,0.834
Haven,Xeppaa,C9,Killjoy,0.91,216.0,14,12,3,2,71.0,140.0,18.0,1.0,1.0,0.0,LEV,4,C9,13,1,0.609,0.319,0.929
Split,TenZ,SEN,Jett,1.4,284.0,21,13,4,8,70.0,178.0,15.0,4.0,1.0,3.0,SEN,13,FUR,7,1,0.821,0.402,1.223
Split,zekken,SEN,Raze,1.34,297.0,19,14,5,5,80.0,190.0,18.0,3.0,3.0,0.0,SEN,13,FUR,7,1,0.821,0.393,1.214
Split,Sacy,SEN,Skye,0.94,178.0,12,12,7,0,70.0,129.0,37.0,2.0,1.0,1.0,SEN,13,FUR,7,1,0.588,0.374,0.962
Split,Marved,SEN,Astra,0.93,146.0,11,12,5,-1,85.0,100.0,27.0,1.0,3.0,-2.0,SEN,13,FUR,7,1,0.506,0.341,0.847
Split,pANcada,SEN,Viper,0.68,125.0,10,12,2,-2,55.0,75.0,25.0,1.0,1.0,0.0,SEN,13,FUR,7,1,0.431,0.268,0.699
Split,dgzin,FUR,Jett,1.25,232.0,18,14,3,4,65.0,130.0,23.0,4.0,3.0,1.0,SEN,13,FUR,7,0,0.733,0.345,1.077
Split,Khalil,FUR,Astra,0.89,120.0,8,12,9,-4,80.0,80.0,21.0,0.0,0.0,0.0,SEN,13,FUR,7,0,0.409,0.409,0.818
Split,mwzera,FUR,Raze,0.86,217.0,14,16,5,-2,65.0,144.0,6.0,3.0,3.0,0.0,SEN,13,FUR,7,0,0.554,0.317,0.871
Split,mazin,FUR,Skye,0.8,180.0,14,16,6,-2,55.0,105.0,31.0,2.0,4.0,-2.0,SEN,13,FUR,7,0,0.531,0.288,0.819
Split,qck,FUR,Viper,0.66,140.0,9,15,8,-6,70.0,98.0,31.0,0.0,1.0,-1.0,SEN,13,FUR,7,0,0.409,0.339,0.748
Haven,TenZ,SEN,Jett,1.31,252.0,15,14,6,1,89.0,166.0,31.0,5.0,1.0,4.0,SEN,5,FUR,13,0,0.724,0.447,1.171
Haven,Sacy,SEN,Sova,1.02,211.0,14,15,4,-1,72.0,144.0,30.0,2.0,3.0,-1.0,SEN,5,FUR,13,0,0.608,0.326,0.934
Haven,pANcada,SEN,Killjoy,0.99,153.0,10,11,6,-1,78.0,105.0,28.0,0.0,1.0,-1.0,SEN,5,FUR,13,0,0.516,0.365,0.88
Haven,Marved,SEN,Astra,0.68,138.0,9,15,4,-6,78.0,93.0,32.0,1.0,3.0,-2.0,SEN,5,FUR,13,0,0.408,0.291,0.7
Haven,zekken,SEN,Breach,0.41,117.0,7,17,10,-10,72.0,73.0,6.0,0.0,2.0,-2.0,SEN,5,FUR,13,0,0.313,0.317,0.63
Haven,mwzera,FUR,Skye,1.55,276.0,19,10,7,9,100.0,185.0,44.0,1.0,1.0,0.0,SEN,5,FUR,13,1,0.828,0.472,1.3
Haven,dgzin,FUR,Jett,1.51,358.0,24,12,2,12,89.0,208.0,23.0,6.0,1.0,5.0,SEN,5,FUR,13,1,0.852,0.43,1.282
Haven,Khalil,FUR,Killjoy,1.0,173.0,11,10,4,1,94.0,126.0,19.0,1.0,0.0,1.0,SEN,5,FUR,13,1,0.562,0.396,0.958
Haven,qck,FUR,Viper,0.74,88.0,7,9,2,-2,72.0,53.0,18.0,0.0,3.0,-3.0,SEN,5,FUR,13,1,0.392,0.272,0.664
Haven,mazin,FUR,Harbor,0.62,168.0,11,14,6,-3,67.0,112.0,29.0,2.0,3.0,-1.0,SEN,5,FUR,13,1,0.479,0.298,0.777
Bind,Marved,SEN,Brimstone,1.08,210.0,27,23,11,4,75.0,141.0,37.0,1.0,6.0,-5.0,SEN,19,FUR,17,1,0.712,0.38,1.093
Bind,zekken,SEN,Raze,1.08,256.0,31,26,10,5,72.0,172.0,24.0,6.0,0.0,6.0,SEN,19,FUR,17,1,0.784,0.437,1.221
Bind,Sacy,SEN,Skye,0.97,192.0,23,25,11,-2,69.0,124.0,30.0,2.0,0.0,2.0,SEN,19,FUR,17,1,0.598,0.416,1.014
Bind,TenZ,SEN,Jett,0.91,212.0,25,26,8,-1,64.0,144.0,14.0,7.0,9.0,-2.0,SEN,19,FUR,17,1,0.62,0.337,0.957
Bind,pANcada,SEN,Viper,0.9,161.0,21,22,7,-1,64.0,109.0,30.0,2.0,3.0,-1.0,SEN,19,FUR,17,1,0.581,0.334,0.914
Bind,qck,FUR,Viper,1.27,223.0,28,23,12,5,61.0,148.0,23.0,2.0,4.0,-2.0,SEN,19,FUR,17,0,0.756,0.382,1.137
Bind,mazin,FUR,Skye,1.14,193.0,25,20,9,5,75.0,128.0,41.0,1.0,0.0,1.0,SEN,19,FUR,17,0,0.722,0.435,1.157
Bind,Khalil,FUR,Brimstone,1.01,207.0,27,28,11,-1,78.0,139.0,27.0,1.0,1.0,0.0,SEN,19,FUR,17,0,0.615,0.409,1.024
Bind,dgzin,FUR,Jett,0.81,163.0,21,27,3,-6,67.0,97.0,22.0,8.0,5.0,3.0,SEN,19,FUR,17,0,0.508,0.314,0.823
Bind,mwzera,FUR,Raze,0.77,187.0,21,30,11,-9,64.0,134.0,18.0,6.0,8.0,-2.0,SEN,19,FUR,17,0,0.534,0.333,0.867
Bind,crashies,NRG,Skye,1.32,212.0,19,15,10,4,91.0,144.0,44.0,2.0,2.0,0.0,NRG,13,EG,9,1,0.754,0.454,1.208
Bind,s0m,NRG,Harbor,1.3,250.0,20,15,4,5,64.0,156.0,24.0,4.0,1.0,3.0,NRG,13,EG,9,1,0.789,0.382,1.171
Bind,FiNESSE,NRG,Viper,1.03,191.0,13,14,9,-1,59.0,134.0,29.0,1.0,2.0,-1.0,NRG,13,EG,9,1,0.572,0.361,0.934
Bind,ardiis,NRG,Sage,0.99,213.0,16,17,7,-1,77.0,142.0,27.0,2.0,1.0,1.0,NRG,13,EG,9,1,0.61,0.391,1.001
Bind,Victor,NRG,Raze,0.97,198.0,15,14,6,1,68.0,136.0,21.0,3.0,4.0,-1.0,NRG,13,EG,9,1,0.629,0.336,0.965
Bind,Boostio,EG,Astra,1.06,230.0,17,16,7,1,68.0,152.0,28.0,4.0,3.0,1.0,NRG,13,EG,9,0,0.683,0.374,1.057
Bind,Demon1,EG,Jett,0.98,195.0,16,16,1,0,64.0,133.0,27.0,4.0,2.0,2.0,NRG,13,EG,9,0,0.624,0.323,0.948
Bind,C0M,EG,Viper,0.93,189.0,14,15,7,-1,73.0,121.0,22.0,0.0,2.0,-2.0,NRG,13,EG,9,0,0.547,0.343,0.89
Bind,jawgemo,EG,Raze,0.8,239.0,16,19,6,-3,59.0,162.0,17.0,2.0,5.0,-3.0,NRG,13,EG,9,0,0.571,0.291,0.861
Bind,Ethan,EG,Skye,0.72,143.0,12,17,6,-5,64.0,93.0,24.0,0.0,0.0,0.0,NRG,13,EG,9,0,0.418,0.33,0.749
Split,crashies,NRG,Skye,1.24,239.0,17,14,9,3,75.0,155.0,29.0,1.0,1.0,0.0,NRG,13,EG,7,1,0.71,0.428,1.138
Split,Victor,NRG,Raze,1.16,262.0,18,15,7,3,75.0,173.0,17.0,2.0,4.0,-2.0,NRG,13,EG,7,1,0.726,0.371,1.097
Split,FiNESSE,NRG,Viper,1.11,186.0,14,12,4,2,70.0,123.0,18.0,2.0,2.0,0.0,NRG,13,EG,7,1,0.62,0.341,0.961
Split,s0m,NRG,Astra,0.99,161.0,11,13,8,-2,90.0,101.0,35.0,2.0,0.0,2.0,NRG,13,EG,7,1,0.53,0.442,0.972
Split,ardiis,NRG,Jett,0.95,221.0,16,15,2,1,75.0,148.0,26.0,2.0,4.0,-2.0,NRG,13,EG,7,1,0.642,0.304,0.946
Split,C0M,EG,Viper,1.24,264.0,19,15,6,4,80.0,162.0,21.0,4.0,0.0,4.0,NRG,13,EG,7,0,0.769,0.434,1.203
Split,Boostio,EG,Astra,1.14,233.0,17,15,7,2,90.0,153.0,40.0,3.0,1.0,2.0,NRG,13,EG,7,0,0.723,0.438,1.16
Split,Demon1,EG,Jett,1.03,253.0,17,16,1,1,75.0,170.0,27.0,3.0,1.0,2.0,NRG,13,EG,7,0,0.701,0.356,1.057
Split,Ethan,EG,Skye,0.65,115.0,6,14,11,-8,70.0,77.0,30.0,1.0,1.0,0.0,NRG,13,EG,7,0,0.372,0.357,0.729
Split,jawgemo,EG,Raze,0.63,153.0,10,16,3,-6,60.0,106.0,12.0,0.0,6.0,-6.0,NRG,13,EG,7,0,0.393,0.241,0.634
Lotus,runi,C9,Viper,1.31,206.0,19,17,16,2,79.0,135.0,26.0,1.0,0.0,1.0,C9,15,KRU,13,1,0.678,0.46,1.139
Lotus,Xeppaa,C9,Skye,1.17,267.0,28,24,7,4,68.0,170.0,33.0,1.0,3.0,-2.0,C9,15,KRU,13,1,0.764,0.36,1.124
Lotus,Zellsis,C9,Killjoy,0.99,186.0,18,21,6,-3,75.0,127.0,23.0,0.0,1.0,-1.0,C9,15,KRU,13,1,0.546,0.36,0.905
Lotus,leaf,C9,Neon,0.92,230.0,19,24,10,-5,68.0,152.0,23.0,8.0,9.0,-1.0,C9,15,KRU,13,1,0.58,0.365,0.945
Lotus,jakee,C9,Omen,0.85,160.0,16,21,12,-5,68.0,98.0,23.0,1.0,4.0,-3.0,C9,15,KRU,13,1,0.46,0.344,0.805
Lotus,DaveeyS,KRÜ,Killjoy,1.38,304.0,31,20,2,11,82.0,196.0,34.0,2.0,2.0,0.0,C9,15,KRU,13,0,0.841,0.378,1.22
Lotus,keznit,KRÜ,Jett,1.28,269.0,26,18,4,8,68.0,170.0,33.0,7.0,5.0,2.0,C9,15,KRU,13,0,0.821,0.373,1.194
Lotus,NagZ,KRÜ,Viper,0.88,183.0,18,19,7,-1,64.0,120.0,28.0,3.0,2.0,1.0,C9,15,KRU,13,0,0.595,0.349,0.944
Lotus,Melser,KRÜ,Harbor,0.78,195.0,18,20,7,-2,64.0,135.0,30.0,2.0,0.0,2.0,C9,15,KRU,13,0,0.572,0.365,0.938
Lotus,Klaus,KRÜ,Skye,0.66,161.0,14,23,16,-9,79.0,107.0,23.0,3.0,2.0,1.0,C9,15,KRU,13,0,0.467,0.373,0.84
Ascent,leaf,C9,Jett,0.98,217.0,14,16,5,-2,63.0,146.0,25.0,3.0,4.0,-1.0,C9,6,KRU,13,0,0.602,0.318,0.92
Ascent,Zellsis,C9,Killjoy,0.79,180.0,12,15,3,-3,63.0,126.0,19.0,1.0,2.0,-1.0,C9,6,KRU,13,0,0.488,0.276,0.763
Ascent,Xeppaa,C9,Skye,0.73,191.0,12,16,6,-4,74.0,107.0,22.0,2.0,3.0,-1.0,C9,6,KRU,13,0,0.479,0.321,0.8
Ascent,jakee,C9,Omen,0.72,154.0,9,15,5,-6,68.0,117.0,25.0,1.0,1.0,0.0,C9,6,KRU,13,0,0.427,0.317,0.743
Ascent,runi,C9,Breach,0.71,125.0,8,15,11,-7,53.0,84.0,12.0,0.0,2.0,-2.0,C9,6,KRU,13,0,0.365,0.309,0.673
Ascent,DaveeyS,KRÜ,Kayo,1.67,264.0,20,10,9,10,84.0,148.0,33.0,2.0,1.0,1.0,C9,6,KRU,13,0,0.805,0.476,1.281
Ascent,keznit,KRÜ,Jett,1.39,298.0,20,12,4,8,74.0,197.0,39.0,4.0,2.0,2.0,C9,6,KRU,13,0,0.859,0.395,1.253
Ascent,NagZ,KRÜ,Killjoy,1.19,193.0,13,10,3,3,100.0,122.0,14.0,2.0,1.0,1.0,C9,6,KRU,13,0,0.635,0.406,1.041
Ascent,Melser,KRÜ,Omen,1.18,219.0,15,12,11,3,79.0,140.0,26.0,4.0,0.0,4.0,C9,6,KRU,13,0,0.701,0.459,1.16
Ascent,Klaus,KRÜ,Sova,0.77,131.0,9,11,7,-2,79.0,94.0,13.0,0.0,3.0,-3.0,C9,6,KRU,13,0,0.432,0.332,0.764
Split,Xeppaa,C9,Raze,1.56,318.0,25,13,4,12,82.0,196.0,27.0,6.0,1.0,5.0,C9,13,KRU,9,1,0.857,0.43,1.287
Split,jakee,C9,Astra,1.22,241.0,19,14,11,5,86.0,144.0,24.0,1.0,1.0,0.0,C9,13,KRU,9,1,0.734,0.444,1.178
Split,Zellsis,C9,Killjoy,1.08,199.0,18,14,2,4,86.0,140.0,24.0,5.0,1.0,4.0,C9,13,KRU,9,1,0.707,0.384,1.091
Split,runi,C9,Breach,1.02,181.0,13,14,14,-1,86.0,128.0,15.0,1.0,1.0,0.0,C9,13,KRU,9,1,0.542,0.423,0.965
Split,leaf,C9,Skye,0.55,150.0,11,18,6,-7,68.0,100.0,21.0,1.0,4.0,-3.0,C9,13,KRU,9,1,0.399,0.279,0.678
Split,keznit,KRÜ,Jett,1.49,283.0,24,16,2,8,77.0,191.0,31.0,4.0,1.0,3.0,C9,13,KRU,9,0,0.859,0.41,1.27
Split,Melser,KRÜ,Astra,0.92,171.0,13,15,9,-2,68.0,110.0,15.0,1.0,5.0,-4.0,C9,13,KRU,9,0,0.5,0.352,0.851
Split,DaveeyS,KRÜ,Raze,0.88,206.0,13,18,11,-5,86.0,147.0,17.0,2.0,3.0,-1.0,C9,13,KRU,9,0,0.51,0.391,0.9
Split,NagZ,KRÜ,Viper,0.75,161.0,13,17,3,-4,55.0,109.0,18.0,1.0,4.0,-3.0,C9,13,KRU,9,0,0.451,0.245,0.696
Split,Klaus,KRÜ,Skye,0.49,132.0,10,20,11,-10,73.0,90.0,16.0,0.0,1.0,-1.0,C9,13,KRU,9,0,0.365,0.337,0.702
Haven,nzr,LEV,Sova,1.25,223.0,16,12,2,4,75.0,146.0,25.0,1.0,3.0,-2.0,LEV,7,LOUD,13,0,0.702,0.336,1.038
Haven,Shyy,LEV,Killjoy,0.98,177.0,13,13,1,0,70.0,138.0,20.0,3.0,1.0,2.0,LEV,7,LOUD,13,0,0.595,0.342,0.938
Haven,Tacolilla,LEV,Jett,0.69,142.0,9,14,3,-5,60.0,90.0,12.0,4.0,4.0,0.0,LEV,7,LOUD,13,0,0.409,0.268,0.678
Haven,Mazino,LEV,Omen,0.68,148.0,9,15,9,-6,65.0,97.0,21.0,0.0,2.0,-2.0,LEV,7,LOUD,13,0,0.401,0.326,0.727
Haven,kiNgg,LEV,Breach,0.63,134.0,10,14,4,-4,70.0,94.0,31.0,1.0,1.0,0.0,LEV,7,LOUD,13,0,0.42,0.299,0.719
Haven,tuyz,LOUD,Harbor,1.36,201.0,15,10,6,5,90.0,154.0,34.0,1.0,0.0,1.0,LEV,7,LOUD,13,1,0.73,0.45,1.181
Haven,aspas,LOUD,Jett,1.3,213.0,16,9,3,7,85.0,126.0,46.0,3.0,1.0,2.0,LEV,7,LOUD,13,1,0.759,0.401,1.161
Haven,Less,LOUD,Killjoy,1.14,179.0,14,9,2,5,75.0,121.0,30.0,2.0,4.0,-2.0,LEV,7,LOUD,13,1,0.681,0.324,1.005
Haven,saadhak,LOUD,Viper,1.01,218.0,15,14,7,1,85.0,152.0,23.0,4.0,2.0,2.0,LEV,7,LOUD,13,1,0.656,0.406,1.062
Haven,cauanzin,LOUD,Skye,0.65,143.0,8,15,8,-7,85.0,94.0,17.0,1.0,2.0,-1.0,LEV,7,LOUD,13,1,0.382,0.353,0.736
Ascent,nzr,LEV,Sova,1.0,160.0,9,14,1,-5,50.0,117.0,27.0,1.0,0.0,1.0,LEV,5,LOUD,13,0,0.462,0.312,0.774
Ascent,kiNgg,LEV,Kayo,0.89,175.0,11,14,5,-3,44.0,120.0,27.0,1.0,2.0,-1.0,LEV,5,LOUD,13,0,0.499,0.277,0.776
Ascent,Shyy,LEV,Killjoy,0.88,184.0,11,15,2,-4,50.0,121.0,19.0,3.0,1.0,2.0,LEV,5,LOUD,13,0,0.506,0.298,0.805
Ascent,Mazino,LEV,Omen,0.42,105.0,5,15,7,-10,39.0,80.0,20.0,0.0,4.0,-4.0,LEV,5,LOUD,13,0,0.338,0.235,0.574
Ascent,Tacolilla,LEV,Jett,0.04,75.0,4,17,1,-13,28.0,53.0,11.0,0.0,6.0,-6.0,LEV,5,LOUD,13,0,0.308,0.186,0.494
Ascent,saadhak,LOUD,Kayo,1.93,293.0,19,6,13,13,83.0,185.0,22.0,4.0,0.0,4.0,LEV,5,LOUD,13,1,0.838,0.497,1.334
Ascent,aspas,LOUD,Jett,1.47,275.0,20,9,3,11,89.0,191.0,25.0,5.0,3.0,2.0,LEV,5,LOUD,13,1,0.843,0.417,1.26
Ascent,Less,LOUD,Killjoy,1.31,215.0,14,9,5,5,78.0,164.0,30.0,2.0,0.0,2.0,LEV,5,LOUD,13,1,0.744,0.422,1.166
Ascent,tuyz,LOUD,Omen,1.18,176.0,12,9,12,3,83.0,135.0,32.0,1.0,1.0,0.0,LEV,5,LOUD,13,1,0.641,0.435,1.076
Ascent,cauanzin,LOUD,Sova,1.09,166.0,10,7,8,3,89.0,97.0,10.0,1.0,1.0,0.0,LEV,5,LOUD,13,1,0.558,0.424,0.983
Fracture,RgLMeister,MIBR,Brimstone,1.74,296.0,20,10,12,10,95.0,199.0,30.0,2.0,0.0,2.0,MIBR,13,100T,6,1,0.842,0.512,1.354
Fracture,jzz,MIBR,Neon,1.17,264.0,17,13,3,4,79.0,152.0,43.0,5.0,2.0,3.0,MIBR,13,100T,6,1,0.773,0.373,1.146
Fracture,murizzz,MIBR,Skye,1.11,195.0,15,11,8,4,84.0,102.0,32.0,1.0,0.0,1.0,MIBR,13,100T,6,1,0.65,0.436,1.086
Fracture,frz,MIBR,Breach,1.09,189.0,13,11,4,2,74.0,121.0,36.0,1.0,2.0,-1.0,MIBR,13,100T,6,1,0.623,0.337,0.96
Fracture,TxoziN,MIBR,Killjoy,0.86,161.0,8,12,6,-4,63.0,120.0,14.0,4.0,2.0,2.0,MIBR,13,100T,6,1,0.47,0.342,0.812
Fracture,Derrek,100T,Breach,1.12,212.0,15,14,6,1,84.0,131.0,54.0,2.0,0.0,2.0,MIBR,13,100T,6,0,0.671,0.423,1.095
Fracture,Asuna,100T,Skye,0.92,197.0,11,14,7,-3,58.0,137.0,30.0,0.0,2.0,-2.0,MIBR,13,100T,6,0,0.528,0.317,0.845
Fracture,bang,100T,Brimstone,0.78,149.0,9,14,7,-5,79.0,103.0,31.0,0.0,2.0,-2.0,MIBR,13,100T,6,0,0.429,0.337,0.767
Fracture,Cryocells,100T,Jett,0.76,161.0,11,15,2,-4,58.0,100.0,45.0,3.0,4.0,-1.0,MIBR,13,100T,6,0,0.501,0.264,0.765
Fracture,stellar,100T,Killjoy,0.57,179.0,11,16,3,-5,58.0,126.0,15.0,1.0,5.0,-4.0,MIBR,13,100T,6,0,0.423,0.231,0.653
Pearl,frz,MIBR,Skye,1.27,222.0,20,16,12,4,73.0,162.0,30.0,2.0,3.0,-1.0,MIBR,12,100T,14,0,0.754,0.41,1.164
Pearl,RgLMeister,MIBR,Harbor,1.09,164.0,16,16,9,0,81.0,103.0,29.0,0.0,1.0,-1.0,MIBR,12,100T,14,0,0.574,0.414,0.988
Pearl,TxoziN,MIBR,Killjoy,1.05,193.0,16,17,6,-1,69.0,134.0,19.0,4.0,2.0,2.0,MIBR,12,100T,14,0,0.605,0.372,0.977
Pearl,murizzz,MIBR,Viper,0.91,217.0,20,20,4,0,62.0,142.0,32.0,2.0,4.0,-2.0,MIBR,12,100T,14,0,0.643,0.289,0.932
Pearl,jzz,MIBR,Jett,0.48,126.0,11,19,2,-8,65.0,80.0,21.0,3.0,5.0,-2.0,MIBR,12,100T,14,0,0.398,0.238,0.637
Pearl,Cryocells,100T,Jett,1.55,357.0,33,17,1,16,81.0,219.0,28.0,8.0,5.0,3.0,MIBR,12,100T,14,1,0.859,0.408,1.267
Pearl,bang,100T,Viper,1.01,165.0,16,15,6,1,85.0,117.0,36.0,4.0,2.0,2.0,MIBR,12,100T,14,1,0.629,0.395,1.024
Pearl,stellar,100T,Harbor,0.94,174.0,16,16,9,0,69.0,102.0,12.0,1.0,2.0,-1.0,MIBR,12,100T,14,1,0.536,0.368,0.904
Pearl,Asuna,100T,Skye,0.93,154.0,13,17,14,-4,81.0,98.0,15.0,1.0,0.0,1.0,MIBR,12,100T,14,1,0.455,0.423,0.878
Pearl,Derrek,100T,Killjoy,0.69,144.0,10,18,9,-8,65.0,102.0,9.0,1.0,2.0,-1.0,MIBR,12,100T,14,1,0.386,0.335,0.721
Lotus,TxoziN,MIBR,Killjoy,1.44,230.0,17,10,4,7,80.0,162.0,20.0,3.0,0.0,3.0,MIBR,13,100T,7,1,0.779,0.433,1.211
Lotus,RgLMeister,MIBR,Omen,1.4,252.0,19,12,4,7,75.0,171.0,24.0,0.0,0.0,0.0,MIBR,13,100T,7,1,0.776,0.399,1.174
Lotus,frz,MIBR,Skye,0.93,156.0,11,12,8,-1,85.0,101.0,24.0,0.0,0.0,0.0,MIBR,13,100T,7,1,0.507,0.41,0.917
Lotus,jzz,MIBR,Neon,0.9,247.0,16,16,7,0,75.0,154.0,28.0,5.0,5.0,0.0,MIBR,13,100T,7,1,0.656,0.361,1.016
Lotus,murizzz,MIBR,Viper,0.58,179.0,12,16,8,-4,60.0,104.0,25.0,2.0,5.0,-3.0,MIBR,13,100T,7,1,0.459,0.291,0.75
Lotus,Asuna,100T,Skye,1.23,226.0,18,15,11,3,75.0,122.0,14.0,3.0,3.0,0.0,MIBR,13,100T,7,0,0.693,0.418,1.111
Lotus,Derrek,100T,Killjoy,1.16,214.0,14,14,7,0,80.0,161.0,24.0,0.0,1.0,-1.0,MIBR,13,100T,7,0,0.628,0.397,1.025
Lotus,Cryocells,100T,Jett,1.16,245.0,16,15,7,1,70.0,147.0,19.0,5.0,4.0,1.0,MIBR,13,100T,7,0,0.68,0.388,1.069
Lotus,bang,100T,Omen,0.84,167.0,12,15,8,-3,70.0,116.0,29.0,2.0,1.0,1.0,MIBR,13,100T,7,0,0.509,0.375,0.884
Lotus,stellar,100T,Viper,0.54,118.0,6,16,9,-10,70.0,95.0,26.0,0.0,1.0,-1.0,MIBR,13,100T,7,0,0.368,0.337,0.705
Ascent,kiNgg,LEV,Kayo,1.28,248.0,15,13,5,2,83.0,170.0,37.0,3.0,2.0,1.0,LEV,5,FUR,13,0,0.744,0.4,1.144
Ascent,nzr,LEV,Sova,0.66,122.0,7,12,1,-5,61.0,80.0,13.0,1.0,1.0,0.0,LEV,5,FUR,13,0,0.353,0.276,0.629
Ascent,Shyy,LEV,Killjoy,0.62,138.0,7,13,3,-6,50.0,103.0,20.0,3.0,3.0,0.0,LEV,5,FUR,13,0,0.413,0.244,0.657
Ascent,Mazino,LEV,Omen,0.61,123.0,7,14,5,-7,61.0,78.0,16.0,1.0,1.0,0.0,LEV,5,FUR,13,0,0.352,0.293,0.645
Ascent,Tacolilla,LEV,Jett,0.61,143.0,9,14,1,-5,44.0,103.0,15.0,1.0,2.0,-1.0,LEV,5,FUR,13,0,0.385,0.225,0.61
Ascent,mwzera,FUR,Sova,1.44,177.0,12,6,7,6,83.0,134.0,41.0,0.0,0.0,0.0,LEV,5,FUR,13,1,0.708,0.45,1.158
Ascent,dgzin,FUR,Jett,1.25,244.0,16,10,0,6,72.0,142.0,30.0,5.0,5.0,0.0,LEV,5,FUR,13,1,0.761,0.348,1.109
Ascent,mazin,FUR,Kayo,1.15,177.0,13,8,6,5,72.0,99.0,19.0,2.0,3.0,-1.0,LEV,5,FUR,13,1,0.646,0.362,1.009
Ascent,Khalil,FUR,Omen,1.09,177.0,12,9,6,3,89.0,104.0,27.0,0.0,0.0,0.0,LEV,5,FUR,13,1,0.605,0.411,1.017
Ascent,qck,FUR,Killjoy,1.0,191.0,13,12,0,1,72.0,130.0,24.0,2.0,1.0,1.0,LEV,5,FUR,13,1,0.605,0.339,0.944
Pearl,kiNgg,LEV,Viper,1.37,256.0,35,24,16,11,82.0,166.0,25.0,3.0,3.0,0.0,LEV,20,FUR,18,1,0.812,0.444,1.256
Pearl,Tacolilla,LEV,Jett,1.12,258.0,34,29,9,5,74.0,146.0,14.0,11.0,6.0,5.0,LEV,20,FUR,18,1,0.756,0.426,1.182
Pearl,Shyy,LEV,Killjoy,1.12,214.0,28,27,10,1,79.0,155.0,21.0,6.0,1.0,5.0,LEV,20,FUR,18,1,0.692,0.444,1.136
Pearl,nzr,LEV,Skye,1.01,191.0,25,29,24,-4,79.0,121.0,17.0,1.0,2.0,-1.0,LEV,20,FUR,18,1,0.536,0.393,0.929
Pearl,Mazino,LEV,Harbor,0.67,131.0,17,28,12,-11,68.0,90.0,18.0,3.0,2.0,1.0,LEV,20,FUR,18,1,0.449,0.355,0.804
Pearl,Khalil,FUR,Killjoy,1.41,246.0,33,22,8,11,84.0,176.0,26.0,1.0,3.0,-2.0,LEV,20,FUR,18,0,0.789,0.424,1.213
Pearl,mazin,FUR,Harbor,0.93,194.0,28,27,6,1,71.0,119.0,31.0,3.0,6.0,-3.0,LEV,20,FUR,18,0,0.652,0.324,0.977
Pearl,mwzera,FUR,Skye,0.92,206.0,24,29,22,-5,76.0,145.0,21.0,0.0,4.0,-4.0,LEV,20,FUR,18,0,0.541,0.365,0.906
Pearl,dgzin,FUR,Jett,0.87,203.0,30,31,3,-1,76.0,126.0,38.0,10.0,6.0,4.0,LEV,20,FUR,18,0,0.633,0.336,0.969
Pearl,qck,FUR,Viper,0.78,197.0,22,30,15,-8,66.0,149.0,28.0,0.0,5.0,-5.0,LEV,20,FUR,18,0,0.534,0.334,0.867
Bind,nzr,LEV,Raze,1.2,303.0,19,17,3,2,79.0,186.0,20.0,3.0,1.0,2.0,LEV,6,FUR,13,0,0.762,0.381,1.142
Bind,kiNgg,LEV,Viper,1.02,202.0,13,13,4,0,84.0,119.0,40.0,2.0,2.0,0.0,LEV,6,FUR,13,0,0.61,0.355,0.964
Bind,Mazino,LEV,Harbor,0.86,167.0,11,15,4,-4,74.0,106.0,26.0,1.0,1.0,0.0,LEV,6,FUR,13,0,0.466,0.33,0.797
Bind,Tacolilla,LEV,Sage,0.58,147.0,9,16,8,-7,63.0,101.0,9.0,1.0,6.0,-5.0,LEV,6,FUR,13,0,0.371,0.296,0.667
Bind,Shyy,LEV,Skye,0.52,92.0,5,14,7,-9,63.0,60.0,11.0,1.0,1.0,0.0,LEV,6,FUR,13,0,0.311,0.309,0.62
Bind,mwzera,FUR,Raze,1.37,323.0,21,14,7,7,84.0,212.0,16.0,5.0,1.0,4.0,LEV,6,FUR,13,1,0.83,0.456,1.286
Bind,dgzin,FUR,Jett,1.3,249.0,18,14,3,4,79.0,163.0,26.0,3.0,1.0,2.0,LEV,6,FUR,13,1,0.772,0.391,1.163
Bind,qck,FUR,Viper,1.23,178.0,13,8,2,5,63.0,114.0,32.0,1.0,1.0,0.0,LEV,6,FUR,13,1,0.668,0.34,1.008
Bind,mazin,FUR,Skye,1.02,160.0,10,10,12,0,84.0,93.0,46.0,1.0,2.0,-1.0,LEV,6,FUR,13,1,0.55,0.402,0.952
Bind,Khalil,FUR,Brimstone,0.99,185.0,13,12,12,1,89.0,119.0,39.0,1.0,3.0,-2.0,LEV,6,FUR,13,1,0.597,0.399,0.996
Haven,Victor,NRG,Killjoy,1.67,308.0,28,14,3,14,83.0,197.0,29.0,6.0,1.0,5.0,NRG,13,EG,11,1,0.86,0.42,1.28
Haven,crashies,NRG,Sova,1.15,178.0,14,12,12,2,88.0,127.0,27.0,0.0,1.0,-1.0,NRG,13,EG,11,1,0.621,0.432,1.053
Haven,s0m,NRG,Astra,0.97,197.0,19,17,8,2,75.0,125.0,36.0,1.0,2.0,-1.0,NRG,13,EG,11,1,0.644,0.371,1.014
Haven,ardiis,NRG,Jett,0.78,168.0,13,16,3,-3,75.0,112.0,17.0,4.0,5.0,-1.0,NRG,13,EG,11,1,0.503,0.295,0.797
Haven,FiNESSE,NRG,Breach,0.54,127.0,9,19,12,-10,67.0,83.0,20.0,1.0,3.0,-2.0,NRG,13,EG,11,1,0.365,0.314,0.679
Haven,Demon1,EG,Jett,1.34,280.0,24,16,3,8,83.0,171.0,54.0,3.0,4.0,-1.0,NRG,13,EG,11,0,0.856,0.367,1.223
Haven,jawgemo,EG,Astra,1.01,184.0,15,16,7,-1,75.0,123.0,30.0,2.0,1.0,1.0,NRG,13,EG,11,0,0.585,0.39,0.975
Haven,Boostio,EG,Killjoy,0.96,214.0,18,19,2,-1,79.0,148.0,37.0,4.0,0.0,4.0,NRG,13,EG,11,0,0.648,0.369,1.016
Haven,Ethan,EG,Breach,0.74,153.0,13,18,6,-5,67.0,93.0,21.0,1.0,5.0,-4.0,NRG,13,EG,11,0,0.425,0.298,0.723
Haven,C0M,EG,Sova,0.72,133.0,8,14,5,-6,58.0,98.0,14.0,2.0,2.0,0.0,NRG,13,EG,11,0,0.397,0.291,0.688
Split,ardiis,NRG,Jett,1.32,288.0,27,20,8,7,82.0,185.0,28.0,9.0,4.0,5.0,NRG,13,EG,15,0,0.838,0.449,1.288
Split,crashies,NRG,Skye,1.15,204.0,21,18,11,3,82.0,132.0,38.0,0.0,0.0,0.0,NRG,13,EG,15,0,0.697,0.44,1.137
Split,s0m,NRG,Astra,1.1,190.0,22,19,7,3,79.0,121.0,27.0,2.0,1.0,1.0,NRG,13,EG,15,0,0.68,0.406,1.086
Split,FiNESSE,NRG,Viper,0.75,202.0,16,22,7,-6,71.0,146.0,15.0,3.0,2.0,1.0,NRG,13,EG,15,0,0.519,0.347,0.865
Split,Victor,NRG,Raze,0.35,116.0,10,24,4,-14,54.0,90.0,13.0,3.0,4.0,-1.0,NRG,13,EG,15,0,0.382,0.24,0.622
Split,Demon1,EG,Jett,1.38,267.0,28,18,1,10,61.0,164.0,39.0,0.0,2.0,-2.0,NRG,13,EG,15,1,0.804,0.326,1.13
Split,Ethan,EG,Skye,1.22,220.0,20,19,15,1,79.0,143.0,27.0,2.0,3.0,-1.0,NRG,13,EG,15,1,0.687,0.415,1.102
Split,Boostio,EG,Astra,1.22,228.0,23,19,9,4,79.0,153.0,18.0,1.0,5.0,-4.0,NRG,13,EG,15,1,0.719,0.402,1.121
Split,jawgemo,EG,Raze,0.87,194.0,17,21,9,-4,75.0,141.0,18.0,5.0,3.0,2.0,NRG,13,EG,15,1,0.549,0.397,0.946
Split,C0M,EG,Viper,0.85,168.0,15,19,9,-4,68.0,113.0,21.0,3.0,4.0,-1.0,NRG,13,EG,15,1,0.511,0.357,0.869
Ascent,crashies,NRG,Sova,1.12,217.0,14,14,7,0,75.0,147.0,27.0,1.0,1.0,0.0,NRG,7,EG,13,0,0.62,0.393,1.013
Ascent,s0m,NRG,Omen,1.03,191.0,13,14,14,-1,90.0,101.0,26.0,0.0,2.0,-2.0,NRG,7,EG,13,0,0.547,0.405,0.951
Ascent,FiNESSE,NRG,Killjoy,0.86,192.0,13,15,4,-2,55.0,117.0,7.0,1.0,2.0,-1.0,NRG,7,EG,13,0,0.491,0.281,0.772
Ascent,ardiis,NRG,Jett,0.79,161.0,13,17,3,-4,60.0,100.0,20.0,3.0,5.0,-2.0,NRG,7,EG,13,0,0.483,0.262,0.745
Ascent,Victor,NRG,Kayo,0.48,93.0,4,17,13,-13,65.0,57.0,6.0,2.0,3.0,-1.0,NRG,7,EG,13,0,0.312,0.314,0.626
Ascent,C0M,EG,Sova,1.51,249.0,19,9,8,10,95.0,161.0,24.0,1.0,0.0,1.0,NRG,7,EG,13,1,0.775,0.493,1.268
Ascent,Demon1,EG,Jett,1.49,293.0,21,10,4,11,75.0,182.0,40.0,6.0,3.0,3.0,NRG,7,EG,13,1,0.867,0.409,1.276
Ascent,Boostio,EG,Killjoy,1.07,190.0,13,11,6,2,80.0,130.0,33.0,3.0,1.0,2.0,NRG,7,EG,13,1,0.653,0.402,1.056
Ascent,jawgemo,EG,Omen,0.82,178.0,13,14,6,-1,75.0,115.0,43.0,1.0,2.0,-1.0,NRG,7,EG,13,1,0.547,0.332,0.88
Ascent,Ethan,EG,Kayo,0.78,143.0,10,13,11,-3,65.0,91.0,34.0,2.0,1.0,1.0,NRG,7,EG,13,1,0.472,0.371,0.843
Haven,Less,LOUD,Killjoy,1.82,313.0,21,6,2,15,88.0,217.0,37.0,1.0,2.0,-1.0,LOUD,13,FUR,4,1,0.84,0.389,1.229
Haven,cauanzin,LOUD,Skye,1.6,291.0,17,10,9,7,88.0,189.0,43.0,5.0,2.0,3.0,LOUD,13,FUR,4,1,0.857,0.487,1.343
Haven,saadhak,LOUD,Viper,1.46,239.0,14,6,4,8,94.0,149.0,13.0,2.0,0.0,2.0,LOUD,13,FUR,4,1,0.736,0.454,1.19
Haven,tuyz,LOUD,Harbor,0.9,155.0,10,9,4,1,88.0,111.0,43.0,2.0,2.0,0.0,LOUD,13,FUR,4,1,0.573,0.349,0.922
Haven,aspas,LOUD,Jett,0.83,130.0,9,8,3,1,76.0,97.0,22.0,0.0,1.0,-1.0,LOUD,13,FUR,4,1,0.5,0.311,0.81
Haven,mwzera,FUR,Skye,0.94,197.0,11,13,4,-2,71.0,136.0,32.0,3.0,1.0,2.0,LOUD,13,FUR,4,0,0.577,0.351,0.928
Haven,mazin,FUR,Harbor,0.83,166.0,10,15,6,-5,59.0,111.0,21.0,1.0,2.0,-1.0,LOUD,13,FUR,4,0,0.439,0.307,0.746
Haven,qck,FUR,Viper,0.79,186.0,10,14,1,-4,47.0,124.0,25.0,1.0,2.0,-1.0,LOUD,13,FUR,4,0,0.474,0.249,0.723
Haven,dgzin,FUR,Jett,0.34,96.0,5,15,2,-10,47.0,68.0,18.0,1.0,3.0,-2.0,LOUD,13,FUR,4,0,0.323,0.208,0.532
Haven,Khalil,FUR,Killjoy,0.32,76.0,3,14,0,-11,59.0,58.0,15.0,1.0,2.0,-1.0,LOUD,13,FUR,4,0,0.315,0.237,0.552
Ascent,aspas,LOUD,Jett,1.4,253.0,17,10,6,7,89.0,163.0,24.0,2.0,2.0,0.0,LOUD,13,FUR,5,1,0.777,0.426,1.203
Ascent,Less,LOUD,Killjoy,1.4,254.0,19,10,1,9,89.0,173.0,39.0,2.0,0.0,2.0,LOUD,13,FUR,5,1,0.812,0.428,1.24
Ascent,saadhak,LOUD,Kayo,1.26,201.0,11,11,17,0,89.0,122.0,23.0,4.0,1.0,3.0,LOUD,13,FUR,5,1,0.621,0.475,1.097
Ascent,cauanzin,LOUD,Sova,1.13,189.0,13,10,8,3,89.0,116.0,9.0,1.0,1.0,0.0,LOUD,13,FUR,5,1,0.597,0.429,1.026
Ascent,tuyz,LOUD,Omen,1.08,194.0,12,10,7,2,78.0,135.0,41.0,1.0,4.0,-3.0,LOUD,13,FUR,5,1,0.634,0.363,0.997
Ascent,mazin,FUR,Kayo,1.1,161.0,11,11,4,0,67.0,91.0,20.0,2.0,2.0,0.0,LOUD,13,FUR,5,0,0.545,0.335,0.88
Ascent,qck,FUR,Killjoy,1.02,246.0,15,16,3,-1,61.0,155.0,36.0,2.0,1.0,1.0,LOUD,13,FUR,5,0,0.644,0.323,0.967
Ascent,mwzera,FUR,Sova,0.65,133.0,8,14,5,-6,61.0,105.0,31.0,0.0,1.0,-1.0,LOUD,13,FUR,5,0,0.405,0.289,0.694
Ascent,Khalil,FUR,Omen,0.64,142.0,9,16,7,-7,61.0,89.0,24.0,0.0,1.0,-1.0,LOUD,13,FUR,5,0,0.393,0.31,0.703
Ascent,dgzin,FUR,Jett,0.44,135.0,8,15,3,-7,61.0,91.0,20.0,4.0,5.0,-1.0,LOUD,13,FUR,5,0,0.394,0.24,0.635
Fracture,Xeppaa,C9,Raze,0.89,222.0,11,15,6,-4,61.0,152.0,21.0,5.0,4.0,1.0,C9,5,EG,13,0,0.549,0.333,0.882
Fracture,jakee,C9,Brimstone,0.88,177.0,10,14,9,-4,56.0,117.0,32.0,0.0,2.0,-2.0,C9,5,EG,13,0,0.484,0.332,0.815
Fracture,leaf,C9,Skye,0.77,168.0,10,15,7,-5,61.0,109.0,20.0,2.0,3.0,-1.0,C9,5,EG,13,0,0.446,0.315,0.761
Fracture,Zellsis,C9,Killjoy,0.76,127.0,9,13,2,-4,56.0,73.0,17.0,1.0,0.0,1.0,C9,5,EG,13,0,0.392,0.296,0.689
Fracture,runi,C9,Breach,0.43,125.0,7,17,5,-10,56.0,88.0,44.0,0.0,1.0,-1.0,C9,5,EG,13,0,0.383,0.264,0.646
Fracture,Ethan,EG,Breach,1.56,229.0,15,7,12,8,78.0,147.0,27.0,2.0,0.0,2.0,C9,5,EG,13,1,0.757,0.484,1.241
Fracture,Demon1,EG,Brimstone,1.5,247.0,15,8,14,7,83.0,149.0,36.0,3.0,1.0,2.0,C9,5,EG,13,1,0.793,0.483,1.277
Fracture,jawgemo,EG,Raze,1.4,284.0,20,11,3,9,78.0,175.0,21.0,3.0,3.0,0.0,C9,5,EG,13,1,0.824,0.374,1.198
Fracture,Boostio,EG,Killjoy,0.99,220.0,15,13,1,2,72.0,130.0,18.0,2.0,2.0,0.0,C9,5,EG,13,1,0.633,0.32,0.953
Fracture,C0M,EG,Sova,0.98,156.0,9,8,7,1,78.0,109.0,15.0,0.0,2.0,-2.0,C9,5,EG,13,1,0.525,0.357,0.882
Bind,Xeppaa,C9,Skye,0.81,197.0,9,14,5,-5,60.0,134.0,37.0,1.0,2.0,-1.0,C9,2,EG,13,0,0.483,0.295,0.778
Bind,runi,C9,Viper,0.55,153.0,6,15,4,-9,47.0,117.0,30.0,0.0,1.0,-1.0,C9,2,EG,13,0,0.406,0.244,0.649
Bind,Zellsis,C9,Raze,0.55,156.0,7,14,3,-7,60.0,105.0,14.0,1.0,3.0,-2.0,C9,2,EG,13,0,0.376,0.236,0.612
Bind,jakee,C9,Brimstone,0.24,78.0,3,15,5,-12,40.0,50.0,14.0,1.0,1.0,0.0,C9,2,EG,13,0,0.313,0.245,0.559
Bind,leaf,C9,Jett,0.2,116.0,5,15,0,-10,53.0,70.0,16.0,0.0,5.0,-5.0,C9,2,EG,13,0,0.331,0.214,0.545
Bind,Boostio,EG,Astra,1.88,336.0,21,5,3,16,93.0,193.0,23.0,1.0,0.0,1.0,C9,2,EG,13,1,0.822,0.434,1.255
Bind,jawgemo,EG,Raze,1.72,297.0,16,6,5,10,93.0,170.0,14.0,5.0,1.0,4.0,C9,2,EG,13,1,0.801,0.46,1.261
Bind,Demon1,EG,Jett,1.42,259.0,14,7,5,7,87.0,186.0,38.0,4.0,2.0,2.0,C9,2,EG,13,1,0.816,0.431,1.246
Bind,C0M,EG,Viper,1.41,223.0,13,7,4,6,93.0,149.0,41.0,1.0,0.0,1.0,C9,2,EG,13,1,0.742,0.438,1.18
Bind,Ethan,EG,Skye,1.22,147.0,9,5,7,4,87.0,95.0,26.0,1.0,0.0,1.0,C9,2,EG,13,1,0.599,0.442,1.04
Haven,jakee,C9,Omen,1.63,283.0,22,13,6,9,76.0,183.0,43.0,5.0,2.0,3.0,C9,13,LEV,8,1,0.868,0.433,1.301
Haven,runi,C9,Sova,1.15,201.0,16,11,4,5,71.0,145.0,26.0,1.0,1.0,0.0,C9,13,LEV,8,1,0.697,0.356,1.053
Haven,Zellsis,C9,Breach,1.13,172.0,12,12,11,0,62.0,114.0,21.0,2.0,1.0,1.0,C9,13,LEV,8,1,0.575,0.403,0.978
Haven,Xeppaa,C9,Killjoy,0.78,153.0,11,15,5,-4,67.0,97.0,30.0,0.0,2.0,-2.0,C9,13,LEV,8,1,0.45,0.295,0.745
Haven,leaf,C9,Jett,0.7,171.0,12,14,4,-2,62.0,107.0,14.0,4.0,3.0,1.0,C9,13,LEV,8,1,0.498,0.293,0.791
Haven,nzr,LEV,Skye,1.07,222.0,16,14,6,2,71.0,128.0,23.0,1.0,1.0,0.0,C9,13,LEV,8,0,0.638,0.37,1.008
Haven,Tacolilla,LEV,Jett,0.95,205.0,14,15,4,-1,52.0,143.0,27.0,5.0,4.0,1.0,C9,13,LEV,8,0,0.608,0.302,0.911
Haven,Shyy,LEV,Killjoy,0.92,190.0,13,13,3,0,67.0,149.0,23.0,1.0,2.0,-1.0,C9,13,LEV,8,0,0.577,0.296,0.873
Haven,kiNgg,LEV,Viper,0.7,157.0,10,15,5,-5,52.0,105.0,22.0,2.0,4.0,-2.0,C9,13,LEV,8,0,0.434,0.261,0.695
Haven,Mazino,LEV,Harbor,0.66,158.0,12,16,7,-4,71.0,96.0,33.0,0.0,1.0,-1.0,C9,13,LEV,8,0,0.448,0.329,0.777
Lotus,Xeppaa,C9,Skye,1.27,235.0,18,18,14,0,78.0,147.0,26.0,0.0,0.0,0.0,C9,10,LEV,13,0,0.661,0.446,1.107
Lotus,runi,C9,Viper,0.93,195.0,14,17,7,-3,78.0,130.0,20.0,1.0,2.0,-1.0,C9,10,LEV,13,0,0.523,0.36,0.883
Lotus,Zellsis,C9,Killjoy,0.9,187.0,15,16,6,-1,74.0,127.0,19.0,1.0,2.0,-1.0,C9,10,LEV,13,0,0.547,0.339,0.886
Lotus,jakee,C9,Omen,0.86,186.0,15,18,8,-3,83.0,129.0,35.0,4.0,3.0,1.0,C9,10,LEV,13,0,0.565,0.389,0.954
Lotus,leaf,C9,Neon,0.62,137.0,12,18,2,-6,65.0,89.0,14.0,1.0,9.0,-8.0,C9,10,LEV,13,0,0.386,0.248,0.634
Lotus,Shyy,LEV,Killjoy,1.26,226.0,19,14,5,5,83.0,157.0,23.0,3.0,1.0,2.0,C9,10,LEV,13,1,0.768,0.416,1.184
Lotus,kiNgg,LEV,Viper,1.21,243.0,19,14,3,5,74.0,148.0,35.0,4.0,1.0,3.0,C9,10,LEV,13,1,0.78,0.378,1.158
Lotus,Tacolilla,LEV,Raze,1.09,247.0,19,15,6,4,83.0,168.0,25.0,2.0,2.0,0.0,C9,10,LEV,13,1,0.74,0.383,1.123
Lotus,nzr,LEV,Skye,1.05,211.0,17,14,5,3,87.0,135.0,20.0,1.0,1.0,0.0,C9,10,LEV,13,1,0.65,0.383,1.034
Lotus,Mazino,LEV,Omen,0.77,163.0,13,17,12,-4,78.0,101.0,19.0,6.0,2.0,4.0,C9,10,LEV,13,1,0.481,0.396,0.876
Ascent,leaf,C9,Jett,1.57,303.0,18,10,7,8,88.0,212.0,22.0,6.0,2.0,4.0,C9,13,LEV,4,1,0.837,0.464,1.301
Ascent,Zellsis,C9,Killjoy,1.13,168.0,12,8,1,4,82.0,117.0,25.0,2.0,1.0,1.0,C9,13,LEV,4,1,0.641,0.37,1.011
Ascent,Xeppaa,C9,Skye,1.13,182.0,13,11,9,2,88.0,100.0,36.0,0.0,0.0,0.0,C9,13,LEV,4,1,0.61,0.447,1.057
Ascent,jakee,C9,Omen,1.12,247.0,14,11,9,3,82.0,155.0,41.0,2.0,1.0,1.0,C9,13,LEV,4,1,0.716,0.436,1.152
Ascent,runi,C9,Viper,0.97,217.0,13,12,4,1,94.0,142.0,28.0,3.0,0.0,3.0,C9,13,LEV,4,1,0.642,0.406,1.049
Ascent,kiNgg,LEV,Kayo,1.6,355.0,22,15,5,7,71.0,213.0,23.0,1.0,3.0,-2.0,C9,13,LEV,4,0,0.822,0.375,1.197
Ascent,nzr,LEV,Sova,0.88,132.0,7,9,5,-2,82.0,85.0,11.0,0.0,0.0,0.0,C9,13,LEV,4,0,0.425,0.366,0.791
Ascent,Shyy,LEV,Killjoy,0.8,246.0,11,16,7,-5,76.0,171.0,16.0,2.0,2.0,0.0,C9,13,LEV,4,0,0.525,0.352,0.877
Ascent,Tacolilla,LEV,Jett,0.52,146.0,7,15,5,-8,59.0,103.0,27.0,1.0,2.0,-1.0,C9,13,LEV,4,0,0.386,0.263,0.649
Ascent,Mazino,LEV,Omen,0.28,89.0,5,15,6,-10,59.0,55.0,11.0,0.0,6.0,-6.0,C9,13,LEV,4,0,0.308,0.258,0.565
Bind,Khalil,FUR,Brimstone,1.02,203.0,16,17,5,-1,73.0,155.0,37.0,1.0,1.0,0.0,FUR,9,NRG,13,0,0.614,0.357,0.971
Bind,qck,FUR,Viper,0.99,205.0,13,16,5,-3,64.0,145.0,33.0,2.0,2.0,0.0,FUR,9,NRG,13,0,0.572,0.329,0.901
Bind,mazin,FUR,Skye,0.88,110.0,10,15,4,-5,73.0,70.0,23.0,0.0,2.0,-2.0,FUR,9,NRG,13,0,0.394,0.304,0.698
Bind,dgzin,FUR,Jett,0.86,187.0,14,15,2,-1,64.0,107.0,28.0,6.0,5.0,1.0,FUR,9,NRG,13,0,0.568,0.302,0.87
Bind,mwzera,FUR,Raze,0.84,180.0,13,16,4,-3,68.0,137.0,13.0,2.0,1.0,1.0,FUR,9,NRG,13,0,0.509,0.327,0.836
Bind,crashies,NRG,Skye,1.33,273.0,23,15,11,8,82.0,181.0,26.0,0.0,1.0,-1.0,FUR,9,NRG,13,1,0.797,0.441,1.238
Bind,Victor,NRG,Raze,1.25,183.0,16,11,2,5,73.0,122.0,17.0,2.0,4.0,-2.0,FUR,9,NRG,13,1,0.685,0.332,1.018
Bind,FiNESSE,NRG,Viper,0.99,188.0,14,13,6,1,77.0,137.0,24.0,3.0,4.0,-1.0,FUR,9,NRG,13,1,0.626,0.354,0.98
Bind,s0m,NRG,Harbor,0.96,135.0,11,11,6,0,77.0,96.0,39.0,1.0,0.0,1.0,FUR,9,NRG,13,1,0.531,0.386,0.917
Bind,ardiis,NRG,Sage,0.86,202.0,15,16,6,-1,68.0,125.0,18.0,5.0,2.0,3.0,FUR,9,NRG,13,1,0.577,0.355,0.932
Haven,qck,FUR,Viper,1.29,250.0,20,16,5,4,65.0,175.0,42.0,0.0,1.0,-1.0,FUR,10,NRG,13,0,0.777,0.364,1.141
Haven,dgzin,FUR,Jett,1.0,239.0,19,17,4,2,70.0,138.0,14.0,6.0,7.0,-1.0,FUR,10,NRG,13,0,0.675,0.321,0.995
Haven,mwzera,FUR,Skye,0.99,223.0,17,16,11,1,83.0,137.0,24.0,1.0,5.0,-4.0,FUR,10,NRG,13,0,0.627,0.384,1.011
Haven,Khalil,FUR,Killjoy,0.89,137.0,9,14,2,-5,61.0,109.0,20.0,0.0,1.0,-1.0,FUR,10,NRG,13,0,0.424,0.292,0.716
Haven,mazin,FUR,Harbor,0.57,102.0,9,17,9,-8,70.0,55.0,12.0,0.0,2.0,-2.0,FUR,10,NRG,13,0,0.33,0.322,0.652
Haven,ardiis,NRG,Jett,1.28,257.0,22,15,2,7,74.0,169.0,22.0,6.0,1.0,5.0,FUR,10,NRG,13,1,0.801,0.385,1.186
Haven,s0m,NRG,Harbor,1.17,236.0,19,15,9,4,74.0,149.0,28.0,5.0,2.0,3.0,FUR,10,NRG,13,1,0.75,0.431,1.181
Haven,crashies,NRG,Skye,1.12,201.0,15,14,14,1,87.0,128.0,48.0,2.0,0.0,2.0,FUR,10,NRG,13,1,0.658,0.462,1.12
Haven,Victor,NRG,Killjoy,0.99,208.0,16,18,7,-2,78.0,154.0,34.0,2.0,0.0,2.0,FUR,10,NRG,13,1,0.609,0.411,1.02
Haven,FiNESSE,NRG,Viper,0.74,90.0,8,12,6,-4,65.0,62.0,9.0,1.0,4.0,-3.0,FUR,10,NRG,13,1,0.349,0.294,0.643
Fracture,Less,LOUD,Viper,1.7,319.0,25,14,3,11,77.0,216.0,31.0,4.0,2.0,2.0,LOUD,13,EG,9,1,0.862,0.397,1.259
Fracture,tuyz,LOUD,Omen,1.17,189.0,17,16,8,1,82.0,128.0,31.0,2.0,0.0,2.0,LOUD,13,EG,9,1,0.648,0.448,1.096
Fracture,aspas,LOUD,Neon,0.96,207.0,16,16,6,0,73.0,142.0,36.0,1.0,3.0,-2.0,LOUD,13,EG,9,1,0.615,0.335,0.95
Fracture,cauanzin,LOUD,Breach,0.92,186.0,13,16,8,-3,77.0,114.0,32.0,3.0,4.0,-1.0,LOUD,13,EG,9,1,0.549,0.369,0.917
Fracture,saadhak,LOUD,Kayo,0.81,151.0,9,15,15,-6,64.0,101.0,12.0,0.0,3.0,-3.0,LOUD,13,EG,9,1,0.403,0.333,0.737
Fracture,jawgemo,EG,Raze,1.29,286.0,21,18,7,3,82.0,191.0,14.0,4.0,1.0,3.0,LOUD,13,EG,9,0,0.787,0.444,1.231
Fracture,Ethan,EG,Breach,0.95,167.0,12,14,15,-2,82.0,97.0,17.0,1.0,2.0,-1.0,LOUD,13,EG,9,0,0.491,0.391,0.882
Fracture,C0M,EG,Sova,0.94,197.0,14,16,5,-2,68.0,132.0,17.0,4.0,2.0,2.0,LOUD,13,EG,9,0,0.567,0.348,0.914
Fracture,Demon1,EG,Brimstone,0.78,199.0,16,16,3,0,59.0,125.0,36.0,2.0,2.0,0.0,LOUD,13,EG,9,0,0.596,0.276,0.872
Fracture,Boostio,EG,Killjoy,0.76,181.0,14,16,2,-2,64.0,131.0,24.0,1.0,3.0,-2.0,LOUD,13,EG,9,0,0.52,0.265,0.785
Ascent,aspas,LOUD,Jett,1.26,245.0,21,16,6,5,79.0,151.0,25.0,5.0,2.0,3.0,LOUD,11,EG,13,0,0.785,0.416,1.201
Ascent,saadhak,LOUD,Kayo,1.05,226.0,19,17,11,2,67.0,125.0,11.0,4.0,5.0,-1.0,LOUD,11,EG,13,0,0.659,0.377,1.036
Ascent,cauanzin,LOUD,Sova,0.95,193.0,14,18,7,-4,75.0,147.0,27.0,1.0,0.0,1.0,LOUD,11,EG,13,0,0.53,0.393,0.923
Ascent,tuyz,LOUD,Omen,0.9,167.0,16,17,9,-1,67.0,101.0,33.0,1.0,3.0,-2.0,LOUD,11,EG,13,0,0.544,0.352,0.896
Ascent,Less,LOUD,Killjoy,0.86,168.0,15,17,3,-2,67.0,117.0,22.0,0.0,3.0,-3.0,LOUD,11,EG,13,0,0.517,0.277,0.793
Ascent,Demon1,EG,Jett,1.53,328.0,28,17,3,11,75.0,213.0,26.0,8.0,2.0,6.0,LOUD,11,EG,13,1,0.856,0.398,1.254
Ascent,C0M,EG,Sova,1.1,197.0,17,16,6,1,67.0,125.0,18.0,3.0,1.0,2.0,LOUD,11,EG,13,1,0.639,0.384,1.023
Ascent,Ethan,EG,Kayo,0.89,144.0,12,17,13,-5,71.0,74.0,12.0,1.0,1.0,0.0,LOUD,11,EG,13,1,0.405,0.384,0.789
Ascent,jawgemo,EG,Omen,0.78,190.0,17,18,9,-1,71.0,124.0,38.0,0.0,4.0,-4.0,LOUD,11,EG,13,1,0.568,0.342,0.91
Ascent,Boostio,EG,Killjoy,0.68,154.0,11,17,5,-6,67.0,108.0,17.0,1.0,3.0,-2.0,LOUD,11,EG,13,1,0.414,0.284,0.698
Bind,Less,LOUD,Viper,2.03,329.0,19,5,7,14,75.0,198.0,28.0,4.0,1.0,3.0,LOUD,13,EG,3,1,0.849,0.452,1.301
Bind,aspas,LOUD,Raze,1.5,337.0,20,12,5,8,81.0,207.0,22.0,2.0,2.0,0.0,LOUD,13,EG,3,1,0.831,0.409,1.24
Bind,cauanzin,LOUD,Skye,1.34,246.0,15,9,7,6,94.0,151.0,23.0,1.0,1.0,0.0,LOUD,13,EG,3,1,0.734,0.448,1.182
Bind,tuyz,LOUD,Brimstone,0.71,138.0,8,11,5,-3,81.0,96.0,33.0,1.0,1.0,0.0,LOUD,13,EG,3,1,0.44,0.337,0.777
Bind,saadhak,LOUD,Chamber,0.67,150.0,8,10,1,-2,44.0,101.0,35.0,1.0,3.0,-2.0,LOUD,13,EG,3,1,0.462,0.222,0.685
Bind,jawgemo,EG,Raze,0.87,254.0,13,15,4,-2,56.0,160.0,18.0,2.0,3.0,-1.0,LOUD,13,EG,3,0,0.587,0.283,0.87
Bind,C0M,EG,Viper,0.77,161.0,10,14,2,-4,38.0,111.0,21.0,0.0,1.0,-1.0,LOUD,13,EG,3,0,0.445,0.241,0.686
Bind,Demon1,EG,Jett,0.74,182.0,9,15,3,-6,75.0,158.0,27.0,3.0,3.0,0.0,LOUD,13,EG,3,0,0.502,0.299,0.801
Bind,Ethan,EG,Skye,0.65,121.0,6,12,7,-6,75.0,77.0,18.0,0.0,0.0,0.0,LOUD,13,EG,3,0,0.358,0.352,0.71
Bind,Boostio,EG,Astra,0.61,175.0,8,15,5,-7,63.0,121.0,36.0,2.0,1.0,1.0,LOUD,13,EG,3,0,0.452,0.305,0.757
Pearl,jakee,C9,Viper,1.29,229.0,18,12,6,6,70.0,152.0,42.0,3.0,2.0,1.0,C9,13,NRG,10,1,0.788,0.391,1.179
Pearl,Xeppaa,C9,Skye,1.15,211.0,19,17,8,2,70.0,134.0,28.0,1.0,3.0,-2.0,C9,13,NRG,10,1,0.666,0.373,1.038
Pearl,Zellsis,C9,Harbor,1.07,155.0,13,12,6,1,74.0,112.0,10.0,1.0,0.0,1.0,C9,13,NRG,10,1,0.544,0.393,0.937
Pearl,runi,C9,Killjoy,0.95,196.0,14,16,8,-2,70.0,133.0,24.0,3.0,1.0,2.0,C9,13,NRG,10,1,0.578,0.395,0.974
Pearl,leaf,C9,Jett,0.89,182.0,14,17,1,-3,57.0,120.0,30.0,3.0,6.0,-3.0,C9,13,NRG,10,1,0.55,0.263,0.813
Pearl,crashies,NRG,Skye,1.42,274.0,21,15,7,6,78.0,183.0,42.0,0.0,1.0,-1.0,C9,13,NRG,10,0,0.827,0.421,1.249
Pearl,ardiis,NRG,Jett,1.07,209.0,15,13,6,2,65.0,124.0,11.0,6.0,5.0,1.0,C9,13,NRG,10,0,0.634,0.359,0.994
Pearl,FiNESSE,NRG,Viper,0.81,186.0,15,15,1,0,61.0,148.0,20.0,0.0,1.0,-1.0,C9,13,NRG,10,0,0.567,0.284,0.851
Pearl,s0m,NRG,Harbor,0.79,170.0,14,16,8,-2,65.0,108.0,25.0,1.0,3.0,-2.0,C9,13,NRG,10,0,0.504,0.326,0.83
Pearl,Victor,NRG,Killjoy,0.57,124.0,9,19,5,-10,61.0,81.0,13.0,5.0,1.0,4.0,C9,13,NRG,10,0,0.384,0.311,0.694
Lotus,Zellsis,C9,Killjoy,1.4,239.0,19,12,5,7,86.0,156.0,16.0,2.0,1.0,1.0,C9,9,NRG,13,0,0.762,0.427,1.19
Lotus,runi,C9,Viper,1.03,174.0,13,13,7,0,77.0,129.0,28.0,1.0,0.0,1.0,C9,9,NRG,13,0,0.575,0.405,0.979
Lotus,Xeppaa,C9,Skye,0.97,215.0,15,16,6,-1,64.0,146.0,25.0,1.0,1.0,0.0,C9,9,NRG,13,0,0.589,0.348,0.937
Lotus,leaf,C9,Neon,0.81,205.0,15,17,4,-2,64.0,126.0,15.0,4.0,8.0,-4.0,C9,9,NRG,13,0,0.554,0.278,0.831
Lotus,jakee,C9,Omen,0.6,148.0,10,17,4,-7,73.0,96.0,46.0,2.0,2.0,0.0,C9,9,NRG,13,0,0.442,0.292,0.733
Lotus,crashies,NRG,Skye,1.52,241.0,19,11,13,8,95.0,139.0,24.0,4.0,2.0,2.0,C9,9,NRG,13,1,0.787,0.494,1.281
Lotus,ardiis,NRG,Killjoy,1.34,222.0,19,12,4,7,77.0,142.0,14.0,0.0,0.0,0.0,C9,9,NRG,13,1,0.72,0.396,1.116
Lotus,s0m,NRG,Omen,1.18,192.0,16,14,8,2,68.0,112.0,18.0,2.0,1.0,1.0,C9,9,NRG,13,1,0.632,0.408,1.04
Lotus,FiNESSE,NRG,Viper,0.82,182.0,11,17,11,-6,82.0,137.0,18.0,3.0,1.0,2.0,C9,9,NRG,13,1,0.493,0.413,0.905
Lotus,Victor,NRG,Neon,0.52,150.0,10,18,7,-8,77.0,100.0,17.0,3.0,6.0,-3.0,C9,9,NRG,13,1,0.415,0.302,0.717
Haven,leaf,C9,Jett,1.27,313.0,27,23,8,4,88.0,187.0,25.0,11.0,6.0,5.0,C9,12,NRG,14,0,0.816,0.454,1.27
Haven,Zellsis,C9,Breach,1.23,228.0,20,17,9,3,81.0,152.0,21.0,1.0,3.0,-2.0,C9,12,NRG,14,0,0.704,0.411,1.115
Haven,jakee,C9,Omen,0.92,152.0,15,17,2,-2,65.0,98.0,32.0,2.0,2.0,0.0,C9,12,NRG,14,0,0.531,0.301,0.832
Haven,Xeppaa,C9,Killjoy,0.8,147.0,13,17,3,-4,65.0,114.0,23.0,0.0,0.0,0.0,C9,12,NRG,14,0,0.461,0.307,0.768
Haven,runi,C9,Sova,0.72,157.0,13,20,3,-7,58.0,115.0,26.0,1.0,0.0,1.0,C9,12,NRG,14,0,0.447,0.295,0.742
Haven,Victor,NRG,Killjoy,1.15,241.0,23,16,5,7,62.0,147.0,27.0,2.0,3.0,-1.0,C9,12,NRG,14,1,0.757,0.334,1.091
Haven,crashies,NRG,Skye,1.13,216.0,19,17,16,2,69.0,157.0,33.0,2.0,4.0,-2.0,C9,12,NRG,14,1,0.702,0.38,1.082
Haven,ardiis,NRG,Jett,1.02,228.0,20,20,9,0,73.0,142.0,26.0,6.0,3.0,3.0,C9,12,NRG,14,1,0.667,0.414,1.081
Haven,FiNESSE,NRG,Viper,0.95,178.0,15,16,5,-1,62.0,116.0,24.0,1.0,4.0,-3.0,C9,12,NRG,14,1,0.548,0.3,0.848
Haven,s0m,NRG,Harbor,0.89,183.0,17,19,11,-2,69.0,122.0,27.0,0.0,1.0,-1.0,C9,12,NRG,14,1,0.546,0.372,0.919
Haven,Ethan,EG,Breach,1.28,218.0,19,14,15,5,83.0,143.0,20.0,1.0,1.0,0.0,EG,13,NRG,11,1,0.723,0.446,1.168
Haven,Demon1,EG,Jett,1.19,215.0,18,13,2,5,75.0,148.0,39.0,5.0,3.0,2.0,EG,13,NRG,11,1,0.765,0.364,1.128
Haven,C0M,EG,Sova,1.18,185.0,15,13,7,2,88.0,122.0,18.0,1.0,0.0,1.0,EG,13,NRG,11,1,0.616,0.439,1.055
Haven,jawgemo,EG,Astra,0.79,125.0,10,15,9,-5,71.0,76.0,13.0,1.0,3.0,-2.0,EG,13,NRG,11,1,0.379,0.347,0.726
Haven,Boostio,EG,Killjoy,0.7,166.0,13,18,3,-5,67.0,108.0,33.0,5.0,4.0,1.0,EG,13,NRG,11,1,0.483,0.29,0.773
Haven,crashies,NRG,Skye,1.26,195.0,17,13,8,4,83.0,122.0,30.0,2.0,3.0,-1.0,EG,13,NRG,11,0,0.7,0.415,1.115
Haven,s0m,NRG,Harbor,1.11,200.0,18,14,3,4,75.0,137.0,19.0,2.0,1.0,1.0,EG,13,NRG,11,0,0.686,0.356,1.042
Haven,Victor,NRG,Killjoy,0.92,200.0,16,15,1,1,75.0,130.0,27.0,1.0,3.0,-2.0,EG,13,NRG,11,0,0.603,0.301,0.904
Haven,FiNESSE,NRG,Viper,0.79,149.0,11,16,4,-5,67.0,104.0,21.0,1.0,1.0,0.0,EG,13,NRG,11,0,0.427,0.311,0.738
Haven,ardiis,NRG,Jett,0.6,150.0,11,17,3,-6,54.0,97.0,13.0,5.0,5.0,0.0,EG,13,NRG,11,0,0.419,0.249,0.668
Ascent,C0M,EG,Sova,1.17,206.0,15,13,5,2,76.0,133.0,32.0,0.0,0.0,0.0,EG,8,NRG,13,0,0.652,0.387,1.039
Ascent,Ethan,EG,Kayo,1.08,208.0,13,14,10,-1,67.0,128.0,18.0,3.0,3.0,0.0,EG,8,NRG,13,0,0.596,0.389,0.985
Ascent,Boostio,EG,Killjoy,0.91,205.0,14,15,9,-1,57.0,142.0,28.0,1.0,5.0,-4.0,EG,8,NRG,13,0,0.575,0.332,0.907
Ascent,jawgemo,EG,Omen,0.7,105.0,8,14,12,-6,71.0,63.0,23.0,0.0,2.0,-2.0,EG,8,NRG,13,0,0.359,0.338,0.697
Ascent,Demon1,EG,Jett,0.49,146.0,10,19,1,-9,52.0,104.0,29.0,2.0,5.0,-3.0,EG,8,NRG,13,0,0.415,0.212,0.627
Ascent,FiNESSE,NRG,Killjoy,1.32,214.0,16,10,5,6,76.0,140.0,31.0,3.0,0.0,3.0,EG,8,NRG,13,1,0.754,0.424,1.179
Ascent,s0m,NRG,Omen,1.28,204.0,19,11,10,8,81.0,148.0,40.0,1.0,0.0,1.0,EG,8,NRG,13,1,0.745,0.46,1.205
Ascent,ardiis,NRG,Jett,1.28,245.0,19,13,5,6,81.0,154.0,15.0,9.0,2.0,7.0,EG,8,NRG,13,1,0.765,0.41,1.175
Ascent,Victor,NRG,Kayo,1.23,219.0,14,13,18,1,81.0,139.0,20.0,1.0,3.0,-2.0,EG,8,NRG,13,1,0.632,0.411,1.043
Ascent,crashies,NRG,Sova,0.81,144.0,7,13,9,-6,81.0,114.0,13.0,1.0,1.0,0.0,EG,8,NRG,13,1,0.401,0.393,0.794
Lotus,Demon1,EG,Jett,1.18,228.0,19,16,2,3,78.0,180.0,38.0,1.0,0.0,1.0,EG,10,NRG,13,0,0.734,0.378,1.112
Lotus,Ethan,EG,Skye,1.08,207.0,12,17,20,-5,74.0,139.0,13.0,4.0,1.0,3.0,EG,10,NRG,13,0,0.53,0.431,0.961
Lotus,C0M,EG,Breach,1.07,201.0,17,16,12,1,74.0,119.0,22.0,0.0,3.0,-3.0,EG,10,NRG,13,0,0.61,0.378,0.988
Lotus,jawgemo,EG,Omen,0.66,126.0,10,18,8,-8,57.0,76.0,30.0,2.0,2.0,0.0,EG,10,NRG,13,0,0.406,0.316,0.722
Lotus,Boostio,EG,Killjoy,0.59,177.0,13,21,3,-8,61.0,114.0,15.0,3.0,7.0,-4.0,EG,10,NRG,13,0,0.455,0.238,0.693
Lotus,ardiis,NRG,Killjoy,1.55,299.0,25,14,5,11,91.0,192.0,13.0,4.0,0.0,4.0,EG,10,NRG,13,1,0.835,0.465,1.301
Lotus,Victor,NRG,Neon,1.4,266.0,22,13,5,9,83.0,168.0,24.0,6.0,4.0,2.0,EG,10,NRG,13,1,0.82,0.422,1.242
Lotus,s0m,NRG,Omen,1.2,249.0,21,16,9,5,83.0,145.0,17.0,2.0,3.0,-1.0,EG,10,NRG,13,1,0.75,0.419,1.169
Lotus,crashies,NRG,Skye,0.94,144.0,11,13,14,-2,78.0,91.0,26.0,0.0,1.0,-1.0,EG,10,NRG,13,1,0.484,0.393,0.877
Lotus,FiNESSE,NRG,Viper,0.64,122.0,9,15,6,-6,74.0,91.0,11.0,1.0,2.0,-1.0,EG,10,NRG,13,1,0.363,0.311,0.674
Split,Ethan,EG,Skye,1.16,228.0,14,14,5,0,76.0,132.0,16.0,2.0,1.0,1.0,EG,4,NRG,13,0,0.618,0.385,1.003
Split,Boostio,EG,Astra,0.91,178.0,11,13,3,-2,65.0,135.0,32.0,0.0,2.0,-2.0,EG,4,NRG,13,0,0.534,0.283,0.817
Split,C0M,EG,Viper,0.57,159.0,8,15,6,-7,71.0,103.0,13.0,2.0,4.0,-2.0,EG,4,NRG,13,0,0.395,0.29,0.686
Split,Demon1,EG,Jett,0.5,126.0,8,14,1,-6,53.0,85.0,41.0,1.0,2.0,-1.0,EG,4,NRG,13,0,0.384,0.228,0.612
Split,jawgemo,EG,Raze,0.45,170.0,8,17,6,-9,71.0,119.0,14.0,2.0,1.0,1.0,EG,4,NRG,13,0,0.405,0.317,0.722
Split,Victor,NRG,Raze,1.76,329.0,20,8,4,12,88.0,225.0,25.0,3.0,1.0,2.0,EG,4,NRG,13,1,0.85,0.436,1.286
Split,s0m,NRG,Astra,1.42,242.0,16,9,6,7,100.0,171.0,54.0,0.0,1.0,-1.0,EG,4,NRG,13,1,0.793,0.447,1.24
Split,FiNESSE,NRG,Viper,1.17,205.0,13,9,7,4,94.0,129.0,19.0,1.0,0.0,1.0,EG,4,NRG,13,1,0.652,0.448,1.1
Split,ardiis,NRG,Jett,1.1,258.0,13,12,10,1,88.0,176.0,10.0,5.0,4.0,1.0,EG,4,NRG,13,1,0.669,0.434,1.103
Split,crashies,NRG,Skye,1.05,175.0,11,11,14,0,88.0,102.0,24.0,1.0,1.0,0.0,EG,4,NRG,13,1,0.545,0.43,0.975
Ascent,cauanzin,LOUD,Sova,1.33,241.0,19,12,1,7,68.0,152.0,18.0,0.0,0.0,0.0,LOUD,13,NRG,9,1,0.742,0.368,1.11
Ascent,tuyz,LOUD,Omen,1.05,213.0,18,17,5,1,77.0,129.0,36.0,3.0,4.0,-1.0,LOUD,13,NRG,9,1,0.673,0.349,1.022
Ascent,saadhak,LOUD,Kayo,1.01,212.0,13,15,16,-2,68.0,132.0,21.0,4.0,3.0,1.0,LOUD,13,NRG,9,1,0.583,0.391,0.974
Ascent,Less,LOUD,Killjoy,1.0,146.0,13,11,2,2,68.0,86.0,14.0,0.0,2.0,-2.0,LOUD,13,NRG,9,1,0.538,0.298,0.836
Ascent,aspas,LOUD,Jett,0.66,111.0,8,13,1,-5,64.0,74.0,10.0,2.0,4.0,-2.0,LOUD,13,NRG,9,1,0.357,0.255,0.612
Ascent,crashies,NRG,Sova,1.19,211.0,15,15,8,0,68.0,144.0,29.0,2.0,1.0,1.0,LOUD,13,NRG,9,0,0.645,0.409,1.053
Ascent,Victor,NRG,Kayo,0.97,187.0,16,14,5,2,68.0,106.0,14.0,3.0,0.0,3.0,LOUD,13,NRG,9,0,0.612,0.374,0.986
Ascent,ardiis,NRG,Jett,0.94,218.0,17,14,3,3,68.0,147.0,34.0,5.0,4.0,1.0,LOUD,13,NRG,9,0,0.699,0.317,1.016
Ascent,FiNESSE,NRG,Killjoy,0.88,160.0,10,15,6,-5,59.0,124.0,19.0,2.0,2.0,0.0,LOUD,13,NRG,9,0,0.462,0.32,0.783
Ascent,s0m,NRG,Omen,0.69,127.0,10,13,7,-3,73.0,74.0,24.0,1.0,2.0,-1.0,LOUD,13,NRG,9,0,0.416,0.326,0.742
Bind,tuyz,LOUD,Brimstone,1.29,233.0,21,14,10,7,79.0,141.0,35.0,2.0,0.0,2.0,LOUD,13,NRG,11,1,0.774,0.467,1.24
Bind,saadhak,LOUD,Chamber,1.17,253.0,22,15,1,7,79.0,154.0,29.0,6.0,5.0,1.0,LOUD,13,NRG,11,1,0.787,0.36,1.146
Bind,aspas,LOUD,Raze,1.14,223.0,20,15,3,5,71.0,147.0,17.0,2.0,1.0,1.0,LOUD,13,NRG,11,1,0.728,0.352,1.08
Bind,cauanzin,LOUD,Skye,1.0,202.0,17,17,7,0,67.0,125.0,35.0,3.0,1.0,2.0,LOUD,13,NRG,11,1,0.639,0.384,1.023
Bind,Less,LOUD,Viper,0.63,149.0,11,18,5,-7,63.0,110.0,21.0,3.0,1.0,2.0,LOUD,13,NRG,11,1,0.444,0.316,0.76
Bind,s0m,NRG,Harbor,1.53,274.0,25,17,2,8,67.0,177.0,36.0,2.0,2.0,0.0,LOUD,13,NRG,11,0,0.837,0.363,1.2
Bind,ardiis,NRG,Sage,1.25,233.0,17,15,11,2,71.0,156.0,23.0,4.0,2.0,2.0,LOUD,13,NRG,11,0,0.715,0.431,1.146
Bind,Victor,NRG,Raze,0.76,211.0,16,20,4,-4,50.0,143.0,17.0,1.0,6.0,-5.0,LOUD,13,NRG,11,0,0.511,0.249,0.759
Bind,crashies,NRG,Skye,0.67,131.0,11,19,7,-8,50.0,86.0,48.0,1.0,1.0,0.0,LOUD,13,NRG,11,0,0.426,0.304,0.729
Bind,FiNESSE,NRG,Viper,0.5,145.0,10,20,7,-10,67.0,94.0,21.0,0.0,5.0,-5.0,LOUD,13,NRG,11,0,0.383,0.283,0.666
Fracture,Less,LOUD,Viper,1.35,285.0,22,15,11,7,83.0,188.0,32.0,2.0,2.0,0.0,LOUD,13,NRG,11,1,0.832,0.444,1.276
Fracture,aspas,LOUD,Neon,1.34,286.0,24,15,4,9,75.0,180.0,32.0,6.0,4.0,2.0,LOUD,13,NRG,11,1,0.841,0.391,1.232
Fracture,saadhak,LOUD,Kayo,1.16,218.0,19,15,6,4,71.0,125.0,28.0,2.0,1.0,1.0,LOUD,13,NRG,11,1,0.709,0.388,1.097
Fracture,tuyz,LOUD,Omen,0.75,114.0,11,16,9,-5,75.0,68.0,12.0,1.0,2.0,-1.0,LOUD,13,NRG,11,1,0.367,0.358,0.725
Fracture,cauanzin,LOUD,Breach,0.74,166.0,14,18,4,-4,67.0,117.0,26.0,1.0,3.0,-2.0,LOUD,13,NRG,11,1,0.474,0.279,0.753
Fracture,crashies,NRG,Skye,1.24,212.0,19,17,11,2,79.0,145.0,32.0,0.0,3.0,-3.0,LOUD,13,NRG,11,0,0.688,0.404,1.092
Fracture,s0m,NRG,Brimstone,1.24,240.0,19,18,12,1,75.0,155.0,24.0,2.0,1.0,1.0,LOUD,13,NRG,11,0,0.698,0.437,1.134
Fracture,Victor,NRG,Killjoy,0.83,168.0,16,17,1,-1,67.0,110.0,15.0,2.0,2.0,0.0,LOUD,13,NRG,11,0,0.532,0.295,0.827
Fracture,ardiis,NRG,Jett,0.81,210.0,15,19,4,-4,71.0,141.0,15.0,6.0,3.0,3.0,LOUD,13,NRG,11,0,0.536,0.332,0.868
Fracture,FiNESSE,NRG,Breach,0.65,136.0,10,19,10,-9,54.0,95.0,16.0,2.0,3.0,-1.0,LOUD,13,NRG,11,0,0.402,0.313,0.715
