URL,Mapa_Num,Mapa,Jogador,Time,Agente,R,ACS,K,D,A,+/-,KAST,ADR,HS%,FK,FD,+/-_FK_FD,Vencedor,Adversario,Score_Time,Score_Adv,Mapas_Time,Mapas_Adv
https://www.vlr.gg/596398/loud-vs-cloud9-vct-2026-americas-kickoff-ur1,0,Haven,Darker,LOUD,Viper,1.12,256,18,16,6,2,70,166,30,2,1,1,Cloud9,Cloud9,7.0,13.0,0.0,2.0
https://www.vlr.gg/596398/loud-vs-cloud9-vct-2026-americas-kickoff-ur1,0,Haven,cauanzin,LOUD,Sova,0.98,209,15,13,3,2,75,152,26,0,1,-1,Cloud9,Cloud9,7.0,13.0,0.0,2.0
https://www.vlr.gg/596398/loud-vs-cloud9-vct-2026-americas-kickoff-ur1,0,Haven,Virtyy,LOUD,Yoru,0.7,178,14,16,4,-2,55,102,35,2,3,-1,Cloud9,Cloud9,7.0,13.0,0.0,2.0
https://www.vlr.gg/596398/loud-vs-cloud9-vct-2026-americas-kickoff-ur1,0,Haven,pANcada,LOUD,Omen,0.67,145,11,13,1,-2,65,99,27,0,3,-3,Cloud9,Cloud9,7.0,13.0,0.0,2.0
https://www.vlr.gg/596398/loud-vs-cloud9-vct-2026-americas-kickoff-ur1,0,Haven,lukxo,LOUD,Killjoy,0.65,192,13,16,3,-3,60,125,35,4,4,0,Cloud9,Cloud9,7.0,13.0,0.0,2.0
https://www.vlr.gg/596398/loud-vs-cloud9-vct-2026-americas-kickoff-ur1,0,Haven,OXY,C9,Neon,1.44,282,21,14,2,7,80,169,29,5,2,3,Cloud9,LOUD,13.0,7.0,2.0,0.0
https://www.vlr.gg/596398/loud-vs-cloud9-vct-2026-americas-kickoff-ur1,0,Haven,penny,C9,Viper,1.23,203,15,12,7,3,80,133,23,3,2,1,Cloud9,LOUD,13.0,7.0,2.0,0.0
https://www.vlr.gg/596398/loud-vs-cloud9-vct-2026-americas-kickoff-ur1,0,Haven,v1c,C9,Omen,1.04,198,14,13,7,1,80,139,26,1,2,-1,Cloud9,LOUD,13.0,7.0,2.0,0.0
https://www.vlr.gg/596398/loud-vs-cloud9-vct-2026-americas-kickoff-ur1,0,Haven,Xeppaa,C9,Sova,1.01,185,13,16,9,-3,90,125,21,0,0,0,Cloud9,LOUD,13.0,7.0,2.0,0.0
https://www.vlr.gg/596398/loud-vs-cloud9-vct-2026-americas-kickoff-ur1,0,Haven,Zellsis,C9,Killjoy,0.82,166,11,16,1,-5,70,124,20,3,2,1,Cloud9,LOUD,13.0,7.0,2.0,0.0
https://www.vlr.gg/596398/loud-vs-cloud9-vct-2026-americas-kickoff-ur1,1,AllMaps,lukxo,LOUD,Killjoy,1.09,245,40,32,6,8,68,152,35,8,6,2,Cloud9,Cloud9,18.0,26.0,0.0,2.0
https://www.vlr.gg/596398/loud-vs-cloud9-vct-2026-americas-kickoff-ur1,1,AllMaps,Darker,LOUD,Viper,1.03,211,33,32,14,1,73,131,31,3,4,-1,Cloud9,Cloud9,18.0,26.0,0.0,2.0
https://www.vlr.gg/596398/loud-vs-cloud9-vct-2026-americas-kickoff-ur1,1,AllMaps,cauanzin,LOUD,Sova,0.84,188,28,33,11,-5,70,132,27,0,6,-6,Cloud9,Cloud9,18.0,26.0,0.0,2.0
https://www.vlr.gg/596398/loud-vs-cloud9-vct-2026-americas-kickoff-ur1,1,AllMaps,pANcada,LOUD,Omen,0.75,130,22,26,10,-4,73,81,39,1,4,-3,Cloud9,Cloud9,18.0,26.0,0.0,2.0
https://www.vlr.gg/596398/loud-vs-cloud9-vct-2026-americas-kickoff-ur1,1,AllMaps,Virtyy,LOUD,Yoru,0.69,174,27,35,7,-8,59,108,27,6,6,0,Cloud9,Cloud9,18.0,26.0,0.0,2.0
https://www.vlr.gg/596398/loud-vs-cloud9-vct-2026-americas-kickoff-ur1,1,AllMaps,penny,C9,Viper,1.24,209,34,26,14,8,82,143,25,6,7,-1,Cloud9,LOUD,26.0,18.0,2.0,0.0
https://www.vlr.gg/596398/loud-vs-cloud9-vct-2026-americas-kickoff-ur1,1,AllMaps,OXY,C9,Neon,1.11,236,38,32,4,6,70,143,34,9,6,3,Cloud9,LOUD,26.0,18.0,2.0,0.0
https://www.vlr.gg/596398/loud-vs-cloud9-vct-2026-americas-kickoff-ur1,1,AllMaps,Xeppaa,C9,Sova,1.09,199,32,30,15,2,84,131,25,0,0,0,Cloud9,LOUD,26.0,18.0,2.0,0.0
https://www.vlr.gg/596398/loud-vs-cloud9-vct-2026-americas-kickoff-ur1,1,AllMaps,v1c,C9,Omen,1.06,209,31,29,15,2,82,131,24,6,3,3,Cloud9,LOUD,26.0,18.0,2.0,0.0
https://www.vlr.gg/596398/loud-vs-cloud9-vct-2026-americas-kickoff-ur1,1,AllMaps,Zellsis,C9,Killjoy,0.86,164,23,33,14,-10,84,111,24,5,2,3,Cloud9,LOUD,26.0,18.0,2.0,0.0
https://www.vlr.gg/596398/loud-vs-cloud9-vct-2026-americas-kickoff-ur1,2,Abyss,lukxo,LOUD,Chamber,1.46,297,27,16,3,11,75,175,34,4,2,2,Cloud9,Cloud9,11.0,13.0,0.0,2.0
https://www.vlr.gg/596398/loud-vs-cloud9-vct-2026-americas-kickoff-ur1,2,Abyss,Darker,LOUD,Astra,0.95,166,15,16,8,-1,75,101,31,1,3,-2,Cloud9,Cloud9,11.0,13.0,0.0,2.0
https://www.vlr.gg/596398/loud-vs-cloud9-vct-2026-americas-kickoff-ur1,2,Abyss,pANcada,LOUD,Harbor,0.81,114,11,13,9,-2,79,66,63,1,1,0,Cloud9,Cloud9,11.0,13.0,0.0,2.0
https://www.vlr.gg/596398/loud-vs-cloud9-vct-2026-americas-kickoff-ur1,2,Abyss,cauanzin,LOUD,Sova,0.73,166,13,20,8,-7,67,116,29,0,5,-5,Cloud9,Cloud9,11.0,13.0,0.0,2.0
https://www.vlr.gg/596398/loud-vs-cloud9-vct-2026-americas-kickoff-ur1,2,Abyss,Virtyy,LOUD,Yoru,0.69,170,13,19,3,-6,63,113,21,4,3,1,Cloud9,Cloud9,11.0,13.0,0.0,2.0
https://www.vlr.gg/596398/loud-vs-cloud9-vct-2026-americas-kickoff-ur1,2,Abyss,penny,C9,Veto,1.26,214,19,14,7,5,83,151,26,3,5,-2,Cloud9,LOUD,13.0,11.0,2.0,0.0
https://www.vlr.gg/596398/loud-vs-cloud9-vct-2026-americas-kickoff-ur1,2,Abyss,Xeppaa,C9,Sova,1.15,213,19,14,6,5,79,137,29,0,0,0,Cloud9,LOUD,13.0,11.0,2.0,0.0
https://www.vlr.gg/596398/loud-vs-cloud9-vct-2026-americas-kickoff-ur1,2,Abyss,v1c,C9,Astra,1.07,219,17,16,8,1,83,124,22,5,1,4,Cloud9,LOUD,13.0,11.0,2.0,0.0
https://www.vlr.gg/596398/loud-vs-cloud9-vct-2026-americas-kickoff-ur1,2,Abyss,Zellsis,C9,Breach,0.9,161,12,17,13,-5,96,101,29,2,0,2,Cloud9,LOUD,13.0,11.0,2.0,0.0
https://www.vlr.gg/596398/loud-vs-cloud9-vct-2026-americas-kickoff-ur1,2,Abyss,OXY,C9,Waylay,0.84,190,17,18,2,-1,63,122,44,4,4,0,Cloud9,LOUD,13.0,11.0,2.0,0.0
https://www.vlr.gg/596405/g2-esports-vs-100-thieves-vct-2026-americas-kickoff-ur2,0,Bind,BABYBAY,G2,Chamber,1.6,284,26,12,2,14,75,181,13,4,2,2,G2 Esports,G2 Esports,11.0,13.0,1.0,2.0
https://www.vlr.gg/596405/g2-esports-vs-100-thieves-vct-2026-americas-kickoff-ur2,0,Bind,trent,G2,Skye,1.19,193,17,15,9,2,67,131,32,1,1,0,G2 Esports,G2 Esports,11.0,13.0,1.0,2.0
https://www.vlr.gg/596405/g2-esports-vs-100-thieves-vct-2026-americas-kickoff-ur2,0,Bind,valyn,G2,Brimstone,1.01,189,16,16,6,0,75,122,26,3,1,2,G2 Esports,G2 Esports,11.0,13.0,1.0,2.0
https://www.vlr.gg/596405/g2-esports-vs-100-thieves-vct-2026-americas-kickoff-ur2,0,Bind,leaf,G2,Viper,0.72,162,13,19,3,-6,63,122,21,1,2,-1,G2 Esports,G2 Esports,11.0,13.0,1.0,2.0
https://www.vlr.gg/596405/g2-esports-vs-100-thieves-vct-2026-americas-kickoff-ur2,0,Bind,jawgemo,G2,Waylay,0.48,161,12,21,6,-9,63,101,26,3,6,-3,G2 Esports,G2 Esports,11.0,13.0,1.0,2.0
https://www.vlr.gg/596405/g2-esports-vs-100-thieves-vct-2026-americas-kickoff-ur2,0,Bind,Cryocells,100T,Chamber,1.41,258,24,14,2,10,71,164,20,3,4,-1,G2 Esports,G2 Esports,11.0,13.0,1.0,2.0
https://www.vlr.gg/596405/g2-esports-vs-100-thieves-vct-2026-americas-kickoff-ur2,0,Bind,bang,100T,Viper,1.13,214,17,15,6,2,71,139,49,2,3,-1,G2 Esports,G2 Esports,11.0,13.0,1.0,2.0
https://www.vlr.gg/596405/g2-esports-vs-100-thieves-vct-2026-americas-kickoff-ur2,0,Bind,Timotino,100T,Waylay,0.91,191,15,18,4,-3,63,135,26,1,2,-1,G2 Esports,G2 Esports,11.0,13.0,1.0,2.0
https://www.vlr.gg/596405/g2-esports-vs-100-thieves-vct-2026-americas-kickoff-ur2,0,Bind,Asuna,100T,Brimstone,0.88,203,16,18,10,-2,71,118,26,4,1,3,G2 Esports,G2 Esports,11.0,13.0,1.0,2.0
https://www.vlr.gg/596405/g2-esports-vs-100-thieves-vct-2026-americas-kickoff-ur2,0,Bind,vora,100T,Skye,0.59,142,11,19,6,-8,71,96,26,2,2,0,G2 Esports,G2 Esports,11.0,13.0,1.0,2.0
https://www.vlr.gg/596405/g2-esports-vs-100-thieves-vct-2026-americas-kickoff-ur2,1,AllMaps,leaf,G2,Viper,1.21,243,52,47,19,5,72,161,32,5,3,2,G2 Esports,G2 Esports,32.0,29.0,1.0,2.0
https://www.vlr.gg/596405/g2-esports-vs-100-thieves-vct-2026-americas-kickoff-ur2,1,AllMaps,BABYBAY,G2,Chamber,1.01,181,42,40,14,2,67,126,17,6,8,-2,G2 Esports,G2 Esports,32.0,29.0,1.0,2.0
https://www.vlr.gg/596405/g2-esports-vs-100-thieves-vct-2026-americas-kickoff-ur2,1,AllMaps,trent,G2,Skye,0.99,175,36,43,20,-7,67,128,26,3,4,-1,G2 Esports,G2 Esports,32.0,29.0,1.0,2.0
https://www.vlr.gg/596405/g2-esports-vs-100-thieves-vct-2026-americas-kickoff-ur2,1,AllMaps,valyn,G2,Brimstone,0.92,189,40,44,12,-4,72,116,24,5,4,1,G2 Esports,G2 Esports,32.0,29.0,1.0,2.0
https://www.vlr.gg/596405/g2-esports-vs-100-thieves-vct-2026-americas-kickoff-ur2,1,AllMaps,jawgemo,G2,Waylay,0.62,155,32,52,14,-20,57,109,20,7,16,-9,G2 Esports,G2 Esports,32.0,29.0,1.0,2.0
https://www.vlr.gg/596405/g2-esports-vs-100-thieves-vct-2026-americas-kickoff-ur2,1,AllMaps,Cryocells,100T,Chamber,1.37,266,61,37,8,24,80,179,28,7,5,2,G2 Esports,G2 Esports,32.0,29.0,1.0,2.0
https://www.vlr.gg/596405/g2-esports-vs-100-thieves-vct-2026-americas-kickoff-ur2,1,AllMaps,bang,100T,Viper,1.14,192,42,37,24,5,79,125,43,4,4,0,G2 Esports,G2 Esports,32.0,29.0,1.0,2.0
https://www.vlr.gg/596405/g2-esports-vs-100-thieves-vct-2026-americas-kickoff-ur2,1,AllMaps,Asuna,100T,Brimstone,1.04,194,40,39,27,1,77,116,20,7,2,5,G2 Esports,G2 Esports,32.0,29.0,1.0,2.0
https://www.vlr.gg/596405/g2-esports-vs-100-thieves-vct-2026-americas-kickoff-ur2,1,AllMaps,vora,100T,Skye,1.04,223,45,42,15,3,79,148,31,9,4,5,G2 Esports,G2 Esports,32.0,29.0,1.0,2.0
https://www.vlr.gg/596405/g2-esports-vs-100-thieves-vct-2026-americas-kickoff-ur2,1,AllMaps,Timotino,100T,Waylay,0.73,189,38,47,9,-9,62,123,25,8,11,-3,G2 Esports,G2 Esports,32.0,29.0,1.0,2.0
https://www.vlr.gg/596405/g2-esports-vs-100-thieves-vct-2026-americas-kickoff-ur2,2,Corrode,leaf,G2,Fade,1.13,238,13,14,5,-1,75,152,26,2,0,2,100 Thieves,G2 Esports,13.0,3.0,1.0,2.0
https://www.vlr.gg/596405/g2-esports-vs-100-thieves-vct-2026-americas-kickoff-ur2,2,Corrode,valyn,G2,Omen,0.77,198,11,14,2,-3,63,117,22,2,1,1,100 Thieves,G2 Esports,13.0,3.0,1.0,2.0
https://www.vlr.gg/596405/g2-esports-vs-100-thieves-vct-2026-americas-kickoff-ur2,2,Corrode,BABYBAY,G2,Viper,0.49,93,5,12,1,-7,63,65,21,0,4,-4,100 Thieves,G2 Esports,13.0,3.0,1.0,2.0
https://www.vlr.gg/596405/g2-esports-vs-100-thieves-vct-2026-americas-kickoff-ur2,2,Corrode,trent,G2,Tejo,0.39,109,3,14,4,-11,56,90,13,0,1,-1,100 Thieves,G2 Esports,13.0,3.0,1.0,2.0
https://www.vlr.gg/596405/g2-esports-vs-100-thieves-vct-2026-americas-kickoff-ur2,2,Corrode,jawgemo,G2,Yoru,0.28,90,4,14,2,-10,50,64,22,0,6,-6,100 Thieves,G2 Esports,13.0,3.0,1.0,2.0
https://www.vlr.gg/596405/g2-esports-vs-100-thieves-vct-2026-americas-kickoff-ur2,2,Corrode,Cryocells,100T,Veto,1.61,268,17,7,1,10,94,188,37,1,0,1,100 Thieves,G2 Esports,13.0,3.0,1.0,2.0
https://www.vlr.gg/596405/g2-esports-vs-100-thieves-vct-2026-americas-kickoff-ur2,2,Corrode,vora,100T,Fade,1.57,280,17,8,2,9,88,193,36,5,1,4,100 Thieves,G2 Esports,13.0,3.0,1.0,2.0
https://www.vlr.gg/596405/g2-esports-vs-100-thieves-vct-2026-americas-kickoff-ur2,2,Corrode,Asuna,100T,Sage,1.51,212,12,5,6,7,81,124,19,2,1,1,100 Thieves,G2 Esports,13.0,3.0,1.0,2.0
https://www.vlr.gg/596405/g2-esports-vs-100-thieves-vct-2026-americas-kickoff-ur2,2,Corrode,bang,100T,Omen,1.09,137,8,7,9,1,88,77,33,1,0,1,100 Thieves,G2 Esports,13.0,3.0,1.0,2.0
https://www.vlr.gg/596405/g2-esports-vs-100-thieves-vct-2026-americas-kickoff-ur2,2,Corrode,Timotino,100T,Waylay,1.01,229,14,9,4,5,75,142,15,3,2,1,100 Thieves,G2 Esports,13.0,3.0,1.0,2.0
https://www.vlr.gg/596405/g2-esports-vs-100-thieves-vct-2026-americas-kickoff-ur2,3,Split,leaf,G2,Breach,1.82,328,26,14,11,12,81,213,47,2,1,1,G2 Esports,G2 Esports,8.0,13.0,1.0,2.0
https://www.vlr.gg/596405/g2-esports-vs-100-thieves-vct-2026-americas-kickoff-ur2,3,Split,trent,G2,Fade,1.23,223,16,14,7,2,76,153,26,2,2,0,G2 Esports,G2 Esports,8.0,13.0,1.0,2.0
https://www.vlr.gg/596405/g2-esports-vs-100-thieves-vct-2026-americas-kickoff-ur2,3,Split,jawgemo,G2,Waylay,1.03,214,16,17,6,-1,57,152,17,4,4,0,G2 Esports,G2 Esports,8.0,13.0,1.0,2.0
https://www.vlr.gg/596405/g2-esports-vs-100-thieves-vct-2026-americas-kickoff-ur2,3,Split,valyn,G2,Omen,0.93,179,13,14,4,-1,76,109,23,0,2,-2,G2 Esports,G2 Esports,8.0,13.0,1.0,2.0
https://www.vlr.gg/596405/g2-esports-vs-100-thieves-vct-2026-americas-kickoff-ur2,3,Split,BABYBAY,G2,Viper,0.72,167,11,16,11,-5,62,109,20,2,2,0,G2 Esports,G2 Esports,8.0,13.0,1.0,2.0
https://www.vlr.gg/596405/g2-esports-vs-100-thieves-vct-2026-americas-kickoff-ur2,3,Split,bang,100T,Omen,1.19,225,17,15,9,2,81,147,43,1,1,0,G2 Esports,G2 Esports,8.0,13.0,1.0,2.0
https://www.vlr.gg/596405/g2-esports-vs-100-thieves-vct-2026-americas-kickoff-ur2,3,Split,Cryocells,100T,Viper,1.15,273,20,16,5,4,81,189,28,3,1,2,G2 Esports,G2 Esports,8.0,13.0,1.0,2.0
https://www.vlr.gg/596405/g2-esports-vs-100-thieves-vct-2026-americas-kickoff-ur2,3,Split,vora,100T,Skye,1.14,248,17,15,7,2,81,172,30,2,1,1,G2 Esports,G2 Esports,8.0,13.0,1.0,2.0
https://www.vlr.gg/596405/g2-esports-vs-100-thieves-vct-2026-americas-kickoff-ur2,3,Split,Asuna,100T,Sage,0.86,167,12,16,11,-4,81,108,15,1,0,1,G2 Esports,G2 Esports,8.0,13.0,1.0,2.0
https://www.vlr.gg/596405/g2-esports-vs-100-thieves-vct-2026-americas-kickoff-ur2,3,Split,Timotino,100T,Waylay,0.31,147,9,20,1,-11,52,96,32,4,7,-3,G2 Esports,G2 Esports,8.0,13.0,1.0,2.0
https://www.vlr.gg/596398/loud-vs-cloud9-vct-2026-americas-kickoff-ur1,0,Haven,Darker,LOUD,Viper,1.12,256,18,16,6,2,70,166,30,2,1,1,Cloud9,Cloud9,7.0,13.0,0.0,2.0
https://www.vlr.gg/596398/loud-vs-cloud9-vct-2026-americas-kickoff-ur1,0,Haven,cauanzin,LOUD,Sova,0.98,209,15,13,3,2,75,152,26,0,1,-1,Cloud9,Cloud9,7.0,13.0,0.0,2.0
https://www.vlr.gg/596398/loud-vs-cloud9-vct-2026-americas-kickoff-ur1,0,Haven,Virtyy,LOUD,Yoru,0.7,178,14,16,4,-2,55,102,35,2,3,-1,Cloud9,Cloud9,7.0,13.0,0.0,2.0
https://www.vlr.gg/596398/loud-vs-cloud9-vct-2026-americas-kickoff-ur1,0,Haven,pANcada,LOUD,Omen,0.67,145,11,13,1,-2,65,99,27,0,3,-3,Cloud9,Cloud9,7.0,13.0,0.0,2.0
https://www.vlr.gg/596398/loud-vs-cloud9-vct-2026-americas-kickoff-ur1,0,Haven,lukxo,LOUD,Killjoy,0.65,192,13,16,3,-3,60,125,35,4,4,0,Cloud9,Cloud9,7.0,13.0,0.0,2.0
https://www.vlr.gg/596398/loud-vs-cloud9-vct-2026-americas-kickoff-ur1,0,Haven,OXY,C9,Neon,1.44,282,21,14,2,7,80,169,29,5,2,3,Cloud9,LOUD,13.0,7.0,2.0,0.0
https://www.vlr.gg/596398/loud-vs-cloud9-vct-2026-americas-kickoff-ur1,0,Haven,penny,C9,Viper,1.23,203,15,12,7,3,80,133,23,3,2,1,Cloud9,LOUD,13.0,7.0,2.0,0.0
https://www.vlr.gg/596398/loud-vs-cloud9-vct-2026-americas-kickoff-ur1,0,Haven,v1c,C9,Omen,1.04,198,14,13,7,1,80,139,26,1,2,-1,Cloud9,LOUD,13.0,7.0,2.0,0.0
https://www.vlr.gg/596398/loud-vs-cloud9-vct-2026-americas-kickoff-ur1,0,Haven,Xeppaa,C9,Sova,1.01,185,13,16,9,-3,90,125,21,0,0,0,Cloud9,LOUD,13.0,7.0,2.0,0.0
https://www.vlr.gg/596398/loud-vs-cloud9-vct-2026-americas-kickoff-ur1,0,Haven,Zellsis,C9,Killjoy,0.82,166,11,16,1,-5,70,124,20,3,2,1,Cloud9,LOUD,13.0,7.0,2.0,0.0
https://www.vlr.gg/596398/loud-vs-cloud9-vct-2026-americas-kickoff-ur1,1,AllMaps,lukxo,LOUD,Killjoy,1.09,245,40,32,6,8,68,152,35,8,6,2,Cloud9,Cloud9,18.0,26.0,0.0,2.0
https://www.vlr.gg/596398/loud-vs-cloud9-vct-2026-americas-kickoff-ur1,1,AllMaps,Darker,LOUD,Viper,1.03,211,33,32,14,1,73,131,31,3,4,-1,Cloud9,Cloud9,18.0,26.0,0.0,2.0
https://www.vlr.gg/596398/loud-vs-cloud9-vct-2026-americas-kickoff-ur1,1,AllMaps,cauanzin,LOUD,Sova,0.84,188,28,33,11,-5,70,132,27,0,6,-6,Cloud9,Cloud9,18.0,26.0,0.0,2.0
https://www.vlr.gg/596398/loud-vs-cloud9-vct-2026-americas-kickoff-ur1,1,AllMaps,pANcada,LOUD,Omen,0.75,130,22,26,10,-4,73,81,39,1,4,-3,Cloud9,Cloud9,18.0,26.0,0.0,2.0
https://www.vlr.gg/596398/loud-vs-cloud9-vct-2026-americas-kickoff-ur1,1,AllMaps,Virtyy,LOUD,Yoru,0.69,174,27,35,7,-8,59,108,27,6,6,0,Cloud9,Cloud9,18.0,26.0,0.0,2.0
https://www.vlr.gg/596398/loud-vs-cloud9-vct-2026-americas-kickoff-ur1,1,AllMaps,penny,C9,Viper,1.24,209,34,26,14,8,82,143,25,6,7,-1,Cloud9,LOUD,26.0,18.0,2.0,0.0
https://www.vlr.gg/596398/loud-vs-cloud9-vct-2026-americas-kickoff-ur1,1,AllMaps,OXY,C9,Neon,1.11,236,38,32,4,6,70,143,34,9,6,3,Cloud9,LOUD,26.0,18.0,2.0,0.0
https://www.vlr.gg/596398/loud-vs-cloud9-vct-2026-americas-kickoff-ur1,1,AllMaps,Xeppaa,C9,Sova,1.09,199,32,30,15,2,84,131,25,0,0,0,Cloud9,LOUD,26.0,18.0,2.0,0.0
https://www.vlr.gg/596398/loud-vs-cloud9-vct-2026-americas-kickoff-ur1,1,AllMaps,v1c,C9,Omen,1.06,209,31,29,15,2,82,131,24,6,3,3,Cloud9,LOUD,26.0,18.0,2.0,0.0
https://www.vlr.gg/596398/loud-vs-cloud9-vct-2026-americas-kickoff-ur1,1,AllMaps,Zellsis,C9,Killjoy,0.86,164,23,33,14,-10,84,111,24,5,2,3,Cloud9,LOUD,26.0,18.0,2.0,0.0
https://www.vlr.gg/596398/loud-vs-cloud9-vct-2026-americas-kickoff-ur1,2,Abyss,lukxo,LOUD,Chamber,1.46,297,27,16,3,11,75,175,34,4,2,2,Cloud9,Cloud9,11.0,13.0,0.0,2.0
https://www.vlr.gg/596398/loud-vs-cloud9-vct-2026-americas-kickoff-ur1,2,Abyss,Darker,LOUD,Astra,0.95,166,15,16,8,-1,75,101,31,1,3,-2,Cloud9,Cloud9,11.0,13.0,0.0,2.0
https://www.vlr.gg/596398/loud-vs-cloud9-vct-2026-americas-kickoff-ur1,2,Abyss,pANcada,LOUD,Harbor,0.81,114,11,13,9,-2,79,66,63,1,1,0,Cloud9,Cloud9,11.0,13.0,0.0,2.0
https://www.vlr.gg/596398/loud-vs-cloud9-vct-2026-americas-kickoff-ur1,2,Abyss,cauanzin,LOUD,Sova,0.73,166,13,20,8,-7,67,116,29,0,5,-5,Cloud9,Cloud9,11.0,13.0,0.0,2.0
https://www.vlr.gg/596398/loud-vs-cloud9-vct-2026-americas-kickoff-ur1,2,Abyss,Virtyy,LOUD,Yoru,0.69,170,13,19,3,-6,63,113,21,4,3,1,Cloud9,Cloud9,11.0,13.0,0.0,2.0
https://www.vlr.gg/596398/loud-vs-cloud9-vct-2026-americas-kickoff-ur1,2,Abyss,penny,C9,Veto,1.26,214,19,14,7,5,83,151,26,3,5,-2,Cloud9,LOUD,13.0,11.0,2.0,0.0
https://www.vlr.gg/596398/loud-vs-cloud9-vct-2026-americas-kickoff-ur1,2,Abyss,Xeppaa,C9,Sova,1.15,213,19,14,6,5,79,137,29,0,0,0,Cloud9,LOUD,13.0,11.0,2.0,0.0
https://www.vlr.gg/596398/loud-vs-cloud9-vct-2026-americas-kickoff-ur1,2,Abyss,v1c,C9,Astra,1.07,219,17,16,8,1,83,124,22,5,1,4,Cloud9,LOUD,13.0,11.0,2.0,0.0
https://www.vlr.gg/596398/loud-vs-cloud9-vct-2026-americas-kickoff-ur1,2,Abyss,Zellsis,C9,Breach,0.9,161,12,17,13,-5,96,101,29,2,0,2,Cloud9,LOUD,13.0,11.0,2.0,0.0
https://www.vlr.gg/596398/loud-vs-cloud9-vct-2026-americas-kickoff-ur1,2,Abyss,OXY,C9,Waylay,0.84,190,17,18,2,-1,63,122,44,4,4,0,Cloud9,LOUD,13.0,11.0,2.0,0.0
https://www.vlr.gg/596399/envy-vs-evil-geniuses-vct-2026-americas-kickoff-ur1,0,Abyss,Rossy,ENVY,Omen,1.04,204,17,14,5,3,73,124,27,2,0,2,Evil Geniuses,Evil Geniuses,9.0,13.0,2.0,1.0
https://www.vlr.gg/596399/envy-vs-evil-geniuses-vct-2026-americas-kickoff-ur1,0,Abyss,Inspire,ENVY,Viper,1.03,232,17,17,1,0,64,148,25,3,2,1,Evil Geniuses,Evil Geniuses,9.0,13.0,2.0,1.0
https://www.vlr.gg/596399/envy-vs-evil-geniuses-vct-2026-americas-kickoff-ur1,0,Abyss,keznit,ENVY,Iso,0.94,173,12,15,4,-3,77,111,37,3,3,0,Evil Geniuses,Evil Geniuses,9.0,13.0,2.0,1.0
https://www.vlr.gg/596399/envy-vs-evil-geniuses-vct-2026-americas-kickoff-ur1,0,Abyss,Eggsterr,ENVY,Yoru,0.82,185,15,16,1,-1,64,112,27,2,3,-1,Evil Geniuses,Evil Geniuses,9.0,13.0,2.0,1.0
https://www.vlr.gg/596399/envy-vs-evil-geniuses-vct-2026-americas-kickoff-ur1,0,Abyss,P0PPIN,ENVY,Sova,0.3,72,5,17,3,-12,59,59,18,1,3,-2,Evil Geniuses,Evil Geniuses,9.0,13.0,2.0,1.0
https://www.vlr.gg/596399/envy-vs-evil-geniuses-vct-2026-americas-kickoff-ur1,0,Abyss,dgzin,EG,Yoru,1.54,261,22,11,1,11,73,163,20,4,3,1,Evil Geniuses,ENVY,13.0,9.0,1.0,2.0
https://www.vlr.gg/596399/envy-vs-evil-geniuses-vct-2026-americas-kickoff-ur1,0,Abyss,bao,EG,Veto,1.42,267,20,13,7,7,68,176,37,4,4,0,Evil Geniuses,ENVY,13.0,9.0,1.0,2.0
https://www.vlr.gg/596399/envy-vs-evil-geniuses-vct-2026-americas-kickoff-ur1,0,Abyss,Okeanos,EG,Breach,1.03,178,15,15,12,0,77,114,39,0,1,-1,Evil Geniuses,ENVY,13.0,9.0,1.0,2.0
https://www.vlr.gg/596399/envy-vs-evil-geniuses-vct-2026-americas-kickoff-ur1,0,Abyss,C0M,EG,Sova,0.99,177,14,14,7,0,77,133,24,2,3,-1,Evil Geniuses,ENVY,13.0,9.0,1.0,2.0
https://www.vlr.gg/596399/envy-vs-evil-geniuses-vct-2026-americas-kickoff-ur1,0,Abyss,supamen,EG,Astra,0.7,116,8,14,8,-6,73,76,38,1,0,1,Evil Geniuses,ENVY,13.0,9.0,1.0,2.0
https://www.vlr.gg/596399/envy-vs-evil-geniuses-vct-2026-americas-kickoff-ur1,1,AllMaps,Eggsterr,ENVY,Yoru,1.2,240,63,43,9,20,73,144,29,8,5,3,ENVY,Evil Geniuses,35.0,32.0,2.0,1.0
https://www.vlr.gg/596399/envy-vs-evil-geniuses-vct-2026-americas-kickoff-ur1,1,AllMaps,Inspire,ENVY,Viper,1.1,224,53,45,11,8,69,142,33,8,9,-1,ENVY,Evil Geniuses,35.0,32.0,2.0,1.0
https://www.vlr.gg/596399/envy-vs-evil-geniuses-vct-2026-americas-kickoff-ur1,1,AllMaps,Rossy,ENVY,Omen,1.09,206,49,44,23,5,76,133,28,5,1,4,ENVY,Evil Geniuses,35.0,32.0,2.0,1.0
https://www.vlr.gg/596399/envy-vs-evil-geniuses-vct-2026-americas-kickoff-ur1,1,AllMaps,keznit,ENVY,Iso,0.96,185,43,45,14,-2,78,124,35,8,11,-3,ENVY,Evil Geniuses,35.0,32.0,2.0,1.0
https://www.vlr.gg/596399/envy-vs-evil-geniuses-vct-2026-americas-kickoff-ur1,1,AllMaps,P0PPIN,ENVY,Sova,0.62,121,27,46,18,-19,70,80,21,5,7,-2,ENVY,Evil Geniuses,35.0,32.0,2.0,1.0
https://www.vlr.gg/596399/envy-vs-evil-geniuses-vct-2026-americas-kickoff-ur1,1,AllMaps,dgzin,EG,Yoru,1.04,206,50,47,11,3,64,136,31,10,8,2,ENVY,ENVY,32.0,35.0,1.0,2.0
https://www.vlr.gg/596399/envy-vs-evil-geniuses-vct-2026-americas-kickoff-ur1,1,AllMaps,Okeanos,EG,Breach,1.01,216,54,50,17,4,67,146,32,7,9,-2,ENVY,ENVY,32.0,35.0,1.0,2.0
https://www.vlr.gg/596399/envy-vs-evil-geniuses-vct-2026-americas-kickoff-ur1,1,AllMaps,supamen,EG,Astra,0.98,177,39,43,21,-4,73,120,32,8,2,6,ENVY,ENVY,32.0,35.0,1.0,2.0
https://www.vlr.gg/596399/envy-vs-evil-geniuses-vct-2026-americas-kickoff-ur1,1,AllMaps,bao,EG,Veto,0.97,189,40,48,24,-8,66,123,29,5,9,-4,ENVY,ENVY,32.0,35.0,1.0,2.0
https://www.vlr.gg/596399/envy-vs-evil-geniuses-vct-2026-americas-kickoff-ur1,1,AllMaps,C0M,EG,Sova,0.9,163,40,48,22,-8,72,109,21,3,6,-3,ENVY,ENVY,32.0,35.0,1.0,2.0
https://www.vlr.gg/596399/envy-vs-evil-geniuses-vct-2026-americas-kickoff-ur1,2,Corrode,Rossy,ENVY,Omen,1.35,228,19,15,11,4,78,142,28,0,0,0,ENVY,Evil Geniuses,13.0,10.0,2.0,1.0
https://www.vlr.gg/596399/envy-vs-evil-geniuses-vct-2026-americas-kickoff-ur1,2,Corrode,Eggsterr,ENVY,Yoru,1.16,204,20,14,3,6,74,125,27,4,1,3,ENVY,Evil Geniuses,13.0,10.0,2.0,1.0
https://www.vlr.gg/596399/envy-vs-evil-geniuses-vct-2026-americas-kickoff-ur1,2,Corrode,Inspire,ENVY,Viper,0.98,191,15,15,4,0,57,130,38,1,4,-3,ENVY,Evil Geniuses,13.0,10.0,2.0,1.0
https://www.vlr.gg/596399/envy-vs-evil-geniuses-vct-2026-americas-kickoff-ur1,2,Corrode,P0PPIN,ENVY,Fade,0.88,175,14,16,7,-2,78,109,31,2,2,0,ENVY,Evil Geniuses,13.0,10.0,2.0,1.0
https://www.vlr.gg/596399/envy-vs-evil-geniuses-vct-2026-americas-kickoff-ur1,2,Corrode,keznit,ENVY,Waylay,0.79,179,14,18,4,-4,70,119,33,3,6,-3,ENVY,Evil Geniuses,13.0,10.0,2.0,1.0
https://www.vlr.gg/596399/envy-vs-evil-geniuses-vct-2026-americas-kickoff-ur1,2,Corrode,Okeanos,EG,Yoru,1.24,282,24,16,2,8,74,200,35,5,4,1,ENVY,ENVY,10.0,13.0,1.0,2.0
https://www.vlr.gg/596399/envy-vs-evil-geniuses-vct-2026-americas-kickoff-ur1,2,Corrode,dgzin,EG,Waylay,0.94,225,18,19,5,-1,74,152,43,5,2,3,ENVY,ENVY,10.0,13.0,1.0,2.0
https://www.vlr.gg/596399/envy-vs-evil-geniuses-vct-2026-americas-kickoff-ur1,2,Corrode,C0M,EG,Sova,0.93,160,15,15,4,0,74,97,16,0,2,-2,ENVY,ENVY,10.0,13.0,1.0,2.0
https://www.vlr.gg/596399/envy-vs-evil-geniuses-vct-2026-americas-kickoff-ur1,2,Corrode,supamen,EG,Viper,0.91,188,14,15,11,-1,74,129,22,3,1,2,ENVY,ENVY,10.0,13.0,1.0,2.0
https://www.vlr.gg/596399/envy-vs-evil-geniuses-vct-2026-americas-kickoff-ur1,2,Corrode,bao,EG,Omen,0.58,98,7,17,8,-10,65,59,35,0,1,-1,ENVY,ENVY,10.0,13.0,1.0,2.0
https://www.vlr.gg/596399/envy-vs-evil-geniuses-vct-2026-americas-kickoff-ur1,3,Bind,Eggsterr,ENVY,Yoru,1.63,330,28,13,5,15,82,196,31,2,1,1,ENVY,Evil Geniuses,13.0,9.0,2.0,1.0
https://www.vlr.gg/596399/envy-vs-evil-geniuses-vct-2026-americas-kickoff-ur1,3,Bind,Inspire,ENVY,Brimstone,1.3,248,21,13,6,8,86,149,37,4,3,1,ENVY,Evil Geniuses,13.0,9.0,2.0,1.0
https://www.vlr.gg/596399/envy-vs-evil-geniuses-vct-2026-americas-kickoff-ur1,3,Bind,keznit,ENVY,Waylay,1.15,203,17,12,6,5,86,143,36,2,2,0,ENVY,Evil Geniuses,13.0,9.0,2.0,1.0
https://www.vlr.gg/596399/envy-vs-evil-geniuses-vct-2026-americas-kickoff-ur1,3,Bind,Rossy,ENVY,Viper,0.87,186,13,15,7,-2,77,133,31,3,1,2,ENVY,Evil Geniuses,13.0,9.0,2.0,1.0
https://www.vlr.gg/596399/envy-vs-evil-geniuses-vct-2026-americas-kickoff-ur1,3,Bind,P0PPIN,ENVY,Skye,0.67,116,8,13,8,-5,73,69,14,2,2,0,ENVY,Evil Geniuses,13.0,9.0,2.0,1.0
https://www.vlr.gg/596399/envy-vs-evil-geniuses-vct-2026-americas-kickoff-ur1,3,Bind,supamen,EG,Viper,1.33,226,17,14,2,3,73,156,42,4,1,3,ENVY,ENVY,9.0,13.0,1.0,2.0
https://www.vlr.gg/596399/envy-vs-evil-geniuses-vct-2026-americas-kickoff-ur1,3,Bind,bao,EG,Brimstone,0.92,203,13,18,9,-5,64,138,20,1,4,-3,ENVY,ENVY,9.0,13.0,1.0,2.0
https://www.vlr.gg/596399/envy-vs-evil-geniuses-vct-2026-americas-kickoff-ur1,3,Bind,C0M,EG,Fade,0.78,151,11,19,11,-8,64,98,23,1,1,0,ENVY,ENVY,9.0,13.0,1.0,2.0
https://www.vlr.gg/596399/envy-vs-evil-geniuses-vct-2026-americas-kickoff-ur1,3,Bind,Okeanos,EG,Yoru,0.76,187,15,19,3,-4,50,123,22,2,4,-2,ENVY,ENVY,9.0,13.0,1.0,2.0
https://www.vlr.gg/596399/envy-vs-evil-geniuses-vct-2026-americas-kickoff-ur1,3,Bind,dgzin,EG,Waylay,0.64,132,10,17,5,-7,45,91,35,1,3,-2,ENVY,ENVY,9.0,13.0,1.0,2.0
https://www.vlr.gg/596400/kr-esports-vs-furia-vct-2026-americas-kickoff-ur1,0,Pearl,benG,KRÜ,Astra,1.44,220,18,14,12,4,83,126,25,0,0,0,KRÜ Esports,KRÜ Esports,10.0,13.0,2.0,1.0
https://www.vlr.gg/596400/kr-esports-vs-furia-vct-2026-americas-kickoff-ur1,0,Pearl,mta,KRÜ,Yoru,1.0,184,15,16,4,-1,74,118,32,3,3,0,KRÜ Esports,KRÜ Esports,10.0,13.0,2.0,1.0
https://www.vlr.gg/596400/kr-esports-vs-furia-vct-2026-americas-kickoff-ur1,0,Pearl,NagZ,KRÜ,Killjoy,0.86,116,9,14,5,-5,61,84,15,0,2,-2,KRÜ Esports,KRÜ Esports,10.0,13.0,2.0,1.0
https://www.vlr.gg/596400/kr-esports-vs-furia-vct-2026-americas-kickoff-ur1,0,Pearl,infiltrator,KRÜ,Neon,0.84,205,15,19,6,-4,70,137,29,5,4,1,KRÜ Esports,KRÜ Esports,10.0,13.0,2.0,1.0
https://www.vlr.gg/596400/kr-esports-vs-furia-vct-2026-americas-kickoff-ur1,0,Pearl,Governor,KRÜ,Fade,0.71,146,14,19,2,-5,52,100,35,2,4,-2,KRÜ Esports,KRÜ Esports,10.0,13.0,2.0,1.0
https://www.vlr.gg/596400/kr-esports-vs-furia-vct-2026-americas-kickoff-ur1,0,Pearl,koalanoob,FUR,Chamber,1.45,292,25,12,4,13,65,186,17,7,2,5,KRÜ Esports,KRÜ Esports,10.0,13.0,2.0,1.0
https://www.vlr.gg/596400/kr-esports-vs-furia-vct-2026-americas-kickoff-ur1,0,Pearl,artzin,FUR,Kayo,1.22,234,18,15,15,3,78,147,23,3,3,0,KRÜ Esports,KRÜ Esports,10.0,13.0,2.0,1.0
https://www.vlr.gg/596400/kr-esports-vs-furia-vct-2026-americas-kickoff-ur1,0,Pearl,nerve,FUR,Astra,0.98,162,12,14,14,-2,78,112,38,0,1,-1,KRÜ Esports,KRÜ Esports,10.0,13.0,2.0,1.0
https://www.vlr.gg/596400/kr-esports-vs-furia-vct-2026-americas-kickoff-ur1,0,Pearl,eeiu,FUR,Fade,0.91,175,16,12,8,4,78,118,33,0,2,-2,KRÜ Esports,KRÜ Esports,10.0,13.0,2.0,1.0
https://www.vlr.gg/596400/kr-esports-vs-furia-vct-2026-americas-kickoff-ur1,0,Pearl,alym,FUR,Neon,0.48,143,11,18,4,-7,70,90,31,3,2,1,KRÜ Esports,KRÜ Esports,10.0,13.0,2.0,1.0
https://www.vlr.gg/596400/kr-esports-vs-furia-vct-2026-americas-kickoff-ur1,1,AllMaps,mta,KRÜ,Yoru,0.96,174,35,43,21,-8,69,113,33,5,6,-1,FURIA,KRÜ Esports,36.0,26.0,2.0,1.0
https://www.vlr.gg/596400/kr-esports-vs-furia-vct-2026-americas-kickoff-ur1,1,AllMaps,infiltrator,KRÜ,Neon,0.94,216,44,51,13,-7,73,140,29,10,10,0,FURIA,KRÜ Esports,36.0,26.0,2.0,1.0
https://www.vlr.gg/596400/kr-esports-vs-furia-vct-2026-americas-kickoff-ur1,1,AllMaps,NagZ,KRÜ,Killjoy,0.93,148,32,42,11,-10,63,108,19,6,7,-1,FURIA,KRÜ Esports,36.0,26.0,2.0,1.0
https://www.vlr.gg/596400/kr-esports-vs-furia-vct-2026-americas-kickoff-ur1,1,AllMaps,benG,KRÜ,Astra,0.89,159,35,46,19,-11,68,99,31,1,5,-4,FURIA,KRÜ Esports,36.0,26.0,2.0,1.0
https://www.vlr.gg/596400/kr-esports-vs-furia-vct-2026-americas-kickoff-ur1,1,AllMaps,Governor,KRÜ,Fade,0.69,132,31,49,10,-18,53,95,38,3,9,-6,FURIA,KRÜ Esports,36.0,26.0,2.0,1.0
https://www.vlr.gg/596400/kr-esports-vs-furia-vct-2026-americas-kickoff-ur1,1,AllMaps,artzin,FUR,Kayo,1.31,221,52,34,27,18,76,139,29,7,5,2,FURIA,KRÜ Esports,36.0,26.0,2.0,1.0
https://www.vlr.gg/596400/kr-esports-vs-furia-vct-2026-americas-kickoff-ur1,1,AllMaps,koalanoob,FUR,Chamber,1.27,271,61,40,16,21,74,168,20,15,7,8,FURIA,KRÜ Esports,36.0,26.0,2.0,1.0
https://www.vlr.gg/596400/kr-esports-vs-furia-vct-2026-americas-kickoff-ur1,1,AllMaps,alym,FUR,Neon,0.98,208,45,38,14,7,73,127,27,13,5,8,FURIA,KRÜ Esports,36.0,26.0,2.0,1.0
https://www.vlr.gg/596400/kr-esports-vs-furia-vct-2026-americas-kickoff-ur1,1,AllMaps,eeiu,FUR,Fade,0.95,166,39,32,20,7,81,113,34,2,4,-2,FURIA,KRÜ Esports,36.0,26.0,2.0,1.0
https://www.vlr.gg/596400/kr-esports-vs-furia-vct-2026-americas-kickoff-ur1,1,AllMaps,nerve,FUR,Astra,0.9,158,33,37,25,-4,74,109,27,0,4,-4,FURIA,KRÜ Esports,36.0,26.0,2.0,1.0
https://www.vlr.gg/596400/kr-esports-vs-furia-vct-2026-americas-kickoff-ur1,2,Breeze,NagZ,KRÜ,Chamber,1.26,198,15,12,2,3,62,149,20,4,2,2,FURIA,KRÜ Esports,13.0,8.0,2.0,1.0
https://www.vlr.gg/596400/kr-esports-vs-furia-vct-2026-americas-kickoff-ur1,2,Breeze,mta,KRÜ,Kayo,1.09,181,12,13,9,-1,67,116,38,1,1,0,FURIA,KRÜ Esports,13.0,8.0,2.0,1.0
https://www.vlr.gg/596400/kr-esports-vs-furia-vct-2026-americas-kickoff-ur1,2,Breeze,infiltrator,KRÜ,Jett,0.73,162,11,17,4,-6,62,106,26,3,5,-2,FURIA,KRÜ Esports,13.0,8.0,2.0,1.0
https://www.vlr.gg/596400/kr-esports-vs-furia-vct-2026-americas-kickoff-ur1,2,Breeze,Governor,KRÜ,Sova,0.67,146,10,17,3,-7,52,104,36,0,3,-3,FURIA,KRÜ Esports,13.0,8.0,2.0,1.0
https://www.vlr.gg/596400/kr-esports-vs-furia-vct-2026-americas-kickoff-ur1,2,Breeze,benG,KRÜ,Viper,0.67,137,11,17,2,-6,52,85,43,0,2,-2,FURIA,KRÜ Esports,13.0,8.0,2.0,1.0
https://www.vlr.gg/596400/kr-esports-vs-furia-vct-2026-americas-kickoff-ur1,2,Breeze,artzin,FUR,Astra,1.43,251,22,11,3,11,71,153,33,2,0,2,FURIA,KRÜ Esports,13.0,8.0,2.0,1.0
https://www.vlr.gg/596400/kr-esports-vs-furia-vct-2026-americas-kickoff-ur1,2,Breeze,alym,FUR,Yoru,1.23,235,18,11,5,7,76,155,35,6,3,3,FURIA,KRÜ Esports,13.0,8.0,2.0,1.0
https://www.vlr.gg/596400/kr-esports-vs-furia-vct-2026-americas-kickoff-ur1,2,Breeze,koalanoob,FUR,Jett,1.04,244,18,15,3,3,76,144,16,4,2,2,FURIA,KRÜ Esports,13.0,8.0,2.0,1.0
https://www.vlr.gg/596400/kr-esports-vs-furia-vct-2026-americas-kickoff-ur1,2,Breeze,eeiu,FUR,Sova,0.89,140,10,10,6,0,76,102,25,1,1,0,FURIA,KRÜ Esports,13.0,8.0,2.0,1.0
https://www.vlr.gg/596400/kr-esports-vs-furia-vct-2026-americas-kickoff-ur1,2,Breeze,nerve,FUR,Viper,0.73,119,8,12,7,-4,67,84,10,0,2,-2,FURIA,KRÜ Esports,13.0,8.0,2.0,1.0
https://www.vlr.gg/596400/kr-esports-vs-furia-vct-2026-americas-kickoff-ur1,3,Abyss,infiltrator,KRÜ,Yoru,1.31,282,18,15,3,3,89,185,32,2,1,1,FURIA,KRÜ Esports,13.0,5.0,2.0,1.0
https://www.vlr.gg/596400/kr-esports-vs-furia-vct-2026-americas-kickoff-ur1,3,Abyss,mta,KRÜ,Kayo,0.77,158,8,14,8,-6,67,104,27,1,2,-1,FURIA,KRÜ Esports,13.0,5.0,2.0,1.0
https://www.vlr.gg/596400/kr-esports-vs-furia-vct-2026-americas-kickoff-ur1,3,Abyss,Governor,KRÜ,Sova,0.69,104,7,13,5,-6,56,80,50,1,2,-1,FURIA,KRÜ Esports,13.0,5.0,2.0,1.0
https://www.vlr.gg/596400/kr-esports-vs-furia-vct-2026-americas-kickoff-ur1,3,Abyss,NagZ,KRÜ,Chamber,0.64,131,8,16,4,-8,67,91,28,2,3,-1,FURIA,KRÜ Esports,13.0,5.0,2.0,1.0
https://www.vlr.gg/596400/kr-esports-vs-furia-vct-2026-americas-kickoff-ur1,3,Abyss,benG,KRÜ,Omen,0.45,119,6,15,5,-9,67,81,32,1,3,-2,FURIA,KRÜ Esports,13.0,5.0,2.0,1.0
https://www.vlr.gg/596400/kr-esports-vs-furia-vct-2026-americas-kickoff-ur1,3,Abyss,alym,FUR,Waylay,1.32,245,16,9,5,7,72,142,17,4,0,4,FURIA,KRÜ Esports,13.0,5.0,2.0,1.0
https://www.vlr.gg/596400/kr-esports-vs-furia-vct-2026-americas-kickoff-ur1,3,Abyss,koalanoob,FUR,Omen,1.3,278,18,13,9,5,83,171,30,4,3,1,FURIA,KRÜ Esports,13.0,5.0,2.0,1.0
https://www.vlr.gg/596400/kr-esports-vs-furia-vct-2026-americas-kickoff-ur1,3,Abyss,artzin,FUR,Astra,1.27,178,12,8,9,4,78,110,35,2,2,0,FURIA,KRÜ Esports,13.0,5.0,2.0,1.0
https://www.vlr.gg/596400/kr-esports-vs-furia-vct-2026-americas-kickoff-ur1,3,Abyss,eeiu,FUR,Sova,1.06,183,13,10,6,3,89,120,50,1,1,0,FURIA,KRÜ Esports,13.0,5.0,2.0,1.0
https://www.vlr.gg/596400/kr-esports-vs-furia-vct-2026-americas-kickoff-ur1,3,Abyss,nerve,FUR,Tejo,1.0,194,13,11,4,2,78,135,32,0,1,-1,FURIA,KRÜ Esports,13.0,5.0,2.0,1.0
https://www.vlr.gg/596401/100-thieves-vs-leviat-n-vct-2026-americas-kickoff-ur1,0,Bind,Cryocells,100T,Chamber,1.43,311,26,14,2,12,82,189,20,3,3,0,100 Thieves,100 Thieves,9.0,13.0,1.0,2.0
https://www.vlr.gg/596401/100-thieves-vs-leviat-n-vct-2026-americas-kickoff-ur1,0,Bind,bang,100T,Viper,1.09,179,15,13,2,2,64,110,36,1,1,0,100 Thieves,100 Thieves,9.0,13.0,1.0,2.0
https://www.vlr.gg/596401/100-thieves-vs-leviat-n-vct-2026-americas-kickoff-ur1,0,Bind,vora,100T,Skye,1.09,176,14,11,8,3,86,115,39,1,0,1,100 Thieves,100 Thieves,9.0,13.0,1.0,2.0
https://www.vlr.gg/596401/100-thieves-vs-leviat-n-vct-2026-americas-kickoff-ur1,0,Bind,Asuna,100T,Brimstone,1.07,184,14,13,9,1,73,116,39,3,0,3,100 Thieves,100 Thieves,9.0,13.0,1.0,2.0
https://www.vlr.gg/596401/100-thieves-vs-leviat-n-vct-2026-americas-kickoff-ur1,0,Bind,Timotino,100T,Waylay,0.83,192,13,17,7,-4,82,118,17,6,4,2,100 Thieves,100 Thieves,9.0,13.0,1.0,2.0
https://www.vlr.gg/596401/100-thieves-vs-leviat-n-vct-2026-americas-kickoff-ur1,0,Bind,PxS,LEV,Viper,1.22,208,15,13,4,2,59,137,20,3,1,2,100 Thieves,100 Thieves,9.0,13.0,1.0,2.0
https://www.vlr.gg/596401/100-thieves-vs-leviat-n-vct-2026-americas-kickoff-ur1,0,Bind,Sato,LEV,Yoru,0.94,185,15,16,3,-1,64,152,46,1,6,-5,100 Thieves,100 Thieves,9.0,13.0,1.0,2.0
https://www.vlr.gg/596401/100-thieves-vs-leviat-n-vct-2026-americas-kickoff-ur1,0,Bind,kiNgg,LEV,Brimstone,0.88,182,15,17,7,-2,59,127,45,0,2,-2,100 Thieves,100 Thieves,9.0,13.0,1.0,2.0
https://www.vlr.gg/596401/100-thieves-vs-leviat-n-vct-2026-americas-kickoff-ur1,0,Bind,blowz,LEV,Fade,0.66,108,10,16,5,-6,64,71,24,0,4,-4,100 Thieves,100 Thieves,9.0,13.0,1.0,2.0
https://www.vlr.gg/596401/100-thieves-vs-leviat-n-vct-2026-americas-kickoff-ur1,0,Bind,spike,LEV,Waylay,0.6,175,13,20,1,-7,64,102,23,4,1,3,100 Thieves,100 Thieves,9.0,13.0,1.0,2.0
https://www.vlr.gg/596401/100-thieves-vs-leviat-n-vct-2026-americas-kickoff-ur1,1,AllMaps,vora,100T,Skye,1.18,204,47,42,28,5,79,132,30,6,2,4,100 Thieves,100 Thieves,31.0,36.0,1.0,2.0
https://www.vlr.gg/596401/100-thieves-vs-leviat-n-vct-2026-americas-kickoff-ur1,1,AllMaps,bang,100T,Viper,1.07,186,44,42,18,2,72,114,31,3,2,1,100 Thieves,100 Thieves,31.0,36.0,1.0,2.0
https://www.vlr.gg/596401/100-thieves-vs-leviat-n-vct-2026-americas-kickoff-ur1,1,AllMaps,Asuna,100T,Brimstone,1.06,180,44,43,32,1,78,112,31,5,6,-1,100 Thieves,100 Thieves,31.0,36.0,1.0,2.0
https://www.vlr.gg/596401/100-thieves-vs-leviat-n-vct-2026-americas-kickoff-ur1,1,AllMaps,Cryocells,100T,Chamber,0.95,216,52,49,9,3,67,136,30,6,6,0,100 Thieves,100 Thieves,31.0,36.0,1.0,2.0
https://www.vlr.gg/596401/100-thieves-vs-leviat-n-vct-2026-americas-kickoff-ur1,1,AllMaps,Timotino,100T,Waylay,0.89,225,49,54,15,-5,70,146,20,18,13,5,100 Thieves,100 Thieves,31.0,36.0,1.0,2.0
https://www.vlr.gg/596401/100-thieves-vs-leviat-n-vct-2026-americas-kickoff-ur1,1,AllMaps,Sato,LEV,Yoru,1.15,241,59,47,14,12,67,167,38,9,16,-7,100 Thieves,100 Thieves,31.0,36.0,1.0,2.0
https://www.vlr.gg/596401/100-thieves-vs-leviat-n-vct-2026-americas-kickoff-ur1,1,AllMaps,PxS,LEV,Viper,1.11,201,46,44,16,2,73,139,24,6,2,4,100 Thieves,100 Thieves,31.0,36.0,1.0,2.0
https://www.vlr.gg/596401/100-thieves-vs-leviat-n-vct-2026-americas-kickoff-ur1,1,AllMaps,kiNgg,LEV,Brimstone,1.0,197,47,45,22,2,67,128,36,2,8,-6,100 Thieves,100 Thieves,31.0,36.0,1.0,2.0
https://www.vlr.gg/596401/100-thieves-vs-leviat-n-vct-2026-americas-kickoff-ur1,1,AllMaps,spike,LEV,Waylay,0.8,178,41,54,24,-13,73,103,27,11,5,6,100 Thieves,100 Thieves,31.0,36.0,1.0,2.0
https://www.vlr.gg/596401/100-thieves-vs-leviat-n-vct-2026-americas-kickoff-ur1,1,AllMaps,blowz,LEV,Fade,0.78,154,37,46,14,-9,72,108,21,1,7,-6,100 Thieves,100 Thieves,31.0,36.0,1.0,2.0
https://www.vlr.gg/596401/100-thieves-vs-leviat-n-vct-2026-americas-kickoff-ur1,2,Pearl,Asuna,100T,Kayo,1.32,218,19,14,12,5,74,126,33,1,2,-1,LEVIATÁN,100 Thieves,13.0,10.0,1.0,2.0
https://www.vlr.gg/596401/100-thieves-vs-leviat-n-vct-2026-americas-kickoff-ur1,2,Pearl,vora,100T,Fade,1.12,186,13,16,13,-3,70,120,33,3,1,2,LEVIATÁN,100 Thieves,13.0,10.0,1.0,2.0
https://www.vlr.gg/596401/100-thieves-vs-leviat-n-vct-2026-americas-kickoff-ur1,2,Pearl,bang,100T,Astra,1.03,158,13,14,6,-1,74,96,26,1,1,0,LEVIATÁN,100 Thieves,13.0,10.0,1.0,2.0
https://www.vlr.gg/596401/100-thieves-vs-leviat-n-vct-2026-americas-kickoff-ur1,2,Pearl,Timotino,100T,Waylay,0.81,240,17,21,6,-4,61,157,27,5,6,-1,LEVIATÁN,100 Thieves,13.0,10.0,1.0,2.0
https://www.vlr.gg/596401/100-thieves-vs-leviat-n-vct-2026-americas-kickoff-ur1,2,Pearl,Cryocells,100T,Chamber,0.64,156,12,18,4,-6,57,100,35,1,2,-1,LEVIATÁN,100 Thieves,13.0,10.0,1.0,2.0
https://www.vlr.gg/596401/100-thieves-vs-leviat-n-vct-2026-americas-kickoff-ur1,2,Pearl,kiNgg,LEV,Astra,1.12,188,16,11,9,5,70,118,29,0,2,-2,LEVIATÁN,100 Thieves,13.0,10.0,1.0,2.0
https://www.vlr.gg/596401/100-thieves-vs-leviat-n-vct-2026-americas-kickoff-ur1,2,Pearl,spike,LEV,Kayo,1.08,209,17,17,18,0,78,112,21,3,1,2,LEVIATÁN,100 Thieves,13.0,10.0,1.0,2.0
https://www.vlr.gg/596401/100-thieves-vs-leviat-n-vct-2026-americas-kickoff-ur1,2,Pearl,Sato,LEV,Waylay,1.07,253,20,17,9,3,70,170,38,5,6,-1,LEVIATÁN,100 Thieves,13.0,10.0,1.0,2.0
https://www.vlr.gg/596401/100-thieves-vs-leviat-n-vct-2026-americas-kickoff-ur1,2,Pearl,PxS,LEV,Chamber,1.01,154,13,13,4,0,87,113,29,3,0,3,LEVIATÁN,100 Thieves,13.0,10.0,1.0,2.0
https://www.vlr.gg/596401/100-thieves-vs-leviat-n-vct-2026-americas-kickoff-ur1,2,Pearl,blowz,LEV,Tejo,0.92,214,17,16,3,1,61,148,22,1,2,-1,LEVIATÁN,100 Thieves,13.0,10.0,1.0,2.0
https://www.vlr.gg/596401/100-thieves-vs-leviat-n-vct-2026-americas-kickoff-ur1,3,Split,vora,100T,Skye,1.33,249,20,15,7,5,82,160,24,2,1,1,100 Thieves,100 Thieves,9.0,13.0,1.0,2.0
https://www.vlr.gg/596401/100-thieves-vs-leviat-n-vct-2026-americas-kickoff-ur1,3,Split,bang,100T,Omen,1.1,220,16,15,10,1,77,136,30,1,0,1,100 Thieves,100 Thieves,9.0,13.0,1.0,2.0
https://www.vlr.gg/596401/100-thieves-vs-leviat-n-vct-2026-americas-kickoff-ur1,3,Split,Timotino,100T,Waylay,1.03,243,19,16,2,3,68,163,17,7,3,4,100 Thieves,100 Thieves,9.0,13.0,1.0,2.0
https://www.vlr.gg/596401/100-thieves-vs-leviat-n-vct-2026-americas-kickoff-ur1,3,Split,Cryocells,100T,Viper,0.81,181,14,17,3,-3,64,120,38,2,1,1,100 Thieves,100 Thieves,9.0,13.0,1.0,2.0
https://www.vlr.gg/596401/100-thieves-vs-leviat-n-vct-2026-americas-kickoff-ur1,3,Split,Asuna,100T,Sage,0.76,138,11,16,11,-5,86,92,22,1,4,-3,100 Thieves,100 Thieves,9.0,13.0,1.0,2.0
https://www.vlr.gg/596401/100-thieves-vs-leviat-n-vct-2026-americas-kickoff-ur1,3,Split,Sato,LEV,Yoru,1.43,285,24,14,2,10,68,179,34,3,4,-1,100 Thieves,100 Thieves,9.0,13.0,1.0,2.0
https://www.vlr.gg/596401/100-thieves-vs-leviat-n-vct-2026-americas-kickoff-ur1,3,Split,PxS,LEV,Viper,1.11,241,18,18,8,0,73,168,25,0,1,-1,100 Thieves,100 Thieves,9.0,13.0,1.0,2.0
https://www.vlr.gg/596401/100-thieves-vs-leviat-n-vct-2026-americas-kickoff-ur1,3,Split,kiNgg,LEV,Omen,0.99,222,16,17,6,-1,73,139,35,2,4,-2,100 Thieves,100 Thieves,9.0,13.0,1.0,2.0
https://www.vlr.gg/596401/100-thieves-vs-leviat-n-vct-2026-americas-kickoff-ur1,3,Split,blowz,LEV,Fade,0.76,141,10,14,6,-4,91,104,17,0,1,-1,100 Thieves,100 Thieves,9.0,13.0,1.0,2.0
https://www.vlr.gg/596401/100-thieves-vs-leviat-n-vct-2026-americas-kickoff-ur1,3,Split,spike,LEV,Waylay,0.7,149,11,17,5,-6,77,95,41,4,3,1,100 Thieves,100 Thieves,9.0,13.0,1.0,2.0
https://www.vlr.gg/596402/nrg-vs-cloud9-vct-2026-americas-kickoff-ur2,0,Pearl,brawk,NRG,Sova,2.02,340,21,6,2,15,87,202,20,0,1,-1,NRG,Cloud9,13.0,2.0,2.0,0.0
https://www.vlr.gg/596402/nrg-vs-cloud9-vct-2026-americas-kickoff-ur2,0,Pearl,keiko,NRG,Killjoy,1.45,227,13,7,5,6,87,128,22,5,0,5,NRG,Cloud9,13.0,2.0,2.0,0.0
https://www.vlr.gg/596402/nrg-vs-cloud9-vct-2026-americas-kickoff-ur2,0,Pearl,mada,NRG,Waylay,1.25,225,13,8,4,5,80,150,32,4,1,3,NRG,Cloud9,13.0,2.0,2.0,0.0
https://www.vlr.gg/596402/nrg-vs-cloud9-vct-2026-americas-kickoff-ur2,0,Pearl,Ethan,NRG,Tejo,1.12,226,12,10,2,2,93,159,20,2,0,2,NRG,Cloud9,13.0,2.0,2.0,0.0
https://www.vlr.gg/596402/nrg-vs-cloud9-vct-2026-americas-kickoff-ur2,0,Pearl,skuba,NRG,Astra,0.72,109,6,8,3,-2,87,73,15,1,1,0,NRG,Cloud9,13.0,2.0,2.0,0.0
https://www.vlr.gg/596402/nrg-vs-cloud9-vct-2026-americas-kickoff-ur2,0,Pearl,Xeppaa,C9,Tejo,1.3,353,17,14,3,3,67,220,25,1,2,-1,NRG,NRG,2.0,13.0,0.0,2.0
https://www.vlr.gg/596402/nrg-vs-cloud9-vct-2026-americas-kickoff-ur2,0,Pearl,v1c,C9,Astra,0.71,165,8,14,6,-6,47,103,23,0,2,-2,NRG,NRG,2.0,13.0,0.0,2.0
https://www.vlr.gg/596402/nrg-vs-cloud9-vct-2026-americas-kickoff-ur2,0,Pearl,penny,C9,Chamber,0.64,108,6,11,3,-5,80,73,6,0,1,-1,NRG,NRG,2.0,13.0,0.0,2.0
https://www.vlr.gg/596402/nrg-vs-cloud9-vct-2026-americas-kickoff-ur2,0,Pearl,Zellsis,C9,Kayo,0.56,132,6,12,6,-6,60,86,19,1,1,0,NRG,NRG,2.0,13.0,0.0,2.0
https://www.vlr.gg/596402/nrg-vs-cloud9-vct-2026-americas-kickoff-ur2,0,Pearl,OXY,C9,Neon,0.01,36,2,14,0,-12,33,26,50,1,6,-5,NRG,NRG,2.0,13.0,0.0,2.0
https://www.vlr.gg/596402/nrg-vs-cloud9-vct-2026-americas-kickoff-ur2,1,AllMaps,keiko,NRG,Killjoy,1.41,247,36,21,9,15,81,148,22,7,3,4,NRG,Cloud9,26.0,11.0,2.0,0.0
https://www.vlr.gg/596402/nrg-vs-cloud9-vct-2026-americas-kickoff-ur2,1,AllMaps,brawk,NRG,Sova,1.38,261,34,21,9,13,81,152,18,3,2,1,NRG,Cloud9,26.0,11.0,2.0,0.0
https://www.vlr.gg/596402/nrg-vs-cloud9-vct-2026-americas-kickoff-ur2,1,AllMaps,mada,NRG,Waylay,1.09,192,26,20,9,6,70,118,32,7,6,1,NRG,Cloud9,26.0,11.0,2.0,0.0
https://www.vlr.gg/596402/nrg-vs-cloud9-vct-2026-americas-kickoff-ur2,1,AllMaps,skuba,NRG,Astra,1.02,160,23,21,7,2,78,110,26,2,2,0,NRG,Cloud9,26.0,11.0,2.0,0.0
https://www.vlr.gg/596402/nrg-vs-cloud9-vct-2026-americas-kickoff-ur2,1,AllMaps,Ethan,NRG,Tejo,0.97,188,23,25,10,-2,84,123,21,3,2,1,NRG,Cloud9,26.0,11.0,2.0,0.0
https://www.vlr.gg/596402/nrg-vs-cloud9-vct-2026-americas-kickoff-ur2,1,AllMaps,Xeppaa,C9,Tejo,0.97,237,27,29,5,-2,70,135,27,4,3,1,NRG,NRG,11.0,26.0,0.0,2.0
https://www.vlr.gg/596402/nrg-vs-cloud9-vct-2026-americas-kickoff-ur2,1,AllMaps,v1c,C9,Astra,0.93,181,23,26,7,-3,54,118,28,1,3,-2,NRG,NRG,11.0,26.0,0.0,2.0
https://www.vlr.gg/596402/nrg-vs-cloud9-vct-2026-americas-kickoff-ur2,1,AllMaps,penny,C9,Chamber,0.88,170,24,26,5,-2,70,120,19,3,2,1,NRG,NRG,11.0,26.0,0.0,2.0
https://www.vlr.gg/596402/nrg-vs-cloud9-vct-2026-americas-kickoff-ur2,1,AllMaps,OXY,C9,Neon,0.64,155,24,32,7,-8,57,108,30,6,13,-7,NRG,NRG,11.0,26.0,0.0,2.0
https://www.vlr.gg/596402/nrg-vs-cloud9-vct-2026-americas-kickoff-ur2,1,AllMaps,Zellsis,C9,Kayo,0.45,95,10,29,13,-19,57,59,21,1,1,0,NRG,NRG,11.0,26.0,0.0,2.0
https://www.vlr.gg/596402/nrg-vs-cloud9-vct-2026-americas-kickoff-ur2,2,Breeze,keiko,NRG,Neon,1.38,266,23,14,4,9,77,162,22,2,3,-1,NRG,Cloud9,13.0,9.0,2.0,0.0
https://www.vlr.gg/596402/nrg-vs-cloud9-vct-2026-americas-kickoff-ur2,2,Breeze,skuba,NRG,Viper,1.22,211,17,13,4,4,73,135,33,1,1,0,NRG,Cloud9,13.0,9.0,2.0,0.0
https://www.vlr.gg/596402/nrg-vs-cloud9-vct-2026-americas-kickoff-ur2,2,Breeze,mada,NRG,Yoru,0.99,158,13,12,5,1,64,97,31,3,5,-2,NRG,Cloud9,13.0,9.0,2.0,0.0
https://www.vlr.gg/596402/nrg-vs-cloud9-vct-2026-americas-kickoff-ur2,2,Breeze,brawk,NRG,Sova,0.94,182,13,15,7,-2,77,118,16,3,1,2,NRG,Cloud9,13.0,9.0,2.0,0.0
https://www.vlr.gg/596402/nrg-vs-cloud9-vct-2026-americas-kickoff-ur2,2,Breeze,Ethan,NRG,Astra,0.87,150,11,15,8,-4,77,99,23,1,2,-1,NRG,Cloud9,13.0,9.0,2.0,0.0
https://www.vlr.gg/596402/nrg-vs-cloud9-vct-2026-americas-kickoff-ur2,2,Breeze,v1c,C9,Viper,1.08,197,15,12,1,3,59,128,33,1,1,0,NRG,NRG,9.0,13.0,0.0,2.0
https://www.vlr.gg/596402/nrg-vs-cloud9-vct-2026-americas-kickoff-ur2,2,Breeze,OXY,C9,Neon,1.07,274,22,18,7,4,73,165,29,5,7,-2,NRG,NRG,9.0,13.0,0.0,2.0
https://www.vlr.gg/596402/nrg-vs-cloud9-vct-2026-americas-kickoff-ur2,2,Breeze,penny,C9,Yoru,1.05,231,18,15,2,3,64,152,24,3,1,2,NRG,NRG,9.0,13.0,0.0,2.0
https://www.vlr.gg/596402/nrg-vs-cloud9-vct-2026-americas-kickoff-ur2,2,Breeze,Xeppaa,C9,Sova,0.75,121,10,15,2,-5,73,77,32,3,1,2,NRG,NRG,9.0,13.0,0.0,2.0
https://www.vlr.gg/596402/nrg-vs-cloud9-vct-2026-americas-kickoff-ur2,2,Breeze,Zellsis,C9,Breach,0.37,58,4,17,7,-13,55,40,25,0,0,0,NRG,NRG,9.0,13.0,0.0,2.0
https://www.vlr.gg/596403/mibr-vs-envy-vct-2026-americas-kickoff-ur2,0,Abyss,aspas,MIBR,Jett,1.66,272,20,8,3,12,95,169,24,2,3,-1,MIBR,ENVY,13.0,7.0,2.0,0.0
https://www.vlr.gg/596403/mibr-vs-envy-vct-2026-americas-kickoff-ur2,0,Abyss,Mazino,MIBR,Kayo,1.39,284,19,13,11,6,90,186,32,4,3,1,MIBR,ENVY,13.0,7.0,2.0,0.0
https://www.vlr.gg/596403/mibr-vs-envy-vct-2026-americas-kickoff-ur2,0,Abyss,Verno,MIBR,Sova,1.29,243,18,12,7,6,85,158,21,3,0,3,MIBR,ENVY,13.0,7.0,2.0,0.0
https://www.vlr.gg/596403/mibr-vs-envy-vct-2026-americas-kickoff-ur2,0,Abyss,tex,MIBR,Cypher,0.95,180,14,13,7,1,85,103,19,2,2,0,MIBR,ENVY,13.0,7.0,2.0,0.0
https://www.vlr.gg/596403/mibr-vs-envy-vct-2026-americas-kickoff-ur2,0,Abyss,zekken,MIBR,Astra,0.9,124,9,11,11,-2,65,82,43,1,0,1,MIBR,ENVY,13.0,7.0,2.0,0.0
https://www.vlr.gg/596403/mibr-vs-envy-vct-2026-americas-kickoff-ur2,0,Abyss,Rossy,ENVY,Omen,1.32,250,17,13,4,4,70,143,30,1,0,1,MIBR,MIBR,7.0,13.0,0.0,2.0
https://www.vlr.gg/596403/mibr-vs-envy-vct-2026-americas-kickoff-ur2,0,Abyss,P0PPIN,ENVY,Sova,0.82,185,13,16,3,-3,50,124,34,4,1,3,MIBR,MIBR,7.0,13.0,0.0,2.0
https://www.vlr.gg/596403/mibr-vs-envy-vct-2026-americas-kickoff-ur2,0,Abyss,Inspire,ENVY,Viper,0.81,182,11,16,0,-5,45,128,34,1,1,0,MIBR,MIBR,7.0,13.0,0.0,2.0
https://www.vlr.gg/596403/mibr-vs-envy-vct-2026-americas-kickoff-ur2,0,Abyss,keznit,ENVY,Iso,0.55,160,11,18,5,-7,70,92,29,1,1,0,MIBR,MIBR,7.0,13.0,0.0,2.0
https://www.vlr.gg/596403/mibr-vs-envy-vct-2026-americas-kickoff-ur2,0,Abyss,Eggsterr,ENVY,Yoru,0.24,86,5,17,3,-12,55,56,20,1,9,-8,MIBR,MIBR,7.0,13.0,0.0,2.0
https://www.vlr.gg/596403/mibr-vs-envy-vct-2026-americas-kickoff-ur2,1,AllMaps,aspas,MIBR,Jett,1.47,271,44,23,8,21,82,180,32,7,5,2,MIBR,ENVY,26.0,18.0,2.0,0.0
https://www.vlr.gg/596403/mibr-vs-envy-vct-2026-americas-kickoff-ur2,1,AllMaps,Verno,MIBR,Sova,1.35,244,39,26,13,13,89,166,31,7,0,7,MIBR,ENVY,26.0,18.0,2.0,0.0
https://www.vlr.gg/596403/mibr-vs-envy-vct-2026-americas-kickoff-ur2,1,AllMaps,Mazino,MIBR,Kayo,1.13,234,36,33,25,3,86,145,30,5,5,0,MIBR,ENVY,26.0,18.0,2.0,0.0
https://www.vlr.gg/596403/mibr-vs-envy-vct-2026-americas-kickoff-ur2,1,AllMaps,tex,MIBR,Cypher,1.08,219,35,30,16,5,86,136,26,5,8,-3,MIBR,ENVY,26.0,18.0,2.0,0.0
https://www.vlr.gg/596403/mibr-vs-envy-vct-2026-americas-kickoff-ur2,1,AllMaps,zekken,MIBR,Astra,0.95,155,24,27,25,-3,73,104,30,1,1,0,MIBR,ENVY,26.0,18.0,2.0,0.0
https://www.vlr.gg/596403/mibr-vs-envy-vct-2026-americas-kickoff-ur2,1,AllMaps,Rossy,ENVY,Omen,1.03,210,31,33,15,-2,66,127,31,2,3,-1,MIBR,MIBR,18.0,26.0,0.0,2.0
https://www.vlr.gg/596403/mibr-vs-envy-vct-2026-americas-kickoff-ur2,1,AllMaps,Inspire,ENVY,Viper,0.93,177,27,33,5,-6,61,127,42,3,4,-1,MIBR,MIBR,18.0,26.0,0.0,2.0
https://www.vlr.gg/596403/mibr-vs-envy-vct-2026-americas-kickoff-ur2,1,AllMaps,keznit,ENVY,Iso,0.88,222,34,37,12,-3,66,147,26,3,3,0,MIBR,MIBR,18.0,26.0,0.0,2.0
https://www.vlr.gg/596403/mibr-vs-envy-vct-2026-americas-kickoff-ur2,1,AllMaps,P0PPIN,ENVY,Sova,0.69,171,26,35,10,-9,55,115,36,5,5,0,MIBR,MIBR,18.0,26.0,0.0,2.0
https://www.vlr.gg/596403/mibr-vs-envy-vct-2026-americas-kickoff-ur2,1,AllMaps,Eggsterr,ENVY,Yoru,0.48,139,21,40,10,-19,64,98,23,6,10,-4,MIBR,MIBR,18.0,26.0,0.0,2.0
https://www.vlr.gg/596403/mibr-vs-envy-vct-2026-americas-kickoff-ur2,2,Corrode,Verno,MIBR,Sova,1.41,245,21,14,6,7,92,173,43,4,0,4,MIBR,ENVY,13.0,11.0,2.0,0.0
https://www.vlr.gg/596403/mibr-vs-envy-vct-2026-americas-kickoff-ur2,2,Corrode,aspas,MIBR,Waylay,1.31,270,24,15,5,9,71,189,40,5,2,3,MIBR,ENVY,13.0,11.0,2.0,0.0
https://www.vlr.gg/596403/mibr-vs-envy-vct-2026-americas-kickoff-ur2,2,Corrode,tex,MIBR,Viper,1.19,258,21,17,9,4,88,163,31,3,6,-3,MIBR,ENVY,13.0,11.0,2.0,0.0
https://www.vlr.gg/596403/mibr-vs-envy-vct-2026-americas-kickoff-ur2,2,Corrode,zekken,MIBR,Omen,0.98,185,15,16,14,-1,79,122,24,0,1,-1,MIBR,ENVY,13.0,11.0,2.0,0.0
https://www.vlr.gg/596403/mibr-vs-envy-vct-2026-americas-kickoff-ur2,2,Corrode,Mazino,MIBR,Kayo,0.92,183,17,20,14,-3,83,111,26,1,2,-1,MIBR,ENVY,13.0,11.0,2.0,0.0
https://www.vlr.gg/596403/mibr-vs-envy-vct-2026-americas-kickoff-ur2,2,Corrode,keznit,ENVY,Waylay,1.17,284,23,19,7,4,63,193,25,2,2,0,MIBR,MIBR,11.0,13.0,0.0,2.0
https://www.vlr.gg/596403/mibr-vs-envy-vct-2026-americas-kickoff-ur2,2,Corrode,Inspire,ENVY,Viper,1.03,171,16,17,5,-1,75,126,50,2,3,-1,MIBR,MIBR,11.0,13.0,0.0,2.0
https://www.vlr.gg/596403/mibr-vs-envy-vct-2026-americas-kickoff-ur2,2,Corrode,Rossy,ENVY,Omen,0.78,170,14,20,11,-6,63,115,32,1,3,-2,MIBR,MIBR,11.0,13.0,0.0,2.0
https://www.vlr.gg/596403/mibr-vs-envy-vct-2026-americas-kickoff-ur2,2,Corrode,Eggsterr,ENVY,Yoru,0.68,191,16,23,7,-7,71,132,24,5,1,4,MIBR,MIBR,11.0,13.0,0.0,2.0
https://www.vlr.gg/596403/mibr-vs-envy-vct-2026-americas-kickoff-ur2,2,Corrode,P0PPIN,ENVY,Fade,0.59,156,13,19,7,-6,58,106,37,1,4,-3,MIBR,MIBR,11.0,13.0,0.0,2.0
https://www.vlr.gg/596404/sentinels-vs-furia-vct-2026-americas-kickoff-ur2,0,Split,johnqt,SEN,Omen,1.04,205,12,15,4,-3,72,144,30,1,3,-2,FURIA,Sentinels,13.0,5.0,2.0,0.0
https://www.vlr.gg/596404/sentinels-vs-furia-vct-2026-americas-kickoff-ur2,0,Split,cortezia,SEN,Viper,0.89,206,12,14,7,-2,72,158,27,1,2,-1,FURIA,Sentinels,13.0,5.0,2.0,0.0
https://www.vlr.gg/596404/sentinels-vs-furia-vct-2026-americas-kickoff-ur2,0,Split,Reduxx,SEN,Yoru,0.8,157,9,16,5,-7,61,100,35,3,2,1,FURIA,Sentinels,13.0,5.0,2.0,0.0
https://www.vlr.gg/596404/sentinels-vs-furia-vct-2026-americas-kickoff-ur2,0,Split,Kyu,SEN,Tejo,0.74,153,10,15,2,-5,56,103,21,0,2,-2,FURIA,Sentinels,13.0,5.0,2.0,0.0
https://www.vlr.gg/596404/sentinels-vs-furia-vct-2026-americas-kickoff-ur2,0,Split,N4RRATE,SEN,Waylay,0.52,155,10,16,2,-6,67,93,18,0,4,-4,FURIA,Sentinels,13.0,5.0,2.0,0.0
https://www.vlr.gg/596404/sentinels-vs-furia-vct-2026-americas-kickoff-ur2,0,Split,koalanoob,FUR,Yoru,1.64,274,19,8,2,11,78,184,24,4,2,2,FURIA,Sentinels,13.0,5.0,2.0,0.0
https://www.vlr.gg/596404/sentinels-vs-furia-vct-2026-americas-kickoff-ur2,0,Split,eeiu,FUR,Fade,1.23,232,16,11,7,5,83,165,26,3,0,3,FURIA,Sentinels,13.0,5.0,2.0,0.0
https://www.vlr.gg/596404/sentinels-vs-furia-vct-2026-americas-kickoff-ur2,0,Split,artzin,FUR,Omen,1.19,224,17,11,7,6,89,140,31,1,2,-1,FURIA,Sentinels,13.0,5.0,2.0,0.0
https://www.vlr.gg/596404/sentinels-vs-furia-vct-2026-americas-kickoff-ur2,0,Split,nerve,FUR,Viper,1.09,206,13,9,9,4,94,136,18,1,1,0,FURIA,Sentinels,13.0,5.0,2.0,0.0
https://www.vlr.gg/596404/sentinels-vs-furia-vct-2026-americas-kickoff-ur2,0,Split,alym,FUR,Waylay,0.77,178,11,14,6,-3,94,117,30,4,0,4,FURIA,Sentinels,13.0,5.0,2.0,0.0
https://www.vlr.gg/596404/sentinels-vs-furia-vct-2026-americas-kickoff-ur2,1,AllMaps,johnqt,SEN,Omen,1.44,229,37,23,9,14,83,159,35,1,3,-2,FURIA,Sentinels,26.0,16.0,2.0,0.0
https://www.vlr.gg/596404/sentinels-vs-furia-vct-2026-americas-kickoff-ur2,1,AllMaps,Kyu,SEN,Tejo,0.86,175,25,33,10,-8,60,122,25,1,4,-3,FURIA,Sentinels,26.0,16.0,2.0,0.0
https://www.vlr.gg/596404/sentinels-vs-furia-vct-2026-americas-kickoff-ur2,1,AllMaps,cortezia,SEN,Viper,0.8,185,25,31,10,-6,67,132,36,5,2,3,FURIA,Sentinels,26.0,16.0,2.0,0.0
https://www.vlr.gg/596404/sentinels-vs-furia-vct-2026-americas-kickoff-ur2,1,AllMaps,N4RRATE,SEN,Waylay,0.78,183,29,33,4,-4,60,122,30,3,10,-7,FURIA,Sentinels,26.0,16.0,2.0,0.0
https://www.vlr.gg/596404/sentinels-vs-furia-vct-2026-americas-kickoff-ur2,1,AllMaps,Reduxx,SEN,Yoru,0.58,129,15,34,9,-19,60,84,35,6,7,-1,FURIA,Sentinels,26.0,16.0,2.0,0.0
https://www.vlr.gg/596404/sentinels-vs-furia-vct-2026-americas-kickoff-ur2,1,AllMaps,koalanoob,FUR,Yoru,1.41,256,38,26,7,12,79,162,23,8,7,1,FURIA,Sentinels,26.0,16.0,2.0,0.0
https://www.vlr.gg/596404/sentinels-vs-furia-vct-2026-americas-kickoff-ur2,1,AllMaps,artzin,FUR,Omen,1.16,210,35,25,13,10,74,129,29,2,4,-2,FURIA,Sentinels,26.0,16.0,2.0,0.0
https://www.vlr.gg/596404/sentinels-vs-furia-vct-2026-americas-kickoff-ur2,1,AllMaps,eeiu,FUR,Fade,1.0,183,28,26,11,2,79,127,29,4,0,4,FURIA,Sentinels,26.0,16.0,2.0,0.0
https://www.vlr.gg/596404/sentinels-vs-furia-vct-2026-americas-kickoff-ur2,1,AllMaps,nerve,FUR,Viper,0.98,194,25,24,18,1,86,132,15,3,1,2,FURIA,Sentinels,26.0,16.0,2.0,0.0
https://www.vlr.gg/596404/sentinels-vs-furia-vct-2026-americas-kickoff-ur2,1,AllMaps,alym,FUR,Waylay,0.88,189,28,30,12,-2,81,116,29,9,4,5,FURIA,Sentinels,26.0,16.0,2.0,0.0
https://www.vlr.gg/596404/sentinels-vs-furia-vct-2026-americas-kickoff-ur2,2,Breeze,johnqt,SEN,Astra,1.75,253,25,8,5,17,92,170,39,0,0,0,FURIA,Sentinels,13.0,11.0,2.0,0.0
https://www.vlr.gg/596404/sentinels-vs-furia-vct-2026-americas-kickoff-ur2,2,Breeze,N4RRATE,SEN,Neon,0.98,210,19,17,2,2,54,145,40,3,6,-3,FURIA,Sentinels,13.0,11.0,2.0,0.0
https://www.vlr.gg/596404/sentinels-vs-furia-vct-2026-americas-kickoff-ur2,2,Breeze,Kyu,SEN,Skye,0.95,197,15,18,8,-3,63,136,27,1,2,-1,FURIA,Sentinels,13.0,11.0,2.0,0.0
https://www.vlr.gg/596404/sentinels-vs-furia-vct-2026-americas-kickoff-ur2,2,Breeze,cortezia,SEN,Viper,0.72,163,13,17,3,-4,63,113,50,4,0,4,FURIA,Sentinels,13.0,11.0,2.0,0.0
https://www.vlr.gg/596404/sentinels-vs-furia-vct-2026-americas-kickoff-ur2,2,Breeze,Reduxx,SEN,Yoru,0.4,100,6,18,4,-12,58,72,35,3,5,-2,FURIA,Sentinels,13.0,11.0,2.0,0.0
https://www.vlr.gg/596404/sentinels-vs-furia-vct-2026-americas-kickoff-ur2,2,Breeze,koalanoob,FUR,Jett,1.23,237,19,18,5,1,79,145,22,4,5,-1,FURIA,Sentinels,13.0,11.0,2.0,0.0
https://www.vlr.gg/596404/sentinels-vs-furia-vct-2026-americas-kickoff-ur2,2,Breeze,artzin,FUR,Astra,1.14,195,18,14,6,4,63,121,27,1,2,-1,FURIA,Sentinels,13.0,11.0,2.0,0.0
https://www.vlr.gg/596404/sentinels-vs-furia-vct-2026-americas-kickoff-ur2,2,Breeze,alym,FUR,Yoru,0.96,200,17,16,6,1,71,115,28,5,4,1,FURIA,Sentinels,13.0,11.0,2.0,0.0
https://www.vlr.gg/596404/sentinels-vs-furia-vct-2026-americas-kickoff-ur2,2,Breeze,nerve,FUR,Viper,0.91,182,12,15,9,-3,79,129,13,2,0,2,FURIA,Sentinels,13.0,11.0,2.0,0.0
https://www.vlr.gg/596404/sentinels-vs-furia-vct-2026-americas-kickoff-ur2,2,Breeze,eeiu,FUR,Sova,0.83,134,12,15,4,-3,75,99,36,1,0,1,FURIA,Sentinels,13.0,11.0,2.0,0.0
https://www.vlr.gg/596405/g2-esports-vs-100-thieves-vct-2026-americas-kickoff-ur2,0,Bind,BABYBAY,G2,Chamber,1.6,284,26,12,2,14,75,181,13,4,2,2,G2 Esports,G2 Esports,11.0,13.0,1.0,2.0
https://www.vlr.gg/596405/g2-esports-vs-100-thieves-vct-2026-americas-kickoff-ur2,0,Bind,trent,G2,Skye,1.19,193,17,15,9,2,67,131,32,1,1,0,G2 Esports,G2 Esports,11.0,13.0,1.0,2.0
https://www.vlr.gg/596405/g2-esports-vs-100-thieves-vct-2026-americas-kickoff-ur2,0,Bind,valyn,G2,Brimstone,1.01,189,16,16,6,0,75,122,26,3,1,2,G2 Esports,G2 Esports,11.0,13.0,1.0,2.0
https://www.vlr.gg/596405/g2-esports-vs-100-thieves-vct-2026-americas-kickoff-ur2,0,Bind,leaf,G2,Viper,0.72,162,13,19,3,-6,63,122,21,1,2,-1,G2 Esports,G2 Esports,11.0,13.0,1.0,2.0
https://www.vlr.gg/596405/g2-esports-vs-100-thieves-vct-2026-americas-kickoff-ur2,0,Bind,jawgemo,G2,Waylay,0.48,161,12,21,6,-9,63,101,26,3,6,-3,G2 Esports,G2 Esports,11.0,13.0,1.0,2.0
https://www.vlr.gg/596405/g2-esports-vs-100-thieves-vct-2026-americas-kickoff-ur2,0,Bind,Cryocells,100T,Chamber,1.41,258,24,14,2,10,71,164,20,3,4,-1,G2 Esports,G2 Esports,11.0,13.0,1.0,2.0
https://www.vlr.gg/596405/g2-esports-vs-100-thieves-vct-2026-americas-kickoff-ur2,0,Bind,bang,100T,Viper,1.13,214,17,15,6,2,71,139,49,2,3,-1,G2 Esports,G2 Esports,11.0,13.0,1.0,2.0
https://www.vlr.gg/596405/g2-esports-vs-100-thieves-vct-2026-americas-kickoff-ur2,0,Bind,Timotino,100T,Waylay,0.91,191,15,18,4,-3,63,135,26,1,2,-1,G2 Esports,G2 Esports,11.0,13.0,1.0,2.0
https://www.vlr.gg/596405/g2-esports-vs-100-thieves-vct-2026-americas-kickoff-ur2,0,Bind,Asuna,100T,Brimstone,0.88,203,16,18,10,-2,71,118,26,4,1,3,G2 Esports,G2 Esports,11.0,13.0,1.0,2.0
https://www.vlr.gg/596405/g2-esports-vs-100-thieves-vct-2026-americas-kickoff-ur2,0,Bind,vora,100T,Skye,0.59,142,11,19,6,-8,71,96,26,2,2,0,G2 Esports,G2 Esports,11.0,13.0,1.0,2.0
https://www.vlr.gg/596405/g2-esports-vs-100-thieves-vct-2026-americas-kickoff-ur2,1,AllMaps,leaf,G2,Viper,1.21,243,52,47,19,5,72,161,32,5,3,2,G2 Esports,G2 Esports,32.0,29.0,1.0,2.0
https://www.vlr.gg/596405/g2-esports-vs-100-thieves-vct-2026-americas-kickoff-ur2,1,AllMaps,BABYBAY,G2,Chamber,1.01,181,42,40,14,2,67,126,17,6,8,-2,G2 Esports,G2 Esports,32.0,29.0,1.0,2.0
https://www.vlr.gg/596405/g2-esports-vs-100-thieves-vct-2026-americas-kickoff-ur2,1,AllMaps,trent,G2,Skye,0.99,175,36,43,20,-7,67,128,26,3,4,-1,G2 Esports,G2 Esports,32.0,29.0,1.0,2.0
https://www.vlr.gg/596405/g2-esports-vs-100-thieves-vct-2026-americas-kickoff-ur2,1,AllMaps,valyn,G2,Brimstone,0.92,189,40,44,12,-4,72,116,24,5,4,1,G2 Esports,G2 Esports,32.0,29.0,1.0,2.0
https://www.vlr.gg/596405/g2-esports-vs-100-thieves-vct-2026-americas-kickoff-ur2,1,AllMaps,jawgemo,G2,Waylay,0.62,155,32,52,14,-20,57,109,20,7,16,-9,G2 Esports,G2 Esports,32.0,29.0,1.0,2.0
https://www.vlr.gg/596405/g2-esports-vs-100-thieves-vct-2026-americas-kickoff-ur2,1,AllMaps,Cryocells,100T,Chamber,1.37,266,61,37,8,24,80,179,28,7,5,2,G2 Esports,G2 Esports,32.0,29.0,1.0,2.0
https://www.vlr.gg/596405/g2-esports-vs-100-thieves-vct-2026-americas-kickoff-ur2,1,AllMaps,bang,100T,Viper,1.14,192,42,37,24,5,79,125,43,4,4,0,G2 Esports,G2 Esports,32.0,29.0,1.0,2.0
https://www.vlr.gg/596405/g2-esports-vs-100-thieves-vct-2026-americas-kickoff-ur2,1,AllMaps,Asuna,100T,Brimstone,1.04,194,40,39,27,1,77,116,20,7,2,5,G2 Esports,G2 Esports,32.0,29.0,1.0,2.0
https://www.vlr.gg/596405/g2-esports-vs-100-thieves-vct-2026-americas-kickoff-ur2,1,AllMaps,vora,100T,Skye,1.04,223,45,42,15,3,79,148,31,9,4,5,G2 Esports,G2 Esports,32.0,29.0,1.0,2.0
https://www.vlr.gg/596405/g2-esports-vs-100-thieves-vct-2026-americas-kickoff-ur2,1,AllMaps,Timotino,100T,Waylay,0.73,189,38,47,9,-9,62,123,25,8,11,-3,G2 Esports,G2 Esports,32.0,29.0,1.0,2.0
https://www.vlr.gg/596405/g2-esports-vs-100-thieves-vct-2026-americas-kickoff-ur2,2,Corrode,leaf,G2,Fade,1.13,238,13,14,5,-1,75,152,26,2,0,2,100 Thieves,G2 Esports,13.0,3.0,1.0,2.0
https://www.vlr.gg/596405/g2-esports-vs-100-thieves-vct-2026-americas-kickoff-ur2,2,Corrode,valyn,G2,Omen,0.77,198,11,14,2,-3,63,117,22,2,1,1,100 Thieves,G2 Esports,13.0,3.0,1.0,2.0
https://www.vlr.gg/596405/g2-esports-vs-100-thieves-vct-2026-americas-kickoff-ur2,2,Corrode,BABYBAY,G2,Viper,0.49,93,5,12,1,-7,63,65,21,0,4,-4,100 Thieves,G2 Esports,13.0,3.0,1.0,2.0
https://www.vlr.gg/596405/g2-esports-vs-100-thieves-vct-2026-americas-kickoff-ur2,2,Corrode,trent,G2,Tejo,0.39,109,3,14,4,-11,56,90,13,0,1,-1,100 Thieves,G2 Esports,13.0,3.0,1.0,2.0
https://www.vlr.gg/596405/g2-esports-vs-100-thieves-vct-2026-americas-kickoff-ur2,2,Corrode,jawgemo,G2,Yoru,0.28,90,4,14,2,-10,50,64,22,0,6,-6,100 Thieves,G2 Esports,13.0,3.0,1.0,2.0
https://www.vlr.gg/596405/g2-esports-vs-100-thieves-vct-2026-americas-kickoff-ur2,2,Corrode,Cryocells,100T,Veto,1.61,268,17,7,1,10,94,188,37,1,0,1,100 Thieves,G2 Esports,13.0,3.0,1.0,2.0
https://www.vlr.gg/596405/g2-esports-vs-100-thieves-vct-2026-americas-kickoff-ur2,2,Corrode,vora,100T,Fade,1.57,280,17,8,2,9,88,193,36,5,1,4,100 Thieves,G2 Esports,13.0,3.0,1.0,2.0
https://www.vlr.gg/596405/g2-esports-vs-100-thieves-vct-2026-americas-kickoff-ur2,2,Corrode,Asuna,100T,Sage,1.51,212,12,5,6,7,81,124,19,2,1,1,100 Thieves,G2 Esports,13.0,3.0,1.0,2.0
https://www.vlr.gg/596405/g2-esports-vs-100-thieves-vct-2026-americas-kickoff-ur2,2,Corrode,bang,100T,Omen,1.09,137,8,7,9,1,88,77,33,1,0,1,100 Thieves,G2 Esports,13.0,3.0,1.0,2.0
https://www.vlr.gg/596405/g2-esports-vs-100-thieves-vct-2026-americas-kickoff-ur2,2,Corrode,Timotino,100T,Waylay,1.01,229,14,9,4,5,75,142,15,3,2,1,100 Thieves,G2 Esports,13.0,3.0,1.0,2.0
https://www.vlr.gg/596405/g2-esports-vs-100-thieves-vct-2026-americas-kickoff-ur2,3,Split,leaf,G2,Breach,1.82,328,26,14,11,12,81,213,47,2,1,1,G2 Esports,G2 Esports,8.0,13.0,1.0,2.0
https://www.vlr.gg/596405/g2-esports-vs-100-thieves-vct-2026-americas-kickoff-ur2,3,Split,trent,G2,Fade,1.23,223,16,14,7,2,76,153,26,2,2,0,G2 Esports,G2 Esports,8.0,13.0,1.0,2.0
https://www.vlr.gg/596405/g2-esports-vs-100-thieves-vct-2026-americas-kickoff-ur2,3,Split,jawgemo,G2,Waylay,1.03,214,16,17,6,-1,57,152,17,4,4,0,G2 Esports,G2 Esports,8.0,13.0,1.0,2.0
https://www.vlr.gg/596405/g2-esports-vs-100-thieves-vct-2026-americas-kickoff-ur2,3,Split,valyn,G2,Omen,0.93,179,13,14,4,-1,76,109,23,0,2,-2,G2 Esports,G2 Esports,8.0,13.0,1.0,2.0
https://www.vlr.gg/596405/g2-esports-vs-100-thieves-vct-2026-americas-kickoff-ur2,3,Split,BABYBAY,G2,Viper,0.72,167,11,16,11,-5,62,109,20,2,2,0,G2 Esports,G2 Esports,8.0,13.0,1.0,2.0
https://www.vlr.gg/596405/g2-esports-vs-100-thieves-vct-2026-americas-kickoff-ur2,3,Split,bang,100T,Omen,1.19,225,17,15,9,2,81,147,43,1,1,0,G2 Esports,G2 Esports,8.0,13.0,1.0,2.0
https://www.vlr.gg/596405/g2-esports-vs-100-thieves-vct-2026-americas-kickoff-ur2,3,Split,Cryocells,100T,Viper,1.15,273,20,16,5,4,81,189,28,3,1,2,G2 Esports,G2 Esports,8.0,13.0,1.0,2.0
https://www.vlr.gg/596405/g2-esports-vs-100-thieves-vct-2026-americas-kickoff-ur2,3,Split,vora,100T,Skye,1.14,248,17,15,7,2,81,172,30,2,1,1,G2 Esports,G2 Esports,8.0,13.0,1.0,2.0
https://www.vlr.gg/596405/g2-esports-vs-100-thieves-vct-2026-americas-kickoff-ur2,3,Split,Asuna,100T,Sage,0.86,167,12,16,11,-4,81,108,15,1,0,1,G2 Esports,G2 Esports,8.0,13.0,1.0,2.0
https://www.vlr.gg/596405/g2-esports-vs-100-thieves-vct-2026-americas-kickoff-ur2,3,Split,Timotino,100T,Waylay,0.31,147,9,20,1,-11,52,96,32,4,7,-3,G2 Esports,G2 Esports,8.0,13.0,1.0,2.0
https://www.vlr.gg/596409/loud-vs-100-thieves-vct-2026-americas-kickoff-mr1,0,Breeze,pANcada,LOUD,Astra,1.12,189,16,15,10,1,71,138,21,1,0,1,LOUD,100 Thieves,13.0,11.0,1.0,2.0
https://www.vlr.gg/596409/loud-vs-100-thieves-vct-2026-americas-kickoff-mr1,0,Breeze,Virtyy,LOUD,Jett,1.09,234,23,18,1,5,71,141,22,2,4,-2,LOUD,100 Thieves,13.0,11.0,1.0,2.0
https://www.vlr.gg/596409/loud-vs-100-thieves-vct-2026-americas-kickoff-mr1,0,Breeze,Darker,LOUD,Kayo,1.06,187,16,16,5,0,75,128,18,2,3,-1,LOUD,100 Thieves,13.0,11.0,1.0,2.0
https://www.vlr.gg/596409/loud-vs-100-thieves-vct-2026-americas-kickoff-mr1,0,Breeze,lukxo,LOUD,Viper,1.04,181,16,16,5,0,75,126,34,2,7,-5,LOUD,100 Thieves,13.0,11.0,1.0,2.0
https://www.vlr.gg/596409/loud-vs-100-thieves-vct-2026-americas-kickoff-mr1,0,Breeze,cauanzin,LOUD,Sova,0.92,205,18,17,6,1,71,132,20,2,1,1,LOUD,100 Thieves,13.0,11.0,1.0,2.0
https://www.vlr.gg/596409/loud-vs-100-thieves-vct-2026-americas-kickoff-mr1,0,Breeze,Cryocells,100T,Astra,1.13,218,20,17,2,3,63,149,46,3,0,3,LOUD,LOUD,11.0,13.0,2.0,1.0
https://www.vlr.gg/596409/loud-vs-100-thieves-vct-2026-americas-kickoff-mr1,0,Breeze,Timotino,100T,Jett,0.97,246,21,21,2,0,67,165,31,5,6,-1,LOUD,LOUD,11.0,13.0,2.0,1.0
https://www.vlr.gg/596409/loud-vs-100-thieves-vct-2026-americas-kickoff-mr1,0,Breeze,vora,100T,Sova,0.94,182,16,17,6,-1,71,119,23,4,0,4,LOUD,LOUD,11.0,13.0,2.0,1.0
https://www.vlr.gg/596409/loud-vs-100-thieves-vct-2026-americas-kickoff-mr1,0,Breeze,bang,100T,Viper,0.86,192,15,18,7,-3,67,138,36,0,0,0,LOUD,LOUD,11.0,13.0,2.0,1.0
https://www.vlr.gg/596409/loud-vs-100-thieves-vct-2026-americas-kickoff-mr1,0,Breeze,Asuna,100T,Kayo,0.83,139,10,16,16,-6,71,84,23,3,3,0,LOUD,LOUD,11.0,13.0,2.0,1.0
https://www.vlr.gg/596409/loud-vs-100-thieves-vct-2026-americas-kickoff-mr1,1,AllMaps,lukxo,LOUD,Viper,1.07,213,45,41,11,4,69,138,30,6,11,-5,100 Thieves,100 Thieves,21.0,37.0,1.0,2.0
https://www.vlr.gg/596409/loud-vs-100-thieves-vct-2026-americas-kickoff-mr1,1,AllMaps,pANcada,LOUD,Astra,0.92,169,33,43,21,-10,72,127,30,3,1,2,100 Thieves,100 Thieves,21.0,37.0,1.0,2.0
https://www.vlr.gg/596409/loud-vs-100-thieves-vct-2026-americas-kickoff-mr1,1,AllMaps,Virtyy,LOUD,Jett,0.91,190,43,45,11,-2,67,120,19,5,10,-5,100 Thieves,100 Thieves,21.0,37.0,1.0,2.0
https://www.vlr.gg/596409/loud-vs-100-thieves-vct-2026-americas-kickoff-mr1,1,AllMaps,cauanzin,LOUD,Sova,0.72,148,32,45,14,-13,67,96,21,4,6,-2,100 Thieves,100 Thieves,21.0,37.0,1.0,2.0
https://www.vlr.gg/596409/loud-vs-100-thieves-vct-2026-americas-kickoff-mr1,1,AllMaps,Darker,LOUD,Kayo,0.7,138,29,46,11,-17,66,101,19,6,6,0,100 Thieves,100 Thieves,21.0,37.0,1.0,2.0
https://www.vlr.gg/596409/loud-vs-100-thieves-vct-2026-americas-kickoff-mr1,1,AllMaps,bang,100T,Viper,1.27,220,44,31,23,13,78,147,42,2,3,-1,100 Thieves,LOUD,37.0,21.0,2.0,1.0
https://www.vlr.gg/596409/loud-vs-100-thieves-vct-2026-americas-kickoff-mr1,1,AllMaps,Cryocells,100T,Astra,1.21,217,48,34,5,14,72,147,31,12,3,9,100 Thieves,LOUD,37.0,21.0,2.0,1.0
https://www.vlr.gg/596409/loud-vs-100-thieves-vct-2026-americas-kickoff-mr1,1,AllMaps,Timotino,100T,Jett,1.18,258,54,41,9,13,76,172,33,10,10,0,100 Thieves,LOUD,37.0,21.0,2.0,1.0
https://www.vlr.gg/596409/loud-vs-100-thieves-vct-2026-americas-kickoff-mr1,1,AllMaps,Asuna,100T,Kayo,1.03,177,34,35,28,-1,74,112,19,5,5,0,100 Thieves,LOUD,37.0,21.0,2.0,1.0
https://www.vlr.gg/596409/loud-vs-100-thieves-vct-2026-americas-kickoff-mr1,1,AllMaps,vora,100T,Sova,0.97,194,40,41,22,-1,71,124,28,5,3,2,100 Thieves,LOUD,37.0,21.0,2.0,1.0
https://www.vlr.gg/596409/loud-vs-100-thieves-vct-2026-americas-kickoff-mr1,2,Bind,lukxo,LOUD,Viper,1.22,257,17,13,5,4,74,162,26,4,1,3,100 Thieves,100 Thieves,6.0,13.0,1.0,2.0
https://www.vlr.gg/596409/loud-vs-100-thieves-vct-2026-americas-kickoff-mr1,2,Bind,Virtyy,LOUD,Yoru,0.88,172,12,14,7,-2,68,115,22,2,2,0,100 Thieves,100 Thieves,6.0,13.0,1.0,2.0
https://www.vlr.gg/596409/loud-vs-100-thieves-vct-2026-americas-kickoff-mr1,2,Bind,cauanzin,LOUD,Fade,0.73,137,9,14,4,-5,68,77,22,1,1,0,100 Thieves,100 Thieves,6.0,13.0,1.0,2.0
https://www.vlr.gg/596409/loud-vs-100-thieves-vct-2026-americas-kickoff-mr1,2,Bind,pANcada,LOUD,Brimstone,0.72,163,9,17,8,-8,68,125,37,2,0,2,100 Thieves,100 Thieves,6.0,13.0,1.0,2.0
https://www.vlr.gg/596409/loud-vs-100-thieves-vct-2026-americas-kickoff-mr1,2,Bind,Darker,LOUD,Tejo,0.54,157,10,17,3,-7,53,104,29,3,3,0,100 Thieves,100 Thieves,6.0,13.0,1.0,2.0
https://www.vlr.gg/596409/loud-vs-100-thieves-vct-2026-americas-kickoff-mr1,2,Bind,bang,100T,Viper,1.34,222,15,9,3,6,79,162,55,0,3,-3,100 Thieves,LOUD,13.0,6.0,2.0,1.0
https://www.vlr.gg/596409/loud-vs-100-thieves-vct-2026-americas-kickoff-mr1,2,Bind,Timotino,100T,Waylay,1.34,236,17,11,3,6,74,154,29,3,3,0,100 Thieves,LOUD,13.0,6.0,2.0,1.0
https://www.vlr.gg/596409/loud-vs-100-thieves-vct-2026-americas-kickoff-mr1,2,Bind,Cryocells,100T,Chamber,1.31,237,17,10,3,7,84,143,21,4,1,3,100 Thieves,LOUD,13.0,6.0,2.0,1.0
https://www.vlr.gg/596409/loud-vs-100-thieves-vct-2026-americas-kickoff-mr1,2,Bind,vora,100T,Skye,0.98,218,15,15,11,0,74,129,33,0,3,-3,100 Thieves,LOUD,13.0,6.0,2.0,1.0
https://www.vlr.gg/596409/loud-vs-100-thieves-vct-2026-americas-kickoff-mr1,2,Bind,Asuna,100T,Brimstone,0.93,156,11,12,6,-1,68,122,15,0,2,-2,100 Thieves,LOUD,13.0,6.0,2.0,1.0
https://www.vlr.gg/596409/loud-vs-100-thieves-vct-2026-americas-kickoff-mr1,3,Pearl,lukxo,LOUD,Killjoy,0.9,201,12,12,1,0,53,125,31,0,3,-3,100 Thieves,100 Thieves,2.0,13.0,1.0,2.0
https://www.vlr.gg/596409/loud-vs-100-thieves-vct-2026-americas-kickoff-mr1,3,Pearl,pANcada,LOUD,Astra,0.85,156,8,11,3,-3,80,111,43,0,1,-1,100 Thieves,100 Thieves,2.0,13.0,1.0,2.0
https://www.vlr.gg/596409/loud-vs-100-thieves-vct-2026-americas-kickoff-mr1,3,Pearl,Virtyy,LOUD,Yoru,0.66,163,8,13,3,-5,60,92,15,1,4,-3,100 Thieves,100 Thieves,2.0,13.0,1.0,2.0
https://www.vlr.gg/596409/loud-vs-100-thieves-vct-2026-americas-kickoff-mr1,3,Pearl,cauanzin,LOUD,Fade,0.4,102,5,14,4,-9,60,62,21,1,4,-3,100 Thieves,100 Thieves,2.0,13.0,1.0,2.0
https://www.vlr.gg/596409/loud-vs-100-thieves-vct-2026-americas-kickoff-mr1,3,Pearl,Darker,LOUD,Tejo,0.32,71,3,13,3,-10,67,55,6,1,0,1,100 Thieves,100 Thieves,2.0,13.0,1.0,2.0
https://www.vlr.gg/596409/loud-vs-100-thieves-vct-2026-americas-kickoff-mr1,3,Pearl,bang,100T,Astra,1.82,245,14,4,13,10,93,143,39,2,0,2,100 Thieves,LOUD,13.0,2.0,2.0,1.0
https://www.vlr.gg/596409/loud-vs-100-thieves-vct-2026-americas-kickoff-mr1,3,Pearl,Asuna,100T,Kayo,1.46,235,13,7,6,6,87,147,22,2,0,2,100 Thieves,LOUD,13.0,2.0,2.0,1.0
https://www.vlr.gg/596409/loud-vs-100-thieves-vct-2026-americas-kickoff-mr1,3,Pearl,Timotino,100T,Waylay,1.34,291,16,9,4,7,93,206,40,2,1,1,100 Thieves,LOUD,13.0,2.0,2.0,1.0
https://www.vlr.gg/596409/loud-vs-100-thieves-vct-2026-americas-kickoff-mr1,3,Pearl,Cryocells,100T,Chamber,1.21,197,11,7,0,4,73,148,25,5,2,3,100 Thieves,LOUD,13.0,2.0,2.0,1.0
https://www.vlr.gg/596409/loud-vs-100-thieves-vct-2026-americas-kickoff-mr1,3,Pearl,vora,100T,Fade,1.03,182,9,9,5,0,67,126,26,1,0,1,100 Thieves,LOUD,13.0,2.0,2.0,1.0
https://www.vlr.gg/596410/evil-geniuses-vs-sentinels-vct-2026-americas-kickoff-mr1,0,Abyss,bao,EG,Veto,1.04,217,18,15,1,3,81,130,31,1,4,-3,Sentinels,Evil Geniuses,13.0,8.0,2.0,0.0
https://www.vlr.gg/596410/evil-geniuses-vs-sentinels-vct-2026-americas-kickoff-mr1,0,Abyss,Okeanos,EG,Breach,0.8,142,12,16,5,-4,62,102,50,0,1,-1,Sentinels,Evil Geniuses,13.0,8.0,2.0,0.0
https://www.vlr.gg/596410/evil-geniuses-vs-sentinels-vct-2026-americas-kickoff-mr1,0,Abyss,C0M,EG,Sova,0.73,161,9,16,6,-7,71,107,25,1,0,1,Sentinels,Evil Geniuses,13.0,8.0,2.0,0.0
https://www.vlr.gg/596410/evil-geniuses-vs-sentinels-vct-2026-americas-kickoff-mr1,0,Abyss,dgzin,EG,Yoru,0.61,155,12,17,3,-5,86,88,33,4,4,0,Sentinels,Evil Geniuses,13.0,8.0,2.0,0.0
https://www.vlr.gg/596410/evil-geniuses-vs-sentinels-vct-2026-americas-kickoff-mr1,0,Abyss,supamen,EG,Astra,0.27,64,4,18,7,-14,62,46,29,0,4,-4,Sentinels,Evil Geniuses,13.0,8.0,2.0,0.0
https://www.vlr.gg/596410/evil-geniuses-vs-sentinels-vct-2026-americas-kickoff-mr1,0,Abyss,johnqt,SEN,Tejo,1.76,295,24,9,1,15,90,195,43,1,0,1,Sentinels,Evil Geniuses,13.0,8.0,2.0,0.0
https://www.vlr.gg/596410/evil-geniuses-vs-sentinels-vct-2026-americas-kickoff-mr1,0,Abyss,Reduxx,SEN,Yoru,1.23,229,18,12,5,6,76,158,58,4,1,3,Sentinels,Evil Geniuses,13.0,8.0,2.0,0.0
https://www.vlr.gg/596410/evil-geniuses-vs-sentinels-vct-2026-americas-kickoff-mr1,0,Abyss,Kyu,SEN,Breach,0.99,138,12,11,6,1,76,76,15,1,0,1,Sentinels,Evil Geniuses,13.0,8.0,2.0,0.0
https://www.vlr.gg/596410/evil-geniuses-vs-sentinels-vct-2026-americas-kickoff-mr1,0,Abyss,N4RRATE,SEN,Waylay,0.92,201,13,15,6,-2,86,144,26,4,2,2,Sentinels,Evil Geniuses,13.0,8.0,2.0,0.0
https://www.vlr.gg/596410/evil-geniuses-vs-sentinels-vct-2026-americas-kickoff-mr1,0,Abyss,cortezia,SEN,Astra,0.81,122,9,13,5,-4,71,90,38,3,3,0,Sentinels,Evil Geniuses,13.0,8.0,2.0,0.0
https://www.vlr.gg/596410/evil-geniuses-vs-sentinels-vct-2026-americas-kickoff-mr1,1,AllMaps,bao,EG,Veto,1.07,228,37,34,6,3,78,153,26,5,5,0,Sentinels,Evil Geniuses,26.0,19.0,2.0,0.0
https://www.vlr.gg/596410/evil-geniuses-vs-sentinels-vct-2026-americas-kickoff-mr1,1,AllMaps,dgzin,EG,Yoru,0.86,178,31,33,7,-2,78,110,24,8,6,2,Sentinels,Evil Geniuses,26.0,19.0,2.0,0.0
https://www.vlr.gg/596410/evil-geniuses-vs-sentinels-vct-2026-americas-kickoff-mr1,1,AllMaps,C0M,EG,Sova,0.84,148,21,30,10,-9,67,102,23,1,3,-2,Sentinels,Evil Geniuses,26.0,19.0,2.0,0.0
https://www.vlr.gg/596410/evil-geniuses-vs-sentinels-vct-2026-americas-kickoff-mr1,1,AllMaps,Okeanos,EG,Breach,0.73,153,26,34,8,-8,60,109,34,4,5,-1,Sentinels,Evil Geniuses,26.0,19.0,2.0,0.0
https://www.vlr.gg/596410/evil-geniuses-vs-sentinels-vct-2026-americas-kickoff-mr1,1,AllMaps,supamen,EG,Astra,0.69,107,17,32,14,-15,67,70,40,1,5,-4,Sentinels,Evil Geniuses,26.0,19.0,2.0,0.0
https://www.vlr.gg/596410/evil-geniuses-vs-sentinels-vct-2026-americas-kickoff-mr1,1,AllMaps,johnqt,SEN,Tejo,1.48,255,46,22,10,24,91,159,34,3,0,3,Sentinels,Evil Geniuses,26.0,19.0,2.0,0.0
https://www.vlr.gg/596410/evil-geniuses-vs-sentinels-vct-2026-americas-kickoff-mr1,1,AllMaps,Reduxx,SEN,Yoru,1.21,236,38,28,11,10,73,153,39,11,4,7,Sentinels,Evil Geniuses,26.0,19.0,2.0,0.0
https://www.vlr.gg/596410/evil-geniuses-vs-sentinels-vct-2026-americas-kickoff-mr1,1,AllMaps,Kyu,SEN,Breach,1.02,180,29,26,15,3,82,114,21,3,3,0,Sentinels,Evil Geniuses,26.0,19.0,2.0,0.0
https://www.vlr.gg/596410/evil-geniuses-vs-sentinels-vct-2026-americas-kickoff-mr1,1,AllMaps,cortezia,SEN,Astra,0.83,138,20,28,11,-8,67,108,33,3,7,-4,Sentinels,Evil Geniuses,26.0,19.0,2.0,0.0
https://www.vlr.gg/596410/evil-geniuses-vs-sentinels-vct-2026-americas-kickoff-mr1,1,AllMaps,N4RRATE,SEN,Waylay,0.77,171,24,33,12,-9,73,121,23,4,5,-1,Sentinels,Evil Geniuses,26.0,19.0,2.0,0.0
https://www.vlr.gg/596410/evil-geniuses-vs-sentinels-vct-2026-americas-kickoff-mr1,2,Pearl,bao,EG,Killjoy,1.09,238,19,19,5,0,75,172,24,4,1,3,Sentinels,Evil Geniuses,13.0,11.0,2.0,0.0
https://www.vlr.gg/596410/evil-geniuses-vs-sentinels-vct-2026-americas-kickoff-mr1,2,Pearl,dgzin,EG,Waylay,1.09,201,19,16,4,3,71,130,20,4,2,2,Sentinels,Evil Geniuses,13.0,11.0,2.0,0.0
https://www.vlr.gg/596410/evil-geniuses-vs-sentinels-vct-2026-americas-kickoff-mr1,2,Pearl,supamen,EG,Astra,1.05,150,13,14,7,-1,71,91,45,1,1,0,Sentinels,Evil Geniuses,13.0,11.0,2.0,0.0
https://www.vlr.gg/596410/evil-geniuses-vs-sentinels-vct-2026-americas-kickoff-mr1,2,Pearl,C0M,EG,Sova,0.93,134,12,14,4,-2,63,99,22,0,3,-3,Sentinels,Evil Geniuses,13.0,11.0,2.0,0.0
https://www.vlr.gg/596410/evil-geniuses-vs-sentinels-vct-2026-americas-kickoff-mr1,2,Pearl,Okeanos,EG,Yoru,0.67,164,14,18,3,-4,58,114,24,4,4,0,Sentinels,Evil Geniuses,13.0,11.0,2.0,0.0
https://www.vlr.gg/596410/evil-geniuses-vs-sentinels-vct-2026-americas-kickoff-mr1,2,Pearl,johnqt,SEN,Astra,1.25,215,22,13,9,9,92,129,25,2,0,2,Sentinels,Evil Geniuses,13.0,11.0,2.0,0.0
https://www.vlr.gg/596410/evil-geniuses-vs-sentinels-vct-2026-americas-kickoff-mr1,2,Pearl,Reduxx,SEN,Yoru,1.18,242,20,16,6,4,71,149,27,7,3,4,Sentinels,Evil Geniuses,13.0,11.0,2.0,0.0
https://www.vlr.gg/596410/evil-geniuses-vs-sentinels-vct-2026-americas-kickoff-mr1,2,Pearl,Kyu,SEN,Sova,1.05,221,17,15,9,2,88,147,24,2,3,-1,Sentinels,Evil Geniuses,13.0,11.0,2.0,0.0
https://www.vlr.gg/596410/evil-geniuses-vs-sentinels-vct-2026-americas-kickoff-mr1,2,Pearl,cortezia,SEN,Killjoy,0.86,153,11,15,6,-4,63,124,31,0,4,-4,Sentinels,Evil Geniuses,13.0,11.0,2.0,0.0
https://www.vlr.gg/596410/evil-geniuses-vs-sentinels-vct-2026-americas-kickoff-mr1,2,Pearl,N4RRATE,SEN,Waylay,0.63,140,11,18,6,-7,63,100,20,0,3,-3,Sentinels,Evil Geniuses,13.0,11.0,2.0,0.0
https://www.vlr.gg/596411/kr-esports-vs-envy-vct-2026-americas-kickoff-mr1,0,Abyss,infiltrator,KRÜ,Yoru,1.41,305,25,15,3,10,86,187,32,3,1,2,KRÜ Esports,KRÜ Esports,9.0,13.0,2.0,1.0
https://www.vlr.gg/596411/kr-esports-vs-envy-vct-2026-americas-kickoff-mr1,0,Abyss,NagZ,KRÜ,Brimstone,1.28,179,15,11,16,4,86,112,24,0,2,-2,KRÜ Esports,KRÜ Esports,9.0,13.0,2.0,1.0
https://www.vlr.gg/596411/kr-esports-vs-envy-vct-2026-americas-kickoff-mr1,0,Abyss,mta,KRÜ,Waylay,1.22,235,19,14,4,5,91,145,39,4,0,4,KRÜ Esports,KRÜ Esports,9.0,13.0,2.0,1.0
https://www.vlr.gg/596411/kr-esports-vs-envy-vct-2026-americas-kickoff-mr1,0,Abyss,benG,KRÜ,Astra,1.02,184,13,13,6,0,68,103,30,6,0,6,KRÜ Esports,KRÜ Esports,9.0,13.0,2.0,1.0
https://www.vlr.gg/596411/kr-esports-vs-envy-vct-2026-americas-kickoff-mr1,0,Abyss,Governor,KRÜ,Sova,0.58,143,10,17,10,-7,77,99,27,2,4,-2,KRÜ Esports,KRÜ Esports,9.0,13.0,2.0,1.0
https://www.vlr.gg/596411/kr-esports-vs-envy-vct-2026-americas-kickoff-mr1,0,Abyss,P0PPIN,ENVY,Sova,1.05,221,17,18,2,-1,68,141,26,1,2,-1,KRÜ Esports,KRÜ Esports,9.0,13.0,2.0,1.0
https://www.vlr.gg/596411/kr-esports-vs-envy-vct-2026-americas-kickoff-mr1,0,Abyss,Inspire,ENVY,Astra,0.94,169,13,16,9,-3,64,100,24,1,3,-2,KRÜ Esports,KRÜ Esports,9.0,13.0,2.0,1.0
https://www.vlr.gg/596411/kr-esports-vs-envy-vct-2026-americas-kickoff-mr1,0,Abyss,keznit,ENVY,Waylay,0.88,162,13,15,4,-2,64,115,30,2,4,-2,KRÜ Esports,KRÜ Esports,9.0,13.0,2.0,1.0
https://www.vlr.gg/596411/kr-esports-vs-envy-vct-2026-americas-kickoff-mr1,0,Abyss,Rossy,ENVY,Viper,0.85,158,14,14,1,0,68,95,26,1,2,-1,KRÜ Esports,KRÜ Esports,9.0,13.0,2.0,1.0
https://www.vlr.gg/596411/kr-esports-vs-envy-vct-2026-americas-kickoff-mr1,0,Abyss,Eggsterr,ENVY,Yoru,0.48,153,10,19,5,-9,59,97,25,2,4,-2,KRÜ Esports,KRÜ Esports,9.0,13.0,2.0,1.0
https://www.vlr.gg/596411/kr-esports-vs-envy-vct-2026-americas-kickoff-mr1,1,AllMaps,mta,KRÜ,Waylay,1.02,221,51,46,8,5,73,130,31,8,4,4,ENVY,KRÜ Esports,35.0,27.0,2.0,1.0
https://www.vlr.gg/596411/kr-esports-vs-envy-vct-2026-americas-kickoff-mr1,1,AllMaps,benG,KRÜ,Astra,1.0,189,40,45,14,-5,69,114,32,10,1,9,ENVY,KRÜ Esports,35.0,27.0,2.0,1.0
https://www.vlr.gg/596411/kr-esports-vs-envy-vct-2026-americas-kickoff-mr1,1,AllMaps,NagZ,KRÜ,Brimstone,0.91,147,31,41,25,-10,73,103,30,2,6,-4,ENVY,KRÜ Esports,35.0,27.0,2.0,1.0
https://www.vlr.gg/596411/kr-esports-vs-envy-vct-2026-americas-kickoff-mr1,1,AllMaps,infiltrator,KRÜ,Yoru,0.88,218,47,52,13,-5,71,139,28,8,9,-1,ENVY,KRÜ Esports,35.0,27.0,2.0,1.0
https://www.vlr.gg/596411/kr-esports-vs-envy-vct-2026-americas-kickoff-mr1,1,AllMaps,Governor,KRÜ,Sova,0.7,159,34,51,19,-17,71,102,15,5,9,-4,ENVY,KRÜ Esports,35.0,27.0,2.0,1.0
https://www.vlr.gg/596411/kr-esports-vs-envy-vct-2026-americas-kickoff-mr1,1,AllMaps,Inspire,ENVY,Astra,1.21,200,47,35,18,12,74,130,29,1,4,-3,ENVY,KRÜ Esports,35.0,27.0,2.0,1.0
https://www.vlr.gg/596411/kr-esports-vs-envy-vct-2026-americas-kickoff-mr1,1,AllMaps,Rossy,ENVY,Viper,1.11,199,46,36,16,10,74,130,27,4,6,-2,ENVY,KRÜ Esports,35.0,27.0,2.0,1.0
https://www.vlr.gg/596411/kr-esports-vs-envy-vct-2026-americas-kickoff-mr1,1,AllMaps,keznit,ENVY,Waylay,1.07,238,53,45,9,8,73,155,31,12,12,0,ENVY,KRÜ Esports,35.0,27.0,2.0,1.0
https://www.vlr.gg/596411/kr-esports-vs-envy-vct-2026-americas-kickoff-mr1,1,AllMaps,P0PPIN,ENVY,Sova,1.02,230,49,47,17,2,82,142,32,5,4,1,ENVY,KRÜ Esports,35.0,27.0,2.0,1.0
https://www.vlr.gg/596411/kr-esports-vs-envy-vct-2026-americas-kickoff-mr1,1,AllMaps,Eggsterr,ENVY,Yoru,0.87,175,37,40,16,-3,71,106,30,7,7,0,ENVY,KRÜ Esports,35.0,27.0,2.0,1.0
https://www.vlr.gg/596411/kr-esports-vs-envy-vct-2026-americas-kickoff-mr1,2,Pearl,mta,KRÜ,Yoru,1.08,250,17,15,3,2,61,139,37,2,2,0,ENVY,KRÜ Esports,13.0,5.0,2.0,1.0
https://www.vlr.gg/596411/kr-esports-vs-envy-vct-2026-americas-kickoff-mr1,2,Pearl,benG,KRÜ,Astra,0.89,183,11,16,4,-5,67,116,29,2,0,2,ENVY,KRÜ Esports,13.0,5.0,2.0,1.0
https://www.vlr.gg/596411/kr-esports-vs-envy-vct-2026-americas-kickoff-mr1,2,Pearl,NagZ,KRÜ,Killjoy,0.88,168,9,14,5,-5,67,137,36,1,1,0,ENVY,KRÜ Esports,13.0,5.0,2.0,1.0
https://www.vlr.gg/596411/kr-esports-vs-envy-vct-2026-americas-kickoff-mr1,2,Pearl,Governor,KRÜ,Fade,0.54,130,9,16,4,-7,56,76,10,2,3,-1,ENVY,KRÜ Esports,13.0,5.0,2.0,1.0
https://www.vlr.gg/596411/kr-esports-vs-envy-vct-2026-americas-kickoff-mr1,2,Pearl,infiltrator,KRÜ,Neon,0.36,118,5,17,4,-12,50,82,13,1,4,-3,ENVY,KRÜ Esports,13.0,5.0,2.0,1.0
https://www.vlr.gg/596411/kr-esports-vs-envy-vct-2026-americas-kickoff-mr1,2,Pearl,Rossy,ENVY,Astra,1.52,241,16,9,13,7,83,170,23,2,1,1,ENVY,KRÜ Esports,13.0,5.0,2.0,1.0
https://www.vlr.gg/596411/kr-esports-vs-envy-vct-2026-americas-kickoff-mr1,2,Pearl,Eggsterr,ENVY,Yoru,1.4,244,16,8,6,8,89,135,41,4,1,3,ENVY,KRÜ Esports,13.0,5.0,2.0,1.0
https://www.vlr.gg/596411/kr-esports-vs-envy-vct-2026-americas-kickoff-mr1,2,Pearl,P0PPIN,ENVY,Sova,1.31,292,18,13,10,5,94,184,24,2,1,1,ENVY,KRÜ Esports,13.0,5.0,2.0,1.0
https://www.vlr.gg/596411/kr-esports-vs-envy-vct-2026-americas-kickoff-mr1,2,Pearl,Inspire,ENVY,Killjoy,1.09,135,10,7,3,3,78,96,20,0,1,-1,ENVY,KRÜ Esports,13.0,5.0,2.0,1.0
https://www.vlr.gg/596411/kr-esports-vs-envy-vct-2026-americas-kickoff-mr1,2,Pearl,keznit,ENVY,Neon,1.03,266,18,14,3,4,83,183,24,2,4,-2,ENVY,KRÜ Esports,13.0,5.0,2.0,1.0
https://www.vlr.gg/596411/kr-esports-vs-envy-vct-2026-americas-kickoff-mr1,3,Breeze,benG,KRÜ,Astra,1.08,199,16,16,4,0,73,124,37,2,1,1,ENVY,KRÜ Esports,13.0,9.0,2.0,1.0
https://www.vlr.gg/596411/kr-esports-vs-envy-vct-2026-americas-kickoff-mr1,3,Breeze,Governor,KRÜ,Sova,0.94,203,15,18,5,-3,77,127,12,1,2,-1,ENVY,KRÜ Esports,13.0,9.0,2.0,1.0
https://www.vlr.gg/596411/kr-esports-vs-envy-vct-2026-americas-kickoff-mr1,3,Breeze,infiltrator,KRÜ,Neon,0.77,230,17,20,6,-3,73,137,32,4,4,0,ENVY,KRÜ Esports,13.0,9.0,2.0,1.0
https://www.vlr.gg/596411/kr-esports-vs-envy-vct-2026-americas-kickoff-mr1,3,Breeze,mta,KRÜ,Yoru,0.77,179,15,17,1,-2,64,108,17,2,2,0,ENVY,KRÜ Esports,13.0,9.0,2.0,1.0
https://www.vlr.gg/596411/kr-esports-vs-envy-vct-2026-americas-kickoff-mr1,3,Breeze,NagZ,KRÜ,Viper,0.56,93,7,16,4,-9,64,66,29,1,3,-2,ENVY,KRÜ Esports,13.0,9.0,2.0,1.0
https://www.vlr.gg/596411/kr-esports-vs-envy-vct-2026-americas-kickoff-mr1,3,Breeze,Inspire,ENVY,Astra,1.57,296,24,12,6,12,82,187,40,0,0,0,ENVY,KRÜ Esports,13.0,9.0,2.0,1.0
https://www.vlr.gg/596411/kr-esports-vs-envy-vct-2026-americas-kickoff-mr1,3,Breeze,keznit,ENVY,Jett,1.29,286,22,16,2,6,73,174,43,8,4,4,ENVY,KRÜ Esports,13.0,9.0,2.0,1.0
https://www.vlr.gg/596411/kr-esports-vs-envy-vct-2026-americas-kickoff-mr1,3,Breeze,Rossy,ENVY,Viper,1.02,197,16,13,2,3,73,133,33,1,3,-2,ENVY,KRÜ Esports,13.0,9.0,2.0,1.0
https://www.vlr.gg/596411/kr-esports-vs-envy-vct-2026-americas-kickoff-mr1,3,Breeze,Eggsterr,ENVY,Yoru,0.83,128,11,13,5,-2,68,91,27,1,2,-1,ENVY,KRÜ Esports,13.0,9.0,2.0,1.0
https://www.vlr.gg/596411/kr-esports-vs-envy-vct-2026-americas-kickoff-mr1,3,Breeze,P0PPIN,ENVY,Sova,0.76,176,14,16,5,-2,86,109,52,2,1,1,ENVY,KRÜ Esports,13.0,9.0,2.0,1.0
https://www.vlr.gg/596412/leviat-n-vs-cloud9-vct-2026-americas-kickoff-mr1,0,Pearl,PxS,LEV,Chamber,1.06,164,11,10,0,1,56,96,21,3,2,1,Cloud9,LEVIATÁN,13.0,3.0,2.0,0.0
https://www.vlr.gg/596412/leviat-n-vs-cloud9-vct-2026-americas-kickoff-mr1,0,Pearl,blowz,LEV,Tejo,0.86,183,10,13,4,-3,81,119,28,0,0,0,Cloud9,LEVIATÁN,13.0,3.0,2.0,0.0
https://www.vlr.gg/596412/leviat-n-vs-cloud9-vct-2026-americas-kickoff-mr1,0,Pearl,Sato,LEV,Waylay,0.67,160,8,12,3,-4,63,122,31,2,5,-3,Cloud9,LEVIATÁN,13.0,3.0,2.0,0.0
https://www.vlr.gg/596412/leviat-n-vs-cloud9-vct-2026-americas-kickoff-mr1,0,Pearl,spike,LEV,Kayo,0.6,138,7,13,9,-6,69,82,22,1,1,0,Cloud9,LEVIATÁN,13.0,3.0,2.0,0.0
https://www.vlr.gg/596412/leviat-n-vs-cloud9-vct-2026-americas-kickoff-mr1,0,Pearl,kiNgg,LEV,Astra,0.36,88,4,14,5,-10,50,50,40,0,2,-2,Cloud9,LEVIATÁN,13.0,3.0,2.0,0.0
https://www.vlr.gg/596412/leviat-n-vs-cloud9-vct-2026-americas-kickoff-mr1,0,Pearl,Xeppaa,C9,Tejo,1.79,286,19,6,3,13,88,174,19,0,0,0,Cloud9,LEVIATÁN,13.0,3.0,2.0,0.0
https://www.vlr.gg/596412/leviat-n-vs-cloud9-vct-2026-americas-kickoff-mr1,0,Pearl,Demon1,C9,Chamber,1.43,284,17,9,3,8,88,188,41,5,1,4,Cloud9,LEVIATÁN,13.0,3.0,2.0,0.0
https://www.vlr.gg/596412/leviat-n-vs-cloud9-vct-2026-americas-kickoff-mr1,0,Pearl,v1c,C9,Astra,1.07,138,7,7,3,0,81,83,28,1,1,0,Cloud9,LEVIATÁN,13.0,3.0,2.0,0.0
https://www.vlr.gg/596412/leviat-n-vs-cloud9-vct-2026-americas-kickoff-mr1,0,Pearl,Zellsis,C9,Kayo,1.03,159,8,8,19,0,75,97,28,1,0,1,Cloud9,LEVIATÁN,13.0,3.0,2.0,0.0
https://www.vlr.gg/596412/leviat-n-vs-cloud9-vct-2026-americas-kickoff-mr1,0,Pearl,penny,C9,Neon,0.98,209,11,10,4,1,56,130,28,3,4,-1,Cloud9,LEVIATÁN,13.0,3.0,2.0,0.0
https://www.vlr.gg/596412/leviat-n-vs-cloud9-vct-2026-americas-kickoff-mr1,1,AllMaps,blowz,LEV,Tejo,1.06,217,28,28,6,0,76,143,26,1,1,0,Cloud9,LEVIATÁN,26.0,11.0,2.0,0.0
https://www.vlr.gg/596412/leviat-n-vs-cloud9-vct-2026-americas-kickoff-mr1,1,AllMaps,PxS,LEV,Chamber,0.81,130,18,21,4,-3,57,76,20,3,4,-1,Cloud9,LEVIATÁN,26.0,11.0,2.0,0.0
https://www.vlr.gg/596412/leviat-n-vs-cloud9-vct-2026-americas-kickoff-mr1,1,AllMaps,Sato,LEV,Waylay,0.75,189,23,29,9,-6,70,133,37,6,8,-2,Cloud9,LEVIATÁN,26.0,11.0,2.0,0.0
https://www.vlr.gg/596412/leviat-n-vs-cloud9-vct-2026-americas-kickoff-mr1,1,AllMaps,kiNgg,LEV,Astra,0.73,137,18,29,9,-11,62,88,25,3,3,0,Cloud9,LEVIATÁN,26.0,11.0,2.0,0.0
https://www.vlr.gg/596412/leviat-n-vs-cloud9-vct-2026-americas-kickoff-mr1,1,AllMaps,spike,LEV,Kayo,0.36,115,13,32,11,-19,46,71,19,3,5,-2,Cloud9,LEVIATÁN,26.0,11.0,2.0,0.0
https://www.vlr.gg/596412/leviat-n-vs-cloud9-vct-2026-americas-kickoff-mr1,1,AllMaps,Xeppaa,C9,Tejo,1.62,255,36,15,14,21,89,165,26,0,2,-2,Cloud9,LEVIATÁN,26.0,11.0,2.0,0.0
https://www.vlr.gg/596412/leviat-n-vs-cloud9-vct-2026-americas-kickoff-mr1,1,AllMaps,Demon1,C9,Chamber,1.33,264,35,22,5,13,76,172,48,9,3,6,Cloud9,LEVIATÁN,26.0,11.0,2.0,0.0
https://www.vlr.gg/596412/leviat-n-vs-cloud9-vct-2026-americas-kickoff-mr1,1,AllMaps,Zellsis,C9,Kayo,1.23,192,26,19,29,7,81,110,19,5,1,4,Cloud9,LEVIATÁN,26.0,11.0,2.0,0.0
https://www.vlr.gg/596412/leviat-n-vs-cloud9-vct-2026-americas-kickoff-mr1,1,AllMaps,penny,C9,Neon,1.0,210,28,25,7,3,62,128,25,5,7,-2,Cloud9,LEVIATÁN,26.0,11.0,2.0,0.0
https://www.vlr.gg/596412/leviat-n-vs-cloud9-vct-2026-americas-kickoff-mr1,1,AllMaps,v1c,C9,Astra,0.84,125,14,19,14,-5,81,83,20,2,3,-1,Cloud9,LEVIATÁN,26.0,11.0,2.0,0.0
https://www.vlr.gg/596412/leviat-n-vs-cloud9-vct-2026-americas-kickoff-mr1,2,Split,blowz,LEV,Fade,1.22,250,18,15,2,3,71,160,24,1,1,0,Cloud9,LEVIATÁN,13.0,8.0,2.0,0.0
https://www.vlr.gg/596412/leviat-n-vs-cloud9-vct-2026-americas-kickoff-mr1,2,Split,kiNgg,LEV,Omen,1.02,185,14,15,4,-1,71,117,23,3,1,2,Cloud9,LEVIATÁN,13.0,8.0,2.0,0.0
https://www.vlr.gg/596412/leviat-n-vs-cloud9-vct-2026-americas-kickoff-mr1,2,Split,Sato,LEV,Yoru,0.82,218,15,17,6,-2,76,142,42,4,3,1,Cloud9,LEVIATÁN,13.0,8.0,2.0,0.0
https://www.vlr.gg/596412/leviat-n-vs-cloud9-vct-2026-americas-kickoff-mr1,2,Split,PxS,LEV,Viper,0.62,96,7,11,4,-4,57,61,19,0,2,-2,Cloud9,LEVIATÁN,13.0,8.0,2.0,0.0
https://www.vlr.gg/596412/leviat-n-vs-cloud9-vct-2026-americas-kickoff-mr1,2,Split,spike,LEV,Waylay,0.18,92,6,19,2,-13,29,63,17,2,4,-2,Cloud9,LEVIATÁN,13.0,8.0,2.0,0.0
https://www.vlr.gg/596412/leviat-n-vs-cloud9-vct-2026-americas-kickoff-mr1,2,Split,Xeppaa,C9,Skye,1.48,223,17,9,11,8,90,158,35,0,2,-2,Cloud9,LEVIATÁN,13.0,8.0,2.0,0.0
https://www.vlr.gg/596412/leviat-n-vs-cloud9-vct-2026-americas-kickoff-mr1,2,Split,Zellsis,C9,Viper,1.38,224,18,11,10,7,86,120,15,4,1,3,Cloud9,LEVIATÁN,13.0,8.0,2.0,0.0
https://www.vlr.gg/596412/leviat-n-vs-cloud9-vct-2026-americas-kickoff-mr1,2,Split,Demon1,C9,Chamber,1.26,244,18,13,2,5,67,160,55,4,2,2,Cloud9,LEVIATÁN,13.0,8.0,2.0,0.0
https://www.vlr.gg/596412/leviat-n-vs-cloud9-vct-2026-americas-kickoff-mr1,2,Split,penny,C9,Raze,1.01,211,17,15,3,2,67,127,22,2,3,-1,Cloud9,LEVIATÁN,13.0,8.0,2.0,0.0
https://www.vlr.gg/596412/leviat-n-vs-cloud9-vct-2026-americas-kickoff-mr1,2,Split,v1c,C9,Omen,0.67,112,7,12,11,-5,81,82,15,1,2,-1,Cloud9,LEVIATÁN,13.0,8.0,2.0,0.0
https://www.vlr.gg/596413/100-thieves-vs-sentinels-vct-2026-americas-kickoff-mr2,0,Corrode,Timotino,100T,Waylay,1.37,288,24,18,7,6,75,198,50,5,3,2,100 Thieves,100 Thieves,11.0,13.0,0.0,2.0
https://www.vlr.gg/596413/100-thieves-vs-sentinels-vct-2026-americas-kickoff-mr2,0,Corrode,bang,100T,Omen,1.12,187,16,15,6,1,79,116,48,2,2,0,100 Thieves,100 Thieves,11.0,13.0,0.0,2.0
https://www.vlr.gg/596413/100-thieves-vs-sentinels-vct-2026-americas-kickoff-mr2,0,Corrode,Cryocells,100T,Veto,1.02,202,21,17,0,4,67,126,45,3,4,-1,100 Thieves,100 Thieves,11.0,13.0,0.0,2.0
https://www.vlr.gg/596413/100-thieves-vs-sentinels-vct-2026-americas-kickoff-mr2,0,Corrode,Asuna,100T,Sage,0.92,154,12,14,12,-2,67,96,20,1,2,-1,100 Thieves,100 Thieves,11.0,13.0,0.0,2.0
https://www.vlr.gg/596413/100-thieves-vs-sentinels-vct-2026-americas-kickoff-mr2,0,Corrode,vora,100T,Fade,0.84,177,14,16,9,-2,83,130,26,0,2,-2,100 Thieves,100 Thieves,11.0,13.0,0.0,2.0
https://www.vlr.gg/596413/100-thieves-vs-sentinels-vct-2026-americas-kickoff-mr2,0,Corrode,johnqt,SEN,Tejo,1.73,327,30,15,4,15,75,205,27,3,0,3,100 Thieves,100 Thieves,11.0,13.0,0.0,2.0
https://www.vlr.gg/596413/100-thieves-vs-sentinels-vct-2026-americas-kickoff-mr2,0,Corrode,Kyu,SEN,Fade,1.02,196,16,16,7,0,63,124,15,2,2,0,100 Thieves,100 Thieves,11.0,13.0,0.0,2.0
https://www.vlr.gg/596413/100-thieves-vs-sentinels-vct-2026-americas-kickoff-mr2,0,Corrode,cortezia,SEN,Viper,0.96,213,16,17,6,-1,71,163,27,2,1,1,100 Thieves,100 Thieves,11.0,13.0,0.0,2.0
https://www.vlr.gg/596413/100-thieves-vs-sentinels-vct-2026-americas-kickoff-mr2,0,Corrode,N4RRATE,SEN,Waylay,0.61,133,9,19,10,-10,67,95,16,1,2,-1,100 Thieves,100 Thieves,11.0,13.0,0.0,2.0
https://www.vlr.gg/596413/100-thieves-vs-sentinels-vct-2026-americas-kickoff-mr2,0,Corrode,Reduxx,SEN,Omen,0.49,123,9,20,9,-11,54,79,37,5,6,-1,100 Thieves,100 Thieves,11.0,13.0,0.0,2.0
https://www.vlr.gg/596413/100-thieves-vs-sentinels-vct-2026-americas-kickoff-mr2,1,AllMaps,Timotino,100T,Waylay,1.27,282,53,42,12,11,70,188,36,13,9,4,100 Thieves,100 Thieves,25.0,29.0,0.0,2.0
https://www.vlr.gg/596413/100-thieves-vs-sentinels-vct-2026-americas-kickoff-mr2,1,AllMaps,bang,100T,Omen,1.11,184,36,34,15,2,76,120,45,4,4,0,100 Thieves,100 Thieves,25.0,29.0,0.0,2.0
https://www.vlr.gg/596413/100-thieves-vs-sentinels-vct-2026-americas-kickoff-mr2,1,AllMaps,Cryocells,100T,Veto,1.1,213,45,36,6,9,72,133,32,7,7,0,100 Thieves,100 Thieves,25.0,29.0,0.0,2.0
https://www.vlr.gg/596413/100-thieves-vs-sentinels-vct-2026-americas-kickoff-mr2,1,AllMaps,vora,100T,Fade,0.97,187,33,36,23,-3,83,127,30,1,3,-2,100 Thieves,100 Thieves,25.0,29.0,0.0,2.0
https://www.vlr.gg/596413/100-thieves-vs-sentinels-vct-2026-americas-kickoff-mr2,1,AllMaps,Asuna,100T,Sage,0.82,155,28,36,20,-8,70,96,23,1,5,-4,100 Thieves,100 Thieves,25.0,29.0,0.0,2.0
https://www.vlr.gg/596413/100-thieves-vs-sentinels-vct-2026-americas-kickoff-mr2,1,AllMaps,johnqt,SEN,Tejo,1.51,274,52,32,18,20,78,176,28,4,2,2,100 Thieves,100 Thieves,25.0,29.0,0.0,2.0
https://www.vlr.gg/596413/100-thieves-vs-sentinels-vct-2026-americas-kickoff-mr2,1,AllMaps,Reduxx,SEN,Omen,0.96,209,43,42,15,1,67,144,34,11,11,0,100 Thieves,100 Thieves,25.0,29.0,0.0,2.0
https://www.vlr.gg/596413/100-thieves-vs-sentinels-vct-2026-americas-kickoff-mr2,1,AllMaps,cortezia,SEN,Viper,0.89,207,35,36,12,-1,74,142,23,4,2,2,100 Thieves,100 Thieves,25.0,29.0,0.0,2.0
https://www.vlr.gg/596413/100-thieves-vs-sentinels-vct-2026-americas-kickoff-mr2,1,AllMaps,Kyu,SEN,Fade,0.8,170,30,40,14,-10,65,107,15,3,4,-1,100 Thieves,100 Thieves,25.0,29.0,0.0,2.0
https://www.vlr.gg/596413/100-thieves-vs-sentinels-vct-2026-americas-kickoff-mr2,1,AllMaps,N4RRATE,SEN,Waylay,0.6,148,24,45,20,-21,70,101,15,6,7,-1,100 Thieves,100 Thieves,25.0,29.0,0.0,2.0
https://www.vlr.gg/596413/100-thieves-vs-sentinels-vct-2026-americas-kickoff-mr2,2,Split,Timotino,100T,Waylay,1.18,275,29,24,5,5,67,180,28,8,6,2,100 Thieves,100 Thieves,14.0,16.0,0.0,2.0
https://www.vlr.gg/596413/100-thieves-vs-sentinels-vct-2026-americas-kickoff-mr2,2,Split,Cryocells,100T,Viper,1.17,223,24,19,6,5,77,139,24,4,3,1,100 Thieves,100 Thieves,14.0,16.0,0.0,2.0
https://www.vlr.gg/596413/100-thieves-vs-sentinels-vct-2026-americas-kickoff-mr2,2,Split,bang,100T,Omen,1.1,181,20,19,9,1,73,123,42,2,2,0,100 Thieves,100 Thieves,14.0,16.0,0.0,2.0
https://www.vlr.gg/596413/100-thieves-vs-sentinels-vct-2026-americas-kickoff-mr2,2,Split,vora,100T,Skye,1.07,196,19,20,14,-1,83,125,35,1,1,0,100 Thieves,100 Thieves,14.0,16.0,0.0,2.0
https://www.vlr.gg/596413/100-thieves-vs-sentinels-vct-2026-americas-kickoff-mr2,2,Split,Asuna,100T,Sage,0.74,156,16,22,8,-6,73,97,26,0,3,-3,100 Thieves,100 Thieves,14.0,16.0,0.0,2.0
https://www.vlr.gg/596413/100-thieves-vs-sentinels-vct-2026-americas-kickoff-mr2,2,Split,Reduxx,SEN,Yoru,1.35,294,34,22,6,12,77,196,32,6,5,1,100 Thieves,100 Thieves,14.0,16.0,0.0,2.0
https://www.vlr.gg/596413/100-thieves-vs-sentinels-vct-2026-americas-kickoff-mr2,2,Split,johnqt,SEN,Omen,1.33,220,22,17,14,5,80,153,29,1,2,-1,100 Thieves,100 Thieves,14.0,16.0,0.0,2.0
https://www.vlr.gg/596413/100-thieves-vs-sentinels-vct-2026-americas-kickoff-mr2,2,Split,cortezia,SEN,Viper,0.84,200,19,19,6,0,77,125,20,2,1,1,100 Thieves,100 Thieves,14.0,16.0,0.0,2.0
https://www.vlr.gg/596413/100-thieves-vs-sentinels-vct-2026-americas-kickoff-mr2,2,Split,Kyu,SEN,Fade,0.63,143,14,24,7,-10,67,94,15,1,2,-1,100 Thieves,100 Thieves,14.0,16.0,0.0,2.0
https://www.vlr.gg/596413/100-thieves-vs-sentinels-vct-2026-americas-kickoff-mr2,2,Split,N4RRATE,SEN,Waylay,0.6,162,15,26,10,-11,73,107,15,5,5,0,100 Thieves,100 Thieves,14.0,16.0,0.0,2.0
https://www.vlr.gg/596414/envy-vs-cloud9-vct-2026-americas-kickoff-mr2,0,Pearl,Inspire,ENVY,Killjoy,1.29,226,27,23,11,4,63,170,27,3,4,-1,Cloud9,Cloud9,18.0,20.0,1.0,2.0
https://www.vlr.gg/596414/envy-vs-cloud9-vct-2026-americas-kickoff-mr2,0,Pearl,P0PPIN,ENVY,Sova,1.09,237,31,28,11,3,76,152,35,8,3,5,Cloud9,Cloud9,18.0,20.0,1.0,2.0
https://www.vlr.gg/596414/envy-vs-cloud9-vct-2026-americas-kickoff-mr2,0,Pearl,Rossy,ENVY,Astra,1.02,163,23,23,17,0,68,97,16,1,1,0,Cloud9,Cloud9,18.0,20.0,1.0,2.0
https://www.vlr.gg/596414/envy-vs-cloud9-vct-2026-americas-kickoff-mr2,0,Pearl,keznit,ENVY,Neon,0.88,199,27,28,6,-1,66,136,24,3,5,-2,Cloud9,Cloud9,18.0,20.0,1.0,2.0
https://www.vlr.gg/596414/envy-vs-cloud9-vct-2026-americas-kickoff-mr2,0,Pearl,Eggsterr,ENVY,Yoru,0.71,162,21,30,10,-9,66,114,32,3,7,-4,Cloud9,Cloud9,18.0,20.0,1.0,2.0
https://www.vlr.gg/596414/envy-vs-cloud9-vct-2026-americas-kickoff-mr2,0,Pearl,Demon1,C9,Chamber,1.25,268,37,26,6,11,74,176,35,8,3,5,Cloud9,ENVY,20.0,18.0,2.0,1.0
https://www.vlr.gg/596414/envy-vs-cloud9-vct-2026-americas-kickoff-mr2,0,Pearl,v1c,C9,Astra,1.07,195,26,26,14,0,74,132,30,3,1,2,Cloud9,ENVY,20.0,18.0,2.0,1.0
https://www.vlr.gg/596414/envy-vs-cloud9-vct-2026-americas-kickoff-mr2,0,Pearl,Xeppaa,C9,Tejo,1.06,195,25,25,8,0,68,139,25,2,3,-1,Cloud9,ENVY,20.0,18.0,2.0,1.0
https://www.vlr.gg/596414/envy-vs-cloud9-vct-2026-americas-kickoff-mr2,0,Pearl,penny,C9,Neon,1.06,248,31,28,10,3,74,164,19,7,7,0,Cloud9,ENVY,20.0,18.0,2.0,1.0
https://www.vlr.gg/596414/envy-vs-cloud9-vct-2026-americas-kickoff-mr2,0,Pearl,Zellsis,C9,Kayo,0.74,111,13,24,21,-11,74,71,11,0,4,-4,Cloud9,ENVY,20.0,18.0,2.0,1.0
https://www.vlr.gg/596414/envy-vs-cloud9-vct-2026-americas-kickoff-mr2,1,AllMaps,keznit,ENVY,Neon,1.19,244,71,56,13,15,75,152,25,14,9,5,Cloud9,Cloud9,42.0,41.0,1.0,2.0
https://www.vlr.gg/596414/envy-vs-cloud9-vct-2026-americas-kickoff-mr2,1,AllMaps,Inspire,ENVY,Killjoy,1.09,192,56,52,22,4,70,142,32,9,5,4,Cloud9,Cloud9,42.0,41.0,1.0,2.0
https://www.vlr.gg/596414/envy-vs-cloud9-vct-2026-americas-kickoff-mr2,1,AllMaps,Rossy,ENVY,Astra,1.01,186,54,52,30,2,67,112,17,5,5,0,Cloud9,Cloud9,42.0,41.0,1.0,2.0
https://www.vlr.gg/596414/envy-vs-cloud9-vct-2026-americas-kickoff-mr2,1,AllMaps,P0PPIN,ENVY,Sova,1.0,205,61,60,21,1,73,131,30,12,6,6,Cloud9,Cloud9,42.0,41.0,1.0,2.0
https://www.vlr.gg/596414/envy-vs-cloud9-vct-2026-americas-kickoff-mr2,1,AllMaps,Eggsterr,ENVY,Yoru,0.69,146,42,62,21,-20,66,100,27,6,12,-6,Cloud9,Cloud9,42.0,41.0,1.0,2.0
https://www.vlr.gg/596414/envy-vs-cloud9-vct-2026-americas-kickoff-mr2,1,AllMaps,Demon1,C9,Chamber,1.13,243,72,59,13,13,71,165,34,12,12,0,Cloud9,ENVY,41.0,42.0,2.0,1.0
https://www.vlr.gg/596414/envy-vs-cloud9-vct-2026-americas-kickoff-mr2,1,AllMaps,penny,C9,Neon,1.11,227,66,57,21,9,72,149,21,14,13,1,Cloud9,ENVY,41.0,42.0,2.0,1.0
https://www.vlr.gg/596414/envy-vs-cloud9-vct-2026-americas-kickoff-mr2,1,AllMaps,Xeppaa,C9,Tejo,1.1,198,56,52,28,4,76,130,23,3,3,0,Cloud9,ENVY,41.0,42.0,2.0,1.0
https://www.vlr.gg/596414/envy-vs-cloud9-vct-2026-americas-kickoff-mr2,1,AllMaps,v1c,C9,Astra,0.98,175,54,57,30,-3,73,118,30,6,10,-4,Cloud9,ENVY,41.0,42.0,2.0,1.0
https://www.vlr.gg/596414/envy-vs-cloud9-vct-2026-americas-kickoff-mr2,1,AllMaps,Zellsis,C9,Kayo,0.72,137,34,59,38,-25,67,89,13,2,8,-6,Cloud9,ENVY,41.0,42.0,2.0,1.0
https://www.vlr.gg/596414/envy-vs-cloud9-vct-2026-americas-kickoff-mr2,2,Breeze,keznit,ENVY,Jett,1.39,280,22,13,2,9,81,163,22,6,2,4,ENVY,Cloud9,13.0,8.0,1.0,2.0
https://www.vlr.gg/596414/envy-vs-cloud9-vct-2026-americas-kickoff-mr2,2,Breeze,Rossy,ENVY,Viper,1.36,248,19,12,5,7,81,156,18,3,1,2,ENVY,Cloud9,13.0,8.0,1.0,2.0
https://www.vlr.gg/596414/envy-vs-cloud9-vct-2026-americas-kickoff-mr2,2,Breeze,P0PPIN,ENVY,Sova,1.13,222,18,14,4,4,86,136,45,2,2,0,ENVY,Cloud9,13.0,8.0,1.0,2.0
https://www.vlr.gg/596414/envy-vs-cloud9-vct-2026-americas-kickoff-mr2,2,Breeze,Inspire,ENVY,Astra,0.84,141,11,12,5,-1,67,97,31,1,0,1,ENVY,Cloud9,13.0,8.0,1.0,2.0
https://www.vlr.gg/596414/envy-vs-cloud9-vct-2026-americas-kickoff-mr2,2,Breeze,Eggsterr,ENVY,Yoru,0.71,126,9,14,6,-5,71,86,38,2,2,0,ENVY,Cloud9,13.0,8.0,1.0,2.0
https://www.vlr.gg/596414/envy-vs-cloud9-vct-2026-americas-kickoff-mr2,2,Breeze,v1c,C9,Astra,1.07,201,17,14,6,3,71,125,33,0,4,-4,ENVY,ENVY,8.0,13.0,2.0,1.0
https://www.vlr.gg/596414/envy-vs-cloud9-vct-2026-americas-kickoff-mr2,2,Breeze,Demon1,C9,Jett,0.99,232,16,16,4,0,62,151,33,2,5,-3,ENVY,ENVY,8.0,13.0,2.0,1.0
https://www.vlr.gg/596414/envy-vs-cloud9-vct-2026-americas-kickoff-mr2,2,Breeze,Xeppaa,C9,Sova,0.96,180,14,15,5,-1,81,117,26,1,0,1,ENVY,ENVY,8.0,13.0,2.0,1.0
https://www.vlr.gg/596414/envy-vs-cloud9-vct-2026-americas-kickoff-mr2,2,Breeze,penny,C9,Yoru,0.89,166,13,14,3,-1,57,99,22,4,3,1,ENVY,ENVY,8.0,13.0,2.0,1.0
https://www.vlr.gg/596414/envy-vs-cloud9-vct-2026-americas-kickoff-mr2,2,Breeze,Zellsis,C9,Viper,0.33,110,5,20,10,-15,48,74,9,0,2,-2,ENVY,ENVY,8.0,13.0,2.0,1.0
https://www.vlr.gg/596414/envy-vs-cloud9-vct-2026-americas-kickoff-mr2,3,Split,keznit,ENVY,Jett,1.51,252,22,15,5,7,83,169,30,5,2,3,Cloud9,Cloud9,11.0,13.0,1.0,2.0
https://www.vlr.gg/596414/envy-vs-cloud9-vct-2026-americas-kickoff-mr2,3,Split,Inspire,ENVY,Viper,0.98,209,18,17,6,1,83,136,47,5,1,4,Cloud9,Cloud9,11.0,13.0,1.0,2.0
https://www.vlr.gg/596414/envy-vs-cloud9-vct-2026-americas-kickoff-mr2,3,Split,P0PPIN,ENVY,Skye,0.75,156,12,18,6,-6,58,95,14,2,1,1,Cloud9,Cloud9,11.0,13.0,1.0,2.0
https://www.vlr.gg/596414/envy-vs-cloud9-vct-2026-americas-kickoff-mr2,3,Split,Rossy,ENVY,Omen,0.69,146,12,17,8,-5,54,98,16,1,3,-2,Cloud9,Cloud9,11.0,13.0,1.0,2.0
https://www.vlr.gg/596414/envy-vs-cloud9-vct-2026-americas-kickoff-mr2,3,Split,Eggsterr,ENVY,Yoru,0.63,151,12,18,5,-6,63,91,19,1,3,-2,Cloud9,Cloud9,11.0,13.0,1.0,2.0
https://www.vlr.gg/596414/envy-vs-cloud9-vct-2026-americas-kickoff-mr2,3,Split,penny,C9,Raze,1.37,268,22,15,8,7,83,171,23,3,3,0,Cloud9,ENVY,13.0,11.0,2.0,1.0
https://www.vlr.gg/596414/envy-vs-cloud9-vct-2026-americas-kickoff-mr2,3,Split,Xeppaa,C9,Skye,1.27,218,17,12,15,5,83,128,20,0,0,0,Cloud9,ENVY,13.0,11.0,2.0,1.0
https://www.vlr.gg/596414/envy-vs-cloud9-vct-2026-americas-kickoff-mr2,3,Split,Demon1,C9,Chamber,1.07,230,19,17,3,2,75,160,31,2,4,-2,Cloud9,ENVY,13.0,11.0,2.0,1.0
https://www.vlr.gg/596414/envy-vs-cloud9-vct-2026-americas-kickoff-mr2,3,Split,Zellsis,C9,Viper,1.04,190,16,15,7,1,75,131,17,2,2,0,Cloud9,ENVY,13.0,11.0,2.0,1.0
https://www.vlr.gg/596414/envy-vs-cloud9-vct-2026-americas-kickoff-mr2,3,Split,v1c,C9,Omen,0.75,129,11,17,10,-6,75,90,24,3,5,-2,Cloud9,ENVY,13.0,11.0,2.0,1.0
https://www.vlr.gg/596406/nrg-vs-mibr-vct-2026-americas-kickoff-ur3,0,Abyss,brawk,NRG,Sova,1.2,196,13,11,5,2,79,124,29,2,1,1,NRG,MIBR,13.0,6.0,1.0,2.0
https://www.vlr.gg/596406/nrg-vs-mibr-vct-2026-americas-kickoff-ur3,0,Abyss,keiko,NRG,Omen,1.2,183,13,10,3,3,74,114,31,2,0,2,NRG,MIBR,13.0,6.0,1.0,2.0
https://www.vlr.gg/596406/nrg-vs-mibr-vct-2026-americas-kickoff-ur3,0,Abyss,skuba,NRG,Viper,1.17,202,15,10,3,5,68,138,29,3,0,3,NRG,MIBR,13.0,6.0,1.0,2.0
https://www.vlr.gg/596406/nrg-vs-mibr-vct-2026-americas-kickoff-ur3,0,Abyss,Ethan,NRG,Tejo,1.1,149,10,9,7,1,68,95,15,2,2,0,NRG,MIBR,13.0,6.0,1.0,2.0
https://www.vlr.gg/596406/nrg-vs-mibr-vct-2026-americas-kickoff-ur3,0,Abyss,mada,NRG,Waylay,0.82,178,11,12,3,-1,68,115,27,3,4,-1,NRG,MIBR,13.0,6.0,1.0,2.0
https://www.vlr.gg/596406/nrg-vs-mibr-vct-2026-americas-kickoff-ur3,0,Abyss,Verno,MIBR,Sova,1.21,244,15,12,4,3,63,161,37,2,2,0,NRG,NRG,6.0,13.0,2.0,1.0
https://www.vlr.gg/596406/nrg-vs-mibr-vct-2026-americas-kickoff-ur3,0,Abyss,Mazino,MIBR,Kayo,0.94,191,13,13,5,0,53,116,35,2,2,0,NRG,NRG,6.0,13.0,2.0,1.0
https://www.vlr.gg/596406/nrg-vs-mibr-vct-2026-americas-kickoff-ur3,0,Abyss,zekken,MIBR,Astra,0.92,149,9,11,3,-2,79,97,24,1,1,0,NRG,NRG,6.0,13.0,2.0,1.0
https://www.vlr.gg/596406/nrg-vs-mibr-vct-2026-americas-kickoff-ur3,0,Abyss,tex,MIBR,Cypher,0.63,110,8,13,2,-5,58,70,30,1,2,-1,NRG,NRG,6.0,13.0,2.0,1.0
https://www.vlr.gg/596406/nrg-vs-mibr-vct-2026-americas-kickoff-ur3,0,Abyss,aspas,MIBR,Jett,0.47,98,7,13,0,-6,47,65,32,1,5,-4,NRG,NRG,6.0,13.0,2.0,1.0
https://www.vlr.gg/596406/nrg-vs-mibr-vct-2026-americas-kickoff-ur3,1,AllMaps,mada,NRG,Waylay,1.19,236,51,40,12,11,69,158,33,8,11,-3,MIBR,MIBR,32.0,32.0,1.0,2.0
https://www.vlr.gg/596406/nrg-vs-mibr-vct-2026-americas-kickoff-ur3,1,AllMaps,brawk,NRG,Sova,1.0,188,40,43,16,-3,70,128,25,2,3,-1,MIBR,MIBR,32.0,32.0,1.0,2.0
https://www.vlr.gg/596406/nrg-vs-mibr-vct-2026-americas-kickoff-ur3,1,AllMaps,skuba,NRG,Viper,0.96,191,44,45,8,-1,70,129,32,7,6,1,MIBR,MIBR,32.0,32.0,1.0,2.0
https://www.vlr.gg/596406/nrg-vs-mibr-vct-2026-americas-kickoff-ur3,1,AllMaps,Ethan,NRG,Tejo,0.95,169,38,43,27,-5,70,112,16,8,10,-2,MIBR,MIBR,32.0,32.0,1.0,2.0
https://www.vlr.gg/596406/nrg-vs-mibr-vct-2026-americas-kickoff-ur3,1,AllMaps,keiko,NRG,Omen,0.91,156,37,41,13,-4,69,98,33,2,7,-5,MIBR,MIBR,32.0,32.0,1.0,2.0
https://www.vlr.gg/596406/nrg-vs-mibr-vct-2026-americas-kickoff-ur3,1,AllMaps,zekken,MIBR,Astra,1.22,212,49,39,13,10,83,135,26,13,5,8,MIBR,NRG,32.0,32.0,2.0,1.0
https://www.vlr.gg/596406/nrg-vs-mibr-vct-2026-americas-kickoff-ur3,1,AllMaps,Verno,MIBR,Sova,1.16,215,45,38,23,7,80,142,32,5,3,2,MIBR,NRG,32.0,32.0,2.0,1.0
https://www.vlr.gg/596406/nrg-vs-mibr-vct-2026-americas-kickoff-ur3,1,AllMaps,Mazino,MIBR,Kayo,0.98,201,49,43,16,6,66,134,30,6,4,2,MIBR,NRG,32.0,32.0,2.0,1.0
https://www.vlr.gg/596406/nrg-vs-mibr-vct-2026-americas-kickoff-ur3,1,AllMaps,aspas,MIBR,Jett,0.74,156,36,43,7,-7,67,108,32,9,10,-1,MIBR,NRG,32.0,32.0,2.0,1.0
https://www.vlr.gg/596406/nrg-vs-mibr-vct-2026-americas-kickoff-ur3,1,AllMaps,tex,MIBR,Cypher,0.68,128,33,47,8,-14,63,84,34,4,5,-1,MIBR,NRG,32.0,32.0,2.0,1.0
https://www.vlr.gg/596406/nrg-vs-mibr-vct-2026-americas-kickoff-ur3,2,Split,mada,NRG,Waylay,1.65,293,23,12,6,11,79,198,32,4,2,2,MIBR,MIBR,11.0,13.0,1.0,2.0
https://www.vlr.gg/596406/nrg-vs-mibr-vct-2026-americas-kickoff-ur3,2,Split,Ethan,NRG,Skye,0.89,178,13,17,13,-4,75,115,15,3,5,-2,MIBR,MIBR,11.0,13.0,1.0,2.0
https://www.vlr.gg/596406/nrg-vs-mibr-vct-2026-americas-kickoff-ur3,2,Split,skuba,NRG,Viper,0.89,193,16,19,3,-3,75,129,30,2,2,0,MIBR,MIBR,11.0,13.0,1.0,2.0
https://www.vlr.gg/596406/nrg-vs-mibr-vct-2026-americas-kickoff-ur3,2,Split,keiko,NRG,Astra,0.86,125,13,14,7,-1,71,72,36,0,4,-4,MIBR,MIBR,11.0,13.0,1.0,2.0
https://www.vlr.gg/596406/nrg-vs-mibr-vct-2026-americas-kickoff-ur3,2,Split,brawk,NRG,Tejo,0.78,152,13,17,6,-4,71,105,22,0,2,-2,MIBR,MIBR,11.0,13.0,1.0,2.0
https://www.vlr.gg/596406/nrg-vs-mibr-vct-2026-americas-kickoff-ur3,2,Split,zekken,MIBR,Yoru,1.32,235,20,14,5,6,88,132,20,8,1,7,MIBR,NRG,13.0,11.0,2.0,1.0
https://www.vlr.gg/596406/nrg-vs-mibr-vct-2026-americas-kickoff-ur3,2,Split,Verno,MIBR,Fade,1.22,216,17,14,10,3,96,140,24,2,0,2,MIBR,NRG,13.0,11.0,2.0,1.0
https://www.vlr.gg/596406/nrg-vs-mibr-vct-2026-americas-kickoff-ur3,2,Split,Mazino,MIBR,Omen,0.97,209,19,16,8,3,75,146,27,2,1,1,MIBR,NRG,13.0,11.0,2.0,1.0
https://www.vlr.gg/596406/nrg-vs-mibr-vct-2026-americas-kickoff-ur3,2,Split,tex,MIBR,Viper,0.78,131,13,17,4,-4,67,82,33,0,2,-2,MIBR,NRG,13.0,11.0,2.0,1.0
https://www.vlr.gg/596406/nrg-vs-mibr-vct-2026-americas-kickoff-ur3,2,Split,aspas,MIBR,Raze,0.61,127,10,17,5,-7,67,82,30,3,5,-2,MIBR,NRG,13.0,11.0,2.0,1.0
https://www.vlr.gg/596406/nrg-vs-mibr-vct-2026-americas-kickoff-ur3,3,Breeze,brawk,NRG,Sova,1.07,216,14,15,5,-1,62,158,27,0,0,0,MIBR,MIBR,8.0,13.0,1.0,2.0
https://www.vlr.gg/596406/nrg-vs-mibr-vct-2026-americas-kickoff-ur3,3,Breeze,mada,NRG,Yoru,1.01,237,17,16,3,1,57,150,37,1,5,-4,MIBR,MIBR,8.0,13.0,1.0,2.0
https://www.vlr.gg/596406/nrg-vs-mibr-vct-2026-americas-kickoff-ur3,3,Breeze,Ethan,NRG,Astra,0.87,181,15,17,7,-2,67,123,17,3,3,0,MIBR,MIBR,8.0,13.0,1.0,2.0
https://www.vlr.gg/596406/nrg-vs-mibr-vct-2026-americas-kickoff-ur3,3,Breeze,skuba,NRG,Viper,0.84,177,13,16,2,-3,67,122,40,2,4,-2,MIBR,MIBR,8.0,13.0,1.0,2.0
https://www.vlr.gg/596406/nrg-vs-mibr-vct-2026-americas-kickoff-ur3,3,Breeze,keiko,NRG,Neon,0.72,159,11,17,3,-6,62,113,31,0,3,-3,MIBR,MIBR,8.0,13.0,1.0,2.0
https://www.vlr.gg/596406/nrg-vs-mibr-vct-2026-americas-kickoff-ur3,3,Breeze,zekken,MIBR,Yoru,1.39,253,20,14,5,6,81,172,32,4,3,1,MIBR,NRG,13.0,8.0,2.0,1.0
https://www.vlr.gg/596406/nrg-vs-mibr-vct-2026-americas-kickoff-ur3,3,Breeze,aspas,MIBR,Jett,1.13,244,19,13,2,6,86,176,33,5,0,5,MIBR,NRG,13.0,8.0,2.0,1.0
https://www.vlr.gg/596406/nrg-vs-mibr-vct-2026-americas-kickoff-ur3,3,Breeze,Verno,MIBR,Sova,1.06,185,13,12,9,1,76,128,42,1,1,0,MIBR,NRG,13.0,8.0,2.0,1.0
https://www.vlr.gg/596406/nrg-vs-mibr-vct-2026-americas-kickoff-ur3,3,Breeze,Mazino,MIBR,Astra,1.03,204,17,14,3,3,67,137,28,2,1,1,MIBR,NRG,13.0,8.0,2.0,1.0
https://www.vlr.gg/596406/nrg-vs-mibr-vct-2026-americas-kickoff-ur3,3,Breeze,tex,MIBR,Viper,0.6,143,12,17,2,-5,62,98,38,3,1,2,MIBR,NRG,13.0,8.0,2.0,1.0
https://www.vlr.gg/596407/furia-vs-g2-esports-vct-2026-americas-kickoff-ur3,0,Abyss,alym,FUR,Waylay,1.55,283,21,12,10,9,90,174,38,5,3,2,FURIA,FURIA,7.0,13.0,1.0,2.0
https://www.vlr.gg/596407/furia-vs-g2-esports-vct-2026-americas-kickoff-ur3,0,Abyss,nerve,FUR,Tejo,1.42,209,18,10,3,8,75,150,34,1,2,-1,FURIA,FURIA,7.0,13.0,1.0,2.0
https://www.vlr.gg/596407/furia-vs-g2-esports-vct-2026-americas-kickoff-ur3,0,Abyss,artzin,FUR,Astra,1.22,201,14,12,9,2,80,142,44,2,2,0,FURIA,FURIA,7.0,13.0,1.0,2.0
https://www.vlr.gg/596407/furia-vs-g2-esports-vct-2026-americas-kickoff-ur3,0,Abyss,eeiu,FUR,Sova,1.02,128,9,10,8,-1,75,89,29,0,0,0,FURIA,FURIA,7.0,13.0,1.0,2.0
https://www.vlr.gg/596407/furia-vs-g2-esports-vct-2026-americas-kickoff-ur3,0,Abyss,koalanoob,FUR,Omen,0.98,228,17,14,2,3,65,151,32,2,3,-1,FURIA,FURIA,7.0,13.0,1.0,2.0
https://www.vlr.gg/596407/furia-vs-g2-esports-vct-2026-americas-kickoff-ur3,0,Abyss,trent,G2,Tejo,1.21,268,18,14,2,4,65,167,22,1,2,-1,FURIA,FURIA,7.0,13.0,1.0,2.0
https://www.vlr.gg/596407/furia-vs-g2-esports-vct-2026-americas-kickoff-ur3,0,Abyss,BABYBAY,G2,Yoru,1.03,280,18,17,3,1,60,178,35,6,2,4,FURIA,FURIA,7.0,13.0,1.0,2.0
https://www.vlr.gg/596407/furia-vs-g2-esports-vct-2026-americas-kickoff-ur3,0,Abyss,leaf,G2,Breach,0.57,132,9,16,5,-7,65,84,29,2,0,2,FURIA,FURIA,7.0,13.0,1.0,2.0
https://www.vlr.gg/596407/furia-vs-g2-esports-vct-2026-americas-kickoff-ur3,0,Abyss,valyn,G2,Astra,0.5,77,6,15,4,-9,60,54,35,0,2,-2,FURIA,FURIA,7.0,13.0,1.0,2.0
https://www.vlr.gg/596407/furia-vs-g2-esports-vct-2026-americas-kickoff-ur3,0,Abyss,jawgemo,G2,Jett,0.47,114,7,17,6,-10,70,86,26,1,4,-3,FURIA,FURIA,7.0,13.0,1.0,2.0
https://www.vlr.gg/596407/furia-vs-g2-esports-vct-2026-americas-kickoff-ur3,1,AllMaps,eeiu,FUR,Sova,1.28,210,42,31,17,11,76,131,25,2,4,-2,FURIA,FURIA,23.0,32.0,1.0,2.0
https://www.vlr.gg/596407/furia-vs-g2-esports-vct-2026-americas-kickoff-ur3,1,AllMaps,alym,FUR,Waylay,1.11,219,44,37,14,7,78,138,32,11,8,3,FURIA,FURIA,23.0,32.0,1.0,2.0
https://www.vlr.gg/596407/furia-vs-g2-esports-vct-2026-americas-kickoff-ur3,1,AllMaps,nerve,FUR,Tejo,1.0,172,36,34,11,2,69,114,22,2,3,-1,FURIA,FURIA,23.0,32.0,1.0,2.0
https://www.vlr.gg/596407/furia-vs-g2-esports-vct-2026-americas-kickoff-ur3,1,AllMaps,koalanoob,FUR,Omen,0.98,209,42,39,6,3,67,143,26,10,7,3,FURIA,FURIA,23.0,32.0,1.0,2.0
https://www.vlr.gg/596407/furia-vs-g2-esports-vct-2026-americas-kickoff-ur3,1,AllMaps,artzin,FUR,Astra,0.95,171,33,36,21,-3,75,114,34,5,3,2,FURIA,FURIA,23.0,32.0,1.0,2.0
https://www.vlr.gg/596407/furia-vs-g2-esports-vct-2026-americas-kickoff-ur3,1,AllMaps,trent,G2,Tejo,1.1,203,41,36,11,5,75,135,27,1,4,-3,FURIA,FURIA,23.0,32.0,1.0,2.0
https://www.vlr.gg/596407/furia-vs-g2-esports-vct-2026-americas-kickoff-ur3,1,AllMaps,valyn,G2,Astra,1.03,200,36,37,20,-1,76,124,25,2,3,-1,FURIA,FURIA,23.0,32.0,1.0,2.0
https://www.vlr.gg/596407/furia-vs-g2-esports-vct-2026-americas-kickoff-ur3,1,AllMaps,BABYBAY,G2,Yoru,0.88,212,40,42,9,-2,65,139,21,7,6,1,FURIA,FURIA,23.0,32.0,1.0,2.0
https://www.vlr.gg/596407/furia-vs-g2-esports-vct-2026-americas-kickoff-ur3,1,AllMaps,leaf,G2,Breach,0.85,188,35,40,15,-5,69,121,24,7,7,0,FURIA,FURIA,23.0,32.0,1.0,2.0
https://www.vlr.gg/596407/furia-vs-g2-esports-vct-2026-americas-kickoff-ur3,1,AllMaps,jawgemo,G2,Jett,0.71,147,25,42,15,-17,73,101,21,8,10,-2,FURIA,FURIA,23.0,32.0,1.0,2.0
https://www.vlr.gg/596407/furia-vs-g2-esports-vct-2026-americas-kickoff-ur3,2,Bind,eeiu,FUR,Fade,1.21,237,16,15,3,1,74,146,29,1,2,-1,G2 Esports,FURIA,13.0,6.0,1.0,2.0
https://www.vlr.gg/596407/furia-vs-g2-esports-vct-2026-americas-kickoff-ur3,2,Bind,koalanoob,FUR,Yoru,1.02,209,14,15,1,-1,63,132,23,4,1,3,G2 Esports,FURIA,13.0,6.0,1.0,2.0
https://www.vlr.gg/596407/furia-vs-g2-esports-vct-2026-americas-kickoff-ur3,2,Bind,nerve,FUR,Viper,0.63,111,6,12,3,-6,58,79,19,0,0,0,G2 Esports,FURIA,13.0,6.0,1.0,2.0
https://www.vlr.gg/596407/furia-vs-g2-esports-vct-2026-americas-kickoff-ur3,2,Bind,alym,FUR,Waylay,0.49,109,8,15,1,-7,58,63,26,3,4,-1,G2 Esports,FURIA,13.0,6.0,1.0,2.0
https://www.vlr.gg/596407/furia-vs-g2-esports-vct-2026-americas-kickoff-ur3,2,Bind,artzin,FUR,Astra,0.44,140,8,17,3,-9,58,92,37,3,1,2,G2 Esports,FURIA,13.0,6.0,1.0,2.0
https://www.vlr.gg/596407/furia-vs-g2-esports-vct-2026-americas-kickoff-ur3,2,Bind,valyn,G2,Brimstone,1.66,286,18,8,9,10,89,180,27,1,0,1,G2 Esports,FURIA,13.0,6.0,1.0,2.0
https://www.vlr.gg/596407/furia-vs-g2-esports-vct-2026-americas-kickoff-ur3,2,Bind,trent,G2,Skye,1.45,228,18,9,6,9,89,143,36,0,0,0,G2 Esports,FURIA,13.0,6.0,1.0,2.0
https://www.vlr.gg/596407/furia-vs-g2-esports-vct-2026-americas-kickoff-ur3,2,Bind,leaf,G2,Viper,1.24,256,17,10,6,7,79,164,30,3,6,-3,G2 Esports,FURIA,13.0,6.0,1.0,2.0
https://www.vlr.gg/596407/furia-vs-g2-esports-vct-2026-americas-kickoff-ur3,2,Bind,BABYBAY,G2,Chamber,1.07,204,15,11,2,4,74,132,11,1,1,0,G2 Esports,FURIA,13.0,6.0,1.0,2.0
https://www.vlr.gg/596407/furia-vs-g2-esports-vct-2026-americas-kickoff-ur3,2,Bind,jawgemo,G2,Waylay,0.42,108,6,14,4,-8,74,75,14,3,4,-1,G2 Esports,FURIA,13.0,6.0,1.0,2.0
https://www.vlr.gg/596407/furia-vs-g2-esports-vct-2026-americas-kickoff-ur3,3,Split,eeiu,FUR,Fade,1.7,266,17,6,6,11,81,165,18,1,2,-1,FURIA,FURIA,3.0,13.0,1.0,2.0
https://www.vlr.gg/596407/furia-vs-g2-esports-vct-2026-americas-kickoff-ur3,3,Split,alym,FUR,Waylay,1.3,265,15,10,3,5,88,182,29,3,1,2,FURIA,FURIA,3.0,13.0,1.0,2.0
https://www.vlr.gg/596407/furia-vs-g2-esports-vct-2026-americas-kickoff-ur3,3,Split,artzin,FUR,Omen,1.22,172,11,7,9,4,88,104,19,0,0,0,FURIA,FURIA,3.0,13.0,1.0,2.0
https://www.vlr.gg/596407/furia-vs-g2-esports-vct-2026-americas-kickoff-ur3,3,Split,koalanoob,FUR,Yoru,0.93,189,11,10,3,1,75,147,21,4,3,1,FURIA,FURIA,3.0,13.0,1.0,2.0
https://www.vlr.gg/596407/furia-vs-g2-esports-vct-2026-americas-kickoff-ur3,3,Split,nerve,FUR,Viper,0.92,195,12,12,5,0,75,110,14,1,1,0,FURIA,FURIA,3.0,13.0,1.0,2.0
https://www.vlr.gg/596407/furia-vs-g2-esports-vct-2026-americas-kickoff-ur3,3,Split,jawgemo,G2,Waylay,1.37,220,12,11,5,1,75,150,23,4,2,2,FURIA,FURIA,3.0,13.0,1.0,2.0
https://www.vlr.gg/596407/furia-vs-g2-esports-vct-2026-americas-kickoff-ur3,3,Split,valyn,G2,Omen,0.95,238,12,14,7,-2,81,143,21,1,1,0,FURIA,FURIA,3.0,13.0,1.0,2.0
https://www.vlr.gg/596407/furia-vs-g2-esports-vct-2026-americas-kickoff-ur3,3,Split,leaf,G2,Breach,0.74,177,9,14,4,-5,63,117,12,2,1,1,FURIA,FURIA,3.0,13.0,1.0,2.0
https://www.vlr.gg/596407/furia-vs-g2-esports-vct-2026-americas-kickoff-ur3,3,Split,trent,G2,Fade,0.56,114,5,13,3,-8,69,85,24,0,2,-2,FURIA,FURIA,3.0,13.0,1.0,2.0
https://www.vlr.gg/596407/furia-vs-g2-esports-vct-2026-americas-kickoff-ur3,3,Split,BABYBAY,G2,Viper,0.45,153,7,14,4,-7,63,99,10,0,3,-3,FURIA,FURIA,3.0,13.0,1.0,2.0
https://www.vlr.gg/596419/loud-vs-evil-geniuses-vct-2026-americas-kickoff-lr1,0,Haven,Darker,LOUD,Viper,1.2,288,18,15,4,3,78,167,29,3,2,1,Evil Geniuses,Evil Geniuses,5.0,13.0,0.0,2.0
https://www.vlr.gg/596419/loud-vs-evil-geniuses-vct-2026-americas-kickoff-lr1,0,Haven,lukxo,LOUD,Killjoy,1.03,224,13,15,2,-2,72,160,23,1,3,-2,Evil Geniuses,Evil Geniuses,5.0,13.0,0.0,2.0
https://www.vlr.gg/596419/loud-vs-evil-geniuses-vct-2026-americas-kickoff-lr1,0,Haven,pANcada,LOUD,Omen,0.76,165,9,16,7,-7,83,115,29,2,0,2,Evil Geniuses,Evil Geniuses,5.0,13.0,0.0,2.0
https://www.vlr.gg/596419/loud-vs-evil-geniuses-vct-2026-americas-kickoff-lr1,0,Haven,cauanzin,LOUD,Sova,0.64,127,8,15,6,-7,78,85,23,0,1,-1,Evil Geniuses,Evil Geniuses,5.0,13.0,0.0,2.0
https://www.vlr.gg/596419/loud-vs-evil-geniuses-vct-2026-americas-kickoff-lr1,0,Haven,Virtyy,LOUD,Neon,0.33,99,6,15,2,-9,61,64,14,1,5,-4,Evil Geniuses,Evil Geniuses,5.0,13.0,0.0,2.0
https://www.vlr.gg/596419/loud-vs-evil-geniuses-vct-2026-americas-kickoff-lr1,0,Haven,C0M,EG,Sova,1.5,255,17,9,6,8,89,181,32,3,1,2,Evil Geniuses,LOUD,13.0,5.0,2.0,0.0
https://www.vlr.gg/596419/loud-vs-evil-geniuses-vct-2026-americas-kickoff-lr1,0,Haven,dgzin,EG,Neon,1.29,242,16,10,2,6,83,143,16,5,3,2,Evil Geniuses,LOUD,13.0,5.0,2.0,0.0
https://www.vlr.gg/596419/loud-vs-evil-geniuses-vct-2026-americas-kickoff-lr1,0,Haven,supamen,EG,Viper,1.23,249,16,11,2,5,67,160,37,1,1,0,Evil Geniuses,LOUD,13.0,5.0,2.0,0.0
https://www.vlr.gg/596419/loud-vs-evil-geniuses-vct-2026-americas-kickoff-lr1,0,Haven,Okeanos,EG,Omen,1.1,212,14,11,9,3,78,120,39,1,1,0,Evil Geniuses,LOUD,13.0,5.0,2.0,0.0
https://www.vlr.gg/596419/loud-vs-evil-geniuses-vct-2026-americas-kickoff-lr1,0,Haven,bao,EG,Killjoy,0.82,184,13,13,3,0,72,125,25,1,1,0,Evil Geniuses,LOUD,13.0,5.0,2.0,0.0
https://www.vlr.gg/596419/loud-vs-evil-geniuses-vct-2026-americas-kickoff-lr1,1,AllMaps,lukxo,LOUD,Killjoy,1.25,235,36,27,4,9,75,168,29,5,9,-4,Evil Geniuses,Evil Geniuses,17.0,27.0,0.0,2.0
https://www.vlr.gg/596419/loud-vs-evil-geniuses-vct-2026-americas-kickoff-lr1,1,AllMaps,Darker,LOUD,Viper,1.09,241,36,34,17,2,70,135,22,5,3,2,Evil Geniuses,Evil Geniuses,17.0,27.0,0.0,2.0
https://www.vlr.gg/596419/loud-vs-evil-geniuses-vct-2026-americas-kickoff-lr1,1,AllMaps,pANcada,LOUD,Omen,0.92,167,23,31,15,-8,84,120,25,4,0,4,Evil Geniuses,Evil Geniuses,17.0,27.0,0.0,2.0
https://www.vlr.gg/596419/loud-vs-evil-geniuses-vct-2026-americas-kickoff-lr1,1,AllMaps,cauanzin,LOUD,Sova,0.84,160,25,32,14,-7,77,106,26,3,4,-1,Evil Geniuses,Evil Geniuses,17.0,27.0,0.0,2.0
https://www.vlr.gg/596419/loud-vs-evil-geniuses-vct-2026-americas-kickoff-lr1,1,AllMaps,Virtyy,LOUD,Neon,0.61,141,24,34,6,-10,66,91,18,2,9,-7,Evil Geniuses,Evil Geniuses,17.0,27.0,0.0,2.0
https://www.vlr.gg/596419/loud-vs-evil-geniuses-vct-2026-americas-kickoff-lr1,1,AllMaps,supamen,EG,Viper,1.31,246,38,26,12,12,68,157,45,3,1,2,Evil Geniuses,LOUD,27.0,17.0,2.0,0.0
https://www.vlr.gg/596419/loud-vs-evil-geniuses-vct-2026-americas-kickoff-lr1,1,AllMaps,dgzin,EG,Neon,1.18,254,39,29,4,10,77,151,28,12,6,6,Evil Geniuses,LOUD,27.0,17.0,2.0,0.0
https://www.vlr.gg/596419/loud-vs-evil-geniuses-vct-2026-americas-kickoff-lr1,1,AllMaps,C0M,EG,Sova,0.97,174,25,27,12,-2,70,119,32,4,6,-2,Evil Geniuses,LOUD,27.0,17.0,2.0,0.0
https://www.vlr.gg/596419/loud-vs-evil-geniuses-vct-2026-americas-kickoff-lr1,1,AllMaps,Okeanos,EG,Omen,0.89,171,26,28,19,-2,70,92,35,1,4,-3,Evil Geniuses,LOUD,27.0,17.0,2.0,0.0
https://www.vlr.gg/596419/loud-vs-evil-geniuses-vct-2026-americas-kickoff-lr1,1,AllMaps,bao,EG,Killjoy,0.85,188,30,34,5,-4,68,125,32,5,2,3,Evil Geniuses,LOUD,27.0,17.0,2.0,0.0
https://www.vlr.gg/596419/loud-vs-evil-geniuses-vct-2026-americas-kickoff-lr1,2,Abyss,lukxo,LOUD,Chamber,1.41,245,23,12,2,11,77,174,36,4,6,-2,Evil Geniuses,Evil Geniuses,12.0,14.0,0.0,2.0
https://www.vlr.gg/596419/loud-vs-evil-geniuses-vct-2026-americas-kickoff-lr1,2,Abyss,pANcada,LOUD,Astra,1.03,169,14,15,8,-1,85,123,23,2,0,2,Evil Geniuses,Evil Geniuses,12.0,14.0,0.0,2.0
https://www.vlr.gg/596419/loud-vs-evil-geniuses-vct-2026-americas-kickoff-lr1,2,Abyss,Darker,LOUD,Kayo,1.01,193,18,19,13,-1,65,113,18,2,1,1,Evil Geniuses,Evil Geniuses,12.0,14.0,0.0,2.0
https://www.vlr.gg/596419/loud-vs-evil-geniuses-vct-2026-americas-kickoff-lr1,2,Abyss,cauanzin,LOUD,Sova,0.98,192,17,17,8,0,77,120,27,3,3,0,Evil Geniuses,Evil Geniuses,12.0,14.0,0.0,2.0
https://www.vlr.gg/596419/loud-vs-evil-geniuses-vct-2026-americas-kickoff-lr1,2,Abyss,Virtyy,LOUD,Waylay,0.8,183,18,19,4,-1,69,110,19,1,4,-3,Evil Geniuses,Evil Geniuses,12.0,14.0,0.0,2.0
https://www.vlr.gg/596419/loud-vs-evil-geniuses-vct-2026-americas-kickoff-lr1,2,Abyss,supamen,EG,Astra,1.37,242,22,15,10,7,69,155,52,2,0,2,Evil Geniuses,LOUD,14.0,12.0,2.0,0.0
https://www.vlr.gg/596419/loud-vs-evil-geniuses-vct-2026-americas-kickoff-lr1,2,Abyss,dgzin,EG,Yoru,1.11,266,23,19,2,4,73,157,36,7,3,4,Evil Geniuses,LOUD,14.0,12.0,2.0,0.0
https://www.vlr.gg/596419/loud-vs-evil-geniuses-vct-2026-americas-kickoff-lr1,2,Abyss,bao,EG,Veto,0.87,191,17,21,2,-4,65,125,40,4,1,3,Evil Geniuses,LOUD,14.0,12.0,2.0,0.0
https://www.vlr.gg/596419/loud-vs-evil-geniuses-vct-2026-americas-kickoff-lr1,2,Abyss,Okeanos,EG,Breach,0.73,130,12,17,10,-5,65,73,32,0,3,-3,Evil Geniuses,LOUD,14.0,12.0,2.0,0.0
https://www.vlr.gg/596419/loud-vs-evil-geniuses-vct-2026-americas-kickoff-lr1,2,Abyss,C0M,EG,Sova,0.61,92,8,18,6,-10,58,76,32,1,5,-4,Evil Geniuses,LOUD,14.0,12.0,2.0,0.0
https://www.vlr.gg/596420/kr-esports-vs-leviat-n-vct-2026-americas-kickoff-lr1,0,Bind,NagZ,KRÜ,Viper,1.08,204,13,13,1,0,53,116,35,0,0,0,LEVIATÁN,KRÜ Esports,13.0,4.0,2.0,0.0
https://www.vlr.gg/596420/kr-esports-vs-leviat-n-vct-2026-americas-kickoff-lr1,0,Bind,Governor,KRÜ,Skye,0.71,150,8,14,6,-6,59,97,29,0,0,0,LEVIATÁN,KRÜ Esports,13.0,4.0,2.0,0.0
https://www.vlr.gg/596420/kr-esports-vs-leviat-n-vct-2026-americas-kickoff-lr1,0,Bind,benG,KRÜ,Brimstone,0.57,110,5,12,6,-7,53,69,17,1,1,0,LEVIATÁN,KRÜ Esports,13.0,4.0,2.0,0.0
https://www.vlr.gg/596420/kr-esports-vs-leviat-n-vct-2026-americas-kickoff-lr1,0,Bind,infiltrator,KRÜ,Chamber,0.49,139,7,15,2,-8,41,90,32,3,7,-4,LEVIATÁN,KRÜ Esports,13.0,4.0,2.0,0.0
https://www.vlr.gg/596420/kr-esports-vs-leviat-n-vct-2026-americas-kickoff-lr1,0,Bind,mta,KRÜ,Waylay,0.33,72,4,13,1,-9,47,45,27,0,5,-5,LEVIATÁN,KRÜ Esports,13.0,4.0,2.0,0.0
https://www.vlr.gg/596420/kr-esports-vs-leviat-n-vct-2026-americas-kickoff-lr1,0,Bind,Neon,LEV,Yoru,1.81,291,19,5,3,14,94,181,21,5,0,5,LEVIATÁN,KRÜ Esports,13.0,4.0,2.0,0.0
https://www.vlr.gg/596420/kr-esports-vs-leviat-n-vct-2026-americas-kickoff-lr1,0,Bind,kiNgg,LEV,Brimstone,1.46,283,18,8,4,10,82,195,39,0,2,-2,LEVIATÁN,KRÜ Esports,13.0,4.0,2.0,0.0
https://www.vlr.gg/596420/kr-esports-vs-leviat-n-vct-2026-americas-kickoff-lr1,0,Bind,blowz,LEV,Fade,1.32,180,10,6,8,4,82,120,30,2,0,2,LEVIATÁN,KRÜ Esports,13.0,4.0,2.0,0.0
https://www.vlr.gg/596420/kr-esports-vs-leviat-n-vct-2026-americas-kickoff-lr1,0,Bind,Sato,LEV,Waylay,1.09,182,12,8,0,4,76,133,38,4,2,2,LEVIATÁN,KRÜ Esports,13.0,4.0,2.0,0.0
https://www.vlr.gg/596420/kr-esports-vs-leviat-n-vct-2026-americas-kickoff-lr1,0,Bind,spike,LEV,Viper,0.9,137,8,10,8,-2,76,92,28,2,0,2,LEVIATÁN,KRÜ Esports,13.0,4.0,2.0,0.0
https://www.vlr.gg/596420/kr-esports-vs-leviat-n-vct-2026-americas-kickoff-lr1,1,AllMaps,NagZ,KRÜ,Viper,1.02,188,29,28,3,1,60,130,34,1,3,-2,LEVIATÁN,KRÜ Esports,26.0,14.0,2.0,0.0
https://www.vlr.gg/596420/kr-esports-vs-leviat-n-vct-2026-americas-kickoff-lr1,1,AllMaps,mta,KRÜ,Waylay,0.8,146,22,30,3,-8,65,93,21,5,7,-2,LEVIATÁN,KRÜ Esports,26.0,14.0,2.0,0.0
https://www.vlr.gg/596420/kr-esports-vs-leviat-n-vct-2026-americas-kickoff-lr1,1,AllMaps,Governor,KRÜ,Skye,0.78,157,19,30,17,-11,65,106,24,0,2,-2,LEVIATÁN,KRÜ Esports,26.0,14.0,2.0,0.0
https://www.vlr.gg/596420/kr-esports-vs-leviat-n-vct-2026-americas-kickoff-lr1,1,AllMaps,benG,KRÜ,Brimstone,0.72,134,18,29,11,-11,58,94,31,1,4,-3,LEVIATÁN,KRÜ Esports,26.0,14.0,2.0,0.0
https://www.vlr.gg/596420/kr-esports-vs-leviat-n-vct-2026-americas-kickoff-lr1,1,AllMaps,infiltrator,KRÜ,Chamber,0.71,172,24,34,9,-10,55,115,22,5,12,-7,LEVIATÁN,KRÜ Esports,26.0,14.0,2.0,0.0
https://www.vlr.gg/596420/kr-esports-vs-leviat-n-vct-2026-americas-kickoff-lr1,1,AllMaps,Neon,LEV,Yoru,1.41,262,39,21,6,18,85,154,23,13,2,11,LEVIATÁN,KRÜ Esports,26.0,14.0,2.0,0.0
https://www.vlr.gg/596420/kr-esports-vs-leviat-n-vct-2026-americas-kickoff-lr1,1,AllMaps,spike,LEV,Viper,1.16,192,30,23,12,7,75,127,20,4,1,3,LEVIATÁN,KRÜ Esports,26.0,14.0,2.0,0.0
https://www.vlr.gg/596420/kr-esports-vs-leviat-n-vct-2026-americas-kickoff-lr1,1,AllMaps,kiNgg,LEV,Brimstone,1.09,208,29,21,9,8,78,128,32,1,3,-2,LEVIATÁN,KRÜ Esports,26.0,14.0,2.0,0.0
https://www.vlr.gg/596420/kr-esports-vs-leviat-n-vct-2026-americas-kickoff-lr1,1,AllMaps,blowz,LEV,Fade,1.05,186,26,23,14,3,85,123,31,2,2,0,LEVIATÁN,KRÜ Esports,26.0,14.0,2.0,0.0
https://www.vlr.gg/596420/kr-esports-vs-leviat-n-vct-2026-americas-kickoff-lr1,1,AllMaps,Sato,LEV,Waylay,0.95,186,27,24,5,3,70,123,34,8,4,4,LEVIATÁN,KRÜ Esports,26.0,14.0,2.0,0.0
https://www.vlr.gg/596420/kr-esports-vs-leviat-n-vct-2026-americas-kickoff-lr1,2,Split,mta,KRÜ,Raze,1.14,220,18,17,2,1,78,129,20,5,2,3,LEVIATÁN,KRÜ Esports,13.0,10.0,2.0,0.0
https://www.vlr.gg/596420/kr-esports-vs-leviat-n-vct-2026-americas-kickoff-lr1,2,Split,NagZ,KRÜ,Viper,0.98,171,16,15,2,1,65,140,33,1,3,-2,LEVIATÁN,KRÜ Esports,13.0,10.0,2.0,0.0
https://www.vlr.gg/596420/kr-esports-vs-leviat-n-vct-2026-americas-kickoff-lr1,2,Split,infiltrator,KRÜ,Yoru,0.87,205,17,19,7,-2,65,133,19,2,5,-3,LEVIATÁN,KRÜ Esports,13.0,10.0,2.0,0.0
https://www.vlr.gg/596420/kr-esports-vs-leviat-n-vct-2026-americas-kickoff-lr1,2,Split,Governor,KRÜ,Fade,0.83,164,11,16,11,-5,70,113,21,0,2,-2,LEVIATÁN,KRÜ Esports,13.0,10.0,2.0,0.0
https://www.vlr.gg/596420/kr-esports-vs-leviat-n-vct-2026-americas-kickoff-lr1,2,Split,benG,KRÜ,Astra,0.82,158,13,17,5,-4,61,112,39,0,3,-3,LEVIATÁN,KRÜ Esports,13.0,10.0,2.0,0.0
https://www.vlr.gg/596420/kr-esports-vs-leviat-n-vct-2026-americas-kickoff-lr1,2,Split,spike,LEV,Viper,1.36,247,22,13,4,9,74,154,16,2,1,1,LEVIATÁN,KRÜ Esports,13.0,10.0,2.0,0.0
https://www.vlr.gg/596420/kr-esports-vs-leviat-n-vct-2026-americas-kickoff-lr1,2,Split,Neon,LEV,Yoru,1.12,233,20,16,3,4,78,135,25,8,2,6,LEVIATÁN,KRÜ Esports,13.0,10.0,2.0,0.0
https://www.vlr.gg/596420/kr-esports-vs-leviat-n-vct-2026-americas-kickoff-lr1,2,Split,blowz,LEV,Fade,0.85,191,16,17,6,-1,87,125,32,0,2,-2,LEVIATÁN,KRÜ Esports,13.0,10.0,2.0,0.0
https://www.vlr.gg/596420/kr-esports-vs-leviat-n-vct-2026-americas-kickoff-lr1,2,Split,Sato,LEV,Waylay,0.85,189,15,16,5,-1,65,116,32,4,2,2,LEVIATÁN,KRÜ Esports,13.0,10.0,2.0,0.0
https://www.vlr.gg/596420/kr-esports-vs-leviat-n-vct-2026-americas-kickoff-lr1,2,Split,kiNgg,LEV,Omen,0.81,132,11,13,5,-2,74,78,25,1,1,0,LEVIATÁN,KRÜ Esports,13.0,10.0,2.0,0.0
https://www.vlr.gg/596415/nrg-vs-100-thieves-vct-2026-americas-kickoff-mr3,0,Haven,skuba,NRG,Killjoy,1.28,181,15,10,4,5,77,138,26,4,2,2,NRG,100 Thieves,13.0,9.0,2.0,0.0
https://www.vlr.gg/596415/nrg-vs-100-thieves-vct-2026-americas-kickoff-mr3,0,Haven,mada,NRG,Neon,1.22,210,19,13,1,6,64,138,26,4,2,2,NRG,100 Thieves,13.0,9.0,2.0,0.0
https://www.vlr.gg/596415/nrg-vs-100-thieves-vct-2026-americas-kickoff-mr3,0,Haven,keiko,NRG,Viper,1.04,158,12,13,5,-1,64,111,62,0,1,-1,NRG,100 Thieves,13.0,9.0,2.0,0.0
https://www.vlr.gg/596415/nrg-vs-100-thieves-vct-2026-americas-kickoff-mr3,0,Haven,brawk,NRG,Sova,0.94,156,11,14,7,-3,64,103,9,1,1,0,NRG,100 Thieves,13.0,9.0,2.0,0.0
https://www.vlr.gg/596415/nrg-vs-100-thieves-vct-2026-americas-kickoff-mr3,0,Haven,Ethan,NRG,Omen,0.81,156,11,15,9,-4,82,109,44,4,3,1,NRG,100 Thieves,13.0,9.0,2.0,0.0
https://www.vlr.gg/596415/nrg-vs-100-thieves-vct-2026-americas-kickoff-mr3,0,Haven,Cryocells,100T,Veto,1.34,241,19,11,2,8,82,143,48,3,3,0,NRG,NRG,9.0,13.0,0.0,2.0
https://www.vlr.gg/596415/nrg-vs-100-thieves-vct-2026-americas-kickoff-mr3,0,Haven,Timotino,100T,Neon,0.85,253,19,18,4,1,64,165,32,4,5,-1,NRG,NRG,9.0,13.0,0.0,2.0
https://www.vlr.gg/596415/nrg-vs-100-thieves-vct-2026-americas-kickoff-mr3,0,Haven,Asuna,100T,Omen,0.77,130,9,14,11,-5,77,71,21,1,2,-1,NRG,NRG,9.0,13.0,0.0,2.0
https://www.vlr.gg/596415/nrg-vs-100-thieves-vct-2026-americas-kickoff-mr3,0,Haven,bang,100T,Viper,0.73,94,9,11,3,-2,68,65,30,1,2,-1,NRG,NRG,9.0,13.0,0.0,2.0
https://www.vlr.gg/596415/nrg-vs-100-thieves-vct-2026-americas-kickoff-mr3,0,Haven,vora,100T,Fade,0.63,123,9,14,3,-5,73,77,43,0,1,-1,NRG,NRG,9.0,13.0,0.0,2.0
https://www.vlr.gg/596415/nrg-vs-100-thieves-vct-2026-americas-kickoff-mr3,1,AllMaps,brawk,NRG,Sova,1.26,217,34,27,10,7,67,138,12,5,3,2,NRG,100 Thieves,26.0,20.0,2.0,0.0
https://www.vlr.gg/596415/nrg-vs-100-thieves-vct-2026-americas-kickoff-mr3,1,AllMaps,skuba,NRG,Killjoy,1.2,173,30,23,11,7,76,128,29,6,2,4,NRG,100 Thieves,26.0,20.0,2.0,0.0
https://www.vlr.gg/596415/nrg-vs-100-thieves-vct-2026-americas-kickoff-mr3,1,AllMaps,mada,NRG,Neon,1.1,198,33,28,9,5,74,125,22,11,5,6,NRG,100 Thieves,26.0,20.0,2.0,0.0
https://www.vlr.gg/596415/nrg-vs-100-thieves-vct-2026-americas-kickoff-mr3,1,AllMaps,keiko,NRG,Viper,1.01,197,32,32,12,0,65,129,48,4,2,2,NRG,100 Thieves,26.0,20.0,2.0,0.0
https://www.vlr.gg/596415/nrg-vs-100-thieves-vct-2026-americas-kickoff-mr3,1,AllMaps,Ethan,NRG,Omen,0.77,143,20,32,24,-12,72,98,32,4,4,0,NRG,100 Thieves,26.0,20.0,2.0,0.0
https://www.vlr.gg/596415/nrg-vs-100-thieves-vct-2026-americas-kickoff-mr3,1,AllMaps,bang,100T,Viper,1.09,173,33,26,9,7,74,109,41,3,4,-1,NRG,NRG,20.0,26.0,0.0,2.0
https://www.vlr.gg/596415/nrg-vs-100-thieves-vct-2026-americas-kickoff-mr3,1,AllMaps,Cryocells,100T,Veto,1.06,203,33,27,3,6,78,134,43,4,4,0,NRG,NRG,20.0,26.0,0.0,2.0
https://www.vlr.gg/596415/nrg-vs-100-thieves-vct-2026-americas-kickoff-mr3,1,AllMaps,Asuna,100T,Omen,0.95,169,26,28,22,-2,83,101,25,2,4,-2,NRG,NRG,20.0,26.0,0.0,2.0
https://www.vlr.gg/596415/nrg-vs-100-thieves-vct-2026-americas-kickoff-mr3,1,AllMaps,Timotino,100T,Neon,0.71,204,30,37,11,-7,61,129,28,6,12,-6,NRG,NRG,20.0,26.0,0.0,2.0
https://www.vlr.gg/596415/nrg-vs-100-thieves-vct-2026-americas-kickoff-mr3,1,AllMaps,vora,100T,Fade,0.67,124,20,31,11,-11,74,78,31,1,6,-5,NRG,NRG,20.0,26.0,0.0,2.0
https://www.vlr.gg/596415/nrg-vs-100-thieves-vct-2026-americas-kickoff-mr3,2,Corrode,brawk,NRG,Sova,1.55,278,23,13,3,10,71,171,14,4,2,2,NRG,100 Thieves,13.0,11.0,2.0,0.0
https://www.vlr.gg/596415/nrg-vs-100-thieves-vct-2026-americas-kickoff-mr3,2,Corrode,skuba,NRG,Viper,1.12,164,15,13,7,2,75,120,33,2,0,2,NRG,100 Thieves,13.0,11.0,2.0,0.0
https://www.vlr.gg/596415/nrg-vs-100-thieves-vct-2026-americas-kickoff-mr3,2,Corrode,mada,NRG,Waylay,0.99,186,14,15,8,-1,83,113,18,7,3,4,NRG,100 Thieves,13.0,11.0,2.0,0.0
https://www.vlr.gg/596415/nrg-vs-100-thieves-vct-2026-americas-kickoff-mr3,2,Corrode,keiko,NRG,Omen,0.98,236,20,19,7,1,67,146,42,4,1,3,NRG,100 Thieves,13.0,11.0,2.0,0.0
https://www.vlr.gg/596415/nrg-vs-100-thieves-vct-2026-americas-kickoff-mr3,2,Corrode,Ethan,NRG,Kayo,0.74,130,9,17,15,-8,63,88,23,0,1,-1,NRG,100 Thieves,13.0,11.0,2.0,0.0
https://www.vlr.gg/596415/nrg-vs-100-thieves-vct-2026-americas-kickoff-mr3,2,Corrode,bang,100T,Omen,1.42,252,24,15,6,9,79,150,47,2,2,0,NRG,NRG,11.0,13.0,0.0,2.0
https://www.vlr.gg/596415/nrg-vs-100-thieves-vct-2026-americas-kickoff-mr3,2,Corrode,Asuna,100T,Sage,1.1,207,17,14,11,3,88,128,27,1,2,-1,NRG,NRG,11.0,13.0,0.0,2.0
https://www.vlr.gg/596415/nrg-vs-100-thieves-vct-2026-americas-kickoff-mr3,2,Corrode,Cryocells,100T,Veto,0.81,164,14,16,1,-2,75,126,40,1,1,0,NRG,NRG,11.0,13.0,0.0,2.0
https://www.vlr.gg/596415/nrg-vs-100-thieves-vct-2026-americas-kickoff-mr3,2,Corrode,vora,100T,Fade,0.7,124,11,17,8,-6,75,79,22,1,5,-4,NRG,NRG,11.0,13.0,0.0,2.0
https://www.vlr.gg/596415/nrg-vs-100-thieves-vct-2026-americas-kickoff-mr3,2,Corrode,Timotino,100T,Waylay,0.58,154,11,19,7,-8,58,96,25,2,7,-5,NRG,NRG,11.0,13.0,0.0,2.0
https://www.vlr.gg/596416/g2-esports-vs-cloud9-vct-2026-americas-kickoff-mr3,0,Corrode,trent,G2,Skye,1.19,218,17,15,14,2,88,146,36,1,0,1,G2 Esports,G2 Esports,11.0,13.0,0.0,2.0
https://www.vlr.gg/596416/g2-esports-vs-cloud9-vct-2026-americas-kickoff-mr3,0,Corrode,jawgemo,G2,Waylay,1.15,214,17,14,8,3,75,134,15,5,3,2,G2 Esports,G2 Esports,11.0,13.0,0.0,2.0
https://www.vlr.gg/596416/g2-esports-vs-cloud9-vct-2026-americas-kickoff-mr3,0,Corrode,leaf,G2,Viper,1.15,253,20,14,5,6,75,163,13,2,3,-1,G2 Esports,G2 Esports,11.0,13.0,0.0,2.0
https://www.vlr.gg/596416/g2-esports-vs-cloud9-vct-2026-americas-kickoff-mr3,0,Corrode,BABYBAY,G2,Iso,0.95,227,19,18,7,1,67,153,26,3,5,-2,G2 Esports,G2 Esports,11.0,13.0,0.0,2.0
https://www.vlr.gg/596416/g2-esports-vs-cloud9-vct-2026-americas-kickoff-mr3,0,Corrode,valyn,G2,Astra,0.9,169,14,14,9,0,75,105,26,2,0,2,G2 Esports,G2 Esports,11.0,13.0,0.0,2.0
https://www.vlr.gg/596416/g2-esports-vs-cloud9-vct-2026-americas-kickoff-mr3,0,Corrode,penny,C9,Waylay,1.33,272,22,17,4,5,67,168,18,2,4,-2,G2 Esports,G2 Esports,11.0,13.0,0.0,2.0
https://www.vlr.gg/596416/g2-esports-vs-cloud9-vct-2026-americas-kickoff-mr3,0,Corrode,OXY,C9,Veto,0.91,204,19,19,1,0,67,135,40,4,3,1,G2 Esports,G2 Esports,11.0,13.0,0.0,2.0
https://www.vlr.gg/596416/g2-esports-vs-cloud9-vct-2026-americas-kickoff-mr3,0,Corrode,Zellsis,C9,Sage,0.89,165,12,17,12,-5,67,101,12,0,2,-2,G2 Esports,G2 Esports,11.0,13.0,0.0,2.0
https://www.vlr.gg/596416/g2-esports-vs-cloud9-vct-2026-americas-kickoff-mr3,0,Corrode,v1c,C9,Astra,0.83,156,11,17,12,-6,67,98,24,2,1,1,G2 Esports,G2 Esports,11.0,13.0,0.0,2.0
https://www.vlr.gg/596416/g2-esports-vs-cloud9-vct-2026-americas-kickoff-mr3,0,Corrode,Xeppaa,C9,Fade,0.76,132,11,17,12,-6,63,83,29,3,3,0,G2 Esports,G2 Esports,11.0,13.0,0.0,2.0
https://www.vlr.gg/596416/g2-esports-vs-cloud9-vct-2026-americas-kickoff-mr3,1,AllMaps,leaf,G2,Viper,1.26,245,40,25,10,15,78,157,17,2,4,-2,G2 Esports,G2 Esports,20.0,26.0,0.0,2.0
https://www.vlr.gg/596416/g2-esports-vs-cloud9-vct-2026-americas-kickoff-mr3,1,AllMaps,BABYBAY,G2,Iso,1.24,232,40,28,9,12,74,151,21,7,7,0,G2 Esports,G2 Esports,20.0,26.0,0.0,2.0
https://www.vlr.gg/596416/g2-esports-vs-cloud9-vct-2026-americas-kickoff-mr3,1,AllMaps,valyn,G2,Astra,1.08,214,33,30,19,3,76,132,26,6,0,6,G2 Esports,G2 Esports,20.0,26.0,0.0,2.0
https://www.vlr.gg/596416/g2-esports-vs-cloud9-vct-2026-americas-kickoff-mr3,1,AllMaps,trent,G2,Skye,0.98,179,27,31,25,-4,83,126,30,2,0,2,G2 Esports,G2 Esports,20.0,26.0,0.0,2.0
https://www.vlr.gg/596416/g2-esports-vs-cloud9-vct-2026-americas-kickoff-mr3,1,AllMaps,jawgemo,G2,Waylay,0.93,189,28,30,14,-2,74,124,15,9,9,0,G2 Esports,G2 Esports,20.0,26.0,0.0,2.0
https://www.vlr.gg/596416/g2-esports-vs-cloud9-vct-2026-americas-kickoff-mr3,1,AllMaps,penny,C9,Waylay,1.07,229,37,35,8,2,65,145,22,4,9,-5,G2 Esports,G2 Esports,20.0,26.0,0.0,2.0
https://www.vlr.gg/596416/g2-esports-vs-cloud9-vct-2026-americas-kickoff-mr3,1,AllMaps,v1c,C9,Astra,1.06,198,31,32,16,-1,72,124,30,6,2,4,G2 Esports,G2 Esports,20.0,26.0,0.0,2.0
https://www.vlr.gg/596416/g2-esports-vs-cloud9-vct-2026-americas-kickoff-mr3,1,AllMaps,OXY,C9,Veto,0.95,219,37,37,3,0,65,141,39,6,6,0,G2 Esports,G2 Esports,20.0,26.0,0.0,2.0
https://www.vlr.gg/596416/g2-esports-vs-cloud9-vct-2026-americas-kickoff-mr3,1,AllMaps,Zellsis,C9,Sage,0.77,127,17,31,25,-14,70,84,12,0,5,-5,G2 Esports,G2 Esports,20.0,26.0,0.0,2.0
https://www.vlr.gg/596416/g2-esports-vs-cloud9-vct-2026-americas-kickoff-mr3,1,AllMaps,Xeppaa,C9,Fade,0.73,142,22,33,23,-11,63,89,33,4,4,0,G2 Esports,G2 Esports,20.0,26.0,0.0,2.0
https://www.vlr.gg/596416/g2-esports-vs-cloud9-vct-2026-americas-kickoff-mr3,2,Bind,BABYBAY,G2,Chamber,1.56,236,21,10,2,11,82,149,8,4,2,2,G2 Esports,G2 Esports,9.0,13.0,0.0,2.0
https://www.vlr.gg/596416/g2-esports-vs-cloud9-vct-2026-americas-kickoff-mr3,2,Bind,leaf,G2,Viper,1.37,237,20,11,5,9,82,150,25,0,1,-1,G2 Esports,G2 Esports,9.0,13.0,0.0,2.0
https://www.vlr.gg/596416/g2-esports-vs-cloud9-vct-2026-americas-kickoff-mr3,2,Bind,valyn,G2,Brimstone,1.27,258,19,16,10,3,77,162,26,4,0,4,G2 Esports,G2 Esports,9.0,13.0,0.0,2.0
https://www.vlr.gg/596416/g2-esports-vs-cloud9-vct-2026-americas-kickoff-mr3,2,Bind,trent,G2,Skye,0.76,140,10,16,11,-6,77,104,23,1,0,1,G2 Esports,G2 Esports,9.0,13.0,0.0,2.0
https://www.vlr.gg/596416/g2-esports-vs-cloud9-vct-2026-americas-kickoff-mr3,2,Bind,jawgemo,G2,Waylay,0.69,163,11,16,6,-5,73,114,16,4,6,-2,G2 Esports,G2 Esports,9.0,13.0,0.0,2.0
https://www.vlr.gg/596416/g2-esports-vs-cloud9-vct-2026-americas-kickoff-mr3,2,Bind,v1c,C9,Viper,1.31,240,20,15,4,5,77,152,35,4,1,3,G2 Esports,G2 Esports,9.0,13.0,0.0,2.0
https://www.vlr.gg/596416/g2-esports-vs-cloud9-vct-2026-americas-kickoff-mr3,2,Bind,OXY,C9,Chamber,0.99,234,18,18,2,0,64,149,38,2,3,-1,G2 Esports,G2 Esports,9.0,13.0,0.0,2.0
https://www.vlr.gg/596416/g2-esports-vs-cloud9-vct-2026-americas-kickoff-mr3,2,Bind,penny,C9,Raze,0.78,186,15,18,4,-3,64,119,32,2,5,-3,G2 Esports,G2 Esports,9.0,13.0,0.0,2.0
https://www.vlr.gg/596416/g2-esports-vs-cloud9-vct-2026-americas-kickoff-mr3,2,Bind,Xeppaa,C9,Skye,0.7,152,11,16,11,-5,64,95,38,1,1,0,G2 Esports,G2 Esports,9.0,13.0,0.0,2.0
https://www.vlr.gg/596416/g2-esports-vs-cloud9-vct-2026-americas-kickoff-mr3,2,Bind,Zellsis,C9,Brimstone,0.64,89,5,14,13,-9,73,65,12,0,3,-3,G2 Esports,G2 Esports,9.0,13.0,0.0,2.0
https://www.vlr.gg/596421/envy-vs-evil-geniuses-vct-2026-americas-kickoff-lr2,0,Pearl,Eggsterr,ENVY,Yoru,1.1,215,23,20,6,3,70,143,16,3,4,-1,Evil Geniuses,Evil Geniuses,14.0,16.0,0.0,2.0
https://www.vlr.gg/596421/envy-vs-evil-geniuses-vct-2026-americas-kickoff-lr2,0,Pearl,Demon1,ENVY,Astra,1.04,232,25,20,6,5,80,142,40,1,4,-3,Evil Geniuses,Evil Geniuses,14.0,16.0,0.0,2.0
https://www.vlr.gg/596421/envy-vs-evil-geniuses-vct-2026-americas-kickoff-lr2,0,Pearl,Rossy,ENVY,Killjoy,0.9,151,15,20,6,-5,63,107,30,0,1,-1,Evil Geniuses,Evil Geniuses,14.0,16.0,0.0,2.0
https://www.vlr.gg/596421/envy-vs-evil-geniuses-vct-2026-americas-kickoff-lr2,0,Pearl,P0PPIN,ENVY,Sova,0.77,171,16,20,9,-4,60,115,20,4,2,2,Evil Geniuses,Evil Geniuses,14.0,16.0,0.0,2.0
https://www.vlr.gg/596421/envy-vs-evil-geniuses-vct-2026-americas-kickoff-lr2,0,Pearl,keznit,ENVY,Neon,0.65,152,15,22,7,-7,63,92,23,4,7,-3,Evil Geniuses,Evil Geniuses,14.0,16.0,0.0,2.0
https://www.vlr.gg/596421/envy-vs-evil-geniuses-vct-2026-americas-kickoff-lr2,0,Pearl,bao,EG,Killjoy,1.5,267,30,17,6,13,67,197,23,1,2,-1,Evil Geniuses,ENVY,16.0,14.0,2.0,0.0
https://www.vlr.gg/596421/envy-vs-evil-geniuses-vct-2026-americas-kickoff-lr2,0,Pearl,dgzin,EG,Yoru,1.49,254,28,18,9,10,70,174,27,7,4,3,Evil Geniuses,ENVY,16.0,14.0,2.0,0.0
https://www.vlr.gg/596421/envy-vs-evil-geniuses-vct-2026-americas-kickoff-lr2,0,Pearl,C0M,EG,Sova,0.96,175,15,18,10,-3,77,118,14,2,1,1,Evil Geniuses,ENVY,16.0,14.0,2.0,0.0
https://www.vlr.gg/596421/envy-vs-evil-geniuses-vct-2026-americas-kickoff-lr2,0,Pearl,supamen,EG,Astra,0.95,135,14,20,19,-6,77,89,28,4,0,4,Evil Geniuses,ENVY,16.0,14.0,2.0,0.0
https://www.vlr.gg/596421/envy-vs-evil-geniuses-vct-2026-americas-kickoff-lr2,0,Pearl,Okeanos,EG,Waylay,0.69,139,15,21,8,-6,70,87,36,4,5,-1,Evil Geniuses,ENVY,16.0,14.0,2.0,0.0
https://www.vlr.gg/596421/envy-vs-evil-geniuses-vct-2026-americas-kickoff-lr2,1,AllMaps,Demon1,ENVY,Astra,0.96,186,35,34,7,1,75,128,38,1,6,-5,Evil Geniuses,Evil Geniuses,19.0,29.0,0.0,2.0
https://www.vlr.gg/596421/envy-vs-evil-geniuses-vct-2026-americas-kickoff-lr2,1,AllMaps,Eggsterr,ENVY,Yoru,0.94,196,32,36,13,-4,73,131,23,6,8,-2,Evil Geniuses,Evil Geniuses,19.0,29.0,0.0,2.0
https://www.vlr.gg/596421/envy-vs-evil-geniuses-vct-2026-americas-kickoff-lr2,1,AllMaps,Rossy,ENVY,Killjoy,0.81,145,23,35,14,-12,63,100,31,0,2,-2,Evil Geniuses,Evil Geniuses,19.0,29.0,0.0,2.0
https://www.vlr.gg/596421/envy-vs-evil-geniuses-vct-2026-americas-kickoff-lr2,1,AllMaps,keznit,ENVY,Neon,0.78,181,27,36,12,-9,65,105,19,7,8,-1,Evil Geniuses,Evil Geniuses,19.0,29.0,0.0,2.0
https://www.vlr.gg/596421/envy-vs-evil-geniuses-vct-2026-americas-kickoff-lr2,1,AllMaps,P0PPIN,ENVY,Sova,0.69,156,25,36,16,-11,60,100,27,6,4,2,Evil Geniuses,Evil Geniuses,19.0,29.0,0.0,2.0
https://www.vlr.gg/596421/envy-vs-evil-geniuses-vct-2026-americas-kickoff-lr2,1,AllMaps,dgzin,EG,Yoru,1.83,334,58,25,13,33,75,210,27,10,5,5,Evil Geniuses,ENVY,29.0,19.0,2.0,0.0
https://www.vlr.gg/596421/envy-vs-evil-geniuses-vct-2026-americas-kickoff-lr2,1,AllMaps,supamen,EG,Astra,1.35,256,39,28,23,11,83,157,33,8,1,7,Evil Geniuses,ENVY,29.0,19.0,2.0,0.0
https://www.vlr.gg/596421/envy-vs-evil-geniuses-vct-2026-americas-kickoff-lr2,1,AllMaps,bao,EG,Killjoy,1.06,169,34,30,17,4,69,142,23,1,5,-4,Evil Geniuses,ENVY,29.0,19.0,2.0,0.0
https://www.vlr.gg/596421/envy-vs-evil-geniuses-vct-2026-americas-kickoff-lr2,1,AllMaps,C0M,EG,Sova,0.92,178,24,29,15,-5,77,120,14,3,1,2,Evil Geniuses,ENVY,29.0,19.0,2.0,0.0
https://www.vlr.gg/596421/envy-vs-evil-geniuses-vct-2026-americas-kickoff-lr2,1,AllMaps,Okeanos,EG,Waylay,0.7,124,22,31,9,-9,69,80,39,6,8,-2,Evil Geniuses,ENVY,29.0,19.0,2.0,0.0
https://www.vlr.gg/596421/envy-vs-evil-geniuses-vct-2026-americas-kickoff-lr2,2,Corrode,keznit,ENVY,Waylay,0.99,209,12,14,5,-2,67,126,14,3,1,2,Evil Geniuses,Evil Geniuses,5.0,13.0,0.0,2.0
https://www.vlr.gg/596421/envy-vs-evil-geniuses-vct-2026-americas-kickoff-lr2,2,Corrode,Demon1,ENVY,Viper,0.84,140,10,14,1,-4,67,105,33,0,2,-2,Evil Geniuses,Evil Geniuses,5.0,13.0,0.0,2.0
https://www.vlr.gg/596421/envy-vs-evil-geniuses-vct-2026-americas-kickoff-lr2,2,Corrode,Eggsterr,ENVY,Yoru,0.67,176,9,16,7,-7,78,112,37,3,4,-1,Evil Geniuses,Evil Geniuses,5.0,13.0,0.0,2.0
https://www.vlr.gg/596421/envy-vs-evil-geniuses-vct-2026-americas-kickoff-lr2,2,Corrode,Rossy,ENVY,Omen,0.66,139,8,15,8,-7,61,88,33,0,1,-1,Evil Geniuses,Evil Geniuses,5.0,13.0,0.0,2.0
https://www.vlr.gg/596421/envy-vs-evil-geniuses-vct-2026-americas-kickoff-lr2,2,Corrode,P0PPIN,ENVY,Fade,0.54,140,9,16,7,-7,61,73,47,2,2,0,Evil Geniuses,Evil Geniuses,5.0,13.0,0.0,2.0
https://www.vlr.gg/596421/envy-vs-evil-geniuses-vct-2026-americas-kickoff-lr2,2,Corrode,dgzin,EG,Yoru,2.39,413,30,7,4,23,83,270,26,3,1,2,Evil Geniuses,ENVY,13.0,5.0,2.0,0.0
https://www.vlr.gg/596421/envy-vs-evil-geniuses-vct-2026-americas-kickoff-lr2,2,Corrode,supamen,EG,Viper,2.02,377,25,8,4,17,94,270,38,4,1,3,Evil Geniuses,ENVY,13.0,5.0,2.0,0.0
https://www.vlr.gg/596421/envy-vs-evil-geniuses-vct-2026-americas-kickoff-lr2,2,Corrode,C0M,EG,Sova,0.87,181,9,11,5,-2,78,123,14,1,0,1,Evil Geniuses,ENVY,13.0,5.0,2.0,0.0
https://www.vlr.gg/596421/envy-vs-evil-geniuses-vct-2026-americas-kickoff-lr2,2,Corrode,Okeanos,EG,Waylay,0.71,108,7,10,1,-3,67,68,47,2,3,-1,Evil Geniuses,ENVY,13.0,5.0,2.0,0.0
https://www.vlr.gg/596421/envy-vs-evil-geniuses-vct-2026-americas-kickoff-lr2,2,Corrode,bao,EG,Omen,0.34,70,4,13,11,-9,72,52,17,0,3,-3,Evil Geniuses,ENVY,13.0,5.0,2.0,0.0
https://www.vlr.gg/596422/sentinels-vs-leviat-n-vct-2026-americas-kickoff-lr2,0,Corrode,Reduxx,SEN,Waylay,1.17,176,15,12,4,3,78,121,16,4,6,-2,LEVIATÁN,Sentinels,13.0,10.0,2.0,0.0
https://www.vlr.gg/596422/sentinels-vs-leviat-n-vct-2026-americas-kickoff-lr2,0,Corrode,Kyu,SEN,Sova,1.15,237,18,16,5,2,65,157,26,3,2,1,LEVIATÁN,Sentinels,13.0,10.0,2.0,0.0
https://www.vlr.gg/596422/sentinels-vs-leviat-n-vct-2026-americas-kickoff-lr2,0,Corrode,N4RRATE,SEN,Neon,1.02,248,20,18,5,2,70,155,24,5,1,4,LEVIATÁN,Sentinels,13.0,10.0,2.0,0.0
https://www.vlr.gg/596422/sentinels-vs-leviat-n-vct-2026-americas-kickoff-lr2,0,Corrode,johnqt,SEN,Omen,0.79,126,9,15,15,-6,74,85,24,0,0,0,LEVIATÁN,Sentinels,13.0,10.0,2.0,0.0
https://www.vlr.gg/596422/sentinels-vs-leviat-n-vct-2026-americas-kickoff-lr2,0,Corrode,cortezia,SEN,Viper,0.73,139,12,18,2,-6,65,97,38,1,1,0,LEVIATÁN,Sentinels,13.0,10.0,2.0,0.0
https://www.vlr.gg/596422/sentinels-vs-leviat-n-vct-2026-americas-kickoff-lr2,0,Corrode,Sato,LEV,Waylay,1.3,286,23,18,5,5,65,166,17,4,4,0,LEVIATÁN,Sentinels,13.0,10.0,2.0,0.0
https://www.vlr.gg/596422/sentinels-vs-leviat-n-vct-2026-americas-kickoff-lr2,0,Corrode,blowz,LEV,Fade,1.14,167,14,11,5,3,61,101,23,0,2,-2,LEVIATÁN,Sentinels,13.0,10.0,2.0,0.0
https://www.vlr.gg/596422/sentinels-vs-leviat-n-vct-2026-americas-kickoff-lr2,0,Corrode,spike,LEV,Viper,1.01,224,16,15,10,1,78,159,42,2,3,-1,LEVIATÁN,Sentinels,13.0,10.0,2.0,0.0
https://www.vlr.gg/596422/sentinels-vs-leviat-n-vct-2026-americas-kickoff-lr2,0,Corrode,Neon,LEV,Chamber,0.84,154,14,14,3,0,65,107,19,2,3,-1,LEVIATÁN,Sentinels,13.0,10.0,2.0,0.0
https://www.vlr.gg/596422/sentinels-vs-leviat-n-vct-2026-americas-kickoff-lr2,0,Corrode,kiNgg,LEV,Omen,0.77,143,12,16,5,-4,65,78,36,2,1,1,LEVIATÁN,Sentinels,13.0,10.0,2.0,0.0
https://www.vlr.gg/596422/sentinels-vs-leviat-n-vct-2026-americas-kickoff-lr2,1,AllMaps,N4RRATE,SEN,Neon,1.08,248,41,38,7,3,71,155,23,13,5,8,LEVIATÁN,Sentinels,27.0,22.0,2.0,0.0
https://www.vlr.gg/596422/sentinels-vs-leviat-n-vct-2026-americas-kickoff-lr2,1,AllMaps,Reduxx,SEN,Waylay,1.0,184,33,30,6,3,69,122,26,6,10,-4,LEVIATÁN,Sentinels,27.0,22.0,2.0,0.0
https://www.vlr.gg/596422/sentinels-vs-leviat-n-vct-2026-americas-kickoff-lr2,1,AllMaps,Kyu,SEN,Sova,0.92,183,30,33,14,-3,65,115,25,3,6,-3,LEVIATÁN,Sentinels,27.0,22.0,2.0,0.0
https://www.vlr.gg/596422/sentinels-vs-leviat-n-vct-2026-americas-kickoff-lr2,1,AllMaps,cortezia,SEN,Viper,0.85,174,32,37,5,-5,61,120,38,2,4,-2,LEVIATÁN,Sentinels,27.0,22.0,2.0,0.0
https://www.vlr.gg/596422/sentinels-vs-leviat-n-vct-2026-americas-kickoff-lr2,1,AllMaps,johnqt,SEN,Omen,0.71,108,16,32,20,-16,67,74,23,0,0,0,LEVIATÁN,Sentinels,27.0,22.0,2.0,0.0
https://www.vlr.gg/596422/sentinels-vs-leviat-n-vct-2026-americas-kickoff-lr2,1,AllMaps,Sato,LEV,Waylay,1.08,240,41,36,12,5,71,142,24,7,11,-4,LEVIATÁN,Sentinels,27.0,22.0,2.0,0.0
https://www.vlr.gg/596422/sentinels-vs-leviat-n-vct-2026-americas-kickoff-lr2,1,AllMaps,kiNgg,LEV,Omen,1.06,197,36,31,13,5,71,122,44,5,3,2,LEVIATÁN,Sentinels,27.0,22.0,2.0,0.0
https://www.vlr.gg/596422/sentinels-vs-leviat-n-vct-2026-americas-kickoff-lr2,1,AllMaps,blowz,LEV,Fade,1.02,156,28,25,13,3,67,101,28,0,2,-2,LEVIATÁN,Sentinels,27.0,22.0,2.0,0.0
https://www.vlr.gg/596422/sentinels-vs-leviat-n-vct-2026-americas-kickoff-lr2,1,AllMaps,Neon,LEV,Chamber,1.01,171,32,28,7,4,67,114,25,9,4,5,LEVIATÁN,Sentinels,27.0,22.0,2.0,0.0
https://www.vlr.gg/596422/sentinels-vs-leviat-n-vct-2026-americas-kickoff-lr2,1,AllMaps,spike,LEV,Viper,1.01,214,33,32,19,1,80,150,36,4,4,0,LEVIATÁN,Sentinels,27.0,22.0,2.0,0.0
https://www.vlr.gg/596422/sentinels-vs-leviat-n-vct-2026-americas-kickoff-lr2,2,Bind,N4RRATE,SEN,Chamber,1.14,248,21,20,2,1,73,154,21,8,4,4,LEVIATÁN,Sentinels,14.0,12.0,2.0,0.0
https://www.vlr.gg/596422/sentinels-vs-leviat-n-vct-2026-americas-kickoff-lr2,2,Bind,cortezia,SEN,Viper,0.95,209,20,19,3,1,58,141,38,1,3,-2,LEVIATÁN,Sentinels,14.0,12.0,2.0,0.0
https://www.vlr.gg/596422/sentinels-vs-leviat-n-vct-2026-americas-kickoff-lr2,2,Bind,Reduxx,SEN,Waylay,0.85,191,18,18,2,0,62,123,32,2,4,-2,LEVIATÁN,Sentinels,14.0,12.0,2.0,0.0
https://www.vlr.gg/596422/sentinels-vs-leviat-n-vct-2026-americas-kickoff-lr2,2,Bind,Kyu,SEN,Skye,0.71,129,12,17,9,-5,65,77,24,0,4,-4,LEVIATÁN,Sentinels,14.0,12.0,2.0,0.0
https://www.vlr.gg/596422/sentinels-vs-leviat-n-vct-2026-americas-kickoff-lr2,2,Bind,johnqt,SEN,Brimstone,0.64,89,7,17,5,-10,62,64,23,0,0,0,LEVIATÁN,Sentinels,14.0,12.0,2.0,0.0
https://www.vlr.gg/596422/sentinels-vs-leviat-n-vct-2026-americas-kickoff-lr2,2,Bind,kiNgg,LEV,Brimstone,1.32,250,24,15,8,9,77,160,48,3,2,1,LEVIATÁN,Sentinels,14.0,12.0,2.0,0.0
https://www.vlr.gg/596422/sentinels-vs-leviat-n-vct-2026-americas-kickoff-lr2,2,Bind,Neon,LEV,Yoru,1.16,188,18,14,4,4,69,121,31,7,1,6,LEVIATÁN,Sentinels,14.0,12.0,2.0,0.0
https://www.vlr.gg/596422/sentinels-vs-leviat-n-vct-2026-americas-kickoff-lr2,2,Bind,spike,LEV,Viper,1.01,203,17,17,9,0,81,142,31,2,1,1,LEVIATÁN,Sentinels,14.0,12.0,2.0,0.0
https://www.vlr.gg/596422/sentinels-vs-leviat-n-vct-2026-americas-kickoff-lr2,2,Bind,blowz,LEV,Fade,0.92,144,14,14,8,0,73,101,34,0,0,0,LEVIATÁN,Sentinels,14.0,12.0,2.0,0.0
https://www.vlr.gg/596422/sentinels-vs-leviat-n-vct-2026-americas-kickoff-lr2,2,Bind,Sato,LEV,Waylay,0.88,194,18,18,7,0,77,121,34,3,7,-4,LEVIATÁN,Sentinels,14.0,12.0,2.0,0.0
https://www.vlr.gg/596417/nrg-vs-g2-esports-vct-2026-americas-kickoff-mr4,0,Pearl,keiko,NRG,Killjoy,1.18,252,14,14,2,0,75,188,38,1,0,1,G2 Esports,G2 Esports,3.0,13.0,0.0,2.0
https://www.vlr.gg/596417/nrg-vs-g2-esports-vct-2026-americas-kickoff-mr4,0,Pearl,skuba,NRG,Astra,1.12,230,13,14,7,-1,81,132,52,0,1,-1,G2 Esports,G2 Esports,3.0,13.0,0.0,2.0
https://www.vlr.gg/596417/nrg-vs-g2-esports-vct-2026-americas-kickoff-mr4,0,Pearl,mada,NRG,Waylay,0.56,181,10,15,5,-5,75,105,33,1,6,-5,G2 Esports,G2 Esports,3.0,13.0,0.0,2.0
https://www.vlr.gg/596417/nrg-vs-g2-esports-vct-2026-americas-kickoff-mr4,0,Pearl,Ethan,NRG,Tejo,0.47,168,7,16,4,-9,56,115,26,3,3,0,G2 Esports,G2 Esports,3.0,13.0,0.0,2.0
https://www.vlr.gg/596417/nrg-vs-g2-esports-vct-2026-americas-kickoff-mr4,0,Pearl,brawk,NRG,Sova,0.22,82,2,15,6,-13,50,67,6,0,1,-1,G2 Esports,G2 Esports,3.0,13.0,0.0,2.0
https://www.vlr.gg/596417/nrg-vs-g2-esports-vct-2026-americas-kickoff-mr4,0,Pearl,trent,G2,Sova,1.67,256,18,6,7,12,88,162,19,0,0,0,G2 Esports,NRG,13.0,3.0,2.0,0.0
https://www.vlr.gg/596417/nrg-vs-g2-esports-vct-2026-americas-kickoff-mr4,0,Pearl,BABYBAY,G2,Yoru,1.54,241,15,7,8,8,88,169,30,1,0,1,G2 Esports,NRG,13.0,3.0,2.0,0.0
https://www.vlr.gg/596417/nrg-vs-g2-esports-vct-2026-americas-kickoff-mr4,0,Pearl,jawgemo,G2,Phoenix,1.33,323,17,13,12,4,81,205,24,6,1,5,G2 Esports,NRG,13.0,3.0,2.0,0.0
https://www.vlr.gg/596417/nrg-vs-g2-esports-vct-2026-americas-kickoff-mr4,0,Pearl,valyn,G2,Astra,1.27,217,14,9,5,5,81,152,28,1,1,0,G2 Esports,NRG,13.0,3.0,2.0,0.0
https://www.vlr.gg/596417/nrg-vs-g2-esports-vct-2026-americas-kickoff-mr4,0,Pearl,leaf,G2,Veto,0.89,176,10,11,5,-1,75,125,19,3,3,0,G2 Esports,NRG,13.0,3.0,2.0,0.0
https://www.vlr.gg/596417/nrg-vs-g2-esports-vct-2026-americas-kickoff-mr4,1,AllMaps,keiko,NRG,Killjoy,1.06,230,30,30,9,0,76,147,40,2,1,1,G2 Esports,G2 Esports,11.0,26.0,0.0,2.0
https://www.vlr.gg/596417/nrg-vs-g2-esports-vct-2026-americas-kickoff-mr4,1,AllMaps,skuba,NRG,Astra,0.91,193,23,30,11,-7,70,120,29,1,5,-4,G2 Esports,G2 Esports,11.0,26.0,0.0,2.0
https://www.vlr.gg/596417/nrg-vs-g2-esports-vct-2026-americas-kickoff-mr4,1,AllMaps,mada,NRG,Waylay,0.74,185,24,32,9,-8,68,115,37,3,12,-9,G2 Esports,G2 Esports,11.0,26.0,0.0,2.0
https://www.vlr.gg/596417/nrg-vs-g2-esports-vct-2026-americas-kickoff-mr4,1,AllMaps,Ethan,NRG,Tejo,0.6,143,15,33,9,-18,59,90,21,5,4,1,G2 Esports,G2 Esports,11.0,26.0,0.0,2.0
https://www.vlr.gg/596417/nrg-vs-g2-esports-vct-2026-americas-kickoff-mr4,1,AllMaps,brawk,NRG,Sova,0.57,119,12,31,12,-19,46,98,17,1,3,-2,G2 Esports,G2 Esports,11.0,26.0,0.0,2.0
https://www.vlr.gg/596417/nrg-vs-g2-esports-vct-2026-americas-kickoff-mr4,1,AllMaps,valyn,G2,Astra,1.42,233,32,18,17,14,84,162,29,3,1,2,G2 Esports,NRG,26.0,11.0,2.0,0.0
https://www.vlr.gg/596417/nrg-vs-g2-esports-vct-2026-americas-kickoff-mr4,1,AllMaps,jawgemo,G2,Phoenix,1.39,308,40,25,17,15,81,182,18,11,3,8,G2 Esports,NRG,26.0,11.0,2.0,0.0
https://www.vlr.gg/596417/nrg-vs-g2-esports-vct-2026-americas-kickoff-mr4,1,AllMaps,BABYBAY,G2,Yoru,1.32,250,35,21,13,14,78,159,20,8,2,6,G2 Esports,NRG,26.0,11.0,2.0,0.0
https://www.vlr.gg/596417/nrg-vs-g2-esports-vct-2026-americas-kickoff-mr4,1,AllMaps,trent,G2,Sova,1.29,208,31,16,11,15,86,131,25,0,1,-1,G2 Esports,NRG,26.0,11.0,2.0,0.0
https://www.vlr.gg/596417/nrg-vs-g2-esports-vct-2026-americas-kickoff-mr4,1,AllMaps,leaf,G2,Veto,0.76,148,18,24,9,-6,70,101,21,3,5,-2,G2 Esports,NRG,26.0,11.0,2.0,0.0
https://www.vlr.gg/596417/nrg-vs-g2-esports-vct-2026-americas-kickoff-mr4,2,Split,keiko,NRG,Astra,0.98,208,16,16,7,0,76,116,43,1,1,0,G2 Esports,G2 Esports,8.0,13.0,0.0,2.0
https://www.vlr.gg/596417/nrg-vs-g2-esports-vct-2026-americas-kickoff-mr4,2,Split,mada,NRG,Waylay,0.87,188,14,17,4,-3,62,123,42,2,6,-4,G2 Esports,G2 Esports,8.0,13.0,0.0,2.0
https://www.vlr.gg/596417/nrg-vs-g2-esports-vct-2026-americas-kickoff-mr4,2,Split,brawk,NRG,Tejo,0.83,156,10,16,6,-6,43,121,22,1,2,-1,G2 Esports,G2 Esports,8.0,13.0,0.0,2.0
https://www.vlr.gg/596417/nrg-vs-g2-esports-vct-2026-americas-kickoff-mr4,2,Split,skuba,NRG,Viper,0.75,156,10,16,4,-6,62,110,13,1,4,-3,G2 Esports,G2 Esports,8.0,13.0,0.0,2.0
https://www.vlr.gg/596417/nrg-vs-g2-esports-vct-2026-americas-kickoff-mr4,2,Split,Ethan,NRG,Skye,0.7,117,8,17,5,-9,62,71,15,2,1,1,G2 Esports,G2 Esports,8.0,13.0,0.0,2.0
https://www.vlr.gg/596417/nrg-vs-g2-esports-vct-2026-americas-kickoff-mr4,2,Split,valyn,G2,Astra,1.54,249,18,9,12,9,86,170,30,2,0,2,G2 Esports,NRG,13.0,8.0,2.0,0.0
https://www.vlr.gg/596417/nrg-vs-g2-esports-vct-2026-americas-kickoff-mr4,2,Split,jawgemo,G2,Neon,1.43,293,23,12,5,11,81,165,16,5,2,3,G2 Esports,NRG,13.0,8.0,2.0,0.0
https://www.vlr.gg/596417/nrg-vs-g2-esports-vct-2026-americas-kickoff-mr4,2,Split,BABYBAY,G2,Waylay,1.16,259,20,14,5,6,71,151,13,7,2,5,G2 Esports,NRG,13.0,8.0,2.0,0.0
https://www.vlr.gg/596417/nrg-vs-g2-esports-vct-2026-americas-kickoff-mr4,2,Split,trent,G2,Fade,1.01,160,13,10,4,3,86,108,34,0,1,-1,G2 Esports,NRG,13.0,8.0,2.0,0.0
https://www.vlr.gg/596417/nrg-vs-g2-esports-vct-2026-americas-kickoff-mr4,2,Split,leaf,G2,Viper,0.67,119,8,13,4,-5,67,83,24,0,2,-2,G2 Esports,NRG,13.0,8.0,2.0,0.0
https://www.vlr.gg/596423/100-thieves-vs-evil-geniuses-vct-2026-americas-kickoff-lr3,0,Haven,Cryocells,100T,Veto,1.18,219,20,14,1,6,67,154,33,1,3,-2,100 Thieves,100 Thieves,11.0,13.0,0.0,2.0
https://www.vlr.gg/596423/100-thieves-vs-evil-geniuses-vct-2026-americas-kickoff-lr3,0,Haven,vora,100T,Fade,1.08,190,14,16,9,-2,71,131,27,2,2,0,100 Thieves,100 Thieves,11.0,13.0,0.0,2.0
https://www.vlr.gg/596423/100-thieves-vs-evil-geniuses-vct-2026-americas-kickoff-lr3,0,Haven,bang,100T,Viper,0.93,187,16,18,7,-2,67,118,22,2,5,-3,100 Thieves,100 Thieves,11.0,13.0,0.0,2.0
https://www.vlr.gg/596423/100-thieves-vs-evil-geniuses-vct-2026-americas-kickoff-lr3,0,Haven,Timotino,100T,Neon,0.93,202,16,18,6,-2,63,126,45,5,2,3,100 Thieves,100 Thieves,11.0,13.0,0.0,2.0
https://www.vlr.gg/596423/100-thieves-vs-evil-geniuses-vct-2026-americas-kickoff-lr3,0,Haven,Asuna,100T,Omen,0.73,112,9,15,8,-6,42,70,18,0,2,-2,100 Thieves,100 Thieves,11.0,13.0,0.0,2.0
https://www.vlr.gg/596423/100-thieves-vs-evil-geniuses-vct-2026-americas-kickoff-lr3,0,Haven,C0M,EG,Sova,1.15,199,18,13,6,5,63,116,22,4,2,2,100 Thieves,100 Thieves,11.0,13.0,0.0,2.0
https://www.vlr.gg/596423/100-thieves-vs-evil-geniuses-vct-2026-americas-kickoff-lr3,0,Haven,dgzin,EG,Neon,1.11,245,22,17,2,5,67,163,19,5,5,0,100 Thieves,100 Thieves,11.0,13.0,0.0,2.0
https://www.vlr.gg/596423/100-thieves-vs-evil-geniuses-vct-2026-americas-kickoff-lr3,0,Haven,Okeanos,EG,Omen,0.97,162,14,15,9,-1,58,101,31,2,2,0,100 Thieves,100 Thieves,11.0,13.0,0.0,2.0
https://www.vlr.gg/596423/100-thieves-vs-evil-geniuses-vct-2026-americas-kickoff-lr3,0,Haven,supamen,EG,Viper,0.93,197,16,17,7,-1,75,139,37,2,1,1,100 Thieves,100 Thieves,11.0,13.0,0.0,2.0
https://www.vlr.gg/596423/100-thieves-vs-evil-geniuses-vct-2026-americas-kickoff-lr3,0,Haven,bao,EG,Killjoy,0.87,146,11,13,6,-2,79,106,32,1,0,1,100 Thieves,100 Thieves,11.0,13.0,0.0,2.0
https://www.vlr.gg/596423/100-thieves-vs-evil-geniuses-vct-2026-americas-kickoff-lr3,1,AllMaps,Cryocells,100T,Veto,1.31,239,47,31,2,16,71,156,29,9,8,1,100 Thieves,100 Thieves,24.0,28.0,0.0,2.0
https://www.vlr.gg/596423/100-thieves-vs-evil-geniuses-vct-2026-americas-kickoff-lr3,1,AllMaps,vora,100T,Fade,1.01,176,30,35,22,-5,65,113,25,2,2,0,100 Thieves,100 Thieves,24.0,28.0,0.0,2.0
https://www.vlr.gg/596423/100-thieves-vs-evil-geniuses-vct-2026-americas-kickoff-lr3,1,AllMaps,Asuna,100T,Omen,0.98,164,28,32,23,-4,63,111,24,2,3,-1,100 Thieves,100 Thieves,24.0,28.0,0.0,2.0
https://www.vlr.gg/596423/100-thieves-vs-evil-geniuses-vct-2026-americas-kickoff-lr3,1,AllMaps,Timotino,100T,Neon,0.96,211,37,41,15,-4,62,138,36,8,7,1,100 Thieves,100 Thieves,24.0,28.0,0.0,2.0
https://www.vlr.gg/596423/100-thieves-vs-evil-geniuses-vct-2026-americas-kickoff-lr3,1,AllMaps,bang,100T,Viper,0.86,157,28,36,12,-8,67,100,24,4,7,-3,100 Thieves,100 Thieves,24.0,28.0,0.0,2.0
https://www.vlr.gg/596423/100-thieves-vs-evil-geniuses-vct-2026-americas-kickoff-lr3,1,AllMaps,dgzin,EG,Neon,1.23,257,51,34,5,17,73,174,30,13,9,4,100 Thieves,100 Thieves,24.0,28.0,0.0,2.0
https://www.vlr.gg/596423/100-thieves-vs-evil-geniuses-vct-2026-americas-kickoff-lr3,1,AllMaps,Okeanos,EG,Omen,0.98,188,35,34,16,1,67,115,34,5,3,2,100 Thieves,100 Thieves,24.0,28.0,0.0,2.0
https://www.vlr.gg/596423/100-thieves-vs-evil-geniuses-vct-2026-americas-kickoff-lr3,1,AllMaps,supamen,EG,Viper,0.92,175,31,35,17,-4,73,118,39,3,4,-1,100 Thieves,100 Thieves,24.0,28.0,0.0,2.0
https://www.vlr.gg/596423/100-thieves-vs-evil-geniuses-vct-2026-americas-kickoff-lr3,1,AllMaps,C0M,EG,Sova,0.89,163,31,33,14,-2,63,101,22,5,4,1,100 Thieves,100 Thieves,24.0,28.0,0.0,2.0
https://www.vlr.gg/596423/100-thieves-vs-evil-geniuses-vct-2026-americas-kickoff-lr3,1,AllMaps,bao,EG,Killjoy,0.87,169,27,34,19,-7,75,124,32,1,5,-4,100 Thieves,100 Thieves,24.0,28.0,0.0,2.0
https://www.vlr.gg/596423/100-thieves-vs-evil-geniuses-vct-2026-americas-kickoff-lr3,2,Bind,Cryocells,100T,Chamber,1.42,259,27,17,1,10,75,158,25,8,5,3,100 Thieves,100 Thieves,13.0,15.0,0.0,2.0
https://www.vlr.gg/596423/100-thieves-vs-evil-geniuses-vct-2026-americas-kickoff-lr3,2,Bind,Asuna,100T,Brimstone,1.2,216,19,17,15,2,82,147,27,2,1,1,100 Thieves,100 Thieves,13.0,15.0,0.0,2.0
https://www.vlr.gg/596423/100-thieves-vs-evil-geniuses-vct-2026-americas-kickoff-lr3,2,Bind,Timotino,100T,Waylay,0.98,219,21,23,9,-2,61,148,31,3,5,-2,100 Thieves,100 Thieves,13.0,15.0,0.0,2.0
https://www.vlr.gg/596423/100-thieves-vs-evil-geniuses-vct-2026-americas-kickoff-lr3,2,Bind,vora,100T,Skye,0.95,162,16,19,13,-3,61,98,25,0,0,0,100 Thieves,100 Thieves,13.0,15.0,0.0,2.0
https://www.vlr.gg/596423/100-thieves-vs-evil-geniuses-vct-2026-americas-kickoff-lr3,2,Bind,bang,100T,Viper,0.8,127,12,18,5,-6,68,83,29,2,2,0,100 Thieves,100 Thieves,13.0,15.0,0.0,2.0
https://www.vlr.gg/596423/100-thieves-vs-evil-geniuses-vct-2026-americas-kickoff-lr3,2,Bind,dgzin,EG,Yoru,1.32,268,29,17,3,12,79,183,41,8,4,4,100 Thieves,100 Thieves,13.0,15.0,0.0,2.0
https://www.vlr.gg/596423/100-thieves-vs-evil-geniuses-vct-2026-americas-kickoff-lr3,2,Bind,Okeanos,EG,Waylay,1.0,214,21,19,7,2,75,127,37,3,1,2,100 Thieves,100 Thieves,13.0,15.0,0.0,2.0
https://www.vlr.gg/596423/100-thieves-vs-evil-geniuses-vct-2026-americas-kickoff-lr3,2,Bind,supamen,EG,Viper,0.91,152,15,18,10,-3,71,100,41,1,3,-2,100 Thieves,100 Thieves,13.0,15.0,0.0,2.0
https://www.vlr.gg/596423/100-thieves-vs-evil-geniuses-vct-2026-americas-kickoff-lr3,2,Bind,bao,EG,Brimstone,0.86,192,16,21,13,-5,71,139,32,0,5,-5,100 Thieves,100 Thieves,13.0,15.0,0.0,2.0
https://www.vlr.gg/596423/100-thieves-vs-evil-geniuses-vct-2026-americas-kickoff-lr3,2,Bind,C0M,EG,Fade,0.66,126,13,20,8,-7,64,88,21,1,2,-1,100 Thieves,100 Thieves,13.0,15.0,0.0,2.0
https://www.vlr.gg/596424/cloud9-vs-leviat-n-vct-2026-americas-kickoff-lr3,0,Bind,v1c,C9,Viper,1.92,328,23,7,5,16,94,199,43,2,1,1,Cloud9,Cloud9,5.0,13.0,0.0,2.0
https://www.vlr.gg/596424/cloud9-vs-leviat-n-vct-2026-americas-kickoff-lr3,0,Bind,Zellsis,C9,Brimstone,1.26,249,17,10,5,7,67,150,41,2,1,1,Cloud9,Cloud9,5.0,13.0,0.0,2.0
https://www.vlr.gg/596424/cloud9-vs-leviat-n-vct-2026-americas-kickoff-lr3,0,Bind,OXY,C9,Chamber,1.15,211,14,9,1,5,61,116,17,6,3,3,Cloud9,Cloud9,5.0,13.0,0.0,2.0
https://www.vlr.gg/596424/cloud9-vs-leviat-n-vct-2026-americas-kickoff-lr3,0,Bind,penny,C9,Raze,0.86,157,9,11,6,-2,61,121,22,2,1,1,Cloud9,Cloud9,5.0,13.0,0.0,2.0
https://www.vlr.gg/596424/cloud9-vs-leviat-n-vct-2026-americas-kickoff-lr3,0,Bind,Xeppaa,C9,Skye,0.71,99,5,10,8,-5,72,69,10,0,0,0,Cloud9,Cloud9,5.0,13.0,0.0,2.0
https://www.vlr.gg/596424/cloud9-vs-leviat-n-vct-2026-americas-kickoff-lr3,0,Bind,blowz,LEV,Fade,1.06,191,12,13,3,-1,61,115,33,3,0,3,Cloud9,Cloud9,5.0,13.0,0.0,2.0
https://www.vlr.gg/596424/cloud9-vs-leviat-n-vct-2026-americas-kickoff-lr3,0,Bind,kiNgg,LEV,Brimstone,0.88,185,11,14,1,-3,56,119,16,0,1,-1,Cloud9,Cloud9,5.0,13.0,0.0,2.0
https://www.vlr.gg/596424/cloud9-vs-leviat-n-vct-2026-americas-kickoff-lr3,0,Bind,spike,LEV,Viper,0.87,193,11,13,3,-2,72,130,25,0,3,-3,Cloud9,Cloud9,5.0,13.0,0.0,2.0
https://www.vlr.gg/596424/cloud9-vs-leviat-n-vct-2026-americas-kickoff-lr3,0,Bind,Neon,LEV,Yoru,0.74,169,10,14,3,-4,78,115,19,3,2,1,Cloud9,Cloud9,5.0,13.0,0.0,2.0
https://www.vlr.gg/596424/cloud9-vs-leviat-n-vct-2026-americas-kickoff-lr3,0,Bind,Sato,LEV,Waylay,0.19,59,3,14,4,-11,39,46,15,0,6,-6,Cloud9,Cloud9,5.0,13.0,0.0,2.0
https://www.vlr.gg/596424/cloud9-vs-leviat-n-vct-2026-americas-kickoff-lr3,1,AllMaps,v1c,C9,Viper,1.66,259,39,14,12,25,89,167,37,2,2,0,Cloud9,Cloud9,12.0,26.0,0.0,2.0
https://www.vlr.gg/596424/cloud9-vs-leviat-n-vct-2026-americas-kickoff-lr3,1,AllMaps,OXY,C9,Chamber,1.24,252,34,24,5,10,68,154,11,12,4,8,Cloud9,Cloud9,12.0,26.0,0.0,2.0
https://www.vlr.gg/596424/cloud9-vs-leviat-n-vct-2026-americas-kickoff-lr3,1,AllMaps,Zellsis,C9,Brimstone,1.16,216,31,22,14,9,68,127,28,3,3,0,Cloud9,Cloud9,12.0,26.0,0.0,2.0
https://www.vlr.gg/596424/cloud9-vs-leviat-n-vct-2026-americas-kickoff-lr3,1,AllMaps,penny,C9,Raze,0.89,169,23,23,14,0,68,119,23,5,6,-1,Cloud9,Cloud9,12.0,26.0,0.0,2.0
https://www.vlr.gg/596424/cloud9-vs-leviat-n-vct-2026-americas-kickoff-lr3,1,AllMaps,Xeppaa,C9,Skye,0.87,147,18,22,15,-4,76,101,16,0,1,-1,Cloud9,Cloud9,12.0,26.0,0.0,2.0
https://www.vlr.gg/596424/cloud9-vs-leviat-n-vct-2026-americas-kickoff-lr3,1,AllMaps,kiNgg,LEV,Brimstone,1.15,204,28,27,4,1,61,130,28,3,1,2,Cloud9,Cloud9,12.0,26.0,0.0,2.0
https://www.vlr.gg/596424/cloud9-vs-leviat-n-vct-2026-americas-kickoff-lr3,1,AllMaps,Neon,LEV,Yoru,1.01,202,26,28,5,-2,74,142,28,6,6,0,Cloud9,Cloud9,12.0,26.0,0.0,2.0
https://www.vlr.gg/596424/cloud9-vs-leviat-n-vct-2026-americas-kickoff-lr3,1,AllMaps,blowz,LEV,Fade,0.85,176,23,29,4,-6,55,109,27,4,0,4,Cloud9,Cloud9,12.0,26.0,0.0,2.0
https://www.vlr.gg/596424/cloud9-vs-leviat-n-vct-2026-americas-kickoff-lr3,1,AllMaps,spike,LEV,Viper,0.63,162,19,31,6,-12,63,108,25,2,7,-5,Cloud9,Cloud9,12.0,26.0,0.0,2.0
https://www.vlr.gg/596424/cloud9-vs-leviat-n-vct-2026-americas-kickoff-lr3,1,AllMaps,Sato,LEV,Waylay,0.32,71,9,30,8,-21,53,57,24,1,8,-7,Cloud9,Cloud9,12.0,26.0,0.0,2.0
https://www.vlr.gg/596424/cloud9-vs-leviat-n-vct-2026-americas-kickoff-lr3,2,Breeze,v1c,C9,Astra,1.43,189,16,7,7,9,85,139,29,0,1,-1,Cloud9,Cloud9,7.0,13.0,0.0,2.0
https://www.vlr.gg/596424/cloud9-vs-leviat-n-vct-2026-americas-kickoff-lr3,2,Breeze,OXY,C9,Jett,1.32,292,20,15,4,5,75,189,10,6,1,5,Cloud9,Cloud9,7.0,13.0,0.0,2.0
https://www.vlr.gg/596424/cloud9-vs-leviat-n-vct-2026-americas-kickoff-lr3,2,Breeze,Zellsis,C9,Kayo,1.07,182,14,12,9,2,70,107,17,1,2,-1,Cloud9,Cloud9,7.0,13.0,0.0,2.0
https://www.vlr.gg/596424/cloud9-vs-leviat-n-vct-2026-americas-kickoff-lr3,2,Breeze,Xeppaa,C9,Sova,1.01,195,13,12,7,1,80,130,20,0,1,-1,Cloud9,Cloud9,7.0,13.0,0.0,2.0
https://www.vlr.gg/596424/cloud9-vs-leviat-n-vct-2026-americas-kickoff-lr3,2,Breeze,penny,C9,Viper,0.91,180,14,12,8,2,75,117,24,3,5,-2,Cloud9,Cloud9,7.0,13.0,0.0,2.0
https://www.vlr.gg/596424/cloud9-vs-leviat-n-vct-2026-americas-kickoff-lr3,2,Breeze,kiNgg,LEV,Astra,1.39,223,17,13,3,4,65,139,39,3,0,3,Cloud9,Cloud9,7.0,13.0,0.0,2.0
https://www.vlr.gg/596424/cloud9-vs-leviat-n-vct-2026-americas-kickoff-lr3,2,Breeze,Neon,LEV,Jett,1.26,234,16,14,2,2,70,167,36,3,4,-1,Cloud9,Cloud9,7.0,13.0,0.0,2.0
https://www.vlr.gg/596424/cloud9-vs-leviat-n-vct-2026-americas-kickoff-lr3,2,Breeze,blowz,LEV,Sova,0.66,161,11,16,1,-5,50,103,21,1,0,1,Cloud9,Cloud9,7.0,13.0,0.0,2.0
https://www.vlr.gg/596424/cloud9-vs-leviat-n-vct-2026-americas-kickoff-lr3,2,Breeze,Sato,LEV,Yoru,0.43,83,6,16,4,-10,65,68,29,1,2,-1,Cloud9,Cloud9,7.0,13.0,0.0,2.0
https://www.vlr.gg/596424/cloud9-vs-leviat-n-vct-2026-americas-kickoff-lr3,2,Breeze,spike,LEV,Viper,0.41,131,8,18,3,-10,55,88,26,2,4,-2,Cloud9,Cloud9,7.0,13.0,0.0,2.0
https://www.vlr.gg/596408/mibr-vs-furia-vct-2026-americas-kickoff-ubf,0,Bind,Mazino,MIBR,Brimstone,1.2,227,17,13,7,4,71,148,19,2,1,1,MIBR,FURIA,13.0,8.0,2.0,3.0
https://www.vlr.gg/596408/mibr-vs-furia-vct-2026-americas-kickoff-ubf,0,Bind,zekken,MIBR,Yoru,1.19,173,13,9,5,4,86,101,29,3,1,2,MIBR,FURIA,13.0,8.0,2.0,3.0
https://www.vlr.gg/596408/mibr-vs-furia-vct-2026-americas-kickoff-ubf,0,Bind,tex,MIBR,Viper,1.14,238,16,15,9,1,76,151,20,3,2,1,MIBR,FURIA,13.0,8.0,2.0,3.0
https://www.vlr.gg/596408/mibr-vs-furia-vct-2026-americas-kickoff-ubf,0,Bind,Verno,MIBR,Fade,1.04,184,14,12,7,2,86,104,25,3,1,2,MIBR,FURIA,13.0,8.0,2.0,3.0
https://www.vlr.gg/596408/mibr-vs-furia-vct-2026-americas-kickoff-ubf,0,Bind,aspas,MIBR,Raze,0.8,152,12,13,2,-1,57,123,17,3,2,1,MIBR,FURIA,13.0,8.0,2.0,3.0
https://www.vlr.gg/596408/mibr-vs-furia-vct-2026-americas-kickoff-ubf,0,Bind,eeiu,FUR,Fade,1.46,234,17,11,4,6,62,149,32,1,2,-1,MIBR,MIBR,8.0,13.0,3.0,2.0
https://www.vlr.gg/596408/mibr-vs-furia-vct-2026-americas-kickoff-ubf,0,Bind,nerve,FUR,Viper,1.03,181,12,14,12,-2,76,128,30,1,0,1,MIBR,MIBR,8.0,13.0,3.0,2.0
https://www.vlr.gg/596408/mibr-vs-furia-vct-2026-americas-kickoff-ubf,0,Bind,koalanoob,FUR,Yoru,0.93,193,15,16,1,-1,57,115,26,3,3,0,MIBR,MIBR,8.0,13.0,3.0,2.0
https://www.vlr.gg/596408/mibr-vs-furia-vct-2026-americas-kickoff-ubf,0,Bind,alym,FUR,Waylay,0.62,148,11,16,4,-5,52,93,26,2,6,-4,MIBR,MIBR,8.0,13.0,3.0,2.0
https://www.vlr.gg/596408/mibr-vs-furia-vct-2026-americas-kickoff-ubf,0,Bind,artzin,FUR,Brimstone,0.4,111,7,15,9,-8,71,82,36,0,3,-3,MIBR,MIBR,8.0,13.0,3.0,2.0
https://www.vlr.gg/596408/mibr-vs-furia-vct-2026-americas-kickoff-ubf,1,AllMaps,Mazino,MIBR,Brimstone,1.13,227,79,70,34,9,73,150,24,9,8,1,FURIA,FURIA,53.0,49.0,2.0,3.0
https://www.vlr.gg/596408/mibr-vs-furia-vct-2026-americas-kickoff-ubf,1,AllMaps,zekken,MIBR,Yoru,1.09,224,77,63,27,14,78,136,27,19,12,7,FURIA,FURIA,53.0,49.0,2.0,3.0
https://www.vlr.gg/596408/mibr-vs-furia-vct-2026-americas-kickoff-ubf,1,AllMaps,aspas,MIBR,Raze,0.96,191,72,64,10,8,68,124,24,13,16,-3,FURIA,FURIA,53.0,49.0,2.0,3.0
https://www.vlr.gg/596408/mibr-vs-furia-vct-2026-americas-kickoff-ubf,1,AllMaps,tex,MIBR,Viper,0.95,192,69,67,19,2,73,125,29,10,6,4,FURIA,FURIA,53.0,49.0,2.0,3.0
https://www.vlr.gg/596408/mibr-vs-furia-vct-2026-americas-kickoff-ubf,1,AllMaps,Verno,MIBR,Fade,0.93,164,57,60,30,-3,80,112,22,5,4,1,FURIA,FURIA,53.0,49.0,2.0,3.0
https://www.vlr.gg/596408/mibr-vs-furia-vct-2026-americas-kickoff-ubf,1,AllMaps,koalanoob,FUR,Yoru,1.09,225,83,75,22,8,73,135,25,18,19,-1,FURIA,MIBR,49.0,53.0,3.0,2.0
https://www.vlr.gg/596408/mibr-vs-furia-vct-2026-americas-kickoff-ubf,1,AllMaps,eeiu,FUR,Fade,1.01,163,60,65,24,-5,67,109,23,4,6,-2,FURIA,MIBR,49.0,53.0,3.0,2.0
https://www.vlr.gg/596408/mibr-vs-furia-vct-2026-americas-kickoff-ubf,1,AllMaps,artzin,FUR,Brimstone,0.93,172,59,66,34,-7,76,117,29,5,8,-3,FURIA,MIBR,49.0,53.0,3.0,2.0
https://www.vlr.gg/596408/mibr-vs-furia-vct-2026-americas-kickoff-ubf,1,AllMaps,nerve,FUR,Viper,0.89,162,59,72,29,-13,69,112,20,6,3,3,FURIA,MIBR,49.0,53.0,3.0,2.0
https://www.vlr.gg/596408/mibr-vs-furia-vct-2026-americas-kickoff-ubf,1,AllMaps,alym,FUR,Waylay,0.83,177,63,76,22,-13,66,119,27,13,20,-7,FURIA,MIBR,49.0,53.0,3.0,2.0
https://www.vlr.gg/596408/mibr-vs-furia-vct-2026-americas-kickoff-ubf,2,Abyss,Mazino,MIBR,Kayo,0.99,190,13,15,4,-2,52,129,43,3,4,-1,FURIA,FURIA,8.0,13.0,2.0,3.0
https://www.vlr.gg/596408/mibr-vs-furia-vct-2026-americas-kickoff-ubf,2,Abyss,tex,MIBR,Astra,0.93,197,15,14,4,1,76,117,38,2,2,0,FURIA,FURIA,8.0,13.0,2.0,3.0
https://www.vlr.gg/596408/mibr-vs-furia-vct-2026-americas-kickoff-ubf,2,Abyss,aspas,MIBR,Jett,0.92,182,14,13,1,1,67,116,26,1,2,-1,FURIA,FURIA,8.0,13.0,2.0,3.0
https://www.vlr.gg/596408/mibr-vs-furia-vct-2026-americas-kickoff-ubf,2,Abyss,Verno,MIBR,Sova,0.87,164,12,14,4,-2,71,131,26,0,0,0,FURIA,FURIA,8.0,13.0,2.0,3.0
https://www.vlr.gg/596408/mibr-vs-furia-vct-2026-americas-kickoff-ubf,2,Abyss,zekken,MIBR,Omen,0.58,170,11,17,5,-6,71,120,22,2,5,-3,FURIA,FURIA,8.0,13.0,2.0,3.0
https://www.vlr.gg/596408/mibr-vs-furia-vct-2026-americas-kickoff-ubf,2,Abyss,koalanoob,FUR,Omen,1.47,308,23,14,7,9,90,185,23,7,3,4,FURIA,MIBR,13.0,8.0,3.0,2.0
https://www.vlr.gg/596408/mibr-vs-furia-vct-2026-americas-kickoff-ubf,2,Abyss,alym,FUR,Waylay,1.12,191,14,13,7,1,81,127,27,3,1,2,FURIA,MIBR,13.0,8.0,3.0,2.0
https://www.vlr.gg/596408/mibr-vs-furia-vct-2026-americas-kickoff-ubf,2,Abyss,artzin,FUR,Astra,1.03,186,14,12,3,2,76,111,31,2,2,0,FURIA,MIBR,13.0,8.0,3.0,2.0
https://www.vlr.gg/596408/mibr-vs-furia-vct-2026-americas-kickoff-ubf,2,Abyss,nerve,FUR,Tejo,1.02,199,16,14,4,2,76,121,12,1,1,0,FURIA,MIBR,13.0,8.0,3.0,2.0
https://www.vlr.gg/596408/mibr-vs-furia-vct-2026-americas-kickoff-ubf,2,Abyss,eeiu,FUR,Sova,0.79,95,6,12,8,-6,81,75,11,0,1,-1,FURIA,MIBR,13.0,8.0,3.0,2.0
https://www.vlr.gg/596408/mibr-vs-furia-vct-2026-americas-kickoff-ubf,3,Haven,Mazino,MIBR,Viper,1.09,252,21,18,3,3,67,168,16,2,1,1,FURIA,FURIA,11.0,13.0,2.0,3.0
https://www.vlr.gg/596408/mibr-vs-furia-vct-2026-americas-kickoff-ubf,3,Haven,zekken,MIBR,Omen,1.07,206,16,13,5,3,79,129,32,3,4,-1,FURIA,FURIA,11.0,13.0,2.0,3.0
https://www.vlr.gg/596408/mibr-vs-furia-vct-2026-americas-kickoff-ubf,3,Haven,tex,MIBR,Killjoy,0.87,196,16,16,2,0,67,129,33,1,1,0,FURIA,FURIA,11.0,13.0,2.0,3.0
https://www.vlr.gg/596408/mibr-vs-furia-vct-2026-americas-kickoff-ubf,3,Haven,Verno,MIBR,Sova,0.82,153,13,15,4,-2,79,108,21,1,2,-1,FURIA,FURIA,11.0,13.0,2.0,3.0
https://www.vlr.gg/596408/mibr-vs-furia-vct-2026-americas-kickoff-ubf,3,Haven,aspas,MIBR,Neon,0.55,121,11,17,4,-6,58,79,29,4,5,-1,FURIA,FURIA,11.0,13.0,2.0,3.0
https://www.vlr.gg/596408/mibr-vs-furia-vct-2026-americas-kickoff-ubf,3,Haven,artzin,FUR,Killjoy,1.31,180,16,11,6,5,75,133,29,1,1,0,FURIA,MIBR,13.0,11.0,3.0,2.0
https://www.vlr.gg/596408/mibr-vs-furia-vct-2026-americas-kickoff-ubf,3,Haven,alym,FUR,Neon,1.21,238,19,17,6,2,75,155,27,5,3,2,FURIA,MIBR,13.0,11.0,3.0,2.0
https://www.vlr.gg/596408/mibr-vs-furia-vct-2026-americas-kickoff-ubf,3,Haven,nerve,FUR,Viper,1.01,171,14,17,6,-3,71,115,15,3,0,3,FURIA,MIBR,13.0,11.0,3.0,2.0
https://www.vlr.gg/596408/mibr-vs-furia-vct-2026-americas-kickoff-ubf,3,Haven,eeiu,FUR,Sova,0.98,151,14,14,9,0,58,100,22,1,1,0,FURIA,MIBR,13.0,11.0,3.0,2.0
https://www.vlr.gg/596408/mibr-vs-furia-vct-2026-americas-kickoff-ubf,3,Haven,koalanoob,FUR,Omen,0.85,187,16,18,7,-2,67,111,38,3,6,-3,FURIA,MIBR,13.0,11.0,3.0,2.0
https://www.vlr.gg/596408/mibr-vs-furia-vct-2026-americas-kickoff-ubf,4,Breeze,aspas,MIBR,Jett,1.81,295,18,6,1,12,80,188,32,2,2,0,MIBR,FURIA,13.0,2.0,2.0,3.0
https://www.vlr.gg/596408/mibr-vs-furia-vct-2026-americas-kickoff-ubf,4,Breeze,zekken,MIBR,Yoru,1.6,302,17,8,6,9,87,170,27,5,1,4,MIBR,FURIA,13.0,2.0,2.0,3.0
https://www.vlr.gg/596408/mibr-vs-furia-vct-2026-americas-kickoff-ubf,4,Breeze,Verno,MIBR,Sova,1.39,180,9,5,8,4,100,123,50,1,0,1,MIBR,FURIA,13.0,2.0,2.0,3.0
https://www.vlr.gg/596408/mibr-vs-furia-vct-2026-americas-kickoff-ubf,4,Breeze,Mazino,MIBR,Astra,1.26,248,14,10,7,4,93,165,50,1,1,0,MIBR,FURIA,13.0,2.0,2.0,3.0
https://www.vlr.gg/596408/mibr-vs-furia-vct-2026-americas-kickoff-ubf,4,Breeze,tex,MIBR,Viper,1.12,160,9,6,2,3,73,120,42,2,0,2,MIBR,FURIA,13.0,2.0,2.0,3.0
https://www.vlr.gg/596408/mibr-vs-furia-vct-2026-americas-kickoff-ubf,4,Breeze,koalanoob,FUR,Jett,0.78,204,11,14,2,-3,60,123,28,2,4,-2,MIBR,MIBR,2.0,13.0,3.0,2.0
https://www.vlr.gg/596408/mibr-vs-furia-vct-2026-americas-kickoff-ubf,4,Breeze,artzin,FUR,Astra,0.68,158,7,12,5,-5,80,100,35,0,0,0,MIBR,MIBR,2.0,13.0,3.0,2.0
https://www.vlr.gg/596408/mibr-vs-furia-vct-2026-americas-kickoff-ubf,4,Breeze,eeiu,FUR,Sova,0.63,138,7,14,2,-7,67,86,38,0,1,-1,MIBR,MIBR,2.0,13.0,3.0,2.0
https://www.vlr.gg/596408/mibr-vs-furia-vct-2026-americas-kickoff-ubf,4,Breeze,nerve,FUR,Viper,0.33,91,3,13,4,-10,47,69,21,0,0,0,MIBR,MIBR,2.0,13.0,3.0,2.0
https://www.vlr.gg/596408/mibr-vs-furia-vct-2026-americas-kickoff-ubf,4,Breeze,alym,FUR,Yoru,0.26,119,7,14,1,-7,47,76,27,2,6,-4,MIBR,MIBR,2.0,13.0,3.0,2.0
https://www.vlr.gg/596408/mibr-vs-furia-vct-2026-americas-kickoff-ubf,5,Split,zekken,MIBR,Yoru,1.18,267,20,16,6,4,71,172,24,6,1,5,FURIA,FURIA,8.0,13.0,2.0,3.0
https://www.vlr.gg/596408/mibr-vs-furia-vct-2026-americas-kickoff-ubf,5,Split,Mazino,MIBR,Omen,1.15,217,14,14,13,0,86,143,16,1,1,0,FURIA,FURIA,8.0,13.0,2.0,3.0
https://www.vlr.gg/596408/mibr-vs-furia-vct-2026-americas-kickoff-ubf,5,Split,aspas,MIBR,Raze,1.0,204,17,15,2,2,81,136,21,3,5,-2,FURIA,FURIA,8.0,13.0,2.0,3.0
https://www.vlr.gg/596408/mibr-vs-furia-vct-2026-americas-kickoff-ubf,5,Split,tex,MIBR,Viper,0.73,169,13,16,2,-3,71,104,21,2,1,1,FURIA,FURIA,8.0,13.0,2.0,3.0
https://www.vlr.gg/596408/mibr-vs-furia-vct-2026-americas-kickoff-ubf,5,Split,Verno,MIBR,Fade,0.69,141,9,14,7,-5,71,101,10,0,1,-1,FURIA,FURIA,8.0,13.0,2.0,3.0
https://www.vlr.gg/596408/mibr-vs-furia-vct-2026-americas-kickoff-ubf,5,Split,koalanoob,FUR,Yoru,1.38,235,18,13,5,5,86,140,17,3,3,0,FURIA,MIBR,13.0,8.0,3.0,2.0
https://www.vlr.gg/596408/mibr-vs-furia-vct-2026-americas-kickoff-ubf,5,Split,artzin,FUR,Omen,1.09,224,15,16,11,-1,81,151,23,2,2,0,FURIA,MIBR,13.0,8.0,3.0,2.0
https://www.vlr.gg/596408/mibr-vs-furia-vct-2026-americas-kickoff-ubf,5,Split,eeiu,FUR,Fade,1.06,195,16,14,1,2,67,131,19,2,1,1,FURIA,MIBR,13.0,8.0,3.0,2.0
https://www.vlr.gg/596408/mibr-vs-furia-vct-2026-americas-kickoff-ubf,5,Split,nerve,FUR,Viper,0.86,168,14,14,3,0,67,113,23,1,2,-1,FURIA,MIBR,13.0,8.0,3.0,2.0
https://www.vlr.gg/596408/mibr-vs-furia-vct-2026-americas-kickoff-ubf,5,Split,alym,FUR,Waylay,0.74,191,12,16,4,-4,67,124,29,1,4,-3,FURIA,MIBR,13.0,8.0,3.0,2.0
https://www.vlr.gg/596425/100-thieves-vs-cloud9-vct-2026-americas-kickoff-lr4,0,Pearl,bang,100T,Astra,1.55,246,24,14,10,10,88,174,41,1,0,1,100 Thieves,100 Thieves,12.0,14.0,1.0,2.0
https://www.vlr.gg/596425/100-thieves-vs-cloud9-vct-2026-americas-kickoff-lr4,0,Pearl,Asuna,100T,Kayo,1.04,178,15,17,18,-2,85,111,22,0,1,-1,100 Thieves,100 Thieves,12.0,14.0,1.0,2.0
https://www.vlr.gg/596425/100-thieves-vs-cloud9-vct-2026-americas-kickoff-lr4,0,Pearl,vora,100T,Fade,0.91,192,17,20,12,-3,69,138,19,1,3,-2,100 Thieves,100 Thieves,12.0,14.0,1.0,2.0
https://www.vlr.gg/596425/100-thieves-vs-cloud9-vct-2026-americas-kickoff-lr4,0,Pearl,Cryocells,100T,Veto,0.9,205,19,20,4,-1,77,137,23,6,3,3,100 Thieves,100 Thieves,12.0,14.0,1.0,2.0
https://www.vlr.gg/596425/100-thieves-vs-cloud9-vct-2026-americas-kickoff-lr4,0,Pearl,Timotino,100T,Waylay,0.85,211,18,22,9,-4,73,148,19,7,4,3,100 Thieves,100 Thieves,12.0,14.0,1.0,2.0
https://www.vlr.gg/596425/100-thieves-vs-cloud9-vct-2026-americas-kickoff-lr4,0,Pearl,OXY,C9,Chamber,1.22,252,25,16,2,9,69,163,20,6,5,1,100 Thieves,100 Thieves,12.0,14.0,1.0,2.0
https://www.vlr.gg/596425/100-thieves-vs-cloud9-vct-2026-americas-kickoff-lr4,0,Pearl,Xeppaa,C9,Tejo,1.07,230,23,20,4,3,81,155,26,2,1,1,100 Thieves,100 Thieves,12.0,14.0,1.0,2.0
https://www.vlr.gg/596425/100-thieves-vs-cloud9-vct-2026-americas-kickoff-lr4,0,Pearl,v1c,C9,Astra,0.96,198,17,17,10,0,81,122,17,0,1,-1,100 Thieves,100 Thieves,12.0,14.0,1.0,2.0
https://www.vlr.gg/596425/100-thieves-vs-cloud9-vct-2026-americas-kickoff-lr4,0,Pearl,Zellsis,C9,Kayo,0.93,157,14,18,20,-4,85,86,19,2,3,-1,100 Thieves,100 Thieves,12.0,14.0,1.0,2.0
https://www.vlr.gg/596425/100-thieves-vs-cloud9-vct-2026-americas-kickoff-lr4,0,Pearl,penny,C9,Neon,0.63,152,14,22,7,-8,69,105,23,1,5,-4,100 Thieves,100 Thieves,12.0,14.0,1.0,2.0
https://www.vlr.gg/596425/100-thieves-vs-cloud9-vct-2026-americas-kickoff-lr4,1,AllMaps,bang,100T,Astra,1.41,218,54,36,27,18,88,150,34,3,1,2,100 Thieves,100 Thieves,27.0,38.0,1.0,2.0
https://www.vlr.gg/596425/100-thieves-vs-cloud9-vct-2026-americas-kickoff-lr4,1,AllMaps,vora,100T,Fade,1.08,227,48,46,24,2,72,146,27,5,7,-2,100 Thieves,100 Thieves,27.0,38.0,1.0,2.0
https://www.vlr.gg/596425/100-thieves-vs-cloud9-vct-2026-americas-kickoff-lr4,1,AllMaps,Asuna,100T,Kayo,1.07,179,39,42,44,-3,88,113,19,0,6,-6,100 Thieves,100 Thieves,27.0,38.0,1.0,2.0
https://www.vlr.gg/596425/100-thieves-vs-cloud9-vct-2026-americas-kickoff-lr4,1,AllMaps,Timotino,100T,Waylay,0.97,219,48,50,17,-2,74,150,24,16,9,7,100 Thieves,100 Thieves,27.0,38.0,1.0,2.0
https://www.vlr.gg/596425/100-thieves-vs-cloud9-vct-2026-americas-kickoff-lr4,1,AllMaps,Cryocells,100T,Veto,0.94,191,46,47,10,-1,77,123,18,11,7,4,100 Thieves,100 Thieves,27.0,38.0,1.0,2.0
https://www.vlr.gg/596425/100-thieves-vs-cloud9-vct-2026-americas-kickoff-lr4,1,AllMaps,OXY,C9,Chamber,1.22,251,62,45,7,17,74,163,24,16,9,7,100 Thieves,100 Thieves,27.0,38.0,1.0,2.0
https://www.vlr.gg/596425/100-thieves-vs-cloud9-vct-2026-americas-kickoff-lr4,1,AllMaps,v1c,C9,Astra,1.11,226,52,44,24,8,85,147,24,6,5,1,100 Thieves,100 Thieves,27.0,38.0,1.0,2.0
https://www.vlr.gg/596425/100-thieves-vs-cloud9-vct-2026-americas-kickoff-lr4,1,AllMaps,Xeppaa,C9,Tejo,0.94,201,48,49,16,-1,77,139,26,3,2,1,100 Thieves,100 Thieves,27.0,38.0,1.0,2.0
https://www.vlr.gg/596425/100-thieves-vs-cloud9-vct-2026-americas-kickoff-lr4,1,AllMaps,Zellsis,C9,Kayo,0.76,135,30,47,37,-17,75,83,19,3,7,-4,100 Thieves,100 Thieves,27.0,38.0,1.0,2.0
https://www.vlr.gg/596425/100-thieves-vs-cloud9-vct-2026-americas-kickoff-lr4,1,AllMaps,penny,C9,Neon,0.52,124,29,51,13,-22,66,88,15,2,12,-10,100 Thieves,100 Thieves,27.0,38.0,1.0,2.0
https://www.vlr.gg/596425/100-thieves-vs-cloud9-vct-2026-americas-kickoff-lr4,2,Split,bang,100T,Omen,1.34,229,20,15,5,5,83,151,36,2,1,1,Cloud9,100 Thieves,13.0,11.0,1.0,2.0
https://www.vlr.gg/596425/100-thieves-vs-cloud9-vct-2026-americas-kickoff-lr4,2,Split,Timotino,100T,Waylay,0.96,209,16,18,5,-2,71,144,26,6,3,3,Cloud9,100 Thieves,13.0,11.0,1.0,2.0
https://www.vlr.gg/596425/100-thieves-vs-cloud9-vct-2026-americas-kickoff-lr4,2,Split,Asuna,100T,Sage,0.94,182,14,19,11,-5,88,112,15,0,4,-4,Cloud9,100 Thieves,13.0,11.0,1.0,2.0
https://www.vlr.gg/596425/100-thieves-vs-cloud9-vct-2026-americas-kickoff-lr4,2,Split,Cryocells,100T,Viper,0.79,164,15,20,3,-5,71,101,12,1,2,-1,Cloud9,100 Thieves,13.0,11.0,1.0,2.0
https://www.vlr.gg/596425/100-thieves-vs-cloud9-vct-2026-americas-kickoff-lr4,2,Split,vora,100T,Skye,0.75,158,12,20,9,-8,63,113,38,2,3,-1,Cloud9,100 Thieves,13.0,11.0,1.0,2.0
https://www.vlr.gg/596425/100-thieves-vs-cloud9-vct-2026-americas-kickoff-lr4,2,Split,v1c,C9,Omen,1.51,310,26,14,8,12,92,199,32,5,3,2,Cloud9,100 Thieves,13.0,11.0,1.0,2.0
https://www.vlr.gg/596425/100-thieves-vs-cloud9-vct-2026-americas-kickoff-lr4,2,Split,OXY,C9,Chamber,1.45,267,25,14,3,11,83,172,17,6,0,6,Cloud9,100 Thieves,13.0,11.0,1.0,2.0
https://www.vlr.gg/596425/100-thieves-vs-cloud9-vct-2026-americas-kickoff-lr4,2,Split,Xeppaa,C9,Skye,1.01,220,18,17,11,1,83,137,29,1,0,1,Cloud9,100 Thieves,13.0,11.0,1.0,2.0
https://www.vlr.gg/596425/100-thieves-vs-cloud9-vct-2026-americas-kickoff-lr4,2,Split,Zellsis,C9,Viper,0.77,156,12,16,11,-4,75,97,16,1,4,-3,Cloud9,100 Thieves,13.0,11.0,1.0,2.0
https://www.vlr.gg/596425/100-thieves-vs-cloud9-vct-2026-americas-kickoff-lr4,2,Split,penny,C9,Raze,0.56,137,11,16,4,-5,75,88,13,0,4,-4,Cloud9,100 Thieves,13.0,11.0,1.0,2.0
https://www.vlr.gg/596425/100-thieves-vs-cloud9-vct-2026-americas-kickoff-lr4,3,Abyss,vora,100T,Tejo,1.91,330,19,6,3,13,93,211,30,2,1,1,100 Thieves,100 Thieves,2.0,13.0,1.0,2.0
https://www.vlr.gg/596425/100-thieves-vs-cloud9-vct-2026-americas-kickoff-lr4,3,Abyss,Asuna,100T,Kayo,1.33,178,10,6,15,4,93,119,20,0,1,-1,100 Thieves,100 Thieves,2.0,13.0,1.0,2.0
https://www.vlr.gg/596425/100-thieves-vs-cloud9-vct-2026-americas-kickoff-lr4,3,Abyss,bang,100T,Astra,1.29,179,10,7,12,3,93,106,17,0,0,0,100 Thieves,100 Thieves,2.0,13.0,1.0,2.0
https://www.vlr.gg/596425/100-thieves-vs-cloud9-vct-2026-americas-kickoff-lr4,3,Abyss,Cryocells,100T,Chamber,1.23,204,12,7,3,5,87,134,19,4,2,2,100 Thieves,100 Thieves,2.0,13.0,1.0,2.0
https://www.vlr.gg/596425/100-thieves-vs-cloud9-vct-2026-americas-kickoff-lr4,3,Abyss,Timotino,100T,Waylay,1.18,238,14,10,3,4,80,162,30,3,2,1,100 Thieves,100 Thieves,2.0,13.0,1.0,2.0
https://www.vlr.gg/596425/100-thieves-vs-cloud9-vct-2026-americas-kickoff-lr4,3,Abyss,OXY,C9,Jett,0.83,235,12,15,2,-3,67,150,39,4,4,0,100 Thieves,100 Thieves,2.0,13.0,1.0,2.0
https://www.vlr.gg/596425/100-thieves-vs-cloud9-vct-2026-americas-kickoff-lr4,3,Abyss,v1c,C9,Astra,0.72,170,9,13,6,-4,80,105,24,1,1,0,100 Thieves,100 Thieves,2.0,13.0,1.0,2.0
https://www.vlr.gg/596425/100-thieves-vs-cloud9-vct-2026-americas-kickoff-lr4,3,Abyss,Xeppaa,C9,Sova,0.58,153,7,12,1,-5,60,115,22,0,1,-1,100 Thieves,100 Thieves,2.0,13.0,1.0,2.0
https://www.vlr.gg/596425/100-thieves-vs-cloud9-vct-2026-americas-kickoff-lr4,3,Abyss,Zellsis,C9,Breach,0.47,91,4,13,6,-9,60,55,25,0,0,0,100 Thieves,100 Thieves,2.0,13.0,1.0,2.0
https://www.vlr.gg/596425/100-thieves-vs-cloud9-vct-2026-americas-kickoff-lr4,3,Abyss,penny,C9,Waylay,0.27,83,4,13,2,-9,47,59,5,1,3,-2,100 Thieves,100 Thieves,2.0,13.0,1.0,2.0
https://www.vlr.gg/596418/mibr-vs-g2-esports-vct-2026-americas-kickoff-mbf,0,Breeze,Verno,MIBR,Sova,1.15,217,14,14,4,0,68,151,34,1,2,-1,G2 Esports,G2 Esports,6.0,13.0,0.0,3.0
https://www.vlr.gg/596418/mibr-vs-g2-esports-vct-2026-americas-kickoff-mbf,0,Breeze,zekken,MIBR,Yoru,0.9,157,9,14,5,-5,74,109,22,2,2,0,G2 Esports,G2 Esports,6.0,13.0,0.0,3.0
https://www.vlr.gg/596418/mibr-vs-g2-esports-vct-2026-americas-kickoff-mbf,0,Breeze,Mazino,MIBR,Astra,0.7,158,11,14,4,-3,58,99,28,0,0,0,G2 Esports,G2 Esports,6.0,13.0,0.0,3.0
https://www.vlr.gg/596418/mibr-vs-g2-esports-vct-2026-americas-kickoff-mbf,0,Breeze,tex,MIBR,Viper,0.67,168,11,17,2,-6,63,113,52,2,4,-2,G2 Esports,G2 Esports,6.0,13.0,0.0,3.0
https://www.vlr.gg/596418/mibr-vs-g2-esports-vct-2026-americas-kickoff-mbf,0,Breeze,aspas,MIBR,Jett,0.57,144,10,16,2,-6,47,87,59,3,3,0,G2 Esports,G2 Esports,6.0,13.0,0.0,3.0
https://www.vlr.gg/596418/mibr-vs-g2-esports-vct-2026-americas-kickoff-mbf,0,Breeze,valyn,G2,Astra,1.96,337,25,7,10,18,100,223,26,1,0,1,G2 Esports,MIBR,13.0,6.0,3.0,0.0
https://www.vlr.gg/596418/mibr-vs-g2-esports-vct-2026-americas-kickoff-mbf,0,Breeze,BABYBAY,G2,Yoru,1.01,170,11,11,4,0,79,120,23,5,2,3,G2 Esports,MIBR,13.0,6.0,3.0,0.0
https://www.vlr.gg/596418/mibr-vs-g2-esports-vct-2026-americas-kickoff-mbf,0,Breeze,jawgemo,G2,Neon,0.94,274,17,17,4,0,68,178,31,5,3,2,G2 Esports,MIBR,13.0,6.0,3.0,0.0
https://www.vlr.gg/596418/mibr-vs-g2-esports-vct-2026-americas-kickoff-mbf,0,Breeze,leaf,G2,Viper,0.94,145,12,10,2,2,68,87,32,0,1,-1,G2 Esports,MIBR,13.0,6.0,3.0,0.0
https://www.vlr.gg/596418/mibr-vs-g2-esports-vct-2026-americas-kickoff-mbf,0,Breeze,trent,G2,Sova,0.89,147,10,10,4,0,79,115,63,0,2,-2,G2 Esports,MIBR,13.0,6.0,3.0,0.0
https://www.vlr.gg/596418/mibr-vs-g2-esports-vct-2026-americas-kickoff-mbf,1,AllMaps,zekken,MIBR,Yoru,1.1,227,42,43,20,-1,79,150,32,4,8,-4,G2 Esports,G2 Esports,17.0,39.0,0.0,3.0
https://www.vlr.gg/596418/mibr-vs-g2-esports-vct-2026-americas-kickoff-mbf,1,AllMaps,Verno,MIBR,Sova,1.07,220,43,43,11,0,77,142,33,5,5,0,G2 Esports,G2 Esports,17.0,39.0,0.0,3.0
https://www.vlr.gg/596418/mibr-vs-g2-esports-vct-2026-americas-kickoff-mbf,1,AllMaps,Mazino,MIBR,Astra,0.87,197,38,45,16,-7,57,130,27,2,5,-3,G2 Esports,G2 Esports,17.0,39.0,0.0,3.0
https://www.vlr.gg/596418/mibr-vs-g2-esports-vct-2026-americas-kickoff-mbf,1,AllMaps,aspas,MIBR,Jett,0.55,151,29,49,7,-20,61,100,28,6,5,1,G2 Esports,G2 Esports,17.0,39.0,0.0,3.0
https://www.vlr.gg/596418/mibr-vs-g2-esports-vct-2026-americas-kickoff-mbf,1,AllMaps,tex,MIBR,Viper,0.55,143,26,50,11,-24,61,101,35,4,12,-8,G2 Esports,G2 Esports,17.0,39.0,0.0,3.0
https://www.vlr.gg/596418/mibr-vs-g2-esports-vct-2026-americas-kickoff-mbf,1,AllMaps,valyn,G2,Astra,1.54,310,65,33,20,32,88,198,29,6,1,5,G2 Esports,MIBR,39.0,17.0,3.0,0.0
https://www.vlr.gg/596418/mibr-vs-g2-esports-vct-2026-americas-kickoff-mbf,1,AllMaps,BABYBAY,G2,Yoru,1.17,216,43,34,12,9,77,139,17,10,5,5,G2 Esports,MIBR,39.0,17.0,3.0,0.0
https://www.vlr.gg/596418/mibr-vs-g2-esports-vct-2026-americas-kickoff-mbf,1,AllMaps,trent,G2,Sova,1.12,195,41,32,17,9,75,126,34,6,3,3,G2 Esports,MIBR,39.0,17.0,3.0,0.0
https://www.vlr.gg/596418/mibr-vs-g2-esports-vct-2026-americas-kickoff-mbf,1,AllMaps,leaf,G2,Viper,1.07,176,40,33,11,7,75,124,28,2,4,-2,G2 Esports,MIBR,39.0,17.0,3.0,0.0
https://www.vlr.gg/596418/mibr-vs-g2-esports-vct-2026-americas-kickoff-mbf,1,AllMaps,jawgemo,G2,Neon,0.84,217,41,46,17,-5,73,140,25,11,8,3,G2 Esports,MIBR,39.0,17.0,3.0,0.0
https://www.vlr.gg/596418/mibr-vs-g2-esports-vct-2026-americas-kickoff-mbf,2,Haven,zekken,MIBR,Omen,1.31,275,16,14,8,2,82,173,40,1,2,-1,G2 Esports,G2 Esports,4.0,13.0,0.0,3.0
https://www.vlr.gg/596418/mibr-vs-g2-esports-vct-2026-americas-kickoff-mbf,2,Haven,Verno,MIBR,Sova,1.27,251,16,13,3,3,82,150,26,2,2,0,G2 Esports,G2 Esports,4.0,13.0,0.0,3.0
https://www.vlr.gg/596418/mibr-vs-g2-esports-vct-2026-americas-kickoff-mbf,2,Haven,aspas,MIBR,Neon,0.58,181,9,16,4,-7,65,137,11,1,1,0,G2 Esports,G2 Esports,4.0,13.0,0.0,3.0
https://www.vlr.gg/596418/mibr-vs-g2-esports-vct-2026-americas-kickoff-mbf,2,Haven,tex,MIBR,Killjoy,0.51,129,6,15,5,-9,65,92,26,1,5,-4,G2 Esports,G2 Esports,4.0,13.0,0.0,3.0
https://www.vlr.gg/596418/mibr-vs-g2-esports-vct-2026-americas-kickoff-mbf,2,Haven,Mazino,MIBR,Viper,0.36,104,4,16,7,-12,47,80,12,1,1,0,G2 Esports,G2 Esports,4.0,13.0,0.0,3.0
https://www.vlr.gg/596418/mibr-vs-g2-esports-vct-2026-americas-kickoff-mbf,2,Haven,valyn,G2,Astra,1.6,357,23,11,5,12,88,227,32,3,1,2,G2 Esports,MIBR,13.0,4.0,3.0,0.0
https://www.vlr.gg/596418/mibr-vs-g2-esports-vct-2026-americas-kickoff-mbf,2,Haven,BABYBAY,G2,Chamber,1.5,257,16,8,3,8,82,150,15,4,1,3,G2 Esports,MIBR,13.0,4.0,3.0,0.0
https://www.vlr.gg/596418/mibr-vs-g2-esports-vct-2026-americas-kickoff-mbf,2,Haven,trent,G2,Fade,1.24,227,15,9,4,6,76,139,29,2,0,2,G2 Esports,MIBR,13.0,4.0,3.0,0.0
https://www.vlr.gg/596418/mibr-vs-g2-esports-vct-2026-americas-kickoff-mbf,2,Haven,leaf,G2,Yoru,0.95,177,11,11,6,0,88,142,31,0,1,-1,G2 Esports,MIBR,13.0,4.0,3.0,0.0
https://www.vlr.gg/596418/mibr-vs-g2-esports-vct-2026-americas-kickoff-mbf,2,Haven,jawgemo,G2,Phoenix,0.6,143,9,12,4,-3,65,91,11,2,3,-1,G2 Esports,MIBR,13.0,4.0,3.0,0.0
https://www.vlr.gg/596418/mibr-vs-g2-esports-vct-2026-americas-kickoff-mbf,3,Corrode,Mazino,MIBR,Kayo,1.45,328,23,15,5,8,65,203,36,1,4,-3,G2 Esports,G2 Esports,7.0,13.0,0.0,3.0
https://www.vlr.gg/596418/mibr-vs-g2-esports-vct-2026-americas-kickoff-mbf,3,Corrode,zekken,MIBR,Omen,1.11,248,17,15,7,2,80,168,32,1,4,-3,G2 Esports,G2 Esports,7.0,13.0,0.0,3.0
https://www.vlr.gg/596418/mibr-vs-g2-esports-vct-2026-americas-kickoff-mbf,3,Corrode,Verno,MIBR,Sova,0.83,193,13,16,4,-3,80,125,39,2,1,1,G2 Esports,G2 Esports,7.0,13.0,0.0,3.0
https://www.vlr.gg/596418/mibr-vs-g2-esports-vct-2026-americas-kickoff-mbf,3,Corrode,aspas,MIBR,Waylay,0.49,127,10,17,1,-7,70,80,36,2,1,1,G2 Esports,G2 Esports,7.0,13.0,0.0,3.0
https://www.vlr.gg/596418/mibr-vs-g2-esports-vct-2026-americas-kickoff-mbf,3,Corrode,tex,MIBR,Viper,0.49,131,9,18,4,-9,55,96,29,1,3,-2,G2 Esports,G2 Esports,7.0,13.0,0.0,3.0
https://www.vlr.gg/596418/mibr-vs-g2-esports-vct-2026-americas-kickoff-mbf,3,Corrode,leaf,G2,Viper,1.3,206,17,12,3,5,70,143,25,2,2,0,G2 Esports,MIBR,13.0,7.0,3.0,0.0
https://www.vlr.gg/596418/mibr-vs-g2-esports-vct-2026-americas-kickoff-mbf,3,Corrode,trent,G2,Skye,1.24,212,16,13,9,3,70,124,29,4,1,3,G2 Esports,MIBR,13.0,7.0,3.0,0.0
https://www.vlr.gg/596418/mibr-vs-g2-esports-vct-2026-americas-kickoff-mbf,3,Corrode,valyn,G2,Astra,1.08,235,17,15,5,2,75,150,28,2,0,2,G2 Esports,MIBR,13.0,7.0,3.0,0.0
https://www.vlr.gg/596418/mibr-vs-g2-esports-vct-2026-americas-kickoff-mbf,3,Corrode,BABYBAY,G2,Waylay,1.04,221,16,15,5,1,70,149,16,1,2,-1,G2 Esports,MIBR,13.0,7.0,3.0,0.0
https://www.vlr.gg/596418/mibr-vs-g2-esports-vct-2026-americas-kickoff-mbf,3,Corrode,jawgemo,G2,Iso,0.94,235,15,17,9,-2,85,147,30,4,2,2,G2 Esports,MIBR,13.0,7.0,3.0,0.0
https://www.vlr.gg/596426/nrg-vs-100-thieves-vct-2026-americas-kickoff-lr5,0,Pearl,brawk,NRG,Sova,1.84,267,18,5,5,13,100,186,31,2,1,1,NRG,100 Thieves,13.0,3.0,2.0,0.0
https://www.vlr.gg/596426/nrg-vs-100-thieves-vct-2026-americas-kickoff-lr5,0,Pearl,keiko,NRG,Killjoy,1.45,252,16,8,2,8,94,169,35,2,0,2,NRG,100 Thieves,13.0,3.0,2.0,0.0
https://www.vlr.gg/596426/nrg-vs-100-thieves-vct-2026-americas-kickoff-lr5,0,Pearl,mada,NRG,Waylay,1.16,281,17,11,2,6,88,163,40,3,1,2,NRG,100 Thieves,13.0,3.0,2.0,0.0
https://www.vlr.gg/596426/nrg-vs-100-thieves-vct-2026-americas-kickoff-lr5,0,Pearl,skuba,NRG,Astra,1.07,164,9,9,9,0,94,112,30,2,1,1,NRG,100 Thieves,13.0,3.0,2.0,0.0
https://www.vlr.gg/596426/nrg-vs-100-thieves-vct-2026-americas-kickoff-lr5,0,Pearl,Ethan,NRG,Tejo,1.01,167,10,7,4,3,75,110,23,1,3,-2,NRG,100 Thieves,13.0,3.0,2.0,0.0
https://www.vlr.gg/596426/nrg-vs-100-thieves-vct-2026-americas-kickoff-lr5,0,Pearl,Cryocells,100T,Veto,0.98,212,12,13,0,-1,56,127,42,2,2,0,NRG,NRG,3.0,13.0,0.0,2.0
https://www.vlr.gg/596426/nrg-vs-100-thieves-vct-2026-americas-kickoff-lr5,0,Pearl,vora,100T,Fade,0.75,181,11,14,0,-3,56,108,48,1,2,-1,NRG,NRG,3.0,13.0,0.0,2.0
https://www.vlr.gg/596426/nrg-vs-100-thieves-vct-2026-americas-kickoff-lr5,0,Pearl,bang,100T,Astra,0.66,175,9,13,5,-4,81,108,39,1,1,0,NRG,NRG,3.0,13.0,0.0,2.0
https://www.vlr.gg/596426/nrg-vs-100-thieves-vct-2026-americas-kickoff-lr5,0,Pearl,Timotino,100T,Waylay,0.3,115,6,16,0,-10,50,77,54,2,4,-2,NRG,NRG,3.0,13.0,0.0,2.0
https://www.vlr.gg/596426/nrg-vs-100-thieves-vct-2026-americas-kickoff-lr5,0,Pearl,Asuna,100T,Kayo,0.21,64,2,14,6,-12,63,41,6,0,1,-1,NRG,NRG,3.0,13.0,0.0,2.0
https://www.vlr.gg/596426/nrg-vs-100-thieves-vct-2026-americas-kickoff-lr5,1,AllMaps,skuba,NRG,Astra,1.31,197,26,18,16,8,89,131,29,3,1,2,NRG,100 Thieves,26.0,11.0,2.0,0.0
https://www.vlr.gg/596426/nrg-vs-100-thieves-vct-2026-americas-kickoff-lr5,1,AllMaps,keiko,NRG,Killjoy,1.3,236,33,22,10,11,86,152,45,6,2,4,NRG,100 Thieves,26.0,11.0,2.0,0.0
https://www.vlr.gg/596426/nrg-vs-100-thieves-vct-2026-americas-kickoff-lr5,1,AllMaps,brawk,NRG,Sova,1.25,197,28,17,8,11,76,135,30,3,4,-1,NRG,100 Thieves,26.0,11.0,2.0,0.0
https://www.vlr.gg/596426/nrg-vs-100-thieves-vct-2026-americas-kickoff-lr5,1,AllMaps,mada,NRG,Waylay,1.22,270,38,26,6,12,81,167,36,8,1,7,NRG,100 Thieves,26.0,11.0,2.0,0.0
https://www.vlr.gg/596426/nrg-vs-100-thieves-vct-2026-americas-kickoff-lr5,1,AllMaps,Ethan,NRG,Tejo,1.16,193,27,19,9,8,73,133,30,3,6,-3,NRG,100 Thieves,26.0,11.0,2.0,0.0
https://www.vlr.gg/596426/nrg-vs-100-thieves-vct-2026-americas-kickoff-lr5,1,AllMaps,vora,100T,Fade,0.81,181,25,30,3,-5,65,112,34,1,3,-2,NRG,NRG,11.0,26.0,0.0,2.0
https://www.vlr.gg/596426/nrg-vs-100-thieves-vct-2026-americas-kickoff-lr5,1,AllMaps,Cryocells,100T,Veto,0.8,180,22,29,3,-7,57,111,33,5,2,3,NRG,NRG,11.0,26.0,0.0,2.0
https://www.vlr.gg/596426/nrg-vs-100-thieves-vct-2026-americas-kickoff-lr5,1,AllMaps,Asuna,100T,Kayo,0.65,132,16,30,20,-14,70,83,16,1,3,-2,NRG,NRG,11.0,26.0,0.0,2.0
https://www.vlr.gg/596426/nrg-vs-100-thieves-vct-2026-americas-kickoff-lr5,1,AllMaps,bang,100T,Astra,0.63,151,19,30,11,-11,65,96,28,1,2,-1,NRG,NRG,11.0,26.0,0.0,2.0
https://www.vlr.gg/596426/nrg-vs-100-thieves-vct-2026-americas-kickoff-lr5,1,AllMaps,Timotino,100T,Waylay,0.57,155,20,33,7,-13,57,99,38,6,13,-7,NRG,NRG,11.0,26.0,0.0,2.0
https://www.vlr.gg/596426/nrg-vs-100-thieves-vct-2026-americas-kickoff-lr5,2,Abyss,skuba,NRG,Viper,1.5,229,17,9,7,8,86,146,29,1,0,1,NRG,100 Thieves,13.0,8.0,2.0,0.0
https://www.vlr.gg/596426/nrg-vs-100-thieves-vct-2026-americas-kickoff-lr5,2,Abyss,Ethan,NRG,Tejo,1.27,219,17,12,5,5,71,151,36,2,3,-1,NRG,100 Thieves,13.0,8.0,2.0,0.0
https://www.vlr.gg/596426/nrg-vs-100-thieves-vct-2026-americas-kickoff-lr5,2,Abyss,mada,NRG,Waylay,1.26,259,21,15,4,6,76,170,33,5,0,5,NRG,100 Thieves,13.0,8.0,2.0,0.0
https://www.vlr.gg/596426/nrg-vs-100-thieves-vct-2026-americas-kickoff-lr5,2,Abyss,keiko,NRG,Omen,1.18,220,17,14,8,3,81,139,56,4,2,2,NRG,100 Thieves,13.0,8.0,2.0,0.0
https://www.vlr.gg/596426/nrg-vs-100-thieves-vct-2026-americas-kickoff-lr5,2,Abyss,brawk,NRG,Sova,0.8,127,10,12,3,-2,57,97,28,1,3,-2,NRG,100 Thieves,13.0,8.0,2.0,0.0
https://www.vlr.gg/596426/nrg-vs-100-thieves-vct-2026-americas-kickoff-lr5,2,Abyss,Asuna,100T,Kayo,0.99,200,14,16,14,-2,76,115,20,1,2,-1,NRG,NRG,8.0,13.0,0.0,2.0
https://www.vlr.gg/596426/nrg-vs-100-thieves-vct-2026-americas-kickoff-lr5,2,Abyss,vora,100T,Tejo,0.86,181,14,16,3,-2,71,116,27,0,1,-1,NRG,NRG,8.0,13.0,0.0,2.0
https://www.vlr.gg/596426/nrg-vs-100-thieves-vct-2026-americas-kickoff-lr5,2,Abyss,Timotino,100T,Waylay,0.77,195,14,17,7,-3,62,116,33,4,9,-5,NRG,NRG,8.0,13.0,0.0,2.0
https://www.vlr.gg/596426/nrg-vs-100-thieves-vct-2026-americas-kickoff-lr5,2,Abyss,Cryocells,100T,Chamber,0.66,147,10,16,3,-6,57,99,23,3,0,3,NRG,NRG,8.0,13.0,0.0,2.0
https://www.vlr.gg/596426/nrg-vs-100-thieves-vct-2026-americas-kickoff-lr5,2,Abyss,bang,100T,Astra,0.6,127,10,17,6,-7,52,87,20,0,1,-1,NRG,NRG,8.0,13.0,0.0,2.0
https://www.vlr.gg/596427/mibr-vs-nrg-vct-2026-americas-kickoff-lbf,0,Bind,aspas,MIBR,Raze,1.64,292,24,10,4,14,82,199,28,2,3,-1,MIBR,NRG,13.0,9.0,2.0,3.0
https://www.vlr.gg/596427/mibr-vs-nrg-vct-2026-americas-kickoff-lbf,0,Bind,Verno,MIBR,Fade,1.4,262,22,10,5,12,77,153,40,2,0,2,MIBR,NRG,13.0,9.0,2.0,3.0
https://www.vlr.gg/596427/mibr-vs-nrg-vct-2026-americas-kickoff-lbf,0,Bind,tex,MIBR,Viper,1.16,167,13,11,7,2,82,120,27,2,0,2,MIBR,NRG,13.0,9.0,2.0,3.0
https://www.vlr.gg/596427/mibr-vs-nrg-vct-2026-americas-kickoff-lbf,0,Bind,zekken,MIBR,Yoru,0.91,190,17,16,7,1,73,126,20,3,3,0,MIBR,NRG,13.0,9.0,2.0,3.0
https://www.vlr.gg/596427/mibr-vs-nrg-vct-2026-americas-kickoff-lbf,0,Bind,Mazino,MIBR,Brimstone,0.66,144,10,16,9,-6,73,92,28,2,5,-3,MIBR,NRG,13.0,9.0,2.0,3.0
https://www.vlr.gg/596427/mibr-vs-nrg-vct-2026-americas-kickoff-lbf,0,Bind,skuba,NRG,Viper,1.12,239,17,15,3,2,64,159,32,1,3,-2,MIBR,MIBR,9.0,13.0,3.0,2.0
https://www.vlr.gg/596427/mibr-vs-nrg-vct-2026-americas-kickoff-lbf,0,Bind,mada,NRG,Waylay,0.9,212,16,18,4,-2,45,124,29,7,3,4,MIBR,MIBR,9.0,13.0,3.0,2.0
https://www.vlr.gg/596427/mibr-vs-nrg-vct-2026-americas-kickoff-lbf,0,Bind,keiko,NRG,Brimstone,0.89,181,14,18,3,-4,64,117,48,1,2,-1,MIBR,MIBR,9.0,13.0,3.0,2.0
https://www.vlr.gg/596427/mibr-vs-nrg-vct-2026-americas-kickoff-lbf,0,Bind,brawk,NRG,Tejo,0.72,155,10,17,5,-7,68,106,20,1,1,0,MIBR,MIBR,9.0,13.0,3.0,2.0
https://www.vlr.gg/596427/mibr-vs-nrg-vct-2026-americas-kickoff-lbf,0,Bind,Ethan,NRG,Skye,0.42,91,6,18,4,-12,55,65,36,1,2,-1,MIBR,MIBR,9.0,13.0,3.0,2.0
https://www.vlr.gg/596427/mibr-vs-nrg-vct-2026-americas-kickoff-lbf,1,AllMaps,aspas,MIBR,Raze,1.17,223,82,59,13,23,73,149,23,13,13,0,NRG,NRG,45.0,53.0,2.0,3.0
https://www.vlr.gg/596427/mibr-vs-nrg-vct-2026-americas-kickoff-lbf,1,AllMaps,Verno,MIBR,Fade,1.1,218,76,63,28,13,73,134,32,4,7,-3,NRG,NRG,45.0,53.0,2.0,3.0
https://www.vlr.gg/596427/mibr-vs-nrg-vct-2026-americas-kickoff-lbf,1,AllMaps,tex,MIBR,Viper,0.83,153,55,65,22,-10,66,100,29,8,10,-2,NRG,NRG,45.0,53.0,2.0,3.0
https://www.vlr.gg/596427/mibr-vs-nrg-vct-2026-americas-kickoff-lbf,1,AllMaps,zekken,MIBR,Yoru,0.82,186,60,78,33,-18,66,125,23,13,15,-2,NRG,NRG,45.0,53.0,2.0,3.0
https://www.vlr.gg/596427/mibr-vs-nrg-vct-2026-americas-kickoff-lbf,1,AllMaps,Mazino,MIBR,Brimstone,0.78,150,49,71,34,-22,66,97,27,4,11,-7,NRG,NRG,45.0,53.0,2.0,3.0
https://www.vlr.gg/596427/mibr-vs-nrg-vct-2026-americas-kickoff-lbf,1,AllMaps,brawk,NRG,Tejo,1.11,195,67,60,31,7,77,133,25,8,3,5,NRG,MIBR,53.0,45.0,3.0,2.0
https://www.vlr.gg/596427/mibr-vs-nrg-vct-2026-americas-kickoff-lbf,1,AllMaps,mada,NRG,Waylay,1.08,227,77,69,21,8,68,139,26,25,15,10,NRG,MIBR,53.0,45.0,3.0,2.0
https://www.vlr.gg/596427/mibr-vs-nrg-vct-2026-americas-kickoff-lbf,1,AllMaps,skuba,NRG,Viper,1.07,188,66,58,21,8,77,133,30,6,5,1,NRG,MIBR,53.0,45.0,3.0,2.0
https://www.vlr.gg/596427/mibr-vs-nrg-vct-2026-americas-kickoff-lbf,1,AllMaps,keiko,NRG,Brimstone,0.99,184,64,66,27,-2,70,122,36,6,9,-3,NRG,MIBR,53.0,45.0,3.0,2.0
https://www.vlr.gg/596427/mibr-vs-nrg-vct-2026-americas-kickoff-lbf,1,AllMaps,Ethan,NRG,Skye,0.88,190,61,70,32,-9,71,125,27,11,10,1,NRG,MIBR,53.0,45.0,3.0,2.0
https://www.vlr.gg/596427/mibr-vs-nrg-vct-2026-americas-kickoff-lbf,2,Corrode,Mazino,MIBR,Kayo,1.6,299,20,10,7,10,67,200,30,0,2,-2,MIBR,NRG,13.0,5.0,2.0,3.0
https://www.vlr.gg/596427/mibr-vs-nrg-vct-2026-americas-kickoff-lbf,2,Corrode,aspas,MIBR,Waylay,1.33,215,15,7,2,8,83,138,26,3,2,1,MIBR,NRG,13.0,5.0,2.0,3.0
https://www.vlr.gg/596427/mibr-vs-nrg-vct-2026-americas-kickoff-lbf,2,Corrode,Verno,MIBR,Sova,1.03,182,11,10,7,1,72,122,40,1,1,0,MIBR,NRG,13.0,5.0,2.0,3.0
https://www.vlr.gg/596427/mibr-vs-nrg-vct-2026-americas-kickoff-lbf,2,Corrode,tex,MIBR,Viper,1.02,206,14,12,3,2,67,118,29,3,2,1,MIBR,NRG,13.0,5.0,2.0,3.0
https://www.vlr.gg/596427/mibr-vs-nrg-vct-2026-americas-kickoff-lbf,2,Corrode,zekken,MIBR,Omen,0.86,164,11,13,4,-2,78,108,38,2,2,0,MIBR,NRG,13.0,5.0,2.0,3.0
https://www.vlr.gg/596427/mibr-vs-nrg-vct-2026-americas-kickoff-lbf,2,Corrode,Ethan,NRG,Kayo,1.01,265,16,16,5,0,72,172,41,5,2,3,MIBR,MIBR,5.0,13.0,3.0,2.0
https://www.vlr.gg/596427/mibr-vs-nrg-vct-2026-americas-kickoff-lbf,2,Corrode,mada,NRG,Waylay,0.94,196,13,13,3,0,44,119,35,2,3,-1,MIBR,MIBR,5.0,13.0,3.0,2.0
https://www.vlr.gg/596427/mibr-vs-nrg-vct-2026-americas-kickoff-lbf,2,Corrode,skuba,NRG,Viper,0.83,138,8,12,6,-4,94,115,35,0,1,-1,MIBR,MIBR,5.0,13.0,3.0,2.0
https://www.vlr.gg/596427/mibr-vs-nrg-vct-2026-americas-kickoff-lbf,2,Corrode,brawk,NRG,Sova,0.78,165,10,14,6,-4,61,108,36,1,0,1,MIBR,MIBR,5.0,13.0,3.0,2.0
https://www.vlr.gg/596427/mibr-vs-nrg-vct-2026-americas-kickoff-lbf,2,Corrode,keiko,NRG,Omen,0.28,99,5,16,3,-11,50,71,22,1,3,-2,MIBR,MIBR,5.0,13.0,3.0,2.0
https://www.vlr.gg/596427/mibr-vs-nrg-vct-2026-americas-kickoff-lbf,3,Split,aspas,MIBR,Raze,1.19,253,21,13,1,8,83,163,13,2,3,-1,NRG,NRG,10.0,13.0,2.0,3.0
https://www.vlr.gg/596427/mibr-vs-nrg-vct-2026-americas-kickoff-lbf,3,Split,Verno,MIBR,Fade,0.93,205,17,16,6,1,70,125,25,1,2,-1,NRG,NRG,10.0,13.0,2.0,3.0
https://www.vlr.gg/596427/mibr-vs-nrg-vct-2026-americas-kickoff-lbf,3,Split,zekken,MIBR,Yoru,0.84,207,15,19,5,-4,61,145,19,3,3,0,NRG,NRG,10.0,13.0,2.0,3.0
https://www.vlr.gg/596427/mibr-vs-nrg-vct-2026-americas-kickoff-lbf,3,Split,tex,MIBR,Viper,0.64,155,12,16,2,-4,57,108,31,2,5,-3,NRG,NRG,10.0,13.0,2.0,3.0
https://www.vlr.gg/596427/mibr-vs-nrg-vct-2026-americas-kickoff-lbf,3,Split,Mazino,MIBR,Omen,0.6,80,7,15,5,-8,57,58,31,0,2,-2,NRG,NRG,10.0,13.0,2.0,3.0
https://www.vlr.gg/596427/mibr-vs-nrg-vct-2026-americas-kickoff-lbf,3,Split,brawk,NRG,Tejo,1.42,219,18,11,8,7,87,167,28,1,0,1,NRG,MIBR,13.0,10.0,3.0,2.0
https://www.vlr.gg/596427/mibr-vs-nrg-vct-2026-americas-kickoff-lbf,3,Split,skuba,NRG,Viper,1.18,215,19,13,3,6,74,121,22,3,0,3,NRG,MIBR,13.0,10.0,3.0,2.0
https://www.vlr.gg/596427/mibr-vs-nrg-vct-2026-americas-kickoff-lbf,3,Split,mada,NRG,Waylay,1.08,229,18,17,4,1,83,139,19,9,3,6,NRG,MIBR,13.0,10.0,3.0,2.0
https://www.vlr.gg/596427/mibr-vs-nrg-vct-2026-americas-kickoff-lbf,3,Split,Ethan,NRG,Skye,0.88,170,12,16,10,-4,70,115,28,2,3,-1,NRG,MIBR,13.0,10.0,3.0,2.0
https://www.vlr.gg/596427/mibr-vs-nrg-vct-2026-americas-kickoff-lbf,3,Split,keiko,NRG,Astra,0.83,159,12,15,5,-3,70,114,41,0,2,-2,NRG,MIBR,13.0,10.0,3.0,2.0
https://www.vlr.gg/596427/mibr-vs-nrg-vct-2026-americas-kickoff-lbf,4,Abyss,Verno,MIBR,Sova,1.29,274,17,14,3,3,71,157,33,0,2,-2,NRG,NRG,4.0,13.0,2.0,3.0
https://www.vlr.gg/596427/mibr-vs-nrg-vct-2026-americas-kickoff-lbf,4,Abyss,zekken,MIBR,Omen,1.02,244,12,15,12,-3,71,151,32,4,4,0,NRG,NRG,4.0,13.0,2.0,3.0
https://www.vlr.gg/596427/mibr-vs-nrg-vct-2026-americas-kickoff-lbf,4,Abyss,aspas,MIBR,Jett,0.73,172,10,15,3,-5,59,112,30,2,3,-1,NRG,NRG,4.0,13.0,2.0,3.0
https://www.vlr.gg/596427/mibr-vs-nrg-vct-2026-americas-kickoff-lbf,4,Abyss,tex,MIBR,Astra,0.47,76,4,14,10,-10,59,49,24,0,0,0,NRG,NRG,4.0,13.0,2.0,3.0
https://www.vlr.gg/596427/mibr-vs-nrg-vct-2026-americas-kickoff-lbf,4,Abyss,Mazino,MIBR,Kayo,0.37,85,3,15,9,-12,71,57,19,0,2,-2,NRG,NRG,4.0,13.0,2.0,3.0
https://www.vlr.gg/596427/mibr-vs-nrg-vct-2026-americas-kickoff-lbf,4,Abyss,brawk,NRG,Sova,1.47,241,17,8,7,9,82,159,25,2,1,1,NRG,MIBR,13.0,4.0,3.0,2.0
https://www.vlr.gg/596427/mibr-vs-nrg-vct-2026-americas-kickoff-lbf,4,Abyss,keiko,NRG,Omen,1.38,244,16,10,9,6,88,149,34,2,1,1,NRG,MIBR,13.0,4.0,3.0,2.0
https://www.vlr.gg/596427/mibr-vs-nrg-vct-2026-americas-kickoff-lbf,4,Abyss,Ethan,NRG,Tejo,1.31,249,15,8,6,7,94,192,23,2,0,2,NRG,MIBR,13.0,4.0,3.0,2.0
https://www.vlr.gg/596427/mibr-vs-nrg-vct-2026-americas-kickoff-lbf,4,Abyss,mada,NRG,Waylay,1.11,239,13,11,7,2,82,159,21,3,4,-1,NRG,MIBR,13.0,4.0,3.0,2.0
https://www.vlr.gg/596427/mibr-vs-nrg-vct-2026-americas-kickoff-lbf,4,Abyss,skuba,NRG,Viper,1.06,179,11,10,5,1,76,133,34,2,0,2,NRG,MIBR,13.0,4.0,3.0,2.0
https://www.vlr.gg/596427/mibr-vs-nrg-vct-2026-americas-kickoff-lbf,5,Haven,tex,MIBR,Killjoy,0.83,159,12,12,0,0,67,94,35,1,3,-2,NRG,NRG,5.0,13.0,2.0,3.0
https://www.vlr.gg/596427/mibr-vs-nrg-vct-2026-americas-kickoff-lbf,5,Haven,aspas,MIBR,Neon,0.82,183,12,14,3,-2,56,115,27,4,2,2,NRG,NRG,5.0,13.0,2.0,3.0
https://www.vlr.gg/596427/mibr-vs-nrg-vct-2026-americas-kickoff-lbf,5,Haven,Verno,MIBR,Sova,0.81,167,9,13,7,-4,78,114,20,0,2,-2,NRG,NRG,5.0,13.0,2.0,3.0
https://www.vlr.gg/596427/mibr-vs-nrg-vct-2026-americas-kickoff-lbf,5,Haven,Mazino,MIBR,Viper,0.72,144,9,15,4,-6,67,89,22,2,0,2,NRG,NRG,5.0,13.0,2.0,3.0
https://www.vlr.gg/596427/mibr-vs-nrg-vct-2026-americas-kickoff-lbf,5,Haven,zekken,MIBR,Omen,0.46,124,5,15,5,-10,50,90,11,1,3,-2,NRG,NRG,5.0,13.0,2.0,3.0
https://www.vlr.gg/596427/mibr-vs-nrg-vct-2026-americas-kickoff-lbf,5,Haven,keiko,NRG,Viper,1.68,238,17,7,7,10,83,166,29,2,1,1,NRG,MIBR,13.0,5.0,3.0,2.0
https://www.vlr.gg/596427/mibr-vs-nrg-vct-2026-americas-kickoff-lbf,5,Haven,mada,NRG,Neon,1.39,259,17,10,3,7,89,157,30,4,2,2,NRG,MIBR,13.0,5.0,3.0,2.0
https://www.vlr.gg/596427/mibr-vs-nrg-vct-2026-americas-kickoff-lbf,5,Haven,brawk,NRG,Sova,1.17,196,12,10,5,2,83,122,21,3,1,2,NRG,MIBR,13.0,5.0,3.0,2.0
https://www.vlr.gg/596427/mibr-vs-nrg-vct-2026-americas-kickoff-lbf,5,Haven,skuba,NRG,Killjoy,1.13,171,11,8,4,3,78,137,29,0,1,-1,NRG,MIBR,13.0,5.0,3.0,2.0
https://www.vlr.gg/596427/mibr-vs-nrg-vct-2026-americas-kickoff-lbf,5,Haven,Ethan,NRG,Omen,0.88,174,12,12,7,0,72,103,12,1,3,-2,NRG,MIBR,13.0,5.0,3.0,2.0
https://www.vlr.gg/530902/leviat-n-vs-cloud9-vct-2025-americas-stage-2-ur1,0,Corrode,kiNgg,LEV,Viper,1.22,237,19,14,6,5,78,148,35,2,2,0,Cloud9,LEVIATÁN,13.0,10.0,2.0,1.0
https://www.vlr.gg/530902/leviat-n-vs-cloud9-vct-2025-americas-stage-2-ur1,0,Corrode,Sato,LEV,Neon,0.97,250,21,18,0,3,70,162,43,4,5,-1,Cloud9,LEVIATÁN,13.0,10.0,2.0,1.0
https://www.vlr.gg/530902/leviat-n-vs-cloud9-vct-2025-americas-stage-2-ur1,0,Corrode,Okeanos,LEV,Omen,0.95,216,16,18,11,-2,74,152,28,1,0,1,Cloud9,LEVIATÁN,13.0,10.0,2.0,1.0
https://www.vlr.gg/530902/leviat-n-vs-cloud9-vct-2025-americas-stage-2-ur1,0,Corrode,tex,LEV,Chamber,0.66,137,12,17,2,-5,57,94,14,2,4,-2,Cloud9,LEVIATÁN,13.0,10.0,2.0,1.0
https://www.vlr.gg/530902/leviat-n-vs-cloud9-vct-2025-americas-stage-2-ur1,0,Corrode,C0M,LEV,Fade,0.52,124,9,17,6,-8,61,78,18,3,0,3,Cloud9,LEVIATÁN,13.0,10.0,2.0,1.0
https://www.vlr.gg/530902/leviat-n-vs-cloud9-vct-2025-americas-stage-2-ur1,0,Corrode,neT,C9,Viper,1.3,203,17,12,5,5,83,131,37,1,1,0,Cloud9,LEVIATÁN,13.0,10.0,2.0,1.0
https://www.vlr.gg/530902/leviat-n-vs-cloud9-vct-2025-americas-stage-2-ur1,0,Corrode,mitch,C9,Skye,1.25,229,17,15,17,2,83,135,20,1,5,-4,Cloud9,LEVIATÁN,13.0,10.0,2.0,1.0
https://www.vlr.gg/530902/leviat-n-vs-cloud9-vct-2025-americas-stage-2-ur1,0,Corrode,v1c,C9,Omen,1.08,193,15,16,8,-1,91,133,34,2,1,1,Cloud9,LEVIATÁN,13.0,10.0,2.0,1.0
https://www.vlr.gg/530902/leviat-n-vs-cloud9-vct-2025-americas-stage-2-ur1,0,Corrode,OXY,C9,Raze,1.07,224,18,17,5,1,74,152,31,5,5,0,Cloud9,LEVIATÁN,13.0,10.0,2.0,1.0
https://www.vlr.gg/530902/leviat-n-vs-cloud9-vct-2025-americas-stage-2-ur1,0,Corrode,Xeppaa,C9,Vyse,0.94,206,17,17,9,0,83,140,13,2,0,2,Cloud9,LEVIATÁN,13.0,10.0,2.0,1.0
https://www.vlr.gg/530902/leviat-n-vs-cloud9-vct-2025-americas-stage-2-ur1,1,AllMaps,Okeanos,LEV,Omen,1.32,268,66,48,22,18,79,183,30,8,5,3,Cloud9,LEVIATÁN,36.0,34.0,2.0,1.0
https://www.vlr.gg/530902/leviat-n-vs-cloud9-vct-2025-americas-stage-2-ur1,1,AllMaps,Sato,LEV,Neon,1.12,270,67,54,5,13,70,169,31,14,13,1,Cloud9,LEVIATÁN,36.0,34.0,2.0,1.0
https://www.vlr.gg/530902/leviat-n-vs-cloud9-vct-2025-americas-stage-2-ur1,1,AllMaps,kiNgg,LEV,Viper,1.03,207,48,48,28,0,76,137,29,5,7,-2,Cloud9,LEVIATÁN,36.0,34.0,2.0,1.0
https://www.vlr.gg/530902/leviat-n-vs-cloud9-vct-2025-americas-stage-2-ur1,1,AllMaps,C0M,LEV,Fade,0.68,141,37,44,12,-7,76,94,27,6,3,3,Cloud9,LEVIATÁN,36.0,34.0,2.0,1.0
https://www.vlr.gg/530902/leviat-n-vs-cloud9-vct-2025-americas-stage-2-ur1,1,AllMaps,tex,LEV,Chamber,0.67,123,31,48,11,-17,67,83,24,4,5,-1,Cloud9,LEVIATÁN,36.0,34.0,2.0,1.0
https://www.vlr.gg/530902/leviat-n-vs-cloud9-vct-2025-americas-stage-2-ur1,1,AllMaps,neT,C9,Viper,1.11,214,53,49,15,4,76,135,38,6,4,2,Cloud9,LEVIATÁN,36.0,34.0,2.0,1.0
https://www.vlr.gg/530902/leviat-n-vs-cloud9-vct-2025-americas-stage-2-ur1,1,AllMaps,OXY,C9,Raze,1.02,220,55,53,15,2,76,144,32,13,13,0,Cloud9,LEVIATÁN,36.0,34.0,2.0,1.0
https://www.vlr.gg/530902/leviat-n-vs-cloud9-vct-2025-americas-stage-2-ur1,1,AllMaps,v1c,C9,Omen,0.97,174,43,48,22,-5,80,119,33,5,4,1,Cloud9,LEVIATÁN,36.0,34.0,2.0,1.0
https://www.vlr.gg/530902/leviat-n-vs-cloud9-vct-2025-americas-stage-2-ur1,1,AllMaps,mitch,C9,Skye,0.94,175,41,48,35,-7,79,112,24,3,13,-10,Cloud9,LEVIATÁN,36.0,34.0,2.0,1.0
https://www.vlr.gg/530902/leviat-n-vs-cloud9-vct-2025-americas-stage-2-ur1,1,AllMaps,Xeppaa,C9,Vyse,0.87,203,50,51,16,-1,76,136,26,6,3,3,Cloud9,LEVIATÁN,36.0,34.0,2.0,1.0
https://www.vlr.gg/530902/leviat-n-vs-cloud9-vct-2025-americas-stage-2-ur1,2,Haven,Sato,LEV,Yoru,1.82,383,30,15,4,15,83,236,27,7,2,5,LEVIATÁN,LEVIATÁN,10.0,13.0,2.0,1.0
https://www.vlr.gg/530902/leviat-n-vs-cloud9-vct-2025-americas-stage-2-ur1,2,Haven,Okeanos,LEV,Neon,1.23,239,20,14,3,6,87,169,31,4,1,3,LEVIATÁN,LEVIATÁN,10.0,13.0,2.0,1.0
https://www.vlr.gg/530902/leviat-n-vs-cloud9-vct-2025-americas-stage-2-ur1,2,Haven,kiNgg,LEV,Omen,1.0,199,14,16,14,-2,78,139,31,1,3,-2,LEVIATÁN,LEVIATÁN,10.0,13.0,2.0,1.0
https://www.vlr.gg/530902/leviat-n-vs-cloud9-vct-2025-americas-stage-2-ur1,2,Haven,C0M,LEV,Sova,0.98,172,17,10,2,7,83,112,29,1,2,-1,LEVIATÁN,LEVIATÁN,10.0,13.0,2.0,1.0
https://www.vlr.gg/530902/leviat-n-vs-cloud9-vct-2025-americas-stage-2-ur1,2,Haven,tex,LEV,Cypher,0.69,107,9,13,6,-4,78,70,16,1,1,0,LEVIATÁN,LEVIATÁN,10.0,13.0,2.0,1.0
https://www.vlr.gg/530902/leviat-n-vs-cloud9-vct-2025-americas-stage-2-ur1,2,Haven,neT,C9,Viper,1.02,234,18,19,5,-1,70,143,42,3,2,1,LEVIATÁN,LEVIATÁN,10.0,13.0,2.0,1.0
https://www.vlr.gg/530902/leviat-n-vs-cloud9-vct-2025-americas-stage-2-ur1,2,Haven,OXY,C9,Jett,0.97,215,18,18,5,0,65,134,51,4,3,1,LEVIATÁN,LEVIATÁN,10.0,13.0,2.0,1.0
https://www.vlr.gg/530902/leviat-n-vs-cloud9-vct-2025-americas-stage-2-ur1,2,Haven,v1c,C9,Omen,0.58,128,10,18,5,-8,65,89,35,2,2,0,LEVIATÁN,LEVIATÁN,10.0,13.0,2.0,1.0
https://www.vlr.gg/530902/leviat-n-vs-cloud9-vct-2025-americas-stage-2-ur1,2,Haven,Xeppaa,C9,Killjoy,0.56,168,13,17,3,-4,65,110,36,0,2,-2,LEVIATÁN,LEVIATÁN,10.0,13.0,2.0,1.0
https://www.vlr.gg/530902/leviat-n-vs-cloud9-vct-2025-americas-stage-2-ur1,2,Haven,mitch,C9,Skye,0.5,108,9,18,6,-9,65,76,13,0,5,-5,LEVIATÁN,LEVIATÁN,10.0,13.0,2.0,1.0
https://www.vlr.gg/530902/leviat-n-vs-cloud9-vct-2025-americas-stage-2-ur1,3,Lotus,Okeanos,LEV,Omen,1.74,349,30,16,8,14,75,226,30,3,4,-1,Cloud9,LEVIATÁN,13.0,11.0,2.0,1.0
https://www.vlr.gg/530902/leviat-n-vs-cloud9-vct-2025-americas-stage-2-ur1,3,Lotus,kiNgg,LEV,Viper,0.88,186,15,18,8,-3,71,126,21,2,2,0,Cloud9,LEVIATÁN,13.0,11.0,2.0,1.0
https://www.vlr.gg/530902/leviat-n-vs-cloud9-vct-2025-americas-stage-2-ur1,3,Lotus,tex,LEV,Vyse,0.66,126,10,18,3,-8,67,84,44,1,0,1,Cloud9,LEVIATÁN,13.0,11.0,2.0,1.0
https://www.vlr.gg/530902/leviat-n-vs-cloud9-vct-2025-americas-stage-2-ur1,3,Lotus,Sato,LEV,Raze,0.59,177,16,21,1,-5,58,110,25,3,6,-3,Cloud9,LEVIATÁN,13.0,11.0,2.0,1.0
https://www.vlr.gg/530902/leviat-n-vs-cloud9-vct-2025-americas-stage-2-ur1,3,Lotus,C0M,LEV,Fade,0.53,128,11,17,4,-6,83,91,35,2,1,1,Cloud9,LEVIATÁN,13.0,11.0,2.0,1.0
https://www.vlr.gg/530902/leviat-n-vs-cloud9-vct-2025-americas-stage-2-ur1,3,Lotus,v1c,C9,Omen,1.24,202,18,14,9,4,83,135,30,1,1,0,Cloud9,LEVIATÁN,13.0,11.0,2.0,1.0
https://www.vlr.gg/530902/leviat-n-vs-cloud9-vct-2025-americas-stage-2-ur1,3,Lotus,Xeppaa,C9,Vyse,1.09,235,20,17,4,3,79,158,34,4,1,3,Cloud9,LEVIATÁN,13.0,11.0,2.0,1.0
https://www.vlr.gg/530902/leviat-n-vs-cloud9-vct-2025-americas-stage-2-ur1,3,Lotus,mitch,C9,Fade,1.05,188,15,15,12,0,88,123,45,2,3,-1,Cloud9,LEVIATÁN,13.0,11.0,2.0,1.0
https://www.vlr.gg/530902/leviat-n-vs-cloud9-vct-2025-americas-stage-2-ur1,3,Lotus,OXY,C9,Raze,1.02,222,19,18,5,1,88,145,21,4,5,-1,Cloud9,LEVIATÁN,13.0,11.0,2.0,1.0
https://www.vlr.gg/530902/leviat-n-vs-cloud9-vct-2025-americas-stage-2-ur1,3,Lotus,neT,C9,Viper,1.01,204,18,18,5,0,75,131,34,2,1,1,Cloud9,LEVIATÁN,13.0,11.0,2.0,1.0
https://www.vlr.gg/530906/sentinels-vs-cloud9-vct-2025-americas-stage-2-ubsf,0,Corrode,johnqt,SEN,Viper,1.39,232,18,12,8,6,83,147,25,2,0,2,Sentinels,Sentinels,10.0,13.0,1.0,2.0
https://www.vlr.gg/530906/sentinels-vs-cloud9-vct-2025-americas-stage-2-ubsf,0,Corrode,zekken,SEN,Neon,1.37,255,23,15,2,8,74,158,30,4,2,2,Sentinels,Sentinels,10.0,13.0,1.0,2.0
https://www.vlr.gg/530906/sentinels-vs-cloud9-vct-2025-americas-stage-2-ubsf,0,Corrode,Zellsis,SEN,Vyse,1.13,228,18,15,9,3,87,143,23,1,3,-2,Sentinels,Sentinels,10.0,13.0,1.0,2.0
https://www.vlr.gg/530906/sentinels-vs-cloud9-vct-2025-americas-stage-2-ubsf,0,Corrode,N4RRATE,SEN,Fade,0.82,193,15,18,7,-3,74,107,14,5,2,3,Sentinels,Sentinels,10.0,13.0,1.0,2.0
https://www.vlr.gg/530906/sentinels-vs-cloud9-vct-2025-americas-stage-2-ubsf,0,Corrode,bang,SEN,Omen,0.69,121,9,14,9,-5,74,74,26,0,4,-4,Sentinels,Sentinels,10.0,13.0,1.0,2.0
https://www.vlr.gg/530906/sentinels-vs-cloud9-vct-2025-americas-stage-2-ubsf,0,Corrode,mitch,C9,Skye,1.21,219,18,14,9,4,78,135,21,1,1,0,Sentinels,Sentinels,10.0,13.0,1.0,2.0
https://www.vlr.gg/530906/sentinels-vs-cloud9-vct-2025-americas-stage-2-ubsf,0,Corrode,Xeppaa,C9,Vyse,1.03,206,16,16,7,0,78,139,20,2,1,1,Sentinels,Sentinels,10.0,13.0,1.0,2.0
https://www.vlr.gg/530906/sentinels-vs-cloud9-vct-2025-americas-stage-2-ubsf,0,Corrode,v1c,C9,Omen,0.98,207,17,17,12,0,78,121,28,2,2,0,Sentinels,Sentinels,10.0,13.0,1.0,2.0
https://www.vlr.gg/530906/sentinels-vs-cloud9-vct-2025-americas-stage-2-ubsf,0,Corrode,neT,C9,Viper,0.73,130,11,17,7,-6,83,76,17,2,2,0,Sentinels,Sentinels,10.0,13.0,1.0,2.0
https://www.vlr.gg/530906/sentinels-vs-cloud9-vct-2025-americas-stage-2-ubsf,0,Corrode,OXY,C9,Raze,0.67,186,12,19,6,-7,61,125,23,4,6,-2,Sentinels,Sentinels,10.0,13.0,1.0,2.0
https://www.vlr.gg/530906/sentinels-vs-cloud9-vct-2025-americas-stage-2-ubsf,1,AllMaps,Zellsis,SEN,Vyse,1.18,228,53,44,26,9,82,148,21,6,6,0,Sentinels,Sentinels,33.0,35.0,1.0,2.0
https://www.vlr.gg/530906/sentinels-vs-cloud9-vct-2025-americas-stage-2-ubsf,1,AllMaps,zekken,SEN,Neon,1.12,218,55,45,6,10,65,142,26,14,13,1,Sentinels,Sentinels,33.0,35.0,1.0,2.0
https://www.vlr.gg/530906/sentinels-vs-cloud9-vct-2025-americas-stage-2-ubsf,1,AllMaps,johnqt,SEN,Viper,1.11,188,42,41,28,1,81,127,32,5,1,4,Sentinels,Sentinels,33.0,35.0,1.0,2.0
https://www.vlr.gg/530906/sentinels-vs-cloud9-vct-2025-americas-stage-2-ubsf,1,AllMaps,N4RRATE,SEN,Fade,1.03,179,46,42,18,4,71,111,23,7,3,4,Sentinels,Sentinels,33.0,35.0,1.0,2.0
https://www.vlr.gg/530906/sentinels-vs-cloud9-vct-2025-americas-stage-2-ubsf,1,AllMaps,bang,SEN,Omen,0.81,159,33,50,32,-17,76,102,28,5,8,-3,Sentinels,Sentinels,33.0,35.0,1.0,2.0
https://www.vlr.gg/530906/sentinels-vs-cloud9-vct-2025-americas-stage-2-ubsf,1,AllMaps,Xeppaa,C9,Vyse,1.04,198,46,44,21,2,75,136,22,4,5,-1,Sentinels,Sentinels,33.0,35.0,1.0,2.0
https://www.vlr.gg/530906/sentinels-vs-cloud9-vct-2025-americas-stage-2-ubsf,1,AllMaps,v1c,C9,Omen,1.02,192,46,46,30,0,75,124,30,5,4,1,Sentinels,Sentinels,33.0,35.0,1.0,2.0
https://www.vlr.gg/530906/sentinels-vs-cloud9-vct-2025-americas-stage-2-ubsf,1,AllMaps,mitch,C9,Skye,1.0,190,44,44,21,0,75,122,17,4,5,-1,Sentinels,Sentinels,33.0,35.0,1.0,2.0
https://www.vlr.gg/530906/sentinels-vs-cloud9-vct-2025-americas-stage-2-ubsf,1,AllMaps,neT,C9,Viper,0.97,165,43,41,24,2,78,103,24,7,8,-1,Sentinels,Sentinels,33.0,35.0,1.0,2.0
https://www.vlr.gg/530906/sentinels-vs-cloud9-vct-2025-americas-stage-2-ubsf,1,AllMaps,OXY,C9,Raze,0.82,198,43,54,13,-11,68,139,23,11,15,-4,Sentinels,Sentinels,33.0,35.0,1.0,2.0
https://www.vlr.gg/530906/sentinels-vs-cloud9-vct-2025-americas-stage-2-ubsf,2,Icebox,Zellsis,SEN,Killjoy,1.15,231,17,15,4,2,73,153,25,3,1,2,Cloud9,Sentinels,13.0,9.0,1.0,2.0
https://www.vlr.gg/530906/sentinels-vs-cloud9-vct-2025-americas-stage-2-ubsf,2,Icebox,bang,SEN,Viper,1.09,210,15,16,3,-1,68,148,30,3,2,1,Cloud9,Sentinels,13.0,9.0,1.0,2.0
https://www.vlr.gg/530906/sentinels-vs-cloud9-vct-2025-americas-stage-2-ubsf,2,Icebox,N4RRATE,SEN,Sova,0.77,122,10,13,4,-3,59,75,28,1,1,0,Cloud9,Sentinels,13.0,9.0,1.0,2.0
https://www.vlr.gg/530906/sentinels-vs-cloud9-vct-2025-americas-stage-2-ubsf,2,Icebox,johnqt,SEN,Sage,0.74,134,9,15,8,-6,73,88,31,1,1,0,Cloud9,Sentinels,13.0,9.0,1.0,2.0
https://www.vlr.gg/530906/sentinels-vs-cloud9-vct-2025-americas-stage-2-ubsf,2,Icebox,zekken,SEN,Jett,0.55,146,11,18,2,-7,50,106,28,3,6,-3,Cloud9,Sentinels,13.0,9.0,1.0,2.0
https://www.vlr.gg/530906/sentinels-vs-cloud9-vct-2025-americas-stage-2-ubsf,2,Icebox,mitch,C9,Sova,1.33,230,18,11,4,7,77,151,27,1,0,1,Cloud9,Sentinels,13.0,9.0,1.0,2.0
https://www.vlr.gg/530906/sentinels-vs-cloud9-vct-2025-americas-stage-2-ubsf,2,Icebox,Xeppaa,C9,Killjoy,1.23,223,18,12,2,6,68,159,37,1,2,-1,Cloud9,Sentinels,13.0,9.0,1.0,2.0
https://www.vlr.gg/530906/sentinels-vs-cloud9-vct-2025-americas-stage-2-ubsf,2,Icebox,neT,C9,Viper,1.23,198,16,9,9,7,77,127,23,4,3,1,Cloud9,Sentinels,13.0,9.0,1.0,2.0
https://www.vlr.gg/530906/sentinels-vs-cloud9-vct-2025-americas-stage-2-ubsf,2,Icebox,v1c,C9,Iso,0.9,166,12,13,3,-1,64,106,34,3,2,1,Cloud9,Sentinels,13.0,9.0,1.0,2.0
https://www.vlr.gg/530906/sentinels-vs-cloud9-vct-2025-americas-stage-2-ubsf,2,Icebox,OXY,C9,Raze,0.78,168,13,17,3,-4,64,122,31,2,4,-2,Cloud9,Sentinels,13.0,9.0,1.0,2.0
https://www.vlr.gg/530906/sentinels-vs-cloud9-vct-2025-americas-stage-2-ubsf,3,Lotus,N4RRATE,SEN,Fade,1.49,222,21,11,7,10,78,148,30,1,0,1,Sentinels,Sentinels,10.0,13.0,1.0,2.0
https://www.vlr.gg/530906/sentinels-vs-cloud9-vct-2025-americas-stage-2-ubsf,3,Lotus,zekken,SEN,Raze,1.4,252,21,12,2,9,70,161,21,7,5,2,Sentinels,Sentinels,10.0,13.0,1.0,2.0
https://www.vlr.gg/530906/sentinels-vs-cloud9-vct-2025-americas-stage-2-ubsf,3,Lotus,Zellsis,SEN,Vyse,1.27,224,18,14,13,4,87,150,15,2,2,0,Sentinels,Sentinels,10.0,13.0,1.0,2.0
https://www.vlr.gg/530906/sentinels-vs-cloud9-vct-2025-americas-stage-2-ubsf,3,Lotus,johnqt,SEN,Viper,1.19,197,15,14,12,1,87,144,46,2,0,2,Sentinels,Sentinels,10.0,13.0,1.0,2.0
https://www.vlr.gg/530906/sentinels-vs-cloud9-vct-2025-americas-stage-2-ubsf,3,Lotus,bang,SEN,Omen,0.67,147,9,20,20,-11,87,86,29,2,2,0,Sentinels,Sentinels,10.0,13.0,1.0,2.0
https://www.vlr.gg/530906/sentinels-vs-cloud9-vct-2025-americas-stage-2-ubsf,3,Lotus,v1c,C9,Omen,1.16,203,17,16,15,1,83,144,29,0,0,0,Sentinels,Sentinels,10.0,13.0,1.0,2.0
https://www.vlr.gg/530906/sentinels-vs-cloud9-vct-2025-americas-stage-2-ubsf,3,Lotus,OXY,C9,Raze,1.01,240,18,18,4,0,78,167,20,5,5,0,Sentinels,Sentinels,10.0,13.0,1.0,2.0
https://www.vlr.gg/530906/sentinels-vs-cloud9-vct-2025-americas-stage-2-ubsf,3,Lotus,neT,C9,Viper,0.98,166,16,15,8,1,74,107,33,1,3,-2,Sentinels,Sentinels,10.0,13.0,1.0,2.0
https://www.vlr.gg/530906/sentinels-vs-cloud9-vct-2025-americas-stage-2-ubsf,3,Lotus,Xeppaa,C9,Vyse,0.86,166,12,16,12,-4,78,110,12,1,2,-1,Sentinels,Sentinels,10.0,13.0,1.0,2.0
https://www.vlr.gg/530906/sentinels-vs-cloud9-vct-2025-americas-stage-2-ubsf,3,Lotus,mitch,C9,Fade,0.49,122,8,19,8,-11,70,83,4,2,4,-2,Sentinels,Sentinels,10.0,13.0,1.0,2.0
https://www.vlr.gg/530903/g2-esports-vs-100-thieves-vct-2025-americas-stage-2-ur1,0,Sunset,BABYBAY,G2,Chamber,1.54,281,16,9,7,7,94,199,20,4,1,3,G2 Esports,G2 Esports,4.0,13.0,0.0,2.0
https://www.vlr.gg/530903/g2-esports-vs-100-thieves-vct-2025-americas-stage-2-ur1,0,Sunset,jawgemo,G2,Neon,1.53,301,18,11,4,7,88,186,36,7,0,7,G2 Esports,G2 Esports,4.0,13.0,0.0,2.0
https://www.vlr.gg/530903/g2-esports-vs-100-thieves-vct-2025-americas-stage-2-ur1,0,Sunset,valyn,G2,Omen,1.23,195,13,9,8,4,76,128,34,0,1,-1,G2 Esports,G2 Esports,4.0,13.0,0.0,2.0
https://www.vlr.gg/530903/g2-esports-vs-100-thieves-vct-2025-americas-stage-2-ur1,0,Sunset,trent,G2,Fade,1.21,175,13,9,7,4,94,120,28,1,1,0,G2 Esports,G2 Esports,4.0,13.0,0.0,2.0
https://www.vlr.gg/530903/g2-esports-vs-100-thieves-vct-2025-americas-stage-2-ur1,0,Sunset,JonahP,G2,Sage,1.21,193,12,9,8,3,88,137,23,2,0,2,G2 Esports,G2 Esports,4.0,13.0,0.0,2.0
https://www.vlr.gg/530903/g2-esports-vs-100-thieves-vct-2025-americas-stage-2-ur1,0,Sunset,eeiu,100T,Sova,1.03,214,14,14,2,0,76,149,46,1,1,0,G2 Esports,G2 Esports,4.0,13.0,0.0,2.0
https://www.vlr.gg/530903/g2-esports-vs-100-thieves-vct-2025-americas-stage-2-ur1,0,Sunset,Cryocells,100T,Yoru,0.95,235,13,14,5,-1,82,164,40,1,1,0,G2 Esports,G2 Esports,4.0,13.0,0.0,2.0
https://www.vlr.gg/530903/g2-esports-vs-100-thieves-vct-2025-americas-stage-2-ur1,0,Sunset,zander,100T,Omen,0.62,147,9,15,6,-6,65,86,20,0,2,-2,G2 Esports,G2 Esports,4.0,13.0,0.0,2.0
https://www.vlr.gg/530903/g2-esports-vs-100-thieves-vct-2025-americas-stage-2-ur1,0,Sunset,Asuna,100T,Neon,0.4,124,6,15,7,-9,71,93,24,1,8,-7,G2 Esports,G2 Esports,4.0,13.0,0.0,2.0
https://www.vlr.gg/530903/g2-esports-vs-100-thieves-vct-2025-americas-stage-2-ur1,0,Sunset,Kess,100T,Cypher,0.36,86,5,14,1,-9,53,53,17,0,2,-2,G2 Esports,G2 Esports,4.0,13.0,0.0,2.0
https://www.vlr.gg/530903/g2-esports-vs-100-thieves-vct-2025-americas-stage-2-ur1,1,AllMaps,jawgemo,G2,Neon,1.63,323,43,20,8,23,89,191,23,8,1,7,G2 Esports,G2 Esports,9.0,26.0,0.0,2.0
https://www.vlr.gg/530903/g2-esports-vs-100-thieves-vct-2025-americas-stage-2-ur1,1,AllMaps,BABYBAY,G2,Chamber,1.4,260,31,20,14,11,91,178,22,9,1,8,G2 Esports,G2 Esports,9.0,26.0,0.0,2.0
https://www.vlr.gg/530903/g2-esports-vs-100-thieves-vct-2025-americas-stage-2-ur1,1,AllMaps,JonahP,G2,Sage,1.25,203,27,18,12,9,91,128,23,8,1,7,G2 Esports,G2 Esports,9.0,26.0,0.0,2.0
https://www.vlr.gg/530903/g2-esports-vs-100-thieves-vct-2025-americas-stage-2-ur1,1,AllMaps,trent,G2,Fade,1.12,176,25,20,12,5,91,126,26,1,2,-1,G2 Esports,G2 Esports,9.0,26.0,0.0,2.0
https://www.vlr.gg/530903/g2-esports-vs-100-thieves-vct-2025-americas-stage-2-ur1,1,AllMaps,valyn,G2,Omen,1.0,176,23,21,16,2,83,119,26,2,2,0,G2 Esports,G2 Esports,9.0,26.0,0.0,2.0
https://www.vlr.gg/530903/g2-esports-vs-100-thieves-vct-2025-americas-stage-2-ur1,1,AllMaps,eeiu,100T,Sova,1.15,235,32,29,3,3,80,154,45,2,3,-1,G2 Esports,G2 Esports,9.0,26.0,0.0,2.0
https://www.vlr.gg/530903/g2-esports-vs-100-thieves-vct-2025-americas-stage-2-ur1,1,AllMaps,Cryocells,100T,Yoru,0.8,203,23,30,11,-7,77,137,37,2,5,-3,G2 Esports,G2 Esports,9.0,26.0,0.0,2.0
https://www.vlr.gg/530903/g2-esports-vs-100-thieves-vct-2025-americas-stage-2-ur1,1,AllMaps,zander,100T,Omen,0.61,147,17,31,16,-14,66,95,21,0,4,-4,G2 Esports,G2 Esports,9.0,26.0,0.0,2.0
https://www.vlr.gg/530903/g2-esports-vs-100-thieves-vct-2025-americas-stage-2-ur1,1,AllMaps,Kess,100T,Cypher,0.55,130,16,30,3,-14,54,79,29,2,4,-2,G2 Esports,G2 Esports,9.0,26.0,0.0,2.0
https://www.vlr.gg/530903/g2-esports-vs-100-thieves-vct-2025-americas-stage-2-ur1,1,AllMaps,Asuna,100T,Neon,0.45,115,11,29,11,-18,74,82,18,1,12,-11,G2 Esports,G2 Esports,9.0,26.0,0.0,2.0
https://www.vlr.gg/530903/g2-esports-vs-100-thieves-vct-2025-americas-stage-2-ur1,2,Haven,jawgemo,G2,Yoru,1.73,345,25,9,4,16,89,196,17,1,1,0,G2 Esports,G2 Esports,5.0,13.0,0.0,2.0
https://www.vlr.gg/530903/g2-esports-vs-100-thieves-vct-2025-americas-stage-2-ur1,2,Haven,JonahP,G2,Viper,1.3,212,15,9,4,6,94,120,23,6,1,5,G2 Esports,G2 Esports,5.0,13.0,0.0,2.0
https://www.vlr.gg/530903/g2-esports-vs-100-thieves-vct-2025-americas-stage-2-ur1,2,Haven,BABYBAY,G2,Vyse,1.27,238,15,11,7,4,89,159,24,5,0,5,G2 Esports,G2 Esports,5.0,13.0,0.0,2.0
https://www.vlr.gg/530903/g2-esports-vs-100-thieves-vct-2025-americas-stage-2-ur1,2,Haven,trent,G2,Fade,1.04,176,12,11,5,1,89,132,24,0,1,-1,G2 Esports,G2 Esports,5.0,13.0,0.0,2.0
https://www.vlr.gg/530903/g2-esports-vs-100-thieves-vct-2025-americas-stage-2-ur1,2,Haven,valyn,G2,Omen,0.79,156,10,12,8,-2,89,110,19,2,1,1,G2 Esports,G2 Esports,5.0,13.0,0.0,2.0
https://www.vlr.gg/530903/g2-esports-vs-100-thieves-vct-2025-americas-stage-2-ur1,2,Haven,eeiu,100T,Sova,1.27,256,18,15,1,3,83,159,43,1,2,-1,G2 Esports,G2 Esports,5.0,13.0,0.0,2.0
https://www.vlr.gg/530903/g2-esports-vs-100-thieves-vct-2025-americas-stage-2-ur1,2,Haven,Kess,100T,Cypher,0.72,173,11,16,2,-5,56,104,40,2,2,0,G2 Esports,G2 Esports,5.0,13.0,0.0,2.0
https://www.vlr.gg/530903/g2-esports-vs-100-thieves-vct-2025-americas-stage-2-ur1,2,Haven,Cryocells,100T,Yoru,0.65,170,10,16,6,-6,72,112,32,1,4,-3,G2 Esports,G2 Esports,5.0,13.0,0.0,2.0
https://www.vlr.gg/530903/g2-esports-vs-100-thieves-vct-2025-americas-stage-2-ur1,2,Haven,zander,100T,Omen,0.6,146,8,16,10,-8,67,103,22,0,2,-2,G2 Esports,G2 Esports,5.0,13.0,0.0,2.0
https://www.vlr.gg/530903/g2-esports-vs-100-thieves-vct-2025-americas-stage-2-ur1,2,Haven,Asuna,100T,Neon,0.5,106,5,14,4,-9,78,72,10,0,4,-4,G2 Esports,G2 Esports,5.0,13.0,0.0,2.0
https://www.vlr.gg/530907/nrg-vs-g2-esports-vct-2025-americas-stage-2-ubsf,0,Corrode,s0m,NRG,Omen,1.46,256,22,13,5,9,83,158,49,4,2,2,NRG,G2 Esports,13.0,10.0,1.0,2.0
https://www.vlr.gg/530907/nrg-vs-g2-esports-vct-2025-americas-stage-2-ubsf,0,Corrode,skuba,NRG,Viper,1.25,258,19,15,12,4,83,152,23,3,1,2,NRG,G2 Esports,13.0,10.0,1.0,2.0
https://www.vlr.gg/530907/nrg-vs-g2-esports-vct-2025-americas-stage-2-ubsf,0,Corrode,Ethan,NRG,Kayo,1.03,207,14,17,16,-3,74,145,19,1,2,-1,NRG,G2 Esports,13.0,10.0,1.0,2.0
https://www.vlr.gg/530907/nrg-vs-g2-esports-vct-2025-americas-stage-2-ubsf,0,Corrode,mada,NRG,Waylay,0.91,203,17,16,1,1,65,151,18,3,5,-2,NRG,G2 Esports,13.0,10.0,1.0,2.0
https://www.vlr.gg/530907/nrg-vs-g2-esports-vct-2025-americas-stage-2-ubsf,0,Corrode,brawk,NRG,Sova,0.72,137,10,15,2,-5,61,93,11,1,1,0,NRG,G2 Esports,13.0,10.0,1.0,2.0
https://www.vlr.gg/530907/nrg-vs-g2-esports-vct-2025-americas-stage-2-ubsf,0,Corrode,BABYBAY,G2,Viper,1.23,196,16,12,5,4,74,131,24,3,1,2,NRG,NRG,10.0,13.0,2.0,1.0
https://www.vlr.gg/530907/nrg-vs-g2-esports-vct-2025-americas-stage-2-ubsf,0,Corrode,valyn,G2,Omen,1.06,262,22,20,6,2,70,153,28,4,4,0,NRG,NRG,10.0,13.0,2.0,1.0
https://www.vlr.gg/530907/nrg-vs-g2-esports-vct-2025-americas-stage-2-ubsf,0,Corrode,JonahP,G2,Sage,0.95,142,12,15,12,-3,70,88,21,2,1,1,NRG,NRG,10.0,13.0,2.0,1.0
https://www.vlr.gg/530907/nrg-vs-g2-esports-vct-2025-americas-stage-2-ubsf,0,Corrode,jawgemo,G2,Waylay,0.8,214,18,18,4,0,52,132,27,0,5,-5,NRG,NRG,10.0,13.0,2.0,1.0
https://www.vlr.gg/530907/nrg-vs-g2-esports-vct-2025-americas-stage-2-ubsf,0,Corrode,trent,G2,Fade,0.56,104,8,17,6,-9,65,76,31,2,1,1,NRG,NRG,10.0,13.0,2.0,1.0
https://www.vlr.gg/530907/nrg-vs-g2-esports-vct-2025-americas-stage-2-ubsf,1,AllMaps,s0m,NRG,Omen,1.37,258,63,44,18,19,73,162,38,12,10,2,G2 Esports,G2 Esports,31.0,36.0,1.0,2.0
https://www.vlr.gg/530907/nrg-vs-g2-esports-vct-2025-americas-stage-2-ubsf,1,AllMaps,mada,NRG,Waylay,1.01,237,55,52,8,3,69,163,24,10,9,1,G2 Esports,G2 Esports,31.0,36.0,1.0,2.0
https://www.vlr.gg/530907/nrg-vs-g2-esports-vct-2025-americas-stage-2-ubsf,1,AllMaps,Ethan,NRG,Kayo,0.94,175,37,48,36,-11,72,118,23,2,6,-4,G2 Esports,G2 Esports,31.0,36.0,1.0,2.0
https://www.vlr.gg/530907/nrg-vs-g2-esports-vct-2025-americas-stage-2-ubsf,1,AllMaps,skuba,NRG,Viper,0.85,181,41,48,23,-7,73,114,20,5,8,-3,G2 Esports,G2 Esports,31.0,36.0,1.0,2.0
https://www.vlr.gg/530907/nrg-vs-g2-esports-vct-2025-americas-stage-2-ubsf,1,AllMaps,brawk,NRG,Sova,0.67,117,27,48,14,-21,55,83,15,1,4,-3,G2 Esports,G2 Esports,31.0,36.0,1.0,2.0
https://www.vlr.gg/530907/nrg-vs-g2-esports-vct-2025-americas-stage-2-ubsf,1,AllMaps,JonahP,G2,Sage,1.22,203,50,40,26,10,73,128,32,5,5,0,G2 Esports,NRG,36.0,31.0,2.0,1.0
https://www.vlr.gg/530907/nrg-vs-g2-esports-vct-2025-americas-stage-2-ubsf,1,AllMaps,BABYBAY,G2,Viper,1.16,208,51,40,12,11,81,132,23,9,5,4,G2 Esports,NRG,36.0,31.0,2.0,1.0
https://www.vlr.gg/530907/nrg-vs-g2-esports-vct-2025-americas-stage-2-ubsf,1,AllMaps,valyn,G2,Omen,1.15,240,59,48,24,11,75,152,30,10,5,5,G2 Esports,NRG,36.0,31.0,2.0,1.0
https://www.vlr.gg/530907/nrg-vs-g2-esports-vct-2025-americas-stage-2-ubsf,1,AllMaps,jawgemo,G2,Waylay,0.84,195,48,49,11,-1,66,127,23,6,11,-5,G2 Esports,NRG,36.0,31.0,2.0,1.0
https://www.vlr.gg/530907/nrg-vs-g2-esports-vct-2025-americas-stage-2-ubsf,1,AllMaps,trent,G2,Fade,0.74,138,32,46,16,-14,69,92,19,7,4,3,G2 Esports,NRG,36.0,31.0,2.0,1.0
https://www.vlr.gg/530907/nrg-vs-g2-esports-vct-2025-americas-stage-2-ubsf,2,Sunset,mada,NRG,Neon,1.3,306,26,18,5,8,79,192,33,5,3,2,G2 Esports,G2 Esports,11.0,13.0,1.0,2.0
https://www.vlr.gg/530907/nrg-vs-g2-esports-vct-2025-americas-stage-2-ubsf,2,Sunset,s0m,NRG,Omen,1.28,259,22,18,8,4,71,166,32,4,5,-1,G2 Esports,G2 Esports,11.0,13.0,1.0,2.0
https://www.vlr.gg/530907/nrg-vs-g2-esports-vct-2025-americas-stage-2-ubsf,2,Sunset,Ethan,NRG,Breach,1.14,198,15,15,10,0,71,134,35,1,1,0,G2 Esports,G2 Esports,11.0,13.0,1.0,2.0
https://www.vlr.gg/530907/nrg-vs-g2-esports-vct-2025-americas-stage-2-ubsf,2,Sunset,brawk,NRG,Sova,0.76,116,10,17,8,-7,67,83,17,0,1,-1,G2 Esports,G2 Esports,11.0,13.0,1.0,2.0
https://www.vlr.gg/530907/nrg-vs-g2-esports-vct-2025-americas-stage-2-ubsf,2,Sunset,skuba,NRG,Cypher,0.58,126,10,17,8,-7,71,88,21,0,4,-4,G2 Esports,G2 Esports,11.0,13.0,1.0,2.0
https://www.vlr.gg/530907/nrg-vs-g2-esports-vct-2025-americas-stage-2-ubsf,2,Sunset,JonahP,G2,Sage,1.35,214,19,13,8,6,75,132,43,3,1,2,G2 Esports,NRG,13.0,11.0,2.0,1.0
https://www.vlr.gg/530907/nrg-vs-g2-esports-vct-2025-americas-stage-2-ubsf,2,Sunset,BABYBAY,G2,Chamber,1.23,262,23,18,5,5,83,161,23,5,3,2,G2 Esports,NRG,13.0,11.0,2.0,1.0
https://www.vlr.gg/530907/nrg-vs-g2-esports-vct-2025-americas-stage-2-ubsf,2,Sunset,valyn,G2,Omen,1.12,200,17,15,12,2,71,135,32,2,0,2,G2 Esports,NRG,13.0,11.0,2.0,1.0
https://www.vlr.gg/530907/nrg-vs-g2-esports-vct-2025-americas-stage-2-ubsf,2,Sunset,jawgemo,G2,Neon,0.73,174,16,19,4,-3,71,112,21,3,3,0,G2 Esports,NRG,13.0,11.0,2.0,1.0
https://www.vlr.gg/530907/nrg-vs-g2-esports-vct-2025-americas-stage-2-ubsf,2,Sunset,trent,G2,Fade,0.54,115,10,18,2,-8,58,78,18,1,3,-2,G2 Esports,NRG,13.0,11.0,2.0,1.0
https://www.vlr.gg/530907/nrg-vs-g2-esports-vct-2025-americas-stage-2-ubsf,3,Bind,s0m,NRG,Brimstone,1.38,259,19,13,5,6,65,163,37,4,3,1,G2 Esports,G2 Esports,7.0,13.0,1.0,2.0
https://www.vlr.gg/530907/nrg-vs-g2-esports-vct-2025-americas-stage-2-ubsf,3,Bind,mada,NRG,Raze,0.79,203,12,18,2,-6,60,142,19,2,1,1,G2 Esports,G2 Esports,7.0,13.0,1.0,2.0
https://www.vlr.gg/530907/nrg-vs-g2-esports-vct-2025-americas-stage-2-ubsf,3,Bind,skuba,NRG,Viper,0.73,158,12,16,3,-4,65,102,13,2,3,-1,G2 Esports,G2 Esports,7.0,13.0,1.0,2.0
https://www.vlr.gg/530907/nrg-vs-g2-esports-vct-2025-americas-stage-2-ubsf,3,Bind,Ethan,NRG,Kayo,0.6,119,8,16,10,-8,70,68,14,0,3,-3,G2 Esports,G2 Esports,7.0,13.0,1.0,2.0
https://www.vlr.gg/530907/nrg-vs-g2-esports-vct-2025-americas-stage-2-ubsf,3,Bind,brawk,NRG,Fade,0.52,98,7,16,4,-9,35,73,21,0,2,-2,G2 Esports,G2 Esports,7.0,13.0,1.0,2.0
https://www.vlr.gg/530907/nrg-vs-g2-esports-vct-2025-americas-stage-2-ubsf,3,Bind,JonahP,G2,Fade,1.38,253,19,12,6,7,75,168,29,0,3,-3,G2 Esports,NRG,13.0,7.0,2.0,1.0
https://www.vlr.gg/530907/nrg-vs-g2-esports-vct-2025-americas-stage-2-ubsf,3,Bind,valyn,G2,Brimstone,1.28,259,20,13,6,7,85,171,31,4,1,3,G2 Esports,NRG,13.0,7.0,2.0,1.0
https://www.vlr.gg/530907/nrg-vs-g2-esports-vct-2025-americas-stage-2-ubsf,3,Bind,trent,G2,Tejo,1.19,195,14,11,8,3,85,126,13,4,0,4,G2 Esports,NRG,13.0,7.0,2.0,1.0
https://www.vlr.gg/530907/nrg-vs-g2-esports-vct-2025-americas-stage-2-ubsf,3,Bind,BABYBAY,G2,Deadlock,1.02,165,12,10,2,2,85,100,22,1,1,0,G2 Esports,NRG,13.0,7.0,2.0,1.0
https://www.vlr.gg/530907/nrg-vs-g2-esports-vct-2025-americas-stage-2-ubsf,3,Bind,jawgemo,G2,Yoru,1.01,196,14,12,3,2,75,138,21,3,3,0,G2 Esports,NRG,13.0,7.0,2.0,1.0
https://www.vlr.gg/530910/sentinels-vs-g2-esports-vct-2025-americas-stage-2-ubf,0,Bind,bang,SEN,Viper,1.17,230,17,14,4,3,76,141,40,2,0,2,G2 Esports,Sentinels,13.0,8.0,2.0,0.0
https://www.vlr.gg/530910/sentinels-vs-g2-esports-vct-2025-americas-stage-2-ubf,0,Bind,zekken,SEN,Raze,0.82,210,13,17,4,-4,57,144,19,3,3,0,G2 Esports,Sentinels,13.0,8.0,2.0,0.0
https://www.vlr.gg/530910/sentinels-vs-g2-esports-vct-2025-americas-stage-2-ubf,0,Bind,Zellsis,SEN,Brimstone,0.81,135,10,15,7,-5,62,88,16,0,1,-1,G2 Esports,Sentinels,13.0,8.0,2.0,0.0
https://www.vlr.gg/530910/sentinels-vs-g2-esports-vct-2025-americas-stage-2-ubf,0,Bind,N4RRATE,SEN,Yoru,0.8,202,14,16,3,-2,67,115,26,6,5,1,G2 Esports,Sentinels,13.0,8.0,2.0,0.0
https://www.vlr.gg/530910/sentinels-vs-g2-esports-vct-2025-americas-stage-2-ubf,0,Bind,johnqt,SEN,Fade,0.77,122,8,12,10,-4,81,71,14,0,1,-1,G2 Esports,Sentinels,13.0,8.0,2.0,0.0
https://www.vlr.gg/530910/sentinels-vs-g2-esports-vct-2025-americas-stage-2-ubf,0,Bind,valyn,G2,Brimstone,1.21,195,15,11,7,4,86,131,30,1,2,-1,G2 Esports,Sentinels,13.0,8.0,2.0,0.0
https://www.vlr.gg/530910/sentinels-vs-g2-esports-vct-2025-americas-stage-2-ubf,0,Bind,JonahP,G2,Fade,1.17,186,14,9,10,5,81,107,29,1,1,0,G2 Esports,Sentinels,13.0,8.0,2.0,0.0
https://www.vlr.gg/530910/sentinels-vs-g2-esports-vct-2025-americas-stage-2-ubf,0,Bind,leaf,G2,Deadlock,1.15,243,16,14,8,2,76,162,30,3,2,1,G2 Esports,Sentinels,13.0,8.0,2.0,0.0
https://www.vlr.gg/530910/sentinels-vs-g2-esports-vct-2025-americas-stage-2-ubf,0,Bind,jawgemo,G2,Yoru,1.11,227,18,14,5,4,81,132,19,3,3,0,G2 Esports,Sentinels,13.0,8.0,2.0,0.0
https://www.vlr.gg/530910/sentinels-vs-g2-esports-vct-2025-americas-stage-2-ubf,0,Bind,trent,G2,Tejo,0.79,144,11,14,6,-3,62,97,24,2,3,-1,G2 Esports,Sentinels,13.0,8.0,2.0,0.0
https://www.vlr.gg/530910/sentinels-vs-g2-esports-vct-2025-americas-stage-2-ubf,1,AllMaps,bang,SEN,Viper,1.14,208,32,28,10,4,72,131,40,3,0,3,G2 Esports,Sentinels,26.0,17.0,2.0,0.0
https://www.vlr.gg/530910/sentinels-vs-g2-esports-vct-2025-americas-stage-2-ubf,1,AllMaps,johnqt,SEN,Fade,1.03,179,28,28,14,0,77,118,27,4,1,3,G2 Esports,Sentinels,26.0,17.0,2.0,0.0
https://www.vlr.gg/530910/sentinels-vs-g2-esports-vct-2025-americas-stage-2-ubf,1,AllMaps,Zellsis,SEN,Brimstone,1.0,194,28,31,21,-3,77,129,23,0,2,-2,G2 Esports,Sentinels,26.0,17.0,2.0,0.0
https://www.vlr.gg/530910/sentinels-vs-g2-esports-vct-2025-americas-stage-2-ubf,1,AllMaps,N4RRATE,SEN,Yoru,0.89,216,30,34,13,-4,72,131,19,11,8,3,G2 Esports,Sentinels,26.0,17.0,2.0,0.0
https://www.vlr.gg/530910/sentinels-vs-g2-esports-vct-2025-americas-stage-2-ubf,1,AllMaps,zekken,SEN,Raze,0.7,194,25,36,14,-11,63,133,20,7,7,0,G2 Esports,Sentinels,26.0,17.0,2.0,0.0
https://www.vlr.gg/530910/sentinels-vs-g2-esports-vct-2025-americas-stage-2-ubf,1,AllMaps,leaf,G2,Deadlock,1.23,241,35,29,11,6,74,161,25,4,4,0,G2 Esports,Sentinels,26.0,17.0,2.0,0.0
https://www.vlr.gg/530910/sentinels-vs-g2-esports-vct-2025-americas-stage-2-ubf,1,AllMaps,JonahP,G2,Fade,1.09,191,30,24,14,6,74,117,24,2,3,-1,G2 Esports,Sentinels,26.0,17.0,2.0,0.0
https://www.vlr.gg/530910/sentinels-vs-g2-esports-vct-2025-americas-stage-2-ubf,1,AllMaps,jawgemo,G2,Yoru,1.02,241,38,32,7,6,72,138,17,7,10,-3,G2 Esports,Sentinels,26.0,17.0,2.0,0.0
https://www.vlr.gg/530910/sentinels-vs-g2-esports-vct-2025-americas-stage-2-ubf,1,AllMaps,trent,G2,Tejo,0.98,183,26,29,22,-3,72,124,30,2,3,-1,G2 Esports,Sentinels,26.0,17.0,2.0,0.0
https://www.vlr.gg/530910/sentinels-vs-g2-esports-vct-2025-americas-stage-2-ubf,1,AllMaps,valyn,G2,Brimstone,0.94,178,28,29,15,-1,79,114,31,3,5,-2,G2 Esports,Sentinels,26.0,17.0,2.0,0.0
https://www.vlr.gg/530910/sentinels-vs-g2-esports-vct-2025-americas-stage-2-ubf,2,Sunset,johnqt,SEN,Cypher,1.28,236,20,16,4,4,73,163,35,4,0,4,G2 Esports,Sentinels,13.0,9.0,2.0,0.0
https://www.vlr.gg/530910/sentinels-vs-g2-esports-vct-2025-americas-stage-2-ubf,2,Sunset,Zellsis,SEN,Breach,1.19,253,18,16,14,2,91,169,27,0,1,-1,G2 Esports,Sentinels,13.0,9.0,2.0,0.0
https://www.vlr.gg/530910/sentinels-vs-g2-esports-vct-2025-americas-stage-2-ubf,2,Sunset,bang,SEN,Omen,1.11,185,15,14,6,1,68,122,39,1,0,1,G2 Esports,Sentinels,13.0,9.0,2.0,0.0
https://www.vlr.gg/530910/sentinels-vs-g2-esports-vct-2025-americas-stage-2-ubf,2,Sunset,N4RRATE,SEN,Fade,0.97,230,16,18,10,-2,77,146,14,5,3,2,G2 Esports,Sentinels,13.0,9.0,2.0,0.0
https://www.vlr.gg/530910/sentinels-vs-g2-esports-vct-2025-americas-stage-2-ubf,2,Sunset,zekken,SEN,Neon,0.59,178,12,19,10,-7,68,122,21,4,4,0,G2 Esports,Sentinels,13.0,9.0,2.0,0.0
https://www.vlr.gg/530910/sentinels-vs-g2-esports-vct-2025-americas-stage-2-ubf,2,Sunset,leaf,G2,Chamber,1.3,239,19,15,3,4,73,159,19,1,2,-1,G2 Esports,Sentinels,13.0,9.0,2.0,0.0
https://www.vlr.gg/530910/sentinels-vs-g2-esports-vct-2025-americas-stage-2-ubf,2,Sunset,trent,G2,Fade,1.17,222,15,15,16,0,82,150,35,0,0,0,G2 Esports,Sentinels,13.0,9.0,2.0,0.0
https://www.vlr.gg/530910/sentinels-vs-g2-esports-vct-2025-americas-stage-2-ubf,2,Sunset,JonahP,G2,Sage,1.01,195,16,15,4,1,68,126,22,1,2,-1,G2 Esports,Sentinels,13.0,9.0,2.0,0.0
https://www.vlr.gg/530910/sentinels-vs-g2-esports-vct-2025-americas-stage-2-ubf,2,Sunset,jawgemo,G2,Neon,0.92,254,20,18,2,2,64,143,15,4,7,-3,G2 Esports,Sentinels,13.0,9.0,2.0,0.0
https://www.vlr.gg/530910/sentinels-vs-g2-esports-vct-2025-americas-stage-2-ubf,2,Sunset,valyn,G2,Omen,0.69,160,13,18,8,-5,73,99,32,2,3,-1,G2 Esports,Sentinels,13.0,9.0,2.0,0.0
https://www.vlr.gg/530913/g2-esports-vs-nrg-vct-2025-americas-stage-2-gf,0,Bind,valyn,G2,Brimstone,1.1,189,15,15,15,0,71,125,28,3,0,3,G2 Esports,G2 Esports,11.0,13.0,0.0,3.0
https://www.vlr.gg/530913/g2-esports-vs-nrg-vct-2025-americas-stage-2-gf,0,Bind,jawgemo,G2,Yoru,1.06,217,18,16,2,2,67,146,19,4,3,1,G2 Esports,G2 Esports,11.0,13.0,0.0,3.0
https://www.vlr.gg/530913/g2-esports-vs-nrg-vct-2025-americas-stage-2-gf,0,Bind,JonahP,G2,Fade,1.06,204,16,16,9,0,75,132,25,1,3,-2,G2 Esports,G2 Esports,11.0,13.0,0.0,3.0
https://www.vlr.gg/530913/g2-esports-vs-nrg-vct-2025-americas-stage-2-gf,0,Bind,trent,G2,Tejo,0.88,169,16,17,2,-1,54,98,21,2,2,0,G2 Esports,G2 Esports,11.0,13.0,0.0,3.0
https://www.vlr.gg/530913/g2-esports-vs-nrg-vct-2025-americas-stage-2-gf,0,Bind,leaf,G2,Deadlock,0.75,170,15,19,5,-4,46,110,31,4,2,2,G2 Esports,G2 Esports,11.0,13.0,0.0,3.0
https://www.vlr.gg/530913/g2-esports-vs-nrg-vct-2025-americas-stage-2-gf,0,Bind,Ethan,NRG,Kayo,1.23,214,18,15,12,3,67,134,25,2,2,0,G2 Esports,G2 Esports,11.0,13.0,0.0,3.0
https://www.vlr.gg/530913/g2-esports-vs-nrg-vct-2025-americas-stage-2-gf,0,Bind,skuba,NRG,Viper,1.12,187,18,13,6,5,75,115,26,2,2,0,G2 Esports,G2 Esports,11.0,13.0,0.0,3.0
https://www.vlr.gg/530913/g2-esports-vs-nrg-vct-2025-americas-stage-2-gf,0,Bind,brawk,NRG,Fade,1.08,206,17,16,8,1,67,135,26,1,1,0,G2 Esports,G2 Esports,11.0,13.0,0.0,3.0
https://www.vlr.gg/530913/g2-esports-vs-nrg-vct-2025-americas-stage-2-gf,0,Bind,s0m,NRG,Brimstone,1.06,205,16,18,13,-2,83,142,22,0,2,-2,G2 Esports,G2 Esports,11.0,13.0,0.0,3.0
https://www.vlr.gg/530913/g2-esports-vs-nrg-vct-2025-americas-stage-2-gf,0,Bind,mada,NRG,Raze,0.78,183,14,18,7,-4,63,113,12,5,7,-2,G2 Esports,G2 Esports,11.0,13.0,0.0,3.0
https://www.vlr.gg/530913/g2-esports-vs-nrg-vct-2025-americas-stage-2-gf,1,AllMaps,valyn,G2,Brimstone,1.07,189,45,43,31,2,71,122,27,5,1,4,G2 Esports,G2 Esports,29.0,39.0,0.0,3.0
https://www.vlr.gg/530913/g2-esports-vs-nrg-vct-2025-americas-stage-2-gf,1,AllMaps,trent,G2,Tejo,1.04,189,49,43,11,6,65,129,31,5,6,-1,G2 Esports,G2 Esports,29.0,39.0,0.0,3.0
https://www.vlr.gg/530913/g2-esports-vs-nrg-vct-2025-americas-stage-2-gf,1,AllMaps,JonahP,G2,Fade,1.01,204,47,46,24,1,72,126,18,9,7,2,G2 Esports,G2 Esports,29.0,39.0,0.0,3.0
https://www.vlr.gg/530913/g2-esports-vs-nrg-vct-2025-americas-stage-2-gf,1,AllMaps,jawgemo,G2,Yoru,0.96,197,47,48,8,-1,69,123,18,8,7,1,G2 Esports,G2 Esports,29.0,39.0,0.0,3.0
https://www.vlr.gg/530913/g2-esports-vs-nrg-vct-2025-americas-stage-2-gf,1,AllMaps,leaf,G2,Deadlock,0.96,192,48,46,11,2,60,126,28,12,8,4,G2 Esports,G2 Esports,29.0,39.0,0.0,3.0
https://www.vlr.gg/530913/g2-esports-vs-nrg-vct-2025-americas-stage-2-gf,1,AllMaps,skuba,NRG,Viper,1.09,187,49,40,20,9,71,116,29,5,7,-2,G2 Esports,G2 Esports,29.0,39.0,0.0,3.0
https://www.vlr.gg/530913/g2-esports-vs-nrg-vct-2025-americas-stage-2-gf,1,AllMaps,s0m,NRG,Brimstone,0.99,187,44,50,25,-6,79,120,31,2,4,-2,G2 Esports,G2 Esports,29.0,39.0,0.0,3.0
https://www.vlr.gg/530913/g2-esports-vs-nrg-vct-2025-americas-stage-2-gf,1,AllMaps,Ethan,NRG,Kayo,0.98,190,43,47,30,-4,68,131,25,2,4,-2,G2 Esports,G2 Esports,29.0,39.0,0.0,3.0
https://www.vlr.gg/530913/g2-esports-vs-nrg-vct-2025-americas-stage-2-gf,1,AllMaps,brawk,NRG,Fade,0.97,187,45,45,18,0,71,126,20,5,4,1,G2 Esports,G2 Esports,29.0,39.0,0.0,3.0
https://www.vlr.gg/530913/g2-esports-vs-nrg-vct-2025-americas-stage-2-gf,1,AllMaps,mada,NRG,Raze,0.83,205,44,54,17,-10,63,130,20,15,20,-5,G2 Esports,G2 Esports,29.0,39.0,0.0,3.0
https://www.vlr.gg/530913/g2-esports-vs-nrg-vct-2025-americas-stage-2-gf,2,Lotus,valyn,G2,Omen,1.23,239,18,14,7,4,76,157,27,1,0,1,G2 Esports,G2 Esports,8.0,13.0,0.0,3.0
https://www.vlr.gg/530913/g2-esports-vs-nrg-vct-2025-americas-stage-2-gf,2,Lotus,jawgemo,G2,Yoru,1.14,221,17,15,1,2,67,125,13,3,2,1,G2 Esports,G2 Esports,8.0,13.0,0.0,3.0
https://www.vlr.gg/530913/g2-esports-vs-nrg-vct-2025-americas-stage-2-gf,2,Lotus,JonahP,G2,Fade,1.14,221,16,14,9,2,76,132,11,3,2,1,G2 Esports,G2 Esports,8.0,13.0,0.0,3.0
https://www.vlr.gg/530913/g2-esports-vs-nrg-vct-2025-americas-stage-2-gf,2,Lotus,trent,G2,Tejo,0.93,184,15,13,5,2,76,141,41,2,2,0,G2 Esports,G2 Esports,8.0,13.0,0.0,3.0
https://www.vlr.gg/530913/g2-esports-vs-nrg-vct-2025-americas-stage-2-gf,2,Lotus,leaf,G2,Viper,0.91,165,13,12,3,1,67,113,23,3,3,0,G2 Esports,G2 Esports,8.0,13.0,0.0,3.0
https://www.vlr.gg/530913/g2-esports-vs-nrg-vct-2025-americas-stage-2-gf,2,Lotus,s0m,NRG,Omen,1.17,219,16,15,7,1,81,134,40,1,0,1,G2 Esports,G2 Esports,8.0,13.0,0.0,3.0
https://www.vlr.gg/530913/g2-esports-vs-nrg-vct-2025-americas-stage-2-gf,2,Lotus,skuba,NRG,Viper,1.16,216,17,13,6,4,67,134,26,2,3,-1,G2 Esports,G2 Esports,8.0,13.0,0.0,3.0
https://www.vlr.gg/530913/g2-esports-vs-nrg-vct-2025-americas-stage-2-gf,2,Lotus,Ethan,NRG,Fade,0.73,174,13,16,5,-3,67,124,21,0,1,-1,G2 Esports,G2 Esports,8.0,13.0,0.0,3.0
https://www.vlr.gg/530913/g2-esports-vs-nrg-vct-2025-americas-stage-2-gf,2,Lotus,mada,NRG,Raze,0.71,203,13,19,4,-6,52,131,17,5,6,-1,G2 Esports,G2 Esports,8.0,13.0,0.0,3.0
https://www.vlr.gg/530913/g2-esports-vs-nrg-vct-2025-americas-stage-2-gf,2,Lotus,brawk,NRG,Vyse,0.48,121,8,16,5,-8,71,77,10,1,2,-1,G2 Esports,G2 Esports,8.0,13.0,0.0,3.0
https://www.vlr.gg/530913/g2-esports-vs-nrg-vct-2025-americas-stage-2-gf,3,Ascent,trent,G2,Sova,1.32,213,18,13,4,5,65,150,33,1,2,-1,G2 Esports,G2 Esports,10.0,13.0,0.0,3.0
https://www.vlr.gg/530913/g2-esports-vs-nrg-vct-2025-americas-stage-2-gf,3,Ascent,leaf,G2,Chamber,1.23,240,20,15,3,5,70,155,30,5,3,2,G2 Esports,G2 Esports,10.0,13.0,0.0,3.0
https://www.vlr.gg/530913/g2-esports-vs-nrg-vct-2025-americas-stage-2-gf,3,Ascent,valyn,G2,Omen,0.88,138,12,14,9,-2,65,87,26,1,1,0,G2 Esports,G2 Esports,10.0,13.0,0.0,3.0
https://www.vlr.gg/530913/g2-esports-vs-nrg-vct-2025-americas-stage-2-gf,3,Ascent,JonahP,G2,Vyse,0.85,186,15,16,6,-1,65,113,20,5,2,3,G2 Esports,G2 Esports,10.0,13.0,0.0,3.0
https://www.vlr.gg/530913/g2-esports-vs-nrg-vct-2025-americas-stage-2-gf,3,Ascent,jawgemo,G2,Yoru,0.71,152,12,17,5,-5,74,97,24,1,2,-1,G2 Esports,G2 Esports,10.0,13.0,0.0,3.0
https://www.vlr.gg/530913/g2-esports-vs-nrg-vct-2025-americas-stage-2-gf,3,Ascent,brawk,NRG,Sova,1.31,233,20,13,5,7,74,159,20,3,1,2,G2 Esports,G2 Esports,10.0,13.0,0.0,3.0
https://www.vlr.gg/530913/g2-esports-vs-nrg-vct-2025-americas-stage-2-gf,3,Ascent,mada,NRG,Jett,1.0,230,17,17,6,0,74,148,28,5,7,-2,G2 Esports,G2 Esports,10.0,13.0,0.0,3.0
https://www.vlr.gg/530913/g2-esports-vs-nrg-vct-2025-americas-stage-2-gf,3,Ascent,skuba,NRG,Vyse,1.0,159,14,14,8,0,70,100,39,1,2,-1,G2 Esports,G2 Esports,10.0,13.0,0.0,3.0
https://www.vlr.gg/530913/g2-esports-vs-nrg-vct-2025-americas-stage-2-gf,3,Ascent,Ethan,NRG,Kayo,0.93,181,12,16,13,-4,70,133,31,0,1,-1,G2 Esports,G2 Esports,10.0,13.0,0.0,3.0
https://www.vlr.gg/530913/g2-esports-vs-nrg-vct-2025-americas-stage-2-gf,3,Ascent,s0m,NRG,Omen,0.76,138,12,17,5,-5,74,83,33,1,2,-1,G2 Esports,G2 Esports,10.0,13.0,0.0,3.0
https://www.vlr.gg/530904/leviat-n-vs-kr-esports-vct-2025-americas-stage-2-lr1,0,Lotus,C0M,LEV,Fade,1.34,224,20,14,6,6,69,150,24,2,0,2,LEVIATÁN,LEVIATÁN,12.0,14.0,1.0,2.0
https://www.vlr.gg/530904/leviat-n-vs-kr-esports-vct-2025-americas-stage-2-lr1,0,Lotus,Okeanos,LEV,Omen,1.27,197,19,15,12,4,81,129,40,3,3,0,LEVIATÁN,LEVIATÁN,12.0,14.0,1.0,2.0
https://www.vlr.gg/530904/leviat-n-vs-kr-esports-vct-2025-americas-stage-2-lr1,0,Lotus,kiNgg,LEV,Viper,1.22,193,16,13,5,3,69,126,25,0,0,0,LEVIATÁN,LEVIATÁN,12.0,14.0,1.0,2.0
https://www.vlr.gg/530904/leviat-n-vs-kr-esports-vct-2025-americas-stage-2-lr1,0,Lotus,Sato,LEV,Raze,1.14,271,24,21,4,3,73,182,37,6,5,1,LEVIATÁN,LEVIATÁN,12.0,14.0,1.0,2.0
https://www.vlr.gg/530904/leviat-n-vs-kr-esports-vct-2025-americas-stage-2-lr1,0,Lotus,tex,LEV,Vyse,0.5,110,10,19,1,-9,62,73,24,2,5,-3,LEVIATÁN,LEVIATÁN,12.0,14.0,1.0,2.0
https://www.vlr.gg/530904/leviat-n-vs-kr-esports-vct-2025-americas-stage-2-lr1,0,Lotus,Mazino,KRÜ,Fade,1.21,264,22,16,8,6,81,174,36,3,2,1,LEVIATÁN,LEVIATÁN,12.0,14.0,1.0,2.0
https://www.vlr.gg/530904/leviat-n-vs-kr-esports-vct-2025-americas-stage-2-lr1,0,Lotus,Dantedeu5,KRÜ,Yoru,0.98,225,20,18,3,2,65,139,38,6,3,3,LEVIATÁN,LEVIATÁN,12.0,14.0,1.0,2.0
https://www.vlr.gg/530904/leviat-n-vs-kr-esports-vct-2025-americas-stage-2-lr1,0,Lotus,Shyy,KRÜ,Viper,0.9,166,15,16,5,-1,65,107,39,1,2,-1,LEVIATÁN,LEVIATÁN,12.0,14.0,1.0,2.0
https://www.vlr.gg/530904/leviat-n-vs-kr-esports-vct-2025-americas-stage-2-lr1,0,Lotus,keznit,KRÜ,Raze,0.81,204,17,20,4,-3,65,135,19,2,3,-1,LEVIATÁN,LEVIATÁN,12.0,14.0,1.0,2.0
https://www.vlr.gg/530904/leviat-n-vs-kr-esports-vct-2025-americas-stage-2-lr1,0,Lotus,Melser,KRÜ,Omen,0.49,77,8,19,7,-11,65,49,22,1,3,-2,LEVIATÁN,LEVIATÁN,12.0,14.0,1.0,2.0
https://www.vlr.gg/530904/leviat-n-vs-kr-esports-vct-2025-americas-stage-2-lr1,1,AllMaps,kiNgg,LEV,Viper,1.24,211,51,36,17,15,74,128,26,4,3,1,LEVIATÁN,LEVIATÁN,33.0,33.0,1.0,2.0
https://www.vlr.gg/530904/leviat-n-vs-kr-esports-vct-2025-americas-stage-2-lr1,1,AllMaps,C0M,LEV,Fade,1.13,196,45,39,18,6,71,128,23,3,4,-1,LEVIATÁN,LEVIATÁN,33.0,33.0,1.0,2.0
https://www.vlr.gg/530904/leviat-n-vs-kr-esports-vct-2025-americas-stage-2-lr1,1,AllMaps,Okeanos,LEV,Omen,1.09,202,45,48,28,-3,83,136,32,5,5,0,LEVIATÁN,LEVIATÁN,33.0,33.0,1.0,2.0
https://www.vlr.gg/530904/leviat-n-vs-kr-esports-vct-2025-americas-stage-2-lr1,1,AllMaps,Sato,LEV,Raze,1.06,229,53,50,15,3,77,161,33,12,12,0,LEVIATÁN,LEVIATÁN,33.0,33.0,1.0,2.0
https://www.vlr.gg/530904/leviat-n-vs-kr-esports-vct-2025-americas-stage-2-lr1,1,AllMaps,tex,LEV,Vyse,0.79,163,36,48,12,-12,68,103,27,10,8,2,LEVIATÁN,LEVIATÁN,33.0,33.0,1.0,2.0
https://www.vlr.gg/530904/leviat-n-vs-kr-esports-vct-2025-americas-stage-2-lr1,1,AllMaps,Mazino,KRÜ,Fade,1.08,224,51,44,17,7,77,151,26,7,5,2,LEVIATÁN,LEVIATÁN,33.0,33.0,1.0,2.0
https://www.vlr.gg/530904/leviat-n-vs-kr-esports-vct-2025-americas-stage-2-lr1,1,AllMaps,Shyy,KRÜ,Viper,0.97,203,43,47,20,-4,70,138,30,6,4,2,LEVIATÁN,LEVIATÁN,33.0,33.0,1.0,2.0
https://www.vlr.gg/530904/leviat-n-vs-kr-esports-vct-2025-americas-stage-2-lr1,1,AllMaps,keznit,KRÜ,Raze,0.93,216,48,48,10,0,64,139,20,8,10,-2,LEVIATÁN,LEVIATÁN,33.0,33.0,1.0,2.0
https://www.vlr.gg/530904/leviat-n-vs-kr-esports-vct-2025-americas-stage-2-lr1,1,AllMaps,Dantedeu5,KRÜ,Yoru,0.88,185,42,47,16,-5,64,122,29,10,9,1,LEVIATÁN,LEVIATÁN,33.0,33.0,1.0,2.0
https://www.vlr.gg/530904/leviat-n-vs-kr-esports-vct-2025-americas-stage-2-lr1,1,AllMaps,Melser,KRÜ,Omen,0.83,143,37,44,21,-7,73,87,25,1,6,-5,LEVIATÁN,LEVIATÁN,33.0,33.0,1.0,2.0
https://www.vlr.gg/530904/leviat-n-vs-kr-esports-vct-2025-americas-stage-2-lr1,2,Sunset,Okeanos,LEV,Kayo,1.23,242,15,16,11,-1,84,175,40,2,1,1,VISA KRÜ(KRÜ Esports),LEVIATÁN,13.0,6.0,1.0,2.0
https://www.vlr.gg/530904/leviat-n-vs-kr-esports-vct-2025-americas-stage-2-lr1,2,Sunset,kiNgg,LEV,Omen,1.05,230,16,14,8,2,79,133,30,0,2,-2,VISA KRÜ(KRÜ Esports),LEVIATÁN,13.0,6.0,1.0,2.0
https://www.vlr.gg/530904/leviat-n-vs-kr-esports-vct-2025-americas-stage-2-lr1,2,Sunset,tex,LEV,Vyse,0.91,171,12,14,5,-2,74,110,28,3,2,1,VISA KRÜ(KRÜ Esports),LEVIATÁN,13.0,6.0,1.0,2.0
https://www.vlr.gg/530904/leviat-n-vs-kr-esports-vct-2025-americas-stage-2-lr1,2,Sunset,C0M,LEV,Sova,0.75,157,9,14,4,-5,63,95,18,0,2,-2,VISA KRÜ(KRÜ Esports),LEVIATÁN,13.0,6.0,1.0,2.0
https://www.vlr.gg/530904/leviat-n-vs-kr-esports-vct-2025-americas-stage-2-lr1,2,Sunset,Sato,LEV,Neon,0.7,175,11,16,5,-5,74,115,21,4,3,1,VISA KRÜ(KRÜ Esports),LEVIATÁN,13.0,6.0,1.0,2.0
https://www.vlr.gg/530904/leviat-n-vs-kr-esports-vct-2025-americas-stage-2-lr1,2,Sunset,keznit,KRÜ,Yoru,1.36,298,21,12,2,9,68,181,17,5,2,3,VISA KRÜ(KRÜ Esports),LEVIATÁN,13.0,6.0,1.0,2.0
https://www.vlr.gg/530904/leviat-n-vs-kr-esports-vct-2025-americas-stage-2-lr1,2,Sunset,Shyy,KRÜ,Cypher,1.14,209,14,13,5,1,68,152,29,1,1,0,VISA KRÜ(KRÜ Esports),LEVIATÁN,13.0,6.0,1.0,2.0
https://www.vlr.gg/530904/leviat-n-vs-kr-esports-vct-2025-americas-stage-2-lr1,2,Sunset,Mazino,KRÜ,Sova,1.11,221,16,12,4,4,84,139,20,2,2,0,VISA KRÜ(KRÜ Esports),LEVIATÁN,13.0,6.0,1.0,2.0
https://www.vlr.gg/530904/leviat-n-vs-kr-esports-vct-2025-americas-stage-2-lr1,2,Sunset,Melser,KRÜ,Omen,0.98,159,12,12,8,0,74,108,20,0,1,-1,VISA KRÜ(KRÜ Esports),LEVIATÁN,13.0,6.0,1.0,2.0
https://www.vlr.gg/530904/leviat-n-vs-kr-esports-vct-2025-americas-stage-2-lr1,2,Sunset,Dantedeu5,KRÜ,Neon,0.87,184,11,14,7,-3,63,132,19,2,3,-1,VISA KRÜ(KRÜ Esports),LEVIATÁN,13.0,6.0,1.0,2.0
https://www.vlr.gg/530904/leviat-n-vs-kr-esports-vct-2025-americas-stage-2-lr1,3,Haven,kiNgg,LEV,Omen,1.43,209,19,9,4,10,76,127,22,4,1,3,LEVIATÁN,LEVIATÁN,8.0,13.0,1.0,2.0
https://www.vlr.gg/530904/leviat-n-vs-kr-esports-vct-2025-americas-stage-2-lr1,3,Haven,Sato,LEV,Yoru,1.28,242,18,13,6,5,86,177,36,2,4,-2,LEVIATÁN,LEVIATÁN,8.0,13.0,1.0,2.0
https://www.vlr.gg/530904/leviat-n-vs-kr-esports-vct-2025-americas-stage-2-lr1,3,Haven,C0M,LEV,Sova,1.21,206,16,11,8,5,81,131,29,1,2,-1,LEVIATÁN,LEVIATÁN,8.0,13.0,1.0,2.0
https://www.vlr.gg/530904/leviat-n-vs-kr-esports-vct-2025-americas-stage-2-lr1,3,Haven,tex,LEV,Cypher,1.04,209,14,15,6,-1,71,135,29,5,1,4,LEVIATÁN,LEVIATÁN,8.0,13.0,1.0,2.0
https://www.vlr.gg/530904/leviat-n-vs-kr-esports-vct-2025-americas-stage-2-lr1,3,Haven,Okeanos,LEV,Neon,0.74,166,11,17,5,-6,86,111,18,0,1,-1,LEVIATÁN,LEVIATÁN,8.0,13.0,1.0,2.0
https://www.vlr.gg/530904/leviat-n-vs-kr-esports-vct-2025-americas-stage-2-lr1,3,Haven,Melser,KRÜ,Omen,1.13,194,17,13,6,4,81,114,31,0,2,-2,LEVIATÁN,LEVIATÁN,8.0,13.0,1.0,2.0
https://www.vlr.gg/530904/leviat-n-vs-kr-esports-vct-2025-americas-stage-2-lr1,3,Haven,Shyy,KRÜ,Cypher,0.91,235,14,18,10,-4,76,164,23,4,1,3,LEVIATÁN,LEVIATÁN,8.0,13.0,1.0,2.0
https://www.vlr.gg/530904/leviat-n-vs-kr-esports-vct-2025-americas-stage-2-lr1,3,Haven,Mazino,KRÜ,Sova,0.88,187,13,16,5,-3,67,135,19,2,1,1,LEVIATÁN,LEVIATÁN,8.0,13.0,1.0,2.0
https://www.vlr.gg/530904/leviat-n-vs-kr-esports-vct-2025-americas-stage-2-lr1,3,Haven,Dantedeu5,KRÜ,Yoru,0.77,147,11,15,6,-4,62,90,32,2,3,-1,LEVIATÁN,LEVIATÁN,8.0,13.0,1.0,2.0
https://www.vlr.gg/530904/leviat-n-vs-kr-esports-vct-2025-americas-stage-2-lr1,3,Haven,keznit,KRÜ,Iso,0.69,145,10,16,4,-6,57,104,26,1,5,-4,LEVIATÁN,LEVIATÁN,8.0,13.0,1.0,2.0
https://www.vlr.gg/530905/100-thieves-vs-evil-geniuses-vct-2025-americas-stage-2-lr1,0,Bind,Asuna,100T,Raze,1.92,304,20,5,4,15,94,201,11,3,0,3,100 Thieves,100 Thieves,4.0,13.0,0.0,2.0
https://www.vlr.gg/530905/100-thieves-vs-evil-geniuses-vct-2025-americas-stage-2-lr1,0,Bind,Cryocells,100T,Yoru,1.3,218,15,8,4,7,88,128,16,3,2,1,100 Thieves,100 Thieves,4.0,13.0,0.0,2.0
https://www.vlr.gg/530905/100-thieves-vs-evil-geniuses-vct-2025-americas-stage-2-lr1,0,Bind,Kess,100T,Brimstone,1.17,260,15,12,8,3,65,151,24,2,1,1,100 Thieves,100 Thieves,4.0,13.0,0.0,2.0
https://www.vlr.gg/530905/100-thieves-vs-evil-geniuses-vct-2025-americas-stage-2-lr1,0,Bind,eeiu,100T,Fade,1.11,149,10,7,11,3,71,90,26,2,2,0,100 Thieves,100 Thieves,4.0,13.0,0.0,2.0
https://www.vlr.gg/530905/100-thieves-vs-evil-geniuses-vct-2025-americas-stage-2-lr1,0,Bind,zander,100T,Viper,0.95,176,10,10,4,0,76,126,36,2,0,2,100 Thieves,100 Thieves,4.0,13.0,0.0,2.0
https://www.vlr.gg/530905/100-thieves-vs-evil-geniuses-vct-2025-americas-stage-2-lr1,0,Bind,icy,EG,Raze,0.94,196,10,15,4,-5,47,136,26,2,3,-1,100 Thieves,100 Thieves,4.0,13.0,0.0,2.0
https://www.vlr.gg/530905/100-thieves-vs-evil-geniuses-vct-2025-americas-stage-2-lr1,0,Bind,yay,EG,Brimstone,0.93,188,11,13,7,-2,71,120,30,1,1,0,100 Thieves,100 Thieves,4.0,13.0,0.0,2.0
https://www.vlr.gg/530905/100-thieves-vs-evil-geniuses-vct-2025-americas-stage-2-lr1,0,Bind,NaturE,EG,Fade,0.86,174,11,13,4,-2,71,105,15,1,3,-2,100 Thieves,100 Thieves,4.0,13.0,0.0,2.0
https://www.vlr.gg/530905/100-thieves-vs-evil-geniuses-vct-2025-americas-stage-2-lr1,0,Bind,Derrek,EG,Gekko,0.48,106,6,15,4,-9,53,78,31,0,2,-2,100 Thieves,100 Thieves,4.0,13.0,0.0,2.0
https://www.vlr.gg/530905/100-thieves-vs-evil-geniuses-vct-2025-americas-stage-2-lr1,0,Bind,supamen,EG,Viper,0.37,82,4,14,2,-10,59,63,22,1,3,-2,100 Thieves,100 Thieves,4.0,13.0,0.0,2.0
https://www.vlr.gg/530905/100-thieves-vs-evil-geniuses-vct-2025-americas-stage-2-lr1,1,AllMaps,Cryocells,100T,Yoru,1.34,241,39,25,9,14,84,151,30,11,3,8,100 Thieves,100 Thieves,16.0,27.0,0.0,2.0
https://www.vlr.gg/530905/100-thieves-vs-evil-geniuses-vct-2025-americas-stage-2-lr1,1,AllMaps,eeiu,100T,Fade,1.27,208,36,23,17,13,77,133,26,4,4,0,100 Thieves,100 Thieves,16.0,27.0,0.0,2.0
https://www.vlr.gg/530905/100-thieves-vs-evil-geniuses-vct-2025-americas-stage-2-lr1,1,AllMaps,zander,100T,Viper,1.19,210,33,26,20,7,84,144,34,7,1,6,100 Thieves,100 Thieves,16.0,27.0,0.0,2.0
https://www.vlr.gg/530905/100-thieves-vs-evil-geniuses-vct-2025-americas-stage-2-lr1,1,AllMaps,Asuna,100T,Raze,1.17,222,31,24,13,7,79,138,16,5,3,2,100 Thieves,100 Thieves,16.0,27.0,0.0,2.0
https://www.vlr.gg/530905/100-thieves-vs-evil-geniuses-vct-2025-americas-stage-2-lr1,1,AllMaps,Kess,100T,Brimstone,1.03,219,29,30,20,-1,72,131,19,3,2,1,100 Thieves,100 Thieves,16.0,27.0,0.0,2.0
https://www.vlr.gg/530905/100-thieves-vs-evil-geniuses-vct-2025-americas-stage-2-lr1,1,AllMaps,icy,EG,Raze,0.99,217,32,34,8,-2,63,151,26,5,7,-2,100 Thieves,100 Thieves,16.0,27.0,0.0,2.0
https://www.vlr.gg/530905/100-thieves-vs-evil-geniuses-vct-2025-americas-stage-2-lr1,1,AllMaps,yay,EG,Brimstone,0.96,191,31,33,8,-2,60,121,37,3,8,-5,100 Thieves,100 Thieves,16.0,27.0,0.0,2.0
https://www.vlr.gg/530905/100-thieves-vs-evil-geniuses-vct-2025-americas-stage-2-lr1,1,AllMaps,Derrek,EG,Gekko,0.74,153,24,36,12,-12,63,109,36,3,4,-1,100 Thieves,100 Thieves,16.0,27.0,0.0,2.0
https://www.vlr.gg/530905/100-thieves-vs-evil-geniuses-vct-2025-americas-stage-2-lr1,1,AllMaps,NaturE,EG,Fade,0.7,150,22,31,12,-9,72,94,17,1,7,-6,100 Thieves,100 Thieves,16.0,27.0,0.0,2.0
https://www.vlr.gg/530905/100-thieves-vs-evil-geniuses-vct-2025-americas-stage-2-lr1,1,AllMaps,supamen,EG,Viper,0.66,140,19,34,9,-15,56,104,31,1,4,-3,100 Thieves,100 Thieves,16.0,27.0,0.0,2.0
https://www.vlr.gg/530905/100-thieves-vs-evil-geniuses-vct-2025-americas-stage-2-lr1,2,Corrode,eeiu,100T,Sova,1.38,266,26,16,6,10,81,161,26,2,2,0,100 Thieves,100 Thieves,12.0,14.0,0.0,2.0
https://www.vlr.gg/530905/100-thieves-vs-evil-geniuses-vct-2025-americas-stage-2-lr1,2,Corrode,Cryocells,100T,Chamber,1.36,263,24,17,5,7,81,167,38,8,1,7,100 Thieves,100 Thieves,12.0,14.0,0.0,2.0
https://www.vlr.gg/530905/100-thieves-vs-evil-geniuses-vct-2025-americas-stage-2-lr1,2,Corrode,zander,100T,Omen,1.35,243,23,16,16,7,88,156,33,5,1,4,100 Thieves,100 Thieves,12.0,14.0,0.0,2.0
https://www.vlr.gg/530905/100-thieves-vs-evil-geniuses-vct-2025-americas-stage-2-lr1,2,Corrode,Kess,100T,Fade,0.93,177,14,18,12,-4,77,119,15,1,1,0,100 Thieves,100 Thieves,12.0,14.0,0.0,2.0
https://www.vlr.gg/530905/100-thieves-vs-evil-geniuses-vct-2025-americas-stage-2-lr1,2,Corrode,Asuna,100T,Yoru,0.68,140,11,19,9,-8,69,97,22,2,3,-1,100 Thieves,100 Thieves,12.0,14.0,0.0,2.0
https://www.vlr.gg/530905/100-thieves-vs-evil-geniuses-vct-2025-americas-stage-2-lr1,2,Corrode,icy,EG,Neon,1.01,237,22,19,4,3,73,160,26,3,4,-1,100 Thieves,100 Thieves,12.0,14.0,0.0,2.0
https://www.vlr.gg/530905/100-thieves-vs-evil-geniuses-vct-2025-americas-stage-2-lr1,2,Corrode,yay,EG,Chamber,0.99,194,20,20,1,0,54,121,43,2,7,-5,100 Thieves,100 Thieves,12.0,14.0,0.0,2.0
https://www.vlr.gg/530905/100-thieves-vs-evil-geniuses-vct-2025-americas-stage-2-lr1,2,Corrode,Derrek,EG,Omen,0.91,200,18,21,8,-3,69,129,39,3,2,1,100 Thieves,100 Thieves,12.0,14.0,0.0,2.0
https://www.vlr.gg/530905/100-thieves-vs-evil-geniuses-vct-2025-americas-stage-2-lr1,2,Corrode,supamen,EG,Viper,0.85,197,15,20,7,-5,54,130,35,0,1,-1,100 Thieves,100 Thieves,12.0,14.0,0.0,2.0
https://www.vlr.gg/530905/100-thieves-vs-evil-geniuses-vct-2025-americas-stage-2-lr1,2,Corrode,NaturE,EG,Sova,0.6,125,11,18,8,-7,73,86,19,0,4,-4,100 Thieves,100 Thieves,12.0,14.0,0.0,2.0
https://www.vlr.gg/530908/nrg-vs-leviat-n-vct-2025-americas-stage-2-lr2,0,Ascent,brawk,NRG,Sova,1.68,306,16,7,5,9,80,240,28,2,0,2,NRG,LEVIATÁN,13.0,2.0,2.0,0.0
https://www.vlr.gg/530908/nrg-vs-leviat-n-vct-2025-americas-stage-2-lr2,0,Ascent,mada,NRG,Jett,1.41,243,14,7,1,7,93,150,23,6,0,6,NRG,LEVIATÁN,13.0,2.0,2.0,0.0
https://www.vlr.gg/530908/nrg-vs-leviat-n-vct-2025-americas-stage-2-lr2,0,Ascent,Ethan,NRG,Kayo,1.38,214,13,7,5,6,93,134,25,0,1,-1,NRG,LEVIATÁN,13.0,2.0,2.0,0.0
https://www.vlr.gg/530908/nrg-vs-leviat-n-vct-2025-americas-stage-2-lr2,0,Ascent,s0m,NRG,Omen,1.28,234,15,8,1,7,80,132,15,2,1,1,NRG,LEVIATÁN,13.0,2.0,2.0,0.0
https://www.vlr.gg/530908/nrg-vs-leviat-n-vct-2025-americas-stage-2-lr2,0,Ascent,skuba,NRG,Vyse,1.13,169,9,7,4,2,80,135,23,1,2,-1,NRG,LEVIATÁN,13.0,2.0,2.0,0.0
https://www.vlr.gg/530908/nrg-vs-leviat-n-vct-2025-americas-stage-2-lr2,0,Ascent,Okeanos,LEV,Omen,0.98,226,12,13,4,-1,67,151,44,0,0,0,NRG,NRG,2.0,13.0,0.0,2.0
https://www.vlr.gg/530908/nrg-vs-leviat-n-vct-2025-americas-stage-2-lr2,0,Ascent,tex,LEV,Chamber,0.59,117,7,13,0,-6,47,81,36,0,2,-2,NRG,NRG,2.0,13.0,0.0,2.0
https://www.vlr.gg/530908/nrg-vs-leviat-n-vct-2025-americas-stage-2-lr2,0,Ascent,Sato,LEV,Yoru,0.53,189,9,14,2,-5,67,120,35,3,4,-1,NRG,NRG,2.0,13.0,0.0,2.0
https://www.vlr.gg/530908/nrg-vs-leviat-n-vct-2025-americas-stage-2-lr2,0,Ascent,C0M,LEV,Sova,0.52,119,5,14,5,-9,60,77,13,0,2,-2,NRG,NRG,2.0,13.0,0.0,2.0
https://www.vlr.gg/530908/nrg-vs-leviat-n-vct-2025-americas-stage-2-lr2,0,Ascent,kiNgg,LEV,Vyse,0.32,81,3,13,3,-10,33,58,26,1,3,-2,NRG,NRG,2.0,13.0,0.0,2.0
https://www.vlr.gg/530908/nrg-vs-leviat-n-vct-2025-americas-stage-2-lr2,1,AllMaps,brawk,NRG,Sova,1.69,305,33,13,14,20,87,221,23,2,0,2,NRG,LEVIATÁN,26.0,4.0,2.0,0.0
https://www.vlr.gg/530908/nrg-vs-leviat-n-vct-2025-americas-stage-2-lr2,1,AllMaps,Ethan,NRG,Kayo,1.56,235,27,12,16,15,93,147,17,2,2,0,NRG,LEVIATÁN,26.0,4.0,2.0,0.0
https://www.vlr.gg/530908/nrg-vs-leviat-n-vct-2025-americas-stage-2-lr2,1,AllMaps,mada,NRG,Jett,1.45,235,29,13,1,16,93,145,21,10,1,9,NRG,LEVIATÁN,26.0,4.0,2.0,0.0
https://www.vlr.gg/530908/nrg-vs-leviat-n-vct-2025-americas-stage-2-lr2,1,AllMaps,s0m,NRG,Omen,1.23,239,29,16,4,13,83,145,19,5,2,3,NRG,LEVIATÁN,26.0,4.0,2.0,0.0
https://www.vlr.gg/530908/nrg-vs-leviat-n-vct-2025-americas-stage-2-lr2,1,AllMaps,skuba,NRG,Vyse,1.15,203,22,18,11,4,90,144,19,3,3,0,NRG,LEVIATÁN,26.0,4.0,2.0,0.0
https://www.vlr.gg/530908/nrg-vs-leviat-n-vct-2025-americas-stage-2-lr2,1,AllMaps,Okeanos,LEV,Omen,0.76,188,20,28,7,-8,63,121,50,0,1,-1,NRG,NRG,4.0,26.0,0.0,2.0
https://www.vlr.gg/530908/nrg-vs-leviat-n-vct-2025-americas-stage-2-lr2,1,AllMaps,C0M,LEV,Sova,0.6,139,13,28,6,-15,63,92,29,0,2,-2,NRG,NRG,4.0,26.0,0.0,2.0
https://www.vlr.gg/530908/nrg-vs-leviat-n-vct-2025-americas-stage-2-lr2,1,AllMaps,kiNgg,LEV,Vyse,0.53,127,11,27,4,-16,43,95,28,2,5,-3,NRG,NRG,4.0,26.0,0.0,2.0
https://www.vlr.gg/530908/nrg-vs-leviat-n-vct-2025-americas-stage-2-lr2,1,AllMaps,tex,LEV,Chamber,0.44,110,12,28,2,-16,50,75,26,1,5,-4,NRG,NRG,4.0,26.0,0.0,2.0
https://www.vlr.gg/530908/nrg-vs-leviat-n-vct-2025-americas-stage-2-lr2,1,AllMaps,Sato,LEV,Yoru,0.44,165,16,29,3,-13,60,101,36,5,9,-4,NRG,NRG,4.0,26.0,0.0,2.0
https://www.vlr.gg/530908/nrg-vs-leviat-n-vct-2025-americas-stage-2-lr2,2,Icebox,Ethan,NRG,Harbor,1.75,255,14,5,11,9,93,159,13,2,1,1,NRG,LEVIATÁN,13.0,2.0,2.0,0.0
https://www.vlr.gg/530908/nrg-vs-leviat-n-vct-2025-americas-stage-2-lr2,2,Icebox,brawk,NRG,Sova,1.69,303,17,6,9,11,93,203,16,0,0,0,NRG,LEVIATÁN,13.0,2.0,2.0,0.0
https://www.vlr.gg/530908/nrg-vs-leviat-n-vct-2025-americas-stage-2-lr2,2,Icebox,mada,NRG,Jett,1.49,226,15,6,0,9,93,140,20,4,1,3,NRG,LEVIATÁN,13.0,2.0,2.0,0.0
https://www.vlr.gg/530908/nrg-vs-leviat-n-vct-2025-americas-stage-2-lr2,2,Icebox,s0m,NRG,Killjoy,1.18,244,14,8,3,6,87,158,26,3,1,2,NRG,LEVIATÁN,13.0,2.0,2.0,0.0
https://www.vlr.gg/530908/nrg-vs-leviat-n-vct-2025-americas-stage-2-lr2,2,Icebox,skuba,NRG,Viper,1.18,237,13,11,7,2,100,154,17,2,1,1,NRG,LEVIATÁN,13.0,2.0,2.0,0.0
https://www.vlr.gg/530908/nrg-vs-leviat-n-vct-2025-americas-stage-2-lr2,2,Icebox,kiNgg,LEV,Viper,0.73,173,8,14,1,-6,53,133,29,1,2,-1,NRG,NRG,2.0,13.0,0.0,2.0
https://www.vlr.gg/530908/nrg-vs-leviat-n-vct-2025-americas-stage-2-lr2,2,Icebox,C0M,LEV,Sova,0.69,158,8,14,1,-6,67,107,57,0,0,0,NRG,NRG,2.0,13.0,0.0,2.0
https://www.vlr.gg/530908/nrg-vs-leviat-n-vct-2025-americas-stage-2-lr2,2,Icebox,Okeanos,LEV,Harbor,0.54,149,8,15,3,-7,60,91,64,0,1,-1,NRG,NRG,2.0,13.0,0.0,2.0
https://www.vlr.gg/530908/nrg-vs-leviat-n-vct-2025-americas-stage-2-lr2,2,Icebox,Sato,LEV,Jett,0.35,140,7,15,1,-8,53,81,38,2,5,-3,NRG,NRG,2.0,13.0,0.0,2.0
https://www.vlr.gg/530908/nrg-vs-leviat-n-vct-2025-americas-stage-2-lr2,2,Icebox,tex,LEV,Killjoy,0.28,103,5,15,2,-10,53,69,22,1,3,-2,NRG,NRG,2.0,13.0,0.0,2.0
https://www.vlr.gg/530909/cloud9-vs-100-thieves-vct-2025-americas-stage-2-lr2,0,Haven,OXY,C9,Jett,1.19,229,19,14,1,5,82,123,27,5,4,1,Cloud9,Cloud9,9.0,13.0,0.0,2.0
https://www.vlr.gg/530909/cloud9-vs-100-thieves-vct-2025-americas-stage-2-lr2,0,Haven,v1c,C9,Omen,1.14,197,15,14,12,1,73,131,24,2,0,2,Cloud9,Cloud9,9.0,13.0,0.0,2.0
https://www.vlr.gg/530909/cloud9-vs-100-thieves-vct-2025-americas-stage-2-lr2,0,Haven,mitch,C9,Skye,1.1,224,17,15,10,2,82,147,16,1,0,1,Cloud9,Cloud9,9.0,13.0,0.0,2.0
https://www.vlr.gg/530909/cloud9-vs-100-thieves-vct-2025-americas-stage-2-lr2,0,Haven,Xeppaa,C9,Killjoy,1.02,243,18,17,5,1,73,156,18,2,2,0,Cloud9,Cloud9,9.0,13.0,0.0,2.0
https://www.vlr.gg/530909/cloud9-vs-100-thieves-vct-2025-americas-stage-2-lr2,0,Haven,neT,C9,Viper,0.52,103,7,15,7,-8,77,77,18,1,5,-4,Cloud9,Cloud9,9.0,13.0,0.0,2.0
https://www.vlr.gg/530909/cloud9-vs-100-thieves-vct-2025-americas-stage-2-lr2,0,Haven,eeiu,100T,Sova,1.41,267,20,15,7,5,73,199,49,0,0,0,Cloud9,Cloud9,9.0,13.0,0.0,2.0
https://www.vlr.gg/530909/cloud9-vs-100-thieves-vct-2025-americas-stage-2-lr2,0,Haven,zander,100T,Omen,1.12,213,16,15,10,1,73,128,24,5,1,4,Cloud9,Cloud9,9.0,13.0,0.0,2.0
https://www.vlr.gg/530909/cloud9-vs-100-thieves-vct-2025-americas-stage-2-lr2,0,Haven,Cryocells,100T,Yoru,1.03,198,14,14,9,0,82,138,32,1,2,-1,Cloud9,Cloud9,9.0,13.0,0.0,2.0
https://www.vlr.gg/530909/cloud9-vs-100-thieves-vct-2025-americas-stage-2-lr2,0,Haven,Asuna,100T,Neon,0.94,172,14,14,1,0,77,101,31,4,4,0,Cloud9,Cloud9,9.0,13.0,0.0,2.0
https://www.vlr.gg/530909/cloud9-vs-100-thieves-vct-2025-americas-stage-2-lr2,0,Haven,Kess,100T,Cypher,0.56,122,11,18,2,-7,45,83,28,1,4,-3,Cloud9,Cloud9,9.0,13.0,0.0,2.0
https://www.vlr.gg/530909/cloud9-vs-100-thieves-vct-2025-americas-stage-2-lr2,1,AllMaps,OXY,C9,Jett,1.3,261,46,32,4,14,83,164,27,8,5,3,Cloud9,Cloud9,21.0,27.0,0.0,2.0
https://www.vlr.gg/530909/cloud9-vs-100-thieves-vct-2025-americas-stage-2-lr2,1,AllMaps,v1c,C9,Omen,1.05,210,36,33,16,3,75,142,25,6,8,-2,Cloud9,Cloud9,21.0,27.0,0.0,2.0
https://www.vlr.gg/530909/cloud9-vs-100-thieves-vct-2025-americas-stage-2-lr2,1,AllMaps,mitch,C9,Skye,0.95,190,31,33,16,-2,77,128,22,1,3,-2,Cloud9,Cloud9,21.0,27.0,0.0,2.0
https://www.vlr.gg/530909/cloud9-vs-100-thieves-vct-2025-americas-stage-2-lr2,1,AllMaps,neT,C9,Viper,0.86,180,29,36,15,-7,77,122,30,4,6,-2,Cloud9,Cloud9,21.0,27.0,0.0,2.0
https://www.vlr.gg/530909/cloud9-vs-100-thieves-vct-2025-americas-stage-2-lr2,1,AllMaps,Xeppaa,C9,Killjoy,0.84,193,29,37,11,-8,71,138,20,3,4,-1,Cloud9,Cloud9,21.0,27.0,0.0,2.0
https://www.vlr.gg/530909/cloud9-vs-100-thieves-vct-2025-americas-stage-2-lr2,1,AllMaps,Cryocells,100T,Yoru,1.33,280,49,34,11,15,85,187,39,9,6,3,Cloud9,Cloud9,21.0,27.0,0.0,2.0
https://www.vlr.gg/530909/cloud9-vs-100-thieves-vct-2025-americas-stage-2-lr2,1,AllMaps,eeiu,100T,Sova,1.15,226,35,33,20,2,65,156,42,2,0,2,Cloud9,Cloud9,21.0,27.0,0.0,2.0
https://www.vlr.gg/530909/cloud9-vs-100-thieves-vct-2025-americas-stage-2-lr2,1,AllMaps,zander,100T,Omen,0.94,207,35,36,12,-1,65,131,28,7,6,1,Cloud9,Cloud9,21.0,27.0,0.0,2.0
https://www.vlr.gg/530909/cloud9-vs-100-thieves-vct-2025-americas-stage-2-lr2,1,AllMaps,Asuna,100T,Neon,0.93,156,27,30,12,-3,71,101,27,5,5,0,Cloud9,Cloud9,21.0,27.0,0.0,2.0
https://www.vlr.gg/530909/cloud9-vs-100-thieves-vct-2025-americas-stage-2-lr2,1,AllMaps,Kess,100T,Cypher,0.68,146,24,38,11,-14,56,108,22,3,5,-2,Cloud9,Cloud9,21.0,27.0,0.0,2.0
https://www.vlr.gg/530909/cloud9-vs-100-thieves-vct-2025-americas-stage-2-lr2,2,Icebox,OXY,C9,Raze,1.39,293,27,18,3,9,85,199,27,3,1,2,Cloud9,Cloud9,12.0,14.0,0.0,2.0
https://www.vlr.gg/530909/cloud9-vs-100-thieves-vct-2025-americas-stage-2-lr2,2,Icebox,neT,C9,Viper,1.15,256,22,21,8,1,77,159,36,3,1,2,Cloud9,Cloud9,12.0,14.0,0.0,2.0
https://www.vlr.gg/530909/cloud9-vs-100-thieves-vct-2025-americas-stage-2-lr2,2,Icebox,v1c,C9,Iso,0.98,223,21,19,4,2,77,153,25,4,8,-4,Cloud9,Cloud9,12.0,14.0,0.0,2.0
https://www.vlr.gg/530909/cloud9-vs-100-thieves-vct-2025-americas-stage-2-lr2,2,Icebox,mitch,C9,Sova,0.82,155,14,18,6,-4,73,112,33,0,3,-3,Cloud9,Cloud9,12.0,14.0,0.0,2.0
https://www.vlr.gg/530909/cloud9-vs-100-thieves-vct-2025-americas-stage-2-lr2,2,Icebox,Xeppaa,C9,Killjoy,0.69,142,11,20,6,-9,69,122,23,1,2,-1,Cloud9,Cloud9,12.0,14.0,0.0,2.0
https://www.vlr.gg/530909/cloud9-vs-100-thieves-vct-2025-americas-stage-2-lr2,2,Icebox,Cryocells,100T,Jett,1.59,362,35,20,2,15,88,229,44,8,4,4,Cloud9,Cloud9,12.0,14.0,0.0,2.0
https://www.vlr.gg/530909/cloud9-vs-100-thieves-vct-2025-americas-stage-2-lr2,2,Icebox,eeiu,100T,Sova,0.94,185,15,18,13,-3,58,119,33,2,0,2,Cloud9,Cloud9,12.0,14.0,0.0,2.0
https://www.vlr.gg/530909/cloud9-vs-100-thieves-vct-2025-americas-stage-2-lr2,2,Icebox,Asuna,100T,Sage,0.92,140,13,16,11,-3,65,101,24,1,1,0,Cloud9,Cloud9,12.0,14.0,0.0,2.0
https://www.vlr.gg/530909/cloud9-vs-100-thieves-vct-2025-americas-stage-2-lr2,2,Icebox,zander,100T,Viper,0.79,201,19,21,2,-2,58,133,33,2,5,-3,Cloud9,Cloud9,12.0,14.0,0.0,2.0
https://www.vlr.gg/530909/cloud9-vs-100-thieves-vct-2025-americas-stage-2-lr2,2,Icebox,Kess,100T,Killjoy,0.78,169,13,20,9,-7,65,130,19,2,1,1,Cloud9,Cloud9,12.0,14.0,0.0,2.0
https://www.vlr.gg/530911/nrg-vs-cloud9-vct-2025-americas-stage-2-lr3,0,Corrode,mada,NRG,Waylay,2.0,345,21,5,4,16,87,224,34,2,1,1,NRG,Cloud9,13.0,2.0,2.0,1.0
https://www.vlr.gg/530911/nrg-vs-cloud9-vct-2025-americas-stage-2-lr3,0,Corrode,brawk,NRG,Sova,1.85,344,18,7,4,11,87,231,20,4,0,4,NRG,Cloud9,13.0,2.0,2.0,1.0
https://www.vlr.gg/530911/nrg-vs-cloud9-vct-2025-americas-stage-2-lr3,0,Corrode,Ethan,NRG,Kayo,1.34,257,13,9,8,4,93,143,15,5,0,5,NRG,Cloud9,13.0,2.0,2.0,1.0
https://www.vlr.gg/530911/nrg-vs-cloud9-vct-2025-americas-stage-2-lr3,0,Corrode,s0m,NRG,Omen,1.12,129,7,6,12,1,87,81,20,1,0,1,NRG,Cloud9,13.0,2.0,2.0,1.0
https://www.vlr.gg/530911/nrg-vs-cloud9-vct-2025-americas-stage-2-lr3,0,Corrode,skuba,NRG,Viper,0.85,137,8,8,4,0,73,90,36,2,0,2,NRG,Cloud9,13.0,2.0,2.0,1.0
https://www.vlr.gg/530911/nrg-vs-cloud9-vct-2025-americas-stage-2-lr3,0,Corrode,Xeppaa,C9,Vyse,0.81,172,9,13,3,-4,53,121,29,0,1,-1,NRG,NRG,2.0,13.0,1.0,2.0
https://www.vlr.gg/530911/nrg-vs-cloud9-vct-2025-americas-stage-2-lr3,0,Corrode,mitch,C9,Skye,0.68,143,7,14,3,-7,53,89,24,0,2,-2,NRG,NRG,2.0,13.0,1.0,2.0
https://www.vlr.gg/530911/nrg-vs-cloud9-vct-2025-americas-stage-2-lr3,0,Corrode,neT,C9,Viper,0.58,148,6,12,3,-6,67,121,38,0,4,-4,NRG,NRG,2.0,13.0,1.0,2.0
https://www.vlr.gg/530911/nrg-vs-cloud9-vct-2025-americas-stage-2-lr3,0,Corrode,v1c,C9,Omen,0.55,150,7,14,7,-7,53,94,21,1,1,0,NRG,NRG,2.0,13.0,1.0,2.0
https://www.vlr.gg/530911/nrg-vs-cloud9-vct-2025-americas-stage-2-lr3,0,Corrode,OXY,C9,Neon,0.39,115,6,14,2,-8,47,73,32,0,6,-6,NRG,NRG,2.0,13.0,1.0,2.0
https://www.vlr.gg/530911/nrg-vs-cloud9-vct-2025-americas-stage-2-lr3,1,AllMaps,brawk,NRG,Sova,1.29,250,52,36,21,16,77,156,18,6,3,3,NRG,Cloud9,36.0,25.0,2.0,1.0
https://www.vlr.gg/530911/nrg-vs-cloud9-vct-2025-americas-stage-2-lr3,1,AllMaps,s0m,NRG,Omen,1.24,196,43,35,38,8,74,142,25,4,2,2,NRG,Cloud9,36.0,25.0,2.0,1.0
https://www.vlr.gg/530911/nrg-vs-cloud9-vct-2025-americas-stage-2-lr3,1,AllMaps,mada,NRG,Waylay,1.23,260,55,41,15,14,74,161,24,10,10,0,NRG,Cloud9,36.0,25.0,2.0,1.0
https://www.vlr.gg/530911/nrg-vs-cloud9-vct-2025-americas-stage-2-lr3,1,AllMaps,Ethan,NRG,Kayo,1.13,242,52,45,23,7,85,142,21,12,5,7,NRG,Cloud9,36.0,25.0,2.0,1.0
https://www.vlr.gg/530911/nrg-vs-cloud9-vct-2025-americas-stage-2-lr3,1,AllMaps,skuba,NRG,Viper,0.94,163,36,40,17,-4,75,115,29,5,4,1,NRG,Cloud9,36.0,25.0,2.0,1.0
https://www.vlr.gg/530911/nrg-vs-cloud9-vct-2025-americas-stage-2-lr3,1,AllMaps,v1c,C9,Omen,1.11,222,49,45,25,4,77,147,32,7,5,2,NRG,NRG,25.0,36.0,1.0,2.0
https://www.vlr.gg/530911/nrg-vs-cloud9-vct-2025-americas-stage-2-lr3,1,AllMaps,OXY,C9,Neon,0.99,214,52,49,10,3,64,136,24,9,12,-3,NRG,NRG,25.0,36.0,1.0,2.0
https://www.vlr.gg/530911/nrg-vs-cloud9-vct-2025-americas-stage-2-lr3,1,AllMaps,Xeppaa,C9,Vyse,0.9,195,43,50,20,-7,69,131,25,3,4,-1,NRG,NRG,25.0,36.0,1.0,2.0
https://www.vlr.gg/530911/nrg-vs-cloud9-vct-2025-americas-stage-2-lr3,1,AllMaps,neT,C9,Viper,0.64,149,31,47,12,-16,66,103,40,4,10,-6,NRG,NRG,25.0,36.0,1.0,2.0
https://www.vlr.gg/530911/nrg-vs-cloud9-vct-2025-americas-stage-2-lr3,1,AllMaps,mitch,C9,Skye,0.6,125,22,48,24,-26,64,86,16,1,6,-5,NRG,NRG,25.0,36.0,1.0,2.0
https://www.vlr.gg/530911/nrg-vs-cloud9-vct-2025-americas-stage-2-lr3,2,Lotus,brawk,NRG,Vyse,1.4,241,21,12,10,9,83,154,14,1,1,0,NRG,Cloud9,13.0,10.0,2.0,1.0
https://www.vlr.gg/530911/nrg-vs-cloud9-vct-2025-americas-stage-2-lr3,2,Lotus,Ethan,NRG,Fade,1.32,270,23,16,8,7,87,151,21,4,2,2,NRG,Cloud9,13.0,10.0,2.0,1.0
https://www.vlr.gg/530911/nrg-vs-cloud9-vct-2025-americas-stage-2-lr3,2,Lotus,s0m,NRG,Omen,1.3,219,17,13,16,4,74,147,19,2,0,2,NRG,Cloud9,13.0,10.0,2.0,1.0
https://www.vlr.gg/530911/nrg-vs-cloud9-vct-2025-americas-stage-2-lr3,2,Lotus,mada,NRG,Raze,1.14,232,19,16,5,3,78,143,12,4,4,0,NRG,Cloud9,13.0,10.0,2.0,1.0
https://www.vlr.gg/530911/nrg-vs-cloud9-vct-2025-americas-stage-2-lr3,2,Lotus,skuba,NRG,Viper,0.85,152,11,16,13,-5,78,110,18,2,3,-1,NRG,Cloud9,13.0,10.0,2.0,1.0
https://www.vlr.gg/530911/nrg-vs-cloud9-vct-2025-americas-stage-2-lr3,2,Lotus,v1c,C9,Omen,1.34,254,20,16,6,4,78,153,45,2,3,-1,NRG,NRG,10.0,13.0,1.0,2.0
https://www.vlr.gg/530911/nrg-vs-cloud9-vct-2025-americas-stage-2-lr3,2,Lotus,OXY,C9,Raze,1.07,254,22,19,4,3,70,162,32,4,3,1,NRG,NRG,10.0,13.0,1.0,2.0
https://www.vlr.gg/530911/nrg-vs-cloud9-vct-2025-americas-stage-2-lr3,2,Lotus,mitch,C9,Fade,0.67,150,11,18,7,-7,65,106,14,1,2,-1,NRG,NRG,10.0,13.0,1.0,2.0
https://www.vlr.gg/530911/nrg-vs-cloud9-vct-2025-americas-stage-2-lr3,2,Lotus,Xeppaa,C9,Vyse,0.6,148,13,19,4,-6,61,102,30,2,2,0,NRG,NRG,10.0,13.0,1.0,2.0
https://www.vlr.gg/530911/nrg-vs-cloud9-vct-2025-americas-stage-2-lr3,2,Lotus,neT,C9,Viper,0.26,100,7,20,6,-13,52,70,38,1,3,-2,NRG,NRG,10.0,13.0,1.0,2.0
https://www.vlr.gg/530911/nrg-vs-cloud9-vct-2025-americas-stage-2-lr3,3,Haven,s0m,NRG,Viper,1.26,241,19,16,10,3,65,176,34,1,2,-1,Cloud9,Cloud9,10.0,13.0,2.0,1.0
https://www.vlr.gg/530911/nrg-vs-cloud9-vct-2025-americas-stage-2-lr3,3,Haven,skuba,NRG,Killjoy,1.1,200,17,16,0,1,74,136,36,1,1,0,Cloud9,Cloud9,10.0,13.0,2.0,1.0
https://www.vlr.gg/530911/nrg-vs-cloud9-vct-2025-americas-stage-2-lr3,3,Haven,brawk,NRG,Sova,0.82,165,13,17,7,-4,65,109,20,1,2,-1,Cloud9,Cloud9,10.0,13.0,2.0,1.0
https://www.vlr.gg/530911/nrg-vs-cloud9-vct-2025-americas-stage-2-lr3,3,Haven,mada,NRG,Neon,0.82,203,15,20,6,-5,61,138,33,4,5,-1,Cloud9,Cloud9,10.0,13.0,2.0,1.0
https://www.vlr.gg/530911/nrg-vs-cloud9-vct-2025-americas-stage-2-lr3,3,Haven,Ethan,NRG,Omen,0.79,200,16,20,7,-4,78,132,26,3,3,0,Cloud9,Cloud9,10.0,13.0,2.0,1.0
https://www.vlr.gg/530911/nrg-vs-cloud9-vct-2025-americas-stage-2-lr3,3,Haven,OXY,C9,Neon,1.31,273,24,16,4,8,70,152,15,5,3,2,Cloud9,NRG,13.0,10.0,1.0,2.0
https://www.vlr.gg/530911/nrg-vs-cloud9-vct-2025-americas-stage-2-lr3,3,Haven,Xeppaa,C9,Vyse,1.26,264,21,18,13,3,87,166,21,1,1,0,Cloud9,NRG,13.0,10.0,1.0,2.0
https://www.vlr.gg/530911/nrg-vs-cloud9-vct-2025-americas-stage-2-lr3,3,Haven,v1c,C9,Omen,1.25,262,22,15,12,7,91,175,27,4,1,3,Cloud9,NRG,13.0,10.0,1.0,2.0
https://www.vlr.gg/530911/nrg-vs-cloud9-vct-2025-americas-stage-2-lr3,3,Haven,neT,C9,Viper,1.07,199,18,15,3,3,78,124,42,3,3,0,Cloud9,NRG,13.0,10.0,1.0,2.0
https://www.vlr.gg/530911/nrg-vs-cloud9-vct-2025-americas-stage-2-lr3,3,Haven,mitch,C9,Skye,0.47,82,4,16,14,-12,70,63,13,0,2,-2,Cloud9,NRG,13.0,10.0,1.0,2.0
https://www.vlr.gg/530912/sentinels-vs-nrg-vct-2025-americas-stage-2-lbf,0,Lotus,johnqt,SEN,Viper,1.27,258,16,12,8,4,88,153,26,1,2,-1,NRG,Sentinels,13.0,4.0,3.0,1.0
https://www.vlr.gg/530912/sentinels-vs-nrg-vct-2025-americas-stage-2-lbf,0,Lotus,Zellsis,SEN,Vyse,0.78,172,9,14,3,-5,59,108,19,1,0,1,NRG,Sentinels,13.0,4.0,3.0,1.0
https://www.vlr.gg/530912/sentinels-vs-nrg-vct-2025-americas-stage-2-lbf,0,Lotus,zekken,SEN,Raze,0.63,155,9,15,2,-6,47,94,18,1,4,-3,NRG,Sentinels,13.0,4.0,3.0,1.0
https://www.vlr.gg/530912/sentinels-vs-nrg-vct-2025-americas-stage-2-lbf,0,Lotus,bang,SEN,Omen,0.5,111,6,14,2,-8,59,73,29,2,2,0,NRG,Sentinels,13.0,4.0,3.0,1.0
https://www.vlr.gg/530912/sentinels-vs-nrg-vct-2025-americas-stage-2-lbf,0,Lotus,N4RRATE,SEN,Fade,0.49,143,6,14,6,-8,65,94,19,3,1,2,NRG,Sentinels,13.0,4.0,3.0,1.0
https://www.vlr.gg/530912/sentinels-vs-nrg-vct-2025-americas-stage-2-lbf,0,Lotus,brawk,NRG,Vyse,1.81,287,19,6,5,13,94,160,16,1,0,1,NRG,Sentinels,13.0,4.0,3.0,1.0
https://www.vlr.gg/530912/sentinels-vs-nrg-vct-2025-americas-stage-2-lbf,0,Lotus,Ethan,NRG,Fade,1.79,282,18,8,8,10,88,174,32,3,1,2,NRG,Sentinels,13.0,4.0,3.0,1.0
https://www.vlr.gg/530912/sentinels-vs-nrg-vct-2025-americas-stage-2-lbf,0,Lotus,skuba,NRG,Viper,1.29,217,14,8,9,6,82,144,27,2,1,1,NRG,Sentinels,13.0,4.0,3.0,1.0
https://www.vlr.gg/530912/sentinels-vs-nrg-vct-2025-americas-stage-2-lbf,0,Lotus,s0m,NRG,Omen,0.92,171,8,11,15,-3,71,110,9,1,3,-2,NRG,Sentinels,13.0,4.0,3.0,1.0
https://www.vlr.gg/530912/sentinels-vs-nrg-vct-2025-americas-stage-2-lbf,0,Lotus,mada,NRG,Raze,0.59,162,10,13,3,-3,71,120,30,2,3,-1,NRG,Sentinels,13.0,4.0,3.0,1.0
https://www.vlr.gg/530912/sentinels-vs-nrg-vct-2025-americas-stage-2-lbf,1,AllMaps,johnqt,SEN,Viper,1.03,192,59,54,37,5,76,111,26,2,7,-5,NRG,Sentinels,49.0,36.0,3.0,1.0
https://www.vlr.gg/530912/sentinels-vs-nrg-vct-2025-americas-stage-2-lbf,1,AllMaps,zekken,SEN,Raze,0.97,215,69,68,10,1,71,143,25,19,16,3,NRG,Sentinels,49.0,36.0,3.0,1.0
https://www.vlr.gg/530912/sentinels-vs-nrg-vct-2025-americas-stage-2-lbf,1,AllMaps,N4RRATE,SEN,Fade,0.95,197,58,63,25,-5,68,138,26,8,11,-3,NRG,Sentinels,49.0,36.0,3.0,1.0
https://www.vlr.gg/530912/sentinels-vs-nrg-vct-2025-americas-stage-2-lbf,1,AllMaps,bang,SEN,Omen,0.9,167,50,58,27,-8,69,113,30,6,7,-1,NRG,Sentinels,49.0,36.0,3.0,1.0
https://www.vlr.gg/530912/sentinels-vs-nrg-vct-2025-americas-stage-2-lbf,1,AllMaps,Zellsis,SEN,Vyse,0.81,172,47,60,34,-13,69,114,20,4,5,-1,NRG,Sentinels,49.0,36.0,3.0,1.0
https://www.vlr.gg/530912/sentinels-vs-nrg-vct-2025-americas-stage-2-lbf,1,AllMaps,brawk,NRG,Vyse,1.46,283,82,52,23,30,81,182,22,9,0,9,NRG,Sentinels,49.0,36.0,3.0,1.0
https://www.vlr.gg/530912/sentinels-vs-nrg-vct-2025-americas-stage-2-lbf,1,AllMaps,Ethan,NRG,Fade,1.22,208,61,52,38,9,75,137,29,9,5,4,NRG,Sentinels,49.0,36.0,3.0,1.0
https://www.vlr.gg/530912/sentinels-vs-nrg-vct-2025-americas-stage-2-lbf,1,AllMaps,skuba,NRG,Viper,1.08,194,59,50,30,9,74,127,31,5,5,0,NRG,Sentinels,49.0,36.0,3.0,1.0
https://www.vlr.gg/530912/sentinels-vs-nrg-vct-2025-americas-stage-2-lbf,1,AllMaps,mada,NRG,Raze,0.89,193,58,63,23,-5,74,125,35,16,16,0,NRG,Sentinels,49.0,36.0,3.0,1.0
https://www.vlr.gg/530912/sentinels-vs-nrg-vct-2025-americas-stage-2-lbf,1,AllMaps,s0m,NRG,Omen,0.63,152,42,66,29,-24,69,99,20,7,13,-6,NRG,Sentinels,49.0,36.0,3.0,1.0
https://www.vlr.gg/530912/sentinels-vs-nrg-vct-2025-americas-stage-2-lbf,2,Icebox,N4RRATE,SEN,Sova,1.35,327,27,21,5,6,75,226,38,3,5,-2,NRG,Sentinels,13.0,11.0,3.0,1.0
https://www.vlr.gg/530912/sentinels-vs-nrg-vct-2025-americas-stage-2-lbf,2,Icebox,zekken,SEN,Jett,1.34,271,27,18,1,9,83,175,38,5,1,4,NRG,Sentinels,13.0,11.0,3.0,1.0
https://www.vlr.gg/530912/sentinels-vs-nrg-vct-2025-americas-stage-2-lbf,2,Icebox,bang,SEN,Viper,0.81,161,12,16,7,-4,67,112,31,1,4,-3,NRG,Sentinels,13.0,11.0,3.0,1.0
https://www.vlr.gg/530912/sentinels-vs-nrg-vct-2025-americas-stage-2-lbf,2,Icebox,Zellsis,SEN,Killjoy,0.8,167,14,15,5,-1,67,122,21,1,2,-1,NRG,Sentinels,13.0,11.0,3.0,1.0
https://www.vlr.gg/530912/sentinels-vs-nrg-vct-2025-americas-stage-2-lbf,2,Icebox,johnqt,SEN,Sage,0.59,100,8,18,17,-10,71,51,15,1,1,0,NRG,Sentinels,13.0,11.0,3.0,1.0
https://www.vlr.gg/530912/sentinels-vs-nrg-vct-2025-americas-stage-2-lbf,2,Icebox,brawk,NRG,Sova,1.6,308,25,15,5,10,88,206,23,5,0,5,NRG,Sentinels,13.0,11.0,3.0,1.0
https://www.vlr.gg/530912/sentinels-vs-nrg-vct-2025-americas-stage-2-lbf,2,Icebox,Ethan,NRG,Harbor,1.05,189,16,16,12,0,71,120,30,1,2,-1,NRG,Sentinels,13.0,11.0,3.0,1.0
https://www.vlr.gg/530912/sentinels-vs-nrg-vct-2025-americas-stage-2-lbf,2,Icebox,skuba,NRG,Viper,1.02,209,17,18,9,-1,71,151,34,0,3,-3,NRG,Sentinels,13.0,11.0,3.0,1.0
https://www.vlr.gg/530912/sentinels-vs-nrg-vct-2025-americas-stage-2-lbf,2,Icebox,mada,NRG,Jett,0.97,210,18,18,4,0,75,132,37,5,4,1,NRG,Sentinels,13.0,11.0,3.0,1.0
https://www.vlr.gg/530912/sentinels-vs-nrg-vct-2025-americas-stage-2-lbf,2,Icebox,s0m,NRG,Killjoy,0.52,138,11,21,4,-10,75,101,35,2,2,0,NRG,Sentinels,13.0,11.0,3.0,1.0
https://www.vlr.gg/530912/sentinels-vs-nrg-vct-2025-americas-stage-2-lbf,3,Sunset,bang,SEN,Omen,1.26,228,20,14,12,6,87,136,27,3,0,3,Sentinels,Sentinels,10.0,13.0,3.0,1.0
https://www.vlr.gg/530912/sentinels-vs-nrg-vct-2025-americas-stage-2-lbf,3,Sunset,N4RRATE,SEN,Fade,1.2,209,18,13,8,5,65,139,30,1,2,-1,Sentinels,Sentinels,10.0,13.0,3.0,1.0
https://www.vlr.gg/530912/sentinels-vs-nrg-vct-2025-americas-stage-2-lbf,3,Sunset,johnqt,SEN,Cypher,1.15,211,18,13,8,5,78,139,22,0,3,-3,Sentinels,Sentinels,10.0,13.0,3.0,1.0
https://www.vlr.gg/530912/sentinels-vs-nrg-vct-2025-americas-stage-2-lbf,3,Sunset,Zellsis,SEN,Breach,1.07,185,13,14,19,-1,78,118,17,2,1,1,Sentinels,Sentinels,10.0,13.0,3.0,1.0
https://www.vlr.gg/530912/sentinels-vs-nrg-vct-2025-americas-stage-2-lbf,3,Sunset,zekken,SEN,Neon,1.05,237,20,17,4,3,78,144,18,7,4,3,Sentinels,Sentinels,10.0,13.0,3.0,1.0
https://www.vlr.gg/530912/sentinels-vs-nrg-vct-2025-americas-stage-2-lbf,3,Sunset,brawk,NRG,Sova,1.12,263,19,19,7,0,70,181,25,2,0,2,Sentinels,Sentinels,10.0,13.0,3.0,1.0
https://www.vlr.gg/530912/sentinels-vs-nrg-vct-2025-americas-stage-2-lbf,3,Sunset,Ethan,NRG,Breach,1.11,182,15,16,9,-1,74,131,30,3,1,2,Sentinels,Sentinels,10.0,13.0,3.0,1.0
https://www.vlr.gg/530912/sentinels-vs-nrg-vct-2025-americas-stage-2-lbf,3,Sunset,skuba,NRG,Cypher,0.92,164,14,15,6,-1,65,105,29,0,0,0,Sentinels,Sentinels,10.0,13.0,3.0,1.0
https://www.vlr.gg/530912/sentinels-vs-nrg-vct-2025-americas-stage-2-lbf,3,Sunset,mada,NRG,Neon,0.8,176,13,19,10,-6,70,103,38,4,6,-2,Sentinels,Sentinels,10.0,13.0,3.0,1.0
https://www.vlr.gg/530912/sentinels-vs-nrg-vct-2025-americas-stage-2-lbf,3,Sunset,s0m,NRG,Omen,0.48,135,10,20,4,-10,52,88,31,1,6,-5,Sentinels,Sentinels,10.0,13.0,3.0,1.0
https://www.vlr.gg/530912/sentinels-vs-nrg-vct-2025-americas-stage-2-lbf,4,Corrode,johnqt,SEN,Viper,1.22,198,17,11,4,6,71,114,40,0,1,-1,NRG,Sentinels,13.0,8.0,3.0,1.0
https://www.vlr.gg/530912/sentinels-vs-nrg-vct-2025-americas-stage-2-lbf,4,Corrode,bang,SEN,Omen,0.95,166,12,14,6,-2,62,122,33,0,1,-1,NRG,Sentinels,13.0,8.0,3.0,1.0
https://www.vlr.gg/530912/sentinels-vs-nrg-vct-2025-americas-stage-2-lbf,4,Corrode,zekken,SEN,Neon,0.74,196,13,18,3,-5,67,144,31,6,7,-1,NRG,Sentinels,13.0,8.0,3.0,1.0
https://www.vlr.gg/530912/sentinels-vs-nrg-vct-2025-americas-stage-2-lbf,4,Corrode,N4RRATE,SEN,Fade,0.6,110,7,15,6,-8,67,73,11,1,3,-2,NRG,Sentinels,13.0,8.0,3.0,1.0
https://www.vlr.gg/530912/sentinels-vs-nrg-vct-2025-americas-stage-2-lbf,4,Corrode,Zellsis,SEN,Vyse,0.58,164,11,17,7,-6,71,107,26,0,2,-2,NRG,Sentinels,13.0,8.0,3.0,1.0
https://www.vlr.gg/530912/sentinels-vs-nrg-vct-2025-americas-stage-2-lbf,4,Corrode,brawk,NRG,Sova,1.38,275,19,12,6,7,76,171,27,1,0,1,NRG,Sentinels,13.0,8.0,3.0,1.0
https://www.vlr.gg/530912/sentinels-vs-nrg-vct-2025-americas-stage-2-lbf,4,Corrode,skuba,NRG,Viper,1.15,184,14,9,6,5,81,107,36,3,1,2,NRG,Sentinels,13.0,8.0,3.0,1.0
https://www.vlr.gg/530912/sentinels-vs-nrg-vct-2025-americas-stage-2-lbf,4,Corrode,mada,NRG,Waylay,1.13,224,17,13,6,4,81,142,35,5,3,2,NRG,Sentinels,13.0,8.0,3.0,1.0
https://www.vlr.gg/530912/sentinels-vs-nrg-vct-2025-americas-stage-2-lbf,4,Corrode,Ethan,NRG,Kayo,1.06,177,12,12,9,0,71,132,26,2,1,1,NRG,Sentinels,13.0,8.0,3.0,1.0
https://www.vlr.gg/530912/sentinels-vs-nrg-vct-2025-americas-stage-2-lbf,4,Corrode,s0m,NRG,Omen,0.69,165,13,14,6,-1,81,99,22,3,2,1,NRG,Sentinels,13.0,8.0,3.0,1.0
https://www.vlr.gg/509801/cloud9-vs-furia-vct-2025-americas-stage-2-w1,0,Haven,mitch,C9,Skye,1.51,250,18,8,5,10,94,159,21,0,2,-2,Cloud9,Cloud9,5.0,13.0,0.0,2.0
https://www.vlr.gg/509801/cloud9-vs-furia-vct-2025-americas-stage-2-w1,0,Haven,OXY,C9,Jett,1.42,336,23,14,3,9,78,181,25,8,2,6,Cloud9,Cloud9,5.0,13.0,0.0,2.0
https://www.vlr.gg/509801/cloud9-vs-furia-vct-2025-americas-stage-2-w1,0,Haven,v1c,C9,Omen,1.28,189,12,8,7,4,94,135,61,1,1,0,Cloud9,Cloud9,5.0,13.0,0.0,2.0
https://www.vlr.gg/509801/cloud9-vs-furia-vct-2025-americas-stage-2-w1,0,Haven,Xeppaa,C9,Killjoy,1.2,221,13,10,5,3,100,160,23,2,0,2,Cloud9,Cloud9,5.0,13.0,0.0,2.0
https://www.vlr.gg/509801/cloud9-vs-furia-vct-2025-americas-stage-2-w1,0,Haven,neT,C9,Viper,0.84,132,9,8,3,1,78,88,29,0,2,-2,Cloud9,Cloud9,5.0,13.0,0.0,2.0
https://www.vlr.gg/509801/cloud9-vs-furia-vct-2025-americas-stage-2-w1,0,Haven,heat,FUR,Viper,0.92,176,12,15,3,-3,56,109,42,1,3,-2,Cloud9,Cloud9,5.0,13.0,0.0,2.0
https://www.vlr.gg/509801/cloud9-vs-furia-vct-2025-americas-stage-2-w1,0,Haven,adverso,FUR,Sova,0.9,211,12,14,4,-2,83,156,24,0,0,0,Cloud9,Cloud9,5.0,13.0,0.0,2.0
https://www.vlr.gg/509801/cloud9-vs-furia-vct-2025-americas-stage-2-w1,0,Haven,Palla,FUR,Neon,0.75,178,11,16,2,-5,56,124,36,2,2,0,Cloud9,Cloud9,5.0,13.0,0.0,2.0
https://www.vlr.gg/509801/cloud9-vs-furia-vct-2025-americas-stage-2-w1,0,Haven,tuyz,FUR,Omen,0.58,97,6,13,6,-7,72,63,50,2,2,0,Cloud9,Cloud9,5.0,13.0,0.0,2.0
https://www.vlr.gg/509801/cloud9-vs-furia-vct-2025-americas-stage-2-w1,0,Haven,Urango,FUR,Killjoy,0.27,133,7,17,1,-10,44,89,29,2,4,-2,Cloud9,Cloud9,5.0,13.0,0.0,2.0
https://www.vlr.gg/509801/cloud9-vs-furia-vct-2025-americas-stage-2-w1,1,AllMaps,OXY,C9,Jett,1.59,338,44,21,8,23,80,186,19,12,3,9,Cloud9,Cloud9,9.0,26.0,0.0,2.0
https://www.vlr.gg/509801/cloud9-vs-furia-vct-2025-americas-stage-2-w1,1,AllMaps,Xeppaa,C9,Killjoy,1.41,289,35,20,12,15,94,190,27,7,0,7,Cloud9,Cloud9,9.0,26.0,0.0,2.0
https://www.vlr.gg/509801/cloud9-vs-furia-vct-2025-americas-stage-2-w1,1,AllMaps,v1c,C9,Omen,1.38,196,25,13,16,12,94,137,41,2,2,0,Cloud9,Cloud9,9.0,26.0,0.0,2.0
https://www.vlr.gg/509801/cloud9-vs-furia-vct-2025-americas-stage-2-w1,1,AllMaps,mitch,C9,Skye,1.27,191,24,15,15,9,91,128,20,1,3,-2,Cloud9,Cloud9,9.0,26.0,0.0,2.0
https://www.vlr.gg/509801/cloud9-vs-furia-vct-2025-americas-stage-2-w1,1,AllMaps,neT,C9,Viper,1.04,153,21,13,5,8,80,98,36,1,4,-3,Cloud9,Cloud9,9.0,26.0,0.0,2.0
https://www.vlr.gg/509801/cloud9-vs-furia-vct-2025-americas-stage-2-w1,1,AllMaps,heat,FUR,Viper,0.76,148,18,30,6,-12,54,104,35,1,4,-3,Cloud9,Cloud9,9.0,26.0,0.0,2.0
https://www.vlr.gg/509801/cloud9-vs-furia-vct-2025-americas-stage-2-w1,1,AllMaps,adverso,FUR,Sova,0.76,177,20,29,7,-9,60,119,24,2,5,-3,Cloud9,Cloud9,9.0,26.0,0.0,2.0
https://www.vlr.gg/509801/cloud9-vs-furia-vct-2025-americas-stage-2-w1,1,AllMaps,Palla,FUR,Neon,0.66,171,19,32,5,-13,46,118,25,3,5,-2,Cloud9,Cloud9,9.0,26.0,0.0,2.0
https://www.vlr.gg/509801/cloud9-vs-furia-vct-2025-americas-stage-2-w1,1,AllMaps,tuyz,FUR,Omen,0.65,101,12,26,14,-14,60,68,52,2,4,-2,Cloud9,Cloud9,9.0,26.0,0.0,2.0
https://www.vlr.gg/509801/cloud9-vs-furia-vct-2025-americas-stage-2-w1,1,AllMaps,Urango,FUR,Killjoy,0.32,118,13,32,5,-19,46,70,23,4,5,-1,Cloud9,Cloud9,9.0,26.0,0.0,2.0
https://www.vlr.gg/509801/cloud9-vs-furia-vct-2025-americas-stage-2-w1,2,Bind,OXY,C9,Raze,1.78,339,21,7,5,14,82,190,12,4,1,3,Cloud9,Cloud9,4.0,13.0,0.0,2.0
https://www.vlr.gg/509801/cloud9-vs-furia-vct-2025-americas-stage-2-w1,2,Bind,Xeppaa,C9,Vyse,1.64,357,22,10,7,12,88,223,31,5,0,5,Cloud9,Cloud9,4.0,13.0,0.0,2.0
https://www.vlr.gg/509801/cloud9-vs-furia-vct-2025-americas-stage-2-w1,2,Bind,v1c,C9,Brimstone,1.48,202,13,5,9,8,94,139,24,1,1,0,Cloud9,Cloud9,4.0,13.0,0.0,2.0
https://www.vlr.gg/509801/cloud9-vs-furia-vct-2025-americas-stage-2-w1,2,Bind,neT,C9,Viper,1.26,173,12,5,2,7,82,109,47,1,2,-1,Cloud9,Cloud9,4.0,13.0,0.0,2.0
https://www.vlr.gg/509801/cloud9-vs-furia-vct-2025-americas-stage-2-w1,2,Bind,mitch,C9,Skye,1.02,131,6,7,10,-1,88,95,19,1,1,0,Cloud9,Cloud9,4.0,13.0,0.0,2.0
https://www.vlr.gg/509801/cloud9-vs-furia-vct-2025-americas-stage-2-w1,2,Bind,tuyz,FUR,Brimstone,0.72,104,6,13,8,-7,47,74,55,0,2,-2,Cloud9,Cloud9,4.0,13.0,0.0,2.0
https://www.vlr.gg/509801/cloud9-vs-furia-vct-2025-americas-stage-2-w1,2,Bind,adverso,FUR,Deadlock,0.61,142,8,15,3,-7,35,80,24,2,5,-3,Cloud9,Cloud9,4.0,13.0,0.0,2.0
https://www.vlr.gg/509801/cloud9-vs-furia-vct-2025-americas-stage-2-w1,2,Bind,heat,FUR,Viper,0.59,120,6,15,3,-9,53,99,28,0,1,-1,Cloud9,Cloud9,4.0,13.0,0.0,2.0
https://www.vlr.gg/509801/cloud9-vs-furia-vct-2025-americas-stage-2-w1,2,Bind,Palla,FUR,Raze,0.57,164,8,16,3,-8,35,111,18,1,3,-2,Cloud9,Cloud9,4.0,13.0,0.0,2.0
https://www.vlr.gg/509801/cloud9-vs-furia-vct-2025-americas-stage-2-w1,2,Bind,Urango,FUR,Skye,0.37,102,6,15,4,-9,47,50,14,2,1,1,Cloud9,Cloud9,4.0,13.0,0.0,2.0
https://www.vlr.gg/509803/evil-geniuses-vs-2game-esports-vct-2025-americas-stage-2-w1,0,Sunset,supamen,EG,Omen,1.01,159,13,14,6,-1,60,89,41,1,2,-1,2Game Esports,Evil Geniuses,13.0,7.0,1.0,2.0
https://www.vlr.gg/509803/evil-geniuses-vs-2game-esports-vct-2025-americas-stage-2-w1,0,Sunset,icy,EG,Cypher,0.9,189,14,15,1,-1,65,139,35,1,0,1,2Game Esports,Evil Geniuses,13.0,7.0,1.0,2.0
https://www.vlr.gg/509803/evil-geniuses-vs-2game-esports-vct-2025-americas-stage-2-w1,0,Sunset,Derrek,EG,Sova,0.88,184,13,15,6,-2,65,124,41,0,0,0,2Game Esports,Evil Geniuses,13.0,7.0,1.0,2.0
https://www.vlr.gg/509803/evil-geniuses-vs-2game-esports-vct-2025-americas-stage-2-w1,0,Sunset,NaturE,EG,Kayo,0.74,195,13,17,8,-4,80,110,29,1,2,-1,2Game Esports,Evil Geniuses,13.0,7.0,1.0,2.0
https://www.vlr.gg/509803/evil-geniuses-vs-2game-esports-vct-2025-americas-stage-2-w1,0,Sunset,yay,EG,Jett,0.66,161,9,17,7,-8,55,115,21,6,7,-1,2Game Esports,Evil Geniuses,13.0,7.0,1.0,2.0
https://www.vlr.gg/509803/evil-geniuses-vs-2game-esports-vct-2025-americas-stage-2-w1,0,Sunset,spike,2G,Neon,1.79,365,27,11,3,16,80,237,31,3,3,0,2Game Esports,Evil Geniuses,13.0,7.0,1.0,2.0
https://www.vlr.gg/509803/evil-geniuses-vs-2game-esports-vct-2025-americas-stage-2-w1,0,Sunset,lz,2G,Omen,1.49,257,18,11,11,7,80,155,43,4,3,1,2Game Esports,Evil Geniuses,13.0,7.0,1.0,2.0
https://www.vlr.gg/509803/evil-geniuses-vs-2game-esports-vct-2025-americas-stage-2-w1,0,Sunset,gobera,2G,Breach,1.02,190,12,14,13,-2,75,127,30,3,0,3,2Game Esports,Evil Geniuses,13.0,7.0,1.0,2.0
https://www.vlr.gg/509803/evil-geniuses-vs-2game-esports-vct-2025-americas-stage-2-w1,0,Sunset,silentzz,2G,Cypher,0.83,158,13,12,1,1,70,106,57,1,2,-1,2Game Esports,Evil Geniuses,13.0,7.0,1.0,2.0
https://www.vlr.gg/509803/evil-geniuses-vs-2game-esports-vct-2025-americas-stage-2-w1,0,Sunset,pryze,2G,Sova,0.65,108,8,14,5,-6,70,75,15,0,1,-1,2Game Esports,Evil Geniuses,13.0,7.0,1.0,2.0
https://www.vlr.gg/509803/evil-geniuses-vs-2game-esports-vct-2025-americas-stage-2-w1,1,AllMaps,Derrek,EG,Sova,1.36,259,61,42,17,19,67,184,31,4,4,0,Evil Geniuses,Evil Geniuses,33.0,33.0,1.0,2.0
https://www.vlr.gg/509803/evil-geniuses-vs-2game-esports-vct-2025-americas-stage-2-w1,1,AllMaps,icy,EG,Cypher,1.0,174,42,40,10,2,67,111,29,5,3,2,Evil Geniuses,Evil Geniuses,33.0,33.0,1.0,2.0
https://www.vlr.gg/509803/evil-geniuses-vs-2game-esports-vct-2025-americas-stage-2-w1,1,AllMaps,supamen,EG,Omen,0.9,150,34,41,18,-7,67,95,34,6,7,-1,Evil Geniuses,Evil Geniuses,33.0,33.0,1.0,2.0
https://www.vlr.gg/509803/evil-geniuses-vs-2game-esports-vct-2025-americas-stage-2-w1,1,AllMaps,yay,EG,Jett,0.86,198,45,51,18,-6,64,135,27,11,17,-6,Evil Geniuses,Evil Geniuses,33.0,33.0,1.0,2.0
https://www.vlr.gg/509803/evil-geniuses-vs-2game-esports-vct-2025-americas-stage-2-w1,1,AllMaps,NaturE,EG,Kayo,0.84,176,38,48,31,-10,74,109,26,3,6,-3,Evil Geniuses,Evil Geniuses,33.0,33.0,1.0,2.0
https://www.vlr.gg/509803/evil-geniuses-vs-2game-esports-vct-2025-americas-stage-2-w1,1,AllMaps,spike,2G,Neon,1.26,259,60,44,18,16,68,162,24,10,7,3,Evil Geniuses,Evil Geniuses,33.0,33.0,1.0,2.0
https://www.vlr.gg/509803/evil-geniuses-vs-2game-esports-vct-2025-americas-stage-2-w1,1,AllMaps,silentzz,2G,Cypher,1.15,209,52,41,7,11,68,134,37,9,5,4,Evil Geniuses,Evil Geniuses,33.0,33.0,1.0,2.0
https://www.vlr.gg/509803/evil-geniuses-vs-2game-esports-vct-2025-americas-stage-2-w1,1,AllMaps,lz,2G,Omen,1.13,209,45,42,35,3,73,129,42,12,8,4,Evil Geniuses,Evil Geniuses,33.0,33.0,1.0,2.0
https://www.vlr.gg/509803/evil-geniuses-vs-2game-esports-vct-2025-americas-stage-2-w1,1,AllMaps,pryze,2G,Sova,0.9,171,40,46,19,-6,68,118,17,2,5,-3,Evil Geniuses,Evil Geniuses,33.0,33.0,1.0,2.0
https://www.vlr.gg/509803/evil-geniuses-vs-2game-esports-vct-2025-americas-stage-2-w1,1,AllMaps,gobera,2G,Breach,0.68,125,25,47,30,-22,65,85,21,4,4,0,Evil Geniuses,Evil Geniuses,33.0,33.0,1.0,2.0
https://www.vlr.gg/509803/evil-geniuses-vs-2game-esports-vct-2025-americas-stage-2-w1,2,Lotus,Derrek,EG,Chamber,1.59,350,30,15,4,15,79,242,31,3,2,1,Evil Geniuses,Evil Geniuses,11.0,13.0,1.0,2.0
https://www.vlr.gg/509803/evil-geniuses-vs-2game-esports-vct-2025-americas-stage-2-w1,2,Lotus,icy,EG,Raze,1.27,224,20,13,3,7,71,129,20,4,2,2,Evil Geniuses,Evil Geniuses,11.0,13.0,1.0,2.0
https://www.vlr.gg/509803/evil-geniuses-vs-2game-esports-vct-2025-americas-stage-2-w1,2,Lotus,supamen,EG,Viper,0.95,138,10,12,6,-2,67,98,19,3,3,0,Evil Geniuses,Evil Geniuses,11.0,13.0,1.0,2.0
https://www.vlr.gg/509803/evil-geniuses-vs-2game-esports-vct-2025-americas-stage-2-w1,2,Lotus,yay,EG,Clove,0.74,204,17,19,8,-2,71,141,30,1,3,-2,Evil Geniuses,Evil Geniuses,11.0,13.0,1.0,2.0
https://www.vlr.gg/509803/evil-geniuses-vs-2game-esports-vct-2025-americas-stage-2-w1,2,Lotus,NaturE,EG,Fade,0.62,102,8,16,11,-8,63,66,18,0,3,-3,Evil Geniuses,Evil Geniuses,11.0,13.0,1.0,2.0
https://www.vlr.gg/509803/evil-geniuses-vs-2game-esports-vct-2025-americas-stage-2-w1,2,Lotus,lz,2G,Omen,1.13,216,16,16,13,0,63,138,45,5,5,0,Evil Geniuses,Evil Geniuses,11.0,13.0,1.0,2.0
https://www.vlr.gg/509803/evil-geniuses-vs-2game-esports-vct-2025-americas-stage-2-w1,2,Lotus,pryze,2G,Fade,1.11,218,18,17,9,1,67,149,19,0,1,-1,Evil Geniuses,Evil Geniuses,11.0,13.0,1.0,2.0
https://www.vlr.gg/509803/evil-geniuses-vs-2game-esports-vct-2025-americas-stage-2-w1,2,Lotus,spike,2G,Neon,1.04,225,19,18,2,1,54,150,20,6,2,4,Evil Geniuses,Evil Geniuses,11.0,13.0,1.0,2.0
https://www.vlr.gg/509803/evil-geniuses-vs-2game-esports-vct-2025-americas-stage-2-w1,2,Lotus,silentzz,2G,Cypher,0.93,159,13,18,5,-5,58,105,35,1,2,-1,Evil Geniuses,Evil Geniuses,11.0,13.0,1.0,2.0
https://www.vlr.gg/509803/evil-geniuses-vs-2game-esports-vct-2025-americas-stage-2-w1,2,Lotus,gobera,2G,Breach,0.83,119,9,16,13,-7,75,80,24,1,1,0,Evil Geniuses,Evil Geniuses,11.0,13.0,1.0,2.0
https://www.vlr.gg/509803/evil-geniuses-vs-2game-esports-vct-2025-americas-stage-2-w1,3,Ascent,Derrek,EG,Sova,1.55,243,18,12,7,6,55,177,27,1,2,-1,Evil Geniuses,Evil Geniuses,9.0,13.0,1.0,2.0
https://www.vlr.gg/509803/evil-geniuses-vs-2game-esports-vct-2025-americas-stage-2-w1,3,Ascent,yay,EG,Jett,1.19,230,19,15,3,4,64,146,30,4,7,-3,Evil Geniuses,Evil Geniuses,9.0,13.0,1.0,2.0
https://www.vlr.gg/509803/evil-geniuses-vs-2game-esports-vct-2025-americas-stage-2-w1,3,Ascent,NaturE,EG,Kayo,1.15,230,17,15,12,2,82,156,29,2,1,1,Evil Geniuses,Evil Geniuses,9.0,13.0,1.0,2.0
https://www.vlr.gg/509803/evil-geniuses-vs-2game-esports-vct-2025-americas-stage-2-w1,3,Ascent,icy,EG,Cypher,0.8,109,8,12,6,-4,64,68,47,0,1,-1,Evil Geniuses,Evil Geniuses,9.0,13.0,1.0,2.0
https://www.vlr.gg/509803/evil-geniuses-vs-2game-esports-vct-2025-americas-stage-2-w1,3,Ascent,supamen,EG,Omen,0.75,152,11,15,6,-4,73,95,54,2,2,0,Evil Geniuses,Evil Geniuses,9.0,13.0,1.0,2.0
https://www.vlr.gg/509803/evil-geniuses-vs-2game-esports-vct-2025-americas-stage-2-w1,3,Ascent,silentzz,2G,Jett,1.69,311,26,11,1,15,77,190,28,7,1,6,Evil Geniuses,Evil Geniuses,9.0,13.0,1.0,2.0
https://www.vlr.gg/509803/evil-geniuses-vs-2game-esports-vct-2025-americas-stage-2-w1,3,Ascent,spike,2G,Kayo,1.01,187,14,15,13,-1,73,107,18,1,2,-1,Evil Geniuses,Evil Geniuses,9.0,13.0,1.0,2.0
https://www.vlr.gg/509803/evil-geniuses-vs-2game-esports-vct-2025-americas-stage-2-w1,3,Ascent,pryze,2G,Sova,0.89,188,14,15,5,-1,68,125,17,2,3,-1,Evil Geniuses,Evil Geniuses,9.0,13.0,1.0,2.0
https://www.vlr.gg/509803/evil-geniuses-vs-2game-esports-vct-2025-americas-stage-2-w1,3,Ascent,lz,2G,Omen,0.79,153,11,15,11,-4,77,94,35,3,0,3,Evil Geniuses,Evil Geniuses,9.0,13.0,1.0,2.0
https://www.vlr.gg/509803/evil-geniuses-vs-2game-esports-vct-2025-americas-stage-2-w1,3,Ascent,gobera,2G,Cypher,0.2,66,4,17,4,-13,45,51,4,0,3,-3,Evil Geniuses,Evil Geniuses,9.0,13.0,1.0,2.0
https://www.vlr.gg/509806/sentinels-vs-g2-esports-vct-2025-americas-stage-2-w1,0,Corrode,N4RRATE,SEN,Fade,1.35,244,17,13,9,4,90,149,37,5,1,4,Sentinels,Sentinels,8.0,13.0,1.0,2.0
https://www.vlr.gg/509806/sentinels-vs-g2-esports-vct-2025-americas-stage-2-w1,0,Corrode,zekken,SEN,Neon,1.32,282,22,15,3,7,76,166,27,7,3,4,Sentinels,Sentinels,8.0,13.0,1.0,2.0
https://www.vlr.gg/509806/sentinels-vs-g2-esports-vct-2025-americas-stage-2-w1,0,Corrode,bang,SEN,Omen,1.3,190,15,8,8,7,81,118,23,1,0,1,Sentinels,Sentinels,8.0,13.0,1.0,2.0
https://www.vlr.gg/509806/sentinels-vs-g2-esports-vct-2025-americas-stage-2-w1,0,Corrode,johnqt,SEN,Viper,1.04,182,14,11,3,3,86,117,14,2,0,2,Sentinels,Sentinels,8.0,13.0,1.0,2.0
https://www.vlr.gg/509806/sentinels-vs-g2-esports-vct-2025-americas-stage-2-w1,0,Corrode,Zellsis,SEN,Vyse,0.91,193,15,13,2,2,76,132,18,2,0,2,Sentinels,Sentinels,8.0,13.0,1.0,2.0
https://www.vlr.gg/509806/sentinels-vs-g2-esports-vct-2025-americas-stage-2-w1,0,Corrode,trent,G2,Sova,1.28,281,18,16,4,2,67,201,28,1,2,-1,Sentinels,Sentinels,8.0,13.0,1.0,2.0
https://www.vlr.gg/509806/sentinels-vs-g2-esports-vct-2025-americas-stage-2-w1,0,Corrode,valyn,G2,Omen,0.87,157,12,15,8,-3,57,106,21,0,4,-4,Sentinels,Sentinels,8.0,13.0,1.0,2.0
https://www.vlr.gg/509806/sentinels-vs-g2-esports-vct-2025-americas-stage-2-w1,0,Corrode,JonahP,G2,Viper,0.78,130,9,15,5,-6,76,93,30,2,3,-1,Sentinels,Sentinels,8.0,13.0,1.0,2.0
https://www.vlr.gg/509806/sentinels-vs-g2-esports-vct-2025-americas-stage-2-w1,0,Corrode,jawgemo,G2,Yoru,0.75,210,14,20,6,-6,57,151,39,1,4,-3,Sentinels,Sentinels,8.0,13.0,1.0,2.0
https://www.vlr.gg/509806/sentinels-vs-g2-esports-vct-2025-americas-stage-2-w1,0,Corrode,BABYBAY,G2,Vyse,0.46,110,7,17,6,-10,62,83,21,0,4,-4,Sentinels,Sentinels,8.0,13.0,1.0,2.0
https://www.vlr.gg/509806/sentinels-vs-g2-esports-vct-2025-americas-stage-2-w1,1,AllMaps,N4RRATE,SEN,Fade,1.07,219,48,47,23,1,80,130,22,12,4,8,Sentinels,Sentinels,33.0,33.0,1.0,2.0
https://www.vlr.gg/509806/sentinels-vs-g2-esports-vct-2025-americas-stage-2-w1,1,AllMaps,zekken,SEN,Neon,1.02,229,57,49,9,8,67,149,28,14,15,-1,Sentinels,Sentinels,33.0,33.0,1.0,2.0
https://www.vlr.gg/509806/sentinels-vs-g2-esports-vct-2025-americas-stage-2-w1,1,AllMaps,johnqt,SEN,Viper,1.0,172,38,37,19,1,73,117,17,4,0,4,Sentinels,Sentinels,33.0,33.0,1.0,2.0
https://www.vlr.gg/509806/sentinels-vs-g2-esports-vct-2025-americas-stage-2-w1,1,AllMaps,bang,SEN,Omen,0.99,173,41,39,18,2,70,109,34,2,6,-4,Sentinels,Sentinels,33.0,33.0,1.0,2.0
https://www.vlr.gg/509806/sentinels-vs-g2-esports-vct-2025-americas-stage-2-w1,1,AllMaps,Zellsis,SEN,Vyse,0.98,187,45,45,9,0,67,124,26,5,4,1,Sentinels,Sentinels,33.0,33.0,1.0,2.0
https://www.vlr.gg/509806/sentinels-vs-g2-esports-vct-2025-americas-stage-2-w1,1,AllMaps,trent,G2,Sova,1.21,232,49,42,19,7,71,146,26,5,3,2,Sentinels,Sentinels,33.0,33.0,1.0,2.0
https://www.vlr.gg/509806/sentinels-vs-g2-esports-vct-2025-americas-stage-2-w1,1,AllMaps,valyn,G2,Omen,1.14,204,52,44,27,8,67,134,24,3,8,-5,Sentinels,Sentinels,33.0,33.0,1.0,2.0
https://www.vlr.gg/509806/sentinels-vs-g2-esports-vct-2025-americas-stage-2-w1,1,AllMaps,JonahP,G2,Viper,0.96,169,39,44,19,-5,76,107,24,4,5,-1,Sentinels,Sentinels,33.0,33.0,1.0,2.0
https://www.vlr.gg/509806/sentinels-vs-g2-esports-vct-2025-americas-stage-2-w1,1,AllMaps,jawgemo,G2,Yoru,0.91,213,47,51,24,-4,67,145,30,10,11,-1,Sentinels,Sentinels,33.0,33.0,1.0,2.0
https://www.vlr.gg/509806/sentinels-vs-g2-esports-vct-2025-americas-stage-2-w1,1,AllMaps,BABYBAY,G2,Vyse,0.69,145,30,48,14,-18,65,105,22,7,10,-3,Sentinels,Sentinels,33.0,33.0,1.0,2.0
https://www.vlr.gg/509806/sentinels-vs-g2-esports-vct-2025-americas-stage-2-w1,2,Ascent,N4RRATE,SEN,Sova,1.01,230,14,16,6,-2,79,140,31,3,1,2,G2 Esports,Sentinels,13.0,6.0,1.0,2.0
https://www.vlr.gg/509806/sentinels-vs-g2-esports-vct-2025-americas-stage-2-w1,2,Ascent,johnqt,SEN,Cypher,0.89,176,10,11,6,-1,58,120,24,1,0,1,G2 Esports,Sentinels,13.0,6.0,1.0,2.0
https://www.vlr.gg/509806/sentinels-vs-g2-esports-vct-2025-americas-stage-2-w1,2,Ascent,bang,SEN,Omen,0.83,162,10,14,4,-4,68,100,33,1,1,0,G2 Esports,Sentinels,13.0,6.0,1.0,2.0
https://www.vlr.gg/509806/sentinels-vs-g2-esports-vct-2025-americas-stage-2-w1,2,Ascent,Zellsis,SEN,Deadlock,0.74,178,12,16,1,-4,58,108,26,1,2,-1,G2 Esports,Sentinels,13.0,6.0,1.0,2.0
https://www.vlr.gg/509806/sentinels-vs-g2-esports-vct-2025-americas-stage-2-w1,2,Ascent,zekken,SEN,Yoru,0.45,129,9,16,2,-7,58,90,40,3,6,-3,G2 Esports,Sentinels,13.0,6.0,1.0,2.0
https://www.vlr.gg/509806/sentinels-vs-g2-esports-vct-2025-americas-stage-2-w1,2,Ascent,trent,G2,Sova,1.79,311,21,10,8,11,89,193,37,3,0,3,G2 Esports,Sentinels,13.0,6.0,1.0,2.0
https://www.vlr.gg/509806/sentinels-vs-g2-esports-vct-2025-americas-stage-2-w1,2,Ascent,JonahP,G2,Vyse,1.26,200,14,9,4,5,84,128,25,1,0,1,G2 Esports,Sentinels,13.0,6.0,1.0,2.0
https://www.vlr.gg/509806/sentinels-vs-g2-esports-vct-2025-americas-stage-2-w1,2,Ascent,valyn,G2,Omen,1.07,180,14,12,11,2,63,100,32,0,4,-4,G2 Esports,Sentinels,13.0,6.0,1.0,2.0
https://www.vlr.gg/509806/sentinels-vs-g2-esports-vct-2025-americas-stage-2-w1,2,Ascent,BABYBAY,G2,Chamber,1.02,164,10,10,4,0,68,123,26,4,2,2,G2 Esports,Sentinels,13.0,6.0,1.0,2.0
https://www.vlr.gg/509806/sentinels-vs-g2-esports-vct-2025-americas-stage-2-w1,2,Ascent,jawgemo,G2,Yoru,0.82,205,14,14,8,0,74,140,33,2,3,-1,G2 Esports,Sentinels,13.0,6.0,1.0,2.0
https://www.vlr.gg/509806/sentinels-vs-g2-esports-vct-2025-americas-stage-2-w1,3,Lotus,Zellsis,SEN,Vyse,1.23,191,18,16,6,2,65,130,33,2,2,0,Sentinels,Sentinels,12.0,14.0,1.0,2.0
https://www.vlr.gg/509806/sentinels-vs-g2-esports-vct-2025-americas-stage-2-w1,3,Lotus,zekken,SEN,Raze,1.19,277,26,18,4,8,65,179,24,4,6,-2,Sentinels,Sentinels,12.0,14.0,1.0,2.0
https://www.vlr.gg/509806/sentinels-vs-g2-esports-vct-2025-americas-stage-2-w1,3,Lotus,johnqt,SEN,Viper,1.06,159,14,15,10,-1,73,116,15,1,0,1,Sentinels,Sentinels,12.0,14.0,1.0,2.0
https://www.vlr.gg/509806/sentinels-vs-g2-esports-vct-2025-americas-stage-2-w1,3,Lotus,N4RRATE,SEN,Fade,0.88,184,17,18,8,-1,73,107,10,4,2,2,Sentinels,Sentinels,12.0,14.0,1.0,2.0
https://www.vlr.gg/509806/sentinels-vs-g2-esports-vct-2025-americas-stage-2-w1,3,Lotus,bang,SEN,Omen,0.86,167,16,17,6,-1,62,108,50,0,5,-5,Sentinels,Sentinels,12.0,14.0,1.0,2.0
https://www.vlr.gg/509806/sentinels-vs-g2-esports-vct-2025-americas-stage-2-w1,3,Lotus,valyn,G2,Omen,1.41,275,26,17,8,9,77,181,23,3,0,3,Sentinels,Sentinels,12.0,14.0,1.0,2.0
https://www.vlr.gg/509806/sentinels-vs-g2-esports-vct-2025-americas-stage-2-w1,3,Lotus,jawgemo,G2,Yoru,1.11,224,19,17,10,2,69,145,22,7,4,3,Sentinels,Sentinels,12.0,14.0,1.0,2.0
https://www.vlr.gg/509806/sentinels-vs-g2-esports-vct-2025-americas-stage-2-w1,3,Lotus,JonahP,G2,Fade,0.88,177,16,20,10,-4,69,103,19,1,2,-1,Sentinels,Sentinels,12.0,14.0,1.0,2.0
https://www.vlr.gg/509806/sentinels-vs-g2-esports-vct-2025-americas-stage-2-w1,3,Lotus,trent,G2,Tejo,0.73,105,10,16,7,-6,62,66,10,1,1,0,Sentinels,Sentinels,12.0,14.0,1.0,2.0
https://www.vlr.gg/509806/sentinels-vs-g2-esports-vct-2025-americas-stage-2-w1,3,Lotus,BABYBAY,G2,Viper,0.64,160,13,21,4,-8,65,109,21,3,4,-1,Sentinels,Sentinels,12.0,14.0,1.0,2.0
https://www.vlr.gg/509807/2game-esports-vs-g2-esports-vct-2025-americas-stage-2-w2,0,Ascent,pryze,2G,Sova,1.17,185,15,14,5,1,67,139,34,0,0,0,G2 Esports,2Game Esports,13.0,8.0,2.0,0.0
https://www.vlr.gg/509807/2game-esports-vs-g2-esports-vct-2025-americas-stage-2-w2,0,Ascent,silentzz,2G,Jett,1.01,221,18,15,0,3,57,132,26,5,6,-1,G2 Esports,2Game Esports,13.0,8.0,2.0,0.0
https://www.vlr.gg/509807/2game-esports-vs-g2-esports-vct-2025-americas-stage-2-w2,0,Ascent,spike,2G,Kayo,0.81,184,11,19,11,-8,52,119,28,2,3,-1,G2 Esports,2Game Esports,13.0,8.0,2.0,0.0
https://www.vlr.gg/509807/2game-esports-vs-g2-esports-vct-2025-americas-stage-2-w2,0,Ascent,lz,2G,Omen,0.76,159,12,18,6,-6,48,112,41,0,2,-2,G2 Esports,2Game Esports,13.0,8.0,2.0,0.0
https://www.vlr.gg/509807/2game-esports-vs-g2-esports-vct-2025-americas-stage-2-w2,0,Ascent,gobera,2G,Cypher,0.32,121,7,19,6,-12,52,82,40,1,2,-1,G2 Esports,2Game Esports,13.0,8.0,2.0,0.0
https://www.vlr.gg/509807/2game-esports-vs-g2-esports-vct-2025-americas-stage-2-w2,0,Ascent,jawgemo,G2,Yoru,1.48,287,22,12,6,10,81,180,19,3,3,0,G2 Esports,2Game Esports,13.0,8.0,2.0,0.0
https://www.vlr.gg/509807/2game-esports-vs-g2-esports-vct-2025-americas-stage-2-w2,0,Ascent,trent,G2,Sova,1.2,229,18,12,9,6,81,140,31,1,1,0,G2 Esports,2Game Esports,13.0,8.0,2.0,0.0
https://www.vlr.gg/509807/2game-esports-vs-g2-esports-vct-2025-americas-stage-2-w2,0,Ascent,JonahP,G2,Vyse,1.17,227,19,14,4,5,71,148,22,2,0,2,G2 Esports,2Game Esports,13.0,8.0,2.0,0.0
https://www.vlr.gg/509807/2game-esports-vs-g2-esports-vct-2025-americas-stage-2-w2,0,Ascent,valyn,G2,Omen,1.0,154,11,11,10,0,81,89,28,2,0,2,G2 Esports,2Game Esports,13.0,8.0,2.0,0.0
https://www.vlr.gg/509807/2game-esports-vs-g2-esports-vct-2025-americas-stage-2-w2,0,Ascent,BABYBAY,G2,Chamber,0.92,187,15,14,5,1,76,116,18,5,4,1,G2 Esports,2Game Esports,13.0,8.0,2.0,0.0
https://www.vlr.gg/509807/2game-esports-vs-g2-esports-vct-2025-americas-stage-2-w2,1,AllMaps,pryze,2G,Sova,0.99,176,24,30,8,-6,62,135,31,2,0,2,G2 Esports,2Game Esports,26.0,13.0,2.0,0.0
https://www.vlr.gg/509807/2game-esports-vs-g2-esports-vct-2025-americas-stage-2-w2,1,AllMaps,silentzz,2G,Jett,0.92,213,30,31,2,-1,67,138,28,7,8,-1,G2 Esports,2Game Esports,26.0,13.0,2.0,0.0
https://www.vlr.gg/509807/2game-esports-vs-g2-esports-vct-2025-americas-stage-2-w2,1,AllMaps,spike,2G,Kayo,0.78,198,24,35,14,-11,54,131,36,5,6,-1,G2 Esports,2Game Esports,26.0,13.0,2.0,0.0
https://www.vlr.gg/509807/2game-esports-vs-g2-esports-vct-2025-americas-stage-2-w2,1,AllMaps,lz,2G,Omen,0.68,137,18,32,16,-14,54,95,45,1,5,-4,G2 Esports,2Game Esports,26.0,13.0,2.0,0.0
https://www.vlr.gg/509807/2game-esports-vs-g2-esports-vct-2025-americas-stage-2-w2,1,AllMaps,gobera,2G,Cypher,0.49,129,16,34,7,-18,54,87,41,2,3,-1,G2 Esports,2Game Esports,26.0,13.0,2.0,0.0
https://www.vlr.gg/509807/2game-esports-vs-g2-esports-vct-2025-americas-stage-2-w2,1,AllMaps,JonahP,G2,Vyse,1.44,261,38,22,14,16,79,164,20,5,1,4,G2 Esports,2Game Esports,26.0,13.0,2.0,0.0
https://www.vlr.gg/509807/2game-esports-vs-g2-esports-vct-2025-americas-stage-2-w2,1,AllMaps,valyn,G2,Omen,1.37,249,34,20,17,14,85,142,22,3,1,2,G2 Esports,2Game Esports,26.0,13.0,2.0,0.0
https://www.vlr.gg/509807/2game-esports-vs-g2-esports-vct-2025-americas-stage-2-w2,1,AllMaps,trent,G2,Sova,1.29,235,37,22,14,15,85,139,27,4,2,2,G2 Esports,2Game Esports,26.0,13.0,2.0,0.0
https://www.vlr.gg/509807/2game-esports-vs-g2-esports-vct-2025-americas-stage-2-w2,1,AllMaps,jawgemo,G2,Yoru,1.09,211,30,25,12,5,77,143,17,5,5,0,G2 Esports,2Game Esports,26.0,13.0,2.0,0.0
https://www.vlr.gg/509807/2game-esports-vs-g2-esports-vct-2025-americas-stage-2-w2,1,AllMaps,BABYBAY,G2,Chamber,0.86,158,23,23,13,0,74,102,17,5,8,-3,G2 Esports,2Game Esports,26.0,13.0,2.0,0.0
https://www.vlr.gg/509807/2game-esports-vs-g2-esports-vct-2025-americas-stage-2-w2,2,Haven,silentzz,2G,Iso,0.82,205,12,16,2,-4,78,145,30,2,2,0,G2 Esports,2Game Esports,13.0,5.0,2.0,0.0
https://www.vlr.gg/509807/2game-esports-vs-g2-esports-vct-2025-americas-stage-2-w2,2,Haven,pryze,2G,Sova,0.79,167,9,16,3,-7,56,131,27,2,0,2,G2 Esports,2Game Esports,13.0,5.0,2.0,0.0
https://www.vlr.gg/509807/2game-esports-vs-g2-esports-vct-2025-americas-stage-2-w2,2,Haven,spike,2G,Yoru,0.75,211,13,16,3,-3,56,146,47,3,3,0,G2 Esports,2Game Esports,13.0,5.0,2.0,0.0
https://www.vlr.gg/509807/2game-esports-vs-g2-esports-vct-2025-americas-stage-2-w2,2,Haven,gobera,2G,Cypher,0.69,136,9,15,1,-6,56,94,42,1,1,0,G2 Esports,2Game Esports,13.0,5.0,2.0,0.0
https://www.vlr.gg/509807/2game-esports-vs-g2-esports-vct-2025-americas-stage-2-w2,2,Haven,lz,2G,Omen,0.6,115,6,14,10,-8,61,75,53,1,3,-2,G2 Esports,2Game Esports,13.0,5.0,2.0,0.0
https://www.vlr.gg/509807/2game-esports-vs-g2-esports-vct-2025-americas-stage-2-w2,2,Haven,valyn,G2,Omen,1.8,344,23,9,7,14,89,203,19,1,1,0,G2 Esports,2Game Esports,13.0,5.0,2.0,0.0
https://www.vlr.gg/509807/2game-esports-vs-g2-esports-vct-2025-americas-stage-2-w2,2,Haven,JonahP,G2,Viper,1.76,294,19,8,10,11,89,182,19,3,1,2,G2 Esports,2Game Esports,13.0,5.0,2.0,0.0
https://www.vlr.gg/509807/2game-esports-vs-g2-esports-vct-2025-americas-stage-2-w2,2,Haven,trent,G2,Fade,1.4,241,19,10,5,9,89,138,24,3,1,2,G2 Esports,2Game Esports,13.0,5.0,2.0,0.0
https://www.vlr.gg/509807/2game-esports-vs-g2-esports-vct-2025-americas-stage-2-w2,2,Haven,BABYBAY,G2,Vyse,0.8,129,8,9,8,-1,72,87,15,0,4,-4,G2 Esports,2Game Esports,13.0,5.0,2.0,0.0
https://www.vlr.gg/509807/2game-esports-vs-g2-esports-vct-2025-americas-stage-2-w2,2,Haven,jawgemo,G2,Yoru,0.64,134,8,13,6,-5,72,101,11,2,2,0,G2 Esports,2Game Esports,13.0,5.0,2.0,0.0
https://www.vlr.gg/509811/cloud9-vs-evil-geniuses-vct-2025-americas-stage-2-w2,0,Lotus,OXY,C9,Neon,1.4,324,22,15,9,7,95,229,28,4,2,2,Cloud9,Cloud9,7.0,13.0,0.0,2.0
https://www.vlr.gg/509811/cloud9-vs-evil-geniuses-vct-2025-americas-stage-2-w2,0,Lotus,mitch,C9,Fade,1.39,244,16,12,12,4,90,158,22,3,2,1,Cloud9,Cloud9,7.0,13.0,0.0,2.0
https://www.vlr.gg/509811/cloud9-vs-evil-geniuses-vct-2025-americas-stage-2-w2,0,Lotus,v1c,C9,Omen,1.36,216,18,11,11,7,85,146,30,0,0,0,Cloud9,Cloud9,7.0,13.0,0.0,2.0
https://www.vlr.gg/509811/cloud9-vs-evil-geniuses-vct-2025-americas-stage-2-w2,0,Lotus,neT,C9,Viper,1.24,201,15,10,7,5,75,124,43,3,1,2,Cloud9,Cloud9,7.0,13.0,0.0,2.0
https://www.vlr.gg/509811/cloud9-vs-evil-geniuses-vct-2025-americas-stage-2-w2,0,Lotus,Xeppaa,C9,Vyse,1.22,197,15,12,9,3,95,142,33,2,3,-1,Cloud9,Cloud9,7.0,13.0,0.0,2.0
https://www.vlr.gg/509811/cloud9-vs-evil-geniuses-vct-2025-americas-stage-2-w2,0,Lotus,Derrek,EG,Tejo,0.83,168,10,15,7,-5,60,127,25,0,0,0,Cloud9,Cloud9,7.0,13.0,0.0,2.0
https://www.vlr.gg/509811/cloud9-vs-evil-geniuses-vct-2025-americas-stage-2-w2,0,Lotus,yay,EG,Clove,0.76,203,16,18,2,-2,55,134,35,1,1,0,Cloud9,Cloud9,7.0,13.0,0.0,2.0
https://www.vlr.gg/509811/cloud9-vs-evil-geniuses-vct-2025-americas-stage-2-w2,0,Lotus,icy,EG,Raze,0.73,180,13,17,4,-4,60,106,22,2,6,-4,Cloud9,Cloud9,7.0,13.0,0.0,2.0
https://www.vlr.gg/509811/cloud9-vs-evil-geniuses-vct-2025-americas-stage-2-w2,0,Lotus,supamen,EG,Viper,0.7,184,12,18,1,-6,55,133,31,4,2,2,Cloud9,Cloud9,7.0,13.0,0.0,2.0
https://www.vlr.gg/509811/cloud9-vs-evil-geniuses-vct-2025-americas-stage-2-w2,0,Lotus,NaturE,EG,Fade,0.69,134,9,18,8,-9,70,86,22,1,3,-2,Cloud9,Cloud9,7.0,13.0,0.0,2.0
https://www.vlr.gg/509811/cloud9-vs-evil-geniuses-vct-2025-americas-stage-2-w2,1,AllMaps,mitch,C9,Fade,1.25,238,31,25,27,6,79,155,19,5,3,2,Cloud9,Cloud9,17.0,26.0,0.0,2.0
https://www.vlr.gg/509811/cloud9-vs-evil-geniuses-vct-2025-americas-stage-2-w2,1,AllMaps,v1c,C9,Omen,1.22,224,36,26,22,10,74,144,27,2,3,-1,Cloud9,Cloud9,17.0,26.0,0.0,2.0
https://www.vlr.gg/509811/cloud9-vs-evil-geniuses-vct-2025-americas-stage-2-w2,1,AllMaps,neT,C9,Viper,1.14,205,32,25,15,7,70,132,33,5,4,1,Cloud9,Cloud9,17.0,26.0,0.0,2.0
https://www.vlr.gg/509811/cloud9-vs-evil-geniuses-vct-2025-americas-stage-2-w2,1,AllMaps,OXY,C9,Neon,1.13,257,39,29,9,10,77,165,25,6,8,-2,Cloud9,Cloud9,17.0,26.0,0.0,2.0
https://www.vlr.gg/509811/cloud9-vs-evil-geniuses-vct-2025-americas-stage-2-w2,1,AllMaps,Xeppaa,C9,Vyse,0.96,175,28,29,13,-1,77,116,20,4,3,1,Cloud9,Cloud9,17.0,26.0,0.0,2.0
https://www.vlr.gg/509811/cloud9-vs-evil-geniuses-vct-2025-americas-stage-2-w2,1,AllMaps,Derrek,EG,Tejo,1.11,206,29,30,14,-1,65,157,26,4,0,4,Cloud9,Cloud9,17.0,26.0,0.0,2.0
https://www.vlr.gg/509811/cloud9-vs-evil-geniuses-vct-2025-americas-stage-2-w2,1,AllMaps,yay,EG,Clove,0.97,206,34,33,5,1,63,132,29,6,7,-1,Cloud9,Cloud9,17.0,26.0,0.0,2.0
https://www.vlr.gg/509811/cloud9-vs-evil-geniuses-vct-2025-americas-stage-2-w2,1,AllMaps,icy,EG,Raze,0.82,165,25,33,9,-8,63,101,27,4,6,-2,Cloud9,Cloud9,17.0,26.0,0.0,2.0
https://www.vlr.gg/509811/cloud9-vs-evil-geniuses-vct-2025-americas-stage-2-w2,1,AllMaps,supamen,EG,Viper,0.79,181,27,35,11,-8,67,119,32,6,5,1,Cloud9,Cloud9,17.0,26.0,0.0,2.0
https://www.vlr.gg/509811/cloud9-vs-evil-geniuses-vct-2025-americas-stage-2-w2,1,AllMaps,NaturE,EG,Fade,0.68,130,19,35,19,-16,65,80,23,1,4,-3,Cloud9,Cloud9,17.0,26.0,0.0,2.0
https://www.vlr.gg/509811/cloud9-vs-evil-geniuses-vct-2025-americas-stage-2-w2,2,Haven,mitch,C9,Skye,1.13,231,15,13,15,2,70,153,17,2,1,1,Cloud9,Cloud9,10.0,13.0,0.0,2.0
https://www.vlr.gg/509811/cloud9-vs-evil-geniuses-vct-2025-americas-stage-2-w2,2,Haven,v1c,C9,Omen,1.11,231,18,15,11,3,65,143,25,2,3,-1,Cloud9,Cloud9,10.0,13.0,0.0,2.0
https://www.vlr.gg/509811/cloud9-vs-evil-geniuses-vct-2025-americas-stage-2-w2,2,Haven,neT,C9,Viper,1.06,208,17,15,8,2,65,138,27,2,3,-1,Cloud9,Cloud9,10.0,13.0,0.0,2.0
https://www.vlr.gg/509811/cloud9-vs-evil-geniuses-vct-2025-americas-stage-2-w2,2,Haven,OXY,C9,Jett,0.9,189,17,14,0,3,61,109,18,2,6,-4,Cloud9,Cloud9,10.0,13.0,0.0,2.0
https://www.vlr.gg/509811/cloud9-vs-evil-geniuses-vct-2025-americas-stage-2-w2,2,Haven,Xeppaa,C9,Killjoy,0.74,153,13,17,4,-4,61,95,10,2,0,2,Cloud9,Cloud9,10.0,13.0,0.0,2.0
https://www.vlr.gg/509811/cloud9-vs-evil-geniuses-vct-2025-americas-stage-2-w2,2,Haven,Derrek,EG,Sova,1.36,243,19,15,7,4,70,183,27,4,0,4,Cloud9,Cloud9,10.0,13.0,0.0,2.0
https://www.vlr.gg/509811/cloud9-vs-evil-geniuses-vct-2025-americas-stage-2-w2,2,Haven,yay,EG,Jett,1.15,208,18,15,3,3,70,131,25,5,6,-1,Cloud9,Cloud9,10.0,13.0,0.0,2.0
https://www.vlr.gg/509811/cloud9-vs-evil-geniuses-vct-2025-americas-stage-2-w2,2,Haven,icy,EG,Cypher,0.89,150,12,16,5,-4,65,96,34,2,0,2,Cloud9,Cloud9,10.0,13.0,0.0,2.0
https://www.vlr.gg/509811/cloud9-vs-evil-geniuses-vct-2025-americas-stage-2-w2,2,Haven,supamen,EG,Omen,0.87,178,15,17,10,-2,78,107,32,2,3,-1,Cloud9,Cloud9,10.0,13.0,0.0,2.0
https://www.vlr.gg/509811/cloud9-vs-evil-geniuses-vct-2025-americas-stage-2-w2,2,Haven,NaturE,EG,Breach,0.67,126,10,17,11,-7,61,75,25,0,1,-1,Cloud9,Cloud9,10.0,13.0,0.0,2.0
https://www.vlr.gg/509808/furia-vs-sentinels-vct-2025-americas-stage-2-w2,0,Sunset,adverso,FUR,Sova,1.02,236,13,15,3,-2,65,156,27,0,1,-1,Sentinels,FURIA,13.0,4.0,2.0,0.0
https://www.vlr.gg/509808/furia-vs-sentinels-vct-2025-americas-stage-2-w2,0,Sunset,heat,FUR,Viper,0.64,158,10,13,0,-3,65,106,24,0,1,-1,Sentinels,FURIA,13.0,4.0,2.0,0.0
https://www.vlr.gg/509808/furia-vs-sentinels-vct-2025-americas-stage-2-w2,0,Sunset,tuyz,FUR,Omen,0.58,153,10,16,5,-6,65,90,43,1,3,-2,Sentinels,FURIA,13.0,4.0,2.0,0.0
https://www.vlr.gg/509808/furia-vs-sentinels-vct-2025-americas-stage-2-w2,0,Sunset,Palla,FUR,Neon,0.52,191,11,18,0,-7,53,111,39,2,7,-5,Sentinels,FURIA,13.0,4.0,2.0,0.0
https://www.vlr.gg/509808/furia-vs-sentinels-vct-2025-americas-stage-2-w2,0,Sunset,Urango,FUR,Sage,0.44,93,5,14,4,-9,71,77,36,0,2,-2,Sentinels,FURIA,13.0,4.0,2.0,0.0
https://www.vlr.gg/509808/furia-vs-sentinels-vct-2025-americas-stage-2-w2,0,Sunset,zekken,SEN,Neon,1.76,399,24,12,3,12,88,237,19,7,0,7,Sentinels,FURIA,13.0,4.0,2.0,0.0
https://www.vlr.gg/509808/furia-vs-sentinels-vct-2025-americas-stage-2-w2,0,Sunset,N4RRATE,SEN,Fade,1.53,285,17,10,9,7,94,195,35,4,1,3,Sentinels,FURIA,13.0,4.0,2.0,0.0
https://www.vlr.gg/509808/furia-vs-sentinels-vct-2025-americas-stage-2-w2,0,Sunset,Zellsis,SEN,Breach,1.35,204,12,9,15,3,100,138,26,0,0,0,Sentinels,FURIA,13.0,4.0,2.0,0.0
https://www.vlr.gg/509808/furia-vs-sentinels-vct-2025-americas-stage-2-w2,0,Sunset,bang,SEN,Omen,1.14,209,13,11,8,2,88,134,40,3,1,2,Sentinels,FURIA,13.0,4.0,2.0,0.0
https://www.vlr.gg/509808/furia-vs-sentinels-vct-2025-americas-stage-2-w2,0,Sunset,johnqt,SEN,Cypher,1.06,143,10,7,3,3,71,93,32,0,1,-1,Sentinels,FURIA,13.0,4.0,2.0,0.0
https://www.vlr.gg/509808/furia-vs-sentinels-vct-2025-americas-stage-2-w2,1,AllMaps,adverso,FUR,Sova,0.91,195,21,27,4,-6,57,130,24,0,1,-1,Sentinels,FURIA,26.0,4.0,2.0,0.0
https://www.vlr.gg/509808/furia-vs-sentinels-vct-2025-americas-stage-2-w2,1,AllMaps,heat,FUR,Viper,0.81,205,19,26,5,-7,73,127,29,3,2,1,Sentinels,FURIA,26.0,4.0,2.0,0.0
https://www.vlr.gg/509808/furia-vs-sentinels-vct-2025-americas-stage-2-w2,1,AllMaps,Palla,FUR,Neon,0.69,207,20,30,2,-10,60,126,37,4,8,-4,Sentinels,FURIA,26.0,4.0,2.0,0.0
https://www.vlr.gg/509808/furia-vs-sentinels-vct-2025-americas-stage-2-w2,1,AllMaps,tuyz,FUR,Omen,0.4,116,13,29,7,-16,57,81,39,1,5,-4,Sentinels,FURIA,26.0,4.0,2.0,0.0
https://www.vlr.gg/509808/furia-vs-sentinels-vct-2025-americas-stage-2-w2,1,AllMaps,Urango,FUR,Sage,0.31,94,8,27,6,-19,60,76,24,0,6,-6,Sentinels,FURIA,26.0,4.0,2.0,0.0
https://www.vlr.gg/509808/furia-vs-sentinels-vct-2025-americas-stage-2-w2,1,AllMaps,N4RRATE,SEN,Fade,1.63,293,32,14,13,18,97,198,36,4,1,3,Sentinels,FURIA,26.0,4.0,2.0,0.0
https://www.vlr.gg/509808/furia-vs-sentinels-vct-2025-americas-stage-2-w2,1,AllMaps,Zellsis,SEN,Breach,1.45,267,29,17,18,12,93,165,24,2,2,0,Sentinels,FURIA,26.0,4.0,2.0,0.0
https://www.vlr.gg/509808/furia-vs-sentinels-vct-2025-americas-stage-2-w2,1,AllMaps,zekken,SEN,Neon,1.34,301,35,21,3,14,83,189,23,10,2,8,Sentinels,FURIA,26.0,4.0,2.0,0.0
https://www.vlr.gg/509808/furia-vs-sentinels-vct-2025-americas-stage-2-w2,1,AllMaps,bang,SEN,Omen,1.24,234,24,17,13,7,90,143,26,6,2,4,Sentinels,FURIA,26.0,4.0,2.0,0.0
https://www.vlr.gg/509808/furia-vs-sentinels-vct-2025-americas-stage-2-w2,1,AllMaps,johnqt,SEN,Cypher,1.14,153,19,12,11,7,80,101,30,0,1,-1,Sentinels,FURIA,26.0,4.0,2.0,0.0
https://www.vlr.gg/509808/furia-vs-sentinels-vct-2025-americas-stage-2-w2,2,Icebox,heat,FUR,Viper,1.02,251,9,13,5,-4,85,155,35,3,1,2,Sentinels,FURIA,13.0,0.0,2.0,0.0
https://www.vlr.gg/509808/furia-vs-sentinels-vct-2025-americas-stage-2-w2,2,Icebox,Palla,FUR,Waylay,0.92,223,9,12,2,-3,69,145,34,2,1,1,Sentinels,FURIA,13.0,0.0,2.0,0.0
https://www.vlr.gg/509808/furia-vs-sentinels-vct-2025-americas-stage-2-w2,2,Icebox,adverso,FUR,Sova,0.76,153,8,12,1,-4,46,95,17,0,0,0,Sentinels,FURIA,13.0,0.0,2.0,0.0
https://www.vlr.gg/509808/furia-vs-sentinels-vct-2025-americas-stage-2-w2,2,Icebox,tuyz,FUR,Omen,0.16,79,3,13,2,-10,46,69,30,0,2,-2,Sentinels,FURIA,13.0,0.0,2.0,0.0
https://www.vlr.gg/509808/furia-vs-sentinels-vct-2025-americas-stage-2-w2,2,Icebox,Urango,FUR,Killjoy,0.14,95,3,13,2,-10,46,75,11,0,4,-4,Sentinels,FURIA,13.0,0.0,2.0,0.0
https://www.vlr.gg/509808/furia-vs-sentinels-vct-2025-americas-stage-2-w2,2,Icebox,N4RRATE,SEN,Sova,1.76,301,15,4,4,11,100,202,37,0,0,0,Sentinels,FURIA,13.0,0.0,2.0,0.0
https://www.vlr.gg/509808/furia-vs-sentinels-vct-2025-americas-stage-2-w2,2,Icebox,Zellsis,SEN,Killjoy,1.6,330,17,8,3,9,85,200,23,2,2,0,Sentinels,FURIA,13.0,0.0,2.0,0.0
https://www.vlr.gg/509808/furia-vs-sentinels-vct-2025-americas-stage-2-w2,2,Icebox,bang,SEN,Viper,1.37,259,11,6,5,5,92,156,17,3,1,2,Sentinels,FURIA,13.0,0.0,2.0,0.0
https://www.vlr.gg/509808/furia-vs-sentinels-vct-2025-americas-stage-2-w2,2,Icebox,johnqt,SEN,Sage,1.24,162,9,5,8,4,92,112,27,0,0,0,Sentinels,FURIA,13.0,0.0,2.0,0.0
https://www.vlr.gg/509808/furia-vs-sentinels-vct-2025-americas-stage-2-w2,2,Icebox,zekken,SEN,Jett,0.79,202,11,9,0,2,77,126,40,3,2,1,Sentinels,FURIA,13.0,0.0,2.0,0.0
https://www.vlr.gg/509813/2game-esports-vs-furia-vct-2025-americas-stage-2-w3,0,Corrode,silentzz,2G,Vyse,1.61,255,26,13,8,13,88,165,47,2,0,2,FURIA,2Game Esports,14.0,12.0,1.0,2.0
https://www.vlr.gg/509813/2game-esports-vs-furia-vct-2025-americas-stage-2-w3,0,Corrode,pryze,2G,Fade,1.13,246,20,21,17,-1,85,170,20,3,1,2,FURIA,2Game Esports,14.0,12.0,1.0,2.0
https://www.vlr.gg/509813/2game-esports-vs-furia-vct-2025-americas-stage-2-w3,0,Corrode,gobera,2G,Viper,0.79,163,15,17,5,-2,69,107,23,2,1,1,FURIA,2Game Esports,14.0,12.0,1.0,2.0
https://www.vlr.gg/509813/2game-esports-vs-furia-vct-2025-americas-stage-2-w3,0,Corrode,spike,2G,Neon,0.77,258,22,25,7,-3,77,151,17,9,3,6,FURIA,2Game Esports,14.0,12.0,1.0,2.0
https://www.vlr.gg/509813/2game-esports-vs-furia-vct-2025-americas-stage-2-w3,0,Corrode,lz,2G,Omen,0.59,114,11,18,8,-7,65,71,34,2,3,-1,FURIA,2Game Esports,14.0,12.0,1.0,2.0
https://www.vlr.gg/509813/2game-esports-vs-furia-vct-2025-americas-stage-2-w3,0,Corrode,adverso,FUR,Fade,1.17,257,21,21,13,0,92,169,20,2,5,-3,FURIA,2Game Esports,14.0,12.0,1.0,2.0
https://www.vlr.gg/509813/2game-esports-vs-furia-vct-2025-americas-stage-2-w3,0,Corrode,tuyz,FUR,Omen,1.11,177,17,15,9,2,85,118,37,1,2,-1,FURIA,2Game Esports,14.0,12.0,1.0,2.0
https://www.vlr.gg/509813/2game-esports-vs-furia-vct-2025-americas-stage-2-w3,0,Corrode,heat,FUR,Viper,1.08,191,18,17,7,1,73,126,40,2,2,0,FURIA,2Game Esports,14.0,12.0,1.0,2.0
https://www.vlr.gg/509813/2game-esports-vs-furia-vct-2025-americas-stage-2-w3,0,Corrode,Palla,FUR,Neon,1.04,269,24,23,6,1,77,158,26,3,4,-1,FURIA,2Game Esports,14.0,12.0,1.0,2.0
https://www.vlr.gg/509813/2game-esports-vs-furia-vct-2025-americas-stage-2-w3,0,Corrode,Urango,FUR,Sage,0.92,157,14,18,13,-4,73,89,24,0,5,-5,FURIA,2Game Esports,14.0,12.0,1.0,2.0
https://www.vlr.gg/509813/2game-esports-vs-furia-vct-2025-americas-stage-2-w3,1,AllMaps,silentzz,2G,Vyse,1.41,223,53,29,9,24,82,156,46,8,4,4,2Game Esports,2Game Esports,19.0,38.0,1.0,2.0
https://www.vlr.gg/509813/2game-esports-vs-furia-vct-2025-americas-stage-2-w3,1,AllMaps,gobera,2G,Viper,1.32,266,53,33,13,20,81,162,31,4,2,2,2Game Esports,2Game Esports,19.0,38.0,1.0,2.0
https://www.vlr.gg/509813/2game-esports-vs-furia-vct-2025-americas-stage-2-w3,1,AllMaps,pryze,2G,Fade,1.28,242,48,37,25,11,84,163,25,7,2,5,2Game Esports,2Game Esports,19.0,38.0,1.0,2.0
https://www.vlr.gg/509813/2game-esports-vs-furia-vct-2025-americas-stage-2-w3,1,AllMaps,spike,2G,Neon,1.03,261,49,46,22,3,79,164,20,14,7,7,2Game Esports,2Game Esports,19.0,38.0,1.0,2.0
https://www.vlr.gg/509813/2game-esports-vs-furia-vct-2025-americas-stage-2-w3,1,AllMaps,lz,2G,Omen,0.7,141,29,40,23,-11,74,92,42,2,7,-5,2Game Esports,2Game Esports,19.0,38.0,1.0,2.0
https://www.vlr.gg/509813/2game-esports-vs-furia-vct-2025-americas-stage-2-w3,1,AllMaps,heat,FUR,Viper,0.96,199,38,45,14,-7,67,133,31,2,5,-3,2Game Esports,2Game Esports,19.0,38.0,1.0,2.0
https://www.vlr.gg/509813/2game-esports-vs-furia-vct-2025-americas-stage-2-w3,1,AllMaps,adverso,FUR,Fade,0.92,206,40,50,21,-10,77,146,15,5,5,0,2Game Esports,2Game Esports,19.0,38.0,1.0,2.0
https://www.vlr.gg/509813/2game-esports-vs-furia-vct-2025-americas-stage-2-w3,1,AllMaps,Urango,FUR,Sage,0.88,176,35,45,21,-10,67,106,33,1,8,-7,2Game Esports,2Game Esports,19.0,38.0,1.0,2.0
https://www.vlr.gg/509813/2game-esports-vs-furia-vct-2025-americas-stage-2-w3,1,AllMaps,tuyz,FUR,Omen,0.86,162,31,41,24,-10,75,107,32,5,6,-1,2Game Esports,2Game Esports,19.0,38.0,1.0,2.0
https://www.vlr.gg/509813/2game-esports-vs-furia-vct-2025-americas-stage-2-w3,1,AllMaps,Palla,FUR,Neon,0.76,209,41,51,13,-10,68,134,22,9,11,-2,2Game Esports,2Game Esports,19.0,38.0,1.0,2.0
https://www.vlr.gg/509813/2game-esports-vs-furia-vct-2025-americas-stage-2-w3,2,Sunset,silentzz,2G,Cypher,1.83,261,19,5,0,14,88,176,58,4,1,3,2Game Esports,2Game Esports,3.0,13.0,1.0,2.0
https://www.vlr.gg/509813/2game-esports-vs-furia-vct-2025-americas-stage-2-w3,2,Sunset,gobera,2G,Breach,1.48,279,17,8,6,9,88,184,38,2,0,2,2Game Esports,2Game Esports,3.0,13.0,1.0,2.0
https://www.vlr.gg/509813/2game-esports-vs-furia-vct-2025-americas-stage-2-w3,2,Sunset,pryze,2G,Sova,1.41,227,14,7,4,7,81,153,38,3,1,2,2Game Esports,2Game Esports,3.0,13.0,1.0,2.0
https://www.vlr.gg/509813/2game-esports-vs-furia-vct-2025-americas-stage-2-w3,2,Sunset,spike,2G,Neon,1.27,278,14,11,7,3,88,184,17,3,1,2,2Game Esports,2Game Esports,3.0,13.0,1.0,2.0
https://www.vlr.gg/509813/2game-esports-vs-furia-vct-2025-americas-stage-2-w3,2,Sunset,lz,2G,Omen,0.96,164,10,10,8,0,81,118,55,0,1,-1,2Game Esports,2Game Esports,3.0,13.0,1.0,2.0
https://www.vlr.gg/509813/2game-esports-vs-furia-vct-2025-americas-stage-2-w3,2,Sunset,heat,FUR,Cypher,0.87,218,11,15,2,-4,56,143,40,0,2,-2,2Game Esports,2Game Esports,3.0,13.0,1.0,2.0
https://www.vlr.gg/509813/2game-esports-vs-furia-vct-2025-americas-stage-2-w3,2,Sunset,adverso,FUR,Sova,0.79,188,10,15,5,-5,63,126,10,2,0,2,2Game Esports,2Game Esports,3.0,13.0,1.0,2.0
https://www.vlr.gg/509813/2game-esports-vs-furia-vct-2025-americas-stage-2-w3,2,Sunset,Urango,FUR,Breach,0.61,145,8,15,4,-7,56,99,39,0,2,-2,2Game Esports,2Game Esports,3.0,13.0,1.0,2.0
https://www.vlr.gg/509813/2game-esports-vs-furia-vct-2025-americas-stage-2-w3,2,Sunset,tuyz,FUR,Omen,0.55,141,6,14,8,-8,63,94,25,1,3,-2,2Game Esports,2Game Esports,3.0,13.0,1.0,2.0
https://www.vlr.gg/509813/2game-esports-vs-furia-vct-2025-americas-stage-2-w3,2,Sunset,Palla,FUR,Neon,0.16,118,6,15,2,-9,44,77,14,1,5,-4,2Game Esports,2Game Esports,3.0,13.0,1.0,2.0
https://www.vlr.gg/509813/2game-esports-vs-furia-vct-2025-americas-stage-2-w3,3,Ascent,gobera,2G,Killjoy,2.08,356,21,8,2,13,93,236,31,0,1,-1,2Game Esports,2Game Esports,2.0,13.0,1.0,2.0
https://www.vlr.gg/509813/2game-esports-vs-furia-vct-2025-americas-stage-2-w3,3,Ascent,pryze,2G,Sova,1.4,252,14,9,4,5,87,160,25,1,0,1,2Game Esports,2Game Esports,2.0,13.0,1.0,2.0
https://www.vlr.gg/509813/2game-esports-vs-furia-vct-2025-americas-stage-2-w3,3,Ascent,spike,2G,Kayo,1.21,247,13,10,8,3,73,163,32,2,3,-1,2Game Esports,2Game Esports,2.0,13.0,1.0,2.0
https://www.vlr.gg/509813/2game-esports-vs-furia-vct-2025-americas-stage-2-w3,3,Ascent,silentzz,2G,Jett,0.63,154,8,11,1,-3,67,118,26,2,3,-1,2Game Esports,2Game Esports,2.0,13.0,1.0,2.0
https://www.vlr.gg/509813/2game-esports-vs-furia-vct-2025-americas-stage-2-w3,3,Ascent,lz,2G,Omen,0.63,146,8,12,7,-4,80,101,38,0,3,-3,2Game Esports,2Game Esports,2.0,13.0,1.0,2.0
https://www.vlr.gg/509813/2game-esports-vs-furia-vct-2025-americas-stage-2-w3,3,Ascent,Urango,FUR,Deadlock,1.09,225,13,12,4,1,67,142,41,1,1,0,2Game Esports,2Game Esports,2.0,13.0,1.0,2.0
https://www.vlr.gg/509813/2game-esports-vs-furia-vct-2025-americas-stage-2-w3,3,Ascent,Palla,FUR,Yoru,0.9,240,11,13,5,-2,80,154,23,5,2,3,2Game Esports,2Game Esports,2.0,13.0,1.0,2.0
https://www.vlr.gg/509813/2game-esports-vs-furia-vct-2025-americas-stage-2-w3,3,Ascent,heat,FUR,Cypher,0.83,188,9,13,5,-4,67,136,19,0,1,-1,2Game Esports,2Game Esports,2.0,13.0,1.0,2.0
https://www.vlr.gg/509813/2game-esports-vs-furia-vct-2025-americas-stage-2-w3,3,Ascent,tuyz,FUR,Omen,0.73,167,8,12,7,-4,73,103,32,3,1,2,2Game Esports,2Game Esports,2.0,13.0,1.0,2.0
https://www.vlr.gg/509813/2game-esports-vs-furia-vct-2025-americas-stage-2-w3,3,Ascent,adverso,FUR,Sova,0.63,172,9,14,3,-5,67,126,11,1,0,1,2Game Esports,2Game Esports,2.0,13.0,1.0,2.0
https://www.vlr.gg/509815/sentinels-vs-cloud9-vct-2025-americas-stage-2-w3,0,Lotus,zekken,SEN,Raze,1.58,297,19,12,9,7,100,178,15,6,3,3,Sentinels,Sentinels,5.0,13.0,0.0,2.0
https://www.vlr.gg/509815/sentinels-vs-cloud9-vct-2025-americas-stage-2-w3,0,Lotus,bang,SEN,Omen,1.55,236,18,8,10,10,83,122,17,1,2,-1,Sentinels,Sentinels,5.0,13.0,0.0,2.0
https://www.vlr.gg/509815/sentinels-vs-cloud9-vct-2025-americas-stage-2-w3,0,Lotus,N4RRATE,SEN,Fade,1.4,280,18,11,6,7,89,187,31,3,1,2,Sentinels,Sentinels,5.0,13.0,0.0,2.0
https://www.vlr.gg/509815/sentinels-vs-cloud9-vct-2025-americas-stage-2-w3,0,Lotus,johnqt,SEN,Viper,1.11,160,10,9,9,1,89,104,20,0,0,0,Sentinels,Sentinels,5.0,13.0,0.0,2.0
https://www.vlr.gg/509815/sentinels-vs-cloud9-vct-2025-americas-stage-2-w3,0,Lotus,Zellsis,SEN,Vyse,0.96,130,8,8,4,0,83,90,17,0,2,-2,Sentinels,Sentinels,5.0,13.0,0.0,2.0
https://www.vlr.gg/509815/sentinels-vs-cloud9-vct-2025-americas-stage-2-w3,0,Lotus,Xeppaa,C9,Vyse,1.03,199,12,13,5,-1,89,128,20,3,1,2,Sentinels,Sentinels,5.0,13.0,0.0,2.0
https://www.vlr.gg/509815/sentinels-vs-cloud9-vct-2025-americas-stage-2-w3,0,Lotus,mitch,C9,Fade,0.75,132,10,13,4,-3,67,83,21,0,3,-3,Sentinels,Sentinels,5.0,13.0,0.0,2.0
https://www.vlr.gg/509815/sentinels-vs-cloud9-vct-2025-americas-stage-2-w3,0,Lotus,v1c,C9,Omen,0.6,146,8,16,9,-8,78,96,14,2,3,-1,Sentinels,Sentinels,5.0,13.0,0.0,2.0
https://www.vlr.gg/509815/sentinels-vs-cloud9-vct-2025-americas-stage-2-w3,0,Lotus,neT,C9,Viper,0.51,95,6,13,3,-7,61,63,29,0,1,-1,Sentinels,Sentinels,5.0,13.0,0.0,2.0
https://www.vlr.gg/509815/sentinels-vs-cloud9-vct-2025-americas-stage-2-w3,0,Lotus,OXY,C9,Neon,0.5,178,12,18,1,-6,72,120,34,3,2,1,Sentinels,Sentinels,5.0,13.0,0.0,2.0
https://www.vlr.gg/509815/sentinels-vs-cloud9-vct-2025-americas-stage-2-w3,1,AllMaps,N4RRATE,SEN,Fade,1.51,282,38,23,14,15,88,190,25,7,4,3,Sentinels,Sentinels,14.0,26.0,0.0,2.0
https://www.vlr.gg/509815/sentinels-vs-cloud9-vct-2025-americas-stage-2-w3,1,AllMaps,bang,SEN,Omen,1.35,199,32,20,27,12,88,106,25,2,4,-2,Sentinels,Sentinels,14.0,26.0,0.0,2.0
https://www.vlr.gg/509815/sentinels-vs-cloud9-vct-2025-americas-stage-2-w3,1,AllMaps,johnqt,SEN,Viper,1.15,184,24,18,21,6,85,122,14,1,0,1,Sentinels,Sentinels,14.0,26.0,0.0,2.0
https://www.vlr.gg/509815/sentinels-vs-cloud9-vct-2025-americas-stage-2-w3,1,AllMaps,zekken,SEN,Raze,1.08,209,28,25,14,3,80,123,19,8,9,-1,Sentinels,Sentinels,14.0,26.0,0.0,2.0
https://www.vlr.gg/509815/sentinels-vs-cloud9-vct-2025-americas-stage-2-w3,1,AllMaps,Zellsis,SEN,Vyse,0.93,158,23,21,7,2,75,107,20,1,4,-3,Sentinels,Sentinels,14.0,26.0,0.0,2.0
https://www.vlr.gg/509815/sentinels-vs-cloud9-vct-2025-americas-stage-2-w3,1,AllMaps,OXY,C9,Neon,0.97,238,36,34,2,2,73,152,40,10,4,6,Sentinels,Sentinels,14.0,26.0,0.0,2.0
https://www.vlr.gg/509815/sentinels-vs-cloud9-vct-2025-americas-stage-2-w3,1,AllMaps,Xeppaa,C9,Vyse,0.91,174,24,27,5,-3,75,111,22,5,3,2,Sentinels,Sentinels,14.0,26.0,0.0,2.0
https://www.vlr.gg/509815/sentinels-vs-cloud9-vct-2025-americas-stage-2-w3,1,AllMaps,mitch,C9,Fade,0.84,151,20,27,15,-7,65,104,18,1,6,-5,Sentinels,Sentinels,14.0,26.0,0.0,2.0
https://www.vlr.gg/509815/sentinels-vs-cloud9-vct-2025-americas-stage-2-w3,1,AllMaps,v1c,C9,Omen,0.59,118,16,30,12,-14,70,73,18,4,3,1,Sentinels,Sentinels,14.0,26.0,0.0,2.0
https://www.vlr.gg/509815/sentinels-vs-cloud9-vct-2025-americas-stage-2-w3,1,AllMaps,neT,C9,Viper,0.5,85,11,27,8,-16,58,55,24,1,3,-2,Sentinels,Sentinels,14.0,26.0,0.0,2.0
https://www.vlr.gg/509815/sentinels-vs-cloud9-vct-2025-americas-stage-2-w3,2,Haven,N4RRATE,SEN,Sova,1.61,284,20,12,8,8,86,193,19,4,3,1,Sentinels,Sentinels,9.0,13.0,0.0,2.0
https://www.vlr.gg/509815/sentinels-vs-cloud9-vct-2025-americas-stage-2-w3,2,Haven,bang,SEN,Omen,1.19,162,14,12,17,2,91,93,35,1,2,-1,Sentinels,Sentinels,9.0,13.0,0.0,2.0
https://www.vlr.gg/509815/sentinels-vs-cloud9-vct-2025-americas-stage-2-w3,2,Haven,johnqt,SEN,Viper,1.18,208,14,9,12,5,82,137,11,1,0,1,Sentinels,Sentinels,9.0,13.0,0.0,2.0
https://www.vlr.gg/509815/sentinels-vs-cloud9-vct-2025-americas-stage-2-w3,2,Haven,Zellsis,SEN,Killjoy,0.9,185,15,13,3,2,68,122,21,1,2,-1,Sentinels,Sentinels,9.0,13.0,0.0,2.0
https://www.vlr.gg/509815/sentinels-vs-cloud9-vct-2025-americas-stage-2-w3,2,Haven,zekken,SEN,Neon,0.67,121,9,13,5,-4,64,79,33,2,6,-4,Sentinels,Sentinels,9.0,13.0,0.0,2.0
https://www.vlr.gg/509815/sentinels-vs-cloud9-vct-2025-americas-stage-2-w3,2,Haven,OXY,C9,Jett,1.36,298,24,16,1,8,73,177,45,7,2,5,Sentinels,Sentinels,9.0,13.0,0.0,2.0
https://www.vlr.gg/509815/sentinels-vs-cloud9-vct-2025-americas-stage-2-w3,2,Haven,mitch,C9,Skye,0.92,170,10,14,11,-4,64,121,16,1,3,-2,Sentinels,Sentinels,9.0,13.0,0.0,2.0
https://www.vlr.gg/509815/sentinels-vs-cloud9-vct-2025-americas-stage-2-w3,2,Haven,Xeppaa,C9,Killjoy,0.81,148,12,14,0,-2,64,97,25,2,2,0,Sentinels,Sentinels,9.0,13.0,0.0,2.0
https://www.vlr.gg/509815/sentinels-vs-cloud9-vct-2025-americas-stage-2-w3,2,Haven,v1c,C9,Omen,0.59,90,8,14,3,-6,64,54,28,2,0,2,Sentinels,Sentinels,9.0,13.0,0.0,2.0
https://www.vlr.gg/509815/sentinels-vs-cloud9-vct-2025-americas-stage-2-w3,2,Haven,neT,C9,Viper,0.49,75,5,14,5,-9,55,49,19,1,2,-1,Sentinels,Sentinels,9.0,13.0,0.0,2.0
https://www.vlr.gg/509817/g2-esports-vs-evil-geniuses-vct-2025-americas-stage-2-w3,0,Corrode,JonahP,G2,Viper,1.42,280,23,15,3,8,75,165,35,2,2,0,Evil Geniuses,G2 Esports,13.0,11.0,1.0,2.0
https://www.vlr.gg/509817/g2-esports-vs-evil-geniuses-vct-2025-americas-stage-2-w3,0,Corrode,valyn,G2,Omen,1.3,262,23,17,8,6,71,177,29,1,1,0,Evil Geniuses,G2 Esports,13.0,11.0,1.0,2.0
https://www.vlr.gg/509817/g2-esports-vs-evil-geniuses-vct-2025-americas-stage-2-w3,0,Corrode,trent,G2,Fade,1.08,183,15,14,9,1,83,112,38,0,3,-3,Evil Geniuses,G2 Esports,13.0,11.0,1.0,2.0
https://www.vlr.gg/509817/g2-esports-vs-evil-geniuses-vct-2025-americas-stage-2-w3,0,Corrode,jawgemo,G2,Neon,0.69,171,13,20,6,-7,67,110,25,5,4,1,Evil Geniuses,G2 Esports,13.0,11.0,1.0,2.0
https://www.vlr.gg/509817/g2-esports-vs-evil-geniuses-vct-2025-americas-stage-2-w3,0,Corrode,BABYBAY,G2,Chamber,0.55,137,11,19,2,-8,63,83,22,3,3,0,Evil Geniuses,G2 Esports,13.0,11.0,1.0,2.0
https://www.vlr.gg/509817/g2-esports-vs-evil-geniuses-vct-2025-americas-stage-2-w3,0,Corrode,yay,EG,Chamber,1.37,328,29,18,2,11,83,212,35,8,3,5,Evil Geniuses,G2 Esports,13.0,11.0,1.0,2.0
https://www.vlr.gg/509817/g2-esports-vs-evil-geniuses-vct-2025-americas-stage-2-w3,0,Corrode,Derrek,EG,Omen,1.17,235,21,17,3,4,79,151,47,0,1,-1,Evil Geniuses,G2 Esports,13.0,11.0,1.0,2.0
https://www.vlr.gg/509817/g2-esports-vs-evil-geniuses-vct-2025-americas-stage-2-w3,0,Corrode,NaturE,EG,Sova,1.15,209,18,15,5,3,79,135,24,3,1,2,Evil Geniuses,G2 Esports,13.0,11.0,1.0,2.0
https://www.vlr.gg/509817/g2-esports-vs-evil-geniuses-vct-2025-americas-stage-2-w3,0,Corrode,supamen,EG,Viper,0.58,117,9,17,3,-8,46,78,44,2,2,0,Evil Geniuses,G2 Esports,13.0,11.0,1.0,2.0
https://www.vlr.gg/509817/g2-esports-vs-evil-geniuses-vct-2025-americas-stage-2-w3,0,Corrode,icy,EG,Neon,0.49,115,8,18,5,-10,58,85,26,0,4,-4,Evil Geniuses,G2 Esports,13.0,11.0,1.0,2.0
https://www.vlr.gg/509817/g2-esports-vs-evil-geniuses-vct-2025-americas-stage-2-w3,1,AllMaps,JonahP,G2,Viper,1.38,279,58,36,18,22,79,169,26,8,5,3,G2 Esports,G2 Esports,21.0,37.0,1.0,2.0
https://www.vlr.gg/509817/g2-esports-vs-evil-geniuses-vct-2025-americas-stage-2-w3,1,AllMaps,valyn,G2,Omen,1.37,255,54,37,23,17,81,173,32,6,2,4,G2 Esports,G2 Esports,21.0,37.0,1.0,2.0
https://www.vlr.gg/509817/g2-esports-vs-evil-geniuses-vct-2025-americas-stage-2-w3,1,AllMaps,trent,G2,Fade,1.33,213,45,29,22,16,83,143,30,1,5,-4,G2 Esports,G2 Esports,21.0,37.0,1.0,2.0
https://www.vlr.gg/509817/g2-esports-vs-evil-geniuses-vct-2025-americas-stage-2-w3,1,AllMaps,jawgemo,G2,Neon,0.87,181,37,40,14,-3,78,111,23,10,7,3,G2 Esports,G2 Esports,21.0,37.0,1.0,2.0
https://www.vlr.gg/509817/g2-esports-vs-evil-geniuses-vct-2025-americas-stage-2-w3,1,AllMaps,BABYBAY,G2,Chamber,0.86,173,35,39,12,-4,72,112,23,5,9,-4,G2 Esports,G2 Esports,21.0,37.0,1.0,2.0
https://www.vlr.gg/509817/g2-esports-vs-evil-geniuses-vct-2025-americas-stage-2-w3,1,AllMaps,NaturE,EG,Sova,1.22,259,49,44,25,5,81,158,21,4,3,1,G2 Esports,G2 Esports,21.0,37.0,1.0,2.0
https://www.vlr.gg/509817/g2-esports-vs-evil-geniuses-vct-2025-americas-stage-2-w3,1,AllMaps,Derrek,EG,Omen,1.02,205,40,45,13,-5,72,146,39,3,2,1,G2 Esports,G2 Esports,21.0,37.0,1.0,2.0
https://www.vlr.gg/509817/g2-esports-vs-evil-geniuses-vct-2025-americas-stage-2-w3,1,AllMaps,yay,EG,Chamber,0.95,229,51,48,4,3,69,160,29,14,13,1,G2 Esports,G2 Esports,21.0,37.0,1.0,2.0
https://www.vlr.gg/509817/g2-esports-vs-evil-geniuses-vct-2025-americas-stage-2-w3,1,AllMaps,supamen,EG,Viper,0.54,109,23,45,13,-22,62,72,36,4,6,-2,G2 Esports,G2 Esports,21.0,37.0,1.0,2.0
https://www.vlr.gg/509817/g2-esports-vs-evil-geniuses-vct-2025-americas-stage-2-w3,1,AllMaps,icy,EG,Neon,0.49,109,18,47,13,-29,55,81,26,3,6,-3,G2 Esports,G2 Esports,21.0,37.0,1.0,2.0
https://www.vlr.gg/509817/g2-esports-vs-evil-geniuses-vct-2025-americas-stage-2-w3,2,Haven,trent,G2,Fade,1.81,232,17,5,6,12,82,169,25,0,1,-1,G2 Esports,G2 Esports,4.0,13.0,1.0,2.0
https://www.vlr.gg/509817/g2-esports-vs-evil-geniuses-vct-2025-americas-stage-2-w3,2,Haven,JonahP,G2,Viper,1.59,322,20,10,9,10,88,211,24,4,1,3,G2 Esports,G2 Esports,4.0,13.0,1.0,2.0
https://www.vlr.gg/509817/g2-esports-vs-evil-geniuses-vct-2025-americas-stage-2-w3,2,Haven,valyn,G2,Omen,1.22,236,14,12,7,2,82,174,33,3,1,2,G2 Esports,G2 Esports,4.0,13.0,1.0,2.0
https://www.vlr.gg/509817/g2-esports-vs-evil-geniuses-vct-2025-americas-stage-2-w3,2,Haven,jawgemo,G2,Yoru,1.05,189,13,9,2,4,88,113,22,3,0,3,G2 Esports,G2 Esports,4.0,13.0,1.0,2.0
https://www.vlr.gg/509817/g2-esports-vs-evil-geniuses-vct-2025-americas-stage-2-w3,2,Haven,BABYBAY,G2,Vyse,0.75,160,9,13,9,-4,82,110,26,0,4,-4,G2 Esports,G2 Esports,4.0,13.0,1.0,2.0
https://www.vlr.gg/509817/g2-esports-vs-evil-geniuses-vct-2025-americas-stage-2-w3,2,Haven,NaturE,EG,Breach,1.37,316,18,15,8,3,82,203,19,0,1,-1,G2 Esports,G2 Esports,4.0,13.0,1.0,2.0
https://www.vlr.gg/509817/g2-esports-vs-evil-geniuses-vct-2025-americas-stage-2-w3,2,Haven,Derrek,EG,Sova,1.03,202,11,13,3,-2,71,143,26,2,0,2,G2 Esports,G2 Esports,4.0,13.0,1.0,2.0
https://www.vlr.gg/509817/g2-esports-vs-evil-geniuses-vct-2025-americas-stage-2-w3,2,Haven,supamen,EG,Omen,0.64,130,8,14,6,-6,71,87,29,1,1,0,G2 Esports,G2 Esports,4.0,13.0,1.0,2.0
https://www.vlr.gg/509817/g2-esports-vs-evil-geniuses-vct-2025-americas-stage-2-w3,2,Haven,yay,EG,Jett,0.51,161,9,16,1,-7,59,121,21,4,6,-2,G2 Esports,G2 Esports,4.0,13.0,1.0,2.0
https://www.vlr.gg/509817/g2-esports-vs-evil-geniuses-vct-2025-americas-stage-2-w3,2,Haven,icy,EG,Cypher,0.27,70,3,15,3,-12,47,53,46,0,2,-2,G2 Esports,G2 Esports,4.0,13.0,1.0,2.0
https://www.vlr.gg/509817/g2-esports-vs-evil-geniuses-vct-2025-americas-stage-2-w3,3,Ascent,valyn,G2,Omen,1.62,268,17,8,8,9,94,167,35,2,0,2,G2 Esports,G2 Esports,4.0,13.0,1.0,2.0
https://www.vlr.gg/509817/g2-esports-vs-evil-geniuses-vct-2025-americas-stage-2-w3,3,Ascent,BABYBAY,G2,Chamber,1.39,221,15,7,1,8,76,156,20,2,2,0,G2 Esports,G2 Esports,4.0,13.0,1.0,2.0
https://www.vlr.gg/509817/g2-esports-vs-evil-geniuses-vct-2025-americas-stage-2-w3,3,Ascent,trent,G2,Sova,1.18,224,13,10,7,3,82,161,28,1,1,0,G2 Esports,G2 Esports,4.0,13.0,1.0,2.0
https://www.vlr.gg/509817/g2-esports-vs-evil-geniuses-vct-2025-americas-stage-2-w3,3,Ascent,JonahP,G2,Vyse,1.14,234,15,11,6,4,76,133,20,2,2,0,G2 Esports,G2 Esports,4.0,13.0,1.0,2.0
https://www.vlr.gg/509817/g2-esports-vs-evil-geniuses-vct-2025-americas-stage-2-w3,3,Ascent,jawgemo,G2,Yoru,0.96,183,11,11,6,0,82,110,22,2,3,-1,G2 Esports,G2 Esports,4.0,13.0,1.0,2.0
https://www.vlr.gg/509817/g2-esports-vs-evil-geniuses-vct-2025-americas-stage-2-w3,3,Ascent,NaturE,EG,Kayo,1.19,253,13,14,12,-1,82,147,21,1,1,0,G2 Esports,G2 Esports,4.0,13.0,1.0,2.0
https://www.vlr.gg/509817/g2-esports-vs-evil-geniuses-vct-2025-americas-stage-2-w3,3,Ascent,yay,EG,Jett,0.81,199,13,14,1,-1,59,126,30,2,4,-2,G2 Esports,G2 Esports,4.0,13.0,1.0,2.0
https://www.vlr.gg/509817/g2-esports-vs-evil-geniuses-vct-2025-americas-stage-2-w3,3,Ascent,Derrek,EG,Sova,0.79,179,8,15,7,-7,65,143,45,1,1,0,G2 Esports,G2 Esports,4.0,13.0,1.0,2.0
https://www.vlr.gg/509817/g2-esports-vs-evil-geniuses-vct-2025-americas-stage-2-w3,3,Ascent,icy,EG,Cypher,0.71,143,7,14,5,-7,59,103,19,3,0,3,G2 Esports,G2 Esports,4.0,13.0,1.0,2.0
https://www.vlr.gg/509817/g2-esports-vs-evil-geniuses-vct-2025-americas-stage-2-w3,3,Ascent,supamen,EG,Omen,0.4,81,6,14,4,-8,76,48,33,1,3,-2,G2 Esports,G2 Esports,4.0,13.0,1.0,2.0
https://www.vlr.gg/509819/cloud9-vs-2game-esports-vct-2025-americas-stage-2-w4,0,Bind,v1c,C9,Brimstone,2.14,378,21,6,5,15,100,216,38,5,1,4,Cloud9,Cloud9,1.0,13.0,0.0,2.0
https://www.vlr.gg/509819/cloud9-vs-2game-esports-vct-2025-americas-stage-2-w4,0,Bind,OXY,C9,Raze,1.81,290,16,4,3,12,100,190,10,0,0,0,Cloud9,Cloud9,1.0,13.0,0.0,2.0
https://www.vlr.gg/509819/cloud9-vs-2game-esports-vct-2025-americas-stage-2-w4,0,Bind,Xeppaa,C9,Vyse,1.68,273,14,5,7,9,93,168,21,1,0,1,Cloud9,Cloud9,1.0,13.0,0.0,2.0
https://www.vlr.gg/509819/cloud9-vs-2game-esports-vct-2025-americas-stage-2-w4,0,Bind,mitch,C9,Skye,1.5,236,12,5,5,7,86,140,17,4,1,3,Cloud9,Cloud9,1.0,13.0,0.0,2.0
https://www.vlr.gg/509819/cloud9-vs-2game-esports-vct-2025-americas-stage-2-w4,0,Bind,neT,C9,Viper,0.93,138,7,6,8,1,93,88,16,1,1,0,Cloud9,Cloud9,1.0,13.0,0.0,2.0
https://www.vlr.gg/509819/cloud9-vs-2game-esports-vct-2025-americas-stage-2-w4,0,Bind,pryze,2G,Fade,0.7,165,8,14,1,-6,57,94,21,0,0,0,Cloud9,Cloud9,1.0,13.0,0.0,2.0
https://www.vlr.gg/509819/cloud9-vs-2game-esports-vct-2025-americas-stage-2-w4,0,Bind,lz,2G,Brimstone,0.41,137,5,14,5,-9,64,90,41,1,0,1,Cloud9,Cloud9,1.0,13.0,0.0,2.0
https://www.vlr.gg/509819/cloud9-vs-2game-esports-vct-2025-americas-stage-2-w4,0,Bind,spike,2G,Yoru,0.38,136,6,14,3,-8,36,84,37,0,5,-5,Cloud9,Cloud9,1.0,13.0,0.0,2.0
https://www.vlr.gg/509819/cloud9-vs-2game-esports-vct-2025-americas-stage-2-w4,0,Bind,gobera,2G,Viper,0.27,100,4,14,0,-10,29,70,31,1,2,-1,Cloud9,Cloud9,1.0,13.0,0.0,2.0
https://www.vlr.gg/509819/cloud9-vs-2game-esports-vct-2025-americas-stage-2-w4,0,Bind,silentzz,2G,Raze,0.04,72,3,14,1,-11,21,48,7,1,4,-3,Cloud9,Cloud9,1.0,13.0,0.0,2.0
https://www.vlr.gg/509819/cloud9-vs-2game-esports-vct-2025-americas-stage-2-w4,1,AllMaps,OXY,C9,Raze,1.79,318,43,18,5,25,85,207,19,5,3,2,Cloud9,Cloud9,8.0,26.0,0.0,2.0
https://www.vlr.gg/509819/cloud9-vs-2game-esports-vct-2025-americas-stage-2-w4,1,AllMaps,v1c,C9,Brimstone,1.5,276,34,19,14,15,91,150,35,8,1,7,Cloud9,Cloud9,8.0,26.0,0.0,2.0
https://www.vlr.gg/509819/cloud9-vs-2game-esports-vct-2025-americas-stage-2-w4,1,AllMaps,Xeppaa,C9,Vyse,1.26,226,27,18,11,9,76,138,18,1,1,0,Cloud9,Cloud9,8.0,26.0,0.0,2.0
https://www.vlr.gg/509819/cloud9-vs-2game-esports-vct-2025-americas-stage-2-w4,1,AllMaps,mitch,C9,Skye,1.07,189,20,17,13,3,74,112,19,6,3,3,Cloud9,Cloud9,8.0,26.0,0.0,2.0
https://www.vlr.gg/509819/cloud9-vs-2game-esports-vct-2025-americas-stage-2-w4,1,AllMaps,neT,C9,Viper,0.83,146,15,19,12,-4,76,101,22,3,3,0,Cloud9,Cloud9,8.0,26.0,0.0,2.0
https://www.vlr.gg/509819/cloud9-vs-2game-esports-vct-2025-americas-stage-2-w4,1,AllMaps,lz,2G,Brimstone,0.87,194,24,28,13,-4,76,123,42,3,1,2,Cloud9,Cloud9,8.0,26.0,0.0,2.0
https://www.vlr.gg/509819/cloud9-vs-2game-esports-vct-2025-americas-stage-2-w4,1,AllMaps,spike,2G,Yoru,0.71,187,23,28,6,-5,59,131,34,3,12,-9,Cloud9,Cloud9,8.0,26.0,0.0,2.0
https://www.vlr.gg/509819/cloud9-vs-2game-esports-vct-2025-americas-stage-2-w4,1,AllMaps,pryze,2G,Fade,0.63,135,15,29,6,-14,62,74,20,0,2,-2,Cloud9,Cloud9,8.0,26.0,0.0,2.0
https://www.vlr.gg/509819/cloud9-vs-2game-esports-vct-2025-americas-stage-2-w4,1,AllMaps,gobera,2G,Viper,0.61,137,16,27,8,-11,59,91,19,2,4,-2,Cloud9,Cloud9,8.0,26.0,0.0,2.0
https://www.vlr.gg/509819/cloud9-vs-2game-esports-vct-2025-americas-stage-2-w4,1,AllMaps,silentzz,2G,Raze,0.5,117,13,27,7,-14,53,79,16,3,4,-1,Cloud9,Cloud9,8.0,26.0,0.0,2.0
https://www.vlr.gg/509819/cloud9-vs-2game-esports-vct-2025-americas-stage-2-w4,2,Lotus,OXY,C9,Neon,1.77,346,27,14,2,13,75,219,25,5,3,2,Cloud9,Cloud9,7.0,13.0,0.0,2.0
https://www.vlr.gg/509819/cloud9-vs-2game-esports-vct-2025-americas-stage-2-w4,2,Lotus,v1c,C9,Omen,1.05,174,13,13,9,0,85,104,31,3,0,3,Cloud9,Cloud9,7.0,13.0,0.0,2.0
https://www.vlr.gg/509819/cloud9-vs-2game-esports-vct-2025-americas-stage-2-w4,2,Lotus,Xeppaa,C9,Vyse,0.97,179,13,13,4,0,65,116,15,0,1,-1,Cloud9,Cloud9,7.0,13.0,0.0,2.0
https://www.vlr.gg/509819/cloud9-vs-2game-esports-vct-2025-americas-stage-2-w4,2,Lotus,mitch,C9,Fade,0.78,141,8,12,8,-4,65,93,22,2,2,0,Cloud9,Cloud9,7.0,13.0,0.0,2.0
https://www.vlr.gg/509819/cloud9-vs-2game-esports-vct-2025-americas-stage-2-w4,2,Lotus,neT,C9,Viper,0.76,153,8,13,4,-5,65,110,26,2,2,0,Cloud9,Cloud9,7.0,13.0,0.0,2.0
https://www.vlr.gg/509819/cloud9-vs-2game-esports-vct-2025-americas-stage-2-w4,2,Lotus,lz,2G,Omen,1.19,251,19,14,8,5,85,146,42,2,1,1,Cloud9,Cloud9,7.0,13.0,0.0,2.0
https://www.vlr.gg/509819/cloud9-vs-2game-esports-vct-2025-americas-stage-2-w4,2,Lotus,spike,2G,Neon,0.94,238,17,14,3,3,75,164,33,3,7,-4,Cloud9,Cloud9,7.0,13.0,0.0,2.0
https://www.vlr.gg/509819/cloud9-vs-2game-esports-vct-2025-americas-stage-2-w4,2,Lotus,gobera,2G,Breach,0.84,173,12,13,8,-1,80,105,15,1,2,-1,Cloud9,Cloud9,7.0,13.0,0.0,2.0
https://www.vlr.gg/509819/cloud9-vs-2game-esports-vct-2025-americas-stage-2-w4,2,Lotus,silentzz,2G,Viper,0.82,162,10,13,6,-3,75,101,20,2,0,2,Cloud9,Cloud9,7.0,13.0,0.0,2.0
https://www.vlr.gg/509819/cloud9-vs-2game-esports-vct-2025-americas-stage-2-w4,2,Lotus,pryze,2G,Fade,0.58,104,7,15,5,-8,65,60,18,0,2,-2,Cloud9,Cloud9,7.0,13.0,0.0,2.0
https://www.vlr.gg/509821/sentinels-vs-evil-geniuses-vct-2025-americas-stage-2-w4,0,Lotus,N4RRATE,SEN,Fade,1.26,291,22,15,6,7,71,171,38,3,0,3,Sentinels,Sentinels,8.0,13.0,0.0,2.0
https://www.vlr.gg/509821/sentinels-vs-evil-geniuses-vct-2025-americas-stage-2-w4,0,Lotus,bang,SEN,Omen,1.2,213,18,11,2,7,76,119,38,2,2,0,Sentinels,Sentinels,8.0,13.0,0.0,2.0
https://www.vlr.gg/509821/sentinels-vs-evil-geniuses-vct-2025-americas-stage-2-w4,0,Lotus,zekken,SEN,Raze,1.13,220,17,13,3,4,86,151,22,5,3,2,Sentinels,Sentinels,8.0,13.0,0.0,2.0
https://www.vlr.gg/509821/sentinels-vs-evil-geniuses-vct-2025-americas-stage-2-w4,0,Lotus,johnqt,SEN,Viper,1.12,159,11,11,13,0,90,107,23,1,0,1,Sentinels,Sentinels,8.0,13.0,0.0,2.0
https://www.vlr.gg/509821/sentinels-vs-evil-geniuses-vct-2025-americas-stage-2-w4,0,Lotus,Zellsis,SEN,Vyse,1.1,200,15,12,8,3,81,128,12,2,3,-1,Sentinels,Sentinels,8.0,13.0,0.0,2.0
https://www.vlr.gg/509821/sentinels-vs-evil-geniuses-vct-2025-americas-stage-2-w4,0,Lotus,supamen,EG,Viper,1.0,175,15,16,4,-1,52,113,40,0,0,0,Sentinels,Sentinels,8.0,13.0,0.0,2.0
https://www.vlr.gg/509821/sentinels-vs-evil-geniuses-vct-2025-americas-stage-2-w4,0,Lotus,icy,EG,Raze,0.84,175,13,16,3,-3,67,125,33,4,9,-5,Sentinels,Sentinels,8.0,13.0,0.0,2.0
https://www.vlr.gg/509821/sentinels-vs-evil-geniuses-vct-2025-americas-stage-2-w4,0,Lotus,NaturE,EG,Fade,0.81,184,13,17,5,-4,67,122,21,1,0,1,Sentinels,Sentinels,8.0,13.0,0.0,2.0
https://www.vlr.gg/509821/sentinels-vs-evil-geniuses-vct-2025-americas-stage-2-w4,0,Lotus,Derrek,EG,Tejo,0.75,172,11,16,9,-5,76,120,23,1,0,1,Sentinels,Sentinels,8.0,13.0,0.0,2.0
https://www.vlr.gg/509821/sentinels-vs-evil-geniuses-vct-2025-americas-stage-2-w4,0,Lotus,yay,EG,Clove,0.59,142,9,19,9,-10,62,82,38,2,4,-2,Sentinels,Sentinels,8.0,13.0,0.0,2.0
https://www.vlr.gg/509821/sentinels-vs-evil-geniuses-vct-2025-americas-stage-2-w4,1,AllMaps,zekken,SEN,Raze,1.61,311,42,22,10,20,87,195,25,11,5,6,Sentinels,Sentinels,12.0,26.0,0.0,2.0
https://www.vlr.gg/509821/sentinels-vs-evil-geniuses-vct-2025-americas-stage-2-w4,1,AllMaps,Zellsis,SEN,Vyse,1.29,217,30,19,12,11,84,134,17,5,3,2,Sentinels,Sentinels,12.0,26.0,0.0,2.0
https://www.vlr.gg/509821/sentinels-vs-evil-geniuses-vct-2025-americas-stage-2-w4,1,AllMaps,johnqt,SEN,Viper,1.2,186,24,18,19,6,89,122,32,3,0,3,Sentinels,Sentinels,12.0,26.0,0.0,2.0
https://www.vlr.gg/509821/sentinels-vs-evil-geniuses-vct-2025-americas-stage-2-w4,1,AllMaps,bang,SEN,Omen,1.14,205,30,20,10,10,76,119,25,4,4,0,Sentinels,Sentinels,12.0,26.0,0.0,2.0
https://www.vlr.gg/509821/sentinels-vs-evil-geniuses-vct-2025-americas-stage-2-w4,1,AllMaps,N4RRATE,SEN,Fade,1.0,220,32,28,11,4,74,133,35,3,0,3,Sentinels,Sentinels,12.0,26.0,0.0,2.0
https://www.vlr.gg/509821/sentinels-vs-evil-geniuses-vct-2025-americas-stage-2-w4,1,AllMaps,Derrek,EG,Tejo,0.88,197,26,30,10,-4,68,126,29,2,2,0,Sentinels,Sentinels,12.0,26.0,0.0,2.0
https://www.vlr.gg/509821/sentinels-vs-evil-geniuses-vct-2025-americas-stage-2-w4,1,AllMaps,supamen,EG,Viper,0.76,150,23,31,6,-8,55,93,39,0,2,-2,Sentinels,Sentinels,12.0,26.0,0.0,2.0
https://www.vlr.gg/509821/sentinels-vs-evil-geniuses-vct-2025-americas-stage-2-w4,1,AllMaps,yay,EG,Clove,0.7,188,21,34,11,-13,61,111,30,4,7,-3,Sentinels,Sentinels,12.0,26.0,0.0,2.0
https://www.vlr.gg/509821/sentinels-vs-evil-geniuses-vct-2025-americas-stage-2-w4,1,AllMaps,NaturE,EG,Fade,0.62,142,18,32,8,-14,55,100,20,1,1,0,Sentinels,Sentinels,12.0,26.0,0.0,2.0
https://www.vlr.gg/509821/sentinels-vs-evil-geniuses-vct-2025-americas-stage-2-w4,1,AllMaps,icy,EG,Raze,0.56,137,18,32,6,-14,66,97,29,5,14,-9,Sentinels,Sentinels,12.0,26.0,0.0,2.0
https://www.vlr.gg/509821/sentinels-vs-evil-geniuses-vct-2025-americas-stage-2-w4,2,Corrode,zekken,SEN,Neon,2.2,401,25,9,7,16,88,251,27,6,2,4,Sentinels,Sentinels,4.0,13.0,0.0,2.0
https://www.vlr.gg/509821/sentinels-vs-evil-geniuses-vct-2025-americas-stage-2-w4,2,Corrode,Zellsis,SEN,Vyse,1.52,234,15,7,4,8,88,140,24,3,0,3,Sentinels,Sentinels,4.0,13.0,0.0,2.0
https://www.vlr.gg/509821/sentinels-vs-evil-geniuses-vct-2025-americas-stage-2-w4,2,Corrode,johnqt,SEN,Viper,1.3,212,13,7,6,6,88,141,39,2,0,2,Sentinels,Sentinels,4.0,13.0,0.0,2.0
https://www.vlr.gg/509821/sentinels-vs-evil-geniuses-vct-2025-americas-stage-2-w4,2,Corrode,bang,SEN,Omen,1.06,197,12,9,8,3,76,119,15,2,2,0,Sentinels,Sentinels,4.0,13.0,0.0,2.0
https://www.vlr.gg/509821/sentinels-vs-evil-geniuses-vct-2025-americas-stage-2-w4,2,Corrode,N4RRATE,SEN,Fade,0.69,148,10,13,5,-3,76,85,30,0,0,0,Sentinels,Sentinels,4.0,13.0,0.0,2.0
https://www.vlr.gg/509821/sentinels-vs-evil-geniuses-vct-2025-americas-stage-2-w4,2,Corrode,Derrek,EG,Omen,1.04,221,15,14,1,1,59,134,35,1,2,-1,Sentinels,Sentinels,4.0,13.0,0.0,2.0
https://www.vlr.gg/509821/sentinels-vs-evil-geniuses-vct-2025-americas-stage-2-w4,2,Corrode,yay,EG,Chamber,0.84,234,12,15,2,-3,59,146,25,2,3,-1,Sentinels,Sentinels,4.0,13.0,0.0,2.0
https://www.vlr.gg/509821/sentinels-vs-evil-geniuses-vct-2025-americas-stage-2-w4,2,Corrode,supamen,EG,Viper,0.45,125,8,15,2,-7,59,69,37,0,2,-2,Sentinels,Sentinels,4.0,13.0,0.0,2.0
https://www.vlr.gg/509821/sentinels-vs-evil-geniuses-vct-2025-americas-stage-2-w4,2,Corrode,NaturE,EG,Sova,0.39,100,5,15,3,-10,41,74,17,0,1,-1,Sentinels,Sentinels,4.0,13.0,0.0,2.0
https://www.vlr.gg/509821/sentinels-vs-evil-geniuses-vct-2025-americas-stage-2-w4,2,Corrode,icy,EG,Neon,0.22,99,5,16,3,-11,65,63,23,1,5,-4,Sentinels,Sentinels,4.0,13.0,0.0,2.0
https://www.vlr.gg/509823/furia-vs-g2-esports-vct-2025-americas-stage-2-w4,0,Corrode,heat,FUR,Viper,0.92,220,11,12,2,-1,67,167,42,1,1,0,G2 Esports,FURIA,13.0,2.0,2.0,0.0
https://www.vlr.gg/509823/furia-vs-g2-esports-vct-2025-americas-stage-2-w4,0,Corrode,adverso,FUR,Fade,0.82,157,8,12,1,-4,73,99,15,1,0,1,G2 Esports,FURIA,13.0,2.0,2.0,0.0
https://www.vlr.gg/509823/furia-vs-g2-esports-vct-2025-americas-stage-2-w4,0,Corrode,tuyz,FUR,Omen,0.7,128,6,11,3,-5,73,87,19,2,1,1,G2 Esports,FURIA,13.0,2.0,2.0,0.0
https://www.vlr.gg/509823/furia-vs-g2-esports-vct-2025-americas-stage-2-w4,0,Corrode,Palla,FUR,Neon,0.68,214,10,14,2,-4,53,145,26,3,5,-2,G2 Esports,FURIA,13.0,2.0,2.0,0.0
https://www.vlr.gg/509823/furia-vs-g2-esports-vct-2025-americas-stage-2-w4,0,Corrode,Urango,FUR,Sage,0.55,130,6,14,3,-8,60,89,32,0,1,-1,G2 Esports,FURIA,13.0,2.0,2.0,0.0
https://www.vlr.gg/509823/furia-vs-g2-esports-vct-2025-americas-stage-2-w4,0,Corrode,jawgemo,G2,Waylay,1.42,330,17,12,4,5,93,200,35,5,3,2,G2 Esports,FURIA,13.0,2.0,2.0,0.0
https://www.vlr.gg/509823/furia-vs-g2-esports-vct-2025-americas-stage-2-w4,0,Corrode,BABYBAY,G2,Viper,1.42,322,18,8,6,10,93,193,35,3,1,2,G2 Esports,FURIA,13.0,2.0,2.0,0.0
https://www.vlr.gg/509823/furia-vs-g2-esports-vct-2025-americas-stage-2-w4,0,Corrode,trent,G2,Fade,1.3,162,11,5,10,6,93,83,30,0,0,0,G2 Esports,FURIA,13.0,2.0,2.0,0.0
https://www.vlr.gg/509823/furia-vs-g2-esports-vct-2025-americas-stage-2-w4,0,Corrode,valyn,G2,Omen,1.07,193,12,8,3,4,67,106,24,0,2,-2,G2 Esports,FURIA,13.0,2.0,2.0,0.0
https://www.vlr.gg/509823/furia-vs-g2-esports-vct-2025-americas-stage-2-w4,0,Corrode,JonahP,G2,Sage,0.91,144,5,8,9,-3,87,111,13,0,1,-1,G2 Esports,FURIA,13.0,2.0,2.0,0.0
https://www.vlr.gg/509823/furia-vs-g2-esports-vct-2025-americas-stage-2-w4,1,AllMaps,heat,FUR,Viper,1.12,235,26,24,3,2,64,159,30,5,2,3,G2 Esports,FURIA,26.0,7.0,2.0,0.0
https://www.vlr.gg/509823/furia-vs-g2-esports-vct-2025-americas-stage-2-w4,1,AllMaps,adverso,FUR,Fade,0.9,185,21,25,3,-4,67,120,25,2,3,-1,G2 Esports,FURIA,26.0,7.0,2.0,0.0
https://www.vlr.gg/509823/furia-vs-g2-esports-vct-2025-americas-stage-2-w4,1,AllMaps,tuyz,FUR,Omen,0.72,120,12,22,13,-10,76,76,17,2,1,1,G2 Esports,FURIA,26.0,7.0,2.0,0.0
https://www.vlr.gg/509823/furia-vs-g2-esports-vct-2025-americas-stage-2-w4,1,AllMaps,Palla,FUR,Neon,0.61,186,19,30,6,-11,52,125,34,7,9,-2,G2 Esports,FURIA,26.0,7.0,2.0,0.0
https://www.vlr.gg/509823/furia-vs-g2-esports-vct-2025-americas-stage-2-w4,1,AllMaps,Urango,FUR,Sage,0.58,122,13,27,7,-14,61,89,30,0,2,-2,G2 Esports,FURIA,26.0,7.0,2.0,0.0
https://www.vlr.gg/509823/furia-vs-g2-esports-vct-2025-americas-stage-2-w4,1,AllMaps,trent,G2,Fade,1.37,216,27,14,15,13,85,137,26,1,0,1,G2 Esports,FURIA,26.0,7.0,2.0,0.0
https://www.vlr.gg/509823/furia-vs-g2-esports-vct-2025-americas-stage-2-w4,1,AllMaps,jawgemo,G2,Waylay,1.32,278,31,22,11,9,88,178,37,8,5,3,G2 Esports,FURIA,26.0,7.0,2.0,0.0
https://www.vlr.gg/509823/furia-vs-g2-esports-vct-2025-americas-stage-2-w4,1,AllMaps,valyn,G2,Omen,1.12,203,28,18,4,10,76,111,25,2,5,-3,G2 Esports,FURIA,26.0,7.0,2.0,0.0
https://www.vlr.gg/509823/furia-vs-g2-esports-vct-2025-americas-stage-2-w4,1,AllMaps,BABYBAY,G2,Viper,1.07,232,27,19,10,8,88,143,31,4,2,2,G2 Esports,FURIA,26.0,7.0,2.0,0.0
https://www.vlr.gg/509823/furia-vs-g2-esports-vct-2025-americas-stage-2-w4,1,AllMaps,JonahP,G2,Sage,0.95,154,15,18,13,-3,82,115,23,2,4,-2,G2 Esports,FURIA,26.0,7.0,2.0,0.0
https://www.vlr.gg/509823/furia-vs-g2-esports-vct-2025-americas-stage-2-w4,2,Ascent,heat,FUR,Chamber,1.29,249,15,12,1,3,61,152,17,4,1,3,G2 Esports,FURIA,13.0,5.0,2.0,0.0
https://www.vlr.gg/509823/furia-vs-g2-esports-vct-2025-americas-stage-2-w4,2,Ascent,adverso,FUR,Vyse,0.97,213,13,13,2,0,61,136,32,1,3,-2,G2 Esports,FURIA,13.0,5.0,2.0,0.0
https://www.vlr.gg/509823/furia-vs-g2-esports-vct-2025-americas-stage-2-w4,2,Ascent,tuyz,FUR,Omen,0.74,111,6,11,10,-5,78,68,15,0,0,0,G2 Esports,FURIA,13.0,5.0,2.0,0.0
https://www.vlr.gg/509823/furia-vs-g2-esports-vct-2025-americas-stage-2-w4,2,Ascent,Urango,FUR,Sova,0.6,114,7,13,4,-6,61,90,29,0,1,-1,G2 Esports,FURIA,13.0,5.0,2.0,0.0
https://www.vlr.gg/509823/furia-vs-g2-esports-vct-2025-americas-stage-2-w4,2,Ascent,Palla,FUR,Yoru,0.56,157,9,16,4,-7,50,108,47,4,4,0,G2 Esports,FURIA,13.0,5.0,2.0,0.0
https://www.vlr.gg/509823/furia-vs-g2-esports-vct-2025-americas-stage-2-w4,2,Ascent,trent,G2,Sova,1.43,270,16,9,5,7,78,181,25,1,0,1,G2 Esports,FURIA,13.0,5.0,2.0,0.0
https://www.vlr.gg/509823/furia-vs-g2-esports-vct-2025-americas-stage-2-w4,2,Ascent,jawgemo,G2,Yoru,1.23,225,14,10,7,4,83,161,40,3,2,1,G2 Esports,FURIA,13.0,5.0,2.0,0.0
https://www.vlr.gg/509823/furia-vs-g2-esports-vct-2025-americas-stage-2-w4,2,Ascent,valyn,G2,Omen,1.17,213,16,10,1,6,83,115,26,2,3,-1,G2 Esports,FURIA,13.0,5.0,2.0,0.0
https://www.vlr.gg/509823/furia-vs-g2-esports-vct-2025-americas-stage-2-w4,2,Ascent,JonahP,G2,Vyse,0.99,164,10,10,4,0,78,118,32,2,3,-1,G2 Esports,FURIA,13.0,5.0,2.0,0.0
https://www.vlr.gg/509823/furia-vs-g2-esports-vct-2025-americas-stage-2-w4,2,Ascent,BABYBAY,G2,Chamber,0.77,142,9,11,4,-2,83,101,21,1,1,0,G2 Esports,FURIA,13.0,5.0,2.0,0.0
https://www.vlr.gg/509827/furia-vs-evil-geniuses-vct-2025-americas-stage-2-w5,0,Corrode,adverso,FUR,Fade,0.95,209,13,15,8,-2,68,127,19,2,0,2,Evil Geniuses,FURIA,13.0,6.0,2.0,0.0
https://www.vlr.gg/509827/furia-vs-evil-geniuses-vct-2025-americas-stage-2-w5,0,Corrode,Palla,FUR,Neon,0.95,212,14,16,5,-2,63,147,35,3,7,-4,Evil Geniuses,FURIA,13.0,6.0,2.0,0.0
https://www.vlr.gg/509827/furia-vs-evil-geniuses-vct-2025-americas-stage-2-w5,0,Corrode,Urango,FUR,Sage,0.83,189,13,17,6,-4,74,116,48,0,3,-3,Evil Geniuses,FURIA,13.0,6.0,2.0,0.0
https://www.vlr.gg/509827/furia-vs-evil-geniuses-vct-2025-americas-stage-2-w5,0,Corrode,tuyz,FUR,Omen,0.62,154,10,17,4,-7,53,109,21,0,0,0,Evil Geniuses,FURIA,13.0,6.0,2.0,0.0
https://www.vlr.gg/509827/furia-vs-evil-geniuses-vct-2025-americas-stage-2-w5,0,Corrode,heat,FUR,Viper,0.16,63,4,18,3,-14,42,56,31,1,3,-2,Evil Geniuses,FURIA,13.0,6.0,2.0,0.0
https://www.vlr.gg/509827/furia-vs-evil-geniuses-vct-2025-americas-stage-2-w5,0,Corrode,NaturE,EG,Sova,1.39,238,14,9,15,5,89,162,24,2,0,2,Evil Geniuses,FURIA,13.0,6.0,2.0,0.0
https://www.vlr.gg/509827/furia-vs-evil-geniuses-vct-2025-americas-stage-2-w5,0,Corrode,yay,EG,Chamber,1.37,280,18,12,4,6,74,170,30,4,2,2,Evil Geniuses,FURIA,13.0,6.0,2.0,0.0
https://www.vlr.gg/509827/furia-vs-evil-geniuses-vct-2025-americas-stage-2-w5,0,Corrode,icy,EG,Neon,1.36,254,20,11,3,9,84,160,35,3,3,0,Evil Geniuses,FURIA,13.0,6.0,2.0,0.0
https://www.vlr.gg/509827/furia-vs-evil-geniuses-vct-2025-americas-stage-2-w5,0,Corrode,Derrek,EG,Omen,1.32,266,17,12,9,5,89,157,31,3,0,3,Evil Geniuses,FURIA,13.0,6.0,2.0,0.0
https://www.vlr.gg/509827/furia-vs-evil-geniuses-vct-2025-americas-stage-2-w5,0,Corrode,supamen,EG,Viper,1.12,185,14,10,3,4,68,132,41,1,1,0,Evil Geniuses,FURIA,13.0,6.0,2.0,0.0
https://www.vlr.gg/509827/furia-vs-evil-geniuses-vct-2025-americas-stage-2-w5,1,AllMaps,Palla,FUR,Neon,1.05,218,31,31,9,0,66,145,41,7,11,-4,Evil Geniuses,FURIA,26.0,15.0,2.0,0.0
https://www.vlr.gg/509827/furia-vs-evil-geniuses-vct-2025-americas-stage-2-w5,1,AllMaps,tuyz,FUR,Omen,0.81,168,25,34,13,-9,63,119,20,0,0,0,Evil Geniuses,FURIA,26.0,15.0,2.0,0.0
https://www.vlr.gg/509827/furia-vs-evil-geniuses-vct-2025-americas-stage-2-w5,1,AllMaps,adverso,FUR,Fade,0.74,171,23,33,12,-10,66,104,19,3,2,1,Evil Geniuses,FURIA,26.0,15.0,2.0,0.0
https://www.vlr.gg/509827/furia-vs-evil-geniuses-vct-2025-americas-stage-2-w5,1,AllMaps,heat,FUR,Viper,0.7,133,20,33,9,-13,59,96,24,5,7,-2,Evil Geniuses,FURIA,26.0,15.0,2.0,0.0
https://www.vlr.gg/509827/furia-vs-evil-geniuses-vct-2025-americas-stage-2-w5,1,AllMaps,Urango,FUR,Sage,0.64,173,24,37,11,-13,76,117,42,0,6,-6,Evil Geniuses,FURIA,26.0,15.0,2.0,0.0
https://www.vlr.gg/509827/furia-vs-evil-geniuses-vct-2025-americas-stage-2-w5,1,AllMaps,supamen,EG,Viper,1.4,223,35,21,22,14,80,146,39,3,2,1,Evil Geniuses,FURIA,26.0,15.0,2.0,0.0
https://www.vlr.gg/509827/furia-vs-evil-geniuses-vct-2025-americas-stage-2-w5,1,AllMaps,yay,EG,Chamber,1.31,298,41,29,10,12,68,191,25,10,8,2,Evil Geniuses,FURIA,26.0,15.0,2.0,0.0
https://www.vlr.gg/509827/furia-vs-evil-geniuses-vct-2025-americas-stage-2-w5,1,AllMaps,icy,EG,Neon,1.28,229,38,25,8,13,83,144,30,5,4,1,Evil Geniuses,FURIA,26.0,15.0,2.0,0.0
https://www.vlr.gg/509827/furia-vs-evil-geniuses-vct-2025-americas-stage-2-w5,1,AllMaps,NaturE,EG,Sova,1.14,188,23,22,35,1,90,124,15,4,0,4,Evil Geniuses,FURIA,26.0,15.0,2.0,0.0
https://www.vlr.gg/509827/furia-vs-evil-geniuses-vct-2025-americas-stage-2-w5,1,AllMaps,Derrek,EG,Omen,1.14,220,30,26,18,4,83,144,23,4,1,3,Evil Geniuses,FURIA,26.0,15.0,2.0,0.0
https://www.vlr.gg/509827/furia-vs-evil-geniuses-vct-2025-americas-stage-2-w5,2,Ascent,heat,FUR,Chamber,1.16,202,16,15,6,1,73,130,21,4,4,0,Evil Geniuses,FURIA,13.0,9.0,2.0,0.0
https://www.vlr.gg/509827/furia-vs-evil-geniuses-vct-2025-americas-stage-2-w5,2,Ascent,Palla,FUR,Yoru,1.15,223,17,15,4,2,68,143,47,4,4,0,Evil Geniuses,FURIA,13.0,9.0,2.0,0.0
https://www.vlr.gg/509827/furia-vs-evil-geniuses-vct-2025-americas-stage-2-w5,2,Ascent,tuyz,FUR,Omen,0.98,182,15,17,9,-2,73,128,20,0,0,0,Evil Geniuses,FURIA,13.0,9.0,2.0,0.0
https://www.vlr.gg/509827/furia-vs-evil-geniuses-vct-2025-americas-stage-2-w5,2,Ascent,adverso,FUR,Vyse,0.57,133,10,18,4,-8,64,85,20,1,2,-1,Evil Geniuses,FURIA,13.0,9.0,2.0,0.0
https://www.vlr.gg/509827/furia-vs-evil-geniuses-vct-2025-americas-stage-2-w5,2,Ascent,Urango,FUR,Sova,0.48,156,11,20,5,-9,77,118,36,0,3,-3,Evil Geniuses,FURIA,13.0,9.0,2.0,0.0
https://www.vlr.gg/509827/furia-vs-evil-geniuses-vct-2025-americas-stage-2-w5,2,Ascent,supamen,EG,Omen,1.64,260,21,11,19,10,91,158,38,2,1,1,Evil Geniuses,FURIA,13.0,9.0,2.0,0.0
https://www.vlr.gg/509827/furia-vs-evil-geniuses-vct-2025-americas-stage-2-w5,2,Ascent,yay,EG,Jett,1.25,316,23,17,6,6,64,209,22,6,6,0,Evil Geniuses,FURIA,13.0,9.0,2.0,0.0
https://www.vlr.gg/509827/furia-vs-evil-geniuses-vct-2025-americas-stage-2-w5,2,Ascent,icy,EG,Cypher,1.21,204,18,14,5,4,82,130,24,2,1,1,Evil Geniuses,FURIA,13.0,9.0,2.0,0.0
https://www.vlr.gg/509827/furia-vs-evil-geniuses-vct-2025-americas-stage-2-w5,2,Ascent,Derrek,EG,Sova,0.98,173,13,14,9,-1,77,133,16,1,1,0,Evil Geniuses,FURIA,13.0,9.0,2.0,0.0
https://www.vlr.gg/509827/furia-vs-evil-geniuses-vct-2025-americas-stage-2-w5,2,Ascent,NaturE,EG,Kayo,0.93,138,9,13,20,-4,91,91,6,2,0,2,Evil Geniuses,FURIA,13.0,9.0,2.0,0.0
https://www.vlr.gg/509829/2game-esports-vs-sentinels-vct-2025-americas-stage-2-w5,0,Sunset,spike,2G,Neon,1.35,304,24,15,7,9,86,179,19,10,5,5,2Game Esports,2Game Esports,9.0,13.0,2.0,1.0
https://www.vlr.gg/509829/2game-esports-vs-sentinels-vct-2025-americas-stage-2-w5,0,Sunset,pryze,2G,Sova,1.2,227,16,15,10,1,68,154,32,2,0,2,2Game Esports,2Game Esports,9.0,13.0,2.0,1.0
https://www.vlr.gg/509829/2game-esports-vs-sentinels-vct-2025-americas-stage-2-w5,0,Sunset,silentzz,2G,Cypher,1.14,200,17,13,5,4,73,141,49,0,1,-1,2Game Esports,2Game Esports,9.0,13.0,2.0,1.0
https://www.vlr.gg/509829/2game-esports-vs-sentinels-vct-2025-americas-stage-2-w5,0,Sunset,gobera,2G,Breach,1.12,188,16,14,12,2,68,118,31,0,1,-1,2Game Esports,2Game Esports,9.0,13.0,2.0,1.0
https://www.vlr.gg/509829/2game-esports-vs-sentinels-vct-2025-americas-stage-2-w5,0,Sunset,lz,2G,Omen,0.93,122,10,8,7,2,82,74,29,2,1,1,2Game Esports,2Game Esports,9.0,13.0,2.0,1.0
https://www.vlr.gg/509829/2game-esports-vs-sentinels-vct-2025-americas-stage-2-w5,0,Sunset,N4RRATE,SEN,Fade,1.27,277,20,17,7,3,64,192,22,3,3,0,2Game Esports,2Game Esports,9.0,13.0,2.0,1.0
https://www.vlr.gg/509829/2game-esports-vs-sentinels-vct-2025-americas-stage-2-w5,0,Sunset,zekken,SEN,Neon,0.93,191,15,15,3,0,59,136,25,2,6,-4,2Game Esports,2Game Esports,9.0,13.0,2.0,1.0
https://www.vlr.gg/509829/2game-esports-vs-sentinels-vct-2025-americas-stage-2-w5,0,Sunset,johnqt,SEN,Cypher,0.83,167,13,16,5,-3,64,125,29,0,3,-3,2Game Esports,2Game Esports,9.0,13.0,2.0,1.0
https://www.vlr.gg/509829/2game-esports-vs-sentinels-vct-2025-americas-stage-2-w5,0,Sunset,bang,SEN,Omen,0.66,179,12,18,8,-6,68,104,16,1,0,1,2Game Esports,2Game Esports,9.0,13.0,2.0,1.0
https://www.vlr.gg/509829/2game-esports-vs-sentinels-vct-2025-americas-stage-2-w5,0,Sunset,Zellsis,SEN,Breach,0.51,79,5,17,10,-12,64,50,20,2,2,0,2Game Esports,2Game Esports,9.0,13.0,2.0,1.0
https://www.vlr.gg/509829/2game-esports-vs-sentinels-vct-2025-americas-stage-2-w5,1,AllMaps,silentzz,2G,Cypher,1.1,207,41,38,11,3,68,145,44,2,5,-3,Sentinels,2Game Esports,35.0,21.0,2.0,1.0
https://www.vlr.gg/509829/2game-esports-vs-sentinels-vct-2025-americas-stage-2-w5,1,AllMaps,spike,2G,Neon,0.97,231,46,43,9,3,63,142,23,17,18,-1,Sentinels,2Game Esports,35.0,21.0,2.0,1.0
https://www.vlr.gg/509829/2game-esports-vs-sentinels-vct-2025-americas-stage-2-w5,1,AllMaps,lz,2G,Omen,0.81,127,24,35,19,-11,70,77,32,3,5,-2,Sentinels,2Game Esports,35.0,21.0,2.0,1.0
https://www.vlr.gg/509829/2game-esports-vs-sentinels-vct-2025-americas-stage-2-w5,1,AllMaps,pryze,2G,Sova,0.65,154,25,47,16,-22,46,114,22,2,3,-1,Sentinels,2Game Esports,35.0,21.0,2.0,1.0
https://www.vlr.gg/509829/2game-esports-vs-sentinels-vct-2025-americas-stage-2-w5,1,AllMaps,gobera,2G,Breach,0.64,111,23,44,21,-21,52,76,29,0,1,-1,Sentinels,2Game Esports,35.0,21.0,2.0,1.0
https://www.vlr.gg/509829/2game-esports-vs-sentinels-vct-2025-americas-stage-2-w5,1,AllMaps,N4RRATE,SEN,Fade,1.36,242,48,32,24,16,77,166,25,6,5,1,Sentinels,2Game Esports,35.0,21.0,2.0,1.0
https://www.vlr.gg/509829/2game-esports-vs-sentinels-vct-2025-americas-stage-2-w5,1,AllMaps,johnqt,SEN,Cypher,1.32,206,42,26,22,16,84,136,29,6,4,2,Sentinels,2Game Esports,35.0,21.0,2.0,1.0
https://www.vlr.gg/509829/2game-esports-vs-sentinels-vct-2025-americas-stage-2-w5,1,AllMaps,bang,SEN,Omen,1.22,244,47,33,23,14,82,146,23,4,2,2,Sentinels,2Game Esports,35.0,21.0,2.0,1.0
https://www.vlr.gg/509829/2game-esports-vs-sentinels-vct-2025-americas-stage-2-w5,1,AllMaps,zekken,SEN,Neon,1.12,229,44,34,10,10,70,143,22,11,8,3,Sentinels,2Game Esports,35.0,21.0,2.0,1.0
https://www.vlr.gg/509829/2game-esports-vs-sentinels-vct-2025-americas-stage-2-w5,1,AllMaps,Zellsis,SEN,Breach,0.79,129,26,34,18,-8,68,76,27,5,5,0,Sentinels,2Game Esports,35.0,21.0,2.0,1.0
https://www.vlr.gg/509829/2game-esports-vs-sentinels-vct-2025-americas-stage-2-w5,2,Lotus,silentzz,2G,Viper,0.93,144,8,12,5,-4,71,108,26,0,0,0,Sentinels,2Game Esports,13.0,4.0,2.0,1.0
https://www.vlr.gg/509829/2game-esports-vs-sentinels-vct-2025-americas-stage-2-w5,2,Lotus,lz,2G,Omen,0.7,143,8,14,6,-6,59,79,29,0,3,-3,Sentinels,2Game Esports,13.0,4.0,2.0,1.0
https://www.vlr.gg/509829/2game-esports-vs-sentinels-vct-2025-americas-stage-2-w5,2,Lotus,spike,2G,Neon,0.5,179,9,15,2,-6,41,108,18,3,9,-6,Sentinels,2Game Esports,13.0,4.0,2.0,1.0
https://www.vlr.gg/509829/2game-esports-vs-sentinels-vct-2025-americas-stage-2-w5,2,Lotus,pryze,2G,Fade,0.49,177,8,17,4,-9,35,124,18,0,2,-2,Sentinels,2Game Esports,13.0,4.0,2.0,1.0
https://www.vlr.gg/509829/2game-esports-vs-sentinels-vct-2025-americas-stage-2-w5,2,Lotus,gobera,2G,Breach,0.4,99,5,16,6,-11,47,62,33,0,0,0,Sentinels,2Game Esports,13.0,4.0,2.0,1.0
https://www.vlr.gg/509829/2game-esports-vs-sentinels-vct-2025-americas-stage-2-w5,2,Lotus,bang,SEN,Omen,1.73,282,18,7,9,11,100,182,24,2,0,2,Sentinels,2Game Esports,13.0,4.0,2.0,1.0
https://www.vlr.gg/509829/2game-esports-vs-sentinels-vct-2025-americas-stage-2-w5,2,Lotus,johnqt,SEN,Viper,1.71,232,14,5,12,9,100,143,24,4,0,4,Sentinels,2Game Esports,13.0,4.0,2.0,1.0
https://www.vlr.gg/509829/2game-esports-vs-sentinels-vct-2025-americas-stage-2-w5,2,Lotus,N4RRATE,SEN,Fade,1.62,254,16,8,9,8,88,162,25,3,1,2,Sentinels,2Game Esports,13.0,4.0,2.0,1.0
https://www.vlr.gg/509829/2game-esports-vs-sentinels-vct-2025-americas-stage-2-w5,2,Lotus,zekken,SEN,Raze,1.34,290,17,9,3,8,82,177,17,4,1,3,Sentinels,2Game Esports,13.0,4.0,2.0,1.0
https://www.vlr.gg/509829/2game-esports-vs-sentinels-vct-2025-americas-stage-2-w5,2,Lotus,Zellsis,SEN,Vyse,0.8,124,9,9,6,0,65,71,24,1,1,0,Sentinels,2Game Esports,13.0,4.0,2.0,1.0
https://www.vlr.gg/509829/2game-esports-vs-sentinels-vct-2025-americas-stage-2-w5,3,Haven,silentzz,2G,Iso,1.2,278,16,13,1,3,59,189,59,2,4,-2,Sentinels,2Game Esports,13.0,4.0,2.0,1.0
https://www.vlr.gg/509829/2game-esports-vs-sentinels-vct-2025-americas-stage-2-w5,3,Haven,spike,2G,Yoru,0.94,211,13,13,0,0,53,130,41,4,4,0,Sentinels,2Game Esports,13.0,4.0,2.0,1.0
https://www.vlr.gg/509829/2game-esports-vs-sentinels-vct-2025-americas-stage-2-w5,3,Haven,lz,2G,Omen,0.77,115,6,13,6,-7,65,80,44,1,1,0,Sentinels,2Game Esports,13.0,4.0,2.0,1.0
https://www.vlr.gg/509829/2game-esports-vs-sentinels-vct-2025-americas-stage-2-w5,3,Haven,gobera,2G,Cypher,0.27,47,2,14,3,-12,35,35,17,0,0,0,Sentinels,2Game Esports,13.0,4.0,2.0,1.0
https://www.vlr.gg/509829/2game-esports-vs-sentinels-vct-2025-americas-stage-2-w5,3,Haven,pryze,2G,Sova,0.1,58,1,15,2,-14,29,52,5,0,1,-1,Sentinels,2Game Esports,13.0,4.0,2.0,1.0
https://www.vlr.gg/509829/2game-esports-vs-sentinels-vct-2025-americas-stage-2-w5,3,Haven,johnqt,SEN,Viper,1.57,220,15,5,5,10,94,143,32,2,1,1,Sentinels,2Game Esports,13.0,4.0,2.0,1.0
https://www.vlr.gg/509829/2game-esports-vs-sentinels-vct-2025-americas-stage-2-w5,3,Haven,bang,SEN,Omen,1.45,272,17,8,6,9,82,163,31,1,2,-1,Sentinels,2Game Esports,13.0,4.0,2.0,1.0
https://www.vlr.gg/509829/2game-esports-vs-sentinels-vct-2025-americas-stage-2-w5,3,Haven,N4RRATE,SEN,Sova,1.22,194,12,7,8,5,82,136,29,0,1,-1,Sentinels,2Game Esports,13.0,4.0,2.0,1.0
https://www.vlr.gg/509829/2game-esports-vs-sentinels-vct-2025-americas-stage-2-w5,3,Haven,Zellsis,SEN,Killjoy,1.15,184,12,8,2,4,76,115,31,2,2,0,Sentinels,2Game Esports,13.0,4.0,2.0,1.0
https://www.vlr.gg/509829/2game-esports-vs-sentinels-vct-2025-americas-stage-2-w5,3,Haven,zekken,SEN,Neon,1.13,205,12,10,4,2,71,119,26,5,1,4,Sentinels,2Game Esports,13.0,4.0,2.0,1.0
https://www.vlr.gg/509830/g2-esports-vs-cloud9-vct-2025-americas-stage-2-w5,0,Ascent,BABYBAY,G2,Chamber,1.53,255,21,12,1,9,76,168,17,3,1,2,G2 Esports,G2 Esports,8.0,13.0,0.0,2.0
https://www.vlr.gg/509830/g2-esports-vs-cloud9-vct-2025-americas-stage-2-w5,0,Ascent,jawgemo,G2,Yoru,1.17,252,19,15,6,4,76,163,27,6,0,6,G2 Esports,G2 Esports,8.0,13.0,0.0,2.0
https://www.vlr.gg/509830/g2-esports-vs-cloud9-vct-2025-americas-stage-2-w5,0,Ascent,trent,G2,Sova,0.99,176,10,13,11,-3,67,134,26,1,4,-3,G2 Esports,G2 Esports,8.0,13.0,0.0,2.0
https://www.vlr.gg/509830/g2-esports-vs-cloud9-vct-2025-americas-stage-2-w5,0,Ascent,valyn,G2,Omen,0.98,176,13,14,10,-1,81,103,20,1,2,-1,G2 Esports,G2 Esports,8.0,13.0,0.0,2.0
https://www.vlr.gg/509830/g2-esports-vs-cloud9-vct-2025-americas-stage-2-w5,0,Ascent,JonahP,G2,Vyse,0.79,164,13,14,5,-1,67,99,11,1,2,-1,G2 Esports,G2 Esports,8.0,13.0,0.0,2.0
https://www.vlr.gg/509830/g2-esports-vs-cloud9-vct-2025-americas-stage-2-w5,0,Ascent,OXY,C9,Yoru,1.38,292,22,15,2,7,76,170,47,5,4,1,G2 Esports,G2 Esports,8.0,13.0,0.0,2.0
https://www.vlr.gg/509830/g2-esports-vs-cloud9-vct-2025-americas-stage-2-w5,0,Ascent,v1c,C9,Omen,0.84,172,14,15,4,-1,71,106,29,1,1,0,G2 Esports,G2 Esports,8.0,13.0,0.0,2.0
https://www.vlr.gg/509830/g2-esports-vs-cloud9-vct-2025-americas-stage-2-w5,0,Ascent,Xeppaa,C9,Vyse,0.82,140,11,15,5,-4,71,95,38,0,1,-1,G2 Esports,G2 Esports,8.0,13.0,0.0,2.0
https://www.vlr.gg/509830/g2-esports-vs-cloud9-vct-2025-americas-stage-2-w5,0,Ascent,mitch,C9,Sova,0.71,163,10,15,4,-5,67,116,22,3,3,0,G2 Esports,G2 Esports,8.0,13.0,0.0,2.0
https://www.vlr.gg/509830/g2-esports-vs-cloud9-vct-2025-americas-stage-2-w5,0,Ascent,neT,C9,Deadlock,0.7,159,11,16,3,-5,57,108,27,0,3,-3,G2 Esports,G2 Esports,8.0,13.0,0.0,2.0
https://www.vlr.gg/509830/g2-esports-vs-cloud9-vct-2025-americas-stage-2-w5,1,AllMaps,BABYBAY,G2,Chamber,1.34,242,37,26,9,11,72,155,17,6,4,2,G2 Esports,G2 Esports,17.0,26.0,0.0,2.0
https://www.vlr.gg/509830/g2-esports-vs-cloud9-vct-2025-americas-stage-2-w5,1,AllMaps,jawgemo,G2,Yoru,1.27,273,43,31,14,12,81,170,24,10,2,8,G2 Esports,G2 Esports,17.0,26.0,0.0,2.0
https://www.vlr.gg/509830/g2-esports-vs-cloud9-vct-2025-americas-stage-2-w5,1,AllMaps,valyn,G2,Omen,1.05,213,34,30,18,4,81,133,26,3,2,1,G2 Esports,G2 Esports,17.0,26.0,0.0,2.0
https://www.vlr.gg/509830/g2-esports-vs-cloud9-vct-2025-americas-stage-2-w5,1,AllMaps,JonahP,G2,Vyse,0.86,181,29,30,10,-1,74,112,21,3,3,0,G2 Esports,G2 Esports,17.0,26.0,0.0,2.0
https://www.vlr.gg/509830/g2-esports-vs-cloud9-vct-2025-americas-stage-2-w5,1,AllMaps,trent,G2,Sova,0.83,146,20,28,16,-8,72,105,19,4,6,-2,G2 Esports,G2 Esports,17.0,26.0,0.0,2.0
https://www.vlr.gg/509830/g2-esports-vs-cloud9-vct-2025-americas-stage-2-w5,1,AllMaps,OXY,C9,Yoru,1.43,314,46,34,9,12,86,195,40,11,7,4,G2 Esports,G2 Esports,17.0,26.0,0.0,2.0
https://www.vlr.gg/509830/g2-esports-vs-cloud9-vct-2025-americas-stage-2-w5,1,AllMaps,neT,C9,Deadlock,0.89,165,26,31,6,-5,67,103,25,2,7,-5,G2 Esports,G2 Esports,17.0,26.0,0.0,2.0
https://www.vlr.gg/509830/g2-esports-vs-cloud9-vct-2025-americas-stage-2-w5,1,AllMaps,v1c,C9,Omen,0.88,194,30,32,12,-2,70,130,26,1,2,-1,G2 Esports,G2 Esports,17.0,26.0,0.0,2.0
https://www.vlr.gg/509830/g2-esports-vs-cloud9-vct-2025-americas-stage-2-w5,1,AllMaps,Xeppaa,C9,Vyse,0.81,158,24,32,14,-8,74,103,27,0,3,-3,G2 Esports,G2 Esports,17.0,26.0,0.0,2.0
https://www.vlr.gg/509830/g2-esports-vs-cloud9-vct-2025-americas-stage-2-w5,1,AllMaps,mitch,C9,Sova,0.59,150,19,34,12,-15,67,103,18,3,7,-4,G2 Esports,G2 Esports,17.0,26.0,0.0,2.0
https://www.vlr.gg/509830/g2-esports-vs-cloud9-vct-2025-americas-stage-2-w5,2,Lotus,jawgemo,G2,Yoru,1.36,293,24,16,8,8,86,177,22,4,2,2,G2 Esports,G2 Esports,9.0,13.0,0.0,2.0
https://www.vlr.gg/509830/g2-esports-vs-cloud9-vct-2025-americas-stage-2-w5,2,Lotus,BABYBAY,G2,Viper,1.16,228,16,14,8,2,68,142,17,3,3,0,G2 Esports,G2 Esports,9.0,13.0,0.0,2.0
https://www.vlr.gg/509830/g2-esports-vs-cloud9-vct-2025-americas-stage-2-w5,2,Lotus,valyn,G2,Omen,1.12,250,21,16,8,5,82,161,32,2,0,2,G2 Esports,G2 Esports,9.0,13.0,0.0,2.0
https://www.vlr.gg/509830/g2-esports-vs-cloud9-vct-2025-americas-stage-2-w5,2,Lotus,JonahP,G2,Fade,0.92,198,16,16,5,0,82,125,30,2,1,1,G2 Esports,G2 Esports,9.0,13.0,0.0,2.0
https://www.vlr.gg/509830/g2-esports-vs-cloud9-vct-2025-americas-stage-2-w5,2,Lotus,trent,G2,Tejo,0.68,115,10,15,5,-5,77,77,14,3,2,1,G2 Esports,G2 Esports,9.0,13.0,0.0,2.0
https://www.vlr.gg/509830/g2-esports-vs-cloud9-vct-2025-americas-stage-2-w5,2,Lotus,OXY,C9,Neon,1.47,336,24,19,7,5,95,218,37,6,3,3,G2 Esports,G2 Esports,9.0,13.0,0.0,2.0
https://www.vlr.gg/509830/g2-esports-vs-cloud9-vct-2025-americas-stage-2-w5,2,Lotus,neT,C9,Viper,1.07,171,15,15,3,0,77,99,24,2,4,-2,G2 Esports,G2 Esports,9.0,13.0,0.0,2.0
https://www.vlr.gg/509830/g2-esports-vs-cloud9-vct-2025-americas-stage-2-w5,2,Lotus,v1c,C9,Omen,0.93,215,16,17,8,-1,68,153,24,0,1,-1,G2 Esports,G2 Esports,9.0,13.0,0.0,2.0
https://www.vlr.gg/509830/g2-esports-vs-cloud9-vct-2025-americas-stage-2-w5,2,Lotus,Xeppaa,C9,Vyse,0.81,175,13,17,9,-4,77,110,17,0,2,-2,G2 Esports,G2 Esports,9.0,13.0,0.0,2.0
https://www.vlr.gg/509830/g2-esports-vs-cloud9-vct-2025-americas-stage-2-w5,2,Lotus,mitch,C9,Fade,0.47,136,9,19,8,-10,68,90,14,0,4,-4,G2 Esports,G2 Esports,9.0,13.0,0.0,2.0
https://www.vlr.gg/509831/mibr-vs-loud-vct-2025-americas-stage-2-w5,0,Icebox,xenom,MIBR,Viper,1.23,235,20,15,9,5,71,151,37,5,0,5,MIBR,LOUD,13.0,11.0,2.0,0.0
https://www.vlr.gg/509831/mibr-vs-loud-vct-2025-americas-stage-2-w5,0,Icebox,aspas,MIBR,Jett,1.22,275,22,17,4,5,79,176,42,7,0,7,MIBR,LOUD,13.0,11.0,2.0,0.0
https://www.vlr.gg/509831/mibr-vs-loud-vct-2025-americas-stage-2-w5,0,Icebox,cortezia,MIBR,Killjoy,0.77,151,11,17,8,-6,75,112,22,1,3,-2,MIBR,LOUD,13.0,11.0,2.0,0.0
https://www.vlr.gg/509831/mibr-vs-loud-vct-2025-americas-stage-2-w5,0,Icebox,artzin,MIBR,Harbor,0.75,135,12,16,4,-4,67,109,24,0,5,-5,MIBR,LOUD,13.0,11.0,2.0,0.0
https://www.vlr.gg/509831/mibr-vs-loud-vct-2025-americas-stage-2-w5,0,Icebox,Verno,MIBR,Sova,0.72,121,12,15,2,-3,63,74,26,1,2,-1,MIBR,LOUD,13.0,11.0,2.0,0.0
https://www.vlr.gg/509831/mibr-vs-loud-vct-2025-americas-stage-2-w5,0,Icebox,cauanzin,LOUD,Sova,1.25,219,21,14,7,7,79,142,27,1,3,-2,MIBR,MIBR,11.0,13.0,0.0,2.0
https://www.vlr.gg/509831/mibr-vs-loud-vct-2025-americas-stage-2-w5,0,Icebox,Virtyy,LOUD,Jett,1.16,199,18,14,1,4,75,137,45,4,4,0,MIBR,MIBR,11.0,13.0,0.0,2.0
https://www.vlr.gg/509831/mibr-vs-loud-vct-2025-americas-stage-2-w5,0,Icebox,pANcada,LOUD,Viper,1.04,146,12,13,7,-1,63,109,28,1,1,0,MIBR,MIBR,11.0,13.0,0.0,2.0
https://www.vlr.gg/509831/mibr-vs-loud-vct-2025-americas-stage-2-w5,0,Icebox,lukxo,LOUD,Omen,0.88,201,15,19,9,-4,67,130,29,4,4,0,MIBR,MIBR,11.0,13.0,0.0,2.0
https://www.vlr.gg/509831/mibr-vs-loud-vct-2025-americas-stage-2-w5,0,Icebox,RobbieBk,LOUD,Killjoy,0.78,168,14,17,4,-3,67,121,40,0,2,-2,MIBR,MIBR,11.0,13.0,0.0,2.0
https://www.vlr.gg/509831/mibr-vs-loud-vct-2025-americas-stage-2-w5,1,AllMaps,xenom,MIBR,Viper,1.28,217,38,26,14,12,79,139,34,8,0,8,MIBR,LOUD,26.0,21.0,2.0,0.0
https://www.vlr.gg/509831/mibr-vs-loud-vct-2025-americas-stage-2-w5,1,AllMaps,aspas,MIBR,Jett,1.25,276,45,31,9,14,74,180,36,12,4,8,MIBR,LOUD,26.0,21.0,2.0,0.0
https://www.vlr.gg/509831/mibr-vs-loud-vct-2025-americas-stage-2-w5,1,AllMaps,cortezia,MIBR,Killjoy,0.94,188,33,31,9,2,77,128,28,1,4,-3,MIBR,LOUD,26.0,21.0,2.0,0.0
https://www.vlr.gg/509831/mibr-vs-loud-vct-2025-americas-stage-2-w5,1,AllMaps,Verno,MIBR,Sova,0.88,167,27,29,14,-2,70,111,26,4,3,1,MIBR,LOUD,26.0,21.0,2.0,0.0
https://www.vlr.gg/509831/mibr-vs-loud-vct-2025-americas-stage-2-w5,1,AllMaps,artzin,MIBR,Harbor,0.83,164,27,31,7,-4,70,121,27,2,9,-7,MIBR,LOUD,26.0,21.0,2.0,0.0
https://www.vlr.gg/509831/mibr-vs-loud-vct-2025-americas-stage-2-w5,1,AllMaps,cauanzin,LOUD,Sova,1.11,215,37,33,21,4,74,136,26,3,3,0,MIBR,MIBR,21.0,26.0,0.0,2.0
https://www.vlr.gg/509831/mibr-vs-loud-vct-2025-americas-stage-2-w5,1,AllMaps,Virtyy,LOUD,Jett,0.99,183,31,33,5,-2,66,123,35,6,9,-3,MIBR,MIBR,21.0,26.0,0.0,2.0
https://www.vlr.gg/509831/mibr-vs-loud-vct-2025-americas-stage-2-w5,1,AllMaps,lukxo,LOUD,Omen,0.92,195,32,38,12,-6,64,121,33,6,7,-1,MIBR,MIBR,21.0,26.0,0.0,2.0
https://www.vlr.gg/509831/mibr-vs-loud-vct-2025-americas-stage-2-w5,1,AllMaps,pANcada,LOUD,Viper,0.89,143,22,31,15,-9,66,109,33,1,3,-2,MIBR,MIBR,21.0,26.0,0.0,2.0
https://www.vlr.gg/509831/mibr-vs-loud-vct-2025-americas-stage-2-w5,1,AllMaps,RobbieBk,LOUD,Killjoy,0.78,158,26,35,7,-9,62,107,40,4,5,-1,MIBR,MIBR,21.0,26.0,0.0,2.0
https://www.vlr.gg/509831/mibr-vs-loud-vct-2025-americas-stage-2-w5,2,Sunset,xenom,MIBR,Omen,1.33,198,18,11,5,7,87,127,31,3,0,3,MIBR,LOUD,13.0,10.0,2.0,0.0
https://www.vlr.gg/509831/mibr-vs-loud-vct-2025-americas-stage-2-w5,2,Sunset,aspas,MIBR,Neon,1.28,277,23,14,5,9,70,184,31,5,4,1,MIBR,LOUD,13.0,10.0,2.0,0.0
https://www.vlr.gg/509831/mibr-vs-loud-vct-2025-americas-stage-2-w5,2,Sunset,cortezia,MIBR,Cypher,1.12,225,22,14,1,8,78,145,36,0,1,-1,MIBR,LOUD,13.0,10.0,2.0,0.0
https://www.vlr.gg/509831/mibr-vs-loud-vct-2025-americas-stage-2-w5,2,Sunset,Verno,MIBR,Sova,1.05,213,15,14,12,1,78,150,25,3,1,2,MIBR,LOUD,13.0,10.0,2.0,0.0
https://www.vlr.gg/509831/mibr-vs-loud-vct-2025-americas-stage-2-w5,2,Sunset,artzin,MIBR,Viper,0.92,193,15,15,3,0,74,134,30,2,4,-2,MIBR,LOUD,13.0,10.0,2.0,0.0
https://www.vlr.gg/509831/mibr-vs-loud-vct-2025-americas-stage-2-w5,2,Sunset,lukxo,LOUD,Cypher,0.97,188,17,19,3,-2,61,110,38,2,3,-1,MIBR,MIBR,10.0,13.0,0.0,2.0
https://www.vlr.gg/509831/mibr-vs-loud-vct-2025-americas-stage-2-w5,2,Sunset,cauanzin,LOUD,Breach,0.96,210,16,19,14,-3,70,130,26,2,0,2,MIBR,MIBR,10.0,13.0,0.0,2.0
https://www.vlr.gg/509831/mibr-vs-loud-vct-2025-americas-stage-2-w5,2,Sunset,Virtyy,LOUD,Neon,0.8,167,13,19,4,-6,57,108,27,2,5,-3,MIBR,MIBR,10.0,13.0,0.0,2.0
https://www.vlr.gg/509831/mibr-vs-loud-vct-2025-americas-stage-2-w5,2,Sunset,RobbieBk,LOUD,Sova,0.77,147,12,18,3,-6,57,92,39,4,3,1,MIBR,MIBR,10.0,13.0,0.0,2.0
https://www.vlr.gg/509831/mibr-vs-loud-vct-2025-americas-stage-2-w5,2,Sunset,pANcada,LOUD,Omen,0.74,139,10,18,8,-8,70,109,40,0,2,-2,MIBR,MIBR,10.0,13.0,0.0,2.0
https://www.vlr.gg/509826/100-thieves-vs-leviat-n-vct-2025-americas-stage-2-w5,0,Haven,Cryocells,100T,Yoru,1.51,281,25,15,7,10,78,192,39,5,0,5,100 Thieves,100 Thieves,10.0,13.0,2.0,1.0
https://www.vlr.gg/509826/100-thieves-vs-leviat-n-vct-2025-americas-stage-2-w5,0,Haven,Kess,100T,Cypher,1.21,203,18,14,5,4,83,126,46,2,0,2,100 Thieves,100 Thieves,10.0,13.0,2.0,1.0
https://www.vlr.gg/509826/100-thieves-vs-leviat-n-vct-2025-americas-stage-2-w5,0,Haven,eeiu,100T,Sova,1.04,174,14,13,6,1,65,128,22,3,0,3,100 Thieves,100 Thieves,10.0,13.0,2.0,1.0
https://www.vlr.gg/509826/100-thieves-vs-leviat-n-vct-2025-americas-stage-2-w5,0,Haven,zander,100T,Omen,0.98,237,19,17,11,2,74,152,27,4,6,-2,100 Thieves,100 Thieves,10.0,13.0,2.0,1.0
https://www.vlr.gg/509826/100-thieves-vs-leviat-n-vct-2025-americas-stage-2-w5,0,Haven,Asuna,100T,Neon,0.61,123,8,17,4,-9,70,95,13,1,2,-1,100 Thieves,100 Thieves,10.0,13.0,2.0,1.0
https://www.vlr.gg/509826/100-thieves-vs-leviat-n-vct-2025-americas-stage-2-w5,0,Haven,tex,LEV,Cypher,1.4,265,21,15,4,6,74,162,56,1,2,-1,100 Thieves,100 Thieves,10.0,13.0,2.0,1.0
https://www.vlr.gg/509826/100-thieves-vs-leviat-n-vct-2025-americas-stage-2-w5,0,Haven,C0M,LEV,Sova,1.07,207,16,16,8,0,65,149,42,2,1,1,100 Thieves,100 Thieves,10.0,13.0,2.0,1.0
https://www.vlr.gg/509826/100-thieves-vs-leviat-n-vct-2025-americas-stage-2-w5,0,Haven,Sato,LEV,Yoru,0.84,200,16,19,5,-3,70,131,50,2,5,-3,100 Thieves,100 Thieves,10.0,13.0,2.0,1.0
https://www.vlr.gg/509826/100-thieves-vs-leviat-n-vct-2025-americas-stage-2-w5,0,Haven,kiNgg,LEV,Omen,0.83,125,9,16,11,-7,74,84,22,0,2,-2,100 Thieves,100 Thieves,10.0,13.0,2.0,1.0
https://www.vlr.gg/509826/100-thieves-vs-leviat-n-vct-2025-americas-stage-2-w5,0,Haven,Okeanos,LEV,Neon,0.69,187,14,18,5,-4,52,137,27,3,5,-2,100 Thieves,100 Thieves,10.0,13.0,2.0,1.0
https://www.vlr.gg/509826/100-thieves-vs-leviat-n-vct-2025-americas-stage-2-w5,1,AllMaps,Cryocells,100T,Yoru,1.13,226,53,47,12,6,66,156,31,10,5,5,LEVIATÁN,100 Thieves,36.0,25.0,2.0,1.0
https://www.vlr.gg/509826/100-thieves-vs-leviat-n-vct-2025-americas-stage-2-w5,1,AllMaps,zander,100T,Omen,0.86,207,42,51,23,-9,67,140,28,5,10,-5,LEVIATÁN,100 Thieves,36.0,25.0,2.0,1.0
https://www.vlr.gg/509826/100-thieves-vs-leviat-n-vct-2025-americas-stage-2-w5,1,AllMaps,Kess,100T,Cypher,0.79,153,34,45,10,-11,69,104,40,3,4,-1,LEVIATÁN,100 Thieves,36.0,25.0,2.0,1.0
https://www.vlr.gg/509826/100-thieves-vs-leviat-n-vct-2025-americas-stage-2-w5,1,AllMaps,Asuna,100T,Neon,0.74,174,33,47,11,-14,66,109,20,5,8,-3,LEVIATÁN,100 Thieves,36.0,25.0,2.0,1.0
https://www.vlr.gg/509826/100-thieves-vs-leviat-n-vct-2025-americas-stage-2-w5,1,AllMaps,eeiu,100T,Sova,0.73,147,32,45,12,-13,67,103,24,5,6,-1,LEVIATÁN,100 Thieves,36.0,25.0,2.0,1.0
https://www.vlr.gg/509826/100-thieves-vs-leviat-n-vct-2025-americas-stage-2-w5,1,AllMaps,Sato,LEV,Yoru,1.34,312,63,43,16,20,77,187,37,8,9,-1,LEVIATÁN,100 Thieves,36.0,25.0,2.0,1.0
https://www.vlr.gg/509826/100-thieves-vs-leviat-n-vct-2025-americas-stage-2-w5,1,AllMaps,tex,LEV,Cypher,1.24,212,46,34,18,12,84,138,40,8,6,2,LEVIATÁN,100 Thieves,36.0,25.0,2.0,1.0
https://www.vlr.gg/509826/100-thieves-vs-leviat-n-vct-2025-americas-stage-2-w5,1,AllMaps,C0M,LEV,Sova,1.18,217,47,38,21,9,75,153,40,8,4,4,LEVIATÁN,100 Thieves,36.0,25.0,2.0,1.0
https://www.vlr.gg/509826/100-thieves-vs-leviat-n-vct-2025-americas-stage-2-w5,1,AllMaps,Okeanos,LEV,Neon,1.09,205,45,39,29,6,72,145,28,5,6,-1,LEVIATÁN,100 Thieves,36.0,25.0,2.0,1.0
https://www.vlr.gg/509826/100-thieves-vs-leviat-n-vct-2025-americas-stage-2-w5,1,AllMaps,kiNgg,LEV,Omen,1.01,160,34,40,30,-6,80,100,22,4,3,1,LEVIATÁN,100 Thieves,36.0,25.0,2.0,1.0
https://www.vlr.gg/509826/100-thieves-vs-leviat-n-vct-2025-americas-stage-2-w5,2,Sunset,Cryocells,100T,Yoru,1.04,243,20,20,5,0,65,154,20,4,3,1,LEVIATÁN,100 Thieves,13.0,10.0,2.0,1.0
https://www.vlr.gg/509826/100-thieves-vs-leviat-n-vct-2025-americas-stage-2-w5,2,Sunset,zander,100T,Omen,0.95,214,16,19,8,-3,70,154,29,1,3,-2,LEVIATÁN,100 Thieves,13.0,10.0,2.0,1.0
https://www.vlr.gg/509826/100-thieves-vs-leviat-n-vct-2025-americas-stage-2-w5,2,Sunset,Asuna,100T,Neon,0.83,192,15,17,4,-2,65,108,19,3,4,-1,LEVIATÁN,100 Thieves,13.0,10.0,2.0,1.0
https://www.vlr.gg/509826/100-thieves-vs-leviat-n-vct-2025-americas-stage-2-w5,2,Sunset,Kess,100T,Cypher,0.68,138,11,17,3,-6,70,96,46,1,1,0,LEVIATÁN,100 Thieves,13.0,10.0,2.0,1.0
https://www.vlr.gg/509826/100-thieves-vs-leviat-n-vct-2025-americas-stage-2-w5,2,Sunset,eeiu,100T,Sova,0.59,133,11,18,4,-7,70,95,25,1,2,-1,LEVIATÁN,100 Thieves,13.0,10.0,2.0,1.0
https://www.vlr.gg/509826/100-thieves-vs-leviat-n-vct-2025-americas-stage-2-w5,2,Sunset,Okeanos,LEV,Kayo,1.41,219,17,13,21,4,87,151,27,0,0,0,LEVIATÁN,100 Thieves,13.0,10.0,2.0,1.0
https://www.vlr.gg/509826/100-thieves-vs-leviat-n-vct-2025-americas-stage-2-w5,2,Sunset,Sato,LEV,Neon,1.26,286,23,17,9,6,83,181,35,3,3,0,LEVIATÁN,100 Thieves,13.0,10.0,2.0,1.0
https://www.vlr.gg/509826/100-thieves-vs-leviat-n-vct-2025-americas-stage-2-w5,2,Sunset,C0M,LEV,Sova,1.24,252,21,15,7,6,78,154,42,4,3,1,LEVIATÁN,100 Thieves,13.0,10.0,2.0,1.0
https://www.vlr.gg/509826/100-thieves-vs-leviat-n-vct-2025-americas-stage-2-w5,2,Sunset,kiNgg,LEV,Omen,1.18,193,15,15,12,0,83,123,28,2,1,1,LEVIATÁN,100 Thieves,13.0,10.0,2.0,1.0
https://www.vlr.gg/509826/100-thieves-vs-leviat-n-vct-2025-americas-stage-2-w5,2,Sunset,tex,LEV,Vyse,1.04,176,15,13,7,2,83,125,37,4,3,1,LEVIATÁN,100 Thieves,13.0,10.0,2.0,1.0
https://www.vlr.gg/509826/100-thieves-vs-leviat-n-vct-2025-americas-stage-2-w5,3,Lotus,Asuna,100T,Raze,0.78,208,10,13,3,-3,60,131,29,1,2,-1,LEVIATÁN,100 Thieves,13.0,2.0,2.0,1.0
https://www.vlr.gg/509826/100-thieves-vs-leviat-n-vct-2025-americas-stage-2-w5,3,Lotus,Cryocells,100T,Yoru,0.7,153,8,12,0,-4,47,104,38,1,2,-1,LEVIATÁN,100 Thieves,13.0,2.0,2.0,1.0
https://www.vlr.gg/509826/100-thieves-vs-leviat-n-vct-2025-americas-stage-2-w5,3,Lotus,zander,100T,Omen,0.53,169,7,15,4,-8,53,101,26,0,1,-1,LEVIATÁN,100 Thieves,13.0,2.0,2.0,1.0
https://www.vlr.gg/509826/100-thieves-vs-leviat-n-vct-2025-americas-stage-2-w5,3,Lotus,eeiu,100T,Fade,0.47,135,7,14,2,-7,67,78,25,1,4,-3,LEVIATÁN,100 Thieves,13.0,2.0,2.0,1.0
https://www.vlr.gg/509826/100-thieves-vs-leviat-n-vct-2025-americas-stage-2-w5,3,Lotus,Kess,100T,Vyse,0.3,119,5,14,2,-9,47,83,24,0,3,-3,LEVIATÁN,100 Thieves,13.0,2.0,2.0,1.0
https://www.vlr.gg/509826/100-thieves-vs-leviat-n-vct-2025-americas-stage-2-w5,3,Lotus,Sato,LEV,Raze,2.24,450,24,7,2,17,80,281,31,3,1,2,LEVIATÁN,100 Thieves,13.0,2.0,2.0,1.0
https://www.vlr.gg/509826/100-thieves-vs-leviat-n-vct-2025-americas-stage-2-w5,3,Lotus,tex,LEV,Vyse,1.3,194,10,6,7,4,100,123,23,3,1,2,LEVIATÁN,100 Thieves,13.0,2.0,2.0,1.0
https://www.vlr.gg/509826/100-thieves-vs-leviat-n-vct-2025-americas-stage-2-w5,3,Lotus,C0M,LEV,Fade,1.28,193,10,7,6,3,87,159,35,2,0,2,LEVIATÁN,100 Thieves,13.0,2.0,2.0,1.0
https://www.vlr.gg/509826/100-thieves-vs-leviat-n-vct-2025-americas-stage-2-w5,3,Lotus,Okeanos,LEV,Omen,1.2,209,14,8,3,6,80,147,31,2,1,1,LEVIATÁN,100 Thieves,13.0,2.0,2.0,1.0
https://www.vlr.gg/509826/100-thieves-vs-leviat-n-vct-2025-americas-stage-2-w5,3,Lotus,kiNgg,LEV,Viper,1.03,163,10,9,7,1,87,88,15,2,0,2,LEVIATÁN,100 Thieves,13.0,2.0,2.0,1.0
https://www.vlr.gg/509825/kr-esports-vs-nrg-vct-2025-americas-stage-2-w5,0,Sunset,Shyy,KRÜ,Cypher,1.7,327,23,11,4,12,79,216,48,2,5,-3,VISA KRÜ(KRÜ Esports),VISA KRÜ(KRÜ Esports),6.0,13.0,2.0,1.0
https://www.vlr.gg/509825/kr-esports-vs-nrg-vct-2025-americas-stage-2-w5,0,Sunset,Mazino,KRÜ,Sova,1.43,221,15,10,7,5,68,160,26,2,0,2,VISA KRÜ(KRÜ Esports),VISA KRÜ(KRÜ Esports),6.0,13.0,2.0,1.0
https://www.vlr.gg/509825/kr-esports-vs-nrg-vct-2025-americas-stage-2-w5,0,Sunset,keznit,KRÜ,Yoru,1.18,256,16,14,10,2,84,163,15,2,2,0,VISA KRÜ(KRÜ Esports),VISA KRÜ(KRÜ Esports),6.0,13.0,2.0,1.0
https://www.vlr.gg/509825/kr-esports-vs-nrg-vct-2025-americas-stage-2-w5,0,Sunset,Melser,KRÜ,Omen,1.17,110,10,6,13,4,84,72,21,0,0,0,VISA KRÜ(KRÜ Esports),VISA KRÜ(KRÜ Esports),6.0,13.0,2.0,1.0
https://www.vlr.gg/509825/kr-esports-vs-nrg-vct-2025-americas-stage-2-w5,0,Sunset,Dantedeu5,KRÜ,Neon,0.8,171,12,12,4,0,63,112,18,1,5,-4,VISA KRÜ(KRÜ Esports),VISA KRÜ(KRÜ Esports),6.0,13.0,2.0,1.0
https://www.vlr.gg/509825/kr-esports-vs-nrg-vct-2025-americas-stage-2-w5,0,Sunset,skuba,NRG,Omen,1.05,198,13,14,10,-1,63,132,31,2,0,2,VISA KRÜ(KRÜ Esports),VISA KRÜ(KRÜ Esports),6.0,13.0,2.0,1.0
https://www.vlr.gg/509825/kr-esports-vs-nrg-vct-2025-americas-stage-2-w5,0,Sunset,mada,NRG,Raze,0.97,211,13,16,5,-3,63,142,34,7,5,2,VISA KRÜ(KRÜ Esports),VISA KRÜ(KRÜ Esports),6.0,13.0,2.0,1.0
https://www.vlr.gg/509825/kr-esports-vs-nrg-vct-2025-americas-stage-2-w5,0,Sunset,brawk,NRG,Sova,0.8,171,10,16,9,-6,68,122,16,1,1,0,VISA KRÜ(KRÜ Esports),VISA KRÜ(KRÜ Esports),6.0,13.0,2.0,1.0
https://www.vlr.gg/509825/kr-esports-vs-nrg-vct-2025-americas-stage-2-w5,0,Sunset,Ethan,NRG,Breach,0.69,133,9,15,5,-6,63,91,28,1,0,1,VISA KRÜ(KRÜ Esports),VISA KRÜ(KRÜ Esports),6.0,13.0,2.0,1.0
https://www.vlr.gg/509825/kr-esports-vs-nrg-vct-2025-americas-stage-2-w5,0,Sunset,s0m,NRG,Cypher,0.55,134,8,15,4,-7,53,99,20,1,1,0,VISA KRÜ(KRÜ Esports),VISA KRÜ(KRÜ Esports),6.0,13.0,2.0,1.0
https://www.vlr.gg/509825/kr-esports-vs-nrg-vct-2025-americas-stage-2-w5,1,AllMaps,Shyy,KRÜ,Cypher,1.19,231,48,39,9,9,68,153,36,2,5,-3,NRG,VISA KRÜ(KRÜ Esports),32.0,25.0,2.0,1.0
https://www.vlr.gg/509825/kr-esports-vs-nrg-vct-2025-americas-stage-2-w5,1,AllMaps,keznit,KRÜ,Yoru,1.16,259,54,45,14,9,77,160,22,9,7,2,NRG,VISA KRÜ(KRÜ Esports),32.0,25.0,2.0,1.0
https://www.vlr.gg/509825/kr-esports-vs-nrg-vct-2025-americas-stage-2-w5,1,AllMaps,Melser,KRÜ,Omen,0.9,150,32,37,25,-5,74,102,28,7,4,3,NRG,VISA KRÜ(KRÜ Esports),32.0,25.0,2.0,1.0
https://www.vlr.gg/509825/kr-esports-vs-nrg-vct-2025-americas-stage-2-w5,1,AllMaps,Mazino,KRÜ,Sova,0.87,166,29,40,24,-11,63,113,21,2,4,-2,NRG,VISA KRÜ(KRÜ Esports),32.0,25.0,2.0,1.0
https://www.vlr.gg/509825/kr-esports-vs-nrg-vct-2025-americas-stage-2-w5,1,AllMaps,Dantedeu5,KRÜ,Neon,0.48,125,25,45,14,-20,65,83,15,4,13,-9,NRG,VISA KRÜ(KRÜ Esports),32.0,25.0,2.0,1.0
https://www.vlr.gg/509825/kr-esports-vs-nrg-vct-2025-americas-stage-2-w5,1,AllMaps,skuba,NRG,Omen,1.31,224,48,32,27,16,79,150,26,3,2,1,NRG,VISA KRÜ(KRÜ Esports),32.0,25.0,2.0,1.0
https://www.vlr.gg/509825/kr-esports-vs-nrg-vct-2025-americas-stage-2-w5,1,AllMaps,brawk,NRG,Sova,1.27,207,43,36,23,7,77,137,15,4,3,1,NRG,VISA KRÜ(KRÜ Esports),32.0,25.0,2.0,1.0
https://www.vlr.gg/509825/kr-esports-vs-nrg-vct-2025-americas-stage-2-w5,1,AllMaps,Ethan,NRG,Breach,1.06,209,41,41,25,0,74,133,25,7,1,6,NRG,VISA KRÜ(KRÜ Esports),32.0,25.0,2.0,1.0
https://www.vlr.gg/509825/kr-esports-vs-nrg-vct-2025-americas-stage-2-w5,1,AllMaps,mada,NRG,Raze,1.04,199,40,39,12,1,70,127,27,14,11,3,NRG,VISA KRÜ(KRÜ Esports),32.0,25.0,2.0,1.0
https://www.vlr.gg/509825/kr-esports-vs-nrg-vct-2025-americas-stage-2-w5,1,AllMaps,s0m,NRG,Cypher,0.86,172,34,40,21,-6,72,114,23,5,7,-2,NRG,VISA KRÜ(KRÜ Esports),32.0,25.0,2.0,1.0
https://www.vlr.gg/509825/kr-esports-vs-nrg-vct-2025-americas-stage-2-w5,2,Lotus,keznit,KRÜ,Raze,1.31,279,22,15,2,7,80,170,23,3,1,2,NRG,VISA KRÜ(KRÜ Esports),13.0,7.0,2.0,1.0
https://www.vlr.gg/509825/kr-esports-vs-nrg-vct-2025-americas-stage-2-w5,2,Lotus,Melser,KRÜ,Omen,1.01,220,15,16,5,-1,75,156,30,5,2,3,NRG,VISA KRÜ(KRÜ Esports),13.0,7.0,2.0,1.0
https://www.vlr.gg/509825/kr-esports-vs-nrg-vct-2025-americas-stage-2-w5,2,Lotus,Shyy,KRÜ,Viper,0.86,160,12,14,3,-2,70,102,24,0,0,0,NRG,VISA KRÜ(KRÜ Esports),13.0,7.0,2.0,1.0
https://www.vlr.gg/509825/kr-esports-vs-nrg-vct-2025-americas-stage-2-w5,2,Lotus,Mazino,KRÜ,Fade,0.41,123,6,17,13,-11,70,74,12,0,3,-3,NRG,VISA KRÜ(KRÜ Esports),13.0,7.0,2.0,1.0
https://www.vlr.gg/509825/kr-esports-vs-nrg-vct-2025-americas-stage-2-w5,2,Lotus,Dantedeu5,KRÜ,Yoru,0.39,131,9,18,5,-9,70,89,20,2,4,-2,NRG,VISA KRÜ(KRÜ Esports),13.0,7.0,2.0,1.0
https://www.vlr.gg/509825/kr-esports-vs-nrg-vct-2025-americas-stage-2-w5,2,Lotus,brawk,NRG,Vyse,1.85,294,22,10,9,12,85,183,14,1,1,0,NRG,VISA KRÜ(KRÜ Esports),13.0,7.0,2.0,1.0
https://www.vlr.gg/509825/kr-esports-vs-nrg-vct-2025-americas-stage-2-w5,2,Lotus,skuba,NRG,Viper,1.57,243,19,9,10,10,95,155,28,1,1,0,NRG,VISA KRÜ(KRÜ Esports),13.0,7.0,2.0,1.0
https://www.vlr.gg/509825/kr-esports-vs-nrg-vct-2025-americas-stage-2-w5,2,Lotus,mada,NRG,Raze,0.97,191,13,15,4,-2,75,126,17,6,4,2,NRG,VISA KRÜ(KRÜ Esports),13.0,7.0,2.0,1.0
https://www.vlr.gg/509825/kr-esports-vs-nrg-vct-2025-americas-stage-2-w5,2,Lotus,Ethan,NRG,Fade,0.88,186,12,15,13,-3,80,113,18,2,1,1,NRG,VISA KRÜ(KRÜ Esports),13.0,7.0,2.0,1.0
https://www.vlr.gg/509825/kr-esports-vs-nrg-vct-2025-americas-stage-2-w5,2,Lotus,s0m,NRG,Omen,0.8,172,14,15,5,-1,80,102,24,0,3,-3,NRG,VISA KRÜ(KRÜ Esports),13.0,7.0,2.0,1.0
https://www.vlr.gg/509825/kr-esports-vs-nrg-vct-2025-americas-stage-2-w5,3,Haven,Shyy,KRÜ,Cypher,1.02,205,13,14,2,-1,56,143,35,0,0,0,NRG,VISA KRÜ(KRÜ Esports),13.0,5.0,2.0,1.0
https://www.vlr.gg/509825/kr-esports-vs-nrg-vct-2025-americas-stage-2-w5,3,Haven,keznit,KRÜ,Yoru,0.96,243,16,16,2,0,67,145,33,4,4,0,NRG,VISA KRÜ(KRÜ Esports),13.0,5.0,2.0,1.0
https://www.vlr.gg/509825/kr-esports-vs-nrg-vct-2025-americas-stage-2-w5,3,Haven,Mazino,KRÜ,Sova,0.79,154,8,13,4,-5,50,105,29,0,1,-1,NRG,VISA KRÜ(KRÜ Esports),13.0,5.0,2.0,1.0
https://www.vlr.gg/509825/kr-esports-vs-nrg-vct-2025-americas-stage-2-w5,3,Haven,Melser,KRÜ,Omen,0.5,120,7,15,7,-8,61,73,32,2,2,0,NRG,VISA KRÜ(KRÜ Esports),13.0,5.0,2.0,1.0
https://www.vlr.gg/509825/kr-esports-vs-nrg-vct-2025-americas-stage-2-w5,3,Haven,Dantedeu5,KRÜ,Neon,0.24,74,4,15,5,-11,61,46,4,1,4,-3,NRG,VISA KRÜ(KRÜ Esports),13.0,5.0,2.0,1.0
https://www.vlr.gg/509825/kr-esports-vs-nrg-vct-2025-americas-stage-2-w5,3,Haven,Ethan,NRG,Omen,1.66,307,20,11,7,9,78,200,30,4,0,4,NRG,VISA KRÜ(KRÜ Esports),13.0,5.0,2.0,1.0
https://www.vlr.gg/509825/kr-esports-vs-nrg-vct-2025-americas-stage-2-w5,3,Haven,skuba,NRG,Killjoy,1.31,231,16,9,7,7,78,164,22,0,1,-1,NRG,VISA KRÜ(KRÜ Esports),13.0,5.0,2.0,1.0
https://www.vlr.gg/509825/kr-esports-vs-nrg-vct-2025-americas-stage-2-w5,3,Haven,s0m,NRG,Viper,1.25,211,12,10,12,2,83,143,24,4,3,1,NRG,VISA KRÜ(KRÜ Esports),13.0,5.0,2.0,1.0
https://www.vlr.gg/509825/kr-esports-vs-nrg-vct-2025-americas-stage-2-w5,3,Haven,mada,NRG,Neon,1.19,195,14,8,3,6,72,113,34,1,2,-1,NRG,VISA KRÜ(KRÜ Esports),13.0,5.0,2.0,1.0
https://www.vlr.gg/509825/kr-esports-vs-nrg-vct-2025-americas-stage-2-w5,3,Haven,brawk,NRG,Sova,1.11,157,11,10,5,1,78,102,18,2,1,1,NRG,VISA KRÜ(KRÜ Esports),13.0,5.0,2.0,1.0
https://www.vlr.gg/509824/loud-vs-100-thieves-vct-2025-americas-stage-2-w4,0,Sunset,pANcada,LOUD,Omen,1.61,283,16,6,7,10,93,177,43,3,0,3,LOUD,100 Thieves,13.0,2.0,1.0,2.0
https://www.vlr.gg/509824/loud-vs-100-thieves-vct-2025-americas-stage-2-w4,0,Sunset,lukxo,LOUD,Cypher,1.53,318,17,10,5,7,100,233,40,3,0,3,LOUD,100 Thieves,13.0,2.0,1.0,2.0
https://www.vlr.gg/509824/loud-vs-100-thieves-vct-2025-americas-stage-2-w4,0,Sunset,Virtyy,LOUD,Neon,1.29,327,18,11,3,7,73,181,32,4,3,1,LOUD,100 Thieves,13.0,2.0,1.0,2.0
https://www.vlr.gg/509824/loud-vs-100-thieves-vct-2025-americas-stage-2-w4,0,Sunset,cauanzin,LOUD,Breach,1.17,171,9,6,9,3,93,102,24,0,0,0,LOUD,100 Thieves,13.0,2.0,1.0,2.0
https://www.vlr.gg/509824/loud-vs-100-thieves-vct-2025-americas-stage-2-w4,0,Sunset,RobbieBk,LOUD,Sova,0.85,88,6,6,2,0,73,73,50,0,2,-2,LOUD,100 Thieves,13.0,2.0,1.0,2.0
https://www.vlr.gg/509824/loud-vs-100-thieves-vct-2025-americas-stage-2-w4,0,Sunset,Cryocells,100T,Yoru,0.76,158,7,12,5,-5,53,106,20,0,1,-1,LOUD,LOUD,2.0,13.0,2.0,1.0
https://www.vlr.gg/509824/loud-vs-100-thieves-vct-2025-americas-stage-2-w4,0,Sunset,Asuna,100T,Neon,0.74,171,9,13,3,-4,60,109,34,2,2,0,LOUD,LOUD,2.0,13.0,2.0,1.0
https://www.vlr.gg/509824/loud-vs-100-thieves-vct-2025-americas-stage-2-w4,0,Sunset,Kess,100T,Cypher,0.74,165,8,13,2,-5,60,107,43,1,1,0,LOUD,LOUD,2.0,13.0,2.0,1.0
https://www.vlr.gg/509824/loud-vs-100-thieves-vct-2025-americas-stage-2-w4,0,Sunset,eeiu,100T,Sova,0.59,155,8,14,3,-6,40,105,18,1,1,0,LOUD,LOUD,2.0,13.0,2.0,1.0
https://www.vlr.gg/509824/loud-vs-100-thieves-vct-2025-americas-stage-2-w4,0,Sunset,zander,100T,Omen,0.54,166,7,14,7,-7,73,103,15,1,5,-4,LOUD,LOUD,2.0,13.0,2.0,1.0
https://www.vlr.gg/509824/loud-vs-100-thieves-vct-2025-americas-stage-2-w4,1,AllMaps,lukxo,LOUD,Cypher,1.15,236,51,46,12,5,70,162,38,10,5,5,100 Thieves,100 Thieves,32.0,29.0,1.0,2.0
https://www.vlr.gg/509824/loud-vs-100-thieves-vct-2025-americas-stage-2-w4,1,AllMaps,pANcada,LOUD,Omen,1.1,199,40,37,24,3,72,124,38,4,1,3,100 Thieves,100 Thieves,32.0,29.0,1.0,2.0
https://www.vlr.gg/509824/loud-vs-100-thieves-vct-2025-americas-stage-2-w4,1,AllMaps,cauanzin,LOUD,Breach,0.97,226,47,47,22,0,79,142,24,6,2,4,100 Thieves,100 Thieves,32.0,29.0,1.0,2.0
https://www.vlr.gg/509824/loud-vs-100-thieves-vct-2025-americas-stage-2-w4,1,AllMaps,Virtyy,LOUD,Neon,0.84,214,42,46,10,-4,64,120,23,11,18,-7,100 Thieves,100 Thieves,32.0,29.0,1.0,2.0
https://www.vlr.gg/509824/loud-vs-100-thieves-vct-2025-americas-stage-2-w4,1,AllMaps,RobbieBk,LOUD,Sova,0.77,132,27,41,26,-14,70,93,32,0,4,-4,100 Thieves,100 Thieves,32.0,29.0,1.0,2.0
https://www.vlr.gg/509824/loud-vs-100-thieves-vct-2025-americas-stage-2-w4,1,AllMaps,Asuna,100T,Neon,1.21,248,54,43,14,11,69,157,25,13,9,4,100 Thieves,LOUD,29.0,32.0,2.0,1.0
https://www.vlr.gg/509824/loud-vs-100-thieves-vct-2025-americas-stage-2-w4,1,AllMaps,Cryocells,100T,Yoru,1.01,196,42,43,18,-1,74,131,26,5,3,2,100 Thieves,LOUD,29.0,32.0,2.0,1.0
https://www.vlr.gg/509824/loud-vs-100-thieves-vct-2025-americas-stage-2-w4,1,AllMaps,eeiu,100T,Sova,0.97,162,38,39,18,-1,70,104,29,3,6,-3,100 Thieves,LOUD,29.0,32.0,2.0,1.0
https://www.vlr.gg/509824/loud-vs-100-thieves-vct-2025-americas-stage-2-w4,1,AllMaps,Kess,100T,Cypher,0.96,187,41,41,20,0,74,126,31,3,4,-1,100 Thieves,LOUD,29.0,32.0,2.0,1.0
https://www.vlr.gg/509824/loud-vs-100-thieves-vct-2025-americas-stage-2-w4,1,AllMaps,zander,100T,Omen,0.95,196,42,41,15,1,70,127,26,6,9,-3,100 Thieves,LOUD,29.0,32.0,2.0,1.0
https://www.vlr.gg/509824/loud-vs-100-thieves-vct-2025-americas-stage-2-w4,2,Bind,cauanzin,LOUD,Gekko,1.23,304,20,17,6,3,80,198,33,4,1,3,100 Thieves,100 Thieves,7.0,13.0,1.0,2.0
https://www.vlr.gg/509824/loud-vs-100-thieves-vct-2025-americas-stage-2-w4,2,Bind,pANcada,LOUD,Brimstone,1.01,164,11,13,11,-2,75,116,38,1,0,1,100 Thieves,100 Thieves,7.0,13.0,1.0,2.0
https://www.vlr.gg/509824/loud-vs-100-thieves-vct-2025-americas-stage-2-w4,2,Bind,Virtyy,LOUD,Raze,0.8,151,9,14,6,-5,75,109,19,2,6,-4,100 Thieves,100 Thieves,7.0,13.0,1.0,2.0
https://www.vlr.gg/509824/loud-vs-100-thieves-vct-2025-americas-stage-2-w4,2,Bind,RobbieBk,LOUD,Skye,0.73,142,10,15,7,-5,65,89,39,0,1,-1,100 Thieves,100 Thieves,7.0,13.0,1.0,2.0
https://www.vlr.gg/509824/loud-vs-100-thieves-vct-2025-americas-stage-2-w4,2,Bind,lukxo,LOUD,Viper,0.29,87,6,18,2,-12,45,62,20,1,4,-3,100 Thieves,100 Thieves,7.0,13.0,1.0,2.0
https://www.vlr.gg/509824/loud-vs-100-thieves-vct-2025-americas-stage-2-w4,2,Bind,Asuna,100T,Raze,1.4,302,21,12,5,9,75,167,21,6,3,3,100 Thieves,LOUD,13.0,7.0,2.0,1.0
https://www.vlr.gg/509824/loud-vs-100-thieves-vct-2025-americas-stage-2-w4,2,Bind,zander,100T,Viper,1.28,241,18,10,2,8,80,151,33,3,2,1,100 Thieves,LOUD,13.0,7.0,2.0,1.0
https://www.vlr.gg/509824/loud-vs-100-thieves-vct-2025-americas-stage-2-w4,2,Bind,Cryocells,100T,Yoru,1.18,222,17,12,4,5,70,144,22,1,0,1,100 Thieves,LOUD,13.0,7.0,2.0,1.0
https://www.vlr.gg/509824/loud-vs-100-thieves-vct-2025-americas-stage-2-w4,2,Bind,eeiu,100T,Fade,1.07,141,11,9,6,2,75,94,32,1,2,-1,100 Thieves,LOUD,13.0,7.0,2.0,1.0
https://www.vlr.gg/509824/loud-vs-100-thieves-vct-2025-americas-stage-2-w4,2,Bind,Kess,100T,Brimstone,0.92,167,10,13,15,-3,85,106,35,1,1,0,100 Thieves,LOUD,13.0,7.0,2.0,1.0
https://www.vlr.gg/509824/loud-vs-100-thieves-vct-2025-americas-stage-2-w4,3,Lotus,lukxo,LOUD,Viper,1.59,304,28,18,5,10,73,197,42,6,1,5,100 Thieves,100 Thieves,12.0,14.0,1.0,2.0
https://www.vlr.gg/509824/loud-vs-100-thieves-vct-2025-americas-stage-2-w4,3,Lotus,pANcada,LOUD,Omen,0.88,149,13,18,6,-5,58,100,34,0,1,-1,100 Thieves,100 Thieves,12.0,14.0,1.0,2.0
https://www.vlr.gg/509824/loud-vs-100-thieves-vct-2025-americas-stage-2-w4,3,Lotus,RobbieBk,LOUD,Fade,0.74,167,11,20,17,-9,73,107,23,0,1,-1,100 Thieves,100 Thieves,12.0,14.0,1.0,2.0
https://www.vlr.gg/509824/loud-vs-100-thieves-vct-2025-americas-stage-2-w4,3,Lotus,cauanzin,LOUD,Vyse,0.66,202,18,24,7,-6,69,122,16,2,1,1,100 Thieves,100 Thieves,12.0,14.0,1.0,2.0
https://www.vlr.gg/509824/loud-vs-100-thieves-vct-2025-americas-stage-2-w4,3,Lotus,Virtyy,LOUD,Raze,0.62,164,15,21,1,-6,50,94,20,5,9,-4,100 Thieves,100 Thieves,12.0,14.0,1.0,2.0
https://www.vlr.gg/509824/loud-vs-100-thieves-vct-2025-americas-stage-2-w4,3,Lotus,Asuna,100T,Raze,1.33,271,24,18,6,6,69,176,24,5,4,1,100 Thieves,LOUD,14.0,12.0,2.0,1.0
https://www.vlr.gg/509824/loud-vs-100-thieves-vct-2025-americas-stage-2-w4,3,Lotus,Kess,100T,Vyse,1.13,230,23,15,3,8,73,153,25,1,2,-1,100 Thieves,LOUD,14.0,12.0,2.0,1.0
https://www.vlr.gg/509824/loud-vs-100-thieves-vct-2025-americas-stage-2-w4,3,Lotus,eeiu,100T,Fade,1.1,189,19,16,9,3,85,112,34,1,3,-2,100 Thieves,LOUD,14.0,12.0,2.0,1.0
https://www.vlr.gg/509824/loud-vs-100-thieves-vct-2025-americas-stage-2-w4,3,Lotus,Cryocells,100T,Yoru,1.02,209,18,19,9,-1,88,135,35,4,2,2,100 Thieves,LOUD,14.0,12.0,2.0,1.0
https://www.vlr.gg/509824/loud-vs-100-thieves-vct-2025-americas-stage-2-w4,3,Lotus,zander,100T,Omen,0.93,181,17,17,6,0,62,122,28,2,2,0,100 Thieves,LOUD,14.0,12.0,2.0,1.0
https://www.vlr.gg/509822/leviat-n-vs-kr-esports-vct-2025-americas-stage-2-w4,0,Bind,Okeanos,LEV,Brimstone,1.23,231,17,13,5,4,79,162,52,3,0,3,VISA KRÜ(KRÜ Esports),LEVIATÁN,13.0,6.0,1.0,2.0
https://www.vlr.gg/509822/leviat-n-vs-kr-esports-vct-2025-americas-stage-2-w4,0,Bind,Sato,LEV,Yoru,0.98,258,16,16,5,0,63,169,40,4,3,1,VISA KRÜ(KRÜ Esports),LEVIATÁN,13.0,6.0,1.0,2.0
https://www.vlr.gg/509822/leviat-n-vs-kr-esports-vct-2025-americas-stage-2-w4,0,Bind,kiNgg,LEV,Viper,0.92,216,14,14,3,0,68,124,16,2,1,1,VISA KRÜ(KRÜ Esports),LEVIATÁN,13.0,6.0,1.0,2.0
https://www.vlr.gg/509822/leviat-n-vs-kr-esports-vct-2025-americas-stage-2-w4,0,Bind,C0M,LEV,Fade,0.86,151,9,14,6,-5,68,97,29,1,1,0,VISA KRÜ(KRÜ Esports),LEVIATÁN,13.0,6.0,1.0,2.0
https://www.vlr.gg/509822/leviat-n-vs-kr-esports-vct-2025-americas-stage-2-w4,0,Bind,tex,LEV,Gekko,0.39,95,5,16,4,-11,53,65,26,1,3,-2,VISA KRÜ(KRÜ Esports),LEVIATÁN,13.0,6.0,1.0,2.0
https://www.vlr.gg/509822/leviat-n-vs-kr-esports-vct-2025-americas-stage-2-w4,0,Bind,Mazino,KRÜ,Fade,1.45,260,18,11,10,7,84,153,22,0,2,-2,VISA KRÜ(KRÜ Esports),LEVIATÁN,13.0,6.0,1.0,2.0
https://www.vlr.gg/509822/leviat-n-vs-kr-esports-vct-2025-americas-stage-2-w4,0,Bind,keznit,KRÜ,Raze,1.33,271,19,13,3,6,68,170,25,4,4,0,VISA KRÜ(KRÜ Esports),LEVIATÁN,13.0,6.0,1.0,2.0
https://www.vlr.gg/509822/leviat-n-vs-kr-esports-vct-2025-americas-stage-2-w4,0,Bind,Shyy,KRÜ,Viper,1.1,212,14,11,3,3,79,131,34,0,2,-2,VISA KRÜ(KRÜ Esports),LEVIATÁN,13.0,6.0,1.0,2.0
https://www.vlr.gg/509822/leviat-n-vs-kr-esports-vct-2025-americas-stage-2-w4,0,Bind,Melser,KRÜ,Brimstone,0.95,156,10,12,7,-2,74,106,18,1,0,1,VISA KRÜ(KRÜ Esports),LEVIATÁN,13.0,6.0,1.0,2.0
https://www.vlr.gg/509822/leviat-n-vs-kr-esports-vct-2025-americas-stage-2-w4,0,Bind,Dantedeu5,KRÜ,Yoru,0.78,173,12,14,6,-2,74,118,31,3,3,0,VISA KRÜ(KRÜ Esports),LEVIATÁN,13.0,6.0,1.0,2.0
https://www.vlr.gg/509822/leviat-n-vs-kr-esports-vct-2025-americas-stage-2-w4,1,AllMaps,kiNgg,LEV,Viper,1.19,226,47,36,14,11,78,140,25,8,3,5,LEVIATÁN,LEVIATÁN,27.0,32.0,1.0,2.0
https://www.vlr.gg/509822/leviat-n-vs-kr-esports-vct-2025-americas-stage-2-w4,1,AllMaps,Okeanos,LEV,Brimstone,1.06,217,48,37,19,11,78,142,36,9,4,5,LEVIATÁN,LEVIATÁN,27.0,32.0,1.0,2.0
https://www.vlr.gg/509822/leviat-n-vs-kr-esports-vct-2025-americas-stage-2-w4,1,AllMaps,C0M,LEV,Fade,1.06,182,36,36,21,0,78,136,28,2,1,1,LEVIATÁN,LEVIATÁN,27.0,32.0,1.0,2.0
https://www.vlr.gg/509822/leviat-n-vs-kr-esports-vct-2025-americas-stage-2-w4,1,AllMaps,Sato,LEV,Yoru,1.03,263,51,44,12,7,68,160,37,13,9,4,LEVIATÁN,LEVIATÁN,27.0,32.0,1.0,2.0
https://www.vlr.gg/509822/leviat-n-vs-kr-esports-vct-2025-americas-stage-2-w4,1,AllMaps,tex,LEV,Gekko,0.79,160,34,40,14,-6,69,107,24,4,6,-2,LEVIATÁN,LEVIATÁN,27.0,32.0,1.0,2.0
https://www.vlr.gg/509822/leviat-n-vs-kr-esports-vct-2025-americas-stage-2-w4,1,AllMaps,keznit,KRÜ,Raze,1.11,227,49,44,11,5,66,148,27,6,8,-2,LEVIATÁN,LEVIATÁN,27.0,32.0,1.0,2.0
https://www.vlr.gg/509822/leviat-n-vs-kr-esports-vct-2025-americas-stage-2-w4,1,AllMaps,Melser,KRÜ,Brimstone,1.0,169,36,40,25,-4,73,113,26,4,4,0,LEVIATÁN,LEVIATÁN,27.0,32.0,1.0,2.0
https://www.vlr.gg/509822/leviat-n-vs-kr-esports-vct-2025-americas-stage-2-w4,1,AllMaps,Mazino,KRÜ,Fade,1.0,184,37,41,22,-4,69,122,20,3,3,0,LEVIATÁN,LEVIATÁN,27.0,32.0,1.0,2.0
https://www.vlr.gg/509822/leviat-n-vs-kr-esports-vct-2025-americas-stage-2-w4,1,AllMaps,Dantedeu5,KRÜ,Yoru,0.87,200,39,48,18,-9,69,135,25,7,14,-7,LEVIATÁN,LEVIATÁN,27.0,32.0,1.0,2.0
https://www.vlr.gg/509822/leviat-n-vs-kr-esports-vct-2025-americas-stage-2-w4,1,AllMaps,Shyy,KRÜ,Viper,0.81,170,32,43,14,-11,66,109,31,3,7,-4,LEVIATÁN,LEVIATÁN,27.0,32.0,1.0,2.0
https://www.vlr.gg/509822/leviat-n-vs-kr-esports-vct-2025-americas-stage-2-w4,2,Haven,C0M,LEV,Sova,1.23,229,18,14,8,4,78,176,50,1,0,1,LEVIATÁN,LEVIATÁN,10.0,13.0,1.0,2.0
https://www.vlr.gg/509822/leviat-n-vs-kr-esports-vct-2025-americas-stage-2-w4,2,Haven,kiNgg,LEV,Omen,1.18,177,15,13,6,2,74,114,26,2,1,1,LEVIATÁN,LEVIATÁN,10.0,13.0,1.0,2.0
https://www.vlr.gg/509822/leviat-n-vs-kr-esports-vct-2025-americas-stage-2-w4,2,Haven,Okeanos,LEV,Neon,0.85,194,17,17,3,0,70,131,33,2,3,-1,LEVIATÁN,LEVIATÁN,10.0,13.0,1.0,2.0
https://www.vlr.gg/509822/leviat-n-vs-kr-esports-vct-2025-americas-stage-2-w4,2,Haven,tex,LEV,Cypher,0.75,166,13,17,6,-4,74,112,23,3,2,1,LEVIATÁN,LEVIATÁN,10.0,13.0,1.0,2.0
https://www.vlr.gg/509822/leviat-n-vs-kr-esports-vct-2025-americas-stage-2-w4,2,Haven,Sato,LEV,Yoru,0.63,189,14,18,5,-4,65,124,33,4,5,-1,LEVIATÁN,LEVIATÁN,10.0,13.0,1.0,2.0
https://www.vlr.gg/509822/leviat-n-vs-kr-esports-vct-2025-americas-stage-2-w4,2,Haven,Melser,KRÜ,Omen,1.44,233,20,13,12,7,83,143,33,3,0,3,LEVIATÁN,LEVIATÁN,10.0,13.0,1.0,2.0
https://www.vlr.gg/509822/leviat-n-vs-kr-esports-vct-2025-americas-stage-2-w4,2,Haven,Mazino,KRÜ,Sova,1.19,205,16,14,8,2,83,136,22,3,0,3,LEVIATÁN,LEVIATÁN,10.0,13.0,1.0,2.0
https://www.vlr.gg/509822/leviat-n-vs-kr-esports-vct-2025-americas-stage-2-w4,2,Haven,keznit,KRÜ,Iso,1.16,240,20,16,6,4,78,158,35,0,2,-2,LEVIATÁN,LEVIATÁN,10.0,13.0,1.0,2.0
https://www.vlr.gg/509822/leviat-n-vs-kr-esports-vct-2025-americas-stage-2-w4,2,Haven,Dantedeu5,KRÜ,Yoru,0.98,199,16,17,6,-1,61,132,22,3,7,-4,LEVIATÁN,LEVIATÁN,10.0,13.0,1.0,2.0
https://www.vlr.gg/509822/leviat-n-vs-kr-esports-vct-2025-americas-stage-2-w4,2,Haven,Shyy,KRÜ,Cypher,0.53,117,7,17,11,-10,61,82,21,2,3,-1,LEVIATÁN,LEVIATÁN,10.0,13.0,1.0,2.0
https://www.vlr.gg/509822/leviat-n-vs-kr-esports-vct-2025-americas-stage-2-w4,3,Ascent,Sato,LEV,Yoru,1.62,342,21,10,2,11,76,197,38,5,1,4,LEVIATÁN,LEVIATÁN,4.0,13.0,1.0,2.0
https://www.vlr.gg/509822/leviat-n-vs-kr-esports-vct-2025-americas-stage-2-w4,3,Ascent,kiNgg,LEV,Vyse,1.49,285,18,9,5,9,94,191,33,4,1,3,LEVIATÁN,LEVIATÁN,4.0,13.0,1.0,2.0
https://www.vlr.gg/509822/leviat-n-vs-kr-esports-vct-2025-americas-stage-2-w4,3,Ascent,tex,LEV,Chamber,1.3,218,16,7,4,9,82,146,26,0,1,-1,LEVIATÁN,LEVIATÁN,4.0,13.0,1.0,2.0
https://www.vlr.gg/509822/leviat-n-vs-kr-esports-vct-2025-americas-stage-2-w4,3,Ascent,Okeanos,LEV,Omen,1.17,227,14,7,11,7,88,137,26,4,1,3,LEVIATÁN,LEVIATÁN,4.0,13.0,1.0,2.0
https://www.vlr.gg/509822/leviat-n-vs-kr-esports-vct-2025-americas-stage-2-w4,3,Ascent,C0M,LEV,Sova,1.04,166,9,8,7,1,88,125,10,0,0,0,LEVIATÁN,LEVIATÁN,4.0,13.0,1.0,2.0
https://www.vlr.gg/509822/leviat-n-vs-kr-esports-vct-2025-americas-stage-2-w4,3,Ascent,Shyy,KRÜ,Cypher,0.85,182,11,15,0,-4,59,121,40,1,2,-1,LEVIATÁN,LEVIATÁN,4.0,13.0,1.0,2.0
https://www.vlr.gg/509822/leviat-n-vs-kr-esports-vct-2025-americas-stage-2-w4,3,Ascent,Dantedeu5,KRÜ,Jett,0.84,229,11,17,6,-6,76,158,25,1,4,-3,LEVIATÁN,LEVIATÁN,4.0,13.0,1.0,2.0
https://www.vlr.gg/509822/leviat-n-vs-kr-esports-vct-2025-americas-stage-2-w4,3,Ascent,keznit,KRÜ,Yoru,0.79,171,10,15,2,-5,47,111,19,2,2,0,LEVIATÁN,LEVIATÁN,4.0,13.0,1.0,2.0
https://www.vlr.gg/509822/leviat-n-vs-kr-esports-vct-2025-americas-stage-2-w4,3,Ascent,Melser,KRÜ,Omen,0.47,118,6,15,6,-9,59,80,23,0,4,-4,LEVIATÁN,LEVIATÁN,4.0,13.0,1.0,2.0
https://www.vlr.gg/509822/leviat-n-vs-kr-esports-vct-2025-americas-stage-2-w4,3,Ascent,Mazino,KRÜ,Sova,0.24,88,3,16,4,-13,35,70,10,0,1,-1,LEVIATÁN,LEVIATÁN,4.0,13.0,1.0,2.0
https://www.vlr.gg/509820/mibr-vs-nrg-vct-2025-americas-stage-2-w4,0,Lotus,cortezia,MIBR,Vyse,1.27,249,22,19,15,3,75,165,25,6,2,4,NRG,NRG,13.0,15.0,0.0,2.0
https://www.vlr.gg/509820/mibr-vs-nrg-vct-2025-americas-stage-2-w4,0,Lotus,artzin,MIBR,Yoru,1.04,204,22,19,5,3,79,118,25,5,3,2,NRG,NRG,13.0,15.0,0.0,2.0
https://www.vlr.gg/509820/mibr-vs-nrg-vct-2025-americas-stage-2-w4,0,Lotus,aspas,MIBR,Raze,0.97,205,23,19,4,4,75,122,18,3,2,1,NRG,NRG,13.0,15.0,0.0,2.0
https://www.vlr.gg/509820/mibr-vs-nrg-vct-2025-americas-stage-2-w4,0,Lotus,xenom,MIBR,Omen,0.93,158,16,18,16,-2,71,102,39,0,1,-1,NRG,NRG,13.0,15.0,0.0,2.0
https://www.vlr.gg/509820/mibr-vs-nrg-vct-2025-americas-stage-2-w4,0,Lotus,Verno,MIBR,Fade,0.63,155,13,23,13,-10,79,100,19,1,5,-4,NRG,NRG,13.0,15.0,0.0,2.0
https://www.vlr.gg/509820/mibr-vs-nrg-vct-2025-americas-stage-2-w4,0,Lotus,skuba,NRG,Viper,1.38,231,26,15,4,11,82,147,27,2,1,1,NRG,MIBR,15.0,13.0,2.0,0.0
https://www.vlr.gg/509820/mibr-vs-nrg-vct-2025-americas-stage-2-w4,0,Lotus,brawk,NRG,Vyse,1.07,193,17,19,12,-2,79,119,13,3,1,2,NRG,MIBR,15.0,13.0,2.0,0.0
https://www.vlr.gg/509820/mibr-vs-nrg-vct-2025-americas-stage-2-w4,0,Lotus,s0m,NRG,Omen,1.05,220,20,21,13,-1,68,144,23,3,3,0,NRG,MIBR,15.0,13.0,2.0,0.0
https://www.vlr.gg/509820/mibr-vs-nrg-vct-2025-americas-stage-2-w4,0,Lotus,Ethan,NRG,Fade,0.85,185,18,21,6,-3,68,115,25,1,4,-3,NRG,MIBR,15.0,13.0,2.0,0.0
https://www.vlr.gg/509820/mibr-vs-nrg-vct-2025-americas-stage-2-w4,0,Lotus,mada,NRG,Raze,0.85,183,17,20,4,-3,64,111,22,4,6,-2,NRG,MIBR,15.0,13.0,2.0,0.0
https://www.vlr.gg/509820/mibr-vs-nrg-vct-2025-americas-stage-2-w4,1,AllMaps,aspas,MIBR,Raze,1.27,243,46,30,7,16,82,145,22,12,3,9,NRG,NRG,23.0,28.0,0.0,2.0
https://www.vlr.gg/509820/mibr-vs-nrg-vct-2025-americas-stage-2-w4,1,AllMaps,cortezia,MIBR,Vyse,1.18,224,38,32,20,6,76,149,26,7,5,2,NRG,NRG,23.0,28.0,0.0,2.0
https://www.vlr.gg/509820/mibr-vs-nrg-vct-2025-americas-stage-2-w4,1,AllMaps,artzin,MIBR,Yoru,0.91,181,35,35,10,0,65,113,25,8,6,2,NRG,NRG,23.0,28.0,0.0,2.0
https://www.vlr.gg/509820/mibr-vs-nrg-vct-2025-americas-stage-2-w4,1,AllMaps,xenom,MIBR,Omen,0.87,153,28,34,23,-6,69,100,32,0,2,-2,NRG,NRG,23.0,28.0,0.0,2.0
https://www.vlr.gg/509820/mibr-vs-nrg-vct-2025-americas-stage-2-w4,1,AllMaps,Verno,MIBR,Fade,0.58,125,19,39,21,-20,78,86,21,2,6,-4,NRG,NRG,23.0,28.0,0.0,2.0
https://www.vlr.gg/509820/mibr-vs-nrg-vct-2025-americas-stage-2-w4,1,AllMaps,s0m,NRG,Omen,1.23,226,38,33,24,5,76,148,24,4,4,0,NRG,MIBR,28.0,23.0,2.0,0.0
https://www.vlr.gg/509820/mibr-vs-nrg-vct-2025-americas-stage-2-w4,1,AllMaps,skuba,NRG,Viper,1.18,199,39,27,10,12,75,129,25,3,3,0,NRG,MIBR,28.0,23.0,2.0,0.0
https://www.vlr.gg/509820/mibr-vs-nrg-vct-2025-americas-stage-2-w4,1,AllMaps,mada,NRG,Raze,1.09,243,41,35,8,6,67,143,25,11,13,-2,NRG,MIBR,28.0,23.0,2.0,0.0
https://www.vlr.gg/509820/mibr-vs-nrg-vct-2025-americas-stage-2-w4,1,AllMaps,brawk,NRG,Vyse,0.84,140,23,33,19,-10,76,93,15,3,3,0,NRG,MIBR,28.0,23.0,2.0,0.0
https://www.vlr.gg/509820/mibr-vs-nrg-vct-2025-americas-stage-2-w4,1,AllMaps,Ethan,NRG,Fade,0.71,163,29,38,11,-9,63,101,23,1,6,-5,NRG,MIBR,28.0,23.0,2.0,0.0
https://www.vlr.gg/509820/mibr-vs-nrg-vct-2025-americas-stage-2-w4,2,Bind,aspas,MIBR,Raze,1.63,280,23,11,3,12,91,174,26,9,1,8,NRG,NRG,10.0,13.0,0.0,2.0
https://www.vlr.gg/509820/mibr-vs-nrg-vct-2025-americas-stage-2-w4,2,Bind,cortezia,MIBR,Viper,1.08,198,16,13,5,3,78,129,28,1,3,-2,NRG,NRG,10.0,13.0,0.0,2.0
https://www.vlr.gg/509820/mibr-vs-nrg-vct-2025-americas-stage-2-w4,2,Bind,xenom,MIBR,Brimstone,0.8,148,12,16,7,-4,65,97,25,0,1,-1,NRG,NRG,10.0,13.0,0.0,2.0
https://www.vlr.gg/509820/mibr-vs-nrg-vct-2025-americas-stage-2-w4,2,Bind,artzin,MIBR,Yoru,0.76,158,13,16,5,-3,48,107,26,3,3,0,NRG,NRG,10.0,13.0,0.0,2.0
https://www.vlr.gg/509820/mibr-vs-nrg-vct-2025-americas-stage-2-w4,2,Bind,Verno,MIBR,Fade,0.52,94,6,16,8,-10,78,69,26,1,1,0,NRG,NRG,10.0,13.0,0.0,2.0
https://www.vlr.gg/509820/mibr-vs-nrg-vct-2025-americas-stage-2-w4,2,Bind,s0m,NRG,Brimstone,1.44,232,18,12,11,6,87,153,26,1,1,0,NRG,MIBR,13.0,10.0,2.0,0.0
https://www.vlr.gg/509820/mibr-vs-nrg-vct-2025-americas-stage-2-w4,2,Bind,mada,NRG,Raze,1.38,302,24,15,4,9,70,181,27,7,7,0,NRG,MIBR,13.0,10.0,2.0,0.0
https://www.vlr.gg/509820/mibr-vs-nrg-vct-2025-americas-stage-2-w4,2,Bind,skuba,NRG,Viper,0.94,167,13,12,6,1,65,106,21,1,2,-1,NRG,MIBR,13.0,10.0,2.0,0.0
https://www.vlr.gg/509820/mibr-vs-nrg-vct-2025-americas-stage-2-w4,2,Bind,brawk,NRG,Fade,0.57,87,6,14,7,-8,74,61,20,0,2,-2,NRG,MIBR,13.0,10.0,2.0,0.0
https://www.vlr.gg/509820/mibr-vs-nrg-vct-2025-americas-stage-2-w4,2,Bind,Ethan,NRG,Kayo,0.54,140,11,17,5,-6,57,84,21,0,2,-2,NRG,MIBR,13.0,10.0,2.0,0.0
https://www.vlr.gg/509818/loud-vs-kr-esports-vct-2025-americas-stage-2-w3,0,Haven,lukxo,LOUD,Cypher,1.01,204,15,14,2,1,80,139,43,3,2,1,VISA KRÜ(KRÜ Esports),VISA KRÜ(KRÜ Esports),7.0,13.0,1.0,2.0
https://www.vlr.gg/509818/loud-vs-kr-esports-vct-2025-americas-stage-2-w3,0,Haven,Virtyy,LOUD,Neon,0.89,220,15,18,2,-3,60,143,28,3,4,-1,VISA KRÜ(KRÜ Esports),VISA KRÜ(KRÜ Esports),7.0,13.0,1.0,2.0
https://www.vlr.gg/509818/loud-vs-kr-esports-vct-2025-americas-stage-2-w3,0,Haven,RobbieBk,LOUD,Sova,0.8,168,12,15,4,-3,60,121,32,0,1,-1,VISA KRÜ(KRÜ Esports),VISA KRÜ(KRÜ Esports),7.0,13.0,1.0,2.0
https://www.vlr.gg/509818/loud-vs-kr-esports-vct-2025-americas-stage-2-w3,0,Haven,cauanzin,LOUD,Breach,0.78,205,14,19,8,-5,70,123,48,4,2,2,VISA KRÜ(KRÜ Esports),VISA KRÜ(KRÜ Esports),7.0,13.0,1.0,2.0
https://www.vlr.gg/509818/loud-vs-kr-esports-vct-2025-americas-stage-2-w3,0,Haven,pANcada,LOUD,Omen,0.77,137,9,16,9,-7,60,93,48,0,1,-1,VISA KRÜ(KRÜ Esports),VISA KRÜ(KRÜ Esports),7.0,13.0,1.0,2.0
https://www.vlr.gg/509818/loud-vs-kr-esports-vct-2025-americas-stage-2-w3,0,Haven,Dantedeu5,KRÜ,Yoru,1.59,333,24,15,7,9,70,203,26,5,2,3,VISA KRÜ(KRÜ Esports),LOUD,13.0,7.0,2.0,1.0
https://www.vlr.gg/509818/loud-vs-kr-esports-vct-2025-americas-stage-2-w3,0,Haven,Shyy,KRÜ,Cypher,1.27,198,16,10,3,6,85,134,47,3,1,2,VISA KRÜ(KRÜ Esports),LOUD,13.0,7.0,2.0,1.0
https://www.vlr.gg/509818/loud-vs-kr-esports-vct-2025-americas-stage-2-w3,0,Haven,Melser,KRÜ,Omen,1.22,191,15,10,4,5,85,129,27,0,2,-2,VISA KRÜ(KRÜ Esports),LOUD,13.0,7.0,2.0,1.0
https://www.vlr.gg/509818/loud-vs-kr-esports-vct-2025-americas-stage-2-w3,0,Haven,keznit,KRÜ,Iso,0.98,189,15,14,8,1,90,132,33,1,2,-1,VISA KRÜ(KRÜ Esports),LOUD,13.0,7.0,2.0,1.0
https://www.vlr.gg/509818/loud-vs-kr-esports-vct-2025-americas-stage-2-w3,0,Haven,Mazino,KRÜ,Sova,0.77,193,12,16,10,-4,65,142,24,1,3,-2,VISA KRÜ(KRÜ Esports),LOUD,13.0,7.0,2.0,1.0
https://www.vlr.gg/509818/loud-vs-kr-esports-vct-2025-americas-stage-2-w3,1,AllMaps,Virtyy,LOUD,Neon,1.04,206,44,41,9,3,71,137,24,11,12,-1,VISA KRÜ(KRÜ Esports),VISA KRÜ(KRÜ Esports),24.0,35.0,1.0,2.0
https://www.vlr.gg/509818/loud-vs-kr-esports-vct-2025-americas-stage-2-w3,1,AllMaps,RobbieBk,LOUD,Sova,0.94,192,38,43,15,-5,63,132,38,2,5,-3,VISA KRÜ(KRÜ Esports),VISA KRÜ(KRÜ Esports),24.0,35.0,1.0,2.0
https://www.vlr.gg/509818/loud-vs-kr-esports-vct-2025-americas-stage-2-w3,1,AllMaps,cauanzin,LOUD,Breach,0.93,212,42,49,16,-7,69,128,26,8,4,4,VISA KRÜ(KRÜ Esports),VISA KRÜ(KRÜ Esports),24.0,35.0,1.0,2.0
https://www.vlr.gg/509818/loud-vs-kr-esports-vct-2025-americas-stage-2-w3,1,AllMaps,lukxo,LOUD,Cypher,0.92,190,42,43,6,-1,66,129,41,8,3,5,VISA KRÜ(KRÜ Esports),VISA KRÜ(KRÜ Esports),24.0,35.0,1.0,2.0
https://www.vlr.gg/509818/loud-vs-kr-esports-vct-2025-americas-stage-2-w3,1,AllMaps,pANcada,LOUD,Omen,0.8,142,28,43,28,-15,61,105,40,1,5,-4,VISA KRÜ(KRÜ Esports),VISA KRÜ(KRÜ Esports),24.0,35.0,1.0,2.0
https://www.vlr.gg/509818/loud-vs-kr-esports-vct-2025-americas-stage-2-w3,1,AllMaps,Dantedeu5,KRÜ,Yoru,1.3,258,56,42,15,14,69,160,26,9,7,2,VISA KRÜ(KRÜ Esports),LOUD,35.0,24.0,2.0,1.0
https://www.vlr.gg/509818/loud-vs-kr-esports-vct-2025-americas-stage-2-w3,1,AllMaps,Shyy,KRÜ,Cypher,1.14,181,43,34,13,9,78,127,35,6,1,5,VISA KRÜ(KRÜ Esports),LOUD,35.0,24.0,2.0,1.0
https://www.vlr.gg/509818/loud-vs-kr-esports-vct-2025-americas-stage-2-w3,1,AllMaps,keznit,KRÜ,Iso,1.04,217,43,40,22,3,75,153,26,6,9,-3,VISA KRÜ(KRÜ Esports),LOUD,35.0,24.0,2.0,1.0
https://www.vlr.gg/509818/loud-vs-kr-esports-vct-2025-americas-stage-2-w3,1,AllMaps,Mazino,KRÜ,Sova,1.03,211,44,41,18,3,69,130,22,7,5,2,VISA KRÜ(KRÜ Esports),LOUD,35.0,24.0,2.0,1.0
https://www.vlr.gg/509818/loud-vs-kr-esports-vct-2025-americas-stage-2-w3,1,AllMaps,Melser,KRÜ,Omen,0.86,154,33,37,14,-4,75,99,32,1,8,-7,VISA KRÜ(KRÜ Esports),LOUD,35.0,24.0,2.0,1.0
https://www.vlr.gg/509818/loud-vs-kr-esports-vct-2025-americas-stage-2-w3,2,Bind,pANcada,LOUD,Brimstone,1.27,246,18,15,16,3,77,169,49,1,1,0,LOUD,VISA KRÜ(KRÜ Esports),13.0,9.0,1.0,2.0
https://www.vlr.gg/509818/loud-vs-kr-esports-vct-2025-americas-stage-2-w3,2,Bind,Virtyy,LOUD,Raze,1.26,255,20,14,6,6,82,166,21,4,6,-2,LOUD,VISA KRÜ(KRÜ Esports),13.0,9.0,1.0,2.0
https://www.vlr.gg/509818/loud-vs-kr-esports-vct-2025-americas-stage-2-w3,2,Bind,cauanzin,LOUD,Gekko,1.15,215,17,15,7,2,77,124,26,2,2,0,LOUD,VISA KRÜ(KRÜ Esports),13.0,9.0,1.0,2.0
https://www.vlr.gg/509818/loud-vs-kr-esports-vct-2025-americas-stage-2-w3,2,Bind,RobbieBk,LOUD,Skye,1.07,220,17,15,5,2,59,137,44,1,3,-2,LOUD,VISA KRÜ(KRÜ Esports),13.0,9.0,1.0,2.0
https://www.vlr.gg/509818/loud-vs-kr-esports-vct-2025-americas-stage-2-w3,2,Bind,lukxo,LOUD,Viper,1.06,204,17,15,4,2,73,140,37,2,0,2,LOUD,VISA KRÜ(KRÜ Esports),13.0,9.0,1.0,2.0
https://www.vlr.gg/509818/loud-vs-kr-esports-vct-2025-americas-stage-2-w3,2,Bind,Shyy,KRÜ,Viper,1.3,246,20,15,7,5,77,166,43,3,0,3,LOUD,LOUD,9.0,13.0,2.0,1.0
https://www.vlr.gg/509818/loud-vs-kr-esports-vct-2025-americas-stage-2-w3,2,Bind,Dantedeu5,KRÜ,Yoru,1.0,214,18,19,3,-1,64,141,29,3,2,1,LOUD,LOUD,9.0,13.0,2.0,1.0
https://www.vlr.gg/509818/loud-vs-kr-esports-vct-2025-americas-stage-2-w3,2,Bind,Mazino,KRÜ,Fade,0.87,177,15,16,4,-1,59,99,17,4,1,3,LOUD,LOUD,9.0,13.0,2.0,1.0
https://www.vlr.gg/509818/loud-vs-kr-esports-vct-2025-americas-stage-2-w3,2,Bind,keznit,KRÜ,Raze,0.63,186,11,19,7,-8,59,134,20,2,4,-2,LOUD,LOUD,9.0,13.0,2.0,1.0
https://www.vlr.gg/509818/loud-vs-kr-esports-vct-2025-americas-stage-2-w3,2,Bind,Melser,KRÜ,Brimstone,0.43,133,10,20,3,-10,64,83,38,0,3,-3,LOUD,LOUD,9.0,13.0,2.0,1.0
https://www.vlr.gg/509818/loud-vs-kr-esports-vct-2025-americas-stage-2-w3,3,Ascent,RobbieBk,LOUD,Sova,0.93,189,9,13,6,-4,71,137,38,1,1,0,VISA KRÜ(KRÜ Esports),VISA KRÜ(KRÜ Esports),4.0,13.0,1.0,2.0
https://www.vlr.gg/509818/loud-vs-kr-esports-vct-2025-americas-stage-2-w3,3,Ascent,Virtyy,LOUD,Jett,0.92,143,9,9,1,0,71,91,29,4,2,2,VISA KRÜ(KRÜ Esports),VISA KRÜ(KRÜ Esports),4.0,13.0,1.0,2.0
https://www.vlr.gg/509818/loud-vs-kr-esports-vct-2025-americas-stage-2-w3,3,Ascent,cauanzin,LOUD,Kayo,0.82,217,11,15,1,-4,59,139,13,2,0,2,VISA KRÜ(KRÜ Esports),VISA KRÜ(KRÜ Esports),4.0,13.0,1.0,2.0
https://www.vlr.gg/509818/loud-vs-kr-esports-vct-2025-americas-stage-2-w3,3,Ascent,lukxo,LOUD,Cypher,0.63,162,10,14,0,-4,41,103,45,3,1,2,VISA KRÜ(KRÜ Esports),VISA KRÜ(KRÜ Esports),4.0,13.0,1.0,2.0
https://www.vlr.gg/509818/loud-vs-kr-esports-vct-2025-americas-stage-2-w3,3,Ascent,pANcada,LOUD,Omen,0.22,43,1,12,3,-11,41,37,11,0,3,-3,VISA KRÜ(KRÜ Esports),VISA KRÜ(KRÜ Esports),4.0,13.0,1.0,2.0
https://www.vlr.gg/509818/loud-vs-kr-esports-vct-2025-americas-stage-2-w3,3,Ascent,keznit,KRÜ,Yoru,1.66,276,17,7,7,10,76,202,27,3,3,0,VISA KRÜ(KRÜ Esports),LOUD,13.0,4.0,2.0,1.0
https://www.vlr.gg/509818/loud-vs-kr-esports-vct-2025-americas-stage-2-w3,3,Ascent,Mazino,KRÜ,Sova,1.54,262,17,9,4,8,88,158,26,2,1,1,VISA KRÜ(KRÜ Esports),LOUD,13.0,4.0,2.0,1.0
https://www.vlr.gg/509818/loud-vs-kr-esports-vct-2025-americas-stage-2-w3,3,Ascent,Dantedeu5,KRÜ,Jett,1.34,226,14,8,5,6,76,135,24,1,3,-2,VISA KRÜ(KRÜ Esports),LOUD,13.0,4.0,2.0,1.0
https://www.vlr.gg/509818/loud-vs-kr-esports-vct-2025-americas-stage-2-w3,3,Ascent,Melser,KRÜ,Omen,1.0,138,8,7,7,1,76,85,33,1,3,-2,VISA KRÜ(KRÜ Esports),LOUD,13.0,4.0,2.0,1.0
https://www.vlr.gg/509818/loud-vs-kr-esports-vct-2025-americas-stage-2-w3,3,Ascent,Shyy,KRÜ,Cypher,0.78,100,7,9,3,-2,71,69,8,0,0,0,VISA KRÜ(KRÜ Esports),LOUD,13.0,4.0,2.0,1.0
https://www.vlr.gg/509816/mibr-vs-100-thieves-vct-2025-americas-stage-2-w3,0,Icebox,aspas,MIBR,Jett,1.57,287,24,11,3,13,83,176,39,7,3,4,MIBR,100 Thieves,13.0,10.0,2.0,0.0
https://www.vlr.gg/509816/mibr-vs-100-thieves-vct-2025-americas-stage-2-w3,0,Icebox,cortezia,MIBR,Killjoy,1.35,263,22,15,5,7,74,189,38,2,3,-1,MIBR,100 Thieves,13.0,10.0,2.0,0.0
https://www.vlr.gg/509816/mibr-vs-100-thieves-vct-2025-americas-stage-2-w3,0,Icebox,Verno,MIBR,Sova,0.95,166,12,14,4,-2,83,111,26,1,1,0,MIBR,100 Thieves,13.0,10.0,2.0,0.0
https://www.vlr.gg/509816/mibr-vs-100-thieves-vct-2025-americas-stage-2-w3,0,Icebox,artzin,MIBR,Harbor,0.81,202,16,17,9,-1,78,127,19,1,4,-3,MIBR,100 Thieves,13.0,10.0,2.0,0.0
https://www.vlr.gg/509816/mibr-vs-100-thieves-vct-2025-americas-stage-2-w3,0,Icebox,xenom,MIBR,Viper,0.72,138,11,16,5,-5,61,93,43,0,1,-1,MIBR,100 Thieves,13.0,10.0,2.0,0.0
https://www.vlr.gg/509816/mibr-vs-100-thieves-vct-2025-americas-stage-2-w3,0,Icebox,Cryocells,100T,Jett,1.22,221,20,15,1,5,83,134,34,2,3,-1,MIBR,MIBR,10.0,13.0,0.0,2.0
https://www.vlr.gg/509816/mibr-vs-100-thieves-vct-2025-americas-stage-2-w3,0,Icebox,eeiu,100T,Sova,0.92,179,14,17,4,-3,74,116,34,0,1,-1,MIBR,MIBR,10.0,13.0,0.0,2.0
https://www.vlr.gg/509816/mibr-vs-100-thieves-vct-2025-americas-stage-2-w3,0,Icebox,Asuna,100T,Omen,0.8,188,14,17,7,-3,61,137,29,2,3,-1,MIBR,MIBR,10.0,13.0,0.0,2.0
https://www.vlr.gg/509816/mibr-vs-100-thieves-vct-2025-americas-stage-2-w3,0,Icebox,Kess,100T,Killjoy,0.74,151,12,16,1,-4,70,104,32,3,2,1,MIBR,MIBR,10.0,13.0,0.0,2.0
https://www.vlr.gg/509816/mibr-vs-100-thieves-vct-2025-americas-stage-2-w3,0,Icebox,zander,100T,Viper,0.52,172,13,20,3,-7,65,110,21,5,2,3,MIBR,MIBR,10.0,13.0,0.0,2.0
https://www.vlr.gg/509816/mibr-vs-100-thieves-vct-2025-americas-stage-2-w3,1,AllMaps,cortezia,MIBR,Killjoy,1.45,271,50,29,7,21,71,178,38,4,6,-2,MIBR,100 Thieves,27.0,22.0,2.0,0.0
https://www.vlr.gg/509816/mibr-vs-100-thieves-vct-2025-americas-stage-2-w3,1,AllMaps,aspas,MIBR,Jett,1.25,250,43,31,10,12,78,158,25,8,5,3,MIBR,100 Thieves,27.0,22.0,2.0,0.0
https://www.vlr.gg/509816/mibr-vs-100-thieves-vct-2025-americas-stage-2-w3,1,AllMaps,Verno,MIBR,Sova,0.95,181,27,33,16,-6,71,119,37,3,4,-1,MIBR,100 Thieves,27.0,22.0,2.0,0.0
https://www.vlr.gg/509816/mibr-vs-100-thieves-vct-2025-americas-stage-2-w3,1,AllMaps,xenom,MIBR,Viper,0.85,155,28,32,11,-4,67,101,45,1,2,-1,MIBR,100 Thieves,27.0,22.0,2.0,0.0
https://www.vlr.gg/509816/mibr-vs-100-thieves-vct-2025-americas-stage-2-w3,1,AllMaps,artzin,MIBR,Harbor,0.54,151,25,40,15,-15,71,95,16,3,13,-10,MIBR,100 Thieves,27.0,22.0,2.0,0.0
https://www.vlr.gg/509816/mibr-vs-100-thieves-vct-2025-americas-stage-2-w3,1,AllMaps,Cryocells,100T,Jett,1.22,233,47,32,3,15,80,143,30,5,6,-1,MIBR,MIBR,22.0,27.0,0.0,2.0
https://www.vlr.gg/509816/mibr-vs-100-thieves-vct-2025-americas-stage-2-w3,1,AllMaps,Asuna,100T,Omen,1.0,231,36,36,14,0,73,163,21,10,3,7,MIBR,MIBR,22.0,27.0,0.0,2.0
https://www.vlr.gg/509816/mibr-vs-100-thieves-vct-2025-americas-stage-2-w3,1,AllMaps,eeiu,100T,Sova,0.93,180,31,32,13,-1,78,122,26,1,2,-1,MIBR,MIBR,22.0,27.0,0.0,2.0
https://www.vlr.gg/509816/mibr-vs-100-thieves-vct-2025-americas-stage-2-w3,1,AllMaps,zander,100T,Viper,0.73,172,27,36,9,-9,71,108,20,7,2,5,MIBR,MIBR,22.0,27.0,0.0,2.0
https://www.vlr.gg/509816/mibr-vs-100-thieves-vct-2025-americas-stage-2-w3,1,AllMaps,Kess,100T,Killjoy,0.68,151,24,37,15,-13,67,105,30,7,6,1,MIBR,MIBR,22.0,27.0,0.0,2.0
https://www.vlr.gg/509816/mibr-vs-100-thieves-vct-2025-americas-stage-2-w3,2,Bind,cortezia,MIBR,Viper,1.53,279,28,14,2,14,69,168,38,2,3,-1,MIBR,100 Thieves,14.0,12.0,2.0,0.0
https://www.vlr.gg/509816/mibr-vs-100-thieves-vct-2025-americas-stage-2-w3,2,Bind,xenom,MIBR,Brimstone,0.96,171,17,16,6,1,73,108,46,1,1,0,MIBR,100 Thieves,14.0,12.0,2.0,0.0
https://www.vlr.gg/509816/mibr-vs-100-thieves-vct-2025-americas-stage-2-w3,2,Bind,Verno,MIBR,Skye,0.96,195,15,19,12,-4,62,125,46,2,3,-1,MIBR,100 Thieves,14.0,12.0,2.0,0.0
https://www.vlr.gg/509816/mibr-vs-100-thieves-vct-2025-americas-stage-2-w3,2,Bind,aspas,MIBR,Raze,0.96,212,19,20,7,-1,73,142,16,1,2,-1,MIBR,100 Thieves,14.0,12.0,2.0,0.0
https://www.vlr.gg/509816/mibr-vs-100-thieves-vct-2025-americas-stage-2-w3,2,Bind,artzin,MIBR,Yoru,0.3,100,9,23,6,-14,65,67,13,2,9,-7,MIBR,100 Thieves,14.0,12.0,2.0,0.0
https://www.vlr.gg/509816/mibr-vs-100-thieves-vct-2025-americas-stage-2-w3,2,Bind,Cryocells,100T,Yoru,1.22,245,27,17,2,10,77,152,27,3,3,0,MIBR,MIBR,12.0,14.0,0.0,2.0
https://www.vlr.gg/509816/mibr-vs-100-thieves-vct-2025-americas-stage-2-w3,2,Bind,Asuna,100T,Raze,1.18,274,22,19,7,3,85,187,17,8,0,8,MIBR,MIBR,12.0,14.0,0.0,2.0
https://www.vlr.gg/509816/mibr-vs-100-thieves-vct-2025-americas-stage-2-w3,2,Bind,eeiu,100T,Fade,0.94,181,17,15,9,2,81,128,22,1,1,0,MIBR,MIBR,12.0,14.0,0.0,2.0
https://www.vlr.gg/509816/mibr-vs-100-thieves-vct-2025-americas-stage-2-w3,2,Bind,zander,100T,Viper,0.92,171,14,16,6,-2,77,107,19,2,0,2,MIBR,MIBR,12.0,14.0,0.0,2.0
https://www.vlr.gg/509816/mibr-vs-100-thieves-vct-2025-americas-stage-2-w3,2,Bind,Kess,100T,Brimstone,0.62,150,12,21,14,-9,65,105,28,4,4,0,MIBR,MIBR,12.0,14.0,0.0,2.0
https://www.vlr.gg/509814/leviat-n-vs-nrg-vct-2025-americas-stage-2-w3,0,Lotus,C0M,LEV,Fade,0.9,145,10,12,3,-2,55,94,20,1,1,0,NRG,LEVIATÁN,13.0,7.0,2.0,1.0
https://www.vlr.gg/509814/leviat-n-vs-nrg-vct-2025-americas-stage-2-w3,0,Lotus,Okeanos,LEV,Omen,0.81,181,13,17,4,-4,75,118,33,4,3,1,NRG,LEVIATÁN,13.0,7.0,2.0,1.0
https://www.vlr.gg/509814/leviat-n-vs-nrg-vct-2025-americas-stage-2-w3,0,Lotus,kiNgg,LEV,Viper,0.79,159,10,15,3,-5,65,111,18,1,1,0,NRG,LEVIATÁN,13.0,7.0,2.0,1.0
https://www.vlr.gg/509814/leviat-n-vs-nrg-vct-2025-americas-stage-2-w3,0,Lotus,Sato,LEV,Raze,0.76,202,14,17,2,-3,75,126,26,5,3,2,NRG,LEVIATÁN,13.0,7.0,2.0,1.0
https://www.vlr.gg/509814/leviat-n-vs-nrg-vct-2025-americas-stage-2-w3,0,Lotus,tex,LEV,Killjoy,0.68,147,11,17,2,-6,60,122,50,1,0,1,NRG,LEVIATÁN,13.0,7.0,2.0,1.0
https://www.vlr.gg/509814/leviat-n-vs-nrg-vct-2025-americas-stage-2-w3,0,Lotus,brawk,NRG,Vyse,1.55,211,15,7,7,8,90,156,30,1,0,1,NRG,LEVIATÁN,13.0,7.0,2.0,1.0
https://www.vlr.gg/509814/leviat-n-vs-nrg-vct-2025-americas-stage-2-w3,0,Lotus,s0m,NRG,Omen,1.22,212,15,11,9,4,85,123,22,2,3,-1,NRG,LEVIATÁN,13.0,7.0,2.0,1.0
https://www.vlr.gg/509814/leviat-n-vs-nrg-vct-2025-americas-stage-2-w3,0,Lotus,Ethan,NRG,Fade,1.18,240,16,12,8,4,80,143,20,0,1,-1,NRG,LEVIATÁN,13.0,7.0,2.0,1.0
https://www.vlr.gg/509814/leviat-n-vs-nrg-vct-2025-americas-stage-2-w3,0,Lotus,mada,NRG,Raze,0.9,236,18,15,1,3,70,146,41,5,6,-1,NRG,LEVIATÁN,13.0,7.0,2.0,1.0
https://www.vlr.gg/509814/leviat-n-vs-nrg-vct-2025-americas-stage-2-w3,0,Lotus,skuba,NRG,Viper,0.81,179,14,13,3,1,75,128,26,0,2,-2,NRG,LEVIATÁN,13.0,7.0,2.0,1.0
https://www.vlr.gg/509814/leviat-n-vs-nrg-vct-2025-americas-stage-2-w3,1,AllMaps,Sato,LEV,Raze,1.28,266,74,51,6,23,70,171,28,14,10,4,NRG,LEVIATÁN,38.0,32.0,2.0,1.0
https://www.vlr.gg/509814/leviat-n-vs-nrg-vct-2025-americas-stage-2-w3,1,AllMaps,C0M,LEV,Fade,0.91,138,30,42,28,-12,66,103,21,3,4,-1,NRG,LEVIATÁN,38.0,32.0,2.0,1.0
https://www.vlr.gg/509814/leviat-n-vs-nrg-vct-2025-americas-stage-2-w3,1,AllMaps,kiNgg,LEV,Viper,0.87,170,36,52,31,-16,69,116,19,6,4,2,NRG,LEVIATÁN,38.0,32.0,2.0,1.0
https://www.vlr.gg/509814/leviat-n-vs-nrg-vct-2025-americas-stage-2-w3,1,AllMaps,Okeanos,LEV,Omen,0.83,163,41,52,19,-11,69,102,29,7,12,-5,NRG,LEVIATÁN,38.0,32.0,2.0,1.0
https://www.vlr.gg/509814/leviat-n-vs-nrg-vct-2025-americas-stage-2-w3,1,AllMaps,tex,LEV,Killjoy,0.81,152,41,48,9,-7,67,113,38,3,7,-4,NRG,LEVIATÁN,38.0,32.0,2.0,1.0
https://www.vlr.gg/509814/leviat-n-vs-nrg-vct-2025-americas-stage-2-w3,1,AllMaps,mada,NRG,Raze,1.23,273,69,48,3,21,71,169,32,23,14,9,NRG,LEVIATÁN,38.0,32.0,2.0,1.0
https://www.vlr.gg/509814/leviat-n-vs-nrg-vct-2025-americas-stage-2-w3,1,AllMaps,s0m,NRG,Omen,1.09,200,50,43,26,7,73,121,28,6,8,-2,NRG,LEVIATÁN,38.0,32.0,2.0,1.0
https://www.vlr.gg/509814/leviat-n-vs-nrg-vct-2025-americas-stage-2-w3,1,AllMaps,brawk,NRG,Vyse,1.07,166,39,37,27,2,77,121,26,3,1,2,NRG,LEVIATÁN,38.0,32.0,2.0,1.0
https://www.vlr.gg/509814/leviat-n-vs-nrg-vct-2025-americas-stage-2-w3,1,AllMaps,skuba,NRG,Viper,0.98,204,52,48,9,4,76,144,23,4,6,-2,NRG,LEVIATÁN,38.0,32.0,2.0,1.0
https://www.vlr.gg/509814/leviat-n-vs-nrg-vct-2025-americas-stage-2-w3,1,AllMaps,Ethan,NRG,Fade,0.87,170,35,46,38,-11,76,108,22,1,4,-3,NRG,LEVIATÁN,38.0,32.0,2.0,1.0
https://www.vlr.gg/509814/leviat-n-vs-nrg-vct-2025-americas-stage-2-w3,2,Haven,Sato,LEV,Yoru,1.65,332,35,18,3,17,69,197,27,5,4,1,LEVIATÁN,LEVIATÁN,12.0,14.0,2.0,1.0
https://www.vlr.gg/509814/leviat-n-vs-nrg-vct-2025-americas-stage-2-w3,2,Haven,C0M,LEV,Sova,1.1,149,10,13,18,-3,85,118,24,1,1,0,LEVIATÁN,LEVIATÁN,12.0,14.0,2.0,1.0
https://www.vlr.gg/509814/leviat-n-vs-nrg-vct-2025-americas-stage-2-w3,2,Haven,kiNgg,LEV,Omen,1.02,192,16,19,17,-3,73,123,22,3,1,2,LEVIATÁN,LEVIATÁN,12.0,14.0,2.0,1.0
https://www.vlr.gg/509814/leviat-n-vs-nrg-vct-2025-americas-stage-2-w3,2,Haven,tex,LEV,Cypher,0.79,117,12,15,4,-3,62,87,34,1,4,-3,LEVIATÁN,LEVIATÁN,12.0,14.0,2.0,1.0
https://www.vlr.gg/509814/leviat-n-vs-nrg-vct-2025-americas-stage-2-w3,2,Haven,Okeanos,LEV,Neon,0.74,153,15,20,4,-5,62,94,25,1,5,-4,LEVIATÁN,LEVIATÁN,12.0,14.0,2.0,1.0
https://www.vlr.gg/509814/leviat-n-vs-nrg-vct-2025-americas-stage-2-w3,2,Haven,mada,NRG,Neon,1.22,279,25,19,0,6,73,181,28,11,4,7,LEVIATÁN,LEVIATÁN,12.0,14.0,2.0,1.0
https://www.vlr.gg/509814/leviat-n-vs-nrg-vct-2025-americas-stage-2-w3,2,Haven,skuba,NRG,Killjoy,1.05,211,20,18,3,2,81,133,19,2,1,1,LEVIATÁN,LEVIATÁN,12.0,14.0,2.0,1.0
https://www.vlr.gg/509814/leviat-n-vs-nrg-vct-2025-americas-stage-2-w3,2,Haven,brawk,NRG,Sova,1.04,183,16,16,8,0,77,137,32,2,1,1,LEVIATÁN,LEVIATÁN,12.0,14.0,2.0,1.0
https://www.vlr.gg/509814/leviat-n-vs-nrg-vct-2025-americas-stage-2-w3,2,Haven,s0m,NRG,Viper,0.96,168,17,17,12,0,69,104,28,0,3,-3,LEVIATÁN,LEVIATÁN,12.0,14.0,2.0,1.0
https://www.vlr.gg/509814/leviat-n-vs-nrg-vct-2025-americas-stage-2-w3,2,Haven,Ethan,NRG,Omen,0.66,118,7,18,21,-11,81,91,24,0,2,-2,LEVIATÁN,LEVIATÁN,12.0,14.0,2.0,1.0
https://www.vlr.gg/509814/leviat-n-vs-nrg-vct-2025-americas-stage-2-w3,3,Icebox,Sato,LEV,Jett,1.3,263,25,16,1,9,67,180,31,4,3,1,NRG,LEVIATÁN,13.0,11.0,2.0,1.0
https://www.vlr.gg/509814/leviat-n-vs-nrg-vct-2025-americas-stage-2-w3,3,Icebox,Okeanos,LEV,Sage,0.95,154,13,15,11,-2,71,99,30,2,4,-2,NRG,LEVIATÁN,13.0,11.0,2.0,1.0
https://www.vlr.gg/509814/leviat-n-vs-nrg-vct-2025-americas-stage-2-w3,3,Icebox,tex,LEV,Killjoy,0.93,191,18,16,3,2,79,134,32,1,3,-2,NRG,LEVIATÁN,13.0,11.0,2.0,1.0
https://www.vlr.gg/509814/leviat-n-vs-nrg-vct-2025-americas-stage-2-w3,3,Icebox,kiNgg,LEV,Viper,0.77,159,10,18,11,-8,67,113,17,2,2,0,NRG,LEVIATÁN,13.0,11.0,2.0,1.0
https://www.vlr.gg/509814/leviat-n-vs-nrg-vct-2025-americas-stage-2-w3,3,Icebox,C0M,LEV,Sova,0.7,121,10,17,7,-7,54,95,17,1,2,-1,NRG,LEVIATÁN,13.0,11.0,2.0,1.0
https://www.vlr.gg/509814/leviat-n-vs-nrg-vct-2025-americas-stage-2-w3,3,Icebox,mada,NRG,Jett,1.51,303,26,14,2,12,71,175,31,7,4,3,NRG,LEVIATÁN,13.0,11.0,2.0,1.0
https://www.vlr.gg/509814/leviat-n-vs-nrg-vct-2025-americas-stage-2-w3,3,Icebox,s0m,NRG,Killjoy,1.12,221,18,15,5,3,67,138,35,4,2,2,NRG,LEVIATÁN,13.0,11.0,2.0,1.0
https://www.vlr.gg/509814/leviat-n-vs-nrg-vct-2025-americas-stage-2-w3,3,Icebox,skuba,NRG,Viper,1.03,222,18,17,3,1,71,169,27,2,3,-1,NRG,LEVIATÁN,13.0,11.0,2.0,1.0
https://www.vlr.gg/509814/leviat-n-vs-nrg-vct-2025-americas-stage-2-w3,3,Icebox,Ethan,NRG,Harbor,0.84,152,12,16,9,-4,67,97,24,1,1,0,NRG,LEVIATÁN,13.0,11.0,2.0,1.0
https://www.vlr.gg/509814/leviat-n-vs-nrg-vct-2025-americas-stage-2-w3,3,Icebox,brawk,NRG,Sova,0.71,103,8,14,12,-6,67,73,11,0,0,0,NRG,LEVIATÁN,13.0,11.0,2.0,1.0
https://www.vlr.gg/509812/mibr-vs-leviat-n-vct-2025-americas-stage-2-w2,0,Lotus,artzin,MIBR,Yoru,1.1,233,18,15,4,3,62,149,20,4,6,-2,LEVIATÁN,LEVIATÁN,8.0,13.0,0.0,2.0
https://www.vlr.gg/509812/mibr-vs-leviat-n-vct-2025-americas-stage-2-w2,0,Lotus,cortezia,MIBR,Vyse,0.86,182,14,15,2,-1,62,122,31,2,2,0,LEVIATÁN,LEVIATÁN,8.0,13.0,0.0,2.0
https://www.vlr.gg/509812/mibr-vs-leviat-n-vct-2025-americas-stage-2-w2,0,Lotus,xenom,MIBR,Omen,0.73,133,10,15,5,-5,76,85,43,2,0,2,LEVIATÁN,LEVIATÁN,8.0,13.0,0.0,2.0
https://www.vlr.gg/509812/mibr-vs-leviat-n-vct-2025-americas-stage-2-w2,0,Lotus,Verno,MIBR,Fade,0.64,131,9,16,7,-7,67,81,24,1,1,0,LEVIATÁN,LEVIATÁN,8.0,13.0,0.0,2.0
https://www.vlr.gg/509812/mibr-vs-leviat-n-vct-2025-americas-stage-2-w2,0,Lotus,aspas,MIBR,Raze,0.61,153,12,16,5,-4,81,105,24,2,1,1,LEVIATÁN,LEVIATÁN,8.0,13.0,0.0,2.0
https://www.vlr.gg/509812/mibr-vs-leviat-n-vct-2025-americas-stage-2-w2,0,Lotus,kiNgg,LEV,Viper,1.92,326,25,10,4,15,81,214,37,2,3,-1,LEVIATÁN,MIBR,13.0,8.0,2.0,0.0
https://www.vlr.gg/509812/mibr-vs-leviat-n-vct-2025-americas-stage-2-w2,0,Lotus,Sato,LEV,Raze,1.15,229,16,16,10,0,81,175,19,4,4,0,LEVIATÁN,MIBR,13.0,8.0,2.0,0.0
https://www.vlr.gg/509812/mibr-vs-leviat-n-vct-2025-americas-stage-2-w2,0,Lotus,C0M,LEV,Fade,1.03,113,8,9,10,-1,86,79,45,0,1,-1,LEVIATÁN,MIBR,13.0,8.0,2.0,0.0
https://www.vlr.gg/509812/mibr-vs-leviat-n-vct-2025-americas-stage-2-w2,0,Lotus,Okeanos,LEV,Omen,0.96,173,14,12,7,2,81,108,33,1,2,-1,LEVIATÁN,MIBR,13.0,8.0,2.0,0.0
https://www.vlr.gg/509812/mibr-vs-leviat-n-vct-2025-americas-stage-2-w2,0,Lotus,tex,LEV,Killjoy,0.69,172,13,16,4,-3,67,108,23,3,1,2,LEVIATÁN,MIBR,13.0,8.0,2.0,0.0
https://www.vlr.gg/509812/mibr-vs-leviat-n-vct-2025-americas-stage-2-w2,1,AllMaps,artzin,MIBR,Yoru,1.07,235,31,27,6,4,68,147,26,9,9,0,LEVIATÁN,LEVIATÁN,11.0,26.0,0.0,2.0
https://www.vlr.gg/509812/mibr-vs-leviat-n-vct-2025-americas-stage-2-w2,1,AllMaps,xenom,MIBR,Omen,0.75,149,20,28,9,-8,78,92,36,4,0,4,LEVIATÁN,LEVIATÁN,11.0,26.0,0.0,2.0
https://www.vlr.gg/509812/mibr-vs-leviat-n-vct-2025-americas-stage-2-w2,1,AllMaps,cortezia,MIBR,Vyse,0.73,185,24,31,5,-7,62,119,33,2,4,-2,LEVIATÁN,LEVIATÁN,11.0,26.0,0.0,2.0
https://www.vlr.gg/509812/mibr-vs-leviat-n-vct-2025-americas-stage-2-w2,1,AllMaps,aspas,MIBR,Raze,0.59,143,19,29,7,-10,73,102,21,3,2,1,LEVIATÁN,LEVIATÁN,11.0,26.0,0.0,2.0
https://www.vlr.gg/509812/mibr-vs-leviat-n-vct-2025-americas-stage-2-w2,1,AllMaps,Verno,MIBR,Fade,0.51,127,14,30,11,-16,59,84,27,2,2,0,LEVIATÁN,LEVIATÁN,11.0,26.0,0.0,2.0
https://www.vlr.gg/509812/mibr-vs-leviat-n-vct-2025-americas-stage-2-w2,1,AllMaps,kiNgg,LEV,Viper,1.85,311,44,16,7,28,78,202,38,4,4,0,LEVIATÁN,MIBR,26.0,11.0,2.0,0.0
https://www.vlr.gg/509812/mibr-vs-leviat-n-vct-2025-americas-stage-2-w2,1,AllMaps,C0M,LEV,Fade,1.16,159,20,16,13,4,84,104,31,0,1,-1,LEVIATÁN,MIBR,26.0,11.0,2.0,0.0
https://www.vlr.gg/509812/mibr-vs-leviat-n-vct-2025-americas-stage-2-w2,1,AllMaps,Sato,LEV,Raze,1.16,241,32,27,11,5,76,168,25,5,9,-4,LEVIATÁN,MIBR,26.0,11.0,2.0,0.0
https://www.vlr.gg/509812/mibr-vs-leviat-n-vct-2025-americas-stage-2-w2,1,AllMaps,tex,LEV,Killjoy,0.94,208,27,27,7,0,73,131,32,6,3,3,LEVIATÁN,MIBR,26.0,11.0,2.0,0.0
https://www.vlr.gg/509812/mibr-vs-leviat-n-vct-2025-americas-stage-2-w2,1,AllMaps,Okeanos,LEV,Omen,0.9,154,21,22,20,-1,81,97,31,2,3,-1,LEVIATÁN,MIBR,26.0,11.0,2.0,0.0
https://www.vlr.gg/509812/mibr-vs-leviat-n-vct-2025-americas-stage-2-w2,2,Sunset,artzin,MIBR,Yoru,1.04,236,13,12,2,1,75,143,37,5,3,2,LEVIATÁN,LEVIATÁN,3.0,13.0,0.0,2.0
https://www.vlr.gg/509812/mibr-vs-leviat-n-vct-2025-americas-stage-2-w2,2,Sunset,xenom,MIBR,Omen,0.78,164,10,13,4,-3,81,101,29,2,0,2,LEVIATÁN,LEVIATÁN,3.0,13.0,0.0,2.0
https://www.vlr.gg/509812/mibr-vs-leviat-n-vct-2025-americas-stage-2-w2,2,Sunset,cortezia,MIBR,Cypher,0.56,187,10,16,3,-6,63,114,37,0,2,-2,LEVIATÁN,LEVIATÁN,3.0,13.0,0.0,2.0
https://www.vlr.gg/509812/mibr-vs-leviat-n-vct-2025-americas-stage-2-w2,2,Sunset,aspas,MIBR,Raze,0.56,133,7,13,2,-6,63,98,19,1,1,0,LEVIATÁN,LEVIATÁN,3.0,13.0,0.0,2.0
https://www.vlr.gg/509812/mibr-vs-leviat-n-vct-2025-americas-stage-2-w2,2,Sunset,Verno,MIBR,Sova,0.35,122,5,14,4,-9,50,88,31,1,1,0,LEVIATÁN,LEVIATÁN,3.0,13.0,0.0,2.0
https://www.vlr.gg/509812/mibr-vs-leviat-n-vct-2025-americas-stage-2-w2,2,Sunset,kiNgg,LEV,Omen,1.77,295,19,6,3,13,75,188,39,2,1,1,LEVIATÁN,MIBR,13.0,3.0,2.0,0.0
https://www.vlr.gg/509812/mibr-vs-leviat-n-vct-2025-americas-stage-2-w2,2,Sunset,C0M,LEV,Sova,1.33,205,12,7,3,5,81,136,20,0,0,0,LEVIATÁN,MIBR,13.0,3.0,2.0,0.0
https://www.vlr.gg/509812/mibr-vs-leviat-n-vct-2025-americas-stage-2-w2,2,Sunset,tex,LEV,Vyse,1.26,244,14,11,3,3,81,161,46,3,2,1,LEVIATÁN,MIBR,13.0,3.0,2.0,0.0
https://www.vlr.gg/509812/mibr-vs-leviat-n-vct-2025-americas-stage-2-w2,2,Sunset,Sato,LEV,Neon,1.17,252,16,11,1,5,69,158,35,1,5,-4,LEVIATÁN,MIBR,13.0,3.0,2.0,0.0
https://www.vlr.gg/509812/mibr-vs-leviat-n-vct-2025-americas-stage-2-w2,2,Sunset,Okeanos,LEV,Kayo,0.83,135,7,10,13,-3,81,82,26,1,1,0,LEVIATÁN,MIBR,13.0,3.0,2.0,0.0
https://www.vlr.gg/509810/nrg-vs-loud-vct-2025-americas-stage-2-w2,0,Haven,brawk,NRG,Sova,1.58,296,19,8,2,11,88,188,23,3,0,3,NRG,LOUD,13.0,4.0,2.0,0.0
https://www.vlr.gg/509810/nrg-vs-loud-vct-2025-americas-stage-2-w2,0,Haven,mada,NRG,Neon,1.41,226,16,8,1,8,65,136,31,2,3,-1,NRG,LOUD,13.0,4.0,2.0,0.0
https://www.vlr.gg/509810/nrg-vs-loud-vct-2025-americas-stage-2-w2,0,Haven,s0m,NRG,Viper,1.26,225,13,10,9,3,88,146,32,1,1,0,NRG,LOUD,13.0,4.0,2.0,0.0
https://www.vlr.gg/509810/nrg-vs-loud-vct-2025-americas-stage-2-w2,0,Haven,skuba,NRG,Killjoy,1.1,142,9,8,2,1,76,101,36,0,2,-2,NRG,LOUD,13.0,4.0,2.0,0.0
https://www.vlr.gg/509810/nrg-vs-loud-vct-2025-americas-stage-2-w2,0,Haven,Ethan,NRG,Omen,1.04,188,10,10,8,0,82,119,16,0,5,-5,NRG,LOUD,13.0,4.0,2.0,0.0
https://www.vlr.gg/509810/nrg-vs-loud-vct-2025-americas-stage-2-w2,0,Haven,lukxo,LOUD,Cypher,1.0,195,12,10,4,2,71,124,18,2,1,1,NRG,NRG,4.0,13.0,0.0,2.0
https://www.vlr.gg/509810/nrg-vs-loud-vct-2025-americas-stage-2-w2,0,Haven,Virtyy,LOUD,Neon,0.74,181,10,15,5,-5,71,118,27,5,3,2,NRG,NRG,4.0,13.0,0.0,2.0
https://www.vlr.gg/509810/nrg-vs-loud-vct-2025-americas-stage-2-w2,0,Haven,cauanzin,LOUD,Breach,0.71,133,7,13,2,-6,59,101,17,3,0,3,NRG,NRG,4.0,13.0,0.0,2.0
https://www.vlr.gg/509810/nrg-vs-loud-vct-2025-americas-stage-2-w2,0,Haven,pANcada,LOUD,Omen,0.55,147,9,15,4,-6,53,94,55,1,0,1,NRG,NRG,4.0,13.0,0.0,2.0
https://www.vlr.gg/509810/nrg-vs-loud-vct-2025-americas-stage-2-w2,0,Haven,RobbieBk,LOUD,Sova,0.44,106,6,14,4,-8,47,88,41,0,2,-2,NRG,NRG,4.0,13.0,0.0,2.0
https://www.vlr.gg/509810/nrg-vs-loud-vct-2025-americas-stage-2-w2,1,AllMaps,brawk,NRG,Sova,1.41,284,40,22,5,18,79,182,22,5,2,3,NRG,LOUD,26.0,13.0,2.0,0.0
https://www.vlr.gg/509810/nrg-vs-loud-vct-2025-americas-stage-2-w2,1,AllMaps,s0m,NRG,Viper,1.32,226,31,22,24,9,79,153,28,3,4,-1,NRG,LOUD,26.0,13.0,2.0,0.0
https://www.vlr.gg/509810/nrg-vs-loud-vct-2025-americas-stage-2-w2,1,AllMaps,mada,NRG,Neon,1.2,219,31,22,7,9,67,139,26,6,7,-1,NRG,LOUD,26.0,13.0,2.0,0.0
https://www.vlr.gg/509810/nrg-vs-loud-vct-2025-americas-stage-2-w2,1,AllMaps,skuba,NRG,Killjoy,1.19,172,27,18,5,9,79,115,33,2,3,-1,NRG,LOUD,26.0,13.0,2.0,0.0
https://www.vlr.gg/509810/nrg-vs-loud-vct-2025-americas-stage-2-w2,1,AllMaps,Ethan,NRG,Omen,0.98,159,18,21,20,-3,85,95,16,2,5,-3,NRG,LOUD,26.0,13.0,2.0,0.0
https://www.vlr.gg/509810/nrg-vs-loud-vct-2025-americas-stage-2-w2,1,AllMaps,cauanzin,LOUD,Breach,1.06,177,26,24,5,2,64,130,27,5,1,4,NRG,NRG,13.0,26.0,0.0,2.0
https://www.vlr.gg/509810/nrg-vs-loud-vct-2025-americas-stage-2-w2,1,AllMaps,lukxo,LOUD,Cypher,0.8,172,22,27,8,-5,56,112,24,3,5,-2,NRG,NRG,13.0,26.0,0.0,2.0
https://www.vlr.gg/509810/nrg-vs-loud-vct-2025-americas-stage-2-w2,1,AllMaps,Virtyy,LOUD,Neon,0.78,195,25,33,10,-8,64,118,27,10,8,2,NRG,NRG,13.0,26.0,0.0,2.0
https://www.vlr.gg/509810/nrg-vs-loud-vct-2025-americas-stage-2-w2,1,AllMaps,pANcada,LOUD,Omen,0.57,135,18,34,10,-16,51,89,40,2,0,2,NRG,NRG,13.0,26.0,0.0,2.0
https://www.vlr.gg/509810/nrg-vs-loud-vct-2025-americas-stage-2-w2,1,AllMaps,RobbieBk,LOUD,Sova,0.52,102,14,29,5,-15,46,72,38,1,4,-3,NRG,NRG,13.0,26.0,0.0,2.0
https://www.vlr.gg/509810/nrg-vs-loud-vct-2025-americas-stage-2-w2,2,Corrode,s0m,NRG,Omen,1.36,227,18,12,15,6,73,158,25,2,3,-1,NRG,LOUD,13.0,9.0,2.0,0.0
https://www.vlr.gg/509810/nrg-vs-loud-vct-2025-americas-stage-2-w2,2,Corrode,brawk,NRG,Sova,1.28,271,21,14,3,7,73,177,20,2,2,0,NRG,LOUD,13.0,9.0,2.0,0.0
https://www.vlr.gg/509810/nrg-vs-loud-vct-2025-americas-stage-2-w2,2,Corrode,skuba,NRG,Viper,1.26,201,18,10,3,8,82,126,31,2,1,1,NRG,LOUD,13.0,9.0,2.0,0.0
https://www.vlr.gg/509810/nrg-vs-loud-vct-2025-americas-stage-2-w2,2,Corrode,mada,NRG,Waylay,1.04,211,15,14,6,1,68,141,22,4,4,0,NRG,LOUD,13.0,9.0,2.0,0.0
https://www.vlr.gg/509810/nrg-vs-loud-vct-2025-americas-stage-2-w2,2,Corrode,Ethan,NRG,Kayo,0.94,129,8,11,12,-3,86,77,16,2,0,2,NRG,LOUD,13.0,9.0,2.0,0.0
https://www.vlr.gg/509810/nrg-vs-loud-vct-2025-americas-stage-2-w2,2,Corrode,cauanzin,LOUD,Vyse,1.33,221,19,11,3,8,68,152,33,2,1,1,NRG,NRG,9.0,13.0,0.0,2.0
https://www.vlr.gg/509810/nrg-vs-loud-vct-2025-americas-stage-2-w2,2,Corrode,Virtyy,LOUD,Neon,0.81,208,15,18,5,-3,59,118,27,5,5,0,NRG,NRG,9.0,13.0,0.0,2.0
https://www.vlr.gg/509810/nrg-vs-loud-vct-2025-americas-stage-2-w2,2,Corrode,lukxo,LOUD,Viper,0.65,149,10,17,4,-7,45,104,30,1,4,-3,NRG,NRG,9.0,13.0,0.0,2.0
https://www.vlr.gg/509810/nrg-vs-loud-vct-2025-americas-stage-2-w2,2,Corrode,pANcada,LOUD,Omen,0.58,122,9,19,6,-10,50,84,30,1,0,1,NRG,NRG,9.0,13.0,0.0,2.0
https://www.vlr.gg/509810/nrg-vs-loud-vct-2025-americas-stage-2-w2,2,Corrode,RobbieBk,LOUD,Fade,0.58,97,8,15,1,-7,45,59,35,1,2,-1,NRG,NRG,9.0,13.0,0.0,2.0
https://www.vlr.gg/509809/100-thieves-vs-kr-esports-vct-2025-americas-stage-2-w2,0,Corrode,eeiu,100T,Sova,1.47,290,18,9,4,9,82,200,42,1,1,0,100 Thieves,100 Thieves,4.0,13.0,0.0,2.0
https://www.vlr.gg/509809/100-thieves-vs-kr-esports-vct-2025-americas-stage-2-w2,0,Corrode,Cryocells,100T,Chamber,1.46,224,15,5,1,10,94,139,13,6,0,6,100 Thieves,100 Thieves,4.0,13.0,0.0,2.0
https://www.vlr.gg/509809/100-thieves-vs-kr-esports-vct-2025-americas-stage-2-w2,0,Corrode,Kess,100T,Fade,1.4,210,14,6,4,8,82,123,26,1,0,1,100 Thieves,100 Thieves,4.0,13.0,0.0,2.0
https://www.vlr.gg/509809/100-thieves-vs-kr-esports-vct-2025-americas-stage-2-w2,0,Corrode,Asuna,100T,Yoru,1.25,256,15,11,9,4,94,162,26,4,2,2,100 Thieves,100 Thieves,4.0,13.0,0.0,2.0
https://www.vlr.gg/509809/100-thieves-vs-kr-esports-vct-2025-americas-stage-2-w2,0,Corrode,zander,100T,Omen,1.02,174,9,10,14,-1,76,105,31,1,1,0,100 Thieves,100 Thieves,4.0,13.0,0.0,2.0
https://www.vlr.gg/509809/100-thieves-vs-kr-esports-vct-2025-americas-stage-2-w2,0,Corrode,Dantedeu5,KRÜ,Neon,0.84,210,11,15,4,-4,65,131,25,2,4,-2,100 Thieves,100 Thieves,4.0,13.0,0.0,2.0
https://www.vlr.gg/509809/100-thieves-vs-kr-esports-vct-2025-americas-stage-2-w2,0,Corrode,keznit,KRÜ,Omen,0.79,189,10,14,5,-4,59,126,26,1,4,-3,100 Thieves,100 Thieves,4.0,13.0,0.0,2.0
https://www.vlr.gg/509809/100-thieves-vs-kr-esports-vct-2025-americas-stage-2-w2,0,Corrode,Shyy,KRÜ,Vyse,0.76,203,10,14,3,-4,59,137,23,0,2,-2,100 Thieves,100 Thieves,4.0,13.0,0.0,2.0
https://www.vlr.gg/509809/100-thieves-vs-kr-esports-vct-2025-americas-stage-2-w2,0,Corrode,Melser,KRÜ,Fade,0.52,80,4,13,6,-9,47,52,21,1,2,-1,100 Thieves,100 Thieves,4.0,13.0,0.0,2.0
https://www.vlr.gg/509809/100-thieves-vs-kr-esports-vct-2025-americas-stage-2-w2,0,Corrode,Mazino,KRÜ,Viper,0.46,119,6,15,6,-9,59,64,29,0,1,-1,100 Thieves,100 Thieves,4.0,13.0,0.0,2.0
https://www.vlr.gg/509809/100-thieves-vs-kr-esports-vct-2025-americas-stage-2-w2,1,AllMaps,Asuna,100T,Yoru,1.45,286,34,19,14,15,83,190,21,5,5,0,100 Thieves,100 Thieves,9.0,26.0,0.0,2.0
https://www.vlr.gg/509809/100-thieves-vs-kr-esports-vct-2025-americas-stage-2-w2,1,AllMaps,Kess,100T,Fade,1.29,178,23,13,15,10,83,104,29,1,0,1,100 Thieves,100 Thieves,9.0,26.0,0.0,2.0
https://www.vlr.gg/509809/100-thieves-vs-kr-esports-vct-2025-americas-stage-2-w2,1,AllMaps,zander,100T,Omen,1.29,243,28,19,17,9,80,150,22,6,3,3,100 Thieves,100 Thieves,9.0,26.0,0.0,2.0
https://www.vlr.gg/509809/100-thieves-vs-kr-esports-vct-2025-americas-stage-2-w2,1,AllMaps,eeiu,100T,Sova,1.25,213,27,17,11,10,83,140,38,2,1,1,100 Thieves,100 Thieves,9.0,26.0,0.0,2.0
https://www.vlr.gg/509809/100-thieves-vs-kr-esports-vct-2025-americas-stage-2-w2,1,AllMaps,Cryocells,100T,Chamber,1.12,188,26,16,6,10,83,114,13,9,3,6,100 Thieves,100 Thieves,9.0,26.0,0.0,2.0
https://www.vlr.gg/509809/100-thieves-vs-kr-esports-vct-2025-americas-stage-2-w2,1,AllMaps,Dantedeu5,KRÜ,Neon,0.83,193,21,29,7,-8,63,125,27,6,10,-4,100 Thieves,100 Thieves,9.0,26.0,0.0,2.0
https://www.vlr.gg/509809/100-thieves-vs-kr-esports-vct-2025-americas-stage-2-w2,1,AllMaps,Shyy,KRÜ,Vyse,0.78,171,18,27,6,-9,60,123,24,2,3,-1,100 Thieves,100 Thieves,9.0,26.0,0.0,2.0
https://www.vlr.gg/509809/100-thieves-vs-kr-esports-vct-2025-americas-stage-2-w2,1,AllMaps,keznit,KRÜ,Omen,0.75,157,17,26,11,-9,57,98,25,2,5,-3,100 Thieves,100 Thieves,9.0,26.0,0.0,2.0
https://www.vlr.gg/509809/100-thieves-vs-kr-esports-vct-2025-americas-stage-2-w2,1,AllMaps,Melser,KRÜ,Fade,0.74,131,15,27,11,-12,54,90,21,2,2,0,100 Thieves,100 Thieves,9.0,26.0,0.0,2.0
https://www.vlr.gg/509809/100-thieves-vs-kr-esports-vct-2025-americas-stage-2-w2,1,AllMaps,Mazino,KRÜ,Viper,0.5,122,13,29,9,-16,57,75,28,0,3,-3,100 Thieves,100 Thieves,9.0,26.0,0.0,2.0
https://www.vlr.gg/509809/100-thieves-vs-kr-esports-vct-2025-americas-stage-2-w2,2,Bind,Asuna,100T,Raze,1.64,316,19,8,5,11,72,216,18,1,3,-2,100 Thieves,100 Thieves,5.0,13.0,0.0,2.0
https://www.vlr.gg/509809/100-thieves-vs-kr-esports-vct-2025-americas-stage-2-w2,2,Bind,zander,100T,Viper,1.54,311,19,9,3,10,83,193,18,5,2,3,100 Thieves,100 Thieves,5.0,13.0,0.0,2.0
https://www.vlr.gg/509809/100-thieves-vs-kr-esports-vct-2025-americas-stage-2-w2,2,Bind,Kess,100T,Brimstone,1.19,145,9,7,11,2,83,85,33,0,0,0,100 Thieves,100 Thieves,5.0,13.0,0.0,2.0
https://www.vlr.gg/509809/100-thieves-vs-kr-esports-vct-2025-americas-stage-2-w2,2,Bind,eeiu,100T,Fade,1.03,136,9,8,7,1,83,84,30,1,0,1,100 Thieves,100 Thieves,5.0,13.0,0.0,2.0
https://www.vlr.gg/509809/100-thieves-vs-kr-esports-vct-2025-americas-stage-2-w2,2,Bind,Cryocells,100T,Yoru,0.81,151,11,11,5,0,72,90,14,3,3,0,100 Thieves,100 Thieves,5.0,13.0,0.0,2.0
https://www.vlr.gg/509809/100-thieves-vs-kr-esports-vct-2025-americas-stage-2-w2,2,Bind,Melser,KRÜ,Brimstone,0.95,181,11,14,5,-3,61,126,21,1,0,1,100 Thieves,100 Thieves,5.0,13.0,0.0,2.0
https://www.vlr.gg/509809/100-thieves-vs-kr-esports-vct-2025-americas-stage-2-w2,2,Bind,Dantedeu5,KRÜ,Raze,0.82,176,10,14,3,-4,61,119,31,4,6,-2,100 Thieves,100 Thieves,5.0,13.0,0.0,2.0
https://www.vlr.gg/509809/100-thieves-vs-kr-esports-vct-2025-americas-stage-2-w2,2,Bind,Shyy,KRÜ,Vyse,0.8,139,8,13,3,-5,61,111,24,2,1,1,100 Thieves,100 Thieves,5.0,13.0,0.0,2.0
https://www.vlr.gg/509809/100-thieves-vs-kr-esports-vct-2025-americas-stage-2-w2,2,Bind,keznit,KRÜ,Skye,0.72,125,7,12,6,-5,56,71,24,1,1,0,100 Thieves,100 Thieves,5.0,13.0,0.0,2.0
https://www.vlr.gg/509809/100-thieves-vs-kr-esports-vct-2025-americas-stage-2-w2,2,Bind,Mazino,KRÜ,Viper,0.55,124,7,14,3,-7,56,87,27,0,2,-2,100 Thieves,100 Thieves,5.0,13.0,0.0,2.0
https://www.vlr.gg/509805/100-thieves-vs-nrg-vct-2025-americas-stage-2-w1,0,Bind,Kess,100T,Brimstone,1.38,223,18,15,10,3,78,140,24,3,1,2,100 Thieves,100 Thieves,10.0,13.0,0.0,2.0
https://www.vlr.gg/509805/100-thieves-vs-nrg-vct-2025-americas-stage-2-w1,0,Bind,Cryocells,100T,Yoru,1.15,207,18,14,3,4,74,138,30,1,2,-1,100 Thieves,100 Thieves,10.0,13.0,0.0,2.0
https://www.vlr.gg/509805/100-thieves-vs-nrg-vct-2025-americas-stage-2-w1,0,Bind,zander,100T,Viper,1.04,179,16,14,4,2,74,114,21,3,1,2,100 Thieves,100 Thieves,10.0,13.0,0.0,2.0
https://www.vlr.gg/509805/100-thieves-vs-nrg-vct-2025-americas-stage-2-w1,0,Bind,Asuna,100T,Raze,0.96,191,13,16,11,-3,83,134,15,2,6,-4,100 Thieves,100 Thieves,10.0,13.0,0.0,2.0
https://www.vlr.gg/509805/100-thieves-vs-nrg-vct-2025-americas-stage-2-w1,0,Bind,eeiu,100T,Fade,0.88,169,16,15,4,1,74,96,27,2,2,0,100 Thieves,100 Thieves,10.0,13.0,0.0,2.0
https://www.vlr.gg/509805/100-thieves-vs-nrg-vct-2025-americas-stage-2-w1,0,Bind,Ethan,NRG,Kayo,1.14,225,18,17,11,1,87,138,29,2,2,0,100 Thieves,100 Thieves,10.0,13.0,0.0,2.0
https://www.vlr.gg/509805/100-thieves-vs-nrg-vct-2025-americas-stage-2-w1,0,Bind,skuba,NRG,Viper,1.11,198,16,13,4,3,70,145,14,0,0,0,100 Thieves,100 Thieves,10.0,13.0,0.0,2.0
https://www.vlr.gg/509805/100-thieves-vs-nrg-vct-2025-americas-stage-2-w1,0,Bind,s0m,NRG,Brimstone,1.02,205,15,16,17,-1,87,133,19,2,3,-1,100 Thieves,100 Thieves,10.0,13.0,0.0,2.0
https://www.vlr.gg/509805/100-thieves-vs-nrg-vct-2025-americas-stage-2-w1,0,Bind,brawk,NRG,Fade,0.82,169,14,18,12,-4,78,103,16,3,1,2,100 Thieves,100 Thieves,10.0,13.0,0.0,2.0
https://www.vlr.gg/509805/100-thieves-vs-nrg-vct-2025-americas-stage-2-w1,0,Bind,mada,NRG,Raze,0.62,162,11,17,3,-6,57,111,28,5,5,0,100 Thieves,100 Thieves,10.0,13.0,0.0,2.0
https://www.vlr.gg/509805/100-thieves-vs-nrg-vct-2025-americas-stage-2-w1,1,AllMaps,Kess,100T,Brimstone,1.31,225,33,22,13,11,83,139,29,5,1,4,100 Thieves,100 Thieves,14.0,26.0,0.0,2.0
https://www.vlr.gg/509805/100-thieves-vs-nrg-vct-2025-americas-stage-2-w1,1,AllMaps,eeiu,100T,Fade,1.27,225,35,21,9,14,78,135,31,5,4,1,100 Thieves,100 Thieves,14.0,26.0,0.0,2.0
https://www.vlr.gg/509805/100-thieves-vs-nrg-vct-2025-americas-stage-2-w1,1,AllMaps,zander,100T,Viper,1.2,205,32,21,8,11,80,125,27,4,1,3,100 Thieves,100 Thieves,14.0,26.0,0.0,2.0
https://www.vlr.gg/509805/100-thieves-vs-nrg-vct-2025-americas-stage-2-w1,1,AllMaps,Asuna,100T,Raze,1.14,222,27,25,18,2,83,146,19,4,9,-5,100 Thieves,100 Thieves,14.0,26.0,0.0,2.0
https://www.vlr.gg/509805/100-thieves-vs-nrg-vct-2025-americas-stage-2-w1,1,AllMaps,Cryocells,100T,Yoru,1.12,213,31,25,9,6,80,136,28,5,2,3,100 Thieves,100 Thieves,14.0,26.0,0.0,2.0
https://www.vlr.gg/509805/100-thieves-vs-nrg-vct-2025-americas-stage-2-w1,1,AllMaps,skuba,NRG,Viper,1.0,164,24,26,9,-2,63,117,16,0,0,0,100 Thieves,100 Thieves,14.0,26.0,0.0,2.0
https://www.vlr.gg/509805/100-thieves-vs-nrg-vct-2025-americas-stage-2-w1,1,AllMaps,Ethan,NRG,Kayo,0.9,184,24,34,20,-10,73,125,21,3,4,-1,100 Thieves,100 Thieves,14.0,26.0,0.0,2.0
https://www.vlr.gg/509805/100-thieves-vs-nrg-vct-2025-americas-stage-2-w1,1,AllMaps,brawk,NRG,Fade,0.86,201,27,34,15,-7,70,132,15,3,2,1,100 Thieves,100 Thieves,14.0,26.0,0.0,2.0
https://www.vlr.gg/509805/100-thieves-vs-nrg-vct-2025-americas-stage-2-w1,1,AllMaps,s0m,NRG,Brimstone,0.69,143,19,31,20,-12,70,104,24,2,7,-5,100 Thieves,100 Thieves,14.0,26.0,0.0,2.0
https://www.vlr.gg/509805/100-thieves-vs-nrg-vct-2025-americas-stage-2-w1,1,AllMaps,mada,NRG,Raze,0.58,166,20,33,3,-13,53,109,29,9,10,-1,100 Thieves,100 Thieves,14.0,26.0,0.0,2.0
https://www.vlr.gg/509805/100-thieves-vs-nrg-vct-2025-americas-stage-2-w1,2,Sunset,eeiu,100T,Sova,1.8,281,19,6,5,13,82,189,34,3,2,1,100 Thieves,100 Thieves,4.0,13.0,0.0,2.0
https://www.vlr.gg/509805/100-thieves-vs-nrg-vct-2025-americas-stage-2-w1,2,Sunset,zander,100T,Omen,1.41,230,16,7,4,9,88,141,38,1,0,1,100 Thieves,100 Thieves,4.0,13.0,0.0,2.0
https://www.vlr.gg/509805/100-thieves-vs-nrg-vct-2025-americas-stage-2-w1,2,Sunset,Asuna,100T,Neon,1.38,253,14,9,7,5,82,162,23,2,3,-1,100 Thieves,100 Thieves,4.0,13.0,0.0,2.0
https://www.vlr.gg/509805/100-thieves-vs-nrg-vct-2025-americas-stage-2-w1,2,Sunset,Kess,100T,Cypher,1.22,227,15,7,3,8,88,136,35,2,0,2,100 Thieves,100 Thieves,4.0,13.0,0.0,2.0
https://www.vlr.gg/509805/100-thieves-vs-nrg-vct-2025-americas-stage-2-w1,2,Sunset,Cryocells,100T,Yoru,1.09,218,13,11,6,2,88,134,24,4,0,4,100 Thieves,100 Thieves,4.0,13.0,0.0,2.0
https://www.vlr.gg/509805/100-thieves-vs-nrg-vct-2025-americas-stage-2-w1,2,Sunset,brawk,NRG,Sova,0.9,232,13,16,3,-3,59,171,14,0,1,-1,100 Thieves,100 Thieves,4.0,13.0,0.0,2.0
https://www.vlr.gg/509805/100-thieves-vs-nrg-vct-2025-americas-stage-2-w1,2,Sunset,skuba,NRG,Viper,0.85,129,8,13,5,-5,53,79,23,0,0,0,100 Thieves,100 Thieves,4.0,13.0,0.0,2.0
https://www.vlr.gg/509805/100-thieves-vs-nrg-vct-2025-americas-stage-2-w1,2,Sunset,Ethan,NRG,Omen,0.56,143,6,17,9,-11,53,107,11,1,2,-1,100 Thieves,100 Thieves,4.0,13.0,0.0,2.0
https://www.vlr.gg/509805/100-thieves-vs-nrg-vct-2025-americas-stage-2-w1,2,Sunset,mada,NRG,Neon,0.54,170,9,16,0,-7,47,106,29,4,5,-1,100 Thieves,100 Thieves,4.0,13.0,0.0,2.0
https://www.vlr.gg/509805/100-thieves-vs-nrg-vct-2025-americas-stage-2-w1,2,Sunset,s0m,NRG,Deadlock,0.25,80,4,15,3,-11,47,63,63,0,4,-4,100 Thieves,100 Thieves,4.0,13.0,0.0,2.0
https://www.vlr.gg/509804/mibr-vs-kr-esports-vct-2025-americas-stage-2-w1,0,Corrode,aspas,MIBR,Raze,1.32,221,17,11,2,6,64,150,12,5,3,2,MIBR,VISA KRÜ(KRÜ Esports),13.0,9.0,1.0,2.0
https://www.vlr.gg/509804/mibr-vs-kr-esports-vct-2025-americas-stage-2-w1,0,Corrode,Verno,MIBR,Fade,1.18,167,12,10,5,2,73,114,17,2,0,2,MIBR,VISA KRÜ(KRÜ Esports),13.0,9.0,1.0,2.0
https://www.vlr.gg/509804/mibr-vs-kr-esports-vct-2025-americas-stage-2-w1,0,Corrode,xenom,MIBR,Astra,1.08,146,10,10,14,0,82,99,26,2,1,1,MIBR,VISA KRÜ(KRÜ Esports),13.0,9.0,1.0,2.0
https://www.vlr.gg/509804/mibr-vs-kr-esports-vct-2025-americas-stage-2-w1,0,Corrode,cortezia,MIBR,Vyse,1.04,192,15,13,5,2,68,132,61,0,1,-1,MIBR,VISA KRÜ(KRÜ Esports),13.0,9.0,1.0,2.0
https://www.vlr.gg/509804/mibr-vs-kr-esports-vct-2025-americas-stage-2-w1,0,Corrode,artzin,MIBR,Yoru,0.76,179,14,15,3,-1,64,130,15,2,6,-4,MIBR,VISA KRÜ(KRÜ Esports),13.0,9.0,1.0,2.0
https://www.vlr.gg/509804/mibr-vs-kr-esports-vct-2025-americas-stage-2-w1,0,Corrode,keznit,KRÜ,Omen,1.09,203,13,14,7,-1,77,132,31,4,0,4,MIBR,MIBR,9.0,13.0,2.0,1.0
https://www.vlr.gg/509804/mibr-vs-kr-esports-vct-2025-americas-stage-2-w1,0,Corrode,Melser,KRÜ,Fade,1.03,192,15,13,5,2,77,126,26,1,1,0,MIBR,MIBR,9.0,13.0,2.0,1.0
https://www.vlr.gg/509804/mibr-vs-kr-esports-vct-2025-americas-stage-2-w1,0,Corrode,Mazino,KRÜ,Viper,0.9,163,13,13,2,0,64,124,24,1,3,-2,MIBR,MIBR,9.0,13.0,2.0,1.0
https://www.vlr.gg/509804/mibr-vs-kr-esports-vct-2025-americas-stage-2-w1,0,Corrode,Shyy,KRÜ,Vyse,0.84,138,11,13,2,-2,77,93,23,2,3,-1,MIBR,MIBR,9.0,13.0,2.0,1.0
https://www.vlr.gg/509804/mibr-vs-kr-esports-vct-2025-americas-stage-2-w1,0,Corrode,Dantedeu5,KRÜ,Neon,0.45,94,7,15,1,-8,59,71,40,3,4,-1,MIBR,MIBR,9.0,13.0,2.0,1.0
https://www.vlr.gg/509804/mibr-vs-kr-esports-vct-2025-americas-stage-2-w1,1,AllMaps,aspas,MIBR,Raze,1.1,226,41,38,6,3,66,143,25,11,7,4,VISA KRÜ(KRÜ Esports),VISA KRÜ(KRÜ Esports),23.0,35.0,1.0,2.0
https://www.vlr.gg/509804/mibr-vs-kr-esports-vct-2025-americas-stage-2-w1,1,AllMaps,cortezia,MIBR,Vyse,0.93,165,37,41,8,-4,60,118,44,2,2,0,VISA KRÜ(KRÜ Esports),VISA KRÜ(KRÜ Esports),23.0,35.0,1.0,2.0
https://www.vlr.gg/509804/mibr-vs-kr-esports-vct-2025-americas-stage-2-w1,1,AllMaps,xenom,MIBR,Astra,0.91,169,31,37,25,-6,78,118,31,4,5,-1,VISA KRÜ(KRÜ Esports),VISA KRÜ(KRÜ Esports),23.0,35.0,1.0,2.0
https://www.vlr.gg/509804/mibr-vs-kr-esports-vct-2025-americas-stage-2-w1,1,AllMaps,artzin,MIBR,Yoru,0.71,172,35,47,13,-12,57,126,18,4,12,-8,VISA KRÜ(KRÜ Esports),VISA KRÜ(KRÜ Esports),23.0,35.0,1.0,2.0
https://www.vlr.gg/509804/mibr-vs-kr-esports-vct-2025-americas-stage-2-w1,1,AllMaps,Verno,MIBR,Fade,0.63,116,23,40,11,-17,64,82,24,4,7,-3,VISA KRÜ(KRÜ Esports),VISA KRÜ(KRÜ Esports),23.0,35.0,1.0,2.0
https://www.vlr.gg/509804/mibr-vs-kr-esports-vct-2025-americas-stage-2-w1,1,AllMaps,keznit,KRÜ,Omen,1.6,303,57,31,25,26,88,191,22,10,2,8,VISA KRÜ(KRÜ Esports),MIBR,35.0,23.0,2.0,1.0
https://www.vlr.gg/509804/mibr-vs-kr-esports-vct-2025-americas-stage-2-w1,1,AllMaps,Melser,KRÜ,Fade,1.19,199,43,33,23,10,84,132,25,4,4,0,VISA KRÜ(KRÜ Esports),MIBR,35.0,23.0,2.0,1.0
https://www.vlr.gg/509804/mibr-vs-kr-esports-vct-2025-americas-stage-2-w1,1,AllMaps,Mazino,KRÜ,Viper,1.06,217,42,35,14,7,76,145,27,6,7,-1,VISA KRÜ(KRÜ Esports),MIBR,35.0,23.0,2.0,1.0
https://www.vlr.gg/509804/mibr-vs-kr-esports-vct-2025-americas-stage-2-w1,1,AllMaps,Dantedeu5,KRÜ,Neon,0.86,167,31,36,16,-5,76,109,26,9,9,0,VISA KRÜ(KRÜ Esports),MIBR,35.0,23.0,2.0,1.0
https://www.vlr.gg/509804/mibr-vs-kr-esports-vct-2025-americas-stage-2-w1,1,AllMaps,Shyy,KRÜ,Vyse,0.86,137,30,32,14,-2,81,90,18,4,3,1,VISA KRÜ(KRÜ Esports),MIBR,35.0,23.0,2.0,1.0
https://www.vlr.gg/509804/mibr-vs-kr-esports-vct-2025-americas-stage-2-w1,2,Ascent,aspas,MIBR,Jett,1.37,308,14,12,1,2,71,196,39,2,1,1,VISA KRÜ(KRÜ Esports),VISA KRÜ(KRÜ Esports),1.0,13.0,1.0,2.0
https://www.vlr.gg/509804/mibr-vs-kr-esports-vct-2025-americas-stage-2-w1,2,Ascent,xenom,MIBR,Omen,0.66,169,7,13,5,-6,64,116,45,1,2,-1,VISA KRÜ(KRÜ Esports),VISA KRÜ(KRÜ Esports),1.0,13.0,1.0,2.0
https://www.vlr.gg/509804/mibr-vs-kr-esports-vct-2025-americas-stage-2-w1,2,Ascent,cortezia,MIBR,Killjoy,0.47,104,5,12,1,-7,50,71,19,0,0,0,VISA KRÜ(KRÜ Esports),VISA KRÜ(KRÜ Esports),1.0,13.0,1.0,2.0
https://www.vlr.gg/509804/mibr-vs-kr-esports-vct-2025-americas-stage-2-w1,2,Ascent,artzin,MIBR,Kayo,0.25,106,4,14,5,-10,43,78,16,0,4,-4,VISA KRÜ(KRÜ Esports),VISA KRÜ(KRÜ Esports),1.0,13.0,1.0,2.0
https://www.vlr.gg/509804/mibr-vs-kr-esports-vct-2025-americas-stage-2-w1,2,Ascent,Verno,MIBR,Sova,0.09,73,3,14,3,-11,50,44,33,0,4,-4,VISA KRÜ(KRÜ Esports),VISA KRÜ(KRÜ Esports),1.0,13.0,1.0,2.0
https://www.vlr.gg/509804/mibr-vs-kr-esports-vct-2025-americas-stage-2-w1,2,Ascent,keznit,KRÜ,Yoru,2.32,423,22,6,8,16,100,274,16,4,0,4,VISA KRÜ(KRÜ Esports),MIBR,13.0,1.0,2.0,1.0
https://www.vlr.gg/509804/mibr-vs-kr-esports-vct-2025-americas-stage-2-w1,2,Ascent,Melser,KRÜ,Omen,1.56,206,12,5,8,7,93,140,26,2,0,2,VISA KRÜ(KRÜ Esports),MIBR,13.0,1.0,2.0,1.0
https://www.vlr.gg/509804/mibr-vs-kr-esports-vct-2025-americas-stage-2-w1,2,Ascent,Mazino,KRÜ,Sova,1.27,265,13,8,4,5,79,174,29,1,1,0,VISA KRÜ(KRÜ Esports),MIBR,13.0,1.0,2.0,1.0
https://www.vlr.gg/509804/mibr-vs-kr-esports-vct-2025-americas-stage-2-w1,2,Ascent,Dantedeu5,KRÜ,Jett,1.08,200,8,8,6,0,93,134,19,2,2,0,VISA KRÜ(KRÜ Esports),MIBR,13.0,1.0,2.0,1.0
https://www.vlr.gg/509804/mibr-vs-kr-esports-vct-2025-americas-stage-2-w1,2,Ascent,Shyy,KRÜ,Cypher,1.03,156,10,6,5,4,86,87,10,2,0,2,VISA KRÜ(KRÜ Esports),MIBR,13.0,1.0,2.0,1.0
https://www.vlr.gg/509804/mibr-vs-kr-esports-vct-2025-americas-stage-2-w1,3,Haven,cortezia,MIBR,Cypher,1.12,200,17,16,2,1,59,135,42,2,1,1,VISA KRÜ(KRÜ Esports),VISA KRÜ(KRÜ Esports),9.0,13.0,1.0,2.0
https://www.vlr.gg/509804/mibr-vs-kr-esports-vct-2025-americas-stage-2-w1,3,Haven,artzin,MIBR,Iso,0.95,232,17,18,5,-1,59,152,23,2,2,0,VISA KRÜ(KRÜ Esports),VISA KRÜ(KRÜ Esports),9.0,13.0,1.0,2.0
https://www.vlr.gg/509804/mibr-vs-kr-esports-vct-2025-americas-stage-2-w1,3,Haven,xenom,MIBR,Omen,0.91,193,14,14,6,0,82,139,29,1,2,-1,VISA KRÜ(KRÜ Esports),VISA KRÜ(KRÜ Esports),9.0,13.0,1.0,2.0
https://www.vlr.gg/509804/mibr-vs-kr-esports-vct-2025-americas-stage-2-w1,3,Haven,aspas,MIBR,Yoru,0.72,150,10,15,3,-5,64,103,25,4,3,1,VISA KRÜ(KRÜ Esports),VISA KRÜ(KRÜ Esports),9.0,13.0,1.0,2.0
https://www.vlr.gg/509804/mibr-vs-kr-esports-vct-2025-americas-stage-2-w1,3,Haven,Verno,MIBR,Sova,0.42,109,8,16,3,-8,64,73,44,2,3,-1,VISA KRÜ(KRÜ Esports),VISA KRÜ(KRÜ Esports),9.0,13.0,1.0,2.0
https://www.vlr.gg/509804/mibr-vs-kr-esports-vct-2025-americas-stage-2-w1,3,Haven,keznit,KRÜ,Iso,1.66,282,22,11,10,11,91,198,22,2,2,0,VISA KRÜ(KRÜ Esports),MIBR,13.0,9.0,2.0,1.0
https://www.vlr.gg/509804/mibr-vs-kr-esports-vct-2025-americas-stage-2-w1,3,Haven,Dantedeu5,KRÜ,Yoru,1.12,206,16,13,9,3,82,131,24,4,3,1,VISA KRÜ(KRÜ Esports),MIBR,13.0,9.0,2.0,1.0
https://www.vlr.gg/509804/mibr-vs-kr-esports-vct-2025-americas-stage-2-w1,3,Haven,Melser,KRÜ,Omen,1.12,198,16,15,10,1,86,133,23,1,3,-2,VISA KRÜ(KRÜ Esports),MIBR,13.0,9.0,2.0,1.0
https://www.vlr.gg/509804/mibr-vs-kr-esports-vct-2025-americas-stage-2-w1,3,Haven,Mazino,KRÜ,Sova,1.08,222,16,14,8,2,86,147,29,4,3,1,VISA KRÜ(KRÜ Esports),MIBR,13.0,9.0,2.0,1.0
https://www.vlr.gg/509804/mibr-vs-kr-esports-vct-2025-americas-stage-2-w1,3,Haven,Shyy,KRÜ,Cypher,0.79,116,9,13,7,-4,82,89,21,0,0,0,VISA KRÜ(KRÜ Esports),MIBR,13.0,9.0,2.0,1.0
https://www.vlr.gg/509802/leviat-n-vs-loud-vct-2025-americas-stage-2-w1,0,Bind,Sato,LEV,Yoru,1.87,375,31,15,4,16,83,239,47,8,1,7,LEVIATÁN,LEVIATÁN,10.0,13.0,2.0,1.0
https://www.vlr.gg/509802/leviat-n-vs-loud-vct-2025-americas-stage-2-w1,0,Bind,Okeanos,LEV,Brimstone,1.03,220,18,17,11,1,78,124,45,3,1,2,LEVIATÁN,LEVIATÁN,10.0,13.0,2.0,1.0
https://www.vlr.gg/509802/leviat-n-vs-loud-vct-2025-americas-stage-2-w1,0,Bind,tex,LEV,Gekko,0.9,157,13,13,4,0,74,99,39,3,0,3,LEVIATÁN,LEVIATÁN,10.0,13.0,2.0,1.0
https://www.vlr.gg/509802/leviat-n-vs-loud-vct-2025-americas-stage-2-w1,0,Bind,kiNgg,LEV,Viper,0.84,112,8,12,8,-4,74,86,34,0,0,0,LEVIATÁN,LEVIATÁN,10.0,13.0,2.0,1.0
https://www.vlr.gg/509802/leviat-n-vs-loud-vct-2025-americas-stage-2-w1,0,Bind,C0M,LEV,Fade,0.74,123,10,14,8,-4,65,85,37,2,5,-3,LEVIATÁN,LEVIATÁN,10.0,13.0,2.0,1.0
https://www.vlr.gg/509802/leviat-n-vs-loud-vct-2025-americas-stage-2-w1,0,Bind,Virtyy,LOUD,Raze,1.45,311,25,18,3,7,70,187,19,5,5,0,LEVIATÁN,LEVIATÁN,10.0,13.0,2.0,1.0
https://www.vlr.gg/509802/leviat-n-vs-loud-vct-2025-americas-stage-2-w1,0,Bind,lukxo,LOUD,Viper,1.04,213,17,14,5,3,78,145,29,0,0,0,LEVIATÁN,LEVIATÁN,10.0,13.0,2.0,1.0
https://www.vlr.gg/509802/leviat-n-vs-loud-vct-2025-americas-stage-2-w1,0,Bind,RobbieBk,LOUD,Skye,0.94,166,12,15,7,-3,78,117,28,1,2,-1,LEVIATÁN,LEVIATÁN,10.0,13.0,2.0,1.0
https://www.vlr.gg/509802/leviat-n-vs-loud-vct-2025-americas-stage-2-w1,0,Bind,pANcada,LOUD,Brimstone,0.66,107,9,15,7,-6,61,68,26,1,3,-2,LEVIATÁN,LEVIATÁN,10.0,13.0,2.0,1.0
https://www.vlr.gg/509802/leviat-n-vs-loud-vct-2025-americas-stage-2-w1,0,Bind,cauanzin,LOUD,Gekko,0.47,98,8,18,4,-10,65,76,24,0,6,-6,LEVIATÁN,LEVIATÁN,10.0,13.0,2.0,1.0
https://www.vlr.gg/509802/leviat-n-vs-loud-vct-2025-americas-stage-2-w1,1,AllMaps,Sato,LEV,Yoru,1.19,253,62,51,11,11,66,162,41,15,14,1,LOUD,LEVIATÁN,36.0,34.0,2.0,1.0
https://www.vlr.gg/509802/leviat-n-vs-loud-vct-2025-americas-stage-2-w1,1,AllMaps,kiNgg,LEV,Viper,0.99,159,37,42,23,-5,73,109,31,2,4,-2,LOUD,LEVIATÁN,36.0,34.0,2.0,1.0
https://www.vlr.gg/509802/leviat-n-vs-loud-vct-2025-americas-stage-2-w1,1,AllMaps,Okeanos,LEV,Brimstone,0.94,190,45,52,32,-7,71,114,46,6,5,1,LOUD,LEVIATÁN,36.0,34.0,2.0,1.0
https://www.vlr.gg/509802/leviat-n-vs-loud-vct-2025-americas-stage-2-w1,1,AllMaps,C0M,LEV,Fade,0.94,177,43,47,16,-4,64,119,23,4,7,-3,LOUD,LEVIATÁN,36.0,34.0,2.0,1.0
https://www.vlr.gg/509802/leviat-n-vs-loud-vct-2025-americas-stage-2-w1,1,AllMaps,tex,LEV,Gekko,0.84,167,46,48,7,-2,67,107,37,6,7,-1,LOUD,LEVIATÁN,36.0,34.0,2.0,1.0
https://www.vlr.gg/509802/leviat-n-vs-loud-vct-2025-americas-stage-2-w1,1,AllMaps,Virtyy,LOUD,Raze,1.26,256,61,45,15,16,74,157,21,15,13,2,LOUD,LEVIATÁN,36.0,34.0,2.0,1.0
https://www.vlr.gg/509802/leviat-n-vs-loud-vct-2025-americas-stage-2-w1,1,AllMaps,lukxo,LOUD,Viper,1.24,245,62,44,11,18,79,157,32,13,3,10,LOUD,LEVIATÁN,36.0,34.0,2.0,1.0
https://www.vlr.gg/509802/leviat-n-vs-loud-vct-2025-americas-stage-2-w1,1,AllMaps,pANcada,LOUD,Brimstone,0.95,186,47,47,18,0,71,122,39,4,5,-1,LOUD,LEVIATÁN,36.0,34.0,2.0,1.0
https://www.vlr.gg/509802/leviat-n-vs-loud-vct-2025-americas-stage-2-w1,1,AllMaps,RobbieBk,LOUD,Skye,0.83,148,37,46,12,-9,69,104,30,3,2,1,LOUD,LEVIATÁN,36.0,34.0,2.0,1.0
https://www.vlr.gg/509802/leviat-n-vs-loud-vct-2025-americas-stage-2-w1,1,AllMaps,cauanzin,LOUD,Gekko,0.67,141,33,51,22,-18,63,100,22,2,10,-8,LOUD,LEVIATÁN,36.0,34.0,2.0,1.0
https://www.vlr.gg/509802/leviat-n-vs-loud-vct-2025-americas-stage-2-w1,2,Ascent,C0M,LEV,Sova,1.61,280,22,12,5,10,74,176,17,1,0,1,LOUD,LEVIATÁN,13.0,10.0,2.0,1.0
https://www.vlr.gg/509802/leviat-n-vs-loud-vct-2025-americas-stage-2-w1,2,Ascent,Sato,LEV,Jett,1.03,219,17,17,4,0,57,143,44,4,7,-3,LOUD,LEVIATÁN,13.0,10.0,2.0,1.0
https://www.vlr.gg/509802/leviat-n-vs-loud-vct-2025-americas-stage-2-w1,2,Ascent,tex,LEV,Cypher,0.83,172,16,17,1,-1,57,108,30,0,2,-2,LOUD,LEVIATÁN,13.0,10.0,2.0,1.0
https://www.vlr.gg/509802/leviat-n-vs-loud-vct-2025-americas-stage-2-w1,2,Ascent,Okeanos,LEV,Kayo,0.59,109,7,18,14,-11,65,74,32,2,2,0,LOUD,LEVIATÁN,13.0,10.0,2.0,1.0
https://www.vlr.gg/509802/leviat-n-vs-loud-vct-2025-americas-stage-2-w1,2,Ascent,kiNgg,LEV,Omen,0.55,87,8,16,8,-8,57,60,35,2,3,-1,LOUD,LEVIATÁN,13.0,10.0,2.0,1.0
https://www.vlr.gg/509802/leviat-n-vs-loud-vct-2025-americas-stage-2-w1,2,Ascent,lukxo,LOUD,Cypher,1.5,280,24,13,4,11,78,176,36,6,1,5,LOUD,LEVIATÁN,13.0,10.0,2.0,1.0
https://www.vlr.gg/509802/leviat-n-vs-loud-vct-2025-americas-stage-2-w1,2,Ascent,Virtyy,LOUD,Jett,1.37,255,19,12,7,7,74,158,24,7,4,3,LOUD,LEVIATÁN,13.0,10.0,2.0,1.0
https://www.vlr.gg/509802/leviat-n-vs-loud-vct-2025-americas-stage-2-w1,2,Ascent,cauanzin,LOUD,Kayo,0.93,191,15,16,10,-1,61,131,25,1,2,-1,LOUD,LEVIATÁN,13.0,10.0,2.0,1.0
https://www.vlr.gg/509802/leviat-n-vs-loud-vct-2025-americas-stage-2-w1,2,Ascent,RobbieBk,LOUD,Sova,0.86,128,12,13,4,-1,74,88,33,0,0,0,LOUD,LEVIATÁN,13.0,10.0,2.0,1.0
https://www.vlr.gg/509802/leviat-n-vs-loud-vct-2025-americas-stage-2-w1,2,Ascent,pANcada,LOUD,Omen,0.63,131,10,16,6,-6,74,89,39,0,2,-2,LOUD,LEVIATÁN,13.0,10.0,2.0,1.0
https://www.vlr.gg/509802/leviat-n-vs-loud-vct-2025-americas-stage-2-w1,3,Icebox,kiNgg,LEV,Viper,1.57,279,21,14,7,7,88,179,29,0,1,-1,LOUD,LEVIATÁN,13.0,11.0,2.0,1.0
https://www.vlr.gg/509802/leviat-n-vs-loud-vct-2025-americas-stage-2-w1,3,Icebox,Okeanos,LEV,Harbor,1.17,241,20,17,7,3,71,143,57,1,2,-1,LOUD,LEVIATÁN,13.0,11.0,2.0,1.0
https://www.vlr.gg/509802/leviat-n-vs-loud-vct-2025-americas-stage-2-w1,3,Icebox,tex,LEV,Killjoy,0.79,173,17,18,2,-1,71,113,43,3,5,-2,LOUD,LEVIATÁN,13.0,11.0,2.0,1.0
https://www.vlr.gg/509802/leviat-n-vs-loud-vct-2025-americas-stage-2-w1,3,Icebox,Sato,LEV,Jett,0.68,164,14,19,3,-5,58,106,28,3,6,-3,LOUD,LEVIATÁN,13.0,11.0,2.0,1.0
https://www.vlr.gg/509802/leviat-n-vs-loud-vct-2025-americas-stage-2-w1,3,Icebox,C0M,LEV,Sova,0.48,129,11,21,3,-10,54,97,25,1,2,-1,LOUD,LEVIATÁN,13.0,11.0,2.0,1.0
https://www.vlr.gg/509802/leviat-n-vs-loud-vct-2025-americas-stage-2-w1,3,Icebox,pANcada,LOUD,Viper,1.54,319,28,16,5,12,79,205,45,3,0,3,LOUD,LEVIATÁN,13.0,11.0,2.0,1.0
https://www.vlr.gg/509802/leviat-n-vs-loud-vct-2025-americas-stage-2-w1,3,Icebox,lukxo,LOUD,Omen,1.17,243,21,17,2,4,79,151,30,7,2,5,LOUD,LEVIATÁN,13.0,11.0,2.0,1.0
https://www.vlr.gg/509802/leviat-n-vs-loud-vct-2025-americas-stage-2-w1,3,Icebox,Virtyy,LOUD,Jett,0.97,201,17,15,5,2,79,127,23,3,4,-1,LOUD,LEVIATÁN,13.0,11.0,2.0,1.0
https://www.vlr.gg/509802/leviat-n-vs-loud-vct-2025-americas-stage-2-w1,3,Icebox,RobbieBk,LOUD,Killjoy,0.68,151,13,18,1,-5,54,106,28,2,0,2,LOUD,LEVIATÁN,13.0,11.0,2.0,1.0
https://www.vlr.gg/509802/leviat-n-vs-loud-vct-2025-americas-stage-2-w1,3,Icebox,cauanzin,LOUD,Sova,0.62,134,10,17,8,-7,63,94,17,1,2,-1,LOUD,LEVIATÁN,13.0,11.0,2.0,1.0
https://www.vlr.gg/475897/mibr-vs-100-thieves-champions-tour-2025-americas-stage-1-ubr1,0,Split,Verno,MIBR,Tejo,1.39,204,17,8,7,9,78,132,22,2,1,1,MIBR,100 Thieves,13.0,10.0,2.0,0.0
https://www.vlr.gg/475897/mibr-vs-100-thieves-champions-tour-2025-americas-stage-1-ubr1,0,Split,cortezia,MIBR,Omen,1.24,258,21,14,4,7,70,155,25,4,1,3,MIBR,100 Thieves,13.0,10.0,2.0,0.0
https://www.vlr.gg/475897/mibr-vs-100-thieves-champions-tour-2025-americas-stage-1-ubr1,0,Split,aspas,MIBR,Jett,0.94,157,12,12,4,0,74,106,24,0,4,-4,MIBR,100 Thieves,13.0,10.0,2.0,0.0
https://www.vlr.gg/475897/mibr-vs-100-thieves-champions-tour-2025-americas-stage-1-ubr1,0,Split,xenom,MIBR,Viper,0.8,163,13,12,4,1,74,100,31,2,2,0,MIBR,100 Thieves,13.0,10.0,2.0,0.0
https://www.vlr.gg/475897/mibr-vs-100-thieves-champions-tour-2025-americas-stage-1-ubr1,0,Split,artzin,MIBR,Breach,0.72,174,16,16,6,0,57,101,29,2,5,-3,MIBR,100 Thieves,13.0,10.0,2.0,0.0
https://www.vlr.gg/475897/mibr-vs-100-thieves-champions-tour-2025-americas-stage-1-ubr1,0,Split,Asuna,100T,Raze,1.28,260,18,15,3,3,87,173,22,7,3,4,MIBR,MIBR,10.0,13.0,0.0,2.0
https://www.vlr.gg/475897/mibr-vs-100-thieves-champions-tour-2025-americas-stage-1-ubr1,0,Split,Cryocells,100T,Sage,1.0,205,15,16,3,-1,61,133,30,3,2,1,MIBR,MIBR,10.0,13.0,0.0,2.0
https://www.vlr.gg/475897/mibr-vs-100-thieves-champions-tour-2025-americas-stage-1-ubr1,0,Split,zander,100T,Astra,0.86,144,11,16,12,-5,78,93,35,2,2,0,MIBR,MIBR,10.0,13.0,0.0,2.0
https://www.vlr.gg/475897/mibr-vs-100-thieves-champions-tour-2025-americas-stage-1-ubr1,0,Split,eeiu,100T,Tejo,0.86,153,11,16,8,-5,65,95,34,1,0,1,MIBR,MIBR,10.0,13.0,0.0,2.0
https://www.vlr.gg/475897/mibr-vs-100-thieves-champions-tour-2025-americas-stage-1-ubr1,0,Split,Boostio,100T,Breach,0.61,83,7,16,6,-9,65,60,30,0,3,-3,MIBR,MIBR,10.0,13.0,0.0,2.0
https://www.vlr.gg/475897/mibr-vs-100-thieves-champions-tour-2025-americas-stage-1-ubr1,1,AllMaps,Verno,MIBR,Tejo,1.39,182,27,13,12,14,83,127,25,3,3,0,MIBR,100 Thieves,26.0,14.0,2.0,0.0
https://www.vlr.gg/475897/mibr-vs-100-thieves-champions-tour-2025-americas-stage-1-ubr1,1,AllMaps,aspas,MIBR,Jett,1.31,252,36,21,9,15,80,154,21,5,4,1,MIBR,100 Thieves,26.0,14.0,2.0,0.0
https://www.vlr.gg/475897/mibr-vs-100-thieves-champions-tour-2025-americas-stage-1-ubr1,1,AllMaps,cortezia,MIBR,Omen,1.29,267,38,25,14,13,83,175,23,6,2,4,MIBR,100 Thieves,26.0,14.0,2.0,0.0
https://www.vlr.gg/475897/mibr-vs-100-thieves-champions-tour-2025-americas-stage-1-ubr1,1,AllMaps,xenom,MIBR,Viper,0.99,208,30,23,12,7,80,128,29,4,2,2,MIBR,100 Thieves,26.0,14.0,2.0,0.0
https://www.vlr.gg/475897/mibr-vs-100-thieves-champions-tour-2025-americas-stage-1-ubr1,1,AllMaps,artzin,MIBR,Breach,0.75,183,28,27,9,1,65,108,29,5,6,-1,MIBR,100 Thieves,26.0,14.0,2.0,0.0
https://www.vlr.gg/475897/mibr-vs-100-thieves-champions-tour-2025-americas-stage-1-ubr1,1,AllMaps,eeiu,100T,Tejo,1.08,217,28,31,10,-3,70,132,40,2,1,1,MIBR,MIBR,14.0,26.0,0.0,2.0
https://www.vlr.gg/475897/mibr-vs-100-thieves-champions-tour-2025-americas-stage-1-ubr1,1,AllMaps,Cryocells,100T,Sage,0.94,200,27,32,5,-5,68,131,23,3,6,-3,MIBR,MIBR,14.0,26.0,0.0,2.0
https://www.vlr.gg/475897/mibr-vs-100-thieves-champions-tour-2025-americas-stage-1-ubr1,1,AllMaps,Asuna,100T,Raze,0.83,182,25,32,7,-7,73,120,24,8,7,1,MIBR,MIBR,14.0,26.0,0.0,2.0
https://www.vlr.gg/475897/mibr-vs-100-thieves-champions-tour-2025-americas-stage-1-ubr1,1,AllMaps,zander,100T,Astra,0.67,129,15,31,22,-16,75,88,25,3,5,-2,MIBR,MIBR,14.0,26.0,0.0,2.0
https://www.vlr.gg/475897/mibr-vs-100-thieves-champions-tour-2025-americas-stage-1-ubr1,1,AllMaps,Boostio,100T,Breach,0.51,103,14,33,7,-19,58,67,31,1,4,-3,MIBR,MIBR,14.0,26.0,0.0,2.0
https://www.vlr.gg/475897/mibr-vs-100-thieves-champions-tour-2025-americas-stage-1-ubr1,2,Icebox,aspas,MIBR,Jett,1.8,346,24,9,5,15,88,218,18,5,0,5,MIBR,100 Thieves,13.0,4.0,2.0,0.0
https://www.vlr.gg/475897/mibr-vs-100-thieves-champions-tour-2025-americas-stage-1-ubr1,2,Icebox,Verno,MIBR,Sova,1.38,160,10,5,5,5,88,121,32,1,2,-1,MIBR,100 Thieves,13.0,4.0,2.0,0.0
https://www.vlr.gg/475897/mibr-vs-100-thieves-champions-tour-2025-americas-stage-1-ubr1,2,Icebox,cortezia,MIBR,Killjoy,1.37,276,17,11,10,6,100,201,21,2,1,1,MIBR,100 Thieves,13.0,4.0,2.0,0.0
https://www.vlr.gg/475897/mibr-vs-100-thieves-champions-tour-2025-americas-stage-1-ubr1,2,Icebox,xenom,MIBR,Viper,1.25,252,17,11,8,6,88,165,27,2,0,2,MIBR,100 Thieves,13.0,4.0,2.0,0.0
https://www.vlr.gg/475897/mibr-vs-100-thieves-champions-tour-2025-americas-stage-1-ubr1,2,Icebox,artzin,MIBR,Harbor,0.79,192,12,11,3,1,76,117,29,3,1,2,MIBR,100 Thieves,13.0,4.0,2.0,0.0
https://www.vlr.gg/475897/mibr-vs-100-thieves-champions-tour-2025-americas-stage-1-ubr1,2,Icebox,eeiu,100T,Sova,1.37,281,17,15,2,2,76,182,44,1,1,0,MIBR,MIBR,4.0,13.0,0.0,2.0
https://www.vlr.gg/475897/mibr-vs-100-thieves-champions-tour-2025-americas-stage-1-ubr1,2,Icebox,Cryocells,100T,Jett,0.87,195,12,16,2,-4,76,129,14,0,4,-4,MIBR,MIBR,4.0,13.0,0.0,2.0
https://www.vlr.gg/475897/mibr-vs-100-thieves-champions-tour-2025-americas-stage-1-ubr1,2,Icebox,zander,100T,Viper,0.42,113,4,15,10,-11,71,82,16,1,3,-2,MIBR,MIBR,4.0,13.0,0.0,2.0
https://www.vlr.gg/475897/mibr-vs-100-thieves-champions-tour-2025-americas-stage-1-ubr1,2,Icebox,Boostio,100T,Killjoy,0.39,123,7,17,1,-10,47,77,32,1,1,0,MIBR,MIBR,4.0,13.0,0.0,2.0
https://www.vlr.gg/475897/mibr-vs-100-thieves-champions-tour-2025-americas-stage-1-ubr1,2,Icebox,Asuna,100T,Gekko,0.22,103,7,17,4,-10,53,50,36,1,4,-3,MIBR,MIBR,4.0,13.0,0.0,2.0
https://www.vlr.gg/475899/kr-esports-vs-mibr-champions-tour-2025-americas-stage-1-ubsf,0,Lotus,Shyy,KRÜ,Vyse,1.59,325,26,13,5,13,81,221,39,1,1,0,MIBR,VISA KRÜ(KRÜ Esports),13.0,8.0,2.0,0.0
https://www.vlr.gg/475899/kr-esports-vs-mibr-champions-tour-2025-americas-stage-1-ubsf,0,Lotus,keznit,KRÜ,Neon,1.13,259,18,18,6,0,71,175,32,6,4,2,MIBR,VISA KRÜ(KRÜ Esports),13.0,8.0,2.0,0.0
https://www.vlr.gg/475899/kr-esports-vs-mibr-champions-tour-2025-americas-stage-1-ubsf,0,Lotus,adverso,KRÜ,Tejo,0.65,140,9,15,4,-6,67,100,23,1,2,-1,MIBR,VISA KRÜ(KRÜ Esports),13.0,8.0,2.0,0.0
https://www.vlr.gg/475899/kr-esports-vs-mibr-champions-tour-2025-americas-stage-1-ubsf,0,Lotus,Mazino,KRÜ,Breach,0.62,155,9,17,8,-8,81,114,14,2,0,2,MIBR,VISA KRÜ(KRÜ Esports),13.0,8.0,2.0,0.0
https://www.vlr.gg/475899/kr-esports-vs-mibr-champions-tour-2025-americas-stage-1-ubsf,0,Lotus,Melser,KRÜ,Omen,0.58,114,8,15,5,-7,67,76,19,1,3,-2,MIBR,VISA KRÜ(KRÜ Esports),13.0,8.0,2.0,0.0
https://www.vlr.gg/475899/kr-esports-vs-mibr-champions-tour-2025-americas-stage-1-ubsf,0,Lotus,aspas,MIBR,Neon,1.4,266,20,13,5,7,81,161,29,3,3,0,MIBR,VISA KRÜ(KRÜ Esports),13.0,8.0,2.0,0.0
https://www.vlr.gg/475899/kr-esports-vs-mibr-champions-tour-2025-americas-stage-1-ubsf,0,Lotus,Verno,MIBR,Tejo,1.32,238,18,12,6,6,76,147,24,3,1,2,MIBR,VISA KRÜ(KRÜ Esports),13.0,8.0,2.0,0.0
https://www.vlr.gg/475899/kr-esports-vs-mibr-champions-tour-2025-americas-stage-1-ubsf,0,Lotus,cortezia,MIBR,Omen,1.22,242,18,14,11,4,71,152,57,3,4,-1,MIBR,VISA KRÜ(KRÜ Esports),13.0,8.0,2.0,0.0
https://www.vlr.gg/475899/kr-esports-vs-mibr-champions-tour-2025-americas-stage-1-ubsf,0,Lotus,xenom,MIBR,Viper,0.93,119,9,12,10,-3,71,80,26,0,2,-2,MIBR,VISA KRÜ(KRÜ Esports),13.0,8.0,2.0,0.0
https://www.vlr.gg/475899/kr-esports-vs-mibr-champions-tour-2025-americas-stage-1-ubsf,0,Lotus,artzin,MIBR,Breach,0.68,182,13,19,9,-6,67,121,27,1,1,0,MIBR,VISA KRÜ(KRÜ Esports),13.0,8.0,2.0,0.0
https://www.vlr.gg/475899/kr-esports-vs-mibr-champions-tour-2025-americas-stage-1-ubsf,1,AllMaps,Shyy,KRÜ,Vyse,1.16,217,33,25,6,8,69,150,30,1,2,-1,MIBR,VISA KRÜ(KRÜ Esports),26.0,13.0,2.0,0.0
https://www.vlr.gg/475899/kr-esports-vs-mibr-champions-tour-2025-americas-stage-1-ubsf,1,AllMaps,keznit,KRÜ,Neon,0.98,199,26,30,9,-4,67,136,27,9,6,3,MIBR,VISA KRÜ(KRÜ Esports),26.0,13.0,2.0,0.0
https://www.vlr.gg/475899/kr-esports-vs-mibr-champions-tour-2025-americas-stage-1-ubsf,1,AllMaps,adverso,KRÜ,Tejo,0.8,174,21,29,7,-8,62,117,21,3,4,-1,MIBR,VISA KRÜ(KRÜ Esports),26.0,13.0,2.0,0.0
https://www.vlr.gg/475899/kr-esports-vs-mibr-champions-tour-2025-americas-stage-1-ubsf,1,AllMaps,Mazino,KRÜ,Breach,0.7,169,20,31,12,-11,74,113,21,5,2,3,MIBR,VISA KRÜ(KRÜ Esports),26.0,13.0,2.0,0.0
https://www.vlr.gg/475899/kr-esports-vs-mibr-champions-tour-2025-americas-stage-1-ubsf,1,AllMaps,Melser,KRÜ,Omen,0.64,123,15,27,8,-12,72,86,21,2,5,-3,MIBR,VISA KRÜ(KRÜ Esports),26.0,13.0,2.0,0.0
https://www.vlr.gg/475899/kr-esports-vs-mibr-champions-tour-2025-americas-stage-1-ubsf,1,AllMaps,aspas,MIBR,Neon,1.34,263,37,23,7,14,77,161,29,5,5,0,MIBR,VISA KRÜ(KRÜ Esports),26.0,13.0,2.0,0.0
https://www.vlr.gg/475899/kr-esports-vs-mibr-champions-tour-2025-americas-stage-1-ubsf,1,AllMaps,Verno,MIBR,Tejo,1.27,194,26,17,14,9,79,130,21,4,3,1,MIBR,VISA KRÜ(KRÜ Esports),26.0,13.0,2.0,0.0
https://www.vlr.gg/475899/kr-esports-vs-mibr-champions-tour-2025-americas-stage-1-ubsf,1,AllMaps,cortezia,MIBR,Omen,1.15,197,29,22,13,7,79,132,40,4,4,0,MIBR,VISA KRÜ(KRÜ Esports),26.0,13.0,2.0,0.0
https://www.vlr.gg/475899/kr-esports-vs-mibr-champions-tour-2025-americas-stage-1-ubsf,1,AllMaps,artzin,MIBR,Breach,0.94,233,32,30,9,2,69,148,30,4,3,1,MIBR,VISA KRÜ(KRÜ Esports),26.0,13.0,2.0,0.0
https://www.vlr.gg/475899/kr-esports-vs-mibr-champions-tour-2025-americas-stage-1-ubsf,1,AllMaps,xenom,MIBR,Viper,0.85,137,18,23,13,-5,69,92,23,2,5,-3,MIBR,VISA KRÜ(KRÜ Esports),26.0,13.0,2.0,0.0
https://www.vlr.gg/475899/kr-esports-vs-mibr-champions-tour-2025-americas-stage-1-ubsf,2,Icebox,adverso,KRÜ,Sova,0.97,207,12,14,3,-2,56,137,19,2,2,0,MIBR,VISA KRÜ(KRÜ Esports),13.0,5.0,2.0,0.0
https://www.vlr.gg/475899/kr-esports-vs-mibr-champions-tour-2025-americas-stage-1-ubsf,2,Icebox,keznit,KRÜ,Jett,0.81,139,8,12,3,-4,61,90,15,3,2,1,MIBR,VISA KRÜ(KRÜ Esports),13.0,5.0,2.0,0.0
https://www.vlr.gg/475899/kr-esports-vs-mibr-champions-tour-2025-americas-stage-1-ubsf,2,Icebox,Mazino,KRÜ,Harbor,0.79,183,11,14,4,-3,67,112,33,3,2,1,MIBR,VISA KRÜ(KRÜ Esports),13.0,5.0,2.0,0.0
https://www.vlr.gg/475899/kr-esports-vs-mibr-champions-tour-2025-americas-stage-1-ubsf,2,Icebox,Melser,KRÜ,Viper,0.73,131,7,12,3,-5,78,98,22,1,2,-1,MIBR,VISA KRÜ(KRÜ Esports),13.0,5.0,2.0,0.0
https://www.vlr.gg/475899/kr-esports-vs-mibr-champions-tour-2025-americas-stage-1-ubsf,2,Icebox,Shyy,KRÜ,Killjoy,0.66,108,7,12,1,-5,56,68,12,0,1,-1,MIBR,VISA KRÜ(KRÜ Esports),13.0,5.0,2.0,0.0
https://www.vlr.gg/475899/kr-esports-vs-mibr-champions-tour-2025-americas-stage-1-ubsf,2,Icebox,aspas,MIBR,Jett,1.28,259,17,10,2,7,72,161,28,2,2,0,MIBR,VISA KRÜ(KRÜ Esports),13.0,5.0,2.0,0.0
https://www.vlr.gg/475899/kr-esports-vs-mibr-champions-tour-2025-americas-stage-1-ubsf,2,Icebox,artzin,MIBR,Harbor,1.25,284,19,11,0,8,72,179,33,3,2,1,MIBR,VISA KRÜ(KRÜ Esports),13.0,5.0,2.0,0.0
https://www.vlr.gg/475899/kr-esports-vs-mibr-champions-tour-2025-americas-stage-1-ubsf,2,Icebox,Verno,MIBR,Sova,1.21,149,8,5,8,3,83,111,16,1,2,-1,MIBR,VISA KRÜ(KRÜ Esports),13.0,5.0,2.0,0.0
https://www.vlr.gg/475899/kr-esports-vs-mibr-champions-tour-2025-americas-stage-1-ubsf,2,Icebox,cortezia,MIBR,Killjoy,1.06,151,11,8,2,3,89,109,22,1,0,1,MIBR,VISA KRÜ(KRÜ Esports),13.0,5.0,2.0,0.0
https://www.vlr.gg/475899/kr-esports-vs-mibr-champions-tour-2025-americas-stage-1-ubsf,2,Icebox,xenom,MIBR,Viper,0.76,155,9,11,3,-2,67,106,20,2,3,-1,MIBR,VISA KRÜ(KRÜ Esports),13.0,5.0,2.0,0.0
https://www.vlr.gg/475901/mibr-vs-sentinels-champions-tour-2025-americas-stage-1-ubf,0,Lotus,xenom,MIBR,Viper,1.08,199,16,15,0,1,60,126,56,3,2,1,Sentinels,Sentinels,7.0,13.0,0.0,2.0
https://www.vlr.gg/475901/mibr-vs-sentinels-champions-tour-2025-americas-stage-1-ubf,0,Lotus,cortezia,MIBR,Omen,1.07,191,13,13,4,0,55,134,52,0,3,-3,Sentinels,Sentinels,7.0,13.0,0.0,2.0
https://www.vlr.gg/475901/mibr-vs-sentinels-champions-tour-2025-americas-stage-1-ubf,0,Lotus,Verno,MIBR,Tejo,0.85,146,10,14,3,-4,65,93,35,0,2,-2,Sentinels,Sentinels,7.0,13.0,0.0,2.0
https://www.vlr.gg/475901/mibr-vs-sentinels-champions-tour-2025-americas-stage-1-ubf,0,Lotus,aspas,MIBR,Neon,0.64,182,11,17,3,-6,60,128,25,2,3,-1,Sentinels,Sentinels,7.0,13.0,0.0,2.0
https://www.vlr.gg/475901/mibr-vs-sentinels-champions-tour-2025-americas-stage-1-ubf,0,Lotus,artzin,MIBR,Breach,0.52,134,7,16,9,-9,55,89,24,1,4,-3,Sentinels,Sentinels,7.0,13.0,0.0,2.0
https://www.vlr.gg/475901/mibr-vs-sentinels-champions-tour-2025-americas-stage-1-ubf,0,Lotus,johnqt,SEN,Breach,1.57,211,15,7,13,8,95,146,44,1,0,1,Sentinels,MIBR,13.0,7.0,2.0,0.0
https://www.vlr.gg/475901/mibr-vs-sentinels-champions-tour-2025-americas-stage-1-ubf,0,Lotus,zekken,SEN,Yoru,1.52,346,25,13,3,12,70,209,26,7,3,4,Sentinels,MIBR,13.0,7.0,2.0,0.0
https://www.vlr.gg/475901/mibr-vs-sentinels-champions-tour-2025-americas-stage-1-ubf,0,Lotus,N4RRATE,SEN,Tejo,1.09,158,11,10,6,1,95,102,23,1,0,1,Sentinels,MIBR,13.0,7.0,2.0,0.0
https://www.vlr.gg/475901/mibr-vs-sentinels-champions-tour-2025-americas-stage-1-ubf,0,Lotus,bang,SEN,Omen,0.95,194,16,13,4,3,60,116,39,3,1,2,Sentinels,MIBR,13.0,7.0,2.0,0.0
https://www.vlr.gg/475901/mibr-vs-sentinels-champions-tour-2025-americas-stage-1-ubf,0,Lotus,Zellsis,SEN,Viper,0.58,112,8,14,5,-6,60,68,24,2,2,0,Sentinels,MIBR,13.0,7.0,2.0,0.0
https://www.vlr.gg/475901/mibr-vs-sentinels-champions-tour-2025-americas-stage-1-ubf,1,AllMaps,Verno,MIBR,Tejo,1.08,174,27,29,10,-2,68,124,27,1,3,-2,Sentinels,Sentinels,18.0,26.0,0.0,2.0
https://www.vlr.gg/475901/mibr-vs-sentinels-champions-tour-2025-americas-stage-1-ubf,1,AllMaps,xenom,MIBR,Viper,1.07,200,35,31,4,4,66,134,38,4,4,0,Sentinels,Sentinels,18.0,26.0,0.0,2.0
https://www.vlr.gg/475901/mibr-vs-sentinels-champions-tour-2025-americas-stage-1-ubf,1,AllMaps,aspas,MIBR,Neon,0.92,215,34,36,8,-2,66,147,21,10,8,2,Sentinels,Sentinels,18.0,26.0,0.0,2.0
https://www.vlr.gg/475901/mibr-vs-sentinels-champions-tour-2025-americas-stage-1-ubf,1,AllMaps,cortezia,MIBR,Omen,0.87,172,26,33,17,-7,59,112,32,1,4,-3,Sentinels,Sentinels,18.0,26.0,0.0,2.0
https://www.vlr.gg/475901/mibr-vs-sentinels-champions-tour-2025-americas-stage-1-ubf,1,AllMaps,artzin,MIBR,Breach,0.56,129,16,35,21,-19,64,84,19,3,6,-3,Sentinels,Sentinels,18.0,26.0,0.0,2.0
https://www.vlr.gg/475901/mibr-vs-sentinels-champions-tour-2025-americas-stage-1-ubf,1,AllMaps,zekken,SEN,Yoru,1.49,313,49,27,9,22,70,186,28,12,7,5,Sentinels,MIBR,26.0,18.0,2.0,0.0
https://www.vlr.gg/475901/mibr-vs-sentinels-champions-tour-2025-americas-stage-1-ubf,1,AllMaps,johnqt,SEN,Breach,1.27,204,32,23,20,9,86,132,32,2,2,0,Sentinels,MIBR,26.0,18.0,2.0,0.0
https://www.vlr.gg/475901/mibr-vs-sentinels-champions-tour-2025-americas-stage-1-ubf,1,AllMaps,bang,SEN,Omen,1.13,218,36,28,20,8,66,133,36,7,4,3,Sentinels,MIBR,26.0,18.0,2.0,0.0
https://www.vlr.gg/475901/mibr-vs-sentinels-champions-tour-2025-americas-stage-1-ubf,1,AllMaps,N4RRATE,SEN,Tejo,1.13,200,33,27,16,6,84,125,20,2,2,0,Sentinels,MIBR,26.0,18.0,2.0,0.0
https://www.vlr.gg/475901/mibr-vs-sentinels-champions-tour-2025-americas-stage-1-ubf,1,AllMaps,Zellsis,SEN,Viper,0.48,102,14,33,14,-19,66,68,34,2,4,-2,Sentinels,MIBR,26.0,18.0,2.0,0.0
https://www.vlr.gg/475901/mibr-vs-sentinels-champions-tour-2025-americas-stage-1-ubf,2,Split,Verno,MIBR,Tejo,1.28,202,17,15,7,2,71,149,23,1,1,0,Sentinels,Sentinels,11.0,13.0,0.0,2.0
https://www.vlr.gg/475901/mibr-vs-sentinels-champions-tour-2025-americas-stage-1-ubf,2,Split,aspas,MIBR,Jett,1.15,248,23,19,5,4,71,163,18,8,5,3,Sentinels,Sentinels,11.0,13.0,0.0,2.0
https://www.vlr.gg/475901/mibr-vs-sentinels-champions-tour-2025-americas-stage-1-ubf,2,Split,xenom,MIBR,Viper,1.07,200,19,16,4,3,71,140,28,1,2,-1,Sentinels,Sentinels,11.0,13.0,0.0,2.0
https://www.vlr.gg/475901/mibr-vs-sentinels-champions-tour-2025-americas-stage-1-ubf,2,Split,cortezia,MIBR,Omen,0.7,152,13,20,13,-7,63,94,20,1,1,0,Sentinels,Sentinels,11.0,13.0,0.0,2.0
https://www.vlr.gg/475901/mibr-vs-sentinels-champions-tour-2025-americas-stage-1-ubf,2,Split,artzin,MIBR,Breach,0.6,124,9,19,12,-10,71,81,15,2,2,0,Sentinels,Sentinels,11.0,13.0,0.0,2.0
https://www.vlr.gg/475901/mibr-vs-sentinels-champions-tour-2025-americas-stage-1-ubf,2,Split,zekken,SEN,Yoru,1.46,280,24,14,6,10,71,167,30,5,4,1,Sentinels,MIBR,13.0,11.0,2.0,0.0
https://www.vlr.gg/475901/mibr-vs-sentinels-champions-tour-2025-americas-stage-1-ubf,2,Split,bang,SEN,Omen,1.29,241,20,15,16,5,71,146,34,4,3,1,Sentinels,MIBR,13.0,11.0,2.0,0.0
https://www.vlr.gg/475901/mibr-vs-sentinels-champions-tour-2025-americas-stage-1-ubf,2,Split,N4RRATE,SEN,Breach,1.17,241,22,17,10,5,75,144,18,1,2,-1,Sentinels,MIBR,13.0,11.0,2.0,0.0
https://www.vlr.gg/475901/mibr-vs-sentinels-champions-tour-2025-americas-stage-1-ubf,2,Split,johnqt,SEN,Tejo,1.02,197,17,16,7,1,79,121,22,1,2,-1,Sentinels,MIBR,13.0,11.0,2.0,0.0
https://www.vlr.gg/475901/mibr-vs-sentinels-champions-tour-2025-americas-stage-1-ubf,2,Split,Zellsis,SEN,Viper,0.39,91,6,19,9,-13,71,68,50,0,2,-2,Sentinels,MIBR,13.0,11.0,2.0,0.0
https://www.vlr.gg/475902/sentinels-vs-g2-esports-champions-tour-2025-americas-stage-1-gf,0,Haven,zekken,SEN,Neon,1.21,281,22,16,4,6,64,172,32,4,6,-2,G2 Esports,Sentinels,13.0,9.0,3.0,1.0
https://www.vlr.gg/475902/sentinels-vs-g2-esports-champions-tour-2025-americas-stage-1-gf,0,Haven,bang,SEN,Omen,1.06,214,16,15,7,1,68,124,30,1,2,-1,G2 Esports,Sentinels,13.0,9.0,3.0,1.0
https://www.vlr.gg/475902/sentinels-vs-g2-esports-champions-tour-2025-americas-stage-1-gf,0,Haven,johnqt,SEN,Breach,1.0,175,13,15,13,-2,68,107,25,0,1,-1,G2 Esports,Sentinels,13.0,9.0,3.0,1.0
https://www.vlr.gg/475902/sentinels-vs-g2-esports-champions-tour-2025-americas-stage-1-gf,0,Haven,N4RRATE,SEN,Sova,0.74,175,12,17,8,-5,59,129,26,1,1,0,G2 Esports,Sentinels,13.0,9.0,3.0,1.0
https://www.vlr.gg/475902/sentinels-vs-g2-esports-champions-tour-2025-americas-stage-1-gf,0,Haven,Zellsis,SEN,Cypher,0.69,168,13,16,3,-3,64,120,28,1,5,-4,G2 Esports,Sentinels,13.0,9.0,3.0,1.0
https://www.vlr.gg/475902/sentinels-vs-g2-esports-champions-tour-2025-americas-stage-1-gf,0,Haven,trent,G2,Tejo,1.66,253,21,11,7,10,82,171,30,4,1,3,G2 Esports,Sentinels,13.0,9.0,3.0,1.0
https://www.vlr.gg/475902/sentinels-vs-g2-esports-champions-tour-2025-americas-stage-1-gf,0,Haven,valyn,G2,Astra,1.37,251,21,15,6,6,73,152,33,3,1,2,G2 Esports,Sentinels,13.0,9.0,3.0,1.0
https://www.vlr.gg/475902/sentinels-vs-g2-esports-champions-tour-2025-americas-stage-1-gf,0,Haven,leaf,G2,Vyse,0.95,196,15,17,6,-2,59,136,22,2,2,0,G2 Esports,Sentinels,13.0,9.0,3.0,1.0
https://www.vlr.gg/475902/sentinels-vs-g2-esports-champions-tour-2025-americas-stage-1-gf,0,Haven,JonahP,G2,Breach,0.8,147,11,16,13,-5,73,95,27,1,1,0,G2 Esports,Sentinels,13.0,9.0,3.0,1.0
https://www.vlr.gg/475902/sentinels-vs-g2-esports-champions-tour-2025-americas-stage-1-gf,0,Haven,jawgemo,G2,Yoru,0.66,158,11,17,3,-6,68,103,11,5,2,3,G2 Esports,Sentinels,13.0,9.0,3.0,1.0
https://www.vlr.gg/475902/sentinels-vs-g2-esports-champions-tour-2025-americas-stage-1-gf,1,AllMaps,johnqt,SEN,Breach,1.05,174,57,54,32,3,67,110,22,4,6,-2,G2 Esports,Sentinels,49.0,41.0,3.0,1.0
https://www.vlr.gg/475902/sentinels-vs-g2-esports-champions-tour-2025-americas-stage-1-gf,1,AllMaps,bang,SEN,Omen,0.99,214,64,67,32,-3,71,130,33,9,9,0,G2 Esports,Sentinels,49.0,41.0,3.0,1.0
https://www.vlr.gg/475902/sentinels-vs-g2-esports-champions-tour-2025-americas-stage-1-gf,1,AllMaps,zekken,SEN,Neon,0.96,226,72,69,12,3,64,139,25,18,15,3,G2 Esports,Sentinels,49.0,41.0,3.0,1.0
https://www.vlr.gg/475902/sentinels-vs-g2-esports-champions-tour-2025-americas-stage-1-gf,1,AllMaps,N4RRATE,SEN,Sova,0.87,173,51,64,34,-13,72,124,23,6,4,2,G2 Esports,Sentinels,49.0,41.0,3.0,1.0
https://www.vlr.gg/475902/sentinels-vs-g2-esports-champions-tour-2025-americas-stage-1-gf,1,AllMaps,Zellsis,SEN,Cypher,0.84,180,55,65,23,-10,66,124,25,7,12,-5,G2 Esports,Sentinels,49.0,41.0,3.0,1.0
https://www.vlr.gg/475902/sentinels-vs-g2-esports-champions-tour-2025-americas-stage-1-gf,1,AllMaps,trent,G2,Tejo,1.35,220,73,51,28,22,78,154,28,11,4,7,G2 Esports,Sentinels,49.0,41.0,3.0,1.0
https://www.vlr.gg/475902/sentinels-vs-g2-esports-champions-tour-2025-americas-stage-1-gf,1,AllMaps,valyn,G2,Astra,1.11,201,70,60,20,10,74,130,28,6,7,-1,G2 Esports,Sentinels,49.0,41.0,3.0,1.0
https://www.vlr.gg/475902/sentinels-vs-g2-esports-champions-tour-2025-americas-stage-1-gf,1,AllMaps,leaf,G2,Vyse,1.0,200,63,65,27,-2,71,134,22,9,8,1,G2 Esports,Sentinels,49.0,41.0,3.0,1.0
https://www.vlr.gg/475902/sentinels-vs-g2-esports-champions-tour-2025-americas-stage-1-gf,1,AllMaps,jawgemo,G2,Yoru,0.96,206,62,63,22,-1,71,133,18,16,18,-2,G2 Esports,Sentinels,49.0,41.0,3.0,1.0
https://www.vlr.gg/475902/sentinels-vs-g2-esports-champions-tour-2025-americas-stage-1-gf,1,AllMaps,JonahP,G2,Breach,0.94,168,51,60,52,-9,74,101,20,4,7,-3,G2 Esports,Sentinels,49.0,41.0,3.0,1.0
https://www.vlr.gg/475902/sentinels-vs-g2-esports-champions-tour-2025-americas-stage-1-gf,2,Split,zekken,SEN,Yoru,1.12,258,19,16,2,3,64,150,22,7,3,4,G2 Esports,Sentinels,13.0,9.0,3.0,1.0
https://www.vlr.gg/475902/sentinels-vs-g2-esports-champions-tour-2025-americas-stage-1-gf,2,Split,N4RRATE,SEN,Breach,0.99,174,15,14,8,1,82,104,24,1,0,1,G2 Esports,Sentinels,13.0,9.0,3.0,1.0
https://www.vlr.gg/475902/sentinels-vs-g2-esports-champions-tour-2025-americas-stage-1-gf,2,Split,johnqt,SEN,Tejo,0.95,165,14,11,3,3,68,98,20,1,0,1,G2 Esports,Sentinels,13.0,9.0,3.0,1.0
https://www.vlr.gg/475902/sentinels-vs-g2-esports-champions-tour-2025-americas-stage-1-gf,2,Split,bang,SEN,Omen,0.77,160,11,16,10,-5,73,94,27,2,2,0,G2 Esports,Sentinels,13.0,9.0,3.0,1.0
https://www.vlr.gg/475902/sentinels-vs-g2-esports-champions-tour-2025-americas-stage-1-gf,2,Split,Zellsis,SEN,Viper,0.77,135,9,13,6,-4,68,93,24,2,4,-2,G2 Esports,Sentinels,13.0,9.0,3.0,1.0
https://www.vlr.gg/475902/sentinels-vs-g2-esports-champions-tour-2025-americas-stage-1-gf,2,Split,valyn,G2,Omen,1.19,225,20,14,4,6,82,149,26,1,4,-3,G2 Esports,Sentinels,13.0,9.0,3.0,1.0
https://www.vlr.gg/475902/sentinels-vs-g2-esports-champions-tour-2025-americas-stage-1-gf,2,Split,leaf,G2,Viper,1.04,216,16,15,7,1,68,148,12,2,4,-2,G2 Esports,Sentinels,13.0,9.0,3.0,1.0
https://www.vlr.gg/475902/sentinels-vs-g2-esports-champions-tour-2025-americas-stage-1-gf,2,Split,trent,G2,Tejo,0.96,161,12,13,4,-1,68,104,28,1,1,0,G2 Esports,Sentinels,13.0,9.0,3.0,1.0
https://www.vlr.gg/475902/sentinels-vs-g2-esports-champions-tour-2025-americas-stage-1-gf,2,Split,jawgemo,G2,Yoru,0.95,187,13,14,6,-1,68,115,13,3,4,-1,G2 Esports,Sentinels,13.0,9.0,3.0,1.0
https://www.vlr.gg/475902/sentinels-vs-g2-esports-champions-tour-2025-americas-stage-1-gf,2,Split,JonahP,G2,Breach,0.86,107,9,12,11,-3,68,62,20,2,0,2,G2 Esports,Sentinels,13.0,9.0,3.0,1.0
https://www.vlr.gg/475902/sentinels-vs-g2-esports-champions-tour-2025-americas-stage-1-gf,3,Pearl,johnqt,SEN,Tejo,1.57,241,22,12,4,10,74,158,29,1,1,0,Sentinels,Sentinels,10.0,13.0,3.0,1.0
https://www.vlr.gg/475902/sentinels-vs-g2-esports-champions-tour-2025-americas-stage-1-gf,3,Pearl,Zellsis,SEN,Vyse,1.12,264,21,18,8,3,70,178,25,2,3,-1,Sentinels,Sentinels,10.0,13.0,3.0,1.0
https://www.vlr.gg/475902/sentinels-vs-g2-esports-champions-tour-2025-americas-stage-1-gf,3,Pearl,bang,SEN,Astra,1.0,239,20,18,4,2,70,144,35,4,4,0,Sentinels,Sentinels,10.0,13.0,3.0,1.0
https://www.vlr.gg/475902/sentinels-vs-g2-esports-champions-tour-2025-americas-stage-1-gf,3,Pearl,N4RRATE,SEN,Fade,0.65,113,6,16,11,-10,70,88,16,0,2,-2,Sentinels,Sentinels,10.0,13.0,3.0,1.0
https://www.vlr.gg/475902/sentinels-vs-g2-esports-champions-tour-2025-americas-stage-1-gf,3,Pearl,zekken,SEN,Yoru,0.55,126,11,18,4,-7,57,80,21,3,3,0,Sentinels,Sentinels,10.0,13.0,3.0,1.0
https://www.vlr.gg/475902/sentinels-vs-g2-esports-champions-tour-2025-americas-stage-1-gf,3,Pearl,trent,G2,Tejo,1.19,198,17,14,5,3,74,146,35,5,2,3,Sentinels,Sentinels,10.0,13.0,3.0,1.0
https://www.vlr.gg/475902/sentinels-vs-g2-esports-champions-tour-2025-americas-stage-1-gf,3,Pearl,jawgemo,G2,Yoru,1.19,257,20,15,8,5,70,167,22,4,3,1,Sentinels,Sentinels,10.0,13.0,3.0,1.0
https://www.vlr.gg/475902/sentinels-vs-g2-esports-champions-tour-2025-americas-stage-1-gf,3,Pearl,JonahP,G2,Fade,1.1,234,19,17,10,2,74,137,26,0,4,-4,Sentinels,Sentinels,10.0,13.0,3.0,1.0
https://www.vlr.gg/475902/sentinels-vs-g2-esports-champions-tour-2025-americas-stage-1-gf,3,Pearl,valyn,G2,Astra,0.91,164,14,16,2,-2,65,122,24,1,1,0,Sentinels,Sentinels,10.0,13.0,3.0,1.0
https://www.vlr.gg/475902/sentinels-vs-g2-esports-champions-tour-2025-americas-stage-1-gf,3,Pearl,leaf,G2,Vyse,0.74,154,12,18,6,-6,74,91,28,3,0,3,Sentinels,Sentinels,10.0,13.0,3.0,1.0
https://www.vlr.gg/475902/sentinels-vs-g2-esports-champions-tour-2025-americas-stage-1-gf,4,Ascent,bang,SEN,Omen,1.11,243,17,18,11,-1,74,155,41,2,1,1,G2 Esports,Sentinels,13.0,10.0,3.0,1.0
https://www.vlr.gg/475902/sentinels-vs-g2-esports-champions-tour-2025-americas-stage-1-gf,4,Ascent,N4RRATE,SEN,Tejo,1.09,229,18,17,7,1,78,175,24,4,1,3,G2 Esports,Sentinels,13.0,10.0,3.0,1.0
https://www.vlr.gg/475902/sentinels-vs-g2-esports-champions-tour-2025-americas-stage-1-gf,4,Ascent,zekken,SEN,Jett,0.98,239,20,19,2,1,74,155,24,4,3,1,G2 Esports,Sentinels,13.0,10.0,3.0,1.0
https://www.vlr.gg/475902/sentinels-vs-g2-esports-champions-tour-2025-americas-stage-1-gf,4,Ascent,Zellsis,SEN,Vyse,0.79,154,12,18,6,-6,61,103,23,2,0,2,G2 Esports,Sentinels,13.0,10.0,3.0,1.0
https://www.vlr.gg/475902/sentinels-vs-g2-esports-champions-tour-2025-americas-stage-1-gf,4,Ascent,johnqt,SEN,Kayo,0.69,116,8,16,12,-8,57,77,13,2,4,-2,G2 Esports,Sentinels,13.0,10.0,3.0,1.0
https://www.vlr.gg/475902/sentinels-vs-g2-esports-champions-tour-2025-americas-stage-1-gf,4,Ascent,trent,G2,Tejo,1.56,267,23,13,12,10,87,195,22,1,0,1,G2 Esports,Sentinels,13.0,10.0,3.0,1.0
https://www.vlr.gg/475902/sentinels-vs-g2-esports-champions-tour-2025-americas-stage-1-gf,4,Ascent,leaf,G2,Vyse,1.26,235,20,15,8,5,83,162,30,2,2,0,G2 Esports,Sentinels,13.0,10.0,3.0,1.0
https://www.vlr.gg/475902/sentinels-vs-g2-esports-champions-tour-2025-americas-stage-1-gf,4,Ascent,jawgemo,G2,Waylay,1.04,220,18,17,5,1,78,147,24,4,9,-5,G2 Esports,Sentinels,13.0,10.0,3.0,1.0
https://www.vlr.gg/475902/sentinels-vs-g2-esports-champions-tour-2025-americas-stage-1-gf,4,Ascent,JonahP,G2,Kayo,0.98,183,12,15,18,-3,83,107,13,1,2,-1,G2 Esports,Sentinels,13.0,10.0,3.0,1.0
https://www.vlr.gg/475902/sentinels-vs-g2-esports-champions-tour-2025-americas-stage-1-gf,4,Ascent,valyn,G2,Omen,0.96,162,15,15,8,0,78,99,29,1,1,0,G2 Esports,Sentinels,13.0,10.0,3.0,1.0
https://www.vlr.gg/475898/sentinels-vs-cloud9-champions-tour-2025-americas-stage-1-ubr1,0,Ascent,zekken,SEN,Jett,1.58,305,24,14,5,10,82,185,21,7,5,2,Sentinels,Sentinels,9.0,13.0,0.0,2.0
https://www.vlr.gg/475898/sentinels-vs-cloud9-champions-tour-2025-americas-stage-1-ubr1,0,Ascent,johnqt,SEN,Kayo,1.11,222,17,14,13,3,86,150,37,0,0,0,Sentinels,Sentinels,9.0,13.0,0.0,2.0
https://www.vlr.gg/475898/sentinels-vs-cloud9-champions-tour-2025-americas-stage-1-ubr1,0,Ascent,Zellsis,SEN,Vyse,1.11,189,16,13,7,3,82,129,29,2,2,0,Sentinels,Sentinels,9.0,13.0,0.0,2.0
https://www.vlr.gg/475898/sentinels-vs-cloud9-champions-tour-2025-americas-stage-1-ubr1,0,Ascent,N4RRATE,SEN,Tejo,1.07,245,18,15,8,3,82,168,22,2,1,1,Sentinels,Sentinels,9.0,13.0,0.0,2.0
https://www.vlr.gg/475898/sentinels-vs-cloud9-champions-tour-2025-americas-stage-1-ubr1,0,Ascent,bang,SEN,Omen,0.93,182,15,14,10,1,82,107,28,1,2,-1,Sentinels,Sentinels,9.0,13.0,0.0,2.0
https://www.vlr.gg/475898/sentinels-vs-cloud9-champions-tour-2025-americas-stage-1-ubr1,0,Ascent,mitch,C9,Sova,1.58,275,23,15,5,8,73,176,25,4,1,3,Sentinels,Sentinels,9.0,13.0,0.0,2.0
https://www.vlr.gg/475898/sentinels-vs-cloud9-champions-tour-2025-americas-stage-1-ubr1,0,Ascent,v1c,C9,Omen,0.79,155,10,18,11,-8,59,109,39,0,0,0,Sentinels,Sentinels,9.0,13.0,0.0,2.0
https://www.vlr.gg/475898/sentinels-vs-cloud9-champions-tour-2025-americas-stage-1-ubr1,0,Ascent,OXY,C9,Yoru,0.79,161,14,18,9,-4,68,108,28,1,6,-5,Sentinels,Sentinels,9.0,13.0,0.0,2.0
https://www.vlr.gg/475898/sentinels-vs-cloud9-champions-tour-2025-americas-stage-1-ubr1,0,Ascent,Xeppaa,C9,Vyse,0.7,159,11,19,5,-8,59,121,33,1,1,0,Sentinels,Sentinels,9.0,13.0,0.0,2.0
https://www.vlr.gg/475898/sentinels-vs-cloud9-champions-tour-2025-americas-stage-1-ubr1,0,Ascent,neT,C9,Deadlock,0.62,167,12,20,5,-8,64,102,25,4,4,0,Sentinels,Sentinels,9.0,13.0,0.0,2.0
https://www.vlr.gg/475898/sentinels-vs-cloud9-champions-tour-2025-americas-stage-1-ubr1,1,AllMaps,zekken,SEN,Jett,1.35,275,45,32,9,13,82,169,26,10,8,2,Sentinels,Sentinels,18.0,26.0,0.0,2.0
https://www.vlr.gg/475898/sentinels-vs-cloud9-champions-tour-2025-americas-stage-1-ubr1,1,AllMaps,bang,SEN,Omen,1.18,228,36,28,20,8,82,137,26,4,3,1,Sentinels,Sentinels,18.0,26.0,0.0,2.0
https://www.vlr.gg/475898/sentinels-vs-cloud9-champions-tour-2025-americas-stage-1-ubr1,1,AllMaps,johnqt,SEN,Kayo,1.04,207,33,28,16,5,86,149,22,3,0,3,Sentinels,Sentinels,18.0,26.0,0.0,2.0
https://www.vlr.gg/475898/sentinels-vs-cloud9-champions-tour-2025-americas-stage-1-ubr1,1,AllMaps,Zellsis,SEN,Vyse,1.03,175,29,27,12,2,77,114,24,3,7,-4,Sentinels,Sentinels,18.0,26.0,0.0,2.0
https://www.vlr.gg/475898/sentinels-vs-cloud9-champions-tour-2025-americas-stage-1-ubr1,1,AllMaps,N4RRATE,SEN,Tejo,0.94,200,29,32,24,-3,77,131,25,4,3,1,Sentinels,Sentinels,18.0,26.0,0.0,2.0
https://www.vlr.gg/475898/sentinels-vs-cloud9-champions-tour-2025-americas-stage-1-ubr1,1,AllMaps,mitch,C9,Sova,1.17,215,35,32,10,3,73,142,23,5,4,1,Sentinels,Sentinels,18.0,26.0,0.0,2.0
https://www.vlr.gg/475898/sentinels-vs-cloud9-champions-tour-2025-americas-stage-1-ubr1,1,AllMaps,v1c,C9,Omen,0.93,167,26,33,17,-7,77,116,40,3,2,1,Sentinels,Sentinels,18.0,26.0,0.0,2.0
https://www.vlr.gg/475898/sentinels-vs-cloud9-champions-tour-2025-americas-stage-1-ubr1,1,AllMaps,OXY,C9,Yoru,0.89,191,30,34,11,-4,70,126,32,4,9,-5,Sentinels,Sentinels,18.0,26.0,0.0,2.0
https://www.vlr.gg/475898/sentinels-vs-cloud9-champions-tour-2025-americas-stage-1-ubr1,1,AllMaps,Xeppaa,C9,Vyse,0.86,192,27,36,15,-9,68,137,36,2,3,-1,Sentinels,Sentinels,18.0,26.0,0.0,2.0
https://www.vlr.gg/475898/sentinels-vs-cloud9-champions-tour-2025-americas-stage-1-ubr1,1,AllMaps,neT,C9,Deadlock,0.6,157,24,37,7,-13,66,95,26,6,5,1,Sentinels,Sentinels,18.0,26.0,0.0,2.0
https://www.vlr.gg/475898/sentinels-vs-cloud9-champions-tour-2025-americas-stage-1-ubr1,2,Pearl,bang,SEN,Astra,1.43,274,21,14,10,7,82,167,25,3,1,2,Sentinels,Sentinels,9.0,13.0,0.0,2.0
https://www.vlr.gg/475898/sentinels-vs-cloud9-champions-tour-2025-americas-stage-1-ubr1,2,Pearl,zekken,SEN,Yoru,1.12,244,21,18,4,3,82,153,33,3,3,0,Sentinels,Sentinels,9.0,13.0,0.0,2.0
https://www.vlr.gg/475898/sentinels-vs-cloud9-champions-tour-2025-americas-stage-1-ubr1,2,Pearl,johnqt,SEN,Tejo,0.96,191,16,14,3,2,86,149,13,3,0,3,Sentinels,Sentinels,9.0,13.0,0.0,2.0
https://www.vlr.gg/475898/sentinels-vs-cloud9-champions-tour-2025-americas-stage-1-ubr1,2,Pearl,Zellsis,SEN,Vyse,0.94,161,13,14,5,-1,73,100,18,1,5,-4,Sentinels,Sentinels,9.0,13.0,0.0,2.0
https://www.vlr.gg/475898/sentinels-vs-cloud9-champions-tour-2025-americas-stage-1-ubr1,2,Pearl,N4RRATE,SEN,Fade,0.81,155,11,17,16,-6,73,93,31,2,2,0,Sentinels,Sentinels,9.0,13.0,0.0,2.0
https://www.vlr.gg/475898/sentinels-vs-cloud9-champions-tour-2025-americas-stage-1-ubr1,2,Pearl,v1c,C9,Astra,1.07,178,16,15,6,1,95,123,41,3,2,1,Sentinels,Sentinels,9.0,13.0,0.0,2.0
https://www.vlr.gg/475898/sentinels-vs-cloud9-champions-tour-2025-americas-stage-1-ubr1,2,Pearl,Xeppaa,C9,Yoru,1.03,224,16,17,10,-1,77,154,38,1,2,-1,Sentinels,Sentinels,9.0,13.0,0.0,2.0
https://www.vlr.gg/475898/sentinels-vs-cloud9-champions-tour-2025-americas-stage-1-ubr1,2,Pearl,OXY,C9,Jett,0.98,220,16,16,2,0,73,145,35,3,3,0,Sentinels,Sentinels,9.0,13.0,0.0,2.0
https://www.vlr.gg/475898/sentinels-vs-cloud9-champions-tour-2025-americas-stage-1-ubr1,2,Pearl,mitch,C9,Sova,0.76,155,12,17,5,-5,73,108,20,1,3,-2,Sentinels,Sentinels,9.0,13.0,0.0,2.0
https://www.vlr.gg/475898/sentinels-vs-cloud9-champions-tour-2025-americas-stage-1-ubr1,2,Pearl,neT,C9,Cypher,0.58,147,12,17,2,-5,68,88,26,2,1,1,Sentinels,Sentinels,9.0,13.0,0.0,2.0
https://www.vlr.gg/475900/g2-esports-vs-sentinels-champions-tour-2025-americas-stage-1-ubsf,0,Split,trent,G2,Tejo,1.94,251,18,5,6,13,94,174,31,1,0,1,G2 Esports,G2 Esports,5.0,13.0,2.0,1.0
https://www.vlr.gg/475900/g2-esports-vs-sentinels-champions-tour-2025-americas-stage-1-ubsf,0,Split,valyn,G2,Omen,1.49,262,18,10,8,8,89,181,27,0,3,-3,G2 Esports,G2 Esports,5.0,13.0,2.0,1.0
https://www.vlr.gg/475900/g2-esports-vs-sentinels-champions-tour-2025-americas-stage-1-ubsf,0,Split,leaf,G2,Viper,1.08,223,14,12,4,2,72,130,22,4,4,0,G2 Esports,G2 Esports,5.0,13.0,2.0,1.0
https://www.vlr.gg/475900/g2-esports-vs-sentinels-champions-tour-2025-americas-stage-1-ubsf,0,Split,jawgemo,G2,Yoru,1.06,221,13,13,8,0,89,154,25,2,3,-1,G2 Esports,G2 Esports,5.0,13.0,2.0,1.0
https://www.vlr.gg/475900/g2-esports-vs-sentinels-champions-tour-2025-americas-stage-1-ubsf,0,Split,JonahP,G2,Breach,1.04,147,11,9,7,2,89,109,27,0,1,-1,G2 Esports,G2 Esports,5.0,13.0,2.0,1.0
https://www.vlr.gg/475900/g2-esports-vs-sentinels-champions-tour-2025-americas-stage-1-ubsf,0,Split,zekken,SEN,Yoru,1.02,209,13,13,4,0,78,126,28,5,1,4,G2 Esports,G2 Esports,5.0,13.0,2.0,1.0
https://www.vlr.gg/475900/g2-esports-vs-sentinels-champions-tour-2025-americas-stage-1-ubsf,0,Split,johnqt,SEN,Tejo,0.8,176,12,14,5,-2,72,117,31,0,0,0,G2 Esports,G2 Esports,5.0,13.0,2.0,1.0
https://www.vlr.gg/475900/g2-esports-vs-sentinels-champions-tour-2025-americas-stage-1-ubsf,0,Split,N4RRATE,SEN,Breach,0.64,158,9,17,10,-8,78,106,32,2,4,-2,G2 Esports,G2 Esports,5.0,13.0,2.0,1.0
https://www.vlr.gg/475900/g2-esports-vs-sentinels-champions-tour-2025-americas-stage-1-ubsf,0,Split,bang,SEN,Omen,0.56,136,8,15,5,-7,72,103,31,2,0,2,G2 Esports,G2 Esports,5.0,13.0,2.0,1.0
https://www.vlr.gg/475900/g2-esports-vs-sentinels-champions-tour-2025-americas-stage-1-ubsf,0,Split,Zellsis,SEN,Viper,0.55,133,7,15,1,-8,61,98,14,2,2,0,G2 Esports,G2 Esports,5.0,13.0,2.0,1.0
https://www.vlr.gg/475900/g2-esports-vs-sentinels-champions-tour-2025-americas-stage-1-ubsf,1,AllMaps,trent,G2,Tejo,1.39,248,57,37,23,20,82,168,22,5,4,1,Sentinels,G2 Esports,31.0,35.0,2.0,1.0
https://www.vlr.gg/475900/g2-esports-vs-sentinels-champions-tour-2025-americas-stage-1-ubsf,1,AllMaps,leaf,G2,Viper,1.16,235,57,44,11,13,71,146,23,8,4,4,Sentinels,G2 Esports,31.0,35.0,2.0,1.0
https://www.vlr.gg/475900/g2-esports-vs-sentinels-champions-tour-2025-americas-stage-1-ubsf,1,AllMaps,valyn,G2,Omen,1.07,220,54,44,18,10,73,138,32,5,11,-6,Sentinels,G2 Esports,31.0,35.0,2.0,1.0
https://www.vlr.gg/475900/g2-esports-vs-sentinels-champions-tour-2025-americas-stage-1-ubsf,1,AllMaps,jawgemo,G2,Yoru,0.87,175,37,46,23,-9,79,117,17,7,13,-6,Sentinels,G2 Esports,31.0,35.0,2.0,1.0
https://www.vlr.gg/475900/g2-esports-vs-sentinels-champions-tour-2025-americas-stage-1-ubsf,1,AllMaps,JonahP,G2,Breach,0.86,141,31,41,28,-10,77,93,19,4,5,-1,Sentinels,G2 Esports,31.0,35.0,2.0,1.0
https://www.vlr.gg/475900/g2-esports-vs-sentinels-champions-tour-2025-americas-stage-1-ubsf,1,AllMaps,bang,SEN,Omen,1.15,214,51,44,20,7,74,141,34,7,5,2,Sentinels,G2 Esports,31.0,35.0,2.0,1.0
https://www.vlr.gg/475900/g2-esports-vs-sentinels-champions-tour-2025-americas-stage-1-ubsf,1,AllMaps,johnqt,SEN,Tejo,1.0,189,43,46,24,-3,73,134,25,2,1,1,Sentinels,G2 Esports,31.0,35.0,2.0,1.0
https://www.vlr.gg/475900/g2-esports-vs-sentinels-champions-tour-2025-americas-stage-1-ubsf,1,AllMaps,Zellsis,SEN,Viper,0.97,181,40,48,19,-8,71,130,22,9,4,5,Sentinels,G2 Esports,31.0,35.0,2.0,1.0
https://www.vlr.gg/475900/g2-esports-vs-sentinels-champions-tour-2025-americas-stage-1-ubsf,1,AllMaps,zekken,SEN,Yoru,0.95,181,42,47,24,-5,74,112,26,12,8,4,Sentinels,G2 Esports,31.0,35.0,2.0,1.0
https://www.vlr.gg/475900/g2-esports-vs-sentinels-champions-tour-2025-americas-stage-1-ubsf,1,AllMaps,N4RRATE,SEN,Breach,0.72,160,36,51,19,-15,62,110,25,7,11,-4,Sentinels,G2 Esports,31.0,35.0,2.0,1.0
https://www.vlr.gg/475900/g2-esports-vs-sentinels-champions-tour-2025-americas-stage-1-ubsf,2,Icebox,leaf,G2,Killjoy,1.26,288,24,18,2,6,75,189,29,3,0,3,Sentinels,G2 Esports,13.0,11.0,2.0,1.0
https://www.vlr.gg/475900/g2-esports-vs-sentinels-champions-tour-2025-americas-stage-1-ubsf,2,Icebox,trent,G2,Tejo,1.15,232,19,15,6,4,75,154,16,3,3,0,Sentinels,G2 Esports,13.0,11.0,2.0,1.0
https://www.vlr.gg/475900/g2-esports-vs-sentinels-champions-tour-2025-americas-stage-1-ubsf,2,Icebox,valyn,G2,Harbor,0.82,164,15,17,2,-2,58,105,38,2,3,-1,Sentinels,G2 Esports,13.0,11.0,2.0,1.0
https://www.vlr.gg/475900/g2-esports-vs-sentinels-champions-tour-2025-americas-stage-1-ubsf,2,Icebox,JonahP,G2,Viper,0.71,138,11,17,3,-6,67,89,20,4,3,1,Sentinels,G2 Esports,13.0,11.0,2.0,1.0
https://www.vlr.gg/475900/g2-esports-vs-sentinels-champions-tour-2025-americas-stage-1-ubsf,2,Icebox,jawgemo,G2,Gekko,0.62,117,9,18,9,-9,75,86,18,0,3,-3,Sentinels,G2 Esports,13.0,11.0,2.0,1.0
https://www.vlr.gg/475900/g2-esports-vs-sentinels-champions-tour-2025-americas-stage-1-ubsf,2,Icebox,Zellsis,SEN,Killjoy,1.37,241,20,14,7,6,75,169,36,5,2,3,Sentinels,G2 Esports,13.0,11.0,2.0,1.0
https://www.vlr.gg/475900/g2-esports-vs-sentinels-champions-tour-2025-americas-stage-1-ubsf,2,Icebox,bang,SEN,Viper,1.36,288,22,16,8,6,75,180,32,4,3,1,Sentinels,G2 Esports,13.0,11.0,2.0,1.0
https://www.vlr.gg/475900/g2-esports-vs-sentinels-champions-tour-2025-americas-stage-1-ubsf,2,Icebox,johnqt,SEN,Tejo,1.07,210,16,16,7,0,71,161,23,1,1,0,Sentinels,G2 Esports,13.0,11.0,2.0,1.0
https://www.vlr.gg/475900/g2-esports-vs-sentinels-champions-tour-2025-americas-stage-1-ubsf,2,Icebox,N4RRATE,SEN,Gekko,0.88,161,15,14,2,1,50,121,20,1,5,-4,Sentinels,G2 Esports,13.0,11.0,2.0,1.0
https://www.vlr.gg/475900/g2-esports-vs-sentinels-champions-tour-2025-americas-stage-1-ubsf,2,Icebox,zekken,SEN,Omen,0.81,135,12,18,16,-6,71,88,23,1,1,0,Sentinels,G2 Esports,13.0,11.0,2.0,1.0
https://www.vlr.gg/475900/g2-esports-vs-sentinels-champions-tour-2025-americas-stage-1-ubsf,3,Ascent,trent,G2,Tejo,1.22,262,20,17,11,3,79,178,22,1,1,0,Sentinels,G2 Esports,13.0,11.0,2.0,1.0
https://www.vlr.gg/475900/g2-esports-vs-sentinels-champions-tour-2025-americas-stage-1-ubsf,3,Ascent,leaf,G2,Vyse,1.12,195,19,14,5,5,67,114,18,1,0,1,Sentinels,G2 Esports,13.0,11.0,2.0,1.0
https://www.vlr.gg/475900/g2-esports-vs-sentinels-champions-tour-2025-americas-stage-1-ubsf,3,Ascent,valyn,G2,Omen,1.02,235,21,17,8,4,75,139,33,3,5,-2,Sentinels,G2 Esports,13.0,11.0,2.0,1.0
https://www.vlr.gg/475900/g2-esports-vs-sentinels-champions-tour-2025-americas-stage-1-ubsf,3,Ascent,jawgemo,G2,Waylay,0.97,187,15,15,6,0,75,119,10,5,7,-2,Sentinels,G2 Esports,13.0,11.0,2.0,1.0
https://www.vlr.gg/475900/g2-esports-vs-sentinels-champions-tour-2025-americas-stage-1-ubsf,3,Ascent,JonahP,G2,Kayo,0.86,139,9,15,18,-6,79,85,13,0,1,-1,Sentinels,G2 Esports,13.0,11.0,2.0,1.0
https://www.vlr.gg/475900/g2-esports-vs-sentinels-champions-tour-2025-americas-stage-1-ubsf,3,Ascent,bang,SEN,Omen,1.38,218,21,13,7,8,75,131,39,1,2,-1,Sentinels,G2 Esports,13.0,11.0,2.0,1.0
https://www.vlr.gg/475900/g2-esports-vs-sentinels-champions-tour-2025-americas-stage-1-ubsf,3,Ascent,johnqt,SEN,Kayo,1.08,182,15,16,12,-1,75,120,24,1,0,1,Sentinels,G2 Esports,13.0,11.0,2.0,1.0
https://www.vlr.gg/475900/g2-esports-vs-sentinels-champions-tour-2025-americas-stage-1-ubsf,3,Ascent,zekken,SEN,Jett,1.04,200,17,16,4,1,75,127,26,6,6,0,Sentinels,G2 Esports,13.0,11.0,2.0,1.0
https://www.vlr.gg/475900/g2-esports-vs-sentinels-champions-tour-2025-americas-stage-1-ubsf,3,Ascent,Zellsis,SEN,Vyse,0.89,170,13,19,11,-6,75,115,15,2,0,2,Sentinels,G2 Esports,13.0,11.0,2.0,1.0
https://www.vlr.gg/475900/g2-esports-vs-sentinels-champions-tour-2025-americas-stage-1-ubsf,3,Ascent,N4RRATE,SEN,Tejo,0.62,162,12,20,7,-8,63,102,25,4,2,2,Sentinels,G2 Esports,13.0,11.0,2.0,1.0
https://www.vlr.gg/475903/100-thieves-vs-nrg-esports-champions-tour-2025-americas-stage-1-lr1,0,Fracture,zander,100T,Brimstone,2.24,386,28,7,8,21,94,228,23,5,1,4,100 Thieves,100 Thieves,5.0,13.0,0.0,2.0
https://www.vlr.gg/475903/100-thieves-vs-nrg-esports-champions-tour-2025-americas-stage-1-lr1,0,Fracture,Cryocells,100T,Chamber,1.45,185,15,8,3,7,89,146,26,2,1,1,100 Thieves,100 Thieves,5.0,13.0,0.0,2.0
https://www.vlr.gg/475903/100-thieves-vs-nrg-esports-champions-tour-2025-americas-stage-1-lr1,0,Fracture,Boostio,100T,Breach,1.3,204,14,10,16,4,89,138,28,0,0,0,100 Thieves,100 Thieves,5.0,13.0,0.0,2.0
https://www.vlr.gg/475903/100-thieves-vs-nrg-esports-champions-tour-2025-americas-stage-1-lr1,0,Fracture,Asuna,100T,Neon,0.97,246,15,15,11,0,78,150,29,5,2,3,100 Thieves,100 Thieves,5.0,13.0,0.0,2.0
https://www.vlr.gg/475903/100-thieves-vs-nrg-esports-champions-tour-2025-americas-stage-1-lr1,0,Fracture,eeiu,100T,Tejo,0.71,120,7,13,11,-6,94,96,14,0,2,-2,100 Thieves,100 Thieves,5.0,13.0,0.0,2.0
https://www.vlr.gg/475903/100-thieves-vs-nrg-esports-champions-tour-2025-americas-stage-1-lr1,0,Fracture,mada,NRG,Raze,1.05,231,14,15,6,-1,78,168,15,2,6,-4,100 Thieves,100 Thieves,5.0,13.0,0.0,2.0
https://www.vlr.gg/475903/100-thieves-vs-nrg-esports-champions-tour-2025-americas-stage-1-lr1,0,Fracture,Ethan,NRG,Breach,0.89,147,10,14,5,-4,83,104,24,2,0,2,100 Thieves,100 Thieves,5.0,13.0,0.0,2.0
https://www.vlr.gg/475903/100-thieves-vs-nrg-esports-champions-tour-2025-americas-stage-1-lr1,0,Fracture,brawk,NRG,Tejo,0.73,199,12,17,5,-5,83,135,21,0,2,-2,100 Thieves,100 Thieves,5.0,13.0,0.0,2.0
https://www.vlr.gg/475903/100-thieves-vs-nrg-esports-champions-tour-2025-americas-stage-1-lr1,0,Fracture,FiNESSE,NRG,Cypher,0.73,187,10,15,7,-5,72,136,22,0,2,-2,100 Thieves,100 Thieves,5.0,13.0,0.0,2.0
https://www.vlr.gg/475903/100-thieves-vs-nrg-esports-champions-tour-2025-americas-stage-1-lr1,0,Fracture,s0m,NRG,Brimstone,0.46,140,7,18,10,-11,78,93,15,2,2,0,100 Thieves,100 Thieves,5.0,13.0,0.0,2.0
https://www.vlr.gg/475903/100-thieves-vs-nrg-esports-champions-tour-2025-americas-stage-1-lr1,1,AllMaps,zander,100T,Brimstone,1.93,331,54,20,14,34,90,200,26,7,1,6,100 Thieves,100 Thieves,16.0,26.0,0.0,2.0
https://www.vlr.gg/475903/100-thieves-vs-nrg-esports-champions-tour-2025-americas-stage-1-lr1,1,AllMaps,Cryocells,100T,Chamber,1.13,183,30,24,10,6,74,133,31,5,7,-2,100 Thieves,100 Thieves,16.0,26.0,0.0,2.0
https://www.vlr.gg/475903/100-thieves-vs-nrg-esports-champions-tour-2025-americas-stage-1-lr1,1,AllMaps,Asuna,100T,Neon,1.05,247,36,34,17,2,81,160,29,10,5,5,100 Thieves,100 Thieves,16.0,26.0,0.0,2.0
https://www.vlr.gg/475903/100-thieves-vs-nrg-esports-champions-tour-2025-americas-stage-1-lr1,1,AllMaps,Boostio,100T,Breach,0.92,171,24,29,21,-5,76,118,29,2,3,-1,100 Thieves,100 Thieves,16.0,26.0,0.0,2.0
https://www.vlr.gg/475903/100-thieves-vs-nrg-esports-champions-tour-2025-americas-stage-1-lr1,1,AllMaps,eeiu,100T,Tejo,0.91,134,21,27,17,-6,86,98,12,0,2,-2,100 Thieves,100 Thieves,16.0,26.0,0.0,2.0
https://www.vlr.gg/475903/100-thieves-vs-nrg-esports-champions-tour-2025-americas-stage-1-lr1,1,AllMaps,mada,NRG,Raze,0.96,221,32,33,8,-1,67,157,20,8,11,-3,100 Thieves,100 Thieves,16.0,26.0,0.0,2.0
https://www.vlr.gg/475903/100-thieves-vs-nrg-esports-champions-tour-2025-americas-stage-1-lr1,1,AllMaps,Ethan,NRG,Breach,0.95,171,27,31,12,-4,76,115,24,3,1,2,100 Thieves,100 Thieves,16.0,26.0,0.0,2.0
https://www.vlr.gg/475903/100-thieves-vs-nrg-esports-champions-tour-2025-americas-stage-1-lr1,1,AllMaps,brawk,NRG,Tejo,0.88,203,29,35,11,-6,76,139,18,2,3,-1,100 Thieves,100 Thieves,16.0,26.0,0.0,2.0
https://www.vlr.gg/475903/100-thieves-vs-nrg-esports-champions-tour-2025-americas-stage-1-lr1,1,AllMaps,s0m,NRG,Brimstone,0.87,195,27,35,22,-8,79,133,26,4,3,1,100 Thieves,100 Thieves,16.0,26.0,0.0,2.0
https://www.vlr.gg/475903/100-thieves-vs-nrg-esports-champions-tour-2025-americas-stage-1-lr1,1,AllMaps,FiNESSE,NRG,Cypher,0.71,164,19,31,22,-12,67,108,15,1,6,-5,100 Thieves,100 Thieves,16.0,26.0,0.0,2.0
https://www.vlr.gg/475903/100-thieves-vs-nrg-esports-champions-tour-2025-americas-stage-1-lr1,2,Haven,zander,100T,Omen,1.69,275,26,13,6,13,88,179,30,2,0,2,100 Thieves,100 Thieves,11.0,13.0,0.0,2.0
https://www.vlr.gg/475903/100-thieves-vs-nrg-esports-champions-tour-2025-americas-stage-1-lr1,2,Haven,Asuna,100T,Neon,1.11,247,21,19,6,2,83,168,30,5,3,2,100 Thieves,100 Thieves,11.0,13.0,0.0,2.0
https://www.vlr.gg/475903/100-thieves-vs-nrg-esports-champions-tour-2025-americas-stage-1-lr1,2,Haven,eeiu,100T,Sova,1.06,147,14,14,6,0,79,99,10,0,0,0,100 Thieves,100 Thieves,11.0,13.0,0.0,2.0
https://www.vlr.gg/475903/100-thieves-vs-nrg-esports-champions-tour-2025-americas-stage-1-lr1,2,Haven,Cryocells,100T,Iso,0.9,180,15,16,7,-1,63,124,34,3,6,-3,100 Thieves,100 Thieves,11.0,13.0,0.0,2.0
https://www.vlr.gg/475903/100-thieves-vs-nrg-esports-champions-tour-2025-americas-stage-1-lr1,2,Haven,Boostio,100T,Cypher,0.63,138,10,19,5,-9,67,104,30,2,3,-1,100 Thieves,100 Thieves,11.0,13.0,0.0,2.0
https://www.vlr.gg/475903/100-thieves-vs-nrg-esports-champions-tour-2025-americas-stage-1-lr1,2,Haven,s0m,NRG,Omen,1.18,249,20,17,12,3,79,163,33,2,1,1,100 Thieves,100 Thieves,11.0,13.0,0.0,2.0
https://www.vlr.gg/475903/100-thieves-vs-nrg-esports-champions-tour-2025-americas-stage-1-lr1,2,Haven,Ethan,NRG,Breach,0.99,194,17,17,7,0,71,124,24,1,1,0,100 Thieves,100 Thieves,11.0,13.0,0.0,2.0
https://www.vlr.gg/475903/100-thieves-vs-nrg-esports-champions-tour-2025-americas-stage-1-lr1,2,Haven,brawk,NRG,Tejo,0.99,207,17,18,6,-1,71,143,16,2,1,1,100 Thieves,100 Thieves,11.0,13.0,0.0,2.0
https://www.vlr.gg/475903/100-thieves-vs-nrg-esports-champions-tour-2025-americas-stage-1-lr1,2,Haven,mada,NRG,Jett,0.89,210,18,18,2,0,58,148,26,6,5,1,100 Thieves,100 Thieves,11.0,13.0,0.0,2.0
https://www.vlr.gg/475903/100-thieves-vs-nrg-esports-champions-tour-2025-americas-stage-1-lr1,2,Haven,FiNESSE,NRG,Cypher,0.69,140,9,16,15,-7,63,87,9,1,4,-3,100 Thieves,100 Thieves,11.0,13.0,0.0,2.0
https://www.vlr.gg/475904/cloud9-vs-evil-geniuses-champions-tour-2025-americas-stage-1-lr1,0,Fracture,v1c,C9,Brimstone,1.38,255,21,16,9,5,82,163,41,2,1,1,Evil Geniuses,Cloud9,13.0,9.0,2.0,0.0
https://www.vlr.gg/475904/cloud9-vs-evil-geniuses-champions-tour-2025-americas-stage-1-lr1,0,Fracture,mitch,C9,Breach,0.89,161,10,15,13,-5,68,108,21,2,2,0,Evil Geniuses,Cloud9,13.0,9.0,2.0,0.0
https://www.vlr.gg/475904/cloud9-vs-evil-geniuses-champions-tour-2025-americas-stage-1-lr1,0,Fracture,neT,C9,Cypher,0.89,201,15,19,10,-4,77,138,15,0,0,0,Evil Geniuses,Cloud9,13.0,9.0,2.0,0.0
https://www.vlr.gg/475904/cloud9-vs-evil-geniuses-champions-tour-2025-americas-stage-1-lr1,0,Fracture,OXY,C9,Neon,0.73,204,15,20,4,-5,68,142,26,7,6,1,Evil Geniuses,Cloud9,13.0,9.0,2.0,0.0
https://www.vlr.gg/475904/cloud9-vs-evil-geniuses-champions-tour-2025-americas-stage-1-lr1,0,Fracture,Xeppaa,C9,Tejo,0.56,117,9,17,5,-8,59,78,9,0,2,-2,Evil Geniuses,Cloud9,13.0,9.0,2.0,0.0
https://www.vlr.gg/475904/cloud9-vs-evil-geniuses-champions-tour-2025-americas-stage-1-lr1,0,Fracture,yay,EG,Cypher,1.42,327,26,17,4,9,73,201,38,5,2,3,Evil Geniuses,Cloud9,13.0,9.0,2.0,0.0
https://www.vlr.gg/475904/cloud9-vs-evil-geniuses-champions-tour-2025-americas-stage-1-lr1,0,Fracture,supamen,EG,Brimstone,1.2,224,16,13,12,3,77,147,26,0,0,0,Evil Geniuses,Cloud9,13.0,9.0,2.0,0.0
https://www.vlr.gg/475904/cloud9-vs-evil-geniuses-champions-tour-2025-americas-stage-1-lr1,0,Fracture,icy,EG,Raze,1.17,283,23,18,5,5,86,176,20,4,5,-1,Evil Geniuses,Cloud9,13.0,9.0,2.0,0.0
https://www.vlr.gg/475904/cloud9-vs-evil-geniuses-champions-tour-2025-americas-stage-1-lr1,0,Fracture,Derrek,EG,Tejo,1.0,127,12,11,5,1,77,86,29,1,3,-2,Evil Geniuses,Cloud9,13.0,9.0,2.0,0.0
https://www.vlr.gg/475904/cloud9-vs-evil-geniuses-champions-tour-2025-americas-stage-1-lr1,0,Fracture,NaturE,EG,Breach,0.83,125,10,12,9,-2,77,82,18,1,1,0,Evil Geniuses,Cloud9,13.0,9.0,2.0,0.0
https://www.vlr.gg/475904/cloud9-vs-evil-geniuses-champions-tour-2025-americas-stage-1-lr1,1,AllMaps,mitch,C9,Breach,1.2,207,35,31,24,4,66,141,22,3,6,-3,Evil Geniuses,Cloud9,28.0,22.0,2.0,0.0
https://www.vlr.gg/475904/cloud9-vs-evil-geniuses-champions-tour-2025-americas-stage-1-lr1,1,AllMaps,v1c,C9,Brimstone,0.99,193,34,37,12,-3,68,124,39,3,3,0,Evil Geniuses,Cloud9,28.0,22.0,2.0,0.0
https://www.vlr.gg/475904/cloud9-vs-evil-geniuses-champions-tour-2025-americas-stage-1-lr1,1,AllMaps,OXY,C9,Neon,0.9,227,40,46,5,-6,68,151,30,14,12,2,Evil Geniuses,Cloud9,28.0,22.0,2.0,0.0
https://www.vlr.gg/475904/cloud9-vs-evil-geniuses-champions-tour-2025-americas-stage-1-lr1,1,AllMaps,Xeppaa,C9,Tejo,0.9,170,28,36,15,-8,60,117,15,2,3,-1,Evil Geniuses,Cloud9,28.0,22.0,2.0,0.0
https://www.vlr.gg/475904/cloud9-vs-evil-geniuses-champions-tour-2025-americas-stage-1-lr1,1,AllMaps,neT,C9,Cypher,0.61,160,27,43,13,-16,64,104,21,2,2,0,Evil Geniuses,Cloud9,28.0,22.0,2.0,0.0
https://www.vlr.gg/475904/cloud9-vs-evil-geniuses-champions-tour-2025-americas-stage-1-lr1,1,AllMaps,yay,EG,Cypher,1.38,295,53,35,7,18,76,185,34,13,6,7,Evil Geniuses,Cloud9,28.0,22.0,2.0,0.0
https://www.vlr.gg/475904/cloud9-vs-evil-geniuses-champions-tour-2025-americas-stage-1-lr1,1,AllMaps,icy,EG,Raze,1.27,275,51,36,8,15,78,179,28,7,9,-2,Evil Geniuses,Cloud9,28.0,22.0,2.0,0.0
https://www.vlr.gg/475904/cloud9-vs-evil-geniuses-champions-tour-2025-americas-stage-1-lr1,1,AllMaps,supamen,EG,Brimstone,0.98,192,32,32,21,0,74,126,31,0,0,0,Evil Geniuses,Cloud9,28.0,22.0,2.0,0.0
https://www.vlr.gg/475904/cloud9-vs-evil-geniuses-champions-tour-2025-americas-stage-1-lr1,1,AllMaps,Derrek,EG,Tejo,0.96,160,31,28,9,3,74,110,27,1,3,-2,Evil Geniuses,Cloud9,28.0,22.0,2.0,0.0
https://www.vlr.gg/475904/cloud9-vs-evil-geniuses-champions-tour-2025-americas-stage-1-lr1,1,AllMaps,NaturE,EG,Breach,0.79,154,26,34,23,-8,72,106,23,5,6,-1,Evil Geniuses,Cloud9,28.0,22.0,2.0,0.0
https://www.vlr.gg/475904/cloud9-vs-evil-geniuses-champions-tour-2025-americas-stage-1-lr1,2,Icebox,mitch,C9,Harbor,1.45,252,25,16,11,9,64,167,22,1,4,-3,Evil Geniuses,Cloud9,15.0,13.0,2.0,0.0
https://www.vlr.gg/475904/cloud9-vs-evil-geniuses-champions-tour-2025-americas-stage-1-lr1,2,Icebox,Xeppaa,C9,Sova,1.16,222,19,19,10,0,61,148,20,2,1,1,Evil Geniuses,Cloud9,15.0,13.0,2.0,0.0
https://www.vlr.gg/475904/cloud9-vs-evil-geniuses-champions-tour-2025-americas-stage-1-lr1,2,Icebox,OXY,C9,Jett,1.03,250,25,26,1,-1,68,158,34,7,6,1,Evil Geniuses,Cloud9,15.0,13.0,2.0,0.0
https://www.vlr.gg/475904/cloud9-vs-evil-geniuses-champions-tour-2025-americas-stage-1-lr1,2,Icebox,v1c,C9,Viper,0.68,131,13,21,3,-8,57,94,35,1,2,-1,Evil Geniuses,Cloud9,15.0,13.0,2.0,0.0
https://www.vlr.gg/475904/cloud9-vs-evil-geniuses-champions-tour-2025-americas-stage-1-lr1,2,Icebox,neT,C9,Killjoy,0.39,119,12,24,3,-12,54,77,33,2,2,0,Evil Geniuses,Cloud9,15.0,13.0,2.0,0.0
https://www.vlr.gg/475904/cloud9-vs-evil-geniuses-champions-tour-2025-americas-stage-1-lr1,2,Icebox,yay,EG,Jett,1.35,263,27,18,3,9,79,172,26,8,4,4,Evil Geniuses,Cloud9,15.0,13.0,2.0,0.0
https://www.vlr.gg/475904/cloud9-vs-evil-geniuses-champions-tour-2025-americas-stage-1-lr1,2,Icebox,icy,EG,Killjoy,1.34,267,28,18,3,10,71,181,35,3,4,-1,Evil Geniuses,Cloud9,15.0,13.0,2.0,0.0
https://www.vlr.gg/475904/cloud9-vs-evil-geniuses-champions-tour-2025-americas-stage-1-lr1,2,Icebox,Derrek,EG,Sova,0.93,192,19,17,4,2,71,130,26,0,0,0,Evil Geniuses,Cloud9,15.0,13.0,2.0,0.0
https://www.vlr.gg/475904/cloud9-vs-evil-geniuses-champions-tour-2025-americas-stage-1-lr1,2,Icebox,supamen,EG,Viper,0.81,159,16,19,9,-3,71,109,39,0,0,0,Evil Geniuses,Cloud9,15.0,13.0,2.0,0.0
https://www.vlr.gg/475904/cloud9-vs-evil-geniuses-champions-tour-2025-americas-stage-1-lr1,2,Icebox,NaturE,EG,Kayo,0.75,183,16,22,14,-6,68,125,25,4,5,-1,Evil Geniuses,Cloud9,15.0,13.0,2.0,0.0
https://www.vlr.gg/475905/g2-esports-vs-100-thieves-champions-tour-2025-americas-stage-1-lr2,0,Haven,trent,G2,Tejo,2.16,318,20,5,9,15,94,215,49,0,0,0,G2 Esports,G2 Esports,4.0,13.0,1.0,2.0
https://www.vlr.gg/475905/g2-esports-vs-100-thieves-champions-tour-2025-americas-stage-1-lr2,0,Haven,valyn,G2,Astra,1.46,262,19,9,6,10,94,134,25,5,0,5,G2 Esports,G2 Esports,4.0,13.0,1.0,2.0
https://www.vlr.gg/475905/g2-esports-vs-100-thieves-champions-tour-2025-americas-stage-1-lr2,0,Haven,JonahP,G2,Breach,1.27,152,10,6,11,4,82,89,15,0,1,-1,G2 Esports,G2 Esports,4.0,13.0,1.0,2.0
https://www.vlr.gg/475905/g2-esports-vs-100-thieves-champions-tour-2025-americas-stage-1-lr2,0,Haven,jawgemo,G2,Yoru,0.91,188,10,11,8,-1,88,124,23,6,3,3,G2 Esports,G2 Esports,4.0,13.0,1.0,2.0
https://www.vlr.gg/475905/g2-esports-vs-100-thieves-champions-tour-2025-americas-stage-1-lr2,0,Haven,leaf,G2,Vyse,0.8,170,9,11,4,-2,65,117,9,2,0,2,G2 Esports,G2 Esports,4.0,13.0,1.0,2.0
https://www.vlr.gg/475905/g2-esports-vs-100-thieves-champions-tour-2025-americas-stage-1-lr2,0,Haven,eeiu,100T,Sova,1.5,280,16,11,1,5,71,199,38,1,3,-2,G2 Esports,G2 Esports,4.0,13.0,1.0,2.0
https://www.vlr.gg/475905/g2-esports-vs-100-thieves-champions-tour-2025-americas-stage-1-lr2,0,Haven,zander,100T,Omen,0.62,132,7,12,4,-5,65,80,28,2,3,-1,G2 Esports,G2 Esports,4.0,13.0,1.0,2.0
https://www.vlr.gg/475905/g2-esports-vs-100-thieves-champions-tour-2025-americas-stage-1-lr2,0,Haven,Asuna,100T,Neon,0.51,131,6,14,4,-8,65,87,11,1,3,-2,G2 Esports,G2 Esports,4.0,13.0,1.0,2.0
https://www.vlr.gg/475905/g2-esports-vs-100-thieves-champions-tour-2025-americas-stage-1-lr2,0,Haven,Cryocells,100T,Iso,0.5,131,8,15,3,-7,65,97,35,0,2,-2,G2 Esports,G2 Esports,4.0,13.0,1.0,2.0
https://www.vlr.gg/475905/g2-esports-vs-100-thieves-champions-tour-2025-americas-stage-1-lr2,0,Haven,Boostio,100T,Cypher,0.26,99,5,16,2,-11,53,69,30,0,2,-2,G2 Esports,G2 Esports,4.0,13.0,1.0,2.0
https://www.vlr.gg/475905/g2-esports-vs-100-thieves-champions-tour-2025-americas-stage-1-lr2,1,AllMaps,trent,G2,Tejo,1.4,244,61,40,23,21,81,158,36,2,2,0,G2 Esports,G2 Esports,32.0,41.0,1.0,2.0
https://www.vlr.gg/475905/g2-esports-vs-100-thieves-champions-tour-2025-americas-stage-1-lr2,1,AllMaps,leaf,G2,Vyse,1.12,231,59,51,26,8,70,160,17,17,9,8,G2 Esports,G2 Esports,32.0,41.0,1.0,2.0
https://www.vlr.gg/475905/g2-esports-vs-100-thieves-champions-tour-2025-americas-stage-1-lr2,1,AllMaps,jawgemo,G2,Yoru,1.05,224,54,51,25,3,73,143,22,15,9,6,G2 Esports,G2 Esports,32.0,41.0,1.0,2.0
https://www.vlr.gg/475905/g2-esports-vs-100-thieves-champions-tour-2025-americas-stage-1-lr2,1,AllMaps,valyn,G2,Astra,1.0,200,55,49,24,6,78,113,22,8,4,4,G2 Esports,G2 Esports,32.0,41.0,1.0,2.0
https://www.vlr.gg/475905/g2-esports-vs-100-thieves-champions-tour-2025-americas-stage-1-lr2,1,AllMaps,JonahP,G2,Breach,0.97,158,41,45,36,-4,75,103,20,3,4,-1,G2 Esports,G2 Esports,32.0,41.0,1.0,2.0
https://www.vlr.gg/475905/g2-esports-vs-100-thieves-champions-tour-2025-americas-stage-1-lr2,1,AllMaps,Cryocells,100T,Iso,1.06,206,61,56,15,5,67,144,23,5,8,-3,G2 Esports,G2 Esports,32.0,41.0,1.0,2.0
https://www.vlr.gg/475905/g2-esports-vs-100-thieves-champions-tour-2025-americas-stage-1-lr2,1,AllMaps,eeiu,100T,Sova,1.01,197,46,49,20,-3,68,130,39,3,7,-4,G2 Esports,G2 Esports,32.0,41.0,1.0,2.0
https://www.vlr.gg/475905/g2-esports-vs-100-thieves-champions-tour-2025-americas-stage-1-lr2,1,AllMaps,zander,100T,Omen,1.0,183,48,49,25,-1,75,125,24,3,7,-4,G2 Esports,G2 Esports,32.0,41.0,1.0,2.0
https://www.vlr.gg/475905/g2-esports-vs-100-thieves-champions-tour-2025-americas-stage-1-lr2,1,AllMaps,Asuna,100T,Neon,0.73,180,44,60,19,-16,66,124,20,12,14,-2,G2 Esports,G2 Esports,32.0,41.0,1.0,2.0
https://www.vlr.gg/475905/g2-esports-vs-100-thieves-champions-tour-2025-americas-stage-1-lr2,1,AllMaps,Boostio,100T,Cypher,0.71,149,37,56,12,-19,63,107,35,5,9,-4,G2 Esports,G2 Esports,32.0,41.0,1.0,2.0
https://www.vlr.gg/475905/g2-esports-vs-100-thieves-champions-tour-2025-americas-stage-1-lr2,2,Split,jawgemo,G2,Yoru,1.23,268,22,18,5,4,62,167,20,5,2,3,100 Thieves,G2 Esports,14.0,12.0,1.0,2.0
https://www.vlr.gg/475905/g2-esports-vs-100-thieves-champions-tour-2025-americas-stage-1-lr2,2,Split,trent,G2,Tejo,1.04,192,16,16,7,0,77,131,34,0,2,-2,100 Thieves,G2 Esports,14.0,12.0,1.0,2.0
https://www.vlr.gg/475905/g2-esports-vs-100-thieves-champions-tour-2025-americas-stage-1-lr2,2,Split,leaf,G2,Viper,1.01,232,21,19,8,2,62,151,18,5,5,0,100 Thieves,G2 Esports,14.0,12.0,1.0,2.0
https://www.vlr.gg/475905/g2-esports-vs-100-thieves-champions-tour-2025-americas-stage-1-lr2,2,Split,JonahP,G2,Breach,0.84,167,16,19,7,-3,65,111,22,2,2,0,100 Thieves,G2 Esports,14.0,12.0,1.0,2.0
https://www.vlr.gg/475905/g2-esports-vs-100-thieves-champions-tour-2025-americas-stage-1-lr2,2,Split,valyn,G2,Omen,0.6,133,12,20,8,-8,65,88,18,1,2,-1,100 Thieves,G2 Esports,14.0,12.0,1.0,2.0
https://www.vlr.gg/475905/g2-esports-vs-100-thieves-champions-tour-2025-americas-stage-1-lr2,2,Split,zander,100T,Astra,1.26,210,18,15,10,3,85,132,32,1,2,-1,100 Thieves,G2 Esports,14.0,12.0,1.0,2.0
https://www.vlr.gg/475905/g2-esports-vs-100-thieves-champions-tour-2025-americas-stage-1-lr2,2,Split,Cryocells,100T,Sage,1.24,233,23,17,8,6,69,157,18,2,1,1,100 Thieves,G2 Esports,14.0,12.0,1.0,2.0
https://www.vlr.gg/475905/g2-esports-vs-100-thieves-champions-tour-2025-americas-stage-1-lr2,2,Split,Boostio,100T,Breach,1.1,189,16,17,8,-1,81,131,31,3,1,2,100 Thieves,G2 Esports,14.0,12.0,1.0,2.0
https://www.vlr.gg/475905/g2-esports-vs-100-thieves-champions-tour-2025-americas-stage-1-lr2,2,Split,eeiu,100T,Tejo,0.9,165,15,17,6,-2,69,114,29,1,1,0,100 Thieves,G2 Esports,14.0,12.0,1.0,2.0
https://www.vlr.gg/475905/g2-esports-vs-100-thieves-champions-tour-2025-americas-stage-1-lr2,2,Split,Asuna,100T,Raze,0.82,213,20,21,4,-1,58,138,23,6,8,-2,100 Thieves,G2 Esports,14.0,12.0,1.0,2.0
https://www.vlr.gg/475905/g2-esports-vs-100-thieves-champions-tour-2025-americas-stage-1-lr2,3,Pearl,leaf,G2,Vyse,1.4,290,29,21,14,8,80,192,21,10,4,6,G2 Esports,G2 Esports,14.0,16.0,1.0,2.0
https://www.vlr.gg/475905/g2-esports-vs-100-thieves-champions-tour-2025-americas-stage-1-lr2,3,Pearl,trent,G2,Tejo,1.28,222,25,19,7,6,77,149,28,2,0,2,G2 Esports,G2 Esports,14.0,16.0,1.0,2.0
https://www.vlr.gg/475905/g2-esports-vs-100-thieves-champions-tour-2025-americas-stage-1-lr2,3,Pearl,valyn,G2,Astra,1.08,204,24,20,10,4,80,123,22,2,2,0,G2 Esports,G2 Esports,14.0,16.0,1.0,2.0
https://www.vlr.gg/475905/g2-esports-vs-100-thieves-champions-tour-2025-americas-stage-1-lr2,3,Pearl,jawgemo,G2,Yoru,0.98,216,22,22,12,0,73,134,24,4,4,0,G2 Esports,G2 Esports,14.0,16.0,1.0,2.0
https://www.vlr.gg/475905/g2-esports-vs-100-thieves-champions-tour-2025-americas-stage-1-lr2,3,Pearl,JonahP,G2,Fade,0.9,155,15,20,18,-5,80,105,20,1,1,0,G2 Esports,G2 Esports,14.0,16.0,1.0,2.0
https://www.vlr.gg/475905/g2-esports-vs-100-thieves-champions-tour-2025-americas-stage-1-lr2,3,Pearl,Cryocells,100T,Yoru,1.23,253,30,24,4,6,67,160,25,3,5,-2,G2 Esports,G2 Esports,14.0,16.0,1.0,2.0
https://www.vlr.gg/475905/g2-esports-vs-100-thieves-champions-tour-2025-americas-stage-1-lr2,3,Pearl,zander,100T,Astra,1.0,207,23,22,11,1,73,144,17,0,2,-2,G2 Esports,G2 Esports,14.0,16.0,1.0,2.0
https://www.vlr.gg/475905/g2-esports-vs-100-thieves-champions-tour-2025-americas-stage-1-lr2,3,Pearl,eeiu,100T,Fade,0.83,146,15,21,13,-6,67,104,55,1,3,-2,G2 Esports,G2 Esports,14.0,16.0,1.0,2.0
https://www.vlr.gg/475905/g2-esports-vs-100-thieves-champions-tour-2025-americas-stage-1-lr2,3,Pearl,Asuna,100T,Neon,0.77,197,18,25,11,-7,73,132,23,5,3,2,G2 Esports,G2 Esports,14.0,16.0,1.0,2.0
https://www.vlr.gg/475905/g2-esports-vs-100-thieves-champions-tour-2025-americas-stage-1-lr2,3,Pearl,Boostio,100T,Killjoy,0.63,159,16,23,2,-7,53,108,42,2,6,-4,G2 Esports,G2 Esports,14.0,16.0,1.0,2.0
https://www.vlr.gg/475906/kr-esports-vs-evil-geniuses-champions-tour-2025-americas-stage-1-lr2,0,Lotus,keznit,KRÜ,Neon,1.23,263,25,19,5,6,73,170,22,5,6,-1,Evil Geniuses,VISA KRÜ(KRÜ Esports),14.0,12.0,2.0,0.0
https://www.vlr.gg/475906/kr-esports-vs-evil-geniuses-champions-tour-2025-americas-stage-1-lr2,0,Lotus,Shyy,KRÜ,Vyse,1.19,241,22,19,9,3,88,152,21,3,0,3,Evil Geniuses,VISA KRÜ(KRÜ Esports),14.0,12.0,2.0,0.0
https://www.vlr.gg/475906/kr-esports-vs-evil-geniuses-champions-tour-2025-americas-stage-1-lr2,0,Lotus,Melser,KRÜ,Omen,1.02,172,17,17,11,0,88,107,18,0,2,-2,Evil Geniuses,VISA KRÜ(KRÜ Esports),14.0,12.0,2.0,0.0
https://www.vlr.gg/475906/kr-esports-vs-evil-geniuses-champions-tour-2025-americas-stage-1-lr2,0,Lotus,Mazino,KRÜ,Breach,0.82,160,14,20,17,-6,81,103,29,2,3,-1,Evil Geniuses,VISA KRÜ(KRÜ Esports),14.0,12.0,2.0,0.0
https://www.vlr.gg/475906/kr-esports-vs-evil-geniuses-champions-tour-2025-americas-stage-1-lr2,0,Lotus,adverso,KRÜ,Tejo,0.75,171,14,20,6,-6,81,113,18,2,3,-1,Evil Geniuses,VISA KRÜ(KRÜ Esports),14.0,12.0,2.0,0.0
https://www.vlr.gg/475906/kr-esports-vs-evil-geniuses-champions-tour-2025-americas-stage-1-lr2,0,Lotus,icy,EG,Raze,1.37,267,23,16,5,7,62,188,27,7,4,3,Evil Geniuses,VISA KRÜ(KRÜ Esports),14.0,12.0,2.0,0.0
https://www.vlr.gg/475906/kr-esports-vs-evil-geniuses-champions-tour-2025-americas-stage-1-lr2,0,Lotus,Derrek,EG,Tejo,1.28,220,21,15,11,6,81,160,39,0,0,0,Evil Geniuses,VISA KRÜ(KRÜ Esports),14.0,12.0,2.0,0.0
https://www.vlr.gg/475906/kr-esports-vs-evil-geniuses-champions-tour-2025-americas-stage-1-lr2,0,Lotus,NaturE,EG,Fade,1.04,219,20,21,12,-1,88,128,30,2,0,2,Evil Geniuses,VISA KRÜ(KRÜ Esports),14.0,12.0,2.0,0.0
https://www.vlr.gg/475906/kr-esports-vs-evil-geniuses-champions-tour-2025-americas-stage-1-lr2,0,Lotus,yay,EG,Clove,0.94,207,19,21,5,-2,77,136,35,4,6,-2,Evil Geniuses,VISA KRÜ(KRÜ Esports),14.0,12.0,2.0,0.0
https://www.vlr.gg/475906/kr-esports-vs-evil-geniuses-champions-tour-2025-americas-stage-1-lr2,0,Lotus,supamen,EG,Viper,0.55,138,12,20,3,-8,54,108,33,1,2,-1,Evil Geniuses,VISA KRÜ(KRÜ Esports),14.0,12.0,2.0,0.0
https://www.vlr.gg/475906/kr-esports-vs-evil-geniuses-champions-tour-2025-americas-stage-1-lr2,1,AllMaps,Shyy,KRÜ,Vyse,1.19,228,44,34,12,10,84,148,21,6,1,5,Evil Geniuses,VISA KRÜ(KRÜ Esports),27.0,23.0,2.0,0.0
https://www.vlr.gg/475906/kr-esports-vs-evil-geniuses-champions-tour-2025-americas-stage-1-lr2,1,AllMaps,keznit,KRÜ,Neon,1.18,240,42,36,13,6,72,156,19,9,8,1,Evil Geniuses,VISA KRÜ(KRÜ Esports),27.0,23.0,2.0,0.0
https://www.vlr.gg/475906/kr-esports-vs-evil-geniuses-champions-tour-2025-americas-stage-1-lr2,1,AllMaps,Mazino,KRÜ,Breach,1.01,212,37,38,23,-1,80,135,28,4,9,-5,Evil Geniuses,VISA KRÜ(KRÜ Esports),27.0,23.0,2.0,0.0
https://www.vlr.gg/475906/kr-esports-vs-evil-geniuses-champions-tour-2025-americas-stage-1-lr2,1,AllMaps,Melser,KRÜ,Omen,0.88,163,30,37,21,-7,90,113,21,1,4,-3,Evil Geniuses,VISA KRÜ(KRÜ Esports),27.0,23.0,2.0,0.0
https://www.vlr.gg/475906/kr-esports-vs-evil-geniuses-champions-tour-2025-americas-stage-1-lr2,1,AllMaps,adverso,KRÜ,Tejo,0.86,177,29,35,15,-6,76,120,23,3,5,-2,Evil Geniuses,VISA KRÜ(KRÜ Esports),27.0,23.0,2.0,0.0
https://www.vlr.gg/475906/kr-esports-vs-evil-geniuses-champions-tour-2025-americas-stage-1-lr2,1,AllMaps,icy,EG,Raze,1.17,255,44,36,8,8,64,176,29,10,5,5,Evil Geniuses,VISA KRÜ(KRÜ Esports),27.0,23.0,2.0,0.0
https://www.vlr.gg/475906/kr-esports-vs-evil-geniuses-champions-tour-2025-americas-stage-1-lr2,1,AllMaps,yay,EG,Clove,1.09,232,41,38,9,3,74,146,27,13,11,2,Evil Geniuses,VISA KRÜ(KRÜ Esports),27.0,23.0,2.0,0.0
https://www.vlr.gg/475906/kr-esports-vs-evil-geniuses-champions-tour-2025-americas-stage-1-lr2,1,AllMaps,Derrek,EG,Tejo,1.06,189,33,33,17,0,76,141,43,0,2,-2,Evil Geniuses,VISA KRÜ(KRÜ Esports),27.0,23.0,2.0,0.0
https://www.vlr.gg/475906/kr-esports-vs-evil-geniuses-champions-tour-2025-americas-stage-1-lr2,1,AllMaps,NaturE,EG,Fade,0.95,195,36,39,22,-3,78,119,24,3,2,1,Evil Geniuses,VISA KRÜ(KRÜ Esports),27.0,23.0,2.0,0.0
https://www.vlr.gg/475906/kr-esports-vs-evil-geniuses-champions-tour-2025-americas-stage-1-lr2,1,AllMaps,supamen,EG,Viper,0.69,155,26,37,8,-11,66,110,40,1,3,-2,Evil Geniuses,VISA KRÜ(KRÜ Esports),27.0,23.0,2.0,0.0
https://www.vlr.gg/475906/kr-esports-vs-evil-geniuses-champions-tour-2025-americas-stage-1-lr2,2,Icebox,Mazino,KRÜ,Harbor,1.21,263,23,18,6,5,79,169,28,2,6,-4,Evil Geniuses,VISA KRÜ(KRÜ Esports),13.0,11.0,2.0,0.0
https://www.vlr.gg/475906/kr-esports-vs-evil-geniuses-champions-tour-2025-americas-stage-1-lr2,2,Icebox,Shyy,KRÜ,Killjoy,1.19,215,22,15,3,7,79,144,21,3,1,2,Evil Geniuses,VISA KRÜ(KRÜ Esports),13.0,11.0,2.0,0.0
https://www.vlr.gg/475906/kr-esports-vs-evil-geniuses-champions-tour-2025-americas-stage-1-lr2,2,Icebox,keznit,KRÜ,Jett,1.13,216,17,17,8,0,71,142,15,4,2,2,Evil Geniuses,VISA KRÜ(KRÜ Esports),13.0,11.0,2.0,0.0
https://www.vlr.gg/475906/kr-esports-vs-evil-geniuses-champions-tour-2025-americas-stage-1-lr2,2,Icebox,adverso,KRÜ,Sova,0.99,182,15,15,9,0,71,128,30,1,2,-1,Evil Geniuses,VISA KRÜ(KRÜ Esports),13.0,11.0,2.0,0.0
https://www.vlr.gg/475906/kr-esports-vs-evil-geniuses-champions-tour-2025-americas-stage-1-lr2,2,Icebox,Melser,KRÜ,Viper,0.73,153,13,20,10,-7,92,119,25,1,2,-1,Evil Geniuses,VISA KRÜ(KRÜ Esports),13.0,11.0,2.0,0.0
https://www.vlr.gg/475906/kr-esports-vs-evil-geniuses-champions-tour-2025-americas-stage-1-lr2,2,Icebox,yay,EG,Jett,1.26,257,22,17,4,5,71,157,19,9,5,4,Evil Geniuses,VISA KRÜ(KRÜ Esports),13.0,11.0,2.0,0.0
https://www.vlr.gg/475906/kr-esports-vs-evil-geniuses-champions-tour-2025-americas-stage-1-lr2,2,Icebox,icy,EG,Killjoy,0.96,242,21,20,3,1,67,164,30,3,1,2,Evil Geniuses,VISA KRÜ(KRÜ Esports),13.0,11.0,2.0,0.0
https://www.vlr.gg/475906/kr-esports-vs-evil-geniuses-champions-tour-2025-americas-stage-1-lr2,2,Icebox,NaturE,EG,Kayo,0.86,170,16,18,10,-2,67,109,18,1,2,-1,Evil Geniuses,VISA KRÜ(KRÜ Esports),13.0,11.0,2.0,0.0
https://www.vlr.gg/475906/kr-esports-vs-evil-geniuses-champions-tour-2025-americas-stage-1-lr2,2,Icebox,supamen,EG,Viper,0.84,171,14,17,5,-3,79,113,46,0,1,-1,Evil Geniuses,VISA KRÜ(KRÜ Esports),13.0,11.0,2.0,0.0
https://www.vlr.gg/475906/kr-esports-vs-evil-geniuses-champions-tour-2025-americas-stage-1-lr2,2,Icebox,Derrek,EG,Sova,0.82,157,12,18,6,-6,71,120,50,0,2,-2,Evil Geniuses,VISA KRÜ(KRÜ Esports),13.0,11.0,2.0,0.0
https://www.vlr.gg/475907/g2-esports-vs-evil-geniuses-champions-tour-2025-americas-stage-1-lr3,0,Lotus,JonahP,G2,Breach,1.35,253,19,17,17,2,82,151,13,2,2,0,Evil Geniuses,G2 Esports,13.0,9.0,1.0,2.0
https://www.vlr.gg/475907/g2-esports-vs-evil-geniuses-champions-tour-2025-americas-stage-1-lr3,0,Lotus,jawgemo,G2,Yoru,1.17,298,22,17,2,5,77,179,31,5,2,3,Evil Geniuses,G2 Esports,13.0,9.0,1.0,2.0
https://www.vlr.gg/475907/g2-esports-vs-evil-geniuses-champions-tour-2025-americas-stage-1-lr3,0,Lotus,valyn,G2,Omen,0.84,169,12,16,10,-4,64,119,11,1,2,-1,Evil Geniuses,G2 Esports,13.0,9.0,1.0,2.0
https://www.vlr.gg/475907/g2-esports-vs-evil-geniuses-champions-tour-2025-americas-stage-1-lr3,0,Lotus,trent,G2,Tejo,0.81,193,16,19,5,-3,68,112,36,4,0,4,Evil Geniuses,G2 Esports,13.0,9.0,1.0,2.0
https://www.vlr.gg/475907/g2-esports-vs-evil-geniuses-champions-tour-2025-americas-stage-1-lr3,0,Lotus,leaf,G2,Viper,0.62,144,10,17,9,-7,55,101,18,0,4,-4,Evil Geniuses,G2 Esports,13.0,9.0,1.0,2.0
https://www.vlr.gg/475907/g2-esports-vs-evil-geniuses-champions-tour-2025-americas-stage-1-lr3,0,Lotus,supamen,EG,Viper,1.26,245,19,15,7,4,68,163,46,2,3,-1,Evil Geniuses,G2 Esports,13.0,9.0,1.0,2.0
https://www.vlr.gg/475907/g2-esports-vs-evil-geniuses-champions-tour-2025-americas-stage-1-lr3,0,Lotus,yay,EG,Clove,1.2,310,25,20,6,5,73,209,52,1,3,-2,Evil Geniuses,G2 Esports,13.0,9.0,1.0,2.0
https://www.vlr.gg/475907/g2-esports-vs-evil-geniuses-champions-tour-2025-americas-stage-1-lr3,0,Lotus,NaturE,EG,Fade,1.06,186,14,14,6,0,73,129,24,0,0,0,Evil Geniuses,G2 Esports,13.0,9.0,1.0,2.0
https://www.vlr.gg/475907/g2-esports-vs-evil-geniuses-champions-tour-2025-americas-stage-1-lr3,0,Lotus,Derrek,EG,Tejo,1.04,170,14,14,5,0,73,111,25,2,0,2,Evil Geniuses,G2 Esports,13.0,9.0,1.0,2.0
https://www.vlr.gg/475907/g2-esports-vs-evil-geniuses-champions-tour-2025-americas-stage-1-lr3,0,Lotus,icy,EG,Raze,0.8,193,14,17,5,-3,59,115,21,5,6,-1,Evil Geniuses,G2 Esports,13.0,9.0,1.0,2.0
https://www.vlr.gg/475907/g2-esports-vs-evil-geniuses-champions-tour-2025-americas-stage-1-lr3,1,AllMaps,leaf,G2,Viper,1.25,259,59,41,22,18,76,156,20,7,10,-3,G2 Esports,G2 Esports,31.0,35.0,1.0,2.0
https://www.vlr.gg/475907/g2-esports-vs-evil-geniuses-champions-tour-2025-americas-stage-1-lr3,1,AllMaps,trent,G2,Tejo,1.17,215,55,43,16,12,79,144,30,7,4,3,G2 Esports,G2 Esports,31.0,35.0,1.0,2.0
https://www.vlr.gg/475907/g2-esports-vs-evil-geniuses-champions-tour-2025-americas-stage-1-lr3,1,AllMaps,JonahP,G2,Breach,1.11,204,45,45,40,0,77,127,16,2,7,-5,G2 Esports,G2 Esports,31.0,35.0,1.0,2.0
https://www.vlr.gg/475907/g2-esports-vs-evil-geniuses-champions-tour-2025-americas-stage-1-lr3,1,AllMaps,jawgemo,G2,Yoru,0.93,249,55,54,10,1,77,151,23,16,8,8,G2 Esports,G2 Esports,31.0,35.0,1.0,2.0
https://www.vlr.gg/475907/g2-esports-vs-evil-geniuses-champions-tour-2025-americas-stage-1-lr3,1,AllMaps,valyn,G2,Omen,0.91,166,40,45,28,-5,71,111,18,2,3,-1,G2 Esports,G2 Esports,31.0,35.0,1.0,2.0
https://www.vlr.gg/475907/g2-esports-vs-evil-geniuses-champions-tour-2025-americas-stage-1-lr3,1,AllMaps,supamen,EG,Viper,1.06,199,46,47,20,-1,65,128,43,6,7,-1,G2 Esports,G2 Esports,31.0,35.0,1.0,2.0
https://www.vlr.gg/475907/g2-esports-vs-evil-geniuses-champions-tour-2025-americas-stage-1-lr3,1,AllMaps,yay,EG,Clove,1.01,243,58,56,16,2,64,159,41,9,8,1,G2 Esports,G2 Esports,31.0,35.0,1.0,2.0
https://www.vlr.gg/475907/g2-esports-vs-evil-geniuses-champions-tour-2025-americas-stage-1-lr3,1,AllMaps,Derrek,EG,Tejo,0.92,179,41,48,15,-7,67,122,29,4,2,2,G2 Esports,G2 Esports,31.0,35.0,1.0,2.0
https://www.vlr.gg/475907/g2-esports-vs-evil-geniuses-champions-tour-2025-americas-stage-1-lr3,1,AllMaps,icy,EG,Raze,0.92,231,51,56,10,-5,65,146,23,12,12,0,G2 Esports,G2 Esports,31.0,35.0,1.0,2.0
https://www.vlr.gg/475907/g2-esports-vs-evil-geniuses-champions-tour-2025-americas-stage-1-lr3,1,AllMaps,NaturE,EG,Fade,0.76,142,32,48,20,-16,71,95,23,1,5,-4,G2 Esports,G2 Esports,31.0,35.0,1.0,2.0
https://www.vlr.gg/475907/g2-esports-vs-evil-geniuses-champions-tour-2025-americas-stage-1-lr3,2,Split,leaf,G2,Viper,1.78,386,28,12,6,16,90,209,19,5,3,2,G2 Esports,G2 Esports,7.0,13.0,1.0,2.0
https://www.vlr.gg/475907/g2-esports-vs-evil-geniuses-champions-tour-2025-americas-stage-1-lr3,2,Split,trent,G2,Tejo,1.36,219,16,10,6,6,90,168,32,1,0,1,G2 Esports,G2 Esports,7.0,13.0,1.0,2.0
https://www.vlr.gg/475907/g2-esports-vs-evil-geniuses-champions-tour-2025-americas-stage-1-lr3,2,Split,jawgemo,G2,Yoru,1.05,249,18,15,1,3,80,151,23,4,3,1,G2 Esports,G2 Esports,7.0,13.0,1.0,2.0
https://www.vlr.gg/475907/g2-esports-vs-evil-geniuses-champions-tour-2025-americas-stage-1-lr3,2,Split,JonahP,G2,Breach,0.97,184,13,12,8,1,75,116,19,0,2,-2,G2 Esports,G2 Esports,7.0,13.0,1.0,2.0
https://www.vlr.gg/475907/g2-esports-vs-evil-geniuses-champions-tour-2025-americas-stage-1-lr3,2,Split,valyn,G2,Omen,0.74,119,8,12,12,-4,75,74,16,1,1,0,G2 Esports,G2 Esports,7.0,13.0,1.0,2.0
https://www.vlr.gg/475907/g2-esports-vs-evil-geniuses-champions-tour-2025-americas-stage-1-lr3,2,Split,icy,EG,Raze,1.35,302,20,17,1,3,75,189,21,3,2,1,G2 Esports,G2 Esports,7.0,13.0,1.0,2.0
https://www.vlr.gg/475907/g2-esports-vs-evil-geniuses-champions-tour-2025-americas-stage-1-lr3,2,Split,Derrek,EG,Tejo,0.89,183,13,15,3,-2,70,124,36,2,1,1,G2 Esports,G2 Esports,7.0,13.0,1.0,2.0
https://www.vlr.gg/475907/g2-esports-vs-evil-geniuses-champions-tour-2025-americas-stage-1-lr3,2,Split,yay,EG,Astra,0.87,197,15,17,6,-2,65,121,37,2,2,0,G2 Esports,G2 Esports,7.0,13.0,1.0,2.0
https://www.vlr.gg/475907/g2-esports-vs-evil-geniuses-champions-tour-2025-americas-stage-1-lr3,2,Split,supamen,EG,Viper,0.58,138,8,17,5,-9,60,85,29,2,4,-2,G2 Esports,G2 Esports,7.0,13.0,1.0,2.0
https://www.vlr.gg/475907/g2-esports-vs-evil-geniuses-champions-tour-2025-americas-stage-1-lr3,2,Split,NaturE,EG,Breach,0.33,76,5,17,7,-12,70,48,25,0,2,-2,G2 Esports,G2 Esports,7.0,13.0,1.0,2.0
https://www.vlr.gg/475907/g2-esports-vs-evil-geniuses-champions-tour-2025-americas-stage-1-lr3,3,Pearl,leaf,G2,Vyse,1.38,248,21,12,7,9,83,162,24,2,3,-1,G2 Esports,G2 Esports,11.0,13.0,1.0,2.0
https://www.vlr.gg/475907/g2-esports-vs-evil-geniuses-champions-tour-2025-americas-stage-1-lr3,3,Pearl,trent,G2,Tejo,1.34,233,23,14,5,9,79,154,25,2,4,-2,G2 Esports,G2 Esports,11.0,13.0,1.0,2.0
https://www.vlr.gg/475907/g2-esports-vs-evil-geniuses-champions-tour-2025-americas-stage-1-lr3,3,Pearl,valyn,G2,Astra,1.11,211,20,17,6,3,75,135,27,0,0,0,G2 Esports,G2 Esports,11.0,13.0,1.0,2.0
https://www.vlr.gg/475907/g2-esports-vs-evil-geniuses-champions-tour-2025-americas-stage-1-lr3,3,Pearl,JonahP,G2,Fade,1.01,174,13,16,15,-3,75,113,16,0,3,-3,G2 Esports,G2 Esports,11.0,13.0,1.0,2.0
https://www.vlr.gg/475907/g2-esports-vs-evil-geniuses-champions-tour-2025-americas-stage-1-lr3,3,Pearl,jawgemo,G2,Yoru,0.62,200,15,22,7,-7,75,125,16,7,3,4,G2 Esports,G2 Esports,11.0,13.0,1.0,2.0
https://www.vlr.gg/475907/g2-esports-vs-evil-geniuses-champions-tour-2025-americas-stage-1-lr3,3,Pearl,supamen,EG,Astra,1.3,214,19,15,8,4,67,132,51,2,0,2,G2 Esports,G2 Esports,11.0,13.0,1.0,2.0
https://www.vlr.gg/475907/g2-esports-vs-evil-geniuses-champions-tour-2025-americas-stage-1-lr3,3,Pearl,yay,EG,Jett,0.95,222,18,19,4,-1,54,143,29,6,3,3,G2 Esports,G2 Esports,11.0,13.0,1.0,2.0
https://www.vlr.gg/475907/g2-esports-vs-evil-geniuses-champions-tour-2025-americas-stage-1-lr3,3,Pearl,NaturE,EG,Vyse,0.83,165,13,17,7,-4,71,104,20,1,3,-2,G2 Esports,G2 Esports,11.0,13.0,1.0,2.0
https://www.vlr.gg/475907/g2-esports-vs-evil-geniuses-champions-tour-2025-americas-stage-1-lr3,3,Pearl,Derrek,EG,Tejo,0.83,185,14,19,7,-5,58,129,28,0,1,-1,G2 Esports,G2 Esports,11.0,13.0,1.0,2.0
https://www.vlr.gg/475907/g2-esports-vs-evil-geniuses-champions-tour-2025-americas-stage-1-lr3,3,Pearl,icy,EG,Yoru,0.66,198,17,22,4,-5,63,140,26,4,4,0,G2 Esports,G2 Esports,11.0,13.0,1.0,2.0
https://www.vlr.gg/475908/mibr-vs-g2-esports-champions-tour-2025-americas-stage-1-lbf,0,Haven,xenom,MIBR,Omen,1.38,245,20,12,9,8,78,170,33,1,1,0,MIBR,G2 Esports,13.0,10.0,1.0,3.0
https://www.vlr.gg/475908/mibr-vs-g2-esports-champions-tour-2025-americas-stage-1-lbf,0,Haven,artzin,MIBR,Breach,1.26,256,20,14,12,6,70,170,34,2,3,-1,MIBR,G2 Esports,13.0,10.0,1.0,3.0
https://www.vlr.gg/475908/mibr-vs-g2-esports-champions-tour-2025-americas-stage-1-lbf,0,Haven,aspas,MIBR,Jett,1.01,174,14,13,3,1,78,101,41,4,2,2,MIBR,G2 Esports,13.0,10.0,1.0,3.0
https://www.vlr.gg/475908/mibr-vs-g2-esports-champions-tour-2025-americas-stage-1-lbf,0,Haven,Verno,MIBR,Tejo,0.95,163,14,13,3,1,65,123,25,0,1,-1,MIBR,G2 Esports,13.0,10.0,1.0,3.0
https://www.vlr.gg/475908/mibr-vs-g2-esports-champions-tour-2025-americas-stage-1-lbf,0,Haven,cortezia,MIBR,Cypher,0.62,151,14,18,3,-4,70,99,24,4,5,-1,MIBR,G2 Esports,13.0,10.0,1.0,3.0
https://www.vlr.gg/475908/mibr-vs-g2-esports-champions-tour-2025-americas-stage-1-lbf,0,Haven,leaf,G2,Vyse,1.11,232,18,18,5,0,74,160,22,5,0,5,MIBR,MIBR,10.0,13.0,3.0,1.0
https://www.vlr.gg/475908/mibr-vs-g2-esports-champions-tour-2025-americas-stage-1-lbf,0,Haven,valyn,G2,Astra,1.09,217,18,16,7,2,65,144,47,3,3,0,MIBR,MIBR,10.0,13.0,3.0,1.0
https://www.vlr.gg/475908/mibr-vs-g2-esports-champions-tour-2025-americas-stage-1-lbf,0,Haven,jawgemo,G2,Yoru,1.05,183,16,16,2,0,70,140,34,2,4,-2,MIBR,MIBR,10.0,13.0,3.0,1.0
https://www.vlr.gg/475908/mibr-vs-g2-esports-champions-tour-2025-americas-stage-1-lbf,0,Haven,trent,G2,Tejo,0.93,156,10,14,12,-4,74,115,20,0,3,-3,MIBR,MIBR,10.0,13.0,3.0,1.0
https://www.vlr.gg/475908/mibr-vs-g2-esports-champions-tour-2025-americas-stage-1-lbf,0,Haven,JonahP,G2,Breach,0.68,123,8,18,7,-10,70,82,10,2,1,1,MIBR,MIBR,10.0,13.0,3.0,1.0
https://www.vlr.gg/475908/mibr-vs-g2-esports-champions-tour-2025-americas-stage-1-lbf,1,AllMaps,aspas,MIBR,Jett,1.2,232,78,64,15,14,69,144,29,23,17,6,G2 Esports,G2 Esports,44.0,51.0,1.0,3.0
https://www.vlr.gg/475908/mibr-vs-g2-esports-champions-tour-2025-americas-stage-1-lbf,1,AllMaps,Verno,MIBR,Tejo,1.08,209,70,61,18,9,72,142,23,3,3,0,G2 Esports,G2 Esports,44.0,51.0,1.0,3.0
https://www.vlr.gg/475908/mibr-vs-g2-esports-champions-tour-2025-americas-stage-1-lbf,1,AllMaps,xenom,MIBR,Omen,0.91,184,63,63,22,0,64,126,37,3,10,-7,G2 Esports,G2 Esports,44.0,51.0,1.0,3.0
https://www.vlr.gg/475908/mibr-vs-g2-esports-champions-tour-2025-americas-stage-1-lbf,1,AllMaps,artzin,MIBR,Breach,0.83,179,53,74,47,-21,66,124,27,3,11,-8,G2 Esports,G2 Esports,44.0,51.0,1.0,3.0
https://www.vlr.gg/475908/mibr-vs-g2-esports-champions-tour-2025-americas-stage-1-lbf,1,AllMaps,cortezia,MIBR,Cypher,0.65,163,57,77,17,-20,68,105,30,11,11,0,G2 Esports,G2 Esports,44.0,51.0,1.0,3.0
https://www.vlr.gg/475908/mibr-vs-g2-esports-champions-tour-2025-americas-stage-1-lbf,1,AllMaps,trent,G2,Tejo,1.23,204,66,54,42,12,81,146,24,7,7,0,G2 Esports,MIBR,51.0,44.0,3.0,1.0
https://www.vlr.gg/475908/mibr-vs-g2-esports-champions-tour-2025-americas-stage-1-lbf,1,AllMaps,leaf,G2,Vyse,1.2,265,87,70,26,17,80,170,27,14,8,6,G2 Esports,MIBR,51.0,44.0,3.0,1.0
https://www.vlr.gg/475908/mibr-vs-g2-esports-champions-tour-2025-americas-stage-1-lbf,1,AllMaps,valyn,G2,Astra,1.11,222,76,65,28,11,75,141,29,6,14,-8,G2 Esports,MIBR,51.0,44.0,3.0,1.0
https://www.vlr.gg/475908/mibr-vs-g2-esports-champions-tour-2025-americas-stage-1-lbf,1,AllMaps,jawgemo,G2,Yoru,0.9,188,66,67,17,-1,73,122,27,16,12,4,G2 Esports,MIBR,51.0,44.0,3.0,1.0
https://www.vlr.gg/475908/mibr-vs-g2-esports-champions-tour-2025-americas-stage-1-lbf,1,AllMaps,JonahP,G2,Breach,0.84,150,44,65,55,-21,74,94,15,9,2,7,G2 Esports,MIBR,51.0,44.0,3.0,1.0
https://www.vlr.gg/475908/mibr-vs-g2-esports-champions-tour-2025-americas-stage-1-lbf,2,Lotus,aspas,MIBR,Neon,1.41,305,30,20,5,10,75,187,24,10,5,5,G2 Esports,G2 Esports,13.0,15.0,1.0,3.0
https://www.vlr.gg/475908/mibr-vs-g2-esports-champions-tour-2025-americas-stage-1-lbf,2,Lotus,Verno,MIBR,Tejo,1.05,197,19,18,6,1,86,139,25,1,0,1,G2 Esports,G2 Esports,13.0,15.0,1.0,3.0
https://www.vlr.gg/475908/mibr-vs-g2-esports-champions-tour-2025-americas-stage-1-lbf,2,Lotus,artzin,MIBR,Breach,0.96,200,17,23,16,-6,79,134,24,1,1,0,G2 Esports,G2 Esports,13.0,15.0,1.0,3.0
https://www.vlr.gg/475908/mibr-vs-g2-esports-champions-tour-2025-americas-stage-1-lbf,2,Lotus,xenom,MIBR,Viper,0.86,214,21,20,2,1,61,141,43,2,3,-1,G2 Esports,G2 Esports,13.0,15.0,1.0,3.0
https://www.vlr.gg/475908/mibr-vs-g2-esports-champions-tour-2025-americas-stage-1-lbf,2,Lotus,cortezia,MIBR,Omen,0.66,135,15,22,5,-7,71,84,41,4,1,3,G2 Esports,G2 Esports,13.0,15.0,1.0,3.0
https://www.vlr.gg/475908/mibr-vs-g2-esports-champions-tour-2025-americas-stage-1-lbf,2,Lotus,trent,G2,Tejo,1.66,301,28,17,12,11,89,196,27,2,1,1,G2 Esports,MIBR,15.0,13.0,3.0,1.0
https://www.vlr.gg/475908/mibr-vs-g2-esports-champions-tour-2025-americas-stage-1-lbf,2,Lotus,leaf,G2,Viper,1.05,238,24,23,7,1,79,149,31,3,5,-2,G2 Esports,MIBR,15.0,13.0,3.0,1.0
https://www.vlr.gg/475908/mibr-vs-g2-esports-champions-tour-2025-americas-stage-1-lbf,2,Lotus,jawgemo,G2,Yoru,0.91,200,21,19,6,2,71,126,26,4,5,-1,G2 Esports,MIBR,15.0,13.0,3.0,1.0
https://www.vlr.gg/475908/mibr-vs-g2-esports-champions-tour-2025-americas-stage-1-lbf,2,Lotus,valyn,G2,Omen,0.79,177,16,21,6,-5,71,125,23,1,6,-5,G2 Esports,MIBR,15.0,13.0,3.0,1.0
https://www.vlr.gg/475908/mibr-vs-g2-esports-champions-tour-2025-americas-stage-1-lbf,2,Lotus,JonahP,G2,Breach,0.73,158,14,22,14,-8,64,107,14,0,1,-1,G2 Esports,MIBR,15.0,13.0,3.0,1.0
https://www.vlr.gg/475908/mibr-vs-g2-esports-champions-tour-2025-americas-stage-1-lbf,3,Split,aspas,MIBR,Jett,1.45,269,21,15,4,6,61,159,30,6,6,0,G2 Esports,G2 Esports,10.0,13.0,1.0,3.0
https://www.vlr.gg/475908/mibr-vs-g2-esports-champions-tour-2025-americas-stage-1-lbf,3,Split,Verno,MIBR,Tejo,1.1,196,16,15,3,1,65,129,11,1,1,0,G2 Esports,G2 Esports,10.0,13.0,1.0,3.0
https://www.vlr.gg/475908/mibr-vs-g2-esports-champions-tour-2025-americas-stage-1-lbf,3,Split,cortezia,MIBR,Omen,0.71,180,14,19,5,-5,70,121,32,1,3,-2,G2 Esports,G2 Esports,10.0,13.0,1.0,3.0
https://www.vlr.gg/475908/mibr-vs-g2-esports-champions-tour-2025-americas-stage-1-lbf,3,Split,artzin,MIBR,Breach,0.61,141,10,19,9,-9,57,104,34,0,2,-2,G2 Esports,G2 Esports,10.0,13.0,1.0,3.0
https://www.vlr.gg/475908/mibr-vs-g2-esports-champions-tour-2025-americas-stage-1-lbf,3,Split,xenom,MIBR,Viper,0.32,71,6,16,3,-10,52,51,25,0,3,-3,G2 Esports,G2 Esports,10.0,13.0,1.0,3.0
https://www.vlr.gg/475908/mibr-vs-g2-esports-champions-tour-2025-americas-stage-1-lbf,3,Split,trent,G2,Tejo,1.3,227,18,11,10,7,91,161,24,2,1,1,G2 Esports,MIBR,13.0,10.0,3.0,1.0
https://www.vlr.gg/475908/mibr-vs-g2-esports-champions-tour-2025-americas-stage-1-lbf,3,Split,leaf,G2,Viper,1.21,245,20,15,5,5,78,171,30,2,1,1,G2 Esports,MIBR,13.0,10.0,3.0,1.0
https://www.vlr.gg/475908/mibr-vs-g2-esports-champions-tour-2025-americas-stage-1-lbf,3,Split,valyn,G2,Omen,1.04,199,18,14,5,4,74,125,31,1,4,-3,G2 Esports,MIBR,13.0,10.0,3.0,1.0
https://www.vlr.gg/475908/mibr-vs-g2-esports-champions-tour-2025-americas-stage-1-lbf,3,Split,jawgemo,G2,Yoru,1.03,218,17,15,6,2,78,141,26,6,2,4,G2 Esports,MIBR,13.0,10.0,3.0,1.0
https://www.vlr.gg/475908/mibr-vs-g2-esports-champions-tour-2025-americas-stage-1-lbf,3,Split,JonahP,G2,Breach,0.98,155,11,12,15,-1,83,83,17,4,0,4,G2 Esports,MIBR,13.0,10.0,3.0,1.0
https://www.vlr.gg/475908/mibr-vs-g2-esports-champions-tour-2025-americas-stage-1-lbf,4,Ascent,Verno,MIBR,Tejo,1.26,278,21,15,6,6,67,180,34,1,1,0,G2 Esports,G2 Esports,8.0,13.0,1.0,3.0
https://www.vlr.gg/475908/mibr-vs-g2-esports-champions-tour-2025-americas-stage-1-lbf,4,Ascent,xenom,MIBR,Omen,1.12,207,16,15,8,1,67,140,40,0,3,-3,G2 Esports,G2 Esports,8.0,13.0,1.0,3.0
https://www.vlr.gg/475908/mibr-vs-g2-esports-champions-tour-2025-americas-stage-1-lbf,4,Ascent,aspas,MIBR,Jett,0.87,178,13,16,3,-3,62,117,29,3,4,-1,G2 Esports,G2 Esports,8.0,13.0,1.0,3.0
https://www.vlr.gg/475908/mibr-vs-g2-esports-champions-tour-2025-americas-stage-1-lbf,4,Ascent,cortezia,MIBR,Vyse,0.61,184,14,18,4,-4,62,123,27,2,2,0,G2 Esports,G2 Esports,8.0,13.0,1.0,3.0
https://www.vlr.gg/475908/mibr-vs-g2-esports-champions-tour-2025-americas-stage-1-lbf,4,Ascent,artzin,MIBR,Kayo,0.42,118,6,18,10,-12,57,80,14,0,5,-5,G2 Esports,G2 Esports,8.0,13.0,1.0,3.0
https://www.vlr.gg/475908/mibr-vs-g2-esports-champions-tour-2025-americas-stage-1-lbf,4,Ascent,valyn,G2,Omen,1.61,296,24,14,10,10,90,178,23,1,1,0,G2 Esports,MIBR,13.0,8.0,3.0,1.0
https://www.vlr.gg/475908/mibr-vs-g2-esports-champions-tour-2025-americas-stage-1-lbf,4,Ascent,leaf,G2,Vyse,1.51,343,25,14,9,11,90,206,24,4,2,2,G2 Esports,MIBR,13.0,8.0,3.0,1.0
https://www.vlr.gg/475908/mibr-vs-g2-esports-champions-tour-2025-americas-stage-1-lbf,4,Ascent,JonahP,G2,Kayo,1.01,162,11,13,19,-2,81,102,18,3,0,3,G2 Esports,MIBR,13.0,8.0,3.0,1.0
https://www.vlr.gg/475908/mibr-vs-g2-esports-champions-tour-2025-americas-stage-1-lbf,4,Ascent,trent,G2,Tejo,0.91,132,10,12,8,-2,67,96,24,3,2,1,G2 Esports,MIBR,13.0,8.0,3.0,1.0
https://www.vlr.gg/475908/mibr-vs-g2-esports-champions-tour-2025-americas-stage-1-lbf,4,Ascent,jawgemo,G2,Waylay,0.61,152,12,17,3,-5,71,76,19,4,1,3,G2 Esports,MIBR,13.0,8.0,3.0,1.0
https://www.vlr.gg/459518/kr-esports-vs-loud-champions-tour-2025-americas-stage-1-w1,0,Fracture,adverso,KRÜ,Tejo,0.86,176,9,13,3,-4,56,133,18,2,1,1,LOUD,VISA KRÜ(KRÜ Esports),13.0,3.0,1.0,2.0
https://www.vlr.gg/459518/kr-esports-vs-loud-champions-tour-2025-americas-stage-1-w1,0,Fracture,Melser,KRÜ,Brimstone,0.7,183,11,16,3,-5,69,99,13,2,1,1,LOUD,VISA KRÜ(KRÜ Esports),13.0,3.0,1.0,2.0
https://www.vlr.gg/459518/kr-esports-vs-loud-champions-tour-2025-americas-stage-1-w1,0,Fracture,keznit,KRÜ,Raze,0.6,172,8,15,5,-7,63,112,26,1,3,-2,LOUD,VISA KRÜ(KRÜ Esports),13.0,3.0,1.0,2.0
https://www.vlr.gg/459518/kr-esports-vs-loud-champions-tour-2025-americas-stage-1-w1,0,Fracture,Shyy,KRÜ,Vyse,0.56,120,7,14,1,-7,44,73,20,1,0,1,LOUD,VISA KRÜ(KRÜ Esports),13.0,3.0,1.0,2.0
https://www.vlr.gg/459518/kr-esports-vs-loud-champions-tour-2025-americas-stage-1-w1,0,Fracture,Mazino,KRÜ,Breach,0.22,103,5,16,3,-11,44,78,21,0,5,-5,LOUD,VISA KRÜ(KRÜ Esports),13.0,3.0,1.0,2.0
https://www.vlr.gg/459518/kr-esports-vs-loud-champions-tour-2025-americas-stage-1-w1,0,Fracture,cauanzin,LOUD,Tejo,1.79,290,18,6,7,12,88,203,31,3,1,2,LOUD,VISA KRÜ(KRÜ Esports),13.0,3.0,1.0,2.0
https://www.vlr.gg/459518/kr-esports-vs-loud-champions-tour-2025-americas-stage-1-w1,0,Fracture,dgzin,LOUD,Neon,1.53,276,17,9,5,8,94,167,29,2,0,2,LOUD,VISA KRÜ(KRÜ Esports),13.0,3.0,1.0,2.0
https://www.vlr.gg/459518/kr-esports-vs-loud-champions-tour-2025-americas-stage-1-w1,0,Fracture,pANcada,LOUD,Brimstone,1.49,217,11,7,11,4,100,155,29,2,2,0,LOUD,VISA KRÜ(KRÜ Esports),13.0,3.0,1.0,2.0
https://www.vlr.gg/459518/kr-esports-vs-loud-champions-tour-2025-americas-stage-1-w1,0,Fracture,tuyz,LOUD,Cypher,1.39,243,13,6,12,7,100,158,18,2,2,0,LOUD,VISA KRÜ(KRÜ Esports),13.0,3.0,1.0,2.0
https://www.vlr.gg/459518/kr-esports-vs-loud-champions-tour-2025-americas-stage-1-w1,0,Fracture,v1nny,LOUD,Breach,1.17,232,15,12,12,3,88,145,30,1,1,0,LOUD,VISA KRÜ(KRÜ Esports),13.0,3.0,1.0,2.0
https://www.vlr.gg/459518/kr-esports-vs-loud-champions-tour-2025-americas-stage-1-w1,1,AllMaps,keznit,KRÜ,Raze,1.24,269,53,38,13,15,76,165,22,12,7,5,VISA KRÜ(KRÜ Esports),VISA KRÜ(KRÜ Esports),25.0,29.0,1.0,2.0
https://www.vlr.gg/459518/kr-esports-vs-loud-champions-tour-2025-americas-stage-1-w1,1,AllMaps,Melser,KRÜ,Brimstone,1.15,209,39,35,23,4,78,118,21,5,4,1,VISA KRÜ(KRÜ Esports),VISA KRÜ(KRÜ Esports),25.0,29.0,1.0,2.0
https://www.vlr.gg/459518/kr-esports-vs-loud-champions-tour-2025-americas-stage-1-w1,1,AllMaps,Shyy,KRÜ,Vyse,1.08,182,39,34,13,5,69,123,23,4,3,1,VISA KRÜ(KRÜ Esports),VISA KRÜ(KRÜ Esports),25.0,29.0,1.0,2.0
https://www.vlr.gg/459518/kr-esports-vs-loud-champions-tour-2025-americas-stage-1-w1,1,AllMaps,Mazino,KRÜ,Breach,1.0,183,34,39,26,-5,76,122,20,4,5,-1,VISA KRÜ(KRÜ Esports),VISA KRÜ(KRÜ Esports),25.0,29.0,1.0,2.0
https://www.vlr.gg/459518/kr-esports-vs-loud-champions-tour-2025-americas-stage-1-w1,1,AllMaps,adverso,KRÜ,Tejo,0.89,177,32,38,13,-6,74,131,19,4,6,-2,VISA KRÜ(KRÜ Esports),VISA KRÜ(KRÜ Esports),25.0,29.0,1.0,2.0
https://www.vlr.gg/459518/kr-esports-vs-loud-champions-tour-2025-americas-stage-1-w1,1,AllMaps,pANcada,LOUD,Brimstone,1.08,214,39,39,20,0,78,143,38,4,5,-1,VISA KRÜ(KRÜ Esports),VISA KRÜ(KRÜ Esports),25.0,29.0,1.0,2.0
https://www.vlr.gg/459518/kr-esports-vs-loud-champions-tour-2025-americas-stage-1-w1,1,AllMaps,cauanzin,LOUD,Tejo,1.03,210,40,36,11,4,65,148,23,5,9,-4,VISA KRÜ(KRÜ Esports),VISA KRÜ(KRÜ Esports),25.0,29.0,1.0,2.0
https://www.vlr.gg/459518/kr-esports-vs-loud-champions-tour-2025-americas-stage-1-w1,1,AllMaps,dgzin,LOUD,Neon,1.02,224,41,40,10,1,70,137,28,7,6,1,VISA KRÜ(KRÜ Esports),VISA KRÜ(KRÜ Esports),25.0,29.0,1.0,2.0
https://www.vlr.gg/459518/kr-esports-vs-loud-champions-tour-2025-americas-stage-1-w1,1,AllMaps,tuyz,LOUD,Cypher,0.89,197,36,38,18,-2,70,138,22,7,5,2,VISA KRÜ(KRÜ Esports),VISA KRÜ(KRÜ Esports),25.0,29.0,1.0,2.0
https://www.vlr.gg/459518/kr-esports-vs-loud-champions-tour-2025-americas-stage-1-w1,1,AllMaps,v1nny,LOUD,Breach,0.7,144,28,44,20,-16,70,98,33,2,4,-2,VISA KRÜ(KRÜ Esports),VISA KRÜ(KRÜ Esports),25.0,29.0,1.0,2.0
https://www.vlr.gg/459518/kr-esports-vs-loud-champions-tour-2025-americas-stage-1-w1,2,Haven,keznit,KRÜ,Yoru,1.87,350,20,9,6,11,87,219,25,6,1,5,VISA KRÜ(KRÜ Esports),VISA KRÜ(KRÜ Esports),2.0,13.0,1.0,2.0
https://www.vlr.gg/459518/kr-esports-vs-loud-champions-tour-2025-americas-stage-1-w1,2,Haven,Mazino,KRÜ,Breach,1.58,253,14,8,10,6,100,175,23,1,0,1,VISA KRÜ(KRÜ Esports),VISA KRÜ(KRÜ Esports),2.0,13.0,1.0,2.0
https://www.vlr.gg/459518/kr-esports-vs-loud-champions-tour-2025-americas-stage-1-w1,2,Haven,Melser,KRÜ,Omen,1.56,262,14,6,9,8,93,139,25,2,1,1,VISA KRÜ(KRÜ Esports),VISA KRÜ(KRÜ Esports),2.0,13.0,1.0,2.0
https://www.vlr.gg/459518/kr-esports-vs-loud-champions-tour-2025-americas-stage-1-w1,2,Haven,Shyy,KRÜ,Cypher,1.16,215,14,8,3,6,80,133,17,1,2,-1,VISA KRÜ(KRÜ Esports),VISA KRÜ(KRÜ Esports),2.0,13.0,1.0,2.0
https://www.vlr.gg/459518/kr-esports-vs-loud-champions-tour-2025-americas-stage-1-w1,2,Haven,adverso,KRÜ,Tejo,0.9,134,7,7,3,0,93,87,6,0,1,-1,VISA KRÜ(KRÜ Esports),VISA KRÜ(KRÜ Esports),2.0,13.0,1.0,2.0
https://www.vlr.gg/459518/kr-esports-vs-loud-champions-tour-2025-americas-stage-1-w1,2,Haven,pANcada,LOUD,Omen,1.1,239,12,13,5,-1,80,162,44,1,0,1,VISA KRÜ(KRÜ Esports),VISA KRÜ(KRÜ Esports),2.0,13.0,1.0,2.0
https://www.vlr.gg/459518/kr-esports-vs-loud-champions-tour-2025-americas-stage-1-w1,2,Haven,dgzin,LOUD,Jett,0.87,231,11,14,2,-3,67,152,24,3,4,-1,VISA KRÜ(KRÜ Esports),VISA KRÜ(KRÜ Esports),2.0,13.0,1.0,2.0
https://www.vlr.gg/459518/kr-esports-vs-loud-champions-tour-2025-americas-stage-1-w1,2,Haven,tuyz,LOUD,Cypher,0.58,131,7,13,2,-6,60,100,39,1,1,0,VISA KRÜ(KRÜ Esports),VISA KRÜ(KRÜ Esports),2.0,13.0,1.0,2.0
https://www.vlr.gg/459518/kr-esports-vs-loud-champions-tour-2025-americas-stage-1-w1,2,Haven,cauanzin,LOUD,Sova,0.27,126,6,14,0,-8,47,82,20,0,3,-3,VISA KRÜ(KRÜ Esports),VISA KRÜ(KRÜ Esports),2.0,13.0,1.0,2.0
https://www.vlr.gg/459518/kr-esports-vs-loud-champions-tour-2025-americas-stage-1-w1,2,Haven,v1nny,LOUD,Breach,0.1,50,2,15,4,-13,47,34,27,0,2,-2,VISA KRÜ(KRÜ Esports),VISA KRÜ(KRÜ Esports),2.0,13.0,1.0,2.0
https://www.vlr.gg/459518/kr-esports-vs-loud-champions-tour-2025-americas-stage-1-w1,3,Split,Shyy,KRÜ,Viper,1.38,211,18,12,9,6,78,151,28,2,1,1,VISA KRÜ(KRÜ Esports),VISA KRÜ(KRÜ Esports),10.0,13.0,1.0,2.0
https://www.vlr.gg/459518/kr-esports-vs-loud-champions-tour-2025-americas-stage-1-w1,3,Split,keznit,KRÜ,Jett,1.26,285,25,14,2,11,78,167,18,5,3,2,VISA KRÜ(KRÜ Esports),VISA KRÜ(KRÜ Esports),10.0,13.0,1.0,2.0
https://www.vlr.gg/459518/kr-esports-vs-loud-champions-tour-2025-americas-stage-1-w1,3,Split,Melser,KRÜ,Omen,1.19,182,14,13,11,1,74,118,26,1,2,-1,VISA KRÜ(KRÜ Esports),VISA KRÜ(KRÜ Esports),10.0,13.0,1.0,2.0
https://www.vlr.gg/459518/kr-esports-vs-loud-champions-tour-2025-americas-stage-1-w1,3,Split,Mazino,KRÜ,Breach,1.15,194,15,15,13,0,83,119,17,3,0,3,VISA KRÜ(KRÜ Esports),VISA KRÜ(KRÜ Esports),10.0,13.0,1.0,2.0
https://www.vlr.gg/459518/kr-esports-vs-loud-champions-tour-2025-americas-stage-1-w1,3,Split,adverso,KRÜ,Tejo,0.89,221,16,18,7,-2,74,159,26,2,4,-2,VISA KRÜ(KRÜ Esports),VISA KRÜ(KRÜ Esports),10.0,13.0,1.0,2.0
https://www.vlr.gg/459518/kr-esports-vs-loud-champions-tour-2025-americas-stage-1-w1,3,Split,cauanzin,LOUD,Tejo,0.99,215,16,16,4,0,61,152,19,2,5,-3,VISA KRÜ(KRÜ Esports),VISA KRÜ(KRÜ Esports),10.0,13.0,1.0,2.0
https://www.vlr.gg/459518/kr-esports-vs-loud-champions-tour-2025-americas-stage-1-w1,3,Split,dgzin,LOUD,Raze,0.77,164,13,17,3,-4,57,107,32,2,2,0,VISA KRÜ(KRÜ Esports),VISA KRÜ(KRÜ Esports),10.0,13.0,1.0,2.0
https://www.vlr.gg/459518/kr-esports-vs-loud-champions-tour-2025-americas-stage-1-w1,3,Split,pANcada,LOUD,Astra,0.77,186,16,19,4,-3,61,121,41,1,3,-2,VISA KRÜ(KRÜ Esports),VISA KRÜ(KRÜ Esports),10.0,13.0,1.0,2.0
https://www.vlr.gg/459518/kr-esports-vs-loud-champions-tour-2025-americas-stage-1-w1,3,Split,v1nny,LOUD,Breach,0.76,149,11,17,4,-6,74,107,38,1,1,0,VISA KRÜ(KRÜ Esports),VISA KRÜ(KRÜ Esports),10.0,13.0,1.0,2.0
https://www.vlr.gg/459518/kr-esports-vs-loud-champions-tour-2025-americas-stage-1-w1,3,Split,tuyz,LOUD,Viper,0.73,218,16,19,4,-3,57,149,19,4,2,2,VISA KRÜ(KRÜ Esports),VISA KRÜ(KRÜ Esports),10.0,13.0,1.0,2.0
https://www.vlr.gg/459521/2game-esports-vs-evil-geniuses-champions-tour-2025-americas-stage-1-w1,0,Haven,Zap,2G,Sova,1.11,182,17,15,5,2,75,123,14,0,0,0,Evil Geniuses,2Game Esports,13.0,11.0,2.0,0.0
https://www.vlr.gg/459521/2game-esports-vs-evil-geniuses-champions-tour-2025-americas-stage-1-w1,0,Haven,gobera,2G,Cypher,1.06,231,20,18,2,2,58,160,35,5,2,3,Evil Geniuses,2Game Esports,13.0,11.0,2.0,0.0
https://www.vlr.gg/459521/2game-esports-vs-evil-geniuses-champions-tour-2025-americas-stage-1-w1,0,Haven,Askia,2G,Yoru,1.01,229,19,19,5,0,63,165,28,3,2,1,Evil Geniuses,2Game Esports,13.0,11.0,2.0,0.0
https://www.vlr.gg/459521/2game-esports-vs-evil-geniuses-champions-tour-2025-americas-stage-1-w1,0,Haven,lz,2G,Omen,0.82,168,15,18,12,-3,71,97,33,2,3,-1,Evil Geniuses,2Game Esports,13.0,11.0,2.0,0.0
https://www.vlr.gg/459521/2game-esports-vs-evil-geniuses-champions-tour-2025-americas-stage-1-w1,0,Haven,silentzz,2G,Iso,0.66,208,18,23,3,-5,58,128,51,4,3,1,Evil Geniuses,2Game Esports,13.0,11.0,2.0,0.0
https://www.vlr.gg/459521/2game-esports-vs-evil-geniuses-champions-tour-2025-americas-stage-1-w1,0,Haven,yay,EG,Cypher,1.33,276,25,16,0,9,79,183,32,3,2,1,Evil Geniuses,2Game Esports,13.0,11.0,2.0,0.0
https://www.vlr.gg/459521/2game-esports-vs-evil-geniuses-champions-tour-2025-americas-stage-1-w1,0,Haven,NaturE,EG,Breach,1.28,241,20,18,17,2,92,146,19,0,3,-3,Evil Geniuses,2Game Esports,13.0,11.0,2.0,0.0
https://www.vlr.gg/459521/2game-esports-vs-evil-geniuses-champions-tour-2025-americas-stage-1-w1,0,Haven,icy,EG,Waylay,0.91,217,19,20,5,-1,75,138,23,5,4,1,Evil Geniuses,2Game Esports,13.0,11.0,2.0,0.0
https://www.vlr.gg/459521/2game-esports-vs-evil-geniuses-champions-tour-2025-americas-stage-1-w1,0,Haven,supamen,EG,Omen,0.91,182,16,18,7,-2,71,124,26,1,4,-3,Evil Geniuses,2Game Esports,13.0,11.0,2.0,0.0
https://www.vlr.gg/459521/2game-esports-vs-evil-geniuses-champions-tour-2025-americas-stage-1-w1,0,Haven,Derrek,EG,Sova,0.9,175,13,17,11,-4,88,123,33,1,1,0,Evil Geniuses,2Game Esports,13.0,11.0,2.0,0.0
https://www.vlr.gg/459521/2game-esports-vs-evil-geniuses-champions-tour-2025-americas-stage-1-w1,1,AllMaps,Zap,2G,Sova,1.07,205,34,31,9,3,71,135,22,2,1,1,Evil Geniuses,2Game Esports,26.0,19.0,2.0,0.0
https://www.vlr.gg/459521/2game-esports-vs-evil-geniuses-champions-tour-2025-americas-stage-1-w1,1,AllMaps,gobera,2G,Cypher,0.99,203,33,31,4,2,60,140,36,7,4,3,Evil Geniuses,2Game Esports,26.0,19.0,2.0,0.0
https://www.vlr.gg/459521/2game-esports-vs-evil-geniuses-champions-tour-2025-americas-stage-1-w1,1,AllMaps,Askia,2G,Yoru,0.97,214,34,35,6,-1,60,157,30,5,6,-1,Evil Geniuses,2Game Esports,26.0,19.0,2.0,0.0
https://www.vlr.gg/459521/2game-esports-vs-evil-geniuses-champions-tour-2025-americas-stage-1-w1,1,AllMaps,silentzz,2G,Iso,0.78,223,34,42,6,-8,62,143,48,6,4,2,Evil Geniuses,2Game Esports,26.0,19.0,2.0,0.0
https://www.vlr.gg/459521/2game-esports-vs-evil-geniuses-champions-tour-2025-americas-stage-1-w1,1,AllMaps,lz,2G,Omen,0.76,144,22,33,24,-11,64,87,30,3,7,-4,Evil Geniuses,2Game Esports,26.0,19.0,2.0,0.0
https://www.vlr.gg/459521/2game-esports-vs-evil-geniuses-champions-tour-2025-americas-stage-1-w1,1,AllMaps,NaturE,EG,Breach,1.24,232,37,31,25,6,80,138,21,3,4,-1,Evil Geniuses,2Game Esports,26.0,19.0,2.0,0.0
https://www.vlr.gg/459521/2game-esports-vs-evil-geniuses-champions-tour-2025-americas-stage-1-w1,1,AllMaps,yay,EG,Cypher,1.2,252,43,33,7,10,80,176,33,3,5,-2,Evil Geniuses,2Game Esports,26.0,19.0,2.0,0.0
https://www.vlr.gg/459521/2game-esports-vs-evil-geniuses-champions-tour-2025-americas-stage-1-w1,1,AllMaps,Derrek,EG,Sova,1.02,177,26,28,17,-2,82,123,35,5,3,2,Evil Geniuses,2Game Esports,26.0,19.0,2.0,0.0
https://www.vlr.gg/459521/2game-esports-vs-evil-geniuses-champions-tour-2025-americas-stage-1-w1,1,AllMaps,supamen,EG,Omen,1.01,197,31,32,13,-1,71,134,27,2,5,-3,Evil Geniuses,2Game Esports,26.0,19.0,2.0,0.0
https://www.vlr.gg/459521/2game-esports-vs-evil-geniuses-champions-tour-2025-americas-stage-1-w1,1,AllMaps,icy,EG,Waylay,0.97,210,35,33,7,2,73,132,17,9,6,3,Evil Geniuses,2Game Esports,26.0,19.0,2.0,0.0
https://www.vlr.gg/459521/2game-esports-vs-evil-geniuses-champions-tour-2025-americas-stage-1-w1,2,Lotus,Zap,2G,Sova,1.02,228,17,16,4,1,67,149,34,2,1,1,Evil Geniuses,2Game Esports,13.0,8.0,2.0,0.0
https://www.vlr.gg/459521/2game-esports-vs-evil-geniuses-champions-tour-2025-americas-stage-1-w1,2,Lotus,silentzz,2G,Iso,0.93,238,16,19,3,-3,67,160,45,2,1,1,Evil Geniuses,2Game Esports,13.0,8.0,2.0,0.0
https://www.vlr.gg/459521/2game-esports-vs-evil-geniuses-champions-tour-2025-americas-stage-1-w1,2,Lotus,Askia,2G,Raze,0.91,199,15,16,1,-1,57,147,33,2,4,-2,Evil Geniuses,2Game Esports,13.0,8.0,2.0,0.0
https://www.vlr.gg/459521/2game-esports-vs-evil-geniuses-champions-tour-2025-americas-stage-1-w1,2,Lotus,gobera,2G,Cypher,0.91,175,13,13,2,0,62,117,38,2,2,0,Evil Geniuses,2Game Esports,13.0,8.0,2.0,0.0
https://www.vlr.gg/459521/2game-esports-vs-evil-geniuses-champions-tour-2025-americas-stage-1-w1,2,Lotus,lz,2G,Omen,0.68,120,7,15,12,-8,57,76,26,1,4,-3,Evil Geniuses,2Game Esports,13.0,8.0,2.0,0.0
https://www.vlr.gg/459521/2game-esports-vs-evil-geniuses-champions-tour-2025-americas-stage-1-w1,2,Lotus,NaturE,EG,Fade,1.19,222,17,13,8,4,67,129,22,3,1,2,Evil Geniuses,2Game Esports,13.0,8.0,2.0,0.0
https://www.vlr.gg/459521/2game-esports-vs-evil-geniuses-champions-tour-2025-americas-stage-1-w1,2,Lotus,Derrek,EG,Tejo,1.15,179,13,11,6,2,76,123,38,4,2,2,Evil Geniuses,2Game Esports,13.0,8.0,2.0,0.0
https://www.vlr.gg/459521/2game-esports-vs-evil-geniuses-champions-tour-2025-americas-stage-1-w1,2,Lotus,supamen,EG,Viper,1.12,211,15,14,6,1,71,145,27,1,1,0,Evil Geniuses,2Game Esports,13.0,8.0,2.0,0.0
https://www.vlr.gg/459521/2game-esports-vs-evil-geniuses-champions-tour-2025-americas-stage-1-w1,2,Lotus,yay,EG,Clove,1.06,227,18,17,7,1,81,168,33,0,3,-3,Evil Geniuses,2Game Esports,13.0,8.0,2.0,0.0
https://www.vlr.gg/459521/2game-esports-vs-evil-geniuses-champions-tour-2025-americas-stage-1-w1,2,Lotus,icy,EG,Raze,1.04,202,16,13,2,3,71,125,9,4,2,2,Evil Geniuses,2Game Esports,13.0,8.0,2.0,0.0
https://www.vlr.gg/459522/sentinels-vs-100-thieves-champions-tour-2025-americas-stage-1-w1,0,Pearl,Zellsis,SEN,Vyse,1.42,266,18,10,3,8,83,142,24,1,2,-1,Sentinels,Sentinels,5.0,13.0,1.0,2.0
https://www.vlr.gg/459522/sentinels-vs-100-thieves-champions-tour-2025-americas-stage-1-w1,0,Pearl,johnqt,SEN,Tejo,1.42,230,16,9,3,7,83,156,17,3,1,2,Sentinels,Sentinels,5.0,13.0,1.0,2.0
https://www.vlr.gg/459522/sentinels-vs-100-thieves-champions-tour-2025-americas-stage-1-w1,0,Pearl,N4RRATE,SEN,Fade,1.15,225,14,12,10,2,72,136,18,1,1,0,Sentinels,Sentinels,5.0,13.0,1.0,2.0
https://www.vlr.gg/459522/sentinels-vs-100-thieves-champions-tour-2025-americas-stage-1-w1,0,Pearl,bang,SEN,Astra,1.01,170,11,12,10,-1,94,108,22,2,0,2,Sentinels,Sentinels,5.0,13.0,1.0,2.0
https://www.vlr.gg/459522/sentinels-vs-100-thieves-champions-tour-2025-americas-stage-1-w1,0,Pearl,zekken,SEN,Yoru,0.99,213,13,12,8,1,67,136,29,2,5,-3,Sentinels,Sentinels,5.0,13.0,1.0,2.0
https://www.vlr.gg/459522/sentinels-vs-100-thieves-champions-tour-2025-americas-stage-1-w1,0,Pearl,eeiu,100T,Fade,0.99,194,13,14,3,-1,78,123,36,0,0,0,Sentinels,Sentinels,5.0,13.0,1.0,2.0
https://www.vlr.gg/459522/sentinels-vs-100-thieves-champions-tour-2025-americas-stage-1-w1,0,Pearl,Asuna,100T,Neon,0.94,210,13,15,6,-2,83,147,29,4,4,0,Sentinels,Sentinels,5.0,13.0,1.0,2.0
https://www.vlr.gg/459522/sentinels-vs-100-thieves-champions-tour-2025-americas-stage-1-w1,0,Pearl,zander,100T,Astra,0.86,213,13,16,8,-3,89,137,37,2,0,2,Sentinels,Sentinels,5.0,13.0,1.0,2.0
https://www.vlr.gg/459522/sentinels-vs-100-thieves-champions-tour-2025-americas-stage-1-w1,0,Pearl,Boostio,100T,Vyse,0.64,140,8,14,2,-6,50,97,22,2,2,0,Sentinels,Sentinels,5.0,13.0,1.0,2.0
https://www.vlr.gg/459522/sentinels-vs-100-thieves-champions-tour-2025-americas-stage-1-w1,0,Pearl,Cryocells,100T,Yoru,0.63,129,8,13,5,-5,61,77,33,1,3,-2,Sentinels,Sentinels,5.0,13.0,1.0,2.0
https://www.vlr.gg/459522/sentinels-vs-100-thieves-champions-tour-2025-americas-stage-1-w1,1,AllMaps,bang,SEN,Astra,1.32,222,42,30,22,12,80,139,35,5,3,2,Sentinels,Sentinels,19.0,35.0,1.0,2.0
https://www.vlr.gg/459522/sentinels-vs-100-thieves-champions-tour-2025-americas-stage-1-w1,1,AllMaps,Zellsis,SEN,Vyse,1.23,232,45,30,8,15,69,135,24,4,6,-2,Sentinels,Sentinels,19.0,35.0,1.0,2.0
https://www.vlr.gg/459522/sentinels-vs-100-thieves-champions-tour-2025-americas-stage-1-w1,1,AllMaps,johnqt,SEN,Tejo,1.14,198,38,33,12,5,72,130,21,4,3,1,Sentinels,Sentinels,19.0,35.0,1.0,2.0
https://www.vlr.gg/459522/sentinels-vs-100-thieves-champions-tour-2025-americas-stage-1-w1,1,AllMaps,zekken,SEN,Yoru,0.99,227,40,39,17,1,69,138,24,9,14,-5,Sentinels,Sentinels,19.0,35.0,1.0,2.0
https://www.vlr.gg/459522/sentinels-vs-100-thieves-champions-tour-2025-americas-stage-1-w1,1,AllMaps,N4RRATE,SEN,Fade,0.98,194,35,38,28,-3,74,122,19,2,4,-2,Sentinels,Sentinels,19.0,35.0,1.0,2.0
https://www.vlr.gg/459522/sentinels-vs-100-thieves-champions-tour-2025-americas-stage-1-w1,1,AllMaps,Cryocells,100T,Yoru,1.04,199,39,37,19,2,74,135,28,5,3,2,Sentinels,Sentinels,19.0,35.0,1.0,2.0
https://www.vlr.gg/459522/sentinels-vs-100-thieves-champions-tour-2025-americas-stage-1-w1,1,AllMaps,Asuna,100T,Neon,1.0,217,39,44,18,-5,76,162,33,17,14,3,Sentinels,Sentinels,19.0,35.0,1.0,2.0
https://www.vlr.gg/459522/sentinels-vs-100-thieves-champions-tour-2025-americas-stage-1-w1,1,AllMaps,eeiu,100T,Fade,1.0,175,38,37,8,1,72,117,29,1,1,0,Sentinels,Sentinels,19.0,35.0,1.0,2.0
https://www.vlr.gg/459522/sentinels-vs-100-thieves-champions-tour-2025-americas-stage-1-w1,1,AllMaps,zander,100T,Astra,0.75,152,28,42,29,-14,74,95,23,3,1,2,Sentinels,Sentinels,19.0,35.0,1.0,2.0
https://www.vlr.gg/459522/sentinels-vs-100-thieves-champions-tour-2025-americas-stage-1-w1,1,AllMaps,Boostio,100T,Vyse,0.66,145,26,40,9,-14,59,100,30,4,5,-1,Sentinels,Sentinels,19.0,35.0,1.0,2.0
https://www.vlr.gg/459522/sentinels-vs-100-thieves-champions-tour-2025-americas-stage-1-w1,2,Haven,bang,SEN,Omen,1.38,242,18,13,8,5,64,155,40,2,2,0,100 Thieves,Sentinels,13.0,9.0,1.0,2.0
https://www.vlr.gg/459522/sentinels-vs-100-thieves-champions-tour-2025-americas-stage-1-w1,2,Haven,zekken,SEN,Yoru,0.9,214,15,18,4,-3,68,132,24,3,5,-2,100 Thieves,Sentinels,13.0,9.0,1.0,2.0
https://www.vlr.gg/459522/sentinels-vs-100-thieves-champions-tour-2025-americas-stage-1-w1,2,Haven,Zellsis,SEN,Cypher,0.82,163,12,16,2,-4,45,110,25,1,3,-2,100 Thieves,Sentinels,13.0,9.0,1.0,2.0
https://www.vlr.gg/459522/sentinels-vs-100-thieves-champions-tour-2025-americas-stage-1-w1,2,Haven,johnqt,SEN,Sova,0.61,118,8,18,3,-10,45,84,23,0,2,-2,100 Thieves,Sentinels,13.0,9.0,1.0,2.0
https://www.vlr.gg/459522/sentinels-vs-100-thieves-champions-tour-2025-americas-stage-1-w1,2,Haven,N4RRATE,SEN,Iso,0.6,135,9,18,8,-9,59,95,24,1,3,-2,100 Thieves,Sentinels,13.0,9.0,1.0,2.0
https://www.vlr.gg/459522/sentinels-vs-100-thieves-champions-tour-2025-americas-stage-1-w1,2,Haven,Cryocells,100T,Iso,1.6,276,24,11,10,13,91,179,32,4,0,4,100 Thieves,Sentinels,13.0,9.0,1.0,2.0
https://www.vlr.gg/459522/sentinels-vs-100-thieves-champions-tour-2025-americas-stage-1-w1,2,Haven,Asuna,100T,Neon,1.38,277,20,14,9,6,68,191,42,8,4,4,100 Thieves,Sentinels,13.0,9.0,1.0,2.0
https://www.vlr.gg/459522/sentinels-vs-100-thieves-champions-tour-2025-americas-stage-1-w1,2,Haven,eeiu,100T,Sova,1.23,218,18,11,4,7,77,141,26,0,0,0,100 Thieves,Sentinels,13.0,9.0,1.0,2.0
https://www.vlr.gg/459522/sentinels-vs-100-thieves-champions-tour-2025-americas-stage-1-w1,2,Haven,zander,100T,Omen,0.9,140,10,13,18,-3,73,81,16,1,1,0,100 Thieves,Sentinels,13.0,9.0,1.0,2.0
https://www.vlr.gg/459522/sentinels-vs-100-thieves-champions-tour-2025-americas-stage-1-w1,2,Haven,Boostio,100T,Cypher,0.76,151,11,13,3,-2,68,106,28,2,2,0,100 Thieves,Sentinels,13.0,9.0,1.0,2.0
https://www.vlr.gg/459522/sentinels-vs-100-thieves-champions-tour-2025-americas-stage-1-w1,3,Split,bang,SEN,Omen,1.64,254,13,5,4,8,86,155,43,1,1,0,Sentinels,Sentinels,1.0,13.0,1.0,2.0
https://www.vlr.gg/459522/sentinels-vs-100-thieves-champions-tour-2025-americas-stage-1-w1,3,Split,Zellsis,SEN,Viper,1.63,266,15,4,3,11,86,165,21,2,1,1,Sentinels,Sentinels,1.0,13.0,1.0,2.0
https://www.vlr.gg/459522/sentinels-vs-100-thieves-champions-tour-2025-americas-stage-1-w1,3,Split,johnqt,SEN,Tejo,1.61,247,14,6,6,8,100,170,25,1,0,1,Sentinels,Sentinels,1.0,13.0,1.0,2.0
https://www.vlr.gg/459522/sentinels-vs-100-thieves-champions-tour-2025-americas-stage-1-w1,3,Split,N4RRATE,SEN,Breach,1.35,221,12,8,10,4,100,149,16,0,0,0,Sentinels,Sentinels,1.0,13.0,1.0,2.0
https://www.vlr.gg/459522/sentinels-vs-100-thieves-champions-tour-2025-americas-stage-1-w1,3,Split,zekken,SEN,Yoru,1.13,253,12,9,5,3,71,151,20,4,4,0,Sentinels,Sentinels,1.0,13.0,1.0,2.0
https://www.vlr.gg/459522/sentinels-vs-100-thieves-champions-tour-2025-americas-stage-1-w1,3,Split,Cryocells,100T,Sage,0.69,192,7,13,4,-6,64,139,18,0,0,0,Sentinels,Sentinels,1.0,13.0,1.0,2.0
https://www.vlr.gg/459522/sentinels-vs-100-thieves-champions-tour-2025-americas-stage-1-w1,3,Split,eeiu,100T,Tejo,0.64,113,7,12,1,-5,57,70,25,1,1,0,Sentinels,Sentinels,1.0,13.0,1.0,2.0
https://www.vlr.gg/459522/sentinels-vs-100-thieves-champions-tour-2025-americas-stage-1-w1,3,Split,Boostio,100T,Breach,0.53,145,7,13,4,-6,57,94,47,0,1,-1,Sentinels,Sentinels,1.0,13.0,1.0,2.0
https://www.vlr.gg/459522/sentinels-vs-100-thieves-champions-tour-2025-americas-stage-1-w1,3,Split,Asuna,100T,Raze,0.49,163,6,15,3,-9,79,133,24,5,6,-1,Sentinels,Sentinels,1.0,13.0,1.0,2.0
https://www.vlr.gg/459522/sentinels-vs-100-thieves-champions-tour-2025-americas-stage-1-w1,3,Split,zander,100T,Astra,0.38,103,5,13,3,-8,57,63,14,0,0,0,Sentinels,Sentinels,1.0,13.0,1.0,2.0
https://www.vlr.gg/459524/sentinels-vs-kr-esports-champions-tour-2025-americas-stage-1-w2,0,Lotus,johnqt,SEN,Viper,1.19,205,15,12,5,3,80,135,23,0,0,0,VISA KRÜ(KRÜ Esports),Sentinels,13.0,7.0,2.0,0.0
https://www.vlr.gg/459524/sentinels-vs-kr-esports-champions-tour-2025-americas-stage-1-w2,0,Lotus,zekken,SEN,Raze,1.0,241,14,15,4,-1,75,159,23,5,6,-1,VISA KRÜ(KRÜ Esports),Sentinels,13.0,7.0,2.0,0.0
https://www.vlr.gg/459524/sentinels-vs-kr-esports-champions-tour-2025-americas-stage-1-w2,0,Lotus,bang,SEN,Omen,0.86,183,14,15,6,-1,60,118,29,2,3,-1,VISA KRÜ(KRÜ Esports),Sentinels,13.0,7.0,2.0,0.0
https://www.vlr.gg/459524/sentinels-vs-kr-esports-champions-tour-2025-americas-stage-1-w2,0,Lotus,Zellsis,SEN,Vyse,0.63,143,9,15,1,-6,45,99,23,1,3,-2,VISA KRÜ(KRÜ Esports),Sentinels,13.0,7.0,2.0,0.0
https://www.vlr.gg/459524/sentinels-vs-kr-esports-champions-tour-2025-americas-stage-1-w2,0,Lotus,N4RRATE,SEN,Fade,0.58,126,7,16,5,-9,70,84,15,0,0,0,VISA KRÜ(KRÜ Esports),Sentinels,13.0,7.0,2.0,0.0
https://www.vlr.gg/459524/sentinels-vs-kr-esports-champions-tour-2025-americas-stage-1-w2,0,Lotus,keznit,KRÜ,Yoru,1.44,261,19,12,9,7,75,157,31,5,3,2,VISA KRÜ(KRÜ Esports),Sentinels,13.0,7.0,2.0,0.0
https://www.vlr.gg/459524/sentinels-vs-kr-esports-champions-tour-2025-americas-stage-1-w2,0,Lotus,Mazino,KRÜ,Breach,1.36,237,17,12,10,5,80,156,36,1,1,0,VISA KRÜ(KRÜ Esports),Sentinels,13.0,7.0,2.0,0.0
https://www.vlr.gg/459524/sentinels-vs-kr-esports-champions-tour-2025-americas-stage-1-w2,0,Lotus,Shyy,KRÜ,Vyse,1.36,198,16,7,3,9,75,143,20,1,1,0,VISA KRÜ(KRÜ Esports),Sentinels,13.0,7.0,2.0,0.0
https://www.vlr.gg/459524/sentinels-vs-kr-esports-champions-tour-2025-americas-stage-1-w2,0,Lotus,Melser,KRÜ,Omen,1.0,193,14,15,8,-1,60,124,30,4,2,2,VISA KRÜ(KRÜ Esports),Sentinels,13.0,7.0,2.0,0.0
https://www.vlr.gg/459524/sentinels-vs-kr-esports-champions-tour-2025-americas-stage-1-w2,0,Lotus,adverso,KRÜ,Tejo,0.61,95,7,13,4,-6,60,73,22,1,1,0,VISA KRÜ(KRÜ Esports),Sentinels,13.0,7.0,2.0,0.0
https://www.vlr.gg/459524/sentinels-vs-kr-esports-champions-tour-2025-americas-stage-1-w2,1,AllMaps,zekken,SEN,Raze,1.19,276,37,30,8,7,73,179,32,13,9,4,VISA KRÜ(KRÜ Esports),Sentinels,26.0,15.0,2.0,0.0
https://www.vlr.gg/459524/sentinels-vs-kr-esports-champions-tour-2025-americas-stage-1-w2,1,AllMaps,johnqt,SEN,Viper,1.1,184,27,26,23,1,83,117,24,0,1,-1,VISA KRÜ(KRÜ Esports),Sentinels,26.0,15.0,2.0,0.0
https://www.vlr.gg/459524/sentinels-vs-kr-esports-champions-tour-2025-americas-stage-1-w2,1,AllMaps,bang,SEN,Omen,0.91,185,28,30,16,-2,66,123,34,3,5,-2,VISA KRÜ(KRÜ Esports),Sentinels,26.0,15.0,2.0,0.0
https://www.vlr.gg/459524/sentinels-vs-kr-esports-champions-tour-2025-americas-stage-1-w2,1,AllMaps,N4RRATE,SEN,Fade,0.91,179,20,30,16,-10,76,137,17,1,1,0,VISA KRÜ(KRÜ Esports),Sentinels,26.0,15.0,2.0,0.0
https://www.vlr.gg/459524/sentinels-vs-kr-esports-champions-tour-2025-americas-stage-1-w2,1,AllMaps,Zellsis,SEN,Vyse,0.52,114,16,30,4,-14,49,80,23,1,7,-6,VISA KRÜ(KRÜ Esports),Sentinels,26.0,15.0,2.0,0.0
https://www.vlr.gg/459524/sentinels-vs-kr-esports-champions-tour-2025-americas-stage-1-w2,1,AllMaps,keznit,KRÜ,Yoru,1.44,280,42,27,11,15,76,157,24,13,6,7,VISA KRÜ(KRÜ Esports),Sentinels,26.0,15.0,2.0,0.0
https://www.vlr.gg/459524/sentinels-vs-kr-esports-champions-tour-2025-americas-stage-1-w2,1,AllMaps,Mazino,KRÜ,Breach,1.38,253,40,26,12,14,73,162,29,1,2,-1,VISA KRÜ(KRÜ Esports),Sentinels,26.0,15.0,2.0,0.0
https://www.vlr.gg/459524/sentinels-vs-kr-esports-champions-tour-2025-americas-stage-1-w2,1,AllMaps,Shyy,KRÜ,Vyse,1.2,171,28,18,8,10,76,128,20,2,2,0,VISA KRÜ(KRÜ Esports),Sentinels,26.0,15.0,2.0,0.0
https://www.vlr.gg/459524/sentinels-vs-kr-esports-champions-tour-2025-americas-stage-1-w2,1,AllMaps,Melser,KRÜ,Omen,0.88,168,22,29,19,-7,66,112,25,5,6,-1,VISA KRÜ(KRÜ Esports),Sentinels,26.0,15.0,2.0,0.0
https://www.vlr.gg/459524/sentinels-vs-kr-esports-champions-tour-2025-americas-stage-1-w2,1,AllMaps,adverso,KRÜ,Tejo,0.59,103,14,28,12,-14,61,78,17,2,2,0,VISA KRÜ(KRÜ Esports),Sentinels,26.0,15.0,2.0,0.0
https://www.vlr.gg/459524/sentinels-vs-kr-esports-champions-tour-2025-americas-stage-1-w2,2,Icebox,zekken,SEN,Jett,1.36,310,23,15,4,8,71,198,40,8,3,5,VISA KRÜ(KRÜ Esports),Sentinels,13.0,8.0,2.0,0.0
https://www.vlr.gg/459524/sentinels-vs-kr-esports-champions-tour-2025-americas-stage-1-w2,2,Icebox,N4RRATE,SEN,Sova,1.22,232,13,14,11,-1,81,187,19,1,1,0,VISA KRÜ(KRÜ Esports),Sentinels,13.0,8.0,2.0,0.0
https://www.vlr.gg/459524/sentinels-vs-kr-esports-champions-tour-2025-americas-stage-1-w2,2,Icebox,johnqt,SEN,Kayo,1.02,163,12,14,18,-2,86,99,26,0,1,-1,VISA KRÜ(KRÜ Esports),Sentinels,13.0,8.0,2.0,0.0
https://www.vlr.gg/459524/sentinels-vs-kr-esports-champions-tour-2025-americas-stage-1-w2,2,Icebox,bang,SEN,Viper,0.97,186,14,15,10,-1,71,129,39,1,2,-1,VISA KRÜ(KRÜ Esports),Sentinels,13.0,8.0,2.0,0.0
https://www.vlr.gg/459524/sentinels-vs-kr-esports-champions-tour-2025-americas-stage-1-w2,2,Icebox,Zellsis,SEN,Killjoy,0.42,84,7,15,3,-8,52,63,23,0,4,-4,VISA KRÜ(KRÜ Esports),Sentinels,13.0,8.0,2.0,0.0
https://www.vlr.gg/459524/sentinels-vs-kr-esports-champions-tour-2025-americas-stage-1-w2,2,Icebox,keznit,KRÜ,Jett,1.44,298,23,15,2,8,76,157,17,8,3,5,VISA KRÜ(KRÜ Esports),Sentinels,13.0,8.0,2.0,0.0
https://www.vlr.gg/459524/sentinels-vs-kr-esports-champions-tour-2025-americas-stage-1-w2,2,Icebox,Mazino,KRÜ,Harbor,1.41,268,23,14,2,9,67,168,24,0,1,-1,VISA KRÜ(KRÜ Esports),Sentinels,13.0,8.0,2.0,0.0
https://www.vlr.gg/459524/sentinels-vs-kr-esports-champions-tour-2025-americas-stage-1-w2,2,Icebox,Shyy,KRÜ,Killjoy,1.04,144,12,11,5,1,76,113,21,1,1,0,VISA KRÜ(KRÜ Esports),Sentinels,13.0,8.0,2.0,0.0
https://www.vlr.gg/459524/sentinels-vs-kr-esports-champions-tour-2025-americas-stage-1-w2,2,Icebox,Melser,KRÜ,Viper,0.77,142,8,14,11,-6,71,101,19,1,4,-3,VISA KRÜ(KRÜ Esports),Sentinels,13.0,8.0,2.0,0.0
https://www.vlr.gg/459524/sentinels-vs-kr-esports-champions-tour-2025-americas-stage-1-w2,2,Icebox,adverso,KRÜ,Sova,0.58,111,7,15,8,-8,62,83,13,1,1,0,VISA KRÜ(KRÜ Esports),Sentinels,13.0,8.0,2.0,0.0
https://www.vlr.gg/459525/100-thieves-vs-evil-geniuses-champions-tour-2025-americas-stage-1-w2,0,Fracture,Cryocells,100T,Chamber,1.71,331,28,13,2,15,78,207,31,5,0,5,100 Thieves,100 Thieves,10.0,13.0,0.0,2.0
https://www.vlr.gg/459525/100-thieves-vs-evil-geniuses-champions-tour-2025-americas-stage-1-w2,0,Fracture,eeiu,100T,Tejo,1.34,253,23,13,3,10,78,169,38,2,0,2,100 Thieves,100 Thieves,10.0,13.0,0.0,2.0
https://www.vlr.gg/459525/100-thieves-vs-evil-geniuses-champions-tour-2025-americas-stage-1-w2,0,Fracture,zander,100T,Brimstone,0.9,165,13,16,11,-3,70,107,28,3,2,1,100 Thieves,100 Thieves,10.0,13.0,0.0,2.0
https://www.vlr.gg/459525/100-thieves-vs-evil-geniuses-champions-tour-2025-americas-stage-1-w2,0,Fracture,Boostio,100T,Breach,0.89,164,13,16,7,-3,70,110,30,1,1,0,100 Thieves,100 Thieves,10.0,13.0,0.0,2.0
https://www.vlr.gg/459525/100-thieves-vs-evil-geniuses-champions-tour-2025-americas-stage-1-w2,0,Fracture,Asuna,100T,Neon,0.6,138,10,18,5,-8,52,97,26,3,6,-3,100 Thieves,100 Thieves,10.0,13.0,0.0,2.0
https://www.vlr.gg/459525/100-thieves-vs-evil-geniuses-champions-tour-2025-americas-stage-1-w2,0,Fracture,Derrek,EG,Tejo,1.19,246,20,16,6,4,70,161,24,1,0,1,100 Thieves,100 Thieves,10.0,13.0,0.0,2.0
https://www.vlr.gg/459525/100-thieves-vs-evil-geniuses-champions-tour-2025-americas-stage-1-w2,0,Fracture,NaturE,EG,Breach,1.19,232,19,16,12,3,83,138,26,1,0,1,100 Thieves,100 Thieves,10.0,13.0,0.0,2.0
https://www.vlr.gg/459525/100-thieves-vs-evil-geniuses-champions-tour-2025-americas-stage-1-w2,0,Fracture,supamen,EG,Brimstone,1.01,168,12,16,15,-4,65,125,26,3,4,-1,100 Thieves,100 Thieves,10.0,13.0,0.0,2.0
https://www.vlr.gg/459525/100-thieves-vs-evil-geniuses-champions-tour-2025-americas-stage-1-w2,0,Fracture,icy,EG,Raze,0.7,198,15,21,4,-6,65,139,29,2,7,-5,100 Thieves,100 Thieves,10.0,13.0,0.0,2.0
https://www.vlr.gg/459525/100-thieves-vs-evil-geniuses-champions-tour-2025-americas-stage-1-w2,0,Fracture,yay,EG,Killjoy,0.59,127,10,18,2,-8,52,84,21,2,3,-1,100 Thieves,100 Thieves,10.0,13.0,0.0,2.0
https://www.vlr.gg/459525/100-thieves-vs-evil-geniuses-champions-tour-2025-americas-stage-1-w2,1,AllMaps,Cryocells,100T,Chamber,1.75,344,54,26,9,28,81,218,32,7,0,7,100 Thieves,100 Thieves,17.0,26.0,0.0,2.0
https://www.vlr.gg/459525/100-thieves-vs-evil-geniuses-champions-tour-2025-americas-stage-1-w2,1,AllMaps,eeiu,100T,Tejo,1.43,244,40,23,12,17,86,167,36,3,0,3,100 Thieves,100 Thieves,17.0,26.0,0.0,2.0
https://www.vlr.gg/459525/100-thieves-vs-evil-geniuses-champions-tour-2025-americas-stage-1-w2,1,AllMaps,zander,100T,Brimstone,0.83,155,24,31,20,-7,72,103,23,5,5,0,100 Thieves,100 Thieves,17.0,26.0,0.0,2.0
https://www.vlr.gg/459525/100-thieves-vs-evil-geniuses-champions-tour-2025-americas-stage-1-w2,1,AllMaps,Boostio,100T,Breach,0.75,153,24,32,10,-8,63,101,34,2,3,-1,100 Thieves,100 Thieves,17.0,26.0,0.0,2.0
https://www.vlr.gg/459525/100-thieves-vs-evil-geniuses-champions-tour-2025-americas-stage-1-w2,1,AllMaps,Asuna,100T,Neon,0.66,149,22,33,9,-11,60,97,25,8,10,-2,100 Thieves,100 Thieves,17.0,26.0,0.0,2.0
https://www.vlr.gg/459525/100-thieves-vs-evil-geniuses-champions-tour-2025-americas-stage-1-w2,1,AllMaps,Derrek,EG,Tejo,1.13,224,34,29,12,5,77,153,34,1,2,-1,100 Thieves,100 Thieves,17.0,26.0,0.0,2.0
https://www.vlr.gg/459525/100-thieves-vs-evil-geniuses-champions-tour-2025-americas-stage-1-w2,1,AllMaps,NaturE,EG,Breach,1.05,212,31,32,24,-1,79,131,26,2,1,1,100 Thieves,100 Thieves,17.0,26.0,0.0,2.0
https://www.vlr.gg/459525/100-thieves-vs-evil-geniuses-champions-tour-2025-americas-stage-1-w2,1,AllMaps,yay,EG,Killjoy,0.91,195,29,33,3,-4,56,125,33,5,5,0,100 Thieves,100 Thieves,17.0,26.0,0.0,2.0
https://www.vlr.gg/459525/100-thieves-vs-evil-geniuses-champions-tour-2025-americas-stage-1-w2,1,AllMaps,supamen,EG,Brimstone,0.9,176,25,33,21,-8,67,121,28,6,7,-1,100 Thieves,100 Thieves,17.0,26.0,0.0,2.0
https://www.vlr.gg/459525/100-thieves-vs-evil-geniuses-champions-tour-2025-americas-stage-1-w2,1,AllMaps,icy,EG,Raze,0.69,179,26,37,6,-11,70,126,32,4,10,-6,100 Thieves,100 Thieves,17.0,26.0,0.0,2.0
https://www.vlr.gg/459525/100-thieves-vs-evil-geniuses-champions-tour-2025-americas-stage-1-w2,2,Haven,Cryocells,100T,Iso,1.8,357,26,13,7,13,85,230,32,2,0,2,100 Thieves,100 Thieves,7.0,13.0,0.0,2.0
https://www.vlr.gg/459525/100-thieves-vs-evil-geniuses-champions-tour-2025-americas-stage-1-w2,2,Haven,eeiu,100T,Sova,1.55,234,17,10,9,7,95,164,33,1,0,1,100 Thieves,100 Thieves,7.0,13.0,0.0,2.0
https://www.vlr.gg/459525/100-thieves-vs-evil-geniuses-champions-tour-2025-americas-stage-1-w2,2,Haven,zander,100T,Omen,0.75,145,11,15,9,-4,75,98,18,2,3,-1,100 Thieves,100 Thieves,7.0,13.0,0.0,2.0
https://www.vlr.gg/459525/100-thieves-vs-evil-geniuses-champions-tour-2025-americas-stage-1-w2,2,Haven,Asuna,100T,Neon,0.73,159,12,15,4,-3,70,98,24,5,4,1,100 Thieves,100 Thieves,7.0,13.0,0.0,2.0
https://www.vlr.gg/459525/100-thieves-vs-evil-geniuses-champions-tour-2025-americas-stage-1-w2,2,Haven,Boostio,100T,Cypher,0.58,141,11,16,3,-5,55,91,38,1,2,-1,100 Thieves,100 Thieves,7.0,13.0,0.0,2.0
https://www.vlr.gg/459525/100-thieves-vs-evil-geniuses-champions-tour-2025-americas-stage-1-w2,2,Haven,yay,EG,Cypher,1.28,262,19,15,1,4,60,172,44,3,2,1,100 Thieves,100 Thieves,7.0,13.0,0.0,2.0
https://www.vlr.gg/459525/100-thieves-vs-evil-geniuses-champions-tour-2025-americas-stage-1-w2,2,Haven,Derrek,EG,Sova,1.06,201,14,13,6,1,85,144,52,0,2,-2,100 Thieves,100 Thieves,7.0,13.0,0.0,2.0
https://www.vlr.gg/459525/100-thieves-vs-evil-geniuses-champions-tour-2025-americas-stage-1-w2,2,Haven,NaturE,EG,Breach,0.89,192,12,16,12,-4,75,124,25,1,1,0,100 Thieves,100 Thieves,7.0,13.0,0.0,2.0
https://www.vlr.gg/459525/100-thieves-vs-evil-geniuses-champions-tour-2025-americas-stage-1-w2,2,Haven,supamen,EG,Omen,0.77,184,13,17,6,-4,70,116,31,3,3,0,100 Thieves,100 Thieves,7.0,13.0,0.0,2.0
https://www.vlr.gg/459525/100-thieves-vs-evil-geniuses-champions-tour-2025-americas-stage-1-w2,2,Haven,icy,EG,Waylay,0.68,159,11,16,2,-5,75,110,38,2,3,-1,100 Thieves,100 Thieves,7.0,13.0,0.0,2.0
https://www.vlr.gg/459527/loud-vs-2game-esports-champions-tour-2025-americas-stage-1-w2,0,Lotus,dgzin,LOUD,Neon,1.56,337,32,19,4,13,81,203,32,11,2,9,2Game Esports,2Game Esports,12.0,14.0,0.0,2.0
https://www.vlr.gg/459527/loud-vs-2game-esports-champions-tour-2025-americas-stage-1-w2,0,Lotus,pANcada,LOUD,Omen,1.26,200,19,16,11,3,81,128,33,2,2,0,2Game Esports,2Game Esports,12.0,14.0,0.0,2.0
https://www.vlr.gg/459527/loud-vs-2game-esports-champions-tour-2025-americas-stage-1-w2,0,Lotus,tuyz,LOUD,Cypher,0.72,96,10,15,2,-5,62,77,38,0,2,-2,2Game Esports,2Game Esports,12.0,14.0,0.0,2.0
https://www.vlr.gg/459527/loud-vs-2game-esports-champions-tour-2025-americas-stage-1-w2,0,Lotus,cauanzin,LOUD,Fade,0.7,164,13,20,8,-7,65,117,19,1,3,-2,2Game Esports,2Game Esports,12.0,14.0,0.0,2.0
https://www.vlr.gg/459527/loud-vs-2game-esports-champions-tour-2025-americas-stage-1-w2,0,Lotus,v1nny,LOUD,Breach,0.61,116,9,20,12,-11,69,79,24,0,3,-3,2Game Esports,2Game Esports,12.0,14.0,0.0,2.0
https://www.vlr.gg/459527/loud-vs-2game-esports-champions-tour-2025-americas-stage-1-w2,0,Lotus,lz,2G,Omen,1.21,264,25,18,4,7,81,162,52,4,3,1,2Game Esports,LOUD,14.0,12.0,2.0,0.0
https://www.vlr.gg/459527/loud-vs-2game-esports-champions-tour-2025-americas-stage-1-w2,0,Lotus,gobera,2G,Tejo,1.12,188,17,15,6,2,77,131,28,1,1,0,2Game Esports,LOUD,14.0,12.0,2.0,0.0
https://www.vlr.gg/459527/loud-vs-2game-esports-champions-tour-2025-americas-stage-1-w2,0,Lotus,Askia,2G,Yoru,1.0,192,18,16,3,2,62,133,34,5,4,1,2Game Esports,LOUD,14.0,12.0,2.0,0.0
https://www.vlr.gg/459527/loud-vs-2game-esports-champions-tour-2025-americas-stage-1-w2,0,Lotus,PxS,2G,Breach,0.94,166,14,17,11,-3,65,111,22,2,4,-2,2Game Esports,LOUD,14.0,12.0,2.0,0.0
https://www.vlr.gg/459527/loud-vs-2game-esports-champions-tour-2025-americas-stage-1-w2,0,Lotus,silentzz,2G,Vyse,0.89,189,16,17,6,-1,73,136,40,0,2,-2,2Game Esports,LOUD,14.0,12.0,2.0,0.0
https://www.vlr.gg/459527/loud-vs-2game-esports-champions-tour-2025-americas-stage-1-w2,1,AllMaps,pANcada,LOUD,Omen,1.32,243,43,34,18,9,76,156,32,4,2,2,2Game Esports,2Game Esports,23.0,27.0,0.0,2.0
https://www.vlr.gg/459527/loud-vs-2game-esports-champions-tour-2025-americas-stage-1-w2,1,AllMaps,dgzin,LOUD,Neon,1.3,281,51,36,9,15,70,169,28,16,7,9,2Game Esports,2Game Esports,23.0,27.0,0.0,2.0
https://www.vlr.gg/459527/loud-vs-2game-esports-champions-tour-2025-americas-stage-1-w2,1,AllMaps,cauanzin,LOUD,Fade,0.9,192,31,39,16,-8,68,130,19,3,8,-5,2Game Esports,2Game Esports,23.0,27.0,0.0,2.0
https://www.vlr.gg/459527/loud-vs-2game-esports-champions-tour-2025-americas-stage-1-w2,1,AllMaps,tuyz,LOUD,Cypher,0.79,130,25,32,7,-7,62,101,32,0,2,-2,2Game Esports,2Game Esports,23.0,27.0,0.0,2.0
https://www.vlr.gg/459527/loud-vs-2game-esports-champions-tour-2025-americas-stage-1-w2,1,AllMaps,v1nny,LOUD,Breach,0.63,122,20,39,29,-19,74,83,24,0,8,-8,2Game Esports,2Game Esports,23.0,27.0,0.0,2.0
https://www.vlr.gg/459527/loud-vs-2game-esports-champions-tour-2025-americas-stage-1-w2,1,AllMaps,gobera,2G,Tejo,1.16,221,38,32,13,6,82,149,27,3,1,2,2Game Esports,LOUD,27.0,23.0,2.0,0.0
https://www.vlr.gg/459527/loud-vs-2game-esports-champions-tour-2025-americas-stage-1-w2,1,AllMaps,Askia,2G,Yoru,1.03,220,38,33,10,5,68,142,37,11,9,2,2Game Esports,LOUD,27.0,23.0,2.0,0.0
https://www.vlr.gg/459527/loud-vs-2game-esports-champions-tour-2025-americas-stage-1-w2,1,AllMaps,lz,2G,Omen,1.01,210,40,35,15,5,82,131,40,4,4,0,2Game Esports,LOUD,27.0,23.0,2.0,0.0
https://www.vlr.gg/459527/loud-vs-2game-esports-champions-tour-2025-americas-stage-1-w2,1,AllMaps,silentzz,2G,Vyse,0.97,202,34,34,12,0,78,139,43,5,4,1,2Game Esports,LOUD,27.0,23.0,2.0,0.0
https://www.vlr.gg/459527/loud-vs-2game-esports-champions-tour-2025-americas-stage-1-w2,1,AllMaps,PxS,2G,Breach,0.92,174,30,36,21,-6,72,117,32,4,5,-1,2Game Esports,LOUD,27.0,23.0,2.0,0.0
https://www.vlr.gg/459527/loud-vs-2game-esports-champions-tour-2025-americas-stage-1-w2,2,Pearl,pANcada,LOUD,Astra,1.38,286,24,18,7,6,71,187,32,2,0,2,2Game Esports,2Game Esports,11.0,13.0,0.0,2.0
https://www.vlr.gg/459527/loud-vs-2game-esports-champions-tour-2025-americas-stage-1-w2,2,Pearl,cauanzin,LOUD,Tejo,1.12,220,18,19,8,-1,71,145,18,2,5,-3,2Game Esports,2Game Esports,11.0,13.0,0.0,2.0
https://www.vlr.gg/459527/loud-vs-2game-esports-champions-tour-2025-americas-stage-1-w2,2,Pearl,dgzin,LOUD,Yoru,1.02,224,19,17,5,2,58,131,22,5,5,0,2Game Esports,2Game Esports,11.0,13.0,0.0,2.0
https://www.vlr.gg/459527/loud-vs-2game-esports-champions-tour-2025-americas-stage-1-w2,2,Pearl,tuyz,LOUD,Vyse,0.86,163,15,17,5,-2,63,126,28,0,0,0,2Game Esports,2Game Esports,11.0,13.0,0.0,2.0
https://www.vlr.gg/459527/loud-vs-2game-esports-champions-tour-2025-americas-stage-1-w2,2,Pearl,v1nny,LOUD,Kayo,0.66,128,11,19,17,-8,79,87,24,0,5,-5,2Game Esports,2Game Esports,11.0,13.0,0.0,2.0
https://www.vlr.gg/459527/loud-vs-2game-esports-champions-tour-2025-americas-stage-1-w2,2,Pearl,gobera,2G,Tejo,1.21,253,21,17,7,4,88,168,27,2,0,2,2Game Esports,LOUD,13.0,11.0,2.0,0.0
https://www.vlr.gg/459527/loud-vs-2game-esports-champions-tour-2025-americas-stage-1-w2,2,Pearl,Askia,2G,Yoru,1.08,248,20,17,7,3,75,151,40,6,5,1,2Game Esports,LOUD,13.0,11.0,2.0,0.0
https://www.vlr.gg/459527/loud-vs-2game-esports-champions-tour-2025-americas-stage-1-w2,2,Pearl,silentzz,2G,Vyse,1.06,214,18,17,6,1,83,143,48,5,2,3,2Game Esports,LOUD,13.0,11.0,2.0,0.0
https://www.vlr.gg/459527/loud-vs-2game-esports-champions-tour-2025-americas-stage-1-w2,2,Pearl,PxS,2G,Fade,0.89,182,16,19,10,-3,79,124,45,2,1,1,2Game Esports,LOUD,13.0,11.0,2.0,0.0
https://www.vlr.gg/459527/loud-vs-2game-esports-champions-tour-2025-americas-stage-1-w2,2,Pearl,lz,2G,Astra,0.8,156,15,17,11,-2,83,98,24,0,1,-1,2Game Esports,LOUD,13.0,11.0,2.0,0.0
https://www.vlr.gg/459529/evil-geniuses-vs-sentinels-champions-tour-2025-americas-stage-1-w3,0,Haven,supamen,EG,Omen,0.98,173,11,13,4,-2,53,113,56,0,3,-3,Sentinels,Evil Geniuses,13.0,4.0,2.0,0.0
https://www.vlr.gg/459529/evil-geniuses-vs-sentinels-champions-tour-2025-americas-stage-1-w3,0,Haven,Derrek,EG,Sova,0.74,154,8,16,4,-8,59,118,28,1,0,1,Sentinels,Evil Geniuses,13.0,4.0,2.0,0.0
https://www.vlr.gg/459529/evil-geniuses-vs-sentinels-champions-tour-2025-americas-stage-1-w3,0,Haven,NaturE,EG,Breach,0.74,159,9,14,5,-5,65,117,56,0,1,-1,Sentinels,Evil Geniuses,13.0,4.0,2.0,0.0
https://www.vlr.gg/459529/evil-geniuses-vs-sentinels-champions-tour-2025-americas-stage-1-w3,0,Haven,icy,EG,Waylay,0.66,139,10,13,0,-3,47,81,42,3,3,0,Sentinels,Evil Geniuses,13.0,4.0,2.0,0.0
https://www.vlr.gg/459529/evil-geniuses-vs-sentinels-champions-tour-2025-americas-stage-1-w3,0,Haven,yay,EG,Cypher,0.56,165,8,15,3,-7,59,110,32,4,2,2,Sentinels,Evil Geniuses,13.0,4.0,2.0,0.0
https://www.vlr.gg/459529/evil-geniuses-vs-sentinels-champions-tour-2025-americas-stage-1-w3,0,Haven,N4RRATE,SEN,Sova,1.76,338,21,9,3,12,71,228,45,2,0,2,Sentinels,Evil Geniuses,13.0,4.0,2.0,0.0
https://www.vlr.gg/459529/evil-geniuses-vs-sentinels-champions-tour-2025-americas-stage-1-w3,0,Haven,bang,SEN,Omen,1.52,263,17,7,6,10,82,166,64,1,2,-1,Sentinels,Evil Geniuses,13.0,4.0,2.0,0.0
https://www.vlr.gg/459529/evil-geniuses-vs-sentinels-champions-tour-2025-americas-stage-1-w3,0,Haven,zekken,SEN,Neon,1.07,202,12,10,3,2,94,123,30,5,3,2,Sentinels,Evil Geniuses,13.0,4.0,2.0,0.0
https://www.vlr.gg/459529/evil-geniuses-vs-sentinels-champions-tour-2025-americas-stage-1-w3,0,Haven,johnqt,SEN,Breach,0.99,142,9,8,9,1,82,91,16,0,1,-1,Sentinels,Evil Geniuses,13.0,4.0,2.0,0.0
https://www.vlr.gg/459529/evil-geniuses-vs-sentinels-champions-tour-2025-americas-stage-1-w3,0,Haven,Zellsis,SEN,Cypher,0.88,188,12,12,2,0,65,130,26,1,2,-1,Sentinels,Evil Geniuses,13.0,4.0,2.0,0.0
https://www.vlr.gg/459529/evil-geniuses-vs-sentinels-champions-tour-2025-americas-stage-1-w3,1,AllMaps,supamen,EG,Omen,0.84,168,22,28,8,-6,56,108,42,0,5,-5,Sentinels,Evil Geniuses,26.0,10.0,2.0,0.0
https://www.vlr.gg/459529/evil-geniuses-vs-sentinels-champions-tour-2025-americas-stage-1-w3,1,AllMaps,icy,EG,Waylay,0.76,147,21,27,1,-6,61,85,40,4,3,1,Sentinels,Evil Geniuses,26.0,10.0,2.0,0.0
https://www.vlr.gg/459529/evil-geniuses-vs-sentinels-champions-tour-2025-americas-stage-1-w3,1,AllMaps,yay,EG,Cypher,0.72,202,23,33,4,-10,56,130,32,9,8,1,Sentinels,Evil Geniuses,26.0,10.0,2.0,0.0
https://www.vlr.gg/459529/evil-geniuses-vs-sentinels-champions-tour-2025-americas-stage-1-w3,1,AllMaps,NaturE,EG,Breach,0.67,147,17,30,11,-13,64,103,37,2,4,-2,Sentinels,Evil Geniuses,26.0,10.0,2.0,0.0
https://www.vlr.gg/459529/evil-geniuses-vs-sentinels-champions-tour-2025-americas-stage-1-w3,1,AllMaps,Derrek,EG,Sova,0.6,135,15,31,8,-16,64,99,27,1,0,1,Sentinels,Evil Geniuses,26.0,10.0,2.0,0.0
https://www.vlr.gg/459529/evil-geniuses-vs-sentinels-champions-tour-2025-americas-stage-1-w3,1,AllMaps,N4RRATE,SEN,Sova,1.63,303,39,19,17,20,81,199,24,4,1,3,Sentinels,Evil Geniuses,26.0,10.0,2.0,0.0
https://www.vlr.gg/459529/evil-geniuses-vs-sentinels-champions-tour-2025-americas-stage-1-w3,1,AllMaps,bang,SEN,Omen,1.24,208,28,17,19,11,81,124,53,3,3,0,Sentinels,Evil Geniuses,26.0,10.0,2.0,0.0
https://www.vlr.gg/459529/evil-geniuses-vs-sentinels-champions-tour-2025-americas-stage-1-w3,1,AllMaps,zekken,SEN,Neon,1.2,245,33,23,5,10,81,159,36,10,7,3,Sentinels,Evil Geniuses,26.0,10.0,2.0,0.0
https://www.vlr.gg/459529/evil-geniuses-vs-sentinels-champions-tour-2025-americas-stage-1-w3,1,AllMaps,johnqt,SEN,Breach,1.18,195,25,18,15,7,81,135,18,1,3,-2,Sentinels,Evil Geniuses,26.0,10.0,2.0,0.0
https://www.vlr.gg/459529/evil-geniuses-vs-sentinels-champions-tour-2025-americas-stage-1-w3,1,AllMaps,Zellsis,SEN,Cypher,0.97,177,24,21,9,3,81,121,22,2,2,0,Sentinels,Evil Geniuses,26.0,10.0,2.0,0.0
https://www.vlr.gg/459529/evil-geniuses-vs-sentinels-champions-tour-2025-americas-stage-1-w3,2,Pearl,yay,EG,Yoru,0.87,239,15,18,1,-3,53,148,32,5,6,-1,Sentinels,Evil Geniuses,13.0,6.0,2.0,0.0
https://www.vlr.gg/459529/evil-geniuses-vs-sentinels-champions-tour-2025-americas-stage-1-w3,2,Pearl,icy,EG,Jett,0.86,155,11,14,1,-3,74,89,39,1,0,1,Sentinels,Evil Geniuses,13.0,6.0,2.0,0.0
https://www.vlr.gg/459529/evil-geniuses-vs-sentinels-champions-tour-2025-americas-stage-1-w3,2,Pearl,supamen,EG,Astra,0.72,163,11,15,4,-4,58,104,34,0,2,-2,Sentinels,Evil Geniuses,13.0,6.0,2.0,0.0
https://www.vlr.gg/459529/evil-geniuses-vs-sentinels-champions-tour-2025-americas-stage-1-w3,2,Pearl,NaturE,EG,Vyse,0.6,135,8,16,6,-8,63,90,22,2,3,-1,Sentinels,Evil Geniuses,13.0,6.0,2.0,0.0
https://www.vlr.gg/459529/evil-geniuses-vs-sentinels-champions-tour-2025-americas-stage-1-w3,2,Pearl,Derrek,EG,Tejo,0.48,116,7,15,4,-8,68,83,26,0,0,0,Sentinels,Evil Geniuses,13.0,6.0,2.0,0.0
https://www.vlr.gg/459529/evil-geniuses-vs-sentinels-champions-tour-2025-americas-stage-1-w3,2,Pearl,N4RRATE,SEN,Fade,1.51,268,18,10,14,8,89,173,14,2,1,1,Sentinels,Evil Geniuses,13.0,6.0,2.0,0.0
https://www.vlr.gg/459529/evil-geniuses-vs-sentinels-champions-tour-2025-americas-stage-1-w3,2,Pearl,johnqt,SEN,Tejo,1.35,247,16,10,6,6,79,174,20,1,2,-1,Sentinels,Evil Geniuses,13.0,6.0,2.0,0.0
https://www.vlr.gg/459529/evil-geniuses-vs-sentinels-champions-tour-2025-americas-stage-1-w3,2,Pearl,zekken,SEN,Yoru,1.31,287,21,13,2,8,68,191,40,5,4,1,Sentinels,Evil Geniuses,13.0,6.0,2.0,0.0
https://www.vlr.gg/459529/evil-geniuses-vs-sentinels-champions-tour-2025-americas-stage-1-w3,2,Pearl,Zellsis,SEN,Vyse,1.05,166,12,9,7,3,95,114,19,1,0,1,Sentinels,Evil Geniuses,13.0,6.0,2.0,0.0
https://www.vlr.gg/459529/evil-geniuses-vs-sentinels-champions-tour-2025-americas-stage-1-w3,2,Pearl,bang,SEN,Astra,0.98,153,11,10,13,1,79,86,40,2,1,1,Sentinels,Evil Geniuses,13.0,6.0,2.0,0.0
https://www.vlr.gg/459530/100-thieves-vs-loud-champions-tour-2025-americas-stage-1-w3,0,Haven,Cryocells,100T,Iso,1.14,230,14,14,7,0,68,158,18,2,0,2,LOUD,100 Thieves,13.0,6.0,1.0,2.0
https://www.vlr.gg/459530/100-thieves-vs-loud-champions-tour-2025-americas-stage-1-w3,0,Haven,eeiu,100T,Sova,0.95,185,12,15,4,-3,63,132,36,0,0,0,LOUD,100 Thieves,13.0,6.0,1.0,2.0
https://www.vlr.gg/459530/100-thieves-vs-loud-champions-tour-2025-americas-stage-1-w3,0,Haven,Asuna,100T,Neon,0.82,189,11,16,4,-5,47,122,24,1,5,-4,LOUD,100 Thieves,13.0,6.0,1.0,2.0
https://www.vlr.gg/459530/100-thieves-vs-loud-champions-tour-2025-americas-stage-1-w3,0,Haven,zander,100T,Omen,0.79,154,11,15,8,-4,68,95,18,1,5,-4,LOUD,100 Thieves,13.0,6.0,1.0,2.0
https://www.vlr.gg/459530/100-thieves-vs-loud-champions-tour-2025-americas-stage-1-w3,0,Haven,Boostio,100T,Cypher,0.59,137,9,16,3,-7,47,74,59,2,3,-1,LOUD,100 Thieves,13.0,6.0,1.0,2.0
https://www.vlr.gg/459530/100-thieves-vs-loud-champions-tour-2025-americas-stage-1-w3,0,Haven,cauanzin,LOUD,Tejo,1.39,193,14,7,4,7,74,132,25,1,1,0,LOUD,100 Thieves,13.0,6.0,1.0,2.0
https://www.vlr.gg/459530/100-thieves-vs-loud-champions-tour-2025-americas-stage-1-w3,0,Haven,lukxo,LOUD,Cypher,1.34,288,20,11,3,9,79,175,36,4,0,4,LOUD,100 Thieves,13.0,6.0,1.0,2.0
https://www.vlr.gg/459530/100-thieves-vs-loud-champions-tour-2025-americas-stage-1-w3,0,Haven,dgzin,LOUD,Neon,1.19,273,19,15,4,4,74,179,26,7,4,3,LOUD,100 Thieves,13.0,6.0,1.0,2.0
https://www.vlr.gg/459530/100-thieves-vs-loud-champions-tour-2025-americas-stage-1-w3,0,Haven,pANcada,LOUD,Omen,0.99,197,14,12,7,2,89,129,30,0,1,-1,LOUD,100 Thieves,13.0,6.0,1.0,2.0
https://www.vlr.gg/459530/100-thieves-vs-loud-champions-tour-2025-americas-stage-1-w3,0,Haven,v1nny,LOUD,Breach,0.81,155,9,12,13,-3,89,96,30,1,0,1,LOUD,100 Thieves,13.0,6.0,1.0,2.0
https://www.vlr.gg/459530/100-thieves-vs-loud-champions-tour-2025-americas-stage-1-w3,1,AllMaps,Cryocells,100T,Iso,1.44,286,68,44,23,24,75,189,28,11,7,4,100 Thieves,100 Thieves,32.0,32.0,1.0,2.0
https://www.vlr.gg/459530/100-thieves-vs-loud-champions-tour-2025-americas-stage-1-w3,1,AllMaps,eeiu,100T,Sova,1.08,186,41,40,17,1,73,124,24,2,3,-1,100 Thieves,100 Thieves,32.0,32.0,1.0,2.0
https://www.vlr.gg/459530/100-thieves-vs-loud-champions-tour-2025-americas-stage-1-w3,1,AllMaps,Asuna,100T,Neon,1.01,210,45,48,17,-3,67,134,20,3,13,-10,100 Thieves,100 Thieves,32.0,32.0,1.0,2.0
https://www.vlr.gg/459530/100-thieves-vs-loud-champions-tour-2025-americas-stage-1-w3,1,AllMaps,zander,100T,Omen,0.98,189,41,45,25,-4,75,125,21,6,9,-3,100 Thieves,100 Thieves,32.0,32.0,1.0,2.0
https://www.vlr.gg/459530/100-thieves-vs-loud-champions-tour-2025-americas-stage-1-w3,1,AllMaps,Boostio,100T,Cypher,0.64,120,24,47,21,-23,63,77,25,5,5,0,100 Thieves,100 Thieves,32.0,32.0,1.0,2.0
https://www.vlr.gg/459530/100-thieves-vs-loud-champions-tour-2025-americas-stage-1-w3,1,AllMaps,lukxo,LOUD,Cypher,1.32,278,66,43,10,23,70,178,39,13,3,10,100 Thieves,100 Thieves,32.0,32.0,1.0,2.0
https://www.vlr.gg/459530/100-thieves-vs-loud-champions-tour-2025-americas-stage-1-w3,1,AllMaps,cauanzin,LOUD,Tejo,1.14,211,45,38,18,7,75,143,25,5,4,1,100 Thieves,100 Thieves,32.0,32.0,1.0,2.0
https://www.vlr.gg/459530/100-thieves-vs-loud-champions-tour-2025-americas-stage-1-w3,1,AllMaps,pANcada,LOUD,Omen,1.06,187,42,40,19,2,77,136,26,3,4,-1,100 Thieves,100 Thieves,32.0,32.0,1.0,2.0
https://www.vlr.gg/459530/100-thieves-vs-loud-champions-tour-2025-americas-stage-1-w3,1,AllMaps,dgzin,LOUD,Neon,0.83,214,45,51,16,-6,70,141,30,14,13,1,100 Thieves,100 Thieves,32.0,32.0,1.0,2.0
https://www.vlr.gg/459530/100-thieves-vs-loud-champions-tour-2025-americas-stage-1-w3,1,AllMaps,v1nny,LOUD,Breach,0.62,120,26,47,27,-21,72,78,28,2,3,-1,100 Thieves,100 Thieves,32.0,32.0,1.0,2.0
https://www.vlr.gg/459530/100-thieves-vs-loud-champions-tour-2025-americas-stage-1-w3,2,Icebox,Cryocells,100T,Jett,1.35,315,30,18,2,12,63,198,33,5,5,0,100 Thieves,100 Thieves,11.0,13.0,1.0,2.0
https://www.vlr.gg/459530/100-thieves-vs-loud-champions-tour-2025-americas-stage-1-w3,2,Icebox,Asuna,100T,Gekko,1.22,220,17,16,9,1,79,133,17,0,2,-2,100 Thieves,100 Thieves,11.0,13.0,1.0,2.0
https://www.vlr.gg/459530/100-thieves-vs-loud-champions-tour-2025-americas-stage-1-w3,2,Icebox,eeiu,100T,Sova,1.14,160,14,12,4,2,71,115,28,1,3,-2,100 Thieves,100 Thieves,11.0,13.0,1.0,2.0
https://www.vlr.gg/459530/100-thieves-vs-loud-champions-tour-2025-americas-stage-1-w3,2,Icebox,zander,100T,Viper,0.76,171,13,18,8,-5,75,116,24,3,2,1,100 Thieves,100 Thieves,11.0,13.0,1.0,2.0
https://www.vlr.gg/459530/100-thieves-vs-loud-champions-tour-2025-americas-stage-1-w3,2,Icebox,Boostio,100T,Killjoy,0.59,134,9,18,5,-9,58,96,9,2,1,1,100 Thieves,100 Thieves,11.0,13.0,1.0,2.0
https://www.vlr.gg/459530/100-thieves-vs-loud-champions-tour-2025-americas-stage-1-w3,2,Icebox,lukxo,LOUD,Killjoy,1.41,259,23,16,5,7,63,182,38,4,1,3,100 Thieves,100 Thieves,11.0,13.0,1.0,2.0
https://www.vlr.gg/459530/100-thieves-vs-loud-champions-tour-2025-americas-stage-1-w3,2,Icebox,pANcada,LOUD,Viper,1.36,215,19,13,3,6,79,163,31,1,2,-1,100 Thieves,100 Thieves,11.0,13.0,1.0,2.0
https://www.vlr.gg/459530/100-thieves-vs-loud-champions-tour-2025-americas-stage-1-w3,2,Icebox,cauanzin,LOUD,Sova,1.01,190,14,15,8,-1,71,129,18,2,2,0,100 Thieves,100 Thieves,11.0,13.0,1.0,2.0
https://www.vlr.gg/459530/100-thieves-vs-loud-champions-tour-2025-americas-stage-1-w3,2,Icebox,dgzin,LOUD,Reyna,0.67,186,15,19,6,-4,63,124,53,5,4,1,100 Thieves,100 Thieves,11.0,13.0,1.0,2.0
https://www.vlr.gg/459530/100-thieves-vs-loud-champions-tour-2025-americas-stage-1-w3,2,Icebox,v1nny,LOUD,Tejo,0.56,126,11,20,6,-9,63,92,19,1,2,-1,100 Thieves,100 Thieves,11.0,13.0,1.0,2.0
https://www.vlr.gg/459530/100-thieves-vs-loud-champions-tour-2025-americas-stage-1-w3,3,Split,Cryocells,100T,Sage,1.81,314,24,12,14,12,95,205,32,4,2,2,100 Thieves,100 Thieves,8.0,13.0,1.0,2.0
https://www.vlr.gg/459530/100-thieves-vs-loud-champions-tour-2025-americas-stage-1-w3,3,Split,zander,100T,Astra,1.41,241,17,12,9,5,81,161,19,2,2,0,100 Thieves,100 Thieves,8.0,13.0,1.0,2.0
https://www.vlr.gg/459530/100-thieves-vs-loud-champions-tour-2025-americas-stage-1-w3,3,Split,eeiu,100T,Tejo,1.14,212,15,13,9,2,86,126,16,1,0,1,100 Thieves,100 Thieves,8.0,13.0,1.0,2.0
https://www.vlr.gg/459530/100-thieves-vs-loud-champions-tour-2025-americas-stage-1-w3,3,Split,Asuna,100T,Raze,0.97,220,17,16,4,1,71,146,19,2,6,-4,100 Thieves,100 Thieves,8.0,13.0,1.0,2.0
https://www.vlr.gg/459530/100-thieves-vs-loud-champions-tour-2025-americas-stage-1-w3,3,Split,Boostio,100T,Breach,0.73,89,6,13,13,-7,81,57,31,1,1,0,100 Thieves,100 Thieves,8.0,13.0,1.0,2.0
https://www.vlr.gg/459530/100-thieves-vs-loud-champions-tour-2025-americas-stage-1-w3,3,Split,lukxo,LOUD,Viper,1.21,287,23,16,2,7,71,177,43,5,2,3,100 Thieves,100 Thieves,8.0,13.0,1.0,2.0
https://www.vlr.gg/459530/100-thieves-vs-loud-champions-tour-2025-americas-stage-1-w3,3,Split,cauanzin,LOUD,Tejo,1.08,250,17,16,6,1,81,169,31,2,1,1,100 Thieves,100 Thieves,8.0,13.0,1.0,2.0
https://www.vlr.gg/459530/100-thieves-vs-loud-champions-tour-2025-americas-stage-1-w3,3,Split,pANcada,LOUD,Omen,0.77,149,9,15,9,-6,62,112,17,2,1,1,100 Thieves,100 Thieves,8.0,13.0,1.0,2.0
https://www.vlr.gg/459530/100-thieves-vs-loud-champions-tour-2025-americas-stage-1-w3,3,Split,dgzin,LOUD,Raze,0.68,182,11,17,6,-6,76,127,18,2,5,-3,100 Thieves,100 Thieves,8.0,13.0,1.0,2.0
https://www.vlr.gg/459530/100-thieves-vs-loud-champions-tour-2025-americas-stage-1-w3,3,Split,v1nny,LOUD,Breach,0.53,78,6,15,8,-9,67,45,50,0,1,-1,100 Thieves,100 Thieves,8.0,13.0,1.0,2.0
https://www.vlr.gg/459531/2game-esports-vs-kr-esports-champions-tour-2025-americas-stage-1-w3,0,Icebox,lz,2G,Viper,1.19,245,17,14,4,3,68,167,48,3,5,-2,VISA KRÜ(KRÜ Esports),2Game Esports,13.0,6.0,2.0,1.0
https://www.vlr.gg/459531/2game-esports-vs-kr-esports-champions-tour-2025-americas-stage-1-w3,0,Icebox,Askia,2G,Jett,0.95,228,15,15,2,0,79,140,32,2,2,0,VISA KRÜ(KRÜ Esports),2Game Esports,13.0,6.0,2.0,1.0
https://www.vlr.gg/459531/2game-esports-vs-kr-esports-champions-tour-2025-americas-stage-1-w3,0,Icebox,silentzz,2G,Killjoy,0.83,193,13,17,1,-4,68,122,25,0,0,0,VISA KRÜ(KRÜ Esports),2Game Esports,13.0,6.0,2.0,1.0
https://www.vlr.gg/459531/2game-esports-vs-kr-esports-champions-tour-2025-americas-stage-1-w3,0,Icebox,PxS,2G,Kayo,0.42,128,7,17,9,-10,74,78,13,0,2,-2,VISA KRÜ(KRÜ Esports),2Game Esports,13.0,6.0,2.0,1.0
https://www.vlr.gg/459531/2game-esports-vs-kr-esports-champions-tour-2025-americas-stage-1-w3,0,Icebox,gobera,2G,Tejo,0.35,103,6,16,2,-10,53,69,25,1,4,-3,VISA KRÜ(KRÜ Esports),2Game Esports,13.0,6.0,2.0,1.0
https://www.vlr.gg/459531/2game-esports-vs-kr-esports-champions-tour-2025-americas-stage-1-w3,0,Icebox,keznit,KRÜ,Jett,1.45,353,23,16,7,7,84,229,18,8,1,7,VISA KRÜ(KRÜ Esports),2Game Esports,13.0,6.0,2.0,1.0
https://www.vlr.gg/459531/2game-esports-vs-kr-esports-champions-tour-2025-americas-stage-1-w3,0,Icebox,Melser,KRÜ,Viper,1.3,235,16,13,9,3,79,169,32,2,0,2,VISA KRÜ(KRÜ Esports),2Game Esports,13.0,6.0,2.0,1.0
https://www.vlr.gg/459531/2game-esports-vs-kr-esports-champions-tour-2025-americas-stage-1-w3,0,Icebox,Mazino,KRÜ,Harbor,1.28,254,18,12,6,6,95,197,35,2,2,0,VISA KRÜ(KRÜ Esports),2Game Esports,13.0,6.0,2.0,1.0
https://www.vlr.gg/459531/2game-esports-vs-kr-esports-champions-tour-2025-americas-stage-1-w3,0,Icebox,adverso,KRÜ,Sova,1.17,149,11,9,8,2,74,109,19,0,2,-2,VISA KRÜ(KRÜ Esports),2Game Esports,13.0,6.0,2.0,1.0
https://www.vlr.gg/459531/2game-esports-vs-kr-esports-champions-tour-2025-americas-stage-1-w3,0,Icebox,Shyy,KRÜ,Killjoy,1.12,156,11,8,3,3,74,98,25,1,1,0,VISA KRÜ(KRÜ Esports),2Game Esports,13.0,6.0,2.0,1.0
https://www.vlr.gg/459531/2game-esports-vs-kr-esports-champions-tour-2025-americas-stage-1-w3,1,AllMaps,lz,2G,Viper,1.24,241,51,40,17,11,77,155,44,7,6,1,VISA KRÜ(KRÜ Esports),2Game Esports,32.0,25.0,2.0,1.0
https://www.vlr.gg/459531/2game-esports-vs-kr-esports-champions-tour-2025-americas-stage-1-w3,1,AllMaps,silentzz,2G,Killjoy,0.87,196,38,44,5,-6,74,129,31,1,3,-2,VISA KRÜ(KRÜ Esports),2Game Esports,32.0,25.0,2.0,1.0
https://www.vlr.gg/459531/2game-esports-vs-kr-esports-champions-tour-2025-americas-stage-1-w3,1,AllMaps,PxS,2G,Kayo,0.8,168,32,41,22,-9,81,100,24,3,6,-3,VISA KRÜ(KRÜ Esports),2Game Esports,32.0,25.0,2.0,1.0
https://www.vlr.gg/459531/2game-esports-vs-kr-esports-champions-tour-2025-americas-stage-1-w3,1,AllMaps,Askia,2G,Jett,0.79,164,33,39,7,-6,67,105,28,5,13,-8,VISA KRÜ(KRÜ Esports),2Game Esports,32.0,25.0,2.0,1.0
https://www.vlr.gg/459531/2game-esports-vs-kr-esports-champions-tour-2025-americas-stage-1-w3,1,AllMaps,gobera,2G,Tejo,0.68,142,29,43,9,-14,60,102,22,6,7,-1,VISA KRÜ(KRÜ Esports),2Game Esports,32.0,25.0,2.0,1.0
https://www.vlr.gg/459531/2game-esports-vs-kr-esports-champions-tour-2025-americas-stage-1-w3,1,AllMaps,Melser,KRÜ,Viper,1.28,214,44,36,27,8,82,156,28,5,3,2,VISA KRÜ(KRÜ Esports),2Game Esports,32.0,25.0,2.0,1.0
https://www.vlr.gg/459531/2game-esports-vs-kr-esports-champions-tour-2025-americas-stage-1-w3,1,AllMaps,adverso,KRÜ,Sova,1.18,188,38,32,21,6,74,127,16,3,4,-1,VISA KRÜ(KRÜ Esports),2Game Esports,32.0,25.0,2.0,1.0
https://www.vlr.gg/459531/2game-esports-vs-kr-esports-champions-tour-2025-americas-stage-1-w3,1,AllMaps,Mazino,KRÜ,Harbor,1.14,230,47,42,17,5,81,159,31,5,3,2,VISA KRÜ(KRÜ Esports),2Game Esports,32.0,25.0,2.0,1.0
https://www.vlr.gg/459531/2game-esports-vs-kr-esports-champions-tour-2025-americas-stage-1-w3,1,AllMaps,keznit,KRÜ,Jett,1.1,250,48,43,20,5,72,162,18,17,8,9,VISA KRÜ(KRÜ Esports),2Game Esports,32.0,25.0,2.0,1.0
https://www.vlr.gg/459531/2game-esports-vs-kr-esports-champions-tour-2025-americas-stage-1-w3,1,AllMaps,Shyy,KRÜ,Killjoy,0.98,149,30,30,14,0,74,100,21,5,4,1,VISA KRÜ(KRÜ Esports),2Game Esports,32.0,25.0,2.0,1.0
https://www.vlr.gg/459531/2game-esports-vs-kr-esports-champions-tour-2025-americas-stage-1-w3,2,Ascent,lz,2G,Omen,1.77,282,21,9,8,12,95,184,46,3,0,3,2Game Esports,2Game Esports,6.0,13.0,2.0,1.0
https://www.vlr.gg/459531/2game-esports-vs-kr-esports-champions-tour-2025-americas-stage-1-w3,2,Ascent,gobera,2G,Tejo,1.02,169,13,11,4,2,74,119,24,3,1,2,2Game Esports,2Game Esports,6.0,13.0,2.0,1.0
https://www.vlr.gg/459531/2game-esports-vs-kr-esports-champions-tour-2025-americas-stage-1-w3,2,Ascent,PxS,2G,Kayo,1.01,157,10,10,8,0,95,99,28,1,2,-1,2Game Esports,2Game Esports,6.0,13.0,2.0,1.0
https://www.vlr.gg/459531/2game-esports-vs-kr-esports-champions-tour-2025-americas-stage-1-w3,2,Ascent,Askia,2G,Jett,0.89,181,12,11,2,1,68,119,23,2,5,-3,2Game Esports,2Game Esports,6.0,13.0,2.0,1.0
https://www.vlr.gg/459531/2game-esports-vs-kr-esports-champions-tour-2025-americas-stage-1-w3,2,Ascent,silentzz,2G,Vyse,0.86,163,11,11,2,0,79,108,28,0,2,-2,2Game Esports,2Game Esports,6.0,13.0,2.0,1.0
https://www.vlr.gg/459531/2game-esports-vs-kr-esports-champions-tour-2025-americas-stage-1-w3,2,Ascent,adverso,KRÜ,Sova,1.2,200,11,11,6,0,84,136,18,2,1,1,2Game Esports,2Game Esports,6.0,13.0,2.0,1.0
https://www.vlr.gg/459531/2game-esports-vs-kr-esports-champions-tour-2025-americas-stage-1-w3,2,Ascent,keznit,KRÜ,Yoru,0.97,227,14,15,5,-1,58,154,20,6,4,2,2Game Esports,2Game Esports,6.0,13.0,2.0,1.0
https://www.vlr.gg/459531/2game-esports-vs-kr-esports-champions-tour-2025-americas-stage-1-w3,2,Ascent,Melser,KRÜ,Omen,0.89,155,10,13,5,-3,74,115,27,1,2,-1,2Game Esports,2Game Esports,6.0,13.0,2.0,1.0
https://www.vlr.gg/459531/2game-esports-vs-kr-esports-champions-tour-2025-americas-stage-1-w3,2,Ascent,Shyy,KRÜ,Cypher,0.7,93,6,11,6,-5,74,68,16,1,1,0,2Game Esports,2Game Esports,6.0,13.0,2.0,1.0
https://www.vlr.gg/459531/2game-esports-vs-kr-esports-champions-tour-2025-americas-stage-1-w3,2,Ascent,Mazino,KRÜ,Deadlock,0.65,172,11,17,2,-6,63,116,25,0,1,-1,2Game Esports,2Game Esports,6.0,13.0,2.0,1.0
https://www.vlr.gg/459531/2game-esports-vs-kr-esports-champions-tour-2025-americas-stage-1-w3,3,Pearl,PxS,2G,Fade,0.97,219,15,14,5,1,74,123,31,2,2,0,VISA KRÜ(KRÜ Esports),2Game Esports,13.0,6.0,2.0,1.0
https://www.vlr.gg/459531/2game-esports-vs-kr-esports-champions-tour-2025-americas-stage-1-w3,3,Pearl,silentzz,2G,Vyse,0.91,231,14,16,2,-2,74,157,40,1,1,0,VISA KRÜ(KRÜ Esports),2Game Esports,13.0,6.0,2.0,1.0
https://www.vlr.gg/459531/2game-esports-vs-kr-esports-champions-tour-2025-americas-stage-1-w3,3,Pearl,lz,2G,Astra,0.75,196,13,17,5,-4,68,113,37,1,1,0,VISA KRÜ(KRÜ Esports),2Game Esports,13.0,6.0,2.0,1.0
https://www.vlr.gg/459531/2game-esports-vs-kr-esports-champions-tour-2025-americas-stage-1-w3,3,Pearl,gobera,2G,Tejo,0.66,155,10,16,3,-6,53,118,19,2,2,0,VISA KRÜ(KRÜ Esports),2Game Esports,13.0,6.0,2.0,1.0
https://www.vlr.gg/459531/2game-esports-vs-kr-esports-champions-tour-2025-americas-stage-1-w3,3,Pearl,Askia,2G,Yoru,0.53,83,6,13,3,-7,53,57,29,1,6,-5,VISA KRÜ(KRÜ Esports),2Game Esports,13.0,6.0,2.0,1.0
https://www.vlr.gg/459531/2game-esports-vs-kr-esports-champions-tour-2025-americas-stage-1-w3,3,Pearl,Melser,KRÜ,Astra,1.63,253,18,10,13,8,95,184,25,2,1,1,VISA KRÜ(KRÜ Esports),2Game Esports,13.0,6.0,2.0,1.0
https://www.vlr.gg/459531/2game-esports-vs-kr-esports-champions-tour-2025-americas-stage-1-w3,3,Pearl,Mazino,KRÜ,Vyse,1.48,264,18,13,9,5,84,165,30,3,0,3,VISA KRÜ(KRÜ Esports),2Game Esports,13.0,6.0,2.0,1.0
https://www.vlr.gg/459531/2game-esports-vs-kr-esports-champions-tour-2025-americas-stage-1-w3,3,Pearl,adverso,KRÜ,Sova,1.17,216,16,12,7,4,63,137,12,1,1,0,VISA KRÜ(KRÜ Esports),2Game Esports,13.0,6.0,2.0,1.0
https://www.vlr.gg/459531/2game-esports-vs-kr-esports-champions-tour-2025-americas-stage-1-w3,3,Pearl,Shyy,KRÜ,Chamber,1.13,198,13,11,5,2,74,133,22,3,2,1,VISA KRÜ(KRÜ Esports),2Game Esports,13.0,6.0,2.0,1.0
https://www.vlr.gg/459531/2game-esports-vs-kr-esports-champions-tour-2025-americas-stage-1-w3,3,Pearl,keznit,KRÜ,Yoru,0.87,171,11,12,8,-1,74,104,14,3,3,0,VISA KRÜ(KRÜ Esports),2Game Esports,13.0,6.0,2.0,1.0
https://www.vlr.gg/459535/100-thieves-vs-2game-esports-champions-tour-2025-americas-stage-1-w4,0,Ascent,Cryocells,100T,Yoru,1.46,286,30,18,6,12,82,184,27,2,3,-1,100 Thieves,100 Thieves,13.0,15.0,0.0,2.0
https://www.vlr.gg/459535/100-thieves-vs-2game-esports-champions-tour-2025-americas-stage-1-w4,0,Ascent,Asuna,100T,Tejo,1.21,194,18,17,12,1,79,129,19,2,3,-1,100 Thieves,100 Thieves,13.0,15.0,0.0,2.0
https://www.vlr.gg/459535/100-thieves-vs-2game-esports-champions-tour-2025-americas-stage-1-w4,0,Ascent,Boostio,100T,Killjoy,1.18,246,24,21,4,3,71,165,25,7,2,5,100 Thieves,100 Thieves,13.0,15.0,0.0,2.0
https://www.vlr.gg/459535/100-thieves-vs-2game-esports-champions-tour-2025-americas-stage-1-w4,0,Ascent,zander,100T,Omen,0.93,175,14,22,19,-8,79,125,19,2,3,-1,100 Thieves,100 Thieves,13.0,15.0,0.0,2.0
https://www.vlr.gg/459535/100-thieves-vs-2game-esports-champions-tour-2025-americas-stage-1-w4,0,Ascent,eeiu,100T,Sova,0.86,140,13,18,9,-5,71,98,30,1,3,-2,100 Thieves,100 Thieves,13.0,15.0,0.0,2.0
https://www.vlr.gg/459535/100-thieves-vs-2game-esports-champions-tour-2025-americas-stage-1-w4,0,Ascent,gobera,2G,Tejo,1.01,203,19,19,9,0,71,142,22,0,2,-2,100 Thieves,100 Thieves,13.0,15.0,0.0,2.0
https://www.vlr.gg/459535/100-thieves-vs-2game-esports-champions-tour-2025-americas-stage-1-w4,0,Ascent,lz,2G,Omen,1.01,224,24,20,12,4,86,128,52,2,2,0,100 Thieves,100 Thieves,13.0,15.0,0.0,2.0
https://www.vlr.gg/459535/100-thieves-vs-2game-esports-champions-tour-2025-americas-stage-1-w4,0,Ascent,silentzz,2G,Vyse,0.96,202,21,20,6,1,61,124,31,4,0,4,100 Thieves,100 Thieves,13.0,15.0,0.0,2.0
https://www.vlr.gg/459535/100-thieves-vs-2game-esports-champions-tour-2025-americas-stage-1-w4,0,Ascent,Askia,2G,Jett,0.91,172,18,19,3,-1,71,123,30,5,5,0,100 Thieves,100 Thieves,13.0,15.0,0.0,2.0
https://www.vlr.gg/459535/100-thieves-vs-2game-esports-champions-tour-2025-americas-stage-1-w4,0,Ascent,PxS,2G,Kayo,0.74,167,14,21,18,-7,82,108,25,3,5,-2,100 Thieves,100 Thieves,13.0,15.0,0.0,2.0
https://www.vlr.gg/459535/100-thieves-vs-2game-esports-champions-tour-2025-americas-stage-1-w4,1,AllMaps,Cryocells,100T,Yoru,1.46,273,50,26,7,24,85,170,22,4,6,-2,100 Thieves,100 Thieves,19.0,28.0,0.0,2.0
https://www.vlr.gg/459535/100-thieves-vs-2game-esports-champions-tour-2025-americas-stage-1-w4,1,AllMaps,Boostio,100T,Killjoy,1.3,271,44,34,8,10,77,175,33,12,5,7,100 Thieves,100 Thieves,19.0,28.0,0.0,2.0
https://www.vlr.gg/459535/100-thieves-vs-2game-esports-champions-tour-2025-americas-stage-1-w4,1,AllMaps,Asuna,100T,Tejo,1.13,187,29,28,25,1,83,128,19,3,3,0,100 Thieves,100 Thieves,19.0,28.0,0.0,2.0
https://www.vlr.gg/459535/100-thieves-vs-2game-esports-champions-tour-2025-americas-stage-1-w4,1,AllMaps,zander,100T,Omen,1.06,188,28,32,25,-4,79,123,20,4,5,-1,100 Thieves,100 Thieves,19.0,28.0,0.0,2.0
https://www.vlr.gg/459535/100-thieves-vs-2game-esports-champions-tour-2025-americas-stage-1-w4,1,AllMaps,eeiu,100T,Sova,0.91,167,25,30,14,-5,72,112,28,1,4,-3,100 Thieves,100 Thieves,19.0,28.0,0.0,2.0
https://www.vlr.gg/459535/100-thieves-vs-2game-esports-champions-tour-2025-americas-stage-1-w4,1,AllMaps,Askia,2G,Jett,1.01,222,35,36,9,-1,74,155,31,9,6,3,100 Thieves,100 Thieves,19.0,28.0,0.0,2.0
https://www.vlr.gg/459535/100-thieves-vs-2game-esports-champions-tour-2025-americas-stage-1-w4,1,AllMaps,lz,2G,Omen,0.97,207,37,35,17,2,81,124,44,5,3,2,100 Thieves,100 Thieves,19.0,28.0,0.0,2.0
https://www.vlr.gg/459535/100-thieves-vs-2game-esports-champions-tour-2025-americas-stage-1-w4,1,AllMaps,PxS,2G,Kayo,0.77,163,25,36,28,-11,79,102,28,5,6,-1,100 Thieves,100 Thieves,19.0,28.0,0.0,2.0
https://www.vlr.gg/459535/100-thieves-vs-2game-esports-champions-tour-2025-americas-stage-1-w4,1,AllMaps,gobera,2G,Tejo,0.76,152,25,33,13,-8,68,117,22,0,7,-7,100 Thieves,100 Thieves,19.0,28.0,0.0,2.0
https://www.vlr.gg/459535/100-thieves-vs-2game-esports-champions-tour-2025-americas-stage-1-w4,1,AllMaps,silentzz,2G,Vyse,0.75,158,28,36,7,-8,55,106,26,4,2,2,100 Thieves,100 Thieves,19.0,28.0,0.0,2.0
https://www.vlr.gg/459535/100-thieves-vs-2game-esports-champions-tour-2025-americas-stage-1-w4,2,Icebox,Boostio,100T,Killjoy,1.49,296,20,13,4,7,84,189,50,5,3,2,100 Thieves,100 Thieves,6.0,13.0,0.0,2.0
https://www.vlr.gg/459535/100-thieves-vs-2game-esports-champions-tour-2025-americas-stage-1-w4,2,Icebox,Cryocells,100T,Jett,1.45,260,20,8,1,12,89,151,15,2,3,-1,100 Thieves,100 Thieves,6.0,13.0,0.0,2.0
https://www.vlr.gg/459535/100-thieves-vs-2game-esports-champions-tour-2025-americas-stage-1-w4,2,Icebox,zander,100T,Viper,1.26,200,14,10,6,4,79,120,22,2,2,0,100 Thieves,100 Thieves,6.0,13.0,0.0,2.0
https://www.vlr.gg/459535/100-thieves-vs-2game-esports-champions-tour-2025-americas-stage-1-w4,2,Icebox,Asuna,100T,Gekko,1.02,180,11,11,13,0,89,126,18,1,0,1,100 Thieves,100 Thieves,6.0,13.0,0.0,2.0
https://www.vlr.gg/459535/100-thieves-vs-2game-esports-champions-tour-2025-americas-stage-1-w4,2,Icebox,eeiu,100T,Sova,0.99,193,12,12,5,0,74,132,24,0,1,-1,100 Thieves,100 Thieves,6.0,13.0,0.0,2.0
https://www.vlr.gg/459535/100-thieves-vs-2game-esports-champions-tour-2025-americas-stage-1-w4,2,Icebox,Askia,2G,Jett,1.16,271,17,17,6,0,79,204,31,4,1,3,100 Thieves,100 Thieves,6.0,13.0,0.0,2.0
https://www.vlr.gg/459535/100-thieves-vs-2game-esports-champions-tour-2025-americas-stage-1-w4,2,Icebox,lz,2G,Viper,0.9,189,13,15,5,-2,74,118,35,3,1,2,100 Thieves,100 Thieves,6.0,13.0,0.0,2.0
https://www.vlr.gg/459535/100-thieves-vs-2game-esports-champions-tour-2025-americas-stage-1-w4,2,Icebox,PxS,2G,Kayo,0.81,158,11,15,10,-4,74,94,36,2,1,1,100 Thieves,100 Thieves,6.0,13.0,0.0,2.0
https://www.vlr.gg/459535/100-thieves-vs-2game-esports-champions-tour-2025-americas-stage-1-w4,2,Icebox,silentzz,2G,Killjoy,0.45,114,7,16,1,-9,47,78,18,0,2,-2,100 Thieves,100 Thieves,6.0,13.0,0.0,2.0
https://www.vlr.gg/459535/100-thieves-vs-2game-esports-champions-tour-2025-americas-stage-1-w4,2,Icebox,gobera,2G,Tejo,0.4,101,6,14,4,-8,63,80,21,0,5,-5,100 Thieves,100 Thieves,6.0,13.0,0.0,2.0
https://www.vlr.gg/459538/sentinels-vs-loud-champions-tour-2025-americas-stage-1-w4,0,Split,N4RRATE,SEN,Breach,1.31,227,19,15,16,4,83,135,29,3,2,1,Sentinels,Sentinels,10.0,13.0,1.0,2.0
https://www.vlr.gg/459538/sentinels-vs-loud-champions-tour-2025-americas-stage-1-w4,0,Split,johnqt,SEN,Tejo,1.27,212,16,11,9,5,83,149,20,1,1,0,Sentinels,Sentinels,10.0,13.0,1.0,2.0
https://www.vlr.gg/459538/sentinels-vs-loud-champions-tour-2025-americas-stage-1-w4,0,Split,bang,SEN,Omen,1.19,227,18,15,11,3,83,138,33,5,1,4,Sentinels,Sentinels,10.0,13.0,1.0,2.0
https://www.vlr.gg/459538/sentinels-vs-loud-champions-tour-2025-americas-stage-1-w4,0,Split,zekken,SEN,Yoru,1.01,227,20,17,3,3,65,152,29,3,4,-1,Sentinels,Sentinels,10.0,13.0,1.0,2.0
https://www.vlr.gg/459538/sentinels-vs-loud-champions-tour-2025-americas-stage-1-w4,0,Split,Zellsis,SEN,Viper,0.83,128,10,13,6,-3,61,98,16,1,2,-1,Sentinels,Sentinels,10.0,13.0,1.0,2.0
https://www.vlr.gg/459538/sentinels-vs-loud-champions-tour-2025-americas-stage-1-w4,0,Split,lukxo,LOUD,Viper,1.16,258,21,17,7,4,65,172,22,4,4,0,Sentinels,Sentinels,10.0,13.0,1.0,2.0
https://www.vlr.gg/459538/sentinels-vs-loud-champions-tour-2025-americas-stage-1-w4,0,Split,pANcada,LOUD,Omen,1.08,218,17,18,6,-1,61,150,35,1,1,0,Sentinels,Sentinels,10.0,13.0,1.0,2.0
https://www.vlr.gg/459538/sentinels-vs-loud-champions-tour-2025-americas-stage-1-w4,0,Split,dgzin,LOUD,Jett,0.9,193,14,17,5,-3,74,115,28,4,4,0,Sentinels,Sentinels,10.0,13.0,1.0,2.0
https://www.vlr.gg/459538/sentinels-vs-loud-champions-tour-2025-americas-stage-1-w4,0,Split,tuyz,LOUD,Breach,0.9,153,12,15,11,-3,78,103,44,1,1,0,Sentinels,Sentinels,10.0,13.0,1.0,2.0
https://www.vlr.gg/459538/sentinels-vs-loud-champions-tour-2025-americas-stage-1-w4,0,Split,cauanzin,LOUD,Tejo,0.56,83,7,16,4,-9,57,53,21,0,3,-3,Sentinels,Sentinels,10.0,13.0,1.0,2.0
https://www.vlr.gg/459538/sentinels-vs-loud-champions-tour-2025-americas-stage-1-w4,1,AllMaps,N4RRATE,SEN,Breach,1.6,277,62,35,35,27,86,182,28,9,3,6,Sentinels,Sentinels,28.0,37.0,1.0,2.0
https://www.vlr.gg/459538/sentinels-vs-loud-champions-tour-2025-americas-stage-1-w4,1,AllMaps,johnqt,SEN,Tejo,1.3,199,50,33,31,17,78,132,29,3,5,-2,Sentinels,Sentinels,28.0,37.0,1.0,2.0
https://www.vlr.gg/459538/sentinels-vs-loud-champions-tour-2025-americas-stage-1-w4,1,AllMaps,bang,SEN,Omen,0.91,172,39,42,22,-3,80,108,33,7,4,3,Sentinels,Sentinels,28.0,37.0,1.0,2.0
https://www.vlr.gg/459538/sentinels-vs-loud-champions-tour-2025-americas-stage-1-w4,1,AllMaps,zekken,SEN,Yoru,0.9,184,45,47,19,-2,72,117,23,4,11,-7,Sentinels,Sentinels,28.0,37.0,1.0,2.0
https://www.vlr.gg/459538/sentinels-vs-loud-champions-tour-2025-americas-stage-1-w4,1,AllMaps,Zellsis,SEN,Viper,0.89,194,39,45,19,-6,60,126,25,10,9,1,Sentinels,Sentinels,28.0,37.0,1.0,2.0
https://www.vlr.gg/459538/sentinels-vs-loud-champions-tour-2025-americas-stage-1-w4,1,AllMaps,lukxo,LOUD,Viper,1.21,273,61,49,16,12,66,181,27,12,6,6,Sentinels,Sentinels,28.0,37.0,1.0,2.0
https://www.vlr.gg/459538/sentinels-vs-loud-champions-tour-2025-americas-stage-1-w4,1,AllMaps,dgzin,LOUD,Jett,1.07,226,53,50,11,3,71,148,37,14,8,6,Sentinels,Sentinels,28.0,37.0,1.0,2.0
https://www.vlr.gg/459538/sentinels-vs-loud-champions-tour-2025-americas-stage-1-w4,1,AllMaps,tuyz,LOUD,Breach,0.8,124,28,42,28,-14,71,84,37,1,5,-4,Sentinels,Sentinels,28.0,37.0,1.0,2.0
https://www.vlr.gg/459538/sentinels-vs-loud-champions-tour-2025-americas-stage-1-w4,1,AllMaps,pANcada,LOUD,Omen,0.78,165,36,49,18,-13,65,113,32,5,6,-1,Sentinels,Sentinels,28.0,37.0,1.0,2.0
https://www.vlr.gg/459538/sentinels-vs-loud-champions-tour-2025-americas-stage-1-w4,1,AllMaps,cauanzin,LOUD,Tejo,0.65,111,24,45,11,-21,58,78,18,0,8,-8,Sentinels,Sentinels,28.0,37.0,1.0,2.0
https://www.vlr.gg/459538/sentinels-vs-loud-champions-tour-2025-americas-stage-1-w4,2,Lotus,N4RRATE,SEN,Tejo,1.76,290,25,11,9,14,92,198,30,4,0,4,LOUD,Sentinels,13.0,11.0,1.0,2.0
https://www.vlr.gg/459538/sentinels-vs-loud-champions-tour-2025-americas-stage-1-w4,2,Lotus,johnqt,SEN,Breach,1.11,191,17,16,17,1,75,126,49,2,3,-1,LOUD,Sentinels,13.0,11.0,1.0,2.0
https://www.vlr.gg/459538/sentinels-vs-loud-champions-tour-2025-americas-stage-1-w4,2,Lotus,zekken,SEN,Neon,0.75,166,14,19,8,-5,71,101,23,0,5,-5,LOUD,Sentinels,13.0,11.0,1.0,2.0
https://www.vlr.gg/459538/sentinels-vs-loud-champions-tour-2025-americas-stage-1-w4,2,Lotus,bang,SEN,Omen,0.72,168,14,17,4,-3,75,104,42,1,2,-1,LOUD,Sentinels,13.0,11.0,1.0,2.0
https://www.vlr.gg/459538/sentinels-vs-loud-champions-tour-2025-americas-stage-1-w4,2,Lotus,Zellsis,SEN,Viper,0.59,142,10,19,8,-9,50,94,33,3,4,-1,LOUD,Sentinels,13.0,11.0,1.0,2.0
https://www.vlr.gg/459538/sentinels-vs-loud-champions-tour-2025-americas-stage-1-w4,2,Lotus,dgzin,LOUD,Neon,1.52,328,28,18,4,10,79,222,48,6,1,5,LOUD,Sentinels,13.0,11.0,1.0,2.0
https://www.vlr.gg/459538/sentinels-vs-loud-champions-tour-2025-americas-stage-1-w4,2,Lotus,lukxo,LOUD,Vyse,1.29,258,22,17,6,5,71,178,35,5,1,4,LOUD,Sentinels,13.0,11.0,1.0,2.0
https://www.vlr.gg/459538/sentinels-vs-loud-champions-tour-2025-americas-stage-1-w4,2,Lotus,cauanzin,LOUD,Tejo,0.92,172,14,15,3,-1,67,109,19,0,3,-3,LOUD,Sentinels,13.0,11.0,1.0,2.0
https://www.vlr.gg/459538/sentinels-vs-loud-champions-tour-2025-americas-stage-1-w4,2,Lotus,tuyz,LOUD,Breach,0.79,116,9,14,10,-5,67,70,25,0,2,-2,LOUD,Sentinels,13.0,11.0,1.0,2.0
https://www.vlr.gg/459538/sentinels-vs-loud-champions-tour-2025-americas-stage-1-w4,2,Lotus,pANcada,LOUD,Omen,0.6,122,9,16,9,-7,71,82,32,3,3,0,LOUD,Sentinels,13.0,11.0,1.0,2.0
https://www.vlr.gg/459538/sentinels-vs-loud-champions-tour-2025-americas-stage-1-w4,3,Haven,N4RRATE,SEN,Sova,1.76,313,18,9,10,9,83,219,25,2,1,1,Sentinels,Sentinels,5.0,13.0,1.0,2.0
https://www.vlr.gg/459538/sentinels-vs-loud-champions-tour-2025-americas-stage-1-w4,3,Haven,johnqt,SEN,Breach,1.59,195,17,6,5,11,78,116,26,0,1,-1,Sentinels,Sentinels,5.0,13.0,1.0,2.0
https://www.vlr.gg/459538/sentinels-vs-loud-champions-tour-2025-americas-stage-1-w4,3,Haven,Zellsis,SEN,Cypher,1.35,311,19,13,5,6,72,203,27,6,3,3,Sentinels,Sentinels,5.0,13.0,1.0,2.0
https://www.vlr.gg/459538/sentinels-vs-loud-champions-tour-2025-americas-stage-1-w4,3,Haven,zekken,SEN,Neon,0.95,158,11,11,8,0,83,93,16,1,2,-1,Sentinels,Sentinels,5.0,13.0,1.0,2.0
https://www.vlr.gg/459538/sentinels-vs-loud-champions-tour-2025-americas-stage-1-w4,3,Haven,bang,SEN,Omen,0.81,121,7,10,7,-3,83,75,21,1,1,0,Sentinels,Sentinels,5.0,13.0,1.0,2.0
https://www.vlr.gg/459538/sentinels-vs-loud-champions-tour-2025-americas-stage-1-w4,3,Haven,lukxo,LOUD,Cypher,1.17,303,18,15,3,3,61,198,25,3,1,2,Sentinels,Sentinels,5.0,13.0,1.0,2.0
https://www.vlr.gg/459538/sentinels-vs-loud-champions-tour-2025-americas-stage-1-w4,3,Haven,dgzin,LOUD,Neon,0.68,158,11,15,2,-4,56,91,24,4,3,1,Sentinels,Sentinels,5.0,13.0,1.0,2.0
https://www.vlr.gg/459538/sentinels-vs-loud-champions-tour-2025-americas-stage-1-w4,3,Haven,tuyz,LOUD,Breach,0.67,103,7,13,7,-6,67,79,44,0,2,-2,Sentinels,Sentinels,5.0,13.0,1.0,2.0
https://www.vlr.gg/459538/sentinels-vs-loud-champions-tour-2025-americas-stage-1-w4,3,Haven,pANcada,LOUD,Omen,0.64,155,10,15,3,-5,61,107,28,1,2,-1,Sentinels,Sentinels,5.0,13.0,1.0,2.0
https://www.vlr.gg/459538/sentinels-vs-loud-champions-tour-2025-americas-stage-1-w4,3,Haven,cauanzin,LOUD,Tejo,0.43,77,3,14,4,-11,50,69,12,0,2,-2,Sentinels,Sentinels,5.0,13.0,1.0,2.0
https://www.vlr.gg/459539/kr-esports-vs-evil-geniuses-champions-tour-2025-americas-stage-1-w4,0,Lotus,Mazino,KRÜ,Breach,1.24,260,15,15,7,0,76,144,30,1,0,1,Evil Geniuses,VISA KRÜ(KRÜ Esports),13.0,4.0,2.0,0.0
https://www.vlr.gg/459539/kr-esports-vs-evil-geniuses-champions-tour-2025-americas-stage-1-w4,0,Lotus,Shyy,KRÜ,Vyse,0.87,148,10,12,0,-2,53,104,38,0,1,-1,Evil Geniuses,VISA KRÜ(KRÜ Esports),13.0,4.0,2.0,0.0
https://www.vlr.gg/459539/kr-esports-vs-evil-geniuses-champions-tour-2025-americas-stage-1-w4,0,Lotus,keznit,KRÜ,Yoru,0.4,140,6,16,4,-10,41,101,29,3,4,-1,Evil Geniuses,VISA KRÜ(KRÜ Esports),13.0,4.0,2.0,0.0
https://www.vlr.gg/459539/kr-esports-vs-evil-geniuses-champions-tour-2025-americas-stage-1-w4,0,Lotus,Melser,KRÜ,Omen,0.39,103,5,14,4,-9,53,69,28,2,4,-2,Evil Geniuses,VISA KRÜ(KRÜ Esports),13.0,4.0,2.0,0.0
https://www.vlr.gg/459539/kr-esports-vs-evil-geniuses-champions-tour-2025-americas-stage-1-w4,0,Lotus,adverso,KRÜ,Tejo,0.35,141,7,16,2,-9,53,100,24,0,2,-2,Evil Geniuses,VISA KRÜ(KRÜ Esports),13.0,4.0,2.0,0.0
https://www.vlr.gg/459539/kr-esports-vs-evil-geniuses-champions-tour-2025-americas-stage-1-w4,0,Lotus,supamen,EG,Viper,2.1,301,22,5,3,17,88,194,48,1,0,1,Evil Geniuses,VISA KRÜ(KRÜ Esports),13.0,4.0,2.0,0.0
https://www.vlr.gg/459539/kr-esports-vs-evil-geniuses-champions-tour-2025-americas-stage-1-w4,0,Lotus,icy,EG,Raze,1.36,251,15,8,2,7,82,163,29,4,4,0,Evil Geniuses,VISA KRÜ(KRÜ Esports),13.0,4.0,2.0,0.0
https://www.vlr.gg/459539/kr-esports-vs-evil-geniuses-champions-tour-2025-americas-stage-1-w4,0,Lotus,NaturE,EG,Fade,1.26,251,16,10,9,6,88,145,24,2,0,2,Evil Geniuses,VISA KRÜ(KRÜ Esports),13.0,4.0,2.0,0.0
https://www.vlr.gg/459539/kr-esports-vs-evil-geniuses-champions-tour-2025-americas-stage-1-w4,0,Lotus,Derrek,EG,Tejo,1.21,233,13,10,6,3,88,150,26,2,0,2,Evil Geniuses,VISA KRÜ(KRÜ Esports),13.0,4.0,2.0,0.0
https://www.vlr.gg/459539/kr-esports-vs-evil-geniuses-champions-tour-2025-americas-stage-1-w4,0,Lotus,yay,EG,Clove,0.7,110,7,10,6,-3,76,64,25,2,2,0,Evil Geniuses,VISA KRÜ(KRÜ Esports),13.0,4.0,2.0,0.0
https://www.vlr.gg/459539/kr-esports-vs-evil-geniuses-champions-tour-2025-americas-stage-1-w4,1,AllMaps,Mazino,KRÜ,Breach,1.16,254,32,33,11,-1,70,145,27,4,4,0,Evil Geniuses,VISA KRÜ(KRÜ Esports),26.0,11.0,2.0,0.0
https://www.vlr.gg/459539/kr-esports-vs-evil-geniuses-champions-tour-2025-americas-stage-1-w4,1,AllMaps,Shyy,KRÜ,Vyse,0.86,176,24,29,5,-5,59,120,35,1,3,-2,Evil Geniuses,VISA KRÜ(KRÜ Esports),26.0,11.0,2.0,0.0
https://www.vlr.gg/459539/kr-esports-vs-evil-geniuses-champions-tour-2025-americas-stage-1-w4,1,AllMaps,keznit,KRÜ,Yoru,0.69,180,22,35,10,-13,59,129,33,6,7,-1,Evil Geniuses,VISA KRÜ(KRÜ Esports),26.0,11.0,2.0,0.0
https://www.vlr.gg/459539/kr-esports-vs-evil-geniuses-champions-tour-2025-americas-stage-1-w4,1,AllMaps,Melser,KRÜ,Omen,0.65,133,17,30,12,-13,59,96,27,4,5,-1,Evil Geniuses,VISA KRÜ(KRÜ Esports),26.0,11.0,2.0,0.0
https://www.vlr.gg/459539/kr-esports-vs-evil-geniuses-champions-tour-2025-americas-stage-1-w4,1,AllMaps,adverso,KRÜ,Tejo,0.62,151,19,31,7,-12,65,104,25,1,2,-1,Evil Geniuses,VISA KRÜ(KRÜ Esports),26.0,11.0,2.0,0.0
https://www.vlr.gg/459539/kr-esports-vs-evil-geniuses-champions-tour-2025-americas-stage-1-w4,1,AllMaps,supamen,EG,Viper,1.66,281,43,19,10,24,78,178,43,2,1,1,Evil Geniuses,VISA KRÜ(KRÜ Esports),26.0,11.0,2.0,0.0
https://www.vlr.gg/459539/kr-esports-vs-evil-geniuses-champions-tour-2025-americas-stage-1-w4,1,AllMaps,Derrek,EG,Tejo,1.2,231,30,23,8,7,78,157,25,2,1,1,Evil Geniuses,VISA KRÜ(KRÜ Esports),26.0,11.0,2.0,0.0
https://www.vlr.gg/459539/kr-esports-vs-evil-geniuses-champions-tour-2025-americas-stage-1-w4,1,AllMaps,NaturE,EG,Fade,1.19,247,32,23,18,9,78,159,22,2,2,0,Evil Geniuses,VISA KRÜ(KRÜ Esports),26.0,11.0,2.0,0.0
https://www.vlr.gg/459539/kr-esports-vs-evil-geniuses-champions-tour-2025-americas-stage-1-w4,1,AllMaps,icy,EG,Raze,1.08,245,32,24,7,8,84,155,25,9,9,0,Evil Geniuses,VISA KRÜ(KRÜ Esports),26.0,11.0,2.0,0.0
https://www.vlr.gg/459539/kr-esports-vs-evil-geniuses-champions-tour-2025-americas-stage-1-w4,1,AllMaps,yay,EG,Clove,0.75,143,21,25,7,-4,70,91,39,6,3,3,Evil Geniuses,VISA KRÜ(KRÜ Esports),26.0,11.0,2.0,0.0
https://www.vlr.gg/459539/kr-esports-vs-evil-geniuses-champions-tour-2025-americas-stage-1-w4,2,Pearl,Mazino,KRÜ,Vyse,1.09,247,17,18,4,-1,65,147,24,3,4,-1,Evil Geniuses,VISA KRÜ(KRÜ Esports),13.0,7.0,2.0,0.0
https://www.vlr.gg/459539/kr-esports-vs-evil-geniuses-champions-tour-2025-americas-stage-1-w4,2,Pearl,keznit,KRÜ,Yoru,0.94,220,16,19,6,-3,75,152,37,3,3,0,Evil Geniuses,VISA KRÜ(KRÜ Esports),13.0,7.0,2.0,0.0
https://www.vlr.gg/459539/kr-esports-vs-evil-geniuses-champions-tour-2025-americas-stage-1-w4,2,Pearl,Melser,KRÜ,Astra,0.88,162,12,16,8,-4,65,119,26,2,1,1,Evil Geniuses,VISA KRÜ(KRÜ Esports),13.0,7.0,2.0,0.0
https://www.vlr.gg/459539/kr-esports-vs-evil-geniuses-champions-tour-2025-americas-stage-1-w4,2,Pearl,Shyy,KRÜ,Chamber,0.85,203,14,17,5,-3,65,133,32,1,2,-1,Evil Geniuses,VISA KRÜ(KRÜ Esports),13.0,7.0,2.0,0.0
https://www.vlr.gg/459539/kr-esports-vs-evil-geniuses-champions-tour-2025-americas-stage-1-w4,2,Pearl,adverso,KRÜ,Sova,0.85,161,12,15,5,-3,75,108,27,1,0,1,Evil Geniuses,VISA KRÜ(KRÜ Esports),13.0,7.0,2.0,0.0
https://www.vlr.gg/459539/kr-esports-vs-evil-geniuses-champions-tour-2025-americas-stage-1-w4,2,Pearl,supamen,EG,Astra,1.29,260,21,14,7,7,70,164,40,1,1,0,Evil Geniuses,VISA KRÜ(KRÜ Esports),13.0,7.0,2.0,0.0
https://www.vlr.gg/459539/kr-esports-vs-evil-geniuses-champions-tour-2025-americas-stage-1-w4,2,Pearl,Derrek,EG,Tejo,1.18,228,17,13,2,4,70,163,24,0,1,-1,Evil Geniuses,VISA KRÜ(KRÜ Esports),13.0,7.0,2.0,0.0
https://www.vlr.gg/459539/kr-esports-vs-evil-geniuses-champions-tour-2025-americas-stage-1-w4,2,Pearl,NaturE,EG,Vyse,1.13,242,16,13,9,3,70,172,21,0,2,-2,Evil Geniuses,VISA KRÜ(KRÜ Esports),13.0,7.0,2.0,0.0
https://www.vlr.gg/459539/kr-esports-vs-evil-geniuses-champions-tour-2025-americas-stage-1-w4,2,Pearl,icy,EG,Yoru,0.85,238,17,16,5,1,85,148,23,5,5,0,Evil Geniuses,VISA KRÜ(KRÜ Esports),13.0,7.0,2.0,0.0
https://www.vlr.gg/459539/kr-esports-vs-evil-geniuses-champions-tour-2025-americas-stage-1-w4,2,Pearl,yay,EG,Jett,0.79,175,14,15,1,-1,65,114,56,4,1,3,Evil Geniuses,VISA KRÜ(KRÜ Esports),13.0,7.0,2.0,0.0
https://www.vlr.gg/459543/sentinels-vs-2game-esports-champions-tour-2025-americas-stage-1-w5,0,Haven,bang,SEN,Omen,1.95,355,22,8,10,14,88,209,40,5,2,3,Sentinels,Sentinels,4.0,13.0,0.0,2.0
https://www.vlr.gg/459543/sentinels-vs-2game-esports-champions-tour-2025-americas-stage-1-w5,0,Haven,zekken,SEN,Neon,1.74,313,20,7,5,13,88,209,43,3,2,1,Sentinels,Sentinels,4.0,13.0,0.0,2.0
https://www.vlr.gg/459543/sentinels-vs-2game-esports-champions-tour-2025-americas-stage-1-w5,0,Haven,johnqt,SEN,Breach,1.69,218,13,6,21,7,94,142,29,1,1,0,Sentinels,Sentinels,4.0,13.0,0.0,2.0
https://www.vlr.gg/459543/sentinels-vs-2game-esports-champions-tour-2025-americas-stage-1-w5,0,Haven,N4RRATE,SEN,Sova,1.02,148,9,8,3,1,82,94,21,2,0,2,Sentinels,Sentinels,4.0,13.0,0.0,2.0
https://www.vlr.gg/459543/sentinels-vs-2game-esports-champions-tour-2025-americas-stage-1-w5,0,Haven,Zellsis,SEN,Cypher,0.98,155,9,9,9,0,76,97,20,1,0,1,Sentinels,Sentinels,4.0,13.0,0.0,2.0
https://www.vlr.gg/459543/sentinels-vs-2game-esports-champions-tour-2025-americas-stage-1-w5,0,Haven,silentzz,2G,Iso,0.62,170,9,14,2,-5,47,122,44,0,3,-3,Sentinels,Sentinels,4.0,13.0,0.0,2.0
https://www.vlr.gg/459543/sentinels-vs-2game-esports-champions-tour-2025-americas-stage-1-w5,0,Haven,gobera,2G,Cypher,0.6,196,10,16,2,-6,41,120,41,1,3,-2,Sentinels,Sentinels,4.0,13.0,0.0,2.0
https://www.vlr.gg/459543/sentinels-vs-2game-esports-champions-tour-2025-americas-stage-1-w5,0,Haven,PxS,2G,Sova,0.52,127,7,15,1,-8,53,81,44,2,1,1,Sentinels,Sentinels,4.0,13.0,0.0,2.0
https://www.vlr.gg/459543/sentinels-vs-2game-esports-champions-tour-2025-americas-stage-1-w5,0,Haven,Askia,2G,Yoru,0.51,105,7,14,0,-7,47,75,31,2,2,0,Sentinels,Sentinels,4.0,13.0,0.0,2.0
https://www.vlr.gg/459543/sentinels-vs-2game-esports-champions-tour-2025-americas-stage-1-w5,0,Haven,lz,2G,Omen,0.41,102,5,14,4,-9,53,70,35,0,3,-3,Sentinels,Sentinels,4.0,13.0,0.0,2.0
https://www.vlr.gg/459543/sentinels-vs-2game-esports-champions-tour-2025-americas-stage-1-w5,1,AllMaps,zekken,SEN,Neon,1.9,349,46,18,10,28,91,229,34,9,2,7,Sentinels,Sentinels,9.0,26.0,0.0,2.0
https://www.vlr.gg/459543/sentinels-vs-2game-esports-champions-tour-2025-americas-stage-1-w5,1,AllMaps,bang,SEN,Omen,1.58,268,35,19,18,16,86,163,38,5,3,2,Sentinels,Sentinels,9.0,26.0,0.0,2.0
https://www.vlr.gg/459543/sentinels-vs-2game-esports-champions-tour-2025-americas-stage-1-w5,1,AllMaps,johnqt,SEN,Breach,1.39,179,22,14,26,8,91,126,33,2,1,1,Sentinels,Sentinels,9.0,26.0,0.0,2.0
https://www.vlr.gg/459543/sentinels-vs-2game-esports-champions-tour-2025-americas-stage-1-w5,1,AllMaps,N4RRATE,SEN,Sova,1.13,190,22,20,15,2,83,122,16,5,3,2,Sentinels,Sentinels,9.0,26.0,0.0,2.0
https://www.vlr.gg/459543/sentinels-vs-2game-esports-champions-tour-2025-americas-stage-1-w5,1,AllMaps,Zellsis,SEN,Cypher,0.83,156,19,23,14,-4,74,99,21,2,3,-1,Sentinels,Sentinels,9.0,26.0,0.0,2.0
https://www.vlr.gg/459543/sentinels-vs-2game-esports-champions-tour-2025-americas-stage-1-w5,1,AllMaps,Askia,2G,Yoru,0.76,166,21,28,3,-7,54,112,35,5,3,2,Sentinels,Sentinels,9.0,26.0,0.0,2.0
https://www.vlr.gg/459543/sentinels-vs-2game-esports-champions-tour-2025-americas-stage-1-w5,1,AllMaps,PxS,2G,Sova,0.73,152,19,28,5,-9,66,105,32,3,4,-1,Sentinels,Sentinels,9.0,26.0,0.0,2.0
https://www.vlr.gg/459543/sentinels-vs-2game-esports-champions-tour-2025-americas-stage-1-w5,1,AllMaps,gobera,2G,Cypher,0.67,189,21,31,4,-10,57,127,41,1,4,-3,Sentinels,Sentinels,9.0,26.0,0.0,2.0
https://www.vlr.gg/459543/sentinels-vs-2game-esports-champions-tour-2025-americas-stage-1-w5,1,AllMaps,silentzz,2G,Iso,0.62,161,18,29,9,-11,57,115,40,1,7,-6,Sentinels,Sentinels,9.0,26.0,0.0,2.0
https://www.vlr.gg/459543/sentinels-vs-2game-esports-champions-tour-2025-americas-stage-1-w5,1,AllMaps,lz,2G,Omen,0.54,142,15,28,17,-13,66,88,38,2,5,-3,Sentinels,Sentinels,9.0,26.0,0.0,2.0
https://www.vlr.gg/459543/sentinels-vs-2game-esports-champions-tour-2025-americas-stage-1-w5,2,Pearl,zekken,SEN,Yoru,2.06,384,26,11,5,15,94,247,28,6,0,6,Sentinels,Sentinels,5.0,13.0,0.0,2.0
https://www.vlr.gg/459543/sentinels-vs-2game-esports-champions-tour-2025-americas-stage-1-w5,2,Pearl,bang,SEN,Astra,1.23,181,13,11,8,2,83,121,34,0,1,-1,Sentinels,Sentinels,5.0,13.0,0.0,2.0
https://www.vlr.gg/459543/sentinels-vs-2game-esports-champions-tour-2025-americas-stage-1-w5,2,Pearl,N4RRATE,SEN,Fade,1.22,231,13,12,12,1,83,149,14,3,3,0,Sentinels,Sentinels,5.0,13.0,0.0,2.0
https://www.vlr.gg/459543/sentinels-vs-2game-esports-champions-tour-2025-americas-stage-1-w5,2,Pearl,johnqt,SEN,Tejo,1.11,139,9,8,5,1,89,112,39,1,0,1,Sentinels,Sentinels,5.0,13.0,0.0,2.0
https://www.vlr.gg/459543/sentinels-vs-2game-esports-champions-tour-2025-americas-stage-1-w5,2,Pearl,Zellsis,SEN,Vyse,0.69,156,10,14,5,-4,72,102,23,1,3,-2,Sentinels,Sentinels,5.0,13.0,0.0,2.0
https://www.vlr.gg/459543/sentinels-vs-2game-esports-champions-tour-2025-americas-stage-1-w5,2,Pearl,Askia,2G,Yoru,1.01,226,14,14,3,0,61,146,36,3,1,2,Sentinels,Sentinels,5.0,13.0,0.0,2.0
https://www.vlr.gg/459543/sentinels-vs-2game-esports-champions-tour-2025-americas-stage-1-w5,2,Pearl,PxS,2G,Fade,0.93,176,12,13,4,-1,78,129,24,1,3,-2,Sentinels,Sentinels,5.0,13.0,0.0,2.0
https://www.vlr.gg/459543/sentinels-vs-2game-esports-champions-tour-2025-americas-stage-1-w5,2,Pearl,gobera,2G,Tejo,0.75,181,11,15,2,-4,72,134,41,0,1,-1,Sentinels,Sentinels,5.0,13.0,0.0,2.0
https://www.vlr.gg/459543/sentinels-vs-2game-esports-champions-tour-2025-americas-stage-1-w5,2,Pearl,lz,2G,Astra,0.67,181,10,14,13,-4,78,104,41,2,2,0,Sentinels,Sentinels,5.0,13.0,0.0,2.0
https://www.vlr.gg/459543/sentinels-vs-2game-esports-champions-tour-2025-americas-stage-1-w5,2,Pearl,silentzz,2G,Vyse,0.61,152,9,15,7,-6,67,109,37,1,4,-3,Sentinels,Sentinels,5.0,13.0,0.0,2.0
https://www.vlr.gg/459544/kr-esports-vs-100-thieves-champions-tour-2025-americas-stage-1-w5,0,Fracture,Mazino,KRÜ,Breach,1.21,237,21,16,9,5,87,154,32,0,2,-2,VISA KRÜ(KRÜ Esports),VISA KRÜ(KRÜ Esports),10.0,13.0,0.0,2.0
https://www.vlr.gg/459544/kr-esports-vs-100-thieves-champions-tour-2025-americas-stage-1-w5,0,Fracture,Melser,KRÜ,Brimstone,1.11,214,17,15,5,2,74,141,33,3,1,2,VISA KRÜ(KRÜ Esports),VISA KRÜ(KRÜ Esports),10.0,13.0,0.0,2.0
https://www.vlr.gg/459544/kr-esports-vs-100-thieves-champions-tour-2025-americas-stage-1-w5,0,Fracture,Shyy,KRÜ,Vyse,1.1,203,17,14,2,3,61,142,29,2,2,0,VISA KRÜ(KRÜ Esports),VISA KRÜ(KRÜ Esports),10.0,13.0,0.0,2.0
https://www.vlr.gg/459544/kr-esports-vs-100-thieves-champions-tour-2025-americas-stage-1-w5,0,Fracture,keznit,KRÜ,Neon,1.0,223,18,18,3,0,65,146,24,6,5,1,VISA KRÜ(KRÜ Esports),VISA KRÜ(KRÜ Esports),10.0,13.0,0.0,2.0
https://www.vlr.gg/459544/kr-esports-vs-100-thieves-champions-tour-2025-americas-stage-1-w5,0,Fracture,adverso,KRÜ,Tejo,0.82,140,10,16,8,-6,78,107,17,0,2,-2,VISA KRÜ(KRÜ Esports),VISA KRÜ(KRÜ Esports),10.0,13.0,0.0,2.0
https://www.vlr.gg/459544/kr-esports-vs-100-thieves-champions-tour-2025-americas-stage-1-w5,0,Fracture,eeiu,100T,Tejo,1.31,190,17,13,4,4,87,153,36,1,1,0,VISA KRÜ(KRÜ Esports),VISA KRÜ(KRÜ Esports),10.0,13.0,0.0,2.0
https://www.vlr.gg/459544/kr-esports-vs-100-thieves-champions-tour-2025-americas-stage-1-w5,0,Fracture,Cryocells,100T,Chamber,0.96,206,17,15,3,2,78,137,45,2,2,0,VISA KRÜ(KRÜ Esports),VISA KRÜ(KRÜ Esports),10.0,13.0,0.0,2.0
https://www.vlr.gg/459544/kr-esports-vs-100-thieves-champions-tour-2025-americas-stage-1-w5,0,Fracture,zander,100T,Brimstone,0.95,179,14,16,9,-2,74,118,23,2,4,-2,VISA KRÜ(KRÜ Esports),VISA KRÜ(KRÜ Esports),10.0,13.0,0.0,2.0
https://www.vlr.gg/459544/kr-esports-vs-100-thieves-champions-tour-2025-americas-stage-1-w5,0,Fracture,Asuna,100T,Neon,0.9,261,20,21,4,-1,65,168,26,7,4,3,VISA KRÜ(KRÜ Esports),VISA KRÜ(KRÜ Esports),10.0,13.0,0.0,2.0
https://www.vlr.gg/459544/kr-esports-vs-100-thieves-champions-tour-2025-americas-stage-1-w5,0,Fracture,Boostio,100T,Breach,0.81,158,11,18,20,-7,78,91,18,0,0,0,VISA KRÜ(KRÜ Esports),VISA KRÜ(KRÜ Esports),10.0,13.0,0.0,2.0
https://www.vlr.gg/459544/kr-esports-vs-100-thieves-champions-tour-2025-americas-stage-1-w5,1,AllMaps,Shyy,KRÜ,Vyse,1.23,235,38,27,4,11,71,150,32,4,4,0,VISA KRÜ(KRÜ Esports),VISA KRÜ(KRÜ Esports),19.0,26.0,0.0,2.0
https://www.vlr.gg/459544/kr-esports-vs-100-thieves-champions-tour-2025-americas-stage-1-w5,1,AllMaps,adverso,KRÜ,Tejo,1.04,183,28,27,10,1,73,127,19,3,4,-1,VISA KRÜ(KRÜ Esports),VISA KRÜ(KRÜ Esports),19.0,26.0,0.0,2.0
https://www.vlr.gg/459544/kr-esports-vs-100-thieves-champions-tour-2025-americas-stage-1-w5,1,AllMaps,keznit,KRÜ,Neon,1.02,235,38,33,4,5,69,157,25,10,8,2,VISA KRÜ(KRÜ Esports),VISA KRÜ(KRÜ Esports),19.0,26.0,0.0,2.0
https://www.vlr.gg/459544/kr-esports-vs-100-thieves-champions-tour-2025-americas-stage-1-w5,1,AllMaps,Melser,KRÜ,Brimstone,1.01,204,32,29,7,3,78,125,29,5,2,3,VISA KRÜ(KRÜ Esports),VISA KRÜ(KRÜ Esports),19.0,26.0,0.0,2.0
https://www.vlr.gg/459544/kr-esports-vs-100-thieves-champions-tour-2025-americas-stage-1-w5,1,AllMaps,Mazino,KRÜ,Breach,0.97,196,33,32,13,1,82,133,28,2,3,-1,VISA KRÜ(KRÜ Esports),VISA KRÜ(KRÜ Esports),19.0,26.0,0.0,2.0
https://www.vlr.gg/459544/kr-esports-vs-100-thieves-champions-tour-2025-americas-stage-1-w5,1,AllMaps,eeiu,100T,Tejo,1.3,207,34,27,12,7,87,149,31,2,1,1,VISA KRÜ(KRÜ Esports),VISA KRÜ(KRÜ Esports),19.0,26.0,0.0,2.0
https://www.vlr.gg/459544/kr-esports-vs-100-thieves-champions-tour-2025-americas-stage-1-w5,1,AllMaps,Cryocells,100T,Chamber,1.0,201,34,32,6,2,71,140,39,5,5,0,VISA KRÜ(KRÜ Esports),VISA KRÜ(KRÜ Esports),19.0,26.0,0.0,2.0
https://www.vlr.gg/459544/kr-esports-vs-100-thieves-champions-tour-2025-americas-stage-1-w5,1,AllMaps,Asuna,100T,Neon,0.99,243,38,39,7,-1,62,158,27,8,8,0,VISA KRÜ(KRÜ Esports),VISA KRÜ(KRÜ Esports),19.0,26.0,0.0,2.0
https://www.vlr.gg/459544/kr-esports-vs-100-thieves-champions-tour-2025-americas-stage-1-w5,1,AllMaps,zander,100T,Brimstone,0.88,171,24,33,19,-9,71,113,21,6,6,0,VISA KRÜ(KRÜ Esports),VISA KRÜ(KRÜ Esports),19.0,26.0,0.0,2.0
https://www.vlr.gg/459544/kr-esports-vs-100-thieves-champions-tour-2025-americas-stage-1-w5,1,AllMaps,Boostio,100T,Breach,0.56,129,18,38,23,-20,64,87,21,0,4,-4,VISA KRÜ(KRÜ Esports),VISA KRÜ(KRÜ Esports),19.0,26.0,0.0,2.0
https://www.vlr.gg/459544/kr-esports-vs-100-thieves-champions-tour-2025-americas-stage-1-w5,2,Icebox,Shyy,KRÜ,Killjoy,1.37,266,21,13,2,8,82,158,35,2,2,0,VISA KRÜ(KRÜ Esports),VISA KRÜ(KRÜ Esports),9.0,13.0,0.0,2.0
https://www.vlr.gg/459544/kr-esports-vs-100-thieves-champions-tour-2025-americas-stage-1-w5,2,Icebox,adverso,KRÜ,Sova,1.28,225,18,11,2,7,68,149,21,3,2,1,VISA KRÜ(KRÜ Esports),VISA KRÜ(KRÜ Esports),9.0,13.0,0.0,2.0
https://www.vlr.gg/459544/kr-esports-vs-100-thieves-champions-tour-2025-americas-stage-1-w5,2,Icebox,keznit,KRÜ,Jett,1.04,246,20,15,1,5,73,169,27,4,3,1,VISA KRÜ(KRÜ Esports),VISA KRÜ(KRÜ Esports),9.0,13.0,0.0,2.0
https://www.vlr.gg/459544/kr-esports-vs-100-thieves-champions-tour-2025-americas-stage-1-w5,2,Icebox,Melser,KRÜ,Viper,0.9,193,15,14,2,1,82,109,26,2,1,1,VISA KRÜ(KRÜ Esports),VISA KRÜ(KRÜ Esports),9.0,13.0,0.0,2.0
https://www.vlr.gg/459544/kr-esports-vs-100-thieves-champions-tour-2025-americas-stage-1-w5,2,Icebox,Mazino,KRÜ,Harbor,0.72,154,12,16,4,-4,77,111,23,2,1,1,VISA KRÜ(KRÜ Esports),VISA KRÜ(KRÜ Esports),9.0,13.0,0.0,2.0
https://www.vlr.gg/459544/kr-esports-vs-100-thieves-champions-tour-2025-americas-stage-1-w5,2,Icebox,eeiu,100T,Sova,1.28,223,17,14,8,3,86,146,27,1,0,1,VISA KRÜ(KRÜ Esports),VISA KRÜ(KRÜ Esports),9.0,13.0,0.0,2.0
https://www.vlr.gg/459544/kr-esports-vs-100-thieves-champions-tour-2025-americas-stage-1-w5,2,Icebox,Asuna,100T,Gekko,1.08,224,18,18,3,0,59,148,29,1,4,-3,VISA KRÜ(KRÜ Esports),VISA KRÜ(KRÜ Esports),9.0,13.0,0.0,2.0
https://www.vlr.gg/459544/kr-esports-vs-100-thieves-champions-tour-2025-americas-stage-1-w5,2,Icebox,Cryocells,100T,Jett,1.03,195,17,17,3,0,64,144,33,3,3,0,VISA KRÜ(KRÜ Esports),VISA KRÜ(KRÜ Esports),9.0,13.0,0.0,2.0
https://www.vlr.gg/459544/kr-esports-vs-100-thieves-champions-tour-2025-americas-stage-1-w5,2,Icebox,zander,100T,Viper,0.8,163,10,17,10,-7,68,107,18,4,2,2,VISA KRÜ(KRÜ Esports),VISA KRÜ(KRÜ Esports),9.0,13.0,0.0,2.0
https://www.vlr.gg/459544/kr-esports-vs-100-thieves-champions-tour-2025-americas-stage-1-w5,2,Icebox,Boostio,100T,Killjoy,0.3,100,7,20,3,-13,50,84,26,0,4,-4,VISA KRÜ(KRÜ Esports),VISA KRÜ(KRÜ Esports),9.0,13.0,0.0,2.0
https://www.vlr.gg/459545/evil-geniuses-vs-loud-champions-tour-2025-americas-stage-1-w5,0,Lotus,supamen,EG,Viper,1.15,255,23,17,2,6,67,163,52,3,0,3,LOUD,Evil Geniuses,13.0,11.0,1.0,2.0
https://www.vlr.gg/459545/evil-geniuses-vs-loud-champions-tour-2025-americas-stage-1-w5,0,Lotus,icy,EG,Raze,0.96,218,17,18,5,-1,83,158,28,2,3,-1,LOUD,Evil Geniuses,13.0,11.0,1.0,2.0
https://www.vlr.gg/459545/evil-geniuses-vs-loud-champions-tour-2025-americas-stage-1-w5,0,Lotus,yay,EG,Clove,0.7,215,19,23,3,-4,58,128,28,3,4,-1,LOUD,Evil Geniuses,13.0,11.0,1.0,2.0
https://www.vlr.gg/459545/evil-geniuses-vs-loud-champions-tour-2025-americas-stage-1-w5,0,Lotus,NaturE,EG,Fade,0.66,145,12,19,7,-7,58,101,22,1,3,-2,LOUD,Evil Geniuses,13.0,11.0,1.0,2.0
https://www.vlr.gg/459545/evil-geniuses-vs-loud-champions-tour-2025-americas-stage-1-w5,0,Lotus,Derrek,EG,Tejo,0.64,130,11,18,5,-7,58,97,21,1,4,-3,LOUD,Evil Geniuses,13.0,11.0,1.0,2.0
https://www.vlr.gg/459545/evil-geniuses-vs-loud-champions-tour-2025-americas-stage-1-w5,0,Lotus,pANcada,LOUD,Omen,1.77,313,27,13,11,14,79,209,35,6,1,5,LOUD,Evil Geniuses,13.0,11.0,1.0,2.0
https://www.vlr.gg/459545/evil-geniuses-vs-loud-champions-tour-2025-americas-stage-1-w5,0,Lotus,lukxo,LOUD,Vyse,1.36,313,27,18,5,9,63,190,34,3,1,2,LOUD,Evil Geniuses,13.0,11.0,1.0,2.0
https://www.vlr.gg/459545/evil-geniuses-vs-loud-champions-tour-2025-americas-stage-1-w5,0,Lotus,tuyz,LOUD,Breach,1.12,188,16,14,8,2,75,133,33,1,0,1,LOUD,Evil Geniuses,13.0,11.0,1.0,2.0
https://www.vlr.gg/459545/evil-geniuses-vs-loud-champions-tour-2025-americas-stage-1-w5,0,Lotus,cauanzin,LOUD,Tejo,0.63,152,13,19,4,-6,71,106,21,1,2,-1,LOUD,Evil Geniuses,13.0,11.0,1.0,2.0
https://www.vlr.gg/459545/evil-geniuses-vs-loud-champions-tour-2025-americas-stage-1-w5,0,Lotus,dgzin,LOUD,Neon,0.57,132,10,18,6,-8,58,74,19,3,6,-3,LOUD,Evil Geniuses,13.0,11.0,1.0,2.0
https://www.vlr.gg/459545/evil-geniuses-vs-loud-champions-tour-2025-americas-stage-1-w5,1,AllMaps,icy,EG,Raze,0.99,218,56,59,16,-3,78,152,28,9,13,-4,Evil Geniuses,Evil Geniuses,36.0,38.0,1.0,2.0
https://www.vlr.gg/459545/evil-geniuses-vs-loud-champions-tour-2025-americas-stage-1-w5,1,AllMaps,Derrek,EG,Tejo,0.99,173,46,49,17,-3,68,128,25,3,7,-4,Evil Geniuses,Evil Geniuses,36.0,38.0,1.0,2.0
https://www.vlr.gg/459545/evil-geniuses-vs-loud-champions-tour-2025-americas-stage-1-w5,1,AllMaps,yay,EG,Clove,0.95,224,59,61,11,-2,68,145,32,13,7,6,Evil Geniuses,Evil Geniuses,36.0,38.0,1.0,2.0
https://www.vlr.gg/459545/evil-geniuses-vs-loud-champions-tour-2025-americas-stage-1-w5,1,AllMaps,supamen,EG,Viper,0.95,201,55,53,13,2,70,126,40,8,4,4,Evil Geniuses,Evil Geniuses,36.0,38.0,1.0,2.0
https://www.vlr.gg/459545/evil-geniuses-vs-loud-champions-tour-2025-americas-stage-1-w5,1,AllMaps,NaturE,EG,Fade,0.79,159,39,55,23,-16,65,113,21,4,6,-2,Evil Geniuses,Evil Geniuses,36.0,38.0,1.0,2.0
https://www.vlr.gg/459545/evil-geniuses-vs-loud-champions-tour-2025-americas-stage-1-w5,1,AllMaps,pANcada,LOUD,Omen,1.51,275,75,45,32,30,81,187,33,12,3,9,Evil Geniuses,Evil Geniuses,36.0,38.0,1.0,2.0
https://www.vlr.gg/459545/evil-geniuses-vs-loud-champions-tour-2025-americas-stage-1-w5,1,AllMaps,lukxo,LOUD,Vyse,1.17,260,68,53,20,15,66,161,29,10,9,1,Evil Geniuses,Evil Geniuses,36.0,38.0,1.0,2.0
https://www.vlr.gg/459545/evil-geniuses-vs-loud-champions-tour-2025-americas-stage-1-w5,1,AllMaps,tuyz,LOUD,Breach,1.02,183,48,50,32,-2,77,121,32,3,1,2,Evil Geniuses,Evil Geniuses,36.0,38.0,1.0,2.0
https://www.vlr.gg/459545/evil-geniuses-vs-loud-champions-tour-2025-americas-stage-1-w5,1,AllMaps,cauanzin,LOUD,Tejo,0.83,172,44,54,15,-10,72,119,28,4,6,-2,Evil Geniuses,Evil Geniuses,36.0,38.0,1.0,2.0
https://www.vlr.gg/459545/evil-geniuses-vs-loud-champions-tour-2025-americas-stage-1-w5,1,AllMaps,dgzin,LOUD,Neon,0.68,153,40,53,13,-13,62,99,25,8,18,-10,Evil Geniuses,Evil Geniuses,36.0,38.0,1.0,2.0
https://www.vlr.gg/459545/evil-geniuses-vs-loud-champions-tour-2025-americas-stage-1-w5,2,Pearl,yay,EG,Jett,1.17,284,26,21,2,5,73,180,36,6,2,4,Evil Geniuses,Evil Geniuses,12.0,14.0,1.0,2.0
https://www.vlr.gg/459545/evil-geniuses-vs-loud-champions-tour-2025-americas-stage-1-w5,2,Pearl,supamen,EG,Astra,0.92,189,18,19,6,-1,73,114,49,3,1,2,Evil Geniuses,Evil Geniuses,12.0,14.0,1.0,2.0
https://www.vlr.gg/459545/evil-geniuses-vs-loud-champions-tour-2025-americas-stage-1-w5,2,Pearl,Derrek,EG,Tejo,0.88,135,13,17,5,-4,65,105,19,1,1,0,Evil Geniuses,Evil Geniuses,12.0,14.0,1.0,2.0
https://www.vlr.gg/459545/evil-geniuses-vs-loud-champions-tour-2025-americas-stage-1-w5,2,Pearl,NaturE,EG,Vyse,0.87,172,14,19,9,-5,73,123,21,2,2,0,Evil Geniuses,Evil Geniuses,12.0,14.0,1.0,2.0
https://www.vlr.gg/459545/evil-geniuses-vs-loud-champions-tour-2025-americas-stage-1-w5,2,Pearl,icy,EG,Yoru,0.82,196,17,22,6,-5,73,123,41,3,5,-2,Evil Geniuses,Evil Geniuses,12.0,14.0,1.0,2.0
https://www.vlr.gg/459545/evil-geniuses-vs-loud-champions-tour-2025-americas-stage-1-w5,2,Pearl,pANcada,LOUD,Astra,1.92,343,34,13,12,21,88,232,33,3,0,3,Evil Geniuses,Evil Geniuses,12.0,14.0,1.0,2.0
https://www.vlr.gg/459545/evil-geniuses-vs-loud-champions-tour-2025-americas-stage-1-w5,2,Pearl,cauanzin,LOUD,Tejo,0.91,199,17,19,8,-2,77,139,35,2,2,0,Evil Geniuses,Evil Geniuses,12.0,14.0,1.0,2.0
https://www.vlr.gg/459545/evil-geniuses-vs-loud-champions-tour-2025-americas-stage-1-w5,2,Pearl,lukxo,LOUD,Vyse,0.89,202,17,19,10,-2,62,130,27,1,4,-3,Evil Geniuses,Evil Geniuses,12.0,14.0,1.0,2.0
https://www.vlr.gg/459545/evil-geniuses-vs-loud-champions-tour-2025-americas-stage-1-w5,2,Pearl,tuyz,LOUD,Fade,0.87,164,16,19,10,-3,81,111,30,1,1,0,Evil Geniuses,Evil Geniuses,12.0,14.0,1.0,2.0
https://www.vlr.gg/459545/evil-geniuses-vs-loud-champions-tour-2025-americas-stage-1-w5,2,Pearl,dgzin,LOUD,Yoru,0.72,145,14,18,3,-4,62,95,36,4,8,-4,Evil Geniuses,Evil Geniuses,12.0,14.0,1.0,2.0
https://www.vlr.gg/459545/evil-geniuses-vs-loud-champions-tour-2025-americas-stage-1-w5,3,Split,Derrek,EG,Tejo,1.45,255,22,14,7,8,79,184,34,1,2,-1,Evil Geniuses,Evil Geniuses,11.0,13.0,1.0,2.0
https://www.vlr.gg/459545/evil-geniuses-vs-loud-champions-tour-2025-americas-stage-1-w5,3,Split,icy,EG,Raze,1.19,241,22,19,5,3,79,177,21,4,5,-1,Evil Geniuses,Evil Geniuses,11.0,13.0,1.0,2.0
https://www.vlr.gg/459545/evil-geniuses-vs-loud-champions-tour-2025-americas-stage-1-w5,3,Split,yay,EG,Astra,0.97,172,14,17,6,-3,71,123,34,4,1,3,Evil Geniuses,Evil Geniuses,11.0,13.0,1.0,2.0
https://www.vlr.gg/459545/evil-geniuses-vs-loud-champions-tour-2025-americas-stage-1-w5,3,Split,NaturE,EG,Breach,0.83,161,13,17,7,-4,63,116,20,1,1,0,Evil Geniuses,Evil Geniuses,11.0,13.0,1.0,2.0
https://www.vlr.gg/459545/evil-geniuses-vs-loud-champions-tour-2025-americas-stage-1-w5,3,Split,supamen,EG,Viper,0.79,159,14,17,5,-3,71,103,21,2,3,-1,Evil Geniuses,Evil Geniuses,11.0,13.0,1.0,2.0
https://www.vlr.gg/459545/evil-geniuses-vs-loud-champions-tour-2025-americas-stage-1-w5,3,Split,lukxo,LOUD,Viper,1.29,266,24,16,5,8,75,165,26,6,4,2,Evil Geniuses,Evil Geniuses,11.0,13.0,1.0,2.0
https://www.vlr.gg/459545/evil-geniuses-vs-loud-champions-tour-2025-americas-stage-1-w5,3,Split,tuyz,LOUD,Breach,1.07,197,16,17,14,-1,75,120,32,1,0,1,Evil Geniuses,Evil Geniuses,11.0,13.0,1.0,2.0
https://www.vlr.gg/459545/evil-geniuses-vs-loud-champions-tour-2025-americas-stage-1-w5,3,Split,cauanzin,LOUD,Tejo,0.94,165,14,16,3,-2,67,112,28,1,2,-1,Evil Geniuses,Evil Geniuses,11.0,13.0,1.0,2.0
https://www.vlr.gg/459545/evil-geniuses-vs-loud-champions-tour-2025-americas-stage-1-w5,3,Split,pANcada,LOUD,Omen,0.81,169,14,19,9,-5,75,117,29,3,2,1,Evil Geniuses,Evil Geniuses,11.0,13.0,1.0,2.0
https://www.vlr.gg/459545/evil-geniuses-vs-loud-champions-tour-2025-americas-stage-1-w5,3,Split,dgzin,LOUD,Jett,0.75,182,16,17,4,-1,67,126,20,1,4,-3,Evil Geniuses,Evil Geniuses,11.0,13.0,1.0,2.0
https://www.vlr.gg/459546/leviat-n-vs-nrg-esports-champions-tour-2025-americas-stage-1-w5,0,Fracture,Demon1,LEV,Brimstone,1.16,162,19,15,8,4,71,109,45,3,0,3,NRG,LEVIATÁN,15.0,13.0,2.0,0.0
https://www.vlr.gg/459546/leviat-n-vs-nrg-esports-champions-tour-2025-americas-stage-1-w5,0,Fracture,kiNgg,LEV,Neon,1.07,220,22,20,9,2,68,135,20,5,3,2,NRG,LEVIATÁN,15.0,13.0,2.0,0.0
https://www.vlr.gg/459546/leviat-n-vs-nrg-esports-champions-tour-2025-americas-stage-1-w5,0,Fracture,C0M,LEV,Tejo,0.97,161,14,16,7,-2,79,118,17,1,1,0,NRG,LEVIATÁN,15.0,13.0,2.0,0.0
https://www.vlr.gg/459546/leviat-n-vs-nrg-esports-champions-tour-2025-americas-stage-1-w5,0,Fracture,tex,LEV,Vyse,0.7,145,14,19,6,-5,64,108,25,1,6,-5,NRG,LEVIATÁN,15.0,13.0,2.0,0.0
https://www.vlr.gg/459546/leviat-n-vs-nrg-esports-champions-tour-2025-americas-stage-1-w5,0,Fracture,Rossy,LEV,Breach,0.66,163,15,21,10,-6,64,94,17,2,5,-3,NRG,LEVIATÁN,15.0,13.0,2.0,0.0
https://www.vlr.gg/459546/leviat-n-vs-nrg-esports-champions-tour-2025-americas-stage-1-w5,0,Fracture,mada,NRG,Raze,1.38,265,25,17,3,8,68,181,30,9,4,5,NRG,LEVIATÁN,15.0,13.0,2.0,0.0
https://www.vlr.gg/459546/leviat-n-vs-nrg-esports-champions-tour-2025-americas-stage-1-w5,0,Fracture,Ethan,NRG,Breach,1.32,244,24,18,11,6,75,157,25,1,1,0,NRG,LEVIATÁN,15.0,13.0,2.0,0.0
https://www.vlr.gg/459546/leviat-n-vs-nrg-esports-champions-tour-2025-americas-stage-1-w5,0,Fracture,s0m,NRG,Brimstone,1.07,161,14,15,15,-1,82,108,30,1,1,0,NRG,LEVIATÁN,15.0,13.0,2.0,0.0
https://www.vlr.gg/459546/leviat-n-vs-nrg-esports-champions-tour-2025-americas-stage-1-w5,0,Fracture,brawk,NRG,Tejo,1.04,180,19,16,8,3,79,123,17,3,4,-1,NRG,LEVIATÁN,15.0,13.0,2.0,0.0
https://www.vlr.gg/459546/leviat-n-vs-nrg-esports-champions-tour-2025-americas-stage-1-w5,0,Fracture,FiNESSE,NRG,Cypher,0.69,112,9,19,7,-10,64,78,14,2,3,-1,NRG,LEVIATÁN,15.0,13.0,2.0,0.0
https://www.vlr.gg/459546/leviat-n-vs-nrg-esports-champions-tour-2025-americas-stage-1-w5,1,AllMaps,kiNgg,LEV,Neon,1.08,216,38,35,13,3,69,138,30,6,5,1,NRG,LEVIATÁN,28.0,21.0,2.0,0.0
https://www.vlr.gg/459546/leviat-n-vs-nrg-esports-champions-tour-2025-americas-stage-1-w5,1,AllMaps,Demon1,LEV,Brimstone,1.02,186,35,32,11,3,71,122,40,8,3,5,NRG,LEVIATÁN,28.0,21.0,2.0,0.0
https://www.vlr.gg/459546/leviat-n-vs-nrg-esports-champions-tour-2025-americas-stage-1-w5,1,AllMaps,tex,LEV,Vyse,0.84,179,31,35,8,-4,71,128,30,1,8,-7,NRG,LEVIATÁN,28.0,21.0,2.0,0.0
https://www.vlr.gg/459546/leviat-n-vs-nrg-esports-champions-tour-2025-americas-stage-1-w5,1,AllMaps,C0M,LEV,Tejo,0.83,146,24,32,12,-8,82,101,20,2,4,-2,NRG,LEVIATÁN,28.0,21.0,2.0,0.0
https://www.vlr.gg/459546/leviat-n-vs-nrg-esports-champions-tour-2025-americas-stage-1-w5,1,AllMaps,Rossy,LEV,Breach,0.62,150,22,39,27,-17,69,94,18,4,7,-3,NRG,LEVIATÁN,28.0,21.0,2.0,0.0
https://www.vlr.gg/459546/leviat-n-vs-nrg-esports-champions-tour-2025-americas-stage-1-w5,1,AllMaps,mada,NRG,Raze,1.45,305,49,33,11,16,71,207,32,16,8,8,NRG,LEVIATÁN,28.0,21.0,2.0,0.0
https://www.vlr.gg/459546/leviat-n-vs-nrg-esports-champions-tour-2025-americas-stage-1-w5,1,AllMaps,Ethan,NRG,Breach,1.33,221,39,29,24,10,78,150,26,1,4,-3,NRG,LEVIATÁN,28.0,21.0,2.0,0.0
https://www.vlr.gg/459546/leviat-n-vs-nrg-esports-champions-tour-2025-americas-stage-1-w5,1,AllMaps,s0m,NRG,Brimstone,1.18,184,30,26,20,4,86,124,36,3,1,2,NRG,LEVIATÁN,28.0,21.0,2.0,0.0
https://www.vlr.gg/459546/leviat-n-vs-nrg-esports-champions-tour-2025-americas-stage-1-w5,1,AllMaps,brawk,NRG,Tejo,1.12,203,36,29,15,7,76,136,15,5,5,0,NRG,LEVIATÁN,28.0,21.0,2.0,0.0
https://www.vlr.gg/459546/leviat-n-vs-nrg-esports-champions-tour-2025-americas-stage-1-w5,1,AllMaps,FiNESSE,NRG,Cypher,0.67,113,19,34,11,-15,67,71,14,3,4,-1,NRG,LEVIATÁN,28.0,21.0,2.0,0.0
https://www.vlr.gg/459546/leviat-n-vs-nrg-esports-champions-tour-2025-americas-stage-1-w5,2,Icebox,kiNgg,LEV,Viper,1.09,211,16,15,4,1,71,142,45,1,2,-1,NRG,LEVIATÁN,13.0,8.0,2.0,0.0
https://www.vlr.gg/459546/leviat-n-vs-nrg-esports-champions-tour-2025-americas-stage-1-w5,2,Icebox,tex,LEV,Killjoy,1.03,212,17,16,2,1,81,155,35,0,2,-2,NRG,LEVIATÁN,13.0,8.0,2.0,0.0
https://www.vlr.gg/459546/leviat-n-vs-nrg-esports-champions-tour-2025-americas-stage-1-w5,2,Icebox,Demon1,LEV,Jett,0.84,209,16,17,3,-1,71,139,36,5,3,2,NRG,LEVIATÁN,13.0,8.0,2.0,0.0
https://www.vlr.gg/459546/leviat-n-vs-nrg-esports-champions-tour-2025-americas-stage-1-w5,2,Icebox,C0M,LEV,Tejo,0.64,131,10,16,5,-6,86,78,24,1,3,-2,NRG,LEVIATÁN,13.0,8.0,2.0,0.0
https://www.vlr.gg/459546/leviat-n-vs-nrg-esports-champions-tour-2025-americas-stage-1-w5,2,Icebox,Rossy,LEV,Kayo,0.56,136,7,18,17,-11,76,95,20,2,2,0,NRG,LEVIATÁN,13.0,8.0,2.0,0.0
https://www.vlr.gg/459546/leviat-n-vs-nrg-esports-champions-tour-2025-americas-stage-1-w5,2,Icebox,mada,NRG,Reyna,1.55,345,24,16,8,8,76,242,34,7,4,3,NRG,LEVIATÁN,13.0,8.0,2.0,0.0
https://www.vlr.gg/459546/leviat-n-vs-nrg-esports-champions-tour-2025-americas-stage-1-w5,2,Icebox,Ethan,NRG,Kayo,1.34,198,15,11,13,4,81,140,27,0,3,-3,NRG,LEVIATÁN,13.0,8.0,2.0,0.0
https://www.vlr.gg/459546/leviat-n-vs-nrg-esports-champions-tour-2025-americas-stage-1-w5,2,Icebox,s0m,NRG,Viper,1.33,206,16,11,5,5,90,146,44,2,0,2,NRG,LEVIATÁN,13.0,8.0,2.0,0.0
https://www.vlr.gg/459546/leviat-n-vs-nrg-esports-champions-tour-2025-americas-stage-1-w5,2,Icebox,brawk,NRG,Gekko,1.22,225,17,13,7,4,71,153,13,2,1,1,NRG,LEVIATÁN,13.0,8.0,2.0,0.0
https://www.vlr.gg/459546/leviat-n-vs-nrg-esports-champions-tour-2025-americas-stage-1-w5,2,Icebox,FiNESSE,NRG,Killjoy,0.64,113,10,15,4,-5,71,62,14,1,1,0,NRG,LEVIATÁN,13.0,8.0,2.0,0.0
https://www.vlr.gg/459542/mibr-vs-furia-champions-tour-2025-americas-stage-1-w5,0,Icebox,aspas,MIBR,Jett,2.3,406,25,5,1,20,88,251,29,4,0,4,MIBR,FURIA,13.0,3.0,2.0,1.0
https://www.vlr.gg/459542/mibr-vs-furia-champions-tour-2025-americas-stage-1-w5,0,Icebox,Verno,MIBR,Sova,1.43,177,10,5,4,5,81,112,30,2,1,1,MIBR,FURIA,13.0,3.0,2.0,1.0
https://www.vlr.gg/459542/mibr-vs-furia-champions-tour-2025-americas-stage-1-w5,0,Icebox,xenom,MIBR,Viper,1.27,165,12,7,4,5,88,101,41,0,1,-1,MIBR,FURIA,13.0,3.0,2.0,1.0
https://www.vlr.gg/459542/mibr-vs-furia-champions-tour-2025-americas-stage-1-w5,0,Icebox,cortezia,MIBR,Killjoy,1.18,193,11,7,2,4,69,134,50,2,1,1,MIBR,FURIA,13.0,3.0,2.0,1.0
https://www.vlr.gg/459542/mibr-vs-furia-champions-tour-2025-americas-stage-1-w5,0,Icebox,artzin,MIBR,Harbor,0.35,106,5,14,6,-9,63,72,19,1,4,-3,MIBR,FURIA,13.0,3.0,2.0,1.0
https://www.vlr.gg/459542/mibr-vs-furia-champions-tour-2025-americas-stage-1-w5,0,Icebox,heat,FUR,Killjoy,0.68,145,9,12,0,-3,56,100,36,0,0,0,MIBR,MIBR,3.0,13.0,1.0,2.0
https://www.vlr.gg/459542/mibr-vs-furia-champions-tour-2025-americas-stage-1-w5,0,Icebox,Khalil,FUR,Viper,0.66,168,8,13,3,-5,69,103,19,1,0,1,MIBR,MIBR,3.0,13.0,1.0,2.0
https://www.vlr.gg/459542/mibr-vs-furia-champions-tour-2025-americas-stage-1-w5,0,Icebox,pryze,FUR,Tejo,0.63,150,8,12,1,-4,56,94,19,0,2,-2,MIBR,MIBR,3.0,13.0,1.0,2.0
https://www.vlr.gg/459542/mibr-vs-furia-champions-tour-2025-americas-stage-1-w5,0,Icebox,havoc,FUR,Jett,0.42,164,8,13,2,-5,56,105,30,5,5,0,MIBR,MIBR,3.0,13.0,1.0,2.0
https://www.vlr.gg/459542/mibr-vs-furia-champions-tour-2025-americas-stage-1-w5,0,Icebox,raafa,FUR,Kayo,0.22,97,5,13,6,-8,50,57,24,1,2,-1,MIBR,MIBR,3.0,13.0,1.0,2.0
https://www.vlr.gg/459542/mibr-vs-furia-champions-tour-2025-americas-stage-1-w5,1,AllMaps,aspas,MIBR,Jett,1.45,290,63,33,3,30,76,175,30,14,8,6,MIBR,FURIA,35.0,24.0,2.0,1.0
https://www.vlr.gg/459542/mibr-vs-furia-champions-tour-2025-americas-stage-1-w5,1,AllMaps,Verno,MIBR,Sova,1.29,210,45,32,20,13,81,140,28,5,3,2,MIBR,FURIA,35.0,24.0,2.0,1.0
https://www.vlr.gg/459542/mibr-vs-furia-champions-tour-2025-americas-stage-1-w5,1,AllMaps,xenom,MIBR,Viper,1.03,181,42,35,17,7,75,113,33,5,5,0,MIBR,FURIA,35.0,24.0,2.0,1.0
https://www.vlr.gg/459542/mibr-vs-furia-champions-tour-2025-americas-stage-1-w5,1,AllMaps,cortezia,MIBR,Killjoy,0.92,173,39,36,11,3,71,121,47,4,3,1,MIBR,FURIA,35.0,24.0,2.0,1.0
https://www.vlr.gg/459542/mibr-vs-furia-champions-tour-2025-americas-stage-1-w5,1,AllMaps,artzin,MIBR,Harbor,0.87,187,38,43,25,-5,69,125,21,5,7,-2,MIBR,FURIA,35.0,24.0,2.0,1.0
https://www.vlr.gg/459542/mibr-vs-furia-champions-tour-2025-americas-stage-1-w5,1,AllMaps,pryze,FUR,Tejo,1.07,201,43,42,15,1,68,139,21,2,2,0,MIBR,MIBR,24.0,35.0,1.0,2.0
https://www.vlr.gg/459542/mibr-vs-furia-champions-tour-2025-americas-stage-1-w5,1,AllMaps,Khalil,FUR,Viper,0.9,176,36,43,10,-7,71,115,30,3,5,-2,MIBR,MIBR,24.0,35.0,1.0,2.0
https://www.vlr.gg/459542/mibr-vs-furia-champions-tour-2025-americas-stage-1-w5,1,AllMaps,heat,FUR,Killjoy,0.88,172,38,45,9,-7,63,124,38,1,3,-2,MIBR,MIBR,24.0,35.0,1.0,2.0
https://www.vlr.gg/459542/mibr-vs-furia-champions-tour-2025-americas-stage-1-w5,1,AllMaps,havoc,FUR,Jett,0.8,205,41,49,6,-8,59,133,34,18,18,0,MIBR,MIBR,24.0,35.0,1.0,2.0
https://www.vlr.gg/459542/mibr-vs-furia-champions-tour-2025-americas-stage-1-w5,1,AllMaps,raafa,FUR,Kayo,0.52,117,21,48,36,-27,68,76,23,2,5,-3,MIBR,MIBR,24.0,35.0,1.0,2.0
https://www.vlr.gg/459542/mibr-vs-furia-champions-tour-2025-americas-stage-1-w5,2,Ascent,artzin,MIBR,Kayo,1.13,244,17,15,11,2,73,154,14,3,2,1,FURIA,FURIA,9.0,13.0,2.0,1.0
https://www.vlr.gg/459542/mibr-vs-furia-champions-tour-2025-americas-stage-1-w5,2,Ascent,cortezia,MIBR,Cypher,1.11,221,20,14,3,6,77,165,50,1,1,0,FURIA,FURIA,9.0,13.0,2.0,1.0
https://www.vlr.gg/459542/mibr-vs-furia-champions-tour-2025-americas-stage-1-w5,2,Ascent,Verno,MIBR,Sova,1.03,202,14,14,9,0,77,124,25,1,0,1,FURIA,FURIA,9.0,13.0,2.0,1.0
https://www.vlr.gg/459542/mibr-vs-furia-champions-tour-2025-americas-stage-1-w5,2,Ascent,xenom,MIBR,Omen,0.94,196,16,15,9,1,64,119,28,3,1,2,FURIA,FURIA,9.0,13.0,2.0,1.0
https://www.vlr.gg/459542/mibr-vs-furia-champions-tour-2025-americas-stage-1-w5,2,Ascent,aspas,MIBR,Jett,0.83,175,15,16,0,-1,73,118,43,5,5,0,FURIA,FURIA,9.0,13.0,2.0,1.0
https://www.vlr.gg/459542/mibr-vs-furia-champions-tour-2025-americas-stage-1-w5,2,Ascent,pryze,FUR,Sova,1.56,292,23,14,8,9,77,197,24,1,0,1,FURIA,MIBR,13.0,9.0,1.0,2.0
https://www.vlr.gg/459542/mibr-vs-furia-champions-tour-2025-americas-stage-1-w5,2,Ascent,heat,FUR,Vyse,1.27,239,20,16,5,4,77,169,41,0,0,0,FURIA,MIBR,13.0,9.0,1.0,2.0
https://www.vlr.gg/459542/mibr-vs-furia-champions-tour-2025-americas-stage-1-w5,2,Ascent,havoc,FUR,Jett,0.96,238,18,18,1,0,50,154,49,8,10,-2,FURIA,MIBR,13.0,9.0,1.0,2.0
https://www.vlr.gg/459542/mibr-vs-furia-champions-tour-2025-americas-stage-1-w5,2,Ascent,Khalil,FUR,Omen,0.7,124,8,15,5,-7,68,88,41,0,3,-3,FURIA,MIBR,13.0,9.0,1.0,2.0
https://www.vlr.gg/459542/mibr-vs-furia-champions-tour-2025-americas-stage-1-w5,2,Ascent,raafa,FUR,Kayo,0.43,89,5,19,15,-14,73,58,19,0,0,0,FURIA,MIBR,13.0,9.0,1.0,2.0
https://www.vlr.gg/459542/mibr-vs-furia-champions-tour-2025-americas-stage-1-w5,3,Split,Verno,MIBR,Tejo,1.46,252,21,13,7,8,86,178,29,2,2,0,MIBR,FURIA,13.0,8.0,2.0,1.0
https://www.vlr.gg/459542/mibr-vs-furia-champions-tour-2025-americas-stage-1-w5,3,Split,aspas,MIBR,Jett,1.46,289,23,12,2,11,71,176,24,5,3,2,MIBR,FURIA,13.0,8.0,2.0,1.0
https://www.vlr.gg/459542/mibr-vs-furia-champions-tour-2025-americas-stage-1-w5,3,Split,artzin,MIBR,Breach,0.98,210,16,14,8,2,71,135,31,1,1,0,MIBR,FURIA,13.0,8.0,2.0,1.0
https://www.vlr.gg/459542/mibr-vs-furia-champions-tour-2025-americas-stage-1-w5,3,Split,xenom,MIBR,Viper,0.95,181,14,13,4,1,76,116,34,2,3,-1,MIBR,FURIA,13.0,8.0,2.0,1.0
https://www.vlr.gg/459542/mibr-vs-furia-champions-tour-2025-americas-stage-1-w5,3,Split,cortezia,MIBR,Omen,0.52,105,8,15,6,-7,67,66,36,1,1,0,MIBR,FURIA,13.0,8.0,2.0,1.0
https://www.vlr.gg/459542/mibr-vs-furia-champions-tour-2025-americas-stage-1-w5,3,Split,Khalil,FUR,Omen,1.3,235,20,15,2,5,76,151,30,2,2,0,MIBR,MIBR,8.0,13.0,1.0,2.0
https://www.vlr.gg/459542/mibr-vs-furia-champions-tour-2025-americas-stage-1-w5,3,Split,havoc,FUR,Yoru,0.91,213,15,18,3,-3,71,132,26,5,3,2,MIBR,MIBR,8.0,13.0,1.0,2.0
https://www.vlr.gg/459542/mibr-vs-furia-champions-tour-2025-americas-stage-1-w5,3,Split,pryze,FUR,Tejo,0.89,161,12,16,6,-4,67,114,19,1,0,1,MIBR,MIBR,8.0,13.0,1.0,2.0
https://www.vlr.gg/459542/mibr-vs-furia-champions-tour-2025-americas-stage-1-w5,3,Split,raafa,FUR,Breach,0.85,166,11,16,15,-5,76,111,26,1,3,-2,MIBR,MIBR,8.0,13.0,1.0,2.0
https://www.vlr.gg/459542/mibr-vs-furia-champions-tour-2025-americas-stage-1-w5,3,Split,heat,FUR,Viper,0.61,131,9,17,4,-8,52,94,35,1,3,-2,MIBR,MIBR,8.0,13.0,1.0,2.0
https://www.vlr.gg/459541/g2-esports-vs-cloud9-champions-tour-2025-americas-stage-1-w5,0,Icebox,leaf,G2,Killjoy,1.43,276,19,11,3,8,83,172,19,3,2,1,G2 Esports,G2 Esports,5.0,13.0,1.0,2.0
https://www.vlr.gg/459541/g2-esports-vs-cloud9-champions-tour-2025-americas-stage-1-w5,0,Icebox,trent,G2,Tejo,1.33,205,12,9,9,3,78,152,24,1,0,1,G2 Esports,G2 Esports,5.0,13.0,1.0,2.0
https://www.vlr.gg/459541/g2-esports-vs-cloud9-champions-tour-2025-americas-stage-1-w5,0,Icebox,jawgemo,G2,Gekko,1.17,199,13,11,4,2,67,123,35,1,2,-1,G2 Esports,G2 Esports,5.0,13.0,1.0,2.0
https://www.vlr.gg/459541/g2-esports-vs-cloud9-champions-tour-2025-americas-stage-1-w5,0,Icebox,valyn,G2,Harbor,1.14,234,15,12,5,3,78,158,22,1,2,-1,G2 Esports,G2 Esports,5.0,13.0,1.0,2.0
https://www.vlr.gg/459541/g2-esports-vs-cloud9-champions-tour-2025-americas-stage-1-w5,0,Icebox,JonahP,G2,Viper,0.77,155,9,12,6,-3,56,120,21,2,4,-2,G2 Esports,G2 Esports,5.0,13.0,1.0,2.0
https://www.vlr.gg/459541/g2-esports-vs-cloud9-champions-tour-2025-americas-stage-1-w5,0,Icebox,v1c,C9,Viper,1.12,224,12,12,6,0,78,178,24,0,1,-1,G2 Esports,G2 Esports,5.0,13.0,1.0,2.0
https://www.vlr.gg/459541/g2-esports-vs-cloud9-champions-tour-2025-americas-stage-1-w5,0,Icebox,Xeppaa,C9,Sova,0.91,203,13,13,2,0,50,137,31,3,2,1,G2 Esports,G2 Esports,5.0,13.0,1.0,2.0
https://www.vlr.gg/459541/g2-esports-vs-cloud9-champions-tour-2025-americas-stage-1-w5,0,Icebox,neT,C9,Killjoy,0.88,208,13,14,3,-1,72,132,21,2,1,1,G2 Esports,G2 Esports,5.0,13.0,1.0,2.0
https://www.vlr.gg/459541/g2-esports-vs-cloud9-champions-tour-2025-americas-stage-1-w5,0,Icebox,mitch,C9,Harbor,0.71,140,9,12,6,-3,67,86,13,2,2,0,G2 Esports,G2 Esports,5.0,13.0,1.0,2.0
https://www.vlr.gg/459541/g2-esports-vs-cloud9-champions-tour-2025-americas-stage-1-w5,0,Icebox,OXY,C9,Jett,0.44,131,8,17,3,-9,67,80,25,3,2,1,G2 Esports,G2 Esports,5.0,13.0,1.0,2.0
https://www.vlr.gg/459541/g2-esports-vs-cloud9-champions-tour-2025-americas-stage-1-w5,1,AllMaps,trent,G2,Tejo,1.24,205,44,35,25,9,78,142,27,4,3,1,G2 Esports,G2 Esports,29.0,30.0,1.0,2.0
https://www.vlr.gg/459541/g2-esports-vs-cloud9-champions-tour-2025-americas-stage-1-w5,1,AllMaps,jawgemo,G2,Gekko,1.15,234,49,44,15,5,71,148,29,12,9,3,G2 Esports,G2 Esports,29.0,30.0,1.0,2.0
https://www.vlr.gg/459541/g2-esports-vs-cloud9-champions-tour-2025-americas-stage-1-w5,1,AllMaps,leaf,G2,Killjoy,1.05,212,44,41,17,3,75,128,21,5,6,-1,G2 Esports,G2 Esports,29.0,30.0,1.0,2.0
https://www.vlr.gg/459541/g2-esports-vs-cloud9-champions-tour-2025-americas-stage-1-w5,1,AllMaps,valyn,G2,Harbor,0.95,189,38,43,25,-5,80,131,20,4,3,1,G2 Esports,G2 Esports,29.0,30.0,1.0,2.0
https://www.vlr.gg/459541/g2-esports-vs-cloud9-champions-tour-2025-americas-stage-1-w5,1,AllMaps,JonahP,G2,Viper,0.91,166,34,42,24,-8,64,111,21,5,8,-3,G2 Esports,G2 Esports,29.0,30.0,1.0,2.0
https://www.vlr.gg/459541/g2-esports-vs-cloud9-champions-tour-2025-americas-stage-1-w5,1,AllMaps,mitch,C9,Harbor,1.07,208,42,40,26,2,71,149,23,5,3,2,G2 Esports,G2 Esports,29.0,30.0,1.0,2.0
https://www.vlr.gg/459541/g2-esports-vs-cloud9-champions-tour-2025-americas-stage-1-w5,1,AllMaps,v1c,C9,Viper,1.05,174,34,37,24,-3,71,125,26,0,4,-4,G2 Esports,G2 Esports,29.0,30.0,1.0,2.0
https://www.vlr.gg/459541/g2-esports-vs-cloud9-champions-tour-2025-americas-stage-1-w5,1,AllMaps,Xeppaa,C9,Sova,1.02,206,45,42,17,3,64,142,33,8,5,3,G2 Esports,G2 Esports,29.0,30.0,1.0,2.0
https://www.vlr.gg/459541/g2-esports-vs-cloud9-champions-tour-2025-americas-stage-1-w5,1,AllMaps,neT,C9,Killjoy,1.0,194,44,39,11,5,75,123,31,6,5,1,G2 Esports,G2 Esports,29.0,30.0,1.0,2.0
https://www.vlr.gg/459541/g2-esports-vs-cloud9-champions-tour-2025-americas-stage-1-w5,1,AllMaps,OXY,C9,Jett,0.73,207,40,51,15,-11,63,128,19,10,13,-3,G2 Esports,G2 Esports,29.0,30.0,1.0,2.0
https://www.vlr.gg/459541/g2-esports-vs-cloud9-champions-tour-2025-americas-stage-1-w5,2,Haven,jawgemo,G2,Yoru,1.14,241,14,14,5,0,71,148,26,5,3,2,Cloud9,G2 Esports,13.0,4.0,1.0,2.0
https://www.vlr.gg/459541/g2-esports-vs-cloud9-champions-tour-2025-americas-stage-1-w5,2,Haven,JonahP,G2,Breach,0.8,152,9,14,5,-5,47,109,21,0,1,-1,Cloud9,G2 Esports,13.0,4.0,1.0,2.0
https://www.vlr.gg/459541/g2-esports-vs-cloud9-champions-tour-2025-americas-stage-1-w5,2,Haven,trent,G2,Tejo,0.79,173,10,14,7,-4,65,118,23,0,3,-3,Cloud9,G2 Esports,13.0,4.0,1.0,2.0
https://www.vlr.gg/459541/g2-esports-vs-cloud9-champions-tour-2025-americas-stage-1-w5,2,Haven,leaf,G2,Vyse,0.77,195,10,15,7,-5,65,130,23,0,2,-2,Cloud9,G2 Esports,13.0,4.0,1.0,2.0
https://www.vlr.gg/459541/g2-esports-vs-cloud9-champions-tour-2025-americas-stage-1-w5,2,Haven,valyn,G2,Astra,0.69,130,7,14,8,-7,65,81,9,2,1,1,Cloud9,G2 Esports,13.0,4.0,1.0,2.0
https://www.vlr.gg/459541/g2-esports-vs-cloud9-champions-tour-2025-americas-stage-1-w5,2,Haven,neT,C9,Cypher,1.4,195,15,7,2,8,76,140,43,2,0,2,Cloud9,G2 Esports,13.0,4.0,1.0,2.0
https://www.vlr.gg/459541/g2-esports-vs-cloud9-champions-tour-2025-americas-stage-1-w5,2,Haven,OXY,C9,Jett,1.31,335,19,13,5,6,71,211,16,6,4,2,Cloud9,G2 Esports,13.0,4.0,1.0,2.0
https://www.vlr.gg/459541/g2-esports-vs-cloud9-champions-tour-2025-americas-stage-1-w5,2,Haven,Xeppaa,C9,Sova,1.23,212,14,10,9,4,76,151,33,1,1,0,Cloud9,G2 Esports,13.0,4.0,1.0,2.0
https://www.vlr.gg/459541/g2-esports-vs-cloud9-champions-tour-2025-americas-stage-1-w5,2,Haven,mitch,C9,Breach,1.17,226,13,11,12,2,76,160,22,1,0,1,Cloud9,G2 Esports,13.0,4.0,1.0,2.0
https://www.vlr.gg/459541/g2-esports-vs-cloud9-champions-tour-2025-americas-stage-1-w5,2,Haven,v1c,C9,Omen,1.13,159,10,9,8,1,76,114,24,0,2,-2,Cloud9,G2 Esports,13.0,4.0,1.0,2.0
https://www.vlr.gg/459541/g2-esports-vs-cloud9-champions-tour-2025-americas-stage-1-w5,3,Pearl,trent,G2,Tejo,1.49,237,22,12,9,10,88,153,32,3,0,3,G2 Esports,G2 Esports,11.0,13.0,1.0,2.0
https://www.vlr.gg/459541/g2-esports-vs-cloud9-champions-tour-2025-americas-stage-1-w5,3,Pearl,jawgemo,G2,Yoru,1.13,263,22,19,6,3,75,166,28,6,4,2,G2 Esports,G2 Esports,11.0,13.0,1.0,2.0
https://www.vlr.gg/459541/g2-esports-vs-cloud9-champions-tour-2025-americas-stage-1-w5,3,Pearl,JonahP,G2,Fade,1.09,191,16,16,13,0,83,106,21,3,3,0,G2 Esports,G2 Esports,11.0,13.0,1.0,2.0
https://www.vlr.gg/459541/g2-esports-vs-cloud9-champions-tour-2025-americas-stage-1-w5,3,Pearl,valyn,G2,Astra,0.98,202,16,17,12,-1,92,145,24,1,0,1,G2 Esports,G2 Esports,11.0,13.0,1.0,2.0
https://www.vlr.gg/459541/g2-esports-vs-cloud9-champions-tour-2025-americas-stage-1-w5,3,Pearl,leaf,G2,Vyse,0.96,164,15,15,7,0,75,95,20,2,2,0,G2 Esports,G2 Esports,11.0,13.0,1.0,2.0
https://www.vlr.gg/459541/g2-esports-vs-cloud9-champions-tour-2025-americas-stage-1-w5,3,Pearl,mitch,C9,Sova,1.28,258,20,17,8,3,71,189,27,2,1,1,G2 Esports,G2 Esports,11.0,13.0,1.0,2.0
https://www.vlr.gg/459541/g2-esports-vs-cloud9-champions-tour-2025-americas-stage-1-w5,3,Pearl,Xeppaa,C9,Yoru,0.95,203,18,19,6,-1,67,139,35,4,2,2,G2 Esports,G2 Esports,11.0,13.0,1.0,2.0
https://www.vlr.gg/459541/g2-esports-vs-cloud9-champions-tour-2025-americas-stage-1-w5,3,Pearl,v1c,C9,Astra,0.93,139,12,16,10,-4,63,94,30,0,1,-1,G2 Esports,G2 Esports,11.0,13.0,1.0,2.0
https://www.vlr.gg/459541/g2-esports-vs-cloud9-champions-tour-2025-americas-stage-1-w5,3,Pearl,neT,C9,Cypher,0.81,179,16,18,6,-2,75,105,32,2,4,-2,G2 Esports,G2 Esports,11.0,13.0,1.0,2.0
https://www.vlr.gg/459541/g2-esports-vs-cloud9-champions-tour-2025-americas-stage-1-w5,3,Pearl,OXY,C9,Jett,0.55,156,13,21,7,-8,54,106,22,1,7,-6,G2 Esports,G2 Esports,11.0,13.0,1.0,2.0
https://www.vlr.gg/459540/nrg-esports-vs-mibr-champions-tour-2025-americas-stage-1-w4,0,Haven,mada,NRG,Jett,1.48,264,18,11,4,7,84,156,26,4,1,3,MIBR,MIBR,6.0,13.0,0.0,2.0
https://www.vlr.gg/459540/nrg-esports-vs-mibr-champions-tour-2025-americas-stage-1-w4,0,Haven,Ethan,NRG,Yoru,1.03,192,13,12,2,1,74,122,20,4,2,2,MIBR,MIBR,6.0,13.0,0.0,2.0
https://www.vlr.gg/459540/nrg-esports-vs-mibr-champions-tour-2025-americas-stage-1-w4,0,Haven,brawk,NRG,Sova,0.77,186,10,16,9,-6,74,137,8,0,1,-1,MIBR,MIBR,6.0,13.0,0.0,2.0
https://www.vlr.gg/459540/nrg-esports-vs-mibr-champions-tour-2025-americas-stage-1-w4,0,Haven,s0m,NRG,Omen,0.5,113,8,15,8,-7,68,79,22,1,4,-3,MIBR,MIBR,6.0,13.0,0.0,2.0
https://www.vlr.gg/459540/nrg-esports-vs-mibr-champions-tour-2025-americas-stage-1-w4,0,Haven,FiNESSE,NRG,Cypher,0.48,109,7,16,3,-9,58,85,15,1,1,0,MIBR,MIBR,6.0,13.0,0.0,2.0
https://www.vlr.gg/459540/nrg-esports-vs-mibr-champions-tour-2025-americas-stage-1-w4,0,Haven,Verno,MIBR,Tejo,1.95,297,22,7,3,15,95,207,32,0,0,0,MIBR,NRG,13.0,6.0,2.0,0.0
https://www.vlr.gg/459540/nrg-esports-vs-mibr-champions-tour-2025-americas-stage-1-w4,0,Haven,aspas,MIBR,Jett,1.2,251,16,12,4,4,74,172,22,5,4,1,MIBR,NRG,13.0,6.0,2.0,0.0
https://www.vlr.gg/459540/nrg-esports-vs-mibr-champions-tour-2025-americas-stage-1-w4,0,Haven,artzin,MIBR,Breach,0.89,173,11,13,7,-2,74,113,18,1,3,-2,MIBR,NRG,13.0,6.0,2.0,0.0
https://www.vlr.gg/459540/nrg-esports-vs-mibr-champions-tour-2025-americas-stage-1-w4,0,Haven,xenom,MIBR,Omen,0.87,158,11,14,6,-3,74,109,40,3,1,2,MIBR,NRG,13.0,6.0,2.0,0.0
https://www.vlr.gg/459540/nrg-esports-vs-mibr-champions-tour-2025-americas-stage-1-w4,0,Haven,cortezia,MIBR,Cypher,0.85,128,10,10,2,0,68,97,35,0,2,-2,MIBR,NRG,13.0,6.0,2.0,0.0
https://www.vlr.gg/459540/nrg-esports-vs-mibr-champions-tour-2025-americas-stage-1-w4,1,AllMaps,Ethan,NRG,Yoru,1.24,241,32,28,9,4,81,153,28,6,3,3,MIBR,MIBR,11.0,26.0,0.0,2.0
https://www.vlr.gg/459540/nrg-esports-vs-mibr-champions-tour-2025-americas-stage-1-w4,1,AllMaps,mada,NRG,Jett,1.07,220,27,27,9,0,70,142,23,7,7,0,MIBR,MIBR,11.0,26.0,0.0,2.0
https://www.vlr.gg/459540/nrg-esports-vs-mibr-champions-tour-2025-americas-stage-1-w4,1,AllMaps,FiNESSE,NRG,Cypher,0.66,126,18,28,5,-10,54,83,17,2,2,0,MIBR,MIBR,11.0,26.0,0.0,2.0
https://www.vlr.gg/459540/nrg-esports-vs-mibr-champions-tour-2025-americas-stage-1-w4,1,AllMaps,s0m,NRG,Omen,0.65,161,21,31,12,-10,76,106,22,2,7,-5,MIBR,MIBR,11.0,26.0,0.0,2.0
https://www.vlr.gg/459540/nrg-esports-vs-mibr-champions-tour-2025-americas-stage-1-w4,1,AllMaps,brawk,NRG,Sova,0.64,160,19,31,11,-12,68,114,13,0,1,-1,MIBR,MIBR,11.0,26.0,0.0,2.0
https://www.vlr.gg/459540/nrg-esports-vs-mibr-champions-tour-2025-americas-stage-1-w4,1,AllMaps,Verno,MIBR,Tejo,1.59,272,38,18,8,20,86,183,26,2,1,1,MIBR,NRG,26.0,11.0,2.0,0.0
https://www.vlr.gg/459540/nrg-esports-vs-mibr-champions-tour-2025-americas-stage-1-w4,1,AllMaps,aspas,MIBR,Jett,1.45,293,39,23,5,16,81,200,26,10,4,6,MIBR,NRG,26.0,11.0,2.0,0.0
https://www.vlr.gg/459540/nrg-esports-vs-mibr-champions-tour-2025-americas-stage-1-w4,1,AllMaps,xenom,MIBR,Omen,0.99,193,27,26,10,1,68,135,46,3,3,0,MIBR,NRG,26.0,11.0,2.0,0.0
https://www.vlr.gg/459540/nrg-esports-vs-mibr-champions-tour-2025-americas-stage-1-w4,1,AllMaps,cortezia,MIBR,Cypher,0.96,180,25,25,5,0,73,128,39,2,4,-2,MIBR,NRG,26.0,11.0,2.0,0.0
https://www.vlr.gg/459540/nrg-esports-vs-mibr-champions-tour-2025-americas-stage-1-w4,1,AllMaps,artzin,MIBR,Breach,0.67,127,16,25,11,-9,68,83,21,3,5,-2,MIBR,NRG,26.0,11.0,2.0,0.0
https://www.vlr.gg/459540/nrg-esports-vs-mibr-champions-tour-2025-americas-stage-1-w4,2,Icebox,Ethan,NRG,Harbor,1.45,289,19,16,7,3,89,187,35,2,1,1,MIBR,MIBR,5.0,13.0,0.0,2.0
https://www.vlr.gg/459540/nrg-esports-vs-mibr-champions-tour-2025-americas-stage-1-w4,2,Icebox,FiNESSE,NRG,Killjoy,0.86,142,11,12,2,-1,50,81,19,1,1,0,MIBR,MIBR,5.0,13.0,0.0,2.0
https://www.vlr.gg/459540/nrg-esports-vs-mibr-champions-tour-2025-americas-stage-1-w4,2,Icebox,s0m,NRG,Viper,0.8,209,13,16,4,-3,83,134,23,1,3,-2,MIBR,MIBR,5.0,13.0,0.0,2.0
https://www.vlr.gg/459540/nrg-esports-vs-mibr-champions-tour-2025-americas-stage-1-w4,2,Icebox,mada,NRG,Jett,0.64,176,9,16,5,-7,56,128,20,3,6,-3,MIBR,MIBR,5.0,13.0,0.0,2.0
https://www.vlr.gg/459540/nrg-esports-vs-mibr-champions-tour-2025-americas-stage-1-w4,2,Icebox,brawk,NRG,Sova,0.51,134,9,15,2,-6,61,89,24,0,0,0,MIBR,MIBR,5.0,13.0,0.0,2.0
https://www.vlr.gg/459540/nrg-esports-vs-mibr-champions-tour-2025-americas-stage-1-w4,2,Icebox,aspas,MIBR,Jett,1.7,335,23,11,1,12,89,229,30,5,0,5,MIBR,NRG,13.0,5.0,2.0,0.0
https://www.vlr.gg/459540/nrg-esports-vs-mibr-champions-tour-2025-americas-stage-1-w4,2,Icebox,Verno,MIBR,Sova,1.2,246,16,11,5,5,78,159,17,2,1,1,MIBR,NRG,13.0,5.0,2.0,0.0
https://www.vlr.gg/459540/nrg-esports-vs-mibr-champions-tour-2025-americas-stage-1-w4,2,Icebox,xenom,MIBR,Viper,1.11,227,16,12,4,4,61,162,52,0,2,-2,MIBR,NRG,13.0,5.0,2.0,0.0
https://www.vlr.gg/459540/nrg-esports-vs-mibr-champions-tour-2025-americas-stage-1-w4,2,Icebox,cortezia,MIBR,Killjoy,1.07,231,15,15,3,0,78,162,41,2,2,0,MIBR,NRG,13.0,5.0,2.0,0.0
https://www.vlr.gg/459540/nrg-esports-vs-mibr-champions-tour-2025-americas-stage-1-w4,2,Icebox,artzin,MIBR,Harbor,0.43,80,5,12,4,-7,61,52,26,2,2,0,MIBR,NRG,13.0,5.0,2.0,0.0
https://www.vlr.gg/459537/furia-vs-cloud9-champions-tour-2025-americas-stage-1-w4,0,Lotus,Khalil,FUR,Omen,0.98,208,23,22,7,1,77,134,26,3,4,-1,Cloud9,FURIA,16.0,14.0,2.0,0.0
https://www.vlr.gg/459537/furia-vs-cloud9-champions-tour-2025-americas-stage-1-w4,0,Lotus,havoc,FUR,Neon,0.97,242,24,24,8,0,77,158,31,11,3,8,Cloud9,FURIA,16.0,14.0,2.0,0.0
https://www.vlr.gg/459537/furia-vs-cloud9-champions-tour-2025-americas-stage-1-w4,0,Lotus,raafa,FUR,Breach,0.97,156,18,18,9,0,83,101,20,0,0,0,Cloud9,FURIA,16.0,14.0,2.0,0.0
https://www.vlr.gg/459537/furia-vs-cloud9-champions-tour-2025-americas-stage-1-w4,0,Lotus,heat,FUR,Clove,0.93,207,23,21,5,2,63,142,39,3,3,0,Cloud9,FURIA,16.0,14.0,2.0,0.0
https://www.vlr.gg/459537/furia-vs-cloud9-champions-tour-2025-americas-stage-1-w4,0,Lotus,pryze,FUR,Fade,0.81,152,16,20,13,-4,80,102,33,0,3,-3,Cloud9,FURIA,16.0,14.0,2.0,0.0
https://www.vlr.gg/459537/furia-vs-cloud9-champions-tour-2025-americas-stage-1-w4,0,Lotus,v1c,C9,Omen,1.4,247,27,18,9,9,83,151,36,4,2,2,Cloud9,FURIA,16.0,14.0,2.0,0.0
https://www.vlr.gg/459537/furia-vs-cloud9-champions-tour-2025-americas-stage-1-w4,0,Lotus,OXY,C9,Neon,1.17,262,27,22,6,5,73,161,24,8,9,-1,Cloud9,FURIA,16.0,14.0,2.0,0.0
https://www.vlr.gg/459537/furia-vs-cloud9-champions-tour-2025-americas-stage-1-w4,0,Lotus,mitch,C9,Breach,1.02,199,20,24,11,-4,73,135,30,0,1,-1,Cloud9,FURIA,16.0,14.0,2.0,0.0
https://www.vlr.gg/459537/furia-vs-cloud9-champions-tour-2025-americas-stage-1-w4,0,Lotus,Xeppaa,C9,Tejo,1.01,188,20,20,8,0,70,127,32,0,2,-2,Cloud9,FURIA,16.0,14.0,2.0,0.0
https://www.vlr.gg/459537/furia-vs-cloud9-champions-tour-2025-americas-stage-1-w4,0,Lotus,neT,C9,Cypher,0.58,92,10,20,3,-10,63,69,33,1,3,-2,Cloud9,FURIA,16.0,14.0,2.0,0.0
https://www.vlr.gg/459537/furia-vs-cloud9-champions-tour-2025-americas-stage-1-w4,1,AllMaps,Khalil,FUR,Omen,0.87,183,30,34,9,-4,66,122,24,4,7,-3,Cloud9,FURIA,29.0,15.0,2.0,0.0
https://www.vlr.gg/459537/furia-vs-cloud9-champions-tour-2025-americas-stage-1-w4,1,AllMaps,raafa,FUR,Breach,0.87,164,25,31,12,-6,70,104,15,2,1,1,Cloud9,FURIA,29.0,15.0,2.0,0.0
https://www.vlr.gg/459537/furia-vs-cloud9-champions-tour-2025-americas-stage-1-w4,1,AllMaps,heat,FUR,Clove,0.81,169,28,33,8,-5,61,123,42,4,3,1,Cloud9,FURIA,29.0,15.0,2.0,0.0
https://www.vlr.gg/459537/furia-vs-cloud9-champions-tour-2025-americas-stage-1-w4,1,AllMaps,havoc,FUR,Neon,0.8,195,31,37,9,-6,66,136,27,13,6,7,Cloud9,FURIA,29.0,15.0,2.0,0.0
https://www.vlr.gg/459537/furia-vs-cloud9-champions-tour-2025-americas-stage-1-w4,1,AllMaps,pryze,FUR,Fade,0.66,129,21,33,16,-12,77,92,29,0,4,-4,Cloud9,FURIA,29.0,15.0,2.0,0.0
https://www.vlr.gg/459537/furia-vs-cloud9-champions-tour-2025-americas-stage-1-w4,1,AllMaps,v1c,C9,Omen,1.44,250,41,24,14,17,86,151,35,5,4,1,Cloud9,FURIA,29.0,15.0,2.0,0.0
https://www.vlr.gg/459537/furia-vs-cloud9-champions-tour-2025-americas-stage-1-w4,1,AllMaps,OXY,C9,Neon,1.29,276,41,30,11,11,80,176,24,11,9,2,Cloud9,FURIA,29.0,15.0,2.0,0.0
https://www.vlr.gg/459537/furia-vs-cloud9-champions-tour-2025-americas-stage-1-w4,1,AllMaps,Xeppaa,C9,Tejo,1.27,205,35,23,11,12,77,133,30,2,2,0,Cloud9,FURIA,29.0,15.0,2.0,0.0
https://www.vlr.gg/459537/furia-vs-cloud9-champions-tour-2025-americas-stage-1-w4,1,AllMaps,mitch,C9,Breach,1.04,183,28,31,17,-3,75,129,28,0,2,-2,Cloud9,FURIA,29.0,15.0,2.0,0.0
https://www.vlr.gg/459537/furia-vs-cloud9-champions-tour-2025-americas-stage-1-w4,1,AllMaps,neT,C9,Cypher,0.81,159,22,27,7,-5,70,94,42,3,6,-3,Cloud9,FURIA,29.0,15.0,2.0,0.0
https://www.vlr.gg/459537/furia-vs-cloud9-champions-tour-2025-americas-stage-1-w4,2,Pearl,raafa,FUR,Kayo,0.65,172,7,13,3,-6,43,110,8,2,1,1,Cloud9,FURIA,13.0,1.0,2.0,0.0
https://www.vlr.gg/459537/furia-vs-cloud9-champions-tour-2025-americas-stage-1-w4,2,Pearl,Khalil,FUR,Astra,0.62,158,7,12,2,-5,43,98,17,1,3,-2,Cloud9,FURIA,13.0,1.0,2.0,0.0
https://www.vlr.gg/459537/furia-vs-cloud9-champions-tour-2025-americas-stage-1-w4,2,Pearl,heat,FUR,Vyse,0.55,130,5,12,3,-7,57,82,50,1,0,1,Cloud9,FURIA,13.0,1.0,2.0,0.0
https://www.vlr.gg/459537/furia-vs-cloud9-champions-tour-2025-americas-stage-1-w4,2,Pearl,havoc,FUR,Jett,0.44,148,7,13,1,-6,43,88,16,2,3,-1,Cloud9,FURIA,13.0,1.0,2.0,0.0
https://www.vlr.gg/459537/furia-vs-cloud9-champions-tour-2025-americas-stage-1-w4,2,Pearl,pryze,FUR,Tejo,0.33,105,5,13,3,-8,71,70,18,0,1,-1,Cloud9,FURIA,13.0,1.0,2.0,0.0
https://www.vlr.gg/459537/furia-vs-cloud9-champions-tour-2025-americas-stage-1-w4,2,Pearl,Xeppaa,C9,Yoru,1.81,222,15,3,3,12,93,145,26,2,0,2,Cloud9,FURIA,13.0,1.0,2.0,0.0
https://www.vlr.gg/459537/furia-vs-cloud9-champions-tour-2025-americas-stage-1-w4,2,Pearl,OXY,C9,Jett,1.53,289,14,8,5,6,93,207,23,3,0,3,Cloud9,FURIA,13.0,1.0,2.0,0.0
https://www.vlr.gg/459537/furia-vs-cloud9-champions-tour-2025-americas-stage-1-w4,2,Pearl,v1c,C9,Astra,1.52,253,14,6,5,8,93,151,32,1,2,-1,Cloud9,FURIA,13.0,1.0,2.0,0.0
https://www.vlr.gg/459537/furia-vs-cloud9-champions-tour-2025-americas-stage-1-w4,2,Pearl,neT,C9,Cypher,1.32,225,12,7,4,5,86,148,52,2,3,-1,Cloud9,FURIA,13.0,1.0,2.0,0.0
https://www.vlr.gg/459537/furia-vs-cloud9-champions-tour-2025-americas-stage-1-w4,2,Pearl,mitch,C9,Sova,1.09,167,8,7,6,1,79,115,22,0,1,-1,Cloud9,FURIA,13.0,1.0,2.0,0.0
https://www.vlr.gg/459536/g2-esports-vs-leviat-n-champions-tour-2025-americas-stage-1-w4,0,Lotus,valyn,G2,Omen,1.51,281,23,14,6,9,87,170,16,3,0,3,G2 Esports,G2 Esports,10.0,13.0,1.0,2.0
https://www.vlr.gg/459536/g2-esports-vs-leviat-n-champions-tour-2025-americas-stage-1-w4,0,Lotus,trent,G2,Tejo,1.26,201,17,13,7,4,74,147,32,0,2,-2,G2 Esports,G2 Esports,10.0,13.0,1.0,2.0
https://www.vlr.gg/459536/g2-esports-vs-leviat-n-champions-tour-2025-americas-stage-1-w4,0,Lotus,jawgemo,G2,Yoru,1.14,220,19,13,5,6,70,136,35,2,5,-3,G2 Esports,G2 Esports,10.0,13.0,1.0,2.0
https://www.vlr.gg/459536/g2-esports-vs-leviat-n-champions-tour-2025-americas-stage-1-w4,0,Lotus,leaf,G2,Viper,0.92,210,16,17,9,-1,65,139,26,4,4,0,G2 Esports,G2 Esports,10.0,13.0,1.0,2.0
https://www.vlr.gg/459536/g2-esports-vs-leviat-n-champions-tour-2025-americas-stage-1-w4,0,Lotus,JonahP,G2,Breach,0.65,105,8,17,13,-9,78,57,8,1,2,-1,G2 Esports,G2 Esports,10.0,13.0,1.0,2.0
https://www.vlr.gg/459536/g2-esports-vs-leviat-n-champions-tour-2025-americas-stage-1-w4,0,Lotus,Demon1,LEV,Neon,1.14,262,22,18,3,4,65,172,26,4,4,0,G2 Esports,G2 Esports,10.0,13.0,1.0,2.0
https://www.vlr.gg/459536/g2-esports-vs-leviat-n-champions-tour-2025-americas-stage-1-w4,0,Lotus,kiNgg,LEV,Omen,0.96,212,16,16,7,0,70,134,27,3,2,1,G2 Esports,G2 Esports,10.0,13.0,1.0,2.0
https://www.vlr.gg/459536/g2-esports-vs-leviat-n-champions-tour-2025-americas-stage-1-w4,0,Lotus,Rossy,LEV,Breach,0.78,157,13,17,10,-4,70,99,18,2,1,1,G2 Esports,G2 Esports,10.0,13.0,1.0,2.0
https://www.vlr.gg/459536/g2-esports-vs-leviat-n-champions-tour-2025-americas-stage-1-w4,0,Lotus,tex,LEV,Viper,0.73,142,12,15,3,-3,57,91,38,3,3,0,G2 Esports,G2 Esports,10.0,13.0,1.0,2.0
https://www.vlr.gg/459536/g2-esports-vs-leviat-n-champions-tour-2025-americas-stage-1-w4,0,Lotus,C0M,LEV,Tejo,0.71,154,11,17,6,-6,70,113,36,1,0,1,G2 Esports,G2 Esports,10.0,13.0,1.0,2.0
https://www.vlr.gg/459536/g2-esports-vs-leviat-n-champions-tour-2025-americas-stage-1-w4,1,AllMaps,trent,G2,Tejo,1.41,235,60,39,18,21,79,156,25,4,4,0,G2 Esports,G2 Esports,30.0,37.0,1.0,2.0
https://www.vlr.gg/459536/g2-esports-vs-leviat-n-champions-tour-2025-americas-stage-1-w4,1,AllMaps,valyn,G2,Omen,1.24,234,56,46,25,10,81,145,19,7,2,5,G2 Esports,G2 Esports,30.0,37.0,1.0,2.0
https://www.vlr.gg/459536/g2-esports-vs-leviat-n-champions-tour-2025-americas-stage-1-w4,1,AllMaps,leaf,G2,Viper,1.02,230,52,50,23,2,67,152,27,11,10,1,G2 Esports,G2 Esports,30.0,37.0,1.0,2.0
https://www.vlr.gg/459536/g2-esports-vs-leviat-n-champions-tour-2025-americas-stage-1-w4,1,AllMaps,jawgemo,G2,Yoru,0.85,183,44,48,12,-4,73,117,21,9,9,0,G2 Esports,G2 Esports,30.0,37.0,1.0,2.0
https://www.vlr.gg/459536/g2-esports-vs-leviat-n-champions-tour-2025-americas-stage-1-w4,1,AllMaps,JonahP,G2,Breach,0.71,142,32,50,33,-18,70,87,17,5,6,-1,G2 Esports,G2 Esports,30.0,37.0,1.0,2.0
https://www.vlr.gg/459536/g2-esports-vs-leviat-n-champions-tour-2025-americas-stage-1-w4,1,AllMaps,Demon1,LEV,Neon,1.16,261,62,53,16,9,73,171,34,9,13,-4,G2 Esports,G2 Esports,30.0,37.0,1.0,2.0
https://www.vlr.gg/459536/g2-esports-vs-leviat-n-champions-tour-2025-americas-stage-1-w4,1,AllMaps,Rossy,LEV,Breach,1.04,207,50,49,27,1,79,127,28,3,4,-1,G2 Esports,G2 Esports,30.0,37.0,1.0,2.0
https://www.vlr.gg/459536/g2-esports-vs-leviat-n-champions-tour-2025-americas-stage-1-w4,1,AllMaps,tex,LEV,Viper,0.97,199,46,47,18,-1,72,129,40,9,6,3,G2 Esports,G2 Esports,30.0,37.0,1.0,2.0
https://www.vlr.gg/459536/g2-esports-vs-leviat-n-champions-tour-2025-americas-stage-1-w4,1,AllMaps,C0M,LEV,Tejo,0.92,159,39,44,18,-5,73,109,28,4,1,3,G2 Esports,G2 Esports,30.0,37.0,1.0,2.0
https://www.vlr.gg/459536/g2-esports-vs-leviat-n-champions-tour-2025-americas-stage-1-w4,1,AllMaps,kiNgg,LEV,Omen,0.69,169,36,51,27,-15,69,109,26,6,12,-6,G2 Esports,G2 Esports,30.0,37.0,1.0,2.0
https://www.vlr.gg/459536/g2-esports-vs-leviat-n-champions-tour-2025-americas-stage-1-w4,2,Fracture,trent,G2,Tejo,1.4,241,23,15,6,8,83,151,19,4,0,4,LEVIATÁN,G2 Esports,13.0,11.0,1.0,2.0
https://www.vlr.gg/459536/g2-esports-vs-leviat-n-champions-tour-2025-americas-stage-1-w4,2,Fracture,valyn,G2,Brimstone,1.0,214,19,19,9,0,75,130,21,3,2,1,LEVIATÁN,G2 Esports,13.0,11.0,1.0,2.0
https://www.vlr.gg/459536/g2-esports-vs-leviat-n-champions-tour-2025-americas-stage-1-w4,2,Fracture,leaf,G2,Cypher,0.99,205,18,19,5,-1,71,139,24,2,3,-1,LEVIATÁN,G2 Esports,13.0,11.0,1.0,2.0
https://www.vlr.gg/459536/g2-esports-vs-leviat-n-champions-tour-2025-americas-stage-1-w4,2,Fracture,JonahP,G2,Breach,0.77,166,13,19,10,-6,67,97,29,4,1,3,LEVIATÁN,G2 Esports,13.0,11.0,1.0,2.0
https://www.vlr.gg/459536/g2-esports-vs-leviat-n-champions-tour-2025-americas-stage-1-w4,2,Fracture,jawgemo,G2,Waylay,0.51,146,11,21,4,-10,71,97,16,3,2,1,LEVIATÁN,G2 Esports,13.0,11.0,1.0,2.0
https://www.vlr.gg/459536/g2-esports-vs-leviat-n-champions-tour-2025-americas-stage-1-w4,2,Fracture,tex,LEV,Vyse,1.35,281,23,15,10,8,79,187,40,3,3,0,LEVIATÁN,G2 Esports,13.0,11.0,1.0,2.0
https://www.vlr.gg/459536/g2-esports-vs-leviat-n-champions-tour-2025-americas-stage-1-w4,2,Fracture,Demon1,LEV,Brimstone,1.24,270,22,18,11,4,83,178,38,1,4,-3,LEVIATÁN,G2 Esports,13.0,11.0,1.0,2.0
https://www.vlr.gg/459536/g2-esports-vs-leviat-n-champions-tour-2025-americas-stage-1-w4,2,Fracture,C0M,LEV,Tejo,1.18,178,17,13,3,4,75,123,31,1,0,1,LEVIATÁN,G2 Esports,13.0,11.0,1.0,2.0
https://www.vlr.gg/459536/g2-esports-vs-leviat-n-champions-tour-2025-americas-stage-1-w4,2,Fracture,Rossy,LEV,Breach,1.05,216,19,18,10,1,88,129,32,0,3,-3,LEVIATÁN,G2 Esports,13.0,11.0,1.0,2.0
https://www.vlr.gg/459536/g2-esports-vs-leviat-n-champions-tour-2025-americas-stage-1-w4,2,Fracture,kiNgg,LEV,Neon,0.52,161,12,20,7,-8,71,96,22,3,6,-3,LEVIATÁN,G2 Esports,13.0,11.0,1.0,2.0
https://www.vlr.gg/459536/g2-esports-vs-leviat-n-champions-tour-2025-americas-stage-1-w4,3,Haven,trent,G2,Tejo,1.57,263,20,11,5,9,80,171,24,0,2,-2,G2 Esports,G2 Esports,7.0,13.0,1.0,2.0
https://www.vlr.gg/459536/g2-esports-vs-leviat-n-champions-tour-2025-americas-stage-1-w4,3,Haven,valyn,G2,Astra,1.23,206,14,13,10,1,80,134,20,1,0,1,G2 Esports,G2 Esports,7.0,13.0,1.0,2.0
https://www.vlr.gg/459536/g2-esports-vs-leviat-n-champions-tour-2025-americas-stage-1-w4,3,Haven,leaf,G2,Vyse,1.17,274,18,14,9,4,65,182,31,5,3,2,G2 Esports,G2 Esports,7.0,13.0,1.0,2.0
https://www.vlr.gg/459536/g2-esports-vs-leviat-n-champions-tour-2025-americas-stage-1-w4,3,Haven,jawgemo,G2,Yoru,0.93,184,14,14,3,0,80,119,14,4,2,2,G2 Esports,G2 Esports,7.0,13.0,1.0,2.0
https://www.vlr.gg/459536/g2-esports-vs-leviat-n-champions-tour-2025-americas-stage-1-w4,3,Haven,JonahP,G2,Breach,0.72,156,11,14,10,-3,65,109,14,0,3,-3,G2 Esports,G2 Esports,7.0,13.0,1.0,2.0
https://www.vlr.gg/459536/g2-esports-vs-leviat-n-champions-tour-2025-americas-stage-1-w4,3,Haven,Rossy,LEV,Breach,1.3,249,18,14,7,4,80,157,31,1,0,1,G2 Esports,G2 Esports,7.0,13.0,1.0,2.0
https://www.vlr.gg/459536/g2-esports-vs-leviat-n-champions-tour-2025-americas-stage-1-w4,3,Haven,Demon1,LEV,Jett,1.07,252,18,17,2,1,70,162,42,4,5,-1,G2 Esports,G2 Esports,7.0,13.0,1.0,2.0
https://www.vlr.gg/459536/g2-esports-vs-leviat-n-champions-tour-2025-americas-stage-1-w4,3,Haven,C0M,LEV,Tejo,0.86,146,11,14,9,-3,75,88,18,2,1,1,G2 Esports,G2 Esports,7.0,13.0,1.0,2.0
https://www.vlr.gg/459536/g2-esports-vs-leviat-n-champions-tour-2025-americas-stage-1-w4,3,Haven,tex,LEV,Vyse,0.81,174,11,17,5,-6,80,103,41,3,0,3,G2 Esports,G2 Esports,7.0,13.0,1.0,2.0
https://www.vlr.gg/459536/g2-esports-vs-leviat-n-champions-tour-2025-americas-stage-1-w4,3,Haven,kiNgg,LEV,Omen,0.6,134,8,15,13,-7,65,97,30,0,4,-4,G2 Esports,G2 Esports,7.0,13.0,1.0,2.0
https://www.vlr.gg/459534/cloud9-vs-mibr-champions-tour-2025-americas-stage-1-w3,0,Pearl,v1c,C9,Astra,1.48,231,20,11,5,9,91,147,40,2,2,0,Cloud9,Cloud9,9.0,13.0,2.0,1.0
https://www.vlr.gg/459534/cloud9-vs-mibr-champions-tour-2025-americas-stage-1-w3,0,Pearl,Xeppaa,C9,Yoru,1.26,241,20,14,3,6,73,164,36,5,2,3,Cloud9,Cloud9,9.0,13.0,2.0,1.0
https://www.vlr.gg/459534/cloud9-vs-mibr-champions-tour-2025-americas-stage-1-w3,0,Pearl,neT,C9,Cypher,0.83,140,11,13,2,-2,64,85,23,0,1,-1,Cloud9,Cloud9,9.0,13.0,2.0,1.0
https://www.vlr.gg/459534/cloud9-vs-mibr-champions-tour-2025-americas-stage-1-w3,0,Pearl,OXY,C9,Jett,0.82,230,18,18,2,0,73,135,20,5,4,1,Cloud9,Cloud9,9.0,13.0,2.0,1.0
https://www.vlr.gg/459534/cloud9-vs-mibr-champions-tour-2025-americas-stage-1-w3,0,Pearl,mitch,C9,Sova,0.51,106,8,15,7,-7,73,78,29,0,1,-1,Cloud9,Cloud9,9.0,13.0,2.0,1.0
https://www.vlr.gg/459534/cloud9-vs-mibr-champions-tour-2025-americas-stage-1-w3,0,Pearl,cortezia,MIBR,Vyse,1.33,260,20,14,2,6,68,169,41,4,2,2,Cloud9,Cloud9,9.0,13.0,2.0,1.0
https://www.vlr.gg/459534/cloud9-vs-mibr-champions-tour-2025-americas-stage-1-w3,0,Pearl,Verno,MIBR,Tejo,1.04,203,15,14,5,1,73,141,24,1,1,0,Cloud9,Cloud9,9.0,13.0,2.0,1.0
https://www.vlr.gg/459534/cloud9-vs-mibr-champions-tour-2025-americas-stage-1-w3,0,Pearl,aspas,MIBR,Waylay,0.86,197,17,17,2,0,64,130,50,3,4,-1,Cloud9,Cloud9,9.0,13.0,2.0,1.0
https://www.vlr.gg/459534/cloud9-vs-mibr-champions-tour-2025-americas-stage-1-w3,0,Pearl,xenom,MIBR,Astra,0.78,139,10,14,9,-4,91,92,36,1,1,0,Cloud9,Cloud9,9.0,13.0,2.0,1.0
https://www.vlr.gg/459534/cloud9-vs-mibr-champions-tour-2025-americas-stage-1-w3,0,Pearl,artzin,MIBR,Kayo,0.54,133,9,18,7,-9,64,85,13,1,4,-3,Cloud9,Cloud9,9.0,13.0,2.0,1.0
https://www.vlr.gg/459534/cloud9-vs-mibr-champions-tour-2025-americas-stage-1-w3,1,AllMaps,v1c,C9,Astra,1.3,232,62,45,30,17,80,146,44,8,7,1,MIBR,Cloud9,37.0,37.0,2.0,1.0
https://www.vlr.gg/459534/cloud9-vs-mibr-champions-tour-2025-americas-stage-1-w3,1,AllMaps,OXY,C9,Jett,0.99,264,66,63,12,3,73,163,30,20,16,4,MIBR,Cloud9,37.0,37.0,2.0,1.0
https://www.vlr.gg/459534/cloud9-vs-mibr-champions-tour-2025-americas-stage-1-w3,1,AllMaps,Xeppaa,C9,Yoru,0.96,185,47,49,16,-2,81,123,26,7,4,3,MIBR,Cloud9,37.0,37.0,2.0,1.0
https://www.vlr.gg/459534/cloud9-vs-mibr-champions-tour-2025-americas-stage-1-w3,1,AllMaps,neT,C9,Cypher,0.88,155,42,47,13,-5,72,100,20,1,5,-4,MIBR,Cloud9,37.0,37.0,2.0,1.0
https://www.vlr.gg/459534/cloud9-vs-mibr-champions-tour-2025-americas-stage-1-w3,1,AllMaps,mitch,C9,Sova,0.76,138,36,53,34,-17,73,97,18,0,6,-6,MIBR,Cloud9,37.0,37.0,2.0,1.0
https://www.vlr.gg/459534/cloud9-vs-mibr-champions-tour-2025-americas-stage-1-w3,1,AllMaps,cortezia,MIBR,Vyse,1.21,247,63,49,16,14,70,158,36,10,4,6,MIBR,Cloud9,37.0,37.0,2.0,1.0
https://www.vlr.gg/459534/cloud9-vs-mibr-champions-tour-2025-americas-stage-1-w3,1,AllMaps,aspas,MIBR,Waylay,1.11,234,67,53,8,14,74,153,40,15,12,3,MIBR,Cloud9,37.0,37.0,2.0,1.0
https://www.vlr.gg/459534/cloud9-vs-mibr-champions-tour-2025-americas-stage-1-w3,1,AllMaps,Verno,MIBR,Tejo,1.04,172,45,42,24,3,78,116,24,2,1,1,MIBR,Cloud9,37.0,37.0,2.0,1.0
https://www.vlr.gg/459534/cloud9-vs-mibr-champions-tour-2025-americas-stage-1-w3,1,AllMaps,xenom,MIBR,Astra,0.88,169,45,51,36,-6,82,113,31,3,9,-6,MIBR,Cloud9,37.0,37.0,2.0,1.0
https://www.vlr.gg/459534/cloud9-vs-mibr-champions-tour-2025-americas-stage-1-w3,1,AllMaps,artzin,MIBR,Kayo,0.71,164,37,59,32,-22,74,110,20,8,10,-2,MIBR,Cloud9,37.0,37.0,2.0,1.0
https://www.vlr.gg/459534/cloud9-vs-mibr-champions-tour-2025-americas-stage-1-w3,2,Lotus,neT,C9,Cypher,1.25,225,23,17,8,6,75,142,22,1,1,0,MIBR,Cloud9,15.0,13.0,2.0,1.0
https://www.vlr.gg/459534/cloud9-vs-mibr-champions-tour-2025-americas-stage-1-w3,2,Lotus,mitch,C9,Breach,1.21,218,22,20,14,2,82,144,19,0,1,-1,MIBR,Cloud9,15.0,13.0,2.0,1.0
https://www.vlr.gg/459534/cloud9-vs-mibr-champions-tour-2025-americas-stage-1-w3,2,Lotus,v1c,C9,Omen,1.2,254,24,20,11,4,64,159,45,5,4,1,MIBR,Cloud9,15.0,13.0,2.0,1.0
https://www.vlr.gg/459534/cloud9-vs-mibr-champions-tour-2025-americas-stage-1-w3,2,Lotus,OXY,C9,Neon,0.8,237,21,25,7,-4,64,152,27,8,7,1,MIBR,Cloud9,15.0,13.0,2.0,1.0
https://www.vlr.gg/459534/cloud9-vs-mibr-champions-tour-2025-americas-stage-1-w3,2,Lotus,Xeppaa,C9,Tejo,0.6,104,10,20,6,-10,86,86,19,0,1,-1,MIBR,Cloud9,15.0,13.0,2.0,1.0
https://www.vlr.gg/459534/cloud9-vs-mibr-champions-tour-2025-americas-stage-1-w3,2,Lotus,Verno,MIBR,Tejo,1.2,188,19,16,13,3,86,125,26,1,0,1,MIBR,Cloud9,15.0,13.0,2.0,1.0
https://www.vlr.gg/459534/cloud9-vs-mibr-champions-tour-2025-americas-stage-1-w3,2,Lotus,cortezia,MIBR,Vyse,1.05,229,21,20,9,1,68,154,33,3,1,2,MIBR,Cloud9,15.0,13.0,2.0,1.0
https://www.vlr.gg/459534/cloud9-vs-mibr-champions-tour-2025-americas-stage-1-w3,2,Lotus,xenom,MIBR,Omen,1.03,208,22,20,12,2,75,135,28,1,7,-6,MIBR,Cloud9,15.0,13.0,2.0,1.0
https://www.vlr.gg/459534/cloud9-vs-mibr-champions-tour-2025-americas-stage-1-w3,2,Lotus,aspas,MIBR,Neon,0.89,202,23,22,3,1,71,139,30,5,4,1,MIBR,Cloud9,15.0,13.0,2.0,1.0
https://www.vlr.gg/459534/cloud9-vs-mibr-champions-tour-2025-americas-stage-1-w3,2,Lotus,artzin,MIBR,Breach,0.89,196,17,23,15,-6,82,121,27,4,2,2,MIBR,Cloud9,15.0,13.0,2.0,1.0
https://www.vlr.gg/459534/cloud9-vs-mibr-champions-tour-2025-americas-stage-1-w3,3,Haven,OXY,C9,Jett,1.38,326,27,20,3,7,83,203,47,7,5,2,MIBR,Cloud9,13.0,11.0,2.0,1.0
https://www.vlr.gg/459534/cloud9-vs-mibr-champions-tour-2025-americas-stage-1-w3,3,Haven,v1c,C9,Omen,1.27,211,18,14,14,4,88,128,48,1,1,0,MIBR,Cloud9,13.0,11.0,2.0,1.0
https://www.vlr.gg/459534/cloud9-vs-mibr-champions-tour-2025-americas-stage-1-w3,3,Haven,Xeppaa,C9,Sova,1.11,209,17,15,7,2,83,127,22,2,1,1,MIBR,Cloud9,13.0,11.0,2.0,1.0
https://www.vlr.gg/459534/cloud9-vs-mibr-champions-tour-2025-americas-stage-1-w3,3,Haven,neT,C9,Cypher,0.49,99,8,17,3,-9,75,67,12,0,3,-3,MIBR,Cloud9,13.0,11.0,2.0,1.0
https://www.vlr.gg/459534/cloud9-vs-mibr-champions-tour-2025-americas-stage-1-w3,3,Haven,mitch,C9,Breach,0.47,89,6,18,13,-12,63,58,10,0,4,-4,MIBR,Cloud9,13.0,11.0,2.0,1.0
https://www.vlr.gg/459534/cloud9-vs-mibr-champions-tour-2025-americas-stage-1-w3,3,Haven,aspas,MIBR,Jett,1.6,303,27,14,3,13,88,189,44,7,4,3,MIBR,Cloud9,13.0,11.0,2.0,1.0
https://www.vlr.gg/459534/cloud9-vs-mibr-champions-tour-2025-americas-stage-1-w3,3,Haven,cortezia,MIBR,Cypher,1.29,251,22,15,5,7,75,154,36,3,1,2,MIBR,Cloud9,13.0,11.0,2.0,1.0
https://www.vlr.gg/459534/cloud9-vs-mibr-champions-tour-2025-americas-stage-1-w3,3,Haven,Verno,MIBR,Tejo,0.86,124,11,12,6,-1,75,82,22,0,0,0,MIBR,Cloud9,13.0,11.0,2.0,1.0
https://www.vlr.gg/459534/cloud9-vs-mibr-champions-tour-2025-americas-stage-1-w3,3,Haven,xenom,MIBR,Omen,0.8,160,13,17,15,-4,83,106,32,1,1,0,MIBR,Cloud9,13.0,11.0,2.0,1.0
https://www.vlr.gg/459534/cloud9-vs-mibr-champions-tour-2025-americas-stage-1-w3,3,Haven,artzin,MIBR,Breach,0.64,163,11,18,10,-7,75,120,21,3,4,-1,MIBR,Cloud9,13.0,11.0,2.0,1.0
https://www.vlr.gg/459533/furia-vs-leviat-n-champions-tour-2025-americas-stage-1-w3,0,Ascent,pryze,FUR,Sova,1.2,256,14,13,4,1,82,153,26,0,1,-1,LEVIATÁN,FURIA,13.0,4.0,2.0,0.0
https://www.vlr.gg/459533/furia-vs-leviat-n-champions-tour-2025-americas-stage-1-w3,0,Ascent,Khalil,FUR,Omen,1.07,235,14,14,4,0,71,144,18,1,0,1,LEVIATÁN,FURIA,13.0,4.0,2.0,0.0
https://www.vlr.gg/459533/furia-vs-leviat-n-champions-tour-2025-americas-stage-1-w3,0,Ascent,heat,FUR,Vyse,0.69,149,9,14,4,-5,71,96,38,4,2,2,LEVIATÁN,FURIA,13.0,4.0,2.0,0.0
https://www.vlr.gg/459533/furia-vs-leviat-n-champions-tour-2025-americas-stage-1-w3,0,Ascent,havoc,FUR,Yoru,0.47,115,7,14,4,-7,59,87,33,2,4,-2,LEVIATÁN,FURIA,13.0,4.0,2.0,0.0
https://www.vlr.gg/459533/furia-vs-leviat-n-champions-tour-2025-americas-stage-1-w3,0,Ascent,raafa,FUR,Tejo,0.45,138,7,15,3,-8,59,95,16,1,2,-1,LEVIATÁN,FURIA,13.0,4.0,2.0,0.0
https://www.vlr.gg/459533/furia-vs-leviat-n-champions-tour-2025-americas-stage-1-w3,0,Ascent,C0M,LEV,Tejo,1.92,307,21,7,4,14,88,214,33,1,0,1,LEVIATÁN,FURIA,13.0,4.0,2.0,0.0
https://www.vlr.gg/459533/furia-vs-leviat-n-champions-tour-2025-americas-stage-1-w3,0,Ascent,Demon1,LEV,Omen,1.26,252,16,12,12,4,88,156,42,1,2,-1,LEVIATÁN,FURIA,13.0,4.0,2.0,0.0
https://www.vlr.gg/459533/furia-vs-leviat-n-champions-tour-2025-americas-stage-1-w3,0,Ascent,tex,LEV,Vyse,1.1,229,12,11,3,1,88,151,33,1,1,0,LEVIATÁN,FURIA,13.0,4.0,2.0,0.0
https://www.vlr.gg/459533/furia-vs-leviat-n-champions-tour-2025-americas-stage-1-w3,0,Ascent,kiNgg,LEV,Waylay,1.09,203,13,10,1,3,76,134,24,4,3,1,LEVIATÁN,FURIA,13.0,4.0,2.0,0.0
https://www.vlr.gg/459533/furia-vs-leviat-n-champions-tour-2025-americas-stage-1-w3,0,Ascent,Rossy,LEV,Kayo,0.76,117,8,11,9,-3,82,74,22,2,2,0,LEVIATÁN,FURIA,13.0,4.0,2.0,0.0
https://www.vlr.gg/459533/furia-vs-leviat-n-champions-tour-2025-americas-stage-1-w3,1,AllMaps,heat,FUR,Vyse,0.94,203,25,29,5,-4,60,126,39,4,3,1,LEVIATÁN,FURIA,26.0,9.0,2.0,0.0
https://www.vlr.gg/459533/furia-vs-leviat-n-champions-tour-2025-americas-stage-1-w3,1,AllMaps,Khalil,FUR,Omen,0.88,190,24,29,8,-5,71,123,26,3,1,2,LEVIATÁN,FURIA,26.0,9.0,2.0,0.0
https://www.vlr.gg/459533/furia-vs-leviat-n-champions-tour-2025-americas-stage-1-w3,1,AllMaps,pryze,FUR,Sova,0.73,177,20,29,6,-9,63,109,24,0,5,-5,LEVIATÁN,FURIA,26.0,9.0,2.0,0.0
https://www.vlr.gg/459533/furia-vs-leviat-n-champions-tour-2025-americas-stage-1-w3,1,AllMaps,raafa,FUR,Tejo,0.56,150,16,30,9,-14,60,105,14,1,6,-5,LEVIATÁN,FURIA,26.0,9.0,2.0,0.0
https://www.vlr.gg/459533/furia-vs-leviat-n-champions-tour-2025-americas-stage-1-w3,1,AllMaps,havoc,FUR,Yoru,0.49,133,17,30,4,-13,54,89,26,5,7,-2,LEVIATÁN,FURIA,26.0,9.0,2.0,0.0
https://www.vlr.gg/459533/furia-vs-leviat-n-champions-tour-2025-americas-stage-1-w3,1,AllMaps,C0M,LEV,Tejo,1.39,229,30,18,16,12,86,157,28,1,2,-1,LEVIATÁN,FURIA,26.0,9.0,2.0,0.0
https://www.vlr.gg/459533/furia-vs-leviat-n-champions-tour-2025-americas-stage-1-w3,1,AllMaps,kiNgg,LEV,Waylay,1.31,237,31,19,4,12,83,149,30,9,3,6,LEVIATÁN,FURIA,26.0,9.0,2.0,0.0
https://www.vlr.gg/459533/furia-vs-leviat-n-champions-tour-2025-americas-stage-1-w3,1,AllMaps,Demon1,LEV,Omen,1.29,242,33,22,18,11,89,156,42,4,2,2,LEVIATÁN,FURIA,26.0,9.0,2.0,0.0
https://www.vlr.gg/459533/furia-vs-leviat-n-champions-tour-2025-americas-stage-1-w3,1,AllMaps,tex,LEV,Vyse,1.27,248,31,21,6,10,89,153,33,4,1,3,LEVIATÁN,FURIA,26.0,9.0,2.0,0.0
https://www.vlr.gg/459533/furia-vs-leviat-n-champions-tour-2025-americas-stage-1-w3,1,AllMaps,Rossy,LEV,Kayo,0.99,158,22,22,11,0,77,109,36,4,5,-1,LEVIATÁN,FURIA,26.0,9.0,2.0,0.0
https://www.vlr.gg/459533/furia-vs-leviat-n-champions-tour-2025-americas-stage-1-w3,2,Pearl,heat,FUR,Vyse,1.18,257,16,15,1,1,50,155,40,0,1,-1,LEVIATÁN,FURIA,13.0,5.0,2.0,0.0
https://www.vlr.gg/459533/furia-vs-leviat-n-champions-tour-2025-americas-stage-1-w3,2,Pearl,Khalil,FUR,Astra,0.69,145,10,15,4,-5,72,102,42,2,1,1,LEVIATÁN,FURIA,13.0,5.0,2.0,0.0
https://www.vlr.gg/459533/furia-vs-leviat-n-champions-tour-2025-americas-stage-1-w3,2,Pearl,raafa,FUR,Tejo,0.66,162,9,15,6,-6,61,114,12,0,4,-4,LEVIATÁN,FURIA,13.0,5.0,2.0,0.0
https://www.vlr.gg/459533/furia-vs-leviat-n-champions-tour-2025-americas-stage-1-w3,2,Pearl,havoc,FUR,Yoru,0.5,151,10,16,0,-6,50,91,22,3,3,0,LEVIATÁN,FURIA,13.0,5.0,2.0,0.0
https://www.vlr.gg/459533/furia-vs-leviat-n-champions-tour-2025-americas-stage-1-w3,2,Pearl,pryze,FUR,Fade,0.28,98,6,16,2,-10,44,67,21,0,4,-4,LEVIATÁN,FURIA,13.0,5.0,2.0,0.0
https://www.vlr.gg/459533/furia-vs-leviat-n-champions-tour-2025-americas-stage-1-w3,2,Pearl,kiNgg,LEV,Yoru,1.51,270,18,9,3,9,89,164,35,5,0,5,LEVIATÁN,FURIA,13.0,5.0,2.0,0.0
https://www.vlr.gg/459533/furia-vs-leviat-n-champions-tour-2025-americas-stage-1-w3,2,Pearl,tex,LEV,Vyse,1.44,267,19,10,3,9,89,154,33,3,0,3,LEVIATÁN,FURIA,13.0,5.0,2.0,0.0
https://www.vlr.gg/459533/furia-vs-leviat-n-champions-tour-2025-americas-stage-1-w3,2,Pearl,Demon1,LEV,Astra,1.31,232,17,10,6,7,89,157,42,3,0,3,LEVIATÁN,FURIA,13.0,5.0,2.0,0.0
https://www.vlr.gg/459533/furia-vs-leviat-n-champions-tour-2025-americas-stage-1-w3,2,Pearl,Rossy,LEV,Tejo,1.21,198,14,11,2,3,72,141,46,2,3,-1,LEVIATÁN,FURIA,13.0,5.0,2.0,0.0
https://www.vlr.gg/459533/furia-vs-leviat-n-champions-tour-2025-americas-stage-1-w3,2,Pearl,C0M,LEV,Fade,0.9,150,9,11,12,-2,83,103,20,0,2,-2,LEVIATÁN,FURIA,13.0,5.0,2.0,0.0
https://www.vlr.gg/459532/g2-esports-vs-nrg-esports-champions-tour-2025-americas-stage-1-w3,0,Lotus,jawgemo,G2,Yoru,2.46,460,27,7,5,20,100,294,30,2,1,1,G2 Esports,G2 Esports,1.0,13.0,0.0,2.0
https://www.vlr.gg/459532/g2-esports-vs-nrg-esports-champions-tour-2025-americas-stage-1-w3,0,Lotus,leaf,G2,Viper,1.33,296,16,8,4,8,93,193,19,4,1,3,G2 Esports,G2 Esports,1.0,13.0,0.0,2.0
https://www.vlr.gg/459532/g2-esports-vs-nrg-esports-champions-tour-2025-americas-stage-1-w3,0,Lotus,valyn,G2,Omen,1.18,142,7,6,10,1,79,94,25,1,2,-1,G2 Esports,G2 Esports,1.0,13.0,0.0,2.0
https://www.vlr.gg/459532/g2-esports-vs-nrg-esports-champions-tour-2025-americas-stage-1-w3,0,Lotus,JonahP,G2,Breach,1.16,138,7,5,7,2,93,89,17,2,0,2,G2 Esports,G2 Esports,1.0,13.0,0.0,2.0
https://www.vlr.gg/459532/g2-esports-vs-nrg-esports-champions-tour-2025-americas-stage-1-w3,0,Lotus,trent,G2,Tejo,1.14,204,10,7,3,3,93,147,38,1,0,1,G2 Esports,G2 Esports,1.0,13.0,0.0,2.0
https://www.vlr.gg/459532/g2-esports-vs-nrg-esports-champions-tour-2025-americas-stage-1-w3,0,Lotus,brawk,NRG,Tejo,0.71,199,8,13,5,-5,64,139,23,0,2,-2,G2 Esports,G2 Esports,1.0,13.0,0.0,2.0
https://www.vlr.gg/459532/g2-esports-vs-nrg-esports-champions-tour-2025-americas-stage-1-w3,0,Lotus,Ethan,NRG,Breach,0.7,164,7,13,4,-6,64,106,8,0,0,0,G2 Esports,G2 Esports,1.0,13.0,0.0,2.0
https://www.vlr.gg/459532/g2-esports-vs-nrg-esports-champions-tour-2025-americas-stage-1-w3,0,Lotus,FiNESSE,NRG,Vyse,0.57,150,5,14,4,-9,43,114,18,2,0,2,G2 Esports,G2 Esports,1.0,13.0,0.0,2.0
https://www.vlr.gg/459532/g2-esports-vs-nrg-esports-champions-tour-2025-americas-stage-1-w3,0,Lotus,s0m,NRG,Omen,0.55,137,7,13,3,-6,64,82,26,0,4,-4,G2 Esports,G2 Esports,1.0,13.0,0.0,2.0
https://www.vlr.gg/459532/g2-esports-vs-nrg-esports-champions-tour-2025-americas-stage-1-w3,0,Lotus,mada,NRG,Raze,0.45,137,6,14,2,-8,71,97,29,2,4,-2,G2 Esports,G2 Esports,1.0,13.0,0.0,2.0
https://www.vlr.gg/459532/g2-esports-vs-nrg-esports-champions-tour-2025-americas-stage-1-w3,1,AllMaps,jawgemo,G2,Yoru,1.81,363,46,20,9,26,79,224,22,6,4,2,G2 Esports,G2 Esports,7.0,26.0,0.0,2.0
https://www.vlr.gg/459532/g2-esports-vs-nrg-esports-champions-tour-2025-americas-stage-1-w3,1,AllMaps,leaf,G2,Viper,1.22,244,31,19,7,12,79,144,21,7,1,6,G2 Esports,G2 Esports,7.0,26.0,0.0,2.0
https://www.vlr.gg/459532/g2-esports-vs-nrg-esports-champions-tour-2025-americas-stage-1-w3,1,AllMaps,trent,G2,Tejo,1.11,193,23,18,8,5,79,129,23,2,2,0,G2 Esports,G2 Esports,7.0,26.0,0.0,2.0
https://www.vlr.gg/459532/g2-esports-vs-nrg-esports-champions-tour-2025-americas-stage-1-w3,1,AllMaps,JonahP,G2,Breach,1.06,163,19,17,19,2,79,99,16,4,1,3,G2 Esports,G2 Esports,7.0,26.0,0.0,2.0
https://www.vlr.gg/459532/g2-esports-vs-nrg-esports-champions-tour-2025-americas-stage-1-w3,1,AllMaps,valyn,G2,Omen,0.95,168,19,22,17,-3,67,118,17,2,4,-2,G2 Esports,G2 Esports,7.0,26.0,0.0,2.0
https://www.vlr.gg/459532/g2-esports-vs-nrg-esports-champions-tour-2025-americas-stage-1-w3,1,AllMaps,brawk,NRG,Tejo,0.91,210,20,25,11,-5,76,155,19,1,5,-4,G2 Esports,G2 Esports,7.0,26.0,0.0,2.0
https://www.vlr.gg/459532/g2-esports-vs-nrg-esports-champions-tour-2025-americas-stage-1-w3,1,AllMaps,Ethan,NRG,Breach,0.9,188,20,27,15,-7,76,121,15,1,1,0,G2 Esports,G2 Esports,7.0,26.0,0.0,2.0
https://www.vlr.gg/459532/g2-esports-vs-nrg-esports-champions-tour-2025-americas-stage-1-w3,1,AllMaps,mada,NRG,Raze,0.73,186,21,30,5,-9,73,126,22,7,7,0,G2 Esports,G2 Esports,7.0,26.0,0.0,2.0
https://www.vlr.gg/459532/g2-esports-vs-nrg-esports-champions-tour-2025-americas-stage-1-w3,1,AllMaps,FiNESSE,NRG,Vyse,0.73,155,15,28,7,-13,55,115,28,3,3,0,G2 Esports,G2 Esports,7.0,26.0,0.0,2.0
https://www.vlr.gg/459532/g2-esports-vs-nrg-esports-champions-tour-2025-americas-stage-1-w3,1,AllMaps,s0m,NRG,Omen,0.69,160,20,28,10,-8,73,98,30,0,5,-5,G2 Esports,G2 Esports,7.0,26.0,0.0,2.0
https://www.vlr.gg/459532/g2-esports-vs-nrg-esports-champions-tour-2025-americas-stage-1-w3,2,Ascent,jawgemo,G2,Waylay,1.33,266,19,13,4,6,63,173,16,4,3,1,G2 Esports,G2 Esports,6.0,13.0,0.0,2.0
https://www.vlr.gg/459532/g2-esports-vs-nrg-esports-champions-tour-2025-americas-stage-1-w3,2,Ascent,leaf,G2,Vyse,1.13,192,15,11,3,4,68,107,22,3,0,3,G2 Esports,G2 Esports,6.0,13.0,0.0,2.0
https://www.vlr.gg/459532/g2-esports-vs-nrg-esports-champions-tour-2025-americas-stage-1-w3,2,Ascent,trent,G2,Tejo,1.1,181,13,11,5,2,68,115,12,1,2,-1,G2 Esports,G2 Esports,6.0,13.0,0.0,2.0
https://www.vlr.gg/459532/g2-esports-vs-nrg-esports-champions-tour-2025-americas-stage-1-w3,2,Ascent,JonahP,G2,Kayo,0.99,187,12,12,12,0,68,107,16,2,1,1,G2 Esports,G2 Esports,6.0,13.0,0.0,2.0
https://www.vlr.gg/459532/g2-esports-vs-nrg-esports-champions-tour-2025-americas-stage-1-w3,2,Ascent,valyn,G2,Omen,0.78,193,12,16,7,-4,58,135,14,1,2,-1,G2 Esports,G2 Esports,6.0,13.0,0.0,2.0
https://www.vlr.gg/459532/g2-esports-vs-nrg-esports-champions-tour-2025-americas-stage-1-w3,2,Ascent,Ethan,NRG,Kayo,1.05,212,13,14,11,-1,84,131,20,1,1,0,G2 Esports,G2 Esports,6.0,13.0,0.0,2.0
https://www.vlr.gg/459532/g2-esports-vs-nrg-esports-champions-tour-2025-americas-stage-1-w3,2,Ascent,brawk,NRG,Sova,1.05,220,12,12,6,0,84,167,17,1,3,-2,G2 Esports,G2 Esports,6.0,13.0,0.0,2.0
https://www.vlr.gg/459532/g2-esports-vs-nrg-esports-champions-tour-2025-americas-stage-1-w3,2,Ascent,mada,NRG,Jett,0.94,234,15,16,3,-1,74,147,18,5,3,2,G2 Esports,G2 Esports,6.0,13.0,0.0,2.0
https://www.vlr.gg/459532/g2-esports-vs-nrg-esports-champions-tour-2025-americas-stage-1-w3,2,Ascent,FiNESSE,NRG,Cypher,0.85,159,10,14,3,-4,63,116,35,1,3,-2,G2 Esports,G2 Esports,6.0,13.0,0.0,2.0
https://www.vlr.gg/459532/g2-esports-vs-nrg-esports-champions-tour-2025-americas-stage-1-w3,2,Ascent,s0m,NRG,Omen,0.8,182,13,15,7,-2,79,110,32,0,1,-1,G2 Esports,G2 Esports,6.0,13.0,0.0,2.0
https://www.vlr.gg/459528/leviat-n-vs-cloud9-champions-tour-2025-americas-stage-1-w2,0,Split,Demon1,LEV,Omen,1.1,193,14,14,6,0,62,129,50,2,1,1,Cloud9,LEVIATÁN,13.0,8.0,2.0,0.0
https://www.vlr.gg/459528/leviat-n-vs-cloud9-champions-tour-2025-americas-stage-1-w2,0,Split,Rossy,LEV,Breach,1.06,250,19,17,6,2,71,170,38,0,2,-2,Cloud9,LEVIATÁN,13.0,8.0,2.0,0.0
https://www.vlr.gg/459528/leviat-n-vs-cloud9-champions-tour-2025-americas-stage-1-w2,0,Split,kiNgg,LEV,Yoru,1.03,229,16,16,3,0,67,160,43,5,6,-1,Cloud9,LEVIATÁN,13.0,8.0,2.0,0.0
https://www.vlr.gg/459528/leviat-n-vs-cloud9-champions-tour-2025-americas-stage-1-w2,0,Split,C0M,LEV,Tejo,0.85,161,12,16,6,-4,76,105,19,0,1,-1,Cloud9,LEVIATÁN,13.0,8.0,2.0,0.0
https://www.vlr.gg/459528/leviat-n-vs-cloud9-champions-tour-2025-americas-stage-1-w2,0,Split,tex,LEV,Viper,0.62,133,9,16,5,-7,71,97,43,2,2,0,Cloud9,LEVIATÁN,13.0,8.0,2.0,0.0
https://www.vlr.gg/459528/leviat-n-vs-cloud9-champions-tour-2025-americas-stage-1-w2,0,Split,Xeppaa,C9,Tejo,1.33,244,19,12,4,7,81,164,24,0,3,-3,Cloud9,LEVIATÁN,13.0,8.0,2.0,0.0
https://www.vlr.gg/459528/leviat-n-vs-cloud9-champions-tour-2025-americas-stage-1-w2,0,Split,OXY,C9,Yoru,1.15,228,18,14,2,4,76,130,31,4,2,2,Cloud9,LEVIATÁN,13.0,8.0,2.0,0.0
https://www.vlr.gg/459528/leviat-n-vs-cloud9-champions-tour-2025-americas-stage-1-w2,0,Split,neT,C9,Viper,1.06,174,14,12,3,2,76,119,30,2,0,2,Cloud9,LEVIATÁN,13.0,8.0,2.0,0.0
https://www.vlr.gg/459528/leviat-n-vs-cloud9-champions-tour-2025-americas-stage-1-w2,0,Split,v1c,C9,Omen,0.97,233,18,15,6,3,81,131,30,3,2,1,Cloud9,LEVIATÁN,13.0,8.0,2.0,0.0
https://www.vlr.gg/459528/leviat-n-vs-cloud9-champions-tour-2025-americas-stage-1-w2,0,Split,mitch,C9,Breach,0.71,155,10,17,12,-7,71,101,22,3,2,1,Cloud9,LEVIATÁN,13.0,8.0,2.0,0.0
https://www.vlr.gg/459528/leviat-n-vs-cloud9-champions-tour-2025-americas-stage-1-w2,1,AllMaps,Demon1,LEV,Omen,0.96,193,24,30,11,-6,59,129,49,5,2,3,Cloud9,LEVIATÁN,26.0,11.0,2.0,0.0
https://www.vlr.gg/459528/leviat-n-vs-cloud9-champions-tour-2025-americas-stage-1-w2,1,AllMaps,kiNgg,LEV,Yoru,0.89,194,24,30,5,-6,57,137,36,5,8,-3,Cloud9,LEVIATÁN,26.0,11.0,2.0,0.0
https://www.vlr.gg/459528/leviat-n-vs-cloud9-champions-tour-2025-americas-stage-1-w2,1,AllMaps,Rossy,LEV,Breach,0.76,162,23,31,6,-8,57,122,36,0,5,-5,Cloud9,LEVIATÁN,26.0,11.0,2.0,0.0
https://www.vlr.gg/459528/leviat-n-vs-cloud9-champions-tour-2025-americas-stage-1-w2,1,AllMaps,tex,LEV,Viper,0.65,142,17,30,7,-13,57,103,43,4,7,-3,Cloud9,LEVIATÁN,26.0,11.0,2.0,0.0
https://www.vlr.gg/459528/leviat-n-vs-cloud9-champions-tour-2025-americas-stage-1-w2,1,AllMaps,C0M,LEV,Tejo,0.63,129,17,31,8,-14,65,91,20,0,1,-1,Cloud9,LEVIATÁN,26.0,11.0,2.0,0.0
https://www.vlr.gg/459528/leviat-n-vs-cloud9-champions-tour-2025-americas-stage-1-w2,1,AllMaps,v1c,C9,Omen,1.47,290,38,19,26,19,89,166,29,4,3,1,Cloud9,LEVIATÁN,26.0,11.0,2.0,0.0
https://www.vlr.gg/459528/leviat-n-vs-cloud9-champions-tour-2025-americas-stage-1-w2,1,AllMaps,Xeppaa,C9,Tejo,1.43,245,33,17,9,16,89,157,23,2,3,-1,Cloud9,LEVIATÁN,26.0,11.0,2.0,0.0
https://www.vlr.gg/459528/leviat-n-vs-cloud9-champions-tour-2025-americas-stage-1-w2,1,AllMaps,OXY,C9,Yoru,1.27,251,35,22,6,13,78,148,31,10,4,6,Cloud9,LEVIATÁN,26.0,11.0,2.0,0.0
https://www.vlr.gg/459528/leviat-n-vs-cloud9-champions-tour-2025-americas-stage-1-w2,1,AllMaps,neT,C9,Viper,1.03,179,25,21,6,4,81,122,35,3,1,2,Cloud9,LEVIATÁN,26.0,11.0,2.0,0.0
https://www.vlr.gg/459528/leviat-n-vs-cloud9-champions-tour-2025-americas-stage-1-w2,1,AllMaps,mitch,C9,Breach,0.87,169,21,26,17,-5,81,109,17,4,3,1,Cloud9,LEVIATÁN,26.0,11.0,2.0,0.0
https://www.vlr.gg/459528/leviat-n-vs-cloud9-champions-tour-2025-americas-stage-1-w2,2,Ascent,Demon1,LEV,Omen,0.79,193,10,16,5,-6,56,130,48,3,1,2,Cloud9,LEVIATÁN,13.0,3.0,2.0,0.0
https://www.vlr.gg/459528/leviat-n-vs-cloud9-champions-tour-2025-americas-stage-1-w2,2,Ascent,kiNgg,LEV,Yoru,0.7,159,8,14,2,-6,44,106,25,0,2,-2,Cloud9,LEVIATÁN,13.0,3.0,2.0,0.0
https://www.vlr.gg/459528/leviat-n-vs-cloud9-champions-tour-2025-americas-stage-1-w2,2,Ascent,tex,LEV,Cypher,0.69,151,8,14,2,-6,38,111,43,2,5,-3,Cloud9,LEVIATÁN,13.0,3.0,2.0,0.0
https://www.vlr.gg/459528/leviat-n-vs-cloud9-champions-tour-2025-americas-stage-1-w2,2,Ascent,Rossy,LEV,Deadlock,0.37,73,4,14,0,-10,38,60,29,0,3,-3,Cloud9,LEVIATÁN,13.0,3.0,2.0,0.0
https://www.vlr.gg/459528/leviat-n-vs-cloud9-champions-tour-2025-americas-stage-1-w2,2,Ascent,C0M,LEV,Sova,0.34,97,5,15,2,-10,50,74,22,0,0,0,Cloud9,LEVIATÁN,13.0,3.0,2.0,0.0
https://www.vlr.gg/459528/leviat-n-vs-cloud9-champions-tour-2025-americas-stage-1-w2,2,Ascent,v1c,C9,Omen,2.13,347,20,4,20,16,100,212,28,1,1,0,Cloud9,LEVIATÁN,13.0,3.0,2.0,0.0
https://www.vlr.gg/459528/leviat-n-vs-cloud9-champions-tour-2025-americas-stage-1-w2,2,Ascent,Xeppaa,C9,Vyse,1.56,246,14,5,5,9,100,149,21,2,0,2,Cloud9,LEVIATÁN,13.0,3.0,2.0,0.0
https://www.vlr.gg/459528/leviat-n-vs-cloud9-champions-tour-2025-americas-stage-1-w2,2,Ascent,OXY,C9,Yoru,1.42,274,17,8,4,9,81,170,30,6,2,4,Cloud9,LEVIATÁN,13.0,3.0,2.0,0.0
https://www.vlr.gg/459528/leviat-n-vs-cloud9-champions-tour-2025-americas-stage-1-w2,2,Ascent,mitch,C9,Sova,1.08,183,11,9,5,2,94,120,13,1,1,0,Cloud9,LEVIATÁN,13.0,3.0,2.0,0.0
https://www.vlr.gg/459528/leviat-n-vs-cloud9-champions-tour-2025-americas-stage-1-w2,2,Ascent,neT,C9,Deadlock,0.99,183,11,9,3,2,88,126,43,1,1,0,Cloud9,LEVIATÁN,13.0,3.0,2.0,0.0
https://www.vlr.gg/459526/g2-esports-vs-mibr-champions-tour-2025-americas-stage-1-w2,0,Pearl,trent,G2,Tejo,1.43,254,24,15,9,9,88,170,16,2,0,2,MIBR,G2 Esports,14.0,12.0,1.0,2.0
https://www.vlr.gg/459526/g2-esports-vs-mibr-champions-tour-2025-americas-stage-1-w2,0,Pearl,leaf,G2,Vyse,1.09,227,19,18,7,1,73,164,23,2,3,-1,MIBR,G2 Esports,14.0,12.0,1.0,2.0
https://www.vlr.gg/459526/g2-esports-vs-mibr-champions-tour-2025-americas-stage-1-w2,0,Pearl,valyn,G2,Astra,0.93,180,15,19,17,-4,77,115,20,4,4,0,MIBR,G2 Esports,14.0,12.0,1.0,2.0
https://www.vlr.gg/459526/g2-esports-vs-mibr-champions-tour-2025-americas-stage-1-w2,0,Pearl,jawgemo,G2,Yoru,0.85,178,19,21,4,-2,50,104,26,4,4,0,MIBR,G2 Esports,14.0,12.0,1.0,2.0
https://www.vlr.gg/459526/g2-esports-vs-mibr-champions-tour-2025-americas-stage-1-w2,0,Pearl,JonahP,G2,Fade,0.76,130,10,18,15,-8,81,92,22,1,2,-1,MIBR,G2 Esports,14.0,12.0,1.0,2.0
https://www.vlr.gg/459526/g2-esports-vs-mibr-champions-tour-2025-americas-stage-1-w2,0,Pearl,Verno,MIBR,Tejo,1.18,213,19,16,8,3,88,135,22,3,2,1,MIBR,G2 Esports,14.0,12.0,1.0,2.0
https://www.vlr.gg/459526/g2-esports-vs-mibr-champions-tour-2025-americas-stage-1-w2,0,Pearl,aspas,MIBR,Waylay,1.1,242,23,17,1,6,62,147,27,5,5,0,MIBR,G2 Esports,14.0,12.0,1.0,2.0
https://www.vlr.gg/459526/g2-esports-vs-mibr-champions-tour-2025-americas-stage-1-w2,0,Pearl,cortezia,MIBR,Vyse,1.03,191,18,17,6,1,73,109,50,2,2,0,MIBR,G2 Esports,14.0,12.0,1.0,2.0
https://www.vlr.gg/459526/g2-esports-vs-mibr-champions-tour-2025-americas-stage-1-w2,0,Pearl,xenom,MIBR,Astra,0.91,140,15,16,5,-1,73,89,48,0,1,-1,MIBR,G2 Esports,14.0,12.0,1.0,2.0
https://www.vlr.gg/459526/g2-esports-vs-mibr-champions-tour-2025-americas-stage-1-w2,0,Pearl,artzin,MIBR,Kayo,0.74,193,16,21,4,-5,65,124,18,3,3,0,MIBR,G2 Esports,14.0,12.0,1.0,2.0
https://www.vlr.gg/459526/g2-esports-vs-mibr-champions-tour-2025-americas-stage-1-w2,1,AllMaps,leaf,G2,Vyse,1.25,248,58,49,25,9,82,171,24,6,5,1,G2 Esports,G2 Esports,33.0,38.0,1.0,2.0
https://www.vlr.gg/459526/g2-esports-vs-mibr-champions-tour-2025-americas-stage-1-w2,1,AllMaps,jawgemo,G2,Yoru,1.15,230,64,51,11,13,59,142,26,11,17,-6,G2 Esports,G2 Esports,33.0,38.0,1.0,2.0
https://www.vlr.gg/459526/g2-esports-vs-mibr-champions-tour-2025-americas-stage-1-w2,1,AllMaps,trent,G2,Tejo,1.04,200,46,49,30,-3,76,138,18,4,3,1,G2 Esports,G2 Esports,33.0,38.0,1.0,2.0
https://www.vlr.gg/459526/g2-esports-vs-mibr-champions-tour-2025-americas-stage-1-w2,1,AllMaps,valyn,G2,Astra,0.95,178,44,50,31,-6,82,114,23,5,9,-4,G2 Esports,G2 Esports,33.0,38.0,1.0,2.0
https://www.vlr.gg/459526/g2-esports-vs-mibr-champions-tour-2025-americas-stage-1-w2,1,AllMaps,JonahP,G2,Fade,0.92,156,35,47,39,-12,79,101,22,7,4,3,G2 Esports,G2 Esports,33.0,38.0,1.0,2.0
https://www.vlr.gg/459526/g2-esports-vs-mibr-champions-tour-2025-americas-stage-1-w2,1,AllMaps,Verno,MIBR,Tejo,1.14,225,54,44,23,10,77,143,23,6,3,3,G2 Esports,G2 Esports,33.0,38.0,1.0,2.0
https://www.vlr.gg/459526/g2-esports-vs-mibr-champions-tour-2025-americas-stage-1-w2,1,AllMaps,aspas,MIBR,Waylay,1.03,223,57,49,7,8,76,141,26,13,12,1,G2 Esports,G2 Esports,33.0,38.0,1.0,2.0
https://www.vlr.gg/459526/g2-esports-vs-mibr-champions-tour-2025-americas-stage-1-w2,1,AllMaps,cortezia,MIBR,Vyse,1.01,207,54,51,14,3,69,130,42,5,7,-2,G2 Esports,G2 Esports,33.0,38.0,1.0,2.0
https://www.vlr.gg/459526/g2-esports-vs-mibr-champions-tour-2025-americas-stage-1-w2,1,AllMaps,xenom,MIBR,Astra,0.94,163,43,46,27,-3,75,100,31,2,1,1,G2 Esports,G2 Esports,33.0,38.0,1.0,2.0
https://www.vlr.gg/459526/g2-esports-vs-mibr-champions-tour-2025-americas-stage-1-w2,1,AllMaps,artzin,MIBR,Kayo,0.73,174,38,57,28,-19,69,118,18,12,10,2,G2 Esports,G2 Esports,33.0,38.0,1.0,2.0
https://www.vlr.gg/459526/g2-esports-vs-mibr-champions-tour-2025-americas-stage-1-w2,2,Haven,valyn,G2,Astra,1.45,271,23,16,7,7,88,169,26,1,1,0,G2 Esports,G2 Esports,11.0,13.0,1.0,2.0
https://www.vlr.gg/459526/g2-esports-vs-mibr-champions-tour-2025-americas-stage-1-w2,2,Haven,jawgemo,G2,Yoru,1.09,224,20,17,5,3,63,150,23,2,8,-6,G2 Esports,G2 Esports,11.0,13.0,1.0,2.0
https://www.vlr.gg/459526/g2-esports-vs-mibr-champions-tour-2025-americas-stage-1-w2,2,Haven,JonahP,G2,Breach,0.99,150,11,15,12,-4,67,99,24,3,2,1,G2 Esports,G2 Esports,11.0,13.0,1.0,2.0
https://www.vlr.gg/459526/g2-esports-vs-mibr-champions-tour-2025-americas-stage-1-w2,2,Haven,leaf,G2,Vyse,0.98,205,14,18,11,-4,79,143,17,3,1,2,G2 Esports,G2 Esports,11.0,13.0,1.0,2.0
https://www.vlr.gg/459526/g2-esports-vs-mibr-champions-tour-2025-americas-stage-1-w2,2,Haven,trent,G2,Tejo,0.51,98,8,18,5,-10,54,65,12,0,3,-3,G2 Esports,G2 Esports,11.0,13.0,1.0,2.0
https://www.vlr.gg/459526/g2-esports-vs-mibr-champions-tour-2025-americas-stage-1-w2,2,Haven,xenom,MIBR,Omen,1.14,201,17,14,11,3,79,118,33,1,0,1,G2 Esports,G2 Esports,11.0,13.0,1.0,2.0
https://www.vlr.gg/459526/g2-esports-vs-mibr-champions-tour-2025-americas-stage-1-w2,2,Haven,cortezia,MIBR,Cypher,1.13,230,20,16,4,4,75,150,39,2,1,1,G2 Esports,G2 Esports,11.0,13.0,1.0,2.0
https://www.vlr.gg/459526/g2-esports-vs-mibr-champions-tour-2025-americas-stage-1-w2,2,Haven,aspas,MIBR,Jett,1.06,200,18,14,3,4,79,127,24,4,4,0,G2 Esports,G2 Esports,11.0,13.0,1.0,2.0
https://www.vlr.gg/459526/g2-esports-vs-mibr-champions-tour-2025-americas-stage-1-w2,2,Haven,artzin,MIBR,Breach,0.96,198,14,18,18,-4,83,134,23,5,3,2,G2 Esports,G2 Esports,11.0,13.0,1.0,2.0
https://www.vlr.gg/459526/g2-esports-vs-mibr-champions-tour-2025-americas-stage-1-w2,2,Haven,Verno,MIBR,Tejo,0.89,179,15,14,8,1,71,116,20,3,1,2,G2 Esports,G2 Esports,11.0,13.0,1.0,2.0
https://www.vlr.gg/459526/g2-esports-vs-mibr-champions-tour-2025-americas-stage-1-w2,3,Ascent,leaf,G2,Vyse,1.76,312,25,13,7,12,95,213,31,1,1,0,G2 Esports,G2 Esports,8.0,13.0,1.0,2.0
https://www.vlr.gg/459526/g2-esports-vs-mibr-champions-tour-2025-americas-stage-1-w2,3,Ascent,jawgemo,G2,Waylay,1.61,288,25,13,2,12,67,180,31,5,5,0,G2 Esports,G2 Esports,8.0,13.0,1.0,2.0
https://www.vlr.gg/459526/g2-esports-vs-mibr-champions-tour-2025-americas-stage-1-w2,3,Ascent,trent,G2,Tejo,1.15,247,14,16,16,-2,86,182,22,2,0,2,G2 Esports,G2 Esports,8.0,13.0,1.0,2.0
https://www.vlr.gg/459526/g2-esports-vs-mibr-champions-tour-2025-americas-stage-1-w2,3,Ascent,JonahP,G2,Kayo,1.01,189,14,14,12,0,90,116,19,3,0,3,G2 Esports,G2 Esports,8.0,13.0,1.0,2.0
https://www.vlr.gg/459526/g2-esports-vs-mibr-champions-tour-2025-americas-stage-1-w2,3,Ascent,valyn,G2,Omen,0.4,83,6,15,7,-9,81,51,24,0,4,-4,G2 Esports,G2 Esports,8.0,13.0,1.0,2.0
https://www.vlr.gg/459526/g2-esports-vs-mibr-champions-tour-2025-americas-stage-1-w2,3,Ascent,Verno,MIBR,Sova,1.39,284,20,14,7,6,71,184,27,0,0,0,G2 Esports,G2 Esports,8.0,13.0,1.0,2.0
https://www.vlr.gg/459526/g2-esports-vs-mibr-champions-tour-2025-americas-stage-1-w2,3,Ascent,aspas,MIBR,Jett,0.92,226,16,18,3,-2,90,150,26,4,3,1,G2 Esports,G2 Esports,8.0,13.0,1.0,2.0
https://www.vlr.gg/459526/g2-esports-vs-mibr-champions-tour-2025-americas-stage-1-w2,3,Ascent,cortezia,MIBR,Cypher,0.87,200,16,18,4,-2,57,133,40,1,4,-3,G2 Esports,G2 Esports,8.0,13.0,1.0,2.0
https://www.vlr.gg/459526/g2-esports-vs-mibr-champions-tour-2025-americas-stage-1-w2,3,Ascent,xenom,MIBR,Omen,0.76,148,11,16,11,-5,71,93,19,1,0,1,G2 Esports,G2 Esports,8.0,13.0,1.0,2.0
https://www.vlr.gg/459526/g2-esports-vs-mibr-champions-tour-2025-americas-stage-1-w2,3,Ascent,artzin,MIBR,Kayo,0.46,131,8,18,6,-10,57,92,14,4,4,0,G2 Esports,G2 Esports,8.0,13.0,1.0,2.0
https://www.vlr.gg/459523/nrg-esports-vs-furia-champions-tour-2025-americas-stage-1-w2,0,Lotus,s0m,NRG,Omen,1.58,298,25,13,9,12,74,214,33,3,2,1,FURIA,FURIA,10.0,13.0,2.0,1.0
https://www.vlr.gg/459523/nrg-esports-vs-furia-champions-tour-2025-americas-stage-1-w2,0,Lotus,FiNESSE,NRG,Vyse,0.93,204,15,18,8,-3,74,129,37,3,1,2,FURIA,FURIA,10.0,13.0,2.0,1.0
https://www.vlr.gg/459523/nrg-esports-vs-furia-champions-tour-2025-americas-stage-1-w2,0,Lotus,brawk,NRG,Tejo,0.92,175,14,16,7,-2,74,112,20,1,0,1,FURIA,FURIA,10.0,13.0,2.0,1.0
https://www.vlr.gg/459523/nrg-esports-vs-furia-champions-tour-2025-americas-stage-1-w2,0,Lotus,Ethan,NRG,Breach,0.92,147,11,14,7,-3,74,96,11,3,3,0,FURIA,FURIA,10.0,13.0,2.0,1.0
https://www.vlr.gg/459523/nrg-esports-vs-furia-champions-tour-2025-americas-stage-1-w2,0,Lotus,mada,NRG,Neon,0.6,132,10,16,5,-6,52,100,24,3,4,-1,FURIA,FURIA,10.0,13.0,2.0,1.0
https://www.vlr.gg/459523/nrg-esports-vs-furia-champions-tour-2025-americas-stage-1-w2,0,Lotus,havoc,FUR,Neon,1.26,268,22,17,3,5,74,161,44,3,3,0,FURIA,NRG,13.0,10.0,1.0,2.0
https://www.vlr.gg/459523/nrg-esports-vs-furia-champions-tour-2025-americas-stage-1-w2,0,Lotus,pryze,FUR,Fade,1.1,180,15,13,1,2,61,121,25,1,2,-1,FURIA,NRG,13.0,10.0,1.0,2.0
https://www.vlr.gg/459523/nrg-esports-vs-furia-champions-tour-2025-americas-stage-1-w2,0,Lotus,Khalil,FUR,Omen,0.96,156,12,14,12,-2,74,107,33,2,1,1,FURIA,NRG,13.0,10.0,1.0,2.0
https://www.vlr.gg/459523/nrg-esports-vs-furia-champions-tour-2025-americas-stage-1-w2,0,Lotus,heat,FUR,Clove,0.92,195,17,16,5,1,70,120,41,4,3,1,FURIA,NRG,13.0,10.0,1.0,2.0
https://www.vlr.gg/459523/nrg-esports-vs-furia-champions-tour-2025-americas-stage-1-w2,0,Lotus,raafa,FUR,Breach,0.79,118,11,15,9,-4,65,81,42,0,4,-4,FURIA,NRG,13.0,10.0,1.0,2.0
https://www.vlr.gg/459523/nrg-esports-vs-furia-champions-tour-2025-americas-stage-1-w2,1,AllMaps,s0m,NRG,Omen,1.43,223,49,24,24,25,82,160,34,6,4,2,NRG,FURIA,36.0,19.0,2.0,1.0
https://www.vlr.gg/459523/nrg-esports-vs-furia-champions-tour-2025-americas-stage-1-w2,1,AllMaps,mada,NRG,Neon,1.33,276,52,33,12,19,69,169,27,15,10,5,NRG,FURIA,36.0,19.0,2.0,1.0
https://www.vlr.gg/459523/nrg-esports-vs-furia-champions-tour-2025-americas-stage-1-w2,1,AllMaps,Ethan,NRG,Breach,1.25,199,35,26,23,9,82,123,21,7,4,3,NRG,FURIA,36.0,19.0,2.0,1.0
https://www.vlr.gg/459523/nrg-esports-vs-furia-champions-tour-2025-americas-stage-1-w2,1,AllMaps,brawk,NRG,Tejo,1.18,163,35,26,22,9,82,107,21,2,0,2,NRG,FURIA,36.0,19.0,2.0,1.0
https://www.vlr.gg/459523/nrg-esports-vs-furia-champions-tour-2025-americas-stage-1-w2,1,AllMaps,FiNESSE,NRG,Vyse,0.97,167,32,34,21,-2,78,119,22,5,2,3,NRG,FURIA,36.0,19.0,2.0,1.0
https://www.vlr.gg/459523/nrg-esports-vs-furia-champions-tour-2025-americas-stage-1-w2,1,AllMaps,pryze,FUR,Fade,0.98,158,30,35,4,-5,55,112,30,3,3,0,NRG,NRG,19.0,36.0,1.0,2.0
https://www.vlr.gg/459523/nrg-esports-vs-furia-champions-tour-2025-americas-stage-1-w2,1,AllMaps,Khalil,FUR,Omen,0.85,163,30,40,16,-10,65,107,25,3,2,1,NRG,NRG,19.0,36.0,1.0,2.0
https://www.vlr.gg/459523/nrg-esports-vs-furia-champions-tour-2025-americas-stage-1-w2,1,AllMaps,heat,FUR,Clove,0.63,139,30,41,7,-11,64,98,42,6,6,0,NRG,NRG,19.0,36.0,1.0,2.0
https://www.vlr.gg/459523/nrg-esports-vs-furia-champions-tour-2025-americas-stage-1-w2,1,AllMaps,havoc,FUR,Neon,0.63,154,31,47,7,-16,56,105,38,8,14,-6,NRG,NRG,19.0,36.0,1.0,2.0
https://www.vlr.gg/459523/nrg-esports-vs-furia-champions-tour-2025-americas-stage-1-w2,1,AllMaps,raafa,FUR,Breach,0.6,113,22,40,17,-18,65,71,31,0,10,-10,NRG,NRG,19.0,36.0,1.0,2.0
https://www.vlr.gg/459523/nrg-esports-vs-furia-champions-tour-2025-americas-stage-1-w2,2,Pearl,brawk,NRG,Sova,1.76,209,14,4,9,10,87,129,26,1,0,1,NRG,FURIA,13.0,2.0,2.0,1.0
https://www.vlr.gg/459523/nrg-esports-vs-furia-champions-tour-2025-americas-stage-1-w2,2,Pearl,Ethan,NRG,Yoru,1.58,278,15,7,6,8,80,165,33,4,1,3,NRG,FURIA,13.0,2.0,2.0,1.0
https://www.vlr.gg/459523/nrg-esports-vs-furia-champions-tour-2025-americas-stage-1-w2,2,Pearl,mada,NRG,Jett,1.49,289,16,8,4,8,80,186,29,4,3,1,NRG,FURIA,13.0,2.0,2.0,1.0
https://www.vlr.gg/459523/nrg-esports-vs-furia-champions-tour-2025-americas-stage-1-w2,2,Pearl,s0m,NRG,Astra,1.34,198,12,5,7,7,87,126,24,1,0,1,NRG,FURIA,13.0,2.0,2.0,1.0
https://www.vlr.gg/459523/nrg-esports-vs-furia-champions-tour-2025-americas-stage-1-w2,2,Pearl,FiNESSE,NRG,Killjoy,0.86,103,4,7,7,-3,87,92,13,1,0,1,NRG,FURIA,13.0,2.0,2.0,1.0
https://www.vlr.gg/459523/nrg-esports-vs-furia-champions-tour-2025-americas-stage-1-w2,2,Pearl,pryze,FUR,Sova,1.02,174,8,9,0,-1,53,120,29,2,0,2,NRG,NRG,2.0,13.0,1.0,2.0
https://www.vlr.gg/459523/nrg-esports-vs-furia-champions-tour-2025-americas-stage-1-w2,2,Pearl,Khalil,FUR,Astra,0.62,123,6,12,2,-6,53,83,19,0,1,-1,NRG,NRG,2.0,13.0,1.0,2.0
https://www.vlr.gg/459523/nrg-esports-vs-furia-champions-tour-2025-americas-stage-1-w2,2,Pearl,raafa,FUR,Kayo,0.52,149,7,13,3,-6,67,92,26,0,4,-4,NRG,NRG,2.0,13.0,1.0,2.0
https://www.vlr.gg/459523/nrg-esports-vs-furia-champions-tour-2025-americas-stage-1-w2,2,Pearl,heat,FUR,Cypher,0.31,90,5,13,0,-8,40,74,43,0,1,-1,NRG,NRG,2.0,13.0,1.0,2.0
https://www.vlr.gg/459523/nrg-esports-vs-furia-champions-tour-2025-americas-stage-1-w2,2,Pearl,havoc,FUR,Neon,0.27,113,5,14,2,-9,53,76,35,2,5,-3,NRG,NRG,2.0,13.0,1.0,2.0
https://www.vlr.gg/459523/nrg-esports-vs-furia-champions-tour-2025-americas-stage-1-w2,3,Fracture,mada,NRG,Raze,2.17,406,26,9,3,17,82,248,29,8,3,5,NRG,FURIA,13.0,4.0,2.0,1.0
https://www.vlr.gg/459523/nrg-esports-vs-furia-champions-tour-2025-americas-stage-1-w2,3,Fracture,Ethan,NRG,Breach,1.42,173,9,5,10,4,94,123,20,0,0,0,NRG,FURIA,13.0,4.0,2.0,1.0
https://www.vlr.gg/459523/nrg-esports-vs-furia-champions-tour-2025-americas-stage-1-w2,3,Fracture,s0m,NRG,Brimstone,1.31,174,12,6,8,6,88,117,46,2,2,0,NRG,FURIA,13.0,4.0,2.0,1.0
https://www.vlr.gg/459523/nrg-esports-vs-furia-champions-tour-2025-americas-stage-1-w2,3,Fracture,FiNESSE,NRG,Cypher,1.13,195,13,9,6,4,76,131,16,1,1,0,NRG,FURIA,13.0,4.0,2.0,1.0
https://www.vlr.gg/459523/nrg-esports-vs-furia-champions-tour-2025-americas-stage-1-w2,3,Fracture,brawk,NRG,Tejo,1.0,106,7,6,6,1,88,81,17,0,0,0,NRG,FURIA,13.0,4.0,2.0,1.0
https://www.vlr.gg/459523/nrg-esports-vs-furia-champions-tour-2025-americas-stage-1-w2,3,Fracture,Khalil,FUR,Brimstone,0.91,209,12,14,2,-2,65,129,21,1,0,1,NRG,NRG,4.0,13.0,1.0,2.0
https://www.vlr.gg/459523/nrg-esports-vs-furia-champions-tour-2025-americas-stage-1-w2,3,Fracture,pryze,FUR,Tejo,0.77,120,7,13,3,-6,47,94,40,0,1,-1,NRG,NRG,4.0,13.0,1.0,2.0
https://www.vlr.gg/459523/nrg-esports-vs-furia-champions-tour-2025-americas-stage-1-w2,3,Fracture,heat,FUR,Cypher,0.53,131,8,12,2,-4,76,89,44,2,2,0,NRG,NRG,4.0,13.0,1.0,2.0
https://www.vlr.gg/459523/nrg-esports-vs-furia-champions-tour-2025-americas-stage-1-w2,3,Fracture,raafa,FUR,Breach,0.42,71,4,12,5,-8,65,40,20,0,2,-2,NRG,NRG,4.0,13.0,1.0,2.0
https://www.vlr.gg/459523/nrg-esports-vs-furia-champions-tour-2025-americas-stage-1-w2,3,Fracture,havoc,FUR,Raze,0.09,80,4,16,2,-12,35,56,19,3,6,-3,NRG,NRG,4.0,13.0,1.0,2.0
https://www.vlr.gg/459520/mibr-vs-leviat-n-champions-tour-2025-americas-stage-1-w1,0,Split,cortezia,MIBR,Cypher,1.27,206,16,10,3,6,85,122,41,4,0,4,MIBR,LEVIATÁN,13.0,7.0,2.0,0.0
https://www.vlr.gg/459520/mibr-vs-leviat-n-champions-tour-2025-americas-stage-1-w1,0,Split,xenom,MIBR,Astra,1.26,229,17,12,6,5,75,141,17,2,2,0,MIBR,LEVIATÁN,13.0,7.0,2.0,0.0
https://www.vlr.gg/459520/mibr-vs-leviat-n-champions-tour-2025-americas-stage-1-w1,0,Split,artzin,MIBR,Breach,1.25,296,22,17,8,5,80,167,19,4,1,3,MIBR,LEVIATÁN,13.0,7.0,2.0,0.0
https://www.vlr.gg/459520/mibr-vs-leviat-n-champions-tour-2025-americas-stage-1-w1,0,Split,Verno,MIBR,Tejo,1.07,176,12,12,8,0,80,141,30,0,3,-3,MIBR,LEVIATÁN,13.0,7.0,2.0,0.0
https://www.vlr.gg/459520/mibr-vs-leviat-n-champions-tour-2025-americas-stage-1-w1,0,Split,aspas,MIBR,Jett,0.75,126,8,10,4,-2,70,83,15,2,2,0,MIBR,LEVIATÁN,13.0,7.0,2.0,0.0
https://www.vlr.gg/459520/mibr-vs-leviat-n-champions-tour-2025-americas-stage-1-w1,0,Split,C0M,LEV,Tejo,0.96,195,12,16,9,-4,85,140,23,1,2,-1,MIBR,MIBR,7.0,13.0,0.0,2.0
https://www.vlr.gg/459520/mibr-vs-leviat-n-champions-tour-2025-americas-stage-1-w1,0,Split,Rossy,LEV,Breach,0.92,188,13,15,8,-2,65,120,34,2,1,1,MIBR,MIBR,7.0,13.0,0.0,2.0
https://www.vlr.gg/459520/mibr-vs-leviat-n-champions-tour-2025-americas-stage-1-w1,0,Split,kiNgg,LEV,Yoru,0.83,178,13,15,1,-2,70,114,24,3,4,-1,MIBR,MIBR,7.0,13.0,0.0,2.0
https://www.vlr.gg/459520/mibr-vs-leviat-n-champions-tour-2025-americas-stage-1-w1,0,Split,tex,LEV,Viper,0.78,195,14,15,2,-1,65,128,52,2,1,1,MIBR,MIBR,7.0,13.0,0.0,2.0
https://www.vlr.gg/459520/mibr-vs-leviat-n-champions-tour-2025-americas-stage-1-w1,0,Split,Demon1,LEV,Omen,0.7,136,9,14,7,-5,70,95,24,0,4,-4,MIBR,MIBR,7.0,13.0,0.0,2.0
https://www.vlr.gg/459520/mibr-vs-leviat-n-champions-tour-2025-americas-stage-1-w1,1,AllMaps,xenom,MIBR,Astra,1.4,232,37,21,14,16,80,150,23,5,4,1,MIBR,LEVIATÁN,26.0,15.0,2.0,0.0
https://www.vlr.gg/459520/mibr-vs-leviat-n-champions-tour-2025-americas-stage-1-w1,1,AllMaps,artzin,MIBR,Breach,1.23,283,41,33,15,8,78,166,24,9,3,6,MIBR,LEVIATÁN,26.0,15.0,2.0,0.0
https://www.vlr.gg/459520/mibr-vs-leviat-n-champions-tour-2025-americas-stage-1-w1,1,AllMaps,cortezia,MIBR,Cypher,0.99,180,28,25,6,3,71,114,36,6,4,2,MIBR,LEVIATÁN,26.0,15.0,2.0,0.0
https://www.vlr.gg/459520/mibr-vs-leviat-n-champions-tour-2025-americas-stage-1-w1,1,AllMaps,Verno,MIBR,Tejo,0.99,163,23,25,17,-2,76,134,33,0,4,-4,MIBR,LEVIATÁN,26.0,15.0,2.0,0.0
https://www.vlr.gg/459520/mibr-vs-leviat-n-champions-tour-2025-americas-stage-1-w1,1,AllMaps,aspas,MIBR,Jett,0.95,171,25,21,7,4,76,112,12,2,4,-2,MIBR,LEVIATÁN,26.0,15.0,2.0,0.0
https://www.vlr.gg/459520/mibr-vs-leviat-n-champions-tour-2025-americas-stage-1-w1,1,AllMaps,tex,LEV,Viper,1.03,225,34,30,2,4,63,151,48,8,2,6,MIBR,MIBR,15.0,26.0,0.0,2.0
https://www.vlr.gg/459520/mibr-vs-leviat-n-champions-tour-2025-americas-stage-1-w1,1,AllMaps,C0M,LEV,Tejo,0.94,195,25,32,11,-7,76,143,26,3,3,0,MIBR,MIBR,15.0,26.0,0.0,2.0
https://www.vlr.gg/459520/mibr-vs-leviat-n-champions-tour-2025-americas-stage-1-w1,1,AllMaps,Rossy,LEV,Breach,0.89,181,26,32,14,-6,68,119,35,2,2,0,MIBR,MIBR,15.0,26.0,0.0,2.0
https://www.vlr.gg/459520/mibr-vs-leviat-n-champions-tour-2025-americas-stage-1-w1,1,AllMaps,Demon1,LEV,Omen,0.79,138,21,28,10,-7,66,103,33,1,5,-4,MIBR,MIBR,15.0,26.0,0.0,2.0
https://www.vlr.gg/459520/mibr-vs-leviat-n-champions-tour-2025-americas-stage-1-w1,1,AllMaps,kiNgg,LEV,Yoru,0.64,141,19,32,7,-13,68,93,20,5,10,-5,MIBR,MIBR,15.0,26.0,0.0,2.0
https://www.vlr.gg/459520/mibr-vs-leviat-n-champions-tour-2025-americas-stage-1-w1,2,Icebox,xenom,MIBR,Viper,1.53,234,20,9,8,11,86,158,31,3,2,1,MIBR,LEVIATÁN,13.0,8.0,2.0,0.0
https://www.vlr.gg/459520/mibr-vs-leviat-n-champions-tour-2025-americas-stage-1-w1,2,Icebox,artzin,MIBR,Harbor,1.21,269,19,16,7,3,76,164,36,5,2,3,MIBR,LEVIATÁN,13.0,8.0,2.0,0.0
https://www.vlr.gg/459520/mibr-vs-leviat-n-champions-tour-2025-americas-stage-1-w1,2,Icebox,aspas,MIBR,Jett,1.14,216,17,11,3,6,81,140,10,0,2,-2,MIBR,LEVIATÁN,13.0,8.0,2.0,0.0
https://www.vlr.gg/459520/mibr-vs-leviat-n-champions-tour-2025-americas-stage-1-w1,2,Icebox,Verno,MIBR,Sova,0.92,150,11,13,9,-2,71,128,38,0,1,-1,MIBR,LEVIATÁN,13.0,8.0,2.0,0.0
https://www.vlr.gg/459520/mibr-vs-leviat-n-champions-tour-2025-americas-stage-1-w1,2,Icebox,cortezia,MIBR,Killjoy,0.71,153,12,15,3,-3,57,107,31,2,4,-2,MIBR,LEVIATÁN,13.0,8.0,2.0,0.0
https://www.vlr.gg/459520/mibr-vs-leviat-n-champions-tour-2025-americas-stage-1-w1,2,Icebox,tex,LEV,Killjoy,1.28,255,20,15,0,5,62,173,45,6,1,5,MIBR,MIBR,8.0,13.0,0.0,2.0
https://www.vlr.gg/459520/mibr-vs-leviat-n-champions-tour-2025-americas-stage-1-w1,2,Icebox,C0M,LEV,Sova,0.92,194,13,16,2,-3,67,146,30,2,1,1,MIBR,MIBR,8.0,13.0,0.0,2.0
https://www.vlr.gg/459520/mibr-vs-leviat-n-champions-tour-2025-americas-stage-1-w1,2,Icebox,Demon1,LEV,Viper,0.88,140,12,14,3,-2,62,110,46,1,1,0,MIBR,MIBR,8.0,13.0,0.0,2.0
https://www.vlr.gg/459520/mibr-vs-leviat-n-champions-tour-2025-americas-stage-1-w1,2,Icebox,Rossy,LEV,Tejo,0.87,174,13,17,6,-4,71,119,35,0,1,-1,MIBR,MIBR,8.0,13.0,0.0,2.0
https://www.vlr.gg/459520/mibr-vs-leviat-n-champions-tour-2025-americas-stage-1-w1,2,Icebox,kiNgg,LEV,Yoru,0.45,103,6,17,6,-11,67,73,15,2,6,-4,MIBR,MIBR,8.0,13.0,0.0,2.0
https://www.vlr.gg/459519/g2-esports-vs-furia-champions-tour-2025-americas-stage-1-w1,0,Lotus,trent,G2,Tejo,1.23,211,17,13,6,4,91,137,29,2,4,-2,G2 Esports,G2 Esports,10.0,13.0,0.0,2.0
https://www.vlr.gg/459519/g2-esports-vs-furia-champions-tour-2025-americas-stage-1-w1,0,Lotus,valyn,G2,Omen,1.2,257,20,16,8,4,78,156,32,3,1,2,G2 Esports,G2 Esports,10.0,13.0,0.0,2.0
https://www.vlr.gg/459519/g2-esports-vs-furia-champions-tour-2025-americas-stage-1-w1,0,Lotus,leaf,G2,Viper,1.05,183,16,15,4,1,57,138,19,2,3,-1,G2 Esports,G2 Esports,10.0,13.0,0.0,2.0
https://www.vlr.gg/459519/g2-esports-vs-furia-champions-tour-2025-americas-stage-1-w1,0,Lotus,jawgemo,G2,Yoru,1.0,201,17,16,3,1,65,125,27,4,2,2,G2 Esports,G2 Esports,10.0,13.0,0.0,2.0
https://www.vlr.gg/459519/g2-esports-vs-furia-champions-tour-2025-americas-stage-1-w1,0,Lotus,JonahP,G2,Breach,0.89,198,15,18,7,-3,78,146,37,0,2,-2,G2 Esports,G2 Esports,10.0,13.0,0.0,2.0
https://www.vlr.gg/459519/g2-esports-vs-furia-champions-tour-2025-americas-stage-1-w1,0,Lotus,pryze,FUR,Fade,1.17,222,18,15,8,3,83,149,29,2,1,1,G2 Esports,G2 Esports,10.0,13.0,0.0,2.0
https://www.vlr.gg/459519/g2-esports-vs-furia-champions-tour-2025-americas-stage-1-w1,0,Lotus,raafa,FUR,Breach,0.92,167,13,14,8,-1,74,114,23,3,1,2,G2 Esports,G2 Esports,10.0,13.0,0.0,2.0
https://www.vlr.gg/459519/g2-esports-vs-furia-champions-tour-2025-americas-stage-1-w1,0,Lotus,Khalil,FUR,Omen,0.82,191,16,18,6,-2,65,137,28,1,5,-4,G2 Esports,G2 Esports,10.0,13.0,0.0,2.0
https://www.vlr.gg/459519/g2-esports-vs-furia-champions-tour-2025-americas-stage-1-w1,0,Lotus,havoc,FUR,Neon,0.81,243,19,21,4,-2,70,138,37,6,4,2,G2 Esports,G2 Esports,10.0,13.0,0.0,2.0
https://www.vlr.gg/459519/g2-esports-vs-furia-champions-tour-2025-americas-stage-1-w1,0,Lotus,heat,FUR,Clove,0.66,130,12,17,7,-5,61,97,57,0,0,0,G2 Esports,G2 Esports,10.0,13.0,0.0,2.0
https://www.vlr.gg/459519/g2-esports-vs-furia-champions-tour-2025-americas-stage-1-w1,1,AllMaps,leaf,G2,Viper,1.25,245,37,30,11,7,72,173,34,4,4,0,G2 Esports,G2 Esports,17.0,26.0,0.0,2.0
https://www.vlr.gg/459519/g2-esports-vs-furia-champions-tour-2025-americas-stage-1-w1,1,AllMaps,jawgemo,G2,Yoru,1.24,234,37,27,6,10,72,145,24,8,3,5,G2 Esports,G2 Esports,17.0,26.0,0.0,2.0
https://www.vlr.gg/459519/g2-esports-vs-furia-champions-tour-2025-americas-stage-1-w1,1,AllMaps,valyn,G2,Omen,1.23,221,36,26,14,10,74,136,32,8,2,6,G2 Esports,G2 Esports,17.0,26.0,0.0,2.0
https://www.vlr.gg/459519/g2-esports-vs-furia-champions-tour-2025-americas-stage-1-w1,1,AllMaps,JonahP,G2,Breach,0.99,186,27,28,19,-1,81,130,34,2,4,-2,G2 Esports,G2 Esports,17.0,26.0,0.0,2.0
https://www.vlr.gg/459519/g2-esports-vs-furia-champions-tour-2025-americas-stage-1-w1,1,AllMaps,trent,G2,Tejo,0.85,129,20,25,9,-5,77,90,25,3,5,-2,G2 Esports,G2 Esports,17.0,26.0,0.0,2.0
https://www.vlr.gg/459519/g2-esports-vs-furia-champions-tour-2025-americas-stage-1-w1,1,AllMaps,havoc,FUR,Neon,0.91,242,36,37,6,-1,65,137,37,10,6,4,G2 Esports,G2 Esports,17.0,26.0,0.0,2.0
https://www.vlr.gg/459519/g2-esports-vs-furia-champions-tour-2025-americas-stage-1-w1,1,AllMaps,pryze,FUR,Fade,0.88,166,26,29,11,-3,74,112,33,2,2,0,G2 Esports,G2 Esports,17.0,26.0,0.0,2.0
https://www.vlr.gg/459519/g2-esports-vs-furia-champions-tour-2025-americas-stage-1-w1,1,AllMaps,Khalil,FUR,Omen,0.85,174,27,30,7,-3,67,120,32,2,9,-7,G2 Esports,G2 Esports,17.0,26.0,0.0,2.0
https://www.vlr.gg/459519/g2-esports-vs-furia-champions-tour-2025-americas-stage-1-w1,1,AllMaps,raafa,FUR,Breach,0.79,157,22,29,12,-7,65,112,19,4,4,0,G2 Esports,G2 Esports,17.0,26.0,0.0,2.0
https://www.vlr.gg/459519/g2-esports-vs-furia-champions-tour-2025-americas-stage-1-w1,1,AllMaps,heat,FUR,Clove,0.77,162,25,32,9,-7,58,115,45,0,4,-4,G2 Esports,G2 Esports,17.0,26.0,0.0,2.0
https://www.vlr.gg/459519/g2-esports-vs-furia-champions-tour-2025-americas-stage-1-w1,2,Ascent,jawgemo,G2,Waylay,1.52,266,20,11,3,9,80,169,22,4,1,3,G2 Esports,G2 Esports,7.0,13.0,0.0,2.0
https://www.vlr.gg/459519/g2-esports-vs-furia-champions-tour-2025-americas-stage-1-w1,2,Ascent,leaf,G2,Vyse,1.48,307,21,15,7,6,90,214,46,2,1,1,G2 Esports,G2 Esports,7.0,13.0,0.0,2.0
https://www.vlr.gg/459519/g2-esports-vs-furia-champions-tour-2025-americas-stage-1-w1,2,Ascent,valyn,G2,Omen,1.27,184,16,10,6,6,70,113,31,5,1,4,G2 Esports,G2 Esports,7.0,13.0,0.0,2.0
https://www.vlr.gg/459519/g2-esports-vs-furia-champions-tour-2025-americas-stage-1-w1,2,Ascent,JonahP,G2,Kayo,1.12,173,12,10,12,2,85,111,30,2,2,0,G2 Esports,G2 Esports,7.0,13.0,0.0,2.0
https://www.vlr.gg/459519/g2-esports-vs-furia-champions-tour-2025-americas-stage-1-w1,2,Ascent,trent,G2,Tejo,0.43,47,3,12,3,-9,60,36,13,1,1,0,G2 Esports,G2 Esports,7.0,13.0,0.0,2.0
https://www.vlr.gg/459519/g2-esports-vs-furia-champions-tour-2025-americas-stage-1-w1,2,Ascent,havoc,FUR,Yoru,1.03,240,17,16,2,1,60,135,37,4,2,2,G2 Esports,G2 Esports,7.0,13.0,0.0,2.0
https://www.vlr.gg/459519/g2-esports-vs-furia-champions-tour-2025-americas-stage-1-w1,2,Ascent,heat,FUR,Vyse,0.9,193,13,15,2,-2,55,136,37,0,4,-4,G2 Esports,G2 Esports,7.0,13.0,0.0,2.0
https://www.vlr.gg/459519/g2-esports-vs-furia-champions-tour-2025-americas-stage-1-w1,2,Ascent,Khalil,FUR,Omen,0.88,157,11,12,1,-1,70,99,39,1,4,-3,G2 Esports,G2 Esports,7.0,13.0,0.0,2.0
https://www.vlr.gg/459519/g2-esports-vs-furia-champions-tour-2025-americas-stage-1-w1,2,Ascent,raafa,FUR,Kayo,0.64,147,9,15,4,-6,55,110,16,1,3,-2,G2 Esports,G2 Esports,7.0,13.0,0.0,2.0
https://www.vlr.gg/459519/g2-esports-vs-furia-champions-tour-2025-americas-stage-1-w1,2,Ascent,pryze,FUR,Sova,0.54,109,8,14,3,-6,65,68,50,0,1,-1,G2 Esports,G2 Esports,7.0,13.0,0.0,2.0
https://www.vlr.gg/459517/cloud9-vs-nrg-esports-champions-tour-2025-americas-stage-1-w1,0,Lotus,neT,C9,Deadlock,1.06,227,16,16,2,0,63,139,42,2,1,1,NRG,Cloud9,13.0,6.0,1.0,2.0
https://www.vlr.gg/459517/cloud9-vs-nrg-esports-champions-tour-2025-americas-stage-1-w1,0,Lotus,mitch,C9,Breach,0.78,164,11,15,2,-4,63,110,31,1,3,-2,NRG,Cloud9,13.0,6.0,1.0,2.0
https://www.vlr.gg/459517/cloud9-vs-nrg-esports-champions-tour-2025-americas-stage-1-w1,0,Lotus,Xeppaa,C9,Tejo,0.76,183,11,16,3,-5,68,129,30,2,2,0,NRG,Cloud9,13.0,6.0,1.0,2.0
https://www.vlr.gg/459517/cloud9-vs-nrg-esports-champions-tour-2025-americas-stage-1-w1,0,Lotus,v1c,C9,Omen,0.74,152,10,16,3,-6,58,109,31,1,2,-1,NRG,Cloud9,13.0,6.0,1.0,2.0
https://www.vlr.gg/459517/cloud9-vs-nrg-esports-champions-tour-2025-americas-stage-1-w1,0,Lotus,OXY,C9,Raze,0.44,149,9,18,1,-9,47,111,25,1,4,-3,NRG,Cloud9,13.0,6.0,1.0,2.0
https://www.vlr.gg/459517/cloud9-vs-nrg-esports-champions-tour-2025-americas-stage-1-w1,0,Lotus,s0m,NRG,Omen,1.63,346,24,11,5,13,84,218,32,4,1,3,NRG,Cloud9,13.0,6.0,1.0,2.0
https://www.vlr.gg/459517/cloud9-vs-nrg-esports-champions-tour-2025-americas-stage-1-w1,0,Lotus,brawk,NRG,Tejo,1.49,237,19,9,7,10,84,148,27,1,0,1,NRG,Cloud9,13.0,6.0,1.0,2.0
https://www.vlr.gg/459517/cloud9-vs-nrg-esports-champions-tour-2025-americas-stage-1-w1,0,Lotus,Ethan,NRG,Breach,1.27,248,18,14,11,4,100,152,22,2,1,1,NRG,Cloud9,13.0,6.0,1.0,2.0
https://www.vlr.gg/459517/cloud9-vs-nrg-esports-champions-tour-2025-americas-stage-1-w1,0,Lotus,FiNESSE,NRG,Vyse,1.11,156,10,8,8,2,89,117,13,0,0,0,NRG,Cloud9,13.0,6.0,1.0,2.0
https://www.vlr.gg/459517/cloud9-vs-nrg-esports-champions-tour-2025-americas-stage-1-w1,0,Lotus,mada,NRG,Neon,0.61,172,10,15,5,-5,63,107,26,5,5,0,NRG,Cloud9,13.0,6.0,1.0,2.0
https://www.vlr.gg/459517/cloud9-vs-nrg-esports-champions-tour-2025-americas-stage-1-w1,1,AllMaps,Xeppaa,C9,Tejo,1.19,238,50,40,13,10,73,156,29,6,6,0,Cloud9,Cloud9,27.0,32.0,1.0,2.0
https://www.vlr.gg/459517/cloud9-vs-nrg-esports-champions-tour-2025-americas-stage-1-w1,1,AllMaps,mitch,C9,Breach,1.05,206,45,42,24,3,78,133,24,4,4,0,Cloud9,Cloud9,27.0,32.0,1.0,2.0
https://www.vlr.gg/459517/cloud9-vs-nrg-esports-champions-tour-2025-americas-stage-1-w1,1,AllMaps,neT,C9,Deadlock,0.99,177,39,38,11,1,64,113,46,7,4,3,Cloud9,Cloud9,27.0,32.0,1.0,2.0
https://www.vlr.gg/459517/cloud9-vs-nrg-esports-champions-tour-2025-americas-stage-1-w1,1,AllMaps,OXY,C9,Raze,0.99,239,48,51,9,-3,69,159,27,9,7,2,Cloud9,Cloud9,27.0,32.0,1.0,2.0
https://www.vlr.gg/459517/cloud9-vs-nrg-esports-champions-tour-2025-americas-stage-1-w1,1,AllMaps,v1c,C9,Omen,0.97,147,32,39,35,-7,71,92,27,5,7,-2,Cloud9,Cloud9,27.0,32.0,1.0,2.0
https://www.vlr.gg/459517/cloud9-vs-nrg-esports-champions-tour-2025-americas-stage-1-w1,1,AllMaps,s0m,NRG,Omen,1.33,257,52,40,37,12,83,167,28,6,4,2,Cloud9,Cloud9,27.0,32.0,1.0,2.0
https://www.vlr.gg/459517/cloud9-vs-nrg-esports-champions-tour-2025-americas-stage-1-w1,1,AllMaps,brawk,NRG,Tejo,1.05,183,44,40,14,4,71,120,25,2,4,-2,Cloud9,Cloud9,27.0,32.0,1.0,2.0
https://www.vlr.gg/459517/cloud9-vs-nrg-esports-champions-tour-2025-americas-stage-1-w1,1,AllMaps,mada,NRG,Neon,0.95,222,44,46,16,-2,68,143,23,11,11,0,Cloud9,Cloud9,27.0,32.0,1.0,2.0
https://www.vlr.gg/459517/cloud9-vs-nrg-esports-champions-tour-2025-americas-stage-1-w1,1,AllMaps,FiNESSE,NRG,Vyse,0.8,165,32,41,12,-9,73,123,21,4,7,-3,Cloud9,Cloud9,27.0,32.0,1.0,2.0
https://www.vlr.gg/459517/cloud9-vs-nrg-esports-champions-tour-2025-americas-stage-1-w1,1,AllMaps,Ethan,NRG,Breach,0.77,189,38,48,20,-10,69,114,17,5,5,0,Cloud9,Cloud9,27.0,32.0,1.0,2.0
https://www.vlr.gg/459517/cloud9-vs-nrg-esports-champions-tour-2025-americas-stage-1-w1,2,Fracture,Xeppaa,C9,Tejo,1.81,309,22,9,3,13,78,202,27,2,2,0,Cloud9,Cloud9,5.0,13.0,1.0,2.0
https://www.vlr.gg/459517/cloud9-vs-nrg-esports-champions-tour-2025-americas-stage-1-w1,2,Fracture,mitch,C9,Breach,1.34,243,16,12,14,4,89,149,20,0,1,-1,Cloud9,Cloud9,5.0,13.0,1.0,2.0
https://www.vlr.gg/459517/cloud9-vs-nrg-esports-champions-tour-2025-americas-stage-1-w1,2,Fracture,neT,C9,Cypher,1.07,160,11,9,4,2,61,99,58,2,2,0,Cloud9,Cloud9,5.0,13.0,1.0,2.0
https://www.vlr.gg/459517/cloud9-vs-nrg-esports-champions-tour-2025-americas-stage-1-w1,2,Fracture,v1c,C9,Brimstone,1.04,143,10,11,16,-1,89,76,11,2,1,1,Cloud9,Cloud9,5.0,13.0,1.0,2.0
https://www.vlr.gg/459517/cloud9-vs-nrg-esports-champions-tour-2025-americas-stage-1-w1,2,Fracture,OXY,C9,Neon,0.91,254,15,17,5,-2,78,169,34,4,2,2,Cloud9,Cloud9,5.0,13.0,1.0,2.0
https://www.vlr.gg/459517/cloud9-vs-nrg-esports-champions-tour-2025-americas-stage-1-w1,2,Fracture,mada,NRG,Raze,1.09,229,15,14,3,1,72,145,18,2,1,1,Cloud9,Cloud9,5.0,13.0,1.0,2.0
https://www.vlr.gg/459517/cloud9-vs-nrg-esports-champions-tour-2025-americas-stage-1-w1,2,Fracture,Ethan,NRG,Breach,0.89,220,14,15,6,-1,83,131,22,2,1,1,Cloud9,Cloud9,5.0,13.0,1.0,2.0
https://www.vlr.gg/459517/cloud9-vs-nrg-esports-champions-tour-2025-americas-stage-1-w1,2,Fracture,s0m,NRG,Brimstone,0.84,169,10,15,16,-5,78,113,22,1,3,-2,Cloud9,Cloud9,5.0,13.0,1.0,2.0
https://www.vlr.gg/459517/cloud9-vs-nrg-esports-champions-tour-2025-americas-stage-1-w1,2,Fracture,brawk,NRG,Tejo,0.61,147,10,16,3,-6,56,103,23,0,1,-1,Cloud9,Cloud9,5.0,13.0,1.0,2.0
https://www.vlr.gg/459517/cloud9-vs-nrg-esports-champions-tour-2025-americas-stage-1-w1,2,Fracture,FiNESSE,NRG,Cypher,0.61,161,9,15,3,-6,56,120,20,3,4,-1,Cloud9,Cloud9,5.0,13.0,1.0,2.0
https://www.vlr.gg/459517/cloud9-vs-nrg-esports-champions-tour-2025-americas-stage-1-w1,3,Pearl,OXY,C9,Jett,1.52,313,24,16,3,8,82,193,23,4,1,3,Cloud9,Cloud9,9.0,13.0,1.0,2.0
https://www.vlr.gg/459517/cloud9-vs-nrg-esports-champions-tour-2025-americas-stage-1-w1,3,Pearl,v1c,C9,Astra,1.12,145,12,12,16,0,68,91,35,2,4,-2,Cloud9,Cloud9,9.0,13.0,1.0,2.0
https://www.vlr.gg/459517/cloud9-vs-nrg-esports-champions-tour-2025-americas-stage-1-w1,3,Pearl,Xeppaa,C9,Yoru,1.04,223,17,15,7,2,73,142,30,2,2,0,Cloud9,Cloud9,9.0,13.0,1.0,2.0
https://www.vlr.gg/459517/cloud9-vs-nrg-esports-champions-tour-2025-americas-stage-1-w1,3,Pearl,mitch,C9,Sova,1.04,211,18,15,8,3,82,140,23,3,0,3,Cloud9,Cloud9,9.0,13.0,1.0,2.0
https://www.vlr.gg/459517/cloud9-vs-nrg-esports-champions-tour-2025-americas-stage-1-w1,3,Pearl,neT,C9,Cypher,0.87,143,12,13,5,-1,68,101,41,3,1,2,Cloud9,Cloud9,9.0,13.0,1.0,2.0
https://www.vlr.gg/459517/cloud9-vs-nrg-esports-champions-tour-2025-americas-stage-1-w1,3,Pearl,s0m,NRG,Astra,1.49,257,18,14,16,4,86,167,28,1,0,1,Cloud9,Cloud9,9.0,13.0,1.0,2.0
https://www.vlr.gg/459517/cloud9-vs-nrg-esports-champions-tour-2025-americas-stage-1-w1,3,Pearl,mada,NRG,Neon,1.13,264,19,17,8,2,68,172,25,4,5,-1,Cloud9,Cloud9,9.0,13.0,1.0,2.0
https://www.vlr.gg/459517/cloud9-vs-nrg-esports-champions-tour-2025-americas-stage-1-w1,3,Pearl,brawk,NRG,Sova,1.04,166,15,15,4,0,73,110,23,1,3,-2,Cloud9,Cloud9,9.0,13.0,1.0,2.0
https://www.vlr.gg/459517/cloud9-vs-nrg-esports-champions-tour-2025-americas-stage-1-w1,3,Pearl,FiNESSE,NRG,Killjoy,0.68,179,13,18,1,-5,73,131,30,1,3,-2,Cloud9,Cloud9,9.0,13.0,1.0,2.0
https://www.vlr.gg/459517/cloud9-vs-nrg-esports-champions-tour-2025-americas-stage-1-w1,3,Pearl,Ethan,NRG,Yoru,0.25,99,6,19,3,-13,32,67,3,1,3,-2,Cloud9,Cloud9,9.0,13.0,1.0,2.0
https://www.vlr.gg/427991/evil-geniuses-vs-loud-champions-tour-2025-americas-kickoff-ur1,0,Split,yay,EG,Chamber,1.06,180,18,15,1,3,54,112,22,5,3,2,LOUD,Evil Geniuses,14.0,12.0,2.0,0.0
https://www.vlr.gg/427991/evil-geniuses-vs-loud-champions-tour-2025-americas-kickoff-ur1,0,Split,icy,EG,Raze,0.99,204,18,18,6,0,69,146,19,1,3,-2,LOUD,Evil Geniuses,14.0,12.0,2.0,0.0
https://www.vlr.gg/427991/evil-geniuses-vs-loud-champions-tour-2025-americas-kickoff-ur1,0,Split,NaturE,EG,Viper,0.89,197,17,17,4,0,69,127,22,4,1,3,LOUD,Evil Geniuses,14.0,12.0,2.0,0.0
https://www.vlr.gg/427991/evil-geniuses-vs-loud-champions-tour-2025-americas-kickoff-ur1,0,Split,supamen,EG,Omen,0.86,154,15,17,8,-2,73,94,13,2,1,1,LOUD,Evil Geniuses,14.0,12.0,2.0,0.0
https://www.vlr.gg/427991/evil-geniuses-vs-loud-champions-tour-2025-americas-kickoff-ur1,0,Split,Derrek,EG,Skye,0.63,140,12,19,13,-7,69,89,32,1,5,-4,LOUD,Evil Geniuses,14.0,12.0,2.0,0.0
https://www.vlr.gg/427991/evil-geniuses-vs-loud-champions-tour-2025-americas-kickoff-ur1,0,Split,dgzin,LOUD,Raze,1.63,299,28,14,2,14,69,185,21,7,3,4,LOUD,Evil Geniuses,14.0,12.0,2.0,0.0
https://www.vlr.gg/427991/evil-geniuses-vs-loud-champions-tour-2025-americas-kickoff-ur1,0,Split,cauanzin,LOUD,Tejo,1.15,239,19,18,9,1,62,161,30,1,6,-5,LOUD,Evil Geniuses,14.0,12.0,2.0,0.0
https://www.vlr.gg/427991/evil-geniuses-vs-loud-champions-tour-2025-americas-kickoff-ur1,0,Split,pANcada,LOUD,Astra,1.0,129,10,13,12,-3,77,93,29,1,1,0,LOUD,Evil Geniuses,14.0,12.0,2.0,0.0
https://www.vlr.gg/427991/evil-geniuses-vs-loud-champions-tour-2025-americas-kickoff-ur1,0,Split,v1nny,LOUD,Breach,0.94,131,13,16,12,-3,69,93,33,1,2,-1,LOUD,Evil Geniuses,14.0,12.0,2.0,0.0
https://www.vlr.gg/427991/evil-geniuses-vs-loud-champions-tour-2025-americas-kickoff-ur1,0,Split,tuyz,LOUD,Cypher,0.82,164,16,19,8,-3,73,104,33,3,1,2,LOUD,Evil Geniuses,14.0,12.0,2.0,0.0
https://www.vlr.gg/427991/evil-geniuses-vs-loud-champions-tour-2025-americas-kickoff-ur1,1,AllMaps,yay,EG,Chamber,1.0,209,35,33,9,2,57,142,29,8,6,2,LOUD,Evil Geniuses,27.0,22.0,2.0,0.0
https://www.vlr.gg/427991/evil-geniuses-vs-loud-champions-tour-2025-americas-kickoff-ur1,1,AllMaps,NaturE,EG,Viper,0.97,198,33,34,9,-1,71,132,24,5,2,3,LOUD,Evil Geniuses,27.0,22.0,2.0,0.0
https://www.vlr.gg/427991/evil-geniuses-vs-loud-champions-tour-2025-americas-kickoff-ur1,1,AllMaps,icy,EG,Raze,0.95,193,34,35,7,-1,65,135,20,4,8,-4,LOUD,Evil Geniuses,27.0,22.0,2.0,0.0
https://www.vlr.gg/427991/evil-geniuses-vs-loud-champions-tour-2025-americas-kickoff-ur1,1,AllMaps,supamen,EG,Omen,0.93,162,30,31,14,-1,69,95,25,3,4,-1,LOUD,Evil Geniuses,27.0,22.0,2.0,0.0
https://www.vlr.gg/427991/evil-geniuses-vs-loud-champions-tour-2025-americas-kickoff-ur1,1,AllMaps,Derrek,EG,Skye,0.81,161,25,34,23,-9,73,109,31,3,6,-3,LOUD,Evil Geniuses,27.0,22.0,2.0,0.0
https://www.vlr.gg/427991/evil-geniuses-vs-loud-champions-tour-2025-americas-kickoff-ur1,1,AllMaps,dgzin,LOUD,Raze,1.26,245,41,30,8,11,69,165,25,13,6,7,LOUD,Evil Geniuses,27.0,22.0,2.0,0.0
https://www.vlr.gg/427991/evil-geniuses-vs-loud-champions-tour-2025-americas-kickoff-ur1,1,AllMaps,cauanzin,LOUD,Tejo,1.22,260,41,35,11,6,65,172,33,5,8,-3,LOUD,Evil Geniuses,27.0,22.0,2.0,0.0
https://www.vlr.gg/427991/evil-geniuses-vs-loud-champions-tour-2025-americas-kickoff-ur1,1,AllMaps,v1nny,LOUD,Breach,1.19,191,33,29,27,4,76,134,30,2,3,-1,LOUD,Evil Geniuses,27.0,22.0,2.0,0.0
https://www.vlr.gg/427991/evil-geniuses-vs-loud-champions-tour-2025-americas-kickoff-ur1,1,AllMaps,pANcada,LOUD,Astra,0.98,159,28,29,19,-1,82,107,37,2,2,0,LOUD,Evil Geniuses,27.0,22.0,2.0,0.0
https://www.vlr.gg/427991/evil-geniuses-vs-loud-champions-tour-2025-americas-kickoff-ur1,1,AllMaps,tuyz,LOUD,Cypher,0.71,129,24,34,15,-10,65,85,29,4,4,0,LOUD,Evil Geniuses,27.0,22.0,2.0,0.0
https://www.vlr.gg/427991/evil-geniuses-vs-loud-champions-tour-2025-americas-kickoff-ur1,2,Pearl,NaturE,EG,Vyse,1.06,198,16,17,5,-1,74,138,26,1,1,0,LOUD,Evil Geniuses,13.0,10.0,2.0,0.0
https://www.vlr.gg/427991/evil-geniuses-vs-loud-champions-tour-2025-americas-kickoff-ur1,2,Pearl,supamen,EG,Astra,1.01,169,15,14,6,1,65,97,48,1,3,-2,LOUD,Evil Geniuses,13.0,10.0,2.0,0.0
https://www.vlr.gg/427991/evil-geniuses-vs-loud-champions-tour-2025-americas-kickoff-ur1,2,Pearl,Derrek,EG,Sova,1.0,182,13,15,10,-2,78,131,30,2,1,1,LOUD,Evil Geniuses,13.0,10.0,2.0,0.0
https://www.vlr.gg/427991/evil-geniuses-vs-loud-champions-tour-2025-americas-kickoff-ur1,2,Pearl,yay,EG,Phoenix,0.92,237,17,18,8,-1,61,175,35,3,3,0,LOUD,Evil Geniuses,13.0,10.0,2.0,0.0
https://www.vlr.gg/427991/evil-geniuses-vs-loud-champions-tour-2025-americas-kickoff-ur1,2,Pearl,icy,EG,Jett,0.89,182,16,17,1,-1,61,122,22,3,5,-2,LOUD,Evil Geniuses,13.0,10.0,2.0,0.0
https://www.vlr.gg/427991/evil-geniuses-vs-loud-champions-tour-2025-americas-kickoff-ur1,2,Pearl,v1nny,LOUD,Kayo,1.46,251,20,13,15,7,83,180,29,1,1,0,LOUD,Evil Geniuses,13.0,10.0,2.0,0.0
https://www.vlr.gg/427991/evil-geniuses-vs-loud-champions-tour-2025-americas-kickoff-ur1,2,Pearl,cauanzin,LOUD,Sova,1.31,281,22,17,2,5,70,184,36,4,2,2,LOUD,Evil Geniuses,13.0,10.0,2.0,0.0
https://www.vlr.gg/427991/evil-geniuses-vs-loud-champions-tour-2025-americas-kickoff-ur1,2,Pearl,pANcada,LOUD,Astra,0.95,189,18,16,7,2,87,123,44,1,1,0,LOUD,Evil Geniuses,13.0,10.0,2.0,0.0
https://www.vlr.gg/427991/evil-geniuses-vs-loud-champions-tour-2025-americas-kickoff-ur1,2,Pearl,dgzin,LOUD,Jett,0.84,190,13,16,6,-3,70,141,32,6,3,3,LOUD,Evil Geniuses,13.0,10.0,2.0,0.0
https://www.vlr.gg/427991/evil-geniuses-vs-loud-champions-tour-2025-americas-kickoff-ur1,2,Pearl,tuyz,LOUD,Cypher,0.58,94,8,15,7,-7,57,63,23,1,3,-2,LOUD,Evil Geniuses,13.0,10.0,2.0,0.0
https://www.vlr.gg/427992/mibr-vs-100-thieves-champions-tour-2025-americas-kickoff-ur1,0,Lotus,nzr,MIBR,Breach,1.2,214,13,13,5,0,59,130,46,0,0,0,100 Thieves,100 Thieves,4.0,13.0,0.0,2.0
https://www.vlr.gg/427992/mibr-vs-100-thieves-champions-tour-2025-americas-kickoff-ur1,0,Lotus,aspas,MIBR,Raze,0.77,156,7,13,3,-6,59,116,24,1,3,-2,100 Thieves,100 Thieves,4.0,13.0,0.0,2.0
https://www.vlr.gg/427992/mibr-vs-100-thieves-champions-tour-2025-americas-kickoff-ur1,0,Lotus,xenom,MIBR,Omen,0.71,225,13,16,6,-3,59,139,22,1,3,-2,100 Thieves,100 Thieves,4.0,13.0,0.0,2.0
https://www.vlr.gg/427992/mibr-vs-100-thieves-champions-tour-2025-americas-kickoff-ur1,0,Lotus,artzin,MIBR,Tejo,0.34,94,4,15,2,-11,41,80,18,0,4,-4,100 Thieves,100 Thieves,4.0,13.0,0.0,2.0
https://www.vlr.gg/427992/mibr-vs-100-thieves-champions-tour-2025-americas-kickoff-ur1,0,Lotus,cortezia,MIBR,Killjoy,0.33,56,3,13,1,-10,35,45,25,0,5,-5,100 Thieves,100 Thieves,4.0,13.0,0.0,2.0
https://www.vlr.gg/427992/mibr-vs-100-thieves-champions-tour-2025-americas-kickoff-ur1,0,Lotus,Asuna,100T,Neon,1.7,367,23,10,6,13,88,220,28,6,0,6,100 Thieves,MIBR,13.0,4.0,2.0,0.0
https://www.vlr.gg/427992/mibr-vs-100-thieves-champions-tour-2025-americas-kickoff-ur1,0,Lotus,eeiu,100T,Fade,1.36,187,11,6,8,5,82,135,36,3,0,3,100 Thieves,MIBR,13.0,4.0,2.0,0.0
https://www.vlr.gg/427992/mibr-vs-100-thieves-champions-tour-2025-americas-kickoff-ur1,0,Lotus,Cryocells,100T,Clove,1.25,262,16,10,3,6,82,181,18,4,2,2,100 Thieves,MIBR,13.0,4.0,2.0,0.0
https://www.vlr.gg/427992/mibr-vs-100-thieves-champions-tour-2025-americas-kickoff-ur1,0,Lotus,Boostio,100T,Breach,1.22,145,10,6,12,4,94,92,45,0,0,0,100 Thieves,MIBR,13.0,4.0,2.0,0.0
https://www.vlr.gg/427992/mibr-vs-100-thieves-champions-tour-2025-americas-kickoff-ur1,0,Lotus,zander,100T,Omen,1.1,157,10,8,8,2,82,83,25,2,0,2,100 Thieves,MIBR,13.0,4.0,2.0,0.0
https://www.vlr.gg/427992/mibr-vs-100-thieves-champions-tour-2025-americas-kickoff-ur1,1,AllMaps,aspas,MIBR,Raze,1.16,232,30,29,6,1,72,166,24,4,5,-1,100 Thieves,100 Thieves,13.0,26.0,0.0,2.0
https://www.vlr.gg/427992/mibr-vs-100-thieves-champions-tour-2025-americas-kickoff-ur1,1,AllMaps,nzr,MIBR,Breach,0.87,167,21,28,8,-7,54,111,31,2,4,-2,100 Thieves,100 Thieves,13.0,26.0,0.0,2.0
https://www.vlr.gg/427992/mibr-vs-100-thieves-champions-tour-2025-americas-kickoff-ur1,1,AllMaps,xenom,MIBR,Omen,0.73,197,25,34,16,-9,67,121,28,3,4,-1,100 Thieves,100 Thieves,13.0,26.0,0.0,2.0
https://www.vlr.gg/427992/mibr-vs-100-thieves-champions-tour-2025-americas-kickoff-ur1,1,AllMaps,artzin,MIBR,Tejo,0.57,135,17,33,8,-16,56,100,31,1,8,-7,100 Thieves,100 Thieves,13.0,26.0,0.0,2.0
https://www.vlr.gg/427992/mibr-vs-100-thieves-champions-tour-2025-americas-kickoff-ur1,1,AllMaps,cortezia,MIBR,Killjoy,0.55,113,17,30,3,-13,46,79,38,1,7,-6,100 Thieves,100 Thieves,13.0,26.0,0.0,2.0
https://www.vlr.gg/427992/mibr-vs-100-thieves-champions-tour-2025-americas-kickoff-ur1,1,AllMaps,Cryocells,100T,Clove,1.46,275,38,22,9,16,87,193,21,6,2,4,100 Thieves,MIBR,26.0,13.0,2.0,0.0
https://www.vlr.gg/427992/mibr-vs-100-thieves-champions-tour-2025-americas-kickoff-ur1,1,AllMaps,Asuna,100T,Neon,1.41,305,41,24,11,17,82,187,25,14,4,10,100 Thieves,MIBR,26.0,13.0,2.0,0.0
https://www.vlr.gg/427992/mibr-vs-100-thieves-champions-tour-2025-americas-kickoff-ur1,1,AllMaps,eeiu,100T,Fade,1.29,193,30,19,14,11,77,132,43,3,0,3,100 Thieves,MIBR,26.0,13.0,2.0,0.0
https://www.vlr.gg/427992/mibr-vs-100-thieves-champions-tour-2025-americas-kickoff-ur1,1,AllMaps,Boostio,100T,Breach,1.02,158,24,20,18,4,85,101,33,0,2,-2,100 Thieves,MIBR,26.0,13.0,2.0,0.0
https://www.vlr.gg/427992/mibr-vs-100-thieves-champions-tour-2025-americas-kickoff-ur1,1,AllMaps,zander,100T,Omen,0.87,159,21,25,13,-4,79,100,23,5,3,2,100 Thieves,MIBR,26.0,13.0,2.0,0.0
https://www.vlr.gg/427992/mibr-vs-100-thieves-champions-tour-2025-americas-kickoff-ur1,2,Bind,aspas,MIBR,Raze,1.46,307,23,16,3,7,82,206,24,3,2,1,100 Thieves,100 Thieves,9.0,13.0,0.0,2.0
https://www.vlr.gg/427992/mibr-vs-100-thieves-champions-tour-2025-americas-kickoff-ur1,2,Bind,xenom,MIBR,Brimstone,0.75,169,12,18,10,-6,73,106,36,2,1,1,100 Thieves,100 Thieves,9.0,13.0,0.0,2.0
https://www.vlr.gg/427992/mibr-vs-100-thieves-champions-tour-2025-americas-kickoff-ur1,2,Bind,artzin,MIBR,Deadlock,0.75,175,13,18,6,-5,68,115,42,1,4,-3,100 Thieves,100 Thieves,9.0,13.0,0.0,2.0
https://www.vlr.gg/427992/mibr-vs-100-thieves-champions-tour-2025-americas-kickoff-ur1,2,Bind,cortezia,MIBR,Cypher,0.72,169,14,17,2,-3,55,105,44,1,2,-1,100 Thieves,100 Thieves,9.0,13.0,0.0,2.0
https://www.vlr.gg/427992/mibr-vs-100-thieves-champions-tour-2025-americas-kickoff-ur1,2,Bind,nzr,MIBR,Skye,0.62,119,8,15,3,-7,50,97,19,2,4,-2,100 Thieves,100 Thieves,9.0,13.0,0.0,2.0
https://www.vlr.gg/427992/mibr-vs-100-thieves-champions-tour-2025-americas-kickoff-ur1,2,Bind,Cryocells,100T,Brimstone,1.63,287,22,12,6,10,91,202,25,2,0,2,100 Thieves,MIBR,13.0,9.0,2.0,0.0
https://www.vlr.gg/427992/mibr-vs-100-thieves-champions-tour-2025-americas-kickoff-ur1,2,Bind,eeiu,100T,Fade,1.24,199,19,13,6,6,73,129,49,0,0,0,100 Thieves,MIBR,13.0,9.0,2.0,0.0
https://www.vlr.gg/427992/mibr-vs-100-thieves-champions-tour-2025-americas-kickoff-ur1,2,Bind,Asuna,100T,Raze,1.19,243,18,14,5,4,77,161,21,8,4,4,100 Thieves,MIBR,13.0,9.0,2.0,0.0
https://www.vlr.gg/427992/mibr-vs-100-thieves-champions-tour-2025-americas-kickoff-ur1,2,Bind,Boostio,100T,Gekko,0.87,170,14,14,6,0,77,107,27,0,2,-2,100 Thieves,MIBR,13.0,9.0,2.0,0.0
https://www.vlr.gg/427992/mibr-vs-100-thieves-champions-tour-2025-americas-kickoff-ur1,2,Bind,zander,100T,Viper,0.68,161,11,17,5,-6,77,114,22,3,3,0,100 Thieves,MIBR,13.0,9.0,2.0,0.0
https://www.vlr.gg/427993/nrg-esports-vs-cloud9-champions-tour-2025-americas-kickoff-ur1,0,Fracture,s0m,NRG,Brimstone,1.72,324,30,15,14,15,81,195,39,6,2,4,Cloud9,Cloud9,12.0,14.0,0.0,2.0
https://www.vlr.gg/427993/nrg-esports-vs-cloud9-champions-tour-2025-americas-kickoff-ur1,0,Fracture,mada,NRG,Raze,1.24,274,26,19,2,7,77,173,30,6,6,0,Cloud9,Cloud9,12.0,14.0,0.0,2.0
https://www.vlr.gg/427993/nrg-esports-vs-cloud9-champions-tour-2025-americas-kickoff-ur1,0,Fracture,Ethan,NRG,Breach,0.91,133,10,13,14,-3,77,84,20,0,0,0,Cloud9,Cloud9,12.0,14.0,0.0,2.0
https://www.vlr.gg/427993/nrg-esports-vs-cloud9-champions-tour-2025-americas-kickoff-ur1,0,Fracture,Verno,NRG,Sova,0.83,156,14,16,3,-2,81,102,25,1,1,0,Cloud9,Cloud9,12.0,14.0,0.0,2.0
https://www.vlr.gg/427993/nrg-esports-vs-cloud9-champions-tour-2025-americas-kickoff-ur1,0,Fracture,FiNESSE,NRG,Killjoy,0.51,129,11,20,2,-9,62,106,25,0,3,-3,Cloud9,Cloud9,12.0,14.0,0.0,2.0
https://www.vlr.gg/427993/nrg-esports-vs-cloud9-champions-tour-2025-americas-kickoff-ur1,0,Fracture,Xeppaa,C9,Clove,1.13,305,28,25,6,3,73,185,18,4,4,0,Cloud9,NRG,14.0,12.0,2.0,0.0
https://www.vlr.gg/427993/nrg-esports-vs-cloud9-champions-tour-2025-americas-kickoff-ur1,0,Fracture,OXY,C9,Raze,0.98,200,17,20,11,-3,77,136,14,2,4,-2,Cloud9,NRG,14.0,12.0,2.0,0.0
https://www.vlr.gg/427993/nrg-esports-vs-cloud9-champions-tour-2025-americas-kickoff-ur1,0,Fracture,v1c,C9,Brimstone,0.91,141,13,15,8,-2,81,94,31,2,1,1,Cloud9,NRG,14.0,12.0,2.0,0.0
https://www.vlr.gg/427993/nrg-esports-vs-cloud9-champions-tour-2025-americas-kickoff-ur1,0,Fracture,neT,C9,Killjoy,0.8,120,12,15,4,-3,81,94,28,0,1,-1,Cloud9,NRG,14.0,12.0,2.0,0.0
https://www.vlr.gg/427993/nrg-esports-vs-cloud9-champions-tour-2025-americas-kickoff-ur1,0,Fracture,mitch,C9,Tejo,0.75,150,13,17,4,-4,58,103,15,5,4,1,Cloud9,NRG,14.0,12.0,2.0,0.0
https://www.vlr.gg/427993/nrg-esports-vs-cloud9-champions-tour-2025-americas-kickoff-ur1,1,AllMaps,s0m,NRG,Brimstone,1.35,277,49,35,22,14,82,167,26,9,4,5,Cloud9,Cloud9,22.0,27.0,0.0,2.0
https://www.vlr.gg/427993/nrg-esports-vs-cloud9-champions-tour-2025-americas-kickoff-ur1,1,AllMaps,mada,NRG,Raze,1.06,235,41,39,9,2,67,153,24,10,12,-2,Cloud9,Cloud9,22.0,27.0,0.0,2.0
https://www.vlr.gg/427993/nrg-esports-vs-cloud9-champions-tour-2025-americas-kickoff-ur1,1,AllMaps,Ethan,NRG,Breach,1.05,183,30,28,23,2,73,118,29,1,2,-1,Cloud9,Cloud9,22.0,27.0,0.0,2.0
https://www.vlr.gg/427993/nrg-esports-vs-cloud9-champions-tour-2025-americas-kickoff-ur1,1,AllMaps,Verno,NRG,Sova,0.92,174,31,31,8,0,80,113,35,5,2,3,Cloud9,Cloud9,22.0,27.0,0.0,2.0
https://www.vlr.gg/427993/nrg-esports-vs-cloud9-champions-tour-2025-americas-kickoff-ur1,1,AllMaps,FiNESSE,NRG,Killjoy,0.76,162,27,37,12,-10,71,115,27,0,3,-3,Cloud9,Cloud9,22.0,27.0,0.0,2.0
https://www.vlr.gg/427993/nrg-esports-vs-cloud9-champions-tour-2025-americas-kickoff-ur1,1,AllMaps,Xeppaa,C9,Clove,1.21,296,54,42,11,12,78,179,17,8,5,3,Cloud9,NRG,27.0,22.0,2.0,0.0
https://www.vlr.gg/427993/nrg-esports-vs-cloud9-champions-tour-2025-americas-kickoff-ur1,1,AllMaps,mitch,C9,Tejo,1.03,185,30,31,20,-1,71,119,18,5,5,0,Cloud9,NRG,27.0,22.0,2.0,0.0
https://www.vlr.gg/427993/nrg-esports-vs-cloud9-champions-tour-2025-americas-kickoff-ur1,1,AllMaps,neT,C9,Killjoy,0.9,161,30,32,9,-2,78,116,27,3,4,-1,Cloud9,NRG,27.0,22.0,2.0,0.0
https://www.vlr.gg/427993/nrg-esports-vs-cloud9-champions-tour-2025-americas-kickoff-ur1,1,AllMaps,OXY,C9,Raze,0.82,207,33,42,16,-9,73,135,17,5,10,-5,Cloud9,NRG,27.0,22.0,2.0,0.0
https://www.vlr.gg/427993/nrg-esports-vs-cloud9-champions-tour-2025-americas-kickoff-ur1,1,AllMaps,v1c,C9,Brimstone,0.79,137,23,32,17,-9,73,92,27,3,2,1,Cloud9,NRG,27.0,22.0,2.0,0.0
https://www.vlr.gg/427993/nrg-esports-vs-cloud9-champions-tour-2025-americas-kickoff-ur1,2,Lotus,Ethan,NRG,Omen,1.21,233,20,15,9,5,70,156,37,1,2,-1,Cloud9,Cloud9,10.0,13.0,0.0,2.0
https://www.vlr.gg/427993/nrg-esports-vs-cloud9-champions-tour-2025-americas-kickoff-ur1,2,Lotus,FiNESSE,NRG,Vyse,1.05,195,16,17,10,-1,83,124,28,0,0,0,Cloud9,Cloud9,10.0,13.0,0.0,2.0
https://www.vlr.gg/427993/nrg-esports-vs-cloud9-champions-tour-2025-americas-kickoff-ur1,2,Lotus,Verno,NRG,Fade,1.02,191,17,15,5,2,78,125,47,4,1,3,Cloud9,Cloud9,10.0,13.0,0.0,2.0
https://www.vlr.gg/427993/nrg-esports-vs-cloud9-champions-tour-2025-americas-kickoff-ur1,2,Lotus,s0m,NRG,Viper,0.94,229,19,20,8,-1,83,134,11,3,2,1,Cloud9,Cloud9,10.0,13.0,0.0,2.0
https://www.vlr.gg/427993/nrg-esports-vs-cloud9-champions-tour-2025-americas-kickoff-ur1,2,Lotus,mada,NRG,Raze,0.86,195,15,20,7,-5,57,131,17,4,6,-2,Cloud9,Cloud9,10.0,13.0,0.0,2.0
https://www.vlr.gg/427993/nrg-esports-vs-cloud9-champions-tour-2025-americas-kickoff-ur1,2,Lotus,mitch,C9,Breach,1.35,220,17,14,16,3,87,138,21,0,1,-1,Cloud9,NRG,13.0,10.0,2.0,0.0
https://www.vlr.gg/427993/nrg-esports-vs-cloud9-champions-tour-2025-americas-kickoff-ur1,2,Lotus,Xeppaa,C9,Tejo,1.3,287,26,17,5,9,83,171,16,4,1,3,Cloud9,NRG,13.0,10.0,2.0,0.0
https://www.vlr.gg/427993/nrg-esports-vs-cloud9-champions-tour-2025-americas-kickoff-ur1,2,Lotus,neT,C9,Deadlock,1.01,202,18,17,5,1,74,142,27,3,3,0,Cloud9,NRG,13.0,10.0,2.0,0.0
https://www.vlr.gg/427993/nrg-esports-vs-cloud9-champions-tour-2025-americas-kickoff-ur1,2,Lotus,v1c,C9,Omen,0.65,133,10,17,9,-7,65,91,23,1,1,0,Cloud9,NRG,13.0,10.0,2.0,0.0
https://www.vlr.gg/427993/nrg-esports-vs-cloud9-champions-tour-2025-americas-kickoff-ur1,2,Lotus,OXY,C9,Raze,0.64,214,16,22,5,-6,70,134,21,3,6,-3,Cloud9,NRG,13.0,10.0,2.0,0.0
https://www.vlr.gg/427994/2game-esports-vs-furia-champions-tour-2025-americas-kickoff-ur1,0,Haven,gobera,2G,Vyse,1.62,338,23,14,6,9,85,222,29,4,0,4,FURIA,2Game Esports,13.0,7.0,2.0,0.0
https://www.vlr.gg/427994/2game-esports-vs-furia-champions-tour-2025-americas-kickoff-ur1,0,Haven,silentzz,2G,Yoru,0.93,213,16,16,3,0,75,130,48,5,3,2,FURIA,2Game Esports,13.0,7.0,2.0,0.0
https://www.vlr.gg/427994/2game-esports-vs-furia-champions-tour-2025-americas-kickoff-ur1,0,Haven,lz,2G,Omen,0.88,181,12,14,9,-2,65,127,42,2,2,0,FURIA,2Game Esports,13.0,7.0,2.0,0.0
https://www.vlr.gg/427994/2game-esports-vs-furia-champions-tour-2025-americas-kickoff-ur1,0,Haven,pryze,2G,Breach,0.72,122,8,14,9,-6,85,78,19,0,0,0,FURIA,2Game Esports,13.0,7.0,2.0,0.0
https://www.vlr.gg/427994/2game-esports-vs-furia-champions-tour-2025-americas-kickoff-ur1,0,Haven,Zap,2G,Tejo,0.55,133,9,15,4,-6,65,88,15,0,4,-4,FURIA,2Game Esports,13.0,7.0,2.0,0.0
https://www.vlr.gg/427994/2game-esports-vs-furia-champions-tour-2025-americas-kickoff-ur1,0,Haven,bdog,FUR,Breach,1.33,244,16,13,9,3,75,153,34,2,0,2,FURIA,2Game Esports,13.0,7.0,2.0,0.0
https://www.vlr.gg/427994/2game-esports-vs-furia-champions-tour-2025-americas-kickoff-ur1,0,Haven,Add3r,FUR,Cypher,1.18,235,18,14,0,4,75,148,34,1,2,-1,FURIA,2Game Esports,13.0,7.0,2.0,0.0
https://www.vlr.gg/427994/2game-esports-vs-furia-champions-tour-2025-americas-kickoff-ur1,0,Haven,stellar,FUR,Tejo,1.13,193,14,12,5,2,70,143,16,3,4,-1,FURIA,2Game Esports,13.0,7.0,2.0,0.0
https://www.vlr.gg/427994/2game-esports-vs-furia-champions-tour-2025-americas-kickoff-ur1,0,Haven,penny,FUR,Jett,0.85,192,15,14,1,1,75,110,24,3,2,1,FURIA,2Game Esports,13.0,7.0,2.0,0.0
https://www.vlr.gg/427994/2game-esports-vs-furia-champions-tour-2025-americas-kickoff-ur1,0,Haven,jakee,FUR,Clove,0.77,162,10,16,10,-6,75,111,26,0,3,-3,FURIA,2Game Esports,13.0,7.0,2.0,0.0
https://www.vlr.gg/427994/2game-esports-vs-furia-champions-tour-2025-americas-kickoff-ur1,1,AllMaps,gobera,2G,Vyse,1.21,264,35,30,10,5,74,179,32,4,3,1,FURIA,2Game Esports,26.0,12.0,2.0,0.0
https://www.vlr.gg/427994/2game-esports-vs-furia-champions-tour-2025-americas-kickoff-ur1,1,AllMaps,lz,2G,Omen,0.98,200,26,30,13,-4,66,134,48,5,5,0,FURIA,2Game Esports,26.0,12.0,2.0,0.0
https://www.vlr.gg/427994/2game-esports-vs-furia-champions-tour-2025-americas-kickoff-ur1,1,AllMaps,silentzz,2G,Yoru,0.86,209,27,34,6,-7,71,140,39,11,6,5,FURIA,2Game Esports,26.0,12.0,2.0,0.0
https://www.vlr.gg/427994/2game-esports-vs-furia-champions-tour-2025-americas-kickoff-ur1,1,AllMaps,pryze,2G,Breach,0.58,105,13,28,13,-15,66,66,20,0,0,0,FURIA,2Game Esports,26.0,12.0,2.0,0.0
https://www.vlr.gg/427994/2game-esports-vs-furia-champions-tour-2025-americas-kickoff-ur1,1,AllMaps,Zap,2G,Tejo,0.55,145,18,30,6,-12,71,103,19,0,4,-4,FURIA,2Game Esports,26.0,12.0,2.0,0.0
https://www.vlr.gg/427994/2game-esports-vs-furia-champions-tour-2025-americas-kickoff-ur1,1,AllMaps,penny,FUR,Jett,1.37,266,37,22,8,15,82,166,24,7,4,3,FURIA,2Game Esports,26.0,12.0,2.0,0.0
https://www.vlr.gg/427994/2game-esports-vs-furia-champions-tour-2025-americas-kickoff-ur1,1,AllMaps,bdog,FUR,Breach,1.28,213,28,21,21,7,79,126,35,2,0,2,FURIA,2Game Esports,26.0,12.0,2.0,0.0
https://www.vlr.gg/427994/2game-esports-vs-furia-champions-tour-2025-americas-kickoff-ur1,1,AllMaps,jakee,FUR,Clove,1.16,221,29,25,18,4,82,142,25,1,4,-3,FURIA,2Game Esports,26.0,12.0,2.0,0.0
https://www.vlr.gg/427994/2game-esports-vs-furia-champions-tour-2025-americas-kickoff-ur1,1,AllMaps,stellar,FUR,Tejo,1.08,205,29,24,11,5,76,143,19,4,6,-2,FURIA,2Game Esports,26.0,12.0,2.0,0.0
https://www.vlr.gg/427994/2game-esports-vs-furia-champions-tour-2025-americas-kickoff-ur1,1,AllMaps,Add3r,FUR,Cypher,0.89,195,28,28,3,0,66,126,33,4,6,-2,FURIA,2Game Esports,26.0,12.0,2.0,0.0
https://www.vlr.gg/427994/2game-esports-vs-furia-champions-tour-2025-americas-kickoff-ur1,2,Lotus,lz,2G,Omen,1.08,219,14,16,4,-2,67,141,56,3,3,0,FURIA,2Game Esports,13.0,5.0,2.0,0.0
https://www.vlr.gg/427994/2game-esports-vs-furia-champions-tour-2025-americas-kickoff-ur1,2,Lotus,silentzz,2G,Raze,0.79,204,11,18,3,-7,67,151,32,6,3,3,FURIA,2Game Esports,13.0,5.0,2.0,0.0
https://www.vlr.gg/427994/2game-esports-vs-furia-champions-tour-2025-americas-kickoff-ur1,2,Lotus,gobera,2G,Vyse,0.76,189,12,16,4,-4,61,132,39,0,3,-3,FURIA,2Game Esports,13.0,5.0,2.0,0.0
https://www.vlr.gg/427994/2game-esports-vs-furia-champions-tour-2025-americas-kickoff-ur1,2,Lotus,Zap,2G,Tejo,0.55,156,9,15,2,-6,78,118,24,0,0,0,FURIA,2Game Esports,13.0,5.0,2.0,0.0
https://www.vlr.gg/427994/2game-esports-vs-furia-champions-tour-2025-americas-kickoff-ur1,2,Lotus,pryze,2G,Breach,0.43,87,5,14,4,-9,44,52,22,0,0,0,FURIA,2Game Esports,13.0,5.0,2.0,0.0
https://www.vlr.gg/427994/2game-esports-vs-furia-champions-tour-2025-americas-kickoff-ur1,2,Lotus,penny,FUR,Raze,1.95,340,22,8,7,14,89,228,25,4,2,2,FURIA,2Game Esports,13.0,5.0,2.0,0.0
https://www.vlr.gg/427994/2game-esports-vs-furia-champions-tour-2025-americas-kickoff-ur1,2,Lotus,jakee,FUR,Omen,1.59,280,19,9,8,10,89,176,24,1,1,0,FURIA,2Game Esports,13.0,5.0,2.0,0.0
https://www.vlr.gg/427994/2game-esports-vs-furia-champions-tour-2025-americas-kickoff-ur1,2,Lotus,bdog,FUR,Breach,1.22,181,12,8,12,4,83,95,37,0,0,0,FURIA,2Game Esports,13.0,5.0,2.0,0.0
https://www.vlr.gg/427994/2game-esports-vs-furia-champions-tour-2025-americas-kickoff-ur1,2,Lotus,stellar,FUR,Tejo,1.02,216,15,12,6,3,83,144,22,1,2,-1,FURIA,2Game Esports,13.0,5.0,2.0,0.0
https://www.vlr.gg/427994/2game-esports-vs-furia-champions-tour-2025-americas-kickoff-ur1,2,Lotus,Add3r,FUR,Vyse,0.56,154,10,14,3,-4,56,102,31,3,4,-1,FURIA,2Game Esports,13.0,5.0,2.0,0.0
https://www.vlr.gg/428003/furia-vs-evil-geniuses-champions-tour-2025-americas-kickoff-lr1,0,Abyss,heat,FUR,Cypher,1.17,222,16,12,1,4,75,144,59,4,0,4,Evil Geniuses,FURIA,13.0,7.0,2.0,0.0
https://www.vlr.gg/428003/furia-vs-evil-geniuses-champions-tour-2025-americas-kickoff-lr1,0,Abyss,Khalil,FUR,Omen,1.02,206,15,15,6,0,75,124,35,3,0,3,Evil Geniuses,FURIA,13.0,7.0,2.0,0.0
https://www.vlr.gg/428003/furia-vs-evil-geniuses-champions-tour-2025-americas-kickoff-lr1,0,Abyss,mwzera,FUR,Sova,0.9,149,9,13,7,-4,65,128,34,0,1,-1,Evil Geniuses,FURIA,13.0,7.0,2.0,0.0
https://www.vlr.gg/428003/furia-vs-evil-geniuses-champions-tour-2025-americas-kickoff-lr1,0,Abyss,havoc,FUR,Jett,0.6,177,13,17,2,-4,55,106,26,3,4,-1,Evil Geniuses,FURIA,13.0,7.0,2.0,0.0
https://www.vlr.gg/428003/furia-vs-evil-geniuses-champions-tour-2025-americas-kickoff-lr1,0,Abyss,raafa,FUR,Kayo,0.4,126,6,18,8,-12,50,91,30,1,4,-3,Evil Geniuses,FURIA,13.0,7.0,2.0,0.0
https://www.vlr.gg/428003/furia-vs-evil-geniuses-champions-tour-2025-americas-kickoff-lr1,0,Abyss,Derrek,EG,Sova,1.47,260,20,12,4,8,90,166,37,1,3,-2,Evil Geniuses,FURIA,13.0,7.0,2.0,0.0
https://www.vlr.gg/428003/furia-vs-evil-geniuses-champions-tour-2025-americas-kickoff-lr1,0,Abyss,icy,EG,Jett,1.26,281,19,13,6,6,70,175,21,4,6,-2,Evil Geniuses,FURIA,13.0,7.0,2.0,0.0
https://www.vlr.gg/428003/furia-vs-evil-geniuses-champions-tour-2025-americas-kickoff-lr1,0,Abyss,yay,EG,Astra,1.23,188,14,10,4,4,80,115,36,3,0,3,Evil Geniuses,FURIA,13.0,7.0,2.0,0.0
https://www.vlr.gg/428003/furia-vs-evil-geniuses-champions-tour-2025-americas-kickoff-lr1,0,Abyss,NaturE,EG,Vyse,1.06,153,11,10,5,1,70,112,32,0,2,-2,Evil Geniuses,FURIA,13.0,7.0,2.0,0.0
https://www.vlr.gg/428003/furia-vs-evil-geniuses-champions-tour-2025-americas-kickoff-lr1,0,Abyss,supamen,EG,Omen,0.76,159,11,14,5,-3,80,100,46,1,0,1,Evil Geniuses,FURIA,13.0,7.0,2.0,0.0
https://www.vlr.gg/428003/furia-vs-evil-geniuses-champions-tour-2025-americas-kickoff-lr1,1,AllMaps,Khalil,FUR,Omen,1.22,235,34,29,12,5,80,154,36,4,0,4,Evil Geniuses,FURIA,26.0,14.0,2.0,0.0
https://www.vlr.gg/428003/furia-vs-evil-geniuses-champions-tour-2025-americas-kickoff-lr1,1,AllMaps,heat,FUR,Cypher,0.95,189,27,27,5,0,73,126,46,4,2,2,Evil Geniuses,FURIA,26.0,14.0,2.0,0.0
https://www.vlr.gg/428003/furia-vs-evil-geniuses-champions-tour-2025-americas-kickoff-lr1,1,AllMaps,mwzera,FUR,Sova,0.83,145,19,27,13,-8,65,104,27,3,4,-1,Evil Geniuses,FURIA,26.0,14.0,2.0,0.0
https://www.vlr.gg/428003/furia-vs-evil-geniuses-champions-tour-2025-americas-kickoff-lr1,1,AllMaps,havoc,FUR,Jett,0.76,204,28,33,7,-5,63,134,22,5,8,-3,Evil Geniuses,FURIA,26.0,14.0,2.0,0.0
https://www.vlr.gg/428003/furia-vs-evil-geniuses-champions-tour-2025-americas-kickoff-lr1,1,AllMaps,raafa,FUR,Kayo,0.53,150,18,34,11,-16,53,98,26,2,8,-6,Evil Geniuses,FURIA,26.0,14.0,2.0,0.0
https://www.vlr.gg/428003/furia-vs-evil-geniuses-champions-tour-2025-americas-kickoff-lr1,1,AllMaps,NaturE,EG,Vyse,1.24,184,29,21,13,8,73,125,26,0,2,-2,Evil Geniuses,FURIA,26.0,14.0,2.0,0.0
https://www.vlr.gg/428003/furia-vs-evil-geniuses-champions-tour-2025-americas-kickoff-lr1,1,AllMaps,icy,EG,Jett,1.21,276,38,30,9,8,75,177,24,8,8,0,Evil Geniuses,FURIA,26.0,14.0,2.0,0.0
https://www.vlr.gg/428003/furia-vs-evil-geniuses-champions-tour-2025-americas-kickoff-lr1,1,AllMaps,yay,EG,Astra,1.2,202,28,23,12,5,80,133,26,8,0,8,Evil Geniuses,FURIA,26.0,14.0,2.0,0.0
https://www.vlr.gg/428003/furia-vs-evil-geniuses-champions-tour-2025-americas-kickoff-lr1,1,AllMaps,Derrek,EG,Sova,1.09,205,31,27,11,4,80,132,36,1,6,-5,Evil Geniuses,FURIA,26.0,14.0,2.0,0.0
https://www.vlr.gg/428003/furia-vs-evil-geniuses-champions-tour-2025-americas-kickoff-lr1,1,AllMaps,supamen,EG,Omen,0.99,182,24,25,18,-1,80,126,46,5,2,3,Evil Geniuses,FURIA,26.0,14.0,2.0,0.0
https://www.vlr.gg/428003/furia-vs-evil-geniuses-champions-tour-2025-americas-kickoff-lr1,2,Fracture,Khalil,FUR,Brimstone,1.41,264,19,14,6,5,85,184,37,1,0,1,Evil Geniuses,FURIA,13.0,7.0,2.0,0.0
https://www.vlr.gg/428003/furia-vs-evil-geniuses-champions-tour-2025-americas-kickoff-lr1,2,Fracture,havoc,FUR,Raze,0.92,230,15,16,5,-1,70,163,20,2,4,-2,Evil Geniuses,FURIA,13.0,7.0,2.0,0.0
https://www.vlr.gg/428003/furia-vs-evil-geniuses-champions-tour-2025-americas-kickoff-lr1,2,Fracture,mwzera,FUR,Breach,0.76,141,10,14,6,-4,65,80,19,3,3,0,Evil Geniuses,FURIA,13.0,7.0,2.0,0.0
https://www.vlr.gg/428003/furia-vs-evil-geniuses-champions-tour-2025-americas-kickoff-lr1,2,Fracture,heat,FUR,Cypher,0.73,156,11,15,4,-4,70,108,33,0,2,-2,Evil Geniuses,FURIA,13.0,7.0,2.0,0.0
https://www.vlr.gg/428003/furia-vs-evil-geniuses-champions-tour-2025-americas-kickoff-lr1,2,Fracture,raafa,FUR,Sage,0.66,174,12,16,3,-4,55,105,24,1,4,-3,Evil Geniuses,FURIA,13.0,7.0,2.0,0.0
https://www.vlr.gg/428003/furia-vs-evil-geniuses-champions-tour-2025-americas-kickoff-lr1,2,Fracture,NaturE,EG,Breach,1.42,215,18,11,8,7,75,139,22,0,0,0,Evil Geniuses,FURIA,13.0,7.0,2.0,0.0
https://www.vlr.gg/428003/furia-vs-evil-geniuses-champions-tour-2025-americas-kickoff-lr1,2,Fracture,supamen,EG,Brimstone,1.21,204,13,11,13,2,80,151,47,4,2,2,Evil Geniuses,FURIA,13.0,7.0,2.0,0.0
https://www.vlr.gg/428003/furia-vs-evil-geniuses-champions-tour-2025-americas-kickoff-lr1,2,Fracture,yay,EG,Killjoy,1.16,216,14,13,8,1,80,150,21,5,0,5,Evil Geniuses,FURIA,13.0,7.0,2.0,0.0
https://www.vlr.gg/428003/furia-vs-evil-geniuses-champions-tour-2025-americas-kickoff-lr1,2,Fracture,icy,EG,Raze,1.16,270,19,17,3,2,80,180,26,4,2,2,Evil Geniuses,FURIA,13.0,7.0,2.0,0.0
https://www.vlr.gg/428003/furia-vs-evil-geniuses-champions-tour-2025-americas-kickoff-lr1,2,Fracture,Derrek,EG,Tejo,0.71,149,11,15,7,-4,70,97,36,0,3,-3,Evil Geniuses,FURIA,13.0,7.0,2.0,0.0
https://www.vlr.gg/428004/cloud9-vs-mibr-champions-tour-2025-americas-kickoff-lr1,0,Lotus,v1c,C9,Omen,1.68,243,21,8,10,13,90,170,44,1,0,1,Cloud9,Cloud9,7.0,13.0,2.0,1.0
https://www.vlr.gg/428004/cloud9-vs-mibr-champions-tour-2025-americas-kickoff-lr1,0,Lotus,OXY,C9,Raze,1.44,329,24,15,4,9,80,206,29,8,4,4,Cloud9,Cloud9,7.0,13.0,2.0,1.0
https://www.vlr.gg/428004/cloud9-vs-mibr-champions-tour-2025-americas-kickoff-lr1,0,Lotus,mitch,C9,Breach,1.17,192,12,12,17,0,80,117,16,3,2,1,Cloud9,Cloud9,7.0,13.0,2.0,1.0
https://www.vlr.gg/428004/cloud9-vs-mibr-champions-tour-2025-americas-kickoff-lr1,0,Lotus,neT,C9,Deadlock,0.94,157,11,12,11,-1,80,106,32,1,0,1,Cloud9,Cloud9,7.0,13.0,2.0,1.0
https://www.vlr.gg/428004/cloud9-vs-mibr-champions-tour-2025-americas-kickoff-lr1,0,Lotus,Xeppaa,C9,Tejo,0.72,127,9,12,5,-3,75,92,18,1,0,1,Cloud9,Cloud9,7.0,13.0,2.0,1.0
https://www.vlr.gg/428004/cloud9-vs-mibr-champions-tour-2025-americas-kickoff-lr1,0,Lotus,aspas,MIBR,Raze,0.96,218,15,16,3,-1,65,165,27,1,4,-3,Cloud9,Cloud9,7.0,13.0,2.0,1.0
https://www.vlr.gg/428004/cloud9-vs-mibr-champions-tour-2025-americas-kickoff-lr1,0,Lotus,artzin,MIBR,Viper,0.96,229,15,16,6,-1,55,135,25,4,7,-3,Cloud9,Cloud9,7.0,13.0,2.0,1.0
https://www.vlr.gg/428004/cloud9-vs-mibr-champions-tour-2025-americas-kickoff-lr1,0,Lotus,nzr,MIBR,Fade,0.93,188,13,14,6,-1,70,125,21,0,1,-1,Cloud9,Cloud9,7.0,13.0,2.0,1.0
https://www.vlr.gg/428004/cloud9-vs-mibr-champions-tour-2025-americas-kickoff-lr1,0,Lotus,xenom,MIBR,Omen,0.81,132,9,14,6,-5,60,80,24,0,0,0,Cloud9,Cloud9,7.0,13.0,2.0,1.0
https://www.vlr.gg/428004/cloud9-vs-mibr-champions-tour-2025-americas-kickoff-lr1,0,Lotus,cortezia,MIBR,Vyse,0.46,113,7,17,7,-10,55,85,36,1,2,-1,Cloud9,Cloud9,7.0,13.0,2.0,1.0
https://www.vlr.gg/428004/cloud9-vs-mibr-champions-tour-2025-americas-kickoff-lr1,1,AllMaps,v1c,C9,Omen,1.32,223,53,37,26,16,78,147,28,4,2,2,MIBR,Cloud9,33.0,30.0,2.0,1.0
https://www.vlr.gg/428004/cloud9-vs-mibr-champions-tour-2025-americas-kickoff-lr1,1,AllMaps,OXY,C9,Raze,1.04,254,57,51,11,6,67,163,28,15,12,3,MIBR,Cloud9,33.0,30.0,2.0,1.0
https://www.vlr.gg/428004/cloud9-vs-mibr-champions-tour-2025-americas-kickoff-lr1,1,AllMaps,neT,C9,Deadlock,0.85,181,40,46,22,-6,70,116,50,8,4,4,MIBR,Cloud9,33.0,30.0,2.0,1.0
https://www.vlr.gg/428004/cloud9-vs-mibr-champions-tour-2025-americas-kickoff-lr1,1,AllMaps,mitch,C9,Breach,0.74,162,32,47,33,-15,68,102,19,4,10,-6,MIBR,Cloud9,33.0,30.0,2.0,1.0
https://www.vlr.gg/428004/cloud9-vs-mibr-champions-tour-2025-americas-kickoff-lr1,1,AllMaps,Xeppaa,C9,Tejo,0.68,121,26,45,17,-19,67,87,28,2,1,1,MIBR,Cloud9,33.0,30.0,2.0,1.0
https://www.vlr.gg/428004/cloud9-vs-mibr-champions-tour-2025-americas-kickoff-lr1,1,AllMaps,aspas,MIBR,Raze,1.27,246,57,40,10,17,75,166,21,11,13,-2,MIBR,Cloud9,33.0,30.0,2.0,1.0
https://www.vlr.gg/428004/cloud9-vs-mibr-champions-tour-2025-americas-kickoff-lr1,1,AllMaps,xenom,MIBR,Omen,1.17,175,43,35,27,8,75,115,30,1,1,0,MIBR,Cloud9,33.0,30.0,2.0,1.0
https://www.vlr.gg/428004/cloud9-vs-mibr-champions-tour-2025-americas-kickoff-lr1,1,AllMaps,nzr,MIBR,Fade,1.12,196,41,38,24,3,75,138,25,3,3,0,MIBR,Cloud9,33.0,30.0,2.0,1.0
https://www.vlr.gg/428004/cloud9-vs-mibr-champions-tour-2025-americas-kickoff-lr1,1,AllMaps,artzin,MIBR,Viper,1.03,213,45,47,28,-2,70,127,20,8,10,-2,MIBR,Cloud9,33.0,30.0,2.0,1.0
https://www.vlr.gg/428004/cloud9-vs-mibr-champions-tour-2025-americas-kickoff-lr1,1,AllMaps,cortezia,MIBR,Vyse,0.74,154,35,48,11,-13,71,111,40,6,6,0,MIBR,Cloud9,33.0,30.0,2.0,1.0
https://www.vlr.gg/428004/cloud9-vs-mibr-champions-tour-2025-americas-kickoff-lr1,2,Abyss,OXY,C9,Jett,1.12,288,23,19,2,4,65,177,27,6,4,2,MIBR,Cloud9,13.0,10.0,2.0,1.0
https://www.vlr.gg/428004/cloud9-vs-mibr-champions-tour-2025-americas-kickoff-lr1,2,Abyss,v1c,C9,Omen,0.97,172,14,16,8,-2,70,119,18,1,1,0,MIBR,Cloud9,13.0,10.0,2.0,1.0
https://www.vlr.gg/428004/cloud9-vs-mibr-champions-tour-2025-americas-kickoff-lr1,2,Abyss,Xeppaa,C9,Sova,0.86,153,12,17,8,-5,74,104,43,1,0,1,MIBR,Cloud9,13.0,10.0,2.0,1.0
https://www.vlr.gg/428004/cloud9-vs-mibr-champions-tour-2025-americas-kickoff-lr1,2,Abyss,neT,C9,Astra,0.63,159,14,19,8,-5,61,92,80,1,3,-2,MIBR,Cloud9,13.0,10.0,2.0,1.0
https://www.vlr.gg/428004/cloud9-vs-mibr-champions-tour-2025-americas-kickoff-lr1,2,Abyss,mitch,C9,Kayo,0.5,136,9,18,13,-9,57,82,16,0,5,-5,MIBR,Cloud9,13.0,10.0,2.0,1.0
https://www.vlr.gg/428004/cloud9-vs-mibr-champions-tour-2025-americas-kickoff-lr1,2,Abyss,aspas,MIBR,Jett,1.67,280,25,10,2,15,87,180,19,5,2,3,MIBR,Cloud9,13.0,10.0,2.0,1.0
https://www.vlr.gg/428004/cloud9-vs-mibr-champions-tour-2025-americas-kickoff-lr1,2,Abyss,xenom,MIBR,Astra,1.34,206,19,12,11,7,83,133,47,1,0,1,MIBR,Cloud9,13.0,10.0,2.0,1.0
https://www.vlr.gg/428004/cloud9-vs-mibr-champions-tour-2025-americas-kickoff-lr1,2,Abyss,cortezia,MIBR,Cypher,0.98,229,19,19,3,0,87,160,51,4,3,1,MIBR,Cloud9,13.0,10.0,2.0,1.0
https://www.vlr.gg/428004/cloud9-vs-mibr-champions-tour-2025-americas-kickoff-lr1,2,Abyss,artzin,MIBR,Kayo,0.82,153,11,16,13,-5,78,99,17,1,2,-1,MIBR,Cloud9,13.0,10.0,2.0,1.0
https://www.vlr.gg/428004/cloud9-vs-mibr-champions-tour-2025-americas-kickoff-lr1,2,Abyss,nzr,MIBR,Sova,0.82,137,10,15,9,-5,70,103,29,2,2,0,MIBR,Cloud9,13.0,10.0,2.0,1.0
https://www.vlr.gg/428004/cloud9-vs-mibr-champions-tour-2025-americas-kickoff-lr1,3,Pearl,v1c,C9,Astra,1.35,255,18,13,8,5,75,158,23,2,1,1,MIBR,Cloud9,13.0,7.0,2.0,1.0
https://www.vlr.gg/428004/cloud9-vs-mibr-champions-tour-2025-americas-kickoff-lr1,3,Pearl,neT,C9,Cypher,1.0,228,15,15,3,0,70,154,47,6,1,5,MIBR,Cloud9,13.0,7.0,2.0,1.0
https://www.vlr.gg/428004/cloud9-vs-mibr-champions-tour-2025-americas-kickoff-lr1,3,Pearl,mitch,C9,Tejo,0.59,158,11,17,3,-6,70,108,27,1,3,-2,MIBR,Cloud9,13.0,7.0,2.0,1.0
https://www.vlr.gg/428004/cloud9-vs-mibr-champions-tour-2025-americas-kickoff-lr1,3,Pearl,OXY,C9,Yoru,0.53,145,10,17,5,-7,55,103,30,1,4,-3,MIBR,Cloud9,13.0,7.0,2.0,1.0
https://www.vlr.gg/428004/cloud9-vs-mibr-champions-tour-2025-americas-kickoff-lr1,3,Pearl,Xeppaa,C9,Fade,0.45,84,5,16,4,-11,50,61,21,0,1,-1,MIBR,Cloud9,13.0,7.0,2.0,1.0
https://www.vlr.gg/428004/cloud9-vs-mibr-champions-tour-2025-americas-kickoff-lr1,3,Pearl,nzr,MIBR,Sova,1.65,262,18,9,9,9,85,191,26,1,0,1,MIBR,Cloud9,13.0,7.0,2.0,1.0
https://www.vlr.gg/428004/cloud9-vs-mibr-champions-tour-2025-americas-kickoff-lr1,3,Pearl,xenom,MIBR,Astra,1.34,186,15,9,10,6,80,129,19,0,1,-1,MIBR,Cloud9,13.0,7.0,2.0,1.0
https://www.vlr.gg/428004/cloud9-vs-mibr-champions-tour-2025-americas-kickoff-lr1,3,Pearl,artzin,MIBR,Kayo,1.32,258,19,15,9,4,75,150,19,3,1,2,MIBR,Cloud9,13.0,7.0,2.0,1.0
https://www.vlr.gg/428004/cloud9-vs-mibr-champions-tour-2025-americas-kickoff-lr1,3,Pearl,aspas,MIBR,Jett,1.11,241,17,14,5,3,70,151,18,5,7,-2,MIBR,Cloud9,13.0,7.0,2.0,1.0
https://www.vlr.gg/428004/cloud9-vs-mibr-champions-tour-2025-americas-kickoff-lr1,3,Pearl,cortezia,MIBR,Killjoy,0.73,119,9,12,1,-3,70,80,23,1,1,0,MIBR,Cloud9,13.0,7.0,2.0,1.0
https://www.vlr.gg/428005/100-thieves-vs-nrg-esports-champions-tour-2025-americas-kickoff-lr1,0,Lotus,eeiu,100T,Fade,1.51,232,26,12,7,14,96,143,31,2,0,2,100 Thieves,100 Thieves,12.0,14.0,2.0,1.0
https://www.vlr.gg/428005/100-thieves-vs-nrg-esports-champions-tour-2025-americas-kickoff-lr1,0,Lotus,zander,100T,Omen,1.03,193,17,16,8,1,69,112,22,4,3,1,100 Thieves,100 Thieves,12.0,14.0,2.0,1.0
https://www.vlr.gg/428005/100-thieves-vs-nrg-esports-champions-tour-2025-americas-kickoff-lr1,0,Lotus,Asuna,100T,Neon,1.03,230,20,18,6,2,69,162,33,3,7,-4,100 Thieves,100 Thieves,12.0,14.0,2.0,1.0
https://www.vlr.gg/428005/100-thieves-vs-nrg-esports-champions-tour-2025-americas-kickoff-lr1,0,Lotus,Cryocells,100T,Clove,0.99,229,19,20,9,-1,85,156,28,4,2,2,100 Thieves,100 Thieves,12.0,14.0,2.0,1.0
https://www.vlr.gg/428005/100-thieves-vs-nrg-esports-champions-tour-2025-americas-kickoff-lr1,0,Lotus,Boostio,100T,Breach,0.46,60,4,17,11,-13,69,38,9,0,1,-1,100 Thieves,100 Thieves,12.0,14.0,2.0,1.0
https://www.vlr.gg/428005/100-thieves-vs-nrg-esports-champions-tour-2025-americas-kickoff-lr1,0,Lotus,mada,NRG,Raze,1.23,253,20,18,9,2,77,169,11,7,7,0,100 Thieves,100 Thieves,12.0,14.0,2.0,1.0
https://www.vlr.gg/428005/100-thieves-vs-nrg-esports-champions-tour-2025-americas-kickoff-lr1,0,Lotus,Verno,NRG,Vyse,1.22,244,24,15,2,9,85,154,40,2,1,1,100 Thieves,100 Thieves,12.0,14.0,2.0,1.0
https://www.vlr.gg/428005/100-thieves-vs-nrg-esports-champions-tour-2025-americas-kickoff-lr1,0,Lotus,FiNESSE,NRG,Breach,1.11,194,15,17,10,-2,77,129,17,2,1,1,100 Thieves,100 Thieves,12.0,14.0,2.0,1.0
https://www.vlr.gg/428005/100-thieves-vs-nrg-esports-champions-tour-2025-americas-kickoff-lr1,0,Lotus,s0m,NRG,Omen,0.87,156,15,19,10,-4,69,93,29,1,1,0,100 Thieves,100 Thieves,12.0,14.0,2.0,1.0
https://www.vlr.gg/428005/100-thieves-vs-nrg-esports-champions-tour-2025-americas-kickoff-lr1,0,Lotus,Ethan,NRG,Tejo,0.59,105,9,17,4,-8,46,82,24,1,3,-2,100 Thieves,100 Thieves,12.0,14.0,2.0,1.0
https://www.vlr.gg/428005/100-thieves-vs-nrg-esports-champions-tour-2025-americas-kickoff-lr1,1,AllMaps,eeiu,100T,Fade,1.11,204,57,44,15,13,81,125,39,5,3,2,NRG,100 Thieves,38.0,32.0,2.0,1.0
https://www.vlr.gg/428005/100-thieves-vs-nrg-esports-champions-tour-2025-americas-kickoff-lr1,1,AllMaps,Asuna,100T,Neon,0.93,196,44,49,23,-5,66,136,25,10,12,-2,NRG,100 Thieves,38.0,32.0,2.0,1.0
https://www.vlr.gg/428005/100-thieves-vs-nrg-esports-champions-tour-2025-americas-kickoff-lr1,1,AllMaps,zander,100T,Omen,0.9,193,47,51,21,-4,71,117,30,10,9,1,NRG,100 Thieves,38.0,32.0,2.0,1.0
https://www.vlr.gg/428005/100-thieves-vs-nrg-esports-champions-tour-2025-americas-kickoff-lr1,1,AllMaps,Cryocells,100T,Clove,0.89,194,47,51,14,-4,79,127,29,7,4,3,NRG,100 Thieves,38.0,32.0,2.0,1.0
https://www.vlr.gg/428005/100-thieves-vs-nrg-esports-champions-tour-2025-americas-kickoff-lr1,1,AllMaps,Boostio,100T,Breach,0.49,104,23,53,22,-30,64,63,20,4,6,-2,NRG,100 Thieves,38.0,32.0,2.0,1.0
https://www.vlr.gg/428005/100-thieves-vs-nrg-esports-champions-tour-2025-americas-kickoff-lr1,1,AllMaps,mada,NRG,Raze,1.46,300,73,47,14,26,81,184,17,17,15,2,NRG,100 Thieves,38.0,32.0,2.0,1.0
https://www.vlr.gg/428005/100-thieves-vs-nrg-esports-champions-tour-2025-americas-kickoff-lr1,1,AllMaps,Verno,NRG,Vyse,1.13,208,56,43,18,13,81,134,35,4,3,1,NRG,100 Thieves,38.0,32.0,2.0,1.0
https://www.vlr.gg/428005/100-thieves-vs-nrg-esports-champions-tour-2025-americas-kickoff-lr1,1,AllMaps,s0m,NRG,Omen,1.12,196,47,43,34,4,83,117,20,7,5,2,NRG,100 Thieves,38.0,32.0,2.0,1.0
https://www.vlr.gg/428005/100-thieves-vs-nrg-esports-champions-tour-2025-americas-kickoff-lr1,1,AllMaps,FiNESSE,NRG,Breach,1.1,169,39,38,31,1,77,112,14,4,4,0,NRG,100 Thieves,38.0,32.0,2.0,1.0
https://www.vlr.gg/428005/100-thieves-vs-nrg-esports-champions-tour-2025-americas-kickoff-lr1,1,AllMaps,Ethan,NRG,Tejo,0.77,145,33,47,24,-14,69,100,26,2,9,-7,NRG,100 Thieves,38.0,32.0,2.0,1.0
https://www.vlr.gg/428005/100-thieves-vs-nrg-esports-champions-tour-2025-americas-kickoff-lr1,2,Pearl,eeiu,100T,Fade,0.99,198,16,15,5,1,73,122,51,1,2,-1,NRG,100 Thieves,13.0,9.0,2.0,1.0
https://www.vlr.gg/428005/100-thieves-vs-nrg-esports-champions-tour-2025-americas-kickoff-lr1,2,Pearl,Asuna,100T,Kayo,0.88,156,12,14,10,-2,64,102,29,2,2,0,NRG,100 Thieves,13.0,9.0,2.0,1.0
https://www.vlr.gg/428005/100-thieves-vs-nrg-esports-champions-tour-2025-americas-kickoff-lr1,2,Pearl,Cryocells,100T,Jett,0.77,185,15,15,1,0,68,112,16,1,2,-1,NRG,100 Thieves,13.0,9.0,2.0,1.0
https://www.vlr.gg/428005/100-thieves-vs-nrg-esports-champions-tour-2025-americas-kickoff-lr1,2,Pearl,Boostio,100T,Vyse,0.66,162,12,18,5,-6,68,101,20,3,2,1,NRG,100 Thieves,13.0,9.0,2.0,1.0
https://www.vlr.gg/428005/100-thieves-vs-nrg-esports-champions-tour-2025-americas-kickoff-lr1,2,Pearl,zander,100T,Astra,0.44,147,11,20,8,-9,64,91,32,1,6,-5,NRG,100 Thieves,13.0,9.0,2.0,1.0
https://www.vlr.gg/428005/100-thieves-vs-nrg-esports-champions-tour-2025-americas-kickoff-lr1,2,Pearl,mada,NRG,Jett,1.66,326,26,15,4,11,86,211,26,6,2,4,NRG,100 Thieves,13.0,9.0,2.0,1.0
https://www.vlr.gg/428005/100-thieves-vs-nrg-esports-champions-tour-2025-americas-kickoff-lr1,2,Pearl,s0m,NRG,Astra,1.47,258,19,12,8,7,91,160,19,6,1,5,NRG,100 Thieves,13.0,9.0,2.0,1.0
https://www.vlr.gg/428005/100-thieves-vs-nrg-esports-champions-tour-2025-americas-kickoff-lr1,2,Pearl,FiNESSE,NRG,Breach,1.17,158,13,10,13,3,77,99,20,0,1,-1,NRG,100 Thieves,13.0,9.0,2.0,1.0
https://www.vlr.gg/428005/100-thieves-vs-nrg-esports-champions-tour-2025-americas-kickoff-lr1,2,Pearl,Ethan,NRG,Tejo,0.85,172,13,15,5,-2,91,111,29,1,4,-3,NRG,100 Thieves,13.0,9.0,2.0,1.0
https://www.vlr.gg/428005/100-thieves-vs-nrg-esports-champions-tour-2025-americas-kickoff-lr1,2,Pearl,Verno,NRG,Vyse,0.84,123,11,14,6,-3,82,85,23,1,0,1,NRG,100 Thieves,13.0,9.0,2.0,1.0
https://www.vlr.gg/428005/100-thieves-vs-nrg-esports-champions-tour-2025-americas-kickoff-lr1,3,Bind,zander,100T,Viper,1.2,240,19,15,5,4,82,148,39,5,0,5,NRG,100 Thieves,13.0,9.0,2.0,1.0
https://www.vlr.gg/428005/100-thieves-vs-nrg-esports-champions-tour-2025-americas-kickoff-lr1,3,Bind,Cryocells,100T,Brimstone,0.89,167,13,16,4,-3,82,107,50,2,0,2,NRG,100 Thieves,13.0,9.0,2.0,1.0
https://www.vlr.gg/428005/100-thieves-vs-nrg-esports-champions-tour-2025-americas-kickoff-lr1,3,Bind,Asuna,100T,Raze,0.85,202,12,17,7,-5,64,138,15,5,3,2,NRG,100 Thieves,13.0,9.0,2.0,1.0
https://www.vlr.gg/428005/100-thieves-vs-nrg-esports-champions-tour-2025-americas-kickoff-lr1,3,Bind,eeiu,100T,Fade,0.75,183,15,17,3,-2,73,107,42,2,1,1,NRG,100 Thieves,13.0,9.0,2.0,1.0
https://www.vlr.gg/428005/100-thieves-vs-nrg-esports-champions-tour-2025-americas-kickoff-lr1,3,Bind,Boostio,100T,Gekko,0.35,90,7,18,6,-11,55,53,38,1,3,-2,NRG,100 Thieves,13.0,9.0,2.0,1.0
https://www.vlr.gg/428005/100-thieves-vs-nrg-esports-champions-tour-2025-americas-kickoff-lr1,3,Bind,mada,NRG,Raze,1.54,321,27,14,1,13,82,175,14,4,6,-2,NRG,100 Thieves,13.0,9.0,2.0,1.0
https://www.vlr.gg/428005/100-thieves-vs-nrg-esports-champions-tour-2025-americas-kickoff-lr1,3,Bind,Verno,NRG,Fade,1.32,258,21,14,10,7,77,161,39,1,2,-1,NRG,100 Thieves,13.0,9.0,2.0,1.0
https://www.vlr.gg/428005/100-thieves-vs-nrg-esports-champions-tour-2025-americas-kickoff-lr1,3,Bind,s0m,NRG,Brimstone,1.08,174,13,12,16,1,91,103,15,0,3,-3,NRG,100 Thieves,13.0,9.0,2.0,1.0
https://www.vlr.gg/428005/100-thieves-vs-nrg-esports-champions-tour-2025-americas-kickoff-lr1,3,Bind,FiNESSE,NRG,Viper,1.03,155,11,11,8,0,77,103,8,2,2,0,NRG,100 Thieves,13.0,9.0,2.0,1.0
https://www.vlr.gg/428005/100-thieves-vs-nrg-esports-champions-tour-2025-americas-kickoff-lr1,3,Bind,Ethan,NRG,Kayo,0.91,158,11,15,15,-4,73,109,24,0,2,-2,NRG,100 Thieves,13.0,9.0,2.0,1.0
https://www.vlr.gg/428006/kr-esports-vs-2game-esports-champions-tour-2025-americas-kickoff-lr1,0,Abyss,keznit,KRÜ,Jett,1.58,328,18,8,4,10,88,209,27,5,2,3,KRÜ Esports,KRÜ Esports,3.0,13.0,0.0,2.0
https://www.vlr.gg/428006/kr-esports-vs-2game-esports-champions-tour-2025-americas-kickoff-lr1,0,Abyss,Melser,KRÜ,Astra,1.41,264,16,8,4,8,88,158,44,3,2,1,KRÜ Esports,KRÜ Esports,3.0,13.0,0.0,2.0
https://www.vlr.gg/428006/kr-esports-vs-2game-esports-champions-tour-2025-americas-kickoff-lr1,0,Abyss,Mazino,KRÜ,Kayo,1.25,202,11,8,10,3,88,119,18,1,1,0,KRÜ Esports,KRÜ Esports,3.0,13.0,0.0,2.0
https://www.vlr.gg/428006/kr-esports-vs-2game-esports-champions-tour-2025-americas-kickoff-lr1,0,Abyss,Shyy,KRÜ,Viper,1.09,196,12,9,2,3,75,130,35,2,0,2,KRÜ Esports,KRÜ Esports,3.0,13.0,0.0,2.0
https://www.vlr.gg/428006/kr-esports-vs-2game-esports-champions-tour-2025-americas-kickoff-lr1,0,Abyss,adverso,KRÜ,Sova,1.0,145,8,7,6,1,75,96,29,0,0,0,KRÜ Esports,KRÜ Esports,3.0,13.0,0.0,2.0
https://www.vlr.gg/428006/kr-esports-vs-2game-esports-champions-tour-2025-americas-kickoff-lr1,0,Abyss,gobera,2G,Jett,1.27,241,13,12,3,1,69,143,34,2,0,2,KRÜ Esports,KRÜ Esports,3.0,13.0,0.0,2.0
https://www.vlr.gg/428006/kr-esports-vs-2game-esports-champions-tour-2025-americas-kickoff-lr1,0,Abyss,pryze,2G,Sova,0.62,133,6,12,4,-6,63,97,19,1,1,0,KRÜ Esports,KRÜ Esports,3.0,13.0,0.0,2.0
https://www.vlr.gg/428006/kr-esports-vs-2game-esports-champions-tour-2025-americas-kickoff-lr1,0,Abyss,lz,2G,Astra,0.58,152,9,14,2,-5,56,96,37,0,6,-6,KRÜ Esports,KRÜ Esports,3.0,13.0,0.0,2.0
https://www.vlr.gg/428006/kr-esports-vs-2game-esports-champions-tour-2025-americas-kickoff-lr1,0,Abyss,silentzz,2G,Yoru,0.44,127,7,14,2,-7,56,78,58,0,2,-2,KRÜ Esports,KRÜ Esports,3.0,13.0,0.0,2.0
https://www.vlr.gg/428006/kr-esports-vs-2game-esports-champions-tour-2025-americas-kickoff-lr1,0,Abyss,Zap,2G,Omen,0.39,86,5,13,1,-8,44,59,27,2,2,0,KRÜ Esports,KRÜ Esports,3.0,13.0,0.0,2.0
https://www.vlr.gg/428006/kr-esports-vs-2game-esports-champions-tour-2025-americas-kickoff-lr1,1,AllMaps,keznit,KRÜ,Jett,1.5,295,33,16,7,17,84,186,23,6,3,3,KRÜ Esports,KRÜ Esports,5.0,26.0,0.0,2.0
https://www.vlr.gg/428006/kr-esports-vs-2game-esports-champions-tour-2025-americas-kickoff-lr1,1,AllMaps,Melser,KRÜ,Astra,1.46,241,28,14,9,14,87,158,42,4,3,1,KRÜ Esports,KRÜ Esports,5.0,26.0,0.0,2.0
https://www.vlr.gg/428006/kr-esports-vs-2game-esports-champions-tour-2025-americas-kickoff-lr1,1,AllMaps,Mazino,KRÜ,Kayo,1.24,217,23,18,22,5,84,143,24,2,3,-1,KRÜ Esports,KRÜ Esports,5.0,26.0,0.0,2.0
https://www.vlr.gg/428006/kr-esports-vs-2game-esports-champions-tour-2025-americas-kickoff-lr1,1,AllMaps,adverso,KRÜ,Sova,1.11,201,22,18,13,4,77,123,32,2,4,-2,KRÜ Esports,KRÜ Esports,5.0,26.0,0.0,2.0
https://www.vlr.gg/428006/kr-esports-vs-2game-esports-champions-tour-2025-americas-kickoff-lr1,1,AllMaps,Shyy,KRÜ,Viper,1.06,193,23,19,8,4,81,132,24,3,1,2,KRÜ Esports,KRÜ Esports,5.0,26.0,0.0,2.0
https://www.vlr.gg/428006/kr-esports-vs-2game-esports-champions-tour-2025-americas-kickoff-lr1,1,AllMaps,gobera,2G,Jett,1.09,216,23,24,10,-1,77,130,32,3,1,2,KRÜ Esports,KRÜ Esports,5.0,26.0,0.0,2.0
https://www.vlr.gg/428006/kr-esports-vs-2game-esports-champions-tour-2025-americas-kickoff-lr1,1,AllMaps,pryze,2G,Sova,0.85,195,19,24,8,-5,77,133,24,2,1,1,KRÜ Esports,KRÜ Esports,5.0,26.0,0.0,2.0
https://www.vlr.gg/428006/kr-esports-vs-2game-esports-champions-tour-2025-americas-kickoff-lr1,1,AllMaps,silentzz,2G,Yoru,0.61,169,17,28,5,-11,58,100,41,4,5,-1,KRÜ Esports,KRÜ Esports,5.0,26.0,0.0,2.0
https://www.vlr.gg/428006/kr-esports-vs-2game-esports-champions-tour-2025-americas-kickoff-lr1,1,AllMaps,lz,2G,Astra,0.59,143,16,27,5,-11,55,99,39,3,7,-4,KRÜ Esports,KRÜ Esports,5.0,26.0,0.0,2.0
https://www.vlr.gg/428006/kr-esports-vs-2game-esports-champions-tour-2025-americas-kickoff-lr1,1,AllMaps,Zap,2G,Omen,0.47,112,10,27,11,-17,52,81,18,2,3,-1,KRÜ Esports,KRÜ Esports,5.0,26.0,0.0,2.0
https://www.vlr.gg/428006/kr-esports-vs-2game-esports-champions-tour-2025-americas-kickoff-lr1,2,Split,Melser,KRÜ,Omen,1.52,217,12,6,5,6,87,158,39,1,1,0,KRÜ Esports,KRÜ Esports,2.0,13.0,0.0,2.0
https://www.vlr.gg/428006/kr-esports-vs-2game-esports-champions-tour-2025-americas-kickoff-lr1,2,Split,keznit,KRÜ,Raze,1.42,262,15,8,3,7,80,162,21,1,1,0,KRÜ Esports,KRÜ Esports,2.0,13.0,0.0,2.0
https://www.vlr.gg/428006/kr-esports-vs-2game-esports-champions-tour-2025-americas-kickoff-lr1,2,Split,Mazino,KRÜ,Skye,1.22,231,12,10,12,2,80,169,30,1,2,-1,KRÜ Esports,KRÜ Esports,2.0,13.0,0.0,2.0
https://www.vlr.gg/428006/kr-esports-vs-2game-esports-champions-tour-2025-americas-kickoff-lr1,2,Split,adverso,KRÜ,Viper,1.22,257,14,11,7,3,80,152,34,2,4,-2,KRÜ Esports,KRÜ Esports,2.0,13.0,0.0,2.0
https://www.vlr.gg/428006/kr-esports-vs-2game-esports-champions-tour-2025-americas-kickoff-lr1,2,Split,Shyy,KRÜ,Cypher,1.03,190,11,10,6,1,87,134,16,1,1,0,KRÜ Esports,KRÜ Esports,2.0,13.0,0.0,2.0
https://www.vlr.gg/428006/kr-esports-vs-2game-esports-champions-tour-2025-americas-kickoff-lr1,2,Split,pryze,2G,Viper,1.1,256,13,12,4,1,93,172,27,1,0,1,KRÜ Esports,KRÜ Esports,2.0,13.0,0.0,2.0
https://www.vlr.gg/428006/kr-esports-vs-2game-esports-champions-tour-2025-americas-kickoff-lr1,2,Split,gobera,2G,Omen,0.89,190,10,12,7,-2,87,116,29,1,1,0,KRÜ Esports,KRÜ Esports,2.0,13.0,0.0,2.0
https://www.vlr.gg/428006/kr-esports-vs-2game-esports-champions-tour-2025-americas-kickoff-lr1,2,Split,silentzz,2G,Yoru,0.79,210,10,14,3,-4,60,124,37,4,3,1,KRÜ Esports,KRÜ Esports,2.0,13.0,0.0,2.0
https://www.vlr.gg/428006/kr-esports-vs-2game-esports-champions-tour-2025-americas-kickoff-lr1,2,Split,lz,2G,Tejo,0.61,133,7,13,3,-6,53,102,41,3,1,2,KRÜ Esports,KRÜ Esports,2.0,13.0,0.0,2.0
https://www.vlr.gg/428006/kr-esports-vs-2game-esports-champions-tour-2025-americas-kickoff-lr1,2,Split,Zap,2G,Breach,0.55,138,5,14,10,-9,60,105,14,0,1,-1,KRÜ Esports,KRÜ Esports,2.0,13.0,0.0,2.0
https://www.vlr.gg/428008/nrg-esports-vs-kr-esports-champions-tour-2025-americas-kickoff-lr2,0,Abyss,Ethan,NRG,Omen,1.42,278,21,15,11,6,81,173,27,3,2,1,KRÜ Esports,KRÜ Esports,8.0,13.0,1.0,2.0
https://www.vlr.gg/428008/nrg-esports-vs-kr-esports-champions-tour-2025-americas-kickoff-lr2,0,Abyss,mada,NRG,Yoru,1.33,300,20,15,8,5,81,197,27,3,3,0,KRÜ Esports,KRÜ Esports,8.0,13.0,1.0,2.0
https://www.vlr.gg/428008/nrg-esports-vs-kr-esports-champions-tour-2025-americas-kickoff-lr2,0,Abyss,s0m,NRG,Harbor,1.02,239,18,17,7,1,86,161,37,1,3,-2,KRÜ Esports,KRÜ Esports,8.0,13.0,1.0,2.0
https://www.vlr.gg/428008/nrg-esports-vs-kr-esports-champions-tour-2025-americas-kickoff-lr2,0,Abyss,Verno,NRG,Sova,0.63,138,9,16,7,-7,67,104,38,0,3,-3,KRÜ Esports,KRÜ Esports,8.0,13.0,1.0,2.0
https://www.vlr.gg/428008/nrg-esports-vs-kr-esports-champions-tour-2025-americas-kickoff-lr2,0,Abyss,FiNESSE,NRG,Vyse,0.33,75,4,17,7,-13,62,58,17,1,2,-1,KRÜ Esports,KRÜ Esports,8.0,13.0,1.0,2.0
https://www.vlr.gg/428008/nrg-esports-vs-kr-esports-champions-tour-2025-americas-kickoff-lr2,0,Abyss,Mazino,KRÜ,Kayo,1.47,266,20,13,14,7,86,166,25,4,0,4,KRÜ Esports,NRG,13.0,8.0,2.0,1.0
https://www.vlr.gg/428008/nrg-esports-vs-kr-esports-champions-tour-2025-americas-kickoff-lr2,0,Abyss,Melser,KRÜ,Astra,1.42,231,19,13,5,6,71,156,45,3,0,3,KRÜ Esports,NRG,13.0,8.0,2.0,1.0
https://www.vlr.gg/428008/nrg-esports-vs-kr-esports-champions-tour-2025-americas-kickoff-lr2,0,Abyss,keznit,KRÜ,Jett,1.13,235,19,14,1,5,71,151,39,3,4,-1,KRÜ Esports,NRG,13.0,8.0,2.0,1.0
https://www.vlr.gg/428008/nrg-esports-vs-kr-esports-champions-tour-2025-americas-kickoff-lr2,0,Abyss,adverso,KRÜ,Sova,0.96,185,14,14,5,0,67,122,13,1,1,0,KRÜ Esports,NRG,13.0,8.0,2.0,1.0
https://www.vlr.gg/428008/nrg-esports-vs-kr-esports-champions-tour-2025-americas-kickoff-lr2,0,Abyss,Shyy,KRÜ,Viper,0.46,122,8,18,2,-10,48,90,23,2,3,-1,KRÜ Esports,NRG,13.0,8.0,2.0,1.0
https://www.vlr.gg/428008/nrg-esports-vs-kr-esports-champions-tour-2025-americas-kickoff-lr2,1,AllMaps,mada,NRG,Yoru,1.29,283,64,44,12,20,73,177,28,10,12,-2,KRÜ Esports,KRÜ Esports,28.0,36.0,1.0,2.0
https://www.vlr.gg/428008/nrg-esports-vs-kr-esports-champions-tour-2025-americas-kickoff-lr2,1,AllMaps,Ethan,NRG,Omen,1.23,234,51,46,34,5,73,153,26,5,4,1,KRÜ Esports,KRÜ Esports,28.0,36.0,1.0,2.0
https://www.vlr.gg/428008/nrg-esports-vs-kr-esports-champions-tour-2025-americas-kickoff-lr2,1,AllMaps,s0m,NRG,Harbor,0.91,193,42,47,25,-5,78,128,27,3,5,-2,KRÜ Esports,KRÜ Esports,28.0,36.0,1.0,2.0
https://www.vlr.gg/428008/nrg-esports-vs-kr-esports-champions-tour-2025-americas-kickoff-lr2,1,AllMaps,Verno,NRG,Sova,0.74,135,29,46,16,-17,69,94,27,2,7,-5,KRÜ Esports,KRÜ Esports,28.0,36.0,1.0,2.0
https://www.vlr.gg/428008/nrg-esports-vs-kr-esports-champions-tour-2025-americas-kickoff-lr2,1,AllMaps,FiNESSE,NRG,Vyse,0.47,110,20,51,16,-31,55,75,17,5,11,-6,KRÜ Esports,KRÜ Esports,28.0,36.0,1.0,2.0
https://www.vlr.gg/428008/nrg-esports-vs-kr-esports-champions-tour-2025-americas-kickoff-lr2,1,AllMaps,Melser,KRÜ,Astra,1.18,188,48,34,21,14,80,122,33,6,3,3,KRÜ Esports,NRG,36.0,28.0,2.0,1.0
https://www.vlr.gg/428008/nrg-esports-vs-kr-esports-champions-tour-2025-americas-kickoff-lr2,1,AllMaps,adverso,KRÜ,Sova,1.09,208,48,40,20,8,73,135,16,7,3,4,KRÜ Esports,NRG,36.0,28.0,2.0,1.0
https://www.vlr.gg/428008/nrg-esports-vs-kr-esports-champions-tour-2025-americas-kickoff-lr2,1,AllMaps,Shyy,KRÜ,Viper,1.07,205,48,42,11,6,72,129,29,7,3,4,KRÜ Esports,NRG,36.0,28.0,2.0,1.0
https://www.vlr.gg/428008/nrg-esports-vs-kr-esports-champions-tour-2025-americas-kickoff-lr2,1,AllMaps,keznit,KRÜ,Jett,1.01,207,45,43,12,2,73,138,28,11,9,2,KRÜ Esports,NRG,36.0,28.0,2.0,1.0
https://www.vlr.gg/428008/nrg-esports-vs-kr-esports-champions-tour-2025-americas-kickoff-lr2,1,AllMaps,Mazino,KRÜ,Kayo,0.94,195,45,47,28,-2,72,126,28,8,7,1,KRÜ Esports,NRG,36.0,28.0,2.0,1.0
https://www.vlr.gg/428008/nrg-esports-vs-kr-esports-champions-tour-2025-americas-kickoff-lr2,2,Haven,mada,NRG,Neon,1.64,354,30,14,2,16,78,210,25,4,4,0,NRG,KRÜ Esports,13.0,10.0,1.0,2.0
https://www.vlr.gg/428008/nrg-esports-vs-kr-esports-champions-tour-2025-americas-kickoff-lr2,2,Haven,Ethan,NRG,Breach,1.63,315,24,16,11,8,74,203,32,2,1,1,NRG,KRÜ Esports,13.0,10.0,1.0,2.0
https://www.vlr.gg/428008/nrg-esports-vs-kr-esports-champions-tour-2025-americas-kickoff-lr2,2,Haven,Verno,NRG,Sova,0.84,129,10,15,4,-5,70,93,15,1,2,-1,NRG,KRÜ Esports,13.0,10.0,1.0,2.0
https://www.vlr.gg/428008/nrg-esports-vs-kr-esports-champions-tour-2025-americas-kickoff-lr2,2,Haven,s0m,NRG,Omen,0.74,121,10,15,8,-5,65,83,41,1,2,-1,NRG,KRÜ Esports,13.0,10.0,1.0,2.0
https://www.vlr.gg/428008/nrg-esports-vs-kr-esports-champions-tour-2025-americas-kickoff-lr2,2,Haven,FiNESSE,NRG,Cypher,0.44,89,5,17,6,-12,48,63,11,1,5,-4,NRG,KRÜ Esports,13.0,10.0,1.0,2.0
https://www.vlr.gg/428008/nrg-esports-vs-kr-esports-champions-tour-2025-americas-kickoff-lr2,2,Haven,Melser,KRÜ,Omen,1.24,207,19,12,10,7,83,133,29,3,1,2,NRG,NRG,10.0,13.0,2.0,1.0
https://www.vlr.gg/428008/nrg-esports-vs-kr-esports-champions-tour-2025-americas-kickoff-lr2,2,Haven,Mazino,KRÜ,Breach,0.96,229,18,18,9,0,74,146,28,3,4,-1,NRG,NRG,10.0,13.0,2.0,1.0
https://www.vlr.gg/428008/nrg-esports-vs-kr-esports-champions-tour-2025-americas-kickoff-lr2,2,Haven,Shyy,KRÜ,Cypher,0.92,172,15,16,5,-1,83,110,23,2,0,2,NRG,NRG,10.0,13.0,2.0,1.0
https://www.vlr.gg/428008/nrg-esports-vs-kr-esports-champions-tour-2025-americas-kickoff-lr2,2,Haven,adverso,KRÜ,Sova,0.77,159,13,16,5,-3,74,110,17,2,0,2,NRG,NRG,10.0,13.0,2.0,1.0
https://www.vlr.gg/428008/nrg-esports-vs-kr-esports-champions-tour-2025-americas-kickoff-lr2,2,Haven,keznit,KRÜ,Jett,0.77,159,12,17,3,-5,70,115,34,4,4,0,NRG,NRG,10.0,13.0,2.0,1.0
https://www.vlr.gg/428008/nrg-esports-vs-kr-esports-champions-tour-2025-americas-kickoff-lr2,3,Bind,s0m,NRG,Brimstone,0.99,219,14,15,10,-1,85,144,15,1,0,1,KRÜ Esports,KRÜ Esports,7.0,13.0,1.0,2.0
https://www.vlr.gg/428008/nrg-esports-vs-kr-esports-champions-tour-2025-americas-kickoff-lr2,3,Bind,mada,NRG,Raze,0.83,195,14,15,2,-1,60,120,36,3,5,-2,KRÜ Esports,KRÜ Esports,7.0,13.0,1.0,2.0
https://www.vlr.gg/428008/nrg-esports-vs-kr-esports-champions-tour-2025-americas-kickoff-lr2,3,Bind,Verno,NRG,Fade,0.75,138,10,15,5,-5,70,84,36,1,2,-1,KRÜ Esports,KRÜ Esports,7.0,13.0,1.0,2.0
https://www.vlr.gg/428008/nrg-esports-vs-kr-esports-champions-tour-2025-americas-kickoff-lr2,3,Bind,FiNESSE,NRG,Viper,0.64,166,11,17,3,-6,55,106,23,3,4,-1,KRÜ Esports,KRÜ Esports,7.0,13.0,1.0,2.0
https://www.vlr.gg/428008/nrg-esports-vs-kr-esports-champions-tour-2025-americas-kickoff-lr2,3,Bind,Ethan,NRG,Kayo,0.57,110,6,15,12,-9,65,76,13,0,1,-1,KRÜ Esports,KRÜ Esports,7.0,13.0,1.0,2.0
https://www.vlr.gg/428008/nrg-esports-vs-kr-esports-champions-tour-2025-americas-kickoff-lr2,3,Bind,Shyy,KRÜ,Vyse,1.89,322,25,8,4,17,85,192,36,3,0,3,KRÜ Esports,NRG,13.0,7.0,2.0,1.0
https://www.vlr.gg/428008/nrg-esports-vs-kr-esports-champions-tour-2025-americas-kickoff-lr2,3,Bind,adverso,KRÜ,Viper,1.59,279,21,10,10,11,80,177,17,4,2,2,KRÜ Esports,NRG,13.0,7.0,2.0,1.0
https://www.vlr.gg/428008/nrg-esports-vs-kr-esports-champions-tour-2025-americas-kickoff-lr2,3,Bind,keznit,KRÜ,Raze,1.15,226,14,12,8,2,80,151,16,4,1,3,KRÜ Esports,NRG,13.0,7.0,2.0,1.0
https://www.vlr.gg/428008/nrg-esports-vs-kr-esports-champions-tour-2025-americas-kickoff-lr2,3,Bind,Melser,KRÜ,Brimstone,0.87,125,10,9,6,1,85,76,22,0,2,-2,KRÜ Esports,NRG,13.0,7.0,2.0,1.0
https://www.vlr.gg/428008/nrg-esports-vs-kr-esports-champions-tour-2025-americas-kickoff-lr2,3,Bind,Mazino,KRÜ,Skye,0.35,91,7,16,5,-9,55,60,35,1,3,-2,KRÜ Esports,NRG,13.0,7.0,2.0,1.0
https://www.vlr.gg/428007/evil-geniuses-vs-mibr-champions-tour-2025-americas-kickoff-lr2,0,Abyss,supamen,EG,Omen,1.53,289,25,16,5,9,74,188,44,2,2,0,MIBR,Evil Geniuses,13.0,10.0,2.0,0.0
https://www.vlr.gg/428007/evil-geniuses-vs-mibr-champions-tour-2025-americas-kickoff-lr2,0,Abyss,Derrek,EG,Sova,0.84,194,15,18,6,-3,65,137,42,1,0,1,MIBR,Evil Geniuses,13.0,10.0,2.0,0.0
https://www.vlr.gg/428007/evil-geniuses-vs-mibr-champions-tour-2025-americas-kickoff-lr2,0,Abyss,NaturE,EG,Vyse,0.76,147,9,17,12,-8,70,99,30,0,3,-3,MIBR,Evil Geniuses,13.0,10.0,2.0,0.0
https://www.vlr.gg/428007/evil-geniuses-vs-mibr-champions-tour-2025-americas-kickoff-lr2,0,Abyss,yay,EG,Astra,0.68,155,12,18,4,-6,52,110,32,2,3,-1,MIBR,Evil Geniuses,13.0,10.0,2.0,0.0
https://www.vlr.gg/428007/evil-geniuses-vs-mibr-champions-tour-2025-americas-kickoff-lr2,0,Abyss,icy,EG,Jett,0.54,146,12,19,0,-7,48,84,26,3,7,-4,MIBR,Evil Geniuses,13.0,10.0,2.0,0.0
https://www.vlr.gg/428007/evil-geniuses-vs-mibr-champions-tour-2025-americas-kickoff-lr2,0,Abyss,aspas,MIBR,Jett,1.42,299,25,14,3,11,87,180,18,8,3,5,MIBR,Evil Geniuses,13.0,10.0,2.0,0.0
https://www.vlr.gg/428007/evil-geniuses-vs-mibr-champions-tour-2025-americas-kickoff-lr2,0,Abyss,xenom,MIBR,Astra,1.25,231,17,17,18,0,87,144,26,1,1,0,MIBR,Evil Geniuses,13.0,10.0,2.0,0.0
https://www.vlr.gg/428007/evil-geniuses-vs-mibr-champions-tour-2025-americas-kickoff-lr2,0,Abyss,cortezia,MIBR,Cypher,1.19,216,19,13,2,6,70,142,46,3,1,2,MIBR,Evil Geniuses,13.0,10.0,2.0,0.0
https://www.vlr.gg/428007/evil-geniuses-vs-mibr-champions-tour-2025-americas-kickoff-lr2,0,Abyss,artzin,MIBR,Kayo,0.94,191,16,17,9,-1,83,123,16,2,2,0,MIBR,Evil Geniuses,13.0,10.0,2.0,0.0
https://www.vlr.gg/428007/evil-geniuses-vs-mibr-champions-tour-2025-americas-kickoff-lr2,0,Abyss,nzr,MIBR,Sova,0.72,135,11,14,6,-3,74,104,30,1,1,0,MIBR,Evil Geniuses,13.0,10.0,2.0,0.0
https://www.vlr.gg/428007/evil-geniuses-vs-mibr-champions-tour-2025-americas-kickoff-lr2,1,AllMaps,supamen,EG,Omen,1.14,227,34,31,5,3,62,156,38,3,4,-1,MIBR,Evil Geniuses,26.0,13.0,2.0,0.0
https://www.vlr.gg/428007/evil-geniuses-vs-mibr-champions-tour-2025-americas-kickoff-lr2,1,AllMaps,yay,EG,Astra,0.69,171,22,33,4,-11,49,110,37,4,7,-3,MIBR,Evil Geniuses,26.0,13.0,2.0,0.0
https://www.vlr.gg/428007/evil-geniuses-vs-mibr-champions-tour-2025-americas-kickoff-lr2,1,AllMaps,Derrek,EG,Sova,0.66,159,22,33,10,-11,64,107,40,1,0,1,MIBR,Evil Geniuses,26.0,13.0,2.0,0.0
https://www.vlr.gg/428007/evil-geniuses-vs-mibr-champions-tour-2025-americas-kickoff-lr2,1,AllMaps,icy,EG,Jett,0.65,181,23,34,4,-11,56,112,20,6,9,-3,MIBR,Evil Geniuses,26.0,13.0,2.0,0.0
https://www.vlr.gg/428007/evil-geniuses-vs-mibr-champions-tour-2025-americas-kickoff-lr2,1,AllMaps,NaturE,EG,Vyse,0.64,134,15,31,14,-16,62,90,24,0,5,-5,MIBR,Evil Geniuses,26.0,13.0,2.0,0.0
https://www.vlr.gg/428007/evil-geniuses-vs-mibr-champions-tour-2025-americas-kickoff-lr2,1,AllMaps,aspas,MIBR,Jett,1.36,257,38,22,7,16,90,160,14,10,3,7,MIBR,Evil Geniuses,26.0,13.0,2.0,0.0
https://www.vlr.gg/428007/evil-geniuses-vs-mibr-champions-tour-2025-americas-kickoff-lr2,1,AllMaps,xenom,MIBR,Astra,1.3,204,27,23,26,4,90,131,26,2,2,0,MIBR,Evil Geniuses,26.0,13.0,2.0,0.0
https://www.vlr.gg/428007/evil-geniuses-vs-mibr-champions-tour-2025-americas-kickoff-lr2,1,AllMaps,cortezia,MIBR,Cypher,1.16,247,35,25,7,10,79,160,42,6,3,3,MIBR,Evil Geniuses,26.0,13.0,2.0,0.0
https://www.vlr.gg/428007/evil-geniuses-vs-mibr-champions-tour-2025-americas-kickoff-lr2,1,AllMaps,nzr,MIBR,Sova,1.15,196,26,21,15,5,79,139,24,3,1,2,MIBR,Evil Geniuses,26.0,13.0,2.0,0.0
https://www.vlr.gg/428007/evil-geniuses-vs-mibr-champions-tour-2025-americas-kickoff-lr2,1,AllMaps,artzin,MIBR,Kayo,1.13,254,36,27,11,9,85,146,15,4,5,-1,MIBR,Evil Geniuses,26.0,13.0,2.0,0.0
https://www.vlr.gg/428007/evil-geniuses-vs-mibr-champions-tour-2025-americas-kickoff-lr2,2,Split,icy,EG,Raze,0.81,216,11,15,4,-4,69,151,16,3,2,1,MIBR,Evil Geniuses,13.0,3.0,2.0,0.0
https://www.vlr.gg/428007/evil-geniuses-vs-mibr-champions-tour-2025-americas-kickoff-lr2,2,Split,yay,EG,Chamber,0.71,186,10,15,0,-5,44,111,47,2,4,-2,MIBR,Evil Geniuses,13.0,3.0,2.0,0.0
https://www.vlr.gg/428007/evil-geniuses-vs-mibr-champions-tour-2025-americas-kickoff-lr2,2,Split,supamen,EG,Omen,0.57,165,9,15,0,-6,44,110,29,1,2,-1,MIBR,Evil Geniuses,13.0,3.0,2.0,0.0
https://www.vlr.gg/428007/evil-geniuses-vs-mibr-champions-tour-2025-americas-kickoff-lr2,2,Split,NaturE,EG,Viper,0.46,120,6,14,2,-8,50,77,15,0,2,-2,MIBR,Evil Geniuses,13.0,3.0,2.0,0.0
https://www.vlr.gg/428007/evil-geniuses-vs-mibr-champions-tour-2025-americas-kickoff-lr2,2,Split,Derrek,EG,Skye,0.41,124,7,15,4,-8,63,63,36,0,0,0,MIBR,Evil Geniuses,13.0,3.0,2.0,0.0
https://www.vlr.gg/428007/evil-geniuses-vs-mibr-champions-tour-2025-americas-kickoff-lr2,2,Split,nzr,MIBR,Skye,1.76,257,15,7,9,8,88,188,21,2,0,2,MIBR,Evil Geniuses,13.0,3.0,2.0,0.0
https://www.vlr.gg/428007/evil-geniuses-vs-mibr-champions-tour-2025-americas-kickoff-lr2,2,Split,artzin,MIBR,Raze,1.39,317,20,10,2,10,88,178,13,2,3,-1,MIBR,Evil Geniuses,13.0,3.0,2.0,0.0
https://www.vlr.gg/428007/evil-geniuses-vs-mibr-champions-tour-2025-americas-kickoff-lr2,2,Split,xenom,MIBR,Astra,1.35,177,10,6,8,4,94,112,28,1,1,0,MIBR,Evil Geniuses,13.0,3.0,2.0,0.0
https://www.vlr.gg/428007/evil-geniuses-vs-mibr-champions-tour-2025-americas-kickoff-lr2,2,Split,aspas,MIBR,Jett,1.28,215,13,8,4,5,94,132,4,2,0,2,MIBR,Evil Geniuses,13.0,3.0,2.0,0.0
https://www.vlr.gg/428007/evil-geniuses-vs-mibr-champions-tour-2025-americas-kickoff-lr2,2,Split,cortezia,MIBR,Viper,1.11,278,16,12,5,4,94,186,38,3,2,1,MIBR,Evil Geniuses,13.0,3.0,2.0,0.0
https://www.vlr.gg/427998/leviat-n-vs-furia-champions-tour-2025-americas-kickoff-ubqf,0,Haven,C0M,LEV,Sova,1.66,330,27,14,3,13,90,221,29,2,1,1,LEVIATÁN,LEVIATÁN,8.0,13.0,0.0,2.0
https://www.vlr.gg/427998/leviat-n-vs-furia-champions-tour-2025-americas-kickoff-ubqf,0,Haven,kiNgg,LEV,Omen,1.17,222,17,14,8,3,76,122,38,2,2,0,LEVIATÁN,LEVIATÁN,8.0,13.0,0.0,2.0
https://www.vlr.gg/427998/leviat-n-vs-furia-champions-tour-2025-americas-kickoff-ubqf,0,Haven,nataNk,LEV,Breach,1.12,192,13,12,14,1,81,113,23,2,2,0,LEVIATÁN,LEVIATÁN,8.0,13.0,0.0,2.0
https://www.vlr.gg/427998/leviat-n-vs-furia-champions-tour-2025-americas-kickoff-ubqf,0,Haven,tex,LEV,Cypher,0.72,152,11,14,3,-3,71,93,22,2,3,-1,LEVIATÁN,LEVIATÁN,8.0,13.0,0.0,2.0
https://www.vlr.gg/427998/leviat-n-vs-furia-champions-tour-2025-americas-kickoff-ubqf,0,Haven,Demon1,LEV,Jett,0.59,162,11,17,2,-6,57,112,26,4,1,3,LEVIATÁN,LEVIATÁN,8.0,13.0,0.0,2.0
https://www.vlr.gg/427998/leviat-n-vs-furia-champions-tour-2025-americas-kickoff-ubqf,0,Haven,Khalil,FUR,Omen,1.28,215,18,12,4,6,86,137,42,1,0,1,LEVIATÁN,LEVIATÁN,8.0,13.0,0.0,2.0
https://www.vlr.gg/427998/leviat-n-vs-furia-champions-tour-2025-americas-kickoff-ubqf,0,Haven,mwzera,FUR,Sova,1.06,220,16,15,6,1,71,138,13,1,2,-1,LEVIATÁN,LEVIATÁN,8.0,13.0,0.0,2.0
https://www.vlr.gg/427998/leviat-n-vs-furia-champions-tour-2025-americas-kickoff-ubqf,0,Haven,havoc,FUR,Jett,0.89,211,14,19,7,-5,86,139,27,5,3,2,LEVIATÁN,LEVIATÁN,8.0,13.0,0.0,2.0
https://www.vlr.gg/427998/leviat-n-vs-furia-champions-tour-2025-americas-kickoff-ubqf,0,Haven,raafa,FUR,Breach,0.74,150,11,16,5,-5,57,111,23,0,2,-2,LEVIATÁN,LEVIATÁN,8.0,13.0,0.0,2.0
https://www.vlr.gg/427998/leviat-n-vs-furia-champions-tour-2025-americas-kickoff-ubqf,0,Haven,heat,FUR,Cypher,0.58,151,12,17,1,-5,52,105,41,2,5,-3,LEVIATÁN,LEVIATÁN,8.0,13.0,0.0,2.0
https://www.vlr.gg/427998/leviat-n-vs-furia-champions-tour-2025-americas-kickoff-ubqf,1,AllMaps,kiNgg,LEV,Omen,1.43,250,37,23,15,14,83,147,41,5,4,1,LEVIATÁN,LEVIATÁN,14.0,26.0,0.0,2.0
https://www.vlr.gg/427998/leviat-n-vs-furia-champions-tour-2025-americas-kickoff-ubqf,1,AllMaps,C0M,LEV,Sova,1.34,276,41,27,9,14,80,193,26,3,3,0,LEVIATÁN,LEVIATÁN,14.0,26.0,0.0,2.0
https://www.vlr.gg/427998/leviat-n-vs-furia-champions-tour-2025-americas-kickoff-ubqf,1,AllMaps,nataNk,LEV,Breach,1.28,203,27,20,22,7,80,127,27,4,4,0,LEVIATÁN,LEVIATÁN,14.0,26.0,0.0,2.0
https://www.vlr.gg/427998/leviat-n-vs-furia-champions-tour-2025-americas-kickoff-ubqf,1,AllMaps,tex,LEV,Cypher,0.86,162,24,25,4,-1,70,104,31,4,4,0,LEVIATÁN,LEVIATÁN,14.0,26.0,0.0,2.0
https://www.vlr.gg/427998/leviat-n-vs-furia-champions-tour-2025-americas-kickoff-ubqf,1,AllMaps,Demon1,LEV,Jett,0.8,163,22,26,5,-4,68,112,22,5,4,1,LEVIATÁN,LEVIATÁN,14.0,26.0,0.0,2.0
https://www.vlr.gg/427998/leviat-n-vs-furia-champions-tour-2025-americas-kickoff-ubqf,1,AllMaps,Khalil,FUR,Omen,0.98,188,28,29,9,-1,78,121,43,3,3,0,LEVIATÁN,LEVIATÁN,14.0,26.0,0.0,2.0
https://www.vlr.gg/427998/leviat-n-vs-furia-champions-tour-2025-americas-kickoff-ubqf,1,AllMaps,havoc,FUR,Jett,0.97,237,29,33,11,-4,78,159,26,9,5,4,LEVIATÁN,LEVIATÁN,14.0,26.0,0.0,2.0
https://www.vlr.gg/427998/leviat-n-vs-furia-champions-tour-2025-americas-kickoff-ubqf,1,AllMaps,mwzera,FUR,Sova,0.92,188,25,28,10,-3,68,119,12,4,3,1,LEVIATÁN,LEVIATÁN,14.0,26.0,0.0,2.0
https://www.vlr.gg/427998/leviat-n-vs-furia-champions-tour-2025-americas-kickoff-ubqf,1,AllMaps,raafa,FUR,Breach,0.66,123,17,29,9,-12,58,90,16,0,2,-2,LEVIATÁN,LEVIATÁN,14.0,26.0,0.0,2.0
https://www.vlr.gg/427998/leviat-n-vs-furia-champions-tour-2025-americas-kickoff-ubqf,1,AllMaps,heat,FUR,Cypher,0.63,156,22,32,2,-10,50,106,37,3,8,-5,LEVIATÁN,LEVIATÁN,14.0,26.0,0.0,2.0
https://www.vlr.gg/427998/leviat-n-vs-furia-champions-tour-2025-americas-kickoff-ubqf,2,Split,kiNgg,LEV,Omen,1.72,278,20,9,7,11,89,173,43,3,2,1,LEVIATÁN,LEVIATÁN,6.0,13.0,0.0,2.0
https://www.vlr.gg/427998/leviat-n-vs-furia-champions-tour-2025-americas-kickoff-ubqf,2,Split,nataNk,LEV,Skye,1.45,213,14,8,8,6,79,142,31,2,2,0,LEVIATÁN,LEVIATÁN,6.0,13.0,0.0,2.0
https://www.vlr.gg/427998/leviat-n-vs-furia-champions-tour-2025-americas-kickoff-ubqf,2,Split,Demon1,LEV,Raze,1.03,164,11,9,3,2,79,111,17,1,3,-2,LEVIATÁN,LEVIATÁN,6.0,13.0,0.0,2.0
https://www.vlr.gg/427998/leviat-n-vs-furia-champions-tour-2025-americas-kickoff-ubqf,2,Split,tex,LEV,Cypher,1.01,172,13,11,1,2,68,116,40,2,1,1,LEVIATÁN,LEVIATÁN,6.0,13.0,0.0,2.0
https://www.vlr.gg/427998/leviat-n-vs-furia-champions-tour-2025-americas-kickoff-ubqf,2,Split,C0M,LEV,Viper,0.98,222,14,13,6,1,68,161,23,1,2,-1,LEVIATÁN,LEVIATÁN,6.0,13.0,0.0,2.0
https://www.vlr.gg/427998/leviat-n-vs-furia-champions-tour-2025-americas-kickoff-ubqf,2,Split,havoc,FUR,Raze,1.05,262,15,14,4,1,68,181,26,4,2,2,LEVIATÁN,LEVIATÁN,6.0,13.0,0.0,2.0
https://www.vlr.gg/427998/leviat-n-vs-furia-champions-tour-2025-americas-kickoff-ubqf,2,Split,mwzera,FUR,Skye,0.77,155,9,13,4,-4,63,98,12,3,1,2,LEVIATÁN,LEVIATÁN,6.0,13.0,0.0,2.0
https://www.vlr.gg/427998/leviat-n-vs-furia-champions-tour-2025-americas-kickoff-ubqf,2,Split,heat,FUR,Viper,0.68,161,10,15,1,-5,47,108,32,1,3,-2,LEVIATÁN,LEVIATÁN,6.0,13.0,0.0,2.0
https://www.vlr.gg/427998/leviat-n-vs-furia-champions-tour-2025-americas-kickoff-ubqf,2,Split,Khalil,FUR,Omen,0.64,160,10,17,5,-7,68,103,46,2,3,-1,LEVIATÁN,LEVIATÁN,6.0,13.0,0.0,2.0
https://www.vlr.gg/427998/leviat-n-vs-furia-champions-tour-2025-americas-kickoff-ubqf,2,Split,raafa,FUR,Sage,0.58,95,6,13,4,-7,58,66,11,0,0,0,LEVIATÁN,LEVIATÁN,6.0,13.0,0.0,2.0
https://www.vlr.gg/427997/g2-esports-vs-cloud9-champions-tour-2025-americas-kickoff-ubqf,0,Lotus,leaf,G2,Viper,1.64,296,22,11,4,11,89,209,33,2,0,2,G2 Esports,G2 Esports,6.0,13.0,0.0,2.0
https://www.vlr.gg/427997/g2-esports-vs-cloud9-champions-tour-2025-americas-kickoff-ubqf,0,Lotus,jawgemo,G2,Yoru,1.37,248,16,11,8,5,89,151,20,7,1,6,G2 Esports,G2 Esports,6.0,13.0,0.0,2.0
https://www.vlr.gg/427997/g2-esports-vs-cloud9-champions-tour-2025-americas-kickoff-ubqf,0,Lotus,valyn,G2,Omen,1.24,230,15,11,12,4,95,142,16,2,1,1,G2 Esports,G2 Esports,6.0,13.0,0.0,2.0
https://www.vlr.gg/427997/g2-esports-vs-cloud9-champions-tour-2025-americas-kickoff-ubqf,0,Lotus,JonahP,G2,Breach,1.19,160,12,9,10,3,84,114,48,0,0,0,G2 Esports,G2 Esports,6.0,13.0,0.0,2.0
https://www.vlr.gg/427997/g2-esports-vs-cloud9-champions-tour-2025-americas-kickoff-ubqf,0,Lotus,trent,G2,Tejo,0.91,174,14,11,2,3,74,120,29,2,4,-2,G2 Esports,G2 Esports,6.0,13.0,0.0,2.0
https://www.vlr.gg/427997/g2-esports-vs-cloud9-champions-tour-2025-americas-kickoff-ubqf,0,Lotus,Xeppaa,C9,Tejo,1.23,238,15,15,5,0,74,174,22,1,2,-1,G2 Esports,G2 Esports,6.0,13.0,0.0,2.0
https://www.vlr.gg/427997/g2-esports-vs-cloud9-champions-tour-2025-americas-kickoff-ubqf,0,Lotus,v1c,C9,Omen,0.87,167,10,16,11,-6,58,111,12,2,2,0,G2 Esports,G2 Esports,6.0,13.0,0.0,2.0
https://www.vlr.gg/427997/g2-esports-vs-cloud9-champions-tour-2025-americas-kickoff-ubqf,0,Lotus,neT,C9,Deadlock,0.74,186,12,16,1,-4,53,124,39,0,1,-1,G2 Esports,G2 Esports,6.0,13.0,0.0,2.0
https://www.vlr.gg/427997/g2-esports-vs-cloud9-champions-tour-2025-americas-kickoff-ubqf,0,Lotus,mitch,C9,Breach,0.54,112,7,15,6,-8,63,67,20,2,1,1,G2 Esports,G2 Esports,6.0,13.0,0.0,2.0
https://www.vlr.gg/427997/g2-esports-vs-cloud9-champions-tour-2025-americas-kickoff-ubqf,0,Lotus,OXY,C9,Raze,0.42,141,9,17,1,-8,53,94,36,1,7,-6,G2 Esports,G2 Esports,6.0,13.0,0.0,2.0
https://www.vlr.gg/427997/g2-esports-vs-cloud9-champions-tour-2025-americas-kickoff-ubqf,1,AllMaps,leaf,G2,Viper,1.56,284,44,23,7,21,75,187,31,7,2,5,G2 Esports,G2 Esports,14.0,26.0,0.0,2.0
https://www.vlr.gg/427997/g2-esports-vs-cloud9-champions-tour-2025-americas-kickoff-ubqf,1,AllMaps,JonahP,G2,Breach,1.37,203,30,20,27,10,88,132,37,3,1,2,G2 Esports,G2 Esports,14.0,26.0,0.0,2.0
https://www.vlr.gg/427997/g2-esports-vs-cloud9-champions-tour-2025-americas-kickoff-ubqf,1,AllMaps,trent,G2,Tejo,1.18,192,31,19,5,12,75,140,39,3,5,-2,G2 Esports,G2 Esports,14.0,26.0,0.0,2.0
https://www.vlr.gg/427997/g2-esports-vs-cloud9-champions-tour-2025-americas-kickoff-ubqf,1,AllMaps,jawgemo,G2,Yoru,1.12,213,29,26,17,3,78,142,21,11,4,7,G2 Esports,G2 Esports,14.0,26.0,0.0,2.0
https://www.vlr.gg/427997/g2-esports-vs-cloud9-champions-tour-2025-americas-kickoff-ubqf,1,AllMaps,valyn,G2,Omen,1.08,193,25,25,21,0,85,120,17,2,2,0,G2 Esports,G2 Esports,14.0,26.0,0.0,2.0
https://www.vlr.gg/427997/g2-esports-vs-cloud9-champions-tour-2025-americas-kickoff-ubqf,1,AllMaps,Xeppaa,C9,Tejo,1.09,203,27,28,13,-1,70,144,23,1,2,-1,G2 Esports,G2 Esports,14.0,26.0,0.0,2.0
https://www.vlr.gg/427997/g2-esports-vs-cloud9-champions-tour-2025-americas-kickoff-ubqf,1,AllMaps,neT,C9,Deadlock,0.74,179,25,32,4,-7,53,116,43,2,7,-5,G2 Esports,G2 Esports,14.0,26.0,0.0,2.0
https://www.vlr.gg/427997/g2-esports-vs-cloud9-champions-tour-2025-americas-kickoff-ubqf,1,AllMaps,OXY,C9,Raze,0.73,189,28,34,3,-6,55,132,24,5,11,-6,G2 Esports,G2 Esports,14.0,26.0,0.0,2.0
https://www.vlr.gg/427997/g2-esports-vs-cloud9-champions-tour-2025-americas-kickoff-ubqf,1,AllMaps,v1c,C9,Omen,0.66,137,16,32,17,-16,60,92,14,3,3,0,G2 Esports,G2 Esports,14.0,26.0,0.0,2.0
https://www.vlr.gg/427997/g2-esports-vs-cloud9-champions-tour-2025-americas-kickoff-ubqf,1,AllMaps,mitch,C9,Breach,0.63,143,17,33,18,-16,60,86,24,3,3,0,G2 Esports,G2 Esports,14.0,26.0,0.0,2.0
https://www.vlr.gg/427997/g2-esports-vs-cloud9-champions-tour-2025-americas-kickoff-ubqf,2,Abyss,JonahP,G2,Breach,1.53,246,18,11,17,7,90,148,30,3,1,2,G2 Esports,G2 Esports,8.0,13.0,0.0,2.0
https://www.vlr.gg/427997/g2-esports-vs-cloud9-champions-tour-2025-americas-kickoff-ubqf,2,Abyss,leaf,G2,Chamber,1.49,271,22,12,3,10,62,168,28,5,2,3,G2 Esports,G2 Esports,8.0,13.0,0.0,2.0
https://www.vlr.gg/427997/g2-esports-vs-cloud9-champions-tour-2025-americas-kickoff-ubqf,2,Abyss,trent,G2,Sova,1.43,210,17,8,3,9,76,157,50,1,1,0,G2 Esports,G2 Esports,8.0,13.0,0.0,2.0
https://www.vlr.gg/427997/g2-esports-vs-cloud9-champions-tour-2025-americas-kickoff-ubqf,2,Abyss,valyn,G2,Astra,0.93,155,10,14,9,-4,76,99,19,0,1,-1,G2 Esports,G2 Esports,8.0,13.0,0.0,2.0
https://www.vlr.gg/427997/g2-esports-vs-cloud9-champions-tour-2025-americas-kickoff-ubqf,2,Abyss,jawgemo,G2,Yoru,0.89,177,13,15,9,-2,67,135,22,4,3,1,G2 Esports,G2 Esports,8.0,13.0,0.0,2.0
https://www.vlr.gg/427997/g2-esports-vs-cloud9-champions-tour-2025-americas-kickoff-ubqf,2,Abyss,OXY,C9,Jett,1.0,237,19,17,2,2,57,166,20,4,4,0,G2 Esports,G2 Esports,8.0,13.0,0.0,2.0
https://www.vlr.gg/427997/g2-esports-vs-cloud9-champions-tour-2025-americas-kickoff-ubqf,2,Abyss,Xeppaa,C9,Sova,0.96,168,12,13,8,-1,67,117,24,0,0,0,G2 Esports,G2 Esports,8.0,13.0,0.0,2.0
https://www.vlr.gg/427997/g2-esports-vs-cloud9-champions-tour-2025-americas-kickoff-ubqf,2,Abyss,neT,C9,Astra,0.74,171,13,16,3,-3,52,108,48,2,6,-4,G2 Esports,G2 Esports,8.0,13.0,0.0,2.0
https://www.vlr.gg/427997/g2-esports-vs-cloud9-champions-tour-2025-americas-kickoff-ubqf,2,Abyss,mitch,C9,Kayo,0.7,173,10,18,12,-8,57,104,27,1,2,-1,G2 Esports,G2 Esports,8.0,13.0,0.0,2.0
https://www.vlr.gg/427997/g2-esports-vs-cloud9-champions-tour-2025-americas-kickoff-ubqf,2,Abyss,v1c,C9,Omen,0.46,107,6,16,6,-10,62,76,18,1,1,0,G2 Esports,G2 Esports,8.0,13.0,0.0,2.0
https://www.vlr.gg/427996/sentinels-vs-100-thieves-champions-tour-2025-americas-kickoff-ubqf,0,Split,N4RRATE,SEN,Breach,1.04,184,12,14,12,-2,76,119,22,1,1,0,100 Thieves,Sentinels,13.0,4.0,1.0,2.0
https://www.vlr.gg/427996/sentinels-vs-100-thieves-champions-tour-2025-americas-kickoff-ubqf,0,Split,johnqt,SEN,Tejo,0.98,242,13,15,5,-2,65,148,21,1,0,1,100 Thieves,Sentinels,13.0,4.0,1.0,2.0
https://www.vlr.gg/427996/sentinels-vs-100-thieves-champions-tour-2025-americas-kickoff-ubqf,0,Split,Zellsis,SEN,Viper,0.75,192,11,14,3,-3,59,125,26,1,3,-2,100 Thieves,Sentinels,13.0,4.0,1.0,2.0
https://www.vlr.gg/427996/sentinels-vs-100-thieves-champions-tour-2025-americas-kickoff-ubqf,0,Split,zekken,SEN,Yoru,0.71,196,11,15,3,-4,76,130,11,2,4,-2,100 Thieves,Sentinels,13.0,4.0,1.0,2.0
https://www.vlr.gg/427996/sentinels-vs-100-thieves-champions-tour-2025-americas-kickoff-ubqf,0,Split,bang,SEN,Omen,0.44,160,8,16,3,-8,71,126,32,2,2,0,100 Thieves,Sentinels,13.0,4.0,1.0,2.0
https://www.vlr.gg/427996/sentinels-vs-100-thieves-champions-tour-2025-americas-kickoff-ubqf,0,Split,Cryocells,100T,Sage,2.13,338,24,8,4,16,94,233,46,2,0,2,100 Thieves,Sentinels,13.0,4.0,1.0,2.0
https://www.vlr.gg/427996/sentinels-vs-100-thieves-champions-tour-2025-americas-kickoff-ubqf,0,Split,eeiu,100T,Tejo,1.26,272,17,13,6,4,82,200,38,2,1,1,100 Thieves,Sentinels,13.0,4.0,1.0,2.0
https://www.vlr.gg/427996/sentinels-vs-100-thieves-champions-tour-2025-americas-kickoff-ubqf,0,Split,Asuna,100T,Raze,1.0,223,13,13,3,0,71,147,12,2,5,-3,100 Thieves,Sentinels,13.0,4.0,1.0,2.0
https://www.vlr.gg/427996/sentinels-vs-100-thieves-champions-tour-2025-americas-kickoff-ubqf,0,Split,Boostio,100T,Breach,0.93,177,12,11,6,1,82,108,23,3,0,3,100 Thieves,Sentinels,13.0,4.0,1.0,2.0
https://www.vlr.gg/427996/sentinels-vs-100-thieves-champions-tour-2025-americas-kickoff-ubqf,0,Split,zander,100T,Astra,0.85,140,8,10,5,-2,76,89,24,1,1,0,100 Thieves,Sentinels,13.0,4.0,1.0,2.0
https://www.vlr.gg/427996/sentinels-vs-100-thieves-champions-tour-2025-americas-kickoff-ubqf,1,AllMaps,johnqt,SEN,Tejo,1.34,225,51,36,15,15,80,143,27,3,0,3,Sentinels,Sentinels,31.0,30.0,1.0,2.0
https://www.vlr.gg/427996/sentinels-vs-100-thieves-champions-tour-2025-americas-kickoff-ubqf,1,AllMaps,N4RRATE,SEN,Breach,1.09,212,45,46,30,-1,79,149,26,5,1,4,Sentinels,Sentinels,31.0,30.0,1.0,2.0
https://www.vlr.gg/427996/sentinels-vs-100-thieves-champions-tour-2025-americas-kickoff-ubqf,1,AllMaps,zekken,SEN,Yoru,1.04,217,48,44,14,4,80,144,15,14,14,0,Sentinels,Sentinels,31.0,30.0,1.0,2.0
https://www.vlr.gg/427996/sentinels-vs-100-thieves-champions-tour-2025-americas-kickoff-ubqf,1,AllMaps,bang,SEN,Omen,0.97,188,42,42,18,0,79,129,32,5,6,-1,Sentinels,Sentinels,31.0,30.0,1.0,2.0
https://www.vlr.gg/427996/sentinels-vs-100-thieves-champions-tour-2025-americas-kickoff-ubqf,1,AllMaps,Zellsis,SEN,Viper,0.87,164,32,41,20,-9,74,105,27,5,8,-3,Sentinels,Sentinels,31.0,30.0,1.0,2.0
https://www.vlr.gg/427996/sentinels-vs-100-thieves-champions-tour-2025-americas-kickoff-ubqf,1,AllMaps,Cryocells,100T,Sage,1.25,247,53,42,18,11,80,160,37,10,7,3,Sentinels,Sentinels,31.0,30.0,1.0,2.0
https://www.vlr.gg/427996/sentinels-vs-100-thieves-champions-tour-2025-americas-kickoff-ubqf,1,AllMaps,eeiu,100T,Tejo,0.93,195,42,44,26,-2,75,132,41,2,5,-3,Sentinels,Sentinels,31.0,30.0,1.0,2.0
https://www.vlr.gg/427996/sentinels-vs-100-thieves-champions-tour-2025-americas-kickoff-ubqf,1,AllMaps,Asuna,100T,Raze,0.92,225,47,49,13,-2,70,142,17,9,11,-2,Sentinels,Sentinels,31.0,30.0,1.0,2.0
https://www.vlr.gg/427996/sentinels-vs-100-thieves-champions-tour-2025-americas-kickoff-ubqf,1,AllMaps,zander,100T,Astra,0.9,158,32,37,22,-5,72,99,20,3,5,-2,Sentinels,Sentinels,31.0,30.0,1.0,2.0
https://www.vlr.gg/427996/sentinels-vs-100-thieves-champions-tour-2025-americas-kickoff-ubqf,1,AllMaps,Boostio,100T,Breach,0.71,159,34,46,16,-12,64,103,20,5,4,1,Sentinels,Sentinels,31.0,30.0,1.0,2.0
https://www.vlr.gg/427996/sentinels-vs-100-thieves-champions-tour-2025-americas-kickoff-ubqf,2,Bind,johnqt,SEN,Tejo,1.41,197,16,11,7,5,82,137,32,1,0,1,Sentinels,Sentinels,9.0,13.0,1.0,2.0
https://www.vlr.gg/427996/sentinels-vs-100-thieves-champions-tour-2025-americas-kickoff-ubqf,2,Bind,zekken,SEN,Raze,1.27,229,20,13,4,7,86,151,17,4,4,0,Sentinels,Sentinels,9.0,13.0,1.0,2.0
https://www.vlr.gg/427996/sentinels-vs-100-thieves-champions-tour-2025-americas-kickoff-ubqf,2,Bind,bang,SEN,Viper,1.18,229,19,13,5,6,77,151,34,2,3,-1,Sentinels,Sentinels,9.0,13.0,1.0,2.0
https://www.vlr.gg/427996/sentinels-vs-100-thieves-champions-tour-2025-americas-kickoff-ubqf,2,Bind,Zellsis,SEN,Brimstone,0.99,155,11,13,9,-2,73,90,26,3,2,1,Sentinels,Sentinels,9.0,13.0,1.0,2.0
https://www.vlr.gg/427996/sentinels-vs-100-thieves-champions-tour-2025-americas-kickoff-ubqf,2,Bind,N4RRATE,SEN,Gekko,0.95,222,16,17,8,-1,73,150,22,3,0,3,Sentinels,Sentinels,9.0,13.0,1.0,2.0
https://www.vlr.gg/427996/sentinels-vs-100-thieves-champions-tour-2025-americas-kickoff-ubqf,2,Bind,Asuna,100T,Raze,1.07,269,21,18,3,3,73,170,20,6,4,2,Sentinels,Sentinels,9.0,13.0,1.0,2.0
https://www.vlr.gg/427996/sentinels-vs-100-thieves-champions-tour-2025-americas-kickoff-ubqf,2,Bind,Cryocells,100T,Brimstone,0.88,191,14,18,9,-4,73,125,26,3,3,0,Sentinels,Sentinels,9.0,13.0,1.0,2.0
https://www.vlr.gg/427996/sentinels-vs-100-thieves-champions-tour-2025-americas-kickoff-ubqf,2,Bind,eeiu,100T,Fade,0.85,137,12,15,9,-3,68,92,50,0,1,-1,Sentinels,Sentinels,9.0,13.0,1.0,2.0
https://www.vlr.gg/427996/sentinels-vs-100-thieves-champions-tour-2025-americas-kickoff-ubqf,2,Bind,Boostio,100T,Gekko,0.72,151,10,16,8,-6,59,100,15,0,2,-2,Sentinels,Sentinels,9.0,13.0,1.0,2.0
https://www.vlr.gg/427996/sentinels-vs-100-thieves-champions-tour-2025-americas-kickoff-ubqf,2,Bind,zander,100T,Viper,0.7,129,9,15,5,-6,64,84,16,0,3,-3,Sentinels,Sentinels,9.0,13.0,1.0,2.0
https://www.vlr.gg/427996/sentinels-vs-100-thieves-champions-tour-2025-americas-kickoff-ubqf,3,Pearl,johnqt,SEN,Tejo,1.56,237,22,10,3,12,91,146,25,1,0,1,Sentinels,Sentinels,9.0,13.0,1.0,2.0
https://www.vlr.gg/427996/sentinels-vs-100-thieves-champions-tour-2025-americas-kickoff-ubqf,3,Pearl,N4RRATE,SEN,Fade,1.28,231,17,15,10,2,86,172,31,1,0,1,Sentinels,Sentinels,9.0,13.0,1.0,2.0
https://www.vlr.gg/427996/sentinels-vs-100-thieves-champions-tour-2025-americas-kickoff-ubqf,3,Pearl,bang,SEN,Astra,1.18,175,15,13,10,2,86,109,30,1,1,0,Sentinels,Sentinels,9.0,13.0,1.0,2.0
https://www.vlr.gg/427996/sentinels-vs-100-thieves-champions-tour-2025-americas-kickoff-ubqf,3,Pearl,zekken,SEN,Yoru,1.07,227,17,16,7,1,77,147,17,8,6,2,Sentinels,Sentinels,9.0,13.0,1.0,2.0
https://www.vlr.gg/427996/sentinels-vs-100-thieves-champions-tour-2025-americas-kickoff-ubqf,3,Pearl,Zellsis,SEN,Vyse,0.85,144,10,14,8,-4,86,105,30,1,3,-2,Sentinels,Sentinels,9.0,13.0,1.0,2.0
https://www.vlr.gg/427996/sentinels-vs-100-thieves-champions-tour-2025-americas-kickoff-ubqf,3,Pearl,zander,100T,Astra,1.14,206,15,12,12,3,77,123,19,2,1,1,Sentinels,Sentinels,9.0,13.0,1.0,2.0
https://www.vlr.gg/427996/sentinels-vs-100-thieves-champions-tour-2025-americas-kickoff-ubqf,3,Pearl,Cryocells,100T,Jett,0.95,212,15,16,5,-1,77,140,36,5,4,1,Sentinels,Sentinels,9.0,13.0,1.0,2.0
https://www.vlr.gg/427996/sentinels-vs-100-thieves-champions-tour-2025-americas-kickoff-ubqf,3,Pearl,eeiu,100T,Fade,0.76,177,13,16,11,-3,77,119,38,0,3,-3,Sentinels,Sentinels,9.0,13.0,1.0,2.0
https://www.vlr.gg/427996/sentinels-vs-100-thieves-champions-tour-2025-americas-kickoff-ubqf,3,Pearl,Asuna,100T,Kayo,0.72,184,13,18,7,-5,68,110,19,1,2,-1,Sentinels,Sentinels,9.0,13.0,1.0,2.0
https://www.vlr.gg/427996/sentinels-vs-100-thieves-champions-tour-2025-americas-kickoff-ubqf,3,Pearl,Boostio,100T,Killjoy,0.53,149,12,19,2,-7,55,101,24,2,2,0,Sentinels,Sentinels,9.0,13.0,1.0,2.0
https://www.vlr.gg/427995/kr-esports-vs-loud-champions-tour-2025-americas-kickoff-ubqf,0,Haven,Shyy,KRÜ,Cypher,1.09,183,13,15,4,-2,70,112,41,1,1,0,LOUD,KRÜ Esports,13.0,7.0,2.0,0.0
https://www.vlr.gg/427995/kr-esports-vs-loud-champions-tour-2025-americas-kickoff-ubqf,0,Haven,Melser,KRÜ,Omen,0.84,145,9,14,8,-5,55,97,40,2,2,0,LOUD,KRÜ Esports,13.0,7.0,2.0,0.0
https://www.vlr.gg/427995/kr-esports-vs-loud-champions-tour-2025-americas-kickoff-ubqf,0,Haven,keznit,KRÜ,Jett,0.83,173,13,15,1,-2,60,101,44,6,6,0,LOUD,KRÜ Esports,13.0,7.0,2.0,0.0
https://www.vlr.gg/427995/kr-esports-vs-loud-champions-tour-2025-americas-kickoff-ubqf,0,Haven,adverso,KRÜ,Sova,0.62,109,9,16,2,-7,50,77,40,0,0,0,LOUD,KRÜ Esports,13.0,7.0,2.0,0.0
https://www.vlr.gg/427995/kr-esports-vs-loud-champions-tour-2025-americas-kickoff-ubqf,0,Haven,Mazino,KRÜ,Breach,0.39,114,7,18,4,-11,50,70,21,0,2,-2,LOUD,KRÜ Esports,13.0,7.0,2.0,0.0
https://www.vlr.gg/427995/kr-esports-vs-loud-champions-tour-2025-americas-kickoff-ubqf,0,Haven,dgzin,LOUD,Jett,1.47,229,19,7,3,12,85,138,11,4,2,2,LOUD,KRÜ Esports,13.0,7.0,2.0,0.0
https://www.vlr.gg/427995/kr-esports-vs-loud-champions-tour-2025-americas-kickoff-ubqf,0,Haven,pANcada,LOUD,Omen,1.23,194,14,9,3,5,80,129,50,1,1,0,LOUD,KRÜ Esports,13.0,7.0,2.0,0.0
https://www.vlr.gg/427995/kr-esports-vs-loud-champions-tour-2025-americas-kickoff-ubqf,0,Haven,cauanzin,LOUD,Sova,1.22,254,19,12,3,7,75,160,44,4,2,2,LOUD,KRÜ Esports,13.0,7.0,2.0,0.0
https://www.vlr.gg/427995/kr-esports-vs-loud-champions-tour-2025-americas-kickoff-ubqf,0,Haven,tuyz,LOUD,Cypher,1.01,204,14,12,6,2,75,135,26,1,1,0,LOUD,KRÜ Esports,13.0,7.0,2.0,0.0
https://www.vlr.gg/427995/kr-esports-vs-loud-champions-tour-2025-americas-kickoff-ubqf,0,Haven,v1nny,LOUD,Breach,0.94,163,12,11,7,1,85,114,48,1,3,-2,LOUD,KRÜ Esports,13.0,7.0,2.0,0.0
https://www.vlr.gg/427995/kr-esports-vs-loud-champions-tour-2025-americas-kickoff-ubqf,1,AllMaps,keznit,KRÜ,Jett,1.16,222,37,28,6,9,74,141,25,8,8,0,LOUD,KRÜ Esports,26.0,17.0,2.0,0.0
https://www.vlr.gg/427995/kr-esports-vs-loud-champions-tour-2025-americas-kickoff-ubqf,1,AllMaps,Shyy,KRÜ,Cypher,1.15,197,31,28,9,3,74,125,37,3,1,2,LOUD,KRÜ Esports,26.0,17.0,2.0,0.0
https://www.vlr.gg/427995/kr-esports-vs-loud-champions-tour-2025-americas-kickoff-ubqf,1,AllMaps,Melser,KRÜ,Omen,0.78,142,19,28,12,-9,65,92,33,4,3,1,LOUD,KRÜ Esports,26.0,17.0,2.0,0.0
https://www.vlr.gg/427995/kr-esports-vs-loud-champions-tour-2025-americas-kickoff-ubqf,1,AllMaps,adverso,KRÜ,Sova,0.68,131,20,33,6,-13,63,97,27,3,2,1,LOUD,KRÜ Esports,26.0,17.0,2.0,0.0
https://www.vlr.gg/427995/kr-esports-vs-loud-champions-tour-2025-americas-kickoff-ubqf,1,AllMaps,Mazino,KRÜ,Breach,0.65,168,25,35,10,-10,60,117,30,4,7,-3,LOUD,KRÜ Esports,26.0,17.0,2.0,0.0
https://www.vlr.gg/427995/kr-esports-vs-loud-champions-tour-2025-americas-kickoff-ubqf,1,AllMaps,dgzin,LOUD,Jett,1.25,232,37,23,6,14,74,145,20,7,6,1,LOUD,KRÜ Esports,26.0,17.0,2.0,0.0
https://www.vlr.gg/427995/kr-esports-vs-loud-champions-tour-2025-americas-kickoff-ubqf,1,AllMaps,pANcada,LOUD,Omen,1.08,187,29,24,5,5,74,119,46,4,4,0,LOUD,KRÜ Esports,26.0,17.0,2.0,0.0
https://www.vlr.gg/427995/kr-esports-vs-loud-champions-tour-2025-americas-kickoff-ubqf,1,AllMaps,v1nny,LOUD,Breach,1.03,178,29,27,15,2,79,122,37,2,4,-2,LOUD,KRÜ Esports,26.0,17.0,2.0,0.0
https://www.vlr.gg/427995/kr-esports-vs-loud-champions-tour-2025-americas-kickoff-ubqf,1,AllMaps,tuyz,LOUD,Cypher,1.0,191,26,29,15,-3,70,133,26,3,5,-2,LOUD,KRÜ Esports,26.0,17.0,2.0,0.0
https://www.vlr.gg/427995/kr-esports-vs-loud-champions-tour-2025-americas-kickoff-ubqf,1,AllMaps,cauanzin,LOUD,Sova,0.99,208,31,29,8,2,70,130,28,5,3,2,LOUD,KRÜ Esports,26.0,17.0,2.0,0.0
https://www.vlr.gg/427995/kr-esports-vs-loud-champions-tour-2025-americas-kickoff-ubqf,2,Split,keznit,KRÜ,Raze,1.44,270,24,13,5,11,87,177,20,2,2,0,LOUD,KRÜ Esports,13.0,10.0,2.0,0.0
https://www.vlr.gg/427995/kr-esports-vs-loud-champions-tour-2025-americas-kickoff-ubqf,2,Split,Shyy,KRÜ,Cypher,1.21,210,18,13,5,5,78,137,34,2,0,2,LOUD,KRÜ Esports,13.0,10.0,2.0,0.0
https://www.vlr.gg/427995/kr-esports-vs-loud-champions-tour-2025-americas-kickoff-ubqf,2,Split,Mazino,KRÜ,Skye,0.88,222,18,17,6,1,70,158,34,4,5,-1,LOUD,KRÜ Esports,13.0,10.0,2.0,0.0
https://www.vlr.gg/427995/kr-esports-vs-loud-champions-tour-2025-americas-kickoff-ubqf,2,Split,Melser,KRÜ,Omen,0.72,138,10,14,4,-4,74,88,28,2,1,1,LOUD,KRÜ Esports,13.0,10.0,2.0,0.0
https://www.vlr.gg/427995/kr-esports-vs-loud-champions-tour-2025-americas-kickoff-ubqf,2,Split,adverso,KRÜ,Viper,0.72,152,11,17,4,-6,74,116,22,3,2,1,LOUD,KRÜ Esports,13.0,10.0,2.0,0.0
https://www.vlr.gg/427995/kr-esports-vs-loud-champions-tour-2025-americas-kickoff-ubqf,2,Split,v1nny,LOUD,Breach,1.12,192,17,16,8,1,74,128,29,1,1,0,LOUD,KRÜ Esports,13.0,10.0,2.0,0.0
https://www.vlr.gg/427995/kr-esports-vs-loud-champions-tour-2025-americas-kickoff-ubqf,2,Split,dgzin,LOUD,Raze,1.05,234,18,16,3,2,65,151,26,3,4,-1,LOUD,KRÜ Esports,13.0,10.0,2.0,0.0
https://www.vlr.gg/427995/kr-esports-vs-loud-champions-tour-2025-americas-kickoff-ubqf,2,Split,tuyz,LOUD,Cypher,1.0,177,12,17,9,-5,65,131,26,2,4,-2,LOUD,KRÜ Esports,13.0,10.0,2.0,0.0
https://www.vlr.gg/427995/kr-esports-vs-loud-champions-tour-2025-americas-kickoff-ubqf,2,Split,pANcada,LOUD,Astra,0.95,179,15,15,2,0,70,110,43,3,3,0,LOUD,KRÜ Esports,13.0,10.0,2.0,0.0
https://www.vlr.gg/427995/kr-esports-vs-loud-champions-tour-2025-americas-kickoff-ubqf,2,Split,cauanzin,LOUD,Tejo,0.78,161,12,17,5,-5,65,104,14,1,1,0,LOUD,KRÜ Esports,13.0,10.0,2.0,0.0
https://www.vlr.gg/427999/loud-vs-sentinels-champions-tour-2025-americas-kickoff-ubsf,0,Lotus,pANcada,LOUD,Omen,1.31,226,20,14,12,6,75,140,37,5,0,5,LOUD,Sentinels,13.0,11.0,1.0,2.0
https://www.vlr.gg/427999/loud-vs-sentinels-champions-tour-2025-americas-kickoff-ubsf,0,Lotus,dgzin,LOUD,Raze,1.18,231,19,14,7,5,79,150,29,3,3,0,LOUD,Sentinels,13.0,11.0,1.0,2.0
https://www.vlr.gg/427999/loud-vs-sentinels-champions-tour-2025-americas-kickoff-ubsf,0,Lotus,cauanzin,LOUD,Fade,1.17,257,21,17,9,4,75,162,27,4,1,3,LOUD,Sentinels,13.0,11.0,1.0,2.0
https://www.vlr.gg/427999/loud-vs-sentinels-champions-tour-2025-americas-kickoff-ubsf,0,Lotus,tuyz,LOUD,Cypher,0.98,157,14,12,1,2,71,98,30,2,1,1,LOUD,Sentinels,13.0,11.0,1.0,2.0
https://www.vlr.gg/427999/loud-vs-sentinels-champions-tour-2025-americas-kickoff-ubsf,0,Lotus,v1nny,LOUD,Breach,0.64,133,10,17,5,-7,75,93,35,2,3,-1,LOUD,Sentinels,13.0,11.0,1.0,2.0
https://www.vlr.gg/427999/loud-vs-sentinels-champions-tour-2025-americas-kickoff-ubsf,0,Lotus,zekken,SEN,Yoru,1.07,230,20,16,4,4,75,145,25,3,6,-3,LOUD,LOUD,11.0,13.0,2.0,1.0
https://www.vlr.gg/427999/loud-vs-sentinels-champions-tour-2025-americas-kickoff-ubsf,0,Lotus,N4RRATE,SEN,Breach,1.03,175,14,17,10,-3,75,128,19,0,1,-1,LOUD,LOUD,11.0,13.0,2.0,1.0
https://www.vlr.gg/427999/loud-vs-sentinels-champions-tour-2025-americas-kickoff-ubsf,0,Lotus,Zellsis,SEN,Vyse,1.01,205,15,18,11,-3,75,133,17,3,3,0,LOUD,LOUD,11.0,13.0,2.0,1.0
https://www.vlr.gg/427999/loud-vs-sentinels-champions-tour-2025-americas-kickoff-ubsf,0,Lotus,bang,SEN,Omen,0.86,184,16,19,6,-3,67,117,29,2,3,-1,LOUD,LOUD,11.0,13.0,2.0,1.0
https://www.vlr.gg/427999/loud-vs-sentinels-champions-tour-2025-americas-kickoff-ubsf,0,Lotus,johnqt,SEN,Tejo,0.77,116,9,14,5,-5,63,84,22,0,3,-3,LOUD,LOUD,11.0,13.0,2.0,1.0
https://www.vlr.gg/427999/loud-vs-sentinels-champions-tour-2025-americas-kickoff-ubsf,1,AllMaps,dgzin,LOUD,Raze,1.27,253,61,44,10,17,74,161,28,14,5,9,Sentinels,Sentinels,33.0,37.0,1.0,2.0
https://www.vlr.gg/427999/loud-vs-sentinels-champions-tour-2025-americas-kickoff-ubsf,1,AllMaps,pANcada,LOUD,Omen,1.08,204,53,46,28,7,70,132,37,7,4,3,Sentinels,Sentinels,33.0,37.0,1.0,2.0
https://www.vlr.gg/427999/loud-vs-sentinels-champions-tour-2025-americas-kickoff-ubsf,1,AllMaps,cauanzin,LOUD,Fade,0.93,215,49,53,22,-4,66,138,23,13,10,3,Sentinels,Sentinels,33.0,37.0,1.0,2.0
https://www.vlr.gg/427999/loud-vs-sentinels-champions-tour-2025-americas-kickoff-ubsf,1,AllMaps,tuyz,LOUD,Cypher,0.82,133,35,42,7,-7,73,85,34,4,5,-1,Sentinels,Sentinels,33.0,37.0,1.0,2.0
https://www.vlr.gg/427999/loud-vs-sentinels-champions-tour-2025-americas-kickoff-ubsf,1,AllMaps,v1nny,LOUD,Breach,0.68,126,31,50,19,-19,67,91,41,2,6,-4,Sentinels,Sentinels,33.0,37.0,1.0,2.0
https://www.vlr.gg/427999/loud-vs-sentinels-champions-tour-2025-americas-kickoff-ubsf,1,AllMaps,zekken,SEN,Yoru,1.21,253,61,47,21,14,81,161,24,15,12,3,Sentinels,LOUD,37.0,33.0,2.0,1.0
https://www.vlr.gg/427999/loud-vs-sentinels-champions-tour-2025-americas-kickoff-ubsf,1,AllMaps,johnqt,SEN,Tejo,1.04,183,45,43,16,2,73,127,26,4,4,0,Sentinels,LOUD,37.0,33.0,2.0,1.0
https://www.vlr.gg/427999/loud-vs-sentinels-champions-tour-2025-americas-kickoff-ubsf,1,AllMaps,Zellsis,SEN,Vyse,1.02,191,45,46,21,-1,70,118,17,5,11,-6,Sentinels,LOUD,37.0,33.0,2.0,1.0
https://www.vlr.gg/427999/loud-vs-sentinels-champions-tour-2025-americas-kickoff-ubsf,1,AllMaps,bang,SEN,Omen,1.0,186,48,46,17,2,74,117,30,5,7,-2,Sentinels,LOUD,37.0,33.0,2.0,1.0
https://www.vlr.gg/427999/loud-vs-sentinels-champions-tour-2025-americas-kickoff-ubsf,1,AllMaps,N4RRATE,SEN,Breach,0.89,150,36,47,29,-11,71,102,14,1,6,-5,Sentinels,LOUD,37.0,33.0,2.0,1.0
https://www.vlr.gg/427999/loud-vs-sentinels-champions-tour-2025-americas-kickoff-ubsf,2,Pearl,dgzin,LOUD,Jett,1.05,218,19,16,0,3,67,134,29,7,1,6,Sentinels,Sentinels,11.0,13.0,1.0,2.0
https://www.vlr.gg/427999/loud-vs-sentinels-champions-tour-2025-americas-kickoff-ubsf,2,Pearl,cauanzin,LOUD,Sova,1.0,194,15,17,7,-2,63,132,20,3,2,1,Sentinels,Sentinels,11.0,13.0,1.0,2.0
https://www.vlr.gg/427999/loud-vs-sentinels-champions-tour-2025-americas-kickoff-ubsf,2,Pearl,pANcada,LOUD,Astra,0.95,167,15,14,10,1,67,120,32,1,4,-3,Sentinels,Sentinels,11.0,13.0,1.0,2.0
https://www.vlr.gg/427999/loud-vs-sentinels-champions-tour-2025-americas-kickoff-ubsf,2,Pearl,v1nny,LOUD,Kayo,0.81,143,12,18,12,-6,63,98,46,0,3,-3,Sentinels,Sentinels,11.0,13.0,1.0,2.0
https://www.vlr.gg/427999/loud-vs-sentinels-champions-tour-2025-americas-kickoff-ubsf,2,Pearl,tuyz,LOUD,Cypher,0.79,126,12,15,4,-3,75,78,48,2,1,1,Sentinels,Sentinels,11.0,13.0,1.0,2.0
https://www.vlr.gg/427999/loud-vs-sentinels-champions-tour-2025-americas-kickoff-ubsf,2,Pearl,zekken,SEN,Yoru,1.35,277,23,17,11,6,83,176,20,5,2,3,Sentinels,LOUD,13.0,11.0,2.0,1.0
https://www.vlr.gg/427999/loud-vs-sentinels-champions-tour-2025-americas-kickoff-ubsf,2,Pearl,johnqt,SEN,Tejo,1.24,197,18,14,6,4,79,136,29,2,1,1,Sentinels,LOUD,13.0,11.0,2.0,1.0
https://www.vlr.gg/427999/loud-vs-sentinels-champions-tour-2025-americas-kickoff-ubsf,2,Pearl,Zellsis,SEN,Vyse,0.95,162,12,13,8,-1,67,101,16,1,5,-4,Sentinels,LOUD,13.0,11.0,2.0,1.0
https://www.vlr.gg/427999/loud-vs-sentinels-champions-tour-2025-americas-kickoff-ubsf,2,Pearl,N4RRATE,SEN,Fade,0.94,160,13,15,10,-2,67,106,15,1,2,-1,Sentinels,LOUD,13.0,11.0,2.0,1.0
https://www.vlr.gg/427999/loud-vs-sentinels-champions-tour-2025-americas-kickoff-ubsf,2,Pearl,bang,SEN,Astra,0.91,159,14,14,6,0,79,108,34,2,3,-1,Sentinels,LOUD,13.0,11.0,2.0,1.0
https://www.vlr.gg/427999/loud-vs-sentinels-champions-tour-2025-americas-kickoff-ubsf,3,Split,dgzin,LOUD,Raze,1.59,311,23,14,3,9,77,202,25,4,1,3,Sentinels,Sentinels,9.0,13.0,1.0,2.0
https://www.vlr.gg/427999/loud-vs-sentinels-champions-tour-2025-americas-kickoff-ubsf,3,Split,pANcada,LOUD,Astra,0.95,220,18,18,6,0,68,138,41,1,0,1,Sentinels,Sentinels,9.0,13.0,1.0,2.0
https://www.vlr.gg/427999/loud-vs-sentinels-champions-tour-2025-americas-kickoff-ubsf,3,Split,tuyz,LOUD,Cypher,0.67,116,9,15,2,-6,73,78,29,0,3,-3,Sentinels,Sentinels,9.0,13.0,1.0,2.0
https://www.vlr.gg/427999/loud-vs-sentinels-champions-tour-2025-americas-kickoff-ubsf,3,Split,v1nny,LOUD,Breach,0.59,103,9,15,2,-6,64,81,43,0,0,0,Sentinels,Sentinels,9.0,13.0,1.0,2.0
https://www.vlr.gg/427999/loud-vs-sentinels-champions-tour-2025-americas-kickoff-ubsf,3,Split,cauanzin,LOUD,Skye,0.59,195,13,19,6,-6,59,119,22,6,7,-1,Sentinels,Sentinels,9.0,13.0,1.0,2.0
https://www.vlr.gg/427999/loud-vs-sentinels-champions-tour-2025-americas-kickoff-ubsf,3,Split,bang,SEN,Omen,1.27,216,18,13,5,5,77,128,28,1,1,0,Sentinels,LOUD,13.0,9.0,2.0,1.0
https://www.vlr.gg/427999/loud-vs-sentinels-champions-tour-2025-americas-kickoff-ubsf,3,Split,zekken,SEN,Yoru,1.21,252,18,14,6,4,86,161,26,7,4,3,Sentinels,LOUD,13.0,9.0,2.0,1.0
https://www.vlr.gg/427999/loud-vs-sentinels-champions-tour-2025-americas-kickoff-ubsf,3,Split,johnqt,SEN,Tejo,1.12,237,18,15,5,3,77,164,26,2,0,2,Sentinels,LOUD,13.0,9.0,2.0,1.0
https://www.vlr.gg/427999/loud-vs-sentinels-champions-tour-2025-americas-kickoff-ubsf,3,Split,Zellsis,SEN,Viper,1.1,205,18,15,2,3,68,120,18,1,3,-2,Sentinels,LOUD,13.0,9.0,2.0,1.0
https://www.vlr.gg/427999/loud-vs-sentinels-champions-tour-2025-americas-kickoff-ubsf,3,Split,N4RRATE,SEN,Breach,0.68,115,9,15,9,-6,73,69,6,0,3,-3,Sentinels,LOUD,13.0,9.0,2.0,1.0
https://www.vlr.gg/428000/g2-esports-vs-leviat-n-champions-tour-2025-americas-kickoff-ubsf,0,Pearl,trent,G2,Sova,1.69,255,18,7,8,11,94,178,28,0,1,-1,G2 Esports,G2 Esports,5.0,13.0,0.0,2.0
https://www.vlr.gg/428000/g2-esports-vs-leviat-n-champions-tour-2025-americas-kickoff-ubsf,0,Pearl,leaf,G2,Chamber,1.44,279,20,9,1,11,83,166,32,6,2,4,G2 Esports,G2 Esports,5.0,13.0,0.0,2.0
https://www.vlr.gg/428000/g2-esports-vs-leviat-n-champions-tour-2025-americas-kickoff-ubsf,0,Pearl,JonahP,G2,Vyse,1.05,212,14,12,8,2,83,155,28,0,0,0,G2 Esports,G2 Esports,5.0,13.0,0.0,2.0
https://www.vlr.gg/428000/g2-esports-vs-leviat-n-champions-tour-2025-americas-kickoff-ubsf,0,Pearl,valyn,G2,Astra,0.99,162,12,11,6,1,83,111,27,1,1,0,G2 Esports,G2 Esports,5.0,13.0,0.0,2.0
https://www.vlr.gg/428000/g2-esports-vs-leviat-n-champions-tour-2025-americas-kickoff-ubsf,0,Pearl,jawgemo,G2,Yoru,0.86,184,10,14,7,-4,72,125,12,5,2,3,G2 Esports,G2 Esports,5.0,13.0,0.0,2.0
https://www.vlr.gg/428000/g2-esports-vs-leviat-n-champions-tour-2025-americas-kickoff-ubsf,0,Pearl,tex,LEV,Vyse,1.27,232,16,12,0,4,61,154,46,1,4,-3,G2 Esports,G2 Esports,5.0,13.0,0.0,2.0
https://www.vlr.gg/428000/g2-esports-vs-leviat-n-champions-tour-2025-americas-kickoff-ubsf,0,Pearl,kiNgg,LEV,Astra,1.03,252,15,17,6,-2,78,155,31,3,1,2,G2 Esports,G2 Esports,5.0,13.0,0.0,2.0
https://www.vlr.gg/428000/g2-esports-vs-leviat-n-champions-tour-2025-americas-kickoff-ubsf,0,Pearl,nataNk,LEV,Fade,0.94,201,13,14,5,-1,61,115,28,1,3,-2,G2 Esports,G2 Esports,5.0,13.0,0.0,2.0
https://www.vlr.gg/428000/g2-esports-vs-leviat-n-champions-tour-2025-americas-kickoff-ubsf,0,Pearl,Demon1,LEV,Yoru,0.36,83,5,15,3,-10,44,67,30,1,4,-3,G2 Esports,G2 Esports,5.0,13.0,0.0,2.0
https://www.vlr.gg/428000/g2-esports-vs-leviat-n-champions-tour-2025-americas-kickoff-ubsf,0,Pearl,C0M,LEV,Tejo,0.3,78,4,16,3,-12,50,55,13,0,0,0,G2 Esports,G2 Esports,5.0,13.0,0.0,2.0
https://www.vlr.gg/428000/g2-esports-vs-leviat-n-champions-tour-2025-americas-kickoff-ubsf,1,AllMaps,leaf,G2,Chamber,1.53,298,44,24,9,20,80,196,26,8,2,6,G2 Esports,G2 Esports,14.0,26.0,0.0,2.0
https://www.vlr.gg/428000/g2-esports-vs-leviat-n-champions-tour-2025-americas-kickoff-ubsf,1,AllMaps,trent,G2,Sova,1.53,237,37,21,12,16,90,166,32,3,3,0,G2 Esports,G2 Esports,14.0,26.0,0.0,2.0
https://www.vlr.gg/428000/g2-esports-vs-leviat-n-champions-tour-2025-americas-kickoff-ubsf,1,AllMaps,JonahP,G2,Vyse,1.01,206,30,30,25,0,83,135,24,2,2,0,G2 Esports,G2 Esports,14.0,26.0,0.0,2.0
https://www.vlr.gg/428000/g2-esports-vs-leviat-n-champions-tour-2025-americas-kickoff-ubsf,1,AllMaps,jawgemo,G2,Yoru,0.88,217,29,34,13,-5,73,137,9,9,5,4,G2 Esports,G2 Esports,14.0,26.0,0.0,2.0
https://www.vlr.gg/428000/g2-esports-vs-leviat-n-champions-tour-2025-americas-kickoff-ubsf,1,AllMaps,valyn,G2,Astra,0.78,153,21,29,17,-8,70,112,21,3,3,0,G2 Esports,G2 Esports,14.0,26.0,0.0,2.0
https://www.vlr.gg/428000/g2-esports-vs-leviat-n-champions-tour-2025-americas-kickoff-ubsf,1,AllMaps,kiNgg,LEV,Astra,1.04,227,31,33,19,-2,78,146,27,4,3,1,G2 Esports,G2 Esports,14.0,26.0,0.0,2.0
https://www.vlr.gg/428000/g2-esports-vs-leviat-n-champions-tour-2025-americas-kickoff-ubsf,1,AllMaps,tex,LEV,Vyse,1.02,215,32,31,2,1,63,143,42,1,7,-6,G2 Esports,G2 Esports,14.0,26.0,0.0,2.0
https://www.vlr.gg/428000/g2-esports-vs-leviat-n-champions-tour-2025-americas-kickoff-ubsf,1,AllMaps,nataNk,LEV,Fade,0.99,227,32,31,9,1,68,144,26,8,8,0,G2 Esports,G2 Esports,14.0,26.0,0.0,2.0
https://www.vlr.gg/428000/g2-esports-vs-leviat-n-champions-tour-2025-americas-kickoff-ubsf,1,AllMaps,C0M,LEV,Tejo,0.74,154,23,32,8,-9,63,107,23,1,1,0,G2 Esports,G2 Esports,14.0,26.0,0.0,2.0
https://www.vlr.gg/428000/g2-esports-vs-leviat-n-champions-tour-2025-americas-kickoff-ubsf,1,AllMaps,Demon1,LEV,Yoru,0.67,155,20,35,21,-15,65,115,31,1,6,-5,G2 Esports,G2 Esports,14.0,26.0,0.0,2.0
https://www.vlr.gg/428000/g2-esports-vs-leviat-n-champions-tour-2025-americas-kickoff-ubsf,2,Fracture,leaf,G2,Vyse,1.6,317,24,15,8,9,77,221,24,2,0,2,G2 Esports,G2 Esports,9.0,13.0,0.0,2.0
https://www.vlr.gg/428000/g2-esports-vs-leviat-n-champions-tour-2025-americas-kickoff-ubsf,2,Fracture,trent,G2,Tejo,1.39,218,19,14,4,5,86,156,36,3,2,1,G2 Esports,G2 Esports,9.0,13.0,0.0,2.0
https://www.vlr.gg/428000/g2-esports-vs-leviat-n-champions-tour-2025-americas-kickoff-ubsf,2,Fracture,JonahP,G2,Breach,0.99,200,16,18,17,-2,82,119,22,2,2,0,G2 Esports,G2 Esports,9.0,13.0,0.0,2.0
https://www.vlr.gg/428000/g2-esports-vs-leviat-n-champions-tour-2025-americas-kickoff-ubsf,2,Fracture,jawgemo,G2,Raze,0.9,249,19,20,6,-1,73,147,7,4,3,1,G2 Esports,G2 Esports,9.0,13.0,0.0,2.0
https://www.vlr.gg/428000/g2-esports-vs-leviat-n-champions-tour-2025-americas-kickoff-ubsf,2,Fracture,valyn,G2,Brimstone,0.61,143,9,18,11,-9,59,113,18,2,2,0,G2 Esports,G2 Esports,9.0,13.0,0.0,2.0
https://www.vlr.gg/428000/g2-esports-vs-leviat-n-champions-tour-2025-americas-kickoff-ubsf,2,Fracture,C0M,LEV,Sova,1.1,230,19,16,5,3,73,150,28,1,1,0,G2 Esports,G2 Esports,9.0,13.0,0.0,2.0
https://www.vlr.gg/428000/g2-esports-vs-leviat-n-champions-tour-2025-americas-kickoff-ubsf,2,Fracture,kiNgg,LEV,Breach,1.05,201,16,16,13,0,77,138,23,1,2,-1,G2 Esports,G2 Esports,9.0,13.0,0.0,2.0
https://www.vlr.gg/428000/g2-esports-vs-leviat-n-champions-tour-2025-americas-kickoff-ubsf,2,Fracture,nataNk,LEV,Raze,1.04,253,19,17,4,2,73,167,24,7,5,2,G2 Esports,G2 Esports,9.0,13.0,0.0,2.0
https://www.vlr.gg/428000/g2-esports-vs-leviat-n-champions-tour-2025-americas-kickoff-ubsf,2,Fracture,Demon1,LEV,Brimstone,0.92,227,15,20,18,-5,82,155,31,0,2,-2,G2 Esports,G2 Esports,9.0,13.0,0.0,2.0
https://www.vlr.gg/428000/g2-esports-vs-leviat-n-champions-tour-2025-americas-kickoff-ubsf,2,Fracture,tex,LEV,Killjoy,0.81,198,16,19,2,-3,64,134,39,0,3,-3,G2 Esports,G2 Esports,9.0,13.0,0.0,2.0
https://www.vlr.gg/428009/leviat-n-vs-mibr-champions-tour-2025-americas-kickoff-lr3,0,Lotus,kiNgg,LEV,Omen,1.31,241,17,12,8,5,85,173,33,1,2,-1,LEVIATÁN,LEVIATÁN,7.0,13.0,2.0,1.0
https://www.vlr.gg/428009/leviat-n-vs-mibr-champions-tour-2025-americas-kickoff-lr3,0,Lotus,tex,LEV,Killjoy,1.26,197,16,9,1,7,85,126,41,1,2,-1,LEVIATÁN,LEVIATÁN,7.0,13.0,2.0,1.0
https://www.vlr.gg/428009/leviat-n-vs-mibr-champions-tour-2025-americas-kickoff-lr3,0,Lotus,Demon1,LEV,Raze,1.18,245,18,12,6,6,75,171,37,1,3,-2,LEVIATÁN,LEVIATÁN,7.0,13.0,2.0,1.0
https://www.vlr.gg/428009/leviat-n-vs-mibr-champions-tour-2025-americas-kickoff-lr3,0,Lotus,nataNk,LEV,Fade,1.14,192,13,8,5,5,90,138,24,1,3,-2,LEVIATÁN,LEVIATÁN,7.0,13.0,2.0,1.0
https://www.vlr.gg/428009/leviat-n-vs-mibr-champions-tour-2025-americas-kickoff-lr3,0,Lotus,C0M,LEV,Viper,1.11,195,14,11,3,3,80,134,22,3,2,1,LEVIATÁN,LEVIATÁN,7.0,13.0,2.0,1.0
https://www.vlr.gg/428009/leviat-n-vs-mibr-champions-tour-2025-americas-kickoff-lr3,0,Lotus,aspas,MIBR,Raze,1.24,260,16,15,2,1,65,176,18,7,1,6,LEVIATÁN,LEVIATÁN,7.0,13.0,2.0,1.0
https://www.vlr.gg/428009/leviat-n-vs-mibr-champions-tour-2025-americas-kickoff-lr3,0,Lotus,cortezia,MIBR,Cypher,0.85,222,15,16,0,-1,55,144,36,2,1,1,LEVIATÁN,LEVIATÁN,7.0,13.0,2.0,1.0
https://www.vlr.gg/428009/leviat-n-vs-mibr-champions-tour-2025-americas-kickoff-lr3,0,Lotus,nzr,MIBR,Fade,0.52,107,8,16,0,-8,40,78,16,0,0,0,LEVIATÁN,LEVIATÁN,7.0,13.0,2.0,1.0
https://www.vlr.gg/428009/leviat-n-vs-mibr-champions-tour-2025-americas-kickoff-lr3,0,Lotus,xenom,MIBR,Omen,0.51,103,7,15,4,-8,60,64,18,1,3,-2,LEVIATÁN,LEVIATÁN,7.0,13.0,2.0,1.0
https://www.vlr.gg/428009/leviat-n-vs-mibr-champions-tour-2025-americas-kickoff-lr3,0,Lotus,artzin,MIBR,Breach,0.47,109,6,16,5,-10,45,85,24,2,2,0,LEVIATÁN,LEVIATÁN,7.0,13.0,2.0,1.0
https://www.vlr.gg/428009/leviat-n-vs-mibr-champions-tour-2025-americas-kickoff-lr3,1,AllMaps,tex,LEV,Killjoy,1.14,184,48,39,8,9,74,123,36,4,5,-1,MIBR,LEVIATÁN,34.0,34.0,2.0,1.0
https://www.vlr.gg/428009/leviat-n-vs-mibr-champions-tour-2025-americas-kickoff-lr3,1,AllMaps,Demon1,LEV,Raze,1.09,250,61,50,18,11,75,165,26,6,13,-7,MIBR,LEVIATÁN,34.0,34.0,2.0,1.0
https://www.vlr.gg/428009/leviat-n-vs-mibr-champions-tour-2025-americas-kickoff-lr3,1,AllMaps,nataNk,LEV,Fade,0.95,197,45,46,25,-1,79,139,24,7,9,-2,MIBR,LEVIATÁN,34.0,34.0,2.0,1.0
https://www.vlr.gg/428009/leviat-n-vs-mibr-champions-tour-2025-americas-kickoff-lr3,1,AllMaps,kiNgg,LEV,Omen,0.92,186,44,48,23,-4,81,129,30,5,6,-1,MIBR,LEVIATÁN,34.0,34.0,2.0,1.0
https://www.vlr.gg/428009/leviat-n-vs-mibr-champions-tour-2025-americas-kickoff-lr3,1,AllMaps,C0M,LEV,Viper,0.82,170,39,47,21,-8,76,111,17,5,7,-2,MIBR,LEVIATÁN,34.0,34.0,2.0,1.0
https://www.vlr.gg/428009/leviat-n-vs-mibr-champions-tour-2025-americas-kickoff-lr3,1,AllMaps,aspas,MIBR,Raze,1.14,222,51,45,9,6,75,143,18,15,5,10,MIBR,LEVIATÁN,34.0,34.0,2.0,1.0
https://www.vlr.gg/428009/leviat-n-vs-mibr-champions-tour-2025-americas-kickoff-lr3,1,AllMaps,artzin,MIBR,Breach,1.08,230,51,53,23,-2,72,162,12,12,11,1,MIBR,LEVIATÁN,34.0,34.0,2.0,1.0
https://www.vlr.gg/428009/leviat-n-vs-mibr-champions-tour-2025-americas-kickoff-lr3,1,AllMaps,cortezia,MIBR,Cypher,1.01,225,53,49,17,4,69,144,32,9,3,6,MIBR,LEVIATÁN,34.0,34.0,2.0,1.0
https://www.vlr.gg/428009/leviat-n-vs-mibr-champions-tour-2025-americas-kickoff-lr3,1,AllMaps,xenom,MIBR,Omen,0.99,164,44,42,19,2,74,106,35,3,8,-5,MIBR,LEVIATÁN,34.0,34.0,2.0,1.0
https://www.vlr.gg/428009/leviat-n-vs-mibr-champions-tour-2025-americas-kickoff-lr3,1,AllMaps,nzr,MIBR,Fade,0.82,138,31,48,24,-17,66,101,26,1,0,1,MIBR,LEVIATÁN,34.0,34.0,2.0,1.0
https://www.vlr.gg/428009/leviat-n-vs-mibr-champions-tour-2025-americas-kickoff-lr3,2,Pearl,Demon1,LEV,Jett,1.28,300,23,16,8,7,77,196,26,4,5,-1,MIBR,LEVIATÁN,13.0,9.0,2.0,1.0
https://www.vlr.gg/428009/leviat-n-vs-mibr-champions-tour-2025-americas-kickoff-lr3,2,Pearl,tex,LEV,Vyse,1.12,188,15,14,5,1,73,122,33,1,2,-1,MIBR,LEVIATÁN,13.0,9.0,2.0,1.0
https://www.vlr.gg/428009/leviat-n-vs-mibr-champions-tour-2025-americas-kickoff-lr3,2,Pearl,kiNgg,LEV,Astra,0.75,142,11,16,6,-5,82,101,31,1,1,0,MIBR,LEVIATÁN,13.0,9.0,2.0,1.0
https://www.vlr.gg/428009/leviat-n-vs-mibr-champions-tour-2025-americas-kickoff-lr3,2,Pearl,nataNk,LEV,Phoenix,0.71,180,12,19,11,-7,77,120,17,2,2,0,MIBR,LEVIATÁN,13.0,9.0,2.0,1.0
https://www.vlr.gg/428009/leviat-n-vs-mibr-champions-tour-2025-americas-kickoff-lr3,2,Pearl,C0M,LEV,Sova,0.64,146,12,17,6,-5,68,100,27,2,2,0,MIBR,LEVIATÁN,13.0,9.0,2.0,1.0
https://www.vlr.gg/428009/leviat-n-vs-mibr-champions-tour-2025-americas-kickoff-lr3,2,Pearl,artzin,MIBR,Kayo,1.29,269,19,16,12,3,91,181,13,2,3,-1,MIBR,LEVIATÁN,13.0,9.0,2.0,1.0
https://www.vlr.gg/428009/leviat-n-vs-mibr-champions-tour-2025-americas-kickoff-lr3,2,Pearl,nzr,MIBR,Sova,1.22,179,14,13,11,1,82,129,36,1,0,1,MIBR,LEVIATÁN,13.0,9.0,2.0,1.0
https://www.vlr.gg/428009/leviat-n-vs-mibr-champions-tour-2025-americas-kickoff-lr3,2,Pearl,aspas,MIBR,Jett,1.14,205,16,13,4,3,77,139,21,4,2,2,MIBR,LEVIATÁN,13.0,9.0,2.0,1.0
https://www.vlr.gg/428009/leviat-n-vs-mibr-champions-tour-2025-americas-kickoff-lr3,2,Pearl,xenom,MIBR,Astra,1.04,198,17,15,2,2,73,126,48,2,4,-2,MIBR,LEVIATÁN,13.0,9.0,2.0,1.0
https://www.vlr.gg/428009/leviat-n-vs-mibr-champions-tour-2025-americas-kickoff-lr3,2,Pearl,cortezia,MIBR,Killjoy,0.93,210,16,16,3,0,68,138,43,3,1,2,MIBR,LEVIATÁN,13.0,9.0,2.0,1.0
https://www.vlr.gg/428009/leviat-n-vs-mibr-champions-tour-2025-americas-kickoff-lr3,3,Split,tex,LEV,Cypher,1.06,167,17,16,2,1,65,122,34,2,1,1,MIBR,LEVIATÁN,14.0,12.0,2.0,1.0
https://www.vlr.gg/428009/leviat-n-vs-mibr-champions-tour-2025-americas-kickoff-lr3,3,Split,nataNk,LEV,Skye,1.02,219,20,19,9,1,73,156,30,4,4,0,MIBR,LEVIATÁN,14.0,12.0,2.0,1.0
https://www.vlr.gg/428009/leviat-n-vs-mibr-champions-tour-2025-americas-kickoff-lr3,3,Split,Demon1,LEV,Raze,0.87,206,20,22,4,-2,73,134,16,1,5,-4,MIBR,LEVIATÁN,14.0,12.0,2.0,1.0
https://www.vlr.gg/428009/leviat-n-vs-mibr-champions-tour-2025-americas-kickoff-lr3,3,Split,kiNgg,LEV,Omen,0.77,176,16,20,9,-4,77,120,25,3,3,0,MIBR,LEVIATÁN,14.0,12.0,2.0,1.0
https://www.vlr.gg/428009/leviat-n-vs-mibr-champions-tour-2025-americas-kickoff-lr3,3,Split,C0M,LEV,Viper,0.74,170,13,19,12,-6,81,103,10,0,3,-3,MIBR,LEVIATÁN,14.0,12.0,2.0,1.0
https://www.vlr.gg/428009/leviat-n-vs-mibr-champions-tour-2025-americas-kickoff-lr3,3,Split,artzin,MIBR,Raze,1.38,313,26,21,6,5,77,205,10,8,6,2,MIBR,LEVIATÁN,14.0,12.0,2.0,1.0
https://www.vlr.gg/428009/leviat-n-vs-mibr-champions-tour-2025-americas-kickoff-lr3,3,Split,xenom,MIBR,Astra,1.31,192,20,12,13,8,85,122,33,0,1,-1,MIBR,LEVIATÁN,14.0,12.0,2.0,1.0
https://www.vlr.gg/428009/leviat-n-vs-mibr-champions-tour-2025-americas-kickoff-lr3,3,Split,cortezia,MIBR,Viper,1.18,242,22,17,14,5,81,149,21,4,1,3,MIBR,LEVIATÁN,14.0,12.0,2.0,1.0
https://www.vlr.gg/428009/leviat-n-vs-mibr-champions-tour-2025-americas-kickoff-lr3,3,Split,aspas,MIBR,Jett,1.07,201,19,17,3,2,81,122,16,4,2,2,MIBR,LEVIATÁN,14.0,12.0,2.0,1.0
https://www.vlr.gg/428009/leviat-n-vs-mibr-champions-tour-2025-americas-kickoff-lr3,3,Split,nzr,MIBR,Skye,0.71,129,9,19,13,-10,73,95,24,0,0,0,MIBR,LEVIATÁN,14.0,12.0,2.0,1.0
https://www.vlr.gg/428010/loud-vs-kr-esports-champions-tour-2025-americas-kickoff-lr3,0,Bind,pANcada,LOUD,Brimstone,1.31,248,15,15,7,0,83,192,38,1,0,1,KRÜ Esports,KRÜ Esports,5.0,13.0,0.0,2.0
https://www.vlr.gg/428010/loud-vs-kr-esports-champions-tour-2025-americas-kickoff-lr3,0,Bind,tuyz,LOUD,Deadlock,1.16,204,13,14,5,-1,72,132,37,3,1,2,KRÜ Esports,KRÜ Esports,5.0,13.0,0.0,2.0
https://www.vlr.gg/428010/loud-vs-kr-esports-champions-tour-2025-americas-kickoff-lr3,0,Bind,v1nny,LOUD,Kayo,0.58,113,5,13,12,-8,67,87,33,0,3,-3,KRÜ Esports,KRÜ Esports,5.0,13.0,0.0,2.0
https://www.vlr.gg/428010/loud-vs-kr-esports-champions-tour-2025-americas-kickoff-lr3,0,Bind,cauanzin,LOUD,Skye,0.52,167,9,16,6,-7,67,105,28,2,2,0,KRÜ Esports,KRÜ Esports,5.0,13.0,0.0,2.0
https://www.vlr.gg/428010/loud-vs-kr-esports-champions-tour-2025-americas-kickoff-lr3,0,Bind,dgzin,LOUD,Raze,0.51,186,13,18,0,-5,50,110,34,2,4,-2,KRÜ Esports,KRÜ Esports,5.0,13.0,0.0,2.0
https://www.vlr.gg/428010/loud-vs-kr-esports-champions-tour-2025-americas-kickoff-lr3,0,Bind,Melser,KRÜ,Brimstone,2.04,345,26,8,8,18,100,222,25,3,0,3,KRÜ Esports,LOUD,13.0,5.0,2.0,0.0
https://www.vlr.gg/428010/loud-vs-kr-esports-champions-tour-2025-americas-kickoff-lr3,0,Bind,adverso,KRÜ,Viper,1.37,252,16,11,8,5,89,164,12,1,0,1,KRÜ Esports,LOUD,13.0,5.0,2.0,0.0
https://www.vlr.gg/428010/loud-vs-kr-esports-champions-tour-2025-americas-kickoff-lr3,0,Bind,keznit,KRÜ,Raze,1.07,201,12,12,7,0,78,144,13,3,3,0,KRÜ Esports,LOUD,13.0,5.0,2.0,0.0
https://www.vlr.gg/428010/loud-vs-kr-esports-champions-tour-2025-americas-kickoff-lr3,0,Bind,Shyy,KRÜ,Vyse,0.96,167,11,11,5,0,78,112,27,1,2,-1,KRÜ Esports,LOUD,13.0,5.0,2.0,0.0
https://www.vlr.gg/428010/loud-vs-kr-esports-champions-tour-2025-americas-kickoff-lr3,0,Bind,Mazino,KRÜ,Skye,0.84,179,11,13,10,-2,94,108,17,2,3,-1,KRÜ Esports,LOUD,13.0,5.0,2.0,0.0
https://www.vlr.gg/428010/loud-vs-kr-esports-champions-tour-2025-americas-kickoff-lr3,1,AllMaps,pANcada,LOUD,Brimstone,1.19,219,32,32,11,0,74,159,38,4,1,3,KRÜ Esports,KRÜ Esports,16.0,26.0,0.0,2.0
https://www.vlr.gg/428010/loud-vs-kr-esports-champions-tour-2025-americas-kickoff-lr3,1,AllMaps,tuyz,LOUD,Deadlock,1.06,195,28,29,13,-1,71,124,35,6,3,3,KRÜ Esports,KRÜ Esports,16.0,26.0,0.0,2.0
https://www.vlr.gg/428010/loud-vs-kr-esports-champions-tour-2025-americas-kickoff-lr3,1,AllMaps,dgzin,LOUD,Raze,0.92,219,36,33,1,3,57,150,30,8,7,1,KRÜ Esports,KRÜ Esports,16.0,26.0,0.0,2.0
https://www.vlr.gg/428010/loud-vs-kr-esports-champions-tour-2025-americas-kickoff-lr3,1,AllMaps,v1nny,LOUD,Kayo,0.71,134,18,29,18,-11,67,94,28,1,3,-2,KRÜ Esports,KRÜ Esports,16.0,26.0,0.0,2.0
https://www.vlr.gg/428010/loud-vs-kr-esports-champions-tour-2025-americas-kickoff-lr3,1,AllMaps,cauanzin,LOUD,Skye,0.56,161,21,36,8,-15,60,107,32,3,6,-3,KRÜ Esports,KRÜ Esports,16.0,26.0,0.0,2.0
https://www.vlr.gg/428010/loud-vs-kr-esports-champions-tour-2025-americas-kickoff-lr3,1,AllMaps,Melser,KRÜ,Brimstone,1.45,283,45,25,14,20,86,168,28,5,1,4,KRÜ Esports,LOUD,26.0,16.0,2.0,0.0
https://www.vlr.gg/428010/loud-vs-kr-esports-champions-tour-2025-americas-kickoff-lr3,1,AllMaps,Shyy,KRÜ,Vyse,1.22,196,29,25,11,4,79,140,27,2,2,0,KRÜ Esports,LOUD,26.0,16.0,2.0,0.0
https://www.vlr.gg/428010/loud-vs-kr-esports-champions-tour-2025-americas-kickoff-lr3,1,AllMaps,Mazino,KRÜ,Skye,1.04,199,32,28,17,4,81,133,31,3,5,-2,KRÜ Esports,LOUD,26.0,16.0,2.0,0.0
https://www.vlr.gg/428010/loud-vs-kr-esports-champions-tour-2025-americas-kickoff-lr3,1,AllMaps,adverso,KRÜ,Viper,1.0,202,26,28,18,-2,74,129,12,4,5,-1,KRÜ Esports,LOUD,26.0,16.0,2.0,0.0
https://www.vlr.gg/428010/loud-vs-kr-esports-champions-tour-2025-americas-kickoff-lr3,1,AllMaps,keznit,KRÜ,Raze,0.96,188,27,29,8,-2,71,130,18,6,9,-3,KRÜ Esports,LOUD,26.0,16.0,2.0,0.0
https://www.vlr.gg/428010/loud-vs-kr-esports-champions-tour-2025-americas-kickoff-lr3,2,Haven,dgzin,LOUD,Jett,1.23,252,23,15,1,8,63,179,28,6,3,3,KRÜ Esports,KRÜ Esports,11.0,13.0,0.0,2.0
https://www.vlr.gg/428010/loud-vs-kr-esports-champions-tour-2025-americas-kickoff-lr3,2,Haven,pANcada,LOUD,Omen,1.1,189,17,17,4,0,67,135,38,3,1,2,KRÜ Esports,KRÜ Esports,11.0,13.0,0.0,2.0
https://www.vlr.gg/428010/loud-vs-kr-esports-champions-tour-2025-americas-kickoff-lr3,2,Haven,tuyz,LOUD,Cypher,0.99,185,15,15,8,0,71,118,34,3,2,1,KRÜ Esports,KRÜ Esports,11.0,13.0,0.0,2.0
https://www.vlr.gg/428010/loud-vs-kr-esports-champions-tour-2025-americas-kickoff-lr3,2,Haven,v1nny,LOUD,Breach,0.8,155,13,16,6,-3,67,99,26,1,0,1,KRÜ Esports,KRÜ Esports,11.0,13.0,0.0,2.0
https://www.vlr.gg/428010/loud-vs-kr-esports-champions-tour-2025-americas-kickoff-lr3,2,Haven,cauanzin,LOUD,Sova,0.59,155,12,20,2,-8,54,108,36,1,4,-3,KRÜ Esports,KRÜ Esports,11.0,13.0,0.0,2.0
https://www.vlr.gg/428010/loud-vs-kr-esports-champions-tour-2025-americas-kickoff-lr3,2,Haven,Shyy,KRÜ,Cypher,1.41,225,18,14,6,4,79,160,28,1,0,1,KRÜ Esports,LOUD,13.0,11.0,2.0,0.0
https://www.vlr.gg/428010/loud-vs-kr-esports-champions-tour-2025-americas-kickoff-lr3,2,Haven,Mazino,KRÜ,Breach,1.19,219,21,15,7,6,71,151,41,1,2,-1,KRÜ Esports,LOUD,13.0,11.0,2.0,0.0
https://www.vlr.gg/428010/loud-vs-kr-esports-champions-tour-2025-americas-kickoff-lr3,2,Haven,Melser,KRÜ,Omen,1.0,220,19,17,6,2,75,127,31,2,1,1,KRÜ Esports,LOUD,13.0,11.0,2.0,0.0
https://www.vlr.gg/428010/loud-vs-kr-esports-champions-tour-2025-americas-kickoff-lr3,2,Haven,keznit,KRÜ,Jett,0.88,175,15,17,1,-2,67,119,23,3,6,-3,KRÜ Esports,LOUD,13.0,11.0,2.0,0.0
https://www.vlr.gg/428010/loud-vs-kr-esports-champions-tour-2025-americas-kickoff-lr3,2,Haven,adverso,KRÜ,Sova,0.72,152,10,17,10,-7,63,102,12,3,5,-2,KRÜ Esports,LOUD,13.0,11.0,2.0,0.0
https://www.vlr.gg/428011/mibr-vs-kr-esports-champions-tour-2025-americas-kickoff-lr4,0,Bind,aspas,MIBR,Raze,1.76,331,24,13,4,11,90,210,31,4,2,2,KRÜ Esports,KRÜ Esports,8.0,13.0,2.0,1.0
https://www.vlr.gg/428011/mibr-vs-kr-esports-champions-tour-2025-americas-kickoff-lr4,0,Bind,cortezia,MIBR,Viper,1.06,221,15,14,6,1,71,144,37,2,1,1,KRÜ Esports,KRÜ Esports,8.0,13.0,2.0,1.0
https://www.vlr.gg/428011/mibr-vs-kr-esports-champions-tour-2025-americas-kickoff-lr4,0,Bind,artzin,MIBR,Yoru,0.76,189,13,18,7,-5,76,123,20,4,3,1,KRÜ Esports,KRÜ Esports,8.0,13.0,2.0,1.0
https://www.vlr.gg/428011/mibr-vs-kr-esports-champions-tour-2025-americas-kickoff-lr4,0,Bind,xenom,MIBR,Brimstone,0.68,140,10,16,6,-6,62,88,35,0,4,-4,KRÜ Esports,KRÜ Esports,8.0,13.0,2.0,1.0
https://www.vlr.gg/428011/mibr-vs-kr-esports-champions-tour-2025-americas-kickoff-lr4,0,Bind,nzr,MIBR,Skye,0.39,110,7,18,9,-11,52,76,17,0,1,-1,KRÜ Esports,KRÜ Esports,8.0,13.0,2.0,1.0
https://www.vlr.gg/428011/mibr-vs-kr-esports-champions-tour-2025-americas-kickoff-lr4,0,Bind,Shyy,KRÜ,Vyse,1.89,321,23,9,7,14,86,217,28,2,0,2,KRÜ Esports,MIBR,13.0,8.0,1.0,2.0
https://www.vlr.gg/428011/mibr-vs-kr-esports-champions-tour-2025-americas-kickoff-lr4,0,Bind,Melser,KRÜ,Brimstone,1.17,239,18,15,15,3,86,132,29,2,1,1,KRÜ Esports,MIBR,13.0,8.0,1.0,2.0
https://www.vlr.gg/428011/mibr-vs-kr-esports-champions-tour-2025-americas-kickoff-lr4,0,Bind,keznit,KRÜ,Raze,1.06,231,16,16,4,0,86,153,18,6,3,3,KRÜ Esports,MIBR,13.0,8.0,1.0,2.0
https://www.vlr.gg/428011/mibr-vs-kr-esports-champions-tour-2025-americas-kickoff-lr4,0,Bind,adverso,KRÜ,Viper,0.8,141,10,14,9,-4,71,86,23,1,3,-2,KRÜ Esports,MIBR,13.0,8.0,1.0,2.0
https://www.vlr.gg/428011/mibr-vs-kr-esports-champions-tour-2025-americas-kickoff-lr4,0,Bind,Mazino,KRÜ,Skye,0.71,143,12,15,10,-3,62,85,34,0,3,-3,KRÜ Esports,MIBR,13.0,8.0,1.0,2.0
https://www.vlr.gg/428011/mibr-vs-kr-esports-champions-tour-2025-americas-kickoff-lr4,1,AllMaps,aspas,MIBR,Raze,1.86,347,82,36,7,46,88,218,26,14,4,10,MIBR,KRÜ Esports,34.0,32.0,2.0,1.0
https://www.vlr.gg/428011/mibr-vs-kr-esports-champions-tour-2025-americas-kickoff-lr4,1,AllMaps,cortezia,MIBR,Viper,0.96,202,45,42,15,3,77,132,35,7,5,2,MIBR,KRÜ Esports,34.0,32.0,2.0,1.0
https://www.vlr.gg/428011/mibr-vs-kr-esports-champions-tour-2025-americas-kickoff-lr4,1,AllMaps,xenom,MIBR,Brimstone,0.87,156,36,43,32,-7,77,96,33,4,5,-1,MIBR,KRÜ Esports,34.0,32.0,2.0,1.0
https://www.vlr.gg/428011/mibr-vs-kr-esports-champions-tour-2025-americas-kickoff-lr4,1,AllMaps,nzr,MIBR,Skye,0.85,141,32,42,27,-10,70,95,23,0,2,-2,MIBR,KRÜ Esports,34.0,32.0,2.0,1.0
https://www.vlr.gg/428011/mibr-vs-kr-esports-champions-tour-2025-americas-kickoff-lr4,1,AllMaps,artzin,MIBR,Yoru,0.74,187,43,52,18,-9,71,120,21,12,13,-1,MIBR,KRÜ Esports,34.0,32.0,2.0,1.0
https://www.vlr.gg/428011/mibr-vs-kr-esports-champions-tour-2025-americas-kickoff-lr4,1,AllMaps,Shyy,KRÜ,Vyse,1.4,257,57,40,17,17,80,171,25,4,2,2,MIBR,MIBR,32.0,34.0,1.0,2.0
https://www.vlr.gg/428011/mibr-vs-kr-esports-champions-tour-2025-americas-kickoff-lr4,1,AllMaps,Melser,KRÜ,Brimstone,0.97,185,42,47,32,-5,76,109,32,5,6,-1,MIBR,MIBR,32.0,34.0,1.0,2.0
https://www.vlr.gg/428011/mibr-vs-kr-esports-champions-tour-2025-americas-kickoff-lr4,1,AllMaps,adverso,KRÜ,Viper,0.87,182,41,50,20,-9,68,122,19,3,10,-7,MIBR,MIBR,32.0,34.0,1.0,2.0
https://www.vlr.gg/428011/mibr-vs-kr-esports-champions-tour-2025-americas-kickoff-lr4,1,AllMaps,keznit,KRÜ,Raze,0.8,182,41,51,7,-10,68,118,15,12,10,2,MIBR,MIBR,32.0,34.0,1.0,2.0
https://www.vlr.gg/428011/mibr-vs-kr-esports-champions-tour-2025-americas-kickoff-lr4,1,AllMaps,Mazino,KRÜ,Skye,0.75,146,34,50,33,-16,68,92,25,5,9,-4,MIBR,MIBR,32.0,34.0,1.0,2.0
https://www.vlr.gg/428011/mibr-vs-kr-esports-champions-tour-2025-americas-kickoff-lr4,2,Abyss,aspas,MIBR,Jett,2.02,370,29,9,2,20,90,238,20,3,1,2,MIBR,KRÜ Esports,13.0,8.0,2.0,1.0
https://www.vlr.gg/428011/mibr-vs-kr-esports-champions-tour-2025-americas-kickoff-lr4,2,Abyss,cortezia,MIBR,Cypher,1.32,240,19,11,4,8,76,163,50,3,3,0,MIBR,KRÜ Esports,13.0,8.0,2.0,1.0
https://www.vlr.gg/428011/mibr-vs-kr-esports-champions-tour-2025-americas-kickoff-lr4,2,Abyss,xenom,MIBR,Astra,0.86,148,11,13,11,-2,81,89,33,1,0,1,MIBR,KRÜ Esports,13.0,8.0,2.0,1.0
https://www.vlr.gg/428011/mibr-vs-kr-esports-champions-tour-2025-americas-kickoff-lr4,2,Abyss,nzr,MIBR,Sova,0.83,137,10,12,4,-2,71,84,29,0,1,-1,MIBR,KRÜ Esports,13.0,8.0,2.0,1.0
https://www.vlr.gg/428011/mibr-vs-kr-esports-champions-tour-2025-americas-kickoff-lr4,2,Abyss,artzin,MIBR,Kayo,0.69,178,13,17,7,-4,71,116,28,4,5,-1,MIBR,KRÜ Esports,13.0,8.0,2.0,1.0
https://www.vlr.gg/428011/mibr-vs-kr-esports-champions-tour-2025-americas-kickoff-lr4,2,Abyss,Shyy,KRÜ,Viper,1.14,248,16,17,8,-1,76,152,15,1,1,0,MIBR,MIBR,8.0,13.0,1.0,2.0
https://www.vlr.gg/428011/mibr-vs-kr-esports-champions-tour-2025-americas-kickoff-lr4,2,Abyss,adverso,KRÜ,Sova,0.93,190,13,15,9,-2,71,127,20,0,2,-2,MIBR,MIBR,8.0,13.0,1.0,2.0
https://www.vlr.gg/428011/mibr-vs-kr-esports-champions-tour-2025-americas-kickoff-lr4,2,Abyss,Melser,KRÜ,Astra,0.9,173,12,16,7,-4,67,105,38,3,2,1,MIBR,MIBR,8.0,13.0,1.0,2.0
https://www.vlr.gg/428011/mibr-vs-kr-esports-champions-tour-2025-americas-kickoff-lr4,2,Abyss,Mazino,KRÜ,Kayo,0.85,151,12,17,15,-5,76,76,26,3,1,2,MIBR,MIBR,8.0,13.0,1.0,2.0
https://www.vlr.gg/428011/mibr-vs-kr-esports-champions-tour-2025-americas-kickoff-lr4,2,Abyss,keznit,KRÜ,Jett,0.48,103,9,17,2,-8,52,59,18,3,5,-2,MIBR,MIBR,8.0,13.0,1.0,2.0
https://www.vlr.gg/428011/mibr-vs-kr-esports-champions-tour-2025-americas-kickoff-lr4,3,Split,aspas,MIBR,Jett,1.8,340,29,14,1,15,83,208,30,7,1,6,MIBR,KRÜ Esports,13.0,11.0,2.0,1.0
https://www.vlr.gg/428011/mibr-vs-kr-esports-champions-tour-2025-americas-kickoff-lr4,3,Split,nzr,MIBR,Skye,1.27,175,15,12,14,3,83,121,24,0,0,0,MIBR,KRÜ Esports,13.0,11.0,2.0,1.0
https://www.vlr.gg/428011/mibr-vs-kr-esports-champions-tour-2025-americas-kickoff-lr4,3,Split,xenom,MIBR,Astra,1.04,179,15,14,15,1,88,109,32,3,1,2,MIBR,KRÜ Esports,13.0,11.0,2.0,1.0
https://www.vlr.gg/428011/mibr-vs-kr-esports-champions-tour-2025-americas-kickoff-lr4,3,Split,artzin,MIBR,Raze,0.77,193,17,17,4,0,67,120,18,4,5,-1,MIBR,KRÜ Esports,13.0,11.0,2.0,1.0
https://www.vlr.gg/428011/mibr-vs-kr-esports-champions-tour-2025-americas-kickoff-lr4,3,Split,cortezia,MIBR,Viper,0.54,144,11,17,5,-6,83,93,19,2,1,1,MIBR,KRÜ Esports,13.0,11.0,2.0,1.0
https://www.vlr.gg/428011/mibr-vs-kr-esports-champions-tour-2025-americas-kickoff-lr4,3,Split,Shyy,KRÜ,Cypher,1.21,201,18,14,2,4,79,147,33,1,1,0,MIBR,MIBR,11.0,13.0,1.0,2.0
https://www.vlr.gg/428011/mibr-vs-kr-esports-champions-tour-2025-americas-kickoff-lr4,3,Split,adverso,KRÜ,Viper,0.88,214,18,21,2,-3,63,150,17,2,5,-3,MIBR,MIBR,11.0,13.0,1.0,2.0
https://www.vlr.gg/428011/mibr-vs-kr-esports-champions-tour-2025-americas-kickoff-lr4,3,Split,Melser,KRÜ,Omen,0.87,144,12,16,10,-4,75,93,31,0,3,-3,MIBR,MIBR,11.0,13.0,1.0,2.0
https://www.vlr.gg/428011/mibr-vs-kr-esports-champions-tour-2025-americas-kickoff-lr4,3,Split,keznit,KRÜ,Raze,0.86,212,16,18,1,-2,67,138,11,3,2,1,MIBR,MIBR,11.0,13.0,1.0,2.0
https://www.vlr.gg/428011/mibr-vs-kr-esports-champions-tour-2025-americas-kickoff-lr4,3,Split,Mazino,KRÜ,Skye,0.68,143,10,18,8,-8,67,111,19,2,5,-3,MIBR,MIBR,11.0,13.0,1.0,2.0
https://www.vlr.gg/428002/g2-esports-vs-sentinels-champions-tour-2025-americas-kickoff-gf,0,Split,valyn,G2,Astra,0.9,207,12,15,3,-3,65,146,21,2,2,0,Sentinels,G2 Esports,13.0,4.0,2.0,3.0
https://www.vlr.gg/428002/g2-esports-vs-sentinels-champions-tour-2025-americas-kickoff-gf,0,Split,jawgemo,G2,Yoru,0.71,200,11,17,5,-6,76,127,15,2,2,0,Sentinels,G2 Esports,13.0,4.0,2.0,3.0
https://www.vlr.gg/428002/g2-esports-vs-sentinels-champions-tour-2025-americas-kickoff-gf,0,Split,leaf,G2,Viper,0.71,174,9,16,4,-7,71,130,14,1,1,0,Sentinels,G2 Esports,13.0,4.0,2.0,3.0
https://www.vlr.gg/428002/g2-esports-vs-sentinels-champions-tour-2025-americas-kickoff-gf,0,Split,trent,G2,Tejo,0.64,155,10,15,2,-5,53,102,30,1,3,-2,Sentinels,G2 Esports,13.0,4.0,2.0,3.0
https://www.vlr.gg/428002/g2-esports-vs-sentinels-champions-tour-2025-americas-kickoff-gf,0,Split,JonahP,G2,Breach,0.54,147,8,15,4,-7,59,98,17,0,3,-3,Sentinels,G2 Esports,13.0,4.0,2.0,3.0
https://www.vlr.gg/428002/g2-esports-vs-sentinels-champions-tour-2025-americas-kickoff-gf,0,Split,johnqt,SEN,Tejo,1.54,208,14,7,6,7,82,137,47,0,0,0,Sentinels,G2 Esports,13.0,4.0,2.0,3.0
https://www.vlr.gg/428002/g2-esports-vs-sentinels-champions-tour-2025-americas-kickoff-gf,0,Split,N4RRATE,SEN,Breach,1.41,240,16,9,8,7,88,153,25,2,2,0,Sentinels,G2 Esports,13.0,4.0,2.0,3.0
https://www.vlr.gg/428002/g2-esports-vs-sentinels-champions-tour-2025-americas-kickoff-gf,0,Split,Zellsis,SEN,Viper,1.21,268,18,11,2,7,88,174,24,3,1,2,Sentinels,G2 Esports,13.0,4.0,2.0,3.0
https://www.vlr.gg/428002/g2-esports-vs-sentinels-champions-tour-2025-americas-kickoff-gf,0,Split,zekken,SEN,Yoru,1.2,252,17,12,3,5,88,176,43,3,2,1,Sentinels,G2 Esports,13.0,4.0,2.0,3.0
https://www.vlr.gg/428002/g2-esports-vs-sentinels-champions-tour-2025-americas-kickoff-gf,0,Split,bang,SEN,Omen,1.19,221,13,11,10,2,88,137,32,3,1,2,Sentinels,G2 Esports,13.0,4.0,2.0,3.0
https://www.vlr.gg/428002/g2-esports-vs-sentinels-champions-tour-2025-americas-kickoff-gf,1,AllMaps,trent,G2,Tejo,1.22,221,80,63,21,17,72,153,25,13,5,8,G2 Esports,G2 Esports,49.0,52.0,2.0,3.0
https://www.vlr.gg/428002/g2-esports-vs-sentinels-champions-tour-2025-americas-kickoff-gf,1,AllMaps,valyn,G2,Astra,1.1,195,69,63,40,6,71,129,20,7,7,0,G2 Esports,G2 Esports,49.0,52.0,2.0,3.0
https://www.vlr.gg/428002/g2-esports-vs-sentinels-champions-tour-2025-americas-kickoff-gf,1,AllMaps,leaf,G2,Viper,0.97,189,68,71,20,-3,67,126,26,13,10,3,G2 Esports,G2 Esports,49.0,52.0,2.0,3.0
https://www.vlr.gg/428002/g2-esports-vs-sentinels-champions-tour-2025-americas-kickoff-gf,1,AllMaps,JonahP,G2,Breach,0.89,157,58,68,41,-10,74,93,21,3,8,-5,G2 Esports,G2 Esports,49.0,52.0,2.0,3.0
https://www.vlr.gg/428002/g2-esports-vs-sentinels-champions-tour-2025-americas-kickoff-gf,1,AllMaps,jawgemo,G2,Yoru,0.85,205,73,80,20,-7,70,125,21,14,21,-7,G2 Esports,G2 Esports,49.0,52.0,2.0,3.0
https://www.vlr.gg/428002/g2-esports-vs-sentinels-champions-tour-2025-americas-kickoff-gf,1,AllMaps,johnqt,SEN,Tejo,1.14,199,69,64,27,5,71,143,32,8,6,2,G2 Esports,G2 Esports,49.0,52.0,2.0,3.0
https://www.vlr.gg/428002/g2-esports-vs-sentinels-champions-tour-2025-americas-kickoff-gf,1,AllMaps,bang,SEN,Omen,0.99,195,66,72,49,-6,75,126,39,10,7,3,G2 Esports,G2 Esports,49.0,52.0,2.0,3.0
https://www.vlr.gg/428002/g2-esports-vs-sentinels-champions-tour-2025-americas-kickoff-gf,1,AllMaps,N4RRATE,SEN,Breach,0.98,197,71,71,29,0,73,127,27,16,7,9,G2 Esports,G2 Esports,49.0,52.0,2.0,3.0
https://www.vlr.gg/428002/g2-esports-vs-sentinels-champions-tour-2025-americas-kickoff-gf,1,AllMaps,zekken,SEN,Yoru,0.95,197,74,70,13,4,66,130,28,12,17,-5,G2 Esports,G2 Esports,49.0,52.0,2.0,3.0
https://www.vlr.gg/428002/g2-esports-vs-sentinels-champions-tour-2025-americas-kickoff-gf,1,AllMaps,Zellsis,SEN,Viper,0.89,183,63,73,35,-10,67,119,22,5,13,-8,G2 Esports,G2 Esports,49.0,52.0,2.0,3.0
https://www.vlr.gg/428002/g2-esports-vs-sentinels-champions-tour-2025-americas-kickoff-gf,2,Pearl,valyn,G2,Astra,1.19,191,13,11,9,2,67,139,26,2,0,2,G2 Esports,G2 Esports,8.0,13.0,2.0,3.0
https://www.vlr.gg/428002/g2-esports-vs-sentinels-champions-tour-2025-americas-kickoff-gf,2,Pearl,leaf,G2,Chamber,1.14,183,14,12,4,2,76,117,33,5,3,2,G2 Esports,G2 Esports,8.0,13.0,2.0,3.0
https://www.vlr.gg/428002/g2-esports-vs-sentinels-champions-tour-2025-americas-kickoff-gf,2,Pearl,JonahP,G2,Vyse,1.12,223,18,14,9,4,81,119,23,1,3,-2,G2 Esports,G2 Esports,8.0,13.0,2.0,3.0
https://www.vlr.gg/428002/g2-esports-vs-sentinels-champions-tour-2025-americas-kickoff-gf,2,Pearl,jawgemo,G2,Yoru,1.11,228,18,14,3,4,76,139,28,2,4,-2,G2 Esports,G2 Esports,8.0,13.0,2.0,3.0
https://www.vlr.gg/428002/g2-esports-vs-sentinels-champions-tour-2025-americas-kickoff-gf,2,Pearl,trent,G2,Sova,1.04,173,12,12,7,0,71,124,19,1,0,1,G2 Esports,G2 Esports,8.0,13.0,2.0,3.0
https://www.vlr.gg/428002/g2-esports-vs-sentinels-champions-tour-2025-americas-kickoff-gf,2,Pearl,Zellsis,SEN,Vyse,1.05,169,13,14,4,-1,67,115,17,0,2,-2,G2 Esports,G2 Esports,8.0,13.0,2.0,3.0
https://www.vlr.gg/428002/g2-esports-vs-sentinels-champions-tour-2025-americas-kickoff-gf,2,Pearl,bang,SEN,Astra,1.0,182,12,14,10,-2,71,129,31,2,2,0,G2 Esports,G2 Esports,8.0,13.0,2.0,3.0
https://www.vlr.gg/428002/g2-esports-vs-sentinels-champions-tour-2025-americas-kickoff-gf,2,Pearl,zekken,SEN,Yoru,1.0,220,16,16,3,0,62,135,22,2,4,-2,G2 Esports,G2 Esports,8.0,13.0,2.0,3.0
https://www.vlr.gg/428002/g2-esports-vs-sentinels-champions-tour-2025-americas-kickoff-gf,2,Pearl,johnqt,SEN,Tejo,0.68,160,11,16,5,-5,67,101,31,3,1,2,G2 Esports,G2 Esports,8.0,13.0,2.0,3.0
https://www.vlr.gg/428002/g2-esports-vs-sentinels-champions-tour-2025-americas-kickoff-gf,2,Pearl,N4RRATE,SEN,Fade,0.67,150,11,15,7,-4,71,87,14,3,2,1,G2 Esports,G2 Esports,8.0,13.0,2.0,3.0
https://www.vlr.gg/428002/g2-esports-vs-sentinels-champions-tour-2025-americas-kickoff-gf,3,Abyss,trent,G2,Sova,1.18,246,17,15,6,2,73,168,26,3,0,3,Sentinels,G2 Esports,13.0,9.0,2.0,3.0
https://www.vlr.gg/428002/g2-esports-vs-sentinels-champions-tour-2025-americas-kickoff-gf,3,Abyss,leaf,G2,Chamber,1.09,216,17,17,2,0,64,147,33,3,2,1,Sentinels,G2 Esports,13.0,9.0,2.0,3.0
https://www.vlr.gg/428002/g2-esports-vs-sentinels-champions-tour-2025-americas-kickoff-gf,3,Abyss,JonahP,G2,Breach,0.72,105,8,15,8,-7,73,65,23,1,1,0,Sentinels,G2 Esports,13.0,9.0,2.0,3.0
https://www.vlr.gg/428002/g2-esports-vs-sentinels-champions-tour-2025-americas-kickoff-gf,3,Abyss,valyn,G2,Astra,0.69,115,8,14,8,-6,59,74,21,1,4,-3,Sentinels,G2 Esports,13.0,9.0,2.0,3.0
https://www.vlr.gg/428002/g2-esports-vs-sentinels-champions-tour-2025-americas-kickoff-gf,3,Abyss,jawgemo,G2,Yoru,0.56,170,14,19,2,-5,50,116,26,2,5,-3,Sentinels,G2 Esports,13.0,9.0,2.0,3.0
https://www.vlr.gg/428002/g2-esports-vs-sentinels-champions-tour-2025-americas-kickoff-gf,3,Abyss,johnqt,SEN,Tejo,1.57,263,20,11,3,9,82,191,23,4,1,3,Sentinels,G2 Esports,13.0,9.0,2.0,3.0
https://www.vlr.gg/428002/g2-esports-vs-sentinels-champions-tour-2025-americas-kickoff-gf,3,Abyss,bang,SEN,Astra,1.08,223,16,14,12,2,82,124,42,1,2,-1,Sentinels,G2 Esports,13.0,9.0,2.0,3.0
https://www.vlr.gg/428002/g2-esports-vs-sentinels-champions-tour-2025-americas-kickoff-gf,3,Abyss,N4RRATE,SEN,Omen,1.01,162,14,13,3,1,73,113,33,2,0,2,Sentinels,G2 Esports,13.0,9.0,2.0,3.0
https://www.vlr.gg/428002/g2-esports-vs-sentinels-champions-tour-2025-americas-kickoff-gf,3,Abyss,Zellsis,SEN,Kayo,0.94,161,12,15,18,-3,73,86,18,1,2,-1,Sentinels,G2 Esports,13.0,9.0,2.0,3.0
https://www.vlr.gg/428002/g2-esports-vs-sentinels-champions-tour-2025-americas-kickoff-gf,3,Abyss,zekken,SEN,Jett,0.91,190,16,13,2,3,59,133,31,4,5,-1,Sentinels,G2 Esports,13.0,9.0,2.0,3.0
https://www.vlr.gg/428002/g2-esports-vs-sentinels-champions-tour-2025-americas-kickoff-gf,4,Fracture,trent,G2,Tejo,1.64,264,18,7,1,11,89,170,31,4,1,3,G2 Esports,G2 Esports,5.0,13.0,2.0,3.0
https://www.vlr.gg/428002/g2-esports-vs-sentinels-champions-tour-2025-americas-kickoff-gf,4,Fracture,valyn,G2,Brimstone,1.39,237,17,9,10,8,89,147,18,2,0,2,G2 Esports,G2 Esports,5.0,13.0,2.0,3.0
https://www.vlr.gg/428002/g2-esports-vs-sentinels-champions-tour-2025-americas-kickoff-gf,4,Fracture,jawgemo,G2,Raze,1.21,263,17,11,6,6,83,150,15,6,4,2,G2 Esports,G2 Esports,5.0,13.0,2.0,3.0
https://www.vlr.gg/428002/g2-esports-vs-sentinels-champions-tour-2025-americas-kickoff-gf,4,Fracture,leaf,G2,Vyse,1.0,178,12,9,7,3,67,119,30,0,1,-1,G2 Esports,G2 Esports,5.0,13.0,2.0,3.0
https://www.vlr.gg/428002/g2-esports-vs-sentinels-champions-tour-2025-americas-kickoff-gf,4,Fracture,JonahP,G2,Breach,0.97,121,9,9,8,0,83,70,20,0,0,0,G2 Esports,G2 Esports,5.0,13.0,2.0,3.0
https://www.vlr.gg/428002/g2-esports-vs-sentinels-champions-tour-2025-americas-kickoff-gf,4,Fracture,johnqt,SEN,Tejo,0.9,163,9,14,6,-5,56,120,31,0,2,-2,G2 Esports,G2 Esports,5.0,13.0,2.0,3.0
https://www.vlr.gg/428002/g2-esports-vs-sentinels-champions-tour-2025-americas-kickoff-gf,4,Fracture,zekken,SEN,Yoru,0.88,160,10,13,2,-3,61,113,25,2,3,-1,G2 Esports,G2 Esports,5.0,13.0,2.0,3.0
https://www.vlr.gg/428002/g2-esports-vs-sentinels-champions-tour-2025-americas-kickoff-gf,4,Fracture,Zellsis,SEN,Vyse,0.85,194,11,15,5,-4,56,161,24,0,5,-5,G2 Esports,G2 Esports,5.0,13.0,2.0,3.0
https://www.vlr.gg/428002/g2-esports-vs-sentinels-champions-tour-2025-americas-kickoff-gf,4,Fracture,N4RRATE,SEN,Breach,0.74,151,9,15,4,-6,61,103,30,2,1,1,G2 Esports,G2 Esports,5.0,13.0,2.0,3.0
https://www.vlr.gg/428002/g2-esports-vs-sentinels-champions-tour-2025-americas-kickoff-gf,4,Fracture,bang,SEN,Brimstone,0.52,122,6,16,7,-10,56,78,31,2,1,1,G2 Esports,G2 Esports,5.0,13.0,2.0,3.0
https://www.vlr.gg/428002/g2-esports-vs-sentinels-champions-tour-2025-americas-kickoff-gf,5,Haven,trent,G2,Tejo,1.51,265,23,14,5,9,74,191,21,4,1,3,G2 Esports,G2 Esports,10.0,13.0,2.0,3.0
https://www.vlr.gg/428002/g2-esports-vs-sentinels-champions-tour-2025-americas-kickoff-gf,5,Haven,valyn,G2,Astra,1.35,227,19,14,10,5,78,147,17,0,1,-1,G2 Esports,G2 Esports,10.0,13.0,2.0,3.0
https://www.vlr.gg/428002/g2-esports-vs-sentinels-champions-tour-2025-americas-kickoff-gf,5,Haven,JonahP,G2,Breach,1.04,189,15,15,12,0,74,111,21,1,1,0,G2 Esports,G2 Esports,10.0,13.0,2.0,3.0
https://www.vlr.gg/428002/g2-esports-vs-sentinels-champions-tour-2025-americas-kickoff-gf,5,Haven,leaf,G2,Vyse,0.89,193,16,17,3,-1,61,118,25,4,3,1,G2 Esports,G2 Esports,10.0,13.0,2.0,3.0
https://www.vlr.gg/428002/g2-esports-vs-sentinels-champions-tour-2025-americas-kickoff-gf,5,Haven,jawgemo,G2,Yoru,0.71,162,13,19,4,-6,70,101,25,2,6,-4,G2 Esports,G2 Esports,10.0,13.0,2.0,3.0
https://www.vlr.gg/428002/g2-esports-vs-sentinels-champions-tour-2025-americas-kickoff-gf,5,Haven,bang,SEN,Omen,1.12,228,19,17,10,2,78,153,51,2,1,1,G2 Esports,G2 Esports,10.0,13.0,2.0,3.0
https://www.vlr.gg/428002/g2-esports-vs-sentinels-champions-tour-2025-americas-kickoff-gf,5,Haven,N4RRATE,SEN,Iso,1.09,281,21,19,7,2,74,177,33,7,2,5,G2 Esports,G2 Esports,10.0,13.0,2.0,3.0
https://www.vlr.gg/428002/g2-esports-vs-sentinels-champions-tour-2025-americas-kickoff-gf,5,Haven,johnqt,SEN,Sova,1.04,201,15,16,7,-1,70,159,36,1,2,-1,G2 Esports,G2 Esports,10.0,13.0,2.0,3.0
https://www.vlr.gg/428002/g2-esports-vs-sentinels-champions-tour-2025-americas-kickoff-gf,5,Haven,zekken,SEN,Yoru,0.83,161,15,16,3,-1,65,101,22,1,3,-2,G2 Esports,G2 Esports,10.0,13.0,2.0,3.0
https://www.vlr.gg/428002/g2-esports-vs-sentinels-champions-tour-2025-americas-kickoff-gf,5,Haven,Zellsis,SEN,Cypher,0.51,124,9,18,6,-9,57,80,26,1,3,-2,G2 Esports,G2 Esports,10.0,13.0,2.0,3.0
https://www.vlr.gg/428001/sentinels-vs-g2-esports-champions-tour-2025-americas-kickoff-ubf,0,Abyss,Zellsis,SEN,Kayo,1.31,268,20,16,6,4,70,163,34,2,0,2,G2 Esports,Sentinels,13.0,7.0,2.0,0.0
https://www.vlr.gg/428001/sentinels-vs-g2-esports-champions-tour-2025-americas-kickoff-ubf,0,Abyss,bang,SEN,Astra,0.84,167,11,13,5,-2,75,122,28,1,4,-3,G2 Esports,Sentinels,13.0,7.0,2.0,0.0
https://www.vlr.gg/428001/sentinels-vs-g2-esports-champions-tour-2025-americas-kickoff-ubf,0,Abyss,zekken,SEN,Jett,0.73,167,11,14,2,-3,60,111,16,4,3,1,G2 Esports,Sentinels,13.0,7.0,2.0,0.0
https://www.vlr.gg/428001/sentinels-vs-g2-esports-champions-tour-2025-americas-kickoff-ubf,0,Abyss,johnqt,SEN,Sova,0.66,132,9,14,4,-5,65,90,32,0,0,0,G2 Esports,Sentinels,13.0,7.0,2.0,0.0
https://www.vlr.gg/428001/sentinels-vs-g2-esports-champions-tour-2025-americas-kickoff-ubf,0,Abyss,N4RRATE,SEN,Omen,0.29,104,6,18,7,-12,50,70,39,1,5,-4,G2 Esports,Sentinels,13.0,7.0,2.0,0.0
https://www.vlr.gg/428001/sentinels-vs-g2-esports-champions-tour-2025-americas-kickoff-ubf,0,Abyss,leaf,G2,Chamber,1.54,294,21,12,5,9,80,186,28,4,1,3,G2 Esports,Sentinels,13.0,7.0,2.0,0.0
https://www.vlr.gg/428001/sentinels-vs-g2-esports-champions-tour-2025-americas-kickoff-ubf,0,Abyss,trent,G2,Sova,1.23,211,15,10,6,5,70,137,19,1,1,0,G2 Esports,Sentinels,13.0,7.0,2.0,0.0
https://www.vlr.gg/428001/sentinels-vs-g2-esports-champions-tour-2025-americas-kickoff-ubf,0,Abyss,JonahP,G2,Breach,1.17,170,13,9,9,4,70,103,21,2,1,1,G2 Esports,Sentinels,13.0,7.0,2.0,0.0
https://www.vlr.gg/428001/sentinels-vs-g2-esports-champions-tour-2025-americas-kickoff-ubf,0,Abyss,jawgemo,G2,Yoru,0.99,216,15,15,3,0,60,133,23,5,3,2,G2 Esports,Sentinels,13.0,7.0,2.0,0.0
https://www.vlr.gg/428001/sentinels-vs-g2-esports-champions-tour-2025-americas-kickoff-ubf,0,Abyss,valyn,G2,Astra,0.78,137,10,12,5,-2,60,98,26,0,2,-2,G2 Esports,Sentinels,13.0,7.0,2.0,0.0
https://www.vlr.gg/428001/sentinels-vs-g2-esports-champions-tour-2025-americas-kickoff-ubf,1,AllMaps,Zellsis,SEN,Kayo,1.0,209,29,32,10,-3,70,139,31,4,4,0,G2 Esports,Sentinels,26.0,14.0,2.0,0.0
https://www.vlr.gg/428001/sentinels-vs-g2-esports-champions-tour-2025-americas-kickoff-ubf,1,AllMaps,bang,SEN,Astra,0.95,179,25,27,14,-2,73,119,30,2,6,-4,G2 Esports,Sentinels,26.0,14.0,2.0,0.0
https://www.vlr.gg/428001/sentinels-vs-g2-esports-champions-tour-2025-americas-kickoff-ubf,1,AllMaps,zekken,SEN,Jett,0.79,193,26,33,7,-7,65,121,23,8,4,4,G2 Esports,Sentinels,26.0,14.0,2.0,0.0
https://www.vlr.gg/428001/sentinels-vs-g2-esports-champions-tour-2025-americas-kickoff-ubf,1,AllMaps,N4RRATE,SEN,Omen,0.78,186,25,33,14,-8,68,127,31,2,8,-6,G2 Esports,Sentinels,26.0,14.0,2.0,0.0
https://www.vlr.gg/428001/sentinels-vs-g2-esports-champions-tour-2025-americas-kickoff-ubf,1,AllMaps,johnqt,SEN,Sova,0.68,136,18,29,8,-11,63,93,29,1,1,0,G2 Esports,Sentinels,26.0,14.0,2.0,0.0
https://www.vlr.gg/428001/sentinels-vs-g2-esports-champions-tour-2025-americas-kickoff-ubf,1,AllMaps,jawgemo,G2,Yoru,1.2,255,36,29,16,7,70,160,18,9,3,6,G2 Esports,Sentinels,26.0,14.0,2.0,0.0
https://www.vlr.gg/428001/sentinels-vs-g2-esports-champions-tour-2025-americas-kickoff-ubf,1,AllMaps,JonahP,G2,Breach,1.18,183,26,20,20,6,75,125,21,4,2,2,G2 Esports,Sentinels,26.0,14.0,2.0,0.0
https://www.vlr.gg/428001/sentinels-vs-g2-esports-champions-tour-2025-americas-kickoff-ubf,1,AllMaps,trent,G2,Sova,1.17,215,31,23,9,8,68,141,22,2,3,-1,G2 Esports,Sentinels,26.0,14.0,2.0,0.0
https://www.vlr.gg/428001/sentinels-vs-g2-esports-champions-tour-2025-americas-kickoff-ubf,1,AllMaps,valyn,G2,Astra,1.04,198,30,24,11,6,65,121,22,2,4,-2,G2 Esports,Sentinels,26.0,14.0,2.0,0.0
https://www.vlr.gg/428001/sentinels-vs-g2-esports-champions-tour-2025-americas-kickoff-ubf,1,AllMaps,leaf,G2,Chamber,1.04,212,30,28,8,2,70,135,23,6,5,1,G2 Esports,Sentinels,26.0,14.0,2.0,0.0
https://www.vlr.gg/428001/sentinels-vs-g2-esports-champions-tour-2025-americas-kickoff-ubf,2,Pearl,N4RRATE,SEN,Fade,1.27,268,19,15,7,4,85,185,28,1,3,-2,G2 Esports,Sentinels,13.0,7.0,2.0,0.0
https://www.vlr.gg/428001/sentinels-vs-g2-esports-champions-tour-2025-americas-kickoff-ubf,2,Pearl,bang,SEN,Astra,1.05,191,14,14,9,0,70,116,33,1,2,-1,G2 Esports,Sentinels,13.0,7.0,2.0,0.0
https://www.vlr.gg/428001/sentinels-vs-g2-esports-champions-tour-2025-americas-kickoff-ubf,2,Pearl,zekken,SEN,Yoru,0.84,219,15,19,5,-4,70,131,30,4,1,3,G2 Esports,Sentinels,13.0,7.0,2.0,0.0
https://www.vlr.gg/428001/sentinels-vs-g2-esports-champions-tour-2025-americas-kickoff-ubf,2,Pearl,johnqt,SEN,Tejo,0.7,140,9,15,4,-6,60,96,27,1,1,0,G2 Esports,Sentinels,13.0,7.0,2.0,0.0
https://www.vlr.gg/428001/sentinels-vs-g2-esports-champions-tour-2025-americas-kickoff-ubf,2,Pearl,Zellsis,SEN,Vyse,0.69,149,9,16,4,-7,70,115,26,2,4,-2,G2 Esports,Sentinels,13.0,7.0,2.0,0.0
https://www.vlr.gg/428001/sentinels-vs-g2-esports-champions-tour-2025-americas-kickoff-ubf,2,Pearl,jawgemo,G2,Yoru,1.41,293,21,14,13,7,80,186,15,4,0,4,G2 Esports,Sentinels,13.0,7.0,2.0,0.0
https://www.vlr.gg/428001/sentinels-vs-g2-esports-champions-tour-2025-americas-kickoff-ubf,2,Pearl,valyn,G2,Astra,1.31,259,20,12,6,8,70,143,19,2,2,0,G2 Esports,Sentinels,13.0,7.0,2.0,0.0
https://www.vlr.gg/428001/sentinels-vs-g2-esports-champions-tour-2025-americas-kickoff-ubf,2,Pearl,JonahP,G2,Vyse,1.18,195,13,11,11,2,80,148,20,2,1,1,G2 Esports,Sentinels,13.0,7.0,2.0,0.0
https://www.vlr.gg/428001/sentinels-vs-g2-esports-champions-tour-2025-americas-kickoff-ubf,2,Pearl,trent,G2,Sova,1.11,218,16,13,3,3,65,145,26,1,2,-1,G2 Esports,Sentinels,13.0,7.0,2.0,0.0
https://www.vlr.gg/428001/sentinels-vs-g2-esports-champions-tour-2025-americas-kickoff-ubf,2,Pearl,leaf,G2,Chamber,0.53,129,9,16,3,-7,60,84,11,2,4,-2,G2 Esports,Sentinels,13.0,7.0,2.0,0.0
https://www.vlr.gg/428012/sentinels-vs-mibr-champions-tour-2025-americas-kickoff-lbf,0,Lotus,N4RRATE,SEN,Fade,1.64,270,19,9,5,10,75,174,26,1,1,0,Sentinels,Sentinels,7.0,13.0,1.0,3.0
https://www.vlr.gg/428012/sentinels-vs-mibr-champions-tour-2025-americas-kickoff-lbf,0,Lotus,Zellsis,SEN,Vyse,1.52,313,24,12,5,12,70,209,33,3,1,2,Sentinels,Sentinels,7.0,13.0,1.0,3.0
https://www.vlr.gg/428012/sentinels-vs-mibr-champions-tour-2025-americas-kickoff-lbf,0,Lotus,johnqt,SEN,Viper,1.1,140,10,10,10,0,70,89,27,1,0,1,Sentinels,Sentinels,7.0,13.0,1.0,3.0
https://www.vlr.gg/428012/sentinels-vs-mibr-champions-tour-2025-americas-kickoff-lbf,0,Lotus,bang,SEN,Omen,1.02,186,13,13,6,0,70,102,35,4,2,2,Sentinels,Sentinels,7.0,13.0,1.0,3.0
https://www.vlr.gg/428012/sentinels-vs-mibr-champions-tour-2025-americas-kickoff-lbf,0,Lotus,zekken,SEN,Raze,0.79,178,10,14,5,-4,75,138,23,3,4,-1,Sentinels,Sentinels,7.0,13.0,1.0,3.0
https://www.vlr.gg/428012/sentinels-vs-mibr-champions-tour-2025-americas-kickoff-lbf,0,Lotus,xenom,MIBR,Omen,1.02,203,14,13,4,1,75,127,39,2,1,1,Sentinels,Sentinels,7.0,13.0,1.0,3.0
https://www.vlr.gg/428012/sentinels-vs-mibr-champions-tour-2025-americas-kickoff-lbf,0,Lotus,nzr,MIBR,Breach,1.0,148,11,14,7,-3,80,98,33,0,0,0,Sentinels,Sentinels,7.0,13.0,1.0,3.0
https://www.vlr.gg/428012/sentinels-vs-mibr-champions-tour-2025-americas-kickoff-lbf,0,Lotus,aspas,MIBR,Jett,0.83,233,15,16,5,-1,65,170,37,5,5,0,Sentinels,Sentinels,7.0,13.0,1.0,3.0
https://www.vlr.gg/428012/sentinels-vs-mibr-champions-tour-2025-americas-kickoff-lbf,0,Lotus,artzin,MIBR,Raze,0.64,144,10,16,2,-6,55,99,29,1,5,-4,Sentinels,Sentinels,7.0,13.0,1.0,3.0
https://www.vlr.gg/428012/sentinels-vs-mibr-champions-tour-2025-americas-kickoff-lbf,0,Lotus,cortezia,MIBR,Cypher,0.46,119,8,17,2,-9,50,75,44,0,1,-1,Sentinels,Sentinels,7.0,13.0,1.0,3.0
https://www.vlr.gg/428012/sentinels-vs-mibr-champions-tour-2025-americas-kickoff-lbf,1,AllMaps,Zellsis,SEN,Vyse,1.21,252,85,69,43,16,71,162,28,10,4,6,Sentinels,Sentinels,40.0,58.0,1.0,3.0
https://www.vlr.gg/428012/sentinels-vs-mibr-champions-tour-2025-americas-kickoff-lbf,1,AllMaps,N4RRATE,SEN,Fade,1.13,212,67,61,38,6,78,123,21,3,6,-3,Sentinels,Sentinels,40.0,58.0,1.0,3.0
https://www.vlr.gg/428012/sentinels-vs-mibr-champions-tour-2025-americas-kickoff-lbf,1,AllMaps,zekken,SEN,Raze,1.11,239,82,70,26,12,70,158,25,22,21,1,Sentinels,Sentinels,40.0,58.0,1.0,3.0
https://www.vlr.gg/428012/sentinels-vs-mibr-champions-tour-2025-americas-kickoff-lbf,1,AllMaps,johnqt,SEN,Viper,1.07,169,59,59,34,0,78,117,23,8,7,1,Sentinels,Sentinels,40.0,58.0,1.0,3.0
https://www.vlr.gg/428012/sentinels-vs-mibr-champions-tour-2025-americas-kickoff-lbf,1,AllMaps,bang,SEN,Omen,1.06,191,61,65,54,-4,80,126,37,9,8,1,Sentinels,Sentinels,40.0,58.0,1.0,3.0
https://www.vlr.gg/428012/sentinels-vs-mibr-champions-tour-2025-americas-kickoff-lbf,1,AllMaps,xenom,MIBR,Omen,1.11,205,72,63,35,9,76,138,31,8,4,4,Sentinels,Sentinels,40.0,58.0,1.0,3.0
https://www.vlr.gg/428012/sentinels-vs-mibr-champions-tour-2025-americas-kickoff-lbf,1,AllMaps,aspas,MIBR,Jett,0.94,202,74,69,9,5,69,139,31,19,15,4,Sentinels,Sentinels,40.0,58.0,1.0,3.0
https://www.vlr.gg/428012/sentinels-vs-mibr-champions-tour-2025-americas-kickoff-lbf,1,AllMaps,nzr,MIBR,Breach,0.89,195,65,73,24,-8,70,130,31,5,3,2,Sentinels,Sentinels,40.0,58.0,1.0,3.0
https://www.vlr.gg/428012/sentinels-vs-mibr-champions-tour-2025-americas-kickoff-lbf,1,AllMaps,cortezia,MIBR,Cypher,0.78,169,60,73,14,-13,59,123,28,2,6,-4,Sentinels,Sentinels,40.0,58.0,1.0,3.0
https://www.vlr.gg/428012/sentinels-vs-mibr-champions-tour-2025-americas-kickoff-lbf,1,AllMaps,artzin,MIBR,Raze,0.65,152,51,76,24,-25,61,109,22,12,24,-12,Sentinels,Sentinels,40.0,58.0,1.0,3.0
https://www.vlr.gg/428012/sentinels-vs-mibr-champions-tour-2025-americas-kickoff-lbf,2,Abyss,Zellsis,SEN,Kayo,1.42,280,18,13,17,5,78,158,24,1,1,0,Sentinels,Sentinels,5.0,13.0,1.0,3.0
https://www.vlr.gg/428012/sentinels-vs-mibr-champions-tour-2025-americas-kickoff-lbf,2,Abyss,bang,SEN,Astra,1.4,224,13,9,14,4,83,149,38,3,0,3,Sentinels,Sentinels,5.0,13.0,1.0,3.0
https://www.vlr.gg/428012/sentinels-vs-mibr-champions-tour-2025-americas-kickoff-lbf,2,Abyss,zekken,SEN,Jett,1.28,234,17,11,4,6,78,181,33,4,4,0,Sentinels,Sentinels,5.0,13.0,1.0,3.0
https://www.vlr.gg/428012/sentinels-vs-mibr-champions-tour-2025-americas-kickoff-lbf,2,Abyss,johnqt,SEN,Sova,1.24,178,11,9,10,2,94,125,30,3,1,2,Sentinels,Sentinels,5.0,13.0,1.0,3.0
https://www.vlr.gg/428012/sentinels-vs-mibr-champions-tour-2025-americas-kickoff-lbf,2,Abyss,N4RRATE,SEN,Omen,1.16,229,14,13,13,1,89,148,22,1,0,1,Sentinels,Sentinels,5.0,13.0,1.0,3.0
https://www.vlr.gg/428012/sentinels-vs-mibr-champions-tour-2025-americas-kickoff-lbf,2,Abyss,xenom,MIBR,Astra,1.08,244,15,15,3,0,67,174,35,2,2,0,Sentinels,Sentinels,5.0,13.0,1.0,3.0
https://www.vlr.gg/428012/sentinels-vs-mibr-champions-tour-2025-americas-kickoff-lbf,2,Abyss,nzr,MIBR,Sova,0.94,194,12,12,4,0,61,124,37,0,1,-1,Sentinels,Sentinels,5.0,13.0,1.0,3.0
https://www.vlr.gg/428012/sentinels-vs-mibr-champions-tour-2025-americas-kickoff-lbf,2,Abyss,aspas,MIBR,Jett,0.71,191,11,16,2,-5,67,111,33,3,3,0,Sentinels,Sentinels,5.0,13.0,1.0,3.0
https://www.vlr.gg/428012/sentinels-vs-mibr-champions-tour-2025-americas-kickoff-lbf,2,Abyss,cortezia,MIBR,Cypher,0.68,173,12,15,4,-3,50,102,32,0,3,-3,Sentinels,Sentinels,5.0,13.0,1.0,3.0
https://www.vlr.gg/428012/sentinels-vs-mibr-champions-tour-2025-americas-kickoff-lbf,2,Abyss,artzin,MIBR,Kayo,0.25,83,3,15,5,-12,50,60,21,1,3,-2,Sentinels,Sentinels,5.0,13.0,1.0,3.0
https://www.vlr.gg/428012/sentinels-vs-mibr-champions-tour-2025-americas-kickoff-lbf,3,Pearl,johnqt,SEN,Tejo,1.06,184,27,28,8,-1,73,126,25,2,5,-3,MIBR,Sentinels,21.0,19.0,1.0,3.0
https://www.vlr.gg/428012/sentinels-vs-mibr-champions-tour-2025-americas-kickoff-lbf,3,Pearl,bang,SEN,Astra,1.03,201,24,30,25,-6,85,142,38,2,3,-1,MIBR,Sentinels,21.0,19.0,1.0,3.0
https://www.vlr.gg/428012/sentinels-vs-mibr-champions-tour-2025-americas-kickoff-lbf,3,Pearl,Zellsis,SEN,Vyse,1.0,224,31,32,10,-1,70,153,33,5,1,4,MIBR,Sentinels,21.0,19.0,1.0,3.0
https://www.vlr.gg/428012/sentinels-vs-mibr-champions-tour-2025-americas-kickoff-lbf,3,Pearl,zekken,SEN,Yoru,0.96,233,32,31,10,1,63,144,24,9,9,0,MIBR,Sentinels,21.0,19.0,1.0,3.0
https://www.vlr.gg/428012/sentinels-vs-mibr-champions-tour-2025-americas-kickoff-lbf,3,Pearl,N4RRATE,SEN,Fade,0.84,148,19,29,13,-10,73,93,15,0,4,-4,MIBR,Sentinels,21.0,19.0,1.0,3.0
https://www.vlr.gg/428012/sentinels-vs-mibr-champions-tour-2025-americas-kickoff-lbf,3,Pearl,xenom,MIBR,Astra,1.32,228,33,23,22,10,83,145,27,4,1,3,MIBR,Sentinels,21.0,19.0,1.0,3.0
https://www.vlr.gg/428012/sentinels-vs-mibr-champions-tour-2025-americas-kickoff-lbf,3,Pearl,aspas,MIBR,Jett,1.31,250,37,22,2,15,78,157,26,9,2,7,MIBR,Sentinels,21.0,19.0,1.0,3.0
https://www.vlr.gg/428012/sentinels-vs-mibr-champions-tour-2025-americas-kickoff-lbf,3,Pearl,cortezia,MIBR,Killjoy,1.01,210,29,27,6,2,68,154,27,1,2,-1,MIBR,Sentinels,21.0,19.0,1.0,3.0
https://www.vlr.gg/428012/sentinels-vs-mibr-champions-tour-2025-americas-kickoff-lbf,3,Pearl,artzin,MIBR,Kayo,0.81,210,28,30,11,-2,65,131,23,7,12,-5,MIBR,Sentinels,21.0,19.0,1.0,3.0
https://www.vlr.gg/428012/sentinels-vs-mibr-champions-tour-2025-americas-kickoff-lbf,3,Pearl,nzr,MIBR,Sova,0.66,166,23,31,7,-8,68,123,29,1,1,0,MIBR,Sentinels,21.0,19.0,1.0,3.0
https://www.vlr.gg/428012/sentinels-vs-mibr-champions-tour-2025-americas-kickoff-lbf,4,Split,zekken,SEN,Yoru,1.56,310,23,14,7,9,75,184,24,6,4,2,Sentinels,Sentinels,7.0,13.0,1.0,3.0
https://www.vlr.gg/428012/sentinels-vs-mibr-champions-tour-2025-americas-kickoff-lbf,4,Split,N4RRATE,SEN,Breach,1.19,200,15,10,7,5,80,109,26,1,1,0,Sentinels,Sentinels,7.0,13.0,1.0,3.0
https://www.vlr.gg/428012/sentinels-vs-mibr-champions-tour-2025-americas-kickoff-lbf,4,Split,Zellsis,SEN,Viper,1.13,191,12,12,11,0,70,137,19,1,1,0,Sentinels,Sentinels,7.0,13.0,1.0,3.0
https://www.vlr.gg/428012/sentinels-vs-mibr-champions-tour-2025-americas-kickoff-lbf,4,Split,johnqt,SEN,Tejo,0.93,175,11,12,6,-1,80,121,13,2,1,1,Sentinels,Sentinels,7.0,13.0,1.0,3.0
https://www.vlr.gg/428012/sentinels-vs-mibr-champions-tour-2025-americas-kickoff-lbf,4,Split,bang,SEN,Omen,0.86,152,11,13,9,-2,75,95,36,0,3,-3,Sentinels,Sentinels,7.0,13.0,1.0,3.0
https://www.vlr.gg/428012/sentinels-vs-mibr-champions-tour-2025-americas-kickoff-lbf,4,Split,nzr,MIBR,Skye,1.19,272,19,16,6,3,75,180,30,4,1,3,Sentinels,Sentinels,7.0,13.0,1.0,3.0
https://www.vlr.gg/428012/sentinels-vs-mibr-champions-tour-2025-americas-kickoff-lbf,4,Split,xenom,MIBR,Astra,0.83,143,10,12,6,-2,70,101,24,0,0,0,Sentinels,Sentinels,7.0,13.0,1.0,3.0
https://www.vlr.gg/428012/sentinels-vs-mibr-champions-tour-2025-americas-kickoff-lbf,4,Split,artzin,MIBR,Raze,0.72,172,10,15,6,-5,70,119,17,3,4,-1,Sentinels,Sentinels,7.0,13.0,1.0,3.0
https://www.vlr.gg/428012/sentinels-vs-mibr-champions-tour-2025-americas-kickoff-lbf,4,Split,cortezia,MIBR,Viper,0.71,174,11,14,2,-3,60,129,23,1,0,1,Sentinels,Sentinels,7.0,13.0,1.0,3.0
https://www.vlr.gg/428012/sentinels-vs-mibr-champions-tour-2025-americas-kickoff-lbf,4,Split,aspas,MIBR,Jett,0.53,132,11,15,0,-4,60,95,33,2,5,-3,Sentinels,Sentinels,7.0,13.0,1.0,3.0
