Unnamed: 0,Mapa_Num,Mapa,Jogador,Time,Agente,R,ACS,K,D,A,+/-,KAST,ADR,HS%,FK,FD,+/-_FK_FD,Time1,Mapas_T1,Score_T1,Time2,Mapas_T2,Score_T2,target,Liga
0,0,Haven,Darker,LOUD,Viper,1.12,256.0,18,16,6,2,70.0,166.0,30.0,2.0,1.0,1.0,LOUD,,7,C9,,13,0,VCT Americas
1,0,Haven,cauanzin,LOUD,Sova,0.98,209.0,15,13,3,2,75.0,152.0,26.0,0.0,1.0,-1.0,LOUD,,7,C9,,13,0,VCT Americas
2,0,Haven,Virtyy,LOUD,Yoru,0.7,178.0,14,16,4,-2,55.0,102.0,35.0,2.0,3.0,-1.0,LOUD,,7,C9,,13,0,VCT Americas
3,0,Haven,pANcada,LOUD,Omen,0.67,145.0,11,13,1,-2,65.0,99.0,27.0,0.0,3.0,-3.0,LOUD,,7,C9,,13,0,VCT Americas
4,0,Haven,lukxo,LOUD,Killjoy,0.65,192.0,13,16,3,-3,60.0,125.0,35.0,4.0,4.0,0.0,LOUD,,7,C9,,13,0,VCT Americas
5,0,Haven,OXY,C9,Neon,1.44,282.0,21,14,2,7,80.0,169.0,29.0,5.0,2.0,3.0,LOUD,,7,C9,,13,1,VCT Americas
6,0,Haven,penny,C9,Viper,1.23,203.0,15,12,7,3,80.0,133.0,23.0,3.0,2.0,1.0,LOUD,,7,C9,,13,1,VCT Americas
7,0,Haven,v1c,C9,Omen,1.04,198.0,14,13,7,1,80.0,139.0,26.0,1.0,2.0,-1.0,LOUD,,7,C9,,13,1,VCT Americas
8,0,Haven,Xeppaa,C9,Sova,1.01,185.0,13,16,9,-3,90.0,125.0,21.0,0.0,0.0,0.0,LOUD,,7,C9,,13,1,VCT Americas
9,0,Haven,Zellsis,C9,Killjoy,0.82,166.0,11,16,1,-5,70.0,124.0,20.0,3.0,2.0,1.0,LOUD,,7,C9,,13,1,VCT Americas
10,2,Abyss,lukxo,LOUD,Chamber,1.46,297.0,27,16,3,11,75.0,175.0,34.0,4.0,2.0,2.0,LOUD,,11,C9,,13,0,VCT Americas
11,2,Abyss,Darker,LOUD,Astra,0.95,166.0,15,16,8,-1,75.0,101.0,31.0,1.0,3.0,-2.0,LOUD,,11,C9,,13,0,VCT Americas
12,2,Abyss,pANcada,LOUD,Harbor,0.81,114.0,11,13,9,-2,79.0,66.0,63.0,1.0,1.0,0.0,LOUD,,11,C9,,13,0,VCT Americas
13,2,Abyss,cauanzin,LOUD,Sova,0.73,166.0,13,20,8,-7,67.0,116.0,29.0,0.0,5.0,-5.0,LOUD,,11,C9,,13,0,VCT Americas
14,2,Abyss,Virtyy,LOUD,Yoru,0.69,170.0,13,19,3,-6,63.0,113.0,21.0,4.0,3.0,1.0,LOUD,,11,C9,,13,0,VCT Americas
15,2,Abyss,penny,C9,Veto,1.26,214.0,19,14,7,5,83.0,151.0,26.0,3.0,5.0,-2.0,LOUD,,11,C9,,13,1,VCT Americas
16,2,Abyss,Xeppaa,C9,Sova,1.15,213.0,19,14,6,5,79.0,137.0,29.0,0.0,0.0,0.0,LOUD,,11,C9,,13,1,VCT Americas
17,2,Abyss,v1c,C9,Astra,1.07,219.0,17,16,8,1,83.0,124.0,22.0,5.0,1.0,4.0,LOUD,,11,C9,,13,1,VCT Americas
18,2,Abyss,Zellsis,C9,Breach,0.9,161.0,12,17,13,-5,96.0,101.0,29.0,2.0,0.0,2.0,LOUD,,11,C9,,13,1,VCT Americas
19,2,Abyss,OXY,C9,Waylay,0.84,190.0,17,18,2,-1,63.0,122.0,44.0,4.0,4.0,0.0,LOUD,,11,C9,,13,1,VCT Americas
20,0,Bind,BABYBAY,G2,Chamber,1.6,284.0,26,12,2,14,75.0,181.0,13.0,4.0,2.0,2.0,G2,,13,100T,,11,1,VCT Americas
21,0,Bind,trent,G2,Skye,1.19,193.0,17,15,9,2,67.0,131.0,32.0,1.0,1.0,0.0,G2,,13,100T,,11,1,VCT Americas
22,0,Bind,valyn,G2,Brimstone,1.01,189.0,16,16,6,0,75.0,122.0,26.0,3.0,1.0,2.0,G2,,13,100T,,11,1,VCT Americas
23,0,Bind,leaf,G2,Viper,0.72,162.0,13,19,3,-6,63.0,122.0,21.0,1.0,2.0,-1.0,G2,,13,100T,,11,1,VCT Americas
24,0,Bind,jawgemo,G2,Waylay,0.48,161.0,12,21,6,-9,63.0,101.0,26.0,3.0,6.0,-3.0,G2,,13,100T,,11,1,VCT Americas
25,0,Bind,Cryocells,100T,Chamber,1.41,258.0,24,14,2,10,71.0,164.0,20.0,3.0,4.0,-1.0,G2,,13,100T,,11,0,VCT Americas
26,0,Bind,bang,100T,Viper,1.13,214.0,17,15,6,2,71.0,139.0,49.0,2.0,3.0,-1.0,G2,,13,100T,,11,0,VCT Americas
27,0,Bind,Timotino,100T,Waylay,0.91,191.0,15,18,4,-3,63.0,135.0,26.0,1.0,2.0,-1.0,G2,,13,100T,,11,0,VCT Americas
28,0,Bind,Asuna,100T,Brimstone,0.88,203.0,16,18,10,-2,71.0,118.0,26.0,4.0,1.0,3.0,G2,,13,100T,,11,0,VCT Americas
29,0,Bind,vora,100T,Skye,0.59,142.0,11,19,6,-8,71.0,96.0,26.0,2.0,2.0,0.0,G2,,13,100T,,11,0,VCT Americas
30,2,Corrode,leaf,G2,Fade,1.13,238.0,13,14,5,-1,75.0,152.0,26.0,2.0,0.0,2.0,G2,,3,100T,,13,0,VCT Americas
31,2,Corrode,valyn,G2,Omen,0.77,198.0,11,14,2,-3,63.0,117.0,22.0,2.0,1.0,1.0,G2,,3,100T,,13,0,VCT Americas
32,2,Corrode,BABYBAY,G2,Viper,0.49,93.0,5,12,1,-7,63.0,65.0,21.0,0.0,4.0,-4.0,G2,,3,100T,,13,0,VCT Americas
33,2,Corrode,trent,G2,Tejo,0.39,109.0,3,14,4,-11,56.0,90.0,13.0,0.0,1.0,-1.0,G2,,3,100T,,13,0,VCT Americas
34,2,Corrode,jawgemo,G2,Yoru,0.28,90.0,4,14,2,-10,50.0,64.0,22.0,0.0,6.0,-6.0,G2,,3,100T,,13,0,VCT Americas
35,2,Corrode,Cryocells,100T,Veto,1.61,268.0,17,7,1,10,94.0,188.0,37.0,1.0,0.0,1.0,G2,,3,100T,,13,1,VCT Americas
36,2,Corrode,vora,100T,Fade,1.57,280.0,17,8,2,9,88.0,193.0,36.0,5.0,1.0,4.0,G2,,3,100T,,13,1,VCT Americas
37,2,Corrode,Asuna,100T,Sage,1.51,212.0,12,5,6,7,81.0,124.0,19.0,2.0,1.0,1.0,G2,,3,100T,,13,1,VCT Americas
38,2,Corrode,bang,100T,Omen,1.09,137.0,8,7,9,1,88.0,77.0,33.0,1.0,0.0,1.0,G2,,3,100T,,13,1,VCT Americas
39,2,Corrode,Timotino,100T,Waylay,1.01,229.0,14,9,4,5,75.0,142.0,15.0,3.0,2.0,1.0,G2,,3,100T,,13,1,VCT Americas
40,3,Split,leaf,G2,Breach,1.82,328.0,26,14,11,12,81.0,213.0,47.0,2.0,1.0,1.0,G2,,13,100T,,8,1,VCT Americas
41,3,Split,trent,G2,Fade,1.23,223.0,16,14,7,2,76.0,153.0,26.0,2.0,2.0,0.0,G2,,13,100T,,8,1,VCT Americas
42,3,Split,jawgemo,G2,Waylay,1.03,214.0,16,17,6,-1,57.0,152.0,17.0,4.0,4.0,0.0,G2,,13,100T,,8,1,VCT Americas
43,3,Split,valyn,G2,Omen,0.93,179.0,13,14,4,-1,76.0,109.0,23.0,0.0,2.0,-2.0,G2,,13,100T,,8,1,VCT Americas
44,3,Split,BABYBAY,G2,Viper,0.72,167.0,11,16,11,-5,62.0,109.0,20.0,2.0,2.0,0.0,G2,,13,100T,,8,1,VCT Americas
45,3,Split,bang,100T,Omen,1.19,225.0,17,15,9,2,81.0,147.0,43.0,1.0,1.0,0.0,G2,,13,100T,,8,0,VCT Americas
46,3,Split,Cryocells,100T,Viper,1.15,273.0,20,16,5,4,81.0,189.0,28.0,3.0,1.0,2.0,G2,,13,100T,,8,0,VCT Americas
47,3,Split,vora,100T,Skye,1.14,248.0,17,15,7,2,81.0,172.0,30.0,2.0,1.0,1.0,G2,,13,100T,,8,0,VCT Americas
48,3,Split,Asuna,100T,Sage,0.86,167.0,12,16,11,-4,81.0,108.0,15.0,1.0,0.0,1.0,G2,,13,100T,,8,0,VCT Americas
49,3,Split,Timotino,100T,Waylay,0.31,147.0,9,20,1,-11,52.0,96.0,32.0,4.0,7.0,-3.0,G2,,13,100T,,8,0,VCT Americas
50,0,Abyss,Rossy,ENVY,Omen,1.04,204.0,17,14,5,3,73.0,124.0,27.0,2.0,0.0,2.0,ENVY,,9,EG,,13,0,VCT Americas
51,0,Abyss,Inspire,ENVY,Viper,1.03,232.0,17,17,1,0,64.0,148.0,25.0,3.0,2.0,1.0,ENVY,,9,EG,,13,0,VCT Americas
52,0,Abyss,keznit,ENVY,Iso,0.94,173.0,12,15,4,-3,77.0,111.0,37.0,3.0,3.0,0.0,ENVY,,9,EG,,13,0,VCT Americas
53,0,Abyss,Eggsterr,ENVY,Yoru,0.82,185.0,15,16,1,-1,64.0,112.0,27.0,2.0,3.0,-1.0,ENVY,,9,EG,,13,0,VCT Americas
54,0,Abyss,P0PPIN,ENVY,Sova,0.3,72.0,5,17,3,-12,59.0,59.0,18.0,1.0,3.0,-2.0,ENVY,,9,EG,,13,0,VCT Americas
55,0,Abyss,dgzin,EG,Yoru,1.54,261.0,22,11,1,11,73.0,163.0,20.0,4.0,3.0,1.0,ENVY,,9,EG,,13,1,VCT Americas
56,0,Abyss,bao,EG,Veto,1.42,267.0,20,13,7,7,68.0,176.0,37.0,4.0,4.0,0.0,ENVY,,9,EG,,13,1,VCT Americas
57,0,Abyss,Okeanos,EG,Breach,1.03,178.0,15,15,12,0,77.0,114.0,39.0,0.0,1.0,-1.0,ENVY,,9,EG,,13,1,VCT Americas
58,0,Abyss,C0M,EG,Sova,0.99,177.0,14,14,7,0,77.0,133.0,24.0,2.0,3.0,-1.0,ENVY,,9,EG,,13,1,VCT Americas
59,0,Abyss,supamen,EG,Astra,0.7,116.0,8,14,8,-6,73.0,76.0,38.0,1.0,0.0,1.0,ENVY,,9,EG,,13,1,VCT Americas
60,2,Corrode,Rossy,ENVY,Omen,1.35,228.0,19,15,11,4,78.0,142.0,28.0,0.0,0.0,0.0,ENVY,,13,EG,,10,1,VCT Americas
61,2,Corrode,Eggsterr,ENVY,Yoru,1.16,204.0,20,14,3,6,74.0,125.0,27.0,4.0,1.0,3.0,ENVY,,13,EG,,10,1,VCT Americas
62,2,Corrode,Inspire,ENVY,Viper,0.98,191.0,15,15,4,0,57.0,130.0,38.0,1.0,4.0,-3.0,ENVY,,13,EG,,10,1,VCT Americas
63,2,Corrode,P0PPIN,ENVY,Fade,0.88,175.0,14,16,7,-2,78.0,109.0,31.0,2.0,2.0,0.0,ENVY,,13,EG,,10,1,VCT Americas
64,2,Corrode,keznit,ENVY,Waylay,0.79,179.0,14,18,4,-4,70.0,119.0,33.0,3.0,6.0,-3.0,ENVY,,13,EG,,10,1,VCT Americas
65,2,Corrode,Okeanos,EG,Yoru,1.24,282.0,24,16,2,8,74.0,200.0,35.0,5.0,4.0,1.0,ENVY,,13,EG,,10,0,VCT Americas
66,2,Corrode,dgzin,EG,Waylay,0.94,225.0,18,19,5,-1,74.0,152.0,43.0,5.0,2.0,3.0,ENVY,,13,EG,,10,0,VCT Americas
67,2,Corrode,C0M,EG,Sova,0.93,160.0,15,15,4,0,74.0,97.0,16.0,0.0,2.0,-2.0,ENVY,,13,EG,,10,0,VCT Americas
68,2,Corrode,supamen,EG,Viper,0.91,188.0,14,15,11,-1,74.0,129.0,22.0,3.0,1.0,2.0,ENVY,,13,EG,,10,0,VCT Americas
69,2,Corrode,bao,EG,Omen,0.58,98.0,7,17,8,-10,65.0,59.0,35.0,0.0,1.0,-1.0,ENVY,,13,EG,,10,0,VCT Americas
70,3,Bind,Eggsterr,ENVY,Yoru,1.63,330.0,28,13,5,15,82.0,196.0,31.0,2.0,1.0,1.0,ENVY,,13,EG,,9,1,VCT Americas
71,3,Bind,Inspire,ENVY,Brimstone,1.3,248.0,21,13,6,8,86.0,149.0,37.0,4.0,3.0,1.0,ENVY,,13,EG,,9,1,VCT Americas
72,3,Bind,keznit,ENVY,Waylay,1.15,203.0,17,12,6,5,86.0,143.0,36.0,2.0,2.0,0.0,ENVY,,13,EG,,9,1,VCT Americas
73,3,Bind,Rossy,ENVY,Viper,0.87,186.0,13,15,7,-2,77.0,133.0,31.0,3.0,1.0,2.0,ENVY,,13,EG,,9,1,VCT Americas
74,3,Bind,P0PPIN,ENVY,Skye,0.67,116.0,8,13,8,-5,73.0,69.0,14.0,2.0,2.0,0.0,ENVY,,13,EG,,9,1,VCT Americas
75,3,Bind,supamen,EG,Viper,1.33,226.0,17,14,2,3,73.0,156.0,42.0,4.0,1.0,3.0,ENVY,,13,EG,,9,0,VCT Americas
76,3,Bind,bao,EG,Brimstone,0.92,203.0,13,18,9,-5,64.0,138.0,20.0,1.0,4.0,-3.0,ENVY,,13,EG,,9,0,VCT Americas
77,3,Bind,C0M,EG,Fade,0.78,151.0,11,19,11,-8,64.0,98.0,23.0,1.0,1.0,0.0,ENVY,,13,EG,,9,0,VCT Americas
78,3,Bind,Okeanos,EG,Yoru,0.76,187.0,15,19,3,-4,50.0,123.0,22.0,2.0,4.0,-2.0,ENVY,,13,EG,,9,0,VCT Americas
79,3,Bind,dgzin,EG,Waylay,0.64,132.0,10,17,5,-7,45.0,91.0,35.0,1.0,3.0,-2.0,ENVY,,13,EG,,9,0,VCT Americas
80,0,Pearl,benG,KRÜ,Astra,1.44,220.0,18,14,12,4,83.0,126.0,25.0,0.0,0.0,0.0,KRU,,13,FUR,,10,0,VCT Americas
81,0,Pearl,mta,KRÜ,Yoru,1.0,184.0,15,16,4,-1,74.0,118.0,32.0,3.0,3.0,0.0,KRU,,13,FUR,,10,0,VCT Americas
82,0,Pearl,NagZ,KRÜ,Killjoy,0.86,116.0,9,14,5,-5,61.0,84.0,15.0,0.0,2.0,-2.0,KRU,,13,FUR,,10,0,VCT Americas
83,0,Pearl,infiltrator,KRÜ,Neon,0.84,205.0,15,19,6,-4,70.0,137.0,29.0,5.0,4.0,1.0,KRU,,13,FUR,,10,0,VCT Americas
84,0,Pearl,Governor,KRÜ,Fade,0.71,146.0,14,19,2,-5,52.0,100.0,35.0,2.0,4.0,-2.0,KRU,,13,FUR,,10,0,VCT Americas
85,0,Pearl,koalanoob,FUR,Chamber,1.45,292.0,25,12,4,13,65.0,186.0,17.0,7.0,2.0,5.0,KRU,,13,FUR,,10,0,VCT Americas
86,0,Pearl,artzin,FUR,Kayo,1.22,234.0,18,15,15,3,78.0,147.0,23.0,3.0,3.0,0.0,KRU,,13,FUR,,10,0,VCT Americas
87,0,Pearl,nerve,FUR,Astra,0.98,162.0,12,14,14,-2,78.0,112.0,38.0,0.0,1.0,-1.0,KRU,,13,FUR,,10,0,VCT Americas
88,0,Pearl,eeiu,FUR,Fade,0.91,175.0,16,12,8,4,78.0,118.0,33.0,0.0,2.0,-2.0,KRU,,13,FUR,,10,0,VCT Americas
89,0,Pearl,alym,FUR,Neon,0.48,143.0,11,18,4,-7,70.0,90.0,31.0,3.0,2.0,1.0,KRU,,13,FUR,,10,0,VCT Americas
90,2,Breeze,NagZ,KRÜ,Chamber,1.26,198.0,15,12,2,3,62.0,149.0,20.0,4.0,2.0,2.0,KRU,,8,FUR,,13,0,VCT Americas
91,2,Breeze,mta,KRÜ,Kayo,1.09,181.0,12,13,9,-1,67.0,116.0,38.0,1.0,1.0,0.0,KRU,,8,FUR,,13,0,VCT Americas
92,2,Breeze,infiltrator,KRÜ,Jett,0.73,162.0,11,17,4,-6,62.0,106.0,26.0,3.0,5.0,-2.0,KRU,,8,FUR,,13,0,VCT Americas
93,2,Breeze,Governor,KRÜ,Sova,0.67,146.0,10,17,3,-7,52.0,104.0,36.0,0.0,3.0,-3.0,KRU,,8,FUR,,13,0,VCT Americas
94,2,Breeze,benG,KRÜ,Viper,0.67,137.0,11,17,2,-6,52.0,85.0,43.0,0.0,2.0,-2.0,KRU,,8,FUR,,13,0,VCT Americas
95,2,Breeze,artzin,FUR,Astra,1.43,251.0,22,11,3,11,71.0,153.0,33.0,2.0,0.0,2.0,KRU,,8,FUR,,13,1,VCT Americas
96,2,Breeze,alym,FUR,Yoru,1.23,235.0,18,11,5,7,76.0,155.0,35.0,6.0,3.0,3.0,KRU,,8,FUR,,13,1,VCT Americas
97,2,Breeze,koalanoob,FUR,Jett,1.04,244.0,18,15,3,3,76.0,144.0,16.0,4.0,2.0,2.0,KRU,,8,FUR,,13,1,VCT Americas
98,2,Breeze,eeiu,FUR,Sova,0.89,140.0,10,10,6,0,76.0,102.0,25.0,1.0,1.0,0.0,KRU,,8,FUR,,13,1,VCT Americas
99,2,Breeze,nerve,FUR,Viper,0.73,119.0,8,12,7,-4,67.0,84.0,10.0,0.0,2.0,-2.0,KRU,,8,FUR,,13,1,VCT Americas
100,3,Abyss,infiltrator,KRÜ,Yoru,1.31,282.0,18,15,3,3,89.0,185.0,32.0,2.0,1.0,1.0,KRU,,5,FUR,,13,0,VCT Americas
101,3,Abyss,mta,KRÜ,Kayo,0.77,158.0,8,14,8,-6,67.0,104.0,27.0,1.0,2.0,-1.0,KRU,,5,FUR,,13,0,VCT Americas
102,3,Abyss,Governor,KRÜ,Sova,0.69,104.0,7,13,5,-6,56.0,80.0,50.0,1.0,2.0,-1.0,KRU,,5,FUR,,13,0,VCT Americas
103,3,Abyss,NagZ,KRÜ,Chamber,0.64,131.0,8,16,4,-8,67.0,91.0,28.0,2.0,3.0,-1.0,KRU,,5,FUR,,13,0,VCT Americas
104,3,Abyss,benG,KRÜ,Omen,0.45,119.0,6,15,5,-9,67.0,81.0,32.0,1.0,3.0,-2.0,KRU,,5,FUR,,13,0,VCT Americas
105,3,Abyss,alym,FUR,Waylay,1.32,245.0,16,9,5,7,72.0,142.0,17.0,4.0,0.0,4.0,KRU,,5,FUR,,13,1,VCT Americas
106,3,Abyss,koalanoob,FUR,Omen,1.3,278.0,18,13,9,5,83.0,171.0,30.0,4.0,3.0,1.0,KRU,,5,FUR,,13,1,VCT Americas
107,3,Abyss,artzin,FUR,Astra,1.27,178.0,12,8,9,4,78.0,110.0,35.0,2.0,2.0,0.0,KRU,,5,FUR,,13,1,VCT Americas
108,3,Abyss,eeiu,FUR,Sova,1.06,183.0,13,10,6,3,89.0,120.0,50.0,1.0,1.0,0.0,KRU,,5,FUR,,13,1,VCT Americas
109,3,Abyss,nerve,FUR,Tejo,1.0,194.0,13,11,4,2,78.0,135.0,32.0,0.0,1.0,-1.0,KRU,,5,FUR,,13,1,VCT Americas
110,0,Bind,Cryocells,100T,Chamber,1.43,311.0,26,14,2,12,82.0,189.0,20.0,3.0,3.0,0.0,100T,,13,LEV,,9,1,VCT Americas
111,0,Bind,bang,100T,Viper,1.09,179.0,15,13,2,2,64.0,110.0,36.0,1.0,1.0,0.0,100T,,13,LEV,,9,1,VCT Americas
112,0,Bind,vora,100T,Skye,1.09,176.0,14,11,8,3,86.0,115.0,39.0,1.0,0.0,1.0,100T,,13,LEV,,9,1,VCT Americas
113,0,Bind,Asuna,100T,Brimstone,1.07,184.0,14,13,9,1,73.0,116.0,39.0,3.0,0.0,3.0,100T,,13,LEV,,9,1,VCT Americas
114,0,Bind,Timotino,100T,Waylay,0.83,192.0,13,17,7,-4,82.0,118.0,17.0,6.0,4.0,2.0,100T,,13,LEV,,9,1,VCT Americas
115,0,Bind,PxS,LEV,Viper,1.22,208.0,15,13,4,2,59.0,137.0,20.0,3.0,1.0,2.0,100T,,13,LEV,,9,0,VCT Americas
116,0,Bind,Sato,LEV,Yoru,0.94,185.0,15,16,3,-1,64.0,152.0,46.0,1.0,6.0,-5.0,100T,,13,LEV,,9,0,VCT Americas
117,0,Bind,kiNgg,LEV,Brimstone,0.88,182.0,15,17,7,-2,59.0,127.0,45.0,0.0,2.0,-2.0,100T,,13,LEV,,9,0,VCT Americas
118,0,Bind,blowz,LEV,Fade,0.66,108.0,10,16,5,-6,64.0,71.0,24.0,0.0,4.0,-4.0,100T,,13,LEV,,9,0,VCT Americas
119,0,Bind,spike,LEV,Waylay,0.6,175.0,13,20,1,-7,64.0,102.0,23.0,4.0,1.0,3.0,100T,,13,LEV,,9,0,VCT Americas
120,2,Pearl,Asuna,100T,Kayo,1.32,218.0,19,14,12,5,74.0,126.0,33.0,1.0,2.0,-1.0,100T,,10,LEV,,13,0,VCT Americas
121,2,Pearl,vora,100T,Fade,1.12,186.0,13,16,13,-3,70.0,120.0,33.0,3.0,1.0,2.0,100T,,10,LEV,,13,0,VCT Americas
122,2,Pearl,bang,100T,Astra,1.03,158.0,13,14,6,-1,74.0,96.0,26.0,1.0,1.0,0.0,100T,,10,LEV,,13,0,VCT Americas
123,2,Pearl,Timotino,100T,Waylay,0.81,240.0,17,21,6,-4,61.0,157.0,27.0,5.0,6.0,-1.0,100T,,10,LEV,,13,0,VCT Americas
124,2,Pearl,Cryocells,100T,Chamber,0.64,156.0,12,18,4,-6,57.0,100.0,35.0,1.0,2.0,-1.0,100T,,10,LEV,,13,0,VCT Americas
125,2,Pearl,kiNgg,LEV,Astra,1.12,188.0,16,11,9,5,70.0,118.0,29.0,0.0,2.0,-2.0,100T,,10,LEV,,13,1,VCT Americas
126,2,Pearl,spike,LEV,Kayo,1.08,209.0,17,17,18,0,78.0,112.0,21.0,3.0,1.0,2.0,100T,,10,LEV,,13,1,VCT Americas
127,2,Pearl,Sato,LEV,Waylay,1.07,253.0,20,17,9,3,70.0,170.0,38.0,5.0,6.0,-1.0,100T,,10,LEV,,13,1,VCT Americas
128,2,Pearl,PxS,LEV,Chamber,1.01,154.0,13,13,4,0,87.0,113.0,29.0,3.0,0.0,3.0,100T,,10,LEV,,13,1,VCT Americas
129,2,Pearl,blowz,LEV,Tejo,0.92,214.0,17,16,3,1,61.0,148.0,22.0,1.0,2.0,-1.0,100T,,10,LEV,,13,1,VCT Americas
130,3,Split,vora,100T,Skye,1.33,249.0,20,15,7,5,82.0,160.0,24.0,2.0,1.0,1.0,100T,,13,LEV,,9,1,VCT Americas
131,3,Split,bang,100T,Omen,1.1,220.0,16,15,10,1,77.0,136.0,30.0,1.0,0.0,1.0,100T,,13,LEV,,9,1,VCT Americas
132,3,Split,Timotino,100T,Waylay,1.03,243.0,19,16,2,3,68.0,163.0,17.0,7.0,3.0,4.0,100T,,13,LEV,,9,1,VCT Americas
133,3,Split,Cryocells,100T,Viper,0.81,181.0,14,17,3,-3,64.0,120.0,38.0,2.0,1.0,1.0,100T,,13,LEV,,9,1,VCT Americas
134,3,Split,Asuna,100T,Sage,0.76,138.0,11,16,11,-5,86.0,92.0,22.0,1.0,4.0,-3.0,100T,,13,LEV,,9,1,VCT Americas
135,3,Split,Sato,LEV,Yoru,1.43,285.0,24,14,2,10,68.0,179.0,34.0,3.0,4.0,-1.0,100T,,13,LEV,,9,0,VCT Americas
136,3,Split,PxS,LEV,Viper,1.11,241.0,18,18,8,0,73.0,168.0,25.0,0.0,1.0,-1.0,100T,,13,LEV,,9,0,VCT Americas
137,3,Split,kiNgg,LEV,Omen,0.99,222.0,16,17,6,-1,73.0,139.0,35.0,2.0,4.0,-2.0,100T,,13,LEV,,9,0,VCT Americas
138,3,Split,blowz,LEV,Fade,0.76,141.0,10,14,6,-4,91.0,104.0,17.0,0.0,1.0,-1.0,100T,,13,LEV,,9,0,VCT Americas
139,3,Split,spike,LEV,Waylay,0.7,149.0,11,17,5,-6,77.0,95.0,41.0,4.0,3.0,1.0,100T,,13,LEV,,9,0,VCT Americas
140,0,Pearl,brawk,NRG,Sova,2.02,340.0,21,6,2,15,87.0,202.0,20.0,0.0,1.0,-1.0,NRG,,13,C9,,2,1,VCT Americas
141,0,Pearl,keiko,NRG,Killjoy,1.45,227.0,13,7,5,6,87.0,128.0,22.0,5.0,0.0,5.0,NRG,,13,C9,,2,1,VCT Americas
142,0,Pearl,mada,NRG,Waylay,1.25,225.0,13,8,4,5,80.0,150.0,32.0,4.0,1.0,3.0,NRG,,13,C9,,2,1,VCT Americas
143,0,Pearl,Ethan,NRG,Tejo,1.12,226.0,12,10,2,2,93.0,159.0,20.0,2.0,0.0,2.0,NRG,,13,C9,,2,1,VCT Americas
144,0,Pearl,skuba,NRG,Astra,0.72,109.0,6,8,3,-2,87.0,73.0,15.0,1.0,1.0,0.0,NRG,,13,C9,,2,1,VCT Americas
145,0,Pearl,Xeppaa,C9,Tejo,1.3,353.0,17,14,3,3,67.0,220.0,25.0,1.0,2.0,-1.0,NRG,,13,C9,,2,0,VCT Americas
146,0,Pearl,v1c,C9,Astra,0.71,165.0,8,14,6,-6,47.0,103.0,23.0,0.0,2.0,-2.0,NRG,,13,C9,,2,0,VCT Americas
147,0,Pearl,penny,C9,Chamber,0.64,108.0,6,11,3,-5,80.0,73.0,6.0,0.0,1.0,-1.0,NRG,,13,C9,,2,0,VCT Americas
148,0,Pearl,Zellsis,C9,Kayo,0.56,132.0,6,12,6,-6,60.0,86.0,19.0,1.0,1.0,0.0,NRG,,13,C9,,2,0,VCT Americas
149,0,Pearl,OXY,C9,Neon,0.01,36.0,2,14,0,-12,33.0,26.0,50.0,1.0,6.0,-5.0,NRG,,13,C9,,2,0,VCT Americas
150,2,Breeze,keiko,NRG,Neon,1.38,266.0,23,14,4,9,77.0,162.0,22.0,2.0,3.0,-1.0,NRG,,13,C9,,9,1,VCT Americas
151,2,Breeze,skuba,NRG,Viper,1.22,211.0,17,13,4,4,73.0,135.0,33.0,1.0,1.0,0.0,NRG,,13,C9,,9,1,VCT Americas
152,2,Breeze,mada,NRG,Yoru,0.99,158.0,13,12,5,1,64.0,97.0,31.0,3.0,5.0,-2.0,NRG,,13,C9,,9,1,VCT Americas
153,2,Breeze,brawk,NRG,Sova,0.94,182.0,13,15,7,-2,77.0,118.0,16.0,3.0,1.0,2.0,NRG,,13,C9,,9,1,VCT Americas
154,2,Breeze,Ethan,NRG,Astra,0.87,150.0,11,15,8,-4,77.0,99.0,23.0,1.0,2.0,-1.0,NRG,,13,C9,,9,1,VCT Americas
155,2,Breeze,v1c,C9,Viper,1.08,197.0,15,12,1,3,59.0,128.0,33.0,1.0,1.0,0.0,NRG,,13,C9,,9,0,VCT Americas
156,2,Breeze,OXY,C9,Neon,1.07,274.0,22,18,7,4,73.0,165.0,29.0,5.0,7.0,-2.0,NRG,,13,C9,,9,0,VCT Americas
157,2,Breeze,penny,C9,Yoru,1.05,231.0,18,15,2,3,64.0,152.0,24.0,3.0,1.0,2.0,NRG,,13,C9,,9,0,VCT Americas
158,2,Breeze,Xeppaa,C9,Sova,0.75,121.0,10,15,2,-5,73.0,77.0,32.0,3.0,1.0,2.0,NRG,,13,C9,,9,0,VCT Americas
159,2,Breeze,Zellsis,C9,Breach,0.37,58.0,4,17,7,-13,55.0,40.0,25.0,0.0,0.0,0.0,NRG,,13,C9,,9,0,VCT Americas
160,0,Abyss,aspas,MIBR,Jett,1.66,272.0,20,8,3,12,95.0,169.0,24.0,2.0,3.0,-1.0,MIBR,,13,ENVY,,7,1,VCT Americas
161,0,Abyss,Mazino,MIBR,Kayo,1.39,284.0,19,13,11,6,90.0,186.0,32.0,4.0,3.0,1.0,MIBR,,13,ENVY,,7,1,VCT Americas
162,0,Abyss,Verno,MIBR,Sova,1.29,243.0,18,12,7,6,85.0,158.0,21.0,3.0,0.0,3.0,MIBR,,13,ENVY,,7,1,VCT Americas
163,0,Abyss,tex,MIBR,Cypher,0.95,180.0,14,13,7,1,85.0,103.0,19.0,2.0,2.0,0.0,MIBR,,13,ENVY,,7,1,VCT Americas
164,0,Abyss,zekken,MIBR,Astra,0.9,124.0,9,11,11,-2,65.0,82.0,43.0,1.0,0.0,1.0,MIBR,,13,ENVY,,7,1,VCT Americas
165,0,Abyss,Rossy,ENVY,Omen,1.32,250.0,17,13,4,4,70.0,143.0,30.0,1.0,0.0,1.0,MIBR,,13,ENVY,,7,0,VCT Americas
166,0,Abyss,P0PPIN,ENVY,Sova,0.82,185.0,13,16,3,-3,50.0,124.0,34.0,4.0,1.0,3.0,MIBR,,13,ENVY,,7,0,VCT Americas
167,0,Abyss,Inspire,ENVY,Viper,0.81,182.0,11,16,0,-5,45.0,128.0,34.0,1.0,1.0,0.0,MIBR,,13,ENVY,,7,0,VCT Americas
168,0,Abyss,keznit,ENVY,Iso,0.55,160.0,11,18,5,-7,70.0,92.0,29.0,1.0,1.0,0.0,MIBR,,13,ENVY,,7,0,VCT Americas
169,0,Abyss,Eggsterr,ENVY,Yoru,0.24,86.0,5,17,3,-12,55.0,56.0,20.0,1.0,9.0,-8.0,MIBR,,13,ENVY,,7,0,VCT Americas
170,2,Corrode,Verno,MIBR,Sova,1.41,245.0,21,14,6,7,92.0,173.0,43.0,4.0,0.0,4.0,MIBR,,13,ENVY,,11,1,VCT Americas
171,2,Corrode,aspas,MIBR,Waylay,1.31,270.0,24,15,5,9,71.0,189.0,40.0,5.0,2.0,3.0,MIBR,,13,ENVY,,11,1,VCT Americas
172,2,Corrode,tex,MIBR,Viper,1.19,258.0,21,17,9,4,88.0,163.0,31.0,3.0,6.0,-3.0,MIBR,,13,ENVY,,11,1,VCT Americas
173,2,Corrode,zekken,MIBR,Omen,0.98,185.0,15,16,14,-1,79.0,122.0,24.0,0.0,1.0,-1.0,MIBR,,13,ENVY,,11,1,VCT Americas
174,2,Corrode,Mazino,MIBR,Kayo,0.92,183.0,17,20,14,-3,83.0,111.0,26.0,1.0,2.0,-1.0,MIBR,,13,ENVY,,11,1,VCT Americas
175,2,Corrode,keznit,ENVY,Waylay,1.17,284.0,23,19,7,4,63.0,193.0,25.0,2.0,2.0,0.0,MIBR,,13,ENVY,,11,0,VCT Americas
176,2,Corrode,Inspire,ENVY,Viper,1.03,171.0,16,17,5,-1,75.0,126.0,50.0,2.0,3.0,-1.0,MIBR,,13,ENVY,,11,0,VCT Americas
177,2,Corrode,Rossy,ENVY,Omen,0.78,170.0,14,20,11,-6,63.0,115.0,32.0,1.0,3.0,-2.0,MIBR,,13,ENVY,,11,0,VCT Americas
178,2,Corrode,Eggsterr,ENVY,Yoru,0.68,191.0,16,23,7,-7,71.0,132.0,24.0,5.0,1.0,4.0,MIBR,,13,ENVY,,11,0,VCT Americas
179,2,Corrode,P0PPIN,ENVY,Fade,0.59,156.0,13,19,7,-6,58.0,106.0,37.0,1.0,4.0,-3.0,MIBR,,13,ENVY,,11,0,VCT Americas
180,0,Split,johnqt,SEN,Omen,1.04,205.0,12,15,4,-3,72.0,144.0,30.0,1.0,3.0,-2.0,SEN,,5,FUR,,13,0,VCT Americas
181,0,Split,cortezia,SEN,Viper,0.89,206.0,12,14,7,-2,72.0,158.0,27.0,1.0,2.0,-1.0,SEN,,5,FUR,,13,0,VCT Americas
182,0,Split,Reduxx,SEN,Yoru,0.8,157.0,9,16,5,-7,61.0,100.0,35.0,3.0,2.0,1.0,SEN,,5,FUR,,13,0,VCT Americas
183,0,Split,Kyu,SEN,Tejo,0.74,153.0,10,15,2,-5,56.0,103.0,21.0,0.0,2.0,-2.0,SEN,,5,FUR,,13,0,VCT Americas
184,0,Split,N4RRATE,SEN,Waylay,0.52,155.0,10,16,2,-6,67.0,93.0,18.0,0.0,4.0,-4.0,SEN,,5,FUR,,13,0,VCT Americas
185,0,Split,koalanoob,FUR,Yoru,1.64,274.0,19,8,2,11,78.0,184.0,24.0,4.0,2.0,2.0,SEN,,5,FUR,,13,1,VCT Americas
186,0,Split,eeiu,FUR,Fade,1.23,232.0,16,11,7,5,83.0,165.0,26.0,3.0,0.0,3.0,SEN,,5,FUR,,13,1,VCT Americas
187,0,Split,artzin,FUR,Omen,1.19,224.0,17,11,7,6,89.0,140.0,31.0,1.0,2.0,-1.0,SEN,,5,FUR,,13,1,VCT Americas
188,0,Split,nerve,FUR,Viper,1.09,206.0,13,9,9,4,94.0,136.0,18.0,1.0,1.0,0.0,SEN,,5,FUR,,13,1,VCT Americas
189,0,Split,alym,FUR,Waylay,0.77,178.0,11,14,6,-3,94.0,117.0,30.0,4.0,0.0,4.0,SEN,,5,FUR,,13,1,VCT Americas
190,2,Breeze,johnqt,SEN,Astra,1.75,253.0,25,8,5,17,92.0,170.0,39.0,0.0,0.0,0.0,SEN,,11,FUR,,13,0,VCT Americas
191,2,Breeze,N4RRATE,SEN,Neon,0.98,210.0,19,17,2,2,54.0,145.0,40.0,3.0,6.0,-3.0,SEN,,11,FUR,,13,0,VCT Americas
192,2,Breeze,Kyu,SEN,Skye,0.95,197.0,15,18,8,-3,63.0,136.0,27.0,1.0,2.0,-1.0,SEN,,11,FUR,,13,0,VCT Americas
193,2,Breeze,cortezia,SEN,Viper,0.72,163.0,13,17,3,-4,63.0,113.0,50.0,4.0,0.0,4.0,SEN,,11,FUR,,13,0,VCT Americas
194,2,Breeze,Reduxx,SEN,Yoru,0.4,100.0,6,18,4,-12,58.0,72.0,35.0,3.0,5.0,-2.0,SEN,,11,FUR,,13,0,VCT Americas
195,2,Breeze,koalanoob,FUR,Jett,1.23,237.0,19,18,5,1,79.0,145.0,22.0,4.0,5.0,-1.0,SEN,,11,FUR,,13,1,VCT Americas
196,2,Breeze,artzin,FUR,Astra,1.14,195.0,18,14,6,4,63.0,121.0,27.0,1.0,2.0,-1.0,SEN,,11,FUR,,13,1,VCT Americas
197,2,Breeze,alym,FUR,Yoru,0.96,200.0,17,16,6,1,71.0,115.0,28.0,5.0,4.0,1.0,SEN,,11,FUR,,13,1,VCT Americas
198,2,Breeze,nerve,FUR,Viper,0.91,182.0,12,15,9,-3,79.0,129.0,13.0,2.0,0.0,2.0,SEN,,11,FUR,,13,1,VCT Americas
199,2,Breeze,eeiu,FUR,Sova,0.83,134.0,12,15,4,-3,75.0,99.0,36.0,1.0,0.0,1.0,SEN,,11,FUR,,13,1,VCT Americas
200,0,Breeze,pANcada,LOUD,Astra,1.12,189.0,16,15,10,1,71.0,138.0,21.0,1.0,0.0,1.0,LOUD,,13,100T,,11,1,VCT Americas
201,0,Breeze,Virtyy,LOUD,Jett,1.09,234.0,23,18,1,5,71.0,141.0,22.0,2.0,4.0,-2.0,LOUD,,13,100T,,11,1,VCT Americas
202,0,Breeze,Darker,LOUD,Kayo,1.06,187.0,16,16,5,0,75.0,128.0,18.0,2.0,3.0,-1.0,LOUD,,13,100T,,11,1,VCT Americas
203,0,Breeze,lukxo,LOUD,Viper,1.04,181.0,16,16,5,0,75.0,126.0,34.0,2.0,7.0,-5.0,LOUD,,13,100T,,11,1,VCT Americas
204,0,Breeze,cauanzin,LOUD,Sova,0.92,205.0,18,17,6,1,71.0,132.0,20.0,2.0,1.0,1.0,LOUD,,13,100T,,11,1,VCT Americas
205,0,Breeze,Cryocells,100T,Astra,1.13,218.0,20,17,2,3,63.0,149.0,46.0,3.0,0.0,3.0,LOUD,,13,100T,,11,0,VCT Americas
206,0,Breeze,Timotino,100T,Jett,0.97,246.0,21,21,2,0,67.0,165.0,31.0,5.0,6.0,-1.0,LOUD,,13,100T,,11,0,VCT Americas
207,0,Breeze,vora,100T,Sova,0.94,182.0,16,17,6,-1,71.0,119.0,23.0,4.0,0.0,4.0,LOUD,,13,100T,,11,0,VCT Americas
208,0,Breeze,bang,100T,Viper,0.86,192.0,15,18,7,-3,67.0,138.0,36.0,0.0,0.0,0.0,LOUD,,13,100T,,11,0,VCT Americas
209,0,Breeze,Asuna,100T,Kayo,0.83,139.0,10,16,16,-6,71.0,84.0,23.0,3.0,3.0,0.0,LOUD,,13,100T,,11,0,VCT Americas
210,2,Bind,lukxo,LOUD,Viper,1.22,257.0,17,13,5,4,74.0,162.0,26.0,4.0,1.0,3.0,LOUD,,6,100T,,13,0,VCT Americas
211,2,Bind,Virtyy,LOUD,Yoru,0.88,172.0,12,14,7,-2,68.0,115.0,22.0,2.0,2.0,0.0,LOUD,,6,100T,,13,0,VCT Americas
212,2,Bind,cauanzin,LOUD,Fade,0.73,137.0,9,14,4,-5,68.0,77.0,22.0,1.0,1.0,0.0,LOUD,,6,100T,,13,0,VCT Americas
213,2,Bind,pANcada,LOUD,Brimstone,0.72,163.0,9,17,8,-8,68.0,125.0,37.0,2.0,0.0,2.0,LOUD,,6,100T,,13,0,VCT Americas
214,2,Bind,Darker,LOUD,Tejo,0.54,157.0,10,17,3,-7,53.0,104.0,29.0,3.0,3.0,0.0,LOUD,,6,100T,,13,0,VCT Americas
215,2,Bind,bang,100T,Viper,1.34,222.0,15,9,3,6,79.0,162.0,55.0,0.0,3.0,-3.0,LOUD,,6,100T,,13,1,VCT Americas
216,2,Bind,Timotino,100T,Waylay,1.34,236.0,17,11,3,6,74.0,154.0,29.0,3.0,3.0,0.0,LOUD,,6,100T,,13,1,VCT Americas
217,2,Bind,Cryocells,100T,Chamber,1.31,237.0,17,10,3,7,84.0,143.0,21.0,4.0,1.0,3.0,LOUD,,6,100T,,13,1,VCT Americas
218,2,Bind,vora,100T,Skye,0.98,218.0,15,15,11,0,74.0,129.0,33.0,0.0,3.0,-3.0,LOUD,,6,100T,,13,1,VCT Americas
219,2,Bind,Asuna,100T,Brimstone,0.93,156.0,11,12,6,-1,68.0,122.0,15.0,0.0,2.0,-2.0,LOUD,,6,100T,,13,1,VCT Americas
220,3,Pearl,lukxo,LOUD,Killjoy,0.9,201.0,12,12,1,0,53.0,125.0,31.0,0.0,3.0,-3.0,LOUD,,2,100T,,13,0,VCT Americas
221,3,Pearl,pANcada,LOUD,Astra,0.85,156.0,8,11,3,-3,80.0,111.0,43.0,0.0,1.0,-1.0,LOUD,,2,100T,,13,0,VCT Americas
222,3,Pearl,Virtyy,LOUD,Yoru,0.66,163.0,8,13,3,-5,60.0,92.0,15.0,1.0,4.0,-3.0,LOUD,,2,100T,,13,0,VCT Americas
223,3,Pearl,cauanzin,LOUD,Fade,0.4,102.0,5,14,4,-9,60.0,62.0,21.0,1.0,4.0,-3.0,LOUD,,2,100T,,13,0,VCT Americas
224,3,Pearl,Darker,LOUD,Tejo,0.32,71.0,3,13,3,-10,67.0,55.0,6.0,1.0,0.0,1.0,LOUD,,2,100T,,13,0,VCT Americas
225,3,Pearl,bang,100T,Astra,1.82,245.0,14,4,13,10,93.0,143.0,39.0,2.0,0.0,2.0,LOUD,,2,100T,,13,1,VCT Americas
226,3,Pearl,Asuna,100T,Kayo,1.46,235.0,13,7,6,6,87.0,147.0,22.0,2.0,0.0,2.0,LOUD,,2,100T,,13,1,VCT Americas
227,3,Pearl,Timotino,100T,Waylay,1.34,291.0,16,9,4,7,93.0,206.0,40.0,2.0,1.0,1.0,LOUD,,2,100T,,13,1,VCT Americas
228,3,Pearl,Cryocells,100T,Chamber,1.21,197.0,11,7,0,4,73.0,148.0,25.0,5.0,2.0,3.0,LOUD,,2,100T,,13,1,VCT Americas
229,3,Pearl,vora,100T,Fade,1.03,182.0,9,9,5,0,67.0,126.0,26.0,1.0,0.0,1.0,LOUD,,2,100T,,13,1,VCT Americas
230,0,Abyss,bao,EG,Veto,1.04,217.0,18,15,1,3,81.0,130.0,31.0,1.0,4.0,-3.0,EG,,8,SEN,,13,0,VCT Americas
231,0,Abyss,Okeanos,EG,Breach,0.8,142.0,12,16,5,-4,62.0,102.0,50.0,0.0,1.0,-1.0,EG,,8,SEN,,13,0,VCT Americas
232,0,Abyss,C0M,EG,Sova,0.73,161.0,9,16,6,-7,71.0,107.0,25.0,1.0,0.0,1.0,EG,,8,SEN,,13,0,VCT Americas
233,0,Abyss,dgzin,EG,Yoru,0.61,155.0,12,17,3,-5,86.0,88.0,33.0,4.0,4.0,0.0,EG,,8,SEN,,13,0,VCT Americas
234,0,Abyss,supamen,EG,Astra,0.27,64.0,4,18,7,-14,62.0,46.0,29.0,0.0,4.0,-4.0,EG,,8,SEN,,13,0,VCT Americas
235,0,Abyss,johnqt,SEN,Tejo,1.76,295.0,24,9,1,15,90.0,195.0,43.0,1.0,0.0,1.0,EG,,8,SEN,,13,1,VCT Americas
236,0,Abyss,Reduxx,SEN,Yoru,1.23,229.0,18,12,5,6,76.0,158.0,58.0,4.0,1.0,3.0,EG,,8,SEN,,13,1,VCT Americas
237,0,Abyss,Kyu,SEN,Breach,0.99,138.0,12,11,6,1,76.0,76.0,15.0,1.0,0.0,1.0,EG,,8,SEN,,13,1,VCT Americas
238,0,Abyss,N4RRATE,SEN,Waylay,0.92,201.0,13,15,6,-2,86.0,144.0,26.0,4.0,2.0,2.0,EG,,8,SEN,,13,1,VCT Americas
239,0,Abyss,cortezia,SEN,Astra,0.81,122.0,9,13,5,-4,71.0,90.0,38.0,3.0,3.0,0.0,EG,,8,SEN,,13,1,VCT Americas
240,2,Pearl,bao,EG,Killjoy,1.09,238.0,19,19,5,0,75.0,172.0,24.0,4.0,1.0,3.0,EG,,11,SEN,,13,0,VCT Americas
241,2,Pearl,dgzin,EG,Waylay,1.09,201.0,19,16,4,3,71.0,130.0,20.0,4.0,2.0,2.0,EG,,11,SEN,,13,0,VCT Americas
242,2,Pearl,supamen,EG,Astra,1.05,150.0,13,14,7,-1,71.0,91.0,45.0,1.0,1.0,0.0,EG,,11,SEN,,13,0,VCT Americas
243,2,Pearl,C0M,EG,Sova,0.93,134.0,12,14,4,-2,63.0,99.0,22.0,0.0,3.0,-3.0,EG,,11,SEN,,13,0,VCT Americas
244,2,Pearl,Okeanos,EG,Yoru,0.67,164.0,14,18,3,-4,58.0,114.0,24.0,4.0,4.0,0.0,EG,,11,SEN,,13,0,VCT Americas
245,2,Pearl,johnqt,SEN,Astra,1.25,215.0,22,13,9,9,92.0,129.0,25.0,2.0,0.0,2.0,EG,,11,SEN,,13,1,VCT Americas
246,2,Pearl,Reduxx,SEN,Yoru,1.18,242.0,20,16,6,4,71.0,149.0,27.0,7.0,3.0,4.0,EG,,11,SEN,,13,1,VCT Americas
247,2,Pearl,Kyu,SEN,Sova,1.05,221.0,17,15,9,2,88.0,147.0,24.0,2.0,3.0,-1.0,EG,,11,SEN,,13,1,VCT Americas
248,2,Pearl,cortezia,SEN,Killjoy,0.86,153.0,11,15,6,-4,63.0,124.0,31.0,0.0,4.0,-4.0,EG,,11,SEN,,13,1,VCT Americas
249,2,Pearl,N4RRATE,SEN,Waylay,0.63,140.0,11,18,6,-7,63.0,100.0,20.0,0.0,3.0,-3.0,EG,,11,SEN,,13,1,VCT Americas
250,0,Abyss,infiltrator,KRÜ,Yoru,1.41,305.0,25,15,3,10,86.0,187.0,32.0,3.0,1.0,2.0,KRU,,13,ENVY,,9,0,VCT Americas
251,0,Abyss,NagZ,KRÜ,Brimstone,1.28,179.0,15,11,16,4,86.0,112.0,24.0,0.0,2.0,-2.0,KRU,,13,ENVY,,9,0,VCT Americas
252,0,Abyss,mta,KRÜ,Waylay,1.22,235.0,19,14,4,5,91.0,145.0,39.0,4.0,0.0,4.0,KRU,,13,ENVY,,9,0,VCT Americas
253,0,Abyss,benG,KRÜ,Astra,1.02,184.0,13,13,6,0,68.0,103.0,30.0,6.0,0.0,6.0,KRU,,13,ENVY,,9,0,VCT Americas
254,0,Abyss,Governor,KRÜ,Sova,0.58,143.0,10,17,10,-7,77.0,99.0,27.0,2.0,4.0,-2.0,KRU,,13,ENVY,,9,0,VCT Americas
255,0,Abyss,P0PPIN,ENVY,Sova,1.05,221.0,17,18,2,-1,68.0,141.0,26.0,1.0,2.0,-1.0,KRU,,13,ENVY,,9,0,VCT Americas
256,0,Abyss,Inspire,ENVY,Astra,0.94,169.0,13,16,9,-3,64.0,100.0,24.0,1.0,3.0,-2.0,KRU,,13,ENVY,,9,0,VCT Americas
257,0,Abyss,keznit,ENVY,Waylay,0.88,162.0,13,15,4,-2,64.0,115.0,30.0,2.0,4.0,-2.0,KRU,,13,ENVY,,9,0,VCT Americas
258,0,Abyss,Rossy,ENVY,Viper,0.85,158.0,14,14,1,0,68.0,95.0,26.0,1.0,2.0,-1.0,KRU,,13,ENVY,,9,0,VCT Americas
259,0,Abyss,Eggsterr,ENVY,Yoru,0.48,153.0,10,19,5,-9,59.0,97.0,25.0,2.0,4.0,-2.0,KRU,,13,ENVY,,9,0,VCT Americas
260,2,Pearl,mta,KRÜ,Yoru,1.08,250.0,17,15,3,2,61.0,139.0,37.0,2.0,2.0,0.0,KRU,,5,ENVY,,13,0,VCT Americas
261,2,Pearl,benG,KRÜ,Astra,0.89,183.0,11,16,4,-5,67.0,116.0,29.0,2.0,0.0,2.0,KRU,,5,ENVY,,13,0,VCT Americas
262,2,Pearl,NagZ,KRÜ,Killjoy,0.88,168.0,9,14,5,-5,67.0,137.0,36.0,1.0,1.0,0.0,KRU,,5,ENVY,,13,0,VCT Americas
263,2,Pearl,Governor,KRÜ,Fade,0.54,130.0,9,16,4,-7,56.0,76.0,10.0,2.0,3.0,-1.0,KRU,,5,ENVY,,13,0,VCT Americas
264,2,Pearl,infiltrator,KRÜ,Neon,0.36,118.0,5,17,4,-12,50.0,82.0,13.0,1.0,4.0,-3.0,KRU,,5,ENVY,,13,0,VCT Americas
265,2,Pearl,Rossy,ENVY,Astra,1.52,241.0,16,9,13,7,83.0,170.0,23.0,2.0,1.0,1.0,KRU,,5,ENVY,,13,1,VCT Americas
266,2,Pearl,Eggsterr,ENVY,Yoru,1.4,244.0,16,8,6,8,89.0,135.0,41.0,4.0,1.0,3.0,KRU,,5,ENVY,,13,1,VCT Americas
267,2,Pearl,P0PPIN,ENVY,Sova,1.31,292.0,18,13,10,5,94.0,184.0,24.0,2.0,1.0,1.0,KRU,,5,ENVY,,13,1,VCT Americas
268,2,Pearl,Inspire,ENVY,Killjoy,1.09,135.0,10,7,3,3,78.0,96.0,20.0,0.0,1.0,-1.0,KRU,,5,ENVY,,13,1,VCT Americas
269,2,Pearl,keznit,ENVY,Neon,1.03,266.0,18,14,3,4,83.0,183.0,24.0,2.0,4.0,-2.0,KRU,,5,ENVY,,13,1,VCT Americas
270,3,Breeze,benG,KRÜ,Astra,1.08,199.0,16,16,4,0,73.0,124.0,37.0,2.0,1.0,1.0,KRU,,9,ENVY,,13,0,VCT Americas
271,3,Breeze,Governor,KRÜ,Sova,0.94,203.0,15,18,5,-3,77.0,127.0,12.0,1.0,2.0,-1.0,KRU,,9,ENVY,,13,0,VCT Americas
272,3,Breeze,infiltrator,KRÜ,Neon,0.77,230.0,17,20,6,-3,73.0,137.0,32.0,4.0,4.0,0.0,KRU,,9,ENVY,,13,0,VCT Americas
273,3,Breeze,mta,KRÜ,Yoru,0.77,179.0,15,17,1,-2,64.0,108.0,17.0,2.0,2.0,0.0,KRU,,9,ENVY,,13,0,VCT Americas
274,3,Breeze,NagZ,KRÜ,Viper,0.56,93.0,7,16,4,-9,64.0,66.0,29.0,1.0,3.0,-2.0,KRU,,9,ENVY,,13,0,VCT Americas
275,3,Breeze,Inspire,ENVY,Astra,1.57,296.0,24,12,6,12,82.0,187.0,40.0,0.0,0.0,0.0,KRU,,9,ENVY,,13,1,VCT Americas
276,3,Breeze,keznit,ENVY,Jett,1.29,286.0,22,16,2,6,73.0,174.0,43.0,8.0,4.0,4.0,KRU,,9,ENVY,,13,1,VCT Americas
277,3,Breeze,Rossy,ENVY,Viper,1.02,197.0,16,13,2,3,73.0,133.0,33.0,1.0,3.0,-2.0,KRU,,9,ENVY,,13,1,VCT Americas
278,3,Breeze,Eggsterr,ENVY,Yoru,0.83,128.0,11,13,5,-2,68.0,91.0,27.0,1.0,2.0,-1.0,KRU,,9,ENVY,,13,1,VCT Americas
279,3,Breeze,P0PPIN,ENVY,Sova,0.76,176.0,14,16,5,-2,86.0,109.0,52.0,2.0,1.0,1.0,KRU,,9,ENVY,,13,1,VCT Americas
280,0,Pearl,PxS,LEV,Chamber,1.06,164.0,11,10,0,1,56.0,96.0,21.0,3.0,2.0,1.0,LEV,,3,C9,,13,0,VCT Americas
281,0,Pearl,blowz,LEV,Tejo,0.86,183.0,10,13,4,-3,81.0,119.0,28.0,0.0,0.0,0.0,LEV,,3,C9,,13,0,VCT Americas
282,0,Pearl,Sato,LEV,Waylay,0.67,160.0,8,12,3,-4,63.0,122.0,31.0,2.0,5.0,-3.0,LEV,,3,C9,,13,0,VCT Americas
283,0,Pearl,spike,LEV,Kayo,0.6,138.0,7,13,9,-6,69.0,82.0,22.0,1.0,1.0,0.0,LEV,,3,C9,,13,0,VCT Americas
284,0,Pearl,kiNgg,LEV,Astra,0.36,88.0,4,14,5,-10,50.0,50.0,40.0,0.0,2.0,-2.0,LEV,,3,C9,,13,0,VCT Americas
285,0,Pearl,Xeppaa,C9,Tejo,1.79,286.0,19,6,3,13,88.0,174.0,19.0,0.0,0.0,0.0,LEV,,3,C9,,13,1,VCT Americas
286,0,Pearl,Demon1,C9,Chamber,1.43,284.0,17,9,3,8,88.0,188.0,41.0,5.0,1.0,4.0,LEV,,3,C9,,13,1,VCT Americas
287,0,Pearl,v1c,C9,Astra,1.07,138.0,7,7,3,0,81.0,83.0,28.0,1.0,1.0,0.0,LEV,,3,C9,,13,1,VCT Americas
288,0,Pearl,Zellsis,C9,Kayo,1.03,159.0,8,8,19,0,75.0,97.0,28.0,1.0,0.0,1.0,LEV,,3,C9,,13,1,VCT Americas
289,0,Pearl,penny,C9,Neon,0.98,209.0,11,10,4,1,56.0,130.0,28.0,3.0,4.0,-1.0,LEV,,3,C9,,13,1,VCT Americas
290,2,Split,blowz,LEV,Fade,1.22,250.0,18,15,2,3,71.0,160.0,24.0,1.0,1.0,0.0,LEV,,8,C9,,13,0,VCT Americas
291,2,Split,kiNgg,LEV,Omen,1.02,185.0,14,15,4,-1,71.0,117.0,23.0,3.0,1.0,2.0,LEV,,8,C9,,13,0,VCT Americas
292,2,Split,Sato,LEV,Yoru,0.82,218.0,15,17,6,-2,76.0,142.0,42.0,4.0,3.0,1.0,LEV,,8,C9,,13,0,VCT Americas
293,2,Split,PxS,LEV,Viper,0.62,96.0,7,11,4,-4,57.0,61.0,19.0,0.0,2.0,-2.0,LEV,,8,C9,,13,0,VCT Americas
294,2,Split,spike,LEV,Waylay,0.18,92.0,6,19,2,-13,29.0,63.0,17.0,2.0,4.0,-2.0,LEV,,8,C9,,13,0,VCT Americas
295,2,Split,Xeppaa,C9,Skye,1.48,223.0,17,9,11,8,90.0,158.0,35.0,0.0,2.0,-2.0,LEV,,8,C9,,13,1,VCT Americas
296,2,Split,Zellsis,C9,Viper,1.38,224.0,18,11,10,7,86.0,120.0,15.0,4.0,1.0,3.0,LEV,,8,C9,,13,1,VCT Americas
297,2,Split,Demon1,C9,Chamber,1.26,244.0,18,13,2,5,67.0,160.0,55.0,4.0,2.0,2.0,LEV,,8,C9,,13,1,VCT Americas
298,2,Split,penny,C9,Raze,1.01,211.0,17,15,3,2,67.0,127.0,22.0,2.0,3.0,-1.0,LEV,,8,C9,,13,1,VCT Americas
299,2,Split,v1c,C9,Omen,0.67,112.0,7,12,11,-5,81.0,82.0,15.0,1.0,2.0,-1.0,LEV,,8,C9,,13,1,VCT Americas
300,0,Corrode,Timotino,100T,Waylay,1.37,288.0,24,18,7,6,75.0,198.0,50.0,5.0,3.0,2.0,100T,,13,SEN,,11,1,VCT Americas
301,0,Corrode,bang,100T,Omen,1.12,187.0,16,15,6,1,79.0,116.0,48.0,2.0,2.0,0.0,100T,,13,SEN,,11,1,VCT Americas
302,0,Corrode,Cryocells,100T,Veto,1.02,202.0,21,17,0,4,67.0,126.0,45.0,3.0,4.0,-1.0,100T,,13,SEN,,11,1,VCT Americas
303,0,Corrode,Asuna,100T,Sage,0.92,154.0,12,14,12,-2,67.0,96.0,20.0,1.0,2.0,-1.0,100T,,13,SEN,,11,1,VCT Americas
304,0,Corrode,vora,100T,Fade,0.84,177.0,14,16,9,-2,83.0,130.0,26.0,0.0,2.0,-2.0,100T,,13,SEN,,11,1,VCT Americas
305,0,Corrode,johnqt,SEN,Tejo,1.73,327.0,30,15,4,15,75.0,205.0,27.0,3.0,0.0,3.0,100T,,13,SEN,,11,0,VCT Americas
306,0,Corrode,Kyu,SEN,Fade,1.02,196.0,16,16,7,0,63.0,124.0,15.0,2.0,2.0,0.0,100T,,13,SEN,,11,0,VCT Americas
307,0,Corrode,cortezia,SEN,Viper,0.96,213.0,16,17,6,-1,71.0,163.0,27.0,2.0,1.0,1.0,100T,,13,SEN,,11,0,VCT Americas
308,0,Corrode,N4RRATE,SEN,Waylay,0.61,133.0,9,19,10,-10,67.0,95.0,16.0,1.0,2.0,-1.0,100T,,13,SEN,,11,0,VCT Americas
309,0,Corrode,Reduxx,SEN,Omen,0.49,123.0,9,20,9,-11,54.0,79.0,37.0,5.0,6.0,-1.0,100T,,13,SEN,,11,0,VCT Americas
310,2,Split,Timotino,100T,Waylay,1.18,275.0,29,24,5,5,67.0,180.0,28.0,8.0,6.0,2.0,100T,,16,SEN,,14,1,VCT Americas
311,2,Split,Cryocells,100T,Viper,1.17,223.0,24,19,6,5,77.0,139.0,24.0,4.0,3.0,1.0,100T,,16,SEN,,14,1,VCT Americas
312,2,Split,bang,100T,Omen,1.1,181.0,20,19,9,1,73.0,123.0,42.0,2.0,2.0,0.0,100T,,16,SEN,,14,1,VCT Americas
313,2,Split,vora,100T,Skye,1.07,196.0,19,20,14,-1,83.0,125.0,35.0,1.0,1.0,0.0,100T,,16,SEN,,14,1,VCT Americas
314,2,Split,Asuna,100T,Sage,0.74,156.0,16,22,8,-6,73.0,97.0,26.0,0.0,3.0,-3.0,100T,,16,SEN,,14,1,VCT Americas
315,2,Split,Reduxx,SEN,Yoru,1.35,294.0,34,22,6,12,77.0,196.0,32.0,6.0,5.0,1.0,100T,,16,SEN,,14,0,VCT Americas
316,2,Split,johnqt,SEN,Omen,1.33,220.0,22,17,14,5,80.0,153.0,29.0,1.0,2.0,-1.0,100T,,16,SEN,,14,0,VCT Americas
317,2,Split,cortezia,SEN,Viper,0.84,200.0,19,19,6,0,77.0,125.0,20.0,2.0,1.0,1.0,100T,,16,SEN,,14,0,VCT Americas
318,2,Split,Kyu,SEN,Fade,0.63,143.0,14,24,7,-10,67.0,94.0,15.0,1.0,2.0,-1.0,100T,,16,SEN,,14,0,VCT Americas
319,2,Split,N4RRATE,SEN,Waylay,0.6,162.0,15,26,10,-11,73.0,107.0,15.0,5.0,5.0,0.0,100T,,16,SEN,,14,0,VCT Americas
320,0,Pearl,Inspire,ENVY,Killjoy,1.29,226.0,27,23,11,4,63.0,170.0,27.0,3.0,4.0,-1.0,ENVY,,18,C9,,20,0,VCT Americas
321,0,Pearl,P0PPIN,ENVY,Sova,1.09,237.0,31,28,11,3,76.0,152.0,35.0,8.0,3.0,5.0,ENVY,,18,C9,,20,0,VCT Americas
322,0,Pearl,Rossy,ENVY,Astra,1.02,163.0,23,23,17,0,68.0,97.0,16.0,1.0,1.0,0.0,ENVY,,18,C9,,20,0,VCT Americas
323,0,Pearl,keznit,ENVY,Neon,0.88,199.0,27,28,6,-1,66.0,136.0,24.0,3.0,5.0,-2.0,ENVY,,18,C9,,20,0,VCT Americas
324,0,Pearl,Eggsterr,ENVY,Yoru,0.71,162.0,21,30,10,-9,66.0,114.0,32.0,3.0,7.0,-4.0,ENVY,,18,C9,,20,0,VCT Americas
325,0,Pearl,Demon1,C9,Chamber,1.25,268.0,37,26,6,11,74.0,176.0,35.0,8.0,3.0,5.0,ENVY,,18,C9,,20,1,VCT Americas
326,0,Pearl,v1c,C9,Astra,1.07,195.0,26,26,14,0,74.0,132.0,30.0,3.0,1.0,2.0,ENVY,,18,C9,,20,1,VCT Americas
327,0,Pearl,Xeppaa,C9,Tejo,1.06,195.0,25,25,8,0,68.0,139.0,25.0,2.0,3.0,-1.0,ENVY,,18,C9,,20,1,VCT Americas
328,0,Pearl,penny,C9,Neon,1.06,248.0,31,28,10,3,74.0,164.0,19.0,7.0,7.0,0.0,ENVY,,18,C9,,20,1,VCT Americas
329,0,Pearl,Zellsis,C9,Kayo,0.74,111.0,13,24,21,-11,74.0,71.0,11.0,0.0,4.0,-4.0,ENVY,,18,C9,,20,1,VCT Americas
330,2,Breeze,keznit,ENVY,Jett,1.39,280.0,22,13,2,9,81.0,163.0,22.0,6.0,2.0,4.0,ENVY,,13,C9,,8,1,VCT Americas
331,2,Breeze,Rossy,ENVY,Viper,1.36,248.0,19,12,5,7,81.0,156.0,18.0,3.0,1.0,2.0,ENVY,,13,C9,,8,1,VCT Americas
332,2,Breeze,P0PPIN,ENVY,Sova,1.13,222.0,18,14,4,4,86.0,136.0,45.0,2.0,2.0,0.0,ENVY,,13,C9,,8,1,VCT Americas
333,2,Breeze,Inspire,ENVY,Astra,0.84,141.0,11,12,5,-1,67.0,97.0,31.0,1.0,0.0,1.0,ENVY,,13,C9,,8,1,VCT Americas
334,2,Breeze,Eggsterr,ENVY,Yoru,0.71,126.0,9,14,6,-5,71.0,86.0,38.0,2.0,2.0,0.0,ENVY,,13,C9,,8,1,VCT Americas
335,2,Breeze,v1c,C9,Astra,1.07,201.0,17,14,6,3,71.0,125.0,33.0,0.0,4.0,-4.0,ENVY,,13,C9,,8,0,VCT Americas
336,2,Breeze,Demon1,C9,Jett,0.99,232.0,16,16,4,0,62.0,151.0,33.0,2.0,5.0,-3.0,ENVY,,13,C9,,8,0,VCT Americas
337,2,Breeze,Xeppaa,C9,Sova,0.96,180.0,14,15,5,-1,81.0,117.0,26.0,1.0,0.0,1.0,ENVY,,13,C9,,8,0,VCT Americas
338,2,Breeze,penny,C9,Yoru,0.89,166.0,13,14,3,-1,57.0,99.0,22.0,4.0,3.0,1.0,ENVY,,13,C9,,8,0,VCT Americas
339,2,Breeze,Zellsis,C9,Viper,0.33,110.0,5,20,10,-15,48.0,74.0,9.0,0.0,2.0,-2.0,ENVY,,13,C9,,8,0,VCT Americas
340,3,Split,keznit,ENVY,Jett,1.51,252.0,22,15,5,7,83.0,169.0,30.0,5.0,2.0,3.0,ENVY,,11,C9,,13,0,VCT Americas
341,3,Split,Inspire,ENVY,Viper,0.98,209.0,18,17,6,1,83.0,136.0,47.0,5.0,1.0,4.0,ENVY,,11,C9,,13,0,VCT Americas
342,3,Split,P0PPIN,ENVY,Skye,0.75,156.0,12,18,6,-6,58.0,95.0,14.0,2.0,1.0,1.0,ENVY,,11,C9,,13,0,VCT Americas
343,3,Split,Rossy,ENVY,Omen,0.69,146.0,12,17,8,-5,54.0,98.0,16.0,1.0,3.0,-2.0,ENVY,,11,C9,,13,0,VCT Americas
344,3,Split,Eggsterr,ENVY,Yoru,0.63,151.0,12,18,5,-6,63.0,91.0,19.0,1.0,3.0,-2.0,ENVY,,11,C9,,13,0,VCT Americas
345,3,Split,penny,C9,Raze,1.37,268.0,22,15,8,7,83.0,171.0,23.0,3.0,3.0,0.0,ENVY,,11,C9,,13,1,VCT Americas
346,3,Split,Xeppaa,C9,Skye,1.27,218.0,17,12,15,5,83.0,128.0,20.0,0.0,0.0,0.0,ENVY,,11,C9,,13,1,VCT Americas
347,3,Split,Demon1,C9,Chamber,1.07,230.0,19,17,3,2,75.0,160.0,31.0,2.0,4.0,-2.0,ENVY,,11,C9,,13,1,VCT Americas
348,3,Split,Zellsis,C9,Viper,1.04,190.0,16,15,7,1,75.0,131.0,17.0,2.0,2.0,0.0,ENVY,,11,C9,,13,1,VCT Americas
349,3,Split,v1c,C9,Omen,0.75,129.0,11,17,10,-6,75.0,90.0,24.0,3.0,5.0,-2.0,ENVY,,11,C9,,13,1,VCT Americas
350,0,Abyss,brawk,NRG,Sova,1.2,196.0,13,11,5,2,79.0,124.0,29.0,2.0,1.0,1.0,NRG,,13,MIBR,,6,1,VCT Americas
351,0,Abyss,keiko,NRG,Omen,1.2,183.0,13,10,3,3,74.0,114.0,31.0,2.0,0.0,2.0,NRG,,13,MIBR,,6,1,VCT Americas
352,0,Abyss,skuba,NRG,Viper,1.17,202.0,15,10,3,5,68.0,138.0,29.0,3.0,0.0,3.0,NRG,,13,MIBR,,6,1,VCT Americas
353,0,Abyss,Ethan,NRG,Tejo,1.1,149.0,10,9,7,1,68.0,95.0,15.0,2.0,2.0,0.0,NRG,,13,MIBR,,6,1,VCT Americas
354,0,Abyss,mada,NRG,Waylay,0.82,178.0,11,12,3,-1,68.0,115.0,27.0,3.0,4.0,-1.0,NRG,,13,MIBR,,6,1,VCT Americas
355,0,Abyss,Verno,MIBR,Sova,1.21,244.0,15,12,4,3,63.0,161.0,37.0,2.0,2.0,0.0,NRG,,13,MIBR,,6,0,VCT Americas
356,0,Abyss,Mazino,MIBR,Kayo,0.94,191.0,13,13,5,0,53.0,116.0,35.0,2.0,2.0,0.0,NRG,,13,MIBR,,6,0,VCT Americas
357,0,Abyss,zekken,MIBR,Astra,0.92,149.0,9,11,3,-2,79.0,97.0,24.0,1.0,1.0,0.0,NRG,,13,MIBR,,6,0,VCT Americas
358,0,Abyss,tex,MIBR,Cypher,0.63,110.0,8,13,2,-5,58.0,70.0,30.0,1.0,2.0,-1.0,NRG,,13,MIBR,,6,0,VCT Americas
359,0,Abyss,aspas,MIBR,Jett,0.47,98.0,7,13,0,-6,47.0,65.0,32.0,1.0,5.0,-4.0,NRG,,13,MIBR,,6,0,VCT Americas
360,2,Split,mada,NRG,Waylay,1.65,293.0,23,12,6,11,79.0,198.0,32.0,4.0,2.0,2.0,NRG,,11,MIBR,,13,0,VCT Americas
361,2,Split,Ethan,NRG,Skye,0.89,178.0,13,17,13,-4,75.0,115.0,15.0,3.0,5.0,-2.0,NRG,,11,MIBR,,13,0,VCT Americas
362,2,Split,skuba,NRG,Viper,0.89,193.0,16,19,3,-3,75.0,129.0,30.0,2.0,2.0,0.0,NRG,,11,MIBR,,13,0,VCT Americas
363,2,Split,keiko,NRG,Astra,0.86,125.0,13,14,7,-1,71.0,72.0,36.0,0.0,4.0,-4.0,NRG,,11,MIBR,,13,0,VCT Americas
364,2,Split,brawk,NRG,Tejo,0.78,152.0,13,17,6,-4,71.0,105.0,22.0,0.0,2.0,-2.0,NRG,,11,MIBR,,13,0,VCT Americas
365,2,Split,zekken,MIBR,Yoru,1.32,235.0,20,14,5,6,88.0,132.0,20.0,8.0,1.0,7.0,NRG,,11,MIBR,,13,1,VCT Americas
366,2,Split,Verno,MIBR,Fade,1.22,216.0,17,14,10,3,96.0,140.0,24.0,2.0,0.0,2.0,NRG,,11,MIBR,,13,1,VCT Americas
367,2,Split,Mazino,MIBR,Omen,0.97,209.0,19,16,8,3,75.0,146.0,27.0,2.0,1.0,1.0,NRG,,11,MIBR,,13,1,VCT Americas
368,2,Split,tex,MIBR,Viper,0.78,131.0,13,17,4,-4,67.0,82.0,33.0,0.0,2.0,-2.0,NRG,,11,MIBR,,13,1,VCT Americas
369,2,Split,aspas,MIBR,Raze,0.61,127.0,10,17,5,-7,67.0,82.0,30.0,3.0,5.0,-2.0,NRG,,11,MIBR,,13,1,VCT Americas
370,3,Breeze,brawk,NRG,Sova,1.07,216.0,14,15,5,-1,62.0,158.0,27.0,0.0,0.0,0.0,NRG,,8,MIBR,,13,0,VCT Americas
371,3,Breeze,mada,NRG,Yoru,1.01,237.0,17,16,3,1,57.0,150.0,37.0,1.0,5.0,-4.0,NRG,,8,MIBR,,13,0,VCT Americas
372,3,Breeze,Ethan,NRG,Astra,0.87,181.0,15,17,7,-2,67.0,123.0,17.0,3.0,3.0,0.0,NRG,,8,MIBR,,13,0,VCT Americas
373,3,Breeze,skuba,NRG,Viper,0.84,177.0,13,16,2,-3,67.0,122.0,40.0,2.0,4.0,-2.0,NRG,,8,MIBR,,13,0,VCT Americas
374,3,Breeze,keiko,NRG,Neon,0.72,159.0,11,17,3,-6,62.0,113.0,31.0,0.0,3.0,-3.0,NRG,,8,MIBR,,13,0,VCT Americas
375,3,Breeze,zekken,MIBR,Yoru,1.39,253.0,20,14,5,6,81.0,172.0,32.0,4.0,3.0,1.0,NRG,,8,MIBR,,13,1,VCT Americas
376,3,Breeze,aspas,MIBR,Jett,1.13,244.0,19,13,2,6,86.0,176.0,33.0,5.0,0.0,5.0,NRG,,8,MIBR,,13,1,VCT Americas
377,3,Breeze,Verno,MIBR,Sova,1.06,185.0,13,12,9,1,76.0,128.0,42.0,1.0,1.0,0.0,NRG,,8,MIBR,,13,1,VCT Americas
378,3,Breeze,Mazino,MIBR,Astra,1.03,204.0,17,14,3,3,67.0,137.0,28.0,2.0,1.0,1.0,NRG,,8,MIBR,,13,1,VCT Americas
379,3,Breeze,tex,MIBR,Viper,0.6,143.0,12,17,2,-5,62.0,98.0,38.0,3.0,1.0,2.0,NRG,,8,MIBR,,13,1,VCT Americas
380,0,Abyss,alym,FUR,Waylay,1.55,283.0,21,12,10,9,90.0,174.0,38.0,5.0,3.0,2.0,FUR,,13,G2,,7,1,VCT Americas
381,0,Abyss,nerve,FUR,Tejo,1.42,209.0,18,10,3,8,75.0,150.0,34.0,1.0,2.0,-1.0,FUR,,13,G2,,7,1,VCT Americas
382,0,Abyss,artzin,FUR,Astra,1.22,201.0,14,12,9,2,80.0,142.0,44.0,2.0,2.0,0.0,FUR,,13,G2,,7,1,VCT Americas
383,0,Abyss,eeiu,FUR,Sova,1.02,128.0,9,10,8,-1,75.0,89.0,29.0,0.0,0.0,0.0,FUR,,13,G2,,7,1,VCT Americas
384,0,Abyss,koalanoob,FUR,Omen,0.98,228.0,17,14,2,3,65.0,151.0,32.0,2.0,3.0,-1.0,FUR,,13,G2,,7,1,VCT Americas
385,0,Abyss,trent,G2,Tejo,1.21,268.0,18,14,2,4,65.0,167.0,22.0,1.0,2.0,-1.0,FUR,,13,G2,,7,0,VCT Americas
386,0,Abyss,BABYBAY,G2,Yoru,1.03,280.0,18,17,3,1,60.0,178.0,35.0,6.0,2.0,4.0,FUR,,13,G2,,7,0,VCT Americas
387,0,Abyss,leaf,G2,Breach,0.57,132.0,9,16,5,-7,65.0,84.0,29.0,2.0,0.0,2.0,FUR,,13,G2,,7,0,VCT Americas
388,0,Abyss,valyn,G2,Astra,0.5,77.0,6,15,4,-9,60.0,54.0,35.0,0.0,2.0,-2.0,FUR,,13,G2,,7,0,VCT Americas
389,0,Abyss,jawgemo,G2,Jett,0.47,114.0,7,17,6,-10,70.0,86.0,26.0,1.0,4.0,-3.0,FUR,,13,G2,,7,0,VCT Americas
390,2,Bind,eeiu,FUR,Fade,1.21,237.0,16,15,3,1,74.0,146.0,29.0,1.0,2.0,-1.0,FUR,,6,G2,,13,0,VCT Americas
391,2,Bind,koalanoob,FUR,Yoru,1.02,209.0,14,15,1,-1,63.0,132.0,23.0,4.0,1.0,3.0,FUR,,6,G2,,13,0,VCT Americas
392,2,Bind,nerve,FUR,Viper,0.63,111.0,6,12,3,-6,58.0,79.0,19.0,0.0,0.0,0.0,FUR,,6,G2,,13,0,VCT Americas
393,2,Bind,alym,FUR,Waylay,0.49,109.0,8,15,1,-7,58.0,63.0,26.0,3.0,4.0,-1.0,FUR,,6,G2,,13,0,VCT Americas
394,2,Bind,artzin,FUR,Astra,0.44,140.0,8,17,3,-9,58.0,92.0,37.0,3.0,1.0,2.0,FUR,,6,G2,,13,0,VCT Americas
395,2,Bind,valyn,G2,Brimstone,1.66,286.0,18,8,9,10,89.0,180.0,27.0,1.0,0.0,1.0,FUR,,6,G2,,13,1,VCT Americas
396,2,Bind,trent,G2,Skye,1.45,228.0,18,9,6,9,89.0,143.0,36.0,0.0,0.0,0.0,FUR,,6,G2,,13,1,VCT Americas
397,2,Bind,leaf,G2,Viper,1.24,256.0,17,10,6,7,79.0,164.0,30.0,3.0,6.0,-3.0,FUR,,6,G2,,13,1,VCT Americas
398,2,Bind,BABYBAY,G2,Chamber,1.07,204.0,15,11,2,4,74.0,132.0,11.0,1.0,1.0,0.0,FUR,,6,G2,,13,1,VCT Americas
399,2,Bind,jawgemo,G2,Waylay,0.42,108.0,6,14,4,-8,74.0,75.0,14.0,3.0,4.0,-1.0,FUR,,6,G2,,13,1,VCT Americas
400,3,Split,eeiu,FUR,Fade,1.7,266.0,17,6,6,11,81.0,165.0,18.0,1.0,2.0,-1.0,FUR,,13,G2,,3,1,VCT Americas
401,3,Split,alym,FUR,Waylay,1.3,265.0,15,10,3,5,88.0,182.0,29.0,3.0,1.0,2.0,FUR,,13,G2,,3,1,VCT Americas
402,3,Split,artzin,FUR,Omen,1.22,172.0,11,7,9,4,88.0,104.0,19.0,0.0,0.0,0.0,FUR,,13,G2,,3,1,VCT Americas
403,3,Split,koalanoob,FUR,Yoru,0.93,189.0,11,10,3,1,75.0,147.0,21.0,4.0,3.0,1.0,FUR,,13,G2,,3,1,VCT Americas
404,3,Split,nerve,FUR,Viper,0.92,195.0,12,12,5,0,75.0,110.0,14.0,1.0,1.0,0.0,FUR,,13,G2,,3,1,VCT Americas
405,3,Split,jawgemo,G2,Waylay,1.37,220.0,12,11,5,1,75.0,150.0,23.0,4.0,2.0,2.0,FUR,,13,G2,,3,0,VCT Americas
406,3,Split,valyn,G2,Omen,0.95,238.0,12,14,7,-2,81.0,143.0,21.0,1.0,1.0,0.0,FUR,,13,G2,,3,0,VCT Americas
407,3,Split,leaf,G2,Breach,0.74,177.0,9,14,4,-5,63.0,117.0,12.0,2.0,1.0,1.0,FUR,,13,G2,,3,0,VCT Americas
408,3,Split,trent,G2,Fade,0.56,114.0,5,13,3,-8,69.0,85.0,24.0,0.0,2.0,-2.0,FUR,,13,G2,,3,0,VCT Americas
409,3,Split,BABYBAY,G2,Viper,0.45,153.0,7,14,4,-7,63.0,99.0,10.0,0.0,3.0,-3.0,FUR,,13,G2,,3,0,VCT Americas
410,0,Haven,Darker,LOUD,Viper,1.2,288.0,18,15,4,3,78.0,167.0,29.0,3.0,2.0,1.0,LOUD,,5,EG,,13,0,VCT Americas
411,0,Haven,lukxo,LOUD,Killjoy,1.03,224.0,13,15,2,-2,72.0,160.0,23.0,1.0,3.0,-2.0,LOUD,,5,EG,,13,0,VCT Americas
412,0,Haven,pANcada,LOUD,Omen,0.76,165.0,9,16,7,-7,83.0,115.0,29.0,2.0,0.0,2.0,LOUD,,5,EG,,13,0,VCT Americas
413,0,Haven,cauanzin,LOUD,Sova,0.64,127.0,8,15,6,-7,78.0,85.0,23.0,0.0,1.0,-1.0,LOUD,,5,EG,,13,0,VCT Americas
414,0,Haven,Virtyy,LOUD,Neon,0.33,99.0,6,15,2,-9,61.0,64.0,14.0,1.0,5.0,-4.0,LOUD,,5,EG,,13,0,VCT Americas
415,0,Haven,C0M,EG,Sova,1.5,255.0,17,9,6,8,89.0,181.0,32.0,3.0,1.0,2.0,LOUD,,5,EG,,13,1,VCT Americas
416,0,Haven,dgzin,EG,Neon,1.29,242.0,16,10,2,6,83.0,143.0,16.0,5.0,3.0,2.0,LOUD,,5,EG,,13,1,VCT Americas
417,0,Haven,supamen,EG,Viper,1.23,249.0,16,11,2,5,67.0,160.0,37.0,1.0,1.0,0.0,LOUD,,5,EG,,13,1,VCT Americas
418,0,Haven,Okeanos,EG,Omen,1.1,212.0,14,11,9,3,78.0,120.0,39.0,1.0,1.0,0.0,LOUD,,5,EG,,13,1,VCT Americas
419,0,Haven,bao,EG,Killjoy,0.82,184.0,13,13,3,0,72.0,125.0,25.0,1.0,1.0,0.0,LOUD,,5,EG,,13,1,VCT Americas
420,2,Abyss,lukxo,LOUD,Chamber,1.41,245.0,23,12,2,11,77.0,174.0,36.0,4.0,6.0,-2.0,LOUD,,12,EG,,14,0,VCT Americas
421,2,Abyss,pANcada,LOUD,Astra,1.03,169.0,14,15,8,-1,85.0,123.0,23.0,2.0,0.0,2.0,LOUD,,12,EG,,14,0,VCT Americas
422,2,Abyss,Darker,LOUD,Kayo,1.01,193.0,18,19,13,-1,65.0,113.0,18.0,2.0,1.0,1.0,LOUD,,12,EG,,14,0,VCT Americas
423,2,Abyss,cauanzin,LOUD,Sova,0.98,192.0,17,17,8,0,77.0,120.0,27.0,3.0,3.0,0.0,LOUD,,12,EG,,14,0,VCT Americas
424,2,Abyss,Virtyy,LOUD,Waylay,0.8,183.0,18,19,4,-1,69.0,110.0,19.0,1.0,4.0,-3.0,LOUD,,12,EG,,14,0,VCT Americas
425,2,Abyss,supamen,EG,Astra,1.37,242.0,22,15,10,7,69.0,155.0,52.0,2.0,0.0,2.0,LOUD,,12,EG,,14,1,VCT Americas
426,2,Abyss,dgzin,EG,Yoru,1.11,266.0,23,19,2,4,73.0,157.0,36.0,7.0,3.0,4.0,LOUD,,12,EG,,14,1,VCT Americas
427,2,Abyss,bao,EG,Veto,0.87,191.0,17,21,2,-4,65.0,125.0,40.0,4.0,1.0,3.0,LOUD,,12,EG,,14,1,VCT Americas
428,2,Abyss,Okeanos,EG,Breach,0.73,130.0,12,17,10,-5,65.0,73.0,32.0,0.0,3.0,-3.0,LOUD,,12,EG,,14,1,VCT Americas
429,2,Abyss,C0M,EG,Sova,0.61,92.0,8,18,6,-10,58.0,76.0,32.0,1.0,5.0,-4.0,LOUD,,12,EG,,14,1,VCT Americas
430,0,Bind,NagZ,KRÜ,Viper,1.08,204.0,13,13,1,0,53.0,116.0,35.0,0.0,0.0,0.0,KRU,,4,LEV,,13,0,VCT Americas
431,0,Bind,Governor,KRÜ,Skye,0.71,150.0,8,14,6,-6,59.0,97.0,29.0,0.0,0.0,0.0,KRU,,4,LEV,,13,0,VCT Americas
432,0,Bind,benG,KRÜ,Brimstone,0.57,110.0,5,12,6,-7,53.0,69.0,17.0,1.0,1.0,0.0,KRU,,4,LEV,,13,0,VCT Americas
433,0,Bind,infiltrator,KRÜ,Chamber,0.49,139.0,7,15,2,-8,41.0,90.0,32.0,3.0,7.0,-4.0,KRU,,4,LEV,,13,0,VCT Americas
434,0,Bind,mta,KRÜ,Waylay,0.33,72.0,4,13,1,-9,47.0,45.0,27.0,0.0,5.0,-5.0,KRU,,4,LEV,,13,0,VCT Americas
435,0,Bind,Neon,LEV,Yoru,1.81,291.0,19,5,3,14,94.0,181.0,21.0,5.0,0.0,5.0,KRU,,4,LEV,,13,1,VCT Americas
436,0,Bind,kiNgg,LEV,Brimstone,1.46,283.0,18,8,4,10,82.0,195.0,39.0,0.0,2.0,-2.0,KRU,,4,LEV,,13,1,VCT Americas
437,0,Bind,blowz,LEV,Fade,1.32,180.0,10,6,8,4,82.0,120.0,30.0,2.0,0.0,2.0,KRU,,4,LEV,,13,1,VCT Americas
438,0,Bind,Sato,LEV,Waylay,1.09,182.0,12,8,0,4,76.0,133.0,38.0,4.0,2.0,2.0,KRU,,4,LEV,,13,1,VCT Americas
439,0,Bind,spike,LEV,Viper,0.9,137.0,8,10,8,-2,76.0,92.0,28.0,2.0,0.0,2.0,KRU,,4,LEV,,13,1,VCT Americas
440,2,Split,mta,KRÜ,Raze,1.14,220.0,18,17,2,1,78.0,129.0,20.0,5.0,2.0,3.0,KRU,,10,LEV,,13,0,VCT Americas
441,2,Split,NagZ,KRÜ,Viper,0.98,171.0,16,15,2,1,65.0,140.0,33.0,1.0,3.0,-2.0,KRU,,10,LEV,,13,0,VCT Americas
442,2,Split,infiltrator,KRÜ,Yoru,0.87,205.0,17,19,7,-2,65.0,133.0,19.0,2.0,5.0,-3.0,KRU,,10,LEV,,13,0,VCT Americas
443,2,Split,Governor,KRÜ,Fade,0.83,164.0,11,16,11,-5,70.0,113.0,21.0,0.0,2.0,-2.0,KRU,,10,LEV,,13,0,VCT Americas
444,2,Split,benG,KRÜ,Astra,0.82,158.0,13,17,5,-4,61.0,112.0,39.0,0.0,3.0,-3.0,KRU,,10,LEV,,13,0,VCT Americas
445,2,Split,spike,LEV,Viper,1.36,247.0,22,13,4,9,74.0,154.0,16.0,2.0,1.0,1.0,KRU,,10,LEV,,13,1,VCT Americas
446,2,Split,Neon,LEV,Yoru,1.12,233.0,20,16,3,4,78.0,135.0,25.0,8.0,2.0,6.0,KRU,,10,LEV,,13,1,VCT Americas
447,2,Split,blowz,LEV,Fade,0.85,191.0,16,17,6,-1,87.0,125.0,32.0,0.0,2.0,-2.0,KRU,,10,LEV,,13,1,VCT Americas
448,2,Split,Sato,LEV,Waylay,0.85,189.0,15,16,5,-1,65.0,116.0,32.0,4.0,2.0,2.0,KRU,,10,LEV,,13,1,VCT Americas
449,2,Split,kiNgg,LEV,Omen,0.81,132.0,11,13,5,-2,74.0,78.0,25.0,1.0,1.0,0.0,KRU,,10,LEV,,13,1,VCT Americas
450,0,Haven,skuba,NRG,Killjoy,1.28,181.0,15,10,4,5,77.0,138.0,26.0,4.0,2.0,2.0,NRG,,13,100T,,9,1,VCT Americas
451,0,Haven,mada,NRG,Neon,1.22,210.0,19,13,1,6,64.0,138.0,26.0,4.0,2.0,2.0,NRG,,13,100T,,9,1,VCT Americas
452,0,Haven,keiko,NRG,Viper,1.04,158.0,12,13,5,-1,64.0,111.0,62.0,0.0,1.0,-1.0,NRG,,13,100T,,9,1,VCT Americas
453,0,Haven,brawk,NRG,Sova,0.94,156.0,11,14,7,-3,64.0,103.0,9.0,1.0,1.0,0.0,NRG,,13,100T,,9,1,VCT Americas
454,0,Haven,Ethan,NRG,Omen,0.81,156.0,11,15,9,-4,82.0,109.0,44.0,4.0,3.0,1.0,NRG,,13,100T,,9,1,VCT Americas
455,0,Haven,Cryocells,100T,Veto,1.34,241.0,19,11,2,8,82.0,143.0,48.0,3.0,3.0,0.0,NRG,,13,100T,,9,0,VCT Americas
456,0,Haven,Timotino,100T,Neon,0.85,253.0,19,18,4,1,64.0,165.0,32.0,4.0,5.0,-1.0,NRG,,13,100T,,9,0,VCT Americas
457,0,Haven,Asuna,100T,Omen,0.77,130.0,9,14,11,-5,77.0,71.0,21.0,1.0,2.0,-1.0,NRG,,13,100T,,9,0,VCT Americas
458,0,Haven,bang,100T,Viper,0.73,94.0,9,11,3,-2,68.0,65.0,30.0,1.0,2.0,-1.0,NRG,,13,100T,,9,0,VCT Americas
459,0,Haven,vora,100T,Fade,0.63,123.0,9,14,3,-5,73.0,77.0,43.0,0.0,1.0,-1.0,NRG,,13,100T,,9,0,VCT Americas
460,2,Corrode,brawk,NRG,Sova,1.55,278.0,23,13,3,10,71.0,171.0,14.0,4.0,2.0,2.0,NRG,,13,100T,,11,1,VCT Americas
461,2,Corrode,skuba,NRG,Viper,1.12,164.0,15,13,7,2,75.0,120.0,33.0,2.0,0.0,2.0,NRG,,13,100T,,11,1,VCT Americas
462,2,Corrode,mada,NRG,Waylay,0.99,186.0,14,15,8,-1,83.0,113.0,18.0,7.0,3.0,4.0,NRG,,13,100T,,11,1,VCT Americas
463,2,Corrode,keiko,NRG,Omen,0.98,236.0,20,19,7,1,67.0,146.0,42.0,4.0,1.0,3.0,NRG,,13,100T,,11,1,VCT Americas
464,2,Corrode,Ethan,NRG,Kayo,0.74,130.0,9,17,15,-8,63.0,88.0,23.0,0.0,1.0,-1.0,NRG,,13,100T,,11,1,VCT Americas
465,2,Corrode,bang,100T,Omen,1.42,252.0,24,15,6,9,79.0,150.0,47.0,2.0,2.0,0.0,NRG,,13,100T,,11,0,VCT Americas
466,2,Corrode,Asuna,100T,Sage,1.1,207.0,17,14,11,3,88.0,128.0,27.0,1.0,2.0,-1.0,NRG,,13,100T,,11,0,VCT Americas
467,2,Corrode,Cryocells,100T,Veto,0.81,164.0,14,16,1,-2,75.0,126.0,40.0,1.0,1.0,0.0,NRG,,13,100T,,11,0,VCT Americas
468,2,Corrode,vora,100T,Fade,0.7,124.0,11,17,8,-6,75.0,79.0,22.0,1.0,5.0,-4.0,NRG,,13,100T,,11,0,VCT Americas
469,2,Corrode,Timotino,100T,Waylay,0.58,154.0,11,19,7,-8,58.0,96.0,25.0,2.0,7.0,-5.0,NRG,,13,100T,,11,0,VCT Americas
470,0,Corrode,trent,G2,Skye,1.19,218.0,17,15,14,2,88.0,146.0,36.0,1.0,0.0,1.0,G2,,13,C9,,11,1,VCT Americas
471,0,Corrode,jawgemo,G2,Waylay,1.15,214.0,17,14,8,3,75.0,134.0,15.0,5.0,3.0,2.0,G2,,13,C9,,11,1,VCT Americas
472,0,Corrode,leaf,G2,Viper,1.15,253.0,20,14,5,6,75.0,163.0,13.0,2.0,3.0,-1.0,G2,,13,C9,,11,1,VCT Americas
473,0,Corrode,BABYBAY,G2,Iso,0.95,227.0,19,18,7,1,67.0,153.0,26.0,3.0,5.0,-2.0,G2,,13,C9,,11,1,VCT Americas
474,0,Corrode,valyn,G2,Astra,0.9,169.0,14,14,9,0,75.0,105.0,26.0,2.0,0.0,2.0,G2,,13,C9,,11,1,VCT Americas
475,0,Corrode,penny,C9,Waylay,1.33,272.0,22,17,4,5,67.0,168.0,18.0,2.0,4.0,-2.0,G2,,13,C9,,11,0,VCT Americas
476,0,Corrode,OXY,C9,Veto,0.91,204.0,19,19,1,0,67.0,135.0,40.0,4.0,3.0,1.0,G2,,13,C9,,11,0,VCT Americas
477,0,Corrode,Zellsis,C9,Sage,0.89,165.0,12,17,12,-5,67.0,101.0,12.0,0.0,2.0,-2.0,G2,,13,C9,,11,0,VCT Americas
478,0,Corrode,v1c,C9,Astra,0.83,156.0,11,17,12,-6,67.0,98.0,24.0,2.0,1.0,1.0,G2,,13,C9,,11,0,VCT Americas
479,0,Corrode,Xeppaa,C9,Fade,0.76,132.0,11,17,12,-6,63.0,83.0,29.0,3.0,3.0,0.0,G2,,13,C9,,11,0,VCT Americas
480,2,Bind,BABYBAY,G2,Chamber,1.56,236.0,21,10,2,11,82.0,149.0,8.0,4.0,2.0,2.0,G2,,13,C9,,9,1,VCT Americas
481,2,Bind,leaf,G2,Viper,1.37,237.0,20,11,5,9,82.0,150.0,25.0,0.0,1.0,-1.0,G2,,13,C9,,9,1,VCT Americas
482,2,Bind,valyn,G2,Brimstone,1.27,258.0,19,16,10,3,77.0,162.0,26.0,4.0,0.0,4.0,G2,,13,C9,,9,1,VCT Americas
483,2,Bind,trent,G2,Skye,0.76,140.0,10,16,11,-6,77.0,104.0,23.0,1.0,0.0,1.0,G2,,13,C9,,9,1,VCT Americas
484,2,Bind,jawgemo,G2,Waylay,0.69,163.0,11,16,6,-5,73.0,114.0,16.0,4.0,6.0,-2.0,G2,,13,C9,,9,1,VCT Americas
485,2,Bind,v1c,C9,Viper,1.31,240.0,20,15,4,5,77.0,152.0,35.0,4.0,1.0,3.0,G2,,13,C9,,9,0,VCT Americas
486,2,Bind,OXY,C9,Chamber,0.99,234.0,18,18,2,0,64.0,149.0,38.0,2.0,3.0,-1.0,G2,,13,C9,,9,0,VCT Americas
487,2,Bind,penny,C9,Raze,0.78,186.0,15,18,4,-3,64.0,119.0,32.0,2.0,5.0,-3.0,G2,,13,C9,,9,0,VCT Americas
488,2,Bind,Xeppaa,C9,Skye,0.7,152.0,11,16,11,-5,64.0,95.0,38.0,1.0,1.0,0.0,G2,,13,C9,,9,0,VCT Americas
489,2,Bind,Zellsis,C9,Brimstone,0.64,89.0,5,14,13,-9,73.0,65.0,12.0,0.0,3.0,-3.0,G2,,13,C9,,9,0,VCT Americas
490,0,Pearl,Eggsterr,ENVY,Yoru,1.1,215.0,23,20,6,3,70.0,143.0,16.0,3.0,4.0,-1.0,ENVY,,14,EG,,16,0,VCT Americas
491,0,Pearl,Demon1,ENVY,Astra,1.04,232.0,25,20,6,5,80.0,142.0,40.0,1.0,4.0,-3.0,ENVY,,14,EG,,16,0,VCT Americas
492,0,Pearl,Rossy,ENVY,Killjoy,0.9,151.0,15,20,6,-5,63.0,107.0,30.0,0.0,1.0,-1.0,ENVY,,14,EG,,16,0,VCT Americas
493,0,Pearl,P0PPIN,ENVY,Sova,0.77,171.0,16,20,9,-4,60.0,115.0,20.0,4.0,2.0,2.0,ENVY,,14,EG,,16,0,VCT Americas
494,0,Pearl,keznit,ENVY,Neon,0.65,152.0,15,22,7,-7,63.0,92.0,23.0,4.0,7.0,-3.0,ENVY,,14,EG,,16,0,VCT Americas
495,0,Pearl,bao,EG,Killjoy,1.5,267.0,30,17,6,13,67.0,197.0,23.0,1.0,2.0,-1.0,ENVY,,14,EG,,16,1,VCT Americas
496,0,Pearl,dgzin,EG,Yoru,1.49,254.0,28,18,9,10,70.0,174.0,27.0,7.0,4.0,3.0,ENVY,,14,EG,,16,1,VCT Americas
497,0,Pearl,C0M,EG,Sova,0.96,175.0,15,18,10,-3,77.0,118.0,14.0,2.0,1.0,1.0,ENVY,,14,EG,,16,1,VCT Americas
498,0,Pearl,supamen,EG,Astra,0.95,135.0,14,20,19,-6,77.0,89.0,28.0,4.0,0.0,4.0,ENVY,,14,EG,,16,1,VCT Americas
499,0,Pearl,Okeanos,EG,Waylay,0.69,139.0,15,21,8,-6,70.0,87.0,36.0,4.0,5.0,-1.0,ENVY,,14,EG,,16,1,VCT Americas
500,2,Corrode,keznit,ENVY,Waylay,0.99,209.0,12,14,5,-2,67.0,126.0,14.0,3.0,1.0,2.0,ENVY,,5,EG,,13,0,VCT Americas
501,2,Corrode,Demon1,ENVY,Viper,0.84,140.0,10,14,1,-4,67.0,105.0,33.0,0.0,2.0,-2.0,ENVY,,5,EG,,13,0,VCT Americas
502,2,Corrode,Eggsterr,ENVY,Yoru,0.67,176.0,9,16,7,-7,78.0,112.0,37.0,3.0,4.0,-1.0,ENVY,,5,EG,,13,0,VCT Americas
503,2,Corrode,Rossy,ENVY,Omen,0.66,139.0,8,15,8,-7,61.0,88.0,33.0,0.0,1.0,-1.0,ENVY,,5,EG,,13,0,VCT Americas
504,2,Corrode,P0PPIN,ENVY,Fade,0.54,140.0,9,16,7,-7,61.0,73.0,47.0,2.0,2.0,0.0,ENVY,,5,EG,,13,0,VCT Americas
505,2,Corrode,dgzin,EG,Yoru,2.39,413.0,30,7,4,23,83.0,270.0,26.0,3.0,1.0,2.0,ENVY,,5,EG,,13,1,VCT Americas
506,2,Corrode,supamen,EG,Viper,2.02,377.0,25,8,4,17,94.0,270.0,38.0,4.0,1.0,3.0,ENVY,,5,EG,,13,1,VCT Americas
507,2,Corrode,C0M,EG,Sova,0.87,181.0,9,11,5,-2,78.0,123.0,14.0,1.0,0.0,1.0,ENVY,,5,EG,,13,1,VCT Americas
508,2,Corrode,Okeanos,EG,Waylay,0.71,108.0,7,10,1,-3,67.0,68.0,47.0,2.0,3.0,-1.0,ENVY,,5,EG,,13,1,VCT Americas
509,2,Corrode,bao,EG,Omen,0.34,70.0,4,13,11,-9,72.0,52.0,17.0,0.0,3.0,-3.0,ENVY,,5,EG,,13,1,VCT Americas
510,0,Corrode,Reduxx,SEN,Waylay,1.17,176.0,15,12,4,3,78.0,121.0,16.0,4.0,6.0,-2.0,SEN,,10,LEV,,13,0,VCT Americas
511,0,Corrode,Kyu,SEN,Sova,1.15,237.0,18,16,5,2,65.0,157.0,26.0,3.0,2.0,1.0,SEN,,10,LEV,,13,0,VCT Americas
512,0,Corrode,N4RRATE,SEN,Neon,1.02,248.0,20,18,5,2,70.0,155.0,24.0,5.0,1.0,4.0,SEN,,10,LEV,,13,0,VCT Americas
513,0,Corrode,johnqt,SEN,Omen,0.79,126.0,9,15,15,-6,74.0,85.0,24.0,0.0,0.0,0.0,SEN,,10,LEV,,13,0,VCT Americas
514,0,Corrode,cortezia,SEN,Viper,0.73,139.0,12,18,2,-6,65.0,97.0,38.0,1.0,1.0,0.0,SEN,,10,LEV,,13,0,VCT Americas
515,0,Corrode,Sato,LEV,Waylay,1.3,286.0,23,18,5,5,65.0,166.0,17.0,4.0,4.0,0.0,SEN,,10,LEV,,13,1,VCT Americas
516,0,Corrode,blowz,LEV,Fade,1.14,167.0,14,11,5,3,61.0,101.0,23.0,0.0,2.0,-2.0,SEN,,10,LEV,,13,1,VCT Americas
517,0,Corrode,spike,LEV,Viper,1.01,224.0,16,15,10,1,78.0,159.0,42.0,2.0,3.0,-1.0,SEN,,10,LEV,,13,1,VCT Americas
518,0,Corrode,Neon,LEV,Chamber,0.84,154.0,14,14,3,0,65.0,107.0,19.0,2.0,3.0,-1.0,SEN,,10,LEV,,13,1,VCT Americas
519,0,Corrode,kiNgg,LEV,Omen,0.77,143.0,12,16,5,-4,65.0,78.0,36.0,2.0,1.0,1.0,SEN,,10,LEV,,13,1,VCT Americas
520,2,Bind,N4RRATE,SEN,Chamber,1.14,248.0,21,20,2,1,73.0,154.0,21.0,8.0,4.0,4.0,SEN,,12,LEV,,14,0,VCT Americas
521,2,Bind,cortezia,SEN,Viper,0.95,209.0,20,19,3,1,58.0,141.0,38.0,1.0,3.0,-2.0,SEN,,12,LEV,,14,0,VCT Americas
522,2,Bind,Reduxx,SEN,Waylay,0.85,191.0,18,18,2,0,62.0,123.0,32.0,2.0,4.0,-2.0,SEN,,12,LEV,,14,0,VCT Americas
523,2,Bind,Kyu,SEN,Skye,0.71,129.0,12,17,9,-5,65.0,77.0,24.0,0.0,4.0,-4.0,SEN,,12,LEV,,14,0,VCT Americas
524,2,Bind,johnqt,SEN,Brimstone,0.64,89.0,7,17,5,-10,62.0,64.0,23.0,0.0,0.0,0.0,SEN,,12,LEV,,14,0,VCT Americas
525,2,Bind,kiNgg,LEV,Brimstone,1.32,250.0,24,15,8,9,77.0,160.0,48.0,3.0,2.0,1.0,SEN,,12,LEV,,14,1,VCT Americas
526,2,Bind,Neon,LEV,Yoru,1.16,188.0,18,14,4,4,69.0,121.0,31.0,7.0,1.0,6.0,SEN,,12,LEV,,14,1,VCT Americas
527,2,Bind,spike,LEV,Viper,1.01,203.0,17,17,9,0,81.0,142.0,31.0,2.0,1.0,1.0,SEN,,12,LEV,,14,1,VCT Americas
528,2,Bind,blowz,LEV,Fade,0.92,144.0,14,14,8,0,73.0,101.0,34.0,0.0,0.0,0.0,SEN,,12,LEV,,14,1,VCT Americas
529,2,Bind,Sato,LEV,Waylay,0.88,194.0,18,18,7,0,77.0,121.0,34.0,3.0,7.0,-4.0,SEN,,12,LEV,,14,1,VCT Americas
530,0,Pearl,keiko,NRG,Killjoy,1.18,252.0,14,14,2,0,75.0,188.0,38.0,1.0,0.0,1.0,NRG,,3,G2,,13,0,VCT Americas
531,0,Pearl,skuba,NRG,Astra,1.12,230.0,13,14,7,-1,81.0,132.0,52.0,0.0,1.0,-1.0,NRG,,3,G2,,13,0,VCT Americas
532,0,Pearl,mada,NRG,Waylay,0.56,181.0,10,15,5,-5,75.0,105.0,33.0,1.0,6.0,-5.0,NRG,,3,G2,,13,0,VCT Americas
533,0,Pearl,Ethan,NRG,Tejo,0.47,168.0,7,16,4,-9,56.0,115.0,26.0,3.0,3.0,0.0,NRG,,3,G2,,13,0,VCT Americas
534,0,Pearl,brawk,NRG,Sova,0.22,82.0,2,15,6,-13,50.0,67.0,6.0,0.0,1.0,-1.0,NRG,,3,G2,,13,0,VCT Americas
535,0,Pearl,trent,G2,Sova,1.67,256.0,18,6,7,12,88.0,162.0,19.0,0.0,0.0,0.0,NRG,,3,G2,,13,1,VCT Americas
536,0,Pearl,BABYBAY,G2,Yoru,1.54,241.0,15,7,8,8,88.0,169.0,30.0,1.0,0.0,1.0,NRG,,3,G2,,13,1,VCT Americas
537,0,Pearl,jawgemo,G2,Phoenix,1.33,323.0,17,13,12,4,81.0,205.0,24.0,6.0,1.0,5.0,NRG,,3,G2,,13,1,VCT Americas
538,0,Pearl,valyn,G2,Astra,1.27,217.0,14,9,5,5,81.0,152.0,28.0,1.0,1.0,0.0,NRG,,3,G2,,13,1,VCT Americas
539,0,Pearl,leaf,G2,Veto,0.89,176.0,10,11,5,-1,75.0,125.0,19.0,3.0,3.0,0.0,NRG,,3,G2,,13,1,VCT Americas
540,2,Split,keiko,NRG,Astra,0.98,208.0,16,16,7,0,76.0,116.0,43.0,1.0,1.0,0.0,NRG,,8,G2,,13,0,VCT Americas
541,2,Split,mada,NRG,Waylay,0.87,188.0,14,17,4,-3,62.0,123.0,42.0,2.0,6.0,-4.0,NRG,,8,G2,,13,0,VCT Americas
542,2,Split,brawk,NRG,Tejo,0.83,156.0,10,16,6,-6,43.0,121.0,22.0,1.0,2.0,-1.0,NRG,,8,G2,,13,0,VCT Americas
543,2,Split,skuba,NRG,Viper,0.75,156.0,10,16,4,-6,62.0,110.0,13.0,1.0,4.0,-3.0,NRG,,8,G2,,13,0,VCT Americas
544,2,Split,Ethan,NRG,Skye,0.7,117.0,8,17,5,-9,62.0,71.0,15.0,2.0,1.0,1.0,NRG,,8,G2,,13,0,VCT Americas
545,2,Split,valyn,G2,Astra,1.54,249.0,18,9,12,9,86.0,170.0,30.0,2.0,0.0,2.0,NRG,,8,G2,,13,1,VCT Americas
546,2,Split,jawgemo,G2,Neon,1.43,293.0,23,12,5,11,81.0,165.0,16.0,5.0,2.0,3.0,NRG,,8,G2,,13,1,VCT Americas
547,2,Split,BABYBAY,G2,Waylay,1.16,259.0,20,14,5,6,71.0,151.0,13.0,7.0,2.0,5.0,NRG,,8,G2,,13,1,VCT Americas
548,2,Split,trent,G2,Fade,1.01,160.0,13,10,4,3,86.0,108.0,34.0,0.0,1.0,-1.0,NRG,,8,G2,,13,1,VCT Americas
549,2,Split,leaf,G2,Viper,0.67,119.0,8,13,4,-5,67.0,83.0,24.0,0.0,2.0,-2.0,NRG,,8,G2,,13,1,VCT Americas
550,0,Haven,Cryocells,100T,Veto,1.18,219.0,20,14,1,6,67.0,154.0,33.0,1.0,3.0,-2.0,100T,,13,EG,,11,1,VCT Americas
551,0,Haven,vora,100T,Fade,1.08,190.0,14,16,9,-2,71.0,131.0,27.0,2.0,2.0,0.0,100T,,13,EG,,11,1,VCT Americas
552,0,Haven,bang,100T,Viper,0.93,187.0,16,18,7,-2,67.0,118.0,22.0,2.0,5.0,-3.0,100T,,13,EG,,11,1,VCT Americas
553,0,Haven,Timotino,100T,Neon,0.93,202.0,16,18,6,-2,63.0,126.0,45.0,5.0,2.0,3.0,100T,,13,EG,,11,1,VCT Americas
554,0,Haven,Asuna,100T,Omen,0.73,112.0,9,15,8,-6,42.0,70.0,18.0,0.0,2.0,-2.0,100T,,13,EG,,11,1,VCT Americas
555,0,Haven,C0M,EG,Sova,1.15,199.0,18,13,6,5,63.0,116.0,22.0,4.0,2.0,2.0,100T,,13,EG,,11,0,VCT Americas
556,0,Haven,dgzin,EG,Neon,1.11,245.0,22,17,2,5,67.0,163.0,19.0,5.0,5.0,0.0,100T,,13,EG,,11,0,VCT Americas
557,0,Haven,Okeanos,EG,Omen,0.97,162.0,14,15,9,-1,58.0,101.0,31.0,2.0,2.0,0.0,100T,,13,EG,,11,0,VCT Americas
558,0,Haven,supamen,EG,Viper,0.93,197.0,16,17,7,-1,75.0,139.0,37.0,2.0,1.0,1.0,100T,,13,EG,,11,0,VCT Americas
559,0,Haven,bao,EG,Killjoy,0.87,146.0,11,13,6,-2,79.0,106.0,32.0,1.0,0.0,1.0,100T,,13,EG,,11,0,VCT Americas
560,2,Bind,Cryocells,100T,Chamber,1.42,259.0,27,17,1,10,75.0,158.0,25.0,8.0,5.0,3.0,100T,,15,EG,,13,1,VCT Americas
561,2,Bind,Asuna,100T,Brimstone,1.2,216.0,19,17,15,2,82.0,147.0,27.0,2.0,1.0,1.0,100T,,15,EG,,13,1,VCT Americas
562,2,Bind,Timotino,100T,Waylay,0.98,219.0,21,23,9,-2,61.0,148.0,31.0,3.0,5.0,-2.0,100T,,15,EG,,13,1,VCT Americas
563,2,Bind,vora,100T,Skye,0.95,162.0,16,19,13,-3,61.0,98.0,25.0,0.0,0.0,0.0,100T,,15,EG,,13,1,VCT Americas
564,2,Bind,bang,100T,Viper,0.8,127.0,12,18,5,-6,68.0,83.0,29.0,2.0,2.0,0.0,100T,,15,EG,,13,1,VCT Americas
565,2,Bind,dgzin,EG,Yoru,1.32,268.0,29,17,3,12,79.0,183.0,41.0,8.0,4.0,4.0,100T,,15,EG,,13,0,VCT Americas
566,2,Bind,Okeanos,EG,Waylay,1.0,214.0,21,19,7,2,75.0,127.0,37.0,3.0,1.0,2.0,100T,,15,EG,,13,0,VCT Americas
567,2,Bind,supamen,EG,Viper,0.91,152.0,15,18,10,-3,71.0,100.0,41.0,1.0,3.0,-2.0,100T,,15,EG,,13,0,VCT Americas
568,2,Bind,bao,EG,Brimstone,0.86,192.0,16,21,13,-5,71.0,139.0,32.0,0.0,5.0,-5.0,100T,,15,EG,,13,0,VCT Americas
569,2,Bind,C0M,EG,Fade,0.66,126.0,13,20,8,-7,64.0,88.0,21.0,1.0,2.0,-1.0,100T,,15,EG,,13,0,VCT Americas
570,0,Bind,v1c,C9,Viper,1.92,328.0,23,7,5,16,94.0,199.0,43.0,2.0,1.0,1.0,C9,,13,LEV,,5,1,VCT Americas
571,0,Bind,Zellsis,C9,Brimstone,1.26,249.0,17,10,5,7,67.0,150.0,41.0,2.0,1.0,1.0,C9,,13,LEV,,5,1,VCT Americas
572,0,Bind,OXY,C9,Chamber,1.15,211.0,14,9,1,5,61.0,116.0,17.0,6.0,3.0,3.0,C9,,13,LEV,,5,1,VCT Americas
573,0,Bind,penny,C9,Raze,0.86,157.0,9,11,6,-2,61.0,121.0,22.0,2.0,1.0,1.0,C9,,13,LEV,,5,1,VCT Americas
574,0,Bind,Xeppaa,C9,Skye,0.71,99.0,5,10,8,-5,72.0,69.0,10.0,0.0,0.0,0.0,C9,,13,LEV,,5,1,VCT Americas
575,0,Bind,blowz,LEV,Fade,1.06,191.0,12,13,3,-1,61.0,115.0,33.0,3.0,0.0,3.0,C9,,13,LEV,,5,0,VCT Americas
576,0,Bind,kiNgg,LEV,Brimstone,0.88,185.0,11,14,1,-3,56.0,119.0,16.0,0.0,1.0,-1.0,C9,,13,LEV,,5,0,VCT Americas
577,0,Bind,spike,LEV,Viper,0.87,193.0,11,13,3,-2,72.0,130.0,25.0,0.0,3.0,-3.0,C9,,13,LEV,,5,0,VCT Americas
578,0,Bind,Neon,LEV,Yoru,0.74,169.0,10,14,3,-4,78.0,115.0,19.0,3.0,2.0,1.0,C9,,13,LEV,,5,0,VCT Americas
579,0,Bind,Sato,LEV,Waylay,0.19,59.0,3,14,4,-11,39.0,46.0,15.0,0.0,6.0,-6.0,C9,,13,LEV,,5,0,VCT Americas
580,2,Breeze,v1c,C9,Astra,1.43,189.0,16,7,7,9,85.0,139.0,29.0,0.0,1.0,-1.0,C9,,13,LEV,,7,1,VCT Americas
581,2,Breeze,OXY,C9,Jett,1.32,292.0,20,15,4,5,75.0,189.0,10.0,6.0,1.0,5.0,C9,,13,LEV,,7,1,VCT Americas
582,2,Breeze,Zellsis,C9,Kayo,1.07,182.0,14,12,9,2,70.0,107.0,17.0,1.0,2.0,-1.0,C9,,13,LEV,,7,1,VCT Americas
583,2,Breeze,Xeppaa,C9,Sova,1.01,195.0,13,12,7,1,80.0,130.0,20.0,0.0,1.0,-1.0,C9,,13,LEV,,7,1,VCT Americas
584,2,Breeze,penny,C9,Viper,0.91,180.0,14,12,8,2,75.0,117.0,24.0,3.0,5.0,-2.0,C9,,13,LEV,,7,1,VCT Americas
585,2,Breeze,kiNgg,LEV,Astra,1.39,223.0,17,13,3,4,65.0,139.0,39.0,3.0,0.0,3.0,C9,,13,LEV,,7,0,VCT Americas
586,2,Breeze,Neon,LEV,Jett,1.26,234.0,16,14,2,2,70.0,167.0,36.0,3.0,4.0,-1.0,C9,,13,LEV,,7,0,VCT Americas
587,2,Breeze,blowz,LEV,Sova,0.66,161.0,11,16,1,-5,50.0,103.0,21.0,1.0,0.0,1.0,C9,,13,LEV,,7,0,VCT Americas
588,2,Breeze,Sato,LEV,Yoru,0.43,83.0,6,16,4,-10,65.0,68.0,29.0,1.0,2.0,-1.0,C9,,13,LEV,,7,0,VCT Americas
589,2,Breeze,spike,LEV,Viper,0.41,131.0,8,18,3,-10,55.0,88.0,26.0,2.0,4.0,-2.0,C9,,13,LEV,,7,0,VCT Americas
590,0,Bind,Mazino,MIBR,Brimstone,1.2,227.0,17,13,7,4,71.0,148.0,19.0,2.0,1.0,1.0,MIBR,,13,FUR,,8,1,VCT Americas
591,0,Bind,zekken,MIBR,Yoru,1.19,173.0,13,9,5,4,86.0,101.0,29.0,3.0,1.0,2.0,MIBR,,13,FUR,,8,1,VCT Americas
592,0,Bind,tex,MIBR,Viper,1.14,238.0,16,15,9,1,76.0,151.0,20.0,3.0,2.0,1.0,MIBR,,13,FUR,,8,1,VCT Americas
593,0,Bind,Verno,MIBR,Fade,1.04,184.0,14,12,7,2,86.0,104.0,25.0,3.0,1.0,2.0,MIBR,,13,FUR,,8,1,VCT Americas
594,0,Bind,aspas,MIBR,Raze,0.8,152.0,12,13,2,-1,57.0,123.0,17.0,3.0,2.0,1.0,MIBR,,13,FUR,,8,1,VCT Americas
595,0,Bind,eeiu,FUR,Fade,1.46,234.0,17,11,4,6,62.0,149.0,32.0,1.0,2.0,-1.0,MIBR,,13,FUR,,8,0,VCT Americas
596,0,Bind,nerve,FUR,Viper,1.03,181.0,12,14,12,-2,76.0,128.0,30.0,1.0,0.0,1.0,MIBR,,13,FUR,,8,0,VCT Americas
597,0,Bind,koalanoob,FUR,Yoru,0.93,193.0,15,16,1,-1,57.0,115.0,26.0,3.0,3.0,0.0,MIBR,,13,FUR,,8,0,VCT Americas
598,0,Bind,alym,FUR,Waylay,0.62,148.0,11,16,4,-5,52.0,93.0,26.0,2.0,6.0,-4.0,MIBR,,13,FUR,,8,0,VCT Americas
599,0,Bind,artzin,FUR,Brimstone,0.4,111.0,7,15,9,-8,71.0,82.0,36.0,0.0,3.0,-3.0,MIBR,,13,FUR,,8,0,VCT Americas
600,2,Abyss,Mazino,MIBR,Kayo,0.99,190.0,13,15,4,-2,52.0,129.0,43.0,3.0,4.0,-1.0,MIBR,,8,FUR,,13,0,VCT Americas
601,2,Abyss,tex,MIBR,Astra,0.93,197.0,15,14,4,1,76.0,117.0,38.0,2.0,2.0,0.0,MIBR,,8,FUR,,13,0,VCT Americas
602,2,Abyss,aspas,MIBR,Jett,0.92,182.0,14,13,1,1,67.0,116.0,26.0,1.0,2.0,-1.0,MIBR,,8,FUR,,13,0,VCT Americas
603,2,Abyss,Verno,MIBR,Sova,0.87,164.0,12,14,4,-2,71.0,131.0,26.0,0.0,0.0,0.0,MIBR,,8,FUR,,13,0,VCT Americas
604,2,Abyss,zekken,MIBR,Omen,0.58,170.0,11,17,5,-6,71.0,120.0,22.0,2.0,5.0,-3.0,MIBR,,8,FUR,,13,0,VCT Americas
605,2,Abyss,koalanoob,FUR,Omen,1.47,308.0,23,14,7,9,90.0,185.0,23.0,7.0,3.0,4.0,MIBR,,8,FUR,,13,1,VCT Americas
606,2,Abyss,alym,FUR,Waylay,1.12,191.0,14,13,7,1,81.0,127.0,27.0,3.0,1.0,2.0,MIBR,,8,FUR,,13,1,VCT Americas
607,2,Abyss,artzin,FUR,Astra,1.03,186.0,14,12,3,2,76.0,111.0,31.0,2.0,2.0,0.0,MIBR,,8,FUR,,13,1,VCT Americas
608,2,Abyss,nerve,FUR,Tejo,1.02,199.0,16,14,4,2,76.0,121.0,12.0,1.0,1.0,0.0,MIBR,,8,FUR,,13,1,VCT Americas
609,2,Abyss,eeiu,FUR,Sova,0.79,95.0,6,12,8,-6,81.0,75.0,11.0,0.0,1.0,-1.0,MIBR,,8,FUR,,13,1,VCT Americas
610,3,Haven,Mazino,MIBR,Viper,1.09,252.0,21,18,3,3,67.0,168.0,16.0,2.0,1.0,1.0,MIBR,,11,FUR,,13,0,VCT Americas
611,3,Haven,zekken,MIBR,Omen,1.07,206.0,16,13,5,3,79.0,129.0,32.0,3.0,4.0,-1.0,MIBR,,11,FUR,,13,0,VCT Americas
612,3,Haven,tex,MIBR,Killjoy,0.87,196.0,16,16,2,0,67.0,129.0,33.0,1.0,1.0,0.0,MIBR,,11,FUR,,13,0,VCT Americas
613,3,Haven,Verno,MIBR,Sova,0.82,153.0,13,15,4,-2,79.0,108.0,21.0,1.0,2.0,-1.0,MIBR,,11,FUR,,13,0,VCT Americas
614,3,Haven,aspas,MIBR,Neon,0.55,121.0,11,17,4,-6,58.0,79.0,29.0,4.0,5.0,-1.0,MIBR,,11,FUR,,13,0,VCT Americas
615,3,Haven,artzin,FUR,Killjoy,1.31,180.0,16,11,6,5,75.0,133.0,29.0,1.0,1.0,0.0,MIBR,,11,FUR,,13,1,VCT Americas
616,3,Haven,alym,FUR,Neon,1.21,238.0,19,17,6,2,75.0,155.0,27.0,5.0,3.0,2.0,MIBR,,11,FUR,,13,1,VCT Americas
617,3,Haven,nerve,FUR,Viper,1.01,171.0,14,17,6,-3,71.0,115.0,15.0,3.0,0.0,3.0,MIBR,,11,FUR,,13,1,VCT Americas
618,3,Haven,eeiu,FUR,Sova,0.98,151.0,14,14,9,0,58.0,100.0,22.0,1.0,1.0,0.0,MIBR,,11,FUR,,13,1,VCT Americas
619,3,Haven,koalanoob,FUR,Omen,0.85,187.0,16,18,7,-2,67.0,111.0,38.0,3.0,6.0,-3.0,MIBR,,11,FUR,,13,1,VCT Americas
620,4,Breeze,aspas,MIBR,Jett,1.81,295.0,18,6,1,12,80.0,188.0,32.0,2.0,2.0,0.0,MIBR,,13,FUR,,2,1,VCT Americas
621,4,Breeze,zekken,MIBR,Yoru,1.6,302.0,17,8,6,9,87.0,170.0,27.0,5.0,1.0,4.0,MIBR,,13,FUR,,2,1,VCT Americas
622,4,Breeze,Verno,MIBR,Sova,1.39,180.0,9,5,8,4,100.0,123.0,50.0,1.0,0.0,1.0,MIBR,,13,FUR,,2,1,VCT Americas
623,4,Breeze,Mazino,MIBR,Astra,1.26,248.0,14,10,7,4,93.0,165.0,50.0,1.0,1.0,0.0,MIBR,,13,FUR,,2,1,VCT Americas
624,4,Breeze,tex,MIBR,Viper,1.12,160.0,9,6,2,3,73.0,120.0,42.0,2.0,0.0,2.0,MIBR,,13,FUR,,2,1,VCT Americas
625,4,Breeze,koalanoob,FUR,Jett,0.78,204.0,11,14,2,-3,60.0,123.0,28.0,2.0,4.0,-2.0,MIBR,,13,FUR,,2,0,VCT Americas
626,4,Breeze,artzin,FUR,Astra,0.68,158.0,7,12,5,-5,80.0,100.0,35.0,0.0,0.0,0.0,MIBR,,13,FUR,,2,0,VCT Americas
627,4,Breeze,eeiu,FUR,Sova,0.63,138.0,7,14,2,-7,67.0,86.0,38.0,0.0,1.0,-1.0,MIBR,,13,FUR,,2,0,VCT Americas
628,4,Breeze,nerve,FUR,Viper,0.33,91.0,3,13,4,-10,47.0,69.0,21.0,0.0,0.0,0.0,MIBR,,13,FUR,,2,0,VCT Americas
629,4,Breeze,alym,FUR,Yoru,0.26,119.0,7,14,1,-7,47.0,76.0,27.0,2.0,6.0,-4.0,MIBR,,13,FUR,,2,0,VCT Americas
630,5,Split,zekken,MIBR,Yoru,1.18,267.0,20,16,6,4,71.0,172.0,24.0,6.0,1.0,5.0,MIBR,,8,FUR,,13,0,VCT Americas
631,5,Split,Mazino,MIBR,Omen,1.15,217.0,14,14,13,0,86.0,143.0,16.0,1.0,1.0,0.0,MIBR,,8,FUR,,13,0,VCT Americas
632,5,Split,aspas,MIBR,Raze,1.0,204.0,17,15,2,2,81.0,136.0,21.0,3.0,5.0,-2.0,MIBR,,8,FUR,,13,0,VCT Americas
633,5,Split,tex,MIBR,Viper,0.73,169.0,13,16,2,-3,71.0,104.0,21.0,2.0,1.0,1.0,MIBR,,8,FUR,,13,0,VCT Americas
634,5,Split,Verno,MIBR,Fade,0.69,141.0,9,14,7,-5,71.0,101.0,10.0,0.0,1.0,-1.0,MIBR,,8,FUR,,13,0,VCT Americas
635,5,Split,koalanoob,FUR,Yoru,1.38,235.0,18,13,5,5,86.0,140.0,17.0,3.0,3.0,0.0,MIBR,,8,FUR,,13,1,VCT Americas
636,5,Split,artzin,FUR,Omen,1.09,224.0,15,16,11,-1,81.0,151.0,23.0,2.0,2.0,0.0,MIBR,,8,FUR,,13,1,VCT Americas
637,5,Split,eeiu,FUR,Fade,1.06,195.0,16,14,1,2,67.0,131.0,19.0,2.0,1.0,1.0,MIBR,,8,FUR,,13,1,VCT Americas
638,5,Split,nerve,FUR,Viper,0.86,168.0,14,14,3,0,67.0,113.0,23.0,1.0,2.0,-1.0,MIBR,,8,FUR,,13,1,VCT Americas
639,5,Split,alym,FUR,Waylay,0.74,191.0,12,16,4,-4,67.0,124.0,29.0,1.0,4.0,-3.0,MIBR,,8,FUR,,13,1,VCT Americas
640,0,Pearl,bang,100T,Astra,1.55,246.0,24,14,10,10,88.0,174.0,41.0,1.0,0.0,1.0,100T,,14,C9,,12,1,VCT Americas
641,0,Pearl,Asuna,100T,Kayo,1.04,178.0,15,17,18,-2,85.0,111.0,22.0,0.0,1.0,-1.0,100T,,14,C9,,12,1,VCT Americas
642,0,Pearl,vora,100T,Fade,0.91,192.0,17,20,12,-3,69.0,138.0,19.0,1.0,3.0,-2.0,100T,,14,C9,,12,1,VCT Americas
643,0,Pearl,Cryocells,100T,Veto,0.9,205.0,19,20,4,-1,77.0,137.0,23.0,6.0,3.0,3.0,100T,,14,C9,,12,1,VCT Americas
644,0,Pearl,Timotino,100T,Waylay,0.85,211.0,18,22,9,-4,73.0,148.0,19.0,7.0,4.0,3.0,100T,,14,C9,,12,1,VCT Americas
645,0,Pearl,OXY,C9,Chamber,1.22,252.0,25,16,2,9,69.0,163.0,20.0,6.0,5.0,1.0,100T,,14,C9,,12,0,VCT Americas
646,0,Pearl,Xeppaa,C9,Tejo,1.07,230.0,23,20,4,3,81.0,155.0,26.0,2.0,1.0,1.0,100T,,14,C9,,12,0,VCT Americas
647,0,Pearl,v1c,C9,Astra,0.96,198.0,17,17,10,0,81.0,122.0,17.0,0.0,1.0,-1.0,100T,,14,C9,,12,0,VCT Americas
648,0,Pearl,Zellsis,C9,Kayo,0.93,157.0,14,18,20,-4,85.0,86.0,19.0,2.0,3.0,-1.0,100T,,14,C9,,12,0,VCT Americas
649,0,Pearl,penny,C9,Neon,0.63,152.0,14,22,7,-8,69.0,105.0,23.0,1.0,5.0,-4.0,100T,,14,C9,,12,0,VCT Americas
650,2,Split,bang,100T,Omen,1.34,229.0,20,15,5,5,83.0,151.0,36.0,2.0,1.0,1.0,100T,,11,C9,,13,0,VCT Americas
651,2,Split,Timotino,100T,Waylay,0.96,209.0,16,18,5,-2,71.0,144.0,26.0,6.0,3.0,3.0,100T,,11,C9,,13,0,VCT Americas
652,2,Split,Asuna,100T,Sage,0.94,182.0,14,19,11,-5,88.0,112.0,15.0,0.0,4.0,-4.0,100T,,11,C9,,13,0,VCT Americas
653,2,Split,Cryocells,100T,Viper,0.79,164.0,15,20,3,-5,71.0,101.0,12.0,1.0,2.0,-1.0,100T,,11,C9,,13,0,VCT Americas
654,2,Split,vora,100T,Skye,0.75,158.0,12,20,9,-8,63.0,113.0,38.0,2.0,3.0,-1.0,100T,,11,C9,,13,0,VCT Americas
655,2,Split,v1c,C9,Omen,1.51,310.0,26,14,8,12,92.0,199.0,32.0,5.0,3.0,2.0,100T,,11,C9,,13,1,VCT Americas
656,2,Split,OXY,C9,Chamber,1.45,267.0,25,14,3,11,83.0,172.0,17.0,6.0,0.0,6.0,100T,,11,C9,,13,1,VCT Americas
657,2,Split,Xeppaa,C9,Skye,1.01,220.0,18,17,11,1,83.0,137.0,29.0,1.0,0.0,1.0,100T,,11,C9,,13,1,VCT Americas
658,2,Split,Zellsis,C9,Viper,0.77,156.0,12,16,11,-4,75.0,97.0,16.0,1.0,4.0,-3.0,100T,,11,C9,,13,1,VCT Americas
659,2,Split,penny,C9,Raze,0.56,137.0,11,16,4,-5,75.0,88.0,13.0,0.0,4.0,-4.0,100T,,11,C9,,13,1,VCT Americas
660,3,Abyss,vora,100T,Tejo,1.91,330.0,19,6,3,13,93.0,211.0,30.0,2.0,1.0,1.0,100T,,13,C9,,2,1,VCT Americas
661,3,Abyss,Asuna,100T,Kayo,1.33,178.0,10,6,15,4,93.0,119.0,20.0,0.0,1.0,-1.0,100T,,13,C9,,2,1,VCT Americas
662,3,Abyss,bang,100T,Astra,1.29,179.0,10,7,12,3,93.0,106.0,17.0,0.0,0.0,0.0,100T,,13,C9,,2,1,VCT Americas
663,3,Abyss,Cryocells,100T,Chamber,1.23,204.0,12,7,3,5,87.0,134.0,19.0,4.0,2.0,2.0,100T,,13,C9,,2,1,VCT Americas
664,3,Abyss,Timotino,100T,Waylay,1.18,238.0,14,10,3,4,80.0,162.0,30.0,3.0,2.0,1.0,100T,,13,C9,,2,1,VCT Americas
665,3,Abyss,OXY,C9,Jett,0.83,235.0,12,15,2,-3,67.0,150.0,39.0,4.0,4.0,0.0,100T,,13,C9,,2,0,VCT Americas
666,3,Abyss,v1c,C9,Astra,0.72,170.0,9,13,6,-4,80.0,105.0,24.0,1.0,1.0,0.0,100T,,13,C9,,2,0,VCT Americas
667,3,Abyss,Xeppaa,C9,Sova,0.58,153.0,7,12,1,-5,60.0,115.0,22.0,0.0,1.0,-1.0,100T,,13,C9,,2,0,VCT Americas
668,3,Abyss,Zellsis,C9,Breach,0.47,91.0,4,13,6,-9,60.0,55.0,25.0,0.0,0.0,0.0,100T,,13,C9,,2,0,VCT Americas
669,3,Abyss,penny,C9,Waylay,0.27,83.0,4,13,2,-9,47.0,59.0,5.0,1.0,3.0,-2.0,100T,,13,C9,,2,0,VCT Americas
670,0,Breeze,Verno,MIBR,Sova,1.15,217.0,14,14,4,0,68.0,151.0,34.0,1.0,2.0,-1.0,MIBR,,6,G2,,13,0,VCT Americas
671,0,Breeze,zekken,MIBR,Yoru,0.9,157.0,9,14,5,-5,74.0,109.0,22.0,2.0,2.0,0.0,MIBR,,6,G2,,13,0,VCT Americas
672,0,Breeze,Mazino,MIBR,Astra,0.7,158.0,11,14,4,-3,58.0,99.0,28.0,0.0,0.0,0.0,MIBR,,6,G2,,13,0,VCT Americas
673,0,Breeze,tex,MIBR,Viper,0.67,168.0,11,17,2,-6,63.0,113.0,52.0,2.0,4.0,-2.0,MIBR,,6,G2,,13,0,VCT Americas
674,0,Breeze,aspas,MIBR,Jett,0.57,144.0,10,16,2,-6,47.0,87.0,59.0,3.0,3.0,0.0,MIBR,,6,G2,,13,0,VCT Americas
675,0,Breeze,valyn,G2,Astra,1.96,337.0,25,7,10,18,100.0,223.0,26.0,1.0,0.0,1.0,MIBR,,6,G2,,13,1,VCT Americas
676,0,Breeze,BABYBAY,G2,Yoru,1.01,170.0,11,11,4,0,79.0,120.0,23.0,5.0,2.0,3.0,MIBR,,6,G2,,13,1,VCT Americas
677,0,Breeze,jawgemo,G2,Neon,0.94,274.0,17,17,4,0,68.0,178.0,31.0,5.0,3.0,2.0,MIBR,,6,G2,,13,1,VCT Americas
678,0,Breeze,leaf,G2,Viper,0.94,145.0,12,10,2,2,68.0,87.0,32.0,0.0,1.0,-1.0,MIBR,,6,G2,,13,1,VCT Americas
679,0,Breeze,trent,G2,Sova,0.89,147.0,10,10,4,0,79.0,115.0,63.0,0.0,2.0,-2.0,MIBR,,6,G2,,13,1,VCT Americas
680,2,Haven,zekken,MIBR,Omen,1.31,275.0,16,14,8,2,82.0,173.0,40.0,1.0,2.0,-1.0,MIBR,,4,G2,,13,0,VCT Americas
681,2,Haven,Verno,MIBR,Sova,1.27,251.0,16,13,3,3,82.0,150.0,26.0,2.0,2.0,0.0,MIBR,,4,G2,,13,0,VCT Americas
682,2,Haven,aspas,MIBR,Neon,0.58,181.0,9,16,4,-7,65.0,137.0,11.0,1.0,1.0,0.0,MIBR,,4,G2,,13,0,VCT Americas
683,2,Haven,tex,MIBR,Killjoy,0.51,129.0,6,15,5,-9,65.0,92.0,26.0,1.0,5.0,-4.0,MIBR,,4,G2,,13,0,VCT Americas
684,2,Haven,Mazino,MIBR,Viper,0.36,104.0,4,16,7,-12,47.0,80.0,12.0,1.0,1.0,0.0,MIBR,,4,G2,,13,0,VCT Americas
685,2,Haven,valyn,G2,Astra,1.6,357.0,23,11,5,12,88.0,227.0,32.0,3.0,1.0,2.0,MIBR,,4,G2,,13,1,VCT Americas
686,2,Haven,BABYBAY,G2,Chamber,1.5,257.0,16,8,3,8,82.0,150.0,15.0,4.0,1.0,3.0,MIBR,,4,G2,,13,1,VCT Americas
687,2,Haven,trent,G2,Fade,1.24,227.0,15,9,4,6,76.0,139.0,29.0,2.0,0.0,2.0,MIBR,,4,G2,,13,1,VCT Americas
688,2,Haven,leaf,G2,Yoru,0.95,177.0,11,11,6,0,88.0,142.0,31.0,0.0,1.0,-1.0,MIBR,,4,G2,,13,1,VCT Americas
689,2,Haven,jawgemo,G2,Phoenix,0.6,143.0,9,12,4,-3,65.0,91.0,11.0,2.0,3.0,-1.0,MIBR,,4,G2,,13,1,VCT Americas
690,3,Corrode,Mazino,MIBR,Kayo,1.45,328.0,23,15,5,8,65.0,203.0,36.0,1.0,4.0,-3.0,MIBR,,7,G2,,13,0,VCT Americas
691,3,Corrode,zekken,MIBR,Omen,1.11,248.0,17,15,7,2,80.0,168.0,32.0,1.0,4.0,-3.0,MIBR,,7,G2,,13,0,VCT Americas
692,3,Corrode,Verno,MIBR,Sova,0.83,193.0,13,16,4,-3,80.0,125.0,39.0,2.0,1.0,1.0,MIBR,,7,G2,,13,0,VCT Americas
693,3,Corrode,aspas,MIBR,Waylay,0.49,127.0,10,17,1,-7,70.0,80.0,36.0,2.0,1.0,1.0,MIBR,,7,G2,,13,0,VCT Americas
694,3,Corrode,tex,MIBR,Viper,0.49,131.0,9,18,4,-9,55.0,96.0,29.0,1.0,3.0,-2.0,MIBR,,7,G2,,13,0,VCT Americas
695,3,Corrode,leaf,G2,Viper,1.3,206.0,17,12,3,5,70.0,143.0,25.0,2.0,2.0,0.0,MIBR,,7,G2,,13,1,VCT Americas
696,3,Corrode,trent,G2,Skye,1.24,212.0,16,13,9,3,70.0,124.0,29.0,4.0,1.0,3.0,MIBR,,7,G2,,13,1,VCT Americas
697,3,Corrode,valyn,G2,Astra,1.08,235.0,17,15,5,2,75.0,150.0,28.0,2.0,0.0,2.0,MIBR,,7,G2,,13,1,VCT Americas
698,3,Corrode,BABYBAY,G2,Waylay,1.04,221.0,16,15,5,1,70.0,149.0,16.0,1.0,2.0,-1.0,MIBR,,7,G2,,13,1,VCT Americas
699,3,Corrode,jawgemo,G2,Iso,0.94,235.0,15,17,9,-2,85.0,147.0,30.0,4.0,2.0,2.0,MIBR,,7,G2,,13,1,VCT Americas
700,0,Pearl,brawk,NRG,Sova,1.84,267.0,18,5,5,13,100.0,186.0,31.0,2.0,1.0,1.0,NRG,,13,100T,,3,1,VCT Americas
701,0,Pearl,keiko,NRG,Killjoy,1.45,252.0,16,8,2,8,94.0,169.0,35.0,2.0,0.0,2.0,NRG,,13,100T,,3,1,VCT Americas
702,0,Pearl,mada,NRG,Waylay,1.16,281.0,17,11,2,6,88.0,163.0,40.0,3.0,1.0,2.0,NRG,,13,100T,,3,1,VCT Americas
703,0,Pearl,skuba,NRG,Astra,1.07,164.0,9,9,9,0,94.0,112.0,30.0,2.0,1.0,1.0,NRG,,13,100T,,3,1,VCT Americas
704,0,Pearl,Ethan,NRG,Tejo,1.01,167.0,10,7,4,3,75.0,110.0,23.0,1.0,3.0,-2.0,NRG,,13,100T,,3,1,VCT Americas
705,0,Pearl,Cryocells,100T,Veto,0.98,212.0,12,13,0,-1,56.0,127.0,42.0,2.0,2.0,0.0,NRG,,13,100T,,3,0,VCT Americas
706,0,Pearl,vora,100T,Fade,0.75,181.0,11,14,0,-3,56.0,108.0,48.0,1.0,2.0,-1.0,NRG,,13,100T,,3,0,VCT Americas
707,0,Pearl,bang,100T,Astra,0.66,175.0,9,13,5,-4,81.0,108.0,39.0,1.0,1.0,0.0,NRG,,13,100T,,3,0,VCT Americas
708,0,Pearl,Timotino,100T,Waylay,0.3,115.0,6,16,0,-10,50.0,77.0,54.0,2.0,4.0,-2.0,NRG,,13,100T,,3,0,VCT Americas
709,0,Pearl,Asuna,100T,Kayo,0.21,64.0,2,14,6,-12,63.0,41.0,6.0,0.0,1.0,-1.0,NRG,,13,100T,,3,0,VCT Americas
710,2,Abyss,skuba,NRG,Viper,1.5,229.0,17,9,7,8,86.0,146.0,29.0,1.0,0.0,1.0,NRG,,13,100T,,8,1,VCT Americas
711,2,Abyss,Ethan,NRG,Tejo,1.27,219.0,17,12,5,5,71.0,151.0,36.0,2.0,3.0,-1.0,NRG,,13,100T,,8,1,VCT Americas
712,2,Abyss,mada,NRG,Waylay,1.26,259.0,21,15,4,6,76.0,170.0,33.0,5.0,0.0,5.0,NRG,,13,100T,,8,1,VCT Americas
713,2,Abyss,keiko,NRG,Omen,1.18,220.0,17,14,8,3,81.0,139.0,56.0,4.0,2.0,2.0,NRG,,13,100T,,8,1,VCT Americas
714,2,Abyss,brawk,NRG,Sova,0.8,127.0,10,12,3,-2,57.0,97.0,28.0,1.0,3.0,-2.0,NRG,,13,100T,,8,1,VCT Americas
715,2,Abyss,Asuna,100T,Kayo,0.99,200.0,14,16,14,-2,76.0,115.0,20.0,1.0,2.0,-1.0,NRG,,13,100T,,8,0,VCT Americas
716,2,Abyss,vora,100T,Tejo,0.86,181.0,14,16,3,-2,71.0,116.0,27.0,0.0,1.0,-1.0,NRG,,13,100T,,8,0,VCT Americas
717,2,Abyss,Timotino,100T,Waylay,0.77,195.0,14,17,7,-3,62.0,116.0,33.0,4.0,9.0,-5.0,NRG,,13,100T,,8,0,VCT Americas
718,2,Abyss,Cryocells,100T,Chamber,0.66,147.0,10,16,3,-6,57.0,99.0,23.0,3.0,0.0,3.0,NRG,,13,100T,,8,0,VCT Americas
719,2,Abyss,bang,100T,Astra,0.6,127.0,10,17,6,-7,52.0,87.0,20.0,0.0,1.0,-1.0,NRG,,13,100T,,8,0,VCT Americas
720,0,Bind,aspas,MIBR,Raze,1.64,292.0,24,10,4,14,82.0,199.0,28.0,2.0,3.0,-1.0,MIBR,,13,NRG,,9,1,VCT Americas
721,0,Bind,Verno,MIBR,Fade,1.4,262.0,22,10,5,12,77.0,153.0,40.0,2.0,0.0,2.0,MIBR,,13,NRG,,9,1,VCT Americas
722,0,Bind,tex,MIBR,Viper,1.16,167.0,13,11,7,2,82.0,120.0,27.0,2.0,0.0,2.0,MIBR,,13,NRG,,9,1,VCT Americas
723,0,Bind,zekken,MIBR,Yoru,0.91,190.0,17,16,7,1,73.0,126.0,20.0,3.0,3.0,0.0,MIBR,,13,NRG,,9,1,VCT Americas
724,0,Bind,Mazino,MIBR,Brimstone,0.66,144.0,10,16,9,-6,73.0,92.0,28.0,2.0,5.0,-3.0,MIBR,,13,NRG,,9,1,VCT Americas
725,0,Bind,skuba,NRG,Viper,1.12,239.0,17,15,3,2,64.0,159.0,32.0,1.0,3.0,-2.0,MIBR,,13,NRG,,9,0,VCT Americas
726,0,Bind,mada,NRG,Waylay,0.9,212.0,16,18,4,-2,45.0,124.0,29.0,7.0,3.0,4.0,MIBR,,13,NRG,,9,0,VCT Americas
727,0,Bind,keiko,NRG,Brimstone,0.89,181.0,14,18,3,-4,64.0,117.0,48.0,1.0,2.0,-1.0,MIBR,,13,NRG,,9,0,VCT Americas
728,0,Bind,brawk,NRG,Tejo,0.72,155.0,10,17,5,-7,68.0,106.0,20.0,1.0,1.0,0.0,MIBR,,13,NRG,,9,0,VCT Americas
729,0,Bind,Ethan,NRG,Skye,0.42,91.0,6,18,4,-12,55.0,65.0,36.0,1.0,2.0,-1.0,MIBR,,13,NRG,,9,0,VCT Americas
730,2,Corrode,Mazino,MIBR,Kayo,1.6,299.0,20,10,7,10,67.0,200.0,30.0,0.0,2.0,-2.0,MIBR,,13,NRG,,5,1,VCT Americas
731,2,Corrode,aspas,MIBR,Waylay,1.33,215.0,15,7,2,8,83.0,138.0,26.0,3.0,2.0,1.0,MIBR,,13,NRG,,5,1,VCT Americas
732,2,Corrode,Verno,MIBR,Sova,1.03,182.0,11,10,7,1,72.0,122.0,40.0,1.0,1.0,0.0,MIBR,,13,NRG,,5,1,VCT Americas
733,2,Corrode,tex,MIBR,Viper,1.02,206.0,14,12,3,2,67.0,118.0,29.0,3.0,2.0,1.0,MIBR,,13,NRG,,5,1,VCT Americas
734,2,Corrode,zekken,MIBR,Omen,0.86,164.0,11,13,4,-2,78.0,108.0,38.0,2.0,2.0,0.0,MIBR,,13,NRG,,5,1,VCT Americas
735,2,Corrode,Ethan,NRG,Kayo,1.01,265.0,16,16,5,0,72.0,172.0,41.0,5.0,2.0,3.0,MIBR,,13,NRG,,5,0,VCT Americas
736,2,Corrode,mada,NRG,Waylay,0.94,196.0,13,13,3,0,44.0,119.0,35.0,2.0,3.0,-1.0,MIBR,,13,NRG,,5,0,VCT Americas
737,2,Corrode,skuba,NRG,Viper,0.83,138.0,8,12,6,-4,94.0,115.0,35.0,0.0,1.0,-1.0,MIBR,,13,NRG,,5,0,VCT Americas
738,2,Corrode,brawk,NRG,Sova,0.78,165.0,10,14,6,-4,61.0,108.0,36.0,1.0,0.0,1.0,MIBR,,13,NRG,,5,0,VCT Americas
739,2,Corrode,keiko,NRG,Omen,0.28,99.0,5,16,3,-11,50.0,71.0,22.0,1.0,3.0,-2.0,MIBR,,13,NRG,,5,0,VCT Americas
740,3,Split,aspas,MIBR,Raze,1.19,253.0,21,13,1,8,83.0,163.0,13.0,2.0,3.0,-1.0,MIBR,,10,NRG,,13,0,VCT Americas
741,3,Split,Verno,MIBR,Fade,0.93,205.0,17,16,6,1,70.0,125.0,25.0,1.0,2.0,-1.0,MIBR,,10,NRG,,13,0,VCT Americas
742,3,Split,zekken,MIBR,Yoru,0.84,207.0,15,19,5,-4,61.0,145.0,19.0,3.0,3.0,0.0,MIBR,,10,NRG,,13,0,VCT Americas
743,3,Split,tex,MIBR,Viper,0.64,155.0,12,16,2,-4,57.0,108.0,31.0,2.0,5.0,-3.0,MIBR,,10,NRG,,13,0,VCT Americas
744,3,Split,Mazino,MIBR,Omen,0.6,80.0,7,15,5,-8,57.0,58.0,31.0,0.0,2.0,-2.0,MIBR,,10,NRG,,13,0,VCT Americas
745,3,Split,brawk,NRG,Tejo,1.42,219.0,18,11,8,7,87.0,167.0,28.0,1.0,0.0,1.0,MIBR,,10,NRG,,13,1,VCT Americas
746,3,Split,skuba,NRG,Viper,1.18,215.0,19,13,3,6,74.0,121.0,22.0,3.0,0.0,3.0,MIBR,,10,NRG,,13,1,VCT Americas
747,3,Split,mada,NRG,Waylay,1.08,229.0,18,17,4,1,83.0,139.0,19.0,9.0,3.0,6.0,MIBR,,10,NRG,,13,1,VCT Americas
748,3,Split,Ethan,NRG,Skye,0.88,170.0,12,16,10,-4,70.0,115.0,28.0,2.0,3.0,-1.0,MIBR,,10,NRG,,13,1,VCT Americas
749,3,Split,keiko,NRG,Astra,0.83,159.0,12,15,5,-3,70.0,114.0,41.0,0.0,2.0,-2.0,MIBR,,10,NRG,,13,1,VCT Americas
750,4,Abyss,Verno,MIBR,Sova,1.29,274.0,17,14,3,3,71.0,157.0,33.0,0.0,2.0,-2.0,MIBR,,4,NRG,,13,0,VCT Americas
751,4,Abyss,zekken,MIBR,Omen,1.02,244.0,12,15,12,-3,71.0,151.0,32.0,4.0,4.0,0.0,MIBR,,4,NRG,,13,0,VCT Americas
752,4,Abyss,aspas,MIBR,Jett,0.73,172.0,10,15,3,-5,59.0,112.0,30.0,2.0,3.0,-1.0,MIBR,,4,NRG,,13,0,VCT Americas
753,4,Abyss,tex,MIBR,Astra,0.47,76.0,4,14,10,-10,59.0,49.0,24.0,0.0,0.0,0.0,MIBR,,4,NRG,,13,0,VCT Americas
754,4,Abyss,Mazino,MIBR,Kayo,0.37,85.0,3,15,9,-12,71.0,57.0,19.0,0.0,2.0,-2.0,MIBR,,4,NRG,,13,0,VCT Americas
755,4,Abyss,brawk,NRG,Sova,1.47,241.0,17,8,7,9,82.0,159.0,25.0,2.0,1.0,1.0,MIBR,,4,NRG,,13,1,VCT Americas
756,4,Abyss,keiko,NRG,Omen,1.38,244.0,16,10,9,6,88.0,149.0,34.0,2.0,1.0,1.0,MIBR,,4,NRG,,13,1,VCT Americas
757,4,Abyss,Ethan,NRG,Tejo,1.31,249.0,15,8,6,7,94.0,192.0,23.0,2.0,0.0,2.0,MIBR,,4,NRG,,13,1,VCT Americas
758,4,Abyss,mada,NRG,Waylay,1.11,239.0,13,11,7,2,82.0,159.0,21.0,3.0,4.0,-1.0,MIBR,,4,NRG,,13,1,VCT Americas
759,4,Abyss,skuba,NRG,Viper,1.06,179.0,11,10,5,1,76.0,133.0,34.0,2.0,0.0,2.0,MIBR,,4,NRG,,13,1,VCT Americas
760,5,Haven,tex,MIBR,Killjoy,0.83,159.0,12,12,0,0,67.0,94.0,35.0,1.0,3.0,-2.0,MIBR,,5,NRG,,13,0,VCT Americas
761,5,Haven,aspas,MIBR,Neon,0.82,183.0,12,14,3,-2,56.0,115.0,27.0,4.0,2.0,2.0,MIBR,,5,NRG,,13,0,VCT Americas
762,5,Haven,Verno,MIBR,Sova,0.81,167.0,9,13,7,-4,78.0,114.0,20.0,0.0,2.0,-2.0,MIBR,,5,NRG,,13,0,VCT Americas
763,5,Haven,Mazino,MIBR,Viper,0.72,144.0,9,15,4,-6,67.0,89.0,22.0,2.0,0.0,2.0,MIBR,,5,NRG,,13,0,VCT Americas
764,5,Haven,zekken,MIBR,Omen,0.46,124.0,5,15,5,-10,50.0,90.0,11.0,1.0,3.0,-2.0,MIBR,,5,NRG,,13,0,VCT Americas
765,5,Haven,keiko,NRG,Viper,1.68,238.0,17,7,7,10,83.0,166.0,29.0,2.0,1.0,1.0,MIBR,,5,NRG,,13,1,VCT Americas
766,5,Haven,mada,NRG,Neon,1.39,259.0,17,10,3,7,89.0,157.0,30.0,4.0,2.0,2.0,MIBR,,5,NRG,,13,1,VCT Americas
767,5,Haven,brawk,NRG,Sova,1.17,196.0,12,10,5,2,83.0,122.0,21.0,3.0,1.0,2.0,MIBR,,5,NRG,,13,1,VCT Americas
768,5,Haven,skuba,NRG,Killjoy,1.13,171.0,11,8,4,3,78.0,137.0,29.0,0.0,1.0,-1.0,MIBR,,5,NRG,,13,1,VCT Americas
769,5,Haven,Ethan,NRG,Omen,0.88,174.0,12,12,7,0,72.0,103.0,12.0,1.0,3.0,-2.0,MIBR,,5,NRG,,13,1,VCT Americas
770,0,Corrode,kiNgg,LEV,Viper,1.22,237.0,19,14,6,5,78.0,148.0,35.0,2.0,2.0,0.0,LEV,,10,C9,,13,0,VCT Americas
771,0,Corrode,Sato,LEV,Neon,0.97,250.0,21,18,0,3,70.0,162.0,43.0,4.0,5.0,-1.0,LEV,,10,C9,,13,0,VCT Americas
772,0,Corrode,Okeanos,LEV,Omen,0.95,216.0,16,18,11,-2,74.0,152.0,28.0,1.0,0.0,1.0,LEV,,10,C9,,13,0,VCT Americas
773,0,Corrode,tex,LEV,Chamber,0.66,137.0,12,17,2,-5,57.0,94.0,14.0,2.0,4.0,-2.0,LEV,,10,C9,,13,0,VCT Americas
774,0,Corrode,C0M,LEV,Fade,0.52,124.0,9,17,6,-8,61.0,78.0,18.0,3.0,0.0,3.0,LEV,,10,C9,,13,0,VCT Americas
775,0,Corrode,neT,C9,Viper,1.3,203.0,17,12,5,5,83.0,131.0,37.0,1.0,1.0,0.0,LEV,,10,C9,,13,1,VCT Americas
776,0,Corrode,mitch,C9,Skye,1.25,229.0,17,15,17,2,83.0,135.0,20.0,1.0,5.0,-4.0,LEV,,10,C9,,13,1,VCT Americas
777,0,Corrode,v1c,C9,Omen,1.08,193.0,15,16,8,-1,91.0,133.0,34.0,2.0,1.0,1.0,LEV,,10,C9,,13,1,VCT Americas
778,0,Corrode,OXY,C9,Raze,1.07,224.0,18,17,5,1,74.0,152.0,31.0,5.0,5.0,0.0,LEV,,10,C9,,13,1,VCT Americas
779,0,Corrode,Xeppaa,C9,Vyse,0.94,206.0,17,17,9,0,83.0,140.0,13.0,2.0,0.0,2.0,LEV,,10,C9,,13,1,VCT Americas
780,2,Haven,Sato,LEV,Yoru,1.82,383.0,30,15,4,15,83.0,236.0,27.0,7.0,2.0,5.0,LEV,,13,C9,,10,1,VCT Americas
781,2,Haven,Okeanos,LEV,Neon,1.23,239.0,20,14,3,6,87.0,169.0,31.0,4.0,1.0,3.0,LEV,,13,C9,,10,1,VCT Americas
782,2,Haven,kiNgg,LEV,Omen,1.0,199.0,14,16,14,-2,78.0,139.0,31.0,1.0,3.0,-2.0,LEV,,13,C9,,10,1,VCT Americas
783,2,Haven,C0M,LEV,Sova,0.98,172.0,17,10,2,7,83.0,112.0,29.0,1.0,2.0,-1.0,LEV,,13,C9,,10,1,VCT Americas
784,2,Haven,tex,LEV,Cypher,0.69,107.0,9,13,6,-4,78.0,70.0,16.0,1.0,1.0,0.0,LEV,,13,C9,,10,1,VCT Americas
785,2,Haven,neT,C9,Viper,1.02,234.0,18,19,5,-1,70.0,143.0,42.0,3.0,2.0,1.0,LEV,,13,C9,,10,0,VCT Americas
786,2,Haven,OXY,C9,Jett,0.97,215.0,18,18,5,0,65.0,134.0,51.0,4.0,3.0,1.0,LEV,,13,C9,,10,0,VCT Americas
787,2,Haven,v1c,C9,Omen,0.58,128.0,10,18,5,-8,65.0,89.0,35.0,2.0,2.0,0.0,LEV,,13,C9,,10,0,VCT Americas
788,2,Haven,Xeppaa,C9,Killjoy,0.56,168.0,13,17,3,-4,65.0,110.0,36.0,0.0,2.0,-2.0,LEV,,13,C9,,10,0,VCT Americas
789,2,Haven,mitch,C9,Skye,0.5,108.0,9,18,6,-9,65.0,76.0,13.0,0.0,5.0,-5.0,LEV,,13,C9,,10,0,VCT Americas
790,3,Lotus,Okeanos,LEV,Omen,1.74,349.0,30,16,8,14,75.0,226.0,30.0,3.0,4.0,-1.0,LEV,,11,C9,,13,0,VCT Americas
791,3,Lotus,kiNgg,LEV,Viper,0.88,186.0,15,18,8,-3,71.0,126.0,21.0,2.0,2.0,0.0,LEV,,11,C9,,13,0,VCT Americas
792,3,Lotus,tex,LEV,Vyse,0.66,126.0,10,18,3,-8,67.0,84.0,44.0,1.0,0.0,1.0,LEV,,11,C9,,13,0,VCT Americas
793,3,Lotus,Sato,LEV,Raze,0.59,177.0,16,21,1,-5,58.0,110.0,25.0,3.0,6.0,-3.0,LEV,,11,C9,,13,0,VCT Americas
794,3,Lotus,C0M,LEV,Fade,0.53,128.0,11,17,4,-6,83.0,91.0,35.0,2.0,1.0,1.0,LEV,,11,C9,,13,0,VCT Americas
795,3,Lotus,v1c,C9,Omen,1.24,202.0,18,14,9,4,83.0,135.0,30.0,1.0,1.0,0.0,LEV,,11,C9,,13,1,VCT Americas
796,3,Lotus,Xeppaa,C9,Vyse,1.09,235.0,20,17,4,3,79.0,158.0,34.0,4.0,1.0,3.0,LEV,,11,C9,,13,1,VCT Americas
797,3,Lotus,mitch,C9,Fade,1.05,188.0,15,15,12,0,88.0,123.0,45.0,2.0,3.0,-1.0,LEV,,11,C9,,13,1,VCT Americas
798,3,Lotus,OXY,C9,Raze,1.02,222.0,19,18,5,1,88.0,145.0,21.0,4.0,5.0,-1.0,LEV,,11,C9,,13,1,VCT Americas
799,3,Lotus,neT,C9,Viper,1.01,204.0,18,18,5,0,75.0,131.0,34.0,2.0,1.0,1.0,LEV,,11,C9,,13,1,VCT Americas
800,0,Corrode,johnqt,SEN,Viper,1.39,232.0,18,12,8,6,83.0,147.0,25.0,2.0,0.0,2.0,SEN,,13,C9,,10,1,VCT Americas
801,0,Corrode,zekken,SEN,Neon,1.37,255.0,23,15,2,8,74.0,158.0,30.0,4.0,2.0,2.0,SEN,,13,C9,,10,1,VCT Americas
802,0,Corrode,Zellsis,SEN,Vyse,1.13,228.0,18,15,9,3,87.0,143.0,23.0,1.0,3.0,-2.0,SEN,,13,C9,,10,1,VCT Americas
803,0,Corrode,N4RRATE,SEN,Fade,0.82,193.0,15,18,7,-3,74.0,107.0,14.0,5.0,2.0,3.0,SEN,,13,C9,,10,1,VCT Americas
804,0,Corrode,bang,SEN,Omen,0.69,121.0,9,14,9,-5,74.0,74.0,26.0,0.0,4.0,-4.0,SEN,,13,C9,,10,1,VCT Americas
805,0,Corrode,mitch,C9,Skye,1.21,219.0,18,14,9,4,78.0,135.0,21.0,1.0,1.0,0.0,SEN,,13,C9,,10,0,VCT Americas
806,0,Corrode,Xeppaa,C9,Vyse,1.03,206.0,16,16,7,0,78.0,139.0,20.0,2.0,1.0,1.0,SEN,,13,C9,,10,0,VCT Americas
807,0,Corrode,v1c,C9,Omen,0.98,207.0,17,17,12,0,78.0,121.0,28.0,2.0,2.0,0.0,SEN,,13,C9,,10,0,VCT Americas
808,0,Corrode,neT,C9,Viper,0.73,130.0,11,17,7,-6,83.0,76.0,17.0,2.0,2.0,0.0,SEN,,13,C9,,10,0,VCT Americas
809,0,Corrode,OXY,C9,Raze,0.67,186.0,12,19,6,-7,61.0,125.0,23.0,4.0,6.0,-2.0,SEN,,13,C9,,10,0,VCT Americas
810,2,Icebox,Zellsis,SEN,Killjoy,1.15,231.0,17,15,4,2,73.0,153.0,25.0,3.0,1.0,2.0,SEN,,9,C9,,13,0,VCT Americas
811,2,Icebox,bang,SEN,Viper,1.09,210.0,15,16,3,-1,68.0,148.0,30.0,3.0,2.0,1.0,SEN,,9,C9,,13,0,VCT Americas
812,2,Icebox,N4RRATE,SEN,Sova,0.77,122.0,10,13,4,-3,59.0,75.0,28.0,1.0,1.0,0.0,SEN,,9,C9,,13,0,VCT Americas
813,2,Icebox,johnqt,SEN,Sage,0.74,134.0,9,15,8,-6,73.0,88.0,31.0,1.0,1.0,0.0,SEN,,9,C9,,13,0,VCT Americas
814,2,Icebox,zekken,SEN,Jett,0.55,146.0,11,18,2,-7,50.0,106.0,28.0,3.0,6.0,-3.0,SEN,,9,C9,,13,0,VCT Americas
815,2,Icebox,mitch,C9,Sova,1.33,230.0,18,11,4,7,77.0,151.0,27.0,1.0,0.0,1.0,SEN,,9,C9,,13,1,VCT Americas
816,2,Icebox,Xeppaa,C9,Killjoy,1.23,223.0,18,12,2,6,68.0,159.0,37.0,1.0,2.0,-1.0,SEN,,9,C9,,13,1,VCT Americas
817,2,Icebox,neT,C9,Viper,1.23,198.0,16,9,9,7,77.0,127.0,23.0,4.0,3.0,1.0,SEN,,9,C9,,13,1,VCT Americas
818,2,Icebox,v1c,C9,Iso,0.9,166.0,12,13,3,-1,64.0,106.0,34.0,3.0,2.0,1.0,SEN,,9,C9,,13,1,VCT Americas
819,2,Icebox,OXY,C9,Raze,0.78,168.0,13,17,3,-4,64.0,122.0,31.0,2.0,4.0,-2.0,SEN,,9,C9,,13,1,VCT Americas
820,3,Lotus,N4RRATE,SEN,Fade,1.49,222.0,21,11,7,10,78.0,148.0,30.0,1.0,0.0,1.0,SEN,,13,C9,,10,1,VCT Americas
821,3,Lotus,zekken,SEN,Raze,1.4,252.0,21,12,2,9,70.0,161.0,21.0,7.0,5.0,2.0,SEN,,13,C9,,10,1,VCT Americas
822,3,Lotus,Zellsis,SEN,Vyse,1.27,224.0,18,14,13,4,87.0,150.0,15.0,2.0,2.0,0.0,SEN,,13,C9,,10,1,VCT Americas
823,3,Lotus,johnqt,SEN,Viper,1.19,197.0,15,14,12,1,87.0,144.0,46.0,2.0,0.0,2.0,SEN,,13,C9,,10,1,VCT Americas
824,3,Lotus,bang,SEN,Omen,0.67,147.0,9,20,20,-11,87.0,86.0,29.0,2.0,2.0,0.0,SEN,,13,C9,,10,1,VCT Americas
825,3,Lotus,v1c,C9,Omen,1.16,203.0,17,16,15,1,83.0,144.0,29.0,0.0,0.0,0.0,SEN,,13,C9,,10,0,VCT Americas
826,3,Lotus,OXY,C9,Raze,1.01,240.0,18,18,4,0,78.0,167.0,20.0,5.0,5.0,0.0,SEN,,13,C9,,10,0,VCT Americas
827,3,Lotus,neT,C9,Viper,0.98,166.0,16,15,8,1,74.0,107.0,33.0,1.0,3.0,-2.0,SEN,,13,C9,,10,0,VCT Americas
828,3,Lotus,Xeppaa,C9,Vyse,0.86,166.0,12,16,12,-4,78.0,110.0,12.0,1.0,2.0,-1.0,SEN,,13,C9,,10,0,VCT Americas
829,3,Lotus,mitch,C9,Fade,0.49,122.0,8,19,8,-11,70.0,83.0,4.0,2.0,4.0,-2.0,SEN,,13,C9,,10,0,VCT Americas
830,0,Sunset,BABYBAY,G2,Chamber,1.54,281.0,16,9,7,7,94.0,199.0,20.0,4.0,1.0,3.0,G2,,13,100T,,4,1,VCT Americas
831,0,Sunset,jawgemo,G2,Neon,1.53,301.0,18,11,4,7,88.0,186.0,36.0,7.0,0.0,7.0,G2,,13,100T,,4,1,VCT Americas
832,0,Sunset,valyn,G2,Omen,1.23,195.0,13,9,8,4,76.0,128.0,34.0,0.0,1.0,-1.0,G2,,13,100T,,4,1,VCT Americas
833,0,Sunset,trent,G2,Fade,1.21,175.0,13,9,7,4,94.0,120.0,28.0,1.0,1.0,0.0,G2,,13,100T,,4,1,VCT Americas
834,0,Sunset,JonahP,G2,Sage,1.21,193.0,12,9,8,3,88.0,137.0,23.0,2.0,0.0,2.0,G2,,13,100T,,4,1,VCT Americas
835,0,Sunset,eeiu,100T,Sova,1.03,214.0,14,14,2,0,76.0,149.0,46.0,1.0,1.0,0.0,G2,,13,100T,,4,0,VCT Americas
836,0,Sunset,Cryocells,100T,Yoru,0.95,235.0,13,14,5,-1,82.0,164.0,40.0,1.0,1.0,0.0,G2,,13,100T,,4,0,VCT Americas
837,0,Sunset,zander,100T,Omen,0.62,147.0,9,15,6,-6,65.0,86.0,20.0,0.0,2.0,-2.0,G2,,13,100T,,4,0,VCT Americas
838,0,Sunset,Asuna,100T,Neon,0.4,124.0,6,15,7,-9,71.0,93.0,24.0,1.0,8.0,-7.0,G2,,13,100T,,4,0,VCT Americas
839,0,Sunset,Kess,100T,Cypher,0.36,86.0,5,14,1,-9,53.0,53.0,17.0,0.0,2.0,-2.0,G2,,13,100T,,4,0,VCT Americas
840,2,Haven,jawgemo,G2,Yoru,1.73,345.0,25,9,4,16,89.0,196.0,17.0,1.0,1.0,0.0,G2,,13,100T,,5,1,VCT Americas
841,2,Haven,JonahP,G2,Viper,1.3,212.0,15,9,4,6,94.0,120.0,23.0,6.0,1.0,5.0,G2,,13,100T,,5,1,VCT Americas
842,2,Haven,BABYBAY,G2,Vyse,1.27,238.0,15,11,7,4,89.0,159.0,24.0,5.0,0.0,5.0,G2,,13,100T,,5,1,VCT Americas
843,2,Haven,trent,G2,Fade,1.04,176.0,12,11,5,1,89.0,132.0,24.0,0.0,1.0,-1.0,G2,,13,100T,,5,1,VCT Americas
844,2,Haven,valyn,G2,Omen,0.79,156.0,10,12,8,-2,89.0,110.0,19.0,2.0,1.0,1.0,G2,,13,100T,,5,1,VCT Americas
845,2,Haven,eeiu,100T,Sova,1.27,256.0,18,15,1,3,83.0,159.0,43.0,1.0,2.0,-1.0,G2,,13,100T,,5,0,VCT Americas
846,2,Haven,Kess,100T,Cypher,0.72,173.0,11,16,2,-5,56.0,104.0,40.0,2.0,2.0,0.0,G2,,13,100T,,5,0,VCT Americas
847,2,Haven,Cryocells,100T,Yoru,0.65,170.0,10,16,6,-6,72.0,112.0,32.0,1.0,4.0,-3.0,G2,,13,100T,,5,0,VCT Americas
848,2,Haven,zander,100T,Omen,0.6,146.0,8,16,10,-8,67.0,103.0,22.0,0.0,2.0,-2.0,G2,,13,100T,,5,0,VCT Americas
849,2,Haven,Asuna,100T,Neon,0.5,106.0,5,14,4,-9,78.0,72.0,10.0,0.0,4.0,-4.0,G2,,13,100T,,5,0,VCT Americas
850,0,Corrode,s0m,NRG,Omen,1.46,256.0,22,13,5,9,83.0,158.0,49.0,4.0,2.0,2.0,NRG,,13,G2,,10,1,VCT Americas
851,0,Corrode,skuba,NRG,Viper,1.25,258.0,19,15,12,4,83.0,152.0,23.0,3.0,1.0,2.0,NRG,,13,G2,,10,1,VCT Americas
852,0,Corrode,Ethan,NRG,Kayo,1.03,207.0,14,17,16,-3,74.0,145.0,19.0,1.0,2.0,-1.0,NRG,,13,G2,,10,1,VCT Americas
853,0,Corrode,mada,NRG,Waylay,0.91,203.0,17,16,1,1,65.0,151.0,18.0,3.0,5.0,-2.0,NRG,,13,G2,,10,1,VCT Americas
854,0,Corrode,brawk,NRG,Sova,0.72,137.0,10,15,2,-5,61.0,93.0,11.0,1.0,1.0,0.0,NRG,,13,G2,,10,1,VCT Americas
855,0,Corrode,BABYBAY,G2,Viper,1.23,196.0,16,12,5,4,74.0,131.0,24.0,3.0,1.0,2.0,NRG,,13,G2,,10,0,VCT Americas
856,0,Corrode,valyn,G2,Omen,1.06,262.0,22,20,6,2,70.0,153.0,28.0,4.0,4.0,0.0,NRG,,13,G2,,10,0,VCT Americas
857,0,Corrode,JonahP,G2,Sage,0.95,142.0,12,15,12,-3,70.0,88.0,21.0,2.0,1.0,1.0,NRG,,13,G2,,10,0,VCT Americas
858,0,Corrode,jawgemo,G2,Waylay,0.8,214.0,18,18,4,0,52.0,132.0,27.0,0.0,5.0,-5.0,NRG,,13,G2,,10,0,VCT Americas
859,0,Corrode,trent,G2,Fade,0.56,104.0,8,17,6,-9,65.0,76.0,31.0,2.0,1.0,1.0,NRG,,13,G2,,10,0,VCT Americas
860,2,Sunset,mada,NRG,Neon,1.3,306.0,26,18,5,8,79.0,192.0,33.0,5.0,3.0,2.0,NRG,,11,G2,,13,0,VCT Americas
861,2,Sunset,s0m,NRG,Omen,1.28,259.0,22,18,8,4,71.0,166.0,32.0,4.0,5.0,-1.0,NRG,,11,G2,,13,0,VCT Americas
862,2,Sunset,Ethan,NRG,Breach,1.14,198.0,15,15,10,0,71.0,134.0,35.0,1.0,1.0,0.0,NRG,,11,G2,,13,0,VCT Americas
863,2,Sunset,brawk,NRG,Sova,0.76,116.0,10,17,8,-7,67.0,83.0,17.0,0.0,1.0,-1.0,NRG,,11,G2,,13,0,VCT Americas
864,2,Sunset,skuba,NRG,Cypher,0.58,126.0,10,17,8,-7,71.0,88.0,21.0,0.0,4.0,-4.0,NRG,,11,G2,,13,0,VCT Americas
865,2,Sunset,JonahP,G2,Sage,1.35,214.0,19,13,8,6,75.0,132.0,43.0,3.0,1.0,2.0,NRG,,11,G2,,13,1,VCT Americas
866,2,Sunset,BABYBAY,G2,Chamber,1.23,262.0,23,18,5,5,83.0,161.0,23.0,5.0,3.0,2.0,NRG,,11,G2,,13,1,VCT Americas
867,2,Sunset,valyn,G2,Omen,1.12,200.0,17,15,12,2,71.0,135.0,32.0,2.0,0.0,2.0,NRG,,11,G2,,13,1,VCT Americas
868,2,Sunset,jawgemo,G2,Neon,0.73,174.0,16,19,4,-3,71.0,112.0,21.0,3.0,3.0,0.0,NRG,,11,G2,,13,1,VCT Americas
869,2,Sunset,trent,G2,Fade,0.54,115.0,10,18,2,-8,58.0,78.0,18.0,1.0,3.0,-2.0,NRG,,11,G2,,13,1,VCT Americas
870,3,Bind,s0m,NRG,Brimstone,1.38,259.0,19,13,5,6,65.0,163.0,37.0,4.0,3.0,1.0,NRG,,7,G2,,13,0,VCT Americas
871,3,Bind,mada,NRG,Raze,0.79,203.0,12,18,2,-6,60.0,142.0,19.0,2.0,1.0,1.0,NRG,,7,G2,,13,0,VCT Americas
872,3,Bind,skuba,NRG,Viper,0.73,158.0,12,16,3,-4,65.0,102.0,13.0,2.0,3.0,-1.0,NRG,,7,G2,,13,0,VCT Americas
873,3,Bind,Ethan,NRG,Kayo,0.6,119.0,8,16,10,-8,70.0,68.0,14.0,0.0,3.0,-3.0,NRG,,7,G2,,13,0,VCT Americas
874,3,Bind,brawk,NRG,Fade,0.52,98.0,7,16,4,-9,35.0,73.0,21.0,0.0,2.0,-2.0,NRG,,7,G2,,13,0,VCT Americas
875,3,Bind,JonahP,G2,Fade,1.38,253.0,19,12,6,7,75.0,168.0,29.0,0.0,3.0,-3.0,NRG,,7,G2,,13,1,VCT Americas
876,3,Bind,valyn,G2,Brimstone,1.28,259.0,20,13,6,7,85.0,171.0,31.0,4.0,1.0,3.0,NRG,,7,G2,,13,1,VCT Americas
877,3,Bind,trent,G2,Tejo,1.19,195.0,14,11,8,3,85.0,126.0,13.0,4.0,0.0,4.0,NRG,,7,G2,,13,1,VCT Americas
878,3,Bind,BABYBAY,G2,Deadlock,1.02,165.0,12,10,2,2,85.0,100.0,22.0,1.0,1.0,0.0,NRG,,7,G2,,13,1,VCT Americas
879,3,Bind,jawgemo,G2,Yoru,1.01,196.0,14,12,3,2,75.0,138.0,21.0,3.0,3.0,0.0,NRG,,7,G2,,13,1,VCT Americas
880,0,Bind,bang,SEN,Viper,1.17,230.0,17,14,4,3,76.0,141.0,40.0,2.0,0.0,2.0,SEN,,8,G2,,13,0,VCT Americas
881,0,Bind,zekken,SEN,Raze,0.82,210.0,13,17,4,-4,57.0,144.0,19.0,3.0,3.0,0.0,SEN,,8,G2,,13,0,VCT Americas
882,0,Bind,Zellsis,SEN,Brimstone,0.81,135.0,10,15,7,-5,62.0,88.0,16.0,0.0,1.0,-1.0,SEN,,8,G2,,13,0,VCT Americas
883,0,Bind,N4RRATE,SEN,Yoru,0.8,202.0,14,16,3,-2,67.0,115.0,26.0,6.0,5.0,1.0,SEN,,8,G2,,13,0,VCT Americas
884,0,Bind,johnqt,SEN,Fade,0.77,122.0,8,12,10,-4,81.0,71.0,14.0,0.0,1.0,-1.0,SEN,,8,G2,,13,0,VCT Americas
885,0,Bind,valyn,G2,Brimstone,1.21,195.0,15,11,7,4,86.0,131.0,30.0,1.0,2.0,-1.0,SEN,,8,G2,,13,1,VCT Americas
886,0,Bind,JonahP,G2,Fade,1.17,186.0,14,9,10,5,81.0,107.0,29.0,1.0,1.0,0.0,SEN,,8,G2,,13,1,VCT Americas
887,0,Bind,leaf,G2,Deadlock,1.15,243.0,16,14,8,2,76.0,162.0,30.0,3.0,2.0,1.0,SEN,,8,G2,,13,1,VCT Americas
888,0,Bind,jawgemo,G2,Yoru,1.11,227.0,18,14,5,4,81.0,132.0,19.0,3.0,3.0,0.0,SEN,,8,G2,,13,1,VCT Americas
889,0,Bind,trent,G2,Tejo,0.79,144.0,11,14,6,-3,62.0,97.0,24.0,2.0,3.0,-1.0,SEN,,8,G2,,13,1,VCT Americas
890,2,Sunset,johnqt,SEN,Cypher,1.28,236.0,20,16,4,4,73.0,163.0,35.0,4.0,0.0,4.0,SEN,,9,G2,,13,0,VCT Americas
891,2,Sunset,Zellsis,SEN,Breach,1.19,253.0,18,16,14,2,91.0,169.0,27.0,0.0,1.0,-1.0,SEN,,9,G2,,13,0,VCT Americas
892,2,Sunset,bang,SEN,Omen,1.11,185.0,15,14,6,1,68.0,122.0,39.0,1.0,0.0,1.0,SEN,,9,G2,,13,0,VCT Americas
893,2,Sunset,N4RRATE,SEN,Fade,0.97,230.0,16,18,10,-2,77.0,146.0,14.0,5.0,3.0,2.0,SEN,,9,G2,,13,0,VCT Americas
894,2,Sunset,zekken,SEN,Neon,0.59,178.0,12,19,10,-7,68.0,122.0,21.0,4.0,4.0,0.0,SEN,,9,G2,,13,0,VCT Americas
895,2,Sunset,leaf,G2,Chamber,1.3,239.0,19,15,3,4,73.0,159.0,19.0,1.0,2.0,-1.0,SEN,,9,G2,,13,1,VCT Americas
896,2,Sunset,trent,G2,Fade,1.17,222.0,15,15,16,0,82.0,150.0,35.0,0.0,0.0,0.0,SEN,,9,G2,,13,1,VCT Americas
897,2,Sunset,JonahP,G2,Sage,1.01,195.0,16,15,4,1,68.0,126.0,22.0,1.0,2.0,-1.0,SEN,,9,G2,,13,1,VCT Americas
898,2,Sunset,jawgemo,G2,Neon,0.92,254.0,20,18,2,2,64.0,143.0,15.0,4.0,7.0,-3.0,SEN,,9,G2,,13,1,VCT Americas
899,2,Sunset,valyn,G2,Omen,0.69,160.0,13,18,8,-5,73.0,99.0,32.0,2.0,3.0,-1.0,SEN,,9,G2,,13,1,VCT Americas
900,0,Bind,valyn,G2,Brimstone,1.1,189.0,15,15,15,0,71.0,125.0,28.0,3.0,0.0,3.0,G2,,13,NRG,,11,1,VCT Americas
901,0,Bind,jawgemo,G2,Yoru,1.06,217.0,18,16,2,2,67.0,146.0,19.0,4.0,3.0,1.0,G2,,13,NRG,,11,1,VCT Americas
902,0,Bind,JonahP,G2,Fade,1.06,204.0,16,16,9,0,75.0,132.0,25.0,1.0,3.0,-2.0,G2,,13,NRG,,11,1,VCT Americas
903,0,Bind,trent,G2,Tejo,0.88,169.0,16,17,2,-1,54.0,98.0,21.0,2.0,2.0,0.0,G2,,13,NRG,,11,1,VCT Americas
904,0,Bind,leaf,G2,Deadlock,0.75,170.0,15,19,5,-4,46.0,110.0,31.0,4.0,2.0,2.0,G2,,13,NRG,,11,1,VCT Americas
905,0,Bind,Ethan,NRG,Kayo,1.23,214.0,18,15,12,3,67.0,134.0,25.0,2.0,2.0,0.0,G2,,13,NRG,,11,0,VCT Americas
906,0,Bind,skuba,NRG,Viper,1.12,187.0,18,13,6,5,75.0,115.0,26.0,2.0,2.0,0.0,G2,,13,NRG,,11,0,VCT Americas
907,0,Bind,brawk,NRG,Fade,1.08,206.0,17,16,8,1,67.0,135.0,26.0,1.0,1.0,0.0,G2,,13,NRG,,11,0,VCT Americas
908,0,Bind,s0m,NRG,Brimstone,1.06,205.0,16,18,13,-2,83.0,142.0,22.0,0.0,2.0,-2.0,G2,,13,NRG,,11,0,VCT Americas
909,0,Bind,mada,NRG,Raze,0.78,183.0,14,18,7,-4,63.0,113.0,12.0,5.0,7.0,-2.0,G2,,13,NRG,,11,0,VCT Americas
910,2,Lotus,valyn,G2,Omen,1.23,239.0,18,14,7,4,76.0,157.0,27.0,1.0,0.0,1.0,G2,,13,NRG,,8,1,VCT Americas
911,2,Lotus,jawgemo,G2,Yoru,1.14,221.0,17,15,1,2,67.0,125.0,13.0,3.0,2.0,1.0,G2,,13,NRG,,8,1,VCT Americas
912,2,Lotus,JonahP,G2,Fade,1.14,221.0,16,14,9,2,76.0,132.0,11.0,3.0,2.0,1.0,G2,,13,NRG,,8,1,VCT Americas
913,2,Lotus,trent,G2,Tejo,0.93,184.0,15,13,5,2,76.0,141.0,41.0,2.0,2.0,0.0,G2,,13,NRG,,8,1,VCT Americas
914,2,Lotus,leaf,G2,Viper,0.91,165.0,13,12,3,1,67.0,113.0,23.0,3.0,3.0,0.0,G2,,13,NRG,,8,1,VCT Americas
915,2,Lotus,s0m,NRG,Omen,1.17,219.0,16,15,7,1,81.0,134.0,40.0,1.0,0.0,1.0,G2,,13,NRG,,8,0,VCT Americas
916,2,Lotus,skuba,NRG,Viper,1.16,216.0,17,13,6,4,67.0,134.0,26.0,2.0,3.0,-1.0,G2,,13,NRG,,8,0,VCT Americas
917,2,Lotus,Ethan,NRG,Fade,0.73,174.0,13,16,5,-3,67.0,124.0,21.0,0.0,1.0,-1.0,G2,,13,NRG,,8,0,VCT Americas
918,2,Lotus,mada,NRG,Raze,0.71,203.0,13,19,4,-6,52.0,131.0,17.0,5.0,6.0,-1.0,G2,,13,NRG,,8,0,VCT Americas
919,2,Lotus,brawk,NRG,Vyse,0.48,121.0,8,16,5,-8,71.0,77.0,10.0,1.0,2.0,-1.0,G2,,13,NRG,,8,0,VCT Americas
920,3,Ascent,trent,G2,Sova,1.32,213.0,18,13,4,5,65.0,150.0,33.0,1.0,2.0,-1.0,G2,,13,NRG,,10,1,VCT Americas
921,3,Ascent,leaf,G2,Chamber,1.23,240.0,20,15,3,5,70.0,155.0,30.0,5.0,3.0,2.0,G2,,13,NRG,,10,1,VCT Americas
922,3,Ascent,valyn,G2,Omen,0.88,138.0,12,14,9,-2,65.0,87.0,26.0,1.0,1.0,0.0,G2,,13,NRG,,10,1,VCT Americas
923,3,Ascent,JonahP,G2,Vyse,0.85,186.0,15,16,6,-1,65.0,113.0,20.0,5.0,2.0,3.0,G2,,13,NRG,,10,1,VCT Americas
924,3,Ascent,jawgemo,G2,Yoru,0.71,152.0,12,17,5,-5,74.0,97.0,24.0,1.0,2.0,-1.0,G2,,13,NRG,,10,1,VCT Americas
925,3,Ascent,brawk,NRG,Sova,1.31,233.0,20,13,5,7,74.0,159.0,20.0,3.0,1.0,2.0,G2,,13,NRG,,10,0,VCT Americas
926,3,Ascent,mada,NRG,Jett,1.0,230.0,17,17,6,0,74.0,148.0,28.0,5.0,7.0,-2.0,G2,,13,NRG,,10,0,VCT Americas
927,3,Ascent,skuba,NRG,Vyse,1.0,159.0,14,14,8,0,70.0,100.0,39.0,1.0,2.0,-1.0,G2,,13,NRG,,10,0,VCT Americas
928,3,Ascent,Ethan,NRG,Kayo,0.93,181.0,12,16,13,-4,70.0,133.0,31.0,0.0,1.0,-1.0,G2,,13,NRG,,10,0,VCT Americas
929,3,Ascent,s0m,NRG,Omen,0.76,138.0,12,17,5,-5,74.0,83.0,33.0,1.0,2.0,-1.0,G2,,13,NRG,,10,0,VCT Americas
930,0,Lotus,C0M,LEV,Fade,1.34,224.0,20,14,6,6,69.0,150.0,24.0,2.0,0.0,2.0,LEV,,14,KRU,,12,1,VCT Americas
931,0,Lotus,Okeanos,LEV,Omen,1.27,197.0,19,15,12,4,81.0,129.0,40.0,3.0,3.0,0.0,LEV,,14,KRU,,12,1,VCT Americas
932,0,Lotus,kiNgg,LEV,Viper,1.22,193.0,16,13,5,3,69.0,126.0,25.0,0.0,0.0,0.0,LEV,,14,KRU,,12,1,VCT Americas
933,0,Lotus,Sato,LEV,Raze,1.14,271.0,24,21,4,3,73.0,182.0,37.0,6.0,5.0,1.0,LEV,,14,KRU,,12,1,VCT Americas
934,0,Lotus,tex,LEV,Vyse,0.5,110.0,10,19,1,-9,62.0,73.0,24.0,2.0,5.0,-3.0,LEV,,14,KRU,,12,1,VCT Americas
935,0,Lotus,Mazino,KRÜ,Fade,1.21,264.0,22,16,8,6,81.0,174.0,36.0,3.0,2.0,1.0,LEV,,14,KRU,,12,0,VCT Americas
936,0,Lotus,Dantedeu5,KRÜ,Yoru,0.98,225.0,20,18,3,2,65.0,139.0,38.0,6.0,3.0,3.0,LEV,,14,KRU,,12,0,VCT Americas
937,0,Lotus,Shyy,KRÜ,Viper,0.9,166.0,15,16,5,-1,65.0,107.0,39.0,1.0,2.0,-1.0,LEV,,14,KRU,,12,0,VCT Americas
938,0,Lotus,keznit,KRÜ,Raze,0.81,204.0,17,20,4,-3,65.0,135.0,19.0,2.0,3.0,-1.0,LEV,,14,KRU,,12,0,VCT Americas
939,0,Lotus,Melser,KRÜ,Omen,0.49,77.0,8,19,7,-11,65.0,49.0,22.0,1.0,3.0,-2.0,LEV,,14,KRU,,12,0,VCT Americas
940,2,Sunset,Okeanos,LEV,Kayo,1.23,242.0,15,16,11,-1,84.0,175.0,40.0,2.0,1.0,1.0,LEV,,6,KRU,,13,0,VCT Americas
941,2,Sunset,kiNgg,LEV,Omen,1.05,230.0,16,14,8,2,79.0,133.0,30.0,0.0,2.0,-2.0,LEV,,6,KRU,,13,0,VCT Americas
942,2,Sunset,tex,LEV,Vyse,0.91,171.0,12,14,5,-2,74.0,110.0,28.0,3.0,2.0,1.0,LEV,,6,KRU,,13,0,VCT Americas
943,2,Sunset,C0M,LEV,Sova,0.75,157.0,9,14,4,-5,63.0,95.0,18.0,0.0,2.0,-2.0,LEV,,6,KRU,,13,0,VCT Americas
944,2,Sunset,Sato,LEV,Neon,0.7,175.0,11,16,5,-5,74.0,115.0,21.0,4.0,3.0,1.0,LEV,,6,KRU,,13,0,VCT Americas
945,2,Sunset,keznit,KRÜ,Yoru,1.36,298.0,21,12,2,9,68.0,181.0,17.0,5.0,2.0,3.0,LEV,,6,KRU,,13,0,VCT Americas
946,2,Sunset,Shyy,KRÜ,Cypher,1.14,209.0,14,13,5,1,68.0,152.0,29.0,1.0,1.0,0.0,LEV,,6,KRU,,13,0,VCT Americas
947,2,Sunset,Mazino,KRÜ,Sova,1.11,221.0,16,12,4,4,84.0,139.0,20.0,2.0,2.0,0.0,LEV,,6,KRU,,13,0,VCT Americas
948,2,Sunset,Melser,KRÜ,Omen,0.98,159.0,12,12,8,0,74.0,108.0,20.0,0.0,1.0,-1.0,LEV,,6,KRU,,13,0,VCT Americas
949,2,Sunset,Dantedeu5,KRÜ,Neon,0.87,184.0,11,14,7,-3,63.0,132.0,19.0,2.0,3.0,-1.0,LEV,,6,KRU,,13,0,VCT Americas
950,3,Haven,kiNgg,LEV,Omen,1.43,209.0,19,9,4,10,76.0,127.0,22.0,4.0,1.0,3.0,LEV,,13,KRU,,8,1,VCT Americas
951,3,Haven,Sato,LEV,Yoru,1.28,242.0,18,13,6,5,86.0,177.0,36.0,2.0,4.0,-2.0,LEV,,13,KRU,,8,1,VCT Americas
952,3,Haven,C0M,LEV,Sova,1.21,206.0,16,11,8,5,81.0,131.0,29.0,1.0,2.0,-1.0,LEV,,13,KRU,,8,1,VCT Americas
953,3,Haven,tex,LEV,Cypher,1.04,209.0,14,15,6,-1,71.0,135.0,29.0,5.0,1.0,4.0,LEV,,13,KRU,,8,1,VCT Americas
954,3,Haven,Okeanos,LEV,Neon,0.74,166.0,11,17,5,-6,86.0,111.0,18.0,0.0,1.0,-1.0,LEV,,13,KRU,,8,1,VCT Americas
955,3,Haven,Melser,KRÜ,Omen,1.13,194.0,17,13,6,4,81.0,114.0,31.0,0.0,2.0,-2.0,LEV,,13,KRU,,8,0,VCT Americas
956,3,Haven,Shyy,KRÜ,Cypher,0.91,235.0,14,18,10,-4,76.0,164.0,23.0,4.0,1.0,3.0,LEV,,13,KRU,,8,0,VCT Americas
957,3,Haven,Mazino,KRÜ,Sova,0.88,187.0,13,16,5,-3,67.0,135.0,19.0,2.0,1.0,1.0,LEV,,13,KRU,,8,0,VCT Americas
958,3,Haven,Dantedeu5,KRÜ,Yoru,0.77,147.0,11,15,6,-4,62.0,90.0,32.0,2.0,3.0,-1.0,LEV,,13,KRU,,8,0,VCT Americas
959,3,Haven,keznit,KRÜ,Iso,0.69,145.0,10,16,4,-6,57.0,104.0,26.0,1.0,5.0,-4.0,LEV,,13,KRU,,8,0,VCT Americas
960,0,Bind,Asuna,100T,Raze,1.92,304.0,20,5,4,15,94.0,201.0,11.0,3.0,0.0,3.0,100T,,13,EG,,4,1,VCT Americas
961,0,Bind,Cryocells,100T,Yoru,1.3,218.0,15,8,4,7,88.0,128.0,16.0,3.0,2.0,1.0,100T,,13,EG,,4,1,VCT Americas
962,0,Bind,Kess,100T,Brimstone,1.17,260.0,15,12,8,3,65.0,151.0,24.0,2.0,1.0,1.0,100T,,13,EG,,4,1,VCT Americas
963,0,Bind,eeiu,100T,Fade,1.11,149.0,10,7,11,3,71.0,90.0,26.0,2.0,2.0,0.0,100T,,13,EG,,4,1,VCT Americas
964,0,Bind,zander,100T,Viper,0.95,176.0,10,10,4,0,76.0,126.0,36.0,2.0,0.0,2.0,100T,,13,EG,,4,1,VCT Americas
965,0,Bind,icy,EG,Raze,0.94,196.0,10,15,4,-5,47.0,136.0,26.0,2.0,3.0,-1.0,100T,,13,EG,,4,0,VCT Americas
966,0,Bind,yay,EG,Brimstone,0.93,188.0,11,13,7,-2,71.0,120.0,30.0,1.0,1.0,0.0,100T,,13,EG,,4,0,VCT Americas
967,0,Bind,NaturE,EG,Fade,0.86,174.0,11,13,4,-2,71.0,105.0,15.0,1.0,3.0,-2.0,100T,,13,EG,,4,0,VCT Americas
968,0,Bind,Derrek,EG,Gekko,0.48,106.0,6,15,4,-9,53.0,78.0,31.0,0.0,2.0,-2.0,100T,,13,EG,,4,0,VCT Americas
969,0,Bind,supamen,EG,Viper,0.37,82.0,4,14,2,-10,59.0,63.0,22.0,1.0,3.0,-2.0,100T,,13,EG,,4,0,VCT Americas
970,2,Corrode,eeiu,100T,Sova,1.38,266.0,26,16,6,10,81.0,161.0,26.0,2.0,2.0,0.0,100T,,14,EG,,12,1,VCT Americas
971,2,Corrode,Cryocells,100T,Chamber,1.36,263.0,24,17,5,7,81.0,167.0,38.0,8.0,1.0,7.0,100T,,14,EG,,12,1,VCT Americas
972,2,Corrode,zander,100T,Omen,1.35,243.0,23,16,16,7,88.0,156.0,33.0,5.0,1.0,4.0,100T,,14,EG,,12,1,VCT Americas
973,2,Corrode,Kess,100T,Fade,0.93,177.0,14,18,12,-4,77.0,119.0,15.0,1.0,1.0,0.0,100T,,14,EG,,12,1,VCT Americas
974,2,Corrode,Asuna,100T,Yoru,0.68,140.0,11,19,9,-8,69.0,97.0,22.0,2.0,3.0,-1.0,100T,,14,EG,,12,1,VCT Americas
975,2,Corrode,icy,EG,Neon,1.01,237.0,22,19,4,3,73.0,160.0,26.0,3.0,4.0,-1.0,100T,,14,EG,,12,0,VCT Americas
976,2,Corrode,yay,EG,Chamber,0.99,194.0,20,20,1,0,54.0,121.0,43.0,2.0,7.0,-5.0,100T,,14,EG,,12,0,VCT Americas
977,2,Corrode,Derrek,EG,Omen,0.91,200.0,18,21,8,-3,69.0,129.0,39.0,3.0,2.0,1.0,100T,,14,EG,,12,0,VCT Americas
978,2,Corrode,supamen,EG,Viper,0.85,197.0,15,20,7,-5,54.0,130.0,35.0,0.0,1.0,-1.0,100T,,14,EG,,12,0,VCT Americas
979,2,Corrode,NaturE,EG,Sova,0.6,125.0,11,18,8,-7,73.0,86.0,19.0,0.0,4.0,-4.0,100T,,14,EG,,12,0,VCT Americas
980,0,Ascent,brawk,NRG,Sova,1.68,306.0,16,7,5,9,80.0,240.0,28.0,2.0,0.0,2.0,NRG,,13,LEV,,2,1,VCT Americas
981,0,Ascent,mada,NRG,Jett,1.41,243.0,14,7,1,7,93.0,150.0,23.0,6.0,0.0,6.0,NRG,,13,LEV,,2,1,VCT Americas
982,0,Ascent,Ethan,NRG,Kayo,1.38,214.0,13,7,5,6,93.0,134.0,25.0,0.0,1.0,-1.0,NRG,,13,LEV,,2,1,VCT Americas
983,0,Ascent,s0m,NRG,Omen,1.28,234.0,15,8,1,7,80.0,132.0,15.0,2.0,1.0,1.0,NRG,,13,LEV,,2,1,VCT Americas
984,0,Ascent,skuba,NRG,Vyse,1.13,169.0,9,7,4,2,80.0,135.0,23.0,1.0,2.0,-1.0,NRG,,13,LEV,,2,1,VCT Americas
985,0,Ascent,Okeanos,LEV,Omen,0.98,226.0,12,13,4,-1,67.0,151.0,44.0,0.0,0.0,0.0,NRG,,13,LEV,,2,0,VCT Americas
986,0,Ascent,tex,LEV,Chamber,0.59,117.0,7,13,0,-6,47.0,81.0,36.0,0.0,2.0,-2.0,NRG,,13,LEV,,2,0,VCT Americas
987,0,Ascent,Sato,LEV,Yoru,0.53,189.0,9,14,2,-5,67.0,120.0,35.0,3.0,4.0,-1.0,NRG,,13,LEV,,2,0,VCT Americas
988,0,Ascent,C0M,LEV,Sova,0.52,119.0,5,14,5,-9,60.0,77.0,13.0,0.0,2.0,-2.0,NRG,,13,LEV,,2,0,VCT Americas
989,0,Ascent,kiNgg,LEV,Vyse,0.32,81.0,3,13,3,-10,33.0,58.0,26.0,1.0,3.0,-2.0,NRG,,13,LEV,,2,0,VCT Americas
990,2,Icebox,Ethan,NRG,Harbor,1.75,255.0,14,5,11,9,93.0,159.0,13.0,2.0,1.0,1.0,NRG,,13,LEV,,2,1,VCT Americas
991,2,Icebox,brawk,NRG,Sova,1.69,303.0,17,6,9,11,93.0,203.0,16.0,0.0,0.0,0.0,NRG,,13,LEV,,2,1,VCT Americas
992,2,Icebox,mada,NRG,Jett,1.49,226.0,15,6,0,9,93.0,140.0,20.0,4.0,1.0,3.0,NRG,,13,LEV,,2,1,VCT Americas
993,2,Icebox,s0m,NRG,Killjoy,1.18,244.0,14,8,3,6,87.0,158.0,26.0,3.0,1.0,2.0,NRG,,13,LEV,,2,1,VCT Americas
994,2,Icebox,skuba,NRG,Viper,1.18,237.0,13,11,7,2,100.0,154.0,17.0,2.0,1.0,1.0,NRG,,13,LEV,,2,1,VCT Americas
995,2,Icebox,kiNgg,LEV,Viper,0.73,173.0,8,14,1,-6,53.0,133.0,29.0,1.0,2.0,-1.0,NRG,,13,LEV,,2,0,VCT Americas
996,2,Icebox,C0M,LEV,Sova,0.69,158.0,8,14,1,-6,67.0,107.0,57.0,0.0,0.0,0.0,NRG,,13,LEV,,2,0,VCT Americas
997,2,Icebox,Okeanos,LEV,Harbor,0.54,149.0,8,15,3,-7,60.0,91.0,64.0,0.0,1.0,-1.0,NRG,,13,LEV,,2,0,VCT Americas
998,2,Icebox,Sato,LEV,Jett,0.35,140.0,7,15,1,-8,53.0,81.0,38.0,2.0,5.0,-3.0,NRG,,13,LEV,,2,0,VCT Americas
999,2,Icebox,tex,LEV,Killjoy,0.28,103.0,5,15,2,-10,53.0,69.0,22.0,1.0,3.0,-2.0,NRG,,13,LEV,,2,0,VCT Americas
1000,0,Haven,OXY,C9,Jett,1.19,229.0,19,14,1,5,82.0,123.0,27.0,5.0,4.0,1.0,C9,,13,100T,,9,1,VCT Americas
1001,0,Haven,v1c,C9,Omen,1.14,197.0,15,14,12,1,73.0,131.0,24.0,2.0,0.0,2.0,C9,,13,100T,,9,1,VCT Americas
1002,0,Haven,mitch,C9,Skye,1.1,224.0,17,15,10,2,82.0,147.0,16.0,1.0,0.0,1.0,C9,,13,100T,,9,1,VCT Americas
1003,0,Haven,Xeppaa,C9,Killjoy,1.02,243.0,18,17,5,1,73.0,156.0,18.0,2.0,2.0,0.0,C9,,13,100T,,9,1,VCT Americas
1004,0,Haven,neT,C9,Viper,0.52,103.0,7,15,7,-8,77.0,77.0,18.0,1.0,5.0,-4.0,C9,,13,100T,,9,1,VCT Americas
1005,0,Haven,eeiu,100T,Sova,1.41,267.0,20,15,7,5,73.0,199.0,49.0,0.0,0.0,0.0,C9,,13,100T,,9,0,VCT Americas
1006,0,Haven,zander,100T,Omen,1.12,213.0,16,15,10,1,73.0,128.0,24.0,5.0,1.0,4.0,C9,,13,100T,,9,0,VCT Americas
1007,0,Haven,Cryocells,100T,Yoru,1.03,198.0,14,14,9,0,82.0,138.0,32.0,1.0,2.0,-1.0,C9,,13,100T,,9,0,VCT Americas
1008,0,Haven,Asuna,100T,Neon,0.94,172.0,14,14,1,0,77.0,101.0,31.0,4.0,4.0,0.0,C9,,13,100T,,9,0,VCT Americas
1009,0,Haven,Kess,100T,Cypher,0.56,122.0,11,18,2,-7,45.0,83.0,28.0,1.0,4.0,-3.0,C9,,13,100T,,9,0,VCT Americas
1010,2,Icebox,OXY,C9,Raze,1.39,293.0,27,18,3,9,85.0,199.0,27.0,3.0,1.0,2.0,C9,,14,100T,,12,1,VCT Americas
1011,2,Icebox,neT,C9,Viper,1.15,256.0,22,21,8,1,77.0,159.0,36.0,3.0,1.0,2.0,C9,,14,100T,,12,1,VCT Americas
1012,2,Icebox,v1c,C9,Iso,0.98,223.0,21,19,4,2,77.0,153.0,25.0,4.0,8.0,-4.0,C9,,14,100T,,12,1,VCT Americas
1013,2,Icebox,mitch,C9,Sova,0.82,155.0,14,18,6,-4,73.0,112.0,33.0,0.0,3.0,-3.0,C9,,14,100T,,12,1,VCT Americas
1014,2,Icebox,Xeppaa,C9,Killjoy,0.69,142.0,11,20,6,-9,69.0,122.0,23.0,1.0,2.0,-1.0,C9,,14,100T,,12,1,VCT Americas
1015,2,Icebox,Cryocells,100T,Jett,1.59,362.0,35,20,2,15,88.0,229.0,44.0,8.0,4.0,4.0,C9,,14,100T,,12,0,VCT Americas
1016,2,Icebox,eeiu,100T,Sova,0.94,185.0,15,18,13,-3,58.0,119.0,33.0,2.0,0.0,2.0,C9,,14,100T,,12,0,VCT Americas
1017,2,Icebox,Asuna,100T,Sage,0.92,140.0,13,16,11,-3,65.0,101.0,24.0,1.0,1.0,0.0,C9,,14,100T,,12,0,VCT Americas
1018,2,Icebox,zander,100T,Viper,0.79,201.0,19,21,2,-2,58.0,133.0,33.0,2.0,5.0,-3.0,C9,,14,100T,,12,0,VCT Americas
1019,2,Icebox,Kess,100T,Killjoy,0.78,169.0,13,20,9,-7,65.0,130.0,19.0,2.0,1.0,1.0,C9,,14,100T,,12,0,VCT Americas
1020,0,Corrode,mada,NRG,Waylay,2.0,345.0,21,5,4,16,87.0,224.0,34.0,2.0,1.0,1.0,NRG,,13,C9,,2,1,VCT Americas
1021,0,Corrode,brawk,NRG,Sova,1.85,344.0,18,7,4,11,87.0,231.0,20.0,4.0,0.0,4.0,NRG,,13,C9,,2,1,VCT Americas
1022,0,Corrode,Ethan,NRG,Kayo,1.34,257.0,13,9,8,4,93.0,143.0,15.0,5.0,0.0,5.0,NRG,,13,C9,,2,1,VCT Americas
1023,0,Corrode,s0m,NRG,Omen,1.12,129.0,7,6,12,1,87.0,81.0,20.0,1.0,0.0,1.0,NRG,,13,C9,,2,1,VCT Americas
1024,0,Corrode,skuba,NRG,Viper,0.85,137.0,8,8,4,0,73.0,90.0,36.0,2.0,0.0,2.0,NRG,,13,C9,,2,1,VCT Americas
1025,0,Corrode,Xeppaa,C9,Vyse,0.81,172.0,9,13,3,-4,53.0,121.0,29.0,0.0,1.0,-1.0,NRG,,13,C9,,2,0,VCT Americas
1026,0,Corrode,mitch,C9,Skye,0.68,143.0,7,14,3,-7,53.0,89.0,24.0,0.0,2.0,-2.0,NRG,,13,C9,,2,0,VCT Americas
1027,0,Corrode,neT,C9,Viper,0.58,148.0,6,12,3,-6,67.0,121.0,38.0,0.0,4.0,-4.0,NRG,,13,C9,,2,0,VCT Americas
1028,0,Corrode,v1c,C9,Omen,0.55,150.0,7,14,7,-7,53.0,94.0,21.0,1.0,1.0,0.0,NRG,,13,C9,,2,0,VCT Americas
1029,0,Corrode,OXY,C9,Neon,0.39,115.0,6,14,2,-8,47.0,73.0,32.0,0.0,6.0,-6.0,NRG,,13,C9,,2,0,VCT Americas
1030,2,Lotus,brawk,NRG,Vyse,1.4,241.0,21,12,10,9,83.0,154.0,14.0,1.0,1.0,0.0,NRG,,13,C9,,10,1,VCT Americas
1031,2,Lotus,Ethan,NRG,Fade,1.32,270.0,23,16,8,7,87.0,151.0,21.0,4.0,2.0,2.0,NRG,,13,C9,,10,1,VCT Americas
1032,2,Lotus,s0m,NRG,Omen,1.3,219.0,17,13,16,4,74.0,147.0,19.0,2.0,0.0,2.0,NRG,,13,C9,,10,1,VCT Americas
1033,2,Lotus,mada,NRG,Raze,1.14,232.0,19,16,5,3,78.0,143.0,12.0,4.0,4.0,0.0,NRG,,13,C9,,10,1,VCT Americas
1034,2,Lotus,skuba,NRG,Viper,0.85,152.0,11,16,13,-5,78.0,110.0,18.0,2.0,3.0,-1.0,NRG,,13,C9,,10,1,VCT Americas
1035,2,Lotus,v1c,C9,Omen,1.34,254.0,20,16,6,4,78.0,153.0,45.0,2.0,3.0,-1.0,NRG,,13,C9,,10,0,VCT Americas
1036,2,Lotus,OXY,C9,Raze,1.07,254.0,22,19,4,3,70.0,162.0,32.0,4.0,3.0,1.0,NRG,,13,C9,,10,0,VCT Americas
1037,2,Lotus,mitch,C9,Fade,0.67,150.0,11,18,7,-7,65.0,106.0,14.0,1.0,2.0,-1.0,NRG,,13,C9,,10,0,VCT Americas
1038,2,Lotus,Xeppaa,C9,Vyse,0.6,148.0,13,19,4,-6,61.0,102.0,30.0,2.0,2.0,0.0,NRG,,13,C9,,10,0,VCT Americas
1039,2,Lotus,neT,C9,Viper,0.26,100.0,7,20,6,-13,52.0,70.0,38.0,1.0,3.0,-2.0,NRG,,13,C9,,10,0,VCT Americas
1040,3,Haven,s0m,NRG,Viper,1.26,241.0,19,16,10,3,65.0,176.0,34.0,1.0,2.0,-1.0,NRG,,10,C9,,13,0,VCT Americas
1041,3,Haven,skuba,NRG,Killjoy,1.1,200.0,17,16,0,1,74.0,136.0,36.0,1.0,1.0,0.0,NRG,,10,C9,,13,0,VCT Americas
1042,3,Haven,brawk,NRG,Sova,0.82,165.0,13,17,7,-4,65.0,109.0,20.0,1.0,2.0,-1.0,NRG,,10,C9,,13,0,VCT Americas
1043,3,Haven,mada,NRG,Neon,0.82,203.0,15,20,6,-5,61.0,138.0,33.0,4.0,5.0,-1.0,NRG,,10,C9,,13,0,VCT Americas
1044,3,Haven,Ethan,NRG,Omen,0.79,200.0,16,20,7,-4,78.0,132.0,26.0,3.0,3.0,0.0,NRG,,10,C9,,13,0,VCT Americas
1045,3,Haven,OXY,C9,Neon,1.31,273.0,24,16,4,8,70.0,152.0,15.0,5.0,3.0,2.0,NRG,,10,C9,,13,1,VCT Americas
1046,3,Haven,Xeppaa,C9,Vyse,1.26,264.0,21,18,13,3,87.0,166.0,21.0,1.0,1.0,0.0,NRG,,10,C9,,13,1,VCT Americas
1047,3,Haven,v1c,C9,Omen,1.25,262.0,22,15,12,7,91.0,175.0,27.0,4.0,1.0,3.0,NRG,,10,C9,,13,1,VCT Americas
1048,3,Haven,neT,C9,Viper,1.07,199.0,18,15,3,3,78.0,124.0,42.0,3.0,3.0,0.0,NRG,,10,C9,,13,1,VCT Americas
1049,3,Haven,mitch,C9,Skye,0.47,82.0,4,16,14,-12,70.0,63.0,13.0,0.0,2.0,-2.0,NRG,,10,C9,,13,1,VCT Americas
1050,0,Lotus,johnqt,SEN,Viper,1.27,258.0,16,12,8,4,88.0,153.0,26.0,1.0,2.0,-1.0,SEN,,4,NRG,,13,0,VCT Americas
1051,0,Lotus,Zellsis,SEN,Vyse,0.78,172.0,9,14,3,-5,59.0,108.0,19.0,1.0,0.0,1.0,SEN,,4,NRG,,13,0,VCT Americas
1052,0,Lotus,zekken,SEN,Raze,0.63,155.0,9,15,2,-6,47.0,94.0,18.0,1.0,4.0,-3.0,SEN,,4,NRG,,13,0,VCT Americas
1053,0,Lotus,bang,SEN,Omen,0.5,111.0,6,14,2,-8,59.0,73.0,29.0,2.0,2.0,0.0,SEN,,4,NRG,,13,0,VCT Americas
1054,0,Lotus,N4RRATE,SEN,Fade,0.49,143.0,6,14,6,-8,65.0,94.0,19.0,3.0,1.0,2.0,SEN,,4,NRG,,13,0,VCT Americas
1055,0,Lotus,brawk,NRG,Vyse,1.81,287.0,19,6,5,13,94.0,160.0,16.0,1.0,0.0,1.0,SEN,,4,NRG,,13,1,VCT Americas
1056,0,Lotus,Ethan,NRG,Fade,1.79,282.0,18,8,8,10,88.0,174.0,32.0,3.0,1.0,2.0,SEN,,4,NRG,,13,1,VCT Americas
1057,0,Lotus,skuba,NRG,Viper,1.29,217.0,14,8,9,6,82.0,144.0,27.0,2.0,1.0,1.0,SEN,,4,NRG,,13,1,VCT Americas
1058,0,Lotus,s0m,NRG,Omen,0.92,171.0,8,11,15,-3,71.0,110.0,9.0,1.0,3.0,-2.0,SEN,,4,NRG,,13,1,VCT Americas
1059,0,Lotus,mada,NRG,Raze,0.59,162.0,10,13,3,-3,71.0,120.0,30.0,2.0,3.0,-1.0,SEN,,4,NRG,,13,1,VCT Americas
1060,2,Icebox,N4RRATE,SEN,Sova,1.35,327.0,27,21,5,6,75.0,226.0,38.0,3.0,5.0,-2.0,SEN,,11,NRG,,13,0,VCT Americas
1061,2,Icebox,zekken,SEN,Jett,1.34,271.0,27,18,1,9,83.0,175.0,38.0,5.0,1.0,4.0,SEN,,11,NRG,,13,0,VCT Americas
1062,2,Icebox,bang,SEN,Viper,0.81,161.0,12,16,7,-4,67.0,112.0,31.0,1.0,4.0,-3.0,SEN,,11,NRG,,13,0,VCT Americas
1063,2,Icebox,Zellsis,SEN,Killjoy,0.8,167.0,14,15,5,-1,67.0,122.0,21.0,1.0,2.0,-1.0,SEN,,11,NRG,,13,0,VCT Americas
1064,2,Icebox,johnqt,SEN,Sage,0.59,100.0,8,18,17,-10,71.0,51.0,15.0,1.0,1.0,0.0,SEN,,11,NRG,,13,0,VCT Americas
1065,2,Icebox,brawk,NRG,Sova,1.6,308.0,25,15,5,10,88.0,206.0,23.0,5.0,0.0,5.0,SEN,,11,NRG,,13,1,VCT Americas
1066,2,Icebox,Ethan,NRG,Harbor,1.05,189.0,16,16,12,0,71.0,120.0,30.0,1.0,2.0,-1.0,SEN,,11,NRG,,13,1,VCT Americas
1067,2,Icebox,skuba,NRG,Viper,1.02,209.0,17,18,9,-1,71.0,151.0,34.0,0.0,3.0,-3.0,SEN,,11,NRG,,13,1,VCT Americas
1068,2,Icebox,mada,NRG,Jett,0.97,210.0,18,18,4,0,75.0,132.0,37.0,5.0,4.0,1.0,SEN,,11,NRG,,13,1,VCT Americas
1069,2,Icebox,s0m,NRG,Killjoy,0.52,138.0,11,21,4,-10,75.0,101.0,35.0,2.0,2.0,0.0,SEN,,11,NRG,,13,1,VCT Americas
1070,3,Sunset,bang,SEN,Omen,1.26,228.0,20,14,12,6,87.0,136.0,27.0,3.0,0.0,3.0,SEN,,13,NRG,,10,1,VCT Americas
1071,3,Sunset,N4RRATE,SEN,Fade,1.2,209.0,18,13,8,5,65.0,139.0,30.0,1.0,2.0,-1.0,SEN,,13,NRG,,10,1,VCT Americas
1072,3,Sunset,johnqt,SEN,Cypher,1.15,211.0,18,13,8,5,78.0,139.0,22.0,0.0,3.0,-3.0,SEN,,13,NRG,,10,1,VCT Americas
1073,3,Sunset,Zellsis,SEN,Breach,1.07,185.0,13,14,19,-1,78.0,118.0,17.0,2.0,1.0,1.0,SEN,,13,NRG,,10,1,VCT Americas
1074,3,Sunset,zekken,SEN,Neon,1.05,237.0,20,17,4,3,78.0,144.0,18.0,7.0,4.0,3.0,SEN,,13,NRG,,10,1,VCT Americas
1075,3,Sunset,brawk,NRG,Sova,1.12,263.0,19,19,7,0,70.0,181.0,25.0,2.0,0.0,2.0,SEN,,13,NRG,,10,0,VCT Americas
1076,3,Sunset,Ethan,NRG,Breach,1.11,182.0,15,16,9,-1,74.0,131.0,30.0,3.0,1.0,2.0,SEN,,13,NRG,,10,0,VCT Americas
1077,3,Sunset,skuba,NRG,Cypher,0.92,164.0,14,15,6,-1,65.0,105.0,29.0,0.0,0.0,0.0,SEN,,13,NRG,,10,0,VCT Americas
1078,3,Sunset,mada,NRG,Neon,0.8,176.0,13,19,10,-6,70.0,103.0,38.0,4.0,6.0,-2.0,SEN,,13,NRG,,10,0,VCT Americas
1079,3,Sunset,s0m,NRG,Omen,0.48,135.0,10,20,4,-10,52.0,88.0,31.0,1.0,6.0,-5.0,SEN,,13,NRG,,10,0,VCT Americas
1080,4,Corrode,johnqt,SEN,Viper,1.22,198.0,17,11,4,6,71.0,114.0,40.0,0.0,1.0,-1.0,SEN,,8,NRG,,13,0,VCT Americas
1081,4,Corrode,bang,SEN,Omen,0.95,166.0,12,14,6,-2,62.0,122.0,33.0,0.0,1.0,-1.0,SEN,,8,NRG,,13,0,VCT Americas
1082,4,Corrode,zekken,SEN,Neon,0.74,196.0,13,18,3,-5,67.0,144.0,31.0,6.0,7.0,-1.0,SEN,,8,NRG,,13,0,VCT Americas
1083,4,Corrode,N4RRATE,SEN,Fade,0.6,110.0,7,15,6,-8,67.0,73.0,11.0,1.0,3.0,-2.0,SEN,,8,NRG,,13,0,VCT Americas
1084,4,Corrode,Zellsis,SEN,Vyse,0.58,164.0,11,17,7,-6,71.0,107.0,26.0,0.0,2.0,-2.0,SEN,,8,NRG,,13,0,VCT Americas
1085,4,Corrode,brawk,NRG,Sova,1.38,275.0,19,12,6,7,76.0,171.0,27.0,1.0,0.0,1.0,SEN,,8,NRG,,13,1,VCT Americas
1086,4,Corrode,skuba,NRG,Viper,1.15,184.0,14,9,6,5,81.0,107.0,36.0,3.0,1.0,2.0,SEN,,8,NRG,,13,1,VCT Americas
1087,4,Corrode,mada,NRG,Waylay,1.13,224.0,17,13,6,4,81.0,142.0,35.0,5.0,3.0,2.0,SEN,,8,NRG,,13,1,VCT Americas
1088,4,Corrode,Ethan,NRG,Kayo,1.06,177.0,12,12,9,0,71.0,132.0,26.0,2.0,1.0,1.0,SEN,,8,NRG,,13,1,VCT Americas
1089,4,Corrode,s0m,NRG,Omen,0.69,165.0,13,14,6,-1,81.0,99.0,22.0,3.0,2.0,1.0,SEN,,8,NRG,,13,1,VCT Americas
1090,0,Haven,mitch,C9,Skye,1.51,250.0,18,8,5,10,94.0,159.0,21.0,0.0,2.0,-2.0,C9,,13,FUR,,5,1,VCT Americas
1091,0,Haven,OXY,C9,Jett,1.42,336.0,23,14,3,9,78.0,181.0,25.0,8.0,2.0,6.0,C9,,13,FUR,,5,1,VCT Americas
1092,0,Haven,v1c,C9,Omen,1.28,189.0,12,8,7,4,94.0,135.0,61.0,1.0,1.0,0.0,C9,,13,FUR,,5,1,VCT Americas
1093,0,Haven,Xeppaa,C9,Killjoy,1.2,221.0,13,10,5,3,100.0,160.0,23.0,2.0,0.0,2.0,C9,,13,FUR,,5,1,VCT Americas
1094,0,Haven,neT,C9,Viper,0.84,132.0,9,8,3,1,78.0,88.0,29.0,0.0,2.0,-2.0,C9,,13,FUR,,5,1,VCT Americas
1095,0,Haven,heat,FUR,Viper,0.92,176.0,12,15,3,-3,56.0,109.0,42.0,1.0,3.0,-2.0,C9,,13,FUR,,5,0,VCT Americas
1096,0,Haven,adverso,FUR,Sova,0.9,211.0,12,14,4,-2,83.0,156.0,24.0,0.0,0.0,0.0,C9,,13,FUR,,5,0,VCT Americas
1097,0,Haven,Palla,FUR,Neon,0.75,178.0,11,16,2,-5,56.0,124.0,36.0,2.0,2.0,0.0,C9,,13,FUR,,5,0,VCT Americas
1098,0,Haven,tuyz,FUR,Omen,0.58,97.0,6,13,6,-7,72.0,63.0,50.0,2.0,2.0,0.0,C9,,13,FUR,,5,0,VCT Americas
1099,0,Haven,Urango,FUR,Killjoy,0.27,133.0,7,17,1,-10,44.0,89.0,29.0,2.0,4.0,-2.0,C9,,13,FUR,,5,0,VCT Americas
1100,2,Bind,OXY,C9,Raze,1.78,339.0,21,7,5,14,82.0,190.0,12.0,4.0,1.0,3.0,C9,,13,FUR,,4,1,VCT Americas
1101,2,Bind,Xeppaa,C9,Vyse,1.64,357.0,22,10,7,12,88.0,223.0,31.0,5.0,0.0,5.0,C9,,13,FUR,,4,1,VCT Americas
1102,2,Bind,v1c,C9,Brimstone,1.48,202.0,13,5,9,8,94.0,139.0,24.0,1.0,1.0,0.0,C9,,13,FUR,,4,1,VCT Americas
1103,2,Bind,neT,C9,Viper,1.26,173.0,12,5,2,7,82.0,109.0,47.0,1.0,2.0,-1.0,C9,,13,FUR,,4,1,VCT Americas
1104,2,Bind,mitch,C9,Skye,1.02,131.0,6,7,10,-1,88.0,95.0,19.0,1.0,1.0,0.0,C9,,13,FUR,,4,1,VCT Americas
1105,2,Bind,tuyz,FUR,Brimstone,0.72,104.0,6,13,8,-7,47.0,74.0,55.0,0.0,2.0,-2.0,C9,,13,FUR,,4,0,VCT Americas
1106,2,Bind,adverso,FUR,Deadlock,0.61,142.0,8,15,3,-7,35.0,80.0,24.0,2.0,5.0,-3.0,C9,,13,FUR,,4,0,VCT Americas
1107,2,Bind,heat,FUR,Viper,0.59,120.0,6,15,3,-9,53.0,99.0,28.0,0.0,1.0,-1.0,C9,,13,FUR,,4,0,VCT Americas
1108,2,Bind,Palla,FUR,Raze,0.57,164.0,8,16,3,-8,35.0,111.0,18.0,1.0,3.0,-2.0,C9,,13,FUR,,4,0,VCT Americas
1109,2,Bind,Urango,FUR,Skye,0.37,102.0,6,15,4,-9,47.0,50.0,14.0,2.0,1.0,1.0,C9,,13,FUR,,4,0,VCT Americas
1110,0,Sunset,supamen,EG,Omen,1.01,159.0,13,14,6,-1,60.0,89.0,41.0,1.0,2.0,-1.0,EG,,7,2G,,13,0,VCT Americas
1111,0,Sunset,icy,EG,Cypher,0.9,189.0,14,15,1,-1,65.0,139.0,35.0,1.0,0.0,1.0,EG,,7,2G,,13,0,VCT Americas
1112,0,Sunset,Derrek,EG,Sova,0.88,184.0,13,15,6,-2,65.0,124.0,41.0,0.0,0.0,0.0,EG,,7,2G,,13,0,VCT Americas
1113,0,Sunset,NaturE,EG,Kayo,0.74,195.0,13,17,8,-4,80.0,110.0,29.0,1.0,2.0,-1.0,EG,,7,2G,,13,0,VCT Americas
1114,0,Sunset,yay,EG,Jett,0.66,161.0,9,17,7,-8,55.0,115.0,21.0,6.0,7.0,-1.0,EG,,7,2G,,13,0,VCT Americas
1115,0,Sunset,spike,2G,Neon,1.79,365.0,27,11,3,16,80.0,237.0,31.0,3.0,3.0,0.0,EG,,7,2G,,13,1,VCT Americas
1116,0,Sunset,lz,2G,Omen,1.49,257.0,18,11,11,7,80.0,155.0,43.0,4.0,3.0,1.0,EG,,7,2G,,13,1,VCT Americas
1117,0,Sunset,gobera,2G,Breach,1.02,190.0,12,14,13,-2,75.0,127.0,30.0,3.0,0.0,3.0,EG,,7,2G,,13,1,VCT Americas
1118,0,Sunset,silentzz,2G,Cypher,0.83,158.0,13,12,1,1,70.0,106.0,57.0,1.0,2.0,-1.0,EG,,7,2G,,13,1,VCT Americas
1119,0,Sunset,pryze,2G,Sova,0.65,108.0,8,14,5,-6,70.0,75.0,15.0,0.0,1.0,-1.0,EG,,7,2G,,13,1,VCT Americas
1120,2,Lotus,Derrek,EG,Chamber,1.59,350.0,30,15,4,15,79.0,242.0,31.0,3.0,2.0,1.0,EG,,13,2G,,11,1,VCT Americas
1121,2,Lotus,icy,EG,Raze,1.27,224.0,20,13,3,7,71.0,129.0,20.0,4.0,2.0,2.0,EG,,13,2G,,11,1,VCT Americas
1122,2,Lotus,supamen,EG,Viper,0.95,138.0,10,12,6,-2,67.0,98.0,19.0,3.0,3.0,0.0,EG,,13,2G,,11,1,VCT Americas
1123,2,Lotus,yay,EG,Clove,0.74,204.0,17,19,8,-2,71.0,141.0,30.0,1.0,3.0,-2.0,EG,,13,2G,,11,1,VCT Americas
1124,2,Lotus,NaturE,EG,Fade,0.62,102.0,8,16,11,-8,63.0,66.0,18.0,0.0,3.0,-3.0,EG,,13,2G,,11,1,VCT Americas
1125,2,Lotus,lz,2G,Omen,1.13,216.0,16,16,13,0,63.0,138.0,45.0,5.0,5.0,0.0,EG,,13,2G,,11,0,VCT Americas
1126,2,Lotus,pryze,2G,Fade,1.11,218.0,18,17,9,1,67.0,149.0,19.0,0.0,1.0,-1.0,EG,,13,2G,,11,0,VCT Americas
1127,2,Lotus,spike,2G,Neon,1.04,225.0,19,18,2,1,54.0,150.0,20.0,6.0,2.0,4.0,EG,,13,2G,,11,0,VCT Americas
1128,2,Lotus,silentzz,2G,Cypher,0.93,159.0,13,18,5,-5,58.0,105.0,35.0,1.0,2.0,-1.0,EG,,13,2G,,11,0,VCT Americas
1129,2,Lotus,gobera,2G,Breach,0.83,119.0,9,16,13,-7,75.0,80.0,24.0,1.0,1.0,0.0,EG,,13,2G,,11,0,VCT Americas
1130,3,Ascent,Derrek,EG,Sova,1.55,243.0,18,12,7,6,55.0,177.0,27.0,1.0,2.0,-1.0,EG,,13,2G,,9,1,VCT Americas
1131,3,Ascent,yay,EG,Jett,1.19,230.0,19,15,3,4,64.0,146.0,30.0,4.0,7.0,-3.0,EG,,13,2G,,9,1,VCT Americas
1132,3,Ascent,NaturE,EG,Kayo,1.15,230.0,17,15,12,2,82.0,156.0,29.0,2.0,1.0,1.0,EG,,13,2G,,9,1,VCT Americas
1133,3,Ascent,icy,EG,Cypher,0.8,109.0,8,12,6,-4,64.0,68.0,47.0,0.0,1.0,-1.0,EG,,13,2G,,9,1,VCT Americas
1134,3,Ascent,supamen,EG,Omen,0.75,152.0,11,15,6,-4,73.0,95.0,54.0,2.0,2.0,0.0,EG,,13,2G,,9,1,VCT Americas
1135,3,Ascent,silentzz,2G,Jett,1.69,311.0,26,11,1,15,77.0,190.0,28.0,7.0,1.0,6.0,EG,,13,2G,,9,0,VCT Americas
1136,3,Ascent,spike,2G,Kayo,1.01,187.0,14,15,13,-1,73.0,107.0,18.0,1.0,2.0,-1.0,EG,,13,2G,,9,0,VCT Americas
1137,3,Ascent,pryze,2G,Sova,0.89,188.0,14,15,5,-1,68.0,125.0,17.0,2.0,3.0,-1.0,EG,,13,2G,,9,0,VCT Americas
1138,3,Ascent,lz,2G,Omen,0.79,153.0,11,15,11,-4,77.0,94.0,35.0,3.0,0.0,3.0,EG,,13,2G,,9,0,VCT Americas
1139,3,Ascent,gobera,2G,Cypher,0.2,66.0,4,17,4,-13,45.0,51.0,4.0,0.0,3.0,-3.0,EG,,13,2G,,9,0,VCT Americas
1140,0,Corrode,N4RRATE,SEN,Fade,1.35,244.0,17,13,9,4,90.0,149.0,37.0,5.0,1.0,4.0,SEN,,13,G2,,8,1,VCT Americas
1141,0,Corrode,zekken,SEN,Neon,1.32,282.0,22,15,3,7,76.0,166.0,27.0,7.0,3.0,4.0,SEN,,13,G2,,8,1,VCT Americas
1142,0,Corrode,bang,SEN,Omen,1.3,190.0,15,8,8,7,81.0,118.0,23.0,1.0,0.0,1.0,SEN,,13,G2,,8,1,VCT Americas
1143,0,Corrode,johnqt,SEN,Viper,1.04,182.0,14,11,3,3,86.0,117.0,14.0,2.0,0.0,2.0,SEN,,13,G2,,8,1,VCT Americas
1144,0,Corrode,Zellsis,SEN,Vyse,0.91,193.0,15,13,2,2,76.0,132.0,18.0,2.0,0.0,2.0,SEN,,13,G2,,8,1,VCT Americas
1145,0,Corrode,trent,G2,Sova,1.28,281.0,18,16,4,2,67.0,201.0,28.0,1.0,2.0,-1.0,SEN,,13,G2,,8,0,VCT Americas
1146,0,Corrode,valyn,G2,Omen,0.87,157.0,12,15,8,-3,57.0,106.0,21.0,0.0,4.0,-4.0,SEN,,13,G2,,8,0,VCT Americas
1147,0,Corrode,JonahP,G2,Viper,0.78,130.0,9,15,5,-6,76.0,93.0,30.0,2.0,3.0,-1.0,SEN,,13,G2,,8,0,VCT Americas
1148,0,Corrode,jawgemo,G2,Yoru,0.75,210.0,14,20,6,-6,57.0,151.0,39.0,1.0,4.0,-3.0,SEN,,13,G2,,8,0,VCT Americas
1149,0,Corrode,BABYBAY,G2,Vyse,0.46,110.0,7,17,6,-10,62.0,83.0,21.0,0.0,4.0,-4.0,SEN,,13,G2,,8,0,VCT Americas
1150,2,Ascent,N4RRATE,SEN,Sova,1.01,230.0,14,16,6,-2,79.0,140.0,31.0,3.0,1.0,2.0,SEN,,6,G2,,13,0,VCT Americas
1151,2,Ascent,johnqt,SEN,Cypher,0.89,176.0,10,11,6,-1,58.0,120.0,24.0,1.0,0.0,1.0,SEN,,6,G2,,13,0,VCT Americas
1152,2,Ascent,bang,SEN,Omen,0.83,162.0,10,14,4,-4,68.0,100.0,33.0,1.0,1.0,0.0,SEN,,6,G2,,13,0,VCT Americas
1153,2,Ascent,Zellsis,SEN,Deadlock,0.74,178.0,12,16,1,-4,58.0,108.0,26.0,1.0,2.0,-1.0,SEN,,6,G2,,13,0,VCT Americas
1154,2,Ascent,zekken,SEN,Yoru,0.45,129.0,9,16,2,-7,58.0,90.0,40.0,3.0,6.0,-3.0,SEN,,6,G2,,13,0,VCT Americas
1155,2,Ascent,trent,G2,Sova,1.79,311.0,21,10,8,11,89.0,193.0,37.0,3.0,0.0,3.0,SEN,,6,G2,,13,1,VCT Americas
1156,2,Ascent,JonahP,G2,Vyse,1.26,200.0,14,9,4,5,84.0,128.0,25.0,1.0,0.0,1.0,SEN,,6,G2,,13,1,VCT Americas
1157,2,Ascent,valyn,G2,Omen,1.07,180.0,14,12,11,2,63.0,100.0,32.0,0.0,4.0,-4.0,SEN,,6,G2,,13,1,VCT Americas
1158,2,Ascent,BABYBAY,G2,Chamber,1.02,164.0,10,10,4,0,68.0,123.0,26.0,4.0,2.0,2.0,SEN,,6,G2,,13,1,VCT Americas
1159,2,Ascent,jawgemo,G2,Yoru,0.82,205.0,14,14,8,0,74.0,140.0,33.0,2.0,3.0,-1.0,SEN,,6,G2,,13,1,VCT Americas
1160,3,Lotus,Zellsis,SEN,Vyse,1.23,191.0,18,16,6,2,65.0,130.0,33.0,2.0,2.0,0.0,SEN,,14,G2,,12,1,VCT Americas
1161,3,Lotus,zekken,SEN,Raze,1.19,277.0,26,18,4,8,65.0,179.0,24.0,4.0,6.0,-2.0,SEN,,14,G2,,12,1,VCT Americas
1162,3,Lotus,johnqt,SEN,Viper,1.06,159.0,14,15,10,-1,73.0,116.0,15.0,1.0,0.0,1.0,SEN,,14,G2,,12,1,VCT Americas
1163,3,Lotus,N4RRATE,SEN,Fade,0.88,184.0,17,18,8,-1,73.0,107.0,10.0,4.0,2.0,2.0,SEN,,14,G2,,12,1,VCT Americas
1164,3,Lotus,bang,SEN,Omen,0.86,167.0,16,17,6,-1,62.0,108.0,50.0,0.0,5.0,-5.0,SEN,,14,G2,,12,1,VCT Americas
1165,3,Lotus,valyn,G2,Omen,1.41,275.0,26,17,8,9,77.0,181.0,23.0,3.0,0.0,3.0,SEN,,14,G2,,12,0,VCT Americas
1166,3,Lotus,jawgemo,G2,Yoru,1.11,224.0,19,17,10,2,69.0,145.0,22.0,7.0,4.0,3.0,SEN,,14,G2,,12,0,VCT Americas
1167,3,Lotus,JonahP,G2,Fade,0.88,177.0,16,20,10,-4,69.0,103.0,19.0,1.0,2.0,-1.0,SEN,,14,G2,,12,0,VCT Americas
1168,3,Lotus,trent,G2,Tejo,0.73,105.0,10,16,7,-6,62.0,66.0,10.0,1.0,1.0,0.0,SEN,,14,G2,,12,0,VCT Americas
1169,3,Lotus,BABYBAY,G2,Viper,0.64,160.0,13,21,4,-8,65.0,109.0,21.0,3.0,4.0,-1.0,SEN,,14,G2,,12,0,VCT Americas
1170,0,Ascent,pryze,2G,Sova,1.17,185.0,15,14,5,1,67.0,139.0,34.0,0.0,0.0,0.0,2G,,8,G2,,13,0,VCT Americas
1171,0,Ascent,silentzz,2G,Jett,1.01,221.0,18,15,0,3,57.0,132.0,26.0,5.0,6.0,-1.0,2G,,8,G2,,13,0,VCT Americas
1172,0,Ascent,spike,2G,Kayo,0.81,184.0,11,19,11,-8,52.0,119.0,28.0,2.0,3.0,-1.0,2G,,8,G2,,13,0,VCT Americas
1173,0,Ascent,lz,2G,Omen,0.76,159.0,12,18,6,-6,48.0,112.0,41.0,0.0,2.0,-2.0,2G,,8,G2,,13,0,VCT Americas
1174,0,Ascent,gobera,2G,Cypher,0.32,121.0,7,19,6,-12,52.0,82.0,40.0,1.0,2.0,-1.0,2G,,8,G2,,13,0,VCT Americas
1175,0,Ascent,jawgemo,G2,Yoru,1.48,287.0,22,12,6,10,81.0,180.0,19.0,3.0,3.0,0.0,2G,,8,G2,,13,1,VCT Americas
1176,0,Ascent,trent,G2,Sova,1.2,229.0,18,12,9,6,81.0,140.0,31.0,1.0,1.0,0.0,2G,,8,G2,,13,1,VCT Americas
1177,0,Ascent,JonahP,G2,Vyse,1.17,227.0,19,14,4,5,71.0,148.0,22.0,2.0,0.0,2.0,2G,,8,G2,,13,1,VCT Americas
1178,0,Ascent,valyn,G2,Omen,1.0,154.0,11,11,10,0,81.0,89.0,28.0,2.0,0.0,2.0,2G,,8,G2,,13,1,VCT Americas
1179,0,Ascent,BABYBAY,G2,Chamber,0.92,187.0,15,14,5,1,76.0,116.0,18.0,5.0,4.0,1.0,2G,,8,G2,,13,1,VCT Americas
1180,2,Haven,silentzz,2G,Iso,0.82,205.0,12,16,2,-4,78.0,145.0,30.0,2.0,2.0,0.0,2G,,5,G2,,13,0,VCT Americas
1181,2,Haven,pryze,2G,Sova,0.79,167.0,9,16,3,-7,56.0,131.0,27.0,2.0,0.0,2.0,2G,,5,G2,,13,0,VCT Americas
1182,2,Haven,spike,2G,Yoru,0.75,211.0,13,16,3,-3,56.0,146.0,47.0,3.0,3.0,0.0,2G,,5,G2,,13,0,VCT Americas
1183,2,Haven,gobera,2G,Cypher,0.69,136.0,9,15,1,-6,56.0,94.0,42.0,1.0,1.0,0.0,2G,,5,G2,,13,0,VCT Americas
1184,2,Haven,lz,2G,Omen,0.6,115.0,6,14,10,-8,61.0,75.0,53.0,1.0,3.0,-2.0,2G,,5,G2,,13,0,VCT Americas
1185,2,Haven,valyn,G2,Omen,1.8,344.0,23,9,7,14,89.0,203.0,19.0,1.0,1.0,0.0,2G,,5,G2,,13,1,VCT Americas
1186,2,Haven,JonahP,G2,Viper,1.76,294.0,19,8,10,11,89.0,182.0,19.0,3.0,1.0,2.0,2G,,5,G2,,13,1,VCT Americas
1187,2,Haven,trent,G2,Fade,1.4,241.0,19,10,5,9,89.0,138.0,24.0,3.0,1.0,2.0,2G,,5,G2,,13,1,VCT Americas
1188,2,Haven,BABYBAY,G2,Vyse,0.8,129.0,8,9,8,-1,72.0,87.0,15.0,0.0,4.0,-4.0,2G,,5,G2,,13,1,VCT Americas
1189,2,Haven,jawgemo,G2,Yoru,0.64,134.0,8,13,6,-5,72.0,101.0,11.0,2.0,2.0,0.0,2G,,5,G2,,13,1,VCT Americas
1190,0,Lotus,OXY,C9,Neon,1.4,324.0,22,15,9,7,95.0,229.0,28.0,4.0,2.0,2.0,C9,,13,EG,,7,1,VCT Americas
1191,0,Lotus,mitch,C9,Fade,1.39,244.0,16,12,12,4,90.0,158.0,22.0,3.0,2.0,1.0,C9,,13,EG,,7,1,VCT Americas
1192,0,Lotus,v1c,C9,Omen,1.36,216.0,18,11,11,7,85.0,146.0,30.0,0.0,0.0,0.0,C9,,13,EG,,7,1,VCT Americas
1193,0,Lotus,neT,C9,Viper,1.24,201.0,15,10,7,5,75.0,124.0,43.0,3.0,1.0,2.0,C9,,13,EG,,7,1,VCT Americas
1194,0,Lotus,Xeppaa,C9,Vyse,1.22,197.0,15,12,9,3,95.0,142.0,33.0,2.0,3.0,-1.0,C9,,13,EG,,7,1,VCT Americas
1195,0,Lotus,Derrek,EG,Tejo,0.83,168.0,10,15,7,-5,60.0,127.0,25.0,0.0,0.0,0.0,C9,,13,EG,,7,0,VCT Americas
1196,0,Lotus,yay,EG,Clove,0.76,203.0,16,18,2,-2,55.0,134.0,35.0,1.0,1.0,0.0,C9,,13,EG,,7,0,VCT Americas
1197,0,Lotus,icy,EG,Raze,0.73,180.0,13,17,4,-4,60.0,106.0,22.0,2.0,6.0,-4.0,C9,,13,EG,,7,0,VCT Americas
1198,0,Lotus,supamen,EG,Viper,0.7,184.0,12,18,1,-6,55.0,133.0,31.0,4.0,2.0,2.0,C9,,13,EG,,7,0,VCT Americas
1199,0,Lotus,NaturE,EG,Fade,0.69,134.0,9,18,8,-9,70.0,86.0,22.0,1.0,3.0,-2.0,C9,,13,EG,,7,0,VCT Americas
1200,2,Haven,mitch,C9,Skye,1.13,231.0,15,13,15,2,70.0,153.0,17.0,2.0,1.0,1.0,C9,,13,EG,,10,1,VCT Americas
1201,2,Haven,v1c,C9,Omen,1.11,231.0,18,15,11,3,65.0,143.0,25.0,2.0,3.0,-1.0,C9,,13,EG,,10,1,VCT Americas
1202,2,Haven,neT,C9,Viper,1.06,208.0,17,15,8,2,65.0,138.0,27.0,2.0,3.0,-1.0,C9,,13,EG,,10,1,VCT Americas
1203,2,Haven,OXY,C9,Jett,0.9,189.0,17,14,0,3,61.0,109.0,18.0,2.0,6.0,-4.0,C9,,13,EG,,10,1,VCT Americas
1204,2,Haven,Xeppaa,C9,Killjoy,0.74,153.0,13,17,4,-4,61.0,95.0,10.0,2.0,0.0,2.0,C9,,13,EG,,10,1,VCT Americas
1205,2,Haven,Derrek,EG,Sova,1.36,243.0,19,15,7,4,70.0,183.0,27.0,4.0,0.0,4.0,C9,,13,EG,,10,0,VCT Americas
1206,2,Haven,yay,EG,Jett,1.15,208.0,18,15,3,3,70.0,131.0,25.0,5.0,6.0,-1.0,C9,,13,EG,,10,0,VCT Americas
1207,2,Haven,icy,EG,Cypher,0.89,150.0,12,16,5,-4,65.0,96.0,34.0,2.0,0.0,2.0,C9,,13,EG,,10,0,VCT Americas
1208,2,Haven,supamen,EG,Omen,0.87,178.0,15,17,10,-2,78.0,107.0,32.0,2.0,3.0,-1.0,C9,,13,EG,,10,0,VCT Americas
1209,2,Haven,NaturE,EG,Breach,0.67,126.0,10,17,11,-7,61.0,75.0,25.0,0.0,1.0,-1.0,C9,,13,EG,,10,0,VCT Americas
1210,0,Sunset,adverso,FUR,Sova,1.02,236.0,13,15,3,-2,65.0,156.0,27.0,0.0,1.0,-1.0,FUR,,4,SEN,,13,0,VCT Americas
1211,0,Sunset,heat,FUR,Viper,0.64,158.0,10,13,0,-3,65.0,106.0,24.0,0.0,1.0,-1.0,FUR,,4,SEN,,13,0,VCT Americas
1212,0,Sunset,tuyz,FUR,Omen,0.58,153.0,10,16,5,-6,65.0,90.0,43.0,1.0,3.0,-2.0,FUR,,4,SEN,,13,0,VCT Americas
1213,0,Sunset,Palla,FUR,Neon,0.52,191.0,11,18,0,-7,53.0,111.0,39.0,2.0,7.0,-5.0,FUR,,4,SEN,,13,0,VCT Americas
1214,0,Sunset,Urango,FUR,Sage,0.44,93.0,5,14,4,-9,71.0,77.0,36.0,0.0,2.0,-2.0,FUR,,4,SEN,,13,0,VCT Americas
1215,0,Sunset,zekken,SEN,Neon,1.76,399.0,24,12,3,12,88.0,237.0,19.0,7.0,0.0,7.0,FUR,,4,SEN,,13,1,VCT Americas
1216,0,Sunset,N4RRATE,SEN,Fade,1.53,285.0,17,10,9,7,94.0,195.0,35.0,4.0,1.0,3.0,FUR,,4,SEN,,13,1,VCT Americas
1217,0,Sunset,Zellsis,SEN,Breach,1.35,204.0,12,9,15,3,100.0,138.0,26.0,0.0,0.0,0.0,FUR,,4,SEN,,13,1,VCT Americas
1218,0,Sunset,bang,SEN,Omen,1.14,209.0,13,11,8,2,88.0,134.0,40.0,3.0,1.0,2.0,FUR,,4,SEN,,13,1,VCT Americas
1219,0,Sunset,johnqt,SEN,Cypher,1.06,143.0,10,7,3,3,71.0,93.0,32.0,0.0,1.0,-1.0,FUR,,4,SEN,,13,1,VCT Americas
1220,2,Icebox,heat,FUR,Viper,1.02,251.0,9,13,5,-4,85.0,155.0,35.0,3.0,1.0,2.0,FUR,,0,SEN,,13,0,VCT Americas
1221,2,Icebox,Palla,FUR,Waylay,0.92,223.0,9,12,2,-3,69.0,145.0,34.0,2.0,1.0,1.0,FUR,,0,SEN,,13,0,VCT Americas
1222,2,Icebox,adverso,FUR,Sova,0.76,153.0,8,12,1,-4,46.0,95.0,17.0,0.0,0.0,0.0,FUR,,0,SEN,,13,0,VCT Americas
1223,2,Icebox,tuyz,FUR,Omen,0.16,79.0,3,13,2,-10,46.0,69.0,30.0,0.0,2.0,-2.0,FUR,,0,SEN,,13,0,VCT Americas
1224,2,Icebox,Urango,FUR,Killjoy,0.14,95.0,3,13,2,-10,46.0,75.0,11.0,0.0,4.0,-4.0,FUR,,0,SEN,,13,0,VCT Americas
1225,2,Icebox,N4RRATE,SEN,Sova,1.76,301.0,15,4,4,11,100.0,202.0,37.0,0.0,0.0,0.0,FUR,,0,SEN,,13,1,VCT Americas
1226,2,Icebox,Zellsis,SEN,Killjoy,1.6,330.0,17,8,3,9,85.0,200.0,23.0,2.0,2.0,0.0,FUR,,0,SEN,,13,1,VCT Americas
1227,2,Icebox,bang,SEN,Viper,1.37,259.0,11,6,5,5,92.0,156.0,17.0,3.0,1.0,2.0,FUR,,0,SEN,,13,1,VCT Americas
1228,2,Icebox,johnqt,SEN,Sage,1.24,162.0,9,5,8,4,92.0,112.0,27.0,0.0,0.0,0.0,FUR,,0,SEN,,13,1,VCT Americas
1229,2,Icebox,zekken,SEN,Jett,0.79,202.0,11,9,0,2,77.0,126.0,40.0,3.0,2.0,1.0,FUR,,0,SEN,,13,1,VCT Americas
1230,0,Corrode,silentzz,2G,Vyse,1.61,255.0,26,13,8,13,88.0,165.0,47.0,2.0,0.0,2.0,2G,,12,FUR,,14,0,VCT Americas
1231,0,Corrode,pryze,2G,Fade,1.13,246.0,20,21,17,-1,85.0,170.0,20.0,3.0,1.0,2.0,2G,,12,FUR,,14,0,VCT Americas
1232,0,Corrode,gobera,2G,Viper,0.79,163.0,15,17,5,-2,69.0,107.0,23.0,2.0,1.0,1.0,2G,,12,FUR,,14,0,VCT Americas
1233,0,Corrode,spike,2G,Neon,0.77,258.0,22,25,7,-3,77.0,151.0,17.0,9.0,3.0,6.0,2G,,12,FUR,,14,0,VCT Americas
1234,0,Corrode,lz,2G,Omen,0.59,114.0,11,18,8,-7,65.0,71.0,34.0,2.0,3.0,-1.0,2G,,12,FUR,,14,0,VCT Americas
1235,0,Corrode,adverso,FUR,Fade,1.17,257.0,21,21,13,0,92.0,169.0,20.0,2.0,5.0,-3.0,2G,,12,FUR,,14,1,VCT Americas
1236,0,Corrode,tuyz,FUR,Omen,1.11,177.0,17,15,9,2,85.0,118.0,37.0,1.0,2.0,-1.0,2G,,12,FUR,,14,1,VCT Americas
1237,0,Corrode,heat,FUR,Viper,1.08,191.0,18,17,7,1,73.0,126.0,40.0,2.0,2.0,0.0,2G,,12,FUR,,14,1,VCT Americas
1238,0,Corrode,Palla,FUR,Neon,1.04,269.0,24,23,6,1,77.0,158.0,26.0,3.0,4.0,-1.0,2G,,12,FUR,,14,1,VCT Americas
1239,0,Corrode,Urango,FUR,Sage,0.92,157.0,14,18,13,-4,73.0,89.0,24.0,0.0,5.0,-5.0,2G,,12,FUR,,14,1,VCT Americas
1240,2,Sunset,silentzz,2G,Cypher,1.83,261.0,19,5,0,14,88.0,176.0,58.0,4.0,1.0,3.0,2G,,13,FUR,,3,1,VCT Americas
1241,2,Sunset,gobera,2G,Breach,1.48,279.0,17,8,6,9,88.0,184.0,38.0,2.0,0.0,2.0,2G,,13,FUR,,3,1,VCT Americas
1242,2,Sunset,pryze,2G,Sova,1.41,227.0,14,7,4,7,81.0,153.0,38.0,3.0,1.0,2.0,2G,,13,FUR,,3,1,VCT Americas
1243,2,Sunset,spike,2G,Neon,1.27,278.0,14,11,7,3,88.0,184.0,17.0,3.0,1.0,2.0,2G,,13,FUR,,3,1,VCT Americas
1244,2,Sunset,lz,2G,Omen,0.96,164.0,10,10,8,0,81.0,118.0,55.0,0.0,1.0,-1.0,2G,,13,FUR,,3,1,VCT Americas
1245,2,Sunset,heat,FUR,Cypher,0.87,218.0,11,15,2,-4,56.0,143.0,40.0,0.0,2.0,-2.0,2G,,13,FUR,,3,0,VCT Americas
1246,2,Sunset,adverso,FUR,Sova,0.79,188.0,10,15,5,-5,63.0,126.0,10.0,2.0,0.0,2.0,2G,,13,FUR,,3,0,VCT Americas
1247,2,Sunset,Urango,FUR,Breach,0.61,145.0,8,15,4,-7,56.0,99.0,39.0,0.0,2.0,-2.0,2G,,13,FUR,,3,0,VCT Americas
1248,2,Sunset,tuyz,FUR,Omen,0.55,141.0,6,14,8,-8,63.0,94.0,25.0,1.0,3.0,-2.0,2G,,13,FUR,,3,0,VCT Americas
1249,2,Sunset,Palla,FUR,Neon,0.16,118.0,6,15,2,-9,44.0,77.0,14.0,1.0,5.0,-4.0,2G,,13,FUR,,3,0,VCT Americas
1250,3,Ascent,gobera,2G,Killjoy,2.08,356.0,21,8,2,13,93.0,236.0,31.0,0.0,1.0,-1.0,2G,,13,FUR,,2,1,VCT Americas
1251,3,Ascent,pryze,2G,Sova,1.4,252.0,14,9,4,5,87.0,160.0,25.0,1.0,0.0,1.0,2G,,13,FUR,,2,1,VCT Americas
1252,3,Ascent,spike,2G,Kayo,1.21,247.0,13,10,8,3,73.0,163.0,32.0,2.0,3.0,-1.0,2G,,13,FUR,,2,1,VCT Americas
1253,3,Ascent,silentzz,2G,Jett,0.63,154.0,8,11,1,-3,67.0,118.0,26.0,2.0,3.0,-1.0,2G,,13,FUR,,2,1,VCT Americas
1254,3,Ascent,lz,2G,Omen,0.63,146.0,8,12,7,-4,80.0,101.0,38.0,0.0,3.0,-3.0,2G,,13,FUR,,2,1,VCT Americas
1255,3,Ascent,Urango,FUR,Deadlock,1.09,225.0,13,12,4,1,67.0,142.0,41.0,1.0,1.0,0.0,2G,,13,FUR,,2,0,VCT Americas
1256,3,Ascent,Palla,FUR,Yoru,0.9,240.0,11,13,5,-2,80.0,154.0,23.0,5.0,2.0,3.0,2G,,13,FUR,,2,0,VCT Americas
1257,3,Ascent,heat,FUR,Cypher,0.83,188.0,9,13,5,-4,67.0,136.0,19.0,0.0,1.0,-1.0,2G,,13,FUR,,2,0,VCT Americas
1258,3,Ascent,tuyz,FUR,Omen,0.73,167.0,8,12,7,-4,73.0,103.0,32.0,3.0,1.0,2.0,2G,,13,FUR,,2,0,VCT Americas
1259,3,Ascent,adverso,FUR,Sova,0.63,172.0,9,14,3,-5,67.0,126.0,11.0,1.0,0.0,1.0,2G,,13,FUR,,2,0,VCT Americas
1260,0,Lotus,zekken,SEN,Raze,1.58,297.0,19,12,9,7,100.0,178.0,15.0,6.0,3.0,3.0,SEN,,13,C9,,5,1,VCT Americas
1261,0,Lotus,bang,SEN,Omen,1.55,236.0,18,8,10,10,83.0,122.0,17.0,1.0,2.0,-1.0,SEN,,13,C9,,5,1,VCT Americas
1262,0,Lotus,N4RRATE,SEN,Fade,1.4,280.0,18,11,6,7,89.0,187.0,31.0,3.0,1.0,2.0,SEN,,13,C9,,5,1,VCT Americas
1263,0,Lotus,johnqt,SEN,Viper,1.11,160.0,10,9,9,1,89.0,104.0,20.0,0.0,0.0,0.0,SEN,,13,C9,,5,1,VCT Americas
1264,0,Lotus,Zellsis,SEN,Vyse,0.96,130.0,8,8,4,0,83.0,90.0,17.0,0.0,2.0,-2.0,SEN,,13,C9,,5,1,VCT Americas
1265,0,Lotus,Xeppaa,C9,Vyse,1.03,199.0,12,13,5,-1,89.0,128.0,20.0,3.0,1.0,2.0,SEN,,13,C9,,5,0,VCT Americas
1266,0,Lotus,mitch,C9,Fade,0.75,132.0,10,13,4,-3,67.0,83.0,21.0,0.0,3.0,-3.0,SEN,,13,C9,,5,0,VCT Americas
1267,0,Lotus,v1c,C9,Omen,0.6,146.0,8,16,9,-8,78.0,96.0,14.0,2.0,3.0,-1.0,SEN,,13,C9,,5,0,VCT Americas
1268,0,Lotus,neT,C9,Viper,0.51,95.0,6,13,3,-7,61.0,63.0,29.0,0.0,1.0,-1.0,SEN,,13,C9,,5,0,VCT Americas
1269,0,Lotus,OXY,C9,Neon,0.5,178.0,12,18,1,-6,72.0,120.0,34.0,3.0,2.0,1.0,SEN,,13,C9,,5,0,VCT Americas
1270,2,Haven,N4RRATE,SEN,Sova,1.61,284.0,20,12,8,8,86.0,193.0,19.0,4.0,3.0,1.0,SEN,,13,C9,,9,1,VCT Americas
1271,2,Haven,bang,SEN,Omen,1.19,162.0,14,12,17,2,91.0,93.0,35.0,1.0,2.0,-1.0,SEN,,13,C9,,9,1,VCT Americas
1272,2,Haven,johnqt,SEN,Viper,1.18,208.0,14,9,12,5,82.0,137.0,11.0,1.0,0.0,1.0,SEN,,13,C9,,9,1,VCT Americas
1273,2,Haven,Zellsis,SEN,Killjoy,0.9,185.0,15,13,3,2,68.0,122.0,21.0,1.0,2.0,-1.0,SEN,,13,C9,,9,1,VCT Americas
1274,2,Haven,zekken,SEN,Neon,0.67,121.0,9,13,5,-4,64.0,79.0,33.0,2.0,6.0,-4.0,SEN,,13,C9,,9,1,VCT Americas
1275,2,Haven,OXY,C9,Jett,1.36,298.0,24,16,1,8,73.0,177.0,45.0,7.0,2.0,5.0,SEN,,13,C9,,9,0,VCT Americas
1276,2,Haven,mitch,C9,Skye,0.92,170.0,10,14,11,-4,64.0,121.0,16.0,1.0,3.0,-2.0,SEN,,13,C9,,9,0,VCT Americas
1277,2,Haven,Xeppaa,C9,Killjoy,0.81,148.0,12,14,0,-2,64.0,97.0,25.0,2.0,2.0,0.0,SEN,,13,C9,,9,0,VCT Americas
1278,2,Haven,v1c,C9,Omen,0.59,90.0,8,14,3,-6,64.0,54.0,28.0,2.0,0.0,2.0,SEN,,13,C9,,9,0,VCT Americas
1279,2,Haven,neT,C9,Viper,0.49,75.0,5,14,5,-9,55.0,49.0,19.0,1.0,2.0,-1.0,SEN,,13,C9,,9,0,VCT Americas
1280,0,Corrode,JonahP,G2,Viper,1.42,280.0,23,15,3,8,75.0,165.0,35.0,2.0,2.0,0.0,G2,,11,EG,,13,0,VCT Americas
1281,0,Corrode,valyn,G2,Omen,1.3,262.0,23,17,8,6,71.0,177.0,29.0,1.0,1.0,0.0,G2,,11,EG,,13,0,VCT Americas
1282,0,Corrode,trent,G2,Fade,1.08,183.0,15,14,9,1,83.0,112.0,38.0,0.0,3.0,-3.0,G2,,11,EG,,13,0,VCT Americas
1283,0,Corrode,jawgemo,G2,Neon,0.69,171.0,13,20,6,-7,67.0,110.0,25.0,5.0,4.0,1.0,G2,,11,EG,,13,0,VCT Americas
1284,0,Corrode,BABYBAY,G2,Chamber,0.55,137.0,11,19,2,-8,63.0,83.0,22.0,3.0,3.0,0.0,G2,,11,EG,,13,0,VCT Americas
1285,0,Corrode,yay,EG,Chamber,1.37,328.0,29,18,2,11,83.0,212.0,35.0,8.0,3.0,5.0,G2,,11,EG,,13,1,VCT Americas
1286,0,Corrode,Derrek,EG,Omen,1.17,235.0,21,17,3,4,79.0,151.0,47.0,0.0,1.0,-1.0,G2,,11,EG,,13,1,VCT Americas
1287,0,Corrode,NaturE,EG,Sova,1.15,209.0,18,15,5,3,79.0,135.0,24.0,3.0,1.0,2.0,G2,,11,EG,,13,1,VCT Americas
1288,0,Corrode,supamen,EG,Viper,0.58,117.0,9,17,3,-8,46.0,78.0,44.0,2.0,2.0,0.0,G2,,11,EG,,13,1,VCT Americas
1289,0,Corrode,icy,EG,Neon,0.49,115.0,8,18,5,-10,58.0,85.0,26.0,0.0,4.0,-4.0,G2,,11,EG,,13,1,VCT Americas
1290,2,Haven,trent,G2,Fade,1.81,232.0,17,5,6,12,82.0,169.0,25.0,0.0,1.0,-1.0,G2,,13,EG,,4,1,VCT Americas
1291,2,Haven,JonahP,G2,Viper,1.59,322.0,20,10,9,10,88.0,211.0,24.0,4.0,1.0,3.0,G2,,13,EG,,4,1,VCT Americas
1292,2,Haven,valyn,G2,Omen,1.22,236.0,14,12,7,2,82.0,174.0,33.0,3.0,1.0,2.0,G2,,13,EG,,4,1,VCT Americas
1293,2,Haven,jawgemo,G2,Yoru,1.05,189.0,13,9,2,4,88.0,113.0,22.0,3.0,0.0,3.0,G2,,13,EG,,4,1,VCT Americas
1294,2,Haven,BABYBAY,G2,Vyse,0.75,160.0,9,13,9,-4,82.0,110.0,26.0,0.0,4.0,-4.0,G2,,13,EG,,4,1,VCT Americas
1295,2,Haven,NaturE,EG,Breach,1.37,316.0,18,15,8,3,82.0,203.0,19.0,0.0,1.0,-1.0,G2,,13,EG,,4,0,VCT Americas
1296,2,Haven,Derrek,EG,Sova,1.03,202.0,11,13,3,-2,71.0,143.0,26.0,2.0,0.0,2.0,G2,,13,EG,,4,0,VCT Americas
1297,2,Haven,supamen,EG,Omen,0.64,130.0,8,14,6,-6,71.0,87.0,29.0,1.0,1.0,0.0,G2,,13,EG,,4,0,VCT Americas
1298,2,Haven,yay,EG,Jett,0.51,161.0,9,16,1,-7,59.0,121.0,21.0,4.0,6.0,-2.0,G2,,13,EG,,4,0,VCT Americas
1299,2,Haven,icy,EG,Cypher,0.27,70.0,3,15,3,-12,47.0,53.0,46.0,0.0,2.0,-2.0,G2,,13,EG,,4,0,VCT Americas
1300,3,Ascent,valyn,G2,Omen,1.62,268.0,17,8,8,9,94.0,167.0,35.0,2.0,0.0,2.0,G2,,13,EG,,4,1,VCT Americas
1301,3,Ascent,BABYBAY,G2,Chamber,1.39,221.0,15,7,1,8,76.0,156.0,20.0,2.0,2.0,0.0,G2,,13,EG,,4,1,VCT Americas
1302,3,Ascent,trent,G2,Sova,1.18,224.0,13,10,7,3,82.0,161.0,28.0,1.0,1.0,0.0,G2,,13,EG,,4,1,VCT Americas
1303,3,Ascent,JonahP,G2,Vyse,1.14,234.0,15,11,6,4,76.0,133.0,20.0,2.0,2.0,0.0,G2,,13,EG,,4,1,VCT Americas
1304,3,Ascent,jawgemo,G2,Yoru,0.96,183.0,11,11,6,0,82.0,110.0,22.0,2.0,3.0,-1.0,G2,,13,EG,,4,1,VCT Americas
1305,3,Ascent,NaturE,EG,Kayo,1.19,253.0,13,14,12,-1,82.0,147.0,21.0,1.0,1.0,0.0,G2,,13,EG,,4,0,VCT Americas
1306,3,Ascent,yay,EG,Jett,0.81,199.0,13,14,1,-1,59.0,126.0,30.0,2.0,4.0,-2.0,G2,,13,EG,,4,0,VCT Americas
1307,3,Ascent,Derrek,EG,Sova,0.79,179.0,8,15,7,-7,65.0,143.0,45.0,1.0,1.0,0.0,G2,,13,EG,,4,0,VCT Americas
1308,3,Ascent,icy,EG,Cypher,0.71,143.0,7,14,5,-7,59.0,103.0,19.0,3.0,0.0,3.0,G2,,13,EG,,4,0,VCT Americas
1309,3,Ascent,supamen,EG,Omen,0.4,81.0,6,14,4,-8,76.0,48.0,33.0,1.0,3.0,-2.0,G2,,13,EG,,4,0,VCT Americas
1310,0,Bind,v1c,C9,Brimstone,2.14,378.0,21,6,5,15,100.0,216.0,38.0,5.0,1.0,4.0,C9,,13,2G,,1,1,VCT Americas
1311,0,Bind,OXY,C9,Raze,1.81,290.0,16,4,3,12,100.0,190.0,10.0,0.0,0.0,0.0,C9,,13,2G,,1,1,VCT Americas
1312,0,Bind,Xeppaa,C9,Vyse,1.68,273.0,14,5,7,9,93.0,168.0,21.0,1.0,0.0,1.0,C9,,13,2G,,1,1,VCT Americas
1313,0,Bind,mitch,C9,Skye,1.5,236.0,12,5,5,7,86.0,140.0,17.0,4.0,1.0,3.0,C9,,13,2G,,1,1,VCT Americas
1314,0,Bind,neT,C9,Viper,0.93,138.0,7,6,8,1,93.0,88.0,16.0,1.0,1.0,0.0,C9,,13,2G,,1,1,VCT Americas
1315,0,Bind,pryze,2G,Fade,0.7,165.0,8,14,1,-6,57.0,94.0,21.0,0.0,0.0,0.0,C9,,13,2G,,1,0,VCT Americas
1316,0,Bind,lz,2G,Brimstone,0.41,137.0,5,14,5,-9,64.0,90.0,41.0,1.0,0.0,1.0,C9,,13,2G,,1,0,VCT Americas
1317,0,Bind,spike,2G,Yoru,0.38,136.0,6,14,3,-8,36.0,84.0,37.0,0.0,5.0,-5.0,C9,,13,2G,,1,0,VCT Americas
1318,0,Bind,gobera,2G,Viper,0.27,100.0,4,14,0,-10,29.0,70.0,31.0,1.0,2.0,-1.0,C9,,13,2G,,1,0,VCT Americas
1319,0,Bind,silentzz,2G,Raze,0.04,72.0,3,14,1,-11,21.0,48.0,7.0,1.0,4.0,-3.0,C9,,13,2G,,1,0,VCT Americas
1320,2,Lotus,OXY,C9,Neon,1.77,346.0,27,14,2,13,75.0,219.0,25.0,5.0,3.0,2.0,C9,,13,2G,,7,1,VCT Americas
1321,2,Lotus,v1c,C9,Omen,1.05,174.0,13,13,9,0,85.0,104.0,31.0,3.0,0.0,3.0,C9,,13,2G,,7,1,VCT Americas
1322,2,Lotus,Xeppaa,C9,Vyse,0.97,179.0,13,13,4,0,65.0,116.0,15.0,0.0,1.0,-1.0,C9,,13,2G,,7,1,VCT Americas
1323,2,Lotus,mitch,C9,Fade,0.78,141.0,8,12,8,-4,65.0,93.0,22.0,2.0,2.0,0.0,C9,,13,2G,,7,1,VCT Americas
1324,2,Lotus,neT,C9,Viper,0.76,153.0,8,13,4,-5,65.0,110.0,26.0,2.0,2.0,0.0,C9,,13,2G,,7,1,VCT Americas
1325,2,Lotus,lz,2G,Omen,1.19,251.0,19,14,8,5,85.0,146.0,42.0,2.0,1.0,1.0,C9,,13,2G,,7,0,VCT Americas
1326,2,Lotus,spike,2G,Neon,0.94,238.0,17,14,3,3,75.0,164.0,33.0,3.0,7.0,-4.0,C9,,13,2G,,7,0,VCT Americas
1327,2,Lotus,gobera,2G,Breach,0.84,173.0,12,13,8,-1,80.0,105.0,15.0,1.0,2.0,-1.0,C9,,13,2G,,7,0,VCT Americas
1328,2,Lotus,silentzz,2G,Viper,0.82,162.0,10,13,6,-3,75.0,101.0,20.0,2.0,0.0,2.0,C9,,13,2G,,7,0,VCT Americas
1329,2,Lotus,pryze,2G,Fade,0.58,104.0,7,15,5,-8,65.0,60.0,18.0,0.0,2.0,-2.0,C9,,13,2G,,7,0,VCT Americas
1330,0,Lotus,N4RRATE,SEN,Fade,1.26,291.0,22,15,6,7,71.0,171.0,38.0,3.0,0.0,3.0,SEN,,13,EG,,8,1,VCT Americas
1331,0,Lotus,bang,SEN,Omen,1.2,213.0,18,11,2,7,76.0,119.0,38.0,2.0,2.0,0.0,SEN,,13,EG,,8,1,VCT Americas
1332,0,Lotus,zekken,SEN,Raze,1.13,220.0,17,13,3,4,86.0,151.0,22.0,5.0,3.0,2.0,SEN,,13,EG,,8,1,VCT Americas
1333,0,Lotus,johnqt,SEN,Viper,1.12,159.0,11,11,13,0,90.0,107.0,23.0,1.0,0.0,1.0,SEN,,13,EG,,8,1,VCT Americas
1334,0,Lotus,Zellsis,SEN,Vyse,1.1,200.0,15,12,8,3,81.0,128.0,12.0,2.0,3.0,-1.0,SEN,,13,EG,,8,1,VCT Americas
1335,0,Lotus,supamen,EG,Viper,1.0,175.0,15,16,4,-1,52.0,113.0,40.0,0.0,0.0,0.0,SEN,,13,EG,,8,0,VCT Americas
1336,0,Lotus,icy,EG,Raze,0.84,175.0,13,16,3,-3,67.0,125.0,33.0,4.0,9.0,-5.0,SEN,,13,EG,,8,0,VCT Americas
1337,0,Lotus,NaturE,EG,Fade,0.81,184.0,13,17,5,-4,67.0,122.0,21.0,1.0,0.0,1.0,SEN,,13,EG,,8,0,VCT Americas
1338,0,Lotus,Derrek,EG,Tejo,0.75,172.0,11,16,9,-5,76.0,120.0,23.0,1.0,0.0,1.0,SEN,,13,EG,,8,0,VCT Americas
1339,0,Lotus,yay,EG,Clove,0.59,142.0,9,19,9,-10,62.0,82.0,38.0,2.0,4.0,-2.0,SEN,,13,EG,,8,0,VCT Americas
1340,2,Corrode,zekken,SEN,Neon,2.2,401.0,25,9,7,16,88.0,251.0,27.0,6.0,2.0,4.0,SEN,,13,EG,,4,1,VCT Americas
1341,2,Corrode,Zellsis,SEN,Vyse,1.52,234.0,15,7,4,8,88.0,140.0,24.0,3.0,0.0,3.0,SEN,,13,EG,,4,1,VCT Americas
1342,2,Corrode,johnqt,SEN,Viper,1.3,212.0,13,7,6,6,88.0,141.0,39.0,2.0,0.0,2.0,SEN,,13,EG,,4,1,VCT Americas
1343,2,Corrode,bang,SEN,Omen,1.06,197.0,12,9,8,3,76.0,119.0,15.0,2.0,2.0,0.0,SEN,,13,EG,,4,1,VCT Americas
1344,2,Corrode,N4RRATE,SEN,Fade,0.69,148.0,10,13,5,-3,76.0,85.0,30.0,0.0,0.0,0.0,SEN,,13,EG,,4,1,VCT Americas
1345,2,Corrode,Derrek,EG,Omen,1.04,221.0,15,14,1,1,59.0,134.0,35.0,1.0,2.0,-1.0,SEN,,13,EG,,4,0,VCT Americas
1346,2,Corrode,yay,EG,Chamber,0.84,234.0,12,15,2,-3,59.0,146.0,25.0,2.0,3.0,-1.0,SEN,,13,EG,,4,0,VCT Americas
1347,2,Corrode,supamen,EG,Viper,0.45,125.0,8,15,2,-7,59.0,69.0,37.0,0.0,2.0,-2.0,SEN,,13,EG,,4,0,VCT Americas
1348,2,Corrode,NaturE,EG,Sova,0.39,100.0,5,15,3,-10,41.0,74.0,17.0,0.0,1.0,-1.0,SEN,,13,EG,,4,0,VCT Americas
1349,2,Corrode,icy,EG,Neon,0.22,99.0,5,16,3,-11,65.0,63.0,23.0,1.0,5.0,-4.0,SEN,,13,EG,,4,0,VCT Americas
1350,0,Corrode,heat,FUR,Viper,0.92,220.0,11,12,2,-1,67.0,167.0,42.0,1.0,1.0,0.0,FUR,,2,G2,,13,0,VCT Americas
1351,0,Corrode,adverso,FUR,Fade,0.82,157.0,8,12,1,-4,73.0,99.0,15.0,1.0,0.0,1.0,FUR,,2,G2,,13,0,VCT Americas
1352,0,Corrode,tuyz,FUR,Omen,0.7,128.0,6,11,3,-5,73.0,87.0,19.0,2.0,1.0,1.0,FUR,,2,G2,,13,0,VCT Americas
1353,0,Corrode,Palla,FUR,Neon,0.68,214.0,10,14,2,-4,53.0,145.0,26.0,3.0,5.0,-2.0,FUR,,2,G2,,13,0,VCT Americas
1354,0,Corrode,Urango,FUR,Sage,0.55,130.0,6,14,3,-8,60.0,89.0,32.0,0.0,1.0,-1.0,FUR,,2,G2,,13,0,VCT Americas
1355,0,Corrode,jawgemo,G2,Waylay,1.42,330.0,17,12,4,5,93.0,200.0,35.0,5.0,3.0,2.0,FUR,,2,G2,,13,1,VCT Americas
1356,0,Corrode,BABYBAY,G2,Viper,1.42,322.0,18,8,6,10,93.0,193.0,35.0,3.0,1.0,2.0,FUR,,2,G2,,13,1,VCT Americas
1357,0,Corrode,trent,G2,Fade,1.3,162.0,11,5,10,6,93.0,83.0,30.0,0.0,0.0,0.0,FUR,,2,G2,,13,1,VCT Americas
1358,0,Corrode,valyn,G2,Omen,1.07,193.0,12,8,3,4,67.0,106.0,24.0,0.0,2.0,-2.0,FUR,,2,G2,,13,1,VCT Americas
1359,0,Corrode,JonahP,G2,Sage,0.91,144.0,5,8,9,-3,87.0,111.0,13.0,0.0,1.0,-1.0,FUR,,2,G2,,13,1,VCT Americas
1360,2,Ascent,heat,FUR,Chamber,1.29,249.0,15,12,1,3,61.0,152.0,17.0,4.0,1.0,3.0,FUR,,5,G2,,13,0,VCT Americas
1361,2,Ascent,adverso,FUR,Vyse,0.97,213.0,13,13,2,0,61.0,136.0,32.0,1.0,3.0,-2.0,FUR,,5,G2,,13,0,VCT Americas
1362,2,Ascent,tuyz,FUR,Omen,0.74,111.0,6,11,10,-5,78.0,68.0,15.0,0.0,0.0,0.0,FUR,,5,G2,,13,0,VCT Americas
1363,2,Ascent,Urango,FUR,Sova,0.6,114.0,7,13,4,-6,61.0,90.0,29.0,0.0,1.0,-1.0,FUR,,5,G2,,13,0,VCT Americas
1364,2,Ascent,Palla,FUR,Yoru,0.56,157.0,9,16,4,-7,50.0,108.0,47.0,4.0,4.0,0.0,FUR,,5,G2,,13,0,VCT Americas
1365,2,Ascent,trent,G2,Sova,1.43,270.0,16,9,5,7,78.0,181.0,25.0,1.0,0.0,1.0,FUR,,5,G2,,13,1,VCT Americas
1366,2,Ascent,jawgemo,G2,Yoru,1.23,225.0,14,10,7,4,83.0,161.0,40.0,3.0,2.0,1.0,FUR,,5,G2,,13,1,VCT Americas
1367,2,Ascent,valyn,G2,Omen,1.17,213.0,16,10,1,6,83.0,115.0,26.0,2.0,3.0,-1.0,FUR,,5,G2,,13,1,VCT Americas
1368,2,Ascent,JonahP,G2,Vyse,0.99,164.0,10,10,4,0,78.0,118.0,32.0,2.0,3.0,-1.0,FUR,,5,G2,,13,1,VCT Americas
1369,2,Ascent,BABYBAY,G2,Chamber,0.77,142.0,9,11,4,-2,83.0,101.0,21.0,1.0,1.0,0.0,FUR,,5,G2,,13,1,VCT Americas
1370,0,Corrode,adverso,FUR,Fade,0.95,209.0,13,15,8,-2,68.0,127.0,19.0,2.0,0.0,2.0,FUR,,6,EG,,13,0,VCT Americas
1371,0,Corrode,Palla,FUR,Neon,0.95,212.0,14,16,5,-2,63.0,147.0,35.0,3.0,7.0,-4.0,FUR,,6,EG,,13,0,VCT Americas
1372,0,Corrode,Urango,FUR,Sage,0.83,189.0,13,17,6,-4,74.0,116.0,48.0,0.0,3.0,-3.0,FUR,,6,EG,,13,0,VCT Americas
1373,0,Corrode,tuyz,FUR,Omen,0.62,154.0,10,17,4,-7,53.0,109.0,21.0,0.0,0.0,0.0,FUR,,6,EG,,13,0,VCT Americas
1374,0,Corrode,heat,FUR,Viper,0.16,63.0,4,18,3,-14,42.0,56.0,31.0,1.0,3.0,-2.0,FUR,,6,EG,,13,0,VCT Americas
1375,0,Corrode,NaturE,EG,Sova,1.39,238.0,14,9,15,5,89.0,162.0,24.0,2.0,0.0,2.0,FUR,,6,EG,,13,1,VCT Americas
1376,0,Corrode,yay,EG,Chamber,1.37,280.0,18,12,4,6,74.0,170.0,30.0,4.0,2.0,2.0,FUR,,6,EG,,13,1,VCT Americas
1377,0,Corrode,icy,EG,Neon,1.36,254.0,20,11,3,9,84.0,160.0,35.0,3.0,3.0,0.0,FUR,,6,EG,,13,1,VCT Americas
1378,0,Corrode,Derrek,EG,Omen,1.32,266.0,17,12,9,5,89.0,157.0,31.0,3.0,0.0,3.0,FUR,,6,EG,,13,1,VCT Americas
1379,0,Corrode,supamen,EG,Viper,1.12,185.0,14,10,3,4,68.0,132.0,41.0,1.0,1.0,0.0,FUR,,6,EG,,13,1,VCT Americas
1380,2,Ascent,heat,FUR,Chamber,1.16,202.0,16,15,6,1,73.0,130.0,21.0,4.0,4.0,0.0,FUR,,9,EG,,13,0,VCT Americas
1381,2,Ascent,Palla,FUR,Yoru,1.15,223.0,17,15,4,2,68.0,143.0,47.0,4.0,4.0,0.0,FUR,,9,EG,,13,0,VCT Americas
1382,2,Ascent,tuyz,FUR,Omen,0.98,182.0,15,17,9,-2,73.0,128.0,20.0,0.0,0.0,0.0,FUR,,9,EG,,13,0,VCT Americas
1383,2,Ascent,adverso,FUR,Vyse,0.57,133.0,10,18,4,-8,64.0,85.0,20.0,1.0,2.0,-1.0,FUR,,9,EG,,13,0,VCT Americas
1384,2,Ascent,Urango,FUR,Sova,0.48,156.0,11,20,5,-9,77.0,118.0,36.0,0.0,3.0,-3.0,FUR,,9,EG,,13,0,VCT Americas
1385,2,Ascent,supamen,EG,Omen,1.64,260.0,21,11,19,10,91.0,158.0,38.0,2.0,1.0,1.0,FUR,,9,EG,,13,1,VCT Americas
1386,2,Ascent,yay,EG,Jett,1.25,316.0,23,17,6,6,64.0,209.0,22.0,6.0,6.0,0.0,FUR,,9,EG,,13,1,VCT Americas
1387,2,Ascent,icy,EG,Cypher,1.21,204.0,18,14,5,4,82.0,130.0,24.0,2.0,1.0,1.0,FUR,,9,EG,,13,1,VCT Americas
1388,2,Ascent,Derrek,EG,Sova,0.98,173.0,13,14,9,-1,77.0,133.0,16.0,1.0,1.0,0.0,FUR,,9,EG,,13,1,VCT Americas
1389,2,Ascent,NaturE,EG,Kayo,0.93,138.0,9,13,20,-4,91.0,91.0,6.0,2.0,0.0,2.0,FUR,,9,EG,,13,1,VCT Americas
1390,0,Sunset,spike,2G,Neon,1.35,304.0,24,15,7,9,86.0,179.0,19.0,10.0,5.0,5.0,2G,,13,SEN,,9,1,VCT Americas
1391,0,Sunset,pryze,2G,Sova,1.2,227.0,16,15,10,1,68.0,154.0,32.0,2.0,0.0,2.0,2G,,13,SEN,,9,1,VCT Americas
1392,0,Sunset,silentzz,2G,Cypher,1.14,200.0,17,13,5,4,73.0,141.0,49.0,0.0,1.0,-1.0,2G,,13,SEN,,9,1,VCT Americas
1393,0,Sunset,gobera,2G,Breach,1.12,188.0,16,14,12,2,68.0,118.0,31.0,0.0,1.0,-1.0,2G,,13,SEN,,9,1,VCT Americas
1394,0,Sunset,lz,2G,Omen,0.93,122.0,10,8,7,2,82.0,74.0,29.0,2.0,1.0,1.0,2G,,13,SEN,,9,1,VCT Americas
1395,0,Sunset,N4RRATE,SEN,Fade,1.27,277.0,20,17,7,3,64.0,192.0,22.0,3.0,3.0,0.0,2G,,13,SEN,,9,0,VCT Americas
1396,0,Sunset,zekken,SEN,Neon,0.93,191.0,15,15,3,0,59.0,136.0,25.0,2.0,6.0,-4.0,2G,,13,SEN,,9,0,VCT Americas
1397,0,Sunset,johnqt,SEN,Cypher,0.83,167.0,13,16,5,-3,64.0,125.0,29.0,0.0,3.0,-3.0,2G,,13,SEN,,9,0,VCT Americas
1398,0,Sunset,bang,SEN,Omen,0.66,179.0,12,18,8,-6,68.0,104.0,16.0,1.0,0.0,1.0,2G,,13,SEN,,9,0,VCT Americas
1399,0,Sunset,Zellsis,SEN,Breach,0.51,79.0,5,17,10,-12,64.0,50.0,20.0,2.0,2.0,0.0,2G,,13,SEN,,9,0,VCT Americas
1400,2,Lotus,silentzz,2G,Viper,0.93,144.0,8,12,5,-4,71.0,108.0,26.0,0.0,0.0,0.0,2G,,4,SEN,,13,0,VCT Americas
1401,2,Lotus,lz,2G,Omen,0.7,143.0,8,14,6,-6,59.0,79.0,29.0,0.0,3.0,-3.0,2G,,4,SEN,,13,0,VCT Americas
1402,2,Lotus,spike,2G,Neon,0.5,179.0,9,15,2,-6,41.0,108.0,18.0,3.0,9.0,-6.0,2G,,4,SEN,,13,0,VCT Americas
1403,2,Lotus,pryze,2G,Fade,0.49,177.0,8,17,4,-9,35.0,124.0,18.0,0.0,2.0,-2.0,2G,,4,SEN,,13,0,VCT Americas
1404,2,Lotus,gobera,2G,Breach,0.4,99.0,5,16,6,-11,47.0,62.0,33.0,0.0,0.0,0.0,2G,,4,SEN,,13,0,VCT Americas
1405,2,Lotus,bang,SEN,Omen,1.73,282.0,18,7,9,11,100.0,182.0,24.0,2.0,0.0,2.0,2G,,4,SEN,,13,1,VCT Americas
1406,2,Lotus,johnqt,SEN,Viper,1.71,232.0,14,5,12,9,100.0,143.0,24.0,4.0,0.0,4.0,2G,,4,SEN,,13,1,VCT Americas
1407,2,Lotus,N4RRATE,SEN,Fade,1.62,254.0,16,8,9,8,88.0,162.0,25.0,3.0,1.0,2.0,2G,,4,SEN,,13,1,VCT Americas
1408,2,Lotus,zekken,SEN,Raze,1.34,290.0,17,9,3,8,82.0,177.0,17.0,4.0,1.0,3.0,2G,,4,SEN,,13,1,VCT Americas
1409,2,Lotus,Zellsis,SEN,Vyse,0.8,124.0,9,9,6,0,65.0,71.0,24.0,1.0,1.0,0.0,2G,,4,SEN,,13,1,VCT Americas
1410,3,Haven,silentzz,2G,Iso,1.2,278.0,16,13,1,3,59.0,189.0,59.0,2.0,4.0,-2.0,2G,,4,SEN,,13,0,VCT Americas
1411,3,Haven,spike,2G,Yoru,0.94,211.0,13,13,0,0,53.0,130.0,41.0,4.0,4.0,0.0,2G,,4,SEN,,13,0,VCT Americas
1412,3,Haven,lz,2G,Omen,0.77,115.0,6,13,6,-7,65.0,80.0,44.0,1.0,1.0,0.0,2G,,4,SEN,,13,0,VCT Americas
1413,3,Haven,gobera,2G,Cypher,0.27,47.0,2,14,3,-12,35.0,35.0,17.0,0.0,0.0,0.0,2G,,4,SEN,,13,0,VCT Americas
1414,3,Haven,pryze,2G,Sova,0.1,58.0,1,15,2,-14,29.0,52.0,5.0,0.0,1.0,-1.0,2G,,4,SEN,,13,0,VCT Americas
1415,3,Haven,johnqt,SEN,Viper,1.57,220.0,15,5,5,10,94.0,143.0,32.0,2.0,1.0,1.0,2G,,4,SEN,,13,1,VCT Americas
1416,3,Haven,bang,SEN,Omen,1.45,272.0,17,8,6,9,82.0,163.0,31.0,1.0,2.0,-1.0,2G,,4,SEN,,13,1,VCT Americas
1417,3,Haven,N4RRATE,SEN,Sova,1.22,194.0,12,7,8,5,82.0,136.0,29.0,0.0,1.0,-1.0,2G,,4,SEN,,13,1,VCT Americas
1418,3,Haven,Zellsis,SEN,Killjoy,1.15,184.0,12,8,2,4,76.0,115.0,31.0,2.0,2.0,0.0,2G,,4,SEN,,13,1,VCT Americas
1419,3,Haven,zekken,SEN,Neon,1.13,205.0,12,10,4,2,71.0,119.0,26.0,5.0,1.0,4.0,2G,,4,SEN,,13,1,VCT Americas
1420,0,Ascent,BABYBAY,G2,Chamber,1.53,255.0,21,12,1,9,76.0,168.0,17.0,3.0,1.0,2.0,G2,,13,C9,,8,1,VCT Americas
1421,0,Ascent,jawgemo,G2,Yoru,1.17,252.0,19,15,6,4,76.0,163.0,27.0,6.0,0.0,6.0,G2,,13,C9,,8,1,VCT Americas
1422,0,Ascent,trent,G2,Sova,0.99,176.0,10,13,11,-3,67.0,134.0,26.0,1.0,4.0,-3.0,G2,,13,C9,,8,1,VCT Americas
1423,0,Ascent,valyn,G2,Omen,0.98,176.0,13,14,10,-1,81.0,103.0,20.0,1.0,2.0,-1.0,G2,,13,C9,,8,1,VCT Americas
1424,0,Ascent,JonahP,G2,Vyse,0.79,164.0,13,14,5,-1,67.0,99.0,11.0,1.0,2.0,-1.0,G2,,13,C9,,8,1,VCT Americas
1425,0,Ascent,OXY,C9,Yoru,1.38,292.0,22,15,2,7,76.0,170.0,47.0,5.0,4.0,1.0,G2,,13,C9,,8,0,VCT Americas
1426,0,Ascent,v1c,C9,Omen,0.84,172.0,14,15,4,-1,71.0,106.0,29.0,1.0,1.0,0.0,G2,,13,C9,,8,0,VCT Americas
1427,0,Ascent,Xeppaa,C9,Vyse,0.82,140.0,11,15,5,-4,71.0,95.0,38.0,0.0,1.0,-1.0,G2,,13,C9,,8,0,VCT Americas
1428,0,Ascent,mitch,C9,Sova,0.71,163.0,10,15,4,-5,67.0,116.0,22.0,3.0,3.0,0.0,G2,,13,C9,,8,0,VCT Americas
1429,0,Ascent,neT,C9,Deadlock,0.7,159.0,11,16,3,-5,57.0,108.0,27.0,0.0,3.0,-3.0,G2,,13,C9,,8,0,VCT Americas
1430,2,Lotus,jawgemo,G2,Yoru,1.36,293.0,24,16,8,8,86.0,177.0,22.0,4.0,2.0,2.0,G2,,13,C9,,9,1,VCT Americas
1431,2,Lotus,BABYBAY,G2,Viper,1.16,228.0,16,14,8,2,68.0,142.0,17.0,3.0,3.0,0.0,G2,,13,C9,,9,1,VCT Americas
1432,2,Lotus,valyn,G2,Omen,1.12,250.0,21,16,8,5,82.0,161.0,32.0,2.0,0.0,2.0,G2,,13,C9,,9,1,VCT Americas
1433,2,Lotus,JonahP,G2,Fade,0.92,198.0,16,16,5,0,82.0,125.0,30.0,2.0,1.0,1.0,G2,,13,C9,,9,1,VCT Americas
1434,2,Lotus,trent,G2,Tejo,0.68,115.0,10,15,5,-5,77.0,77.0,14.0,3.0,2.0,1.0,G2,,13,C9,,9,1,VCT Americas
1435,2,Lotus,OXY,C9,Neon,1.47,336.0,24,19,7,5,95.0,218.0,37.0,6.0,3.0,3.0,G2,,13,C9,,9,0,VCT Americas
1436,2,Lotus,neT,C9,Viper,1.07,171.0,15,15,3,0,77.0,99.0,24.0,2.0,4.0,-2.0,G2,,13,C9,,9,0,VCT Americas
1437,2,Lotus,v1c,C9,Omen,0.93,215.0,16,17,8,-1,68.0,153.0,24.0,0.0,1.0,-1.0,G2,,13,C9,,9,0,VCT Americas
1438,2,Lotus,Xeppaa,C9,Vyse,0.81,175.0,13,17,9,-4,77.0,110.0,17.0,0.0,2.0,-2.0,G2,,13,C9,,9,0,VCT Americas
1439,2,Lotus,mitch,C9,Fade,0.47,136.0,9,19,8,-10,68.0,90.0,14.0,0.0,4.0,-4.0,G2,,13,C9,,9,0,VCT Americas
1440,0,Icebox,xenom,MIBR,Viper,1.23,235.0,20,15,9,5,71.0,151.0,37.0,5.0,0.0,5.0,MIBR,,13,LOUD,,11,1,VCT Americas
1441,0,Icebox,aspas,MIBR,Jett,1.22,275.0,22,17,4,5,79.0,176.0,42.0,7.0,0.0,7.0,MIBR,,13,LOUD,,11,1,VCT Americas
1442,0,Icebox,cortezia,MIBR,Killjoy,0.77,151.0,11,17,8,-6,75.0,112.0,22.0,1.0,3.0,-2.0,MIBR,,13,LOUD,,11,1,VCT Americas
1443,0,Icebox,artzin,MIBR,Harbor,0.75,135.0,12,16,4,-4,67.0,109.0,24.0,0.0,5.0,-5.0,MIBR,,13,LOUD,,11,1,VCT Americas
1444,0,Icebox,Verno,MIBR,Sova,0.72,121.0,12,15,2,-3,63.0,74.0,26.0,1.0,2.0,-1.0,MIBR,,13,LOUD,,11,1,VCT Americas
1445,0,Icebox,cauanzin,LOUD,Sova,1.25,219.0,21,14,7,7,79.0,142.0,27.0,1.0,3.0,-2.0,MIBR,,13,LOUD,,11,0,VCT Americas
1446,0,Icebox,Virtyy,LOUD,Jett,1.16,199.0,18,14,1,4,75.0,137.0,45.0,4.0,4.0,0.0,MIBR,,13,LOUD,,11,0,VCT Americas
1447,0,Icebox,pANcada,LOUD,Viper,1.04,146.0,12,13,7,-1,63.0,109.0,28.0,1.0,1.0,0.0,MIBR,,13,LOUD,,11,0,VCT Americas
1448,0,Icebox,lukxo,LOUD,Omen,0.88,201.0,15,19,9,-4,67.0,130.0,29.0,4.0,4.0,0.0,MIBR,,13,LOUD,,11,0,VCT Americas
1449,0,Icebox,RobbieBk,LOUD,Killjoy,0.78,168.0,14,17,4,-3,67.0,121.0,40.0,0.0,2.0,-2.0,MIBR,,13,LOUD,,11,0,VCT Americas
1450,2,Sunset,xenom,MIBR,Omen,1.33,198.0,18,11,5,7,87.0,127.0,31.0,3.0,0.0,3.0,MIBR,,13,LOUD,,10,1,VCT Americas
1451,2,Sunset,aspas,MIBR,Neon,1.28,277.0,23,14,5,9,70.0,184.0,31.0,5.0,4.0,1.0,MIBR,,13,LOUD,,10,1,VCT Americas
1452,2,Sunset,cortezia,MIBR,Cypher,1.12,225.0,22,14,1,8,78.0,145.0,36.0,0.0,1.0,-1.0,MIBR,,13,LOUD,,10,1,VCT Americas
1453,2,Sunset,Verno,MIBR,Sova,1.05,213.0,15,14,12,1,78.0,150.0,25.0,3.0,1.0,2.0,MIBR,,13,LOUD,,10,1,VCT Americas
1454,2,Sunset,artzin,MIBR,Viper,0.92,193.0,15,15,3,0,74.0,134.0,30.0,2.0,4.0,-2.0,MIBR,,13,LOUD,,10,1,VCT Americas
1455,2,Sunset,lukxo,LOUD,Cypher,0.97,188.0,17,19,3,-2,61.0,110.0,38.0,2.0,3.0,-1.0,MIBR,,13,LOUD,,10,0,VCT Americas
1456,2,Sunset,cauanzin,LOUD,Breach,0.96,210.0,16,19,14,-3,70.0,130.0,26.0,2.0,0.0,2.0,MIBR,,13,LOUD,,10,0,VCT Americas
1457,2,Sunset,Virtyy,LOUD,Neon,0.8,167.0,13,19,4,-6,57.0,108.0,27.0,2.0,5.0,-3.0,MIBR,,13,LOUD,,10,0,VCT Americas
1458,2,Sunset,RobbieBk,LOUD,Sova,0.77,147.0,12,18,3,-6,57.0,92.0,39.0,4.0,3.0,1.0,MIBR,,13,LOUD,,10,0,VCT Americas
1459,2,Sunset,pANcada,LOUD,Omen,0.74,139.0,10,18,8,-8,70.0,109.0,40.0,0.0,2.0,-2.0,MIBR,,13,LOUD,,10,0,VCT Americas
1460,0,Haven,Cryocells,100T,Yoru,1.51,281.0,25,15,7,10,78.0,192.0,39.0,5.0,0.0,5.0,100T,,13,LEV,,10,1,VCT Americas
1461,0,Haven,Kess,100T,Cypher,1.21,203.0,18,14,5,4,83.0,126.0,46.0,2.0,0.0,2.0,100T,,13,LEV,,10,1,VCT Americas
1462,0,Haven,eeiu,100T,Sova,1.04,174.0,14,13,6,1,65.0,128.0,22.0,3.0,0.0,3.0,100T,,13,LEV,,10,1,VCT Americas
1463,0,Haven,zander,100T,Omen,0.98,237.0,19,17,11,2,74.0,152.0,27.0,4.0,6.0,-2.0,100T,,13,LEV,,10,1,VCT Americas
1464,0,Haven,Asuna,100T,Neon,0.61,123.0,8,17,4,-9,70.0,95.0,13.0,1.0,2.0,-1.0,100T,,13,LEV,,10,1,VCT Americas
1465,0,Haven,tex,LEV,Cypher,1.4,265.0,21,15,4,6,74.0,162.0,56.0,1.0,2.0,-1.0,100T,,13,LEV,,10,0,VCT Americas
1466,0,Haven,C0M,LEV,Sova,1.07,207.0,16,16,8,0,65.0,149.0,42.0,2.0,1.0,1.0,100T,,13,LEV,,10,0,VCT Americas
1467,0,Haven,Sato,LEV,Yoru,0.84,200.0,16,19,5,-3,70.0,131.0,50.0,2.0,5.0,-3.0,100T,,13,LEV,,10,0,VCT Americas
1468,0,Haven,kiNgg,LEV,Omen,0.83,125.0,9,16,11,-7,74.0,84.0,22.0,0.0,2.0,-2.0,100T,,13,LEV,,10,0,VCT Americas
1469,0,Haven,Okeanos,LEV,Neon,0.69,187.0,14,18,5,-4,52.0,137.0,27.0,3.0,5.0,-2.0,100T,,13,LEV,,10,0,VCT Americas
1470,2,Sunset,Cryocells,100T,Yoru,1.04,243.0,20,20,5,0,65.0,154.0,20.0,4.0,3.0,1.0,100T,,10,LEV,,13,0,VCT Americas
1471,2,Sunset,zander,100T,Omen,0.95,214.0,16,19,8,-3,70.0,154.0,29.0,1.0,3.0,-2.0,100T,,10,LEV,,13,0,VCT Americas
1472,2,Sunset,Asuna,100T,Neon,0.83,192.0,15,17,4,-2,65.0,108.0,19.0,3.0,4.0,-1.0,100T,,10,LEV,,13,0,VCT Americas
1473,2,Sunset,Kess,100T,Cypher,0.68,138.0,11,17,3,-6,70.0,96.0,46.0,1.0,1.0,0.0,100T,,10,LEV,,13,0,VCT Americas
1474,2,Sunset,eeiu,100T,Sova,0.59,133.0,11,18,4,-7,70.0,95.0,25.0,1.0,2.0,-1.0,100T,,10,LEV,,13,0,VCT Americas
1475,2,Sunset,Okeanos,LEV,Kayo,1.41,219.0,17,13,21,4,87.0,151.0,27.0,0.0,0.0,0.0,100T,,10,LEV,,13,1,VCT Americas
1476,2,Sunset,Sato,LEV,Neon,1.26,286.0,23,17,9,6,83.0,181.0,35.0,3.0,3.0,0.0,100T,,10,LEV,,13,1,VCT Americas
1477,2,Sunset,C0M,LEV,Sova,1.24,252.0,21,15,7,6,78.0,154.0,42.0,4.0,3.0,1.0,100T,,10,LEV,,13,1,VCT Americas
1478,2,Sunset,kiNgg,LEV,Omen,1.18,193.0,15,15,12,0,83.0,123.0,28.0,2.0,1.0,1.0,100T,,10,LEV,,13,1,VCT Americas
1479,2,Sunset,tex,LEV,Vyse,1.04,176.0,15,13,7,2,83.0,125.0,37.0,4.0,3.0,1.0,100T,,10,LEV,,13,1,VCT Americas
1480,3,Lotus,Asuna,100T,Raze,0.78,208.0,10,13,3,-3,60.0,131.0,29.0,1.0,2.0,-1.0,100T,,2,LEV,,13,0,VCT Americas
1481,3,Lotus,Cryocells,100T,Yoru,0.7,153.0,8,12,0,-4,47.0,104.0,38.0,1.0,2.0,-1.0,100T,,2,LEV,,13,0,VCT Americas
1482,3,Lotus,zander,100T,Omen,0.53,169.0,7,15,4,-8,53.0,101.0,26.0,0.0,1.0,-1.0,100T,,2,LEV,,13,0,VCT Americas
1483,3,Lotus,eeiu,100T,Fade,0.47,135.0,7,14,2,-7,67.0,78.0,25.0,1.0,4.0,-3.0,100T,,2,LEV,,13,0,VCT Americas
1484,3,Lotus,Kess,100T,Vyse,0.3,119.0,5,14,2,-9,47.0,83.0,24.0,0.0,3.0,-3.0,100T,,2,LEV,,13,0,VCT Americas
1485,3,Lotus,Sato,LEV,Raze,2.24,450.0,24,7,2,17,80.0,281.0,31.0,3.0,1.0,2.0,100T,,2,LEV,,13,1,VCT Americas
1486,3,Lotus,tex,LEV,Vyse,1.3,194.0,10,6,7,4,100.0,123.0,23.0,3.0,1.0,2.0,100T,,2,LEV,,13,1,VCT Americas
1487,3,Lotus,C0M,LEV,Fade,1.28,193.0,10,7,6,3,87.0,159.0,35.0,2.0,0.0,2.0,100T,,2,LEV,,13,1,VCT Americas
1488,3,Lotus,Okeanos,LEV,Omen,1.2,209.0,14,8,3,6,80.0,147.0,31.0,2.0,1.0,1.0,100T,,2,LEV,,13,1,VCT Americas
1489,3,Lotus,kiNgg,LEV,Viper,1.03,163.0,10,9,7,1,87.0,88.0,15.0,2.0,0.0,2.0,100T,,2,LEV,,13,1,VCT Americas
1490,0,Sunset,Shyy,KRÜ,Cypher,1.7,327.0,23,11,4,12,79.0,216.0,48.0,2.0,5.0,-3.0,KRU,,13,NRG,,6,0,VCT Americas
1491,0,Sunset,Mazino,KRÜ,Sova,1.43,221.0,15,10,7,5,68.0,160.0,26.0,2.0,0.0,2.0,KRU,,13,NRG,,6,0,VCT Americas
1492,0,Sunset,keznit,KRÜ,Yoru,1.18,256.0,16,14,10,2,84.0,163.0,15.0,2.0,2.0,0.0,KRU,,13,NRG,,6,0,VCT Americas
1493,0,Sunset,Melser,KRÜ,Omen,1.17,110.0,10,6,13,4,84.0,72.0,21.0,0.0,0.0,0.0,KRU,,13,NRG,,6,0,VCT Americas
1494,0,Sunset,Dantedeu5,KRÜ,Neon,0.8,171.0,12,12,4,0,63.0,112.0,18.0,1.0,5.0,-4.0,KRU,,13,NRG,,6,0,VCT Americas
1495,0,Sunset,skuba,NRG,Omen,1.05,198.0,13,14,10,-1,63.0,132.0,31.0,2.0,0.0,2.0,KRU,,13,NRG,,6,0,VCT Americas
1496,0,Sunset,mada,NRG,Raze,0.97,211.0,13,16,5,-3,63.0,142.0,34.0,7.0,5.0,2.0,KRU,,13,NRG,,6,0,VCT Americas
1497,0,Sunset,brawk,NRG,Sova,0.8,171.0,10,16,9,-6,68.0,122.0,16.0,1.0,1.0,0.0,KRU,,13,NRG,,6,0,VCT Americas
1498,0,Sunset,Ethan,NRG,Breach,0.69,133.0,9,15,5,-6,63.0,91.0,28.0,1.0,0.0,1.0,KRU,,13,NRG,,6,0,VCT Americas
1499,0,Sunset,s0m,NRG,Cypher,0.55,134.0,8,15,4,-7,53.0,99.0,20.0,1.0,1.0,0.0,KRU,,13,NRG,,6,0,VCT Americas
1500,2,Lotus,keznit,KRÜ,Raze,1.31,279.0,22,15,2,7,80.0,170.0,23.0,3.0,1.0,2.0,KRU,,7,NRG,,13,0,VCT Americas
1501,2,Lotus,Melser,KRÜ,Omen,1.01,220.0,15,16,5,-1,75.0,156.0,30.0,5.0,2.0,3.0,KRU,,7,NRG,,13,0,VCT Americas
1502,2,Lotus,Shyy,KRÜ,Viper,0.86,160.0,12,14,3,-2,70.0,102.0,24.0,0.0,0.0,0.0,KRU,,7,NRG,,13,0,VCT Americas
1503,2,Lotus,Mazino,KRÜ,Fade,0.41,123.0,6,17,13,-11,70.0,74.0,12.0,0.0,3.0,-3.0,KRU,,7,NRG,,13,0,VCT Americas
1504,2,Lotus,Dantedeu5,KRÜ,Yoru,0.39,131.0,9,18,5,-9,70.0,89.0,20.0,2.0,4.0,-2.0,KRU,,7,NRG,,13,0,VCT Americas
1505,2,Lotus,brawk,NRG,Vyse,1.85,294.0,22,10,9,12,85.0,183.0,14.0,1.0,1.0,0.0,KRU,,7,NRG,,13,1,VCT Americas
1506,2,Lotus,skuba,NRG,Viper,1.57,243.0,19,9,10,10,95.0,155.0,28.0,1.0,1.0,0.0,KRU,,7,NRG,,13,1,VCT Americas
1507,2,Lotus,mada,NRG,Raze,0.97,191.0,13,15,4,-2,75.0,126.0,17.0,6.0,4.0,2.0,KRU,,7,NRG,,13,1,VCT Americas
1508,2,Lotus,Ethan,NRG,Fade,0.88,186.0,12,15,13,-3,80.0,113.0,18.0,2.0,1.0,1.0,KRU,,7,NRG,,13,1,VCT Americas
1509,2,Lotus,s0m,NRG,Omen,0.8,172.0,14,15,5,-1,80.0,102.0,24.0,0.0,3.0,-3.0,KRU,,7,NRG,,13,1,VCT Americas
1510,3,Haven,Shyy,KRÜ,Cypher,1.02,205.0,13,14,2,-1,56.0,143.0,35.0,0.0,0.0,0.0,KRU,,5,NRG,,13,0,VCT Americas
1511,3,Haven,keznit,KRÜ,Yoru,0.96,243.0,16,16,2,0,67.0,145.0,33.0,4.0,4.0,0.0,KRU,,5,NRG,,13,0,VCT Americas
1512,3,Haven,Mazino,KRÜ,Sova,0.79,154.0,8,13,4,-5,50.0,105.0,29.0,0.0,1.0,-1.0,KRU,,5,NRG,,13,0,VCT Americas
1513,3,Haven,Melser,KRÜ,Omen,0.5,120.0,7,15,7,-8,61.0,73.0,32.0,2.0,2.0,0.0,KRU,,5,NRG,,13,0,VCT Americas
1514,3,Haven,Dantedeu5,KRÜ,Neon,0.24,74.0,4,15,5,-11,61.0,46.0,4.0,1.0,4.0,-3.0,KRU,,5,NRG,,13,0,VCT Americas
1515,3,Haven,Ethan,NRG,Omen,1.66,307.0,20,11,7,9,78.0,200.0,30.0,4.0,0.0,4.0,KRU,,5,NRG,,13,1,VCT Americas
1516,3,Haven,skuba,NRG,Killjoy,1.31,231.0,16,9,7,7,78.0,164.0,22.0,0.0,1.0,-1.0,KRU,,5,NRG,,13,1,VCT Americas
1517,3,Haven,s0m,NRG,Viper,1.25,211.0,12,10,12,2,83.0,143.0,24.0,4.0,3.0,1.0,KRU,,5,NRG,,13,1,VCT Americas
1518,3,Haven,mada,NRG,Neon,1.19,195.0,14,8,3,6,72.0,113.0,34.0,1.0,2.0,-1.0,KRU,,5,NRG,,13,1,VCT Americas
1519,3,Haven,brawk,NRG,Sova,1.11,157.0,11,10,5,1,78.0,102.0,18.0,2.0,1.0,1.0,KRU,,5,NRG,,13,1,VCT Americas
1520,0,Sunset,pANcada,LOUD,Omen,1.61,283.0,16,6,7,10,93.0,177.0,43.0,3.0,0.0,3.0,LOUD,,13,100T,,2,1,VCT Americas
1521,0,Sunset,lukxo,LOUD,Cypher,1.53,318.0,17,10,5,7,100.0,233.0,40.0,3.0,0.0,3.0,LOUD,,13,100T,,2,1,VCT Americas
1522,0,Sunset,Virtyy,LOUD,Neon,1.29,327.0,18,11,3,7,73.0,181.0,32.0,4.0,3.0,1.0,LOUD,,13,100T,,2,1,VCT Americas
1523,0,Sunset,cauanzin,LOUD,Breach,1.17,171.0,9,6,9,3,93.0,102.0,24.0,0.0,0.0,0.0,LOUD,,13,100T,,2,1,VCT Americas
1524,0,Sunset,RobbieBk,LOUD,Sova,0.85,88.0,6,6,2,0,73.0,73.0,50.0,0.0,2.0,-2.0,LOUD,,13,100T,,2,1,VCT Americas
1525,0,Sunset,Cryocells,100T,Yoru,0.76,158.0,7,12,5,-5,53.0,106.0,20.0,0.0,1.0,-1.0,LOUD,,13,100T,,2,0,VCT Americas
1526,0,Sunset,Asuna,100T,Neon,0.74,171.0,9,13,3,-4,60.0,109.0,34.0,2.0,2.0,0.0,LOUD,,13,100T,,2,0,VCT Americas
1527,0,Sunset,Kess,100T,Cypher,0.74,165.0,8,13,2,-5,60.0,107.0,43.0,1.0,1.0,0.0,LOUD,,13,100T,,2,0,VCT Americas
1528,0,Sunset,eeiu,100T,Sova,0.59,155.0,8,14,3,-6,40.0,105.0,18.0,1.0,1.0,0.0,LOUD,,13,100T,,2,0,VCT Americas
1529,0,Sunset,zander,100T,Omen,0.54,166.0,7,14,7,-7,73.0,103.0,15.0,1.0,5.0,-4.0,LOUD,,13,100T,,2,0,VCT Americas
1530,2,Bind,cauanzin,LOUD,Gekko,1.23,304.0,20,17,6,3,80.0,198.0,33.0,4.0,1.0,3.0,LOUD,,7,100T,,13,0,VCT Americas
1531,2,Bind,pANcada,LOUD,Brimstone,1.01,164.0,11,13,11,-2,75.0,116.0,38.0,1.0,0.0,1.0,LOUD,,7,100T,,13,0,VCT Americas
1532,2,Bind,Virtyy,LOUD,Raze,0.8,151.0,9,14,6,-5,75.0,109.0,19.0,2.0,6.0,-4.0,LOUD,,7,100T,,13,0,VCT Americas
1533,2,Bind,RobbieBk,LOUD,Skye,0.73,142.0,10,15,7,-5,65.0,89.0,39.0,0.0,1.0,-1.0,LOUD,,7,100T,,13,0,VCT Americas
1534,2,Bind,lukxo,LOUD,Viper,0.29,87.0,6,18,2,-12,45.0,62.0,20.0,1.0,4.0,-3.0,LOUD,,7,100T,,13,0,VCT Americas
1535,2,Bind,Asuna,100T,Raze,1.4,302.0,21,12,5,9,75.0,167.0,21.0,6.0,3.0,3.0,LOUD,,7,100T,,13,1,VCT Americas
1536,2,Bind,zander,100T,Viper,1.28,241.0,18,10,2,8,80.0,151.0,33.0,3.0,2.0,1.0,LOUD,,7,100T,,13,1,VCT Americas
1537,2,Bind,Cryocells,100T,Yoru,1.18,222.0,17,12,4,5,70.0,144.0,22.0,1.0,0.0,1.0,LOUD,,7,100T,,13,1,VCT Americas
1538,2,Bind,eeiu,100T,Fade,1.07,141.0,11,9,6,2,75.0,94.0,32.0,1.0,2.0,-1.0,LOUD,,7,100T,,13,1,VCT Americas
1539,2,Bind,Kess,100T,Brimstone,0.92,167.0,10,13,15,-3,85.0,106.0,35.0,1.0,1.0,0.0,LOUD,,7,100T,,13,1,VCT Americas
1540,3,Lotus,lukxo,LOUD,Viper,1.59,304.0,28,18,5,10,73.0,197.0,42.0,6.0,1.0,5.0,LOUD,,12,100T,,14,0,VCT Americas
1541,3,Lotus,pANcada,LOUD,Omen,0.88,149.0,13,18,6,-5,58.0,100.0,34.0,0.0,1.0,-1.0,LOUD,,12,100T,,14,0,VCT Americas
1542,3,Lotus,RobbieBk,LOUD,Fade,0.74,167.0,11,20,17,-9,73.0,107.0,23.0,0.0,1.0,-1.0,LOUD,,12,100T,,14,0,VCT Americas
1543,3,Lotus,cauanzin,LOUD,Vyse,0.66,202.0,18,24,7,-6,69.0,122.0,16.0,2.0,1.0,1.0,LOUD,,12,100T,,14,0,VCT Americas
1544,3,Lotus,Virtyy,LOUD,Raze,0.62,164.0,15,21,1,-6,50.0,94.0,20.0,5.0,9.0,-4.0,LOUD,,12,100T,,14,0,VCT Americas
1545,3,Lotus,Asuna,100T,Raze,1.33,271.0,24,18,6,6,69.0,176.0,24.0,5.0,4.0,1.0,LOUD,,12,100T,,14,1,VCT Americas
1546,3,Lotus,Kess,100T,Vyse,1.13,230.0,23,15,3,8,73.0,153.0,25.0,1.0,2.0,-1.0,LOUD,,12,100T,,14,1,VCT Americas
1547,3,Lotus,eeiu,100T,Fade,1.1,189.0,19,16,9,3,85.0,112.0,34.0,1.0,3.0,-2.0,LOUD,,12,100T,,14,1,VCT Americas
1548,3,Lotus,Cryocells,100T,Yoru,1.02,209.0,18,19,9,-1,88.0,135.0,35.0,4.0,2.0,2.0,LOUD,,12,100T,,14,1,VCT Americas
1549,3,Lotus,zander,100T,Omen,0.93,181.0,17,17,6,0,62.0,122.0,28.0,2.0,2.0,0.0,LOUD,,12,100T,,14,1,VCT Americas
1550,0,Bind,Okeanos,LEV,Brimstone,1.23,231.0,17,13,5,4,79.0,162.0,52.0,3.0,0.0,3.0,LEV,,6,KRU,,13,0,VCT Americas
1551,0,Bind,Sato,LEV,Yoru,0.98,258.0,16,16,5,0,63.0,169.0,40.0,4.0,3.0,1.0,LEV,,6,KRU,,13,0,VCT Americas
1552,0,Bind,kiNgg,LEV,Viper,0.92,216.0,14,14,3,0,68.0,124.0,16.0,2.0,1.0,1.0,LEV,,6,KRU,,13,0,VCT Americas
1553,0,Bind,C0M,LEV,Fade,0.86,151.0,9,14,6,-5,68.0,97.0,29.0,1.0,1.0,0.0,LEV,,6,KRU,,13,0,VCT Americas
1554,0,Bind,tex,LEV,Gekko,0.39,95.0,5,16,4,-11,53.0,65.0,26.0,1.0,3.0,-2.0,LEV,,6,KRU,,13,0,VCT Americas
1555,0,Bind,Mazino,KRÜ,Fade,1.45,260.0,18,11,10,7,84.0,153.0,22.0,0.0,2.0,-2.0,LEV,,6,KRU,,13,0,VCT Americas
1556,0,Bind,keznit,KRÜ,Raze,1.33,271.0,19,13,3,6,68.0,170.0,25.0,4.0,4.0,0.0,LEV,,6,KRU,,13,0,VCT Americas
1557,0,Bind,Shyy,KRÜ,Viper,1.1,212.0,14,11,3,3,79.0,131.0,34.0,0.0,2.0,-2.0,LEV,,6,KRU,,13,0,VCT Americas
1558,0,Bind,Melser,KRÜ,Brimstone,0.95,156.0,10,12,7,-2,74.0,106.0,18.0,1.0,0.0,1.0,LEV,,6,KRU,,13,0,VCT Americas
1559,0,Bind,Dantedeu5,KRÜ,Yoru,0.78,173.0,12,14,6,-2,74.0,118.0,31.0,3.0,3.0,0.0,LEV,,6,KRU,,13,0,VCT Americas
1560,2,Haven,C0M,LEV,Sova,1.23,229.0,18,14,8,4,78.0,176.0,50.0,1.0,0.0,1.0,LEV,,13,KRU,,10,1,VCT Americas
1561,2,Haven,kiNgg,LEV,Omen,1.18,177.0,15,13,6,2,74.0,114.0,26.0,2.0,1.0,1.0,LEV,,13,KRU,,10,1,VCT Americas
1562,2,Haven,Okeanos,LEV,Neon,0.85,194.0,17,17,3,0,70.0,131.0,33.0,2.0,3.0,-1.0,LEV,,13,KRU,,10,1,VCT Americas
1563,2,Haven,tex,LEV,Cypher,0.75,166.0,13,17,6,-4,74.0,112.0,23.0,3.0,2.0,1.0,LEV,,13,KRU,,10,1,VCT Americas
1564,2,Haven,Sato,LEV,Yoru,0.63,189.0,14,18,5,-4,65.0,124.0,33.0,4.0,5.0,-1.0,LEV,,13,KRU,,10,1,VCT Americas
1565,2,Haven,Melser,KRÜ,Omen,1.44,233.0,20,13,12,7,83.0,143.0,33.0,3.0,0.0,3.0,LEV,,13,KRU,,10,0,VCT Americas
1566,2,Haven,Mazino,KRÜ,Sova,1.19,205.0,16,14,8,2,83.0,136.0,22.0,3.0,0.0,3.0,LEV,,13,KRU,,10,0,VCT Americas
1567,2,Haven,keznit,KRÜ,Iso,1.16,240.0,20,16,6,4,78.0,158.0,35.0,0.0,2.0,-2.0,LEV,,13,KRU,,10,0,VCT Americas
1568,2,Haven,Dantedeu5,KRÜ,Yoru,0.98,199.0,16,17,6,-1,61.0,132.0,22.0,3.0,7.0,-4.0,LEV,,13,KRU,,10,0,VCT Americas
1569,2,Haven,Shyy,KRÜ,Cypher,0.53,117.0,7,17,11,-10,61.0,82.0,21.0,2.0,3.0,-1.0,LEV,,13,KRU,,10,0,VCT Americas
1570,3,Ascent,Sato,LEV,Yoru,1.62,342.0,21,10,2,11,76.0,197.0,38.0,5.0,1.0,4.0,LEV,,13,KRU,,4,1,VCT Americas
1571,3,Ascent,kiNgg,LEV,Vyse,1.49,285.0,18,9,5,9,94.0,191.0,33.0,4.0,1.0,3.0,LEV,,13,KRU,,4,1,VCT Americas
1572,3,Ascent,tex,LEV,Chamber,1.3,218.0,16,7,4,9,82.0,146.0,26.0,0.0,1.0,-1.0,LEV,,13,KRU,,4,1,VCT Americas
1573,3,Ascent,Okeanos,LEV,Omen,1.17,227.0,14,7,11,7,88.0,137.0,26.0,4.0,1.0,3.0,LEV,,13,KRU,,4,1,VCT Americas
1574,3,Ascent,C0M,LEV,Sova,1.04,166.0,9,8,7,1,88.0,125.0,10.0,0.0,0.0,0.0,LEV,,13,KRU,,4,1,VCT Americas
1575,3,Ascent,Shyy,KRÜ,Cypher,0.85,182.0,11,15,0,-4,59.0,121.0,40.0,1.0,2.0,-1.0,LEV,,13,KRU,,4,0,VCT Americas
1576,3,Ascent,Dantedeu5,KRÜ,Jett,0.84,229.0,11,17,6,-6,76.0,158.0,25.0,1.0,4.0,-3.0,LEV,,13,KRU,,4,0,VCT Americas
1577,3,Ascent,keznit,KRÜ,Yoru,0.79,171.0,10,15,2,-5,47.0,111.0,19.0,2.0,2.0,0.0,LEV,,13,KRU,,4,0,VCT Americas
1578,3,Ascent,Melser,KRÜ,Omen,0.47,118.0,6,15,6,-9,59.0,80.0,23.0,0.0,4.0,-4.0,LEV,,13,KRU,,4,0,VCT Americas
1579,3,Ascent,Mazino,KRÜ,Sova,0.24,88.0,3,16,4,-13,35.0,70.0,10.0,0.0,1.0,-1.0,LEV,,13,KRU,,4,0,VCT Americas
1580,0,Lotus,cortezia,MIBR,Vyse,1.27,249.0,22,19,15,3,75.0,165.0,25.0,6.0,2.0,4.0,MIBR,,13,NRG,,15,0,VCT Americas
1581,0,Lotus,artzin,MIBR,Yoru,1.04,204.0,22,19,5,3,79.0,118.0,25.0,5.0,3.0,2.0,MIBR,,13,NRG,,15,0,VCT Americas
1582,0,Lotus,aspas,MIBR,Raze,0.97,205.0,23,19,4,4,75.0,122.0,18.0,3.0,2.0,1.0,MIBR,,13,NRG,,15,0,VCT Americas
1583,0,Lotus,xenom,MIBR,Omen,0.93,158.0,16,18,16,-2,71.0,102.0,39.0,0.0,1.0,-1.0,MIBR,,13,NRG,,15,0,VCT Americas
1584,0,Lotus,Verno,MIBR,Fade,0.63,155.0,13,23,13,-10,79.0,100.0,19.0,1.0,5.0,-4.0,MIBR,,13,NRG,,15,0,VCT Americas
1585,0,Lotus,skuba,NRG,Viper,1.38,231.0,26,15,4,11,82.0,147.0,27.0,2.0,1.0,1.0,MIBR,,13,NRG,,15,1,VCT Americas
1586,0,Lotus,brawk,NRG,Vyse,1.07,193.0,17,19,12,-2,79.0,119.0,13.0,3.0,1.0,2.0,MIBR,,13,NRG,,15,1,VCT Americas
1587,0,Lotus,s0m,NRG,Omen,1.05,220.0,20,21,13,-1,68.0,144.0,23.0,3.0,3.0,0.0,MIBR,,13,NRG,,15,1,VCT Americas
1588,0,Lotus,Ethan,NRG,Fade,0.85,185.0,18,21,6,-3,68.0,115.0,25.0,1.0,4.0,-3.0,MIBR,,13,NRG,,15,1,VCT Americas
1589,0,Lotus,mada,NRG,Raze,0.85,183.0,17,20,4,-3,64.0,111.0,22.0,4.0,6.0,-2.0,MIBR,,13,NRG,,15,1,VCT Americas
1590,2,Bind,aspas,MIBR,Raze,1.63,280.0,23,11,3,12,91.0,174.0,26.0,9.0,1.0,8.0,MIBR,,10,NRG,,13,0,VCT Americas
1591,2,Bind,cortezia,MIBR,Viper,1.08,198.0,16,13,5,3,78.0,129.0,28.0,1.0,3.0,-2.0,MIBR,,10,NRG,,13,0,VCT Americas
1592,2,Bind,xenom,MIBR,Brimstone,0.8,148.0,12,16,7,-4,65.0,97.0,25.0,0.0,1.0,-1.0,MIBR,,10,NRG,,13,0,VCT Americas
1593,2,Bind,artzin,MIBR,Yoru,0.76,158.0,13,16,5,-3,48.0,107.0,26.0,3.0,3.0,0.0,MIBR,,10,NRG,,13,0,VCT Americas
1594,2,Bind,Verno,MIBR,Fade,0.52,94.0,6,16,8,-10,78.0,69.0,26.0,1.0,1.0,0.0,MIBR,,10,NRG,,13,0,VCT Americas
1595,2,Bind,s0m,NRG,Brimstone,1.44,232.0,18,12,11,6,87.0,153.0,26.0,1.0,1.0,0.0,MIBR,,10,NRG,,13,1,VCT Americas
1596,2,Bind,mada,NRG,Raze,1.38,302.0,24,15,4,9,70.0,181.0,27.0,7.0,7.0,0.0,MIBR,,10,NRG,,13,1,VCT Americas
1597,2,Bind,skuba,NRG,Viper,0.94,167.0,13,12,6,1,65.0,106.0,21.0,1.0,2.0,-1.0,MIBR,,10,NRG,,13,1,VCT Americas
1598,2,Bind,brawk,NRG,Fade,0.57,87.0,6,14,7,-8,74.0,61.0,20.0,0.0,2.0,-2.0,MIBR,,10,NRG,,13,1,VCT Americas
1599,2,Bind,Ethan,NRG,Kayo,0.54,140.0,11,17,5,-6,57.0,84.0,21.0,0.0,2.0,-2.0,MIBR,,10,NRG,,13,1,VCT Americas
1600,0,Haven,lukxo,LOUD,Cypher,1.01,204.0,15,14,2,1,80.0,139.0,43.0,3.0,2.0,1.0,LOUD,,7,KRU,,13,0,VCT Americas
1601,0,Haven,Virtyy,LOUD,Neon,0.89,220.0,15,18,2,-3,60.0,143.0,28.0,3.0,4.0,-1.0,LOUD,,7,KRU,,13,0,VCT Americas
1602,0,Haven,RobbieBk,LOUD,Sova,0.8,168.0,12,15,4,-3,60.0,121.0,32.0,0.0,1.0,-1.0,LOUD,,7,KRU,,13,0,VCT Americas
1603,0,Haven,cauanzin,LOUD,Breach,0.78,205.0,14,19,8,-5,70.0,123.0,48.0,4.0,2.0,2.0,LOUD,,7,KRU,,13,0,VCT Americas
1604,0,Haven,pANcada,LOUD,Omen,0.77,137.0,9,16,9,-7,60.0,93.0,48.0,0.0,1.0,-1.0,LOUD,,7,KRU,,13,0,VCT Americas
1605,0,Haven,Dantedeu5,KRÜ,Yoru,1.59,333.0,24,15,7,9,70.0,203.0,26.0,5.0,2.0,3.0,LOUD,,7,KRU,,13,0,VCT Americas
1606,0,Haven,Shyy,KRÜ,Cypher,1.27,198.0,16,10,3,6,85.0,134.0,47.0,3.0,1.0,2.0,LOUD,,7,KRU,,13,0,VCT Americas
1607,0,Haven,Melser,KRÜ,Omen,1.22,191.0,15,10,4,5,85.0,129.0,27.0,0.0,2.0,-2.0,LOUD,,7,KRU,,13,0,VCT Americas
1608,0,Haven,keznit,KRÜ,Iso,0.98,189.0,15,14,8,1,90.0,132.0,33.0,1.0,2.0,-1.0,LOUD,,7,KRU,,13,0,VCT Americas
1609,0,Haven,Mazino,KRÜ,Sova,0.77,193.0,12,16,10,-4,65.0,142.0,24.0,1.0,3.0,-2.0,LOUD,,7,KRU,,13,0,VCT Americas
1610,2,Bind,pANcada,LOUD,Brimstone,1.27,246.0,18,15,16,3,77.0,169.0,49.0,1.0,1.0,0.0,LOUD,,13,KRU,,9,1,VCT Americas
1611,2,Bind,Virtyy,LOUD,Raze,1.26,255.0,20,14,6,6,82.0,166.0,21.0,4.0,6.0,-2.0,LOUD,,13,KRU,,9,1,VCT Americas
1612,2,Bind,cauanzin,LOUD,Gekko,1.15,215.0,17,15,7,2,77.0,124.0,26.0,2.0,2.0,0.0,LOUD,,13,KRU,,9,1,VCT Americas
1613,2,Bind,RobbieBk,LOUD,Skye,1.07,220.0,17,15,5,2,59.0,137.0,44.0,1.0,3.0,-2.0,LOUD,,13,KRU,,9,1,VCT Americas
1614,2,Bind,lukxo,LOUD,Viper,1.06,204.0,17,15,4,2,73.0,140.0,37.0,2.0,0.0,2.0,LOUD,,13,KRU,,9,1,VCT Americas
1615,2,Bind,Shyy,KRÜ,Viper,1.3,246.0,20,15,7,5,77.0,166.0,43.0,3.0,0.0,3.0,LOUD,,13,KRU,,9,0,VCT Americas
1616,2,Bind,Dantedeu5,KRÜ,Yoru,1.0,214.0,18,19,3,-1,64.0,141.0,29.0,3.0,2.0,1.0,LOUD,,13,KRU,,9,0,VCT Americas
1617,2,Bind,Mazino,KRÜ,Fade,0.87,177.0,15,16,4,-1,59.0,99.0,17.0,4.0,1.0,3.0,LOUD,,13,KRU,,9,0,VCT Americas
1618,2,Bind,keznit,KRÜ,Raze,0.63,186.0,11,19,7,-8,59.0,134.0,20.0,2.0,4.0,-2.0,LOUD,,13,KRU,,9,0,VCT Americas
1619,2,Bind,Melser,KRÜ,Brimstone,0.43,133.0,10,20,3,-10,64.0,83.0,38.0,0.0,3.0,-3.0,LOUD,,13,KRU,,9,0,VCT Americas
1620,3,Ascent,RobbieBk,LOUD,Sova,0.93,189.0,9,13,6,-4,71.0,137.0,38.0,1.0,1.0,0.0,LOUD,,4,KRU,,13,0,VCT Americas
1621,3,Ascent,Virtyy,LOUD,Jett,0.92,143.0,9,9,1,0,71.0,91.0,29.0,4.0,2.0,2.0,LOUD,,4,KRU,,13,0,VCT Americas
1622,3,Ascent,cauanzin,LOUD,Kayo,0.82,217.0,11,15,1,-4,59.0,139.0,13.0,2.0,0.0,2.0,LOUD,,4,KRU,,13,0,VCT Americas
1623,3,Ascent,lukxo,LOUD,Cypher,0.63,162.0,10,14,0,-4,41.0,103.0,45.0,3.0,1.0,2.0,LOUD,,4,KRU,,13,0,VCT Americas
1624,3,Ascent,pANcada,LOUD,Omen,0.22,43.0,1,12,3,-11,41.0,37.0,11.0,0.0,3.0,-3.0,LOUD,,4,KRU,,13,0,VCT Americas
1625,3,Ascent,keznit,KRÜ,Yoru,1.66,276.0,17,7,7,10,76.0,202.0,27.0,3.0,3.0,0.0,LOUD,,4,KRU,,13,0,VCT Americas
1626,3,Ascent,Mazino,KRÜ,Sova,1.54,262.0,17,9,4,8,88.0,158.0,26.0,2.0,1.0,1.0,LOUD,,4,KRU,,13,0,VCT Americas
1627,3,Ascent,Dantedeu5,KRÜ,Jett,1.34,226.0,14,8,5,6,76.0,135.0,24.0,1.0,3.0,-2.0,LOUD,,4,KRU,,13,0,VCT Americas
1628,3,Ascent,Melser,KRÜ,Omen,1.0,138.0,8,7,7,1,76.0,85.0,33.0,1.0,3.0,-2.0,LOUD,,4,KRU,,13,0,VCT Americas
1629,3,Ascent,Shyy,KRÜ,Cypher,0.78,100.0,7,9,3,-2,71.0,69.0,8.0,0.0,0.0,0.0,LOUD,,4,KRU,,13,0,VCT Americas
1630,0,Icebox,aspas,MIBR,Jett,1.57,287.0,24,11,3,13,83.0,176.0,39.0,7.0,3.0,4.0,MIBR,,13,100T,,10,1,VCT Americas
1631,0,Icebox,cortezia,MIBR,Killjoy,1.35,263.0,22,15,5,7,74.0,189.0,38.0,2.0,3.0,-1.0,MIBR,,13,100T,,10,1,VCT Americas
1632,0,Icebox,Verno,MIBR,Sova,0.95,166.0,12,14,4,-2,83.0,111.0,26.0,1.0,1.0,0.0,MIBR,,13,100T,,10,1,VCT Americas
1633,0,Icebox,artzin,MIBR,Harbor,0.81,202.0,16,17,9,-1,78.0,127.0,19.0,1.0,4.0,-3.0,MIBR,,13,100T,,10,1,VCT Americas
1634,0,Icebox,xenom,MIBR,Viper,0.72,138.0,11,16,5,-5,61.0,93.0,43.0,0.0,1.0,-1.0,MIBR,,13,100T,,10,1,VCT Americas
1635,0,Icebox,Cryocells,100T,Jett,1.22,221.0,20,15,1,5,83.0,134.0,34.0,2.0,3.0,-1.0,MIBR,,13,100T,,10,0,VCT Americas
1636,0,Icebox,eeiu,100T,Sova,0.92,179.0,14,17,4,-3,74.0,116.0,34.0,0.0,1.0,-1.0,MIBR,,13,100T,,10,0,VCT Americas
1637,0,Icebox,Asuna,100T,Omen,0.8,188.0,14,17,7,-3,61.0,137.0,29.0,2.0,3.0,-1.0,MIBR,,13,100T,,10,0,VCT Americas
1638,0,Icebox,Kess,100T,Killjoy,0.74,151.0,12,16,1,-4,70.0,104.0,32.0,3.0,2.0,1.0,MIBR,,13,100T,,10,0,VCT Americas
1639,0,Icebox,zander,100T,Viper,0.52,172.0,13,20,3,-7,65.0,110.0,21.0,5.0,2.0,3.0,MIBR,,13,100T,,10,0,VCT Americas
1640,2,Bind,cortezia,MIBR,Viper,1.53,279.0,28,14,2,14,69.0,168.0,38.0,2.0,3.0,-1.0,MIBR,,14,100T,,12,1,VCT Americas
1641,2,Bind,xenom,MIBR,Brimstone,0.96,171.0,17,16,6,1,73.0,108.0,46.0,1.0,1.0,0.0,MIBR,,14,100T,,12,1,VCT Americas
1642,2,Bind,Verno,MIBR,Skye,0.96,195.0,15,19,12,-4,62.0,125.0,46.0,2.0,3.0,-1.0,MIBR,,14,100T,,12,1,VCT Americas
1643,2,Bind,aspas,MIBR,Raze,0.96,212.0,19,20,7,-1,73.0,142.0,16.0,1.0,2.0,-1.0,MIBR,,14,100T,,12,1,VCT Americas
1644,2,Bind,artzin,MIBR,Yoru,0.3,100.0,9,23,6,-14,65.0,67.0,13.0,2.0,9.0,-7.0,MIBR,,14,100T,,12,1,VCT Americas
1645,2,Bind,Cryocells,100T,Yoru,1.22,245.0,27,17,2,10,77.0,152.0,27.0,3.0,3.0,0.0,MIBR,,14,100T,,12,0,VCT Americas
1646,2,Bind,Asuna,100T,Raze,1.18,274.0,22,19,7,3,85.0,187.0,17.0,8.0,0.0,8.0,MIBR,,14,100T,,12,0,VCT Americas
1647,2,Bind,eeiu,100T,Fade,0.94,181.0,17,15,9,2,81.0,128.0,22.0,1.0,1.0,0.0,MIBR,,14,100T,,12,0,VCT Americas
1648,2,Bind,zander,100T,Viper,0.92,171.0,14,16,6,-2,77.0,107.0,19.0,2.0,0.0,2.0,MIBR,,14,100T,,12,0,VCT Americas
1649,2,Bind,Kess,100T,Brimstone,0.62,150.0,12,21,14,-9,65.0,105.0,28.0,4.0,4.0,0.0,MIBR,,14,100T,,12,0,VCT Americas
1650,0,Lotus,C0M,LEV,Fade,0.9,145.0,10,12,3,-2,55.0,94.0,20.0,1.0,1.0,0.0,LEV,,7,NRG,,13,0,VCT Americas
1651,0,Lotus,Okeanos,LEV,Omen,0.81,181.0,13,17,4,-4,75.0,118.0,33.0,4.0,3.0,1.0,LEV,,7,NRG,,13,0,VCT Americas
1652,0,Lotus,kiNgg,LEV,Viper,0.79,159.0,10,15,3,-5,65.0,111.0,18.0,1.0,1.0,0.0,LEV,,7,NRG,,13,0,VCT Americas
1653,0,Lotus,Sato,LEV,Raze,0.76,202.0,14,17,2,-3,75.0,126.0,26.0,5.0,3.0,2.0,LEV,,7,NRG,,13,0,VCT Americas
1654,0,Lotus,tex,LEV,Killjoy,0.68,147.0,11,17,2,-6,60.0,122.0,50.0,1.0,0.0,1.0,LEV,,7,NRG,,13,0,VCT Americas
1655,0,Lotus,brawk,NRG,Vyse,1.55,211.0,15,7,7,8,90.0,156.0,30.0,1.0,0.0,1.0,LEV,,7,NRG,,13,1,VCT Americas
1656,0,Lotus,s0m,NRG,Omen,1.22,212.0,15,11,9,4,85.0,123.0,22.0,2.0,3.0,-1.0,LEV,,7,NRG,,13,1,VCT Americas
1657,0,Lotus,Ethan,NRG,Fade,1.18,240.0,16,12,8,4,80.0,143.0,20.0,0.0,1.0,-1.0,LEV,,7,NRG,,13,1,VCT Americas
1658,0,Lotus,mada,NRG,Raze,0.9,236.0,18,15,1,3,70.0,146.0,41.0,5.0,6.0,-1.0,LEV,,7,NRG,,13,1,VCT Americas
1659,0,Lotus,skuba,NRG,Viper,0.81,179.0,14,13,3,1,75.0,128.0,26.0,0.0,2.0,-2.0,LEV,,7,NRG,,13,1,VCT Americas
1660,2,Haven,Sato,LEV,Yoru,1.65,332.0,35,18,3,17,69.0,197.0,27.0,5.0,4.0,1.0,LEV,,14,NRG,,12,1,VCT Americas
1661,2,Haven,C0M,LEV,Sova,1.1,149.0,10,13,18,-3,85.0,118.0,24.0,1.0,1.0,0.0,LEV,,14,NRG,,12,1,VCT Americas
1662,2,Haven,kiNgg,LEV,Omen,1.02,192.0,16,19,17,-3,73.0,123.0,22.0,3.0,1.0,2.0,LEV,,14,NRG,,12,1,VCT Americas
1663,2,Haven,tex,LEV,Cypher,0.79,117.0,12,15,4,-3,62.0,87.0,34.0,1.0,4.0,-3.0,LEV,,14,NRG,,12,1,VCT Americas
1664,2,Haven,Okeanos,LEV,Neon,0.74,153.0,15,20,4,-5,62.0,94.0,25.0,1.0,5.0,-4.0,LEV,,14,NRG,,12,1,VCT Americas
1665,2,Haven,mada,NRG,Neon,1.22,279.0,25,19,0,6,73.0,181.0,28.0,11.0,4.0,7.0,LEV,,14,NRG,,12,0,VCT Americas
1666,2,Haven,skuba,NRG,Killjoy,1.05,211.0,20,18,3,2,81.0,133.0,19.0,2.0,1.0,1.0,LEV,,14,NRG,,12,0,VCT Americas
1667,2,Haven,brawk,NRG,Sova,1.04,183.0,16,16,8,0,77.0,137.0,32.0,2.0,1.0,1.0,LEV,,14,NRG,,12,0,VCT Americas
1668,2,Haven,s0m,NRG,Viper,0.96,168.0,17,17,12,0,69.0,104.0,28.0,0.0,3.0,-3.0,LEV,,14,NRG,,12,0,VCT Americas
1669,2,Haven,Ethan,NRG,Omen,0.66,118.0,7,18,21,-11,81.0,91.0,24.0,0.0,2.0,-2.0,LEV,,14,NRG,,12,0,VCT Americas
1670,3,Icebox,Sato,LEV,Jett,1.3,263.0,25,16,1,9,67.0,180.0,31.0,4.0,3.0,1.0,LEV,,11,NRG,,13,0,VCT Americas
1671,3,Icebox,Okeanos,LEV,Sage,0.95,154.0,13,15,11,-2,71.0,99.0,30.0,2.0,4.0,-2.0,LEV,,11,NRG,,13,0,VCT Americas
1672,3,Icebox,tex,LEV,Killjoy,0.93,191.0,18,16,3,2,79.0,134.0,32.0,1.0,3.0,-2.0,LEV,,11,NRG,,13,0,VCT Americas
1673,3,Icebox,kiNgg,LEV,Viper,0.77,159.0,10,18,11,-8,67.0,113.0,17.0,2.0,2.0,0.0,LEV,,11,NRG,,13,0,VCT Americas
1674,3,Icebox,C0M,LEV,Sova,0.7,121.0,10,17,7,-7,54.0,95.0,17.0,1.0,2.0,-1.0,LEV,,11,NRG,,13,0,VCT Americas
1675,3,Icebox,mada,NRG,Jett,1.51,303.0,26,14,2,12,71.0,175.0,31.0,7.0,4.0,3.0,LEV,,11,NRG,,13,1,VCT Americas
1676,3,Icebox,s0m,NRG,Killjoy,1.12,221.0,18,15,5,3,67.0,138.0,35.0,4.0,2.0,2.0,LEV,,11,NRG,,13,1,VCT Americas
1677,3,Icebox,skuba,NRG,Viper,1.03,222.0,18,17,3,1,71.0,169.0,27.0,2.0,3.0,-1.0,LEV,,11,NRG,,13,1,VCT Americas
1678,3,Icebox,Ethan,NRG,Harbor,0.84,152.0,12,16,9,-4,67.0,97.0,24.0,1.0,1.0,0.0,LEV,,11,NRG,,13,1,VCT Americas
1679,3,Icebox,brawk,NRG,Sova,0.71,103.0,8,14,12,-6,67.0,73.0,11.0,0.0,0.0,0.0,LEV,,11,NRG,,13,1,VCT Americas
1680,0,Lotus,artzin,MIBR,Yoru,1.1,233.0,18,15,4,3,62.0,149.0,20.0,4.0,6.0,-2.0,MIBR,,8,LEV,,13,0,VCT Americas
1681,0,Lotus,cortezia,MIBR,Vyse,0.86,182.0,14,15,2,-1,62.0,122.0,31.0,2.0,2.0,0.0,MIBR,,8,LEV,,13,0,VCT Americas
1682,0,Lotus,xenom,MIBR,Omen,0.73,133.0,10,15,5,-5,76.0,85.0,43.0,2.0,0.0,2.0,MIBR,,8,LEV,,13,0,VCT Americas
1683,0,Lotus,Verno,MIBR,Fade,0.64,131.0,9,16,7,-7,67.0,81.0,24.0,1.0,1.0,0.0,MIBR,,8,LEV,,13,0,VCT Americas
1684,0,Lotus,aspas,MIBR,Raze,0.61,153.0,12,16,5,-4,81.0,105.0,24.0,2.0,1.0,1.0,MIBR,,8,LEV,,13,0,VCT Americas
1685,0,Lotus,kiNgg,LEV,Viper,1.92,326.0,25,10,4,15,81.0,214.0,37.0,2.0,3.0,-1.0,MIBR,,8,LEV,,13,1,VCT Americas
1686,0,Lotus,Sato,LEV,Raze,1.15,229.0,16,16,10,0,81.0,175.0,19.0,4.0,4.0,0.0,MIBR,,8,LEV,,13,1,VCT Americas
1687,0,Lotus,C0M,LEV,Fade,1.03,113.0,8,9,10,-1,86.0,79.0,45.0,0.0,1.0,-1.0,MIBR,,8,LEV,,13,1,VCT Americas
1688,0,Lotus,Okeanos,LEV,Omen,0.96,173.0,14,12,7,2,81.0,108.0,33.0,1.0,2.0,-1.0,MIBR,,8,LEV,,13,1,VCT Americas
1689,0,Lotus,tex,LEV,Killjoy,0.69,172.0,13,16,4,-3,67.0,108.0,23.0,3.0,1.0,2.0,MIBR,,8,LEV,,13,1,VCT Americas
1690,2,Sunset,artzin,MIBR,Yoru,1.04,236.0,13,12,2,1,75.0,143.0,37.0,5.0,3.0,2.0,MIBR,,3,LEV,,13,0,VCT Americas
1691,2,Sunset,xenom,MIBR,Omen,0.78,164.0,10,13,4,-3,81.0,101.0,29.0,2.0,0.0,2.0,MIBR,,3,LEV,,13,0,VCT Americas
1692,2,Sunset,cortezia,MIBR,Cypher,0.56,187.0,10,16,3,-6,63.0,114.0,37.0,0.0,2.0,-2.0,MIBR,,3,LEV,,13,0,VCT Americas
1693,2,Sunset,aspas,MIBR,Raze,0.56,133.0,7,13,2,-6,63.0,98.0,19.0,1.0,1.0,0.0,MIBR,,3,LEV,,13,0,VCT Americas
1694,2,Sunset,Verno,MIBR,Sova,0.35,122.0,5,14,4,-9,50.0,88.0,31.0,1.0,1.0,0.0,MIBR,,3,LEV,,13,0,VCT Americas
1695,2,Sunset,kiNgg,LEV,Omen,1.77,295.0,19,6,3,13,75.0,188.0,39.0,2.0,1.0,1.0,MIBR,,3,LEV,,13,1,VCT Americas
1696,2,Sunset,C0M,LEV,Sova,1.33,205.0,12,7,3,5,81.0,136.0,20.0,0.0,0.0,0.0,MIBR,,3,LEV,,13,1,VCT Americas
1697,2,Sunset,tex,LEV,Vyse,1.26,244.0,14,11,3,3,81.0,161.0,46.0,3.0,2.0,1.0,MIBR,,3,LEV,,13,1,VCT Americas
1698,2,Sunset,Sato,LEV,Neon,1.17,252.0,16,11,1,5,69.0,158.0,35.0,1.0,5.0,-4.0,MIBR,,3,LEV,,13,1,VCT Americas
1699,2,Sunset,Okeanos,LEV,Kayo,0.83,135.0,7,10,13,-3,81.0,82.0,26.0,1.0,1.0,0.0,MIBR,,3,LEV,,13,1,VCT Americas
1700,0,Haven,brawk,NRG,Sova,1.58,296.0,19,8,2,11,88.0,188.0,23.0,3.0,0.0,3.0,NRG,,13,LOUD,,4,1,VCT Americas
1701,0,Haven,mada,NRG,Neon,1.41,226.0,16,8,1,8,65.0,136.0,31.0,2.0,3.0,-1.0,NRG,,13,LOUD,,4,1,VCT Americas
1702,0,Haven,s0m,NRG,Viper,1.26,225.0,13,10,9,3,88.0,146.0,32.0,1.0,1.0,0.0,NRG,,13,LOUD,,4,1,VCT Americas
1703,0,Haven,skuba,NRG,Killjoy,1.1,142.0,9,8,2,1,76.0,101.0,36.0,0.0,2.0,-2.0,NRG,,13,LOUD,,4,1,VCT Americas
1704,0,Haven,Ethan,NRG,Omen,1.04,188.0,10,10,8,0,82.0,119.0,16.0,0.0,5.0,-5.0,NRG,,13,LOUD,,4,1,VCT Americas
1705,0,Haven,lukxo,LOUD,Cypher,1.0,195.0,12,10,4,2,71.0,124.0,18.0,2.0,1.0,1.0,NRG,,13,LOUD,,4,0,VCT Americas
1706,0,Haven,Virtyy,LOUD,Neon,0.74,181.0,10,15,5,-5,71.0,118.0,27.0,5.0,3.0,2.0,NRG,,13,LOUD,,4,0,VCT Americas
1707,0,Haven,cauanzin,LOUD,Breach,0.71,133.0,7,13,2,-6,59.0,101.0,17.0,3.0,0.0,3.0,NRG,,13,LOUD,,4,0,VCT Americas
1708,0,Haven,pANcada,LOUD,Omen,0.55,147.0,9,15,4,-6,53.0,94.0,55.0,1.0,0.0,1.0,NRG,,13,LOUD,,4,0,VCT Americas
1709,0,Haven,RobbieBk,LOUD,Sova,0.44,106.0,6,14,4,-8,47.0,88.0,41.0,0.0,2.0,-2.0,NRG,,13,LOUD,,4,0,VCT Americas
1710,2,Corrode,s0m,NRG,Omen,1.36,227.0,18,12,15,6,73.0,158.0,25.0,2.0,3.0,-1.0,NRG,,13,LOUD,,9,1,VCT Americas
1711,2,Corrode,brawk,NRG,Sova,1.28,271.0,21,14,3,7,73.0,177.0,20.0,2.0,2.0,0.0,NRG,,13,LOUD,,9,1,VCT Americas
1712,2,Corrode,skuba,NRG,Viper,1.26,201.0,18,10,3,8,82.0,126.0,31.0,2.0,1.0,1.0,NRG,,13,LOUD,,9,1,VCT Americas
1713,2,Corrode,mada,NRG,Waylay,1.04,211.0,15,14,6,1,68.0,141.0,22.0,4.0,4.0,0.0,NRG,,13,LOUD,,9,1,VCT Americas
1714,2,Corrode,Ethan,NRG,Kayo,0.94,129.0,8,11,12,-3,86.0,77.0,16.0,2.0,0.0,2.0,NRG,,13,LOUD,,9,1,VCT Americas
1715,2,Corrode,cauanzin,LOUD,Vyse,1.33,221.0,19,11,3,8,68.0,152.0,33.0,2.0,1.0,1.0,NRG,,13,LOUD,,9,0,VCT Americas
1716,2,Corrode,Virtyy,LOUD,Neon,0.81,208.0,15,18,5,-3,59.0,118.0,27.0,5.0,5.0,0.0,NRG,,13,LOUD,,9,0,VCT Americas
1717,2,Corrode,lukxo,LOUD,Viper,0.65,149.0,10,17,4,-7,45.0,104.0,30.0,1.0,4.0,-3.0,NRG,,13,LOUD,,9,0,VCT Americas
1718,2,Corrode,pANcada,LOUD,Omen,0.58,122.0,9,19,6,-10,50.0,84.0,30.0,1.0,0.0,1.0,NRG,,13,LOUD,,9,0,VCT Americas
1719,2,Corrode,RobbieBk,LOUD,Fade,0.58,97.0,8,15,1,-7,45.0,59.0,35.0,1.0,2.0,-1.0,NRG,,13,LOUD,,9,0,VCT Americas
1720,0,Corrode,eeiu,100T,Sova,1.47,290.0,18,9,4,9,82.0,200.0,42.0,1.0,1.0,0.0,100T,,13,KRU,,4,1,VCT Americas
1721,0,Corrode,Cryocells,100T,Chamber,1.46,224.0,15,5,1,10,94.0,139.0,13.0,6.0,0.0,6.0,100T,,13,KRU,,4,1,VCT Americas
1722,0,Corrode,Kess,100T,Fade,1.4,210.0,14,6,4,8,82.0,123.0,26.0,1.0,0.0,1.0,100T,,13,KRU,,4,1,VCT Americas
1723,0,Corrode,Asuna,100T,Yoru,1.25,256.0,15,11,9,4,94.0,162.0,26.0,4.0,2.0,2.0,100T,,13,KRU,,4,1,VCT Americas
1724,0,Corrode,zander,100T,Omen,1.02,174.0,9,10,14,-1,76.0,105.0,31.0,1.0,1.0,0.0,100T,,13,KRU,,4,1,VCT Americas
1725,0,Corrode,Dantedeu5,KRÜ,Neon,0.84,210.0,11,15,4,-4,65.0,131.0,25.0,2.0,4.0,-2.0,100T,,13,KRU,,4,0,VCT Americas
1726,0,Corrode,keznit,KRÜ,Omen,0.79,189.0,10,14,5,-4,59.0,126.0,26.0,1.0,4.0,-3.0,100T,,13,KRU,,4,0,VCT Americas
1727,0,Corrode,Shyy,KRÜ,Vyse,0.76,203.0,10,14,3,-4,59.0,137.0,23.0,0.0,2.0,-2.0,100T,,13,KRU,,4,0,VCT Americas
1728,0,Corrode,Melser,KRÜ,Fade,0.52,80.0,4,13,6,-9,47.0,52.0,21.0,1.0,2.0,-1.0,100T,,13,KRU,,4,0,VCT Americas
1729,0,Corrode,Mazino,KRÜ,Viper,0.46,119.0,6,15,6,-9,59.0,64.0,29.0,0.0,1.0,-1.0,100T,,13,KRU,,4,0,VCT Americas
1730,2,Bind,Asuna,100T,Raze,1.64,316.0,19,8,5,11,72.0,216.0,18.0,1.0,3.0,-2.0,100T,,13,KRU,,5,1,VCT Americas
1731,2,Bind,zander,100T,Viper,1.54,311.0,19,9,3,10,83.0,193.0,18.0,5.0,2.0,3.0,100T,,13,KRU,,5,1,VCT Americas
1732,2,Bind,Kess,100T,Brimstone,1.19,145.0,9,7,11,2,83.0,85.0,33.0,0.0,0.0,0.0,100T,,13,KRU,,5,1,VCT Americas
1733,2,Bind,eeiu,100T,Fade,1.03,136.0,9,8,7,1,83.0,84.0,30.0,1.0,0.0,1.0,100T,,13,KRU,,5,1,VCT Americas
1734,2,Bind,Cryocells,100T,Yoru,0.81,151.0,11,11,5,0,72.0,90.0,14.0,3.0,3.0,0.0,100T,,13,KRU,,5,1,VCT Americas
1735,2,Bind,Melser,KRÜ,Brimstone,0.95,181.0,11,14,5,-3,61.0,126.0,21.0,1.0,0.0,1.0,100T,,13,KRU,,5,0,VCT Americas
1736,2,Bind,Dantedeu5,KRÜ,Raze,0.82,176.0,10,14,3,-4,61.0,119.0,31.0,4.0,6.0,-2.0,100T,,13,KRU,,5,0,VCT Americas
1737,2,Bind,Shyy,KRÜ,Vyse,0.8,139.0,8,13,3,-5,61.0,111.0,24.0,2.0,1.0,1.0,100T,,13,KRU,,5,0,VCT Americas
1738,2,Bind,keznit,KRÜ,Skye,0.72,125.0,7,12,6,-5,56.0,71.0,24.0,1.0,1.0,0.0,100T,,13,KRU,,5,0,VCT Americas
1739,2,Bind,Mazino,KRÜ,Viper,0.55,124.0,7,14,3,-7,56.0,87.0,27.0,0.0,2.0,-2.0,100T,,13,KRU,,5,0,VCT Americas
1740,0,Bind,Kess,100T,Brimstone,1.38,223.0,18,15,10,3,78.0,140.0,24.0,3.0,1.0,2.0,100T,,13,NRG,,10,1,VCT Americas
1741,0,Bind,Cryocells,100T,Yoru,1.15,207.0,18,14,3,4,74.0,138.0,30.0,1.0,2.0,-1.0,100T,,13,NRG,,10,1,VCT Americas
1742,0,Bind,zander,100T,Viper,1.04,179.0,16,14,4,2,74.0,114.0,21.0,3.0,1.0,2.0,100T,,13,NRG,,10,1,VCT Americas
1743,0,Bind,Asuna,100T,Raze,0.96,191.0,13,16,11,-3,83.0,134.0,15.0,2.0,6.0,-4.0,100T,,13,NRG,,10,1,VCT Americas
1744,0,Bind,eeiu,100T,Fade,0.88,169.0,16,15,4,1,74.0,96.0,27.0,2.0,2.0,0.0,100T,,13,NRG,,10,1,VCT Americas
1745,0,Bind,Ethan,NRG,Kayo,1.14,225.0,18,17,11,1,87.0,138.0,29.0,2.0,2.0,0.0,100T,,13,NRG,,10,0,VCT Americas
1746,0,Bind,skuba,NRG,Viper,1.11,198.0,16,13,4,3,70.0,145.0,14.0,0.0,0.0,0.0,100T,,13,NRG,,10,0,VCT Americas
1747,0,Bind,s0m,NRG,Brimstone,1.02,205.0,15,16,17,-1,87.0,133.0,19.0,2.0,3.0,-1.0,100T,,13,NRG,,10,0,VCT Americas
1748,0,Bind,brawk,NRG,Fade,0.82,169.0,14,18,12,-4,78.0,103.0,16.0,3.0,1.0,2.0,100T,,13,NRG,,10,0,VCT Americas
1749,0,Bind,mada,NRG,Raze,0.62,162.0,11,17,3,-6,57.0,111.0,28.0,5.0,5.0,0.0,100T,,13,NRG,,10,0,VCT Americas
1750,2,Sunset,eeiu,100T,Sova,1.8,281.0,19,6,5,13,82.0,189.0,34.0,3.0,2.0,1.0,100T,,13,NRG,,4,1,VCT Americas
1751,2,Sunset,zander,100T,Omen,1.41,230.0,16,7,4,9,88.0,141.0,38.0,1.0,0.0,1.0,100T,,13,NRG,,4,1,VCT Americas
1752,2,Sunset,Asuna,100T,Neon,1.38,253.0,14,9,7,5,82.0,162.0,23.0,2.0,3.0,-1.0,100T,,13,NRG,,4,1,VCT Americas
1753,2,Sunset,Kess,100T,Cypher,1.22,227.0,15,7,3,8,88.0,136.0,35.0,2.0,0.0,2.0,100T,,13,NRG,,4,1,VCT Americas
1754,2,Sunset,Cryocells,100T,Yoru,1.09,218.0,13,11,6,2,88.0,134.0,24.0,4.0,0.0,4.0,100T,,13,NRG,,4,1,VCT Americas
1755,2,Sunset,brawk,NRG,Sova,0.9,232.0,13,16,3,-3,59.0,171.0,14.0,0.0,1.0,-1.0,100T,,13,NRG,,4,0,VCT Americas
1756,2,Sunset,skuba,NRG,Viper,0.85,129.0,8,13,5,-5,53.0,79.0,23.0,0.0,0.0,0.0,100T,,13,NRG,,4,0,VCT Americas
1757,2,Sunset,Ethan,NRG,Omen,0.56,143.0,6,17,9,-11,53.0,107.0,11.0,1.0,2.0,-1.0,100T,,13,NRG,,4,0,VCT Americas
1758,2,Sunset,mada,NRG,Neon,0.54,170.0,9,16,0,-7,47.0,106.0,29.0,4.0,5.0,-1.0,100T,,13,NRG,,4,0,VCT Americas
1759,2,Sunset,s0m,NRG,Deadlock,0.25,80.0,4,15,3,-11,47.0,63.0,63.0,0.0,4.0,-4.0,100T,,13,NRG,,4,0,VCT Americas
1760,0,Corrode,aspas,MIBR,Raze,1.32,221.0,17,11,2,6,64.0,150.0,12.0,5.0,3.0,2.0,MIBR,,13,KRU,,9,1,VCT Americas
1761,0,Corrode,Verno,MIBR,Fade,1.18,167.0,12,10,5,2,73.0,114.0,17.0,2.0,0.0,2.0,MIBR,,13,KRU,,9,1,VCT Americas
1762,0,Corrode,xenom,MIBR,Astra,1.08,146.0,10,10,14,0,82.0,99.0,26.0,2.0,1.0,1.0,MIBR,,13,KRU,,9,1,VCT Americas
1763,0,Corrode,cortezia,MIBR,Vyse,1.04,192.0,15,13,5,2,68.0,132.0,61.0,0.0,1.0,-1.0,MIBR,,13,KRU,,9,1,VCT Americas
1764,0,Corrode,artzin,MIBR,Yoru,0.76,179.0,14,15,3,-1,64.0,130.0,15.0,2.0,6.0,-4.0,MIBR,,13,KRU,,9,1,VCT Americas
1765,0,Corrode,keznit,KRÜ,Omen,1.09,203.0,13,14,7,-1,77.0,132.0,31.0,4.0,0.0,4.0,MIBR,,13,KRU,,9,0,VCT Americas
1766,0,Corrode,Melser,KRÜ,Fade,1.03,192.0,15,13,5,2,77.0,126.0,26.0,1.0,1.0,0.0,MIBR,,13,KRU,,9,0,VCT Americas
1767,0,Corrode,Mazino,KRÜ,Viper,0.9,163.0,13,13,2,0,64.0,124.0,24.0,1.0,3.0,-2.0,MIBR,,13,KRU,,9,0,VCT Americas
1768,0,Corrode,Shyy,KRÜ,Vyse,0.84,138.0,11,13,2,-2,77.0,93.0,23.0,2.0,3.0,-1.0,MIBR,,13,KRU,,9,0,VCT Americas
1769,0,Corrode,Dantedeu5,KRÜ,Neon,0.45,94.0,7,15,1,-8,59.0,71.0,40.0,3.0,4.0,-1.0,MIBR,,13,KRU,,9,0,VCT Americas
1770,2,Ascent,aspas,MIBR,Jett,1.37,308.0,14,12,1,2,71.0,196.0,39.0,2.0,1.0,1.0,MIBR,,1,KRU,,13,0,VCT Americas
1771,2,Ascent,xenom,MIBR,Omen,0.66,169.0,7,13,5,-6,64.0,116.0,45.0,1.0,2.0,-1.0,MIBR,,1,KRU,,13,0,VCT Americas
1772,2,Ascent,cortezia,MIBR,Killjoy,0.47,104.0,5,12,1,-7,50.0,71.0,19.0,0.0,0.0,0.0,MIBR,,1,KRU,,13,0,VCT Americas
1773,2,Ascent,artzin,MIBR,Kayo,0.25,106.0,4,14,5,-10,43.0,78.0,16.0,0.0,4.0,-4.0,MIBR,,1,KRU,,13,0,VCT Americas
1774,2,Ascent,Verno,MIBR,Sova,0.09,73.0,3,14,3,-11,50.0,44.0,33.0,0.0,4.0,-4.0,MIBR,,1,KRU,,13,0,VCT Americas
1775,2,Ascent,keznit,KRÜ,Yoru,2.32,423.0,22,6,8,16,100.0,274.0,16.0,4.0,0.0,4.0,MIBR,,1,KRU,,13,0,VCT Americas
1776,2,Ascent,Melser,KRÜ,Omen,1.56,206.0,12,5,8,7,93.0,140.0,26.0,2.0,0.0,2.0,MIBR,,1,KRU,,13,0,VCT Americas
1777,2,Ascent,Mazino,KRÜ,Sova,1.27,265.0,13,8,4,5,79.0,174.0,29.0,1.0,1.0,0.0,MIBR,,1,KRU,,13,0,VCT Americas
1778,2,Ascent,Dantedeu5,KRÜ,Jett,1.08,200.0,8,8,6,0,93.0,134.0,19.0,2.0,2.0,0.0,MIBR,,1,KRU,,13,0,VCT Americas
1779,2,Ascent,Shyy,KRÜ,Cypher,1.03,156.0,10,6,5,4,86.0,87.0,10.0,2.0,0.0,2.0,MIBR,,1,KRU,,13,0,VCT Americas
1780,3,Haven,cortezia,MIBR,Cypher,1.12,200.0,17,16,2,1,59.0,135.0,42.0,2.0,1.0,1.0,MIBR,,9,KRU,,13,0,VCT Americas
1781,3,Haven,artzin,MIBR,Iso,0.95,232.0,17,18,5,-1,59.0,152.0,23.0,2.0,2.0,0.0,MIBR,,9,KRU,,13,0,VCT Americas
1782,3,Haven,xenom,MIBR,Omen,0.91,193.0,14,14,6,0,82.0,139.0,29.0,1.0,2.0,-1.0,MIBR,,9,KRU,,13,0,VCT Americas
1783,3,Haven,aspas,MIBR,Yoru,0.72,150.0,10,15,3,-5,64.0,103.0,25.0,4.0,3.0,1.0,MIBR,,9,KRU,,13,0,VCT Americas
1784,3,Haven,Verno,MIBR,Sova,0.42,109.0,8,16,3,-8,64.0,73.0,44.0,2.0,3.0,-1.0,MIBR,,9,KRU,,13,0,VCT Americas
1785,3,Haven,keznit,KRÜ,Iso,1.66,282.0,22,11,10,11,91.0,198.0,22.0,2.0,2.0,0.0,MIBR,,9,KRU,,13,0,VCT Americas
1786,3,Haven,Dantedeu5,KRÜ,Yoru,1.12,206.0,16,13,9,3,82.0,131.0,24.0,4.0,3.0,1.0,MIBR,,9,KRU,,13,0,VCT Americas
1787,3,Haven,Melser,KRÜ,Omen,1.12,198.0,16,15,10,1,86.0,133.0,23.0,1.0,3.0,-2.0,MIBR,,9,KRU,,13,0,VCT Americas
1788,3,Haven,Mazino,KRÜ,Sova,1.08,222.0,16,14,8,2,86.0,147.0,29.0,4.0,3.0,1.0,MIBR,,9,KRU,,13,0,VCT Americas
1789,3,Haven,Shyy,KRÜ,Cypher,0.79,116.0,9,13,7,-4,82.0,89.0,21.0,0.0,0.0,0.0,MIBR,,9,KRU,,13,0,VCT Americas
1790,0,Bind,Sato,LEV,Yoru,1.87,375.0,31,15,4,16,83.0,239.0,47.0,8.0,1.0,7.0,LEV,,13,LOUD,,10,1,VCT Americas
1791,0,Bind,Okeanos,LEV,Brimstone,1.03,220.0,18,17,11,1,78.0,124.0,45.0,3.0,1.0,2.0,LEV,,13,LOUD,,10,1,VCT Americas
1792,0,Bind,tex,LEV,Gekko,0.9,157.0,13,13,4,0,74.0,99.0,39.0,3.0,0.0,3.0,LEV,,13,LOUD,,10,1,VCT Americas
1793,0,Bind,kiNgg,LEV,Viper,0.84,112.0,8,12,8,-4,74.0,86.0,34.0,0.0,0.0,0.0,LEV,,13,LOUD,,10,1,VCT Americas
1794,0,Bind,C0M,LEV,Fade,0.74,123.0,10,14,8,-4,65.0,85.0,37.0,2.0,5.0,-3.0,LEV,,13,LOUD,,10,1,VCT Americas
1795,0,Bind,Virtyy,LOUD,Raze,1.45,311.0,25,18,3,7,70.0,187.0,19.0,5.0,5.0,0.0,LEV,,13,LOUD,,10,0,VCT Americas
1796,0,Bind,lukxo,LOUD,Viper,1.04,213.0,17,14,5,3,78.0,145.0,29.0,0.0,0.0,0.0,LEV,,13,LOUD,,10,0,VCT Americas
1797,0,Bind,RobbieBk,LOUD,Skye,0.94,166.0,12,15,7,-3,78.0,117.0,28.0,1.0,2.0,-1.0,LEV,,13,LOUD,,10,0,VCT Americas
1798,0,Bind,pANcada,LOUD,Brimstone,0.66,107.0,9,15,7,-6,61.0,68.0,26.0,1.0,3.0,-2.0,LEV,,13,LOUD,,10,0,VCT Americas
1799,0,Bind,cauanzin,LOUD,Gekko,0.47,98.0,8,18,4,-10,65.0,76.0,24.0,0.0,6.0,-6.0,LEV,,13,LOUD,,10,0,VCT Americas
1800,2,Ascent,C0M,LEV,Sova,1.61,280.0,22,12,5,10,74.0,176.0,17.0,1.0,0.0,1.0,LEV,,10,LOUD,,13,0,VCT Americas
1801,2,Ascent,Sato,LEV,Jett,1.03,219.0,17,17,4,0,57.0,143.0,44.0,4.0,7.0,-3.0,LEV,,10,LOUD,,13,0,VCT Americas
1802,2,Ascent,tex,LEV,Cypher,0.83,172.0,16,17,1,-1,57.0,108.0,30.0,0.0,2.0,-2.0,LEV,,10,LOUD,,13,0,VCT Americas
1803,2,Ascent,Okeanos,LEV,Kayo,0.59,109.0,7,18,14,-11,65.0,74.0,32.0,2.0,2.0,0.0,LEV,,10,LOUD,,13,0,VCT Americas
1804,2,Ascent,kiNgg,LEV,Omen,0.55,87.0,8,16,8,-8,57.0,60.0,35.0,2.0,3.0,-1.0,LEV,,10,LOUD,,13,0,VCT Americas
1805,2,Ascent,lukxo,LOUD,Cypher,1.5,280.0,24,13,4,11,78.0,176.0,36.0,6.0,1.0,5.0,LEV,,10,LOUD,,13,1,VCT Americas
1806,2,Ascent,Virtyy,LOUD,Jett,1.37,255.0,19,12,7,7,74.0,158.0,24.0,7.0,4.0,3.0,LEV,,10,LOUD,,13,1,VCT Americas
1807,2,Ascent,cauanzin,LOUD,Kayo,0.93,191.0,15,16,10,-1,61.0,131.0,25.0,1.0,2.0,-1.0,LEV,,10,LOUD,,13,1,VCT Americas
1808,2,Ascent,RobbieBk,LOUD,Sova,0.86,128.0,12,13,4,-1,74.0,88.0,33.0,0.0,0.0,0.0,LEV,,10,LOUD,,13,1,VCT Americas
1809,2,Ascent,pANcada,LOUD,Omen,0.63,131.0,10,16,6,-6,74.0,89.0,39.0,0.0,2.0,-2.0,LEV,,10,LOUD,,13,1,VCT Americas
1810,3,Icebox,kiNgg,LEV,Viper,1.57,279.0,21,14,7,7,88.0,179.0,29.0,0.0,1.0,-1.0,LEV,,11,LOUD,,13,0,VCT Americas
1811,3,Icebox,Okeanos,LEV,Harbor,1.17,241.0,20,17,7,3,71.0,143.0,57.0,1.0,2.0,-1.0,LEV,,11,LOUD,,13,0,VCT Americas
1812,3,Icebox,tex,LEV,Killjoy,0.79,173.0,17,18,2,-1,71.0,113.0,43.0,3.0,5.0,-2.0,LEV,,11,LOUD,,13,0,VCT Americas
1813,3,Icebox,Sato,LEV,Jett,0.68,164.0,14,19,3,-5,58.0,106.0,28.0,3.0,6.0,-3.0,LEV,,11,LOUD,,13,0,VCT Americas
1814,3,Icebox,C0M,LEV,Sova,0.48,129.0,11,21,3,-10,54.0,97.0,25.0,1.0,2.0,-1.0,LEV,,11,LOUD,,13,0,VCT Americas
1815,3,Icebox,pANcada,LOUD,Viper,1.54,319.0,28,16,5,12,79.0,205.0,45.0,3.0,0.0,3.0,LEV,,11,LOUD,,13,1,VCT Americas
1816,3,Icebox,lukxo,LOUD,Omen,1.17,243.0,21,17,2,4,79.0,151.0,30.0,7.0,2.0,5.0,LEV,,11,LOUD,,13,1,VCT Americas
1817,3,Icebox,Virtyy,LOUD,Jett,0.97,201.0,17,15,5,2,79.0,127.0,23.0,3.0,4.0,-1.0,LEV,,11,LOUD,,13,1,VCT Americas
1818,3,Icebox,RobbieBk,LOUD,Killjoy,0.68,151.0,13,18,1,-5,54.0,106.0,28.0,2.0,0.0,2.0,LEV,,11,LOUD,,13,1,VCT Americas
1819,3,Icebox,cauanzin,LOUD,Sova,0.62,134.0,10,17,8,-7,63.0,94.0,17.0,1.0,2.0,-1.0,LEV,,11,LOUD,,13,1,VCT Americas
1820,0,Split,Verno,MIBR,Tejo,1.39,204.0,17,8,7,9,78.0,132.0,22.0,2.0,1.0,1.0,MIBR,,13,100T,,10,1,VCT Americas
1821,0,Split,cortezia,MIBR,Omen,1.24,258.0,21,14,4,7,70.0,155.0,25.0,4.0,1.0,3.0,MIBR,,13,100T,,10,1,VCT Americas
1822,0,Split,aspas,MIBR,Jett,0.94,157.0,12,12,4,0,74.0,106.0,24.0,0.0,4.0,-4.0,MIBR,,13,100T,,10,1,VCT Americas
1823,0,Split,xenom,MIBR,Viper,0.8,163.0,13,12,4,1,74.0,100.0,31.0,2.0,2.0,0.0,MIBR,,13,100T,,10,1,VCT Americas
1824,0,Split,artzin,MIBR,Breach,0.72,174.0,16,16,6,0,57.0,101.0,29.0,2.0,5.0,-3.0,MIBR,,13,100T,,10,1,VCT Americas
1825,0,Split,Asuna,100T,Raze,1.28,260.0,18,15,3,3,87.0,173.0,22.0,7.0,3.0,4.0,MIBR,,13,100T,,10,0,VCT Americas
1826,0,Split,Cryocells,100T,Sage,1.0,205.0,15,16,3,-1,61.0,133.0,30.0,3.0,2.0,1.0,MIBR,,13,100T,,10,0,VCT Americas
1827,0,Split,zander,100T,Astra,0.86,144.0,11,16,12,-5,78.0,93.0,35.0,2.0,2.0,0.0,MIBR,,13,100T,,10,0,VCT Americas
1828,0,Split,eeiu,100T,Tejo,0.86,153.0,11,16,8,-5,65.0,95.0,34.0,1.0,0.0,1.0,MIBR,,13,100T,,10,0,VCT Americas
1829,0,Split,Boostio,100T,Breach,0.61,83.0,7,16,6,-9,65.0,60.0,30.0,0.0,3.0,-3.0,MIBR,,13,100T,,10,0,VCT Americas
1830,2,Icebox,aspas,MIBR,Jett,1.8,346.0,24,9,5,15,88.0,218.0,18.0,5.0,0.0,5.0,MIBR,,13,100T,,4,1,VCT Americas
1831,2,Icebox,Verno,MIBR,Sova,1.38,160.0,10,5,5,5,88.0,121.0,32.0,1.0,2.0,-1.0,MIBR,,13,100T,,4,1,VCT Americas
1832,2,Icebox,cortezia,MIBR,Killjoy,1.37,276.0,17,11,10,6,100.0,201.0,21.0,2.0,1.0,1.0,MIBR,,13,100T,,4,1,VCT Americas
1833,2,Icebox,xenom,MIBR,Viper,1.25,252.0,17,11,8,6,88.0,165.0,27.0,2.0,0.0,2.0,MIBR,,13,100T,,4,1,VCT Americas
1834,2,Icebox,artzin,MIBR,Harbor,0.79,192.0,12,11,3,1,76.0,117.0,29.0,3.0,1.0,2.0,MIBR,,13,100T,,4,1,VCT Americas
1835,2,Icebox,eeiu,100T,Sova,1.37,281.0,17,15,2,2,76.0,182.0,44.0,1.0,1.0,0.0,MIBR,,13,100T,,4,0,VCT Americas
1836,2,Icebox,Cryocells,100T,Jett,0.87,195.0,12,16,2,-4,76.0,129.0,14.0,0.0,4.0,-4.0,MIBR,,13,100T,,4,0,VCT Americas
1837,2,Icebox,zander,100T,Viper,0.42,113.0,4,15,10,-11,71.0,82.0,16.0,1.0,3.0,-2.0,MIBR,,13,100T,,4,0,VCT Americas
1838,2,Icebox,Boostio,100T,Killjoy,0.39,123.0,7,17,1,-10,47.0,77.0,32.0,1.0,1.0,0.0,MIBR,,13,100T,,4,0,VCT Americas
1839,2,Icebox,Asuna,100T,Gekko,0.22,103.0,7,17,4,-10,53.0,50.0,36.0,1.0,4.0,-3.0,MIBR,,13,100T,,4,0,VCT Americas
1840,0,Lotus,Shyy,KRÜ,Vyse,1.59,325.0,26,13,5,13,81.0,221.0,39.0,1.0,1.0,0.0,KRU,,8,MIBR,,13,0,VCT Americas
1841,0,Lotus,keznit,KRÜ,Neon,1.13,259.0,18,18,6,0,71.0,175.0,32.0,6.0,4.0,2.0,KRU,,8,MIBR,,13,0,VCT Americas
1842,0,Lotus,adverso,KRÜ,Tejo,0.65,140.0,9,15,4,-6,67.0,100.0,23.0,1.0,2.0,-1.0,KRU,,8,MIBR,,13,0,VCT Americas
1843,0,Lotus,Mazino,KRÜ,Breach,0.62,155.0,9,17,8,-8,81.0,114.0,14.0,2.0,0.0,2.0,KRU,,8,MIBR,,13,0,VCT Americas
1844,0,Lotus,Melser,KRÜ,Omen,0.58,114.0,8,15,5,-7,67.0,76.0,19.0,1.0,3.0,-2.0,KRU,,8,MIBR,,13,0,VCT Americas
1845,0,Lotus,aspas,MIBR,Neon,1.4,266.0,20,13,5,7,81.0,161.0,29.0,3.0,3.0,0.0,KRU,,8,MIBR,,13,1,VCT Americas
1846,0,Lotus,Verno,MIBR,Tejo,1.32,238.0,18,12,6,6,76.0,147.0,24.0,3.0,1.0,2.0,KRU,,8,MIBR,,13,1,VCT Americas
1847,0,Lotus,cortezia,MIBR,Omen,1.22,242.0,18,14,11,4,71.0,152.0,57.0,3.0,4.0,-1.0,KRU,,8,MIBR,,13,1,VCT Americas
1848,0,Lotus,xenom,MIBR,Viper,0.93,119.0,9,12,10,-3,71.0,80.0,26.0,0.0,2.0,-2.0,KRU,,8,MIBR,,13,1,VCT Americas
1849,0,Lotus,artzin,MIBR,Breach,0.68,182.0,13,19,9,-6,67.0,121.0,27.0,1.0,1.0,0.0,KRU,,8,MIBR,,13,1,VCT Americas
1850,2,Icebox,adverso,KRÜ,Sova,0.97,207.0,12,14,3,-2,56.0,137.0,19.0,2.0,2.0,0.0,KRU,,5,MIBR,,13,0,VCT Americas
1851,2,Icebox,keznit,KRÜ,Jett,0.81,139.0,8,12,3,-4,61.0,90.0,15.0,3.0,2.0,1.0,KRU,,5,MIBR,,13,0,VCT Americas
1852,2,Icebox,Mazino,KRÜ,Harbor,0.79,183.0,11,14,4,-3,67.0,112.0,33.0,3.0,2.0,1.0,KRU,,5,MIBR,,13,0,VCT Americas
1853,2,Icebox,Melser,KRÜ,Viper,0.73,131.0,7,12,3,-5,78.0,98.0,22.0,1.0,2.0,-1.0,KRU,,5,MIBR,,13,0,VCT Americas
1854,2,Icebox,Shyy,KRÜ,Killjoy,0.66,108.0,7,12,1,-5,56.0,68.0,12.0,0.0,1.0,-1.0,KRU,,5,MIBR,,13,0,VCT Americas
1855,2,Icebox,aspas,MIBR,Jett,1.28,259.0,17,10,2,7,72.0,161.0,28.0,2.0,2.0,0.0,KRU,,5,MIBR,,13,1,VCT Americas
1856,2,Icebox,artzin,MIBR,Harbor,1.25,284.0,19,11,0,8,72.0,179.0,33.0,3.0,2.0,1.0,KRU,,5,MIBR,,13,1,VCT Americas
1857,2,Icebox,Verno,MIBR,Sova,1.21,149.0,8,5,8,3,83.0,111.0,16.0,1.0,2.0,-1.0,KRU,,5,MIBR,,13,1,VCT Americas
1858,2,Icebox,cortezia,MIBR,Killjoy,1.06,151.0,11,8,2,3,89.0,109.0,22.0,1.0,0.0,1.0,KRU,,5,MIBR,,13,1,VCT Americas
1859,2,Icebox,xenom,MIBR,Viper,0.76,155.0,9,11,3,-2,67.0,106.0,20.0,2.0,3.0,-1.0,KRU,,5,MIBR,,13,1,VCT Americas
1860,0,Lotus,xenom,MIBR,Viper,1.08,199.0,16,15,0,1,60.0,126.0,56.0,3.0,2.0,1.0,MIBR,,7,SEN,,13,0,VCT Americas
1861,0,Lotus,cortezia,MIBR,Omen,1.07,191.0,13,13,4,0,55.0,134.0,52.0,0.0,3.0,-3.0,MIBR,,7,SEN,,13,0,VCT Americas
1862,0,Lotus,Verno,MIBR,Tejo,0.85,146.0,10,14,3,-4,65.0,93.0,35.0,0.0,2.0,-2.0,MIBR,,7,SEN,,13,0,VCT Americas
1863,0,Lotus,aspas,MIBR,Neon,0.64,182.0,11,17,3,-6,60.0,128.0,25.0,2.0,3.0,-1.0,MIBR,,7,SEN,,13,0,VCT Americas
1864,0,Lotus,artzin,MIBR,Breach,0.52,134.0,7,16,9,-9,55.0,89.0,24.0,1.0,4.0,-3.0,MIBR,,7,SEN,,13,0,VCT Americas
1865,0,Lotus,johnqt,SEN,Breach,1.57,211.0,15,7,13,8,95.0,146.0,44.0,1.0,0.0,1.0,MIBR,,7,SEN,,13,1,VCT Americas
1866,0,Lotus,zekken,SEN,Yoru,1.52,346.0,25,13,3,12,70.0,209.0,26.0,7.0,3.0,4.0,MIBR,,7,SEN,,13,1,VCT Americas
1867,0,Lotus,N4RRATE,SEN,Tejo,1.09,158.0,11,10,6,1,95.0,102.0,23.0,1.0,0.0,1.0,MIBR,,7,SEN,,13,1,VCT Americas
1868,0,Lotus,bang,SEN,Omen,0.95,194.0,16,13,4,3,60.0,116.0,39.0,3.0,1.0,2.0,MIBR,,7,SEN,,13,1,VCT Americas
1869,0,Lotus,Zellsis,SEN,Viper,0.58,112.0,8,14,5,-6,60.0,68.0,24.0,2.0,2.0,0.0,MIBR,,7,SEN,,13,1,VCT Americas
1870,2,Split,Verno,MIBR,Tejo,1.28,202.0,17,15,7,2,71.0,149.0,23.0,1.0,1.0,0.0,MIBR,,11,SEN,,13,0,VCT Americas
1871,2,Split,aspas,MIBR,Jett,1.15,248.0,23,19,5,4,71.0,163.0,18.0,8.0,5.0,3.0,MIBR,,11,SEN,,13,0,VCT Americas
1872,2,Split,xenom,MIBR,Viper,1.07,200.0,19,16,4,3,71.0,140.0,28.0,1.0,2.0,-1.0,MIBR,,11,SEN,,13,0,VCT Americas
1873,2,Split,cortezia,MIBR,Omen,0.7,152.0,13,20,13,-7,63.0,94.0,20.0,1.0,1.0,0.0,MIBR,,11,SEN,,13,0,VCT Americas
1874,2,Split,artzin,MIBR,Breach,0.6,124.0,9,19,12,-10,71.0,81.0,15.0,2.0,2.0,0.0,MIBR,,11,SEN,,13,0,VCT Americas
1875,2,Split,zekken,SEN,Yoru,1.46,280.0,24,14,6,10,71.0,167.0,30.0,5.0,4.0,1.0,MIBR,,11,SEN,,13,1,VCT Americas
1876,2,Split,bang,SEN,Omen,1.29,241.0,20,15,16,5,71.0,146.0,34.0,4.0,3.0,1.0,MIBR,,11,SEN,,13,1,VCT Americas
1877,2,Split,N4RRATE,SEN,Breach,1.17,241.0,22,17,10,5,75.0,144.0,18.0,1.0,2.0,-1.0,MIBR,,11,SEN,,13,1,VCT Americas
1878,2,Split,johnqt,SEN,Tejo,1.02,197.0,17,16,7,1,79.0,121.0,22.0,1.0,2.0,-1.0,MIBR,,11,SEN,,13,1,VCT Americas
1879,2,Split,Zellsis,SEN,Viper,0.39,91.0,6,19,9,-13,71.0,68.0,50.0,0.0,2.0,-2.0,MIBR,,11,SEN,,13,1,VCT Americas
1880,0,Haven,zekken,SEN,Neon,1.21,281.0,22,16,4,6,64.0,172.0,32.0,4.0,6.0,-2.0,SEN,,9,G2,,13,0,VCT Americas
1881,0,Haven,bang,SEN,Omen,1.06,214.0,16,15,7,1,68.0,124.0,30.0,1.0,2.0,-1.0,SEN,,9,G2,,13,0,VCT Americas
1882,0,Haven,johnqt,SEN,Breach,1.0,175.0,13,15,13,-2,68.0,107.0,25.0,0.0,1.0,-1.0,SEN,,9,G2,,13,0,VCT Americas
1883,0,Haven,N4RRATE,SEN,Sova,0.74,175.0,12,17,8,-5,59.0,129.0,26.0,1.0,1.0,0.0,SEN,,9,G2,,13,0,VCT Americas
1884,0,Haven,Zellsis,SEN,Cypher,0.69,168.0,13,16,3,-3,64.0,120.0,28.0,1.0,5.0,-4.0,SEN,,9,G2,,13,0,VCT Americas
1885,0,Haven,trent,G2,Tejo,1.66,253.0,21,11,7,10,82.0,171.0,30.0,4.0,1.0,3.0,SEN,,9,G2,,13,1,VCT Americas
1886,0,Haven,valyn,G2,Astra,1.37,251.0,21,15,6,6,73.0,152.0,33.0,3.0,1.0,2.0,SEN,,9,G2,,13,1,VCT Americas
1887,0,Haven,leaf,G2,Vyse,0.95,196.0,15,17,6,-2,59.0,136.0,22.0,2.0,2.0,0.0,SEN,,9,G2,,13,1,VCT Americas
1888,0,Haven,JonahP,G2,Breach,0.8,147.0,11,16,13,-5,73.0,95.0,27.0,1.0,1.0,0.0,SEN,,9,G2,,13,1,VCT Americas
1889,0,Haven,jawgemo,G2,Yoru,0.66,158.0,11,17,3,-6,68.0,103.0,11.0,5.0,2.0,3.0,SEN,,9,G2,,13,1,VCT Americas
1890,2,Split,zekken,SEN,Yoru,1.12,258.0,19,16,2,3,64.0,150.0,22.0,7.0,3.0,4.0,SEN,,9,G2,,13,0,VCT Americas
1891,2,Split,N4RRATE,SEN,Breach,0.99,174.0,15,14,8,1,82.0,104.0,24.0,1.0,0.0,1.0,SEN,,9,G2,,13,0,VCT Americas
1892,2,Split,johnqt,SEN,Tejo,0.95,165.0,14,11,3,3,68.0,98.0,20.0,1.0,0.0,1.0,SEN,,9,G2,,13,0,VCT Americas
1893,2,Split,bang,SEN,Omen,0.77,160.0,11,16,10,-5,73.0,94.0,27.0,2.0,2.0,0.0,SEN,,9,G2,,13,0,VCT Americas
1894,2,Split,Zellsis,SEN,Viper,0.77,135.0,9,13,6,-4,68.0,93.0,24.0,2.0,4.0,-2.0,SEN,,9,G2,,13,0,VCT Americas
1895,2,Split,valyn,G2,Omen,1.19,225.0,20,14,4,6,82.0,149.0,26.0,1.0,4.0,-3.0,SEN,,9,G2,,13,1,VCT Americas
1896,2,Split,leaf,G2,Viper,1.04,216.0,16,15,7,1,68.0,148.0,12.0,2.0,4.0,-2.0,SEN,,9,G2,,13,1,VCT Americas
1897,2,Split,trent,G2,Tejo,0.96,161.0,12,13,4,-1,68.0,104.0,28.0,1.0,1.0,0.0,SEN,,9,G2,,13,1,VCT Americas
1898,2,Split,jawgemo,G2,Yoru,0.95,187.0,13,14,6,-1,68.0,115.0,13.0,3.0,4.0,-1.0,SEN,,9,G2,,13,1,VCT Americas
1899,2,Split,JonahP,G2,Breach,0.86,107.0,9,12,11,-3,68.0,62.0,20.0,2.0,0.0,2.0,SEN,,9,G2,,13,1,VCT Americas
1900,3,Pearl,johnqt,SEN,Tejo,1.57,241.0,22,12,4,10,74.0,158.0,29.0,1.0,1.0,0.0,SEN,,13,G2,,10,1,VCT Americas
1901,3,Pearl,Zellsis,SEN,Vyse,1.12,264.0,21,18,8,3,70.0,178.0,25.0,2.0,3.0,-1.0,SEN,,13,G2,,10,1,VCT Americas
1902,3,Pearl,bang,SEN,Astra,1.0,239.0,20,18,4,2,70.0,144.0,35.0,4.0,4.0,0.0,SEN,,13,G2,,10,1,VCT Americas
1903,3,Pearl,N4RRATE,SEN,Fade,0.65,113.0,6,16,11,-10,70.0,88.0,16.0,0.0,2.0,-2.0,SEN,,13,G2,,10,1,VCT Americas
1904,3,Pearl,zekken,SEN,Yoru,0.55,126.0,11,18,4,-7,57.0,80.0,21.0,3.0,3.0,0.0,SEN,,13,G2,,10,1,VCT Americas
1905,3,Pearl,trent,G2,Tejo,1.19,198.0,17,14,5,3,74.0,146.0,35.0,5.0,2.0,3.0,SEN,,13,G2,,10,0,VCT Americas
1906,3,Pearl,jawgemo,G2,Yoru,1.19,257.0,20,15,8,5,70.0,167.0,22.0,4.0,3.0,1.0,SEN,,13,G2,,10,0,VCT Americas
1907,3,Pearl,JonahP,G2,Fade,1.1,234.0,19,17,10,2,74.0,137.0,26.0,0.0,4.0,-4.0,SEN,,13,G2,,10,0,VCT Americas
1908,3,Pearl,valyn,G2,Astra,0.91,164.0,14,16,2,-2,65.0,122.0,24.0,1.0,1.0,0.0,SEN,,13,G2,,10,0,VCT Americas
1909,3,Pearl,leaf,G2,Vyse,0.74,154.0,12,18,6,-6,74.0,91.0,28.0,3.0,0.0,3.0,SEN,,13,G2,,10,0,VCT Americas
1910,4,Ascent,bang,SEN,Omen,1.11,243.0,17,18,11,-1,74.0,155.0,41.0,2.0,1.0,1.0,SEN,,10,G2,,13,0,VCT Americas
1911,4,Ascent,N4RRATE,SEN,Tejo,1.09,229.0,18,17,7,1,78.0,175.0,24.0,4.0,1.0,3.0,SEN,,10,G2,,13,0,VCT Americas
1912,4,Ascent,zekken,SEN,Jett,0.98,239.0,20,19,2,1,74.0,155.0,24.0,4.0,3.0,1.0,SEN,,10,G2,,13,0,VCT Americas
1913,4,Ascent,Zellsis,SEN,Vyse,0.79,154.0,12,18,6,-6,61.0,103.0,23.0,2.0,0.0,2.0,SEN,,10,G2,,13,0,VCT Americas
1914,4,Ascent,johnqt,SEN,Kayo,0.69,116.0,8,16,12,-8,57.0,77.0,13.0,2.0,4.0,-2.0,SEN,,10,G2,,13,0,VCT Americas
1915,4,Ascent,trent,G2,Tejo,1.56,267.0,23,13,12,10,87.0,195.0,22.0,1.0,0.0,1.0,SEN,,10,G2,,13,1,VCT Americas
1916,4,Ascent,leaf,G2,Vyse,1.26,235.0,20,15,8,5,83.0,162.0,30.0,2.0,2.0,0.0,SEN,,10,G2,,13,1,VCT Americas
1917,4,Ascent,jawgemo,G2,Waylay,1.04,220.0,18,17,5,1,78.0,147.0,24.0,4.0,9.0,-5.0,SEN,,10,G2,,13,1,VCT Americas
1918,4,Ascent,JonahP,G2,Kayo,0.98,183.0,12,15,18,-3,83.0,107.0,13.0,1.0,2.0,-1.0,SEN,,10,G2,,13,1,VCT Americas
1919,4,Ascent,valyn,G2,Omen,0.96,162.0,15,15,8,0,78.0,99.0,29.0,1.0,1.0,0.0,SEN,,10,G2,,13,1,VCT Americas
1920,0,Ascent,zekken,SEN,Jett,1.58,305.0,24,14,5,10,82.0,185.0,21.0,7.0,5.0,2.0,SEN,,13,C9,,9,1,VCT Americas
1921,0,Ascent,johnqt,SEN,Kayo,1.11,222.0,17,14,13,3,86.0,150.0,37.0,0.0,0.0,0.0,SEN,,13,C9,,9,1,VCT Americas
1922,0,Ascent,Zellsis,SEN,Vyse,1.11,189.0,16,13,7,3,82.0,129.0,29.0,2.0,2.0,0.0,SEN,,13,C9,,9,1,VCT Americas
1923,0,Ascent,N4RRATE,SEN,Tejo,1.07,245.0,18,15,8,3,82.0,168.0,22.0,2.0,1.0,1.0,SEN,,13,C9,,9,1,VCT Americas
1924,0,Ascent,bang,SEN,Omen,0.93,182.0,15,14,10,1,82.0,107.0,28.0,1.0,2.0,-1.0,SEN,,13,C9,,9,1,VCT Americas
1925,0,Ascent,mitch,C9,Sova,1.58,275.0,23,15,5,8,73.0,176.0,25.0,4.0,1.0,3.0,SEN,,13,C9,,9,0,VCT Americas
1926,0,Ascent,v1c,C9,Omen,0.79,155.0,10,18,11,-8,59.0,109.0,39.0,0.0,0.0,0.0,SEN,,13,C9,,9,0,VCT Americas
1927,0,Ascent,OXY,C9,Yoru,0.79,161.0,14,18,9,-4,68.0,108.0,28.0,1.0,6.0,-5.0,SEN,,13,C9,,9,0,VCT Americas
1928,0,Ascent,Xeppaa,C9,Vyse,0.7,159.0,11,19,5,-8,59.0,121.0,33.0,1.0,1.0,0.0,SEN,,13,C9,,9,0,VCT Americas
1929,0,Ascent,neT,C9,Deadlock,0.62,167.0,12,20,5,-8,64.0,102.0,25.0,4.0,4.0,0.0,SEN,,13,C9,,9,0,VCT Americas
1930,2,Pearl,bang,SEN,Astra,1.43,274.0,21,14,10,7,82.0,167.0,25.0,3.0,1.0,2.0,SEN,,13,C9,,9,1,VCT Americas
1931,2,Pearl,zekken,SEN,Yoru,1.12,244.0,21,18,4,3,82.0,153.0,33.0,3.0,3.0,0.0,SEN,,13,C9,,9,1,VCT Americas
1932,2,Pearl,johnqt,SEN,Tejo,0.96,191.0,16,14,3,2,86.0,149.0,13.0,3.0,0.0,3.0,SEN,,13,C9,,9,1,VCT Americas
1933,2,Pearl,Zellsis,SEN,Vyse,0.94,161.0,13,14,5,-1,73.0,100.0,18.0,1.0,5.0,-4.0,SEN,,13,C9,,9,1,VCT Americas
1934,2,Pearl,N4RRATE,SEN,Fade,0.81,155.0,11,17,16,-6,73.0,93.0,31.0,2.0,2.0,0.0,SEN,,13,C9,,9,1,VCT Americas
1935,2,Pearl,v1c,C9,Astra,1.07,178.0,16,15,6,1,95.0,123.0,41.0,3.0,2.0,1.0,SEN,,13,C9,,9,0,VCT Americas
1936,2,Pearl,Xeppaa,C9,Yoru,1.03,224.0,16,17,10,-1,77.0,154.0,38.0,1.0,2.0,-1.0,SEN,,13,C9,,9,0,VCT Americas
1937,2,Pearl,OXY,C9,Jett,0.98,220.0,16,16,2,0,73.0,145.0,35.0,3.0,3.0,0.0,SEN,,13,C9,,9,0,VCT Americas
1938,2,Pearl,mitch,C9,Sova,0.76,155.0,12,17,5,-5,73.0,108.0,20.0,1.0,3.0,-2.0,SEN,,13,C9,,9,0,VCT Americas
1939,2,Pearl,neT,C9,Cypher,0.58,147.0,12,17,2,-5,68.0,88.0,26.0,2.0,1.0,1.0,SEN,,13,C9,,9,0,VCT Americas
1940,0,Split,trent,G2,Tejo,1.94,251.0,18,5,6,13,94.0,174.0,31.0,1.0,0.0,1.0,G2,,13,SEN,,5,1,VCT Americas
1941,0,Split,valyn,G2,Omen,1.49,262.0,18,10,8,8,89.0,181.0,27.0,0.0,3.0,-3.0,G2,,13,SEN,,5,1,VCT Americas
1942,0,Split,leaf,G2,Viper,1.08,223.0,14,12,4,2,72.0,130.0,22.0,4.0,4.0,0.0,G2,,13,SEN,,5,1,VCT Americas
1943,0,Split,jawgemo,G2,Yoru,1.06,221.0,13,13,8,0,89.0,154.0,25.0,2.0,3.0,-1.0,G2,,13,SEN,,5,1,VCT Americas
1944,0,Split,JonahP,G2,Breach,1.04,147.0,11,9,7,2,89.0,109.0,27.0,0.0,1.0,-1.0,G2,,13,SEN,,5,1,VCT Americas
1945,0,Split,zekken,SEN,Yoru,1.02,209.0,13,13,4,0,78.0,126.0,28.0,5.0,1.0,4.0,G2,,13,SEN,,5,0,VCT Americas
1946,0,Split,johnqt,SEN,Tejo,0.8,176.0,12,14,5,-2,72.0,117.0,31.0,0.0,0.0,0.0,G2,,13,SEN,,5,0,VCT Americas
1947,0,Split,N4RRATE,SEN,Breach,0.64,158.0,9,17,10,-8,78.0,106.0,32.0,2.0,4.0,-2.0,G2,,13,SEN,,5,0,VCT Americas
1948,0,Split,bang,SEN,Omen,0.56,136.0,8,15,5,-7,72.0,103.0,31.0,2.0,0.0,2.0,G2,,13,SEN,,5,0,VCT Americas
1949,0,Split,Zellsis,SEN,Viper,0.55,133.0,7,15,1,-8,61.0,98.0,14.0,2.0,2.0,0.0,G2,,13,SEN,,5,0,VCT Americas
1950,2,Icebox,leaf,G2,Killjoy,1.26,288.0,24,18,2,6,75.0,189.0,29.0,3.0,0.0,3.0,G2,,11,SEN,,13,0,VCT Americas
1951,2,Icebox,trent,G2,Tejo,1.15,232.0,19,15,6,4,75.0,154.0,16.0,3.0,3.0,0.0,G2,,11,SEN,,13,0,VCT Americas
1952,2,Icebox,valyn,G2,Harbor,0.82,164.0,15,17,2,-2,58.0,105.0,38.0,2.0,3.0,-1.0,G2,,11,SEN,,13,0,VCT Americas
1953,2,Icebox,JonahP,G2,Viper,0.71,138.0,11,17,3,-6,67.0,89.0,20.0,4.0,3.0,1.0,G2,,11,SEN,,13,0,VCT Americas
1954,2,Icebox,jawgemo,G2,Gekko,0.62,117.0,9,18,9,-9,75.0,86.0,18.0,0.0,3.0,-3.0,G2,,11,SEN,,13,0,VCT Americas
1955,2,Icebox,Zellsis,SEN,Killjoy,1.37,241.0,20,14,7,6,75.0,169.0,36.0,5.0,2.0,3.0,G2,,11,SEN,,13,1,VCT Americas
1956,2,Icebox,bang,SEN,Viper,1.36,288.0,22,16,8,6,75.0,180.0,32.0,4.0,3.0,1.0,G2,,11,SEN,,13,1,VCT Americas
1957,2,Icebox,johnqt,SEN,Tejo,1.07,210.0,16,16,7,0,71.0,161.0,23.0,1.0,1.0,0.0,G2,,11,SEN,,13,1,VCT Americas
1958,2,Icebox,N4RRATE,SEN,Gekko,0.88,161.0,15,14,2,1,50.0,121.0,20.0,1.0,5.0,-4.0,G2,,11,SEN,,13,1,VCT Americas
1959,2,Icebox,zekken,SEN,Omen,0.81,135.0,12,18,16,-6,71.0,88.0,23.0,1.0,1.0,0.0,G2,,11,SEN,,13,1,VCT Americas
1960,3,Ascent,trent,G2,Tejo,1.22,262.0,20,17,11,3,79.0,178.0,22.0,1.0,1.0,0.0,G2,,11,SEN,,13,0,VCT Americas
1961,3,Ascent,leaf,G2,Vyse,1.12,195.0,19,14,5,5,67.0,114.0,18.0,1.0,0.0,1.0,G2,,11,SEN,,13,0,VCT Americas
1962,3,Ascent,valyn,G2,Omen,1.02,235.0,21,17,8,4,75.0,139.0,33.0,3.0,5.0,-2.0,G2,,11,SEN,,13,0,VCT Americas
1963,3,Ascent,jawgemo,G2,Waylay,0.97,187.0,15,15,6,0,75.0,119.0,10.0,5.0,7.0,-2.0,G2,,11,SEN,,13,0,VCT Americas
1964,3,Ascent,JonahP,G2,Kayo,0.86,139.0,9,15,18,-6,79.0,85.0,13.0,0.0,1.0,-1.0,G2,,11,SEN,,13,0,VCT Americas
1965,3,Ascent,bang,SEN,Omen,1.38,218.0,21,13,7,8,75.0,131.0,39.0,1.0,2.0,-1.0,G2,,11,SEN,,13,1,VCT Americas
1966,3,Ascent,johnqt,SEN,Kayo,1.08,182.0,15,16,12,-1,75.0,120.0,24.0,1.0,0.0,1.0,G2,,11,SEN,,13,1,VCT Americas
1967,3,Ascent,zekken,SEN,Jett,1.04,200.0,17,16,4,1,75.0,127.0,26.0,6.0,6.0,0.0,G2,,11,SEN,,13,1,VCT Americas
1968,3,Ascent,Zellsis,SEN,Vyse,0.89,170.0,13,19,11,-6,75.0,115.0,15.0,2.0,0.0,2.0,G2,,11,SEN,,13,1,VCT Americas
1969,3,Ascent,N4RRATE,SEN,Tejo,0.62,162.0,12,20,7,-8,63.0,102.0,25.0,4.0,2.0,2.0,G2,,11,SEN,,13,1,VCT Americas
1970,0,Fracture,zander,100T,Brimstone,2.24,386.0,28,7,8,21,94.0,228.0,23.0,5.0,1.0,4.0,100T,,13,NRG,,5,1,VCT Americas
1971,0,Fracture,Cryocells,100T,Chamber,1.45,185.0,15,8,3,7,89.0,146.0,26.0,2.0,1.0,1.0,100T,,13,NRG,,5,1,VCT Americas
1972,0,Fracture,Boostio,100T,Breach,1.3,204.0,14,10,16,4,89.0,138.0,28.0,0.0,0.0,0.0,100T,,13,NRG,,5,1,VCT Americas
1973,0,Fracture,Asuna,100T,Neon,0.97,246.0,15,15,11,0,78.0,150.0,29.0,5.0,2.0,3.0,100T,,13,NRG,,5,1,VCT Americas
1974,0,Fracture,eeiu,100T,Tejo,0.71,120.0,7,13,11,-6,94.0,96.0,14.0,0.0,2.0,-2.0,100T,,13,NRG,,5,1,VCT Americas
1975,0,Fracture,mada,NRG,Raze,1.05,231.0,14,15,6,-1,78.0,168.0,15.0,2.0,6.0,-4.0,100T,,13,NRG,,5,0,VCT Americas
1976,0,Fracture,Ethan,NRG,Breach,0.89,147.0,10,14,5,-4,83.0,104.0,24.0,2.0,0.0,2.0,100T,,13,NRG,,5,0,VCT Americas
1977,0,Fracture,brawk,NRG,Tejo,0.73,199.0,12,17,5,-5,83.0,135.0,21.0,0.0,2.0,-2.0,100T,,13,NRG,,5,0,VCT Americas
1978,0,Fracture,FiNESSE,NRG,Cypher,0.73,187.0,10,15,7,-5,72.0,136.0,22.0,0.0,2.0,-2.0,100T,,13,NRG,,5,0,VCT Americas
1979,0,Fracture,s0m,NRG,Brimstone,0.46,140.0,7,18,10,-11,78.0,93.0,15.0,2.0,2.0,0.0,100T,,13,NRG,,5,0,VCT Americas
1980,2,Haven,zander,100T,Omen,1.69,275.0,26,13,6,13,88.0,179.0,30.0,2.0,0.0,2.0,100T,,13,NRG,,11,1,VCT Americas
1981,2,Haven,Asuna,100T,Neon,1.11,247.0,21,19,6,2,83.0,168.0,30.0,5.0,3.0,2.0,100T,,13,NRG,,11,1,VCT Americas
1982,2,Haven,eeiu,100T,Sova,1.06,147.0,14,14,6,0,79.0,99.0,10.0,0.0,0.0,0.0,100T,,13,NRG,,11,1,VCT Americas
1983,2,Haven,Cryocells,100T,Iso,0.9,180.0,15,16,7,-1,63.0,124.0,34.0,3.0,6.0,-3.0,100T,,13,NRG,,11,1,VCT Americas
1984,2,Haven,Boostio,100T,Cypher,0.63,138.0,10,19,5,-9,67.0,104.0,30.0,2.0,3.0,-1.0,100T,,13,NRG,,11,1,VCT Americas
1985,2,Haven,s0m,NRG,Omen,1.18,249.0,20,17,12,3,79.0,163.0,33.0,2.0,1.0,1.0,100T,,13,NRG,,11,0,VCT Americas
1986,2,Haven,Ethan,NRG,Breach,0.99,194.0,17,17,7,0,71.0,124.0,24.0,1.0,1.0,0.0,100T,,13,NRG,,11,0,VCT Americas
1987,2,Haven,brawk,NRG,Tejo,0.99,207.0,17,18,6,-1,71.0,143.0,16.0,2.0,1.0,1.0,100T,,13,NRG,,11,0,VCT Americas
1988,2,Haven,mada,NRG,Jett,0.89,210.0,18,18,2,0,58.0,148.0,26.0,6.0,5.0,1.0,100T,,13,NRG,,11,0,VCT Americas
1989,2,Haven,FiNESSE,NRG,Cypher,0.69,140.0,9,16,15,-7,63.0,87.0,9.0,1.0,4.0,-3.0,100T,,13,NRG,,11,0,VCT Americas
1990,0,Fracture,v1c,C9,Brimstone,1.38,255.0,21,16,9,5,82.0,163.0,41.0,2.0,1.0,1.0,C9,,9,EG,,13,0,VCT Americas
1991,0,Fracture,mitch,C9,Breach,0.89,161.0,10,15,13,-5,68.0,108.0,21.0,2.0,2.0,0.0,C9,,9,EG,,13,0,VCT Americas
1992,0,Fracture,neT,C9,Cypher,0.89,201.0,15,19,10,-4,77.0,138.0,15.0,0.0,0.0,0.0,C9,,9,EG,,13,0,VCT Americas
1993,0,Fracture,OXY,C9,Neon,0.73,204.0,15,20,4,-5,68.0,142.0,26.0,7.0,6.0,1.0,C9,,9,EG,,13,0,VCT Americas
1994,0,Fracture,Xeppaa,C9,Tejo,0.56,117.0,9,17,5,-8,59.0,78.0,9.0,0.0,2.0,-2.0,C9,,9,EG,,13,0,VCT Americas
1995,0,Fracture,yay,EG,Cypher,1.42,327.0,26,17,4,9,73.0,201.0,38.0,5.0,2.0,3.0,C9,,9,EG,,13,1,VCT Americas
1996,0,Fracture,supamen,EG,Brimstone,1.2,224.0,16,13,12,3,77.0,147.0,26.0,0.0,0.0,0.0,C9,,9,EG,,13,1,VCT Americas
1997,0,Fracture,icy,EG,Raze,1.17,283.0,23,18,5,5,86.0,176.0,20.0,4.0,5.0,-1.0,C9,,9,EG,,13,1,VCT Americas
1998,0,Fracture,Derrek,EG,Tejo,1.0,127.0,12,11,5,1,77.0,86.0,29.0,1.0,3.0,-2.0,C9,,9,EG,,13,1,VCT Americas
1999,0,Fracture,NaturE,EG,Breach,0.83,125.0,10,12,9,-2,77.0,82.0,18.0,1.0,1.0,0.0,C9,,9,EG,,13,1,VCT Americas
2000,2,Icebox,mitch,C9,Harbor,1.45,252.0,25,16,11,9,64.0,167.0,22.0,1.0,4.0,-3.0,C9,,13,EG,,15,0,VCT Americas
2001,2,Icebox,Xeppaa,C9,Sova,1.16,222.0,19,19,10,0,61.0,148.0,20.0,2.0,1.0,1.0,C9,,13,EG,,15,0,VCT Americas
2002,2,Icebox,OXY,C9,Jett,1.03,250.0,25,26,1,-1,68.0,158.0,34.0,7.0,6.0,1.0,C9,,13,EG,,15,0,VCT Americas
2003,2,Icebox,v1c,C9,Viper,0.68,131.0,13,21,3,-8,57.0,94.0,35.0,1.0,2.0,-1.0,C9,,13,EG,,15,0,VCT Americas
2004,2,Icebox,neT,C9,Killjoy,0.39,119.0,12,24,3,-12,54.0,77.0,33.0,2.0,2.0,0.0,C9,,13,EG,,15,0,VCT Americas
2005,2,Icebox,yay,EG,Jett,1.35,263.0,27,18,3,9,79.0,172.0,26.0,8.0,4.0,4.0,C9,,13,EG,,15,1,VCT Americas
2006,2,Icebox,icy,EG,Killjoy,1.34,267.0,28,18,3,10,71.0,181.0,35.0,3.0,4.0,-1.0,C9,,13,EG,,15,1,VCT Americas
2007,2,Icebox,Derrek,EG,Sova,0.93,192.0,19,17,4,2,71.0,130.0,26.0,0.0,0.0,0.0,C9,,13,EG,,15,1,VCT Americas
2008,2,Icebox,supamen,EG,Viper,0.81,159.0,16,19,9,-3,71.0,109.0,39.0,0.0,0.0,0.0,C9,,13,EG,,15,1,VCT Americas
2009,2,Icebox,NaturE,EG,Kayo,0.75,183.0,16,22,14,-6,68.0,125.0,25.0,4.0,5.0,-1.0,C9,,13,EG,,15,1,VCT Americas
2010,0,Haven,trent,G2,Tejo,2.16,318.0,20,5,9,15,94.0,215.0,49.0,0.0,0.0,0.0,G2,,13,100T,,4,1,VCT Americas
2011,0,Haven,valyn,G2,Astra,1.46,262.0,19,9,6,10,94.0,134.0,25.0,5.0,0.0,5.0,G2,,13,100T,,4,1,VCT Americas
2012,0,Haven,JonahP,G2,Breach,1.27,152.0,10,6,11,4,82.0,89.0,15.0,0.0,1.0,-1.0,G2,,13,100T,,4,1,VCT Americas
2013,0,Haven,jawgemo,G2,Yoru,0.91,188.0,10,11,8,-1,88.0,124.0,23.0,6.0,3.0,3.0,G2,,13,100T,,4,1,VCT Americas
2014,0,Haven,leaf,G2,Vyse,0.8,170.0,9,11,4,-2,65.0,117.0,9.0,2.0,0.0,2.0,G2,,13,100T,,4,1,VCT Americas
2015,0,Haven,eeiu,100T,Sova,1.5,280.0,16,11,1,5,71.0,199.0,38.0,1.0,3.0,-2.0,G2,,13,100T,,4,0,VCT Americas
2016,0,Haven,zander,100T,Omen,0.62,132.0,7,12,4,-5,65.0,80.0,28.0,2.0,3.0,-1.0,G2,,13,100T,,4,0,VCT Americas
2017,0,Haven,Asuna,100T,Neon,0.51,131.0,6,14,4,-8,65.0,87.0,11.0,1.0,3.0,-2.0,G2,,13,100T,,4,0,VCT Americas
2018,0,Haven,Cryocells,100T,Iso,0.5,131.0,8,15,3,-7,65.0,97.0,35.0,0.0,2.0,-2.0,G2,,13,100T,,4,0,VCT Americas
2019,0,Haven,Boostio,100T,Cypher,0.26,99.0,5,16,2,-11,53.0,69.0,30.0,0.0,2.0,-2.0,G2,,13,100T,,4,0,VCT Americas
2020,2,Split,jawgemo,G2,Yoru,1.23,268.0,22,18,5,4,62.0,167.0,20.0,5.0,2.0,3.0,G2,,12,100T,,14,0,VCT Americas
2021,2,Split,trent,G2,Tejo,1.04,192.0,16,16,7,0,77.0,131.0,34.0,0.0,2.0,-2.0,G2,,12,100T,,14,0,VCT Americas
2022,2,Split,leaf,G2,Viper,1.01,232.0,21,19,8,2,62.0,151.0,18.0,5.0,5.0,0.0,G2,,12,100T,,14,0,VCT Americas
2023,2,Split,JonahP,G2,Breach,0.84,167.0,16,19,7,-3,65.0,111.0,22.0,2.0,2.0,0.0,G2,,12,100T,,14,0,VCT Americas
2024,2,Split,valyn,G2,Omen,0.6,133.0,12,20,8,-8,65.0,88.0,18.0,1.0,2.0,-1.0,G2,,12,100T,,14,0,VCT Americas
2025,2,Split,zander,100T,Astra,1.26,210.0,18,15,10,3,85.0,132.0,32.0,1.0,2.0,-1.0,G2,,12,100T,,14,1,VCT Americas
2026,2,Split,Cryocells,100T,Sage,1.24,233.0,23,17,8,6,69.0,157.0,18.0,2.0,1.0,1.0,G2,,12,100T,,14,1,VCT Americas
2027,2,Split,Boostio,100T,Breach,1.1,189.0,16,17,8,-1,81.0,131.0,31.0,3.0,1.0,2.0,G2,,12,100T,,14,1,VCT Americas
2028,2,Split,eeiu,100T,Tejo,0.9,165.0,15,17,6,-2,69.0,114.0,29.0,1.0,1.0,0.0,G2,,12,100T,,14,1,VCT Americas
2029,2,Split,Asuna,100T,Raze,0.82,213.0,20,21,4,-1,58.0,138.0,23.0,6.0,8.0,-2.0,G2,,12,100T,,14,1,VCT Americas
2030,3,Pearl,leaf,G2,Vyse,1.4,290.0,29,21,14,8,80.0,192.0,21.0,10.0,4.0,6.0,G2,,16,100T,,14,1,VCT Americas
2031,3,Pearl,trent,G2,Tejo,1.28,222.0,25,19,7,6,77.0,149.0,28.0,2.0,0.0,2.0,G2,,16,100T,,14,1,VCT Americas
2032,3,Pearl,valyn,G2,Astra,1.08,204.0,24,20,10,4,80.0,123.0,22.0,2.0,2.0,0.0,G2,,16,100T,,14,1,VCT Americas
2033,3,Pearl,jawgemo,G2,Yoru,0.98,216.0,22,22,12,0,73.0,134.0,24.0,4.0,4.0,0.0,G2,,16,100T,,14,1,VCT Americas
2034,3,Pearl,JonahP,G2,Fade,0.9,155.0,15,20,18,-5,80.0,105.0,20.0,1.0,1.0,0.0,G2,,16,100T,,14,1,VCT Americas
2035,3,Pearl,Cryocells,100T,Yoru,1.23,253.0,30,24,4,6,67.0,160.0,25.0,3.0,5.0,-2.0,G2,,16,100T,,14,0,VCT Americas
2036,3,Pearl,zander,100T,Astra,1.0,207.0,23,22,11,1,73.0,144.0,17.0,0.0,2.0,-2.0,G2,,16,100T,,14,0,VCT Americas
2037,3,Pearl,eeiu,100T,Fade,0.83,146.0,15,21,13,-6,67.0,104.0,55.0,1.0,3.0,-2.0,G2,,16,100T,,14,0,VCT Americas
2038,3,Pearl,Asuna,100T,Neon,0.77,197.0,18,25,11,-7,73.0,132.0,23.0,5.0,3.0,2.0,G2,,16,100T,,14,0,VCT Americas
2039,3,Pearl,Boostio,100T,Killjoy,0.63,159.0,16,23,2,-7,53.0,108.0,42.0,2.0,6.0,-4.0,G2,,16,100T,,14,0,VCT Americas
2040,0,Lotus,keznit,KRÜ,Neon,1.23,263.0,25,19,5,6,73.0,170.0,22.0,5.0,6.0,-1.0,KRU,,12,EG,,14,0,VCT Americas
2041,0,Lotus,Shyy,KRÜ,Vyse,1.19,241.0,22,19,9,3,88.0,152.0,21.0,3.0,0.0,3.0,KRU,,12,EG,,14,0,VCT Americas
2042,0,Lotus,Melser,KRÜ,Omen,1.02,172.0,17,17,11,0,88.0,107.0,18.0,0.0,2.0,-2.0,KRU,,12,EG,,14,0,VCT Americas
2043,0,Lotus,Mazino,KRÜ,Breach,0.82,160.0,14,20,17,-6,81.0,103.0,29.0,2.0,3.0,-1.0,KRU,,12,EG,,14,0,VCT Americas
2044,0,Lotus,adverso,KRÜ,Tejo,0.75,171.0,14,20,6,-6,81.0,113.0,18.0,2.0,3.0,-1.0,KRU,,12,EG,,14,0,VCT Americas
2045,0,Lotus,icy,EG,Raze,1.37,267.0,23,16,5,7,62.0,188.0,27.0,7.0,4.0,3.0,KRU,,12,EG,,14,1,VCT Americas
2046,0,Lotus,Derrek,EG,Tejo,1.28,220.0,21,15,11,6,81.0,160.0,39.0,0.0,0.0,0.0,KRU,,12,EG,,14,1,VCT Americas
2047,0,Lotus,NaturE,EG,Fade,1.04,219.0,20,21,12,-1,88.0,128.0,30.0,2.0,0.0,2.0,KRU,,12,EG,,14,1,VCT Americas
2048,0,Lotus,yay,EG,Clove,0.94,207.0,19,21,5,-2,77.0,136.0,35.0,4.0,6.0,-2.0,KRU,,12,EG,,14,1,VCT Americas
2049,0,Lotus,supamen,EG,Viper,0.55,138.0,12,20,3,-8,54.0,108.0,33.0,1.0,2.0,-1.0,KRU,,12,EG,,14,1,VCT Americas
2050,2,Icebox,Mazino,KRÜ,Harbor,1.21,263.0,23,18,6,5,79.0,169.0,28.0,2.0,6.0,-4.0,KRU,,11,EG,,13,0,VCT Americas
2051,2,Icebox,Shyy,KRÜ,Killjoy,1.19,215.0,22,15,3,7,79.0,144.0,21.0,3.0,1.0,2.0,KRU,,11,EG,,13,0,VCT Americas
2052,2,Icebox,keznit,KRÜ,Jett,1.13,216.0,17,17,8,0,71.0,142.0,15.0,4.0,2.0,2.0,KRU,,11,EG,,13,0,VCT Americas
2053,2,Icebox,adverso,KRÜ,Sova,0.99,182.0,15,15,9,0,71.0,128.0,30.0,1.0,2.0,-1.0,KRU,,11,EG,,13,0,VCT Americas
2054,2,Icebox,Melser,KRÜ,Viper,0.73,153.0,13,20,10,-7,92.0,119.0,25.0,1.0,2.0,-1.0,KRU,,11,EG,,13,0,VCT Americas
2055,2,Icebox,yay,EG,Jett,1.26,257.0,22,17,4,5,71.0,157.0,19.0,9.0,5.0,4.0,KRU,,11,EG,,13,1,VCT Americas
2056,2,Icebox,icy,EG,Killjoy,0.96,242.0,21,20,3,1,67.0,164.0,30.0,3.0,1.0,2.0,KRU,,11,EG,,13,1,VCT Americas
2057,2,Icebox,NaturE,EG,Kayo,0.86,170.0,16,18,10,-2,67.0,109.0,18.0,1.0,2.0,-1.0,KRU,,11,EG,,13,1,VCT Americas
2058,2,Icebox,supamen,EG,Viper,0.84,171.0,14,17,5,-3,79.0,113.0,46.0,0.0,1.0,-1.0,KRU,,11,EG,,13,1,VCT Americas
2059,2,Icebox,Derrek,EG,Sova,0.82,157.0,12,18,6,-6,71.0,120.0,50.0,0.0,2.0,-2.0,KRU,,11,EG,,13,1,VCT Americas
2060,0,Lotus,JonahP,G2,Breach,1.35,253.0,19,17,17,2,82.0,151.0,13.0,2.0,2.0,0.0,G2,,9,EG,,13,0,VCT Americas
2061,0,Lotus,jawgemo,G2,Yoru,1.17,298.0,22,17,2,5,77.0,179.0,31.0,5.0,2.0,3.0,G2,,9,EG,,13,0,VCT Americas
2062,0,Lotus,valyn,G2,Omen,0.84,169.0,12,16,10,-4,64.0,119.0,11.0,1.0,2.0,-1.0,G2,,9,EG,,13,0,VCT Americas
2063,0,Lotus,trent,G2,Tejo,0.81,193.0,16,19,5,-3,68.0,112.0,36.0,4.0,0.0,4.0,G2,,9,EG,,13,0,VCT Americas
2064,0,Lotus,leaf,G2,Viper,0.62,144.0,10,17,9,-7,55.0,101.0,18.0,0.0,4.0,-4.0,G2,,9,EG,,13,0,VCT Americas
2065,0,Lotus,supamen,EG,Viper,1.26,245.0,19,15,7,4,68.0,163.0,46.0,2.0,3.0,-1.0,G2,,9,EG,,13,1,VCT Americas
2066,0,Lotus,yay,EG,Clove,1.2,310.0,25,20,6,5,73.0,209.0,52.0,1.0,3.0,-2.0,G2,,9,EG,,13,1,VCT Americas
2067,0,Lotus,NaturE,EG,Fade,1.06,186.0,14,14,6,0,73.0,129.0,24.0,0.0,0.0,0.0,G2,,9,EG,,13,1,VCT Americas
2068,0,Lotus,Derrek,EG,Tejo,1.04,170.0,14,14,5,0,73.0,111.0,25.0,2.0,0.0,2.0,G2,,9,EG,,13,1,VCT Americas
2069,0,Lotus,icy,EG,Raze,0.8,193.0,14,17,5,-3,59.0,115.0,21.0,5.0,6.0,-1.0,G2,,9,EG,,13,1,VCT Americas
2070,2,Split,leaf,G2,Viper,1.78,386.0,28,12,6,16,90.0,209.0,19.0,5.0,3.0,2.0,G2,,13,EG,,7,1,VCT Americas
2071,2,Split,trent,G2,Tejo,1.36,219.0,16,10,6,6,90.0,168.0,32.0,1.0,0.0,1.0,G2,,13,EG,,7,1,VCT Americas
2072,2,Split,jawgemo,G2,Yoru,1.05,249.0,18,15,1,3,80.0,151.0,23.0,4.0,3.0,1.0,G2,,13,EG,,7,1,VCT Americas
2073,2,Split,JonahP,G2,Breach,0.97,184.0,13,12,8,1,75.0,116.0,19.0,0.0,2.0,-2.0,G2,,13,EG,,7,1,VCT Americas
2074,2,Split,valyn,G2,Omen,0.74,119.0,8,12,12,-4,75.0,74.0,16.0,1.0,1.0,0.0,G2,,13,EG,,7,1,VCT Americas
2075,2,Split,icy,EG,Raze,1.35,302.0,20,17,1,3,75.0,189.0,21.0,3.0,2.0,1.0,G2,,13,EG,,7,0,VCT Americas
2076,2,Split,Derrek,EG,Tejo,0.89,183.0,13,15,3,-2,70.0,124.0,36.0,2.0,1.0,1.0,G2,,13,EG,,7,0,VCT Americas
2077,2,Split,yay,EG,Astra,0.87,197.0,15,17,6,-2,65.0,121.0,37.0,2.0,2.0,0.0,G2,,13,EG,,7,0,VCT Americas
2078,2,Split,supamen,EG,Viper,0.58,138.0,8,17,5,-9,60.0,85.0,29.0,2.0,4.0,-2.0,G2,,13,EG,,7,0,VCT Americas
2079,2,Split,NaturE,EG,Breach,0.33,76.0,5,17,7,-12,70.0,48.0,25.0,0.0,2.0,-2.0,G2,,13,EG,,7,0,VCT Americas
2080,3,Pearl,leaf,G2,Vyse,1.38,248.0,21,12,7,9,83.0,162.0,24.0,2.0,3.0,-1.0,G2,,13,EG,,11,1,VCT Americas
2081,3,Pearl,trent,G2,Tejo,1.34,233.0,23,14,5,9,79.0,154.0,25.0,2.0,4.0,-2.0,G2,,13,EG,,11,1,VCT Americas
2082,3,Pearl,valyn,G2,Astra,1.11,211.0,20,17,6,3,75.0,135.0,27.0,0.0,0.0,0.0,G2,,13,EG,,11,1,VCT Americas
2083,3,Pearl,JonahP,G2,Fade,1.01,174.0,13,16,15,-3,75.0,113.0,16.0,0.0,3.0,-3.0,G2,,13,EG,,11,1,VCT Americas
2084,3,Pearl,jawgemo,G2,Yoru,0.62,200.0,15,22,7,-7,75.0,125.0,16.0,7.0,3.0,4.0,G2,,13,EG,,11,1,VCT Americas
2085,3,Pearl,supamen,EG,Astra,1.3,214.0,19,15,8,4,67.0,132.0,51.0,2.0,0.0,2.0,G2,,13,EG,,11,0,VCT Americas
2086,3,Pearl,yay,EG,Jett,0.95,222.0,18,19,4,-1,54.0,143.0,29.0,6.0,3.0,3.0,G2,,13,EG,,11,0,VCT Americas
2087,3,Pearl,NaturE,EG,Vyse,0.83,165.0,13,17,7,-4,71.0,104.0,20.0,1.0,3.0,-2.0,G2,,13,EG,,11,0,VCT Americas
2088,3,Pearl,Derrek,EG,Tejo,0.83,185.0,14,19,7,-5,58.0,129.0,28.0,0.0,1.0,-1.0,G2,,13,EG,,11,0,VCT Americas
2089,3,Pearl,icy,EG,Yoru,0.66,198.0,17,22,4,-5,63.0,140.0,26.0,4.0,4.0,0.0,G2,,13,EG,,11,0,VCT Americas
2090,0,Haven,xenom,MIBR,Omen,1.38,245.0,20,12,9,8,78.0,170.0,33.0,1.0,1.0,0.0,MIBR,,13,G2,,10,1,VCT Americas
2091,0,Haven,artzin,MIBR,Breach,1.26,256.0,20,14,12,6,70.0,170.0,34.0,2.0,3.0,-1.0,MIBR,,13,G2,,10,1,VCT Americas
2092,0,Haven,aspas,MIBR,Jett,1.01,174.0,14,13,3,1,78.0,101.0,41.0,4.0,2.0,2.0,MIBR,,13,G2,,10,1,VCT Americas
2093,0,Haven,Verno,MIBR,Tejo,0.95,163.0,14,13,3,1,65.0,123.0,25.0,0.0,1.0,-1.0,MIBR,,13,G2,,10,1,VCT Americas
2094,0,Haven,cortezia,MIBR,Cypher,0.62,151.0,14,18,3,-4,70.0,99.0,24.0,4.0,5.0,-1.0,MIBR,,13,G2,,10,1,VCT Americas
2095,0,Haven,leaf,G2,Vyse,1.11,232.0,18,18,5,0,74.0,160.0,22.0,5.0,0.0,5.0,MIBR,,13,G2,,10,0,VCT Americas
2096,0,Haven,valyn,G2,Astra,1.09,217.0,18,16,7,2,65.0,144.0,47.0,3.0,3.0,0.0,MIBR,,13,G2,,10,0,VCT Americas
2097,0,Haven,jawgemo,G2,Yoru,1.05,183.0,16,16,2,0,70.0,140.0,34.0,2.0,4.0,-2.0,MIBR,,13,G2,,10,0,VCT Americas
2098,0,Haven,trent,G2,Tejo,0.93,156.0,10,14,12,-4,74.0,115.0,20.0,0.0,3.0,-3.0,MIBR,,13,G2,,10,0,VCT Americas
2099,0,Haven,JonahP,G2,Breach,0.68,123.0,8,18,7,-10,70.0,82.0,10.0,2.0,1.0,1.0,MIBR,,13,G2,,10,0,VCT Americas
2100,2,Lotus,aspas,MIBR,Neon,1.41,305.0,30,20,5,10,75.0,187.0,24.0,10.0,5.0,5.0,MIBR,,13,G2,,15,0,VCT Americas
2101,2,Lotus,Verno,MIBR,Tejo,1.05,197.0,19,18,6,1,86.0,139.0,25.0,1.0,0.0,1.0,MIBR,,13,G2,,15,0,VCT Americas
2102,2,Lotus,artzin,MIBR,Breach,0.96,200.0,17,23,16,-6,79.0,134.0,24.0,1.0,1.0,0.0,MIBR,,13,G2,,15,0,VCT Americas
2103,2,Lotus,xenom,MIBR,Viper,0.86,214.0,21,20,2,1,61.0,141.0,43.0,2.0,3.0,-1.0,MIBR,,13,G2,,15,0,VCT Americas
2104,2,Lotus,cortezia,MIBR,Omen,0.66,135.0,15,22,5,-7,71.0,84.0,41.0,4.0,1.0,3.0,MIBR,,13,G2,,15,0,VCT Americas
2105,2,Lotus,trent,G2,Tejo,1.66,301.0,28,17,12,11,89.0,196.0,27.0,2.0,1.0,1.0,MIBR,,13,G2,,15,1,VCT Americas
2106,2,Lotus,leaf,G2,Viper,1.05,238.0,24,23,7,1,79.0,149.0,31.0,3.0,5.0,-2.0,MIBR,,13,G2,,15,1,VCT Americas
2107,2,Lotus,jawgemo,G2,Yoru,0.91,200.0,21,19,6,2,71.0,126.0,26.0,4.0,5.0,-1.0,MIBR,,13,G2,,15,1,VCT Americas
2108,2,Lotus,valyn,G2,Omen,0.79,177.0,16,21,6,-5,71.0,125.0,23.0,1.0,6.0,-5.0,MIBR,,13,G2,,15,1,VCT Americas
2109,2,Lotus,JonahP,G2,Breach,0.73,158.0,14,22,14,-8,64.0,107.0,14.0,0.0,1.0,-1.0,MIBR,,13,G2,,15,1,VCT Americas
2110,3,Split,aspas,MIBR,Jett,1.45,269.0,21,15,4,6,61.0,159.0,30.0,6.0,6.0,0.0,MIBR,,10,G2,,13,0,VCT Americas
2111,3,Split,Verno,MIBR,Tejo,1.1,196.0,16,15,3,1,65.0,129.0,11.0,1.0,1.0,0.0,MIBR,,10,G2,,13,0,VCT Americas
2112,3,Split,cortezia,MIBR,Omen,0.71,180.0,14,19,5,-5,70.0,121.0,32.0,1.0,3.0,-2.0,MIBR,,10,G2,,13,0,VCT Americas
2113,3,Split,artzin,MIBR,Breach,0.61,141.0,10,19,9,-9,57.0,104.0,34.0,0.0,2.0,-2.0,MIBR,,10,G2,,13,0,VCT Americas
2114,3,Split,xenom,MIBR,Viper,0.32,71.0,6,16,3,-10,52.0,51.0,25.0,0.0,3.0,-3.0,MIBR,,10,G2,,13,0,VCT Americas
2115,3,Split,trent,G2,Tejo,1.3,227.0,18,11,10,7,91.0,161.0,24.0,2.0,1.0,1.0,MIBR,,10,G2,,13,1,VCT Americas
2116,3,Split,leaf,G2,Viper,1.21,245.0,20,15,5,5,78.0,171.0,30.0,2.0,1.0,1.0,MIBR,,10,G2,,13,1,VCT Americas
2117,3,Split,valyn,G2,Omen,1.04,199.0,18,14,5,4,74.0,125.0,31.0,1.0,4.0,-3.0,MIBR,,10,G2,,13,1,VCT Americas
2118,3,Split,jawgemo,G2,Yoru,1.03,218.0,17,15,6,2,78.0,141.0,26.0,6.0,2.0,4.0,MIBR,,10,G2,,13,1,VCT Americas
2119,3,Split,JonahP,G2,Breach,0.98,155.0,11,12,15,-1,83.0,83.0,17.0,4.0,0.0,4.0,MIBR,,10,G2,,13,1,VCT Americas
2120,4,Ascent,Verno,MIBR,Tejo,1.26,278.0,21,15,6,6,67.0,180.0,34.0,1.0,1.0,0.0,MIBR,,8,G2,,13,0,VCT Americas
2121,4,Ascent,xenom,MIBR,Omen,1.12,207.0,16,15,8,1,67.0,140.0,40.0,0.0,3.0,-3.0,MIBR,,8,G2,,13,0,VCT Americas
2122,4,Ascent,aspas,MIBR,Jett,0.87,178.0,13,16,3,-3,62.0,117.0,29.0,3.0,4.0,-1.0,MIBR,,8,G2,,13,0,VCT Americas
2123,4,Ascent,cortezia,MIBR,Vyse,0.61,184.0,14,18,4,-4,62.0,123.0,27.0,2.0,2.0,0.0,MIBR,,8,G2,,13,0,VCT Americas
2124,4,Ascent,artzin,MIBR,Kayo,0.42,118.0,6,18,10,-12,57.0,80.0,14.0,0.0,5.0,-5.0,MIBR,,8,G2,,13,0,VCT Americas
2125,4,Ascent,valyn,G2,Omen,1.61,296.0,24,14,10,10,90.0,178.0,23.0,1.0,1.0,0.0,MIBR,,8,G2,,13,1,VCT Americas
2126,4,Ascent,leaf,G2,Vyse,1.51,343.0,25,14,9,11,90.0,206.0,24.0,4.0,2.0,2.0,MIBR,,8,G2,,13,1,VCT Americas
2127,4,Ascent,JonahP,G2,Kayo,1.01,162.0,11,13,19,-2,81.0,102.0,18.0,3.0,0.0,3.0,MIBR,,8,G2,,13,1,VCT Americas
2128,4,Ascent,trent,G2,Tejo,0.91,132.0,10,12,8,-2,67.0,96.0,24.0,3.0,2.0,1.0,MIBR,,8,G2,,13,1,VCT Americas
2129,4,Ascent,jawgemo,G2,Waylay,0.61,152.0,12,17,3,-5,71.0,76.0,19.0,4.0,1.0,3.0,MIBR,,8,G2,,13,1,VCT Americas
2130,0,Fracture,adverso,KRÜ,Tejo,0.86,176.0,9,13,3,-4,56.0,133.0,18.0,2.0,1.0,1.0,KRU,,3,LOUD,,13,0,VCT Americas
2131,0,Fracture,Melser,KRÜ,Brimstone,0.7,183.0,11,16,3,-5,69.0,99.0,13.0,2.0,1.0,1.0,KRU,,3,LOUD,,13,0,VCT Americas
2132,0,Fracture,keznit,KRÜ,Raze,0.6,172.0,8,15,5,-7,63.0,112.0,26.0,1.0,3.0,-2.0,KRU,,3,LOUD,,13,0,VCT Americas
2133,0,Fracture,Shyy,KRÜ,Vyse,0.56,120.0,7,14,1,-7,44.0,73.0,20.0,1.0,0.0,1.0,KRU,,3,LOUD,,13,0,VCT Americas
2134,0,Fracture,Mazino,KRÜ,Breach,0.22,103.0,5,16,3,-11,44.0,78.0,21.0,0.0,5.0,-5.0,KRU,,3,LOUD,,13,0,VCT Americas
2135,0,Fracture,cauanzin,LOUD,Tejo,1.79,290.0,18,6,7,12,88.0,203.0,31.0,3.0,1.0,2.0,KRU,,3,LOUD,,13,1,VCT Americas
2136,0,Fracture,dgzin,LOUD,Neon,1.53,276.0,17,9,5,8,94.0,167.0,29.0,2.0,0.0,2.0,KRU,,3,LOUD,,13,1,VCT Americas
2137,0,Fracture,pANcada,LOUD,Brimstone,1.49,217.0,11,7,11,4,100.0,155.0,29.0,2.0,2.0,0.0,KRU,,3,LOUD,,13,1,VCT Americas
2138,0,Fracture,tuyz,LOUD,Cypher,1.39,243.0,13,6,12,7,100.0,158.0,18.0,2.0,2.0,0.0,KRU,,3,LOUD,,13,1,VCT Americas
2139,0,Fracture,v1nny,LOUD,Breach,1.17,232.0,15,12,12,3,88.0,145.0,30.0,1.0,1.0,0.0,KRU,,3,LOUD,,13,1,VCT Americas
2140,2,Haven,keznit,KRÜ,Yoru,1.87,350.0,20,9,6,11,87.0,219.0,25.0,6.0,1.0,5.0,KRU,,13,LOUD,,2,0,VCT Americas
2141,2,Haven,Mazino,KRÜ,Breach,1.58,253.0,14,8,10,6,100.0,175.0,23.0,1.0,0.0,1.0,KRU,,13,LOUD,,2,0,VCT Americas
2142,2,Haven,Melser,KRÜ,Omen,1.56,262.0,14,6,9,8,93.0,139.0,25.0,2.0,1.0,1.0,KRU,,13,LOUD,,2,0,VCT Americas
2143,2,Haven,Shyy,KRÜ,Cypher,1.16,215.0,14,8,3,6,80.0,133.0,17.0,1.0,2.0,-1.0,KRU,,13,LOUD,,2,0,VCT Americas
2144,2,Haven,adverso,KRÜ,Tejo,0.9,134.0,7,7,3,0,93.0,87.0,6.0,0.0,1.0,-1.0,KRU,,13,LOUD,,2,0,VCT Americas
2145,2,Haven,pANcada,LOUD,Omen,1.1,239.0,12,13,5,-1,80.0,162.0,44.0,1.0,0.0,1.0,KRU,,13,LOUD,,2,0,VCT Americas
2146,2,Haven,dgzin,LOUD,Jett,0.87,231.0,11,14,2,-3,67.0,152.0,24.0,3.0,4.0,-1.0,KRU,,13,LOUD,,2,0,VCT Americas
2147,2,Haven,tuyz,LOUD,Cypher,0.58,131.0,7,13,2,-6,60.0,100.0,39.0,1.0,1.0,0.0,KRU,,13,LOUD,,2,0,VCT Americas
2148,2,Haven,cauanzin,LOUD,Sova,0.27,126.0,6,14,0,-8,47.0,82.0,20.0,0.0,3.0,-3.0,KRU,,13,LOUD,,2,0,VCT Americas
2149,2,Haven,v1nny,LOUD,Breach,0.1,50.0,2,15,4,-13,47.0,34.0,27.0,0.0,2.0,-2.0,KRU,,13,LOUD,,2,0,VCT Americas
2150,3,Split,Shyy,KRÜ,Viper,1.38,211.0,18,12,9,6,78.0,151.0,28.0,2.0,1.0,1.0,KRU,,13,LOUD,,10,0,VCT Americas
2151,3,Split,keznit,KRÜ,Jett,1.26,285.0,25,14,2,11,78.0,167.0,18.0,5.0,3.0,2.0,KRU,,13,LOUD,,10,0,VCT Americas
2152,3,Split,Melser,KRÜ,Omen,1.19,182.0,14,13,11,1,74.0,118.0,26.0,1.0,2.0,-1.0,KRU,,13,LOUD,,10,0,VCT Americas
2153,3,Split,Mazino,KRÜ,Breach,1.15,194.0,15,15,13,0,83.0,119.0,17.0,3.0,0.0,3.0,KRU,,13,LOUD,,10,0,VCT Americas
2154,3,Split,adverso,KRÜ,Tejo,0.89,221.0,16,18,7,-2,74.0,159.0,26.0,2.0,4.0,-2.0,KRU,,13,LOUD,,10,0,VCT Americas
2155,3,Split,cauanzin,LOUD,Tejo,0.99,215.0,16,16,4,0,61.0,152.0,19.0,2.0,5.0,-3.0,KRU,,13,LOUD,,10,0,VCT Americas
2156,3,Split,dgzin,LOUD,Raze,0.77,164.0,13,17,3,-4,57.0,107.0,32.0,2.0,2.0,0.0,KRU,,13,LOUD,,10,0,VCT Americas
2157,3,Split,pANcada,LOUD,Astra,0.77,186.0,16,19,4,-3,61.0,121.0,41.0,1.0,3.0,-2.0,KRU,,13,LOUD,,10,0,VCT Americas
2158,3,Split,v1nny,LOUD,Breach,0.76,149.0,11,17,4,-6,74.0,107.0,38.0,1.0,1.0,0.0,KRU,,13,LOUD,,10,0,VCT Americas
2159,3,Split,tuyz,LOUD,Viper,0.73,218.0,16,19,4,-3,57.0,149.0,19.0,4.0,2.0,2.0,KRU,,13,LOUD,,10,0,VCT Americas
2160,0,Haven,Zap,2G,Sova,1.11,182.0,17,15,5,2,75.0,123.0,14.0,0.0,0.0,0.0,2G,,11,EG,,13,0,VCT Americas
2161,0,Haven,gobera,2G,Cypher,1.06,231.0,20,18,2,2,58.0,160.0,35.0,5.0,2.0,3.0,2G,,11,EG,,13,0,VCT Americas
2162,0,Haven,Askia,2G,Yoru,1.01,229.0,19,19,5,0,63.0,165.0,28.0,3.0,2.0,1.0,2G,,11,EG,,13,0,VCT Americas
2163,0,Haven,lz,2G,Omen,0.82,168.0,15,18,12,-3,71.0,97.0,33.0,2.0,3.0,-1.0,2G,,11,EG,,13,0,VCT Americas
2164,0,Haven,silentzz,2G,Iso,0.66,208.0,18,23,3,-5,58.0,128.0,51.0,4.0,3.0,1.0,2G,,11,EG,,13,0,VCT Americas
2165,0,Haven,yay,EG,Cypher,1.33,276.0,25,16,0,9,79.0,183.0,32.0,3.0,2.0,1.0,2G,,11,EG,,13,1,VCT Americas
2166,0,Haven,NaturE,EG,Breach,1.28,241.0,20,18,17,2,92.0,146.0,19.0,0.0,3.0,-3.0,2G,,11,EG,,13,1,VCT Americas
2167,0,Haven,icy,EG,Waylay,0.91,217.0,19,20,5,-1,75.0,138.0,23.0,5.0,4.0,1.0,2G,,11,EG,,13,1,VCT Americas
2168,0,Haven,supamen,EG,Omen,0.91,182.0,16,18,7,-2,71.0,124.0,26.0,1.0,4.0,-3.0,2G,,11,EG,,13,1,VCT Americas
2169,0,Haven,Derrek,EG,Sova,0.9,175.0,13,17,11,-4,88.0,123.0,33.0,1.0,1.0,0.0,2G,,11,EG,,13,1,VCT Americas
2170,2,Lotus,Zap,2G,Sova,1.02,228.0,17,16,4,1,67.0,149.0,34.0,2.0,1.0,1.0,2G,,8,EG,,13,0,VCT Americas
2171,2,Lotus,silentzz,2G,Iso,0.93,238.0,16,19,3,-3,67.0,160.0,45.0,2.0,1.0,1.0,2G,,8,EG,,13,0,VCT Americas
2172,2,Lotus,Askia,2G,Raze,0.91,199.0,15,16,1,-1,57.0,147.0,33.0,2.0,4.0,-2.0,2G,,8,EG,,13,0,VCT Americas
2173,2,Lotus,gobera,2G,Cypher,0.91,175.0,13,13,2,0,62.0,117.0,38.0,2.0,2.0,0.0,2G,,8,EG,,13,0,VCT Americas
2174,2,Lotus,lz,2G,Omen,0.68,120.0,7,15,12,-8,57.0,76.0,26.0,1.0,4.0,-3.0,2G,,8,EG,,13,0,VCT Americas
2175,2,Lotus,NaturE,EG,Fade,1.19,222.0,17,13,8,4,67.0,129.0,22.0,3.0,1.0,2.0,2G,,8,EG,,13,1,VCT Americas
2176,2,Lotus,Derrek,EG,Tejo,1.15,179.0,13,11,6,2,76.0,123.0,38.0,4.0,2.0,2.0,2G,,8,EG,,13,1,VCT Americas
2177,2,Lotus,supamen,EG,Viper,1.12,211.0,15,14,6,1,71.0,145.0,27.0,1.0,1.0,0.0,2G,,8,EG,,13,1,VCT Americas
2178,2,Lotus,yay,EG,Clove,1.06,227.0,18,17,7,1,81.0,168.0,33.0,0.0,3.0,-3.0,2G,,8,EG,,13,1,VCT Americas
2179,2,Lotus,icy,EG,Raze,1.04,202.0,16,13,2,3,71.0,125.0,9.0,4.0,2.0,2.0,2G,,8,EG,,13,1,VCT Americas
2180,0,Pearl,Zellsis,SEN,Vyse,1.42,266.0,18,10,3,8,83.0,142.0,24.0,1.0,2.0,-1.0,SEN,,13,100T,,5,1,VCT Americas
2181,0,Pearl,johnqt,SEN,Tejo,1.42,230.0,16,9,3,7,83.0,156.0,17.0,3.0,1.0,2.0,SEN,,13,100T,,5,1,VCT Americas
2182,0,Pearl,N4RRATE,SEN,Fade,1.15,225.0,14,12,10,2,72.0,136.0,18.0,1.0,1.0,0.0,SEN,,13,100T,,5,1,VCT Americas
2183,0,Pearl,bang,SEN,Astra,1.01,170.0,11,12,10,-1,94.0,108.0,22.0,2.0,0.0,2.0,SEN,,13,100T,,5,1,VCT Americas
2184,0,Pearl,zekken,SEN,Yoru,0.99,213.0,13,12,8,1,67.0,136.0,29.0,2.0,5.0,-3.0,SEN,,13,100T,,5,1,VCT Americas
2185,0,Pearl,eeiu,100T,Fade,0.99,194.0,13,14,3,-1,78.0,123.0,36.0,0.0,0.0,0.0,SEN,,13,100T,,5,0,VCT Americas
2186,0,Pearl,Asuna,100T,Neon,0.94,210.0,13,15,6,-2,83.0,147.0,29.0,4.0,4.0,0.0,SEN,,13,100T,,5,0,VCT Americas
2187,0,Pearl,zander,100T,Astra,0.86,213.0,13,16,8,-3,89.0,137.0,37.0,2.0,0.0,2.0,SEN,,13,100T,,5,0,VCT Americas
2188,0,Pearl,Boostio,100T,Vyse,0.64,140.0,8,14,2,-6,50.0,97.0,22.0,2.0,2.0,0.0,SEN,,13,100T,,5,0,VCT Americas
2189,0,Pearl,Cryocells,100T,Yoru,0.63,129.0,8,13,5,-5,61.0,77.0,33.0,1.0,3.0,-2.0,SEN,,13,100T,,5,0,VCT Americas
2190,2,Haven,bang,SEN,Omen,1.38,242.0,18,13,8,5,64.0,155.0,40.0,2.0,2.0,0.0,SEN,,9,100T,,13,0,VCT Americas
2191,2,Haven,zekken,SEN,Yoru,0.9,214.0,15,18,4,-3,68.0,132.0,24.0,3.0,5.0,-2.0,SEN,,9,100T,,13,0,VCT Americas
2192,2,Haven,Zellsis,SEN,Cypher,0.82,163.0,12,16,2,-4,45.0,110.0,25.0,1.0,3.0,-2.0,SEN,,9,100T,,13,0,VCT Americas
2193,2,Haven,johnqt,SEN,Sova,0.61,118.0,8,18,3,-10,45.0,84.0,23.0,0.0,2.0,-2.0,SEN,,9,100T,,13,0,VCT Americas
2194,2,Haven,N4RRATE,SEN,Iso,0.6,135.0,9,18,8,-9,59.0,95.0,24.0,1.0,3.0,-2.0,SEN,,9,100T,,13,0,VCT Americas
2195,2,Haven,Cryocells,100T,Iso,1.6,276.0,24,11,10,13,91.0,179.0,32.0,4.0,0.0,4.0,SEN,,9,100T,,13,1,VCT Americas
2196,2,Haven,Asuna,100T,Neon,1.38,277.0,20,14,9,6,68.0,191.0,42.0,8.0,4.0,4.0,SEN,,9,100T,,13,1,VCT Americas
2197,2,Haven,eeiu,100T,Sova,1.23,218.0,18,11,4,7,77.0,141.0,26.0,0.0,0.0,0.0,SEN,,9,100T,,13,1,VCT Americas
2198,2,Haven,zander,100T,Omen,0.9,140.0,10,13,18,-3,73.0,81.0,16.0,1.0,1.0,0.0,SEN,,9,100T,,13,1,VCT Americas
2199,2,Haven,Boostio,100T,Cypher,0.76,151.0,11,13,3,-2,68.0,106.0,28.0,2.0,2.0,0.0,SEN,,9,100T,,13,1,VCT Americas
2200,3,Split,bang,SEN,Omen,1.64,254.0,13,5,4,8,86.0,155.0,43.0,1.0,1.0,0.0,SEN,,13,100T,,1,1,VCT Americas
2201,3,Split,Zellsis,SEN,Viper,1.63,266.0,15,4,3,11,86.0,165.0,21.0,2.0,1.0,1.0,SEN,,13,100T,,1,1,VCT Americas
2202,3,Split,johnqt,SEN,Tejo,1.61,247.0,14,6,6,8,100.0,170.0,25.0,1.0,0.0,1.0,SEN,,13,100T,,1,1,VCT Americas
2203,3,Split,N4RRATE,SEN,Breach,1.35,221.0,12,8,10,4,100.0,149.0,16.0,0.0,0.0,0.0,SEN,,13,100T,,1,1,VCT Americas
2204,3,Split,zekken,SEN,Yoru,1.13,253.0,12,9,5,3,71.0,151.0,20.0,4.0,4.0,0.0,SEN,,13,100T,,1,1,VCT Americas
2205,3,Split,Cryocells,100T,Sage,0.69,192.0,7,13,4,-6,64.0,139.0,18.0,0.0,0.0,0.0,SEN,,13,100T,,1,0,VCT Americas
2206,3,Split,eeiu,100T,Tejo,0.64,113.0,7,12,1,-5,57.0,70.0,25.0,1.0,1.0,0.0,SEN,,13,100T,,1,0,VCT Americas
2207,3,Split,Boostio,100T,Breach,0.53,145.0,7,13,4,-6,57.0,94.0,47.0,0.0,1.0,-1.0,SEN,,13,100T,,1,0,VCT Americas
2208,3,Split,Asuna,100T,Raze,0.49,163.0,6,15,3,-9,79.0,133.0,24.0,5.0,6.0,-1.0,SEN,,13,100T,,1,0,VCT Americas
2209,3,Split,zander,100T,Astra,0.38,103.0,5,13,3,-8,57.0,63.0,14.0,0.0,0.0,0.0,SEN,,13,100T,,1,0,VCT Americas
2210,0,Lotus,johnqt,SEN,Viper,1.19,205.0,15,12,5,3,80.0,135.0,23.0,0.0,0.0,0.0,SEN,,7,KRU,,13,0,VCT Americas
2211,0,Lotus,zekken,SEN,Raze,1.0,241.0,14,15,4,-1,75.0,159.0,23.0,5.0,6.0,-1.0,SEN,,7,KRU,,13,0,VCT Americas
2212,0,Lotus,bang,SEN,Omen,0.86,183.0,14,15,6,-1,60.0,118.0,29.0,2.0,3.0,-1.0,SEN,,7,KRU,,13,0,VCT Americas
2213,0,Lotus,Zellsis,SEN,Vyse,0.63,143.0,9,15,1,-6,45.0,99.0,23.0,1.0,3.0,-2.0,SEN,,7,KRU,,13,0,VCT Americas
2214,0,Lotus,N4RRATE,SEN,Fade,0.58,126.0,7,16,5,-9,70.0,84.0,15.0,0.0,0.0,0.0,SEN,,7,KRU,,13,0,VCT Americas
2215,0,Lotus,keznit,KRÜ,Yoru,1.44,261.0,19,12,9,7,75.0,157.0,31.0,5.0,3.0,2.0,SEN,,7,KRU,,13,0,VCT Americas
2216,0,Lotus,Mazino,KRÜ,Breach,1.36,237.0,17,12,10,5,80.0,156.0,36.0,1.0,1.0,0.0,SEN,,7,KRU,,13,0,VCT Americas
2217,0,Lotus,Shyy,KRÜ,Vyse,1.36,198.0,16,7,3,9,75.0,143.0,20.0,1.0,1.0,0.0,SEN,,7,KRU,,13,0,VCT Americas
2218,0,Lotus,Melser,KRÜ,Omen,1.0,193.0,14,15,8,-1,60.0,124.0,30.0,4.0,2.0,2.0,SEN,,7,KRU,,13,0,VCT Americas
2219,0,Lotus,adverso,KRÜ,Tejo,0.61,95.0,7,13,4,-6,60.0,73.0,22.0,1.0,1.0,0.0,SEN,,7,KRU,,13,0,VCT Americas
2220,2,Icebox,zekken,SEN,Jett,1.36,310.0,23,15,4,8,71.0,198.0,40.0,8.0,3.0,5.0,SEN,,8,KRU,,13,0,VCT Americas
2221,2,Icebox,N4RRATE,SEN,Sova,1.22,232.0,13,14,11,-1,81.0,187.0,19.0,1.0,1.0,0.0,SEN,,8,KRU,,13,0,VCT Americas
2222,2,Icebox,johnqt,SEN,Kayo,1.02,163.0,12,14,18,-2,86.0,99.0,26.0,0.0,1.0,-1.0,SEN,,8,KRU,,13,0,VCT Americas
2223,2,Icebox,bang,SEN,Viper,0.97,186.0,14,15,10,-1,71.0,129.0,39.0,1.0,2.0,-1.0,SEN,,8,KRU,,13,0,VCT Americas
2224,2,Icebox,Zellsis,SEN,Killjoy,0.42,84.0,7,15,3,-8,52.0,63.0,23.0,0.0,4.0,-4.0,SEN,,8,KRU,,13,0,VCT Americas
2225,2,Icebox,keznit,KRÜ,Jett,1.44,298.0,23,15,2,8,76.0,157.0,17.0,8.0,3.0,5.0,SEN,,8,KRU,,13,0,VCT Americas
2226,2,Icebox,Mazino,KRÜ,Harbor,1.41,268.0,23,14,2,9,67.0,168.0,24.0,0.0,1.0,-1.0,SEN,,8,KRU,,13,0,VCT Americas
2227,2,Icebox,Shyy,KRÜ,Killjoy,1.04,144.0,12,11,5,1,76.0,113.0,21.0,1.0,1.0,0.0,SEN,,8,KRU,,13,0,VCT Americas
2228,2,Icebox,Melser,KRÜ,Viper,0.77,142.0,8,14,11,-6,71.0,101.0,19.0,1.0,4.0,-3.0,SEN,,8,KRU,,13,0,VCT Americas
2229,2,Icebox,adverso,KRÜ,Sova,0.58,111.0,7,15,8,-8,62.0,83.0,13.0,1.0,1.0,0.0,SEN,,8,KRU,,13,0,VCT Americas
2230,0,Fracture,Cryocells,100T,Chamber,1.71,331.0,28,13,2,15,78.0,207.0,31.0,5.0,0.0,5.0,100T,,13,EG,,10,1,VCT Americas
2231,0,Fracture,eeiu,100T,Tejo,1.34,253.0,23,13,3,10,78.0,169.0,38.0,2.0,0.0,2.0,100T,,13,EG,,10,1,VCT Americas
2232,0,Fracture,zander,100T,Brimstone,0.9,165.0,13,16,11,-3,70.0,107.0,28.0,3.0,2.0,1.0,100T,,13,EG,,10,1,VCT Americas
2233,0,Fracture,Boostio,100T,Breach,0.89,164.0,13,16,7,-3,70.0,110.0,30.0,1.0,1.0,0.0,100T,,13,EG,,10,1,VCT Americas
2234,0,Fracture,Asuna,100T,Neon,0.6,138.0,10,18,5,-8,52.0,97.0,26.0,3.0,6.0,-3.0,100T,,13,EG,,10,1,VCT Americas
2235,0,Fracture,Derrek,EG,Tejo,1.19,246.0,20,16,6,4,70.0,161.0,24.0,1.0,0.0,1.0,100T,,13,EG,,10,0,VCT Americas
2236,0,Fracture,NaturE,EG,Breach,1.19,232.0,19,16,12,3,83.0,138.0,26.0,1.0,0.0,1.0,100T,,13,EG,,10,0,VCT Americas
2237,0,Fracture,supamen,EG,Brimstone,1.01,168.0,12,16,15,-4,65.0,125.0,26.0,3.0,4.0,-1.0,100T,,13,EG,,10,0,VCT Americas
2238,0,Fracture,icy,EG,Raze,0.7,198.0,15,21,4,-6,65.0,139.0,29.0,2.0,7.0,-5.0,100T,,13,EG,,10,0,VCT Americas
2239,0,Fracture,yay,EG,Killjoy,0.59,127.0,10,18,2,-8,52.0,84.0,21.0,2.0,3.0,-1.0,100T,,13,EG,,10,0,VCT Americas
2240,2,Haven,Cryocells,100T,Iso,1.8,357.0,26,13,7,13,85.0,230.0,32.0,2.0,0.0,2.0,100T,,13,EG,,7,1,VCT Americas
2241,2,Haven,eeiu,100T,Sova,1.55,234.0,17,10,9,7,95.0,164.0,33.0,1.0,0.0,1.0,100T,,13,EG,,7,1,VCT Americas
2242,2,Haven,zander,100T,Omen,0.75,145.0,11,15,9,-4,75.0,98.0,18.0,2.0,3.0,-1.0,100T,,13,EG,,7,1,VCT Americas
2243,2,Haven,Asuna,100T,Neon,0.73,159.0,12,15,4,-3,70.0,98.0,24.0,5.0,4.0,1.0,100T,,13,EG,,7,1,VCT Americas
2244,2,Haven,Boostio,100T,Cypher,0.58,141.0,11,16,3,-5,55.0,91.0,38.0,1.0,2.0,-1.0,100T,,13,EG,,7,1,VCT Americas
2245,2,Haven,yay,EG,Cypher,1.28,262.0,19,15,1,4,60.0,172.0,44.0,3.0,2.0,1.0,100T,,13,EG,,7,0,VCT Americas
2246,2,Haven,Derrek,EG,Sova,1.06,201.0,14,13,6,1,85.0,144.0,52.0,0.0,2.0,-2.0,100T,,13,EG,,7,0,VCT Americas
2247,2,Haven,NaturE,EG,Breach,0.89,192.0,12,16,12,-4,75.0,124.0,25.0,1.0,1.0,0.0,100T,,13,EG,,7,0,VCT Americas
2248,2,Haven,supamen,EG,Omen,0.77,184.0,13,17,6,-4,70.0,116.0,31.0,3.0,3.0,0.0,100T,,13,EG,,7,0,VCT Americas
2249,2,Haven,icy,EG,Waylay,0.68,159.0,11,16,2,-5,75.0,110.0,38.0,2.0,3.0,-1.0,100T,,13,EG,,7,0,VCT Americas
2250,0,Lotus,dgzin,LOUD,Neon,1.56,337.0,32,19,4,13,81.0,203.0,32.0,11.0,2.0,9.0,LOUD,,12,2G,,14,0,VCT Americas
2251,0,Lotus,pANcada,LOUD,Omen,1.26,200.0,19,16,11,3,81.0,128.0,33.0,2.0,2.0,0.0,LOUD,,12,2G,,14,0,VCT Americas
2252,0,Lotus,tuyz,LOUD,Cypher,0.72,96.0,10,15,2,-5,62.0,77.0,38.0,0.0,2.0,-2.0,LOUD,,12,2G,,14,0,VCT Americas
2253,0,Lotus,cauanzin,LOUD,Fade,0.7,164.0,13,20,8,-7,65.0,117.0,19.0,1.0,3.0,-2.0,LOUD,,12,2G,,14,0,VCT Americas
2254,0,Lotus,v1nny,LOUD,Breach,0.61,116.0,9,20,12,-11,69.0,79.0,24.0,0.0,3.0,-3.0,LOUD,,12,2G,,14,0,VCT Americas
2255,0,Lotus,lz,2G,Omen,1.21,264.0,25,18,4,7,81.0,162.0,52.0,4.0,3.0,1.0,LOUD,,12,2G,,14,1,VCT Americas
2256,0,Lotus,gobera,2G,Tejo,1.12,188.0,17,15,6,2,77.0,131.0,28.0,1.0,1.0,0.0,LOUD,,12,2G,,14,1,VCT Americas
2257,0,Lotus,Askia,2G,Yoru,1.0,192.0,18,16,3,2,62.0,133.0,34.0,5.0,4.0,1.0,LOUD,,12,2G,,14,1,VCT Americas
2258,0,Lotus,PxS,2G,Breach,0.94,166.0,14,17,11,-3,65.0,111.0,22.0,2.0,4.0,-2.0,LOUD,,12,2G,,14,1,VCT Americas
2259,0,Lotus,silentzz,2G,Vyse,0.89,189.0,16,17,6,-1,73.0,136.0,40.0,0.0,2.0,-2.0,LOUD,,12,2G,,14,1,VCT Americas
2260,2,Pearl,pANcada,LOUD,Astra,1.38,286.0,24,18,7,6,71.0,187.0,32.0,2.0,0.0,2.0,LOUD,,11,2G,,13,0,VCT Americas
2261,2,Pearl,cauanzin,LOUD,Tejo,1.12,220.0,18,19,8,-1,71.0,145.0,18.0,2.0,5.0,-3.0,LOUD,,11,2G,,13,0,VCT Americas
2262,2,Pearl,dgzin,LOUD,Yoru,1.02,224.0,19,17,5,2,58.0,131.0,22.0,5.0,5.0,0.0,LOUD,,11,2G,,13,0,VCT Americas
2263,2,Pearl,tuyz,LOUD,Vyse,0.86,163.0,15,17,5,-2,63.0,126.0,28.0,0.0,0.0,0.0,LOUD,,11,2G,,13,0,VCT Americas
2264,2,Pearl,v1nny,LOUD,Kayo,0.66,128.0,11,19,17,-8,79.0,87.0,24.0,0.0,5.0,-5.0,LOUD,,11,2G,,13,0,VCT Americas
2265,2,Pearl,gobera,2G,Tejo,1.21,253.0,21,17,7,4,88.0,168.0,27.0,2.0,0.0,2.0,LOUD,,11,2G,,13,1,VCT Americas
2266,2,Pearl,Askia,2G,Yoru,1.08,248.0,20,17,7,3,75.0,151.0,40.0,6.0,5.0,1.0,LOUD,,11,2G,,13,1,VCT Americas
2267,2,Pearl,silentzz,2G,Vyse,1.06,214.0,18,17,6,1,83.0,143.0,48.0,5.0,2.0,3.0,LOUD,,11,2G,,13,1,VCT Americas
2268,2,Pearl,PxS,2G,Fade,0.89,182.0,16,19,10,-3,79.0,124.0,45.0,2.0,1.0,1.0,LOUD,,11,2G,,13,1,VCT Americas
2269,2,Pearl,lz,2G,Astra,0.8,156.0,15,17,11,-2,83.0,98.0,24.0,0.0,1.0,-1.0,LOUD,,11,2G,,13,1,VCT Americas
2270,0,Haven,supamen,EG,Omen,0.98,173.0,11,13,4,-2,53.0,113.0,56.0,0.0,3.0,-3.0,EG,,4,SEN,,13,0,VCT Americas
2271,0,Haven,Derrek,EG,Sova,0.74,154.0,8,16,4,-8,59.0,118.0,28.0,1.0,0.0,1.0,EG,,4,SEN,,13,0,VCT Americas
2272,0,Haven,NaturE,EG,Breach,0.74,159.0,9,14,5,-5,65.0,117.0,56.0,0.0,1.0,-1.0,EG,,4,SEN,,13,0,VCT Americas
2273,0,Haven,icy,EG,Waylay,0.66,139.0,10,13,0,-3,47.0,81.0,42.0,3.0,3.0,0.0,EG,,4,SEN,,13,0,VCT Americas
2274,0,Haven,yay,EG,Cypher,0.56,165.0,8,15,3,-7,59.0,110.0,32.0,4.0,2.0,2.0,EG,,4,SEN,,13,0,VCT Americas
2275,0,Haven,N4RRATE,SEN,Sova,1.76,338.0,21,9,3,12,71.0,228.0,45.0,2.0,0.0,2.0,EG,,4,SEN,,13,1,VCT Americas
2276,0,Haven,bang,SEN,Omen,1.52,263.0,17,7,6,10,82.0,166.0,64.0,1.0,2.0,-1.0,EG,,4,SEN,,13,1,VCT Americas
2277,0,Haven,zekken,SEN,Neon,1.07,202.0,12,10,3,2,94.0,123.0,30.0,5.0,3.0,2.0,EG,,4,SEN,,13,1,VCT Americas
2278,0,Haven,johnqt,SEN,Breach,0.99,142.0,9,8,9,1,82.0,91.0,16.0,0.0,1.0,-1.0,EG,,4,SEN,,13,1,VCT Americas
2279,0,Haven,Zellsis,SEN,Cypher,0.88,188.0,12,12,2,0,65.0,130.0,26.0,1.0,2.0,-1.0,EG,,4,SEN,,13,1,VCT Americas
2280,2,Pearl,yay,EG,Yoru,0.87,239.0,15,18,1,-3,53.0,148.0,32.0,5.0,6.0,-1.0,EG,,6,SEN,,13,0,VCT Americas
2281,2,Pearl,icy,EG,Jett,0.86,155.0,11,14,1,-3,74.0,89.0,39.0,1.0,0.0,1.0,EG,,6,SEN,,13,0,VCT Americas
2282,2,Pearl,supamen,EG,Astra,0.72,163.0,11,15,4,-4,58.0,104.0,34.0,0.0,2.0,-2.0,EG,,6,SEN,,13,0,VCT Americas
2283,2,Pearl,NaturE,EG,Vyse,0.6,135.0,8,16,6,-8,63.0,90.0,22.0,2.0,3.0,-1.0,EG,,6,SEN,,13,0,VCT Americas
2284,2,Pearl,Derrek,EG,Tejo,0.48,116.0,7,15,4,-8,68.0,83.0,26.0,0.0,0.0,0.0,EG,,6,SEN,,13,0,VCT Americas
2285,2,Pearl,N4RRATE,SEN,Fade,1.51,268.0,18,10,14,8,89.0,173.0,14.0,2.0,1.0,1.0,EG,,6,SEN,,13,1,VCT Americas
2286,2,Pearl,johnqt,SEN,Tejo,1.35,247.0,16,10,6,6,79.0,174.0,20.0,1.0,2.0,-1.0,EG,,6,SEN,,13,1,VCT Americas
2287,2,Pearl,zekken,SEN,Yoru,1.31,287.0,21,13,2,8,68.0,191.0,40.0,5.0,4.0,1.0,EG,,6,SEN,,13,1,VCT Americas
2288,2,Pearl,Zellsis,SEN,Vyse,1.05,166.0,12,9,7,3,95.0,114.0,19.0,1.0,0.0,1.0,EG,,6,SEN,,13,1,VCT Americas
2289,2,Pearl,bang,SEN,Astra,0.98,153.0,11,10,13,1,79.0,86.0,40.0,2.0,1.0,1.0,EG,,6,SEN,,13,1,VCT Americas
2290,0,Haven,Cryocells,100T,Iso,1.14,230.0,14,14,7,0,68.0,158.0,18.0,2.0,0.0,2.0,100T,,6,LOUD,,13,0,VCT Americas
2291,0,Haven,eeiu,100T,Sova,0.95,185.0,12,15,4,-3,63.0,132.0,36.0,0.0,0.0,0.0,100T,,6,LOUD,,13,0,VCT Americas
2292,0,Haven,Asuna,100T,Neon,0.82,189.0,11,16,4,-5,47.0,122.0,24.0,1.0,5.0,-4.0,100T,,6,LOUD,,13,0,VCT Americas
2293,0,Haven,zander,100T,Omen,0.79,154.0,11,15,8,-4,68.0,95.0,18.0,1.0,5.0,-4.0,100T,,6,LOUD,,13,0,VCT Americas
2294,0,Haven,Boostio,100T,Cypher,0.59,137.0,9,16,3,-7,47.0,74.0,59.0,2.0,3.0,-1.0,100T,,6,LOUD,,13,0,VCT Americas
2295,0,Haven,cauanzin,LOUD,Tejo,1.39,193.0,14,7,4,7,74.0,132.0,25.0,1.0,1.0,0.0,100T,,6,LOUD,,13,1,VCT Americas
2296,0,Haven,lukxo,LOUD,Cypher,1.34,288.0,20,11,3,9,79.0,175.0,36.0,4.0,0.0,4.0,100T,,6,LOUD,,13,1,VCT Americas
2297,0,Haven,dgzin,LOUD,Neon,1.19,273.0,19,15,4,4,74.0,179.0,26.0,7.0,4.0,3.0,100T,,6,LOUD,,13,1,VCT Americas
2298,0,Haven,pANcada,LOUD,Omen,0.99,197.0,14,12,7,2,89.0,129.0,30.0,0.0,1.0,-1.0,100T,,6,LOUD,,13,1,VCT Americas
2299,0,Haven,v1nny,LOUD,Breach,0.81,155.0,9,12,13,-3,89.0,96.0,30.0,1.0,0.0,1.0,100T,,6,LOUD,,13,1,VCT Americas
2300,2,Icebox,Cryocells,100T,Jett,1.35,315.0,30,18,2,12,63.0,198.0,33.0,5.0,5.0,0.0,100T,,13,LOUD,,11,1,VCT Americas
2301,2,Icebox,Asuna,100T,Gekko,1.22,220.0,17,16,9,1,79.0,133.0,17.0,0.0,2.0,-2.0,100T,,13,LOUD,,11,1,VCT Americas
2302,2,Icebox,eeiu,100T,Sova,1.14,160.0,14,12,4,2,71.0,115.0,28.0,1.0,3.0,-2.0,100T,,13,LOUD,,11,1,VCT Americas
2303,2,Icebox,zander,100T,Viper,0.76,171.0,13,18,8,-5,75.0,116.0,24.0,3.0,2.0,1.0,100T,,13,LOUD,,11,1,VCT Americas
2304,2,Icebox,Boostio,100T,Killjoy,0.59,134.0,9,18,5,-9,58.0,96.0,9.0,2.0,1.0,1.0,100T,,13,LOUD,,11,1,VCT Americas
2305,2,Icebox,lukxo,LOUD,Killjoy,1.41,259.0,23,16,5,7,63.0,182.0,38.0,4.0,1.0,3.0,100T,,13,LOUD,,11,0,VCT Americas
2306,2,Icebox,pANcada,LOUD,Viper,1.36,215.0,19,13,3,6,79.0,163.0,31.0,1.0,2.0,-1.0,100T,,13,LOUD,,11,0,VCT Americas
2307,2,Icebox,cauanzin,LOUD,Sova,1.01,190.0,14,15,8,-1,71.0,129.0,18.0,2.0,2.0,0.0,100T,,13,LOUD,,11,0,VCT Americas
2308,2,Icebox,dgzin,LOUD,Reyna,0.67,186.0,15,19,6,-4,63.0,124.0,53.0,5.0,4.0,1.0,100T,,13,LOUD,,11,0,VCT Americas
2309,2,Icebox,v1nny,LOUD,Tejo,0.56,126.0,11,20,6,-9,63.0,92.0,19.0,1.0,2.0,-1.0,100T,,13,LOUD,,11,0,VCT Americas
2310,3,Split,Cryocells,100T,Sage,1.81,314.0,24,12,14,12,95.0,205.0,32.0,4.0,2.0,2.0,100T,,13,LOUD,,8,1,VCT Americas
2311,3,Split,zander,100T,Astra,1.41,241.0,17,12,9,5,81.0,161.0,19.0,2.0,2.0,0.0,100T,,13,LOUD,,8,1,VCT Americas
2312,3,Split,eeiu,100T,Tejo,1.14,212.0,15,13,9,2,86.0,126.0,16.0,1.0,0.0,1.0,100T,,13,LOUD,,8,1,VCT Americas
2313,3,Split,Asuna,100T,Raze,0.97,220.0,17,16,4,1,71.0,146.0,19.0,2.0,6.0,-4.0,100T,,13,LOUD,,8,1,VCT Americas
2314,3,Split,Boostio,100T,Breach,0.73,89.0,6,13,13,-7,81.0,57.0,31.0,1.0,1.0,0.0,100T,,13,LOUD,,8,1,VCT Americas
2315,3,Split,lukxo,LOUD,Viper,1.21,287.0,23,16,2,7,71.0,177.0,43.0,5.0,2.0,3.0,100T,,13,LOUD,,8,0,VCT Americas
2316,3,Split,cauanzin,LOUD,Tejo,1.08,250.0,17,16,6,1,81.0,169.0,31.0,2.0,1.0,1.0,100T,,13,LOUD,,8,0,VCT Americas
2317,3,Split,pANcada,LOUD,Omen,0.77,149.0,9,15,9,-6,62.0,112.0,17.0,2.0,1.0,1.0,100T,,13,LOUD,,8,0,VCT Americas
2318,3,Split,dgzin,LOUD,Raze,0.68,182.0,11,17,6,-6,76.0,127.0,18.0,2.0,5.0,-3.0,100T,,13,LOUD,,8,0,VCT Americas
2319,3,Split,v1nny,LOUD,Breach,0.53,78.0,6,15,8,-9,67.0,45.0,50.0,0.0,1.0,-1.0,100T,,13,LOUD,,8,0,VCT Americas
2320,0,Icebox,lz,2G,Viper,1.19,245.0,17,14,4,3,68.0,167.0,48.0,3.0,5.0,-2.0,2G,,6,KRU,,13,0,VCT Americas
2321,0,Icebox,Askia,2G,Jett,0.95,228.0,15,15,2,0,79.0,140.0,32.0,2.0,2.0,0.0,2G,,6,KRU,,13,0,VCT Americas
2322,0,Icebox,silentzz,2G,Killjoy,0.83,193.0,13,17,1,-4,68.0,122.0,25.0,0.0,0.0,0.0,2G,,6,KRU,,13,0,VCT Americas
2323,0,Icebox,PxS,2G,Kayo,0.42,128.0,7,17,9,-10,74.0,78.0,13.0,0.0,2.0,-2.0,2G,,6,KRU,,13,0,VCT Americas
2324,0,Icebox,gobera,2G,Tejo,0.35,103.0,6,16,2,-10,53.0,69.0,25.0,1.0,4.0,-3.0,2G,,6,KRU,,13,0,VCT Americas
2325,0,Icebox,keznit,KRÜ,Jett,1.45,353.0,23,16,7,7,84.0,229.0,18.0,8.0,1.0,7.0,2G,,6,KRU,,13,0,VCT Americas
2326,0,Icebox,Melser,KRÜ,Viper,1.3,235.0,16,13,9,3,79.0,169.0,32.0,2.0,0.0,2.0,2G,,6,KRU,,13,0,VCT Americas
2327,0,Icebox,Mazino,KRÜ,Harbor,1.28,254.0,18,12,6,6,95.0,197.0,35.0,2.0,2.0,0.0,2G,,6,KRU,,13,0,VCT Americas
2328,0,Icebox,adverso,KRÜ,Sova,1.17,149.0,11,9,8,2,74.0,109.0,19.0,0.0,2.0,-2.0,2G,,6,KRU,,13,0,VCT Americas
2329,0,Icebox,Shyy,KRÜ,Killjoy,1.12,156.0,11,8,3,3,74.0,98.0,25.0,1.0,1.0,0.0,2G,,6,KRU,,13,0,VCT Americas
2330,2,Ascent,lz,2G,Omen,1.77,282.0,21,9,8,12,95.0,184.0,46.0,3.0,0.0,3.0,2G,,13,KRU,,6,1,VCT Americas
2331,2,Ascent,gobera,2G,Tejo,1.02,169.0,13,11,4,2,74.0,119.0,24.0,3.0,1.0,2.0,2G,,13,KRU,,6,1,VCT Americas
2332,2,Ascent,PxS,2G,Kayo,1.01,157.0,10,10,8,0,95.0,99.0,28.0,1.0,2.0,-1.0,2G,,13,KRU,,6,1,VCT Americas
2333,2,Ascent,Askia,2G,Jett,0.89,181.0,12,11,2,1,68.0,119.0,23.0,2.0,5.0,-3.0,2G,,13,KRU,,6,1,VCT Americas
2334,2,Ascent,silentzz,2G,Vyse,0.86,163.0,11,11,2,0,79.0,108.0,28.0,0.0,2.0,-2.0,2G,,13,KRU,,6,1,VCT Americas
2335,2,Ascent,adverso,KRÜ,Sova,1.2,200.0,11,11,6,0,84.0,136.0,18.0,2.0,1.0,1.0,2G,,13,KRU,,6,0,VCT Americas
2336,2,Ascent,keznit,KRÜ,Yoru,0.97,227.0,14,15,5,-1,58.0,154.0,20.0,6.0,4.0,2.0,2G,,13,KRU,,6,0,VCT Americas
2337,2,Ascent,Melser,KRÜ,Omen,0.89,155.0,10,13,5,-3,74.0,115.0,27.0,1.0,2.0,-1.0,2G,,13,KRU,,6,0,VCT Americas
2338,2,Ascent,Shyy,KRÜ,Cypher,0.7,93.0,6,11,6,-5,74.0,68.0,16.0,1.0,1.0,0.0,2G,,13,KRU,,6,0,VCT Americas
2339,2,Ascent,Mazino,KRÜ,Deadlock,0.65,172.0,11,17,2,-6,63.0,116.0,25.0,0.0,1.0,-1.0,2G,,13,KRU,,6,0,VCT Americas
2340,3,Pearl,PxS,2G,Fade,0.97,219.0,15,14,5,1,74.0,123.0,31.0,2.0,2.0,0.0,2G,,6,KRU,,13,0,VCT Americas
2341,3,Pearl,silentzz,2G,Vyse,0.91,231.0,14,16,2,-2,74.0,157.0,40.0,1.0,1.0,0.0,2G,,6,KRU,,13,0,VCT Americas
2342,3,Pearl,lz,2G,Astra,0.75,196.0,13,17,5,-4,68.0,113.0,37.0,1.0,1.0,0.0,2G,,6,KRU,,13,0,VCT Americas
2343,3,Pearl,gobera,2G,Tejo,0.66,155.0,10,16,3,-6,53.0,118.0,19.0,2.0,2.0,0.0,2G,,6,KRU,,13,0,VCT Americas
2344,3,Pearl,Askia,2G,Yoru,0.53,83.0,6,13,3,-7,53.0,57.0,29.0,1.0,6.0,-5.0,2G,,6,KRU,,13,0,VCT Americas
2345,3,Pearl,Melser,KRÜ,Astra,1.63,253.0,18,10,13,8,95.0,184.0,25.0,2.0,1.0,1.0,2G,,6,KRU,,13,0,VCT Americas
2346,3,Pearl,Mazino,KRÜ,Vyse,1.48,264.0,18,13,9,5,84.0,165.0,30.0,3.0,0.0,3.0,2G,,6,KRU,,13,0,VCT Americas
2347,3,Pearl,adverso,KRÜ,Sova,1.17,216.0,16,12,7,4,63.0,137.0,12.0,1.0,1.0,0.0,2G,,6,KRU,,13,0,VCT Americas
2348,3,Pearl,Shyy,KRÜ,Chamber,1.13,198.0,13,11,5,2,74.0,133.0,22.0,3.0,2.0,1.0,2G,,6,KRU,,13,0,VCT Americas
2349,3,Pearl,keznit,KRÜ,Yoru,0.87,171.0,11,12,8,-1,74.0,104.0,14.0,3.0,3.0,0.0,2G,,6,KRU,,13,0,VCT Americas
2350,0,Ascent,Cryocells,100T,Yoru,1.46,286.0,30,18,6,12,82.0,184.0,27.0,2.0,3.0,-1.0,100T,,15,2G,,13,1,VCT Americas
2351,0,Ascent,Asuna,100T,Tejo,1.21,194.0,18,17,12,1,79.0,129.0,19.0,2.0,3.0,-1.0,100T,,15,2G,,13,1,VCT Americas
2352,0,Ascent,Boostio,100T,Killjoy,1.18,246.0,24,21,4,3,71.0,165.0,25.0,7.0,2.0,5.0,100T,,15,2G,,13,1,VCT Americas
2353,0,Ascent,zander,100T,Omen,0.93,175.0,14,22,19,-8,79.0,125.0,19.0,2.0,3.0,-1.0,100T,,15,2G,,13,1,VCT Americas
2354,0,Ascent,eeiu,100T,Sova,0.86,140.0,13,18,9,-5,71.0,98.0,30.0,1.0,3.0,-2.0,100T,,15,2G,,13,1,VCT Americas
2355,0,Ascent,gobera,2G,Tejo,1.01,203.0,19,19,9,0,71.0,142.0,22.0,0.0,2.0,-2.0,100T,,15,2G,,13,0,VCT Americas
2356,0,Ascent,lz,2G,Omen,1.01,224.0,24,20,12,4,86.0,128.0,52.0,2.0,2.0,0.0,100T,,15,2G,,13,0,VCT Americas
2357,0,Ascent,silentzz,2G,Vyse,0.96,202.0,21,20,6,1,61.0,124.0,31.0,4.0,0.0,4.0,100T,,15,2G,,13,0,VCT Americas
2358,0,Ascent,Askia,2G,Jett,0.91,172.0,18,19,3,-1,71.0,123.0,30.0,5.0,5.0,0.0,100T,,15,2G,,13,0,VCT Americas
2359,0,Ascent,PxS,2G,Kayo,0.74,167.0,14,21,18,-7,82.0,108.0,25.0,3.0,5.0,-2.0,100T,,15,2G,,13,0,VCT Americas
2360,2,Icebox,Boostio,100T,Killjoy,1.49,296.0,20,13,4,7,84.0,189.0,50.0,5.0,3.0,2.0,100T,,13,2G,,6,1,VCT Americas
2361,2,Icebox,Cryocells,100T,Jett,1.45,260.0,20,8,1,12,89.0,151.0,15.0,2.0,3.0,-1.0,100T,,13,2G,,6,1,VCT Americas
2362,2,Icebox,zander,100T,Viper,1.26,200.0,14,10,6,4,79.0,120.0,22.0,2.0,2.0,0.0,100T,,13,2G,,6,1,VCT Americas
2363,2,Icebox,Asuna,100T,Gekko,1.02,180.0,11,11,13,0,89.0,126.0,18.0,1.0,0.0,1.0,100T,,13,2G,,6,1,VCT Americas
2364,2,Icebox,eeiu,100T,Sova,0.99,193.0,12,12,5,0,74.0,132.0,24.0,0.0,1.0,-1.0,100T,,13,2G,,6,1,VCT Americas
2365,2,Icebox,Askia,2G,Jett,1.16,271.0,17,17,6,0,79.0,204.0,31.0,4.0,1.0,3.0,100T,,13,2G,,6,0,VCT Americas
2366,2,Icebox,lz,2G,Viper,0.9,189.0,13,15,5,-2,74.0,118.0,35.0,3.0,1.0,2.0,100T,,13,2G,,6,0,VCT Americas
2367,2,Icebox,PxS,2G,Kayo,0.81,158.0,11,15,10,-4,74.0,94.0,36.0,2.0,1.0,1.0,100T,,13,2G,,6,0,VCT Americas
2368,2,Icebox,silentzz,2G,Killjoy,0.45,114.0,7,16,1,-9,47.0,78.0,18.0,0.0,2.0,-2.0,100T,,13,2G,,6,0,VCT Americas
2369,2,Icebox,gobera,2G,Tejo,0.4,101.0,6,14,4,-8,63.0,80.0,21.0,0.0,5.0,-5.0,100T,,13,2G,,6,0,VCT Americas
2370,0,Split,N4RRATE,SEN,Breach,1.31,227.0,19,15,16,4,83.0,135.0,29.0,3.0,2.0,1.0,SEN,,13,LOUD,,10,1,VCT Americas
2371,0,Split,johnqt,SEN,Tejo,1.27,212.0,16,11,9,5,83.0,149.0,20.0,1.0,1.0,0.0,SEN,,13,LOUD,,10,1,VCT Americas
2372,0,Split,bang,SEN,Omen,1.19,227.0,18,15,11,3,83.0,138.0,33.0,5.0,1.0,4.0,SEN,,13,LOUD,,10,1,VCT Americas
2373,0,Split,zekken,SEN,Yoru,1.01,227.0,20,17,3,3,65.0,152.0,29.0,3.0,4.0,-1.0,SEN,,13,LOUD,,10,1,VCT Americas
2374,0,Split,Zellsis,SEN,Viper,0.83,128.0,10,13,6,-3,61.0,98.0,16.0,1.0,2.0,-1.0,SEN,,13,LOUD,,10,1,VCT Americas
2375,0,Split,lukxo,LOUD,Viper,1.16,258.0,21,17,7,4,65.0,172.0,22.0,4.0,4.0,0.0,SEN,,13,LOUD,,10,0,VCT Americas
2376,0,Split,pANcada,LOUD,Omen,1.08,218.0,17,18,6,-1,61.0,150.0,35.0,1.0,1.0,0.0,SEN,,13,LOUD,,10,0,VCT Americas
2377,0,Split,dgzin,LOUD,Jett,0.9,193.0,14,17,5,-3,74.0,115.0,28.0,4.0,4.0,0.0,SEN,,13,LOUD,,10,0,VCT Americas
2378,0,Split,tuyz,LOUD,Breach,0.9,153.0,12,15,11,-3,78.0,103.0,44.0,1.0,1.0,0.0,SEN,,13,LOUD,,10,0,VCT Americas
2379,0,Split,cauanzin,LOUD,Tejo,0.56,83.0,7,16,4,-9,57.0,53.0,21.0,0.0,3.0,-3.0,SEN,,13,LOUD,,10,0,VCT Americas
2380,2,Lotus,N4RRATE,SEN,Tejo,1.76,290.0,25,11,9,14,92.0,198.0,30.0,4.0,0.0,4.0,SEN,,11,LOUD,,13,0,VCT Americas
2381,2,Lotus,johnqt,SEN,Breach,1.11,191.0,17,16,17,1,75.0,126.0,49.0,2.0,3.0,-1.0,SEN,,11,LOUD,,13,0,VCT Americas
2382,2,Lotus,zekken,SEN,Neon,0.75,166.0,14,19,8,-5,71.0,101.0,23.0,0.0,5.0,-5.0,SEN,,11,LOUD,,13,0,VCT Americas
2383,2,Lotus,bang,SEN,Omen,0.72,168.0,14,17,4,-3,75.0,104.0,42.0,1.0,2.0,-1.0,SEN,,11,LOUD,,13,0,VCT Americas
2384,2,Lotus,Zellsis,SEN,Viper,0.59,142.0,10,19,8,-9,50.0,94.0,33.0,3.0,4.0,-1.0,SEN,,11,LOUD,,13,0,VCT Americas
2385,2,Lotus,dgzin,LOUD,Neon,1.52,328.0,28,18,4,10,79.0,222.0,48.0,6.0,1.0,5.0,SEN,,11,LOUD,,13,1,VCT Americas
2386,2,Lotus,lukxo,LOUD,Vyse,1.29,258.0,22,17,6,5,71.0,178.0,35.0,5.0,1.0,4.0,SEN,,11,LOUD,,13,1,VCT Americas
2387,2,Lotus,cauanzin,LOUD,Tejo,0.92,172.0,14,15,3,-1,67.0,109.0,19.0,0.0,3.0,-3.0,SEN,,11,LOUD,,13,1,VCT Americas
2388,2,Lotus,tuyz,LOUD,Breach,0.79,116.0,9,14,10,-5,67.0,70.0,25.0,0.0,2.0,-2.0,SEN,,11,LOUD,,13,1,VCT Americas
2389,2,Lotus,pANcada,LOUD,Omen,0.6,122.0,9,16,9,-7,71.0,82.0,32.0,3.0,3.0,0.0,SEN,,11,LOUD,,13,1,VCT Americas
2390,3,Haven,N4RRATE,SEN,Sova,1.76,313.0,18,9,10,9,83.0,219.0,25.0,2.0,1.0,1.0,SEN,,13,LOUD,,5,1,VCT Americas
2391,3,Haven,johnqt,SEN,Breach,1.59,195.0,17,6,5,11,78.0,116.0,26.0,0.0,1.0,-1.0,SEN,,13,LOUD,,5,1,VCT Americas
2392,3,Haven,Zellsis,SEN,Cypher,1.35,311.0,19,13,5,6,72.0,203.0,27.0,6.0,3.0,3.0,SEN,,13,LOUD,,5,1,VCT Americas
2393,3,Haven,zekken,SEN,Neon,0.95,158.0,11,11,8,0,83.0,93.0,16.0,1.0,2.0,-1.0,SEN,,13,LOUD,,5,1,VCT Americas
2394,3,Haven,bang,SEN,Omen,0.81,121.0,7,10,7,-3,83.0,75.0,21.0,1.0,1.0,0.0,SEN,,13,LOUD,,5,1,VCT Americas
2395,3,Haven,lukxo,LOUD,Cypher,1.17,303.0,18,15,3,3,61.0,198.0,25.0,3.0,1.0,2.0,SEN,,13,LOUD,,5,0,VCT Americas
2396,3,Haven,dgzin,LOUD,Neon,0.68,158.0,11,15,2,-4,56.0,91.0,24.0,4.0,3.0,1.0,SEN,,13,LOUD,,5,0,VCT Americas
2397,3,Haven,tuyz,LOUD,Breach,0.67,103.0,7,13,7,-6,67.0,79.0,44.0,0.0,2.0,-2.0,SEN,,13,LOUD,,5,0,VCT Americas
2398,3,Haven,pANcada,LOUD,Omen,0.64,155.0,10,15,3,-5,61.0,107.0,28.0,1.0,2.0,-1.0,SEN,,13,LOUD,,5,0,VCT Americas
2399,3,Haven,cauanzin,LOUD,Tejo,0.43,77.0,3,14,4,-11,50.0,69.0,12.0,0.0,2.0,-2.0,SEN,,13,LOUD,,5,0,VCT Americas
2400,0,Lotus,Mazino,KRÜ,Breach,1.24,260.0,15,15,7,0,76.0,144.0,30.0,1.0,0.0,1.0,KRU,,4,EG,,13,0,VCT Americas
2401,0,Lotus,Shyy,KRÜ,Vyse,0.87,148.0,10,12,0,-2,53.0,104.0,38.0,0.0,1.0,-1.0,KRU,,4,EG,,13,0,VCT Americas
2402,0,Lotus,keznit,KRÜ,Yoru,0.4,140.0,6,16,4,-10,41.0,101.0,29.0,3.0,4.0,-1.0,KRU,,4,EG,,13,0,VCT Americas
2403,0,Lotus,Melser,KRÜ,Omen,0.39,103.0,5,14,4,-9,53.0,69.0,28.0,2.0,4.0,-2.0,KRU,,4,EG,,13,0,VCT Americas
2404,0,Lotus,adverso,KRÜ,Tejo,0.35,141.0,7,16,2,-9,53.0,100.0,24.0,0.0,2.0,-2.0,KRU,,4,EG,,13,0,VCT Americas
2405,0,Lotus,supamen,EG,Viper,2.1,301.0,22,5,3,17,88.0,194.0,48.0,1.0,0.0,1.0,KRU,,4,EG,,13,1,VCT Americas
2406,0,Lotus,icy,EG,Raze,1.36,251.0,15,8,2,7,82.0,163.0,29.0,4.0,4.0,0.0,KRU,,4,EG,,13,1,VCT Americas
2407,0,Lotus,NaturE,EG,Fade,1.26,251.0,16,10,9,6,88.0,145.0,24.0,2.0,0.0,2.0,KRU,,4,EG,,13,1,VCT Americas
2408,0,Lotus,Derrek,EG,Tejo,1.21,233.0,13,10,6,3,88.0,150.0,26.0,2.0,0.0,2.0,KRU,,4,EG,,13,1,VCT Americas
2409,0,Lotus,yay,EG,Clove,0.7,110.0,7,10,6,-3,76.0,64.0,25.0,2.0,2.0,0.0,KRU,,4,EG,,13,1,VCT Americas
2410,2,Pearl,Mazino,KRÜ,Vyse,1.09,247.0,17,18,4,-1,65.0,147.0,24.0,3.0,4.0,-1.0,KRU,,7,EG,,13,0,VCT Americas
2411,2,Pearl,keznit,KRÜ,Yoru,0.94,220.0,16,19,6,-3,75.0,152.0,37.0,3.0,3.0,0.0,KRU,,7,EG,,13,0,VCT Americas
2412,2,Pearl,Melser,KRÜ,Astra,0.88,162.0,12,16,8,-4,65.0,119.0,26.0,2.0,1.0,1.0,KRU,,7,EG,,13,0,VCT Americas
2413,2,Pearl,Shyy,KRÜ,Chamber,0.85,203.0,14,17,5,-3,65.0,133.0,32.0,1.0,2.0,-1.0,KRU,,7,EG,,13,0,VCT Americas
2414,2,Pearl,adverso,KRÜ,Sova,0.85,161.0,12,15,5,-3,75.0,108.0,27.0,1.0,0.0,1.0,KRU,,7,EG,,13,0,VCT Americas
2415,2,Pearl,supamen,EG,Astra,1.29,260.0,21,14,7,7,70.0,164.0,40.0,1.0,1.0,0.0,KRU,,7,EG,,13,1,VCT Americas
2416,2,Pearl,Derrek,EG,Tejo,1.18,228.0,17,13,2,4,70.0,163.0,24.0,0.0,1.0,-1.0,KRU,,7,EG,,13,1,VCT Americas
2417,2,Pearl,NaturE,EG,Vyse,1.13,242.0,16,13,9,3,70.0,172.0,21.0,0.0,2.0,-2.0,KRU,,7,EG,,13,1,VCT Americas
2418,2,Pearl,icy,EG,Yoru,0.85,238.0,17,16,5,1,85.0,148.0,23.0,5.0,5.0,0.0,KRU,,7,EG,,13,1,VCT Americas
2419,2,Pearl,yay,EG,Jett,0.79,175.0,14,15,1,-1,65.0,114.0,56.0,4.0,1.0,3.0,KRU,,7,EG,,13,1,VCT Americas
2420,0,Haven,bang,SEN,Omen,1.95,355.0,22,8,10,14,88.0,209.0,40.0,5.0,2.0,3.0,SEN,,13,2G,,4,1,VCT Americas
2421,0,Haven,zekken,SEN,Neon,1.74,313.0,20,7,5,13,88.0,209.0,43.0,3.0,2.0,1.0,SEN,,13,2G,,4,1,VCT Americas
2422,0,Haven,johnqt,SEN,Breach,1.69,218.0,13,6,21,7,94.0,142.0,29.0,1.0,1.0,0.0,SEN,,13,2G,,4,1,VCT Americas
2423,0,Haven,N4RRATE,SEN,Sova,1.02,148.0,9,8,3,1,82.0,94.0,21.0,2.0,0.0,2.0,SEN,,13,2G,,4,1,VCT Americas
2424,0,Haven,Zellsis,SEN,Cypher,0.98,155.0,9,9,9,0,76.0,97.0,20.0,1.0,0.0,1.0,SEN,,13,2G,,4,1,VCT Americas
2425,0,Haven,silentzz,2G,Iso,0.62,170.0,9,14,2,-5,47.0,122.0,44.0,0.0,3.0,-3.0,SEN,,13,2G,,4,0,VCT Americas
2426,0,Haven,gobera,2G,Cypher,0.6,196.0,10,16,2,-6,41.0,120.0,41.0,1.0,3.0,-2.0,SEN,,13,2G,,4,0,VCT Americas
2427,0,Haven,PxS,2G,Sova,0.52,127.0,7,15,1,-8,53.0,81.0,44.0,2.0,1.0,1.0,SEN,,13,2G,,4,0,VCT Americas
2428,0,Haven,Askia,2G,Yoru,0.51,105.0,7,14,0,-7,47.0,75.0,31.0,2.0,2.0,0.0,SEN,,13,2G,,4,0,VCT Americas
2429,0,Haven,lz,2G,Omen,0.41,102.0,5,14,4,-9,53.0,70.0,35.0,0.0,3.0,-3.0,SEN,,13,2G,,4,0,VCT Americas
2430,2,Pearl,zekken,SEN,Yoru,2.06,384.0,26,11,5,15,94.0,247.0,28.0,6.0,0.0,6.0,SEN,,13,2G,,5,1,VCT Americas
2431,2,Pearl,bang,SEN,Astra,1.23,181.0,13,11,8,2,83.0,121.0,34.0,0.0,1.0,-1.0,SEN,,13,2G,,5,1,VCT Americas
2432,2,Pearl,N4RRATE,SEN,Fade,1.22,231.0,13,12,12,1,83.0,149.0,14.0,3.0,3.0,0.0,SEN,,13,2G,,5,1,VCT Americas
2433,2,Pearl,johnqt,SEN,Tejo,1.11,139.0,9,8,5,1,89.0,112.0,39.0,1.0,0.0,1.0,SEN,,13,2G,,5,1,VCT Americas
2434,2,Pearl,Zellsis,SEN,Vyse,0.69,156.0,10,14,5,-4,72.0,102.0,23.0,1.0,3.0,-2.0,SEN,,13,2G,,5,1,VCT Americas
2435,2,Pearl,Askia,2G,Yoru,1.01,226.0,14,14,3,0,61.0,146.0,36.0,3.0,1.0,2.0,SEN,,13,2G,,5,0,VCT Americas
2436,2,Pearl,PxS,2G,Fade,0.93,176.0,12,13,4,-1,78.0,129.0,24.0,1.0,3.0,-2.0,SEN,,13,2G,,5,0,VCT Americas
2437,2,Pearl,gobera,2G,Tejo,0.75,181.0,11,15,2,-4,72.0,134.0,41.0,0.0,1.0,-1.0,SEN,,13,2G,,5,0,VCT Americas
2438,2,Pearl,lz,2G,Astra,0.67,181.0,10,14,13,-4,78.0,104.0,41.0,2.0,2.0,0.0,SEN,,13,2G,,5,0,VCT Americas
2439,2,Pearl,silentzz,2G,Vyse,0.61,152.0,9,15,7,-6,67.0,109.0,37.0,1.0,4.0,-3.0,SEN,,13,2G,,5,0,VCT Americas
2440,0,Fracture,Mazino,KRÜ,Breach,1.21,237.0,21,16,9,5,87.0,154.0,32.0,0.0,2.0,-2.0,KRU,,13,100T,,10,0,VCT Americas
2441,0,Fracture,Melser,KRÜ,Brimstone,1.11,214.0,17,15,5,2,74.0,141.0,33.0,3.0,1.0,2.0,KRU,,13,100T,,10,0,VCT Americas
2442,0,Fracture,Shyy,KRÜ,Vyse,1.1,203.0,17,14,2,3,61.0,142.0,29.0,2.0,2.0,0.0,KRU,,13,100T,,10,0,VCT Americas
2443,0,Fracture,keznit,KRÜ,Neon,1.0,223.0,18,18,3,0,65.0,146.0,24.0,6.0,5.0,1.0,KRU,,13,100T,,10,0,VCT Americas
2444,0,Fracture,adverso,KRÜ,Tejo,0.82,140.0,10,16,8,-6,78.0,107.0,17.0,0.0,2.0,-2.0,KRU,,13,100T,,10,0,VCT Americas
2445,0,Fracture,eeiu,100T,Tejo,1.31,190.0,17,13,4,4,87.0,153.0,36.0,1.0,1.0,0.0,KRU,,13,100T,,10,0,VCT Americas
2446,0,Fracture,Cryocells,100T,Chamber,0.96,206.0,17,15,3,2,78.0,137.0,45.0,2.0,2.0,0.0,KRU,,13,100T,,10,0,VCT Americas
2447,0,Fracture,zander,100T,Brimstone,0.95,179.0,14,16,9,-2,74.0,118.0,23.0,2.0,4.0,-2.0,KRU,,13,100T,,10,0,VCT Americas
2448,0,Fracture,Asuna,100T,Neon,0.9,261.0,20,21,4,-1,65.0,168.0,26.0,7.0,4.0,3.0,KRU,,13,100T,,10,0,VCT Americas
2449,0,Fracture,Boostio,100T,Breach,0.81,158.0,11,18,20,-7,78.0,91.0,18.0,0.0,0.0,0.0,KRU,,13,100T,,10,0,VCT Americas
2450,2,Icebox,Shyy,KRÜ,Killjoy,1.37,266.0,21,13,2,8,82.0,158.0,35.0,2.0,2.0,0.0,KRU,,13,100T,,9,0,VCT Americas
2451,2,Icebox,adverso,KRÜ,Sova,1.28,225.0,18,11,2,7,68.0,149.0,21.0,3.0,2.0,1.0,KRU,,13,100T,,9,0,VCT Americas
2452,2,Icebox,keznit,KRÜ,Jett,1.04,246.0,20,15,1,5,73.0,169.0,27.0,4.0,3.0,1.0,KRU,,13,100T,,9,0,VCT Americas
2453,2,Icebox,Melser,KRÜ,Viper,0.9,193.0,15,14,2,1,82.0,109.0,26.0,2.0,1.0,1.0,KRU,,13,100T,,9,0,VCT Americas
2454,2,Icebox,Mazino,KRÜ,Harbor,0.72,154.0,12,16,4,-4,77.0,111.0,23.0,2.0,1.0,1.0,KRU,,13,100T,,9,0,VCT Americas
2455,2,Icebox,eeiu,100T,Sova,1.28,223.0,17,14,8,3,86.0,146.0,27.0,1.0,0.0,1.0,KRU,,13,100T,,9,0,VCT Americas
2456,2,Icebox,Asuna,100T,Gekko,1.08,224.0,18,18,3,0,59.0,148.0,29.0,1.0,4.0,-3.0,KRU,,13,100T,,9,0,VCT Americas
2457,2,Icebox,Cryocells,100T,Jett,1.03,195.0,17,17,3,0,64.0,144.0,33.0,3.0,3.0,0.0,KRU,,13,100T,,9,0,VCT Americas
2458,2,Icebox,zander,100T,Viper,0.8,163.0,10,17,10,-7,68.0,107.0,18.0,4.0,2.0,2.0,KRU,,13,100T,,9,0,VCT Americas
2459,2,Icebox,Boostio,100T,Killjoy,0.3,100.0,7,20,3,-13,50.0,84.0,26.0,0.0,4.0,-4.0,KRU,,13,100T,,9,0,VCT Americas
2460,0,Lotus,supamen,EG,Viper,1.15,255.0,23,17,2,6,67.0,163.0,52.0,3.0,0.0,3.0,EG,,11,LOUD,,13,0,VCT Americas
2461,0,Lotus,icy,EG,Raze,0.96,218.0,17,18,5,-1,83.0,158.0,28.0,2.0,3.0,-1.0,EG,,11,LOUD,,13,0,VCT Americas
2462,0,Lotus,yay,EG,Clove,0.7,215.0,19,23,3,-4,58.0,128.0,28.0,3.0,4.0,-1.0,EG,,11,LOUD,,13,0,VCT Americas
2463,0,Lotus,NaturE,EG,Fade,0.66,145.0,12,19,7,-7,58.0,101.0,22.0,1.0,3.0,-2.0,EG,,11,LOUD,,13,0,VCT Americas
2464,0,Lotus,Derrek,EG,Tejo,0.64,130.0,11,18,5,-7,58.0,97.0,21.0,1.0,4.0,-3.0,EG,,11,LOUD,,13,0,VCT Americas
2465,0,Lotus,pANcada,LOUD,Omen,1.77,313.0,27,13,11,14,79.0,209.0,35.0,6.0,1.0,5.0,EG,,11,LOUD,,13,1,VCT Americas
2466,0,Lotus,lukxo,LOUD,Vyse,1.36,313.0,27,18,5,9,63.0,190.0,34.0,3.0,1.0,2.0,EG,,11,LOUD,,13,1,VCT Americas
2467,0,Lotus,tuyz,LOUD,Breach,1.12,188.0,16,14,8,2,75.0,133.0,33.0,1.0,0.0,1.0,EG,,11,LOUD,,13,1,VCT Americas
2468,0,Lotus,cauanzin,LOUD,Tejo,0.63,152.0,13,19,4,-6,71.0,106.0,21.0,1.0,2.0,-1.0,EG,,11,LOUD,,13,1,VCT Americas
2469,0,Lotus,dgzin,LOUD,Neon,0.57,132.0,10,18,6,-8,58.0,74.0,19.0,3.0,6.0,-3.0,EG,,11,LOUD,,13,1,VCT Americas
2470,2,Pearl,yay,EG,Jett,1.17,284.0,26,21,2,5,73.0,180.0,36.0,6.0,2.0,4.0,EG,,14,LOUD,,12,1,VCT Americas
2471,2,Pearl,supamen,EG,Astra,0.92,189.0,18,19,6,-1,73.0,114.0,49.0,3.0,1.0,2.0,EG,,14,LOUD,,12,1,VCT Americas
2472,2,Pearl,Derrek,EG,Tejo,0.88,135.0,13,17,5,-4,65.0,105.0,19.0,1.0,1.0,0.0,EG,,14,LOUD,,12,1,VCT Americas
2473,2,Pearl,NaturE,EG,Vyse,0.87,172.0,14,19,9,-5,73.0,123.0,21.0,2.0,2.0,0.0,EG,,14,LOUD,,12,1,VCT Americas
2474,2,Pearl,icy,EG,Yoru,0.82,196.0,17,22,6,-5,73.0,123.0,41.0,3.0,5.0,-2.0,EG,,14,LOUD,,12,1,VCT Americas
2475,2,Pearl,pANcada,LOUD,Astra,1.92,343.0,34,13,12,21,88.0,232.0,33.0,3.0,0.0,3.0,EG,,14,LOUD,,12,0,VCT Americas
2476,2,Pearl,cauanzin,LOUD,Tejo,0.91,199.0,17,19,8,-2,77.0,139.0,35.0,2.0,2.0,0.0,EG,,14,LOUD,,12,0,VCT Americas
2477,2,Pearl,lukxo,LOUD,Vyse,0.89,202.0,17,19,10,-2,62.0,130.0,27.0,1.0,4.0,-3.0,EG,,14,LOUD,,12,0,VCT Americas
2478,2,Pearl,tuyz,LOUD,Fade,0.87,164.0,16,19,10,-3,81.0,111.0,30.0,1.0,1.0,0.0,EG,,14,LOUD,,12,0,VCT Americas
2479,2,Pearl,dgzin,LOUD,Yoru,0.72,145.0,14,18,3,-4,62.0,95.0,36.0,4.0,8.0,-4.0,EG,,14,LOUD,,12,0,VCT Americas
2480,3,Split,Derrek,EG,Tejo,1.45,255.0,22,14,7,8,79.0,184.0,34.0,1.0,2.0,-1.0,EG,,13,LOUD,,11,1,VCT Americas
2481,3,Split,icy,EG,Raze,1.19,241.0,22,19,5,3,79.0,177.0,21.0,4.0,5.0,-1.0,EG,,13,LOUD,,11,1,VCT Americas
2482,3,Split,yay,EG,Astra,0.97,172.0,14,17,6,-3,71.0,123.0,34.0,4.0,1.0,3.0,EG,,13,LOUD,,11,1,VCT Americas
2483,3,Split,NaturE,EG,Breach,0.83,161.0,13,17,7,-4,63.0,116.0,20.0,1.0,1.0,0.0,EG,,13,LOUD,,11,1,VCT Americas
2484,3,Split,supamen,EG,Viper,0.79,159.0,14,17,5,-3,71.0,103.0,21.0,2.0,3.0,-1.0,EG,,13,LOUD,,11,1,VCT Americas
2485,3,Split,lukxo,LOUD,Viper,1.29,266.0,24,16,5,8,75.0,165.0,26.0,6.0,4.0,2.0,EG,,13,LOUD,,11,0,VCT Americas
2486,3,Split,tuyz,LOUD,Breach,1.07,197.0,16,17,14,-1,75.0,120.0,32.0,1.0,0.0,1.0,EG,,13,LOUD,,11,0,VCT Americas
2487,3,Split,cauanzin,LOUD,Tejo,0.94,165.0,14,16,3,-2,67.0,112.0,28.0,1.0,2.0,-1.0,EG,,13,LOUD,,11,0,VCT Americas
2488,3,Split,pANcada,LOUD,Omen,0.81,169.0,14,19,9,-5,75.0,117.0,29.0,3.0,2.0,1.0,EG,,13,LOUD,,11,0,VCT Americas
2489,3,Split,dgzin,LOUD,Jett,0.75,182.0,16,17,4,-1,67.0,126.0,20.0,1.0,4.0,-3.0,EG,,13,LOUD,,11,0,VCT Americas
2490,0,Fracture,Demon1,LEV,Brimstone,1.16,162.0,19,15,8,4,71.0,109.0,45.0,3.0,0.0,3.0,LEV,,13,NRG,,15,0,VCT Americas
2491,0,Fracture,kiNgg,LEV,Neon,1.07,220.0,22,20,9,2,68.0,135.0,20.0,5.0,3.0,2.0,LEV,,13,NRG,,15,0,VCT Americas
2492,0,Fracture,C0M,LEV,Tejo,0.97,161.0,14,16,7,-2,79.0,118.0,17.0,1.0,1.0,0.0,LEV,,13,NRG,,15,0,VCT Americas
2493,0,Fracture,tex,LEV,Vyse,0.7,145.0,14,19,6,-5,64.0,108.0,25.0,1.0,6.0,-5.0,LEV,,13,NRG,,15,0,VCT Americas
2494,0,Fracture,Rossy,LEV,Breach,0.66,163.0,15,21,10,-6,64.0,94.0,17.0,2.0,5.0,-3.0,LEV,,13,NRG,,15,0,VCT Americas
2495,0,Fracture,mada,NRG,Raze,1.38,265.0,25,17,3,8,68.0,181.0,30.0,9.0,4.0,5.0,LEV,,13,NRG,,15,1,VCT Americas
2496,0,Fracture,Ethan,NRG,Breach,1.32,244.0,24,18,11,6,75.0,157.0,25.0,1.0,1.0,0.0,LEV,,13,NRG,,15,1,VCT Americas
2497,0,Fracture,s0m,NRG,Brimstone,1.07,161.0,14,15,15,-1,82.0,108.0,30.0,1.0,1.0,0.0,LEV,,13,NRG,,15,1,VCT Americas
2498,0,Fracture,brawk,NRG,Tejo,1.04,180.0,19,16,8,3,79.0,123.0,17.0,3.0,4.0,-1.0,LEV,,13,NRG,,15,1,VCT Americas
2499,0,Fracture,FiNESSE,NRG,Cypher,0.69,112.0,9,19,7,-10,64.0,78.0,14.0,2.0,3.0,-1.0,LEV,,13,NRG,,15,1,VCT Americas
2500,2,Icebox,kiNgg,LEV,Viper,1.09,211.0,16,15,4,1,71.0,142.0,45.0,1.0,2.0,-1.0,LEV,,8,NRG,,13,0,VCT Americas
2501,2,Icebox,tex,LEV,Killjoy,1.03,212.0,17,16,2,1,81.0,155.0,35.0,0.0,2.0,-2.0,LEV,,8,NRG,,13,0,VCT Americas
2502,2,Icebox,Demon1,LEV,Jett,0.84,209.0,16,17,3,-1,71.0,139.0,36.0,5.0,3.0,2.0,LEV,,8,NRG,,13,0,VCT Americas
2503,2,Icebox,C0M,LEV,Tejo,0.64,131.0,10,16,5,-6,86.0,78.0,24.0,1.0,3.0,-2.0,LEV,,8,NRG,,13,0,VCT Americas
2504,2,Icebox,Rossy,LEV,Kayo,0.56,136.0,7,18,17,-11,76.0,95.0,20.0,2.0,2.0,0.0,LEV,,8,NRG,,13,0,VCT Americas
2505,2,Icebox,mada,NRG,Reyna,1.55,345.0,24,16,8,8,76.0,242.0,34.0,7.0,4.0,3.0,LEV,,8,NRG,,13,1,VCT Americas
2506,2,Icebox,Ethan,NRG,Kayo,1.34,198.0,15,11,13,4,81.0,140.0,27.0,0.0,3.0,-3.0,LEV,,8,NRG,,13,1,VCT Americas
2507,2,Icebox,s0m,NRG,Viper,1.33,206.0,16,11,5,5,90.0,146.0,44.0,2.0,0.0,2.0,LEV,,8,NRG,,13,1,VCT Americas
2508,2,Icebox,brawk,NRG,Gekko,1.22,225.0,17,13,7,4,71.0,153.0,13.0,2.0,1.0,1.0,LEV,,8,NRG,,13,1,VCT Americas
2509,2,Icebox,FiNESSE,NRG,Killjoy,0.64,113.0,10,15,4,-5,71.0,62.0,14.0,1.0,1.0,0.0,LEV,,8,NRG,,13,1,VCT Americas
2510,0,Icebox,aspas,MIBR,Jett,2.3,406.0,25,5,1,20,88.0,251.0,29.0,4.0,0.0,4.0,MIBR,,13,FUR,,3,1,VCT Americas
2511,0,Icebox,Verno,MIBR,Sova,1.43,177.0,10,5,4,5,81.0,112.0,30.0,2.0,1.0,1.0,MIBR,,13,FUR,,3,1,VCT Americas
2512,0,Icebox,xenom,MIBR,Viper,1.27,165.0,12,7,4,5,88.0,101.0,41.0,0.0,1.0,-1.0,MIBR,,13,FUR,,3,1,VCT Americas
2513,0,Icebox,cortezia,MIBR,Killjoy,1.18,193.0,11,7,2,4,69.0,134.0,50.0,2.0,1.0,1.0,MIBR,,13,FUR,,3,1,VCT Americas
2514,0,Icebox,artzin,MIBR,Harbor,0.35,106.0,5,14,6,-9,63.0,72.0,19.0,1.0,4.0,-3.0,MIBR,,13,FUR,,3,1,VCT Americas
2515,0,Icebox,heat,FUR,Killjoy,0.68,145.0,9,12,0,-3,56.0,100.0,36.0,0.0,0.0,0.0,MIBR,,13,FUR,,3,0,VCT Americas
2516,0,Icebox,Khalil,FUR,Viper,0.66,168.0,8,13,3,-5,69.0,103.0,19.0,1.0,0.0,1.0,MIBR,,13,FUR,,3,0,VCT Americas
2517,0,Icebox,pryze,FUR,Tejo,0.63,150.0,8,12,1,-4,56.0,94.0,19.0,0.0,2.0,-2.0,MIBR,,13,FUR,,3,0,VCT Americas
2518,0,Icebox,havoc,FUR,Jett,0.42,164.0,8,13,2,-5,56.0,105.0,30.0,5.0,5.0,0.0,MIBR,,13,FUR,,3,0,VCT Americas
2519,0,Icebox,raafa,FUR,Kayo,0.22,97.0,5,13,6,-8,50.0,57.0,24.0,1.0,2.0,-1.0,MIBR,,13,FUR,,3,0,VCT Americas
2520,2,Ascent,artzin,MIBR,Kayo,1.13,244.0,17,15,11,2,73.0,154.0,14.0,3.0,2.0,1.0,MIBR,,9,FUR,,13,0,VCT Americas
2521,2,Ascent,cortezia,MIBR,Cypher,1.11,221.0,20,14,3,6,77.0,165.0,50.0,1.0,1.0,0.0,MIBR,,9,FUR,,13,0,VCT Americas
2522,2,Ascent,Verno,MIBR,Sova,1.03,202.0,14,14,9,0,77.0,124.0,25.0,1.0,0.0,1.0,MIBR,,9,FUR,,13,0,VCT Americas
2523,2,Ascent,xenom,MIBR,Omen,0.94,196.0,16,15,9,1,64.0,119.0,28.0,3.0,1.0,2.0,MIBR,,9,FUR,,13,0,VCT Americas
2524,2,Ascent,aspas,MIBR,Jett,0.83,175.0,15,16,0,-1,73.0,118.0,43.0,5.0,5.0,0.0,MIBR,,9,FUR,,13,0,VCT Americas
2525,2,Ascent,pryze,FUR,Sova,1.56,292.0,23,14,8,9,77.0,197.0,24.0,1.0,0.0,1.0,MIBR,,9,FUR,,13,1,VCT Americas
2526,2,Ascent,heat,FUR,Vyse,1.27,239.0,20,16,5,4,77.0,169.0,41.0,0.0,0.0,0.0,MIBR,,9,FUR,,13,1,VCT Americas
2527,2,Ascent,havoc,FUR,Jett,0.96,238.0,18,18,1,0,50.0,154.0,49.0,8.0,10.0,-2.0,MIBR,,9,FUR,,13,1,VCT Americas
2528,2,Ascent,Khalil,FUR,Omen,0.7,124.0,8,15,5,-7,68.0,88.0,41.0,0.0,3.0,-3.0,MIBR,,9,FUR,,13,1,VCT Americas
2529,2,Ascent,raafa,FUR,Kayo,0.43,89.0,5,19,15,-14,73.0,58.0,19.0,0.0,0.0,0.0,MIBR,,9,FUR,,13,1,VCT Americas
2530,3,Split,Verno,MIBR,Tejo,1.46,252.0,21,13,7,8,86.0,178.0,29.0,2.0,2.0,0.0,MIBR,,13,FUR,,8,1,VCT Americas
2531,3,Split,aspas,MIBR,Jett,1.46,289.0,23,12,2,11,71.0,176.0,24.0,5.0,3.0,2.0,MIBR,,13,FUR,,8,1,VCT Americas
2532,3,Split,artzin,MIBR,Breach,0.98,210.0,16,14,8,2,71.0,135.0,31.0,1.0,1.0,0.0,MIBR,,13,FUR,,8,1,VCT Americas
2533,3,Split,xenom,MIBR,Viper,0.95,181.0,14,13,4,1,76.0,116.0,34.0,2.0,3.0,-1.0,MIBR,,13,FUR,,8,1,VCT Americas
2534,3,Split,cortezia,MIBR,Omen,0.52,105.0,8,15,6,-7,67.0,66.0,36.0,1.0,1.0,0.0,MIBR,,13,FUR,,8,1,VCT Americas
2535,3,Split,Khalil,FUR,Omen,1.3,235.0,20,15,2,5,76.0,151.0,30.0,2.0,2.0,0.0,MIBR,,13,FUR,,8,0,VCT Americas
2536,3,Split,havoc,FUR,Yoru,0.91,213.0,15,18,3,-3,71.0,132.0,26.0,5.0,3.0,2.0,MIBR,,13,FUR,,8,0,VCT Americas
2537,3,Split,pryze,FUR,Tejo,0.89,161.0,12,16,6,-4,67.0,114.0,19.0,1.0,0.0,1.0,MIBR,,13,FUR,,8,0,VCT Americas
2538,3,Split,raafa,FUR,Breach,0.85,166.0,11,16,15,-5,76.0,111.0,26.0,1.0,3.0,-2.0,MIBR,,13,FUR,,8,0,VCT Americas
2539,3,Split,heat,FUR,Viper,0.61,131.0,9,17,4,-8,52.0,94.0,35.0,1.0,3.0,-2.0,MIBR,,13,FUR,,8,0,VCT Americas
2540,0,Icebox,leaf,G2,Killjoy,1.43,276.0,19,11,3,8,83.0,172.0,19.0,3.0,2.0,1.0,G2,,13,C9,,5,1,VCT Americas
2541,0,Icebox,trent,G2,Tejo,1.33,205.0,12,9,9,3,78.0,152.0,24.0,1.0,0.0,1.0,G2,,13,C9,,5,1,VCT Americas
2542,0,Icebox,jawgemo,G2,Gekko,1.17,199.0,13,11,4,2,67.0,123.0,35.0,1.0,2.0,-1.0,G2,,13,C9,,5,1,VCT Americas
2543,0,Icebox,valyn,G2,Harbor,1.14,234.0,15,12,5,3,78.0,158.0,22.0,1.0,2.0,-1.0,G2,,13,C9,,5,1,VCT Americas
2544,0,Icebox,JonahP,G2,Viper,0.77,155.0,9,12,6,-3,56.0,120.0,21.0,2.0,4.0,-2.0,G2,,13,C9,,5,1,VCT Americas
2545,0,Icebox,v1c,C9,Viper,1.12,224.0,12,12,6,0,78.0,178.0,24.0,0.0,1.0,-1.0,G2,,13,C9,,5,0,VCT Americas
2546,0,Icebox,Xeppaa,C9,Sova,0.91,203.0,13,13,2,0,50.0,137.0,31.0,3.0,2.0,1.0,G2,,13,C9,,5,0,VCT Americas
2547,0,Icebox,neT,C9,Killjoy,0.88,208.0,13,14,3,-1,72.0,132.0,21.0,2.0,1.0,1.0,G2,,13,C9,,5,0,VCT Americas
2548,0,Icebox,mitch,C9,Harbor,0.71,140.0,9,12,6,-3,67.0,86.0,13.0,2.0,2.0,0.0,G2,,13,C9,,5,0,VCT Americas
2549,0,Icebox,OXY,C9,Jett,0.44,131.0,8,17,3,-9,67.0,80.0,25.0,3.0,2.0,1.0,G2,,13,C9,,5,0,VCT Americas
2550,2,Haven,jawgemo,G2,Yoru,1.14,241.0,14,14,5,0,71.0,148.0,26.0,5.0,3.0,2.0,G2,,4,C9,,13,0,VCT Americas
2551,2,Haven,JonahP,G2,Breach,0.8,152.0,9,14,5,-5,47.0,109.0,21.0,0.0,1.0,-1.0,G2,,4,C9,,13,0,VCT Americas
2552,2,Haven,trent,G2,Tejo,0.79,173.0,10,14,7,-4,65.0,118.0,23.0,0.0,3.0,-3.0,G2,,4,C9,,13,0,VCT Americas
2553,2,Haven,leaf,G2,Vyse,0.77,195.0,10,15,7,-5,65.0,130.0,23.0,0.0,2.0,-2.0,G2,,4,C9,,13,0,VCT Americas
2554,2,Haven,valyn,G2,Astra,0.69,130.0,7,14,8,-7,65.0,81.0,9.0,2.0,1.0,1.0,G2,,4,C9,,13,0,VCT Americas
2555,2,Haven,neT,C9,Cypher,1.4,195.0,15,7,2,8,76.0,140.0,43.0,2.0,0.0,2.0,G2,,4,C9,,13,1,VCT Americas
2556,2,Haven,OXY,C9,Jett,1.31,335.0,19,13,5,6,71.0,211.0,16.0,6.0,4.0,2.0,G2,,4,C9,,13,1,VCT Americas
2557,2,Haven,Xeppaa,C9,Sova,1.23,212.0,14,10,9,4,76.0,151.0,33.0,1.0,1.0,0.0,G2,,4,C9,,13,1,VCT Americas
2558,2,Haven,mitch,C9,Breach,1.17,226.0,13,11,12,2,76.0,160.0,22.0,1.0,0.0,1.0,G2,,4,C9,,13,1,VCT Americas
2559,2,Haven,v1c,C9,Omen,1.13,159.0,10,9,8,1,76.0,114.0,24.0,0.0,2.0,-2.0,G2,,4,C9,,13,1,VCT Americas
2560,3,Pearl,trent,G2,Tejo,1.49,237.0,22,12,9,10,88.0,153.0,32.0,3.0,0.0,3.0,G2,,13,C9,,11,1,VCT Americas
2561,3,Pearl,jawgemo,G2,Yoru,1.13,263.0,22,19,6,3,75.0,166.0,28.0,6.0,4.0,2.0,G2,,13,C9,,11,1,VCT Americas
2562,3,Pearl,JonahP,G2,Fade,1.09,191.0,16,16,13,0,83.0,106.0,21.0,3.0,3.0,0.0,G2,,13,C9,,11,1,VCT Americas
2563,3,Pearl,valyn,G2,Astra,0.98,202.0,16,17,12,-1,92.0,145.0,24.0,1.0,0.0,1.0,G2,,13,C9,,11,1,VCT Americas
2564,3,Pearl,leaf,G2,Vyse,0.96,164.0,15,15,7,0,75.0,95.0,20.0,2.0,2.0,0.0,G2,,13,C9,,11,1,VCT Americas
2565,3,Pearl,mitch,C9,Sova,1.28,258.0,20,17,8,3,71.0,189.0,27.0,2.0,1.0,1.0,G2,,13,C9,,11,0,VCT Americas
2566,3,Pearl,Xeppaa,C9,Yoru,0.95,203.0,18,19,6,-1,67.0,139.0,35.0,4.0,2.0,2.0,G2,,13,C9,,11,0,VCT Americas
2567,3,Pearl,v1c,C9,Astra,0.93,139.0,12,16,10,-4,63.0,94.0,30.0,0.0,1.0,-1.0,G2,,13,C9,,11,0,VCT Americas
2568,3,Pearl,neT,C9,Cypher,0.81,179.0,16,18,6,-2,75.0,105.0,32.0,2.0,4.0,-2.0,G2,,13,C9,,11,0,VCT Americas
2569,3,Pearl,OXY,C9,Jett,0.55,156.0,13,21,7,-8,54.0,106.0,22.0,1.0,7.0,-6.0,G2,,13,C9,,11,0,VCT Americas
2570,0,Haven,mada,NRG,Jett,1.48,264.0,18,11,4,7,84.0,156.0,26.0,4.0,1.0,3.0,NRG,,6,MIBR,,13,0,VCT Americas
2571,0,Haven,Ethan,NRG,Yoru,1.03,192.0,13,12,2,1,74.0,122.0,20.0,4.0,2.0,2.0,NRG,,6,MIBR,,13,0,VCT Americas
2572,0,Haven,brawk,NRG,Sova,0.77,186.0,10,16,9,-6,74.0,137.0,8.0,0.0,1.0,-1.0,NRG,,6,MIBR,,13,0,VCT Americas
2573,0,Haven,s0m,NRG,Omen,0.5,113.0,8,15,8,-7,68.0,79.0,22.0,1.0,4.0,-3.0,NRG,,6,MIBR,,13,0,VCT Americas
2574,0,Haven,FiNESSE,NRG,Cypher,0.48,109.0,7,16,3,-9,58.0,85.0,15.0,1.0,1.0,0.0,NRG,,6,MIBR,,13,0,VCT Americas
2575,0,Haven,Verno,MIBR,Tejo,1.95,297.0,22,7,3,15,95.0,207.0,32.0,0.0,0.0,0.0,NRG,,6,MIBR,,13,1,VCT Americas
2576,0,Haven,aspas,MIBR,Jett,1.2,251.0,16,12,4,4,74.0,172.0,22.0,5.0,4.0,1.0,NRG,,6,MIBR,,13,1,VCT Americas
2577,0,Haven,artzin,MIBR,Breach,0.89,173.0,11,13,7,-2,74.0,113.0,18.0,1.0,3.0,-2.0,NRG,,6,MIBR,,13,1,VCT Americas
2578,0,Haven,xenom,MIBR,Omen,0.87,158.0,11,14,6,-3,74.0,109.0,40.0,3.0,1.0,2.0,NRG,,6,MIBR,,13,1,VCT Americas
2579,0,Haven,cortezia,MIBR,Cypher,0.85,128.0,10,10,2,0,68.0,97.0,35.0,0.0,2.0,-2.0,NRG,,6,MIBR,,13,1,VCT Americas
2580,2,Icebox,Ethan,NRG,Harbor,1.45,289.0,19,16,7,3,89.0,187.0,35.0,2.0,1.0,1.0,NRG,,5,MIBR,,13,0,VCT Americas
2581,2,Icebox,FiNESSE,NRG,Killjoy,0.86,142.0,11,12,2,-1,50.0,81.0,19.0,1.0,1.0,0.0,NRG,,5,MIBR,,13,0,VCT Americas
2582,2,Icebox,s0m,NRG,Viper,0.8,209.0,13,16,4,-3,83.0,134.0,23.0,1.0,3.0,-2.0,NRG,,5,MIBR,,13,0,VCT Americas
2583,2,Icebox,mada,NRG,Jett,0.64,176.0,9,16,5,-7,56.0,128.0,20.0,3.0,6.0,-3.0,NRG,,5,MIBR,,13,0,VCT Americas
2584,2,Icebox,brawk,NRG,Sova,0.51,134.0,9,15,2,-6,61.0,89.0,24.0,0.0,0.0,0.0,NRG,,5,MIBR,,13,0,VCT Americas
2585,2,Icebox,aspas,MIBR,Jett,1.7,335.0,23,11,1,12,89.0,229.0,30.0,5.0,0.0,5.0,NRG,,5,MIBR,,13,1,VCT Americas
2586,2,Icebox,Verno,MIBR,Sova,1.2,246.0,16,11,5,5,78.0,159.0,17.0,2.0,1.0,1.0,NRG,,5,MIBR,,13,1,VCT Americas
2587,2,Icebox,xenom,MIBR,Viper,1.11,227.0,16,12,4,4,61.0,162.0,52.0,0.0,2.0,-2.0,NRG,,5,MIBR,,13,1,VCT Americas
2588,2,Icebox,cortezia,MIBR,Killjoy,1.07,231.0,15,15,3,0,78.0,162.0,41.0,2.0,2.0,0.0,NRG,,5,MIBR,,13,1,VCT Americas
2589,2,Icebox,artzin,MIBR,Harbor,0.43,80.0,5,12,4,-7,61.0,52.0,26.0,2.0,2.0,0.0,NRG,,5,MIBR,,13,1,VCT Americas
2590,0,Lotus,Khalil,FUR,Omen,0.98,208.0,23,22,7,1,77.0,134.0,26.0,3.0,4.0,-1.0,FUR,,14,C9,,16,0,VCT Americas
2591,0,Lotus,havoc,FUR,Neon,0.97,242.0,24,24,8,0,77.0,158.0,31.0,11.0,3.0,8.0,FUR,,14,C9,,16,0,VCT Americas
2592,0,Lotus,raafa,FUR,Breach,0.97,156.0,18,18,9,0,83.0,101.0,20.0,0.0,0.0,0.0,FUR,,14,C9,,16,0,VCT Americas
2593,0,Lotus,heat,FUR,Clove,0.93,207.0,23,21,5,2,63.0,142.0,39.0,3.0,3.0,0.0,FUR,,14,C9,,16,0,VCT Americas
2594,0,Lotus,pryze,FUR,Fade,0.81,152.0,16,20,13,-4,80.0,102.0,33.0,0.0,3.0,-3.0,FUR,,14,C9,,16,0,VCT Americas
2595,0,Lotus,v1c,C9,Omen,1.4,247.0,27,18,9,9,83.0,151.0,36.0,4.0,2.0,2.0,FUR,,14,C9,,16,1,VCT Americas
2596,0,Lotus,OXY,C9,Neon,1.17,262.0,27,22,6,5,73.0,161.0,24.0,8.0,9.0,-1.0,FUR,,14,C9,,16,1,VCT Americas
2597,0,Lotus,mitch,C9,Breach,1.02,199.0,20,24,11,-4,73.0,135.0,30.0,0.0,1.0,-1.0,FUR,,14,C9,,16,1,VCT Americas
2598,0,Lotus,Xeppaa,C9,Tejo,1.01,188.0,20,20,8,0,70.0,127.0,32.0,0.0,2.0,-2.0,FUR,,14,C9,,16,1,VCT Americas
2599,0,Lotus,neT,C9,Cypher,0.58,92.0,10,20,3,-10,63.0,69.0,33.0,1.0,3.0,-2.0,FUR,,14,C9,,16,1,VCT Americas
2600,2,Pearl,raafa,FUR,Kayo,0.65,172.0,7,13,3,-6,43.0,110.0,8.0,2.0,1.0,1.0,FUR,,1,C9,,13,0,VCT Americas
2601,2,Pearl,Khalil,FUR,Astra,0.62,158.0,7,12,2,-5,43.0,98.0,17.0,1.0,3.0,-2.0,FUR,,1,C9,,13,0,VCT Americas
2602,2,Pearl,heat,FUR,Vyse,0.55,130.0,5,12,3,-7,57.0,82.0,50.0,1.0,0.0,1.0,FUR,,1,C9,,13,0,VCT Americas
2603,2,Pearl,havoc,FUR,Jett,0.44,148.0,7,13,1,-6,43.0,88.0,16.0,2.0,3.0,-1.0,FUR,,1,C9,,13,0,VCT Americas
2604,2,Pearl,pryze,FUR,Tejo,0.33,105.0,5,13,3,-8,71.0,70.0,18.0,0.0,1.0,-1.0,FUR,,1,C9,,13,0,VCT Americas
2605,2,Pearl,Xeppaa,C9,Yoru,1.81,222.0,15,3,3,12,93.0,145.0,26.0,2.0,0.0,2.0,FUR,,1,C9,,13,1,VCT Americas
2606,2,Pearl,OXY,C9,Jett,1.53,289.0,14,8,5,6,93.0,207.0,23.0,3.0,0.0,3.0,FUR,,1,C9,,13,1,VCT Americas
2607,2,Pearl,v1c,C9,Astra,1.52,253.0,14,6,5,8,93.0,151.0,32.0,1.0,2.0,-1.0,FUR,,1,C9,,13,1,VCT Americas
2608,2,Pearl,neT,C9,Cypher,1.32,225.0,12,7,4,5,86.0,148.0,52.0,2.0,3.0,-1.0,FUR,,1,C9,,13,1,VCT Americas
2609,2,Pearl,mitch,C9,Sova,1.09,167.0,8,7,6,1,79.0,115.0,22.0,0.0,1.0,-1.0,FUR,,1,C9,,13,1,VCT Americas
2610,0,Lotus,valyn,G2,Omen,1.51,281.0,23,14,6,9,87.0,170.0,16.0,3.0,0.0,3.0,G2,,13,LEV,,10,1,VCT Americas
2611,0,Lotus,trent,G2,Tejo,1.26,201.0,17,13,7,4,74.0,147.0,32.0,0.0,2.0,-2.0,G2,,13,LEV,,10,1,VCT Americas
2612,0,Lotus,jawgemo,G2,Yoru,1.14,220.0,19,13,5,6,70.0,136.0,35.0,2.0,5.0,-3.0,G2,,13,LEV,,10,1,VCT Americas
2613,0,Lotus,leaf,G2,Viper,0.92,210.0,16,17,9,-1,65.0,139.0,26.0,4.0,4.0,0.0,G2,,13,LEV,,10,1,VCT Americas
2614,0,Lotus,JonahP,G2,Breach,0.65,105.0,8,17,13,-9,78.0,57.0,8.0,1.0,2.0,-1.0,G2,,13,LEV,,10,1,VCT Americas
2615,0,Lotus,Demon1,LEV,Neon,1.14,262.0,22,18,3,4,65.0,172.0,26.0,4.0,4.0,0.0,G2,,13,LEV,,10,0,VCT Americas
2616,0,Lotus,kiNgg,LEV,Omen,0.96,212.0,16,16,7,0,70.0,134.0,27.0,3.0,2.0,1.0,G2,,13,LEV,,10,0,VCT Americas
2617,0,Lotus,Rossy,LEV,Breach,0.78,157.0,13,17,10,-4,70.0,99.0,18.0,2.0,1.0,1.0,G2,,13,LEV,,10,0,VCT Americas
2618,0,Lotus,tex,LEV,Viper,0.73,142.0,12,15,3,-3,57.0,91.0,38.0,3.0,3.0,0.0,G2,,13,LEV,,10,0,VCT Americas
2619,0,Lotus,C0M,LEV,Tejo,0.71,154.0,11,17,6,-6,70.0,113.0,36.0,1.0,0.0,1.0,G2,,13,LEV,,10,0,VCT Americas
2620,2,Fracture,trent,G2,Tejo,1.4,241.0,23,15,6,8,83.0,151.0,19.0,4.0,0.0,4.0,G2,,11,LEV,,13,0,VCT Americas
2621,2,Fracture,valyn,G2,Brimstone,1.0,214.0,19,19,9,0,75.0,130.0,21.0,3.0,2.0,1.0,G2,,11,LEV,,13,0,VCT Americas
2622,2,Fracture,leaf,G2,Cypher,0.99,205.0,18,19,5,-1,71.0,139.0,24.0,2.0,3.0,-1.0,G2,,11,LEV,,13,0,VCT Americas
2623,2,Fracture,JonahP,G2,Breach,0.77,166.0,13,19,10,-6,67.0,97.0,29.0,4.0,1.0,3.0,G2,,11,LEV,,13,0,VCT Americas
2624,2,Fracture,jawgemo,G2,Waylay,0.51,146.0,11,21,4,-10,71.0,97.0,16.0,3.0,2.0,1.0,G2,,11,LEV,,13,0,VCT Americas
2625,2,Fracture,tex,LEV,Vyse,1.35,281.0,23,15,10,8,79.0,187.0,40.0,3.0,3.0,0.0,G2,,11,LEV,,13,1,VCT Americas
2626,2,Fracture,Demon1,LEV,Brimstone,1.24,270.0,22,18,11,4,83.0,178.0,38.0,1.0,4.0,-3.0,G2,,11,LEV,,13,1,VCT Americas
2627,2,Fracture,C0M,LEV,Tejo,1.18,178.0,17,13,3,4,75.0,123.0,31.0,1.0,0.0,1.0,G2,,11,LEV,,13,1,VCT Americas
2628,2,Fracture,Rossy,LEV,Breach,1.05,216.0,19,18,10,1,88.0,129.0,32.0,0.0,3.0,-3.0,G2,,11,LEV,,13,1,VCT Americas
2629,2,Fracture,kiNgg,LEV,Neon,0.52,161.0,12,20,7,-8,71.0,96.0,22.0,3.0,6.0,-3.0,G2,,11,LEV,,13,1,VCT Americas
2630,3,Haven,trent,G2,Tejo,1.57,263.0,20,11,5,9,80.0,171.0,24.0,0.0,2.0,-2.0,G2,,13,LEV,,7,1,VCT Americas
2631,3,Haven,valyn,G2,Astra,1.23,206.0,14,13,10,1,80.0,134.0,20.0,1.0,0.0,1.0,G2,,13,LEV,,7,1,VCT Americas
2632,3,Haven,leaf,G2,Vyse,1.17,274.0,18,14,9,4,65.0,182.0,31.0,5.0,3.0,2.0,G2,,13,LEV,,7,1,VCT Americas
2633,3,Haven,jawgemo,G2,Yoru,0.93,184.0,14,14,3,0,80.0,119.0,14.0,4.0,2.0,2.0,G2,,13,LEV,,7,1,VCT Americas
2634,3,Haven,JonahP,G2,Breach,0.72,156.0,11,14,10,-3,65.0,109.0,14.0,0.0,3.0,-3.0,G2,,13,LEV,,7,1,VCT Americas
2635,3,Haven,Rossy,LEV,Breach,1.3,249.0,18,14,7,4,80.0,157.0,31.0,1.0,0.0,1.0,G2,,13,LEV,,7,0,VCT Americas
2636,3,Haven,Demon1,LEV,Jett,1.07,252.0,18,17,2,1,70.0,162.0,42.0,4.0,5.0,-1.0,G2,,13,LEV,,7,0,VCT Americas
2637,3,Haven,C0M,LEV,Tejo,0.86,146.0,11,14,9,-3,75.0,88.0,18.0,2.0,1.0,1.0,G2,,13,LEV,,7,0,VCT Americas
2638,3,Haven,tex,LEV,Vyse,0.81,174.0,11,17,5,-6,80.0,103.0,41.0,3.0,0.0,3.0,G2,,13,LEV,,7,0,VCT Americas
2639,3,Haven,kiNgg,LEV,Omen,0.6,134.0,8,15,13,-7,65.0,97.0,30.0,0.0,4.0,-4.0,G2,,13,LEV,,7,0,VCT Americas
2640,0,Pearl,v1c,C9,Astra,1.48,231.0,20,11,5,9,91.0,147.0,40.0,2.0,2.0,0.0,C9,,13,MIBR,,9,1,VCT Americas
2641,0,Pearl,Xeppaa,C9,Yoru,1.26,241.0,20,14,3,6,73.0,164.0,36.0,5.0,2.0,3.0,C9,,13,MIBR,,9,1,VCT Americas
2642,0,Pearl,neT,C9,Cypher,0.83,140.0,11,13,2,-2,64.0,85.0,23.0,0.0,1.0,-1.0,C9,,13,MIBR,,9,1,VCT Americas
2643,0,Pearl,OXY,C9,Jett,0.82,230.0,18,18,2,0,73.0,135.0,20.0,5.0,4.0,1.0,C9,,13,MIBR,,9,1,VCT Americas
2644,0,Pearl,mitch,C9,Sova,0.51,106.0,8,15,7,-7,73.0,78.0,29.0,0.0,1.0,-1.0,C9,,13,MIBR,,9,1,VCT Americas
2645,0,Pearl,cortezia,MIBR,Vyse,1.33,260.0,20,14,2,6,68.0,169.0,41.0,4.0,2.0,2.0,C9,,13,MIBR,,9,0,VCT Americas
2646,0,Pearl,Verno,MIBR,Tejo,1.04,203.0,15,14,5,1,73.0,141.0,24.0,1.0,1.0,0.0,C9,,13,MIBR,,9,0,VCT Americas
2647,0,Pearl,aspas,MIBR,Waylay,0.86,197.0,17,17,2,0,64.0,130.0,50.0,3.0,4.0,-1.0,C9,,13,MIBR,,9,0,VCT Americas
2648,0,Pearl,xenom,MIBR,Astra,0.78,139.0,10,14,9,-4,91.0,92.0,36.0,1.0,1.0,0.0,C9,,13,MIBR,,9,0,VCT Americas
2649,0,Pearl,artzin,MIBR,Kayo,0.54,133.0,9,18,7,-9,64.0,85.0,13.0,1.0,4.0,-3.0,C9,,13,MIBR,,9,0,VCT Americas
2650,2,Lotus,neT,C9,Cypher,1.25,225.0,23,17,8,6,75.0,142.0,22.0,1.0,1.0,0.0,C9,,13,MIBR,,15,0,VCT Americas
2651,2,Lotus,mitch,C9,Breach,1.21,218.0,22,20,14,2,82.0,144.0,19.0,0.0,1.0,-1.0,C9,,13,MIBR,,15,0,VCT Americas
2652,2,Lotus,v1c,C9,Omen,1.2,254.0,24,20,11,4,64.0,159.0,45.0,5.0,4.0,1.0,C9,,13,MIBR,,15,0,VCT Americas
2653,2,Lotus,OXY,C9,Neon,0.8,237.0,21,25,7,-4,64.0,152.0,27.0,8.0,7.0,1.0,C9,,13,MIBR,,15,0,VCT Americas
2654,2,Lotus,Xeppaa,C9,Tejo,0.6,104.0,10,20,6,-10,86.0,86.0,19.0,0.0,1.0,-1.0,C9,,13,MIBR,,15,0,VCT Americas
2655,2,Lotus,Verno,MIBR,Tejo,1.2,188.0,19,16,13,3,86.0,125.0,26.0,1.0,0.0,1.0,C9,,13,MIBR,,15,1,VCT Americas
2656,2,Lotus,cortezia,MIBR,Vyse,1.05,229.0,21,20,9,1,68.0,154.0,33.0,3.0,1.0,2.0,C9,,13,MIBR,,15,1,VCT Americas
2657,2,Lotus,xenom,MIBR,Omen,1.03,208.0,22,20,12,2,75.0,135.0,28.0,1.0,7.0,-6.0,C9,,13,MIBR,,15,1,VCT Americas
2658,2,Lotus,aspas,MIBR,Neon,0.89,202.0,23,22,3,1,71.0,139.0,30.0,5.0,4.0,1.0,C9,,13,MIBR,,15,1,VCT Americas
2659,2,Lotus,artzin,MIBR,Breach,0.89,196.0,17,23,15,-6,82.0,121.0,27.0,4.0,2.0,2.0,C9,,13,MIBR,,15,1,VCT Americas
2660,3,Haven,OXY,C9,Jett,1.38,326.0,27,20,3,7,83.0,203.0,47.0,7.0,5.0,2.0,C9,,11,MIBR,,13,0,VCT Americas
2661,3,Haven,v1c,C9,Omen,1.27,211.0,18,14,14,4,88.0,128.0,48.0,1.0,1.0,0.0,C9,,11,MIBR,,13,0,VCT Americas
2662,3,Haven,Xeppaa,C9,Sova,1.11,209.0,17,15,7,2,83.0,127.0,22.0,2.0,1.0,1.0,C9,,11,MIBR,,13,0,VCT Americas
2663,3,Haven,neT,C9,Cypher,0.49,99.0,8,17,3,-9,75.0,67.0,12.0,0.0,3.0,-3.0,C9,,11,MIBR,,13,0,VCT Americas
2664,3,Haven,mitch,C9,Breach,0.47,89.0,6,18,13,-12,63.0,58.0,10.0,0.0,4.0,-4.0,C9,,11,MIBR,,13,0,VCT Americas
2665,3,Haven,aspas,MIBR,Jett,1.6,303.0,27,14,3,13,88.0,189.0,44.0,7.0,4.0,3.0,C9,,11,MIBR,,13,1,VCT Americas
2666,3,Haven,cortezia,MIBR,Cypher,1.29,251.0,22,15,5,7,75.0,154.0,36.0,3.0,1.0,2.0,C9,,11,MIBR,,13,1,VCT Americas
2667,3,Haven,Verno,MIBR,Tejo,0.86,124.0,11,12,6,-1,75.0,82.0,22.0,0.0,0.0,0.0,C9,,11,MIBR,,13,1,VCT Americas
2668,3,Haven,xenom,MIBR,Omen,0.8,160.0,13,17,15,-4,83.0,106.0,32.0,1.0,1.0,0.0,C9,,11,MIBR,,13,1,VCT Americas
2669,3,Haven,artzin,MIBR,Breach,0.64,163.0,11,18,10,-7,75.0,120.0,21.0,3.0,4.0,-1.0,C9,,11,MIBR,,13,1,VCT Americas
2670,0,Ascent,pryze,FUR,Sova,1.2,256.0,14,13,4,1,82.0,153.0,26.0,0.0,1.0,-1.0,FUR,,4,LEV,,13,0,VCT Americas
2671,0,Ascent,Khalil,FUR,Omen,1.07,235.0,14,14,4,0,71.0,144.0,18.0,1.0,0.0,1.0,FUR,,4,LEV,,13,0,VCT Americas
2672,0,Ascent,heat,FUR,Vyse,0.69,149.0,9,14,4,-5,71.0,96.0,38.0,4.0,2.0,2.0,FUR,,4,LEV,,13,0,VCT Americas
2673,0,Ascent,havoc,FUR,Yoru,0.47,115.0,7,14,4,-7,59.0,87.0,33.0,2.0,4.0,-2.0,FUR,,4,LEV,,13,0,VCT Americas
2674,0,Ascent,raafa,FUR,Tejo,0.45,138.0,7,15,3,-8,59.0,95.0,16.0,1.0,2.0,-1.0,FUR,,4,LEV,,13,0,VCT Americas
2675,0,Ascent,C0M,LEV,Tejo,1.92,307.0,21,7,4,14,88.0,214.0,33.0,1.0,0.0,1.0,FUR,,4,LEV,,13,1,VCT Americas
2676,0,Ascent,Demon1,LEV,Omen,1.26,252.0,16,12,12,4,88.0,156.0,42.0,1.0,2.0,-1.0,FUR,,4,LEV,,13,1,VCT Americas
2677,0,Ascent,tex,LEV,Vyse,1.1,229.0,12,11,3,1,88.0,151.0,33.0,1.0,1.0,0.0,FUR,,4,LEV,,13,1,VCT Americas
2678,0,Ascent,kiNgg,LEV,Waylay,1.09,203.0,13,10,1,3,76.0,134.0,24.0,4.0,3.0,1.0,FUR,,4,LEV,,13,1,VCT Americas
2679,0,Ascent,Rossy,LEV,Kayo,0.76,117.0,8,11,9,-3,82.0,74.0,22.0,2.0,2.0,0.0,FUR,,4,LEV,,13,1,VCT Americas
2680,2,Pearl,heat,FUR,Vyse,1.18,257.0,16,15,1,1,50.0,155.0,40.0,0.0,1.0,-1.0,FUR,,5,LEV,,13,0,VCT Americas
2681,2,Pearl,Khalil,FUR,Astra,0.69,145.0,10,15,4,-5,72.0,102.0,42.0,2.0,1.0,1.0,FUR,,5,LEV,,13,0,VCT Americas
2682,2,Pearl,raafa,FUR,Tejo,0.66,162.0,9,15,6,-6,61.0,114.0,12.0,0.0,4.0,-4.0,FUR,,5,LEV,,13,0,VCT Americas
2683,2,Pearl,havoc,FUR,Yoru,0.5,151.0,10,16,0,-6,50.0,91.0,22.0,3.0,3.0,0.0,FUR,,5,LEV,,13,0,VCT Americas
2684,2,Pearl,pryze,FUR,Fade,0.28,98.0,6,16,2,-10,44.0,67.0,21.0,0.0,4.0,-4.0,FUR,,5,LEV,,13,0,VCT Americas
2685,2,Pearl,kiNgg,LEV,Yoru,1.51,270.0,18,9,3,9,89.0,164.0,35.0,5.0,0.0,5.0,FUR,,5,LEV,,13,1,VCT Americas
2686,2,Pearl,tex,LEV,Vyse,1.44,267.0,19,10,3,9,89.0,154.0,33.0,3.0,0.0,3.0,FUR,,5,LEV,,13,1,VCT Americas
2687,2,Pearl,Demon1,LEV,Astra,1.31,232.0,17,10,6,7,89.0,157.0,42.0,3.0,0.0,3.0,FUR,,5,LEV,,13,1,VCT Americas
2688,2,Pearl,Rossy,LEV,Tejo,1.21,198.0,14,11,2,3,72.0,141.0,46.0,2.0,3.0,-1.0,FUR,,5,LEV,,13,1,VCT Americas
2689,2,Pearl,C0M,LEV,Fade,0.9,150.0,9,11,12,-2,83.0,103.0,20.0,0.0,2.0,-2.0,FUR,,5,LEV,,13,1,VCT Americas
2690,0,Lotus,jawgemo,G2,Yoru,2.46,460.0,27,7,5,20,100.0,294.0,30.0,2.0,1.0,1.0,G2,,13,NRG,,1,1,VCT Americas
2691,0,Lotus,leaf,G2,Viper,1.33,296.0,16,8,4,8,93.0,193.0,19.0,4.0,1.0,3.0,G2,,13,NRG,,1,1,VCT Americas
2692,0,Lotus,valyn,G2,Omen,1.18,142.0,7,6,10,1,79.0,94.0,25.0,1.0,2.0,-1.0,G2,,13,NRG,,1,1,VCT Americas
2693,0,Lotus,JonahP,G2,Breach,1.16,138.0,7,5,7,2,93.0,89.0,17.0,2.0,0.0,2.0,G2,,13,NRG,,1,1,VCT Americas
2694,0,Lotus,trent,G2,Tejo,1.14,204.0,10,7,3,3,93.0,147.0,38.0,1.0,0.0,1.0,G2,,13,NRG,,1,1,VCT Americas
2695,0,Lotus,brawk,NRG,Tejo,0.71,199.0,8,13,5,-5,64.0,139.0,23.0,0.0,2.0,-2.0,G2,,13,NRG,,1,0,VCT Americas
2696,0,Lotus,Ethan,NRG,Breach,0.7,164.0,7,13,4,-6,64.0,106.0,8.0,0.0,0.0,0.0,G2,,13,NRG,,1,0,VCT Americas
2697,0,Lotus,FiNESSE,NRG,Vyse,0.57,150.0,5,14,4,-9,43.0,114.0,18.0,2.0,0.0,2.0,G2,,13,NRG,,1,0,VCT Americas
2698,0,Lotus,s0m,NRG,Omen,0.55,137.0,7,13,3,-6,64.0,82.0,26.0,0.0,4.0,-4.0,G2,,13,NRG,,1,0,VCT Americas
2699,0,Lotus,mada,NRG,Raze,0.45,137.0,6,14,2,-8,71.0,97.0,29.0,2.0,4.0,-2.0,G2,,13,NRG,,1,0,VCT Americas
2700,2,Ascent,jawgemo,G2,Waylay,1.33,266.0,19,13,4,6,63.0,173.0,16.0,4.0,3.0,1.0,G2,,13,NRG,,6,1,VCT Americas
2701,2,Ascent,leaf,G2,Vyse,1.13,192.0,15,11,3,4,68.0,107.0,22.0,3.0,0.0,3.0,G2,,13,NRG,,6,1,VCT Americas
2702,2,Ascent,trent,G2,Tejo,1.1,181.0,13,11,5,2,68.0,115.0,12.0,1.0,2.0,-1.0,G2,,13,NRG,,6,1,VCT Americas
2703,2,Ascent,JonahP,G2,Kayo,0.99,187.0,12,12,12,0,68.0,107.0,16.0,2.0,1.0,1.0,G2,,13,NRG,,6,1,VCT Americas
2704,2,Ascent,valyn,G2,Omen,0.78,193.0,12,16,7,-4,58.0,135.0,14.0,1.0,2.0,-1.0,G2,,13,NRG,,6,1,VCT Americas
2705,2,Ascent,Ethan,NRG,Kayo,1.05,212.0,13,14,11,-1,84.0,131.0,20.0,1.0,1.0,0.0,G2,,13,NRG,,6,0,VCT Americas
2706,2,Ascent,brawk,NRG,Sova,1.05,220.0,12,12,6,0,84.0,167.0,17.0,1.0,3.0,-2.0,G2,,13,NRG,,6,0,VCT Americas
2707,2,Ascent,mada,NRG,Jett,0.94,234.0,15,16,3,-1,74.0,147.0,18.0,5.0,3.0,2.0,G2,,13,NRG,,6,0,VCT Americas
2708,2,Ascent,FiNESSE,NRG,Cypher,0.85,159.0,10,14,3,-4,63.0,116.0,35.0,1.0,3.0,-2.0,G2,,13,NRG,,6,0,VCT Americas
2709,2,Ascent,s0m,NRG,Omen,0.8,182.0,13,15,7,-2,79.0,110.0,32.0,0.0,1.0,-1.0,G2,,13,NRG,,6,0,VCT Americas
2710,0,Split,Demon1,LEV,Omen,1.1,193.0,14,14,6,0,62.0,129.0,50.0,2.0,1.0,1.0,LEV,,8,C9,,13,0,VCT Americas
2711,0,Split,Rossy,LEV,Breach,1.06,250.0,19,17,6,2,71.0,170.0,38.0,0.0,2.0,-2.0,LEV,,8,C9,,13,0,VCT Americas
2712,0,Split,kiNgg,LEV,Yoru,1.03,229.0,16,16,3,0,67.0,160.0,43.0,5.0,6.0,-1.0,LEV,,8,C9,,13,0,VCT Americas
2713,0,Split,C0M,LEV,Tejo,0.85,161.0,12,16,6,-4,76.0,105.0,19.0,0.0,1.0,-1.0,LEV,,8,C9,,13,0,VCT Americas
2714,0,Split,tex,LEV,Viper,0.62,133.0,9,16,5,-7,71.0,97.0,43.0,2.0,2.0,0.0,LEV,,8,C9,,13,0,VCT Americas
2715,0,Split,Xeppaa,C9,Tejo,1.33,244.0,19,12,4,7,81.0,164.0,24.0,0.0,3.0,-3.0,LEV,,8,C9,,13,1,VCT Americas
2716,0,Split,OXY,C9,Yoru,1.15,228.0,18,14,2,4,76.0,130.0,31.0,4.0,2.0,2.0,LEV,,8,C9,,13,1,VCT Americas
2717,0,Split,neT,C9,Viper,1.06,174.0,14,12,3,2,76.0,119.0,30.0,2.0,0.0,2.0,LEV,,8,C9,,13,1,VCT Americas
2718,0,Split,v1c,C9,Omen,0.97,233.0,18,15,6,3,81.0,131.0,30.0,3.0,2.0,1.0,LEV,,8,C9,,13,1,VCT Americas
2719,0,Split,mitch,C9,Breach,0.71,155.0,10,17,12,-7,71.0,101.0,22.0,3.0,2.0,1.0,LEV,,8,C9,,13,1,VCT Americas
2720,2,Ascent,Demon1,LEV,Omen,0.79,193.0,10,16,5,-6,56.0,130.0,48.0,3.0,1.0,2.0,LEV,,3,C9,,13,0,VCT Americas
2721,2,Ascent,kiNgg,LEV,Yoru,0.7,159.0,8,14,2,-6,44.0,106.0,25.0,0.0,2.0,-2.0,LEV,,3,C9,,13,0,VCT Americas
2722,2,Ascent,tex,LEV,Cypher,0.69,151.0,8,14,2,-6,38.0,111.0,43.0,2.0,5.0,-3.0,LEV,,3,C9,,13,0,VCT Americas
2723,2,Ascent,Rossy,LEV,Deadlock,0.37,73.0,4,14,0,-10,38.0,60.0,29.0,0.0,3.0,-3.0,LEV,,3,C9,,13,0,VCT Americas
2724,2,Ascent,C0M,LEV,Sova,0.34,97.0,5,15,2,-10,50.0,74.0,22.0,0.0,0.0,0.0,LEV,,3,C9,,13,0,VCT Americas
2725,2,Ascent,v1c,C9,Omen,2.13,347.0,20,4,20,16,100.0,212.0,28.0,1.0,1.0,0.0,LEV,,3,C9,,13,1,VCT Americas
2726,2,Ascent,Xeppaa,C9,Vyse,1.56,246.0,14,5,5,9,100.0,149.0,21.0,2.0,0.0,2.0,LEV,,3,C9,,13,1,VCT Americas
2727,2,Ascent,OXY,C9,Yoru,1.42,274.0,17,8,4,9,81.0,170.0,30.0,6.0,2.0,4.0,LEV,,3,C9,,13,1,VCT Americas
2728,2,Ascent,mitch,C9,Sova,1.08,183.0,11,9,5,2,94.0,120.0,13.0,1.0,1.0,0.0,LEV,,3,C9,,13,1,VCT Americas
2729,2,Ascent,neT,C9,Deadlock,0.99,183.0,11,9,3,2,88.0,126.0,43.0,1.0,1.0,0.0,LEV,,3,C9,,13,1,VCT Americas
2730,0,Pearl,trent,G2,Tejo,1.43,254.0,24,15,9,9,88.0,170.0,16.0,2.0,0.0,2.0,G2,,12,MIBR,,14,0,VCT Americas
2731,0,Pearl,leaf,G2,Vyse,1.09,227.0,19,18,7,1,73.0,164.0,23.0,2.0,3.0,-1.0,G2,,12,MIBR,,14,0,VCT Americas
2732,0,Pearl,valyn,G2,Astra,0.93,180.0,15,19,17,-4,77.0,115.0,20.0,4.0,4.0,0.0,G2,,12,MIBR,,14,0,VCT Americas
2733,0,Pearl,jawgemo,G2,Yoru,0.85,178.0,19,21,4,-2,50.0,104.0,26.0,4.0,4.0,0.0,G2,,12,MIBR,,14,0,VCT Americas
2734,0,Pearl,JonahP,G2,Fade,0.76,130.0,10,18,15,-8,81.0,92.0,22.0,1.0,2.0,-1.0,G2,,12,MIBR,,14,0,VCT Americas
2735,0,Pearl,Verno,MIBR,Tejo,1.18,213.0,19,16,8,3,88.0,135.0,22.0,3.0,2.0,1.0,G2,,12,MIBR,,14,1,VCT Americas
2736,0,Pearl,aspas,MIBR,Waylay,1.1,242.0,23,17,1,6,62.0,147.0,27.0,5.0,5.0,0.0,G2,,12,MIBR,,14,1,VCT Americas
2737,0,Pearl,cortezia,MIBR,Vyse,1.03,191.0,18,17,6,1,73.0,109.0,50.0,2.0,2.0,0.0,G2,,12,MIBR,,14,1,VCT Americas
2738,0,Pearl,xenom,MIBR,Astra,0.91,140.0,15,16,5,-1,73.0,89.0,48.0,0.0,1.0,-1.0,G2,,12,MIBR,,14,1,VCT Americas
2739,0,Pearl,artzin,MIBR,Kayo,0.74,193.0,16,21,4,-5,65.0,124.0,18.0,3.0,3.0,0.0,G2,,12,MIBR,,14,1,VCT Americas
2740,2,Haven,valyn,G2,Astra,1.45,271.0,23,16,7,7,88.0,169.0,26.0,1.0,1.0,0.0,G2,,13,MIBR,,11,1,VCT Americas
2741,2,Haven,jawgemo,G2,Yoru,1.09,224.0,20,17,5,3,63.0,150.0,23.0,2.0,8.0,-6.0,G2,,13,MIBR,,11,1,VCT Americas
2742,2,Haven,JonahP,G2,Breach,0.99,150.0,11,15,12,-4,67.0,99.0,24.0,3.0,2.0,1.0,G2,,13,MIBR,,11,1,VCT Americas
2743,2,Haven,leaf,G2,Vyse,0.98,205.0,14,18,11,-4,79.0,143.0,17.0,3.0,1.0,2.0,G2,,13,MIBR,,11,1,VCT Americas
2744,2,Haven,trent,G2,Tejo,0.51,98.0,8,18,5,-10,54.0,65.0,12.0,0.0,3.0,-3.0,G2,,13,MIBR,,11,1,VCT Americas
2745,2,Haven,xenom,MIBR,Omen,1.14,201.0,17,14,11,3,79.0,118.0,33.0,1.0,0.0,1.0,G2,,13,MIBR,,11,0,VCT Americas
2746,2,Haven,cortezia,MIBR,Cypher,1.13,230.0,20,16,4,4,75.0,150.0,39.0,2.0,1.0,1.0,G2,,13,MIBR,,11,0,VCT Americas
2747,2,Haven,aspas,MIBR,Jett,1.06,200.0,18,14,3,4,79.0,127.0,24.0,4.0,4.0,0.0,G2,,13,MIBR,,11,0,VCT Americas
2748,2,Haven,artzin,MIBR,Breach,0.96,198.0,14,18,18,-4,83.0,134.0,23.0,5.0,3.0,2.0,G2,,13,MIBR,,11,0,VCT Americas
2749,2,Haven,Verno,MIBR,Tejo,0.89,179.0,15,14,8,1,71.0,116.0,20.0,3.0,1.0,2.0,G2,,13,MIBR,,11,0,VCT Americas
2750,3,Ascent,leaf,G2,Vyse,1.76,312.0,25,13,7,12,95.0,213.0,31.0,1.0,1.0,0.0,G2,,13,MIBR,,8,1,VCT Americas
2751,3,Ascent,jawgemo,G2,Waylay,1.61,288.0,25,13,2,12,67.0,180.0,31.0,5.0,5.0,0.0,G2,,13,MIBR,,8,1,VCT Americas
2752,3,Ascent,trent,G2,Tejo,1.15,247.0,14,16,16,-2,86.0,182.0,22.0,2.0,0.0,2.0,G2,,13,MIBR,,8,1,VCT Americas
2753,3,Ascent,JonahP,G2,Kayo,1.01,189.0,14,14,12,0,90.0,116.0,19.0,3.0,0.0,3.0,G2,,13,MIBR,,8,1,VCT Americas
2754,3,Ascent,valyn,G2,Omen,0.4,83.0,6,15,7,-9,81.0,51.0,24.0,0.0,4.0,-4.0,G2,,13,MIBR,,8,1,VCT Americas
2755,3,Ascent,Verno,MIBR,Sova,1.39,284.0,20,14,7,6,71.0,184.0,27.0,0.0,0.0,0.0,G2,,13,MIBR,,8,0,VCT Americas
2756,3,Ascent,aspas,MIBR,Jett,0.92,226.0,16,18,3,-2,90.0,150.0,26.0,4.0,3.0,1.0,G2,,13,MIBR,,8,0,VCT Americas
2757,3,Ascent,cortezia,MIBR,Cypher,0.87,200.0,16,18,4,-2,57.0,133.0,40.0,1.0,4.0,-3.0,G2,,13,MIBR,,8,0,VCT Americas
2758,3,Ascent,xenom,MIBR,Omen,0.76,148.0,11,16,11,-5,71.0,93.0,19.0,1.0,0.0,1.0,G2,,13,MIBR,,8,0,VCT Americas
2759,3,Ascent,artzin,MIBR,Kayo,0.46,131.0,8,18,6,-10,57.0,92.0,14.0,4.0,4.0,0.0,G2,,13,MIBR,,8,0,VCT Americas
2760,0,Lotus,s0m,NRG,Omen,1.58,298.0,25,13,9,12,74.0,214.0,33.0,3.0,2.0,1.0,NRG,,10,FUR,,13,0,VCT Americas
2761,0,Lotus,FiNESSE,NRG,Vyse,0.93,204.0,15,18,8,-3,74.0,129.0,37.0,3.0,1.0,2.0,NRG,,10,FUR,,13,0,VCT Americas
2762,0,Lotus,brawk,NRG,Tejo,0.92,175.0,14,16,7,-2,74.0,112.0,20.0,1.0,0.0,1.0,NRG,,10,FUR,,13,0,VCT Americas
2763,0,Lotus,Ethan,NRG,Breach,0.92,147.0,11,14,7,-3,74.0,96.0,11.0,3.0,3.0,0.0,NRG,,10,FUR,,13,0,VCT Americas
2764,0,Lotus,mada,NRG,Neon,0.6,132.0,10,16,5,-6,52.0,100.0,24.0,3.0,4.0,-1.0,NRG,,10,FUR,,13,0,VCT Americas
2765,0,Lotus,havoc,FUR,Neon,1.26,268.0,22,17,3,5,74.0,161.0,44.0,3.0,3.0,0.0,NRG,,10,FUR,,13,1,VCT Americas
2766,0,Lotus,pryze,FUR,Fade,1.1,180.0,15,13,1,2,61.0,121.0,25.0,1.0,2.0,-1.0,NRG,,10,FUR,,13,1,VCT Americas
2767,0,Lotus,Khalil,FUR,Omen,0.96,156.0,12,14,12,-2,74.0,107.0,33.0,2.0,1.0,1.0,NRG,,10,FUR,,13,1,VCT Americas
2768,0,Lotus,heat,FUR,Clove,0.92,195.0,17,16,5,1,70.0,120.0,41.0,4.0,3.0,1.0,NRG,,10,FUR,,13,1,VCT Americas
2769,0,Lotus,raafa,FUR,Breach,0.79,118.0,11,15,9,-4,65.0,81.0,42.0,0.0,4.0,-4.0,NRG,,10,FUR,,13,1,VCT Americas
2770,2,Pearl,brawk,NRG,Sova,1.76,209.0,14,4,9,10,87.0,129.0,26.0,1.0,0.0,1.0,NRG,,13,FUR,,2,1,VCT Americas
2771,2,Pearl,Ethan,NRG,Yoru,1.58,278.0,15,7,6,8,80.0,165.0,33.0,4.0,1.0,3.0,NRG,,13,FUR,,2,1,VCT Americas
2772,2,Pearl,mada,NRG,Jett,1.49,289.0,16,8,4,8,80.0,186.0,29.0,4.0,3.0,1.0,NRG,,13,FUR,,2,1,VCT Americas
2773,2,Pearl,s0m,NRG,Astra,1.34,198.0,12,5,7,7,87.0,126.0,24.0,1.0,0.0,1.0,NRG,,13,FUR,,2,1,VCT Americas
2774,2,Pearl,FiNESSE,NRG,Killjoy,0.86,103.0,4,7,7,-3,87.0,92.0,13.0,1.0,0.0,1.0,NRG,,13,FUR,,2,1,VCT Americas
2775,2,Pearl,pryze,FUR,Sova,1.02,174.0,8,9,0,-1,53.0,120.0,29.0,2.0,0.0,2.0,NRG,,13,FUR,,2,0,VCT Americas
2776,2,Pearl,Khalil,FUR,Astra,0.62,123.0,6,12,2,-6,53.0,83.0,19.0,0.0,1.0,-1.0,NRG,,13,FUR,,2,0,VCT Americas
2777,2,Pearl,raafa,FUR,Kayo,0.52,149.0,7,13,3,-6,67.0,92.0,26.0,0.0,4.0,-4.0,NRG,,13,FUR,,2,0,VCT Americas
2778,2,Pearl,heat,FUR,Cypher,0.31,90.0,5,13,0,-8,40.0,74.0,43.0,0.0,1.0,-1.0,NRG,,13,FUR,,2,0,VCT Americas
2779,2,Pearl,havoc,FUR,Neon,0.27,113.0,5,14,2,-9,53.0,76.0,35.0,2.0,5.0,-3.0,NRG,,13,FUR,,2,0,VCT Americas
2780,3,Fracture,mada,NRG,Raze,2.17,406.0,26,9,3,17,82.0,248.0,29.0,8.0,3.0,5.0,NRG,,13,FUR,,4,1,VCT Americas
2781,3,Fracture,Ethan,NRG,Breach,1.42,173.0,9,5,10,4,94.0,123.0,20.0,0.0,0.0,0.0,NRG,,13,FUR,,4,1,VCT Americas
2782,3,Fracture,s0m,NRG,Brimstone,1.31,174.0,12,6,8,6,88.0,117.0,46.0,2.0,2.0,0.0,NRG,,13,FUR,,4,1,VCT Americas
2783,3,Fracture,FiNESSE,NRG,Cypher,1.13,195.0,13,9,6,4,76.0,131.0,16.0,1.0,1.0,0.0,NRG,,13,FUR,,4,1,VCT Americas
2784,3,Fracture,brawk,NRG,Tejo,1.0,106.0,7,6,6,1,88.0,81.0,17.0,0.0,0.0,0.0,NRG,,13,FUR,,4,1,VCT Americas
2785,3,Fracture,Khalil,FUR,Brimstone,0.91,209.0,12,14,2,-2,65.0,129.0,21.0,1.0,0.0,1.0,NRG,,13,FUR,,4,0,VCT Americas
2786,3,Fracture,pryze,FUR,Tejo,0.77,120.0,7,13,3,-6,47.0,94.0,40.0,0.0,1.0,-1.0,NRG,,13,FUR,,4,0,VCT Americas
2787,3,Fracture,heat,FUR,Cypher,0.53,131.0,8,12,2,-4,76.0,89.0,44.0,2.0,2.0,0.0,NRG,,13,FUR,,4,0,VCT Americas
2788,3,Fracture,raafa,FUR,Breach,0.42,71.0,4,12,5,-8,65.0,40.0,20.0,0.0,2.0,-2.0,NRG,,13,FUR,,4,0,VCT Americas
2789,3,Fracture,havoc,FUR,Raze,0.09,80.0,4,16,2,-12,35.0,56.0,19.0,3.0,6.0,-3.0,NRG,,13,FUR,,4,0,VCT Americas
2790,0,Split,cortezia,MIBR,Cypher,1.27,206.0,16,10,3,6,85.0,122.0,41.0,4.0,0.0,4.0,MIBR,,13,LEV,,7,1,VCT Americas
2791,0,Split,xenom,MIBR,Astra,1.26,229.0,17,12,6,5,75.0,141.0,17.0,2.0,2.0,0.0,MIBR,,13,LEV,,7,1,VCT Americas
2792,0,Split,artzin,MIBR,Breach,1.25,296.0,22,17,8,5,80.0,167.0,19.0,4.0,1.0,3.0,MIBR,,13,LEV,,7,1,VCT Americas
2793,0,Split,Verno,MIBR,Tejo,1.07,176.0,12,12,8,0,80.0,141.0,30.0,0.0,3.0,-3.0,MIBR,,13,LEV,,7,1,VCT Americas
2794,0,Split,aspas,MIBR,Jett,0.75,126.0,8,10,4,-2,70.0,83.0,15.0,2.0,2.0,0.0,MIBR,,13,LEV,,7,1,VCT Americas
2795,0,Split,C0M,LEV,Tejo,0.96,195.0,12,16,9,-4,85.0,140.0,23.0,1.0,2.0,-1.0,MIBR,,13,LEV,,7,0,VCT Americas
2796,0,Split,Rossy,LEV,Breach,0.92,188.0,13,15,8,-2,65.0,120.0,34.0,2.0,1.0,1.0,MIBR,,13,LEV,,7,0,VCT Americas
2797,0,Split,kiNgg,LEV,Yoru,0.83,178.0,13,15,1,-2,70.0,114.0,24.0,3.0,4.0,-1.0,MIBR,,13,LEV,,7,0,VCT Americas
2798,0,Split,tex,LEV,Viper,0.78,195.0,14,15,2,-1,65.0,128.0,52.0,2.0,1.0,1.0,MIBR,,13,LEV,,7,0,VCT Americas
2799,0,Split,Demon1,LEV,Omen,0.7,136.0,9,14,7,-5,70.0,95.0,24.0,0.0,4.0,-4.0,MIBR,,13,LEV,,7,0,VCT Americas
2800,2,Icebox,xenom,MIBR,Viper,1.53,234.0,20,9,8,11,86.0,158.0,31.0,3.0,2.0,1.0,MIBR,,13,LEV,,8,1,VCT Americas
2801,2,Icebox,artzin,MIBR,Harbor,1.21,269.0,19,16,7,3,76.0,164.0,36.0,5.0,2.0,3.0,MIBR,,13,LEV,,8,1,VCT Americas
2802,2,Icebox,aspas,MIBR,Jett,1.14,216.0,17,11,3,6,81.0,140.0,10.0,0.0,2.0,-2.0,MIBR,,13,LEV,,8,1,VCT Americas
2803,2,Icebox,Verno,MIBR,Sova,0.92,150.0,11,13,9,-2,71.0,128.0,38.0,0.0,1.0,-1.0,MIBR,,13,LEV,,8,1,VCT Americas
2804,2,Icebox,cortezia,MIBR,Killjoy,0.71,153.0,12,15,3,-3,57.0,107.0,31.0,2.0,4.0,-2.0,MIBR,,13,LEV,,8,1,VCT Americas
2805,2,Icebox,tex,LEV,Killjoy,1.28,255.0,20,15,0,5,62.0,173.0,45.0,6.0,1.0,5.0,MIBR,,13,LEV,,8,0,VCT Americas
2806,2,Icebox,C0M,LEV,Sova,0.92,194.0,13,16,2,-3,67.0,146.0,30.0,2.0,1.0,1.0,MIBR,,13,LEV,,8,0,VCT Americas
2807,2,Icebox,Demon1,LEV,Viper,0.88,140.0,12,14,3,-2,62.0,110.0,46.0,1.0,1.0,0.0,MIBR,,13,LEV,,8,0,VCT Americas
2808,2,Icebox,Rossy,LEV,Tejo,0.87,174.0,13,17,6,-4,71.0,119.0,35.0,0.0,1.0,-1.0,MIBR,,13,LEV,,8,0,VCT Americas
2809,2,Icebox,kiNgg,LEV,Yoru,0.45,103.0,6,17,6,-11,67.0,73.0,15.0,2.0,6.0,-4.0,MIBR,,13,LEV,,8,0,VCT Americas
2810,0,Lotus,trent,G2,Tejo,1.23,211.0,17,13,6,4,91.0,137.0,29.0,2.0,4.0,-2.0,G2,,13,FUR,,10,1,VCT Americas
2811,0,Lotus,valyn,G2,Omen,1.2,257.0,20,16,8,4,78.0,156.0,32.0,3.0,1.0,2.0,G2,,13,FUR,,10,1,VCT Americas
2812,0,Lotus,leaf,G2,Viper,1.05,183.0,16,15,4,1,57.0,138.0,19.0,2.0,3.0,-1.0,G2,,13,FUR,,10,1,VCT Americas
2813,0,Lotus,jawgemo,G2,Yoru,1.0,201.0,17,16,3,1,65.0,125.0,27.0,4.0,2.0,2.0,G2,,13,FUR,,10,1,VCT Americas
2814,0,Lotus,JonahP,G2,Breach,0.89,198.0,15,18,7,-3,78.0,146.0,37.0,0.0,2.0,-2.0,G2,,13,FUR,,10,1,VCT Americas
2815,0,Lotus,pryze,FUR,Fade,1.17,222.0,18,15,8,3,83.0,149.0,29.0,2.0,1.0,1.0,G2,,13,FUR,,10,0,VCT Americas
2816,0,Lotus,raafa,FUR,Breach,0.92,167.0,13,14,8,-1,74.0,114.0,23.0,3.0,1.0,2.0,G2,,13,FUR,,10,0,VCT Americas
2817,0,Lotus,Khalil,FUR,Omen,0.82,191.0,16,18,6,-2,65.0,137.0,28.0,1.0,5.0,-4.0,G2,,13,FUR,,10,0,VCT Americas
2818,0,Lotus,havoc,FUR,Neon,0.81,243.0,19,21,4,-2,70.0,138.0,37.0,6.0,4.0,2.0,G2,,13,FUR,,10,0,VCT Americas
2819,0,Lotus,heat,FUR,Clove,0.66,130.0,12,17,7,-5,61.0,97.0,57.0,0.0,0.0,0.0,G2,,13,FUR,,10,0,VCT Americas
2820,2,Ascent,jawgemo,G2,Waylay,1.52,266.0,20,11,3,9,80.0,169.0,22.0,4.0,1.0,3.0,G2,,13,FUR,,7,1,VCT Americas
2821,2,Ascent,leaf,G2,Vyse,1.48,307.0,21,15,7,6,90.0,214.0,46.0,2.0,1.0,1.0,G2,,13,FUR,,7,1,VCT Americas
2822,2,Ascent,valyn,G2,Omen,1.27,184.0,16,10,6,6,70.0,113.0,31.0,5.0,1.0,4.0,G2,,13,FUR,,7,1,VCT Americas
2823,2,Ascent,JonahP,G2,Kayo,1.12,173.0,12,10,12,2,85.0,111.0,30.0,2.0,2.0,0.0,G2,,13,FUR,,7,1,VCT Americas
2824,2,Ascent,trent,G2,Tejo,0.43,47.0,3,12,3,-9,60.0,36.0,13.0,1.0,1.0,0.0,G2,,13,FUR,,7,1,VCT Americas
2825,2,Ascent,havoc,FUR,Yoru,1.03,240.0,17,16,2,1,60.0,135.0,37.0,4.0,2.0,2.0,G2,,13,FUR,,7,0,VCT Americas
2826,2,Ascent,heat,FUR,Vyse,0.9,193.0,13,15,2,-2,55.0,136.0,37.0,0.0,4.0,-4.0,G2,,13,FUR,,7,0,VCT Americas
2827,2,Ascent,Khalil,FUR,Omen,0.88,157.0,11,12,1,-1,70.0,99.0,39.0,1.0,4.0,-3.0,G2,,13,FUR,,7,0,VCT Americas
2828,2,Ascent,raafa,FUR,Kayo,0.64,147.0,9,15,4,-6,55.0,110.0,16.0,1.0,3.0,-2.0,G2,,13,FUR,,7,0,VCT Americas
2829,2,Ascent,pryze,FUR,Sova,0.54,109.0,8,14,3,-6,65.0,68.0,50.0,0.0,1.0,-1.0,G2,,13,FUR,,7,0,VCT Americas
2830,0,Lotus,neT,C9,Deadlock,1.06,227.0,16,16,2,0,63.0,139.0,42.0,2.0,1.0,1.0,C9,,6,NRG,,13,0,VCT Americas
2831,0,Lotus,mitch,C9,Breach,0.78,164.0,11,15,2,-4,63.0,110.0,31.0,1.0,3.0,-2.0,C9,,6,NRG,,13,0,VCT Americas
2832,0,Lotus,Xeppaa,C9,Tejo,0.76,183.0,11,16,3,-5,68.0,129.0,30.0,2.0,2.0,0.0,C9,,6,NRG,,13,0,VCT Americas
2833,0,Lotus,v1c,C9,Omen,0.74,152.0,10,16,3,-6,58.0,109.0,31.0,1.0,2.0,-1.0,C9,,6,NRG,,13,0,VCT Americas
2834,0,Lotus,OXY,C9,Raze,0.44,149.0,9,18,1,-9,47.0,111.0,25.0,1.0,4.0,-3.0,C9,,6,NRG,,13,0,VCT Americas
2835,0,Lotus,s0m,NRG,Omen,1.63,346.0,24,11,5,13,84.0,218.0,32.0,4.0,1.0,3.0,C9,,6,NRG,,13,1,VCT Americas
2836,0,Lotus,brawk,NRG,Tejo,1.49,237.0,19,9,7,10,84.0,148.0,27.0,1.0,0.0,1.0,C9,,6,NRG,,13,1,VCT Americas
2837,0,Lotus,Ethan,NRG,Breach,1.27,248.0,18,14,11,4,100.0,152.0,22.0,2.0,1.0,1.0,C9,,6,NRG,,13,1,VCT Americas
2838,0,Lotus,FiNESSE,NRG,Vyse,1.11,156.0,10,8,8,2,89.0,117.0,13.0,0.0,0.0,0.0,C9,,6,NRG,,13,1,VCT Americas
2839,0,Lotus,mada,NRG,Neon,0.61,172.0,10,15,5,-5,63.0,107.0,26.0,5.0,5.0,0.0,C9,,6,NRG,,13,1,VCT Americas
2840,2,Fracture,Xeppaa,C9,Tejo,1.81,309.0,22,9,3,13,78.0,202.0,27.0,2.0,2.0,0.0,C9,,13,NRG,,5,1,VCT Americas
2841,2,Fracture,mitch,C9,Breach,1.34,243.0,16,12,14,4,89.0,149.0,20.0,0.0,1.0,-1.0,C9,,13,NRG,,5,1,VCT Americas
2842,2,Fracture,neT,C9,Cypher,1.07,160.0,11,9,4,2,61.0,99.0,58.0,2.0,2.0,0.0,C9,,13,NRG,,5,1,VCT Americas
2843,2,Fracture,v1c,C9,Brimstone,1.04,143.0,10,11,16,-1,89.0,76.0,11.0,2.0,1.0,1.0,C9,,13,NRG,,5,1,VCT Americas
2844,2,Fracture,OXY,C9,Neon,0.91,254.0,15,17,5,-2,78.0,169.0,34.0,4.0,2.0,2.0,C9,,13,NRG,,5,1,VCT Americas
2845,2,Fracture,mada,NRG,Raze,1.09,229.0,15,14,3,1,72.0,145.0,18.0,2.0,1.0,1.0,C9,,13,NRG,,5,0,VCT Americas
2846,2,Fracture,Ethan,NRG,Breach,0.89,220.0,14,15,6,-1,83.0,131.0,22.0,2.0,1.0,1.0,C9,,13,NRG,,5,0,VCT Americas
2847,2,Fracture,s0m,NRG,Brimstone,0.84,169.0,10,15,16,-5,78.0,113.0,22.0,1.0,3.0,-2.0,C9,,13,NRG,,5,0,VCT Americas
2848,2,Fracture,brawk,NRG,Tejo,0.61,147.0,10,16,3,-6,56.0,103.0,23.0,0.0,1.0,-1.0,C9,,13,NRG,,5,0,VCT Americas
2849,2,Fracture,FiNESSE,NRG,Cypher,0.61,161.0,9,15,3,-6,56.0,120.0,20.0,3.0,4.0,-1.0,C9,,13,NRG,,5,0,VCT Americas
2850,3,Pearl,OXY,C9,Jett,1.52,313.0,24,16,3,8,82.0,193.0,23.0,4.0,1.0,3.0,C9,,13,NRG,,9,1,VCT Americas
2851,3,Pearl,v1c,C9,Astra,1.12,145.0,12,12,16,0,68.0,91.0,35.0,2.0,4.0,-2.0,C9,,13,NRG,,9,1,VCT Americas
2852,3,Pearl,Xeppaa,C9,Yoru,1.04,223.0,17,15,7,2,73.0,142.0,30.0,2.0,2.0,0.0,C9,,13,NRG,,9,1,VCT Americas
2853,3,Pearl,mitch,C9,Sova,1.04,211.0,18,15,8,3,82.0,140.0,23.0,3.0,0.0,3.0,C9,,13,NRG,,9,1,VCT Americas
2854,3,Pearl,neT,C9,Cypher,0.87,143.0,12,13,5,-1,68.0,101.0,41.0,3.0,1.0,2.0,C9,,13,NRG,,9,1,VCT Americas
2855,3,Pearl,s0m,NRG,Astra,1.49,257.0,18,14,16,4,86.0,167.0,28.0,1.0,0.0,1.0,C9,,13,NRG,,9,0,VCT Americas
2856,3,Pearl,mada,NRG,Neon,1.13,264.0,19,17,8,2,68.0,172.0,25.0,4.0,5.0,-1.0,C9,,13,NRG,,9,0,VCT Americas
2857,3,Pearl,brawk,NRG,Sova,1.04,166.0,15,15,4,0,73.0,110.0,23.0,1.0,3.0,-2.0,C9,,13,NRG,,9,0,VCT Americas
2858,3,Pearl,FiNESSE,NRG,Killjoy,0.68,179.0,13,18,1,-5,73.0,131.0,30.0,1.0,3.0,-2.0,C9,,13,NRG,,9,0,VCT Americas
2859,3,Pearl,Ethan,NRG,Yoru,0.25,99.0,6,19,3,-13,32.0,67.0,3.0,1.0,3.0,-2.0,C9,,13,NRG,,9,0,VCT Americas
2860,0,Split,yay,EG,Chamber,1.06,180.0,18,15,1,3,54.0,112.0,22.0,5.0,3.0,2.0,EG,,12,LOUD,,14,0,VCT Americas
2861,0,Split,icy,EG,Raze,0.99,204.0,18,18,6,0,69.0,146.0,19.0,1.0,3.0,-2.0,EG,,12,LOUD,,14,0,VCT Americas
2862,0,Split,NaturE,EG,Viper,0.89,197.0,17,17,4,0,69.0,127.0,22.0,4.0,1.0,3.0,EG,,12,LOUD,,14,0,VCT Americas
2863,0,Split,supamen,EG,Omen,0.86,154.0,15,17,8,-2,73.0,94.0,13.0,2.0,1.0,1.0,EG,,12,LOUD,,14,0,VCT Americas
2864,0,Split,Derrek,EG,Skye,0.63,140.0,12,19,13,-7,69.0,89.0,32.0,1.0,5.0,-4.0,EG,,12,LOUD,,14,0,VCT Americas
2865,0,Split,dgzin,LOUD,Raze,1.63,299.0,28,14,2,14,69.0,185.0,21.0,7.0,3.0,4.0,EG,,12,LOUD,,14,1,VCT Americas
2866,0,Split,cauanzin,LOUD,Tejo,1.15,239.0,19,18,9,1,62.0,161.0,30.0,1.0,6.0,-5.0,EG,,12,LOUD,,14,1,VCT Americas
2867,0,Split,pANcada,LOUD,Astra,1.0,129.0,10,13,12,-3,77.0,93.0,29.0,1.0,1.0,0.0,EG,,12,LOUD,,14,1,VCT Americas
2868,0,Split,v1nny,LOUD,Breach,0.94,131.0,13,16,12,-3,69.0,93.0,33.0,1.0,2.0,-1.0,EG,,12,LOUD,,14,1,VCT Americas
2869,0,Split,tuyz,LOUD,Cypher,0.82,164.0,16,19,8,-3,73.0,104.0,33.0,3.0,1.0,2.0,EG,,12,LOUD,,14,1,VCT Americas
2870,2,Pearl,NaturE,EG,Vyse,1.06,198.0,16,17,5,-1,74.0,138.0,26.0,1.0,1.0,0.0,EG,,10,LOUD,,13,0,VCT Americas
2871,2,Pearl,supamen,EG,Astra,1.01,169.0,15,14,6,1,65.0,97.0,48.0,1.0,3.0,-2.0,EG,,10,LOUD,,13,0,VCT Americas
2872,2,Pearl,Derrek,EG,Sova,1.0,182.0,13,15,10,-2,78.0,131.0,30.0,2.0,1.0,1.0,EG,,10,LOUD,,13,0,VCT Americas
2873,2,Pearl,yay,EG,Phoenix,0.92,237.0,17,18,8,-1,61.0,175.0,35.0,3.0,3.0,0.0,EG,,10,LOUD,,13,0,VCT Americas
2874,2,Pearl,icy,EG,Jett,0.89,182.0,16,17,1,-1,61.0,122.0,22.0,3.0,5.0,-2.0,EG,,10,LOUD,,13,0,VCT Americas
2875,2,Pearl,v1nny,LOUD,Kayo,1.46,251.0,20,13,15,7,83.0,180.0,29.0,1.0,1.0,0.0,EG,,10,LOUD,,13,1,VCT Americas
2876,2,Pearl,cauanzin,LOUD,Sova,1.31,281.0,22,17,2,5,70.0,184.0,36.0,4.0,2.0,2.0,EG,,10,LOUD,,13,1,VCT Americas
2877,2,Pearl,pANcada,LOUD,Astra,0.95,189.0,18,16,7,2,87.0,123.0,44.0,1.0,1.0,0.0,EG,,10,LOUD,,13,1,VCT Americas
2878,2,Pearl,dgzin,LOUD,Jett,0.84,190.0,13,16,6,-3,70.0,141.0,32.0,6.0,3.0,3.0,EG,,10,LOUD,,13,1,VCT Americas
2879,2,Pearl,tuyz,LOUD,Cypher,0.58,94.0,8,15,7,-7,57.0,63.0,23.0,1.0,3.0,-2.0,EG,,10,LOUD,,13,1,VCT Americas
2880,0,Lotus,nzr,MIBR,Breach,1.2,214.0,13,13,5,0,59.0,130.0,46.0,0.0,0.0,0.0,MIBR,,4,100T,,13,0,VCT Americas
2881,0,Lotus,aspas,MIBR,Raze,0.77,156.0,7,13,3,-6,59.0,116.0,24.0,1.0,3.0,-2.0,MIBR,,4,100T,,13,0,VCT Americas
2882,0,Lotus,xenom,MIBR,Omen,0.71,225.0,13,16,6,-3,59.0,139.0,22.0,1.0,3.0,-2.0,MIBR,,4,100T,,13,0,VCT Americas
2883,0,Lotus,artzin,MIBR,Tejo,0.34,94.0,4,15,2,-11,41.0,80.0,18.0,0.0,4.0,-4.0,MIBR,,4,100T,,13,0,VCT Americas
2884,0,Lotus,cortezia,MIBR,Killjoy,0.33,56.0,3,13,1,-10,35.0,45.0,25.0,0.0,5.0,-5.0,MIBR,,4,100T,,13,0,VCT Americas
2885,0,Lotus,Asuna,100T,Neon,1.7,367.0,23,10,6,13,88.0,220.0,28.0,6.0,0.0,6.0,MIBR,,4,100T,,13,1,VCT Americas
2886,0,Lotus,eeiu,100T,Fade,1.36,187.0,11,6,8,5,82.0,135.0,36.0,3.0,0.0,3.0,MIBR,,4,100T,,13,1,VCT Americas
2887,0,Lotus,Cryocells,100T,Clove,1.25,262.0,16,10,3,6,82.0,181.0,18.0,4.0,2.0,2.0,MIBR,,4,100T,,13,1,VCT Americas
2888,0,Lotus,Boostio,100T,Breach,1.22,145.0,10,6,12,4,94.0,92.0,45.0,0.0,0.0,0.0,MIBR,,4,100T,,13,1,VCT Americas
2889,0,Lotus,zander,100T,Omen,1.1,157.0,10,8,8,2,82.0,83.0,25.0,2.0,0.0,2.0,MIBR,,4,100T,,13,1,VCT Americas
2890,2,Bind,aspas,MIBR,Raze,1.46,307.0,23,16,3,7,82.0,206.0,24.0,3.0,2.0,1.0,MIBR,,9,100T,,13,0,VCT Americas
2891,2,Bind,xenom,MIBR,Brimstone,0.75,169.0,12,18,10,-6,73.0,106.0,36.0,2.0,1.0,1.0,MIBR,,9,100T,,13,0,VCT Americas
2892,2,Bind,artzin,MIBR,Deadlock,0.75,175.0,13,18,6,-5,68.0,115.0,42.0,1.0,4.0,-3.0,MIBR,,9,100T,,13,0,VCT Americas
2893,2,Bind,cortezia,MIBR,Cypher,0.72,169.0,14,17,2,-3,55.0,105.0,44.0,1.0,2.0,-1.0,MIBR,,9,100T,,13,0,VCT Americas
2894,2,Bind,nzr,MIBR,Skye,0.62,119.0,8,15,3,-7,50.0,97.0,19.0,2.0,4.0,-2.0,MIBR,,9,100T,,13,0,VCT Americas
2895,2,Bind,Cryocells,100T,Brimstone,1.63,287.0,22,12,6,10,91.0,202.0,25.0,2.0,0.0,2.0,MIBR,,9,100T,,13,1,VCT Americas
2896,2,Bind,eeiu,100T,Fade,1.24,199.0,19,13,6,6,73.0,129.0,49.0,0.0,0.0,0.0,MIBR,,9,100T,,13,1,VCT Americas
2897,2,Bind,Asuna,100T,Raze,1.19,243.0,18,14,5,4,77.0,161.0,21.0,8.0,4.0,4.0,MIBR,,9,100T,,13,1,VCT Americas
2898,2,Bind,Boostio,100T,Gekko,0.87,170.0,14,14,6,0,77.0,107.0,27.0,0.0,2.0,-2.0,MIBR,,9,100T,,13,1,VCT Americas
2899,2,Bind,zander,100T,Viper,0.68,161.0,11,17,5,-6,77.0,114.0,22.0,3.0,3.0,0.0,MIBR,,9,100T,,13,1,VCT Americas
2900,0,Fracture,s0m,NRG,Brimstone,1.72,324.0,30,15,14,15,81.0,195.0,39.0,6.0,2.0,4.0,NRG,,12,C9,,14,0,VCT Americas
2901,0,Fracture,mada,NRG,Raze,1.24,274.0,26,19,2,7,77.0,173.0,30.0,6.0,6.0,0.0,NRG,,12,C9,,14,0,VCT Americas
2902,0,Fracture,Ethan,NRG,Breach,0.91,133.0,10,13,14,-3,77.0,84.0,20.0,0.0,0.0,0.0,NRG,,12,C9,,14,0,VCT Americas
2903,0,Fracture,Verno,NRG,Sova,0.83,156.0,14,16,3,-2,81.0,102.0,25.0,1.0,1.0,0.0,NRG,,12,C9,,14,0,VCT Americas
2904,0,Fracture,FiNESSE,NRG,Killjoy,0.51,129.0,11,20,2,-9,62.0,106.0,25.0,0.0,3.0,-3.0,NRG,,12,C9,,14,0,VCT Americas
2905,0,Fracture,Xeppaa,C9,Clove,1.13,305.0,28,25,6,3,73.0,185.0,18.0,4.0,4.0,0.0,NRG,,12,C9,,14,1,VCT Americas
2906,0,Fracture,OXY,C9,Raze,0.98,200.0,17,20,11,-3,77.0,136.0,14.0,2.0,4.0,-2.0,NRG,,12,C9,,14,1,VCT Americas
2907,0,Fracture,v1c,C9,Brimstone,0.91,141.0,13,15,8,-2,81.0,94.0,31.0,2.0,1.0,1.0,NRG,,12,C9,,14,1,VCT Americas
2908,0,Fracture,neT,C9,Killjoy,0.8,120.0,12,15,4,-3,81.0,94.0,28.0,0.0,1.0,-1.0,NRG,,12,C9,,14,1,VCT Americas
2909,0,Fracture,mitch,C9,Tejo,0.75,150.0,13,17,4,-4,58.0,103.0,15.0,5.0,4.0,1.0,NRG,,12,C9,,14,1,VCT Americas
2910,2,Lotus,Ethan,NRG,Omen,1.21,233.0,20,15,9,5,70.0,156.0,37.0,1.0,2.0,-1.0,NRG,,10,C9,,13,0,VCT Americas
2911,2,Lotus,FiNESSE,NRG,Vyse,1.05,195.0,16,17,10,-1,83.0,124.0,28.0,0.0,0.0,0.0,NRG,,10,C9,,13,0,VCT Americas
2912,2,Lotus,Verno,NRG,Fade,1.02,191.0,17,15,5,2,78.0,125.0,47.0,4.0,1.0,3.0,NRG,,10,C9,,13,0,VCT Americas
2913,2,Lotus,s0m,NRG,Viper,0.94,229.0,19,20,8,-1,83.0,134.0,11.0,3.0,2.0,1.0,NRG,,10,C9,,13,0,VCT Americas
2914,2,Lotus,mada,NRG,Raze,0.86,195.0,15,20,7,-5,57.0,131.0,17.0,4.0,6.0,-2.0,NRG,,10,C9,,13,0,VCT Americas
2915,2,Lotus,mitch,C9,Breach,1.35,220.0,17,14,16,3,87.0,138.0,21.0,0.0,1.0,-1.0,NRG,,10,C9,,13,1,VCT Americas
2916,2,Lotus,Xeppaa,C9,Tejo,1.3,287.0,26,17,5,9,83.0,171.0,16.0,4.0,1.0,3.0,NRG,,10,C9,,13,1,VCT Americas
2917,2,Lotus,neT,C9,Deadlock,1.01,202.0,18,17,5,1,74.0,142.0,27.0,3.0,3.0,0.0,NRG,,10,C9,,13,1,VCT Americas
2918,2,Lotus,v1c,C9,Omen,0.65,133.0,10,17,9,-7,65.0,91.0,23.0,1.0,1.0,0.0,NRG,,10,C9,,13,1,VCT Americas
2919,2,Lotus,OXY,C9,Raze,0.64,214.0,16,22,5,-6,70.0,134.0,21.0,3.0,6.0,-3.0,NRG,,10,C9,,13,1,VCT Americas
2920,0,Haven,gobera,2G,Vyse,1.62,338.0,23,14,6,9,85.0,222.0,29.0,4.0,0.0,4.0,2G,,7,FUR,,13,0,VCT Americas
2921,0,Haven,silentzz,2G,Yoru,0.93,213.0,16,16,3,0,75.0,130.0,48.0,5.0,3.0,2.0,2G,,7,FUR,,13,0,VCT Americas
2922,0,Haven,lz,2G,Omen,0.88,181.0,12,14,9,-2,65.0,127.0,42.0,2.0,2.0,0.0,2G,,7,FUR,,13,0,VCT Americas
2923,0,Haven,pryze,2G,Breach,0.72,122.0,8,14,9,-6,85.0,78.0,19.0,0.0,0.0,0.0,2G,,7,FUR,,13,0,VCT Americas
2924,0,Haven,Zap,2G,Tejo,0.55,133.0,9,15,4,-6,65.0,88.0,15.0,0.0,4.0,-4.0,2G,,7,FUR,,13,0,VCT Americas
2925,0,Haven,bdog,FUR,Breach,1.33,244.0,16,13,9,3,75.0,153.0,34.0,2.0,0.0,2.0,2G,,7,FUR,,13,1,VCT Americas
2926,0,Haven,Add3r,FUR,Cypher,1.18,235.0,18,14,0,4,75.0,148.0,34.0,1.0,2.0,-1.0,2G,,7,FUR,,13,1,VCT Americas
2927,0,Haven,stellar,FUR,Tejo,1.13,193.0,14,12,5,2,70.0,143.0,16.0,3.0,4.0,-1.0,2G,,7,FUR,,13,1,VCT Americas
2928,0,Haven,penny,FUR,Jett,0.85,192.0,15,14,1,1,75.0,110.0,24.0,3.0,2.0,1.0,2G,,7,FUR,,13,1,VCT Americas
2929,0,Haven,jakee,FUR,Clove,0.77,162.0,10,16,10,-6,75.0,111.0,26.0,0.0,3.0,-3.0,2G,,7,FUR,,13,1,VCT Americas
2930,2,Lotus,lz,2G,Omen,1.08,219.0,14,16,4,-2,67.0,141.0,56.0,3.0,3.0,0.0,2G,,5,FUR,,13,0,VCT Americas
2931,2,Lotus,silentzz,2G,Raze,0.79,204.0,11,18,3,-7,67.0,151.0,32.0,6.0,3.0,3.0,2G,,5,FUR,,13,0,VCT Americas
2932,2,Lotus,gobera,2G,Vyse,0.76,189.0,12,16,4,-4,61.0,132.0,39.0,0.0,3.0,-3.0,2G,,5,FUR,,13,0,VCT Americas
2933,2,Lotus,Zap,2G,Tejo,0.55,156.0,9,15,2,-6,78.0,118.0,24.0,0.0,0.0,0.0,2G,,5,FUR,,13,0,VCT Americas
2934,2,Lotus,pryze,2G,Breach,0.43,87.0,5,14,4,-9,44.0,52.0,22.0,0.0,0.0,0.0,2G,,5,FUR,,13,0,VCT Americas
2935,2,Lotus,penny,FUR,Raze,1.95,340.0,22,8,7,14,89.0,228.0,25.0,4.0,2.0,2.0,2G,,5,FUR,,13,1,VCT Americas
2936,2,Lotus,jakee,FUR,Omen,1.59,280.0,19,9,8,10,89.0,176.0,24.0,1.0,1.0,0.0,2G,,5,FUR,,13,1,VCT Americas
2937,2,Lotus,bdog,FUR,Breach,1.22,181.0,12,8,12,4,83.0,95.0,37.0,0.0,0.0,0.0,2G,,5,FUR,,13,1,VCT Americas
2938,2,Lotus,stellar,FUR,Tejo,1.02,216.0,15,12,6,3,83.0,144.0,22.0,1.0,2.0,-1.0,2G,,5,FUR,,13,1,VCT Americas
2939,2,Lotus,Add3r,FUR,Vyse,0.56,154.0,10,14,3,-4,56.0,102.0,31.0,3.0,4.0,-1.0,2G,,5,FUR,,13,1,VCT Americas
2940,0,Abyss,heat,FUR,Cypher,1.17,222.0,16,12,1,4,75.0,144.0,59.0,4.0,0.0,4.0,FUR,,7,EG,,13,0,VCT Americas
2941,0,Abyss,Khalil,FUR,Omen,1.02,206.0,15,15,6,0,75.0,124.0,35.0,3.0,0.0,3.0,FUR,,7,EG,,13,0,VCT Americas
2942,0,Abyss,mwzera,FUR,Sova,0.9,149.0,9,13,7,-4,65.0,128.0,34.0,0.0,1.0,-1.0,FUR,,7,EG,,13,0,VCT Americas
2943,0,Abyss,havoc,FUR,Jett,0.6,177.0,13,17,2,-4,55.0,106.0,26.0,3.0,4.0,-1.0,FUR,,7,EG,,13,0,VCT Americas
2944,0,Abyss,raafa,FUR,Kayo,0.4,126.0,6,18,8,-12,50.0,91.0,30.0,1.0,4.0,-3.0,FUR,,7,EG,,13,0,VCT Americas
2945,0,Abyss,Derrek,EG,Sova,1.47,260.0,20,12,4,8,90.0,166.0,37.0,1.0,3.0,-2.0,FUR,,7,EG,,13,1,VCT Americas
2946,0,Abyss,icy,EG,Jett,1.26,281.0,19,13,6,6,70.0,175.0,21.0,4.0,6.0,-2.0,FUR,,7,EG,,13,1,VCT Americas
2947,0,Abyss,yay,EG,Astra,1.23,188.0,14,10,4,4,80.0,115.0,36.0,3.0,0.0,3.0,FUR,,7,EG,,13,1,VCT Americas
2948,0,Abyss,NaturE,EG,Vyse,1.06,153.0,11,10,5,1,70.0,112.0,32.0,0.0,2.0,-2.0,FUR,,7,EG,,13,1,VCT Americas
2949,0,Abyss,supamen,EG,Omen,0.76,159.0,11,14,5,-3,80.0,100.0,46.0,1.0,0.0,1.0,FUR,,7,EG,,13,1,VCT Americas
2950,2,Fracture,Khalil,FUR,Brimstone,1.41,264.0,19,14,6,5,85.0,184.0,37.0,1.0,0.0,1.0,FUR,,7,EG,,13,0,VCT Americas
2951,2,Fracture,havoc,FUR,Raze,0.92,230.0,15,16,5,-1,70.0,163.0,20.0,2.0,4.0,-2.0,FUR,,7,EG,,13,0,VCT Americas
2952,2,Fracture,mwzera,FUR,Breach,0.76,141.0,10,14,6,-4,65.0,80.0,19.0,3.0,3.0,0.0,FUR,,7,EG,,13,0,VCT Americas
2953,2,Fracture,heat,FUR,Cypher,0.73,156.0,11,15,4,-4,70.0,108.0,33.0,0.0,2.0,-2.0,FUR,,7,EG,,13,0,VCT Americas
2954,2,Fracture,raafa,FUR,Sage,0.66,174.0,12,16,3,-4,55.0,105.0,24.0,1.0,4.0,-3.0,FUR,,7,EG,,13,0,VCT Americas
2955,2,Fracture,NaturE,EG,Breach,1.42,215.0,18,11,8,7,75.0,139.0,22.0,0.0,0.0,0.0,FUR,,7,EG,,13,1,VCT Americas
2956,2,Fracture,supamen,EG,Brimstone,1.21,204.0,13,11,13,2,80.0,151.0,47.0,4.0,2.0,2.0,FUR,,7,EG,,13,1,VCT Americas
2957,2,Fracture,yay,EG,Killjoy,1.16,216.0,14,13,8,1,80.0,150.0,21.0,5.0,0.0,5.0,FUR,,7,EG,,13,1,VCT Americas
2958,2,Fracture,icy,EG,Raze,1.16,270.0,19,17,3,2,80.0,180.0,26.0,4.0,2.0,2.0,FUR,,7,EG,,13,1,VCT Americas
2959,2,Fracture,Derrek,EG,Tejo,0.71,149.0,11,15,7,-4,70.0,97.0,36.0,0.0,3.0,-3.0,FUR,,7,EG,,13,1,VCT Americas
2960,0,Lotus,v1c,C9,Omen,1.68,243.0,21,8,10,13,90.0,170.0,44.0,1.0,0.0,1.0,C9,,13,MIBR,,7,1,VCT Americas
2961,0,Lotus,OXY,C9,Raze,1.44,329.0,24,15,4,9,80.0,206.0,29.0,8.0,4.0,4.0,C9,,13,MIBR,,7,1,VCT Americas
2962,0,Lotus,mitch,C9,Breach,1.17,192.0,12,12,17,0,80.0,117.0,16.0,3.0,2.0,1.0,C9,,13,MIBR,,7,1,VCT Americas
2963,0,Lotus,neT,C9,Deadlock,0.94,157.0,11,12,11,-1,80.0,106.0,32.0,1.0,0.0,1.0,C9,,13,MIBR,,7,1,VCT Americas
2964,0,Lotus,Xeppaa,C9,Tejo,0.72,127.0,9,12,5,-3,75.0,92.0,18.0,1.0,0.0,1.0,C9,,13,MIBR,,7,1,VCT Americas
2965,0,Lotus,aspas,MIBR,Raze,0.96,218.0,15,16,3,-1,65.0,165.0,27.0,1.0,4.0,-3.0,C9,,13,MIBR,,7,0,VCT Americas
2966,0,Lotus,artzin,MIBR,Viper,0.96,229.0,15,16,6,-1,55.0,135.0,25.0,4.0,7.0,-3.0,C9,,13,MIBR,,7,0,VCT Americas
2967,0,Lotus,nzr,MIBR,Fade,0.93,188.0,13,14,6,-1,70.0,125.0,21.0,0.0,1.0,-1.0,C9,,13,MIBR,,7,0,VCT Americas
2968,0,Lotus,xenom,MIBR,Omen,0.81,132.0,9,14,6,-5,60.0,80.0,24.0,0.0,0.0,0.0,C9,,13,MIBR,,7,0,VCT Americas
2969,0,Lotus,cortezia,MIBR,Vyse,0.46,113.0,7,17,7,-10,55.0,85.0,36.0,1.0,2.0,-1.0,C9,,13,MIBR,,7,0,VCT Americas
2970,2,Abyss,OXY,C9,Jett,1.12,288.0,23,19,2,4,65.0,177.0,27.0,6.0,4.0,2.0,C9,,10,MIBR,,13,0,VCT Americas
2971,2,Abyss,v1c,C9,Omen,0.97,172.0,14,16,8,-2,70.0,119.0,18.0,1.0,1.0,0.0,C9,,10,MIBR,,13,0,VCT Americas
2972,2,Abyss,Xeppaa,C9,Sova,0.86,153.0,12,17,8,-5,74.0,104.0,43.0,1.0,0.0,1.0,C9,,10,MIBR,,13,0,VCT Americas
2973,2,Abyss,neT,C9,Astra,0.63,159.0,14,19,8,-5,61.0,92.0,80.0,1.0,3.0,-2.0,C9,,10,MIBR,,13,0,VCT Americas
2974,2,Abyss,mitch,C9,Kayo,0.5,136.0,9,18,13,-9,57.0,82.0,16.0,0.0,5.0,-5.0,C9,,10,MIBR,,13,0,VCT Americas
2975,2,Abyss,aspas,MIBR,Jett,1.67,280.0,25,10,2,15,87.0,180.0,19.0,5.0,2.0,3.0,C9,,10,MIBR,,13,1,VCT Americas
2976,2,Abyss,xenom,MIBR,Astra,1.34,206.0,19,12,11,7,83.0,133.0,47.0,1.0,0.0,1.0,C9,,10,MIBR,,13,1,VCT Americas
2977,2,Abyss,cortezia,MIBR,Cypher,0.98,229.0,19,19,3,0,87.0,160.0,51.0,4.0,3.0,1.0,C9,,10,MIBR,,13,1,VCT Americas
2978,2,Abyss,artzin,MIBR,Kayo,0.82,153.0,11,16,13,-5,78.0,99.0,17.0,1.0,2.0,-1.0,C9,,10,MIBR,,13,1,VCT Americas
2979,2,Abyss,nzr,MIBR,Sova,0.82,137.0,10,15,9,-5,70.0,103.0,29.0,2.0,2.0,0.0,C9,,10,MIBR,,13,1,VCT Americas
2980,3,Pearl,v1c,C9,Astra,1.35,255.0,18,13,8,5,75.0,158.0,23.0,2.0,1.0,1.0,C9,,7,MIBR,,13,0,VCT Americas
2981,3,Pearl,neT,C9,Cypher,1.0,228.0,15,15,3,0,70.0,154.0,47.0,6.0,1.0,5.0,C9,,7,MIBR,,13,0,VCT Americas
2982,3,Pearl,mitch,C9,Tejo,0.59,158.0,11,17,3,-6,70.0,108.0,27.0,1.0,3.0,-2.0,C9,,7,MIBR,,13,0,VCT Americas
2983,3,Pearl,OXY,C9,Yoru,0.53,145.0,10,17,5,-7,55.0,103.0,30.0,1.0,4.0,-3.0,C9,,7,MIBR,,13,0,VCT Americas
2984,3,Pearl,Xeppaa,C9,Fade,0.45,84.0,5,16,4,-11,50.0,61.0,21.0,0.0,1.0,-1.0,C9,,7,MIBR,,13,0,VCT Americas
2985,3,Pearl,nzr,MIBR,Sova,1.65,262.0,18,9,9,9,85.0,191.0,26.0,1.0,0.0,1.0,C9,,7,MIBR,,13,1,VCT Americas
2986,3,Pearl,xenom,MIBR,Astra,1.34,186.0,15,9,10,6,80.0,129.0,19.0,0.0,1.0,-1.0,C9,,7,MIBR,,13,1,VCT Americas
2987,3,Pearl,artzin,MIBR,Kayo,1.32,258.0,19,15,9,4,75.0,150.0,19.0,3.0,1.0,2.0,C9,,7,MIBR,,13,1,VCT Americas
2988,3,Pearl,aspas,MIBR,Jett,1.11,241.0,17,14,5,3,70.0,151.0,18.0,5.0,7.0,-2.0,C9,,7,MIBR,,13,1,VCT Americas
2989,3,Pearl,cortezia,MIBR,Killjoy,0.73,119.0,9,12,1,-3,70.0,80.0,23.0,1.0,1.0,0.0,C9,,7,MIBR,,13,1,VCT Americas
2990,0,Lotus,eeiu,100T,Fade,1.51,232.0,26,12,7,14,96.0,143.0,31.0,2.0,0.0,2.0,100T,,14,NRG,,12,1,VCT Americas
2991,0,Lotus,zander,100T,Omen,1.03,193.0,17,16,8,1,69.0,112.0,22.0,4.0,3.0,1.0,100T,,14,NRG,,12,1,VCT Americas
2992,0,Lotus,Asuna,100T,Neon,1.03,230.0,20,18,6,2,69.0,162.0,33.0,3.0,7.0,-4.0,100T,,14,NRG,,12,1,VCT Americas
2993,0,Lotus,Cryocells,100T,Clove,0.99,229.0,19,20,9,-1,85.0,156.0,28.0,4.0,2.0,2.0,100T,,14,NRG,,12,1,VCT Americas
2994,0,Lotus,Boostio,100T,Breach,0.46,60.0,4,17,11,-13,69.0,38.0,9.0,0.0,1.0,-1.0,100T,,14,NRG,,12,1,VCT Americas
2995,0,Lotus,mada,NRG,Raze,1.23,253.0,20,18,9,2,77.0,169.0,11.0,7.0,7.0,0.0,100T,,14,NRG,,12,0,VCT Americas
2996,0,Lotus,Verno,NRG,Vyse,1.22,244.0,24,15,2,9,85.0,154.0,40.0,2.0,1.0,1.0,100T,,14,NRG,,12,0,VCT Americas
2997,0,Lotus,FiNESSE,NRG,Breach,1.11,194.0,15,17,10,-2,77.0,129.0,17.0,2.0,1.0,1.0,100T,,14,NRG,,12,0,VCT Americas
2998,0,Lotus,s0m,NRG,Omen,0.87,156.0,15,19,10,-4,69.0,93.0,29.0,1.0,1.0,0.0,100T,,14,NRG,,12,0,VCT Americas
2999,0,Lotus,Ethan,NRG,Tejo,0.59,105.0,9,17,4,-8,46.0,82.0,24.0,1.0,3.0,-2.0,100T,,14,NRG,,12,0,VCT Americas
3000,2,Pearl,eeiu,100T,Fade,0.99,198.0,16,15,5,1,73.0,122.0,51.0,1.0,2.0,-1.0,100T,,9,NRG,,13,0,VCT Americas
3001,2,Pearl,Asuna,100T,Kayo,0.88,156.0,12,14,10,-2,64.0,102.0,29.0,2.0,2.0,0.0,100T,,9,NRG,,13,0,VCT Americas
3002,2,Pearl,Cryocells,100T,Jett,0.77,185.0,15,15,1,0,68.0,112.0,16.0,1.0,2.0,-1.0,100T,,9,NRG,,13,0,VCT Americas
3003,2,Pearl,Boostio,100T,Vyse,0.66,162.0,12,18,5,-6,68.0,101.0,20.0,3.0,2.0,1.0,100T,,9,NRG,,13,0,VCT Americas
3004,2,Pearl,zander,100T,Astra,0.44,147.0,11,20,8,-9,64.0,91.0,32.0,1.0,6.0,-5.0,100T,,9,NRG,,13,0,VCT Americas
3005,2,Pearl,mada,NRG,Jett,1.66,326.0,26,15,4,11,86.0,211.0,26.0,6.0,2.0,4.0,100T,,9,NRG,,13,1,VCT Americas
3006,2,Pearl,s0m,NRG,Astra,1.47,258.0,19,12,8,7,91.0,160.0,19.0,6.0,1.0,5.0,100T,,9,NRG,,13,1,VCT Americas
3007,2,Pearl,FiNESSE,NRG,Breach,1.17,158.0,13,10,13,3,77.0,99.0,20.0,0.0,1.0,-1.0,100T,,9,NRG,,13,1,VCT Americas
3008,2,Pearl,Ethan,NRG,Tejo,0.85,172.0,13,15,5,-2,91.0,111.0,29.0,1.0,4.0,-3.0,100T,,9,NRG,,13,1,VCT Americas
3009,2,Pearl,Verno,NRG,Vyse,0.84,123.0,11,14,6,-3,82.0,85.0,23.0,1.0,0.0,1.0,100T,,9,NRG,,13,1,VCT Americas
3010,3,Bind,zander,100T,Viper,1.2,240.0,19,15,5,4,82.0,148.0,39.0,5.0,0.0,5.0,100T,,9,NRG,,13,0,VCT Americas
3011,3,Bind,Cryocells,100T,Brimstone,0.89,167.0,13,16,4,-3,82.0,107.0,50.0,2.0,0.0,2.0,100T,,9,NRG,,13,0,VCT Americas
3012,3,Bind,Asuna,100T,Raze,0.85,202.0,12,17,7,-5,64.0,138.0,15.0,5.0,3.0,2.0,100T,,9,NRG,,13,0,VCT Americas
3013,3,Bind,eeiu,100T,Fade,0.75,183.0,15,17,3,-2,73.0,107.0,42.0,2.0,1.0,1.0,100T,,9,NRG,,13,0,VCT Americas
3014,3,Bind,Boostio,100T,Gekko,0.35,90.0,7,18,6,-11,55.0,53.0,38.0,1.0,3.0,-2.0,100T,,9,NRG,,13,0,VCT Americas
3015,3,Bind,mada,NRG,Raze,1.54,321.0,27,14,1,13,82.0,175.0,14.0,4.0,6.0,-2.0,100T,,9,NRG,,13,1,VCT Americas
3016,3,Bind,Verno,NRG,Fade,1.32,258.0,21,14,10,7,77.0,161.0,39.0,1.0,2.0,-1.0,100T,,9,NRG,,13,1,VCT Americas
3017,3,Bind,s0m,NRG,Brimstone,1.08,174.0,13,12,16,1,91.0,103.0,15.0,0.0,3.0,-3.0,100T,,9,NRG,,13,1,VCT Americas
3018,3,Bind,FiNESSE,NRG,Viper,1.03,155.0,11,11,8,0,77.0,103.0,8.0,2.0,2.0,0.0,100T,,9,NRG,,13,1,VCT Americas
3019,3,Bind,Ethan,NRG,Kayo,0.91,158.0,11,15,15,-4,73.0,109.0,24.0,0.0,2.0,-2.0,100T,,9,NRG,,13,1,VCT Americas
3020,0,Abyss,keznit,KRÜ,Jett,1.58,328.0,18,8,4,10,88.0,209.0,27.0,5.0,2.0,3.0,KRU,,13,2G,,3,0,VCT Americas
3021,0,Abyss,Melser,KRÜ,Astra,1.41,264.0,16,8,4,8,88.0,158.0,44.0,3.0,2.0,1.0,KRU,,13,2G,,3,0,VCT Americas
3022,0,Abyss,Mazino,KRÜ,Kayo,1.25,202.0,11,8,10,3,88.0,119.0,18.0,1.0,1.0,0.0,KRU,,13,2G,,3,0,VCT Americas
3023,0,Abyss,Shyy,KRÜ,Viper,1.09,196.0,12,9,2,3,75.0,130.0,35.0,2.0,0.0,2.0,KRU,,13,2G,,3,0,VCT Americas
3024,0,Abyss,adverso,KRÜ,Sova,1.0,145.0,8,7,6,1,75.0,96.0,29.0,0.0,0.0,0.0,KRU,,13,2G,,3,0,VCT Americas
3025,0,Abyss,gobera,2G,Jett,1.27,241.0,13,12,3,1,69.0,143.0,34.0,2.0,0.0,2.0,KRU,,13,2G,,3,0,VCT Americas
3026,0,Abyss,pryze,2G,Sova,0.62,133.0,6,12,4,-6,63.0,97.0,19.0,1.0,1.0,0.0,KRU,,13,2G,,3,0,VCT Americas
3027,0,Abyss,lz,2G,Astra,0.58,152.0,9,14,2,-5,56.0,96.0,37.0,0.0,6.0,-6.0,KRU,,13,2G,,3,0,VCT Americas
3028,0,Abyss,silentzz,2G,Yoru,0.44,127.0,7,14,2,-7,56.0,78.0,58.0,0.0,2.0,-2.0,KRU,,13,2G,,3,0,VCT Americas
3029,0,Abyss,Zap,2G,Omen,0.39,86.0,5,13,1,-8,44.0,59.0,27.0,2.0,2.0,0.0,KRU,,13,2G,,3,0,VCT Americas
3030,2,Split,Melser,KRÜ,Omen,1.52,217.0,12,6,5,6,87.0,158.0,39.0,1.0,1.0,0.0,KRU,,13,2G,,2,0,VCT Americas
3031,2,Split,keznit,KRÜ,Raze,1.42,262.0,15,8,3,7,80.0,162.0,21.0,1.0,1.0,0.0,KRU,,13,2G,,2,0,VCT Americas
3032,2,Split,Mazino,KRÜ,Skye,1.22,231.0,12,10,12,2,80.0,169.0,30.0,1.0,2.0,-1.0,KRU,,13,2G,,2,0,VCT Americas
3033,2,Split,adverso,KRÜ,Viper,1.22,257.0,14,11,7,3,80.0,152.0,34.0,2.0,4.0,-2.0,KRU,,13,2G,,2,0,VCT Americas
3034,2,Split,Shyy,KRÜ,Cypher,1.03,190.0,11,10,6,1,87.0,134.0,16.0,1.0,1.0,0.0,KRU,,13,2G,,2,0,VCT Americas
3035,2,Split,pryze,2G,Viper,1.1,256.0,13,12,4,1,93.0,172.0,27.0,1.0,0.0,1.0,KRU,,13,2G,,2,0,VCT Americas
3036,2,Split,gobera,2G,Omen,0.89,190.0,10,12,7,-2,87.0,116.0,29.0,1.0,1.0,0.0,KRU,,13,2G,,2,0,VCT Americas
3037,2,Split,silentzz,2G,Yoru,0.79,210.0,10,14,3,-4,60.0,124.0,37.0,4.0,3.0,1.0,KRU,,13,2G,,2,0,VCT Americas
3038,2,Split,lz,2G,Tejo,0.61,133.0,7,13,3,-6,53.0,102.0,41.0,3.0,1.0,2.0,KRU,,13,2G,,2,0,VCT Americas
3039,2,Split,Zap,2G,Breach,0.55,138.0,5,14,10,-9,60.0,105.0,14.0,0.0,1.0,-1.0,KRU,,13,2G,,2,0,VCT Americas
3040,0,Abyss,Ethan,NRG,Omen,1.42,278.0,21,15,11,6,81.0,173.0,27.0,3.0,2.0,1.0,NRG,,8,KRU,,13,0,VCT Americas
3041,0,Abyss,mada,NRG,Yoru,1.33,300.0,20,15,8,5,81.0,197.0,27.0,3.0,3.0,0.0,NRG,,8,KRU,,13,0,VCT Americas
3042,0,Abyss,s0m,NRG,Harbor,1.02,239.0,18,17,7,1,86.0,161.0,37.0,1.0,3.0,-2.0,NRG,,8,KRU,,13,0,VCT Americas
3043,0,Abyss,Verno,NRG,Sova,0.63,138.0,9,16,7,-7,67.0,104.0,38.0,0.0,3.0,-3.0,NRG,,8,KRU,,13,0,VCT Americas
3044,0,Abyss,FiNESSE,NRG,Vyse,0.33,75.0,4,17,7,-13,62.0,58.0,17.0,1.0,2.0,-1.0,NRG,,8,KRU,,13,0,VCT Americas
3045,0,Abyss,Mazino,KRÜ,Kayo,1.47,266.0,20,13,14,7,86.0,166.0,25.0,4.0,0.0,4.0,NRG,,8,KRU,,13,0,VCT Americas
3046,0,Abyss,Melser,KRÜ,Astra,1.42,231.0,19,13,5,6,71.0,156.0,45.0,3.0,0.0,3.0,NRG,,8,KRU,,13,0,VCT Americas
3047,0,Abyss,keznit,KRÜ,Jett,1.13,235.0,19,14,1,5,71.0,151.0,39.0,3.0,4.0,-1.0,NRG,,8,KRU,,13,0,VCT Americas
3048,0,Abyss,adverso,KRÜ,Sova,0.96,185.0,14,14,5,0,67.0,122.0,13.0,1.0,1.0,0.0,NRG,,8,KRU,,13,0,VCT Americas
3049,0,Abyss,Shyy,KRÜ,Viper,0.46,122.0,8,18,2,-10,48.0,90.0,23.0,2.0,3.0,-1.0,NRG,,8,KRU,,13,0,VCT Americas
3050,2,Haven,mada,NRG,Neon,1.64,354.0,30,14,2,16,78.0,210.0,25.0,4.0,4.0,0.0,NRG,,13,KRU,,10,1,VCT Americas
3051,2,Haven,Ethan,NRG,Breach,1.63,315.0,24,16,11,8,74.0,203.0,32.0,2.0,1.0,1.0,NRG,,13,KRU,,10,1,VCT Americas
3052,2,Haven,Verno,NRG,Sova,0.84,129.0,10,15,4,-5,70.0,93.0,15.0,1.0,2.0,-1.0,NRG,,13,KRU,,10,1,VCT Americas
3053,2,Haven,s0m,NRG,Omen,0.74,121.0,10,15,8,-5,65.0,83.0,41.0,1.0,2.0,-1.0,NRG,,13,KRU,,10,1,VCT Americas
3054,2,Haven,FiNESSE,NRG,Cypher,0.44,89.0,5,17,6,-12,48.0,63.0,11.0,1.0,5.0,-4.0,NRG,,13,KRU,,10,1,VCT Americas
3055,2,Haven,Melser,KRÜ,Omen,1.24,207.0,19,12,10,7,83.0,133.0,29.0,3.0,1.0,2.0,NRG,,13,KRU,,10,0,VCT Americas
3056,2,Haven,Mazino,KRÜ,Breach,0.96,229.0,18,18,9,0,74.0,146.0,28.0,3.0,4.0,-1.0,NRG,,13,KRU,,10,0,VCT Americas
3057,2,Haven,Shyy,KRÜ,Cypher,0.92,172.0,15,16,5,-1,83.0,110.0,23.0,2.0,0.0,2.0,NRG,,13,KRU,,10,0,VCT Americas
3058,2,Haven,adverso,KRÜ,Sova,0.77,159.0,13,16,5,-3,74.0,110.0,17.0,2.0,0.0,2.0,NRG,,13,KRU,,10,0,VCT Americas
3059,2,Haven,keznit,KRÜ,Jett,0.77,159.0,12,17,3,-5,70.0,115.0,34.0,4.0,4.0,0.0,NRG,,13,KRU,,10,0,VCT Americas
3060,3,Bind,s0m,NRG,Brimstone,0.99,219.0,14,15,10,-1,85.0,144.0,15.0,1.0,0.0,1.0,NRG,,7,KRU,,13,0,VCT Americas
3061,3,Bind,mada,NRG,Raze,0.83,195.0,14,15,2,-1,60.0,120.0,36.0,3.0,5.0,-2.0,NRG,,7,KRU,,13,0,VCT Americas
3062,3,Bind,Verno,NRG,Fade,0.75,138.0,10,15,5,-5,70.0,84.0,36.0,1.0,2.0,-1.0,NRG,,7,KRU,,13,0,VCT Americas
3063,3,Bind,FiNESSE,NRG,Viper,0.64,166.0,11,17,3,-6,55.0,106.0,23.0,3.0,4.0,-1.0,NRG,,7,KRU,,13,0,VCT Americas
3064,3,Bind,Ethan,NRG,Kayo,0.57,110.0,6,15,12,-9,65.0,76.0,13.0,0.0,1.0,-1.0,NRG,,7,KRU,,13,0,VCT Americas
3065,3,Bind,Shyy,KRÜ,Vyse,1.89,322.0,25,8,4,17,85.0,192.0,36.0,3.0,0.0,3.0,NRG,,7,KRU,,13,0,VCT Americas
3066,3,Bind,adverso,KRÜ,Viper,1.59,279.0,21,10,10,11,80.0,177.0,17.0,4.0,2.0,2.0,NRG,,7,KRU,,13,0,VCT Americas
3067,3,Bind,keznit,KRÜ,Raze,1.15,226.0,14,12,8,2,80.0,151.0,16.0,4.0,1.0,3.0,NRG,,7,KRU,,13,0,VCT Americas
3068,3,Bind,Melser,KRÜ,Brimstone,0.87,125.0,10,9,6,1,85.0,76.0,22.0,0.0,2.0,-2.0,NRG,,7,KRU,,13,0,VCT Americas
3069,3,Bind,Mazino,KRÜ,Skye,0.35,91.0,7,16,5,-9,55.0,60.0,35.0,1.0,3.0,-2.0,NRG,,7,KRU,,13,0,VCT Americas
3070,0,Abyss,supamen,EG,Omen,1.53,289.0,25,16,5,9,74.0,188.0,44.0,2.0,2.0,0.0,EG,,10,MIBR,,13,0,VCT Americas
3071,0,Abyss,Derrek,EG,Sova,0.84,194.0,15,18,6,-3,65.0,137.0,42.0,1.0,0.0,1.0,EG,,10,MIBR,,13,0,VCT Americas
3072,0,Abyss,NaturE,EG,Vyse,0.76,147.0,9,17,12,-8,70.0,99.0,30.0,0.0,3.0,-3.0,EG,,10,MIBR,,13,0,VCT Americas
3073,0,Abyss,yay,EG,Astra,0.68,155.0,12,18,4,-6,52.0,110.0,32.0,2.0,3.0,-1.0,EG,,10,MIBR,,13,0,VCT Americas
3074,0,Abyss,icy,EG,Jett,0.54,146.0,12,19,0,-7,48.0,84.0,26.0,3.0,7.0,-4.0,EG,,10,MIBR,,13,0,VCT Americas
3075,0,Abyss,aspas,MIBR,Jett,1.42,299.0,25,14,3,11,87.0,180.0,18.0,8.0,3.0,5.0,EG,,10,MIBR,,13,1,VCT Americas
3076,0,Abyss,xenom,MIBR,Astra,1.25,231.0,17,17,18,0,87.0,144.0,26.0,1.0,1.0,0.0,EG,,10,MIBR,,13,1,VCT Americas
3077,0,Abyss,cortezia,MIBR,Cypher,1.19,216.0,19,13,2,6,70.0,142.0,46.0,3.0,1.0,2.0,EG,,10,MIBR,,13,1,VCT Americas
3078,0,Abyss,artzin,MIBR,Kayo,0.94,191.0,16,17,9,-1,83.0,123.0,16.0,2.0,2.0,0.0,EG,,10,MIBR,,13,1,VCT Americas
3079,0,Abyss,nzr,MIBR,Sova,0.72,135.0,11,14,6,-3,74.0,104.0,30.0,1.0,1.0,0.0,EG,,10,MIBR,,13,1,VCT Americas
3080,2,Split,icy,EG,Raze,0.81,216.0,11,15,4,-4,69.0,151.0,16.0,3.0,2.0,1.0,EG,,3,MIBR,,13,0,VCT Americas
3081,2,Split,yay,EG,Chamber,0.71,186.0,10,15,0,-5,44.0,111.0,47.0,2.0,4.0,-2.0,EG,,3,MIBR,,13,0,VCT Americas
3082,2,Split,supamen,EG,Omen,0.57,165.0,9,15,0,-6,44.0,110.0,29.0,1.0,2.0,-1.0,EG,,3,MIBR,,13,0,VCT Americas
3083,2,Split,NaturE,EG,Viper,0.46,120.0,6,14,2,-8,50.0,77.0,15.0,0.0,2.0,-2.0,EG,,3,MIBR,,13,0,VCT Americas
3084,2,Split,Derrek,EG,Skye,0.41,124.0,7,15,4,-8,63.0,63.0,36.0,0.0,0.0,0.0,EG,,3,MIBR,,13,0,VCT Americas
3085,2,Split,nzr,MIBR,Skye,1.76,257.0,15,7,9,8,88.0,188.0,21.0,2.0,0.0,2.0,EG,,3,MIBR,,13,1,VCT Americas
3086,2,Split,artzin,MIBR,Raze,1.39,317.0,20,10,2,10,88.0,178.0,13.0,2.0,3.0,-1.0,EG,,3,MIBR,,13,1,VCT Americas
3087,2,Split,xenom,MIBR,Astra,1.35,177.0,10,6,8,4,94.0,112.0,28.0,1.0,1.0,0.0,EG,,3,MIBR,,13,1,VCT Americas
3088,2,Split,aspas,MIBR,Jett,1.28,215.0,13,8,4,5,94.0,132.0,4.0,2.0,0.0,2.0,EG,,3,MIBR,,13,1,VCT Americas
3089,2,Split,cortezia,MIBR,Viper,1.11,278.0,16,12,5,4,94.0,186.0,38.0,3.0,2.0,1.0,EG,,3,MIBR,,13,1,VCT Americas
3090,0,Haven,C0M,LEV,Sova,1.66,330.0,27,14,3,13,90.0,221.0,29.0,2.0,1.0,1.0,LEV,,13,FUR,,8,1,VCT Americas
3091,0,Haven,kiNgg,LEV,Omen,1.17,222.0,17,14,8,3,76.0,122.0,38.0,2.0,2.0,0.0,LEV,,13,FUR,,8,1,VCT Americas
3092,0,Haven,nataNk,LEV,Breach,1.12,192.0,13,12,14,1,81.0,113.0,23.0,2.0,2.0,0.0,LEV,,13,FUR,,8,1,VCT Americas
3093,0,Haven,tex,LEV,Cypher,0.72,152.0,11,14,3,-3,71.0,93.0,22.0,2.0,3.0,-1.0,LEV,,13,FUR,,8,1,VCT Americas
3094,0,Haven,Demon1,LEV,Jett,0.59,162.0,11,17,2,-6,57.0,112.0,26.0,4.0,1.0,3.0,LEV,,13,FUR,,8,1,VCT Americas
3095,0,Haven,Khalil,FUR,Omen,1.28,215.0,18,12,4,6,86.0,137.0,42.0,1.0,0.0,1.0,LEV,,13,FUR,,8,0,VCT Americas
3096,0,Haven,mwzera,FUR,Sova,1.06,220.0,16,15,6,1,71.0,138.0,13.0,1.0,2.0,-1.0,LEV,,13,FUR,,8,0,VCT Americas
3097,0,Haven,havoc,FUR,Jett,0.89,211.0,14,19,7,-5,86.0,139.0,27.0,5.0,3.0,2.0,LEV,,13,FUR,,8,0,VCT Americas
3098,0,Haven,raafa,FUR,Breach,0.74,150.0,11,16,5,-5,57.0,111.0,23.0,0.0,2.0,-2.0,LEV,,13,FUR,,8,0,VCT Americas
3099,0,Haven,heat,FUR,Cypher,0.58,151.0,12,17,1,-5,52.0,105.0,41.0,2.0,5.0,-3.0,LEV,,13,FUR,,8,0,VCT Americas
3100,2,Split,kiNgg,LEV,Omen,1.72,278.0,20,9,7,11,89.0,173.0,43.0,3.0,2.0,1.0,LEV,,13,FUR,,6,1,VCT Americas
3101,2,Split,nataNk,LEV,Skye,1.45,213.0,14,8,8,6,79.0,142.0,31.0,2.0,2.0,0.0,LEV,,13,FUR,,6,1,VCT Americas
3102,2,Split,Demon1,LEV,Raze,1.03,164.0,11,9,3,2,79.0,111.0,17.0,1.0,3.0,-2.0,LEV,,13,FUR,,6,1,VCT Americas
3103,2,Split,tex,LEV,Cypher,1.01,172.0,13,11,1,2,68.0,116.0,40.0,2.0,1.0,1.0,LEV,,13,FUR,,6,1,VCT Americas
3104,2,Split,C0M,LEV,Viper,0.98,222.0,14,13,6,1,68.0,161.0,23.0,1.0,2.0,-1.0,LEV,,13,FUR,,6,1,VCT Americas
3105,2,Split,havoc,FUR,Raze,1.05,262.0,15,14,4,1,68.0,181.0,26.0,4.0,2.0,2.0,LEV,,13,FUR,,6,0,VCT Americas
3106,2,Split,mwzera,FUR,Skye,0.77,155.0,9,13,4,-4,63.0,98.0,12.0,3.0,1.0,2.0,LEV,,13,FUR,,6,0,VCT Americas
3107,2,Split,heat,FUR,Viper,0.68,161.0,10,15,1,-5,47.0,108.0,32.0,1.0,3.0,-2.0,LEV,,13,FUR,,6,0,VCT Americas
3108,2,Split,Khalil,FUR,Omen,0.64,160.0,10,17,5,-7,68.0,103.0,46.0,2.0,3.0,-1.0,LEV,,13,FUR,,6,0,VCT Americas
3109,2,Split,raafa,FUR,Sage,0.58,95.0,6,13,4,-7,58.0,66.0,11.0,0.0,0.0,0.0,LEV,,13,FUR,,6,0,VCT Americas
3110,0,Lotus,leaf,G2,Viper,1.64,296.0,22,11,4,11,89.0,209.0,33.0,2.0,0.0,2.0,G2,,13,C9,,6,1,VCT Americas
3111,0,Lotus,jawgemo,G2,Yoru,1.37,248.0,16,11,8,5,89.0,151.0,20.0,7.0,1.0,6.0,G2,,13,C9,,6,1,VCT Americas
3112,0,Lotus,valyn,G2,Omen,1.24,230.0,15,11,12,4,95.0,142.0,16.0,2.0,1.0,1.0,G2,,13,C9,,6,1,VCT Americas
3113,0,Lotus,JonahP,G2,Breach,1.19,160.0,12,9,10,3,84.0,114.0,48.0,0.0,0.0,0.0,G2,,13,C9,,6,1,VCT Americas
3114,0,Lotus,trent,G2,Tejo,0.91,174.0,14,11,2,3,74.0,120.0,29.0,2.0,4.0,-2.0,G2,,13,C9,,6,1,VCT Americas
3115,0,Lotus,Xeppaa,C9,Tejo,1.23,238.0,15,15,5,0,74.0,174.0,22.0,1.0,2.0,-1.0,G2,,13,C9,,6,0,VCT Americas
3116,0,Lotus,v1c,C9,Omen,0.87,167.0,10,16,11,-6,58.0,111.0,12.0,2.0,2.0,0.0,G2,,13,C9,,6,0,VCT Americas
3117,0,Lotus,neT,C9,Deadlock,0.74,186.0,12,16,1,-4,53.0,124.0,39.0,0.0,1.0,-1.0,G2,,13,C9,,6,0,VCT Americas
3118,0,Lotus,mitch,C9,Breach,0.54,112.0,7,15,6,-8,63.0,67.0,20.0,2.0,1.0,1.0,G2,,13,C9,,6,0,VCT Americas
3119,0,Lotus,OXY,C9,Raze,0.42,141.0,9,17,1,-8,53.0,94.0,36.0,1.0,7.0,-6.0,G2,,13,C9,,6,0,VCT Americas
3120,2,Abyss,JonahP,G2,Breach,1.53,246.0,18,11,17,7,90.0,148.0,30.0,3.0,1.0,2.0,G2,,13,C9,,8,1,VCT Americas
3121,2,Abyss,leaf,G2,Chamber,1.49,271.0,22,12,3,10,62.0,168.0,28.0,5.0,2.0,3.0,G2,,13,C9,,8,1,VCT Americas
3122,2,Abyss,trent,G2,Sova,1.43,210.0,17,8,3,9,76.0,157.0,50.0,1.0,1.0,0.0,G2,,13,C9,,8,1,VCT Americas
3123,2,Abyss,valyn,G2,Astra,0.93,155.0,10,14,9,-4,76.0,99.0,19.0,0.0,1.0,-1.0,G2,,13,C9,,8,1,VCT Americas
3124,2,Abyss,jawgemo,G2,Yoru,0.89,177.0,13,15,9,-2,67.0,135.0,22.0,4.0,3.0,1.0,G2,,13,C9,,8,1,VCT Americas
3125,2,Abyss,OXY,C9,Jett,1.0,237.0,19,17,2,2,57.0,166.0,20.0,4.0,4.0,0.0,G2,,13,C9,,8,0,VCT Americas
3126,2,Abyss,Xeppaa,C9,Sova,0.96,168.0,12,13,8,-1,67.0,117.0,24.0,0.0,0.0,0.0,G2,,13,C9,,8,0,VCT Americas
3127,2,Abyss,neT,C9,Astra,0.74,171.0,13,16,3,-3,52.0,108.0,48.0,2.0,6.0,-4.0,G2,,13,C9,,8,0,VCT Americas
3128,2,Abyss,mitch,C9,Kayo,0.7,173.0,10,18,12,-8,57.0,104.0,27.0,1.0,2.0,-1.0,G2,,13,C9,,8,0,VCT Americas
3129,2,Abyss,v1c,C9,Omen,0.46,107.0,6,16,6,-10,62.0,76.0,18.0,1.0,1.0,0.0,G2,,13,C9,,8,0,VCT Americas
3130,0,Split,N4RRATE,SEN,Breach,1.04,184.0,12,14,12,-2,76.0,119.0,22.0,1.0,1.0,0.0,SEN,,4,100T,,13,0,VCT Americas
3131,0,Split,johnqt,SEN,Tejo,0.98,242.0,13,15,5,-2,65.0,148.0,21.0,1.0,0.0,1.0,SEN,,4,100T,,13,0,VCT Americas
3132,0,Split,Zellsis,SEN,Viper,0.75,192.0,11,14,3,-3,59.0,125.0,26.0,1.0,3.0,-2.0,SEN,,4,100T,,13,0,VCT Americas
3133,0,Split,zekken,SEN,Yoru,0.71,196.0,11,15,3,-4,76.0,130.0,11.0,2.0,4.0,-2.0,SEN,,4,100T,,13,0,VCT Americas
3134,0,Split,bang,SEN,Omen,0.44,160.0,8,16,3,-8,71.0,126.0,32.0,2.0,2.0,0.0,SEN,,4,100T,,13,0,VCT Americas
3135,0,Split,Cryocells,100T,Sage,2.13,338.0,24,8,4,16,94.0,233.0,46.0,2.0,0.0,2.0,SEN,,4,100T,,13,1,VCT Americas
3136,0,Split,eeiu,100T,Tejo,1.26,272.0,17,13,6,4,82.0,200.0,38.0,2.0,1.0,1.0,SEN,,4,100T,,13,1,VCT Americas
3137,0,Split,Asuna,100T,Raze,1.0,223.0,13,13,3,0,71.0,147.0,12.0,2.0,5.0,-3.0,SEN,,4,100T,,13,1,VCT Americas
3138,0,Split,Boostio,100T,Breach,0.93,177.0,12,11,6,1,82.0,108.0,23.0,3.0,0.0,3.0,SEN,,4,100T,,13,1,VCT Americas
3139,0,Split,zander,100T,Astra,0.85,140.0,8,10,5,-2,76.0,89.0,24.0,1.0,1.0,0.0,SEN,,4,100T,,13,1,VCT Americas
3140,2,Bind,johnqt,SEN,Tejo,1.41,197.0,16,11,7,5,82.0,137.0,32.0,1.0,0.0,1.0,SEN,,13,100T,,9,1,VCT Americas
3141,2,Bind,zekken,SEN,Raze,1.27,229.0,20,13,4,7,86.0,151.0,17.0,4.0,4.0,0.0,SEN,,13,100T,,9,1,VCT Americas
3142,2,Bind,bang,SEN,Viper,1.18,229.0,19,13,5,6,77.0,151.0,34.0,2.0,3.0,-1.0,SEN,,13,100T,,9,1,VCT Americas
3143,2,Bind,Zellsis,SEN,Brimstone,0.99,155.0,11,13,9,-2,73.0,90.0,26.0,3.0,2.0,1.0,SEN,,13,100T,,9,1,VCT Americas
3144,2,Bind,N4RRATE,SEN,Gekko,0.95,222.0,16,17,8,-1,73.0,150.0,22.0,3.0,0.0,3.0,SEN,,13,100T,,9,1,VCT Americas
3145,2,Bind,Asuna,100T,Raze,1.07,269.0,21,18,3,3,73.0,170.0,20.0,6.0,4.0,2.0,SEN,,13,100T,,9,0,VCT Americas
3146,2,Bind,Cryocells,100T,Brimstone,0.88,191.0,14,18,9,-4,73.0,125.0,26.0,3.0,3.0,0.0,SEN,,13,100T,,9,0,VCT Americas
3147,2,Bind,eeiu,100T,Fade,0.85,137.0,12,15,9,-3,68.0,92.0,50.0,0.0,1.0,-1.0,SEN,,13,100T,,9,0,VCT Americas
3148,2,Bind,Boostio,100T,Gekko,0.72,151.0,10,16,8,-6,59.0,100.0,15.0,0.0,2.0,-2.0,SEN,,13,100T,,9,0,VCT Americas
3149,2,Bind,zander,100T,Viper,0.7,129.0,9,15,5,-6,64.0,84.0,16.0,0.0,3.0,-3.0,SEN,,13,100T,,9,0,VCT Americas
3150,3,Pearl,johnqt,SEN,Tejo,1.56,237.0,22,10,3,12,91.0,146.0,25.0,1.0,0.0,1.0,SEN,,13,100T,,9,1,VCT Americas
3151,3,Pearl,N4RRATE,SEN,Fade,1.28,231.0,17,15,10,2,86.0,172.0,31.0,1.0,0.0,1.0,SEN,,13,100T,,9,1,VCT Americas
3152,3,Pearl,bang,SEN,Astra,1.18,175.0,15,13,10,2,86.0,109.0,30.0,1.0,1.0,0.0,SEN,,13,100T,,9,1,VCT Americas
3153,3,Pearl,zekken,SEN,Yoru,1.07,227.0,17,16,7,1,77.0,147.0,17.0,8.0,6.0,2.0,SEN,,13,100T,,9,1,VCT Americas
3154,3,Pearl,Zellsis,SEN,Vyse,0.85,144.0,10,14,8,-4,86.0,105.0,30.0,1.0,3.0,-2.0,SEN,,13,100T,,9,1,VCT Americas
3155,3,Pearl,zander,100T,Astra,1.14,206.0,15,12,12,3,77.0,123.0,19.0,2.0,1.0,1.0,SEN,,13,100T,,9,0,VCT Americas
3156,3,Pearl,Cryocells,100T,Jett,0.95,212.0,15,16,5,-1,77.0,140.0,36.0,5.0,4.0,1.0,SEN,,13,100T,,9,0,VCT Americas
3157,3,Pearl,eeiu,100T,Fade,0.76,177.0,13,16,11,-3,77.0,119.0,38.0,0.0,3.0,-3.0,SEN,,13,100T,,9,0,VCT Americas
3158,3,Pearl,Asuna,100T,Kayo,0.72,184.0,13,18,7,-5,68.0,110.0,19.0,1.0,2.0,-1.0,SEN,,13,100T,,9,0,VCT Americas
3159,3,Pearl,Boostio,100T,Killjoy,0.53,149.0,12,19,2,-7,55.0,101.0,24.0,2.0,2.0,0.0,SEN,,13,100T,,9,0,VCT Americas
3160,0,Haven,Shyy,KRÜ,Cypher,1.09,183.0,13,15,4,-2,70.0,112.0,41.0,1.0,1.0,0.0,KRU,,7,LOUD,,13,0,VCT Americas
3161,0,Haven,Melser,KRÜ,Omen,0.84,145.0,9,14,8,-5,55.0,97.0,40.0,2.0,2.0,0.0,KRU,,7,LOUD,,13,0,VCT Americas
3162,0,Haven,keznit,KRÜ,Jett,0.83,173.0,13,15,1,-2,60.0,101.0,44.0,6.0,6.0,0.0,KRU,,7,LOUD,,13,0,VCT Americas
3163,0,Haven,adverso,KRÜ,Sova,0.62,109.0,9,16,2,-7,50.0,77.0,40.0,0.0,0.0,0.0,KRU,,7,LOUD,,13,0,VCT Americas
3164,0,Haven,Mazino,KRÜ,Breach,0.39,114.0,7,18,4,-11,50.0,70.0,21.0,0.0,2.0,-2.0,KRU,,7,LOUD,,13,0,VCT Americas
3165,0,Haven,dgzin,LOUD,Jett,1.47,229.0,19,7,3,12,85.0,138.0,11.0,4.0,2.0,2.0,KRU,,7,LOUD,,13,1,VCT Americas
3166,0,Haven,pANcada,LOUD,Omen,1.23,194.0,14,9,3,5,80.0,129.0,50.0,1.0,1.0,0.0,KRU,,7,LOUD,,13,1,VCT Americas
3167,0,Haven,cauanzin,LOUD,Sova,1.22,254.0,19,12,3,7,75.0,160.0,44.0,4.0,2.0,2.0,KRU,,7,LOUD,,13,1,VCT Americas
3168,0,Haven,tuyz,LOUD,Cypher,1.01,204.0,14,12,6,2,75.0,135.0,26.0,1.0,1.0,0.0,KRU,,7,LOUD,,13,1,VCT Americas
3169,0,Haven,v1nny,LOUD,Breach,0.94,163.0,12,11,7,1,85.0,114.0,48.0,1.0,3.0,-2.0,KRU,,7,LOUD,,13,1,VCT Americas
3170,2,Split,keznit,KRÜ,Raze,1.44,270.0,24,13,5,11,87.0,177.0,20.0,2.0,2.0,0.0,KRU,,10,LOUD,,13,0,VCT Americas
3171,2,Split,Shyy,KRÜ,Cypher,1.21,210.0,18,13,5,5,78.0,137.0,34.0,2.0,0.0,2.0,KRU,,10,LOUD,,13,0,VCT Americas
3172,2,Split,Mazino,KRÜ,Skye,0.88,222.0,18,17,6,1,70.0,158.0,34.0,4.0,5.0,-1.0,KRU,,10,LOUD,,13,0,VCT Americas
3173,2,Split,Melser,KRÜ,Omen,0.72,138.0,10,14,4,-4,74.0,88.0,28.0,2.0,1.0,1.0,KRU,,10,LOUD,,13,0,VCT Americas
3174,2,Split,adverso,KRÜ,Viper,0.72,152.0,11,17,4,-6,74.0,116.0,22.0,3.0,2.0,1.0,KRU,,10,LOUD,,13,0,VCT Americas
3175,2,Split,v1nny,LOUD,Breach,1.12,192.0,17,16,8,1,74.0,128.0,29.0,1.0,1.0,0.0,KRU,,10,LOUD,,13,1,VCT Americas
3176,2,Split,dgzin,LOUD,Raze,1.05,234.0,18,16,3,2,65.0,151.0,26.0,3.0,4.0,-1.0,KRU,,10,LOUD,,13,1,VCT Americas
3177,2,Split,tuyz,LOUD,Cypher,1.0,177.0,12,17,9,-5,65.0,131.0,26.0,2.0,4.0,-2.0,KRU,,10,LOUD,,13,1,VCT Americas
3178,2,Split,pANcada,LOUD,Astra,0.95,179.0,15,15,2,0,70.0,110.0,43.0,3.0,3.0,0.0,KRU,,10,LOUD,,13,1,VCT Americas
3179,2,Split,cauanzin,LOUD,Tejo,0.78,161.0,12,17,5,-5,65.0,104.0,14.0,1.0,1.0,0.0,KRU,,10,LOUD,,13,1,VCT Americas
3180,0,Lotus,pANcada,LOUD,Omen,1.31,226.0,20,14,12,6,75.0,140.0,37.0,5.0,0.0,5.0,LOUD,,13,SEN,,11,1,VCT Americas
3181,0,Lotus,dgzin,LOUD,Raze,1.18,231.0,19,14,7,5,79.0,150.0,29.0,3.0,3.0,0.0,LOUD,,13,SEN,,11,1,VCT Americas
3182,0,Lotus,cauanzin,LOUD,Fade,1.17,257.0,21,17,9,4,75.0,162.0,27.0,4.0,1.0,3.0,LOUD,,13,SEN,,11,1,VCT Americas
3183,0,Lotus,tuyz,LOUD,Cypher,0.98,157.0,14,12,1,2,71.0,98.0,30.0,2.0,1.0,1.0,LOUD,,13,SEN,,11,1,VCT Americas
3184,0,Lotus,v1nny,LOUD,Breach,0.64,133.0,10,17,5,-7,75.0,93.0,35.0,2.0,3.0,-1.0,LOUD,,13,SEN,,11,1,VCT Americas
3185,0,Lotus,zekken,SEN,Yoru,1.07,230.0,20,16,4,4,75.0,145.0,25.0,3.0,6.0,-3.0,LOUD,,13,SEN,,11,0,VCT Americas
3186,0,Lotus,N4RRATE,SEN,Breach,1.03,175.0,14,17,10,-3,75.0,128.0,19.0,0.0,1.0,-1.0,LOUD,,13,SEN,,11,0,VCT Americas
3187,0,Lotus,Zellsis,SEN,Vyse,1.01,205.0,15,18,11,-3,75.0,133.0,17.0,3.0,3.0,0.0,LOUD,,13,SEN,,11,0,VCT Americas
3188,0,Lotus,bang,SEN,Omen,0.86,184.0,16,19,6,-3,67.0,117.0,29.0,2.0,3.0,-1.0,LOUD,,13,SEN,,11,0,VCT Americas
3189,0,Lotus,johnqt,SEN,Tejo,0.77,116.0,9,14,5,-5,63.0,84.0,22.0,0.0,3.0,-3.0,LOUD,,13,SEN,,11,0,VCT Americas
3190,2,Pearl,dgzin,LOUD,Jett,1.05,218.0,19,16,0,3,67.0,134.0,29.0,7.0,1.0,6.0,LOUD,,11,SEN,,13,0,VCT Americas
3191,2,Pearl,cauanzin,LOUD,Sova,1.0,194.0,15,17,7,-2,63.0,132.0,20.0,3.0,2.0,1.0,LOUD,,11,SEN,,13,0,VCT Americas
3192,2,Pearl,pANcada,LOUD,Astra,0.95,167.0,15,14,10,1,67.0,120.0,32.0,1.0,4.0,-3.0,LOUD,,11,SEN,,13,0,VCT Americas
3193,2,Pearl,v1nny,LOUD,Kayo,0.81,143.0,12,18,12,-6,63.0,98.0,46.0,0.0,3.0,-3.0,LOUD,,11,SEN,,13,0,VCT Americas
3194,2,Pearl,tuyz,LOUD,Cypher,0.79,126.0,12,15,4,-3,75.0,78.0,48.0,2.0,1.0,1.0,LOUD,,11,SEN,,13,0,VCT Americas
3195,2,Pearl,zekken,SEN,Yoru,1.35,277.0,23,17,11,6,83.0,176.0,20.0,5.0,2.0,3.0,LOUD,,11,SEN,,13,1,VCT Americas
3196,2,Pearl,johnqt,SEN,Tejo,1.24,197.0,18,14,6,4,79.0,136.0,29.0,2.0,1.0,1.0,LOUD,,11,SEN,,13,1,VCT Americas
3197,2,Pearl,Zellsis,SEN,Vyse,0.95,162.0,12,13,8,-1,67.0,101.0,16.0,1.0,5.0,-4.0,LOUD,,11,SEN,,13,1,VCT Americas
3198,2,Pearl,N4RRATE,SEN,Fade,0.94,160.0,13,15,10,-2,67.0,106.0,15.0,1.0,2.0,-1.0,LOUD,,11,SEN,,13,1,VCT Americas
3199,2,Pearl,bang,SEN,Astra,0.91,159.0,14,14,6,0,79.0,108.0,34.0,2.0,3.0,-1.0,LOUD,,11,SEN,,13,1,VCT Americas
3200,3,Split,dgzin,LOUD,Raze,1.59,311.0,23,14,3,9,77.0,202.0,25.0,4.0,1.0,3.0,LOUD,,9,SEN,,13,0,VCT Americas
3201,3,Split,pANcada,LOUD,Astra,0.95,220.0,18,18,6,0,68.0,138.0,41.0,1.0,0.0,1.0,LOUD,,9,SEN,,13,0,VCT Americas
3202,3,Split,tuyz,LOUD,Cypher,0.67,116.0,9,15,2,-6,73.0,78.0,29.0,0.0,3.0,-3.0,LOUD,,9,SEN,,13,0,VCT Americas
3203,3,Split,v1nny,LOUD,Breach,0.59,103.0,9,15,2,-6,64.0,81.0,43.0,0.0,0.0,0.0,LOUD,,9,SEN,,13,0,VCT Americas
3204,3,Split,cauanzin,LOUD,Skye,0.59,195.0,13,19,6,-6,59.0,119.0,22.0,6.0,7.0,-1.0,LOUD,,9,SEN,,13,0,VCT Americas
3205,3,Split,bang,SEN,Omen,1.27,216.0,18,13,5,5,77.0,128.0,28.0,1.0,1.0,0.0,LOUD,,9,SEN,,13,1,VCT Americas
3206,3,Split,zekken,SEN,Yoru,1.21,252.0,18,14,6,4,86.0,161.0,26.0,7.0,4.0,3.0,LOUD,,9,SEN,,13,1,VCT Americas
3207,3,Split,johnqt,SEN,Tejo,1.12,237.0,18,15,5,3,77.0,164.0,26.0,2.0,0.0,2.0,LOUD,,9,SEN,,13,1,VCT Americas
3208,3,Split,Zellsis,SEN,Viper,1.1,205.0,18,15,2,3,68.0,120.0,18.0,1.0,3.0,-2.0,LOUD,,9,SEN,,13,1,VCT Americas
3209,3,Split,N4RRATE,SEN,Breach,0.68,115.0,9,15,9,-6,73.0,69.0,6.0,0.0,3.0,-3.0,LOUD,,9,SEN,,13,1,VCT Americas
3210,0,Pearl,trent,G2,Sova,1.69,255.0,18,7,8,11,94.0,178.0,28.0,0.0,1.0,-1.0,G2,,13,LEV,,5,1,VCT Americas
3211,0,Pearl,leaf,G2,Chamber,1.44,279.0,20,9,1,11,83.0,166.0,32.0,6.0,2.0,4.0,G2,,13,LEV,,5,1,VCT Americas
3212,0,Pearl,JonahP,G2,Vyse,1.05,212.0,14,12,8,2,83.0,155.0,28.0,0.0,0.0,0.0,G2,,13,LEV,,5,1,VCT Americas
3213,0,Pearl,valyn,G2,Astra,0.99,162.0,12,11,6,1,83.0,111.0,27.0,1.0,1.0,0.0,G2,,13,LEV,,5,1,VCT Americas
3214,0,Pearl,jawgemo,G2,Yoru,0.86,184.0,10,14,7,-4,72.0,125.0,12.0,5.0,2.0,3.0,G2,,13,LEV,,5,1,VCT Americas
3215,0,Pearl,tex,LEV,Vyse,1.27,232.0,16,12,0,4,61.0,154.0,46.0,1.0,4.0,-3.0,G2,,13,LEV,,5,0,VCT Americas
3216,0,Pearl,kiNgg,LEV,Astra,1.03,252.0,15,17,6,-2,78.0,155.0,31.0,3.0,1.0,2.0,G2,,13,LEV,,5,0,VCT Americas
3217,0,Pearl,nataNk,LEV,Fade,0.94,201.0,13,14,5,-1,61.0,115.0,28.0,1.0,3.0,-2.0,G2,,13,LEV,,5,0,VCT Americas
3218,0,Pearl,Demon1,LEV,Yoru,0.36,83.0,5,15,3,-10,44.0,67.0,30.0,1.0,4.0,-3.0,G2,,13,LEV,,5,0,VCT Americas
3219,0,Pearl,C0M,LEV,Tejo,0.3,78.0,4,16,3,-12,50.0,55.0,13.0,0.0,0.0,0.0,G2,,13,LEV,,5,0,VCT Americas
3220,2,Fracture,leaf,G2,Vyse,1.6,317.0,24,15,8,9,77.0,221.0,24.0,2.0,0.0,2.0,G2,,13,LEV,,9,1,VCT Americas
3221,2,Fracture,trent,G2,Tejo,1.39,218.0,19,14,4,5,86.0,156.0,36.0,3.0,2.0,1.0,G2,,13,LEV,,9,1,VCT Americas
3222,2,Fracture,JonahP,G2,Breach,0.99,200.0,16,18,17,-2,82.0,119.0,22.0,2.0,2.0,0.0,G2,,13,LEV,,9,1,VCT Americas
3223,2,Fracture,jawgemo,G2,Raze,0.9,249.0,19,20,6,-1,73.0,147.0,7.0,4.0,3.0,1.0,G2,,13,LEV,,9,1,VCT Americas
3224,2,Fracture,valyn,G2,Brimstone,0.61,143.0,9,18,11,-9,59.0,113.0,18.0,2.0,2.0,0.0,G2,,13,LEV,,9,1,VCT Americas
3225,2,Fracture,C0M,LEV,Sova,1.1,230.0,19,16,5,3,73.0,150.0,28.0,1.0,1.0,0.0,G2,,13,LEV,,9,0,VCT Americas
3226,2,Fracture,kiNgg,LEV,Breach,1.05,201.0,16,16,13,0,77.0,138.0,23.0,1.0,2.0,-1.0,G2,,13,LEV,,9,0,VCT Americas
3227,2,Fracture,nataNk,LEV,Raze,1.04,253.0,19,17,4,2,73.0,167.0,24.0,7.0,5.0,2.0,G2,,13,LEV,,9,0,VCT Americas
3228,2,Fracture,Demon1,LEV,Brimstone,0.92,227.0,15,20,18,-5,82.0,155.0,31.0,0.0,2.0,-2.0,G2,,13,LEV,,9,0,VCT Americas
3229,2,Fracture,tex,LEV,Killjoy,0.81,198.0,16,19,2,-3,64.0,134.0,39.0,0.0,3.0,-3.0,G2,,13,LEV,,9,0,VCT Americas
3230,0,Lotus,kiNgg,LEV,Omen,1.31,241.0,17,12,8,5,85.0,173.0,33.0,1.0,2.0,-1.0,LEV,,13,MIBR,,7,1,VCT Americas
3231,0,Lotus,tex,LEV,Killjoy,1.26,197.0,16,9,1,7,85.0,126.0,41.0,1.0,2.0,-1.0,LEV,,13,MIBR,,7,1,VCT Americas
3232,0,Lotus,Demon1,LEV,Raze,1.18,245.0,18,12,6,6,75.0,171.0,37.0,1.0,3.0,-2.0,LEV,,13,MIBR,,7,1,VCT Americas
3233,0,Lotus,nataNk,LEV,Fade,1.14,192.0,13,8,5,5,90.0,138.0,24.0,1.0,3.0,-2.0,LEV,,13,MIBR,,7,1,VCT Americas
3234,0,Lotus,C0M,LEV,Viper,1.11,195.0,14,11,3,3,80.0,134.0,22.0,3.0,2.0,1.0,LEV,,13,MIBR,,7,1,VCT Americas
3235,0,Lotus,aspas,MIBR,Raze,1.24,260.0,16,15,2,1,65.0,176.0,18.0,7.0,1.0,6.0,LEV,,13,MIBR,,7,0,VCT Americas
3236,0,Lotus,cortezia,MIBR,Cypher,0.85,222.0,15,16,0,-1,55.0,144.0,36.0,2.0,1.0,1.0,LEV,,13,MIBR,,7,0,VCT Americas
3237,0,Lotus,nzr,MIBR,Fade,0.52,107.0,8,16,0,-8,40.0,78.0,16.0,0.0,0.0,0.0,LEV,,13,MIBR,,7,0,VCT Americas
3238,0,Lotus,xenom,MIBR,Omen,0.51,103.0,7,15,4,-8,60.0,64.0,18.0,1.0,3.0,-2.0,LEV,,13,MIBR,,7,0,VCT Americas
3239,0,Lotus,artzin,MIBR,Breach,0.47,109.0,6,16,5,-10,45.0,85.0,24.0,2.0,2.0,0.0,LEV,,13,MIBR,,7,0,VCT Americas
3240,2,Pearl,Demon1,LEV,Jett,1.28,300.0,23,16,8,7,77.0,196.0,26.0,4.0,5.0,-1.0,LEV,,9,MIBR,,13,0,VCT Americas
3241,2,Pearl,tex,LEV,Vyse,1.12,188.0,15,14,5,1,73.0,122.0,33.0,1.0,2.0,-1.0,LEV,,9,MIBR,,13,0,VCT Americas
3242,2,Pearl,kiNgg,LEV,Astra,0.75,142.0,11,16,6,-5,82.0,101.0,31.0,1.0,1.0,0.0,LEV,,9,MIBR,,13,0,VCT Americas
3243,2,Pearl,nataNk,LEV,Phoenix,0.71,180.0,12,19,11,-7,77.0,120.0,17.0,2.0,2.0,0.0,LEV,,9,MIBR,,13,0,VCT Americas
3244,2,Pearl,C0M,LEV,Sova,0.64,146.0,12,17,6,-5,68.0,100.0,27.0,2.0,2.0,0.0,LEV,,9,MIBR,,13,0,VCT Americas
3245,2,Pearl,artzin,MIBR,Kayo,1.29,269.0,19,16,12,3,91.0,181.0,13.0,2.0,3.0,-1.0,LEV,,9,MIBR,,13,1,VCT Americas
3246,2,Pearl,nzr,MIBR,Sova,1.22,179.0,14,13,11,1,82.0,129.0,36.0,1.0,0.0,1.0,LEV,,9,MIBR,,13,1,VCT Americas
3247,2,Pearl,aspas,MIBR,Jett,1.14,205.0,16,13,4,3,77.0,139.0,21.0,4.0,2.0,2.0,LEV,,9,MIBR,,13,1,VCT Americas
3248,2,Pearl,xenom,MIBR,Astra,1.04,198.0,17,15,2,2,73.0,126.0,48.0,2.0,4.0,-2.0,LEV,,9,MIBR,,13,1,VCT Americas
3249,2,Pearl,cortezia,MIBR,Killjoy,0.93,210.0,16,16,3,0,68.0,138.0,43.0,3.0,1.0,2.0,LEV,,9,MIBR,,13,1,VCT Americas
3250,3,Split,tex,LEV,Cypher,1.06,167.0,17,16,2,1,65.0,122.0,34.0,2.0,1.0,1.0,LEV,,12,MIBR,,14,0,VCT Americas
3251,3,Split,nataNk,LEV,Skye,1.02,219.0,20,19,9,1,73.0,156.0,30.0,4.0,4.0,0.0,LEV,,12,MIBR,,14,0,VCT Americas
3252,3,Split,Demon1,LEV,Raze,0.87,206.0,20,22,4,-2,73.0,134.0,16.0,1.0,5.0,-4.0,LEV,,12,MIBR,,14,0,VCT Americas
3253,3,Split,kiNgg,LEV,Omen,0.77,176.0,16,20,9,-4,77.0,120.0,25.0,3.0,3.0,0.0,LEV,,12,MIBR,,14,0,VCT Americas
3254,3,Split,C0M,LEV,Viper,0.74,170.0,13,19,12,-6,81.0,103.0,10.0,0.0,3.0,-3.0,LEV,,12,MIBR,,14,0,VCT Americas
3255,3,Split,artzin,MIBR,Raze,1.38,313.0,26,21,6,5,77.0,205.0,10.0,8.0,6.0,2.0,LEV,,12,MIBR,,14,1,VCT Americas
3256,3,Split,xenom,MIBR,Astra,1.31,192.0,20,12,13,8,85.0,122.0,33.0,0.0,1.0,-1.0,LEV,,12,MIBR,,14,1,VCT Americas
3257,3,Split,cortezia,MIBR,Viper,1.18,242.0,22,17,14,5,81.0,149.0,21.0,4.0,1.0,3.0,LEV,,12,MIBR,,14,1,VCT Americas
3258,3,Split,aspas,MIBR,Jett,1.07,201.0,19,17,3,2,81.0,122.0,16.0,4.0,2.0,2.0,LEV,,12,MIBR,,14,1,VCT Americas
3259,3,Split,nzr,MIBR,Skye,0.71,129.0,9,19,13,-10,73.0,95.0,24.0,0.0,0.0,0.0,LEV,,12,MIBR,,14,1,VCT Americas
3260,0,Bind,pANcada,LOUD,Brimstone,1.31,248.0,15,15,7,0,83.0,192.0,38.0,1.0,0.0,1.0,LOUD,,5,KRU,,13,0,VCT Americas
3261,0,Bind,tuyz,LOUD,Deadlock,1.16,204.0,13,14,5,-1,72.0,132.0,37.0,3.0,1.0,2.0,LOUD,,5,KRU,,13,0,VCT Americas
3262,0,Bind,v1nny,LOUD,Kayo,0.58,113.0,5,13,12,-8,67.0,87.0,33.0,0.0,3.0,-3.0,LOUD,,5,KRU,,13,0,VCT Americas
3263,0,Bind,cauanzin,LOUD,Skye,0.52,167.0,9,16,6,-7,67.0,105.0,28.0,2.0,2.0,0.0,LOUD,,5,KRU,,13,0,VCT Americas
3264,0,Bind,dgzin,LOUD,Raze,0.51,186.0,13,18,0,-5,50.0,110.0,34.0,2.0,4.0,-2.0,LOUD,,5,KRU,,13,0,VCT Americas
3265,0,Bind,Melser,KRÜ,Brimstone,2.04,345.0,26,8,8,18,100.0,222.0,25.0,3.0,0.0,3.0,LOUD,,5,KRU,,13,0,VCT Americas
3266,0,Bind,adverso,KRÜ,Viper,1.37,252.0,16,11,8,5,89.0,164.0,12.0,1.0,0.0,1.0,LOUD,,5,KRU,,13,0,VCT Americas
3267,0,Bind,keznit,KRÜ,Raze,1.07,201.0,12,12,7,0,78.0,144.0,13.0,3.0,3.0,0.0,LOUD,,5,KRU,,13,0,VCT Americas
3268,0,Bind,Shyy,KRÜ,Vyse,0.96,167.0,11,11,5,0,78.0,112.0,27.0,1.0,2.0,-1.0,LOUD,,5,KRU,,13,0,VCT Americas
3269,0,Bind,Mazino,KRÜ,Skye,0.84,179.0,11,13,10,-2,94.0,108.0,17.0,2.0,3.0,-1.0,LOUD,,5,KRU,,13,0,VCT Americas
3270,2,Haven,dgzin,LOUD,Jett,1.23,252.0,23,15,1,8,63.0,179.0,28.0,6.0,3.0,3.0,LOUD,,11,KRU,,13,0,VCT Americas
3271,2,Haven,pANcada,LOUD,Omen,1.1,189.0,17,17,4,0,67.0,135.0,38.0,3.0,1.0,2.0,LOUD,,11,KRU,,13,0,VCT Americas
3272,2,Haven,tuyz,LOUD,Cypher,0.99,185.0,15,15,8,0,71.0,118.0,34.0,3.0,2.0,1.0,LOUD,,11,KRU,,13,0,VCT Americas
3273,2,Haven,v1nny,LOUD,Breach,0.8,155.0,13,16,6,-3,67.0,99.0,26.0,1.0,0.0,1.0,LOUD,,11,KRU,,13,0,VCT Americas
3274,2,Haven,cauanzin,LOUD,Sova,0.59,155.0,12,20,2,-8,54.0,108.0,36.0,1.0,4.0,-3.0,LOUD,,11,KRU,,13,0,VCT Americas
3275,2,Haven,Shyy,KRÜ,Cypher,1.41,225.0,18,14,6,4,79.0,160.0,28.0,1.0,0.0,1.0,LOUD,,11,KRU,,13,0,VCT Americas
3276,2,Haven,Mazino,KRÜ,Breach,1.19,219.0,21,15,7,6,71.0,151.0,41.0,1.0,2.0,-1.0,LOUD,,11,KRU,,13,0,VCT Americas
3277,2,Haven,Melser,KRÜ,Omen,1.0,220.0,19,17,6,2,75.0,127.0,31.0,2.0,1.0,1.0,LOUD,,11,KRU,,13,0,VCT Americas
3278,2,Haven,keznit,KRÜ,Jett,0.88,175.0,15,17,1,-2,67.0,119.0,23.0,3.0,6.0,-3.0,LOUD,,11,KRU,,13,0,VCT Americas
3279,2,Haven,adverso,KRÜ,Sova,0.72,152.0,10,17,10,-7,63.0,102.0,12.0,3.0,5.0,-2.0,LOUD,,11,KRU,,13,0,VCT Americas
3280,0,Bind,aspas,MIBR,Raze,1.76,331.0,24,13,4,11,90.0,210.0,31.0,4.0,2.0,2.0,MIBR,,8,KRU,,13,0,VCT Americas
3281,0,Bind,cortezia,MIBR,Viper,1.06,221.0,15,14,6,1,71.0,144.0,37.0,2.0,1.0,1.0,MIBR,,8,KRU,,13,0,VCT Americas
3282,0,Bind,artzin,MIBR,Yoru,0.76,189.0,13,18,7,-5,76.0,123.0,20.0,4.0,3.0,1.0,MIBR,,8,KRU,,13,0,VCT Americas
3283,0,Bind,xenom,MIBR,Brimstone,0.68,140.0,10,16,6,-6,62.0,88.0,35.0,0.0,4.0,-4.0,MIBR,,8,KRU,,13,0,VCT Americas
3284,0,Bind,nzr,MIBR,Skye,0.39,110.0,7,18,9,-11,52.0,76.0,17.0,0.0,1.0,-1.0,MIBR,,8,KRU,,13,0,VCT Americas
3285,0,Bind,Shyy,KRÜ,Vyse,1.89,321.0,23,9,7,14,86.0,217.0,28.0,2.0,0.0,2.0,MIBR,,8,KRU,,13,0,VCT Americas
3286,0,Bind,Melser,KRÜ,Brimstone,1.17,239.0,18,15,15,3,86.0,132.0,29.0,2.0,1.0,1.0,MIBR,,8,KRU,,13,0,VCT Americas
3287,0,Bind,keznit,KRÜ,Raze,1.06,231.0,16,16,4,0,86.0,153.0,18.0,6.0,3.0,3.0,MIBR,,8,KRU,,13,0,VCT Americas
3288,0,Bind,adverso,KRÜ,Viper,0.8,141.0,10,14,9,-4,71.0,86.0,23.0,1.0,3.0,-2.0,MIBR,,8,KRU,,13,0,VCT Americas
3289,0,Bind,Mazino,KRÜ,Skye,0.71,143.0,12,15,10,-3,62.0,85.0,34.0,0.0,3.0,-3.0,MIBR,,8,KRU,,13,0,VCT Americas
3290,2,Abyss,aspas,MIBR,Jett,2.02,370.0,29,9,2,20,90.0,238.0,20.0,3.0,1.0,2.0,MIBR,,13,KRU,,8,1,VCT Americas
3291,2,Abyss,cortezia,MIBR,Cypher,1.32,240.0,19,11,4,8,76.0,163.0,50.0,3.0,3.0,0.0,MIBR,,13,KRU,,8,1,VCT Americas
3292,2,Abyss,xenom,MIBR,Astra,0.86,148.0,11,13,11,-2,81.0,89.0,33.0,1.0,0.0,1.0,MIBR,,13,KRU,,8,1,VCT Americas
3293,2,Abyss,nzr,MIBR,Sova,0.83,137.0,10,12,4,-2,71.0,84.0,29.0,0.0,1.0,-1.0,MIBR,,13,KRU,,8,1,VCT Americas
3294,2,Abyss,artzin,MIBR,Kayo,0.69,178.0,13,17,7,-4,71.0,116.0,28.0,4.0,5.0,-1.0,MIBR,,13,KRU,,8,1,VCT Americas
3295,2,Abyss,Shyy,KRÜ,Viper,1.14,248.0,16,17,8,-1,76.0,152.0,15.0,1.0,1.0,0.0,MIBR,,13,KRU,,8,0,VCT Americas
3296,2,Abyss,adverso,KRÜ,Sova,0.93,190.0,13,15,9,-2,71.0,127.0,20.0,0.0,2.0,-2.0,MIBR,,13,KRU,,8,0,VCT Americas
3297,2,Abyss,Melser,KRÜ,Astra,0.9,173.0,12,16,7,-4,67.0,105.0,38.0,3.0,2.0,1.0,MIBR,,13,KRU,,8,0,VCT Americas
3298,2,Abyss,Mazino,KRÜ,Kayo,0.85,151.0,12,17,15,-5,76.0,76.0,26.0,3.0,1.0,2.0,MIBR,,13,KRU,,8,0,VCT Americas
3299,2,Abyss,keznit,KRÜ,Jett,0.48,103.0,9,17,2,-8,52.0,59.0,18.0,3.0,5.0,-2.0,MIBR,,13,KRU,,8,0,VCT Americas
3300,3,Split,aspas,MIBR,Jett,1.8,340.0,29,14,1,15,83.0,208.0,30.0,7.0,1.0,6.0,MIBR,,13,KRU,,11,1,VCT Americas
3301,3,Split,nzr,MIBR,Skye,1.27,175.0,15,12,14,3,83.0,121.0,24.0,0.0,0.0,0.0,MIBR,,13,KRU,,11,1,VCT Americas
3302,3,Split,xenom,MIBR,Astra,1.04,179.0,15,14,15,1,88.0,109.0,32.0,3.0,1.0,2.0,MIBR,,13,KRU,,11,1,VCT Americas
3303,3,Split,artzin,MIBR,Raze,0.77,193.0,17,17,4,0,67.0,120.0,18.0,4.0,5.0,-1.0,MIBR,,13,KRU,,11,1,VCT Americas
3304,3,Split,cortezia,MIBR,Viper,0.54,144.0,11,17,5,-6,83.0,93.0,19.0,2.0,1.0,1.0,MIBR,,13,KRU,,11,1,VCT Americas
3305,3,Split,Shyy,KRÜ,Cypher,1.21,201.0,18,14,2,4,79.0,147.0,33.0,1.0,1.0,0.0,MIBR,,13,KRU,,11,0,VCT Americas
3306,3,Split,adverso,KRÜ,Viper,0.88,214.0,18,21,2,-3,63.0,150.0,17.0,2.0,5.0,-3.0,MIBR,,13,KRU,,11,0,VCT Americas
3307,3,Split,Melser,KRÜ,Omen,0.87,144.0,12,16,10,-4,75.0,93.0,31.0,0.0,3.0,-3.0,MIBR,,13,KRU,,11,0,VCT Americas
3308,3,Split,keznit,KRÜ,Raze,0.86,212.0,16,18,1,-2,67.0,138.0,11.0,3.0,2.0,1.0,MIBR,,13,KRU,,11,0,VCT Americas
3309,3,Split,Mazino,KRÜ,Skye,0.68,143.0,10,18,8,-8,67.0,111.0,19.0,2.0,5.0,-3.0,MIBR,,13,KRU,,11,0,VCT Americas
3310,0,Split,valyn,G2,Astra,0.9,207.0,12,15,3,-3,65.0,146.0,21.0,2.0,2.0,0.0,G2,,4,SEN,,13,0,VCT Americas
3311,0,Split,jawgemo,G2,Yoru,0.71,200.0,11,17,5,-6,76.0,127.0,15.0,2.0,2.0,0.0,G2,,4,SEN,,13,0,VCT Americas
3312,0,Split,leaf,G2,Viper,0.71,174.0,9,16,4,-7,71.0,130.0,14.0,1.0,1.0,0.0,G2,,4,SEN,,13,0,VCT Americas
3313,0,Split,trent,G2,Tejo,0.64,155.0,10,15,2,-5,53.0,102.0,30.0,1.0,3.0,-2.0,G2,,4,SEN,,13,0,VCT Americas
3314,0,Split,JonahP,G2,Breach,0.54,147.0,8,15,4,-7,59.0,98.0,17.0,0.0,3.0,-3.0,G2,,4,SEN,,13,0,VCT Americas
3315,0,Split,johnqt,SEN,Tejo,1.54,208.0,14,7,6,7,82.0,137.0,47.0,0.0,0.0,0.0,G2,,4,SEN,,13,1,VCT Americas
3316,0,Split,N4RRATE,SEN,Breach,1.41,240.0,16,9,8,7,88.0,153.0,25.0,2.0,2.0,0.0,G2,,4,SEN,,13,1,VCT Americas
3317,0,Split,Zellsis,SEN,Viper,1.21,268.0,18,11,2,7,88.0,174.0,24.0,3.0,1.0,2.0,G2,,4,SEN,,13,1,VCT Americas
3318,0,Split,zekken,SEN,Yoru,1.2,252.0,17,12,3,5,88.0,176.0,43.0,3.0,2.0,1.0,G2,,4,SEN,,13,1,VCT Americas
3319,0,Split,bang,SEN,Omen,1.19,221.0,13,11,10,2,88.0,137.0,32.0,3.0,1.0,2.0,G2,,4,SEN,,13,1,VCT Americas
3320,2,Pearl,valyn,G2,Astra,1.19,191.0,13,11,9,2,67.0,139.0,26.0,2.0,0.0,2.0,G2,,13,SEN,,8,1,VCT Americas
3321,2,Pearl,leaf,G2,Chamber,1.14,183.0,14,12,4,2,76.0,117.0,33.0,5.0,3.0,2.0,G2,,13,SEN,,8,1,VCT Americas
3322,2,Pearl,JonahP,G2,Vyse,1.12,223.0,18,14,9,4,81.0,119.0,23.0,1.0,3.0,-2.0,G2,,13,SEN,,8,1,VCT Americas
3323,2,Pearl,jawgemo,G2,Yoru,1.11,228.0,18,14,3,4,76.0,139.0,28.0,2.0,4.0,-2.0,G2,,13,SEN,,8,1,VCT Americas
3324,2,Pearl,trent,G2,Sova,1.04,173.0,12,12,7,0,71.0,124.0,19.0,1.0,0.0,1.0,G2,,13,SEN,,8,1,VCT Americas
3325,2,Pearl,Zellsis,SEN,Vyse,1.05,169.0,13,14,4,-1,67.0,115.0,17.0,0.0,2.0,-2.0,G2,,13,SEN,,8,0,VCT Americas
3326,2,Pearl,bang,SEN,Astra,1.0,182.0,12,14,10,-2,71.0,129.0,31.0,2.0,2.0,0.0,G2,,13,SEN,,8,0,VCT Americas
3327,2,Pearl,zekken,SEN,Yoru,1.0,220.0,16,16,3,0,62.0,135.0,22.0,2.0,4.0,-2.0,G2,,13,SEN,,8,0,VCT Americas
3328,2,Pearl,johnqt,SEN,Tejo,0.68,160.0,11,16,5,-5,67.0,101.0,31.0,3.0,1.0,2.0,G2,,13,SEN,,8,0,VCT Americas
3329,2,Pearl,N4RRATE,SEN,Fade,0.67,150.0,11,15,7,-4,71.0,87.0,14.0,3.0,2.0,1.0,G2,,13,SEN,,8,0,VCT Americas
3330,3,Abyss,trent,G2,Sova,1.18,246.0,17,15,6,2,73.0,168.0,26.0,3.0,0.0,3.0,G2,,9,SEN,,13,0,VCT Americas
3331,3,Abyss,leaf,G2,Chamber,1.09,216.0,17,17,2,0,64.0,147.0,33.0,3.0,2.0,1.0,G2,,9,SEN,,13,0,VCT Americas
3332,3,Abyss,JonahP,G2,Breach,0.72,105.0,8,15,8,-7,73.0,65.0,23.0,1.0,1.0,0.0,G2,,9,SEN,,13,0,VCT Americas
3333,3,Abyss,valyn,G2,Astra,0.69,115.0,8,14,8,-6,59.0,74.0,21.0,1.0,4.0,-3.0,G2,,9,SEN,,13,0,VCT Americas
3334,3,Abyss,jawgemo,G2,Yoru,0.56,170.0,14,19,2,-5,50.0,116.0,26.0,2.0,5.0,-3.0,G2,,9,SEN,,13,0,VCT Americas
3335,3,Abyss,johnqt,SEN,Tejo,1.57,263.0,20,11,3,9,82.0,191.0,23.0,4.0,1.0,3.0,G2,,9,SEN,,13,1,VCT Americas
3336,3,Abyss,bang,SEN,Astra,1.08,223.0,16,14,12,2,82.0,124.0,42.0,1.0,2.0,-1.0,G2,,9,SEN,,13,1,VCT Americas
3337,3,Abyss,N4RRATE,SEN,Omen,1.01,162.0,14,13,3,1,73.0,113.0,33.0,2.0,0.0,2.0,G2,,9,SEN,,13,1,VCT Americas
3338,3,Abyss,Zellsis,SEN,Kayo,0.94,161.0,12,15,18,-3,73.0,86.0,18.0,1.0,2.0,-1.0,G2,,9,SEN,,13,1,VCT Americas
3339,3,Abyss,zekken,SEN,Jett,0.91,190.0,16,13,2,3,59.0,133.0,31.0,4.0,5.0,-1.0,G2,,9,SEN,,13,1,VCT Americas
3340,4,Fracture,trent,G2,Tejo,1.64,264.0,18,7,1,11,89.0,170.0,31.0,4.0,1.0,3.0,G2,,13,SEN,,5,1,VCT Americas
3341,4,Fracture,valyn,G2,Brimstone,1.39,237.0,17,9,10,8,89.0,147.0,18.0,2.0,0.0,2.0,G2,,13,SEN,,5,1,VCT Americas
3342,4,Fracture,jawgemo,G2,Raze,1.21,263.0,17,11,6,6,83.0,150.0,15.0,6.0,4.0,2.0,G2,,13,SEN,,5,1,VCT Americas
3343,4,Fracture,leaf,G2,Vyse,1.0,178.0,12,9,7,3,67.0,119.0,30.0,0.0,1.0,-1.0,G2,,13,SEN,,5,1,VCT Americas
3344,4,Fracture,JonahP,G2,Breach,0.97,121.0,9,9,8,0,83.0,70.0,20.0,0.0,0.0,0.0,G2,,13,SEN,,5,1,VCT Americas
3345,4,Fracture,johnqt,SEN,Tejo,0.9,163.0,9,14,6,-5,56.0,120.0,31.0,0.0,2.0,-2.0,G2,,13,SEN,,5,0,VCT Americas
3346,4,Fracture,zekken,SEN,Yoru,0.88,160.0,10,13,2,-3,61.0,113.0,25.0,2.0,3.0,-1.0,G2,,13,SEN,,5,0,VCT Americas
3347,4,Fracture,Zellsis,SEN,Vyse,0.85,194.0,11,15,5,-4,56.0,161.0,24.0,0.0,5.0,-5.0,G2,,13,SEN,,5,0,VCT Americas
3348,4,Fracture,N4RRATE,SEN,Breach,0.74,151.0,9,15,4,-6,61.0,103.0,30.0,2.0,1.0,1.0,G2,,13,SEN,,5,0,VCT Americas
3349,4,Fracture,bang,SEN,Brimstone,0.52,122.0,6,16,7,-10,56.0,78.0,31.0,2.0,1.0,1.0,G2,,13,SEN,,5,0,VCT Americas
3350,5,Haven,trent,G2,Tejo,1.51,265.0,23,14,5,9,74.0,191.0,21.0,4.0,1.0,3.0,G2,,13,SEN,,10,1,VCT Americas
3351,5,Haven,valyn,G2,Astra,1.35,227.0,19,14,10,5,78.0,147.0,17.0,0.0,1.0,-1.0,G2,,13,SEN,,10,1,VCT Americas
3352,5,Haven,JonahP,G2,Breach,1.04,189.0,15,15,12,0,74.0,111.0,21.0,1.0,1.0,0.0,G2,,13,SEN,,10,1,VCT Americas
3353,5,Haven,leaf,G2,Vyse,0.89,193.0,16,17,3,-1,61.0,118.0,25.0,4.0,3.0,1.0,G2,,13,SEN,,10,1,VCT Americas
3354,5,Haven,jawgemo,G2,Yoru,0.71,162.0,13,19,4,-6,70.0,101.0,25.0,2.0,6.0,-4.0,G2,,13,SEN,,10,1,VCT Americas
3355,5,Haven,bang,SEN,Omen,1.12,228.0,19,17,10,2,78.0,153.0,51.0,2.0,1.0,1.0,G2,,13,SEN,,10,0,VCT Americas
3356,5,Haven,N4RRATE,SEN,Iso,1.09,281.0,21,19,7,2,74.0,177.0,33.0,7.0,2.0,5.0,G2,,13,SEN,,10,0,VCT Americas
3357,5,Haven,johnqt,SEN,Sova,1.04,201.0,15,16,7,-1,70.0,159.0,36.0,1.0,2.0,-1.0,G2,,13,SEN,,10,0,VCT Americas
3358,5,Haven,zekken,SEN,Yoru,0.83,161.0,15,16,3,-1,65.0,101.0,22.0,1.0,3.0,-2.0,G2,,13,SEN,,10,0,VCT Americas
3359,5,Haven,Zellsis,SEN,Cypher,0.51,124.0,9,18,6,-9,57.0,80.0,26.0,1.0,3.0,-2.0,G2,,13,SEN,,10,0,VCT Americas
3360,0,Abyss,Zellsis,SEN,Kayo,1.31,268.0,20,16,6,4,70.0,163.0,34.0,2.0,0.0,2.0,SEN,,7,G2,,13,0,VCT Americas
3361,0,Abyss,bang,SEN,Astra,0.84,167.0,11,13,5,-2,75.0,122.0,28.0,1.0,4.0,-3.0,SEN,,7,G2,,13,0,VCT Americas
3362,0,Abyss,zekken,SEN,Jett,0.73,167.0,11,14,2,-3,60.0,111.0,16.0,4.0,3.0,1.0,SEN,,7,G2,,13,0,VCT Americas
3363,0,Abyss,johnqt,SEN,Sova,0.66,132.0,9,14,4,-5,65.0,90.0,32.0,0.0,0.0,0.0,SEN,,7,G2,,13,0,VCT Americas
3364,0,Abyss,N4RRATE,SEN,Omen,0.29,104.0,6,18,7,-12,50.0,70.0,39.0,1.0,5.0,-4.0,SEN,,7,G2,,13,0,VCT Americas
3365,0,Abyss,leaf,G2,Chamber,1.54,294.0,21,12,5,9,80.0,186.0,28.0,4.0,1.0,3.0,SEN,,7,G2,,13,1,VCT Americas
3366,0,Abyss,trent,G2,Sova,1.23,211.0,15,10,6,5,70.0,137.0,19.0,1.0,1.0,0.0,SEN,,7,G2,,13,1,VCT Americas
3367,0,Abyss,JonahP,G2,Breach,1.17,170.0,13,9,9,4,70.0,103.0,21.0,2.0,1.0,1.0,SEN,,7,G2,,13,1,VCT Americas
3368,0,Abyss,jawgemo,G2,Yoru,0.99,216.0,15,15,3,0,60.0,133.0,23.0,5.0,3.0,2.0,SEN,,7,G2,,13,1,VCT Americas
3369,0,Abyss,valyn,G2,Astra,0.78,137.0,10,12,5,-2,60.0,98.0,26.0,0.0,2.0,-2.0,SEN,,7,G2,,13,1,VCT Americas
3370,2,Pearl,N4RRATE,SEN,Fade,1.27,268.0,19,15,7,4,85.0,185.0,28.0,1.0,3.0,-2.0,SEN,,7,G2,,13,0,VCT Americas
3371,2,Pearl,bang,SEN,Astra,1.05,191.0,14,14,9,0,70.0,116.0,33.0,1.0,2.0,-1.0,SEN,,7,G2,,13,0,VCT Americas
3372,2,Pearl,zekken,SEN,Yoru,0.84,219.0,15,19,5,-4,70.0,131.0,30.0,4.0,1.0,3.0,SEN,,7,G2,,13,0,VCT Americas
3373,2,Pearl,johnqt,SEN,Tejo,0.7,140.0,9,15,4,-6,60.0,96.0,27.0,1.0,1.0,0.0,SEN,,7,G2,,13,0,VCT Americas
3374,2,Pearl,Zellsis,SEN,Vyse,0.69,149.0,9,16,4,-7,70.0,115.0,26.0,2.0,4.0,-2.0,SEN,,7,G2,,13,0,VCT Americas
3375,2,Pearl,jawgemo,G2,Yoru,1.41,293.0,21,14,13,7,80.0,186.0,15.0,4.0,0.0,4.0,SEN,,7,G2,,13,1,VCT Americas
3376,2,Pearl,valyn,G2,Astra,1.31,259.0,20,12,6,8,70.0,143.0,19.0,2.0,2.0,0.0,SEN,,7,G2,,13,1,VCT Americas
3377,2,Pearl,JonahP,G2,Vyse,1.18,195.0,13,11,11,2,80.0,148.0,20.0,2.0,1.0,1.0,SEN,,7,G2,,13,1,VCT Americas
3378,2,Pearl,trent,G2,Sova,1.11,218.0,16,13,3,3,65.0,145.0,26.0,1.0,2.0,-1.0,SEN,,7,G2,,13,1,VCT Americas
3379,2,Pearl,leaf,G2,Chamber,0.53,129.0,9,16,3,-7,60.0,84.0,11.0,2.0,4.0,-2.0,SEN,,7,G2,,13,1,VCT Americas
3380,0,Lotus,N4RRATE,SEN,Fade,1.64,270.0,19,9,5,10,75.0,174.0,26.0,1.0,1.0,0.0,SEN,,13,MIBR,,7,1,VCT Americas
3381,0,Lotus,Zellsis,SEN,Vyse,1.52,313.0,24,12,5,12,70.0,209.0,33.0,3.0,1.0,2.0,SEN,,13,MIBR,,7,1,VCT Americas
3382,0,Lotus,johnqt,SEN,Viper,1.1,140.0,10,10,10,0,70.0,89.0,27.0,1.0,0.0,1.0,SEN,,13,MIBR,,7,1,VCT Americas
3383,0,Lotus,bang,SEN,Omen,1.02,186.0,13,13,6,0,70.0,102.0,35.0,4.0,2.0,2.0,SEN,,13,MIBR,,7,1,VCT Americas
3384,0,Lotus,zekken,SEN,Raze,0.79,178.0,10,14,5,-4,75.0,138.0,23.0,3.0,4.0,-1.0,SEN,,13,MIBR,,7,1,VCT Americas
3385,0,Lotus,xenom,MIBR,Omen,1.02,203.0,14,13,4,1,75.0,127.0,39.0,2.0,1.0,1.0,SEN,,13,MIBR,,7,0,VCT Americas
3386,0,Lotus,nzr,MIBR,Breach,1.0,148.0,11,14,7,-3,80.0,98.0,33.0,0.0,0.0,0.0,SEN,,13,MIBR,,7,0,VCT Americas
3387,0,Lotus,aspas,MIBR,Jett,0.83,233.0,15,16,5,-1,65.0,170.0,37.0,5.0,5.0,0.0,SEN,,13,MIBR,,7,0,VCT Americas
3388,0,Lotus,artzin,MIBR,Raze,0.64,144.0,10,16,2,-6,55.0,99.0,29.0,1.0,5.0,-4.0,SEN,,13,MIBR,,7,0,VCT Americas
3389,0,Lotus,cortezia,MIBR,Cypher,0.46,119.0,8,17,2,-9,50.0,75.0,44.0,0.0,1.0,-1.0,SEN,,13,MIBR,,7,0,VCT Americas
3390,2,Abyss,Zellsis,SEN,Kayo,1.42,280.0,18,13,17,5,78.0,158.0,24.0,1.0,1.0,0.0,SEN,,13,MIBR,,5,1,VCT Americas
3391,2,Abyss,bang,SEN,Astra,1.4,224.0,13,9,14,4,83.0,149.0,38.0,3.0,0.0,3.0,SEN,,13,MIBR,,5,1,VCT Americas
3392,2,Abyss,zekken,SEN,Jett,1.28,234.0,17,11,4,6,78.0,181.0,33.0,4.0,4.0,0.0,SEN,,13,MIBR,,5,1,VCT Americas
3393,2,Abyss,johnqt,SEN,Sova,1.24,178.0,11,9,10,2,94.0,125.0,30.0,3.0,1.0,2.0,SEN,,13,MIBR,,5,1,VCT Americas
3394,2,Abyss,N4RRATE,SEN,Omen,1.16,229.0,14,13,13,1,89.0,148.0,22.0,1.0,0.0,1.0,SEN,,13,MIBR,,5,1,VCT Americas
3395,2,Abyss,xenom,MIBR,Astra,1.08,244.0,15,15,3,0,67.0,174.0,35.0,2.0,2.0,0.0,SEN,,13,MIBR,,5,0,VCT Americas
3396,2,Abyss,nzr,MIBR,Sova,0.94,194.0,12,12,4,0,61.0,124.0,37.0,0.0,1.0,-1.0,SEN,,13,MIBR,,5,0,VCT Americas
3397,2,Abyss,aspas,MIBR,Jett,0.71,191.0,11,16,2,-5,67.0,111.0,33.0,3.0,3.0,0.0,SEN,,13,MIBR,,5,0,VCT Americas
3398,2,Abyss,cortezia,MIBR,Cypher,0.68,173.0,12,15,4,-3,50.0,102.0,32.0,0.0,3.0,-3.0,SEN,,13,MIBR,,5,0,VCT Americas
3399,2,Abyss,artzin,MIBR,Kayo,0.25,83.0,3,15,5,-12,50.0,60.0,21.0,1.0,3.0,-2.0,SEN,,13,MIBR,,5,0,VCT Americas
3400,3,Pearl,johnqt,SEN,Tejo,1.06,184.0,27,28,8,-1,73.0,126.0,25.0,2.0,5.0,-3.0,SEN,,19,MIBR,,21,0,VCT Americas
3401,3,Pearl,bang,SEN,Astra,1.03,201.0,24,30,25,-6,85.0,142.0,38.0,2.0,3.0,-1.0,SEN,,19,MIBR,,21,0,VCT Americas
3402,3,Pearl,Zellsis,SEN,Vyse,1.0,224.0,31,32,10,-1,70.0,153.0,33.0,5.0,1.0,4.0,SEN,,19,MIBR,,21,0,VCT Americas
3403,3,Pearl,zekken,SEN,Yoru,0.96,233.0,32,31,10,1,63.0,144.0,24.0,9.0,9.0,0.0,SEN,,19,MIBR,,21,0,VCT Americas
3404,3,Pearl,N4RRATE,SEN,Fade,0.84,148.0,19,29,13,-10,73.0,93.0,15.0,0.0,4.0,-4.0,SEN,,19,MIBR,,21,0,VCT Americas
3405,3,Pearl,xenom,MIBR,Astra,1.32,228.0,33,23,22,10,83.0,145.0,27.0,4.0,1.0,3.0,SEN,,19,MIBR,,21,1,VCT Americas
3406,3,Pearl,aspas,MIBR,Jett,1.31,250.0,37,22,2,15,78.0,157.0,26.0,9.0,2.0,7.0,SEN,,19,MIBR,,21,1,VCT Americas
3407,3,Pearl,cortezia,MIBR,Killjoy,1.01,210.0,29,27,6,2,68.0,154.0,27.0,1.0,2.0,-1.0,SEN,,19,MIBR,,21,1,VCT Americas
3408,3,Pearl,artzin,MIBR,Kayo,0.81,210.0,28,30,11,-2,65.0,131.0,23.0,7.0,12.0,-5.0,SEN,,19,MIBR,,21,1,VCT Americas
3409,3,Pearl,nzr,MIBR,Sova,0.66,166.0,23,31,7,-8,68.0,123.0,29.0,1.0,1.0,0.0,SEN,,19,MIBR,,21,1,VCT Americas
3410,4,Split,zekken,SEN,Yoru,1.56,310.0,23,14,7,9,75.0,184.0,24.0,6.0,4.0,2.0,SEN,,13,MIBR,,7,1,VCT Americas
3411,4,Split,N4RRATE,SEN,Breach,1.19,200.0,15,10,7,5,80.0,109.0,26.0,1.0,1.0,0.0,SEN,,13,MIBR,,7,1,VCT Americas
3412,4,Split,Zellsis,SEN,Viper,1.13,191.0,12,12,11,0,70.0,137.0,19.0,1.0,1.0,0.0,SEN,,13,MIBR,,7,1,VCT Americas
3413,4,Split,johnqt,SEN,Tejo,0.93,175.0,11,12,6,-1,80.0,121.0,13.0,2.0,1.0,1.0,SEN,,13,MIBR,,7,1,VCT Americas
3414,4,Split,bang,SEN,Omen,0.86,152.0,11,13,9,-2,75.0,95.0,36.0,0.0,3.0,-3.0,SEN,,13,MIBR,,7,1,VCT Americas
3415,4,Split,nzr,MIBR,Skye,1.19,272.0,19,16,6,3,75.0,180.0,30.0,4.0,1.0,3.0,SEN,,13,MIBR,,7,0,VCT Americas
3416,4,Split,xenom,MIBR,Astra,0.83,143.0,10,12,6,-2,70.0,101.0,24.0,0.0,0.0,0.0,SEN,,13,MIBR,,7,0,VCT Americas
3417,4,Split,artzin,MIBR,Raze,0.72,172.0,10,15,6,-5,70.0,119.0,17.0,3.0,4.0,-1.0,SEN,,13,MIBR,,7,0,VCT Americas
3418,4,Split,cortezia,MIBR,Viper,0.71,174.0,11,14,2,-3,60.0,129.0,23.0,1.0,0.0,1.0,SEN,,13,MIBR,,7,0,VCT Americas
3419,4,Split,aspas,MIBR,Jett,0.53,132.0,11,15,0,-4,60.0,95.0,33.0,2.0,5.0,-3.0,SEN,,13,MIBR,,7,0,VCT Americas
3420,0,Lotus,valyn,G2,Harbor,1.19,218.0,17,14,10,3,71.0,159.0,30.0,2.0,0.0,2.0,G2,,8,MIBR,,13,0,VCT Americas
3421,0,Lotus,BABYBAY,G2,Vyse,1.13,233.0,17,15,4,2,76.0,141.0,17.0,2.0,0.0,2.0,G2,,8,MIBR,,13,0,VCT Americas
3422,0,Lotus,trent,G2,Fade,0.94,188.0,14,17,6,-3,62.0,133.0,34.0,1.0,0.0,1.0,G2,,8,MIBR,,13,0,VCT Americas
3423,0,Lotus,jawgemo,G2,Neon,0.84,213.0,14,19,9,-5,81.0,141.0,15.0,2.0,5.0,-3.0,G2,,8,MIBR,,13,0,VCT Americas
3424,0,Lotus,leaf,G2,Omen,0.5,132.0,8,18,5,-10,67.0,94.0,17.0,2.0,7.0,-5.0,G2,,8,MIBR,,13,0,VCT Americas
3425,0,Lotus,zekken,MIBR,Neon,1.61,360.0,28,15,2,13,81.0,228.0,22.0,3.0,2.0,1.0,G2,,8,MIBR,,13,1,VCT Americas
3426,0,Lotus,tex,MIBR,Vyse,1.05,226.0,16,14,4,2,67.0,149.0,42.0,4.0,0.0,4.0,G2,,8,MIBR,,13,1,VCT Americas
3427,0,Lotus,Verno,MIBR,Fade,1.0,163.0,13,12,6,1,76.0,111.0,24.0,1.0,1.0,0.0,G2,,8,MIBR,,13,1,VCT Americas
3428,0,Lotus,Mazino,MIBR,Omen,0.93,173.0,13,15,11,-2,67.0,111.0,28.0,3.0,3.0,0.0,G2,,8,MIBR,,13,1,VCT Americas
3429,0,Lotus,aspas,MIBR,Raze,0.83,166.0,13,14,3,-1,67.0,128.0,18.0,1.0,3.0,-2.0,G2,,8,MIBR,,13,1,VCT Americas
3430,2,Split,leaf,G2,Astra,1.1,203.0,22,20,13,2,73.0,138.0,19.0,2.0,1.0,1.0,G2,,14,MIBR,,16,0,VCT Americas
3431,2,Split,BABYBAY,G2,Vyse,1.09,231.0,24,21,12,3,73.0,152.0,25.0,1.0,1.0,0.0,G2,,14,MIBR,,16,0,VCT Americas
3432,2,Split,trent,G2,Fade,0.96,156.0,18,19,6,-1,73.0,108.0,26.0,2.0,2.0,0.0,G2,,14,MIBR,,16,0,VCT Americas
3433,2,Split,valyn,G2,Harbor,0.95,194.0,19,23,9,-4,73.0,124.0,25.0,6.0,2.0,4.0,G2,,14,MIBR,,16,0,VCT Americas
3434,2,Split,jawgemo,G2,Neon,0.67,186.0,18,22,6,-4,50.0,117.0,14.0,6.0,7.0,-1.0,G2,,14,MIBR,,16,0,VCT Americas
3435,2,Split,tex,MIBR,Vyse,1.34,237.0,25,17,8,8,67.0,148.0,38.0,1.0,1.0,0.0,G2,,14,MIBR,,16,1,VCT Americas
3436,2,Split,Verno,MIBR,Fade,1.1,219.0,23,19,7,4,63.0,131.0,30.0,3.0,4.0,-1.0,G2,,14,MIBR,,16,1,VCT Americas
3437,2,Split,aspas,MIBR,Raze,1.06,196.0,19,20,7,-1,63.0,145.0,29.0,4.0,1.0,3.0,G2,,14,MIBR,,16,1,VCT Americas
3438,2,Split,Mazino,MIBR,Astra,1.0,181.0,20,19,10,1,63.0,119.0,20.0,1.0,5.0,-4.0,G2,,14,MIBR,,16,1,VCT Americas
3439,2,Split,zekken,MIBR,Neon,0.74,175.0,18,26,8,-8,60.0,106.0,19.0,4.0,6.0,-2.0,G2,,14,MIBR,,16,1,VCT Americas
3440,0,Lotus,Rossy,ENVY,Viper,1.25,266.0,22,15,2,7,77.0,168.0,38.0,1.0,0.0,1.0,ENVY,,13,LOUD,,9,1,VCT Americas
3441,0,Lotus,keznit,ENVY,Neon,1.07,237.0,20,15,2,5,64.0,145.0,18.0,6.0,4.0,2.0,ENVY,,13,LOUD,,9,1,VCT Americas
3442,0,Lotus,P0PPIN,ENVY,Fade,0.97,180.0,14,14,7,0,77.0,123.0,10.0,1.0,1.0,0.0,ENVY,,13,LOUD,,9,1,VCT Americas
3443,0,Lotus,Demon1,ENVY,Veto,0.97,190.0,16,14,0,2,73.0,134.0,61.0,2.0,2.0,0.0,ENVY,,13,LOUD,,9,1,VCT Americas
3444,0,Lotus,Eggsterr,ENVY,Omen,0.94,172.0,13,14,7,-1,86.0,115.0,41.0,4.0,1.0,3.0,ENVY,,13,LOUD,,9,1,VCT Americas
3445,0,Lotus,lukxo,LOUD,Viper,1.31,258.0,20,16,8,4,64.0,166.0,22.0,3.0,4.0,-1.0,ENVY,,13,LOUD,,9,0,VCT Americas
3446,0,Lotus,Darker,LOUD,Vyse,1.29,294.0,22,19,4,3,59.0,172.0,19.0,2.0,0.0,2.0,ENVY,,13,LOUD,,9,0,VCT Americas
3447,0,Lotus,Virtyy,LOUD,Raze,0.96,190.0,13,16,3,-3,82.0,130.0,27.0,2.0,2.0,0.0,ENVY,,13,LOUD,,9,0,VCT Americas
3448,0,Lotus,cauanzin,LOUD,Fade,0.63,106.0,9,15,4,-6,59.0,83.0,19.0,0.0,3.0,-3.0,ENVY,,13,LOUD,,9,0,VCT Americas
3449,0,Lotus,Bati,LOUD,Omen,0.46,123.0,8,19,10,-11,64.0,74.0,30.0,1.0,5.0,-4.0,ENVY,,13,LOUD,,9,0,VCT Americas
3450,2,Pearl,Demon1,ENVY,Astra,1.26,219.0,20,16,16,4,83.0,137.0,40.0,3.0,0.0,3.0,ENVY,,11,LOUD,,13,0,VCT Americas
3451,2,Pearl,keznit,ENVY,Waylay,1.08,230.0,19,17,8,2,71.0,140.0,25.0,3.0,4.0,-1.0,ENVY,,11,LOUD,,13,0,VCT Americas
3452,2,Pearl,P0PPIN,ENVY,Sova,1.0,230.0,19,20,5,-1,71.0,159.0,21.0,0.0,4.0,-4.0,ENVY,,11,LOUD,,13,0,VCT Americas
3453,2,Pearl,Rossy,ENVY,Tejo,0.91,175.0,14,18,6,-4,63.0,126.0,20.0,1.0,3.0,-2.0,ENVY,,11,LOUD,,13,0,VCT Americas
3454,2,Pearl,Eggsterr,ENVY,Veto,0.16,66.0,6,22,1,-16,58.0,45.0,25.0,2.0,4.0,-2.0,ENVY,,11,LOUD,,13,0,VCT Americas
3455,2,Pearl,Darker,LOUD,Astra,1.61,310.0,28,15,9,13,96.0,191.0,32.0,2.0,1.0,1.0,ENVY,,11,LOUD,,13,1,VCT Americas
3456,2,Pearl,lukxo,LOUD,Chamber,1.32,254.0,23,15,3,8,67.0,148.0,32.0,5.0,1.0,4.0,ENVY,,11,LOUD,,13,1,VCT Americas
3457,2,Pearl,cauanzin,LOUD,Sova,1.18,217.0,18,15,8,3,71.0,142.0,37.0,3.0,0.0,3.0,ENVY,,11,LOUD,,13,1,VCT Americas
3458,2,Pearl,Bati,LOUD,Kayo,0.85,138.0,10,15,15,-5,79.0,94.0,19.0,1.0,2.0,-1.0,ENVY,,11,LOUD,,13,1,VCT Americas
3459,2,Pearl,Virtyy,LOUD,Neon,0.74,169.0,14,18,8,-4,88.0,124.0,24.0,4.0,5.0,-1.0,ENVY,,11,LOUD,,13,1,VCT Americas
3460,3,Breeze,Rossy,ENVY,Viper,1.46,267.0,21,14,4,7,62.0,183.0,35.0,1.0,1.0,0.0,ENVY,,8,LOUD,,13,0,VCT Americas
3461,3,Breeze,Demon1,ENVY,Iso,1.02,233.0,18,17,4,1,71.0,137.0,67.0,2.0,3.0,-1.0,ENVY,,8,LOUD,,13,0,VCT Americas
3462,3,Breeze,P0PPIN,ENVY,Sova,0.66,133.0,8,17,8,-9,57.0,96.0,26.0,0.0,3.0,-3.0,ENVY,,8,LOUD,,13,0,VCT Americas
3463,3,Breeze,keznit,ENVY,Neon,0.43,118.0,7,18,4,-11,48.0,78.0,11.0,3.0,3.0,0.0,ENVY,,8,LOUD,,13,0,VCT Americas
3464,3,Breeze,Eggsterr,ENVY,Harbor,0.33,104.0,7,20,3,-13,52.0,67.0,20.0,2.0,3.0,-1.0,ENVY,,8,LOUD,,13,0,VCT Americas
3465,3,Breeze,lukxo,LOUD,Harbor,1.71,308.0,24,12,15,12,95.0,191.0,43.0,3.0,0.0,3.0,ENVY,,8,LOUD,,13,1,VCT Americas
3466,3,Breeze,Darker,LOUD,Astra,1.62,308.0,25,12,10,13,81.0,173.0,24.0,4.0,2.0,2.0,ENVY,,8,LOUD,,13,1,VCT Americas
3467,3,Breeze,Bati,LOUD,Kayo,1.13,194.0,12,13,19,-1,81.0,120.0,12.0,1.0,1.0,0.0,ENVY,,8,LOUD,,13,1,VCT Americas
3468,3,Breeze,Virtyy,LOUD,Jett,0.96,190.0,14,13,3,1,71.0,136.0,21.0,4.0,4.0,0.0,ENVY,,8,LOUD,,13,1,VCT Americas
3469,3,Breeze,cauanzin,LOUD,Sova,0.95,148.0,11,11,10,0,76.0,107.0,12.0,1.0,1.0,0.0,ENVY,,8,LOUD,,13,1,VCT Americas
3470,0,Pearl,OXY,C9,Neon,1.11,271.0,17,17,4,0,79.0,169.0,15.0,4.0,3.0,1.0,C9,,6,LEV,,13,0,VCT Americas
3471,0,Pearl,Xeppaa,C9,Skye,0.83,221.0,12,18,9,-6,58.0,143.0,14.0,0.0,3.0,-3.0,C9,,6,LEV,,13,0,VCT Americas
3472,0,Pearl,v1c,C9,Astra,0.82,137.0,9,13,7,-4,79.0,93.0,32.0,1.0,1.0,0.0,C9,,6,LEV,,13,0,VCT Americas
3473,0,Pearl,Zellsis,C9,Tejo,0.79,155.0,11,14,4,-3,47.0,108.0,11.0,0.0,1.0,-1.0,C9,,6,LEV,,13,0,VCT Americas
3474,0,Pearl,penny,C9,Chamber,0.41,104.0,7,16,1,-9,42.0,61.0,7.0,3.0,3.0,0.0,C9,,6,LEV,,13,0,VCT Americas
3475,0,Pearl,Neon,LEV,Chamber,1.48,258.0,17,9,3,8,74.0,161.0,28.0,5.0,4.0,1.0,C9,,6,LEV,,13,1,VCT Americas
3476,0,Pearl,kiNgg,LEV,Astra,1.46,232.0,17,9,6,8,89.0,142.0,33.0,0.0,0.0,0.0,C9,,6,LEV,,13,1,VCT Americas
3477,0,Pearl,spike,LEV,Neon,1.25,278.0,19,15,7,4,84.0,189.0,17.0,3.0,1.0,2.0,C9,,6,LEV,,13,1,VCT Americas
3478,0,Pearl,blowz,LEV,Sova,0.97,121.0,11,9,5,2,84.0,92.0,32.0,0.0,0.0,0.0,C9,,6,LEV,,13,1,VCT Americas
3479,0,Pearl,Sato,LEV,Phoenix,0.88,205.0,14,14,7,0,79.0,125.0,39.0,3.0,3.0,0.0,C9,,6,LEV,,13,1,VCT Americas
3480,2,Haven,OXY,C9,Neon,1.09,226.0,15,14,3,1,56.0,146.0,29.0,1.0,2.0,-1.0,C9,,5,LEV,,13,0,VCT Americas
3481,2,Haven,Zellsis,C9,Killjoy,0.82,155.0,9,13,4,-4,67.0,107.0,27.0,2.0,3.0,-1.0,C9,,5,LEV,,13,0,VCT Americas
3482,2,Haven,penny,C9,Viper,0.75,182.0,10,13,2,-3,72.0,113.0,24.0,1.0,2.0,-1.0,C9,,5,LEV,,13,0,VCT Americas
3483,2,Haven,v1c,C9,Omen,0.64,122.0,6,15,7,-9,61.0,87.0,26.0,3.0,3.0,0.0,C9,,5,LEV,,13,0,VCT Americas
3484,2,Haven,Xeppaa,C9,Sova,0.54,112.0,6,13,5,-7,56.0,80.0,50.0,0.0,1.0,-1.0,C9,,5,LEV,,13,0,VCT Americas
3485,2,Haven,blowz,LEV,Sova,1.52,235.0,16,7,5,9,78.0,163.0,54.0,1.0,0.0,1.0,C9,,5,LEV,,13,1,VCT Americas
3486,2,Haven,Neon,LEV,Chamber,1.32,194.0,13,7,4,6,83.0,127.0,19.0,3.0,0.0,3.0,C9,,5,LEV,,13,1,VCT Americas
3487,2,Haven,Sato,LEV,Phoenix,1.26,228.0,15,10,5,5,72.0,136.0,54.0,3.0,2.0,1.0,C9,,5,LEV,,13,1,VCT Americas
3488,2,Haven,kiNgg,LEV,Astra,1.21,161.0,10,8,12,2,83.0,109.0,23.0,1.0,3.0,-2.0,C9,,5,LEV,,13,1,VCT Americas
3489,2,Haven,spike,LEV,Neon,0.8,218.0,14,14,6,0,61.0,145.0,23.0,3.0,2.0,1.0,C9,,5,LEV,,13,1,VCT Americas
3490,0,Split,Zellsis,C9,Vyse,1.27,261.0,22,16,6,6,83.0,163.0,25.0,5.0,1.0,4.0,C9,,13,ENVY,,11,1,VCT Americas
3491,0,Split,Xeppaa,C9,Skye,1.18,198.0,17,14,13,3,92.0,110.0,22.0,0.0,2.0,-2.0,C9,,13,ENVY,,11,1,VCT Americas
3492,0,Split,v1c,C9,Omen,1.11,213.0,16,14,13,2,88.0,143.0,23.0,0.0,3.0,-3.0,C9,,13,ENVY,,11,1,VCT Americas
3493,0,Split,OXY,C9,Neon,1.09,265.0,21,19,7,2,88.0,146.0,15.0,5.0,5.0,0.0,C9,,13,ENVY,,11,1,VCT Americas
3494,0,Split,penny,C9,Viper,1.0,192.0,16,15,5,1,71.0,127.0,24.0,1.0,1.0,0.0,C9,,13,ENVY,,11,1,VCT Americas
3495,0,Split,Eggsterr,ENVY,Omen,1.06,231.0,19,19,9,0,67.0,141.0,33.0,3.0,0.0,3.0,C9,,13,ENVY,,11,0,VCT Americas
3496,0,Split,Demon1,ENVY,Jett,0.97,195.0,19,18,1,1,71.0,128.0,59.0,2.0,4.0,-2.0,C9,,13,ENVY,,11,0,VCT Americas
3497,0,Split,P0PPIN,ENVY,Skye,0.83,154.0,14,20,10,-6,63.0,96.0,16.0,1.0,2.0,-1.0,C9,,13,ENVY,,11,0,VCT Americas
3498,0,Split,Rossy,ENVY,Viper,0.78,166.0,11,20,8,-9,71.0,125.0,15.0,0.0,4.0,-4.0,C9,,13,ENVY,,11,0,VCT Americas
3499,0,Split,keznit,ENVY,Raze,0.7,201.0,15,20,6,-5,79.0,161.0,9.0,7.0,2.0,5.0,C9,,13,ENVY,,11,0,VCT Americas
3500,2,Pearl,Xeppaa,C9,Skye,1.13,218.0,12,15,8,-3,67.0,159.0,29.0,1.0,0.0,1.0,C9,,5,ENVY,,13,0,VCT Americas
3501,2,Pearl,penny,C9,Vyse,1.04,206.0,12,13,4,-1,56.0,126.0,16.0,2.0,1.0,1.0,C9,,5,ENVY,,13,0,VCT Americas
3502,2,Pearl,OXY,C9,Neon,0.88,197.0,12,14,3,-2,61.0,130.0,23.0,2.0,4.0,-2.0,C9,,5,ENVY,,13,0,VCT Americas
3503,2,Pearl,v1c,C9,Astra,0.55,100.0,6,14,5,-8,56.0,73.0,24.0,1.0,2.0,-1.0,C9,,5,ENVY,,13,0,VCT Americas
3504,2,Pearl,Zellsis,C9,Tejo,0.45,102.0,6,15,3,-9,56.0,71.0,16.0,1.0,4.0,-3.0,C9,,5,ENVY,,13,0,VCT Americas
3505,2,Pearl,Eggsterr,ENVY,Phoenix,1.33,254.0,16,10,8,6,83.0,164.0,26.0,2.0,4.0,-2.0,C9,,5,ENVY,,13,1,VCT Americas
3506,2,Pearl,P0PPIN,ENVY,Sova,1.28,188.0,13,7,4,6,72.0,120.0,19.0,2.0,1.0,1.0,C9,,5,ENVY,,13,1,VCT Americas
3507,2,Pearl,Demon1,ENVY,Chamber,1.14,194.0,13,10,3,3,67.0,134.0,29.0,1.0,1.0,0.0,C9,,5,ENVY,,13,1,VCT Americas
3508,2,Pearl,keznit,ENVY,Neon,1.14,261.0,17,11,0,6,83.0,166.0,22.0,5.0,1.0,4.0,C9,,5,ENVY,,13,1,VCT Americas
3509,2,Pearl,Rossy,ENVY,Astra,1.05,161.0,12,10,8,2,78.0,112.0,42.0,1.0,0.0,1.0,C9,,5,ENVY,,13,1,VCT Americas
3510,3,Haven,OXY,C9,Neon,1.62,358.0,27,17,5,10,73.0,232.0,24.0,4.0,4.0,0.0,C9,,9,ENVY,,13,0,VCT Americas
3511,3,Haven,Zellsis,C9,Killjoy,0.92,174.0,14,15,4,-1,73.0,117.0,17.0,0.0,1.0,-1.0,C9,,9,ENVY,,13,0,VCT Americas
3512,3,Haven,penny,C9,Viper,0.86,178.0,13,15,7,-2,59.0,108.0,16.0,1.0,2.0,-1.0,C9,,9,ENVY,,13,0,VCT Americas
3513,3,Haven,Xeppaa,C9,Sova,0.7,150.0,11,17,7,-6,64.0,104.0,36.0,1.0,5.0,-4.0,C9,,9,ENVY,,13,0,VCT Americas
3514,3,Haven,v1c,C9,Omen,0.64,118.0,8,16,7,-8,68.0,88.0,24.0,1.0,3.0,-2.0,C9,,9,ENVY,,13,0,VCT Americas
3515,3,Haven,keznit,ENVY,Neon,1.52,288.0,25,14,8,11,73.0,182.0,24.0,4.0,2.0,2.0,C9,,9,ENVY,,13,1,VCT Americas
3516,3,Haven,Demon1,ENVY,Chamber,1.37,231.0,19,13,4,6,68.0,147.0,43.0,5.0,1.0,4.0,C9,,9,ENVY,,13,1,VCT Americas
3517,3,Haven,Rossy,ENVY,Astra,0.92,158.0,13,13,6,0,73.0,94.0,26.0,2.0,0.0,2.0,C9,,9,ENVY,,13,1,VCT Americas
3518,3,Haven,P0PPIN,ENVY,Sova,0.8,170.0,11,16,11,-5,68.0,116.0,7.0,1.0,2.0,-1.0,C9,,9,ENVY,,13,1,VCT Americas
3519,3,Haven,Eggsterr,ENVY,Phoenix,0.74,179.0,12,17,9,-5,59.0,117.0,25.0,3.0,2.0,1.0,C9,,9,ENVY,,13,1,VCT Americas
3520,0,Breeze,trent,G2,Sova,2.2,327.0,24,6,4,18,89.0,224.0,51.0,1.0,1.0,0.0,G2,,13,LEV,,6,1,VCT Americas
3521,0,Breeze,BABYBAY,G2,Vyse,1.13,192.0,13,12,5,1,79.0,116.0,18.0,3.0,0.0,3.0,G2,,13,LEV,,6,1,VCT Americas
3522,0,Breeze,leaf,G2,Astra,0.96,180.0,13,11,2,2,58.0,104.0,18.0,2.0,3.0,-1.0,G2,,13,LEV,,6,1,VCT Americas
3523,0,Breeze,valyn,G2,Harbor,0.87,136.0,10,12,6,-2,68.0,92.0,27.0,1.0,2.0,-1.0,G2,,13,LEV,,6,1,VCT Americas
3524,0,Breeze,jawgemo,G2,Neon,0.78,165.0,10,14,6,-4,74.0,102.0,13.0,3.0,3.0,0.0,G2,,13,LEV,,6,1,VCT Americas
3525,0,Breeze,spike,LEV,Omen,1.25,284.0,19,15,3,4,84.0,184.0,23.0,5.0,1.0,4.0,G2,,13,LEV,,6,0,VCT Americas
3526,0,Breeze,Neon,LEV,Chamber,0.99,214.0,14,12,2,2,68.0,142.0,28.0,2.0,2.0,0.0,G2,,13,LEV,,6,0,VCT Americas
3527,0,Breeze,kiNgg,LEV,Viper,0.5,114.0,8,13,4,-5,63.0,68.0,12.0,0.0,2.0,-2.0,G2,,13,LEV,,6,0,VCT Americas
3528,0,Breeze,Sato,LEV,Neon,0.44,142.0,9,16,5,-7,58.0,89.0,17.0,2.0,3.0,-1.0,G2,,13,LEV,,6,0,VCT Americas
3529,0,Breeze,blowz,LEV,Sova,0.37,86.0,5,14,4,-9,58.0,71.0,22.0,0.0,2.0,-2.0,G2,,13,LEV,,6,0,VCT Americas
3530,2,Split,BABYBAY,G2,Vyse,1.39,250.0,22,16,4,6,71.0,163.0,21.0,3.0,2.0,1.0,G2,,11,LEV,,13,0,VCT Americas
3531,2,Split,jawgemo,G2,Raze,0.94,216.0,19,20,1,-1,67.0,127.0,14.0,6.0,2.0,4.0,G2,,11,LEV,,13,0,VCT Americas
3532,2,Split,trent,G2,Fade,0.89,165.0,12,18,12,-6,75.0,130.0,41.0,3.0,2.0,1.0,G2,,11,LEV,,13,0,VCT Americas
3533,2,Split,leaf,G2,Astra,0.8,137.0,11,16,8,-5,79.0,100.0,25.0,0.0,2.0,-2.0,G2,,11,LEV,,13,0,VCT Americas
3534,2,Split,valyn,G2,Harbor,0.77,140.0,11,17,13,-6,71.0,90.0,14.0,2.0,2.0,0.0,G2,,11,LEV,,13,0,VCT Americas
3535,2,Split,Neon,LEV,Omen,1.18,232.0,20,15,11,5,88.0,160.0,28.0,1.0,3.0,-2.0,G2,,11,LEV,,13,1,VCT Americas
3536,2,Split,Sato,LEV,Phoenix,1.12,211.0,20,16,4,4,71.0,135.0,34.0,1.0,5.0,-4.0,G2,,11,LEV,,13,1,VCT Americas
3537,2,Split,kiNgg,LEV,Viper,0.97,180.0,15,14,5,1,79.0,127.0,31.0,1.0,1.0,0.0,G2,,11,LEV,,13,1,VCT Americas
3538,2,Split,blowz,LEV,Fade,0.93,165.0,16,13,3,3,79.0,95.0,31.0,1.0,0.0,1.0,G2,,11,LEV,,13,1,VCT Americas
3539,2,Split,spike,LEV,Neon,0.78,222.0,16,18,7,-2,63.0,138.0,19.0,6.0,5.0,1.0,G2,,11,LEV,,13,1,VCT Americas
3540,3,Bind,valyn,G2,Brimstone,1.22,198.0,18,16,11,2,73.0,122.0,16.0,2.0,2.0,0.0,G2,,12,LEV,,14,0,VCT Americas
3541,3,Bind,leaf,G2,Viper,0.98,187.0,17,19,8,-2,58.0,120.0,34.0,2.0,4.0,-2.0,G2,,12,LEV,,14,0,VCT Americas
3542,3,Bind,trent,G2,Fade,0.98,202.0,19,17,2,2,58.0,139.0,44.0,1.0,4.0,-3.0,G2,,12,LEV,,14,0,VCT Americas
3543,3,Bind,jawgemo,G2,Raze,0.92,218.0,18,19,6,-1,46.0,140.0,7.0,2.0,4.0,-2.0,G2,,12,LEV,,14,0,VCT Americas
3544,3,Bind,BABYBAY,G2,Vyse,0.81,131.0,9,17,10,-8,69.0,95.0,12.0,0.0,5.0,-5.0,G2,,12,LEV,,14,0,VCT Americas
3545,3,Bind,Sato,LEV,Phoenix,1.17,249.0,22,19,7,3,65.0,162.0,25.0,4.0,1.0,3.0,G2,,12,LEV,,14,1,VCT Americas
3546,3,Bind,Neon,LEV,Brimstone,1.15,184.0,19,15,10,4,73.0,126.0,47.0,1.0,1.0,0.0,G2,,12,LEV,,14,1,VCT Americas
3547,3,Bind,spike,LEV,Neon,1.1,260.0,24,21,5,3,77.0,157.0,23.0,8.0,2.0,6.0,G2,,12,LEV,,14,1,VCT Americas
3548,3,Bind,kiNgg,LEV,Viper,0.93,164.0,15,13,2,2,62.0,108.0,17.0,3.0,2.0,1.0,G2,,12,LEV,,14,1,VCT Americas
3549,3,Bind,blowz,LEV,Skye,0.76,109.0,8,13,7,-5,62.0,79.0,22.0,3.0,1.0,2.0,G2,,12,LEV,,14,1,VCT Americas
3550,0,Haven,Verno,MIBR,Fade,1.46,240.0,20,12,8,8,87.0,142.0,21.0,3.0,1.0,2.0,MIBR,,13,LOUD,,10,1,VCT Americas
3551,0,Haven,aspas,MIBR,Jett,1.28,200.0,18,13,1,5,83.0,128.0,31.0,3.0,1.0,2.0,MIBR,,13,LOUD,,10,1,VCT Americas
3552,0,Haven,zekken,MIBR,Phoenix,1.19,209.0,17,14,12,3,74.0,150.0,32.0,2.0,2.0,0.0,MIBR,,13,LOUD,,10,1,VCT Americas
3553,0,Haven,Mazino,MIBR,Omen,0.94,191.0,16,16,10,0,78.0,128.0,20.0,4.0,5.0,-1.0,MIBR,,13,LOUD,,10,1,VCT Americas
3554,0,Haven,tex,MIBR,Vyse,0.82,149.0,13,14,4,-1,65.0,103.0,35.0,1.0,1.0,0.0,MIBR,,13,LOUD,,10,1,VCT Americas
3555,0,Haven,lukxo,LOUD,Vyse,1.11,221.0,17,15,6,2,57.0,162.0,43.0,2.0,4.0,-2.0,MIBR,,13,LOUD,,10,0,VCT Americas
3556,0,Haven,Virtyy,LOUD,Neon,1.1,229.0,18,17,1,1,65.0,147.0,32.0,2.0,3.0,-1.0,MIBR,,13,LOUD,,10,0,VCT Americas
3557,0,Haven,cauanzin,LOUD,Sova,0.91,162.0,13,16,3,-3,57.0,98.0,19.0,4.0,1.0,3.0,MIBR,,13,LOUD,,10,0,VCT Americas
3558,0,Haven,Bati,LOUD,Omen,0.56,146.0,11,18,7,-7,70.0,98.0,23.0,2.0,2.0,0.0,MIBR,,13,LOUD,,10,0,VCT Americas
3559,0,Haven,Darker,LOUD,Viper,0.55,151.0,10,18,6,-8,52.0,111.0,29.0,0.0,3.0,-3.0,MIBR,,13,LOUD,,10,0,VCT Americas
3560,2,Split,Mazino,MIBR,Astra,1.66,282.0,18,6,10,12,88.0,196.0,24.0,0.0,0.0,0.0,MIBR,,13,LOUD,,4,1,VCT Americas
3561,2,Split,zekken,MIBR,Neon,1.43,291.0,17,8,5,9,76.0,165.0,11.0,5.0,3.0,2.0,MIBR,,13,LOUD,,4,1,VCT Americas
3562,2,Split,aspas,MIBR,Raze,1.36,232.0,14,8,5,6,88.0,148.0,29.0,5.0,1.0,4.0,MIBR,,13,LOUD,,4,1,VCT Americas
3563,2,Split,Verno,MIBR,Fade,1.05,173.0,12,8,3,4,94.0,117.0,15.0,1.0,0.0,1.0,MIBR,,13,LOUD,,4,1,VCT Americas
3564,2,Split,tex,MIBR,Vyse,0.91,106.0,7,7,6,0,88.0,60.0,13.0,1.0,1.0,0.0,MIBR,,13,LOUD,,4,1,VCT Americas
3565,2,Split,cauanzin,LOUD,Skye,0.86,177.0,10,13,3,-3,59.0,113.0,26.0,0.0,3.0,-3.0,MIBR,,13,LOUD,,4,0,VCT Americas
3566,2,Split,Virtyy,LOUD,Neon,0.83,196.0,11,14,0,-3,53.0,112.0,6.0,3.0,2.0,1.0,MIBR,,13,LOUD,,4,0,VCT Americas
3567,2,Split,Bati,LOUD,Omen,0.65,116.0,6,13,4,-7,47.0,87.0,19.0,0.0,1.0,-1.0,MIBR,,13,LOUD,,4,0,VCT Americas
3568,2,Split,lukxo,LOUD,Viper,0.61,125.0,7,14,2,-7,41.0,76.0,27.0,0.0,4.0,-4.0,MIBR,,13,LOUD,,4,0,VCT Americas
3569,2,Split,Darker,LOUD,Cypher,0.37,88.0,3,14,4,-11,47.0,71.0,20.0,2.0,2.0,0.0,MIBR,,13,LOUD,,4,0,VCT Americas
3570,0,Bind,blowz,LEV,Skye,2.19,395.0,25,9,17,16,88.0,246.0,38.0,2.0,0.0,2.0,LEV,,13,ENVY,,4,1,VCT Americas
3571,0,Bind,spike,LEV,Neon,1.2,257.0,16,11,3,5,76.0,178.0,33.0,3.0,5.0,-2.0,LEV,,13,ENVY,,4,1,VCT Americas
3572,0,Bind,Neon,LEV,Brimstone,1.11,197.0,13,12,7,1,88.0,118.0,37.0,1.0,1.0,0.0,LEV,,13,ENVY,,4,1,VCT Americas
3573,0,Bind,Sato,LEV,Phoenix,1.01,189.0,10,11,8,-1,76.0,134.0,48.0,2.0,0.0,2.0,LEV,,13,ENVY,,4,1,VCT Americas
3574,0,Bind,kiNgg,LEV,Viper,0.81,132.0,7,10,5,-3,71.0,86.0,10.0,2.0,1.0,1.0,LEV,,13,ENVY,,4,1,VCT Americas
3575,0,Bind,Rossy,ENVY,Viper,1.07,250.0,12,14,6,-2,71.0,183.0,30.0,0.0,1.0,-1.0,LEV,,13,ENVY,,4,0,VCT Americas
3576,0,Bind,P0PPIN,ENVY,Skye,1.04,241.0,15,14,5,1,71.0,143.0,13.0,1.0,3.0,-2.0,LEV,,13,ENVY,,4,0,VCT Americas
3577,0,Bind,Eggsterr,ENVY,Brimstone,0.72,175.0,8,15,8,-7,71.0,105.0,26.0,3.0,0.0,3.0,LEV,,13,ENVY,,4,0,VCT Americas
3578,0,Bind,keznit,ENVY,Neon,0.66,155.0,10,14,3,-4,59.0,77.0,16.0,1.0,1.0,0.0,LEV,,13,ENVY,,4,0,VCT Americas
3579,0,Bind,Demon1,ENVY,Chamber,0.55,130.0,8,14,2,-6,47.0,99.0,53.0,2.0,5.0,-3.0,LEV,,13,ENVY,,4,0,VCT Americas
3580,2,Fracture,Sato,LEV,Waylay,1.66,308.0,20,8,4,12,88.0,196.0,62.0,5.0,1.0,4.0,LEV,,13,ENVY,,4,1,VCT Americas
3581,2,Fracture,blowz,LEV,Tejo,1.5,257.0,16,8,8,8,94.0,162.0,23.0,2.0,1.0,1.0,LEV,,13,ENVY,,4,1,VCT Americas
3582,2,Fracture,Neon,LEV,Brimstone,1.42,216.0,14,8,16,6,94.0,137.0,16.0,2.0,0.0,2.0,LEV,,13,ENVY,,4,1,VCT Americas
3583,2,Fracture,spike,LEV,Neon,1.16,269.0,18,12,4,6,82.0,160.0,26.0,3.0,2.0,1.0,LEV,,13,ENVY,,4,1,VCT Americas
3584,2,Fracture,kiNgg,LEV,Breach,1.06,117.0,6,6,11,0,94.0,82.0,18.0,0.0,1.0,-1.0,LEV,,13,ENVY,,4,1,VCT Americas
3585,2,Fracture,P0PPIN,ENVY,Skye,0.87,164.0,9,14,3,-5,47.0,113.0,31.0,0.0,1.0,-1.0,LEV,,13,ENVY,,4,0,VCT Americas
3586,2,Fracture,Eggsterr,ENVY,Brimstone,0.87,182.0,11,14,5,-3,65.0,112.0,31.0,2.0,4.0,-2.0,LEV,,13,ENVY,,4,0,VCT Americas
3587,2,Fracture,Demon1,ENVY,Veto,0.58,137.0,8,15,0,-7,47.0,90.0,30.0,3.0,2.0,1.0,LEV,,13,ENVY,,4,0,VCT Americas
3588,2,Fracture,Rossy,ENVY,Breach,0.49,110.0,5,15,10,-10,59.0,71.0,42.0,0.0,2.0,-2.0,LEV,,13,ENVY,,4,0,VCT Americas
3589,2,Fracture,keznit,ENVY,Neon,0.48,154.0,9,16,2,-7,65.0,101.0,16.0,0.0,3.0,-3.0,LEV,,13,ENVY,,4,0,VCT Americas
3590,0,Haven,BABYBAY,G2,Chamber,1.45,292.0,23,13,5,10,82.0,186.0,25.0,4.0,1.0,3.0,G2,,13,LOUD,,9,1,VCT Americas
3591,0,Haven,valyn,G2,Astra,1.28,248.0,21,13,6,8,82.0,161.0,26.0,1.0,1.0,0.0,G2,,13,LOUD,,9,1,VCT Americas
3592,0,Haven,leaf,G2,Phoenix,1.19,206.0,17,14,9,3,77.0,133.0,27.0,4.0,4.0,0.0,G2,,13,LOUD,,9,1,VCT Americas
3593,0,Haven,jawgemo,G2,Neon,1.11,234.0,18,14,6,4,82.0,148.0,26.0,4.0,1.0,3.0,G2,,13,LOUD,,9,1,VCT Americas
3594,0,Haven,trent,G2,Fade,0.68,144.0,13,16,7,-3,68.0,94.0,33.0,1.0,1.0,0.0,G2,,13,LOUD,,9,1,VCT Americas
3595,0,Haven,lukxo,LOUD,Vyse,1.33,265.0,20,19,6,1,77.0,176.0,29.0,3.0,1.0,2.0,G2,,13,LOUD,,9,0,VCT Americas
3596,0,Haven,Virtyy,LOUD,Neon,0.86,209.0,13,18,5,-5,73.0,134.0,17.0,4.0,3.0,1.0,G2,,13,LOUD,,9,0,VCT Americas
3597,0,Haven,cauanzin,LOUD,Sova,0.81,168.0,13,18,5,-5,73.0,107.0,15.0,0.0,2.0,-2.0,G2,,13,LOUD,,9,0,VCT Americas
3598,0,Haven,Bati,LOUD,Omen,0.64,140.0,13,18,4,-5,55.0,90.0,30.0,0.0,5.0,-5.0,G2,,13,LOUD,,9,0,VCT Americas
3599,0,Haven,Darker,LOUD,Viper,0.56,156.0,11,19,5,-8,64.0,111.0,32.0,1.0,3.0,-2.0,G2,,13,LOUD,,9,0,VCT Americas
3600,2,Pearl,valyn,G2,Harbor,1.41,227.0,20,13,11,7,78.0,159.0,42.0,4.0,1.0,3.0,G2,,13,LOUD,,10,1,VCT Americas
3601,2,Pearl,leaf,G2,Astra,1.31,239.0,22,14,8,8,78.0,156.0,23.0,2.0,0.0,2.0,G2,,13,LOUD,,10,1,VCT Americas
3602,2,Pearl,trent,G2,Sova,1.3,210.0,16,11,6,5,74.0,151.0,26.0,1.0,1.0,0.0,G2,,13,LOUD,,10,1,VCT Americas
3603,2,Pearl,BABYBAY,G2,Vyse,1.0,187.0,15,16,3,-1,70.0,118.0,16.0,3.0,3.0,0.0,G2,,13,LOUD,,10,1,VCT Americas
3604,2,Pearl,jawgemo,G2,Neon,0.72,168.0,15,18,5,-3,70.0,100.0,13.0,1.0,7.0,-6.0,G2,,13,LOUD,,10,1,VCT Americas
3605,2,Pearl,lukxo,LOUD,Chamber,1.22,266.0,22,18,3,4,65.0,174.0,40.0,8.0,5.0,3.0,G2,,13,LOUD,,10,0,VCT Americas
3606,2,Pearl,Darker,LOUD,Astra,1.03,203.0,15,17,13,-2,74.0,138.0,24.0,2.0,1.0,1.0,G2,,13,LOUD,,10,0,VCT Americas
3607,2,Pearl,cauanzin,LOUD,Sova,0.93,201.0,16,17,5,-1,65.0,123.0,11.0,0.0,0.0,0.0,G2,,13,LOUD,,10,0,VCT Americas
3608,2,Pearl,Bati,LOUD,Kayo,0.6,123.0,10,19,9,-9,65.0,67.0,15.0,0.0,1.0,-1.0,G2,,13,LOUD,,10,0,VCT Americas
3609,2,Pearl,Virtyy,LOUD,Neon,0.45,116.0,9,17,0,-8,52.0,78.0,25.0,2.0,4.0,-2.0,G2,,13,LOUD,,10,0,VCT Americas
3610,0,Breeze,aspas,MIBR,Jett,1.11,230.0,21,20,3,1,65.0,161.0,29.0,4.0,1.0,3.0,MIBR,,12,C9,,14,0,VCT Americas
3611,0,Breeze,tex,MIBR,Astra,1.08,212.0,20,19,4,1,73.0,146.0,44.0,2.0,2.0,0.0,MIBR,,12,C9,,14,0,VCT Americas
3612,0,Breeze,Verno,MIBR,Skye,0.96,183.0,17,18,5,-1,73.0,131.0,34.0,0.0,1.0,-1.0,MIBR,,12,C9,,14,0,VCT Americas
3613,0,Breeze,Mazino,MIBR,Harbor,0.78,152.0,14,19,6,-5,65.0,98.0,28.0,3.0,4.0,-1.0,MIBR,,12,C9,,14,0,VCT Americas
3614,0,Breeze,zekken,MIBR,Neon,0.73,166.0,14,21,7,-7,54.0,109.0,16.0,4.0,5.0,-1.0,MIBR,,12,C9,,14,0,VCT Americas
3615,0,Breeze,OXY,C9,Neon,1.28,274.0,26,20,6,6,65.0,166.0,37.0,4.0,4.0,0.0,MIBR,,12,C9,,14,1,VCT Americas
3616,0,Breeze,Zellsis,C9,Harbor,1.26,253.0,23,17,9,6,85.0,166.0,20.0,2.0,0.0,2.0,MIBR,,12,C9,,14,1,VCT Americas
3617,0,Breeze,Xeppaa,C9,Sova,1.02,149.0,15,14,6,1,77.0,113.0,28.0,0.0,1.0,-1.0,MIBR,,12,C9,,14,1,VCT Americas
3618,0,Breeze,v1c,C9,Viper,0.99,202.0,17,19,15,-2,81.0,138.0,41.0,2.0,5.0,-3.0,MIBR,,12,C9,,14,1,VCT Americas
3619,0,Breeze,penny,C9,Iso,0.95,200.0,16,16,12,0,81.0,129.0,25.0,5.0,3.0,2.0,MIBR,,12,C9,,14,1,VCT Americas
3620,2,Split,aspas,MIBR,Raze,1.42,273.0,25,18,7,7,73.0,196.0,27.0,2.0,2.0,0.0,MIBR,,12,C9,,14,0,VCT Americas
3621,2,Split,zekken,MIBR,Neon,1.21,242.0,23,18,3,5,77.0,144.0,17.0,2.0,3.0,-1.0,MIBR,,12,C9,,14,0,VCT Americas
3622,2,Split,Verno,MIBR,Fade,1.12,183.0,16,16,12,0,77.0,117.0,36.0,3.0,3.0,0.0,MIBR,,12,C9,,14,0,VCT Americas
3623,2,Split,Mazino,MIBR,Astra,1.0,187.0,15,20,21,-5,85.0,113.0,16.0,4.0,2.0,2.0,MIBR,,12,C9,,14,0,VCT Americas
3624,2,Split,tex,MIBR,Vyse,0.52,125.0,10,21,5,-11,58.0,103.0,41.0,1.0,4.0,-3.0,MIBR,,12,C9,,14,0,VCT Americas
3625,2,Split,v1c,C9,Omen,1.45,232.0,21,14,14,7,85.0,152.0,36.0,2.0,0.0,2.0,MIBR,,12,C9,,14,1,VCT Americas
3626,2,Split,penny,C9,Raze,1.42,291.0,29,15,6,14,85.0,186.0,19.0,1.0,2.0,-1.0,MIBR,,12,C9,,14,1,VCT Americas
3627,2,Split,Xeppaa,C9,Skye,1.06,217.0,20,21,14,-1,69.0,151.0,30.0,3.0,0.0,3.0,MIBR,,12,C9,,14,1,VCT Americas
3628,2,Split,Zellsis,C9,Viper,0.76,144.0,9,17,11,-8,77.0,120.0,14.0,2.0,2.0,0.0,MIBR,,12,C9,,14,1,VCT Americas
3629,2,Split,OXY,C9,Neon,0.47,163.0,14,22,5,-8,65.0,98.0,36.0,6.0,8.0,-2.0,MIBR,,12,C9,,14,1,VCT Americas
3630,0,Breeze,Neon,LEV,Jett,1.38,274.0,24,14,3,10,78.0,174.0,22.0,4.0,0.0,4.0,LEV,,10,MIBR,,13,0,VCT Americas
3631,0,Breeze,kiNgg,LEV,Harbor,1.03,154.0,14,12,10,2,87.0,94.0,35.0,1.0,0.0,1.0,LEV,,10,MIBR,,13,0,VCT Americas
3632,0,Breeze,blowz,LEV,Sova,0.96,199.0,15,14,9,1,74.0,137.0,41.0,0.0,3.0,-3.0,LEV,,10,MIBR,,13,0,VCT Americas
3633,0,Breeze,spike,LEV,Neon,0.82,226.0,17,19,5,-2,65.0,162.0,27.0,6.0,6.0,0.0,LEV,,10,MIBR,,13,0,VCT Americas
3634,0,Breeze,Sato,LEV,Omen,0.71,133.0,10,16,8,-6,61.0,78.0,23.0,2.0,1.0,1.0,LEV,,10,MIBR,,13,0,VCT Americas
3635,0,Breeze,Verno,MIBR,Skye,1.37,222.0,18,13,6,5,78.0,141.0,38.0,3.0,2.0,1.0,LEV,,10,MIBR,,13,1,VCT Americas
3636,0,Breeze,zekken,MIBR,Neon,1.3,283.0,23,19,4,4,78.0,168.0,31.0,4.0,3.0,1.0,LEV,,10,MIBR,,13,1,VCT Americas
3637,0,Breeze,aspas,MIBR,Jett,0.98,202.0,16,16,3,0,74.0,115.0,18.0,2.0,2.0,0.0,LEV,,10,MIBR,,13,1,VCT Americas
3638,0,Breeze,tex,MIBR,Astra,0.79,104.0,9,14,8,-5,61.0,79.0,39.0,0.0,2.0,-2.0,LEV,,10,MIBR,,13,1,VCT Americas
3639,0,Breeze,Mazino,MIBR,Harbor,0.5,111.0,9,18,9,-9,65.0,75.0,23.0,1.0,4.0,-3.0,LEV,,10,MIBR,,13,1,VCT Americas
3640,2,Haven,Neon,LEV,Chamber,1.57,306.0,25,15,4,10,70.0,198.0,19.0,6.0,1.0,5.0,LEV,,10,MIBR,,13,0,VCT Americas
3641,2,Haven,Sato,LEV,Phoenix,0.85,230.0,18,19,4,-1,78.0,148.0,32.0,3.0,2.0,1.0,LEV,,10,MIBR,,13,0,VCT Americas
3642,2,Haven,kiNgg,LEV,Astra,0.8,119.0,11,13,8,-2,61.0,75.0,55.0,0.0,0.0,0.0,LEV,,10,MIBR,,13,0,VCT Americas
3643,2,Haven,blowz,LEV,Sova,0.73,148.0,10,16,6,-6,74.0,105.0,22.0,2.0,3.0,-1.0,LEV,,10,MIBR,,13,0,VCT Americas
3644,2,Haven,spike,LEV,Neon,0.67,164.0,11,19,7,-8,78.0,110.0,20.0,3.0,3.0,0.0,LEV,,10,MIBR,,13,0,VCT Americas
3645,2,Haven,zekken,MIBR,Phoenix,1.23,294.0,25,18,5,7,78.0,169.0,21.0,3.0,4.0,-1.0,LEV,,10,MIBR,,13,1,VCT Americas
3646,2,Haven,aspas,MIBR,Jett,1.16,217.0,22,15,1,7,78.0,144.0,34.0,3.0,3.0,0.0,LEV,,10,MIBR,,13,1,VCT Americas
3647,2,Haven,Verno,MIBR,Fade,0.97,143.0,10,11,9,-1,65.0,101.0,29.0,0.0,1.0,-1.0,LEV,,10,MIBR,,13,1,VCT Americas
3648,2,Haven,Mazino,MIBR,Omen,0.94,174.0,12,15,15,-3,87.0,126.0,19.0,1.0,2.0,-1.0,LEV,,10,MIBR,,13,1,VCT Americas
3649,2,Haven,tex,MIBR,Chamber,0.69,147.0,12,16,1,-4,57.0,91.0,19.0,2.0,4.0,-2.0,LEV,,10,MIBR,,13,1,VCT Americas
3650,0,Lotus,lukxo,LOUD,Viper,1.83,334.0,20,5,0,15,93.0,208.0,13.0,3.0,1.0,2.0,LOUD,,13,C9,,1,1,VCT Americas
3651,0,Lotus,erde,LOUD,Omen,1.67,260.0,13,4,8,9,93.0,174.0,23.0,2.0,0.0,2.0,LOUD,,13,C9,,1,1,VCT Americas
3652,0,Lotus,cauanzin,LOUD,Fade,1.3,141.0,7,3,5,4,93.0,102.0,21.0,1.0,0.0,1.0,LOUD,,13,C9,,1,1,VCT Americas
3653,0,Lotus,Darker,LOUD,Vyse,1.15,242.0,13,9,4,4,86.0,163.0,36.0,2.0,1.0,1.0,LOUD,,13,C9,,1,1,VCT Americas
3654,0,Lotus,Virtyy,LOUD,Neon,1.09,208.0,11,8,2,3,71.0,130.0,31.0,4.0,0.0,4.0,LOUD,,13,C9,,1,1,VCT Americas
3655,0,Lotus,Xeppaa,C9,Raze,1.05,194.0,7,11,5,-4,57.0,141.0,15.0,0.0,1.0,-1.0,LOUD,,13,C9,,1,0,VCT Americas
3656,0,Lotus,OXY,C9,Neon,0.68,151.0,7,13,1,-6,57.0,80.0,9.0,2.0,3.0,-1.0,LOUD,,13,C9,,1,0,VCT Americas
3657,0,Lotus,Jackk,C9,Fade,0.34,132.0,6,13,1,-7,50.0,76.0,21.0,0.0,3.0,-3.0,LOUD,,13,C9,,1,0,VCT Americas
3658,0,Lotus,v1c,C9,Omen,0.3,95.0,5,13,2,-8,43.0,55.0,36.0,0.0,1.0,-1.0,LOUD,,13,C9,,1,0,VCT Americas
3659,0,Lotus,Zellsis,C9,Vyse,0.25,106.0,4,14,4,-10,36.0,74.0,20.0,0.0,4.0,-4.0,LOUD,,13,C9,,1,0,VCT Americas
3660,2,Split,cauanzin,LOUD,Fade,1.02,189.0,15,17,6,-2,62.0,116.0,17.0,3.0,0.0,3.0,LOUD,,8,C9,,13,0,VCT Americas
3661,2,Split,lukxo,LOUD,Viper,0.98,225.0,15,16,10,-1,67.0,143.0,18.0,4.0,2.0,2.0,LOUD,,8,C9,,13,0,VCT Americas
3662,2,Split,Darker,LOUD,Vyse,0.97,227.0,16,18,5,-2,76.0,150.0,23.0,1.0,1.0,0.0,LOUD,,8,C9,,13,0,VCT Americas
3663,2,Split,erde,LOUD,Omen,0.92,208.0,16,16,1,0,67.0,141.0,26.0,1.0,3.0,-2.0,LOUD,,8,C9,,13,0,VCT Americas
3664,2,Split,Virtyy,LOUD,Neon,0.36,98.0,6,18,7,-12,57.0,75.0,20.0,1.0,5.0,-4.0,LOUD,,8,C9,,13,0,VCT Americas
3665,2,Split,v1c,C9,Omen,1.57,235.0,20,9,9,11,86.0,157.0,34.0,0.0,1.0,-1.0,LOUD,,8,C9,,13,1,VCT Americas
3666,2,Split,OXY,C9,Neon,1.33,307.0,24,15,2,9,81.0,182.0,23.0,3.0,4.0,-1.0,LOUD,,8,C9,,13,1,VCT Americas
3667,2,Split,Jackk,C9,Fade,1.05,165.0,12,13,15,-1,90.0,103.0,21.0,2.0,0.0,2.0,LOUD,,8,C9,,13,1,VCT Americas
3668,2,Split,Xeppaa,C9,Raze,0.95,251.0,18,18,4,0,86.0,159.0,29.0,4.0,1.0,3.0,LOUD,,8,C9,,13,1,VCT Americas
3669,2,Split,Zellsis,C9,Viper,0.84,149.0,11,13,8,-2,62.0,102.0,22.0,2.0,4.0,-2.0,LOUD,,8,C9,,13,1,VCT Americas
3670,3,Breeze,cauanzin,LOUD,Sova,1.48,246.0,22,14,8,8,83.0,178.0,28.0,1.0,1.0,0.0,LOUD,,13,C9,,11,1,VCT Americas
3671,3,Breeze,lukxo,LOUD,Harbor,1.2,276.0,22,17,8,5,83.0,183.0,20.0,3.0,0.0,3.0,LOUD,,13,C9,,11,1,VCT Americas
3672,3,Breeze,erde,LOUD,Kayo,0.93,162.0,15,17,4,-2,63.0,102.0,20.0,2.0,3.0,-1.0,LOUD,,13,C9,,11,1,VCT Americas
3673,3,Breeze,Darker,LOUD,Astra,0.73,145.0,10,17,9,-7,83.0,119.0,32.0,1.0,0.0,1.0,LOUD,,13,C9,,11,1,VCT Americas
3674,3,Breeze,Virtyy,LOUD,Neon,0.67,172.0,14,20,3,-6,58.0,109.0,24.0,6.0,7.0,-1.0,LOUD,,13,C9,,11,1,VCT Americas
3675,3,Breeze,v1c,C9,Viper,1.27,249.0,21,15,7,6,71.0,163.0,37.0,5.0,0.0,5.0,LOUD,,13,C9,,11,0,VCT Americas
3676,3,Breeze,Jackk,C9,Sova,1.21,223.0,17,14,7,3,79.0,176.0,38.0,0.0,2.0,-2.0,LOUD,,13,C9,,11,0,VCT Americas
3677,3,Breeze,OXY,C9,Neon,1.05,221.0,19,18,5,1,67.0,144.0,29.0,3.0,5.0,-2.0,LOUD,,13,C9,,11,0,VCT Americas
3678,3,Breeze,Xeppaa,C9,Iso,0.79,206.0,19,20,2,-1,54.0,123.0,19.0,1.0,5.0,-4.0,LOUD,,13,C9,,11,0,VCT Americas
3679,3,Breeze,Zellsis,C9,Harbor,0.78,123.0,9,16,16,-7,88.0,80.0,21.0,2.0,1.0,1.0,LOUD,,13,C9,,11,0,VCT Americas
3680,0,Haven,BABYBAY,G2,Chamber,1.73,309.0,20,9,3,11,94.0,191.0,19.0,5.0,2.0,3.0,G2,,13,ENVY,,4,1,VCT Americas
3681,0,Haven,trent,G2,Fade,1.73,267.0,17,6,10,11,88.0,156.0,39.0,0.0,0.0,0.0,G2,,13,ENVY,,4,1,VCT Americas
3682,0,Haven,jawgemo,G2,Neon,1.34,296.0,18,11,7,7,82.0,185.0,27.0,3.0,3.0,0.0,G2,,13,ENVY,,4,1,VCT Americas
3683,0,Haven,valyn,G2,Astra,0.98,191.0,12,12,7,0,88.0,137.0,34.0,0.0,0.0,0.0,G2,,13,ENVY,,4,1,VCT Americas
3684,0,Haven,leaf,G2,Phoenix,0.95,198.0,11,11,6,0,76.0,130.0,14.0,1.0,3.0,-2.0,G2,,13,ENVY,,4,1,VCT Americas
3685,0,Haven,Rossy,ENVY,Astra,0.87,204.0,13,16,6,-3,82.0,125.0,26.0,0.0,2.0,-2.0,G2,,13,ENVY,,4,0,VCT Americas
3686,0,Haven,keznit,ENVY,Neon,0.82,209.0,12,16,3,-4,76.0,134.0,20.0,4.0,2.0,2.0,G2,,13,ENVY,,4,0,VCT Americas
3687,0,Haven,Eggsterr,ENVY,Phoenix,0.66,166.0,10,15,2,-5,41.0,99.0,29.0,1.0,1.0,0.0,G2,,13,ENVY,,4,0,VCT Americas
3688,0,Haven,Demon1,ENVY,Chamber,0.55,157.0,9,15,1,-6,53.0,98.0,47.0,2.0,2.0,0.0,G2,,13,ENVY,,4,0,VCT Americas
3689,0,Haven,P0PPIN,ENVY,Sova,0.31,102.0,5,16,5,-11,53.0,78.0,14.0,1.0,2.0,-1.0,G2,,13,ENVY,,4,0,VCT Americas
3690,2,Lotus,leaf,G2,Viper,1.56,255.0,18,8,4,10,79.0,147.0,25.0,1.0,0.0,1.0,G2,,13,ENVY,,6,1,VCT Americas
3691,2,Lotus,valyn,G2,Omen,1.31,258.0,17,11,10,6,89.0,161.0,29.0,2.0,0.0,2.0,G2,,13,ENVY,,6,1,VCT Americas
3692,2,Lotus,trent,G2,Fade,1.3,256.0,18,12,8,6,89.0,156.0,26.0,2.0,1.0,1.0,G2,,13,ENVY,,6,1,VCT Americas
3693,2,Lotus,jawgemo,G2,Raze,0.95,193.0,13,12,4,1,74.0,129.0,25.0,4.0,4.0,0.0,G2,,13,ENVY,,6,1,VCT Americas
3694,2,Lotus,BABYBAY,G2,Vyse,0.92,178.0,12,12,9,0,79.0,108.0,14.0,2.0,3.0,-1.0,G2,,13,ENVY,,6,1,VCT Americas
3695,2,Lotus,Demon1,ENVY,Neon,1.11,204.0,13,14,5,-1,74.0,123.0,36.0,2.0,2.0,0.0,G2,,13,ENVY,,6,0,VCT Americas
3696,2,Lotus,Rossy,ENVY,Vyse,0.97,178.0,11,14,3,-3,58.0,130.0,23.0,2.0,2.0,0.0,G2,,13,ENVY,,6,0,VCT Americas
3697,2,Lotus,keznit,ENVY,Raze,0.75,203.0,13,16,1,-3,53.0,142.0,35.0,2.0,2.0,0.0,G2,,13,ENVY,,6,0,VCT Americas
3698,2,Lotus,Eggsterr,ENVY,Omen,0.68,176.0,12,17,3,-5,58.0,104.0,44.0,2.0,2.0,0.0,G2,,13,ENVY,,6,0,VCT Americas
3699,2,Lotus,P0PPIN,ENVY,Fade,0.32,89.0,6,17,1,-11,47.0,52.0,17.0,0.0,3.0,-3.0,G2,,13,ENVY,,6,0,VCT Americas
3700,0,Lotus,trent,G2,Fade,1.74,280.0,20,8,6,12,84.0,181.0,27.0,1.0,0.0,1.0,G2,,13,C9,,6,1,VCT Americas
3701,0,Lotus,valyn,G2,Omen,1.27,246.0,18,12,6,6,84.0,141.0,27.0,6.0,1.0,5.0,G2,,13,C9,,6,1,VCT Americas
3702,0,Lotus,BABYBAY,G2,Vyse,1.12,238.0,16,14,10,2,79.0,156.0,22.0,2.0,0.0,2.0,G2,,13,C9,,6,1,VCT Americas
3703,0,Lotus,leaf,G2,Viper,0.86,159.0,12,12,5,0,68.0,111.0,26.0,0.0,4.0,-4.0,G2,,13,C9,,6,1,VCT Americas
3704,0,Lotus,jawgemo,G2,Raze,0.82,175.0,11,13,6,-2,84.0,127.0,20.0,1.0,4.0,-3.0,G2,,13,C9,,6,1,VCT Americas
3705,0,Lotus,OXY,C9,Raze,1.11,225.0,16,15,2,1,68.0,143.0,26.0,4.0,6.0,-2.0,G2,,13,C9,,6,0,VCT Americas
3706,0,Lotus,Jackk,C9,Fade,0.88,172.0,12,14,3,-2,68.0,123.0,42.0,0.0,0.0,0.0,G2,,13,C9,,6,0,VCT Americas
3707,0,Lotus,Notexxd,C9,Omen,0.75,181.0,12,16,5,-4,74.0,111.0,23.0,2.0,2.0,0.0,G2,,13,C9,,6,0,VCT Americas
3708,0,Lotus,Zellsis,C9,Viper,0.63,178.0,11,16,5,-5,68.0,116.0,16.0,2.0,2.0,0.0,G2,,13,C9,,6,0,VCT Americas
3709,0,Lotus,Xeppaa,C9,Vyse,0.46,133.0,8,16,4,-8,63.0,101.0,26.0,1.0,0.0,1.0,G2,,13,C9,,6,0,VCT Americas
3710,2,Split,BABYBAY,G2,Vyse,1.77,339.0,27,14,8,13,95.0,206.0,26.0,7.0,0.0,7.0,G2,,13,C9,,9,1,VCT Americas
3711,2,Split,valyn,G2,Astra,1.3,227.0,18,12,10,6,86.0,136.0,13.0,0.0,1.0,-1.0,G2,,13,C9,,9,1,VCT Americas
3712,2,Split,leaf,G2,Viper,1.0,181.0,14,14,3,0,73.0,134.0,21.0,3.0,4.0,-1.0,G2,,13,C9,,9,1,VCT Americas
3713,2,Split,jawgemo,G2,Raze,0.91,178.0,14,15,7,-1,77.0,126.0,16.0,1.0,4.0,-3.0,G2,,13,C9,,9,1,VCT Americas
3714,2,Split,trent,G2,Fade,0.86,163.0,12,15,8,-3,91.0,115.0,24.0,1.0,1.0,0.0,G2,,13,C9,,9,1,VCT Americas
3715,2,Split,Notexxd,C9,Omen,1.25,211.0,17,13,11,4,86.0,133.0,24.0,0.0,0.0,0.0,G2,,13,C9,,9,0,VCT Americas
3716,2,Split,OXY,C9,Neon,0.8,193.0,13,19,5,-6,73.0,138.0,25.0,2.0,5.0,-3.0,G2,,13,C9,,9,0,VCT Americas
3717,2,Split,Jackk,C9,Fade,0.78,140.0,11,16,8,-5,68.0,88.0,24.0,1.0,2.0,-1.0,G2,,13,C9,,9,0,VCT Americas
3718,2,Split,Zellsis,C9,Viper,0.78,204.0,16,18,5,-2,64.0,122.0,24.0,4.0,2.0,2.0,G2,,13,C9,,9,0,VCT Americas
3719,2,Split,Xeppaa,C9,Raze,0.73,186.0,13,19,5,-6,73.0,130.0,16.0,3.0,3.0,0.0,G2,,13,C9,,9,0,VCT Americas
3720,0,Haven,Rossy,ENVY,Omen,1.86,270.0,16,6,7,10,86.0,171.0,33.0,0.0,0.0,0.0,ENVY,,13,MIBR,,1,1,VCT Americas
3721,0,Haven,Demon1,ENVY,Jett,1.45,310.0,18,10,2,8,86.0,207.0,50.0,0.0,1.0,-1.0,ENVY,,13,MIBR,,1,1,VCT Americas
3722,0,Haven,keznit,ENVY,Cypher,1.33,237.0,12,7,3,5,71.0,148.0,24.0,1.0,3.0,-2.0,ENVY,,13,MIBR,,1,1,VCT Americas
3723,0,Haven,P0PPIN,ENVY,Sova,1.11,220.0,10,9,8,1,86.0,147.0,32.0,1.0,3.0,-2.0,ENVY,,13,MIBR,,1,1,VCT Americas
3724,0,Haven,Eggsterr,ENVY,Yoru,0.55,215.0,9,12,4,-3,79.0,137.0,30.0,3.0,2.0,1.0,ENVY,,13,MIBR,,1,1,VCT Americas
3725,0,Haven,aspas,MIBR,Jett,1.29,253.0,13,11,4,2,71.0,162.0,41.0,2.0,2.0,0.0,ENVY,,13,MIBR,,1,0,VCT Americas
3726,0,Haven,zekken,MIBR,Phoenix,0.97,226.0,10,13,3,-3,71.0,141.0,17.0,2.0,1.0,1.0,ENVY,,13,MIBR,,1,0,VCT Americas
3727,0,Haven,Verno,MIBR,Fade,0.69,200.0,8,14,10,-6,71.0,123.0,35.0,2.0,0.0,2.0,ENVY,,13,MIBR,,1,0,VCT Americas
3728,0,Haven,Mazino,MIBR,Omen,0.62,170.0,8,13,6,-5,79.0,108.0,23.0,1.0,1.0,0.0,ENVY,,13,MIBR,,1,0,VCT Americas
3729,0,Haven,tex,MIBR,Chamber,0.31,112.0,5,14,2,-9,50.0,76.0,20.0,2.0,1.0,1.0,ENVY,,13,MIBR,,1,0,VCT Americas
3730,2,Bind,keznit,ENVY,Clove,1.84,382.0,21,11,5,10,88.0,251.0,37.0,1.0,1.0,0.0,ENVY,,13,MIBR,,3,1,VCT Americas
3731,2,Bind,P0PPIN,ENVY,Skye,1.6,296.0,16,8,10,8,94.0,174.0,28.0,1.0,0.0,1.0,ENVY,,13,MIBR,,3,1,VCT Americas
3732,2,Bind,Rossy,ENVY,Viper,1.48,248.0,16,9,7,7,94.0,145.0,29.0,1.0,1.0,0.0,ENVY,,13,MIBR,,3,1,VCT Americas
3733,2,Bind,Demon1,ENVY,Reyna,0.79,167.0,12,11,4,1,56.0,125.0,59.0,0.0,6.0,-6.0,ENVY,,13,MIBR,,3,1,VCT Americas
3734,2,Bind,Eggsterr,ENVY,Yoru,0.64,173.0,9,12,4,-3,81.0,104.0,23.0,2.0,3.0,-1.0,ENVY,,13,MIBR,,3,1,VCT Americas
3735,2,Bind,Mazino,MIBR,Harbor,1.01,249.0,14,15,3,-1,69.0,158.0,28.0,0.0,0.0,0.0,ENVY,,13,MIBR,,3,0,VCT Americas
3736,2,Bind,aspas,MIBR,Raze,0.98,242.0,13,15,3,-2,56.0,160.0,20.0,3.0,1.0,2.0,ENVY,,13,MIBR,,3,0,VCT Americas
3737,2,Bind,Verno,MIBR,Skye,0.58,136.0,6,14,7,-8,75.0,98.0,18.0,2.0,1.0,1.0,ENVY,,13,MIBR,,3,0,VCT Americas
3738,2,Bind,tex,MIBR,Viper,0.57,168.0,10,15,0,-5,56.0,96.0,24.0,3.0,2.0,1.0,ENVY,,13,MIBR,,3,0,VCT Americas
3739,2,Bind,zekken,MIBR,Neon,0.48,163.0,7,15,2,-8,44.0,108.0,12.0,3.0,1.0,2.0,ENVY,,13,MIBR,,3,0,VCT Americas
3740,0,Bind,Darker,LOUD,Viper,1.24,238.0,12,14,6,-2,81.0,160.0,27.0,2.0,0.0,2.0,LOUD,,3,LEV,,13,0,VCT Americas
3741,0,Bind,Virtyy,LOUD,Raze,1.17,250.0,14,15,4,-1,88.0,174.0,23.0,2.0,1.0,1.0,LOUD,,3,LEV,,13,0,VCT Americas
3742,0,Bind,erde,LOUD,Brimstone,0.68,167.0,9,14,8,-5,69.0,112.0,32.0,1.0,3.0,-2.0,LOUD,,3,LEV,,13,0,VCT Americas
3743,0,Bind,cauanzin,LOUD,Skye,0.62,170.0,7,15,11,-8,75.0,114.0,20.0,0.0,1.0,-1.0,LOUD,,3,LEV,,13,0,VCT Americas
3744,0,Bind,lukxo,LOUD,Chamber,0.28,112.0,6,15,1,-9,25.0,69.0,13.0,1.0,5.0,-4.0,LOUD,,3,LEV,,13,0,VCT Americas
3745,0,Bind,Neon,LEV,Brimstone,1.78,338.0,20,7,8,13,94.0,226.0,30.0,3.0,1.0,2.0,LOUD,,3,LEV,,13,1,VCT Americas
3746,0,Bind,Sato,LEV,Phoenix,1.57,328.0,19,11,10,8,88.0,200.0,53.0,2.0,1.0,1.0,LOUD,,3,LEV,,13,1,VCT Americas
3747,0,Bind,blowz,LEV,Skye,1.14,156.0,9,8,15,1,81.0,117.0,36.0,0.0,0.0,0.0,LOUD,,3,LEV,,13,1,VCT Americas
3748,0,Bind,spike,LEV,Neon,1.06,248.0,15,13,3,2,88.0,152.0,27.0,4.0,3.0,1.0,LOUD,,3,LEV,,13,1,VCT Americas
3749,0,Bind,kiNgg,LEV,Viper,0.94,172.0,10,9,4,1,69.0,109.0,24.0,1.0,1.0,0.0,LOUD,,3,LEV,,13,1,VCT Americas
3750,2,Breeze,erde,LOUD,Astra,1.53,304.0,27,18,7,9,85.0,195.0,36.0,5.0,3.0,2.0,LOUD,,14,LEV,,12,1,VCT Americas
3751,2,Breeze,lukxo,LOUD,Harbor,1.26,203.0,19,15,11,4,85.0,145.0,30.0,2.0,0.0,2.0,LOUD,,14,LEV,,12,1,VCT Americas
3752,2,Breeze,cauanzin,LOUD,Sova,1.05,199.0,19,17,7,2,81.0,132.0,18.0,1.0,1.0,0.0,LOUD,,14,LEV,,12,1,VCT Americas
3753,2,Breeze,Darker,LOUD,Kayo,0.94,166.0,16,16,5,0,81.0,113.0,23.0,1.0,5.0,-4.0,LOUD,,14,LEV,,12,1,VCT Americas
3754,2,Breeze,Virtyy,LOUD,Neon,0.89,193.0,17,19,3,-2,65.0,124.0,18.0,5.0,3.0,2.0,LOUD,,14,LEV,,12,1,VCT Americas
3755,2,Breeze,Neon,LEV,Jett,1.18,235.0,23,18,3,5,62.0,152.0,20.0,6.0,6.0,0.0,LOUD,,14,LEV,,12,0,VCT Americas
3756,2,Breeze,spike,LEV,Neon,0.88,210.0,20,20,4,0,62.0,125.0,31.0,0.0,6.0,-6.0,LOUD,,14,LEV,,12,0,VCT Americas
3757,2,Breeze,Sato,LEV,Omen,0.86,192.0,17,20,4,-3,69.0,134.0,33.0,1.0,1.0,0.0,LOUD,,14,LEV,,12,0,VCT Americas
3758,2,Breeze,blowz,LEV,Sova,0.71,126.0,11,19,8,-8,58.0,90.0,21.0,1.0,0.0,1.0,LOUD,,14,LEV,,12,0,VCT Americas
3759,2,Breeze,kiNgg,LEV,Harbor,0.67,160.0,14,21,9,-7,69.0,111.0,23.0,4.0,1.0,3.0,LOUD,,14,LEV,,12,0,VCT Americas
3760,3,Haven,erde,LOUD,Omen,1.5,242.0,20,12,14,8,96.0,150.0,16.0,1.0,1.0,0.0,LOUD,,13,LEV,,10,1,VCT Americas
3761,3,Haven,Darker,LOUD,Phoenix,1.27,259.0,22,18,8,4,65.0,162.0,22.0,1.0,1.0,0.0,LOUD,,13,LEV,,10,1,VCT Americas
3762,3,Haven,cauanzin,LOUD,Sova,1.01,166.0,11,14,8,-3,70.0,122.0,22.0,2.0,2.0,0.0,LOUD,,13,LEV,,10,1,VCT Americas
3763,3,Haven,lukxo,LOUD,Chamber,0.83,131.0,11,13,4,-2,61.0,87.0,12.0,2.0,5.0,-3.0,LOUD,,13,LEV,,10,1,VCT Americas
3764,3,Haven,Virtyy,LOUD,Neon,0.77,181.0,14,20,8,-6,78.0,112.0,11.0,3.0,5.0,-2.0,LOUD,,13,LEV,,10,1,VCT Americas
3765,3,Haven,Sato,LEV,Phoenix,1.27,262.0,21,17,10,4,87.0,171.0,42.0,2.0,2.0,0.0,LOUD,,13,LEV,,10,0,VCT Americas
3766,3,Haven,Neon,LEV,Chamber,1.18,208.0,16,13,5,3,78.0,147.0,18.0,5.0,2.0,3.0,LOUD,,13,LEV,,10,0,VCT Americas
3767,3,Haven,blowz,LEV,Sova,0.9,169.0,15,15,6,0,83.0,108.0,43.0,2.0,0.0,2.0,LOUD,,13,LEV,,10,0,VCT Americas
3768,3,Haven,kiNgg,LEV,Astra,0.78,128.0,9,13,8,-4,70.0,94.0,38.0,0.0,0.0,0.0,LOUD,,13,LEV,,10,0,VCT Americas
3769,3,Haven,spike,LEV,Neon,0.74,210.0,16,20,9,-4,65.0,122.0,27.0,5.0,5.0,0.0,LOUD,,13,LEV,,10,0,VCT Americas
3770,0,Lotus,Reduxx,SEN,Omen,1.28,219.0,16,15,9,1,86.0,141.0,25.0,2.0,0.0,2.0,SEN,,8,KRU,,13,0,VCT Americas
3771,0,Lotus,cortezia,SEN,Veto,0.94,174.0,13,16,2,-3,57.0,127.0,42.0,2.0,2.0,0.0,SEN,,8,KRU,,13,0,VCT Americas
3772,0,Lotus,johnqt,SEN,Viper,0.9,185.0,15,16,3,-1,57.0,113.0,21.0,0.0,2.0,-2.0,SEN,,8,KRU,,13,0,VCT Americas
3773,0,Lotus,Victor,SEN,Raze,0.65,179.0,12,18,3,-6,52.0,114.0,12.0,4.0,5.0,-1.0,SEN,,8,KRU,,13,0,VCT Americas
3774,0,Lotus,JonahP,SEN,Fade,0.47,95.0,5,16,9,-11,43.0,67.0,22.0,1.0,3.0,-2.0,SEN,,8,KRU,,13,0,VCT Americas
3775,0,Lotus,Less,KRÜ,Viper,1.33,225.0,17,10,7,7,71.0,143.0,33.0,2.0,1.0,1.0,SEN,,8,KRU,,13,0,VCT Americas
3776,0,Lotus,mwzera,KRÜ,Fade,1.28,221.0,17,12,10,5,86.0,135.0,23.0,1.0,0.0,1.0,SEN,,8,KRU,,13,0,VCT Americas
3777,0,Lotus,saadhak,KRÜ,Omen,1.15,193.0,15,11,9,4,71.0,123.0,32.0,4.0,2.0,2.0,SEN,,8,KRU,,13,0,VCT Americas
3778,0,Lotus,silentzz,KRÜ,Vyse,1.11,205.0,16,12,3,4,81.0,136.0,40.0,2.0,0.0,2.0,SEN,,8,KRU,,13,0,VCT Americas
3779,0,Lotus,Dantedeu5,KRÜ,Neon,0.9,228.0,16,16,5,0,67.0,149.0,24.0,3.0,6.0,-3.0,SEN,,8,KRU,,13,0,VCT Americas
3780,2,Breeze,johnqt,SEN,Harbor,1.29,274.0,21,16,5,5,73.0,191.0,40.0,1.0,1.0,0.0,SEN,,9,KRU,,13,0,VCT Americas
3781,2,Breeze,Reduxx,SEN,Iso,0.87,201.0,15,19,4,-4,41.0,129.0,36.0,1.0,4.0,-3.0,SEN,,9,KRU,,13,0,VCT Americas
3782,2,Breeze,Victor,SEN,Neon,0.76,205.0,16,19,2,-3,59.0,128.0,10.0,6.0,4.0,2.0,SEN,,9,KRU,,13,0,VCT Americas
3783,2,Breeze,JonahP,SEN,Sova,0.67,151.0,11,17,7,-6,77.0,105.0,27.0,1.0,3.0,-2.0,SEN,,9,KRU,,13,0,VCT Americas
3784,2,Breeze,cortezia,SEN,Viper,0.63,120.0,9,15,6,-6,59.0,77.0,19.0,0.0,1.0,-1.0,SEN,,9,KRU,,13,0,VCT Americas
3785,2,Breeze,saadhak,KRÜ,Omen,1.36,259.0,22,15,5,7,77.0,162.0,21.0,1.0,1.0,0.0,SEN,,9,KRU,,13,0,VCT Americas
3786,2,Breeze,mwzera,KRÜ,Sova,1.3,238.0,16,12,7,4,91.0,165.0,25.0,3.0,2.0,1.0,SEN,,9,KRU,,13,0,VCT Americas
3787,2,Breeze,silentzz,KRÜ,Chamber,1.08,154.0,14,12,3,2,73.0,105.0,21.0,3.0,2.0,1.0,SEN,,9,KRU,,13,0,VCT Americas
3788,2,Breeze,Less,KRÜ,Viper,1.06,234.0,18,15,9,3,50.0,138.0,18.0,3.0,1.0,2.0,SEN,,9,KRU,,13,0,VCT Americas
3789,2,Breeze,Dantedeu5,KRÜ,Neon,0.74,196.0,16,18,2,-2,50.0,115.0,15.0,3.0,3.0,0.0,SEN,,9,KRU,,13,0,VCT Americas
3790,0,Haven,bang,100T,Omen,1.49,227.0,18,9,7,9,81.0,143.0,24.0,1.0,1.0,0.0,100T,,13,EG,,8,1,VCT Americas
3791,0,Haven,Cryocells,100T,Cypher,1.26,246.0,20,13,3,7,57.0,144.0,33.0,6.0,3.0,3.0,100T,,13,EG,,8,1,VCT Americas
3792,0,Haven,Asuna,100T,Neon,1.16,211.0,16,12,1,4,76.0,127.0,21.0,4.0,2.0,2.0,100T,,13,EG,,8,1,VCT Americas
3793,0,Haven,vora,100T,Sova,0.93,157.0,12,12,7,0,86.0,120.0,21.0,0.0,1.0,-1.0,100T,,13,EG,,8,1,VCT Americas
3794,0,Haven,Timotino,100T,Phoenix,0.82,189.0,13,17,5,-4,71.0,122.0,28.0,1.0,2.0,-1.0,100T,,13,EG,,8,1,VCT Americas
3795,0,Haven,supamen,EG,Viper,1.13,204.0,16,15,5,1,71.0,128.0,30.0,1.0,2.0,-1.0,100T,,13,EG,,8,0,VCT Americas
3796,0,Haven,Okeanos,EG,Omen,0.96,190.0,15,16,2,-1,62.0,142.0,43.0,1.0,1.0,0.0,100T,,13,EG,,8,0,VCT Americas
3797,0,Haven,dgzin,EG,Neon,0.88,172.0,13,15,5,-2,67.0,119.0,23.0,4.0,2.0,2.0,100T,,13,EG,,8,0,VCT Americas
3798,0,Haven,C0M,EG,Sova,0.68,162.0,8,15,11,-7,62.0,125.0,10.0,2.0,3.0,-1.0,100T,,13,EG,,8,0,VCT Americas
3799,0,Haven,bao,EG,Killjoy,0.52,180.0,11,18,4,-7,57.0,116.0,17.0,1.0,4.0,-3.0,100T,,13,EG,,8,0,VCT Americas
3800,2,Breeze,Cryocells,100T,Viper,1.71,279.0,20,7,2,13,94.0,195.0,39.0,2.0,0.0,2.0,100T,,13,EG,,4,1,VCT Americas
3801,2,Breeze,Asuna,100T,Kayo,1.44,245.0,16,8,13,8,88.0,145.0,24.0,2.0,0.0,2.0,100T,,13,EG,,4,1,VCT Americas
3802,2,Breeze,Timotino,100T,Jett,1.32,283.0,19,13,2,6,76.0,174.0,9.0,5.0,6.0,-1.0,100T,,13,EG,,4,1,VCT Americas
3803,2,Breeze,bang,100T,Harbor,1.24,205.0,14,10,9,4,88.0,124.0,39.0,0.0,0.0,0.0,100T,,13,EG,,4,1,VCT Americas
3804,2,Breeze,vora,100T,Sova,0.87,158.0,8,10,7,-2,76.0,104.0,16.0,1.0,1.0,0.0,100T,,13,EG,,4,1,VCT Americas
3805,2,Breeze,dgzin,EG,Neon,1.14,269.0,17,15,1,2,71.0,151.0,33.0,4.0,2.0,2.0,100T,,13,EG,,4,0,VCT Americas
3806,2,Breeze,Okeanos,EG,Kayo,0.76,175.0,11,16,5,-5,65.0,105.0,43.0,1.0,1.0,0.0,100T,,13,EG,,4,0,VCT Americas
3807,2,Breeze,C0M,EG,Sova,0.64,137.0,8,14,1,-6,47.0,99.0,39.0,0.0,3.0,-3.0,100T,,13,EG,,4,0,VCT Americas
3808,2,Breeze,bao,EG,Harbor,0.55,147.0,8,17,9,-9,71.0,89.0,45.0,2.0,0.0,2.0,100T,,13,EG,,4,0,VCT Americas
3809,2,Breeze,supamen,EG,Viper,0.22,90.0,4,15,2,-11,35.0,65.0,46.0,0.0,4.0,-4.0,100T,,13,EG,,4,0,VCT Americas
3810,0,Pearl,alym,FUR,Neon,1.6,327.0,24,11,7,13,70.0,197.0,24.0,5.0,4.0,1.0,FUR,,13,NRG,,7,1,VCT Americas
3811,0,Pearl,nerve,FUR,Astra,1.09,187.0,15,11,6,4,80.0,109.0,26.0,0.0,0.0,0.0,FUR,,13,NRG,,7,1,VCT Americas
3812,0,Pearl,artzin,FUR,Killjoy,0.94,147.0,12,10,2,2,75.0,98.0,28.0,0.0,3.0,-3.0,FUR,,13,NRG,,7,1,VCT Americas
3813,0,Pearl,koalanoob,FUR,Phoenix,0.85,202.0,14,15,7,-1,70.0,138.0,15.0,3.0,2.0,1.0,FUR,,13,NRG,,7,1,VCT Americas
3814,0,Pearl,eeiu,FUR,Fade,0.84,154.0,11,12,6,-1,70.0,100.0,48.0,2.0,1.0,1.0,FUR,,13,NRG,,7,1,VCT Americas
3815,0,Pearl,brawk,NRG,Sova,1.54,311.0,22,14,5,8,90.0,199.0,25.0,1.0,0.0,1.0,FUR,,13,NRG,,7,0,VCT Americas
3816,0,Pearl,Ethan,NRG,Tejo,0.87,189.0,11,17,7,-6,60.0,144.0,18.0,1.0,0.0,1.0,FUR,,13,NRG,,7,0,VCT Americas
3817,0,Pearl,keiko,NRG,Killjoy,0.74,161.0,11,14,1,-3,50.0,118.0,35.0,2.0,2.0,0.0,FUR,,13,NRG,,7,0,VCT Americas
3818,0,Pearl,mada,NRG,Waylay,0.61,155.0,10,17,4,-7,60.0,90.0,30.0,6.0,7.0,-1.0,FUR,,13,NRG,,7,0,VCT Americas
3819,0,Pearl,skuba,NRG,Astra,0.38,104.0,5,15,5,-10,45.0,85.0,30.0,0.0,1.0,-1.0,FUR,,13,NRG,,7,0,VCT Americas
3820,2,Split,koalanoob,FUR,Omen,1.28,246.0,21,17,7,4,83.0,163.0,23.0,3.0,2.0,1.0,FUR,,13,NRG,,10,1,VCT Americas
3821,2,Split,nerve,FUR,Viper,1.1,190.0,17,14,7,3,91.0,127.0,24.0,1.0,1.0,0.0,FUR,,13,NRG,,10,1,VCT Americas
3822,2,Split,artzin,FUR,Vyse,1.06,201.0,17,15,7,2,74.0,135.0,28.0,1.0,3.0,-2.0,FUR,,13,NRG,,10,1,VCT Americas
3823,2,Split,eeiu,FUR,Fade,1.02,211.0,16,16,8,0,65.0,131.0,41.0,3.0,0.0,3.0,FUR,,13,NRG,,10,1,VCT Americas
3824,2,Split,alym,FUR,Neon,0.98,220.0,18,17,4,1,65.0,132.0,15.0,4.0,5.0,-1.0,FUR,,13,NRG,,10,1,VCT Americas
3825,2,Split,mada,NRG,Raze,1.3,264.0,22,18,7,4,65.0,162.0,13.0,3.0,1.0,2.0,FUR,,13,NRG,,10,0,VCT Americas
3826,2,Split,keiko,NRG,Omen,1.14,271.0,22,19,8,3,83.0,169.0,35.0,3.0,2.0,1.0,FUR,,13,NRG,,10,0,VCT Americas
3827,2,Split,skuba,NRG,Viper,0.78,175.0,13,18,2,-5,70.0,110.0,23.0,1.0,3.0,-2.0,FUR,,13,NRG,,10,0,VCT Americas
3828,2,Split,brawk,NRG,Deadlock,0.72,162.0,12,18,10,-6,61.0,105.0,20.0,1.0,2.0,-1.0,FUR,,13,NRG,,10,0,VCT Americas
3829,2,Split,Ethan,NRG,Skye,0.69,129.0,10,16,11,-6,83.0,83.0,19.0,3.0,4.0,-1.0,FUR,,13,NRG,,10,0,VCT Americas
3830,0,Haven,alym,FUR,Neon,1.16,253.0,24,18,4,6,77.0,153.0,21.0,6.0,4.0,2.0,FUR,,12,EG,,14,0,VCT Americas
3831,0,Haven,eeiu,FUR,Sova,0.99,148.0,15,15,6,0,69.0,87.0,26.0,0.0,1.0,-1.0,FUR,,12,EG,,14,0,VCT Americas
3832,0,Haven,koalanoob,FUR,Omen,0.89,196.0,17,19,8,-2,62.0,114.0,27.0,2.0,3.0,-1.0,FUR,,12,EG,,14,0,VCT Americas
3833,0,Haven,artzin,FUR,Killjoy,0.85,209.0,18,20,6,-2,65.0,146.0,17.0,3.0,2.0,1.0,FUR,,12,EG,,14,0,VCT Americas
3834,0,Haven,nerve,FUR,Viper,0.82,179.0,16,18,0,-2,65.0,134.0,34.0,2.0,3.0,-1.0,FUR,,12,EG,,14,0,VCT Americas
3835,0,Haven,dgzin,EG,Neon,1.54,323.0,30,19,2,11,81.0,202.0,46.0,6.0,4.0,2.0,FUR,,12,EG,,14,1,VCT Americas
3836,0,Haven,supamen,EG,Viper,1.48,314.0,29,17,4,12,85.0,200.0,40.0,4.0,1.0,3.0,FUR,,12,EG,,14,1,VCT Americas
3837,0,Haven,bao,EG,Killjoy,0.84,155.0,14,18,1,-4,62.0,101.0,64.0,2.0,3.0,-1.0,FUR,,12,EG,,14,1,VCT Americas
3838,0,Haven,Okeanos,EG,Omen,0.58,114.0,10,20,4,-10,54.0,87.0,38.0,1.0,4.0,-3.0,FUR,,12,EG,,14,1,VCT Americas
3839,0,Haven,C0M,EG,Sova,0.55,107.0,7,16,6,-9,65.0,82.0,10.0,0.0,1.0,-1.0,FUR,,12,EG,,14,1,VCT Americas
3840,2,Pearl,koalanoob,FUR,Phoenix,1.26,270.0,18,13,7,5,89.0,165.0,26.0,4.0,4.0,0.0,FUR,,13,EG,,5,1,VCT Americas
3841,2,Pearl,artzin,FUR,Killjoy,1.21,219.0,15,10,3,5,83.0,138.0,18.0,2.0,1.0,1.0,FUR,,13,EG,,5,1,VCT Americas
3842,2,Pearl,nerve,FUR,Astra,1.19,194.0,13,8,10,5,83.0,133.0,35.0,0.0,0.0,0.0,FUR,,13,EG,,5,1,VCT Americas
3843,2,Pearl,alym,FUR,Neon,1.0,285.0,18,15,3,3,67.0,171.0,22.0,2.0,3.0,-1.0,FUR,,13,EG,,5,1,VCT Americas
3844,2,Pearl,eeiu,FUR,Fade,0.88,180.0,13,10,5,3,67.0,110.0,21.0,1.0,1.0,0.0,FUR,,13,EG,,5,1,VCT Americas
3845,2,Pearl,supamen,EG,Astra,1.42,259.0,18,13,8,5,61.0,181.0,34.0,1.0,0.0,1.0,FUR,,13,EG,,5,0,VCT Americas
3846,2,Pearl,bao,EG,Killjoy,1.01,224.0,12,15,5,-3,72.0,136.0,15.0,2.0,1.0,1.0,FUR,,13,EG,,5,0,VCT Americas
3847,2,Pearl,C0M,EG,Sova,0.97,206.0,11,15,5,-4,56.0,141.0,24.0,2.0,3.0,-1.0,FUR,,13,EG,,5,0,VCT Americas
3848,2,Pearl,Okeanos,EG,Waylay,0.68,155.0,8,16,2,-8,61.0,120.0,31.0,2.0,0.0,2.0,FUR,,13,EG,,5,0,VCT Americas
3849,2,Pearl,dgzin,EG,Neon,0.23,113.0,7,18,2,-11,56.0,79.0,41.0,2.0,5.0,-3.0,FUR,,13,EG,,5,0,VCT Americas
3850,3,Lotus,artzin,FUR,Vyse,1.43,304.0,26,17,7,9,78.0,198.0,31.0,1.0,1.0,0.0,FUR,,13,EG,,10,1,VCT Americas
3851,3,Lotus,nerve,FUR,Viper,1.02,170.0,16,13,4,3,83.0,120.0,28.0,1.0,1.0,0.0,FUR,,13,EG,,10,1,VCT Americas
3852,3,Lotus,koalanoob,FUR,Omen,1.0,189.0,15,15,7,0,70.0,143.0,33.0,4.0,2.0,2.0,FUR,,13,EG,,10,1,VCT Americas
3853,3,Lotus,eeiu,FUR,Fade,0.9,161.0,13,16,8,-3,61.0,111.0,33.0,3.0,1.0,2.0,FUR,,13,EG,,10,1,VCT Americas
3854,3,Lotus,alym,FUR,Neon,0.79,197.0,17,18,3,-1,74.0,111.0,25.0,5.0,4.0,1.0,FUR,,13,EG,,10,1,VCT Americas
3855,3,Lotus,dgzin,EG,Neon,1.48,313.0,27,19,3,8,78.0,211.0,40.0,2.0,6.0,-4.0,FUR,,13,EG,,10,0,VCT Americas
3856,3,Lotus,Okeanos,EG,Omen,1.08,202.0,15,17,14,-2,78.0,137.0,33.0,1.0,1.0,0.0,FUR,,13,EG,,10,0,VCT Americas
3857,3,Lotus,bao,EG,Vyse,0.85,163.0,13,17,4,-4,65.0,117.0,24.0,3.0,2.0,1.0,FUR,,13,EG,,10,0,VCT Americas
3858,3,Lotus,supamen,EG,Viper,0.75,166.0,14,18,5,-4,78.0,111.0,33.0,1.0,3.0,-2.0,FUR,,13,EG,,10,0,VCT Americas
3859,3,Lotus,C0M,EG,Fade,0.74,136.0,10,16,6,-6,74.0,92.0,20.0,2.0,2.0,0.0,FUR,,13,EG,,10,0,VCT Americas
3860,0,Lotus,brawk,NRG,Vyse,1.25,232.0,18,14,9,4,70.0,150.0,22.0,2.0,0.0,2.0,NRG,,10,KRU,,13,0,VCT Americas
3861,0,Lotus,mada,NRG,Neon,0.98,225.0,17,19,6,-2,70.0,143.0,10.0,6.0,6.0,0.0,NRG,,10,KRU,,13,0,VCT Americas
3862,0,Lotus,skuba,NRG,Viper,0.84,182.0,15,17,5,-2,78.0,118.0,28.0,1.0,2.0,-1.0,NRG,,10,KRU,,13,0,VCT Americas
3863,0,Lotus,Ethan,NRG,Fade,0.8,170.0,12,18,5,-6,70.0,118.0,21.0,2.0,0.0,2.0,NRG,,10,KRU,,13,0,VCT Americas
3864,0,Lotus,keiko,NRG,Omen,0.71,136.0,13,16,3,-3,61.0,91.0,27.0,1.0,3.0,-2.0,NRG,,10,KRU,,13,0,VCT Americas
3865,0,Lotus,saadhak,KRÜ,Omen,1.44,270.0,22,14,7,8,70.0,173.0,30.0,4.0,2.0,2.0,NRG,,10,KRU,,13,0,VCT Americas
3866,0,Lotus,Less,KRÜ,Viper,1.24,218.0,18,13,8,5,83.0,137.0,36.0,0.0,3.0,-3.0,NRG,,10,KRU,,13,0,VCT Americas
3867,0,Lotus,silentzz,KRÜ,Vyse,1.1,183.0,15,13,6,2,87.0,103.0,33.0,3.0,1.0,2.0,NRG,,10,KRU,,13,0,VCT Americas
3868,0,Lotus,mwzera,KRÜ,Fade,0.97,180.0,15,16,7,-1,65.0,134.0,36.0,1.0,2.0,-1.0,NRG,,10,KRU,,13,0,VCT Americas
3869,0,Lotus,Dantedeu5,KRÜ,Neon,0.69,199.0,14,19,10,-5,65.0,133.0,22.0,3.0,4.0,-1.0,NRG,,10,KRU,,13,0,VCT Americas
3870,2,Split,Ethan,NRG,Fade,1.26,248.0,18,16,6,2,71.0,158.0,20.0,2.0,2.0,0.0,NRG,,8,KRU,,13,0,VCT Americas
3871,2,Split,skuba,NRG,Viper,1.18,220.0,15,15,6,0,62.0,158.0,31.0,1.0,0.0,1.0,NRG,,8,KRU,,13,0,VCT Americas
3872,2,Split,brawk,NRG,Vyse,0.84,171.0,12,17,4,-5,57.0,114.0,17.0,2.0,1.0,1.0,NRG,,8,KRU,,13,0,VCT Americas
3873,2,Split,keiko,NRG,Omen,0.65,135.0,10,17,4,-7,62.0,89.0,45.0,1.0,3.0,-2.0,NRG,,8,KRU,,13,0,VCT Americas
3874,2,Split,mada,NRG,Neon,0.22,67.0,4,16,3,-12,48.0,50.0,11.0,0.0,9.0,-9.0,NRG,,8,KRU,,13,0,VCT Americas
3875,2,Split,Less,KRÜ,Viper,1.62,331.0,24,11,12,13,86.0,210.0,21.0,1.0,2.0,-1.0,NRG,,8,KRU,,13,0,VCT Americas
3876,2,Split,saadhak,KRÜ,Omen,1.1,174.0,12,11,9,1,71.0,131.0,20.0,1.0,0.0,1.0,NRG,,8,KRU,,13,0,VCT Americas
3877,2,Split,silentzz,KRÜ,Vyse,1.08,172.0,14,11,2,3,86.0,113.0,17.0,2.0,0.0,2.0,NRG,,8,KRU,,13,0,VCT Americas
3878,2,Split,Dantedeu5,KRÜ,Neon,1.04,237.0,17,16,9,1,71.0,138.0,15.0,10.0,4.0,6.0,NRG,,8,KRU,,13,0,VCT Americas
3879,2,Split,mwzera,KRÜ,Fade,1.03,174.0,14,10,5,4,86.0,99.0,13.0,1.0,0.0,1.0,NRG,,8,KRU,,13,0,VCT Americas
3880,0,Haven,Cryocells,100T,Cypher,1.39,239.0,21,13,4,8,83.0,142.0,23.0,2.0,0.0,2.0,100T,,10,SEN,,13,0,VCT Americas
3881,0,Haven,bang,100T,Omen,1.12,159.0,15,14,9,1,70.0,95.0,32.0,0.0,0.0,0.0,100T,,10,SEN,,13,0,VCT Americas
3882,0,Haven,Timotino,100T,Phoenix,0.8,190.0,11,20,15,-9,61.0,136.0,21.0,4.0,5.0,-1.0,100T,,10,SEN,,13,0,VCT Americas
3883,0,Haven,vora,100T,Sova,0.65,157.0,10,17,9,-7,57.0,107.0,18.0,1.0,4.0,-3.0,100T,,10,SEN,,13,0,VCT Americas
3884,0,Haven,Asuna,100T,Neon,0.58,137.0,10,19,3,-9,57.0,92.0,15.0,3.0,4.0,-1.0,100T,,10,SEN,,13,0,VCT Americas
3885,0,Haven,Reduxx,SEN,Omen,1.36,255.0,23,13,11,10,83.0,166.0,30.0,1.0,0.0,1.0,100T,,10,SEN,,13,1,VCT Americas
3886,0,Haven,cortezia,SEN,Killjoy,1.32,233.0,19,11,3,8,91.0,141.0,16.0,5.0,1.0,4.0,100T,,10,SEN,,13,1,VCT Americas
3887,0,Haven,johnqt,SEN,Viper,1.12,165.0,14,11,6,3,83.0,104.0,15.0,1.0,3.0,-2.0,100T,,10,SEN,,13,1,VCT Americas
3888,0,Haven,Jerrwin,SEN,Neon,0.81,168.0,14,16,8,-2,61.0,117.0,18.0,5.0,4.0,1.0,100T,,10,SEN,,13,1,VCT Americas
3889,0,Haven,JonahP,SEN,Sova,0.75,181.0,13,16,7,-3,65.0,117.0,16.0,1.0,2.0,-1.0,100T,,10,SEN,,13,1,VCT Americas
3890,2,Split,Cryocells,100T,Viper,1.13,258.0,30,26,11,4,81.0,171.0,16.0,3.0,1.0,2.0,100T,,17,SEN,,19,0,VCT Americas
3891,2,Split,Timotino,100T,Raze,1.04,228.0,29,28,5,1,69.0,141.0,20.0,10.0,7.0,3.0,100T,,17,SEN,,19,0,VCT Americas
3892,2,Split,vora,100T,Fade,1.01,195.0,25,25,12,0,72.0,129.0,27.0,2.0,4.0,-2.0,100T,,17,SEN,,19,0,VCT Americas
3893,2,Split,bang,100T,Omen,1.01,185.0,28,25,11,3,75.0,110.0,22.0,2.0,1.0,1.0,100T,,17,SEN,,19,0,VCT Americas
3894,2,Split,Asuna,100T,Sage,0.81,155.0,16,25,15,-9,75.0,111.0,14.0,2.0,4.0,-2.0,100T,,17,SEN,,19,0,VCT Americas
3895,2,Split,cortezia,SEN,Viper,1.39,275.0,35,24,9,11,75.0,170.0,27.0,6.0,5.0,1.0,100T,,17,SEN,,19,1,VCT Americas
3896,2,Split,JonahP,SEN,Skye,1.11,202.0,25,25,10,0,75.0,141.0,24.0,1.0,3.0,-2.0,100T,,17,SEN,,19,1,VCT Americas
3897,2,Split,Reduxx,SEN,Omen,1.01,211.0,26,25,10,1,81.0,134.0,23.0,3.0,1.0,2.0,100T,,17,SEN,,19,1,VCT Americas
3898,2,Split,johnqt,SEN,Sage,0.84,149.0,17,24,17,-7,72.0,104.0,21.0,1.0,2.0,-1.0,100T,,17,SEN,,19,1,VCT Americas
3899,2,Split,Jerrwin,SEN,Neon,0.81,209.0,26,30,9,-4,64.0,136.0,17.0,6.0,8.0,-2.0,100T,,17,SEN,,19,1,VCT Americas
3900,0,Lotus,nerve,FUR,Viper,0.89,198.0,9,13,6,-4,71.0,165.0,19.0,1.0,1.0,0.0,FUR,,4,KRU,,13,0,VCT Americas
3901,0,Lotus,artzin,FUR,Vyse,0.72,210.0,11,15,6,-4,76.0,128.0,20.0,0.0,2.0,-2.0,FUR,,4,KRU,,13,0,VCT Americas
3902,0,Lotus,eeiu,FUR,Fade,0.67,150.0,11,15,1,-4,53.0,106.0,43.0,1.0,1.0,0.0,FUR,,4,KRU,,13,0,VCT Americas
3903,0,Lotus,koalanoob,FUR,Omen,0.59,129.0,7,15,4,-8,59.0,78.0,18.0,1.0,0.0,1.0,FUR,,4,KRU,,13,0,VCT Americas
3904,0,Lotus,alym,FUR,Neon,0.37,149.0,7,15,3,-8,35.0,95.0,8.0,2.0,8.0,-6.0,FUR,,4,KRU,,13,0,VCT Americas
3905,0,Lotus,saadhak,KRÜ,Omen,1.72,310.0,19,9,10,10,94.0,199.0,29.0,3.0,2.0,1.0,FUR,,4,KRU,,13,0,VCT Americas
3906,0,Lotus,Dantedeu5,KRÜ,Neon,1.57,313.0,19,11,7,8,82.0,188.0,24.0,6.0,2.0,4.0,FUR,,4,KRU,,13,0,VCT Americas
3907,0,Lotus,Less,KRÜ,Viper,1.36,208.0,13,8,4,5,88.0,140.0,20.0,1.0,1.0,0.0,FUR,,4,KRU,,13,0,VCT Americas
3908,0,Lotus,mwzera,KRÜ,Fade,1.3,169.0,12,7,6,5,82.0,96.0,10.0,1.0,0.0,1.0,FUR,,4,KRU,,13,0,VCT Americas
3909,0,Lotus,silentzz,KRÜ,Vyse,0.99,178.0,10,10,7,0,82.0,118.0,14.0,1.0,0.0,1.0,FUR,,4,KRU,,13,0,VCT Americas
3910,2,Haven,nerve,FUR,Omen,1.11,237.0,19,15,7,4,70.0,149.0,37.0,0.0,4.0,-4.0,FUR,,10,KRU,,13,0,VCT Americas
3911,2,Haven,eeiu,FUR,Sova,0.96,183.0,14,16,6,-2,65.0,136.0,18.0,2.0,0.0,2.0,FUR,,10,KRU,,13,0,VCT Americas
3912,2,Haven,alym,FUR,Neon,0.9,208.0,16,17,2,-1,74.0,123.0,28.0,4.0,4.0,0.0,FUR,,10,KRU,,13,0,VCT Americas
3913,2,Haven,artzin,FUR,Cypher,0.8,162.0,15,15,4,0,74.0,116.0,27.0,1.0,1.0,0.0,FUR,,10,KRU,,13,0,VCT Americas
3914,2,Haven,koalanoob,FUR,Phoenix,0.7,149.0,11,17,12,-6,74.0,102.0,26.0,3.0,4.0,-1.0,FUR,,10,KRU,,13,0,VCT Americas
3915,2,Haven,mwzera,KRÜ,Fade,1.24,232.0,17,14,8,3,65.0,166.0,21.0,0.0,1.0,-1.0,FUR,,10,KRU,,13,0,VCT Americas
3916,2,Haven,saadhak,KRÜ,Omen,1.15,187.0,14,13,13,1,65.0,118.0,35.0,2.0,4.0,-2.0,FUR,,10,KRU,,13,0,VCT Americas
3917,2,Haven,Less,KRÜ,Cypher,1.13,237.0,20,16,2,4,74.0,146.0,21.0,4.0,1.0,3.0,FUR,,10,KRU,,13,0,VCT Americas
3918,2,Haven,Dantedeu5,KRÜ,Neon,0.97,160.0,15,15,2,0,65.0,102.0,36.0,5.0,3.0,2.0,FUR,,10,KRU,,13,0,VCT Americas
3919,2,Haven,silentzz,KRÜ,Phoenix,0.96,185.0,14,17,11,-3,70.0,125.0,18.0,2.0,1.0,1.0,FUR,,10,KRU,,13,0,VCT Americas
3920,0,Pearl,skuba,NRG,Astra,1.34,254.0,19,14,7,5,73.0,158.0,28.0,3.0,2.0,1.0,NRG,,9,100T,,13,0,VCT Americas
3921,0,Pearl,keiko,NRG,Killjoy,1.08,221.0,17,15,1,2,68.0,149.0,40.0,1.0,1.0,0.0,NRG,,9,100T,,13,0,VCT Americas
3922,0,Pearl,brawk,NRG,Sova,0.83,156.0,11,16,8,-5,73.0,116.0,25.0,1.0,2.0,-1.0,NRG,,9,100T,,13,0,VCT Americas
3923,0,Pearl,Ethan,NRG,Tejo,0.6,127.0,8,16,9,-8,68.0,96.0,16.0,1.0,1.0,0.0,NRG,,9,100T,,13,0,VCT Americas
3924,0,Pearl,mada,NRG,Neon,0.51,129.0,10,16,4,-6,59.0,80.0,18.0,3.0,7.0,-4.0,NRG,,9,100T,,13,0,VCT Americas
3925,0,Pearl,Cryocells,100T,Chamber,1.32,211.0,18,11,2,7,73.0,127.0,17.0,5.0,0.0,5.0,NRG,,9,100T,,13,1,VCT Americas
3926,0,Pearl,Asuna,100T,Neon,1.07,235.0,19,15,4,4,77.0,147.0,24.0,2.0,4.0,-2.0,NRG,,9,100T,,13,1,VCT Americas
3927,0,Pearl,bang,100T,Astra,1.04,185.0,14,11,8,3,82.0,116.0,24.0,1.0,1.0,0.0,NRG,,9,100T,,13,1,VCT Americas
3928,0,Pearl,vora,100T,Fade,0.8,158.0,13,13,7,0,82.0,103.0,32.0,2.0,1.0,1.0,NRG,,9,100T,,13,1,VCT Americas
3929,0,Pearl,Timotino,100T,Phoenix,0.77,188.0,13,15,7,-2,59.0,131.0,27.0,3.0,3.0,0.0,NRG,,9,100T,,13,1,VCT Americas
3930,2,Lotus,keiko,NRG,Omen,1.51,255.0,23,15,7,8,83.0,183.0,44.0,1.0,1.0,0.0,NRG,,13,100T,,10,1,VCT Americas
3931,2,Lotus,skuba,NRG,Viper,1.18,226.0,18,14,9,4,87.0,151.0,24.0,3.0,2.0,1.0,NRG,,13,100T,,10,1,VCT Americas
3932,2,Lotus,mada,NRG,Neon,0.99,262.0,21,20,3,1,70.0,151.0,24.0,11.0,3.0,8.0,NRG,,13,100T,,10,1,VCT Americas
3933,2,Lotus,Ethan,NRG,Fade,0.89,174.0,13,16,7,-3,78.0,116.0,23.0,1.0,1.0,0.0,NRG,,13,100T,,10,1,VCT Americas
3934,2,Lotus,brawk,NRG,Vyse,0.83,125.0,8,13,11,-5,70.0,84.0,21.0,0.0,0.0,0.0,NRG,,13,100T,,10,1,VCT Americas
3935,2,Lotus,bang,100T,Omen,1.43,227.0,19,15,7,4,78.0,145.0,38.0,2.0,2.0,0.0,NRG,,13,100T,,10,0,VCT Americas
3936,2,Lotus,Asuna,100T,Sage,1.04,203.0,16,15,8,1,78.0,134.0,24.0,2.0,1.0,1.0,NRG,,13,100T,,10,0,VCT Americas
3937,2,Lotus,Timotino,100T,Raze,0.8,203.0,18,19,5,-1,74.0,127.0,12.0,1.0,5.0,-4.0,NRG,,13,100T,,10,0,VCT Americas
3938,2,Lotus,Cryocells,100T,Vyse,0.68,158.0,13,16,7,-3,74.0,108.0,20.0,2.0,5.0,-3.0,NRG,,13,100T,,10,0,VCT Americas
3939,2,Lotus,vora,100T,Sova,0.66,157.0,12,18,7,-6,65.0,113.0,26.0,0.0,3.0,-3.0,NRG,,13,100T,,10,0,VCT Americas
3940,3,Breeze,Ethan,NRG,Kayo,1.81,306.0,16,7,11,9,100.0,172.0,30.0,1.0,0.0,1.0,NRG,,13,100T,,2,1,VCT Americas
3941,3,Breeze,keiko,NRG,Jett,1.57,337.0,20,9,0,11,73.0,224.0,53.0,2.0,2.0,0.0,NRG,,13,100T,,2,1,VCT Americas
3942,3,Breeze,brawk,NRG,Sova,1.46,172.0,11,5,3,6,93.0,131.0,38.0,1.0,1.0,0.0,NRG,,13,100T,,2,1,VCT Americas
3943,3,Breeze,mada,NRG,Harbor,1.13,199.0,11,8,6,3,80.0,115.0,39.0,2.0,2.0,0.0,NRG,,13,100T,,2,1,VCT Americas
3944,3,Breeze,skuba,NRG,Viper,0.89,147.0,7,7,6,0,80.0,104.0,13.0,1.0,3.0,-2.0,NRG,,13,100T,,2,1,VCT Americas
3945,3,Breeze,Timotino,100T,Jett,0.79,205.0,10,14,4,-4,60.0,148.0,33.0,3.0,3.0,0.0,NRG,,13,100T,,2,0,VCT Americas
3946,3,Breeze,Asuna,100T,Kayo,0.73,154.0,8,13,8,-5,73.0,91.0,21.0,1.0,1.0,0.0,NRG,,13,100T,,2,0,VCT Americas
3947,3,Breeze,Cryocells,100T,Viper,0.69,130.0,7,12,4,-5,60.0,82.0,19.0,2.0,1.0,1.0,NRG,,13,100T,,2,0,VCT Americas
3948,3,Breeze,vora,100T,Sova,0.59,109.0,5,12,2,-7,60.0,77.0,28.0,2.0,0.0,2.0,NRG,,13,100T,,2,0,VCT Americas
3949,3,Breeze,bang,100T,Harbor,0.36,103.0,6,14,2,-8,53.0,68.0,33.0,0.0,2.0,-2.0,NRG,,13,100T,,2,0,VCT Americas
3950,0,Haven,C0M,EG,Sova,0.99,189.0,13,14,2,-1,65.0,132.0,28.0,0.0,0.0,0.0,EG,,7,SEN,,13,0,VCT Americas
3951,0,Haven,bao,EG,Killjoy,0.87,159.0,12,14,1,-2,60.0,117.0,39.0,0.0,2.0,-2.0,EG,,7,SEN,,13,0,VCT Americas
3952,0,Haven,dgzin,EG,Neon,0.87,221.0,14,16,4,-2,70.0,149.0,45.0,6.0,6.0,0.0,EG,,7,SEN,,13,0,VCT Americas
3953,0,Haven,Okeanos,EG,Omen,0.8,137.0,11,14,4,-3,60.0,99.0,48.0,0.0,2.0,-2.0,EG,,7,SEN,,13,0,VCT Americas
3954,0,Haven,supamen,EG,Viper,0.5,129.0,9,17,2,-8,55.0,83.0,26.0,2.0,2.0,0.0,EG,,7,SEN,,13,0,VCT Americas
3955,0,Haven,Reduxx,SEN,Omen,1.71,288.0,24,11,1,13,80.0,171.0,49.0,3.0,1.0,2.0,EG,,7,SEN,,13,1,VCT Americas
3956,0,Haven,johnqt,SEN,Viper,1.39,219.0,15,10,11,5,75.0,161.0,25.0,0.0,1.0,-1.0,EG,,7,SEN,,13,1,VCT Americas
3957,0,Haven,JonahP,SEN,Sova,0.94,168.0,12,11,5,1,90.0,127.0,13.0,1.0,2.0,-1.0,EG,,7,SEN,,13,1,VCT Americas
3958,0,Haven,cortezia,SEN,Killjoy,0.88,155.0,10,11,2,-1,70.0,106.0,14.0,3.0,1.0,2.0,EG,,7,SEN,,13,1,VCT Americas
3959,0,Haven,Jerrwin,SEN,Neon,0.83,189.0,14,16,4,-2,80.0,115.0,5.0,5.0,3.0,2.0,EG,,7,SEN,,13,1,VCT Americas
3960,2,Bind,Okeanos,EG,Waylay,1.24,242.0,20,17,6,3,71.0,153.0,34.0,2.0,3.0,-1.0,EG,,11,SEN,,13,0,VCT Americas
3961,2,Bind,supamen,EG,Viper,1.09,181.0,17,14,2,3,71.0,121.0,30.0,2.0,2.0,0.0,EG,,11,SEN,,13,0,VCT Americas
3962,2,Bind,bao,EG,Brimstone,1.04,179.0,14,16,12,-2,75.0,136.0,41.0,3.0,1.0,2.0,EG,,11,SEN,,13,0,VCT Americas
3963,2,Bind,dgzin,EG,Neon,0.81,211.0,18,21,3,-3,67.0,134.0,42.0,6.0,5.0,1.0,EG,,11,SEN,,13,0,VCT Americas
3964,2,Bind,C0M,EG,Skye,0.7,131.0,11,17,12,-6,58.0,86.0,26.0,0.0,0.0,0.0,EG,,11,SEN,,13,0,VCT Americas
3965,2,Bind,cortezia,SEN,Viper,1.49,277.0,23,13,7,10,71.0,177.0,36.0,2.0,0.0,2.0,EG,,11,SEN,,13,1,VCT Americas
3966,2,Bind,Jerrwin,SEN,Neon,0.94,215.0,18,17,3,1,54.0,131.0,10.0,3.0,4.0,-1.0,EG,,11,SEN,,13,1,VCT Americas
3967,2,Bind,JonahP,SEN,Skye,0.92,207.0,17,17,6,0,71.0,130.0,33.0,3.0,4.0,-1.0,EG,,11,SEN,,13,1,VCT Americas
3968,2,Bind,Reduxx,SEN,Raze,0.9,194.0,15,18,7,-3,71.0,129.0,21.0,3.0,4.0,-1.0,EG,,11,SEN,,13,1,VCT Americas
3969,2,Bind,johnqt,SEN,Harbor,0.86,145.0,12,15,5,-3,58.0,89.0,35.0,0.0,1.0,-1.0,EG,,11,SEN,,13,1,VCT Americas
3970,0,Fracture,dgzin,EG,Chamber,1.09,212.0,18,15,0,3,57.0,123.0,33.0,5.0,6.0,-1.0,EG,,8,NRG,,13,0,VCT Americas
3971,0,Fracture,supamen,EG,Brimstone,0.9,171.0,11,16,11,-5,76.0,125.0,33.0,1.0,1.0,0.0,EG,,8,NRG,,13,0,VCT Americas
3972,0,Fracture,bao,EG,Breach,0.81,178.0,12,17,11,-5,76.0,112.0,41.0,0.0,1.0,-1.0,EG,,8,NRG,,13,0,VCT Americas
3973,0,Fracture,C0M,EG,Sova,0.75,126.0,9,13,5,-4,76.0,96.0,35.0,0.0,1.0,-1.0,EG,,8,NRG,,13,0,VCT Americas
3974,0,Fracture,Okeanos,EG,Neon,0.66,178.0,12,18,5,-6,57.0,109.0,23.0,1.0,5.0,-4.0,EG,,8,NRG,,13,0,VCT Americas
3975,0,Fracture,mada,NRG,Waylay,1.53,282.0,22,11,2,11,76.0,173.0,33.0,6.0,3.0,3.0,EG,,8,NRG,,13,1,VCT Americas
3976,0,Fracture,brawk,NRG,Brimstone,1.17,173.0,13,10,10,3,76.0,111.0,26.0,1.0,0.0,1.0,EG,,8,NRG,,13,1,VCT Americas
3977,0,Fracture,Ethan,NRG,Fade,1.06,222.0,17,14,5,3,71.0,141.0,18.0,1.0,0.0,1.0,EG,,8,NRG,,13,1,VCT Americas
3978,0,Fracture,keiko,NRG,Phoenix,1.05,196.0,13,12,4,1,62.0,128.0,26.0,4.0,1.0,3.0,EG,,8,NRG,,13,1,VCT Americas
3979,0,Fracture,skuba,NRG,Cypher,0.86,179.0,14,15,1,-1,62.0,117.0,30.0,2.0,3.0,-1.0,EG,,8,NRG,,13,1,VCT Americas
3980,2,Pearl,bao,EG,Vyse,1.16,222.0,17,15,6,2,82.0,160.0,42.0,2.0,2.0,0.0,EG,,9,NRG,,13,0,VCT Americas
3981,2,Pearl,C0M,EG,Fade,0.94,178.0,13,14,7,-1,73.0,116.0,19.0,2.0,1.0,1.0,EG,,9,NRG,,13,0,VCT Americas
3982,2,Pearl,supamen,EG,Astra,0.94,191.0,15,16,7,-1,77.0,116.0,27.0,4.0,1.0,3.0,EG,,9,NRG,,13,0,VCT Americas
3983,2,Pearl,Okeanos,EG,Phoenix,0.8,185.0,14,17,6,-3,68.0,132.0,47.0,2.0,2.0,0.0,EG,,9,NRG,,13,0,VCT Americas
3984,2,Pearl,dgzin,EG,Neon,0.77,155.0,13,14,2,-1,64.0,104.0,32.0,2.0,4.0,-2.0,EG,,9,NRG,,13,0,VCT Americas
3985,2,Pearl,Ethan,NRG,Tejo,1.42,261.0,23,13,1,10,73.0,153.0,23.0,3.0,0.0,3.0,EG,,9,NRG,,13,1,VCT Americas
3986,2,Pearl,brawk,NRG,Sova,1.33,258.0,18,14,11,4,86.0,165.0,14.0,3.0,0.0,3.0,EG,,9,NRG,,13,1,VCT Americas
3987,2,Pearl,mada,NRG,Neon,0.96,210.0,16,17,3,-1,73.0,130.0,17.0,2.0,7.0,-5.0,EG,,9,NRG,,13,1,VCT Americas
3988,2,Pearl,skuba,NRG,Astra,0.85,116.0,8,13,9,-5,77.0,83.0,19.0,1.0,3.0,-2.0,EG,,9,NRG,,13,1,VCT Americas
3989,2,Pearl,keiko,NRG,Killjoy,0.69,142.0,11,15,3,-4,73.0,99.0,14.0,1.0,2.0,-1.0,EG,,9,NRG,,13,1,VCT Americas
3990,0,Bind,mwzera,KRÜ,Fade,0.99,227.0,13,15,7,-2,82.0,144.0,18.0,2.0,0.0,2.0,KRU,,4,100T,,13,0,VCT Americas
3991,0,Bind,Less,KRÜ,Viper,0.97,192.0,12,11,1,1,53.0,116.0,38.0,4.0,3.0,1.0,KRU,,4,100T,,13,0,VCT Americas
3992,0,Bind,saadhak,KRÜ,Brimstone,0.84,185.0,8,14,11,-6,65.0,145.0,30.0,1.0,4.0,-3.0,KRU,,4,100T,,13,0,VCT Americas
3993,0,Bind,silentzz,KRÜ,Vyse,0.69,159.0,9,15,4,-6,59.0,110.0,30.0,2.0,0.0,2.0,KRU,,4,100T,,13,0,VCT Americas
3994,0,Bind,Dantedeu5,KRÜ,Neon,0.48,133.0,6,15,8,-9,71.0,108.0,22.0,0.0,1.0,-1.0,KRU,,4,100T,,13,0,VCT Americas
3995,0,Bind,bang,100T,Viper,1.81,311.0,19,7,5,12,94.0,212.0,49.0,3.0,0.0,3.0,KRU,,4,100T,,13,1,VCT Americas
3996,0,Bind,Asuna,100T,Brimstone,1.68,262.0,19,8,10,11,82.0,158.0,37.0,0.0,2.0,-2.0,KRU,,4,100T,,13,1,VCT Americas
3997,0,Bind,Cryocells,100T,Chamber,1.11,181.0,13,11,4,2,82.0,121.0,21.0,2.0,4.0,-2.0,KRU,,4,100T,,13,1,VCT Americas
3998,0,Bind,Timotino,100T,Waylay,1.01,233.0,13,11,6,2,76.0,157.0,23.0,2.0,3.0,-1.0,KRU,,4,100T,,13,1,VCT Americas
3999,0,Bind,vora,100T,Skye,0.77,132.0,6,11,11,-5,88.0,105.0,20.0,1.0,0.0,1.0,KRU,,4,100T,,13,1,VCT Americas
4000,2,Haven,Less,KRÜ,Cypher,1.48,268.0,22,13,4,9,74.0,189.0,37.0,2.0,3.0,-1.0,KRU,,13,100T,,10,0,VCT Americas
4001,2,Haven,saadhak,KRÜ,Omen,1.1,226.0,18,16,5,2,74.0,140.0,20.0,3.0,1.0,2.0,KRU,,13,100T,,10,0,VCT Americas
4002,2,Haven,Dantedeu5,KRÜ,Neon,1.04,192.0,17,16,5,1,74.0,120.0,18.0,4.0,3.0,1.0,KRU,,13,100T,,10,0,VCT Americas
4003,2,Haven,mwzera,KRÜ,Fade,0.97,215.0,16,16,8,0,78.0,148.0,27.0,1.0,1.0,0.0,KRU,,13,100T,,10,0,VCT Americas
4004,2,Haven,silentzz,KRÜ,Phoenix,0.7,143.0,10,17,7,-7,52.0,107.0,36.0,2.0,3.0,-1.0,KRU,,13,100T,,10,0,VCT Americas
4005,2,Haven,bang,100T,Omen,1.18,219.0,18,16,10,2,78.0,134.0,31.0,1.0,0.0,1.0,KRU,,13,100T,,10,0,VCT Americas
4006,2,Haven,Asuna,100T,Neon,1.15,224.0,19,17,4,2,70.0,149.0,23.0,2.0,3.0,-1.0,KRU,,13,100T,,10,0,VCT Americas
4007,2,Haven,Timotino,100T,Phoenix,0.95,212.0,16,19,5,-3,65.0,154.0,40.0,4.0,3.0,1.0,KRU,,13,100T,,10,0,VCT Americas
4008,2,Haven,vora,100T,Sova,0.78,166.0,13,16,5,-3,74.0,131.0,29.0,1.0,1.0,0.0,KRU,,13,100T,,10,0,VCT Americas
4009,2,Haven,Cryocells,100T,Cypher,0.69,151.0,12,15,4,-3,65.0,111.0,21.0,3.0,5.0,-2.0,KRU,,13,100T,,10,0,VCT Americas
4010,3,Split,mwzera,KRÜ,Fade,1.22,231.0,17,15,1,2,58.0,160.0,29.0,2.0,1.0,1.0,KRU,,6,100T,,13,0,VCT Americas
4011,3,Split,saadhak,KRÜ,Omen,1.06,198.0,13,13,4,0,58.0,137.0,24.0,3.0,4.0,-1.0,KRU,,6,100T,,13,0,VCT Americas
4012,3,Split,silentzz,KRÜ,Vyse,1.04,228.0,14,15,4,-1,68.0,157.0,35.0,1.0,0.0,1.0,KRU,,6,100T,,13,0,VCT Americas
4013,3,Split,Less,KRÜ,Viper,0.76,184.0,12,15,3,-3,53.0,124.0,35.0,1.0,2.0,-1.0,KRU,,6,100T,,13,0,VCT Americas
4014,3,Split,Dantedeu5,KRÜ,Neon,0.38,115.0,7,16,2,-9,58.0,85.0,50.0,1.0,4.0,-3.0,KRU,,6,100T,,13,0,VCT Americas
4015,3,Split,Cryocells,100T,Viper,1.25,243.0,17,12,8,5,84.0,145.0,21.0,1.0,1.0,0.0,KRU,,6,100T,,13,1,VCT Americas
4016,3,Split,Timotino,100T,Raze,1.21,302.0,19,15,5,4,79.0,186.0,16.0,6.0,2.0,4.0,KRU,,6,100T,,13,1,VCT Americas
4017,3,Split,vora,100T,Skye,1.18,207.0,15,12,9,3,79.0,131.0,23.0,2.0,3.0,-1.0,KRU,,6,100T,,13,1,VCT Americas
4018,3,Split,bang,100T,Omen,1.1,220.0,15,12,1,3,63.0,147.0,26.0,2.0,2.0,0.0,KRU,,6,100T,,13,1,VCT Americas
4019,3,Split,Asuna,100T,Sage,0.8,119.0,8,12,10,-4,74.0,80.0,17.0,0.0,0.0,0.0,KRU,,6,100T,,13,1,VCT Americas
4020,0,Split,artzin,FUR,Vyse,1.65,274.0,18,7,2,11,88.0,173.0,30.0,1.0,0.0,1.0,FUR,,13,SEN,,4,1,VCT Americas
4021,0,Split,eeiu,FUR,Fade,1.47,237.0,15,7,4,8,76.0,145.0,32.0,4.0,1.0,3.0,FUR,,13,SEN,,4,1,VCT Americas
4022,0,Split,nerve,FUR,Viper,1.4,209.0,13,7,7,6,94.0,149.0,32.0,0.0,0.0,0.0,FUR,,13,SEN,,4,1,VCT Americas
4023,0,Split,koalanoob,FUR,Omen,1.21,233.0,16,10,7,6,94.0,136.0,44.0,2.0,2.0,0.0,FUR,,13,SEN,,4,1,VCT Americas
4024,0,Split,alym,FUR,Neon,0.69,163.0,10,13,3,-3,71.0,87.0,3.0,4.0,3.0,1.0,FUR,,13,SEN,,4,1,VCT Americas
4025,0,Split,Jerrwin,SEN,Neon,1.05,257.0,15,14,1,1,59.0,153.0,16.0,2.0,3.0,-1.0,FUR,,13,SEN,,4,0,VCT Americas
4026,0,Split,cortezia,SEN,Viper,0.76,144.0,7,13,7,-6,71.0,107.0,22.0,1.0,2.0,-1.0,FUR,,13,SEN,,4,0,VCT Americas
4027,0,Split,Reduxx,SEN,Omen,0.59,173.0,8,16,4,-8,53.0,116.0,21.0,1.0,1.0,0.0,FUR,,13,SEN,,4,0,VCT Americas
4028,0,Split,johnqt,SEN,Sage,0.58,137.0,7,14,3,-7,59.0,105.0,23.0,1.0,2.0,-1.0,FUR,,13,SEN,,4,0,VCT Americas
4029,0,Split,JonahP,SEN,Skye,0.47,129.0,7,15,2,-8,53.0,91.0,50.0,1.0,3.0,-2.0,FUR,,13,SEN,,4,0,VCT Americas
4030,2,Breeze,koalanoob,FUR,Jett,1.09,248.0,18,17,1,1,60.0,153.0,25.0,3.0,0.0,3.0,FUR,,7,SEN,,13,0,VCT Americas
4031,2,Breeze,alym,FUR,Neon,1.04,217.0,15,16,2,-1,65.0,120.0,28.0,4.0,4.0,0.0,FUR,,7,SEN,,13,0,VCT Americas
4032,2,Breeze,nerve,FUR,Astra,0.78,136.0,9,13,6,-4,60.0,95.0,24.0,0.0,1.0,-1.0,FUR,,7,SEN,,13,0,VCT Americas
4033,2,Breeze,eeiu,FUR,Sova,0.64,132.0,8,17,8,-9,65.0,97.0,15.0,0.0,1.0,-1.0,FUR,,7,SEN,,13,0,VCT Americas
4034,2,Breeze,artzin,FUR,Harbor,0.56,107.0,8,16,6,-8,60.0,77.0,29.0,0.0,7.0,-7.0,FUR,,7,SEN,,13,0,VCT Americas
4035,2,Breeze,cortezia,SEN,Viper,1.51,239.0,18,8,3,10,80.0,171.0,35.0,3.0,2.0,1.0,FUR,,7,SEN,,13,1,VCT Americas
4036,2,Breeze,JonahP,SEN,Sova,1.3,225.0,18,9,3,9,90.0,168.0,50.0,0.0,1.0,-1.0,FUR,,7,SEN,,13,1,VCT Americas
4037,2,Breeze,johnqt,SEN,Harbor,1.08,181.0,14,11,6,3,75.0,116.0,31.0,1.0,0.0,1.0,FUR,,7,SEN,,13,1,VCT Americas
4038,2,Breeze,Reduxx,SEN,Iso,1.06,227.0,16,15,5,1,85.0,145.0,31.0,2.0,0.0,2.0,FUR,,7,SEN,,13,1,VCT Americas
4039,2,Breeze,Jerrwin,SEN,Neon,0.72,184.0,13,15,3,-2,75.0,116.0,12.0,7.0,4.0,3.0,FUR,,7,SEN,,13,1,VCT Americas
4040,3,Haven,eeiu,FUR,Sova,1.42,265.0,20,13,6,7,85.0,198.0,21.0,1.0,1.0,0.0,FUR,,13,SEN,,7,1,VCT Americas
4041,3,Haven,artzin,FUR,Cypher,1.3,221.0,17,12,6,5,70.0,157.0,28.0,0.0,2.0,-2.0,FUR,,13,SEN,,7,1,VCT Americas
4042,3,Haven,nerve,FUR,Omen,1.24,192.0,15,10,9,5,85.0,125.0,37.0,2.0,0.0,2.0,FUR,,13,SEN,,7,1,VCT Americas
4043,3,Haven,alym,FUR,Neon,1.11,238.0,15,14,7,1,75.0,148.0,35.0,4.0,3.0,1.0,FUR,,13,SEN,,7,1,VCT Americas
4044,3,Haven,koalanoob,FUR,Phoenix,0.74,157.0,11,15,7,-4,70.0,99.0,24.0,3.0,4.0,-1.0,FUR,,13,SEN,,7,1,VCT Americas
4045,3,Haven,cortezia,SEN,Killjoy,1.11,207.0,15,15,5,0,70.0,133.0,38.0,4.0,0.0,4.0,FUR,,13,SEN,,7,0,VCT Americas
4046,3,Haven,JonahP,SEN,Sova,1.05,284.0,14,17,6,-3,70.0,200.0,17.0,2.0,2.0,0.0,FUR,,13,SEN,,7,0,VCT Americas
4047,3,Haven,Jerrwin,SEN,Neon,0.81,193.0,13,15,2,-2,60.0,128.0,21.0,4.0,5.0,-1.0,FUR,,13,SEN,,7,0,VCT Americas
4048,3,Haven,johnqt,SEN,Viper,0.77,155.0,12,15,1,-3,55.0,91.0,13.0,0.0,2.0,-2.0,FUR,,13,SEN,,7,0,VCT Americas
4049,3,Haven,Reduxx,SEN,Omen,0.52,120.0,10,16,4,-6,65.0,70.0,21.0,0.0,1.0,-1.0,FUR,,13,SEN,,7,0,VCT Americas
4050,0,Haven,Less,KRÜ,Cypher,1.67,268.0,26,11,6,15,83.0,175.0,22.0,4.0,0.0,4.0,KRU,,11,EG,,13,0,VCT Americas
4051,0,Haven,saadhak,KRÜ,Omen,0.84,196.0,15,19,10,-4,63.0,118.0,19.0,2.0,1.0,1.0,KRU,,11,EG,,13,0,VCT Americas
4052,0,Haven,mwzera,KRÜ,Fade,0.79,163.0,12,17,10,-5,71.0,116.0,17.0,1.0,0.0,1.0,KRU,,11,EG,,13,0,VCT Americas
4053,0,Haven,Dantedeu5,KRÜ,Neon,0.77,182.0,14,18,6,-4,71.0,125.0,29.0,5.0,5.0,0.0,KRU,,11,EG,,13,0,VCT Americas
4054,0,Haven,silentzz,KRÜ,Phoenix,0.72,184.0,15,20,6,-5,71.0,108.0,18.0,3.0,3.0,0.0,KRU,,11,EG,,13,0,VCT Americas
4055,0,Haven,dgzin,EG,Neon,1.35,249.0,24,16,1,8,79.0,147.0,35.0,2.0,3.0,-1.0,KRU,,11,EG,,13,1,VCT Americas
4056,0,Haven,Paincakes,EG,Sova,1.06,200.0,16,18,8,-2,71.0,136.0,32.0,0.0,4.0,-4.0,KRU,,11,EG,,13,1,VCT Americas
4057,0,Haven,zerona,EG,Viper,1.01,193.0,16,16,8,0,71.0,136.0,23.0,1.0,2.0,-1.0,KRU,,11,EG,,13,1,VCT Americas
4058,0,Haven,bao,EG,Killjoy,0.91,224.0,18,17,5,1,67.0,149.0,22.0,4.0,3.0,1.0,KRU,,11,EG,,13,1,VCT Americas
4059,0,Haven,supamen,EG,Omen,0.9,135.0,11,15,9,-4,71.0,90.0,44.0,2.0,3.0,-1.0,KRU,,11,EG,,13,1,VCT Americas
4060,2,Lotus,mwzera,KRÜ,Fade,1.33,206.0,17,12,7,5,92.0,130.0,13.0,0.0,1.0,-1.0,KRU,,13,EG,,11,0,VCT Americas
4061,2,Lotus,Less,KRÜ,Viper,1.21,274.0,23,17,7,6,79.0,169.0,31.0,5.0,2.0,3.0,KRU,,13,EG,,11,0,VCT Americas
4062,2,Lotus,silentzz,KRÜ,Vyse,0.91,160.0,14,13,4,1,67.0,124.0,33.0,0.0,3.0,-3.0,KRU,,13,EG,,11,0,VCT Americas
4063,2,Lotus,saadhak,KRÜ,Omen,0.89,189.0,17,16,3,1,71.0,107.0,18.0,3.0,3.0,0.0,KRU,,13,EG,,11,0,VCT Americas
4064,2,Lotus,Dantedeu5,KRÜ,Neon,0.87,187.0,16,17,7,-1,67.0,113.0,22.0,4.0,3.0,1.0,KRU,,13,EG,,11,0,VCT Americas
4065,2,Lotus,dgzin,EG,Neon,1.04,213.0,19,17,3,2,67.0,132.0,21.0,5.0,4.0,1.0,KRU,,13,EG,,11,0,VCT Americas
4066,2,Lotus,Paincakes,EG,Fade,1.03,196.0,16,17,8,-1,63.0,123.0,26.0,0.0,0.0,0.0,KRU,,13,EG,,11,0,VCT Americas
4067,2,Lotus,zerona,EG,Viper,1.02,216.0,18,18,2,0,67.0,140.0,31.0,4.0,1.0,3.0,KRU,,13,EG,,11,0,VCT Americas
4068,2,Lotus,bao,EG,Vyse,0.76,141.0,12,17,6,-5,58.0,99.0,31.0,1.0,5.0,-4.0,KRU,,13,EG,,11,0,VCT Americas
4069,2,Lotus,supamen,EG,Omen,0.63,122.0,10,18,5,-8,67.0,96.0,31.0,2.0,2.0,0.0,KRU,,13,EG,,11,0,VCT Americas
4070,3,Bind,saadhak,KRÜ,Brimstone,1.53,268.0,18,12,18,6,79.0,154.0,19.0,3.0,1.0,2.0,KRU,,13,EG,,6,0,VCT Americas
4071,3,Bind,silentzz,KRÜ,Vyse,1.2,198.0,13,10,4,3,74.0,139.0,29.0,0.0,1.0,-1.0,KRU,,13,EG,,6,0,VCT Americas
4072,3,Bind,mwzera,KRÜ,Fade,1.19,197.0,14,12,7,2,79.0,145.0,17.0,1.0,1.0,0.0,KRU,,13,EG,,6,0,VCT Americas
4073,3,Bind,Dantedeu5,KRÜ,Neon,1.15,239.0,18,14,5,4,79.0,137.0,25.0,2.0,3.0,-1.0,KRU,,13,EG,,6,0,VCT Americas
4074,3,Bind,Less,KRÜ,Viper,1.14,221.0,14,12,4,2,74.0,151.0,28.0,6.0,1.0,5.0,KRU,,13,EG,,6,0,VCT Americas
4075,3,Bind,bao,EG,Brimstone,0.98,196.0,12,14,8,-2,74.0,119.0,34.0,2.0,2.0,0.0,KRU,,13,EG,,6,0,VCT Americas
4076,3,Bind,dgzin,EG,Neon,0.91,235.0,16,15,3,1,58.0,151.0,34.0,2.0,5.0,-3.0,KRU,,13,EG,,6,0,VCT Americas
4077,3,Bind,zerona,EG,Phoenix,0.83,246.0,15,18,5,-3,79.0,157.0,28.0,3.0,1.0,2.0,KRU,,13,EG,,6,0,VCT Americas
4078,3,Bind,Paincakes,EG,Skye,0.82,153.0,10,14,10,-4,74.0,99.0,32.0,0.0,1.0,-1.0,KRU,,13,EG,,6,0,VCT Americas
4079,3,Bind,supamen,EG,Viper,0.39,102.0,7,16,4,-9,58.0,65.0,43.0,0.0,3.0,-3.0,KRU,,13,EG,,6,0,VCT Americas
4080,0,Fracture,Reduxx,SEN,Raze,1.34,297.0,23,18,5,5,67.0,192.0,24.0,3.0,4.0,-1.0,SEN,,11,NRG,,13,0,VCT Americas
4081,0,Fracture,JonahP,SEN,Fade,1.0,146.0,11,14,5,-3,63.0,109.0,21.0,2.0,0.0,2.0,SEN,,11,NRG,,13,0,VCT Americas
4082,0,Fracture,cortezia,SEN,Cypher,0.94,167.0,16,16,2,0,63.0,105.0,38.0,3.0,6.0,-3.0,SEN,,11,NRG,,13,0,VCT Americas
4083,0,Fracture,johnqt,SEN,Brimstone,0.73,136.0,12,17,12,-5,67.0,79.0,22.0,0.0,1.0,-1.0,SEN,,11,NRG,,13,0,VCT Americas
4084,0,Fracture,Jerrwin,SEN,Neon,0.68,137.0,12,18,3,-6,75.0,99.0,28.0,2.0,3.0,-1.0,SEN,,11,NRG,,13,0,VCT Americas
4085,0,Fracture,mada,NRG,Waylay,1.21,269.0,22,16,2,6,83.0,189.0,27.0,6.0,3.0,3.0,SEN,,11,NRG,,13,1,VCT Americas
4086,0,Fracture,keiko,NRG,Phoenix,1.02,250.0,20,17,7,3,71.0,162.0,28.0,3.0,3.0,0.0,SEN,,11,NRG,,13,1,VCT Americas
4087,0,Fracture,skuba,NRG,Cypher,0.98,155.0,16,12,1,4,83.0,106.0,21.0,2.0,1.0,1.0,SEN,,11,NRG,,13,1,VCT Americas
4088,0,Fracture,brawk,NRG,Brimstone,0.89,145.0,12,14,16,-2,88.0,84.0,11.0,0.0,1.0,-1.0,SEN,,11,NRG,,13,1,VCT Americas
4089,0,Fracture,Ethan,NRG,Fade,0.86,151.0,13,15,5,-2,71.0,105.0,30.0,3.0,2.0,1.0,SEN,,11,NRG,,13,1,VCT Americas
4090,2,Breeze,cortezia,SEN,Viper,1.2,245.0,21,15,3,6,71.0,153.0,38.0,1.0,2.0,-1.0,SEN,,13,NRG,,11,1,VCT Americas
4091,2,Breeze,Reduxx,SEN,Iso,1.16,239.0,22,17,4,5,71.0,147.0,38.0,4.0,1.0,3.0,SEN,,13,NRG,,11,1,VCT Americas
4092,2,Breeze,johnqt,SEN,Harbor,1.12,157.0,13,13,9,0,67.0,102.0,15.0,0.0,0.0,0.0,SEN,,13,NRG,,11,1,VCT Americas
4093,2,Breeze,JonahP,SEN,Sova,0.89,181.0,15,16,6,-1,83.0,138.0,19.0,2.0,5.0,-3.0,SEN,,13,NRG,,11,1,VCT Americas
4094,2,Breeze,Jerrwin,SEN,Neon,0.77,199.0,16,18,3,-2,58.0,115.0,22.0,5.0,4.0,1.0,SEN,,13,NRG,,11,1,VCT Americas
4095,2,Breeze,brawk,NRG,Sova,1.43,253.0,22,14,8,8,75.0,170.0,19.0,1.0,1.0,0.0,SEN,,13,NRG,,11,0,VCT Americas
4096,2,Breeze,mada,NRG,Harbor,0.9,219.0,18,20,7,-2,79.0,134.0,31.0,3.0,1.0,2.0,SEN,,13,NRG,,11,0,VCT Americas
4097,2,Breeze,skuba,NRG,Viper,0.89,140.0,13,15,5,-2,79.0,88.0,27.0,1.0,2.0,-1.0,SEN,,13,NRG,,11,0,VCT Americas
4098,2,Breeze,keiko,NRG,Jett,0.81,192.0,16,20,2,-4,54.0,122.0,28.0,5.0,5.0,0.0,SEN,,13,NRG,,11,0,VCT Americas
4099,2,Breeze,Ethan,NRG,Kayo,0.76,146.0,10,18,13,-8,58.0,109.0,29.0,2.0,3.0,-1.0,SEN,,13,NRG,,11,0,VCT Americas
4100,3,Lotus,cortezia,SEN,Vyse,1.35,276.0,22,15,7,7,78.0,169.0,41.0,2.0,3.0,-1.0,SEN,,10,NRG,,13,0,VCT Americas
4101,3,Lotus,Reduxx,SEN,Raze,0.87,196.0,15,18,1,-3,65.0,126.0,16.0,3.0,3.0,0.0,SEN,,10,NRG,,13,0,VCT Americas
4102,3,Lotus,Jerrwin,SEN,Neon,0.86,209.0,16,19,3,-3,61.0,129.0,24.0,3.0,5.0,-2.0,SEN,,10,NRG,,13,0,VCT Americas
4103,3,Lotus,johnqt,SEN,Omen,0.76,105.0,8,14,5,-6,52.0,79.0,31.0,1.0,2.0,-1.0,SEN,,10,NRG,,13,0,VCT Americas
4104,3,Lotus,JonahP,SEN,Fade,0.76,173.0,14,18,7,-4,61.0,108.0,16.0,1.0,0.0,1.0,SEN,,10,NRG,,13,0,VCT Americas
4105,3,Lotus,brawk,NRG,Vyse,1.38,308.0,26,15,4,11,78.0,176.0,12.0,3.0,0.0,3.0,SEN,,10,NRG,,13,1,VCT Americas
4106,3,Lotus,Ethan,NRG,Fade,1.31,240.0,19,14,10,5,78.0,161.0,30.0,3.0,0.0,3.0,SEN,,10,NRG,,13,1,VCT Americas
4107,3,Lotus,mada,NRG,Neon,0.95,210.0,18,16,5,2,65.0,126.0,17.0,4.0,5.0,-1.0,SEN,,10,NRG,,13,1,VCT Americas
4108,3,Lotus,keiko,NRG,Omen,0.83,112.0,10,13,11,-3,70.0,82.0,28.0,0.0,4.0,-4.0,SEN,,10,NRG,,13,1,VCT Americas
4109,3,Lotus,skuba,NRG,Viper,0.71,140.0,11,17,2,-6,61.0,88.0,18.0,3.0,1.0,2.0,SEN,,10,NRG,,13,1,VCT Americas
4110,0,Pearl,artzin,FUR,Killjoy,1.44,260.0,20,13,4,7,77.0,182.0,30.0,3.0,0.0,3.0,FUR,,13,100T,,9,1,VCT Americas
4111,0,Pearl,eeiu,FUR,Fade,1.1,232.0,18,16,3,2,59.0,142.0,29.0,1.0,2.0,-1.0,FUR,,13,100T,,9,1,VCT Americas
4112,0,Pearl,koalanoob,FUR,Phoenix,1.04,208.0,15,14,8,1,77.0,148.0,24.0,1.0,3.0,-2.0,FUR,,13,100T,,9,1,VCT Americas
4113,0,Pearl,alym,FUR,Neon,1.04,264.0,21,17,2,4,68.0,171.0,24.0,4.0,5.0,-1.0,FUR,,13,100T,,9,1,VCT Americas
4114,0,Pearl,nerve,FUR,Astra,0.71,116.0,9,13,3,-4,73.0,79.0,27.0,1.0,2.0,-1.0,FUR,,13,100T,,9,1,VCT Americas
4115,0,Pearl,Cryocells,100T,Chamber,1.45,277.0,22,14,3,8,77.0,171.0,26.0,0.0,2.0,-2.0,FUR,,13,100T,,9,0,VCT Americas
4116,0,Pearl,Timotino,100T,Phoenix,1.08,199.0,14,16,7,-2,68.0,126.0,24.0,3.0,4.0,-1.0,FUR,,13,100T,,9,0,VCT Americas
4117,0,Pearl,Asuna,100T,Neon,0.8,223.0,16,19,5,-3,68.0,138.0,19.0,6.0,1.0,5.0,FUR,,13,100T,,9,0,VCT Americas
4118,0,Pearl,bang,100T,Astra,0.76,153.0,12,17,8,-5,64.0,90.0,29.0,2.0,1.0,1.0,FUR,,13,100T,,9,0,VCT Americas
4119,0,Pearl,vora,100T,Fade,0.51,111.0,9,17,8,-8,64.0,75.0,13.0,1.0,2.0,-1.0,FUR,,13,100T,,9,0,VCT Americas
4120,2,Haven,eeiu,FUR,Sova,1.2,248.0,17,15,7,2,76.0,159.0,27.0,3.0,0.0,3.0,FUR,,8,100T,,13,0,VCT Americas
4121,2,Haven,artzin,FUR,Cypher,1.03,226.0,16,16,1,0,62.0,150.0,23.0,3.0,1.0,2.0,FUR,,8,100T,,13,0,VCT Americas
4122,2,Haven,alym,FUR,Neon,0.82,216.0,16,18,4,-2,67.0,128.0,11.0,5.0,3.0,2.0,FUR,,8,100T,,13,0,VCT Americas
4123,2,Haven,nerve,FUR,Omen,0.76,118.0,9,14,8,-5,67.0,75.0,11.0,0.0,4.0,-4.0,FUR,,8,100T,,13,0,VCT Americas
4124,2,Haven,koalanoob,FUR,Phoenix,0.44,131.0,8,18,4,-10,52.0,96.0,14.0,1.0,1.0,0.0,FUR,,8,100T,,13,0,VCT Americas
4125,2,Haven,vora,100T,Sova,1.61,271.0,22,11,11,11,90.0,170.0,26.0,0.0,0.0,0.0,FUR,,8,100T,,13,1,VCT Americas
4126,2,Haven,Timotino,100T,Phoenix,1.39,244.0,18,11,13,7,76.0,156.0,44.0,3.0,3.0,0.0,FUR,,8,100T,,13,1,VCT Americas
4127,2,Haven,Cryocells,100T,Cypher,1.11,244.0,20,14,5,6,57.0,159.0,22.0,1.0,3.0,-2.0,FUR,,8,100T,,13,1,VCT Americas
4128,2,Haven,bang,100T,Omen,1.0,171.0,11,15,16,-4,81.0,114.0,31.0,2.0,2.0,0.0,FUR,,8,100T,,13,1,VCT Americas
4129,2,Haven,Asuna,100T,Neon,0.84,158.0,10,15,9,-5,81.0,99.0,20.0,3.0,4.0,-1.0,FUR,,8,100T,,13,1,VCT Americas
4130,3,Breeze,nerve,FUR,Harbor,1.03,228.0,14,15,6,-1,63.0,144.0,38.0,2.0,1.0,1.0,FUR,,6,100T,,13,0,VCT Americas
4131,3,Breeze,eeiu,FUR,Sova,0.9,152.0,12,13,0,-1,58.0,97.0,20.0,2.0,2.0,0.0,FUR,,6,100T,,13,0,VCT Americas
4132,3,Breeze,alym,FUR,Neon,0.84,214.0,13,17,5,-4,68.0,136.0,27.0,3.0,4.0,-1.0,FUR,,6,100T,,13,0,VCT Americas
4133,3,Breeze,koalanoob,FUR,Iso,0.81,175.0,11,14,4,-3,53.0,115.0,21.0,2.0,2.0,0.0,FUR,,6,100T,,13,0,VCT Americas
4134,3,Breeze,artzin,FUR,Astra,0.74,146.0,8,15,4,-7,58.0,114.0,26.0,0.0,1.0,-1.0,FUR,,6,100T,,13,0,VCT Americas
4135,3,Breeze,Asuna,100T,Phoenix,1.46,280.0,18,12,12,6,79.0,199.0,21.0,1.0,3.0,-2.0,FUR,,6,100T,,13,1,VCT Americas
4136,3,Breeze,vora,100T,Sova,1.38,234.0,17,9,2,8,74.0,163.0,29.0,0.0,1.0,-1.0,FUR,,6,100T,,13,1,VCT Americas
4137,3,Breeze,bang,100T,Harbor,1.17,174.0,13,10,5,3,79.0,112.0,32.0,4.0,1.0,3.0,FUR,,6,100T,,13,1,VCT Americas
4138,3,Breeze,Timotino,100T,Neon,0.84,189.0,13,14,4,-1,74.0,130.0,32.0,4.0,2.0,2.0,FUR,,6,100T,,13,1,VCT Americas
4139,3,Breeze,Cryocells,100T,Cypher,0.81,182.0,13,13,3,0,63.0,118.0,25.0,1.0,2.0,-1.0,FUR,,6,100T,,13,1,VCT Americas
4140,0,Breeze,Victor,NRG,Cypher,1.28,218.0,18,13,7,5,83.0,139.0,38.0,4.0,1.0,3.0,NRG,,13,FUR,,10,1,VCT Americas
4141,0,Breeze,Ethan,NRG,Kayo,1.23,205.0,17,13,14,4,83.0,139.0,32.0,0.0,2.0,-2.0,NRG,,13,FUR,,10,1,VCT Americas
4142,0,Breeze,crashies,NRG,Sova,1.12,200.0,16,13,7,3,78.0,136.0,35.0,2.0,0.0,2.0,NRG,,13,FUR,,10,1,VCT Americas
4143,0,Breeze,Demon1,NRG,Jett,1.04,238.0,19,17,4,2,70.0,155.0,26.0,8.0,3.0,5.0,NRG,,13,FUR,,10,1,VCT Americas
4144,0,Breeze,Marved,NRG,Viper,0.91,187.0,16,17,6,-1,78.0,141.0,33.0,1.0,2.0,-1.0,NRG,,13,FUR,,10,1,VCT Americas
4145,0,Breeze,mwzera,FUR,Jett,1.59,289.0,23,15,7,8,78.0,190.0,29.0,4.0,4.0,0.0,NRG,,13,FUR,,10,0,VCT Americas
4146,0,Breeze,liazzi,FUR,Viper,1.17,242.0,19,17,7,2,65.0,141.0,33.0,2.0,2.0,0.0,NRG,,13,FUR,,10,0,VCT Americas
4147,0,Breeze,Khalil,FUR,Cypher,0.86,193.0,15,17,5,-2,57.0,136.0,39.0,1.0,2.0,-1.0,NRG,,13,FUR,,10,0,VCT Americas
4148,0,Breeze,kon4n,FUR,Sova,0.83,174.0,14,17,6,-3,78.0,106.0,17.0,1.0,1.0,0.0,NRG,,13,FUR,,10,0,VCT Americas
4149,0,Breeze,havoc,FUR,Kayo,0.04,44.0,2,20,5,-18,39.0,36.0,13.0,0.0,6.0,-6.0,NRG,,13,FUR,,10,0,VCT Americas
4150,2,Ascent,Ethan,NRG,Kayo,1.42,284.0,20,11,9,9,86.0,192.0,18.0,3.0,3.0,0.0,NRG,,13,FUR,,8,1,VCT Americas
4151,2,Ascent,Demon1,NRG,Jett,1.29,189.0,14,9,2,5,71.0,136.0,26.0,4.0,2.0,2.0,NRG,,13,FUR,,8,1,VCT Americas
4152,2,Ascent,Victor,NRG,Killjoy,1.0,227.0,17,14,2,3,81.0,146.0,22.0,4.0,2.0,2.0,NRG,,13,FUR,,8,1,VCT Americas
4153,2,Ascent,crashies,NRG,Sova,0.96,165.0,13,11,8,2,81.0,102.0,21.0,1.0,1.0,0.0,NRG,,13,FUR,,8,1,VCT Americas
4154,2,Ascent,Marved,NRG,Omen,0.72,118.0,8,14,14,-6,81.0,74.0,14.0,0.0,1.0,-1.0,NRG,,13,FUR,,8,1,VCT Americas
4155,2,Ascent,Khalil,FUR,Killjoy,1.07,166.0,14,14,0,0,76.0,119.0,25.0,0.0,1.0,-1.0,NRG,,13,FUR,,8,0,VCT Americas
4156,2,Ascent,kon4n,FUR,Sova,1.07,186.0,12,13,5,-1,76.0,119.0,12.0,1.0,0.0,1.0,NRG,,13,FUR,,8,0,VCT Americas
4157,2,Ascent,mwzera,FUR,Jett,0.97,171.0,13,14,3,-1,76.0,101.0,18.0,5.0,4.0,1.0,NRG,,13,FUR,,8,0,VCT Americas
4158,2,Ascent,liazzi,FUR,Omen,0.73,130.0,8,14,12,-6,81.0,81.0,43.0,1.0,2.0,-1.0,NRG,,13,FUR,,8,0,VCT Americas
4159,2,Ascent,havoc,FUR,Kayo,0.64,185.0,12,17,9,-5,57.0,121.0,27.0,2.0,5.0,-3.0,NRG,,13,FUR,,8,0,VCT Americas
4160,0,Bind,wippie,C9,Viper,1.56,253.0,23,11,4,12,88.0,151.0,25.0,2.0,1.0,1.0,C9,,13,MIBR,,11,1,VCT Americas
4161,0,Bind,jakee,C9,Brimstone,1.34,236.0,20,14,11,6,71.0,150.0,27.0,1.0,1.0,0.0,C9,,13,MIBR,,11,1,VCT Americas
4162,0,Bind,OXY,C9,Yoru,1.17,261.0,21,18,5,3,63.0,173.0,40.0,6.0,2.0,4.0,C9,,13,MIBR,,11,1,VCT Americas
4163,0,Bind,Xeppaa,C9,Raze,0.99,223.0,20,17,4,3,79.0,134.0,25.0,6.0,3.0,3.0,C9,,13,MIBR,,11,1,VCT Americas
4164,0,Bind,vanity,C9,Skye,0.9,125.0,9,13,15,-4,83.0,84.0,23.0,0.0,2.0,-2.0,C9,,13,MIBR,,11,1,VCT Americas
4165,0,Bind,RgLMeister,MIBR,Brimstone,1.18,200.0,17,14,13,3,83.0,135.0,23.0,2.0,1.0,1.0,C9,,13,MIBR,,11,0,VCT Americas
4166,0,Bind,frz,MIBR,Viper,0.83,176.0,16,18,1,-2,58.0,106.0,29.0,1.0,0.0,1.0,C9,,13,MIBR,,11,0,VCT Americas
4167,0,Bind,artzin,MIBR,Jett,0.78,192.0,16,19,4,-3,67.0,131.0,23.0,3.0,2.0,1.0,C9,,13,MIBR,,11,0,VCT Americas
4168,0,Bind,mazin,MIBR,Skye,0.74,158.0,13,20,13,-7,75.0,104.0,36.0,0.0,1.0,-1.0,C9,,13,MIBR,,11,0,VCT Americas
4169,0,Bind,jzz,MIBR,Raze,0.44,162.0,11,22,6,-11,58.0,123.0,29.0,3.0,11.0,-8.0,C9,,13,MIBR,,11,0,VCT Americas
4170,2,Split,Xeppaa,C9,Skye,1.05,199.0,14,15,6,-1,76.0,128.0,39.0,0.0,3.0,-3.0,C9,,8,MIBR,,13,0,VCT Americas
4171,2,Split,OXY,C9,Raze,1.05,265.0,20,18,2,2,62.0,166.0,35.0,5.0,6.0,-1.0,C9,,8,MIBR,,13,0,VCT Americas
4172,2,Split,vanity,C9,Viper,1.0,200.0,15,16,2,-1,57.0,119.0,21.0,0.0,5.0,-5.0,C9,,8,MIBR,,13,0,VCT Americas
4173,2,Split,wippie,C9,Killjoy,0.86,163.0,10,13,6,-3,71.0,109.0,16.0,1.0,1.0,0.0,C9,,8,MIBR,,13,0,VCT Americas
4174,2,Split,jakee,C9,Astra,0.76,147.0,9,15,8,-6,76.0,103.0,16.0,0.0,0.0,0.0,C9,,8,MIBR,,13,0,VCT Americas
4175,2,Split,jzz,MIBR,Raze,1.28,264.0,21,14,5,7,90.0,185.0,31.0,4.0,1.0,3.0,C9,,8,MIBR,,13,1,VCT Americas
4176,2,Split,RgLMeister,MIBR,Astra,1.14,185.0,15,12,7,3,76.0,114.0,23.0,0.0,0.0,0.0,C9,,8,MIBR,,13,1,VCT Americas
4177,2,Split,mazin,MIBR,Skye,1.04,173.0,14,13,3,1,67.0,118.0,40.0,1.0,0.0,1.0,C9,,8,MIBR,,13,1,VCT Americas
4178,2,Split,artzin,MIBR,Jett,0.83,196.0,14,16,3,-2,81.0,121.0,14.0,8.0,2.0,6.0,C9,,8,MIBR,,13,1,VCT Americas
4179,2,Split,frz,MIBR,Viper,0.8,157.0,13,13,2,0,62.0,106.0,35.0,2.0,3.0,-1.0,C9,,8,MIBR,,13,1,VCT Americas
4180,3,Lotus,vanity,C9,Gekko,1.33,197.0,18,12,6,6,78.0,133.0,28.0,1.0,3.0,-2.0,C9,,13,MIBR,,10,1,VCT Americas
4181,3,Lotus,Xeppaa,C9,Fade,1.08,215.0,18,18,10,0,96.0,131.0,21.0,2.0,2.0,0.0,C9,,13,MIBR,,10,1,VCT Americas
4182,3,Lotus,OXY,C9,Raze,1.07,301.0,24,20,2,4,74.0,197.0,35.0,6.0,5.0,1.0,C9,,13,MIBR,,10,1,VCT Americas
4183,3,Lotus,wippie,C9,Killjoy,1.01,156.0,11,13,7,-2,87.0,123.0,16.0,2.0,1.0,1.0,C9,,13,MIBR,,10,1,VCT Americas
4184,3,Lotus,jakee,C9,Omen,0.77,122.0,8,15,14,-7,83.0,80.0,14.0,0.0,1.0,-1.0,C9,,13,MIBR,,10,1,VCT Americas
4185,3,Lotus,jzz,MIBR,Skye,1.14,222.0,18,17,6,1,83.0,138.0,27.0,4.0,0.0,4.0,C9,,13,MIBR,,10,0,VCT Americas
4186,3,Lotus,RgLMeister,MIBR,Omen,1.05,181.0,14,13,10,1,91.0,119.0,41.0,0.0,3.0,-3.0,C9,,13,MIBR,,10,0,VCT Americas
4187,3,Lotus,artzin,MIBR,Raze,1.01,220.0,17,16,2,1,78.0,147.0,19.0,1.0,3.0,-2.0,C9,,13,MIBR,,10,0,VCT Americas
4188,3,Lotus,mazin,MIBR,Viper,1.0,202.0,16,16,11,0,70.0,132.0,16.0,4.0,2.0,2.0,C9,,13,MIBR,,10,0,VCT Americas
4189,3,Lotus,frz,MIBR,Killjoy,0.8,161.0,13,17,9,-4,70.0,115.0,11.0,3.0,3.0,0.0,C9,,13,MIBR,,10,0,VCT Americas
4190,0,Split,mwzera,FUR,Jett,1.42,305.0,24,17,2,7,77.0,197.0,31.0,5.0,3.0,2.0,FUR,,9,MIBR,,13,0,VCT Americas
4191,0,Split,havoc,FUR,Raze,0.95,221.0,16,15,5,1,68.0,127.0,18.0,5.0,4.0,1.0,FUR,,9,MIBR,,13,0,VCT Americas
4192,0,Split,Khalil,FUR,Viper,0.9,163.0,11,15,7,-4,64.0,102.0,14.0,0.0,1.0,-1.0,FUR,,9,MIBR,,13,0,VCT Americas
4193,0,Split,kon4n,FUR,Skye,0.81,146.0,11,16,10,-5,73.0,110.0,21.0,1.0,0.0,1.0,FUR,,9,MIBR,,13,0,VCT Americas
4194,0,Split,liazzi,FUR,Astra,0.63,91.0,6,13,5,-7,68.0,63.0,32.0,1.0,2.0,-1.0,FUR,,9,MIBR,,13,0,VCT Americas
4195,0,Split,frz,MIBR,Viper,1.49,277.0,22,11,7,11,64.0,185.0,20.0,1.0,5.0,-4.0,FUR,,9,MIBR,,13,1,VCT Americas
4196,0,Split,jzz,MIBR,Raze,0.98,237.0,18,17,3,1,64.0,153.0,22.0,4.0,3.0,1.0,FUR,,9,MIBR,,13,1,VCT Americas
4197,0,Split,artzin,MIBR,Jett,0.95,193.0,15,16,3,-1,91.0,126.0,38.0,4.0,3.0,1.0,FUR,,9,MIBR,,13,1,VCT Americas
4198,0,Split,mazin,MIBR,Skye,0.92,126.0,10,11,8,-1,73.0,89.0,31.0,1.0,0.0,1.0,FUR,,9,MIBR,,13,1,VCT Americas
4199,0,Split,RgLMeister,MIBR,Astra,0.89,143.0,11,13,9,-2,77.0,103.0,36.0,0.0,1.0,-1.0,FUR,,9,MIBR,,13,1,VCT Americas
4200,2,Breeze,havoc,FUR,Kayo,1.11,235.0,20,17,7,3,58.0,161.0,43.0,5.0,5.0,0.0,FUR,,11,MIBR,,13,0,VCT Americas
4201,2,Breeze,liazzi,FUR,Viper,1.01,205.0,17,16,6,1,67.0,135.0,36.0,1.0,0.0,1.0,FUR,,11,MIBR,,13,0,VCT Americas
4202,2,Breeze,kon4n,FUR,Sova,0.99,174.0,14,15,8,-1,75.0,120.0,26.0,3.0,1.0,2.0,FUR,,11,MIBR,,13,0,VCT Americas
4203,2,Breeze,mwzera,FUR,Jett,0.95,183.0,14,15,5,-1,54.0,135.0,20.0,2.0,4.0,-2.0,FUR,,11,MIBR,,13,0,VCT Americas
4204,2,Breeze,Khalil,FUR,Cypher,0.89,160.0,14,18,4,-4,63.0,120.0,32.0,2.0,1.0,1.0,FUR,,11,MIBR,,13,0,VCT Americas
4205,2,Breeze,artzin,MIBR,Jett,1.23,278.0,22,17,5,5,67.0,170.0,20.0,7.0,4.0,3.0,FUR,,11,MIBR,,13,1,VCT Americas
4206,2,Breeze,RgLMeister,MIBR,Viper,1.22,194.0,17,13,3,4,71.0,136.0,33.0,1.0,2.0,-1.0,FUR,,11,MIBR,,13,1,VCT Americas
4207,2,Breeze,jzz,MIBR,Sova,1.04,189.0,18,15,2,3,67.0,133.0,36.0,2.0,2.0,0.0,FUR,,11,MIBR,,13,1,VCT Americas
4208,2,Breeze,frz,MIBR,Cypher,0.91,186.0,15,17,4,-2,63.0,126.0,37.0,1.0,3.0,-2.0,FUR,,11,MIBR,,13,1,VCT Americas
4209,2,Breeze,mazin,MIBR,Kayo,0.66,124.0,9,17,14,-8,63.0,85.0,37.0,0.0,2.0,-2.0,FUR,,11,MIBR,,13,1,VCT Americas
4210,0,Sunset,Demon1,NRG,Jett,1.72,316.0,24,11,2,13,85.0,216.0,33.0,4.0,2.0,2.0,NRG,,13,C9,,7,1,VCT Americas
4211,0,Sunset,Victor,NRG,Cypher,1.29,217.0,17,10,5,7,70.0,152.0,19.0,1.0,3.0,-2.0,NRG,,13,C9,,7,1,VCT Americas
4212,0,Sunset,Marved,NRG,Omen,1.12,229.0,16,15,10,1,80.0,143.0,27.0,3.0,1.0,2.0,NRG,,13,C9,,7,1,VCT Americas
4213,0,Sunset,Ethan,NRG,Skye,1.08,213.0,15,14,8,1,85.0,143.0,21.0,3.0,1.0,2.0,NRG,,13,C9,,7,1,VCT Americas
4214,0,Sunset,crashies,NRG,Viper,0.98,136.0,9,10,6,-1,70.0,96.0,27.0,1.0,1.0,0.0,NRG,,13,C9,,7,1,VCT Americas
4215,0,Sunset,wippie,C9,Viper,1.06,177.0,13,13,4,0,50.0,113.0,22.0,1.0,3.0,-2.0,NRG,,13,C9,,7,0,VCT Americas
4216,0,Sunset,Xeppaa,C9,Raze,0.89,233.0,14,17,5,-3,65.0,150.0,21.0,1.0,1.0,0.0,NRG,,13,C9,,7,0,VCT Americas
4217,0,Sunset,vanity,C9,Skye,0.66,174.0,11,17,6,-6,75.0,115.0,32.0,1.0,1.0,0.0,NRG,,13,C9,,7,0,VCT Americas
4218,0,Sunset,jakee,C9,Omen,0.66,157.0,11,17,3,-6,60.0,110.0,34.0,2.0,2.0,0.0,NRG,,13,C9,,7,0,VCT Americas
4219,0,Sunset,OXY,C9,Yoru,0.62,166.0,11,17,5,-6,60.0,95.0,63.0,3.0,5.0,-2.0,NRG,,13,C9,,7,0,VCT Americas
4220,2,Ascent,Victor,NRG,Killjoy,1.31,248.0,22,18,9,4,77.0,177.0,24.0,3.0,3.0,0.0,NRG,,14,C9,,12,1,VCT Americas
4221,2,Ascent,crashies,NRG,Sova,1.17,187.0,17,13,7,4,77.0,121.0,18.0,2.0,1.0,1.0,NRG,,14,C9,,12,1,VCT Americas
4222,2,Ascent,Demon1,NRG,Jett,0.98,183.0,19,20,2,-1,69.0,129.0,41.0,5.0,4.0,1.0,NRG,,14,C9,,12,1,VCT Americas
4223,2,Ascent,Marved,NRG,Omen,0.97,208.0,20,20,13,0,77.0,129.0,26.0,1.0,3.0,-2.0,NRG,,14,C9,,12,1,VCT Americas
4224,2,Ascent,Ethan,NRG,Kayo,0.7,184.0,14,22,15,-8,77.0,113.0,7.0,2.0,2.0,0.0,NRG,,14,C9,,12,1,VCT Americas
4225,2,Ascent,vanity,C9,Sova,1.39,259.0,23,16,10,7,96.0,183.0,21.0,2.0,0.0,2.0,NRG,,14,C9,,12,0,VCT Americas
4226,2,Ascent,OXY,C9,Jett,1.0,255.0,23,23,3,0,73.0,162.0,23.0,9.0,6.0,3.0,NRG,,14,C9,,12,0,VCT Americas
4227,2,Ascent,Xeppaa,C9,Kayo,0.98,192.0,17,18,19,-1,88.0,124.0,20.0,1.0,4.0,-3.0,NRG,,14,C9,,12,0,VCT Americas
4228,2,Ascent,wippie,C9,Killjoy,0.85,164.0,16,17,3,-1,73.0,109.0,30.0,0.0,0.0,0.0,NRG,,14,C9,,12,0,VCT Americas
4229,2,Ascent,jakee,C9,Omen,0.76,145.0,14,18,11,-4,65.0,100.0,26.0,1.0,3.0,-2.0,NRG,,14,C9,,12,0,VCT Americas
4230,0,Bind,vanity,C9,Skye,1.28,239.0,23,16,10,7,77.0,150.0,25.0,3.0,0.0,3.0,C9,,12,MIBR,,14,0,VCT Americas
4231,0,Bind,OXY,C9,Yoru,1.18,219.0,21,16,6,5,81.0,147.0,26.0,5.0,3.0,2.0,C9,,12,MIBR,,14,0,VCT Americas
4232,0,Bind,jakee,C9,Brimstone,0.98,162.0,16,17,9,-1,85.0,107.0,48.0,2.0,0.0,2.0,C9,,12,MIBR,,14,0,VCT Americas
4233,0,Bind,wippie,C9,Viper,0.93,177.0,15,16,7,-1,81.0,106.0,23.0,4.0,2.0,2.0,C9,,12,MIBR,,14,0,VCT Americas
4234,0,Bind,Xeppaa,C9,Raze,0.88,168.0,14,16,7,-2,77.0,118.0,12.0,1.0,6.0,-5.0,C9,,12,MIBR,,14,0,VCT Americas
4235,0,Bind,RgLMeister,MIBR,Brimstone,1.2,216.0,18,17,8,1,65.0,157.0,33.0,1.0,0.0,1.0,C9,,12,MIBR,,14,1,VCT Americas
4236,0,Bind,frz,MIBR,Viper,1.03,188.0,19,17,0,2,69.0,112.0,33.0,4.0,2.0,2.0,C9,,12,MIBR,,14,1,VCT Americas
4237,0,Bind,mazin,MIBR,Kayo,0.99,221.0,19,20,8,-1,65.0,136.0,37.0,5.0,3.0,2.0,C9,,12,MIBR,,14,1,VCT Americas
4238,0,Bind,jzz,MIBR,Skye,0.84,153.0,14,17,7,-3,85.0,100.0,37.0,1.0,1.0,0.0,C9,,12,MIBR,,14,1,VCT Americas
4239,0,Bind,artzin,MIBR,Raze,0.58,115.0,11,18,4,-7,50.0,77.0,11.0,0.0,9.0,-9.0,C9,,12,MIBR,,14,1,VCT Americas
4240,2,Ascent,jakee,C9,Omen,1.44,226.0,20,15,7,5,77.0,147.0,38.0,1.0,2.0,-1.0,C9,,9,MIBR,,13,0,VCT Americas
4241,2,Ascent,Xeppaa,C9,Kayo,1.36,248.0,19,17,20,2,77.0,160.0,27.0,2.0,0.0,2.0,C9,,9,MIBR,,13,0,VCT Americas
4242,2,Ascent,vanity,C9,Sova,0.77,196.0,13,19,6,-6,59.0,131.0,15.0,3.0,2.0,1.0,C9,,9,MIBR,,13,0,VCT Americas
4243,2,Ascent,wippie,C9,Killjoy,0.63,163.0,10,17,5,-7,59.0,127.0,17.0,1.0,3.0,-2.0,C9,,9,MIBR,,13,0,VCT Americas
4244,2,Ascent,OXY,C9,Jett,0.34,128.0,8,22,3,-14,50.0,84.0,32.0,4.0,4.0,0.0,C9,,9,MIBR,,13,0,VCT Americas
4245,2,Ascent,jzz,MIBR,Skye,1.4,290.0,24,15,8,9,91.0,174.0,27.0,7.0,2.0,5.0,C9,,9,MIBR,,13,1,VCT Americas
4246,2,Ascent,frz,MIBR,Cypher,1.35,224.0,17,11,6,6,82.0,160.0,38.0,2.0,2.0,0.0,C9,,9,MIBR,,13,1,VCT Americas
4247,2,Ascent,RgLMeister,MIBR,Omen,1.31,249.0,21,14,14,7,91.0,166.0,30.0,0.0,1.0,-1.0,C9,,9,MIBR,,13,1,VCT Americas
4248,2,Ascent,artzin,MIBR,Jett,0.99,216.0,17,16,6,1,73.0,137.0,23.0,2.0,2.0,0.0,C9,,9,MIBR,,13,1,VCT Americas
4249,2,Ascent,mazin,MIBR,Viper,0.8,155.0,11,14,10,-3,73.0,126.0,34.0,0.0,4.0,-4.0,C9,,9,MIBR,,13,1,VCT Americas
4250,0,Split,qck,LOUD,Raze,1.17,261.0,22,16,5,6,71.0,173.0,20.0,5.0,6.0,-1.0,LOUD,,13,SEN,,11,1,VCT Americas
4251,0,Split,cauanzin,LOUD,Breach,1.13,212.0,18,15,5,3,79.0,126.0,33.0,2.0,0.0,2.0,LOUD,,13,SEN,,11,1,VCT Americas
4252,0,Split,tuyz,LOUD,Omen,1.08,177.0,13,14,18,-1,71.0,110.0,35.0,0.0,1.0,-1.0,LOUD,,13,SEN,,11,1,VCT Americas
4253,0,Split,saadhak,LOUD,Skye,1.04,226.0,19,20,10,-1,71.0,139.0,19.0,1.0,4.0,-3.0,LOUD,,13,SEN,,11,1,VCT Americas
4254,0,Split,Less,LOUD,Viper,1.02,157.0,14,13,9,1,63.0,100.0,42.0,2.0,3.0,-1.0,LOUD,,13,SEN,,11,1,VCT Americas
4255,0,Split,zekken,SEN,Raze,1.23,257.0,22,17,4,5,79.0,163.0,16.0,7.0,4.0,3.0,LOUD,,13,SEN,,11,0,VCT Americas
4256,0,Split,TenZ,SEN,Omen,1.17,234.0,19,16,6,3,67.0,151.0,40.0,3.0,0.0,3.0,LOUD,,13,SEN,,11,0,VCT Americas
4257,0,Split,johnqt,SEN,Cypher,0.97,170.0,15,14,3,1,71.0,107.0,17.0,2.0,3.0,-1.0,LOUD,,13,SEN,,11,0,VCT Americas
4258,0,Split,Zellsis,SEN,Viper,0.75,204.0,15,19,10,-4,79.0,125.0,28.0,1.0,1.0,0.0,LOUD,,13,SEN,,11,0,VCT Americas
4259,0,Split,Sacy,SEN,Skye,0.51,105.0,7,20,8,-13,63.0,69.0,23.0,1.0,2.0,-1.0,LOUD,,13,SEN,,11,0,VCT Americas
4260,2,Ascent,cauanzin,LOUD,Breach,1.32,212.0,18,13,10,5,82.0,128.0,33.0,3.0,3.0,0.0,LOUD,,13,SEN,,9,1,VCT Americas
4261,2,Ascent,qck,LOUD,Phoenix,1.13,207.0,17,13,6,4,73.0,129.0,23.0,4.0,1.0,3.0,LOUD,,13,SEN,,9,1,VCT Americas
4262,2,Ascent,Less,LOUD,Viper,1.09,208.0,15,16,11,-1,82.0,151.0,28.0,3.0,1.0,2.0,LOUD,,13,SEN,,9,1,VCT Americas
4263,2,Ascent,saadhak,LOUD,Kayo,0.94,170.0,11,14,12,-3,77.0,111.0,22.0,2.0,3.0,-1.0,LOUD,,13,SEN,,9,1,VCT Americas
4264,2,Ascent,tuyz,LOUD,Omen,0.66,89.0,7,14,11,-7,77.0,57.0,25.0,0.0,2.0,-2.0,LOUD,,13,SEN,,9,1,VCT Americas
4265,2,Ascent,Sacy,SEN,Sova,1.55,331.0,24,14,9,10,82.0,224.0,26.0,3.0,2.0,1.0,LOUD,,13,SEN,,9,0,VCT Americas
4266,2,Ascent,johnqt,SEN,Killjoy,1.08,202.0,14,13,8,1,73.0,144.0,24.0,1.0,0.0,1.0,LOUD,,13,SEN,,9,0,VCT Americas
4267,2,Ascent,zekken,SEN,Jett,0.87,190.0,14,16,4,-2,59.0,118.0,23.0,4.0,4.0,0.0,LOUD,,13,SEN,,9,0,VCT Americas
4268,2,Ascent,TenZ,SEN,Omen,0.8,109.0,7,12,15,-5,73.0,78.0,27.0,1.0,2.0,-1.0,LOUD,,13,SEN,,9,0,VCT Americas
4269,2,Ascent,Zellsis,SEN,Kayo,0.75,139.0,11,13,12,-2,82.0,86.0,21.0,1.0,4.0,-3.0,LOUD,,13,SEN,,9,0,VCT Americas
4270,0,Bind,aspas,LEV,Raze,1.84,374.0,31,15,3,16,86.0,235.0,23.0,10.0,1.0,9.0,LEV,,13,100T,,9,1,VCT Americas
4271,0,Bind,C0M,LEV,Skye,1.25,202.0,17,12,11,5,77.0,111.0,13.0,4.0,0.0,4.0,LEV,,13,100T,,9,1,VCT Americas
4272,0,Bind,Mazino,LEV,Harbor,1.24,233.0,17,12,13,5,73.0,151.0,15.0,2.0,1.0,1.0,LEV,,13,100T,,9,1,VCT Americas
4273,0,Bind,tex,LEV,Gekko,0.92,124.0,9,10,8,-1,77.0,99.0,37.0,0.0,3.0,-3.0,LEV,,13,100T,,9,1,VCT Americas
4274,0,Bind,kiNgg,LEV,Viper,0.74,145.0,10,15,10,-5,68.0,89.0,25.0,0.0,1.0,-1.0,LEV,,13,100T,,9,1,VCT Americas
4275,0,Bind,Boostio,100T,Gekko,1.22,274.0,22,18,3,4,77.0,180.0,35.0,4.0,2.0,2.0,LEV,,13,100T,,9,0,VCT Americas
4276,0,Bind,Cryocells,100T,Brimstone,0.9,204.0,15,16,5,-1,77.0,126.0,26.0,1.0,6.0,-5.0,LEV,,13,100T,,9,0,VCT Americas
4277,0,Bind,eeiu,100T,Fade,0.74,151.0,11,16,7,-5,68.0,108.0,28.0,0.0,1.0,-1.0,LEV,,13,100T,,9,0,VCT Americas
4278,0,Bind,Asuna,100T,Raze,0.62,147.0,10,19,7,-9,73.0,94.0,19.0,1.0,4.0,-3.0,LEV,,13,100T,,9,0,VCT Americas
4279,0,Bind,bang,100T,Viper,0.56,95.0,6,15,4,-9,55.0,70.0,29.0,0.0,3.0,-3.0,LEV,,13,100T,,9,0,VCT Americas
4280,2,Split,aspas,LEV,Raze,0.83,203.0,10,15,4,-5,69.0,150.0,28.0,2.0,7.0,-5.0,LEV,,3,100T,,13,0,VCT Americas
4281,2,Split,kiNgg,LEV,Breach,0.79,185.0,11,15,4,-4,63.0,119.0,29.0,0.0,1.0,-1.0,LEV,,3,100T,,13,0,VCT Americas
4282,2,Split,Mazino,LEV,Omen,0.62,139.0,7,14,5,-7,63.0,98.0,25.0,0.0,3.0,-3.0,LEV,,3,100T,,13,0,VCT Americas
4283,2,Split,tex,LEV,Cypher,0.5,120.0,6,16,5,-10,69.0,82.0,28.0,0.0,1.0,-1.0,LEV,,3,100T,,13,0,VCT Americas
4284,2,Split,C0M,LEV,Sova,0.49,146.0,6,15,5,-9,50.0,105.0,25.0,1.0,1.0,0.0,LEV,,3,100T,,13,0,VCT Americas
4285,2,Split,eeiu,100T,Fade,1.64,259.0,17,6,5,11,94.0,158.0,15.0,1.0,0.0,1.0,LEV,,3,100T,,13,1,VCT Americas
4286,2,Split,Cryocells,100T,Astra,1.51,232.0,15,7,1,8,88.0,180.0,36.0,3.0,1.0,2.0,LEV,,3,100T,,13,1,VCT Americas
4287,2,Split,Asuna,100T,Raze,1.36,286.0,18,10,4,8,100.0,180.0,24.0,3.0,1.0,2.0,LEV,,3,100T,,13,1,VCT Americas
4288,2,Split,Boostio,100T,Gekko,1.2,194.0,10,8,7,2,94.0,150.0,19.0,2.0,0.0,2.0,LEV,,3,100T,,13,1,VCT Americas
4289,2,Split,bang,100T,Viper,1.13,239.0,15,10,4,5,88.0,150.0,38.0,4.0,1.0,3.0,LEV,,3,100T,,13,1,VCT Americas
4290,3,Icebox,C0M,LEV,Sova,1.62,278.0,24,13,7,11,83.0,174.0,29.0,4.0,1.0,3.0,LEV,,13,100T,,11,1,VCT Americas
4291,3,Icebox,aspas,LEV,Reyna,1.52,302.0,25,14,9,11,75.0,195.0,32.0,4.0,1.0,3.0,LEV,,13,100T,,11,1,VCT Americas
4292,3,Icebox,tex,LEV,Killjoy,0.85,163.0,15,16,2,-1,63.0,114.0,38.0,3.0,3.0,0.0,LEV,,13,100T,,11,1,VCT Americas
4293,3,Icebox,Mazino,LEV,Harbor,0.81,200.0,16,20,12,-4,63.0,121.0,24.0,1.0,3.0,-2.0,LEV,,13,100T,,11,1,VCT Americas
4294,3,Icebox,kiNgg,LEV,Viper,0.79,164.0,14,18,12,-4,75.0,111.0,31.0,1.0,3.0,-2.0,LEV,,13,100T,,11,1,VCT Americas
4295,3,Icebox,Cryocells,100T,Jett,1.11,250.0,21,19,2,2,58.0,161.0,17.0,5.0,3.0,2.0,LEV,,13,100T,,11,0,VCT Americas
4296,3,Icebox,Boostio,100T,Killjoy,1.0,246.0,20,19,7,1,54.0,164.0,23.0,3.0,9.0,-6.0,LEV,,13,100T,,11,0,VCT Americas
4297,3,Icebox,bang,100T,Viper,0.95,217.0,19,18,4,1,75.0,132.0,33.0,1.0,0.0,1.0,LEV,,13,100T,,11,0,VCT Americas
4298,3,Icebox,eeiu,100T,Sova,0.65,151.0,12,20,4,-8,63.0,98.0,21.0,1.0,1.0,0.0,LEV,,13,100T,,11,0,VCT Americas
4299,3,Icebox,Asuna,100T,Gekko,0.61,114.0,9,18,2,-9,58.0,66.0,14.0,1.0,0.0,1.0,LEV,,13,100T,,11,0,VCT Americas
4300,0,Bind,saadhak,LOUD,Kayo,1.1,247.0,19,18,10,1,88.0,159.0,12.0,1.0,4.0,-3.0,LOUD,,11,LEV,,13,0,VCT Americas
4301,0,Bind,Less,LOUD,Viper,1.06,169.0,14,14,4,0,71.0,118.0,21.0,1.0,3.0,-2.0,LOUD,,11,LEV,,13,0,VCT Americas
4302,0,Bind,tuyz,LOUD,Brimstone,1.06,173.0,14,15,13,-1,75.0,125.0,41.0,2.0,0.0,2.0,LOUD,,11,LEV,,13,0,VCT Americas
4303,0,Bind,cauanzin,LOUD,Breach,0.99,186.0,16,17,8,-1,71.0,127.0,39.0,2.0,2.0,0.0,LOUD,,11,LEV,,13,0,VCT Americas
4304,0,Bind,qck,LOUD,Phoenix,0.76,188.0,16,21,4,-5,67.0,118.0,19.0,4.0,5.0,-1.0,LOUD,,11,LEV,,13,0,VCT Americas
4305,0,Bind,kiNgg,LEV,Viper,1.43,248.0,21,13,10,8,83.0,183.0,39.0,1.0,1.0,0.0,LOUD,,11,LEV,,13,1,VCT Americas
4306,0,Bind,Mazino,LEV,Harbor,1.3,197.0,18,12,8,6,79.0,141.0,38.0,2.0,2.0,0.0,LOUD,,11,LEV,,13,1,VCT Americas
4307,0,Bind,tex,LEV,Gekko,1.14,242.0,19,18,12,1,79.0,157.0,23.0,7.0,2.0,5.0,LOUD,,11,LEV,,13,1,VCT Americas
4308,0,Bind,C0M,LEV,Skye,0.82,163.0,13,17,10,-4,63.0,106.0,23.0,1.0,2.0,-1.0,LOUD,,11,LEV,,13,1,VCT Americas
4309,0,Bind,aspas,LEV,Raze,0.69,181.0,14,19,3,-5,71.0,129.0,17.0,3.0,3.0,0.0,LOUD,,11,LEV,,13,1,VCT Americas
4310,2,Split,Less,LOUD,Viper,1.88,284.0,23,10,8,13,83.0,181.0,39.0,2.0,1.0,1.0,LOUD,,13,LEV,,10,1,VCT Americas
4311,2,Split,tuyz,LOUD,Omen,1.14,213.0,18,13,7,5,83.0,136.0,41.0,3.0,1.0,2.0,LOUD,,13,LEV,,10,1,VCT Americas
4312,2,Split,cauanzin,LOUD,Breach,1.08,208.0,16,14,12,2,78.0,121.0,31.0,4.0,0.0,4.0,LOUD,,13,LEV,,10,1,VCT Americas
4313,2,Split,qck,LOUD,Raze,0.82,190.0,16,16,2,0,65.0,121.0,24.0,4.0,1.0,3.0,LOUD,,13,LEV,,10,1,VCT Americas
4314,2,Split,saadhak,LOUD,Skye,0.75,159.0,12,16,4,-4,65.0,103.0,20.0,3.0,3.0,0.0,LOUD,,13,LEV,,10,1,VCT Americas
4315,2,Split,kiNgg,LEV,Viper,1.16,255.0,22,16,3,6,78.0,161.0,25.0,2.0,2.0,0.0,LOUD,,13,LEV,,10,0,VCT Americas
4316,2,Split,aspas,LEV,Jett,0.85,148.0,12,15,4,-3,57.0,113.0,31.0,1.0,3.0,-2.0,LOUD,,13,LEV,,10,0,VCT Americas
4317,2,Split,C0M,LEV,Skye,0.79,185.0,14,17,9,-3,70.0,105.0,10.0,1.0,4.0,-3.0,LOUD,,13,LEV,,10,0,VCT Americas
4318,2,Split,tex,LEV,Raze,0.61,163.0,13,19,5,-6,70.0,109.0,31.0,2.0,5.0,-3.0,LOUD,,13,LEV,,10,0,VCT Americas
4319,2,Split,Mazino,LEV,Astra,0.41,118.0,8,18,5,-10,70.0,77.0,28.0,1.0,3.0,-2.0,LOUD,,13,LEV,,10,0,VCT Americas
4320,3,Ascent,Less,LOUD,Viper,1.79,310.0,24,9,4,15,100.0,204.0,28.0,5.0,0.0,5.0,LOUD,,13,LEV,,7,1,VCT Americas
4321,3,Ascent,tuyz,LOUD,Omen,1.29,197.0,13,10,12,3,75.0,145.0,29.0,1.0,0.0,1.0,LOUD,,13,LEV,,7,1,VCT Americas
4322,3,Ascent,qck,LOUD,Phoenix,1.09,234.0,17,13,4,4,65.0,159.0,41.0,3.0,2.0,1.0,LOUD,,13,LEV,,7,1,VCT Americas
4323,3,Ascent,cauanzin,LOUD,Breach,0.77,152.0,11,14,4,-3,80.0,102.0,30.0,4.0,0.0,4.0,LOUD,,13,LEV,,7,1,VCT Americas
4324,3,Ascent,saadhak,LOUD,Kayo,0.75,170.0,11,14,13,-3,75.0,105.0,11.0,3.0,2.0,1.0,LOUD,,13,LEV,,7,1,VCT Americas
4325,3,Ascent,C0M,LEV,Sova,1.23,253.0,14,14,8,0,85.0,178.0,22.0,2.0,1.0,1.0,LOUD,,13,LEV,,7,0,VCT Americas
4326,3,Ascent,aspas,LEV,Jett,1.19,214.0,16,12,1,4,70.0,130.0,50.0,0.0,2.0,-2.0,LOUD,,13,LEV,,7,0,VCT Americas
4327,3,Ascent,kiNgg,LEV,Kayo,0.76,191.0,13,16,3,-3,55.0,131.0,38.0,0.0,2.0,-2.0,LOUD,,13,LEV,,7,0,VCT Americas
4328,3,Ascent,Mazino,LEV,Omen,0.6,127.0,9,15,5,-6,65.0,97.0,32.0,0.0,5.0,-5.0,LOUD,,13,LEV,,7,0,VCT Americas
4329,3,Ascent,tex,LEV,Killjoy,0.47,134.0,8,19,3,-11,55.0,96.0,19.0,2.0,6.0,-4.0,LOUD,,13,LEV,,7,0,VCT Americas
4330,0,Lotus,zekken,SEN,Raze,1.58,308.0,21,12,6,9,78.0,204.0,19.0,5.0,2.0,3.0,SEN,,13,100T,,5,1,VCT Americas
4331,0,Lotus,TenZ,SEN,Omen,1.39,207.0,14,8,11,6,83.0,133.0,38.0,2.0,1.0,1.0,SEN,,13,100T,,5,1,VCT Americas
4332,0,Lotus,johnqt,SEN,Viper,1.33,211.0,15,9,5,6,78.0,125.0,29.0,1.0,2.0,-1.0,SEN,,13,100T,,5,1,VCT Americas
4333,0,Lotus,Zellsis,SEN,Killjoy,1.28,208.0,13,10,4,3,83.0,152.0,17.0,2.0,1.0,1.0,SEN,,13,100T,,5,1,VCT Americas
4334,0,Lotus,Sacy,SEN,Fade,1.25,190.0,11,9,14,2,89.0,141.0,14.0,0.0,2.0,-2.0,SEN,,13,100T,,5,1,VCT Americas
4335,0,Lotus,Cryocells,100T,Chamber,1.02,221.0,16,14,0,2,72.0,138.0,32.0,3.0,2.0,1.0,SEN,,13,100T,,5,0,VCT Americas
4336,0,Lotus,bang,100T,Viper,0.82,190.0,10,14,4,-4,50.0,144.0,30.0,3.0,2.0,1.0,SEN,,13,100T,,5,0,VCT Americas
4337,0,Lotus,Asuna,100T,Raze,0.64,179.0,9,16,6,-7,61.0,128.0,20.0,1.0,3.0,-2.0,SEN,,13,100T,,5,0,VCT Americas
4338,0,Lotus,eeiu,100T,Fade,0.59,97.0,7,13,3,-6,56.0,56.0,17.0,0.0,2.0,-2.0,SEN,,13,100T,,5,0,VCT Americas
4339,0,Lotus,Boostio,100T,Omen,0.34,115.0,6,17,5,-11,56.0,96.0,26.0,1.0,1.0,0.0,SEN,,13,100T,,5,0,VCT Americas
4340,2,Bind,TenZ,SEN,Yoru,1.07,240.0,15,14,5,1,63.0,174.0,30.0,3.0,3.0,0.0,SEN,,6,100T,,13,0,VCT Americas
4341,2,Bind,johnqt,SEN,Viper,0.95,197.0,11,13,7,-2,68.0,134.0,35.0,2.0,1.0,1.0,SEN,,6,100T,,13,0,VCT Americas
4342,2,Bind,Zellsis,SEN,Brimstone,0.9,187.0,12,15,10,-3,79.0,117.0,29.0,0.0,2.0,-2.0,SEN,,6,100T,,13,0,VCT Americas
4343,2,Bind,Sacy,SEN,Skye,0.89,168.0,12,14,9,-2,74.0,101.0,28.0,1.0,3.0,-2.0,SEN,,6,100T,,13,0,VCT Americas
4344,2,Bind,zekken,SEN,Raze,0.79,194.0,12,16,3,-4,53.0,125.0,29.0,1.0,3.0,-2.0,SEN,,6,100T,,13,0,VCT Americas
4345,2,Bind,Boostio,100T,Gekko,1.27,209.0,15,12,4,3,84.0,133.0,36.0,4.0,2.0,2.0,SEN,,6,100T,,13,1,VCT Americas
4346,2,Bind,bang,100T,Viper,1.16,204.0,13,11,9,2,89.0,133.0,21.0,1.0,0.0,1.0,SEN,,6,100T,,13,1,VCT Americas
4347,2,Bind,Asuna,100T,Raze,1.1,261.0,17,14,4,3,74.0,165.0,16.0,7.0,4.0,3.0,SEN,,6,100T,,13,1,VCT Americas
4348,2,Bind,eeiu,100T,Fade,1.07,193.0,14,13,10,1,89.0,137.0,33.0,0.0,0.0,0.0,SEN,,6,100T,,13,1,VCT Americas
4349,2,Bind,Cryocells,100T,Brimstone,1.0,158.0,13,12,8,1,79.0,119.0,29.0,0.0,1.0,-1.0,SEN,,6,100T,,13,1,VCT Americas
4350,3,Split,Sacy,SEN,Skye,1.38,225.0,18,11,10,7,81.0,156.0,30.0,2.0,0.0,2.0,SEN,,13,100T,,8,1,VCT Americas
4351,3,Split,johnqt,SEN,Cypher,1.27,245.0,18,13,6,5,81.0,163.0,32.0,2.0,1.0,1.0,SEN,,13,100T,,8,1,VCT Americas
4352,3,Split,zekken,SEN,Raze,1.26,255.0,18,14,4,4,81.0,176.0,23.0,6.0,3.0,3.0,SEN,,13,100T,,8,1,VCT Americas
4353,3,Split,Zellsis,SEN,Viper,1.09,171.0,14,11,4,3,76.0,130.0,30.0,2.0,2.0,0.0,SEN,,13,100T,,8,1,VCT Americas
4354,3,Split,TenZ,SEN,Omen,1.0,199.0,14,14,10,0,71.0,134.0,23.0,3.0,0.0,3.0,SEN,,13,100T,,8,1,VCT Americas
4355,3,Split,eeiu,100T,Fade,0.96,169.0,13,15,6,-2,62.0,117.0,37.0,1.0,1.0,0.0,SEN,,13,100T,,8,0,VCT Americas
4356,3,Split,bang,100T,Viper,0.93,210.0,15,17,6,-2,71.0,127.0,29.0,2.0,5.0,-3.0,SEN,,13,100T,,8,0,VCT Americas
4357,3,Split,Cryocells,100T,Astra,0.77,173.0,14,15,4,-1,52.0,106.0,19.0,1.0,1.0,0.0,SEN,,13,100T,,8,0,VCT Americas
4358,3,Split,Boostio,100T,Gekko,0.75,173.0,12,17,4,-5,71.0,113.0,34.0,2.0,2.0,0.0,SEN,,13,100T,,8,0,VCT Americas
4359,3,Split,Asuna,100T,Raze,0.68,150.0,9,18,9,-9,67.0,98.0,9.0,0.0,6.0,-6.0,SEN,,13,100T,,8,0,VCT Americas
4360,0,Split,kiNgg,LEV,Viper,1.3,286.0,16,13,1,3,69.0,186.0,40.0,0.0,1.0,-1.0,LEV,,3,SEN,,13,0,VCT Americas
4361,0,Split,aspas,LEV,Jett,1.21,247.0,15,13,1,2,75.0,158.0,46.0,1.0,2.0,-1.0,LEV,,3,SEN,,13,0,VCT Americas
4362,0,Split,C0M,LEV,Skye,0.58,148.0,6,15,17,-9,75.0,93.0,28.0,1.0,2.0,-1.0,LEV,,3,SEN,,13,0,VCT Americas
4363,0,Split,tex,LEV,Raze,0.44,155.0,7,16,5,-9,69.0,107.0,12.0,2.0,5.0,-3.0,LEV,,3,SEN,,13,0,VCT Americas
4364,0,Split,Mazino,LEV,Astra,0.37,104.0,5,14,5,-9,63.0,68.0,13.0,1.0,1.0,0.0,LEV,,3,SEN,,13,0,VCT Americas
4365,0,Split,zekken,SEN,Raze,1.93,339.0,19,8,8,11,94.0,228.0,17.0,2.0,0.0,2.0,LEV,,3,SEN,,13,1,VCT Americas
4366,0,Split,Zellsis,SEN,Viper,1.5,265.0,15,9,10,6,81.0,185.0,12.0,3.0,3.0,0.0,LEV,,3,SEN,,13,1,VCT Americas
4367,0,Split,johnqt,SEN,Cypher,1.36,254.0,15,10,6,5,100.0,158.0,30.0,3.0,0.0,3.0,LEV,,3,SEN,,13,1,VCT Americas
4368,0,Split,TenZ,SEN,Omen,0.9,172.0,11,11,7,0,69.0,99.0,15.0,2.0,1.0,1.0,LEV,,3,SEN,,13,1,VCT Americas
4369,0,Split,Sacy,SEN,Skye,0.81,168.0,10,11,10,-1,75.0,105.0,15.0,1.0,1.0,0.0,LEV,,3,SEN,,13,1,VCT Americas
4370,2,Breeze,kiNgg,LEV,Viper,1.42,224.0,17,8,7,9,79.0,138.0,29.0,1.0,1.0,0.0,LEV,,13,SEN,,6,1,VCT Americas
4371,2,Breeze,aspas,LEV,Jett,1.42,285.0,19,12,5,7,79.0,189.0,24.0,5.0,2.0,3.0,LEV,,13,SEN,,6,1,VCT Americas
4372,2,Breeze,Mazino,LEV,Kayo,1.19,204.0,14,11,8,3,79.0,148.0,36.0,2.0,3.0,-1.0,LEV,,13,SEN,,6,1,VCT Americas
4373,2,Breeze,tex,LEV,Cypher,1.07,242.0,17,14,3,3,79.0,168.0,28.0,2.0,0.0,2.0,LEV,,13,SEN,,6,1,VCT Americas
4374,2,Breeze,C0M,LEV,Sova,0.77,114.0,6,10,10,-4,68.0,85.0,14.0,0.0,3.0,-3.0,LEV,,13,SEN,,6,1,VCT Americas
4375,2,Breeze,zekken,SEN,Jett,0.87,215.0,15,15,2,0,68.0,120.0,38.0,5.0,5.0,0.0,LEV,,13,SEN,,6,0,VCT Americas
4376,2,Breeze,Sacy,SEN,Sova,0.87,190.0,12,12,3,0,68.0,123.0,45.0,2.0,0.0,2.0,LEV,,13,SEN,,6,0,VCT Americas
4377,2,Breeze,johnqt,SEN,Cypher,0.68,163.0,10,14,5,-4,74.0,116.0,20.0,1.0,3.0,-2.0,LEV,,13,SEN,,6,0,VCT Americas
4378,2,Breeze,TenZ,SEN,Kayo,0.66,154.0,9,16,7,-7,68.0,95.0,19.0,0.0,2.0,-2.0,LEV,,13,SEN,,6,0,VCT Americas
4379,2,Breeze,Zellsis,SEN,Viper,0.62,136.0,9,16,5,-7,74.0,93.0,19.0,1.0,0.0,1.0,LEV,,13,SEN,,6,0,VCT Americas
4380,3,Bind,aspas,LEV,Raze,1.27,225.0,16,13,7,3,73.0,162.0,22.0,1.0,4.0,-3.0,LEV,,9,SEN,,13,0,VCT Americas
4381,3,Bind,kiNgg,LEV,Viper,0.94,169.0,12,15,5,-3,77.0,113.0,21.0,1.0,1.0,0.0,LEV,,9,SEN,,13,0,VCT Americas
4382,3,Bind,C0M,LEV,Skye,0.89,199.0,17,18,7,-1,64.0,117.0,29.0,1.0,5.0,-4.0,LEV,,9,SEN,,13,0,VCT Americas
4383,3,Bind,Mazino,LEV,Harbor,0.6,150.0,11,19,4,-8,50.0,98.0,21.0,2.0,2.0,0.0,LEV,,9,SEN,,13,0,VCT Americas
4384,3,Bind,tex,LEV,Gekko,0.57,160.0,13,19,4,-6,73.0,99.0,31.0,2.0,3.0,-1.0,LEV,,9,SEN,,13,0,VCT Americas
4385,3,Bind,Sacy,SEN,Skye,1.42,229.0,19,11,10,8,82.0,160.0,30.0,3.0,1.0,2.0,LEV,,9,SEN,,13,1,VCT Americas
4386,3,Bind,zekken,SEN,Raze,1.35,298.0,23,16,3,7,77.0,202.0,15.0,5.0,2.0,3.0,LEV,,9,SEN,,13,1,VCT Americas
4387,3,Bind,Zellsis,SEN,Brimstone,1.12,191.0,15,15,13,0,77.0,113.0,10.0,2.0,1.0,1.0,LEV,,9,SEN,,13,1,VCT Americas
4388,3,Bind,johnqt,SEN,Viper,1.03,155.0,13,11,6,2,86.0,99.0,32.0,2.0,1.0,1.0,LEV,,9,SEN,,13,1,VCT Americas
4389,3,Bind,TenZ,SEN,Yoru,0.97,206.0,14,16,10,-2,73.0,144.0,20.0,3.0,2.0,1.0,LEV,,9,SEN,,13,1,VCT Americas
4390,0,Icebox,Shyy,KRÜ,Killjoy,1.56,225.0,19,10,2,9,77.0,161.0,24.0,2.0,2.0,0.0,KRU,,13,G2,,9,0,VCT Americas
4391,0,Icebox,Klaus,KRÜ,Sova,1.21,198.0,16,14,6,2,77.0,143.0,24.0,4.0,0.0,4.0,KRU,,13,G2,,9,0,VCT Americas
4392,0,Icebox,keznit,KRÜ,Jett,1.02,234.0,18,15,4,3,59.0,152.0,30.0,3.0,5.0,-2.0,KRU,,13,G2,,9,0,VCT Americas
4393,0,Icebox,Melser,KRÜ,Viper,0.88,169.0,13,14,3,-1,77.0,122.0,38.0,0.0,2.0,-2.0,KRU,,13,G2,,9,0,VCT Americas
4394,0,Icebox,mta,KRÜ,Kayo,0.86,211.0,14,19,15,-5,68.0,132.0,44.0,3.0,1.0,2.0,KRU,,13,G2,,9,0,VCT Americas
4395,0,Icebox,valyn,G2,Brimstone,1.52,314.0,24,15,6,9,91.0,203.0,35.0,4.0,1.0,3.0,KRU,,13,G2,,9,0,VCT Americas
4396,0,Icebox,trent,G2,Viper,0.94,204.0,16,16,3,0,77.0,122.0,9.0,1.0,1.0,0.0,KRU,,13,G2,,9,0,VCT Americas
4397,0,Icebox,leaf,G2,Jett,0.79,193.0,12,17,7,-5,59.0,137.0,29.0,4.0,4.0,0.0,KRU,,13,G2,,9,0,VCT Americas
4398,0,Icebox,JonahP,G2,Sova,0.7,145.0,13,16,3,-3,73.0,100.0,40.0,1.0,5.0,-4.0,KRU,,13,G2,,9,0,VCT Americas
4399,0,Icebox,neT,G2,Killjoy,0.49,97.0,7,16,0,-9,50.0,80.0,22.0,0.0,1.0,-1.0,KRU,,13,G2,,9,0,VCT Americas
4400,2,Sunset,Klaus,KRÜ,Fade,1.04,230.0,16,17,7,-1,73.0,147.0,23.0,4.0,1.0,3.0,KRU,,9,G2,,13,0,VCT Americas
4401,2,Sunset,mta,KRÜ,Kayo,0.9,162.0,13,16,8,-3,73.0,101.0,31.0,3.0,2.0,1.0,KRU,,9,G2,,13,0,VCT Americas
4402,2,Sunset,keznit,KRÜ,Chamber,0.88,196.0,15,16,1,-1,59.0,124.0,38.0,5.0,0.0,5.0,KRU,,9,G2,,13,0,VCT Americas
4403,2,Sunset,Melser,KRÜ,Omen,0.68,156.0,11,18,10,-7,64.0,99.0,30.0,3.0,2.0,1.0,KRU,,9,G2,,13,0,VCT Americas
4404,2,Sunset,Shyy,KRÜ,Viper,0.39,96.0,7,17,5,-10,50.0,78.0,16.0,0.0,2.0,-2.0,KRU,,9,G2,,13,0,VCT Americas
4405,2,Sunset,JonahP,G2,Sova,1.63,297.0,23,13,6,10,77.0,181.0,31.0,2.0,1.0,1.0,KRU,,9,G2,,13,1,VCT Americas
4406,2,Sunset,valyn,G2,Omen,1.45,223.0,17,10,14,7,91.0,150.0,35.0,0.0,2.0,-2.0,KRU,,9,G2,,13,1,VCT Americas
4407,2,Sunset,leaf,G2,Raze,1.15,238.0,19,14,6,5,64.0,152.0,29.0,4.0,5.0,-1.0,KRU,,9,G2,,13,1,VCT Americas
4408,2,Sunset,trent,G2,Viper,1.05,190.0,13,14,8,-1,73.0,125.0,33.0,1.0,6.0,-5.0,KRU,,9,G2,,13,1,VCT Americas
4409,2,Sunset,neT,G2,Cypher,0.92,133.0,12,11,1,1,73.0,94.0,39.0,0.0,1.0,-1.0,KRU,,9,G2,,13,1,VCT Americas
4410,3,Ascent,keznit,KRÜ,Jett,1.66,358.0,31,18,5,13,79.0,238.0,45.0,8.0,3.0,5.0,KRU,,11,G2,,13,0,VCT Americas
4411,3,Ascent,Shyy,KRÜ,Killjoy,1.24,229.0,19,13,7,6,79.0,174.0,20.0,1.0,1.0,0.0,KRU,,11,G2,,13,0,VCT Americas
4412,3,Ascent,Klaus,KRÜ,Sova,0.96,201.0,17,16,5,1,63.0,134.0,24.0,1.0,1.0,0.0,KRU,,11,G2,,13,0,VCT Americas
4413,3,Ascent,mta,KRÜ,Kayo,0.8,164.0,12,17,14,-5,63.0,96.0,38.0,2.0,4.0,-2.0,KRU,,11,G2,,13,0,VCT Americas
4414,3,Ascent,Melser,KRÜ,Omen,0.39,88.0,8,17,6,-9,67.0,70.0,35.0,0.0,3.0,-3.0,KRU,,11,G2,,13,0,VCT Americas
4415,3,Ascent,JonahP,G2,Kayo,1.37,267.0,20,16,19,4,83.0,162.0,23.0,0.0,1.0,-1.0,KRU,,11,G2,,13,1,VCT Americas
4416,3,Ascent,trent,G2,Viper,1.07,194.0,16,16,3,0,71.0,148.0,28.0,0.0,0.0,0.0,KRU,,11,G2,,13,1,VCT Americas
4417,3,Ascent,neT,G2,Cypher,0.92,185.0,15,17,4,-2,63.0,120.0,35.0,3.0,1.0,2.0,KRU,,11,G2,,13,1,VCT Americas
4418,3,Ascent,valyn,G2,Omen,0.84,172.0,13,19,13,-6,75.0,102.0,18.0,4.0,2.0,2.0,KRU,,11,G2,,13,1,VCT Americas
4419,3,Ascent,leaf,G2,Jett,0.83,197.0,17,19,3,-2,58.0,110.0,28.0,5.0,8.0,-3.0,KRU,,11,G2,,13,1,VCT Americas
4420,0,Sunset,JonahP,G2,Sova,1.09,201.0,20,19,7,1,79.0,142.0,39.0,1.0,2.0,-1.0,G2,,13,EG,,15,0,VCT Americas
4421,0,Sunset,leaf,G2,Raze,1.06,264.0,24,21,5,3,71.0,167.0,28.0,6.0,7.0,-1.0,G2,,13,EG,,15,0,VCT Americas
4422,0,Sunset,trent,G2,Viper,0.95,192.0,19,20,8,-1,75.0,124.0,19.0,1.0,4.0,-3.0,G2,,13,EG,,15,0,VCT Americas
4423,0,Sunset,neT,G2,Cypher,0.84,201.0,22,20,5,2,71.0,137.0,40.0,1.0,2.0,-1.0,G2,,13,EG,,15,0,VCT Americas
4424,0,Sunset,valyn,G2,Omen,0.82,161.0,16,21,13,-5,71.0,94.0,26.0,3.0,1.0,2.0,G2,,13,EG,,15,0,VCT Americas
4425,0,Sunset,jawgemo,EG,Raze,1.18,242.0,20,20,12,0,79.0,168.0,17.0,5.0,1.0,4.0,G2,,13,EG,,15,1,VCT Americas
4426,0,Sunset,supamen,EG,Omen,1.08,207.0,20,21,6,-1,71.0,116.0,38.0,4.0,3.0,1.0,G2,,13,EG,,15,1,VCT Americas
4427,0,Sunset,NaturE,EG,Breach,1.02,181.0,18,19,10,-1,79.0,113.0,35.0,2.0,0.0,2.0,G2,,13,EG,,15,1,VCT Americas
4428,0,Sunset,Derrek,EG,Fade,1.0,197.0,22,20,2,2,61.0,131.0,46.0,3.0,1.0,2.0,G2,,13,EG,,15,1,VCT Americas
4429,0,Sunset,Apoth,EG,Cypher,0.94,191.0,21,21,8,0,64.0,144.0,38.0,2.0,7.0,-5.0,G2,,13,EG,,15,1,VCT Americas
4430,2,Icebox,leaf,G2,Jett,1.25,241.0,20,16,3,4,67.0,153.0,33.0,5.0,5.0,0.0,G2,,11,EG,,13,0,VCT Americas
4431,2,Icebox,JonahP,G2,Sova,1.08,188.0,17,15,8,2,75.0,133.0,38.0,1.0,3.0,-2.0,G2,,11,EG,,13,0,VCT Americas
4432,2,Icebox,valyn,G2,Brimstone,0.98,214.0,17,18,7,-1,79.0,147.0,21.0,3.0,3.0,0.0,G2,,11,EG,,13,0,VCT Americas
4433,2,Icebox,trent,G2,Viper,0.98,188.0,15,16,10,-1,79.0,141.0,35.0,1.0,1.0,0.0,G2,,11,EG,,13,0,VCT Americas
4434,2,Icebox,neT,G2,Killjoy,0.47,109.0,9,19,3,-10,54.0,77.0,35.0,0.0,2.0,-2.0,G2,,11,EG,,13,0,VCT Americas
4435,2,Icebox,supamen,EG,Viper,1.51,290.0,22,15,12,7,83.0,189.0,29.0,3.0,0.0,3.0,G2,,11,EG,,13,1,VCT Americas
4436,2,Icebox,Apoth,EG,Killjoy,1.22,238.0,21,15,2,6,63.0,158.0,27.0,2.0,3.0,-1.0,G2,,11,EG,,13,1,VCT Americas
4437,2,Icebox,Derrek,EG,Gekko,1.11,207.0,19,15,2,4,71.0,133.0,44.0,4.0,2.0,2.0,G2,,11,EG,,13,1,VCT Americas
4438,2,Icebox,NaturE,EG,Kayo,0.81,129.0,9,16,15,-7,79.0,79.0,16.0,2.0,1.0,1.0,G2,,11,EG,,13,1,VCT Americas
4439,2,Icebox,jawgemo,EG,Deadlock,0.66,151.0,13,17,6,-4,42.0,100.0,25.0,3.0,4.0,-1.0,G2,,11,EG,,13,1,VCT Americas
4440,0,Split,leaf,G2,Raze,1.44,287.0,18,11,5,7,71.0,219.0,18.0,5.0,6.0,-1.0,G2,,13,KRU,,8,1,VCT Americas
4441,0,Split,neT,G2,Cypher,1.34,277.0,20,14,8,6,86.0,171.0,29.0,2.0,0.0,2.0,G2,,13,KRU,,8,1,VCT Americas
4442,0,Split,trent,G2,Viper,1.21,237.0,16,14,8,2,86.0,162.0,38.0,3.0,1.0,2.0,G2,,13,KRU,,8,1,VCT Americas
4443,0,Split,valyn,G2,Omen,1.02,141.0,12,11,6,1,76.0,98.0,21.0,0.0,1.0,-1.0,G2,,13,KRU,,8,1,VCT Americas
4444,0,Split,JonahP,G2,Breach,0.65,98.0,9,13,11,-4,71.0,61.0,24.0,0.0,3.0,-3.0,G2,,13,KRU,,8,1,VCT Americas
4445,0,Split,Shyy,KRÜ,Viper,1.42,232.0,18,13,6,5,86.0,155.0,32.0,2.0,0.0,2.0,G2,,13,KRU,,8,0,VCT Americas
4446,0,Split,mta,KRÜ,Kayo,0.88,186.0,13,17,6,-4,62.0,126.0,38.0,2.0,3.0,-1.0,G2,,13,KRU,,8,0,VCT Americas
4447,0,Split,keznit,KRÜ,Jett,0.82,180.0,14,16,3,-2,67.0,129.0,26.0,4.0,1.0,3.0,G2,,13,KRU,,8,0,VCT Americas
4448,0,Split,Klaus,KRÜ,Skye,0.79,127.0,7,14,12,-7,71.0,85.0,18.0,2.0,2.0,0.0,G2,,13,KRU,,8,0,VCT Americas
4449,0,Split,Melser,KRÜ,Astra,0.76,147.0,11,15,11,-4,76.0,81.0,25.0,1.0,4.0,-3.0,G2,,13,KRU,,8,0,VCT Americas
4450,2,Sunset,trent,G2,Viper,1.32,223.0,15,13,14,2,76.0,174.0,29.0,2.0,1.0,1.0,G2,,13,KRU,,8,1,VCT Americas
4451,2,Sunset,JonahP,G2,Sova,1.28,207.0,18,13,6,5,71.0,137.0,16.0,0.0,2.0,-2.0,G2,,13,KRU,,8,1,VCT Americas
4452,2,Sunset,leaf,G2,Raze,1.27,232.0,16,12,7,4,90.0,151.0,20.0,5.0,5.0,0.0,G2,,13,KRU,,8,1,VCT Americas
4453,2,Sunset,neT,G2,Cypher,1.12,233.0,17,15,7,2,81.0,158.0,43.0,0.0,1.0,-1.0,G2,,13,KRU,,8,1,VCT Americas
4454,2,Sunset,valyn,G2,Omen,0.91,181.0,14,14,7,0,81.0,109.0,19.0,4.0,1.0,3.0,G2,,13,KRU,,8,1,VCT Americas
4455,2,Sunset,keznit,KRÜ,Chamber,1.27,288.0,22,15,2,7,76.0,179.0,32.0,5.0,2.0,3.0,G2,,13,KRU,,8,0,VCT Americas
4456,2,Sunset,mta,KRÜ,Kayo,0.85,174.0,12,15,8,-3,71.0,106.0,48.0,2.0,4.0,-2.0,G2,,13,KRU,,8,0,VCT Americas
4457,2,Sunset,Shyy,KRÜ,Viper,0.84,170.0,13,16,4,-3,52.0,129.0,26.0,1.0,2.0,-1.0,G2,,13,KRU,,8,0,VCT Americas
4458,2,Sunset,Klaus,KRÜ,Fade,0.79,158.0,9,17,8,-8,71.0,118.0,22.0,1.0,1.0,0.0,G2,,13,KRU,,8,0,VCT Americas
4459,2,Sunset,Melser,KRÜ,Omen,0.52,127.0,11,17,1,-6,48.0,65.0,25.0,1.0,2.0,-1.0,G2,,13,KRU,,8,0,VCT Americas
4460,0,Split,frz,MIBR,Viper,1.12,261.0,17,15,5,2,65.0,152.0,35.0,2.0,0.0,2.0,MIBR,,7,SEN,,13,0,VCT Americas
4461,0,Split,artzin,MIBR,Jett,0.97,206.0,14,15,2,-1,65.0,130.0,27.0,1.0,2.0,-1.0,MIBR,,7,SEN,,13,0,VCT Americas
4462,0,Split,RgLMeister,MIBR,Astra,0.76,180.0,12,16,10,-4,65.0,120.0,24.0,1.0,0.0,1.0,MIBR,,7,SEN,,13,0,VCT Americas
4463,0,Split,jzz,MIBR,Raze,0.73,175.0,12,17,2,-5,70.0,123.0,25.0,4.0,6.0,-2.0,MIBR,,7,SEN,,13,0,VCT Americas
4464,0,Split,mazin,MIBR,Skye,0.69,131.0,8,13,4,-5,60.0,88.0,15.0,0.0,4.0,-4.0,MIBR,,7,SEN,,13,0,VCT Americas
4465,0,Split,zekken,SEN,Raze,1.5,285.0,20,12,6,8,80.0,189.0,21.0,3.0,3.0,0.0,MIBR,,7,SEN,,13,1,VCT Americas
4466,0,Split,TenZ,SEN,Omen,1.3,224.0,19,12,9,7,80.0,145.0,38.0,1.0,1.0,0.0,MIBR,,7,SEN,,13,1,VCT Americas
4467,0,Split,johnqt,SEN,Cypher,1.28,203.0,16,11,2,5,70.0,125.0,29.0,2.0,1.0,1.0,MIBR,,7,SEN,,13,1,VCT Americas
4468,0,Split,Zellsis,SEN,Viper,1.06,229.0,12,14,14,-2,85.0,151.0,20.0,4.0,2.0,2.0,MIBR,,7,SEN,,13,1,VCT Americas
4469,0,Split,Sacy,SEN,Skye,0.89,146.0,9,14,17,-5,75.0,93.0,22.0,2.0,1.0,1.0,MIBR,,7,SEN,,13,1,VCT Americas
4470,2,Ascent,artzin,MIBR,Jett,1.06,274.0,18,17,1,1,74.0,192.0,37.0,2.0,2.0,0.0,MIBR,,6,SEN,,13,0,VCT Americas
4471,2,Ascent,frz,MIBR,Cypher,0.8,143.0,10,14,0,-4,58.0,107.0,42.0,0.0,2.0,-2.0,MIBR,,6,SEN,,13,0,VCT Americas
4472,2,Ascent,mazin,MIBR,Viper,0.75,167.0,9,14,4,-5,53.0,111.0,38.0,3.0,3.0,0.0,MIBR,,6,SEN,,13,0,VCT Americas
4473,2,Ascent,RgLMeister,MIBR,Omen,0.69,133.0,9,15,5,-6,58.0,80.0,35.0,2.0,2.0,0.0,MIBR,,6,SEN,,13,0,VCT Americas
4474,2,Ascent,jzz,MIBR,Skye,0.55,128.0,8,15,5,-7,58.0,79.0,33.0,0.0,3.0,-3.0,MIBR,,6,SEN,,13,0,VCT Americas
4475,2,Ascent,zekken,SEN,Jett,1.44,308.0,21,11,2,10,79.0,197.0,31.0,6.0,3.0,3.0,MIBR,,6,SEN,,13,1,VCT Americas
4476,2,Ascent,Sacy,SEN,Sova,1.33,237.0,14,10,6,4,79.0,172.0,25.0,2.0,0.0,2.0,MIBR,,6,SEN,,13,1,VCT Americas
4477,2,Ascent,Zellsis,SEN,Kayo,1.27,190.0,13,10,11,3,84.0,118.0,11.0,1.0,0.0,1.0,MIBR,,6,SEN,,13,1,VCT Americas
4478,2,Ascent,TenZ,SEN,Omen,1.16,245.0,18,12,5,6,79.0,144.0,43.0,2.0,4.0,-2.0,MIBR,,6,SEN,,13,1,VCT Americas
4479,2,Ascent,johnqt,SEN,Killjoy,0.75,139.0,9,11,1,-2,74.0,99.0,17.0,1.0,0.0,1.0,MIBR,,6,SEN,,13,1,VCT Americas
4480,0,Sunset,trent,G2,Viper,1.31,212.0,17,13,2,4,77.0,144.0,42.0,2.0,3.0,-1.0,G2,,9,MIBR,,13,0,VCT Americas
4481,0,Sunset,leaf,G2,Raze,1.03,229.0,18,17,4,1,73.0,150.0,25.0,2.0,3.0,-1.0,G2,,9,MIBR,,13,0,VCT Americas
4482,0,Sunset,valyn,G2,Omen,0.93,183.0,14,18,4,-4,68.0,110.0,30.0,4.0,1.0,3.0,G2,,9,MIBR,,13,0,VCT Americas
4483,0,Sunset,neT,G2,Cypher,0.74,182.0,14,17,1,-3,59.0,125.0,48.0,0.0,3.0,-3.0,G2,,9,MIBR,,13,0,VCT Americas
4484,0,Sunset,JonahP,G2,Sova,0.67,147.0,10,17,6,-7,77.0,125.0,31.0,1.0,3.0,-2.0,G2,,9,MIBR,,13,0,VCT Americas
4485,0,Sunset,frz,MIBR,Cypher,1.42,225.0,19,10,3,9,82.0,154.0,33.0,2.0,2.0,0.0,G2,,9,MIBR,,13,1,VCT Americas
4486,0,Sunset,jzz,MIBR,Skye,1.33,273.0,22,15,6,7,77.0,175.0,37.0,6.0,2.0,4.0,G2,,9,MIBR,,13,1,VCT Americas
4487,0,Sunset,artzin,MIBR,Raze,1.01,218.0,16,17,7,-1,77.0,154.0,20.0,2.0,3.0,-1.0,G2,,9,MIBR,,13,1,VCT Americas
4488,0,Sunset,mazin,MIBR,Viper,0.96,200.0,14,14,11,0,64.0,126.0,29.0,1.0,2.0,-1.0,G2,,9,MIBR,,13,1,VCT Americas
4489,0,Sunset,RgLMeister,MIBR,Omen,0.64,135.0,11,17,9,-6,82.0,94.0,24.0,2.0,0.0,2.0,G2,,9,MIBR,,13,1,VCT Americas
4490,2,Split,leaf,G2,Raze,1.31,267.0,26,17,3,9,75.0,193.0,32.0,7.0,4.0,3.0,G2,,15,MIBR,,13,1,VCT Americas
4491,2,Split,trent,G2,Viper,1.03,230.0,22,21,8,1,79.0,170.0,26.0,4.0,2.0,2.0,G2,,15,MIBR,,13,1,VCT Americas
4492,2,Split,JonahP,G2,Breach,1.0,170.0,18,19,8,-1,71.0,104.0,33.0,2.0,1.0,1.0,G2,,15,MIBR,,13,1,VCT Americas
4493,2,Split,neT,G2,Cypher,0.9,150.0,15,17,8,-2,75.0,105.0,56.0,4.0,2.0,2.0,G2,,15,MIBR,,13,1,VCT Americas
4494,2,Split,valyn,G2,Omen,0.88,152.0,14,19,10,-5,68.0,94.0,13.0,1.0,1.0,0.0,G2,,15,MIBR,,13,1,VCT Americas
4495,2,Split,jzz,MIBR,Raze,1.21,294.0,28,21,2,7,68.0,191.0,29.0,4.0,3.0,1.0,G2,,15,MIBR,,13,0,VCT Americas
4496,2,Split,RgLMeister,MIBR,Astra,1.13,222.0,23,18,13,5,82.0,144.0,30.0,1.0,3.0,-2.0,G2,,15,MIBR,,13,0,VCT Americas
4497,2,Split,frz,MIBR,Viper,1.0,161.0,16,16,5,0,71.0,111.0,24.0,2.0,3.0,-1.0,G2,,15,MIBR,,13,0,VCT Americas
4498,2,Split,artzin,MIBR,Jett,0.72,152.0,14,21,5,-7,61.0,101.0,21.0,2.0,6.0,-4.0,G2,,15,MIBR,,13,0,VCT Americas
4499,2,Split,mazin,MIBR,Skye,0.57,131.0,12,19,6,-7,54.0,90.0,28.0,1.0,3.0,-2.0,G2,,15,MIBR,,13,0,VCT Americas
4500,3,Breeze,neT,G2,Cypher,1.22,285.0,21,18,5,3,65.0,184.0,43.0,2.0,2.0,0.0,G2,,10,MIBR,,13,0,VCT Americas
4501,3,Breeze,JonahP,G2,Sova,0.93,170.0,15,16,5,-1,70.0,120.0,38.0,1.0,2.0,-1.0,G2,,10,MIBR,,13,0,VCT Americas
4502,3,Breeze,leaf,G2,Yoru,0.81,189.0,14,17,3,-3,61.0,117.0,43.0,4.0,4.0,0.0,G2,,10,MIBR,,13,0,VCT Americas
4503,3,Breeze,trent,G2,Viper,0.77,172.0,14,18,7,-4,70.0,107.0,46.0,3.0,1.0,2.0,G2,,10,MIBR,,13,0,VCT Americas
4504,3,Breeze,valyn,G2,Harbor,0.43,112.0,9,19,5,-10,57.0,69.0,9.0,0.0,4.0,-4.0,G2,,10,MIBR,,13,0,VCT Americas
4505,3,Breeze,artzin,MIBR,Jett,1.63,336.0,28,15,2,13,83.0,203.0,53.0,6.0,2.0,4.0,G2,,10,MIBR,,13,1,VCT Americas
4506,3,Breeze,jzz,MIBR,Sova,1.25,208.0,18,13,6,5,87.0,147.0,37.0,3.0,3.0,0.0,G2,,10,MIBR,,13,1,VCT Americas
4507,3,Breeze,RgLMeister,MIBR,Viper,1.18,216.0,17,14,8,3,83.0,163.0,37.0,0.0,1.0,-1.0,G2,,10,MIBR,,13,1,VCT Americas
4508,3,Breeze,mazin,MIBR,Kayo,0.91,151.0,12,16,11,-4,74.0,106.0,18.0,3.0,1.0,2.0,G2,,10,MIBR,,13,1,VCT Americas
4509,3,Breeze,frz,MIBR,Cypher,0.76,147.0,13,15,4,-2,61.0,89.0,29.0,1.0,3.0,-2.0,G2,,10,MIBR,,13,1,VCT Americas
4510,0,Sunset,Zellsis,SEN,Kayo,1.47,231.0,19,10,10,9,86.0,141.0,20.0,1.0,2.0,-1.0,SEN,,13,G2,,8,1,VCT Americas
4511,0,Sunset,Sacy,SEN,Gekko,1.37,273.0,19,15,10,4,86.0,183.0,25.0,0.0,0.0,0.0,SEN,,13,G2,,8,1,VCT Americas
4512,0,Sunset,zekken,SEN,Raze,1.19,266.0,19,16,6,3,76.0,181.0,38.0,6.0,5.0,1.0,SEN,,13,G2,,8,1,VCT Americas
4513,0,Sunset,TenZ,SEN,Omen,1.03,211.0,17,14,5,3,86.0,119.0,21.0,4.0,1.0,3.0,SEN,,13,G2,,8,1,VCT Americas
4514,0,Sunset,johnqt,SEN,Cypher,0.78,121.0,9,13,8,-4,76.0,88.0,30.0,1.0,1.0,0.0,SEN,,13,G2,,8,1,VCT Americas
4515,0,Sunset,leaf,G2,Raze,1.21,247.0,20,16,3,4,81.0,152.0,32.0,4.0,7.0,-3.0,SEN,,13,G2,,8,0,VCT Americas
4516,0,Sunset,neT,G2,Cypher,0.89,164.0,13,16,3,-3,67.0,104.0,38.0,1.0,1.0,0.0,SEN,,13,G2,,8,0,VCT Americas
4517,0,Sunset,trent,G2,Viper,0.83,171.0,12,15,4,-3,71.0,110.0,12.0,1.0,2.0,-1.0,SEN,,13,G2,,8,0,VCT Americas
4518,0,Sunset,JonahP,G2,Sova,0.8,187.0,12,17,5,-5,71.0,135.0,20.0,0.0,1.0,-1.0,SEN,,13,G2,,8,0,VCT Americas
4519,0,Sunset,valyn,G2,Omen,0.57,165.0,11,19,15,-8,86.0,103.0,20.0,3.0,1.0,2.0,SEN,,13,G2,,8,0,VCT Americas
4520,2,Breeze,Zellsis,SEN,Viper,1.09,184.0,14,15,4,-1,55.0,125.0,23.0,1.0,0.0,1.0,SEN,,9,G2,,13,0,VCT Americas
4521,2,Breeze,johnqt,SEN,Cypher,0.96,189.0,13,16,5,-3,55.0,127.0,24.0,1.0,3.0,-2.0,SEN,,9,G2,,13,0,VCT Americas
4522,2,Breeze,TenZ,SEN,Kayo,0.96,185.0,15,18,7,-3,59.0,148.0,32.0,1.0,2.0,-1.0,SEN,,9,G2,,13,0,VCT Americas
4523,2,Breeze,zekken,SEN,Jett,0.65,205.0,16,21,1,-5,59.0,139.0,32.0,3.0,7.0,-4.0,SEN,,9,G2,,13,0,VCT Americas
4524,2,Breeze,Sacy,SEN,Sova,0.59,142.0,9,20,6,-11,55.0,99.0,33.0,2.0,2.0,0.0,SEN,,9,G2,,13,0,VCT Americas
4525,2,Breeze,neT,G2,Cypher,1.68,306.0,25,12,4,13,73.0,199.0,35.0,3.0,1.0,2.0,SEN,,9,G2,,13,1,VCT Americas
4526,2,Breeze,trent,G2,Viper,1.18,193.0,16,12,2,4,68.0,134.0,68.0,1.0,3.0,-2.0,SEN,,9,G2,,13,1,VCT Americas
4527,2,Breeze,leaf,G2,Yoru,1.15,295.0,23,17,5,6,82.0,188.0,31.0,5.0,0.0,5.0,SEN,,9,G2,,13,1,VCT Americas
4528,2,Breeze,JonahP,G2,Sova,0.94,154.0,14,12,6,2,82.0,111.0,29.0,3.0,2.0,1.0,SEN,,9,G2,,13,1,VCT Americas
4529,2,Breeze,valyn,G2,Harbor,0.81,154.0,12,14,8,-2,73.0,108.0,31.0,2.0,2.0,0.0,SEN,,9,G2,,13,1,VCT Americas
4530,3,Split,Zellsis,SEN,Viper,1.28,239.0,19,12,7,7,82.0,133.0,9.0,3.0,1.0,2.0,SEN,,9,G2,,13,0,VCT Americas
4531,3,Split,Sacy,SEN,Skye,1.06,194.0,15,13,6,2,64.0,122.0,19.0,2.0,2.0,0.0,SEN,,9,G2,,13,0,VCT Americas
4532,3,Split,johnqt,SEN,Cypher,1.05,174.0,13,12,9,1,73.0,113.0,33.0,3.0,0.0,3.0,SEN,,9,G2,,13,0,VCT Americas
4533,3,Split,TenZ,SEN,Omen,0.84,129.0,10,14,6,-4,64.0,98.0,16.0,1.0,2.0,-1.0,SEN,,9,G2,,13,0,VCT Americas
4534,3,Split,zekken,SEN,Raze,0.73,177.0,13,16,5,-3,55.0,137.0,28.0,1.0,7.0,-6.0,SEN,,9,G2,,13,0,VCT Americas
4535,3,Split,neT,G2,Cypher,1.24,258.0,19,16,5,3,64.0,160.0,49.0,5.0,1.0,4.0,SEN,,9,G2,,13,1,VCT Americas
4536,3,Split,valyn,G2,Omen,1.23,178.0,16,12,3,4,73.0,105.0,9.0,1.0,2.0,-1.0,SEN,,9,G2,,13,1,VCT Americas
4537,3,Split,trent,G2,Viper,1.01,155.0,9,12,10,-3,64.0,112.0,23.0,2.0,1.0,1.0,SEN,,9,G2,,13,1,VCT Americas
4538,3,Split,leaf,G2,Raze,0.79,206.0,17,17,2,0,50.0,120.0,20.0,3.0,5.0,-2.0,SEN,,9,G2,,13,1,VCT Americas
4539,3,Split,JonahP,G2,Breach,0.72,91.0,6,13,13,-7,73.0,54.0,19.0,1.0,1.0,0.0,SEN,,9,G2,,13,1,VCT Americas
4540,0,Ascent,supamen,EG,Omen,1.84,256.0,19,7,12,12,90.0,154.0,39.0,4.0,0.0,4.0,EG,,13,LOUD,,7,1,VCT Americas
4541,0,Ascent,jawgemo,EG,Jett,1.4,287.0,21,13,7,8,75.0,194.0,22.0,3.0,5.0,-2.0,EG,,13,LOUD,,7,1,VCT Americas
4542,0,Ascent,Derrek,EG,Sova,1.28,231.0,15,12,10,3,85.0,158.0,24.0,1.0,0.0,1.0,EG,,13,LOUD,,7,1,VCT Americas
4543,0,Ascent,Apoth,EG,Cypher,1.17,200.0,16,12,7,4,75.0,144.0,48.0,1.0,3.0,-2.0,EG,,13,LOUD,,7,1,VCT Americas
4544,0,Ascent,NaturE,EG,Kayo,0.78,174.0,11,15,10,-4,80.0,103.0,27.0,3.0,0.0,3.0,EG,,13,LOUD,,7,1,VCT Americas
4545,0,Ascent,tuyz,LOUD,Omen,0.97,220.0,15,16,3,-1,60.0,155.0,45.0,0.0,0.0,0.0,EG,,13,LOUD,,7,0,VCT Americas
4546,0,Ascent,cauanzin,LOUD,Breach,0.94,182.0,13,16,9,-3,75.0,117.0,41.0,1.0,0.0,1.0,EG,,13,LOUD,,7,0,VCT Americas
4547,0,Ascent,saadhak,LOUD,Kayo,0.81,214.0,14,19,10,-5,70.0,128.0,13.0,3.0,3.0,0.0,EG,,13,LOUD,,7,0,VCT Americas
4548,0,Ascent,Less,LOUD,Viper,0.59,161.0,11,16,4,-5,65.0,111.0,22.0,1.0,3.0,-2.0,EG,,13,LOUD,,7,0,VCT Americas
4549,0,Ascent,qck,LOUD,Phoenix,0.46,93.0,6,15,1,-9,55.0,65.0,35.0,3.0,6.0,-3.0,EG,,13,LOUD,,7,0,VCT Americas
4550,2,Icebox,Apoth,EG,Killjoy,1.1,271.0,18,16,4,2,60.0,179.0,24.0,1.0,4.0,-3.0,EG,,7,LOUD,,13,0,VCT Americas
4551,2,Icebox,jawgemo,EG,Deadlock,0.92,242.0,17,18,1,-1,65.0,144.0,28.0,5.0,3.0,2.0,EG,,7,LOUD,,13,0,VCT Americas
4552,2,Icebox,supamen,EG,Viper,0.76,130.0,8,13,1,-5,55.0,91.0,25.0,0.0,3.0,-3.0,EG,,7,LOUD,,13,0,VCT Americas
4553,2,Icebox,Derrek,EG,Gekko,0.71,141.0,8,16,5,-8,60.0,96.0,26.0,2.0,1.0,1.0,EG,,7,LOUD,,13,0,VCT Americas
4554,2,Icebox,NaturE,EG,Kayo,0.51,118.0,8,17,6,-9,60.0,77.0,28.0,0.0,1.0,-1.0,EG,,7,LOUD,,13,0,VCT Americas
4555,2,Icebox,tuyz,LOUD,Harbor,1.44,225.0,19,10,7,9,90.0,150.0,28.0,1.0,0.0,1.0,EG,,7,LOUD,,13,1,VCT Americas
4556,2,Icebox,Less,LOUD,Viper,1.37,235.0,18,10,4,8,85.0,147.0,20.0,2.0,0.0,2.0,EG,,7,LOUD,,13,1,VCT Americas
4557,2,Icebox,cauanzin,LOUD,Sova,1.32,251.0,20,10,4,10,75.0,147.0,22.0,3.0,2.0,1.0,EG,,7,LOUD,,13,1,VCT Americas
4558,2,Icebox,qck,LOUD,Jett,0.94,182.0,13,14,6,-1,85.0,133.0,28.0,5.0,3.0,2.0,EG,,7,LOUD,,13,1,VCT Americas
4559,2,Icebox,saadhak,LOUD,Killjoy,0.79,168.0,10,15,7,-5,85.0,114.0,13.0,1.0,3.0,-2.0,EG,,7,LOUD,,13,1,VCT Americas
4560,3,Sunset,Derrek,EG,Fade,1.5,319.0,20,13,0,7,72.0,194.0,49.0,3.0,1.0,2.0,EG,,5,LOUD,,13,0,VCT Americas
4561,3,Sunset,Apoth,EG,Cypher,0.67,185.0,9,15,1,-6,39.0,146.0,33.0,2.0,4.0,-2.0,EG,,5,LOUD,,13,0,VCT Americas
4562,3,Sunset,NaturE,EG,Breach,0.64,140.0,9,16,4,-7,56.0,93.0,29.0,0.0,0.0,0.0,EG,,5,LOUD,,13,0,VCT Americas
4563,3,Sunset,jawgemo,EG,Raze,0.47,108.0,6,16,3,-10,56.0,78.0,23.0,0.0,4.0,-4.0,EG,,5,LOUD,,13,0,VCT Americas
4564,3,Sunset,supamen,EG,Omen,0.29,70.0,3,16,3,-13,56.0,56.0,30.0,1.0,3.0,-2.0,EG,,5,LOUD,,13,0,VCT Americas
4565,3,Sunset,Less,LOUD,Viper,1.68,287.0,20,8,4,12,94.0,178.0,31.0,1.0,0.0,1.0,EG,,5,LOUD,,13,1,VCT Americas
4566,3,Sunset,saadhak,LOUD,Sova,1.39,236.0,18,7,4,11,89.0,138.0,22.0,1.0,1.0,0.0,EG,,5,LOUD,,13,1,VCT Americas
4567,3,Sunset,tuyz,LOUD,Omen,1.29,188.0,12,7,8,5,83.0,128.0,21.0,2.0,0.0,2.0,EG,,5,LOUD,,13,1,VCT Americas
4568,3,Sunset,qck,LOUD,Phoenix,0.97,199.0,13,11,6,2,56.0,149.0,36.0,2.0,2.0,0.0,EG,,5,LOUD,,13,1,VCT Americas
4569,3,Sunset,cauanzin,LOUD,Breach,0.93,222.0,13,14,10,-1,78.0,124.0,42.0,6.0,3.0,3.0,EG,,5,LOUD,,13,1,VCT Americas
4570,0,Sunset,Marved,NRG,Omen,1.04,199.0,22,21,7,1,67.0,126.0,31.0,2.0,4.0,-2.0,NRG,,14,SEN,,16,0,VCT Americas
4571,0,Sunset,Victor,NRG,Cypher,0.92,176.0,19,19,5,0,67.0,103.0,44.0,3.0,1.0,2.0,NRG,,14,SEN,,16,0,VCT Americas
4572,0,Sunset,crashies,NRG,Viper,0.91,203.0,22,23,7,-1,70.0,118.0,27.0,1.0,2.0,-1.0,NRG,,14,SEN,,16,0,VCT Americas
4573,0,Sunset,Demon1,NRG,Jett,0.81,182.0,17,23,5,-6,67.0,127.0,39.0,5.0,8.0,-3.0,NRG,,14,SEN,,16,0,VCT Americas
4574,0,Sunset,Ethan,NRG,Skye,0.56,111.0,9,22,16,-13,73.0,82.0,28.0,0.0,4.0,-4.0,NRG,,14,SEN,,16,0,VCT Americas
4575,0,Sunset,TenZ,SEN,Omen,1.52,287.0,30,17,15,13,90.0,185.0,43.0,5.0,2.0,3.0,NRG,,14,SEN,,16,1,VCT Americas
4576,0,Sunset,zekken,SEN,Raze,1.47,294.0,31,18,3,13,73.0,196.0,39.0,10.0,7.0,3.0,NRG,,14,SEN,,16,1,VCT Americas
4577,0,Sunset,Zellsis,SEN,Kayo,1.05,156.0,14,16,18,-2,77.0,109.0,25.0,1.0,0.0,1.0,NRG,,14,SEN,,16,1,VCT Americas
4578,0,Sunset,johnqt,SEN,Cypher,0.95,175.0,18,19,8,-1,70.0,119.0,30.0,1.0,1.0,0.0,NRG,,14,SEN,,16,1,VCT Americas
4579,0,Sunset,Sacy,SEN,Gekko,0.95,153.0,15,19,8,-4,73.0,117.0,38.0,2.0,1.0,1.0,NRG,,14,SEN,,16,1,VCT Americas
4580,2,Ascent,Ethan,NRG,Kayo,1.66,333.0,27,12,9,15,81.0,187.0,28.0,1.0,0.0,1.0,NRG,,13,SEN,,8,1,VCT Americas
4581,2,Ascent,Victor,NRG,Killjoy,1.15,191.0,16,10,2,6,76.0,136.0,22.0,2.0,1.0,1.0,NRG,,13,SEN,,8,1,VCT Americas
4582,2,Ascent,Demon1,NRG,Jett,0.92,216.0,16,16,3,0,71.0,154.0,36.0,4.0,4.0,0.0,NRG,,13,SEN,,8,1,VCT Americas
4583,2,Ascent,crashies,NRG,Sova,0.83,147.0,10,11,6,-1,76.0,96.0,25.0,2.0,4.0,-2.0,NRG,,13,SEN,,8,1,VCT Americas
4584,2,Ascent,Marved,NRG,Omen,0.6,129.0,8,16,9,-8,81.0,75.0,35.0,1.0,2.0,-1.0,NRG,,13,SEN,,8,1,VCT Americas
4585,2,Ascent,Zellsis,SEN,Kayo,1.21,213.0,17,14,7,3,71.0,118.0,20.0,3.0,3.0,0.0,NRG,,13,SEN,,8,0,VCT Americas
4586,2,Ascent,zekken,SEN,Jett,1.0,225.0,16,17,3,-1,76.0,147.0,17.0,6.0,3.0,3.0,NRG,,13,SEN,,8,0,VCT Americas
4587,2,Ascent,TenZ,SEN,Omen,0.93,210.0,14,15,8,-1,81.0,137.0,18.0,2.0,0.0,2.0,NRG,,13,SEN,,8,0,VCT Americas
4588,2,Ascent,Sacy,SEN,Sova,0.91,208.0,13,17,11,-4,62.0,142.0,12.0,0.0,2.0,-2.0,NRG,,13,SEN,,8,0,VCT Americas
4589,2,Ascent,johnqt,SEN,Cypher,0.55,78.0,5,14,6,-9,52.0,58.0,36.0,0.0,2.0,-2.0,NRG,,13,SEN,,8,0,VCT Americas
4590,3,Split,Marved,NRG,Viper,1.03,281.0,14,15,4,-1,63.0,184.0,27.0,1.0,2.0,-1.0,NRG,,3,SEN,,13,0,VCT Americas
4591,3,Split,Victor,NRG,Raze,0.76,200.0,11,13,0,-2,63.0,136.0,15.0,0.0,6.0,-6.0,NRG,,3,SEN,,13,0,VCT Americas
4592,3,Split,Demon1,NRG,Omen,0.75,183.0,10,14,6,-4,63.0,108.0,33.0,2.0,3.0,-1.0,NRG,,3,SEN,,13,0,VCT Americas
4593,3,Split,crashies,NRG,Breach,0.72,137.0,7,13,8,-6,63.0,87.0,22.0,0.0,2.0,-2.0,NRG,,3,SEN,,13,0,VCT Americas
4594,3,Split,Ethan,NRG,Skye,0.52,145.0,6,14,5,-8,63.0,115.0,22.0,0.0,0.0,0.0,NRG,,3,SEN,,13,0,VCT Americas
4595,3,Split,johnqt,SEN,Cypher,1.8,287.0,18,7,5,11,81.0,192.0,20.0,0.0,0.0,0.0,NRG,,3,SEN,,13,1,VCT Americas
4596,3,Split,Zellsis,SEN,Viper,1.54,273.0,15,8,7,7,88.0,153.0,14.0,4.0,0.0,4.0,NRG,,3,SEN,,13,1,VCT Americas
4597,3,Split,Sacy,SEN,Skye,1.32,224.0,13,9,8,4,75.0,145.0,21.0,0.0,1.0,-1.0,NRG,,3,SEN,,13,1,VCT Americas
4598,3,Split,TenZ,SEN,Omen,1.21,229.0,13,11,6,2,81.0,144.0,20.0,5.0,0.0,5.0,NRG,,3,SEN,,13,1,VCT Americas
4599,3,Split,zekken,SEN,Raze,0.6,181.0,10,13,3,-3,69.0,118.0,34.0,4.0,2.0,2.0,NRG,,3,SEN,,13,1,VCT Americas
4600,0,Sunset,Less,LOUD,Viper,0.99,190.0,16,17,6,-1,82.0,144.0,52.0,0.0,0.0,0.0,LOUD,,9,SEN,,13,0,VCT Americas
4601,0,Sunset,tuyz,LOUD,Omen,0.92,219.0,16,17,8,-1,59.0,150.0,33.0,2.0,2.0,0.0,LOUD,,9,SEN,,13,0,VCT Americas
4602,0,Sunset,qck,LOUD,Phoenix,0.76,202.0,17,20,4,-3,64.0,142.0,39.0,5.0,5.0,0.0,LOUD,,9,SEN,,13,0,VCT Americas
4603,0,Sunset,cauanzin,LOUD,Breach,0.7,161.0,12,18,6,-6,68.0,108.0,28.0,2.0,2.0,0.0,LOUD,,9,SEN,,13,0,VCT Americas
4604,0,Sunset,saadhak,LOUD,Sova,0.63,164.0,10,19,8,-9,68.0,113.0,10.0,0.0,4.0,-4.0,LOUD,,9,SEN,,13,0,VCT Americas
4605,0,Sunset,TenZ,SEN,Omen,1.55,289.0,24,13,8,11,77.0,202.0,23.0,1.0,3.0,-2.0,LOUD,,9,SEN,,13,1,VCT Americas
4606,0,Sunset,Sacy,SEN,Gekko,1.52,276.0,23,13,10,10,86.0,192.0,35.0,2.0,0.0,2.0,LOUD,,9,SEN,,13,1,VCT Americas
4607,0,Sunset,zekken,SEN,Raze,1.13,235.0,18,14,4,4,68.0,137.0,24.0,7.0,3.0,4.0,LOUD,,9,SEN,,13,1,VCT Americas
4608,0,Sunset,johnqt,SEN,Cypher,0.94,180.0,14,14,8,0,77.0,115.0,22.0,1.0,2.0,-1.0,LOUD,,9,SEN,,13,1,VCT Americas
4609,0,Sunset,Zellsis,SEN,Kayo,0.83,183.0,12,17,14,-5,73.0,122.0,10.0,2.0,1.0,1.0,LOUD,,9,SEN,,13,1,VCT Americas
4610,2,Split,Less,LOUD,Viper,1.15,225.0,10,12,4,-2,56.0,171.0,34.0,1.0,2.0,-1.0,LOUD,,3,SEN,,13,0,VCT Americas
4611,2,Split,tuyz,LOUD,Omen,0.87,147.0,8,11,4,-3,69.0,95.0,19.0,1.0,0.0,1.0,LOUD,,3,SEN,,13,0,VCT Americas
4612,2,Split,cauanzin,LOUD,Breach,0.76,139.0,8,13,2,-5,56.0,79.0,27.0,2.0,1.0,1.0,LOUD,,3,SEN,,13,0,VCT Americas
4613,2,Split,qck,LOUD,Raze,0.49,136.0,7,13,1,-6,50.0,94.0,21.0,1.0,4.0,-3.0,LOUD,,3,SEN,,13,0,VCT Americas
4614,2,Split,saadhak,LOUD,Skye,0.16,72.0,3,15,2,-12,44.0,48.0,13.0,1.0,3.0,-2.0,LOUD,,3,SEN,,13,0,VCT Americas
4615,2,Split,zekken,SEN,Raze,1.53,275.0,16,7,3,9,88.0,169.0,25.0,3.0,0.0,3.0,LOUD,,3,SEN,,13,1,VCT Americas
4616,2,Split,TenZ,SEN,Omen,1.5,272.0,16,7,4,9,75.0,174.0,23.0,3.0,1.0,2.0,LOUD,,3,SEN,,13,1,VCT Americas
4617,2,Split,Sacy,SEN,Skye,1.21,239.0,13,9,9,4,94.0,148.0,26.0,2.0,1.0,1.0,LOUD,,3,SEN,,13,1,VCT Americas
4618,2,Split,Zellsis,SEN,Viper,1.14,178.0,11,8,6,3,75.0,129.0,23.0,1.0,3.0,-2.0,LOUD,,3,SEN,,13,1,VCT Americas
4619,2,Split,johnqt,SEN,Cypher,1.11,133.0,8,5,2,3,88.0,98.0,16.0,1.0,1.0,0.0,LOUD,,3,SEN,,13,1,VCT Americas
4620,3,Icebox,tuyz,LOUD,Harbor,1.24,173.0,17,12,13,5,75.0,123.0,25.0,0.0,2.0,-2.0,LOUD,,13,SEN,,11,1,VCT Americas
4621,3,Icebox,Less,LOUD,Viper,1.23,216.0,18,14,3,4,79.0,154.0,40.0,3.0,1.0,2.0,LOUD,,13,SEN,,11,1,VCT Americas
4622,3,Icebox,cauanzin,LOUD,Sova,1.21,218.0,18,14,7,4,71.0,154.0,19.0,1.0,5.0,-4.0,LOUD,,13,SEN,,11,1,VCT Americas
4623,3,Icebox,saadhak,LOUD,Killjoy,1.08,214.0,16,16,6,0,71.0,143.0,24.0,3.0,1.0,2.0,LOUD,,13,SEN,,11,1,VCT Americas
4624,3,Icebox,qck,LOUD,Jett,0.82,188.0,16,19,2,-3,79.0,117.0,33.0,5.0,3.0,2.0,LOUD,,13,SEN,,11,1,VCT Americas
4625,3,Icebox,TenZ,SEN,Kayo,1.17,210.0,16,17,20,-1,79.0,132.0,16.0,2.0,4.0,-2.0,LOUD,,13,SEN,,11,0,VCT Americas
4626,3,Icebox,johnqt,SEN,Viper,1.14,230.0,19,14,8,5,75.0,146.0,22.0,2.0,3.0,-1.0,LOUD,,13,SEN,,11,0,VCT Americas
4627,3,Icebox,Zellsis,SEN,Killjoy,0.94,174.0,17,17,5,0,75.0,109.0,10.0,3.0,1.0,2.0,LOUD,,13,SEN,,11,0,VCT Americas
4628,3,Icebox,zekken,SEN,Jett,0.66,192.0,16,20,2,-4,67.0,118.0,34.0,3.0,1.0,2.0,LOUD,,13,SEN,,11,0,VCT Americas
4629,3,Icebox,Sacy,SEN,Gekko,0.48,106.0,7,17,5,-10,63.0,69.0,23.0,2.0,3.0,-1.0,LOUD,,13,SEN,,11,0,VCT Americas
4630,4,Bind,qck,LOUD,Phoenix,1.5,297.0,24,14,6,10,76.0,195.0,30.0,4.0,2.0,2.0,LOUD,,13,SEN,,8,1,VCT Americas
4631,4,Bind,tuyz,LOUD,Brimstone,1.45,251.0,19,12,16,7,86.0,158.0,32.0,1.0,0.0,1.0,LOUD,,13,SEN,,8,1,VCT Americas
4632,4,Bind,cauanzin,LOUD,Breach,1.08,198.0,16,14,5,2,62.0,101.0,54.0,4.0,1.0,3.0,LOUD,,13,SEN,,8,1,VCT Americas
4633,4,Bind,saadhak,LOUD,Kayo,1.03,216.0,13,15,15,-2,86.0,152.0,24.0,4.0,1.0,3.0,LOUD,,13,SEN,,8,1,VCT Americas
4634,4,Bind,Less,LOUD,Viper,0.68,98.0,8,12,5,-4,52.0,51.0,20.0,1.0,3.0,-2.0,LOUD,,13,SEN,,8,1,VCT Americas
4635,4,Bind,johnqt,SEN,Viper,1.07,202.0,15,13,3,2,71.0,130.0,32.0,0.0,2.0,-2.0,LOUD,,13,SEN,,8,0,VCT Americas
4636,4,Bind,zekken,SEN,Raze,1.05,222.0,15,15,6,0,71.0,141.0,23.0,2.0,4.0,-2.0,LOUD,,13,SEN,,8,0,VCT Americas
4637,4,Bind,Zellsis,SEN,Brimstone,0.94,183.0,15,15,2,0,57.0,123.0,28.0,0.0,2.0,-2.0,LOUD,,13,SEN,,8,0,VCT Americas
4638,4,Bind,TenZ,SEN,Yoru,0.88,220.0,14,19,7,-5,76.0,139.0,29.0,5.0,5.0,0.0,LOUD,,13,SEN,,8,0,VCT Americas
4639,4,Bind,Sacy,SEN,Skye,0.58,154.0,8,18,10,-10,62.0,116.0,27.0,0.0,1.0,-1.0,LOUD,,13,SEN,,8,0,VCT Americas
4640,5,Lotus,Less,LOUD,Viper,1.13,233.0,14,13,3,1,71.0,171.0,38.0,0.0,2.0,-2.0,LOUD,,4,SEN,,13,0,VCT Americas
4641,5,Lotus,qck,LOUD,Phoenix,1.12,262.0,14,14,5,0,59.0,164.0,32.0,3.0,2.0,1.0,LOUD,,4,SEN,,13,0,VCT Americas
4642,5,Lotus,tuyz,LOUD,Omen,0.9,208.0,12,14,8,-2,65.0,131.0,23.0,1.0,2.0,-1.0,LOUD,,4,SEN,,13,0,VCT Americas
4643,5,Lotus,cauanzin,LOUD,Breach,0.79,201.0,14,16,6,-2,82.0,120.0,18.0,4.0,3.0,1.0,LOUD,,4,SEN,,13,0,VCT Americas
4644,5,Lotus,saadhak,LOUD,Skye,0.69,174.0,10,15,6,-5,82.0,107.0,21.0,0.0,0.0,0.0,LOUD,,4,SEN,,13,0,VCT Americas
4645,5,Lotus,zekken,SEN,Raze,1.42,307.0,18,13,8,5,82.0,205.0,22.0,4.0,2.0,2.0,LOUD,,4,SEN,,13,1,VCT Americas
4646,5,Lotus,Sacy,SEN,Fade,1.27,247.0,14,12,15,2,88.0,181.0,28.0,0.0,0.0,0.0,LOUD,,4,SEN,,13,1,VCT Americas
4647,5,Lotus,johnqt,SEN,Viper,1.19,229.0,16,12,5,4,94.0,152.0,38.0,0.0,0.0,0.0,LOUD,,4,SEN,,13,1,VCT Americas
4648,5,Lotus,TenZ,SEN,Omen,1.04,239.0,14,14,9,0,94.0,141.0,20.0,5.0,3.0,2.0,LOUD,,4,SEN,,13,1,VCT Americas
4649,5,Lotus,Zellsis,SEN,Killjoy,0.58,164.0,10,13,6,-3,76.0,99.0,4.0,0.0,3.0,-3.0,LOUD,,4,SEN,,13,1,VCT Americas
4650,0,Icebox,moose,C9,Killjoy,0.98,209.0,14,15,6,-1,75.0,152.0,30.0,0.0,2.0,-2.0,C9,,7,LEV,,13,0,VCT Americas
4651,0,Icebox,Xeppaa,C9,Sage,0.8,216.0,13,17,6,-4,75.0,141.0,45.0,2.0,1.0,1.0,C9,,7,LEV,,13,0,VCT Americas
4652,0,Icebox,runi,C9,Sova,0.72,104.0,8,14,3,-6,45.0,100.0,35.0,0.0,0.0,0.0,C9,,7,LEV,,13,0,VCT Americas
4653,0,Icebox,OXY,C9,Jett,0.7,227.0,16,19,2,-3,65.0,130.0,28.0,5.0,7.0,-2.0,C9,,7,LEV,,13,0,VCT Americas
4654,0,Icebox,vanity,C9,Viper,0.59,138.0,10,17,8,-7,75.0,98.0,56.0,1.0,2.0,-1.0,C9,,7,LEV,,13,0,VCT Americas
4655,0,Icebox,aspas,LEV,Jett,2.12,420.0,31,9,2,22,85.0,281.0,30.0,4.0,1.0,3.0,C9,,7,LEV,,13,1,VCT Americas
4656,0,Icebox,Mazino,LEV,Harbor,1.36,224.0,17,12,7,5,80.0,143.0,50.0,1.0,0.0,1.0,C9,,7,LEV,,13,1,VCT Americas
4657,0,Icebox,kiNgg,LEV,Viper,0.97,155.0,12,12,4,0,80.0,105.0,28.0,1.0,3.0,-2.0,C9,,7,LEV,,13,1,VCT Americas
4658,0,Icebox,tex,LEV,Killjoy,0.79,191.0,13,15,4,-2,80.0,112.0,30.0,5.0,2.0,3.0,C9,,7,LEV,,13,1,VCT Americas
4659,0,Icebox,C0M,LEV,Sova,0.76,145.0,9,13,9,-4,85.0,104.0,18.0,1.0,2.0,-1.0,C9,,7,LEV,,13,1,VCT Americas
4660,2,Sunset,runi,C9,Viper,1.53,285.0,20,11,4,9,85.0,192.0,48.0,2.0,2.0,0.0,C9,,13,LEV,,7,1,VCT Americas
4661,2,Sunset,Xeppaa,C9,Skye,1.36,229.0,16,10,12,6,85.0,133.0,18.0,1.0,2.0,-1.0,C9,,13,LEV,,7,1,VCT Americas
4662,2,Sunset,vanity,C9,Omen,1.18,188.0,13,9,10,4,80.0,127.0,30.0,1.0,2.0,-1.0,C9,,13,LEV,,7,1,VCT Americas
4663,2,Sunset,OXY,C9,Raze,0.93,198.0,13,15,5,-2,65.0,127.0,28.0,3.0,4.0,-1.0,C9,,13,LEV,,7,1,VCT Americas
4664,2,Sunset,moose,C9,Cypher,0.81,105.0,7,9,3,-2,70.0,66.0,36.0,1.0,2.0,-1.0,C9,,13,LEV,,7,1,VCT Americas
4665,2,Sunset,kiNgg,LEV,Omen,1.01,189.0,14,12,4,2,65.0,118.0,39.0,3.0,4.0,-1.0,C9,,13,LEV,,7,0,VCT Americas
4666,2,Sunset,aspas,LEV,Phoenix,0.79,194.0,12,14,5,-2,75.0,127.0,48.0,0.0,1.0,-1.0,C9,,13,LEV,,7,0,VCT Americas
4667,2,Sunset,tex,LEV,Cypher,0.73,155.0,9,14,4,-5,65.0,107.0,39.0,3.0,1.0,2.0,C9,,13,LEV,,7,0,VCT Americas
4668,2,Sunset,C0M,LEV,Sova,0.64,178.0,10,14,1,-4,60.0,117.0,11.0,5.0,1.0,4.0,C9,,13,LEV,,7,0,VCT Americas
4669,2,Sunset,Mazino,LEV,Breach,0.47,109.0,8,15,0,-7,65.0,68.0,44.0,1.0,1.0,0.0,C9,,13,LEV,,7,0,VCT Americas
4670,3,Ascent,OXY,C9,Jett,1.43,297.0,35,25,4,10,76.0,190.0,26.0,7.0,5.0,2.0,C9,,18,LEV,,16,1,VCT Americas
4671,3,Ascent,Xeppaa,C9,Kayo,1.11,234.0,26,24,16,2,74.0,152.0,34.0,4.0,4.0,0.0,C9,,18,LEV,,16,1,VCT Americas
4672,3,Ascent,runi,C9,Sova,1.07,187.0,21,21,13,0,71.0,147.0,32.0,1.0,2.0,-1.0,C9,,18,LEV,,16,1,VCT Americas
4673,3,Ascent,moose,C9,Killjoy,0.89,179.0,19,24,9,-5,71.0,136.0,21.0,3.0,1.0,2.0,C9,,18,LEV,,16,1,VCT Americas
4674,3,Ascent,vanity,C9,Omen,0.66,126.0,15,25,9,-10,74.0,85.0,17.0,2.0,5.0,-3.0,C9,,18,LEV,,16,1,VCT Americas
4675,3,Ascent,aspas,LEV,Raze,1.4,305.0,35,23,8,12,68.0,196.0,23.0,5.0,4.0,1.0,C9,,18,LEV,,16,0,VCT Americas
4676,3,Ascent,kiNgg,LEV,Omen,1.4,267.0,30,21,22,9,85.0,173.0,22.0,4.0,1.0,3.0,C9,,18,LEV,,16,0,VCT Americas
4677,3,Ascent,tex,LEV,Sage,0.9,180.0,22,22,13,0,76.0,124.0,33.0,4.0,5.0,-1.0,C9,,18,LEV,,16,0,VCT Americas
4678,3,Ascent,Mazino,LEV,Kayo,0.7,158.0,19,26,9,-7,62.0,99.0,23.0,1.0,4.0,-3.0,C9,,18,LEV,,16,0,VCT Americas
4679,3,Ascent,C0M,LEV,Viper,0.62,117.0,13,24,6,-11,74.0,80.0,7.0,3.0,3.0,0.0,C9,,18,LEV,,16,0,VCT Americas
4680,0,Breeze,Marved,NRG,Viper,1.4,238.0,21,14,3,7,65.0,162.0,43.0,3.0,2.0,1.0,NRG,,13,LOUD,,10,1,VCT Americas
4681,0,Breeze,Demon1,NRG,Jett,1.19,253.0,19,19,7,0,83.0,171.0,36.0,7.0,0.0,7.0,NRG,,13,LOUD,,10,1,VCT Americas
4682,0,Breeze,crashies,NRG,Sova,1.18,198.0,18,14,3,4,83.0,128.0,35.0,1.0,0.0,1.0,NRG,,13,LOUD,,10,1,VCT Americas
4683,0,Breeze,Victor,NRG,Cypher,0.77,168.0,14,19,5,-5,70.0,116.0,28.0,1.0,1.0,0.0,NRG,,13,LOUD,,10,1,VCT Americas
4684,0,Breeze,Ethan,NRG,Yoru,0.67,149.0,10,18,8,-8,61.0,122.0,9.0,2.0,6.0,-4.0,NRG,,13,LOUD,,10,1,VCT Americas
4685,0,Breeze,Less,LOUD,Cypher,1.5,294.0,25,15,7,10,70.0,191.0,29.0,2.0,1.0,1.0,NRG,,13,LOUD,,10,0,VCT Americas
4686,0,Breeze,tuyz,LOUD,Viper,1.06,199.0,16,14,10,2,83.0,146.0,33.0,0.0,1.0,-1.0,NRG,,13,LOUD,,10,0,VCT Americas
4687,0,Breeze,saadhak,LOUD,Kayo,0.85,217.0,16,19,13,-3,83.0,124.0,22.0,3.0,4.0,-1.0,NRG,,13,LOUD,,10,0,VCT Americas
4688,0,Breeze,qck,LOUD,Jett,0.74,164.0,15,16,0,-1,61.0,100.0,32.0,3.0,6.0,-3.0,NRG,,13,LOUD,,10,0,VCT Americas
4689,0,Breeze,cauanzin,LOUD,Sova,0.73,170.0,12,18,13,-6,78.0,105.0,18.0,1.0,2.0,-1.0,NRG,,13,LOUD,,10,0,VCT Americas
4690,2,Sunset,Demon1,NRG,Raze,1.66,352.0,19,9,3,10,93.0,219.0,37.0,5.0,2.0,3.0,NRG,,13,LOUD,,2,1,VCT Americas
4691,2,Sunset,crashies,NRG,Gekko,1.5,244.0,16,7,3,9,93.0,178.0,42.0,1.0,0.0,1.0,NRG,,13,LOUD,,2,1,VCT Americas
4692,2,Sunset,Marved,NRG,Omen,1.25,217.0,12,9,4,3,67.0,153.0,24.0,1.0,2.0,-1.0,NRG,,13,LOUD,,2,1,VCT Americas
4693,2,Sunset,Victor,NRG,Cypher,1.22,213.0,13,7,2,6,80.0,135.0,25.0,1.0,1.0,0.0,NRG,,13,LOUD,,2,1,VCT Americas
4694,2,Sunset,Ethan,NRG,Kayo,0.95,190.0,9,10,7,-1,87.0,112.0,19.0,1.0,1.0,0.0,NRG,,13,LOUD,,2,1,VCT Americas
4695,2,Sunset,Less,LOUD,Viper,0.91,233.0,11,15,4,-4,73.0,148.0,25.0,1.0,1.0,0.0,NRG,,13,LOUD,,2,0,VCT Americas
4696,2,Sunset,cauanzin,LOUD,Breach,0.62,180.0,9,14,3,-5,67.0,112.0,27.0,0.0,0.0,0.0,NRG,,13,LOUD,,2,0,VCT Americas
4697,2,Sunset,saadhak,LOUD,Sova,0.6,151.0,6,14,5,-8,53.0,121.0,23.0,1.0,0.0,1.0,NRG,,13,LOUD,,2,0,VCT Americas
4698,2,Sunset,tuyz,LOUD,Omen,0.56,126.0,8,12,1,-4,47.0,88.0,38.0,1.0,3.0,-2.0,NRG,,13,LOUD,,2,0,VCT Americas
4699,2,Sunset,qck,LOUD,Phoenix,0.54,161.0,8,14,1,-6,47.0,95.0,42.0,3.0,5.0,-2.0,NRG,,13,LOUD,,2,0,VCT Americas
4700,0,Lotus,valyn,G2,Omen,1.34,237.0,21,13,8,8,71.0,145.0,30.0,2.0,3.0,-1.0,G2,,13,EG,,8,1,VCT Americas
4701,0,Lotus,trent,G2,Fade,1.33,219.0,17,13,11,4,90.0,143.0,36.0,3.0,1.0,2.0,G2,,13,EG,,8,1,VCT Americas
4702,0,Lotus,leaf,G2,Killjoy,1.32,240.0,17,13,8,4,81.0,166.0,13.0,3.0,0.0,3.0,G2,,13,EG,,8,1,VCT Americas
4703,0,Lotus,JonahP,G2,Viper,1.29,235.0,17,13,12,4,67.0,160.0,25.0,0.0,2.0,-2.0,G2,,13,EG,,8,1,VCT Americas
4704,0,Lotus,icy,G2,Raze,0.53,152.0,10,18,5,-8,62.0,104.0,22.0,5.0,2.0,3.0,G2,,13,EG,,8,1,VCT Americas
4705,0,Lotus,NaturE,EG,Viper,1.56,326.0,24,14,9,10,76.0,208.0,35.0,1.0,3.0,-2.0,G2,,13,EG,,8,0,VCT Americas
4706,0,Lotus,Derrek,EG,Fade,0.91,160.0,12,16,11,-4,76.0,110.0,27.0,0.0,1.0,-1.0,G2,,13,EG,,8,0,VCT Americas
4707,0,Lotus,Apoth,EG,Cypher,0.87,200.0,14,17,6,-3,71.0,137.0,31.0,2.0,3.0,-1.0,G2,,13,EG,,8,0,VCT Americas
4708,0,Lotus,supamen,EG,Omen,0.69,174.0,12,18,7,-6,71.0,110.0,33.0,2.0,2.0,0.0,G2,,13,EG,,8,0,VCT Americas
4709,0,Lotus,jawgemo,EG,Raze,0.51,138.0,8,17,4,-9,52.0,104.0,11.0,3.0,4.0,-1.0,G2,,13,EG,,8,0,VCT Americas
4710,2,Icebox,valyn,G2,Omen,1.94,311.0,18,6,9,12,94.0,194.0,34.0,4.0,0.0,4.0,G2,,13,EG,,3,1,VCT Americas
4711,2,Icebox,trent,G2,Sova,1.62,262.0,16,7,7,9,88.0,170.0,21.0,1.0,0.0,1.0,G2,,13,EG,,3,1,VCT Americas
4712,2,Icebox,JonahP,G2,Viper,1.38,268.0,16,10,7,6,81.0,171.0,24.0,4.0,2.0,2.0,G2,,13,EG,,3,1,VCT Americas
4713,2,Icebox,leaf,G2,Killjoy,1.23,229.0,15,8,2,7,81.0,131.0,20.0,1.0,1.0,0.0,G2,,13,EG,,3,1,VCT Americas
4714,2,Icebox,icy,G2,Gekko,0.74,119.0,7,9,6,-2,81.0,76.0,20.0,1.0,2.0,-1.0,G2,,13,EG,,3,1,VCT Americas
4715,2,Icebox,NaturE,EG,Killjoy,1.18,279.0,14,14,5,0,75.0,196.0,34.0,1.0,1.0,0.0,G2,,13,EG,,3,0,VCT Americas
4716,2,Icebox,jawgemo,EG,Jett,0.82,171.0,9,14,3,-5,56.0,128.0,32.0,2.0,3.0,-1.0,G2,,13,EG,,3,0,VCT Americas
4717,2,Icebox,supamen,EG,Viper,0.56,120.0,7,13,3,-6,50.0,70.0,46.0,1.0,3.0,-2.0,G2,,13,EG,,3,0,VCT Americas
4718,2,Icebox,Derrek,EG,Sova,0.47,144.0,8,16,0,-8,50.0,112.0,41.0,1.0,2.0,-1.0,G2,,13,EG,,3,0,VCT Americas
4719,2,Icebox,Apoth,EG,Harbor,0.06,50.0,2,15,3,-13,38.0,35.0,20.0,0.0,2.0,-2.0,G2,,13,EG,,3,0,VCT Americas
4720,0,Icebox,Sacy,SEN,Gekko,1.6,256.0,22,13,5,9,70.0,172.0,43.0,2.0,1.0,1.0,SEN,,13,100T,,10,1,VCT Americas
4721,0,Icebox,johnqt,SEN,Viper,1.14,201.0,15,12,5,3,74.0,134.0,33.0,1.0,2.0,-1.0,SEN,,13,100T,,10,1,VCT Americas
4722,0,Icebox,Zellsis,SEN,Killjoy,1.09,172.0,13,13,3,0,83.0,117.0,21.0,2.0,0.0,2.0,SEN,,13,100T,,10,1,VCT Americas
4723,0,Icebox,TenZ,SEN,Kayo,1.07,207.0,15,16,21,-1,74.0,114.0,27.0,1.0,4.0,-3.0,SEN,,13,100T,,10,1,VCT Americas
4724,0,Icebox,zekken,SEN,Jett,0.77,166.0,14,17,3,-3,61.0,114.0,33.0,3.0,7.0,-4.0,SEN,,13,100T,,10,1,VCT Americas
4725,0,Icebox,Cryocells,100T,Jett,1.39,313.0,26,16,2,10,70.0,204.0,32.0,7.0,3.0,4.0,SEN,,13,100T,,10,0,VCT Americas
4726,0,Icebox,bang,100T,Viper,1.18,232.0,17,16,11,1,87.0,157.0,28.0,2.0,2.0,0.0,SEN,,13,100T,,10,0,VCT Americas
4727,0,Icebox,eeiu,100T,Sova,0.84,127.0,11,14,5,-3,74.0,92.0,43.0,1.0,1.0,0.0,SEN,,13,100T,,10,0,VCT Americas
4728,0,Icebox,Asuna,100T,Gekko,0.71,138.0,11,16,6,-5,61.0,97.0,34.0,2.0,1.0,1.0,SEN,,13,100T,,10,0,VCT Americas
4729,0,Icebox,Boostio,100T,Killjoy,0.34,90.0,6,17,4,-11,48.0,65.0,15.0,2.0,2.0,0.0,SEN,,13,100T,,10,0,VCT Americas
4730,2,Split,Zellsis,SEN,Viper,1.37,196.0,14,8,9,6,89.0,141.0,32.0,0.0,2.0,-2.0,SEN,,13,100T,,6,1,VCT Americas
4731,2,Split,TenZ,SEN,Omen,1.3,218.0,14,12,14,2,79.0,143.0,23.0,3.0,0.0,3.0,SEN,,13,100T,,6,1,VCT Americas
4732,2,Split,johnqt,SEN,Cypher,1.18,194.0,15,9,2,6,68.0,136.0,38.0,1.0,1.0,0.0,SEN,,13,100T,,6,1,VCT Americas
4733,2,Split,zekken,SEN,Raze,1.16,311.0,20,15,5,5,74.0,194.0,21.0,5.0,3.0,2.0,SEN,,13,100T,,6,1,VCT Americas
4734,2,Split,Sacy,SEN,Skye,1.15,209.0,14,12,12,2,79.0,141.0,24.0,2.0,2.0,0.0,SEN,,13,100T,,6,1,VCT Americas
4735,2,Split,Cryocells,100T,Astra,1.02,181.0,14,14,1,0,79.0,130.0,24.0,2.0,0.0,2.0,SEN,,13,100T,,6,0,VCT Americas
4736,2,Split,Asuna,100T,Raze,0.95,243.0,16,16,2,0,58.0,147.0,18.0,2.0,3.0,-1.0,SEN,,13,100T,,6,0,VCT Americas
4737,2,Split,eeiu,100T,Fade,0.94,177.0,10,15,4,-5,74.0,124.0,27.0,2.0,1.0,1.0,SEN,,13,100T,,6,0,VCT Americas
4738,2,Split,bang,100T,Viper,0.86,198.0,12,17,5,-5,63.0,135.0,37.0,1.0,4.0,-3.0,SEN,,13,100T,,6,0,VCT Americas
4739,2,Split,Boostio,100T,Gekko,0.32,74.0,4,15,8,-11,58.0,49.0,13.0,1.0,3.0,-2.0,SEN,,13,100T,,6,0,VCT Americas
4740,0,Lotus,keznit,KRÜ,Raze,1.41,336.0,23,16,6,7,80.0,210.0,30.0,7.0,2.0,5.0,KRU,,13,FUR,,7,0,VCT Americas
4741,0,Lotus,heat,KRÜ,Fade,1.35,230.0,16,13,11,3,90.0,149.0,38.0,2.0,0.0,2.0,KRU,,13,FUR,,7,0,VCT Americas
4742,0,Lotus,Melser,KRÜ,Omen,1.12,205.0,15,13,5,2,75.0,143.0,43.0,1.0,0.0,1.0,KRU,,13,FUR,,7,0,VCT Americas
4743,0,Lotus,Shyy,KRÜ,Killjoy,0.99,122.0,11,10,1,1,70.0,92.0,23.0,0.0,0.0,0.0,KRU,,13,FUR,,7,0,VCT Americas
4744,0,Lotus,Klaus,KRÜ,Viper,0.73,179.0,12,15,4,-3,70.0,115.0,28.0,6.0,2.0,4.0,KRU,,13,FUR,,7,0,VCT Americas
4745,0,Lotus,nzr,FUR,Skye,1.58,314.0,23,14,9,9,80.0,199.0,47.0,0.0,0.0,0.0,KRU,,13,FUR,,7,0,VCT Americas
4746,0,Lotus,Khalil,FUR,Omen,0.74,189.0,14,15,6,-1,80.0,116.0,36.0,1.0,3.0,-2.0,KRU,,13,FUR,,7,0,VCT Americas
4747,0,Lotus,kon4n,FUR,Viper,0.62,147.0,10,15,5,-5,75.0,102.0,16.0,2.0,4.0,-2.0,KRU,,13,FUR,,7,0,VCT Americas
4748,0,Lotus,mwzera,FUR,Raze,0.61,160.0,10,17,4,-7,55.0,97.0,14.0,0.0,5.0,-5.0,KRU,,13,FUR,,7,0,VCT Americas
4749,0,Lotus,havoc,FUR,Killjoy,0.56,147.0,10,16,2,-6,55.0,108.0,38.0,1.0,4.0,-3.0,KRU,,13,FUR,,7,0,VCT Americas
4750,2,Icebox,heat,KRÜ,Kayo,1.67,279.0,26,15,17,11,75.0,177.0,29.0,1.0,3.0,-2.0,KRU,,11,FUR,,13,0,VCT Americas
4751,2,Icebox,keznit,KRÜ,Reyna,1.26,281.0,24,17,5,7,58.0,189.0,36.0,4.0,4.0,0.0,KRU,,11,FUR,,13,0,VCT Americas
4752,2,Icebox,Melser,KRÜ,Viper,0.88,163.0,13,16,9,-3,71.0,119.0,35.0,2.0,2.0,0.0,KRU,,11,FUR,,13,0,VCT Americas
4753,2,Icebox,Shyy,KRÜ,Killjoy,0.84,163.0,12,15,6,-3,75.0,114.0,21.0,2.0,1.0,1.0,KRU,,11,FUR,,13,0,VCT Americas
4754,2,Icebox,Klaus,KRÜ,Gekko,0.52,115.0,8,17,5,-9,71.0,85.0,21.0,1.0,4.0,-3.0,KRU,,11,FUR,,13,0,VCT Americas
4755,2,Icebox,mwzera,FUR,Omen,1.23,285.0,23,18,3,5,71.0,196.0,21.0,6.0,3.0,3.0,KRU,,11,FUR,,13,1,VCT Americas
4756,2,Icebox,Khalil,FUR,Killjoy,1.12,170.0,14,14,4,0,71.0,133.0,29.0,0.0,2.0,-2.0,KRU,,11,FUR,,13,1,VCT Americas
4757,2,Icebox,havoc,FUR,Gekko,0.94,215.0,18,18,2,0,67.0,146.0,50.0,3.0,3.0,0.0,KRU,,11,FUR,,13,1,VCT Americas
4758,2,Icebox,kon4n,FUR,Viper,0.94,170.0,14,17,6,-3,71.0,126.0,33.0,3.0,1.0,2.0,KRU,,11,FUR,,13,1,VCT Americas
4759,2,Icebox,nzr,FUR,Kayo,0.75,125.0,11,16,6,-5,63.0,81.0,21.0,2.0,1.0,1.0,KRU,,11,FUR,,13,1,VCT Americas
4760,3,Breeze,heat,KRÜ,Kayo,1.54,269.0,22,10,11,12,85.0,200.0,51.0,2.0,1.0,1.0,KRU,,13,FUR,,7,0,VCT Americas
4761,3,Breeze,Shyy,KRÜ,Cypher,1.39,190.0,15,7,7,8,90.0,139.0,33.0,1.0,1.0,0.0,KRU,,13,FUR,,7,0,VCT Americas
4762,3,Breeze,keznit,KRÜ,Jett,1.27,232.0,19,11,0,8,90.0,141.0,31.0,3.0,1.0,2.0,KRU,,13,FUR,,7,0,VCT Americas
4763,3,Breeze,Klaus,KRÜ,Sova,1.14,207.0,13,11,5,2,80.0,163.0,33.0,4.0,2.0,2.0,KRU,,13,FUR,,7,0,VCT Americas
4764,3,Breeze,Melser,KRÜ,Viper,0.97,181.0,12,12,8,0,75.0,131.0,22.0,2.0,3.0,-1.0,KRU,,13,FUR,,7,0,VCT Americas
4765,3,Breeze,Khalil,FUR,Cypher,0.88,165.0,10,15,4,-5,60.0,116.0,34.0,2.0,0.0,2.0,KRU,,13,FUR,,7,0,VCT Americas
4766,3,Breeze,nzr,FUR,Sova,0.71,144.0,10,16,5,-6,55.0,98.0,27.0,1.0,0.0,1.0,KRU,,13,FUR,,7,0,VCT Americas
4767,3,Breeze,mwzera,FUR,Jett,0.69,184.0,13,17,1,-4,50.0,112.0,12.0,3.0,6.0,-3.0,KRU,,13,FUR,,7,0,VCT Americas
4768,3,Breeze,havoc,FUR,Kayo,0.61,138.0,10,17,4,-7,60.0,103.0,55.0,2.0,3.0,-1.0,KRU,,13,FUR,,7,0,VCT Americas
4769,3,Breeze,kon4n,FUR,Viper,0.61,132.0,8,16,5,-8,55.0,93.0,17.0,0.0,3.0,-3.0,KRU,,13,FUR,,7,0,VCT Americas
4770,0,Bind,JonahP,G2,Kayo,1.07,171.0,11,13,16,-2,86.0,118.0,18.0,2.0,0.0,2.0,G2,,9,100T,,13,0,VCT Americas
4771,0,Bind,trent,G2,Fade,1.06,233.0,16,17,18,-1,82.0,151.0,37.0,2.0,3.0,-1.0,G2,,9,100T,,13,0,VCT Americas
4772,0,Bind,valyn,G2,Brimstone,0.97,204.0,17,15,7,2,82.0,117.0,24.0,3.0,2.0,1.0,G2,,9,100T,,13,0,VCT Americas
4773,0,Bind,icy,G2,Yoru,0.95,225.0,17,17,4,0,68.0,136.0,21.0,4.0,5.0,-1.0,G2,,9,100T,,13,0,VCT Americas
4774,0,Bind,leaf,G2,Viper,0.93,186.0,13,15,6,-2,59.0,129.0,37.0,1.0,0.0,1.0,G2,,9,100T,,13,0,VCT Americas
4775,0,Bind,Cryocells,100T,Brimstone,1.34,235.0,18,14,15,4,77.0,156.0,30.0,0.0,0.0,0.0,G2,,9,100T,,13,1,VCT Americas
4776,0,Bind,eeiu,100T,Fade,1.32,204.0,18,12,4,6,68.0,130.0,28.0,2.0,1.0,1.0,G2,,9,100T,,13,1,VCT Americas
4777,0,Bind,bang,100T,Viper,1.17,224.0,17,15,8,2,77.0,143.0,35.0,2.0,2.0,0.0,G2,,9,100T,,13,1,VCT Americas
4778,0,Bind,Boostio,100T,Gekko,1.04,174.0,14,16,5,-2,82.0,116.0,30.0,1.0,1.0,0.0,G2,,9,100T,,13,1,VCT Americas
4779,0,Bind,Asuna,100T,Raze,0.54,147.0,10,17,5,-7,45.0,105.0,16.0,5.0,8.0,-3.0,G2,,9,100T,,13,1,VCT Americas
4780,2,Split,trent,G2,Viper,1.21,258.0,19,16,5,3,62.0,173.0,34.0,1.0,1.0,0.0,G2,,8,100T,,13,0,VCT Americas
4781,2,Split,leaf,G2,Cypher,0.9,199.0,14,16,2,-2,71.0,130.0,25.0,2.0,3.0,-1.0,G2,,8,100T,,13,0,VCT Americas
4782,2,Split,valyn,G2,Omen,0.78,126.0,12,15,1,-3,67.0,78.0,30.0,3.0,1.0,2.0,G2,,8,100T,,13,0,VCT Americas
4783,2,Split,JonahP,G2,Breach,0.72,134.0,9,14,9,-5,71.0,87.0,13.0,0.0,1.0,-1.0,G2,,8,100T,,13,0,VCT Americas
4784,2,Split,icy,G2,Raze,0.55,133.0,7,15,7,-8,67.0,97.0,17.0,2.0,7.0,-5.0,G2,,8,100T,,13,0,VCT Americas
4785,2,Split,Asuna,100T,Raze,1.46,301.0,21,13,6,8,71.0,205.0,23.0,7.0,5.0,2.0,G2,,8,100T,,13,1,VCT Americas
4786,2,Split,bang,100T,Viper,1.27,206.0,14,10,13,4,81.0,133.0,22.0,3.0,1.0,2.0,G2,,8,100T,,13,1,VCT Americas
4787,2,Split,eeiu,100T,Fade,1.17,182.0,15,11,3,4,71.0,124.0,26.0,1.0,0.0,1.0,G2,,8,100T,,13,1,VCT Americas
4788,2,Split,Cryocells,100T,Astra,1.13,223.0,16,14,7,2,76.0,150.0,18.0,2.0,0.0,2.0,G2,,8,100T,,13,1,VCT Americas
4789,2,Split,Boostio,100T,Gekko,0.71,119.0,9,13,2,-4,67.0,80.0,20.0,0.0,2.0,-2.0,G2,,8,100T,,13,1,VCT Americas
4790,0,Lotus,johnqt,SEN,Viper,1.24,230.0,29,21,6,8,69.0,162.0,37.0,2.0,2.0,0.0,SEN,,17,LEV,,19,0,VCT Americas
4791,0,Lotus,Sacy,SEN,Fade,0.86,161.0,20,27,11,-7,67.0,129.0,33.0,4.0,3.0,1.0,SEN,,17,LEV,,19,0,VCT Americas
4792,0,Lotus,Zellsis,SEN,Killjoy,0.82,193.0,23,25,1,-2,72.0,134.0,16.0,2.0,4.0,-2.0,SEN,,17,LEV,,19,0,VCT Americas
4793,0,Lotus,TenZ,SEN,Omen,0.75,167.0,18,29,14,-11,64.0,117.0,27.0,5.0,6.0,-1.0,SEN,,17,LEV,,19,0,VCT Americas
4794,0,Lotus,zekken,SEN,Raze,0.53,170.0,20,32,5,-12,64.0,111.0,18.0,2.0,6.0,-4.0,SEN,,17,LEV,,19,0,VCT Americas
4795,0,Lotus,aspas,LEV,Raze,1.92,372.0,47,19,6,28,83.0,239.0,40.0,7.0,3.0,4.0,SEN,,17,LEV,,19,1,VCT Americas
4796,0,Lotus,kiNgg,LEV,Viper,1.2,224.0,28,22,8,6,86.0,148.0,40.0,4.0,2.0,2.0,SEN,,17,LEV,,19,1,VCT Americas
4797,0,Lotus,Mazino,LEV,Omen,1.06,198.0,25,20,12,5,86.0,134.0,34.0,4.0,1.0,3.0,SEN,,17,LEV,,19,1,VCT Americas
4798,0,Lotus,C0M,LEV,Fade,0.73,143.0,17,26,13,-9,78.0,95.0,21.0,3.0,7.0,-4.0,SEN,,17,LEV,,19,1,VCT Americas
4799,0,Lotus,tex,LEV,Killjoy,0.71,127.0,17,23,3,-6,72.0,87.0,27.0,3.0,2.0,1.0,SEN,,17,LEV,,19,1,VCT Americas
4800,2,Icebox,TenZ,SEN,Kayo,1.15,212.0,19,16,11,3,83.0,126.0,24.0,2.0,2.0,0.0,SEN,,11,LEV,,13,0,VCT Americas
4801,2,Icebox,zekken,SEN,Jett,1.13,237.0,21,16,1,5,67.0,146.0,40.0,5.0,2.0,3.0,SEN,,11,LEV,,13,0,VCT Americas
4802,2,Icebox,Zellsis,SEN,Killjoy,1.12,212.0,16,15,2,1,67.0,134.0,17.0,4.0,3.0,1.0,SEN,,11,LEV,,13,0,VCT Americas
4803,2,Icebox,Sacy,SEN,Gekko,0.6,107.0,8,16,5,-8,67.0,73.0,23.0,1.0,3.0,-2.0,SEN,,11,LEV,,13,0,VCT Americas
4804,2,Icebox,johnqt,SEN,Viper,0.59,94.0,6,15,10,-9,79.0,72.0,20.0,1.0,0.0,1.0,SEN,,11,LEV,,13,0,VCT Americas
4805,2,Icebox,aspas,LEV,Jett,1.14,255.0,21,15,3,6,71.0,174.0,19.0,6.0,4.0,2.0,SEN,,11,LEV,,13,1,VCT Americas
4806,2,Icebox,C0M,LEV,Sova,1.13,197.0,16,13,9,3,71.0,120.0,23.0,1.0,3.0,-2.0,SEN,,11,LEV,,13,1,VCT Americas
4807,2,Icebox,kiNgg,LEV,Viper,1.05,219.0,18,14,6,4,67.0,154.0,26.0,2.0,2.0,0.0,SEN,,11,LEV,,13,1,VCT Americas
4808,2,Icebox,tex,LEV,Killjoy,0.92,138.0,12,12,3,0,79.0,98.0,26.0,0.0,2.0,-2.0,SEN,,11,LEV,,13,1,VCT Americas
4809,2,Icebox,Mazino,LEV,Harbor,0.63,123.0,11,16,9,-5,58.0,86.0,23.0,1.0,2.0,-1.0,SEN,,11,LEV,,13,1,VCT Americas
4810,0,Icebox,Klaus,KRÜ,Gekko,1.31,243.0,16,11,8,5,95.0,156.0,19.0,1.0,0.0,1.0,KRU,,13,MIBR,,6,0,VCT Americas
4811,0,Icebox,keznit,KRÜ,Reyna,1.13,239.0,18,11,1,7,74.0,147.0,35.0,4.0,6.0,-2.0,KRU,,13,MIBR,,6,0,VCT Americas
4812,0,Icebox,heat,KRÜ,Kayo,1.11,200.0,14,12,11,2,84.0,134.0,30.0,1.0,1.0,0.0,KRU,,13,MIBR,,6,0,VCT Americas
4813,0,Icebox,Melser,KRÜ,Viper,1.06,179.0,12,9,4,3,79.0,136.0,39.0,3.0,3.0,0.0,KRU,,13,MIBR,,6,0,VCT Americas
4814,0,Icebox,Shyy,KRÜ,Killjoy,1.05,147.0,11,9,2,2,84.0,115.0,28.0,0.0,0.0,0.0,KRU,,13,MIBR,,6,0,VCT Americas
4815,0,Icebox,jzz,MIBR,Sova,1.12,210.0,15,14,3,1,74.0,150.0,45.0,2.0,1.0,1.0,KRU,,13,MIBR,,6,0,VCT Americas
4816,0,Icebox,frz,MIBR,Killjoy,0.92,196.0,11,13,4,-2,68.0,155.0,19.0,0.0,3.0,-3.0,KRU,,13,MIBR,,6,0,VCT Americas
4817,0,Icebox,artzin,MIBR,Jett,0.91,216.0,14,18,2,-4,53.0,131.0,44.0,6.0,3.0,3.0,KRU,,13,MIBR,,6,0,VCT Americas
4818,0,Icebox,mazin,MIBR,Viper,0.72,103.0,6,11,6,-5,74.0,70.0,23.0,0.0,1.0,-1.0,KRU,,13,MIBR,,6,0,VCT Americas
4819,0,Icebox,RgLMeister,MIBR,Harbor,0.57,108.0,6,15,6,-9,63.0,68.0,20.0,2.0,1.0,1.0,KRU,,13,MIBR,,6,0,VCT Americas
4820,2,Sunset,heat,KRÜ,Gekko,1.22,205.0,17,13,2,4,67.0,137.0,57.0,2.0,3.0,-1.0,KRU,,13,MIBR,,8,0,VCT Americas
4821,2,Sunset,keznit,KRÜ,Raze,1.22,297.0,20,16,5,4,67.0,217.0,22.0,3.0,2.0,1.0,KRU,,13,MIBR,,8,0,VCT Americas
4822,2,Sunset,Klaus,KRÜ,Breach,1.12,181.0,14,13,9,1,76.0,117.0,30.0,1.0,1.0,0.0,KRU,,13,MIBR,,8,0,VCT Americas
4823,2,Sunset,Melser,KRÜ,Omen,1.0,177.0,15,13,2,2,67.0,123.0,38.0,4.0,2.0,2.0,KRU,,13,MIBR,,8,0,VCT Americas
4824,2,Sunset,Shyy,KRÜ,Cypher,0.97,188.0,13,14,6,-1,71.0,124.0,34.0,1.0,2.0,-1.0,KRU,,13,MIBR,,8,0,VCT Americas
4825,2,Sunset,frz,MIBR,Cypher,0.94,210.0,16,15,2,1,67.0,115.0,22.0,2.0,4.0,-2.0,KRU,,13,MIBR,,8,0,VCT Americas
4826,2,Sunset,RgLMeister,MIBR,Omen,0.94,185.0,14,15,6,-1,71.0,107.0,22.0,0.0,2.0,-2.0,KRU,,13,MIBR,,8,0,VCT Americas
4827,2,Sunset,artzin,MIBR,Raze,0.91,207.0,14,17,2,-3,62.0,151.0,18.0,1.0,2.0,-1.0,KRU,,13,MIBR,,8,0,VCT Americas
4828,2,Sunset,jzz,MIBR,Skye,0.83,205.0,14,17,6,-3,67.0,138.0,37.0,5.0,2.0,3.0,KRU,,13,MIBR,,8,0,VCT Americas
4829,2,Sunset,mazin,MIBR,Viper,0.77,156.0,11,15,5,-4,71.0,101.0,31.0,2.0,1.0,1.0,KRU,,13,MIBR,,8,0,VCT Americas
4830,0,Split,Demon1,NRG,Jett,1.59,278.0,17,7,0,10,87.0,189.0,52.0,3.0,0.0,3.0,NRG,,13,FUR,,2,1,VCT Americas
4831,0,Split,Marved,NRG,Viper,1.57,255.0,15,6,5,9,87.0,167.0,29.0,2.0,1.0,1.0,NRG,,13,FUR,,2,1,VCT Americas
4832,0,Split,Victor,NRG,Raze,1.39,314.0,16,9,6,7,87.0,212.0,20.0,4.0,2.0,2.0,NRG,,13,FUR,,2,1,VCT Americas
4833,0,Split,crashies,NRG,Skye,1.38,232.0,14,7,8,7,100.0,140.0,52.0,0.0,0.0,0.0,NRG,,13,FUR,,2,1,VCT Americas
4834,0,Split,Ethan,NRG,Omen,0.82,144.0,7,9,10,-2,80.0,103.0,35.0,1.0,2.0,-1.0,NRG,,13,FUR,,2,1,VCT Americas
4835,0,Split,nzr,FUR,Skye,0.97,166.0,10,12,4,-2,67.0,87.0,28.0,1.0,1.0,0.0,NRG,,13,FUR,,2,0,VCT Americas
4836,0,Split,havoc,FUR,Raze,0.94,219.0,10,14,5,-4,73.0,162.0,23.0,1.0,4.0,-3.0,NRG,,13,FUR,,2,0,VCT Americas
4837,0,Split,Khalil,FUR,Omen,0.6,146.0,7,15,4,-8,67.0,87.0,19.0,1.0,0.0,1.0,NRG,,13,FUR,,2,0,VCT Americas
4838,0,Split,kon4n,FUR,Viper,0.42,130.0,5,14,5,-9,40.0,83.0,19.0,1.0,1.0,0.0,NRG,,13,FUR,,2,0,VCT Americas
4839,0,Split,mwzera,FUR,Yoru,0.41,136.0,6,14,3,-8,53.0,84.0,14.0,1.0,4.0,-3.0,NRG,,13,FUR,,2,0,VCT Americas
4840,2,Breeze,Victor,NRG,Cypher,1.48,295.0,24,14,2,10,71.0,196.0,28.0,3.0,1.0,2.0,NRG,,13,FUR,,8,1,VCT Americas
4841,2,Breeze,Demon1,NRG,Jett,1.1,265.0,21,16,1,5,76.0,183.0,51.0,6.0,3.0,3.0,NRG,,13,FUR,,8,1,VCT Americas
4842,2,Breeze,Ethan,NRG,Yoru,1.03,172.0,13,11,6,2,76.0,120.0,20.0,2.0,3.0,-1.0,NRG,,13,FUR,,8,1,VCT Americas
4843,2,Breeze,Marved,NRG,Viper,0.97,161.0,11,12,9,-1,71.0,113.0,28.0,0.0,2.0,-2.0,NRG,,13,FUR,,8,1,VCT Americas
4844,2,Breeze,crashies,NRG,Sova,0.69,137.0,10,15,7,-5,76.0,95.0,47.0,0.0,1.0,-1.0,NRG,,13,FUR,,8,1,VCT Americas
4845,2,Breeze,nzr,FUR,Sova,1.29,234.0,15,14,6,1,67.0,171.0,20.0,0.0,0.0,0.0,NRG,,13,FUR,,8,0,VCT Americas
4846,2,Breeze,mwzera,FUR,Yoru,1.03,220.0,17,17,7,0,71.0,133.0,39.0,1.0,2.0,-1.0,NRG,,13,FUR,,8,0,VCT Americas
4847,2,Breeze,kon4n,FUR,Viper,0.94,176.0,14,15,8,-1,76.0,102.0,30.0,3.0,2.0,1.0,NRG,,13,FUR,,8,0,VCT Americas
4848,2,Breeze,Khalil,FUR,Cypher,0.85,147.0,11,15,4,-4,62.0,106.0,18.0,1.0,0.0,1.0,NRG,,13,FUR,,8,0,VCT Americas
4849,2,Breeze,havoc,FUR,Jett,0.48,149.0,11,18,1,-7,57.0,91.0,60.0,5.0,7.0,-2.0,NRG,,13,FUR,,8,0,VCT Americas
4850,0,Lotus,runi,C9,Viper,1.37,216.0,17,14,8,3,68.0,162.0,33.0,1.0,2.0,-1.0,C9,,9,EG,,13,0,VCT Americas
4851,0,Lotus,moose,C9,Killjoy,0.98,175.0,13,14,3,-1,68.0,116.0,33.0,1.0,2.0,-1.0,C9,,9,EG,,13,0,VCT Americas
4852,0,Lotus,OXY,C9,Raze,0.82,228.0,16,20,5,-4,73.0,130.0,18.0,5.0,4.0,1.0,C9,,9,EG,,13,0,VCT Americas
4853,0,Lotus,Xeppaa,C9,Gekko,0.81,203.0,16,18,4,-2,64.0,118.0,30.0,1.0,2.0,-1.0,C9,,9,EG,,13,0,VCT Americas
4854,0,Lotus,vanity,C9,Omen,0.44,98.0,8,18,4,-10,59.0,61.0,17.0,1.0,3.0,-2.0,C9,,9,EG,,13,0,VCT Americas
4855,0,Lotus,supamen,EG,Omen,1.22,250.0,18,14,11,4,82.0,159.0,29.0,3.0,2.0,1.0,C9,,9,EG,,13,1,VCT Americas
4856,0,Lotus,NaturE,EG,Viper,1.14,202.0,18,13,2,5,73.0,133.0,46.0,2.0,2.0,0.0,C9,,9,EG,,13,1,VCT Americas
4857,0,Lotus,Derrek,EG,Fade,1.11,196.0,15,13,9,2,68.0,131.0,31.0,1.0,1.0,0.0,C9,,9,EG,,13,1,VCT Americas
4858,0,Lotus,jawgemo,EG,Raze,1.09,253.0,21,17,1,4,77.0,151.0,22.0,5.0,3.0,2.0,C9,,9,EG,,13,1,VCT Americas
4859,0,Lotus,Apoth,EG,Cypher,0.94,164.0,12,13,7,-1,86.0,119.0,39.0,2.0,1.0,1.0,C9,,9,EG,,13,1,VCT Americas
4860,2,Sunset,OXY,C9,Raze,2.02,445.0,33,15,4,18,86.0,276.0,37.0,5.0,3.0,2.0,C9,,13,EG,,8,1,VCT Americas
4861,2,Sunset,Xeppaa,C9,Skye,1.18,201.0,14,12,9,2,86.0,120.0,26.0,1.0,4.0,-3.0,C9,,13,EG,,8,1,VCT Americas
4862,2,Sunset,vanity,C9,Omen,1.03,161.0,12,12,7,0,86.0,102.0,22.0,1.0,0.0,1.0,C9,,13,EG,,8,1,VCT Americas
4863,2,Sunset,runi,C9,Viper,1.0,191.0,15,11,9,4,81.0,142.0,52.0,2.0,2.0,0.0,C9,,13,EG,,8,1,VCT Americas
4864,2,Sunset,moose,C9,Cypher,0.72,141.0,11,12,4,-1,57.0,101.0,32.0,0.0,3.0,-3.0,C9,,13,EG,,8,1,VCT Americas
4865,2,Sunset,Apoth,EG,Cypher,1.17,245.0,17,16,3,1,62.0,172.0,33.0,5.0,2.0,3.0,C9,,13,EG,,8,0,VCT Americas
4866,2,Sunset,NaturE,EG,Breach,0.95,128.0,8,14,14,-6,76.0,98.0,24.0,0.0,0.0,0.0,C9,,13,EG,,8,0,VCT Americas
4867,2,Sunset,Derrek,EG,Fade,0.87,199.0,12,16,7,-4,57.0,140.0,37.0,0.0,0.0,0.0,C9,,13,EG,,8,0,VCT Americas
4868,2,Sunset,jawgemo,EG,Raze,0.57,199.0,14,21,1,-7,52.0,134.0,33.0,5.0,2.0,3.0,C9,,13,EG,,8,0,VCT Americas
4869,2,Sunset,supamen,EG,Omen,0.52,137.0,10,18,3,-8,57.0,89.0,47.0,2.0,5.0,-3.0,C9,,13,EG,,8,0,VCT Americas
4870,3,Split,OXY,C9,Raze,2.09,444.0,27,10,4,17,94.0,286.0,24.0,5.0,3.0,2.0,C9,,13,EG,,4,1,VCT Americas
4871,3,Split,moose,C9,Cypher,1.44,196.0,13,8,6,5,88.0,149.0,25.0,0.0,0.0,0.0,C9,,13,EG,,4,1,VCT Americas
4872,3,Split,Xeppaa,C9,Skye,1.21,206.0,13,9,9,4,82.0,120.0,25.0,3.0,0.0,3.0,C9,,13,EG,,4,1,VCT Americas
4873,3,Split,runi,C9,Viper,1.19,182.0,12,8,5,4,76.0,124.0,29.0,2.0,0.0,2.0,C9,,13,EG,,4,1,VCT Americas
4874,3,Split,vanity,C9,Omen,0.92,163.0,9,10,10,-1,76.0,87.0,12.0,2.0,2.0,0.0,C9,,13,EG,,4,1,VCT Americas
4875,3,Split,Derrek,EG,Skye,0.71,159.0,8,15,7,-7,59.0,97.0,36.0,1.0,0.0,1.0,C9,,13,EG,,4,0,VCT Americas
4876,3,Split,jawgemo,EG,Raze,0.7,165.0,8,14,1,-6,47.0,121.0,32.0,2.0,3.0,-1.0,C9,,13,EG,,4,0,VCT Americas
4877,3,Split,NaturE,EG,Viper,0.68,168.0,9,15,4,-6,65.0,118.0,48.0,0.0,1.0,-1.0,C9,,13,EG,,4,0,VCT Americas
4878,3,Split,Apoth,EG,Cypher,0.65,176.0,11,15,2,-4,47.0,109.0,48.0,0.0,6.0,-6.0,C9,,13,EG,,4,0,VCT Americas
4879,3,Split,supamen,EG,Omen,0.59,190.0,9,15,4,-6,71.0,130.0,29.0,2.0,2.0,0.0,C9,,13,EG,,4,0,VCT Americas
4880,0,Bind,OXY,C9,Raze,1.11,255.0,21,19,8,2,75.0,170.0,26.0,3.0,5.0,-2.0,C9,,11,LOUD,,13,0,VCT Americas
4881,0,Bind,moose,C9,Cypher,1.1,191.0,19,14,1,5,75.0,115.0,31.0,1.0,0.0,1.0,C9,,11,LOUD,,13,0,VCT Americas
4882,0,Bind,runi,C9,Viper,1.03,199.0,18,16,6,2,88.0,133.0,37.0,2.0,1.0,1.0,C9,,11,LOUD,,13,0,VCT Americas
4883,0,Bind,vanity,C9,Brimstone,1.02,196.0,17,16,10,1,75.0,126.0,21.0,5.0,3.0,2.0,C9,,11,LOUD,,13,0,VCT Americas
4884,0,Bind,Xeppaa,C9,Skye,0.7,132.0,11,17,12,-6,75.0,84.0,29.0,2.0,2.0,0.0,C9,,11,LOUD,,13,0,VCT Americas
4885,0,Bind,Less,LOUD,Viper,1.33,278.0,25,16,1,9,67.0,196.0,46.0,3.0,1.0,2.0,C9,,11,LOUD,,13,1,VCT Americas
4886,0,Bind,tuyz,LOUD,Brimstone,1.16,219.0,17,18,12,-1,71.0,144.0,28.0,1.0,0.0,1.0,C9,,11,LOUD,,13,1,VCT Americas
4887,0,Bind,cauanzin,LOUD,Kayo,1.0,211.0,16,19,8,-3,75.0,138.0,23.0,2.0,2.0,0.0,C9,,11,LOUD,,13,1,VCT Americas
4888,0,Bind,qck,LOUD,Raze,0.84,169.0,14,18,4,-4,71.0,105.0,20.0,4.0,6.0,-2.0,C9,,11,LOUD,,13,1,VCT Americas
4889,0,Bind,saadhak,LOUD,Breach,0.8,128.0,10,15,9,-5,71.0,92.0,24.0,1.0,4.0,-3.0,C9,,11,LOUD,,13,1,VCT Americas
4890,2,Icebox,runi,C9,Sova,1.49,268.0,19,9,2,10,88.0,182.0,37.0,3.0,1.0,2.0,C9,,13,LOUD,,4,1,VCT Americas
4891,2,Icebox,OXY,C9,Jett,1.3,309.0,21,14,1,7,71.0,190.0,28.0,7.0,2.0,5.0,C9,,13,LOUD,,4,1,VCT Americas
4892,2,Icebox,vanity,C9,Viper,1.17,169.0,10,7,6,3,82.0,118.0,21.0,1.0,0.0,1.0,C9,,13,LOUD,,4,1,VCT Americas
4893,2,Icebox,Xeppaa,C9,Sage,1.14,170.0,9,9,19,0,88.0,109.0,28.0,2.0,1.0,1.0,C9,,13,LOUD,,4,1,VCT Americas
4894,2,Icebox,moose,C9,Killjoy,1.12,157.0,10,6,3,4,82.0,103.0,16.0,0.0,0.0,0.0,C9,,13,LOUD,,4,1,VCT Americas
4895,2,Icebox,saadhak,LOUD,Killjoy,1.08,279.0,13,14,3,-1,53.0,212.0,20.0,1.0,3.0,-2.0,C9,,13,LOUD,,4,0,VCT Americas
4896,2,Icebox,cauanzin,LOUD,Sova,0.94,178.0,9,13,8,-4,76.0,135.0,29.0,0.0,2.0,-2.0,C9,,13,LOUD,,4,0,VCT Americas
4897,2,Icebox,tuyz,LOUD,Harbor,0.76,145.0,8,13,3,-5,65.0,90.0,32.0,1.0,1.0,0.0,C9,,13,LOUD,,4,0,VCT Americas
4898,2,Icebox,Less,LOUD,Viper,0.6,143.0,9,14,2,-5,41.0,87.0,25.0,0.0,3.0,-3.0,C9,,13,LOUD,,4,0,VCT Americas
4899,2,Icebox,qck,LOUD,Jett,0.47,121.0,6,15,2,-9,53.0,83.0,17.0,2.0,4.0,-2.0,C9,,13,LOUD,,4,0,VCT Americas
4900,3,Lotus,Xeppaa,C9,Gekko,1.37,226.0,20,13,10,7,91.0,134.0,27.0,1.0,1.0,0.0,C9,,13,LOUD,,9,1,VCT Americas
4901,3,Lotus,runi,C9,Viper,1.24,210.0,18,13,7,5,86.0,142.0,43.0,2.0,2.0,0.0,C9,,13,LOUD,,9,1,VCT Americas
4902,3,Lotus,OXY,C9,Raze,1.21,285.0,21,16,8,5,82.0,202.0,28.0,7.0,6.0,1.0,C9,,13,LOUD,,9,1,VCT Americas
4903,3,Lotus,vanity,C9,Omen,0.91,136.0,10,13,12,-3,82.0,93.0,19.0,1.0,1.0,0.0,C9,,13,LOUD,,9,1,VCT Americas
4904,3,Lotus,moose,C9,Killjoy,0.9,124.0,10,12,6,-2,82.0,82.0,23.0,1.0,0.0,1.0,C9,,13,LOUD,,9,1,VCT Americas
4905,3,Lotus,saadhak,LOUD,Deadlock,1.32,286.0,23,17,6,6,73.0,170.0,26.0,2.0,3.0,-1.0,C9,,13,LOUD,,9,0,VCT Americas
4906,3,Lotus,Less,LOUD,Viper,0.9,170.0,11,14,8,-3,82.0,107.0,18.0,1.0,1.0,0.0,C9,,13,LOUD,,9,0,VCT Americas
4907,3,Lotus,cauanzin,LOUD,Fade,0.88,184.0,14,17,2,-3,68.0,116.0,23.0,4.0,2.0,2.0,C9,,13,LOUD,,9,0,VCT Americas
4908,3,Lotus,qck,LOUD,Raze,0.83,188.0,11,16,9,-5,68.0,151.0,12.0,3.0,5.0,-2.0,C9,,13,LOUD,,9,0,VCT Americas
4909,3,Lotus,tuyz,LOUD,Omen,0.63,94.0,8,15,4,-7,50.0,60.0,20.0,0.0,1.0,-1.0,C9,,13,LOUD,,9,0,VCT Americas
4910,0,Lotus,TenZ,SEN,Omen,1.73,295.0,18,7,9,11,94.0,191.0,27.0,2.0,0.0,2.0,SEN,,13,MIBR,,3,1,VCT Americas
4911,0,Lotus,Zellsis,SEN,Killjoy,1.43,238.0,14,8,8,6,88.0,179.0,17.0,0.0,1.0,-1.0,SEN,,13,MIBR,,3,1,VCT Americas
4912,0,Lotus,zekken,SEN,Raze,1.41,319.0,18,10,4,8,94.0,205.0,22.0,6.0,4.0,2.0,SEN,,13,MIBR,,3,1,VCT Americas
4913,0,Lotus,johnqt,SEN,Viper,1.37,246.0,14,8,10,6,88.0,147.0,30.0,1.0,1.0,0.0,SEN,,13,MIBR,,3,1,VCT Americas
4914,0,Lotus,Sacy,SEN,Fade,1.05,150.0,10,8,6,2,81.0,101.0,38.0,1.0,0.0,1.0,SEN,,13,MIBR,,3,1,VCT Americas
4915,0,Lotus,mazin,MIBR,Viper,0.93,166.0,11,12,4,-1,50.0,90.0,23.0,0.0,3.0,-3.0,SEN,,13,MIBR,,3,0,VCT Americas
4916,0,Lotus,frz,MIBR,Killjoy,0.64,137.0,7,15,1,-8,44.0,103.0,33.0,1.0,2.0,-1.0,SEN,,13,MIBR,,3,0,VCT Americas
4917,0,Lotus,jzz,MIBR,Skye,0.6,162.0,9,16,3,-7,50.0,120.0,45.0,1.0,1.0,0.0,SEN,,13,MIBR,,3,0,VCT Americas
4918,0,Lotus,RgLMeister,MIBR,Omen,0.59,134.0,7,15,6,-8,50.0,83.0,32.0,1.0,0.0,1.0,SEN,,13,MIBR,,3,0,VCT Americas
4919,0,Lotus,artzin,MIBR,Raze,0.46,166.0,7,16,4,-9,56.0,110.0,25.0,3.0,4.0,-1.0,SEN,,13,MIBR,,3,0,VCT Americas
4920,2,Bind,TenZ,SEN,Gekko,1.53,207.0,16,8,13,8,80.0,124.0,31.0,2.0,0.0,2.0,SEN,,13,MIBR,,7,1,VCT Americas
4921,2,Bind,zekken,SEN,Raze,1.43,330.0,22,14,6,8,85.0,201.0,28.0,8.0,3.0,5.0,SEN,,13,MIBR,,7,1,VCT Americas
4922,2,Bind,johnqt,SEN,Viper,1.29,202.0,15,9,6,6,90.0,136.0,33.0,0.0,3.0,-3.0,SEN,,13,MIBR,,7,1,VCT Americas
4923,2,Bind,Zellsis,SEN,Brimstone,1.11,167.0,12,11,10,1,80.0,111.0,20.0,0.0,1.0,-1.0,SEN,,13,MIBR,,7,1,VCT Americas
4924,2,Bind,Sacy,SEN,Skye,0.86,150.0,12,11,3,1,80.0,90.0,50.0,2.0,1.0,1.0,SEN,,13,MIBR,,7,1,VCT Americas
4925,2,Bind,RgLMeister,MIBR,Brimstone,1.0,201.0,14,16,4,-2,50.0,133.0,43.0,2.0,0.0,2.0,SEN,,13,MIBR,,7,0,VCT Americas
4926,2,Bind,mazin,MIBR,Kayo,0.99,166.0,9,14,15,-5,70.0,103.0,44.0,1.0,0.0,1.0,SEN,,13,MIBR,,7,0,VCT Americas
4927,2,Bind,artzin,MIBR,Raze,0.76,194.0,14,16,3,-2,50.0,137.0,25.0,2.0,4.0,-2.0,SEN,,13,MIBR,,7,0,VCT Americas
4928,2,Bind,frz,MIBR,Viper,0.7,144.0,10,15,5,-5,55.0,98.0,15.0,1.0,6.0,-5.0,SEN,,13,MIBR,,7,0,VCT Americas
4929,2,Bind,jzz,MIBR,Skye,0.46,106.0,6,16,3,-10,55.0,69.0,32.0,2.0,2.0,0.0,SEN,,13,MIBR,,7,0,VCT Americas
4930,0,Lotus,keznit,KRÜ,Raze,1.57,329.0,23,10,2,13,72.0,206.0,27.0,3.0,3.0,0.0,KRU,,13,EG,,5,0,VCT Americas
4931,0,Lotus,Klaus,KRÜ,Viper,1.3,255.0,17,8,1,9,78.0,159.0,28.0,4.0,2.0,2.0,KRU,,13,EG,,5,0,VCT Americas
4932,0,Lotus,heat,KRÜ,Fade,1.12,216.0,13,11,7,2,89.0,133.0,60.0,1.0,1.0,0.0,KRU,,13,EG,,5,0,VCT Americas
4933,0,Lotus,Melser,KRÜ,Omen,0.95,179.0,10,11,7,-1,72.0,142.0,37.0,2.0,1.0,1.0,KRU,,13,EG,,5,0,VCT Americas
4934,0,Lotus,Shyy,KRÜ,Killjoy,0.85,159.0,11,11,3,0,83.0,119.0,21.0,1.0,0.0,1.0,KRU,,13,EG,,5,0,VCT Americas
4935,0,Lotus,supamen,EG,Omen,1.05,198.0,13,13,5,0,72.0,122.0,35.0,1.0,1.0,0.0,KRU,,13,EG,,5,0,VCT Americas
4936,0,Lotus,NaturE,EG,Viper,0.95,203.0,13,15,3,-2,61.0,123.0,35.0,1.0,0.0,1.0,KRU,,13,EG,,5,0,VCT Americas
4937,0,Lotus,Derrek,EG,Fade,0.82,174.0,9,13,6,-4,78.0,114.0,35.0,1.0,0.0,1.0,KRU,,13,EG,,5,0,VCT Americas
4938,0,Lotus,Apoth,EG,Cypher,0.64,166.0,8,16,4,-8,50.0,110.0,33.0,3.0,5.0,-2.0,KRU,,13,EG,,5,0,VCT Americas
4939,0,Lotus,jawgemo,EG,Raze,0.37,126.0,8,17,1,-9,39.0,84.0,22.0,1.0,5.0,-4.0,KRU,,13,EG,,5,0,VCT Americas
4940,2,Breeze,Melser,KRÜ,Viper,1.38,196.0,17,10,6,7,68.0,135.0,39.0,0.0,1.0,-1.0,KRU,,13,EG,,9,0,VCT Americas
4941,2,Breeze,heat,KRÜ,Kayo,1.29,245.0,18,12,4,6,68.0,166.0,43.0,2.0,2.0,0.0,KRU,,13,EG,,9,0,VCT Americas
4942,2,Breeze,Klaus,KRÜ,Sova,1.25,220.0,18,13,8,5,77.0,141.0,40.0,4.0,0.0,4.0,KRU,,13,EG,,9,0,VCT Americas
4943,2,Breeze,Shyy,KRÜ,Cypher,1.04,166.0,12,12,10,0,73.0,104.0,15.0,1.0,2.0,-1.0,KRU,,13,EG,,9,0,VCT Americas
4944,2,Breeze,keznit,KRÜ,Jett,0.86,174.0,14,13,3,1,59.0,123.0,38.0,3.0,7.0,-4.0,KRU,,13,EG,,9,0,VCT Americas
4945,2,Breeze,Derrek,EG,Sova,1.05,184.0,16,15,0,1,50.0,132.0,42.0,1.0,0.0,1.0,KRU,,13,EG,,9,0,VCT Americas
4946,2,Breeze,supamen,EG,Viper,0.87,198.0,15,18,1,-3,64.0,143.0,43.0,4.0,1.0,3.0,KRU,,13,EG,,9,0,VCT Americas
4947,2,Breeze,NaturE,EG,Yoru,0.81,180.0,13,17,2,-4,45.0,123.0,34.0,3.0,3.0,0.0,KRU,,13,EG,,9,0,VCT Americas
4948,2,Breeze,jawgemo,EG,Jett,0.63,153.0,10,16,4,-6,50.0,101.0,34.0,1.0,3.0,-2.0,KRU,,13,EG,,9,0,VCT Americas
4949,2,Breeze,Apoth,EG,Astra,0.58,84.0,6,13,2,-7,50.0,53.0,35.0,3.0,3.0,0.0,KRU,,13,EG,,9,0,VCT Americas
4950,0,Lotus,leaf,G2,Killjoy,1.49,242.0,19,6,1,13,88.0,123.0,18.0,2.0,0.0,2.0,G2,,13,FUR,,3,1,VCT Americas
4951,0,Lotus,trent,G2,Fade,1.42,192.0,12,5,7,7,88.0,117.0,38.0,1.0,0.0,1.0,G2,,13,FUR,,3,1,VCT Americas
4952,0,Lotus,icy,G2,Raze,1.36,298.0,15,10,4,5,88.0,196.0,19.0,8.0,1.0,7.0,G2,,13,FUR,,3,1,VCT Americas
4953,0,Lotus,JonahP,G2,Viper,1.27,213.0,11,9,7,2,94.0,138.0,28.0,0.0,1.0,-1.0,G2,,13,FUR,,3,1,VCT Americas
4954,0,Lotus,valyn,G2,Omen,1.09,158.0,10,8,8,2,94.0,92.0,25.0,2.0,1.0,1.0,G2,,13,FUR,,3,1,VCT Americas
4955,0,Lotus,kon4n,FUR,Viper,1.02,223.0,14,13,1,1,75.0,135.0,38.0,2.0,2.0,0.0,G2,,13,FUR,,3,0,VCT Americas
4956,0,Lotus,havoc,FUR,Killjoy,0.76,182.0,9,14,3,-5,38.0,135.0,29.0,0.0,2.0,-2.0,G2,,13,FUR,,3,0,VCT Americas
4957,0,Lotus,nzr,FUR,Fade,0.7,109.0,6,12,2,-6,44.0,68.0,14.0,0.0,1.0,-1.0,G2,,13,FUR,,3,0,VCT Americas
4958,0,Lotus,mwzera,FUR,Raze,0.46,143.0,6,15,7,-9,75.0,97.0,5.0,1.0,5.0,-4.0,G2,,13,FUR,,3,0,VCT Americas
4959,0,Lotus,Khalil,FUR,Omen,0.28,78.0,3,13,3,-10,50.0,59.0,16.0,0.0,3.0,-3.0,G2,,13,FUR,,3,0,VCT Americas
4960,2,Icebox,trent,G2,Sova,2.04,304.0,19,5,7,14,88.0,205.0,30.0,1.0,0.0,1.0,G2,,13,FUR,,3,1,VCT Americas
4961,2,Icebox,JonahP,G2,Viper,1.62,286.0,19,8,3,11,88.0,180.0,28.0,3.0,0.0,3.0,G2,,13,FUR,,3,1,VCT Americas
4962,2,Icebox,leaf,G2,Killjoy,1.52,246.0,14,5,4,9,94.0,170.0,19.0,3.0,1.0,2.0,G2,,13,FUR,,3,1,VCT Americas
4963,2,Icebox,icy,G2,Gekko,0.97,164.0,11,10,4,1,88.0,92.0,25.0,3.0,2.0,1.0,G2,,13,FUR,,3,1,VCT Americas
4964,2,Icebox,valyn,G2,Harbor,0.9,164.0,9,9,4,0,75.0,99.0,16.0,1.0,2.0,-1.0,G2,,13,FUR,,3,1,VCT Americas
4965,2,Icebox,nzr,FUR,Kayo,1.08,226.0,14,14,2,0,63.0,130.0,24.0,2.0,0.0,2.0,G2,,13,FUR,,3,0,VCT Americas
4966,2,Icebox,Khalil,FUR,Killjoy,0.72,160.0,7,13,5,-6,44.0,138.0,39.0,1.0,3.0,-2.0,G2,,13,FUR,,3,0,VCT Americas
4967,2,Icebox,havoc,FUR,Gekko,0.56,137.0,8,14,2,-6,56.0,93.0,64.0,1.0,3.0,-2.0,G2,,13,FUR,,3,0,VCT Americas
4968,2,Icebox,mwzera,FUR,Omen,0.2,100.0,5,16,5,-11,44.0,60.0,50.0,1.0,2.0,-1.0,G2,,13,FUR,,3,0,VCT Americas
4969,2,Icebox,kon4n,FUR,Viper,0.13,72.0,3,15,1,-12,25.0,60.0,21.0,0.0,3.0,-3.0,G2,,13,FUR,,3,0,VCT Americas
4970,0,Sunset,Ethan,NRG,Kayo,1.32,286.0,16,14,7,2,71.0,165.0,22.0,2.0,1.0,1.0,NRG,,4,LEV,,13,0,VCT Americas
4971,0,Sunset,crashies,NRG,Gekko,0.79,146.0,8,14,3,-6,53.0,107.0,37.0,0.0,1.0,-1.0,NRG,,4,LEV,,13,0,VCT Americas
4972,0,Sunset,Marved,NRG,Omen,0.47,126.0,7,16,4,-9,41.0,88.0,29.0,1.0,2.0,-1.0,NRG,,4,LEV,,13,0,VCT Americas
4973,0,Sunset,Demon1,NRG,Raze,0.39,112.0,6,15,2,-9,47.0,80.0,17.0,0.0,9.0,-9.0,NRG,,4,LEV,,13,0,VCT Americas
4974,0,Sunset,Victor,NRG,Cypher,0.38,119.0,6,15,2,-9,41.0,74.0,27.0,1.0,0.0,1.0,NRG,,4,LEV,,13,0,VCT Americas
4975,0,Sunset,kiNgg,LEV,Omen,1.6,293.0,18,9,10,9,88.0,190.0,40.0,2.0,0.0,2.0,NRG,,4,LEV,,13,1,VCT Americas
4976,0,Sunset,Mazino,LEV,Breach,1.54,305.0,20,11,7,9,82.0,200.0,49.0,3.0,1.0,2.0,NRG,,4,LEV,,13,1,VCT Americas
4977,0,Sunset,aspas,LEV,Raze,1.4,216.0,15,7,3,8,88.0,157.0,30.0,4.0,2.0,2.0,NRG,,4,LEV,,13,1,VCT Americas
4978,0,Sunset,tex,LEV,Gekko,1.29,189.0,12,7,8,5,88.0,129.0,34.0,2.0,0.0,2.0,NRG,,4,LEV,,13,1,VCT Americas
4979,0,Sunset,C0M,LEV,Cypher,0.97,154.0,9,9,8,0,88.0,98.0,26.0,2.0,1.0,1.0,NRG,,4,LEV,,13,1,VCT Americas
4980,2,Bind,Marved,NRG,Viper,1.03,274.0,16,14,1,2,71.0,176.0,24.0,2.0,2.0,0.0,NRG,,4,LEV,,13,0,VCT Americas
4981,2,Bind,Ethan,NRG,Kayo,0.78,134.0,7,14,6,-7,47.0,80.0,33.0,0.0,0.0,0.0,NRG,,4,LEV,,13,0,VCT Americas
4982,2,Bind,Victor,NRG,Brimstone,0.56,148.0,7,15,6,-8,76.0,88.0,36.0,2.0,1.0,1.0,NRG,,4,LEV,,13,0,VCT Americas
4983,2,Bind,crashies,NRG,Gekko,0.41,91.0,6,14,1,-8,24.0,61.0,47.0,0.0,2.0,-2.0,NRG,,4,LEV,,13,0,VCT Americas
4984,2,Bind,Demon1,NRG,Raze,0.38,133.0,7,15,3,-8,41.0,85.0,44.0,2.0,6.0,-4.0,NRG,,4,LEV,,13,0,VCT Americas
4985,2,Bind,aspas,LEV,Raze,1.61,283.0,19,8,4,11,76.0,181.0,33.0,3.0,1.0,2.0,NRG,,4,LEV,,13,1,VCT Americas
4986,2,Bind,kiNgg,LEV,Viper,1.53,248.0,16,8,10,8,82.0,171.0,21.0,1.0,1.0,0.0,NRG,,4,LEV,,13,1,VCT Americas
4987,2,Bind,Mazino,LEV,Brimstone,1.47,279.0,17,10,8,7,88.0,185.0,27.0,3.0,2.0,1.0,NRG,,4,LEV,,13,1,VCT Americas
4988,2,Bind,tex,LEV,Gekko,1.09,179.0,11,9,4,2,71.0,110.0,37.0,3.0,1.0,2.0,NRG,,4,LEV,,13,1,VCT Americas
4989,2,Bind,C0M,LEV,Skye,1.02,134.0,8,8,7,0,82.0,98.0,38.0,1.0,1.0,0.0,NRG,,4,LEV,,13,1,VCT Americas
4990,0,Bind,OXY,C9,Raze,1.07,256.0,18,18,3,0,60.0,169.0,41.0,4.0,4.0,0.0,C9,,7,100T,,13,0,VCT Americas
4991,0,Bind,Xeppaa,C9,Skye,1.01,184.0,12,15,6,-3,70.0,143.0,29.0,1.0,2.0,-1.0,C9,,7,100T,,13,0,VCT Americas
4992,0,Bind,moose,C9,Cypher,0.68,119.0,8,16,3,-8,55.0,69.0,16.0,2.0,0.0,2.0,C9,,7,100T,,13,0,VCT Americas
4993,0,Bind,vanity,C9,Brimstone,0.66,143.0,10,17,9,-7,70.0,93.0,26.0,0.0,4.0,-4.0,C9,,7,100T,,13,0,VCT Americas
4994,0,Bind,runi,C9,Viper,0.63,162.0,11,17,2,-6,65.0,112.0,26.0,2.0,1.0,1.0,C9,,7,100T,,13,0,VCT Americas
4995,0,Bind,Asuna,100T,Raze,1.47,285.0,22,11,4,11,90.0,191.0,22.0,3.0,1.0,2.0,C9,,7,100T,,13,1,VCT Americas
4996,0,Bind,eeiu,100T,Fade,1.37,221.0,17,9,4,8,80.0,158.0,31.0,1.0,0.0,1.0,C9,,7,100T,,13,1,VCT Americas
4997,0,Bind,bang,100T,Viper,1.19,193.0,15,10,4,5,85.0,113.0,28.0,2.0,3.0,-1.0,C9,,7,100T,,13,1,VCT Americas
4998,0,Bind,Cryocells,100T,Brimstone,1.13,249.0,18,15,5,3,75.0,161.0,27.0,3.0,1.0,2.0,C9,,7,100T,,13,1,VCT Americas
4999,0,Bind,Boostio,100T,Gekko,0.75,175.0,11,14,7,-3,90.0,119.0,16.0,2.0,4.0,-2.0,C9,,7,100T,,13,1,VCT Americas
5000,2,Ascent,OXY,C9,Jett,0.91,253.0,17,19,4,-2,68.0,161.0,31.0,5.0,3.0,2.0,C9,,6,100T,,13,0,VCT Americas
5001,2,Ascent,Xeppaa,C9,Kayo,0.79,176.0,9,16,11,-7,74.0,128.0,16.0,0.0,1.0,-1.0,C9,,6,100T,,13,0,VCT Americas
5002,2,Ascent,vanity,C9,Omen,0.75,160.0,9,16,9,-7,42.0,108.0,21.0,2.0,1.0,1.0,C9,,6,100T,,13,0,VCT Americas
5003,2,Ascent,runi,C9,Sova,0.55,91.0,6,15,2,-9,47.0,65.0,19.0,1.0,2.0,-1.0,C9,,6,100T,,13,0,VCT Americas
5004,2,Ascent,moose,C9,Cypher,0.47,115.0,7,16,4,-9,53.0,89.0,18.0,0.0,4.0,-4.0,C9,,6,100T,,13,0,VCT Americas
5005,2,Ascent,Cryocells,100T,Jett,1.57,314.0,22,10,6,12,84.0,202.0,16.0,6.0,3.0,3.0,C9,,6,100T,,13,1,VCT Americas
5006,2,Ascent,bang,100T,Omen,1.55,279.0,21,9,7,12,95.0,169.0,37.0,2.0,1.0,1.0,C9,,6,100T,,13,1,VCT Americas
5007,2,Ascent,Asuna,100T,Kayo,1.44,216.0,14,10,23,4,89.0,130.0,22.0,0.0,1.0,-1.0,C9,,6,100T,,13,1,VCT Americas
5008,2,Ascent,eeiu,100T,Sova,1.38,166.0,12,8,5,4,84.0,130.0,31.0,0.0,0.0,0.0,C9,,6,100T,,13,1,VCT Americas
5009,2,Ascent,Boostio,100T,Killjoy,1.09,214.0,13,11,8,2,79.0,143.0,17.0,3.0,3.0,0.0,C9,,6,100T,,13,1,VCT Americas
5010,0,Lotus,TenZ,SEN,Omen,1.39,261.0,21,17,14,4,74.0,167.0,16.0,1.0,0.0,1.0,SEN,,13,EG,,10,1,VCT Americas
5011,0,Lotus,zekken,SEN,Raze,1.26,255.0,22,16,3,6,87.0,175.0,24.0,7.0,4.0,3.0,SEN,,13,EG,,10,1,VCT Americas
5012,0,Lotus,johnqt,SEN,Viper,1.2,201.0,18,14,11,4,83.0,122.0,22.0,1.0,1.0,0.0,SEN,,13,EG,,10,1,VCT Americas
5013,0,Lotus,Zellsis,SEN,Killjoy,0.99,224.0,16,17,6,-1,61.0,143.0,19.0,3.0,4.0,-1.0,SEN,,13,EG,,10,1,VCT Americas
5014,0,Lotus,Sacy,SEN,Fade,0.55,131.0,10,19,5,-9,61.0,91.0,39.0,0.0,2.0,-2.0,SEN,,13,EG,,10,1,VCT Americas
5015,0,Lotus,jawgemo,EG,Raze,1.49,383.0,29,19,3,10,61.0,242.0,18.0,7.0,3.0,4.0,SEN,,13,EG,,10,0,VCT Americas
5016,0,Lotus,Apoth,EG,Cypher,1.12,229.0,19,16,3,3,57.0,157.0,66.0,1.0,2.0,-1.0,SEN,,13,EG,,10,0,VCT Americas
5017,0,Lotus,supamen,EG,Omen,0.85,161.0,14,18,6,-4,91.0,115.0,35.0,2.0,1.0,1.0,SEN,,13,EG,,10,0,VCT Americas
5018,0,Lotus,Derrek,EG,Fade,0.75,130.0,12,16,1,-4,52.0,98.0,32.0,1.0,2.0,-1.0,SEN,,13,EG,,10,0,VCT Americas
5019,0,Lotus,NaturE,EG,Viper,0.39,108.0,9,18,3,-9,48.0,70.0,24.0,0.0,4.0,-4.0,SEN,,13,EG,,10,0,VCT Americas
5020,2,Bind,Sacy,SEN,Skye,1.35,231.0,21,14,7,7,75.0,142.0,35.0,3.0,2.0,1.0,SEN,,11,EG,,13,0,VCT Americas
5021,2,Bind,johnqt,SEN,Viper,1.15,209.0,17,17,8,0,54.0,135.0,23.0,1.0,0.0,1.0,SEN,,11,EG,,13,0,VCT Americas
5022,2,Bind,Zellsis,SEN,Brimstone,0.98,202.0,15,17,10,-2,71.0,127.0,33.0,4.0,3.0,1.0,SEN,,11,EG,,13,0,VCT Americas
5023,2,Bind,TenZ,SEN,Gekko,0.84,192.0,14,18,6,-4,63.0,131.0,30.0,4.0,3.0,1.0,SEN,,11,EG,,13,0,VCT Americas
5024,2,Bind,zekken,SEN,Raze,0.47,132.0,9,19,6,-10,50.0,100.0,18.0,2.0,2.0,0.0,SEN,,11,EG,,13,0,VCT Americas
5025,2,Bind,NaturE,EG,Skye,1.49,273.0,24,14,14,10,79.0,172.0,26.0,2.0,0.0,2.0,SEN,,11,EG,,13,1,VCT Americas
5026,2,Bind,Apoth,EG,Brimstone,1.34,251.0,22,14,10,8,71.0,159.0,28.0,0.0,4.0,-4.0,SEN,,11,EG,,13,1,VCT Americas
5027,2,Bind,Derrek,EG,Gekko,0.93,164.0,14,16,6,-2,71.0,104.0,18.0,1.0,4.0,-3.0,SEN,,11,EG,,13,1,VCT Americas
5028,2,Bind,supamen,EG,Viper,0.91,201.0,17,16,2,1,54.0,128.0,29.0,6.0,2.0,4.0,SEN,,11,EG,,13,1,VCT Americas
5029,2,Bind,jawgemo,EG,Raze,0.6,113.0,8,16,4,-8,67.0,89.0,13.0,1.0,4.0,-3.0,SEN,,11,EG,,13,1,VCT Americas
5030,3,Sunset,zekken,SEN,Raze,1.2,305.0,23,20,1,3,70.0,204.0,24.0,7.0,2.0,5.0,SEN,,10,EG,,13,0,VCT Americas
5031,3,Sunset,Zellsis,SEN,Kayo,1.06,185.0,15,16,16,-1,61.0,119.0,27.0,0.0,4.0,-4.0,SEN,,10,EG,,13,0,VCT Americas
5032,3,Sunset,johnqt,SEN,Cypher,1.01,211.0,19,16,8,3,74.0,120.0,21.0,1.0,3.0,-2.0,SEN,,10,EG,,13,0,VCT Americas
5033,3,Sunset,TenZ,SEN,Omen,0.96,215.0,17,18,12,-1,83.0,121.0,35.0,3.0,2.0,1.0,SEN,,10,EG,,13,0,VCT Americas
5034,3,Sunset,Sacy,SEN,Gekko,0.62,131.0,9,17,11,-8,70.0,101.0,20.0,0.0,1.0,-1.0,SEN,,10,EG,,13,0,VCT Americas
5035,3,Sunset,jawgemo,EG,Raze,1.27,262.0,22,16,3,6,78.0,167.0,27.0,6.0,3.0,3.0,SEN,,10,EG,,13,1,VCT Americas
5036,3,Sunset,supamen,EG,Omen,1.1,221.0,20,17,6,3,74.0,137.0,44.0,2.0,3.0,-1.0,SEN,,10,EG,,13,1,VCT Americas
5037,3,Sunset,Derrek,EG,Fade,0.99,213.0,18,18,8,0,74.0,147.0,33.0,2.0,0.0,2.0,SEN,,10,EG,,13,1,VCT Americas
5038,3,Sunset,NaturE,EG,Breach,0.98,166.0,15,15,11,0,78.0,119.0,34.0,0.0,0.0,0.0,SEN,,10,EG,,13,1,VCT Americas
5039,3,Sunset,Apoth,EG,Cypher,0.71,164.0,12,17,2,-5,52.0,107.0,33.0,2.0,5.0,-3.0,SEN,,10,EG,,13,1,VCT Americas
5040,0,Split,Victor,NRG,Raze,1.48,329.0,26,16,4,10,73.0,219.0,31.0,0.0,2.0,-2.0,NRG,,13,MIBR,,9,1,VCT Americas
5041,0,Split,Ethan,NRG,Omen,1.06,199.0,15,13,11,2,91.0,138.0,20.0,1.0,2.0,-1.0,NRG,,13,MIBR,,9,1,VCT Americas
5042,0,Split,crashies,NRG,Skye,0.89,153.0,13,13,3,0,59.0,84.0,28.0,3.0,2.0,1.0,NRG,,13,MIBR,,9,1,VCT Americas
5043,0,Split,Demon1,NRG,Jett,0.86,184.0,14,17,4,-3,73.0,116.0,26.0,3.0,3.0,0.0,NRG,,13,MIBR,,9,1,VCT Americas
5044,0,Split,Marved,NRG,Viper,0.81,160.0,11,14,7,-3,68.0,113.0,24.0,1.0,5.0,-4.0,NRG,,13,MIBR,,9,1,VCT Americas
5045,0,Split,artzin,MIBR,Jett,1.41,289.0,20,17,8,3,82.0,193.0,31.0,4.0,1.0,3.0,NRG,,13,MIBR,,9,0,VCT Americas
5046,0,Split,frz,MIBR,Viper,0.99,180.0,13,15,9,-2,73.0,118.0,27.0,1.0,1.0,0.0,NRG,,13,MIBR,,9,0,VCT Americas
5047,0,Split,jzz,MIBR,Raze,0.96,227.0,17,17,4,0,73.0,147.0,16.0,7.0,3.0,4.0,NRG,,13,MIBR,,9,0,VCT Americas
5048,0,Split,RgLMeister,MIBR,Astra,0.76,137.0,11,15,7,-4,55.0,81.0,15.0,1.0,1.0,0.0,NRG,,13,MIBR,,9,0,VCT Americas
5049,0,Split,mazin,MIBR,Skye,0.75,123.0,12,15,4,-3,59.0,80.0,24.0,1.0,2.0,-1.0,NRG,,13,MIBR,,9,0,VCT Americas
5050,2,Breeze,Ethan,NRG,Yoru,1.65,289.0,19,6,2,13,81.0,190.0,24.0,1.0,3.0,-2.0,NRG,,13,MIBR,,3,1,VCT Americas
5051,2,Breeze,Victor,NRG,Cypher,1.5,231.0,14,5,4,9,88.0,141.0,43.0,3.0,0.0,3.0,NRG,,13,MIBR,,3,1,VCT Americas
5052,2,Breeze,crashies,NRG,Sova,1.43,249.0,16,8,4,8,81.0,164.0,24.0,2.0,1.0,1.0,NRG,,13,MIBR,,3,1,VCT Americas
5053,2,Breeze,Marved,NRG,Viper,1.33,233.0,15,7,4,8,81.0,156.0,50.0,3.0,0.0,3.0,NRG,,13,MIBR,,3,1,VCT Americas
5054,2,Breeze,Demon1,NRG,Jett,1.06,163.0,8,7,5,1,94.0,123.0,25.0,2.0,1.0,1.0,NRG,,13,MIBR,,3,1,VCT Americas
5055,2,Breeze,jzz,MIBR,Sova,0.99,210.0,10,14,4,-4,56.0,163.0,41.0,1.0,1.0,0.0,NRG,,13,MIBR,,3,0,VCT Americas
5056,2,Breeze,frz,MIBR,Cypher,0.97,153.0,9,13,2,-4,38.0,98.0,23.0,2.0,3.0,-1.0,NRG,,13,MIBR,,3,0,VCT Americas
5057,2,Breeze,artzin,MIBR,Jett,0.44,151.0,7,16,3,-9,44.0,101.0,29.0,2.0,6.0,-4.0,NRG,,13,MIBR,,3,0,VCT Americas
5058,2,Breeze,RgLMeister,MIBR,Viper,0.33,74.0,5,15,3,-10,50.0,46.0,27.0,0.0,0.0,0.0,NRG,,13,MIBR,,3,0,VCT Americas
5059,2,Breeze,mazin,MIBR,Kayo,0.15,50.0,2,14,4,-12,31.0,40.0,17.0,0.0,1.0,-1.0,NRG,,13,MIBR,,3,0,VCT Americas
5060,0,Breeze,valyn,G2,Harbor,1.01,220.0,14,16,2,-2,47.0,151.0,36.0,1.0,1.0,0.0,G2,,6,LEV,,13,0,VCT Americas
5061,0,Breeze,leaf,G2,Cypher,0.89,206.0,14,15,3,-1,63.0,135.0,30.0,0.0,3.0,-3.0,G2,,6,LEV,,13,0,VCT Americas
5062,0,Breeze,JonahP,G2,Viper,0.8,157.0,10,14,4,-4,58.0,103.0,30.0,1.0,0.0,1.0,G2,,6,LEV,,13,0,VCT Americas
5063,0,Breeze,trent,G2,Sova,0.78,144.0,10,15,2,-5,42.0,103.0,30.0,3.0,3.0,0.0,G2,,6,LEV,,13,0,VCT Americas
5064,0,Breeze,icy,G2,Yoru,0.39,114.0,7,17,1,-10,53.0,75.0,31.0,3.0,4.0,-1.0,G2,,6,LEV,,13,0,VCT Americas
5065,0,Breeze,aspas,LEV,Jett,1.68,283.0,23,8,0,15,79.0,185.0,19.0,3.0,3.0,0.0,G2,,6,LEV,,13,1,VCT Americas
5066,0,Breeze,tex,LEV,Cypher,1.44,298.0,21,11,0,10,84.0,190.0,54.0,4.0,3.0,1.0,G2,,6,LEV,,13,1,VCT Americas
5067,0,Breeze,kiNgg,LEV,Viper,1.1,205.0,11,12,15,-1,74.0,141.0,30.0,1.0,0.0,1.0,G2,,6,LEV,,13,1,VCT Americas
5068,0,Breeze,C0M,LEV,Sova,1.06,194.0,13,12,3,1,74.0,134.0,29.0,2.0,1.0,1.0,G2,,6,LEV,,13,1,VCT Americas
5069,0,Breeze,Mazino,LEV,Kayo,0.77,149.0,9,12,13,-3,74.0,97.0,10.0,1.0,1.0,0.0,G2,,6,LEV,,13,1,VCT Americas
5070,2,Icebox,leaf,G2,Killjoy,1.98,385.0,28,12,5,16,90.0,262.0,31.0,4.0,2.0,2.0,G2,,13,LEV,,8,1,VCT Americas
5071,2,Icebox,icy,G2,Gekko,1.17,228.0,17,14,6,3,71.0,148.0,26.0,1.0,2.0,-1.0,G2,,13,LEV,,8,1,VCT Americas
5072,2,Icebox,JonahP,G2,Viper,1.07,209.0,16,14,6,2,76.0,119.0,21.0,2.0,1.0,1.0,G2,,13,LEV,,8,1,VCT Americas
5073,2,Icebox,trent,G2,Sova,0.69,110.0,8,15,3,-7,71.0,84.0,33.0,1.0,3.0,-2.0,G2,,13,LEV,,8,1,VCT Americas
5074,2,Icebox,valyn,G2,Harbor,0.65,101.0,8,13,3,-5,81.0,77.0,29.0,2.0,3.0,-1.0,G2,,13,LEV,,8,1,VCT Americas
5075,2,Icebox,aspas,LEV,Jett,1.32,214.0,20,13,1,7,76.0,147.0,33.0,1.0,1.0,0.0,G2,,13,LEV,,8,0,VCT Americas
5076,2,Icebox,kiNgg,LEV,Viper,0.94,203.0,14,17,14,-3,76.0,136.0,42.0,4.0,1.0,3.0,G2,,13,LEV,,8,0,VCT Americas
5077,2,Icebox,C0M,LEV,Sova,0.88,183.0,12,14,5,-2,76.0,133.0,23.0,1.0,0.0,1.0,G2,,13,LEV,,8,0,VCT Americas
5078,2,Icebox,Mazino,LEV,Harbor,0.66,173.0,13,18,5,-5,62.0,99.0,16.0,2.0,4.0,-2.0,G2,,13,LEV,,8,0,VCT Americas
5079,2,Icebox,tex,LEV,Killjoy,0.55,138.0,9,15,3,-6,62.0,107.0,35.0,3.0,4.0,-1.0,G2,,13,LEV,,8,0,VCT Americas
5080,3,Lotus,JonahP,G2,Viper,1.18,208.0,16,15,2,1,73.0,130.0,33.0,2.0,1.0,1.0,G2,,9,LEV,,13,0,VCT Americas
5081,3,Lotus,valyn,G2,Omen,0.88,154.0,11,16,9,-5,73.0,91.0,24.0,1.0,3.0,-2.0,G2,,9,LEV,,13,0,VCT Americas
5082,3,Lotus,leaf,G2,Killjoy,0.83,176.0,12,16,3,-4,55.0,129.0,18.0,2.0,2.0,0.0,G2,,9,LEV,,13,0,VCT Americas
5083,3,Lotus,icy,G2,Raze,0.56,164.0,11,19,2,-8,59.0,107.0,14.0,2.0,4.0,-2.0,G2,,9,LEV,,13,0,VCT Americas
5084,3,Lotus,trent,G2,Fade,0.5,152.0,11,18,3,-7,59.0,103.0,50.0,0.0,5.0,-5.0,G2,,9,LEV,,13,0,VCT Americas
5085,3,Lotus,Mazino,LEV,Omen,1.56,278.0,23,11,12,12,95.0,191.0,40.0,1.0,0.0,1.0,G2,,9,LEV,,13,1,VCT Americas
5086,3,Lotus,aspas,LEV,Raze,1.31,277.0,20,13,7,7,82.0,188.0,32.0,4.0,3.0,1.0,G2,,9,LEV,,13,1,VCT Americas
5087,3,Lotus,kiNgg,LEV,Viper,1.15,191.0,17,11,4,6,86.0,119.0,42.0,3.0,1.0,2.0,G2,,9,LEV,,13,1,VCT Americas
5088,3,Lotus,tex,LEV,Killjoy,0.99,174.0,14,11,1,3,77.0,122.0,41.0,4.0,1.0,3.0,G2,,9,LEV,,13,1,VCT Americas
5089,3,Lotus,C0M,LEV,Fade,0.65,128.0,10,15,8,-5,64.0,77.0,19.0,3.0,2.0,1.0,G2,,9,LEV,,13,1,VCT Americas
5090,0,Split,keznit,KRÜ,Raze,1.46,270.0,18,14,11,4,76.0,187.0,23.0,3.0,3.0,0.0,KRU,,13,LOUD,,8,0,VCT Americas
5091,0,Split,heat,KRÜ,Skye,1.21,199.0,17,11,6,6,81.0,131.0,28.0,1.0,2.0,-1.0,KRU,,13,LOUD,,8,0,VCT Americas
5092,0,Split,Shyy,KRÜ,Viper,1.14,206.0,16,13,7,3,67.0,136.0,28.0,4.0,0.0,4.0,KRU,,13,LOUD,,8,0,VCT Americas
5093,0,Split,Klaus,KRÜ,Cypher,1.09,200.0,15,15,6,0,76.0,117.0,22.0,4.0,2.0,2.0,KRU,,13,LOUD,,8,0,VCT Americas
5094,0,Split,Melser,KRÜ,Omen,0.9,96.0,8,10,4,-2,76.0,62.0,14.0,0.0,2.0,-2.0,KRU,,13,LOUD,,8,0,VCT Americas
5095,0,Split,saadhak,LOUD,Breach,1.15,259.0,19,16,6,3,67.0,172.0,33.0,4.0,2.0,2.0,KRU,,13,LOUD,,8,0,VCT Americas
5096,0,Split,Less,LOUD,Viper,0.87,181.0,13,14,2,-1,62.0,124.0,26.0,1.0,1.0,0.0,KRU,,13,LOUD,,8,0,VCT Americas
5097,0,Split,qck,LOUD,Raze,0.82,193.0,14,16,2,-2,67.0,130.0,20.0,1.0,4.0,-3.0,KRU,,13,LOUD,,8,0,VCT Americas
5098,0,Split,cauanzin,LOUD,Skye,0.66,154.0,10,15,9,-5,86.0,98.0,34.0,3.0,2.0,1.0,KRU,,13,LOUD,,8,0,VCT Americas
5099,0,Split,tuyz,LOUD,Omen,0.58,84.0,7,13,6,-6,62.0,50.0,75.0,0.0,3.0,-3.0,KRU,,13,LOUD,,8,0,VCT Americas
5100,2,Ascent,Melser,KRÜ,Omen,1.57,251.0,22,10,6,12,76.0,169.0,28.0,1.0,2.0,-1.0,KRU,,13,LOUD,,8,0,VCT Americas
5101,2,Ascent,Shyy,KRÜ,Killjoy,1.45,266.0,20,13,6,7,76.0,199.0,28.0,1.0,2.0,-1.0,KRU,,13,LOUD,,8,0,VCT Americas
5102,2,Ascent,heat,KRÜ,Kayo,1.26,217.0,18,11,6,7,81.0,137.0,41.0,2.0,2.0,0.0,KRU,,13,LOUD,,8,0,VCT Americas
5103,2,Ascent,keznit,KRÜ,Jett,0.86,180.0,14,15,2,-1,71.0,123.0,38.0,5.0,4.0,1.0,KRU,,13,LOUD,,8,0,VCT Americas
5104,2,Ascent,Klaus,KRÜ,Sova,0.68,139.0,8,15,9,-7,67.0,109.0,14.0,0.0,2.0,-2.0,KRU,,13,LOUD,,8,0,VCT Americas
5105,2,Ascent,Less,LOUD,Viper,1.05,200.0,16,16,2,0,57.0,138.0,21.0,1.0,2.0,-1.0,KRU,,13,LOUD,,8,0,VCT Americas
5106,2,Ascent,saadhak,LOUD,Kayo,0.96,193.0,11,15,14,-4,67.0,131.0,30.0,4.0,1.0,3.0,KRU,,13,LOUD,,8,0,VCT Americas
5107,2,Ascent,cauanzin,LOUD,Sova,0.87,187.0,13,16,5,-3,71.0,119.0,31.0,2.0,3.0,-1.0,KRU,,13,LOUD,,8,0,VCT Americas
5108,2,Ascent,tuyz,LOUD,Omen,0.84,157.0,10,15,9,-5,57.0,110.0,32.0,0.0,2.0,-2.0,KRU,,13,LOUD,,8,0,VCT Americas
5109,2,Ascent,qck,LOUD,Jett,0.59,189.0,14,20,2,-6,52.0,108.0,26.0,5.0,1.0,4.0,KRU,,13,LOUD,,8,0,VCT Americas
5110,0,Icebox,trent,G2,Sova,1.36,240.0,18,13,7,5,91.0,162.0,24.0,3.0,1.0,2.0,G2,,13,MIBR,,9,1,VCT Americas
5111,0,Icebox,valyn,G2,Harbor,1.12,282.0,23,18,3,5,73.0,172.0,33.0,1.0,4.0,-3.0,G2,,13,MIBR,,9,1,VCT Americas
5112,0,Icebox,JonahP,G2,Viper,1.07,218.0,16,15,12,1,77.0,141.0,33.0,2.0,2.0,0.0,G2,,13,MIBR,,9,1,VCT Americas
5113,0,Icebox,icy,G2,Gekko,0.93,188.0,16,16,6,0,64.0,129.0,30.0,1.0,3.0,-2.0,G2,,13,MIBR,,9,1,VCT Americas
5114,0,Icebox,leaf,G2,Killjoy,0.87,205.0,17,17,3,0,64.0,149.0,30.0,2.0,3.0,-1.0,G2,,13,MIBR,,9,1,VCT Americas
5115,0,Icebox,RgLMeister,MIBR,Viper,1.2,227.0,18,16,6,2,82.0,161.0,35.0,3.0,0.0,3.0,G2,,13,MIBR,,9,0,VCT Americas
5116,0,Icebox,frz,MIBR,Killjoy,1.06,253.0,20,20,3,0,86.0,168.0,36.0,3.0,2.0,1.0,G2,,13,MIBR,,9,0,VCT Americas
5117,0,Icebox,artzin,MIBR,Sage,0.89,172.0,15,18,2,-3,68.0,108.0,35.0,2.0,3.0,-1.0,G2,,13,MIBR,,9,0,VCT Americas
5118,0,Icebox,jzz,MIBR,Gekko,0.86,199.0,15,18,6,-3,73.0,152.0,23.0,2.0,1.0,1.0,G2,,13,MIBR,,9,0,VCT Americas
5119,0,Icebox,mazin,MIBR,Kayo,0.61,156.0,11,18,10,-7,68.0,95.0,30.0,3.0,3.0,0.0,G2,,13,MIBR,,9,0,VCT Americas
5120,2,Bind,valyn,G2,Brimstone,1.5,297.0,18,11,6,7,75.0,225.0,34.0,2.0,1.0,1.0,G2,,13,MIBR,,3,1,VCT Americas
5121,2,Bind,trent,G2,Gekko,1.36,176.0,10,5,5,5,81.0,108.0,28.0,2.0,2.0,0.0,G2,,13,MIBR,,3,1,VCT Americas
5122,2,Bind,icy,G2,Raze,1.23,271.0,14,10,4,4,81.0,202.0,26.0,3.0,3.0,0.0,G2,,13,MIBR,,3,1,VCT Americas
5123,2,Bind,leaf,G2,Viper,1.2,227.0,12,7,4,5,94.0,168.0,32.0,1.0,1.0,0.0,G2,,13,MIBR,,3,1,VCT Americas
5124,2,Bind,JonahP,G2,Skye,1.01,146.0,10,9,6,1,81.0,89.0,33.0,1.0,0.0,1.0,G2,,13,MIBR,,3,1,VCT Americas
5125,2,Bind,artzin,MIBR,Raze,0.84,192.0,10,11,4,-1,69.0,122.0,15.0,4.0,2.0,2.0,G2,,13,MIBR,,3,0,VCT Americas
5126,2,Bind,jzz,MIBR,Skye,0.78,198.0,12,14,1,-2,63.0,121.0,32.0,1.0,3.0,-2.0,G2,,13,MIBR,,3,0,VCT Americas
5127,2,Bind,frz,MIBR,Viper,0.71,129.0,6,12,8,-6,63.0,76.0,26.0,2.0,2.0,0.0,G2,,13,MIBR,,3,0,VCT Americas
5128,2,Bind,RgLMeister,MIBR,Brimstone,0.67,136.0,8,13,2,-5,50.0,88.0,11.0,0.0,1.0,-1.0,G2,,13,MIBR,,3,0,VCT Americas
5129,2,Bind,mazin,MIBR,Gekko,0.4,128.0,6,14,4,-8,63.0,90.0,20.0,0.0,1.0,-1.0,G2,,13,MIBR,,3,0,VCT Americas
5130,0,Lotus,zekken,SEN,Raze,1.13,184.0,13,12,4,1,75.0,120.0,15.0,3.0,3.0,0.0,SEN,,7,LOUD,,13,0,VCT Americas
5131,0,Lotus,Zellsis,SEN,Killjoy,0.86,146.0,10,13,1,-3,60.0,118.0,17.0,0.0,1.0,-1.0,SEN,,7,LOUD,,13,0,VCT Americas
5132,0,Lotus,TenZ,SEN,Omen,0.75,158.0,9,15,6,-6,65.0,100.0,24.0,2.0,1.0,1.0,SEN,,7,LOUD,,13,0,VCT Americas
5133,0,Lotus,johnqt,SEN,Viper,0.64,159.0,10,16,4,-6,80.0,100.0,28.0,3.0,3.0,0.0,SEN,,7,LOUD,,13,0,VCT Americas
5134,0,Lotus,Sacy,SEN,Fade,0.53,137.0,10,16,7,-6,60.0,72.0,27.0,1.0,3.0,-2.0,SEN,,7,LOUD,,13,0,VCT Americas
5135,0,Lotus,cauanzin,LOUD,Fade,1.7,262.0,20,7,7,13,85.0,160.0,31.0,3.0,0.0,3.0,SEN,,7,LOUD,,13,1,VCT Americas
5136,0,Lotus,tuyz,LOUD,Omen,1.28,212.0,17,10,6,7,90.0,133.0,41.0,2.0,2.0,0.0,SEN,,7,LOUD,,13,1,VCT Americas
5137,0,Lotus,Less,LOUD,Viper,1.19,168.0,11,7,4,4,90.0,121.0,30.0,0.0,1.0,-1.0,SEN,,7,LOUD,,13,1,VCT Americas
5138,0,Lotus,qck,LOUD,Raze,1.12,257.0,19,15,0,4,60.0,156.0,26.0,5.0,1.0,4.0,SEN,,7,LOUD,,13,1,VCT Americas
5139,0,Lotus,saadhak,LOUD,Deadlock,0.35,85.0,5,13,4,-8,65.0,60.0,30.0,1.0,5.0,-4.0,SEN,,7,LOUD,,13,1,VCT Americas
5140,2,Icebox,johnqt,SEN,Viper,1.2,205.0,15,13,6,2,76.0,150.0,17.0,2.0,0.0,2.0,SEN,,8,LOUD,,13,0,VCT Americas
5141,2,Icebox,Sacy,SEN,Gekko,1.17,224.0,18,13,2,5,67.0,144.0,29.0,1.0,1.0,0.0,SEN,,8,LOUD,,13,0,VCT Americas
5142,2,Icebox,zekken,SEN,Jett,0.85,193.0,14,15,2,-1,62.0,117.0,25.0,5.0,5.0,0.0,SEN,,8,LOUD,,13,0,VCT Americas
5143,2,Icebox,TenZ,SEN,Kayo,0.64,158.0,11,16,9,-5,76.0,102.0,18.0,1.0,3.0,-2.0,SEN,,8,LOUD,,13,0,VCT Americas
5144,2,Icebox,Zellsis,SEN,Killjoy,0.46,106.0,6,16,1,-10,57.0,79.0,18.0,2.0,1.0,1.0,SEN,,8,LOUD,,13,0,VCT Americas
5145,2,Icebox,cauanzin,LOUD,Sova,1.4,266.0,21,13,2,8,76.0,177.0,32.0,2.0,0.0,2.0,SEN,,8,LOUD,,13,1,VCT Americas
5146,2,Icebox,qck,LOUD,Jett,1.18,223.0,16,13,3,3,57.0,159.0,37.0,2.0,5.0,-3.0,SEN,,8,LOUD,,13,1,VCT Americas
5147,2,Icebox,Less,LOUD,Viper,1.09,145.0,11,10,8,1,86.0,86.0,15.0,2.0,2.0,0.0,SEN,,8,LOUD,,13,1,VCT Americas
5148,2,Icebox,tuyz,LOUD,Harbor,0.99,131.0,10,12,6,-2,67.0,86.0,36.0,2.0,0.0,2.0,SEN,,8,LOUD,,13,1,VCT Americas
5149,2,Icebox,saadhak,LOUD,Killjoy,0.81,204.0,15,16,4,-1,52.0,129.0,31.0,2.0,4.0,-2.0,SEN,,8,LOUD,,13,1,VCT Americas
5150,0,Ascent,Xeppaa,C9,Kayo,0.96,226.0,11,15,8,-4,67.0,132.0,25.0,1.0,1.0,0.0,C9,,2,FUR,,13,0,VCT Americas
5151,0,Ascent,OXY,C9,Jett,0.95,253.0,13,15,2,-2,67.0,171.0,38.0,5.0,3.0,2.0,C9,,2,FUR,,13,0,VCT Americas
5152,0,Ascent,runi,C9,Sova,0.77,161.0,8,14,5,-6,67.0,127.0,36.0,0.0,1.0,-1.0,C9,,2,FUR,,13,0,VCT Americas
5153,0,Ascent,moose,C9,Killjoy,0.47,138.0,7,14,1,-7,60.0,96.0,12.0,2.0,0.0,2.0,C9,,2,FUR,,13,0,VCT Americas
5154,0,Ascent,vanity,C9,Omen,0.43,148.0,6,14,4,-8,60.0,106.0,16.0,0.0,2.0,-2.0,C9,,2,FUR,,13,0,VCT Americas
5155,0,Ascent,Khalil,FUR,Omen,1.69,301.0,16,7,8,9,100.0,195.0,35.0,1.0,0.0,1.0,C9,,2,FUR,,13,1,VCT Americas
5156,0,Ascent,nzr,FUR,Sova,1.56,226.0,14,6,7,8,93.0,138.0,29.0,0.0,1.0,-1.0,C9,,2,FUR,,13,1,VCT Americas
5157,0,Ascent,havoc,FUR,Killjoy,1.37,247.0,15,9,2,6,87.0,163.0,36.0,3.0,2.0,1.0,C9,,2,FUR,,13,1,VCT Americas
5158,0,Ascent,kon4n,FUR,Kayo,1.09,228.0,12,10,7,2,87.0,151.0,28.0,1.0,2.0,-1.0,C9,,2,FUR,,13,1,VCT Americas
5159,0,Ascent,mwzera,FUR,Jett,0.83,263.0,15,13,3,2,73.0,161.0,24.0,2.0,3.0,-1.0,C9,,2,FUR,,13,1,VCT Americas
5160,2,Lotus,runi,C9,Viper,1.62,264.0,17,8,5,9,81.0,160.0,46.0,2.0,1.0,1.0,C9,,13,FUR,,3,1,VCT Americas
5161,2,Lotus,OXY,C9,Raze,1.53,330.0,19,12,9,7,100.0,235.0,26.0,4.0,2.0,2.0,C9,,13,FUR,,3,1,VCT Americas
5162,2,Lotus,vanity,C9,Omen,1.41,230.0,15,7,7,8,94.0,148.0,27.0,4.0,2.0,2.0,C9,,13,FUR,,3,1,VCT Americas
5163,2,Lotus,moose,C9,Killjoy,1.34,249.0,15,8,5,7,94.0,170.0,27.0,0.0,0.0,0.0,C9,,13,FUR,,3,1,VCT Americas
5164,2,Lotus,Xeppaa,C9,Gekko,0.94,142.0,7,9,13,-2,81.0,102.0,18.0,0.0,1.0,-1.0,C9,,13,FUR,,3,1,VCT Americas
5165,2,Lotus,mwzera,FUR,Raze,1.13,232.0,13,14,3,-1,69.0,155.0,38.0,2.0,1.0,1.0,C9,,13,FUR,,3,0,VCT Americas
5166,2,Lotus,nzr,FUR,Fade,0.65,195.0,10,15,3,-5,69.0,140.0,24.0,0.0,1.0,-1.0,C9,,13,FUR,,3,0,VCT Americas
5167,2,Lotus,Khalil,FUR,Omen,0.65,140.0,9,14,2,-5,69.0,84.0,21.0,0.0,4.0,-4.0,C9,,13,FUR,,3,0,VCT Americas
5168,2,Lotus,kon4n,FUR,Viper,0.43,134.0,7,14,3,-7,69.0,89.0,25.0,1.0,0.0,1.0,C9,,13,FUR,,3,0,VCT Americas
5169,2,Lotus,havoc,FUR,Killjoy,0.27,103.0,5,16,3,-11,44.0,93.0,44.0,3.0,4.0,-1.0,C9,,13,FUR,,3,0,VCT Americas
5170,3,Bind,OXY,C9,Raze,1.71,369.0,27,16,9,11,86.0,230.0,24.0,7.0,2.0,5.0,C9,,13,FUR,,8,1,VCT Americas
5171,3,Bind,moose,C9,Cypher,1.14,216.0,17,11,5,6,76.0,133.0,17.0,1.0,1.0,0.0,C9,,13,FUR,,8,1,VCT Americas
5172,3,Bind,runi,C9,Viper,1.13,206.0,16,12,5,4,86.0,155.0,23.0,1.0,2.0,-1.0,C9,,13,FUR,,8,1,VCT Americas
5173,3,Bind,vanity,C9,Brimstone,1.08,228.0,17,16,15,1,81.0,142.0,12.0,3.0,0.0,3.0,C9,,13,FUR,,8,1,VCT Americas
5174,3,Bind,Xeppaa,C9,Skye,0.75,120.0,9,14,10,-5,81.0,91.0,27.0,2.0,2.0,0.0,C9,,13,FUR,,8,1,VCT Americas
5175,3,Bind,havoc,FUR,Cypher,1.11,267.0,20,18,2,2,71.0,167.0,41.0,4.0,6.0,-2.0,C9,,13,FUR,,8,0,VCT Americas
5176,3,Bind,nzr,FUR,Skye,0.98,204.0,15,17,8,-2,81.0,139.0,27.0,0.0,0.0,0.0,C9,,13,FUR,,8,0,VCT Americas
5177,3,Bind,mwzera,FUR,Raze,0.95,231.0,15,18,5,-3,71.0,146.0,4.0,2.0,2.0,0.0,C9,,13,FUR,,8,0,VCT Americas
5178,3,Bind,Khalil,FUR,Brimstone,0.72,142.0,11,17,6,-6,62.0,89.0,10.0,0.0,2.0,-2.0,C9,,13,FUR,,8,0,VCT Americas
5179,3,Bind,kon4n,FUR,Viper,0.47,123.0,8,16,5,-8,57.0,83.0,24.0,1.0,4.0,-3.0,C9,,13,FUR,,8,0,VCT Americas
5180,0,Ascent,crashies,NRG,Sova,1.3,241.0,16,13,6,3,74.0,155.0,22.0,0.0,0.0,0.0,NRG,,6,EG,,13,0,VCT Americas
5181,0,Ascent,Ethan,NRG,Kayo,0.94,186.0,13,14,12,-1,68.0,93.0,16.0,0.0,0.0,0.0,NRG,,6,EG,,13,0,VCT Americas
5182,0,Ascent,Victor,NRG,Killjoy,0.54,118.0,7,14,1,-7,47.0,80.0,44.0,2.0,2.0,0.0,NRG,,6,EG,,13,0,VCT Americas
5183,0,Ascent,Demon1,NRG,Jett,0.47,142.0,10,16,0,-6,47.0,126.0,36.0,4.0,7.0,-3.0,NRG,,6,EG,,13,0,VCT Americas
5184,0,Ascent,Marved,NRG,Omen,0.43,117.0,6,15,8,-9,58.0,74.0,13.0,0.0,4.0,-4.0,NRG,,6,EG,,13,0,VCT Americas
5185,0,Ascent,jawgemo,EG,Jett,1.94,366.0,23,10,5,13,95.0,236.0,16.0,5.0,0.0,5.0,NRG,,6,EG,,13,1,VCT Americas
5186,0,Ascent,Derrek,EG,Sova,1.33,204.0,14,8,7,6,84.0,135.0,39.0,2.0,0.0,2.0,NRG,,6,EG,,13,1,VCT Americas
5187,0,Ascent,Apoth,EG,Killjoy,1.26,194.0,15,9,2,6,63.0,132.0,33.0,3.0,2.0,1.0,NRG,,6,EG,,13,1,VCT Americas
5188,0,Ascent,NaturE,EG,Kayo,1.21,209.0,13,12,13,1,79.0,138.0,29.0,2.0,1.0,1.0,NRG,,6,EG,,13,1,VCT Americas
5189,0,Ascent,supamen,EG,Omen,0.88,138.0,7,13,14,-6,74.0,92.0,30.0,1.0,3.0,-2.0,NRG,,6,EG,,13,1,VCT Americas
5190,2,Lotus,Victor,NRG,Raze,1.31,282.0,30,21,2,9,70.0,177.0,27.0,6.0,3.0,3.0,NRG,,16,EG,,14,1,VCT Americas
5191,2,Lotus,crashies,NRG,Gekko,1.1,193.0,24,19,6,5,77.0,122.0,37.0,2.0,1.0,1.0,NRG,,16,EG,,14,1,VCT Americas
5192,2,Lotus,Demon1,NRG,Brimstone,1.09,222.0,21,21,11,0,70.0,148.0,49.0,6.0,5.0,1.0,NRG,,16,EG,,14,1,VCT Americas
5193,2,Lotus,Ethan,NRG,Breach,1.02,161.0,15,18,20,-3,67.0,115.0,17.0,0.0,1.0,-1.0,NRG,,16,EG,,14,1,VCT Americas
5194,2,Lotus,Marved,NRG,Cypher,0.81,175.0,17,22,7,-5,77.0,122.0,31.0,3.0,3.0,0.0,NRG,,16,EG,,14,1,VCT Americas
5195,2,Lotus,Derrek,EG,Fade,1.28,245.0,26,21,7,5,80.0,151.0,33.0,2.0,2.0,0.0,NRG,,16,EG,,14,0,VCT Americas
5196,2,Lotus,NaturE,EG,Viper,1.05,178.0,19,19,9,0,60.0,125.0,35.0,1.0,3.0,-2.0,NRG,,16,EG,,14,0,VCT Americas
5197,2,Lotus,jawgemo,EG,Raze,1.03,252.0,24,24,7,0,70.0,157.0,11.0,3.0,2.0,1.0,NRG,,16,EG,,14,0,VCT Americas
5198,2,Lotus,supamen,EG,Omen,0.75,156.0,15,21,13,-6,50.0,102.0,52.0,2.0,6.0,-4.0,NRG,,16,EG,,14,0,VCT Americas
5199,2,Lotus,Apoth,EG,Cypher,0.7,162.0,17,22,2,-5,60.0,115.0,44.0,5.0,4.0,1.0,NRG,,16,EG,,14,0,VCT Americas
5200,3,Sunset,Marved,NRG,Omen,1.21,244.0,21,18,5,3,67.0,146.0,25.0,3.0,2.0,1.0,NRG,,11,EG,,13,0,VCT Americas
5201,3,Sunset,Ethan,NRG,Kayo,1.15,220.0,17,16,13,1,71.0,144.0,19.0,2.0,2.0,0.0,NRG,,11,EG,,13,0,VCT Americas
5202,3,Sunset,crashies,NRG,Gekko,1.01,181.0,16,16,4,0,75.0,122.0,34.0,0.0,5.0,-5.0,NRG,,11,EG,,13,0,VCT Americas
5203,3,Sunset,Demon1,NRG,Raze,0.65,141.0,12,20,5,-8,71.0,114.0,26.0,2.0,5.0,-3.0,NRG,,11,EG,,13,0,VCT Americas
5204,3,Sunset,Victor,NRG,Cypher,0.45,115.0,9,20,5,-11,54.0,78.0,24.0,2.0,1.0,1.0,NRG,,11,EG,,13,0,VCT Americas
5205,3,Sunset,supamen,EG,Omen,1.4,250.0,23,14,7,9,88.0,178.0,43.0,3.0,1.0,2.0,NRG,,11,EG,,13,1,VCT Americas
5206,3,Sunset,Derrek,EG,Fade,1.38,209.0,20,11,7,9,75.0,131.0,30.0,0.0,0.0,0.0,NRG,,11,EG,,13,1,VCT Americas
5207,3,Sunset,NaturE,EG,Breach,1.1,176.0,13,15,15,-2,83.0,118.0,23.0,2.0,0.0,2.0,NRG,,11,EG,,13,1,VCT Americas
5208,3,Sunset,jawgemo,EG,Raze,0.99,245.0,21,17,4,4,67.0,170.0,19.0,5.0,5.0,0.0,NRG,,11,EG,,13,1,VCT Americas
5209,3,Sunset,Apoth,EG,Cypher,0.8,183.0,13,18,12,-5,75.0,117.0,37.0,5.0,3.0,2.0,NRG,,11,EG,,13,1,VCT Americas
5210,0,Sunset,keznit,KRÜ,Raze,1.54,385.0,26,14,3,12,65.0,258.0,38.0,7.0,2.0,5.0,KRU,,13,100T,,7,0,VCT Americas
5211,0,Sunset,Shyy,KRÜ,Cypher,1.33,214.0,16,10,7,6,75.0,136.0,32.0,0.0,3.0,-3.0,KRU,,13,100T,,7,0,VCT Americas
5212,0,Sunset,Melser,KRÜ,Omen,1.26,190.0,13,11,8,2,85.0,130.0,44.0,3.0,0.0,3.0,KRU,,13,100T,,7,0,VCT Americas
5213,0,Sunset,Klaus,KRÜ,Breach,0.84,146.0,10,12,10,-2,75.0,83.0,27.0,2.0,2.0,0.0,KRU,,13,100T,,7,0,VCT Americas
5214,0,Sunset,heat,KRÜ,Gekko,0.78,148.0,11,13,5,-2,65.0,89.0,27.0,0.0,1.0,-1.0,KRU,,13,100T,,7,0,VCT Americas
5215,0,Sunset,bang,100T,Omen,1.49,251.0,18,12,4,6,80.0,159.0,50.0,2.0,0.0,2.0,KRU,,13,100T,,7,0,VCT Americas
5216,0,Sunset,eeiu,100T,Sova,0.88,187.0,12,16,4,-4,70.0,116.0,32.0,1.0,2.0,-1.0,KRU,,13,100T,,7,0,VCT Americas
5217,0,Sunset,Cryocells,100T,Gekko,0.82,159.0,11,15,5,-4,70.0,111.0,18.0,0.0,1.0,-1.0,KRU,,13,100T,,7,0,VCT Americas
5218,0,Sunset,Asuna,100T,Raze,0.78,203.0,13,16,2,-3,65.0,126.0,29.0,5.0,7.0,-2.0,KRU,,13,100T,,7,0,VCT Americas
5219,0,Sunset,Boostio,100T,Cypher,0.25,101.0,6,17,2,-11,40.0,72.0,16.0,0.0,2.0,-2.0,KRU,,13,100T,,7,0,VCT Americas
5220,2,Breeze,heat,KRÜ,Kayo,1.23,236.0,20,19,12,1,63.0,170.0,37.0,2.0,1.0,1.0,KRU,,11,100T,,13,0,VCT Americas
5221,2,Breeze,Melser,KRÜ,Viper,1.0,199.0,17,19,5,-2,71.0,134.0,24.0,3.0,1.0,2.0,KRU,,11,100T,,13,0,VCT Americas
5222,2,Breeze,Shyy,KRÜ,Cypher,0.92,167.0,12,17,6,-5,67.0,116.0,10.0,2.0,2.0,0.0,KRU,,11,100T,,13,0,VCT Americas
5223,2,Breeze,Klaus,KRÜ,Sova,0.81,150.0,13,19,7,-6,75.0,104.0,21.0,2.0,3.0,-1.0,KRU,,11,100T,,13,0,VCT Americas
5224,2,Breeze,keznit,KRÜ,Jett,0.71,199.0,16,22,6,-6,71.0,130.0,38.0,4.0,4.0,0.0,KRU,,11,100T,,13,0,VCT Americas
5225,2,Breeze,Cryocells,100T,Jett,1.78,377.0,33,16,1,17,83.0,238.0,20.0,7.0,4.0,3.0,KRU,,11,100T,,13,1,VCT Americas
5226,2,Breeze,eeiu,100T,Sova,1.3,264.0,24,14,6,10,75.0,169.0,50.0,2.0,2.0,0.0,KRU,,11,100T,,13,1,VCT Americas
5227,2,Breeze,bang,100T,Viper,1.01,181.0,15,14,6,1,71.0,113.0,26.0,1.0,1.0,0.0,KRU,,11,100T,,13,1,VCT Americas
5228,2,Breeze,Asuna,100T,Kayo,0.69,124.0,9,16,18,-7,71.0,82.0,19.0,0.0,3.0,-3.0,KRU,,11,100T,,13,1,VCT Americas
5229,2,Breeze,Boostio,100T,Cypher,0.65,168.0,15,18,1,-3,75.0,112.0,30.0,1.0,3.0,-2.0,KRU,,11,100T,,13,1,VCT Americas
5230,3,Split,heat,KRÜ,Skye,1.17,191.0,15,12,8,3,71.0,129.0,29.0,1.0,2.0,-1.0,KRU,,13,100T,,8,0,VCT Americas
5231,3,Split,Shyy,KRÜ,Viper,1.13,197.0,14,12,6,2,76.0,141.0,30.0,1.0,1.0,0.0,KRU,,13,100T,,8,0,VCT Americas
5232,3,Split,keznit,KRÜ,Raze,1.12,257.0,18,16,5,2,76.0,177.0,23.0,5.0,4.0,1.0,KRU,,13,100T,,8,0,VCT Americas
5233,3,Split,Melser,KRÜ,Omen,1.01,155.0,12,13,8,-1,71.0,99.0,34.0,1.0,2.0,-1.0,KRU,,13,100T,,8,0,VCT Americas
5234,3,Split,Klaus,KRÜ,Cypher,0.95,199.0,16,14,6,2,81.0,125.0,20.0,2.0,2.0,0.0,KRU,,13,100T,,8,0,VCT Americas
5235,3,Split,bang,100T,Viper,1.3,248.0,18,13,7,5,81.0,153.0,41.0,3.0,1.0,2.0,KRU,,13,100T,,8,0,VCT Americas
5236,3,Split,eeiu,100T,Fade,0.91,177.0,13,13,4,0,81.0,121.0,33.0,0.0,0.0,0.0,KRU,,13,100T,,8,0,VCT Americas
5237,3,Split,Asuna,100T,Raze,0.85,181.0,13,17,6,-4,86.0,120.0,10.0,4.0,4.0,0.0,KRU,,13,100T,,8,0,VCT Americas
5238,3,Split,Cryocells,100T,Astra,0.77,180.0,11,16,8,-5,67.0,127.0,23.0,1.0,3.0,-2.0,KRU,,13,100T,,8,0,VCT Americas
5239,3,Split,Boostio,100T,Gekko,0.74,163.0,12,16,3,-4,67.0,96.0,17.0,3.0,2.0,1.0,KRU,,13,100T,,8,0,VCT Americas
5240,0,Split,zekken,SEN,Raze,1.48,304.0,19,12,5,7,89.0,198.0,14.0,5.0,2.0,3.0,SEN,,13,FUR,,5,1,VCT Americas
5241,0,Split,TenZ,SEN,Omen,1.39,258.0,17,11,6,6,83.0,155.0,32.0,5.0,1.0,4.0,SEN,,13,FUR,,5,1,VCT Americas
5242,0,Split,Zellsis,SEN,Viper,0.95,164.0,10,11,7,-1,78.0,138.0,19.0,1.0,1.0,0.0,SEN,,13,FUR,,5,1,VCT Americas
5243,0,Split,johnqt,SEN,Cypher,0.92,150.0,11,12,4,-1,78.0,108.0,23.0,1.0,1.0,0.0,SEN,,13,FUR,,5,1,VCT Americas
5244,0,Split,Sacy,SEN,Skye,0.87,121.0,7,10,7,-3,72.0,90.0,38.0,0.0,1.0,-1.0,SEN,,13,FUR,,5,1,VCT Americas
5245,0,Split,mwzera,FUR,Jett,1.02,205.0,15,12,1,3,67.0,140.0,25.0,2.0,1.0,1.0,SEN,,13,FUR,,5,0,VCT Americas
5246,0,Split,kon4n,FUR,Viper,1.01,181.0,12,11,7,1,83.0,112.0,38.0,1.0,2.0,-1.0,SEN,,13,FUR,,5,0,VCT Americas
5247,0,Split,havoc,FUR,Raze,0.82,212.0,11,15,7,-4,50.0,161.0,24.0,3.0,7.0,-4.0,SEN,,13,FUR,,5,0,VCT Americas
5248,0,Split,nzr,FUR,Skye,0.81,151.0,9,13,8,-4,67.0,109.0,21.0,0.0,1.0,-1.0,SEN,,13,FUR,,5,0,VCT Americas
5249,0,Split,Khalil,FUR,Omen,0.7,139.0,8,13,7,-5,89.0,100.0,33.0,0.0,1.0,-1.0,SEN,,13,FUR,,5,0,VCT Americas
5250,2,Icebox,TenZ,SEN,Kayo,1.83,367.0,28,13,14,15,82.0,241.0,26.0,3.0,2.0,1.0,SEN,,13,FUR,,9,1,VCT Americas
5251,2,Icebox,Zellsis,SEN,Killjoy,1.19,187.0,18,13,1,5,82.0,142.0,25.0,2.0,0.0,2.0,SEN,,13,FUR,,9,1,VCT Americas
5252,2,Icebox,zekken,SEN,Jett,1.13,258.0,19,15,2,4,73.0,178.0,32.0,9.0,1.0,8.0,SEN,,13,FUR,,9,1,VCT Americas
5253,2,Icebox,johnqt,SEN,Viper,0.98,136.0,10,11,11,-1,82.0,86.0,21.0,1.0,2.0,-1.0,SEN,,13,FUR,,9,1,VCT Americas
5254,2,Icebox,Sacy,SEN,Gekko,0.72,97.0,7,11,5,-4,77.0,78.0,30.0,1.0,1.0,0.0,SEN,,13,FUR,,9,1,VCT Americas
5255,2,Icebox,nzr,FUR,Sova,1.19,205.0,16,14,2,2,64.0,136.0,18.0,0.0,0.0,0.0,SEN,,13,FUR,,9,0,VCT Americas
5256,2,Icebox,Khalil,FUR,Killjoy,1.14,196.0,17,13,3,4,77.0,126.0,52.0,2.0,2.0,0.0,SEN,,13,FUR,,9,0,VCT Americas
5257,2,Icebox,kon4n,FUR,Viper,0.67,137.0,11,16,2,-5,50.0,91.0,32.0,1.0,5.0,-4.0,SEN,,13,FUR,,9,0,VCT Americas
5258,2,Icebox,mwzera,FUR,Reyna,0.54,139.0,10,20,4,-10,55.0,95.0,22.0,1.0,5.0,-4.0,SEN,,13,FUR,,9,0,VCT Americas
5259,2,Icebox,havoc,FUR,Gekko,0.41,123.0,9,19,4,-10,55.0,83.0,47.0,2.0,4.0,-2.0,SEN,,13,FUR,,9,0,VCT Americas
5260,0,Split,Ethan,NRG,Omen,1.07,225.0,17,17,4,0,67.0,140.0,32.0,4.0,1.0,3.0,NRG,,8,100T,,13,0,VCT Americas
5261,0,Split,Demon1,NRG,Jett,0.82,209.0,15,18,3,-3,71.0,140.0,33.0,2.0,1.0,1.0,NRG,,8,100T,,13,0,VCT Americas
5262,0,Split,crashies,NRG,Skye,0.81,152.0,8,14,20,-6,81.0,109.0,24.0,1.0,1.0,0.0,NRG,,8,100T,,13,0,VCT Americas
5263,0,Split,Marved,NRG,Viper,0.56,143.0,11,19,2,-8,62.0,93.0,15.0,2.0,1.0,1.0,NRG,,8,100T,,13,0,VCT Americas
5264,0,Split,Victor,NRG,Raze,0.56,193.0,12,19,5,-7,67.0,135.0,17.0,3.0,5.0,-2.0,NRG,,8,100T,,13,0,VCT Americas
5265,0,Split,Cryocells,100T,Astra,1.54,225.0,18,10,8,8,81.0,154.0,28.0,1.0,1.0,0.0,NRG,,8,100T,,13,1,VCT Americas
5266,0,Split,eeiu,100T,Fade,1.52,224.0,19,9,5,10,86.0,143.0,43.0,2.0,1.0,1.0,NRG,,8,100T,,13,1,VCT Americas
5267,0,Split,bang,100T,Viper,1.32,231.0,18,11,2,7,76.0,144.0,35.0,2.0,3.0,-1.0,NRG,,8,100T,,13,1,VCT Americas
5268,0,Split,Boostio,100T,Gekko,0.94,221.0,16,16,7,0,81.0,144.0,40.0,2.0,3.0,-1.0,NRG,,8,100T,,13,1,VCT Americas
5269,0,Split,Asuna,100T,Raze,0.83,225.0,16,17,5,-1,81.0,150.0,21.0,2.0,4.0,-2.0,NRG,,8,100T,,13,1,VCT Americas
5270,2,Bind,Demon1,NRG,Brimstone,0.85,203.0,13,19,8,-6,70.0,129.0,29.0,0.0,2.0,-2.0,NRG,,7,100T,,13,0,VCT Americas
5271,2,Bind,Victor,NRG,Raze,0.83,243.0,17,19,0,-2,60.0,144.0,24.0,3.0,5.0,-2.0,NRG,,7,100T,,13,0,VCT Americas
5272,2,Bind,Ethan,NRG,Skye,0.73,129.0,10,15,6,-5,75.0,66.0,16.0,1.0,3.0,-2.0,NRG,,7,100T,,13,0,VCT Americas
5273,2,Bind,crashies,NRG,Gekko,0.68,153.0,11,17,1,-6,55.0,102.0,46.0,1.0,2.0,-1.0,NRG,,7,100T,,13,0,VCT Americas
5274,2,Bind,Marved,NRG,Viper,0.54,122.0,7,16,4,-9,50.0,85.0,41.0,1.0,2.0,-1.0,NRG,,7,100T,,13,0,VCT Americas
5275,2,Bind,Asuna,100T,Raze,1.61,332.0,25,12,6,13,85.0,184.0,10.0,7.0,3.0,4.0,NRG,,7,100T,,13,1,VCT Americas
5276,2,Bind,Boostio,100T,Gekko,1.43,276.0,22,12,3,10,95.0,166.0,31.0,3.0,1.0,2.0,NRG,,7,100T,,13,1,VCT Americas
5277,2,Bind,eeiu,100T,Fade,1.19,189.0,13,10,15,3,95.0,117.0,23.0,0.0,0.0,0.0,NRG,,7,100T,,13,1,VCT Americas
5278,2,Bind,Cryocells,100T,Brimstone,1.16,254.0,18,14,7,4,75.0,178.0,28.0,2.0,0.0,2.0,NRG,,7,100T,,13,1,VCT Americas
5279,2,Bind,bang,100T,Viper,0.81,116.0,8,10,6,-2,75.0,79.0,22.0,2.0,2.0,0.0,NRG,,7,100T,,13,1,VCT Americas
5280,0,Ascent,heat,KRÜ,Kayo,1.17,198.0,13,13,5,0,88.0,118.0,31.0,1.0,0.0,1.0,KRU,,4,LEV,,13,0,VCT Americas
5281,0,Ascent,Klaus,KRÜ,Sova,0.91,229.0,13,16,4,-3,65.0,151.0,46.0,0.0,0.0,0.0,KRU,,4,LEV,,13,0,VCT Americas
5282,0,Ascent,Shyy,KRÜ,Killjoy,0.9,208.0,11,14,4,-3,71.0,154.0,41.0,0.0,1.0,-1.0,KRU,,4,LEV,,13,0,VCT Americas
5283,0,Ascent,keznit,KRÜ,Jett,0.47,162.0,9,17,0,-8,53.0,102.0,23.0,5.0,7.0,-2.0,KRU,,4,LEV,,13,0,VCT Americas
5284,0,Ascent,Melser,KRÜ,Omen,0.4,95.0,4,14,10,-10,65.0,68.0,15.0,0.0,3.0,-3.0,KRU,,4,LEV,,13,0,VCT Americas
5285,0,Ascent,aspas,LEV,Jett,1.94,332.0,22,7,2,15,82.0,232.0,37.0,3.0,1.0,2.0,KRU,,4,LEV,,13,1,VCT Americas
5286,0,Ascent,Mazino,LEV,Kayo,1.67,312.0,20,10,10,10,82.0,201.0,22.0,2.0,1.0,1.0,KRU,,4,LEV,,13,1,VCT Americas
5287,0,Ascent,kiNgg,LEV,Omen,1.04,187.0,12,10,6,2,76.0,120.0,48.0,1.0,0.0,1.0,KRU,,4,LEV,,13,1,VCT Americas
5288,0,Ascent,C0M,LEV,Sova,0.91,195.0,10,11,7,-1,82.0,135.0,15.0,2.0,2.0,0.0,KRU,,4,LEV,,13,1,VCT Americas
5289,0,Ascent,tex,LEV,Killjoy,0.75,186.0,10,12,3,-2,71.0,120.0,28.0,3.0,2.0,1.0,KRU,,4,LEV,,13,1,VCT Americas
5290,2,Breeze,keznit,KRÜ,Jett,1.42,304.0,27,16,4,11,77.0,190.0,24.0,7.0,3.0,4.0,KRU,,14,LEV,,12,0,VCT Americas
5291,2,Breeze,Shyy,KRÜ,Cypher,0.93,183.0,17,16,6,1,69.0,117.0,27.0,2.0,2.0,0.0,KRU,,14,LEV,,12,0,VCT Americas
5292,2,Breeze,heat,KRÜ,Kayo,0.92,195.0,17,18,10,-1,65.0,130.0,41.0,4.0,2.0,2.0,KRU,,14,LEV,,12,0,VCT Americas
5293,2,Breeze,Melser,KRÜ,Viper,0.92,147.0,13,15,6,-2,69.0,108.0,32.0,1.0,0.0,1.0,KRU,,14,LEV,,12,0,VCT Americas
5294,2,Breeze,Klaus,KRÜ,Sova,0.79,162.0,16,20,2,-4,65.0,105.0,21.0,3.0,2.0,1.0,KRU,,14,LEV,,12,0,VCT Americas
5295,2,Breeze,kiNgg,LEV,Viper,1.72,291.0,29,12,8,17,85.0,178.0,38.0,2.0,0.0,2.0,KRU,,14,LEV,,12,0,VCT Americas
5296,2,Breeze,tex,LEV,Cypher,1.17,225.0,21,18,4,3,54.0,124.0,29.0,4.0,5.0,-1.0,KRU,,14,LEV,,12,0,VCT Americas
5297,2,Breeze,aspas,LEV,Jett,0.88,155.0,14,17,4,-3,65.0,105.0,29.0,2.0,3.0,-1.0,KRU,,14,LEV,,12,0,VCT Americas
5298,2,Breeze,C0M,LEV,Sova,0.59,137.0,10,22,8,-12,62.0,108.0,30.0,1.0,1.0,0.0,KRU,,14,LEV,,12,0,VCT Americas
5299,2,Breeze,Mazino,LEV,Kayo,0.54,122.0,11,21,8,-10,58.0,82.0,41.0,0.0,8.0,-8.0,KRU,,14,LEV,,12,0,VCT Americas
5300,3,Lotus,heat,KRÜ,Fade,1.42,255.0,23,15,6,8,87.0,158.0,33.0,0.0,2.0,-2.0,KRU,,10,LEV,,13,0,VCT Americas
5301,3,Lotus,keznit,KRÜ,Raze,1.2,258.0,19,16,6,3,91.0,185.0,28.0,6.0,0.0,6.0,KRU,,10,LEV,,13,0,VCT Americas
5302,3,Lotus,Shyy,KRÜ,Killjoy,1.08,245.0,21,17,1,4,74.0,166.0,38.0,4.0,2.0,2.0,KRU,,10,LEV,,13,0,VCT Americas
5303,3,Lotus,Melser,KRÜ,Omen,0.92,170.0,15,14,6,1,70.0,112.0,24.0,1.0,2.0,-1.0,KRU,,10,LEV,,13,0,VCT Americas
5304,3,Lotus,Klaus,KRÜ,Viper,0.22,85.0,4,19,6,-15,65.0,69.0,16.0,1.0,5.0,-4.0,KRU,,10,LEV,,13,0,VCT Americas
5305,3,Lotus,aspas,LEV,Raze,1.23,266.0,23,18,2,5,78.0,167.0,38.0,5.0,3.0,2.0,KRU,,10,LEV,,13,1,VCT Americas
5306,3,Lotus,tex,LEV,Killjoy,1.2,210.0,19,16,3,3,70.0,150.0,34.0,0.0,3.0,-3.0,KRU,,10,LEV,,13,1,VCT Americas
5307,3,Lotus,kiNgg,LEV,Viper,1.19,197.0,15,14,9,1,78.0,129.0,28.0,5.0,1.0,4.0,KRU,,10,LEV,,13,1,VCT Americas
5308,3,Lotus,C0M,LEV,Fade,0.83,152.0,12,17,6,-5,65.0,123.0,23.0,1.0,1.0,0.0,KRU,,10,LEV,,13,1,VCT Americas
5309,3,Lotus,Mazino,LEV,Omen,0.74,158.0,12,17,7,-5,65.0,112.0,40.0,0.0,4.0,-4.0,KRU,,10,LEV,,13,1,VCT Americas
5310,0,Icebox,OXY,C9,Jett,1.71,341.0,32,16,4,16,77.0,208.0,34.0,9.0,2.0,7.0,C9,,14,MIBR,,12,1,VCT Americas
5311,0,Icebox,moose,C9,Killjoy,1.46,233.0,21,11,4,10,92.0,175.0,25.0,4.0,1.0,3.0,C9,,14,MIBR,,12,1,VCT Americas
5312,0,Icebox,Xeppaa,C9,Sage,0.96,172.0,15,19,10,-4,73.0,114.0,22.0,2.0,0.0,2.0,C9,,14,MIBR,,12,1,VCT Americas
5313,0,Icebox,runi,C9,Sova,0.81,193.0,19,20,5,-1,62.0,141.0,38.0,1.0,2.0,-1.0,C9,,14,MIBR,,12,1,VCT Americas
5314,0,Icebox,vanity,C9,Viper,0.75,239.0,20,26,9,-6,81.0,163.0,30.0,1.0,4.0,-3.0,C9,,14,MIBR,,12,1,VCT Americas
5315,0,Icebox,frz,MIBR,Killjoy,1.27,273.0,25,20,2,5,65.0,176.0,29.0,2.0,2.0,0.0,C9,,14,MIBR,,12,0,VCT Americas
5316,0,Icebox,RgLMeister,MIBR,Viper,1.04,227.0,21,21,8,0,77.0,162.0,35.0,2.0,2.0,0.0,C9,,14,MIBR,,12,0,VCT Americas
5317,0,Icebox,artzin,MIBR,Sage,0.86,205.0,19,22,8,-3,69.0,139.0,30.0,1.0,6.0,-5.0,C9,,14,MIBR,,12,0,VCT Americas
5318,0,Icebox,jzz,MIBR,Gekko,0.84,182.0,19,21,3,-2,73.0,127.0,44.0,4.0,5.0,-1.0,C9,,14,MIBR,,12,0,VCT Americas
5319,0,Icebox,mazin,MIBR,Kayo,0.39,106.0,8,23,14,-15,69.0,74.0,16.0,0.0,2.0,-2.0,C9,,14,MIBR,,12,0,VCT Americas
5320,2,Sunset,moose,C9,Cypher,1.3,183.0,17,9,4,8,73.0,118.0,19.0,2.0,1.0,1.0,C9,,13,MIBR,,9,1,VCT Americas
5321,2,Sunset,OXY,C9,Raze,1.26,318.0,24,17,8,7,77.0,210.0,27.0,5.0,1.0,4.0,C9,,13,MIBR,,9,1,VCT Americas
5322,2,Sunset,runi,C9,Viper,1.19,205.0,15,12,8,3,91.0,142.0,38.0,3.0,1.0,2.0,C9,,13,MIBR,,9,1,VCT Americas
5323,2,Sunset,vanity,C9,Omen,0.99,213.0,18,16,5,2,68.0,125.0,22.0,2.0,2.0,0.0,C9,,13,MIBR,,9,1,VCT Americas
5324,2,Sunset,Xeppaa,C9,Skye,0.88,167.0,13,15,11,-2,73.0,111.0,37.0,2.0,3.0,-1.0,C9,,13,MIBR,,9,1,VCT Americas
5325,2,Sunset,jzz,MIBR,Skye,1.22,263.0,19,17,7,2,68.0,165.0,36.0,3.0,3.0,0.0,C9,,13,MIBR,,9,0,VCT Americas
5326,2,Sunset,artzin,MIBR,Raze,1.04,250.0,19,19,1,0,59.0,157.0,23.0,2.0,4.0,-2.0,C9,,13,MIBR,,9,0,VCT Americas
5327,2,Sunset,frz,MIBR,Cypher,0.91,186.0,13,17,6,-4,73.0,120.0,25.0,2.0,2.0,0.0,C9,,13,MIBR,,9,0,VCT Americas
5328,2,Sunset,RgLMeister,MIBR,Omen,0.73,133.0,10,16,8,-6,73.0,85.0,27.0,1.0,1.0,0.0,C9,,13,MIBR,,9,0,VCT Americas
5329,2,Sunset,mazin,MIBR,Viper,0.49,122.0,8,18,4,-10,41.0,89.0,29.0,0.0,4.0,-4.0,C9,,13,MIBR,,9,0,VCT Americas
5330,0,Bind,trent,G2,Gekko,1.28,215.0,19,14,6,5,67.0,140.0,27.0,1.0,0.0,1.0,G2,,11,LOUD,,13,0,VCT Americas
5331,0,Bind,valyn,G2,Brimstone,1.14,177.0,16,13,8,3,88.0,102.0,15.0,1.0,1.0,0.0,G2,,11,LOUD,,13,0,VCT Americas
5332,0,Bind,leaf,G2,Viper,0.99,206.0,15,17,11,-2,79.0,143.0,16.0,4.0,4.0,0.0,G2,,11,LOUD,,13,0,VCT Americas
5333,0,Bind,icy,G2,Raze,0.75,164.0,13,18,2,-5,50.0,118.0,16.0,5.0,4.0,1.0,G2,,11,LOUD,,13,0,VCT Americas
5334,0,Bind,JonahP,G2,Skye,0.53,87.0,6,16,9,-10,67.0,61.0,18.0,1.0,3.0,-2.0,G2,,11,LOUD,,13,0,VCT Americas
5335,0,Bind,Less,LOUD,Viper,1.53,256.0,21,11,5,10,92.0,185.0,38.0,1.0,0.0,1.0,G2,,11,LOUD,,13,1,VCT Americas
5336,0,Bind,tuyz,LOUD,Brimstone,1.33,206.0,17,13,16,4,79.0,147.0,34.0,2.0,3.0,-1.0,G2,,11,LOUD,,13,1,VCT Americas
5337,0,Bind,cauanzin,LOUD,Kayo,1.24,206.0,16,13,15,3,75.0,145.0,23.0,2.0,2.0,0.0,G2,,11,LOUD,,13,1,VCT Americas
5338,0,Bind,qck,LOUD,Raze,0.8,131.0,11,13,1,-2,63.0,83.0,19.0,5.0,4.0,1.0,G2,,11,LOUD,,13,1,VCT Americas
5339,0,Bind,saadhak,LOUD,Breach,0.79,164.0,13,19,14,-6,75.0,116.0,20.0,2.0,3.0,-1.0,G2,,11,LOUD,,13,1,VCT Americas
5340,2,Icebox,valyn,G2,Harbor,0.95,206.0,13,14,5,-1,82.0,124.0,33.0,2.0,2.0,0.0,G2,,4,LOUD,,13,0,VCT Americas
5341,2,Icebox,icy,G2,Gekko,0.85,174.0,10,14,4,-4,47.0,117.0,50.0,1.0,4.0,-3.0,G2,,4,LOUD,,13,0,VCT Americas
5342,2,Icebox,JonahP,G2,Viper,0.82,171.0,8,15,5,-7,59.0,129.0,43.0,0.0,2.0,-2.0,G2,,4,LOUD,,13,0,VCT Americas
5343,2,Icebox,leaf,G2,Killjoy,0.64,177.0,10,14,2,-4,59.0,121.0,11.0,0.0,4.0,-4.0,G2,,4,LOUD,,13,0,VCT Americas
5344,2,Icebox,trent,G2,Sova,0.25,86.0,4,16,3,-12,47.0,74.0,13.0,0.0,2.0,-2.0,G2,,4,LOUD,,13,0,VCT Americas
5345,2,Icebox,Less,LOUD,Viper,1.92,296.0,20,5,3,15,88.0,208.0,35.0,2.0,0.0,2.0,G2,,4,LOUD,,13,1,VCT Americas
5346,2,Icebox,tuyz,LOUD,Harbor,1.23,203.0,13,10,6,3,82.0,144.0,22.0,3.0,0.0,3.0,G2,,4,LOUD,,13,1,VCT Americas
5347,2,Icebox,qck,LOUD,Jett,1.12,194.0,12,8,1,4,82.0,111.0,31.0,4.0,2.0,2.0,G2,,4,LOUD,,13,1,VCT Americas
5348,2,Icebox,saadhak,LOUD,Killjoy,1.01,183.0,11,9,3,2,71.0,131.0,35.0,1.0,0.0,1.0,G2,,4,LOUD,,13,1,VCT Americas
5349,2,Icebox,cauanzin,LOUD,Sova,0.96,263.0,17,13,0,4,76.0,171.0,41.0,4.0,1.0,3.0,G2,,4,LOUD,,13,1,VCT Americas
5350,0,Lotus,moose,C9,Killjoy,1.17,267.0,18,14,1,4,74.0,165.0,38.0,4.0,1.0,3.0,C9,,6,G2,,13,0,VCT Americas
5351,0,Lotus,OXY,C9,Raze,0.99,232.0,16,16,3,0,63.0,150.0,34.0,3.0,4.0,-1.0,C9,,6,G2,,13,0,VCT Americas
5352,0,Lotus,runi,C9,Viper,0.76,113.0,9,12,4,-3,68.0,82.0,47.0,3.0,1.0,2.0,C9,,6,G2,,13,0,VCT Americas
5353,0,Lotus,Xeppaa,C9,Gekko,0.69,196.0,11,16,7,-5,68.0,137.0,22.0,1.0,0.0,1.0,C9,,6,G2,,13,0,VCT Americas
5354,0,Lotus,vanity,C9,Omen,0.56,98.0,6,15,6,-9,68.0,76.0,23.0,0.0,2.0,-2.0,C9,,6,G2,,13,0,VCT Americas
5355,0,Lotus,valyn,G2,Omen,1.6,270.0,19,10,9,9,89.0,173.0,24.0,5.0,1.0,4.0,C9,,6,G2,,13,1,VCT Americas
5356,0,Lotus,icy,G2,Raze,1.27,207.0,14,11,4,3,84.0,144.0,26.0,1.0,4.0,-3.0,C9,,6,G2,,13,1,VCT Americas
5357,0,Lotus,trent,G2,Fade,1.23,237.0,15,13,10,2,89.0,144.0,17.0,1.0,0.0,1.0,C9,,6,G2,,13,1,VCT Americas
5358,0,Lotus,leaf,G2,Killjoy,0.99,196.0,15,11,2,4,63.0,114.0,16.0,1.0,4.0,-3.0,C9,,6,G2,,13,1,VCT Americas
5359,0,Lotus,JonahP,G2,Viper,0.68,157.0,10,15,5,-5,74.0,93.0,17.0,0.0,2.0,-2.0,C9,,6,G2,,13,1,VCT Americas
5360,2,Ascent,Xeppaa,C9,Skye,1.14,225.0,23,20,10,3,79.0,147.0,36.0,2.0,0.0,2.0,C9,,13,G2,,15,0,VCT Americas
5361,2,Ascent,runi,C9,Viper,0.92,141.0,14,17,9,-3,61.0,102.0,25.0,1.0,0.0,1.0,C9,,13,G2,,15,0,VCT Americas
5362,2,Ascent,moose,C9,Killjoy,0.74,180.0,17,20,3,-3,54.0,117.0,24.0,3.0,5.0,-2.0,C9,,13,G2,,15,0,VCT Americas
5363,2,Ascent,OXY,C9,Jett,0.72,199.0,18,25,3,-7,64.0,134.0,28.0,4.0,6.0,-2.0,C9,,13,G2,,15,0,VCT Americas
5364,2,Ascent,vanity,C9,Omen,0.67,116.0,12,21,4,-9,57.0,82.0,21.0,3.0,4.0,-1.0,C9,,13,G2,,15,0,VCT Americas
5365,2,Ascent,icy,G2,Jett,1.37,259.0,26,17,5,9,75.0,158.0,32.0,8.0,5.0,3.0,C9,,13,G2,,15,1,VCT Americas
5366,2,Ascent,trent,G2,Sova,1.32,218.0,22,14,8,8,79.0,149.0,25.0,2.0,0.0,2.0,C9,,13,G2,,15,1,VCT Americas
5367,2,Ascent,JonahP,G2,Kayo,1.18,215.0,20,16,17,4,86.0,154.0,26.0,1.0,3.0,-2.0,C9,,13,G2,,15,1,VCT Americas
5368,2,Ascent,valyn,G2,Omen,1.07,204.0,17,20,15,-3,82.0,144.0,22.0,2.0,2.0,0.0,C9,,13,G2,,15,1,VCT Americas
5369,2,Ascent,leaf,G2,Killjoy,0.96,192.0,18,17,6,1,68.0,131.0,28.0,2.0,3.0,-1.0,C9,,13,G2,,15,1,VCT Americas
5370,0,Bind,Cryocells,100T,Brimstone,1.94,319.0,25,8,4,17,95.0,203.0,28.0,2.0,0.0,2.0,100T,,13,LOUD,,6,1,VCT Americas
5371,0,Bind,Asuna,100T,Raze,1.36,346.0,23,16,3,7,89.0,226.0,31.0,5.0,1.0,4.0,100T,,13,LOUD,,6,1,VCT Americas
5372,0,Bind,eeiu,100T,Fade,1.0,142.0,9,9,9,0,79.0,82.0,50.0,2.0,0.0,2.0,100T,,13,LOUD,,6,1,VCT Americas
5373,0,Bind,bang,100T,Viper,0.84,163.0,11,12,5,-1,74.0,108.0,19.0,2.0,4.0,-2.0,100T,,13,LOUD,,6,1,VCT Americas
5374,0,Bind,Boostio,100T,Gekko,0.31,126.0,7,17,7,-10,58.0,97.0,23.0,1.0,2.0,-1.0,100T,,13,LOUD,,6,1,VCT Americas
5375,0,Bind,tuyz,LOUD,Brimstone,1.31,220.0,16,14,10,2,89.0,125.0,40.0,0.0,0.0,0.0,100T,,13,LOUD,,6,0,VCT Americas
5376,0,Bind,Less,LOUD,Viper,1.04,179.0,10,13,6,-3,74.0,120.0,19.0,2.0,1.0,1.0,100T,,13,LOUD,,6,0,VCT Americas
5377,0,Bind,cauanzin,LOUD,Kayo,0.91,213.0,14,17,9,-3,74.0,121.0,18.0,1.0,2.0,-1.0,100T,,13,LOUD,,6,0,VCT Americas
5378,0,Bind,saadhak,LOUD,Breach,0.9,162.0,11,13,5,-2,74.0,119.0,24.0,1.0,2.0,-1.0,100T,,13,LOUD,,6,0,VCT Americas
5379,0,Bind,qck,LOUD,Raze,0.49,169.0,11,18,2,-7,58.0,113.0,19.0,3.0,7.0,-4.0,100T,,13,LOUD,,6,0,VCT Americas
5380,2,Icebox,Cryocells,100T,Jett,1.75,355.0,22,7,1,15,71.0,211.0,17.0,6.0,2.0,4.0,100T,,13,LOUD,,4,1,VCT Americas
5381,2,Icebox,bang,100T,Viper,1.41,234.0,16,8,6,8,82.0,163.0,40.0,3.0,1.0,2.0,100T,,13,LOUD,,4,1,VCT Americas
5382,2,Icebox,Asuna,100T,Gekko,1.19,174.0,13,8,3,5,82.0,101.0,13.0,0.0,0.0,0.0,100T,,13,LOUD,,4,1,VCT Americas
5383,2,Icebox,eeiu,100T,Sova,1.07,132.0,7,6,9,1,94.0,103.0,24.0,0.0,0.0,0.0,100T,,13,LOUD,,4,1,VCT Americas
5384,2,Icebox,Boostio,100T,Killjoy,1.03,220.0,13,11,2,2,82.0,152.0,24.0,3.0,2.0,1.0,100T,,13,LOUD,,4,1,VCT Americas
5385,2,Icebox,tuyz,LOUD,Harbor,0.95,166.0,10,13,3,-3,59.0,106.0,32.0,3.0,1.0,2.0,100T,,13,LOUD,,4,0,VCT Americas
5386,2,Icebox,saadhak,LOUD,Killjoy,0.86,200.0,10,14,2,-4,59.0,141.0,21.0,0.0,3.0,-3.0,100T,,13,LOUD,,4,0,VCT Americas
5387,2,Icebox,cauanzin,LOUD,Sova,0.67,149.0,8,14,3,-6,53.0,89.0,33.0,2.0,2.0,0.0,100T,,13,LOUD,,4,0,VCT Americas
5388,2,Icebox,Less,LOUD,Viper,0.59,124.0,7,14,4,-7,47.0,88.0,22.0,0.0,3.0,-3.0,100T,,13,LOUD,,4,0,VCT Americas
5389,2,Icebox,qck,LOUD,Jett,0.25,87.0,5,16,1,-11,41.0,45.0,30.0,0.0,3.0,-3.0,100T,,13,LOUD,,4,0,VCT Americas
5390,0,Icebox,Melser,KRÜ,Viper,1.34,278.0,17,14,4,3,72.0,189.0,34.0,3.0,2.0,1.0,KRU,,5,G2,,13,0,VCT Americas
5391,0,Icebox,heat,KRÜ,Kayo,1.01,217.0,13,15,10,-2,72.0,149.0,36.0,1.0,6.0,-5.0,KRU,,5,G2,,13,0,VCT Americas
5392,0,Icebox,Klaus,KRÜ,Gekko,0.67,142.0,9,15,5,-6,56.0,86.0,23.0,1.0,1.0,0.0,KRU,,5,G2,,13,0,VCT Americas
5393,0,Icebox,Shyy,KRÜ,Killjoy,0.49,125.0,7,15,0,-8,56.0,87.0,28.0,0.0,0.0,0.0,KRU,,5,G2,,13,0,VCT Americas
5394,0,Icebox,keznit,KRÜ,Reyna,0.3,104.0,7,16,3,-9,39.0,64.0,22.0,1.0,3.0,-2.0,KRU,,5,G2,,13,0,VCT Americas
5395,0,Icebox,leaf,G2,Killjoy,1.84,357.0,24,10,4,14,89.0,234.0,22.0,5.0,1.0,4.0,KRU,,5,G2,,13,1,VCT Americas
5396,0,Icebox,trent,G2,Sova,1.42,239.0,15,9,6,6,89.0,172.0,25.0,3.0,0.0,3.0,KRU,,5,G2,,13,1,VCT Americas
5397,0,Icebox,JonahP,G2,Viper,1.17,178.0,13,9,5,4,78.0,113.0,21.0,2.0,2.0,0.0,KRU,,5,G2,,13,1,VCT Americas
5398,0,Icebox,valyn,G2,Harbor,1.03,203.0,12,13,5,-1,72.0,138.0,32.0,1.0,1.0,0.0,KRU,,5,G2,,13,1,VCT Americas
5399,0,Icebox,icy,G2,Gekko,0.74,145.0,11,12,5,-1,72.0,88.0,32.0,1.0,2.0,-1.0,KRU,,5,G2,,13,1,VCT Americas
5400,2,Ascent,Shyy,KRÜ,Killjoy,1.0,199.0,15,16,1,-1,67.0,127.0,21.0,2.0,2.0,0.0,KRU,,8,G2,,13,0,VCT Americas
5401,2,Ascent,keznit,KRÜ,Jett,0.88,230.0,15,17,4,-2,48.0,151.0,23.0,4.0,6.0,-2.0,KRU,,8,G2,,13,0,VCT Americas
5402,2,Ascent,Melser,KRÜ,Omen,0.84,169.0,14,17,9,-3,62.0,95.0,39.0,1.0,1.0,0.0,KRU,,8,G2,,13,0,VCT Americas
5403,2,Ascent,heat,KRÜ,Kayo,0.79,153.0,12,16,7,-4,71.0,106.0,41.0,1.0,2.0,-1.0,KRU,,8,G2,,13,0,VCT Americas
5404,2,Ascent,Klaus,KRÜ,Sova,0.5,146.0,9,18,3,-9,67.0,105.0,10.0,2.0,0.0,2.0,KRU,,8,G2,,13,0,VCT Americas
5405,2,Ascent,leaf,G2,Killjoy,1.37,264.0,20,12,3,8,71.0,178.0,33.0,4.0,3.0,1.0,KRU,,8,G2,,13,1,VCT Americas
5406,2,Ascent,JonahP,G2,Kayo,1.36,229.0,17,12,20,5,81.0,155.0,31.0,2.0,1.0,1.0,KRU,,8,G2,,13,1,VCT Americas
5407,2,Ascent,valyn,G2,Omen,1.31,224.0,18,14,13,4,76.0,153.0,28.0,1.0,2.0,-1.0,KRU,,8,G2,,13,1,VCT Americas
5408,2,Ascent,trent,G2,Sova,1.09,177.0,12,11,7,1,76.0,133.0,12.0,2.0,2.0,0.0,KRU,,8,G2,,13,1,VCT Americas
5409,2,Ascent,icy,G2,Jett,1.05,212.0,17,16,6,1,86.0,135.0,35.0,2.0,2.0,0.0,KRU,,8,G2,,13,1,VCT Americas
5410,0,Bind,Mazino,LEV,Brimstone,0.96,226.0,11,15,7,-4,69.0,125.0,21.0,1.0,2.0,-1.0,LEV,,3,100T,,13,0,VCT Americas
5411,0,Bind,C0M,LEV,Skye,0.94,173.0,9,14,7,-5,63.0,116.0,21.0,2.0,0.0,2.0,LEV,,3,100T,,13,0,VCT Americas
5412,0,Bind,tex,LEV,Gekko,0.77,189.0,10,13,4,-3,63.0,127.0,42.0,1.0,2.0,-1.0,LEV,,3,100T,,13,0,VCT Americas
5413,0,Bind,aspas,LEV,Raze,0.75,213.0,11,14,4,-3,88.0,139.0,19.0,2.0,2.0,0.0,LEV,,3,100T,,13,0,VCT Americas
5414,0,Bind,kiNgg,LEV,Viper,0.3,99.0,5,14,3,-9,50.0,63.0,9.0,0.0,4.0,-4.0,LEV,,3,100T,,13,0,VCT Americas
5415,0,Bind,Asuna,100T,Raze,1.65,382.0,21,11,5,10,75.0,216.0,17.0,7.0,2.0,5.0,LEV,,3,100T,,13,1,VCT Americas
5416,0,Bind,Boostio,100T,Gekko,1.47,209.0,16,6,5,10,81.0,137.0,36.0,0.0,1.0,-1.0,LEV,,3,100T,,13,1,VCT Americas
5417,0,Bind,bang,100T,Viper,1.34,252.0,14,8,3,6,81.0,171.0,29.0,2.0,2.0,0.0,LEV,,3,100T,,13,1,VCT Americas
5418,0,Bind,Cryocells,100T,Brimstone,0.91,192.0,11,11,8,0,88.0,111.0,32.0,1.0,1.0,0.0,LEV,,3,100T,,13,1,VCT Americas
5419,0,Bind,eeiu,100T,Fade,0.8,134.0,8,10,7,-2,81.0,92.0,30.0,0.0,0.0,0.0,LEV,,3,100T,,13,1,VCT Americas
5420,2,Sunset,Mazino,LEV,Breach,1.46,260.0,25,16,10,9,73.0,175.0,31.0,4.0,2.0,2.0,LEV,,14,100T,,12,1,VCT Americas
5421,2,Sunset,kiNgg,LEV,Omen,1.36,253.0,23,17,17,6,88.0,167.0,34.0,6.0,0.0,6.0,LEV,,14,100T,,12,1,VCT Americas
5422,2,Sunset,aspas,LEV,Raze,1.25,282.0,24,18,5,6,73.0,190.0,30.0,5.0,2.0,3.0,LEV,,14,100T,,12,1,VCT Americas
5423,2,Sunset,tex,LEV,Gekko,0.98,173.0,16,16,7,0,65.0,110.0,43.0,2.0,2.0,0.0,LEV,,14,100T,,12,1,VCT Americas
5424,2,Sunset,C0M,LEV,Cypher,0.47,109.0,9,20,8,-11,65.0,71.0,18.0,1.0,2.0,-1.0,LEV,,14,100T,,12,1,VCT Americas
5425,2,Sunset,Cryocells,100T,Gekko,1.22,232.0,21,16,2,5,65.0,155.0,28.0,3.0,3.0,0.0,LEV,,14,100T,,12,0,VCT Americas
5426,2,Sunset,eeiu,100T,Sova,1.16,221.0,19,19,9,0,73.0,160.0,30.0,1.0,0.0,1.0,LEV,,14,100T,,12,0,VCT Americas
5427,2,Sunset,Asuna,100T,Raze,0.98,225.0,21,20,3,1,69.0,143.0,28.0,1.0,4.0,-3.0,LEV,,14,100T,,12,0,VCT Americas
5428,2,Sunset,Boostio,100T,Cypher,0.66,151.0,14,21,5,-7,62.0,94.0,11.0,2.0,9.0,-7.0,LEV,,14,100T,,12,0,VCT Americas
5429,2,Sunset,bang,100T,Omen,0.61,146.0,12,21,8,-9,62.0,96.0,52.0,1.0,2.0,-1.0,LEV,,14,100T,,12,0,VCT Americas
5430,3,Icebox,aspas,LEV,Jett,1.28,250.0,20,17,5,3,70.0,177.0,43.0,9.0,4.0,5.0,LEV,,10,100T,,13,0,VCT Americas
5431,3,Icebox,kiNgg,LEV,Viper,0.94,169.0,15,16,7,-1,70.0,98.0,17.0,0.0,1.0,-1.0,LEV,,10,100T,,13,0,VCT Americas
5432,3,Icebox,C0M,LEV,Sova,0.85,141.0,12,16,5,-4,78.0,91.0,14.0,2.0,1.0,1.0,LEV,,10,100T,,13,0,VCT Americas
5433,3,Icebox,tex,LEV,Killjoy,0.83,161.0,13,18,6,-5,65.0,124.0,36.0,0.0,1.0,-1.0,LEV,,10,100T,,13,0,VCT Americas
5434,3,Icebox,Mazino,LEV,Harbor,0.73,162.0,12,19,12,-7,70.0,119.0,26.0,1.0,4.0,-3.0,LEV,,10,100T,,13,0,VCT Americas
5435,3,Icebox,Cryocells,100T,Jett,1.55,315.0,26,15,4,11,78.0,209.0,21.0,6.0,3.0,3.0,LEV,,10,100T,,13,1,VCT Americas
5436,3,Icebox,eeiu,100T,Sova,1.38,226.0,18,12,7,6,74.0,150.0,44.0,2.0,0.0,2.0,LEV,,10,100T,,13,1,VCT Americas
5437,3,Icebox,Asuna,100T,Gekko,0.98,207.0,18,15,6,3,74.0,133.0,30.0,1.0,3.0,-2.0,LEV,,10,100T,,13,1,VCT Americas
5438,3,Icebox,bang,100T,Viper,0.76,117.0,10,14,8,-4,74.0,82.0,30.0,0.0,1.0,-1.0,LEV,,10,100T,,13,1,VCT Americas
5439,3,Icebox,Boostio,100T,Killjoy,0.71,166.0,14,16,1,-2,52.0,104.0,18.0,2.0,5.0,-3.0,LEV,,10,100T,,13,1,VCT Americas
5440,0,Lotus,keznit,KRÜ,Raze,1.65,348.0,23,12,5,11,74.0,224.0,27.0,3.0,2.0,1.0,KRU,,13,LEV,,6,0,VCT Americas
5441,0,Lotus,heat,KRÜ,Fade,1.17,198.0,15,11,5,4,79.0,133.0,42.0,1.0,2.0,-1.0,KRU,,13,LEV,,6,0,VCT Americas
5442,0,Lotus,Melser,KRÜ,Omen,1.09,168.0,12,9,4,3,84.0,111.0,40.0,2.0,1.0,1.0,KRU,,13,LEV,,6,0,VCT Americas
5443,0,Lotus,Shyy,KRÜ,Killjoy,0.97,141.0,11,9,4,2,84.0,98.0,17.0,0.0,0.0,0.0,KRU,,13,LEV,,6,0,VCT Americas
5444,0,Lotus,Klaus,KRÜ,Viper,0.79,223.0,13,17,7,-4,74.0,153.0,25.0,6.0,2.0,4.0,KRU,,13,LEV,,6,0,VCT Americas
5445,0,Lotus,aspas,LEV,Raze,1.15,234.0,17,14,4,3,84.0,150.0,26.0,1.0,0.0,1.0,KRU,,13,LEV,,6,0,VCT Americas
5446,0,Lotus,C0M,LEV,Fade,1.05,184.0,12,13,4,-1,68.0,113.0,24.0,2.0,1.0,1.0,KRU,,13,LEV,,6,0,VCT Americas
5447,0,Lotus,tex,LEV,Killjoy,0.85,183.0,12,15,2,-3,63.0,117.0,41.0,3.0,4.0,-1.0,KRU,,13,LEV,,6,0,VCT Americas
5448,0,Lotus,Mazino,LEV,Omen,0.77,174.0,10,16,12,-6,63.0,107.0,25.0,1.0,4.0,-3.0,KRU,,13,LEV,,6,0,VCT Americas
5449,0,Lotus,kiNgg,LEV,Viper,0.52,110.0,7,16,6,-9,47.0,80.0,24.0,0.0,3.0,-3.0,KRU,,13,LEV,,6,0,VCT Americas
5450,2,Icebox,keznit,KRÜ,Jett,1.28,278.0,23,19,5,4,83.0,196.0,37.0,5.0,2.0,3.0,KRU,,11,LEV,,13,0,VCT Americas
5451,2,Icebox,Klaus,KRÜ,Gekko,1.12,204.0,17,17,7,0,75.0,128.0,47.0,4.0,2.0,2.0,KRU,,11,LEV,,13,0,VCT Americas
5452,2,Icebox,Shyy,KRÜ,Killjoy,1.11,252.0,22,17,1,5,58.0,158.0,27.0,2.0,2.0,0.0,KRU,,11,LEV,,13,0,VCT Americas
5453,2,Icebox,Melser,KRÜ,Viper,1.07,175.0,15,14,5,1,67.0,117.0,33.0,2.0,3.0,-1.0,KRU,,11,LEV,,13,0,VCT Americas
5454,2,Icebox,heat,KRÜ,Kayo,0.43,109.0,8,21,11,-13,63.0,67.0,23.0,1.0,1.0,0.0,KRU,,11,LEV,,13,0,VCT Americas
5455,2,Icebox,aspas,LEV,Jett,1.52,314.0,28,15,2,13,67.0,204.0,32.0,3.0,1.0,2.0,KRU,,11,LEV,,13,1,VCT Americas
5456,2,Icebox,tex,LEV,Killjoy,1.35,285.0,25,17,3,8,75.0,180.0,39.0,3.0,2.0,1.0,KRU,,11,LEV,,13,1,VCT Americas
5457,2,Icebox,Mazino,LEV,Harbor,0.8,178.0,15,19,7,-4,67.0,126.0,26.0,1.0,4.0,-3.0,KRU,,11,LEV,,13,1,VCT Americas
5458,2,Icebox,C0M,LEV,Sova,0.62,119.0,10,16,3,-6,63.0,81.0,22.0,2.0,4.0,-2.0,KRU,,11,LEV,,13,1,VCT Americas
5459,2,Icebox,kiNgg,LEV,Viper,0.61,128.0,10,18,7,-8,63.0,95.0,20.0,1.0,3.0,-2.0,KRU,,11,LEV,,13,1,VCT Americas
5460,3,Sunset,Shyy,KRÜ,Cypher,1.26,250.0,19,15,2,4,71.0,162.0,34.0,3.0,1.0,2.0,KRU,,8,LEV,,13,0,VCT Americas
5461,3,Sunset,heat,KRÜ,Gekko,1.18,269.0,19,17,6,2,86.0,176.0,27.0,2.0,3.0,-1.0,KRU,,8,LEV,,13,0,VCT Americas
5462,3,Sunset,keznit,KRÜ,Raze,0.54,160.0,10,18,4,-8,62.0,116.0,19.0,1.0,6.0,-5.0,KRU,,8,LEV,,13,0,VCT Americas
5463,3,Sunset,Klaus,KRÜ,Breach,0.51,128.0,8,17,9,-9,67.0,91.0,29.0,0.0,0.0,0.0,KRU,,8,LEV,,13,0,VCT Americas
5464,3,Sunset,Melser,KRÜ,Omen,0.3,106.0,7,19,3,-12,48.0,81.0,27.0,1.0,3.0,-2.0,KRU,,8,LEV,,13,0,VCT Americas
5465,3,Sunset,Mazino,LEV,Breach,1.63,318.0,23,12,11,11,95.0,205.0,22.0,2.0,0.0,2.0,KRU,,8,LEV,,13,1,VCT Americas
5466,3,Sunset,aspas,LEV,Raze,1.21,210.0,16,11,5,5,71.0,127.0,27.0,3.0,2.0,1.0,KRU,,8,LEV,,13,1,VCT Americas
5467,3,Sunset,tex,LEV,Gekko,1.16,224.0,17,14,5,3,86.0,165.0,38.0,2.0,3.0,-1.0,KRU,,8,LEV,,13,1,VCT Americas
5468,3,Sunset,C0M,LEV,Cypher,1.15,171.0,15,11,4,4,76.0,124.0,36.0,2.0,0.0,2.0,KRU,,8,LEV,,13,1,VCT Americas
5469,3,Sunset,kiNgg,LEV,Omen,1.03,225.0,15,15,12,0,81.0,136.0,28.0,4.0,2.0,2.0,KRU,,8,LEV,,13,1,VCT Americas
5470,0,Ascent,trent,G2,Sova,0.97,181.0,10,13,3,-3,56.0,136.0,34.0,2.0,1.0,1.0,G2,,5,100T,,13,0,VCT Americas
5471,0,Ascent,icy,G2,Jett,0.8,186.0,11,15,1,-4,44.0,124.0,31.0,3.0,3.0,0.0,G2,,5,100T,,13,0,VCT Americas
5472,0,Ascent,JonahP,G2,Kayo,0.77,167.0,7,15,12,-8,67.0,99.0,25.0,0.0,3.0,-3.0,G2,,5,100T,,13,0,VCT Americas
5473,0,Ascent,valyn,G2,Omen,0.68,103.0,7,12,6,-5,56.0,62.0,20.0,1.0,2.0,-1.0,G2,,5,100T,,13,0,VCT Americas
5474,0,Ascent,leaf,G2,Killjoy,0.36,118.0,8,16,0,-8,33.0,73.0,23.0,0.0,3.0,-3.0,G2,,5,100T,,13,0,VCT Americas
5475,0,Ascent,eeiu,100T,Sova,1.68,308.0,21,8,7,13,83.0,192.0,28.0,2.0,1.0,1.0,G2,,5,100T,,13,1,VCT Americas
5476,0,Ascent,bang,100T,Omen,1.47,245.0,16,7,9,9,83.0,129.0,18.0,1.0,0.0,1.0,G2,,5,100T,,13,1,VCT Americas
5477,0,Ascent,Cryocells,100T,Jett,1.32,234.0,17,9,3,8,78.0,148.0,12.0,6.0,1.0,5.0,G2,,5,100T,,13,1,VCT Americas
5478,0,Ascent,Asuna,100T,Kayo,1.22,173.0,8,9,21,-1,78.0,124.0,19.0,1.0,2.0,-1.0,G2,,5,100T,,13,1,VCT Americas
5479,0,Ascent,Boostio,100T,Killjoy,0.82,138.0,9,10,1,-1,72.0,96.0,22.0,2.0,2.0,0.0,G2,,5,100T,,13,1,VCT Americas
5480,2,Bind,valyn,G2,Brimstone,1.68,287.0,22,12,11,10,81.0,174.0,20.0,1.0,0.0,1.0,G2,,13,100T,,8,1,VCT Americas
5481,2,Bind,leaf,G2,Viper,1.66,282.0,21,14,7,7,81.0,207.0,24.0,1.0,1.0,0.0,G2,,13,100T,,8,1,VCT Americas
5482,2,Bind,trent,G2,Gekko,1.22,219.0,16,14,6,2,76.0,140.0,34.0,2.0,2.0,0.0,G2,,13,100T,,8,1,VCT Americas
5483,2,Bind,JonahP,G2,Skye,0.5,126.0,9,19,7,-10,62.0,94.0,16.0,2.0,2.0,0.0,G2,,13,100T,,8,1,VCT Americas
5484,2,Bind,icy,G2,Raze,0.36,167.0,11,21,5,-10,62.0,113.0,22.0,4.0,6.0,-2.0,G2,,13,100T,,8,1,VCT Americas
5485,2,Bind,eeiu,100T,Fade,1.22,234.0,18,16,10,2,95.0,187.0,25.0,1.0,1.0,0.0,G2,,13,100T,,8,0,VCT Americas
5486,2,Bind,Asuna,100T,Raze,1.13,261.0,19,15,8,4,86.0,158.0,21.0,5.0,3.0,2.0,G2,,13,100T,,8,0,VCT Americas
5487,2,Bind,bang,100T,Viper,1.11,221.0,17,14,5,3,76.0,138.0,23.0,2.0,4.0,-2.0,G2,,13,100T,,8,0,VCT Americas
5488,2,Bind,Cryocells,100T,Brimstone,1.0,236.0,18,18,8,0,86.0,163.0,30.0,2.0,0.0,2.0,G2,,13,100T,,8,0,VCT Americas
5489,2,Bind,Boostio,100T,Gekko,0.41,114.0,8,16,7,-8,67.0,72.0,19.0,1.0,2.0,-1.0,G2,,13,100T,,8,0,VCT Americas
5490,3,Split,valyn,G2,Omen,1.28,252.0,21,17,7,4,75.0,162.0,18.0,5.0,0.0,5.0,G2,,11,100T,,13,0,VCT Americas
5491,3,Split,leaf,G2,Viper,1.27,223.0,19,16,9,3,67.0,143.0,26.0,2.0,0.0,2.0,G2,,11,100T,,13,0,VCT Americas
5492,3,Split,trent,G2,Fade,0.96,164.0,13,16,12,-3,71.0,103.0,23.0,2.0,4.0,-2.0,G2,,11,100T,,13,0,VCT Americas
5493,3,Split,icy,G2,Raze,0.91,191.0,17,15,3,2,75.0,129.0,28.0,2.0,5.0,-3.0,G2,,11,100T,,13,0,VCT Americas
5494,3,Split,JonahP,G2,Breach,0.73,116.0,7,16,13,-9,63.0,75.0,21.0,1.0,3.0,-2.0,G2,,11,100T,,13,0,VCT Americas
5495,3,Split,eeiu,100T,Fade,1.24,204.0,20,12,6,8,67.0,135.0,27.0,2.0,3.0,-1.0,G2,,11,100T,,13,1,VCT Americas
5496,3,Split,Cryocells,100T,Astra,1.0,161.0,12,15,14,-3,67.0,113.0,28.0,3.0,2.0,1.0,G2,,11,100T,,13,1,VCT Americas
5497,3,Split,Asuna,100T,Raze,0.94,215.0,17,17,6,0,71.0,134.0,17.0,2.0,3.0,-1.0,G2,,11,100T,,13,1,VCT Americas
5498,3,Split,bang,100T,Viper,0.93,186.0,13,16,12,-3,67.0,115.0,30.0,3.0,2.0,1.0,G2,,11,100T,,13,1,VCT Americas
5499,3,Split,Boostio,100T,Gekko,0.89,189.0,18,17,3,1,71.0,119.0,32.0,2.0,2.0,0.0,G2,,11,100T,,13,1,VCT Americas
5500,0,Bind,bang,100T,Viper,1.42,240.0,21,13,2,8,77.0,163.0,48.0,4.0,3.0,1.0,100T,,13,G2,,9,1,VCT Americas
5501,0,Bind,eeiu,100T,Fade,1.4,239.0,20,14,5,6,73.0,153.0,42.0,1.0,1.0,0.0,100T,,13,G2,,9,1,VCT Americas
5502,0,Bind,Boostio,100T,Gekko,0.83,178.0,13,16,8,-3,77.0,116.0,17.0,0.0,2.0,-2.0,100T,,13,G2,,9,1,VCT Americas
5503,0,Bind,Asuna,100T,Raze,0.78,189.0,14,17,6,-3,59.0,129.0,16.0,3.0,6.0,-3.0,100T,,13,G2,,9,1,VCT Americas
5504,0,Bind,Cryocells,100T,Brimstone,0.73,176.0,12,18,8,-6,64.0,127.0,20.0,1.0,1.0,0.0,100T,,13,G2,,9,1,VCT Americas
5505,0,Bind,valyn,G2,Brimstone,1.24,264.0,19,15,8,4,82.0,175.0,25.0,6.0,3.0,3.0,100T,,13,G2,,9,0,VCT Americas
5506,0,Bind,leaf,G2,Viper,1.04,243.0,20,17,2,3,77.0,164.0,27.0,3.0,1.0,2.0,100T,,13,G2,,9,0,VCT Americas
5507,0,Bind,icy,G2,Raze,0.93,192.0,16,17,2,-1,73.0,122.0,21.0,4.0,2.0,2.0,100T,,13,G2,,9,0,VCT Americas
5508,0,Bind,JonahP,G2,Skye,0.88,177.0,14,16,10,-2,91.0,113.0,30.0,0.0,1.0,-1.0,100T,,13,G2,,9,0,VCT Americas
5509,0,Bind,trent,G2,Gekko,0.71,131.0,9,15,8,-6,64.0,99.0,56.0,0.0,2.0,-2.0,100T,,13,G2,,9,0,VCT Americas
5510,2,Breeze,Boostio,100T,Cypher,1.49,269.0,22,10,2,12,80.0,174.0,43.0,4.0,1.0,3.0,100T,,13,G2,,7,1,VCT Americas
5511,2,Breeze,eeiu,100T,Sova,1.35,233.0,16,10,8,6,75.0,157.0,25.0,4.0,2.0,2.0,100T,,13,G2,,7,1,VCT Americas
5512,2,Breeze,bang,100T,Viper,1.24,218.0,17,11,5,6,90.0,133.0,36.0,5.0,2.0,3.0,100T,,13,G2,,7,1,VCT Americas
5513,2,Breeze,Asuna,100T,Kayo,1.08,197.0,12,12,12,0,90.0,138.0,27.0,0.0,0.0,0.0,100T,,13,G2,,7,1,VCT Americas
5514,2,Breeze,Cryocells,100T,Jett,1.04,183.0,14,12,2,2,80.0,122.0,21.0,2.0,0.0,2.0,100T,,13,G2,,7,1,VCT Americas
5515,2,Breeze,icy,G2,Yoru,0.89,212.0,16,18,1,-2,55.0,145.0,47.0,0.0,4.0,-4.0,100T,,13,G2,,7,0,VCT Americas
5516,2,Breeze,JonahP,G2,Viper,0.86,153.0,9,14,9,-5,60.0,104.0,35.0,0.0,3.0,-3.0,100T,,13,G2,,7,0,VCT Americas
5517,2,Breeze,valyn,G2,Astra,0.73,154.0,10,16,1,-6,60.0,104.0,29.0,0.0,2.0,-2.0,100T,,13,G2,,7,0,VCT Americas
5518,2,Breeze,leaf,G2,Cypher,0.68,191.0,13,17,2,-4,60.0,125.0,29.0,4.0,2.0,2.0,100T,,13,G2,,7,0,VCT Americas
5519,2,Breeze,trent,G2,Sova,0.51,104.0,7,16,5,-9,55.0,78.0,29.0,1.0,4.0,-3.0,100T,,13,G2,,7,0,VCT Americas
5520,3,Sunset,Asuna,100T,Raze,1.42,299.0,21,14,5,7,71.0,196.0,19.0,4.0,5.0,-1.0,100T,,13,G2,,8,1,VCT Americas
5521,3,Sunset,bang,100T,Omen,1.29,241.0,18,12,8,6,95.0,139.0,63.0,2.0,0.0,2.0,100T,,13,G2,,8,1,VCT Americas
5522,3,Sunset,Cryocells,100T,Gekko,1.14,232.0,19,15,4,4,86.0,159.0,27.0,2.0,0.0,2.0,100T,,13,G2,,8,1,VCT Americas
5523,3,Sunset,Boostio,100T,Cypher,1.1,195.0,16,13,3,3,71.0,132.0,48.0,4.0,2.0,2.0,100T,,13,G2,,8,1,VCT Americas
5524,3,Sunset,eeiu,100T,Sova,0.58,108.0,8,14,4,-6,76.0,85.0,21.0,0.0,2.0,-2.0,100T,,13,G2,,8,1,VCT Americas
5525,3,Sunset,icy,G2,Raze,1.21,241.0,17,15,5,2,81.0,170.0,16.0,1.0,2.0,-1.0,100T,,13,G2,,8,0,VCT Americas
5526,3,Sunset,valyn,G2,Omen,1.08,197.0,14,16,7,-2,76.0,138.0,26.0,3.0,2.0,1.0,100T,,13,G2,,8,0,VCT Americas
5527,3,Sunset,trent,G2,Gekko,0.9,191.0,13,16,7,-3,71.0,130.0,32.0,2.0,2.0,0.0,100T,,13,G2,,8,0,VCT Americas
5528,3,Sunset,leaf,G2,Cypher,0.81,188.0,14,17,2,-3,62.0,116.0,30.0,2.0,5.0,-3.0,100T,,13,G2,,8,0,VCT Americas
5529,3,Sunset,JonahP,G2,Breach,0.54,140.0,10,18,11,-8,81.0,89.0,30.0,1.0,1.0,0.0,100T,,13,G2,,8,0,VCT Americas
5530,0,Bind,leaf,G2,Viper,1.12,238.0,22,20,8,2,77.0,174.0,28.0,2.0,3.0,-1.0,G2,,12,LEV,,14,0,VCT Americas
5531,0,Bind,trent,G2,Gekko,0.97,194.0,18,19,8,-1,65.0,123.0,20.0,3.0,1.0,2.0,G2,,12,LEV,,14,0,VCT Americas
5532,0,Bind,JonahP,G2,Skye,0.93,192.0,18,19,11,-1,73.0,117.0,49.0,1.0,3.0,-2.0,G2,,12,LEV,,14,0,VCT Americas
5533,0,Bind,valyn,G2,Brimstone,0.9,178.0,16,18,9,-2,73.0,119.0,30.0,2.0,4.0,-2.0,G2,,12,LEV,,14,0,VCT Americas
5534,0,Bind,icy,G2,Raze,0.61,160.0,14,22,3,-8,62.0,107.0,32.0,5.0,2.0,3.0,G2,,12,LEV,,14,0,VCT Americas
5535,0,Bind,C0M,LEV,Skye,1.3,214.0,22,15,9,7,77.0,155.0,43.0,2.0,1.0,1.0,G2,,12,LEV,,14,1,VCT Americas
5536,0,Bind,aspas,LEV,Raze,1.24,254.0,22,18,6,4,85.0,179.0,25.0,5.0,3.0,2.0,G2,,12,LEV,,14,1,VCT Americas
5537,0,Bind,kiNgg,LEV,Viper,1.0,199.0,17,18,6,-1,73.0,146.0,39.0,3.0,2.0,1.0,G2,,12,LEV,,14,1,VCT Americas
5538,0,Bind,Mazino,LEV,Brimstone,0.95,229.0,20,21,11,-1,77.0,151.0,26.0,1.0,2.0,-1.0,G2,,12,LEV,,14,1,VCT Americas
5539,0,Bind,tex,LEV,Gekko,0.94,174.0,17,16,2,1,77.0,114.0,47.0,2.0,5.0,-3.0,G2,,12,LEV,,14,1,VCT Americas
5540,2,Breeze,trent,G2,Sova,1.19,212.0,15,13,6,2,60.0,133.0,24.0,2.0,2.0,0.0,G2,,13,LEV,,7,1,VCT Americas
5541,2,Breeze,JonahP,G2,Viper,1.16,239.0,14,14,9,0,65.0,154.0,23.0,1.0,1.0,0.0,G2,,13,LEV,,7,1,VCT Americas
5542,2,Breeze,valyn,G2,Astra,1.13,187.0,15,12,8,3,65.0,116.0,29.0,3.0,1.0,2.0,G2,,13,LEV,,7,1,VCT Americas
5543,2,Breeze,leaf,G2,Cypher,1.02,173.0,13,12,1,1,75.0,103.0,16.0,3.0,1.0,2.0,G2,,13,LEV,,7,1,VCT Americas
5544,2,Breeze,icy,G2,Yoru,0.79,146.0,12,14,1,-2,60.0,92.0,27.0,3.0,3.0,0.0,G2,,13,LEV,,7,1,VCT Americas
5545,2,Breeze,Mazino,LEV,Kayo,1.01,196.0,13,14,11,-1,70.0,118.0,22.0,2.0,4.0,-2.0,G2,,13,LEV,,7,0,VCT Americas
5546,2,Breeze,aspas,LEV,Jett,0.97,223.0,16,13,1,3,65.0,133.0,35.0,2.0,4.0,-2.0,G2,,13,LEV,,7,0,VCT Americas
5547,2,Breeze,tex,LEV,Cypher,0.9,174.0,12,14,2,-2,60.0,119.0,38.0,2.0,0.0,2.0,G2,,13,LEV,,7,0,VCT Americas
5548,2,Breeze,kiNgg,LEV,Viper,0.86,213.0,14,14,6,0,75.0,132.0,35.0,1.0,3.0,-2.0,G2,,13,LEV,,7,0,VCT Americas
5549,2,Breeze,C0M,LEV,Sova,0.74,147.0,10,14,2,-4,55.0,104.0,26.0,1.0,1.0,0.0,G2,,13,LEV,,7,0,VCT Americas
5550,3,Icebox,trent,G2,Sova,1.69,305.0,29,16,7,13,85.0,201.0,36.0,2.0,2.0,0.0,G2,,12,LEV,,14,0,VCT Americas
5551,3,Icebox,valyn,G2,Harbor,1.36,252.0,25,18,7,7,81.0,146.0,40.0,4.0,0.0,4.0,G2,,12,LEV,,14,0,VCT Americas
5552,3,Icebox,JonahP,G2,Viper,0.92,189.0,16,19,12,-3,81.0,122.0,22.0,1.0,5.0,-4.0,G2,,12,LEV,,14,0,VCT Americas
5553,3,Icebox,leaf,G2,Killjoy,0.79,188.0,16,23,6,-7,62.0,132.0,19.0,4.0,4.0,0.0,G2,,12,LEV,,14,0,VCT Americas
5554,3,Icebox,icy,G2,Gekko,0.62,143.0,12,21,9,-9,58.0,112.0,27.0,1.0,3.0,-2.0,G2,,12,LEV,,14,0,VCT Americas
5555,3,Icebox,aspas,LEV,Jett,1.3,301.0,28,19,3,9,69.0,204.0,39.0,5.0,3.0,2.0,G2,,12,LEV,,14,1,VCT Americas
5556,3,Icebox,C0M,LEV,Sova,0.86,195.0,17,20,6,-3,62.0,126.0,24.0,4.0,4.0,0.0,G2,,12,LEV,,14,1,VCT Americas
5557,3,Icebox,tex,LEV,Killjoy,0.85,177.0,17,17,1,0,62.0,117.0,34.0,1.0,3.0,-2.0,G2,,12,LEV,,14,1,VCT Americas
5558,3,Icebox,kiNgg,LEV,Viper,0.79,174.0,15,18,5,-3,73.0,125.0,28.0,2.0,2.0,0.0,G2,,12,LEV,,14,1,VCT Americas
5559,3,Icebox,Mazino,LEV,Harbor,0.67,207.0,20,24,5,-4,73.0,136.0,33.0,2.0,0.0,2.0,G2,,12,LEV,,14,1,VCT Americas
5560,4,Lotus,valyn,G2,Omen,1.44,309.0,26,17,10,9,87.0,190.0,24.0,4.0,2.0,2.0,G2,,13,LEV,,10,1,VCT Americas
5561,4,Lotus,icy,G2,Raze,1.33,224.0,20,15,4,5,83.0,145.0,28.0,2.0,1.0,1.0,G2,,13,LEV,,10,1,VCT Americas
5562,4,Lotus,leaf,G2,Killjoy,0.94,210.0,17,17,7,0,74.0,139.0,23.0,2.0,3.0,-1.0,G2,,13,LEV,,10,1,VCT Americas
5563,4,Lotus,JonahP,G2,Viper,0.81,186.0,13,17,5,-4,70.0,127.0,43.0,1.0,5.0,-4.0,G2,,13,LEV,,10,1,VCT Americas
5564,4,Lotus,trent,G2,Fade,0.6,113.0,8,15,6,-7,74.0,71.0,38.0,1.0,2.0,-1.0,G2,,13,LEV,,10,1,VCT Americas
5565,4,Lotus,Mazino,LEV,Omen,1.49,295.0,26,16,9,10,87.0,171.0,32.0,2.0,2.0,0.0,G2,,13,LEV,,10,0,VCT Americas
5566,4,Lotus,aspas,LEV,Raze,1.1,214.0,18,17,7,1,83.0,160.0,27.0,2.0,2.0,0.0,G2,,13,LEV,,10,0,VCT Americas
5567,4,Lotus,kiNgg,LEV,Viper,1.02,210.0,16,15,9,1,74.0,131.0,26.0,3.0,0.0,3.0,G2,,13,LEV,,10,0,VCT Americas
5568,4,Lotus,C0M,LEV,Fade,0.77,146.0,11,17,10,-6,74.0,112.0,23.0,3.0,1.0,2.0,G2,,13,LEV,,10,0,VCT Americas
5569,4,Lotus,tex,LEV,Killjoy,0.52,136.0,10,19,4,-9,70.0,110.0,24.0,3.0,5.0,-2.0,G2,,13,LEV,,10,0,VCT Americas
5570,5,Ascent,valyn,G2,Omen,1.1,221.0,19,15,9,4,71.0,152.0,29.0,2.0,4.0,-2.0,G2,,13,LEV,,11,1,VCT Americas
5571,5,Ascent,JonahP,G2,Kayo,0.96,174.0,14,17,18,-3,71.0,116.0,36.0,1.0,1.0,0.0,G2,,13,LEV,,11,1,VCT Americas
5572,5,Ascent,leaf,G2,Killjoy,0.93,223.0,18,20,6,-2,83.0,147.0,26.0,3.0,1.0,2.0,G2,,13,LEV,,11,1,VCT Americas
5573,5,Ascent,trent,G2,Sova,0.89,198.0,14,17,6,-3,63.0,134.0,18.0,3.0,1.0,2.0,G2,,13,LEV,,11,1,VCT Americas
5574,5,Ascent,icy,G2,Jett,0.84,156.0,16,18,1,-2,71.0,124.0,42.0,5.0,3.0,2.0,G2,,13,LEV,,11,1,VCT Americas
5575,5,Ascent,kiNgg,LEV,Omen,1.6,274.0,25,13,7,12,75.0,169.0,31.0,1.0,1.0,0.0,G2,,13,LEV,,11,0,VCT Americas
5576,5,Ascent,C0M,LEV,Sova,1.32,204.0,17,14,10,3,75.0,136.0,23.0,2.0,0.0,2.0,G2,,13,LEV,,11,0,VCT Americas
5577,5,Ascent,Mazino,LEV,Kayo,0.88,196.0,15,18,14,-3,83.0,138.0,40.0,0.0,3.0,-3.0,G2,,13,LEV,,11,0,VCT Americas
5578,5,Ascent,aspas,LEV,Jett,0.85,180.0,17,17,2,0,58.0,113.0,41.0,5.0,5.0,0.0,G2,,13,LEV,,11,0,VCT Americas
5579,5,Ascent,tex,LEV,Killjoy,0.72,169.0,13,19,6,-6,63.0,108.0,31.0,2.0,5.0,-3.0,G2,,13,LEV,,11,0,VCT Americas
5580,0,Lotus,zekken,SEN,Raze,1.47,339.0,22,14,7,8,76.0,222.0,30.0,7.0,4.0,3.0,SEN,,13,NRG,,8,1,VCT Americas
5581,0,Lotus,Sacy,SEN,Fade,1.47,245.0,19,10,9,9,86.0,161.0,39.0,0.0,2.0,-2.0,SEN,,13,NRG,,8,1,VCT Americas
5582,0,Lotus,Zellsis,SEN,Cypher,1.24,204.0,16,10,6,6,86.0,131.0,21.0,1.0,0.0,1.0,SEN,,13,NRG,,8,1,VCT Americas
5583,0,Lotus,TenZ,SEN,Omen,1.02,188.0,13,13,14,0,76.0,127.0,12.0,1.0,1.0,0.0,SEN,,13,NRG,,8,1,VCT Americas
5584,0,Lotus,johnqt,SEN,Deadlock,0.9,134.0,10,11,5,-1,67.0,96.0,46.0,2.0,2.0,0.0,SEN,,13,NRG,,8,1,VCT Americas
5585,0,Lotus,Ethan,NRG,Breach,0.96,191.0,14,15,10,-1,76.0,121.0,29.0,3.0,0.0,3.0,SEN,,13,NRG,,8,0,VCT Americas
5586,0,Lotus,s0m,NRG,Clove,0.92,210.0,14,17,6,-3,71.0,142.0,28.0,4.0,4.0,0.0,SEN,,13,NRG,,8,0,VCT Americas
5587,0,Lotus,Victor,NRG,Neon,0.71,164.0,11,17,5,-6,57.0,116.0,21.0,2.0,6.0,-4.0,SEN,,13,NRG,,8,0,VCT Americas
5588,0,Lotus,FiNESSE,NRG,Cypher,0.68,122.0,9,16,4,-7,62.0,79.0,15.0,1.0,0.0,1.0,SEN,,13,NRG,,8,0,VCT Americas
5589,0,Lotus,crashies,NRG,Gekko,0.65,134.0,10,16,4,-6,52.0,92.0,40.0,0.0,2.0,-2.0,SEN,,13,NRG,,8,0,VCT Americas
5590,2,Sunset,TenZ,SEN,Omen,1.38,229.0,23,16,10,7,77.0,140.0,29.0,4.0,2.0,2.0,SEN,,14,NRG,,12,1,VCT Americas
5591,2,Sunset,zekken,SEN,Raze,1.36,294.0,24,19,14,5,77.0,206.0,28.0,5.0,4.0,1.0,SEN,,14,NRG,,12,1,VCT Americas
5592,2,Sunset,Zellsis,SEN,Breach,1.31,220.0,21,14,16,7,81.0,138.0,22.0,1.0,1.0,0.0,SEN,,14,NRG,,12,1,VCT Americas
5593,2,Sunset,Sacy,SEN,Gekko,1.02,191.0,19,16,8,3,77.0,132.0,33.0,3.0,3.0,0.0,SEN,,14,NRG,,12,1,VCT Americas
5594,2,Sunset,johnqt,SEN,Cypher,0.85,166.0,15,17,4,-2,73.0,108.0,26.0,1.0,2.0,-1.0,SEN,,14,NRG,,12,1,VCT Americas
5595,2,Sunset,Ethan,NRG,Kayo,0.99,198.0,18,19,13,-1,73.0,117.0,21.0,2.0,3.0,-1.0,SEN,,14,NRG,,12,0,VCT Americas
5596,2,Sunset,s0m,NRG,Omen,0.95,180.0,16,18,15,-2,77.0,123.0,19.0,0.0,2.0,-2.0,SEN,,14,NRG,,12,0,VCT Americas
5597,2,Sunset,Victor,NRG,Neon,0.94,273.0,23,24,5,-1,65.0,177.0,26.0,7.0,7.0,0.0,SEN,,14,NRG,,12,0,VCT Americas
5598,2,Sunset,crashies,NRG,Sova,0.74,141.0,13,19,10,-6,62.0,92.0,15.0,1.0,1.0,0.0,SEN,,14,NRG,,12,0,VCT Americas
5599,2,Sunset,FiNESSE,NRG,Cypher,0.6,144.0,12,22,4,-10,46.0,100.0,17.0,2.0,1.0,1.0,SEN,,14,NRG,,12,0,VCT Americas
5600,0,Ascent,valyn,G2,Omen,1.17,205.0,19,17,6,2,79.0,137.0,32.0,2.0,1.0,1.0,G2,,13,C9,,11,1,VCT Americas
5601,0,Ascent,leaf,G2,Killjoy,1.13,221.0,18,16,8,2,75.0,147.0,17.0,2.0,1.0,1.0,G2,,13,C9,,11,1,VCT Americas
5602,0,Ascent,trent,G2,Sova,1.1,181.0,16,14,4,2,71.0,119.0,25.0,2.0,3.0,-1.0,G2,,13,C9,,11,1,VCT Americas
5603,0,Ascent,JonahP,G2,Kayo,1.02,176.0,14,17,17,-3,71.0,113.0,33.0,3.0,2.0,1.0,G2,,13,C9,,11,1,VCT Americas
5604,0,Ascent,icy,G2,Neon,0.93,176.0,16,16,6,0,63.0,104.0,24.0,2.0,6.0,-4.0,G2,,13,C9,,11,1,VCT Americas
5605,0,Ascent,runi,C9,Sova,1.11,199.0,15,14,13,1,88.0,142.0,32.0,0.0,0.0,0.0,G2,,13,C9,,11,0,VCT Americas
5606,0,Ascent,Xeppaa,C9,Kayo,1.09,193.0,14,16,17,-2,83.0,131.0,27.0,2.0,2.0,0.0,G2,,13,C9,,11,0,VCT Americas
5607,0,Ascent,OXY,C9,Jett,1.05,243.0,22,18,2,4,63.0,145.0,26.0,6.0,3.0,3.0,G2,,13,C9,,11,0,VCT Americas
5608,0,Ascent,moose,C9,Killjoy,0.89,174.0,15,16,4,-1,75.0,116.0,22.0,2.0,1.0,1.0,G2,,13,C9,,11,0,VCT Americas
5609,0,Ascent,vanity,C9,Omen,0.73,162.0,14,19,11,-5,71.0,106.0,22.0,3.0,5.0,-2.0,G2,,13,C9,,11,0,VCT Americas
5610,2,Icebox,valyn,G2,Harbor,1.32,257.0,15,12,7,3,78.0,146.0,23.0,2.0,1.0,1.0,G2,,5,C9,,13,0,VCT Americas
5611,2,Icebox,trent,G2,Sova,0.94,172.0,11,13,5,-2,61.0,108.0,29.0,2.0,2.0,0.0,G2,,5,C9,,13,0,VCT Americas
5612,2,Icebox,leaf,G2,Killjoy,0.83,192.0,11,15,3,-4,61.0,135.0,21.0,1.0,3.0,-2.0,G2,,5,C9,,13,0,VCT Americas
5613,2,Icebox,icy,G2,Gekko,0.66,155.0,9,15,6,-6,67.0,104.0,32.0,2.0,2.0,0.0,G2,,5,C9,,13,0,VCT Americas
5614,2,Icebox,JonahP,G2,Viper,0.63,168.0,10,15,3,-5,44.0,106.0,21.0,1.0,2.0,-1.0,G2,,5,C9,,13,0,VCT Americas
5615,2,Icebox,runi,C9,Sova,1.59,256.0,18,8,4,10,83.0,166.0,38.0,2.0,0.0,2.0,G2,,5,C9,,13,1,VCT Americas
5616,2,Icebox,moose,C9,Killjoy,1.28,184.0,13,8,5,5,83.0,156.0,21.0,1.0,1.0,0.0,G2,,5,C9,,13,1,VCT Americas
5617,2,Icebox,Xeppaa,C9,Gekko,0.98,231.0,15,13,3,2,56.0,156.0,22.0,0.0,3.0,-3.0,G2,,5,C9,,13,1,VCT Americas
5618,2,Icebox,OXY,C9,Reyna,0.92,214.0,14,14,3,0,78.0,142.0,30.0,6.0,4.0,2.0,G2,,5,C9,,13,1,VCT Americas
5619,2,Icebox,vanity,C9,Viper,0.74,153.0,10,13,5,-3,56.0,109.0,28.0,1.0,0.0,1.0,G2,,5,C9,,13,1,VCT Americas
5620,3,Lotus,leaf,G2,Killjoy,1.34,253.0,19,12,8,7,71.0,181.0,20.0,1.0,3.0,-2.0,G2,,13,C9,,8,1,VCT Americas
5621,3,Lotus,trent,G2,Fade,1.22,190.0,15,11,6,4,81.0,125.0,28.0,2.0,1.0,1.0,G2,,13,C9,,8,1,VCT Americas
5622,3,Lotus,JonahP,G2,Viper,1.13,183.0,15,11,4,4,71.0,103.0,10.0,3.0,1.0,2.0,G2,,13,C9,,8,1,VCT Americas
5623,3,Lotus,icy,G2,Raze,0.96,182.0,14,13,5,1,67.0,123.0,11.0,1.0,0.0,1.0,G2,,13,C9,,8,1,VCT Americas
5624,3,Lotus,valyn,G2,Omen,0.87,167.0,11,14,8,-3,76.0,106.0,21.0,6.0,3.0,3.0,G2,,13,C9,,8,1,VCT Americas
5625,3,Lotus,vanity,C9,Omen,1.25,272.0,21,16,7,5,81.0,176.0,23.0,3.0,2.0,1.0,G2,,13,C9,,8,0,VCT Americas
5626,3,Lotus,OXY,C9,Raze,1.09,259.0,18,16,7,2,76.0,167.0,22.0,3.0,3.0,0.0,G2,,13,C9,,8,0,VCT Americas
5627,3,Lotus,runi,C9,Breach,0.88,138.0,9,12,8,-3,67.0,83.0,28.0,1.0,1.0,0.0,G2,,13,C9,,8,0,VCT Americas
5628,3,Lotus,moose,C9,Cypher,0.58,97.0,7,14,1,-7,57.0,80.0,20.0,0.0,2.0,-2.0,G2,,13,C9,,8,0,VCT Americas
5629,3,Lotus,Xeppaa,C9,Gekko,0.47,97.0,6,16,5,-10,62.0,70.0,18.0,1.0,5.0,-4.0,G2,,13,C9,,8,0,VCT Americas
5630,0,Lotus,zekken,SEN,Raze,1.32,301.0,22,20,12,2,75.0,207.0,15.0,4.0,3.0,1.0,SEN,,13,KRU,,11,1,VCT Americas
5631,0,Lotus,TenZ,SEN,Omen,1.23,247.0,21,16,6,5,58.0,160.0,33.0,3.0,5.0,-2.0,SEN,,13,KRU,,11,1,VCT Americas
5632,0,Lotus,Zellsis,SEN,Breach,1.21,151.0,13,11,15,2,88.0,97.0,24.0,0.0,0.0,0.0,SEN,,13,KRU,,11,1,VCT Americas
5633,0,Lotus,johnqt,SEN,Cypher,1.08,185.0,15,14,8,1,71.0,133.0,31.0,0.0,1.0,-1.0,SEN,,13,KRU,,11,1,VCT Americas
5634,0,Lotus,Sacy,SEN,Fade,0.87,164.0,15,17,8,-2,58.0,100.0,24.0,3.0,5.0,-2.0,SEN,,13,KRU,,11,1,VCT Americas
5635,0,Lotus,Melser,KRÜ,Omen,1.11,213.0,19,15,6,4,83.0,133.0,27.0,3.0,3.0,0.0,SEN,,13,KRU,,11,0,VCT Americas
5636,0,Lotus,heat,KRÜ,Fade,1.06,221.0,19,17,5,2,83.0,148.0,36.0,2.0,1.0,1.0,SEN,,13,KRU,,11,0,VCT Americas
5637,0,Lotus,keznit,KRÜ,Raze,0.97,253.0,19,20,6,-1,71.0,169.0,27.0,6.0,1.0,5.0,SEN,,13,KRU,,11,0,VCT Americas
5638,0,Lotus,Klaus,KRÜ,Viper,0.67,140.0,12,18,4,-6,63.0,97.0,26.0,2.0,3.0,-1.0,SEN,,13,KRU,,11,0,VCT Americas
5639,0,Lotus,Shyy,KRÜ,Killjoy,0.52,107.0,9,16,2,-7,58.0,77.0,24.0,1.0,2.0,-1.0,SEN,,13,KRU,,11,0,VCT Americas
5640,2,Split,TenZ,SEN,Omen,1.24,196.0,18,13,4,5,83.0,115.0,26.0,3.0,1.0,2.0,SEN,,13,KRU,,10,1,VCT Americas
5641,2,Split,Sacy,SEN,Skye,1.13,198.0,15,13,4,2,83.0,146.0,29.0,2.0,1.0,1.0,SEN,,13,KRU,,10,1,VCT Americas
5642,2,Split,zekken,SEN,Raze,1.1,256.0,19,19,4,0,74.0,172.0,33.0,4.0,5.0,-1.0,SEN,,13,KRU,,10,1,VCT Americas
5643,2,Split,Zellsis,SEN,Viper,1.03,148.0,12,12,7,0,74.0,96.0,13.0,1.0,1.0,0.0,SEN,,13,KRU,,10,1,VCT Americas
5644,2,Split,johnqt,SEN,Cypher,0.81,158.0,11,16,6,-5,74.0,111.0,33.0,2.0,3.0,-1.0,SEN,,13,KRU,,10,1,VCT Americas
5645,2,Split,keznit,KRÜ,Raze,1.2,245.0,20,16,3,4,78.0,162.0,25.0,5.0,2.0,3.0,SEN,,13,KRU,,10,0,VCT Americas
5646,2,Split,heat,KRÜ,Skye,1.01,189.0,16,15,8,1,78.0,120.0,36.0,1.0,3.0,-2.0,SEN,,13,KRU,,10,0,VCT Americas
5647,2,Split,Melser,KRÜ,Omen,0.99,172.0,15,13,7,2,83.0,110.0,26.0,2.0,1.0,1.0,SEN,,13,KRU,,10,0,VCT Americas
5648,2,Split,Shyy,KRÜ,Viper,0.84,163.0,14,15,8,-1,61.0,115.0,26.0,1.0,3.0,-2.0,SEN,,13,KRU,,10,0,VCT Americas
5649,2,Split,Klaus,KRÜ,Cypher,0.65,114.0,8,16,7,-8,65.0,88.0,29.0,2.0,3.0,-1.0,SEN,,13,KRU,,10,0,VCT Americas
5650,0,Haven,Ethan,NRG,Yoru,1.0,297.0,18,18,4,0,65.0,182.0,26.0,4.0,2.0,2.0,NRG,,7,G2,,13,0,VCT Americas
5651,0,Haven,s0m,NRG,Omen,0.94,223.0,13,16,10,-3,80.0,149.0,30.0,0.0,2.0,-2.0,NRG,,7,G2,,13,0,VCT Americas
5652,0,Haven,Victor,NRG,Clove,0.81,174.0,13,17,6,-4,65.0,119.0,39.0,3.0,4.0,-1.0,NRG,,7,G2,,13,0,VCT Americas
5653,0,Haven,crashies,NRG,Fade,0.73,133.0,9,12,6,-3,75.0,79.0,17.0,1.0,1.0,0.0,NRG,,7,G2,,13,0,VCT Americas
5654,0,Haven,FiNESSE,NRG,Deadlock,0.29,69.0,4,18,4,-14,50.0,44.0,17.0,1.0,2.0,-1.0,NRG,,7,G2,,13,0,VCT Americas
5655,0,Haven,leaf,G2,Killjoy,1.87,334.0,25,9,6,16,80.0,205.0,19.0,5.0,1.0,4.0,NRG,,7,G2,,13,1,VCT Americas
5656,0,Haven,trent,G2,Sova,1.38,301.0,21,14,9,7,90.0,196.0,38.0,1.0,2.0,-1.0,NRG,,7,G2,,13,1,VCT Americas
5657,0,Haven,valyn,G2,Omen,1.04,169.0,12,10,9,2,85.0,96.0,24.0,1.0,2.0,-1.0,NRG,,7,G2,,13,1,VCT Americas
5658,0,Haven,icy,G2,Jett,1.0,187.0,14,10,4,4,95.0,142.0,32.0,3.0,2.0,1.0,NRG,,7,G2,,13,1,VCT Americas
5659,0,Haven,JonahP,G2,Breach,0.57,123.0,9,14,8,-5,60.0,92.0,22.0,1.0,2.0,-1.0,NRG,,7,G2,,13,1,VCT Americas
5660,2,Bind,Ethan,NRG,Sage,1.25,244.0,19,14,7,5,90.0,143.0,17.0,3.0,1.0,2.0,NRG,,8,G2,,13,0,VCT Americas
5661,2,Bind,crashies,NRG,Skye,1.08,168.0,12,11,8,1,86.0,127.0,24.0,0.0,0.0,0.0,NRG,,8,G2,,13,0,VCT Americas
5662,2,Bind,s0m,NRG,Brimstone,0.94,177.0,13,16,10,-3,71.0,115.0,33.0,3.0,2.0,1.0,NRG,,8,G2,,13,0,VCT Americas
5663,2,Bind,Victor,NRG,Raze,0.76,197.0,14,15,4,-1,62.0,142.0,29.0,1.0,7.0,-6.0,NRG,,8,G2,,13,0,VCT Americas
5664,2,Bind,FiNESSE,NRG,Viper,0.47,150.0,9,20,6,-11,43.0,96.0,25.0,2.0,2.0,0.0,NRG,,8,G2,,13,0,VCT Americas
5665,2,Bind,JonahP,G2,Skye,1.39,215.0,16,11,13,5,90.0,134.0,30.0,1.0,1.0,0.0,NRG,,8,G2,,13,1,VCT Americas
5666,2,Bind,trent,G2,Gekko,1.13,239.0,17,16,7,1,71.0,160.0,38.0,4.0,2.0,2.0,NRG,,8,G2,,13,1,VCT Americas
5667,2,Bind,valyn,G2,Brimstone,1.08,191.0,13,13,9,0,86.0,135.0,16.0,1.0,0.0,1.0,NRG,,8,G2,,13,1,VCT Americas
5668,2,Bind,leaf,G2,Viper,1.02,210.0,15,14,3,1,62.0,141.0,21.0,3.0,3.0,0.0,NRG,,8,G2,,13,1,VCT Americas
5669,2,Bind,icy,G2,Raze,0.97,201.0,15,13,1,2,81.0,126.0,24.0,3.0,3.0,0.0,NRG,,8,G2,,13,1,VCT Americas
5670,0,Haven,zekken,SEN,Jett,1.64,284.0,19,10,3,9,83.0,169.0,26.0,7.0,1.0,6.0,SEN,,13,C9,,5,1,VCT Americas
5671,0,Haven,Zellsis,SEN,Breach,1.35,193.0,13,7,10,6,83.0,118.0,17.0,0.0,1.0,-1.0,SEN,,13,C9,,5,1,VCT Americas
5672,0,Haven,TenZ,SEN,Omen,1.25,194.0,13,9,8,4,83.0,130.0,38.0,1.0,1.0,0.0,SEN,,13,C9,,5,1,VCT Americas
5673,0,Haven,johnqt,SEN,Killjoy,1.09,227.0,15,11,2,4,72.0,128.0,30.0,3.0,1.0,2.0,SEN,,13,C9,,5,1,VCT Americas
5674,0,Haven,Sacy,SEN,Sova,0.95,129.0,8,9,9,-1,83.0,92.0,27.0,1.0,2.0,-1.0,SEN,,13,C9,,5,1,VCT Americas
5675,0,Haven,moose,C9,Killjoy,0.88,118.0,8,11,2,-3,61.0,77.0,32.0,0.0,1.0,-1.0,SEN,,13,C9,,5,0,VCT Americas
5676,0,Haven,Xeppaa,C9,Gekko,0.87,171.0,10,13,7,-3,83.0,117.0,17.0,2.0,1.0,1.0,SEN,,13,C9,,5,0,VCT Americas
5677,0,Haven,runi,C9,Breach,0.83,150.0,10,14,10,-4,78.0,92.0,32.0,0.0,1.0,-1.0,SEN,,13,C9,,5,0,VCT Americas
5678,0,Haven,OXY,C9,Jett,0.59,197.0,12,16,2,-4,50.0,128.0,21.0,2.0,6.0,-4.0,SEN,,13,C9,,5,0,VCT Americas
5679,0,Haven,vanity,C9,Omen,0.43,107.0,6,14,4,-8,50.0,65.0,12.0,2.0,3.0,-1.0,SEN,,13,C9,,5,0,VCT Americas
5680,2,Split,Zellsis,SEN,Viper,1.26,222.0,18,11,4,7,71.0,152.0,16.0,0.0,2.0,-2.0,SEN,,13,C9,,8,1,VCT Americas
5681,2,Split,zekken,SEN,Raze,1.22,307.0,21,14,3,7,86.0,192.0,26.0,9.0,4.0,5.0,SEN,,13,C9,,8,1,VCT Americas
5682,2,Split,johnqt,SEN,Cypher,0.94,126.0,11,10,3,1,71.0,89.0,26.0,0.0,0.0,0.0,SEN,,13,C9,,8,1,VCT Americas
5683,2,Split,Sacy,SEN,Skye,0.93,151.0,10,12,10,-2,76.0,104.0,33.0,1.0,3.0,-2.0,SEN,,13,C9,,8,1,VCT Americas
5684,2,Split,TenZ,SEN,Omen,0.89,174.0,11,14,9,-3,71.0,127.0,19.0,1.0,2.0,-1.0,SEN,,13,C9,,8,1,VCT Americas
5685,2,Split,Xeppaa,C9,Skye,1.31,233.0,17,13,8,4,71.0,147.0,31.0,3.0,1.0,2.0,SEN,,13,C9,,8,0,VCT Americas
5686,2,Split,vanity,C9,Omen,1.06,215.0,15,14,6,1,71.0,141.0,20.0,2.0,4.0,-2.0,SEN,,13,C9,,8,0,VCT Americas
5687,2,Split,moose,C9,Cypher,0.87,145.0,11,13,3,-2,62.0,86.0,17.0,2.0,2.0,0.0,SEN,,13,C9,,8,0,VCT Americas
5688,2,Split,runi,C9,Viper,0.77,145.0,10,15,5,-5,62.0,104.0,23.0,1.0,1.0,0.0,SEN,,13,C9,,8,0,VCT Americas
5689,2,Split,OXY,C9,Raze,0.55,109.0,6,16,5,-10,71.0,77.0,24.0,2.0,2.0,0.0,SEN,,13,C9,,8,0,VCT Americas
5690,0,Split,Ethan,NRG,Yoru,1.47,331.0,25,16,4,9,90.0,193.0,21.0,6.0,1.0,5.0,NRG,,8,KRU,,13,0,VCT Americas
5691,0,Split,s0m,NRG,Omen,1.02,247.0,18,17,8,1,76.0,146.0,27.0,2.0,1.0,1.0,NRG,,8,KRU,,13,0,VCT Americas
5692,0,Split,Victor,NRG,Neon,0.99,241.0,18,16,4,2,57.0,140.0,18.0,3.0,6.0,-3.0,NRG,,8,KRU,,13,0,VCT Americas
5693,0,Split,crashies,NRG,Breach,0.76,169.0,12,14,8,-2,71.0,103.0,25.0,0.0,2.0,-2.0,NRG,,8,KRU,,13,0,VCT Americas
5694,0,Split,FiNESSE,NRG,Cypher,0.54,97.0,7,14,3,-7,76.0,73.0,11.0,0.0,0.0,0.0,NRG,,8,KRU,,13,0,VCT Americas
5695,0,Split,Melser,KRÜ,Omen,1.36,271.0,20,17,11,3,90.0,187.0,32.0,2.0,1.0,1.0,NRG,,8,KRU,,13,0,VCT Americas
5696,0,Split,Shyy,KRÜ,Viper,1.15,179.0,16,14,9,2,71.0,116.0,35.0,1.0,2.0,-1.0,NRG,,8,KRU,,13,0,VCT Americas
5697,0,Split,heat,KRÜ,Skye,1.04,215.0,16,17,6,-1,71.0,141.0,28.0,3.0,2.0,1.0,NRG,,8,KRU,,13,0,VCT Americas
5698,0,Split,keznit,KRÜ,Raze,1.01,251.0,17,17,8,0,81.0,174.0,24.0,3.0,4.0,-1.0,NRG,,8,KRU,,13,0,VCT Americas
5699,0,Split,mta,KRÜ,Cypher,0.59,107.0,8,15,4,-7,62.0,67.0,27.0,1.0,2.0,-1.0,NRG,,8,KRU,,13,0,VCT Americas
5700,2,Ascent,s0m,NRG,Omen,1.56,271.0,22,11,10,11,86.0,183.0,37.0,1.0,0.0,1.0,NRG,,13,KRU,,8,1,VCT Americas
5701,2,Ascent,FiNESSE,NRG,Cypher,1.23,224.0,18,12,6,6,76.0,162.0,22.0,2.0,1.0,1.0,NRG,,13,KRU,,8,1,VCT Americas
5702,2,Ascent,crashies,NRG,Sova,1.1,205.0,14,12,3,2,76.0,139.0,15.0,1.0,0.0,1.0,NRG,,13,KRU,,8,1,VCT Americas
5703,2,Ascent,Victor,NRG,Jett,0.85,210.0,16,15,2,1,76.0,137.0,24.0,5.0,5.0,0.0,NRG,,13,KRU,,8,1,VCT Americas
5704,2,Ascent,Ethan,NRG,Kayo,0.82,210.0,14,17,10,-3,81.0,131.0,11.0,5.0,1.0,4.0,NRG,,13,KRU,,8,1,VCT Americas
5705,2,Ascent,Shyy,KRÜ,Killjoy,1.09,198.0,15,15,5,0,71.0,136.0,37.0,0.0,0.0,0.0,NRG,,13,KRU,,8,0,VCT Americas
5706,2,Ascent,Melser,KRÜ,Omen,1.04,211.0,16,16,4,0,71.0,127.0,35.0,3.0,3.0,0.0,NRG,,13,KRU,,8,0,VCT Americas
5707,2,Ascent,heat,KRÜ,Kayo,0.98,218.0,15,18,6,-3,62.0,143.0,19.0,0.0,4.0,-4.0,NRG,,13,KRU,,8,0,VCT Americas
5708,2,Ascent,mta,KRÜ,Sova,0.87,165.0,11,17,5,-6,62.0,108.0,26.0,1.0,0.0,1.0,NRG,,13,KRU,,8,0,VCT Americas
5709,2,Ascent,keznit,KRÜ,Jett,0.47,135.0,10,18,2,-8,52.0,85.0,42.0,3.0,7.0,-4.0,NRG,,13,KRU,,8,0,VCT Americas
5710,3,Sunset,crashies,NRG,Fade,1.47,255.0,19,11,9,8,90.0,181.0,31.0,3.0,0.0,3.0,NRG,,13,KRU,,7,1,VCT Americas
5711,3,Sunset,s0m,NRG,Omen,1.15,210.0,14,12,9,2,85.0,125.0,29.0,3.0,0.0,3.0,NRG,,13,KRU,,7,1,VCT Americas
5712,3,Sunset,Victor,NRG,Neon,0.99,260.0,18,15,1,3,70.0,169.0,27.0,7.0,3.0,4.0,NRG,,13,KRU,,7,1,VCT Americas
5713,3,Sunset,Ethan,NRG,Breach,0.91,156.0,11,12,11,-1,75.0,100.0,24.0,0.0,1.0,-1.0,NRG,,13,KRU,,7,1,VCT Americas
5714,3,Sunset,FiNESSE,NRG,Cypher,0.81,165.0,12,13,5,-1,70.0,102.0,29.0,2.0,1.0,1.0,NRG,,13,KRU,,7,1,VCT Americas
5715,3,Sunset,keznit,KRÜ,Raze,1.37,299.0,20,14,5,6,70.0,187.0,23.0,3.0,3.0,0.0,NRG,,13,KRU,,7,0,VCT Americas
5716,3,Sunset,heat,KRÜ,Kayo,1.07,206.0,15,15,11,0,75.0,128.0,55.0,1.0,5.0,-4.0,NRG,,13,KRU,,7,0,VCT Americas
5717,3,Sunset,Shyy,KRÜ,Cypher,0.96,179.0,13,14,2,-1,60.0,137.0,45.0,0.0,1.0,-1.0,NRG,,13,KRU,,7,0,VCT Americas
5718,3,Sunset,Melser,KRÜ,Omen,0.67,135.0,9,15,0,-6,75.0,86.0,56.0,1.0,3.0,-2.0,NRG,,13,KRU,,7,0,VCT Americas
5719,3,Sunset,mta,KRÜ,Sova,0.48,92.0,6,17,4,-11,75.0,59.0,53.0,0.0,3.0,-3.0,NRG,,13,KRU,,7,0,VCT Americas
5720,0,Lotus,valyn,G2,Omen,0.76,183.0,11,15,6,-4,82.0,112.0,27.0,1.0,2.0,-1.0,G2,,4,KRU,,13,0,VCT Americas
5721,0,Lotus,icy,G2,Raze,0.72,177.0,10,16,2,-6,65.0,122.0,26.0,3.0,4.0,-1.0,G2,,4,KRU,,13,0,VCT Americas
5722,0,Lotus,leaf,G2,Killjoy,0.66,177.0,9,16,4,-7,65.0,124.0,13.0,0.0,1.0,-1.0,G2,,4,KRU,,13,0,VCT Americas
5723,0,Lotus,JonahP,G2,Viper,0.65,138.0,8,14,2,-6,47.0,90.0,18.0,3.0,2.0,1.0,G2,,4,KRU,,13,0,VCT Americas
5724,0,Lotus,trent,G2,Fade,0.59,119.0,7,15,3,-8,35.0,76.0,14.0,0.0,1.0,-1.0,G2,,4,KRU,,13,0,VCT Americas
5725,0,Lotus,keznit,KRÜ,Raze,1.86,395.0,24,9,2,15,88.0,249.0,34.0,4.0,0.0,4.0,G2,,4,KRU,,13,0,VCT Americas
5726,0,Lotus,Melser,KRÜ,Omen,1.4,257.0,17,8,6,9,76.0,173.0,36.0,2.0,5.0,-3.0,G2,,4,KRU,,13,0,VCT Americas
5727,0,Lotus,heat,KRÜ,Fade,1.19,197.0,13,9,9,4,88.0,118.0,29.0,1.0,1.0,0.0,G2,,4,KRU,,13,0,VCT Americas
5728,0,Lotus,mta,KRÜ,Viper,1.05,170.0,10,9,7,1,88.0,108.0,31.0,3.0,0.0,3.0,G2,,4,KRU,,13,0,VCT Americas
5729,0,Lotus,Shyy,KRÜ,Killjoy,0.96,170.0,12,10,1,2,76.0,119.0,24.0,0.0,1.0,-1.0,G2,,4,KRU,,13,0,VCT Americas
5730,2,Ascent,JonahP,G2,Kayo,1.29,233.0,27,20,20,7,83.0,132.0,15.0,3.0,2.0,1.0,G2,,16,KRU,,14,1,VCT Americas
5731,2,Ascent,trent,G2,Sova,1.13,227.0,22,21,15,1,77.0,157.0,14.0,1.0,5.0,-4.0,G2,,16,KRU,,14,1,VCT Americas
5732,2,Ascent,icy,G2,Jett,0.96,226.0,23,24,7,-1,70.0,148.0,32.0,2.0,4.0,-2.0,G2,,16,KRU,,14,1,VCT Americas
5733,2,Ascent,leaf,G2,Killjoy,0.95,230.0,22,25,6,-3,67.0,157.0,22.0,4.0,5.0,-1.0,G2,,16,KRU,,14,1,VCT Americas
5734,2,Ascent,valyn,G2,Omen,0.92,172.0,16,22,12,-6,83.0,114.0,25.0,2.0,2.0,0.0,G2,,16,KRU,,14,1,VCT Americas
5735,2,Ascent,keznit,KRÜ,Jett,1.18,275.0,29,21,7,8,80.0,163.0,22.0,7.0,1.0,6.0,G2,,16,KRU,,14,0,VCT Americas
5736,2,Ascent,Melser,KRÜ,Omen,1.11,212.0,23,21,11,2,83.0,145.0,29.0,3.0,2.0,1.0,G2,,16,KRU,,14,0,VCT Americas
5737,2,Ascent,heat,KRÜ,Kayo,1.0,182.0,19,20,15,-1,80.0,113.0,38.0,4.0,3.0,1.0,G2,,16,KRU,,14,0,VCT Americas
5738,2,Ascent,Shyy,KRÜ,Killjoy,0.9,234.0,27,24,3,3,70.0,157.0,20.0,2.0,3.0,-1.0,G2,,16,KRU,,14,0,VCT Americas
5739,2,Ascent,mta,KRÜ,Sova,0.65,151.0,14,24,15,-10,73.0,112.0,28.0,2.0,3.0,-1.0,G2,,16,KRU,,14,0,VCT Americas
5740,3,Split,valyn,G2,Omen,1.32,293.0,20,13,4,7,83.0,190.0,19.0,2.0,1.0,1.0,G2,,13,KRU,,5,1,VCT Americas
5741,3,Split,JonahP,G2,Breach,1.29,245.0,15,10,7,5,78.0,143.0,22.0,3.0,0.0,3.0,G2,,13,KRU,,5,1,VCT Americas
5742,3,Split,icy,G2,Raze,1.1,237.0,16,12,4,4,94.0,151.0,24.0,1.0,5.0,-4.0,G2,,13,KRU,,5,1,VCT Americas
5743,3,Split,leaf,G2,Viper,0.9,196.0,11,13,7,-2,61.0,137.0,17.0,3.0,2.0,1.0,G2,,13,KRU,,5,1,VCT Americas
5744,3,Split,trent,G2,Fade,0.9,167.0,11,11,7,0,83.0,103.0,29.0,0.0,1.0,-1.0,G2,,13,KRU,,5,1,VCT Americas
5745,3,Split,Shyy,KRÜ,Viper,1.28,235.0,15,12,4,3,72.0,174.0,33.0,1.0,2.0,-1.0,G2,,13,KRU,,5,0,VCT Americas
5746,3,Split,Melser,KRÜ,Omen,1.03,219.0,15,14,5,1,56.0,146.0,35.0,1.0,1.0,0.0,G2,,13,KRU,,5,0,VCT Americas
5747,3,Split,keznit,KRÜ,Raze,0.9,241.0,13,15,4,-2,61.0,157.0,11.0,3.0,5.0,-2.0,G2,,13,KRU,,5,0,VCT Americas
5748,3,Split,mta,KRÜ,Cypher,0.73,165.0,9,16,10,-7,61.0,94.0,27.0,4.0,0.0,4.0,G2,,13,KRU,,5,0,VCT Americas
5749,3,Split,heat,KRÜ,Skye,0.49,121.0,7,16,8,-9,61.0,85.0,23.0,0.0,1.0,-1.0,G2,,13,KRU,,5,0,VCT Americas
5750,0,Ascent,Ethan,NRG,Kayo,1.58,230.0,15,7,10,8,94.0,132.0,29.0,0.0,1.0,-1.0,NRG,,13,C9,,3,1,VCT Americas
5751,0,Ascent,s0m,NRG,Omen,1.49,241.0,14,7,7,7,88.0,149.0,27.0,2.0,1.0,1.0,NRG,,13,C9,,3,1,VCT Americas
5752,0,Ascent,Victor,NRG,Jett,1.4,251.0,14,8,2,6,75.0,159.0,22.0,3.0,4.0,-1.0,NRG,,13,C9,,3,1,VCT Americas
5753,0,Ascent,FiNESSE,NRG,Cypher,1.07,200.0,13,10,4,3,81.0,109.0,17.0,2.0,0.0,2.0,NRG,,13,C9,,3,1,VCT Americas
5754,0,Ascent,crashies,NRG,Sova,0.87,168.0,8,9,4,-1,81.0,118.0,29.0,2.0,1.0,1.0,NRG,,13,C9,,3,1,VCT Americas
5755,0,Ascent,Xeppaa,C9,Kayo,0.87,215.0,9,14,8,-5,88.0,162.0,15.0,1.0,1.0,0.0,NRG,,13,C9,,3,0,VCT Americas
5756,0,Ascent,runi,C9,Sova,0.8,140.0,8,11,1,-3,63.0,83.0,20.0,0.0,1.0,-1.0,NRG,,13,C9,,3,0,VCT Americas
5757,0,Ascent,vanity,C9,Omen,0.73,170.0,10,14,3,-4,75.0,134.0,30.0,2.0,3.0,-1.0,NRG,,13,C9,,3,0,VCT Americas
5758,0,Ascent,moose,C9,Killjoy,0.54,112.0,6,10,1,-4,69.0,68.0,14.0,2.0,0.0,2.0,NRG,,13,C9,,3,0,VCT Americas
5759,0,Ascent,OXY,C9,Jett,0.54,162.0,8,15,3,-7,50.0,106.0,25.0,2.0,4.0,-2.0,NRG,,13,C9,,3,0,VCT Americas
5760,2,Icebox,s0m,NRG,Viper,1.11,223.0,18,15,6,3,57.0,145.0,29.0,1.0,3.0,-2.0,NRG,,10,C9,,13,0,VCT Americas
5761,2,Icebox,FiNESSE,NRG,Killjoy,1.08,227.0,17,17,12,0,83.0,161.0,13.0,0.0,0.0,0.0,NRG,,10,C9,,13,0,VCT Americas
5762,2,Icebox,Ethan,NRG,Kayo,0.95,182.0,14,18,13,-4,78.0,135.0,22.0,1.0,1.0,0.0,NRG,,10,C9,,13,0,VCT Americas
5763,2,Icebox,crashies,NRG,Sova,0.83,165.0,13,17,8,-4,83.0,113.0,23.0,1.0,3.0,-2.0,NRG,,10,C9,,13,0,VCT Americas
5764,2,Icebox,Victor,NRG,Jett,0.67,190.0,16,21,3,-5,70.0,121.0,16.0,8.0,5.0,3.0,NRG,,10,C9,,13,0,VCT Americas
5765,2,Icebox,OXY,C9,Reyna,1.76,377.0,33,17,4,16,83.0,234.0,27.0,7.0,2.0,5.0,NRG,,10,C9,,13,1,VCT Americas
5766,2,Icebox,vanity,C9,Viper,1.09,208.0,18,13,8,5,74.0,133.0,19.0,3.0,4.0,-1.0,NRG,,10,C9,,13,1,VCT Americas
5767,2,Icebox,Xeppaa,C9,Gekko,0.99,198.0,16,15,5,1,74.0,120.0,34.0,1.0,4.0,-3.0,NRG,,10,C9,,13,1,VCT Americas
5768,2,Icebox,moose,C9,Killjoy,0.98,171.0,13,16,4,-3,70.0,128.0,28.0,1.0,1.0,0.0,NRG,,10,C9,,13,1,VCT Americas
5769,2,Icebox,runi,C9,Sova,0.57,118.0,8,17,9,-9,70.0,85.0,25.0,0.0,0.0,0.0,NRG,,10,C9,,13,1,VCT Americas
5770,3,Sunset,s0m,NRG,Omen,1.22,265.0,24,18,16,6,88.0,160.0,21.0,4.0,1.0,3.0,NRG,,12,C9,,14,0,VCT Americas
5771,3,Sunset,Ethan,NRG,Breach,1.05,186.0,16,16,10,0,69.0,118.0,22.0,1.0,2.0,-1.0,NRG,,12,C9,,14,0,VCT Americas
5772,3,Sunset,crashies,NRG,Fade,0.93,176.0,16,16,10,0,77.0,101.0,23.0,0.0,3.0,-3.0,NRG,,12,C9,,14,0,VCT Americas
5773,3,Sunset,FiNESSE,NRG,Cypher,0.86,183.0,15,21,12,-6,62.0,120.0,25.0,5.0,2.0,3.0,NRG,,12,C9,,14,0,VCT Americas
5774,3,Sunset,Victor,NRG,Neon,0.86,187.0,18,17,5,1,69.0,119.0,28.0,4.0,4.0,0.0,NRG,,12,C9,,14,0,VCT Americas
5775,3,Sunset,OXY,C9,Raze,1.18,255.0,23,20,3,3,85.0,165.0,26.0,4.0,4.0,0.0,NRG,,12,C9,,14,1,VCT Americas
5776,3,Sunset,vanity,C9,Omen,1.17,252.0,21,19,9,2,81.0,164.0,23.0,3.0,3.0,0.0,NRG,,12,C9,,14,1,VCT Americas
5777,3,Sunset,moose,C9,Cypher,1.09,184.0,17,15,5,2,69.0,117.0,21.0,3.0,1.0,2.0,NRG,,12,C9,,14,1,VCT Americas
5778,3,Sunset,runi,C9,Clove,1.05,202.0,21,19,6,2,62.0,133.0,47.0,2.0,4.0,-2.0,NRG,,12,C9,,14,1,VCT Americas
5779,3,Sunset,Xeppaa,C9,Skye,0.67,83.0,6,16,9,-10,65.0,57.0,32.0,0.0,2.0,-2.0,NRG,,12,C9,,14,1,VCT Americas
5780,0,Icebox,OXY,C9,Reyna,1.25,294.0,19,18,5,1,65.0,191.0,37.0,5.0,6.0,-1.0,C9,,7,KRU,,13,0,VCT Americas
5781,0,Icebox,vanity,C9,Viper,0.8,170.0,11,16,3,-5,55.0,128.0,15.0,2.0,2.0,0.0,C9,,7,KRU,,13,0,VCT Americas
5782,0,Icebox,Xeppaa,C9,Gekko,0.72,135.0,9,15,5,-6,70.0,112.0,31.0,0.0,1.0,-1.0,C9,,7,KRU,,13,0,VCT Americas
5783,0,Icebox,moose,C9,Killjoy,0.71,169.0,12,17,0,-5,45.0,113.0,27.0,0.0,1.0,-1.0,C9,,7,KRU,,13,0,VCT Americas
5784,0,Icebox,runi,C9,Sova,0.24,62.0,2,17,6,-15,40.0,51.0,5.0,0.0,3.0,-3.0,C9,,7,KRU,,13,0,VCT Americas
5785,0,Icebox,keznit,KRÜ,Jett,1.65,298.0,22,10,6,12,85.0,198.0,28.0,6.0,1.0,5.0,C9,,7,KRU,,13,0,VCT Americas
5786,0,Icebox,Shyy,KRÜ,Killjoy,1.41,256.0,20,10,3,10,75.0,190.0,33.0,3.0,0.0,3.0,C9,,7,KRU,,13,0,VCT Americas
5787,0,Icebox,heat,KRÜ,Kayo,1.3,251.0,19,13,7,6,85.0,161.0,33.0,1.0,2.0,-1.0,C9,,7,KRU,,13,0,VCT Americas
5788,0,Icebox,mta,KRÜ,Sova,1.08,165.0,12,9,2,3,80.0,113.0,46.0,2.0,1.0,1.0,C9,,7,KRU,,13,0,VCT Americas
5789,0,Icebox,Melser,KRÜ,Viper,0.89,140.0,10,11,8,-1,70.0,90.0,28.0,1.0,3.0,-2.0,C9,,7,KRU,,13,0,VCT Americas
5790,2,Split,moose,C9,Cypher,1.14,216.0,17,14,3,3,74.0,143.0,24.0,6.0,2.0,4.0,C9,,10,KRU,,13,0,VCT Americas
5791,2,Split,OXY,C9,Raze,0.96,246.0,20,20,3,0,70.0,169.0,28.0,2.0,4.0,-2.0,C9,,10,KRU,,13,0,VCT Americas
5792,2,Split,vanity,C9,Omen,0.85,133.0,11,14,7,-3,61.0,78.0,18.0,1.0,0.0,1.0,C9,,10,KRU,,13,0,VCT Americas
5793,2,Split,Xeppaa,C9,Skye,0.85,174.0,12,18,13,-6,70.0,124.0,25.0,3.0,3.0,0.0,C9,,10,KRU,,13,0,VCT Americas
5794,2,Split,runi,C9,Viper,0.83,136.0,10,14,4,-4,87.0,87.0,24.0,2.0,0.0,2.0,C9,,10,KRU,,13,0,VCT Americas
5795,2,Split,mta,KRÜ,Cypher,1.37,250.0,22,13,5,9,78.0,189.0,61.0,0.0,2.0,-2.0,C9,,10,KRU,,13,0,VCT Americas
5796,2,Split,keznit,KRÜ,Raze,1.21,259.0,19,15,4,4,78.0,183.0,13.0,4.0,3.0,1.0,C9,,10,KRU,,13,0,VCT Americas
5797,2,Split,Melser,KRÜ,Omen,1.16,209.0,16,12,6,4,78.0,127.0,36.0,3.0,4.0,-1.0,C9,,10,KRU,,13,0,VCT Americas
5798,2,Split,heat,KRÜ,Skye,0.88,141.0,13,15,6,-2,74.0,89.0,28.0,2.0,2.0,0.0,C9,,10,KRU,,13,0,VCT Americas
5799,2,Split,Shyy,KRÜ,Viper,0.83,135.0,10,15,9,-5,65.0,107.0,18.0,0.0,3.0,-3.0,C9,,10,KRU,,13,0,VCT Americas
5800,0,Bind,zekken,SEN,Raze,1.02,267.0,17,17,2,0,63.0,171.0,22.0,1.0,2.0,-1.0,SEN,,6,G2,,13,0,VCT Americas
5801,0,Bind,johnqt,SEN,Deadlock,0.77,152.0,10,15,4,-5,63.0,106.0,22.0,1.0,1.0,0.0,SEN,,6,G2,,13,0,VCT Americas
5802,0,Bind,Zellsis,SEN,Brimstone,0.75,230.0,13,17,6,-4,68.0,139.0,22.0,2.0,4.0,-2.0,SEN,,6,G2,,13,0,VCT Americas
5803,0,Bind,TenZ,SEN,Gekko,0.54,118.0,7,17,5,-10,58.0,74.0,7.0,2.0,3.0,-1.0,SEN,,6,G2,,13,0,VCT Americas
5804,0,Bind,Sacy,SEN,Fade,0.46,104.0,5,15,7,-10,47.0,79.0,31.0,0.0,3.0,-3.0,SEN,,6,G2,,13,0,VCT Americas
5805,0,Bind,JonahP,G2,Skye,1.51,229.0,16,9,12,7,89.0,131.0,32.0,3.0,0.0,3.0,SEN,,6,G2,,13,1,VCT Americas
5806,0,Bind,valyn,G2,Brimstone,1.41,234.0,17,10,12,7,84.0,127.0,15.0,2.0,1.0,1.0,SEN,,6,G2,,13,1,VCT Americas
5807,0,Bind,icy,G2,Raze,1.31,259.0,19,12,3,7,74.0,178.0,27.0,4.0,2.0,2.0,SEN,,6,G2,,13,1,VCT Americas
5808,0,Bind,leaf,G2,Viper,1.29,228.0,15,10,9,5,84.0,153.0,28.0,2.0,1.0,1.0,SEN,,6,G2,,13,1,VCT Americas
5809,0,Bind,trent,G2,Gekko,1.15,181.0,14,11,9,3,84.0,120.0,22.0,2.0,2.0,0.0,SEN,,6,G2,,13,1,VCT Americas
5810,2,Lotus,johnqt,SEN,Deadlock,1.36,202.0,19,12,4,7,77.0,115.0,26.0,1.0,1.0,0.0,SEN,,9,G2,,13,0,VCT Americas
5811,2,Lotus,TenZ,SEN,Omen,1.33,236.0,18,14,8,4,82.0,151.0,30.0,1.0,2.0,-1.0,SEN,,9,G2,,13,0,VCT Americas
5812,2,Lotus,Sacy,SEN,Fade,0.9,180.0,12,15,9,-3,86.0,131.0,26.0,1.0,2.0,-1.0,SEN,,9,G2,,13,0,VCT Americas
5813,2,Lotus,Zellsis,SEN,Cypher,0.56,148.0,12,17,4,-5,68.0,91.0,22.0,0.0,2.0,-2.0,SEN,,9,G2,,13,0,VCT Americas
5814,2,Lotus,zekken,SEN,Raze,0.5,168.0,12,19,3,-7,64.0,113.0,19.0,6.0,6.0,0.0,SEN,,9,G2,,13,0,VCT Americas
5815,2,Lotus,trent,G2,Fade,1.43,209.0,15,12,14,3,77.0,143.0,18.0,2.0,0.0,2.0,SEN,,9,G2,,13,1,VCT Americas
5816,2,Lotus,icy,G2,Raze,1.4,263.0,22,14,2,8,73.0,168.0,29.0,3.0,2.0,1.0,SEN,,9,G2,,13,1,VCT Americas
5817,2,Lotus,JonahP,G2,Viper,1.12,222.0,16,15,9,1,77.0,140.0,23.0,4.0,3.0,1.0,SEN,,9,G2,,13,1,VCT Americas
5818,2,Lotus,leaf,G2,Killjoy,0.82,196.0,14,18,6,-4,73.0,133.0,18.0,2.0,0.0,2.0,SEN,,9,G2,,13,1,VCT Americas
5819,2,Lotus,valyn,G2,Omen,0.58,115.0,10,14,4,-4,68.0,64.0,23.0,2.0,4.0,-2.0,SEN,,9,G2,,13,1,VCT Americas
5820,0,Ascent,mazin,MIBR,Omen,1.18,251.0,20,15,10,5,73.0,161.0,29.0,3.0,1.0,2.0,MIBR,,9,LEV,,13,0,VCT Americas
5821,0,Ascent,artzin,MIBR,Yoru,1.07,224.0,18,15,9,3,73.0,139.0,31.0,7.0,0.0,7.0,MIBR,,9,LEV,,13,0,VCT Americas
5822,0,Ascent,ShahZaM,MIBR,Sova,0.98,170.0,12,14,9,-2,86.0,122.0,28.0,2.0,1.0,1.0,MIBR,,9,LEV,,13,0,VCT Americas
5823,0,Ascent,liazzi,MIBR,Killjoy,0.86,159.0,13,14,5,-1,77.0,126.0,28.0,0.0,2.0,-2.0,MIBR,,9,LEV,,13,0,VCT Americas
5824,0,Ascent,Pa1nt,MIBR,Iso,0.64,148.0,11,17,6,-6,64.0,98.0,25.0,2.0,4.0,-2.0,MIBR,,9,LEV,,13,0,VCT Americas
5825,0,Ascent,Mazino,LEV,Kayo,1.46,290.0,22,15,9,7,82.0,175.0,26.0,1.0,3.0,-2.0,MIBR,,9,LEV,,13,1,VCT Americas
5826,0,Ascent,tex,LEV,Killjoy,1.38,268.0,20,15,2,5,64.0,179.0,30.0,3.0,3.0,0.0,MIBR,,9,LEV,,13,1,VCT Americas
5827,0,Ascent,kiNgg,LEV,Omen,0.94,152.0,12,14,8,-2,59.0,111.0,34.0,2.0,3.0,-1.0,MIBR,,9,LEV,,13,1,VCT Americas
5828,0,Ascent,C0M,LEV,Sova,0.91,146.0,10,14,7,-4,73.0,106.0,18.0,0.0,1.0,-1.0,MIBR,,9,LEV,,13,1,VCT Americas
5829,0,Ascent,aspas,LEV,Jett,0.76,153.0,11,16,4,-5,59.0,113.0,32.0,2.0,4.0,-2.0,MIBR,,9,LEV,,13,1,VCT Americas
5830,2,Icebox,mazin,MIBR,Viper,1.18,237.0,15,14,5,1,70.0,150.0,35.0,3.0,1.0,2.0,MIBR,,7,LEV,,13,0,VCT Americas
5831,2,Icebox,artzin,MIBR,Gekko,1.04,233.0,16,15,4,1,65.0,150.0,38.0,0.0,3.0,-3.0,MIBR,,7,LEV,,13,0,VCT Americas
5832,2,Icebox,ShahZaM,MIBR,Sova,0.83,175.0,11,15,5,-4,60.0,127.0,19.0,1.0,3.0,-2.0,MIBR,,7,LEV,,13,0,VCT Americas
5833,2,Icebox,liazzi,MIBR,Killjoy,0.42,121.0,8,16,1,-8,55.0,80.0,37.0,1.0,1.0,0.0,MIBR,,7,LEV,,13,0,VCT Americas
5834,2,Icebox,Pa1nt,MIBR,Jett,0.4,133.0,8,18,6,-10,65.0,105.0,23.0,2.0,5.0,-3.0,MIBR,,7,LEV,,13,0,VCT Americas
5835,2,Icebox,kiNgg,LEV,Viper,1.64,312.0,22,10,8,12,80.0,210.0,22.0,4.0,0.0,4.0,MIBR,,7,LEV,,13,1,VCT Americas
5836,2,Icebox,aspas,LEV,Jett,1.61,259.0,21,8,4,13,90.0,179.0,29.0,5.0,1.0,4.0,MIBR,,7,LEV,,13,1,VCT Americas
5837,2,Icebox,C0M,LEV,Sova,1.23,223.0,17,13,5,4,70.0,156.0,29.0,2.0,0.0,2.0,MIBR,,7,LEV,,13,1,VCT Americas
5838,2,Icebox,Mazino,LEV,Harbor,0.8,152.0,9,14,12,-5,70.0,124.0,29.0,1.0,3.0,-2.0,MIBR,,7,LEV,,13,1,VCT Americas
5839,2,Icebox,tex,LEV,Killjoy,0.73,128.0,9,13,3,-4,65.0,104.0,31.0,1.0,3.0,-2.0,MIBR,,7,LEV,,13,1,VCT Americas
5840,0,Icebox,nzr,FUR,Sova,1.24,242.0,23,16,4,7,77.0,163.0,23.0,1.0,2.0,-1.0,FUR,,14,100T,,12,1,VCT Americas
5841,0,Icebox,Khalil,FUR,Viper,1.22,234.0,22,15,9,7,85.0,150.0,62.0,4.0,2.0,2.0,FUR,,14,100T,,12,1,VCT Americas
5842,0,Icebox,havoc,FUR,Killjoy,1.0,229.0,21,21,7,0,73.0,170.0,30.0,1.0,3.0,-2.0,FUR,,14,100T,,12,1,VCT Americas
5843,0,Icebox,mwzera,FUR,Jett,0.83,205.0,18,22,5,-4,77.0,128.0,13.0,5.0,4.0,1.0,FUR,,14,100T,,12,1,VCT Americas
5844,0,Icebox,xand,FUR,Sage,0.83,175.0,16,18,12,-2,85.0,98.0,30.0,3.0,1.0,2.0,FUR,,14,100T,,12,1,VCT Americas
5845,0,Icebox,eeiu,100T,Sova,1.12,201.0,19,18,6,1,77.0,154.0,49.0,0.0,0.0,0.0,FUR,,14,100T,,12,0,VCT Americas
5846,0,Icebox,Cryocells,100T,Jett,1.09,235.0,23,21,2,2,58.0,137.0,23.0,3.0,4.0,-1.0,FUR,,14,100T,,12,0,VCT Americas
5847,0,Icebox,Asuna,100T,Gekko,0.91,180.0,16,20,7,-4,73.0,116.0,29.0,1.0,5.0,-4.0,FUR,,14,100T,,12,0,VCT Americas
5848,0,Icebox,bang,100T,Viper,0.88,200.0,17,19,6,-2,77.0,133.0,33.0,6.0,3.0,3.0,FUR,,14,100T,,12,0,VCT Americas
5849,0,Icebox,Boostio,100T,Killjoy,0.83,194.0,17,22,7,-5,65.0,141.0,29.0,2.0,2.0,0.0,FUR,,14,100T,,12,0,VCT Americas
5850,2,Haven,Khalil,FUR,Omen,1.51,272.0,31,17,10,14,80.0,172.0,32.0,1.0,3.0,-2.0,FUR,,16,100T,,14,1,VCT Americas
5851,2,Haven,nzr,FUR,Breach,1.33,232.0,24,19,20,5,80.0,147.0,27.0,1.0,1.0,0.0,FUR,,16,100T,,14,1,VCT Americas
5852,2,Haven,havoc,FUR,Killjoy,0.89,171.0,18,19,3,-1,63.0,116.0,41.0,1.0,3.0,-2.0,FUR,,16,100T,,14,1,VCT Americas
5853,2,Haven,mwzera,FUR,Neon,0.84,215.0,21,27,12,-6,77.0,136.0,19.0,6.0,6.0,0.0,FUR,,16,100T,,14,1,VCT Americas
5854,2,Haven,xand,FUR,Gekko,0.7,149.0,14,22,7,-8,63.0,106.0,29.0,1.0,7.0,-6.0,FUR,,16,100T,,14,1,VCT Americas
5855,2,Haven,Asuna,100T,Kayo,1.18,213.0,23,21,17,2,77.0,142.0,20.0,5.0,2.0,3.0,FUR,,16,100T,,14,0,VCT Americas
5856,2,Haven,Boostio,100T,Killjoy,1.03,206.0,21,21,9,0,73.0,148.0,30.0,1.0,2.0,-1.0,FUR,,16,100T,,14,0,VCT Americas
5857,2,Haven,eeiu,100T,Sova,1.0,177.0,17,19,13,-2,77.0,141.0,27.0,2.0,1.0,1.0,FUR,,16,100T,,14,0,VCT Americas
5858,2,Haven,bang,100T,Omen,0.95,189.0,20,21,12,-1,77.0,109.0,30.0,4.0,3.0,1.0,FUR,,16,100T,,14,0,VCT Americas
5859,2,Haven,Cryocells,100T,Jett,0.9,232.0,23,26,8,-3,73.0,153.0,24.0,8.0,2.0,6.0,FUR,,16,100T,,14,0,VCT Americas
5860,0,Lotus,Less,LOUD,Cypher,1.64,256.0,20,9,6,11,85.0,170.0,36.0,2.0,1.0,1.0,LOUD,,13,EG,,7,1,VCT Americas
5861,0,Lotus,saadhak,LOUD,Neon,1.3,299.0,20,15,7,5,85.0,188.0,22.0,3.0,4.0,-1.0,LOUD,,13,EG,,7,1,VCT Americas
5862,0,Lotus,cauanzin,LOUD,Fade,1.13,236.0,17,13,8,4,75.0,146.0,22.0,0.0,4.0,-4.0,LOUD,,13,EG,,7,1,VCT Americas
5863,0,Lotus,tuyz,LOUD,Gekko,1.0,186.0,14,12,5,2,70.0,119.0,29.0,0.0,2.0,-2.0,LOUD,,13,EG,,7,1,VCT Americas
5864,0,Lotus,pANcada,LOUD,Omen,0.89,135.0,11,11,9,0,80.0,76.0,33.0,2.0,2.0,0.0,LOUD,,13,EG,,7,1,VCT Americas
5865,0,Lotus,supamen,EG,Omen,1.25,273.0,20,16,4,4,70.0,165.0,53.0,1.0,2.0,-1.0,LOUD,,13,EG,,7,0,VCT Americas
5866,0,Lotus,jawgemo,EG,Iso,1.25,301.0,19,18,7,1,90.0,207.0,23.0,8.0,1.0,7.0,LOUD,,13,EG,,7,0,VCT Americas
5867,0,Lotus,NaturE,EG,Breach,0.61,96.0,6,14,7,-8,75.0,63.0,22.0,1.0,1.0,0.0,LOUD,,13,EG,,7,0,VCT Americas
5868,0,Lotus,Derrek,EG,Fade,0.55,96.0,7,16,7,-9,50.0,65.0,21.0,1.0,0.0,1.0,LOUD,,13,EG,,7,0,VCT Americas
5869,0,Lotus,Apoth,EG,Cypher,0.37,134.0,8,18,1,-10,45.0,90.0,25.0,2.0,3.0,-1.0,LOUD,,13,EG,,7,0,VCT Americas
5870,2,Sunset,Less,LOUD,Cypher,1.12,197.0,14,12,2,2,68.0,137.0,24.0,1.0,1.0,0.0,LOUD,,6,EG,,13,0,VCT Americas
5871,2,Sunset,pANcada,LOUD,Omen,1.07,173.0,12,13,9,-1,74.0,126.0,32.0,1.0,3.0,-2.0,LOUD,,6,EG,,13,0,VCT Americas
5872,2,Sunset,cauanzin,LOUD,Breach,0.98,214.0,14,15,8,-1,84.0,159.0,31.0,1.0,1.0,0.0,LOUD,,6,EG,,13,0,VCT Americas
5873,2,Sunset,saadhak,LOUD,Neon,0.74,198.0,11,16,5,-5,68.0,135.0,23.0,2.0,5.0,-3.0,LOUD,,6,EG,,13,0,VCT Americas
5874,2,Sunset,tuyz,LOUD,Gekko,0.61,143.0,9,15,3,-6,68.0,103.0,40.0,2.0,2.0,0.0,LOUD,,6,EG,,13,0,VCT Americas
5875,2,Sunset,jawgemo,EG,Neon,1.49,324.0,22,14,5,8,74.0,206.0,22.0,8.0,1.0,7.0,LOUD,,6,EG,,13,1,VCT Americas
5876,2,Sunset,Derrek,EG,Fade,1.3,211.0,15,10,8,5,84.0,126.0,33.0,1.0,0.0,1.0,LOUD,,6,EG,,13,1,VCT Americas
5877,2,Sunset,Apoth,EG,Cypher,1.04,223.0,15,13,4,2,79.0,140.0,27.0,2.0,1.0,1.0,LOUD,,6,EG,,13,1,VCT Americas
5878,2,Sunset,NaturE,EG,Breach,0.91,141.0,9,12,12,-3,79.0,101.0,38.0,1.0,2.0,-1.0,LOUD,,6,EG,,13,1,VCT Americas
5879,2,Sunset,supamen,EG,Omen,0.87,148.0,10,11,10,-1,79.0,82.0,56.0,0.0,3.0,-3.0,LOUD,,6,EG,,13,1,VCT Americas
5880,3,Icebox,tuyz,LOUD,Omen,1.31,251.0,22,15,6,7,83.0,172.0,29.0,2.0,1.0,1.0,LOUD,,11,EG,,13,0,VCT Americas
5881,3,Icebox,cauanzin,LOUD,Kayo,1.04,260.0,21,17,7,4,83.0,179.0,25.0,4.0,2.0,2.0,LOUD,,11,EG,,13,0,VCT Americas
5882,3,Icebox,Less,LOUD,Killjoy,0.99,205.0,17,15,5,2,58.0,122.0,21.0,1.0,3.0,-2.0,LOUD,,11,EG,,13,0,VCT Americas
5883,3,Icebox,saadhak,LOUD,Gekko,0.86,174.0,15,17,6,-2,67.0,114.0,28.0,3.0,4.0,-1.0,LOUD,,11,EG,,13,0,VCT Americas
5884,3,Icebox,pANcada,LOUD,Viper,0.76,148.0,12,14,6,-2,58.0,114.0,41.0,1.0,3.0,-2.0,LOUD,,11,EG,,13,0,VCT Americas
5885,3,Icebox,Derrek,EG,Sova,1.31,223.0,20,15,8,5,75.0,160.0,33.0,1.0,0.0,1.0,LOUD,,11,EG,,13,1,VCT Americas
5886,3,Icebox,jawgemo,EG,Iso,1.1,211.0,17,17,3,0,71.0,129.0,24.0,5.0,1.0,4.0,LOUD,,11,EG,,13,1,VCT Americas
5887,3,Icebox,supamen,EG,Clove,0.95,216.0,20,21,2,-1,67.0,129.0,47.0,2.0,7.0,-5.0,LOUD,,11,EG,,13,1,VCT Americas
5888,3,Icebox,NaturE,EG,Killjoy,0.94,169.0,13,16,5,-3,63.0,118.0,31.0,4.0,1.0,3.0,LOUD,,11,EG,,13,1,VCT Americas
5889,3,Icebox,Apoth,EG,Harbor,0.56,108.0,8,18,7,-10,63.0,74.0,17.0,1.0,2.0,-1.0,LOUD,,11,EG,,13,1,VCT Americas
5890,0,Bind,supamen,EG,Omen,1.82,305.0,23,8,4,15,89.0,215.0,52.0,2.0,1.0,1.0,EG,,13,FUR,,5,1,VCT Americas
5891,0,Bind,Apoth,EG,Brimstone,1.6,254.0,18,8,12,10,94.0,158.0,24.0,2.0,4.0,-2.0,EG,,13,FUR,,5,1,VCT Americas
5892,0,Bind,jawgemo,EG,Raze,1.44,283.0,18,10,8,8,89.0,200.0,24.0,2.0,0.0,2.0,EG,,13,FUR,,5,1,VCT Americas
5893,0,Bind,Derrek,EG,Gekko,1.02,205.0,14,11,7,3,94.0,132.0,44.0,4.0,1.0,3.0,EG,,13,FUR,,5,1,VCT Americas
5894,0,Bind,NaturE,EG,Skye,0.94,162.0,10,11,6,-1,83.0,116.0,36.0,1.0,1.0,0.0,EG,,13,FUR,,5,1,VCT Americas
5895,0,Bind,nzr,FUR,Gekko,1.08,261.0,16,17,2,-1,78.0,186.0,32.0,1.0,1.0,0.0,EG,,13,FUR,,5,0,VCT Americas
5896,0,Bind,Khalil,FUR,Brimstone,0.73,183.0,12,17,4,-5,72.0,114.0,13.0,1.0,1.0,0.0,EG,,13,FUR,,5,0,VCT Americas
5897,0,Bind,mwzera,FUR,Raze,0.57,137.0,8,17,4,-9,56.0,85.0,8.0,3.0,3.0,0.0,EG,,13,FUR,,5,0,VCT Americas
5898,0,Bind,xand,FUR,Fade,0.51,119.0,7,16,6,-9,61.0,87.0,43.0,1.0,2.0,-1.0,EG,,13,FUR,,5,0,VCT Americas
5899,0,Bind,havoc,FUR,Viper,0.3,94.0,5,16,4,-11,56.0,75.0,27.0,1.0,4.0,-3.0,EG,,13,FUR,,5,0,VCT Americas
5900,2,Lotus,jawgemo,EG,Neon,1.55,394.0,23,14,5,9,94.0,252.0,28.0,8.0,3.0,5.0,EG,,13,FUR,,4,1,VCT Americas
5901,2,Lotus,NaturE,EG,Breach,1.43,250.0,17,8,9,9,88.0,153.0,44.0,1.0,0.0,1.0,EG,,13,FUR,,4,1,VCT Americas
5902,2,Lotus,Derrek,EG,Fade,1.38,253.0,15,10,10,5,88.0,185.0,35.0,1.0,0.0,1.0,EG,,13,FUR,,4,1,VCT Americas
5903,2,Lotus,supamen,EG,Omen,1.28,156.0,12,7,8,5,88.0,100.0,42.0,1.0,2.0,-1.0,EG,,13,FUR,,4,1,VCT Americas
5904,2,Lotus,Apoth,EG,Cypher,0.97,146.0,8,10,5,-2,82.0,84.0,43.0,0.0,1.0,-1.0,EG,,13,FUR,,4,1,VCT Americas
5905,2,Lotus,nzr,FUR,Breach,1.04,231.0,13,14,5,-1,65.0,144.0,42.0,1.0,0.0,1.0,EG,,13,FUR,,4,0,VCT Americas
5906,2,Lotus,havoc,FUR,Cypher,1.03,220.0,14,14,1,0,47.0,130.0,50.0,1.0,4.0,-3.0,EG,,13,FUR,,4,0,VCT Americas
5907,2,Lotus,Khalil,FUR,Omen,0.74,182.0,10,15,2,-5,53.0,125.0,31.0,0.0,1.0,-1.0,EG,,13,FUR,,4,0,VCT Americas
5908,2,Lotus,mwzera,FUR,Neon,0.55,169.0,9,16,5,-7,71.0,109.0,31.0,4.0,4.0,0.0,EG,,13,FUR,,4,0,VCT Americas
5909,2,Lotus,xand,FUR,Kayo,0.13,71.0,3,16,5,-13,65.0,44.0,21.0,0.0,2.0,-2.0,EG,,13,FUR,,4,0,VCT Americas
5910,0,Ascent,saadhak,LOUD,Kayo,1.51,273.0,19,11,14,8,90.0,182.0,19.0,2.0,1.0,1.0,LOUD,,13,MIBR,,7,1,VCT Americas
5911,0,Ascent,tuyz,LOUD,Jett,1.2,268.0,20,13,5,7,80.0,176.0,28.0,3.0,3.0,0.0,LOUD,,13,MIBR,,7,1,VCT Americas
5912,0,Ascent,Less,LOUD,Cypher,1.18,200.0,16,11,4,5,85.0,122.0,36.0,3.0,1.0,2.0,LOUD,,13,MIBR,,7,1,VCT Americas
5913,0,Ascent,pANcada,LOUD,Omen,1.13,207.0,16,11,5,5,75.0,142.0,26.0,1.0,1.0,0.0,LOUD,,13,MIBR,,7,1,VCT Americas
5914,0,Ascent,cauanzin,LOUD,Sova,1.05,210.0,15,12,4,3,90.0,132.0,11.0,3.0,2.0,1.0,LOUD,,13,MIBR,,7,1,VCT Americas
5915,0,Ascent,mazin,MIBR,Omen,1.16,197.0,14,14,3,0,65.0,133.0,27.0,0.0,0.0,0.0,LOUD,,13,MIBR,,7,0,VCT Americas
5916,0,Ascent,liazzi,MIBR,Kayo,0.93,189.0,13,16,11,-3,65.0,117.0,37.0,1.0,2.0,-1.0,LOUD,,13,MIBR,,7,0,VCT Americas
5917,0,Ascent,rich,MIBR,Sova,0.69,190.0,12,20,1,-8,60.0,141.0,26.0,3.0,2.0,1.0,LOUD,,13,MIBR,,7,0,VCT Americas
5918,0,Ascent,artzin,MIBR,Killjoy,0.69,155.0,9,16,6,-7,65.0,112.0,13.0,1.0,2.0,-1.0,LOUD,,13,MIBR,,7,0,VCT Americas
5919,0,Ascent,Palla,MIBR,Jett,0.41,148.0,10,20,3,-10,55.0,96.0,31.0,3.0,6.0,-3.0,LOUD,,13,MIBR,,7,0,VCT Americas
5920,2,Lotus,cauanzin,LOUD,Fade,1.45,293.0,23,17,8,6,75.0,173.0,56.0,3.0,2.0,1.0,LOUD,,11,MIBR,,13,0,VCT Americas
5921,2,Lotus,Less,LOUD,Cypher,1.03,229.0,19,17,7,2,79.0,144.0,40.0,2.0,1.0,1.0,LOUD,,11,MIBR,,13,0,VCT Americas
5922,2,Lotus,pANcada,LOUD,Omen,0.96,160.0,14,15,7,-1,71.0,119.0,32.0,1.0,1.0,0.0,LOUD,,11,MIBR,,13,0,VCT Americas
5923,2,Lotus,tuyz,LOUD,Gekko,0.55,123.0,11,19,3,-8,54.0,85.0,24.0,1.0,3.0,-2.0,LOUD,,11,MIBR,,13,0,VCT Americas
5924,2,Lotus,saadhak,LOUD,Neon,0.32,138.0,9,22,8,-13,67.0,89.0,12.0,5.0,5.0,0.0,LOUD,,11,MIBR,,13,0,VCT Americas
5925,2,Lotus,artzin,MIBR,Viper,1.27,237.0,20,15,7,5,63.0,169.0,36.0,3.0,5.0,-2.0,LOUD,,11,MIBR,,13,1,VCT Americas
5926,2,Lotus,rich,MIBR,Fade,1.2,242.0,22,16,5,6,83.0,164.0,28.0,1.0,1.0,0.0,LOUD,,11,MIBR,,13,1,VCT Americas
5927,2,Lotus,liazzi,MIBR,Killjoy,1.09,205.0,18,14,3,4,88.0,136.0,28.0,0.0,2.0,-2.0,LOUD,,11,MIBR,,13,1,VCT Americas
5928,2,Lotus,mazin,MIBR,Omen,1.08,134.0,13,10,8,3,71.0,96.0,26.0,0.0,0.0,0.0,LOUD,,11,MIBR,,13,1,VCT Americas
5929,2,Lotus,Palla,MIBR,Raze,0.87,222.0,17,21,3,-4,67.0,167.0,23.0,8.0,4.0,4.0,LOUD,,11,MIBR,,13,1,VCT Americas
5930,3,Sunset,tuyz,LOUD,Gekko,1.47,236.0,21,10,1,11,77.0,145.0,26.0,1.0,2.0,-1.0,LOUD,,13,MIBR,,9,1,VCT Americas
5931,3,Sunset,Less,LOUD,Cypher,1.38,263.0,21,14,4,7,68.0,172.0,30.0,2.0,1.0,1.0,LOUD,,13,MIBR,,9,1,VCT Americas
5932,3,Sunset,cauanzin,LOUD,Breach,1.19,204.0,16,14,9,2,86.0,136.0,34.0,3.0,3.0,0.0,LOUD,,13,MIBR,,9,1,VCT Americas
5933,3,Sunset,pANcada,LOUD,Omen,0.79,125.0,10,13,8,-3,68.0,93.0,34.0,0.0,2.0,-2.0,LOUD,,13,MIBR,,9,1,VCT Americas
5934,3,Sunset,saadhak,LOUD,Neon,0.47,175.0,11,20,6,-9,59.0,121.0,15.0,4.0,4.0,0.0,LOUD,,13,MIBR,,9,1,VCT Americas
5935,3,Sunset,liazzi,MIBR,Breach,1.27,204.0,16,14,8,2,73.0,139.0,36.0,1.0,0.0,1.0,LOUD,,13,MIBR,,9,0,VCT Americas
5936,3,Sunset,artzin,MIBR,Cypher,0.97,227.0,18,17,3,1,55.0,144.0,24.0,3.0,3.0,0.0,LOUD,,13,MIBR,,9,0,VCT Americas
5937,3,Sunset,Palla,MIBR,Raze,0.87,238.0,18,18,3,0,59.0,146.0,24.0,6.0,4.0,2.0,LOUD,,13,MIBR,,9,0,VCT Americas
5938,3,Sunset,mazin,MIBR,Omen,0.83,141.0,9,15,7,-6,59.0,90.0,31.0,1.0,1.0,0.0,LOUD,,13,MIBR,,9,0,VCT Americas
5939,3,Sunset,rich,MIBR,Gekko,0.7,137.0,10,15,3,-5,59.0,95.0,22.0,1.0,2.0,-1.0,LOUD,,13,MIBR,,9,0,VCT Americas
5940,0,Bind,aspas,LEV,Raze,1.32,274.0,23,16,1,7,70.0,160.0,24.0,7.0,4.0,3.0,LEV,,13,100T,,10,1,VCT Americas
5941,0,Bind,kiNgg,LEV,Viper,1.31,227.0,18,13,7,5,83.0,159.0,28.0,3.0,2.0,1.0,LEV,,13,100T,,10,1,VCT Americas
5942,0,Bind,tex,LEV,Gekko,1.09,193.0,17,15,11,2,74.0,130.0,41.0,1.0,2.0,-1.0,LEV,,13,100T,,10,1,VCT Americas
5943,0,Bind,Mazino,LEV,Brimstone,0.98,219.0,17,15,9,2,74.0,144.0,15.0,0.0,0.0,0.0,LEV,,13,100T,,10,1,VCT Americas
5944,0,Bind,C0M,LEV,Fade,0.92,119.0,10,13,16,-3,70.0,64.0,8.0,2.0,2.0,0.0,LEV,,13,100T,,10,1,VCT Americas
5945,0,Bind,Boostio,100T,Gekko,1.19,234.0,20,17,6,3,65.0,164.0,37.0,1.0,1.0,0.0,LEV,,13,100T,,10,0,VCT Americas
5946,0,Bind,eeiu,100T,Fade,1.05,152.0,13,13,15,0,74.0,101.0,24.0,0.0,0.0,0.0,LEV,,13,100T,,10,0,VCT Americas
5947,0,Bind,Asuna,100T,Raze,0.99,235.0,17,20,7,-3,65.0,153.0,14.0,5.0,3.0,2.0,LEV,,13,100T,,10,0,VCT Americas
5948,0,Bind,Cryocells,100T,Brimstone,0.72,177.0,13,19,9,-6,61.0,121.0,29.0,1.0,3.0,-2.0,LEV,,13,100T,,10,0,VCT Americas
5949,0,Bind,bang,100T,Viper,0.57,111.0,9,16,1,-7,52.0,68.0,40.0,3.0,6.0,-3.0,LEV,,13,100T,,10,0,VCT Americas
5950,2,Haven,aspas,LEV,Neon,1.57,316.0,19,10,3,9,76.0,186.0,23.0,6.0,2.0,4.0,LEV,,13,100T,,4,1,VCT Americas
5951,2,Haven,kiNgg,LEV,Omen,1.52,238.0,16,8,10,8,82.0,164.0,42.0,1.0,1.0,0.0,LEV,,13,100T,,4,1,VCT Americas
5952,2,Haven,Mazino,LEV,Breach,1.47,250.0,17,9,9,8,82.0,168.0,35.0,1.0,0.0,1.0,LEV,,13,100T,,4,1,VCT Americas
5953,2,Haven,tex,LEV,Cypher,0.96,187.0,12,11,2,1,71.0,115.0,30.0,1.0,1.0,0.0,LEV,,13,100T,,4,1,VCT Americas
5954,2,Haven,C0M,LEV,Sova,0.83,125.0,6,10,9,-4,76.0,85.0,11.0,3.0,1.0,2.0,LEV,,13,100T,,4,1,VCT Americas
5955,2,Haven,Asuna,100T,Kayo,1.0,198.0,10,13,10,-3,94.0,133.0,16.0,1.0,1.0,0.0,LEV,,13,100T,,4,0,VCT Americas
5956,2,Haven,eeiu,100T,Sova,0.97,214.0,13,13,4,0,88.0,134.0,37.0,1.0,1.0,0.0,LEV,,13,100T,,4,0,VCT Americas
5957,2,Haven,bang,100T,Omen,0.85,190.0,11,15,10,-4,76.0,128.0,43.0,0.0,3.0,-3.0,LEV,,13,100T,,4,0,VCT Americas
5958,2,Haven,Boostio,100T,Killjoy,0.56,137.0,7,15,4,-8,41.0,92.0,25.0,2.0,3.0,-1.0,LEV,,13,100T,,4,0,VCT Americas
5959,2,Haven,Cryocells,100T,Jett,0.54,128.0,7,14,2,-7,53.0,90.0,41.0,1.0,4.0,-3.0,LEV,,13,100T,,4,0,VCT Americas
5960,0,Icebox,Apoth,EG,Harbor,0.92,180.0,12,14,1,-2,50.0,121.0,64.0,2.0,2.0,0.0,EG,,5,LEV,,13,0,VCT Americas
5961,0,Icebox,jawgemo,EG,Sage,0.71,172.0,10,16,7,-6,61.0,114.0,37.0,1.0,2.0,-1.0,EG,,5,LEV,,13,0,VCT Americas
5962,0,Icebox,Derrek,EG,Sova,0.5,105.0,6,14,2,-8,56.0,71.0,64.0,0.0,2.0,-2.0,EG,,5,LEV,,13,0,VCT Americas
5963,0,Icebox,supamen,EG,Clove,0.45,157.0,9,20,2,-11,67.0,104.0,45.0,3.0,4.0,-1.0,EG,,5,LEV,,13,0,VCT Americas
5964,0,Icebox,NaturE,EG,Killjoy,0.31,96.0,6,17,0,-11,50.0,61.0,36.0,0.0,2.0,-2.0,EG,,5,LEV,,13,0,VCT Americas
5965,0,Icebox,aspas,LEV,Jett,1.82,352.0,23,8,2,15,83.0,222.0,51.0,5.0,1.0,4.0,EG,,5,LEV,,13,1,VCT Americas
5966,0,Icebox,Mazino,LEV,Harbor,1.62,316.0,21,10,7,11,83.0,196.0,35.0,4.0,3.0,1.0,EG,,5,LEV,,13,1,VCT Americas
5967,0,Icebox,kiNgg,LEV,Viper,1.59,253.0,16,7,8,9,78.0,169.0,24.0,1.0,0.0,1.0,EG,,5,LEV,,13,1,VCT Americas
5968,0,Icebox,C0M,LEV,Sova,1.27,207.0,14,8,4,6,94.0,156.0,28.0,0.0,1.0,-1.0,EG,,5,LEV,,13,1,VCT Americas
5969,0,Icebox,tex,LEV,Killjoy,0.67,111.0,7,10,3,-3,67.0,79.0,23.0,2.0,1.0,1.0,EG,,5,LEV,,13,1,VCT Americas
5970,2,Sunset,Derrek,EG,Fade,1.45,272.0,23,16,5,7,83.0,192.0,42.0,1.0,2.0,-1.0,EG,,10,LEV,,13,0,VCT Americas
5971,2,Sunset,supamen,EG,Omen,0.93,230.0,19,19,4,0,70.0,156.0,43.0,4.0,5.0,-1.0,EG,,10,LEV,,13,0,VCT Americas
5972,2,Sunset,jawgemo,EG,Neon,0.9,195.0,16,19,9,-3,78.0,135.0,28.0,1.0,4.0,-3.0,EG,,10,LEV,,13,0,VCT Americas
5973,2,Sunset,NaturE,EG,Breach,0.83,151.0,12,15,13,-3,78.0,95.0,30.0,0.0,0.0,0.0,EG,,10,LEV,,13,0,VCT Americas
5974,2,Sunset,Apoth,EG,Cypher,0.63,154.0,10,19,9,-9,52.0,120.0,46.0,2.0,4.0,-2.0,EG,,10,LEV,,13,0,VCT Americas
5975,2,Sunset,aspas,LEV,Neon,1.47,301.0,25,17,5,8,83.0,200.0,25.0,4.0,2.0,2.0,EG,,10,LEV,,13,1,VCT Americas
5976,2,Sunset,Mazino,LEV,Breach,1.34,221.0,20,14,11,6,87.0,134.0,31.0,3.0,1.0,2.0,EG,,10,LEV,,13,1,VCT Americas
5977,2,Sunset,kiNgg,LEV,Omen,1.25,195.0,17,12,13,5,87.0,130.0,40.0,2.0,1.0,1.0,EG,,10,LEV,,13,1,VCT Americas
5978,2,Sunset,C0M,LEV,Sova,0.78,164.0,11,17,10,-6,78.0,121.0,24.0,2.0,2.0,0.0,EG,,10,LEV,,13,1,VCT Americas
5979,2,Sunset,tex,LEV,Cypher,0.59,202.0,15,20,8,-5,65.0,112.0,18.0,4.0,2.0,2.0,EG,,10,LEV,,13,1,VCT Americas
5980,0,Haven,pANcada,LOUD,Viper,1.68,328.0,28,13,5,15,79.0,208.0,57.0,2.0,3.0,-1.0,LOUD,,13,FUR,,11,1,VCT Americas
5981,0,Haven,cauanzin,LOUD,Skye,1.11,240.0,20,18,6,2,75.0,155.0,25.0,5.0,1.0,4.0,LOUD,,13,FUR,,11,1,VCT Americas
5982,0,Haven,saadhak,LOUD,Neon,0.97,200.0,15,16,5,-1,58.0,137.0,24.0,3.0,7.0,-4.0,LOUD,,13,FUR,,11,1,VCT Americas
5983,0,Haven,tuyz,LOUD,Omen,0.91,147.0,13,15,11,-2,83.0,99.0,34.0,0.0,1.0,-1.0,LOUD,,13,FUR,,11,1,VCT Americas
5984,0,Haven,Less,LOUD,Cypher,0.76,143.0,13,17,2,-4,54.0,116.0,29.0,1.0,1.0,0.0,LOUD,,13,FUR,,11,1,VCT Americas
5985,0,Haven,mwzera,FUR,Neon,1.2,299.0,25,19,7,6,79.0,184.0,13.0,5.0,2.0,3.0,LOUD,,13,FUR,,11,0,VCT Americas
5986,0,Haven,Khalil,FUR,Omen,1.11,218.0,18,16,7,2,79.0,141.0,25.0,2.0,2.0,0.0,LOUD,,13,FUR,,11,0,VCT Americas
5987,0,Haven,havoc,FUR,Killjoy,0.84,190.0,15,18,3,-3,63.0,134.0,25.0,2.0,2.0,0.0,LOUD,,13,FUR,,11,0,VCT Americas
5988,0,Haven,nzr,FUR,Breach,0.78,136.0,12,16,4,-4,54.0,105.0,30.0,0.0,0.0,0.0,LOUD,,13,FUR,,11,0,VCT Americas
5989,0,Haven,xand,FUR,Gekko,0.54,111.0,9,20,9,-11,67.0,82.0,23.0,4.0,5.0,-1.0,LOUD,,13,FUR,,11,0,VCT Americas
5990,2,Icebox,cauanzin,LOUD,Kayo,1.3,261.0,24,16,3,8,61.0,160.0,22.0,1.0,2.0,-1.0,LOUD,,10,FUR,,13,0,VCT Americas
5991,2,Icebox,pANcada,LOUD,Omen,1.2,241.0,20,17,4,3,74.0,163.0,37.0,4.0,1.0,3.0,LOUD,,10,FUR,,13,0,VCT Americas
5992,2,Icebox,Less,LOUD,Killjoy,0.98,246.0,18,19,6,-1,74.0,175.0,21.0,4.0,2.0,2.0,LOUD,,10,FUR,,13,0,VCT Americas
5993,2,Icebox,tuyz,LOUD,Harbor,0.73,145.0,11,17,5,-6,65.0,105.0,46.0,1.0,3.0,-2.0,LOUD,,10,FUR,,13,0,VCT Americas
5994,2,Icebox,saadhak,LOUD,Gekko,0.58,151.0,9,19,12,-10,70.0,96.0,24.0,1.0,4.0,-3.0,LOUD,,10,FUR,,13,0,VCT Americas
5995,2,Icebox,havoc,FUR,Killjoy,1.39,272.0,22,15,5,7,78.0,198.0,46.0,4.0,4.0,0.0,LOUD,,10,FUR,,13,1,VCT Americas
5996,2,Icebox,nzr,FUR,Sova,1.2,249.0,22,16,8,6,65.0,181.0,24.0,1.0,0.0,1.0,LOUD,,10,FUR,,13,1,VCT Americas
5997,2,Icebox,Khalil,FUR,Viper,0.94,148.0,12,14,8,-2,65.0,100.0,24.0,1.0,0.0,1.0,LOUD,,10,FUR,,13,1,VCT Americas
5998,2,Icebox,xand,FUR,Sage,0.92,164.0,15,16,7,-1,61.0,100.0,27.0,2.0,4.0,-2.0,LOUD,,10,FUR,,13,1,VCT Americas
5999,2,Icebox,mwzera,FUR,Jett,0.8,214.0,17,21,3,-4,78.0,137.0,20.0,4.0,3.0,1.0,LOUD,,10,FUR,,13,1,VCT Americas
6000,3,Bind,tuyz,LOUD,Gekko,1.0,226.0,18,17,9,1,68.0,137.0,27.0,2.0,2.0,0.0,LOUD,,9,FUR,,13,0,VCT Americas
6001,3,Bind,saadhak,LOUD,Neon,0.94,208.0,12,18,8,-6,73.0,152.0,16.0,3.0,3.0,0.0,LOUD,,9,FUR,,13,0,VCT Americas
6002,3,Bind,Less,LOUD,Omen,0.88,167.0,13,15,3,-2,55.0,102.0,39.0,2.0,2.0,0.0,LOUD,,9,FUR,,13,0,VCT Americas
6003,3,Bind,pANcada,LOUD,Brimstone,0.77,140.0,10,16,10,-6,68.0,87.0,34.0,0.0,1.0,-1.0,LOUD,,9,FUR,,13,0,VCT Americas
6004,3,Bind,cauanzin,LOUD,Skye,0.47,144.0,10,18,1,-8,45.0,95.0,32.0,4.0,3.0,1.0,LOUD,,9,FUR,,13,0,VCT Americas
6005,3,Bind,mwzera,FUR,Raze,1.92,371.0,29,12,6,17,86.0,251.0,17.0,4.0,2.0,2.0,LOUD,,9,FUR,,13,1,VCT Americas
6006,3,Bind,Khalil,FUR,Brimstone,1.6,240.0,20,10,12,10,86.0,153.0,44.0,2.0,3.0,-1.0,LOUD,,9,FUR,,13,1,VCT Americas
6007,3,Bind,havoc,FUR,Viper,1.19,224.0,17,14,6,3,82.0,146.0,46.0,5.0,2.0,3.0,LOUD,,9,FUR,,13,1,VCT Americas
6008,3,Bind,nzr,FUR,Skye,0.77,127.0,8,13,15,-5,86.0,100.0,19.0,0.0,3.0,-3.0,LOUD,,9,FUR,,13,1,VCT Americas
6009,3,Bind,xand,FUR,Sage,0.71,110.0,10,14,9,-4,86.0,66.0,39.0,0.0,1.0,-1.0,LOUD,,9,FUR,,13,1,VCT Americas
6010,0,Icebox,rich,MIBR,Sova,1.37,255.0,17,13,2,4,78.0,178.0,45.0,3.0,0.0,3.0,MIBR,,5,100T,,13,0,VCT Americas
6011,0,Icebox,Palla,MIBR,Jett,0.91,219.0,14,16,1,-2,67.0,141.0,44.0,4.0,3.0,1.0,MIBR,,5,100T,,13,0,VCT Americas
6012,0,Icebox,mazin,MIBR,Viper,0.71,136.0,7,14,6,-7,50.0,95.0,41.0,1.0,3.0,-2.0,MIBR,,5,100T,,13,0,VCT Americas
6013,0,Icebox,liazzi,MIBR,Gekko,0.4,114.0,6,16,5,-10,72.0,70.0,23.0,1.0,0.0,1.0,MIBR,,5,100T,,13,0,VCT Americas
6014,0,Icebox,artzin,MIBR,Killjoy,0.14,101.0,5,17,2,-12,61.0,69.0,22.0,1.0,2.0,-1.0,MIBR,,5,100T,,13,0,VCT Americas
6015,0,Icebox,Boostio,100T,Killjoy,1.6,282.0,20,9,2,11,83.0,209.0,33.0,2.0,3.0,-1.0,MIBR,,5,100T,,13,1,VCT Americas
6016,0,Icebox,eeiu,100T,Sova,1.49,265.0,17,9,3,8,100.0,183.0,26.0,1.0,0.0,1.0,MIBR,,5,100T,,13,1,VCT Americas
6017,0,Icebox,Asuna,100T,Gekko,1.23,173.0,12,8,9,4,83.0,124.0,18.0,1.0,2.0,-1.0,MIBR,,5,100T,,13,1,VCT Americas
6018,0,Icebox,Cryocells,100T,Jett,0.99,202.0,15,12,1,3,72.0,126.0,36.0,1.0,4.0,-3.0,MIBR,,5,100T,,13,1,VCT Americas
6019,0,Icebox,bang,100T,Viper,0.98,189.0,12,11,2,1,67.0,116.0,33.0,3.0,1.0,2.0,MIBR,,5,100T,,13,1,VCT Americas
6020,2,Split,Palla,MIBR,Jett,0.97,237.0,15,16,5,-1,58.0,155.0,19.0,4.0,4.0,0.0,MIBR,,6,100T,,13,0,VCT Americas
6021,2,Split,artzin,MIBR,Viper,0.85,177.0,12,16,8,-4,68.0,111.0,19.0,1.0,0.0,1.0,MIBR,,6,100T,,13,0,VCT Americas
6022,2,Split,liazzi,MIBR,Raze,0.8,198.0,13,16,4,-3,74.0,129.0,25.0,3.0,4.0,-1.0,MIBR,,6,100T,,13,0,VCT Americas
6023,2,Split,mazin,MIBR,Omen,0.68,125.0,7,14,6,-7,58.0,79.0,33.0,0.0,2.0,-2.0,MIBR,,6,100T,,13,0,VCT Americas
6024,2,Split,rich,MIBR,Skye,0.52,94.0,7,16,3,-9,68.0,65.0,47.0,1.0,0.0,1.0,MIBR,,6,100T,,13,0,VCT Americas
6025,2,Split,eeiu,100T,Fade,2.19,335.0,26,5,6,21,95.0,201.0,40.0,2.0,0.0,2.0,MIBR,,6,100T,,13,1,VCT Americas
6026,2,Split,bang,100T,Viper,1.11,246.0,15,13,10,2,79.0,154.0,43.0,4.0,4.0,0.0,MIBR,,6,100T,,13,1,VCT Americas
6027,2,Split,Boostio,100T,Breach,1.08,201.0,13,12,16,1,95.0,133.0,36.0,1.0,0.0,1.0,MIBR,,6,100T,,13,1,VCT Americas
6028,2,Split,Asuna,100T,Raze,1.0,186.0,12,12,6,0,84.0,117.0,16.0,3.0,4.0,-1.0,MIBR,,6,100T,,13,1,VCT Americas
6029,2,Split,Cryocells,100T,Astra,0.93,181.0,12,13,8,-1,79.0,123.0,42.0,0.0,1.0,-1.0,MIBR,,6,100T,,13,1,VCT Americas
6030,0,Lotus,pANcada,LOUD,Omen,1.36,231.0,18,16,15,2,75.0,146.0,30.0,4.0,1.0,3.0,LOUD,,11,LEV,,13,0,VCT Americas
6031,0,Lotus,Less,LOUD,Cypher,0.95,162.0,15,18,5,-3,63.0,99.0,41.0,2.0,1.0,1.0,LOUD,,11,LEV,,13,0,VCT Americas
6032,0,Lotus,cauanzin,LOUD,Fade,0.83,218.0,17,21,6,-4,58.0,142.0,28.0,4.0,2.0,2.0,LOUD,,11,LEV,,13,0,VCT Americas
6033,0,Lotus,tuyz,LOUD,Raze,0.68,167.0,13,19,3,-6,75.0,111.0,24.0,3.0,5.0,-2.0,LOUD,,11,LEV,,13,0,VCT Americas
6034,0,Lotus,saadhak,LOUD,Breach,0.61,108.0,8,17,10,-9,58.0,68.0,19.0,0.0,2.0,-2.0,LOUD,,11,LEV,,13,0,VCT Americas
6035,0,Lotus,C0M,LEV,Fade,1.38,269.0,23,14,8,9,83.0,164.0,19.0,5.0,1.0,4.0,LOUD,,11,LEV,,13,1,VCT Americas
6036,0,Lotus,tex,LEV,Cypher,1.25,247.0,22,16,5,6,79.0,162.0,38.0,1.0,3.0,-2.0,LOUD,,11,LEV,,13,1,VCT Americas
6037,0,Lotus,kiNgg,LEV,Omen,1.18,189.0,18,12,11,6,92.0,112.0,39.0,1.0,1.0,0.0,LOUD,,11,LEV,,13,1,VCT Americas
6038,0,Lotus,Mazino,LEV,Breach,1.09,187.0,16,14,15,2,71.0,133.0,33.0,0.0,4.0,-4.0,LOUD,,11,LEV,,13,1,VCT Americas
6039,0,Lotus,aspas,LEV,Neon,0.83,153.0,12,15,9,-3,83.0,107.0,33.0,4.0,4.0,0.0,LOUD,,11,LEV,,13,1,VCT Americas
6040,2,Icebox,cauanzin,LOUD,Sova,1.27,265.0,17,14,3,3,63.0,170.0,44.0,4.0,2.0,2.0,LOUD,,6,LEV,,13,0,VCT Americas
6041,2,Icebox,tuyz,LOUD,Harbor,0.83,179.0,10,16,9,-6,74.0,101.0,19.0,2.0,1.0,1.0,LOUD,,6,LEV,,13,0,VCT Americas
6042,2,Icebox,Less,LOUD,Killjoy,0.69,146.0,11,16,2,-5,63.0,105.0,31.0,2.0,1.0,1.0,LOUD,,6,LEV,,13,0,VCT Americas
6043,2,Icebox,saadhak,LOUD,Kayo,0.55,139.0,9,17,8,-8,63.0,91.0,30.0,2.0,3.0,-1.0,LOUD,,6,LEV,,13,0,VCT Americas
6044,2,Icebox,pANcada,LOUD,Omen,0.48,139.0,10,18,0,-8,42.0,89.0,45.0,1.0,1.0,0.0,LOUD,,6,LEV,,13,0,VCT Americas
6045,2,Icebox,aspas,LEV,Jett,1.6,373.0,25,12,3,13,74.0,230.0,27.0,4.0,5.0,-1.0,LOUD,,6,LEV,,13,1,VCT Americas
6046,2,Icebox,tex,LEV,Killjoy,1.35,247.0,20,11,2,9,79.0,159.0,26.0,1.0,2.0,-1.0,LOUD,,6,LEV,,13,1,VCT Americas
6047,2,Icebox,kiNgg,LEV,Viper,1.26,205.0,16,10,3,6,68.0,134.0,37.0,1.0,2.0,-1.0,LOUD,,6,LEV,,13,1,VCT Americas
6048,2,Icebox,Mazino,LEV,Harbor,1.04,210.0,15,13,6,2,84.0,136.0,19.0,1.0,1.0,0.0,LOUD,,6,LEV,,13,1,VCT Americas
6049,2,Icebox,C0M,LEV,Sova,0.61,89.0,5,11,5,-6,79.0,66.0,10.0,1.0,1.0,0.0,LOUD,,6,LEV,,13,1,VCT Americas
6050,0,Sunset,artzin,MIBR,Cypher,1.32,274.0,24,16,1,8,65.0,175.0,43.0,2.0,3.0,-1.0,MIBR,,10,FUR,,13,0,VCT Americas
6051,0,Sunset,liazzi,MIBR,Breach,1.01,182.0,15,17,9,-2,74.0,114.0,43.0,0.0,1.0,-1.0,MIBR,,10,FUR,,13,0,VCT Americas
6052,0,Sunset,rich,MIBR,Gekko,0.84,200.0,16,19,7,-3,78.0,120.0,34.0,2.0,3.0,-1.0,MIBR,,10,FUR,,13,0,VCT Americas
6053,0,Sunset,Palla,MIBR,Raze,0.69,202.0,12,19,5,-7,65.0,136.0,13.0,3.0,6.0,-3.0,MIBR,,10,FUR,,13,0,VCT Americas
6054,0,Sunset,mazin,MIBR,Omen,0.48,112.0,9,19,2,-10,61.0,80.0,33.0,3.0,0.0,3.0,MIBR,,10,FUR,,13,0,VCT Americas
6055,0,Sunset,Khalil,FUR,Omen,1.58,259.0,23,14,10,9,87.0,172.0,38.0,2.0,0.0,2.0,MIBR,,10,FUR,,13,1,VCT Americas
6056,0,Sunset,havoc,FUR,Cypher,1.43,278.0,23,14,5,9,65.0,184.0,41.0,4.0,3.0,1.0,MIBR,,10,FUR,,13,1,VCT Americas
6057,0,Sunset,xand,FUR,Kayo,1.14,220.0,18,17,19,1,83.0,142.0,21.0,4.0,1.0,3.0,MIBR,,10,FUR,,13,1,VCT Americas
6058,0,Sunset,mwzera,FUR,Jett,1.0,240.0,19,18,8,1,74.0,167.0,25.0,3.0,5.0,-2.0,MIBR,,10,FUR,,13,1,VCT Americas
6059,0,Sunset,nzr,FUR,Sova,0.7,94.0,7,13,6,-6,65.0,76.0,15.0,0.0,1.0,-1.0,MIBR,,10,FUR,,13,1,VCT Americas
6060,2,Icebox,artzin,MIBR,Killjoy,1.18,244.0,18,15,3,3,60.0,159.0,25.0,4.0,1.0,3.0,MIBR,,7,FUR,,13,0,VCT Americas
6061,2,Icebox,rich,MIBR,Sova,0.91,224.0,15,17,6,-2,70.0,139.0,25.0,2.0,4.0,-2.0,MIBR,,7,FUR,,13,0,VCT Americas
6062,2,Icebox,Palla,MIBR,Jett,0.76,199.0,15,17,0,-2,50.0,117.0,54.0,2.0,3.0,-1.0,MIBR,,7,FUR,,13,0,VCT Americas
6063,2,Icebox,mazin,MIBR,Viper,0.58,119.0,8,15,5,-7,60.0,84.0,28.0,1.0,1.0,0.0,MIBR,,7,FUR,,13,0,VCT Americas
6064,2,Icebox,liazzi,MIBR,Gekko,0.29,96.0,6,17,2,-11,40.0,67.0,32.0,0.0,2.0,-2.0,MIBR,,7,FUR,,13,0,VCT Americas
6065,2,Icebox,Khalil,FUR,Viper,1.72,325.0,24,12,6,12,85.0,215.0,30.0,2.0,1.0,1.0,MIBR,,7,FUR,,13,1,VCT Americas
6066,2,Icebox,mwzera,FUR,Jett,1.23,263.0,19,12,2,7,80.0,161.0,24.0,5.0,0.0,5.0,MIBR,,7,FUR,,13,1,VCT Americas
6067,2,Icebox,nzr,FUR,Sova,1.21,212.0,16,13,4,3,85.0,151.0,25.0,1.0,1.0,0.0,MIBR,,7,FUR,,13,1,VCT Americas
6068,2,Icebox,havoc,FUR,Killjoy,0.96,173.0,12,12,5,0,65.0,129.0,26.0,3.0,4.0,-1.0,MIBR,,7,FUR,,13,1,VCT Americas
6069,2,Icebox,xand,FUR,Sage,0.79,134.0,10,13,3,-3,75.0,90.0,22.0,0.0,3.0,-3.0,MIBR,,7,FUR,,13,1,VCT Americas
6070,0,Lotus,supamen,EG,Omen,1.06,231.0,19,16,6,3,74.0,129.0,50.0,1.0,2.0,-1.0,EG,,10,100T,,13,0,VCT Americas
6071,0,Lotus,jawgemo,EG,Neon,1.06,256.0,20,19,7,1,61.0,156.0,24.0,5.0,7.0,-2.0,EG,,10,100T,,13,0,VCT Americas
6072,0,Lotus,Derrek,EG,Fade,1.05,177.0,15,18,10,-3,87.0,118.0,41.0,0.0,1.0,-1.0,EG,,10,100T,,13,0,VCT Americas
6073,0,Lotus,NaturE,EG,Breach,0.8,148.0,12,17,8,-5,78.0,91.0,37.0,1.0,2.0,-1.0,EG,,10,100T,,13,0,VCT Americas
6074,0,Lotus,Apoth,EG,Cypher,0.79,138.0,11,16,4,-5,57.0,104.0,50.0,1.0,3.0,-2.0,EG,,10,100T,,13,0,VCT Americas
6075,0,Lotus,Asuna,100T,Raze,1.18,261.0,20,16,10,4,83.0,173.0,16.0,5.0,2.0,3.0,EG,,10,100T,,13,1,VCT Americas
6076,0,Lotus,eeiu,100T,Fade,1.17,229.0,20,15,10,5,83.0,159.0,39.0,1.0,0.0,1.0,EG,,10,100T,,13,1,VCT Americas
6077,0,Lotus,Boostio,100T,Killjoy,0.96,198.0,16,17,4,-1,87.0,132.0,17.0,2.0,2.0,0.0,EG,,10,100T,,13,1,VCT Americas
6078,0,Lotus,Cryocells,100T,Omen,0.96,190.0,18,15,5,3,74.0,109.0,28.0,5.0,1.0,4.0,EG,,10,100T,,13,1,VCT Americas
6079,0,Lotus,bang,100T,Viper,0.94,163.0,12,14,6,-2,65.0,116.0,39.0,2.0,3.0,-1.0,EG,,10,100T,,13,1,VCT Americas
6080,2,Bind,NaturE,EG,Skye,1.3,222.0,19,16,11,3,70.0,143.0,35.0,2.0,3.0,-1.0,EG,,13,100T,,10,1,VCT Americas
6081,2,Bind,supamen,EG,Omen,1.18,237.0,19,14,6,5,78.0,149.0,32.0,2.0,1.0,1.0,EG,,13,100T,,10,1,VCT Americas
6082,2,Bind,Derrek,EG,Gekko,1.04,167.0,14,14,9,0,87.0,109.0,28.0,2.0,1.0,1.0,EG,,13,100T,,10,1,VCT Americas
6083,2,Bind,Apoth,EG,Brimstone,0.93,204.0,17,17,13,0,83.0,125.0,34.0,3.0,1.0,2.0,EG,,13,100T,,10,1,VCT Americas
6084,2,Bind,jawgemo,EG,Raze,0.76,206.0,15,19,4,-4,57.0,145.0,27.0,4.0,4.0,0.0,EG,,13,100T,,10,1,VCT Americas
6085,2,Bind,bang,100T,Viper,1.28,291.0,24,17,8,7,74.0,164.0,28.0,1.0,5.0,-4.0,EG,,13,100T,,10,0,VCT Americas
6086,2,Bind,eeiu,100T,Fade,1.24,252.0,18,17,15,1,83.0,165.0,36.0,1.0,0.0,1.0,EG,,13,100T,,10,0,VCT Americas
6087,2,Bind,Cryocells,100T,Brimstone,0.98,154.0,13,15,9,-2,74.0,93.0,30.0,0.0,1.0,-1.0,EG,,13,100T,,10,0,VCT Americas
6088,2,Bind,Asuna,100T,Raze,0.79,175.0,14,17,5,-3,61.0,110.0,11.0,6.0,7.0,-1.0,EG,,13,100T,,10,0,VCT Americas
6089,2,Bind,Boostio,100T,Gekko,0.72,151.0,11,18,14,-7,70.0,87.0,24.0,2.0,0.0,2.0,EG,,13,100T,,10,0,VCT Americas
6090,3,Ascent,Derrek,EG,Sova,1.41,243.0,20,14,5,6,70.0,155.0,31.0,2.0,0.0,2.0,EG,,7,100T,,13,0,VCT Americas
6091,3,Ascent,supamen,EG,Omen,1.03,214.0,15,16,7,-1,55.0,130.0,40.0,2.0,3.0,-1.0,EG,,7,100T,,13,0,VCT Americas
6092,3,Ascent,NaturE,EG,Kayo,0.97,222.0,15,18,8,-3,75.0,136.0,30.0,2.0,1.0,1.0,EG,,7,100T,,13,0,VCT Americas
6093,3,Ascent,Apoth,EG,Cypher,0.4,127.0,6,17,2,-11,50.0,105.0,27.0,1.0,4.0,-3.0,EG,,7,100T,,13,0,VCT Americas
6094,3,Ascent,jawgemo,EG,Jett,0.29,121.0,6,19,5,-13,50.0,97.0,9.0,0.0,5.0,-5.0,EG,,7,100T,,13,0,VCT Americas
6095,3,Ascent,eeiu,100T,Sova,1.57,246.0,19,9,5,10,85.0,161.0,27.0,2.0,1.0,1.0,EG,,7,100T,,13,1,VCT Americas
6096,3,Ascent,Cryocells,100T,Jett,1.54,313.0,25,13,1,12,85.0,199.0,26.0,7.0,2.0,5.0,EG,,7,100T,,13,1,VCT Americas
6097,3,Ascent,Asuna,100T,Kayo,1.28,211.0,14,13,24,1,100.0,132.0,19.0,2.0,1.0,1.0,EG,,7,100T,,13,1,VCT Americas
6098,3,Ascent,bang,100T,Omen,1.13,195.0,14,12,12,2,80.0,137.0,23.0,1.0,1.0,0.0,EG,,7,100T,,13,1,VCT Americas
6099,3,Ascent,Boostio,100T,Killjoy,0.76,183.0,12,15,6,-3,75.0,138.0,16.0,1.0,2.0,-1.0,EG,,7,100T,,13,1,VCT Americas
6100,0,Bind,Derrek,EG,Gekko,1.41,264.0,21,13,9,8,77.0,178.0,50.0,1.0,0.0,1.0,EG,,9,MIBR,,13,0,VCT Americas
6101,0,Bind,jawgemo,EG,Raze,1.28,285.0,22,15,1,7,82.0,177.0,16.0,1.0,4.0,-3.0,EG,,9,MIBR,,13,0,VCT Americas
6102,0,Bind,supamen,EG,Omen,1.06,231.0,17,16,11,1,77.0,140.0,49.0,3.0,4.0,-1.0,EG,,9,MIBR,,13,0,VCT Americas
6103,0,Bind,NaturE,EG,Skye,0.52,137.0,10,18,4,-8,64.0,100.0,23.0,2.0,2.0,0.0,EG,,9,MIBR,,13,0,VCT Americas
6104,0,Bind,Apoth,EG,Brimstone,0.43,83.0,6,14,4,-8,55.0,59.0,38.0,1.0,4.0,-3.0,EG,,9,MIBR,,13,0,VCT Americas
6105,0,Bind,liazzi,MIBR,Deadlock,1.4,248.0,19,12,8,7,73.0,159.0,30.0,3.0,1.0,2.0,EG,,9,MIBR,,13,1,VCT Americas
6106,0,Bind,artzin,MIBR,Cypher,1.26,222.0,17,15,6,2,77.0,146.0,22.0,4.0,1.0,3.0,EG,,9,MIBR,,13,1,VCT Americas
6107,0,Bind,mazin,MIBR,Brimstone,1.04,150.0,13,14,8,-1,68.0,101.0,21.0,0.0,0.0,0.0,EG,,9,MIBR,,13,1,VCT Americas
6108,0,Bind,rich,MIBR,Skye,0.99,176.0,12,15,11,-3,59.0,130.0,32.0,1.0,1.0,0.0,EG,,9,MIBR,,13,1,VCT Americas
6109,0,Bind,Palla,MIBR,Raze,0.7,203.0,15,20,4,-5,64.0,132.0,26.0,6.0,5.0,1.0,EG,,9,MIBR,,13,1,VCT Americas
6110,2,Lotus,supamen,EG,Omen,0.88,177.0,9,13,1,-4,67.0,131.0,39.0,1.0,3.0,-2.0,EG,,2,MIBR,,13,0,VCT Americas
6111,2,Lotus,NaturE,EG,Breach,0.77,168.0,8,13,3,-5,60.0,113.0,27.0,0.0,0.0,0.0,EG,,2,MIBR,,13,0,VCT Americas
6112,2,Lotus,Derrek,EG,Fade,0.74,176.0,9,15,2,-6,60.0,120.0,35.0,1.0,1.0,0.0,EG,,2,MIBR,,13,0,VCT Americas
6113,2,Lotus,jawgemo,EG,Neon,0.58,173.0,8,15,2,-7,47.0,113.0,33.0,1.0,4.0,-3.0,EG,,2,MIBR,,13,0,VCT Americas
6114,2,Lotus,Apoth,EG,Cypher,0.12,56.0,2,15,1,-13,27.0,45.0,7.0,0.0,4.0,-4.0,EG,,2,MIBR,,13,0,VCT Americas
6115,2,Lotus,artzin,MIBR,Viper,1.56,246.0,14,6,7,8,87.0,173.0,23.0,1.0,0.0,1.0,EG,,2,MIBR,,13,1,VCT Americas
6116,2,Lotus,Palla,MIBR,Raze,1.44,322.0,18,10,3,8,93.0,203.0,34.0,5.0,2.0,3.0,EG,,2,MIBR,,13,1,VCT Americas
6117,2,Lotus,rich,MIBR,Fade,1.37,213.0,13,6,7,7,100.0,145.0,32.0,0.0,0.0,0.0,EG,,2,MIBR,,13,1,VCT Americas
6118,2,Lotus,mazin,MIBR,Omen,1.32,252.0,15,8,7,7,80.0,157.0,50.0,4.0,0.0,4.0,EG,,2,MIBR,,13,1,VCT Americas
6119,2,Lotus,liazzi,MIBR,Killjoy,1.09,177.0,11,6,1,5,80.0,112.0,38.0,2.0,1.0,1.0,EG,,2,MIBR,,13,1,VCT Americas
6120,0,Sunset,aspas,LEV,Neon,1.97,396.0,27,10,6,17,84.0,257.0,33.0,4.0,3.0,1.0,LEV,,13,FUR,,6,1,VCT Americas
6121,0,Sunset,C0M,LEV,Sova,1.15,158.0,11,10,5,1,68.0,125.0,24.0,0.0,2.0,-2.0,LEV,,13,FUR,,6,1,VCT Americas
6122,0,Sunset,kiNgg,LEV,Omen,1.14,200.0,12,11,10,1,79.0,131.0,24.0,1.0,2.0,-1.0,LEV,,13,FUR,,6,1,VCT Americas
6123,0,Sunset,tex,LEV,Cypher,1.1,214.0,16,12,1,4,63.0,136.0,37.0,2.0,3.0,-1.0,LEV,,13,FUR,,6,1,VCT Americas
6124,0,Sunset,Mazino,LEV,Breach,0.7,142.0,9,13,10,-4,79.0,89.0,22.0,1.0,1.0,0.0,LEV,,13,FUR,,6,1,VCT Americas
6125,0,Sunset,nzr,FUR,Sova,1.34,248.0,15,13,4,2,79.0,181.0,33.0,2.0,0.0,2.0,LEV,,13,FUR,,6,0,VCT Americas
6126,0,Sunset,mwzera,FUR,Jett,0.89,241.0,16,16,2,0,58.0,156.0,17.0,3.0,3.0,0.0,LEV,,13,FUR,,6,0,VCT Americas
6127,0,Sunset,havoc,FUR,Cypher,0.59,148.0,9,16,3,-7,53.0,84.0,60.0,3.0,2.0,1.0,LEV,,13,FUR,,6,0,VCT Americas
6128,0,Sunset,xand,FUR,Kayo,0.53,142.0,9,15,3,-6,53.0,91.0,57.0,2.0,1.0,1.0,LEV,,13,FUR,,6,0,VCT Americas
6129,0,Sunset,Khalil,FUR,Omen,0.35,93.0,7,15,3,-8,63.0,54.0,38.0,1.0,2.0,-1.0,LEV,,13,FUR,,6,0,VCT Americas
6130,2,Icebox,C0M,LEV,Sova,1.53,284.0,20,10,5,10,84.0,195.0,33.0,2.0,1.0,1.0,LEV,,13,FUR,,6,1,VCT Americas
6131,2,Icebox,aspas,LEV,Jett,1.37,219.0,15,8,4,7,74.0,137.0,29.0,4.0,1.0,3.0,LEV,,13,FUR,,6,1,VCT Americas
6132,2,Icebox,kiNgg,LEV,Viper,1.22,179.0,13,10,4,3,84.0,119.0,28.0,3.0,3.0,0.0,LEV,,13,FUR,,6,1,VCT Americas
6133,2,Icebox,Mazino,LEV,Harbor,1.18,205.0,16,12,3,4,68.0,148.0,32.0,0.0,1.0,-1.0,LEV,,13,FUR,,6,1,VCT Americas
6134,2,Icebox,tex,LEV,Killjoy,0.87,215.0,15,14,2,1,74.0,149.0,23.0,2.0,2.0,0.0,LEV,,13,FUR,,6,1,VCT Americas
6135,2,Icebox,mwzera,FUR,Jett,0.9,246.0,16,18,2,-2,68.0,154.0,24.0,2.0,4.0,-2.0,LEV,,13,FUR,,6,0,VCT Americas
6136,2,Icebox,nzr,FUR,Sova,0.86,150.0,11,14,3,-3,74.0,121.0,24.0,0.0,0.0,0.0,LEV,,13,FUR,,6,0,VCT Americas
6137,2,Icebox,havoc,FUR,Killjoy,0.75,182.0,12,16,3,-4,63.0,135.0,31.0,3.0,2.0,1.0,LEV,,13,FUR,,6,0,VCT Americas
6138,2,Icebox,xand,FUR,Sage,0.58,138.0,8,16,3,-8,63.0,120.0,30.0,1.0,5.0,-4.0,LEV,,13,FUR,,6,0,VCT Americas
6139,2,Icebox,Khalil,FUR,Viper,0.56,120.0,7,15,3,-8,58.0,89.0,28.0,2.0,0.0,2.0,LEV,,13,FUR,,6,0,VCT Americas
6140,0,Ascent,saadhak,LOUD,Kayo,1.07,208.0,11,13,2,-2,50.0,128.0,34.0,2.0,1.0,1.0,LOUD,,1,100T,,13,0,VCT Americas
6141,0,Ascent,pANcada,LOUD,Omen,0.73,177.0,8,14,2,-6,64.0,109.0,63.0,0.0,0.0,0.0,LOUD,,1,100T,,13,0,VCT Americas
6142,0,Ascent,cauanzin,LOUD,Sova,0.6,160.0,5,14,3,-9,36.0,120.0,15.0,1.0,1.0,0.0,LOUD,,1,100T,,13,0,VCT Americas
6143,0,Ascent,Less,LOUD,Cypher,0.08,41.0,2,14,2,-12,29.0,26.0,13.0,0.0,4.0,-4.0,LOUD,,1,100T,,13,0,VCT Americas
6144,0,Ascent,tuyz,LOUD,Jett,0.02,27.0,1,14,0,-13,36.0,19.0,50.0,0.0,5.0,-5.0,LOUD,,1,100T,,13,0,VCT Americas
6145,0,Ascent,Cryocells,100T,Jett,2.49,439.0,25,4,2,21,100.0,277.0,32.0,5.0,0.0,5.0,LOUD,,1,100T,,13,1,VCT Americas
6146,0,Ascent,Asuna,100T,Kayo,2.02,314.0,16,4,11,12,100.0,192.0,23.0,3.0,0.0,3.0,LOUD,,1,100T,,13,1,VCT Americas
6147,0,Ascent,Boostio,100T,Killjoy,1.07,229.0,12,7,3,5,93.0,161.0,20.0,2.0,1.0,1.0,LOUD,,1,100T,,13,1,VCT Americas
6148,0,Ascent,bang,100T,Omen,0.98,190.0,10,7,6,3,86.0,123.0,39.0,1.0,2.0,-1.0,LOUD,,1,100T,,13,1,VCT Americas
6149,0,Ascent,eeiu,100T,Sova,0.94,109.0,6,5,4,1,86.0,89.0,27.0,0.0,0.0,0.0,LOUD,,1,100T,,13,1,VCT Americas
6150,2,Bind,Less,LOUD,Omen,1.37,219.0,16,11,8,5,62.0,171.0,34.0,3.0,0.0,3.0,LOUD,,13,100T,,8,1,VCT Americas
6151,2,Bind,pANcada,LOUD,Brimstone,1.02,179.0,14,13,13,1,81.0,111.0,34.0,1.0,3.0,-2.0,LOUD,,13,100T,,8,1,VCT Americas
6152,2,Bind,tuyz,LOUD,Raze,0.98,204.0,13,14,8,-1,71.0,134.0,16.0,3.0,3.0,0.0,LOUD,,13,100T,,8,1,VCT Americas
6153,2,Bind,saadhak,LOUD,Gekko,0.98,213.0,18,16,4,2,71.0,141.0,26.0,1.0,2.0,-1.0,LOUD,,13,100T,,8,1,VCT Americas
6154,2,Bind,cauanzin,LOUD,Skye,0.97,205.0,16,13,4,3,76.0,128.0,31.0,2.0,3.0,-1.0,LOUD,,13,100T,,8,1,VCT Americas
6155,2,Bind,eeiu,100T,Fade,1.32,212.0,16,12,5,4,81.0,159.0,36.0,2.0,0.0,2.0,LOUD,,13,100T,,8,0,VCT Americas
6156,2,Bind,Asuna,100T,Raze,1.24,273.0,22,16,1,6,76.0,156.0,16.0,3.0,1.0,2.0,LOUD,,13,100T,,8,0,VCT Americas
6157,2,Bind,bang,100T,Viper,0.88,204.0,14,16,5,-2,62.0,121.0,35.0,3.0,3.0,0.0,LOUD,,13,100T,,8,0,VCT Americas
6158,2,Bind,Cryocells,100T,Brimstone,0.87,146.0,10,14,6,-4,67.0,101.0,36.0,1.0,3.0,-2.0,LOUD,,13,100T,,8,0,VCT Americas
6159,2,Bind,Boostio,100T,Gekko,0.33,95.0,5,19,6,-14,71.0,75.0,33.0,2.0,3.0,-1.0,LOUD,,13,100T,,8,0,VCT Americas
6160,3,Lotus,pANcada,LOUD,Omen,1.73,306.0,24,11,9,13,83.0,192.0,37.0,3.0,1.0,2.0,LOUD,,13,100T,,10,1,VCT Americas
6161,3,Lotus,saadhak,LOUD,Breach,1.27,215.0,16,12,15,4,87.0,151.0,30.0,0.0,1.0,-1.0,LOUD,,13,100T,,10,1,VCT Americas
6162,3,Lotus,Less,LOUD,Cypher,0.98,202.0,16,17,8,-1,61.0,125.0,29.0,3.0,3.0,0.0,LOUD,,13,100T,,10,1,VCT Americas
6163,3,Lotus,tuyz,LOUD,Raze,0.9,155.0,14,14,2,0,61.0,105.0,25.0,5.0,5.0,0.0,LOUD,,13,100T,,10,1,VCT Americas
6164,3,Lotus,cauanzin,LOUD,Fade,0.87,170.0,14,17,9,-3,70.0,113.0,34.0,2.0,0.0,2.0,LOUD,,13,100T,,10,1,VCT Americas
6165,3,Lotus,eeiu,100T,Fade,1.01,197.0,15,16,5,-1,70.0,117.0,29.0,1.0,2.0,-1.0,LOUD,,13,100T,,10,0,VCT Americas
6166,3,Lotus,bang,100T,Viper,0.97,165.0,13,13,9,0,74.0,98.0,34.0,0.0,4.0,-4.0,LOUD,,13,100T,,10,0,VCT Americas
6167,3,Lotus,Cryocells,100T,Omen,0.87,191.0,16,18,7,-2,70.0,103.0,20.0,4.0,2.0,2.0,LOUD,,13,100T,,10,0,VCT Americas
6168,3,Lotus,Boostio,100T,Killjoy,0.77,184.0,14,17,2,-3,52.0,125.0,12.0,2.0,2.0,0.0,LOUD,,13,100T,,10,0,VCT Americas
6169,3,Lotus,Asuna,100T,Raze,0.6,185.0,13,20,4,-7,65.0,119.0,14.0,3.0,3.0,0.0,LOUD,,13,100T,,10,0,VCT Americas
6170,0,Abyss,heat,KRÜ,Kayo,1.73,301.0,26,12,15,14,83.0,192.0,37.0,3.0,1.0,2.0,KRU,,13,C9,,11,0,VCT Americas
6171,0,Abyss,Shyy,KRÜ,Cypher,1.04,223.0,20,16,4,4,79.0,138.0,29.0,3.0,1.0,2.0,KRU,,13,C9,,11,0,VCT Americas
6172,0,Abyss,Melser,KRÜ,Omen,0.96,194.0,17,16,8,1,79.0,133.0,36.0,1.0,4.0,-3.0,KRU,,13,C9,,11,0,VCT Americas
6173,0,Abyss,mta,KRÜ,Sova,0.88,143.0,14,14,1,0,75.0,88.0,40.0,1.0,0.0,1.0,KRU,,13,C9,,11,0,VCT Americas
6174,0,Abyss,keznit,KRÜ,Jett,0.84,193.0,16,17,4,-1,63.0,139.0,23.0,4.0,6.0,-2.0,KRU,,13,C9,,11,0,VCT Americas
6175,0,Abyss,moose,C9,Killjoy,1.11,211.0,18,17,2,1,63.0,144.0,38.0,2.0,1.0,1.0,KRU,,13,C9,,11,0,VCT Americas
6176,0,Abyss,Xeppaa,C9,Kayo,1.01,211.0,16,18,10,-2,75.0,140.0,36.0,1.0,1.0,0.0,KRU,,13,C9,,11,0,VCT Americas
6177,0,Abyss,vanity,C9,Omen,0.95,220.0,18,20,6,-2,63.0,126.0,20.0,4.0,5.0,-1.0,KRU,,13,C9,,11,0,VCT Americas
6178,0,Abyss,OXY,C9,Jett,0.78,198.0,16,21,4,-5,58.0,128.0,31.0,5.0,5.0,0.0,KRU,,13,C9,,11,0,VCT Americas
6179,0,Abyss,runi,C9,Sova,0.44,105.0,7,19,6,-12,63.0,72.0,44.0,0.0,0.0,0.0,KRU,,13,C9,,11,0,VCT Americas
6180,2,Lotus,heat,KRÜ,Fade,1.58,246.0,25,15,9,10,88.0,166.0,49.0,5.0,0.0,5.0,KRU,,11,C9,,13,0,VCT Americas
6181,2,Lotus,Melser,KRÜ,Omen,1.25,206.0,18,14,10,4,83.0,129.0,41.0,1.0,2.0,-1.0,KRU,,11,C9,,13,0,VCT Americas
6182,2,Lotus,keznit,KRÜ,Raze,1.12,253.0,21,19,4,2,75.0,173.0,22.0,6.0,3.0,3.0,KRU,,11,C9,,13,0,VCT Americas
6183,2,Lotus,Shyy,KRÜ,Killjoy,0.72,183.0,13,20,8,-7,71.0,138.0,21.0,1.0,3.0,-2.0,KRU,,11,C9,,13,0,VCT Americas
6184,2,Lotus,mta,KRÜ,Viper,0.46,149.0,11,21,5,-10,63.0,93.0,29.0,1.0,2.0,-1.0,KRU,,11,C9,,13,0,VCT Americas
6185,2,Lotus,Xeppaa,C9,Gekko,1.19,199.0,18,16,8,2,83.0,148.0,30.0,0.0,1.0,-1.0,KRU,,11,C9,,13,1,VCT Americas
6186,2,Lotus,runi,C9,Clove,1.08,256.0,22,20,8,2,88.0,158.0,44.0,3.0,3.0,0.0,KRU,,11,C9,,13,1,VCT Americas
6187,2,Lotus,OXY,C9,Raze,0.94,262.0,21,20,4,1,71.0,167.0,22.0,2.0,7.0,-5.0,KRU,,11,C9,,13,1,VCT Americas
6188,2,Lotus,vanity,C9,Omen,0.89,162.0,14,16,8,-2,75.0,110.0,34.0,1.0,2.0,-1.0,KRU,,11,C9,,13,1,VCT Americas
6189,2,Lotus,moose,C9,Killjoy,0.84,171.0,14,16,1,-2,54.0,112.0,33.0,4.0,1.0,3.0,KRU,,11,C9,,13,1,VCT Americas
6190,3,Haven,Shyy,KRÜ,Cypher,1.56,238.0,16,9,13,7,84.0,169.0,46.0,3.0,1.0,2.0,KRU,,13,C9,,6,0,VCT Americas
6191,3,Haven,mta,KRÜ,Sova,1.45,283.0,21,12,2,9,89.0,192.0,34.0,1.0,1.0,0.0,KRU,,13,C9,,6,0,VCT Americas
6192,3,Haven,heat,KRÜ,Breach,1.37,185.0,14,9,8,5,89.0,125.0,34.0,0.0,1.0,-1.0,KRU,,13,C9,,6,0,VCT Americas
6193,3,Haven,keznit,KRÜ,Neon,1.26,224.0,14,9,9,5,68.0,161.0,28.0,3.0,4.0,-1.0,KRU,,13,C9,,6,0,VCT Americas
6194,3,Haven,Melser,KRÜ,Omen,1.07,209.0,14,13,12,1,84.0,139.0,23.0,4.0,1.0,3.0,KRU,,13,C9,,6,0,VCT Americas
6195,3,Haven,moose,C9,Killjoy,1.07,205.0,15,14,1,1,68.0,141.0,26.0,2.0,4.0,-2.0,KRU,,13,C9,,6,0,VCT Americas
6196,3,Haven,runi,C9,Sova,0.87,199.0,11,14,3,-3,58.0,137.0,35.0,2.0,1.0,1.0,KRU,,13,C9,,6,0,VCT Americas
6197,3,Haven,OXY,C9,Jett,0.71,209.0,14,17,0,-3,74.0,131.0,35.0,4.0,3.0,1.0,KRU,,13,C9,,6,0,VCT Americas
6198,3,Haven,Xeppaa,C9,Breach,0.62,140.0,8,17,11,-9,63.0,100.0,26.0,0.0,0.0,0.0,KRU,,13,C9,,6,0,VCT Americas
6199,3,Haven,vanity,C9,Omen,0.37,82.0,4,17,8,-13,42.0,53.0,8.0,0.0,3.0,-3.0,KRU,,13,C9,,6,0,VCT Americas
6200,0,Haven,TenZ,SEN,Omen,1.11,254.0,16,15,6,1,85.0,162.0,29.0,2.0,4.0,-2.0,SEN,,7,100T,,13,0,VCT Americas
6201,0,Haven,johnqt,SEN,Killjoy,1.0,223.0,16,16,1,0,60.0,142.0,23.0,0.0,1.0,-1.0,SEN,,7,100T,,13,0,VCT Americas
6202,0,Haven,Sacy,SEN,Sova,0.79,152.0,9,14,6,-5,55.0,103.0,26.0,1.0,5.0,-4.0,SEN,,7,100T,,13,0,VCT Americas
6203,0,Haven,Zellsis,SEN,Breach,0.75,134.0,10,13,6,-3,60.0,79.0,26.0,0.0,1.0,-1.0,SEN,,7,100T,,13,0,VCT Americas
6204,0,Haven,zekken,SEN,Jett,0.53,166.0,11,18,5,-7,55.0,106.0,28.0,3.0,3.0,0.0,SEN,,7,100T,,13,0,VCT Americas
6205,0,Haven,Asuna,100T,Yoru,1.49,273.0,22,11,7,11,85.0,156.0,21.0,5.0,2.0,3.0,SEN,,7,100T,,13,1,VCT Americas
6206,0,Haven,eeiu,100T,Sova,1.3,202.0,13,10,11,3,80.0,155.0,20.0,2.0,1.0,1.0,SEN,,7,100T,,13,1,VCT Americas
6207,0,Haven,bang,100T,Omen,1.11,173.0,12,10,8,2,75.0,102.0,19.0,1.0,0.0,1.0,SEN,,7,100T,,13,1,VCT Americas
6208,0,Haven,Boostio,100T,Cypher,1.04,228.0,16,16,8,0,70.0,159.0,29.0,3.0,2.0,1.0,SEN,,7,100T,,13,1,VCT Americas
6209,0,Haven,Cryocells,100T,Iso,0.93,199.0,13,15,6,-2,80.0,149.0,28.0,3.0,1.0,2.0,SEN,,7,100T,,13,1,VCT Americas
6210,2,Ascent,zekken,SEN,Jett,1.45,355.0,28,19,2,9,57.0,211.0,47.0,7.0,7.0,0.0,SEN,,10,100T,,13,0,VCT Americas
6211,2,Ascent,Sacy,SEN,Sova,0.96,190.0,15,15,4,0,87.0,139.0,26.0,0.0,1.0,-1.0,SEN,,10,100T,,13,0,VCT Americas
6212,2,Ascent,TenZ,SEN,Omen,0.94,206.0,15,17,10,-2,70.0,133.0,35.0,2.0,2.0,0.0,SEN,,10,100T,,13,0,VCT Americas
6213,2,Ascent,Zellsis,SEN,Cypher,0.8,148.0,12,15,5,-3,65.0,105.0,26.0,0.0,1.0,-1.0,SEN,,10,100T,,13,0,VCT Americas
6214,2,Ascent,johnqt,SEN,Deadlock,0.73,151.0,12,18,7,-6,83.0,109.0,31.0,1.0,2.0,-1.0,SEN,,10,100T,,13,0,VCT Americas
6215,2,Ascent,bang,100T,Omen,2.09,347.0,31,12,8,19,78.0,209.0,42.0,5.0,1.0,4.0,SEN,,10,100T,,13,1,VCT Americas
6216,2,Ascent,Cryocells,100T,Jett,1.17,250.0,23,16,3,7,74.0,161.0,20.0,4.0,2.0,2.0,SEN,,10,100T,,13,1,VCT Americas
6217,2,Ascent,eeiu,100T,Sova,0.89,139.0,11,13,8,-2,74.0,93.0,18.0,1.0,0.0,1.0,SEN,,10,100T,,13,1,VCT Americas
6218,2,Ascent,Asuna,100T,Kayo,0.67,173.0,14,21,13,-7,74.0,114.0,29.0,2.0,2.0,0.0,SEN,,10,100T,,13,1,VCT Americas
6219,2,Ascent,Boostio,100T,Killjoy,0.21,88.0,5,20,6,-15,61.0,71.0,15.0,1.0,5.0,-4.0,SEN,,10,100T,,13,1,VCT Americas
6220,0,Icebox,aspas,LEV,Jett,1.89,357.0,22,6,1,16,87.0,249.0,25.0,3.0,0.0,3.0,LEV,,13,KRU,,2,1,VCT Americas
6221,0,Icebox,tex,LEV,Killjoy,1.78,329.0,19,7,3,12,93.0,205.0,39.0,4.0,1.0,3.0,LEV,,13,KRU,,2,1,VCT Americas
6222,0,Icebox,kiNgg,LEV,Viper,1.39,207.0,12,6,6,6,93.0,140.0,38.0,1.0,1.0,0.0,LEV,,13,KRU,,2,1,VCT Americas
6223,0,Icebox,Mazino,LEV,Harbor,1.04,192.0,10,8,4,2,87.0,122.0,23.0,2.0,1.0,1.0,LEV,,13,KRU,,2,1,VCT Americas
6224,0,Icebox,C0M,LEV,Sova,0.97,130.0,6,6,7,0,80.0,80.0,13.0,2.0,0.0,2.0,LEV,,13,KRU,,2,1,VCT Americas
6225,0,Icebox,Shyy,KRÜ,Killjoy,0.84,182.0,9,13,0,-4,53.0,123.0,29.0,0.0,1.0,-1.0,LEV,,13,KRU,,2,0,VCT Americas
6226,0,Icebox,Melser,KRÜ,Viper,0.61,154.0,8,14,3,-6,53.0,90.0,38.0,1.0,2.0,-1.0,LEV,,13,KRU,,2,0,VCT Americas
6227,0,Icebox,mta,KRÜ,Sova,0.52,99.0,5,14,2,-9,40.0,70.0,33.0,0.0,1.0,-1.0,LEV,,13,KRU,,2,0,VCT Americas
6228,0,Icebox,keznit,KRÜ,Jett,0.47,173.0,8,14,1,-6,47.0,103.0,29.0,2.0,5.0,-3.0,LEV,,13,KRU,,2,0,VCT Americas
6229,0,Icebox,heat,KRÜ,Kayo,0.18,62.0,3,14,1,-11,33.0,45.0,14.0,0.0,3.0,-3.0,LEV,,13,KRU,,2,0,VCT Americas
6230,2,Sunset,kiNgg,LEV,Omen,1.56,231.0,17,5,5,12,88.0,145.0,26.0,1.0,0.0,1.0,LEV,,13,KRU,,4,1,VCT Americas
6231,2,Sunset,aspas,LEV,Neon,1.51,302.0,18,9,5,9,82.0,184.0,40.0,8.0,0.0,8.0,LEV,,13,KRU,,4,1,VCT Americas
6232,2,Sunset,tex,LEV,Cypher,1.45,242.0,18,8,4,10,100.0,181.0,44.0,2.0,1.0,1.0,LEV,,13,KRU,,4,1,VCT Americas
6233,2,Sunset,C0M,LEV,Sova,1.3,215.0,12,7,8,5,94.0,164.0,19.0,1.0,1.0,0.0,LEV,,13,KRU,,4,1,VCT Americas
6234,2,Sunset,Mazino,LEV,Breach,1.2,195.0,11,9,14,2,88.0,134.0,29.0,2.0,1.0,1.0,LEV,,13,KRU,,4,1,VCT Americas
6235,2,Sunset,keznit,KRÜ,Neon,0.8,208.0,11,16,4,-5,65.0,149.0,33.0,2.0,6.0,-4.0,LEV,,13,KRU,,4,0,VCT Americas
6236,2,Sunset,Melser,KRÜ,Omen,0.76,147.0,7,14,9,-7,71.0,110.0,24.0,0.0,2.0,-2.0,LEV,,13,KRU,,4,0,VCT Americas
6237,2,Sunset,mta,KRÜ,Sova,0.59,105.0,6,14,3,-8,47.0,71.0,29.0,0.0,1.0,-1.0,LEV,,13,KRU,,4,0,VCT Americas
6238,2,Sunset,Shyy,KRÜ,Cypher,0.56,162.0,8,16,3,-8,59.0,115.0,35.0,1.0,3.0,-2.0,LEV,,13,KRU,,4,0,VCT Americas
6239,2,Sunset,heat,KRÜ,Breach,0.46,98.0,6,16,4,-10,47.0,79.0,28.0,0.0,2.0,-2.0,LEV,,13,KRU,,4,0,VCT Americas
6240,0,Lotus,JonahP,G2,Viper,2.12,342.0,24,7,4,17,100.0,236.0,44.0,2.0,0.0,2.0,G2,,13,100T,,5,1,VCT Americas
6241,0,Lotus,leaf,G2,Killjoy,1.41,247.0,19,9,3,10,78.0,170.0,14.0,2.0,0.0,2.0,G2,,13,100T,,5,1,VCT Americas
6242,0,Lotus,trent,G2,Fade,1.3,223.0,13,9,9,4,94.0,154.0,17.0,5.0,1.0,4.0,G2,,13,100T,,5,1,VCT Americas
6243,0,Lotus,valyn,G2,Omen,1.11,213.0,13,12,9,1,89.0,135.0,17.0,1.0,0.0,1.0,G2,,13,100T,,5,1,VCT Americas
6244,0,Lotus,icy,G2,Raze,0.46,120.0,7,14,3,-7,72.0,89.0,8.0,2.0,4.0,-2.0,G2,,13,100T,,5,1,VCT Americas
6245,0,Lotus,Boostio,100T,Killjoy,1.33,249.0,16,14,6,2,67.0,169.0,27.0,2.0,1.0,1.0,G2,,13,100T,,5,0,VCT Americas
6246,0,Lotus,bang,100T,Viper,0.93,188.0,10,13,7,-3,67.0,121.0,21.0,1.0,3.0,-2.0,G2,,13,100T,,5,0,VCT Americas
6247,0,Lotus,eeiu,100T,Fade,0.71,151.0,10,16,5,-6,67.0,89.0,39.0,1.0,1.0,0.0,G2,,13,100T,,5,0,VCT Americas
6248,0,Lotus,Cryocells,100T,Omen,0.51,161.0,10,17,4,-7,67.0,103.0,29.0,1.0,1.0,0.0,G2,,13,100T,,5,0,VCT Americas
6249,0,Lotus,Asuna,100T,Raze,0.16,96.0,5,17,1,-12,44.0,65.0,7.0,1.0,7.0,-6.0,G2,,13,100T,,5,0,VCT Americas
6250,2,Abyss,valyn,G2,Astra,1.45,219.0,20,13,8,7,87.0,155.0,24.0,1.0,0.0,1.0,G2,,13,100T,,10,1,VCT Americas
6251,2,Abyss,trent,G2,Sova,1.4,255.0,21,14,11,7,83.0,174.0,27.0,2.0,2.0,0.0,G2,,13,100T,,10,1,VCT Americas
6252,2,Abyss,leaf,G2,Killjoy,0.95,214.0,19,16,2,3,70.0,137.0,32.0,2.0,1.0,1.0,G2,,13,100T,,10,1,VCT Americas
6253,2,Abyss,icy,G2,Yoru,0.85,199.0,15,18,8,-3,61.0,119.0,13.0,5.0,4.0,1.0,G2,,13,100T,,10,1,VCT Americas
6254,2,Abyss,JonahP,G2,Viper,0.69,183.0,15,19,4,-4,65.0,105.0,20.0,3.0,2.0,1.0,G2,,13,100T,,10,1,VCT Americas
6255,2,Abyss,Cryocells,100T,Jett,1.14,312.0,25,19,1,6,65.0,173.0,22.0,3.0,5.0,-2.0,G2,,13,100T,,10,0,VCT Americas
6256,2,Abyss,bang,100T,Omen,0.96,208.0,19,18,9,1,74.0,137.0,50.0,2.0,1.0,1.0,G2,,13,100T,,10,0,VCT Americas
6257,2,Abyss,Asuna,100T,Gekko,0.94,202.0,15,19,10,-4,87.0,135.0,41.0,2.0,1.0,1.0,G2,,13,100T,,10,0,VCT Americas
6258,2,Abyss,eeiu,100T,Sova,0.85,151.0,11,16,6,-5,61.0,110.0,28.0,0.0,1.0,-1.0,G2,,13,100T,,10,0,VCT Americas
6259,2,Abyss,Boostio,100T,Cypher,0.51,129.0,10,19,8,-9,52.0,96.0,23.0,3.0,6.0,-3.0,G2,,13,100T,,10,0,VCT Americas
6260,0,Icebox,Melser,KRÜ,Viper,1.48,256.0,21,14,4,7,82.0,172.0,50.0,4.0,0.0,4.0,KRU,,9,100T,,13,0,VCT Americas
6261,0,Icebox,Shyy,KRÜ,Killjoy,1.0,175.0,16,15,2,1,68.0,140.0,35.0,1.0,0.0,1.0,KRU,,9,100T,,13,0,VCT Americas
6262,0,Icebox,keznit,KRÜ,Jett,0.91,214.0,15,19,5,-4,64.0,140.0,31.0,5.0,3.0,2.0,KRU,,9,100T,,13,0,VCT Americas
6263,0,Icebox,heat,KRÜ,Kayo,0.68,154.0,11,18,9,-7,55.0,98.0,24.0,2.0,3.0,-1.0,KRU,,9,100T,,13,0,VCT Americas
6264,0,Icebox,mta,KRÜ,Sova,0.5,124.0,8,18,9,-10,59.0,101.0,27.0,0.0,4.0,-4.0,KRU,,9,100T,,13,0,VCT Americas
6265,0,Icebox,Cryocells,100T,Jett,1.59,324.0,27,14,4,13,91.0,196.0,20.0,7.0,2.0,5.0,KRU,,9,100T,,13,1,VCT Americas
6266,0,Icebox,Asuna,100T,Gekko,1.24,213.0,16,12,7,4,77.0,144.0,20.0,1.0,1.0,0.0,KRU,,9,100T,,13,1,VCT Americas
6267,0,Icebox,eeiu,100T,Sova,1.23,211.0,18,13,4,5,73.0,120.0,36.0,0.0,1.0,-1.0,KRU,,9,100T,,13,1,VCT Americas
6268,0,Icebox,Boostio,100T,Killjoy,0.75,176.0,12,16,5,-4,77.0,138.0,22.0,1.0,5.0,-4.0,KRU,,9,100T,,13,1,VCT Americas
6269,0,Icebox,bang,100T,Viper,0.69,143.0,11,16,7,-5,77.0,102.0,21.0,1.0,3.0,-2.0,KRU,,9,100T,,13,1,VCT Americas
6270,2,Lotus,Shyy,KRÜ,Killjoy,1.46,300.0,25,17,7,8,88.0,196.0,35.0,2.0,1.0,1.0,KRU,,13,100T,,11,0,VCT Americas
6271,2,Lotus,heat,KRÜ,Fade,1.28,223.0,22,15,3,7,79.0,133.0,20.0,3.0,2.0,1.0,KRU,,13,100T,,11,0,VCT Americas
6272,2,Lotus,mta,KRÜ,Viper,0.95,171.0,15,14,4,1,63.0,109.0,28.0,3.0,1.0,2.0,KRU,,13,100T,,11,0,VCT Americas
6273,2,Lotus,Melser,KRÜ,Omen,0.88,126.0,11,14,7,-3,75.0,91.0,33.0,2.0,2.0,0.0,KRU,,13,100T,,11,0,VCT Americas
6274,2,Lotus,keznit,KRÜ,Raze,0.86,191.0,15,18,8,-3,71.0,145.0,24.0,4.0,5.0,-1.0,KRU,,13,100T,,11,0,VCT Americas
6275,2,Lotus,Boostio,100T,Killjoy,1.08,244.0,20,19,3,1,63.0,171.0,19.0,2.0,2.0,0.0,KRU,,13,100T,,11,0,VCT Americas
6276,2,Lotus,bang,100T,Viper,1.03,238.0,18,19,9,-1,71.0,156.0,27.0,2.0,3.0,-1.0,KRU,,13,100T,,11,0,VCT Americas
6277,2,Lotus,Cryocells,100T,Omen,1.0,190.0,18,16,2,2,58.0,127.0,21.0,1.0,3.0,-2.0,KRU,,13,100T,,11,0,VCT Americas
6278,2,Lotus,eeiu,100T,Fade,0.86,151.0,13,16,9,-3,58.0,99.0,29.0,1.0,0.0,1.0,KRU,,13,100T,,11,0,VCT Americas
6279,2,Lotus,Asuna,100T,Raze,0.53,127.0,8,18,7,-10,67.0,97.0,16.0,4.0,5.0,-1.0,KRU,,13,100T,,11,0,VCT Americas
6280,3,Ascent,Melser,KRÜ,Omen,1.22,219.0,17,15,11,2,67.0,133.0,35.0,2.0,0.0,2.0,KRU,,13,100T,,11,0,VCT Americas
6281,3,Ascent,mta,KRÜ,Sova,1.14,217.0,19,16,7,3,67.0,136.0,32.0,2.0,4.0,-2.0,KRU,,13,100T,,11,0,VCT Americas
6282,3,Ascent,Shyy,KRÜ,Killjoy,1.05,206.0,18,17,5,1,71.0,149.0,26.0,2.0,2.0,0.0,KRU,,13,100T,,11,0,VCT Americas
6283,3,Ascent,keznit,KRÜ,Jett,0.86,199.0,16,18,4,-2,75.0,130.0,39.0,7.0,4.0,3.0,KRU,,13,100T,,11,0,VCT Americas
6284,3,Ascent,heat,KRÜ,Kayo,0.79,157.0,13,18,10,-5,75.0,108.0,18.0,0.0,1.0,-1.0,KRU,,13,100T,,11,0,VCT Americas
6285,3,Ascent,eeiu,100T,Sova,1.2,215.0,17,15,9,2,67.0,147.0,27.0,1.0,1.0,0.0,KRU,,13,100T,,11,0,VCT Americas
6286,3,Ascent,bang,100T,Omen,1.11,211.0,17,16,12,1,83.0,125.0,36.0,0.0,1.0,-1.0,KRU,,13,100T,,11,0,VCT Americas
6287,3,Ascent,Asuna,100T,Kayo,1.03,219.0,17,19,20,-2,71.0,148.0,21.0,1.0,1.0,0.0,KRU,,13,100T,,11,0,VCT Americas
6288,3,Ascent,Cryocells,100T,Jett,0.99,229.0,20,17,3,3,63.0,129.0,19.0,7.0,7.0,0.0,KRU,,13,100T,,11,0,VCT Americas
6289,3,Ascent,Boostio,100T,Killjoy,0.8,159.0,13,16,2,-3,71.0,106.0,26.0,2.0,3.0,-1.0,KRU,,13,100T,,11,0,VCT Americas
6290,0,Icebox,tex,LEV,Killjoy,1.11,243.0,18,15,7,3,81.0,160.0,27.0,3.0,2.0,1.0,LEV,,8,G2,,13,0,VCT Americas
6291,0,Icebox,aspas,LEV,Jett,1.1,230.0,17,14,5,3,71.0,140.0,22.0,3.0,1.0,2.0,LEV,,8,G2,,13,0,VCT Americas
6292,0,Icebox,kiNgg,LEV,Viper,1.01,231.0,17,15,7,2,81.0,144.0,29.0,2.0,1.0,1.0,LEV,,8,G2,,13,0,VCT Americas
6293,0,Icebox,C0M,LEV,Sova,0.81,191.0,13,15,4,-2,71.0,115.0,6.0,3.0,3.0,0.0,LEV,,8,G2,,13,0,VCT Americas
6294,0,Icebox,Mazino,LEV,Harbor,0.59,185.0,13,20,10,-7,67.0,122.0,33.0,2.0,1.0,1.0,LEV,,8,G2,,13,0,VCT Americas
6295,0,Icebox,JonahP,G2,Viper,1.41,314.0,21,16,10,5,81.0,207.0,27.0,2.0,3.0,-1.0,LEV,,8,G2,,13,1,VCT Americas
6296,0,Icebox,icy,G2,Gekko,1.2,185.0,17,14,4,3,76.0,129.0,29.0,0.0,0.0,0.0,LEV,,8,G2,,13,1,VCT Americas
6297,0,Icebox,trent,G2,Sova,1.1,182.0,13,13,6,0,86.0,119.0,25.0,2.0,2.0,0.0,LEV,,8,G2,,13,1,VCT Americas
6298,0,Icebox,valyn,G2,Harbor,0.79,153.0,13,16,4,-3,71.0,98.0,32.0,1.0,4.0,-3.0,LEV,,8,G2,,13,1,VCT Americas
6299,0,Icebox,leaf,G2,Killjoy,0.7,221.0,15,19,5,-4,52.0,135.0,15.0,3.0,4.0,-1.0,LEV,,8,G2,,13,1,VCT Americas
6300,2,Bind,kiNgg,LEV,Viper,1.61,345.0,23,13,5,10,79.0,204.0,27.0,5.0,1.0,4.0,LEV,,6,G2,,13,0,VCT Americas
6301,2,Bind,aspas,LEV,Raze,1.37,294.0,22,13,0,9,84.0,178.0,26.0,3.0,3.0,0.0,LEV,,6,G2,,13,0,VCT Americas
6302,2,Bind,Mazino,LEV,Brimstone,0.72,166.0,10,16,7,-6,58.0,118.0,24.0,1.0,0.0,1.0,LEV,,6,G2,,13,0,VCT Americas
6303,2,Bind,tex,LEV,Gekko,0.54,107.0,7,14,5,-7,68.0,73.0,38.0,1.0,2.0,-1.0,LEV,,6,G2,,13,0,VCT Americas
6304,2,Bind,C0M,LEV,Fade,0.34,85.0,5,16,8,-11,63.0,64.0,32.0,1.0,2.0,-1.0,LEV,,6,G2,,13,0,VCT Americas
6305,2,Bind,valyn,G2,Brimstone,1.36,260.0,18,12,9,6,79.0,161.0,18.0,2.0,1.0,1.0,LEV,,6,G2,,13,1,VCT Americas
6306,2,Bind,JonahP,G2,Skye,1.08,231.0,17,14,6,3,68.0,131.0,28.0,2.0,3.0,-1.0,LEV,,6,G2,,13,1,VCT Americas
6307,2,Bind,icy,G2,Raze,1.05,228.0,15,14,4,1,68.0,153.0,19.0,2.0,2.0,0.0,LEV,,6,G2,,13,1,VCT Americas
6308,2,Bind,leaf,G2,Viper,1.03,191.0,13,13,4,0,74.0,132.0,15.0,2.0,0.0,2.0,LEV,,6,G2,,13,1,VCT Americas
6309,2,Bind,trent,G2,Gekko,0.63,126.0,9,14,6,-5,74.0,87.0,73.0,0.0,5.0,-5.0,LEV,,6,G2,,13,1,VCT Americas
6310,0,Icebox,aspas,LEV,Jett,2.08,362.0,22,6,2,16,81.0,227.0,24.0,5.0,1.0,4.0,LEV,,13,KRU,,3,1,VCT Americas
6311,0,Icebox,tex,LEV,Killjoy,1.61,285.0,17,7,3,10,81.0,193.0,37.0,3.0,0.0,3.0,LEV,,13,KRU,,3,1,VCT Americas
6312,0,Icebox,Mazino,LEV,Harbor,1.29,221.0,14,8,9,6,88.0,141.0,26.0,1.0,1.0,0.0,LEV,,13,KRU,,3,1,VCT Americas
6313,0,Icebox,C0M,LEV,Sova,1.19,134.0,6,6,11,0,100.0,108.0,22.0,2.0,1.0,1.0,LEV,,13,KRU,,3,1,VCT Americas
6314,0,Icebox,kiNgg,LEV,Viper,1.12,168.0,10,7,1,3,88.0,99.0,17.0,2.0,0.0,2.0,LEV,,13,KRU,,3,1,VCT Americas
6315,0,Icebox,Shyy,KRÜ,Killjoy,0.62,170.0,9,14,1,-5,31.0,99.0,19.0,0.0,3.0,-3.0,LEV,,13,KRU,,3,0,VCT Americas
6316,0,Icebox,mta,KRÜ,Sova,0.59,151.0,8,16,0,-8,50.0,105.0,23.0,2.0,2.0,0.0,LEV,,13,KRU,,3,0,VCT Americas
6317,0,Icebox,keznit,KRÜ,Reyna,0.44,111.0,5,13,2,-8,44.0,87.0,17.0,1.0,4.0,-3.0,LEV,,13,KRU,,3,0,VCT Americas
6318,0,Icebox,heat,KRÜ,Gekko,0.41,103.0,6,13,1,-7,50.0,66.0,15.0,0.0,2.0,-2.0,LEV,,13,KRU,,3,0,VCT Americas
6319,0,Icebox,Melser,KRÜ,Viper,0.41,103.0,6,13,2,-7,44.0,70.0,33.0,0.0,2.0,-2.0,LEV,,13,KRU,,3,0,VCT Americas
6320,2,Haven,C0M,LEV,Sova,1.27,273.0,23,18,6,5,79.0,173.0,31.0,3.0,2.0,1.0,LEV,,11,KRU,,13,0,VCT Americas
6321,2,Haven,Mazino,LEV,Breach,1.12,253.0,22,18,8,4,83.0,167.0,26.0,2.0,1.0,1.0,LEV,,11,KRU,,13,0,VCT Americas
6322,2,Haven,kiNgg,LEV,Omen,0.9,198.0,17,18,8,-1,79.0,120.0,19.0,3.0,2.0,1.0,LEV,,11,KRU,,13,0,VCT Americas
6323,2,Haven,aspas,LEV,Neon,0.87,161.0,13,18,8,-5,71.0,126.0,43.0,3.0,3.0,0.0,LEV,,11,KRU,,13,0,VCT Americas
6324,2,Haven,tex,LEV,Cypher,0.78,164.0,12,18,11,-6,63.0,118.0,26.0,2.0,3.0,-1.0,LEV,,11,KRU,,13,0,VCT Americas
6325,2,Haven,Shyy,KRÜ,Cypher,1.35,260.0,20,15,8,5,79.0,171.0,28.0,4.0,0.0,4.0,LEV,,11,KRU,,13,0,VCT Americas
6326,2,Haven,keznit,KRÜ,Neon,1.33,320.0,27,20,4,7,75.0,202.0,20.0,5.0,5.0,0.0,LEV,,11,KRU,,13,0,VCT Americas
6327,2,Haven,heat,KRÜ,Breach,1.09,186.0,16,15,11,1,88.0,114.0,43.0,0.0,2.0,-2.0,LEV,,11,KRU,,13,0,VCT Americas
6328,2,Haven,Melser,KRÜ,Omen,0.93,161.0,13,18,18,-5,83.0,91.0,17.0,0.0,3.0,-3.0,LEV,,11,KRU,,13,0,VCT Americas
6329,2,Haven,mta,KRÜ,Sova,0.66,159.0,14,19,4,-5,75.0,118.0,40.0,2.0,3.0,-1.0,LEV,,11,KRU,,13,0,VCT Americas
6330,3,Sunset,Mazino,LEV,Breach,1.22,283.0,20,17,9,3,70.0,169.0,25.0,2.0,1.0,1.0,LEV,,7,KRU,,13,0,VCT Americas
6331,3,Sunset,C0M,LEV,Sova,0.98,193.0,13,14,8,-1,70.0,121.0,24.0,0.0,4.0,-4.0,LEV,,7,KRU,,13,0,VCT Americas
6332,3,Sunset,tex,LEV,Cypher,0.81,142.0,11,13,2,-2,60.0,100.0,28.0,2.0,2.0,0.0,LEV,,7,KRU,,13,0,VCT Americas
6333,3,Sunset,kiNgg,LEV,Omen,0.7,171.0,10,16,7,-6,75.0,114.0,18.0,3.0,3.0,0.0,LEV,,7,KRU,,13,0,VCT Americas
6334,3,Sunset,aspas,LEV,Neon,0.5,115.0,6,17,5,-11,75.0,82.0,29.0,2.0,1.0,1.0,LEV,,7,KRU,,13,0,VCT Americas
6335,3,Sunset,heat,KRÜ,Breach,1.59,258.0,19,10,12,9,75.0,167.0,32.0,2.0,1.0,1.0,LEV,,7,KRU,,13,0,VCT Americas
6336,3,Sunset,keznit,KRÜ,Neon,1.38,275.0,19,15,8,4,80.0,188.0,17.0,5.0,2.0,3.0,LEV,,7,KRU,,13,0,VCT Americas
6337,3,Sunset,Shyy,KRÜ,Cypher,1.27,223.0,17,11,6,6,75.0,161.0,31.0,1.0,3.0,-2.0,LEV,,7,KRU,,13,0,VCT Americas
6338,3,Sunset,Melser,KRÜ,Omen,0.89,161.0,11,11,8,0,70.0,105.0,40.0,0.0,3.0,-3.0,LEV,,7,KRU,,13,0,VCT Americas
6339,3,Sunset,mta,KRÜ,Sova,0.86,159.0,11,13,3,-2,65.0,121.0,22.0,3.0,0.0,3.0,LEV,,7,KRU,,13,0,VCT Americas
6340,4,Abyss,aspas,LEV,Jett,1.42,294.0,24,14,2,10,87.0,192.0,30.0,8.0,1.0,7.0,LEV,,13,KRU,,10,1,VCT Americas
6341,4,Abyss,Mazino,LEV,Harbor,1.36,259.0,21,15,7,6,96.0,182.0,25.0,2.0,1.0,1.0,LEV,,13,KRU,,10,1,VCT Americas
6342,4,Abyss,kiNgg,LEV,Omen,0.93,172.0,13,15,14,-2,91.0,115.0,34.0,1.0,0.0,1.0,LEV,,13,KRU,,10,1,VCT Americas
6343,4,Abyss,tex,LEV,Cypher,0.93,221.0,19,17,2,2,74.0,138.0,37.0,3.0,2.0,1.0,LEV,,13,KRU,,10,1,VCT Americas
6344,4,Abyss,C0M,LEV,Sova,0.9,169.0,13,15,4,-2,78.0,121.0,14.0,2.0,3.0,-1.0,LEV,,13,KRU,,10,1,VCT Americas
6345,4,Abyss,Shyy,KRÜ,Cypher,1.43,247.0,22,15,4,7,70.0,167.0,46.0,1.0,3.0,-2.0,LEV,,13,KRU,,10,0,VCT Americas
6346,4,Abyss,mta,KRÜ,Sova,1.22,261.0,21,17,5,4,70.0,170.0,43.0,2.0,3.0,-1.0,LEV,,13,KRU,,10,0,VCT Americas
6347,4,Abyss,heat,KRÜ,Kayo,0.69,169.0,13,21,10,-8,65.0,117.0,22.0,1.0,3.0,-2.0,LEV,,13,KRU,,10,0,VCT Americas
6348,4,Abyss,keznit,KRÜ,Jett,0.64,143.0,12,19,2,-7,57.0,97.0,19.0,1.0,5.0,-4.0,LEV,,13,KRU,,10,0,VCT Americas
6349,4,Abyss,Melser,KRÜ,Omen,0.44,110.0,7,19,10,-12,57.0,79.0,31.0,2.0,2.0,0.0,LEV,,13,KRU,,10,0,VCT Americas
6350,5,Ascent,aspas,LEV,Jett,1.45,320.0,25,15,4,10,70.0,211.0,29.0,6.0,1.0,5.0,LEV,,13,KRU,,10,1,VCT Americas
6351,5,Ascent,Mazino,LEV,Deadlock,1.27,268.0,22,18,15,4,91.0,157.0,38.0,3.0,2.0,1.0,LEV,,13,KRU,,10,1,VCT Americas
6352,5,Ascent,kiNgg,LEV,Omen,1.12,193.0,18,15,8,3,78.0,138.0,24.0,2.0,3.0,-1.0,LEV,,13,KRU,,10,1,VCT Americas
6353,5,Ascent,tex,LEV,Cypher,1.1,192.0,16,13,4,3,74.0,130.0,32.0,2.0,3.0,-1.0,LEV,,13,KRU,,10,1,VCT Americas
6354,5,Ascent,C0M,LEV,Sova,0.94,160.0,11,13,4,-2,78.0,114.0,7.0,0.0,1.0,-1.0,LEV,,13,KRU,,10,1,VCT Americas
6355,5,Ascent,Melser,KRÜ,Omen,0.95,178.0,13,17,8,-4,57.0,111.0,35.0,2.0,1.0,1.0,LEV,,13,KRU,,10,0,VCT Americas
6356,5,Ascent,Shyy,KRÜ,Killjoy,0.93,223.0,18,19,6,-1,61.0,153.0,19.0,0.0,3.0,-3.0,LEV,,13,KRU,,10,0,VCT Americas
6357,5,Ascent,keznit,KRÜ,Jett,0.89,203.0,18,18,3,0,70.0,120.0,18.0,3.0,3.0,0.0,LEV,,13,KRU,,10,0,VCT Americas
6358,5,Ascent,heat,KRÜ,Kayo,0.72,188.0,15,19,8,-4,65.0,106.0,27.0,5.0,5.0,0.0,LEV,,13,KRU,,10,0,VCT Americas
6359,5,Ascent,mta,KRÜ,Sova,0.52,135.0,10,19,3,-9,61.0,97.0,23.0,0.0,1.0,-1.0,LEV,,13,KRU,,10,0,VCT Americas
6360,0,Lotus,valyn,G2,Omen,1.24,222.0,23,19,15,4,75.0,135.0,26.0,1.0,3.0,-2.0,G2,,13,LEV,,15,0,VCT Americas
6361,0,Lotus,leaf,G2,Killjoy,0.92,202.0,16,21,6,-5,68.0,138.0,16.0,3.0,3.0,0.0,G2,,13,LEV,,15,0,VCT Americas
6362,0,Lotus,icy,G2,Raze,0.78,171.0,16,22,6,-6,61.0,124.0,15.0,6.0,6.0,0.0,G2,,13,LEV,,15,0,VCT Americas
6363,0,Lotus,JonahP,G2,Viper,0.68,157.0,15,24,4,-9,54.0,98.0,18.0,0.0,2.0,-2.0,G2,,13,LEV,,15,0,VCT Americas
6364,0,Lotus,trent,G2,Fade,0.61,148.0,12,22,15,-10,75.0,98.0,14.0,1.0,3.0,-2.0,G2,,13,LEV,,15,0,VCT Americas
6365,0,Lotus,Mazino,LEV,Breach,1.74,325.0,34,15,13,19,86.0,201.0,33.0,4.0,1.0,3.0,G2,,13,LEV,,15,1,VCT Americas
6366,0,Lotus,aspas,LEV,Neon,1.42,303.0,27,18,10,9,82.0,203.0,17.0,5.0,3.0,2.0,G2,,13,LEV,,15,1,VCT Americas
6367,0,Lotus,tex,LEV,Cypher,0.96,181.0,19,18,3,1,75.0,127.0,39.0,2.0,2.0,0.0,G2,,13,LEV,,15,1,VCT Americas
6368,0,Lotus,kiNgg,LEV,Omen,0.94,149.0,13,16,19,-3,71.0,96.0,33.0,4.0,3.0,1.0,G2,,13,LEV,,15,1,VCT Americas
6369,0,Lotus,C0M,LEV,Fade,0.93,147.0,15,15,12,0,86.0,95.0,16.0,2.0,2.0,0.0,G2,,13,LEV,,15,1,VCT Americas
6370,2,Haven,leaf,G2,Killjoy,1.16,234.0,24,24,9,0,70.0,148.0,16.0,4.0,3.0,1.0,G2,,14,LEV,,16,0,VCT Americas
6371,2,Haven,JonahP,G2,Breach,1.15,215.0,23,21,18,2,77.0,140.0,18.0,0.0,0.0,0.0,G2,,14,LEV,,16,0,VCT Americas
6372,2,Haven,trent,G2,Sova,0.95,180.0,20,20,9,0,70.0,125.0,27.0,0.0,1.0,-1.0,G2,,14,LEV,,16,0,VCT Americas
6373,2,Haven,valyn,G2,Omen,0.81,147.0,15,24,19,-9,73.0,77.0,13.0,5.0,6.0,-1.0,G2,,14,LEV,,16,0,VCT Americas
6374,2,Haven,icy,G2,Jett,0.74,192.0,18,24,6,-6,63.0,133.0,27.0,3.0,8.0,-5.0,G2,,14,LEV,,16,0,VCT Americas
6375,2,Haven,C0M,LEV,Sova,1.43,270.0,28,17,10,11,90.0,180.0,26.0,4.0,0.0,4.0,G2,,14,LEV,,16,1,VCT Americas
6376,2,Haven,tex,LEV,Cypher,1.18,206.0,23,18,8,5,73.0,153.0,43.0,3.0,2.0,1.0,G2,,14,LEV,,16,1,VCT Americas
6377,2,Haven,Mazino,LEV,Breach,1.14,230.0,23,22,19,1,80.0,161.0,32.0,2.0,1.0,1.0,G2,,14,LEV,,16,1,VCT Americas
6378,2,Haven,kiNgg,LEV,Omen,1.0,172.0,19,19,18,0,77.0,106.0,28.0,3.0,2.0,1.0,G2,,14,LEV,,16,1,VCT Americas
6379,2,Haven,aspas,LEV,Neon,0.76,186.0,20,24,10,-4,70.0,113.0,15.0,6.0,7.0,-1.0,G2,,14,LEV,,16,1,VCT Americas
6380,3,Bind,leaf,G2,Viper,1.72,326.0,25,14,12,11,86.0,232.0,22.0,3.0,1.0,2.0,G2,,13,LEV,,9,1,VCT Americas
6381,3,Bind,JonahP,G2,Skye,1.28,216.0,18,13,6,5,64.0,152.0,31.0,1.0,3.0,-2.0,G2,,13,LEV,,9,1,VCT Americas
6382,3,Bind,icy,G2,Raze,1.22,257.0,21,15,4,6,86.0,165.0,22.0,5.0,2.0,3.0,G2,,13,LEV,,9,1,VCT Americas
6383,3,Bind,trent,G2,Gekko,0.75,125.0,9,16,11,-7,68.0,82.0,23.0,2.0,0.0,2.0,G2,,13,LEV,,9,1,VCT Americas
6384,3,Bind,valyn,G2,Brimstone,0.52,158.0,12,19,6,-7,82.0,98.0,24.0,2.0,3.0,-1.0,G2,,13,LEV,,9,1,VCT Americas
6385,3,Bind,Mazino,LEV,Brimstone,1.21,272.0,18,17,8,1,82.0,185.0,29.0,4.0,1.0,3.0,G2,,13,LEV,,9,0,VCT Americas
6386,3,Bind,C0M,LEV,Fade,1.0,203.0,15,16,9,-1,77.0,148.0,22.0,1.0,2.0,-1.0,G2,,13,LEV,,9,0,VCT Americas
6387,3,Bind,kiNgg,LEV,Viper,0.85,202.0,18,19,3,-1,77.0,117.0,16.0,1.0,2.0,-1.0,G2,,13,LEV,,9,0,VCT Americas
6388,3,Bind,tex,LEV,Gekko,0.85,181.0,14,17,7,-3,77.0,119.0,26.0,0.0,2.0,-2.0,G2,,13,LEV,,9,0,VCT Americas
6389,3,Bind,aspas,LEV,Raze,0.73,138.0,12,16,1,-4,50.0,92.0,29.0,3.0,6.0,-3.0,G2,,13,LEV,,9,0,VCT Americas
6390,4,Ascent,valyn,G2,Omen,1.19,286.0,15,15,3,0,65.0,170.0,22.0,5.0,0.0,5.0,G2,,4,LEV,,13,0,VCT Americas
6391,4,Ascent,icy,G2,Jett,0.49,81.0,5,14,4,-9,47.0,67.0,17.0,0.0,2.0,-2.0,G2,,4,LEV,,13,0,VCT Americas
6392,4,Ascent,JonahP,G2,Kayo,0.39,112.0,6,16,6,-10,47.0,78.0,15.0,1.0,2.0,-1.0,G2,,4,LEV,,13,0,VCT Americas
6393,4,Ascent,leaf,G2,Killjoy,0.37,71.0,5,15,1,-10,47.0,41.0,21.0,1.0,3.0,-2.0,G2,,4,LEV,,13,0,VCT Americas
6394,4,Ascent,trent,G2,Sova,0.35,125.0,4,16,6,-12,47.0,99.0,19.0,1.0,2.0,-1.0,G2,,4,LEV,,13,0,VCT Americas
6395,4,Ascent,aspas,LEV,Jett,1.89,330.0,22,7,1,15,88.0,205.0,14.0,5.0,1.0,4.0,G2,,4,LEV,,13,1,VCT Americas
6396,4,Ascent,kiNgg,LEV,Omen,1.66,237.0,15,5,7,10,100.0,152.0,26.0,2.0,0.0,2.0,G2,,4,LEV,,13,1,VCT Americas
6397,4,Ascent,tex,LEV,Cypher,1.31,201.0,13,5,3,8,88.0,117.0,16.0,0.0,2.0,-2.0,G2,,4,LEV,,13,1,VCT Americas
6398,4,Ascent,C0M,LEV,Sova,1.13,186.0,11,8,6,3,82.0,123.0,21.0,0.0,1.0,-1.0,G2,,4,LEV,,13,1,VCT Americas
6399,4,Ascent,Mazino,LEV,Deadlock,1.01,216.0,15,10,3,5,65.0,119.0,44.0,2.0,4.0,-2.0,G2,,4,LEV,,13,1,VCT Americas
6400,0,Fracture,zekken,SEN,Raze,1.35,321.0,25,17,6,8,79.0,213.0,20.0,4.0,5.0,-1.0,SEN,,13,100T,,11,1,VCT Americas
6401,0,Fracture,TenZ,SEN,Jett,1.33,277.0,25,15,3,10,75.0,170.0,21.0,4.0,3.0,1.0,SEN,,13,100T,,11,1,VCT Americas
6402,0,Fracture,Sacy,SEN,Brimstone,1.1,217.0,17,17,13,0,79.0,155.0,26.0,2.0,1.0,1.0,SEN,,13,100T,,11,1,VCT Americas
6403,0,Fracture,pANcada,SEN,Killjoy,0.86,134.0,11,13,4,-2,75.0,102.0,17.0,0.0,3.0,-3.0,SEN,,13,100T,,11,1,VCT Americas
6404,0,Fracture,dephh,SEN,Breach,0.82,128.0,11,15,11,-4,79.0,94.0,27.0,0.0,2.0,-2.0,SEN,,13,100T,,11,1,VCT Americas
6405,0,Fracture,Asuna,100T,Skye,1.32,229.0,19,16,11,3,75.0,148.0,26.0,4.0,0.0,4.0,SEN,,13,100T,,11,0,VCT Americas
6406,0,Fracture,stellar,100T,Killjoy,0.97,201.0,17,19,5,-2,75.0,130.0,27.0,2.0,1.0,1.0,SEN,,13,100T,,11,0,VCT Americas
6407,0,Fracture,bang,100T,Brimstone,0.89,179.0,16,19,7,-3,79.0,111.0,36.0,1.0,1.0,0.0,SEN,,13,100T,,11,0,VCT Americas
6408,0,Fracture,Derrek,100T,Breach,0.77,125.0,12,15,10,-3,67.0,81.0,44.0,1.0,3.0,-2.0,SEN,,13,100T,,11,0,VCT Americas
6409,0,Fracture,Cryocells,100T,Jett,0.56,160.0,13,20,3,-7,58.0,113.0,22.0,6.0,5.0,1.0,SEN,,13,100T,,11,0,VCT Americas
6410,2,Split,Sacy,SEN,Sage,1.32,268.0,23,16,9,7,81.0,181.0,37.0,2.0,2.0,0.0,SEN,,12,100T,,14,0,VCT Americas
6411,2,Split,zekken,SEN,Skye,1.32,259.0,23,17,12,6,77.0,174.0,24.0,2.0,2.0,0.0,SEN,,12,100T,,14,0,VCT Americas
6412,2,Split,pANcada,SEN,Viper,0.89,194.0,17,19,6,-2,65.0,123.0,29.0,0.0,3.0,-3.0,SEN,,12,100T,,14,0,VCT Americas
6413,2,Split,TenZ,SEN,Jett,0.83,242.0,20,21,5,-1,65.0,162.0,20.0,4.0,7.0,-3.0,SEN,,12,100T,,14,0,VCT Americas
6414,2,Split,dephh,SEN,Astra,0.76,131.0,11,16,11,-5,65.0,99.0,22.0,1.0,3.0,-2.0,SEN,,12,100T,,14,0,VCT Americas
6415,2,Split,Asuna,100T,Raze,1.38,334.0,26,21,10,5,77.0,220.0,16.0,7.0,3.0,4.0,SEN,,12,100T,,14,1,VCT Americas
6416,2,Split,Derrek,100T,Skye,1.2,205.0,19,17,11,2,69.0,127.0,25.0,3.0,0.0,3.0,SEN,,12,100T,,14,1,VCT Americas
6417,2,Split,Cryocells,100T,Sage,1.01,176.0,16,19,12,-3,81.0,124.0,16.0,4.0,2.0,2.0,SEN,,12,100T,,14,1,VCT Americas
6418,2,Split,stellar,100T,Cypher,0.94,155.0,15,18,7,-3,73.0,96.0,18.0,3.0,1.0,2.0,SEN,,12,100T,,14,1,VCT Americas
6419,2,Split,bang,100T,Astra,0.66,130.0,13,19,6,-6,58.0,77.0,26.0,0.0,3.0,-3.0,SEN,,12,100T,,14,1,VCT Americas
6420,3,Ascent,pANcada,SEN,Killjoy,1.37,232.0,22,16,7,6,77.0,162.0,27.0,0.0,2.0,-2.0,SEN,,14,100T,,12,1,VCT Americas
6421,3,Ascent,TenZ,SEN,Jett,1.34,239.0,23,14,3,9,81.0,140.0,9.0,5.0,5.0,0.0,SEN,,14,100T,,12,1,VCT Americas
6422,3,Ascent,zekken,SEN,Sova,1.1,172.0,14,13,10,1,73.0,114.0,26.0,1.0,5.0,-4.0,SEN,,14,100T,,12,1,VCT Americas
6423,3,Ascent,Sacy,SEN,Omen,1.08,184.0,17,16,18,1,73.0,111.0,29.0,2.0,0.0,2.0,SEN,,14,100T,,12,1,VCT Americas
6424,3,Ascent,dephh,SEN,Kayo,1.06,221.0,21,19,13,2,73.0,144.0,28.0,3.0,3.0,0.0,SEN,,14,100T,,12,1,VCT Americas
6425,3,Ascent,bang,100T,Omen,1.03,226.0,20,20,9,0,58.0,149.0,35.0,3.0,3.0,0.0,SEN,,14,100T,,12,0,VCT Americas
6426,3,Ascent,Asuna,100T,Kayo,0.93,191.0,15,19,15,-4,69.0,130.0,11.0,3.0,2.0,1.0,SEN,,14,100T,,12,0,VCT Americas
6427,3,Ascent,Cryocells,100T,Jett,0.82,168.0,18,19,2,-1,54.0,108.0,21.0,4.0,3.0,1.0,SEN,,14,100T,,12,0,VCT Americas
6428,3,Ascent,Derrek,100T,Sova,0.78,164.0,13,20,6,-7,65.0,112.0,25.0,2.0,1.0,1.0,SEN,,14,100T,,12,0,VCT Americas
6429,3,Ascent,stellar,100T,Viper,0.65,138.0,12,19,4,-7,69.0,92.0,24.0,3.0,2.0,1.0,SEN,,14,100T,,12,0,VCT Americas
6430,0,Split,Klaus,KRÜ,Skye,1.08,202.0,17,17,13,0,75.0,111.0,11.0,1.0,1.0,0.0,KRU,,11,FUR,,13,0,VCT Americas
6431,0,Split,keznit,KRÜ,Jett,1.06,235.0,20,16,4,4,67.0,165.0,21.0,1.0,2.0,-1.0,KRU,,11,FUR,,13,0,VCT Americas
6432,0,Split,DaveeyS,KRÜ,Raze,0.96,204.0,15,17,5,-2,75.0,134.0,16.0,6.0,2.0,4.0,KRU,,11,FUR,,13,0,VCT Americas
6433,0,Split,NagZ,KRÜ,Viper,0.95,184.0,13,16,7,-3,71.0,130.0,14.0,4.0,3.0,1.0,KRU,,11,FUR,,13,0,VCT Americas
6434,0,Split,Melser,KRÜ,Astra,0.76,146.0,11,15,9,-4,75.0,94.0,35.0,1.0,3.0,-2.0,KRU,,11,FUR,,13,0,VCT Americas
6435,0,Split,Khalil,FUR,Astra,1.38,192.0,18,10,6,8,88.0,120.0,35.0,0.0,0.0,0.0,KRU,,11,FUR,,13,1,VCT Americas
6436,0,Split,mazin,FUR,Skye,1.08,161.0,14,14,13,0,67.0,108.0,34.0,2.0,2.0,0.0,KRU,,11,FUR,,13,1,VCT Americas
6437,0,Split,dgzin,FUR,Chamber,0.96,187.0,16,15,2,1,58.0,119.0,25.0,3.0,5.0,-2.0,KRU,,11,FUR,,13,1,VCT Americas
6438,0,Split,mwzera,FUR,Raze,0.93,232.0,18,20,6,-2,58.0,150.0,10.0,3.0,6.0,-3.0,KRU,,11,FUR,,13,1,VCT Americas
6439,0,Split,qck,FUR,Viper,0.93,183.0,15,17,6,-2,75.0,107.0,21.0,3.0,0.0,3.0,KRU,,11,FUR,,13,1,VCT Americas
6440,2,Ascent,DaveeyS,KRÜ,Kayo,1.25,225.0,12,13,17,-1,83.0,145.0,26.0,0.0,1.0,-1.0,KRU,,5,FUR,,13,0,VCT Americas
6441,2,Ascent,NagZ,KRÜ,Killjoy,1.06,250.0,15,16,4,-1,67.0,157.0,27.0,2.0,1.0,1.0,KRU,,5,FUR,,13,0,VCT Americas
6442,2,Ascent,Melser,KRÜ,Omen,0.9,243.0,14,16,4,-2,67.0,158.0,23.0,2.0,0.0,2.0,KRU,,5,FUR,,13,0,VCT Americas
6443,2,Ascent,keznit,KRÜ,Jett,0.67,169.0,11,15,1,-4,56.0,121.0,20.0,3.0,4.0,-1.0,KRU,,5,FUR,,13,0,VCT Americas
6444,2,Ascent,Klaus,KRÜ,Sova,0.05,47.0,3,17,5,-14,50.0,24.0,0.0,2.0,3.0,-1.0,KRU,,5,FUR,,13,0,VCT Americas
6445,2,Ascent,Khalil,FUR,Omen,1.68,268.0,18,9,7,9,89.0,180.0,39.0,0.0,1.0,-1.0,KRU,,5,FUR,,13,1,VCT Americas
6446,2,Ascent,mwzera,FUR,Sova,1.29,230.0,16,10,5,6,94.0,158.0,24.0,1.0,0.0,1.0,KRU,,5,FUR,,13,1,VCT Americas
6447,2,Ascent,qck,FUR,Killjoy,1.21,235.0,16,11,5,5,78.0,176.0,30.0,1.0,2.0,-1.0,KRU,,5,FUR,,13,1,VCT Americas
6448,2,Ascent,mazin,FUR,Kayo,1.09,199.0,13,11,7,2,83.0,130.0,35.0,1.0,3.0,-2.0,KRU,,5,FUR,,13,1,VCT Americas
6449,2,Ascent,dgzin,FUR,Jett,1.09,246.0,14,14,5,0,78.0,157.0,22.0,6.0,3.0,3.0,KRU,,5,FUR,,13,1,VCT Americas
6450,0,Split,Less,LOUD,Viper,1.55,305.0,20,8,4,12,83.0,219.0,21.0,1.0,0.0,1.0,LOUD,,13,MIBR,,5,1,VCT Americas
6451,0,Split,aspas,LOUD,Jett,1.49,225.0,16,7,5,9,89.0,140.0,12.0,6.0,0.0,6.0,LOUD,,13,MIBR,,5,1,VCT Americas
6452,0,Split,saadhak,LOUD,Gekko,1.37,271.0,15,10,9,5,83.0,164.0,14.0,5.0,0.0,5.0,LOUD,,13,MIBR,,5,1,VCT Americas
6453,0,Split,tuyz,LOUD,Astra,0.99,117.0,9,7,6,2,78.0,79.0,17.0,1.0,1.0,0.0,LOUD,,13,MIBR,,5,1,VCT Americas
6454,0,Split,cauanzin,LOUD,Skye,0.99,215.0,14,11,7,3,72.0,118.0,9.0,2.0,2.0,0.0,LOUD,,13,MIBR,,5,1,VCT Americas
6455,0,Split,jzz,MIBR,Skye,1.07,222.0,12,15,4,-3,61.0,143.0,28.0,1.0,3.0,-2.0,LOUD,,13,MIBR,,5,0,VCT Americas
6456,0,Split,heat,MIBR,Jett,0.97,218.0,13,15,0,-2,67.0,131.0,32.0,2.0,5.0,-3.0,LOUD,,13,MIBR,,5,0,VCT Americas
6457,0,Split,RgLMeister,MIBR,Astra,0.91,150.0,9,13,4,-4,61.0,103.0,28.0,0.0,0.0,0.0,LOUD,,13,MIBR,,5,0,VCT Americas
6458,0,Split,murizzz,MIBR,Viper,0.47,124.0,7,15,3,-8,33.0,84.0,20.0,0.0,3.0,-3.0,LOUD,,13,MIBR,,5,0,VCT Americas
6459,0,Split,frz,MIBR,Kayo,0.16,48.0,2,16,5,-14,50.0,35.0,13.0,0.0,4.0,-4.0,LOUD,,13,MIBR,,5,0,VCT Americas
6460,2,Lotus,aspas,LOUD,Jett,1.35,316.0,26,17,5,9,79.0,191.0,33.0,6.0,4.0,2.0,LOUD,,11,MIBR,,13,0,VCT Americas
6461,2,Lotus,Less,LOUD,Viper,1.28,225.0,20,13,8,7,75.0,140.0,28.0,1.0,0.0,1.0,LOUD,,11,MIBR,,13,0,VCT Americas
6462,2,Lotus,cauanzin,LOUD,Skye,1.04,229.0,17,19,16,-2,75.0,153.0,18.0,2.0,5.0,-3.0,LOUD,,11,MIBR,,13,0,VCT Americas
6463,2,Lotus,tuyz,LOUD,Harbor,0.93,183.0,14,17,14,-3,79.0,123.0,18.0,2.0,0.0,2.0,LOUD,,11,MIBR,,13,0,VCT Americas
6464,2,Lotus,saadhak,LOUD,Gekko,0.54,139.0,10,20,17,-10,63.0,78.0,26.0,1.0,3.0,-2.0,LOUD,,11,MIBR,,13,0,VCT Americas
6465,2,Lotus,RgLMeister,MIBR,Omen,1.34,272.0,22,20,16,2,71.0,183.0,22.0,2.0,1.0,1.0,LOUD,,11,MIBR,,13,1,VCT Americas
6466,2,Lotus,murizzz,MIBR,Viper,1.11,212.0,17,17,15,0,71.0,125.0,17.0,3.0,1.0,2.0,LOUD,,11,MIBR,,13,1,VCT Americas
6467,2,Lotus,jzz,MIBR,Skye,1.03,201.0,16,17,14,-1,79.0,122.0,30.0,2.0,2.0,0.0,LOUD,,11,MIBR,,13,1,VCT Americas
6468,2,Lotus,heat,MIBR,Raze,0.96,205.0,17,18,2,-1,67.0,148.0,23.0,2.0,4.0,-2.0,LOUD,,11,MIBR,,13,1,VCT Americas
6469,2,Lotus,frz,MIBR,Killjoy,0.91,164.0,14,15,3,-1,67.0,113.0,33.0,3.0,4.0,-1.0,LOUD,,11,MIBR,,13,1,VCT Americas
6470,3,Haven,cauanzin,LOUD,Skye,1.37,253.0,21,15,15,6,83.0,149.0,23.0,3.0,2.0,1.0,LOUD,,13,MIBR,,11,1,VCT Americas
6471,3,Haven,aspas,LOUD,Jett,1.36,262.0,24,14,7,10,88.0,165.0,20.0,3.0,4.0,-1.0,LOUD,,13,MIBR,,11,1,VCT Americas
6472,3,Haven,tuyz,LOUD,Harbor,1.28,205.0,18,13,14,5,88.0,142.0,32.0,0.0,2.0,-2.0,LOUD,,13,MIBR,,11,1,VCT Americas
6473,3,Haven,Less,LOUD,Killjoy,0.62,109.0,9,16,1,-7,67.0,101.0,13.0,0.0,2.0,-2.0,LOUD,,13,MIBR,,11,1,VCT Americas
6474,3,Haven,saadhak,LOUD,Viper,0.59,172.0,13,18,5,-5,67.0,101.0,30.0,4.0,4.0,0.0,LOUD,,13,MIBR,,11,1,VCT Americas
6475,3,Haven,RgLMeister,MIBR,Omen,1.11,215.0,18,17,9,1,79.0,133.0,14.0,2.0,0.0,2.0,LOUD,,13,MIBR,,11,0,VCT Americas
6476,3,Haven,jzz,MIBR,Fade,1.03,162.0,14,15,6,-1,71.0,108.0,30.0,1.0,2.0,-1.0,LOUD,,13,MIBR,,11,0,VCT Americas
6477,3,Haven,frz,MIBR,Killjoy,0.94,201.0,14,17,5,-3,67.0,155.0,17.0,4.0,3.0,1.0,LOUD,,13,MIBR,,11,0,VCT Americas
6478,3,Haven,heat,MIBR,Raze,0.92,235.0,19,19,6,0,67.0,167.0,34.0,6.0,4.0,2.0,LOUD,,13,MIBR,,11,0,VCT Americas
6479,3,Haven,murizzz,MIBR,Breach,0.8,133.0,11,17,11,-6,67.0,83.0,16.0,1.0,1.0,0.0,LOUD,,13,MIBR,,11,0,VCT Americas
6480,0,Pearl,BcJ,EG,Astra,1.29,206.0,18,14,13,4,75.0,126.0,13.0,2.0,0.0,2.0,EG,,11,C9,,13,0,VCT Americas
6481,0,Pearl,jawgemo,EG,Harbor,0.98,271.0,17,21,12,-4,79.0,186.0,25.0,4.0,3.0,1.0,EG,,11,C9,,13,0,VCT Americas
6482,0,Pearl,C0M,EG,Gekko,0.96,166.0,16,18,9,-2,67.0,124.0,29.0,1.0,4.0,-3.0,EG,,11,C9,,13,0,VCT Americas
6483,0,Pearl,Boostio,EG,Killjoy,0.91,216.0,16,18,4,-2,67.0,149.0,30.0,5.0,3.0,2.0,EG,,11,C9,,13,0,VCT Americas
6484,0,Pearl,Ethan,EG,Skye,0.84,173.0,14,18,8,-4,58.0,113.0,16.0,0.0,2.0,-2.0,EG,,11,C9,,13,0,VCT Americas
6485,0,Pearl,Zellsis,C9,Phoenix,1.36,285.0,22,16,13,6,79.0,186.0,20.0,3.0,4.0,-1.0,EG,,11,C9,,13,1,VCT Americas
6486,0,Pearl,jakee,C9,Astra,1.13,217.0,19,16,7,3,83.0,147.0,24.0,1.0,2.0,-1.0,EG,,11,C9,,13,1,VCT Americas
6487,0,Pearl,runi,C9,Sage,1.03,151.0,15,14,7,1,79.0,86.0,17.0,2.0,2.0,0.0,EG,,11,C9,,13,1,VCT Americas
6488,0,Pearl,Xeppaa,C9,Skye,1.01,202.0,16,18,13,-2,63.0,128.0,25.0,2.0,2.0,0.0,EG,,11,C9,,13,1,VCT Americas
6489,0,Pearl,leaf,C9,Killjoy,0.95,236.0,17,18,5,-1,83.0,170.0,14.0,4.0,2.0,2.0,EG,,11,C9,,13,1,VCT Americas
6490,2,Fracture,C0M,EG,Sova,1.39,260.0,18,15,9,3,82.0,191.0,31.0,0.0,1.0,-1.0,EG,,9,C9,,13,0,VCT Americas
6491,2,Fracture,Boostio,EG,Killjoy,1.17,235.0,19,15,5,4,64.0,152.0,16.0,3.0,6.0,-3.0,EG,,9,C9,,13,0,VCT Americas
6492,2,Fracture,jawgemo,EG,Raze,1.02,231.0,17,18,6,-1,77.0,162.0,17.0,2.0,4.0,-2.0,EG,,9,C9,,13,0,VCT Americas
6493,2,Fracture,Ethan,EG,Breach,0.94,184.0,16,17,7,-1,77.0,116.0,30.0,2.0,0.0,2.0,EG,,9,C9,,13,0,VCT Americas
6494,2,Fracture,BcJ,EG,Brimstone,0.78,166.0,12,19,13,-7,68.0,101.0,24.0,2.0,2.0,0.0,EG,,9,C9,,13,0,VCT Americas
6495,2,Fracture,leaf,C9,Skye,1.53,304.0,26,15,12,11,77.0,193.0,30.0,1.0,1.0,0.0,EG,,9,C9,,13,1,VCT Americas
6496,2,Fracture,runi,C9,Breach,1.23,236.0,18,16,14,2,86.0,154.0,15.0,3.0,3.0,0.0,EG,,9,C9,,13,1,VCT Americas
6497,2,Fracture,Xeppaa,C9,Raze,1.04,248.0,20,16,3,4,73.0,162.0,18.0,6.0,3.0,3.0,EG,,9,C9,,13,1,VCT Americas
6498,2,Fracture,Zellsis,C9,Killjoy,0.74,120.0,9,15,6,-6,64.0,85.0,11.0,1.0,1.0,0.0,EG,,9,C9,,13,1,VCT Americas
6499,2,Fracture,jakee,C9,Brimstone,0.62,179.0,11,20,11,-9,68.0,123.0,19.0,2.0,1.0,1.0,EG,,9,C9,,13,1,VCT Americas
6500,0,Pearl,kiNgg,LEV,Viper,1.55,240.0,19,11,11,8,79.0,161.0,43.0,3.0,4.0,-1.0,LEV,,13,NRG,,11,1,VCT Americas
6501,0,Pearl,Mazino,LEV,Harbor,1.25,222.0,20,16,10,4,79.0,146.0,33.0,3.0,0.0,3.0,LEV,,13,NRG,,11,1,VCT Americas
6502,0,Pearl,Shyy,LEV,Killjoy,1.13,187.0,16,14,5,2,71.0,133.0,16.0,2.0,1.0,1.0,LEV,,13,NRG,,11,1,VCT Americas
6503,0,Pearl,nzr,LEV,Skye,0.95,154.0,13,16,13,-3,67.0,102.0,14.0,0.0,2.0,-2.0,LEV,,13,NRG,,11,1,VCT Americas
6504,0,Pearl,Tacolilla,LEV,Jett,0.41,109.0,9,18,1,-9,46.0,69.0,13.0,3.0,5.0,-2.0,LEV,,13,NRG,,11,1,VCT Americas
6505,0,Pearl,Victor,NRG,Viper,1.23,217.0,18,13,2,5,79.0,157.0,24.0,2.0,0.0,2.0,LEV,,13,NRG,,11,0,VCT Americas
6506,0,Pearl,FiNESSE,NRG,Skye,0.97,187.0,15,15,8,0,79.0,123.0,26.0,1.0,1.0,0.0,LEV,,13,NRG,,11,0,VCT Americas
6507,0,Pearl,s0m,NRG,Harbor,0.9,179.0,15,17,8,-2,79.0,114.0,36.0,2.0,6.0,-4.0,LEV,,13,NRG,,11,0,VCT Americas
6508,0,Pearl,ardiis,NRG,Raze,0.88,186.0,14,16,1,-2,67.0,136.0,13.0,5.0,2.0,3.0,LEV,,13,NRG,,11,0,VCT Americas
6509,0,Pearl,crashies,NRG,Killjoy,0.64,157.0,13,17,2,-4,67.0,102.0,15.0,3.0,3.0,0.0,LEV,,13,NRG,,11,0,VCT Americas
6510,2,Lotus,nzr,LEV,Skye,1.49,215.0,16,7,10,9,94.0,111.0,18.0,3.0,0.0,3.0,LEV,,13,NRG,,4,1,VCT Americas
6511,2,Lotus,Tacolilla,LEV,Jett,1.49,280.0,19,9,4,10,94.0,141.0,18.0,4.0,0.0,4.0,LEV,,13,NRG,,4,1,VCT Americas
6512,2,Lotus,kiNgg,LEV,Viper,1.47,233.0,16,7,7,9,88.0,147.0,17.0,0.0,1.0,-1.0,LEV,,13,NRG,,4,1,VCT Americas
6513,2,Lotus,Mazino,LEV,Omen,1.03,217.0,12,12,9,0,88.0,143.0,15.0,5.0,2.0,3.0,LEV,,13,NRG,,4,1,VCT Americas
6514,2,Lotus,Shyy,LEV,Killjoy,0.88,171.0,9,12,6,-3,76.0,140.0,19.0,2.0,0.0,2.0,LEV,,13,NRG,,4,1,VCT Americas
6515,2,Lotus,Victor,NRG,Killjoy,1.25,283.0,18,14,0,4,71.0,162.0,31.0,1.0,2.0,-1.0,LEV,,13,NRG,,4,0,VCT Americas
6516,2,Lotus,s0m,NRG,Omen,0.89,223.0,13,15,6,-2,71.0,153.0,30.0,1.0,4.0,-3.0,LEV,,13,NRG,,4,0,VCT Americas
6517,2,Lotus,FiNESSE,NRG,Breach,0.69,126.0,6,13,4,-7,53.0,94.0,23.0,0.0,1.0,-1.0,LEV,,13,NRG,,4,0,VCT Americas
6518,2,Lotus,crashies,NRG,Skye,0.58,109.0,4,14,9,-10,59.0,83.0,18.0,1.0,3.0,-2.0,LEV,,13,NRG,,4,0,VCT Americas
6519,2,Lotus,ardiis,NRG,Raze,0.47,145.0,6,16,7,-10,76.0,116.0,15.0,0.0,4.0,-4.0,LEV,,13,NRG,,4,0,VCT Americas
6520,0,Split,leaf,C9,Skye,1.64,305.0,21,11,11,10,80.0,170.0,22.0,5.0,1.0,4.0,C9,,13,LOUD,,7,1,VCT Americas
6521,0,Split,jakee,C9,Astra,1.33,239.0,18,13,10,5,90.0,148.0,27.0,3.0,2.0,1.0,C9,,13,LOUD,,7,1,VCT Americas
6522,0,Split,Zellsis,C9,Killjoy,1.18,207.0,17,11,2,6,75.0,123.0,17.0,1.0,1.0,0.0,C9,,13,LOUD,,7,1,VCT Americas
6523,0,Split,runi,C9,Breach,1.03,179.0,13,12,14,1,90.0,118.0,39.0,1.0,1.0,0.0,C9,,13,LOUD,,7,1,VCT Americas
6524,0,Split,Xeppaa,C9,Raze,0.8,208.0,13,15,3,-2,60.0,134.0,19.0,4.0,1.0,3.0,C9,,13,LOUD,,7,1,VCT Americas
6525,0,Split,tuyz,LOUD,Astra,1.15,211.0,15,15,8,0,80.0,159.0,35.0,1.0,1.0,0.0,C9,,13,LOUD,,7,0,VCT Americas
6526,0,Split,aspas,LOUD,Jett,0.95,222.0,14,17,3,-3,60.0,141.0,17.0,4.0,2.0,2.0,C9,,13,LOUD,,7,0,VCT Americas
6527,0,Split,Less,LOUD,Viper,0.9,217.0,14,17,4,-3,60.0,144.0,29.0,0.0,2.0,-2.0,C9,,13,LOUD,,7,0,VCT Americas
6528,0,Split,cauanzin,LOUD,Skye,0.73,144.0,9,15,6,-6,50.0,107.0,25.0,1.0,6.0,-5.0,C9,,13,LOUD,,7,0,VCT Americas
6529,0,Split,saadhak,LOUD,Gekko,0.59,157.0,10,18,9,-8,75.0,116.0,24.0,0.0,3.0,-3.0,C9,,13,LOUD,,7,0,VCT Americas
6530,2,Ascent,leaf,C9,Jett,1.18,247.0,19,17,6,2,67.0,158.0,19.0,4.0,4.0,0.0,C9,,8,LOUD,,13,0,VCT Americas
6531,2,Ascent,Xeppaa,C9,Kayo,1.03,189.0,13,18,10,-5,71.0,119.0,14.0,0.0,0.0,0.0,C9,,8,LOUD,,13,0,VCT Americas
6532,2,Ascent,jakee,C9,Omen,0.67,148.0,10,18,11,-8,67.0,95.0,34.0,3.0,1.0,2.0,C9,,8,LOUD,,13,0,VCT Americas
6533,2,Ascent,runi,C9,Sova,0.63,159.0,10,18,6,-8,52.0,108.0,22.0,2.0,3.0,-1.0,C9,,8,LOUD,,13,0,VCT Americas
6534,2,Ascent,Zellsis,C9,Killjoy,0.59,154.0,11,18,3,-7,57.0,113.0,16.0,1.0,3.0,-2.0,C9,,8,LOUD,,13,0,VCT Americas
6535,2,Ascent,saadhak,LOUD,Kayo,1.41,285.0,20,13,17,7,81.0,182.0,26.0,2.0,2.0,0.0,C9,,8,LOUD,,13,1,VCT Americas
6536,2,Ascent,Less,LOUD,Killjoy,1.26,268.0,23,14,5,9,81.0,181.0,20.0,2.0,2.0,0.0,C9,,8,LOUD,,13,1,VCT Americas
6537,2,Ascent,cauanzin,LOUD,Sova,1.25,237.0,17,12,10,5,81.0,154.0,14.0,4.0,0.0,4.0,C9,,8,LOUD,,13,1,VCT Americas
6538,2,Ascent,aspas,LOUD,Jett,1.12,205.0,16,13,4,3,71.0,130.0,24.0,3.0,4.0,-1.0,C9,,8,LOUD,,13,1,VCT Americas
6539,2,Ascent,tuyz,LOUD,Omen,0.98,173.0,13,11,12,2,95.0,106.0,29.0,0.0,2.0,-2.0,C9,,8,LOUD,,13,1,VCT Americas
6540,3,Pearl,runi,C9,Sage,1.37,269.0,19,15,1,4,80.0,169.0,29.0,2.0,0.0,2.0,C9,,7,LOUD,,13,0,VCT Americas
6541,3,Pearl,Xeppaa,C9,Skye,0.93,178.0,14,16,4,-2,75.0,116.0,30.0,0.0,0.0,0.0,C9,,7,LOUD,,13,0,VCT Americas
6542,3,Pearl,Zellsis,C9,Phoenix,0.6,143.0,8,16,4,-8,55.0,113.0,15.0,3.0,6.0,-3.0,C9,,7,LOUD,,13,0,VCT Americas
6543,3,Pearl,leaf,C9,Killjoy,0.56,127.0,6,17,6,-11,45.0,95.0,15.0,1.0,4.0,-3.0,C9,,7,LOUD,,13,0,VCT Americas
6544,3,Pearl,jakee,C9,Astra,0.42,108.0,6,17,2,-11,45.0,71.0,32.0,2.0,2.0,0.0,C9,,7,LOUD,,13,0,VCT Americas
6545,3,Pearl,Less,LOUD,Viper,1.59,291.0,21,10,4,11,80.0,200.0,37.0,5.0,3.0,2.0,C9,,7,LOUD,,13,1,VCT Americas
6546,3,Pearl,aspas,LOUD,Jett,1.43,257.0,19,10,2,9,70.0,190.0,21.0,2.0,2.0,0.0,C9,,7,LOUD,,13,1,VCT Americas
6547,3,Pearl,tuyz,LOUD,Harbor,1.14,172.0,12,9,7,3,80.0,120.0,20.0,1.0,1.0,0.0,C9,,7,LOUD,,13,1,VCT Americas
6548,3,Pearl,saadhak,LOUD,Killjoy,1.07,193.0,11,10,6,1,75.0,143.0,15.0,1.0,1.0,0.0,C9,,7,LOUD,,13,1,VCT Americas
6549,3,Pearl,cauanzin,LOUD,Skye,0.93,227.0,18,14,3,4,70.0,152.0,34.0,3.0,1.0,2.0,C9,,7,LOUD,,13,1,VCT Americas
6550,0,Pearl,kiNgg,LEV,Viper,1.76,262.0,26,9,7,17,88.0,174.0,22.0,4.0,1.0,3.0,LEV,,13,FUR,,11,1,VCT Americas
6551,0,Pearl,Tacolilla,LEV,Jett,1.22,235.0,19,16,8,3,79.0,146.0,25.0,5.0,4.0,1.0,LEV,,13,FUR,,11,1,VCT Americas
6552,0,Pearl,nzr,LEV,Skye,1.09,168.0,13,13,11,0,83.0,102.0,22.0,1.0,3.0,-2.0,LEV,,13,FUR,,11,1,VCT Americas
6553,0,Pearl,Shyy,LEV,Killjoy,0.93,178.0,15,16,8,-1,79.0,140.0,12.0,1.0,1.0,0.0,LEV,,13,FUR,,11,1,VCT Americas
6554,0,Pearl,Mazino,LEV,Harbor,0.82,193.0,15,20,13,-5,63.0,132.0,28.0,2.0,2.0,0.0,LEV,,13,FUR,,11,1,VCT Americas
6555,0,Pearl,dgzin,FUR,Neon,1.23,286.0,23,18,5,5,75.0,186.0,27.0,5.0,6.0,-1.0,LEV,,13,FUR,,11,0,VCT Americas
6556,0,Pearl,qck,FUR,Harbor,1.03,229.0,19,18,7,1,79.0,141.0,35.0,3.0,3.0,0.0,LEV,,13,FUR,,11,0,VCT Americas
6557,0,Pearl,Khalil,FUR,Viper,0.94,186.0,14,16,4,-2,79.0,128.0,28.0,1.0,1.0,0.0,LEV,,13,FUR,,11,0,VCT Americas
6558,0,Pearl,mazin,FUR,Breach,0.65,126.0,10,18,7,-8,75.0,86.0,24.0,1.0,1.0,0.0,LEV,,13,FUR,,11,0,VCT Americas
6559,0,Pearl,mwzera,FUR,Skye,0.46,106.0,8,18,7,-10,67.0,69.0,15.0,1.0,2.0,-1.0,LEV,,13,FUR,,11,0,VCT Americas
6560,2,Icebox,nzr,LEV,Sova,0.95,179.0,9,11,5,-2,67.0,135.0,33.0,0.0,0.0,0.0,LEV,,5,FUR,,13,0,VCT Americas
6561,2,Icebox,Shyy,LEV,Killjoy,0.8,160.0,10,14,3,-4,67.0,106.0,25.0,1.0,2.0,-1.0,LEV,,5,FUR,,13,0,VCT Americas
6562,2,Icebox,kiNgg,LEV,Viper,0.76,188.0,10,14,7,-4,67.0,123.0,26.0,3.0,3.0,0.0,LEV,,5,FUR,,13,0,VCT Americas
6563,2,Icebox,Mazino,LEV,Harbor,0.73,190.0,11,14,3,-3,61.0,118.0,22.0,2.0,1.0,1.0,LEV,,5,FUR,,13,0,VCT Americas
6564,2,Icebox,Tacolilla,LEV,Jett,0.56,140.0,9,14,2,-5,50.0,108.0,21.0,1.0,5.0,-4.0,LEV,,5,FUR,,13,0,VCT Americas
6565,2,Icebox,Khalil,FUR,Killjoy,1.59,249.0,17,8,2,9,89.0,165.0,22.0,1.0,1.0,0.0,LEV,,5,FUR,,13,1,VCT Americas
6566,2,Icebox,dgzin,FUR,Jett,1.46,253.0,17,10,3,7,83.0,164.0,26.0,3.0,2.0,1.0,LEV,,5,FUR,,13,1,VCT Americas
6567,2,Icebox,mazin,FUR,Viper,1.31,234.0,15,9,11,6,89.0,160.0,22.0,2.0,2.0,0.0,LEV,,5,FUR,,13,1,VCT Americas
6568,2,Icebox,mwzera,FUR,Sova,0.96,166.0,11,10,5,1,78.0,111.0,10.0,1.0,2.0,-1.0,LEV,,5,FUR,,13,1,VCT Americas
6569,2,Icebox,qck,FUR,Sage,0.72,110.0,7,12,5,-5,78.0,65.0,25.0,4.0,0.0,4.0,LEV,,5,FUR,,13,1,VCT Americas
6570,3,Ascent,Shyy,LEV,Killjoy,1.24,266.0,21,17,3,4,74.0,173.0,20.0,1.0,0.0,1.0,LEV,,10,FUR,,13,0,VCT Americas
6571,3,Ascent,nzr,LEV,Sova,1.01,144.0,12,14,8,-2,74.0,100.0,20.0,2.0,0.0,2.0,LEV,,10,FUR,,13,0,VCT Americas
6572,3,Ascent,Mazino,LEV,Omen,0.9,225.0,16,17,9,-1,65.0,150.0,18.0,4.0,2.0,2.0,LEV,,10,FUR,,13,0,VCT Americas
6573,3,Ascent,kiNgg,LEV,Kayo,0.81,169.0,15,17,6,-2,78.0,106.0,32.0,2.0,3.0,-1.0,LEV,,10,FUR,,13,0,VCT Americas
6574,3,Ascent,Tacolilla,LEV,Jett,0.63,167.0,12,20,6,-8,61.0,105.0,10.0,4.0,5.0,-1.0,LEV,,10,FUR,,13,0,VCT Americas
6575,3,Ascent,Khalil,FUR,Omen,1.75,283.0,25,11,7,14,87.0,172.0,30.0,1.0,0.0,1.0,LEV,,10,FUR,,13,1,VCT Americas
6576,3,Ascent,dgzin,FUR,Jett,1.14,262.0,22,19,2,3,70.0,160.0,18.0,5.0,5.0,0.0,LEV,,10,FUR,,13,1,VCT Americas
6577,3,Ascent,mwzera,FUR,Sova,1.11,166.0,13,11,9,2,83.0,111.0,32.0,0.0,1.0,-1.0,LEV,,10,FUR,,13,1,VCT Americas
6578,3,Ascent,qck,FUR,Killjoy,1.01,205.0,17,15,2,2,74.0,138.0,29.0,2.0,1.0,1.0,LEV,,10,FUR,,13,1,VCT Americas
6579,3,Ascent,mazin,FUR,Kayo,0.46,122.0,8,20,16,-12,65.0,76.0,18.0,2.0,6.0,-4.0,LEV,,10,FUR,,13,1,VCT Americas
6580,0,Lotus,Victor,NRG,Jett,1.46,282.0,22,16,6,6,74.0,187.0,18.0,6.0,2.0,4.0,NRG,,13,SEN,,10,1,VCT Americas
6581,0,Lotus,s0m,NRG,Omen,1.24,239.0,21,13,13,8,87.0,147.0,28.0,4.0,1.0,3.0,NRG,,13,SEN,,10,1,VCT Americas
6582,0,Lotus,ardiis,NRG,Killjoy,1.13,162.0,14,11,5,3,83.0,128.0,30.0,4.0,0.0,4.0,NRG,,13,SEN,,10,1,VCT Americas
6583,0,Lotus,crashies,NRG,Viper,0.91,151.0,13,13,3,0,74.0,114.0,22.0,3.0,0.0,3.0,NRG,,13,SEN,,10,1,VCT Americas
6584,0,Lotus,FiNESSE,NRG,Skye,0.87,145.0,12,12,13,0,70.0,110.0,25.0,1.0,2.0,-1.0,NRG,,13,SEN,,10,1,VCT Americas
6585,0,Lotus,zekken,SEN,Skye,1.44,275.0,22,16,6,6,78.0,171.0,34.0,0.0,1.0,-1.0,NRG,,13,SEN,,10,0,VCT Americas
6586,0,Lotus,pANcada,SEN,Killjoy,0.82,139.0,11,15,2,-4,57.0,99.0,29.0,0.0,2.0,-2.0,NRG,,13,SEN,,10,0,VCT Americas
6587,0,Lotus,Sacy,SEN,Viper,0.78,149.0,11,15,5,-4,70.0,102.0,22.0,1.0,2.0,-1.0,NRG,,13,SEN,,10,0,VCT Americas
6588,0,Lotus,dephh,SEN,Harbor,0.59,173.0,13,20,6,-7,70.0,118.0,19.0,2.0,6.0,-4.0,NRG,,13,SEN,,10,0,VCT Americas
6589,0,Lotus,TenZ,SEN,Jett,0.46,111.0,8,16,5,-8,57.0,76.0,11.0,2.0,7.0,-5.0,NRG,,13,SEN,,10,0,VCT Americas
6590,2,Icebox,s0m,NRG,Viper,2.03,294.0,19,6,6,13,93.0,183.0,37.0,3.0,0.0,3.0,NRG,,13,SEN,,2,1,VCT Americas
6591,2,Icebox,crashies,NRG,Sova,1.77,328.0,19,8,6,11,87.0,191.0,16.0,1.0,0.0,1.0,NRG,,13,SEN,,2,1,VCT Americas
6592,2,Icebox,ardiis,NRG,Sage,1.16,224.0,13,9,8,4,93.0,138.0,15.0,3.0,1.0,2.0,NRG,,13,SEN,,2,1,VCT Americas
6593,2,Icebox,FiNESSE,NRG,Killjoy,1.13,207.0,14,8,0,6,80.0,118.0,14.0,1.0,3.0,-2.0,NRG,,13,SEN,,2,1,VCT Americas
6594,2,Icebox,Victor,NRG,Kayo,0.81,183.0,7,11,15,-4,87.0,127.0,12.0,2.0,1.0,1.0,NRG,,13,SEN,,2,1,VCT Americas
6595,2,Icebox,pANcada,SEN,Killjoy,1.25,277.0,13,13,2,0,67.0,204.0,33.0,2.0,0.0,2.0,NRG,,13,SEN,,2,0,VCT Americas
6596,2,Icebox,zekken,SEN,Sova,0.8,245.0,12,15,2,-3,67.0,163.0,38.0,1.0,1.0,0.0,NRG,,13,SEN,,2,0,VCT Americas
6597,2,Icebox,Sacy,SEN,Viper,0.53,161.0,8,15,1,-7,47.0,98.0,50.0,1.0,0.0,1.0,NRG,,13,SEN,,2,0,VCT Americas
6598,2,Icebox,TenZ,SEN,Jett,0.35,113.0,5,14,2,-9,47.0,96.0,22.0,1.0,8.0,-7.0,NRG,,13,SEN,,2,0,VCT Americas
6599,2,Icebox,dephh,SEN,Harbor,0.24,85.0,4,15,2,-11,60.0,74.0,17.0,0.0,1.0,-1.0,NRG,,13,SEN,,2,0,VCT Americas
6600,0,Ascent,heat,MIBR,Jett,1.16,248.0,20,15,1,5,68.0,140.0,24.0,6.0,3.0,3.0,MIBR,,9,KRU,,13,0,VCT Americas
6601,0,Ascent,RgLMeister,MIBR,Omen,1.05,176.0,14,14,11,0,68.0,108.0,20.0,1.0,1.0,0.0,MIBR,,9,KRU,,13,0,VCT Americas
6602,0,Ascent,jzz,MIBR,Sova,1.02,206.0,18,15,5,3,82.0,116.0,18.0,3.0,1.0,2.0,MIBR,,9,KRU,,13,0,VCT Americas
6603,0,Ascent,frz,MIBR,Killjoy,0.91,208.0,15,18,6,-3,68.0,135.0,25.0,1.0,1.0,0.0,MIBR,,9,KRU,,13,0,VCT Americas
6604,0,Ascent,murizzz,MIBR,Kayo,0.61,177.0,11,18,15,-7,73.0,114.0,20.0,2.0,3.0,-1.0,MIBR,,9,KRU,,13,0,VCT Americas
6605,0,Ascent,DaveeyS,KRÜ,Kayo,1.69,313.0,26,15,11,11,82.0,194.0,25.0,1.0,2.0,-1.0,MIBR,,9,KRU,,13,0,VCT Americas
6606,0,Ascent,Melser,KRÜ,Omen,1.09,251.0,17,19,16,-2,77.0,162.0,25.0,3.0,1.0,2.0,MIBR,,9,KRU,,13,0,VCT Americas
6607,0,Ascent,NagZ,KRÜ,Killjoy,1.0,133.0,10,10,5,0,73.0,94.0,23.0,1.0,1.0,0.0,MIBR,,9,KRU,,13,0,VCT Americas
6608,0,Ascent,Klaus,KRÜ,Sova,0.89,163.0,13,16,8,-3,73.0,111.0,25.0,0.0,2.0,-2.0,MIBR,,9,KRU,,13,0,VCT Americas
6609,0,Ascent,keznit,KRÜ,Jett,0.62,170.0,13,18,4,-5,55.0,106.0,26.0,4.0,7.0,-3.0,MIBR,,9,KRU,,13,0,VCT Americas
6610,2,Lotus,jzz,MIBR,Skye,1.49,295.0,28,17,9,11,83.0,174.0,33.0,5.0,1.0,4.0,MIBR,,13,KRU,,11,1,VCT Americas
6611,2,Lotus,heat,MIBR,Raze,1.15,247.0,20,17,7,3,79.0,166.0,24.0,4.0,3.0,1.0,MIBR,,13,KRU,,11,1,VCT Americas
6612,2,Lotus,murizzz,MIBR,Viper,1.11,214.0,15,16,13,-1,71.0,169.0,20.0,3.0,2.0,1.0,MIBR,,13,KRU,,11,1,VCT Americas
6613,2,Lotus,frz,MIBR,Killjoy,1.04,190.0,17,14,2,3,88.0,132.0,26.0,0.0,2.0,-2.0,MIBR,,13,KRU,,11,1,VCT Americas
6614,2,Lotus,RgLMeister,MIBR,Omen,0.57,117.0,10,16,12,-6,79.0,70.0,16.0,2.0,2.0,0.0,MIBR,,13,KRU,,11,1,VCT Americas
6615,2,Lotus,NagZ,KRÜ,Killjoy,1.12,218.0,18,17,5,1,67.0,140.0,15.0,3.0,0.0,3.0,MIBR,,13,KRU,,11,0,VCT Americas
6616,2,Lotus,Melser,KRÜ,Omen,1.05,213.0,20,17,2,3,63.0,133.0,42.0,1.0,4.0,-3.0,MIBR,,13,KRU,,11,0,VCT Americas
6617,2,Lotus,keznit,KRÜ,Raze,0.97,231.0,18,19,8,-1,79.0,176.0,20.0,3.0,4.0,-1.0,MIBR,,13,KRU,,11,0,VCT Americas
6618,2,Lotus,DaveeyS,KRÜ,Skye,0.97,164.0,13,18,17,-5,71.0,94.0,27.0,0.0,2.0,-2.0,MIBR,,13,KRU,,11,0,VCT Americas
6619,2,Lotus,Klaus,KRÜ,Gekko,0.63,148.0,11,19,3,-8,79.0,96.0,24.0,3.0,4.0,-1.0,MIBR,,13,KRU,,11,0,VCT Americas
6620,3,Pearl,murizzz,MIBR,Viper,1.37,265.0,24,15,9,9,69.0,165.0,36.0,2.0,1.0,1.0,MIBR,,14,KRU,,12,1,VCT Americas
6621,3,Pearl,heat,MIBR,Jett,1.27,263.0,23,16,3,7,65.0,162.0,26.0,5.0,4.0,1.0,MIBR,,14,KRU,,12,1,VCT Americas
6622,3,Pearl,jzz,MIBR,Skye,1.13,197.0,18,17,17,1,81.0,116.0,22.0,2.0,3.0,-1.0,MIBR,,14,KRU,,12,1,VCT Americas
6623,3,Pearl,RgLMeister,MIBR,Harbor,0.94,156.0,14,15,8,-1,73.0,101.0,22.0,2.0,4.0,-2.0,MIBR,,14,KRU,,12,1,VCT Americas
6624,3,Pearl,frz,MIBR,Killjoy,0.71,186.0,16,17,4,-1,65.0,129.0,25.0,1.0,2.0,-1.0,MIBR,,14,KRU,,12,1,VCT Americas
6625,3,Pearl,keznit,KRÜ,Jett,1.39,293.0,27,18,2,9,62.0,197.0,33.0,7.0,5.0,2.0,MIBR,,14,KRU,,12,0,VCT Americas
6626,3,Pearl,NagZ,KRÜ,Killjoy,0.96,209.0,17,19,6,-2,58.0,147.0,11.0,2.0,2.0,0.0,MIBR,,14,KRU,,12,0,VCT Americas
6627,3,Pearl,Melser,KRÜ,Viper,0.83,153.0,13,17,6,-4,65.0,96.0,34.0,1.0,1.0,0.0,MIBR,,14,KRU,,12,0,VCT Americas
6628,3,Pearl,DaveeyS,KRÜ,Harbor,0.81,175.0,15,21,8,-6,62.0,103.0,19.0,3.0,1.0,2.0,MIBR,,14,KRU,,12,0,VCT Americas
6629,3,Pearl,Klaus,KRÜ,Skye,0.6,118.0,8,20,16,-12,62.0,77.0,17.0,1.0,3.0,-2.0,MIBR,,14,KRU,,12,0,VCT Americas
6630,0,Haven,BcJ,EG,Omen,1.08,188.0,14,15,9,-1,77.0,118.0,27.0,1.0,2.0,-1.0,EG,,9,100T,,13,0,VCT Americas
6631,0,Haven,Boostio,EG,Killjoy,0.79,195.0,15,18,2,-3,59.0,126.0,27.0,5.0,2.0,3.0,EG,,9,100T,,13,0,VCT Americas
6632,0,Haven,Ethan,EG,Breach,0.75,185.0,14,20,5,-6,68.0,126.0,26.0,0.0,0.0,0.0,EG,,9,100T,,13,0,VCT Americas
6633,0,Haven,jawgemo,EG,Jett,0.71,185.0,14,19,3,-5,64.0,118.0,29.0,3.0,7.0,-4.0,EG,,9,100T,,13,0,VCT Americas
6634,0,Haven,C0M,EG,Sova,0.53,96.0,7,17,5,-10,64.0,74.0,29.0,0.0,2.0,-2.0,EG,,9,100T,,13,0,VCT Americas
6635,0,Haven,Cryocells,100T,Jett,1.49,284.0,23,13,4,10,77.0,172.0,18.0,4.0,3.0,1.0,EG,,9,100T,,13,1,VCT Americas
6636,0,Haven,stellar,100T,Killjoy,1.41,270.0,21,14,2,7,82.0,186.0,24.0,5.0,0.0,5.0,EG,,9,100T,,13,1,VCT Americas
6637,0,Haven,bang,100T,Omen,1.24,203.0,16,12,11,4,77.0,128.0,23.0,2.0,3.0,-1.0,EG,,9,100T,,13,1,VCT Americas
6638,0,Haven,Derrek,100T,Sova,1.12,207.0,15,11,9,4,73.0,144.0,27.0,0.0,0.0,0.0,EG,,9,100T,,13,1,VCT Americas
6639,0,Haven,Asuna,100T,Gekko,0.88,165.0,14,14,8,0,64.0,101.0,15.0,2.0,3.0,-1.0,EG,,9,100T,,13,1,VCT Americas
6640,2,Icebox,Ethan,EG,Skye,1.31,275.0,17,13,7,4,72.0,155.0,25.0,3.0,2.0,1.0,EG,,5,100T,,13,0,VCT Americas
6641,2,Icebox,Boostio,EG,Killjoy,1.04,235.0,15,15,3,0,67.0,150.0,29.0,3.0,0.0,3.0,EG,,5,100T,,13,0,VCT Americas
6642,2,Icebox,Demon1,EG,Jett,0.99,227.0,14,15,2,-1,67.0,159.0,22.0,4.0,3.0,1.0,EG,,5,100T,,13,0,VCT Americas
6643,2,Icebox,C0M,EG,Viper,0.35,74.0,3,14,10,-11,61.0,61.0,25.0,0.0,1.0,-1.0,EG,,5,100T,,13,0,VCT Americas
6644,2,Icebox,jawgemo,EG,Harbor,0.34,100.0,5,15,6,-10,56.0,72.0,8.0,0.0,2.0,-2.0,EG,,5,100T,,13,0,VCT Americas
6645,2,Icebox,bang,100T,Viper,1.87,373.0,25,10,5,15,89.0,252.0,33.0,3.0,1.0,2.0,EG,,5,100T,,13,1,VCT Americas
6646,2,Icebox,Derrek,100T,Sova,1.35,232.0,15,11,7,4,72.0,155.0,18.0,0.0,1.0,-1.0,EG,,5,100T,,13,1,VCT Americas
6647,2,Icebox,stellar,100T,Killjoy,1.3,215.0,16,10,4,6,83.0,140.0,13.0,0.0,3.0,-3.0,EG,,5,100T,,13,1,VCT Americas
6648,2,Icebox,Asuna,100T,Sage,1.21,173.0,11,9,11,2,89.0,114.0,20.0,3.0,2.0,1.0,EG,,5,100T,,13,1,VCT Americas
6649,2,Icebox,Cryocells,100T,Omen,0.57,116.0,5,14,11,-9,72.0,76.0,19.0,2.0,3.0,-1.0,EG,,5,100T,,13,1,VCT Americas
6650,0,Lotus,Zellsis,C9,Killjoy,1.43,233.0,17,9,5,8,85.0,144.0,13.0,2.0,1.0,1.0,C9,,13,100T,,7,1,VCT Americas
6651,0,Lotus,runi,C9,Viper,1.41,200.0,17,10,6,7,90.0,156.0,26.0,1.0,0.0,1.0,C9,,13,100T,,7,1,VCT Americas
6652,0,Lotus,jakee,C9,Omen,1.31,238.0,16,12,17,4,80.0,144.0,34.0,4.0,3.0,1.0,C9,,13,100T,,7,1,VCT Americas
6653,0,Lotus,leaf,C9,Neon,1.08,235.0,17,13,3,4,75.0,155.0,25.0,5.0,2.0,3.0,C9,,13,100T,,7,1,VCT Americas
6654,0,Lotus,Xeppaa,C9,Skye,1.01,151.0,11,11,11,0,80.0,101.0,27.0,1.0,1.0,0.0,C9,,13,100T,,7,1,VCT Americas
6655,0,Lotus,Derrek,100T,Skye,0.91,204.0,14,15,1,-1,65.0,134.0,34.0,2.0,2.0,0.0,C9,,13,100T,,7,0,VCT Americas
6656,0,Lotus,bang,100T,Omen,0.82,172.0,12,16,4,-4,60.0,109.0,35.0,1.0,1.0,0.0,C9,,13,100T,,7,0,VCT Americas
6657,0,Lotus,stellar,100T,Killjoy,0.77,160.0,10,15,3,-5,60.0,114.0,19.0,1.0,2.0,-1.0,C9,,13,100T,,7,0,VCT Americas
6658,0,Lotus,Asuna,100T,Breach,0.67,153.0,9,17,6,-8,60.0,99.0,27.0,1.0,1.0,0.0,C9,,13,100T,,7,0,VCT Americas
6659,0,Lotus,Cryocells,100T,Jett,0.65,154.0,10,15,3,-5,65.0,110.0,13.0,2.0,7.0,-5.0,C9,,13,100T,,7,0,VCT Americas
6660,2,Ascent,leaf,C9,Jett,1.27,293.0,26,21,6,5,77.0,197.0,18.0,9.0,3.0,6.0,C9,,14,100T,,12,1,VCT Americas
6661,2,Ascent,Xeppaa,C9,Kayo,1.18,266.0,24,21,16,3,77.0,182.0,29.0,1.0,2.0,-1.0,C9,,14,100T,,12,1,VCT Americas
6662,2,Ascent,Zellsis,C9,Killjoy,0.94,148.0,15,15,3,0,62.0,113.0,14.0,0.0,1.0,-1.0,C9,,14,100T,,12,1,VCT Americas
6663,2,Ascent,runi,C9,Sova,0.81,150.0,16,20,2,-4,77.0,106.0,32.0,6.0,1.0,5.0,C9,,14,100T,,12,1,VCT Americas
6664,2,Ascent,jakee,C9,Omen,0.71,152.0,14,21,12,-7,73.0,116.0,15.0,2.0,1.0,1.0,C9,,14,100T,,12,1,VCT Americas
6665,2,Ascent,Asuna,100T,Kayo,1.25,254.0,22,19,12,3,77.0,166.0,29.0,2.0,5.0,-3.0,C9,,14,100T,,12,0,VCT Americas
6666,2,Ascent,Derrek,100T,Sova,1.24,251.0,23,18,9,5,77.0,158.0,30.0,1.0,2.0,-1.0,C9,,14,100T,,12,0,VCT Americas
6667,2,Ascent,Cryocells,100T,Jett,1.0,185.0,17,19,6,-2,69.0,123.0,16.0,2.0,5.0,-3.0,C9,,14,100T,,12,0,VCT Americas
6668,2,Ascent,stellar,100T,Viper,0.95,197.0,19,18,9,1,62.0,136.0,25.0,1.0,4.0,-3.0,C9,,14,100T,,12,0,VCT Americas
6669,2,Ascent,bang,100T,Omen,0.85,200.0,17,21,11,-4,81.0,122.0,27.0,2.0,2.0,0.0,C9,,14,100T,,12,0,VCT Americas
6670,0,Icebox,s0m,NRG,Viper,1.22,232.0,19,15,5,4,78.0,139.0,27.0,1.0,1.0,0.0,NRG,,10,MIBR,,13,0,VCT Americas
6671,0,Icebox,Victor,NRG,Kayo,0.89,192.0,16,19,16,-3,78.0,107.0,26.0,1.0,5.0,-4.0,NRG,,10,MIBR,,13,0,VCT Americas
6672,0,Icebox,crashies,NRG,Sova,0.84,162.0,12,17,8,-5,57.0,115.0,16.0,1.0,1.0,0.0,NRG,,10,MIBR,,13,0,VCT Americas
6673,0,Icebox,ardiis,NRG,Sage,0.83,174.0,14,16,5,-2,70.0,114.0,26.0,2.0,4.0,-2.0,NRG,,10,MIBR,,13,0,VCT Americas
6674,0,Icebox,FiNESSE,NRG,Killjoy,0.62,186.0,13,20,3,-7,61.0,128.0,10.0,3.0,4.0,-1.0,NRG,,10,MIBR,,13,0,VCT Americas
6675,0,Icebox,heat,MIBR,Jett,1.36,245.0,19,13,5,6,74.0,156.0,26.0,7.0,6.0,1.0,NRG,,10,MIBR,,13,1,VCT Americas
6676,0,Icebox,murizzz,MIBR,Viper,1.32,243.0,19,13,7,6,83.0,180.0,36.0,3.0,1.0,2.0,NRG,,10,MIBR,,13,1,VCT Americas
6677,0,Icebox,RgLMeister,MIBR,Harbor,1.13,209.0,18,16,9,2,74.0,135.0,24.0,1.0,0.0,1.0,NRG,,10,MIBR,,13,1,VCT Americas
6678,0,Icebox,jzz,MIBR,Sova,1.13,210.0,20,14,2,6,78.0,130.0,38.0,3.0,0.0,3.0,NRG,,10,MIBR,,13,1,VCT Americas
6679,0,Icebox,frz,MIBR,Killjoy,0.58,136.0,11,18,4,-7,70.0,89.0,36.0,1.0,1.0,0.0,NRG,,10,MIBR,,13,1,VCT Americas
6680,2,Pearl,crashies,NRG,Killjoy,1.15,233.0,24,22,4,2,73.0,152.0,20.0,3.0,2.0,1.0,NRG,,16,MIBR,,14,1,VCT Americas
6681,2,Pearl,Victor,NRG,Viper,1.05,176.0,17,19,17,-2,77.0,113.0,17.0,2.0,4.0,-2.0,NRG,,16,MIBR,,14,1,VCT Americas
6682,2,Pearl,ardiis,NRG,Raze,0.99,236.0,23,24,5,-1,67.0,155.0,13.0,7.0,3.0,4.0,NRG,,16,MIBR,,14,1,VCT Americas
6683,2,Pearl,s0m,NRG,Harbor,0.99,193.0,22,22,10,0,77.0,114.0,19.0,4.0,3.0,1.0,NRG,,16,MIBR,,14,1,VCT Americas
6684,2,Pearl,FiNESSE,NRG,Skye,0.69,159.0,13,26,16,-13,73.0,115.0,16.0,1.0,1.0,0.0,NRG,,16,MIBR,,14,1,VCT Americas
6685,2,Pearl,jzz,MIBR,Skye,1.53,303.0,30,20,23,10,90.0,188.0,27.0,4.0,1.0,3.0,NRG,,16,MIBR,,14,0,VCT Americas
6686,2,Pearl,murizzz,MIBR,Viper,1.13,205.0,24,19,6,5,77.0,142.0,35.0,0.0,5.0,-5.0,NRG,,16,MIBR,,14,0,VCT Americas
6687,2,Pearl,frz,MIBR,Killjoy,1.08,203.0,21,18,7,3,80.0,145.0,31.0,4.0,2.0,2.0,NRG,,16,MIBR,,14,0,VCT Americas
6688,2,Pearl,RgLMeister,MIBR,Harbor,0.99,188.0,19,19,14,0,77.0,127.0,24.0,0.0,0.0,0.0,NRG,,16,MIBR,,14,0,VCT Americas
6689,2,Pearl,heat,MIBR,Jett,0.65,173.0,19,23,1,-4,53.0,118.0,27.0,5.0,9.0,-4.0,NRG,,16,MIBR,,14,0,VCT Americas
6690,3,Split,Victor,NRG,Raze,1.22,309.0,30,24,8,6,83.0,194.0,15.0,12.0,6.0,6.0,NRG,,14,MIBR,,16,0,VCT Americas
6691,3,Split,crashies,NRG,Skye,1.07,222.0,24,22,14,2,80.0,133.0,34.0,2.0,1.0,1.0,NRG,,14,MIBR,,16,0,VCT Americas
6692,3,Split,s0m,NRG,Astra,1.0,182.0,22,21,10,1,83.0,110.0,18.0,0.0,0.0,0.0,NRG,,14,MIBR,,16,0,VCT Americas
6693,3,Split,ardiis,NRG,Killjoy,0.77,192.0,19,22,4,-3,63.0,125.0,22.0,3.0,2.0,1.0,NRG,,14,MIBR,,16,0,VCT Americas
6694,3,Split,FiNESSE,NRG,Breach,0.54,142.0,12,23,11,-11,73.0,98.0,16.0,3.0,1.0,2.0,NRG,,14,MIBR,,16,0,VCT Americas
6695,3,Split,frz,MIBR,Killjoy,1.43,263.0,27,20,8,7,83.0,183.0,33.0,2.0,1.0,1.0,NRG,,14,MIBR,,16,1,VCT Americas
6696,3,Split,RgLMeister,MIBR,Astra,1.26,232.0,24,20,11,4,80.0,146.0,32.0,3.0,2.0,1.0,NRG,,14,MIBR,,16,1,VCT Americas
6697,3,Split,murizzz,MIBR,Viper,1.06,215.0,24,23,4,1,67.0,141.0,25.0,3.0,5.0,-2.0,NRG,,14,MIBR,,16,1,VCT Americas
6698,3,Split,heat,MIBR,Raze,0.85,198.0,22,23,5,-1,63.0,137.0,25.0,2.0,6.0,-4.0,NRG,,14,MIBR,,16,1,VCT Americas
6699,3,Split,jzz,MIBR,Skye,0.73,134.0,15,21,5,-6,63.0,85.0,40.0,0.0,6.0,-6.0,NRG,,14,MIBR,,16,1,VCT Americas
6700,0,Split,kiNgg,LEV,Viper,1.24,248.0,21,16,13,5,77.0,151.0,26.0,2.0,1.0,1.0,LEV,,14,SEN,,12,1,VCT Americas
6701,0,Split,Mazino,LEV,Astra,1.13,225.0,21,18,11,3,88.0,157.0,30.0,0.0,2.0,-2.0,LEV,,14,SEN,,12,1,VCT Americas
6702,0,Split,Shyy,LEV,Skye,0.94,165.0,15,16,12,-1,77.0,97.0,19.0,2.0,2.0,0.0,LEV,,14,SEN,,12,1,VCT Americas
6703,0,Split,nzr,LEV,Raze,0.88,185.0,15,16,5,-1,81.0,134.0,19.0,2.0,5.0,-3.0,LEV,,14,SEN,,12,1,VCT Americas
6704,0,Split,Tacolilla,LEV,Jett,0.83,177.0,15,17,5,-2,62.0,110.0,27.0,6.0,4.0,2.0,LEV,,14,SEN,,12,1,VCT Americas
6705,0,Split,zekken,SEN,Raze,1.27,261.0,21,18,6,3,73.0,174.0,24.0,7.0,3.0,4.0,LEV,,14,SEN,,12,0,VCT Americas
6706,0,Split,pANcada,SEN,Astra,1.12,183.0,17,14,10,3,81.0,117.0,22.0,1.0,2.0,-1.0,LEV,,14,SEN,,12,0,VCT Americas
6707,0,Split,TenZ,SEN,Sage,1.01,199.0,18,18,5,0,65.0,136.0,28.0,1.0,3.0,-2.0,LEV,,14,SEN,,12,0,VCT Americas
6708,0,Split,dephh,SEN,Skye,0.88,178.0,16,19,8,-3,73.0,124.0,20.0,1.0,2.0,-1.0,LEV,,14,SEN,,12,0,VCT Americas
6709,0,Split,Sacy,SEN,Viper,0.74,141.0,11,18,6,-7,69.0,100.0,25.0,4.0,2.0,2.0,LEV,,14,SEN,,12,0,VCT Americas
6710,2,Ascent,nzr,LEV,Sova,1.24,238.0,21,14,8,7,79.0,172.0,25.0,1.0,0.0,1.0,LEV,,11,SEN,,13,0,VCT Americas
6711,2,Ascent,kiNgg,LEV,Kayo,1.05,185.0,13,15,19,-2,88.0,122.0,27.0,0.0,2.0,-2.0,LEV,,11,SEN,,13,0,VCT Americas
6712,2,Ascent,Tacolilla,LEV,Jett,0.91,210.0,18,20,5,-2,58.0,134.0,20.0,5.0,5.0,0.0,LEV,,11,SEN,,13,0,VCT Americas
6713,2,Ascent,Mazino,LEV,Omen,0.91,181.0,18,19,9,-1,75.0,95.0,22.0,5.0,2.0,3.0,LEV,,11,SEN,,13,0,VCT Americas
6714,2,Ascent,Shyy,LEV,Killjoy,0.72,156.0,12,18,3,-6,54.0,123.0,23.0,1.0,3.0,-2.0,LEV,,11,SEN,,13,0,VCT Americas
6715,2,Ascent,zekken,SEN,Sova,1.78,336.0,29,15,9,14,88.0,212.0,24.0,2.0,2.0,0.0,LEV,,11,SEN,,13,1,VCT Americas
6716,2,Ascent,Sacy,SEN,Omen,1.06,216.0,18,16,9,2,67.0,126.0,33.0,3.0,2.0,1.0,LEV,,11,SEN,,13,1,VCT Americas
6717,2,Ascent,pANcada,SEN,Killjoy,1.04,207.0,18,17,6,1,88.0,133.0,18.0,2.0,1.0,1.0,LEV,,11,SEN,,13,1,VCT Americas
6718,2,Ascent,dephh,SEN,Kayo,0.8,154.0,12,16,14,-4,75.0,94.0,27.0,3.0,1.0,2.0,LEV,,11,SEN,,13,1,VCT Americas
6719,2,Ascent,TenZ,SEN,Jett,0.59,130.0,9,18,7,-9,63.0,98.0,26.0,2.0,6.0,-4.0,LEV,,11,SEN,,13,1,VCT Americas
6720,3,Pearl,Mazino,LEV,Harbor,1.69,314.0,22,10,5,12,76.0,183.0,29.0,6.0,1.0,5.0,LEV,,13,SEN,,4,1,VCT Americas
6721,3,Pearl,Shyy,LEV,Killjoy,1.41,210.0,15,8,0,7,76.0,142.0,29.0,1.0,1.0,0.0,LEV,,13,SEN,,4,1,VCT Americas
6722,3,Pearl,kiNgg,LEV,Viper,1.11,174.0,9,9,10,0,76.0,121.0,23.0,1.0,1.0,0.0,LEV,,13,SEN,,4,1,VCT Americas
6723,3,Pearl,Tacolilla,LEV,Jett,1.04,258.0,15,13,2,2,65.0,153.0,16.0,5.0,1.0,4.0,LEV,,13,SEN,,4,1,VCT Americas
6724,3,Pearl,nzr,LEV,Skye,0.84,134.0,6,10,12,-4,88.0,89.0,14.0,0.0,0.0,0.0,LEV,,13,SEN,,4,1,VCT Americas
6725,3,Pearl,dephh,SEN,Kayo,1.31,275.0,16,14,6,2,71.0,181.0,27.0,1.0,0.0,1.0,LEV,,13,SEN,,4,0,VCT Americas
6726,3,Pearl,zekken,SEN,Sova,1.0,218.0,11,13,8,-2,65.0,158.0,26.0,0.0,1.0,-1.0,LEV,,13,SEN,,4,0,VCT Americas
6727,3,Pearl,pANcada,SEN,Astra,0.79,146.0,8,12,6,-4,65.0,101.0,47.0,1.0,3.0,-2.0,LEV,,13,SEN,,4,0,VCT Americas
6728,3,Pearl,TenZ,SEN,Jett,0.48,118.0,8,13,2,-5,47.0,76.0,27.0,2.0,4.0,-2.0,LEV,,13,SEN,,4,0,VCT Americas
6729,3,Pearl,Sacy,SEN,Viper,0.39,119.0,7,15,3,-8,41.0,71.0,35.0,0.0,5.0,-5.0,LEV,,13,SEN,,4,0,VCT Americas
6730,0,Pearl,jawgemo,EG,Harbor,1.14,240.0,22,18,12,4,79.0,146.0,22.0,2.0,3.0,-1.0,EG,,13,KRU,,11,1,VCT Americas
6731,0,Pearl,Ethan,EG,Skye,1.14,203.0,16,15,12,1,67.0,135.0,20.0,2.0,2.0,0.0,EG,,13,KRU,,11,1,VCT Americas
6732,0,Pearl,Boostio,EG,Astra,1.07,203.0,18,17,10,1,63.0,128.0,39.0,2.0,4.0,-2.0,EG,,13,KRU,,11,1,VCT Americas
6733,0,Pearl,C0M,EG,Gekko,0.91,172.0,12,17,9,-5,79.0,130.0,19.0,1.0,5.0,-4.0,EG,,13,KRU,,11,1,VCT Americas
6734,0,Pearl,Demon1,EG,Killjoy,0.8,168.0,13,18,5,-5,75.0,120.0,22.0,1.0,2.0,-1.0,EG,,13,KRU,,11,1,VCT Americas
6735,0,Pearl,Klaus,KRÜ,Skye,1.22,216.0,19,14,13,5,83.0,125.0,15.0,3.0,2.0,1.0,EG,,13,KRU,,11,0,VCT Americas
6736,0,Pearl,keznit,KRÜ,Jett,1.1,259.0,22,18,6,4,75.0,171.0,25.0,6.0,3.0,3.0,EG,,13,KRU,,11,0,VCT Americas
6737,0,Pearl,NagZ,KRÜ,Killjoy,1.08,205.0,15,16,6,-1,79.0,159.0,18.0,3.0,0.0,3.0,EG,,13,KRU,,11,0,VCT Americas
6738,0,Pearl,DaveeyS,KRÜ,Harbor,0.89,173.0,17,16,7,1,75.0,107.0,17.0,3.0,2.0,1.0,EG,,13,KRU,,11,0,VCT Americas
6739,0,Pearl,Melser,KRÜ,Viper,0.81,156.0,12,17,9,-5,75.0,111.0,24.0,1.0,1.0,0.0,EG,,13,KRU,,11,0,VCT Americas
6740,2,Ascent,Demon1,EG,Jett,1.31,257.0,22,17,2,5,67.0,161.0,27.0,6.0,2.0,4.0,EG,,11,KRU,,13,0,VCT Americas
6741,2,Ascent,Boostio,EG,Killjoy,1.23,263.0,22,17,4,5,67.0,177.0,23.0,2.0,1.0,1.0,EG,,11,KRU,,13,0,VCT Americas
6742,2,Ascent,C0M,EG,Sova,1.14,217.0,18,15,6,3,79.0,134.0,33.0,2.0,2.0,0.0,EG,,11,KRU,,13,0,VCT Americas
6743,2,Ascent,Ethan,EG,Kayo,0.8,146.0,10,16,16,-6,75.0,111.0,21.0,1.0,3.0,-2.0,EG,,11,KRU,,13,0,VCT Americas
6744,2,Ascent,jawgemo,EG,Omen,0.69,133.0,10,17,9,-7,71.0,92.0,22.0,1.0,4.0,-3.0,EG,,11,KRU,,13,0,VCT Americas
6745,2,Ascent,Melser,KRÜ,Omen,1.32,241.0,20,15,12,5,83.0,160.0,27.0,2.0,1.0,1.0,EG,,11,KRU,,13,0,VCT Americas
6746,2,Ascent,NagZ,KRÜ,Killjoy,1.21,255.0,20,16,7,4,75.0,175.0,23.0,4.0,2.0,2.0,EG,,11,KRU,,13,0,VCT Americas
6747,2,Ascent,keznit,KRÜ,Jett,0.97,219.0,18,18,5,0,71.0,137.0,27.0,4.0,4.0,0.0,EG,,11,KRU,,13,0,VCT Americas
6748,2,Ascent,DaveeyS,KRÜ,Kayo,0.94,132.0,11,14,15,-3,79.0,84.0,19.0,2.0,3.0,-1.0,EG,,11,KRU,,13,0,VCT Americas
6749,2,Ascent,Klaus,KRÜ,Sova,0.68,150.0,13,19,7,-6,50.0,84.0,16.0,0.0,2.0,-2.0,EG,,11,KRU,,13,0,VCT Americas
6750,3,Fracture,C0M,EG,Sova,1.57,288.0,22,11,8,11,90.0,171.0,14.0,3.0,0.0,3.0,EG,,13,KRU,,7,1,VCT Americas
6751,3,Fracture,Demon1,EG,Brimstone,1.42,209.0,17,8,8,9,95.0,132.0,23.0,2.0,0.0,2.0,EG,,13,KRU,,7,1,VCT Americas
6752,3,Fracture,jawgemo,EG,Raze,1.21,245.0,18,13,8,5,85.0,152.0,9.0,2.0,3.0,-1.0,EG,,13,KRU,,7,1,VCT Americas
6753,3,Fracture,Ethan,EG,Breach,1.03,177.0,11,12,10,-1,95.0,120.0,16.0,4.0,1.0,3.0,EG,,13,KRU,,7,1,VCT Americas
6754,3,Fracture,Boostio,EG,Killjoy,1.0,199.0,14,13,5,1,80.0,137.0,17.0,2.0,3.0,-1.0,EG,,13,KRU,,7,1,VCT Americas
6755,3,Fracture,Klaus,KRÜ,Fade,1.08,207.0,15,15,10,0,80.0,129.0,10.0,1.0,2.0,-1.0,EG,,13,KRU,,7,0,VCT Americas
6756,3,Fracture,NagZ,KRÜ,Cypher,0.97,212.0,16,17,2,-1,70.0,133.0,17.0,2.0,1.0,1.0,EG,,13,KRU,,7,0,VCT Americas
6757,3,Fracture,Melser,KRÜ,Brimstone,0.82,152.0,11,16,3,-5,55.0,84.0,23.0,3.0,1.0,2.0,EG,,13,KRU,,7,0,VCT Americas
6758,3,Fracture,DaveeyS,KRÜ,Breach,0.56,112.0,7,16,7,-9,65.0,67.0,9.0,0.0,2.0,-2.0,EG,,13,KRU,,7,0,VCT Americas
6759,3,Fracture,keznit,KRÜ,Raze,0.39,145.0,8,18,6,-10,55.0,105.0,17.0,1.0,7.0,-6.0,EG,,13,KRU,,7,0,VCT Americas
6760,0,Split,cauanzin,LOUD,Skye,1.58,250.0,21,11,10,10,82.0,164.0,28.0,2.0,1.0,1.0,LOUD,,13,FUR,,9,1,VCT Americas
6761,0,Split,aspas,LOUD,Jett,1.54,273.0,22,11,3,11,95.0,166.0,30.0,4.0,0.0,4.0,LOUD,,13,FUR,,9,1,VCT Americas
6762,0,Split,Less,LOUD,Viper,1.08,244.0,19,15,6,4,77.0,153.0,31.0,4.0,2.0,2.0,LOUD,,13,FUR,,9,1,VCT Americas
6763,0,Split,tuyz,LOUD,Astra,0.87,169.0,14,15,11,-1,95.0,112.0,25.0,1.0,2.0,-1.0,LOUD,,13,FUR,,9,1,VCT Americas
6764,0,Split,saadhak,LOUD,Raze,0.56,156.0,11,18,4,-7,68.0,96.0,22.0,1.0,5.0,-4.0,LOUD,,13,FUR,,9,1,VCT Americas
6765,0,Split,mazin,FUR,Skye,1.3,225.0,17,14,6,3,73.0,147.0,29.0,2.0,0.0,2.0,LOUD,,13,FUR,,9,0,VCT Americas
6766,0,Split,qck,FUR,Viper,1.05,215.0,18,16,7,2,68.0,124.0,28.0,0.0,1.0,-1.0,LOUD,,13,FUR,,9,0,VCT Americas
6767,0,Split,dgzin,FUR,Chamber,0.75,173.0,13,18,3,-5,68.0,118.0,38.0,3.0,2.0,1.0,LOUD,,13,FUR,,9,0,VCT Americas
6768,0,Split,Khalil,FUR,Astra,0.73,134.0,10,17,6,-7,50.0,90.0,27.0,1.0,2.0,-1.0,LOUD,,13,FUR,,9,0,VCT Americas
6769,0,Split,mwzera,FUR,Raze,0.57,193.0,12,22,9,-10,68.0,128.0,20.0,4.0,7.0,-3.0,LOUD,,13,FUR,,9,0,VCT Americas
6770,2,Icebox,aspas,LOUD,Jett,1.89,416.0,26,10,3,16,94.0,248.0,19.0,7.0,0.0,7.0,LOUD,,13,FUR,,4,1,VCT Americas
6771,2,Icebox,tuyz,LOUD,Harbor,1.44,221.0,15,7,2,8,82.0,137.0,43.0,1.0,0.0,1.0,LOUD,,13,FUR,,4,1,VCT Americas
6772,2,Icebox,Less,LOUD,Viper,0.98,181.0,11,9,7,2,82.0,119.0,20.0,3.0,1.0,2.0,LOUD,,13,FUR,,4,1,VCT Americas
6773,2,Icebox,saadhak,LOUD,Killjoy,0.75,124.0,6,9,4,-3,71.0,94.0,11.0,1.0,2.0,-1.0,LOUD,,13,FUR,,4,1,VCT Americas
6774,2,Icebox,cauanzin,LOUD,Sova,0.65,135.0,10,12,5,-2,94.0,75.0,33.0,1.0,1.0,0.0,LOUD,,13,FUR,,4,1,VCT Americas
6775,2,Icebox,Khalil,FUR,Killjoy,1.2,228.0,14,12,2,2,65.0,129.0,20.0,0.0,2.0,-2.0,LOUD,,13,FUR,,4,0,VCT Americas
6776,2,Icebox,dgzin,FUR,Jett,0.99,244.0,14,17,4,-3,53.0,147.0,19.0,3.0,1.0,2.0,LOUD,,13,FUR,,4,0,VCT Americas
6777,2,Icebox,mazin,FUR,Viper,0.73,139.0,8,13,3,-5,53.0,106.0,36.0,0.0,4.0,-4.0,LOUD,,13,FUR,,4,0,VCT Americas
6778,2,Icebox,mwzera,FUR,Sova,0.53,116.0,7,14,3,-7,53.0,104.0,26.0,1.0,3.0,-2.0,LOUD,,13,FUR,,4,0,VCT Americas
6779,2,Icebox,qck,FUR,Sage,0.45,96.0,4,12,2,-8,59.0,76.0,16.0,0.0,3.0,-3.0,LOUD,,13,FUR,,4,0,VCT Americas
6780,0,Pearl,saadhak,LOUD,Killjoy,1.01,188.0,12,14,2,-2,68.0,138.0,30.0,3.0,3.0,0.0,LOUD,,6,SEN,,13,0,VCT Americas
6781,0,Pearl,Less,LOUD,Viper,0.92,215.0,14,14,5,0,68.0,135.0,34.0,3.0,2.0,1.0,LOUD,,6,SEN,,13,0,VCT Americas
6782,0,Pearl,cauanzin,LOUD,Skye,0.83,202.0,13,16,7,-3,63.0,121.0,17.0,2.0,0.0,2.0,LOUD,,6,SEN,,13,0,VCT Americas
6783,0,Pearl,aspas,LOUD,Jett,0.66,153.0,11,16,0,-5,63.0,104.0,45.0,1.0,3.0,-2.0,LOUD,,6,SEN,,13,0,VCT Americas
6784,0,Pearl,tuyz,LOUD,Harbor,0.63,140.0,8,17,14,-9,58.0,73.0,12.0,0.0,2.0,-2.0,LOUD,,6,SEN,,13,0,VCT Americas
6785,0,Pearl,Sacy,SEN,Skye,1.45,283.0,20,13,11,7,84.0,165.0,35.0,2.0,1.0,1.0,LOUD,,6,SEN,,13,1,VCT Americas
6786,0,Pearl,pANcada,SEN,Killjoy,1.31,189.0,13,8,7,5,79.0,132.0,17.0,1.0,0.0,1.0,LOUD,,6,SEN,,13,1,VCT Americas
6787,0,Pearl,zekken,SEN,Jett,1.23,247.0,15,13,6,2,68.0,175.0,39.0,4.0,2.0,2.0,LOUD,,6,SEN,,13,1,VCT Americas
6788,0,Pearl,dephh,SEN,Harbor,1.07,191.0,15,13,7,2,79.0,111.0,21.0,1.0,0.0,1.0,LOUD,,6,SEN,,13,1,VCT Americas
6789,0,Pearl,Marved,SEN,Viper,1.01,200.0,14,11,5,3,63.0,123.0,22.0,2.0,6.0,-4.0,LOUD,,6,SEN,,13,1,VCT Americas
6790,2,Haven,aspas,LOUD,Jett,1.6,301.0,28,13,2,15,75.0,183.0,27.0,5.0,1.0,4.0,LOUD,,13,SEN,,11,1,VCT Americas
6791,2,Haven,Less,LOUD,Killjoy,1.02,211.0,16,16,6,0,71.0,147.0,22.0,4.0,3.0,1.0,LOUD,,13,SEN,,11,1,VCT Americas
6792,2,Haven,cauanzin,LOUD,Skye,0.86,220.0,19,20,13,-1,83.0,119.0,25.0,3.0,2.0,1.0,LOUD,,13,SEN,,11,1,VCT Americas
6793,2,Haven,tuyz,LOUD,Harbor,0.73,109.0,10,16,9,-6,79.0,81.0,27.0,1.0,2.0,-1.0,LOUD,,13,SEN,,11,1,VCT Americas
6794,2,Haven,saadhak,LOUD,Viper,0.65,121.0,9,16,10,-7,71.0,86.0,29.0,0.0,3.0,-3.0,LOUD,,13,SEN,,11,1,VCT Americas
6795,2,Haven,Sacy,SEN,Sova,1.57,276.0,23,14,9,9,88.0,188.0,39.0,1.0,2.0,-1.0,LOUD,,13,SEN,,11,0,VCT Americas
6796,2,Haven,zekken,SEN,Jett,1.19,259.0,23,18,3,5,79.0,159.0,20.0,5.0,3.0,2.0,LOUD,,13,SEN,,11,0,VCT Americas
6797,2,Haven,Marved,SEN,Astra,1.17,229.0,18,16,6,2,67.0,146.0,39.0,4.0,3.0,1.0,LOUD,,13,SEN,,11,0,VCT Americas
6798,2,Haven,pANcada,SEN,Killjoy,0.86,142.0,12,14,3,-2,79.0,113.0,18.0,1.0,2.0,-1.0,LOUD,,13,SEN,,11,0,VCT Americas
6799,2,Haven,dephh,SEN,Breach,0.29,65.0,5,20,8,-15,50.0,46.0,26.0,0.0,3.0,-3.0,LOUD,,13,SEN,,11,0,VCT Americas
6800,3,Ascent,aspas,LOUD,Jett,1.8,332.0,25,10,4,15,81.0,218.0,29.0,3.0,1.0,2.0,LOUD,,13,SEN,,8,1,VCT Americas
6801,3,Ascent,cauanzin,LOUD,Sova,1.45,278.0,23,12,6,11,100.0,162.0,14.0,4.0,0.0,4.0,LOUD,,13,SEN,,8,1,VCT Americas
6802,3,Ascent,saadhak,LOUD,Kayo,1.02,212.0,16,15,13,1,76.0,119.0,20.0,1.0,4.0,-3.0,LOUD,,13,SEN,,8,1,VCT Americas
6803,3,Ascent,tuyz,LOUD,Omen,0.93,129.0,11,11,11,0,81.0,76.0,23.0,1.0,2.0,-1.0,LOUD,,13,SEN,,8,1,VCT Americas
6804,3,Ascent,Less,LOUD,Killjoy,0.83,130.0,8,11,5,-3,76.0,88.0,10.0,2.0,3.0,-1.0,LOUD,,13,SEN,,8,1,VCT Americas
6805,3,Ascent,Marved,SEN,Omen,1.37,269.0,19,17,5,2,71.0,184.0,29.0,3.0,1.0,2.0,LOUD,,13,SEN,,8,0,VCT Americas
6806,3,Ascent,Sacy,SEN,Sova,0.94,215.0,15,17,6,-2,67.0,142.0,22.0,1.0,1.0,0.0,LOUD,,13,SEN,,8,0,VCT Americas
6807,3,Ascent,pANcada,SEN,Killjoy,0.74,164.0,11,16,4,-5,48.0,112.0,14.0,2.0,2.0,0.0,LOUD,,13,SEN,,8,0,VCT Americas
6808,3,Ascent,zekken,SEN,Jett,0.55,127.0,8,16,3,-8,48.0,98.0,16.0,3.0,5.0,-2.0,LOUD,,13,SEN,,8,0,VCT Americas
6809,3,Ascent,dephh,SEN,Kayo,0.35,82.0,6,17,7,-11,52.0,40.0,21.0,1.0,2.0,-1.0,LOUD,,13,SEN,,8,0,VCT Americas
6810,0,Pearl,nzr,LEV,Skye,1.54,233.0,17,6,9,11,88.0,139.0,21.0,2.0,0.0,2.0,LEV,,13,MIBR,,4,1,VCT Americas
6811,0,Pearl,Mazino,LEV,Harbor,1.43,228.0,13,10,13,3,88.0,150.0,29.0,3.0,2.0,1.0,LEV,,13,MIBR,,4,1,VCT Americas
6812,0,Pearl,Shyy,LEV,Killjoy,1.43,292.0,17,9,3,8,71.0,188.0,18.0,4.0,1.0,3.0,LEV,,13,MIBR,,4,1,VCT Americas
6813,0,Pearl,Tacolilla,LEV,Jett,1.28,166.0,10,6,3,4,88.0,94.0,12.0,1.0,2.0,-1.0,LEV,,13,MIBR,,4,1,VCT Americas
6814,0,Pearl,kiNgg,LEV,Viper,1.12,249.0,14,11,8,3,88.0,156.0,27.0,1.0,1.0,0.0,LEV,,13,MIBR,,4,1,VCT Americas
6815,0,Pearl,heat,MIBR,Jett,0.99,201.0,12,13,1,-1,71.0,143.0,38.0,1.0,2.0,-1.0,LEV,,13,MIBR,,4,0,VCT Americas
6816,0,Pearl,frz,MIBR,Killjoy,0.93,223.0,13,14,2,-1,82.0,143.0,23.0,0.0,1.0,-1.0,LEV,,13,MIBR,,4,0,VCT Americas
6817,0,Pearl,RgLMeister,MIBR,Harbor,0.6,118.0,7,14,4,-7,82.0,91.0,21.0,2.0,1.0,1.0,LEV,,13,MIBR,,4,0,VCT Americas
6818,0,Pearl,murizzz,MIBR,Viper,0.57,122.0,6,14,3,-8,47.0,80.0,12.0,2.0,4.0,-2.0,LEV,,13,MIBR,,4,0,VCT Americas
6819,0,Pearl,jzz,MIBR,Skye,0.24,102.0,4,16,6,-12,59.0,75.0,12.0,1.0,3.0,-2.0,LEV,,13,MIBR,,4,0,VCT Americas
6820,2,Icebox,nzr,LEV,Sova,1.69,251.0,16,5,7,11,94.0,156.0,22.0,0.0,1.0,-1.0,LEV,,13,MIBR,,3,1,VCT Americas
6821,2,Icebox,Tacolilla,LEV,Jett,1.62,266.0,15,5,4,10,88.0,179.0,20.0,5.0,2.0,3.0,LEV,,13,MIBR,,3,1,VCT Americas
6822,2,Icebox,kiNgg,LEV,Viper,1.36,225.0,13,7,7,6,88.0,145.0,33.0,0.0,3.0,-3.0,LEV,,13,MIBR,,3,1,VCT Americas
6823,2,Icebox,Mazino,LEV,Harbor,1.16,190.0,11,9,7,2,88.0,119.0,13.0,4.0,1.0,3.0,LEV,,13,MIBR,,3,1,VCT Americas
6824,2,Icebox,Shyy,LEV,Killjoy,1.04,199.0,12,10,2,2,81.0,119.0,16.0,0.0,0.0,0.0,LEV,,13,MIBR,,3,1,VCT Americas
6825,2,Icebox,frz,MIBR,Killjoy,0.77,179.0,10,13,0,-3,50.0,132.0,36.0,3.0,2.0,1.0,LEV,,13,MIBR,,3,0,VCT Americas
6826,2,Icebox,heat,MIBR,Jett,0.76,175.0,8,13,1,-5,56.0,122.0,24.0,3.0,1.0,2.0,LEV,,13,MIBR,,3,0,VCT Americas
6827,2,Icebox,RgLMeister,MIBR,Harbor,0.69,175.0,8,14,4,-6,63.0,117.0,25.0,0.0,2.0,-2.0,LEV,,13,MIBR,,3,0,VCT Americas
6828,2,Icebox,jzz,MIBR,Sova,0.61,116.0,6,13,1,-7,50.0,86.0,29.0,0.0,1.0,-1.0,LEV,,13,MIBR,,3,0,VCT Americas
6829,2,Icebox,murizzz,MIBR,Viper,0.17,99.0,4,15,4,-11,50.0,69.0,28.0,1.0,3.0,-2.0,LEV,,13,MIBR,,3,0,VCT Americas
6830,0,Ascent,Melser,KRÜ,Omen,1.77,311.0,21,9,10,12,82.0,210.0,53.0,4.0,2.0,2.0,KRU,,13,100T,,4,0,VCT Americas
6831,0,Ascent,keznit,KRÜ,Jett,1.49,342.0,23,10,2,13,88.0,211.0,21.0,4.0,3.0,1.0,KRU,,13,100T,,4,0,VCT Americas
6832,0,Ascent,DaveeyS,KRÜ,Kayo,1.45,220.0,14,8,12,6,88.0,126.0,23.0,2.0,1.0,1.0,KRU,,13,100T,,4,0,VCT Americas
6833,0,Ascent,NagZ,KRÜ,Killjoy,1.1,158.0,10,6,3,4,82.0,107.0,15.0,0.0,0.0,0.0,KRU,,13,100T,,4,0,VCT Americas
6834,0,Ascent,Klaus,KRÜ,Sova,0.84,169.0,9,10,9,-1,94.0,115.0,24.0,0.0,1.0,-1.0,KRU,,13,100T,,4,0,VCT Americas
6835,0,Ascent,stellar,100T,Viper,0.85,184.0,10,16,2,-6,41.0,137.0,42.0,2.0,1.0,1.0,KRU,,13,100T,,4,0,VCT Americas
6836,0,Ascent,bang,100T,Omen,0.78,165.0,8,14,6,-6,53.0,105.0,35.0,2.0,2.0,0.0,KRU,,13,100T,,4,0,VCT Americas
6837,0,Ascent,Asuna,100T,Kayo,0.77,180.0,10,15,2,-5,65.0,131.0,20.0,2.0,1.0,1.0,KRU,,13,100T,,4,0,VCT Americas
6838,0,Ascent,Cryocells,100T,Jett,0.67,184.0,10,16,4,-6,53.0,115.0,9.0,1.0,5.0,-4.0,KRU,,13,100T,,4,0,VCT Americas
6839,0,Ascent,Derrek,100T,Sova,0.43,83.0,5,16,3,-11,41.0,73.0,37.0,0.0,1.0,-1.0,KRU,,13,100T,,4,0,VCT Americas
6840,2,Split,keznit,KRÜ,Jett,1.15,245.0,20,19,6,1,75.0,168.0,29.0,4.0,4.0,0.0,KRU,,11,100T,,13,0,VCT Americas
6841,2,Split,NagZ,KRÜ,Viper,1.15,224.0,18,15,13,3,83.0,143.0,24.0,3.0,1.0,2.0,KRU,,11,100T,,13,0,VCT Americas
6842,2,Split,Melser,KRÜ,Astra,1.15,201.0,17,16,10,1,96.0,150.0,24.0,1.0,1.0,0.0,KRU,,11,100T,,13,0,VCT Americas
6843,2,Split,Klaus,KRÜ,Skye,1.14,255.0,22,18,19,4,83.0,141.0,20.0,1.0,1.0,0.0,KRU,,11,100T,,13,0,VCT Americas
6844,2,Split,DaveeyS,KRÜ,Raze,0.56,144.0,10,18,8,-8,63.0,109.0,14.0,2.0,6.0,-4.0,KRU,,11,100T,,13,0,VCT Americas
6845,2,Split,Asuna,100T,Raze,1.45,339.0,27,20,11,7,71.0,221.0,13.0,7.0,4.0,3.0,KRU,,11,100T,,13,1,VCT Americas
6846,2,Split,Cryocells,100T,Sage,1.25,179.0,17,15,9,2,67.0,139.0,28.0,1.0,3.0,-2.0,KRU,,11,100T,,13,1,VCT Americas
6847,2,Split,Derrek,100T,Skye,1.0,172.0,13,17,10,-4,71.0,123.0,35.0,1.0,0.0,1.0,KRU,,11,100T,,13,1,VCT Americas
6848,2,Split,bang,100T,Astra,0.95,202.0,18,18,6,0,83.0,135.0,29.0,3.0,3.0,0.0,KRU,,11,100T,,13,1,VCT Americas
6849,2,Split,stellar,100T,Cypher,0.79,151.0,11,17,8,-6,79.0,100.0,18.0,1.0,1.0,0.0,KRU,,11,100T,,13,1,VCT Americas
6850,3,Fracture,Klaus,KRÜ,Fade,1.13,236.0,17,14,2,3,72.0,157.0,38.0,1.0,0.0,1.0,KRU,,5,100T,,13,0,VCT Americas
6851,3,Fracture,Melser,KRÜ,Brimstone,0.86,167.0,11,15,9,-4,72.0,109.0,46.0,1.0,1.0,0.0,KRU,,5,100T,,13,0,VCT Americas
6852,3,Fracture,NagZ,KRÜ,Cypher,0.77,164.0,9,14,6,-5,67.0,111.0,22.0,1.0,1.0,0.0,KRU,,5,100T,,13,0,VCT Americas
6853,3,Fracture,keznit,KRÜ,Raze,0.73,212.0,12,15,3,-3,50.0,143.0,30.0,4.0,9.0,-5.0,KRU,,5,100T,,13,0,VCT Americas
6854,3,Fracture,DaveeyS,KRÜ,Breach,0.36,80.0,4,15,8,-11,50.0,51.0,4.0,0.0,0.0,0.0,KRU,,5,100T,,13,0,VCT Americas
6855,3,Fracture,Cryocells,100T,Jett,1.79,342.0,20,9,6,11,100.0,222.0,17.0,7.0,0.0,7.0,KRU,,5,100T,,13,1,VCT Americas
6856,3,Fracture,bang,100T,Brimstone,1.31,260.0,18,11,6,7,83.0,153.0,21.0,1.0,3.0,-2.0,KRU,,5,100T,,13,1,VCT Americas
6857,3,Fracture,stellar,100T,Killjoy,1.16,180.0,13,10,2,3,78.0,112.0,20.0,1.0,0.0,1.0,KRU,,5,100T,,13,1,VCT Americas
6858,3,Fracture,Asuna,100T,Skye,1.12,220.0,14,12,6,2,72.0,137.0,11.0,2.0,3.0,-1.0,KRU,,5,100T,,13,1,VCT Americas
6859,3,Fracture,Derrek,100T,Breach,0.88,121.0,8,11,8,-3,78.0,98.0,38.0,0.0,1.0,-1.0,KRU,,5,100T,,13,1,VCT Americas
6860,0,Ascent,Boostio,EG,Killjoy,1.29,273.0,23,21,9,2,61.0,190.0,24.0,3.0,4.0,-1.0,EG,,13,FUR,,15,0,VCT Americas
6861,0,Ascent,Ethan,EG,Kayo,1.05,192.0,20,19,11,1,79.0,129.0,23.0,1.0,1.0,0.0,EG,,13,FUR,,15,0,VCT Americas
6862,0,Ascent,Demon1,EG,Jett,0.92,203.0,20,20,2,0,68.0,131.0,35.0,4.0,7.0,-3.0,EG,,13,FUR,,15,0,VCT Americas
6863,0,Ascent,jawgemo,EG,Omen,0.72,147.0,15,22,15,-7,71.0,88.0,27.0,1.0,5.0,-4.0,EG,,13,FUR,,15,0,VCT Americas
6864,0,Ascent,C0M,EG,Sova,0.72,163.0,14,22,12,-8,68.0,111.0,18.0,1.0,1.0,0.0,EG,,13,FUR,,15,0,VCT Americas
6865,0,Ascent,mwzera,FUR,Sova,1.49,266.0,26,17,9,9,89.0,192.0,19.0,2.0,1.0,1.0,EG,,13,FUR,,15,1,VCT Americas
6866,0,Ascent,mazin,FUR,Kayo,1.34,249.0,26,17,11,9,82.0,149.0,28.0,4.0,1.0,3.0,EG,,13,FUR,,15,1,VCT Americas
6867,0,Ascent,Khalil,FUR,Omen,0.93,160.0,15,17,8,-2,82.0,107.0,36.0,0.0,1.0,-1.0,EG,,13,FUR,,15,1,VCT Americas
6868,0,Ascent,qck,FUR,Killjoy,0.93,185.0,18,20,5,-2,64.0,139.0,27.0,2.0,1.0,1.0,EG,,13,FUR,,15,1,VCT Americas
6869,0,Ascent,dgzin,FUR,Jett,0.78,189.0,19,21,1,-2,68.0,108.0,22.0,10.0,6.0,4.0,EG,,13,FUR,,15,1,VCT Americas
6870,2,Fracture,Ethan,EG,Breach,1.5,266.0,21,11,11,10,90.0,153.0,22.0,3.0,1.0,2.0,EG,,13,FUR,,7,1,VCT Americas
6871,2,Fracture,Boostio,EG,Killjoy,1.42,320.0,22,14,6,8,85.0,212.0,21.0,5.0,2.0,3.0,EG,,13,FUR,,7,1,VCT Americas
6872,2,Fracture,jawgemo,EG,Raze,1.4,272.0,21,12,4,9,85.0,172.0,16.0,2.0,3.0,-1.0,EG,,13,FUR,,7,1,VCT Americas
6873,2,Fracture,C0M,EG,Sova,1.31,209.0,15,10,9,5,75.0,145.0,25.0,1.0,2.0,-1.0,EG,,13,FUR,,7,1,VCT Americas
6874,2,Fracture,Demon1,EG,Brimstone,0.56,93.0,6,12,4,-6,70.0,61.0,29.0,0.0,1.0,-1.0,EG,,13,FUR,,7,1,VCT Americas
6875,2,Fracture,qck,FUR,Killjoy,0.93,179.0,12,15,2,-3,60.0,143.0,17.0,1.0,2.0,-1.0,EG,,13,FUR,,7,0,VCT Americas
6876,2,Fracture,Khalil,FUR,Brimstone,0.8,157.0,12,15,4,-3,75.0,103.0,22.0,1.0,0.0,1.0,EG,,13,FUR,,7,0,VCT Americas
6877,2,Fracture,mazin,FUR,Breach,0.77,191.0,12,18,7,-6,60.0,127.0,22.0,1.0,1.0,0.0,EG,,13,FUR,,7,0,VCT Americas
6878,2,Fracture,dgzin,FUR,Neon,0.67,198.0,12,19,4,-7,55.0,133.0,24.0,4.0,4.0,0.0,EG,,13,FUR,,7,0,VCT Americas
6879,2,Fracture,mwzera,FUR,Fade,0.64,169.0,11,18,3,-7,55.0,103.0,16.0,2.0,4.0,-2.0,EG,,13,FUR,,7,0,VCT Americas
6880,3,Haven,Demon1,EG,Jett,0.97,220.0,17,18,1,-1,57.0,139.0,44.0,4.0,2.0,2.0,EG,,10,FUR,,13,0,VCT Americas
6881,3,Haven,Ethan,EG,Breach,0.93,208.0,15,19,11,-4,74.0,135.0,18.0,1.0,3.0,-2.0,EG,,10,FUR,,13,0,VCT Americas
6882,3,Haven,Boostio,EG,Killjoy,0.83,159.0,12,16,1,-4,61.0,108.0,15.0,0.0,4.0,-4.0,EG,,10,FUR,,13,0,VCT Americas
6883,3,Haven,jawgemo,EG,Omen,0.78,142.0,10,18,8,-8,57.0,95.0,16.0,0.0,1.0,-1.0,EG,,10,FUR,,13,0,VCT Americas
6884,3,Haven,C0M,EG,Sova,0.49,140.0,10,20,5,-10,57.0,90.0,10.0,3.0,5.0,-2.0,EG,,10,FUR,,13,0,VCT Americas
6885,3,Haven,mwzera,FUR,Skye,1.61,348.0,30,13,6,17,74.0,205.0,30.0,5.0,2.0,3.0,EG,,10,FUR,,13,1,VCT Americas
6886,3,Haven,dgzin,FUR,Jett,1.3,218.0,17,11,2,6,74.0,127.0,25.0,7.0,0.0,7.0,EG,,10,FUR,,13,1,VCT Americas
6887,3,Haven,qck,FUR,Killjoy,1.03,181.0,16,13,2,3,57.0,116.0,24.0,1.0,4.0,-3.0,EG,,10,FUR,,13,1,VCT Americas
6888,3,Haven,mazin,FUR,Breach,1.02,180.0,14,12,12,2,74.0,144.0,30.0,0.0,0.0,0.0,EG,,10,FUR,,13,1,VCT Americas
6889,3,Haven,Khalil,FUR,Omen,0.91,185.0,14,15,17,-1,78.0,117.0,24.0,2.0,2.0,0.0,EG,,10,FUR,,13,1,VCT Americas
6890,0,Haven,s0m,NRG,Astra,,,24,8,1,16,,,,,,,NRG,,13,C9,,8,1,VCT Americas
6891,0,Haven,Victor,NRG,Killjoy,,,18,15,6,3,,,,,,,NRG,,13,C9,,8,1,VCT Americas
6892,0,Haven,crashies,NRG,Sova,,,12,13,4,-1,,,,,,,NRG,,13,C9,,8,1,VCT Americas
6893,0,Haven,ardiis,NRG,Jett,,,11,16,3,-5,,,,,,,NRG,,13,C9,,8,1,VCT Americas
6894,0,Haven,FiNESSE,NRG,Breach,,,8,11,10,-3,,,,,,,NRG,,13,C9,,8,1,VCT Americas
6895,0,Haven,leaf,C9,Jett,,,18,15,3,3,,,,,,,NRG,,13,C9,,8,0,VCT Americas
6896,0,Haven,runi,C9,Sova,,,16,14,6,2,,,,,,,NRG,,13,C9,,8,0,VCT Americas
6897,0,Haven,Xeppaa,C9,Breach,,,11,15,11,-4,,,,,,,NRG,,13,C9,,8,0,VCT Americas
6898,0,Haven,Zellsis,C9,Killjoy,,,10,13,5,-3,,,,,,,NRG,,13,C9,,8,0,VCT Americas
6899,0,Haven,jakee,C9,Omen,,,8,16,7,-8,,,,,,,NRG,,13,C9,,8,0,VCT Americas
6900,2,Pearl,crashies,NRG,Killjoy,1.27,268.0,19,15,5,4,91.0,189.0,24.0,1.0,1.0,0.0,NRG,,9,C9,,13,0,VCT Americas
6901,2,Pearl,FiNESSE,NRG,Skye,0.81,189.0,16,18,4,-2,68.0,120.0,25.0,3.0,3.0,0.0,NRG,,9,C9,,13,0,VCT Americas
6902,2,Pearl,s0m,NRG,Harbor,0.77,152.0,13,16,2,-3,77.0,108.0,22.0,2.0,1.0,1.0,NRG,,9,C9,,13,0,VCT Americas
6903,2,Pearl,ardiis,NRG,Raze,0.75,196.0,12,17,11,-5,77.0,138.0,25.0,2.0,3.0,-1.0,NRG,,9,C9,,13,0,VCT Americas
6904,2,Pearl,Victor,NRG,Viper,0.62,140.0,10,17,3,-7,68.0,90.0,19.0,2.0,4.0,-2.0,NRG,,9,C9,,13,0,VCT Americas
6905,2,Pearl,Zellsis,C9,Harbor,1.33,217.0,19,12,5,7,82.0,136.0,31.0,2.0,0.0,2.0,NRG,,9,C9,,13,1,VCT Americas
6906,2,Pearl,jakee,C9,Viper,1.29,247.0,21,14,5,7,86.0,159.0,38.0,1.0,4.0,-3.0,NRG,,9,C9,,13,1,VCT Americas
6907,2,Pearl,leaf,C9,Jett,1.26,282.0,22,15,4,7,86.0,164.0,18.0,8.0,3.0,5.0,NRG,,9,C9,,13,1,VCT Americas
6908,2,Pearl,runi,C9,Killjoy,0.88,165.0,12,16,6,-4,86.0,131.0,19.0,0.0,1.0,-1.0,NRG,,9,C9,,13,1,VCT Americas
6909,2,Pearl,Xeppaa,C9,Skye,0.81,123.0,9,13,14,-4,82.0,85.0,34.0,1.0,2.0,-1.0,NRG,,9,C9,,13,1,VCT Americas
6910,3,Ascent,Victor,NRG,Jett,1.23,304.0,19,17,4,2,75.0,205.0,18.0,8.0,3.0,5.0,NRG,,7,C9,,13,0,VCT Americas
6911,3,Ascent,crashies,NRG,Sova,1.03,205.0,16,16,7,0,75.0,122.0,23.0,1.0,2.0,-1.0,NRG,,7,C9,,13,0,VCT Americas
6912,3,Ascent,FiNESSE,NRG,Kayo,0.74,150.0,9,16,10,-7,55.0,106.0,26.0,0.0,0.0,0.0,NRG,,7,C9,,13,0,VCT Americas
6913,3,Ascent,s0m,NRG,Omen,0.72,130.0,9,16,6,-7,75.0,75.0,23.0,3.0,1.0,2.0,NRG,,7,C9,,13,0,VCT Americas
6914,3,Ascent,ardiis,NRG,Killjoy,0.35,90.0,7,16,1,-9,50.0,65.0,9.0,0.0,2.0,-2.0,NRG,,7,C9,,13,0,VCT Americas
6915,3,Ascent,jakee,C9,Omen,1.81,318.0,24,10,11,14,75.0,210.0,32.0,1.0,2.0,-1.0,NRG,,7,C9,,13,1,VCT Americas
6916,3,Ascent,runi,C9,Viper,1.23,217.0,15,10,5,5,80.0,127.0,26.0,0.0,1.0,-1.0,NRG,,7,C9,,13,1,VCT Americas
6917,3,Ascent,Zellsis,C9,Killjoy,1.13,216.0,16,13,4,3,75.0,153.0,23.0,4.0,1.0,3.0,NRG,,7,C9,,13,1,VCT Americas
6918,3,Ascent,leaf,C9,Jett,1.04,218.0,15,13,5,2,70.0,152.0,32.0,2.0,6.0,-4.0,NRG,,7,C9,,13,1,VCT Americas
6919,3,Ascent,Xeppaa,C9,Skye,0.9,162.0,11,14,12,-3,80.0,103.0,30.0,1.0,2.0,-1.0,NRG,,7,C9,,13,1,VCT Americas
6920,0,Pearl,jzz,MIBR,Skye,1.39,253.0,15,12,9,3,78.0,171.0,34.0,3.0,2.0,1.0,MIBR,,5,SEN,,13,0,VCT Americas
6921,0,Pearl,heat,MIBR,Jett,1.12,258.0,16,15,3,1,67.0,141.0,38.0,2.0,2.0,0.0,MIBR,,5,SEN,,13,0,VCT Americas
6922,0,Pearl,RgLMeister,MIBR,Harbor,0.92,177.0,12,13,6,-1,61.0,120.0,18.0,0.0,2.0,-2.0,MIBR,,5,SEN,,13,0,VCT Americas
6923,0,Pearl,frz,MIBR,Killjoy,0.77,163.0,8,13,8,-5,72.0,125.0,22.0,2.0,0.0,2.0,MIBR,,5,SEN,,13,0,VCT Americas
6924,0,Pearl,murizzz,MIBR,Viper,0.44,110.0,6,15,6,-9,56.0,78.0,17.0,1.0,4.0,-3.0,MIBR,,5,SEN,,13,0,VCT Americas
6925,0,Pearl,Marved,SEN,Viper,1.54,287.0,18,10,9,8,89.0,175.0,34.0,4.0,2.0,2.0,MIBR,,5,SEN,,13,1,VCT Americas
6926,0,Pearl,Sacy,SEN,Skye,1.43,267.0,19,10,8,9,89.0,164.0,43.0,2.0,2.0,0.0,MIBR,,5,SEN,,13,1,VCT Americas
6927,0,Pearl,zekken,SEN,Jett,0.84,207.0,13,15,3,-2,72.0,129.0,13.0,3.0,2.0,1.0,MIBR,,5,SEN,,13,1,VCT Americas
6928,0,Pearl,dephh,SEN,Harbor,0.81,155.0,10,12,10,-2,78.0,95.0,16.0,0.0,0.0,0.0,MIBR,,5,SEN,,13,1,VCT Americas
6929,0,Pearl,pANcada,SEN,Killjoy,0.75,136.0,8,10,5,-2,83.0,96.0,24.0,1.0,2.0,-1.0,MIBR,,5,SEN,,13,1,VCT Americas
6930,2,Fracture,murizzz,MIBR,Kayo,1.31,260.0,17,13,8,4,68.0,164.0,15.0,2.0,1.0,1.0,MIBR,,6,SEN,,13,0,VCT Americas
6931,2,Fracture,jzz,MIBR,Breach,1.08,229.0,16,15,9,1,84.0,153.0,31.0,1.0,3.0,-2.0,MIBR,,6,SEN,,13,0,VCT Americas
6932,2,Fracture,RgLMeister,MIBR,Brimstone,0.9,200.0,15,15,4,0,79.0,124.0,21.0,1.0,3.0,-2.0,MIBR,,6,SEN,,13,0,VCT Americas
6933,2,Fracture,frz,MIBR,Cypher,0.59,163.0,10,18,4,-8,53.0,111.0,34.0,2.0,3.0,-1.0,MIBR,,6,SEN,,13,0,VCT Americas
6934,2,Fracture,heat,MIBR,Raze,0.53,129.0,9,17,4,-8,74.0,95.0,18.0,2.0,1.0,1.0,MIBR,,6,SEN,,13,0,VCT Americas
6935,2,Fracture,Marved,SEN,Brimstone,1.48,262.0,20,13,8,7,89.0,183.0,40.0,2.0,1.0,1.0,MIBR,,6,SEN,,13,1,VCT Americas
6936,2,Fracture,zekken,SEN,Raze,1.36,318.0,20,14,4,6,79.0,204.0,12.0,7.0,2.0,5.0,MIBR,,6,SEN,,13,1,VCT Americas
6937,2,Fracture,Sacy,SEN,Fade,1.33,259.0,20,13,3,7,79.0,166.0,33.0,1.0,2.0,-1.0,MIBR,,6,SEN,,13,1,VCT Americas
6938,2,Fracture,dephh,SEN,Breach,0.97,141.0,9,12,10,-3,74.0,107.0,32.0,1.0,1.0,0.0,MIBR,,6,SEN,,13,1,VCT Americas
6939,2,Fracture,pANcada,SEN,Killjoy,0.62,156.0,9,15,4,-6,63.0,116.0,25.0,0.0,2.0,-2.0,MIBR,,6,SEN,,13,1,VCT Americas
6940,0,Icebox,nzr,LEV,Sova,1.23,223.0,22,16,7,6,82.0,147.0,20.0,1.0,0.0,1.0,LEV,,15,100T,,13,1,VCT Americas
6941,0,Icebox,Mazino,LEV,Harbor,1.1,203.0,22,18,6,4,64.0,126.0,34.0,3.0,4.0,-1.0,LEV,,15,100T,,13,1,VCT Americas
6942,0,Icebox,kiNgg,LEV,Viper,1.09,217.0,19,20,6,-1,82.0,140.0,28.0,6.0,0.0,6.0,LEV,,15,100T,,13,1,VCT Americas
6943,0,Icebox,Tacolilla,LEV,Jett,1.02,185.0,18,16,4,2,68.0,123.0,40.0,4.0,5.0,-1.0,LEV,,15,100T,,13,1,VCT Americas
6944,0,Icebox,Shyy,LEV,Killjoy,0.94,214.0,23,22,5,1,64.0,135.0,33.0,2.0,3.0,-1.0,LEV,,15,100T,,13,1,VCT Americas
6945,0,Icebox,bang,100T,Viper,1.13,234.0,22,19,14,3,79.0,152.0,25.0,1.0,1.0,0.0,LEV,,15,100T,,13,0,VCT Americas
6946,0,Icebox,Cryocells,100T,Omen,1.01,208.0,21,22,14,-1,75.0,119.0,13.0,3.0,6.0,-3.0,LEV,,15,100T,,13,0,VCT Americas
6947,0,Icebox,Derrek,100T,Sova,0.99,242.0,22,24,12,-2,82.0,165.0,23.0,3.0,2.0,1.0,LEV,,15,100T,,13,0,VCT Americas
6948,0,Icebox,Asuna,100T,Sage,0.91,178.0,17,20,11,-3,75.0,114.0,23.0,3.0,6.0,-3.0,LEV,,15,100T,,13,0,VCT Americas
6949,0,Icebox,stellar,100T,Killjoy,0.65,136.0,10,19,3,-9,64.0,100.0,20.0,2.0,1.0,1.0,LEV,,15,100T,,13,0,VCT Americas
6950,2,Haven,Shyy,LEV,Killjoy,1.2,200.0,18,15,3,3,58.0,123.0,31.0,4.0,0.0,4.0,LEV,,11,100T,,13,0,VCT Americas
6951,2,Haven,kiNgg,LEV,Breach,1.11,203.0,17,16,10,1,67.0,127.0,48.0,2.0,3.0,-1.0,LEV,,11,100T,,13,0,VCT Americas
6952,2,Haven,nzr,LEV,Sova,0.93,127.0,10,14,10,-4,67.0,91.0,23.0,0.0,1.0,-1.0,LEV,,11,100T,,13,0,VCT Americas
6953,2,Haven,Tacolilla,LEV,Jett,0.79,163.0,14,18,4,-4,75.0,102.0,16.0,4.0,6.0,-2.0,LEV,,11,100T,,13,0,VCT Americas
6954,2,Haven,Mazino,LEV,Omen,0.68,141.0,10,18,7,-8,71.0,105.0,31.0,1.0,3.0,-2.0,LEV,,11,100T,,13,0,VCT Americas
6955,2,Haven,stellar,100T,Killjoy,1.23,216.0,18,12,6,6,75.0,142.0,22.0,3.0,2.0,1.0,LEV,,11,100T,,13,1,VCT Americas
6956,2,Haven,bang,100T,Omen,1.21,207.0,17,13,14,4,88.0,138.0,25.0,1.0,0.0,1.0,LEV,,11,100T,,13,1,VCT Americas
6957,2,Haven,Cryocells,100T,Jett,1.07,220.0,18,15,5,3,88.0,151.0,26.0,3.0,3.0,0.0,LEV,,11,100T,,13,1,VCT Americas
6958,2,Haven,Derrek,100T,Sova,0.99,192.0,14,15,8,-1,71.0,127.0,29.0,4.0,2.0,2.0,LEV,,11,100T,,13,1,VCT Americas
6959,2,Haven,Asuna,100T,Gekko,0.87,159.0,14,14,7,0,83.0,106.0,21.0,2.0,4.0,-2.0,LEV,,11,100T,,13,1,VCT Americas
6960,3,Lotus,Mazino,LEV,Omen,1.13,235.0,18,16,10,2,75.0,149.0,35.0,3.0,3.0,0.0,LEV,,11,100T,,13,0,VCT Americas
6961,3,Lotus,kiNgg,LEV,Viper,1.03,209.0,18,17,5,1,67.0,145.0,27.0,3.0,1.0,2.0,LEV,,11,100T,,13,0,VCT Americas
6962,3,Lotus,Shyy,LEV,Killjoy,0.88,188.0,15,16,5,-1,79.0,144.0,22.0,3.0,2.0,1.0,LEV,,11,100T,,13,0,VCT Americas
6963,3,Lotus,Tacolilla,LEV,Jett,0.81,188.0,15,17,5,-2,79.0,122.0,17.0,3.0,6.0,-3.0,LEV,,11,100T,,13,0,VCT Americas
6964,3,Lotus,nzr,LEV,Skye,0.81,162.0,14,15,6,-1,83.0,105.0,19.0,0.0,0.0,0.0,LEV,,11,100T,,13,0,VCT Americas
6965,3,Lotus,Asuna,100T,Skye,1.53,263.0,23,14,10,9,75.0,160.0,23.0,1.0,3.0,-2.0,LEV,,11,100T,,13,1,VCT Americas
6966,3,Lotus,bang,100T,Omen,1.11,198.0,15,17,12,-2,75.0,119.0,22.0,2.0,0.0,2.0,LEV,,11,100T,,13,1,VCT Americas
6967,3,Lotus,Derrek,100T,Killjoy,1.04,174.0,13,13,7,0,71.0,140.0,32.0,1.0,2.0,-1.0,LEV,,11,100T,,13,1,VCT Americas
6968,3,Lotus,Cryocells,100T,Jett,0.86,203.0,15,19,5,-4,71.0,129.0,28.0,8.0,6.0,2.0,LEV,,11,100T,,13,1,VCT Americas
6969,3,Lotus,stellar,100T,Viper,0.79,161.0,15,17,3,-2,63.0,88.0,24.0,0.0,1.0,-1.0,LEV,,11,100T,,13,1,VCT Americas
6970,0,Split,Demon1,EG,Jett,1.66,266.0,18,8,3,10,81.0,183.0,32.0,3.0,1.0,2.0,EG,,13,LOUD,,3,1,VCT Americas
6971,0,Split,Boostio,EG,Astra,1.47,195.0,12,7,8,5,88.0,134.0,25.0,2.0,1.0,1.0,EG,,13,LOUD,,3,1,VCT Americas
6972,0,Split,Ethan,EG,Skye,1.35,228.0,14,10,10,4,88.0,151.0,24.0,0.0,0.0,0.0,EG,,13,LOUD,,3,1,VCT Americas
6973,0,Split,C0M,EG,Viper,1.12,201.0,11,10,5,1,81.0,138.0,14.0,4.0,1.0,3.0,EG,,13,LOUD,,3,1,VCT Americas
6974,0,Split,jawgemo,EG,Raze,0.86,237.0,13,14,4,-1,81.0,166.0,7.0,4.0,0.0,4.0,EG,,13,LOUD,,3,1,VCT Americas
6975,0,Split,Less,LOUD,Viper,0.93,240.0,13,14,3,-1,63.0,153.0,31.0,1.0,2.0,-1.0,EG,,13,LOUD,,3,0,VCT Americas
6976,0,Split,aspas,LOUD,Jett,0.92,224.0,12,14,1,-2,69.0,127.0,21.0,0.0,2.0,-2.0,EG,,13,LOUD,,3,0,VCT Americas
6977,0,Split,cauanzin,LOUD,Skye,0.85,185.0,11,12,6,-1,75.0,126.0,24.0,0.0,2.0,-2.0,EG,,13,LOUD,,3,0,VCT Americas
6978,0,Split,saadhak,LOUD,Raze,0.7,203.0,9,14,6,-5,75.0,149.0,16.0,1.0,4.0,-3.0,EG,,13,LOUD,,3,0,VCT Americas
6979,0,Split,tuyz,LOUD,Astra,0.31,102.0,4,14,4,-10,63.0,76.0,10.0,1.0,3.0,-2.0,EG,,13,LOUD,,3,0,VCT Americas
6980,2,Haven,Ethan,EG,Breach,1.11,218.0,18,18,8,0,74.0,143.0,26.0,2.0,1.0,1.0,EG,,10,LOUD,,13,0,VCT Americas
6981,2,Haven,Boostio,EG,Killjoy,1.04,243.0,20,18,2,2,74.0,148.0,16.0,1.0,2.0,-1.0,EG,,10,LOUD,,13,0,VCT Americas
6982,2,Haven,C0M,EG,Sova,0.84,173.0,12,16,10,-4,70.0,123.0,28.0,0.0,6.0,-6.0,EG,,10,LOUD,,13,0,VCT Americas
6983,2,Haven,Demon1,EG,Jett,0.66,152.0,13,18,2,-5,43.0,91.0,26.0,1.0,8.0,-7.0,EG,,10,LOUD,,13,0,VCT Americas
6984,2,Haven,jawgemo,EG,Omen,0.54,148.0,11,21,10,-10,57.0,88.0,8.0,0.0,2.0,-2.0,EG,,10,LOUD,,13,0,VCT Americas
6985,2,Haven,saadhak,LOUD,Viper,1.29,235.0,17,15,12,2,83.0,178.0,20.0,7.0,0.0,7.0,EG,,10,LOUD,,13,1,VCT Americas
6986,2,Haven,aspas,LOUD,Jett,1.28,283.0,24,15,3,9,87.0,181.0,28.0,4.0,2.0,2.0,EG,,10,LOUD,,13,1,VCT Americas
6987,2,Haven,tuyz,LOUD,Harbor,1.25,245.0,21,15,12,6,91.0,131.0,25.0,2.0,0.0,2.0,EG,,10,LOUD,,13,1,VCT Americas
6988,2,Haven,Less,LOUD,Killjoy,1.24,210.0,19,12,2,7,83.0,140.0,28.0,3.0,1.0,2.0,EG,,10,LOUD,,13,1,VCT Americas
6989,2,Haven,cauanzin,LOUD,Skye,0.68,134.0,10,17,10,-7,91.0,85.0,31.0,3.0,1.0,2.0,EG,,10,LOUD,,13,1,VCT Americas
6990,3,Pearl,jawgemo,EG,Harbor,0.73,206.0,9,13,0,-4,62.0,132.0,35.0,1.0,3.0,-2.0,EG,,0,LOUD,,13,0,VCT Americas
6991,3,Pearl,Ethan,EG,Skye,0.61,153.0,6,13,6,-7,54.0,107.0,23.0,0.0,0.0,0.0,EG,,0,LOUD,,13,0,VCT Americas
6992,3,Pearl,Demon1,EG,Killjoy,0.59,182.0,7,13,1,-6,54.0,133.0,26.0,1.0,3.0,-2.0,EG,,0,LOUD,,13,0,VCT Americas
6993,3,Pearl,Boostio,EG,Astra,0.48,129.0,6,13,1,-7,69.0,71.0,33.0,0.0,3.0,-3.0,EG,,0,LOUD,,13,0,VCT Americas
6994,3,Pearl,C0M,EG,Fade,0.29,104.0,3,13,5,-10,54.0,81.0,14.0,0.0,2.0,-2.0,EG,,0,LOUD,,13,0,VCT Americas
6995,3,Pearl,Less,LOUD,Viper,1.78,382.0,16,7,9,9,100.0,249.0,33.0,3.0,1.0,2.0,EG,,0,LOUD,,13,1,VCT Americas
6996,3,Pearl,cauanzin,LOUD,Skye,1.5,234.0,13,6,5,7,100.0,146.0,41.0,2.0,0.0,2.0,EG,,0,LOUD,,13,1,VCT Americas
6997,3,Pearl,tuyz,LOUD,Harbor,1.35,205.0,11,6,3,5,85.0,119.0,33.0,1.0,0.0,1.0,EG,,0,LOUD,,13,1,VCT Americas
6998,3,Pearl,aspas,LOUD,Jett,1.34,195.0,12,5,3,7,100.0,129.0,28.0,1.0,1.0,0.0,EG,,0,LOUD,,13,1,VCT Americas
6999,3,Pearl,saadhak,LOUD,Killjoy,1.34,248.0,13,7,3,6,100.0,176.0,27.0,4.0,0.0,4.0,EG,,0,LOUD,,13,1,VCT Americas
7000,0,Ascent,leaf,C9,Jett,1.68,321.0,25,14,2,11,81.0,209.0,28.0,5.0,1.0,4.0,C9,,13,FUR,,8,1,VCT Americas
7001,0,Ascent,jakee,C9,Omen,1.35,215.0,18,10,8,8,86.0,147.0,29.0,2.0,2.0,0.0,C9,,13,FUR,,8,1,VCT Americas
7002,0,Ascent,Xeppaa,C9,Skye,1.16,186.0,14,11,7,3,81.0,118.0,29.0,3.0,1.0,2.0,C9,,13,FUR,,8,1,VCT Americas
7003,0,Ascent,runi,C9,Viper,0.9,149.0,10,13,4,-3,71.0,94.0,12.0,1.0,3.0,-2.0,C9,,13,FUR,,8,1,VCT Americas
7004,0,Ascent,Zellsis,C9,Killjoy,0.77,136.0,9,12,5,-3,76.0,92.0,24.0,2.0,1.0,1.0,C9,,13,FUR,,8,1,VCT Americas
7005,0,Ascent,Khalil,FUR,Omen,1.13,189.0,15,13,3,2,76.0,122.0,29.0,3.0,2.0,1.0,C9,,13,FUR,,8,0,VCT Americas
7006,0,Ascent,mwzera,FUR,Sova,1.02,258.0,15,17,9,-2,71.0,185.0,23.0,0.0,1.0,-1.0,C9,,13,FUR,,8,0,VCT Americas
7007,0,Ascent,mazin,FUR,Kayo,0.74,169.0,13,17,8,-4,57.0,96.0,24.0,2.0,4.0,-2.0,C9,,13,FUR,,8,0,VCT Americas
7008,0,Ascent,dgzin,FUR,Jett,0.72,157.0,11,15,3,-4,67.0,111.0,37.0,3.0,4.0,-1.0,C9,,13,FUR,,8,0,VCT Americas
7009,0,Ascent,qck,FUR,Killjoy,0.49,84.0,6,14,3,-8,52.0,56.0,21.0,0.0,2.0,-2.0,C9,,13,FUR,,8,0,VCT Americas
7010,2,Fracture,runi,C9,Breach,1.19,219.0,17,17,14,0,86.0,146.0,27.0,1.0,0.0,1.0,C9,,13,FUR,,9,1,VCT Americas
7011,2,Fracture,Xeppaa,C9,Raze,1.09,265.0,20,18,3,2,64.0,178.0,21.0,2.0,5.0,-3.0,C9,,13,FUR,,9,1,VCT Americas
7012,2,Fracture,jakee,C9,Brimstone,1.01,186.0,14,16,9,-2,86.0,113.0,31.0,1.0,2.0,-1.0,C9,,13,FUR,,9,1,VCT Americas
7013,2,Fracture,leaf,C9,Skye,0.96,188.0,15,17,5,-2,59.0,120.0,26.0,4.0,4.0,0.0,C9,,13,FUR,,9,1,VCT Americas
7014,2,Fracture,Zellsis,C9,Killjoy,0.94,208.0,15,18,6,-3,64.0,138.0,23.0,2.0,1.0,1.0,C9,,13,FUR,,9,1,VCT Americas
7015,2,Fracture,dgzin,FUR,Raze,1.25,301.0,22,18,3,4,82.0,198.0,29.0,6.0,1.0,5.0,C9,,13,FUR,,9,0,VCT Americas
7016,2,Fracture,mwzera,FUR,Fade,1.13,191.0,16,13,7,3,82.0,130.0,15.0,0.0,2.0,-2.0,C9,,13,FUR,,9,0,VCT Americas
7017,2,Fracture,Khalil,FUR,Omen,1.1,228.0,19,16,13,3,91.0,151.0,23.0,1.0,2.0,-1.0,C9,,13,FUR,,9,0,VCT Americas
7018,2,Fracture,qck,FUR,Killjoy,0.89,212.0,17,17,4,0,77.0,124.0,26.0,4.0,1.0,3.0,C9,,13,FUR,,9,0,VCT Americas
7019,2,Fracture,mazin,FUR,Viper,0.57,160.0,12,17,5,-5,64.0,116.0,26.0,1.0,4.0,-3.0,C9,,13,FUR,,9,0,VCT Americas
7020,0,Haven,s0m,NRG,Astra,1.36,227.0,17,13,10,4,74.0,148.0,32.0,0.0,0.0,0.0,NRG,,13,KRU,,10,1,VCT Americas
7021,0,Haven,ardiis,NRG,Jett,1.15,238.0,20,15,5,5,74.0,143.0,10.0,4.0,7.0,-3.0,NRG,,13,KRU,,10,1,VCT Americas
7022,0,Haven,Victor,NRG,Killjoy,1.15,208.0,17,14,6,3,78.0,124.0,19.0,2.0,3.0,-1.0,NRG,,13,KRU,,10,1,VCT Americas
7023,0,Haven,FiNESSE,NRG,Breach,1.03,216.0,16,15,5,1,70.0,158.0,17.0,2.0,2.0,0.0,NRG,,13,KRU,,10,1,VCT Americas
7024,0,Haven,crashies,NRG,Sova,0.9,168.0,13,14,9,-1,78.0,113.0,24.0,2.0,1.0,1.0,NRG,,13,KRU,,10,1,VCT Americas
7025,0,Haven,DaveeyS,KRÜ,Breach,1.16,199.0,16,16,11,0,74.0,143.0,40.0,0.0,0.0,0.0,NRG,,13,KRU,,10,0,VCT Americas
7026,0,Haven,keznit,KRÜ,Jett,0.92,226.0,19,18,1,1,61.0,133.0,36.0,7.0,7.0,0.0,NRG,,13,KRU,,10,0,VCT Americas
7027,0,Haven,NagZ,KRÜ,Killjoy,0.86,163.0,14,16,1,-2,70.0,106.0,19.0,3.0,0.0,3.0,NRG,,13,KRU,,10,0,VCT Americas
7028,0,Haven,Melser,KRÜ,Omen,0.81,152.0,12,16,9,-4,70.0,96.0,56.0,2.0,2.0,0.0,NRG,,13,KRU,,10,0,VCT Americas
7029,0,Haven,Klaus,KRÜ,Sova,0.58,127.0,10,17,4,-7,48.0,85.0,28.0,1.0,1.0,0.0,NRG,,13,KRU,,10,0,VCT Americas
7030,2,Ascent,ardiis,NRG,Jett,1.66,349.0,22,9,4,13,88.0,193.0,18.0,6.0,2.0,4.0,NRG,,13,KRU,,4,1,VCT Americas
7031,2,Ascent,s0m,NRG,Omen,1.53,188.0,15,5,7,10,82.0,101.0,28.0,2.0,0.0,2.0,NRG,,13,KRU,,4,1,VCT Americas
7032,2,Ascent,crashies,NRG,Sova,1.27,206.0,13,7,4,6,88.0,128.0,24.0,2.0,0.0,2.0,NRG,,13,KRU,,4,1,VCT Americas
7033,2,Ascent,Victor,NRG,Kayo,1.17,203.0,10,8,14,2,88.0,127.0,21.0,3.0,1.0,2.0,NRG,,13,KRU,,4,1,VCT Americas
7034,2,Ascent,FiNESSE,NRG,Killjoy,1.12,218.0,13,9,1,4,82.0,151.0,12.0,0.0,1.0,-1.0,NRG,,13,KRU,,4,1,VCT Americas
7035,2,Ascent,keznit,KRÜ,Jett,0.68,171.0,10,14,2,-4,41.0,104.0,23.0,2.0,2.0,0.0,NRG,,13,KRU,,4,0,VCT Americas
7036,2,Ascent,NagZ,KRÜ,Killjoy,0.68,150.0,8,15,2,-7,59.0,98.0,27.0,1.0,4.0,-3.0,NRG,,13,KRU,,4,0,VCT Americas
7037,2,Ascent,Klaus,KRÜ,Sova,0.68,162.0,8,15,3,-7,41.0,105.0,18.0,1.0,1.0,0.0,NRG,,13,KRU,,4,0,VCT Americas
7038,2,Ascent,Melser,KRÜ,Omen,0.62,146.0,9,15,2,-6,59.0,102.0,25.0,0.0,3.0,-3.0,NRG,,13,KRU,,4,0,VCT Americas
7039,2,Ascent,DaveeyS,KRÜ,Kayo,0.3,77.0,3,14,3,-11,41.0,55.0,9.0,0.0,3.0,-3.0,NRG,,13,KRU,,4,0,VCT Americas
7040,0,Bind,ardiis,NRG,Sage,1.43,258.0,20,12,7,8,95.0,162.0,23.0,2.0,0.0,2.0,NRG,,13,100T,,7,1,VCT Americas
7041,0,Bind,crashies,NRG,Skye,1.4,274.0,20,13,12,7,90.0,195.0,32.0,4.0,0.0,4.0,NRG,,13,100T,,7,1,VCT Americas
7042,0,Bind,Victor,NRG,Raze,1.28,279.0,18,14,2,4,90.0,181.0,20.0,6.0,2.0,4.0,NRG,,13,100T,,7,1,VCT Americas
7043,0,Bind,s0m,NRG,Harbor,1.17,167.0,14,11,5,3,70.0,116.0,39.0,1.0,1.0,0.0,NRG,,13,100T,,7,1,VCT Americas
7044,0,Bind,FiNESSE,NRG,Viper,0.87,215.0,13,16,17,-3,75.0,137.0,15.0,2.0,2.0,0.0,NRG,,13,100T,,7,1,VCT Americas
7045,0,Bind,Cryocells,100T,Sage,1.26,224.0,18,16,5,2,75.0,145.0,34.0,1.0,2.0,-1.0,NRG,,13,100T,,7,0,VCT Americas
7046,0,Bind,Derrek,100T,Skye,0.92,219.0,15,16,6,-1,75.0,138.0,46.0,0.0,4.0,-4.0,NRG,,13,100T,,7,0,VCT Americas
7047,0,Bind,Asuna,100T,Raze,0.8,215.0,11,18,8,-7,75.0,163.0,14.0,1.0,4.0,-3.0,NRG,,13,100T,,7,0,VCT Americas
7048,0,Bind,stellar,100T,Viper,0.67,200.0,12,18,10,-6,75.0,123.0,10.0,2.0,4.0,-2.0,NRG,,13,100T,,7,0,VCT Americas
7049,0,Bind,bang,100T,Brimstone,0.66,131.0,10,17,6,-7,75.0,86.0,38.0,1.0,1.0,0.0,NRG,,13,100T,,7,0,VCT Americas
7050,2,Fracture,crashies,NRG,Skye,1.77,250.0,17,6,6,11,88.0,161.0,24.0,1.0,2.0,-1.0,NRG,,13,100T,,3,1,VCT Americas
7051,2,Fracture,s0m,NRG,Brimstone,1.63,279.0,15,8,12,7,81.0,196.0,29.0,1.0,2.0,-1.0,NRG,,13,100T,,3,1,VCT Americas
7052,2,Fracture,Victor,NRG,Killjoy,1.11,192.0,11,7,2,4,81.0,123.0,26.0,2.0,1.0,1.0,NRG,,13,100T,,3,1,VCT Americas
7053,2,Fracture,FiNESSE,NRG,Breach,1.0,181.0,11,11,10,0,88.0,114.0,13.0,0.0,1.0,-1.0,NRG,,13,100T,,3,1,VCT Americas
7054,2,Fracture,ardiis,NRG,Jett,0.7,184.0,10,12,1,-2,56.0,119.0,11.0,3.0,3.0,0.0,NRG,,13,100T,,3,1,VCT Americas
7055,2,Fracture,Cryocells,100T,Jett,0.93,221.0,12,13,3,-1,56.0,146.0,25.0,3.0,4.0,-1.0,NRG,,13,100T,,3,0,VCT Americas
7056,2,Fracture,Derrek,100T,Breach,0.93,210.0,11,13,9,-2,75.0,150.0,35.0,2.0,1.0,1.0,NRG,,13,100T,,3,0,VCT Americas
7057,2,Fracture,Asuna,100T,Skye,0.72,135.0,8,12,3,-4,56.0,87.0,28.0,0.0,1.0,-1.0,NRG,,13,100T,,3,0,VCT Americas
7058,2,Fracture,stellar,100T,Killjoy,0.62,133.0,6,12,2,-6,69.0,87.0,24.0,3.0,0.0,3.0,NRG,,13,100T,,3,0,VCT Americas
7059,2,Fracture,bang,100T,Brimstone,0.51,156.0,7,14,6,-7,75.0,104.0,23.0,1.0,1.0,0.0,NRG,,13,100T,,3,0,VCT Americas
7060,0,Pearl,frz,MIBR,Killjoy,1.14,205.0,14,15,8,-1,71.0,153.0,31.0,2.0,0.0,2.0,MIBR,,11,FUR,,13,0,VCT Americas
7061,0,Pearl,heat,MIBR,Jett,1.03,220.0,17,16,2,1,63.0,149.0,23.0,4.0,5.0,-1.0,MIBR,,11,FUR,,13,0,VCT Americas
7062,0,Pearl,RgLMeister,MIBR,Harbor,0.99,175.0,16,16,5,0,71.0,122.0,18.0,2.0,2.0,0.0,MIBR,,11,FUR,,13,0,VCT Americas
7063,0,Pearl,murizzz,MIBR,Viper,0.81,175.0,14,16,7,-2,67.0,109.0,19.0,1.0,4.0,-3.0,MIBR,,11,FUR,,13,0,VCT Americas
7064,0,Pearl,jzz,MIBR,Skye,0.69,134.0,12,16,9,-4,63.0,76.0,20.0,1.0,3.0,-2.0,MIBR,,11,FUR,,13,0,VCT Americas
7065,0,Pearl,dgzin,FUR,Jett,1.49,284.0,24,14,6,10,83.0,164.0,42.0,7.0,4.0,3.0,MIBR,,11,FUR,,13,1,VCT Americas
7066,0,Pearl,Khalil,FUR,Killjoy,1.2,221.0,18,14,5,4,83.0,163.0,29.0,3.0,1.0,2.0,MIBR,,11,FUR,,13,1,VCT Americas
7067,0,Pearl,mazin,FUR,Viper,1.12,158.0,14,12,5,2,71.0,120.0,44.0,3.0,1.0,2.0,MIBR,,11,FUR,,13,1,VCT Americas
7068,0,Pearl,mwzera,FUR,Skye,0.92,181.0,13,17,18,-4,75.0,110.0,23.0,0.0,1.0,-1.0,MIBR,,11,FUR,,13,1,VCT Americas
7069,0,Pearl,qck,FUR,Harbor,0.62,124.0,10,16,11,-6,67.0,67.0,18.0,1.0,3.0,-2.0,MIBR,,11,FUR,,13,1,VCT Americas
7070,2,Split,frz,MIBR,Killjoy,1.15,226.0,16,14,1,2,75.0,153.0,43.0,2.0,2.0,0.0,MIBR,,7,FUR,,13,0,VCT Americas
7071,2,Split,murizzz,MIBR,Viper,0.9,166.0,10,14,7,-4,60.0,115.0,18.0,1.0,0.0,1.0,MIBR,,7,FUR,,13,0,VCT Americas
7072,2,Split,heat,MIBR,Raze,0.79,181.0,13,15,1,-2,60.0,99.0,15.0,2.0,8.0,-6.0,MIBR,,7,FUR,,13,0,VCT Americas
7073,2,Split,RgLMeister,MIBR,Astra,0.74,103.0,8,14,6,-6,75.0,78.0,22.0,0.0,0.0,0.0,MIBR,,7,FUR,,13,0,VCT Americas
7074,2,Split,jzz,MIBR,Skye,0.72,165.0,11,17,6,-6,75.0,105.0,29.0,3.0,2.0,1.0,MIBR,,7,FUR,,13,0,VCT Americas
7075,2,Split,qck,FUR,Viper,1.33,287.0,21,14,8,7,85.0,192.0,21.0,2.0,2.0,0.0,MIBR,,7,FUR,,13,1,VCT Americas
7076,2,Split,dgzin,FUR,Jett,1.2,221.0,16,11,3,5,85.0,137.0,20.0,4.0,1.0,3.0,MIBR,,7,FUR,,13,1,VCT Americas
7077,2,Split,mazin,FUR,Skye,1.18,174.0,14,10,7,4,75.0,118.0,28.0,1.0,1.0,0.0,MIBR,,7,FUR,,13,1,VCT Americas
7078,2,Split,mwzera,FUR,Raze,1.01,229.0,15,14,8,1,80.0,142.0,7.0,5.0,3.0,2.0,MIBR,,7,FUR,,13,1,VCT Americas
7079,2,Split,Khalil,FUR,Astra,0.86,120.0,8,9,7,-1,75.0,78.0,24.0,0.0,1.0,-1.0,MIBR,,7,FUR,,13,1,VCT Americas
7080,0,Lotus,leaf,C9,Neon,1.45,301.0,19,11,5,8,82.0,183.0,15.0,7.0,3.0,4.0,C9,,13,SEN,,4,1,VCT Americas
7081,0,Lotus,jakee,C9,Omen,1.29,242.0,16,11,9,5,88.0,162.0,35.0,3.0,1.0,2.0,C9,,13,SEN,,4,1,VCT Americas
7082,0,Lotus,Zellsis,C9,Killjoy,1.28,260.0,14,9,9,5,82.0,183.0,17.0,1.0,2.0,-1.0,C9,,13,SEN,,4,1,VCT Americas
7083,0,Lotus,Xeppaa,C9,Skye,1.13,197.0,13,10,11,3,82.0,123.0,22.0,0.0,0.0,0.0,C9,,13,SEN,,4,1,VCT Americas
7084,0,Lotus,runi,C9,Viper,0.86,124.0,7,9,4,-2,71.0,81.0,20.0,0.0,0.0,0.0,C9,,13,SEN,,4,1,VCT Americas
7085,0,Lotus,pANcada,SEN,Killjoy,1.07,214.0,13,13,2,0,59.0,144.0,24.0,1.0,0.0,1.0,C9,,13,SEN,,4,0,VCT Americas
7086,0,Lotus,Marved,SEN,Viper,0.86,204.0,11,16,5,-5,47.0,127.0,23.0,3.0,3.0,0.0,C9,,13,SEN,,4,0,VCT Americas
7087,0,Lotus,dephh,SEN,Omen,0.79,142.0,8,13,5,-5,65.0,87.0,16.0,1.0,0.0,1.0,C9,,13,SEN,,4,0,VCT Americas
7088,0,Lotus,Sacy,SEN,Skye,0.73,156.0,9,14,6,-5,59.0,105.0,33.0,1.0,1.0,0.0,C9,,13,SEN,,4,0,VCT Americas
7089,0,Lotus,zekken,SEN,Raze,0.71,180.0,9,13,4,-4,71.0,115.0,21.0,0.0,7.0,-7.0,C9,,13,SEN,,4,0,VCT Americas
7090,2,Fracture,leaf,C9,Skye,1.7,293.0,22,9,1,13,89.0,177.0,19.0,2.0,2.0,0.0,C9,,13,SEN,,6,1,VCT Americas
7091,2,Fracture,jakee,C9,Brimstone,1.33,242.0,16,11,9,5,84.0,159.0,26.0,2.0,0.0,2.0,C9,,13,SEN,,6,1,VCT Americas
7092,2,Fracture,runi,C9,Breach,1.25,184.0,11,9,17,2,79.0,111.0,42.0,1.0,1.0,0.0,C9,,13,SEN,,6,1,VCT Americas
7093,2,Fracture,Zellsis,C9,Killjoy,1.22,200.0,15,9,1,6,79.0,128.0,15.0,0.0,3.0,-3.0,C9,,13,SEN,,6,1,VCT Americas
7094,2,Fracture,Xeppaa,C9,Raze,1.02,218.0,16,13,4,3,79.0,144.0,19.0,4.0,4.0,0.0,C9,,13,SEN,,6,1,VCT Americas
7095,2,Fracture,Marved,SEN,Brimstone,0.9,135.0,12,14,4,-2,63.0,92.0,29.0,3.0,2.0,1.0,C9,,13,SEN,,6,0,VCT Americas
7096,2,Fracture,dephh,SEN,Breach,0.76,192.0,12,17,4,-5,63.0,119.0,23.0,1.0,0.0,1.0,C9,,13,SEN,,6,0,VCT Americas
7097,2,Fracture,Sacy,SEN,Fade,0.7,181.0,10,17,6,-7,63.0,124.0,31.0,3.0,1.0,2.0,C9,,13,SEN,,6,0,VCT Americas
7098,2,Fracture,pANcada,SEN,Killjoy,0.68,177.0,11,17,4,-6,53.0,124.0,24.0,2.0,2.0,0.0,C9,,13,SEN,,6,0,VCT Americas
7099,2,Fracture,zekken,SEN,Raze,0.42,105.0,6,15,3,-9,47.0,84.0,13.0,1.0,4.0,-3.0,C9,,13,SEN,,6,0,VCT Americas
7100,0,Split,Mazino,LEV,Astra,1.41,255.0,22,13,6,9,74.0,168.0,29.0,0.0,0.0,0.0,LEV,,10,EG,,13,0,VCT Americas
7101,0,Split,kiNgg,LEV,Viper,1.13,214.0,19,15,4,4,83.0,143.0,33.0,4.0,0.0,4.0,LEV,,10,EG,,13,0,VCT Americas
7102,0,Split,nzr,LEV,Raze,0.94,190.0,13,14,5,-1,70.0,134.0,19.0,0.0,5.0,-5.0,LEV,,10,EG,,13,0,VCT Americas
7103,0,Split,Tacolilla,LEV,Jett,0.93,228.0,17,17,4,0,74.0,143.0,15.0,5.0,5.0,0.0,LEV,,10,EG,,13,0,VCT Americas
7104,0,Split,Shyy,LEV,Skye,0.63,115.0,7,16,16,-9,74.0,79.0,16.0,2.0,2.0,0.0,LEV,,10,EG,,13,0,VCT Americas
7105,0,Split,Boostio,EG,Astra,1.27,192.0,16,13,5,3,70.0,138.0,22.0,1.0,1.0,0.0,LEV,,10,EG,,13,1,VCT Americas
7106,0,Split,Demon1,EG,Jett,1.24,238.0,20,14,3,6,70.0,155.0,37.0,4.0,3.0,1.0,LEV,,10,EG,,13,1,VCT Americas
7107,0,Split,jawgemo,EG,Raze,1.22,283.0,21,20,10,1,78.0,190.0,15.0,4.0,5.0,-1.0,LEV,,10,EG,,13,1,VCT Americas
7108,0,Split,Ethan,EG,Skye,0.74,142.0,9,16,13,-7,74.0,97.0,18.0,1.0,2.0,-1.0,LEV,,10,EG,,13,1,VCT Americas
7109,0,Split,C0M,EG,Viper,0.68,108.0,9,15,4,-6,74.0,82.0,20.0,2.0,0.0,2.0,LEV,,10,EG,,13,1,VCT Americas
7110,2,Pearl,kiNgg,LEV,Viper,1.35,264.0,19,15,14,4,87.0,186.0,23.0,2.0,2.0,0.0,LEV,,13,EG,,10,1,VCT Americas
7111,2,Pearl,nzr,LEV,Skye,1.17,207.0,18,12,12,6,70.0,125.0,14.0,1.0,0.0,1.0,LEV,,13,EG,,10,1,VCT Americas
7112,2,Pearl,Shyy,LEV,Killjoy,1.04,177.0,14,12,4,2,83.0,116.0,16.0,2.0,2.0,0.0,LEV,,13,EG,,10,1,VCT Americas
7113,2,Pearl,Tacolilla,LEV,Jett,1.02,185.0,17,12,1,5,78.0,117.0,17.0,3.0,6.0,-3.0,LEV,,13,EG,,10,1,VCT Americas
7114,2,Pearl,Mazino,LEV,Harbor,0.98,225.0,18,17,11,1,70.0,142.0,16.0,2.0,3.0,-1.0,LEV,,13,EG,,10,1,VCT Americas
7115,2,Pearl,C0M,EG,Viper,1.44,227.0,18,11,4,7,65.0,162.0,25.0,3.0,2.0,1.0,LEV,,13,EG,,10,0,VCT Americas
7116,2,Pearl,Demon1,EG,Jett,0.98,216.0,16,19,1,-3,57.0,144.0,23.0,6.0,1.0,5.0,LEV,,13,EG,,10,0,VCT Americas
7117,2,Pearl,Boostio,EG,Killjoy,0.83,187.0,14,18,2,-4,57.0,130.0,26.0,3.0,5.0,-2.0,LEV,,13,EG,,10,0,VCT Americas
7118,2,Pearl,jawgemo,EG,Harbor,0.62,130.0,11,19,1,-8,57.0,97.0,36.0,0.0,1.0,-1.0,LEV,,13,EG,,10,0,VCT Americas
7119,2,Pearl,Ethan,EG,Skye,0.58,125.0,9,19,11,-10,61.0,81.0,32.0,1.0,1.0,0.0,LEV,,13,EG,,10,0,VCT Americas
7120,3,Ascent,nzr,LEV,Sova,1.26,242.0,19,17,6,2,78.0,154.0,25.0,2.0,0.0,2.0,LEV,,10,EG,,13,0,VCT Americas
7121,3,Ascent,Tacolilla,LEV,Jett,0.95,190.0,15,15,4,0,74.0,140.0,26.0,4.0,4.0,0.0,LEV,,10,EG,,13,0,VCT Americas
7122,3,Ascent,kiNgg,LEV,Kayo,0.89,183.0,14,16,7,-2,52.0,133.0,25.0,0.0,5.0,-5.0,LEV,,10,EG,,13,0,VCT Americas
7123,3,Ascent,Shyy,LEV,Killjoy,0.84,148.0,11,15,6,-4,65.0,103.0,19.0,0.0,0.0,0.0,LEV,,10,EG,,13,0,VCT Americas
7124,3,Ascent,Mazino,LEV,Omen,0.8,174.0,12,18,14,-6,65.0,103.0,26.0,5.0,3.0,2.0,LEV,,10,EG,,13,0,VCT Americas
7125,3,Ascent,Ethan,EG,Kayo,1.43,273.0,21,14,14,7,74.0,168.0,30.0,2.0,4.0,-2.0,LEV,,10,EG,,13,1,VCT Americas
7126,3,Ascent,Demon1,EG,Jett,1.34,227.0,20,12,2,8,78.0,137.0,32.0,3.0,1.0,2.0,LEV,,10,EG,,13,1,VCT Americas
7127,3,Ascent,C0M,EG,Sova,1.11,167.0,13,12,6,1,74.0,121.0,25.0,3.0,1.0,2.0,LEV,,10,EG,,13,1,VCT Americas
7128,3,Ascent,Boostio,EG,Killjoy,0.92,192.0,17,15,4,2,65.0,136.0,24.0,1.0,2.0,-1.0,LEV,,10,EG,,13,1,VCT Americas
7129,3,Ascent,jawgemo,EG,Omen,0.66,144.0,10,18,9,-8,70.0,90.0,38.0,3.0,3.0,0.0,LEV,,10,EG,,13,1,VCT Americas
7130,0,Pearl,Less,LOUD,Viper,1.39,295.0,23,16,7,7,61.0,185.0,15.0,3.0,1.0,2.0,LOUD,,10,KRU,,13,0,VCT Americas
7131,0,Pearl,aspas,LOUD,Jett,1.27,254.0,21,14,1,7,70.0,161.0,29.0,7.0,3.0,4.0,LOUD,,10,KRU,,13,0,VCT Americas
7132,0,Pearl,cauanzin,LOUD,Skye,1.04,196.0,16,15,10,1,83.0,130.0,34.0,1.0,1.0,0.0,LOUD,,10,KRU,,13,0,VCT Americas
7133,0,Pearl,saadhak,LOUD,Killjoy,0.62,125.0,6,17,12,-11,65.0,100.0,8.0,2.0,4.0,-2.0,LOUD,,10,KRU,,13,0,VCT Americas
7134,0,Pearl,tuyz,LOUD,Harbor,0.33,63.0,3,17,8,-14,65.0,44.0,3.0,0.0,1.0,-1.0,LOUD,,10,KRU,,13,0,VCT Americas
7135,0,Pearl,axeddy,KRÜ,Harbor,1.48,280.0,23,14,5,9,83.0,175.0,31.0,1.0,2.0,-1.0,LOUD,,10,KRU,,13,0,VCT Americas
7136,0,Pearl,NagZ,KRÜ,Killjoy,1.15,155.0,11,8,6,3,74.0,114.0,25.0,2.0,1.0,1.0,LOUD,,10,KRU,,13,0,VCT Americas
7137,0,Pearl,keznit,KRÜ,Jett,1.01,231.0,19,16,3,3,65.0,160.0,30.0,5.0,6.0,-1.0,LOUD,,10,KRU,,13,0,VCT Americas
7138,0,Pearl,Melser,KRÜ,Viper,0.96,168.0,14,14,8,0,70.0,122.0,20.0,0.0,3.0,-3.0,LOUD,,10,KRU,,13,0,VCT Americas
7139,0,Pearl,Klaus,KRÜ,Skye,0.77,153.0,12,17,13,-5,83.0,98.0,19.0,2.0,1.0,1.0,LOUD,,10,KRU,,13,0,VCT Americas
7140,2,Ascent,aspas,LOUD,Jett,1.3,259.0,23,16,4,7,75.0,177.0,25.0,8.0,5.0,3.0,LOUD,,13,KRU,,11,1,VCT Americas
7141,2,Ascent,cauanzin,LOUD,Sova,1.17,197.0,17,12,8,5,88.0,130.0,20.0,1.0,2.0,-1.0,LOUD,,13,KRU,,11,1,VCT Americas
7142,2,Ascent,saadhak,LOUD,Kayo,1.12,236.0,17,17,18,0,63.0,166.0,14.0,0.0,3.0,-3.0,LOUD,,13,KRU,,11,1,VCT Americas
7143,2,Ascent,tuyz,LOUD,Omen,1.1,172.0,16,14,12,2,83.0,103.0,21.0,3.0,1.0,2.0,LOUD,,13,KRU,,11,1,VCT Americas
7144,2,Ascent,Less,LOUD,Killjoy,0.94,173.0,12,16,5,-4,71.0,117.0,23.0,1.0,0.0,1.0,LOUD,,13,KRU,,11,1,VCT Americas
7145,2,Ascent,NagZ,KRÜ,Killjoy,1.21,220.0,18,15,5,3,71.0,146.0,31.0,0.0,1.0,-1.0,LOUD,,13,KRU,,11,0,VCT Americas
7146,2,Ascent,Melser,KRÜ,Omen,1.19,216.0,19,16,8,3,71.0,126.0,25.0,2.0,2.0,0.0,LOUD,,13,KRU,,11,0,VCT Americas
7147,2,Ascent,keznit,KRÜ,Jett,0.77,181.0,15,19,3,-4,50.0,130.0,24.0,3.0,4.0,-1.0,LOUD,,13,KRU,,11,0,VCT Americas
7148,2,Ascent,Klaus,KRÜ,Sova,0.75,140.0,11,16,6,-5,54.0,103.0,19.0,2.0,1.0,1.0,LOUD,,13,KRU,,11,0,VCT Americas
7149,2,Ascent,axeddy,KRÜ,Kayo,0.66,150.0,12,19,8,-7,75.0,87.0,31.0,4.0,5.0,-1.0,LOUD,,13,KRU,,11,0,VCT Americas
7150,3,Split,aspas,LOUD,Jett,1.29,267.0,23,14,3,9,83.0,166.0,14.0,3.0,0.0,3.0,LOUD,,13,KRU,,10,1,VCT Americas
7151,3,Split,tuyz,LOUD,Astra,1.22,217.0,18,13,8,5,70.0,134.0,16.0,2.0,2.0,0.0,LOUD,,13,KRU,,10,1,VCT Americas
7152,3,Split,Less,LOUD,Viper,1.21,210.0,18,14,10,4,83.0,142.0,21.0,1.0,2.0,-1.0,LOUD,,13,KRU,,10,1,VCT Americas
7153,3,Split,cauanzin,LOUD,Skye,0.93,178.0,14,14,5,0,70.0,104.0,23.0,4.0,3.0,1.0,LOUD,,13,KRU,,10,1,VCT Americas
7154,3,Split,saadhak,LOUD,Raze,0.71,160.0,10,16,5,-6,65.0,121.0,18.0,2.0,4.0,-2.0,LOUD,,13,KRU,,10,1,VCT Americas
7155,3,Split,keznit,KRÜ,Jett,1.35,266.0,22,16,2,6,78.0,182.0,32.0,7.0,1.0,6.0,LOUD,,13,KRU,,10,0,VCT Americas
7156,3,Split,Melser,KRÜ,Astra,1.11,176.0,14,14,5,0,70.0,130.0,29.0,0.0,2.0,-2.0,LOUD,,13,KRU,,10,0,VCT Americas
7157,3,Split,Klaus,KRÜ,Skye,0.87,163.0,13,17,9,-4,74.0,97.0,23.0,2.0,2.0,0.0,LOUD,,13,KRU,,10,0,VCT Americas
7158,3,Split,NagZ,KRÜ,Viper,0.79,163.0,12,17,7,-5,57.0,102.0,18.0,2.0,3.0,-1.0,LOUD,,13,KRU,,10,0,VCT Americas
7159,3,Split,axeddy,KRÜ,Raze,0.55,139.0,10,19,4,-9,61.0,108.0,17.0,0.0,4.0,-4.0,LOUD,,13,KRU,,10,0,VCT Americas
7160,0,Fracture,Ethan,EG,Breach,1.79,267.0,17,6,13,11,84.0,158.0,17.0,4.0,0.0,4.0,EG,,13,SEN,,6,1,VCT Americas
7161,0,Fracture,jawgemo,EG,Raze,1.28,278.0,19,13,4,6,84.0,178.0,19.0,5.0,2.0,3.0,EG,,13,SEN,,6,1,VCT Americas
7162,0,Fracture,Demon1,EG,Brimstone,1.18,203.0,15,10,8,5,84.0,145.0,48.0,0.0,1.0,-1.0,EG,,13,SEN,,6,1,VCT Americas
7163,0,Fracture,C0M,EG,Sova,1.18,178.0,12,9,10,3,84.0,123.0,31.0,2.0,0.0,2.0,EG,,13,SEN,,6,1,VCT Americas
7164,0,Fracture,Boostio,EG,Killjoy,0.47,111.0,8,14,4,-6,79.0,87.0,18.0,2.0,3.0,-1.0,EG,,13,SEN,,6,1,VCT Americas
7165,0,Fracture,zekken,SEN,Raze,1.29,284.0,17,15,6,2,74.0,188.0,22.0,5.0,4.0,1.0,EG,,13,SEN,,6,0,VCT Americas
7166,0,Fracture,Sacy,SEN,Skye,0.86,148.0,9,14,7,-5,58.0,94.0,24.0,1.0,3.0,-2.0,EG,,13,SEN,,6,0,VCT Americas
7167,0,Fracture,pANcada,SEN,Killjoy,0.85,187.0,11,13,0,-2,53.0,123.0,22.0,0.0,2.0,-2.0,EG,,13,SEN,,6,0,VCT Americas
7168,0,Fracture,Marved,SEN,Brimstone,0.69,113.0,7,14,5,-7,63.0,89.0,20.0,0.0,3.0,-3.0,EG,,13,SEN,,6,0,VCT Americas
7169,0,Fracture,dephh,SEN,Breach,0.69,133.0,8,15,7,-7,53.0,92.0,24.0,0.0,1.0,-1.0,EG,,13,SEN,,6,0,VCT Americas
7170,2,Pearl,C0M,EG,Viper,1.86,222.0,17,4,8,13,89.0,136.0,29.0,2.0,0.0,2.0,EG,,13,SEN,,5,1,VCT Americas
7171,2,Pearl,Ethan,EG,Skye,1.29,239.0,14,12,18,2,78.0,136.0,26.0,2.0,1.0,1.0,EG,,13,SEN,,5,1,VCT Americas
7172,2,Pearl,jawgemo,EG,Harbor,1.28,248.0,17,11,4,6,78.0,155.0,28.0,1.0,0.0,1.0,EG,,13,SEN,,5,1,VCT Americas
7173,2,Pearl,Demon1,EG,Jett,1.0,224.0,16,13,1,3,67.0,159.0,40.0,4.0,5.0,-1.0,EG,,13,SEN,,5,1,VCT Americas
7174,2,Pearl,Boostio,EG,Killjoy,0.8,167.0,10,11,5,-1,61.0,120.0,15.0,0.0,3.0,-3.0,EG,,13,SEN,,5,1,VCT Americas
7175,2,Pearl,zekken,SEN,Jett,1.32,288.0,18,14,0,4,67.0,173.0,28.0,5.0,5.0,0.0,EG,,13,SEN,,5,0,VCT Americas
7176,2,Pearl,pANcada,SEN,Killjoy,1.06,207.0,13,13,2,0,78.0,145.0,30.0,1.0,0.0,1.0,EG,,13,SEN,,5,0,VCT Americas
7177,2,Pearl,Sacy,SEN,Skye,0.59,141.0,7,15,6,-8,56.0,108.0,34.0,1.0,2.0,-1.0,EG,,13,SEN,,5,0,VCT Americas
7178,2,Pearl,dephh,SEN,Harbor,0.54,151.0,8,16,5,-8,61.0,97.0,15.0,1.0,2.0,-1.0,EG,,13,SEN,,5,0,VCT Americas
7179,2,Pearl,Marved,SEN,Viper,0.37,95.0,5,16,6,-11,50.0,68.0,36.0,1.0,0.0,1.0,EG,,13,SEN,,5,0,VCT Americas
7180,0,Split,leaf,C9,Skye,1.52,249.0,17,9,9,8,94.0,160.0,24.0,2.0,2.0,0.0,C9,,13,MIBR,,5,1,VCT Americas
7181,0,Split,Zellsis,C9,Killjoy,1.44,254.0,16,8,1,8,94.0,168.0,25.0,1.0,0.0,1.0,C9,,13,MIBR,,5,1,VCT Americas
7182,0,Split,Xeppaa,C9,Raze,1.17,241.0,14,11,8,3,78.0,161.0,18.0,3.0,4.0,-1.0,C9,,13,MIBR,,5,1,VCT Americas
7183,0,Split,jakee,C9,Astra,1.06,178.0,12,11,5,1,72.0,114.0,23.0,4.0,1.0,3.0,C9,,13,MIBR,,5,1,VCT Americas
7184,0,Split,runi,C9,Breach,1.05,134.0,9,8,11,1,89.0,94.0,50.0,0.0,1.0,-1.0,C9,,13,MIBR,,5,1,VCT Americas
7185,0,Split,frz,MIBR,Viper,0.97,246.0,13,15,4,-2,61.0,173.0,38.0,6.0,3.0,3.0,C9,,13,MIBR,,5,0,VCT Americas
7186,0,Split,RgLMeister,MIBR,Astra,0.89,168.0,10,13,4,-3,61.0,117.0,21.0,2.0,1.0,1.0,C9,,13,MIBR,,5,0,VCT Americas
7187,0,Split,murizzz,MIBR,Skye,0.67,152.0,10,14,7,-4,67.0,102.0,37.0,0.0,2.0,-2.0,C9,,13,MIBR,,5,0,VCT Americas
7188,0,Split,heat,MIBR,Jett,0.61,118.0,7,11,2,-4,56.0,82.0,17.0,0.0,1.0,-1.0,C9,,13,MIBR,,5,0,VCT Americas
7189,0,Split,jzz,MIBR,Raze,0.5,119.0,7,15,3,-8,61.0,82.0,30.0,0.0,3.0,-3.0,C9,,13,MIBR,,5,0,VCT Americas
7190,2,Lotus,leaf,C9,Neon,1.64,318.0,20,9,4,11,88.0,185.0,16.0,5.0,1.0,4.0,C9,,13,MIBR,,4,1,VCT Americas
7191,2,Lotus,Xeppaa,C9,Skye,1.46,203.0,13,7,7,6,88.0,121.0,24.0,1.0,1.0,0.0,C9,,13,MIBR,,4,1,VCT Americas
7192,2,Lotus,runi,C9,Viper,1.45,274.0,15,9,9,6,76.0,189.0,41.0,3.0,2.0,1.0,C9,,13,MIBR,,4,1,VCT Americas
7193,2,Lotus,Zellsis,C9,Killjoy,1.32,220.0,15,9,2,6,88.0,148.0,20.0,1.0,2.0,-1.0,C9,,13,MIBR,,4,1,VCT Americas
7194,2,Lotus,jakee,C9,Omen,0.78,126.0,8,10,11,-2,71.0,72.0,22.0,1.0,0.0,1.0,C9,,13,MIBR,,4,1,VCT Americas
7195,2,Lotus,frz,MIBR,Killjoy,0.85,202.0,12,15,2,-3,71.0,127.0,41.0,1.0,1.0,0.0,C9,,13,MIBR,,4,0,VCT Americas
7196,2,Lotus,jzz,MIBR,Skye,0.82,155.0,9,14,7,-5,71.0,93.0,41.0,2.0,0.0,2.0,C9,,13,MIBR,,4,0,VCT Americas
7197,2,Lotus,RgLMeister,MIBR,Omen,0.68,162.0,9,15,6,-6,53.0,108.0,24.0,0.0,1.0,-1.0,C9,,13,MIBR,,4,0,VCT Americas
7198,2,Lotus,heat,MIBR,Raze,0.61,164.0,9,14,2,-5,59.0,117.0,25.0,3.0,3.0,0.0,C9,,13,MIBR,,4,0,VCT Americas
7199,2,Lotus,murizzz,MIBR,Viper,0.49,109.0,5,13,4,-8,59.0,97.0,26.0,0.0,6.0,-6.0,C9,,13,MIBR,,4,0,VCT Americas
7200,0,Ascent,Less,LOUD,Killjoy,1.74,342.0,22,9,4,13,83.0,211.0,25.0,2.0,2.0,0.0,LOUD,,13,100T,,5,1,VCT Americas
7201,0,Ascent,aspas,LOUD,Jett,1.68,270.0,19,9,6,10,78.0,171.0,24.0,4.0,1.0,3.0,LOUD,,13,100T,,5,1,VCT Americas
7202,0,Ascent,tuyz,LOUD,Omen,0.98,187.0,12,12,11,0,83.0,106.0,22.0,1.0,0.0,1.0,LOUD,,13,100T,,5,1,VCT Americas
7203,0,Ascent,cauanzin,LOUD,Sova,0.85,141.0,8,11,7,-3,72.0,96.0,9.0,0.0,3.0,-3.0,LOUD,,13,100T,,5,1,VCT Americas
7204,0,Ascent,saadhak,LOUD,Kayo,0.77,150.0,8,12,10,-4,61.0,95.0,4.0,3.0,2.0,1.0,LOUD,,13,100T,,5,1,VCT Americas
7205,0,Ascent,Cryocells,100T,Jett,1.05,232.0,16,14,1,2,61.0,154.0,28.0,5.0,2.0,3.0,LOUD,,13,100T,,5,0,VCT Americas
7206,0,Ascent,Derrek,100T,Sova,0.99,180.0,10,14,10,-4,72.0,135.0,36.0,3.0,0.0,3.0,LOUD,,13,100T,,5,0,VCT Americas
7207,0,Ascent,Asuna,100T,Kayo,0.84,171.0,10,13,5,-3,67.0,114.0,19.0,0.0,2.0,-2.0,LOUD,,13,100T,,5,0,VCT Americas
7208,0,Ascent,stellar,100T,Killjoy,0.75,185.0,12,14,3,-2,67.0,114.0,23.0,0.0,2.0,-2.0,LOUD,,13,100T,,5,0,VCT Americas
7209,0,Ascent,bang,100T,Omen,0.4,78.0,5,14,10,-9,67.0,47.0,17.0,0.0,4.0,-4.0,LOUD,,13,100T,,5,0,VCT Americas
7210,2,Split,aspas,LOUD,Jett,1.52,319.0,33,17,5,16,71.0,190.0,27.0,4.0,5.0,-1.0,LOUD,,15,100T,,13,1,VCT Americas
7211,2,Split,Less,LOUD,Viper,1.03,190.0,19,17,6,2,68.0,138.0,19.0,2.0,4.0,-2.0,LOUD,,15,100T,,13,1,VCT Americas
7212,2,Split,tuyz,LOUD,Astra,0.94,148.0,12,16,12,-4,79.0,103.0,26.0,0.0,1.0,-1.0,LOUD,,15,100T,,13,1,VCT Americas
7213,2,Split,cauanzin,LOUD,Skye,0.93,166.0,15,18,11,-3,86.0,106.0,25.0,3.0,2.0,1.0,LOUD,,15,100T,,13,1,VCT Americas
7214,2,Split,saadhak,LOUD,Raze,0.7,168.0,14,21,5,-7,57.0,115.0,10.0,3.0,4.0,-1.0,LOUD,,15,100T,,13,1,VCT Americas
7215,2,Split,Cryocells,100T,Sage,1.28,232.0,22,16,10,6,79.0,156.0,27.0,4.0,1.0,3.0,LOUD,,15,100T,,13,0,VCT Americas
7216,2,Split,Asuna,100T,Raze,1.09,253.0,22,23,7,-1,75.0,167.0,18.0,6.0,2.0,4.0,LOUD,,15,100T,,13,0,VCT Americas
7217,2,Split,bang,100T,Astra,0.97,163.0,18,17,9,1,79.0,106.0,30.0,2.0,3.0,-1.0,LOUD,,15,100T,,13,0,VCT Americas
7218,2,Split,Derrek,100T,Skye,0.93,154.0,16,18,7,-2,75.0,113.0,36.0,2.0,3.0,-1.0,LOUD,,15,100T,,13,0,VCT Americas
7219,2,Split,stellar,100T,Cypher,0.71,129.0,11,19,8,-8,61.0,90.0,15.0,2.0,3.0,-1.0,LOUD,,15,100T,,13,0,VCT Americas
7220,0,Haven,kiNgg,LEV,Breach,1.67,231.0,16,5,8,11,82.0,151.0,27.0,2.0,0.0,2.0,LEV,,13,KRU,,4,1,VCT Americas
7221,0,Haven,nzr,LEV,Sova,1.6,231.0,14,6,8,8,88.0,152.0,13.0,0.0,0.0,0.0,LEV,,13,KRU,,4,1,VCT Americas
7222,0,Haven,Mazino,LEV,Omen,1.48,281.0,17,8,7,9,88.0,169.0,29.0,3.0,2.0,1.0,LEV,,13,KRU,,4,1,VCT Americas
7223,0,Haven,Tacolilla,LEV,Jett,1.41,254.0,15,9,5,6,88.0,178.0,22.0,5.0,1.0,4.0,LEV,,13,KRU,,4,1,VCT Americas
7224,0,Haven,Shyy,LEV,Killjoy,0.84,143.0,9,9,2,0,94.0,91.0,34.0,2.0,2.0,0.0,LEV,,13,KRU,,4,1,VCT Americas
7225,0,Haven,Klaus,KRÜ,Sova,0.81,219.0,12,15,2,-3,71.0,133.0,13.0,3.0,1.0,2.0,LEV,,13,KRU,,4,0,VCT Americas
7226,0,Haven,axeddy,KRÜ,Breach,0.73,157.0,9,14,3,-5,65.0,89.0,16.0,0.0,0.0,0.0,LEV,,13,KRU,,4,0,VCT Americas
7227,0,Haven,NagZ,KRÜ,Killjoy,0.54,90.0,4,13,4,-9,65.0,69.0,15.0,0.0,1.0,-1.0,LEV,,13,KRU,,4,0,VCT Americas
7228,0,Haven,keznit,KRÜ,Jett,0.53,152.0,9,15,1,-6,53.0,105.0,35.0,2.0,7.0,-5.0,LEV,,13,KRU,,4,0,VCT Americas
7229,0,Haven,Melser,KRÜ,Omen,0.28,53.0,3,14,3,-11,53.0,32.0,36.0,0.0,3.0,-3.0,LEV,,13,KRU,,4,0,VCT Americas
7230,2,Split,Mazino,LEV,Astra,2.0,351.0,23,7,8,16,88.0,221.0,22.0,3.0,0.0,3.0,LEV,,13,KRU,,4,1,VCT Americas
7231,2,Split,kiNgg,LEV,Viper,1.38,264.0,15,9,9,6,76.0,155.0,19.0,2.0,0.0,2.0,LEV,,13,KRU,,4,1,VCT Americas
7232,2,Split,nzr,LEV,Raze,1.36,335.0,18,12,7,6,76.0,220.0,15.0,4.0,3.0,1.0,LEV,,13,KRU,,4,1,VCT Americas
7233,2,Split,Shyy,LEV,Skye,1.01,134.0,8,8,10,0,82.0,95.0,30.0,0.0,1.0,-1.0,LEV,,13,KRU,,4,1,VCT Americas
7234,2,Split,Tacolilla,LEV,Jett,0.83,107.0,8,9,0,-1,71.0,59.0,0.0,3.0,1.0,2.0,LEV,,13,KRU,,4,1,VCT Americas
7235,2,Split,NagZ,KRÜ,Viper,0.93,228.0,13,15,4,-2,53.0,154.0,14.0,1.0,3.0,-2.0,LEV,,13,KRU,,4,0,VCT Americas
7236,2,Split,keznit,KRÜ,Jett,0.85,196.0,10,15,3,-5,59.0,140.0,23.0,2.0,2.0,0.0,LEV,,13,KRU,,4,0,VCT Americas
7237,2,Split,Klaus,KRÜ,Skye,0.69,152.0,9,14,7,-5,53.0,86.0,24.0,0.0,2.0,-2.0,LEV,,13,KRU,,4,0,VCT Americas
7238,2,Split,Melser,KRÜ,Astra,0.68,136.0,7,14,5,-7,59.0,96.0,37.0,0.0,1.0,-1.0,LEV,,13,KRU,,4,0,VCT Americas
7239,2,Split,axeddy,KRÜ,Raze,0.49,123.0,6,14,2,-8,53.0,90.0,22.0,2.0,4.0,-2.0,LEV,,13,KRU,,4,0,VCT Americas
7240,0,Bind,s0m,NRG,Harbor,1.51,271.0,26,14,4,12,88.0,150.0,17.0,1.0,1.0,0.0,NRG,,13,FUR,,11,1,VCT Americas
7241,0,Bind,ardiis,NRG,Sage,1.12,182.0,15,14,7,1,75.0,119.0,18.0,4.0,2.0,2.0,NRG,,13,FUR,,11,1,VCT Americas
7242,0,Bind,Victor,NRG,Raze,1.07,259.0,20,18,6,2,75.0,170.0,17.0,3.0,5.0,-2.0,NRG,,13,FUR,,11,1,VCT Americas
7243,0,Bind,crashies,NRG,Skye,0.79,146.0,11,15,12,-4,79.0,89.0,28.0,1.0,3.0,-2.0,NRG,,13,FUR,,11,1,VCT Americas
7244,0,Bind,FiNESSE,NRG,Viper,0.61,151.0,12,20,5,-8,54.0,96.0,27.0,1.0,3.0,-2.0,NRG,,13,FUR,,11,1,VCT Americas
7245,0,Bind,dgzin,FUR,Jett,1.42,282.0,25,17,4,8,83.0,175.0,38.0,8.0,2.0,6.0,NRG,,13,FUR,,11,0,VCT Americas
7246,0,Bind,mazin,FUR,Skye,0.93,186.0,15,17,10,-2,63.0,111.0,29.0,2.0,4.0,-2.0,NRG,,13,FUR,,11,0,VCT Americas
7247,0,Bind,Khalil,FUR,Brimstone,0.91,182.0,15,14,8,1,79.0,118.0,26.0,0.0,1.0,-1.0,NRG,,13,FUR,,11,0,VCT Americas
7248,0,Bind,mwzera,FUR,Raze,0.77,175.0,12,18,7,-6,67.0,125.0,19.0,2.0,2.0,0.0,NRG,,13,FUR,,11,0,VCT Americas
7249,0,Bind,qck,FUR,Viper,0.63,160.0,14,18,4,-4,63.0,104.0,18.0,2.0,1.0,1.0,NRG,,13,FUR,,11,0,VCT Americas
7250,2,Haven,crashies,NRG,Sova,1.46,246.0,21,15,13,6,75.0,164.0,32.0,2.0,1.0,1.0,NRG,,11,FUR,,13,0,VCT Americas
7251,2,Haven,Victor,NRG,Killjoy,1.03,251.0,21,19,7,2,67.0,156.0,23.0,4.0,2.0,2.0,NRG,,11,FUR,,13,0,VCT Americas
7252,2,Haven,FiNESSE,NRG,Breach,0.89,157.0,14,16,8,-2,75.0,100.0,19.0,2.0,2.0,0.0,NRG,,11,FUR,,13,0,VCT Americas
7253,2,Haven,s0m,NRG,Astra,0.88,163.0,16,19,8,-3,75.0,97.0,15.0,0.0,1.0,-1.0,NRG,,11,FUR,,13,0,VCT Americas
7254,2,Haven,ardiis,NRG,Jett,0.71,170.0,12,19,8,-7,63.0,112.0,9.0,5.0,5.0,0.0,NRG,,11,FUR,,13,0,VCT Americas
7255,2,Haven,dgzin,FUR,Jett,1.36,288.0,27,17,2,10,71.0,169.0,36.0,3.0,5.0,-2.0,NRG,,11,FUR,,13,1,VCT Americas
7256,2,Haven,qck,FUR,Viper,1.1,202.0,16,14,8,2,75.0,134.0,31.0,1.0,1.0,0.0,NRG,,11,FUR,,13,1,VCT Americas
7257,2,Haven,mwzera,FUR,Skye,0.92,200.0,17,18,7,-1,79.0,131.0,23.0,1.0,3.0,-2.0,NRG,,11,FUR,,13,1,VCT Americas
7258,2,Haven,mazin,FUR,Harbor,0.88,192.0,15,19,9,-4,67.0,119.0,25.0,3.0,1.0,2.0,NRG,,11,FUR,,13,1,VCT Americas
7259,2,Haven,Khalil,FUR,Killjoy,0.8,154.0,13,16,3,-3,63.0,109.0,18.0,3.0,3.0,0.0,NRG,,11,FUR,,13,1,VCT Americas
7260,3,Pearl,Victor,NRG,Killjoy,1.23,177.0,13,7,2,6,84.0,125.0,20.0,1.0,1.0,0.0,NRG,,13,FUR,,6,1,VCT Americas
7261,3,Pearl,FiNESSE,NRG,Viper,1.19,194.0,12,9,6,3,95.0,117.0,22.0,3.0,0.0,3.0,NRG,,13,FUR,,6,1,VCT Americas
7262,3,Pearl,s0m,NRG,Harbor,1.04,236.0,15,13,5,2,79.0,145.0,13.0,3.0,2.0,1.0,NRG,,13,FUR,,6,1,VCT Americas
7263,3,Pearl,crashies,NRG,Skye,1.02,138.0,10,10,15,0,84.0,78.0,11.0,0.0,1.0,-1.0,NRG,,13,FUR,,6,1,VCT Americas
7264,3,Pearl,ardiis,NRG,Jett,0.98,208.0,14,12,2,2,74.0,138.0,23.0,5.0,4.0,1.0,NRG,,13,FUR,,6,1,VCT Americas
7265,3,Pearl,mwzera,FUR,Skye,1.4,261.0,18,13,6,5,79.0,164.0,29.0,2.0,3.0,-1.0,NRG,,13,FUR,,6,0,VCT Americas
7266,3,Pearl,mazin,FUR,Viper,0.93,190.0,11,11,5,0,79.0,137.0,24.0,0.0,2.0,-2.0,NRG,,13,FUR,,6,0,VCT Americas
7267,3,Pearl,dgzin,FUR,Jett,0.72,155.0,9,13,5,-4,79.0,104.0,27.0,3.0,2.0,1.0,NRG,,13,FUR,,6,0,VCT Americas
7268,3,Pearl,qck,FUR,Harbor,0.64,129.0,8,14,4,-6,58.0,84.0,20.0,2.0,2.0,0.0,NRG,,13,FUR,,6,0,VCT Americas
7269,3,Pearl,Khalil,FUR,Killjoy,0.53,99.0,5,13,4,-8,58.0,73.0,21.0,0.0,2.0,-2.0,NRG,,13,FUR,,6,0,VCT Americas
7270,0,Pearl,dgzin,FUR,Jett,1.42,310.0,26,16,3,10,87.0,192.0,29.0,7.0,3.0,4.0,FUR,,13,100T,,10,1,VCT Americas
7271,0,Pearl,Khalil,FUR,Killjoy,1.09,213.0,16,14,9,2,65.0,153.0,23.0,1.0,1.0,0.0,FUR,,13,100T,,10,1,VCT Americas
7272,0,Pearl,mwzera,FUR,Skye,0.97,202.0,15,15,6,0,70.0,137.0,19.0,1.0,1.0,0.0,FUR,,13,100T,,10,1,VCT Americas
7273,0,Pearl,qck,FUR,Harbor,0.93,159.0,14,15,5,-1,70.0,127.0,37.0,0.0,5.0,-5.0,FUR,,13,100T,,10,1,VCT Americas
7274,0,Pearl,mazin,FUR,Viper,0.69,120.0,10,15,8,-5,48.0,83.0,19.0,1.0,3.0,-2.0,FUR,,13,100T,,10,1,VCT Americas
7275,0,Pearl,Cryocells,100T,Jett,1.47,285.0,24,14,4,10,70.0,186.0,19.0,7.0,4.0,3.0,FUR,,13,100T,,10,0,VCT Americas
7276,0,Pearl,bang,100T,Viper,1.0,186.0,16,16,5,0,65.0,123.0,33.0,3.0,4.0,-1.0,FUR,,13,100T,,10,0,VCT Americas
7277,0,Pearl,Derrek,100T,Killjoy,0.95,173.0,14,16,3,-2,70.0,118.0,31.0,0.0,1.0,-1.0,FUR,,13,100T,,10,0,VCT Americas
7278,0,Pearl,Asuna,100T,Skye,0.87,155.0,11,17,13,-6,65.0,96.0,20.0,2.0,0.0,2.0,FUR,,13,100T,,10,0,VCT Americas
7279,0,Pearl,stellar,100T,Harbor,0.58,129.0,10,18,6,-8,61.0,80.0,11.0,1.0,1.0,0.0,FUR,,13,100T,,10,0,VCT Americas
7280,2,Fracture,Khalil,FUR,Brimstone,1.02,225.0,15,14,5,1,70.0,144.0,33.0,0.0,3.0,-3.0,FUR,,7,100T,,13,0,VCT Americas
7281,2,Fracture,qck,FUR,Cypher,0.98,162.0,11,12,2,-1,55.0,107.0,24.0,2.0,2.0,0.0,FUR,,7,100T,,13,0,VCT Americas
7282,2,Fracture,mazin,FUR,Breach,0.69,110.0,8,14,6,-6,85.0,66.0,11.0,0.0,0.0,0.0,FUR,,7,100T,,13,0,VCT Americas
7283,2,Fracture,dgzin,FUR,Neon,0.61,170.0,11,17,3,-6,55.0,113.0,38.0,3.0,7.0,-4.0,FUR,,7,100T,,13,0,VCT Americas
7284,2,Fracture,mwzera,FUR,Fade,0.55,108.0,7,14,7,-7,70.0,66.0,13.0,1.0,2.0,-1.0,FUR,,7,100T,,13,0,VCT Americas
7285,2,Fracture,bang,100T,Brimstone,1.59,239.0,18,8,11,10,85.0,160.0,46.0,4.0,0.0,4.0,FUR,,7,100T,,13,1,VCT Americas
7286,2,Fracture,Cryocells,100T,Jett,1.31,293.0,21,13,4,8,90.0,183.0,20.0,6.0,1.0,5.0,FUR,,7,100T,,13,1,VCT Americas
7287,2,Fracture,Derrek,100T,Breach,1.11,142.0,8,8,17,0,85.0,88.0,27.0,2.0,1.0,1.0,FUR,,7,100T,,13,1,VCT Americas
7288,2,Fracture,stellar,100T,Killjoy,0.98,197.0,15,12,1,3,75.0,123.0,28.0,2.0,2.0,0.0,FUR,,7,100T,,13,1,VCT Americas
7289,2,Fracture,Asuna,100T,Skye,0.94,156.0,9,11,11,-2,75.0,101.0,23.0,0.0,2.0,-2.0,FUR,,7,100T,,13,1,VCT Americas
7290,3,Haven,mazin,FUR,Harbor,1.09,198.0,18,16,4,2,75.0,127.0,34.0,1.0,1.0,0.0,FUR,,11,100T,,13,0,VCT Americas
7291,3,Haven,mwzera,FUR,Skye,0.96,204.0,17,19,8,-2,75.0,135.0,25.0,3.0,0.0,3.0,FUR,,11,100T,,13,0,VCT Americas
7292,3,Haven,Khalil,FUR,Killjoy,0.93,170.0,15,15,4,0,63.0,111.0,20.0,4.0,1.0,3.0,FUR,,11,100T,,13,0,VCT Americas
7293,3,Haven,dgzin,FUR,Jett,0.79,180.0,14,19,5,-5,71.0,119.0,20.0,4.0,8.0,-4.0,FUR,,11,100T,,13,0,VCT Americas
7294,3,Haven,qck,FUR,Viper,0.72,158.0,12,19,8,-7,71.0,113.0,31.0,0.0,2.0,-2.0,FUR,,11,100T,,13,0,VCT Americas
7295,3,Haven,Asuna,100T,Gekko,1.27,254.0,23,15,6,8,79.0,158.0,23.0,2.0,2.0,0.0,FUR,,11,100T,,13,1,VCT Americas
7296,3,Haven,stellar,100T,Killjoy,1.11,167.0,14,13,8,1,75.0,116.0,15.0,1.0,1.0,0.0,FUR,,11,100T,,13,1,VCT Americas
7297,3,Haven,Cryocells,100T,Jett,1.08,210.0,18,17,6,1,79.0,144.0,13.0,4.0,4.0,0.0,FUR,,11,100T,,13,1,VCT Americas
7298,3,Haven,Derrek,100T,Sova,1.05,219.0,18,16,8,2,79.0,160.0,31.0,3.0,2.0,1.0,FUR,,11,100T,,13,1,VCT Americas
7299,3,Haven,bang,100T,Omen,1.01,187.0,15,15,12,0,75.0,112.0,35.0,2.0,3.0,-1.0,FUR,,11,100T,,13,1,VCT Americas
7300,0,Lotus,Demon1,EG,Jett,2.04,381.0,22,6,3,16,87.0,263.0,39.0,5.0,2.0,3.0,EG,,13,MIBR,,2,1,VCT Americas
7301,0,Lotus,C0M,EG,Breach,1.81,252.0,15,5,10,10,93.0,155.0,27.0,1.0,0.0,1.0,EG,,13,MIBR,,2,1,VCT Americas
7302,0,Lotus,Ethan,EG,Skye,1.39,251.0,13,8,9,5,93.0,168.0,30.0,4.0,1.0,3.0,EG,,13,MIBR,,2,1,VCT Americas
7303,0,Lotus,jawgemo,EG,Omen,1.26,245.0,13,9,7,4,87.0,164.0,23.0,1.0,0.0,1.0,EG,,13,MIBR,,2,1,VCT Americas
7304,0,Lotus,Boostio,EG,Killjoy,1.18,150.0,9,5,3,4,80.0,113.0,32.0,0.0,1.0,-1.0,EG,,13,MIBR,,2,1,VCT Americas
7305,0,Lotus,frz,MIBR,Skye,0.84,217.0,10,14,3,-4,60.0,148.0,44.0,2.0,1.0,1.0,EG,,13,MIBR,,2,0,VCT Americas
7306,0,Lotus,TxoziN,MIBR,Killjoy,0.58,141.0,7,14,0,-7,53.0,112.0,42.0,1.0,1.0,0.0,EG,,13,MIBR,,2,0,VCT Americas
7307,0,Lotus,RgLMeister,MIBR,Omen,0.58,153.0,7,15,4,-8,67.0,105.0,11.0,0.0,0.0,0.0,EG,,13,MIBR,,2,0,VCT Americas
7308,0,Lotus,jzz,MIBR,Raze,0.27,114.0,5,15,4,-10,53.0,89.0,11.0,1.0,6.0,-5.0,EG,,13,MIBR,,2,0,VCT Americas
7309,0,Lotus,murizzz,MIBR,Viper,0.27,89.0,4,14,3,-10,40.0,61.0,17.0,0.0,3.0,-3.0,EG,,13,MIBR,,2,0,VCT Americas
7310,2,Fracture,Ethan,EG,Breach,1.98,320.0,21,8,14,13,89.0,217.0,16.0,1.0,0.0,1.0,EG,,13,MIBR,,5,1,VCT Americas
7311,2,Fracture,jawgemo,EG,Raze,1.32,247.0,16,12,8,4,78.0,160.0,2.0,5.0,3.0,2.0,EG,,13,MIBR,,5,1,VCT Americas
7312,2,Fracture,Demon1,EG,Brimstone,1.22,186.0,10,10,15,0,78.0,125.0,41.0,1.0,1.0,0.0,EG,,13,MIBR,,5,1,VCT Americas
7313,2,Fracture,Boostio,EG,Killjoy,1.2,226.0,15,10,3,5,78.0,157.0,25.0,3.0,2.0,1.0,EG,,13,MIBR,,5,1,VCT Americas
7314,2,Fracture,C0M,EG,Sova,0.86,158.0,11,10,3,1,78.0,87.0,26.0,2.0,1.0,1.0,EG,,13,MIBR,,5,1,VCT Americas
7315,2,Fracture,frz,MIBR,Breach,0.99,222.0,14,16,7,-2,72.0,148.0,51.0,1.0,1.0,0.0,EG,,13,MIBR,,5,0,VCT Americas
7316,2,Fracture,RgLMeister,MIBR,Brimstone,0.88,184.0,10,14,11,-4,56.0,117.0,16.0,1.0,1.0,0.0,EG,,13,MIBR,,5,0,VCT Americas
7317,2,Fracture,TxoziN,MIBR,Killjoy,0.64,120.0,7,13,2,-6,61.0,87.0,10.0,0.0,3.0,-3.0,EG,,13,MIBR,,5,0,VCT Americas
7318,2,Fracture,jzz,MIBR,Raze,0.61,173.0,10,16,2,-6,50.0,109.0,15.0,4.0,4.0,0.0,EG,,13,MIBR,,5,0,VCT Americas
7319,2,Fracture,murizzz,MIBR,Fade,0.57,122.0,8,14,4,-6,72.0,88.0,33.0,0.0,2.0,-2.0,EG,,13,MIBR,,5,0,VCT Americas
7320,0,Lotus,keznit,KRÜ,Jett,1.3,230.0,23,15,1,8,65.0,141.0,27.0,3.0,6.0,-3.0,KRU,,12,SEN,,14,0,VCT Americas
7321,0,Lotus,DaveeyS,KRÜ,Killjoy,1.24,243.0,22,16,2,6,65.0,174.0,49.0,3.0,3.0,0.0,KRU,,12,SEN,,14,0,VCT Americas
7322,0,Lotus,Klaus,KRÜ,Skye,1.04,218.0,20,20,11,0,69.0,143.0,23.0,3.0,1.0,2.0,KRU,,12,SEN,,14,0,VCT Americas
7323,0,Lotus,Melser,KRÜ,Harbor,0.78,157.0,14,19,8,-5,92.0,109.0,38.0,0.0,1.0,-1.0,KRU,,12,SEN,,14,0,VCT Americas
7324,0,Lotus,axeddy,KRÜ,Viper,0.5,121.0,9,19,10,-10,62.0,86.0,43.0,2.0,4.0,-2.0,KRU,,12,SEN,,14,0,VCT Americas
7325,0,Lotus,zekken,SEN,Omen,1.45,303.0,28,18,9,10,92.0,207.0,32.0,2.0,4.0,-2.0,KRU,,12,SEN,,14,1,VCT Americas
7326,0,Lotus,Sacy,SEN,Skye,1.12,196.0,18,18,6,0,81.0,126.0,25.0,4.0,1.0,3.0,KRU,,12,SEN,,14,1,VCT Americas
7327,0,Lotus,pANcada,SEN,Killjoy,1.02,176.0,15,15,5,0,85.0,129.0,23.0,2.0,0.0,2.0,KRU,,12,SEN,,14,1,VCT Americas
7328,0,Lotus,TenZ,SEN,Neon,0.95,208.0,16,18,9,-2,65.0,140.0,14.0,4.0,5.0,-1.0,KRU,,12,SEN,,14,1,VCT Americas
7329,0,Lotus,Marved,SEN,Viper,0.63,135.0,12,19,5,-7,62.0,96.0,17.0,3.0,1.0,2.0,KRU,,12,SEN,,14,1,VCT Americas
7330,2,Bind,DaveeyS,KRÜ,Cypher,1.17,200.0,18,16,4,2,70.0,123.0,43.0,3.0,3.0,0.0,KRU,,10,SEN,,13,0,VCT Americas
7331,2,Bind,axeddy,KRÜ,Viper,1.12,224.0,17,17,11,0,78.0,146.0,17.0,0.0,4.0,-4.0,KRU,,10,SEN,,13,0,VCT Americas
7332,2,Bind,keznit,KRÜ,Raze,0.87,239.0,17,18,4,-1,61.0,164.0,10.0,3.0,5.0,-2.0,KRU,,10,SEN,,13,0,VCT Americas
7333,2,Bind,Melser,KRÜ,Brimstone,0.77,168.0,12,19,17,-7,78.0,117.0,25.0,1.0,1.0,0.0,KRU,,10,SEN,,13,0,VCT Americas
7334,2,Bind,Klaus,KRÜ,Skye,0.56,125.0,10,19,8,-9,65.0,71.0,17.0,3.0,0.0,3.0,KRU,,10,SEN,,13,0,VCT Americas
7335,2,Bind,Marved,SEN,Brimstone,1.43,245.0,21,13,12,8,78.0,174.0,29.0,1.0,2.0,-1.0,KRU,,10,SEN,,13,1,VCT Americas
7336,2,Bind,pANcada,SEN,Viper,1.17,209.0,16,13,3,3,83.0,144.0,25.0,0.0,1.0,-1.0,KRU,,10,SEN,,13,1,VCT Americas
7337,2,Bind,zekken,SEN,Raze,1.07,262.0,21,17,4,4,87.0,166.0,19.0,6.0,2.0,4.0,KRU,,10,SEN,,13,1,VCT Americas
7338,2,Bind,TenZ,SEN,Jett,1.07,225.0,18,17,8,1,74.0,152.0,33.0,6.0,3.0,3.0,KRU,,10,SEN,,13,1,VCT Americas
7339,2,Bind,Sacy,SEN,Skye,0.89,164.0,13,15,9,-2,83.0,107.0,28.0,0.0,2.0,-2.0,KRU,,10,SEN,,13,1,VCT Americas
7340,0,Split,Victor,NRG,Raze,2.15,401.0,27,9,5,18,94.0,240.0,25.0,6.0,2.0,4.0,NRG,,13,LOUD,,5,1,VCT Americas
7341,0,Split,ardiis,NRG,Jett,1.35,272.0,17,12,3,5,72.0,195.0,22.0,5.0,1.0,4.0,NRG,,13,LOUD,,5,1,VCT Americas
7342,0,Split,crashies,NRG,Skye,0.96,157.0,9,10,9,-1,72.0,113.0,29.0,2.0,1.0,1.0,NRG,,13,LOUD,,5,1,VCT Americas
7343,0,Split,s0m,NRG,Astra,0.9,154.0,11,10,8,1,89.0,92.0,31.0,0.0,0.0,0.0,NRG,,13,LOUD,,5,1,VCT Americas
7344,0,Split,FiNESSE,NRG,Viper,0.6,85.0,5,11,4,-6,72.0,58.0,14.0,0.0,1.0,-1.0,NRG,,13,LOUD,,5,1,VCT Americas
7345,0,Split,Less,LOUD,Viper,1.24,258.0,17,14,3,3,72.0,154.0,62.0,2.0,2.0,0.0,NRG,,13,LOUD,,5,0,VCT Americas
7346,0,Split,aspas,LOUD,Jett,0.82,169.0,9,13,5,-4,61.0,124.0,20.0,0.0,4.0,-4.0,NRG,,13,LOUD,,5,0,VCT Americas
7347,0,Split,tuyz,LOUD,Astra,0.8,120.0,8,11,4,-3,67.0,81.0,38.0,1.0,1.0,0.0,NRG,,13,LOUD,,5,0,VCT Americas
7348,0,Split,saadhak,LOUD,Raze,0.55,176.0,9,15,3,-6,56.0,122.0,10.0,1.0,3.0,-2.0,NRG,,13,LOUD,,5,0,VCT Americas
7349,0,Split,cauanzin,LOUD,Skye,0.54,154.0,9,16,5,-7,61.0,104.0,23.0,1.0,3.0,-2.0,NRG,,13,LOUD,,5,0,VCT Americas
7350,2,Pearl,ardiis,NRG,Jett,1.51,306.0,24,15,7,9,86.0,199.0,17.0,6.0,6.0,0.0,NRG,,13,LOUD,,9,1,VCT Americas
7351,2,Pearl,Victor,NRG,Killjoy,1.22,233.0,19,13,9,6,86.0,159.0,18.0,2.0,0.0,2.0,NRG,,13,LOUD,,9,1,VCT Americas
7352,2,Pearl,crashies,NRG,Skye,1.15,186.0,16,12,11,4,86.0,115.0,36.0,0.0,2.0,-2.0,NRG,,13,LOUD,,9,1,VCT Americas
7353,2,Pearl,s0m,NRG,Harbor,1.1,216.0,17,15,11,2,82.0,158.0,21.0,2.0,2.0,0.0,NRG,,13,LOUD,,9,1,VCT Americas
7354,2,Pearl,FiNESSE,NRG,Viper,0.69,159.0,12,16,9,-4,91.0,104.0,11.0,2.0,0.0,2.0,NRG,,13,LOUD,,9,1,VCT Americas
7355,2,Pearl,saadhak,LOUD,Killjoy,1.24,261.0,21,16,4,5,59.0,171.0,27.0,2.0,1.0,1.0,NRG,,13,LOUD,,9,0,VCT Americas
7356,2,Pearl,cauanzin,LOUD,Skye,0.93,190.0,14,17,9,-3,59.0,120.0,17.0,1.0,3.0,-2.0,NRG,,13,LOUD,,9,0,VCT Americas
7357,2,Pearl,Less,LOUD,Viper,0.78,208.0,16,20,2,-4,68.0,124.0,33.0,4.0,3.0,1.0,NRG,,13,LOUD,,9,0,VCT Americas
7358,2,Pearl,tuyz,LOUD,Harbor,0.66,111.0,9,15,6,-6,77.0,72.0,29.0,0.0,2.0,-2.0,NRG,,13,LOUD,,9,0,VCT Americas
7359,2,Pearl,aspas,LOUD,Jett,0.59,166.0,11,20,4,-9,77.0,114.0,29.0,3.0,3.0,0.0,NRG,,13,LOUD,,9,0,VCT Americas
7360,0,Lotus,kiNgg,LEV,Viper,1.14,228.0,16,14,7,2,70.0,144.0,37.0,1.0,2.0,-1.0,LEV,,7,C9,,13,0,VCT Americas
7361,0,Lotus,Shyy,LEV,Killjoy,1.05,174.0,10,12,8,-2,75.0,127.0,14.0,1.0,1.0,0.0,LEV,,7,C9,,13,0,VCT Americas
7362,0,Lotus,nzr,LEV,Skye,1.01,195.0,15,15,9,0,80.0,112.0,21.0,1.0,0.0,1.0,LEV,,7,C9,,13,0,VCT Americas
7363,0,Lotus,Mazino,LEV,Omen,0.93,178.0,14,15,4,-1,75.0,113.0,25.0,2.0,2.0,0.0,LEV,,7,C9,,13,0,VCT Americas
7364,0,Lotus,Tacolilla,LEV,Raze,0.57,156.0,9,17,5,-8,60.0,104.0,15.0,4.0,6.0,-2.0,LEV,,7,C9,,13,0,VCT Americas
7365,0,Lotus,runi,C9,Viper,1.72,273.0,21,10,4,11,90.0,188.0,25.0,1.0,1.0,0.0,LEV,,7,C9,,13,1,VCT Americas
7366,0,Lotus,leaf,C9,Neon,1.27,300.0,21,16,4,5,70.0,179.0,26.0,8.0,3.0,5.0,LEV,,7,C9,,13,1,VCT Americas
7367,0,Lotus,Zellsis,C9,Killjoy,0.83,114.0,8,10,5,-2,65.0,82.0,12.0,0.0,3.0,-3.0,LEV,,7,C9,,13,1,VCT Americas
7368,0,Lotus,Xeppaa,C9,Skye,0.78,177.0,12,15,10,-3,80.0,132.0,25.0,0.0,0.0,0.0,LEV,,7,C9,,13,1,VCT Americas
7369,0,Lotus,jakee,C9,Omen,0.73,133.0,11,13,2,-2,80.0,80.0,28.0,2.0,2.0,0.0,LEV,,7,C9,,13,1,VCT Americas
7370,2,Haven,nzr,LEV,Sova,1.43,276.0,15,10,3,5,76.0,175.0,18.0,0.0,1.0,-1.0,LEV,,4,C9,,13,0,VCT Americas
7371,2,Haven,Tacolilla,LEV,Jett,0.95,240.0,14,14,4,0,82.0,156.0,30.0,2.0,5.0,-3.0,LEV,,4,C9,,13,0,VCT Americas
7372,2,Haven,kiNgg,LEV,Breach,0.88,188.0,11,12,4,-1,59.0,118.0,44.0,1.0,0.0,1.0,LEV,,4,C9,,13,0,VCT Americas
7373,2,Haven,Shyy,LEV,Killjoy,0.76,130.0,9,12,1,-3,59.0,75.0,16.0,0.0,2.0,-2.0,LEV,,4,C9,,13,0,VCT Americas
7374,2,Haven,Mazino,LEV,Omen,0.58,135.0,7,15,10,-8,65.0,91.0,17.0,1.0,5.0,-4.0,LEV,,4,C9,,13,0,VCT Americas
7375,2,Haven,leaf,C9,Jett,1.51,304.0,17,11,8,6,76.0,210.0,29.0,7.0,1.0,6.0,LEV,,4,C9,,13,1,VCT Americas
7376,2,Haven,runi,C9,Sova,1.18,218.0,15,12,3,3,71.0,147.0,38.0,2.0,2.0,0.0,LEV,,4,C9,,13,1,VCT Americas
7377,2,Haven,jakee,C9,Omen,1.02,145.0,9,10,10,-1,88.0,94.0,23.0,3.0,0.0,3.0,LEV,,4,C9,,13,1,VCT Americas
7378,2,Haven,Zellsis,C9,Breach,0.94,143.0,8,11,12,-3,71.0,77.0,19.0,0.0,0.0,0.0,LEV,,4,C9,,13,1,VCT Americas
7379,2,Haven,Xeppaa,C9,Killjoy,0.91,216.0,14,12,3,2,71.0,140.0,18.0,1.0,1.0,0.0,LEV,,4,C9,,13,1,VCT Americas
7380,0,Split,TenZ,SEN,Jett,1.4,284.0,21,13,4,8,70.0,178.0,15.0,4.0,1.0,3.0,SEN,,13,FUR,,7,1,VCT Americas
7381,0,Split,zekken,SEN,Raze,1.34,297.0,19,14,5,5,80.0,190.0,18.0,3.0,3.0,0.0,SEN,,13,FUR,,7,1,VCT Americas
7382,0,Split,Sacy,SEN,Skye,0.94,178.0,12,12,7,0,70.0,129.0,37.0,2.0,1.0,1.0,SEN,,13,FUR,,7,1,VCT Americas
7383,0,Split,Marved,SEN,Astra,0.93,146.0,11,12,5,-1,85.0,100.0,27.0,1.0,3.0,-2.0,SEN,,13,FUR,,7,1,VCT Americas
7384,0,Split,pANcada,SEN,Viper,0.68,125.0,10,12,2,-2,55.0,75.0,25.0,1.0,1.0,0.0,SEN,,13,FUR,,7,1,VCT Americas
7385,0,Split,dgzin,FUR,Jett,1.25,232.0,18,14,3,4,65.0,130.0,23.0,4.0,3.0,1.0,SEN,,13,FUR,,7,0,VCT Americas
7386,0,Split,Khalil,FUR,Astra,0.89,120.0,8,12,9,-4,80.0,80.0,21.0,0.0,0.0,0.0,SEN,,13,FUR,,7,0,VCT Americas
7387,0,Split,mwzera,FUR,Raze,0.86,217.0,14,16,5,-2,65.0,144.0,6.0,3.0,3.0,0.0,SEN,,13,FUR,,7,0,VCT Americas
7388,0,Split,mazin,FUR,Skye,0.8,180.0,14,16,6,-2,55.0,105.0,31.0,2.0,4.0,-2.0,SEN,,13,FUR,,7,0,VCT Americas
7389,0,Split,qck,FUR,Viper,0.66,140.0,9,15,8,-6,70.0,98.0,31.0,0.0,1.0,-1.0,SEN,,13,FUR,,7,0,VCT Americas
7390,2,Haven,TenZ,SEN,Jett,1.31,252.0,15,14,6,1,89.0,166.0,31.0,5.0,1.0,4.0,SEN,,5,FUR,,13,0,VCT Americas
7391,2,Haven,Sacy,SEN,Sova,1.02,211.0,14,15,4,-1,72.0,144.0,30.0,2.0,3.0,-1.0,SEN,,5,FUR,,13,0,VCT Americas
7392,2,Haven,pANcada,SEN,Killjoy,0.99,153.0,10,11,6,-1,78.0,105.0,28.0,0.0,1.0,-1.0,SEN,,5,FUR,,13,0,VCT Americas
7393,2,Haven,Marved,SEN,Astra,0.68,138.0,9,15,4,-6,78.0,93.0,32.0,1.0,3.0,-2.0,SEN,,5,FUR,,13,0,VCT Americas
7394,2,Haven,zekken,SEN,Breach,0.41,117.0,7,17,10,-10,72.0,73.0,6.0,0.0,2.0,-2.0,SEN,,5,FUR,,13,0,VCT Americas
7395,2,Haven,mwzera,FUR,Skye,1.55,276.0,19,10,7,9,100.0,185.0,44.0,1.0,1.0,0.0,SEN,,5,FUR,,13,1,VCT Americas
7396,2,Haven,dgzin,FUR,Jett,1.51,358.0,24,12,2,12,89.0,208.0,23.0,6.0,1.0,5.0,SEN,,5,FUR,,13,1,VCT Americas
7397,2,Haven,Khalil,FUR,Killjoy,1.0,173.0,11,10,4,1,94.0,126.0,19.0,1.0,0.0,1.0,SEN,,5,FUR,,13,1,VCT Americas
7398,2,Haven,qck,FUR,Viper,0.74,88.0,7,9,2,-2,72.0,53.0,18.0,0.0,3.0,-3.0,SEN,,5,FUR,,13,1,VCT Americas
7399,2,Haven,mazin,FUR,Harbor,0.62,168.0,11,14,6,-3,67.0,112.0,29.0,2.0,3.0,-1.0,SEN,,5,FUR,,13,1,VCT Americas
7400,3,Bind,Marved,SEN,Brimstone,1.08,210.0,27,23,11,4,75.0,141.0,37.0,1.0,6.0,-5.0,SEN,,19,FUR,,17,1,VCT Americas
7401,3,Bind,zekken,SEN,Raze,1.08,256.0,31,26,10,5,72.0,172.0,24.0,6.0,0.0,6.0,SEN,,19,FUR,,17,1,VCT Americas
7402,3,Bind,Sacy,SEN,Skye,0.97,192.0,23,25,11,-2,69.0,124.0,30.0,2.0,0.0,2.0,SEN,,19,FUR,,17,1,VCT Americas
7403,3,Bind,TenZ,SEN,Jett,0.91,212.0,25,26,8,-1,64.0,144.0,14.0,7.0,9.0,-2.0,SEN,,19,FUR,,17,1,VCT Americas
7404,3,Bind,pANcada,SEN,Viper,0.9,161.0,21,22,7,-1,64.0,109.0,30.0,2.0,3.0,-1.0,SEN,,19,FUR,,17,1,VCT Americas
7405,3,Bind,qck,FUR,Viper,1.27,223.0,28,23,12,5,61.0,148.0,23.0,2.0,4.0,-2.0,SEN,,19,FUR,,17,0,VCT Americas
7406,3,Bind,mazin,FUR,Skye,1.14,193.0,25,20,9,5,75.0,128.0,41.0,1.0,0.0,1.0,SEN,,19,FUR,,17,0,VCT Americas
7407,3,Bind,Khalil,FUR,Brimstone,1.01,207.0,27,28,11,-1,78.0,139.0,27.0,1.0,1.0,0.0,SEN,,19,FUR,,17,0,VCT Americas
7408,3,Bind,dgzin,FUR,Jett,0.81,163.0,21,27,3,-6,67.0,97.0,22.0,8.0,5.0,3.0,SEN,,19,FUR,,17,0,VCT Americas
7409,3,Bind,mwzera,FUR,Raze,0.77,187.0,21,30,11,-9,64.0,134.0,18.0,6.0,8.0,-2.0,SEN,,19,FUR,,17,0,VCT Americas
7410,0,Bind,crashies,NRG,Skye,1.32,212.0,19,15,10,4,91.0,144.0,44.0,2.0,2.0,0.0,NRG,,13,EG,,9,1,VCT Americas
7411,0,Bind,s0m,NRG,Harbor,1.3,250.0,20,15,4,5,64.0,156.0,24.0,4.0,1.0,3.0,NRG,,13,EG,,9,1,VCT Americas
7412,0,Bind,FiNESSE,NRG,Viper,1.03,191.0,13,14,9,-1,59.0,134.0,29.0,1.0,2.0,-1.0,NRG,,13,EG,,9,1,VCT Americas
7413,0,Bind,ardiis,NRG,Sage,0.99,213.0,16,17,7,-1,77.0,142.0,27.0,2.0,1.0,1.0,NRG,,13,EG,,9,1,VCT Americas
7414,0,Bind,Victor,NRG,Raze,0.97,198.0,15,14,6,1,68.0,136.0,21.0,3.0,4.0,-1.0,NRG,,13,EG,,9,1,VCT Americas
7415,0,Bind,Boostio,EG,Astra,1.06,230.0,17,16,7,1,68.0,152.0,28.0,4.0,3.0,1.0,NRG,,13,EG,,9,0,VCT Americas
7416,0,Bind,Demon1,EG,Jett,0.98,195.0,16,16,1,0,64.0,133.0,27.0,4.0,2.0,2.0,NRG,,13,EG,,9,0,VCT Americas
7417,0,Bind,C0M,EG,Viper,0.93,189.0,14,15,7,-1,73.0,121.0,22.0,0.0,2.0,-2.0,NRG,,13,EG,,9,0,VCT Americas
7418,0,Bind,jawgemo,EG,Raze,0.8,239.0,16,19,6,-3,59.0,162.0,17.0,2.0,5.0,-3.0,NRG,,13,EG,,9,0,VCT Americas
7419,0,Bind,Ethan,EG,Skye,0.72,143.0,12,17,6,-5,64.0,93.0,24.0,0.0,0.0,0.0,NRG,,13,EG,,9,0,VCT Americas
7420,2,Split,crashies,NRG,Skye,1.24,239.0,17,14,9,3,75.0,155.0,29.0,1.0,1.0,0.0,NRG,,13,EG,,7,1,VCT Americas
7421,2,Split,Victor,NRG,Raze,1.16,262.0,18,15,7,3,75.0,173.0,17.0,2.0,4.0,-2.0,NRG,,13,EG,,7,1,VCT Americas
7422,2,Split,FiNESSE,NRG,Viper,1.11,186.0,14,12,4,2,70.0,123.0,18.0,2.0,2.0,0.0,NRG,,13,EG,,7,1,VCT Americas
7423,2,Split,s0m,NRG,Astra,0.99,161.0,11,13,8,-2,90.0,101.0,35.0,2.0,0.0,2.0,NRG,,13,EG,,7,1,VCT Americas
7424,2,Split,ardiis,NRG,Jett,0.95,221.0,16,15,2,1,75.0,148.0,26.0,2.0,4.0,-2.0,NRG,,13,EG,,7,1,VCT Americas
7425,2,Split,C0M,EG,Viper,1.24,264.0,19,15,6,4,80.0,162.0,21.0,4.0,0.0,4.0,NRG,,13,EG,,7,0,VCT Americas
7426,2,Split,Boostio,EG,Astra,1.14,233.0,17,15,7,2,90.0,153.0,40.0,3.0,1.0,2.0,NRG,,13,EG,,7,0,VCT Americas
7427,2,Split,Demon1,EG,Jett,1.03,253.0,17,16,1,1,75.0,170.0,27.0,3.0,1.0,2.0,NRG,,13,EG,,7,0,VCT Americas
7428,2,Split,Ethan,EG,Skye,0.65,115.0,6,14,11,-8,70.0,77.0,30.0,1.0,1.0,0.0,NRG,,13,EG,,7,0,VCT Americas
7429,2,Split,jawgemo,EG,Raze,0.63,153.0,10,16,3,-6,60.0,106.0,12.0,0.0,6.0,-6.0,NRG,,13,EG,,7,0,VCT Americas
7430,0,Lotus,runi,C9,Viper,1.31,206.0,19,17,16,2,79.0,135.0,26.0,1.0,0.0,1.0,C9,,15,KRU,,13,1,VCT Americas
7431,0,Lotus,Xeppaa,C9,Skye,1.17,267.0,28,24,7,4,68.0,170.0,33.0,1.0,3.0,-2.0,C9,,15,KRU,,13,1,VCT Americas
7432,0,Lotus,Zellsis,C9,Killjoy,0.99,186.0,18,21,6,-3,75.0,127.0,23.0,0.0,1.0,-1.0,C9,,15,KRU,,13,1,VCT Americas
7433,0,Lotus,leaf,C9,Neon,0.92,230.0,19,24,10,-5,68.0,152.0,23.0,8.0,9.0,-1.0,C9,,15,KRU,,13,1,VCT Americas
7434,0,Lotus,jakee,C9,Omen,0.85,160.0,16,21,12,-5,68.0,98.0,23.0,1.0,4.0,-3.0,C9,,15,KRU,,13,1,VCT Americas
7435,0,Lotus,DaveeyS,KRÜ,Killjoy,1.38,304.0,31,20,2,11,82.0,196.0,34.0,2.0,2.0,0.0,C9,,15,KRU,,13,0,VCT Americas
7436,0,Lotus,keznit,KRÜ,Jett,1.28,269.0,26,18,4,8,68.0,170.0,33.0,7.0,5.0,2.0,C9,,15,KRU,,13,0,VCT Americas
7437,0,Lotus,NagZ,KRÜ,Viper,0.88,183.0,18,19,7,-1,64.0,120.0,28.0,3.0,2.0,1.0,C9,,15,KRU,,13,0,VCT Americas
7438,0,Lotus,Melser,KRÜ,Harbor,0.78,195.0,18,20,7,-2,64.0,135.0,30.0,2.0,0.0,2.0,C9,,15,KRU,,13,0,VCT Americas
7439,0,Lotus,Klaus,KRÜ,Skye,0.66,161.0,14,23,16,-9,79.0,107.0,23.0,3.0,2.0,1.0,C9,,15,KRU,,13,0,VCT Americas
7440,2,Ascent,leaf,C9,Jett,0.98,217.0,14,16,5,-2,63.0,146.0,25.0,3.0,4.0,-1.0,C9,,6,KRU,,13,0,VCT Americas
7441,2,Ascent,Zellsis,C9,Killjoy,0.79,180.0,12,15,3,-3,63.0,126.0,19.0,1.0,2.0,-1.0,C9,,6,KRU,,13,0,VCT Americas
7442,2,Ascent,Xeppaa,C9,Skye,0.73,191.0,12,16,6,-4,74.0,107.0,22.0,2.0,3.0,-1.0,C9,,6,KRU,,13,0,VCT Americas
7443,2,Ascent,jakee,C9,Omen,0.72,154.0,9,15,5,-6,68.0,117.0,25.0,1.0,1.0,0.0,C9,,6,KRU,,13,0,VCT Americas
7444,2,Ascent,runi,C9,Breach,0.71,125.0,8,15,11,-7,53.0,84.0,12.0,0.0,2.0,-2.0,C9,,6,KRU,,13,0,VCT Americas
7445,2,Ascent,DaveeyS,KRÜ,Kayo,1.67,264.0,20,10,9,10,84.0,148.0,33.0,2.0,1.0,1.0,C9,,6,KRU,,13,0,VCT Americas
7446,2,Ascent,keznit,KRÜ,Jett,1.39,298.0,20,12,4,8,74.0,197.0,39.0,4.0,2.0,2.0,C9,,6,KRU,,13,0,VCT Americas
7447,2,Ascent,NagZ,KRÜ,Killjoy,1.19,193.0,13,10,3,3,100.0,122.0,14.0,2.0,1.0,1.0,C9,,6,KRU,,13,0,VCT Americas
7448,2,Ascent,Melser,KRÜ,Omen,1.18,219.0,15,12,11,3,79.0,140.0,26.0,4.0,0.0,4.0,C9,,6,KRU,,13,0,VCT Americas
7449,2,Ascent,Klaus,KRÜ,Sova,0.77,131.0,9,11,7,-2,79.0,94.0,13.0,0.0,3.0,-3.0,C9,,6,KRU,,13,0,VCT Americas
7450,3,Split,Xeppaa,C9,Raze,1.56,318.0,25,13,4,12,82.0,196.0,27.0,6.0,1.0,5.0,C9,,13,KRU,,9,1,VCT Americas
7451,3,Split,jakee,C9,Astra,1.22,241.0,19,14,11,5,86.0,144.0,24.0,1.0,1.0,0.0,C9,,13,KRU,,9,1,VCT Americas
7452,3,Split,Zellsis,C9,Killjoy,1.08,199.0,18,14,2,4,86.0,140.0,24.0,5.0,1.0,4.0,C9,,13,KRU,,9,1,VCT Americas
7453,3,Split,runi,C9,Breach,1.02,181.0,13,14,14,-1,86.0,128.0,15.0,1.0,1.0,0.0,C9,,13,KRU,,9,1,VCT Americas
7454,3,Split,leaf,C9,Skye,0.55,150.0,11,18,6,-7,68.0,100.0,21.0,1.0,4.0,-3.0,C9,,13,KRU,,9,1,VCT Americas
7455,3,Split,keznit,KRÜ,Jett,1.49,283.0,24,16,2,8,77.0,191.0,31.0,4.0,1.0,3.0,C9,,13,KRU,,9,0,VCT Americas
7456,3,Split,Melser,KRÜ,Astra,0.92,171.0,13,15,9,-2,68.0,110.0,15.0,1.0,5.0,-4.0,C9,,13,KRU,,9,0,VCT Americas
7457,3,Split,DaveeyS,KRÜ,Raze,0.88,206.0,13,18,11,-5,86.0,147.0,17.0,2.0,3.0,-1.0,C9,,13,KRU,,9,0,VCT Americas
7458,3,Split,NagZ,KRÜ,Viper,0.75,161.0,13,17,3,-4,55.0,109.0,18.0,1.0,4.0,-3.0,C9,,13,KRU,,9,0,VCT Americas
7459,3,Split,Klaus,KRÜ,Skye,0.49,132.0,10,20,11,-10,73.0,90.0,16.0,0.0,1.0,-1.0,C9,,13,KRU,,9,0,VCT Americas
7460,0,Haven,nzr,LEV,Sova,1.25,223.0,16,12,2,4,75.0,146.0,25.0,1.0,3.0,-2.0,LEV,,7,LOUD,,13,0,VCT Americas
7461,0,Haven,Shyy,LEV,Killjoy,0.98,177.0,13,13,1,0,70.0,138.0,20.0,3.0,1.0,2.0,LEV,,7,LOUD,,13,0,VCT Americas
7462,0,Haven,Tacolilla,LEV,Jett,0.69,142.0,9,14,3,-5,60.0,90.0,12.0,4.0,4.0,0.0,LEV,,7,LOUD,,13,0,VCT Americas
7463,0,Haven,Mazino,LEV,Omen,0.68,148.0,9,15,9,-6,65.0,97.0,21.0,0.0,2.0,-2.0,LEV,,7,LOUD,,13,0,VCT Americas
7464,0,Haven,kiNgg,LEV,Breach,0.63,134.0,10,14,4,-4,70.0,94.0,31.0,1.0,1.0,0.0,LEV,,7,LOUD,,13,0,VCT Americas
7465,0,Haven,tuyz,LOUD,Harbor,1.36,201.0,15,10,6,5,90.0,154.0,34.0,1.0,0.0,1.0,LEV,,7,LOUD,,13,1,VCT Americas
7466,0,Haven,aspas,LOUD,Jett,1.3,213.0,16,9,3,7,85.0,126.0,46.0,3.0,1.0,2.0,LEV,,7,LOUD,,13,1,VCT Americas
7467,0,Haven,Less,LOUD,Killjoy,1.14,179.0,14,9,2,5,75.0,121.0,30.0,2.0,4.0,-2.0,LEV,,7,LOUD,,13,1,VCT Americas
7468,0,Haven,saadhak,LOUD,Viper,1.01,218.0,15,14,7,1,85.0,152.0,23.0,4.0,2.0,2.0,LEV,,7,LOUD,,13,1,VCT Americas
7469,0,Haven,cauanzin,LOUD,Skye,0.65,143.0,8,15,8,-7,85.0,94.0,17.0,1.0,2.0,-1.0,LEV,,7,LOUD,,13,1,VCT Americas
7470,2,Ascent,nzr,LEV,Sova,1.0,160.0,9,14,1,-5,50.0,117.0,27.0,1.0,0.0,1.0,LEV,,5,LOUD,,13,0,VCT Americas
7471,2,Ascent,kiNgg,LEV,Kayo,0.89,175.0,11,14,5,-3,44.0,120.0,27.0,1.0,2.0,-1.0,LEV,,5,LOUD,,13,0,VCT Americas
7472,2,Ascent,Shyy,LEV,Killjoy,0.88,184.0,11,15,2,-4,50.0,121.0,19.0,3.0,1.0,2.0,LEV,,5,LOUD,,13,0,VCT Americas
7473,2,Ascent,Mazino,LEV,Omen,0.42,105.0,5,15,7,-10,39.0,80.0,20.0,0.0,4.0,-4.0,LEV,,5,LOUD,,13,0,VCT Americas
7474,2,Ascent,Tacolilla,LEV,Jett,0.04,75.0,4,17,1,-13,28.0,53.0,11.0,0.0,6.0,-6.0,LEV,,5,LOUD,,13,0,VCT Americas
7475,2,Ascent,saadhak,LOUD,Kayo,1.93,293.0,19,6,13,13,83.0,185.0,22.0,4.0,0.0,4.0,LEV,,5,LOUD,,13,1,VCT Americas
7476,2,Ascent,aspas,LOUD,Jett,1.47,275.0,20,9,3,11,89.0,191.0,25.0,5.0,3.0,2.0,LEV,,5,LOUD,,13,1,VCT Americas
7477,2,Ascent,Less,LOUD,Killjoy,1.31,215.0,14,9,5,5,78.0,164.0,30.0,2.0,0.0,2.0,LEV,,5,LOUD,,13,1,VCT Americas
7478,2,Ascent,tuyz,LOUD,Omen,1.18,176.0,12,9,12,3,83.0,135.0,32.0,1.0,1.0,0.0,LEV,,5,LOUD,,13,1,VCT Americas
7479,2,Ascent,cauanzin,LOUD,Sova,1.09,166.0,10,7,8,3,89.0,97.0,10.0,1.0,1.0,0.0,LEV,,5,LOUD,,13,1,VCT Americas
7480,0,Fracture,RgLMeister,MIBR,Brimstone,1.74,296.0,20,10,12,10,95.0,199.0,30.0,2.0,0.0,2.0,MIBR,,13,100T,,6,1,VCT Americas
7481,0,Fracture,jzz,MIBR,Neon,1.17,264.0,17,13,3,4,79.0,152.0,43.0,5.0,2.0,3.0,MIBR,,13,100T,,6,1,VCT Americas
7482,0,Fracture,murizzz,MIBR,Skye,1.11,195.0,15,11,8,4,84.0,102.0,32.0,1.0,0.0,1.0,MIBR,,13,100T,,6,1,VCT Americas
7483,0,Fracture,frz,MIBR,Breach,1.09,189.0,13,11,4,2,74.0,121.0,36.0,1.0,2.0,-1.0,MIBR,,13,100T,,6,1,VCT Americas
7484,0,Fracture,TxoziN,MIBR,Killjoy,0.86,161.0,8,12,6,-4,63.0,120.0,14.0,4.0,2.0,2.0,MIBR,,13,100T,,6,1,VCT Americas
7485,0,Fracture,Derrek,100T,Breach,1.12,212.0,15,14,6,1,84.0,131.0,54.0,2.0,0.0,2.0,MIBR,,13,100T,,6,0,VCT Americas
7486,0,Fracture,Asuna,100T,Skye,0.92,197.0,11,14,7,-3,58.0,137.0,30.0,0.0,2.0,-2.0,MIBR,,13,100T,,6,0,VCT Americas
7487,0,Fracture,bang,100T,Brimstone,0.78,149.0,9,14,7,-5,79.0,103.0,31.0,0.0,2.0,-2.0,MIBR,,13,100T,,6,0,VCT Americas
7488,0,Fracture,Cryocells,100T,Jett,0.76,161.0,11,15,2,-4,58.0,100.0,45.0,3.0,4.0,-1.0,MIBR,,13,100T,,6,0,VCT Americas
7489,0,Fracture,stellar,100T,Killjoy,0.57,179.0,11,16,3,-5,58.0,126.0,15.0,1.0,5.0,-4.0,MIBR,,13,100T,,6,0,VCT Americas
7490,2,Pearl,frz,MIBR,Skye,1.27,222.0,20,16,12,4,73.0,162.0,30.0,2.0,3.0,-1.0,MIBR,,12,100T,,14,0,VCT Americas
7491,2,Pearl,RgLMeister,MIBR,Harbor,1.09,164.0,16,16,9,0,81.0,103.0,29.0,0.0,1.0,-1.0,MIBR,,12,100T,,14,0,VCT Americas
7492,2,Pearl,TxoziN,MIBR,Killjoy,1.05,193.0,16,17,6,-1,69.0,134.0,19.0,4.0,2.0,2.0,MIBR,,12,100T,,14,0,VCT Americas
7493,2,Pearl,murizzz,MIBR,Viper,0.91,217.0,20,20,4,0,62.0,142.0,32.0,2.0,4.0,-2.0,MIBR,,12,100T,,14,0,VCT Americas
7494,2,Pearl,jzz,MIBR,Jett,0.48,126.0,11,19,2,-8,65.0,80.0,21.0,3.0,5.0,-2.0,MIBR,,12,100T,,14,0,VCT Americas
7495,2,Pearl,Cryocells,100T,Jett,1.55,357.0,33,17,1,16,81.0,219.0,28.0,8.0,5.0,3.0,MIBR,,12,100T,,14,1,VCT Americas
7496,2,Pearl,bang,100T,Viper,1.01,165.0,16,15,6,1,85.0,117.0,36.0,4.0,2.0,2.0,MIBR,,12,100T,,14,1,VCT Americas
7497,2,Pearl,stellar,100T,Harbor,0.94,174.0,16,16,9,0,69.0,102.0,12.0,1.0,2.0,-1.0,MIBR,,12,100T,,14,1,VCT Americas
7498,2,Pearl,Asuna,100T,Skye,0.93,154.0,13,17,14,-4,81.0,98.0,15.0,1.0,0.0,1.0,MIBR,,12,100T,,14,1,VCT Americas
7499,2,Pearl,Derrek,100T,Killjoy,0.69,144.0,10,18,9,-8,65.0,102.0,9.0,1.0,2.0,-1.0,MIBR,,12,100T,,14,1,VCT Americas
7500,3,Lotus,TxoziN,MIBR,Killjoy,1.44,230.0,17,10,4,7,80.0,162.0,20.0,3.0,0.0,3.0,MIBR,,13,100T,,7,1,VCT Americas
7501,3,Lotus,RgLMeister,MIBR,Omen,1.4,252.0,19,12,4,7,75.0,171.0,24.0,0.0,0.0,0.0,MIBR,,13,100T,,7,1,VCT Americas
7502,3,Lotus,frz,MIBR,Skye,0.93,156.0,11,12,8,-1,85.0,101.0,24.0,0.0,0.0,0.0,MIBR,,13,100T,,7,1,VCT Americas
7503,3,Lotus,jzz,MIBR,Neon,0.9,247.0,16,16,7,0,75.0,154.0,28.0,5.0,5.0,0.0,MIBR,,13,100T,,7,1,VCT Americas
7504,3,Lotus,murizzz,MIBR,Viper,0.58,179.0,12,16,8,-4,60.0,104.0,25.0,2.0,5.0,-3.0,MIBR,,13,100T,,7,1,VCT Americas
7505,3,Lotus,Asuna,100T,Skye,1.23,226.0,18,15,11,3,75.0,122.0,14.0,3.0,3.0,0.0,MIBR,,13,100T,,7,0,VCT Americas
7506,3,Lotus,Derrek,100T,Killjoy,1.16,214.0,14,14,7,0,80.0,161.0,24.0,0.0,1.0,-1.0,MIBR,,13,100T,,7,0,VCT Americas
7507,3,Lotus,Cryocells,100T,Jett,1.16,245.0,16,15,7,1,70.0,147.0,19.0,5.0,4.0,1.0,MIBR,,13,100T,,7,0,VCT Americas
7508,3,Lotus,bang,100T,Omen,0.84,167.0,12,15,8,-3,70.0,116.0,29.0,2.0,1.0,1.0,MIBR,,13,100T,,7,0,VCT Americas
7509,3,Lotus,stellar,100T,Viper,0.54,118.0,6,16,9,-10,70.0,95.0,26.0,0.0,1.0,-1.0,MIBR,,13,100T,,7,0,VCT Americas
7510,0,Ascent,kiNgg,LEV,Kayo,1.28,248.0,15,13,5,2,83.0,170.0,37.0,3.0,2.0,1.0,LEV,,5,FUR,,13,0,VCT Americas
7511,0,Ascent,nzr,LEV,Sova,0.66,122.0,7,12,1,-5,61.0,80.0,13.0,1.0,1.0,0.0,LEV,,5,FUR,,13,0,VCT Americas
7512,0,Ascent,Shyy,LEV,Killjoy,0.62,138.0,7,13,3,-6,50.0,103.0,20.0,3.0,3.0,0.0,LEV,,5,FUR,,13,0,VCT Americas
7513,0,Ascent,Mazino,LEV,Omen,0.61,123.0,7,14,5,-7,61.0,78.0,16.0,1.0,1.0,0.0,LEV,,5,FUR,,13,0,VCT Americas
7514,0,Ascent,Tacolilla,LEV,Jett,0.61,143.0,9,14,1,-5,44.0,103.0,15.0,1.0,2.0,-1.0,LEV,,5,FUR,,13,0,VCT Americas
7515,0,Ascent,mwzera,FUR,Sova,1.44,177.0,12,6,7,6,83.0,134.0,41.0,0.0,0.0,0.0,LEV,,5,FUR,,13,1,VCT Americas
7516,0,Ascent,dgzin,FUR,Jett,1.25,244.0,16,10,0,6,72.0,142.0,30.0,5.0,5.0,0.0,LEV,,5,FUR,,13,1,VCT Americas
7517,0,Ascent,mazin,FUR,Kayo,1.15,177.0,13,8,6,5,72.0,99.0,19.0,2.0,3.0,-1.0,LEV,,5,FUR,,13,1,VCT Americas
7518,0,Ascent,Khalil,FUR,Omen,1.09,177.0,12,9,6,3,89.0,104.0,27.0,0.0,0.0,0.0,LEV,,5,FUR,,13,1,VCT Americas
7519,0,Ascent,qck,FUR,Killjoy,1.0,191.0,13,12,0,1,72.0,130.0,24.0,2.0,1.0,1.0,LEV,,5,FUR,,13,1,VCT Americas
7520,2,Pearl,kiNgg,LEV,Viper,1.37,256.0,35,24,16,11,82.0,166.0,25.0,3.0,3.0,0.0,LEV,,20,FUR,,18,1,VCT Americas
7521,2,Pearl,Tacolilla,LEV,Jett,1.12,258.0,34,29,9,5,74.0,146.0,14.0,11.0,6.0,5.0,LEV,,20,FUR,,18,1,VCT Americas
7522,2,Pearl,Shyy,LEV,Killjoy,1.12,214.0,28,27,10,1,79.0,155.0,21.0,6.0,1.0,5.0,LEV,,20,FUR,,18,1,VCT Americas
7523,2,Pearl,nzr,LEV,Skye,1.01,191.0,25,29,24,-4,79.0,121.0,17.0,1.0,2.0,-1.0,LEV,,20,FUR,,18,1,VCT Americas
7524,2,Pearl,Mazino,LEV,Harbor,0.67,131.0,17,28,12,-11,68.0,90.0,18.0,3.0,2.0,1.0,LEV,,20,FUR,,18,1,VCT Americas
7525,2,Pearl,Khalil,FUR,Killjoy,1.41,246.0,33,22,8,11,84.0,176.0,26.0,1.0,3.0,-2.0,LEV,,20,FUR,,18,0,VCT Americas
7526,2,Pearl,mazin,FUR,Harbor,0.93,194.0,28,27,6,1,71.0,119.0,31.0,3.0,6.0,-3.0,LEV,,20,FUR,,18,0,VCT Americas
7527,2,Pearl,mwzera,FUR,Skye,0.92,206.0,24,29,22,-5,76.0,145.0,21.0,0.0,4.0,-4.0,LEV,,20,FUR,,18,0,VCT Americas
7528,2,Pearl,dgzin,FUR,Jett,0.87,203.0,30,31,3,-1,76.0,126.0,38.0,10.0,6.0,4.0,LEV,,20,FUR,,18,0,VCT Americas
7529,2,Pearl,qck,FUR,Viper,0.78,197.0,22,30,15,-8,66.0,149.0,28.0,0.0,5.0,-5.0,LEV,,20,FUR,,18,0,VCT Americas
7530,3,Bind,nzr,LEV,Raze,1.2,303.0,19,17,3,2,79.0,186.0,20.0,3.0,1.0,2.0,LEV,,6,FUR,,13,0,VCT Americas
7531,3,Bind,kiNgg,LEV,Viper,1.02,202.0,13,13,4,0,84.0,119.0,40.0,2.0,2.0,0.0,LEV,,6,FUR,,13,0,VCT Americas
7532,3,Bind,Mazino,LEV,Harbor,0.86,167.0,11,15,4,-4,74.0,106.0,26.0,1.0,1.0,0.0,LEV,,6,FUR,,13,0,VCT Americas
7533,3,Bind,Tacolilla,LEV,Sage,0.58,147.0,9,16,8,-7,63.0,101.0,9.0,1.0,6.0,-5.0,LEV,,6,FUR,,13,0,VCT Americas
7534,3,Bind,Shyy,LEV,Skye,0.52,92.0,5,14,7,-9,63.0,60.0,11.0,1.0,1.0,0.0,LEV,,6,FUR,,13,0,VCT Americas
7535,3,Bind,mwzera,FUR,Raze,1.37,323.0,21,14,7,7,84.0,212.0,16.0,5.0,1.0,4.0,LEV,,6,FUR,,13,1,VCT Americas
7536,3,Bind,dgzin,FUR,Jett,1.3,249.0,18,14,3,4,79.0,163.0,26.0,3.0,1.0,2.0,LEV,,6,FUR,,13,1,VCT Americas
7537,3,Bind,qck,FUR,Viper,1.23,178.0,13,8,2,5,63.0,114.0,32.0,1.0,1.0,0.0,LEV,,6,FUR,,13,1,VCT Americas
7538,3,Bind,mazin,FUR,Skye,1.02,160.0,10,10,12,0,84.0,93.0,46.0,1.0,2.0,-1.0,LEV,,6,FUR,,13,1,VCT Americas
7539,3,Bind,Khalil,FUR,Brimstone,0.99,185.0,13,12,12,1,89.0,119.0,39.0,1.0,3.0,-2.0,LEV,,6,FUR,,13,1,VCT Americas
7540,0,Haven,Victor,NRG,Killjoy,1.67,308.0,28,14,3,14,83.0,197.0,29.0,6.0,1.0,5.0,NRG,,13,EG,,11,1,VCT Americas
7541,0,Haven,crashies,NRG,Sova,1.15,178.0,14,12,12,2,88.0,127.0,27.0,0.0,1.0,-1.0,NRG,,13,EG,,11,1,VCT Americas
7542,0,Haven,s0m,NRG,Astra,0.97,197.0,19,17,8,2,75.0,125.0,36.0,1.0,2.0,-1.0,NRG,,13,EG,,11,1,VCT Americas
7543,0,Haven,ardiis,NRG,Jett,0.78,168.0,13,16,3,-3,75.0,112.0,17.0,4.0,5.0,-1.0,NRG,,13,EG,,11,1,VCT Americas
7544,0,Haven,FiNESSE,NRG,Breach,0.54,127.0,9,19,12,-10,67.0,83.0,20.0,1.0,3.0,-2.0,NRG,,13,EG,,11,1,VCT Americas
7545,0,Haven,Demon1,EG,Jett,1.34,280.0,24,16,3,8,83.0,171.0,54.0,3.0,4.0,-1.0,NRG,,13,EG,,11,0,VCT Americas
7546,0,Haven,jawgemo,EG,Astra,1.01,184.0,15,16,7,-1,75.0,123.0,30.0,2.0,1.0,1.0,NRG,,13,EG,,11,0,VCT Americas
7547,0,Haven,Boostio,EG,Killjoy,0.96,214.0,18,19,2,-1,79.0,148.0,37.0,4.0,0.0,4.0,NRG,,13,EG,,11,0,VCT Americas
7548,0,Haven,Ethan,EG,Breach,0.74,153.0,13,18,6,-5,67.0,93.0,21.0,1.0,5.0,-4.0,NRG,,13,EG,,11,0,VCT Americas
7549,0,Haven,C0M,EG,Sova,0.72,133.0,8,14,5,-6,58.0,98.0,14.0,2.0,2.0,0.0,NRG,,13,EG,,11,0,VCT Americas
7550,2,Split,ardiis,NRG,Jett,1.32,288.0,27,20,8,7,82.0,185.0,28.0,9.0,4.0,5.0,NRG,,13,EG,,15,0,VCT Americas
7551,2,Split,crashies,NRG,Skye,1.15,204.0,21,18,11,3,82.0,132.0,38.0,0.0,0.0,0.0,NRG,,13,EG,,15,0,VCT Americas
7552,2,Split,s0m,NRG,Astra,1.1,190.0,22,19,7,3,79.0,121.0,27.0,2.0,1.0,1.0,NRG,,13,EG,,15,0,VCT Americas
7553,2,Split,FiNESSE,NRG,Viper,0.75,202.0,16,22,7,-6,71.0,146.0,15.0,3.0,2.0,1.0,NRG,,13,EG,,15,0,VCT Americas
7554,2,Split,Victor,NRG,Raze,0.35,116.0,10,24,4,-14,54.0,90.0,13.0,3.0,4.0,-1.0,NRG,,13,EG,,15,0,VCT Americas
7555,2,Split,Demon1,EG,Jett,1.38,267.0,28,18,1,10,61.0,164.0,39.0,0.0,2.0,-2.0,NRG,,13,EG,,15,1,VCT Americas
7556,2,Split,Ethan,EG,Skye,1.22,220.0,20,19,15,1,79.0,143.0,27.0,2.0,3.0,-1.0,NRG,,13,EG,,15,1,VCT Americas
7557,2,Split,Boostio,EG,Astra,1.22,228.0,23,19,9,4,79.0,153.0,18.0,1.0,5.0,-4.0,NRG,,13,EG,,15,1,VCT Americas
7558,2,Split,jawgemo,EG,Raze,0.87,194.0,17,21,9,-4,75.0,141.0,18.0,5.0,3.0,2.0,NRG,,13,EG,,15,1,VCT Americas
7559,2,Split,C0M,EG,Viper,0.85,168.0,15,19,9,-4,68.0,113.0,21.0,3.0,4.0,-1.0,NRG,,13,EG,,15,1,VCT Americas
7560,3,Ascent,crashies,NRG,Sova,1.12,217.0,14,14,7,0,75.0,147.0,27.0,1.0,1.0,0.0,NRG,,7,EG,,13,0,VCT Americas
7561,3,Ascent,s0m,NRG,Omen,1.03,191.0,13,14,14,-1,90.0,101.0,26.0,0.0,2.0,-2.0,NRG,,7,EG,,13,0,VCT Americas
7562,3,Ascent,FiNESSE,NRG,Killjoy,0.86,192.0,13,15,4,-2,55.0,117.0,7.0,1.0,2.0,-1.0,NRG,,7,EG,,13,0,VCT Americas
7563,3,Ascent,ardiis,NRG,Jett,0.79,161.0,13,17,3,-4,60.0,100.0,20.0,3.0,5.0,-2.0,NRG,,7,EG,,13,0,VCT Americas
7564,3,Ascent,Victor,NRG,Kayo,0.48,93.0,4,17,13,-13,65.0,57.0,6.0,2.0,3.0,-1.0,NRG,,7,EG,,13,0,VCT Americas
7565,3,Ascent,C0M,EG,Sova,1.51,249.0,19,9,8,10,95.0,161.0,24.0,1.0,0.0,1.0,NRG,,7,EG,,13,1,VCT Americas
7566,3,Ascent,Demon1,EG,Jett,1.49,293.0,21,10,4,11,75.0,182.0,40.0,6.0,3.0,3.0,NRG,,7,EG,,13,1,VCT Americas
7567,3,Ascent,Boostio,EG,Killjoy,1.07,190.0,13,11,6,2,80.0,130.0,33.0,3.0,1.0,2.0,NRG,,7,EG,,13,1,VCT Americas
7568,3,Ascent,jawgemo,EG,Omen,0.82,178.0,13,14,6,-1,75.0,115.0,43.0,1.0,2.0,-1.0,NRG,,7,EG,,13,1,VCT Americas
7569,3,Ascent,Ethan,EG,Kayo,0.78,143.0,10,13,11,-3,65.0,91.0,34.0,2.0,1.0,1.0,NRG,,7,EG,,13,1,VCT Americas
7570,0,Haven,Less,LOUD,Killjoy,1.82,313.0,21,6,2,15,88.0,217.0,37.0,1.0,2.0,-1.0,LOUD,,13,FUR,,4,1,VCT Americas
7571,0,Haven,cauanzin,LOUD,Skye,1.6,291.0,17,10,9,7,88.0,189.0,43.0,5.0,2.0,3.0,LOUD,,13,FUR,,4,1,VCT Americas
7572,0,Haven,saadhak,LOUD,Viper,1.46,239.0,14,6,4,8,94.0,149.0,13.0,2.0,0.0,2.0,LOUD,,13,FUR,,4,1,VCT Americas
7573,0,Haven,tuyz,LOUD,Harbor,0.9,155.0,10,9,4,1,88.0,111.0,43.0,2.0,2.0,0.0,LOUD,,13,FUR,,4,1,VCT Americas
7574,0,Haven,aspas,LOUD,Jett,0.83,130.0,9,8,3,1,76.0,97.0,22.0,0.0,1.0,-1.0,LOUD,,13,FUR,,4,1,VCT Americas
7575,0,Haven,mwzera,FUR,Skye,0.94,197.0,11,13,4,-2,71.0,136.0,32.0,3.0,1.0,2.0,LOUD,,13,FUR,,4,0,VCT Americas
7576,0,Haven,mazin,FUR,Harbor,0.83,166.0,10,15,6,-5,59.0,111.0,21.0,1.0,2.0,-1.0,LOUD,,13,FUR,,4,0,VCT Americas
7577,0,Haven,qck,FUR,Viper,0.79,186.0,10,14,1,-4,47.0,124.0,25.0,1.0,2.0,-1.0,LOUD,,13,FUR,,4,0,VCT Americas
7578,0,Haven,dgzin,FUR,Jett,0.34,96.0,5,15,2,-10,47.0,68.0,18.0,1.0,3.0,-2.0,LOUD,,13,FUR,,4,0,VCT Americas
7579,0,Haven,Khalil,FUR,Killjoy,0.32,76.0,3,14,0,-11,59.0,58.0,15.0,1.0,2.0,-1.0,LOUD,,13,FUR,,4,0,VCT Americas
7580,2,Ascent,aspas,LOUD,Jett,1.4,253.0,17,10,6,7,89.0,163.0,24.0,2.0,2.0,0.0,LOUD,,13,FUR,,5,1,VCT Americas
7581,2,Ascent,Less,LOUD,Killjoy,1.4,254.0,19,10,1,9,89.0,173.0,39.0,2.0,0.0,2.0,LOUD,,13,FUR,,5,1,VCT Americas
7582,2,Ascent,saadhak,LOUD,Kayo,1.26,201.0,11,11,17,0,89.0,122.0,23.0,4.0,1.0,3.0,LOUD,,13,FUR,,5,1,VCT Americas
7583,2,Ascent,cauanzin,LOUD,Sova,1.13,189.0,13,10,8,3,89.0,116.0,9.0,1.0,1.0,0.0,LOUD,,13,FUR,,5,1,VCT Americas
7584,2,Ascent,tuyz,LOUD,Omen,1.08,194.0,12,10,7,2,78.0,135.0,41.0,1.0,4.0,-3.0,LOUD,,13,FUR,,5,1,VCT Americas
7585,2,Ascent,mazin,FUR,Kayo,1.1,161.0,11,11,4,0,67.0,91.0,20.0,2.0,2.0,0.0,LOUD,,13,FUR,,5,0,VCT Americas
7586,2,Ascent,qck,FUR,Killjoy,1.02,246.0,15,16,3,-1,61.0,155.0,36.0,2.0,1.0,1.0,LOUD,,13,FUR,,5,0,VCT Americas
7587,2,Ascent,mwzera,FUR,Sova,0.65,133.0,8,14,5,-6,61.0,105.0,31.0,0.0,1.0,-1.0,LOUD,,13,FUR,,5,0,VCT Americas
7588,2,Ascent,Khalil,FUR,Omen,0.64,142.0,9,16,7,-7,61.0,89.0,24.0,0.0,1.0,-1.0,LOUD,,13,FUR,,5,0,VCT Americas
7589,2,Ascent,dgzin,FUR,Jett,0.44,135.0,8,15,3,-7,61.0,91.0,20.0,4.0,5.0,-1.0,LOUD,,13,FUR,,5,0,VCT Americas
7590,0,Fracture,Xeppaa,C9,Raze,0.89,222.0,11,15,6,-4,61.0,152.0,21.0,5.0,4.0,1.0,C9,,5,EG,,13,0,VCT Americas
7591,0,Fracture,jakee,C9,Brimstone,0.88,177.0,10,14,9,-4,56.0,117.0,32.0,0.0,2.0,-2.0,C9,,5,EG,,13,0,VCT Americas
7592,0,Fracture,leaf,C9,Skye,0.77,168.0,10,15,7,-5,61.0,109.0,20.0,2.0,3.0,-1.0,C9,,5,EG,,13,0,VCT Americas
7593,0,Fracture,Zellsis,C9,Killjoy,0.76,127.0,9,13,2,-4,56.0,73.0,17.0,1.0,0.0,1.0,C9,,5,EG,,13,0,VCT Americas
7594,0,Fracture,runi,C9,Breach,0.43,125.0,7,17,5,-10,56.0,88.0,44.0,0.0,1.0,-1.0,C9,,5,EG,,13,0,VCT Americas
7595,0,Fracture,Ethan,EG,Breach,1.56,229.0,15,7,12,8,78.0,147.0,27.0,2.0,0.0,2.0,C9,,5,EG,,13,1,VCT Americas
7596,0,Fracture,Demon1,EG,Brimstone,1.5,247.0,15,8,14,7,83.0,149.0,36.0,3.0,1.0,2.0,C9,,5,EG,,13,1,VCT Americas
7597,0,Fracture,jawgemo,EG,Raze,1.4,284.0,20,11,3,9,78.0,175.0,21.0,3.0,3.0,0.0,C9,,5,EG,,13,1,VCT Americas
7598,0,Fracture,Boostio,EG,Killjoy,0.99,220.0,15,13,1,2,72.0,130.0,18.0,2.0,2.0,0.0,C9,,5,EG,,13,1,VCT Americas
7599,0,Fracture,C0M,EG,Sova,0.98,156.0,9,8,7,1,78.0,109.0,15.0,0.0,2.0,-2.0,C9,,5,EG,,13,1,VCT Americas
7600,2,Bind,Xeppaa,C9,Skye,0.81,197.0,9,14,5,-5,60.0,134.0,37.0,1.0,2.0,-1.0,C9,,2,EG,,13,0,VCT Americas
7601,2,Bind,runi,C9,Viper,0.55,153.0,6,15,4,-9,47.0,117.0,30.0,0.0,1.0,-1.0,C9,,2,EG,,13,0,VCT Americas
7602,2,Bind,Zellsis,C9,Raze,0.55,156.0,7,14,3,-7,60.0,105.0,14.0,1.0,3.0,-2.0,C9,,2,EG,,13,0,VCT Americas
7603,2,Bind,jakee,C9,Brimstone,0.24,78.0,3,15,5,-12,40.0,50.0,14.0,1.0,1.0,0.0,C9,,2,EG,,13,0,VCT Americas
7604,2,Bind,leaf,C9,Jett,0.2,116.0,5,15,0,-10,53.0,70.0,16.0,0.0,5.0,-5.0,C9,,2,EG,,13,0,VCT Americas
7605,2,Bind,Boostio,EG,Astra,1.88,336.0,21,5,3,16,93.0,193.0,23.0,1.0,0.0,1.0,C9,,2,EG,,13,1,VCT Americas
7606,2,Bind,jawgemo,EG,Raze,1.72,297.0,16,6,5,10,93.0,170.0,14.0,5.0,1.0,4.0,C9,,2,EG,,13,1,VCT Americas
7607,2,Bind,Demon1,EG,Jett,1.42,259.0,14,7,5,7,87.0,186.0,38.0,4.0,2.0,2.0,C9,,2,EG,,13,1,VCT Americas
7608,2,Bind,C0M,EG,Viper,1.41,223.0,13,7,4,6,93.0,149.0,41.0,1.0,0.0,1.0,C9,,2,EG,,13,1,VCT Americas
7609,2,Bind,Ethan,EG,Skye,1.22,147.0,9,5,7,4,87.0,95.0,26.0,1.0,0.0,1.0,C9,,2,EG,,13,1,VCT Americas
7610,0,Haven,jakee,C9,Omen,1.63,283.0,22,13,6,9,76.0,183.0,43.0,5.0,2.0,3.0,C9,,13,LEV,,8,1,VCT Americas
7611,0,Haven,runi,C9,Sova,1.15,201.0,16,11,4,5,71.0,145.0,26.0,1.0,1.0,0.0,C9,,13,LEV,,8,1,VCT Americas
7612,0,Haven,Zellsis,C9,Breach,1.13,172.0,12,12,11,0,62.0,114.0,21.0,2.0,1.0,1.0,C9,,13,LEV,,8,1,VCT Americas
7613,0,Haven,Xeppaa,C9,Killjoy,0.78,153.0,11,15,5,-4,67.0,97.0,30.0,0.0,2.0,-2.0,C9,,13,LEV,,8,1,VCT Americas
7614,0,Haven,leaf,C9,Jett,0.7,171.0,12,14,4,-2,62.0,107.0,14.0,4.0,3.0,1.0,C9,,13,LEV,,8,1,VCT Americas
7615,0,Haven,nzr,LEV,Skye,1.07,222.0,16,14,6,2,71.0,128.0,23.0,1.0,1.0,0.0,C9,,13,LEV,,8,0,VCT Americas
7616,0,Haven,Tacolilla,LEV,Jett,0.95,205.0,14,15,4,-1,52.0,143.0,27.0,5.0,4.0,1.0,C9,,13,LEV,,8,0,VCT Americas
7617,0,Haven,Shyy,LEV,Killjoy,0.92,190.0,13,13,3,0,67.0,149.0,23.0,1.0,2.0,-1.0,C9,,13,LEV,,8,0,VCT Americas
7618,0,Haven,kiNgg,LEV,Viper,0.7,157.0,10,15,5,-5,52.0,105.0,22.0,2.0,4.0,-2.0,C9,,13,LEV,,8,0,VCT Americas
7619,0,Haven,Mazino,LEV,Harbor,0.66,158.0,12,16,7,-4,71.0,96.0,33.0,0.0,1.0,-1.0,C9,,13,LEV,,8,0,VCT Americas
7620,2,Lotus,Xeppaa,C9,Skye,1.27,235.0,18,18,14,0,78.0,147.0,26.0,0.0,0.0,0.0,C9,,10,LEV,,13,0,VCT Americas
7621,2,Lotus,runi,C9,Viper,0.93,195.0,14,17,7,-3,78.0,130.0,20.0,1.0,2.0,-1.0,C9,,10,LEV,,13,0,VCT Americas
7622,2,Lotus,Zellsis,C9,Killjoy,0.9,187.0,15,16,6,-1,74.0,127.0,19.0,1.0,2.0,-1.0,C9,,10,LEV,,13,0,VCT Americas
7623,2,Lotus,jakee,C9,Omen,0.86,186.0,15,18,8,-3,83.0,129.0,35.0,4.0,3.0,1.0,C9,,10,LEV,,13,0,VCT Americas
7624,2,Lotus,leaf,C9,Neon,0.62,137.0,12,18,2,-6,65.0,89.0,14.0,1.0,9.0,-8.0,C9,,10,LEV,,13,0,VCT Americas
7625,2,Lotus,Shyy,LEV,Killjoy,1.26,226.0,19,14,5,5,83.0,157.0,23.0,3.0,1.0,2.0,C9,,10,LEV,,13,1,VCT Americas
7626,2,Lotus,kiNgg,LEV,Viper,1.21,243.0,19,14,3,5,74.0,148.0,35.0,4.0,1.0,3.0,C9,,10,LEV,,13,1,VCT Americas
7627,2,Lotus,Tacolilla,LEV,Raze,1.09,247.0,19,15,6,4,83.0,168.0,25.0,2.0,2.0,0.0,C9,,10,LEV,,13,1,VCT Americas
7628,2,Lotus,nzr,LEV,Skye,1.05,211.0,17,14,5,3,87.0,135.0,20.0,1.0,1.0,0.0,C9,,10,LEV,,13,1,VCT Americas
7629,2,Lotus,Mazino,LEV,Omen,0.77,163.0,13,17,12,-4,78.0,101.0,19.0,6.0,2.0,4.0,C9,,10,LEV,,13,1,VCT Americas
7630,3,Ascent,leaf,C9,Jett,1.57,303.0,18,10,7,8,88.0,212.0,22.0,6.0,2.0,4.0,C9,,13,LEV,,4,1,VCT Americas
7631,3,Ascent,Zellsis,C9,Killjoy,1.13,168.0,12,8,1,4,82.0,117.0,25.0,2.0,1.0,1.0,C9,,13,LEV,,4,1,VCT Americas
7632,3,Ascent,Xeppaa,C9,Skye,1.13,182.0,13,11,9,2,88.0,100.0,36.0,0.0,0.0,0.0,C9,,13,LEV,,4,1,VCT Americas
7633,3,Ascent,jakee,C9,Omen,1.12,247.0,14,11,9,3,82.0,155.0,41.0,2.0,1.0,1.0,C9,,13,LEV,,4,1,VCT Americas
7634,3,Ascent,runi,C9,Viper,0.97,217.0,13,12,4,1,94.0,142.0,28.0,3.0,0.0,3.0,C9,,13,LEV,,4,1,VCT Americas
7635,3,Ascent,kiNgg,LEV,Kayo,1.6,355.0,22,15,5,7,71.0,213.0,23.0,1.0,3.0,-2.0,C9,,13,LEV,,4,0,VCT Americas
7636,3,Ascent,nzr,LEV,Sova,0.88,132.0,7,9,5,-2,82.0,85.0,11.0,0.0,0.0,0.0,C9,,13,LEV,,4,0,VCT Americas
7637,3,Ascent,Shyy,LEV,Killjoy,0.8,246.0,11,16,7,-5,76.0,171.0,16.0,2.0,2.0,0.0,C9,,13,LEV,,4,0,VCT Americas
7638,3,Ascent,Tacolilla,LEV,Jett,0.52,146.0,7,15,5,-8,59.0,103.0,27.0,1.0,2.0,-1.0,C9,,13,LEV,,4,0,VCT Americas
7639,3,Ascent,Mazino,LEV,Omen,0.28,89.0,5,15,6,-10,59.0,55.0,11.0,0.0,6.0,-6.0,C9,,13,LEV,,4,0,VCT Americas
7640,0,Bind,Khalil,FUR,Brimstone,1.02,203.0,16,17,5,-1,73.0,155.0,37.0,1.0,1.0,0.0,FUR,,9,NRG,,13,0,VCT Americas
7641,0,Bind,qck,FUR,Viper,0.99,205.0,13,16,5,-3,64.0,145.0,33.0,2.0,2.0,0.0,FUR,,9,NRG,,13,0,VCT Americas
7642,0,Bind,mazin,FUR,Skye,0.88,110.0,10,15,4,-5,73.0,70.0,23.0,0.0,2.0,-2.0,FUR,,9,NRG,,13,0,VCT Americas
7643,0,Bind,dgzin,FUR,Jett,0.86,187.0,14,15,2,-1,64.0,107.0,28.0,6.0,5.0,1.0,FUR,,9,NRG,,13,0,VCT Americas
7644,0,Bind,mwzera,FUR,Raze,0.84,180.0,13,16,4,-3,68.0,137.0,13.0,2.0,1.0,1.0,FUR,,9,NRG,,13,0,VCT Americas
7645,0,Bind,crashies,NRG,Skye,1.33,273.0,23,15,11,8,82.0,181.0,26.0,0.0,1.0,-1.0,FUR,,9,NRG,,13,1,VCT Americas
7646,0,Bind,Victor,NRG,Raze,1.25,183.0,16,11,2,5,73.0,122.0,17.0,2.0,4.0,-2.0,FUR,,9,NRG,,13,1,VCT Americas
7647,0,Bind,FiNESSE,NRG,Viper,0.99,188.0,14,13,6,1,77.0,137.0,24.0,3.0,4.0,-1.0,FUR,,9,NRG,,13,1,VCT Americas
7648,0,Bind,s0m,NRG,Harbor,0.96,135.0,11,11,6,0,77.0,96.0,39.0,1.0,0.0,1.0,FUR,,9,NRG,,13,1,VCT Americas
7649,0,Bind,ardiis,NRG,Sage,0.86,202.0,15,16,6,-1,68.0,125.0,18.0,5.0,2.0,3.0,FUR,,9,NRG,,13,1,VCT Americas
7650,2,Haven,qck,FUR,Viper,1.29,250.0,20,16,5,4,65.0,175.0,42.0,0.0,1.0,-1.0,FUR,,10,NRG,,13,0,VCT Americas
7651,2,Haven,dgzin,FUR,Jett,1.0,239.0,19,17,4,2,70.0,138.0,14.0,6.0,7.0,-1.0,FUR,,10,NRG,,13,0,VCT Americas
7652,2,Haven,mwzera,FUR,Skye,0.99,223.0,17,16,11,1,83.0,137.0,24.0,1.0,5.0,-4.0,FUR,,10,NRG,,13,0,VCT Americas
7653,2,Haven,Khalil,FUR,Killjoy,0.89,137.0,9,14,2,-5,61.0,109.0,20.0,0.0,1.0,-1.0,FUR,,10,NRG,,13,0,VCT Americas
7654,2,Haven,mazin,FUR,Harbor,0.57,102.0,9,17,9,-8,70.0,55.0,12.0,0.0,2.0,-2.0,FUR,,10,NRG,,13,0,VCT Americas
7655,2,Haven,ardiis,NRG,Jett,1.28,257.0,22,15,2,7,74.0,169.0,22.0,6.0,1.0,5.0,FUR,,10,NRG,,13,1,VCT Americas
7656,2,Haven,s0m,NRG,Harbor,1.17,236.0,19,15,9,4,74.0,149.0,28.0,5.0,2.0,3.0,FUR,,10,NRG,,13,1,VCT Americas
7657,2,Haven,crashies,NRG,Skye,1.12,201.0,15,14,14,1,87.0,128.0,48.0,2.0,0.0,2.0,FUR,,10,NRG,,13,1,VCT Americas
7658,2,Haven,Victor,NRG,Killjoy,0.99,208.0,16,18,7,-2,78.0,154.0,34.0,2.0,0.0,2.0,FUR,,10,NRG,,13,1,VCT Americas
7659,2,Haven,FiNESSE,NRG,Viper,0.74,90.0,8,12,6,-4,65.0,62.0,9.0,1.0,4.0,-3.0,FUR,,10,NRG,,13,1,VCT Americas
7660,0,Fracture,Less,LOUD,Viper,1.7,319.0,25,14,3,11,77.0,216.0,31.0,4.0,2.0,2.0,LOUD,,13,EG,,9,1,VCT Americas
7661,0,Fracture,tuyz,LOUD,Omen,1.17,189.0,17,16,8,1,82.0,128.0,31.0,2.0,0.0,2.0,LOUD,,13,EG,,9,1,VCT Americas
7662,0,Fracture,aspas,LOUD,Neon,0.96,207.0,16,16,6,0,73.0,142.0,36.0,1.0,3.0,-2.0,LOUD,,13,EG,,9,1,VCT Americas
7663,0,Fracture,cauanzin,LOUD,Breach,0.92,186.0,13,16,8,-3,77.0,114.0,32.0,3.0,4.0,-1.0,LOUD,,13,EG,,9,1,VCT Americas
7664,0,Fracture,saadhak,LOUD,Kayo,0.81,151.0,9,15,15,-6,64.0,101.0,12.0,0.0,3.0,-3.0,LOUD,,13,EG,,9,1,VCT Americas
7665,0,Fracture,jawgemo,EG,Raze,1.29,286.0,21,18,7,3,82.0,191.0,14.0,4.0,1.0,3.0,LOUD,,13,EG,,9,0,VCT Americas
7666,0,Fracture,Ethan,EG,Breach,0.95,167.0,12,14,15,-2,82.0,97.0,17.0,1.0,2.0,-1.0,LOUD,,13,EG,,9,0,VCT Americas
7667,0,Fracture,C0M,EG,Sova,0.94,197.0,14,16,5,-2,68.0,132.0,17.0,4.0,2.0,2.0,LOUD,,13,EG,,9,0,VCT Americas
7668,0,Fracture,Demon1,EG,Brimstone,0.78,199.0,16,16,3,0,59.0,125.0,36.0,2.0,2.0,0.0,LOUD,,13,EG,,9,0,VCT Americas
7669,0,Fracture,Boostio,EG,Killjoy,0.76,181.0,14,16,2,-2,64.0,131.0,24.0,1.0,3.0,-2.0,LOUD,,13,EG,,9,0,VCT Americas
7670,2,Ascent,aspas,LOUD,Jett,1.26,245.0,21,16,6,5,79.0,151.0,25.0,5.0,2.0,3.0,LOUD,,11,EG,,13,0,VCT Americas
7671,2,Ascent,saadhak,LOUD,Kayo,1.05,226.0,19,17,11,2,67.0,125.0,11.0,4.0,5.0,-1.0,LOUD,,11,EG,,13,0,VCT Americas
7672,2,Ascent,cauanzin,LOUD,Sova,0.95,193.0,14,18,7,-4,75.0,147.0,27.0,1.0,0.0,1.0,LOUD,,11,EG,,13,0,VCT Americas
7673,2,Ascent,tuyz,LOUD,Omen,0.9,167.0,16,17,9,-1,67.0,101.0,33.0,1.0,3.0,-2.0,LOUD,,11,EG,,13,0,VCT Americas
7674,2,Ascent,Less,LOUD,Killjoy,0.86,168.0,15,17,3,-2,67.0,117.0,22.0,0.0,3.0,-3.0,LOUD,,11,EG,,13,0,VCT Americas
7675,2,Ascent,Demon1,EG,Jett,1.53,328.0,28,17,3,11,75.0,213.0,26.0,8.0,2.0,6.0,LOUD,,11,EG,,13,1,VCT Americas
7676,2,Ascent,C0M,EG,Sova,1.1,197.0,17,16,6,1,67.0,125.0,18.0,3.0,1.0,2.0,LOUD,,11,EG,,13,1,VCT Americas
7677,2,Ascent,Ethan,EG,Kayo,0.89,144.0,12,17,13,-5,71.0,74.0,12.0,1.0,1.0,0.0,LOUD,,11,EG,,13,1,VCT Americas
7678,2,Ascent,jawgemo,EG,Omen,0.78,190.0,17,18,9,-1,71.0,124.0,38.0,0.0,4.0,-4.0,LOUD,,11,EG,,13,1,VCT Americas
7679,2,Ascent,Boostio,EG,Killjoy,0.68,154.0,11,17,5,-6,67.0,108.0,17.0,1.0,3.0,-2.0,LOUD,,11,EG,,13,1,VCT Americas
7680,3,Bind,Less,LOUD,Viper,2.03,329.0,19,5,7,14,75.0,198.0,28.0,4.0,1.0,3.0,LOUD,,13,EG,,3,1,VCT Americas
7681,3,Bind,aspas,LOUD,Raze,1.5,337.0,20,12,5,8,81.0,207.0,22.0,2.0,2.0,0.0,LOUD,,13,EG,,3,1,VCT Americas
7682,3,Bind,cauanzin,LOUD,Skye,1.34,246.0,15,9,7,6,94.0,151.0,23.0,1.0,1.0,0.0,LOUD,,13,EG,,3,1,VCT Americas
7683,3,Bind,tuyz,LOUD,Brimstone,0.71,138.0,8,11,5,-3,81.0,96.0,33.0,1.0,1.0,0.0,LOUD,,13,EG,,3,1,VCT Americas
7684,3,Bind,saadhak,LOUD,Chamber,0.67,150.0,8,10,1,-2,44.0,101.0,35.0,1.0,3.0,-2.0,LOUD,,13,EG,,3,1,VCT Americas
7685,3,Bind,jawgemo,EG,Raze,0.87,254.0,13,15,4,-2,56.0,160.0,18.0,2.0,3.0,-1.0,LOUD,,13,EG,,3,0,VCT Americas
7686,3,Bind,C0M,EG,Viper,0.77,161.0,10,14,2,-4,38.0,111.0,21.0,0.0,1.0,-1.0,LOUD,,13,EG,,3,0,VCT Americas
7687,3,Bind,Demon1,EG,Jett,0.74,182.0,9,15,3,-6,75.0,158.0,27.0,3.0,3.0,0.0,LOUD,,13,EG,,3,0,VCT Americas
7688,3,Bind,Ethan,EG,Skye,0.65,121.0,6,12,7,-6,75.0,77.0,18.0,0.0,0.0,0.0,LOUD,,13,EG,,3,0,VCT Americas
7689,3,Bind,Boostio,EG,Astra,0.61,175.0,8,15,5,-7,63.0,121.0,36.0,2.0,1.0,1.0,LOUD,,13,EG,,3,0,VCT Americas
7690,0,Pearl,jakee,C9,Viper,1.29,229.0,18,12,6,6,70.0,152.0,42.0,3.0,2.0,1.0,C9,,13,NRG,,10,1,VCT Americas
7691,0,Pearl,Xeppaa,C9,Skye,1.15,211.0,19,17,8,2,70.0,134.0,28.0,1.0,3.0,-2.0,C9,,13,NRG,,10,1,VCT Americas
7692,0,Pearl,Zellsis,C9,Harbor,1.07,155.0,13,12,6,1,74.0,112.0,10.0,1.0,0.0,1.0,C9,,13,NRG,,10,1,VCT Americas
7693,0,Pearl,runi,C9,Killjoy,0.95,196.0,14,16,8,-2,70.0,133.0,24.0,3.0,1.0,2.0,C9,,13,NRG,,10,1,VCT Americas
7694,0,Pearl,leaf,C9,Jett,0.89,182.0,14,17,1,-3,57.0,120.0,30.0,3.0,6.0,-3.0,C9,,13,NRG,,10,1,VCT Americas
7695,0,Pearl,crashies,NRG,Skye,1.42,274.0,21,15,7,6,78.0,183.0,42.0,0.0,1.0,-1.0,C9,,13,NRG,,10,0,VCT Americas
7696,0,Pearl,ardiis,NRG,Jett,1.07,209.0,15,13,6,2,65.0,124.0,11.0,6.0,5.0,1.0,C9,,13,NRG,,10,0,VCT Americas
7697,0,Pearl,FiNESSE,NRG,Viper,0.81,186.0,15,15,1,0,61.0,148.0,20.0,0.0,1.0,-1.0,C9,,13,NRG,,10,0,VCT Americas
7698,0,Pearl,s0m,NRG,Harbor,0.79,170.0,14,16,8,-2,65.0,108.0,25.0,1.0,3.0,-2.0,C9,,13,NRG,,10,0,VCT Americas
7699,0,Pearl,Victor,NRG,Killjoy,0.57,124.0,9,19,5,-10,61.0,81.0,13.0,5.0,1.0,4.0,C9,,13,NRG,,10,0,VCT Americas
7700,2,Lotus,Zellsis,C9,Killjoy,1.4,239.0,19,12,5,7,86.0,156.0,16.0,2.0,1.0,1.0,C9,,9,NRG,,13,0,VCT Americas
7701,2,Lotus,runi,C9,Viper,1.03,174.0,13,13,7,0,77.0,129.0,28.0,1.0,0.0,1.0,C9,,9,NRG,,13,0,VCT Americas
7702,2,Lotus,Xeppaa,C9,Skye,0.97,215.0,15,16,6,-1,64.0,146.0,25.0,1.0,1.0,0.0,C9,,9,NRG,,13,0,VCT Americas
7703,2,Lotus,leaf,C9,Neon,0.81,205.0,15,17,4,-2,64.0,126.0,15.0,4.0,8.0,-4.0,C9,,9,NRG,,13,0,VCT Americas
7704,2,Lotus,jakee,C9,Omen,0.6,148.0,10,17,4,-7,73.0,96.0,46.0,2.0,2.0,0.0,C9,,9,NRG,,13,0,VCT Americas
7705,2,Lotus,crashies,NRG,Skye,1.52,241.0,19,11,13,8,95.0,139.0,24.0,4.0,2.0,2.0,C9,,9,NRG,,13,1,VCT Americas
7706,2,Lotus,ardiis,NRG,Killjoy,1.34,222.0,19,12,4,7,77.0,142.0,14.0,0.0,0.0,0.0,C9,,9,NRG,,13,1,VCT Americas
7707,2,Lotus,s0m,NRG,Omen,1.18,192.0,16,14,8,2,68.0,112.0,18.0,2.0,1.0,1.0,C9,,9,NRG,,13,1,VCT Americas
7708,2,Lotus,FiNESSE,NRG,Viper,0.82,182.0,11,17,11,-6,82.0,137.0,18.0,3.0,1.0,2.0,C9,,9,NRG,,13,1,VCT Americas
7709,2,Lotus,Victor,NRG,Neon,0.52,150.0,10,18,7,-8,77.0,100.0,17.0,3.0,6.0,-3.0,C9,,9,NRG,,13,1,VCT Americas
7710,3,Haven,leaf,C9,Jett,1.27,313.0,27,23,8,4,88.0,187.0,25.0,11.0,6.0,5.0,C9,,12,NRG,,14,0,VCT Americas
7711,3,Haven,Zellsis,C9,Breach,1.23,228.0,20,17,9,3,81.0,152.0,21.0,1.0,3.0,-2.0,C9,,12,NRG,,14,0,VCT Americas
7712,3,Haven,jakee,C9,Omen,0.92,152.0,15,17,2,-2,65.0,98.0,32.0,2.0,2.0,0.0,C9,,12,NRG,,14,0,VCT Americas
7713,3,Haven,Xeppaa,C9,Killjoy,0.8,147.0,13,17,3,-4,65.0,114.0,23.0,0.0,0.0,0.0,C9,,12,NRG,,14,0,VCT Americas
7714,3,Haven,runi,C9,Sova,0.72,157.0,13,20,3,-7,58.0,115.0,26.0,1.0,0.0,1.0,C9,,12,NRG,,14,0,VCT Americas
7715,3,Haven,Victor,NRG,Killjoy,1.15,241.0,23,16,5,7,62.0,147.0,27.0,2.0,3.0,-1.0,C9,,12,NRG,,14,1,VCT Americas
7716,3,Haven,crashies,NRG,Skye,1.13,216.0,19,17,16,2,69.0,157.0,33.0,2.0,4.0,-2.0,C9,,12,NRG,,14,1,VCT Americas
7717,3,Haven,ardiis,NRG,Jett,1.02,228.0,20,20,9,0,73.0,142.0,26.0,6.0,3.0,3.0,C9,,12,NRG,,14,1,VCT Americas
7718,3,Haven,FiNESSE,NRG,Viper,0.95,178.0,15,16,5,-1,62.0,116.0,24.0,1.0,4.0,-3.0,C9,,12,NRG,,14,1,VCT Americas
7719,3,Haven,s0m,NRG,Harbor,0.89,183.0,17,19,11,-2,69.0,122.0,27.0,0.0,1.0,-1.0,C9,,12,NRG,,14,1,VCT Americas
7720,0,Haven,Ethan,EG,Breach,1.28,218.0,19,14,15,5,83.0,143.0,20.0,1.0,1.0,0.0,EG,,13,NRG,,11,1,VCT Americas
7721,0,Haven,Demon1,EG,Jett,1.19,215.0,18,13,2,5,75.0,148.0,39.0,5.0,3.0,2.0,EG,,13,NRG,,11,1,VCT Americas
7722,0,Haven,C0M,EG,Sova,1.18,185.0,15,13,7,2,88.0,122.0,18.0,1.0,0.0,1.0,EG,,13,NRG,,11,1,VCT Americas
7723,0,Haven,jawgemo,EG,Astra,0.79,125.0,10,15,9,-5,71.0,76.0,13.0,1.0,3.0,-2.0,EG,,13,NRG,,11,1,VCT Americas
7724,0,Haven,Boostio,EG,Killjoy,0.7,166.0,13,18,3,-5,67.0,108.0,33.0,5.0,4.0,1.0,EG,,13,NRG,,11,1,VCT Americas
7725,0,Haven,crashies,NRG,Skye,1.26,195.0,17,13,8,4,83.0,122.0,30.0,2.0,3.0,-1.0,EG,,13,NRG,,11,0,VCT Americas
7726,0,Haven,s0m,NRG,Harbor,1.11,200.0,18,14,3,4,75.0,137.0,19.0,2.0,1.0,1.0,EG,,13,NRG,,11,0,VCT Americas
7727,0,Haven,Victor,NRG,Killjoy,0.92,200.0,16,15,1,1,75.0,130.0,27.0,1.0,3.0,-2.0,EG,,13,NRG,,11,0,VCT Americas
7728,0,Haven,FiNESSE,NRG,Viper,0.79,149.0,11,16,4,-5,67.0,104.0,21.0,1.0,1.0,0.0,EG,,13,NRG,,11,0,VCT Americas
7729,0,Haven,ardiis,NRG,Jett,0.6,150.0,11,17,3,-6,54.0,97.0,13.0,5.0,5.0,0.0,EG,,13,NRG,,11,0,VCT Americas
7730,2,Ascent,C0M,EG,Sova,1.17,206.0,15,13,5,2,76.0,133.0,32.0,0.0,0.0,0.0,EG,,8,NRG,,13,0,VCT Americas
7731,2,Ascent,Ethan,EG,Kayo,1.08,208.0,13,14,10,-1,67.0,128.0,18.0,3.0,3.0,0.0,EG,,8,NRG,,13,0,VCT Americas
7732,2,Ascent,Boostio,EG,Killjoy,0.91,205.0,14,15,9,-1,57.0,142.0,28.0,1.0,5.0,-4.0,EG,,8,NRG,,13,0,VCT Americas
7733,2,Ascent,jawgemo,EG,Omen,0.7,105.0,8,14,12,-6,71.0,63.0,23.0,0.0,2.0,-2.0,EG,,8,NRG,,13,0,VCT Americas
7734,2,Ascent,Demon1,EG,Jett,0.49,146.0,10,19,1,-9,52.0,104.0,29.0,2.0,5.0,-3.0,EG,,8,NRG,,13,0,VCT Americas
7735,2,Ascent,FiNESSE,NRG,Killjoy,1.32,214.0,16,10,5,6,76.0,140.0,31.0,3.0,0.0,3.0,EG,,8,NRG,,13,1,VCT Americas
7736,2,Ascent,s0m,NRG,Omen,1.28,204.0,19,11,10,8,81.0,148.0,40.0,1.0,0.0,1.0,EG,,8,NRG,,13,1,VCT Americas
7737,2,Ascent,ardiis,NRG,Jett,1.28,245.0,19,13,5,6,81.0,154.0,15.0,9.0,2.0,7.0,EG,,8,NRG,,13,1,VCT Americas
7738,2,Ascent,Victor,NRG,Kayo,1.23,219.0,14,13,18,1,81.0,139.0,20.0,1.0,3.0,-2.0,EG,,8,NRG,,13,1,VCT Americas
7739,2,Ascent,crashies,NRG,Sova,0.81,144.0,7,13,9,-6,81.0,114.0,13.0,1.0,1.0,0.0,EG,,8,NRG,,13,1,VCT Americas
7740,3,Lotus,Demon1,EG,Jett,1.18,228.0,19,16,2,3,78.0,180.0,38.0,1.0,0.0,1.0,EG,,10,NRG,,13,0,VCT Americas
7741,3,Lotus,Ethan,EG,Skye,1.08,207.0,12,17,20,-5,74.0,139.0,13.0,4.0,1.0,3.0,EG,,10,NRG,,13,0,VCT Americas
7742,3,Lotus,C0M,EG,Breach,1.07,201.0,17,16,12,1,74.0,119.0,22.0,0.0,3.0,-3.0,EG,,10,NRG,,13,0,VCT Americas
7743,3,Lotus,jawgemo,EG,Omen,0.66,126.0,10,18,8,-8,57.0,76.0,30.0,2.0,2.0,0.0,EG,,10,NRG,,13,0,VCT Americas
7744,3,Lotus,Boostio,EG,Killjoy,0.59,177.0,13,21,3,-8,61.0,114.0,15.0,3.0,7.0,-4.0,EG,,10,NRG,,13,0,VCT Americas
7745,3,Lotus,ardiis,NRG,Killjoy,1.55,299.0,25,14,5,11,91.0,192.0,13.0,4.0,0.0,4.0,EG,,10,NRG,,13,1,VCT Americas
7746,3,Lotus,Victor,NRG,Neon,1.4,266.0,22,13,5,9,83.0,168.0,24.0,6.0,4.0,2.0,EG,,10,NRG,,13,1,VCT Americas
7747,3,Lotus,s0m,NRG,Omen,1.2,249.0,21,16,9,5,83.0,145.0,17.0,2.0,3.0,-1.0,EG,,10,NRG,,13,1,VCT Americas
7748,3,Lotus,crashies,NRG,Skye,0.94,144.0,11,13,14,-2,78.0,91.0,26.0,0.0,1.0,-1.0,EG,,10,NRG,,13,1,VCT Americas
7749,3,Lotus,FiNESSE,NRG,Viper,0.64,122.0,9,15,6,-6,74.0,91.0,11.0,1.0,2.0,-1.0,EG,,10,NRG,,13,1,VCT Americas
7750,4,Split,Ethan,EG,Skye,1.16,228.0,14,14,5,0,76.0,132.0,16.0,2.0,1.0,1.0,EG,,4,NRG,,13,0,VCT Americas
7751,4,Split,Boostio,EG,Astra,0.91,178.0,11,13,3,-2,65.0,135.0,32.0,0.0,2.0,-2.0,EG,,4,NRG,,13,0,VCT Americas
7752,4,Split,C0M,EG,Viper,0.57,159.0,8,15,6,-7,71.0,103.0,13.0,2.0,4.0,-2.0,EG,,4,NRG,,13,0,VCT Americas
7753,4,Split,Demon1,EG,Jett,0.5,126.0,8,14,1,-6,53.0,85.0,41.0,1.0,2.0,-1.0,EG,,4,NRG,,13,0,VCT Americas
7754,4,Split,jawgemo,EG,Raze,0.45,170.0,8,17,6,-9,71.0,119.0,14.0,2.0,1.0,1.0,EG,,4,NRG,,13,0,VCT Americas
7755,4,Split,Victor,NRG,Raze,1.76,329.0,20,8,4,12,88.0,225.0,25.0,3.0,1.0,2.0,EG,,4,NRG,,13,1,VCT Americas
7756,4,Split,s0m,NRG,Astra,1.42,242.0,16,9,6,7,100.0,171.0,54.0,0.0,1.0,-1.0,EG,,4,NRG,,13,1,VCT Americas
7757,4,Split,FiNESSE,NRG,Viper,1.17,205.0,13,9,7,4,94.0,129.0,19.0,1.0,0.0,1.0,EG,,4,NRG,,13,1,VCT Americas
7758,4,Split,ardiis,NRG,Jett,1.1,258.0,13,12,10,1,88.0,176.0,10.0,5.0,4.0,1.0,EG,,4,NRG,,13,1,VCT Americas
7759,4,Split,crashies,NRG,Skye,1.05,175.0,11,11,14,0,88.0,102.0,24.0,1.0,1.0,0.0,EG,,4,NRG,,13,1,VCT Americas
7760,0,Ascent,cauanzin,LOUD,Sova,1.33,241.0,19,12,1,7,68.0,152.0,18.0,0.0,0.0,0.0,LOUD,,13,NRG,,9,1,VCT Americas
7761,0,Ascent,tuyz,LOUD,Omen,1.05,213.0,18,17,5,1,77.0,129.0,36.0,3.0,4.0,-1.0,LOUD,,13,NRG,,9,1,VCT Americas
7762,0,Ascent,saadhak,LOUD,Kayo,1.01,212.0,13,15,16,-2,68.0,132.0,21.0,4.0,3.0,1.0,LOUD,,13,NRG,,9,1,VCT Americas
7763,0,Ascent,Less,LOUD,Killjoy,1.0,146.0,13,11,2,2,68.0,86.0,14.0,0.0,2.0,-2.0,LOUD,,13,NRG,,9,1,VCT Americas
7764,0,Ascent,aspas,LOUD,Jett,0.66,111.0,8,13,1,-5,64.0,74.0,10.0,2.0,4.0,-2.0,LOUD,,13,NRG,,9,1,VCT Americas
7765,0,Ascent,crashies,NRG,Sova,1.19,211.0,15,15,8,0,68.0,144.0,29.0,2.0,1.0,1.0,LOUD,,13,NRG,,9,0,VCT Americas
7766,0,Ascent,Victor,NRG,Kayo,0.97,187.0,16,14,5,2,68.0,106.0,14.0,3.0,0.0,3.0,LOUD,,13,NRG,,9,0,VCT Americas
7767,0,Ascent,ardiis,NRG,Jett,0.94,218.0,17,14,3,3,68.0,147.0,34.0,5.0,4.0,1.0,LOUD,,13,NRG,,9,0,VCT Americas
7768,0,Ascent,FiNESSE,NRG,Killjoy,0.88,160.0,10,15,6,-5,59.0,124.0,19.0,2.0,2.0,0.0,LOUD,,13,NRG,,9,0,VCT Americas
7769,0,Ascent,s0m,NRG,Omen,0.69,127.0,10,13,7,-3,73.0,74.0,24.0,1.0,2.0,-1.0,LOUD,,13,NRG,,9,0,VCT Americas
7770,2,Bind,tuyz,LOUD,Brimstone,1.29,233.0,21,14,10,7,79.0,141.0,35.0,2.0,0.0,2.0,LOUD,,13,NRG,,11,1,VCT Americas
7771,2,Bind,saadhak,LOUD,Chamber,1.17,253.0,22,15,1,7,79.0,154.0,29.0,6.0,5.0,1.0,LOUD,,13,NRG,,11,1,VCT Americas
7772,2,Bind,aspas,LOUD,Raze,1.14,223.0,20,15,3,5,71.0,147.0,17.0,2.0,1.0,1.0,LOUD,,13,NRG,,11,1,VCT Americas
7773,2,Bind,cauanzin,LOUD,Skye,1.0,202.0,17,17,7,0,67.0,125.0,35.0,3.0,1.0,2.0,LOUD,,13,NRG,,11,1,VCT Americas
7774,2,Bind,Less,LOUD,Viper,0.63,149.0,11,18,5,-7,63.0,110.0,21.0,3.0,1.0,2.0,LOUD,,13,NRG,,11,1,VCT Americas
7775,2,Bind,s0m,NRG,Harbor,1.53,274.0,25,17,2,8,67.0,177.0,36.0,2.0,2.0,0.0,LOUD,,13,NRG,,11,0,VCT Americas
7776,2,Bind,ardiis,NRG,Sage,1.25,233.0,17,15,11,2,71.0,156.0,23.0,4.0,2.0,2.0,LOUD,,13,NRG,,11,0,VCT Americas
7777,2,Bind,Victor,NRG,Raze,0.76,211.0,16,20,4,-4,50.0,143.0,17.0,1.0,6.0,-5.0,LOUD,,13,NRG,,11,0,VCT Americas
7778,2,Bind,crashies,NRG,Skye,0.67,131.0,11,19,7,-8,50.0,86.0,48.0,1.0,1.0,0.0,LOUD,,13,NRG,,11,0,VCT Americas
7779,2,Bind,FiNESSE,NRG,Viper,0.5,145.0,10,20,7,-10,67.0,94.0,21.0,0.0,5.0,-5.0,LOUD,,13,NRG,,11,0,VCT Americas
7780,3,Fracture,Less,LOUD,Viper,1.35,285.0,22,15,11,7,83.0,188.0,32.0,2.0,2.0,0.0,LOUD,,13,NRG,,11,1,VCT Americas
7781,3,Fracture,aspas,LOUD,Neon,1.34,286.0,24,15,4,9,75.0,180.0,32.0,6.0,4.0,2.0,LOUD,,13,NRG,,11,1,VCT Americas
7782,3,Fracture,saadhak,LOUD,Kayo,1.16,218.0,19,15,6,4,71.0,125.0,28.0,2.0,1.0,1.0,LOUD,,13,NRG,,11,1,VCT Americas
7783,3,Fracture,tuyz,LOUD,Omen,0.75,114.0,11,16,9,-5,75.0,68.0,12.0,1.0,2.0,-1.0,LOUD,,13,NRG,,11,1,VCT Americas
7784,3,Fracture,cauanzin,LOUD,Breach,0.74,166.0,14,18,4,-4,67.0,117.0,26.0,1.0,3.0,-2.0,LOUD,,13,NRG,,11,1,VCT Americas
7785,3,Fracture,crashies,NRG,Skye,1.24,212.0,19,17,11,2,79.0,145.0,32.0,0.0,3.0,-3.0,LOUD,,13,NRG,,11,0,VCT Americas
7786,3,Fracture,s0m,NRG,Brimstone,1.24,240.0,19,18,12,1,75.0,155.0,24.0,2.0,1.0,1.0,LOUD,,13,NRG,,11,0,VCT Americas
7787,3,Fracture,Victor,NRG,Killjoy,0.83,168.0,16,17,1,-1,67.0,110.0,15.0,2.0,2.0,0.0,LOUD,,13,NRG,,11,0,VCT Americas
7788,3,Fracture,ardiis,NRG,Jett,0.81,210.0,15,19,4,-4,71.0,141.0,15.0,6.0,3.0,3.0,LOUD,,13,NRG,,11,0,VCT Americas
7789,3,Fracture,FiNESSE,NRG,Breach,0.65,136.0,10,19,10,-9,54.0,95.0,16.0,2.0,3.0,-1.0,LOUD,,13,NRG,,11,0,VCT Americas
