URL,Mapa,Time1,Mapas_T1,Score_T1,Time2,Mapas_T2,Score_T2,Vencedor
https://www.vlr.gg/173215/koi-vs-natus-vincere-champions-tour-2023-emea-league-w1,Ascent,KOI,,13,Natus Vincere,,7,KOI
https://www.vlr.gg/173215/koi-vs-natus-vincere-champions-tour-2023-emea-league-w1,Lotus,KOI,,20,Natus Vincere,,18,KOI
https://www.vlr.gg/173215/koi-vs-natus-vincere-champions-tour-2023-emea-league-w1,AllMaps,KOI,2,33,Natus Vincere,0,25,KOI
https://www.vlr.gg/173214/fnatic-vs-giants-gaming-champions-tour-2023-emea-league-w1,Icebox,FNATIC,,13,Giants Gaming,,3,FNATIC
https://www.vlr.gg/173214/fnatic-vs-giants-gaming-champions-tour-2023-emea-league-w1,Split,FNATIC,,13,Giants Gaming,,11,FNATIC
https://www.vlr.gg/173214/fnatic-vs-giants-gaming-champions-tour-2023-emea-league-w1,AllMaps,FNATIC,2,26,Giants Gaming,0,14,FNATIC
https://www.vlr.gg/173216/team-heretics-vs-fut-esports-champions-tour-2023-emea-league-w1,Pearl,Team Heretics,,4,FUT Esports,,13,FUT Esports
https://www.vlr.gg/173216/team-heretics-vs-fut-esports-champions-tour-2023-emea-league-w1,Lotus,Team Heretics,,9,FUT Esports,,13,FUT Esports
https://www.vlr.gg/173216/team-heretics-vs-fut-esports-champions-tour-2023-emea-league-w1,AllMaps,Team Heretics,0,13,FUT Esports,2,26,FUT Esports
https://www.vlr.gg/173217/team-liquid-vs-team-vitality-champions-tour-2023-emea-league-w1,Haven,Team Liquid,,6,Team Vitality,,13,Team Vitality
https://www.vlr.gg/173217/team-liquid-vs-team-vitality-champions-tour-2023-emea-league-w1,Fracture,Team Liquid,,13,Team Vitality,,2,Team Liquid
https://www.vlr.gg/173217/team-liquid-vs-team-vitality-champions-tour-2023-emea-league-w1,Lotus,Team Liquid,,10,Team Vitality,,13,Team Vitality
https://www.vlr.gg/173217/team-liquid-vs-team-vitality-champions-tour-2023-emea-league-w1,AllMaps,Team Liquid,1,29,Team Vitality,2,28,Team Vitality
https://www.vlr.gg/173218/natus-vincere-vs-giants-gaming-champions-tour-2023-emea-league-w1,Icebox,Natus Vincere,,15,Giants Gaming,,17,Giants Gaming
https://www.vlr.gg/173218/natus-vincere-vs-giants-gaming-champions-tour-2023-emea-league-w1,Split,Natus Vincere,,15,Giants Gaming,,13,Natus Vincere
https://www.vlr.gg/173218/natus-vincere-vs-giants-gaming-champions-tour-2023-emea-league-w1,Pearl,Natus Vincere,,13,Giants Gaming,,7,Natus Vincere
https://www.vlr.gg/173218/natus-vincere-vs-giants-gaming-champions-tour-2023-emea-league-w1,AllMaps,Natus Vincere,2,43,Giants Gaming,1,37,Natus Vincere
https://www.vlr.gg/173219/karmine-corp-vs-bbl-esports-champions-tour-2023-emea-league-w1,Icebox,Karmine Corp,,19,BBL Esports,,17,Karmine Corp
https://www.vlr.gg/173219/karmine-corp-vs-bbl-esports-champions-tour-2023-emea-league-w1,Split,Karmine Corp,,13,BBL Esports,,11,Karmine Corp
https://www.vlr.gg/173219/karmine-corp-vs-bbl-esports-champions-tour-2023-emea-league-w1,AllMaps,Karmine Corp,2,32,BBL Esports,0,28,Karmine Corp
https://www.vlr.gg/173220/team-liquid-vs-fut-esports-champions-tour-2023-emea-league-w1,Lotus,Team Liquid,,10,FUT Esports,,13,FUT Esports
https://www.vlr.gg/173220/team-liquid-vs-fut-esports-champions-tour-2023-emea-league-w1,Split,Team Liquid,,13,FUT Esports,,6,Team Liquid
https://www.vlr.gg/173220/team-liquid-vs-fut-esports-champions-tour-2023-emea-league-w1,Ascent,Team Liquid,,13,FUT Esports,,6,Team Liquid
https://www.vlr.gg/173220/team-liquid-vs-fut-esports-champions-tour-2023-emea-league-w1,AllMaps,Team Liquid,2,36,FUT Esports,1,25,Team Liquid
https://www.vlr.gg/173221/koi-vs-team-vitality-champions-tour-2023-emea-league-w1,Split,KOI,,9,Team Vitality,,13,Team Vitality
https://www.vlr.gg/173221/koi-vs-team-vitality-champions-tour-2023-emea-league-w1,Fracture,KOI,,13,Team Vitality,,15,Team Vitality
https://www.vlr.gg/173221/koi-vs-team-vitality-champions-tour-2023-emea-league-w1,AllMaps,KOI,0,22,Team Vitality,2,28,Team Vitality
https://www.vlr.gg/173222/fnatic-vs-bbl-esports-champions-tour-2023-emea-league-w1,Ascent,FNATIC,,6,BBL Esports,,13,BBL Esports
https://www.vlr.gg/173222/fnatic-vs-bbl-esports-champions-tour-2023-emea-league-w1,Haven,FNATIC,,13,BBL Esports,,9,FNATIC
https://www.vlr.gg/173222/fnatic-vs-bbl-esports-champions-tour-2023-emea-league-w1,Split,FNATIC,,13,BBL Esports,,11,FNATIC
https://www.vlr.gg/173222/fnatic-vs-bbl-esports-champions-tour-2023-emea-league-w1,AllMaps,FNATIC,2,32,BBL Esports,1,33,FNATIC
https://www.vlr.gg/173223/team-heretics-vs-karmine-corp-champions-tour-2023-emea-league-w1,Icebox,Team Heretics,,13,Karmine Corp,,5,Team Heretics
https://www.vlr.gg/173223/team-heretics-vs-karmine-corp-champions-tour-2023-emea-league-w1,Split,Team Heretics,,13,Karmine Corp,,2,Team Heretics
https://www.vlr.gg/173223/team-heretics-vs-karmine-corp-champions-tour-2023-emea-league-w1,AllMaps,Team Heretics,2,26,Karmine Corp,0,7,Team Heretics
https://www.vlr.gg/183944/team-vitality-vs-fut-esports-champions-tour-2023-emea-league-w2,Lotus,Team Vitality,,4,FUT Esports,,13,FUT Esports
https://www.vlr.gg/183944/team-vitality-vs-fut-esports-champions-tour-2023-emea-league-w2,Haven,Team Vitality,,10,FUT Esports,,13,FUT Esports
https://www.vlr.gg/183944/team-vitality-vs-fut-esports-champions-tour-2023-emea-league-w2,AllMaps,Team Vitality,0,14,FUT Esports,2,26,FUT Esports
https://www.vlr.gg/183945/natus-vincere-vs-bbl-esports-champions-tour-2023-emea-league-w2,Ascent,Natus Vincere,,13,BBL Esports,,10,Natus Vincere
https://www.vlr.gg/183945/natus-vincere-vs-bbl-esports-champions-tour-2023-emea-league-w2,Fracture,Natus Vincere,,13,BBL Esports,,8,Natus Vincere
https://www.vlr.gg/183945/natus-vincere-vs-bbl-esports-champions-tour-2023-emea-league-w2,AllMaps,Natus Vincere,2,26,BBL Esports,0,18,Natus Vincere
https://www.vlr.gg/183946/fnatic-vs-team-heretics-champions-tour-2023-emea-league-w2,Icebox,FNATIC,,13,Team Heretics,,3,FNATIC
https://www.vlr.gg/183946/fnatic-vs-team-heretics-champions-tour-2023-emea-league-w2,Ascent,FNATIC,,13,Team Heretics,,6,FNATIC
https://www.vlr.gg/183946/fnatic-vs-team-heretics-champions-tour-2023-emea-league-w2,AllMaps,FNATIC,2,26,Team Heretics,0,9,FNATIC
https://www.vlr.gg/183947/team-liquid-vs-karmine-corp-champions-tour-2023-emea-league-w2,Ascent,Team Liquid,,13,Karmine Corp,,5,Team Liquid
https://www.vlr.gg/183947/team-liquid-vs-karmine-corp-champions-tour-2023-emea-league-w2,Split,Team Liquid,,13,Karmine Corp,,2,Team Liquid
https://www.vlr.gg/183947/team-liquid-vs-karmine-corp-champions-tour-2023-emea-league-w2,AllMaps,Team Liquid,2,26,Karmine Corp,0,7,Team Liquid
https://www.vlr.gg/183948/koi-vs-giants-gaming-champions-tour-2023-emea-league-w2,Lotus,KOI,,1,Giants Gaming,,13,Giants Gaming
https://www.vlr.gg/183948/koi-vs-giants-gaming-champions-tour-2023-emea-league-w2,Ascent,KOI,,11,Giants Gaming,,13,Giants Gaming
https://www.vlr.gg/183948/koi-vs-giants-gaming-champions-tour-2023-emea-league-w2,AllMaps,KOI,0,12,Giants Gaming,2,26,Giants Gaming
https://www.vlr.gg/183949/natus-vincere-vs-team-heretics-champions-tour-2023-emea-league-w3,Pearl,Natus Vincere,,13,Team Heretics,,3,Natus Vincere
https://www.vlr.gg/183949/natus-vincere-vs-team-heretics-champions-tour-2023-emea-league-w3,Lotus,Natus Vincere,,9,Team Heretics,,13,Team Heretics
https://www.vlr.gg/183949/natus-vincere-vs-team-heretics-champions-tour-2023-emea-league-w3,Ascent,Natus Vincere,,13,Team Heretics,,2,Natus Vincere
https://www.vlr.gg/183949/natus-vincere-vs-team-heretics-champions-tour-2023-emea-league-w3,AllMaps,Natus Vincere,2,35,Team Heretics,1,18,Natus Vincere
https://www.vlr.gg/183950/koi-vs-fut-esports-champions-tour-2023-emea-league-w3,Ascent,KOI,,9,FUT Esports,,13,FUT Esports
https://www.vlr.gg/183950/koi-vs-fut-esports-champions-tour-2023-emea-league-w3,Icebox,KOI,,6,FUT Esports,,13,FUT Esports
https://www.vlr.gg/183950/koi-vs-fut-esports-champions-tour-2023-emea-league-w3,AllMaps,KOI,0,15,FUT Esports,2,26,FUT Esports
https://www.vlr.gg/183951/team-liquid-vs-fnatic-champions-tour-2023-emea-league-w3,Lotus,Team Liquid,,6,FNATIC,,13,FNATIC
https://www.vlr.gg/183951/team-liquid-vs-fnatic-champions-tour-2023-emea-league-w3,Haven,Team Liquid,,6,FNATIC,,13,FNATIC
https://www.vlr.gg/183951/team-liquid-vs-fnatic-champions-tour-2023-emea-league-w3,AllMaps,Team Liquid,0,12,FNATIC,2,26,FNATIC
https://www.vlr.gg/183952/giants-gaming-vs-bbl-esports-champions-tour-2023-emea-league-w3,Icebox,Giants Gaming,,13,BBL Esports,,10,Giants Gaming
https://www.vlr.gg/183952/giants-gaming-vs-bbl-esports-champions-tour-2023-emea-league-w3,Split,Giants Gaming,,13,BBL Esports,,3,Giants Gaming
https://www.vlr.gg/183952/giants-gaming-vs-bbl-esports-champions-tour-2023-emea-league-w3,AllMaps,Giants Gaming,2,26,BBL Esports,0,13,Giants Gaming
https://www.vlr.gg/183953/team-vitality-vs-karmine-corp-champions-tour-2023-emea-league-w3,Ascent,Team Vitality,,13,Karmine Corp,,2,Team Vitality
https://www.vlr.gg/183953/team-vitality-vs-karmine-corp-champions-tour-2023-emea-league-w3,Split,Team Vitality,,13,Karmine Corp,,6,Team Vitality
https://www.vlr.gg/183953/team-vitality-vs-karmine-corp-champions-tour-2023-emea-league-w3,AllMaps,Team Vitality,2,26,Karmine Corp,0,8,Team Vitality
https://www.vlr.gg/184037/team-heretics-vs-team-liquid-champions-tour-2023-emea-league-w4,Split,Team Heretics,,8,Team Liquid,,13,Team Liquid
https://www.vlr.gg/184037/team-heretics-vs-team-liquid-champions-tour-2023-emea-league-w4,Fracture,Team Heretics,,15,Team Liquid,,17,Team Liquid
https://www.vlr.gg/184037/team-heretics-vs-team-liquid-champions-tour-2023-emea-league-w4,AllMaps,Team Heretics,0,23,Team Liquid,2,30,Team Liquid
https://www.vlr.gg/184039/fut-esports-vs-giants-gaming-champions-tour-2023-emea-league-w4,Icebox,FUT Esports,,5,Giants Gaming,,13,Giants Gaming
https://www.vlr.gg/184039/fut-esports-vs-giants-gaming-champions-tour-2023-emea-league-w4,Split,FUT Esports,,11,Giants Gaming,,13,Giants Gaming
https://www.vlr.gg/184039/fut-esports-vs-giants-gaming-champions-tour-2023-emea-league-w4,AllMaps,FUT Esports,0,16,Giants Gaming,2,26,Giants Gaming
https://www.vlr.gg/184040/karmine-corp-vs-natus-vincere-champions-tour-2023-emea-league-w4,Ascent,Karmine Corp,,11,Natus Vincere,,13,Natus Vincere
https://www.vlr.gg/184040/karmine-corp-vs-natus-vincere-champions-tour-2023-emea-league-w4,Lotus,Karmine Corp,,7,Natus Vincere,,13,Natus Vincere
https://www.vlr.gg/184040/karmine-corp-vs-natus-vincere-champions-tour-2023-emea-league-w4,AllMaps,Karmine Corp,0,18,Natus Vincere,2,26,Natus Vincere
https://www.vlr.gg/184041/bbl-esports-vs-team-vitality-champions-tour-2023-emea-league-w4,Ascent,BBL Esports,,13,Team Vitality,,8,BBL Esports
https://www.vlr.gg/184041/bbl-esports-vs-team-vitality-champions-tour-2023-emea-league-w4,Haven,BBL Esports,,13,Team Vitality,,9,BBL Esports
https://www.vlr.gg/184041/bbl-esports-vs-team-vitality-champions-tour-2023-emea-league-w4,AllMaps,BBL Esports,2,26,Team Vitality,0,17,BBL Esports
https://www.vlr.gg/184038/koi-vs-fnatic-champions-tour-2023-emea-league-w4,Lotus,KOI,,4,FNATIC,,13,FNATIC
https://www.vlr.gg/184038/koi-vs-fnatic-champions-tour-2023-emea-league-w4,Ascent,KOI,,9,FNATIC,,13,FNATIC
https://www.vlr.gg/184038/koi-vs-fnatic-champions-tour-2023-emea-league-w4,AllMaps,KOI,0,13,FNATIC,2,26,FNATIC
https://www.vlr.gg/184042/giants-gaming-vs-team-liquid-champions-tour-2023-emea-league-w5,Ascent,Giants Gaming,,13,Team Liquid,,11,Giants Gaming
https://www.vlr.gg/184042/giants-gaming-vs-team-liquid-champions-tour-2023-emea-league-w5,Icebox,Giants Gaming,,11,Team Liquid,,13,Team Liquid
https://www.vlr.gg/184042/giants-gaming-vs-team-liquid-champions-tour-2023-emea-league-w5,Lotus,Giants Gaming,,10,Team Liquid,,13,Team Liquid
https://www.vlr.gg/184042/giants-gaming-vs-team-liquid-champions-tour-2023-emea-league-w5,AllMaps,Giants Gaming,1,34,Team Liquid,2,37,Team Liquid
https://www.vlr.gg/184043/bbl-esports-vs-team-heretics-champions-tour-2023-emea-league-w5,Haven,BBL Esports,,14,Team Heretics,,12,BBL Esports
https://www.vlr.gg/184043/bbl-esports-vs-team-heretics-champions-tour-2023-emea-league-w5,Lotus,BBL Esports,,10,Team Heretics,,13,Team Heretics
https://www.vlr.gg/184043/bbl-esports-vs-team-heretics-champions-tour-2023-emea-league-w5,Icebox,BBL Esports,,13,Team Heretics,,2,BBL Esports
https://www.vlr.gg/184043/bbl-esports-vs-team-heretics-champions-tour-2023-emea-league-w5,AllMaps,BBL Esports,2,37,Team Heretics,1,27,BBL Esports
https://www.vlr.gg/184044/koi-vs-karmine-corp-champions-tour-2023-emea-league-w5,Lotus,KOI,,6,Karmine Corp,,13,Karmine Corp
https://www.vlr.gg/184044/koi-vs-karmine-corp-champions-tour-2023-emea-league-w5,Ascent,KOI,,13,Karmine Corp,,8,KOI
https://www.vlr.gg/184044/koi-vs-karmine-corp-champions-tour-2023-emea-league-w5,Haven,KOI,,11,Karmine Corp,,13,Karmine Corp
https://www.vlr.gg/184044/koi-vs-karmine-corp-champions-tour-2023-emea-league-w5,AllMaps,KOI,1,30,Karmine Corp,2,34,Karmine Corp
https://www.vlr.gg/184045/fut-esports-vs-fnatic-champions-tour-2023-emea-league-w5,Icebox,FUT Esports,,5,FNATIC,,13,FNATIC
https://www.vlr.gg/184045/fut-esports-vs-fnatic-champions-tour-2023-emea-league-w5,Lotus,FUT Esports,,5,FNATIC,,13,FNATIC
https://www.vlr.gg/184045/fut-esports-vs-fnatic-champions-tour-2023-emea-league-w5,AllMaps,FUT Esports,0,10,FNATIC,2,26,FNATIC
https://www.vlr.gg/184046/team-vitality-vs-natus-vincere-champions-tour-2023-emea-league-w5,Split,Team Vitality,,10,Natus Vincere,,13,Natus Vincere
https://www.vlr.gg/184046/team-vitality-vs-natus-vincere-champions-tour-2023-emea-league-w5,Fracture,Team Vitality,,10,Natus Vincere,,13,Natus Vincere
https://www.vlr.gg/184046/team-vitality-vs-natus-vincere-champions-tour-2023-emea-league-w5,AllMaps,Team Vitality,0,20,Natus Vincere,2,26,Natus Vincere
https://www.vlr.gg/184047/team-vitality-vs-fnatic-champions-tour-2023-emea-league-w6,Haven,Team Vitality,,12,FNATIC,,14,FNATIC
https://www.vlr.gg/184047/team-vitality-vs-fnatic-champions-tour-2023-emea-league-w6,Bind,Team Vitality,,8,FNATIC,,13,FNATIC
https://www.vlr.gg/184047/team-vitality-vs-fnatic-champions-tour-2023-emea-league-w6,AllMaps,Team Vitality,0,20,FNATIC,2,27,FNATIC
https://www.vlr.gg/184048/fut-esports-vs-karmine-corp-champions-tour-2023-emea-league-w6,Haven,FUT Esports,,13,Karmine Corp,,8,FUT Esports
https://www.vlr.gg/184048/fut-esports-vs-karmine-corp-champions-tour-2023-emea-league-w6,Ascent,FUT Esports,,13,Karmine Corp,,5,FUT Esports
https://www.vlr.gg/184048/fut-esports-vs-karmine-corp-champions-tour-2023-emea-league-w6,AllMaps,FUT Esports,2,26,Karmine Corp,0,13,FUT Esports
https://www.vlr.gg/184049/koi-vs-bbl-esports-champions-tour-2023-emea-league-w6,Pearl,KOI,,13,BBL Esports,,3,KOI
https://www.vlr.gg/184049/koi-vs-bbl-esports-champions-tour-2023-emea-league-w6,Ascent,KOI,,4,BBL Esports,,13,BBL Esports
https://www.vlr.gg/184049/koi-vs-bbl-esports-champions-tour-2023-emea-league-w6,Bind,KOI,,5,BBL Esports,,13,BBL Esports
https://www.vlr.gg/184049/koi-vs-bbl-esports-champions-tour-2023-emea-league-w6,AllMaps,KOI,1,22,BBL Esports,2,29,BBL Esports
https://www.vlr.gg/184050/natus-vincere-vs-team-liquid-champions-tour-2023-emea-league-w6,Fracture,Natus Vincere,,13,Team Liquid,,11,Natus Vincere
https://www.vlr.gg/184050/natus-vincere-vs-team-liquid-champions-tour-2023-emea-league-w6,Bind,Natus Vincere,,13,Team Liquid,,11,Natus Vincere
https://www.vlr.gg/184050/natus-vincere-vs-team-liquid-champions-tour-2023-emea-league-w6,AllMaps,Natus Vincere,2,26,Team Liquid,0,22,Natus Vincere
https://www.vlr.gg/184051/giants-gaming-vs-team-heretics-champions-tour-2023-emea-league-w6,Pearl,Giants Gaming,,9,Team Heretics,,13,Team Heretics
https://www.vlr.gg/184051/giants-gaming-vs-team-heretics-champions-tour-2023-emea-league-w6,Lotus,Giants Gaming,,14,Team Heretics,,16,Team Heretics
https://www.vlr.gg/184051/giants-gaming-vs-team-heretics-champions-tour-2023-emea-league-w6,AllMaps,Giants Gaming,0,23,Team Heretics,2,29,Team Heretics
https://www.vlr.gg/184052/giants-gaming-vs-team-vitality-champions-tour-2023-emea-league-w7,Lotus,Giants Gaming,,13,Team Vitality,,6,Giants Gaming
https://www.vlr.gg/184052/giants-gaming-vs-team-vitality-champions-tour-2023-emea-league-w7,Split,Giants Gaming,,10,Team Vitality,,13,Team Vitality
https://www.vlr.gg/184052/giants-gaming-vs-team-vitality-champions-tour-2023-emea-league-w7,Ascent,Giants Gaming,,13,Team Vitality,,10,Giants Gaming
https://www.vlr.gg/184052/giants-gaming-vs-team-vitality-champions-tour-2023-emea-league-w7,AllMaps,Giants Gaming,2,36,Team Vitality,1,29,Giants Gaming
https://www.vlr.gg/184053/fut-esports-vs-natus-vincere-champions-tour-2023-emea-league-w7,Lotus,FUT Esports,,9,Natus Vincere,,13,Natus Vincere
https://www.vlr.gg/184053/fut-esports-vs-natus-vincere-champions-tour-2023-emea-league-w7,Pearl,FUT Esports,,11,Natus Vincere,,13,Natus Vincere
https://www.vlr.gg/184053/fut-esports-vs-natus-vincere-champions-tour-2023-emea-league-w7,AllMaps,FUT Esports,0,20,Natus Vincere,2,26,Natus Vincere
https://www.vlr.gg/184054/karmine-corp-vs-fnatic-champions-tour-2023-emea-league-w7,Haven,Karmine Corp,,2,FNATIC,,13,FNATIC
https://www.vlr.gg/184054/karmine-corp-vs-fnatic-champions-tour-2023-emea-league-w7,Lotus,Karmine Corp,,10,FNATIC,,13,FNATIC
https://www.vlr.gg/184054/karmine-corp-vs-fnatic-champions-tour-2023-emea-league-w7,AllMaps,Karmine Corp,0,12,FNATIC,2,26,FNATIC
https://www.vlr.gg/184055/bbl-esports-vs-team-liquid-champions-tour-2023-emea-league-w7,Split,BBL Esports,,11,Team Liquid,,13,Team Liquid
https://www.vlr.gg/184055/bbl-esports-vs-team-liquid-champions-tour-2023-emea-league-w7,Ascent,BBL Esports,,13,Team Liquid,,7,BBL Esports
https://www.vlr.gg/184055/bbl-esports-vs-team-liquid-champions-tour-2023-emea-league-w7,Bind,BBL Esports,,7,Team Liquid,,13,Team Liquid
https://www.vlr.gg/184055/bbl-esports-vs-team-liquid-champions-tour-2023-emea-league-w7,AllMaps,BBL Esports,1,31,Team Liquid,2,33,Team Liquid
https://www.vlr.gg/184056/koi-vs-team-heretics-champions-tour-2023-emea-league-w7,Fracture,KOI,,13,Team Heretics,,7,KOI
https://www.vlr.gg/184056/koi-vs-team-heretics-champions-tour-2023-emea-league-w7,Lotus,KOI,,9,Team Heretics,,13,Team Heretics
https://www.vlr.gg/184056/koi-vs-team-heretics-champions-tour-2023-emea-league-w7,Ascent,KOI,,13,Team Heretics,,11,KOI
https://www.vlr.gg/184056/koi-vs-team-heretics-champions-tour-2023-emea-league-w7,AllMaps,KOI,2,35,Team Heretics,1,31,KOI
https://www.vlr.gg/184057/fnatic-vs-natus-vincere-champions-tour-2023-emea-league-w8,Lotus,FNATIC,,13,Natus Vincere,,9,FNATIC
https://www.vlr.gg/184057/fnatic-vs-natus-vincere-champions-tour-2023-emea-league-w8,Split,FNATIC,,13,Natus Vincere,,8,FNATIC
https://www.vlr.gg/184057/fnatic-vs-natus-vincere-champions-tour-2023-emea-league-w8,AllMaps,FNATIC,2,26,Natus Vincere,0,17,FNATIC
https://www.vlr.gg/184058/team-heretics-vs-team-vitality-champions-tour-2023-emea-league-w8,Haven,Team Heretics,,10,Team Vitality,,13,Team Vitality
https://www.vlr.gg/184058/team-heretics-vs-team-vitality-champions-tour-2023-emea-league-w8,Lotus,Team Heretics,,13,Team Vitality,,15,Team Vitality
https://www.vlr.gg/184058/team-heretics-vs-team-vitality-champions-tour-2023-emea-league-w8,AllMaps,Team Heretics,0,23,Team Vitality,2,28,Team Vitality
https://www.vlr.gg/184059/karmine-corp-vs-giants-gaming-champions-tour-2023-emea-league-w8,Lotus,Karmine Corp,,14,Giants Gaming,,16,Giants Gaming
https://www.vlr.gg/184059/karmine-corp-vs-giants-gaming-champions-tour-2023-emea-league-w8,Ascent,Karmine Corp,,5,Giants Gaming,,13,Giants Gaming
https://www.vlr.gg/184059/karmine-corp-vs-giants-gaming-champions-tour-2023-emea-league-w8,AllMaps,Karmine Corp,0,19,Giants Gaming,2,29,Giants Gaming
https://www.vlr.gg/184060/koi-vs-team-liquid-champions-tour-2023-emea-league-w8,Fracture,KOI,,7,Team Liquid,,13,Team Liquid
https://www.vlr.gg/184060/koi-vs-team-liquid-champions-tour-2023-emea-league-w8,Split,KOI,,13,Team Liquid,,11,KOI
https://www.vlr.gg/184060/koi-vs-team-liquid-champions-tour-2023-emea-league-w8,Lotus,KOI,,8,Team Liquid,,13,Team Liquid
https://www.vlr.gg/184060/koi-vs-team-liquid-champions-tour-2023-emea-league-w8,AllMaps,KOI,1,28,Team Liquid,2,37,Team Liquid
https://www.vlr.gg/184061/bbl-esports-vs-fut-esports-champions-tour-2023-emea-league-w8,Pearl,BBL Esports,,5,FUT Esports,,13,FUT Esports
https://www.vlr.gg/184061/bbl-esports-vs-fut-esports-champions-tour-2023-emea-league-w8,Haven,BBL Esports,,7,FUT Esports,,13,FUT Esports
https://www.vlr.gg/184061/bbl-esports-vs-fut-esports-champions-tour-2023-emea-league-w8,AllMaps,BBL Esports,0,12,FUT Esports,2,26,FUT Esports
https://www.vlr.gg/213193/giants-gaming-vs-fut-esports-champions-tour-2023-emea-league-ur1,Haven,Giants Gaming,,5,FUT Esports,,13,FUT Esports
https://www.vlr.gg/213193/giants-gaming-vs-fut-esports-champions-tour-2023-emea-league-ur1,Ascent,Giants Gaming,,12,FUT Esports,,14,FUT Esports
https://www.vlr.gg/213193/giants-gaming-vs-fut-esports-champions-tour-2023-emea-league-ur1,AllMaps,Giants Gaming,0,17,FUT Esports,2,27,FUT Esports
https://www.vlr.gg/213194/team-liquid-vs-team-vitality-champions-tour-2023-emea-league-ur1,Lotus,Team Liquid,,6,Team Vitality,,13,Team Vitality
https://www.vlr.gg/213194/team-liquid-vs-team-vitality-champions-tour-2023-emea-league-ur1,Bind,Team Liquid,,13,Team Vitality,,11,Team Liquid
https://www.vlr.gg/213194/team-liquid-vs-team-vitality-champions-tour-2023-emea-league-ur1,Ascent,Team Liquid,,13,Team Vitality,,11,Team Liquid
https://www.vlr.gg/213194/team-liquid-vs-team-vitality-champions-tour-2023-emea-league-ur1,AllMaps,Team Liquid,2,32,Team Vitality,1,35,Team Liquid
https://www.vlr.gg/213195/fnatic-vs-fut-esports-champions-tour-2023-emea-league-ubsf,Bind,FNATIC,,9,FUT Esports,,13,FUT Esports
https://www.vlr.gg/213195/fnatic-vs-fut-esports-champions-tour-2023-emea-league-ubsf,Split,FNATIC,,13,FUT Esports,,2,FNATIC
https://www.vlr.gg/213195/fnatic-vs-fut-esports-champions-tour-2023-emea-league-ubsf,Lotus,FNATIC,,13,FUT Esports,,1,FNATIC
https://www.vlr.gg/213195/fnatic-vs-fut-esports-champions-tour-2023-emea-league-ubsf,AllMaps,FNATIC,2,35,FUT Esports,1,16,FNATIC
https://www.vlr.gg/213196/natus-vincere-vs-team-liquid-champions-tour-2023-emea-league-ubsf,Bind,Natus Vincere,,11,Team Liquid,,13,Team Liquid
https://www.vlr.gg/213196/natus-vincere-vs-team-liquid-champions-tour-2023-emea-league-ubsf,Split,Natus Vincere,,10,Team Liquid,,13,Team Liquid
https://www.vlr.gg/213196/natus-vincere-vs-team-liquid-champions-tour-2023-emea-league-ubsf,AllMaps,Natus Vincere,0,21,Team Liquid,2,26,Team Liquid
https://www.vlr.gg/213197/fnatic-vs-team-liquid-champions-tour-2023-emea-league-ubf,Lotus,FNATIC,,14,Team Liquid,,12,FNATIC
https://www.vlr.gg/213197/fnatic-vs-team-liquid-champions-tour-2023-emea-league-ubf,Bind,FNATIC,,13,Team Liquid,,6,FNATIC
https://www.vlr.gg/213197/fnatic-vs-team-liquid-champions-tour-2023-emea-league-ubf,AllMaps,FNATIC,2,27,Team Liquid,0,18,FNATIC
https://www.vlr.gg/213199/natus-vincere-vs-giants-gaming-champions-tour-2023-emea-league-lr1,Pearl,Natus Vincere,,13,Giants Gaming,,9,Natus Vincere
https://www.vlr.gg/213199/natus-vincere-vs-giants-gaming-champions-tour-2023-emea-league-lr1,Ascent,Natus Vincere,,13,Giants Gaming,,9,Natus Vincere
https://www.vlr.gg/213199/natus-vincere-vs-giants-gaming-champions-tour-2023-emea-league-lr1,AllMaps,Natus Vincere,2,26,Giants Gaming,0,18,Natus Vincere
https://www.vlr.gg/213200/fut-esports-vs-team-vitality-champions-tour-2023-emea-league-lr1,Split,FUT Esports,,13,Team Vitality,,9,FUT Esports
https://www.vlr.gg/213200/fut-esports-vs-team-vitality-champions-tour-2023-emea-league-lr1,Haven,FUT Esports,,9,Team Vitality,,13,Team Vitality
https://www.vlr.gg/213200/fut-esports-vs-team-vitality-champions-tour-2023-emea-league-lr1,Lotus,FUT Esports,,13,Team Vitality,,6,FUT Esports
https://www.vlr.gg/213200/fut-esports-vs-team-vitality-champions-tour-2023-emea-league-lr1,AllMaps,FUT Esports,2,35,Team Vitality,1,28,FUT Esports
https://www.vlr.gg/213201/natus-vincere-vs-fut-esports-champions-tour-2023-emea-league-lr2,Lotus,Natus Vincere,,8,FUT Esports,,13,FUT Esports
https://www.vlr.gg/213201/natus-vincere-vs-fut-esports-champions-tour-2023-emea-league-lr2,Fracture,Natus Vincere,,7,FUT Esports,,13,FUT Esports
https://www.vlr.gg/213201/natus-vincere-vs-fut-esports-champions-tour-2023-emea-league-lr2,AllMaps,Natus Vincere,0,15,FUT Esports,2,26,FUT Esports
https://www.vlr.gg/213202/team-liquid-vs-fut-esports-champions-tour-2023-emea-league-lbf,Ascent,Team Liquid,,13,FUT Esports,,5,Team Liquid
https://www.vlr.gg/213202/team-liquid-vs-fut-esports-champions-tour-2023-emea-league-lbf,Lotus,Team Liquid,,17,FUT Esports,,15,Team Liquid
https://www.vlr.gg/213202/team-liquid-vs-fut-esports-champions-tour-2023-emea-league-lbf,Split,Team Liquid,,13,FUT Esports,,5,Team Liquid
https://www.vlr.gg/213202/team-liquid-vs-fut-esports-champions-tour-2023-emea-league-lbf,AllMaps,Team Liquid,3,43,FUT Esports,0,25,Team Liquid
https://www.vlr.gg/213198/fnatic-vs-team-liquid-champions-tour-2023-emea-league-gf,Lotus,FNATIC,,13,Team Liquid,,11,FNATIC
https://www.vlr.gg/213198/fnatic-vs-team-liquid-champions-tour-2023-emea-league-gf,Ascent,FNATIC,,12,Team Liquid,,14,Team Liquid
https://www.vlr.gg/213198/fnatic-vs-team-liquid-champions-tour-2023-emea-league-gf,Haven,FNATIC,,6,Team Liquid,,13,Team Liquid
https://www.vlr.gg/213198/fnatic-vs-team-liquid-champions-tour-2023-emea-league-gf,Fracture,FNATIC,,11,Team Liquid,,13,Team Liquid
https://www.vlr.gg/213198/fnatic-vs-team-liquid-champions-tour-2023-emea-league-gf,AllMaps,FNATIC,1,42,Team Liquid,3,51,Team Liquid
https://www.vlr.gg/235363/team-heretics-vs-koi-champions-tour-2023-emea-last-chance-qualifier-ko,Fracture,Team Heretics,,8,KOI,,13,KOI
https://www.vlr.gg/235363/team-heretics-vs-koi-champions-tour-2023-emea-last-chance-qualifier-ko,Pearl,Team Heretics,,13,KOI,,10,Team Heretics
https://www.vlr.gg/235363/team-heretics-vs-koi-champions-tour-2023-emea-last-chance-qualifier-ko,Haven,Team Heretics,,6,KOI,,13,KOI
https://www.vlr.gg/235363/team-heretics-vs-koi-champions-tour-2023-emea-last-chance-qualifier-ko,AllMaps,Team Heretics,1,27,KOI,2,36,KOI
https://www.vlr.gg/235364/bbl-esports-vs-karmine-corp-champions-tour-2023-emea-last-chance-qualifier-ko,Haven,BBL Esports,,14,Karmine Corp,,12,BBL Esports
https://www.vlr.gg/235364/bbl-esports-vs-karmine-corp-champions-tour-2023-emea-last-chance-qualifier-ko,Lotus,BBL Esports,,9,Karmine Corp,,13,Karmine Corp
https://www.vlr.gg/235364/bbl-esports-vs-karmine-corp-champions-tour-2023-emea-last-chance-qualifier-ko,Bind,BBL Esports,,12,Karmine Corp,,14,Karmine Corp
https://www.vlr.gg/235364/bbl-esports-vs-karmine-corp-champions-tour-2023-emea-last-chance-qualifier-ko,AllMaps,BBL Esports,1,35,Karmine Corp,2,39,Karmine Corp
https://www.vlr.gg/235365/natus-vincere-vs-koi-champions-tour-2023-emea-last-chance-qualifier-ubsf,Split,Natus Vincere,,6,KOI,,13,KOI
https://www.vlr.gg/235365/natus-vincere-vs-koi-champions-tour-2023-emea-last-chance-qualifier-ubsf,Lotus,Natus Vincere,,3,KOI,,13,KOI
https://www.vlr.gg/235365/natus-vincere-vs-koi-champions-tour-2023-emea-last-chance-qualifier-ubsf,AllMaps,Natus Vincere,0,9,KOI,2,26,KOI
https://www.vlr.gg/235366/giants-gaming-vs-karmine-corp-champions-tour-2023-emea-last-chance-qualifier-ubsf,Pearl,Giants Gaming,,13,Karmine Corp,,11,Giants Gaming
https://www.vlr.gg/235366/giants-gaming-vs-karmine-corp-champions-tour-2023-emea-last-chance-qualifier-ubsf,Split,Giants Gaming,,13,Karmine Corp,,5,Giants Gaming
https://www.vlr.gg/235366/giants-gaming-vs-karmine-corp-champions-tour-2023-emea-last-chance-qualifier-ubsf,AllMaps,Giants Gaming,2,26,Karmine Corp,0,16,Giants Gaming
https://www.vlr.gg/235371/natus-vincere-vs-karmine-corp-champions-tour-2023-emea-last-chance-qualifier-lr1,Lotus,Natus Vincere,,13,Karmine Corp,,6,Natus Vincere
https://www.vlr.gg/235371/natus-vincere-vs-karmine-corp-champions-tour-2023-emea-last-chance-qualifier-lr1,Ascent,Natus Vincere,,7,Karmine Corp,,13,Karmine Corp
https://www.vlr.gg/235371/natus-vincere-vs-karmine-corp-champions-tour-2023-emea-last-chance-qualifier-lr1,Pearl,Natus Vincere,,13,Karmine Corp,,7,Natus Vincere
https://www.vlr.gg/235371/natus-vincere-vs-karmine-corp-champions-tour-2023-emea-last-chance-qualifier-lr1,AllMaps,Natus Vincere,2,33,Karmine Corp,1,26,Natus Vincere
https://www.vlr.gg/235367/koi-vs-giants-gaming-champions-tour-2023-emea-last-chance-qualifier-ubf,Haven,KOI,,12,Giants Gaming,,14,Giants Gaming
https://www.vlr.gg/235367/koi-vs-giants-gaming-champions-tour-2023-emea-last-chance-qualifier-ubf,Pearl,KOI,,5,Giants Gaming,,13,Giants Gaming
https://www.vlr.gg/235367/koi-vs-giants-gaming-champions-tour-2023-emea-last-chance-qualifier-ubf,AllMaps,KOI,0,17,Giants Gaming,2,27,Giants Gaming
https://www.vlr.gg/235372/koi-vs-natus-vincere-champions-tour-2023-emea-last-chance-qualifier-lbf,Split,KOI,,12,Natus Vincere,,14,Natus Vincere
https://www.vlr.gg/235372/koi-vs-natus-vincere-champions-tour-2023-emea-last-chance-qualifier-lbf,Pearl,KOI,,10,Natus Vincere,,13,Natus Vincere
https://www.vlr.gg/235372/koi-vs-natus-vincere-champions-tour-2023-emea-last-chance-qualifier-lbf,Fracture,KOI,,9,Natus Vincere,,13,Natus Vincere
https://www.vlr.gg/235372/koi-vs-natus-vincere-champions-tour-2023-emea-last-chance-qualifier-lbf,AllMaps,KOI,0,31,Natus Vincere,3,40,Natus Vincere
https://www.vlr.gg/235368/giants-gaming-vs-natus-vincere-champions-tour-2023-emea-last-chance-qualifier-gf,Bind,Giants Gaming,,13,Natus Vincere,,11,Giants Gaming
https://www.vlr.gg/235368/giants-gaming-vs-natus-vincere-champions-tour-2023-emea-last-chance-qualifier-gf,Lotus,Giants Gaming,,13,Natus Vincere,,7,Giants Gaming
https://www.vlr.gg/235368/giants-gaming-vs-natus-vincere-champions-tour-2023-emea-last-chance-qualifier-gf,Haven,Giants Gaming,,13,Natus Vincere,,9,Giants Gaming
https://www.vlr.gg/235368/giants-gaming-vs-natus-vincere-champions-tour-2023-emea-last-chance-qualifier-gf,AllMaps,Giants Gaming,3,39,Natus Vincere,0,27,Giants Gaming
https://www.vlr.gg/303093/team-heretics-vs-natus-vincere-champions-tour-2024-emea-kickoff-playoffs-sf,Sunset,Team Heretics,,16,Natus Vincere,,14,Team Heretics
https://www.vlr.gg/303093/team-heretics-vs-natus-vincere-champions-tour-2024-emea-kickoff-playoffs-sf,Breeze,Team Heretics,,13,Natus Vincere,,4,Team Heretics
https://www.vlr.gg/303093/team-heretics-vs-natus-vincere-champions-tour-2024-emea-kickoff-playoffs-sf,AllMaps,Team Heretics,2,29,Natus Vincere,0,18,Team Heretics
https://www.vlr.gg/303094/fnatic-vs-karmine-corp-champions-tour-2024-emea-kickoff-playoffs-sf,Lotus,FNATIC,,10,Karmine Corp,,13,Karmine Corp
https://www.vlr.gg/303094/fnatic-vs-karmine-corp-champions-tour-2024-emea-kickoff-playoffs-sf,Split,FNATIC,,8,Karmine Corp,,13,Karmine Corp
https://www.vlr.gg/303094/fnatic-vs-karmine-corp-champions-tour-2024-emea-kickoff-playoffs-sf,AllMaps,FNATIC,0,18,Karmine Corp,2,26,Karmine Corp
https://www.vlr.gg/303095/team-heretics-vs-karmine-corp-champions-tour-2024-emea-kickoff-playoffs-gf,Sunset,Team Heretics,,13,Karmine Corp,,9,Team Heretics
https://www.vlr.gg/303095/team-heretics-vs-karmine-corp-champions-tour-2024-emea-kickoff-playoffs-gf,Lotus,Team Heretics,,7,Karmine Corp,,13,Karmine Corp
https://www.vlr.gg/303095/team-heretics-vs-karmine-corp-champions-tour-2024-emea-kickoff-playoffs-gf,Icebox,Team Heretics,,7,Karmine Corp,,13,Karmine Corp
https://www.vlr.gg/303095/team-heretics-vs-karmine-corp-champions-tour-2024-emea-kickoff-playoffs-gf,Split,Team Heretics,,5,Karmine Corp,,13,Karmine Corp
https://www.vlr.gg/303095/team-heretics-vs-karmine-corp-champions-tour-2024-emea-kickoff-playoffs-gf,AllMaps,Team Heretics,1,32,Karmine Corp,3,48,Karmine Corp
https://www.vlr.gg/297401/fut-esports-vs-team-heretics-champions-tour-2024-emea-kickoff-opening-a,Lotus,FUT Esports,,11,Team Heretics,,13,Team Heretics
https://www.vlr.gg/297401/fut-esports-vs-team-heretics-champions-tour-2024-emea-kickoff-opening-a,Bind,FUT Esports,,10,Team Heretics,,13,Team Heretics
https://www.vlr.gg/297401/fut-esports-vs-team-heretics-champions-tour-2024-emea-kickoff-opening-a,AllMaps,FUT Esports,0,21,Team Heretics,2,26,Team Heretics
https://www.vlr.gg/297402/giantx-vs-karmine-corp-champions-tour-2024-emea-kickoff-opening-a,Split,GIANTX,,11,Karmine Corp,,13,Karmine Corp
https://www.vlr.gg/297402/giantx-vs-karmine-corp-champions-tour-2024-emea-kickoff-opening-a,Sunset,GIANTX,,13,Karmine Corp,,10,GIANTX
https://www.vlr.gg/297402/giantx-vs-karmine-corp-champions-tour-2024-emea-kickoff-opening-a,Lotus,GIANTX,,4,Karmine Corp,,13,Karmine Corp
https://www.vlr.gg/297402/giantx-vs-karmine-corp-champions-tour-2024-emea-kickoff-opening-a,AllMaps,GIANTX,1,28,Karmine Corp,2,36,Karmine Corp
https://www.vlr.gg/297404/fut-esports-vs-giantx-champions-tour-2024-emea-kickoff-elim-a,Split,FUT Esports,,13,GIANTX,,6,FUT Esports
https://www.vlr.gg/297404/fut-esports-vs-giantx-champions-tour-2024-emea-kickoff-elim-a,Icebox,FUT Esports,,8,GIANTX,,13,GIANTX
https://www.vlr.gg/297404/fut-esports-vs-giantx-champions-tour-2024-emea-kickoff-elim-a,Sunset,FUT Esports,,13,GIANTX,,7,FUT Esports
https://www.vlr.gg/297404/fut-esports-vs-giantx-champions-tour-2024-emea-kickoff-elim-a,AllMaps,FUT Esports,2,34,GIANTX,1,26,FUT Esports
https://www.vlr.gg/297403/team-heretics-vs-karmine-corp-champions-tour-2024-emea-kickoff-winners-a,Split,Team Heretics,,13,Karmine Corp,,4,Team Heretics
https://www.vlr.gg/297403/team-heretics-vs-karmine-corp-champions-tour-2024-emea-kickoff-winners-a,Lotus,Team Heretics,,13,Karmine Corp,,4,Team Heretics
https://www.vlr.gg/297403/team-heretics-vs-karmine-corp-champions-tour-2024-emea-kickoff-winners-a,AllMaps,Team Heretics,2,26,Karmine Corp,0,8,Team Heretics
https://www.vlr.gg/297405/karmine-corp-vs-fut-esports-champions-tour-2024-emea-kickoff-decider-a,Lotus,Karmine Corp,,20,FUT Esports,,18,Karmine Corp
https://www.vlr.gg/297405/karmine-corp-vs-fut-esports-champions-tour-2024-emea-kickoff-decider-a,Bind,Karmine Corp,,4,FUT Esports,,13,FUT Esports
https://www.vlr.gg/297405/karmine-corp-vs-fut-esports-champions-tour-2024-emea-kickoff-decider-a,Sunset,Karmine Corp,,13,FUT Esports,,7,Karmine Corp
https://www.vlr.gg/297405/karmine-corp-vs-fut-esports-champions-tour-2024-emea-kickoff-decider-a,AllMaps,Karmine Corp,2,37,FUT Esports,1,38,Karmine Corp
https://www.vlr.gg/297406/natus-vincere-vs-bbl-esports-champions-tour-2024-emea-kickoff-opening-b,Bind,Natus Vincere,,8,BBL Esports,,13,BBL Esports
https://www.vlr.gg/297406/natus-vincere-vs-bbl-esports-champions-tour-2024-emea-kickoff-opening-b,Ascent,Natus Vincere,,13,BBL Esports,,6,Natus Vincere
https://www.vlr.gg/297406/natus-vincere-vs-bbl-esports-champions-tour-2024-emea-kickoff-opening-b,Breeze,Natus Vincere,,13,BBL Esports,,6,Natus Vincere
https://www.vlr.gg/297406/natus-vincere-vs-bbl-esports-champions-tour-2024-emea-kickoff-opening-b,AllMaps,Natus Vincere,2,34,BBL Esports,1,25,Natus Vincere
https://www.vlr.gg/297407/team-liquid-vs-koi-champions-tour-2024-emea-kickoff-opening-b,Icebox,Team Liquid,,13,Movistar KOI(KOI),,10,Team Liquid
https://www.vlr.gg/297407/team-liquid-vs-koi-champions-tour-2024-emea-kickoff-opening-b,Bind,Team Liquid,,13,Movistar KOI(KOI),,11,Team Liquid
https://www.vlr.gg/297407/team-liquid-vs-koi-champions-tour-2024-emea-kickoff-opening-b,AllMaps,Team Liquid,2,26,Movistar KOI(KOI),0,21,Team Liquid
https://www.vlr.gg/297409/bbl-esports-vs-koi-champions-tour-2024-emea-kickoff-elim-b,Bind,BBL Esports,,5,Movistar KOI(KOI),,13,Movistar KOI(KOI)
https://www.vlr.gg/297409/bbl-esports-vs-koi-champions-tour-2024-emea-kickoff-elim-b,Split,BBL Esports,,10,Movistar KOI(KOI),,13,Movistar KOI(KOI)
https://www.vlr.gg/297409/bbl-esports-vs-koi-champions-tour-2024-emea-kickoff-elim-b,AllMaps,BBL Esports,0,15,Movistar KOI(KOI),2,26,Movistar KOI(KOI)
https://www.vlr.gg/297408/natus-vincere-vs-team-liquid-champions-tour-2024-emea-kickoff-winners-b,Split,Natus Vincere,,13,Team Liquid,,7,Natus Vincere
https://www.vlr.gg/297408/natus-vincere-vs-team-liquid-champions-tour-2024-emea-kickoff-winners-b,Breeze,Natus Vincere,,13,Team Liquid,,7,Natus Vincere
https://www.vlr.gg/297408/natus-vincere-vs-team-liquid-champions-tour-2024-emea-kickoff-winners-b,AllMaps,Natus Vincere,2,26,Team Liquid,0,14,Natus Vincere
https://www.vlr.gg/297410/team-liquid-vs-koi-champions-tour-2024-emea-kickoff-decider-b,Sunset,Team Liquid,,11,Movistar KOI(KOI),,13,Movistar KOI(KOI)
https://www.vlr.gg/297410/team-liquid-vs-koi-champions-tour-2024-emea-kickoff-decider-b,Icebox,Team Liquid,,14,Movistar KOI(KOI),,12,Team Liquid
https://www.vlr.gg/297410/team-liquid-vs-koi-champions-tour-2024-emea-kickoff-decider-b,Split,Team Liquid,,10,Movistar KOI(KOI),,13,Movistar KOI(KOI)
https://www.vlr.gg/297410/team-liquid-vs-koi-champions-tour-2024-emea-kickoff-decider-b,AllMaps,Team Liquid,1,35,Movistar KOI(KOI),2,38,Movistar KOI(KOI)
https://www.vlr.gg/297412/team-vitality-vs-gentle-mates-champions-tour-2024-emea-kickoff-opening-c,Sunset,Team Vitality,,13,Gentle Mates,,10,Team Vitality
https://www.vlr.gg/297412/team-vitality-vs-gentle-mates-champions-tour-2024-emea-kickoff-opening-c,Lotus,Team Vitality,,13,Gentle Mates,,7,Team Vitality
https://www.vlr.gg/297412/team-vitality-vs-gentle-mates-champions-tour-2024-emea-kickoff-opening-c,AllMaps,Team Vitality,2,26,Gentle Mates,0,17,Team Vitality
https://www.vlr.gg/297414/team-vitality-vs-fnatic-champions-tour-2024-emea-kickoff-winners-c,Lotus,Team Vitality,,12,FNATIC,,14,FNATIC
https://www.vlr.gg/297414/team-vitality-vs-fnatic-champions-tour-2024-emea-kickoff-winners-c,Ascent,Team Vitality,,5,FNATIC,,13,FNATIC
https://www.vlr.gg/297414/team-vitality-vs-fnatic-champions-tour-2024-emea-kickoff-winners-c,AllMaps,Team Vitality,0,17,FNATIC,2,27,FNATIC
https://www.vlr.gg/297416/team-vitality-vs-gentle-mates-champions-tour-2024-emea-kickoff-decider-c,Breeze,Team Vitality,,4,Gentle Mates,,13,Gentle Mates
https://www.vlr.gg/297416/team-vitality-vs-gentle-mates-champions-tour-2024-emea-kickoff-decider-c,Lotus,Team Vitality,,15,Gentle Mates,,13,Team Vitality
https://www.vlr.gg/297416/team-vitality-vs-gentle-mates-champions-tour-2024-emea-kickoff-decider-c,Sunset,Team Vitality,,13,Gentle Mates,,3,Team Vitality
https://www.vlr.gg/297416/team-vitality-vs-gentle-mates-champions-tour-2024-emea-kickoff-decider-c,AllMaps,Team Vitality,2,32,Gentle Mates,1,29,Team Vitality
https://www.vlr.gg/307567/karmine-corp-vs-team-vitality-champions-tour-2024-emea-kickoff-play-in-stage-play-ins,Sunset,Karmine Corp,,13,Team Vitality,,8,Karmine Corp
https://www.vlr.gg/307567/karmine-corp-vs-team-vitality-champions-tour-2024-emea-kickoff-play-in-stage-play-ins,Ascent,Karmine Corp,,15,Team Vitality,,13,Karmine Corp
https://www.vlr.gg/307567/karmine-corp-vs-team-vitality-champions-tour-2024-emea-kickoff-play-in-stage-play-ins,AllMaps,Karmine Corp,2,28,Team Vitality,0,21,Karmine Corp
https://www.vlr.gg/307565/koi-vs-team-vitality-champions-tour-2024-emea-kickoff-play-in-stage-play-ins,Sunset,KOI,,9,Team Vitality,,13,Team Vitality
https://www.vlr.gg/307565/koi-vs-team-vitality-champions-tour-2024-emea-kickoff-play-in-stage-play-ins,Breeze,KOI,,6,Team Vitality,,13,Team Vitality
https://www.vlr.gg/307565/koi-vs-team-vitality-champions-tour-2024-emea-kickoff-play-in-stage-play-ins,AllMaps,KOI,0,15,Team Vitality,2,26,Team Vitality
https://www.vlr.gg/307564/karmine-corp-vs-koi-champions-tour-2024-emea-kickoff-play-in-stage-play-ins,Sunset,Karmine Corp,,13,KOI,,4,Karmine Corp
https://www.vlr.gg/307564/karmine-corp-vs-koi-champions-tour-2024-emea-kickoff-play-in-stage-play-ins,Bind,Karmine Corp,,13,KOI,,7,Karmine Corp
https://www.vlr.gg/307564/karmine-corp-vs-koi-champions-tour-2024-emea-kickoff-play-in-stage-play-ins,AllMaps,Karmine Corp,2,26,KOI,0,11,Karmine Corp
https://www.vlr.gg/318911/karmine-corp-vs-giantx-champions-tour-2024-emea-stage-1-w1,Breeze,Karmine Corp,,13,GIANTX,,4,Karmine Corp
https://www.vlr.gg/318911/karmine-corp-vs-giantx-champions-tour-2024-emea-stage-1-w1,Sunset,Karmine Corp,,13,GIANTX,,9,Karmine Corp
https://www.vlr.gg/318911/karmine-corp-vs-giantx-champions-tour-2024-emea-stage-1-w1,AllMaps,Karmine Corp,2,26,GIANTX,0,13,Karmine Corp
https://www.vlr.gg/318913/koi-vs-team-liquid-champions-tour-2024-emea-stage-1-w1,Split,Movistar KOI(KOI),,9,Team Liquid,,13,Team Liquid
https://www.vlr.gg/318913/koi-vs-team-liquid-champions-tour-2024-emea-stage-1-w1,Ascent,Movistar KOI(KOI),,7,Team Liquid,,13,Team Liquid
https://www.vlr.gg/318913/koi-vs-team-liquid-champions-tour-2024-emea-stage-1-w1,AllMaps,Movistar KOI(KOI),0,16,Team Liquid,2,26,Team Liquid
https://www.vlr.gg/318914/team-vitality-vs-natus-vincere-champions-tour-2024-emea-stage-1-w1,Bind,Team Vitality,,9,Natus Vincere,,13,Natus Vincere
https://www.vlr.gg/318914/team-vitality-vs-natus-vincere-champions-tour-2024-emea-stage-1-w1,Lotus,Team Vitality,,4,Natus Vincere,,13,Natus Vincere
https://www.vlr.gg/318914/team-vitality-vs-natus-vincere-champions-tour-2024-emea-stage-1-w1,AllMaps,Team Vitality,0,13,Natus Vincere,2,26,Natus Vincere
https://www.vlr.gg/318915/fnatic-vs-team-heretics-champions-tour-2024-emea-stage-1-w1,Icebox,FNATIC,,4,Team Heretics,,13,Team Heretics
https://www.vlr.gg/318915/fnatic-vs-team-heretics-champions-tour-2024-emea-stage-1-w1,Lotus,FNATIC,,15,Team Heretics,,17,Team Heretics
https://www.vlr.gg/318915/fnatic-vs-team-heretics-champions-tour-2024-emea-stage-1-w1,AllMaps,FNATIC,0,19,Team Heretics,2,30,Team Heretics
https://www.vlr.gg/318916/team-liquid-vs-fut-esports-champions-tour-2024-emea-stage-1-w1,Split,Team Liquid,,5,FUT Esports,,13,FUT Esports
https://www.vlr.gg/318916/team-liquid-vs-fut-esports-champions-tour-2024-emea-stage-1-w1,Icebox,Team Liquid,,8,FUT Esports,,13,FUT Esports
https://www.vlr.gg/318916/team-liquid-vs-fut-esports-champions-tour-2024-emea-stage-1-w1,AllMaps,Team Liquid,0,13,FUT Esports,2,26,FUT Esports
https://www.vlr.gg/318917/bbl-esports-vs-gentle-mates-champions-tour-2024-emea-stage-1-w1,Ascent,BBL Esports,,7,Gentle Mates,,13,Gentle Mates
https://www.vlr.gg/318917/bbl-esports-vs-gentle-mates-champions-tour-2024-emea-stage-1-w1,Sunset,BBL Esports,,11,Gentle Mates,,13,Gentle Mates
https://www.vlr.gg/318917/bbl-esports-vs-gentle-mates-champions-tour-2024-emea-stage-1-w1,AllMaps,BBL Esports,0,18,Gentle Mates,2,26,Gentle Mates
https://www.vlr.gg/318918/karmine-corp-vs-fut-esports-champions-tour-2024-emea-stage-1-w2,Bind,Karmine Corp,,13,FUT Esports,,11,Karmine Corp
https://www.vlr.gg/318918/karmine-corp-vs-fut-esports-champions-tour-2024-emea-stage-1-w2,Lotus,Karmine Corp,,8,FUT Esports,,13,FUT Esports
https://www.vlr.gg/318918/karmine-corp-vs-fut-esports-champions-tour-2024-emea-stage-1-w2,Breeze,Karmine Corp,,7,FUT Esports,,13,FUT Esports
https://www.vlr.gg/318918/karmine-corp-vs-fut-esports-champions-tour-2024-emea-stage-1-w2,AllMaps,Karmine Corp,1,28,FUT Esports,2,37,FUT Esports
https://www.vlr.gg/318919/team-vitality-vs-team-heretics-champions-tour-2024-emea-stage-1-w2,Breeze,Team Vitality,,13,Team Heretics,,9,Team Vitality
https://www.vlr.gg/318919/team-vitality-vs-team-heretics-champions-tour-2024-emea-stage-1-w2,Sunset,Team Vitality,,11,Team Heretics,,13,Team Heretics
https://www.vlr.gg/318919/team-vitality-vs-team-heretics-champions-tour-2024-emea-stage-1-w2,Icebox,Team Vitality,,13,Team Heretics,,9,Team Vitality
https://www.vlr.gg/318919/team-vitality-vs-team-heretics-champions-tour-2024-emea-stage-1-w2,AllMaps,Team Vitality,2,37,Team Heretics,1,31,Team Vitality
https://www.vlr.gg/318920/team-liquid-vs-natus-vincere-champions-tour-2024-emea-stage-1-w2,Lotus,Team Liquid,,13,Natus Vincere,,10,Team Liquid
https://www.vlr.gg/318920/team-liquid-vs-natus-vincere-champions-tour-2024-emea-stage-1-w2,Split,Team Liquid,,11,Natus Vincere,,13,Natus Vincere
https://www.vlr.gg/318920/team-liquid-vs-natus-vincere-champions-tour-2024-emea-stage-1-w2,Ascent,Team Liquid,,5,Natus Vincere,,13,Natus Vincere
https://www.vlr.gg/318920/team-liquid-vs-natus-vincere-champions-tour-2024-emea-stage-1-w2,AllMaps,Team Liquid,1,29,Natus Vincere,2,36,Natus Vincere
https://www.vlr.gg/318921/bbl-esports-vs-koi-champions-tour-2024-emea-stage-1-w2,Breeze,BBL Esports,,13,Movistar KOI(KOI),,4,BBL Esports
https://www.vlr.gg/318921/bbl-esports-vs-koi-champions-tour-2024-emea-stage-1-w2,Icebox,BBL Esports,,13,Movistar KOI(KOI),,3,BBL Esports
https://www.vlr.gg/318921/bbl-esports-vs-koi-champions-tour-2024-emea-stage-1-w2,AllMaps,BBL Esports,2,26,Movistar KOI(KOI),0,7,BBL Esports
https://www.vlr.gg/318922/fnatic-vs-giantx-champions-tour-2024-emea-stage-1-w2,Bind,FNATIC,,13,GIANTX,,5,FNATIC
https://www.vlr.gg/318922/fnatic-vs-giantx-champions-tour-2024-emea-stage-1-w2,Breeze,FNATIC,,5,GIANTX,,13,GIANTX
https://www.vlr.gg/318922/fnatic-vs-giantx-champions-tour-2024-emea-stage-1-w2,Split,FNATIC,,13,GIANTX,,7,FNATIC
https://www.vlr.gg/318922/fnatic-vs-giantx-champions-tour-2024-emea-stage-1-w2,AllMaps,FNATIC,2,31,GIANTX,1,25,FNATIC
https://www.vlr.gg/318923/karmine-corp-vs-gentle-mates-champions-tour-2024-emea-stage-1-w2,Split,Karmine Corp,,13,Gentle Mates,,6,Karmine Corp
https://www.vlr.gg/318923/karmine-corp-vs-gentle-mates-champions-tour-2024-emea-stage-1-w2,Icebox,Karmine Corp,,13,Gentle Mates,,6,Karmine Corp
https://www.vlr.gg/318923/karmine-corp-vs-gentle-mates-champions-tour-2024-emea-stage-1-w2,AllMaps,Karmine Corp,2,26,Gentle Mates,0,12,Karmine Corp
https://www.vlr.gg/318924/gentle-mates-vs-fnatic-champions-tour-2024-emea-stage-1-w3,Breeze,Gentle Mates,,6,FNATIC,,13,FNATIC
https://www.vlr.gg/318924/gentle-mates-vs-fnatic-champions-tour-2024-emea-stage-1-w3,Lotus,Gentle Mates,,4,FNATIC,,13,FNATIC
https://www.vlr.gg/318924/gentle-mates-vs-fnatic-champions-tour-2024-emea-stage-1-w3,AllMaps,Gentle Mates,0,10,FNATIC,2,26,FNATIC
https://www.vlr.gg/318925/karmine-corp-vs-natus-vincere-champions-tour-2024-emea-stage-1-w3,Bind,Karmine Corp,,13,Natus Vincere,,7,Karmine Corp
https://www.vlr.gg/318925/karmine-corp-vs-natus-vincere-champions-tour-2024-emea-stage-1-w3,Sunset,Karmine Corp,,7,Natus Vincere,,13,Natus Vincere
https://www.vlr.gg/318925/karmine-corp-vs-natus-vincere-champions-tour-2024-emea-stage-1-w3,Split,Karmine Corp,,6,Natus Vincere,,13,Natus Vincere
https://www.vlr.gg/318925/karmine-corp-vs-natus-vincere-champions-tour-2024-emea-stage-1-w3,AllMaps,Karmine Corp,1,26,Natus Vincere,2,33,Natus Vincere
https://www.vlr.gg/318926/bbl-esports-vs-team-heretics-champions-tour-2024-emea-stage-1-w3,Split,BBL Esports,,13,Team Heretics,,7,BBL Esports
https://www.vlr.gg/318926/bbl-esports-vs-team-heretics-champions-tour-2024-emea-stage-1-w3,Sunset,BBL Esports,,13,Team Heretics,,10,BBL Esports
https://www.vlr.gg/318926/bbl-esports-vs-team-heretics-champions-tour-2024-emea-stage-1-w3,AllMaps,BBL Esports,2,26,Team Heretics,0,17,BBL Esports
https://www.vlr.gg/318927/team-vitality-vs-fut-esports-champions-tour-2024-emea-stage-1-w3,Ascent,Team Vitality,,7,FUT Esports,,13,FUT Esports
https://www.vlr.gg/318927/team-vitality-vs-fut-esports-champions-tour-2024-emea-stage-1-w3,Icebox,Team Vitality,,13,FUT Esports,,9,Team Vitality
https://www.vlr.gg/318927/team-vitality-vs-fut-esports-champions-tour-2024-emea-stage-1-w3,Sunset,Team Vitality,,13,FUT Esports,,9,Team Vitality
https://www.vlr.gg/318927/team-vitality-vs-fut-esports-champions-tour-2024-emea-stage-1-w3,AllMaps,Team Vitality,2,33,FUT Esports,1,31,Team Vitality
https://www.vlr.gg/318928/team-liquid-vs-giantx-champions-tour-2024-emea-stage-1-w3,Lotus,Team Liquid,,14,GIANTX,,16,GIANTX
https://www.vlr.gg/318928/team-liquid-vs-giantx-champions-tour-2024-emea-stage-1-w3,Icebox,Team Liquid,,13,GIANTX,,7,Team Liquid
https://www.vlr.gg/318928/team-liquid-vs-giantx-champions-tour-2024-emea-stage-1-w3,Ascent,Team Liquid,,13,GIANTX,,11,Team Liquid
https://www.vlr.gg/318928/team-liquid-vs-giantx-champions-tour-2024-emea-stage-1-w3,AllMaps,Team Liquid,2,40,GIANTX,1,34,Team Liquid
https://www.vlr.gg/318929/fnatic-vs-koi-champions-tour-2024-emea-stage-1-w3,Bind,FNATIC,,13,Movistar KOI(KOI),,11,FNATIC
https://www.vlr.gg/318929/fnatic-vs-koi-champions-tour-2024-emea-stage-1-w3,Icebox,FNATIC,,13,Movistar KOI(KOI),,4,FNATIC
https://www.vlr.gg/318929/fnatic-vs-koi-champions-tour-2024-emea-stage-1-w3,AllMaps,FNATIC,2,26,Movistar KOI(KOI),0,15,FNATIC
https://www.vlr.gg/318930/team-liquid-vs-team-heretics-champions-tour-2024-emea-stage-1-w4,Sunset,Team Liquid,,2,Team Heretics,,13,Team Heretics
https://www.vlr.gg/318930/team-liquid-vs-team-heretics-champions-tour-2024-emea-stage-1-w4,Bind,Team Liquid,,7,Team Heretics,,13,Team Heretics
https://www.vlr.gg/318930/team-liquid-vs-team-heretics-champions-tour-2024-emea-stage-1-w4,AllMaps,Team Liquid,0,9,Team Heretics,2,26,Team Heretics
https://www.vlr.gg/318931/team-vitality-vs-gentle-mates-champions-tour-2024-emea-stage-1-w4,Icebox,Team Vitality,,5,Gentle Mates,,13,Gentle Mates
https://www.vlr.gg/318931/team-vitality-vs-gentle-mates-champions-tour-2024-emea-stage-1-w4,Sunset,Team Vitality,,5,Gentle Mates,,13,Gentle Mates
https://www.vlr.gg/318931/team-vitality-vs-gentle-mates-champions-tour-2024-emea-stage-1-w4,AllMaps,Team Vitality,0,10,Gentle Mates,2,26,Gentle Mates
https://www.vlr.gg/318932/fnatic-vs-fut-esports-champions-tour-2024-emea-stage-1-w4,Split,FNATIC,,7,FUT Esports,,13,FUT Esports
https://www.vlr.gg/318932/fnatic-vs-fut-esports-champions-tour-2024-emea-stage-1-w4,Lotus,FNATIC,,13,FUT Esports,,15,FUT Esports
https://www.vlr.gg/318932/fnatic-vs-fut-esports-champions-tour-2024-emea-stage-1-w4,AllMaps,FNATIC,0,20,FUT Esports,2,28,FUT Esports
https://www.vlr.gg/318933/bbl-esports-vs-natus-vincere-champions-tour-2024-emea-stage-1-w4,Ascent,BBL Esports,,8,Natus Vincere,,13,Natus Vincere
https://www.vlr.gg/318933/bbl-esports-vs-natus-vincere-champions-tour-2024-emea-stage-1-w4,Sunset,BBL Esports,,13,Natus Vincere,,8,BBL Esports
https://www.vlr.gg/318933/bbl-esports-vs-natus-vincere-champions-tour-2024-emea-stage-1-w4,Split,BBL Esports,,13,Natus Vincere,,9,BBL Esports
https://www.vlr.gg/318933/bbl-esports-vs-natus-vincere-champions-tour-2024-emea-stage-1-w4,AllMaps,BBL Esports,2,34,Natus Vincere,1,30,BBL Esports
https://www.vlr.gg/318934/team-vitality-vs-giantx-champions-tour-2024-emea-stage-1-w4,Lotus,Team Vitality,,14,GIANTX,,16,GIANTX
https://www.vlr.gg/318934/team-vitality-vs-giantx-champions-tour-2024-emea-stage-1-w4,Breeze,Team Vitality,,13,GIANTX,,7,Team Vitality
https://www.vlr.gg/318934/team-vitality-vs-giantx-champions-tour-2024-emea-stage-1-w4,Sunset,Team Vitality,,13,GIANTX,,6,Team Vitality
https://www.vlr.gg/318934/team-vitality-vs-giantx-champions-tour-2024-emea-stage-1-w4,AllMaps,Team Vitality,2,40,GIANTX,1,29,Team Vitality
https://www.vlr.gg/318935/karmine-corp-vs-koi-champions-tour-2024-emea-stage-1-w4,Sunset,Karmine Corp,,13,Movistar KOI(KOI),,7,Karmine Corp
https://www.vlr.gg/318935/karmine-corp-vs-koi-champions-tour-2024-emea-stage-1-w4,Icebox,Karmine Corp,,7,Movistar KOI(KOI),,13,Movistar KOI(KOI)
https://www.vlr.gg/318935/karmine-corp-vs-koi-champions-tour-2024-emea-stage-1-w4,Bind,Karmine Corp,,15,Movistar KOI(KOI),,13,Karmine Corp
https://www.vlr.gg/318935/karmine-corp-vs-koi-champions-tour-2024-emea-stage-1-w4,AllMaps,Karmine Corp,2,35,Movistar KOI(KOI),1,33,Karmine Corp
https://www.vlr.gg/318936/bbl-esports-vs-giantx-champions-tour-2024-emea-stage-1-w5,Bind,BBL Esports,,6,GIANTX,,13,GIANTX
https://www.vlr.gg/318936/bbl-esports-vs-giantx-champions-tour-2024-emea-stage-1-w5,Sunset,BBL Esports,,11,GIANTX,,13,GIANTX
https://www.vlr.gg/318936/bbl-esports-vs-giantx-champions-tour-2024-emea-stage-1-w5,AllMaps,BBL Esports,0,17,GIANTX,2,26,GIANTX
https://www.vlr.gg/318937/karmine-corp-vs-team-heretics-champions-tour-2024-emea-stage-1-w5,Icebox,Karmine Corp,,12,Team Heretics,,14,Team Heretics
https://www.vlr.gg/318937/karmine-corp-vs-team-heretics-champions-tour-2024-emea-stage-1-w5,Lotus,Karmine Corp,,13,Team Heretics,,5,Karmine Corp
https://www.vlr.gg/318937/karmine-corp-vs-team-heretics-champions-tour-2024-emea-stage-1-w5,Bind,Karmine Corp,,9,Team Heretics,,13,Team Heretics
https://www.vlr.gg/318937/karmine-corp-vs-team-heretics-champions-tour-2024-emea-stage-1-w5,AllMaps,Karmine Corp,1,34,Team Heretics,2,32,Team Heretics
https://www.vlr.gg/318938/team-vitality-vs-koi-champions-tour-2024-emea-stage-1-w5,Split,Team Vitality,,5,Movistar KOI(KOI),,13,Movistar KOI(KOI)
https://www.vlr.gg/318938/team-vitality-vs-koi-champions-tour-2024-emea-stage-1-w5,Breeze,Team Vitality,,13,Movistar KOI(KOI),,7,Team Vitality
https://www.vlr.gg/318938/team-vitality-vs-koi-champions-tour-2024-emea-stage-1-w5,Icebox,Team Vitality,,4,Movistar KOI(KOI),,13,Movistar KOI(KOI)
https://www.vlr.gg/318938/team-vitality-vs-koi-champions-tour-2024-emea-stage-1-w5,AllMaps,Team Vitality,1,22,Movistar KOI(KOI),2,33,Movistar KOI(KOI)
https://www.vlr.gg/318939/natus-vincere-vs-fnatic-champions-tour-2024-emea-stage-1-w5,Breeze,Natus Vincere,,6,FNATIC,,13,FNATIC
https://www.vlr.gg/318939/natus-vincere-vs-fnatic-champions-tour-2024-emea-stage-1-w5,Ascent,Natus Vincere,,13,FNATIC,,8,Natus Vincere
https://www.vlr.gg/318939/natus-vincere-vs-fnatic-champions-tour-2024-emea-stage-1-w5,Bind,Natus Vincere,,13,FNATIC,,3,Natus Vincere
https://www.vlr.gg/318939/natus-vincere-vs-fnatic-champions-tour-2024-emea-stage-1-w5,AllMaps,Natus Vincere,2,32,FNATIC,1,24,Natus Vincere
https://www.vlr.gg/318940/team-liquid-vs-gentle-mates-champions-tour-2024-emea-stage-1-w5,Lotus,Team Liquid,,13,Gentle Mates,,4,Team Liquid
https://www.vlr.gg/318940/team-liquid-vs-gentle-mates-champions-tour-2024-emea-stage-1-w5,Icebox,Team Liquid,,13,Gentle Mates,,2,Team Liquid
https://www.vlr.gg/318940/team-liquid-vs-gentle-mates-champions-tour-2024-emea-stage-1-w5,AllMaps,Team Liquid,2,26,Gentle Mates,0,6,Team Liquid
https://www.vlr.gg/318941/bbl-esports-vs-fut-esports-champions-tour-2024-emea-stage-1-w5,Bind,BBL Esports,,9,FUT Esports,,13,FUT Esports
https://www.vlr.gg/318941/bbl-esports-vs-fut-esports-champions-tour-2024-emea-stage-1-w5,Icebox,BBL Esports,,6,FUT Esports,,13,FUT Esports
https://www.vlr.gg/318941/bbl-esports-vs-fut-esports-champions-tour-2024-emea-stage-1-w5,AllMaps,BBL Esports,0,15,FUT Esports,2,26,FUT Esports
https://www.vlr.gg/318911/karmine-corp-vs-giantx-champions-tour-2024-emea-stage-1-w1,Breeze,Karmine Corp,,13,GIANTX,,4,Karmine Corp
https://www.vlr.gg/318911/karmine-corp-vs-giantx-champions-tour-2024-emea-stage-1-w1,Sunset,Karmine Corp,,13,GIANTX,,9,Karmine Corp
https://www.vlr.gg/318911/karmine-corp-vs-giantx-champions-tour-2024-emea-stage-1-w1,AllMaps,Karmine Corp,2,26,GIANTX,0,13,Karmine Corp
https://www.vlr.gg/318913/koi-vs-team-liquid-champions-tour-2024-emea-stage-1-w1,Split,Movistar KOI(KOI),,9,Team Liquid,,13,Team Liquid
https://www.vlr.gg/318913/koi-vs-team-liquid-champions-tour-2024-emea-stage-1-w1,Ascent,Movistar KOI(KOI),,7,Team Liquid,,13,Team Liquid
https://www.vlr.gg/318913/koi-vs-team-liquid-champions-tour-2024-emea-stage-1-w1,AllMaps,Movistar KOI(KOI),0,16,Team Liquid,2,26,Team Liquid
https://www.vlr.gg/318914/team-vitality-vs-natus-vincere-champions-tour-2024-emea-stage-1-w1,Bind,Team Vitality,,9,Natus Vincere,,13,Natus Vincere
https://www.vlr.gg/318914/team-vitality-vs-natus-vincere-champions-tour-2024-emea-stage-1-w1,Lotus,Team Vitality,,4,Natus Vincere,,13,Natus Vincere
https://www.vlr.gg/318914/team-vitality-vs-natus-vincere-champions-tour-2024-emea-stage-1-w1,AllMaps,Team Vitality,0,13,Natus Vincere,2,26,Natus Vincere
https://www.vlr.gg/318915/fnatic-vs-team-heretics-champions-tour-2024-emea-stage-1-w1,Icebox,FNATIC,,4,Team Heretics,,13,Team Heretics
https://www.vlr.gg/318915/fnatic-vs-team-heretics-champions-tour-2024-emea-stage-1-w1,Lotus,FNATIC,,15,Team Heretics,,17,Team Heretics
https://www.vlr.gg/318915/fnatic-vs-team-heretics-champions-tour-2024-emea-stage-1-w1,AllMaps,FNATIC,0,19,Team Heretics,2,30,Team Heretics
https://www.vlr.gg/318916/team-liquid-vs-fut-esports-champions-tour-2024-emea-stage-1-w1,Split,Team Liquid,,5,FUT Esports,,13,FUT Esports
https://www.vlr.gg/318916/team-liquid-vs-fut-esports-champions-tour-2024-emea-stage-1-w1,Icebox,Team Liquid,,8,FUT Esports,,13,FUT Esports
https://www.vlr.gg/318916/team-liquid-vs-fut-esports-champions-tour-2024-emea-stage-1-w1,AllMaps,Team Liquid,0,13,FUT Esports,2,26,FUT Esports
https://www.vlr.gg/318917/bbl-esports-vs-gentle-mates-champions-tour-2024-emea-stage-1-w1,Ascent,BBL Esports,,7,Gentle Mates,,13,Gentle Mates
https://www.vlr.gg/318917/bbl-esports-vs-gentle-mates-champions-tour-2024-emea-stage-1-w1,Sunset,BBL Esports,,11,Gentle Mates,,13,Gentle Mates
https://www.vlr.gg/318917/bbl-esports-vs-gentle-mates-champions-tour-2024-emea-stage-1-w1,AllMaps,BBL Esports,0,18,Gentle Mates,2,26,Gentle Mates
https://www.vlr.gg/318918/karmine-corp-vs-fut-esports-champions-tour-2024-emea-stage-1-w2,Bind,Karmine Corp,,13,FUT Esports,,11,Karmine Corp
https://www.vlr.gg/318918/karmine-corp-vs-fut-esports-champions-tour-2024-emea-stage-1-w2,Lotus,Karmine Corp,,8,FUT Esports,,13,FUT Esports
https://www.vlr.gg/318918/karmine-corp-vs-fut-esports-champions-tour-2024-emea-stage-1-w2,Breeze,Karmine Corp,,7,FUT Esports,,13,FUT Esports
https://www.vlr.gg/318918/karmine-corp-vs-fut-esports-champions-tour-2024-emea-stage-1-w2,AllMaps,Karmine Corp,1,28,FUT Esports,2,37,FUT Esports
https://www.vlr.gg/318919/team-vitality-vs-team-heretics-champions-tour-2024-emea-stage-1-w2,Breeze,Team Vitality,,13,Team Heretics,,9,Team Vitality
https://www.vlr.gg/318919/team-vitality-vs-team-heretics-champions-tour-2024-emea-stage-1-w2,Sunset,Team Vitality,,11,Team Heretics,,13,Team Heretics
https://www.vlr.gg/318919/team-vitality-vs-team-heretics-champions-tour-2024-emea-stage-1-w2,Icebox,Team Vitality,,13,Team Heretics,,9,Team Vitality
https://www.vlr.gg/318919/team-vitality-vs-team-heretics-champions-tour-2024-emea-stage-1-w2,AllMaps,Team Vitality,2,37,Team Heretics,1,31,Team Vitality
https://www.vlr.gg/318920/team-liquid-vs-natus-vincere-champions-tour-2024-emea-stage-1-w2,Lotus,Team Liquid,,13,Natus Vincere,,10,Team Liquid
https://www.vlr.gg/318920/team-liquid-vs-natus-vincere-champions-tour-2024-emea-stage-1-w2,Split,Team Liquid,,11,Natus Vincere,,13,Natus Vincere
https://www.vlr.gg/318920/team-liquid-vs-natus-vincere-champions-tour-2024-emea-stage-1-w2,Ascent,Team Liquid,,5,Natus Vincere,,13,Natus Vincere
https://www.vlr.gg/318920/team-liquid-vs-natus-vincere-champions-tour-2024-emea-stage-1-w2,AllMaps,Team Liquid,1,29,Natus Vincere,2,36,Natus Vincere
https://www.vlr.gg/318921/bbl-esports-vs-koi-champions-tour-2024-emea-stage-1-w2,Breeze,BBL Esports,,13,Movistar KOI(KOI),,4,BBL Esports
https://www.vlr.gg/318921/bbl-esports-vs-koi-champions-tour-2024-emea-stage-1-w2,Icebox,BBL Esports,,13,Movistar KOI(KOI),,3,BBL Esports
https://www.vlr.gg/318921/bbl-esports-vs-koi-champions-tour-2024-emea-stage-1-w2,AllMaps,BBL Esports,2,26,Movistar KOI(KOI),0,7,BBL Esports
https://www.vlr.gg/318922/fnatic-vs-giantx-champions-tour-2024-emea-stage-1-w2,Bind,FNATIC,,13,GIANTX,,5,FNATIC
https://www.vlr.gg/318922/fnatic-vs-giantx-champions-tour-2024-emea-stage-1-w2,Breeze,FNATIC,,5,GIANTX,,13,GIANTX
https://www.vlr.gg/318922/fnatic-vs-giantx-champions-tour-2024-emea-stage-1-w2,Split,FNATIC,,13,GIANTX,,7,FNATIC
https://www.vlr.gg/318922/fnatic-vs-giantx-champions-tour-2024-emea-stage-1-w2,AllMaps,FNATIC,2,31,GIANTX,1,25,FNATIC
https://www.vlr.gg/318923/karmine-corp-vs-gentle-mates-champions-tour-2024-emea-stage-1-w2,Split,Karmine Corp,,13,Gentle Mates,,6,Karmine Corp
https://www.vlr.gg/318923/karmine-corp-vs-gentle-mates-champions-tour-2024-emea-stage-1-w2,Icebox,Karmine Corp,,13,Gentle Mates,,6,Karmine Corp
https://www.vlr.gg/318923/karmine-corp-vs-gentle-mates-champions-tour-2024-emea-stage-1-w2,AllMaps,Karmine Corp,2,26,Gentle Mates,0,12,Karmine Corp
https://www.vlr.gg/318924/gentle-mates-vs-fnatic-champions-tour-2024-emea-stage-1-w3,Breeze,Gentle Mates,,6,FNATIC,,13,FNATIC
https://www.vlr.gg/318924/gentle-mates-vs-fnatic-champions-tour-2024-emea-stage-1-w3,Lotus,Gentle Mates,,4,FNATIC,,13,FNATIC
https://www.vlr.gg/318924/gentle-mates-vs-fnatic-champions-tour-2024-emea-stage-1-w3,AllMaps,Gentle Mates,0,10,FNATIC,2,26,FNATIC
https://www.vlr.gg/318925/karmine-corp-vs-natus-vincere-champions-tour-2024-emea-stage-1-w3,Bind,Karmine Corp,,13,Natus Vincere,,7,Karmine Corp
https://www.vlr.gg/318925/karmine-corp-vs-natus-vincere-champions-tour-2024-emea-stage-1-w3,Sunset,Karmine Corp,,7,Natus Vincere,,13,Natus Vincere
https://www.vlr.gg/318925/karmine-corp-vs-natus-vincere-champions-tour-2024-emea-stage-1-w3,Split,Karmine Corp,,6,Natus Vincere,,13,Natus Vincere
https://www.vlr.gg/318925/karmine-corp-vs-natus-vincere-champions-tour-2024-emea-stage-1-w3,AllMaps,Karmine Corp,1,26,Natus Vincere,2,33,Natus Vincere
https://www.vlr.gg/318926/bbl-esports-vs-team-heretics-champions-tour-2024-emea-stage-1-w3,Split,BBL Esports,,13,Team Heretics,,7,BBL Esports
https://www.vlr.gg/318926/bbl-esports-vs-team-heretics-champions-tour-2024-emea-stage-1-w3,Sunset,BBL Esports,,13,Team Heretics,,10,BBL Esports
https://www.vlr.gg/318926/bbl-esports-vs-team-heretics-champions-tour-2024-emea-stage-1-w3,AllMaps,BBL Esports,2,26,Team Heretics,0,17,BBL Esports
https://www.vlr.gg/318927/team-vitality-vs-fut-esports-champions-tour-2024-emea-stage-1-w3,Ascent,Team Vitality,,7,FUT Esports,,13,FUT Esports
https://www.vlr.gg/318927/team-vitality-vs-fut-esports-champions-tour-2024-emea-stage-1-w3,Icebox,Team Vitality,,13,FUT Esports,,9,Team Vitality
https://www.vlr.gg/318927/team-vitality-vs-fut-esports-champions-tour-2024-emea-stage-1-w3,Sunset,Team Vitality,,13,FUT Esports,,9,Team Vitality
https://www.vlr.gg/318927/team-vitality-vs-fut-esports-champions-tour-2024-emea-stage-1-w3,AllMaps,Team Vitality,2,33,FUT Esports,1,31,Team Vitality
https://www.vlr.gg/318928/team-liquid-vs-giantx-champions-tour-2024-emea-stage-1-w3,Lotus,Team Liquid,,14,GIANTX,,16,GIANTX
https://www.vlr.gg/318928/team-liquid-vs-giantx-champions-tour-2024-emea-stage-1-w3,Icebox,Team Liquid,,13,GIANTX,,7,Team Liquid
https://www.vlr.gg/318928/team-liquid-vs-giantx-champions-tour-2024-emea-stage-1-w3,Ascent,Team Liquid,,13,GIANTX,,11,Team Liquid
https://www.vlr.gg/318928/team-liquid-vs-giantx-champions-tour-2024-emea-stage-1-w3,AllMaps,Team Liquid,2,40,GIANTX,1,34,Team Liquid
https://www.vlr.gg/318929/fnatic-vs-koi-champions-tour-2024-emea-stage-1-w3,Bind,FNATIC,,13,Movistar KOI(KOI),,11,FNATIC
https://www.vlr.gg/318929/fnatic-vs-koi-champions-tour-2024-emea-stage-1-w3,Icebox,FNATIC,,13,Movistar KOI(KOI),,4,FNATIC
https://www.vlr.gg/318929/fnatic-vs-koi-champions-tour-2024-emea-stage-1-w3,AllMaps,FNATIC,2,26,Movistar KOI(KOI),0,15,FNATIC
https://www.vlr.gg/318930/team-liquid-vs-team-heretics-champions-tour-2024-emea-stage-1-w4,Sunset,Team Liquid,,2,Team Heretics,,13,Team Heretics
https://www.vlr.gg/318930/team-liquid-vs-team-heretics-champions-tour-2024-emea-stage-1-w4,Bind,Team Liquid,,7,Team Heretics,,13,Team Heretics
https://www.vlr.gg/318930/team-liquid-vs-team-heretics-champions-tour-2024-emea-stage-1-w4,AllMaps,Team Liquid,0,9,Team Heretics,2,26,Team Heretics
https://www.vlr.gg/318931/team-vitality-vs-gentle-mates-champions-tour-2024-emea-stage-1-w4,Icebox,Team Vitality,,5,Gentle Mates,,13,Gentle Mates
https://www.vlr.gg/318931/team-vitality-vs-gentle-mates-champions-tour-2024-emea-stage-1-w4,Sunset,Team Vitality,,5,Gentle Mates,,13,Gentle Mates
https://www.vlr.gg/318931/team-vitality-vs-gentle-mates-champions-tour-2024-emea-stage-1-w4,AllMaps,Team Vitality,0,10,Gentle Mates,2,26,Gentle Mates
https://www.vlr.gg/318932/fnatic-vs-fut-esports-champions-tour-2024-emea-stage-1-w4,Split,FNATIC,,7,FUT Esports,,13,FUT Esports
https://www.vlr.gg/318932/fnatic-vs-fut-esports-champions-tour-2024-emea-stage-1-w4,Lotus,FNATIC,,13,FUT Esports,,15,FUT Esports
https://www.vlr.gg/318932/fnatic-vs-fut-esports-champions-tour-2024-emea-stage-1-w4,AllMaps,FNATIC,0,20,FUT Esports,2,28,FUT Esports
https://www.vlr.gg/318933/bbl-esports-vs-natus-vincere-champions-tour-2024-emea-stage-1-w4,Ascent,BBL Esports,,8,Natus Vincere,,13,Natus Vincere
https://www.vlr.gg/318933/bbl-esports-vs-natus-vincere-champions-tour-2024-emea-stage-1-w4,Sunset,BBL Esports,,13,Natus Vincere,,8,BBL Esports
https://www.vlr.gg/318933/bbl-esports-vs-natus-vincere-champions-tour-2024-emea-stage-1-w4,Split,BBL Esports,,13,Natus Vincere,,9,BBL Esports
https://www.vlr.gg/318933/bbl-esports-vs-natus-vincere-champions-tour-2024-emea-stage-1-w4,AllMaps,BBL Esports,2,34,Natus Vincere,1,30,BBL Esports
https://www.vlr.gg/318934/team-vitality-vs-giantx-champions-tour-2024-emea-stage-1-w4,Lotus,Team Vitality,,14,GIANTX,,16,GIANTX
https://www.vlr.gg/318934/team-vitality-vs-giantx-champions-tour-2024-emea-stage-1-w4,Breeze,Team Vitality,,13,GIANTX,,7,Team Vitality
https://www.vlr.gg/318934/team-vitality-vs-giantx-champions-tour-2024-emea-stage-1-w4,Sunset,Team Vitality,,13,GIANTX,,6,Team Vitality
https://www.vlr.gg/318934/team-vitality-vs-giantx-champions-tour-2024-emea-stage-1-w4,AllMaps,Team Vitality,2,40,GIANTX,1,29,Team Vitality
https://www.vlr.gg/318935/karmine-corp-vs-koi-champions-tour-2024-emea-stage-1-w4,Sunset,Karmine Corp,,13,Movistar KOI(KOI),,7,Karmine Corp
https://www.vlr.gg/318935/karmine-corp-vs-koi-champions-tour-2024-emea-stage-1-w4,Icebox,Karmine Corp,,7,Movistar KOI(KOI),,13,Movistar KOI(KOI)
https://www.vlr.gg/318935/karmine-corp-vs-koi-champions-tour-2024-emea-stage-1-w4,Bind,Karmine Corp,,15,Movistar KOI(KOI),,13,Karmine Corp
https://www.vlr.gg/318935/karmine-corp-vs-koi-champions-tour-2024-emea-stage-1-w4,AllMaps,Karmine Corp,2,35,Movistar KOI(KOI),1,33,Karmine Corp
https://www.vlr.gg/318936/bbl-esports-vs-giantx-champions-tour-2024-emea-stage-1-w5,Bind,BBL Esports,,6,GIANTX,,13,GIANTX
https://www.vlr.gg/318936/bbl-esports-vs-giantx-champions-tour-2024-emea-stage-1-w5,Sunset,BBL Esports,,11,GIANTX,,13,GIANTX
https://www.vlr.gg/318936/bbl-esports-vs-giantx-champions-tour-2024-emea-stage-1-w5,AllMaps,BBL Esports,0,17,GIANTX,2,26,GIANTX
https://www.vlr.gg/318937/karmine-corp-vs-team-heretics-champions-tour-2024-emea-stage-1-w5,Icebox,Karmine Corp,,12,Team Heretics,,14,Team Heretics
https://www.vlr.gg/318937/karmine-corp-vs-team-heretics-champions-tour-2024-emea-stage-1-w5,Lotus,Karmine Corp,,13,Team Heretics,,5,Karmine Corp
https://www.vlr.gg/318937/karmine-corp-vs-team-heretics-champions-tour-2024-emea-stage-1-w5,Bind,Karmine Corp,,9,Team Heretics,,13,Team Heretics
https://www.vlr.gg/318937/karmine-corp-vs-team-heretics-champions-tour-2024-emea-stage-1-w5,AllMaps,Karmine Corp,1,34,Team Heretics,2,32,Team Heretics
https://www.vlr.gg/318938/team-vitality-vs-koi-champions-tour-2024-emea-stage-1-w5,Split,Team Vitality,,5,Movistar KOI(KOI),,13,Movistar KOI(KOI)
https://www.vlr.gg/318938/team-vitality-vs-koi-champions-tour-2024-emea-stage-1-w5,Breeze,Team Vitality,,13,Movistar KOI(KOI),,7,Team Vitality
https://www.vlr.gg/318938/team-vitality-vs-koi-champions-tour-2024-emea-stage-1-w5,Icebox,Team Vitality,,4,Movistar KOI(KOI),,13,Movistar KOI(KOI)
https://www.vlr.gg/318938/team-vitality-vs-koi-champions-tour-2024-emea-stage-1-w5,AllMaps,Team Vitality,1,22,Movistar KOI(KOI),2,33,Movistar KOI(KOI)
https://www.vlr.gg/318939/natus-vincere-vs-fnatic-champions-tour-2024-emea-stage-1-w5,Breeze,Natus Vincere,,6,FNATIC,,13,FNATIC
https://www.vlr.gg/318939/natus-vincere-vs-fnatic-champions-tour-2024-emea-stage-1-w5,Ascent,Natus Vincere,,13,FNATIC,,8,Natus Vincere
https://www.vlr.gg/318939/natus-vincere-vs-fnatic-champions-tour-2024-emea-stage-1-w5,Bind,Natus Vincere,,13,FNATIC,,3,Natus Vincere
https://www.vlr.gg/318939/natus-vincere-vs-fnatic-champions-tour-2024-emea-stage-1-w5,AllMaps,Natus Vincere,2,32,FNATIC,1,24,Natus Vincere
https://www.vlr.gg/318940/team-liquid-vs-gentle-mates-champions-tour-2024-emea-stage-1-w5,Lotus,Team Liquid,,13,Gentle Mates,,4,Team Liquid
https://www.vlr.gg/318940/team-liquid-vs-gentle-mates-champions-tour-2024-emea-stage-1-w5,Icebox,Team Liquid,,13,Gentle Mates,,2,Team Liquid
https://www.vlr.gg/318940/team-liquid-vs-gentle-mates-champions-tour-2024-emea-stage-1-w5,AllMaps,Team Liquid,2,26,Gentle Mates,0,6,Team Liquid
https://www.vlr.gg/318941/bbl-esports-vs-fut-esports-champions-tour-2024-emea-stage-1-w5,Bind,BBL Esports,,9,FUT Esports,,13,FUT Esports
https://www.vlr.gg/318941/bbl-esports-vs-fut-esports-champions-tour-2024-emea-stage-1-w5,Icebox,BBL Esports,,6,FUT Esports,,13,FUT Esports
https://www.vlr.gg/318941/bbl-esports-vs-fut-esports-champions-tour-2024-emea-stage-1-w5,AllMaps,BBL Esports,0,15,FUT Esports,2,26,FUT Esports
https://www.vlr.gg/341816/fnatic-vs-team-liquid-champions-tour-2024-emea-stage-1-knockout,Ascent,FNATIC,,13,Team Liquid,,11,FNATIC
https://www.vlr.gg/341816/fnatic-vs-team-liquid-champions-tour-2024-emea-stage-1-knockout,Icebox,FNATIC,,12,Team Liquid,,14,Team Liquid
https://www.vlr.gg/341816/fnatic-vs-team-liquid-champions-tour-2024-emea-stage-1-knockout,Lotus,FNATIC,,13,Team Liquid,,5,FNATIC
https://www.vlr.gg/341816/fnatic-vs-team-liquid-champions-tour-2024-emea-stage-1-knockout,AllMaps,FNATIC,2,38,Team Liquid,1,30,FNATIC
https://www.vlr.gg/341817/natus-vincere-vs-team-heretics-champions-tour-2024-emea-stage-1-knockout,Lotus,Natus Vincere,,11,Team Heretics,,13,Team Heretics
https://www.vlr.gg/341817/natus-vincere-vs-team-heretics-champions-tour-2024-emea-stage-1-knockout,Split,Natus Vincere,,9,Team Heretics,,13,Team Heretics
https://www.vlr.gg/341817/natus-vincere-vs-team-heretics-champions-tour-2024-emea-stage-1-knockout,AllMaps,Natus Vincere,0,20,Team Heretics,2,26,Team Heretics
https://www.vlr.gg/341818/karmine-corp-vs-fnatic-champions-tour-2024-emea-stage-1-ubsf,Breeze,Karmine Corp,,11,FNATIC,,13,FNATIC
https://www.vlr.gg/341818/karmine-corp-vs-fnatic-champions-tour-2024-emea-stage-1-ubsf,Bind,Karmine Corp,,9,FNATIC,,13,FNATIC
https://www.vlr.gg/341818/karmine-corp-vs-fnatic-champions-tour-2024-emea-stage-1-ubsf,AllMaps,Karmine Corp,0,20,FNATIC,2,26,FNATIC
https://www.vlr.gg/341819/fut-esports-vs-team-heretics-champions-tour-2024-emea-stage-1-ubsf,Lotus,FUT Esports,,10,Team Heretics,,13,Team Heretics
https://www.vlr.gg/341819/fut-esports-vs-team-heretics-champions-tour-2024-emea-stage-1-ubsf,Split,FUT Esports,,13,Team Heretics,,15,Team Heretics
https://www.vlr.gg/341819/fut-esports-vs-team-heretics-champions-tour-2024-emea-stage-1-ubsf,AllMaps,FUT Esports,0,23,Team Heretics,2,28,Team Heretics
https://www.vlr.gg/341822/karmine-corp-vs-fut-esports-champions-tour-2024-emea-stage-1-lr1,Icebox,Karmine Corp,,3,FUT Esports,,13,FUT Esports
https://www.vlr.gg/341822/karmine-corp-vs-fut-esports-champions-tour-2024-emea-stage-1-lr1,Sunset,Karmine Corp,,10,FUT Esports,,13,FUT Esports
https://www.vlr.gg/341822/karmine-corp-vs-fut-esports-champions-tour-2024-emea-stage-1-lr1,AllMaps,Karmine Corp,0,13,FUT Esports,2,26,FUT Esports
https://www.vlr.gg/341820/fnatic-vs-team-heretics-champions-tour-2024-emea-stage-1-ubf,Lotus,FNATIC,,13,Team Heretics,,15,Team Heretics
https://www.vlr.gg/341820/fnatic-vs-team-heretics-champions-tour-2024-emea-stage-1-ubf,Breeze,FNATIC,,4,Team Heretics,,13,Team Heretics
https://www.vlr.gg/341820/fnatic-vs-team-heretics-champions-tour-2024-emea-stage-1-ubf,AllMaps,FNATIC,0,17,Team Heretics,2,28,Team Heretics
https://www.vlr.gg/341823/fnatic-vs-fut-esports-champions-tour-2024-emea-stage-1-lbf,Icebox,FNATIC,,11,FUT Esports,,13,FUT Esports
https://www.vlr.gg/341823/fnatic-vs-fut-esports-champions-tour-2024-emea-stage-1-lbf,Bind,FNATIC,,13,FUT Esports,,6,FNATIC
https://www.vlr.gg/341823/fnatic-vs-fut-esports-champions-tour-2024-emea-stage-1-lbf,Breeze,FNATIC,,13,FUT Esports,,11,FNATIC
https://www.vlr.gg/341823/fnatic-vs-fut-esports-champions-tour-2024-emea-stage-1-lbf,Split,FNATIC,,14,FUT Esports,,12,FNATIC
https://www.vlr.gg/341823/fnatic-vs-fut-esports-champions-tour-2024-emea-stage-1-lbf,AllMaps,FNATIC,3,51,FUT Esports,1,42,FNATIC
https://www.vlr.gg/341821/team-heretics-vs-fnatic-champions-tour-2024-emea-stage-1-gf,Sunset,Team Heretics,,13,FNATIC,,7,Team Heretics
https://www.vlr.gg/341821/team-heretics-vs-fnatic-champions-tour-2024-emea-stage-1-gf,Bind,Team Heretics,,15,FNATIC,,13,Team Heretics
https://www.vlr.gg/341821/team-heretics-vs-fnatic-champions-tour-2024-emea-stage-1-gf,Lotus,Team Heretics,,8,FNATIC,,13,FNATIC
https://www.vlr.gg/341821/team-heretics-vs-fnatic-champions-tour-2024-emea-stage-1-gf,Split,Team Heretics,,5,FNATIC,,13,FNATIC
https://www.vlr.gg/341821/team-heretics-vs-fnatic-champions-tour-2024-emea-stage-1-gf,Breeze,Team Heretics,,8,FNATIC,,13,FNATIC
https://www.vlr.gg/341821/team-heretics-vs-fnatic-champions-tour-2024-emea-stage-1-gf,AllMaps,Team Heretics,2,49,FNATIC,3,59,FNATIC
https://www.vlr.gg/353154/bbl-esports-vs-fnatic-champions-tour-2024-emea-stage-2-w1,Ascent,BBL Esports,,9,FNATIC,,13,FNATIC
https://www.vlr.gg/353154/bbl-esports-vs-fnatic-champions-tour-2024-emea-stage-2-w1,Bind,BBL Esports,,13,FNATIC,,11,BBL Esports
https://www.vlr.gg/353154/bbl-esports-vs-fnatic-champions-tour-2024-emea-stage-2-w1,Lotus,BBL Esports,,11,FNATIC,,13,FNATIC
https://www.vlr.gg/353154/bbl-esports-vs-fnatic-champions-tour-2024-emea-stage-2-w1,AllMaps,BBL Esports,1,33,FNATIC,2,37,FNATIC
https://www.vlr.gg/353156/team-vitality-vs-team-liquid-champions-tour-2024-emea-stage-2-w1,Lotus,Team Vitality,,13,Team Liquid,,10,Team Vitality
https://www.vlr.gg/353156/team-vitality-vs-team-liquid-champions-tour-2024-emea-stage-2-w1,Icebox,Team Vitality,,17,Team Liquid,,15,Team Vitality
https://www.vlr.gg/353156/team-vitality-vs-team-liquid-champions-tour-2024-emea-stage-2-w1,AllMaps,Team Vitality,2,30,Team Liquid,0,25,Team Vitality
https://www.vlr.gg/353159/bbl-esports-vs-karmine-corp-champions-tour-2024-emea-stage-2-w1,Lotus,BBL Esports,,6,Karmine Corp,,13,Karmine Corp
https://www.vlr.gg/353159/bbl-esports-vs-karmine-corp-champions-tour-2024-emea-stage-2-w1,Sunset,BBL Esports,,5,Karmine Corp,,13,Karmine Corp
https://www.vlr.gg/353159/bbl-esports-vs-karmine-corp-champions-tour-2024-emea-stage-2-w1,AllMaps,BBL Esports,0,11,Karmine Corp,2,26,Karmine Corp
https://www.vlr.gg/353160/fnatic-vs-team-vitality-champions-tour-2024-emea-stage-2-w2,Haven,FNATIC,,13,Team Vitality,,6,FNATIC
https://www.vlr.gg/353160/fnatic-vs-team-vitality-champions-tour-2024-emea-stage-2-w2,Icebox,FNATIC,,6,Team Vitality,,13,Team Vitality
https://www.vlr.gg/353160/fnatic-vs-team-vitality-champions-tour-2024-emea-stage-2-w2,Lotus,FNATIC,,13,Team Vitality,,7,FNATIC
https://www.vlr.gg/353160/fnatic-vs-team-vitality-champions-tour-2024-emea-stage-2-w2,AllMaps,FNATIC,2,32,Team Vitality,1,26,FNATIC
https://www.vlr.gg/353162/bbl-esports-vs-team-liquid-champions-tour-2024-emea-stage-2-w2,Lotus,BBL Esports,,13,Team Liquid,,6,BBL Esports
https://www.vlr.gg/353162/bbl-esports-vs-team-liquid-champions-tour-2024-emea-stage-2-w2,Ascent,BBL Esports,,13,Team Liquid,,5,BBL Esports
https://www.vlr.gg/353162/bbl-esports-vs-team-liquid-champions-tour-2024-emea-stage-2-w2,AllMaps,BBL Esports,2,26,Team Liquid,0,11,BBL Esports
https://www.vlr.gg/353165/fnatic-vs-karmine-corp-champions-tour-2024-emea-stage-2-w2,Haven,FNATIC,,13,Karmine Corp,,3,FNATIC
https://www.vlr.gg/353165/fnatic-vs-karmine-corp-champions-tour-2024-emea-stage-2-w2,Lotus,FNATIC,,13,Karmine Corp,,8,FNATIC
https://www.vlr.gg/353165/fnatic-vs-karmine-corp-champions-tour-2024-emea-stage-2-w2,AllMaps,FNATIC,2,26,Karmine Corp,0,11,FNATIC
https://www.vlr.gg/353169/team-liquid-vs-karmine-corp-champions-tour-2024-emea-stage-2-w3,Bind,Team Liquid,,13,Karmine Corp,,11,Team Liquid
https://www.vlr.gg/353169/team-liquid-vs-karmine-corp-champions-tour-2024-emea-stage-2-w3,Sunset,Team Liquid,,13,Karmine Corp,,2,Team Liquid
https://www.vlr.gg/353169/team-liquid-vs-karmine-corp-champions-tour-2024-emea-stage-2-w3,AllMaps,Team Liquid,2,26,Karmine Corp,0,13,Team Liquid
https://www.vlr.gg/353170/bbl-esports-vs-team-vitality-champions-tour-2024-emea-stage-2-w3,Ascent,BBL Esports,,7,Team Vitality,,13,Team Vitality
https://www.vlr.gg/353170/bbl-esports-vs-team-vitality-champions-tour-2024-emea-stage-2-w3,Sunset,BBL Esports,,13,Team Vitality,,6,BBL Esports
https://www.vlr.gg/353170/bbl-esports-vs-team-vitality-champions-tour-2024-emea-stage-2-w3,Lotus,BBL Esports,,11,Team Vitality,,13,Team Vitality
https://www.vlr.gg/353170/bbl-esports-vs-team-vitality-champions-tour-2024-emea-stage-2-w3,AllMaps,BBL Esports,1,31,Team Vitality,2,32,Team Vitality
https://www.vlr.gg/353174/fnatic-vs-team-liquid-champions-tour-2024-emea-stage-2-w4,Icebox,FNATIC,,13,Team Liquid,,2,FNATIC
https://www.vlr.gg/353174/fnatic-vs-team-liquid-champions-tour-2024-emea-stage-2-w4,Haven,FNATIC,,13,Team Liquid,,9,FNATIC
https://www.vlr.gg/353174/fnatic-vs-team-liquid-champions-tour-2024-emea-stage-2-w4,AllMaps,FNATIC,2,26,Team Liquid,0,11,FNATIC
https://www.vlr.gg/353203/team-vitality-vs-karmine-corp-champions-tour-2024-emea-stage-2-w4,Icebox,Team Vitality,,13,Karmine Corp,,4,Team Vitality
https://www.vlr.gg/353203/team-vitality-vs-karmine-corp-champions-tour-2024-emea-stage-2-w4,Lotus,Team Vitality,,9,Karmine Corp,,13,Karmine Corp
https://www.vlr.gg/353203/team-vitality-vs-karmine-corp-champions-tour-2024-emea-stage-2-w4,Sunset,Team Vitality,,14,Karmine Corp,,12,Team Vitality
https://www.vlr.gg/353203/team-vitality-vs-karmine-corp-champions-tour-2024-emea-stage-2-w4,AllMaps,Team Vitality,2,36,Karmine Corp,1,29,Team Vitality
https://www.vlr.gg/353153/fut-esports-vs-koi-champions-tour-2024-emea-stage-2-w1,Split,FUT Esports,,13,KOI,,7,FUT Esports
https://www.vlr.gg/353153/fut-esports-vs-koi-champions-tour-2024-emea-stage-2-w1,Lotus,FUT Esports,,7,KOI,,13,KOI
https://www.vlr.gg/353153/fut-esports-vs-koi-champions-tour-2024-emea-stage-2-w1,Sunset,FUT Esports,,13,KOI,,6,FUT Esports
https://www.vlr.gg/353153/fut-esports-vs-koi-champions-tour-2024-emea-stage-2-w1,AllMaps,FUT Esports,2,33,KOI,1,26,FUT Esports
https://www.vlr.gg/353155/team-heretics-vs-natus-vincere-champions-tour-2024-emea-stage-2-w1,Sunset,Team Heretics,,13,Natus Vincere,,3,Team Heretics
https://www.vlr.gg/353155/team-heretics-vs-natus-vincere-champions-tour-2024-emea-stage-2-w1,Bind,Team Heretics,,13,Natus Vincere,,5,Team Heretics
https://www.vlr.gg/353155/team-heretics-vs-natus-vincere-champions-tour-2024-emea-stage-2-w1,AllMaps,Team Heretics,2,26,Natus Vincere,0,8,Team Heretics
https://www.vlr.gg/353157/giantx-vs-gentle-mates-champions-tour-2024-emea-stage-2-w1,Split,GIANTX,,1,Gentle Mates,,13,Gentle Mates
https://www.vlr.gg/353157/giantx-vs-gentle-mates-champions-tour-2024-emea-stage-2-w1,Sunset,GIANTX,,13,Gentle Mates,,11,GIANTX
https://www.vlr.gg/353157/giantx-vs-gentle-mates-champions-tour-2024-emea-stage-2-w1,Breeze,GIANTX,,13,Gentle Mates,,11,GIANTX
https://www.vlr.gg/353157/giantx-vs-gentle-mates-champions-tour-2024-emea-stage-2-w1,AllMaps,GIANTX,2,27,Gentle Mates,1,35,GIANTX
https://www.vlr.gg/353158/natus-vincere-vs-fut-esports-champions-tour-2024-emea-stage-2-w1,Ascent,Natus Vincere,,11,FUT Esports,,13,FUT Esports
https://www.vlr.gg/353158/natus-vincere-vs-fut-esports-champions-tour-2024-emea-stage-2-w1,Lotus,Natus Vincere,,5,FUT Esports,,13,FUT Esports
https://www.vlr.gg/353158/natus-vincere-vs-fut-esports-champions-tour-2024-emea-stage-2-w1,AllMaps,Natus Vincere,0,16,FUT Esports,2,26,FUT Esports
https://www.vlr.gg/353202/koi-vs-giantx-champions-tour-2024-emea-stage-2-w2,Sunset,KOI,,13,GIANTX,,5,KOI
https://www.vlr.gg/353202/koi-vs-giantx-champions-tour-2024-emea-stage-2-w2,Icebox,KOI,,14,GIANTX,,12,KOI
https://www.vlr.gg/353202/koi-vs-giantx-champions-tour-2024-emea-stage-2-w2,AllMaps,KOI,2,27,GIANTX,0,17,KOI
https://www.vlr.gg/353161/team-heretics-vs-fut-esports-champions-tour-2024-emea-stage-2-w2,Sunset,Team Heretics,,13,FUT Esports,,10,Team Heretics
https://www.vlr.gg/353161/team-heretics-vs-fut-esports-champions-tour-2024-emea-stage-2-w2,Split,Team Heretics,,13,FUT Esports,,6,Team Heretics
https://www.vlr.gg/353161/team-heretics-vs-fut-esports-champions-tour-2024-emea-stage-2-w2,AllMaps,Team Heretics,2,26,FUT Esports,0,16,Team Heretics
https://www.vlr.gg/353163/natus-vincere-vs-giantx-champions-tour-2024-emea-stage-2-w2,Lotus,Natus Vincere,,9,GIANTX,,13,GIANTX
https://www.vlr.gg/353163/natus-vincere-vs-giantx-champions-tour-2024-emea-stage-2-w2,Ascent,Natus Vincere,,8,GIANTX,,13,GIANTX
https://www.vlr.gg/353163/natus-vincere-vs-giantx-champions-tour-2024-emea-stage-2-w2,AllMaps,Natus Vincere,0,17,GIANTX,2,26,GIANTX
https://www.vlr.gg/353164/koi-vs-gentle-mates-champions-tour-2024-emea-stage-2-w2,Sunset,KOI,,11,Gentle Mates,,13,Gentle Mates
https://www.vlr.gg/353164/koi-vs-gentle-mates-champions-tour-2024-emea-stage-2-w2,Split,KOI,,11,Gentle Mates,,13,Gentle Mates
https://www.vlr.gg/353164/koi-vs-gentle-mates-champions-tour-2024-emea-stage-2-w2,AllMaps,KOI,0,22,Gentle Mates,2,26,Gentle Mates
https://www.vlr.gg/353166/team-heretics-vs-giantx-champions-tour-2024-emea-stage-2-w3,Bind,Team Heretics,,13,GIANTX,,9,Team Heretics
https://www.vlr.gg/353166/team-heretics-vs-giantx-champions-tour-2024-emea-stage-2-w3,Split,Team Heretics,,13,GIANTX,,15,GIANTX
https://www.vlr.gg/353166/team-heretics-vs-giantx-champions-tour-2024-emea-stage-2-w3,Haven,Team Heretics,,13,GIANTX,,9,Team Heretics
https://www.vlr.gg/353166/team-heretics-vs-giantx-champions-tour-2024-emea-stage-2-w3,AllMaps,Team Heretics,2,39,GIANTX,1,33,Team Heretics
https://www.vlr.gg/353167/fut-esports-vs-gentle-mates-champions-tour-2024-emea-stage-2-w3,Sunset,FUT Esports,,13,Gentle Mates,,8,FUT Esports
https://www.vlr.gg/353167/fut-esports-vs-gentle-mates-champions-tour-2024-emea-stage-2-w3,Split,FUT Esports,,13,Gentle Mates,,4,FUT Esports
https://www.vlr.gg/353167/fut-esports-vs-gentle-mates-champions-tour-2024-emea-stage-2-w3,AllMaps,FUT Esports,2,26,Gentle Mates,0,12,FUT Esports
https://www.vlr.gg/353168/koi-vs-natus-vincere-champions-tour-2024-emea-stage-2-w3,Split,KOI,,13,Natus Vincere,,10,KOI
https://www.vlr.gg/353168/koi-vs-natus-vincere-champions-tour-2024-emea-stage-2-w3,Icebox,KOI,,13,Natus Vincere,,6,KOI
https://www.vlr.gg/353168/koi-vs-natus-vincere-champions-tour-2024-emea-stage-2-w3,AllMaps,KOI,2,26,Natus Vincere,0,16,KOI
https://www.vlr.gg/353171/team-heretics-vs-gentle-mates-champions-tour-2024-emea-stage-2-w3,Sunset,Team Heretics,,13,Gentle Mates,,7,Team Heretics
https://www.vlr.gg/353171/team-heretics-vs-gentle-mates-champions-tour-2024-emea-stage-2-w3,Icebox,Team Heretics,,10,Gentle Mates,,13,Gentle Mates
https://www.vlr.gg/353171/team-heretics-vs-gentle-mates-champions-tour-2024-emea-stage-2-w3,Lotus,Team Heretics,,13,Gentle Mates,,5,Team Heretics
https://www.vlr.gg/353171/team-heretics-vs-gentle-mates-champions-tour-2024-emea-stage-2-w3,AllMaps,Team Heretics,2,36,Gentle Mates,1,25,Team Heretics
https://www.vlr.gg/353172/fut-esports-vs-giantx-champions-tour-2024-emea-stage-2-w4,Split,FUT Esports,,13,GIANTX,,4,FUT Esports
https://www.vlr.gg/353172/fut-esports-vs-giantx-champions-tour-2024-emea-stage-2-w4,Lotus,FUT Esports,,13,GIANTX,,6,FUT Esports
https://www.vlr.gg/353172/fut-esports-vs-giantx-champions-tour-2024-emea-stage-2-w4,AllMaps,FUT Esports,2,26,GIANTX,0,10,FUT Esports
https://www.vlr.gg/353173/team-heretics-vs-koi-champions-tour-2024-emea-stage-2-w4,Icebox,Team Heretics,,11,KOI,,13,KOI
https://www.vlr.gg/353173/team-heretics-vs-koi-champions-tour-2024-emea-stage-2-w4,Bind,Team Heretics,,13,KOI,,9,Team Heretics
https://www.vlr.gg/353173/team-heretics-vs-koi-champions-tour-2024-emea-stage-2-w4,Haven,Team Heretics,,13,KOI,,10,Team Heretics
https://www.vlr.gg/353173/team-heretics-vs-koi-champions-tour-2024-emea-stage-2-w4,AllMaps,Team Heretics,2,37,KOI,1,32,Team Heretics
https://www.vlr.gg/353175/natus-vincere-vs-gentle-mates-champions-tour-2024-emea-stage-2-w4,Sunset,Natus Vincere,,13,Gentle Mates,,7,Natus Vincere
https://www.vlr.gg/353175/natus-vincere-vs-gentle-mates-champions-tour-2024-emea-stage-2-w4,Ascent,Natus Vincere,,8,Gentle Mates,,13,Gentle Mates
https://www.vlr.gg/353175/natus-vincere-vs-gentle-mates-champions-tour-2024-emea-stage-2-w4,Split,Natus Vincere,,13,Gentle Mates,,11,Natus Vincere
https://www.vlr.gg/353175/natus-vincere-vs-gentle-mates-champions-tour-2024-emea-stage-2-w4,AllMaps,Natus Vincere,2,34,Gentle Mates,1,31,Natus Vincere
https://www.vlr.gg/371278/team-vitality-vs-natus-vincere-champions-tour-2024-emea-stage-2-ko,Haven,Team Vitality,,8,Natus Vincere,,13,Natus Vincere
https://www.vlr.gg/371278/team-vitality-vs-natus-vincere-champions-tour-2024-emea-stage-2-ko,Sunset,Team Vitality,,13,Natus Vincere,,5,Team Vitality
https://www.vlr.gg/371278/team-vitality-vs-natus-vincere-champions-tour-2024-emea-stage-2-ko,Ascent,Team Vitality,,13,Natus Vincere,,7,Team Vitality
https://www.vlr.gg/371278/team-vitality-vs-natus-vincere-champions-tour-2024-emea-stage-2-ko,AllMaps,Team Vitality,2,34,Natus Vincere,1,25,Team Vitality
https://www.vlr.gg/371279/fnatic-vs-karmine-corp-champions-tour-2024-emea-stage-2-ko,Icebox,FNATIC,,7,Karmine Corp,,13,Karmine Corp
https://www.vlr.gg/371279/fnatic-vs-karmine-corp-champions-tour-2024-emea-stage-2-ko,Sunset,FNATIC,,15,Karmine Corp,,13,FNATIC
https://www.vlr.gg/371279/fnatic-vs-karmine-corp-champions-tour-2024-emea-stage-2-ko,Lotus,FNATIC,,13,Karmine Corp,,6,FNATIC
https://www.vlr.gg/371279/fnatic-vs-karmine-corp-champions-tour-2024-emea-stage-2-ko,AllMaps,FNATIC,2,35,Karmine Corp,1,32,FNATIC
https://www.vlr.gg/371280/team-heretics-vs-team-vitality-champions-tour-2024-emea-stage-2-ubsf,Icebox,Team Heretics,,14,Team Vitality,,12,Team Heretics
https://www.vlr.gg/371280/team-heretics-vs-team-vitality-champions-tour-2024-emea-stage-2-ubsf,Sunset,Team Heretics,,10,Team Vitality,,13,Team Vitality
https://www.vlr.gg/371280/team-heretics-vs-team-vitality-champions-tour-2024-emea-stage-2-ubsf,Bind,Team Heretics,,12,Team Vitality,,14,Team Vitality
https://www.vlr.gg/371280/team-heretics-vs-team-vitality-champions-tour-2024-emea-stage-2-ubsf,AllMaps,Team Heretics,1,36,Team Vitality,2,39,Team Vitality
https://www.vlr.gg/371281/fut-esports-vs-fnatic-champions-tour-2024-emea-stage-2-ubsf,Sunset,FUT Esports,,13,FNATIC,,15,FNATIC
https://www.vlr.gg/371281/fut-esports-vs-fnatic-champions-tour-2024-emea-stage-2-ubsf,Haven,FUT Esports,,5,FNATIC,,13,FNATIC
https://www.vlr.gg/371281/fut-esports-vs-fnatic-champions-tour-2024-emea-stage-2-ubsf,AllMaps,FUT Esports,0,18,FNATIC,2,28,FNATIC
https://www.vlr.gg/371284/team-heretics-vs-fut-esports-champions-tour-2024-emea-stage-2-lr1,Abyss,Team Heretics,,13,FUT Esports,,10,Team Heretics
https://www.vlr.gg/371284/team-heretics-vs-fut-esports-champions-tour-2024-emea-stage-2-lr1,Sunset,Team Heretics,,13,FUT Esports,,11,Team Heretics
https://www.vlr.gg/371284/team-heretics-vs-fut-esports-champions-tour-2024-emea-stage-2-lr1,AllMaps,Team Heretics,2,26,FUT Esports,0,21,Team Heretics
https://www.vlr.gg/371282/team-vitality-vs-fnatic-champions-tour-2024-emea-stage-2-ubf,Lotus,Team Vitality,,11,FNATIC,,13,FNATIC
https://www.vlr.gg/371282/team-vitality-vs-fnatic-champions-tour-2024-emea-stage-2-ubf,Sunset,Team Vitality,,6,FNATIC,,13,FNATIC
https://www.vlr.gg/371282/team-vitality-vs-fnatic-champions-tour-2024-emea-stage-2-ubf,AllMaps,Team Vitality,0,17,FNATIC,2,26,FNATIC
https://www.vlr.gg/371285/team-vitality-vs-team-heretics-champions-tour-2024-emea-stage-2-lbf,Icebox,Team Vitality,,6,Team Heretics,,13,Team Heretics
https://www.vlr.gg/371285/team-vitality-vs-team-heretics-champions-tour-2024-emea-stage-2-lbf,Sunset,Team Vitality,,13,Team Heretics,,4,Team Vitality
https://www.vlr.gg/371285/team-vitality-vs-team-heretics-champions-tour-2024-emea-stage-2-lbf,Lotus,Team Vitality,,13,Team Heretics,,3,Team Vitality
https://www.vlr.gg/371285/team-vitality-vs-team-heretics-champions-tour-2024-emea-stage-2-lbf,Haven,Team Vitality,,13,Team Heretics,,9,Team Vitality
https://www.vlr.gg/371285/team-vitality-vs-team-heretics-champions-tour-2024-emea-stage-2-lbf,AllMaps,Team Vitality,3,45,Team Heretics,1,29,Team Vitality
https://www.vlr.gg/371283/fnatic-vs-team-vitality-champions-tour-2024-emea-stage-2-gf,Haven,FNATIC,,13,Team Vitality,,8,FNATIC
https://www.vlr.gg/371283/fnatic-vs-team-vitality-champions-tour-2024-emea-stage-2-gf,Ascent,FNATIC,,9,Team Vitality,,13,Team Vitality
https://www.vlr.gg/371283/fnatic-vs-team-vitality-champions-tour-2024-emea-stage-2-gf,Lotus,FNATIC,,13,Team Vitality,,9,FNATIC
https://www.vlr.gg/371283/fnatic-vs-team-vitality-champions-tour-2024-emea-stage-2-gf,Bind,FNATIC,,13,Team Vitality,,3,FNATIC
https://www.vlr.gg/371283/fnatic-vs-team-vitality-champions-tour-2024-emea-stage-2-gf,AllMaps,FNATIC,3,48,Team Vitality,1,33,FNATIC
https://www.vlr.gg/429379/team-liquid-vs-koi-champions-tour-2025-emea-kickoff-ur1,Fracture,Team Liquid,,10,Movistar KOI(KOI),,13,Movistar KOI(KOI)
https://www.vlr.gg/429379/team-liquid-vs-koi-champions-tour-2025-emea-kickoff-ur1,Abyss,Team Liquid,,13,Movistar KOI(KOI),,3,Team Liquid
https://www.vlr.gg/429379/team-liquid-vs-koi-champions-tour-2025-emea-kickoff-ur1,Bind,Team Liquid,,13,Movistar KOI(KOI),,10,Team Liquid
https://www.vlr.gg/429379/team-liquid-vs-koi-champions-tour-2025-emea-kickoff-ur1,AllMaps,Team Liquid,2,36,Movistar KOI(KOI),1,26,Team Liquid
https://www.vlr.gg/429380/karmine-corp-vs-natus-vincere-champions-tour-2025-emea-kickoff-ur1,Abyss,Karmine Corp,,10,Natus Vincere,,13,Natus Vincere
https://www.vlr.gg/429380/karmine-corp-vs-natus-vincere-champions-tour-2025-emea-kickoff-ur1,Bind,Karmine Corp,,13,Natus Vincere,,2,Karmine Corp
https://www.vlr.gg/429380/karmine-corp-vs-natus-vincere-champions-tour-2025-emea-kickoff-ur1,Lotus,Karmine Corp,,13,Natus Vincere,,6,Karmine Corp
https://www.vlr.gg/429380/karmine-corp-vs-natus-vincere-champions-tour-2025-emea-kickoff-ur1,AllMaps,Karmine Corp,2,36,Natus Vincere,1,21,Karmine Corp
https://www.vlr.gg/429381/bbl-esports-vs-giantx-champions-tour-2025-emea-kickoff-ur1,Lotus,BBL Esports,,13,GIANTX,,9,BBL Esports
https://www.vlr.gg/429381/bbl-esports-vs-giantx-champions-tour-2025-emea-kickoff-ur1,Haven,BBL Esports,,12,GIANTX,,14,GIANTX
https://www.vlr.gg/429381/bbl-esports-vs-giantx-champions-tour-2025-emea-kickoff-ur1,Pearl,BBL Esports,,13,GIANTX,,5,BBL Esports
https://www.vlr.gg/429381/bbl-esports-vs-giantx-champions-tour-2025-emea-kickoff-ur1,AllMaps,BBL Esports,2,38,GIANTX,1,28,BBL Esports
https://www.vlr.gg/429382/apeks-vs-gentle-mates-champions-tour-2025-emea-kickoff-ur1,Pearl,Apeks,,7,Gentle Mates,,13,Gentle Mates
https://www.vlr.gg/429382/apeks-vs-gentle-mates-champions-tour-2025-emea-kickoff-ur1,Haven,Apeks,,12,Gentle Mates,,14,Gentle Mates
https://www.vlr.gg/429382/apeks-vs-gentle-mates-champions-tour-2025-emea-kickoff-ur1,AllMaps,Apeks,0,19,Gentle Mates,2,27,Gentle Mates
https://www.vlr.gg/429391/gentle-mates-vs-koi-champions-tour-2025-emea-kickoff-lr1,Haven,Gentle Mates,,13,Movistar KOI(KOI),,3,Gentle Mates
https://www.vlr.gg/429391/gentle-mates-vs-koi-champions-tour-2025-emea-kickoff-lr1,Lotus,Gentle Mates,,7,Movistar KOI(KOI),,13,Movistar KOI(KOI)
https://www.vlr.gg/429391/gentle-mates-vs-koi-champions-tour-2025-emea-kickoff-lr1,Pearl,Gentle Mates,,13,Movistar KOI(KOI),,6,Gentle Mates
https://www.vlr.gg/429391/gentle-mates-vs-koi-champions-tour-2025-emea-kickoff-lr1,AllMaps,Gentle Mates,2,33,Movistar KOI(KOI),1,22,Gentle Mates
https://www.vlr.gg/429391/gentle-mates-vs-koi-champions-tour-2025-emea-kickoff-lr1,Haven,Gentle Mates,,13,Movistar KOI(KOI),,3,Gentle Mates
https://www.vlr.gg/429391/gentle-mates-vs-koi-champions-tour-2025-emea-kickoff-lr1,Lotus,Gentle Mates,,7,Movistar KOI(KOI),,13,Movistar KOI(KOI)
https://www.vlr.gg/429391/gentle-mates-vs-koi-champions-tour-2025-emea-kickoff-lr1,Pearl,Gentle Mates,,13,Movistar KOI(KOI),,6,Gentle Mates
https://www.vlr.gg/429391/gentle-mates-vs-koi-champions-tour-2025-emea-kickoff-lr1,AllMaps,Gentle Mates,2,33,Movistar KOI(KOI),1,22,Gentle Mates
https://www.vlr.gg/429393/karmine-corp-vs-giantx-champions-tour-2025-emea-kickoff-lr1,Bind,Karmine Corp,,14,GIANTX,,12,Karmine Corp
https://www.vlr.gg/429393/karmine-corp-vs-giantx-champions-tour-2025-emea-kickoff-lr1,Lotus,Karmine Corp,,8,GIANTX,,13,GIANTX
https://www.vlr.gg/429393/karmine-corp-vs-giantx-champions-tour-2025-emea-kickoff-lr1,Fracture,Karmine Corp,,10,GIANTX,,13,GIANTX
https://www.vlr.gg/429393/karmine-corp-vs-giantx-champions-tour-2025-emea-kickoff-lr1,AllMaps,Karmine Corp,1,32,GIANTX,2,38,GIANTX
https://www.vlr.gg/429394/team-liquid-vs-apeks-champions-tour-2025-emea-kickoff-lr1,Abyss,Team Liquid,,13,Apeks,,9,Team Liquid
https://www.vlr.gg/429394/team-liquid-vs-apeks-champions-tour-2025-emea-kickoff-lr1,Pearl,Team Liquid,,11,Apeks,,13,Apeks
https://www.vlr.gg/429394/team-liquid-vs-apeks-champions-tour-2025-emea-kickoff-lr1,Haven,Team Liquid,,13,Apeks,,6,Team Liquid
https://www.vlr.gg/429394/team-liquid-vs-apeks-champions-tour-2025-emea-kickoff-lr1,AllMaps,Team Liquid,2,37,Apeks,1,28,Team Liquid
https://www.vlr.gg/429383/fut-esports-vs-team-liquid-champions-tour-2025-emea-kickoff-ubqf,Pearl,FUT Esports,,13,Team Liquid,,7,FUT Esports
https://www.vlr.gg/429383/fut-esports-vs-team-liquid-champions-tour-2025-emea-kickoff-ubqf,Fracture,FUT Esports,,13,Team Liquid,,6,FUT Esports
https://www.vlr.gg/429383/fut-esports-vs-team-liquid-champions-tour-2025-emea-kickoff-ubqf,AllMaps,FUT Esports,2,26,Team Liquid,0,13,FUT Esports
https://www.vlr.gg/429384/team-vitality-vs-karmine-corp-champions-tour-2025-emea-kickoff-ubqf,Haven,Team Vitality,,13,Karmine Corp,,5,Team Vitality
https://www.vlr.gg/429384/team-vitality-vs-karmine-corp-champions-tour-2025-emea-kickoff-ubqf,Bind,Team Vitality,,9,Karmine Corp,,13,Karmine Corp
https://www.vlr.gg/429384/team-vitality-vs-karmine-corp-champions-tour-2025-emea-kickoff-ubqf,Abyss,Team Vitality,,17,Karmine Corp,,15,Team Vitality
https://www.vlr.gg/429384/team-vitality-vs-karmine-corp-champions-tour-2025-emea-kickoff-ubqf,AllMaps,Team Vitality,2,39,Karmine Corp,1,33,Team Vitality
https://www.vlr.gg/429385/fnatic-vs-bbl-esports-champions-tour-2025-emea-kickoff-ubqf,Abyss,FNATIC,,8,BBL Esports,,13,BBL Esports
https://www.vlr.gg/429385/fnatic-vs-bbl-esports-champions-tour-2025-emea-kickoff-ubqf,Fracture,FNATIC,,13,BBL Esports,,8,FNATIC
https://www.vlr.gg/429385/fnatic-vs-bbl-esports-champions-tour-2025-emea-kickoff-ubqf,Split,FNATIC,,10,BBL Esports,,13,BBL Esports
https://www.vlr.gg/429385/fnatic-vs-bbl-esports-champions-tour-2025-emea-kickoff-ubqf,AllMaps,FNATIC,1,31,BBL Esports,2,34,BBL Esports
https://www.vlr.gg/429386/team-heretics-vs-gentle-mates-champions-tour-2025-emea-kickoff-ubqf,Abyss,Team Heretics,,4,Gentle Mates,,13,Gentle Mates
https://www.vlr.gg/429386/team-heretics-vs-gentle-mates-champions-tour-2025-emea-kickoff-ubqf,Fracture,Team Heretics,,13,Gentle Mates,,3,Team Heretics
https://www.vlr.gg/429386/team-heretics-vs-gentle-mates-champions-tour-2025-emea-kickoff-ubqf,Pearl,Team Heretics,,13,Gentle Mates,,8,Team Heretics
https://www.vlr.gg/429386/team-heretics-vs-gentle-mates-champions-tour-2025-emea-kickoff-ubqf,AllMaps,Team Heretics,2,30,Gentle Mates,1,24,Team Heretics
https://www.vlr.gg/429395/gentle-mates-vs-fnatic-champions-tour-2025-emea-kickoff-lr2,Abyss,Gentle Mates,,5,FNATIC,,13,FNATIC
https://www.vlr.gg/429395/gentle-mates-vs-fnatic-champions-tour-2025-emea-kickoff-lr2,Fracture,Gentle Mates,,6,FNATIC,,13,FNATIC
https://www.vlr.gg/429395/gentle-mates-vs-fnatic-champions-tour-2025-emea-kickoff-lr2,AllMaps,Gentle Mates,0,11,FNATIC,2,26,FNATIC
https://www.vlr.gg/429396/giantx-vs-team-liquid-champions-tour-2025-emea-kickoff-lr2,Fracture,GIANTX,,8,Team Liquid,,13,Team Liquid
https://www.vlr.gg/429396/giantx-vs-team-liquid-champions-tour-2025-emea-kickoff-lr2,Split,GIANTX,,6,Team Liquid,,13,Team Liquid
https://www.vlr.gg/429396/giantx-vs-team-liquid-champions-tour-2025-emea-kickoff-lr2,AllMaps,GIANTX,0,14,Team Liquid,2,26,Team Liquid
https://www.vlr.gg/429387/fut-esports-vs-team-vitality-champions-tour-2025-emea-kickoff-ubsf,Bind,FUT Esports,,7,Team Vitality,,13,Team Vitality
https://www.vlr.gg/429387/fut-esports-vs-team-vitality-champions-tour-2025-emea-kickoff-ubsf,Split,FUT Esports,,4,Team Vitality,,13,Team Vitality
https://www.vlr.gg/429387/fut-esports-vs-team-vitality-champions-tour-2025-emea-kickoff-ubsf,AllMaps,FUT Esports,0,11,Team Vitality,2,26,Team Vitality
https://www.vlr.gg/429388/bbl-esports-vs-team-heretics-champions-tour-2025-emea-kickoff-ubsf,Pearl,BBL Esports,,11,Team Heretics,,13,Team Heretics
https://www.vlr.gg/429388/bbl-esports-vs-team-heretics-champions-tour-2025-emea-kickoff-ubsf,Lotus,BBL Esports,,7,Team Heretics,,13,Team Heretics
https://www.vlr.gg/429388/bbl-esports-vs-team-heretics-champions-tour-2025-emea-kickoff-ubsf,AllMaps,BBL Esports,0,18,Team Heretics,2,26,Team Heretics
https://www.vlr.gg/429397/fut-esports-vs-fnatic-champions-tour-2025-emea-kickoff-lr3,Abyss,FUT Esports,,13,FNATIC,,10,FUT Esports
https://www.vlr.gg/429397/fut-esports-vs-fnatic-champions-tour-2025-emea-kickoff-lr3,Fracture,FUT Esports,,13,FNATIC,,6,FUT Esports
https://www.vlr.gg/429397/fut-esports-vs-fnatic-champions-tour-2025-emea-kickoff-lr3,AllMaps,FUT Esports,2,26,FNATIC,0,16,FUT Esports
https://www.vlr.gg/429398/bbl-esports-vs-team-liquid-champions-tour-2025-emea-kickoff-lr3,Bind,BBL Esports,,11,Team Liquid,,13,Team Liquid
https://www.vlr.gg/429398/bbl-esports-vs-team-liquid-champions-tour-2025-emea-kickoff-lr3,Pearl,BBL Esports,,13,Team Liquid,,9,BBL Esports
https://www.vlr.gg/429398/bbl-esports-vs-team-liquid-champions-tour-2025-emea-kickoff-lr3,Split,BBL Esports,,10,Team Liquid,,13,Team Liquid
https://www.vlr.gg/429398/bbl-esports-vs-team-liquid-champions-tour-2025-emea-kickoff-lr3,AllMaps,BBL Esports,1,34,Team Liquid,2,35,Team Liquid
https://www.vlr.gg/429389/team-vitality-vs-team-heretics-champions-tour-2025-emea-kickoff-ubf,Haven,Team Vitality,,13,Team Heretics,,10,Team Vitality
https://www.vlr.gg/429389/team-vitality-vs-team-heretics-champions-tour-2025-emea-kickoff-ubf,Abyss,Team Vitality,,13,Team Heretics,,1,Team Vitality
https://www.vlr.gg/429389/team-vitality-vs-team-heretics-champions-tour-2025-emea-kickoff-ubf,AllMaps,Team Vitality,2,26,Team Heretics,0,11,Team Vitality
https://www.vlr.gg/429400/fut-esports-vs-team-liquid-champions-tour-2025-emea-kickoff-lr4,Abyss,FUT Esports,,7,Team Liquid,,13,Team Liquid
https://www.vlr.gg/429400/fut-esports-vs-team-liquid-champions-tour-2025-emea-kickoff-lr4,Bind,FUT Esports,,13,Team Liquid,,11,FUT Esports
https://www.vlr.gg/429400/fut-esports-vs-team-liquid-champions-tour-2025-emea-kickoff-lr4,Haven,FUT Esports,,4,Team Liquid,,13,Team Liquid
https://www.vlr.gg/429400/fut-esports-vs-team-liquid-champions-tour-2025-emea-kickoff-lr4,AllMaps,FUT Esports,1,24,Team Liquid,2,37,Team Liquid
https://www.vlr.gg/429401/team-heretics-vs-team-liquid-champions-tour-2025-emea-kickoff-lbf,Lotus,Team Heretics,,4,Team Liquid,,13,Team Liquid
https://www.vlr.gg/429401/team-heretics-vs-team-liquid-champions-tour-2025-emea-kickoff-lbf,Abyss,Team Heretics,,4,Team Liquid,,13,Team Liquid
https://www.vlr.gg/429401/team-heretics-vs-team-liquid-champions-tour-2025-emea-kickoff-lbf,Fracture,Team Heretics,,7,Team Liquid,,13,Team Liquid
https://www.vlr.gg/429401/team-heretics-vs-team-liquid-champions-tour-2025-emea-kickoff-lbf,AllMaps,Team Heretics,0,15,Team Liquid,3,39,Team Liquid
https://www.vlr.gg/429390/team-vitality-vs-team-liquid-champions-tour-2025-emea-kickoff-gf,Split,Team Vitality,,10,Team Liquid,,13,Team Liquid
https://www.vlr.gg/429390/team-vitality-vs-team-liquid-champions-tour-2025-emea-kickoff-gf,Haven,Team Vitality,,7,Team Liquid,,13,Team Liquid
https://www.vlr.gg/429390/team-vitality-vs-team-liquid-champions-tour-2025-emea-kickoff-gf,Lotus,Team Vitality,,13,Team Liquid,,6,Team Vitality
https://www.vlr.gg/429390/team-vitality-vs-team-liquid-champions-tour-2025-emea-kickoff-gf,Bind,Team Vitality,,13,Team Liquid,,7,Team Vitality
https://www.vlr.gg/429390/team-vitality-vs-team-liquid-champions-tour-2025-emea-kickoff-gf,Fracture,Team Vitality,,13,Team Liquid,,8,Team Vitality
https://www.vlr.gg/429390/team-vitality-vs-team-liquid-champions-tour-2025-emea-kickoff-gf,AllMaps,Team Vitality,3,56,Team Liquid,2,47,Team Vitality
https://www.vlr.gg/459826/team-vitality-vs-giantx-champions-tour-2025-emea-stage-1-w1,Split,Team Vitality,,13,GIANTX,,9,Team Vitality
https://www.vlr.gg/459826/team-vitality-vs-giantx-champions-tour-2025-emea-stage-1-w1,Lotus,Team Vitality,,13,GIANTX,,2,Team Vitality
https://www.vlr.gg/459826/team-vitality-vs-giantx-champions-tour-2025-emea-stage-1-w1,AllMaps,Team Vitality,2,26,GIANTX,0,11,Team Vitality
https://www.vlr.gg/459828/team-heretics-vs-apeks-champions-tour-2025-emea-stage-1-w1,Ascent,Team Heretics,,5,Apeks,,13,Apeks
https://www.vlr.gg/459828/team-heretics-vs-apeks-champions-tour-2025-emea-stage-1-w1,Split,Team Heretics,,13,Apeks,,8,Team Heretics
https://www.vlr.gg/459828/team-heretics-vs-apeks-champions-tour-2025-emea-stage-1-w1,Icebox,Team Heretics,,13,Apeks,,6,Team Heretics
https://www.vlr.gg/459828/team-heretics-vs-apeks-champions-tour-2025-emea-stage-1-w1,AllMaps,Team Heretics,2,31,Apeks,1,27,Team Heretics
https://www.vlr.gg/459830/fnatic-vs-natus-vincere-champions-tour-2025-emea-stage-1-w1,Split,FNATIC,,13,Natus Vincere,,5,FNATIC
https://www.vlr.gg/459830/fnatic-vs-natus-vincere-champions-tour-2025-emea-stage-1-w1,Fracture,FNATIC,,13,Natus Vincere,,11,FNATIC
https://www.vlr.gg/459830/fnatic-vs-natus-vincere-champions-tour-2025-emea-stage-1-w1,AllMaps,FNATIC,2,26,Natus Vincere,0,16,FNATIC
https://www.vlr.gg/459833/apeks-vs-natus-vincere-champions-tour-2025-emea-stage-1-w2,Lotus,Apeks,,13,Natus Vincere,,10,Apeks
https://www.vlr.gg/459833/apeks-vs-natus-vincere-champions-tour-2025-emea-stage-1-w2,Haven,Apeks,,11,Natus Vincere,,13,Natus Vincere
https://www.vlr.gg/459833/apeks-vs-natus-vincere-champions-tour-2025-emea-stage-1-w2,Split,Apeks,,6,Natus Vincere,,13,Natus Vincere
https://www.vlr.gg/459833/apeks-vs-natus-vincere-champions-tour-2025-emea-stage-1-w2,AllMaps,Apeks,1,30,Natus Vincere,2,36,Natus Vincere
https://www.vlr.gg/459835/team-heretics-vs-giantx-champions-tour-2025-emea-stage-1-w2,Haven,Team Heretics,,13,GIANTX,,3,Team Heretics
https://www.vlr.gg/459835/team-heretics-vs-giantx-champions-tour-2025-emea-stage-1-w2,Split,Team Heretics,,11,GIANTX,,13,GIANTX
https://www.vlr.gg/459835/team-heretics-vs-giantx-champions-tour-2025-emea-stage-1-w2,Lotus,Team Heretics,,13,GIANTX,,8,Team Heretics
https://www.vlr.gg/459835/team-heretics-vs-giantx-champions-tour-2025-emea-stage-1-w2,AllMaps,Team Heretics,2,37,GIANTX,1,24,Team Heretics
https://www.vlr.gg/459836/team-vitality-vs-fnatic-champions-tour-2025-emea-stage-1-w2,Split,Team Vitality,,18,FNATIC,,16,Team Vitality
https://www.vlr.gg/459836/team-vitality-vs-fnatic-champions-tour-2025-emea-stage-1-w2,Lotus,Team Vitality,,6,FNATIC,,13,FNATIC
https://www.vlr.gg/459836/team-vitality-vs-fnatic-champions-tour-2025-emea-stage-1-w2,Haven,Team Vitality,,10,FNATIC,,13,FNATIC
https://www.vlr.gg/459836/team-vitality-vs-fnatic-champions-tour-2025-emea-stage-1-w2,AllMaps,Team Vitality,1,34,FNATIC,2,42,FNATIC
https://www.vlr.gg/459840/natus-vincere-vs-giantx-champions-tour-2025-emea-stage-1-w3,Fracture,Natus Vincere,,9,GIANTX,,13,GIANTX
https://www.vlr.gg/459840/natus-vincere-vs-giantx-champions-tour-2025-emea-stage-1-w3,Pearl,Natus Vincere,,13,GIANTX,,7,Natus Vincere
https://www.vlr.gg/459840/natus-vincere-vs-giantx-champions-tour-2025-emea-stage-1-w3,Split,Natus Vincere,,13,GIANTX,,0,Natus Vincere
https://www.vlr.gg/459840/natus-vincere-vs-giantx-champions-tour-2025-emea-stage-1-w3,AllMaps,Natus Vincere,2,35,GIANTX,1,20,Natus Vincere
https://www.vlr.gg/459842/team-vitality-vs-team-heretics-champions-tour-2025-emea-stage-1-w3,Haven,Team Vitality,,10,Team Heretics,,13,Team Heretics
https://www.vlr.gg/459842/team-vitality-vs-team-heretics-champions-tour-2025-emea-stage-1-w3,Icebox,Team Vitality,,6,Team Heretics,,13,Team Heretics
https://www.vlr.gg/459842/team-vitality-vs-team-heretics-champions-tour-2025-emea-stage-1-w3,AllMaps,Team Vitality,0,16,Team Heretics,2,26,Team Heretics
https://www.vlr.gg/459843/apeks-vs-fnatic-champions-tour-2025-emea-stage-1-w3,Lotus,Apeks,,5,FNATIC,,13,FNATIC
https://www.vlr.gg/459843/apeks-vs-fnatic-champions-tour-2025-emea-stage-1-w3,Split,Apeks,,14,FNATIC,,16,FNATIC
https://www.vlr.gg/459843/apeks-vs-fnatic-champions-tour-2025-emea-stage-1-w3,AllMaps,Apeks,0,19,FNATIC,2,29,FNATIC
https://www.vlr.gg/459845/team-vitality-vs-apeks-champions-tour-2025-emea-stage-1-w4,Ascent,Team Vitality,,13,Apeks,,5,Team Vitality
https://www.vlr.gg/459845/team-vitality-vs-apeks-champions-tour-2025-emea-stage-1-w4,Lotus,Team Vitality,,13,Apeks,,10,Team Vitality
https://www.vlr.gg/459845/team-vitality-vs-apeks-champions-tour-2025-emea-stage-1-w4,AllMaps,Team Vitality,2,26,Apeks,0,15,Team Vitality
https://www.vlr.gg/459848/giantx-vs-fnatic-champions-tour-2025-emea-stage-1-w4,Ascent,GIANTX,,13,FNATIC,,10,GIANTX
https://www.vlr.gg/459848/giantx-vs-fnatic-champions-tour-2025-emea-stage-1-w4,Lotus,GIANTX,,5,FNATIC,,13,FNATIC
https://www.vlr.gg/459848/giantx-vs-fnatic-champions-tour-2025-emea-stage-1-w4,Haven,GIANTX,,10,FNATIC,,13,FNATIC
https://www.vlr.gg/459848/giantx-vs-fnatic-champions-tour-2025-emea-stage-1-w4,AllMaps,GIANTX,1,28,FNATIC,2,36,FNATIC
https://www.vlr.gg/459850/natus-vincere-vs-team-heretics-champions-tour-2025-emea-stage-1-w4,Haven,Natus Vincere,,3,Team Heretics,,13,Team Heretics
https://www.vlr.gg/459850/natus-vincere-vs-team-heretics-champions-tour-2025-emea-stage-1-w4,Pearl,Natus Vincere,,8,Team Heretics,,13,Team Heretics
https://www.vlr.gg/459850/natus-vincere-vs-team-heretics-champions-tour-2025-emea-stage-1-w4,AllMaps,Natus Vincere,0,11,Team Heretics,2,26,Team Heretics
https://www.vlr.gg/459853/giantx-vs-apeks-champions-tour-2025-emea-stage-1-w5,Lotus,GIANTX,,13,Apeks,,7,GIANTX
https://www.vlr.gg/459853/giantx-vs-apeks-champions-tour-2025-emea-stage-1-w5,Ascent,GIANTX,,13,Apeks,,9,GIANTX
https://www.vlr.gg/459853/giantx-vs-apeks-champions-tour-2025-emea-stage-1-w5,AllMaps,GIANTX,2,26,Apeks,0,16,GIANTX
https://www.vlr.gg/459855/team-vitality-vs-natus-vincere-champions-tour-2025-emea-stage-1-w5,Haven,Team Vitality,,5,Natus Vincere,,13,Natus Vincere
https://www.vlr.gg/459855/team-vitality-vs-natus-vincere-champions-tour-2025-emea-stage-1-w5,Icebox,Team Vitality,,11,Natus Vincere,,13,Natus Vincere
https://www.vlr.gg/459855/team-vitality-vs-natus-vincere-champions-tour-2025-emea-stage-1-w5,AllMaps,Team Vitality,0,16,Natus Vincere,2,26,Natus Vincere
https://www.vlr.gg/459857/fnatic-vs-team-heretics-champions-tour-2025-emea-stage-1-w5,Haven,FNATIC,,5,Team Heretics,,13,Team Heretics
https://www.vlr.gg/459857/fnatic-vs-team-heretics-champions-tour-2025-emea-stage-1-w5,Lotus,FNATIC,,10,Team Heretics,,13,Team Heretics
https://www.vlr.gg/459857/fnatic-vs-team-heretics-champions-tour-2025-emea-stage-1-w5,AllMaps,FNATIC,0,15,Team Heretics,2,26,Team Heretics
https://www.vlr.gg/459827/bbl-esports-vs-karmine-corp-champions-tour-2025-emea-stage-1-w1,Icebox,BBL Esports,,3,Karmine Corp,,13,Karmine Corp
https://www.vlr.gg/459827/bbl-esports-vs-karmine-corp-champions-tour-2025-emea-stage-1-w1,Pearl,BBL Esports,,13,Karmine Corp,,11,BBL Esports
https://www.vlr.gg/459827/bbl-esports-vs-karmine-corp-champions-tour-2025-emea-stage-1-w1,Fracture,BBL Esports,,13,Karmine Corp,,8,BBL Esports
https://www.vlr.gg/459827/bbl-esports-vs-karmine-corp-champions-tour-2025-emea-stage-1-w1,AllMaps,BBL Esports,2,29,Karmine Corp,1,32,BBL Esports
https://www.vlr.gg/459829/fut-esports-vs-koi-champions-tour-2025-emea-stage-1-w1,Pearl,FUT Esports,,13,Movistar KOI(KOI),,4,FUT Esports
https://www.vlr.gg/459829/fut-esports-vs-koi-champions-tour-2025-emea-stage-1-w1,Lotus,FUT Esports,,14,Movistar KOI(KOI),,12,FUT Esports
https://www.vlr.gg/459829/fut-esports-vs-koi-champions-tour-2025-emea-stage-1-w1,AllMaps,FUT Esports,2,27,Movistar KOI(KOI),0,16,FUT Esports
https://www.vlr.gg/459831/team-liquid-vs-gentle-mates-champions-tour-2025-emea-stage-1-w1,Split,Team Liquid,,13,Gentle Mates,,6,Team Liquid
https://www.vlr.gg/459831/team-liquid-vs-gentle-mates-champions-tour-2025-emea-stage-1-w1,Haven,Team Liquid,,12,Gentle Mates,,14,Gentle Mates
https://www.vlr.gg/459831/team-liquid-vs-gentle-mates-champions-tour-2025-emea-stage-1-w1,Icebox,Team Liquid,,6,Gentle Mates,,13,Gentle Mates
https://www.vlr.gg/459831/team-liquid-vs-gentle-mates-champions-tour-2025-emea-stage-1-w1,AllMaps,Team Liquid,1,31,Gentle Mates,2,33,Gentle Mates
https://www.vlr.gg/459832/team-liquid-vs-bbl-esports-champions-tour-2025-emea-stage-1-w2,Fracture,Team Liquid,,13,BBL Esports,,7,Team Liquid
https://www.vlr.gg/459832/team-liquid-vs-bbl-esports-champions-tour-2025-emea-stage-1-w2,Haven,Team Liquid,,4,BBL Esports,,13,BBL Esports
https://www.vlr.gg/459832/team-liquid-vs-bbl-esports-champions-tour-2025-emea-stage-1-w2,Ascent,Team Liquid,,13,BBL Esports,,4,Team Liquid
https://www.vlr.gg/459832/team-liquid-vs-bbl-esports-champions-tour-2025-emea-stage-1-w2,AllMaps,Team Liquid,2,30,BBL Esports,1,24,Team Liquid
https://www.vlr.gg/459834/fut-esports-vs-gentle-mates-champions-tour-2025-emea-stage-1-w2,Icebox,FUT Esports,,10,Gentle Mates,,13,Gentle Mates
https://www.vlr.gg/459834/fut-esports-vs-gentle-mates-champions-tour-2025-emea-stage-1-w2,Fracture,FUT Esports,,18,Gentle Mates,,16,FUT Esports
https://www.vlr.gg/459834/fut-esports-vs-gentle-mates-champions-tour-2025-emea-stage-1-w2,Lotus,FUT Esports,,13,Gentle Mates,,4,FUT Esports
https://www.vlr.gg/459834/fut-esports-vs-gentle-mates-champions-tour-2025-emea-stage-1-w2,AllMaps,FUT Esports,2,41,Gentle Mates,1,33,FUT Esports
https://www.vlr.gg/459837/koi-vs-karmine-corp-champions-tour-2025-emea-stage-1-w2,Lotus,Movistar KOI(KOI),,2,Karmine Corp,,13,Karmine Corp
https://www.vlr.gg/459837/koi-vs-karmine-corp-champions-tour-2025-emea-stage-1-w2,Icebox,Movistar KOI(KOI),,12,Karmine Corp,,14,Karmine Corp
https://www.vlr.gg/459837/koi-vs-karmine-corp-champions-tour-2025-emea-stage-1-w2,AllMaps,Movistar KOI(KOI),0,14,Karmine Corp,2,27,Karmine Corp
https://www.vlr.gg/459839/koi-vs-bbl-esports-champions-tour-2025-emea-stage-1-w3,Pearl,Movistar KOI(KOI),,6,BBL Esports,,13,BBL Esports
https://www.vlr.gg/459839/koi-vs-bbl-esports-champions-tour-2025-emea-stage-1-w3,Icebox,Movistar KOI(KOI),,9,BBL Esports,,13,BBL Esports
https://www.vlr.gg/459839/koi-vs-bbl-esports-champions-tour-2025-emea-stage-1-w3,AllMaps,Movistar KOI(KOI),0,15,BBL Esports,2,26,BBL Esports
https://www.vlr.gg/459841/team-liquid-vs-fut-esports-champions-tour-2025-emea-stage-1-w3,Lotus,Team Liquid,,13,FUT Esports,,1,Team Liquid
https://www.vlr.gg/459841/team-liquid-vs-fut-esports-champions-tour-2025-emea-stage-1-w3,Split,Team Liquid,,13,FUT Esports,,9,Team Liquid
https://www.vlr.gg/459841/team-liquid-vs-fut-esports-champions-tour-2025-emea-stage-1-w3,AllMaps,Team Liquid,2,26,FUT Esports,0,10,Team Liquid
https://www.vlr.gg/459844/karmine-corp-vs-gentle-mates-champions-tour-2025-emea-stage-1-w3,Haven,Karmine Corp,,14,Gentle Mates,,12,Karmine Corp
https://www.vlr.gg/459844/karmine-corp-vs-gentle-mates-champions-tour-2025-emea-stage-1-w3,Pearl,Karmine Corp,,13,Gentle Mates,,2,Karmine Corp
https://www.vlr.gg/459844/karmine-corp-vs-gentle-mates-champions-tour-2025-emea-stage-1-w3,AllMaps,Karmine Corp,2,27,Gentle Mates,0,14,Karmine Corp
https://www.vlr.gg/459846/team-liquid-vs-koi-champions-tour-2025-emea-stage-1-w4,Split,Team Liquid,,13,Movistar KOI(KOI),,5,Team Liquid
https://www.vlr.gg/459846/team-liquid-vs-koi-champions-tour-2025-emea-stage-1-w4,Lotus,Team Liquid,,13,Movistar KOI(KOI),,9,Team Liquid
https://www.vlr.gg/459846/team-liquid-vs-koi-champions-tour-2025-emea-stage-1-w4,AllMaps,Team Liquid,2,26,Movistar KOI(KOI),0,14,Team Liquid
https://www.vlr.gg/459847/gentle-mates-vs-bbl-esports-champions-tour-2025-emea-stage-1-w4,Lotus,Gentle Mates,,12,BBL Esports,,14,BBL Esports
https://www.vlr.gg/459847/gentle-mates-vs-bbl-esports-champions-tour-2025-emea-stage-1-w4,Haven,Gentle Mates,,2,BBL Esports,,13,BBL Esports
https://www.vlr.gg/459847/gentle-mates-vs-bbl-esports-champions-tour-2025-emea-stage-1-w4,AllMaps,Gentle Mates,0,14,BBL Esports,2,27,BBL Esports
https://www.vlr.gg/459849/karmine-corp-vs-fut-esports-champions-tour-2025-emea-stage-1-w4,Lotus,Karmine Corp,,5,FUT Esports,,13,FUT Esports
https://www.vlr.gg/459849/karmine-corp-vs-fut-esports-champions-tour-2025-emea-stage-1-w4,Ascent,Karmine Corp,,11,FUT Esports,,13,FUT Esports
https://www.vlr.gg/459849/karmine-corp-vs-fut-esports-champions-tour-2025-emea-stage-1-w4,Pearl,Karmine Corp,,14,FUT Esports,,12,Karmine Corp
https://www.vlr.gg/459849/karmine-corp-vs-fut-esports-champions-tour-2025-emea-stage-1-w4,AllMaps,Karmine Corp,1,30,FUT Esports,2,38,FUT Esports
https://www.vlr.gg/459852/bbl-esports-vs-fut-esports-champions-tour-2025-emea-stage-1-w5,Ascent,BBL Esports,,25,FUT Esports,,23,BBL Esports
https://www.vlr.gg/459852/bbl-esports-vs-fut-esports-champions-tour-2025-emea-stage-1-w5,Icebox,BBL Esports,,13,FUT Esports,,11,BBL Esports
https://www.vlr.gg/459852/bbl-esports-vs-fut-esports-champions-tour-2025-emea-stage-1-w5,AllMaps,BBL Esports,2,38,FUT Esports,0,34,BBL Esports
https://www.vlr.gg/459854/gentle-mates-vs-koi-champions-tour-2025-emea-stage-1-w5,Split,Gentle Mates,,13,Movistar KOI(KOI),,11,Gentle Mates
https://www.vlr.gg/459854/gentle-mates-vs-koi-champions-tour-2025-emea-stage-1-w5,Icebox,Gentle Mates,,6,Movistar KOI(KOI),,13,Movistar KOI(KOI)
https://www.vlr.gg/459854/gentle-mates-vs-koi-champions-tour-2025-emea-stage-1-w5,Fracture,Gentle Mates,,9,Movistar KOI(KOI),,13,Movistar KOI(KOI)
https://www.vlr.gg/459854/gentle-mates-vs-koi-champions-tour-2025-emea-stage-1-w5,AllMaps,Gentle Mates,1,28,Movistar KOI(KOI),2,37,Movistar KOI(KOI)
https://www.vlr.gg/459856/team-liquid-vs-karmine-corp-champions-tour-2025-emea-stage-1-w5,Icebox,Team Liquid,,9,Karmine Corp,,13,Karmine Corp
https://www.vlr.gg/459856/team-liquid-vs-karmine-corp-champions-tour-2025-emea-stage-1-w5,Lotus,Team Liquid,,13,Karmine Corp,,6,Team Liquid
https://www.vlr.gg/459856/team-liquid-vs-karmine-corp-champions-tour-2025-emea-stage-1-w5,Split,Team Liquid,,13,Karmine Corp,,6,Team Liquid
https://www.vlr.gg/459856/team-liquid-vs-karmine-corp-champions-tour-2025-emea-stage-1-w5,AllMaps,Team Liquid,2,35,Karmine Corp,1,25,Team Liquid
https://www.vlr.gg/482503/bbl-esports-vs-natus-vincere-champions-tour-2025-emea-stage-1-playoffs-ubr1,Lotus,BBL Esports,,13,Natus Vincere,,9,BBL Esports
https://www.vlr.gg/482503/bbl-esports-vs-natus-vincere-champions-tour-2025-emea-stage-1-playoffs-ubr1,Fracture,BBL Esports,,13,Natus Vincere,,10,BBL Esports
https://www.vlr.gg/482503/bbl-esports-vs-natus-vincere-champions-tour-2025-emea-stage-1-playoffs-ubr1,AllMaps,BBL Esports,2,26,Natus Vincere,0,19,BBL Esports
https://www.vlr.gg/482504/fnatic-vs-fut-esports-champions-tour-2025-emea-stage-1-playoffs-ubr1,Split,FNATIC,,13,FUT Esports,,8,FNATIC
https://www.vlr.gg/482504/fnatic-vs-fut-esports-champions-tour-2025-emea-stage-1-playoffs-ubr1,Lotus,FNATIC,,13,FUT Esports,,6,FNATIC
https://www.vlr.gg/482504/fnatic-vs-fut-esports-champions-tour-2025-emea-stage-1-playoffs-ubr1,AllMaps,FNATIC,2,26,FUT Esports,0,14,FNATIC
https://www.vlr.gg/482505/natus-vincere-vs-karmine-corp-champions-tour-2025-emea-stage-1-playoffs-lr1,Icebox,Natus Vincere,,12,Karmine Corp,,14,Karmine Corp
https://www.vlr.gg/482505/natus-vincere-vs-karmine-corp-champions-tour-2025-emea-stage-1-playoffs-lr1,Split,Natus Vincere,,13,Karmine Corp,,11,Natus Vincere
https://www.vlr.gg/482505/natus-vincere-vs-karmine-corp-champions-tour-2025-emea-stage-1-playoffs-lr1,Ascent,Natus Vincere,,13,Karmine Corp,,11,Natus Vincere
https://www.vlr.gg/482505/natus-vincere-vs-karmine-corp-champions-tour-2025-emea-stage-1-playoffs-lr1,AllMaps,Natus Vincere,2,38,Karmine Corp,1,36,Natus Vincere
https://www.vlr.gg/482506/fut-esports-vs-team-vitality-champions-tour-2025-emea-stage-1-playoffs-lr1,Split,FUT Esports,,13,Team Vitality,,6,FUT Esports
https://www.vlr.gg/482506/fut-esports-vs-team-vitality-champions-tour-2025-emea-stage-1-playoffs-lr1,Fracture,FUT Esports,,13,Team Vitality,,7,FUT Esports
https://www.vlr.gg/482506/fut-esports-vs-team-vitality-champions-tour-2025-emea-stage-1-playoffs-lr1,AllMaps,FUT Esports,2,26,Team Vitality,0,13,FUT Esports
https://www.vlr.gg/482507/team-heretics-vs-bbl-esports-champions-tour-2025-emea-stage-1-playoffs-ubsf,Icebox,Team Heretics,,14,BBL Esports,,12,Team Heretics
https://www.vlr.gg/482507/team-heretics-vs-bbl-esports-champions-tour-2025-emea-stage-1-playoffs-ubsf,Ascent,Team Heretics,,13,BBL Esports,,10,Team Heretics
https://www.vlr.gg/482507/team-heretics-vs-bbl-esports-champions-tour-2025-emea-stage-1-playoffs-ubsf,AllMaps,Team Heretics,2,27,BBL Esports,0,22,Team Heretics
https://www.vlr.gg/482508/team-liquid-vs-fnatic-champions-tour-2025-emea-stage-1-playoffs-ubsf,Split,Team Liquid,,10,FNATIC,,13,FNATIC
https://www.vlr.gg/482508/team-liquid-vs-fnatic-champions-tour-2025-emea-stage-1-playoffs-ubsf,Icebox,Team Liquid,,13,FNATIC,,11,Team Liquid
https://www.vlr.gg/482508/team-liquid-vs-fnatic-champions-tour-2025-emea-stage-1-playoffs-ubsf,Fracture,Team Liquid,,12,FNATIC,,14,FNATIC
https://www.vlr.gg/482508/team-liquid-vs-fnatic-champions-tour-2025-emea-stage-1-playoffs-ubsf,AllMaps,Team Liquid,1,35,FNATIC,2,38,FNATIC
https://www.vlr.gg/482509/team-liquid-vs-natus-vincere-champions-tour-2025-emea-stage-1-playoffs-lr2,Icebox,Team Liquid,,11,Natus Vincere,,13,Natus Vincere
https://www.vlr.gg/482509/team-liquid-vs-natus-vincere-champions-tour-2025-emea-stage-1-playoffs-lr2,Split,Team Liquid,,13,Natus Vincere,,4,Team Liquid
https://www.vlr.gg/482509/team-liquid-vs-natus-vincere-champions-tour-2025-emea-stage-1-playoffs-lr2,Ascent,Team Liquid,,13,Natus Vincere,,8,Team Liquid
https://www.vlr.gg/482509/team-liquid-vs-natus-vincere-champions-tour-2025-emea-stage-1-playoffs-lr2,AllMaps,Team Liquid,2,37,Natus Vincere,1,25,Team Liquid
https://www.vlr.gg/482510/bbl-esports-vs-fut-esports-champions-tour-2025-emea-stage-1-playoffs-lr2,Ascent,BBL Esports,,13,FUT Esports,,10,BBL Esports
https://www.vlr.gg/482510/bbl-esports-vs-fut-esports-champions-tour-2025-emea-stage-1-playoffs-lr2,Split,BBL Esports,,13,FUT Esports,,2,BBL Esports
https://www.vlr.gg/482510/bbl-esports-vs-fut-esports-champions-tour-2025-emea-stage-1-playoffs-lr2,Haven,BBL Esports,,12,FUT Esports,,14,FUT Esports
https://www.vlr.gg/482510/bbl-esports-vs-fut-esports-champions-tour-2025-emea-stage-1-playoffs-lr2,AllMaps,BBL Esports,2,38,FUT Esports,1,26,BBL Esports
https://www.vlr.gg/482515/team-heretics-vs-fnatic-champions-tour-2025-emea-stage-1-playoffs-ubf,Fracture,Team Heretics,,6,FNATIC,,13,FNATIC
https://www.vlr.gg/482515/team-heretics-vs-fnatic-champions-tour-2025-emea-stage-1-playoffs-ubf,Icebox,Team Heretics,,8,FNATIC,,13,FNATIC
https://www.vlr.gg/482515/team-heretics-vs-fnatic-champions-tour-2025-emea-stage-1-playoffs-ubf,AllMaps,Team Heretics,0,14,FNATIC,2,26,FNATIC
https://www.vlr.gg/482511/team-liquid-vs-bbl-esports-champions-tour-2025-emea-stage-1-playoffs-lr3,Haven,Team Liquid,,13,BBL Esports,,11,Team Liquid
https://www.vlr.gg/482511/team-liquid-vs-bbl-esports-champions-tour-2025-emea-stage-1-playoffs-lr3,Split,Team Liquid,,7,BBL Esports,,13,BBL Esports
https://www.vlr.gg/482511/team-liquid-vs-bbl-esports-champions-tour-2025-emea-stage-1-playoffs-lr3,Fracture,Team Liquid,,13,BBL Esports,,8,Team Liquid
https://www.vlr.gg/482511/team-liquid-vs-bbl-esports-champions-tour-2025-emea-stage-1-playoffs-lr3,AllMaps,Team Liquid,2,33,BBL Esports,1,32,Team Liquid
https://www.vlr.gg/482512/team-heretics-vs-team-liquid-champions-tour-2025-emea-stage-1-playoffs-lbf,Haven,Team Heretics,,13,Team Liquid,,3,Team Heretics
https://www.vlr.gg/482512/team-heretics-vs-team-liquid-champions-tour-2025-emea-stage-1-playoffs-lbf,Ascent,Team Heretics,,13,Team Liquid,,10,Team Heretics
https://www.vlr.gg/482512/team-heretics-vs-team-liquid-champions-tour-2025-emea-stage-1-playoffs-lbf,Icebox,Team Heretics,,13,Team Liquid,,2,Team Heretics
https://www.vlr.gg/482512/team-heretics-vs-team-liquid-champions-tour-2025-emea-stage-1-playoffs-lbf,AllMaps,Team Heretics,3,39,Team Liquid,0,15,Team Heretics
https://www.vlr.gg/482513/fnatic-vs-team-heretics-champions-tour-2025-emea-stage-1-playoffs-gf,Split,FNATIC,,13,Team Heretics,,4,FNATIC
https://www.vlr.gg/482513/fnatic-vs-team-heretics-champions-tour-2025-emea-stage-1-playoffs-gf,Icebox,FNATIC,,13,Team Heretics,,9,FNATIC
https://www.vlr.gg/482513/fnatic-vs-team-heretics-champions-tour-2025-emea-stage-1-playoffs-gf,Fracture,FNATIC,,14,Team Heretics,,12,FNATIC
https://www.vlr.gg/482513/fnatic-vs-team-heretics-champions-tour-2025-emea-stage-1-playoffs-gf,AllMaps,FNATIC,3,40,Team Heretics,0,25,FNATIC
https://www.vlr.gg/511544/team-vitality-vs-giantx-vct-2025-emea-stage-2-w1,Sunset,Team Vitality,,10,GIANTX,,13,GIANTX
https://www.vlr.gg/511544/team-vitality-vs-giantx-vct-2025-emea-stage-2-w1,Bind,Team Vitality,,11,GIANTX,,13,GIANTX
https://www.vlr.gg/511544/team-vitality-vs-giantx-vct-2025-emea-stage-2-w1,AllMaps,Team Vitality,0,21,GIANTX,2,26,GIANTX
https://www.vlr.gg/511545/fut-esports-vs-gentle-mates-vct-2025-emea-stage-2-w1,Bind,FUT Esports,,7,Gentle Mates,,13,Gentle Mates
https://www.vlr.gg/511545/fut-esports-vs-gentle-mates-vct-2025-emea-stage-2-w1,Sunset,FUT Esports,,13,Gentle Mates,,5,FUT Esports
https://www.vlr.gg/511545/fut-esports-vs-gentle-mates-vct-2025-emea-stage-2-w1,Lotus,FUT Esports,,16,Gentle Mates,,14,FUT Esports
https://www.vlr.gg/511545/fut-esports-vs-gentle-mates-vct-2025-emea-stage-2-w1,AllMaps,FUT Esports,2,36,Gentle Mates,1,32,FUT Esports
https://www.vlr.gg/511547/team-heretics-vs-bbl-esports-vct-2025-emea-stage-2-w1,Icebox,Team Heretics,,5,BBL Esports,,13,BBL Esports
https://www.vlr.gg/511547/team-heretics-vs-bbl-esports-vct-2025-emea-stage-2-w1,Haven,Team Heretics,,13,BBL Esports,,9,Team Heretics
https://www.vlr.gg/511547/team-heretics-vs-bbl-esports-vct-2025-emea-stage-2-w1,Sunset,Team Heretics,,13,BBL Esports,,11,Team Heretics
https://www.vlr.gg/511547/team-heretics-vs-bbl-esports-vct-2025-emea-stage-2-w1,AllMaps,Team Heretics,2,31,BBL Esports,1,33,Team Heretics
https://www.vlr.gg/511550/giantx-vs-bbl-esports-vct-2025-emea-stage-2-w2,Icebox,GIANTX,,13,BBL Esports,,7,GIANTX
https://www.vlr.gg/511550/giantx-vs-bbl-esports-vct-2025-emea-stage-2-w2,Lotus,GIANTX,,11,BBL Esports,,13,BBL Esports
https://www.vlr.gg/511550/giantx-vs-bbl-esports-vct-2025-emea-stage-2-w2,Corrode,GIANTX,,13,BBL Esports,,11,GIANTX
https://www.vlr.gg/511550/giantx-vs-bbl-esports-vct-2025-emea-stage-2-w2,AllMaps,GIANTX,2,37,BBL Esports,1,31,GIANTX
https://www.vlr.gg/511552/gentle-mates-vs-team-heretics-vct-2025-emea-stage-2-w2,Corrode,Gentle Mates,,12,Team Heretics,,14,Team Heretics
https://www.vlr.gg/511552/gentle-mates-vs-team-heretics-vct-2025-emea-stage-2-w2,Ascent,Gentle Mates,,14,Team Heretics,,12,Gentle Mates
https://www.vlr.gg/511552/gentle-mates-vs-team-heretics-vct-2025-emea-stage-2-w2,Bind,Gentle Mates,,5,Team Heretics,,13,Team Heretics
https://www.vlr.gg/511552/gentle-mates-vs-team-heretics-vct-2025-emea-stage-2-w2,AllMaps,Gentle Mates,1,31,Team Heretics,2,39,Team Heretics
https://www.vlr.gg/511553/fut-esports-vs-team-vitality-vct-2025-emea-stage-2-w2,Haven,FUT Esports,,2,Team Vitality,,13,Team Vitality
https://www.vlr.gg/511553/fut-esports-vs-team-vitality-vct-2025-emea-stage-2-w2,Lotus,FUT Esports,,5,Team Vitality,,13,Team Vitality
https://www.vlr.gg/511553/fut-esports-vs-team-vitality-vct-2025-emea-stage-2-w2,AllMaps,FUT Esports,0,7,Team Vitality,2,26,Team Vitality
https://www.vlr.gg/511562/fut-esports-vs-giantx-vct-2025-emea-stage-2-w3,Sunset,FUT Esports,,11,GIANTX,,13,GIANTX
https://www.vlr.gg/511562/fut-esports-vs-giantx-vct-2025-emea-stage-2-w3,Haven,FUT Esports,,13,GIANTX,,6,FUT Esports
https://www.vlr.gg/511562/fut-esports-vs-giantx-vct-2025-emea-stage-2-w3,Bind,FUT Esports,,13,GIANTX,,5,FUT Esports
https://www.vlr.gg/511562/fut-esports-vs-giantx-vct-2025-emea-stage-2-w3,AllMaps,FUT Esports,2,37,GIANTX,1,24,FUT Esports
https://www.vlr.gg/511563/gentle-mates-vs-bbl-esports-vct-2025-emea-stage-2-w3,Sunset,Gentle Mates,,3,BBL Esports,,13,BBL Esports
https://www.vlr.gg/511563/gentle-mates-vs-bbl-esports-vct-2025-emea-stage-2-w3,Lotus,Gentle Mates,,12,BBL Esports,,14,BBL Esports
https://www.vlr.gg/511563/gentle-mates-vs-bbl-esports-vct-2025-emea-stage-2-w3,AllMaps,Gentle Mates,0,15,BBL Esports,2,27,BBL Esports
https://www.vlr.gg/511567/team-vitality-vs-team-heretics-vct-2025-emea-stage-2-w3,Haven,Team Vitality,,11,Team Heretics,,13,Team Heretics
https://www.vlr.gg/511567/team-vitality-vs-team-heretics-vct-2025-emea-stage-2-w3,Ascent,Team Vitality,,9,Team Heretics,,13,Team Heretics
https://www.vlr.gg/511567/team-vitality-vs-team-heretics-vct-2025-emea-stage-2-w3,AllMaps,Team Vitality,0,20,Team Heretics,2,26,Team Heretics
https://www.vlr.gg/511568/fut-esports-vs-team-heretics-vct-2025-emea-stage-2-w4,Haven,FUT Esports,,6,Team Heretics,,13,Team Heretics
https://www.vlr.gg/511568/fut-esports-vs-team-heretics-vct-2025-emea-stage-2-w4,Bind,FUT Esports,,7,Team Heretics,,13,Team Heretics
https://www.vlr.gg/511568/fut-esports-vs-team-heretics-vct-2025-emea-stage-2-w4,AllMaps,FUT Esports,0,13,Team Heretics,2,26,Team Heretics
https://www.vlr.gg/511570/gentle-mates-vs-giantx-vct-2025-emea-stage-2-w4,Corrode,Gentle Mates,,13,GIANTX,,8,Gentle Mates
https://www.vlr.gg/511570/gentle-mates-vs-giantx-vct-2025-emea-stage-2-w4,Ascent,Gentle Mates,,12,GIANTX,,14,GIANTX
https://www.vlr.gg/511570/gentle-mates-vs-giantx-vct-2025-emea-stage-2-w4,Haven,Gentle Mates,,4,GIANTX,,13,GIANTX
https://www.vlr.gg/511570/gentle-mates-vs-giantx-vct-2025-emea-stage-2-w4,AllMaps,Gentle Mates,1,29,GIANTX,2,35,GIANTX
https://www.vlr.gg/511572/team-vitality-vs-bbl-esports-vct-2025-emea-stage-2-w4,Lotus,Team Vitality,,13,BBL Esports,,11,Team Vitality
https://www.vlr.gg/511572/team-vitality-vs-bbl-esports-vct-2025-emea-stage-2-w4,Icebox,Team Vitality,,7,BBL Esports,,13,BBL Esports
https://www.vlr.gg/511572/team-vitality-vs-bbl-esports-vct-2025-emea-stage-2-w4,Bind,Team Vitality,,10,BBL Esports,,13,BBL Esports
https://www.vlr.gg/511572/team-vitality-vs-bbl-esports-vct-2025-emea-stage-2-w4,AllMaps,Team Vitality,1,30,BBL Esports,2,37,BBL Esports
https://www.vlr.gg/511577/giantx-vs-team-heretics-vct-2025-emea-stage-2-w5,Ascent,GIANTX,,7,Team Heretics,,13,Team Heretics
https://www.vlr.gg/511577/giantx-vs-team-heretics-vct-2025-emea-stage-2-w5,Haven,GIANTX,,3,Team Heretics,,13,Team Heretics
https://www.vlr.gg/511577/giantx-vs-team-heretics-vct-2025-emea-stage-2-w5,AllMaps,GIANTX,0,10,Team Heretics,2,26,Team Heretics
https://www.vlr.gg/511579/gentle-mates-vs-team-vitality-vct-2025-emea-stage-2-w5,Corrode,Gentle Mates,,4,Team Vitality,,13,Team Vitality
https://www.vlr.gg/511579/gentle-mates-vs-team-vitality-vct-2025-emea-stage-2-w5,Lotus,Gentle Mates,,13,Team Vitality,,9,Gentle Mates
https://www.vlr.gg/511579/gentle-mates-vs-team-vitality-vct-2025-emea-stage-2-w5,Ascent,Gentle Mates,,10,Team Vitality,,13,Team Vitality
https://www.vlr.gg/511579/gentle-mates-vs-team-vitality-vct-2025-emea-stage-2-w5,AllMaps,Gentle Mates,1,27,Team Vitality,2,35,Team Vitality
https://www.vlr.gg/511580/fut-esports-vs-bbl-esports-vct-2025-emea-stage-2-w5,Sunset,FUT Esports,,11,BBL Esports,,13,BBL Esports
https://www.vlr.gg/511580/fut-esports-vs-bbl-esports-vct-2025-emea-stage-2-w5,Ascent,FUT Esports,,9,BBL Esports,,13,BBL Esports
https://www.vlr.gg/511580/fut-esports-vs-bbl-esports-vct-2025-emea-stage-2-w5,AllMaps,FUT Esports,0,20,BBL Esports,2,26,BBL Esports
https://www.vlr.gg/511543/natus-vincere-vs-apeks-vct-2025-emea-stage-2-w1,Icebox,Natus Vincere,,13,Apeks,,4,Natus Vincere
https://www.vlr.gg/511543/natus-vincere-vs-apeks-vct-2025-emea-stage-2-w1,Sunset,Natus Vincere,,6,Apeks,,13,Apeks
https://www.vlr.gg/511543/natus-vincere-vs-apeks-vct-2025-emea-stage-2-w1,Corrode,Natus Vincere,,13,Apeks,,3,Natus Vincere
https://www.vlr.gg/511543/natus-vincere-vs-apeks-vct-2025-emea-stage-2-w1,AllMaps,Natus Vincere,2,32,Apeks,1,20,Natus Vincere
https://www.vlr.gg/511546/team-liquid-vs-koi-vct-2025-emea-stage-2-w1,Bind,Team Liquid,,13,Movistar KOI(KOI),,4,Team Liquid
https://www.vlr.gg/511546/team-liquid-vs-koi-vct-2025-emea-stage-2-w1,Icebox,Team Liquid,,10,Movistar KOI(KOI),,13,Movistar KOI(KOI)
https://www.vlr.gg/511546/team-liquid-vs-koi-vct-2025-emea-stage-2-w1,Lotus,Team Liquid,,13,Movistar KOI(KOI),,8,Team Liquid
https://www.vlr.gg/511546/team-liquid-vs-koi-vct-2025-emea-stage-2-w1,AllMaps,Team Liquid,2,36,Movistar KOI(KOI),1,25,Team Liquid
https://www.vlr.gg/511548/fnatic-vs-karmine-corp-vct-2025-emea-stage-2-w1,Bind,FNATIC,,13,Karmine Corp,,7,FNATIC
https://www.vlr.gg/511548/fnatic-vs-karmine-corp-vct-2025-emea-stage-2-w1,Lotus,FNATIC,,10,Karmine Corp,,13,Karmine Corp
https://www.vlr.gg/511548/fnatic-vs-karmine-corp-vct-2025-emea-stage-2-w1,Icebox,FNATIC,,13,Karmine Corp,,11,FNATIC
https://www.vlr.gg/511548/fnatic-vs-karmine-corp-vct-2025-emea-stage-2-w1,AllMaps,FNATIC,2,36,Karmine Corp,1,31,FNATIC
https://www.vlr.gg/511549/apeks-vs-karmine-corp-vct-2025-emea-stage-2-w2,Icebox,Apeks,,7,Karmine Corp,,13,Karmine Corp
https://www.vlr.gg/511549/apeks-vs-karmine-corp-vct-2025-emea-stage-2-w2,Sunset,Apeks,,13,Karmine Corp,,11,Apeks
https://www.vlr.gg/511549/apeks-vs-karmine-corp-vct-2025-emea-stage-2-w2,Lotus,Apeks,,11,Karmine Corp,,13,Karmine Corp
https://www.vlr.gg/511549/apeks-vs-karmine-corp-vct-2025-emea-stage-2-w2,AllMaps,Apeks,1,31,Karmine Corp,2,37,Karmine Corp
https://www.vlr.gg/511551/team-liquid-vs-natus-vincere-vct-2025-emea-stage-2-w2,Corrode,Team Liquid,,13,Natus Vincere,,7,Team Liquid
https://www.vlr.gg/511551/team-liquid-vs-natus-vincere-vct-2025-emea-stage-2-w2,Sunset,Team Liquid,,13,Natus Vincere,,4,Team Liquid
https://www.vlr.gg/511551/team-liquid-vs-natus-vincere-vct-2025-emea-stage-2-w2,AllMaps,Team Liquid,2,26,Natus Vincere,0,11,Team Liquid
https://www.vlr.gg/511554/koi-vs-fnatic-vct-2025-emea-stage-2-w2,Ascent,Movistar KOI(KOI),,7,FNATIC,,13,FNATIC
https://www.vlr.gg/511554/koi-vs-fnatic-vct-2025-emea-stage-2-w2,Haven,Movistar KOI(KOI),,11,FNATIC,,13,FNATIC
https://www.vlr.gg/511554/koi-vs-fnatic-vct-2025-emea-stage-2-w2,AllMaps,Movistar KOI(KOI),0,18,FNATIC,2,26,FNATIC
https://www.vlr.gg/511564/team-liquid-vs-apeks-vct-2025-emea-stage-2-w3,Ascent,Team Liquid,,14,Apeks,,12,Team Liquid
https://www.vlr.gg/511564/team-liquid-vs-apeks-vct-2025-emea-stage-2-w3,Corrode,Team Liquid,,11,Apeks,,13,Apeks
https://www.vlr.gg/511564/team-liquid-vs-apeks-vct-2025-emea-stage-2-w3,Lotus,Team Liquid,,13,Apeks,,6,Team Liquid
https://www.vlr.gg/511564/team-liquid-vs-apeks-vct-2025-emea-stage-2-w3,AllMaps,Team Liquid,2,38,Apeks,1,31,Team Liquid
https://www.vlr.gg/511565/koi-vs-karmine-corp-vct-2025-emea-stage-2-w3,Lotus,Movistar KOI(KOI),,13,Karmine Corp,,9,Movistar KOI(KOI)
https://www.vlr.gg/511565/koi-vs-karmine-corp-vct-2025-emea-stage-2-w3,Sunset,Movistar KOI(KOI),,2,Karmine Corp,,13,Karmine Corp
https://www.vlr.gg/511565/koi-vs-karmine-corp-vct-2025-emea-stage-2-w3,Haven,Movistar KOI(KOI),,4,Karmine Corp,,13,Karmine Corp
https://www.vlr.gg/511565/koi-vs-karmine-corp-vct-2025-emea-stage-2-w3,AllMaps,Movistar KOI(KOI),1,19,Karmine Corp,2,35,Karmine Corp
https://www.vlr.gg/511566/natus-vincere-vs-fnatic-vct-2025-emea-stage-2-w3,Ascent,Natus Vincere,,13,FNATIC,,10,Natus Vincere
https://www.vlr.gg/511566/natus-vincere-vs-fnatic-vct-2025-emea-stage-2-w3,Icebox,Natus Vincere,,11,FNATIC,,13,FNATIC
https://www.vlr.gg/511566/natus-vincere-vs-fnatic-vct-2025-emea-stage-2-w3,Bind,Natus Vincere,,13,FNATIC,,15,FNATIC
https://www.vlr.gg/511566/natus-vincere-vs-fnatic-vct-2025-emea-stage-2-w3,AllMaps,Natus Vincere,1,37,FNATIC,2,38,FNATIC
https://www.vlr.gg/511569/koi-vs-apeks-vct-2025-emea-stage-2-w4,Lotus,Movistar KOI(KOI),,9,Apeks,,13,Apeks
https://www.vlr.gg/511569/koi-vs-apeks-vct-2025-emea-stage-2-w4,Ascent,Movistar KOI(KOI),,13,Apeks,,4,Movistar KOI(KOI)
https://www.vlr.gg/511569/koi-vs-apeks-vct-2025-emea-stage-2-w4,Haven,Movistar KOI(KOI),,13,Apeks,,8,Movistar KOI(KOI)
https://www.vlr.gg/511569/koi-vs-apeks-vct-2025-emea-stage-2-w4,AllMaps,Movistar KOI(KOI),2,35,Apeks,1,25,Movistar KOI(KOI)
https://www.vlr.gg/511571/natus-vincere-vs-karmine-corp-vct-2025-emea-stage-2-w4,Sunset,Natus Vincere,,14,Karmine Corp,,12,Natus Vincere
https://www.vlr.gg/511571/natus-vincere-vs-karmine-corp-vct-2025-emea-stage-2-w4,Corrode,Natus Vincere,,13,Karmine Corp,,8,Natus Vincere
https://www.vlr.gg/511571/natus-vincere-vs-karmine-corp-vct-2025-emea-stage-2-w4,AllMaps,Natus Vincere,2,27,Karmine Corp,0,20,Natus Vincere
https://www.vlr.gg/511573/team-liquid-vs-fnatic-vct-2025-emea-stage-2-w4,Bind,Team Liquid,,14,FNATIC,,12,Team Liquid
https://www.vlr.gg/511573/team-liquid-vs-fnatic-vct-2025-emea-stage-2-w4,Ascent,Team Liquid,,13,FNATIC,,1,Team Liquid
https://www.vlr.gg/511573/team-liquid-vs-fnatic-vct-2025-emea-stage-2-w4,AllMaps,Team Liquid,2,27,FNATIC,0,13,Team Liquid
https://www.vlr.gg/511575/koi-vs-natus-vincere-vct-2025-emea-stage-2-w5,Icebox,Movistar KOI(KOI),,9,Natus Vincere,,13,Natus Vincere
https://www.vlr.gg/511575/koi-vs-natus-vincere-vct-2025-emea-stage-2-w5,Corrode,Movistar KOI(KOI),,16,Natus Vincere,,14,Movistar KOI(KOI)
https://www.vlr.gg/511575/koi-vs-natus-vincere-vct-2025-emea-stage-2-w5,Ascent,Movistar KOI(KOI),,3,Natus Vincere,,13,Natus Vincere
https://www.vlr.gg/511575/koi-vs-natus-vincere-vct-2025-emea-stage-2-w5,AllMaps,Movistar KOI(KOI),1,28,Natus Vincere,2,40,Natus Vincere
https://www.vlr.gg/511576/apeks-vs-fnatic-vct-2025-emea-stage-2-w5,Bind,Apeks,,5,FNATIC,,13,FNATIC
https://www.vlr.gg/511576/apeks-vs-fnatic-vct-2025-emea-stage-2-w5,Lotus,Apeks,,10,FNATIC,,13,FNATIC
https://www.vlr.gg/511576/apeks-vs-fnatic-vct-2025-emea-stage-2-w5,AllMaps,Apeks,0,15,FNATIC,2,26,FNATIC
https://www.vlr.gg/511581/team-liquid-vs-karmine-corp-vct-2025-emea-stage-2-w5,Lotus,Team Liquid,,14,Karmine Corp,,12,Team Liquid
https://www.vlr.gg/511581/team-liquid-vs-karmine-corp-vct-2025-emea-stage-2-w5,Bind,Team Liquid,,13,Karmine Corp,,15,Karmine Corp
https://www.vlr.gg/511581/team-liquid-vs-karmine-corp-vct-2025-emea-stage-2-w5,Sunset,Team Liquid,,12,Karmine Corp,,14,Karmine Corp
https://www.vlr.gg/511581/team-liquid-vs-karmine-corp-vct-2025-emea-stage-2-w5,AllMaps,Team Liquid,1,39,Karmine Corp,2,41,Karmine Corp
https://www.vlr.gg/530924/fnatic-vs-bbl-esports-vct-2025-emea-stage-2-ur1,Corrode,FNATIC,,13,BBL Esports,,7,FNATIC
https://www.vlr.gg/530924/fnatic-vs-bbl-esports-vct-2025-emea-stage-2-ur1,Ascent,FNATIC,,7,BBL Esports,,13,BBL Esports
https://www.vlr.gg/530924/fnatic-vs-bbl-esports-vct-2025-emea-stage-2-ur1,Haven,FNATIC,,9,BBL Esports,,13,BBL Esports
https://www.vlr.gg/530924/fnatic-vs-bbl-esports-vct-2025-emea-stage-2-ur1,AllMaps,FNATIC,1,29,BBL Esports,2,33,BBL Esports
https://www.vlr.gg/530925/giantx-vs-natus-vincere-vct-2025-emea-stage-2-ur1,Bind,GIANTX,,5,Natus Vincere,,13,Natus Vincere
https://www.vlr.gg/530925/giantx-vs-natus-vincere-vct-2025-emea-stage-2-ur1,Haven,GIANTX,,13,Natus Vincere,,8,GIANTX
https://www.vlr.gg/530925/giantx-vs-natus-vincere-vct-2025-emea-stage-2-ur1,Ascent,GIANTX,,13,Natus Vincere,,6,GIANTX
https://www.vlr.gg/530925/giantx-vs-natus-vincere-vct-2025-emea-stage-2-ur1,AllMaps,GIANTX,2,31,Natus Vincere,1,27,GIANTX
https://www.vlr.gg/530926/fnatic-vs-karmine-corp-vct-2025-emea-stage-2-lr1,Haven,FNATIC,,12,Karmine Corp,,14,Karmine Corp
https://www.vlr.gg/530926/fnatic-vs-karmine-corp-vct-2025-emea-stage-2-lr1,Corrode,FNATIC,,14,Karmine Corp,,12,FNATIC
https://www.vlr.gg/530926/fnatic-vs-karmine-corp-vct-2025-emea-stage-2-lr1,Bind,FNATIC,,13,Karmine Corp,,8,FNATIC
https://www.vlr.gg/530926/fnatic-vs-karmine-corp-vct-2025-emea-stage-2-lr1,AllMaps,FNATIC,2,39,Karmine Corp,1,34,FNATIC
https://www.vlr.gg/530927/natus-vincere-vs-team-vitality-vct-2025-emea-stage-2-lr1,Haven,Natus Vincere,,13,Team Vitality,,7,Natus Vincere
https://www.vlr.gg/530927/natus-vincere-vs-team-vitality-vct-2025-emea-stage-2-lr1,Bind,Natus Vincere,,13,Team Vitality,,11,Natus Vincere
https://www.vlr.gg/530927/natus-vincere-vs-team-vitality-vct-2025-emea-stage-2-lr1,AllMaps,Natus Vincere,2,26,Team Vitality,0,18,Natus Vincere
https://www.vlr.gg/530928/team-heretics-vs-bbl-esports-vct-2025-emea-stage-2-ubsf,Icebox,Team Heretics,,6,BBL Esports,,13,BBL Esports
https://www.vlr.gg/530928/team-heretics-vs-bbl-esports-vct-2025-emea-stage-2-ubsf,Ascent,Team Heretics,,11,BBL Esports,,13,BBL Esports
https://www.vlr.gg/530928/team-heretics-vs-bbl-esports-vct-2025-emea-stage-2-ubsf,AllMaps,Team Heretics,0,17,BBL Esports,2,26,BBL Esports
https://www.vlr.gg/530929/team-liquid-vs-giantx-vct-2025-emea-stage-2-ubsf,Sunset,Team Liquid,,13,GIANTX,,4,Team Liquid
https://www.vlr.gg/530929/team-liquid-vs-giantx-vct-2025-emea-stage-2-ubsf,Corrode,Team Liquid,,11,GIANTX,,13,GIANTX
https://www.vlr.gg/530929/team-liquid-vs-giantx-vct-2025-emea-stage-2-ubsf,Ascent,Team Liquid,,14,GIANTX,,12,Team Liquid
https://www.vlr.gg/530929/team-liquid-vs-giantx-vct-2025-emea-stage-2-ubsf,AllMaps,Team Liquid,2,38,GIANTX,1,29,Team Liquid
https://www.vlr.gg/530930/giantx-vs-fnatic-vct-2025-emea-stage-2-lr2,Lotus,GIANTX,,13,FNATIC,,10,GIANTX
https://www.vlr.gg/530930/giantx-vs-fnatic-vct-2025-emea-stage-2-lr2,Sunset,GIANTX,,13,FNATIC,,10,GIANTX
https://www.vlr.gg/530930/giantx-vs-fnatic-vct-2025-emea-stage-2-lr2,AllMaps,GIANTX,2,26,FNATIC,0,20,GIANTX
https://www.vlr.gg/530931/team-heretics-vs-natus-vincere-vct-2025-emea-stage-2-lr2,Icebox,Team Heretics,,3,Natus Vincere,,13,Natus Vincere
https://www.vlr.gg/530931/team-heretics-vs-natus-vincere-vct-2025-emea-stage-2-lr2,Haven,Team Heretics,,7,Natus Vincere,,13,Natus Vincere
https://www.vlr.gg/530931/team-heretics-vs-natus-vincere-vct-2025-emea-stage-2-lr2,AllMaps,Team Heretics,0,10,Natus Vincere,2,26,Natus Vincere
https://www.vlr.gg/530932/bbl-esports-vs-team-liquid-vct-2025-emea-stage-2-ubf,Ascent,BBL Esports,,10,Team Liquid,,13,Team Liquid
https://www.vlr.gg/530932/bbl-esports-vs-team-liquid-vct-2025-emea-stage-2-ubf,Sunset,BBL Esports,,13,Team Liquid,,10,BBL Esports
https://www.vlr.gg/530932/bbl-esports-vs-team-liquid-vct-2025-emea-stage-2-ubf,Bind,BBL Esports,,12,Team Liquid,,14,Team Liquid
https://www.vlr.gg/530932/bbl-esports-vs-team-liquid-vct-2025-emea-stage-2-ubf,AllMaps,BBL Esports,1,35,Team Liquid,2,37,Team Liquid
https://www.vlr.gg/530933/giantx-vs-natus-vincere-vct-2025-emea-stage-2-lr3,Icebox,GIANTX,,6,Natus Vincere,,13,Natus Vincere
https://www.vlr.gg/530933/giantx-vs-natus-vincere-vct-2025-emea-stage-2-lr3,Sunset,GIANTX,,13,Natus Vincere,,6,GIANTX
https://www.vlr.gg/530933/giantx-vs-natus-vincere-vct-2025-emea-stage-2-lr3,Haven,GIANTX,,13,Natus Vincere,,4,GIANTX
https://www.vlr.gg/530933/giantx-vs-natus-vincere-vct-2025-emea-stage-2-lr3,AllMaps,GIANTX,2,32,Natus Vincere,1,23,GIANTX
https://www.vlr.gg/530934/bbl-esports-vs-giantx-vct-2025-emea-stage-2-lbf,Ascent,BBL Esports,,2,GIANTX,,13,GIANTX
https://www.vlr.gg/530934/bbl-esports-vs-giantx-vct-2025-emea-stage-2-lbf,Sunset,BBL Esports,,8,GIANTX,,13,GIANTX
https://www.vlr.gg/530934/bbl-esports-vs-giantx-vct-2025-emea-stage-2-lbf,Bind,BBL Esports,,6,GIANTX,,13,GIANTX
https://www.vlr.gg/530934/bbl-esports-vs-giantx-vct-2025-emea-stage-2-lbf,AllMaps,BBL Esports,0,16,GIANTX,3,39,GIANTX
https://www.vlr.gg/530935/team-liquid-vs-giantx-vct-2025-emea-stage-2-gf,Bind,Team Liquid,,13,GIANTX,,10,Team Liquid
https://www.vlr.gg/530935/team-liquid-vs-giantx-vct-2025-emea-stage-2-gf,Lotus,Team Liquid,,13,GIANTX,,9,Team Liquid
https://www.vlr.gg/530935/team-liquid-vs-giantx-vct-2025-emea-stage-2-gf,Sunset,Team Liquid,,13,GIANTX,,10,Team Liquid
https://www.vlr.gg/530935/team-liquid-vs-giantx-vct-2025-emea-stage-2-gf,AllMaps,Team Liquid,3,39,GIANTX,0,29,Team Liquid
https://www.vlr.gg/594740/natus-vincere-vs-karmine-corp-vct-2026-emea-kickoff-ur1,Split,Natus Vincere,,13,Karmine Corp,,11,Natus Vincere
https://www.vlr.gg/594740/natus-vincere-vs-karmine-corp-vct-2026-emea-kickoff-ur1,Haven,Natus Vincere,,13,Karmine Corp,,7,Natus Vincere
https://www.vlr.gg/594740/natus-vincere-vs-karmine-corp-vct-2026-emea-kickoff-ur1,AllMaps,Natus Vincere,2,26,Karmine Corp,0,18,Natus Vincere
https://www.vlr.gg/594741/fut-esports-vs-gentle-mates-vct-2026-emea-kickoff-ur1,Abyss,FUT Esports,,8,Gentle Mates,,13,Gentle Mates
https://www.vlr.gg/594741/fut-esports-vs-gentle-mates-vct-2026-emea-kickoff-ur1,Split,FUT Esports,,6,Gentle Mates,,13,Gentle Mates
https://www.vlr.gg/594741/fut-esports-vs-gentle-mates-vct-2026-emea-kickoff-ur1,AllMaps,FUT Esports,0,14,Gentle Mates,2,26,Gentle Mates
https://www.vlr.gg/594742/pcific-esports-vs-bbl-esports-vct-2026-emea-kickoff-ur1,Breeze,PCIFIC Esports,,10,BBL Esports,,13,BBL Esports
https://www.vlr.gg/594742/pcific-esports-vs-bbl-esports-vct-2026-emea-kickoff-ur1,Abyss,PCIFIC Esports,,13,BBL Esports,,7,PCIFIC Esports
https://www.vlr.gg/594742/pcific-esports-vs-bbl-esports-vct-2026-emea-kickoff-ur1,Pearl,PCIFIC Esports,,4,BBL Esports,,13,BBL Esports
https://www.vlr.gg/594742/pcific-esports-vs-bbl-esports-vct-2026-emea-kickoff-ur1,AllMaps,PCIFIC Esports,1,27,BBL Esports,2,33,BBL Esports
https://www.vlr.gg/594743/ulf-esports-vs-team-vitality-vct-2026-emea-kickoff-ur1,Breeze,ULF Esports,,3,Team Vitality,,13,Team Vitality
https://www.vlr.gg/594743/ulf-esports-vs-team-vitality-vct-2026-emea-kickoff-ur1,Corrode,ULF Esports,,1,Team Vitality,,13,Team Vitality
https://www.vlr.gg/594743/ulf-esports-vs-team-vitality-vct-2026-emea-kickoff-ur1,AllMaps,ULF Esports,0,4,Team Vitality,2,26,Team Vitality
https://www.vlr.gg/594751/karmine-corp-vs-team-liquid-vct-2026-emea-kickoff-mr1,Abyss,Karmine Corp,,13,Team Liquid,,2,Karmine Corp
https://www.vlr.gg/594751/karmine-corp-vs-team-liquid-vct-2026-emea-kickoff-mr1,Split,Karmine Corp,,8,Team Liquid,,13,Team Liquid
https://www.vlr.gg/594751/karmine-corp-vs-team-liquid-vct-2026-emea-kickoff-mr1,Breeze,Karmine Corp,,10,Team Liquid,,13,Team Liquid
https://www.vlr.gg/594751/karmine-corp-vs-team-liquid-vct-2026-emea-kickoff-mr1,AllMaps,Karmine Corp,1,31,Team Liquid,2,28,Team Liquid
https://www.vlr.gg/594752/fut-esports-vs-fnatic-vct-2026-emea-kickoff-mr1,Abyss,FUT Esports,,3,FNATIC,,13,FNATIC
https://www.vlr.gg/594752/fut-esports-vs-fnatic-vct-2026-emea-kickoff-mr1,Corrode,FUT Esports,,18,FNATIC,,16,FUT Esports
https://www.vlr.gg/594752/fut-esports-vs-fnatic-vct-2026-emea-kickoff-mr1,Split,FUT Esports,,14,FNATIC,,16,FNATIC
https://www.vlr.gg/594752/fut-esports-vs-fnatic-vct-2026-emea-kickoff-mr1,AllMaps,FUT Esports,1,35,FNATIC,2,45,FNATIC
https://www.vlr.gg/594753/pcific-esports-vs-giantx-vct-2026-emea-kickoff-mr1,Abyss,PCIFIC Esports,,8,GIANTX,,13,GIANTX
https://www.vlr.gg/594753/pcific-esports-vs-giantx-vct-2026-emea-kickoff-mr1,Bind,PCIFIC Esports,,14,GIANTX,,12,PCIFIC Esports
https://www.vlr.gg/594753/pcific-esports-vs-giantx-vct-2026-emea-kickoff-mr1,Split,PCIFIC Esports,,10,GIANTX,,13,GIANTX
https://www.vlr.gg/594753/pcific-esports-vs-giantx-vct-2026-emea-kickoff-mr1,AllMaps,PCIFIC Esports,1,32,GIANTX,2,38,GIANTX
https://www.vlr.gg/594754/ulf-esports-vs-team-heretics-vct-2026-emea-kickoff-mr1,Haven,ULF Esports,,7,Team Heretics,,13,Team Heretics
https://www.vlr.gg/594754/ulf-esports-vs-team-heretics-vct-2026-emea-kickoff-mr1,Bind,ULF Esports,,8,Team Heretics,,13,Team Heretics
https://www.vlr.gg/594754/ulf-esports-vs-team-heretics-vct-2026-emea-kickoff-mr1,AllMaps,ULF Esports,0,15,Team Heretics,2,26,Team Heretics
https://www.vlr.gg/594761/karmine-corp-vs-fut-esports-vct-2026-emea-kickoff-lr1,Haven,Karmine Corp,,14,FUT Esports,,12,Karmine Corp
https://www.vlr.gg/594761/karmine-corp-vs-fut-esports-vct-2026-emea-kickoff-lr1,Split,Karmine Corp,,8,FUT Esports,,13,FUT Esports
https://www.vlr.gg/594761/karmine-corp-vs-fut-esports-vct-2026-emea-kickoff-lr1,Pearl,Karmine Corp,,13,FUT Esports,,7,Karmine Corp
https://www.vlr.gg/594761/karmine-corp-vs-fut-esports-vct-2026-emea-kickoff-lr1,AllMaps,Karmine Corp,2,35,FUT Esports,1,32,Karmine Corp
https://www.vlr.gg/594762/pcific-esports-vs-ulf-esports-vct-2026-emea-kickoff-lr1,Split,PCIFIC Esports,,5,ULF Esports,,13,ULF Esports
https://www.vlr.gg/594762/pcific-esports-vs-ulf-esports-vct-2026-emea-kickoff-lr1,Abyss,PCIFIC Esports,,8,ULF Esports,,13,ULF Esports
https://www.vlr.gg/594762/pcific-esports-vs-ulf-esports-vct-2026-emea-kickoff-lr1,AllMaps,PCIFIC Esports,0,13,ULF Esports,2,26,ULF Esports
https://www.vlr.gg/594744/team-heretics-vs-natus-vincere-vct-2026-emea-kickoff-ur2,Bind,Team Heretics,,10,Natus Vincere,,13,Natus Vincere
https://www.vlr.gg/594744/team-heretics-vs-natus-vincere-vct-2026-emea-kickoff-ur2,Haven,Team Heretics,,13,Natus Vincere,,11,Team Heretics
https://www.vlr.gg/594744/team-heretics-vs-natus-vincere-vct-2026-emea-kickoff-ur2,Split,Team Heretics,,6,Natus Vincere,,13,Natus Vincere
https://www.vlr.gg/594744/team-heretics-vs-natus-vincere-vct-2026-emea-kickoff-ur2,AllMaps,Team Heretics,1,29,Natus Vincere,2,37,Natus Vincere
https://www.vlr.gg/594745/giantx-vs-gentle-mates-vct-2026-emea-kickoff-ur2,Pearl,GIANTX,,10,Gentle Mates,,13,Gentle Mates
https://www.vlr.gg/594745/giantx-vs-gentle-mates-vct-2026-emea-kickoff-ur2,Bind,GIANTX,,10,Gentle Mates,,13,Gentle Mates
https://www.vlr.gg/594745/giantx-vs-gentle-mates-vct-2026-emea-kickoff-ur2,AllMaps,GIANTX,0,20,Gentle Mates,2,26,Gentle Mates
https://www.vlr.gg/594746/fnatic-vs-bbl-esports-vct-2026-emea-kickoff-ur2,Breeze,FNATIC,,11,BBL Esports,,13,BBL Esports
https://www.vlr.gg/594746/fnatic-vs-bbl-esports-vct-2026-emea-kickoff-ur2,Haven,FNATIC,,4,BBL Esports,,13,BBL Esports
https://www.vlr.gg/594746/fnatic-vs-bbl-esports-vct-2026-emea-kickoff-ur2,AllMaps,FNATIC,0,15,BBL Esports,2,26,BBL Esports
https://www.vlr.gg/594747/team-liquid-vs-team-vitality-vct-2026-emea-kickoff-ur2,Breeze,Team Liquid,,11,Team Vitality,,13,Team Vitality
https://www.vlr.gg/594747/team-liquid-vs-team-vitality-vct-2026-emea-kickoff-ur2,Pearl,Team Liquid,,14,Team Vitality,,12,Team Liquid
https://www.vlr.gg/594747/team-liquid-vs-team-vitality-vct-2026-emea-kickoff-ur2,Corrode,Team Liquid,,9,Team Vitality,,13,Team Vitality
https://www.vlr.gg/594747/team-liquid-vs-team-vitality-vct-2026-emea-kickoff-ur2,AllMaps,Team Liquid,1,34,Team Vitality,2,38,Team Vitality
https://www.vlr.gg/594755/team-liquid-vs-fnatic-vct-2026-emea-kickoff-mr2,Corrode,Team Liquid,,5,FNATIC,,13,FNATIC
https://www.vlr.gg/594755/team-liquid-vs-fnatic-vct-2026-emea-kickoff-mr2,Split,Team Liquid,,9,FNATIC,,13,FNATIC
https://www.vlr.gg/594755/team-liquid-vs-fnatic-vct-2026-emea-kickoff-mr2,AllMaps,Team Liquid,0,14,FNATIC,2,26,FNATIC
https://www.vlr.gg/594756/giantx-vs-team-heretics-vct-2026-emea-kickoff-mr2,Abyss,GIANTX,,13,Team Heretics,,10,GIANTX
https://www.vlr.gg/594756/giantx-vs-team-heretics-vct-2026-emea-kickoff-mr2,Haven,GIANTX,,13,Team Heretics,,7,GIANTX
https://www.vlr.gg/594756/giantx-vs-team-heretics-vct-2026-emea-kickoff-mr2,AllMaps,GIANTX,2,26,Team Heretics,0,17,GIANTX
https://www.vlr.gg/594763/team-heretics-vs-karmine-corp-vct-2026-emea-kickoff-lr2,Haven,Team Heretics,,13,Karmine Corp,,8,Team Heretics
https://www.vlr.gg/594763/team-heretics-vs-karmine-corp-vct-2026-emea-kickoff-lr2,Corrode,Team Heretics,,13,Karmine Corp,,11,Team Heretics
https://www.vlr.gg/594763/team-heretics-vs-karmine-corp-vct-2026-emea-kickoff-lr2,Abyss,Team Heretics,,2,Karmine Corp,,13,Karmine Corp
https://www.vlr.gg/594763/team-heretics-vs-karmine-corp-vct-2026-emea-kickoff-lr2,AllMaps,Team Heretics,2,28,Karmine Corp,1,32,Team Heretics
https://www.vlr.gg/594764/team-liquid-vs-ulf-esports-vct-2026-emea-kickoff-lr2,Split,Team Liquid,,8,ULF Esports,,13,ULF Esports
https://www.vlr.gg/594764/team-liquid-vs-ulf-esports-vct-2026-emea-kickoff-lr2,Pearl,Team Liquid,,14,ULF Esports,,12,Team Liquid
https://www.vlr.gg/594764/team-liquid-vs-ulf-esports-vct-2026-emea-kickoff-lr2,Breeze,Team Liquid,,13,ULF Esports,,5,Team Liquid
https://www.vlr.gg/594764/team-liquid-vs-ulf-esports-vct-2026-emea-kickoff-lr2,AllMaps,Team Liquid,2,35,ULF Esports,1,30,Team Liquid
https://www.vlr.gg/594748/natus-vincere-vs-gentle-mates-vct-2026-emea-kickoff-ur3,Abyss,Natus Vincere,,7,Gentle Mates,,13,Gentle Mates
https://www.vlr.gg/594748/natus-vincere-vs-gentle-mates-vct-2026-emea-kickoff-ur3,Bind,Natus Vincere,,9,Gentle Mates,,13,Gentle Mates
https://www.vlr.gg/594748/natus-vincere-vs-gentle-mates-vct-2026-emea-kickoff-ur3,AllMaps,Natus Vincere,0,16,Gentle Mates,2,26,Gentle Mates
https://www.vlr.gg/594749/bbl-esports-vs-team-vitality-vct-2026-emea-kickoff-ur3,Haven,BBL Esports,,13,Team Vitality,,9,BBL Esports
https://www.vlr.gg/594749/bbl-esports-vs-team-vitality-vct-2026-emea-kickoff-ur3,Abyss,BBL Esports,,13,Team Vitality,,8,BBL Esports
https://www.vlr.gg/594749/bbl-esports-vs-team-vitality-vct-2026-emea-kickoff-ur3,AllMaps,BBL Esports,2,26,Team Vitality,0,17,BBL Esports
https://www.vlr.gg/594757/natus-vincere-vs-fnatic-vct-2026-emea-kickoff-mr3,Split,Natus Vincere,,10,FNATIC,,13,FNATIC
https://www.vlr.gg/594757/natus-vincere-vs-fnatic-vct-2026-emea-kickoff-mr3,Breeze,Natus Vincere,,13,FNATIC,,6,Natus Vincere
https://www.vlr.gg/594757/natus-vincere-vs-fnatic-vct-2026-emea-kickoff-mr3,Bind,Natus Vincere,,15,FNATIC,,17,FNATIC
https://www.vlr.gg/594757/natus-vincere-vs-fnatic-vct-2026-emea-kickoff-mr3,AllMaps,Natus Vincere,1,38,FNATIC,2,36,FNATIC
https://www.vlr.gg/594758/team-vitality-vs-giantx-vct-2026-emea-kickoff-mr3,Abyss,Team Vitality,,13,GIANTX,,0,Team Vitality
https://www.vlr.gg/594758/team-vitality-vs-giantx-vct-2026-emea-kickoff-mr3,Breeze,Team Vitality,,13,GIANTX,,11,Team Vitality
https://www.vlr.gg/594758/team-vitality-vs-giantx-vct-2026-emea-kickoff-mr3,AllMaps,Team Vitality,2,26,GIANTX,0,11,Team Vitality
https://www.vlr.gg/594765/natus-vincere-vs-team-heretics-vct-2026-emea-kickoff-lr3,Haven,Natus Vincere,,5,Team Heretics,,13,Team Heretics
https://www.vlr.gg/594765/natus-vincere-vs-team-heretics-vct-2026-emea-kickoff-lr3,Breeze,Natus Vincere,,4,Team Heretics,,13,Team Heretics
https://www.vlr.gg/594765/natus-vincere-vs-team-heretics-vct-2026-emea-kickoff-lr3,AllMaps,Natus Vincere,0,9,Team Heretics,2,26,Team Heretics
https://www.vlr.gg/594766/giantx-vs-team-liquid-vct-2026-emea-kickoff-lr3,Breeze,GIANTX,,4,Team Liquid,,13,Team Liquid
https://www.vlr.gg/594766/giantx-vs-team-liquid-vct-2026-emea-kickoff-lr3,Pearl,GIANTX,,13,Team Liquid,,6,GIANTX
https://www.vlr.gg/594766/giantx-vs-team-liquid-vct-2026-emea-kickoff-lr3,Bind,GIANTX,,14,Team Liquid,,16,Team Liquid
https://www.vlr.gg/594766/giantx-vs-team-liquid-vct-2026-emea-kickoff-lr3,AllMaps,GIANTX,1,31,Team Liquid,2,35,Team Liquid
https://www.vlr.gg/594759/fnatic-vs-team-vitality-vct-2026-emea-kickoff-mr4,Abyss,FNATIC,,13,Team Vitality,,5,FNATIC
https://www.vlr.gg/594759/fnatic-vs-team-vitality-vct-2026-emea-kickoff-mr4,Bind,FNATIC,,13,Team Vitality,,8,FNATIC
https://www.vlr.gg/594759/fnatic-vs-team-vitality-vct-2026-emea-kickoff-mr4,AllMaps,FNATIC,2,26,Team Vitality,0,13,FNATIC
https://www.vlr.gg/594767/team-heretics-vs-team-liquid-vct-2026-emea-kickoff-lr4,Abyss,Team Heretics,,11,Team Liquid,,13,Team Liquid
https://www.vlr.gg/594767/team-heretics-vs-team-liquid-vct-2026-emea-kickoff-lr4,Bind,Team Heretics,,3,Team Liquid,,13,Team Liquid
https://www.vlr.gg/594767/team-heretics-vs-team-liquid-vct-2026-emea-kickoff-lr4,AllMaps,Team Heretics,0,14,Team Liquid,2,26,Team Liquid
https://www.vlr.gg/594768/team-vitality-vs-team-liquid-vct-2026-emea-kickoff-lr5,Corrode,Team Vitality,,13,Team Liquid,,8,Team Vitality
https://www.vlr.gg/594768/team-vitality-vs-team-liquid-vct-2026-emea-kickoff-lr5,Bind,Team Vitality,,3,Team Liquid,,13,Team Liquid
https://www.vlr.gg/594768/team-vitality-vs-team-liquid-vct-2026-emea-kickoff-lr5,Breeze,Team Vitality,,9,Team Liquid,,13,Team Liquid
https://www.vlr.gg/594768/team-vitality-vs-team-liquid-vct-2026-emea-kickoff-lr5,AllMaps,Team Vitality,1,25,Team Liquid,2,34,Team Liquid
https://www.vlr.gg/594750/gentle-mates-vs-bbl-esports-vct-2026-emea-kickoff-ubf,Haven,Gentle Mates,,13,BBL Esports,,11,Gentle Mates
https://www.vlr.gg/594750/gentle-mates-vs-bbl-esports-vct-2026-emea-kickoff-ubf,Abyss,Gentle Mates,,13,BBL Esports,,15,BBL Esports
https://www.vlr.gg/594750/gentle-mates-vs-bbl-esports-vct-2026-emea-kickoff-ubf,Pearl,Gentle Mates,,14,BBL Esports,,16,BBL Esports
https://www.vlr.gg/594750/gentle-mates-vs-bbl-esports-vct-2026-emea-kickoff-ubf,Split,Gentle Mates,,13,BBL Esports,,4,Gentle Mates
https://www.vlr.gg/594750/gentle-mates-vs-bbl-esports-vct-2026-emea-kickoff-ubf,Corrode,Gentle Mates,,6,BBL Esports,,13,BBL Esports
https://www.vlr.gg/594750/gentle-mates-vs-bbl-esports-vct-2026-emea-kickoff-ubf,AllMaps,Gentle Mates,2,59,BBL Esports,3,59,BBL Esports
https://www.vlr.gg/594760/gentle-mates-vs-fnatic-vct-2026-emea-kickoff-mbf,Abyss,Gentle Mates,,10,FNATIC,,13,FNATIC
https://www.vlr.gg/594760/gentle-mates-vs-fnatic-vct-2026-emea-kickoff-mbf,Corrode,Gentle Mates,,14,FNATIC,,16,FNATIC
https://www.vlr.gg/594760/gentle-mates-vs-fnatic-vct-2026-emea-kickoff-mbf,Split,Gentle Mates,,13,FNATIC,,6,Gentle Mates
https://www.vlr.gg/594760/gentle-mates-vs-fnatic-vct-2026-emea-kickoff-mbf,Bind,Gentle Mates,,14,FNATIC,,12,Gentle Mates
https://www.vlr.gg/594760/gentle-mates-vs-fnatic-vct-2026-emea-kickoff-mbf,Haven,Gentle Mates,,14,FNATIC,,12,Gentle Mates
https://www.vlr.gg/594760/gentle-mates-vs-fnatic-vct-2026-emea-kickoff-mbf,AllMaps,Gentle Mates,3,65,FNATIC,2,59,Gentle Mates
https://www.vlr.gg/594769/fnatic-vs-team-liquid-vct-2026-emea-kickoff-lbf,Corrode,FNATIC,,6,Team Liquid,,13,Team Liquid
https://www.vlr.gg/594769/fnatic-vs-team-liquid-vct-2026-emea-kickoff-lbf,Bind,FNATIC,,10,Team Liquid,,13,Team Liquid
https://www.vlr.gg/594769/fnatic-vs-team-liquid-vct-2026-emea-kickoff-lbf,Abyss,FNATIC,,16,Team Liquid,,18,Team Liquid
https://www.vlr.gg/594769/fnatic-vs-team-liquid-vct-2026-emea-kickoff-lbf,AllMaps,FNATIC,0,32,Team Liquid,3,44,Team Liquid
https://www.vlr.gg/644710/team-liquid-vs-karmine-corp-vct-2026-emea-stage-1-w1,Haven,Team Liquid,,13,Karmine Corp,,10,Team Liquid
https://www.vlr.gg/644710/team-liquid-vs-karmine-corp-vct-2026-emea-stage-1-w1,Pearl,Team Liquid,,13,Karmine Corp,,7,Team Liquid
https://www.vlr.gg/644710/team-liquid-vs-karmine-corp-vct-2026-emea-stage-1-w1,AllMaps,Team Liquid,2,26,Karmine Corp,0,17,Team Liquid
https://www.vlr.gg/644712/gentle-mates-vs-fut-esports-vct-2026-emea-stage-1-w1,Pearl,Gentle Mates,,13,FUT Esports,,10,Gentle Mates
https://www.vlr.gg/644712/gentle-mates-vs-fut-esports-vct-2026-emea-stage-1-w1,Bind,Gentle Mates,,8,FUT Esports,,13,FUT Esports
https://www.vlr.gg/644712/gentle-mates-vs-fut-esports-vct-2026-emea-stage-1-w1,Haven,Gentle Mates,,6,FUT Esports,,13,FUT Esports
https://www.vlr.gg/644712/gentle-mates-vs-fut-esports-vct-2026-emea-stage-1-w1,AllMaps,Gentle Mates,1,27,FUT Esports,2,36,FUT Esports
https://www.vlr.gg/644713/team-heretics-vs-natus-vincere-vct-2026-emea-stage-1-w1,Pearl,Team Heretics,,13,Natus Vincere,,9,Team Heretics
https://www.vlr.gg/644713/team-heretics-vs-natus-vincere-vct-2026-emea-stage-1-w1,Lotus,Team Heretics,,9,Natus Vincere,,13,Natus Vincere
https://www.vlr.gg/644713/team-heretics-vs-natus-vincere-vct-2026-emea-stage-1-w1,Bind,Team Heretics,,9,Natus Vincere,,13,Natus Vincere
https://www.vlr.gg/644713/team-heretics-vs-natus-vincere-vct-2026-emea-stage-1-w1,AllMaps,Team Heretics,1,31,Natus Vincere,2,35,Natus Vincere
https://www.vlr.gg/644719/team-liquid-vs-team-heretics-vct-2026-emea-stage-1-w2,Pearl,Team Liquid,,13,Team Heretics,,10,Team Liquid
https://www.vlr.gg/644719/team-liquid-vs-team-heretics-vct-2026-emea-stage-1-w2,Bind,Team Liquid,,13,Team Heretics,,8,Team Liquid
https://www.vlr.gg/644719/team-liquid-vs-team-heretics-vct-2026-emea-stage-1-w2,AllMaps,Team Liquid,2,26,Team Heretics,0,18,Team Liquid
https://www.vlr.gg/644720/fut-esports-vs-natus-vincere-vct-2026-emea-stage-1-w2,Fracture,FUT Esports,,9,Natus Vincere,,13,Natus Vincere
https://www.vlr.gg/644720/fut-esports-vs-natus-vincere-vct-2026-emea-stage-1-w2,Bind,FUT Esports,,13,Natus Vincere,,9,FUT Esports
https://www.vlr.gg/644720/fut-esports-vs-natus-vincere-vct-2026-emea-stage-1-w2,Split,FUT Esports,,13,Natus Vincere,,6,FUT Esports
https://www.vlr.gg/644720/fut-esports-vs-natus-vincere-vct-2026-emea-stage-1-w2,AllMaps,FUT Esports,2,35,Natus Vincere,1,28,FUT Esports
https://www.vlr.gg/644721/gentle-mates-vs-karmine-corp-vct-2026-emea-stage-1-w2,Fracture,Gentle Mates,,13,Karmine Corp,,9,Gentle Mates
https://www.vlr.gg/644721/gentle-mates-vs-karmine-corp-vct-2026-emea-stage-1-w2,Haven,Gentle Mates,,9,Karmine Corp,,13,Karmine Corp
https://www.vlr.gg/644721/gentle-mates-vs-karmine-corp-vct-2026-emea-stage-1-w2,Pearl,Gentle Mates,,13,Karmine Corp,,9,Gentle Mates
https://www.vlr.gg/644721/gentle-mates-vs-karmine-corp-vct-2026-emea-stage-1-w2,AllMaps,Gentle Mates,2,35,Karmine Corp,1,31,Gentle Mates
https://www.vlr.gg/644723/gentle-mates-vs-natus-vincere-vct-2026-emea-stage-1-w3,Pearl,Gentle Mates,,13,Natus Vincere,,10,Gentle Mates
https://www.vlr.gg/644723/gentle-mates-vs-natus-vincere-vct-2026-emea-stage-1-w3,Lotus,Gentle Mates,,13,Natus Vincere,,8,Gentle Mates
https://www.vlr.gg/644723/gentle-mates-vs-natus-vincere-vct-2026-emea-stage-1-w3,AllMaps,Gentle Mates,2,26,Natus Vincere,0,18,Gentle Mates
https://www.vlr.gg/644725/karmine-corp-vs-team-heretics-vct-2026-emea-stage-1-w3,Haven,Karmine Corp,,13,Team Heretics,,6,Karmine Corp
https://www.vlr.gg/644725/karmine-corp-vs-team-heretics-vct-2026-emea-stage-1-w3,Lotus,Karmine Corp,,2,Team Heretics,,13,Team Heretics
https://www.vlr.gg/644725/karmine-corp-vs-team-heretics-vct-2026-emea-stage-1-w3,Fracture,Karmine Corp,,7,Team Heretics,,13,Team Heretics
https://www.vlr.gg/644725/karmine-corp-vs-team-heretics-vct-2026-emea-stage-1-w3,AllMaps,Karmine Corp,1,22,Team Heretics,2,32,Team Heretics
https://www.vlr.gg/644726/fut-esports-vs-team-liquid-vct-2026-emea-stage-1-w3,Breeze,FUT Esports,,13,Team Liquid,,9,FUT Esports
https://www.vlr.gg/644726/fut-esports-vs-team-liquid-vct-2026-emea-stage-1-w3,Haven,FUT Esports,,15,Team Liquid,,13,FUT Esports
https://www.vlr.gg/644726/fut-esports-vs-team-liquid-vct-2026-emea-stage-1-w3,AllMaps,FUT Esports,2,28,Team Liquid,0,22,FUT Esports
https://www.vlr.gg/644729/natus-vincere-vs-team-liquid-vct-2026-emea-stage-1-w4,Bind,Natus Vincere,,9,Team Liquid,,13,Team Liquid
https://www.vlr.gg/644729/natus-vincere-vs-team-liquid-vct-2026-emea-stage-1-w4,Split,Natus Vincere,,13,Team Liquid,,9,Natus Vincere
https://www.vlr.gg/644729/natus-vincere-vs-team-liquid-vct-2026-emea-stage-1-w4,Lotus,Natus Vincere,,7,Team Liquid,,13,Team Liquid
https://www.vlr.gg/644729/natus-vincere-vs-team-liquid-vct-2026-emea-stage-1-w4,AllMaps,Natus Vincere,1,29,Team Liquid,2,35,Team Liquid
https://www.vlr.gg/644731/karmine-corp-vs-fut-esports-vct-2026-emea-stage-1-w4,Haven,Karmine Corp,,13,FUT Esports,,9,Karmine Corp
https://www.vlr.gg/644731/karmine-corp-vs-fut-esports-vct-2026-emea-stage-1-w4,Lotus,Karmine Corp,,10,FUT Esports,,13,FUT Esports
https://www.vlr.gg/644731/karmine-corp-vs-fut-esports-vct-2026-emea-stage-1-w4,Bind,Karmine Corp,,8,FUT Esports,,13,FUT Esports
https://www.vlr.gg/644731/karmine-corp-vs-fut-esports-vct-2026-emea-stage-1-w4,AllMaps,Karmine Corp,1,31,FUT Esports,2,35,FUT Esports
https://www.vlr.gg/644732/gentle-mates-vs-team-heretics-vct-2026-emea-stage-1-w4,Fracture,Gentle Mates,,4,Team Heretics,,13,Team Heretics
https://www.vlr.gg/644732/gentle-mates-vs-team-heretics-vct-2026-emea-stage-1-w4,Lotus,Gentle Mates,,10,Team Heretics,,13,Team Heretics
https://www.vlr.gg/644732/gentle-mates-vs-team-heretics-vct-2026-emea-stage-1-w4,AllMaps,Gentle Mates,0,14,Team Heretics,2,26,Team Heretics
https://www.vlr.gg/644734/team-heretics-vs-fut-esports-vct-2026-emea-stage-1-w5,Lotus,Team Heretics,,13,FUT Esports,,11,Team Heretics
https://www.vlr.gg/644734/team-heretics-vs-fut-esports-vct-2026-emea-stage-1-w5,Split,Team Heretics,,13,FUT Esports,,2,Team Heretics
https://www.vlr.gg/644734/team-heretics-vs-fut-esports-vct-2026-emea-stage-1-w5,AllMaps,Team Heretics,2,26,FUT Esports,0,13,Team Heretics
https://www.vlr.gg/644736/natus-vincere-vs-karmine-corp-vct-2026-emea-stage-1-w5,Lotus,Natus Vincere,,13,Karmine Corp,,9,Natus Vincere
https://www.vlr.gg/644736/natus-vincere-vs-karmine-corp-vct-2026-emea-stage-1-w5,Breeze,Natus Vincere,,13,Karmine Corp,,9,Natus Vincere
https://www.vlr.gg/644736/natus-vincere-vs-karmine-corp-vct-2026-emea-stage-1-w5,AllMaps,Natus Vincere,2,26,Karmine Corp,0,18,Natus Vincere
https://www.vlr.gg/644739/gentle-mates-vs-team-liquid-vct-2026-emea-stage-1-w5,Split,Gentle Mates,,8,Team Liquid,,13,Team Liquid
https://www.vlr.gg/644739/gentle-mates-vs-team-liquid-vct-2026-emea-stage-1-w5,Lotus,Gentle Mates,,9,Team Liquid,,13,Team Liquid
https://www.vlr.gg/644739/gentle-mates-vs-team-liquid-vct-2026-emea-stage-1-w5,AllMaps,Gentle Mates,0,17,Team Liquid,2,26,Team Liquid
https://www.vlr.gg/644709/fnatic-vs-eternal-fire-vct-2026-emea-stage-1-w1,Breeze,FNATIC,,14,Eternal Fire,,12,FNATIC
https://www.vlr.gg/644709/fnatic-vs-eternal-fire-vct-2026-emea-stage-1-w1,Bind,FNATIC,,15,Eternal Fire,,17,Eternal Fire
https://www.vlr.gg/644709/fnatic-vs-eternal-fire-vct-2026-emea-stage-1-w1,Lotus,FNATIC,,13,Eternal Fire,,2,FNATIC
https://www.vlr.gg/644709/fnatic-vs-eternal-fire-vct-2026-emea-stage-1-w1,AllMaps,FNATIC,2,42,Eternal Fire,1,31,FNATIC
https://www.vlr.gg/644711/team-vitality-vs-giantx-vct-2026-emea-stage-1-w1,Haven,Team Vitality,,13,GIANTX,,8,Team Vitality
https://www.vlr.gg/644711/team-vitality-vs-giantx-vct-2026-emea-stage-1-w1,Pearl,Team Vitality,,13,GIANTX,,3,Team Vitality
https://www.vlr.gg/644711/team-vitality-vs-giantx-vct-2026-emea-stage-1-w1,AllMaps,Team Vitality,2,26,GIANTX,0,11,Team Vitality
https://www.vlr.gg/644714/bbl-esports-vs-pcific-esports-vct-2026-emea-stage-1-w1,Split,BBL Esports,,13,PCIFIC Esports,,11,BBL Esports
https://www.vlr.gg/644714/bbl-esports-vs-pcific-esports-vct-2026-emea-stage-1-w1,Breeze,BBL Esports,,13,PCIFIC Esports,,8,BBL Esports
https://www.vlr.gg/644714/bbl-esports-vs-pcific-esports-vct-2026-emea-stage-1-w1,AllMaps,BBL Esports,2,26,PCIFIC Esports,0,19,BBL Esports
https://www.vlr.gg/644716/pcific-esports-vs-giantx-vct-2026-emea-stage-1-w2,Haven,PCIFIC Esports,,8,GIANTX,,13,GIANTX
https://www.vlr.gg/644716/pcific-esports-vs-giantx-vct-2026-emea-stage-1-w2,Pearl,PCIFIC Esports,,14,GIANTX,,12,PCIFIC Esports
https://www.vlr.gg/644716/pcific-esports-vs-giantx-vct-2026-emea-stage-1-w2,Split,PCIFIC Esports,,10,GIANTX,,13,GIANTX
https://www.vlr.gg/644716/pcific-esports-vs-giantx-vct-2026-emea-stage-1-w2,AllMaps,PCIFIC Esports,1,32,GIANTX,2,38,GIANTX
https://www.vlr.gg/644717/bbl-esports-vs-eternal-fire-vct-2026-emea-stage-1-w2,Pearl,BBL Esports,,6,Eternal Fire,,13,Eternal Fire
https://www.vlr.gg/644717/bbl-esports-vs-eternal-fire-vct-2026-emea-stage-1-w2,Split,BBL Esports,,10,Eternal Fire,,13,Eternal Fire
https://www.vlr.gg/644717/bbl-esports-vs-eternal-fire-vct-2026-emea-stage-1-w2,AllMaps,BBL Esports,0,16,Eternal Fire,2,26,Eternal Fire
https://www.vlr.gg/644718/fnatic-vs-team-vitality-vct-2026-emea-stage-1-w2,Split,FNATIC,,13,Team Vitality,,11,FNATIC
https://www.vlr.gg/644718/fnatic-vs-team-vitality-vct-2026-emea-stage-1-w2,Breeze,FNATIC,,13,Team Vitality,,10,FNATIC
https://www.vlr.gg/644718/fnatic-vs-team-vitality-vct-2026-emea-stage-1-w2,AllMaps,FNATIC,2,26,Team Vitality,0,21,FNATIC
https://www.vlr.gg/644722/bbl-esports-vs-giantx-vct-2026-emea-stage-1-w3,Haven,BBL Esports,,11,GIANTX,,13,GIANTX
https://www.vlr.gg/644722/bbl-esports-vs-giantx-vct-2026-emea-stage-1-w3,Lotus,BBL Esports,,13,GIANTX,,7,BBL Esports
https://www.vlr.gg/644722/bbl-esports-vs-giantx-vct-2026-emea-stage-1-w3,Split,BBL Esports,,9,GIANTX,,13,GIANTX
https://www.vlr.gg/644722/bbl-esports-vs-giantx-vct-2026-emea-stage-1-w3,AllMaps,BBL Esports,1,33,GIANTX,2,33,GIANTX
https://www.vlr.gg/644724/eternal-fire-vs-team-vitality-vct-2026-emea-stage-1-w3,Bind,Eternal Fire,,13,Team Vitality,,11,Eternal Fire
https://www.vlr.gg/644724/eternal-fire-vs-team-vitality-vct-2026-emea-stage-1-w3,Lotus,Eternal Fire,,13,Team Vitality,,6,Eternal Fire
https://www.vlr.gg/644724/eternal-fire-vs-team-vitality-vct-2026-emea-stage-1-w3,AllMaps,Eternal Fire,2,26,Team Vitality,0,17,Eternal Fire
https://www.vlr.gg/644727/pcific-esports-vs-fnatic-vct-2026-emea-stage-1-w3,Split,PCIFIC Esports,,11,FNATIC,,13,FNATIC
https://www.vlr.gg/644727/pcific-esports-vs-fnatic-vct-2026-emea-stage-1-w3,Lotus,PCIFIC Esports,,4,FNATIC,,13,FNATIC
https://www.vlr.gg/644727/pcific-esports-vs-fnatic-vct-2026-emea-stage-1-w3,AllMaps,PCIFIC Esports,0,15,FNATIC,2,26,FNATIC
https://www.vlr.gg/644728/eternal-fire-vs-pcific-esports-vct-2026-emea-stage-1-w4,Split,Eternal Fire,,9,PCIFIC Esports,,13,PCIFIC Esports
https://www.vlr.gg/644728/eternal-fire-vs-pcific-esports-vct-2026-emea-stage-1-w4,Fracture,Eternal Fire,,13,PCIFIC Esports,,11,Eternal Fire
https://www.vlr.gg/644728/eternal-fire-vs-pcific-esports-vct-2026-emea-stage-1-w4,Lotus,Eternal Fire,,13,PCIFIC Esports,,11,Eternal Fire
https://www.vlr.gg/644728/eternal-fire-vs-pcific-esports-vct-2026-emea-stage-1-w4,AllMaps,Eternal Fire,2,35,PCIFIC Esports,1,35,Eternal Fire
https://www.vlr.gg/644730/giantx-vs-fnatic-vct-2026-emea-stage-1-w4,Haven,GIANTX,,13,FNATIC,,3,GIANTX
https://www.vlr.gg/644730/giantx-vs-fnatic-vct-2026-emea-stage-1-w4,Bind,GIANTX,,7,FNATIC,,13,FNATIC
https://www.vlr.gg/644730/giantx-vs-fnatic-vct-2026-emea-stage-1-w4,Breeze,GIANTX,,9,FNATIC,,13,FNATIC
https://www.vlr.gg/644730/giantx-vs-fnatic-vct-2026-emea-stage-1-w4,AllMaps,GIANTX,1,29,FNATIC,2,29,FNATIC
https://www.vlr.gg/644733/bbl-esports-vs-team-vitality-vct-2026-emea-stage-1-w4,Lotus,BBL Esports,,8,Team Vitality,,13,Team Vitality
https://www.vlr.gg/644733/bbl-esports-vs-team-vitality-vct-2026-emea-stage-1-w4,Haven,BBL Esports,,13,Team Vitality,,10,BBL Esports
https://www.vlr.gg/644733/bbl-esports-vs-team-vitality-vct-2026-emea-stage-1-w4,Breeze,BBL Esports,,13,Team Vitality,,5,BBL Esports
https://www.vlr.gg/644733/bbl-esports-vs-team-vitality-vct-2026-emea-stage-1-w4,AllMaps,BBL Esports,2,34,Team Vitality,1,28,BBL Esports
https://www.vlr.gg/644735/team-vitality-vs-pcific-esports-vct-2026-emea-stage-1-w5,Haven,Team Vitality,,13,PCIFIC Esports,,9,Team Vitality
https://www.vlr.gg/644735/team-vitality-vs-pcific-esports-vct-2026-emea-stage-1-w5,Split,Team Vitality,,13,PCIFIC Esports,,0,Team Vitality
https://www.vlr.gg/644735/team-vitality-vs-pcific-esports-vct-2026-emea-stage-1-w5,AllMaps,Team Vitality,2,26,PCIFIC Esports,0,9,Team Vitality
https://www.vlr.gg/644737/bbl-esports-vs-fnatic-vct-2026-emea-stage-1-w5,Haven,BBL Esports,,3,FNATIC,,13,FNATIC
https://www.vlr.gg/644737/bbl-esports-vs-fnatic-vct-2026-emea-stage-1-w5,Fracture,BBL Esports,,5,FNATIC,,13,FNATIC
https://www.vlr.gg/644737/bbl-esports-vs-fnatic-vct-2026-emea-stage-1-w5,AllMaps,BBL Esports,0,8,FNATIC,2,26,FNATIC
https://www.vlr.gg/644738/giantx-vs-eternal-fire-vct-2026-emea-stage-1-w5,Split,GIANTX,,11,Eternal Fire,,13,Eternal Fire
https://www.vlr.gg/644738/giantx-vs-eternal-fire-vct-2026-emea-stage-1-w5,Breeze,GIANTX,,10,Eternal Fire,,13,Eternal Fire
https://www.vlr.gg/644738/giantx-vs-eternal-fire-vct-2026-emea-stage-1-w5,AllMaps,GIANTX,0,21,Eternal Fire,2,26,Eternal Fire
https://www.vlr.gg/660381/eternal-fire-vs-team-heretics-vct-2026-emea-stage-1-ur1,Fracture,Eternal Fire,,7,Team Heretics,,13,Team Heretics
https://www.vlr.gg/660381/eternal-fire-vs-team-heretics-vct-2026-emea-stage-1-ur1,Pearl,Eternal Fire,,13,Team Heretics,,8,Eternal Fire
https://www.vlr.gg/660381/eternal-fire-vs-team-heretics-vct-2026-emea-stage-1-ur1,Lotus,Eternal Fire,,13,Team Heretics,,5,Eternal Fire
https://www.vlr.gg/660381/eternal-fire-vs-team-heretics-vct-2026-emea-stage-1-ur1,AllMaps,Eternal Fire,2,33,Team Heretics,1,26,Eternal Fire
https://www.vlr.gg/660382/team-liquid-vs-team-vitality-vct-2026-emea-stage-1-ur1,Pearl,Team Liquid,,3,Team Vitality,,13,Team Vitality
https://www.vlr.gg/660382/team-liquid-vs-team-vitality-vct-2026-emea-stage-1-ur1,Ascent,Team Liquid,,13,Team Vitality,,11,Team Liquid
https://www.vlr.gg/660382/team-liquid-vs-team-vitality-vct-2026-emea-stage-1-ur1,Lotus,Team Liquid,,10,Team Vitality,,13,Team Vitality
https://www.vlr.gg/660382/team-liquid-vs-team-vitality-vct-2026-emea-stage-1-ur1,AllMaps,Team Liquid,1,26,Team Vitality,2,37,Team Vitality
https://www.vlr.gg/660387/team-heretics-vs-bbl-esports-vct-2026-emea-stage-1-lr1,Breeze,Team Heretics,,13,BBL Esports,,4,Team Heretics
https://www.vlr.gg/660387/team-heretics-vs-bbl-esports-vct-2026-emea-stage-1-lr1,Ascent,Team Heretics,,14,BBL Esports,,12,Team Heretics
https://www.vlr.gg/660387/team-heretics-vs-bbl-esports-vct-2026-emea-stage-1-lr1,AllMaps,Team Heretics,2,27,BBL Esports,0,16,Team Heretics
https://www.vlr.gg/660388/team-liquid-vs-gentle-mates-vct-2026-emea-stage-1-lr1,Split,Team Liquid,,13,Gentle Mates,,4,Team Liquid
https://www.vlr.gg/660388/team-liquid-vs-gentle-mates-vct-2026-emea-stage-1-lr1,Ascent,Team Liquid,,10,Gentle Mates,,13,Gentle Mates
https://www.vlr.gg/660388/team-liquid-vs-gentle-mates-vct-2026-emea-stage-1-lr1,Fracture,Team Liquid,,2,Gentle Mates,,13,Gentle Mates
https://www.vlr.gg/660388/team-liquid-vs-gentle-mates-vct-2026-emea-stage-1-lr1,AllMaps,Team Liquid,1,25,Gentle Mates,2,30,Gentle Mates
https://www.vlr.gg/660383/fut-esports-vs-eternal-fire-vct-2026-emea-stage-1-ubsf,Pearl,FUT Esports,,5,Eternal Fire,,13,Eternal Fire
https://www.vlr.gg/660383/fut-esports-vs-eternal-fire-vct-2026-emea-stage-1-ubsf,Ascent,FUT Esports,,13,Eternal Fire,,4,FUT Esports
https://www.vlr.gg/660383/fut-esports-vs-eternal-fire-vct-2026-emea-stage-1-ubsf,Split,FUT Esports,,13,Eternal Fire,,11,FUT Esports
https://www.vlr.gg/660383/fut-esports-vs-eternal-fire-vct-2026-emea-stage-1-ubsf,AllMaps,FUT Esports,2,31,Eternal Fire,1,28,FUT Esports
https://www.vlr.gg/660384/fnatic-vs-team-vitality-vct-2026-emea-stage-1-ubsf,Breeze,FNATIC,,4,Team Vitality,,13,Team Vitality
https://www.vlr.gg/660384/fnatic-vs-team-vitality-vct-2026-emea-stage-1-ubsf,Haven,FNATIC,,13,Team Vitality,,15,Team Vitality
https://www.vlr.gg/660384/fnatic-vs-team-vitality-vct-2026-emea-stage-1-ubsf,AllMaps,FNATIC,0,17,Team Vitality,2,28,Team Vitality
https://www.vlr.gg/660389/fnatic-vs-team-heretics-vct-2026-emea-stage-1-lr2,Fracture,FNATIC,,13,Team Heretics,,10,FNATIC
https://www.vlr.gg/660389/fnatic-vs-team-heretics-vct-2026-emea-stage-1-lr2,Lotus,FNATIC,,2,Team Heretics,,13,Team Heretics
https://www.vlr.gg/660389/fnatic-vs-team-heretics-vct-2026-emea-stage-1-lr2,Ascent,FNATIC,,13,Team Heretics,,15,Team Heretics
https://www.vlr.gg/660389/fnatic-vs-team-heretics-vct-2026-emea-stage-1-lr2,AllMaps,FNATIC,1,28,Team Heretics,2,38,Team Heretics
https://www.vlr.gg/660390/eternal-fire-vs-gentle-mates-vct-2026-emea-stage-1-lr2,Ascent,Eternal Fire,,13,Gentle Mates,,5,Eternal Fire
https://www.vlr.gg/660390/eternal-fire-vs-gentle-mates-vct-2026-emea-stage-1-lr2,Lotus,Eternal Fire,,13,Gentle Mates,,9,Eternal Fire
https://www.vlr.gg/660390/eternal-fire-vs-gentle-mates-vct-2026-emea-stage-1-lr2,AllMaps,Eternal Fire,2,26,Gentle Mates,0,14,Eternal Fire
https://www.vlr.gg/660385/fut-esports-vs-team-vitality-vct-2026-emea-stage-1-ubf,Pearl,FUT Esports,,15,Team Vitality,,17,Team Vitality
https://www.vlr.gg/660385/fut-esports-vs-team-vitality-vct-2026-emea-stage-1-ubf,Ascent,FUT Esports,,13,Team Vitality,,8,FUT Esports
https://www.vlr.gg/660385/fut-esports-vs-team-vitality-vct-2026-emea-stage-1-ubf,Split,FUT Esports,,12,Team Vitality,,14,Team Vitality
https://www.vlr.gg/660385/fut-esports-vs-team-vitality-vct-2026-emea-stage-1-ubf,AllMaps,FUT Esports,1,40,Team Vitality,2,39,Team Vitality
https://www.vlr.gg/660391/team-heretics-vs-eternal-fire-vct-2026-emea-stage-1-lr3,Lotus,Team Heretics,,11,Eternal Fire,,13,Eternal Fire
https://www.vlr.gg/660391/team-heretics-vs-eternal-fire-vct-2026-emea-stage-1-lr3,Fracture,Team Heretics,,13,Eternal Fire,,10,Team Heretics
https://www.vlr.gg/660391/team-heretics-vs-eternal-fire-vct-2026-emea-stage-1-lr3,Ascent,Team Heretics,,13,Eternal Fire,,10,Team Heretics
https://www.vlr.gg/660391/team-heretics-vs-eternal-fire-vct-2026-emea-stage-1-lr3,AllMaps,Team Heretics,2,37,Eternal Fire,1,33,Team Heretics
https://www.vlr.gg/660392/fut-esports-vs-team-heretics-vct-2026-emea-stage-1-lbf,Haven,FUT Esports,,15,Team Heretics,,13,FUT Esports
https://www.vlr.gg/660392/fut-esports-vs-team-heretics-vct-2026-emea-stage-1-lbf,Lotus,FUT Esports,,4,Team Heretics,,13,Team Heretics
https://www.vlr.gg/660392/fut-esports-vs-team-heretics-vct-2026-emea-stage-1-lbf,Ascent,FUT Esports,,6,Team Heretics,,13,Team Heretics
https://www.vlr.gg/660392/fut-esports-vs-team-heretics-vct-2026-emea-stage-1-lbf,Breeze,FUT Esports,,1,Team Heretics,,13,Team Heretics
https://www.vlr.gg/660392/fut-esports-vs-team-heretics-vct-2026-emea-stage-1-lbf,AllMaps,FUT Esports,1,26,Team Heretics,3,52,Team Heretics
https://www.vlr.gg/660386/team-vitality-vs-team-heretics-vct-2026-emea-stage-1-gf,Breeze,Team Vitality,,13,Team Heretics,,10,Team Vitality
https://www.vlr.gg/660386/team-vitality-vs-team-heretics-vct-2026-emea-stage-1-gf,Lotus,Team Vitality,,13,Team Heretics,,15,Team Heretics
https://www.vlr.gg/660386/team-vitality-vs-team-heretics-vct-2026-emea-stage-1-gf,Split,Team Vitality,,11,Team Heretics,,13,Team Heretics
https://www.vlr.gg/660386/team-vitality-vs-team-heretics-vct-2026-emea-stage-1-gf,Haven,Team Vitality,,13,Team Heretics,,15,Team Heretics
https://www.vlr.gg/660386/team-vitality-vs-team-heretics-vct-2026-emea-stage-1-gf,Pearl,Team Vitality,,13,Team Heretics,,7,Team Vitality
https://www.vlr.gg/660386/team-vitality-vs-team-heretics-vct-2026-emea-stage-1-gf,AllMaps,Team Vitality,2,63,Team Heretics,3,60,Team Heretics
