URL,Mapa,Time1,Mapas_T1,Score_T1,Time2,Mapas_T2,Score_T2,Vencedor
https://www.vlr.gg/219596/number-one-player-vs-douyu-gaming-valorant-champions-2023-china-qualifier-r1,Lotus,Number One Player,,4,Douyu Gaming,,13,Douyu Gaming
https://www.vlr.gg/219596/number-one-player-vs-douyu-gaming-valorant-champions-2023-china-qualifier-r1,Split,Number One Player,,12,Douyu Gaming,,14,Douyu Gaming
https://www.vlr.gg/219596/number-one-player-vs-douyu-gaming-valorant-champions-2023-china-qualifier-r1,AllMaps,Number One Player,0,16,Douyu Gaming,2,27,Douyu Gaming
https://www.vlr.gg/219595/weibo-gaming-vs-totoro-gaming-valorant-champions-2023-china-qualifier-r1,Haven,Weibo Gaming,,13,Totoro Gaming,,15,Totoro Gaming
https://www.vlr.gg/219595/weibo-gaming-vs-totoro-gaming-valorant-champions-2023-china-qualifier-r1,Split,Weibo Gaming,,11,Totoro Gaming,,13,Totoro Gaming
https://www.vlr.gg/219595/weibo-gaming-vs-totoro-gaming-valorant-champions-2023-china-qualifier-r1,AllMaps,Weibo Gaming,0,24,Totoro Gaming,2,28,Totoro Gaming
https://www.vlr.gg/219594/gank-gaming-vs-royal-never-give-up-valorant-champions-2023-china-qualifier-r1,Ascent,Gank Gaming,,6,Royal Never Give Up,,13,Royal Never Give Up
https://www.vlr.gg/219594/gank-gaming-vs-royal-never-give-up-valorant-champions-2023-china-qualifier-r1,Lotus,Gank Gaming,,13,Royal Never Give Up,,10,Gank Gaming
https://www.vlr.gg/219594/gank-gaming-vs-royal-never-give-up-valorant-champions-2023-china-qualifier-r1,Bind,Gank Gaming,,11,Royal Never Give Up,,13,Royal Never Give Up
https://www.vlr.gg/219594/gank-gaming-vs-royal-never-give-up-valorant-champions-2023-china-qualifier-r1,AllMaps,Gank Gaming,1,30,Royal Never Give Up,2,36,Royal Never Give Up
https://www.vlr.gg/219598/four-angry-men-vs-night-wings-gaming-valorant-champions-2023-china-qualifier-r1,Bind,Four Angry Men,,15,Night Wings Gaming,,13,Four Angry Men
https://www.vlr.gg/219598/four-angry-men-vs-night-wings-gaming-valorant-champions-2023-china-qualifier-r1,Pearl,Four Angry Men,,13,Night Wings Gaming,,15,Night Wings Gaming
https://www.vlr.gg/219598/four-angry-men-vs-night-wings-gaming-valorant-champions-2023-china-qualifier-r1,Split,Four Angry Men,,11,Night Wings Gaming,,13,Night Wings Gaming
https://www.vlr.gg/219598/four-angry-men-vs-night-wings-gaming-valorant-champions-2023-china-qualifier-r1,AllMaps,Four Angry Men,1,39,Night Wings Gaming,2,41,Night Wings Gaming
https://www.vlr.gg/219597/invincible-gaming-vs-nova-esports-valorant-champions-2023-china-qualifier-r1,Split,Invincible Gaming,,5,Nova Esports,,13,Nova Esports
https://www.vlr.gg/219597/invincible-gaming-vs-nova-esports-valorant-champions-2023-china-qualifier-r1,Fracture,Invincible Gaming,,4,Nova Esports,,13,Nova Esports
https://www.vlr.gg/219597/invincible-gaming-vs-nova-esports-valorant-champions-2023-china-qualifier-r1,AllMaps,Invincible Gaming,0,9,Nova Esports,2,26,Nova Esports
https://www.vlr.gg/219599/tyloo-vs-monarch-effect-valorant-champions-2023-china-qualifier-r1,Lotus,TYLOO,,16,Monarch Effect,,14,TYLOO
https://www.vlr.gg/219599/tyloo-vs-monarch-effect-valorant-champions-2023-china-qualifier-r1,Ascent,TYLOO,,8,Monarch Effect,,13,Monarch Effect
https://www.vlr.gg/219599/tyloo-vs-monarch-effect-valorant-champions-2023-china-qualifier-r1,Split,TYLOO,,13,Monarch Effect,,11,TYLOO
https://www.vlr.gg/219599/tyloo-vs-monarch-effect-valorant-champions-2023-china-qualifier-r1,AllMaps,TYLOO,2,37,Monarch Effect,1,38,TYLOO
https://www.vlr.gg/219601/nter-vs-kingzone-valorant-champions-2023-china-qualifier-r1,Fracture,Shenzhen NTER,,13,Kingzone,,3,Shenzhen NTER
https://www.vlr.gg/219601/nter-vs-kingzone-valorant-champions-2023-china-qualifier-r1,Lotus,Shenzhen NTER,,13,Kingzone,,1,Shenzhen NTER
https://www.vlr.gg/219601/nter-vs-kingzone-valorant-champions-2023-china-qualifier-r1,AllMaps,Shenzhen NTER,2,26,Kingzone,0,4,Shenzhen NTER
https://www.vlr.gg/219600/dragon-ranger-gaming-vs-rare-atom-valorant-champions-2023-china-qualifier-r1,Haven,Dragon Ranger Gaming,,13,Rare Atom,,7,Dragon Ranger Gaming
https://www.vlr.gg/219600/dragon-ranger-gaming-vs-rare-atom-valorant-champions-2023-china-qualifier-r1,Lotus,Dragon Ranger Gaming,,12,Rare Atom,,14,Rare Atom
https://www.vlr.gg/219600/dragon-ranger-gaming-vs-rare-atom-valorant-champions-2023-china-qualifier-r1,Ascent,Dragon Ranger Gaming,,13,Rare Atom,,11,Dragon Ranger Gaming
https://www.vlr.gg/219600/dragon-ranger-gaming-vs-rare-atom-valorant-champions-2023-china-qualifier-r1,AllMaps,Dragon Ranger Gaming,2,38,Rare Atom,1,32,Dragon Ranger Gaming
https://www.vlr.gg/221177/dragon-ranger-gaming-vs-royal-never-give-up-valorant-champions-2023-china-qualifier-r2,Split,Dragon Ranger Gaming,,13,Royal Never Give Up,,11,Dragon Ranger Gaming
https://www.vlr.gg/221177/dragon-ranger-gaming-vs-royal-never-give-up-valorant-champions-2023-china-qualifier-r2,Haven,Dragon Ranger Gaming,,13,Royal Never Give Up,,8,Dragon Ranger Gaming
https://www.vlr.gg/221177/dragon-ranger-gaming-vs-royal-never-give-up-valorant-champions-2023-china-qualifier-r2,AllMaps,Dragon Ranger Gaming,2,26,Royal Never Give Up,0,19,Dragon Ranger Gaming
https://www.vlr.gg/221176/totoro-gaming-vs-nter-valorant-champions-2023-china-qualifier-r2,Lotus,Totoro Gaming,,13,Shenzhen NTER,,4,Totoro Gaming
https://www.vlr.gg/221176/totoro-gaming-vs-nter-valorant-champions-2023-china-qualifier-r2,Ascent,Totoro Gaming,,21,Shenzhen NTER,,19,Totoro Gaming
https://www.vlr.gg/221176/totoro-gaming-vs-nter-valorant-champions-2023-china-qualifier-r2,AllMaps,Totoro Gaming,2,34,Shenzhen NTER,0,23,Totoro Gaming
https://www.vlr.gg/221179/night-wings-gaming-vs-douyu-gaming-valorant-champions-2023-china-qualifier-r2,Haven,Night Wings Gaming,,10,Douyu Gaming,,13,Douyu Gaming
https://www.vlr.gg/221179/night-wings-gaming-vs-douyu-gaming-valorant-champions-2023-china-qualifier-r2,Ascent,Night Wings Gaming,,5,Douyu Gaming,,13,Douyu Gaming
https://www.vlr.gg/221179/night-wings-gaming-vs-douyu-gaming-valorant-champions-2023-china-qualifier-r2,AllMaps,Night Wings Gaming,0,15,Douyu Gaming,2,26,Douyu Gaming
https://www.vlr.gg/221178/nova-esports-vs-tyloo-valorant-champions-2023-china-qualifier-r2,Split,Nova Esports,,7,TYLOO,,13,TYLOO
https://www.vlr.gg/221178/nova-esports-vs-tyloo-valorant-champions-2023-china-qualifier-r2,Bind,Nova Esports,,5,TYLOO,,13,TYLOO
https://www.vlr.gg/221178/nova-esports-vs-tyloo-valorant-champions-2023-china-qualifier-r2,AllMaps,Nova Esports,0,12,TYLOO,2,26,TYLOO
https://www.vlr.gg/221181/number-one-player-vs-kingzone-valorant-champions-2023-china-qualifier-r2,Lotus,Number One Player,,13,Kingzone,,7,Number One Player
https://www.vlr.gg/221181/number-one-player-vs-kingzone-valorant-champions-2023-china-qualifier-r2,Fracture,Number One Player,,14,Kingzone,,12,Number One Player
https://www.vlr.gg/221181/number-one-player-vs-kingzone-valorant-champions-2023-china-qualifier-r2,AllMaps,Number One Player,2,27,Kingzone,0,19,Number One Player
https://www.vlr.gg/221180/gank-gaming-vs-invincible-gaming-valorant-champions-2023-china-qualifier-r2,Lotus,Gank Gaming,,16,Invincible Gaming,,14,Gank Gaming
https://www.vlr.gg/221180/gank-gaming-vs-invincible-gaming-valorant-champions-2023-china-qualifier-r2,Split,Gank Gaming,,13,Invincible Gaming,,4,Gank Gaming
https://www.vlr.gg/221180/gank-gaming-vs-invincible-gaming-valorant-champions-2023-china-qualifier-r2,AllMaps,Gank Gaming,2,29,Invincible Gaming,0,18,Gank Gaming
https://www.vlr.gg/221183/weibo-gaming-vs-four-angry-men-valorant-champions-2023-china-qualifier-r2,Bind,Weibo Gaming,,11,Four Angry Men,,13,Four Angry Men
https://www.vlr.gg/221183/weibo-gaming-vs-four-angry-men-valorant-champions-2023-china-qualifier-r2,Haven,Weibo Gaming,,13,Four Angry Men,,4,Weibo Gaming
https://www.vlr.gg/221183/weibo-gaming-vs-four-angry-men-valorant-champions-2023-china-qualifier-r2,Split,Weibo Gaming,,13,Four Angry Men,,7,Weibo Gaming
https://www.vlr.gg/221183/weibo-gaming-vs-four-angry-men-valorant-champions-2023-china-qualifier-r2,AllMaps,Weibo Gaming,2,37,Four Angry Men,1,24,Weibo Gaming
https://www.vlr.gg/221182/rare-atom-vs-monarch-effect-valorant-champions-2023-china-qualifier-r2,Lotus,Rare Atom,,14,Monarch Effect,,12,Rare Atom
https://www.vlr.gg/221182/rare-atom-vs-monarch-effect-valorant-champions-2023-china-qualifier-r2,Ascent,Rare Atom,,8,Monarch Effect,,13,Monarch Effect
https://www.vlr.gg/221182/rare-atom-vs-monarch-effect-valorant-champions-2023-china-qualifier-r2,Bind,Rare Atom,,11,Monarch Effect,,13,Monarch Effect
https://www.vlr.gg/221182/rare-atom-vs-monarch-effect-valorant-champions-2023-china-qualifier-r2,AllMaps,Rare Atom,1,33,Monarch Effect,2,38,Monarch Effect
https://www.vlr.gg/221837/weibo-gaming-vs-nter-valorant-champions-2023-china-qualifier-r3,Fracture,Weibo Gaming,,13,Shenzhen NTER,,10,Weibo Gaming
https://www.vlr.gg/221837/weibo-gaming-vs-nter-valorant-champions-2023-china-qualifier-r3,Haven,Weibo Gaming,,13,Shenzhen NTER,,11,Weibo Gaming
https://www.vlr.gg/221837/weibo-gaming-vs-nter-valorant-champions-2023-china-qualifier-r3,AllMaps,Weibo Gaming,2,26,Shenzhen NTER,0,21,Weibo Gaming
https://www.vlr.gg/221838/royal-never-give-up-vs-nova-esports-valorant-champions-2023-china-qualifier-r3,Ascent,Royal Never Give Up,,11,Nova Esports,,13,Nova Esports
https://www.vlr.gg/221838/royal-never-give-up-vs-nova-esports-valorant-champions-2023-china-qualifier-r3,Bind,Royal Never Give Up,,13,Nova Esports,,4,Royal Never Give Up
https://www.vlr.gg/221838/royal-never-give-up-vs-nova-esports-valorant-champions-2023-china-qualifier-r3,Split,Royal Never Give Up,,13,Nova Esports,,11,Royal Never Give Up
https://www.vlr.gg/221838/royal-never-give-up-vs-nova-esports-valorant-champions-2023-china-qualifier-r3,AllMaps,Royal Never Give Up,2,37,Nova Esports,1,28,Royal Never Give Up
https://www.vlr.gg/221839/night-wings-gaming-vs-gank-gaming-valorant-champions-2023-china-qualifier-r3,Split,Night Wings Gaming,,13,Gank Gaming,,11,Night Wings Gaming
https://www.vlr.gg/221839/night-wings-gaming-vs-gank-gaming-valorant-champions-2023-china-qualifier-r3,Bind,Night Wings Gaming,,14,Gank Gaming,,12,Night Wings Gaming
https://www.vlr.gg/221839/night-wings-gaming-vs-gank-gaming-valorant-champions-2023-china-qualifier-r3,AllMaps,Night Wings Gaming,2,27,Gank Gaming,0,23,Night Wings Gaming
https://www.vlr.gg/221840/number-one-player-vs-monarch-effect-valorant-champions-2023-china-qualifier-r3,Pearl,Number One Player,,15,Monarch Effect,,13,Number One Player
https://www.vlr.gg/221840/number-one-player-vs-monarch-effect-valorant-champions-2023-china-qualifier-r3,Lotus,Number One Player,,10,Monarch Effect,,13,Monarch Effect
https://www.vlr.gg/221840/number-one-player-vs-monarch-effect-valorant-champions-2023-china-qualifier-r3,Bind,Number One Player,,13,Monarch Effect,,15,Monarch Effect
https://www.vlr.gg/221840/number-one-player-vs-monarch-effect-valorant-champions-2023-china-qualifier-r3,AllMaps,Number One Player,1,38,Monarch Effect,2,41,Monarch Effect
https://www.vlr.gg/221840/number-one-player-vs-monarch-effect-valorant-champions-2023-china-qualifier-r3,Pearl,Number One Player,,15,Monarch Effect,,13,Number One Player
https://www.vlr.gg/221840/number-one-player-vs-monarch-effect-valorant-champions-2023-china-qualifier-r3,Lotus,Number One Player,,10,Monarch Effect,,13,Monarch Effect
https://www.vlr.gg/221840/number-one-player-vs-monarch-effect-valorant-champions-2023-china-qualifier-r3,Bind,Number One Player,,13,Monarch Effect,,15,Monarch Effect
https://www.vlr.gg/221840/number-one-player-vs-monarch-effect-valorant-champions-2023-china-qualifier-r3,AllMaps,Number One Player,1,38,Monarch Effect,2,41,Monarch Effect
https://www.vlr.gg/221842/kingzone-vs-four-angry-men-valorant-champions-2023-china-qualifier-r3,Lotus,Kingzone,,4,Four Angry Men,,13,Four Angry Men
https://www.vlr.gg/221842/kingzone-vs-four-angry-men-valorant-champions-2023-china-qualifier-r3,Pearl,Kingzone,,4,Four Angry Men,,13,Four Angry Men
https://www.vlr.gg/221842/kingzone-vs-four-angry-men-valorant-champions-2023-china-qualifier-r3,AllMaps,Kingzone,0,8,Four Angry Men,2,26,Four Angry Men
https://www.vlr.gg/221841/totoro-gaming-vs-douyu-gaming-valorant-champions-2023-china-qualifier-r3,Ascent,Totoro Gaming,,13,Douyu Gaming,,4,Totoro Gaming
https://www.vlr.gg/221841/totoro-gaming-vs-douyu-gaming-valorant-champions-2023-china-qualifier-r3,Pearl,Totoro Gaming,,13,Douyu Gaming,,10,Totoro Gaming
https://www.vlr.gg/221841/totoro-gaming-vs-douyu-gaming-valorant-champions-2023-china-qualifier-r3,AllMaps,Totoro Gaming,2,26,Douyu Gaming,0,14,Totoro Gaming
https://www.vlr.gg/221844/invincible-gaming-vs-rare-atom-valorant-champions-2023-china-qualifier-r3,Lotus,Invincible Gaming,,13,Rare Atom,,11,Invincible Gaming
https://www.vlr.gg/221844/invincible-gaming-vs-rare-atom-valorant-champions-2023-china-qualifier-r3,Bind,Invincible Gaming,,13,Rare Atom,,2,Invincible Gaming
https://www.vlr.gg/221844/invincible-gaming-vs-rare-atom-valorant-champions-2023-china-qualifier-r3,AllMaps,Invincible Gaming,2,26,Rare Atom,0,13,Invincible Gaming
https://www.vlr.gg/221843/dragon-ranger-gaming-vs-tyloo-valorant-champions-2023-china-qualifier-r3,Bind,Dragon Ranger Gaming,,7,TYLOO,,13,TYLOO
https://www.vlr.gg/221843/dragon-ranger-gaming-vs-tyloo-valorant-champions-2023-china-qualifier-r3,Ascent,Dragon Ranger Gaming,,9,TYLOO,,13,TYLOO
https://www.vlr.gg/221843/dragon-ranger-gaming-vs-tyloo-valorant-champions-2023-china-qualifier-r3,AllMaps,Dragon Ranger Gaming,0,16,TYLOO,2,26,TYLOO
https://www.vlr.gg/222364/weibo-gaming-vs-night-wings-gaming-valorant-champions-2023-china-qualifier-r4,Haven,Weibo Gaming,,13,Night Wings Gaming,,5,Weibo Gaming
https://www.vlr.gg/222364/weibo-gaming-vs-night-wings-gaming-valorant-champions-2023-china-qualifier-r4,Lotus,Weibo Gaming,,13,Night Wings Gaming,,9,Weibo Gaming
https://www.vlr.gg/222364/weibo-gaming-vs-night-wings-gaming-valorant-champions-2023-china-qualifier-r4,AllMaps,Weibo Gaming,2,26,Night Wings Gaming,0,14,Weibo Gaming
https://www.vlr.gg/222367/four-angry-men-vs-invincible-gaming-valorant-champions-2023-china-qualifier-r4,Pearl,Four Angry Men,,13,Invincible Gaming,,5,Four Angry Men
https://www.vlr.gg/222367/four-angry-men-vs-invincible-gaming-valorant-champions-2023-china-qualifier-r4,Bind,Four Angry Men,,9,Invincible Gaming,,13,Invincible Gaming
https://www.vlr.gg/222367/four-angry-men-vs-invincible-gaming-valorant-champions-2023-china-qualifier-r4,Lotus,Four Angry Men,,13,Invincible Gaming,,2,Four Angry Men
https://www.vlr.gg/222367/four-angry-men-vs-invincible-gaming-valorant-champions-2023-china-qualifier-r4,AllMaps,Four Angry Men,2,35,Invincible Gaming,1,20,Four Angry Men
https://www.vlr.gg/222365/douyu-gaming-vs-royal-never-give-up-valorant-champions-2023-china-qualifier-r4,Bind,Douyu Gaming,,12,Royal Never Give Up,,14,Royal Never Give Up
https://www.vlr.gg/222365/douyu-gaming-vs-royal-never-give-up-valorant-champions-2023-china-qualifier-r4,Split,Douyu Gaming,,11,Royal Never Give Up,,13,Royal Never Give Up
https://www.vlr.gg/222365/douyu-gaming-vs-royal-never-give-up-valorant-champions-2023-china-qualifier-r4,AllMaps,Douyu Gaming,0,23,Royal Never Give Up,2,27,Royal Never Give Up
https://www.vlr.gg/222366/dragon-ranger-gaming-vs-monarch-effect-valorant-champions-2023-china-qualifier-r4,Ascent,Dragon Ranger Gaming,,8,Monarch Effect,,13,Monarch Effect
https://www.vlr.gg/222366/dragon-ranger-gaming-vs-monarch-effect-valorant-champions-2023-china-qualifier-r4,Pearl,Dragon Ranger Gaming,,13,Monarch Effect,,7,Dragon Ranger Gaming
https://www.vlr.gg/222366/dragon-ranger-gaming-vs-monarch-effect-valorant-champions-2023-china-qualifier-r4,Split,Dragon Ranger Gaming,,9,Monarch Effect,,13,Monarch Effect
https://www.vlr.gg/222366/dragon-ranger-gaming-vs-monarch-effect-valorant-champions-2023-china-qualifier-r4,AllMaps,Dragon Ranger Gaming,1,30,Monarch Effect,2,33,Monarch Effect
https://www.vlr.gg/222369/nter-vs-number-one-player-valorant-champions-2023-china-qualifier-r4,Lotus,Shenzhen NTER,,13,Number One Player,,7,Shenzhen NTER
https://www.vlr.gg/222369/nter-vs-number-one-player-valorant-champions-2023-china-qualifier-r4,Split,Shenzhen NTER,,13,Number One Player,,10,Shenzhen NTER
https://www.vlr.gg/222369/nter-vs-number-one-player-valorant-champions-2023-china-qualifier-r4,AllMaps,Shenzhen NTER,2,26,Number One Player,0,17,Shenzhen NTER
https://www.vlr.gg/222530/night-wings-gaming-vs-nter-valorant-champions-2023-china-qualifier-r5,Split,Night Wings Gaming,,8,Shenzhen NTER,,13,Shenzhen NTER
https://www.vlr.gg/222530/night-wings-gaming-vs-nter-valorant-champions-2023-china-qualifier-r5,Haven,Night Wings Gaming,,13,Shenzhen NTER,,9,Night Wings Gaming
https://www.vlr.gg/222530/night-wings-gaming-vs-nter-valorant-champions-2023-china-qualifier-r5,Ascent,Night Wings Gaming,,13,Shenzhen NTER,,15,Shenzhen NTER
https://www.vlr.gg/222530/night-wings-gaming-vs-nter-valorant-champions-2023-china-qualifier-r5,AllMaps,Night Wings Gaming,1,34,Shenzhen NTER,2,37,Shenzhen NTER
https://www.vlr.gg/222531/gank-gaming-vs-four-angry-men-valorant-champions-2023-china-qualifier-r5,Bind,Gank Gaming,,13,Four Angry Men,,11,Gank Gaming
https://www.vlr.gg/222531/gank-gaming-vs-four-angry-men-valorant-champions-2023-china-qualifier-r5,Haven,Gank Gaming,,1,Four Angry Men,,13,Four Angry Men
https://www.vlr.gg/222531/gank-gaming-vs-four-angry-men-valorant-champions-2023-china-qualifier-r5,Ascent,Gank Gaming,,16,Four Angry Men,,18,Four Angry Men
https://www.vlr.gg/222531/gank-gaming-vs-four-angry-men-valorant-champions-2023-china-qualifier-r5,AllMaps,Gank Gaming,1,30,Four Angry Men,2,42,Four Angry Men
https://www.vlr.gg/222532/dragon-ranger-gaming-vs-douyu-gaming-valorant-champions-2023-china-qualifier-r5,Haven,Dragon Ranger Gaming,,13,Douyu Gaming,,11,Dragon Ranger Gaming
https://www.vlr.gg/222532/dragon-ranger-gaming-vs-douyu-gaming-valorant-champions-2023-china-qualifier-r5,Lotus,Dragon Ranger Gaming,,13,Douyu Gaming,,5,Dragon Ranger Gaming
https://www.vlr.gg/222532/dragon-ranger-gaming-vs-douyu-gaming-valorant-champions-2023-china-qualifier-r5,AllMaps,Dragon Ranger Gaming,2,26,Douyu Gaming,0,16,Dragon Ranger Gaming
https://www.vlr.gg/235566/trace-esports-vs-four-angry-men-champions-tour-2023-champions-china-qualifier-ko,Haven,Trace Esports,,13,Four Angry Men,,9,Trace Esports
https://www.vlr.gg/235566/trace-esports-vs-four-angry-men-champions-tour-2023-champions-china-qualifier-ko,Lotus,Trace Esports,,18,Four Angry Men,,16,Trace Esports
https://www.vlr.gg/235566/trace-esports-vs-four-angry-men-champions-tour-2023-champions-china-qualifier-ko,AllMaps,Trace Esports,2,31,Four Angry Men,0,25,Trace Esports
https://www.vlr.gg/235567/monarch-effect-vs-royal-never-give-up-champions-tour-2023-champions-china-qualifier-ko,Bind,Monarch Effect,,13,Royal Never Give Up,,11,Monarch Effect
https://www.vlr.gg/235567/monarch-effect-vs-royal-never-give-up-champions-tour-2023-champions-china-qualifier-ko,Haven,Monarch Effect,,6,Royal Never Give Up,,13,Royal Never Give Up
https://www.vlr.gg/235567/monarch-effect-vs-royal-never-give-up-champions-tour-2023-champions-china-qualifier-ko,Split,Monarch Effect,,13,Royal Never Give Up,,2,Monarch Effect
https://www.vlr.gg/235567/monarch-effect-vs-royal-never-give-up-champions-tour-2023-champions-china-qualifier-ko,AllMaps,Monarch Effect,2,32,Royal Never Give Up,1,26,Monarch Effect
https://www.vlr.gg/235568/tyloo-vs-nter-champions-tour-2023-champions-china-qualifier-ko,Pearl,TYLOO,,13,Shenzhen NTER,,4,TYLOO
https://www.vlr.gg/235568/tyloo-vs-nter-champions-tour-2023-champions-china-qualifier-ko,Lotus,TYLOO,,13,Shenzhen NTER,,9,TYLOO
https://www.vlr.gg/235568/tyloo-vs-nter-champions-tour-2023-champions-china-qualifier-ko,AllMaps,TYLOO,2,26,Shenzhen NTER,0,13,TYLOO
https://www.vlr.gg/235569/weibo-gaming-vs-dragon-ranger-gaming-champions-tour-2023-champions-china-qualifier-ko,Haven,Weibo Gaming,,10,Dragon Ranger Gaming,,13,Dragon Ranger Gaming
https://www.vlr.gg/235569/weibo-gaming-vs-dragon-ranger-gaming-champions-tour-2023-champions-china-qualifier-ko,Bind,Weibo Gaming,,13,Dragon Ranger Gaming,,9,Weibo Gaming
https://www.vlr.gg/235569/weibo-gaming-vs-dragon-ranger-gaming-champions-tour-2023-champions-china-qualifier-ko,Split,Weibo Gaming,,13,Dragon Ranger Gaming,,5,Weibo Gaming
https://www.vlr.gg/235569/weibo-gaming-vs-dragon-ranger-gaming-champions-tour-2023-champions-china-qualifier-ko,AllMaps,Weibo Gaming,2,36,Dragon Ranger Gaming,1,27,Weibo Gaming
https://www.vlr.gg/235560/attacking-soul-esports-vs-monarch-effect-champions-tour-2023-champions-china-qualifier-lr1,Fracture,Attacking Soul Esports,,13,Monarch Effect,,5,Attacking Soul Esports
https://www.vlr.gg/235560/attacking-soul-esports-vs-monarch-effect-champions-tour-2023-champions-china-qualifier-lr1,Split,Attacking Soul Esports,,13,Monarch Effect,,5,Attacking Soul Esports
https://www.vlr.gg/235560/attacking-soul-esports-vs-monarch-effect-champions-tour-2023-champions-china-qualifier-lr1,AllMaps,Attacking Soul Esports,2,26,Monarch Effect,0,10,Attacking Soul Esports
https://www.vlr.gg/235561/funplus-phoenix-vs-weibo-gaming-champions-tour-2023-champions-china-qualifier-lr1,Lotus,FunPlus Phoenix,,13,Weibo Gaming,,5,FunPlus Phoenix
https://www.vlr.gg/235561/funplus-phoenix-vs-weibo-gaming-champions-tour-2023-champions-china-qualifier-lr1,Ascent,FunPlus Phoenix,,13,Weibo Gaming,,9,FunPlus Phoenix
https://www.vlr.gg/235561/funplus-phoenix-vs-weibo-gaming-champions-tour-2023-champions-china-qualifier-lr1,AllMaps,FunPlus Phoenix,2,26,Weibo Gaming,0,14,FunPlus Phoenix
https://www.vlr.gg/235562/trace-esports-vs-funplus-phoenix-champions-tour-2023-champions-china-qualifier-lr2,Lotus,Trace Esports,,9,FunPlus Phoenix,,13,FunPlus Phoenix
https://www.vlr.gg/235562/trace-esports-vs-funplus-phoenix-champions-tour-2023-champions-china-qualifier-lr2,Split,Trace Esports,,13,FunPlus Phoenix,,6,Trace Esports
https://www.vlr.gg/235562/trace-esports-vs-funplus-phoenix-champions-tour-2023-champions-china-qualifier-lr2,Ascent,Trace Esports,,8,FunPlus Phoenix,,13,FunPlus Phoenix
https://www.vlr.gg/235562/trace-esports-vs-funplus-phoenix-champions-tour-2023-champions-china-qualifier-lr2,AllMaps,Trace Esports,1,30,FunPlus Phoenix,2,32,FunPlus Phoenix
https://www.vlr.gg/235563/tyloo-vs-attacking-soul-esports-champions-tour-2023-champions-china-qualifier-lr2,Split,TYLOO,,3,Attacking Soul Esports,,13,Attacking Soul Esports
https://www.vlr.gg/235563/tyloo-vs-attacking-soul-esports-champions-tour-2023-champions-china-qualifier-lr2,Fracture,TYLOO,,13,Attacking Soul Esports,,10,TYLOO
https://www.vlr.gg/235563/tyloo-vs-attacking-soul-esports-champions-tour-2023-champions-china-qualifier-lr2,Ascent,TYLOO,,14,Attacking Soul Esports,,12,TYLOO
https://www.vlr.gg/235563/tyloo-vs-attacking-soul-esports-champions-tour-2023-champions-china-qualifier-lr2,AllMaps,TYLOO,2,30,Attacking Soul Esports,1,35,TYLOO
https://www.vlr.gg/235555/edward-gaming-vs-weibo-gaming-champions-tour-2023-champions-china-qualifier-ubqf,Fracture,EDward Gaming,,13,Weibo Gaming,,6,EDward Gaming
https://www.vlr.gg/235555/edward-gaming-vs-weibo-gaming-champions-tour-2023-champions-china-qualifier-ubqf,Bind,EDward Gaming,,13,Weibo Gaming,,7,EDward Gaming
https://www.vlr.gg/235555/edward-gaming-vs-weibo-gaming-champions-tour-2023-champions-china-qualifier-ubqf,AllMaps,EDward Gaming,2,26,Weibo Gaming,0,13,EDward Gaming
https://www.vlr.gg/235554/funplus-phoenix-vs-tyloo-champions-tour-2023-champions-china-qualifier-ubqf,Fracture,FunPlus Phoenix,,9,TYLOO,,13,TYLOO
https://www.vlr.gg/235554/funplus-phoenix-vs-tyloo-champions-tour-2023-champions-china-qualifier-ubqf,Bind,FunPlus Phoenix,,10,TYLOO,,13,TYLOO
https://www.vlr.gg/235554/funplus-phoenix-vs-tyloo-champions-tour-2023-champions-china-qualifier-ubqf,AllMaps,FunPlus Phoenix,0,19,TYLOO,2,26,TYLOO
https://www.vlr.gg/235553/bilibili-gaming-vs-monarch-effect-champions-tour-2023-champions-china-qualifier-ubqf,Lotus,Bilibili Gaming,,13,Monarch Effect,,10,Bilibili Gaming
https://www.vlr.gg/235553/bilibili-gaming-vs-monarch-effect-champions-tour-2023-champions-china-qualifier-ubqf,Haven,Bilibili Gaming,,13,Monarch Effect,,7,Bilibili Gaming
https://www.vlr.gg/235553/bilibili-gaming-vs-monarch-effect-champions-tour-2023-champions-china-qualifier-ubqf,AllMaps,Bilibili Gaming,2,26,Monarch Effect,0,17,Bilibili Gaming
https://www.vlr.gg/235552/attacking-soul-esports-vs-trace-esports-champions-tour-2023-champions-china-qualifier-ubqf,Lotus,Attacking Soul Esports,,13,Trace Esports,,10,Attacking Soul Esports
https://www.vlr.gg/235552/attacking-soul-esports-vs-trace-esports-champions-tour-2023-champions-china-qualifier-ubqf,Split,Attacking Soul Esports,,5,Trace Esports,,13,Trace Esports
https://www.vlr.gg/235552/attacking-soul-esports-vs-trace-esports-champions-tour-2023-champions-china-qualifier-ubqf,Bind,Attacking Soul Esports,,11,Trace Esports,,13,Trace Esports
https://www.vlr.gg/235552/attacking-soul-esports-vs-trace-esports-champions-tour-2023-champions-china-qualifier-ubqf,AllMaps,Attacking Soul Esports,1,29,Trace Esports,2,36,Trace Esports
https://www.vlr.gg/235556/trace-esports-vs-bilibili-gaming-champions-tour-2023-champions-china-qualifier-ubsf,Haven,Trace Esports,,10,Bilibili Gaming,,13,Bilibili Gaming
https://www.vlr.gg/235556/trace-esports-vs-bilibili-gaming-champions-tour-2023-champions-china-qualifier-ubsf,Lotus,Trace Esports,,5,Bilibili Gaming,,13,Bilibili Gaming
https://www.vlr.gg/235556/trace-esports-vs-bilibili-gaming-champions-tour-2023-champions-china-qualifier-ubsf,Split,Trace Esports,,2,Bilibili Gaming,,13,Bilibili Gaming
https://www.vlr.gg/235556/trace-esports-vs-bilibili-gaming-champions-tour-2023-champions-china-qualifier-ubsf,AllMaps,Trace Esports,0,17,Bilibili Gaming,3,39,Bilibili Gaming
https://www.vlr.gg/235557/tyloo-vs-edward-gaming-champions-tour-2023-champions-china-qualifier-ubsf,Split,TYLOO,,6,EDward Gaming,,13,EDward Gaming
https://www.vlr.gg/235557/tyloo-vs-edward-gaming-champions-tour-2023-champions-china-qualifier-ubsf,Haven,TYLOO,,2,EDward Gaming,,13,EDward Gaming
https://www.vlr.gg/235557/tyloo-vs-edward-gaming-champions-tour-2023-champions-china-qualifier-ubsf,Bind,TYLOO,,2,EDward Gaming,,13,EDward Gaming
https://www.vlr.gg/235557/tyloo-vs-edward-gaming-champions-tour-2023-champions-china-qualifier-ubsf,AllMaps,TYLOO,0,10,EDward Gaming,3,39,EDward Gaming
https://www.vlr.gg/235564/tyloo-vs-funplus-phoenix-champions-tour-2023-champions-china-qualifier-lr3,Pearl,TYLOO,,8,FunPlus Phoenix,,13,FunPlus Phoenix
https://www.vlr.gg/235564/tyloo-vs-funplus-phoenix-champions-tour-2023-champions-china-qualifier-lr3,Bind,TYLOO,,13,FunPlus Phoenix,,7,TYLOO
https://www.vlr.gg/235564/tyloo-vs-funplus-phoenix-champions-tour-2023-champions-china-qualifier-lr3,Ascent,TYLOO,,11,FunPlus Phoenix,,13,FunPlus Phoenix
https://www.vlr.gg/235564/tyloo-vs-funplus-phoenix-champions-tour-2023-champions-china-qualifier-lr3,Fracture,TYLOO,,10,FunPlus Phoenix,,13,FunPlus Phoenix
https://www.vlr.gg/235564/tyloo-vs-funplus-phoenix-champions-tour-2023-champions-china-qualifier-lr3,AllMaps,TYLOO,1,42,FunPlus Phoenix,3,46,FunPlus Phoenix
https://www.vlr.gg/235558/bilibili-gaming-vs-edward-gaming-champions-tour-2023-champions-china-qualifier-uf,Pearl,Bilibili Gaming,,3,EDward Gaming,,13,EDward Gaming
https://www.vlr.gg/235558/bilibili-gaming-vs-edward-gaming-champions-tour-2023-champions-china-qualifier-uf,Bind,Bilibili Gaming,,10,EDward Gaming,,13,EDward Gaming
https://www.vlr.gg/235558/bilibili-gaming-vs-edward-gaming-champions-tour-2023-champions-china-qualifier-uf,Split,Bilibili Gaming,,4,EDward Gaming,,13,EDward Gaming
https://www.vlr.gg/235558/bilibili-gaming-vs-edward-gaming-champions-tour-2023-champions-china-qualifier-uf,AllMaps,Bilibili Gaming,0,17,EDward Gaming,3,39,EDward Gaming
https://www.vlr.gg/235565/bilibili-gaming-vs-funplus-phoenix-champions-tour-2023-champions-china-qualifier-lf,Lotus,Bilibili Gaming,,11,FunPlus Phoenix,,13,FunPlus Phoenix
https://www.vlr.gg/235565/bilibili-gaming-vs-funplus-phoenix-champions-tour-2023-champions-china-qualifier-lf,Bind,Bilibili Gaming,,13,FunPlus Phoenix,,9,Bilibili Gaming
https://www.vlr.gg/235565/bilibili-gaming-vs-funplus-phoenix-champions-tour-2023-champions-china-qualifier-lf,Pearl,Bilibili Gaming,,9,FunPlus Phoenix,,13,FunPlus Phoenix
https://www.vlr.gg/235565/bilibili-gaming-vs-funplus-phoenix-champions-tour-2023-champions-china-qualifier-lf,Split,Bilibili Gaming,,13,FunPlus Phoenix,,6,Bilibili Gaming
https://www.vlr.gg/235565/bilibili-gaming-vs-funplus-phoenix-champions-tour-2023-champions-china-qualifier-lf,Ascent,Bilibili Gaming,,13,FunPlus Phoenix,,5,Bilibili Gaming
https://www.vlr.gg/235565/bilibili-gaming-vs-funplus-phoenix-champions-tour-2023-champions-china-qualifier-lf,AllMaps,Bilibili Gaming,3,59,FunPlus Phoenix,2,46,Bilibili Gaming
https://www.vlr.gg/235559/edward-gaming-vs-bilibili-gaming-champions-tour-2023-champions-china-qualifier-gf,Split,EDward Gaming,,13,Bilibili Gaming,,6,EDward Gaming
https://www.vlr.gg/235559/edward-gaming-vs-bilibili-gaming-champions-tour-2023-champions-china-qualifier-gf,Fracture,EDward Gaming,,13,Bilibili Gaming,,4,EDward Gaming
https://www.vlr.gg/235559/edward-gaming-vs-bilibili-gaming-champions-tour-2023-champions-china-qualifier-gf,Bind,EDward Gaming,,12,Bilibili Gaming,,14,Bilibili Gaming
https://www.vlr.gg/235559/edward-gaming-vs-bilibili-gaming-champions-tour-2023-champions-china-qualifier-gf,Haven,EDward Gaming,,14,Bilibili Gaming,,12,EDward Gaming
https://www.vlr.gg/235559/edward-gaming-vs-bilibili-gaming-champions-tour-2023-champions-china-qualifier-gf,AllMaps,EDward Gaming,3,52,Bilibili Gaming,1,36,EDward Gaming
https://www.vlr.gg/319765/bilibili-gaming-vs-tyloo-champions-tour-2024-china-stage-1-w1,Bind,Bilibili Gaming,,3,TYLOO,,13,TYLOO
https://www.vlr.gg/319765/bilibili-gaming-vs-tyloo-champions-tour-2024-china-stage-1-w1,Icebox,Bilibili Gaming,,13,TYLOO,,6,Bilibili Gaming
https://www.vlr.gg/319765/bilibili-gaming-vs-tyloo-champions-tour-2024-china-stage-1-w1,Lotus,Bilibili Gaming,,13,TYLOO,,6,Bilibili Gaming
https://www.vlr.gg/319765/bilibili-gaming-vs-tyloo-champions-tour-2024-china-stage-1-w1,AllMaps,Bilibili Gaming,2,29,TYLOO,1,25,Bilibili Gaming
https://www.vlr.gg/319766/wolves-esports-vs-titan-esports-club-champions-tour-2024-china-stage-1-w1,Split,Wolves Esports,,13,Titan Esports Club,,5,Wolves Esports
https://www.vlr.gg/319766/wolves-esports-vs-titan-esports-club-champions-tour-2024-china-stage-1-w1,Bind,Wolves Esports,,12,Titan Esports Club,,14,Titan Esports Club
https://www.vlr.gg/319766/wolves-esports-vs-titan-esports-club-champions-tour-2024-china-stage-1-w1,Lotus,Wolves Esports,,10,Titan Esports Club,,13,Titan Esports Club
https://www.vlr.gg/319766/wolves-esports-vs-titan-esports-club-champions-tour-2024-china-stage-1-w1,AllMaps,Wolves Esports,1,35,Titan Esports Club,2,32,Titan Esports Club
https://www.vlr.gg/319767/dragon-ranger-gaming-vs-all-gamers-champions-tour-2024-china-stage-1-w1,Icebox,Dragon Ranger Gaming,,13,All Gamers,,11,Dragon Ranger Gaming
https://www.vlr.gg/319767/dragon-ranger-gaming-vs-all-gamers-champions-tour-2024-china-stage-1-w1,Sunset,Dragon Ranger Gaming,,11,All Gamers,,13,All Gamers
https://www.vlr.gg/319767/dragon-ranger-gaming-vs-all-gamers-champions-tour-2024-china-stage-1-w1,Breeze,Dragon Ranger Gaming,,8,All Gamers,,13,All Gamers
https://www.vlr.gg/319767/dragon-ranger-gaming-vs-all-gamers-champions-tour-2024-china-stage-1-w1,AllMaps,Dragon Ranger Gaming,1,32,All Gamers,2,37,All Gamers
https://www.vlr.gg/319768/edward-gaming-vs-jd-gaming-champions-tour-2024-china-stage-1-w1,Ascent,EDward Gaming,,13,JDG Esports,,5,EDward Gaming
https://www.vlr.gg/319768/edward-gaming-vs-jd-gaming-champions-tour-2024-china-stage-1-w1,Bind,EDward Gaming,,9,JDG Esports,,13,JDG Esports
https://www.vlr.gg/319768/edward-gaming-vs-jd-gaming-champions-tour-2024-china-stage-1-w1,Split,EDward Gaming,,13,JDG Esports,,11,EDward Gaming
https://www.vlr.gg/319768/edward-gaming-vs-jd-gaming-champions-tour-2024-china-stage-1-w1,AllMaps,EDward Gaming,2,35,JDG Esports,1,29,EDward Gaming
https://www.vlr.gg/319769/nova-esports-vs-trace-esports-champions-tour-2024-china-stage-1-w1,Lotus,Nova Esports,,5,Trace Esports,,13,Trace Esports
https://www.vlr.gg/319769/nova-esports-vs-trace-esports-champions-tour-2024-china-stage-1-w1,Ascent,Nova Esports,,9,Trace Esports,,13,Trace Esports
https://www.vlr.gg/319769/nova-esports-vs-trace-esports-champions-tour-2024-china-stage-1-w1,AllMaps,Nova Esports,0,14,Trace Esports,2,26,Trace Esports
https://www.vlr.gg/319770/funplus-phoenix-vs-wolves-esports-champions-tour-2024-china-stage-1-w1,Ascent,FunPlus Phoenix,,13,Wolves Esports,,8,FunPlus Phoenix
https://www.vlr.gg/319770/funplus-phoenix-vs-wolves-esports-champions-tour-2024-china-stage-1-w1,Lotus,FunPlus Phoenix,,13,Wolves Esports,,7,FunPlus Phoenix
https://www.vlr.gg/319770/funplus-phoenix-vs-wolves-esports-champions-tour-2024-china-stage-1-w1,AllMaps,FunPlus Phoenix,2,26,Wolves Esports,0,15,FunPlus Phoenix
https://www.vlr.gg/319771/jd-gaming-vs-nova-esports-champions-tour-2024-china-stage-1-w2,Sunset,JDG Esports,,13,Nova Esports,,8,JDG Esports
https://www.vlr.gg/319771/jd-gaming-vs-nova-esports-champions-tour-2024-china-stage-1-w2,Bind,JDG Esports,,9,Nova Esports,,13,Nova Esports
https://www.vlr.gg/319771/jd-gaming-vs-nova-esports-champions-tour-2024-china-stage-1-w2,Ascent,JDG Esports,,4,Nova Esports,,13,Nova Esports
https://www.vlr.gg/319771/jd-gaming-vs-nova-esports-champions-tour-2024-china-stage-1-w2,AllMaps,JDG Esports,1,26,Nova Esports,2,34,Nova Esports
https://www.vlr.gg/319772/funplus-phoenix-vs-dragon-ranger-gaming-champions-tour-2024-china-stage-1-w2,Breeze,FunPlus Phoenix,,13,Dragon Ranger Gaming,,11,FunPlus Phoenix
https://www.vlr.gg/319772/funplus-phoenix-vs-dragon-ranger-gaming-champions-tour-2024-china-stage-1-w2,Icebox,FunPlus Phoenix,,9,Dragon Ranger Gaming,,13,Dragon Ranger Gaming
https://www.vlr.gg/319772/funplus-phoenix-vs-dragon-ranger-gaming-champions-tour-2024-china-stage-1-w2,Sunset,FunPlus Phoenix,,13,Dragon Ranger Gaming,,3,FunPlus Phoenix
https://www.vlr.gg/319772/funplus-phoenix-vs-dragon-ranger-gaming-champions-tour-2024-china-stage-1-w2,AllMaps,FunPlus Phoenix,2,35,Dragon Ranger Gaming,1,27,FunPlus Phoenix
https://www.vlr.gg/319773/all-gamers-vs-wolves-esports-champions-tour-2024-china-stage-1-w2,Breeze,All Gamers,,9,Wolves Esports,,13,Wolves Esports
https://www.vlr.gg/319773/all-gamers-vs-wolves-esports-champions-tour-2024-china-stage-1-w2,Icebox,All Gamers,,12,Wolves Esports,,14,Wolves Esports
https://www.vlr.gg/319773/all-gamers-vs-wolves-esports-champions-tour-2024-china-stage-1-w2,AllMaps,All Gamers,0,21,Wolves Esports,2,27,Wolves Esports
https://www.vlr.gg/319774/trace-esports-vs-bilibili-gaming-champions-tour-2024-china-stage-1-w2,Split,Trace Esports,,11,Bilibili Gaming,,13,Bilibili Gaming
https://www.vlr.gg/319774/trace-esports-vs-bilibili-gaming-champions-tour-2024-china-stage-1-w2,Breeze,Trace Esports,,13,Bilibili Gaming,,7,Trace Esports
https://www.vlr.gg/319774/trace-esports-vs-bilibili-gaming-champions-tour-2024-china-stage-1-w2,Bind,Trace Esports,,13,Bilibili Gaming,,7,Trace Esports
https://www.vlr.gg/319774/trace-esports-vs-bilibili-gaming-champions-tour-2024-china-stage-1-w2,AllMaps,Trace Esports,2,37,Bilibili Gaming,1,27,Trace Esports
https://www.vlr.gg/319775/dragon-ranger-gaming-vs-titan-esports-club-champions-tour-2024-china-stage-1-w2,Breeze,Dragon Ranger Gaming,,4,Titan Esports Club,,13,Titan Esports Club
https://www.vlr.gg/319775/dragon-ranger-gaming-vs-titan-esports-club-champions-tour-2024-china-stage-1-w2,Split,Dragon Ranger Gaming,,13,Titan Esports Club,,7,Dragon Ranger Gaming
https://www.vlr.gg/319775/dragon-ranger-gaming-vs-titan-esports-club-champions-tour-2024-china-stage-1-w2,Icebox,Dragon Ranger Gaming,,13,Titan Esports Club,,5,Dragon Ranger Gaming
https://www.vlr.gg/319775/dragon-ranger-gaming-vs-titan-esports-club-champions-tour-2024-china-stage-1-w2,AllMaps,Dragon Ranger Gaming,2,30,Titan Esports Club,1,25,Dragon Ranger Gaming
https://www.vlr.gg/319776/tyloo-vs-edward-gaming-champions-tour-2024-china-stage-1-w2,Sunset,TYLOO,,5,EDward Gaming,,13,EDward Gaming
https://www.vlr.gg/319776/tyloo-vs-edward-gaming-champions-tour-2024-china-stage-1-w2,Bind,TYLOO,,10,EDward Gaming,,13,EDward Gaming
https://www.vlr.gg/319776/tyloo-vs-edward-gaming-champions-tour-2024-china-stage-1-w2,AllMaps,TYLOO,0,15,EDward Gaming,2,26,EDward Gaming
https://www.vlr.gg/319777/wolves-esports-vs-trace-esports-champions-tour-2024-china-stage-1-w3,Ascent,Wolves Esports,,9,Trace Esports,,13,Trace Esports
https://www.vlr.gg/319777/wolves-esports-vs-trace-esports-champions-tour-2024-china-stage-1-w3,Lotus,Wolves Esports,,9,Trace Esports,,13,Trace Esports
https://www.vlr.gg/319777/wolves-esports-vs-trace-esports-champions-tour-2024-china-stage-1-w3,AllMaps,Wolves Esports,0,18,Trace Esports,2,26,Trace Esports
https://www.vlr.gg/319778/nova-esports-vs-funplus-phoenix-champions-tour-2024-china-stage-1-w3,Ascent,Nova Esports,,6,FunPlus Phoenix,,13,FunPlus Phoenix
https://www.vlr.gg/319778/nova-esports-vs-funplus-phoenix-champions-tour-2024-china-stage-1-w3,Lotus,Nova Esports,,4,FunPlus Phoenix,,13,FunPlus Phoenix
https://www.vlr.gg/319778/nova-esports-vs-funplus-phoenix-champions-tour-2024-china-stage-1-w3,AllMaps,Nova Esports,0,10,FunPlus Phoenix,2,26,FunPlus Phoenix
https://www.vlr.gg/319779/bilibili-gaming-vs-all-gamers-champions-tour-2024-china-stage-1-w3,Lotus,Bilibili Gaming,,11,All Gamers,,13,All Gamers
https://www.vlr.gg/319779/bilibili-gaming-vs-all-gamers-champions-tour-2024-china-stage-1-w3,Bind,Bilibili Gaming,,7,All Gamers,,13,All Gamers
https://www.vlr.gg/319779/bilibili-gaming-vs-all-gamers-champions-tour-2024-china-stage-1-w3,AllMaps,Bilibili Gaming,0,18,All Gamers,2,26,All Gamers
https://www.vlr.gg/319780/dragon-ranger-gaming-vs-jd-gaming-champions-tour-2024-china-stage-1-w3,Breeze,Dragon Ranger Gaming,,13,JDG Esports,,7,Dragon Ranger Gaming
https://www.vlr.gg/319780/dragon-ranger-gaming-vs-jd-gaming-champions-tour-2024-china-stage-1-w3,Icebox,Dragon Ranger Gaming,,5,JDG Esports,,13,JDG Esports
https://www.vlr.gg/319780/dragon-ranger-gaming-vs-jd-gaming-champions-tour-2024-china-stage-1-w3,Bind,Dragon Ranger Gaming,,14,JDG Esports,,12,Dragon Ranger Gaming
https://www.vlr.gg/319780/dragon-ranger-gaming-vs-jd-gaming-champions-tour-2024-china-stage-1-w3,AllMaps,Dragon Ranger Gaming,2,32,JDG Esports,1,32,Dragon Ranger Gaming
https://www.vlr.gg/319781/tyloo-vs-nova-esports-champions-tour-2024-china-stage-1-w3,Icebox,TYLOO,,10,Nova Esports,,13,Nova Esports
https://www.vlr.gg/319781/tyloo-vs-nova-esports-champions-tour-2024-china-stage-1-w3,Ascent,TYLOO,,14,Nova Esports,,12,TYLOO
https://www.vlr.gg/319781/tyloo-vs-nova-esports-champions-tour-2024-china-stage-1-w3,Split,TYLOO,,13,Nova Esports,,9,TYLOO
https://www.vlr.gg/319781/tyloo-vs-nova-esports-champions-tour-2024-china-stage-1-w3,AllMaps,TYLOO,2,37,Nova Esports,1,34,TYLOO
https://www.vlr.gg/319782/edward-gaming-vs-titan-esports-club-champions-tour-2024-china-stage-1-w3,Ascent,EDward Gaming,,13,Titan Esports Club,,5,EDward Gaming
https://www.vlr.gg/319782/edward-gaming-vs-titan-esports-club-champions-tour-2024-china-stage-1-w3,Sunset,EDward Gaming,,13,Titan Esports Club,,5,EDward Gaming
https://www.vlr.gg/319782/edward-gaming-vs-titan-esports-club-champions-tour-2024-china-stage-1-w3,AllMaps,EDward Gaming,2,26,Titan Esports Club,0,10,EDward Gaming
https://www.vlr.gg/319783/titan-esports-club-vs-bilibili-gaming-champions-tour-2024-china-stage-1-w4,Sunset,Titan Esports Club,,13,Bilibili Gaming,,11,Titan Esports Club
https://www.vlr.gg/319783/titan-esports-club-vs-bilibili-gaming-champions-tour-2024-china-stage-1-w4,Bind,Titan Esports Club,,8,Bilibili Gaming,,13,Bilibili Gaming
https://www.vlr.gg/319783/titan-esports-club-vs-bilibili-gaming-champions-tour-2024-china-stage-1-w4,Icebox,Titan Esports Club,,13,Bilibili Gaming,,6,Titan Esports Club
https://www.vlr.gg/319783/titan-esports-club-vs-bilibili-gaming-champions-tour-2024-china-stage-1-w4,AllMaps,Titan Esports Club,2,34,Bilibili Gaming,1,30,Titan Esports Club
https://www.vlr.gg/319784/trace-esports-vs-dragon-ranger-gaming-champions-tour-2024-china-stage-1-w4,Breeze,Trace Esports,,7,Dragon Ranger Gaming,,13,Dragon Ranger Gaming
https://www.vlr.gg/319784/trace-esports-vs-dragon-ranger-gaming-champions-tour-2024-china-stage-1-w4,Sunset,Trace Esports,,10,Dragon Ranger Gaming,,13,Dragon Ranger Gaming
https://www.vlr.gg/319784/trace-esports-vs-dragon-ranger-gaming-champions-tour-2024-china-stage-1-w4,AllMaps,Trace Esports,0,17,Dragon Ranger Gaming,2,26,Dragon Ranger Gaming
https://www.vlr.gg/319785/tyloo-vs-wolves-esports-champions-tour-2024-china-stage-1-w4,Sunset,TYLOO,,11,Wolves Esports,,13,Wolves Esports
https://www.vlr.gg/319785/tyloo-vs-wolves-esports-champions-tour-2024-china-stage-1-w4,Split,TYLOO,,13,Wolves Esports,,7,TYLOO
https://www.vlr.gg/319785/tyloo-vs-wolves-esports-champions-tour-2024-china-stage-1-w4,Ascent,TYLOO,,10,Wolves Esports,,13,Wolves Esports
https://www.vlr.gg/319785/tyloo-vs-wolves-esports-champions-tour-2024-china-stage-1-w4,AllMaps,TYLOO,1,34,Wolves Esports,2,33,Wolves Esports
https://www.vlr.gg/319786/funplus-phoenix-vs-edward-gaming-champions-tour-2024-china-stage-1-w4,Breeze,FunPlus Phoenix,,4,EDward Gaming,,13,EDward Gaming
https://www.vlr.gg/319786/funplus-phoenix-vs-edward-gaming-champions-tour-2024-china-stage-1-w4,Bind,FunPlus Phoenix,,13,EDward Gaming,,11,FunPlus Phoenix
https://www.vlr.gg/319786/funplus-phoenix-vs-edward-gaming-champions-tour-2024-china-stage-1-w4,Ascent,FunPlus Phoenix,,13,EDward Gaming,,4,FunPlus Phoenix
https://www.vlr.gg/319786/funplus-phoenix-vs-edward-gaming-champions-tour-2024-china-stage-1-w4,AllMaps,FunPlus Phoenix,2,30,EDward Gaming,1,28,FunPlus Phoenix
https://www.vlr.gg/319787/all-gamers-vs-nova-esports-champions-tour-2024-china-stage-1-w4,Lotus,All Gamers,,16,Nova Esports,,14,All Gamers
https://www.vlr.gg/319787/all-gamers-vs-nova-esports-champions-tour-2024-china-stage-1-w4,Bind,All Gamers,,10,Nova Esports,,13,Nova Esports
https://www.vlr.gg/319787/all-gamers-vs-nova-esports-champions-tour-2024-china-stage-1-w4,Split,All Gamers,,13,Nova Esports,,7,All Gamers
https://www.vlr.gg/319787/all-gamers-vs-nova-esports-champions-tour-2024-china-stage-1-w4,AllMaps,All Gamers,2,39,Nova Esports,1,34,All Gamers
https://www.vlr.gg/319788/bilibili-gaming-vs-jd-gaming-champions-tour-2024-china-stage-1-w4,Icebox,Bilibili Gaming,,13,JDG Esports,,8,Bilibili Gaming
https://www.vlr.gg/319788/bilibili-gaming-vs-jd-gaming-champions-tour-2024-china-stage-1-w4,Lotus,Bilibili Gaming,,13,JDG Esports,,10,Bilibili Gaming
https://www.vlr.gg/319788/bilibili-gaming-vs-jd-gaming-champions-tour-2024-china-stage-1-w4,AllMaps,Bilibili Gaming,2,26,JDG Esports,0,18,Bilibili Gaming
https://www.vlr.gg/319789/edward-gaming-vs-all-gamers-champions-tour-2024-china-stage-1-w5,Sunset,EDward Gaming,,13,All Gamers,,6,EDward Gaming
https://www.vlr.gg/319789/edward-gaming-vs-all-gamers-champions-tour-2024-china-stage-1-w5,Icebox,EDward Gaming,,13,All Gamers,,5,EDward Gaming
https://www.vlr.gg/319789/edward-gaming-vs-all-gamers-champions-tour-2024-china-stage-1-w5,AllMaps,EDward Gaming,2,26,All Gamers,0,11,EDward Gaming
https://www.vlr.gg/319790/wolves-esports-vs-jd-gaming-champions-tour-2024-china-stage-1-w5,Lotus,Wolves Esports,,8,JDG Esports,,13,JDG Esports
https://www.vlr.gg/319790/wolves-esports-vs-jd-gaming-champions-tour-2024-china-stage-1-w5,Ascent,Wolves Esports,,1,JDG Esports,,13,JDG Esports
https://www.vlr.gg/319790/wolves-esports-vs-jd-gaming-champions-tour-2024-china-stage-1-w5,AllMaps,Wolves Esports,0,9,JDG Esports,2,26,JDG Esports
https://www.vlr.gg/319791/dragon-ranger-gaming-vs-tyloo-champions-tour-2024-china-stage-1-w5,Bind,Dragon Ranger Gaming,,10,TYLOO,,13,TYLOO
https://www.vlr.gg/319791/dragon-ranger-gaming-vs-tyloo-champions-tour-2024-china-stage-1-w5,Breeze,Dragon Ranger Gaming,,8,TYLOO,,13,TYLOO
https://www.vlr.gg/319791/dragon-ranger-gaming-vs-tyloo-champions-tour-2024-china-stage-1-w5,AllMaps,Dragon Ranger Gaming,0,18,TYLOO,2,26,TYLOO
https://www.vlr.gg/319792/bilibili-gaming-vs-funplus-phoenix-champions-tour-2024-china-stage-1-w5,Icebox,Bilibili Gaming,,2,FunPlus Phoenix,,13,FunPlus Phoenix
https://www.vlr.gg/319792/bilibili-gaming-vs-funplus-phoenix-champions-tour-2024-china-stage-1-w5,Lotus,Bilibili Gaming,,6,FunPlus Phoenix,,13,FunPlus Phoenix
https://www.vlr.gg/319792/bilibili-gaming-vs-funplus-phoenix-champions-tour-2024-china-stage-1-w5,AllMaps,Bilibili Gaming,0,8,FunPlus Phoenix,2,26,FunPlus Phoenix
https://www.vlr.gg/319793/nova-esports-vs-titan-esports-club-champions-tour-2024-china-stage-1-w5,Split,Nova Esports,,13,Titan Esports Club,,6,Nova Esports
https://www.vlr.gg/319793/nova-esports-vs-titan-esports-club-champions-tour-2024-china-stage-1-w5,Lotus,Nova Esports,,13,Titan Esports Club,,6,Nova Esports
https://www.vlr.gg/319793/nova-esports-vs-titan-esports-club-champions-tour-2024-china-stage-1-w5,AllMaps,Nova Esports,2,26,Titan Esports Club,0,12,Nova Esports
https://www.vlr.gg/319794/trace-esports-vs-edward-gaming-champions-tour-2024-china-stage-1-w5,Sunset,Trace Esports,,13,EDward Gaming,,15,EDward Gaming
https://www.vlr.gg/319794/trace-esports-vs-edward-gaming-champions-tour-2024-china-stage-1-w5,Breeze,Trace Esports,,12,EDward Gaming,,14,EDward Gaming
https://www.vlr.gg/319794/trace-esports-vs-edward-gaming-champions-tour-2024-china-stage-1-w5,AllMaps,Trace Esports,0,25,EDward Gaming,2,29,EDward Gaming
https://www.vlr.gg/319765/bilibili-gaming-vs-tyloo-champions-tour-2024-china-stage-1-w1,Bind,Bilibili Gaming,,3,TYLOO,,13,TYLOO
https://www.vlr.gg/319765/bilibili-gaming-vs-tyloo-champions-tour-2024-china-stage-1-w1,Icebox,Bilibili Gaming,,13,TYLOO,,6,Bilibili Gaming
https://www.vlr.gg/319765/bilibili-gaming-vs-tyloo-champions-tour-2024-china-stage-1-w1,Lotus,Bilibili Gaming,,13,TYLOO,,6,Bilibili Gaming
https://www.vlr.gg/319765/bilibili-gaming-vs-tyloo-champions-tour-2024-china-stage-1-w1,AllMaps,Bilibili Gaming,2,29,TYLOO,1,25,Bilibili Gaming
https://www.vlr.gg/319766/wolves-esports-vs-titan-esports-club-champions-tour-2024-china-stage-1-w1,Split,Wolves Esports,,13,Titan Esports Club,,5,Wolves Esports
https://www.vlr.gg/319766/wolves-esports-vs-titan-esports-club-champions-tour-2024-china-stage-1-w1,Bind,Wolves Esports,,12,Titan Esports Club,,14,Titan Esports Club
https://www.vlr.gg/319766/wolves-esports-vs-titan-esports-club-champions-tour-2024-china-stage-1-w1,Lotus,Wolves Esports,,10,Titan Esports Club,,13,Titan Esports Club
https://www.vlr.gg/319766/wolves-esports-vs-titan-esports-club-champions-tour-2024-china-stage-1-w1,AllMaps,Wolves Esports,1,35,Titan Esports Club,2,32,Titan Esports Club
https://www.vlr.gg/319767/dragon-ranger-gaming-vs-all-gamers-champions-tour-2024-china-stage-1-w1,Icebox,Dragon Ranger Gaming,,13,All Gamers,,11,Dragon Ranger Gaming
https://www.vlr.gg/319767/dragon-ranger-gaming-vs-all-gamers-champions-tour-2024-china-stage-1-w1,Sunset,Dragon Ranger Gaming,,11,All Gamers,,13,All Gamers
https://www.vlr.gg/319767/dragon-ranger-gaming-vs-all-gamers-champions-tour-2024-china-stage-1-w1,Breeze,Dragon Ranger Gaming,,8,All Gamers,,13,All Gamers
https://www.vlr.gg/319767/dragon-ranger-gaming-vs-all-gamers-champions-tour-2024-china-stage-1-w1,AllMaps,Dragon Ranger Gaming,1,32,All Gamers,2,37,All Gamers
https://www.vlr.gg/319768/edward-gaming-vs-jd-gaming-champions-tour-2024-china-stage-1-w1,Ascent,EDward Gaming,,13,JDG Esports,,5,EDward Gaming
https://www.vlr.gg/319768/edward-gaming-vs-jd-gaming-champions-tour-2024-china-stage-1-w1,Bind,EDward Gaming,,9,JDG Esports,,13,JDG Esports
https://www.vlr.gg/319768/edward-gaming-vs-jd-gaming-champions-tour-2024-china-stage-1-w1,Split,EDward Gaming,,13,JDG Esports,,11,EDward Gaming
https://www.vlr.gg/319768/edward-gaming-vs-jd-gaming-champions-tour-2024-china-stage-1-w1,AllMaps,EDward Gaming,2,35,JDG Esports,1,29,EDward Gaming
https://www.vlr.gg/319769/nova-esports-vs-trace-esports-champions-tour-2024-china-stage-1-w1,Lotus,Nova Esports,,5,Trace Esports,,13,Trace Esports
https://www.vlr.gg/319769/nova-esports-vs-trace-esports-champions-tour-2024-china-stage-1-w1,Ascent,Nova Esports,,9,Trace Esports,,13,Trace Esports
https://www.vlr.gg/319769/nova-esports-vs-trace-esports-champions-tour-2024-china-stage-1-w1,AllMaps,Nova Esports,0,14,Trace Esports,2,26,Trace Esports
https://www.vlr.gg/319770/funplus-phoenix-vs-wolves-esports-champions-tour-2024-china-stage-1-w1,Ascent,FunPlus Phoenix,,13,Wolves Esports,,8,FunPlus Phoenix
https://www.vlr.gg/319770/funplus-phoenix-vs-wolves-esports-champions-tour-2024-china-stage-1-w1,Lotus,FunPlus Phoenix,,13,Wolves Esports,,7,FunPlus Phoenix
https://www.vlr.gg/319770/funplus-phoenix-vs-wolves-esports-champions-tour-2024-china-stage-1-w1,AllMaps,FunPlus Phoenix,2,26,Wolves Esports,0,15,FunPlus Phoenix
https://www.vlr.gg/319771/jd-gaming-vs-nova-esports-champions-tour-2024-china-stage-1-w2,Sunset,JDG Esports,,13,Nova Esports,,8,JDG Esports
https://www.vlr.gg/319771/jd-gaming-vs-nova-esports-champions-tour-2024-china-stage-1-w2,Bind,JDG Esports,,9,Nova Esports,,13,Nova Esports
https://www.vlr.gg/319771/jd-gaming-vs-nova-esports-champions-tour-2024-china-stage-1-w2,Ascent,JDG Esports,,4,Nova Esports,,13,Nova Esports
https://www.vlr.gg/319771/jd-gaming-vs-nova-esports-champions-tour-2024-china-stage-1-w2,AllMaps,JDG Esports,1,26,Nova Esports,2,34,Nova Esports
https://www.vlr.gg/319772/funplus-phoenix-vs-dragon-ranger-gaming-champions-tour-2024-china-stage-1-w2,Breeze,FunPlus Phoenix,,13,Dragon Ranger Gaming,,11,FunPlus Phoenix
https://www.vlr.gg/319772/funplus-phoenix-vs-dragon-ranger-gaming-champions-tour-2024-china-stage-1-w2,Icebox,FunPlus Phoenix,,9,Dragon Ranger Gaming,,13,Dragon Ranger Gaming
https://www.vlr.gg/319772/funplus-phoenix-vs-dragon-ranger-gaming-champions-tour-2024-china-stage-1-w2,Sunset,FunPlus Phoenix,,13,Dragon Ranger Gaming,,3,FunPlus Phoenix
https://www.vlr.gg/319772/funplus-phoenix-vs-dragon-ranger-gaming-champions-tour-2024-china-stage-1-w2,AllMaps,FunPlus Phoenix,2,35,Dragon Ranger Gaming,1,27,FunPlus Phoenix
https://www.vlr.gg/319773/all-gamers-vs-wolves-esports-champions-tour-2024-china-stage-1-w2,Breeze,All Gamers,,9,Wolves Esports,,13,Wolves Esports
https://www.vlr.gg/319773/all-gamers-vs-wolves-esports-champions-tour-2024-china-stage-1-w2,Icebox,All Gamers,,12,Wolves Esports,,14,Wolves Esports
https://www.vlr.gg/319773/all-gamers-vs-wolves-esports-champions-tour-2024-china-stage-1-w2,AllMaps,All Gamers,0,21,Wolves Esports,2,27,Wolves Esports
https://www.vlr.gg/319774/trace-esports-vs-bilibili-gaming-champions-tour-2024-china-stage-1-w2,Split,Trace Esports,,11,Bilibili Gaming,,13,Bilibili Gaming
https://www.vlr.gg/319774/trace-esports-vs-bilibili-gaming-champions-tour-2024-china-stage-1-w2,Breeze,Trace Esports,,13,Bilibili Gaming,,7,Trace Esports
https://www.vlr.gg/319774/trace-esports-vs-bilibili-gaming-champions-tour-2024-china-stage-1-w2,Bind,Trace Esports,,13,Bilibili Gaming,,7,Trace Esports
https://www.vlr.gg/319774/trace-esports-vs-bilibili-gaming-champions-tour-2024-china-stage-1-w2,AllMaps,Trace Esports,2,37,Bilibili Gaming,1,27,Trace Esports
https://www.vlr.gg/319775/dragon-ranger-gaming-vs-titan-esports-club-champions-tour-2024-china-stage-1-w2,Breeze,Dragon Ranger Gaming,,4,Titan Esports Club,,13,Titan Esports Club
https://www.vlr.gg/319775/dragon-ranger-gaming-vs-titan-esports-club-champions-tour-2024-china-stage-1-w2,Split,Dragon Ranger Gaming,,13,Titan Esports Club,,7,Dragon Ranger Gaming
https://www.vlr.gg/319775/dragon-ranger-gaming-vs-titan-esports-club-champions-tour-2024-china-stage-1-w2,Icebox,Dragon Ranger Gaming,,13,Titan Esports Club,,5,Dragon Ranger Gaming
https://www.vlr.gg/319775/dragon-ranger-gaming-vs-titan-esports-club-champions-tour-2024-china-stage-1-w2,AllMaps,Dragon Ranger Gaming,2,30,Titan Esports Club,1,25,Dragon Ranger Gaming
https://www.vlr.gg/319776/tyloo-vs-edward-gaming-champions-tour-2024-china-stage-1-w2,Sunset,TYLOO,,5,EDward Gaming,,13,EDward Gaming
https://www.vlr.gg/319776/tyloo-vs-edward-gaming-champions-tour-2024-china-stage-1-w2,Bind,TYLOO,,10,EDward Gaming,,13,EDward Gaming
https://www.vlr.gg/319776/tyloo-vs-edward-gaming-champions-tour-2024-china-stage-1-w2,AllMaps,TYLOO,0,15,EDward Gaming,2,26,EDward Gaming
https://www.vlr.gg/319777/wolves-esports-vs-trace-esports-champions-tour-2024-china-stage-1-w3,Ascent,Wolves Esports,,9,Trace Esports,,13,Trace Esports
https://www.vlr.gg/319777/wolves-esports-vs-trace-esports-champions-tour-2024-china-stage-1-w3,Lotus,Wolves Esports,,9,Trace Esports,,13,Trace Esports
https://www.vlr.gg/319777/wolves-esports-vs-trace-esports-champions-tour-2024-china-stage-1-w3,AllMaps,Wolves Esports,0,18,Trace Esports,2,26,Trace Esports
https://www.vlr.gg/319778/nova-esports-vs-funplus-phoenix-champions-tour-2024-china-stage-1-w3,Ascent,Nova Esports,,6,FunPlus Phoenix,,13,FunPlus Phoenix
https://www.vlr.gg/319778/nova-esports-vs-funplus-phoenix-champions-tour-2024-china-stage-1-w3,Lotus,Nova Esports,,4,FunPlus Phoenix,,13,FunPlus Phoenix
https://www.vlr.gg/319778/nova-esports-vs-funplus-phoenix-champions-tour-2024-china-stage-1-w3,AllMaps,Nova Esports,0,10,FunPlus Phoenix,2,26,FunPlus Phoenix
https://www.vlr.gg/319779/bilibili-gaming-vs-all-gamers-champions-tour-2024-china-stage-1-w3,Lotus,Bilibili Gaming,,11,All Gamers,,13,All Gamers
https://www.vlr.gg/319779/bilibili-gaming-vs-all-gamers-champions-tour-2024-china-stage-1-w3,Bind,Bilibili Gaming,,7,All Gamers,,13,All Gamers
https://www.vlr.gg/319779/bilibili-gaming-vs-all-gamers-champions-tour-2024-china-stage-1-w3,AllMaps,Bilibili Gaming,0,18,All Gamers,2,26,All Gamers
https://www.vlr.gg/319780/dragon-ranger-gaming-vs-jd-gaming-champions-tour-2024-china-stage-1-w3,Breeze,Dragon Ranger Gaming,,13,JDG Esports,,7,Dragon Ranger Gaming
https://www.vlr.gg/319780/dragon-ranger-gaming-vs-jd-gaming-champions-tour-2024-china-stage-1-w3,Icebox,Dragon Ranger Gaming,,5,JDG Esports,,13,JDG Esports
https://www.vlr.gg/319780/dragon-ranger-gaming-vs-jd-gaming-champions-tour-2024-china-stage-1-w3,Bind,Dragon Ranger Gaming,,14,JDG Esports,,12,Dragon Ranger Gaming
https://www.vlr.gg/319780/dragon-ranger-gaming-vs-jd-gaming-champions-tour-2024-china-stage-1-w3,AllMaps,Dragon Ranger Gaming,2,32,JDG Esports,1,32,Dragon Ranger Gaming
https://www.vlr.gg/319781/tyloo-vs-nova-esports-champions-tour-2024-china-stage-1-w3,Icebox,TYLOO,,10,Nova Esports,,13,Nova Esports
https://www.vlr.gg/319781/tyloo-vs-nova-esports-champions-tour-2024-china-stage-1-w3,Ascent,TYLOO,,14,Nova Esports,,12,TYLOO
https://www.vlr.gg/319781/tyloo-vs-nova-esports-champions-tour-2024-china-stage-1-w3,Split,TYLOO,,13,Nova Esports,,9,TYLOO
https://www.vlr.gg/319781/tyloo-vs-nova-esports-champions-tour-2024-china-stage-1-w3,AllMaps,TYLOO,2,37,Nova Esports,1,34,TYLOO
https://www.vlr.gg/319782/edward-gaming-vs-titan-esports-club-champions-tour-2024-china-stage-1-w3,Ascent,EDward Gaming,,13,Titan Esports Club,,5,EDward Gaming
https://www.vlr.gg/319782/edward-gaming-vs-titan-esports-club-champions-tour-2024-china-stage-1-w3,Sunset,EDward Gaming,,13,Titan Esports Club,,5,EDward Gaming
https://www.vlr.gg/319782/edward-gaming-vs-titan-esports-club-champions-tour-2024-china-stage-1-w3,AllMaps,EDward Gaming,2,26,Titan Esports Club,0,10,EDward Gaming
https://www.vlr.gg/319783/titan-esports-club-vs-bilibili-gaming-champions-tour-2024-china-stage-1-w4,Sunset,Titan Esports Club,,13,Bilibili Gaming,,11,Titan Esports Club
https://www.vlr.gg/319783/titan-esports-club-vs-bilibili-gaming-champions-tour-2024-china-stage-1-w4,Bind,Titan Esports Club,,8,Bilibili Gaming,,13,Bilibili Gaming
https://www.vlr.gg/319783/titan-esports-club-vs-bilibili-gaming-champions-tour-2024-china-stage-1-w4,Icebox,Titan Esports Club,,13,Bilibili Gaming,,6,Titan Esports Club
https://www.vlr.gg/319783/titan-esports-club-vs-bilibili-gaming-champions-tour-2024-china-stage-1-w4,AllMaps,Titan Esports Club,2,34,Bilibili Gaming,1,30,Titan Esports Club
https://www.vlr.gg/319784/trace-esports-vs-dragon-ranger-gaming-champions-tour-2024-china-stage-1-w4,Breeze,Trace Esports,,7,Dragon Ranger Gaming,,13,Dragon Ranger Gaming
https://www.vlr.gg/319784/trace-esports-vs-dragon-ranger-gaming-champions-tour-2024-china-stage-1-w4,Sunset,Trace Esports,,10,Dragon Ranger Gaming,,13,Dragon Ranger Gaming
https://www.vlr.gg/319784/trace-esports-vs-dragon-ranger-gaming-champions-tour-2024-china-stage-1-w4,AllMaps,Trace Esports,0,17,Dragon Ranger Gaming,2,26,Dragon Ranger Gaming
https://www.vlr.gg/319785/tyloo-vs-wolves-esports-champions-tour-2024-china-stage-1-w4,Sunset,TYLOO,,11,Wolves Esports,,13,Wolves Esports
https://www.vlr.gg/319785/tyloo-vs-wolves-esports-champions-tour-2024-china-stage-1-w4,Split,TYLOO,,13,Wolves Esports,,7,TYLOO
https://www.vlr.gg/319785/tyloo-vs-wolves-esports-champions-tour-2024-china-stage-1-w4,Ascent,TYLOO,,10,Wolves Esports,,13,Wolves Esports
https://www.vlr.gg/319785/tyloo-vs-wolves-esports-champions-tour-2024-china-stage-1-w4,AllMaps,TYLOO,1,34,Wolves Esports,2,33,Wolves Esports
https://www.vlr.gg/319786/funplus-phoenix-vs-edward-gaming-champions-tour-2024-china-stage-1-w4,Breeze,FunPlus Phoenix,,4,EDward Gaming,,13,EDward Gaming
https://www.vlr.gg/319786/funplus-phoenix-vs-edward-gaming-champions-tour-2024-china-stage-1-w4,Bind,FunPlus Phoenix,,13,EDward Gaming,,11,FunPlus Phoenix
https://www.vlr.gg/319786/funplus-phoenix-vs-edward-gaming-champions-tour-2024-china-stage-1-w4,Ascent,FunPlus Phoenix,,13,EDward Gaming,,4,FunPlus Phoenix
https://www.vlr.gg/319786/funplus-phoenix-vs-edward-gaming-champions-tour-2024-china-stage-1-w4,AllMaps,FunPlus Phoenix,2,30,EDward Gaming,1,28,FunPlus Phoenix
https://www.vlr.gg/319787/all-gamers-vs-nova-esports-champions-tour-2024-china-stage-1-w4,Lotus,All Gamers,,16,Nova Esports,,14,All Gamers
https://www.vlr.gg/319787/all-gamers-vs-nova-esports-champions-tour-2024-china-stage-1-w4,Bind,All Gamers,,10,Nova Esports,,13,Nova Esports
https://www.vlr.gg/319787/all-gamers-vs-nova-esports-champions-tour-2024-china-stage-1-w4,Split,All Gamers,,13,Nova Esports,,7,All Gamers
https://www.vlr.gg/319787/all-gamers-vs-nova-esports-champions-tour-2024-china-stage-1-w4,AllMaps,All Gamers,2,39,Nova Esports,1,34,All Gamers
https://www.vlr.gg/319788/bilibili-gaming-vs-jd-gaming-champions-tour-2024-china-stage-1-w4,Icebox,Bilibili Gaming,,13,JDG Esports,,8,Bilibili Gaming
https://www.vlr.gg/319788/bilibili-gaming-vs-jd-gaming-champions-tour-2024-china-stage-1-w4,Lotus,Bilibili Gaming,,13,JDG Esports,,10,Bilibili Gaming
https://www.vlr.gg/319788/bilibili-gaming-vs-jd-gaming-champions-tour-2024-china-stage-1-w4,AllMaps,Bilibili Gaming,2,26,JDG Esports,0,18,Bilibili Gaming
https://www.vlr.gg/319789/edward-gaming-vs-all-gamers-champions-tour-2024-china-stage-1-w5,Sunset,EDward Gaming,,13,All Gamers,,6,EDward Gaming
https://www.vlr.gg/319789/edward-gaming-vs-all-gamers-champions-tour-2024-china-stage-1-w5,Icebox,EDward Gaming,,13,All Gamers,,5,EDward Gaming
https://www.vlr.gg/319789/edward-gaming-vs-all-gamers-champions-tour-2024-china-stage-1-w5,AllMaps,EDward Gaming,2,26,All Gamers,0,11,EDward Gaming
https://www.vlr.gg/319790/wolves-esports-vs-jd-gaming-champions-tour-2024-china-stage-1-w5,Lotus,Wolves Esports,,8,JDG Esports,,13,JDG Esports
https://www.vlr.gg/319790/wolves-esports-vs-jd-gaming-champions-tour-2024-china-stage-1-w5,Ascent,Wolves Esports,,1,JDG Esports,,13,JDG Esports
https://www.vlr.gg/319790/wolves-esports-vs-jd-gaming-champions-tour-2024-china-stage-1-w5,AllMaps,Wolves Esports,0,9,JDG Esports,2,26,JDG Esports
https://www.vlr.gg/319791/dragon-ranger-gaming-vs-tyloo-champions-tour-2024-china-stage-1-w5,Bind,Dragon Ranger Gaming,,10,TYLOO,,13,TYLOO
https://www.vlr.gg/319791/dragon-ranger-gaming-vs-tyloo-champions-tour-2024-china-stage-1-w5,Breeze,Dragon Ranger Gaming,,8,TYLOO,,13,TYLOO
https://www.vlr.gg/319791/dragon-ranger-gaming-vs-tyloo-champions-tour-2024-china-stage-1-w5,AllMaps,Dragon Ranger Gaming,0,18,TYLOO,2,26,TYLOO
https://www.vlr.gg/319792/bilibili-gaming-vs-funplus-phoenix-champions-tour-2024-china-stage-1-w5,Icebox,Bilibili Gaming,,2,FunPlus Phoenix,,13,FunPlus Phoenix
https://www.vlr.gg/319792/bilibili-gaming-vs-funplus-phoenix-champions-tour-2024-china-stage-1-w5,Lotus,Bilibili Gaming,,6,FunPlus Phoenix,,13,FunPlus Phoenix
https://www.vlr.gg/319792/bilibili-gaming-vs-funplus-phoenix-champions-tour-2024-china-stage-1-w5,AllMaps,Bilibili Gaming,0,8,FunPlus Phoenix,2,26,FunPlus Phoenix
https://www.vlr.gg/319793/nova-esports-vs-titan-esports-club-champions-tour-2024-china-stage-1-w5,Split,Nova Esports,,13,Titan Esports Club,,6,Nova Esports
https://www.vlr.gg/319793/nova-esports-vs-titan-esports-club-champions-tour-2024-china-stage-1-w5,Lotus,Nova Esports,,13,Titan Esports Club,,6,Nova Esports
https://www.vlr.gg/319793/nova-esports-vs-titan-esports-club-champions-tour-2024-china-stage-1-w5,AllMaps,Nova Esports,2,26,Titan Esports Club,0,12,Nova Esports
https://www.vlr.gg/319794/trace-esports-vs-edward-gaming-champions-tour-2024-china-stage-1-w5,Sunset,Trace Esports,,13,EDward Gaming,,15,EDward Gaming
https://www.vlr.gg/319794/trace-esports-vs-edward-gaming-champions-tour-2024-china-stage-1-w5,Breeze,Trace Esports,,12,EDward Gaming,,14,EDward Gaming
https://www.vlr.gg/319794/trace-esports-vs-edward-gaming-champions-tour-2024-china-stage-1-w5,AllMaps,Trace Esports,0,25,EDward Gaming,2,29,EDward Gaming
https://www.vlr.gg/342356/trace-esports-vs-all-gamers-champions-tour-2024-china-stage-1-ko,Sunset,Trace Esports,,13,All Gamers,,9,Trace Esports
https://www.vlr.gg/342356/trace-esports-vs-all-gamers-champions-tour-2024-china-stage-1-ko,Breeze,Trace Esports,,13,All Gamers,,7,Trace Esports
https://www.vlr.gg/342356/trace-esports-vs-all-gamers-champions-tour-2024-china-stage-1-ko,AllMaps,Trace Esports,2,26,All Gamers,0,16,Trace Esports
https://www.vlr.gg/342357/dragon-ranger-gaming-vs-nova-esports-champions-tour-2024-china-stage-1-ko,Bind,Dragon Ranger Gaming,,13,Nova Esports,,8,Dragon Ranger Gaming
https://www.vlr.gg/342357/dragon-ranger-gaming-vs-nova-esports-champions-tour-2024-china-stage-1-ko,Ascent,Dragon Ranger Gaming,,13,Nova Esports,,7,Dragon Ranger Gaming
https://www.vlr.gg/342357/dragon-ranger-gaming-vs-nova-esports-champions-tour-2024-china-stage-1-ko,AllMaps,Dragon Ranger Gaming,2,26,Nova Esports,0,15,Dragon Ranger Gaming
https://www.vlr.gg/342358/funplus-phoenix-vs-trace-esports-champions-tour-2024-china-stage-1-ubsf,Bind,FunPlus Phoenix,,13,Trace Esports,,10,FunPlus Phoenix
https://www.vlr.gg/342358/funplus-phoenix-vs-trace-esports-champions-tour-2024-china-stage-1-ubsf,Lotus,FunPlus Phoenix,,13,Trace Esports,,8,FunPlus Phoenix
https://www.vlr.gg/342358/funplus-phoenix-vs-trace-esports-champions-tour-2024-china-stage-1-ubsf,AllMaps,FunPlus Phoenix,2,26,Trace Esports,0,18,FunPlus Phoenix
https://www.vlr.gg/342359/edward-gaming-vs-dragon-ranger-gaming-champions-tour-2024-china-stage-1-ubsf,Ascent,EDward Gaming,,13,Dragon Ranger Gaming,,3,EDward Gaming
https://www.vlr.gg/342359/edward-gaming-vs-dragon-ranger-gaming-champions-tour-2024-china-stage-1-ubsf,Split,EDward Gaming,,13,Dragon Ranger Gaming,,9,EDward Gaming
https://www.vlr.gg/342359/edward-gaming-vs-dragon-ranger-gaming-champions-tour-2024-china-stage-1-ubsf,AllMaps,EDward Gaming,2,26,Dragon Ranger Gaming,0,12,EDward Gaming
https://www.vlr.gg/342361/trace-esports-vs-dragon-ranger-gaming-champions-tour-2024-china-stage-1-lr1,Sunset,Trace Esports,,13,Dragon Ranger Gaming,,6,Trace Esports
https://www.vlr.gg/342361/trace-esports-vs-dragon-ranger-gaming-champions-tour-2024-china-stage-1-lr1,Split,Trace Esports,,8,Dragon Ranger Gaming,,13,Dragon Ranger Gaming
https://www.vlr.gg/342361/trace-esports-vs-dragon-ranger-gaming-champions-tour-2024-china-stage-1-lr1,Bind,Trace Esports,,7,Dragon Ranger Gaming,,13,Dragon Ranger Gaming
https://www.vlr.gg/342361/trace-esports-vs-dragon-ranger-gaming-champions-tour-2024-china-stage-1-lr1,AllMaps,Trace Esports,1,28,Dragon Ranger Gaming,2,32,Dragon Ranger Gaming
https://www.vlr.gg/342360/funplus-phoenix-vs-edward-gaming-champions-tour-2024-china-stage-1-ubf,Icebox,FunPlus Phoenix,,13,EDward Gaming,,10,FunPlus Phoenix
https://www.vlr.gg/342360/funplus-phoenix-vs-edward-gaming-champions-tour-2024-china-stage-1-ubf,Breeze,FunPlus Phoenix,,14,EDward Gaming,,12,FunPlus Phoenix
https://www.vlr.gg/342360/funplus-phoenix-vs-edward-gaming-champions-tour-2024-china-stage-1-ubf,AllMaps,FunPlus Phoenix,2,27,EDward Gaming,0,22,FunPlus Phoenix
https://www.vlr.gg/342362/edward-gaming-vs-dragon-ranger-gaming-champions-tour-2024-china-stage-1-lf,Breeze,EDward Gaming,,13,Dragon Ranger Gaming,,10,EDward Gaming
https://www.vlr.gg/342362/edward-gaming-vs-dragon-ranger-gaming-champions-tour-2024-china-stage-1-lf,Split,EDward Gaming,,13,Dragon Ranger Gaming,,3,EDward Gaming
https://www.vlr.gg/342362/edward-gaming-vs-dragon-ranger-gaming-champions-tour-2024-china-stage-1-lf,Ascent,EDward Gaming,,2,Dragon Ranger Gaming,,13,Dragon Ranger Gaming
https://www.vlr.gg/342362/edward-gaming-vs-dragon-ranger-gaming-champions-tour-2024-china-stage-1-lf,Bind,EDward Gaming,,13,Dragon Ranger Gaming,,6,EDward Gaming
https://www.vlr.gg/342362/edward-gaming-vs-dragon-ranger-gaming-champions-tour-2024-china-stage-1-lf,AllMaps,EDward Gaming,3,41,Dragon Ranger Gaming,1,32,EDward Gaming
https://www.vlr.gg/342363/funplus-phoenix-vs-edward-gaming-champions-tour-2024-china-stage-1-gf,Lotus,FunPlus Phoenix,,13,EDward Gaming,,6,FunPlus Phoenix
https://www.vlr.gg/342363/funplus-phoenix-vs-edward-gaming-champions-tour-2024-china-stage-1-gf,Bind,FunPlus Phoenix,,9,EDward Gaming,,13,EDward Gaming
https://www.vlr.gg/342363/funplus-phoenix-vs-edward-gaming-champions-tour-2024-china-stage-1-gf,Icebox,FunPlus Phoenix,,12,EDward Gaming,,14,EDward Gaming
https://www.vlr.gg/342363/funplus-phoenix-vs-edward-gaming-champions-tour-2024-china-stage-1-gf,Breeze,FunPlus Phoenix,,8,EDward Gaming,,13,EDward Gaming
https://www.vlr.gg/342363/funplus-phoenix-vs-edward-gaming-champions-tour-2024-china-stage-1-gf,AllMaps,FunPlus Phoenix,1,42,EDward Gaming,3,46,EDward Gaming
https://www.vlr.gg/359605/bilibili-gaming-vs-wolves-esports-champions-tour-2024-china-stage-2-w1,Sunset,Bilibili Gaming,,13,Wolves Esports,,5,Bilibili Gaming
https://www.vlr.gg/359605/bilibili-gaming-vs-wolves-esports-champions-tour-2024-china-stage-2-w1,Bind,Bilibili Gaming,,13,Wolves Esports,,7,Bilibili Gaming
https://www.vlr.gg/359605/bilibili-gaming-vs-wolves-esports-champions-tour-2024-china-stage-2-w1,AllMaps,Bilibili Gaming,2,26,Wolves Esports,0,12,Bilibili Gaming
https://www.vlr.gg/359606/dragon-ranger-gaming-vs-nova-esports-champions-tour-2024-china-stage-2-w2,Ascent,Dragon Ranger Gaming,,13,Nova Esports,,7,Dragon Ranger Gaming
https://www.vlr.gg/359606/dragon-ranger-gaming-vs-nova-esports-champions-tour-2024-china-stage-2-w2,Lotus,Dragon Ranger Gaming,,12,Nova Esports,,14,Nova Esports
https://www.vlr.gg/359606/dragon-ranger-gaming-vs-nova-esports-champions-tour-2024-china-stage-2-w2,Sunset,Dragon Ranger Gaming,,5,Nova Esports,,13,Nova Esports
https://www.vlr.gg/359606/dragon-ranger-gaming-vs-nova-esports-champions-tour-2024-china-stage-2-w2,AllMaps,Dragon Ranger Gaming,1,30,Nova Esports,2,34,Nova Esports
https://www.vlr.gg/359609/edward-gaming-vs-wolves-esports-champions-tour-2024-china-stage-2-w2,Split,EDward Gaming,,13,Wolves Esports,,7,EDward Gaming
https://www.vlr.gg/359609/edward-gaming-vs-wolves-esports-champions-tour-2024-china-stage-2-w2,Bind,EDward Gaming,,12,Wolves Esports,,14,Wolves Esports
https://www.vlr.gg/359609/edward-gaming-vs-wolves-esports-champions-tour-2024-china-stage-2-w2,Icebox,EDward Gaming,,7,Wolves Esports,,13,Wolves Esports
https://www.vlr.gg/359609/edward-gaming-vs-wolves-esports-champions-tour-2024-china-stage-2-w2,AllMaps,EDward Gaming,1,32,Wolves Esports,2,34,Wolves Esports
https://www.vlr.gg/359611/nova-esports-vs-bilibili-gaming-champions-tour-2024-china-stage-2-w2,Split,Nova Esports,,16,Bilibili Gaming,,14,Nova Esports
https://www.vlr.gg/359611/nova-esports-vs-bilibili-gaming-champions-tour-2024-china-stage-2-w2,Bind,Nova Esports,,9,Bilibili Gaming,,13,Bilibili Gaming
https://www.vlr.gg/359611/nova-esports-vs-bilibili-gaming-champions-tour-2024-china-stage-2-w2,Ascent,Nova Esports,,6,Bilibili Gaming,,13,Bilibili Gaming
https://www.vlr.gg/359611/nova-esports-vs-bilibili-gaming-champions-tour-2024-china-stage-2-w2,AllMaps,Nova Esports,1,31,Bilibili Gaming,2,40,Bilibili Gaming
https://www.vlr.gg/359613/edward-gaming-vs-dragon-ranger-gaming-champions-tour-2024-china-stage-2-w3,Lotus,EDward Gaming,,11,Dragon Ranger Gaming,,13,Dragon Ranger Gaming
https://www.vlr.gg/359613/edward-gaming-vs-dragon-ranger-gaming-champions-tour-2024-china-stage-2-w3,Haven,EDward Gaming,,5,Dragon Ranger Gaming,,13,Dragon Ranger Gaming
https://www.vlr.gg/359613/edward-gaming-vs-dragon-ranger-gaming-champions-tour-2024-china-stage-2-w3,AllMaps,EDward Gaming,0,16,Dragon Ranger Gaming,2,26,Dragon Ranger Gaming
https://www.vlr.gg/359614/nova-esports-vs-wolves-esports-champions-tour-2024-china-stage-2-w3,Icebox,Nova Esports,,14,Wolves Esports,,12,Nova Esports
https://www.vlr.gg/359614/nova-esports-vs-wolves-esports-champions-tour-2024-china-stage-2-w3,Sunset,Nova Esports,,15,Wolves Esports,,13,Nova Esports
https://www.vlr.gg/359614/nova-esports-vs-wolves-esports-champions-tour-2024-china-stage-2-w3,AllMaps,Nova Esports,2,29,Wolves Esports,0,25,Nova Esports
https://www.vlr.gg/359618/bilibili-gaming-vs-dragon-ranger-gaming-champions-tour-2024-china-stage-2-w3,Lotus,Bilibili Gaming,,13,Dragon Ranger Gaming,,11,Bilibili Gaming
https://www.vlr.gg/359618/bilibili-gaming-vs-dragon-ranger-gaming-champions-tour-2024-china-stage-2-w3,Ascent,Bilibili Gaming,,13,Dragon Ranger Gaming,,11,Bilibili Gaming
https://www.vlr.gg/359618/bilibili-gaming-vs-dragon-ranger-gaming-champions-tour-2024-china-stage-2-w3,AllMaps,Bilibili Gaming,2,26,Dragon Ranger Gaming,0,22,Bilibili Gaming
https://www.vlr.gg/359619/edward-gaming-vs-nova-esports-champions-tour-2024-china-stage-2-w3,Lotus,EDward Gaming,,13,Nova Esports,,9,EDward Gaming
https://www.vlr.gg/359619/edward-gaming-vs-nova-esports-champions-tour-2024-china-stage-2-w3,Bind,EDward Gaming,,13,Nova Esports,,6,EDward Gaming
https://www.vlr.gg/359619/edward-gaming-vs-nova-esports-champions-tour-2024-china-stage-2-w3,AllMaps,EDward Gaming,2,26,Nova Esports,0,15,EDward Gaming
https://www.vlr.gg/359624/dragon-ranger-gaming-vs-wolves-esports-champions-tour-2024-china-stage-2-w4,Icebox,Dragon Ranger Gaming,,7,Wolves Esports,,13,Wolves Esports
https://www.vlr.gg/359624/dragon-ranger-gaming-vs-wolves-esports-champions-tour-2024-china-stage-2-w4,Ascent,Dragon Ranger Gaming,,6,Wolves Esports,,13,Wolves Esports
https://www.vlr.gg/359624/dragon-ranger-gaming-vs-wolves-esports-champions-tour-2024-china-stage-2-w4,AllMaps,Dragon Ranger Gaming,0,13,Wolves Esports,2,26,Wolves Esports
https://www.vlr.gg/359626/edward-gaming-vs-bilibili-gaming-champions-tour-2024-china-stage-2-w4,Icebox,EDward Gaming,,13,Bilibili Gaming,,11,EDward Gaming
https://www.vlr.gg/359626/edward-gaming-vs-bilibili-gaming-champions-tour-2024-china-stage-2-w4,Haven,EDward Gaming,,13,Bilibili Gaming,,8,EDward Gaming
https://www.vlr.gg/359626/edward-gaming-vs-bilibili-gaming-champions-tour-2024-china-stage-2-w4,AllMaps,EDward Gaming,2,26,Bilibili Gaming,0,19,EDward Gaming
https://www.vlr.gg/359603/titan-esports-club-vs-jd-gaming-champions-tour-2024-china-stage-2-w1,Icebox,Titan Esports Club,,12,JDG Esports,,14,JDG Esports
https://www.vlr.gg/359603/titan-esports-club-vs-jd-gaming-champions-tour-2024-china-stage-2-w1,Lotus,Titan Esports Club,,11,JDG Esports,,13,JDG Esports
https://www.vlr.gg/359603/titan-esports-club-vs-jd-gaming-champions-tour-2024-china-stage-2-w1,AllMaps,Titan Esports Club,0,23,JDG Esports,2,27,JDG Esports
https://www.vlr.gg/359604/all-gamers-vs-tyloo-champions-tour-2024-china-stage-2-w1,Sunset,All Gamers,,13,TYLOO,,10,All Gamers
https://www.vlr.gg/359604/all-gamers-vs-tyloo-champions-tour-2024-china-stage-2-w1,Icebox,All Gamers,,13,TYLOO,,4,All Gamers
https://www.vlr.gg/359604/all-gamers-vs-tyloo-champions-tour-2024-china-stage-2-w1,AllMaps,All Gamers,2,26,TYLOO,0,14,All Gamers
https://www.vlr.gg/359607/funplus-phoenix-vs-trace-esports-champions-tour-2024-china-stage-2-w2,Haven,FunPlus Phoenix,,13,Trace Esports,,5,FunPlus Phoenix
https://www.vlr.gg/359607/funplus-phoenix-vs-trace-esports-champions-tour-2024-china-stage-2-w2,Lotus,FunPlus Phoenix,,13,Trace Esports,,15,Trace Esports
https://www.vlr.gg/359607/funplus-phoenix-vs-trace-esports-champions-tour-2024-china-stage-2-w2,Sunset,FunPlus Phoenix,,6,Trace Esports,,13,Trace Esports
https://www.vlr.gg/359607/funplus-phoenix-vs-trace-esports-champions-tour-2024-china-stage-2-w2,AllMaps,FunPlus Phoenix,1,32,Trace Esports,2,33,Trace Esports
https://www.vlr.gg/359608/titan-esports-club-vs-all-gamers-champions-tour-2024-china-stage-2-w2,Sunset,Titan Esports Club,,10,All Gamers,,13,All Gamers
https://www.vlr.gg/359608/titan-esports-club-vs-all-gamers-champions-tour-2024-china-stage-2-w2,Icebox,Titan Esports Club,,6,All Gamers,,13,All Gamers
https://www.vlr.gg/359608/titan-esports-club-vs-all-gamers-champions-tour-2024-china-stage-2-w2,AllMaps,Titan Esports Club,0,16,All Gamers,2,26,All Gamers
https://www.vlr.gg/359610/tyloo-vs-trace-esports-champions-tour-2024-china-stage-2-w2,Split,TYLOO,,11,Trace Esports,,13,Trace Esports
https://www.vlr.gg/359610/tyloo-vs-trace-esports-champions-tour-2024-china-stage-2-w2,Sunset,TYLOO,,13,Trace Esports,,7,TYLOO
https://www.vlr.gg/359610/tyloo-vs-trace-esports-champions-tour-2024-china-stage-2-w2,Haven,TYLOO,,4,Trace Esports,,13,Trace Esports
https://www.vlr.gg/359610/tyloo-vs-trace-esports-champions-tour-2024-china-stage-2-w2,AllMaps,TYLOO,1,28,Trace Esports,2,33,Trace Esports
https://www.vlr.gg/359612/jdg-esports-vs-funplus-phoenix-champions-tour-2024-china-stage-2-w3,Sunset,JDG Esports,,8,FunPlus Phoenix,,13,FunPlus Phoenix
https://www.vlr.gg/359612/jdg-esports-vs-funplus-phoenix-champions-tour-2024-china-stage-2-w3,Haven,JDG Esports,,12,FunPlus Phoenix,,14,FunPlus Phoenix
https://www.vlr.gg/359612/jdg-esports-vs-funplus-phoenix-champions-tour-2024-china-stage-2-w3,AllMaps,JDG Esports,0,20,FunPlus Phoenix,2,27,FunPlus Phoenix
https://www.vlr.gg/359615/jdg-esports-vs-trace-esports-champions-tour-2024-china-stage-2-w3,Bind,JDG Esports,,13,Trace Esports,,2,JDG Esports
https://www.vlr.gg/359615/jdg-esports-vs-trace-esports-champions-tour-2024-china-stage-2-w3,Sunset,JDG Esports,,8,Trace Esports,,13,Trace Esports
https://www.vlr.gg/359615/jdg-esports-vs-trace-esports-champions-tour-2024-china-stage-2-w3,Haven,JDG Esports,,13,Trace Esports,,6,JDG Esports
https://www.vlr.gg/359615/jdg-esports-vs-trace-esports-champions-tour-2024-china-stage-2-w3,AllMaps,JDG Esports,2,34,Trace Esports,1,21,JDG Esports
https://www.vlr.gg/359616/titan-esports-club-vs-tyloo-champions-tour-2024-china-stage-2-w3,Bind,Titan Esports Club,,11,TYLOO,,13,TYLOO
https://www.vlr.gg/359616/titan-esports-club-vs-tyloo-champions-tour-2024-china-stage-2-w3,Ascent,Titan Esports Club,,13,TYLOO,,9,Titan Esports Club
https://www.vlr.gg/359616/titan-esports-club-vs-tyloo-champions-tour-2024-china-stage-2-w3,Icebox,Titan Esports Club,,9,TYLOO,,13,TYLOO
https://www.vlr.gg/359616/titan-esports-club-vs-tyloo-champions-tour-2024-china-stage-2-w3,AllMaps,Titan Esports Club,1,33,TYLOO,2,35,TYLOO
https://www.vlr.gg/359617/all-gamers-vs-funplus-phoenix-champions-tour-2024-china-stage-2-w3,Sunset,All Gamers,,11,FunPlus Phoenix,,13,FunPlus Phoenix
https://www.vlr.gg/359617/all-gamers-vs-funplus-phoenix-champions-tour-2024-china-stage-2-w3,Haven,All Gamers,,13,FunPlus Phoenix,,8,All Gamers
https://www.vlr.gg/359617/all-gamers-vs-funplus-phoenix-champions-tour-2024-china-stage-2-w3,Ascent,All Gamers,,7,FunPlus Phoenix,,13,FunPlus Phoenix
https://www.vlr.gg/359617/all-gamers-vs-funplus-phoenix-champions-tour-2024-china-stage-2-w3,AllMaps,All Gamers,1,31,FunPlus Phoenix,2,34,FunPlus Phoenix
https://www.vlr.gg/359621/all-gamers-vs-trace-esports-champions-tour-2024-china-stage-2-w4,Haven,All Gamers,,6,Trace Esports,,13,Trace Esports
https://www.vlr.gg/359621/all-gamers-vs-trace-esports-champions-tour-2024-china-stage-2-w4,Sunset,All Gamers,,4,Trace Esports,,13,Trace Esports
https://www.vlr.gg/359621/all-gamers-vs-trace-esports-champions-tour-2024-china-stage-2-w4,AllMaps,All Gamers,0,10,Trace Esports,2,26,Trace Esports
https://www.vlr.gg/359622/titan-esports-club-vs-funplus-phoenix-champions-tour-2024-china-stage-2-w4,Lotus,Titan Esports Club,,13,FunPlus Phoenix,,9,Titan Esports Club
https://www.vlr.gg/359622/titan-esports-club-vs-funplus-phoenix-champions-tour-2024-china-stage-2-w4,Sunset,Titan Esports Club,,13,FunPlus Phoenix,,6,Titan Esports Club
https://www.vlr.gg/359622/titan-esports-club-vs-funplus-phoenix-champions-tour-2024-china-stage-2-w4,AllMaps,Titan Esports Club,2,26,FunPlus Phoenix,0,15,Titan Esports Club
https://www.vlr.gg/359623/tyloo-vs-jdg-esports-champions-tour-2024-china-stage-2-w4,Haven,TYLOO,,1,JDG Esports,,13,JDG Esports
https://www.vlr.gg/359623/tyloo-vs-jdg-esports-champions-tour-2024-china-stage-2-w4,Icebox,TYLOO,,9,JDG Esports,,13,JDG Esports
https://www.vlr.gg/359623/tyloo-vs-jdg-esports-champions-tour-2024-china-stage-2-w4,AllMaps,TYLOO,0,10,JDG Esports,2,26,JDG Esports
https://www.vlr.gg/359625/trace-esports-vs-titan-esports-club-champions-tour-2024-china-stage-2-w4,Lotus,Trace Esports,,13,Titan Esports Club,,11,Trace Esports
https://www.vlr.gg/359625/trace-esports-vs-titan-esports-club-champions-tour-2024-china-stage-2-w4,Bind,Trace Esports,,8,Titan Esports Club,,13,Titan Esports Club
https://www.vlr.gg/359625/trace-esports-vs-titan-esports-club-champions-tour-2024-china-stage-2-w4,Haven,Trace Esports,,13,Titan Esports Club,,10,Trace Esports
https://www.vlr.gg/359625/trace-esports-vs-titan-esports-club-champions-tour-2024-china-stage-2-w4,AllMaps,Trace Esports,2,34,Titan Esports Club,1,34,Trace Esports
https://www.vlr.gg/359627/jdg-esports-vs-all-gamers-champions-tour-2024-china-stage-2-w4,Haven,JDG Esports,,13,All Gamers,,8,JDG Esports
https://www.vlr.gg/359627/jdg-esports-vs-all-gamers-champions-tour-2024-china-stage-2-w4,Icebox,JDG Esports,,13,All Gamers,,3,JDG Esports
https://www.vlr.gg/359627/jdg-esports-vs-all-gamers-champions-tour-2024-china-stage-2-w4,AllMaps,JDG Esports,2,26,All Gamers,0,11,JDG Esports
https://www.vlr.gg/359628/tyloo-vs-funplus-phoenix-champions-tour-2024-china-stage-2-w4,Icebox,TYLOO,,5,FunPlus Phoenix,,13,FunPlus Phoenix
https://www.vlr.gg/359628/tyloo-vs-funplus-phoenix-champions-tour-2024-china-stage-2-w4,Haven,TYLOO,,14,FunPlus Phoenix,,12,TYLOO
https://www.vlr.gg/359628/tyloo-vs-funplus-phoenix-champions-tour-2024-china-stage-2-w4,Ascent,TYLOO,,13,FunPlus Phoenix,,4,TYLOO
https://www.vlr.gg/359628/tyloo-vs-funplus-phoenix-champions-tour-2024-china-stage-2-w4,AllMaps,TYLOO,2,32,FunPlus Phoenix,1,29,TYLOO
https://www.vlr.gg/370723/trace-esports-vs-all-gamers-champions-tour-2024-china-stage-2-ko,Lotus,Trace Esports,,13,All Gamers,,7,Trace Esports
https://www.vlr.gg/370723/trace-esports-vs-all-gamers-champions-tour-2024-china-stage-2-ko,Sunset,Trace Esports,,13,All Gamers,,10,Trace Esports
https://www.vlr.gg/370723/trace-esports-vs-all-gamers-champions-tour-2024-china-stage-2-ko,AllMaps,Trace Esports,2,26,All Gamers,0,17,Trace Esports
https://www.vlr.gg/370722/jdg-esports-vs-bilibili-gaming-champions-tour-2024-china-stage-2-ko,Sunset,JDG Esports,,9,Bilibili Gaming,,13,Bilibili Gaming
https://www.vlr.gg/370722/jdg-esports-vs-bilibili-gaming-champions-tour-2024-china-stage-2-ko,Icebox,JDG Esports,,7,Bilibili Gaming,,13,Bilibili Gaming
https://www.vlr.gg/370722/jdg-esports-vs-bilibili-gaming-champions-tour-2024-china-stage-2-ko,AllMaps,JDG Esports,0,16,Bilibili Gaming,2,26,Bilibili Gaming
https://www.vlr.gg/370725/funplus-phoenix-vs-trace-esports-champions-tour-2024-china-stage-2-ubsf,Ascent,FunPlus Phoenix,,3,Trace Esports,,13,Trace Esports
https://www.vlr.gg/370725/funplus-phoenix-vs-trace-esports-champions-tour-2024-china-stage-2-ubsf,Haven,FunPlus Phoenix,,11,Trace Esports,,13,Trace Esports
https://www.vlr.gg/370725/funplus-phoenix-vs-trace-esports-champions-tour-2024-china-stage-2-ubsf,AllMaps,FunPlus Phoenix,0,14,Trace Esports,2,26,Trace Esports
https://www.vlr.gg/370724/edward-gaming-vs-bilibili-gaming-champions-tour-2024-china-stage-2-ubsf,Sunset,EDward Gaming,,13,Bilibili Gaming,,5,EDward Gaming
https://www.vlr.gg/370724/edward-gaming-vs-bilibili-gaming-champions-tour-2024-china-stage-2-ubsf,Bind,EDward Gaming,,7,Bilibili Gaming,,13,Bilibili Gaming
https://www.vlr.gg/370724/edward-gaming-vs-bilibili-gaming-champions-tour-2024-china-stage-2-ubsf,Lotus,EDward Gaming,,13,Bilibili Gaming,,10,EDward Gaming
https://www.vlr.gg/370724/edward-gaming-vs-bilibili-gaming-champions-tour-2024-china-stage-2-ubsf,AllMaps,EDward Gaming,2,33,Bilibili Gaming,1,28,EDward Gaming
https://www.vlr.gg/370728/funplus-phoenix-vs-bilibili-gaming-champions-tour-2024-china-stage-2-lr1,Ascent,FunPlus Phoenix,,13,Bilibili Gaming,,3,FunPlus Phoenix
https://www.vlr.gg/370728/funplus-phoenix-vs-bilibili-gaming-champions-tour-2024-china-stage-2-lr1,Icebox,FunPlus Phoenix,,12,Bilibili Gaming,,14,Bilibili Gaming
https://www.vlr.gg/370728/funplus-phoenix-vs-bilibili-gaming-champions-tour-2024-china-stage-2-lr1,Lotus,FunPlus Phoenix,,13,Bilibili Gaming,,10,FunPlus Phoenix
https://www.vlr.gg/370728/funplus-phoenix-vs-bilibili-gaming-champions-tour-2024-china-stage-2-lr1,AllMaps,FunPlus Phoenix,2,38,Bilibili Gaming,1,27,FunPlus Phoenix
https://www.vlr.gg/370726/trace-esports-vs-edward-gaming-champions-tour-2024-china-stage-2-ubf,Sunset,Trace Esports,,2,EDward Gaming,,13,EDward Gaming
https://www.vlr.gg/370726/trace-esports-vs-edward-gaming-champions-tour-2024-china-stage-2-ubf,Abyss,Trace Esports,,5,EDward Gaming,,13,EDward Gaming
https://www.vlr.gg/370726/trace-esports-vs-edward-gaming-champions-tour-2024-china-stage-2-ubf,AllMaps,Trace Esports,0,7,EDward Gaming,2,26,EDward Gaming
https://www.vlr.gg/370729/trace-esports-vs-funplus-phoenix-champions-tour-2024-china-stage-2-lbf,Lotus,Trace Esports,,13,FunPlus Phoenix,,11,Trace Esports
https://www.vlr.gg/370729/trace-esports-vs-funplus-phoenix-champions-tour-2024-china-stage-2-lbf,Ascent,Trace Esports,,13,FunPlus Phoenix,,8,Trace Esports
https://www.vlr.gg/370729/trace-esports-vs-funplus-phoenix-champions-tour-2024-china-stage-2-lbf,Abyss,Trace Esports,,8,FunPlus Phoenix,,13,FunPlus Phoenix
https://www.vlr.gg/370729/trace-esports-vs-funplus-phoenix-champions-tour-2024-china-stage-2-lbf,Bind,Trace Esports,,9,FunPlus Phoenix,,13,FunPlus Phoenix
https://www.vlr.gg/370729/trace-esports-vs-funplus-phoenix-champions-tour-2024-china-stage-2-lbf,Haven,Trace Esports,,8,FunPlus Phoenix,,13,FunPlus Phoenix
https://www.vlr.gg/370729/trace-esports-vs-funplus-phoenix-champions-tour-2024-china-stage-2-lbf,AllMaps,Trace Esports,2,51,FunPlus Phoenix,3,58,FunPlus Phoenix
https://www.vlr.gg/370727/edward-gaming-vs-funplus-phoenix-champions-tour-2024-china-stage-2-gf,Sunset,EDward Gaming,,13,FunPlus Phoenix,,9,EDward Gaming
https://www.vlr.gg/370727/edward-gaming-vs-funplus-phoenix-champions-tour-2024-china-stage-2-gf,Abyss,EDward Gaming,,8,FunPlus Phoenix,,13,FunPlus Phoenix
https://www.vlr.gg/370727/edward-gaming-vs-funplus-phoenix-champions-tour-2024-china-stage-2-gf,Haven,EDward Gaming,,13,FunPlus Phoenix,,7,EDward Gaming
https://www.vlr.gg/370727/edward-gaming-vs-funplus-phoenix-champions-tour-2024-china-stage-2-gf,Icebox,EDward Gaming,,9,FunPlus Phoenix,,13,FunPlus Phoenix
https://www.vlr.gg/370727/edward-gaming-vs-funplus-phoenix-champions-tour-2024-china-stage-2-gf,Bind,EDward Gaming,,13,FunPlus Phoenix,,8,EDward Gaming
https://www.vlr.gg/370727/edward-gaming-vs-funplus-phoenix-champions-tour-2024-china-stage-2-gf,AllMaps,EDward Gaming,3,56,FunPlus Phoenix,2,50,EDward Gaming
https://www.vlr.gg/430837/xi-lai-gaming-vs-wolves-esports-champions-tour-2025-china-kickoff-ur1,Lotus,Xi Lai Gaming,,13,Wolves Esports,,11,Xi Lai Gaming
https://www.vlr.gg/430837/xi-lai-gaming-vs-wolves-esports-champions-tour-2025-china-kickoff-ur1,Split,Xi Lai Gaming,,13,Wolves Esports,,9,Xi Lai Gaming
https://www.vlr.gg/430837/xi-lai-gaming-vs-wolves-esports-champions-tour-2025-china-kickoff-ur1,AllMaps,Xi Lai Gaming,2,26,Wolves Esports,0,20,Xi Lai Gaming
https://www.vlr.gg/430838/tyloo-vs-titan-esports-club-champions-tour-2025-china-kickoff-ur1,Fracture,TYLOO,,11,Titan Esports Club,,13,Titan Esports Club
https://www.vlr.gg/430838/tyloo-vs-titan-esports-club-champions-tour-2025-china-kickoff-ur1,Abyss,TYLOO,,10,Titan Esports Club,,13,Titan Esports Club
https://www.vlr.gg/430838/tyloo-vs-titan-esports-club-champions-tour-2025-china-kickoff-ur1,AllMaps,TYLOO,0,21,Titan Esports Club,2,26,Titan Esports Club
https://www.vlr.gg/430839/jdg-esports-vs-dragon-ranger-gaming-champions-tour-2025-china-kickoff-ur1,Abyss,JD Mall JDG Esports(JDG Esports),,5,Dragon Ranger Gaming,,13,Dragon Ranger Gaming
https://www.vlr.gg/430839/jdg-esports-vs-dragon-ranger-gaming-champions-tour-2025-china-kickoff-ur1,Haven,JD Mall JDG Esports(JDG Esports),,15,Dragon Ranger Gaming,,13,JD Mall JDG Esports(JDG Esports)
https://www.vlr.gg/430839/jdg-esports-vs-dragon-ranger-gaming-champions-tour-2025-china-kickoff-ur1,Bind,JD Mall JDG Esports(JDG Esports),,7,Dragon Ranger Gaming,,13,Dragon Ranger Gaming
https://www.vlr.gg/430839/jdg-esports-vs-dragon-ranger-gaming-champions-tour-2025-china-kickoff-ur1,AllMaps,JD Mall JDG Esports(JDG Esports),1,27,Dragon Ranger Gaming,2,39,Dragon Ranger Gaming
https://www.vlr.gg/430840/all-gamers-vs-nova-esports-champions-tour-2025-china-kickoff-ur1,Abyss,All Gamers,,8,Nova Esports,,13,Nova Esports
https://www.vlr.gg/430840/all-gamers-vs-nova-esports-champions-tour-2025-china-kickoff-ur1,Bind,All Gamers,,3,Nova Esports,,13,Nova Esports
https://www.vlr.gg/430840/all-gamers-vs-nova-esports-champions-tour-2025-china-kickoff-ur1,AllMaps,All Gamers,0,11,Nova Esports,2,26,Nova Esports
https://www.vlr.gg/430849/nova-esports-vs-wolves-esports-champions-tour-2025-china-kickoff-lr1,Fracture,Nova Esports,,13,Wolves Esports,,11,Nova Esports
https://www.vlr.gg/430849/nova-esports-vs-wolves-esports-champions-tour-2025-china-kickoff-lr1,Abyss,Nova Esports,,8,Wolves Esports,,13,Wolves Esports
https://www.vlr.gg/430849/nova-esports-vs-wolves-esports-champions-tour-2025-china-kickoff-lr1,Split,Nova Esports,,13,Wolves Esports,,6,Nova Esports
https://www.vlr.gg/430849/nova-esports-vs-wolves-esports-champions-tour-2025-china-kickoff-lr1,AllMaps,Nova Esports,2,34,Wolves Esports,1,30,Nova Esports
https://www.vlr.gg/430850/dragon-ranger-gaming-vs-tyloo-champions-tour-2025-china-kickoff-lr1,Pearl,Dragon Ranger Gaming,,13,TYLOO,,6,Dragon Ranger Gaming
https://www.vlr.gg/430850/dragon-ranger-gaming-vs-tyloo-champions-tour-2025-china-kickoff-lr1,Haven,Dragon Ranger Gaming,,13,TYLOO,,10,Dragon Ranger Gaming
https://www.vlr.gg/430850/dragon-ranger-gaming-vs-tyloo-champions-tour-2025-china-kickoff-lr1,AllMaps,Dragon Ranger Gaming,2,26,TYLOO,0,16,Dragon Ranger Gaming
https://www.vlr.gg/430851/titan-esports-club-vs-jdg-esports-champions-tour-2025-china-kickoff-lr1,Fracture,Titan Esports Club,,9,JD Mall JDG Esports(JDG Esports),,13,JD Mall JDG Esports(JDG Esports)
https://www.vlr.gg/430851/titan-esports-club-vs-jdg-esports-champions-tour-2025-china-kickoff-lr1,Abyss,Titan Esports Club,,3,JD Mall JDG Esports(JDG Esports),,13,JD Mall JDG Esports(JDG Esports)
https://www.vlr.gg/430851/titan-esports-club-vs-jdg-esports-champions-tour-2025-china-kickoff-lr1,AllMaps,Titan Esports Club,0,12,JD Mall JDG Esports(JDG Esports),2,26,JD Mall JDG Esports(JDG Esports)
https://www.vlr.gg/430853/xi-lai-gaming-vs-all-gamers-champions-tour-2025-china-kickoff-lr1,Abyss,Xi Lai Gaming,,8,All Gamers,,13,All Gamers
https://www.vlr.gg/430853/xi-lai-gaming-vs-all-gamers-champions-tour-2025-china-kickoff-lr1,Bind,Xi Lai Gaming,,13,All Gamers,,1,Xi Lai Gaming
https://www.vlr.gg/430853/xi-lai-gaming-vs-all-gamers-champions-tour-2025-china-kickoff-lr1,Lotus,Xi Lai Gaming,,13,All Gamers,,4,Xi Lai Gaming
https://www.vlr.gg/430853/xi-lai-gaming-vs-all-gamers-champions-tour-2025-china-kickoff-lr1,AllMaps,Xi Lai Gaming,2,34,All Gamers,1,18,Xi Lai Gaming
https://www.vlr.gg/430841/bilibili-gaming-vs-xi-lai-gaming-champions-tour-2025-china-kickoff-ubqf,Haven,Bilibili Gaming,,11,Xi Lai Gaming,,13,Xi Lai Gaming
https://www.vlr.gg/430841/bilibili-gaming-vs-xi-lai-gaming-champions-tour-2025-china-kickoff-ubqf,Lotus,Bilibili Gaming,,13,Xi Lai Gaming,,11,Bilibili Gaming
https://www.vlr.gg/430841/bilibili-gaming-vs-xi-lai-gaming-champions-tour-2025-china-kickoff-ubqf,Abyss,Bilibili Gaming,,13,Xi Lai Gaming,,11,Bilibili Gaming
https://www.vlr.gg/430841/bilibili-gaming-vs-xi-lai-gaming-champions-tour-2025-china-kickoff-ubqf,AllMaps,Bilibili Gaming,2,37,Xi Lai Gaming,1,35,Bilibili Gaming
https://www.vlr.gg/430842/funplus-phoenix-vs-titan-esports-club-champions-tour-2025-china-kickoff-ubqf,Abyss,FunPlus Phoenix,,11,Titan Esports Club,,13,Titan Esports Club
https://www.vlr.gg/430842/funplus-phoenix-vs-titan-esports-club-champions-tour-2025-china-kickoff-ubqf,Fracture,FunPlus Phoenix,,13,Titan Esports Club,,7,FunPlus Phoenix
https://www.vlr.gg/430842/funplus-phoenix-vs-titan-esports-club-champions-tour-2025-china-kickoff-ubqf,Pearl,FunPlus Phoenix,,13,Titan Esports Club,,6,FunPlus Phoenix
https://www.vlr.gg/430842/funplus-phoenix-vs-titan-esports-club-champions-tour-2025-china-kickoff-ubqf,AllMaps,FunPlus Phoenix,2,37,Titan Esports Club,1,26,FunPlus Phoenix
https://www.vlr.gg/430843/trace-esports-vs-dragon-ranger-gaming-champions-tour-2025-china-kickoff-ubqf,Pearl,Trace Esports,,13,Dragon Ranger Gaming,,8,Trace Esports
https://www.vlr.gg/430843/trace-esports-vs-dragon-ranger-gaming-champions-tour-2025-china-kickoff-ubqf,Abyss,Trace Esports,,13,Dragon Ranger Gaming,,7,Trace Esports
https://www.vlr.gg/430843/trace-esports-vs-dragon-ranger-gaming-champions-tour-2025-china-kickoff-ubqf,AllMaps,Trace Esports,2,26,Dragon Ranger Gaming,0,15,Trace Esports
https://www.vlr.gg/430844/edward-gaming-vs-nova-esports-champions-tour-2025-china-kickoff-ubqf,Split,EDward Gaming,,13,Nova Esports,,8,EDward Gaming
https://www.vlr.gg/430844/edward-gaming-vs-nova-esports-champions-tour-2025-china-kickoff-ubqf,Fracture,EDward Gaming,,13,Nova Esports,,10,EDward Gaming
https://www.vlr.gg/430844/edward-gaming-vs-nova-esports-champions-tour-2025-china-kickoff-ubqf,AllMaps,EDward Gaming,2,26,Nova Esports,0,18,EDward Gaming
https://www.vlr.gg/430854/nova-esports-vs-dragon-ranger-gaming-champions-tour-2025-china-kickoff-lr2,Pearl,Nova Esports,,8,Dragon Ranger Gaming,,13,Dragon Ranger Gaming
https://www.vlr.gg/430854/nova-esports-vs-dragon-ranger-gaming-champions-tour-2025-china-kickoff-lr2,Bind,Nova Esports,,7,Dragon Ranger Gaming,,13,Dragon Ranger Gaming
https://www.vlr.gg/430854/nova-esports-vs-dragon-ranger-gaming-champions-tour-2025-china-kickoff-lr2,AllMaps,Nova Esports,0,15,Dragon Ranger Gaming,2,26,Dragon Ranger Gaming
https://www.vlr.gg/430855/jdg-esports-vs-xi-lai-gaming-champions-tour-2025-china-kickoff-lr2,Pearl,JD Mall JDG Esports(JDG Esports),,13,Xi Lai Gaming,,9,JD Mall JDG Esports(JDG Esports)
https://www.vlr.gg/430855/jdg-esports-vs-xi-lai-gaming-champions-tour-2025-china-kickoff-lr2,Bind,JD Mall JDG Esports(JDG Esports),,4,Xi Lai Gaming,,13,Xi Lai Gaming
https://www.vlr.gg/430855/jdg-esports-vs-xi-lai-gaming-champions-tour-2025-china-kickoff-lr2,Haven,JD Mall JDG Esports(JDG Esports),,6,Xi Lai Gaming,,13,Xi Lai Gaming
https://www.vlr.gg/430855/jdg-esports-vs-xi-lai-gaming-champions-tour-2025-china-kickoff-lr2,AllMaps,JD Mall JDG Esports(JDG Esports),1,23,Xi Lai Gaming,2,35,Xi Lai Gaming
https://www.vlr.gg/430857/edward-gaming-vs-xi-lai-gaming-champions-tour-2025-china-kickoff-lr3,Lotus,EDward Gaming,,12,Xi Lai Gaming,,14,Xi Lai Gaming
https://www.vlr.gg/430857/edward-gaming-vs-xi-lai-gaming-champions-tour-2025-china-kickoff-lr3,Bind,EDward Gaming,,13,Xi Lai Gaming,,10,EDward Gaming
https://www.vlr.gg/430857/edward-gaming-vs-xi-lai-gaming-champions-tour-2025-china-kickoff-lr3,Haven,EDward Gaming,,13,Xi Lai Gaming,,0,EDward Gaming
https://www.vlr.gg/430857/edward-gaming-vs-xi-lai-gaming-champions-tour-2025-china-kickoff-lr3,AllMaps,EDward Gaming,2,38,Xi Lai Gaming,1,24,EDward Gaming
https://www.vlr.gg/430856/funplus-phoenix-vs-dragon-ranger-gaming-champions-tour-2025-china-kickoff-lr3,Abyss,FunPlus Phoenix,,11,Dragon Ranger Gaming,,13,Dragon Ranger Gaming
https://www.vlr.gg/430856/funplus-phoenix-vs-dragon-ranger-gaming-champions-tour-2025-china-kickoff-lr3,Pearl,FunPlus Phoenix,,13,Dragon Ranger Gaming,,1,FunPlus Phoenix
https://www.vlr.gg/430856/funplus-phoenix-vs-dragon-ranger-gaming-champions-tour-2025-china-kickoff-lr3,Haven,FunPlus Phoenix,,7,Dragon Ranger Gaming,,13,Dragon Ranger Gaming
https://www.vlr.gg/430856/funplus-phoenix-vs-dragon-ranger-gaming-champions-tour-2025-china-kickoff-lr3,AllMaps,FunPlus Phoenix,1,31,Dragon Ranger Gaming,2,27,Dragon Ranger Gaming
https://www.vlr.gg/430846/trace-esports-vs-edward-gaming-champions-tour-2025-china-kickoff-ubsf,Lotus,Trace Esports,,13,EDward Gaming,,4,Trace Esports
https://www.vlr.gg/430846/trace-esports-vs-edward-gaming-champions-tour-2025-china-kickoff-ubsf,Bind,Trace Esports,,13,EDward Gaming,,4,Trace Esports
https://www.vlr.gg/430846/trace-esports-vs-edward-gaming-champions-tour-2025-china-kickoff-ubsf,AllMaps,Trace Esports,2,26,EDward Gaming,0,8,Trace Esports
https://www.vlr.gg/430845/bilibili-gaming-vs-funplus-phoenix-champions-tour-2025-china-kickoff-ubsf,Bind,Bilibili Gaming,,13,FunPlus Phoenix,,11,Bilibili Gaming
https://www.vlr.gg/430845/bilibili-gaming-vs-funplus-phoenix-champions-tour-2025-china-kickoff-ubsf,Lotus,Bilibili Gaming,,13,FunPlus Phoenix,,9,Bilibili Gaming
https://www.vlr.gg/430845/bilibili-gaming-vs-funplus-phoenix-champions-tour-2025-china-kickoff-ubsf,AllMaps,Bilibili Gaming,2,26,FunPlus Phoenix,0,20,Bilibili Gaming
https://www.vlr.gg/430847/bilibili-gaming-vs-trace-esports-champions-tour-2025-china-kickoff-ubf,Bind,Bilibili Gaming,,8,Trace Esports,,13,Trace Esports
https://www.vlr.gg/430847/bilibili-gaming-vs-trace-esports-champions-tour-2025-china-kickoff-ubf,Haven,Bilibili Gaming,,13,Trace Esports,,10,Bilibili Gaming
https://www.vlr.gg/430847/bilibili-gaming-vs-trace-esports-champions-tour-2025-china-kickoff-ubf,Lotus,Bilibili Gaming,,6,Trace Esports,,13,Trace Esports
https://www.vlr.gg/430847/bilibili-gaming-vs-trace-esports-champions-tour-2025-china-kickoff-ubf,AllMaps,Bilibili Gaming,1,27,Trace Esports,2,36,Trace Esports
https://www.vlr.gg/430858/dragon-ranger-gaming-vs-edward-gaming-champions-tour-2025-china-kickoff-lr4,Haven,Dragon Ranger Gaming,,0,EDward Gaming,,13,EDward Gaming
https://www.vlr.gg/430858/dragon-ranger-gaming-vs-edward-gaming-champions-tour-2025-china-kickoff-lr4,Pearl,Dragon Ranger Gaming,,9,EDward Gaming,,13,EDward Gaming
https://www.vlr.gg/430858/dragon-ranger-gaming-vs-edward-gaming-champions-tour-2025-china-kickoff-lr4,AllMaps,Dragon Ranger Gaming,0,9,EDward Gaming,2,26,EDward Gaming
https://www.vlr.gg/430860/bilibili-gaming-vs-edward-gaming-champions-tour-2025-china-kickoff-lbf,Pearl,Bilibili Gaming,,12,EDward Gaming,,14,EDward Gaming
https://www.vlr.gg/430860/bilibili-gaming-vs-edward-gaming-champions-tour-2025-china-kickoff-lbf,Haven,Bilibili Gaming,,6,EDward Gaming,,13,EDward Gaming
https://www.vlr.gg/430860/bilibili-gaming-vs-edward-gaming-champions-tour-2025-china-kickoff-lbf,Lotus,Bilibili Gaming,,5,EDward Gaming,,13,EDward Gaming
https://www.vlr.gg/430860/bilibili-gaming-vs-edward-gaming-champions-tour-2025-china-kickoff-lbf,AllMaps,Bilibili Gaming,0,23,EDward Gaming,3,40,EDward Gaming
https://www.vlr.gg/430848/trace-esports-vs-edward-gaming-champions-tour-2025-china-kickoff-gf,Lotus,Trace Esports,,14,EDward Gaming,,12,Trace Esports
https://www.vlr.gg/430848/trace-esports-vs-edward-gaming-champions-tour-2025-china-kickoff-gf,Bind,Trace Esports,,11,EDward Gaming,,13,EDward Gaming
https://www.vlr.gg/430848/trace-esports-vs-edward-gaming-champions-tour-2025-china-kickoff-gf,Abyss,Trace Esports,,14,EDward Gaming,,16,EDward Gaming
https://www.vlr.gg/430848/trace-esports-vs-edward-gaming-champions-tour-2025-china-kickoff-gf,Fracture,Trace Esports,,2,EDward Gaming,,13,EDward Gaming
https://www.vlr.gg/430848/trace-esports-vs-edward-gaming-champions-tour-2025-china-kickoff-gf,AllMaps,Trace Esports,1,41,EDward Gaming,3,54,EDward Gaming
https://www.vlr.gg/450049/dragon-ranger-gaming-vs-nova-esports-champions-tour-2025-china-stage-1-w1,Fracture,Dragon Ranger Gaming,,13,Nova Esports,,6,Dragon Ranger Gaming
https://www.vlr.gg/450049/dragon-ranger-gaming-vs-nova-esports-champions-tour-2025-china-stage-1-w1,Lotus,Dragon Ranger Gaming,,13,Nova Esports,,10,Dragon Ranger Gaming
https://www.vlr.gg/450049/dragon-ranger-gaming-vs-nova-esports-champions-tour-2025-china-stage-1-w1,AllMaps,Dragon Ranger Gaming,2,26,Nova Esports,0,16,Dragon Ranger Gaming
https://www.vlr.gg/450050/tyloo-vs-edward-gaming-champions-tour-2025-china-stage-1-w1,Fracture,TYLOO,,7,EDward Gaming,,13,EDward Gaming
https://www.vlr.gg/450050/tyloo-vs-edward-gaming-champions-tour-2025-china-stage-1-w1,Haven,TYLOO,,6,EDward Gaming,,13,EDward Gaming
https://www.vlr.gg/450050/tyloo-vs-edward-gaming-champions-tour-2025-china-stage-1-w1,AllMaps,TYLOO,0,13,EDward Gaming,2,26,EDward Gaming
https://www.vlr.gg/450052/funplus-phoenix-vs-titan-esports-club-champions-tour-2025-china-stage-1-w1,Icebox,FunPlus Phoenix,,13,Titan Esports Club,,5,FunPlus Phoenix
https://www.vlr.gg/450052/funplus-phoenix-vs-titan-esports-club-champions-tour-2025-china-stage-1-w1,Haven,FunPlus Phoenix,,13,Titan Esports Club,,6,FunPlus Phoenix
https://www.vlr.gg/450052/funplus-phoenix-vs-titan-esports-club-champions-tour-2025-china-stage-1-w1,AllMaps,FunPlus Phoenix,2,26,Titan Esports Club,0,11,FunPlus Phoenix
https://www.vlr.gg/450053/nova-esports-vs-edward-gaming-champions-tour-2025-china-stage-1-w2,Ascent,Nova Esports,,13,EDward Gaming,,11,Nova Esports
https://www.vlr.gg/450053/nova-esports-vs-edward-gaming-champions-tour-2025-china-stage-1-w2,Fracture,Nova Esports,,13,EDward Gaming,,8,Nova Esports
https://www.vlr.gg/450053/nova-esports-vs-edward-gaming-champions-tour-2025-china-stage-1-w2,AllMaps,Nova Esports,2,26,EDward Gaming,0,19,Nova Esports
https://www.vlr.gg/450054/tyloo-vs-funplus-phoenix-champions-tour-2025-china-stage-1-w2,Pearl,TYLOO,,8,FunPlus Phoenix,,13,FunPlus Phoenix
https://www.vlr.gg/450054/tyloo-vs-funplus-phoenix-champions-tour-2025-china-stage-1-w2,Icebox,TYLOO,,13,FunPlus Phoenix,,6,TYLOO
https://www.vlr.gg/450054/tyloo-vs-funplus-phoenix-champions-tour-2025-china-stage-1-w2,Haven,TYLOO,,4,FunPlus Phoenix,,13,FunPlus Phoenix
https://www.vlr.gg/450054/tyloo-vs-funplus-phoenix-champions-tour-2025-china-stage-1-w2,AllMaps,TYLOO,1,25,FunPlus Phoenix,2,32,FunPlus Phoenix
https://www.vlr.gg/450057/titan-esports-club-vs-dragon-ranger-gaming-champions-tour-2025-china-stage-1-w2,Lotus,Titan Esports Club,,11,Dragon Ranger Gaming,,13,Dragon Ranger Gaming
https://www.vlr.gg/450057/titan-esports-club-vs-dragon-ranger-gaming-champions-tour-2025-china-stage-1-w2,Fracture,Titan Esports Club,,13,Dragon Ranger Gaming,,9,Titan Esports Club
https://www.vlr.gg/450057/titan-esports-club-vs-dragon-ranger-gaming-champions-tour-2025-china-stage-1-w2,Icebox,Titan Esports Club,,13,Dragon Ranger Gaming,,3,Titan Esports Club
https://www.vlr.gg/450057/titan-esports-club-vs-dragon-ranger-gaming-champions-tour-2025-china-stage-1-w2,AllMaps,Titan Esports Club,2,37,Dragon Ranger Gaming,1,25,Titan Esports Club
https://www.vlr.gg/450061/tyloo-vs-titan-esports-club-champions-tour-2025-china-stage-1-w3,Fracture,TYLOO,,13,Titan Esports Club,,10,TYLOO
https://www.vlr.gg/450061/tyloo-vs-titan-esports-club-champions-tour-2025-china-stage-1-w3,Icebox,TYLOO,,8,Titan Esports Club,,13,Titan Esports Club
https://www.vlr.gg/450061/tyloo-vs-titan-esports-club-champions-tour-2025-china-stage-1-w3,Split,TYLOO,,7,Titan Esports Club,,13,Titan Esports Club
https://www.vlr.gg/450061/tyloo-vs-titan-esports-club-champions-tour-2025-china-stage-1-w3,AllMaps,TYLOO,1,28,Titan Esports Club,2,36,Titan Esports Club
https://www.vlr.gg/450062/dragon-ranger-gaming-vs-edward-gaming-champions-tour-2025-china-stage-1-w3,Icebox,Dragon Ranger Gaming,,2,EDward Gaming,,13,EDward Gaming
https://www.vlr.gg/450062/dragon-ranger-gaming-vs-edward-gaming-champions-tour-2025-china-stage-1-w3,Ascent,Dragon Ranger Gaming,,13,EDward Gaming,,9,Dragon Ranger Gaming
https://www.vlr.gg/450062/dragon-ranger-gaming-vs-edward-gaming-champions-tour-2025-china-stage-1-w3,Pearl,Dragon Ranger Gaming,,10,EDward Gaming,,13,EDward Gaming
https://www.vlr.gg/450062/dragon-ranger-gaming-vs-edward-gaming-champions-tour-2025-china-stage-1-w3,AllMaps,Dragon Ranger Gaming,1,25,EDward Gaming,2,35,EDward Gaming
https://www.vlr.gg/450063/nova-esports-vs-funplus-phoenix-champions-tour-2025-china-stage-1-w3,Icebox,Nova Esports,,13,FunPlus Phoenix,,11,Nova Esports
https://www.vlr.gg/450063/nova-esports-vs-funplus-phoenix-champions-tour-2025-china-stage-1-w3,Split,Nova Esports,,13,FunPlus Phoenix,,10,Nova Esports
https://www.vlr.gg/450063/nova-esports-vs-funplus-phoenix-champions-tour-2025-china-stage-1-w3,AllMaps,Nova Esports,2,26,FunPlus Phoenix,0,21,Nova Esports
https://www.vlr.gg/450065/funplus-phoenix-vs-dragon-ranger-gaming-champions-tour-2025-china-stage-1-w4,Ascent,FunPlus Phoenix,,11,Dragon Ranger Gaming,,13,Dragon Ranger Gaming
https://www.vlr.gg/450065/funplus-phoenix-vs-dragon-ranger-gaming-champions-tour-2025-china-stage-1-w4,Haven,FunPlus Phoenix,,5,Dragon Ranger Gaming,,13,Dragon Ranger Gaming
https://www.vlr.gg/450065/funplus-phoenix-vs-dragon-ranger-gaming-champions-tour-2025-china-stage-1-w4,AllMaps,FunPlus Phoenix,0,16,Dragon Ranger Gaming,2,26,Dragon Ranger Gaming
https://www.vlr.gg/450068/edward-gaming-vs-titan-esports-club-champions-tour-2025-china-stage-1-w4,Lotus,EDward Gaming,,8,Titan Esports Club,,13,Titan Esports Club
https://www.vlr.gg/450068/edward-gaming-vs-titan-esports-club-champions-tour-2025-china-stage-1-w4,Icebox,EDward Gaming,,13,Titan Esports Club,,9,EDward Gaming
https://www.vlr.gg/450068/edward-gaming-vs-titan-esports-club-champions-tour-2025-china-stage-1-w4,Haven,EDward Gaming,,13,Titan Esports Club,,5,EDward Gaming
https://www.vlr.gg/450068/edward-gaming-vs-titan-esports-club-champions-tour-2025-china-stage-1-w4,AllMaps,EDward Gaming,2,34,Titan Esports Club,1,27,EDward Gaming
https://www.vlr.gg/450069/nova-esports-vs-tyloo-champions-tour-2025-china-stage-1-w4,Split,Nova Esports,,13,TYLOO,,11,Nova Esports
https://www.vlr.gg/450069/nova-esports-vs-tyloo-champions-tour-2025-china-stage-1-w4,Icebox,Nova Esports,,3,TYLOO,,13,TYLOO
https://www.vlr.gg/450069/nova-esports-vs-tyloo-champions-tour-2025-china-stage-1-w4,Pearl,Nova Esports,,13,TYLOO,,5,Nova Esports
https://www.vlr.gg/450069/nova-esports-vs-tyloo-champions-tour-2025-china-stage-1-w4,AllMaps,Nova Esports,2,29,TYLOO,1,29,Nova Esports
https://www.vlr.gg/450072/dragon-ranger-gaming-vs-tyloo-champions-tour-2025-china-stage-1-w5,Haven,Dragon Ranger Gaming,,13,TYLOO,,10,Dragon Ranger Gaming
https://www.vlr.gg/450072/dragon-ranger-gaming-vs-tyloo-champions-tour-2025-china-stage-1-w5,Split,Dragon Ranger Gaming,,9,TYLOO,,13,TYLOO
https://www.vlr.gg/450072/dragon-ranger-gaming-vs-tyloo-champions-tour-2025-china-stage-1-w5,Fracture,Dragon Ranger Gaming,,5,TYLOO,,13,TYLOO
https://www.vlr.gg/450072/dragon-ranger-gaming-vs-tyloo-champions-tour-2025-china-stage-1-w5,AllMaps,Dragon Ranger Gaming,1,27,TYLOO,2,36,TYLOO
https://www.vlr.gg/450075/titan-esports-club-vs-nova-esports-champions-tour-2025-china-stage-1-w5,Fracture,Titan Esports Club,,13,Nova Esports,,9,Titan Esports Club
https://www.vlr.gg/450075/titan-esports-club-vs-nova-esports-champions-tour-2025-china-stage-1-w5,Split,Titan Esports Club,,13,Nova Esports,,3,Titan Esports Club
https://www.vlr.gg/450075/titan-esports-club-vs-nova-esports-champions-tour-2025-china-stage-1-w5,AllMaps,Titan Esports Club,2,26,Nova Esports,0,12,Titan Esports Club
https://www.vlr.gg/450076/edward-gaming-vs-funplus-phoenix-champions-tour-2025-china-stage-1-w5,Split,EDward Gaming,,13,FunPlus Phoenix,,9,EDward Gaming
https://www.vlr.gg/450076/edward-gaming-vs-funplus-phoenix-champions-tour-2025-china-stage-1-w5,Fracture,EDward Gaming,,13,FunPlus Phoenix,,7,EDward Gaming
https://www.vlr.gg/450076/edward-gaming-vs-funplus-phoenix-champions-tour-2025-china-stage-1-w5,AllMaps,EDward Gaming,2,26,FunPlus Phoenix,0,16,EDward Gaming
https://www.vlr.gg/450047/xi-lai-gaming-vs-bilibili-gaming-champions-tour-2025-china-stage-1-w1,Pearl,Xi Lai Gaming,,13,Bilibili Gaming,,8,Xi Lai Gaming
https://www.vlr.gg/450047/xi-lai-gaming-vs-bilibili-gaming-champions-tour-2025-china-stage-1-w1,Icebox,Xi Lai Gaming,,9,Bilibili Gaming,,13,Bilibili Gaming
https://www.vlr.gg/450047/xi-lai-gaming-vs-bilibili-gaming-champions-tour-2025-china-stage-1-w1,Fracture,Xi Lai Gaming,,8,Bilibili Gaming,,13,Bilibili Gaming
https://www.vlr.gg/450047/xi-lai-gaming-vs-bilibili-gaming-champions-tour-2025-china-stage-1-w1,AllMaps,Xi Lai Gaming,1,30,Bilibili Gaming,2,34,Bilibili Gaming
https://www.vlr.gg/450048/trace-esports-vs-all-gamers-champions-tour-2025-china-stage-1-w1,Pearl,Trace Esports,,13,All Gamers,,11,Trace Esports
https://www.vlr.gg/450048/trace-esports-vs-all-gamers-champions-tour-2025-china-stage-1-w1,Lotus,Trace Esports,,11,All Gamers,,13,All Gamers
https://www.vlr.gg/450048/trace-esports-vs-all-gamers-champions-tour-2025-china-stage-1-w1,Split,Trace Esports,,13,All Gamers,,1,Trace Esports
https://www.vlr.gg/450048/trace-esports-vs-all-gamers-champions-tour-2025-china-stage-1-w1,AllMaps,Trace Esports,2,37,All Gamers,1,25,Trace Esports
https://www.vlr.gg/450051/jdg-esports-vs-wolves-esports-champions-tour-2025-china-stage-1-w1,Pearl,JD Mall JDG Esports(JDG Esports),,9,Wolves Esports,,13,Wolves Esports
https://www.vlr.gg/450051/jdg-esports-vs-wolves-esports-champions-tour-2025-china-stage-1-w1,Haven,JD Mall JDG Esports(JDG Esports),,11,Wolves Esports,,13,Wolves Esports
https://www.vlr.gg/450051/jdg-esports-vs-wolves-esports-champions-tour-2025-china-stage-1-w1,AllMaps,JD Mall JDG Esports(JDG Esports),0,20,Wolves Esports,2,26,Wolves Esports
https://www.vlr.gg/450055/xi-lai-gaming-vs-all-gamers-champions-tour-2025-china-stage-1-w2,Fracture,Xi Lai Gaming,,13,All Gamers,,10,Xi Lai Gaming
https://www.vlr.gg/450055/xi-lai-gaming-vs-all-gamers-champions-tour-2025-china-stage-1-w2,Lotus,Xi Lai Gaming,,13,All Gamers,,7,Xi Lai Gaming
https://www.vlr.gg/450055/xi-lai-gaming-vs-all-gamers-champions-tour-2025-china-stage-1-w2,AllMaps,Xi Lai Gaming,2,26,All Gamers,0,17,Xi Lai Gaming
https://www.vlr.gg/450056/wolves-esports-vs-trace-esports-champions-tour-2025-china-stage-1-w2,Fracture,Wolves Esports,,15,Trace Esports,,13,Wolves Esports
https://www.vlr.gg/450056/wolves-esports-vs-trace-esports-champions-tour-2025-china-stage-1-w2,Pearl,Wolves Esports,,13,Trace Esports,,10,Wolves Esports
https://www.vlr.gg/450056/wolves-esports-vs-trace-esports-champions-tour-2025-china-stage-1-w2,AllMaps,Wolves Esports,2,28,Trace Esports,0,23,Wolves Esports
https://www.vlr.gg/450058/bilibili-gaming-vs-jdg-esports-champions-tour-2025-china-stage-1-w2,Pearl,Bilibili Gaming,,13,JD Mall JDG Esports(JDG Esports),,10,Bilibili Gaming
https://www.vlr.gg/450058/bilibili-gaming-vs-jdg-esports-champions-tour-2025-china-stage-1-w2,Icebox,Bilibili Gaming,,5,JD Mall JDG Esports(JDG Esports),,13,JD Mall JDG Esports(JDG Esports)
https://www.vlr.gg/450058/bilibili-gaming-vs-jdg-esports-champions-tour-2025-china-stage-1-w2,Fracture,Bilibili Gaming,,13,JD Mall JDG Esports(JDG Esports),,8,Bilibili Gaming
https://www.vlr.gg/450058/bilibili-gaming-vs-jdg-esports-champions-tour-2025-china-stage-1-w2,AllMaps,Bilibili Gaming,2,31,JD Mall JDG Esports(JDG Esports),1,31,Bilibili Gaming
https://www.vlr.gg/450059/jdg-esports-vs-trace-esports-champions-tour-2025-china-stage-1-w3,Lotus,JD Mall JDG Esports(JDG Esports),,7,Trace Esports,,13,Trace Esports
https://www.vlr.gg/450059/jdg-esports-vs-trace-esports-champions-tour-2025-china-stage-1-w3,Haven,JD Mall JDG Esports(JDG Esports),,11,Trace Esports,,13,Trace Esports
https://www.vlr.gg/450059/jdg-esports-vs-trace-esports-champions-tour-2025-china-stage-1-w3,AllMaps,JD Mall JDG Esports(JDG Esports),0,18,Trace Esports,2,26,Trace Esports
https://www.vlr.gg/450060/wolves-esports-vs-xi-lai-gaming-champions-tour-2025-china-stage-1-w3,Fracture,Wolves Esports,,12,Xi Lai Gaming,,14,Xi Lai Gaming
https://www.vlr.gg/450060/wolves-esports-vs-xi-lai-gaming-champions-tour-2025-china-stage-1-w3,Icebox,Wolves Esports,,10,Xi Lai Gaming,,13,Xi Lai Gaming
https://www.vlr.gg/450060/wolves-esports-vs-xi-lai-gaming-champions-tour-2025-china-stage-1-w3,AllMaps,Wolves Esports,0,22,Xi Lai Gaming,2,27,Xi Lai Gaming
https://www.vlr.gg/450064/all-gamers-vs-bilibili-gaming-champions-tour-2025-china-stage-1-w3,Pearl,All Gamers,,4,Bilibili Gaming,,13,Bilibili Gaming
https://www.vlr.gg/450064/all-gamers-vs-bilibili-gaming-champions-tour-2025-china-stage-1-w3,Fracture,All Gamers,,5,Bilibili Gaming,,13,Bilibili Gaming
https://www.vlr.gg/450064/all-gamers-vs-bilibili-gaming-champions-tour-2025-china-stage-1-w3,AllMaps,All Gamers,0,9,Bilibili Gaming,2,26,Bilibili Gaming
https://www.vlr.gg/450066/bilibili-gaming-vs-wolves-esports-champions-tour-2025-china-stage-1-w4,Haven,Bilibili Gaming,,13,Wolves Esports,,5,Bilibili Gaming
https://www.vlr.gg/450066/bilibili-gaming-vs-wolves-esports-champions-tour-2025-china-stage-1-w4,Ascent,Bilibili Gaming,,13,Wolves Esports,,4,Bilibili Gaming
https://www.vlr.gg/450066/bilibili-gaming-vs-wolves-esports-champions-tour-2025-china-stage-1-w4,Lotus,Bilibili Gaming,,10,Wolves Esports,,13,Wolves Esports
https://www.vlr.gg/450066/bilibili-gaming-vs-wolves-esports-champions-tour-2025-china-stage-1-w4,AllMaps,Bilibili Gaming,2,36,Wolves Esports,1,22,Bilibili Gaming
https://www.vlr.gg/450067/all-gamers-vs-jdg-esports-champions-tour-2025-china-stage-1-w4,Split,All Gamers,,12,JD Mall JDG Esports(JDG Esports),,14,JD Mall JDG Esports(JDG Esports)
https://www.vlr.gg/450067/all-gamers-vs-jdg-esports-champions-tour-2025-china-stage-1-w4,Pearl,All Gamers,,4,JD Mall JDG Esports(JDG Esports),,13,JD Mall JDG Esports(JDG Esports)
https://www.vlr.gg/450067/all-gamers-vs-jdg-esports-champions-tour-2025-china-stage-1-w4,AllMaps,All Gamers,0,16,JD Mall JDG Esports(JDG Esports),2,27,JD Mall JDG Esports(JDG Esports)
https://www.vlr.gg/450070/trace-esports-vs-xi-lai-gaming-champions-tour-2025-china-stage-1-w4,Split,Trace Esports,,7,Xi Lai Gaming,,13,Xi Lai Gaming
https://www.vlr.gg/450070/trace-esports-vs-xi-lai-gaming-champions-tour-2025-china-stage-1-w4,Lotus,Trace Esports,,13,Xi Lai Gaming,,10,Trace Esports
https://www.vlr.gg/450070/trace-esports-vs-xi-lai-gaming-champions-tour-2025-china-stage-1-w4,Pearl,Trace Esports,,11,Xi Lai Gaming,,13,Xi Lai Gaming
https://www.vlr.gg/450070/trace-esports-vs-xi-lai-gaming-champions-tour-2025-china-stage-1-w4,AllMaps,Trace Esports,1,31,Xi Lai Gaming,2,36,Xi Lai Gaming
https://www.vlr.gg/450071/jdg-esports-vs-xi-lai-gaming-champions-tour-2025-china-stage-1-w5,Lotus,JD Mall JDG Esports(JDG Esports),,6,Xi Lai Gaming,,13,Xi Lai Gaming
https://www.vlr.gg/450071/jdg-esports-vs-xi-lai-gaming-champions-tour-2025-china-stage-1-w5,Fracture,JD Mall JDG Esports(JDG Esports),,6,Xi Lai Gaming,,13,Xi Lai Gaming
https://www.vlr.gg/450071/jdg-esports-vs-xi-lai-gaming-champions-tour-2025-china-stage-1-w5,Icebox,JD Mall JDG Esports(JDG Esports),,13,Xi Lai Gaming,,11,JD Mall JDG Esports(JDG Esports)
https://www.vlr.gg/450071/jdg-esports-vs-xi-lai-gaming-champions-tour-2025-china-stage-1-w5,AllMaps,JD Mall JDG Esports(JDG Esports),1,25,Xi Lai Gaming,2,37,Xi Lai Gaming
https://www.vlr.gg/450073/wolves-esports-vs-all-gamers-champions-tour-2025-china-stage-1-w5,Pearl,Wolves Esports,,13,All Gamers,,7,Wolves Esports
https://www.vlr.gg/450073/wolves-esports-vs-all-gamers-champions-tour-2025-china-stage-1-w5,Fracture,Wolves Esports,,7,All Gamers,,13,All Gamers
https://www.vlr.gg/450073/wolves-esports-vs-all-gamers-champions-tour-2025-china-stage-1-w5,Lotus,Wolves Esports,,13,All Gamers,,6,Wolves Esports
https://www.vlr.gg/450073/wolves-esports-vs-all-gamers-champions-tour-2025-china-stage-1-w5,AllMaps,Wolves Esports,2,33,All Gamers,1,26,Wolves Esports
https://www.vlr.gg/450074/bilibili-gaming-vs-trace-esports-champions-tour-2025-china-stage-1-w5,Haven,Bilibili Gaming,,4,Trace Esports,,13,Trace Esports
https://www.vlr.gg/450074/bilibili-gaming-vs-trace-esports-champions-tour-2025-china-stage-1-w5,Ascent,Bilibili Gaming,,13,Trace Esports,,5,Bilibili Gaming
https://www.vlr.gg/450074/bilibili-gaming-vs-trace-esports-champions-tour-2025-china-stage-1-w5,Split,Bilibili Gaming,,1,Trace Esports,,13,Trace Esports
https://www.vlr.gg/450074/bilibili-gaming-vs-trace-esports-champions-tour-2025-china-stage-1-w5,AllMaps,Bilibili Gaming,1,18,Trace Esports,2,31,Trace Esports
https://www.vlr.gg/473233/titan-esports-club-vs-wolves-esports-champions-tour-2025-china-stage-1-ur1,Haven,Titan Esports Club,,11,Wolves Esports,,13,Wolves Esports
https://www.vlr.gg/473233/titan-esports-club-vs-wolves-esports-champions-tour-2025-china-stage-1-ur1,Icebox,Titan Esports Club,,10,Wolves Esports,,13,Wolves Esports
https://www.vlr.gg/473233/titan-esports-club-vs-wolves-esports-champions-tour-2025-china-stage-1-ur1,AllMaps,Titan Esports Club,0,21,Wolves Esports,2,26,Wolves Esports
https://www.vlr.gg/473234/xi-lai-gaming-vs-nova-esports-champions-tour-2025-china-stage-1-ur1,Lotus,Xi Lai Gaming,,13,Nova Esports,,6,Xi Lai Gaming
https://www.vlr.gg/473234/xi-lai-gaming-vs-nova-esports-champions-tour-2025-china-stage-1-ur1,Ascent,Xi Lai Gaming,,13,Nova Esports,,2,Xi Lai Gaming
https://www.vlr.gg/473234/xi-lai-gaming-vs-nova-esports-champions-tour-2025-china-stage-1-ur1,AllMaps,Xi Lai Gaming,2,26,Nova Esports,0,8,Xi Lai Gaming
https://www.vlr.gg/473235/titan-esports-club-vs-dragon-ranger-gaming-champions-tour-2025-china-stage-1-lr1,Ascent,Titan Esports Club,,13,Dragon Ranger Gaming,,1,Titan Esports Club
https://www.vlr.gg/473235/titan-esports-club-vs-dragon-ranger-gaming-champions-tour-2025-china-stage-1-lr1,Fracture,Titan Esports Club,,12,Dragon Ranger Gaming,,14,Dragon Ranger Gaming
https://www.vlr.gg/473235/titan-esports-club-vs-dragon-ranger-gaming-champions-tour-2025-china-stage-1-lr1,Lotus,Titan Esports Club,,16,Dragon Ranger Gaming,,18,Dragon Ranger Gaming
https://www.vlr.gg/473235/titan-esports-club-vs-dragon-ranger-gaming-champions-tour-2025-china-stage-1-lr1,AllMaps,Titan Esports Club,1,41,Dragon Ranger Gaming,2,33,Dragon Ranger Gaming
https://www.vlr.gg/473236/nova-esports-vs-trace-esports-champions-tour-2025-china-stage-1-lr1,Split,Nova Esports,,9,Trace Esports,,13,Trace Esports
https://www.vlr.gg/473236/nova-esports-vs-trace-esports-champions-tour-2025-china-stage-1-lr1,Lotus,Nova Esports,,4,Trace Esports,,13,Trace Esports
https://www.vlr.gg/473236/nova-esports-vs-trace-esports-champions-tour-2025-china-stage-1-lr1,AllMaps,Nova Esports,0,13,Trace Esports,2,26,Trace Esports
https://www.vlr.gg/473237/bilibili-gaming-vs-wolves-esports-champions-tour-2025-china-stage-1-ubsf,Split,Bilibili Gaming,,8,Wolves Esports,,13,Wolves Esports
https://www.vlr.gg/473237/bilibili-gaming-vs-wolves-esports-champions-tour-2025-china-stage-1-ubsf,Haven,Bilibili Gaming,,8,Wolves Esports,,13,Wolves Esports
https://www.vlr.gg/473237/bilibili-gaming-vs-wolves-esports-champions-tour-2025-china-stage-1-ubsf,AllMaps,Bilibili Gaming,0,16,Wolves Esports,2,26,Wolves Esports
https://www.vlr.gg/473238/edward-gaming-vs-xi-lai-gaming-champions-tour-2025-china-stage-1-ubsf,Lotus,EDward Gaming,,9,Xi Lai Gaming,,13,Xi Lai Gaming
https://www.vlr.gg/473238/edward-gaming-vs-xi-lai-gaming-champions-tour-2025-china-stage-1-ubsf,Haven,EDward Gaming,,11,Xi Lai Gaming,,13,Xi Lai Gaming
https://www.vlr.gg/473238/edward-gaming-vs-xi-lai-gaming-champions-tour-2025-china-stage-1-ubsf,AllMaps,EDward Gaming,0,20,Xi Lai Gaming,2,26,Xi Lai Gaming
https://www.vlr.gg/473239/edward-gaming-vs-dragon-ranger-gaming-champions-tour-2025-china-stage-1-lr2,Lotus,EDward Gaming,,13,Dragon Ranger Gaming,,8,EDward Gaming
https://www.vlr.gg/473239/edward-gaming-vs-dragon-ranger-gaming-champions-tour-2025-china-stage-1-lr2,Split,EDward Gaming,,11,Dragon Ranger Gaming,,13,Dragon Ranger Gaming
https://www.vlr.gg/473239/edward-gaming-vs-dragon-ranger-gaming-champions-tour-2025-china-stage-1-lr2,Ascent,EDward Gaming,,13,Dragon Ranger Gaming,,8,EDward Gaming
https://www.vlr.gg/473239/edward-gaming-vs-dragon-ranger-gaming-champions-tour-2025-china-stage-1-lr2,AllMaps,EDward Gaming,2,37,Dragon Ranger Gaming,1,29,EDward Gaming
https://www.vlr.gg/473240/bilibili-gaming-vs-trace-esports-champions-tour-2025-china-stage-1-lr2,Fracture,Bilibili Gaming,,13,Trace Esports,,8,Bilibili Gaming
https://www.vlr.gg/473240/bilibili-gaming-vs-trace-esports-champions-tour-2025-china-stage-1-lr2,Lotus,Bilibili Gaming,,13,Trace Esports,,4,Bilibili Gaming
https://www.vlr.gg/473240/bilibili-gaming-vs-trace-esports-champions-tour-2025-china-stage-1-lr2,AllMaps,Bilibili Gaming,2,26,Trace Esports,0,12,Bilibili Gaming
https://www.vlr.gg/473242/edward-gaming-vs-bilibili-gaming-champions-tour-2025-china-stage-1-lr3,Fracture,EDward Gaming,,13,Bilibili Gaming,,8,EDward Gaming
https://www.vlr.gg/473242/edward-gaming-vs-bilibili-gaming-champions-tour-2025-china-stage-1-lr3,Icebox,EDward Gaming,,8,Bilibili Gaming,,13,Bilibili Gaming
https://www.vlr.gg/473242/edward-gaming-vs-bilibili-gaming-champions-tour-2025-china-stage-1-lr3,Pearl,EDward Gaming,,11,Bilibili Gaming,,13,Bilibili Gaming
https://www.vlr.gg/473242/edward-gaming-vs-bilibili-gaming-champions-tour-2025-china-stage-1-lr3,AllMaps,EDward Gaming,1,32,Bilibili Gaming,2,34,Bilibili Gaming
https://www.vlr.gg/473241/wolves-esports-vs-xi-lai-gaming-champions-tour-2025-china-stage-1-ubf,Pearl,Wolves Esports,,7,Xi Lai Gaming,,13,Xi Lai Gaming
https://www.vlr.gg/473241/wolves-esports-vs-xi-lai-gaming-champions-tour-2025-china-stage-1-ubf,Lotus,Wolves Esports,,12,Xi Lai Gaming,,14,Xi Lai Gaming
https://www.vlr.gg/473241/wolves-esports-vs-xi-lai-gaming-champions-tour-2025-china-stage-1-ubf,AllMaps,Wolves Esports,0,19,Xi Lai Gaming,2,27,Xi Lai Gaming
https://www.vlr.gg/473243/wolves-esports-vs-bilibili-gaming-champions-tour-2025-china-stage-1-lbf,Pearl,Wolves Esports,,9,Bilibili Gaming,,13,Bilibili Gaming
https://www.vlr.gg/473243/wolves-esports-vs-bilibili-gaming-champions-tour-2025-china-stage-1-lbf,Lotus,Wolves Esports,,11,Bilibili Gaming,,13,Bilibili Gaming
https://www.vlr.gg/473243/wolves-esports-vs-bilibili-gaming-champions-tour-2025-china-stage-1-lbf,Icebox,Wolves Esports,,7,Bilibili Gaming,,13,Bilibili Gaming
https://www.vlr.gg/473243/wolves-esports-vs-bilibili-gaming-champions-tour-2025-china-stage-1-lbf,AllMaps,Wolves Esports,0,27,Bilibili Gaming,3,39,Bilibili Gaming
https://www.vlr.gg/473244/xi-lai-gaming-vs-bilibili-gaming-champions-tour-2025-china-stage-1-gf,Fracture,Xi Lai Gaming,,15,Bilibili Gaming,,13,Xi Lai Gaming
https://www.vlr.gg/473244/xi-lai-gaming-vs-bilibili-gaming-champions-tour-2025-china-stage-1-gf,Lotus,Xi Lai Gaming,,13,Bilibili Gaming,,10,Xi Lai Gaming
https://www.vlr.gg/473244/xi-lai-gaming-vs-bilibili-gaming-champions-tour-2025-china-stage-1-gf,Pearl,Xi Lai Gaming,,8,Bilibili Gaming,,13,Bilibili Gaming
https://www.vlr.gg/473244/xi-lai-gaming-vs-bilibili-gaming-champions-tour-2025-china-stage-1-gf,Haven,Xi Lai Gaming,,14,Bilibili Gaming,,12,Xi Lai Gaming
https://www.vlr.gg/473244/xi-lai-gaming-vs-bilibili-gaming-champions-tour-2025-china-stage-1-gf,AllMaps,Xi Lai Gaming,3,50,Bilibili Gaming,1,48,Xi Lai Gaming
https://www.vlr.gg/506930/edward-gaming-vs-titan-esports-club-vct-2025-china-stage-2-w1,Sunset,EDward Gaming,,13,Titan Esports Club,,9,EDward Gaming
https://www.vlr.gg/506930/edward-gaming-vs-titan-esports-club-vct-2025-china-stage-2-w1,Corrode,EDward Gaming,,13,Titan Esports Club,,6,EDward Gaming
https://www.vlr.gg/506930/edward-gaming-vs-titan-esports-club-vct-2025-china-stage-2-w1,AllMaps,EDward Gaming,2,26,Titan Esports Club,0,15,EDward Gaming
https://www.vlr.gg/506931/bilibili-gaming-vs-tyloo-vct-2025-china-stage-2-w1,Bind,Guangzhou Huadu Bilibili Gaming(Bilibili Gaming),,13,TYLOO,,5,Guangzhou Huadu Bilibili Gaming(Bilibili Gaming)
https://www.vlr.gg/506931/bilibili-gaming-vs-tyloo-vct-2025-china-stage-2-w1,Lotus,Guangzhou Huadu Bilibili Gaming(Bilibili Gaming),,13,TYLOO,,9,Guangzhou Huadu Bilibili Gaming(Bilibili Gaming)
https://www.vlr.gg/506931/bilibili-gaming-vs-tyloo-vct-2025-china-stage-2-w1,AllMaps,Guangzhou Huadu Bilibili Gaming(Bilibili Gaming),2,26,TYLOO,0,14,Guangzhou Huadu Bilibili Gaming(Bilibili Gaming)
https://www.vlr.gg/506935/jdg-esports-vs-trace-esports-vct-2025-china-stage-2-w1,Icebox,JD Mall JDG Esports(JDG Esports),,7,Trace Esports,,13,Trace Esports
https://www.vlr.gg/506935/jdg-esports-vs-trace-esports-vct-2025-china-stage-2-w1,Lotus,JD Mall JDG Esports(JDG Esports),,13,Trace Esports,,4,JD Mall JDG Esports(JDG Esports)
https://www.vlr.gg/506935/jdg-esports-vs-trace-esports-vct-2025-china-stage-2-w1,Haven,JD Mall JDG Esports(JDG Esports),,4,Trace Esports,,13,Trace Esports
https://www.vlr.gg/506935/jdg-esports-vs-trace-esports-vct-2025-china-stage-2-w1,AllMaps,JD Mall JDG Esports(JDG Esports),1,24,Trace Esports,2,30,Trace Esports
https://www.vlr.gg/506936/trace-esports-vs-tyloo-vct-2025-china-stage-2-w2,Corrode,Trace Esports,,7,TYLOO,,13,TYLOO
https://www.vlr.gg/506936/trace-esports-vs-tyloo-vct-2025-china-stage-2-w2,Bind,Trace Esports,,10,TYLOO,,13,TYLOO
https://www.vlr.gg/506936/trace-esports-vs-tyloo-vct-2025-china-stage-2-w2,AllMaps,Trace Esports,0,17,TYLOO,2,26,TYLOO
https://www.vlr.gg/506939/jdg-esports-vs-bilibili-gaming-vct-2025-china-stage-2-w2,Sunset,JD Mall JDG Esports(JDG Esports),,7,Guangzhou Huadu Bilibili Gaming(Bilibili Gaming),,13,Guangzhou Huadu Bilibili Gaming(Bilibili Gaming)
https://www.vlr.gg/506939/jdg-esports-vs-bilibili-gaming-vct-2025-china-stage-2-w2,Ascent,JD Mall JDG Esports(JDG Esports),,15,Guangzhou Huadu Bilibili Gaming(Bilibili Gaming),,13,JD Mall JDG Esports(JDG Esports)
https://www.vlr.gg/506939/jdg-esports-vs-bilibili-gaming-vct-2025-china-stage-2-w2,Icebox,JD Mall JDG Esports(JDG Esports),,4,Guangzhou Huadu Bilibili Gaming(Bilibili Gaming),,13,Guangzhou Huadu Bilibili Gaming(Bilibili Gaming)
https://www.vlr.gg/506939/jdg-esports-vs-bilibili-gaming-vct-2025-china-stage-2-w2,AllMaps,JD Mall JDG Esports(JDG Esports),1,26,Guangzhou Huadu Bilibili Gaming(Bilibili Gaming),2,39,Guangzhou Huadu Bilibili Gaming(Bilibili Gaming)
https://www.vlr.gg/506940/tyloo-vs-titan-esports-club-vct-2025-china-stage-2-w2,Haven,TYLOO,,13,Titan Esports Club,,2,TYLOO
https://www.vlr.gg/506940/tyloo-vs-titan-esports-club-vct-2025-china-stage-2-w2,Lotus,TYLOO,,13,Titan Esports Club,,10,TYLOO
https://www.vlr.gg/506940/tyloo-vs-titan-esports-club-vct-2025-china-stage-2-w2,AllMaps,TYLOO,2,26,Titan Esports Club,0,12,TYLOO
https://www.vlr.gg/506941/trace-esports-vs-edward-gaming-vct-2025-china-stage-2-w2,Sunset,Trace Esports,,13,EDward Gaming,,8,Trace Esports
https://www.vlr.gg/506941/trace-esports-vs-edward-gaming-vct-2025-china-stage-2-w2,Bind,Trace Esports,,11,EDward Gaming,,13,EDward Gaming
https://www.vlr.gg/506941/trace-esports-vs-edward-gaming-vct-2025-china-stage-2-w2,Icebox,Trace Esports,,13,EDward Gaming,,3,Trace Esports
https://www.vlr.gg/506941/trace-esports-vs-edward-gaming-vct-2025-china-stage-2-w2,AllMaps,Trace Esports,2,37,EDward Gaming,1,24,Trace Esports
https://www.vlr.gg/506945/titan-esports-club-vs-bilibili-gaming-vct-2025-china-stage-2-w3,Bind,Titan Esports Club,,9,Guangzhou Huadu Bilibili Gaming(Bilibili Gaming),,13,Guangzhou Huadu Bilibili Gaming(Bilibili Gaming)
https://www.vlr.gg/506945/titan-esports-club-vs-bilibili-gaming-vct-2025-china-stage-2-w3,Ascent,Titan Esports Club,,8,Guangzhou Huadu Bilibili Gaming(Bilibili Gaming),,13,Guangzhou Huadu Bilibili Gaming(Bilibili Gaming)
https://www.vlr.gg/506945/titan-esports-club-vs-bilibili-gaming-vct-2025-china-stage-2-w3,AllMaps,Titan Esports Club,0,17,Guangzhou Huadu Bilibili Gaming(Bilibili Gaming),2,26,Guangzhou Huadu Bilibili Gaming(Bilibili Gaming)
https://www.vlr.gg/506948/tyloo-vs-edward-gaming-vct-2025-china-stage-2-w3,Corrode,TYLOO,,10,EDward Gaming,,13,EDward Gaming
https://www.vlr.gg/506948/tyloo-vs-edward-gaming-vct-2025-china-stage-2-w3,Ascent,TYLOO,,9,EDward Gaming,,13,EDward Gaming
https://www.vlr.gg/506948/tyloo-vs-edward-gaming-vct-2025-china-stage-2-w3,AllMaps,TYLOO,0,19,EDward Gaming,2,26,EDward Gaming
https://www.vlr.gg/506949/titan-esports-club-vs-jdg-esports-vct-2025-china-stage-2-w3,Lotus,Titan Esports Club,,9,JD Mall JDG Esports(JDG Esports),,13,JD Mall JDG Esports(JDG Esports)
https://www.vlr.gg/506949/titan-esports-club-vs-jdg-esports-vct-2025-china-stage-2-w3,Haven,Titan Esports Club,,13,JD Mall JDG Esports(JDG Esports),,9,Titan Esports Club
https://www.vlr.gg/506949/titan-esports-club-vs-jdg-esports-vct-2025-china-stage-2-w3,Sunset,Titan Esports Club,,11,JD Mall JDG Esports(JDG Esports),,13,JD Mall JDG Esports(JDG Esports)
https://www.vlr.gg/506949/titan-esports-club-vs-jdg-esports-vct-2025-china-stage-2-w3,AllMaps,Titan Esports Club,1,33,JD Mall JDG Esports(JDG Esports),2,35,JD Mall JDG Esports(JDG Esports)
https://www.vlr.gg/506950/bilibili-gaming-vs-trace-esports-vct-2025-china-stage-2-w3,Haven,Guangzhou Huadu Bilibili Gaming(Bilibili Gaming),,13,Trace Esports,,6,Guangzhou Huadu Bilibili Gaming(Bilibili Gaming)
https://www.vlr.gg/506950/bilibili-gaming-vs-trace-esports-vct-2025-china-stage-2-w3,Icebox,Guangzhou Huadu Bilibili Gaming(Bilibili Gaming),,13,Trace Esports,,15,Trace Esports
https://www.vlr.gg/506950/bilibili-gaming-vs-trace-esports-vct-2025-china-stage-2-w3,Ascent,Guangzhou Huadu Bilibili Gaming(Bilibili Gaming),,6,Trace Esports,,13,Trace Esports
https://www.vlr.gg/506950/bilibili-gaming-vs-trace-esports-vct-2025-china-stage-2-w3,AllMaps,Guangzhou Huadu Bilibili Gaming(Bilibili Gaming),1,32,Trace Esports,2,34,Trace Esports
https://www.vlr.gg/506954/edward-gaming-vs-jdg-esports-vct-2025-china-stage-2-w4,Corrode,EDward Gaming,,13,JD Mall JDG Esports(JDG Esports),,5,EDward Gaming
https://www.vlr.gg/506954/edward-gaming-vs-jdg-esports-vct-2025-china-stage-2-w4,Lotus,EDward Gaming,,10,JD Mall JDG Esports(JDG Esports),,13,JD Mall JDG Esports(JDG Esports)
https://www.vlr.gg/506954/edward-gaming-vs-jdg-esports-vct-2025-china-stage-2-w4,Haven,EDward Gaming,,13,JD Mall JDG Esports(JDG Esports),,10,EDward Gaming
https://www.vlr.gg/506954/edward-gaming-vs-jdg-esports-vct-2025-china-stage-2-w4,AllMaps,EDward Gaming,2,36,JD Mall JDG Esports(JDG Esports),1,28,EDward Gaming
https://www.vlr.gg/506956/trace-esports-vs-titan-esports-club-vct-2025-china-stage-2-w4,Sunset,Trace Esports,,9,Titan Esports Club,,13,Titan Esports Club
https://www.vlr.gg/506956/trace-esports-vs-titan-esports-club-vct-2025-china-stage-2-w4,Haven,Trace Esports,,7,Titan Esports Club,,13,Titan Esports Club
https://www.vlr.gg/506956/trace-esports-vs-titan-esports-club-vct-2025-china-stage-2-w4,AllMaps,Trace Esports,0,16,Titan Esports Club,2,26,Titan Esports Club
https://www.vlr.gg/506959/tyloo-vs-jdg-esports-vct-2025-china-stage-2-w4,Haven,TYLOO,,7,JD Mall JDG Esports(JDG Esports),,13,JD Mall JDG Esports(JDG Esports)
https://www.vlr.gg/506959/tyloo-vs-jdg-esports-vct-2025-china-stage-2-w4,Ascent,TYLOO,,13,JD Mall JDG Esports(JDG Esports),,5,TYLOO
https://www.vlr.gg/506959/tyloo-vs-jdg-esports-vct-2025-china-stage-2-w4,Corrode,TYLOO,,13,JD Mall JDG Esports(JDG Esports),,6,TYLOO
https://www.vlr.gg/506959/tyloo-vs-jdg-esports-vct-2025-china-stage-2-w4,AllMaps,TYLOO,2,33,JD Mall JDG Esports(JDG Esports),1,24,TYLOO
https://www.vlr.gg/506960/bilibili-gaming-vs-edward-gaming-vct-2025-china-stage-2-w4,Lotus,Guangzhou Huadu Bilibili Gaming(Bilibili Gaming),,13,EDward Gaming,,6,Guangzhou Huadu Bilibili Gaming(Bilibili Gaming)
https://www.vlr.gg/506960/bilibili-gaming-vs-edward-gaming-vct-2025-china-stage-2-w4,Sunset,Guangzhou Huadu Bilibili Gaming(Bilibili Gaming),,15,EDward Gaming,,13,Guangzhou Huadu Bilibili Gaming(Bilibili Gaming)
https://www.vlr.gg/506960/bilibili-gaming-vs-edward-gaming-vct-2025-china-stage-2-w4,AllMaps,Guangzhou Huadu Bilibili Gaming(Bilibili Gaming),2,28,EDward Gaming,0,19,Guangzhou Huadu Bilibili Gaming(Bilibili Gaming)
https://www.vlr.gg/506932/all-gamers-vs-xi-lai-gaming-vct-2025-china-stage-2-w1,Sunset,All Gamers,,13,Xi Lai Gaming,,3,All Gamers
https://www.vlr.gg/506932/all-gamers-vs-xi-lai-gaming-vct-2025-china-stage-2-w1,Lotus,All Gamers,,7,Xi Lai Gaming,,13,Xi Lai Gaming
https://www.vlr.gg/506932/all-gamers-vs-xi-lai-gaming-vct-2025-china-stage-2-w1,Ascent,All Gamers,,3,Xi Lai Gaming,,13,Xi Lai Gaming
https://www.vlr.gg/506932/all-gamers-vs-xi-lai-gaming-vct-2025-china-stage-2-w1,AllMaps,All Gamers,1,23,Xi Lai Gaming,2,29,Xi Lai Gaming
https://www.vlr.gg/506933/wolves-esports-vs-funplus-phoenix-vct-2025-china-stage-2-w1,Sunset,Wolves Esports,,5,FunPlus Phoenix,,13,FunPlus Phoenix
https://www.vlr.gg/506933/wolves-esports-vs-funplus-phoenix-vct-2025-china-stage-2-w1,Corrode,Wolves Esports,,7,FunPlus Phoenix,,13,FunPlus Phoenix
https://www.vlr.gg/506933/wolves-esports-vs-funplus-phoenix-vct-2025-china-stage-2-w1,AllMaps,Wolves Esports,0,12,FunPlus Phoenix,2,26,FunPlus Phoenix
https://www.vlr.gg/506934/dragon-ranger-gaming-vs-nova-esports-vct-2025-china-stage-2-w1,Lotus,Dragon Ranger Gaming,,13,Nova Esports,,8,Dragon Ranger Gaming
https://www.vlr.gg/506934/dragon-ranger-gaming-vs-nova-esports-vct-2025-china-stage-2-w1,Icebox,Dragon Ranger Gaming,,12,Nova Esports,,14,Nova Esports
https://www.vlr.gg/506934/dragon-ranger-gaming-vs-nova-esports-vct-2025-china-stage-2-w1,Ascent,Dragon Ranger Gaming,,13,Nova Esports,,5,Dragon Ranger Gaming
https://www.vlr.gg/506934/dragon-ranger-gaming-vs-nova-esports-vct-2025-china-stage-2-w1,AllMaps,Dragon Ranger Gaming,2,38,Nova Esports,1,27,Dragon Ranger Gaming
https://www.vlr.gg/506937/funplus-phoenix-vs-nova-esports-vct-2025-china-stage-2-w2,Haven,FunPlus Phoenix,,6,Nova Esports,,13,Nova Esports
https://www.vlr.gg/506937/funplus-phoenix-vs-nova-esports-vct-2025-china-stage-2-w2,Ascent,FunPlus Phoenix,,13,Nova Esports,,8,FunPlus Phoenix
https://www.vlr.gg/506937/funplus-phoenix-vs-nova-esports-vct-2025-china-stage-2-w2,Bind,FunPlus Phoenix,,13,Nova Esports,,6,FunPlus Phoenix
https://www.vlr.gg/506937/funplus-phoenix-vs-nova-esports-vct-2025-china-stage-2-w2,AllMaps,FunPlus Phoenix,2,32,Nova Esports,1,27,FunPlus Phoenix
https://www.vlr.gg/506938/all-gamers-vs-wolves-esports-vct-2025-china-stage-2-w2,Bind,All Gamers,,13,Wolves Esports,,2,All Gamers
https://www.vlr.gg/506938/all-gamers-vs-wolves-esports-vct-2025-china-stage-2-w2,Corrode,All Gamers,,13,Wolves Esports,,4,All Gamers
https://www.vlr.gg/506938/all-gamers-vs-wolves-esports-vct-2025-china-stage-2-w2,AllMaps,All Gamers,2,26,Wolves Esports,0,6,All Gamers
https://www.vlr.gg/506942/dragon-ranger-gaming-vs-all-gamers-vct-2025-china-stage-2-w2,Lotus,Dragon Ranger Gaming,,5,All Gamers,,13,All Gamers
https://www.vlr.gg/506942/dragon-ranger-gaming-vs-all-gamers-vct-2025-china-stage-2-w2,Corrode,Dragon Ranger Gaming,,13,All Gamers,,7,Dragon Ranger Gaming
https://www.vlr.gg/506942/dragon-ranger-gaming-vs-all-gamers-vct-2025-china-stage-2-w2,Sunset,Dragon Ranger Gaming,,13,All Gamers,,10,Dragon Ranger Gaming
https://www.vlr.gg/506942/dragon-ranger-gaming-vs-all-gamers-vct-2025-china-stage-2-w2,AllMaps,Dragon Ranger Gaming,2,31,All Gamers,1,30,Dragon Ranger Gaming
https://www.vlr.gg/506943/xi-lai-gaming-vs-wolves-esports-vct-2025-china-stage-2-w2,Haven,Xi Lai Gaming,,13,Wolves Esports,,9,Xi Lai Gaming
https://www.vlr.gg/506943/xi-lai-gaming-vs-wolves-esports-vct-2025-china-stage-2-w2,Lotus,Xi Lai Gaming,,13,Wolves Esports,,8,Xi Lai Gaming
https://www.vlr.gg/506943/xi-lai-gaming-vs-wolves-esports-vct-2025-china-stage-2-w2,AllMaps,Xi Lai Gaming,2,26,Wolves Esports,0,17,Xi Lai Gaming
https://www.vlr.gg/506946/funplus-phoenix-vs-dragon-ranger-gaming-vct-2025-china-stage-2-w3,Haven,FunPlus Phoenix,,13,Dragon Ranger Gaming,,7,FunPlus Phoenix
https://www.vlr.gg/506946/funplus-phoenix-vs-dragon-ranger-gaming-vct-2025-china-stage-2-w3,Ascent,FunPlus Phoenix,,6,Dragon Ranger Gaming,,13,Dragon Ranger Gaming
https://www.vlr.gg/506946/funplus-phoenix-vs-dragon-ranger-gaming-vct-2025-china-stage-2-w3,Sunset,FunPlus Phoenix,,13,Dragon Ranger Gaming,,11,FunPlus Phoenix
https://www.vlr.gg/506946/funplus-phoenix-vs-dragon-ranger-gaming-vct-2025-china-stage-2-w3,AllMaps,FunPlus Phoenix,2,32,Dragon Ranger Gaming,1,31,FunPlus Phoenix
https://www.vlr.gg/506947/nova-esports-vs-all-gamers-vct-2025-china-stage-2-w3,Haven,Nova Esports,,13,All Gamers,,10,Nova Esports
https://www.vlr.gg/506947/nova-esports-vs-all-gamers-vct-2025-china-stage-2-w3,Corrode,Nova Esports,,9,All Gamers,,13,All Gamers
https://www.vlr.gg/506947/nova-esports-vs-all-gamers-vct-2025-china-stage-2-w3,Lotus,Nova Esports,,6,All Gamers,,13,All Gamers
https://www.vlr.gg/506947/nova-esports-vs-all-gamers-vct-2025-china-stage-2-w3,AllMaps,Nova Esports,1,28,All Gamers,2,36,All Gamers
https://www.vlr.gg/506951/wolves-esports-vs-dragon-ranger-gaming-vct-2025-china-stage-2-w3,Lotus,Wolves Esports,,14,Dragon Ranger Gaming,,12,Wolves Esports
https://www.vlr.gg/506951/wolves-esports-vs-dragon-ranger-gaming-vct-2025-china-stage-2-w3,Icebox,Wolves Esports,,11,Dragon Ranger Gaming,,13,Dragon Ranger Gaming
https://www.vlr.gg/506951/wolves-esports-vs-dragon-ranger-gaming-vct-2025-china-stage-2-w3,Ascent,Wolves Esports,,13,Dragon Ranger Gaming,,10,Wolves Esports
https://www.vlr.gg/506951/wolves-esports-vs-dragon-ranger-gaming-vct-2025-china-stage-2-w3,AllMaps,Wolves Esports,2,38,Dragon Ranger Gaming,1,35,Wolves Esports
https://www.vlr.gg/506952/xi-lai-gaming-vs-funplus-phoenix-vct-2025-china-stage-2-w3,Haven,Xi Lai Gaming,,13,FunPlus Phoenix,,8,Xi Lai Gaming
https://www.vlr.gg/506952/xi-lai-gaming-vs-funplus-phoenix-vct-2025-china-stage-2-w3,Sunset,Xi Lai Gaming,,14,FunPlus Phoenix,,12,Xi Lai Gaming
https://www.vlr.gg/506952/xi-lai-gaming-vs-funplus-phoenix-vct-2025-china-stage-2-w3,AllMaps,Xi Lai Gaming,2,27,FunPlus Phoenix,0,20,Xi Lai Gaming
https://www.vlr.gg/506953/nova-esports-vs-xi-lai-gaming-vct-2025-china-stage-2-w4,Sunset,Nova Esports,,10,Xi Lai Gaming,,13,Xi Lai Gaming
https://www.vlr.gg/506953/nova-esports-vs-xi-lai-gaming-vct-2025-china-stage-2-w4,Haven,Nova Esports,,3,Xi Lai Gaming,,13,Xi Lai Gaming
https://www.vlr.gg/506953/nova-esports-vs-xi-lai-gaming-vct-2025-china-stage-2-w4,AllMaps,Nova Esports,0,13,Xi Lai Gaming,2,26,Xi Lai Gaming
https://www.vlr.gg/506955/all-gamers-vs-funplus-phoenix-vct-2025-china-stage-2-w4,Icebox,All Gamers,,14,FunPlus Phoenix,,12,All Gamers
https://www.vlr.gg/506955/all-gamers-vs-funplus-phoenix-vct-2025-china-stage-2-w4,Bind,All Gamers,,13,FunPlus Phoenix,,8,All Gamers
https://www.vlr.gg/506955/all-gamers-vs-funplus-phoenix-vct-2025-china-stage-2-w4,AllMaps,All Gamers,2,27,FunPlus Phoenix,0,20,All Gamers
https://www.vlr.gg/506957/nova-esports-vs-wolves-esports-vct-2025-china-stage-2-w4,Haven,Nova Esports,,14,Wolves Esports,,16,Wolves Esports
https://www.vlr.gg/506957/nova-esports-vs-wolves-esports-vct-2025-china-stage-2-w4,Corrode,Nova Esports,,13,Wolves Esports,,6,Nova Esports
https://www.vlr.gg/506957/nova-esports-vs-wolves-esports-vct-2025-china-stage-2-w4,Bind,Nova Esports,,13,Wolves Esports,,10,Nova Esports
https://www.vlr.gg/506957/nova-esports-vs-wolves-esports-vct-2025-china-stage-2-w4,AllMaps,Nova Esports,2,40,Wolves Esports,1,32,Nova Esports
https://www.vlr.gg/506958/dragon-ranger-gaming-vs-xi-lai-gaming-vct-2025-china-stage-2-w4,Ascent,Dragon Ranger Gaming,,13,Xi Lai Gaming,,6,Dragon Ranger Gaming
https://www.vlr.gg/506958/dragon-ranger-gaming-vs-xi-lai-gaming-vct-2025-china-stage-2-w4,Haven,Dragon Ranger Gaming,,4,Xi Lai Gaming,,13,Xi Lai Gaming
https://www.vlr.gg/506958/dragon-ranger-gaming-vs-xi-lai-gaming-vct-2025-china-stage-2-w4,Lotus,Dragon Ranger Gaming,,13,Xi Lai Gaming,,6,Dragon Ranger Gaming
https://www.vlr.gg/506958/dragon-ranger-gaming-vs-xi-lai-gaming-vct-2025-china-stage-2-w4,AllMaps,Dragon Ranger Gaming,2,30,Xi Lai Gaming,1,25,Dragon Ranger Gaming
https://www.vlr.gg/527576/edward-gaming-vs-dragon-ranger-gaming-vct-2025-china-stage-2-ubqf,Lotus,EDward Gaming,,12,Dragon Ranger Gaming,,14,Dragon Ranger Gaming
https://www.vlr.gg/527576/edward-gaming-vs-dragon-ranger-gaming-vct-2025-china-stage-2-ubqf,Corrode,EDward Gaming,,10,Dragon Ranger Gaming,,13,Dragon Ranger Gaming
https://www.vlr.gg/527576/edward-gaming-vs-dragon-ranger-gaming-vct-2025-china-stage-2-ubqf,AllMaps,EDward Gaming,0,22,Dragon Ranger Gaming,2,27,Dragon Ranger Gaming
https://www.vlr.gg/527577/all-gamers-vs-tyloo-vct-2025-china-stage-2-ubqf,Lotus,All Gamers,,3,TYLOO,,13,TYLOO
https://www.vlr.gg/527577/all-gamers-vs-tyloo-vct-2025-china-stage-2-ubqf,Icebox,All Gamers,,11,TYLOO,,13,TYLOO
https://www.vlr.gg/527577/all-gamers-vs-tyloo-vct-2025-china-stage-2-ubqf,AllMaps,All Gamers,0,14,TYLOO,2,26,TYLOO
https://www.vlr.gg/527583/edward-gaming-vs-trace-esports-vct-2025-china-stage-2-lr1,Lotus,EDward Gaming,,7,Trace Esports,,13,Trace Esports
https://www.vlr.gg/527583/edward-gaming-vs-trace-esports-vct-2025-china-stage-2-lr1,Sunset,EDward Gaming,,13,Trace Esports,,10,EDward Gaming
https://www.vlr.gg/527583/edward-gaming-vs-trace-esports-vct-2025-china-stage-2-lr1,Ascent,EDward Gaming,,13,Trace Esports,,11,EDward Gaming
https://www.vlr.gg/527583/edward-gaming-vs-trace-esports-vct-2025-china-stage-2-lr1,AllMaps,EDward Gaming,2,33,Trace Esports,1,34,EDward Gaming
https://www.vlr.gg/527584/all-gamers-vs-funplus-phoenix-vct-2025-china-stage-2-lr1,Sunset,All Gamers,,13,FunPlus Phoenix,,10,All Gamers
https://www.vlr.gg/527584/all-gamers-vs-funplus-phoenix-vct-2025-china-stage-2-lr1,Haven,All Gamers,,3,FunPlus Phoenix,,13,FunPlus Phoenix
https://www.vlr.gg/527584/all-gamers-vs-funplus-phoenix-vct-2025-china-stage-2-lr1,Icebox,All Gamers,,13,FunPlus Phoenix,,6,All Gamers
https://www.vlr.gg/527584/all-gamers-vs-funplus-phoenix-vct-2025-china-stage-2-lr1,AllMaps,All Gamers,2,29,FunPlus Phoenix,1,29,All Gamers
https://www.vlr.gg/527579/xi-lai-gaming-vs-dragon-ranger-gaming-vct-2025-china-stage-2-ubsf,Lotus,Xi Lai Gaming,,12,Dragon Ranger Gaming,,14,Dragon Ranger Gaming
https://www.vlr.gg/527579/xi-lai-gaming-vs-dragon-ranger-gaming-vct-2025-china-stage-2-ubsf,Bind,Xi Lai Gaming,,13,Dragon Ranger Gaming,,5,Xi Lai Gaming
https://www.vlr.gg/527579/xi-lai-gaming-vs-dragon-ranger-gaming-vct-2025-china-stage-2-ubsf,Sunset,Xi Lai Gaming,,5,Dragon Ranger Gaming,,13,Dragon Ranger Gaming
https://www.vlr.gg/527579/xi-lai-gaming-vs-dragon-ranger-gaming-vct-2025-china-stage-2-ubsf,AllMaps,Xi Lai Gaming,1,30,Dragon Ranger Gaming,2,32,Dragon Ranger Gaming
https://www.vlr.gg/527580/bilibili-gaming-vs-tyloo-vct-2025-china-stage-2-ubsf,Bind,Guangzhou Huadu Bilibili Gaming(Bilibili Gaming),,13,TYLOO,,7,Guangzhou Huadu Bilibili Gaming(Bilibili Gaming)
https://www.vlr.gg/527580/bilibili-gaming-vs-tyloo-vct-2025-china-stage-2-ubsf,Icebox,Guangzhou Huadu Bilibili Gaming(Bilibili Gaming),,9,TYLOO,,13,TYLOO
https://www.vlr.gg/527580/bilibili-gaming-vs-tyloo-vct-2025-china-stage-2-ubsf,Lotus,Guangzhou Huadu Bilibili Gaming(Bilibili Gaming),,13,TYLOO,,5,Guangzhou Huadu Bilibili Gaming(Bilibili Gaming)
https://www.vlr.gg/527580/bilibili-gaming-vs-tyloo-vct-2025-china-stage-2-ubsf,AllMaps,Guangzhou Huadu Bilibili Gaming(Bilibili Gaming),2,35,TYLOO,1,25,Guangzhou Huadu Bilibili Gaming(Bilibili Gaming)
https://www.vlr.gg/527585/tyloo-vs-edward-gaming-vct-2025-china-stage-2-lr2,Haven,TYLOO,,3,EDward Gaming,,13,EDward Gaming
https://www.vlr.gg/527585/tyloo-vs-edward-gaming-vct-2025-china-stage-2-lr2,Ascent,TYLOO,,11,EDward Gaming,,13,EDward Gaming
https://www.vlr.gg/527585/tyloo-vs-edward-gaming-vct-2025-china-stage-2-lr2,AllMaps,TYLOO,0,14,EDward Gaming,2,26,EDward Gaming
https://www.vlr.gg/527586/xi-lai-gaming-vs-all-gamers-vct-2025-china-stage-2-lr2,Ascent,Xi Lai Gaming,,13,All Gamers,,8,Xi Lai Gaming
https://www.vlr.gg/527586/xi-lai-gaming-vs-all-gamers-vct-2025-china-stage-2-lr2,Icebox,Xi Lai Gaming,,9,All Gamers,,13,All Gamers
https://www.vlr.gg/527586/xi-lai-gaming-vs-all-gamers-vct-2025-china-stage-2-lr2,Lotus,Xi Lai Gaming,,13,All Gamers,,1,Xi Lai Gaming
https://www.vlr.gg/527586/xi-lai-gaming-vs-all-gamers-vct-2025-china-stage-2-lr2,AllMaps,Xi Lai Gaming,2,35,All Gamers,1,22,Xi Lai Gaming
https://www.vlr.gg/527581/dragon-ranger-gaming-vs-bilibili-gaming-vct-2025-china-stage-2-ubf,Haven,Dragon Ranger Gaming,,13,Guangzhou Huadu Bilibili Gaming(Bilibili Gaming),,10,Dragon Ranger Gaming
https://www.vlr.gg/527581/dragon-ranger-gaming-vs-bilibili-gaming-vct-2025-china-stage-2-ubf,Lotus,Dragon Ranger Gaming,,9,Guangzhou Huadu Bilibili Gaming(Bilibili Gaming),,13,Guangzhou Huadu Bilibili Gaming(Bilibili Gaming)
https://www.vlr.gg/527581/dragon-ranger-gaming-vs-bilibili-gaming-vct-2025-china-stage-2-ubf,Sunset,Dragon Ranger Gaming,,13,Guangzhou Huadu Bilibili Gaming(Bilibili Gaming),,11,Dragon Ranger Gaming
https://www.vlr.gg/527581/dragon-ranger-gaming-vs-bilibili-gaming-vct-2025-china-stage-2-ubf,AllMaps,Dragon Ranger Gaming,2,35,Guangzhou Huadu Bilibili Gaming(Bilibili Gaming),1,34,Dragon Ranger Gaming
https://www.vlr.gg/527587/edward-gaming-vs-xi-lai-gaming-vct-2025-china-stage-2-lr3,Lotus,EDward Gaming,,13,Xi Lai Gaming,,11,EDward Gaming
https://www.vlr.gg/527587/edward-gaming-vs-xi-lai-gaming-vct-2025-china-stage-2-lr3,Corrode,EDward Gaming,,13,Xi Lai Gaming,,5,EDward Gaming
https://www.vlr.gg/527587/edward-gaming-vs-xi-lai-gaming-vct-2025-china-stage-2-lr3,AllMaps,EDward Gaming,2,26,Xi Lai Gaming,0,16,EDward Gaming
https://www.vlr.gg/527588/bilibili-gaming-vs-edward-gaming-vct-2025-china-stage-2-lbf,Bind,Guangzhou Huadu Bilibili Gaming(Bilibili Gaming),,12,EDward Gaming,,14,EDward Gaming
https://www.vlr.gg/527588/bilibili-gaming-vs-edward-gaming-vct-2025-china-stage-2-lbf,Haven,Guangzhou Huadu Bilibili Gaming(Bilibili Gaming),,13,EDward Gaming,,8,Guangzhou Huadu Bilibili Gaming(Bilibili Gaming)
https://www.vlr.gg/527588/bilibili-gaming-vs-edward-gaming-vct-2025-china-stage-2-lbf,Lotus,Guangzhou Huadu Bilibili Gaming(Bilibili Gaming),,13,EDward Gaming,,10,Guangzhou Huadu Bilibili Gaming(Bilibili Gaming)
https://www.vlr.gg/527588/bilibili-gaming-vs-edward-gaming-vct-2025-china-stage-2-lbf,Ascent,Guangzhou Huadu Bilibili Gaming(Bilibili Gaming),,13,EDward Gaming,,7,Guangzhou Huadu Bilibili Gaming(Bilibili Gaming)
https://www.vlr.gg/527588/bilibili-gaming-vs-edward-gaming-vct-2025-china-stage-2-lbf,AllMaps,Guangzhou Huadu Bilibili Gaming(Bilibili Gaming),3,51,EDward Gaming,1,39,Guangzhou Huadu Bilibili Gaming(Bilibili Gaming)
https://www.vlr.gg/527582/dragon-ranger-gaming-vs-bilibili-gaming-vct-2025-china-stage-2-gf,Sunset,Dragon Ranger Gaming,,13,Guangzhou Huadu Bilibili Gaming(Bilibili Gaming),,2,Dragon Ranger Gaming
https://www.vlr.gg/527582/dragon-ranger-gaming-vs-bilibili-gaming-vct-2025-china-stage-2-gf,Haven,Dragon Ranger Gaming,,8,Guangzhou Huadu Bilibili Gaming(Bilibili Gaming),,13,Guangzhou Huadu Bilibili Gaming(Bilibili Gaming)
https://www.vlr.gg/527582/dragon-ranger-gaming-vs-bilibili-gaming-vct-2025-china-stage-2-gf,Corrode,Dragon Ranger Gaming,,10,Guangzhou Huadu Bilibili Gaming(Bilibili Gaming),,13,Guangzhou Huadu Bilibili Gaming(Bilibili Gaming)
https://www.vlr.gg/527582/dragon-ranger-gaming-vs-bilibili-gaming-vct-2025-china-stage-2-gf,Lotus,Dragon Ranger Gaming,,9,Guangzhou Huadu Bilibili Gaming(Bilibili Gaming),,13,Guangzhou Huadu Bilibili Gaming(Bilibili Gaming)
https://www.vlr.gg/527582/dragon-ranger-gaming-vs-bilibili-gaming-vct-2025-china-stage-2-gf,AllMaps,Dragon Ranger Gaming,1,40,Guangzhou Huadu Bilibili Gaming(Bilibili Gaming),3,41,Guangzhou Huadu Bilibili Gaming(Bilibili Gaming)
https://www.vlr.gg/598921/all-gamers-vs-nova-esports-vct-2026-china-kickoff-ur1,Split,All Gamers,,13,Nova Esports,,7,All Gamers
https://www.vlr.gg/598921/all-gamers-vs-nova-esports-vct-2026-china-kickoff-ur1,Pearl,All Gamers,,16,Nova Esports,,14,All Gamers
https://www.vlr.gg/598921/all-gamers-vs-nova-esports-vct-2026-china-kickoff-ur1,AllMaps,All Gamers,2,29,Nova Esports,0,21,All Gamers
https://www.vlr.gg/598922/jdg-esports-vs-titan-esports-club-vct-2026-china-kickoff-ur1,Corrode,JD Mall JDG Esports(JDG Esports),,13,Wuxi Titan Esports Club(Titan Esports Club),,6,JD Mall JDG Esports(JDG Esports)
https://www.vlr.gg/598922/jdg-esports-vs-titan-esports-club-vct-2026-china-kickoff-ur1,Haven,JD Mall JDG Esports(JDG Esports),,6,Wuxi Titan Esports Club(Titan Esports Club),,13,Wuxi Titan Esports Club(Titan Esports Club)
https://www.vlr.gg/598922/jdg-esports-vs-titan-esports-club-vct-2026-china-kickoff-ur1,Abyss,JD Mall JDG Esports(JDG Esports),,13,Wuxi Titan Esports Club(Titan Esports Club),,10,JD Mall JDG Esports(JDG Esports)
https://www.vlr.gg/598922/jdg-esports-vs-titan-esports-club-vct-2026-china-kickoff-ur1,AllMaps,JD Mall JDG Esports(JDG Esports),2,32,Wuxi Titan Esports Club(Titan Esports Club),1,29,JD Mall JDG Esports(JDG Esports)
https://www.vlr.gg/598923/trace-esports-vs-wolves-esports-vct-2026-china-kickoff-ur1,Abyss,Trace Esports,,13,Wolves Esports,,7,Trace Esports
https://www.vlr.gg/598923/trace-esports-vs-wolves-esports-vct-2026-china-kickoff-ur1,Haven,Trace Esports,,11,Wolves Esports,,13,Wolves Esports
https://www.vlr.gg/598923/trace-esports-vs-wolves-esports-vct-2026-china-kickoff-ur1,Bind,Trace Esports,,5,Wolves Esports,,13,Wolves Esports
https://www.vlr.gg/598923/trace-esports-vs-wolves-esports-vct-2026-china-kickoff-ur1,AllMaps,Trace Esports,1,29,Wolves Esports,2,33,Wolves Esports
https://www.vlr.gg/598924/funplus-phoenix-vs-tyloo-vct-2026-china-kickoff-ur1,Pearl,FunPlus Phoenix,,3,TYLOO,,13,TYLOO
https://www.vlr.gg/598924/funplus-phoenix-vs-tyloo-vct-2026-china-kickoff-ur1,Haven,FunPlus Phoenix,,4,TYLOO,,13,TYLOO
https://www.vlr.gg/598924/funplus-phoenix-vs-tyloo-vct-2026-china-kickoff-ur1,AllMaps,FunPlus Phoenix,0,7,TYLOO,2,26,TYLOO
https://www.vlr.gg/598925/bilibili-gaming-vs-all-gamers-vct-2026-china-kickoff-ur2,Split,Guangzhou Huadu Bilibili Gaming(Bilibili Gaming),,10,All Gamers,,13,All Gamers
https://www.vlr.gg/598925/bilibili-gaming-vs-all-gamers-vct-2026-china-kickoff-ur2,Abyss,Guangzhou Huadu Bilibili Gaming(Bilibili Gaming),,3,All Gamers,,13,All Gamers
https://www.vlr.gg/598925/bilibili-gaming-vs-all-gamers-vct-2026-china-kickoff-ur2,AllMaps,Guangzhou Huadu Bilibili Gaming(Bilibili Gaming),0,13,All Gamers,2,26,All Gamers
https://www.vlr.gg/598926/dragon-ranger-gaming-vs-jdg-esports-vct-2026-china-kickoff-ur2,Abyss,Dragon Ranger Gaming,,11,JD Mall JDG Esports(JDG Esports),,13,JD Mall JDG Esports(JDG Esports)
https://www.vlr.gg/598926/dragon-ranger-gaming-vs-jdg-esports-vct-2026-china-kickoff-ur2,Breeze,Dragon Ranger Gaming,,13,JD Mall JDG Esports(JDG Esports),,8,Dragon Ranger Gaming
https://www.vlr.gg/598926/dragon-ranger-gaming-vs-jdg-esports-vct-2026-china-kickoff-ur2,Corrode,Dragon Ranger Gaming,,13,JD Mall JDG Esports(JDG Esports),,9,Dragon Ranger Gaming
https://www.vlr.gg/598926/dragon-ranger-gaming-vs-jdg-esports-vct-2026-china-kickoff-ur2,AllMaps,Dragon Ranger Gaming,2,37,JD Mall JDG Esports(JDG Esports),1,30,Dragon Ranger Gaming
https://www.vlr.gg/598927/xi-lai-gaming-vs-wolves-esports-vct-2026-china-kickoff-ur2,Breeze,Xi Lai Gaming,,13,Wolves Esports,,4,Xi Lai Gaming
https://www.vlr.gg/598927/xi-lai-gaming-vs-wolves-esports-vct-2026-china-kickoff-ur2,Abyss,Xi Lai Gaming,,13,Wolves Esports,,6,Xi Lai Gaming
https://www.vlr.gg/598927/xi-lai-gaming-vs-wolves-esports-vct-2026-china-kickoff-ur2,AllMaps,Xi Lai Gaming,2,26,Wolves Esports,0,10,Xi Lai Gaming
https://www.vlr.gg/598928/edward-gaming-vs-tyloo-vct-2026-china-kickoff-ur2,Abyss,EDward Gaming,,13,TYLOO,,5,EDward Gaming
https://www.vlr.gg/598928/edward-gaming-vs-tyloo-vct-2026-china-kickoff-ur2,Bind,EDward Gaming,,14,TYLOO,,12,EDward Gaming
https://www.vlr.gg/598928/edward-gaming-vs-tyloo-vct-2026-china-kickoff-ur2,AllMaps,EDward Gaming,2,27,TYLOO,0,17,EDward Gaming
https://www.vlr.gg/598929/all-gamers-vs-dragon-ranger-gaming-vct-2026-china-kickoff-ur3,Corrode,All Gamers,,7,Dragon Ranger Gaming,,13,Dragon Ranger Gaming
https://www.vlr.gg/598929/all-gamers-vs-dragon-ranger-gaming-vct-2026-china-kickoff-ur3,Bind,All Gamers,,15,Dragon Ranger Gaming,,13,All Gamers
https://www.vlr.gg/598929/all-gamers-vs-dragon-ranger-gaming-vct-2026-china-kickoff-ur3,Abyss,All Gamers,,13,Dragon Ranger Gaming,,10,All Gamers
https://www.vlr.gg/598929/all-gamers-vs-dragon-ranger-gaming-vct-2026-china-kickoff-ur3,AllMaps,All Gamers,2,35,Dragon Ranger Gaming,1,36,All Gamers
https://www.vlr.gg/598930/xi-lai-gaming-vs-edward-gaming-vct-2026-china-kickoff-ur3,Split,Xi Lai Gaming,,13,EDward Gaming,,5,Xi Lai Gaming
https://www.vlr.gg/598930/xi-lai-gaming-vs-edward-gaming-vct-2026-china-kickoff-ur3,Pearl,Xi Lai Gaming,,13,EDward Gaming,,6,Xi Lai Gaming
https://www.vlr.gg/598930/xi-lai-gaming-vs-edward-gaming-vct-2026-china-kickoff-ur3,AllMaps,Xi Lai Gaming,2,26,EDward Gaming,0,11,Xi Lai Gaming
https://www.vlr.gg/598932/nova-esports-vs-tyloo-vct-2026-china-kickoff-mr1,Split,Nova Esports,,10,TYLOO,,13,TYLOO
https://www.vlr.gg/598932/nova-esports-vs-tyloo-vct-2026-china-kickoff-mr1,Corrode,Nova Esports,,4,TYLOO,,13,TYLOO
https://www.vlr.gg/598932/nova-esports-vs-tyloo-vct-2026-china-kickoff-mr1,AllMaps,Nova Esports,0,14,TYLOO,2,26,TYLOO
https://www.vlr.gg/598933/titan-esports-club-vs-wolves-esports-vct-2026-china-kickoff-mr1,Breeze,Wuxi Titan Esports Club(Titan Esports Club),,13,Wolves Esports,,11,Wuxi Titan Esports Club(Titan Esports Club)
https://www.vlr.gg/598933/titan-esports-club-vs-wolves-esports-vct-2026-china-kickoff-mr1,Bind,Wuxi Titan Esports Club(Titan Esports Club),,7,Wolves Esports,,13,Wolves Esports
https://www.vlr.gg/598933/titan-esports-club-vs-wolves-esports-vct-2026-china-kickoff-mr1,Haven,Wuxi Titan Esports Club(Titan Esports Club),,13,Wolves Esports,,8,Wuxi Titan Esports Club(Titan Esports Club)
https://www.vlr.gg/598933/titan-esports-club-vs-wolves-esports-vct-2026-china-kickoff-mr1,AllMaps,Wuxi Titan Esports Club(Titan Esports Club),2,33,Wolves Esports,1,32,Wuxi Titan Esports Club(Titan Esports Club)
https://www.vlr.gg/598934/trace-esports-vs-jdg-esports-vct-2026-china-kickoff-mr1,Split,Trace Esports,,13,JD Mall JDG Esports(JDG Esports),,11,Trace Esports
https://www.vlr.gg/598934/trace-esports-vs-jdg-esports-vct-2026-china-kickoff-mr1,Pearl,Trace Esports,,3,JD Mall JDG Esports(JDG Esports),,13,JD Mall JDG Esports(JDG Esports)
https://www.vlr.gg/598934/trace-esports-vs-jdg-esports-vct-2026-china-kickoff-mr1,Corrode,Trace Esports,,13,JD Mall JDG Esports(JDG Esports),,4,Trace Esports
https://www.vlr.gg/598934/trace-esports-vs-jdg-esports-vct-2026-china-kickoff-mr1,AllMaps,Trace Esports,2,29,JD Mall JDG Esports(JDG Esports),1,28,Trace Esports
https://www.vlr.gg/598935/funplus-phoenix-vs-bilibili-gaming-vct-2026-china-kickoff-mr1,Pearl,FunPlus Phoenix,,9,Guangzhou Huadu Bilibili Gaming(Bilibili Gaming),,13,Guangzhou Huadu Bilibili Gaming(Bilibili Gaming)
https://www.vlr.gg/598935/funplus-phoenix-vs-bilibili-gaming-vct-2026-china-kickoff-mr1,Bind,FunPlus Phoenix,,15,Guangzhou Huadu Bilibili Gaming(Bilibili Gaming),,17,Guangzhou Huadu Bilibili Gaming(Bilibili Gaming)
https://www.vlr.gg/598935/funplus-phoenix-vs-bilibili-gaming-vct-2026-china-kickoff-mr1,AllMaps,FunPlus Phoenix,0,24,Guangzhou Huadu Bilibili Gaming(Bilibili Gaming),2,30,Guangzhou Huadu Bilibili Gaming(Bilibili Gaming)
https://www.vlr.gg/598936/tyloo-vs-titan-esports-club-vct-2026-china-kickoff-mr2,Corrode,TYLOO,,10,Wuxi Titan Esports Club(Titan Esports Club),,13,Wuxi Titan Esports Club(Titan Esports Club)
https://www.vlr.gg/598936/tyloo-vs-titan-esports-club-vct-2026-china-kickoff-mr2,Breeze,TYLOO,,13,Wuxi Titan Esports Club(Titan Esports Club),,9,TYLOO
https://www.vlr.gg/598936/tyloo-vs-titan-esports-club-vct-2026-china-kickoff-mr2,Split,TYLOO,,13,Wuxi Titan Esports Club(Titan Esports Club),,9,TYLOO
https://www.vlr.gg/598936/tyloo-vs-titan-esports-club-vct-2026-china-kickoff-mr2,AllMaps,TYLOO,2,36,Wuxi Titan Esports Club(Titan Esports Club),1,31,TYLOO
https://www.vlr.gg/598937/trace-esports-vs-bilibili-gaming-vct-2026-china-kickoff-mr2,Abyss,Trace Esports,,10,Guangzhou Huadu Bilibili Gaming(Bilibili Gaming),,13,Guangzhou Huadu Bilibili Gaming(Bilibili Gaming)
https://www.vlr.gg/598937/trace-esports-vs-bilibili-gaming-vct-2026-china-kickoff-mr2,Breeze,Trace Esports,,11,Guangzhou Huadu Bilibili Gaming(Bilibili Gaming),,13,Guangzhou Huadu Bilibili Gaming(Bilibili Gaming)
https://www.vlr.gg/598937/trace-esports-vs-bilibili-gaming-vct-2026-china-kickoff-mr2,AllMaps,Trace Esports,0,21,Guangzhou Huadu Bilibili Gaming(Bilibili Gaming),2,26,Guangzhou Huadu Bilibili Gaming(Bilibili Gaming)
https://www.vlr.gg/598938/dragon-ranger-gaming-vs-tyloo-vct-2026-china-kickoff-mr3,Corrode,Dragon Ranger Gaming,,10,TYLOO,,13,TYLOO
https://www.vlr.gg/598938/dragon-ranger-gaming-vs-tyloo-vct-2026-china-kickoff-mr3,Split,Dragon Ranger Gaming,,13,TYLOO,,6,Dragon Ranger Gaming
https://www.vlr.gg/598938/dragon-ranger-gaming-vs-tyloo-vct-2026-china-kickoff-mr3,Pearl,Dragon Ranger Gaming,,13,TYLOO,,6,Dragon Ranger Gaming
https://www.vlr.gg/598938/dragon-ranger-gaming-vs-tyloo-vct-2026-china-kickoff-mr3,AllMaps,Dragon Ranger Gaming,2,36,TYLOO,1,25,Dragon Ranger Gaming
https://www.vlr.gg/598939/edward-gaming-vs-bilibili-gaming-vct-2026-china-kickoff-mr3,Abyss,EDward Gaming,,7,Guangzhou Huadu Bilibili Gaming(Bilibili Gaming),,13,Guangzhou Huadu Bilibili Gaming(Bilibili Gaming)
https://www.vlr.gg/598939/edward-gaming-vs-bilibili-gaming-vct-2026-china-kickoff-mr3,Haven,EDward Gaming,,13,Guangzhou Huadu Bilibili Gaming(Bilibili Gaming),,9,EDward Gaming
https://www.vlr.gg/598939/edward-gaming-vs-bilibili-gaming-vct-2026-china-kickoff-mr3,Breeze,EDward Gaming,,5,Guangzhou Huadu Bilibili Gaming(Bilibili Gaming),,13,Guangzhou Huadu Bilibili Gaming(Bilibili Gaming)
https://www.vlr.gg/598939/edward-gaming-vs-bilibili-gaming-vct-2026-china-kickoff-mr3,AllMaps,EDward Gaming,1,25,Guangzhou Huadu Bilibili Gaming(Bilibili Gaming),2,35,Guangzhou Huadu Bilibili Gaming(Bilibili Gaming)
https://www.vlr.gg/598940/dragon-ranger-gaming-vs-bilibili-gaming-vct-2026-china-kickoff-mr4,Split,Dragon Ranger Gaming,,6,Guangzhou Huadu Bilibili Gaming(Bilibili Gaming),,13,Guangzhou Huadu Bilibili Gaming(Bilibili Gaming)
https://www.vlr.gg/598940/dragon-ranger-gaming-vs-bilibili-gaming-vct-2026-china-kickoff-mr4,Abyss,Dragon Ranger Gaming,,2,Guangzhou Huadu Bilibili Gaming(Bilibili Gaming),,13,Guangzhou Huadu Bilibili Gaming(Bilibili Gaming)
https://www.vlr.gg/598940/dragon-ranger-gaming-vs-bilibili-gaming-vct-2026-china-kickoff-mr4,AllMaps,Dragon Ranger Gaming,0,8,Guangzhou Huadu Bilibili Gaming(Bilibili Gaming),2,26,Guangzhou Huadu Bilibili Gaming(Bilibili Gaming)
https://www.vlr.gg/598942/nova-esports-vs-wolves-esports-vct-2026-china-kickoff-lr1,Abyss,Nova Esports,,13,Wolves Esports,,5,Nova Esports
https://www.vlr.gg/598942/nova-esports-vs-wolves-esports-vct-2026-china-kickoff-lr1,Haven,Nova Esports,,3,Wolves Esports,,13,Wolves Esports
https://www.vlr.gg/598942/nova-esports-vs-wolves-esports-vct-2026-china-kickoff-lr1,Pearl,Nova Esports,,11,Wolves Esports,,13,Wolves Esports
https://www.vlr.gg/598942/nova-esports-vs-wolves-esports-vct-2026-china-kickoff-lr1,AllMaps,Nova Esports,1,27,Wolves Esports,2,31,Wolves Esports
https://www.vlr.gg/598943/jdg-esports-vs-funplus-phoenix-vct-2026-china-kickoff-lr1,Pearl,JD Mall JDG Esports(JDG Esports),,5,FunPlus Phoenix,,13,FunPlus Phoenix
https://www.vlr.gg/598943/jdg-esports-vs-funplus-phoenix-vct-2026-china-kickoff-lr1,Bind,JD Mall JDG Esports(JDG Esports),,13,FunPlus Phoenix,,3,JD Mall JDG Esports(JDG Esports)
https://www.vlr.gg/598943/jdg-esports-vs-funplus-phoenix-vct-2026-china-kickoff-lr1,Haven,JD Mall JDG Esports(JDG Esports),,13,FunPlus Phoenix,,7,JD Mall JDG Esports(JDG Esports)
https://www.vlr.gg/598943/jdg-esports-vs-funplus-phoenix-vct-2026-china-kickoff-lr1,AllMaps,JD Mall JDG Esports(JDG Esports),2,31,FunPlus Phoenix,1,23,JD Mall JDG Esports(JDG Esports)
https://www.vlr.gg/598944/trace-esports-vs-wolves-esports-vct-2026-china-kickoff-lr2,Abyss,Trace Esports,,12,Wolves Esports,,14,Wolves Esports
https://www.vlr.gg/598944/trace-esports-vs-wolves-esports-vct-2026-china-kickoff-lr2,Bind,Trace Esports,,13,Wolves Esports,,8,Trace Esports
https://www.vlr.gg/598944/trace-esports-vs-wolves-esports-vct-2026-china-kickoff-lr2,Split,Trace Esports,,13,Wolves Esports,,6,Trace Esports
https://www.vlr.gg/598944/trace-esports-vs-wolves-esports-vct-2026-china-kickoff-lr2,AllMaps,Trace Esports,2,38,Wolves Esports,1,28,Trace Esports
https://www.vlr.gg/598945/titan-esports-club-vs-jdg-esports-vct-2026-china-kickoff-lr2,Bind,Wuxi Titan Esports Club(Titan Esports Club),,13,JD Mall JDG Esports(JDG Esports),,5,Wuxi Titan Esports Club(Titan Esports Club)
https://www.vlr.gg/598945/titan-esports-club-vs-jdg-esports-vct-2026-china-kickoff-lr2,Haven,Wuxi Titan Esports Club(Titan Esports Club),,10,JD Mall JDG Esports(JDG Esports),,13,JD Mall JDG Esports(JDG Esports)
https://www.vlr.gg/598945/titan-esports-club-vs-jdg-esports-vct-2026-china-kickoff-lr2,Split,Wuxi Titan Esports Club(Titan Esports Club),,8,JD Mall JDG Esports(JDG Esports),,13,JD Mall JDG Esports(JDG Esports)
https://www.vlr.gg/598945/titan-esports-club-vs-jdg-esports-vct-2026-china-kickoff-lr2,AllMaps,Wuxi Titan Esports Club(Titan Esports Club),1,31,JD Mall JDG Esports(JDG Esports),2,31,JD Mall JDG Esports(JDG Esports)
https://www.vlr.gg/598946/tyloo-vs-trace-esports-vct-2026-china-kickoff-lr3,Haven,TYLOO,,13,Trace Esports,,7,TYLOO
https://www.vlr.gg/598946/tyloo-vs-trace-esports-vct-2026-china-kickoff-lr3,Abyss,TYLOO,,14,Trace Esports,,12,TYLOO
https://www.vlr.gg/598946/tyloo-vs-trace-esports-vct-2026-china-kickoff-lr3,AllMaps,TYLOO,2,27,Trace Esports,0,19,TYLOO
https://www.vlr.gg/598947/edward-gaming-vs-jdg-esports-vct-2026-china-kickoff-lr3,Abyss,EDward Gaming,,13,JD Mall JDG Esports(JDG Esports),,6,EDward Gaming
https://www.vlr.gg/598947/edward-gaming-vs-jdg-esports-vct-2026-china-kickoff-lr3,Haven,EDward Gaming,,6,JD Mall JDG Esports(JDG Esports),,13,JD Mall JDG Esports(JDG Esports)
https://www.vlr.gg/598947/edward-gaming-vs-jdg-esports-vct-2026-china-kickoff-lr3,Corrode,EDward Gaming,,13,JD Mall JDG Esports(JDG Esports),,5,EDward Gaming
https://www.vlr.gg/598947/edward-gaming-vs-jdg-esports-vct-2026-china-kickoff-lr3,AllMaps,EDward Gaming,2,32,JD Mall JDG Esports(JDG Esports),1,24,EDward Gaming
https://www.vlr.gg/598948/tyloo-vs-edward-gaming-vct-2026-china-kickoff-lr4,Bind,TYLOO,,13,EDward Gaming,,3,TYLOO
https://www.vlr.gg/598948/tyloo-vs-edward-gaming-vct-2026-china-kickoff-lr4,Haven,TYLOO,,9,EDward Gaming,,13,EDward Gaming
https://www.vlr.gg/598948/tyloo-vs-edward-gaming-vct-2026-china-kickoff-lr4,Corrode,TYLOO,,7,EDward Gaming,,13,EDward Gaming
https://www.vlr.gg/598948/tyloo-vs-edward-gaming-vct-2026-china-kickoff-lr4,AllMaps,TYLOO,1,29,EDward Gaming,2,29,EDward Gaming
https://www.vlr.gg/598949/dragon-ranger-gaming-vs-edward-gaming-vct-2026-china-kickoff-lr5,Split,Dragon Ranger Gaming,,13,EDward Gaming,,11,Dragon Ranger Gaming
https://www.vlr.gg/598949/dragon-ranger-gaming-vs-edward-gaming-vct-2026-china-kickoff-lr5,Pearl,Dragon Ranger Gaming,,2,EDward Gaming,,13,EDward Gaming
https://www.vlr.gg/598949/dragon-ranger-gaming-vs-edward-gaming-vct-2026-china-kickoff-lr5,Corrode,Dragon Ranger Gaming,,6,EDward Gaming,,13,EDward Gaming
https://www.vlr.gg/598949/dragon-ranger-gaming-vs-edward-gaming-vct-2026-china-kickoff-lr5,AllMaps,Dragon Ranger Gaming,1,21,EDward Gaming,2,37,EDward Gaming
https://www.vlr.gg/598931/all-gamers-vs-xi-lai-gaming-vct-2026-china-kickoff-ubf,Pearl,All Gamers,,13,Xi Lai Gaming,,5,All Gamers
https://www.vlr.gg/598931/all-gamers-vs-xi-lai-gaming-vct-2026-china-kickoff-ubf,Split,All Gamers,,13,Xi Lai Gaming,,11,All Gamers
https://www.vlr.gg/598931/all-gamers-vs-xi-lai-gaming-vct-2026-china-kickoff-ubf,Bind,All Gamers,,7,Xi Lai Gaming,,13,Xi Lai Gaming
https://www.vlr.gg/598931/all-gamers-vs-xi-lai-gaming-vct-2026-china-kickoff-ubf,Abyss,All Gamers,,6,Xi Lai Gaming,,13,Xi Lai Gaming
https://www.vlr.gg/598931/all-gamers-vs-xi-lai-gaming-vct-2026-china-kickoff-ubf,Haven,All Gamers,,13,Xi Lai Gaming,,10,All Gamers
https://www.vlr.gg/598931/all-gamers-vs-xi-lai-gaming-vct-2026-china-kickoff-ubf,AllMaps,All Gamers,3,52,Xi Lai Gaming,2,52,All Gamers
https://www.vlr.gg/598941/xi-lai-gaming-vs-bilibili-gaming-vct-2026-china-kickoff-mbf,Abyss,Xi Lai Gaming,,14,Guangzhou Huadu Bilibili Gaming(Bilibili Gaming),,16,Guangzhou Huadu Bilibili Gaming(Bilibili Gaming)
https://www.vlr.gg/598941/xi-lai-gaming-vs-bilibili-gaming-vct-2026-china-kickoff-mbf,Bind,Xi Lai Gaming,,13,Guangzhou Huadu Bilibili Gaming(Bilibili Gaming),,4,Xi Lai Gaming
https://www.vlr.gg/598941/xi-lai-gaming-vs-bilibili-gaming-vct-2026-china-kickoff-mbf,Breeze,Xi Lai Gaming,,12,Guangzhou Huadu Bilibili Gaming(Bilibili Gaming),,14,Guangzhou Huadu Bilibili Gaming(Bilibili Gaming)
https://www.vlr.gg/598941/xi-lai-gaming-vs-bilibili-gaming-vct-2026-china-kickoff-mbf,Pearl,Xi Lai Gaming,,13,Guangzhou Huadu Bilibili Gaming(Bilibili Gaming),,11,Xi Lai Gaming
https://www.vlr.gg/598941/xi-lai-gaming-vs-bilibili-gaming-vct-2026-china-kickoff-mbf,Split,Xi Lai Gaming,,13,Guangzhou Huadu Bilibili Gaming(Bilibili Gaming),,4,Xi Lai Gaming
https://www.vlr.gg/598941/xi-lai-gaming-vs-bilibili-gaming-vct-2026-china-kickoff-mbf,AllMaps,Xi Lai Gaming,3,65,Guangzhou Huadu Bilibili Gaming(Bilibili Gaming),2,49,Xi Lai Gaming
https://www.vlr.gg/598950/bilibili-gaming-vs-edward-gaming-vct-2026-china-kickoff-lbf,Pearl,Guangzhou Huadu Bilibili Gaming(Bilibili Gaming),,13,EDward Gaming,,9,Guangzhou Huadu Bilibili Gaming(Bilibili Gaming)
https://www.vlr.gg/598950/bilibili-gaming-vs-edward-gaming-vct-2026-china-kickoff-lbf,Haven,Guangzhou Huadu Bilibili Gaming(Bilibili Gaming),,10,EDward Gaming,,13,EDward Gaming
https://www.vlr.gg/598950/bilibili-gaming-vs-edward-gaming-vct-2026-china-kickoff-lbf,Abyss,Guangzhou Huadu Bilibili Gaming(Bilibili Gaming),,10,EDward Gaming,,13,EDward Gaming
https://www.vlr.gg/598950/bilibili-gaming-vs-edward-gaming-vct-2026-china-kickoff-lbf,Split,Guangzhou Huadu Bilibili Gaming(Bilibili Gaming),,6,EDward Gaming,,13,EDward Gaming
https://www.vlr.gg/598950/bilibili-gaming-vs-edward-gaming-vct-2026-china-kickoff-lbf,AllMaps,Guangzhou Huadu Bilibili Gaming(Bilibili Gaming),1,39,EDward Gaming,3,48,EDward Gaming
https://www.vlr.gg/642914/titan-esports-club-vs-all-gamers-vct-2026-china-stage-1-w1,Lotus,Wuxi Titan Esports Club(Titan Esports Club),,7,All Gamers,,13,All Gamers
https://www.vlr.gg/642914/titan-esports-club-vs-all-gamers-vct-2026-china-stage-1-w1,Bind,Wuxi Titan Esports Club(Titan Esports Club),,13,All Gamers,,8,Wuxi Titan Esports Club(Titan Esports Club)
https://www.vlr.gg/642914/titan-esports-club-vs-all-gamers-vct-2026-china-stage-1-w1,Breeze,Wuxi Titan Esports Club(Titan Esports Club),,13,All Gamers,,15,All Gamers
https://www.vlr.gg/642914/titan-esports-club-vs-all-gamers-vct-2026-china-stage-1-w1,AllMaps,Wuxi Titan Esports Club(Titan Esports Club),1,33,All Gamers,2,36,All Gamers
https://www.vlr.gg/642916/jdg-esports-vs-funplus-phoenix-vct-2026-china-stage-1-w1,Lotus,JD Mall JDG Esports(JDG Esports),,13,FunPlus Phoenix,,8,JD Mall JDG Esports(JDG Esports)
https://www.vlr.gg/642916/jdg-esports-vs-funplus-phoenix-vct-2026-china-stage-1-w1,Split,JD Mall JDG Esports(JDG Esports),,13,FunPlus Phoenix,,7,JD Mall JDG Esports(JDG Esports)
https://www.vlr.gg/642916/jdg-esports-vs-funplus-phoenix-vct-2026-china-stage-1-w1,Pearl,JD Mall JDG Esports(JDG Esports),,7,FunPlus Phoenix,,13,FunPlus Phoenix
https://www.vlr.gg/642916/jdg-esports-vs-funplus-phoenix-vct-2026-china-stage-1-w1,AllMaps,JD Mall JDG Esports(JDG Esports),2,33,FunPlus Phoenix,1,28,JD Mall JDG Esports(JDG Esports)
https://www.vlr.gg/642919/bilibili-gaming-vs-tyloo-vct-2026-china-stage-1-w1,Bind,Guangzhou Huadu Bilibili Gaming(Bilibili Gaming),,7,TYLOO,,13,TYLOO
https://www.vlr.gg/642919/bilibili-gaming-vs-tyloo-vct-2026-china-stage-1-w1,Pearl,Guangzhou Huadu Bilibili Gaming(Bilibili Gaming),,13,TYLOO,,3,Guangzhou Huadu Bilibili Gaming(Bilibili Gaming)
https://www.vlr.gg/642919/bilibili-gaming-vs-tyloo-vct-2026-china-stage-1-w1,Breeze,Guangzhou Huadu Bilibili Gaming(Bilibili Gaming),,8,TYLOO,,13,TYLOO
https://www.vlr.gg/642919/bilibili-gaming-vs-tyloo-vct-2026-china-stage-1-w1,AllMaps,Guangzhou Huadu Bilibili Gaming(Bilibili Gaming),1,28,TYLOO,2,29,TYLOO
https://www.vlr.gg/642921/funplus-phoenix-vs-all-gamers-vct-2026-china-stage-1-w1,Split,FunPlus Phoenix,,13,All Gamers,,5,FunPlus Phoenix
https://www.vlr.gg/642921/funplus-phoenix-vs-all-gamers-vct-2026-china-stage-1-w1,Pearl,FunPlus Phoenix,,13,All Gamers,,6,FunPlus Phoenix
https://www.vlr.gg/642921/funplus-phoenix-vs-all-gamers-vct-2026-china-stage-1-w1,AllMaps,FunPlus Phoenix,2,26,All Gamers,0,11,FunPlus Phoenix
https://www.vlr.gg/642922/tyloo-vs-titan-esports-club-vct-2026-china-stage-1-w1,Split,TYLOO,,15,Wuxi Titan Esports Club(Titan Esports Club),,13,TYLOO
https://www.vlr.gg/642922/tyloo-vs-titan-esports-club-vct-2026-china-stage-1-w1,Fracture,TYLOO,,13,Wuxi Titan Esports Club(Titan Esports Club),,5,TYLOO
https://www.vlr.gg/642922/tyloo-vs-titan-esports-club-vct-2026-china-stage-1-w1,AllMaps,TYLOO,2,28,Wuxi Titan Esports Club(Titan Esports Club),0,18,TYLOO
https://www.vlr.gg/642925/bilibili-gaming-vs-jdg-esports-vct-2026-china-stage-1-w1,Haven,Guangzhou Huadu Bilibili Gaming(Bilibili Gaming),,13,JD Mall JDG Esports(JDG Esports),,4,Guangzhou Huadu Bilibili Gaming(Bilibili Gaming)
https://www.vlr.gg/642925/bilibili-gaming-vs-jdg-esports-vct-2026-china-stage-1-w1,Fracture,Guangzhou Huadu Bilibili Gaming(Bilibili Gaming),,13,JD Mall JDG Esports(JDG Esports),,6,Guangzhou Huadu Bilibili Gaming(Bilibili Gaming)
https://www.vlr.gg/642925/bilibili-gaming-vs-jdg-esports-vct-2026-china-stage-1-w1,AllMaps,Guangzhou Huadu Bilibili Gaming(Bilibili Gaming),2,26,JD Mall JDG Esports(JDG Esports),0,10,Guangzhou Huadu Bilibili Gaming(Bilibili Gaming)
https://www.vlr.gg/642927/funplus-phoenix-vs-tyloo-vct-2026-china-stage-1-w2,Bind,FunPlus Phoenix,,5,TYLOO,,13,TYLOO
https://www.vlr.gg/642927/funplus-phoenix-vs-tyloo-vct-2026-china-stage-1-w2,Split,FunPlus Phoenix,,14,TYLOO,,12,FunPlus Phoenix
https://www.vlr.gg/642927/funplus-phoenix-vs-tyloo-vct-2026-china-stage-1-w2,Pearl,FunPlus Phoenix,,13,TYLOO,,11,FunPlus Phoenix
https://www.vlr.gg/642927/funplus-phoenix-vs-tyloo-vct-2026-china-stage-1-w2,AllMaps,FunPlus Phoenix,2,32,TYLOO,1,36,FunPlus Phoenix
https://www.vlr.gg/642928/titan-esports-club-vs-bilibili-gaming-vct-2026-china-stage-1-w2,Fracture,Wuxi Titan Esports Club(Titan Esports Club),,13,Guangzhou Huadu Bilibili Gaming(Bilibili Gaming),,10,Wuxi Titan Esports Club(Titan Esports Club)
https://www.vlr.gg/642928/titan-esports-club-vs-bilibili-gaming-vct-2026-china-stage-1-w2,Breeze,Wuxi Titan Esports Club(Titan Esports Club),,15,Guangzhou Huadu Bilibili Gaming(Bilibili Gaming),,13,Wuxi Titan Esports Club(Titan Esports Club)
https://www.vlr.gg/642928/titan-esports-club-vs-bilibili-gaming-vct-2026-china-stage-1-w2,AllMaps,Wuxi Titan Esports Club(Titan Esports Club),2,28,Guangzhou Huadu Bilibili Gaming(Bilibili Gaming),0,23,Wuxi Titan Esports Club(Titan Esports Club)
https://www.vlr.gg/642931/jdg-esports-vs-all-gamers-vct-2026-china-stage-1-w2,Lotus,JD Mall JDG Esports(JDG Esports),,5,All Gamers,,13,All Gamers
https://www.vlr.gg/642931/jdg-esports-vs-all-gamers-vct-2026-china-stage-1-w2,Haven,JD Mall JDG Esports(JDG Esports),,10,All Gamers,,13,All Gamers
https://www.vlr.gg/642931/jdg-esports-vs-all-gamers-vct-2026-china-stage-1-w2,AllMaps,JD Mall JDG Esports(JDG Esports),0,15,All Gamers,2,26,All Gamers
https://www.vlr.gg/642935/all-gamers-vs-tyloo-vct-2026-china-stage-1-w2,Bind,All Gamers,,5,TYLOO,,13,TYLOO
https://www.vlr.gg/642935/all-gamers-vs-tyloo-vct-2026-china-stage-1-w2,Haven,All Gamers,,13,TYLOO,,9,All Gamers
https://www.vlr.gg/642935/all-gamers-vs-tyloo-vct-2026-china-stage-1-w2,Breeze,All Gamers,,6,TYLOO,,13,TYLOO
https://www.vlr.gg/642935/all-gamers-vs-tyloo-vct-2026-china-stage-1-w2,AllMaps,All Gamers,1,24,TYLOO,2,35,TYLOO
https://www.vlr.gg/642937/jdg-esports-vs-titan-esports-club-vct-2026-china-stage-1-w2,Fracture,JD Mall JDG Esports(JDG Esports),,14,Wuxi Titan Esports Club(Titan Esports Club),,12,JD Mall JDG Esports(JDG Esports)
https://www.vlr.gg/642937/jdg-esports-vs-titan-esports-club-vct-2026-china-stage-1-w2,Haven,JD Mall JDG Esports(JDG Esports),,13,Wuxi Titan Esports Club(Titan Esports Club),,9,JD Mall JDG Esports(JDG Esports)
https://www.vlr.gg/642937/jdg-esports-vs-titan-esports-club-vct-2026-china-stage-1-w2,AllMaps,JD Mall JDG Esports(JDG Esports),2,27,Wuxi Titan Esports Club(Titan Esports Club),0,21,JD Mall JDG Esports(JDG Esports)
https://www.vlr.gg/642939/tyloo-vs-jdg-esports-vct-2026-china-stage-1-w3,Bind,TYLOO,,15,JD Mall JDG Esports(JDG Esports),,17,JD Mall JDG Esports(JDG Esports)
https://www.vlr.gg/642939/tyloo-vs-jdg-esports-vct-2026-china-stage-1-w3,Haven,TYLOO,,8,JD Mall JDG Esports(JDG Esports),,13,JD Mall JDG Esports(JDG Esports)
https://www.vlr.gg/642939/tyloo-vs-jdg-esports-vct-2026-china-stage-1-w3,AllMaps,TYLOO,0,23,JD Mall JDG Esports(JDG Esports),2,30,JD Mall JDG Esports(JDG Esports)
https://www.vlr.gg/642941/titan-esports-club-vs-funplus-phoenix-vct-2026-china-stage-1-w3,Fracture,Wuxi Titan Esports Club(Titan Esports Club),,13,FunPlus Phoenix,,2,Wuxi Titan Esports Club(Titan Esports Club)
https://www.vlr.gg/642941/titan-esports-club-vs-funplus-phoenix-vct-2026-china-stage-1-w3,Split,Wuxi Titan Esports Club(Titan Esports Club),,13,FunPlus Phoenix,,10,Wuxi Titan Esports Club(Titan Esports Club)
https://www.vlr.gg/642941/titan-esports-club-vs-funplus-phoenix-vct-2026-china-stage-1-w3,AllMaps,Wuxi Titan Esports Club(Titan Esports Club),2,26,FunPlus Phoenix,0,12,Wuxi Titan Esports Club(Titan Esports Club)
https://www.vlr.gg/642942/all-gamers-vs-bilibili-gaming-vct-2026-china-stage-1-w3,Lotus,All Gamers,,13,Guangzhou Huadu Bilibili Gaming(Bilibili Gaming),,7,All Gamers
https://www.vlr.gg/642942/all-gamers-vs-bilibili-gaming-vct-2026-china-stage-1-w3,Pearl,All Gamers,,3,Guangzhou Huadu Bilibili Gaming(Bilibili Gaming),,13,Guangzhou Huadu Bilibili Gaming(Bilibili Gaming)
https://www.vlr.gg/642942/all-gamers-vs-bilibili-gaming-vct-2026-china-stage-1-w3,Bind,All Gamers,,13,Guangzhou Huadu Bilibili Gaming(Bilibili Gaming),,7,All Gamers
https://www.vlr.gg/642942/all-gamers-vs-bilibili-gaming-vct-2026-china-stage-1-w3,AllMaps,All Gamers,2,29,Guangzhou Huadu Bilibili Gaming(Bilibili Gaming),1,27,All Gamers
https://www.vlr.gg/642915/nova-esports-vs-edward-gaming-vct-2026-china-stage-1-w1,Fracture,Nova Esports,,2,EDward Gaming,,13,EDward Gaming
https://www.vlr.gg/642915/nova-esports-vs-edward-gaming-vct-2026-china-stage-1-w1,Breeze,Nova Esports,,3,EDward Gaming,,13,EDward Gaming
https://www.vlr.gg/642915/nova-esports-vs-edward-gaming-vct-2026-china-stage-1-w1,AllMaps,Nova Esports,0,5,EDward Gaming,2,26,EDward Gaming
https://www.vlr.gg/642917/dragon-ranger-gaming-vs-xi-lai-gaming-vct-2026-china-stage-1-w1,Lotus,Dragon Ranger Gaming,,4,Xi Lai Gaming,,13,Xi Lai Gaming
https://www.vlr.gg/642917/dragon-ranger-gaming-vs-xi-lai-gaming-vct-2026-china-stage-1-w1,Bind,Dragon Ranger Gaming,,11,Xi Lai Gaming,,13,Xi Lai Gaming
https://www.vlr.gg/642917/dragon-ranger-gaming-vs-xi-lai-gaming-vct-2026-china-stage-1-w1,AllMaps,Dragon Ranger Gaming,0,15,Xi Lai Gaming,2,26,Xi Lai Gaming
https://www.vlr.gg/642918/wolves-esports-vs-trace-esports-vct-2026-china-stage-1-w1,Lotus,Wolves Esports,,9,Trace Esports,,13,Trace Esports
https://www.vlr.gg/642918/wolves-esports-vs-trace-esports-vct-2026-china-stage-1-w1,Bind,Wolves Esports,,8,Trace Esports,,13,Trace Esports
https://www.vlr.gg/642918/wolves-esports-vs-trace-esports-vct-2026-china-stage-1-w1,AllMaps,Wolves Esports,0,17,Trace Esports,2,26,Trace Esports
https://www.vlr.gg/642923/wolves-esports-vs-edward-gaming-vct-2026-china-stage-1-w1,Fracture,Wolves Esports,,9,EDward Gaming,,13,EDward Gaming
https://www.vlr.gg/642923/wolves-esports-vs-edward-gaming-vct-2026-china-stage-1-w1,Lotus,Wolves Esports,,10,EDward Gaming,,13,EDward Gaming
https://www.vlr.gg/642923/wolves-esports-vs-edward-gaming-vct-2026-china-stage-1-w1,AllMaps,Wolves Esports,0,19,EDward Gaming,2,26,EDward Gaming
https://www.vlr.gg/642924/trace-esports-vs-xi-lai-gaming-vct-2026-china-stage-1-w1,Breeze,Trace Esports,,13,Xi Lai Gaming,,9,Trace Esports
https://www.vlr.gg/642924/trace-esports-vs-xi-lai-gaming-vct-2026-china-stage-1-w1,Lotus,Trace Esports,,7,Xi Lai Gaming,,13,Xi Lai Gaming
https://www.vlr.gg/642924/trace-esports-vs-xi-lai-gaming-vct-2026-china-stage-1-w1,Bind,Trace Esports,,10,Xi Lai Gaming,,13,Xi Lai Gaming
https://www.vlr.gg/642924/trace-esports-vs-xi-lai-gaming-vct-2026-china-stage-1-w1,AllMaps,Trace Esports,1,30,Xi Lai Gaming,2,35,Xi Lai Gaming
https://www.vlr.gg/642929/xi-lai-gaming-vs-nova-esports-vct-2026-china-stage-1-w2,Haven,Xi Lai Gaming,,13,Nova Esports,,8,Xi Lai Gaming
https://www.vlr.gg/642929/xi-lai-gaming-vs-nova-esports-vct-2026-china-stage-1-w2,Bind,Xi Lai Gaming,,13,Nova Esports,,11,Xi Lai Gaming
https://www.vlr.gg/642929/xi-lai-gaming-vs-nova-esports-vct-2026-china-stage-1-w2,AllMaps,Xi Lai Gaming,2,26,Nova Esports,0,19,Xi Lai Gaming
https://www.vlr.gg/642930/edward-gaming-vs-trace-esports-vct-2026-china-stage-1-w2,Lotus,EDward Gaming,,13,Trace Esports,,4,EDward Gaming
https://www.vlr.gg/642930/edward-gaming-vs-trace-esports-vct-2026-china-stage-1-w2,Haven,EDward Gaming,,14,Trace Esports,,12,EDward Gaming
https://www.vlr.gg/642930/edward-gaming-vs-trace-esports-vct-2026-china-stage-1-w2,AllMaps,EDward Gaming,2,27,Trace Esports,0,16,EDward Gaming
https://www.vlr.gg/642932/dragon-ranger-gaming-vs-wolves-esports-vct-2026-china-stage-1-w2,Breeze,Dragon Ranger Gaming,,13,Wolves Esports,,1,Dragon Ranger Gaming
https://www.vlr.gg/642932/dragon-ranger-gaming-vs-wolves-esports-vct-2026-china-stage-1-w2,Pearl,Dragon Ranger Gaming,,6,Wolves Esports,,13,Wolves Esports
https://www.vlr.gg/642932/dragon-ranger-gaming-vs-wolves-esports-vct-2026-china-stage-1-w2,Lotus,Dragon Ranger Gaming,,13,Wolves Esports,,9,Dragon Ranger Gaming
https://www.vlr.gg/642932/dragon-ranger-gaming-vs-wolves-esports-vct-2026-china-stage-1-w2,AllMaps,Dragon Ranger Gaming,2,32,Wolves Esports,1,23,Dragon Ranger Gaming
https://www.vlr.gg/642933/nova-esports-vs-trace-esports-vct-2026-china-stage-1-w2,Lotus,Nova Esports,,12,Trace Esports,,14,Trace Esports
https://www.vlr.gg/642933/nova-esports-vs-trace-esports-vct-2026-china-stage-1-w2,Split,Nova Esports,,10,Trace Esports,,13,Trace Esports
https://www.vlr.gg/642933/nova-esports-vs-trace-esports-vct-2026-china-stage-1-w2,AllMaps,Nova Esports,0,22,Trace Esports,2,27,Trace Esports
https://www.vlr.gg/642936/edward-gaming-vs-dragon-ranger-gaming-vct-2026-china-stage-1-w2,Breeze,EDward Gaming,,13,Dragon Ranger Gaming,,5,EDward Gaming
https://www.vlr.gg/642936/edward-gaming-vs-dragon-ranger-gaming-vct-2026-china-stage-1-w2,Lotus,EDward Gaming,,6,Dragon Ranger Gaming,,13,Dragon Ranger Gaming
https://www.vlr.gg/642936/edward-gaming-vs-dragon-ranger-gaming-vct-2026-china-stage-1-w2,Split,EDward Gaming,,13,Dragon Ranger Gaming,,9,EDward Gaming
https://www.vlr.gg/642936/edward-gaming-vs-dragon-ranger-gaming-vct-2026-china-stage-1-w2,AllMaps,EDward Gaming,2,32,Dragon Ranger Gaming,1,27,EDward Gaming
https://www.vlr.gg/642938/xi-lai-gaming-vs-wolves-esports-vct-2026-china-stage-1-w2,Fracture,Xi Lai Gaming,,10,Wolves Esports,,13,Wolves Esports
https://www.vlr.gg/642938/xi-lai-gaming-vs-wolves-esports-vct-2026-china-stage-1-w2,Bind,Xi Lai Gaming,,13,Wolves Esports,,10,Xi Lai Gaming
https://www.vlr.gg/642938/xi-lai-gaming-vs-wolves-esports-vct-2026-china-stage-1-w2,Lotus,Xi Lai Gaming,,13,Wolves Esports,,7,Xi Lai Gaming
https://www.vlr.gg/642938/xi-lai-gaming-vs-wolves-esports-vct-2026-china-stage-1-w2,AllMaps,Xi Lai Gaming,2,36,Wolves Esports,1,30,Xi Lai Gaming
https://www.vlr.gg/642940/trace-esports-vs-dragon-ranger-gaming-vct-2026-china-stage-1-w3,Lotus,Trace Esports,,13,Dragon Ranger Gaming,,5,Trace Esports
https://www.vlr.gg/642940/trace-esports-vs-dragon-ranger-gaming-vct-2026-china-stage-1-w3,Bind,Trace Esports,,11,Dragon Ranger Gaming,,13,Dragon Ranger Gaming
https://www.vlr.gg/642940/trace-esports-vs-dragon-ranger-gaming-vct-2026-china-stage-1-w3,Breeze,Trace Esports,,10,Dragon Ranger Gaming,,13,Dragon Ranger Gaming
https://www.vlr.gg/642940/trace-esports-vs-dragon-ranger-gaming-vct-2026-china-stage-1-w3,AllMaps,Trace Esports,1,34,Dragon Ranger Gaming,2,31,Dragon Ranger Gaming
https://www.vlr.gg/642943/nova-esports-vs-wolves-esports-vct-2026-china-stage-1-w3,Lotus,Nova Esports,,13,Wolves Esports,,10,Nova Esports
https://www.vlr.gg/642943/nova-esports-vs-wolves-esports-vct-2026-china-stage-1-w3,Fracture,Nova Esports,,13,Wolves Esports,,8,Nova Esports
https://www.vlr.gg/642943/nova-esports-vs-wolves-esports-vct-2026-china-stage-1-w3,AllMaps,Nova Esports,2,26,Wolves Esports,0,18,Nova Esports
https://www.vlr.gg/642944/edward-gaming-vs-xi-lai-gaming-vct-2026-china-stage-1-w3,Lotus,EDward Gaming,,13,Xi Lai Gaming,,8,EDward Gaming
https://www.vlr.gg/642944/edward-gaming-vs-xi-lai-gaming-vct-2026-china-stage-1-w3,Haven,EDward Gaming,,9,Xi Lai Gaming,,13,Xi Lai Gaming
https://www.vlr.gg/642944/edward-gaming-vs-xi-lai-gaming-vct-2026-china-stage-1-w3,Split,EDward Gaming,,5,Xi Lai Gaming,,13,Xi Lai Gaming
https://www.vlr.gg/642944/edward-gaming-vs-xi-lai-gaming-vct-2026-china-stage-1-w3,AllMaps,EDward Gaming,1,27,Xi Lai Gaming,2,34,Xi Lai Gaming
https://www.vlr.gg/659474/xi-lai-gaming-vs-titan-esports-club-vct-2026-china-stage-1-ubqf,Breeze,Xi Lai Gaming,,13,Wuxi Titan Esports Club(Titan Esports Club),,9,Xi Lai Gaming
https://www.vlr.gg/659474/xi-lai-gaming-vs-titan-esports-club-vct-2026-china-stage-1-ubqf,Lotus,Xi Lai Gaming,,13,Wuxi Titan Esports Club(Titan Esports Club),,7,Xi Lai Gaming
https://www.vlr.gg/659474/xi-lai-gaming-vs-titan-esports-club-vct-2026-china-stage-1-ubqf,AllMaps,Xi Lai Gaming,2,26,Wuxi Titan Esports Club(Titan Esports Club),0,16,Xi Lai Gaming
https://www.vlr.gg/659476/all-gamers-vs-trace-esports-vct-2026-china-stage-1-ubqf,Split,All Gamers,,13,Trace Esports,,6,All Gamers
https://www.vlr.gg/659476/all-gamers-vs-trace-esports-vct-2026-china-stage-1-ubqf,Lotus,All Gamers,,13,Trace Esports,,6,All Gamers
https://www.vlr.gg/659476/all-gamers-vs-trace-esports-vct-2026-china-stage-1-ubqf,AllMaps,All Gamers,2,26,Trace Esports,0,12,All Gamers
https://www.vlr.gg/659476/all-gamers-vs-trace-esports-vct-2026-china-stage-1-ubqf,Split,All Gamers,,13,Trace Esports,,6,All Gamers
https://www.vlr.gg/659476/all-gamers-vs-trace-esports-vct-2026-china-stage-1-ubqf,Lotus,All Gamers,,13,Trace Esports,,6,All Gamers
https://www.vlr.gg/659476/all-gamers-vs-trace-esports-vct-2026-china-stage-1-ubqf,AllMaps,All Gamers,2,26,Trace Esports,0,12,All Gamers
https://www.vlr.gg/659477/edward-gaming-vs-dragon-ranger-gaming-vct-2026-china-stage-1-ubqf,Lotus,EDward Gaming,,7,Dragon Ranger Gaming,,13,Dragon Ranger Gaming
https://www.vlr.gg/659477/edward-gaming-vs-dragon-ranger-gaming-vct-2026-china-stage-1-ubqf,Split,EDward Gaming,,13,Dragon Ranger Gaming,,7,EDward Gaming
https://www.vlr.gg/659477/edward-gaming-vs-dragon-ranger-gaming-vct-2026-china-stage-1-ubqf,Breeze,EDward Gaming,,13,Dragon Ranger Gaming,,7,EDward Gaming
https://www.vlr.gg/659477/edward-gaming-vs-dragon-ranger-gaming-vct-2026-china-stage-1-ubqf,AllMaps,EDward Gaming,2,33,Dragon Ranger Gaming,1,27,EDward Gaming
https://www.vlr.gg/659478/xi-lai-gaming-vs-jdg-esports-vct-2026-china-stage-1-ubsf,Lotus,Xi Lai Gaming,,13,JD Mall JDG Esports(JDG Esports),,0,Xi Lai Gaming
https://www.vlr.gg/659478/xi-lai-gaming-vs-jdg-esports-vct-2026-china-stage-1-ubsf,Pearl,Xi Lai Gaming,,13,JD Mall JDG Esports(JDG Esports),,5,Xi Lai Gaming
https://www.vlr.gg/659478/xi-lai-gaming-vs-jdg-esports-vct-2026-china-stage-1-ubsf,AllMaps,Xi Lai Gaming,2,26,JD Mall JDG Esports(JDG Esports),0,5,Xi Lai Gaming
https://www.vlr.gg/659479/all-gamers-vs-edward-gaming-vct-2026-china-stage-1-ubsf,Fracture,All Gamers,,7,EDward Gaming,,13,EDward Gaming
https://www.vlr.gg/659479/all-gamers-vs-edward-gaming-vct-2026-china-stage-1-ubsf,Lotus,All Gamers,,6,EDward Gaming,,13,EDward Gaming
https://www.vlr.gg/659479/all-gamers-vs-edward-gaming-vct-2026-china-stage-1-ubsf,AllMaps,All Gamers,0,13,EDward Gaming,2,26,EDward Gaming
https://www.vlr.gg/659482/titan-esports-club-vs-tyloo-vct-2026-china-stage-1-lr1,Pearl,Wuxi Titan Esports Club(Titan Esports Club),,13,TYLOO,,8,Wuxi Titan Esports Club(Titan Esports Club)
https://www.vlr.gg/659482/titan-esports-club-vs-tyloo-vct-2026-china-stage-1-lr1,Fracture,Wuxi Titan Esports Club(Titan Esports Club),,9,TYLOO,,13,TYLOO
https://www.vlr.gg/659482/titan-esports-club-vs-tyloo-vct-2026-china-stage-1-lr1,Split,Wuxi Titan Esports Club(Titan Esports Club),,11,TYLOO,,13,TYLOO
https://www.vlr.gg/659482/titan-esports-club-vs-tyloo-vct-2026-china-stage-1-lr1,AllMaps,Wuxi Titan Esports Club(Titan Esports Club),1,33,TYLOO,2,34,TYLOO
https://www.vlr.gg/659483/trace-esports-vs-dragon-ranger-gaming-vct-2026-china-stage-1-lr1,Ascent,Trace Esports,,7,Dragon Ranger Gaming,,13,Dragon Ranger Gaming
https://www.vlr.gg/659483/trace-esports-vs-dragon-ranger-gaming-vct-2026-china-stage-1-lr1,Lotus,Trace Esports,,6,Dragon Ranger Gaming,,13,Dragon Ranger Gaming
https://www.vlr.gg/659483/trace-esports-vs-dragon-ranger-gaming-vct-2026-china-stage-1-lr1,AllMaps,Trace Esports,0,13,Dragon Ranger Gaming,2,26,Dragon Ranger Gaming
https://www.vlr.gg/659485/jdg-esports-vs-dragon-ranger-gaming-vct-2026-china-stage-1-lr2,Haven,JD Mall JDG Esports(JDG Esports),,9,Dragon Ranger Gaming,,13,Dragon Ranger Gaming
https://www.vlr.gg/659485/jdg-esports-vs-dragon-ranger-gaming-vct-2026-china-stage-1-lr2,Lotus,JD Mall JDG Esports(JDG Esports),,4,Dragon Ranger Gaming,,13,Dragon Ranger Gaming
https://www.vlr.gg/659485/jdg-esports-vs-dragon-ranger-gaming-vct-2026-china-stage-1-lr2,AllMaps,JD Mall JDG Esports(JDG Esports),0,13,Dragon Ranger Gaming,2,26,Dragon Ranger Gaming
https://www.vlr.gg/659484/all-gamers-vs-tyloo-vct-2026-china-stage-1-lr2,Fracture,All Gamers,,13,TYLOO,,4,All Gamers
https://www.vlr.gg/659484/all-gamers-vs-tyloo-vct-2026-china-stage-1-lr2,Haven,All Gamers,,10,TYLOO,,13,TYLOO
https://www.vlr.gg/659484/all-gamers-vs-tyloo-vct-2026-china-stage-1-lr2,Split,All Gamers,,13,TYLOO,,10,All Gamers
https://www.vlr.gg/659484/all-gamers-vs-tyloo-vct-2026-china-stage-1-lr2,AllMaps,All Gamers,2,36,TYLOO,1,27,All Gamers
https://www.vlr.gg/659486/all-gamers-vs-dragon-ranger-gaming-vct-2026-china-stage-1-lr3,Lotus,All Gamers,,8,Dragon Ranger Gaming,,13,Dragon Ranger Gaming
https://www.vlr.gg/659486/all-gamers-vs-dragon-ranger-gaming-vct-2026-china-stage-1-lr3,Split,All Gamers,,13,Dragon Ranger Gaming,,8,All Gamers
https://www.vlr.gg/659486/all-gamers-vs-dragon-ranger-gaming-vct-2026-china-stage-1-lr3,Haven,All Gamers,,6,Dragon Ranger Gaming,,13,Dragon Ranger Gaming
https://www.vlr.gg/659486/all-gamers-vs-dragon-ranger-gaming-vct-2026-china-stage-1-lr3,AllMaps,All Gamers,1,27,Dragon Ranger Gaming,2,34,Dragon Ranger Gaming
https://www.vlr.gg/659480/xi-lai-gaming-vs-edward-gaming-vct-2026-china-stage-1-ubf,Split,Xi Lai Gaming,,9,EDward Gaming,,13,EDward Gaming
https://www.vlr.gg/659480/xi-lai-gaming-vs-edward-gaming-vct-2026-china-stage-1-ubf,Breeze,Xi Lai Gaming,,8,EDward Gaming,,13,EDward Gaming
https://www.vlr.gg/659480/xi-lai-gaming-vs-edward-gaming-vct-2026-china-stage-1-ubf,AllMaps,Xi Lai Gaming,0,17,EDward Gaming,2,26,EDward Gaming
https://www.vlr.gg/659487/xi-lai-gaming-vs-dragon-ranger-gaming-vct-2026-china-stage-1-lbf,Lotus,Xi Lai Gaming,,13,Dragon Ranger Gaming,,2,Xi Lai Gaming
https://www.vlr.gg/659487/xi-lai-gaming-vs-dragon-ranger-gaming-vct-2026-china-stage-1-lbf,Breeze,Xi Lai Gaming,,13,Dragon Ranger Gaming,,6,Xi Lai Gaming
https://www.vlr.gg/659487/xi-lai-gaming-vs-dragon-ranger-gaming-vct-2026-china-stage-1-lbf,Haven,Xi Lai Gaming,,10,Dragon Ranger Gaming,,13,Dragon Ranger Gaming
https://www.vlr.gg/659487/xi-lai-gaming-vs-dragon-ranger-gaming-vct-2026-china-stage-1-lbf,Split,Xi Lai Gaming,,13,Dragon Ranger Gaming,,11,Xi Lai Gaming
https://www.vlr.gg/659487/xi-lai-gaming-vs-dragon-ranger-gaming-vct-2026-china-stage-1-lbf,AllMaps,Xi Lai Gaming,3,49,Dragon Ranger Gaming,1,32,Xi Lai Gaming
https://www.vlr.gg/659481/edward-gaming-vs-xi-lai-gaming-vct-2026-china-stage-1-gf,Fracture,EDward Gaming,,6,Xi Lai Gaming,,13,Xi Lai Gaming
https://www.vlr.gg/659481/edward-gaming-vs-xi-lai-gaming-vct-2026-china-stage-1-gf,Split,EDward Gaming,,15,Xi Lai Gaming,,13,EDward Gaming
https://www.vlr.gg/659481/edward-gaming-vs-xi-lai-gaming-vct-2026-china-stage-1-gf,Breeze,EDward Gaming,,13,Xi Lai Gaming,,5,EDward Gaming
https://www.vlr.gg/659481/edward-gaming-vs-xi-lai-gaming-vct-2026-china-stage-1-gf,Haven,EDward Gaming,,9,Xi Lai Gaming,,13,Xi Lai Gaming
https://www.vlr.gg/659481/edward-gaming-vs-xi-lai-gaming-vct-2026-china-stage-1-gf,Pearl,EDward Gaming,,13,Xi Lai Gaming,,4,EDward Gaming
https://www.vlr.gg/659481/edward-gaming-vs-xi-lai-gaming-vct-2026-china-stage-1-gf,AllMaps,EDward Gaming,3,56,Xi Lai Gaming,2,48,EDward Gaming
